timestamp,x,y,theta,x_estimate,y_estimate,theta_estimate,status,x_min,x_max,y_min,y_max,dist_to_wall,decision_v,decision_w
1779199824.5108633,0.0,0.0,0.0,0.0,0.0,0.0,ESTIMA,0.0,450.0,0,140.0,0.0,450.0,140.0,0.0,30.0,0.0
1779199824.6113827,0.0,0.0,0.0,0.0,0.0,0.0,ESTIMA,0.0,450.0,0,140.0,0.0,450.0,140.0,0.0,30.0,0.0
1779199824.7119474,1.0489477404212684,0.0,0.02038426469478994,1.0489477404212684,0.0,0.02038426469478994,ESTIMA,0.0,450.0,0,140.0,1.049,448.951,140.0,0.0,30.0,0.0
1779199824.8125317,3.7386708103199275,0.05483562229011658,0.053963866994590194,3.7386708103199275,0.05483562229011658,0.053963866994590194,ESTIMA,0.0,450.0,0,140.0,3.739,446.261,139.945,0.055,30.0,0.0
1779199824.9130228,220.57,57.04,-1.43,220.57,57.04,-1.43,VISION,0.0,450.0,0,140.0,220.57,229.43,82.96,57.04,30.0,0.0
1779199825.013555,220.57,57.04,-1.43,221.06098826206147,53.575850107280736,-1.4118431449439321,VISION,0.0,450.0,0,140.0,220.57,229.43,82.96,57.04,30.0,0.0
1779199825.1141725,220.57,57.04,-1.43,221.59490978281858,50.24520132949896,-1.384476525190719,VISION,0.0,450.0,0,140.0,220.57,229.43,82.96,57.04,30.0,0.0
1779199825.214855,220.57,57.04,-1.43,222.50927621499577,45.3946106179575,-1.3453841817331367,VISION,0.0,450.0,0,140.0,220.57,229.43,82.96,57.04,30.0,0.0
1779199825.3154595,220.57,57.04,-1.43,223.0300407033135,43.123595713321656,-1.326167212880414,VISION,0.0,450.0,0,140.0,220.57,229.43,82.96,57.04,30.0,0.0
1779199825.4161716,223.90055309339033,39.63636603232949,-1.3025365551548993,223.90055309339033,39.63636603232949,-1.3025365551548993,ESTIMA,0.0,450.0,0,140.0,223.901,226.099,100.364,39.636,30.0,0.0
1779199825.5167491,227.07,58.42,-1.349,227.9913113618179,54.334476803078815,-1.3227029833038344,VISION,0.0,450.0,0,140.0,227.07,222.93,81.58,58.42,30.0,0.0
1779199825.617345,227.07,58.42,-1.349,228.74455168058415,51.360908616006995,-1.304443245457415,VISION,0.0,450.0,0,140.0,227.07,222.93,81.58,58.42,30.0,0.0
1779199825.7179444,227.07,58.42,-1.349,228.74455168058415,51.360908616006995,-1.304443245457415,VISION,0.0,450.0,0,140.0,227.07,222.93,81.58,58.42,30.0,0.0
1779199825.8184297,227.07,58.42,-1.349,230.6658245377801,44.624789758885015,-1.2533597422056961,VISION,0.0,450.0,0,140.0,227.07,222.93,81.58,58.42,30.0,0.0
1779199825.9191208,227.07,58.42,-1.349,230.6658245377801,44.624789758885015,-1.2533597422056961,VISION,0.0,450.0,0,140.0,227.07,222.93,81.58,58.42,30.0,0.0
1779199826.0196948,232.87220852753111,38.09208299840012,-1.21307985961227,232.87220852753111,38.09208299840012,-1.21307985961227,ESTIMA,0.0,450.0,0,140.0,232.872,217.128,101.908,38.092,30.0,0.0
1779199826.1203141,243.95,63.47,-1.209,245.20283628597176,60.15960364233139,-1.188789029370941,VISION,0.0,450.0,0,140.0,243.95,206.05,76.53,63.47,30.0,0.0
1779199826.2209709,243.95,63.47,-1.209,245.20283628597176,60.15960364233139,-1.188789029370941,VISION,0.0,450.0,0,140.0,243.95,206.05,76.53,63.47,30.0,0.0
1779199826.3216283,243.95,63.47,-1.209,247.97570914589357,53.40523199768733,-1.1556682160470755,VISION,0.0,450.0,0,140.0,243.95,206.05,76.53,63.47,30.0,0.0
1779199826.4223235,243.95,63.47,-1.209,247.97570914589357,53.40523199768733,-1.1556682160470755,VISION,0.0,450.0,0,140.0,243.95,206.05,76.53,63.47,30.0,0.0
1779199826.5229435,243.95,63.47,-1.209,249.65963185403774,49.584575434650944,-1.134332571465517,VISION,0.0,450.0,0,140.0,243.95,206.05,76.53,63.47,30.0,0.0
1779199826.623428,260.07,70.76,-1.078,260.07,70.76,-1.078,VISION,0.0,450.0,0,140.0,260.07,189.93,69.24,70.76,30.0,0.0
1779199826.723901,260.07,70.76,-1.078,262.33122226414343,66.54904339607745,-1.057311329531585,VISION,0.0,450.0,0,140.0,260.07,189.93,69.24,70.76,30.0,0.0
1779199826.8243682,260.07,70.76,-1.078,264.98389763475325,61.91177911000151,-1.0365833870399246,VISION,0.0,450.0,0,140.0,260.07,189.93,69.24,70.76,30.0,0.0
1779199826.924699,260.07,70.76,-1.078,264.98389763475325,61.91177911000151,-1.0365833870399246,VISION,0.0,450.0,0,140.0,260.07,189.93,69.24,70.76,30.0,0.0
1779199827.0249984,260.07,70.76,-1.078,268.5508358087078,55.96200364237646,-1.0117676196219885,VISION,0.0,450.0,0,140.0,260.07,189.93,69.24,70.76,30.0,0.0
1779199827.1253054,260.07,70.76,-1.078,270.3943114534754,53.01525867743864,-1.001997430357938,VISION,0.0,450.0,0,140.0,260.07,189.93,69.24,70.76,30.0,0.0
1779199827.2256055,275.28,79.57,-0.986,275.28,79.57,-0.986,VISION,0.0,450.0,0,140.0,275.28,174.72,60.43,79.57,30.0,0.0
1779199827.325961,275.28,79.57,-0.986,279.24160620929024,73.65056956850333,-0.9589086789245558,VISION,0.0,450.0,0,140.0,275.28,174.72,60.43,79.57,30.0,0.0
1779199827.4262834,275.28,79.57,-0.986,279.24160620929024,73.65056956850333,-0.9589086789245558,VISION,0.0,450.0,0,140.0,275.28,174.72,60.43,79.57,30.0,0.0
1779199827.526589,275.28,79.57,-0.986,283.3110685545728,67.89497240147878,-0.9434060416935676,VISION,0.0,450.0,0,140.0,275.28,174.72,60.43,79.57,30.0,0.0
1779199827.6269171,275.28,79.57,-0.986,285.3749804190151,65.04868913727546,-0.9340919169032984,VISION,0.0,450.0,0,140.0,275.28,174.72,60.43,79.57,30.0,0.0
1779199827.7272525,285.3749804190151,65.04868913727546,-0.9340919169032984,285.3749804190151,65.04868913727546,-0.9340919169032984,ESTIMA,0.0,450.0,0,140.0,285.375,164.625,74.951,65.049,30.0,0.0
1779199827.827574,289.79,89.49,-0.917,289.79,89.49,-0.917,VISION,0.0,450.0,0,140.0,289.79,160.21,50.51,89.49,30.0,0.0
1779199827.9278777,289.79,89.49,-0.917,291.87707252723953,86.76611621378075,-0.9029090104795339,VISION,0.0,450.0,0,140.0,289.79,160.21,50.51,89.49,0.0,0.0
1779199828.0281348,289.79,89.49,-0.917,294.163070518305,83.8681235185677,-0.8924878632255798,VISION,0.0,450.0,0,140.0,289.79,160.21,50.51,89.49,0.0,0.0
1779199828.1284559,289.79,89.49,-0.917,295.93359240691365,81.67108507771846,-0.8930515938153084,VISION,0.0,450.0,0,140.0,289.79,160.21,50.51,89.49,0.0,0.0
1779199828.228807,289.79,89.49,-0.917,297.2365830890561,80.05233863595583,-0.9063299332191006,VISION,0.0,450.0,0,140.0,289.79,160.21,50.51,89.49,0.0,0.0
1779199828.3291302,297.75020455629743,79.39661247820226,-0.9187149858917875,297.75020455629743,79.39661247820226,-0.9187149858917875,ESTIMA,0.0,450.0,0,140.0,297.75,152.25,60.603,79.397,0.0,0.0
1779199828.4294817,303.56,99.96,-0.859,303.56,99.96,-0.859,VISION,0.0,450.0,0,140.0,303.56,146.44,40.04,99.96,-20.0,0.0
1779199828.5297828,303.56,99.96,-0.859,303.5628839591568,99.95665688752145,-0.8596089873306121,VISION,0.0,450.0,0,140.0,303.56,146.44,40.04,99.96,-20.0,0.0
1779199828.6300585,303.56,99.96,-0.859,307.0935896401579,95.85878675612189,-0.8596089873306121,VISION,0.0,450.0,0,140.0,303.56,146.44,40.04,99.96,-20.0,0.0
1779199828.7303221,303.56,99.96,-0.859,313.1717456023268,88.80424978200135,-0.8596089873306121,VISION,0.0,450.0,0,140.0,303.56,146.44,40.04,99.96,-20.0,0.0
1779199828.830606,303.56,99.96,-0.859,315.9009599982428,85.63662065465967,-0.8596089873306121,VISION,0.0,450.0,0,140.0,303.56,146.44,40.04,99.96,-20.0,0.0
1779199828.9309025,319.5580681882775,81.39204300552794,-0.6020109900598307,319.5580681882775,81.39204300552794,-0.6020109900598307,ESTIMA,0.0,450.0,0,140.0,319.558,130.442,58.608,81.392,0.0,0.0
1779199829.0311708,310.78,105.77,-0.885,316.1335722653356,99.22763698736607,-0.7554430053974021,VISION,0.0,450.0,0,140.0,310.78,139.22,34.23,105.77,0.0,0.0
1779199829.1314194,310.78,105.77,-0.885,316.8566093243055,98.54666968485516,-0.6184462345955426,VISION,0.0,450.0,0,140.0,310.78,139.22,34.23,105.77,0.0,0.0
1779199829.231728,310.78,105.77,-0.885,316.8566093243055,98.54666968485516,-0.6184462345955435,VISION,0.0,450.0,0,140.0,310.78,139.22,34.23,105.77,0.0,0.0
1779199829.7331896,309.22,103.62,-1.115,312.91380690640347,98.89786422158934,-0.26363817001390527,VISION,0.0,450.0,0,140.0,309.22,140.78,36.38,103.62,30.0,0.0
1779199829.8335679,309.22,103.62,-1.115,312.91380690640347,98.89786422158934,-0.26363817001390577,VISION,0.0,450.0,0,140.0,309.22,140.78,36.38,103.62,30.0,0.0
1779199829.9339454,309.22,103.62,-1.115,312.91380690640347,98.89786422158934,-0.26363817001390577,VISION,0.0,450.0,0,140.0,309.22,140.78,36.38,103.62,30.0,0.0
1779199830.034224,309.22,103.62,-1.115,316.00024126765175,98.11708276533405,-0.2026595808288368,VISION,0.0,450.0,0,140.0,309.22,140.78,36.38,103.62,30.0,0.0
1779199830.134586,319.45185384484563,97.407844024633,-0.17565090213822385,319.45185384484563,97.407844024633,-0.17565090213822385,ESTIMA,0.0,450.0,0,140.0,319.452,130.548,42.592,97.408,30.0,0.0
1779199830.2349503,308.9,103.26,-1.18,310.0737559123494,100.41098175745972,-1.1640496021113473,VISION,0.0,450.0,0,140.0,308.9,141.1,36.74,103.26,0.0,0.0
1779199830.3352454,308.9,103.26,-1.18,311.332409159587,97.48910535703146,-1.1440042093511313,VISION,0.0,450.0,0,140.0,308.9,141.1,36.74,103.26,0.0,0.0
1779199830.435548,308.9,103.26,-1.18,311.332409159587,97.48910535703146,-1.1440042093511313,VISION,0.0,450.0,0,140.0,308.9,141.1,36.74,103.26,0.0,0.0
1779199830.535844,308.9,103.26,-1.18,313.6002545894885,92.57824116340919,-1.1258460868934759,VISION,0.0,450.0,0,140.0,308.9,141.1,36.74,103.26,0.0,0.0
1779199830.636133,308.9,103.26,-1.18,313.9994250068401,91.74112877530786,-1.1341036988168738,VISION,0.0,450.0,0,140.0,308.9,141.1,36.74,103.26,0.0,0.0
1779199830.7363646,314.48,105.97,-1.094,314.48,105.97,-1.094,VISION,0.0,450.0,0,140.0,314.48,135.52,34.03,105.97,-20.0,0.0
1779199830.8366077,314.48,105.97,-1.094,316.0631909818584,102.34617583773611,-1.2487348708127979,VISION,0.0,450.0,0,140.0,314.48,135.52,34.03,105.97,-20.0,0.0
1779199830.93688,314.48,105.97,-1.094,316.0631909818584,102.34617583773611,-1.2487348708127979,VISION,0.0,450.0,0,140.0,314.48,135.52,34.03,105.97,-20.0,0.0
1779199831.0371447,314.48,105.97,-1.094,320.26542616788464,89.75252292163472,-1.2487348708127979,VISION,0.0,450.0,0,140.0,314.48,135.52,34.03,105.97,-20.0,0.0
1779199831.1374164,314.48,105.97,-1.094,322.07392470900646,84.33264470970117,-1.1102742469969298,VISION,0.0,450.0,0,140.0,314.48,135.52,34.03,105.97,-20.0,0.0
1779199831.2377067,324.58796866587375,79.26502093724145,-0.972579412978354,324.58796866587375,79.26502093724145,-0.972579412978354,ESTIMA,0.0,450.0,0,140.0,324.588,125.412,60.735,79.265,0.0,0.0
1779199831.3379724,323.55,110.19,-1.061,323.55,110.19,-1.061,VISION,0.0,450.0,0,140.0,323.55,126.45,29.81,110.19,0.0,0.0
1779199831.4382918,323.55,110.19,-1.061,326.0579635976896,105.70421496624351,-0.7883594099899818,VISION,0.0,450.0,0,140.0,323.55,126.45,29.81,110.19,0.0,0.0
1779199831.5385885,323.55,110.19,-1.061,326.78445037324286,104.97341278612201,-0.8350639703833894,VISION,0.0,450.0,0,140.0,323.55,126.45,29.81,110.19,0.0,0.0
1779199832.2404487,322.16,109.04,-1.227,327.75643816868245,101.29835714787865,-0.09465372506503494,VISION,0.0,450.0,0,140.0,322.16,127.84,30.96,109.04,30.0,0.0
1779199832.34085,322.16,109.04,-1.227,328.2294662452662,101.25344908283911,-0.02983347491560405,VISION,0.0,450.0,0,140.0,322.16,127.84,30.96,109.04,30.0,0.0
1779199832.4411461,329.4149759827487,101.2180707111901,-0.0034584103316660404,329.4149759827487,101.2180707111901,-0.0034584103316660404,ESTIMA,0.0,450.0,0,140.0,329.415,120.585,38.782,101.218,30.0,0.0
1779199832.541483,321.87,108.84,-1.258,321.87,108.84,-1.258,VISION,0.0,450.0,0,140.0,321.87,128.13,31.16,108.84,0.0,0.0
1779199832.641824,321.87,108.84,-1.258,322.8211115350587,105.89914739596085,-1.2272516126280588,VISION,0.0,450.0,0,140.0,321.87,128.13,31.16,108.84,0.0,0.0
1779199832.7420795,321.87,108.84,-1.258,324.0709804886657,102.40525989498866,-1.2028188674115134,VISION,0.0,450.0,0,140.0,321.87,128.13,31.16,108.84,0.0,0.0
1779199832.8423967,321.87,108.84,-1.258,324.45178964751364,101.41752590800698,-1.208331407378921,VISION,0.0,450.0,0,140.0,321.87,128.13,31.16,108.84,0.0,0.0
1779199832.9426808,321.87,108.84,-1.258,324.6656221409302,100.85365082504829,-1.219947044265432,VISION,0.0,450.0,0,140.0,321.87,128.13,31.16,108.84,0.0,0.0
1779199833.0430274,325.16887787579236,99.47860224271976,-1.3204475785909622,325.16887787579236,99.47860224271976,-1.3204475785909622,ESTIMA,0.0,450.0,0,140.0,325.169,124.831,40.521,99.479,-20.0,0.0
1779199833.1433978,324.79,109.5,-1.222,324.79,109.5,-1.2220000000000009,VISION,0.0,450.0,0,140.0,324.79,125.21,30.5,109.5,-20.0,0.0
1779199833.2437494,324.79,109.5,-1.222,326.88612975532624,103.73609764500654,-1.2220000000000009,VISION,0.0,450.0,0,140.0,324.79,125.21,30.5,109.5,-20.0,0.0
1779199833.3439915,324.79,109.5,-1.222,328.4317184132707,99.48606394230248,-1.2220000000000009,VISION,0.0,450.0,0,140.0,324.79,125.21,30.5,109.5,-20.0,0.0
1779199833.4442973,324.79,109.5,-1.222,330.6629475520336,93.35066757441683,-1.2220000000000009,VISION,0.0,450.0,0,140.0,324.79,125.21,30.5,109.5,-20.0,0.0
1779199833.5446544,324.79,109.5,-1.222,333.01842715622695,86.87360936594906,-1.2220000000000009,VISION,0.0,450.0,0,140.0,324.79,125.21,30.5,109.5,0.0,0.0
1779199833.6452656,331.63,111.72,-1.214,331.63,111.72,-1.214,VISION,0.0,450.0,0,140.0,331.63,118.37,28.28,111.72,0.0,0.0
1779199833.7456272,331.63,111.72,-1.214,332.1455819574153,110.33681447807152,-1.3138918636538692,VISION,0.0,450.0,0,140.0,331.63,118.37,28.28,111.72,0.0,0.0
1779199833.8461154,331.63,111.72,-1.214,332.1455819574153,110.33681447807152,-1.31389186365387,VISION,0.0,450.0,0,140.0,331.63,118.37,28.28,111.72,0.0,0.0
1779199834.2477126,329.51,110.19,-1.447,329.51,110.19,-1.447,VISION,0.0,450.0,0,140.0,329.51,120.49,29.81,110.19,30.0,0.0
1779199834.348136,329.51,110.19,-1.447,329.96313451862466,107.6289577458144,-1.1420897262620138,VISION,0.0,450.0,0,140.0,329.51,120.49,29.81,110.19,30.0,0.0
1779199834.4485672,329.51,110.19,-1.447,329.96313451862466,107.6289577458144,-1.1420897262620138,VISION,0.0,450.0,0,140.0,329.51,120.49,29.81,110.19,30.0,0.0
1779199834.549007,329.51,110.19,-1.447,332.2663653449985,102.84356430594698,-1.082157329109907,VISION,0.0,450.0,0,140.0,329.51,120.49,29.81,110.19,30.0,0.0
1779199834.649445,329.51,110.19,-1.447,332.2663653449985,102.84356430594698,-1.082157329109907,VISION,0.0,450.0,0,140.0,329.51,120.49,29.81,110.19,30.0,0.0
1779199834.7499018,334.3878302643164,98.85315703475594,-1.065098259642881,334.3878302643164,98.85315703475594,-1.065098259642881,ESTIMA,0.0,450.0,0,140.0,334.388,115.612,41.147,98.853,30.0,0.0
1779199834.8502572,328.99,109.97,-1.534,328.99,109.97,-1.534,VISION,0.0,450.0,0,140.0,328.99,121.01,30.03,109.97,30.0,0.0
1779199834.9507477,328.99,109.97,-1.534,329.1618189315581,105.30264883636147,-1.500077088393164,VISION,0.0,450.0,0,140.0,328.99,121.01,30.03,109.97,30.0,0.0
1779199835.0510218,328.99,109.97,-1.534,329.31490398701516,103.14157116861611,-1.478192703748735,VISION,0.0,450.0,0,140.0,328.99,121.01,30.03,109.97,30.0,0.0
1779199835.151376,328.99,109.97,-1.534,329.63939566048066,99.64750063308054,-1.4535467070375807,VISION,0.0,450.0,0,140.0,328.99,121.01,30.03,109.97,30.0,0.0
1779199835.2518525,328.99,109.97,-1.534,330.2107267184992,94.79707521547161,-1.4178214924335804,VISION,0.0,450.0,0,140.0,328.99,121.01,30.03,109.97,30.0,0.0
1779199835.3523355,330.5750252819449,92.4342523686782,-1.4050889774130977,330.5750252819449,92.4342523686782,-1.4050889774130977,ESTIMA,0.0,450.0,0,140.0,330.575,119.425,47.566,92.434,30.0,0.0
1779199835.4527125,341.98,110.82,-1.379,341.98,110.82,-1.379,VISION,0.0,450.0,0,140.0,341.98,108.02,29.18,110.82,30.0,0.0
1779199835.5531664,341.98,110.82,-1.379,342.6434820496055,107.40321689843377,-1.355291826577491,VISION,0.0,450.0,0,140.0,341.98,108.02,29.18,110.82,30.0,0.0
1779199835.6535552,341.98,110.82,-1.379,343.4033727657841,103.93187189798665,-1.3258258996523489,VISION,0.0,450.0,0,140.0,341.98,108.02,29.18,110.82,30.0,0.0
1779199835.7538764,341.98,110.82,-1.379,344.23604413068284,100.60106985078974,-1.3083764841320187,VISION,0.0,450.0,0,140.0,341.98,108.02,29.18,110.82,30.0,0.0
1779199835.854436,341.98,110.82,-1.379,345.48265383660845,95.96017886125716,-1.2812636870430183,VISION,0.0,450.0,0,140.0,341.98,108.02,29.18,110.82,30.0,0.0
1779199835.9549506,346.4421668407636,92.73929765550544,-1.2650334151024998,346.4421668407636,92.73929765550544,-1.2650334151024998,ESTIMA,0.0,450.0,0,140.0,346.442,103.558,47.261,92.739,30.0,0.0
1779199836.055439,347.5051992694858,89.37166841610316,-1.2462124040724352,347.5051992694858,89.37166841610316,-1.2462124040724352,ESTIMA,0.0,450.0,0,140.0,347.505,102.495,50.628,89.372,30.0,0.0
1779199836.1558514,348.2137010591295,87.266068368414,-1.2353836691477786,348.2137010591295,87.266068368414,-1.2353836691477786,ESTIMA,0.0,450.0,0,140.0,348.214,101.786,52.734,87.266,30.0,0.0
1779199836.2560997,349.3869801780099,83.90022360929198,-1.212506814551378,349.3869801780099,83.90022360929198,-1.212506814551378,ESTIMA,0.0,450.0,0,140.0,349.387,100.613,56.1,83.9,30.0,0.0
1779199836.3563595,350.5639501302676,80.75703777679288,-1.1985026221851098,350.5639501302676,80.75703777679288,-1.1985026221851098,ESTIMA,0.0,450.0,0,140.0,350.564,99.436,59.243,80.757,30.0,0.0
1779199836.456776,352.34501340899345,76.19610626423193,-1.1742552202359962,352.34501340899345,76.19610626423193,-1.1742552202359962,ESTIMA,0.0,450.0,0,140.0,352.345,97.655,63.804,76.196,30.0,0.0
1779199836.5571163,353.2622946842358,74.00543718589849,-1.1646409823916308,353.2622946842358,74.00543718589849,-1.1646409823916308,ESTIMA,0.0,450.0,0,140.0,353.262,96.738,65.995,74.005,30.0,0.0
1779199836.6575754,354.7641434010919,70.51331701869817,-1.1475868354506766,354.7641434010919,70.51331701869817,-1.1475868354506766,ESTIMA,0.0,450.0,0,140.0,354.764,95.236,69.487,70.513,30.0,0.0
1779199836.7581213,356.3777284180117,66.93097683936784,-1.1335181926909168,356.3777284180117,66.93097683936784,-1.1335181926909168,ESTIMA,0.0,450.0,0,140.0,356.378,93.622,73.069,66.931,30.0,0.0
1779199836.8585207,357.74641316623956,64.0030562175564,-1.1181712589768784,357.74641316623956,64.0030562175564,-1.1181712589768784,ESTIMA,0.0,450.0,0,140.0,357.746,92.254,75.997,64.003,30.0,0.0
1779199836.9589398,357.74641316623956,64.0030562175564,-1.1181712589768784,357.74641316623956,64.0030562175564,-1.1181712589768784,ESTIMA,0.0,450.0,0,140.0,357.746,92.254,75.997,64.003,30.0,0.0
1779199837.0593164,360.89784449117565,57.58975558150952,-1.096224223218075,360.89784449117565,57.58975558150952,-1.096224223218075,ESTIMA,0.0,450.0,0,140.0,360.898,89.102,82.41,57.59,30.0,0.0
1779199837.1596348,360.89784449117565,57.58975558150952,-1.096224223218075,360.89784449117565,57.58975558150952,-1.096224223218075,ESTIMA,0.0,450.0,0,140.0,360.898,89.102,82.41,57.59,30.0,0.0
1779199837.2599304,391.19,125.43,-1.019,394.9202783172575,119.42592019179675,-0.9936239933223903,VISION,0.0,450.0,0,140.0,391.19,58.81,14.57,125.43,30.0,0.0
1779199837.360351,391.19,125.43,-1.019,396.7140385365369,116.67109723078964,-0.9937097443236045,VISION,0.0,450.0,0,140.0,391.19,58.81,14.57,125.43,0.0,0.0
1779199837.460866,391.19,125.43,-1.019,396.7140385365369,116.67109723078964,-0.9937097443236045,VISION,0.0,450.0,0,140.0,391.19,58.81,14.57,125.43,0.0,0.0
1779199837.5612028,391.19,125.43,-1.019,399.86872752427263,111.9275436408158,-1.007201394293313,VISION,0.0,450.0,0,140.0,391.19,58.81,14.57,125.43,0.0,0.0
1779199837.6616642,391.19,125.43,-1.019,399.86872752427263,111.9275436408158,-1.007201394293313,VISION,0.0,450.0,0,140.0,391.19,58.81,14.57,125.43,0.0,0.0
1779199837.762109,400.9093225558065,110.2809513490141,-1.0588970458725984,400.9093225558065,110.2809513490141,-1.0588970458725984,ESTIMA,0.0,450.0,0,140.0,400.909,49.091,29.719,110.281,0.0,0.0
1779199837.8625338,402.62649507962027,107.22469515930474,-1.5424310709046167,402.62649507962027,107.22469515930474,-1.5424310709046167,ESTIMA,0.0,450.0,0,140.0,402.626,47.374,32.775,107.225,-20.0,0.0
1779199837.9631176,402.7036623673352,104.50493860389426,-1.91772087279818,402.7036623673352,104.50493860389426,-1.91772087279818,ESTIMA,0.0,450.0,0,140.0,402.704,47.296,35.495,104.505,-20.0,0.0
1779199838.0634952,400.87432998592885,99.44520463093319,-1.91772087279818,400.87432998592885,99.44520463093319,-1.91772087279818,ESTIMA,0.0,450.0,0,140.0,400.874,49.126,40.555,99.445,-20.0,0.0
1779199838.1639645,398.61035643933496,93.1833005701853,-1.91772087279818,398.61035643933496,93.1833005701853,-1.91772087279818,ESTIMA,0.0,450.0,0,140.0,398.61,51.39,46.817,93.183,-20.0,0.0
1779199838.2643855,396.3492696234453,86.9293808919167,-1.91772087279818,396.3492696234453,86.9293808919167,-1.91772087279818,ESTIMA,0.0,450.0,0,140.0,396.349,53.651,53.071,86.929,-20.0,0.0
1779199838.3648388,396.01993927293137,86.01848903882355,-1.9978807227542978,396.01993927293137,86.01848903882355,-1.9978807227542978,ESTIMA,0.0,450.0,0,140.0,396.02,53.98,53.982,86.018,0.0,0.0
1779199838.4651792,394.3500924541026,82.34927723663567,-1.7198589727974434,394.3500924541026,82.34927723663567,-1.7198589727974434,ESTIMA,0.0,450.0,0,140.0,394.35,55.65,57.651,82.349,0.0,0.0
1779199838.5655775,394.3093039157753,82.07767339555114,-1.6902721114747892,394.3093039157753,82.07767339555114,-1.6902721114747892,ESTIMA,0.0,450.0,0,140.0,394.309,55.691,57.922,82.078,0.0,0.0
1779199838.6660082,394.2550984669215,81.62614018044844,-1.6419021221002321,394.2550984669215,81.62614018044844,-1.6419021221002321,ESTIMA,0.0,450.0,0,140.0,394.255,55.745,58.374,81.626,0.0,0.0
1779199838.866491,393.9923081492903,77.93660580598332,-1.232838141844164,393.9923081492903,77.93660580598332,-1.232838141844164,ESTIMA,0.0,450.0,0,140.0,393.992,56.008,62.063,77.937,30.0,0.0
1779199838.96695,393.9923081492903,77.93660580598332,-1.232838141844164,393.9923081492903,77.93660580598332,-1.232838141844164,ESTIMA,0.0,450.0,0,140.0,393.992,56.008,62.063,77.937,0.0,0.0
1779199839.0673757,395.4002442899652,74.57626215800711,-0.784102670156999,395.4002442899652,74.57626215800711,-0.784102670156999,ESTIMA,0.0,450.0,0,140.0,395.4,54.6,65.424,74.576,0.0,0.0
1779199839.1679735,397.49687482021073,72.48505694369587,-0.735918962973307,397.49687482021073,72.48505694369587,-0.735918962973307,ESTIMA,0.0,450.0,0,140.0,397.497,52.503,67.515,72.485,0.0,0.0
1779199839.268461,404.40891653704426,66.22527872109146,-0.735918962973307,404.40891653704426,66.22527872109146,-0.735918962973307,ESTIMA,0.0,450.0,0,140.0,404.409,45.591,73.775,66.225,0.0,0.0
1779199839.3690557,407.95236534930154,63.016211904573034,-0.735918962973307,407.95236534930154,63.016211904573034,-0.735918962973307,ESTIMA,0.0,450.0,0,140.0,407.952,42.048,76.984,63.016,0.0,0.0
1779199839.4694808,412.4004315556959,58.98789305000377,-0.9274803208357447,412.4004315556959,58.98789305000377,-0.9274803208357447,ESTIMA,0.0,450.0,0,140.0,412.4,37.6,81.012,58.988,-20.0,0.0
1779199839.5699482,412.4004315556959,58.98789305000377,-0.9274803208357453,412.4004315556959,58.98789305000377,-0.9274803208357453,ESTIMA,0.0,450.0,0,140.0,412.4,37.6,81.012,58.988,-20.0,0.0
1779199839.6703763,414.80851086512973,55.775882158680524,-0.9274803208357453,414.80851086512973,55.775882158680524,-0.9274803208357453,ESTIMA,0.0,450.0,0,140.0,414.809,35.191,84.224,55.776,-20.0,0.0
1779199839.7708774,417.5687001657001,52.0942101884869,-0.7710249954834031,417.5687001657001,52.0942101884869,-0.7710249954834031,ESTIMA,0.0,450.0,0,140.0,417.569,32.431,87.906,52.094,-20.0,0.0
1779199839.8711867,418.3006822646813,51.382973149097715,-0.7244794752181765,418.3006822646813,51.382973149097715,-0.7244794752181765,ESTIMA,0.0,450.0,0,140.0,418.301,31.699,88.617,51.383,-20.0,0.0
1779199839.9715219,418.9883580653257,50.7743632063977,-0.7244794752181765,418.9883580653257,50.7743632063977,-0.7244794752181765,ESTIMA,0.0,450.0,0,140.0,418.988,31.012,89.226,50.774,0.0,0.0
1779199840.0719614,418.9883580653257,50.7743632063977,-0.7244794752181769,418.9883580653257,50.7743632063977,-0.7244794752181769,ESTIMA,0.0,450.0,0,140.0,418.988,31.012,89.226,50.774,0.0,0.0
1779199840.1722722,419.1756935220929,50.60856673442367,-0.7234029999679766,419.1756935220929,50.60856673442367,-0.7234029999679766,ESTIMA,0.0,450.0,0,140.0,419.176,30.824,89.391,50.609,0.0,0.0
1779199840.2727058,419.95537619361437,49.92002374474154,-0.8654730596054684,419.95537619361437,49.92002374474154,-0.8654730596054684,ESTIMA,0.0,450.0,0,140.0,419.955,30.045,90.08,49.92,0.0,0.0
1779199840.4734972,420.5927697891138,49.171407754955204,-0.729858266551481,420.5927697891138,49.171407754955204,-0.729858266551481,ESTIMA,0.0,450.0,0,140.0,420.593,29.407,90.829,49.171,30.0,0.0
1779199840.5740411,421.09753885320987,48.719809894494254,-0.6364378675394905,421.09753885320987,48.719809894494254,-0.6364378675394905,ESTIMA,0.0,450.0,0,140.0,421.098,28.902,91.28,48.72,0.0,0.0
1779199840.674352,422.0611530040095,48.007678165198776,-0.6189935645045144,422.0611530040095,48.007678165198776,-0.6189935645045144,ESTIMA,0.0,450.0,0,140.0,422.061,27.939,91.992,48.008,0.0,0.0
1779199840.7748363,424.432761718464,46.318166136163384,-0.6520736465297109,424.432761718464,46.318166136163384,-0.6520736465297109,ESTIMA,0.0,450.0,0,140.0,424.433,25.567,93.682,46.318,0.0,0.0
1779199840.8753753,429.7211260004077,42.280597317563675,-0.6520736465297109,429.7211260004077,42.280597317563675,-0.6520736465297109,ESTIMA,0.0,450.0,0,140.0,429.721,20.279,97.719,42.281,0.0,0.0
1779199840.9757898,436.8497431108613,36.838029326705644,-0.7171826413096265,436.8497431108613,36.838029326705644,-0.7171826413096265,ESTIMA,0.0,450.0,0,140.0,436.85,13.15,103.162,36.838,0.0,0.0
1779199841.0760717,437.46678350163165,36.299911137307475,-0.8294725867458314,437.46678350163165,36.299911137307475,-0.8294725867458314,ESTIMA,0.0,450.0,0,140.0,437.467,12.533,103.7,36.3,-20.0,0.0
1779199841.1763587,437.46678350163165,36.299911137307475,-0.8294725867458321,437.46678350163165,36.299911137307475,-0.8294725867458321,ESTIMA,0.0,450.0,0,140.0,437.467,12.533,103.7,36.3,-20.0,0.0
1779199841.2769086,437.46678350163165,36.299911137307475,-0.8294725867458321,437.46678350163165,36.299911137307475,-0.8294725867458321,ESTIMA,0.0,450.0,0,140.0,437.467,12.533,103.7,36.3,-20.0,0.0
1779199841.3771875,442.74672327649097,30.53276176042815,-0.8294725867458321,442.74672327649097,30.53276176042815,-0.8294725867458321,ESTIMA,0.0,450.0,0,140.0,442.747,7.253,109.467,30.533,-20.0,0.0
1779199841.4775865,446.4582379282226,26.47876487339301,-0.6414947423916113,446.4582379282226,26.47876487339301,-0.6414947423916113,ESTIMA,0.0,450.0,0,140.0,446.458,3.542,113.521,26.479,-20.0,0.0
1779199841.5780337,447.5975412143996,25.651035547434827,-0.5398470480341013,447.5975412143996,25.651035547434827,-0.5398470480341013,ESTIMA,0.0,450.0,0,140.0,447.598,2.402,114.349,25.651,0.0,0.0
1779199841.6784806,447.5975412143996,25.651035547434827,-0.5398470480341013,447.5975412143996,25.651035547434827,-0.5398470480341013,ESTIMA,0.0,450.0,0,140.0,447.598,2.402,114.349,25.651,0.0,0.0
1779199841.7787783,451.0554234842008,23.680261255791365,-0.12375945609850328,451.0554234842008,23.680261255791365,-0.12375945609850328,ESTIMA,0.0,450.0,0,140.0,451.055,-1.055,116.32,23.68,0.0,0.0
1779199841.879186,452.5761126407158,23.491094822181818,0.0655961787645021,452.5761126407158,23.491094822181818,0.0655961787645021,ESTIMA,0.0,450.0,0,140.0,452.576,-2.576,116.509,23.491,0.0,0.0
1779199843.788496,461.07138366678885,28.98820053244279,1.4715230289554821,461.07138366678885,28.98820053244279,1.4715230289554821,ESTIMA,0.0,450.0,0,140.0,461.071,-11.071,111.012,28.988,30.0,0.0
1779199843.889102,461.09201126234217,29.19530343419093,1.5002302880144536,461.09201126234217,29.19530343419093,1.5002302880144536,ESTIMA,0.0,450.0,0,140.0,461.092,-11.092,110.805,29.195,30.0,0.0
1779199843.9897642,461.21775165501055,30.97422732824572,1.5276220617527865,461.21775165501055,30.97422732824572,1.5276220617527865,ESTIMA,0.0,450.0,0,140.0,461.218,-11.218,109.026,30.974,30.0,0.0
1779199844.0901089,461.2686961996012,32.15346886881642,1.566701506886119,461.2686961996012,32.15346886881642,1.566701506886119,ESTIMA,0.0,450.0,0,140.0,461.269,-11.269,107.847,32.153,30.0,0.0
1779199844.1907275,461.27026691252377,32.53705207358819,1.6184849867709332,461.27026691252377,32.53705207358819,1.6184849867709332,ESTIMA,0.0,450.0,0,140.0,461.27,-11.27,107.463,32.537,30.0,0.0
1779199844.2913373,461.2577459882681,32.79940859802477,1.6547132811268135,461.2577459882681,32.79940859802477,1.6547132811268135,ESTIMA,0.0,450.0,0,140.0,461.258,-11.258,107.201,32.799,30.0,0.0
1779199844.391905,461.2452729557133,32.94769496404621,1.6752388015145114,461.2452729557133,32.94769496404621,1.6752388015145114,ESTIMA,0.0,450.0,0,140.0,461.245,-11.245,107.052,32.948,30.0,0.0
1779199844.492366,461.23224817337007,33.071948901848266,1.6914066278180528,461.23224817337007,33.071948901848266,1.6914066278180528,ESTIMA,0.0,450.0,0,140.0,461.232,-11.232,106.928,33.072,30.0,0.0
1779199844.5929444,461.22002852731174,33.17277226421303,1.7054150643101342,461.22002852731174,33.17277226421303,1.7054150643101342,ESTIMA,0.0,450.0,0,140.0,461.22,-11.22,106.827,33.173,30.0,0.0
1779199844.69345,461.212019205938,33.23190876170362,1.7136462940312582,461.212019205938,33.23190876170362,1.7136462940312582,ESTIMA,0.0,450.0,0,140.0,461.212,-11.212,106.768,33.232,30.0,0.0
1779199844.7940266,461.2098077244331,33.24728446295779,1.7157889044364574,461.2098077244331,33.24728446295779,1.7157889044364574,ESTIMA,0.0,450.0,0,140.0,461.21,-11.21,106.753,33.247,30.0,0.0
1779199844.8945518,461.20771504128754,33.261616216111015,1.7177866604722272,461.20771504128754,33.261616216111015,1.7177866604722272,ESTIMA,0.0,450.0,0,140.0,461.208,-11.208,106.738,33.262,30.0,0.0
1779199844.994959,461.20771504128754,33.261616216111015,1.7177866604722263,461.20771504128754,33.261616216111015,1.7177866604722263,ESTIMA,0.0,450.0,0,140.0,461.208,-11.208,106.738,33.262,30.0,0.0
1779199845.095619,461.20771504128754,33.261616216111015,1.7177866604722256,461.20771504128754,33.261616216111015,1.7177866604722256,ESTIMA,0.0,450.0,0,140.0,461.208,-11.208,106.738,33.262,30.0,0.0
1779199845.1960208,461.20771504128754,33.26161621611102,1.7177866604722245,461.20771504128754,33.26161621611102,1.7177866604722245,ESTIMA,0.0,450.0,0,140.0,461.208,-11.208,106.738,33.262,30.0,0.0
1779199845.2963607,461.20771504128754,33.26161621611102,1.717786660472224,461.20771504128754,33.26161621611102,1.717786660472224,ESTIMA,0.0,450.0,0,140.0,461.208,-11.208,106.738,33.262,30.0,0.0
1779199845.396828,461.20771504128754,33.26161621611103,1.717786660472223,461.20771504128754,33.26161621611103,1.717786660472223,ESTIMA,0.0,450.0,0,140.0,461.208,-11.208,106.738,33.262,30.0,0.0
1779199845.4973955,461.20771504128754,33.26161621611103,1.7177866604722225,461.20771504128754,33.26161621611103,1.7177866604722225,ESTIMA,0.0,450.0,0,140.0,461.208,-11.208,106.738,33.262,30.0,0.0
1779199845.5979106,461.20771504128754,33.26161621611103,1.7177866604722216,461.20771504128754,33.26161621611103,1.7177866604722216,ESTIMA,0.0,450.0,0,140.0,461.208,-11.208,106.738,33.262,30.0,0.0
1779199845.69816,461.20771504128754,33.26161621611104,1.7177866604722205,461.20771504128754,33.26161621611104,1.7177866604722205,ESTIMA,0.0,450.0,0,140.0,461.208,-11.208,106.738,33.262,30.0,0.0
1779199845.798389,461.20771504128754,33.26161621611104,1.71778666047222,461.20771504128754,33.26161621611104,1.71778666047222,ESTIMA,0.0,450.0,0,140.0,461.208,-11.208,106.738,33.262,30.0,0.0
1779199845.8986275,461.20771504128754,33.26161621611104,1.7177866604722192,461.20771504128754,33.26161621611104,1.7177866604722192,ESTIMA,0.0,450.0,0,140.0,461.208,-11.208,106.738,33.262,30.0,0.0
1779199845.9989698,461.20771504128754,33.26161621611104,1.7177866604722192,461.20771504128754,33.26161621611104,1.7177866604722192,ESTIMA,0.0,450.0,0,140.0,461.208,-11.208,106.738,33.262,30.0,0.0
1779199846.099275,461.20771504128754,33.261616216111044,1.717786660472218,461.20771504128754,33.261616216111044,1.717786660472218,ESTIMA,0.0,450.0,0,140.0,461.208,-11.208,106.738,33.262,30.0,0.0
1779199846.199503,461.20771504128754,33.26161621611105,1.717786660472217,461.20771504128754,33.26161621611105,1.717786660472217,ESTIMA,0.0,450.0,0,140.0,461.208,-11.208,106.738,33.262,30.0,0.0
1779199846.2997983,461.20771504128754,33.26161621611105,1.717786660472216,461.20771504128754,33.26161621611105,1.717786660472216,ESTIMA,0.0,450.0,0,140.0,461.208,-11.208,106.738,33.262,30.0,0.0
1779199846.4000509,461.20771504128754,33.26161621611105,1.7177866604722154,461.20771504128754,33.26161621611105,1.7177866604722154,ESTIMA,0.0,450.0,0,140.0,461.208,-11.208,106.738,33.262,30.0,0.0
1779199846.5003924,461.20771504128754,33.26161621611105,1.7177866604722154,461.20771504128754,33.26161621611105,1.7177866604722154,ESTIMA,0.0,450.0,0,140.0,461.208,-11.208,106.738,33.262,30.0,0.0
1779199846.6008136,461.20771504128754,33.26161621611105,1.7177866604722143,461.20771504128754,33.26161621611105,1.7177866604722143,ESTIMA,0.0,450.0,0,140.0,461.208,-11.208,106.738,33.262,30.0,0.0
1779199846.701076,461.20771504128754,33.26161621611105,1.7177866604722136,461.20771504128754,33.26161621611105,1.7177866604722136,ESTIMA,0.0,450.0,0,140.0,461.208,-11.208,106.738,33.262,30.0,0.0
1779199846.8013234,461.20771504128754,33.26161621611105,1.7177866604722123,461.20771504128754,33.26161621611105,1.7177866604722123,ESTIMA,0.0,450.0,0,140.0,461.208,-11.208,106.738,33.262,30.0,0.0
1779199846.9016,461.20771504128754,33.26161621611105,1.7177866604722123,461.20771504128754,33.26161621611105,1.7177866604722123,ESTIMA,0.0,450.0,0,140.0,461.208,-11.208,106.738,33.262,30.0,0.0
1779199847.0019405,460.91516718116185,35.02919056689196,1.8501610649229845,460.91516718116185,35.02919056689196,1.8501610649229845,ESTIMA,0.0,450.0,0,140.0,460.915,-10.915,104.971,35.029,30.0,0.0
1779199847.1022525,459.86694379544554,38.68323450976892,1.899659791614365,459.86694379544554,38.68323450976892,1.899659791614365,ESTIMA,0.0,450.0,0,140.0,459.867,-9.867,101.317,38.683,30.0,0.0
1779199847.2029204,459.86694379544554,38.68323450976892,1.899659791614365,459.86694379544554,38.68323450976892,1.899659791614365,ESTIMA,0.0,450.0,0,140.0,459.867,-9.867,101.317,38.683,30.0,0.0
1779199847.3033097,457.1980431832655,46.29791302351934,1.939046382629221,457.1980431832655,46.29791302351934,1.939046382629221,ESTIMA,0.0,450.0,0,140.0,457.198,-7.198,93.702,46.298,30.0,0.0
1779199847.4037478,457.1980431832655,46.29791302351934,1.939046382629221,457.1980431832655,46.29791302351934,1.939046382629221,ESTIMA,0.0,450.0,0,140.0,457.198,-7.198,93.702,46.298,30.0,0.0
1779199847.504287,454.24454074522407,53.80764982936648,1.9747714522116606,454.24454074522407,53.80764982936648,1.9747714522116606,ESTIMA,0.0,450.0,0,140.0,454.245,-4.245,86.192,53.808,30.0,0.0
1779199847.6047592,452.63493956457654,57.57291481112008,1.9892443681758714,452.63493956457654,57.57291481112008,1.9892443681758714,ESTIMA,0.0,450.0,0,140.0,452.635,-2.635,82.427,57.573,30.0,0.0
1779199847.7050867,452.63493956457654,57.57291481112008,1.9892443681758714,452.63493956457654,57.57291481112008,1.9892443681758714,ESTIMA,0.0,450.0,0,140.0,452.635,-2.635,82.427,57.573,30.0,0.0
1779199847.8054714,449.1715948507187,65.14516723147125,2.0383164976173194,449.1715948507187,65.14516723147125,2.0383164976173194,ESTIMA,0.0,450.0,0,140.0,449.172,0.828,74.855,65.145,30.0,0.0
1779199847.906118,449.1715948507187,65.14516723147125,2.0383164976173194,449.1715948507187,65.14516723147125,2.0383164976173194,ESTIMA,0.0,450.0,0,140.0,449.172,0.828,74.855,65.145,30.0,0.0
1779199848.0067239,446.60950161206546,70.20093080269615,2.035043042542866,446.60950161206546,70.20093080269615,2.035043042542866,ESTIMA,0.0,450.0,0,140.0,446.61,3.39,69.799,70.201,30.0,0.0
1779199848.1073275,446.60950161206546,70.20093080269615,2.035043042542866,446.60950161206546,70.20093080269615,2.035043042542866,ESTIMA,0.0,450.0,0,140.0,446.61,3.39,69.799,70.201,30.0,0.0
1779199848.2079475,444.9237562055913,73.5673779511927,2.0261641670446546,444.9237562055913,73.5673779511927,2.0261641670446546,ESTIMA,0.0,450.0,0,140.0,444.924,5.076,66.433,73.567,30.0,0.0
1779199848.3083446,443.29334449587293,76.89683666745684,2.0247696835736275,443.29334449587293,76.89683666745684,2.0247696835736275,ESTIMA,0.0,450.0,0,140.0,443.293,6.707,63.103,76.897,30.0,0.0
1779199848.4089966,441.7946182403991,79.96821715966453,2.017521070963858,441.7946182403991,79.96821715966453,2.017521070963858,ESTIMA,0.0,450.0,0,140.0,441.795,8.205,60.032,79.968,30.0,0.0
1779199848.5094116,440.104087029536,83.49734836848958,2.00185737805409,440.104087029536,83.49734836848958,2.00185737805409,ESTIMA,0.0,450.0,0,140.0,440.104,9.896,56.503,83.497,30.0,0.0
1779199848.6100166,438.52699796188773,86.92650453720545,1.9917889585671775,438.52699796188773,86.92650453720545,1.9917889585671775,ESTIMA,0.0,450.0,0,140.0,438.527,11.473,53.073,86.927,30.0,0.0
1779199848.7104259,437.0402769896022,90.24682972569873,1.9835610059154427,437.0402769896022,90.24682972569873,1.9835610059154427,ESTIMA,0.0,450.0,0,140.0,437.04,12.96,49.753,90.247,30.0,0.0
1779199848.8109279,435.6089283831321,93.51533018752365,1.981031657912772,435.6089283831321,93.51533018752365,1.981031657912772,ESTIMA,0.0,450.0,0,140.0,435.609,14.391,46.485,93.515,30.0,0.0
1779199848.9113414,434.1641596429102,96.83731715905925,1.9753682571426239,434.1641596429102,96.83731715905925,1.9753682571426239,ESTIMA,0.0,450.0,0,140.0,434.164,15.836,43.163,96.837,30.0,0.0
1779199849.012027,432.02386164723873,101.8357608939125,1.9643707949493414,432.02386164723873,101.8357608939125,1.9643707949493414,ESTIMA,0.0,450.0,0,140.0,432.024,17.976,38.164,101.836,30.0,0.0
1779199849.1126323,430.92843276106487,104.47382603490838,1.95568739733848,430.92843276106487,104.47382603490838,1.95568739733848,ESTIMA,0.0,450.0,0,140.0,430.928,19.072,35.526,104.474,30.0,0.0
1779199849.2132838,429.8839767526015,107.05212361503759,1.9512195008973716,429.8839767526015,107.05212361503759,1.9512195008973716,ESTIMA,0.0,450.0,0,140.0,429.884,20.116,32.948,107.052,30.0,0.0
1779199849.3139398,428.4532446863743,110.62981700896886,1.9431392982388085,428.4532446863743,110.62981700896886,1.9431392982388085,ESTIMA,0.0,450.0,0,140.0,428.453,21.547,29.37,110.63,30.0,0.0
1779199849.4145787,427.1652687015795,113.92757531722131,1.9446943747530525,427.1652687015795,113.92757531722131,1.9446943747530525,ESTIMA,0.0,450.0,0,140.0,427.165,22.835,26.072,113.928,30.0,0.0
1779199849.5149984,336.39,107.27,1.566,336.39,107.27,1.566,VISION,0.0,450.0,0,140.0,336.39,113.61,32.73,107.27,30.0,0.0
1779199849.6156805,336.39,107.27,1.566,336.4095733041743,111.35086331854764,1.5531898078556656,VISION,0.0,450.0,0,140.0,336.39,113.61,32.73,107.27,30.0,0.0
1779199849.7162886,336.39,107.27,1.566,336.4851089637786,115.64062977473085,1.5390909893407958,VISION,0.0,450.0,0,140.0,336.39,113.61,32.73,107.27,30.0,0.0
1779199849.8168433,336.39,107.27,1.566,336.55432126596037,117.822884082432,1.5346464995733364,VISION,0.0,450.0,0,140.0,336.39,113.61,32.73,107.27,30.0,0.0
1779199849.9173234,336.39,107.27,1.566,336.6879421141077,121.51758050712087,1.5297825233196283,VISION,0.0,450.0,0,140.0,336.39,113.61,32.73,107.27,30.0,0.0
1779199850.0178957,336.8423441569155,125.28010544130075,1.5270407772919743,336.8423441569155,125.28010544130075,1.5270407772919743,ESTIMA,0.0,450.0,0,140.0,336.842,113.158,14.72,125.28,30.0,0.0
1779199850.1183388,317.76,108.97,1.488,318.14982745191054,113.66750620297277,1.4792675080221982,VISION,0.0,450.0,0,140.0,317.76,132.24,31.03,108.97,30.0,0.0
1779199850.2189765,317.76,108.97,1.488,318.53578847239504,117.87254920351535,1.46625241082258,VISION,0.0,450.0,0,140.0,317.76,132.24,31.03,108.97,30.0,0.0
1779199850.3193414,317.76,108.97,1.488,318.78476043248446,120.24537267804067,1.4617122191229681,VISION,0.0,450.0,0,140.0,317.76,132.24,31.03,108.97,30.0,0.0
1779199850.4198287,317.76,108.97,1.488,319.1944521223529,123.9862052100892,1.4507616923633129,VISION,0.0,450.0,0,140.0,317.76,132.24,31.03,108.97,30.0,0.0
1779199850.5202613,317.76,108.97,1.488,319.6298481255059,127.59602071423852,1.44624016692417,VISION,0.0,450.0,0,140.0,317.76,132.24,31.03,108.97,30.0,0.0
1779199850.6208568,320.07902109356985,131.1835406238071,1.4395443070578464,320.07902109356985,131.1835406238071,1.4395443070578464,ESTIMA,0.0,450.0,0,140.0,320.079,129.921,8.816,131.184,30.0,0.0
1779199850.721402,299.24,111.96,1.411,300.05287204351873,117.00355383655894,1.3966078081432172,VISION,0.0,450.0,0,140.0,299.24,150.76,28.04,111.96,30.0,0.0
1779199850.8219948,299.24,111.96,1.411,300.42890635894156,119.14045377179896,1.3909134086996984,VISION,0.0,450.0,0,140.0,299.24,150.76,28.04,111.96,30.0,0.0
1779199850.9225662,299.24,111.96,1.411,301.0658362654136,122.64298280847112,1.3825406154671946,VISION,0.0,450.0,0,140.0,299.24,150.76,28.04,111.96,30.0,0.0
1779199851.0231829,299.24,111.96,1.411,302.0283526807668,127.69525377021031,1.3698560906442006,VISION,0.0,450.0,0,140.0,299.24,150.76,28.04,111.96,30.0,0.0
1779199851.1237724,299.24,111.96,1.411,302.46445611191695,129.83627871318686,1.3672981389068581,VISION,0.0,450.0,0,140.0,299.24,150.76,28.04,111.96,30.0,0.0
1779199851.2241004,281.03,116.22,1.329,281.03,116.22,1.329,VISION,0.0,450.0,0,140.0,281.03,168.97,23.78,116.22,30.0,0.0
1779199851.324525,281.03,116.22,1.329,282.84683199808865,123.49741671459346,1.3122685317377492,VISION,0.0,450.0,0,140.0,281.03,168.97,23.78,116.22,30.0,0.0
1779199851.4252307,281.03,116.22,1.329,283.7587797491442,126.94594136287185,1.3036211382708964,VISION,0.0,450.0,0,140.0,281.03,168.97,23.78,116.22,30.0,0.0
1779199851.525794,281.03,116.22,1.329,284.729807487996,130.49347216805873,1.291257206076941,VISION,0.0,450.0,0,140.0,281.03,168.97,23.78,116.22,30.0,0.0
1779199851.6263428,281.03,116.22,1.329,285.7188137409911,133.9388218831683,1.284017572970262,VISION,0.0,450.0,0,140.0,281.03,168.97,23.78,116.22,30.0,0.0
1779199851.7269177,285.7188137409911,133.9388218831683,1.284017572970262,285.7188137409911,133.9388218831683,1.284017572970262,ESTIMA,0.0,450.0,0,140.0,285.719,164.281,6.061,133.939,30.0,0.0
1779199851.8273304,263.12,121.78,1.244,263.92996458429405,124.16963386842309,1.23848153615035,VISION,0.0,450.0,0,140.0,263.12,186.88,18.22,121.78,30.0,0.0
1779199851.9278615,263.12,121.78,1.244,263.12,121.78,1.244,VISION,0.0,450.0,0,140.0,263.12,186.88,18.22,121.78,30.0,0.0
1779199852.0283663,263.12,121.78,1.244,265.3458890890934,128.26509222621007,1.2278370260901978,VISION,0.0,450.0,0,140.0,263.12,186.88,18.22,121.78,30.0,0.0
1779199852.128957,263.12,121.78,1.244,266.550639976602,131.6390832486904,1.2143560839375163,VISION,0.0,450.0,0,140.0,263.12,186.88,18.22,121.78,30.0,0.0
1779199852.2294705,263.12,121.78,1.244,266.550639976602,131.6390832486904,1.2143560839375163,VISION,0.0,450.0,0,140.0,263.12,186.88,18.22,121.78,30.0,0.0
1779199852.3301187,263.12,121.78,1.244,269.11457443123845,138.43392219048985,1.1986598318456898,VISION,0.0,450.0,0,140.0,263.12,186.88,18.22,121.78,30.0,0.0
1779199852.4306922,245.9,128.77,1.158,245.9,128.77,1.158,VISION,0.0,450.0,0,140.0,245.9,204.1,11.23,128.77,30.0,0.0
1779199852.5312488,245.9,128.77,1.158,248.74224167261005,135.49717122603553,1.2257984220185418,VISION,0.0,450.0,0,140.0,245.9,204.1,11.23,128.77,30.0,0.0
1779199852.631974,245.9,128.77,1.158,250.0229220450463,139.06085140516825,1.2584828785313353,VISION,0.0,450.0,0,140.0,245.9,204.1,11.23,128.77,30.0,0.0
1779199852.732526,245.9,128.77,1.158,250.0229220450463,139.06085140516825,1.2584828785313353,VISION,0.0,450.0,0,140.0,245.9,204.1,11.23,128.77,30.0,0.0
1779199852.8330421,245.9,128.77,1.158,252.27958323519778,146.05619960266614,1.2599185863112667,VISION,0.0,450.0,0,140.0,245.9,204.1,11.23,128.77,30.0,0.0
1779199852.93345,252.27958323519778,146.05619960266614,1.2599185863112667,252.27958323519778,146.05619960266614,1.2599185863112667,ESTIMA,0.0,450.0,0,140.0,252.28,197.72,-6.056,146.056,30.0,0.0
1779199853.0340052,229.8,136.45,1.117,231.06222849102286,139.03788150490897,1.1167024617042673,VISION,0.0,450.0,0,140.0,229.8,220.2,3.55,136.45,30.0,0.0
1779199853.134275,229.8,136.45,1.117,232.93963051431237,142.88411643855565,1.1276778275011383,VISION,0.0,450.0,0,140.0,229.8,220.2,3.55,136.45,30.0,0.0
1779199853.2346113,229.8,136.45,1.117,234.5658095948778,146.31056702590504,1.1516187152519384,VISION,0.0,450.0,0,140.0,229.8,220.2,3.55,136.45,30.0,0.0
1779199853.3349311,229.8,136.45,1.117,236.24729707758195,150.08421688458017,1.1729461914604336,VISION,0.0,450.0,0,140.0,229.8,220.2,3.55,136.45,30.0,0.0
1779199853.4352496,229.8,136.45,1.117,236.24729707758195,150.08421688458017,1.1729461914604336,VISION,0.0,450.0,0,140.0,229.8,220.2,3.55,136.45,30.0,0.0
1779199853.5356739,239.2545832415536,157.46689676418416,1.2182618985380107,239.2545832415536,157.46689676418416,1.2182618985380107,ESTIMA,0.0,450.0,0,140.0,239.255,210.745,-17.467,157.467,30.0,0.0
1779199853.6361098,240.6571734391715,161.27928505445405,1.23485724597798,240.6571734391715,161.27928505445405,1.23485724597798,ESTIMA,0.0,450.0,0,140.0,240.657,209.343,-21.279,161.279,30.0,0.0
1779199853.7366917,242.00420731594073,165.13705379523194,1.258942731552192,242.00420731594073,165.13705379523194,1.258942731552192,ESTIMA,0.0,450.0,0,140.0,242.004,207.996,-25.137,165.137,30.0,0.0
1779199853.8372881,243.22389598306012,168.92052978964344,1.275440888455285,243.22389598306012,168.92052978964344,1.275440888455285,ESTIMA,0.0,450.0,0,140.0,243.224,206.776,-28.921,168.921,30.0,0.0
1779199853.9378376,243.22389598306012,168.92052978964344,1.275440888455285,243.22389598306012,168.92052978964344,1.275440888455285,ESTIMA,0.0,450.0,0,140.0,243.224,206.776,-28.921,168.921,30.0,0.0
1779199854.038119,245.52810973068028,176.8643075462823,1.3230892996124282,245.52810973068028,176.8643075462823,1.3230892996124282,ESTIMA,0.0,450.0,0,140.0,245.528,204.472,-36.864,176.864,30.0,0.0
1779199854.1384199,246.55365544236994,180.91943673930405,1.3433551533593004,246.55365544236994,180.91943673930405,1.3433551533593004,ESTIMA,0.0,450.0,0,140.0,246.554,203.446,-40.919,180.919,30.0,0.0
1779199854.2387156,247.46412773961555,184.85328236777164,1.3666481162813453,247.46412773961555,184.85328236777164,1.3666481162813453,ESTIMA,0.0,450.0,0,140.0,247.464,202.536,-44.853,184.853,30.0,0.0
1779199854.3389826,248.2928697897822,188.85624135538262,1.3833070255717477,248.2928697897822,188.85624135538262,1.3833070255717477,ESTIMA,0.0,450.0,0,140.0,248.293,201.707,-48.856,188.856,30.0,0.0
1779199854.4392314,248.2928697897822,188.85624135538262,1.3833070255717477,248.2928697897822,188.85624135538262,1.3833070255717477,ESTIMA,0.0,450.0,0,140.0,248.293,201.707,-48.856,188.856,30.0,0.0
1779199854.539599,249.67915241970883,196.73778750771976,1.4278010798261436,249.67915241970883,196.73778750771976,1.4278010798261436,ESTIMA,0.0,450.0,0,140.0,249.679,200.321,-56.738,196.738,30.0,0.0
1779199854.640032,250.2604586611512,200.77525538424675,1.4551163273976673,250.2604586611512,200.77525538424675,1.4551163273976673,ESTIMA,0.0,450.0,0,140.0,250.26,199.74,-60.775,200.775,30.0,0.0
1779199854.7404242,250.7252312927394,204.77506181287507,1.472177634394907,250.7252312927394,204.77506181287507,1.472177634394907,ESTIMA,0.0,450.0,0,140.0,250.725,199.275,-64.775,204.775,30.0,0.0
1779199854.8408594,250.7252312927394,204.77506181287507,1.472177634394907,250.7252312927394,204.77506181287507,1.472177634394907,ESTIMA,0.0,450.0,0,140.0,250.725,199.275,-64.775,204.775,30.0,0.0
1779199854.9412901,251.1572569204298,209.1416188224191,1.500319424285693,251.1572569204298,209.1416188224191,1.500319424285693,ESTIMA,0.0,450.0,0,140.0,251.157,198.843,-69.142,209.142,30.0,0.0
1779199855.0415428,251.45344654251647,213.3373064651301,1.5193300623370127,251.45344654251647,213.3373064651301,1.5193300623370127,ESTIMA,0.0,450.0,0,140.0,251.453,198.547,-73.337,213.337,30.0,0.0
1779199855.1418233,251.66027429496026,217.3524629735191,1.5438097069564003,251.66027429496026,217.3524629735191,1.5438097069564003,ESTIMA,0.0,450.0,0,140.0,251.66,198.34,-77.352,217.352,30.0,0.0
1779199855.2420974,251.8072734926402,222.79825468128632,1.5732510508277735,251.8072734926402,222.79825468128632,1.5732510508277735,ESTIMA,0.0,450.0,0,140.0,251.807,198.193,-82.798,222.798,30.0,0.0
1779199855.3425272,251.8015205744039,225.1418609703055,1.584100847385994,251.8015205744039,225.1418609703055,1.584100847385994,ESTIMA,0.0,450.0,0,140.0,251.802,198.198,-85.142,225.142,30.0,0.0
1779199855.443115,251.7473053089934,229.21657122501415,1.6086653295849866,251.7473053089934,229.21657122501415,1.6086653295849866,ESTIMA,0.0,450.0,0,140.0,251.747,198.253,-89.217,229.217,30.0,0.0
1779199855.543423,251.58479780912705,233.5058262505441,1.6245287613940156,251.58479780912705,233.5058262505441,1.6245287613940156,ESTIMA,0.0,450.0,0,140.0,251.585,198.415,-93.506,233.506,30.0,0.0
1779199855.643902,251.38238407953096,237.26926805891762,1.6511922288898984,251.38238407953096,237.26926805891762,1.6511922288898984,ESTIMA,0.0,450.0,0,140.0,251.382,198.618,-97.269,237.269,30.0,0.0
1779199855.744218,250.90716288339723,243.16753996189735,1.6770358561604541,250.90716288339723,243.16753996189735,1.6770358561604541,ESTIMA,0.0,450.0,0,140.0,250.907,199.093,-103.168,243.168,30.0,0.0
1779199855.844475,250.47682538399425,247.20292333158767,1.7021916259048093,250.47682538399425,247.20292333158767,1.7021916259048093,ESTIMA,0.0,450.0,0,140.0,250.477,199.523,-107.203,247.203,30.0,0.0
1779199855.9448645,250.0736111569777,250.2539540279679,1.7169959038772804,250.0736111569777,250.2539540279679,1.7169959038772804,ESTIMA,0.0,450.0,0,140.0,250.074,199.926,-110.254,250.254,30.0,0.0
1779199856.045228,249.34207100416256,255.22196192740927,1.741155288546784,249.34207100416256,255.22196192740927,1.741155288546784,ESTIMA,0.0,450.0,0,140.0,249.342,200.658,-115.222,255.222,30.0,0.0
1779199856.1455743,248.94677070962246,257.5198669671985,1.7551695622972925,248.94677070962246,257.5198669671985,1.7551695622972925,ESTIMA,0.0,450.0,0,140.0,248.947,201.053,-117.52,257.52,30.0,0.0
1779199856.2460012,248.17849167761167,261.6395199199984,1.7730959641446307,248.17849167761167,261.6395199199984,1.7730959641446307,ESTIMA,0.0,450.0,0,140.0,248.178,201.822,-121.64,261.64,30.0,0.0
1779199856.3462617,247.26201010052307,266.10786679745416,1.8051192683352921,247.26201010052307,266.10786679745416,1.8051192683352921,ESTIMA,0.0,450.0,0,140.0,247.262,202.738,-126.108,266.108,30.0,0.0
1779199856.4465613,246.39665736101773,269.7330193770919,1.8214540292867958,246.39665736101773,269.7330193770919,1.8214540292867958,ESTIMA,0.0,450.0,0,140.0,246.397,203.603,-129.733,269.733,30.0,0.0
1779199856.5470834,244.94954285365728,275.3848694025543,1.861224170178794,244.94954285365728,275.3848694025543,1.861224170178794,ESTIMA,0.0,450.0,0,140.0,244.95,205.05,-135.385,275.385,30.0,0.0
1779199856.6477244,244.04759621061226,278.40263672563117,1.8749643391016018,244.04759621061226,278.40263672563117,1.8749643391016018,ESTIMA,0.0,450.0,0,140.0,244.048,205.952,-138.403,278.403,30.0,0.0
1779199856.7482135,242.97825608164206,281.8091655986832,1.894441284745997,242.97825608164206,281.8091655986832,1.894441284745997,ESTIMA,0.0,450.0,0,140.0,242.978,207.022,-141.809,281.809,30.0,0.0
1779199856.848856,241.57407683088672,285.99525282160073,1.9189733145933994,241.57407683088672,285.99525282160073,1.9189733145933994,ESTIMA,0.0,450.0,0,140.0,241.574,208.426,-145.995,285.995,30.0,0.0
1779199856.9492488,240.21501321614,289.7396016245204,1.934705421934598,240.21501321614,289.7396016245204,1.934705421934598,ESTIMA,0.0,450.0,0,140.0,240.215,209.785,-149.74,289.74,30.0,0.0
1779199857.049646,238.38529578727417,294.54361869179655,1.9051785304408804,238.38529578727417,294.54361869179655,1.9051785304408804,ESTIMA,0.0,450.0,0,140.0,238.385,211.615,-154.544,294.544,30.0,0.0
1779199857.1501558,237.69633647834073,296.5266428687808,1.9197715384990561,237.69633647834073,296.5266428687808,1.9197715384990561,ESTIMA,0.0,450.0,0,140.0,237.696,212.304,-156.527,296.527,30.0,0.0
1779199857.2506425,236.1269039025618,300.8398397892113,1.9157730225204623,236.1269039025618,300.8398397892113,1.9157730225204623,ESTIMA,0.0,450.0,0,140.0,236.127,213.873,-160.84,300.84,30.0,0.0
1779199857.3511744,235.34851926318643,303.0059530779388,1.9154471656438241,235.34851926318643,303.0059530779388,1.9154471656438241,ESTIMA,0.0,450.0,0,140.0,235.349,214.651,-163.006,303.006,30.0,0.0
1779199857.4517634,233.69871853782794,307.60177560783615,1.9113901484418536,233.69871853782794,307.60177560783615,1.9113901484418536,ESTIMA,0.0,450.0,0,140.0,233.699,216.301,-167.602,307.602,30.0,0.0
1779199857.5520818,232.94387026805936,309.73167772864343,1.912426950224337,232.94387026805936,309.73167772864343,1.912426950224337,ESTIMA,0.0,450.0,0,140.0,232.944,217.056,-169.732,309.732,30.0,0.0
1779199857.6524076,231.71565077015677,313.18587946601525,1.9073914277995034,231.71565077015677,313.18587946601525,1.9073914277995034,ESTIMA,3.81,421.21,-7.36,147.06,227.906,189.494,-166.126,320.546,30.0,0.0
1779199857.7527764,230.46541155379543,316.75890499642446,1.9008051479443455,230.46541155379543,316.75890499642446,1.9008051479443455,ESTIMA,3.81,421.21,-7.36,147.06,226.655,190.745,-169.699,324.119,30.0,0.0
1779199857.853059,229.3049099461743,320.1468873746901,1.8873664045359306,229.3049099461743,320.1468873746901,1.8873664045359306,ESTIMA,3.81,421.21,-7.36,147.06,225.495,191.905,-173.087,327.507,30.0,0.0
1779199857.9533176,227.71477304041034,325.0009759858702,1.8664749952452333,227.71477304041034,325.0009759858702,1.8664749952452333,ESTIMA,3.81,421.21,-7.36,147.06,223.905,193.495,-177.941,332.361,30.0,0.0
1779199858.0535846,227.04945266808747,327.1851635796889,1.8610652339637308,227.04945266808747,327.1851635796889,1.8610652339637308,ESTIMA,3.81,421.21,-7.36,147.06,223.239,194.161,-180.125,334.545,30.0,0.0
1779199858.1539044,225.90657685262414,331.0112571399528,1.8616454068050863,225.90657685262414,331.0112571399528,1.8616454068050863,ESTIMA,3.81,421.21,-7.36,147.06,222.097,195.303,-183.951,338.371,30.0,0.0
1779199858.2558317,220.0,97.29,1.727,220.0,97.29,1.727,VISION,3.81,421.21,-7.36,147.06,216.19,201.21,49.77,104.65,30.0,0.0
1779199858.356193,220.0,97.29,1.727,218.84545429324686,104.61265897128744,1.7226209260630487,VISION,3.81,421.21,-7.36,147.06,216.19,201.21,49.77,104.65,30.0,0.0
1779199858.4565368,220.0,97.29,1.727,218.84545429324686,104.61265897128744,1.7226209260630487,VISION,3.81,421.21,-7.36,147.06,216.19,201.21,49.77,104.65,30.0,0.0
1779199858.5568643,220.0,97.29,1.727,217.78893177251325,111.79228829280736,1.6946972081850729,VISION,3.81,421.21,-7.36,147.06,216.19,201.21,49.77,104.65,30.0,0.0
1779199858.6572664,220.0,97.29,1.727,217.34150323469623,115.38497165770787,1.6937376540930644,VISION,3.81,421.21,-7.36,147.06,216.19,201.21,49.77,104.65,30.0,0.0
1779199858.757758,217.34150323469623,115.38497165770787,1.6937376540930644,217.34150323469623,115.38497165770787,1.6937376540930644,ESTIMA,3.81,421.21,-7.36,147.06,213.532,203.868,31.675,122.745,30.0,0.0
1779199858.8581028,216.42432721223955,122.87815626964378,1.6903279785082677,216.42432721223955,122.87815626964378,1.6903279785082677,ESTIMA,3.81,421.21,-7.36,147.06,212.614,204.786,24.182,130.238,30.0,0.0
1779199858.958602,216.42432721223955,122.87815626964378,1.6903279785082677,216.42432721223955,122.87815626964378,1.6903279785082677,ESTIMA,3.81,421.21,-7.36,147.06,212.614,204.786,24.182,130.238,30.0,0.0
1779199859.059049,215.60279564663975,129.9737381390979,1.6674377339711715,215.60279564663975,129.9737381390979,1.6674377339711715,ESTIMA,3.81,421.21,-7.36,147.06,211.793,205.607,17.086,137.334,30.0,0.0
1779199859.1596074,215.25389835948988,133.57271747772793,1.656027169074164,215.25389835948988,133.57271747772793,1.656027169074164,ESTIMA,3.81,421.21,-7.36,147.06,211.444,205.956,13.487,140.933,30.0,0.0
1779199859.2602086,214.9364871094291,137.28783138848317,1.6549444417615602,214.9364871094291,137.28783138848317,1.6549444417615602,ESTIMA,3.81,421.21,-7.36,147.06,211.126,206.274,9.772,144.648,30.0,0.0
1779199859.3607209,214.6061971081735,141.20366538023487,1.652384418294074,214.6061971081735,141.20366538023487,1.652384418294074,ESTIMA,3.81,421.21,-7.36,147.06,210.796,206.604,5.856,148.564,30.0,0.0
1779199859.46099,182.34,95.9,1.563,182.34,95.9,1.563,VISION,3.81,421.21,-7.36,147.06,178.53,238.87,51.16,103.26,30.0,0.0
1779199859.5615158,182.34,95.9,1.563,182.41247850108712,103.1059468198029,1.5475610993566378,VISION,3.81,421.21,-7.36,147.06,178.53,238.87,51.16,103.26,30.0,0.0
1779199859.661993,182.34,95.9,1.563,182.41247850108712,103.1059468198029,1.5475610993566378,VISION,3.81,421.21,-7.36,147.06,178.53,238.87,51.16,103.26,30.0,0.0
1779199859.7624092,182.34,95.9,1.563,182.62708991937964,110.21954580646585,1.5198142833576758,VISION,3.81,421.21,-7.36,147.06,178.53,238.87,51.16,103.26,30.0,0.0
1779199859.8628304,182.34,95.9,1.563,182.81472941909504,113.89685824808134,1.5145029530845988,VISION,3.81,421.21,-7.36,147.06,178.53,238.87,51.16,103.26,30.0,0.0
1779199859.9633336,182.81472941909504,113.89685824808134,1.5145029530845988,182.81472941909504,113.89685824808134,1.5145029530845988,ESTIMA,3.81,421.21,-7.36,147.06,179.005,238.395,33.163,121.257,30.0,0.0
1779199860.063751,163.37,97.16,1.477,163.64152422823523,100.04633363971429,1.4679379735302944,VISION,3.81,421.21,-7.36,147.06,159.56,257.84,49.9,104.52,30.0,0.0
1779199860.16409,163.37,97.16,1.477,163.64152422823523,100.04633363971429,1.4679379735302944,VISION,3.81,421.21,-7.36,147.06,159.56,257.84,49.9,104.52,30.0,0.0
1779199860.2645469,163.37,97.16,1.477,164.4505355384803,107.32741239874996,1.4346665513350687,VISION,3.81,421.21,-7.36,147.06,159.56,257.84,49.9,104.52,30.0,0.0
1779199860.3650753,163.37,97.16,1.477,164.9355645637484,110.86836617127712,1.4269804851428147,VISION,3.81,421.21,-7.36,147.06,159.56,257.84,49.9,104.52,30.0,0.0
1779199860.465549,163.37,97.16,1.477,164.9355645637484,110.86836617127712,1.4269804851428147,VISION,3.81,421.21,-7.36,147.06,159.56,257.84,49.9,104.52,30.0,0.0
1779199860.5659955,165.9921468565127,118.02066187859072,1.4170639457075709,165.9921468565127,118.02066187859072,1.4170639457075709,ESTIMA,3.81,421.21,-7.36,147.06,162.182,255.218,29.039,125.381,30.0,0.0
1779199860.666478,144.66,99.87,1.384,144.66,99.87,1.384,VISION,3.81,421.21,-7.36,147.06,140.85,276.55,47.19,107.23,30.0,0.0
1779199860.7670972,144.66,99.87,1.384,146.0647993180729,107.08337772759558,1.3561482044680304,VISION,3.81,421.21,-7.36,147.06,140.85,276.55,47.19,107.23,30.0,0.0
1779199860.8675864,144.66,99.87,1.384,146.83732323744147,110.62695841642147,1.343861212301215,VISION,3.81,421.21,-7.36,147.06,140.85,276.55,47.19,107.23,30.0,0.0
1779199860.9680429,144.66,99.87,1.384,146.83732323744147,110.62695841642147,1.343861212301215,VISION,3.81,421.21,-7.36,147.06,140.85,276.55,47.19,107.23,30.0,0.0
1779199861.0685663,144.66,99.87,1.384,147.73056915144537,114.4952847910431,1.3380519285068229,VISION,3.81,421.21,-7.36,147.06,140.85,276.55,47.19,107.23,30.0,0.0
1779199861.1690829,126.53,104.24,1.28,126.53,104.24,1.28,VISION,3.81,421.21,-7.36,147.06,122.72,294.68,42.82,111.6,30.0,0.0
1779199861.2695312,126.53,104.24,1.28,127.91667936027004,108.87338105425137,1.2731480860536912,VISION,3.81,421.21,-7.36,147.06,122.72,294.68,42.82,111.6,30.0,0.0
1779199861.3699849,126.53,104.24,1.28,128.53172934162737,110.87835996843609,1.2643103027237386,VISION,3.81,421.21,-7.36,147.06,122.72,294.68,42.82,111.6,30.0,0.0
1779199861.4704845,126.53,104.24,1.28,129.63340794201093,114.35964668535732,1.2461653061563651,VISION,3.81,421.21,-7.36,147.06,122.72,294.68,42.82,111.6,30.0,0.0
1779199861.5711334,126.53,104.24,1.28,130.78934192434272,117.7944375151406,1.2376061055173588,VISION,3.81,421.21,-7.36,147.06,122.72,294.68,42.82,111.6,30.0,0.0
1779199861.6715472,131.9559940500299,121.16535561125524,1.228668665447362,131.9559940500299,121.16535561125524,1.228668665447362,ESTIMA,3.81,421.21,-7.36,147.06,128.146,289.254,25.895,128.525,30.0,0.0
1779199861.771891,109.3,109.95,1.187,109.3,109.95,1.187,VISION,3.81,421.21,-7.36,147.06,105.49,311.91,37.11,117.31,30.0,0.0
1779199861.8723876,109.3,109.95,1.187,110.42604516319516,112.73847333751836,1.1799810219323335,VISION,3.81,421.21,-7.36,147.06,105.49,311.91,37.11,117.31,30.0,0.0
1779199861.9728267,109.3,109.95,1.187,112.06137217425463,116.70763370732666,1.1622614437621968,VISION,3.81,421.21,-7.36,147.06,105.49,311.91,37.11,117.31,30.0,0.0
1779199862.0731947,109.3,109.95,1.187,112.97956947192156,118.82871848592451,1.1548136935045274,VISION,3.81,421.21,-7.36,147.06,105.49,311.91,37.11,117.31,30.0,0.0
1779199862.1735585,109.3,109.95,1.187,114.53663307184925,122.35337983065699,1.149113280654927,VISION,3.81,421.21,-7.36,147.06,105.49,311.91,37.11,117.31,30.0,0.0
1779199862.2738895,116.55252898205302,126.84720162311832,1.1408657901173296,116.55252898205302,126.84720162311832,1.1408657901173296,ESTIMA,3.81,421.21,-7.36,147.06,112.743,304.657,20.213,134.207,30.0,0.0
1779199862.3742805,117.63897946158504,129.2165864106615,1.1393731113840024,117.63897946158504,129.2165864106615,1.1393731113840024,ESTIMA,3.81,421.21,-7.36,147.06,113.829,303.571,17.843,136.577,30.0,0.0
1779199862.474828,119.70988346795231,133.71518048688336,1.124891249668601,119.70988346795231,133.71518048688336,1.124891249668601,ESTIMA,3.81,421.21,-7.36,147.06,115.9,301.5,13.345,141.075,30.0,0.0
1779199862.5751503,120.7548139580984,135.90116092102755,1.1146715288702584,120.7548139580984,135.90116092102755,1.1146715288702584,ESTIMA,3.81,421.21,-7.36,147.06,116.945,300.455,11.159,143.261,30.0,0.0
1779199862.6754675,122.32779769339623,139.10719963133266,1.108185520151053,122.32779769339623,139.10719963133266,1.108185520151053,ESTIMA,3.81,421.21,-7.36,147.06,118.518,298.882,7.953,146.467,30.0,0.0
1779199862.7758133,123.96685857047179,142.39383595528957,1.1285849823592566,123.96685857047179,142.39383595528957,1.1285849823592566,ESTIMA,3.81,421.21,-7.36,147.06,120.157,297.243,4.666,149.754,30.0,0.0
1779199862.876107,125.48622548588514,145.60273920100795,1.1436514018925061,125.48622548588514,145.60273920100795,1.1436514018925061,ESTIMA,3.81,421.21,-7.36,147.06,121.676,295.724,1.457,152.963,30.0,0.0
1779199862.9764125,125.48622548588514,145.60273920100795,1.1436514018925061,125.48622548588514,145.60273920100795,1.1436514018925061,ESTIMA,3.81,421.21,-7.36,147.06,121.676,295.724,1.457,152.963,30.0,0.0
1779199863.0766995,128.58042592991524,152.466864461154,1.1467291547884988,128.58042592991524,152.466864461154,1.1467291547884988,ESTIMA,3.81,421.21,-7.36,147.06,124.77,292.63,-5.407,159.827,30.0,0.0
1779199863.1770003,129.85762340746493,155.29590413949117,1.0318805978114123,129.85762340746493,155.29590413949117,1.0318805978114123,ESTIMA,3.81,421.21,-7.36,147.06,126.048,291.352,-8.236,162.656,30.0,0.0
1779199863.2772918,131.90598910136328,158.72151279820082,1.038720500939432,131.90598910136328,158.72151279820082,1.038720500939432,ESTIMA,3.81,421.21,-7.36,147.06,128.096,289.304,-11.662,166.082,0.0,0.0
1779199863.3775845,134.0249733362606,162.32088823735523,1.05345988650904,134.0249733362606,162.32088823735523,1.05345988650904,ESTIMA,3.81,421.21,-7.36,147.06,130.215,287.185,-15.261,169.681,0.0,0.0
1779199863.4778962,134.0249733362606,162.32088823735523,1.05345988650904,134.0249733362606,162.32088823735523,1.05345988650904,ESTIMA,3.81,421.21,-7.36,147.06,130.215,287.185,-15.261,169.681,0.0,0.0
1779199863.5782092,137.18038395909173,168.04510311484026,1.142004789125307,137.18038395909173,168.04510311484026,1.142004789125307,ESTIMA,3.81,421.21,-7.36,147.06,133.37,284.03,-20.985,175.405,0.0,0.0
1779199863.6785226,137.18038395909173,168.04510311484026,1.142004789125307,137.18038395909173,168.04510311484026,1.142004789125307,ESTIMA,3.81,421.21,-7.36,147.06,133.37,284.03,-20.985,175.405,0.0,0.0
1779199863.778803,138.41183378431467,170.94285350493323,1.267198412808635,138.41183378431467,170.94285350493323,1.267198412808635,ESTIMA,3.81,421.21,-7.36,147.06,134.602,282.798,-23.883,178.303,-20.0,0.0
1779199863.8790944,138.6634140722969,171.74589869280516,1.2891043313518844,138.6634140722969,171.74589869280516,1.2891043313518844,ESTIMA,3.81,421.21,-7.36,147.06,134.853,282.547,-24.686,179.106,-20.0,0.0
1779199863.979381,138.6634140722969,171.74589869280516,1.2891043313518844,138.6634140722969,171.74589869280516,1.2891043313518844,ESTIMA,3.81,421.21,-7.36,147.06,134.853,282.547,-24.686,179.106,-20.0,0.0
1779199864.0796785,142.30357715406475,183.43429025418334,1.244294435576661,142.30357715406475,183.43429025418334,1.244294435576661,ESTIMA,3.81,421.21,-7.36,147.06,138.494,278.906,-36.374,190.794,-20.0,0.0
1779199864.17999,75.04,129.09,0.982,75.04,129.09,0.982,VISION,3.81,421.21,-7.36,147.06,71.23,346.17,17.97,136.45,-20.0,0.0
1779199864.2802498,75.04,129.09,0.982,82.01914626663533,139.5407373957044,0.982,VISION,3.81,421.21,-7.36,147.06,71.23,346.17,17.97,136.45,0.0,0.0
1779199864.3805013,75.04,129.09,0.982,84.44513117037782,143.17346411991147,1.3064365955221242,VISION,3.81,421.21,-7.36,147.06,71.23,346.17,17.97,136.45,0.0,0.0
1779199864.4807749,75.04,129.09,0.982,86.29568297445441,150.00975623313582,1.3064365955221242,VISION,3.81,421.21,-7.36,147.06,71.23,346.17,17.97,136.45,0.0,0.0
1779199864.581086,75.04,129.09,0.982,87.20429247432668,153.36633341421995,1.7839316958392477,VISION,3.81,421.21,-7.36,147.06,71.23,346.17,17.97,136.45,0.0,0.0
1779199864.8818192,69.25,131.1,0.894,72.50942367568331,136.74563950007507,1.8356743475815327,VISION,3.81,421.21,-7.36,147.06,65.44,351.96,15.96,138.46,30.0,0.0
1779199864.982108,69.25,131.1,0.894,71.46789343924448,140.58535971529705,2.384429056101829,VISION,3.81,421.21,-7.36,147.06,65.44,351.96,15.96,138.46,0.0,0.0
1779199865.0823615,69.25,131.1,0.894,68.18456174773283,143.276113782201,2.536839319988165,VISION,3.81,421.21,-7.36,147.06,65.44,351.96,15.96,138.46,0.0,0.0
1779199865.1826978,69.25,131.1,0.894,68.18456174773283,143.276113782201,2.536839319988165,VISION,3.81,421.21,-7.36,147.06,65.44,351.96,15.96,138.46,0.0,0.0
1779199865.2830293,65.6918820303332,144.93925555486896,2.6582687817860085,65.6918820303332,144.93925555486896,2.6582687817860085,ESTIMA,3.81,421.21,-7.36,147.06,61.882,355.518,2.121,152.299,0.0,0.0
1779199865.3833191,64.34007209594627,145.6487434588678,2.586566305036001,64.34007209594627,145.6487434588678,2.586566305036001,ESTIMA,3.81,421.21,-7.36,147.06,60.53,356.87,1.411,153.009,0.0,0.0
1779199865.4836316,64.34007209594627,145.6487434588678,2.586566305036001,64.34007209594627,145.6487434588678,2.586566305036001,ESTIMA,3.81,421.21,-7.36,147.06,60.53,356.87,1.411,153.009,-20.0,0.0
1779199865.5839362,60.468562984715604,147.88203865246,2.621601945790342,60.468562984715604,147.88203865246,2.621601945790342,ESTIMA,3.81,421.21,-7.36,147.06,56.659,360.741,-0.822,155.242,-20.0,0.0
1779199865.6842818,60.468562984715604,147.88203865246,2.621601945790342,60.468562984715604,147.88203865246,2.621601945790342,ESTIMA,3.81,421.21,-7.36,147.06,56.659,360.741,-0.822,155.242,-20.0,0.0
1779199865.784591,48.7115472164377,154.61351205663706,2.621601945790342,48.7115472164377,154.61351205663706,2.621601945790342,ESTIMA,3.81,421.21,-7.36,147.06,44.902,372.498,-7.554,161.974,-20.0,0.0
1779199865.8849208,72.63,121.61,0.474,72.63,121.61,0.474,VISION,3.81,421.21,-7.36,147.06,68.82,348.58,25.45,128.97,-20.0,0.0
1779199865.9851792,72.63,121.61,0.474,78.78604768353198,124.76810347618155,0.474,VISION,3.81,421.21,-7.36,147.06,68.82,348.58,25.45,128.97,0.0,0.0
1779199866.0854297,72.63,121.61,0.474,84.73126120525723,127.81804728019539,0.474,VISION,3.81,421.21,-7.36,147.06,68.82,348.58,25.45,128.97,0.0,0.0
1779199866.185746,72.63,121.61,0.474,90.99208638918286,131.02990248235918,0.474,VISION,3.81,421.21,-7.36,147.06,68.82,348.58,25.45,128.97,0.0,0.0
1779199866.2861006,72.63,121.61,0.474,96.6909816858576,133.95348299570847,0.9485230130086049,VISION,3.81,421.21,-7.36,147.06,68.82,348.58,25.45,128.97,0.0,0.0
1779199866.486759,99.87144043475858,141.34793782982504,2.067938904590171,99.87144043475858,141.34793782982504,2.067938904590171,ESTIMA,3.81,421.21,-7.36,147.06,96.061,321.339,5.712,148.708,30.0,0.0
1779199866.5870323,99.09238400898056,142.7837270327025,2.293253357320547,99.09238400898056,142.7837270327025,2.293253357320547,ESTIMA,3.81,421.21,-7.36,147.06,95.282,322.118,4.276,150.144,30.0,0.0
1779199866.687417,97.99746025573606,144.02594787596715,2.364908585547752,97.99746025573606,144.02594787596715,2.364908585547752,ESTIMA,3.81,421.21,-7.36,147.06,94.187,323.213,3.034,151.386,30.0,0.0
1779199866.787941,95.68104598796076,146.3023389866616,2.3817069068619507,95.68104598796076,146.3023389866616,2.3817069068619507,ESTIMA,3.81,421.21,-7.36,147.06,91.871,325.529,0.758,153.662,30.0,0.0
1779199866.8882425,93.04925775266372,148.80315369954778,2.4204520621769983,93.04925775266372,148.80315369954778,2.4204520621769983,ESTIMA,3.81,421.21,-7.36,147.06,89.239,328.161,-1.743,156.163,30.0,0.0
1779199866.9886246,89.04727534452576,152.32124805342596,2.4687013274302347,89.04727534452576,152.32124805342596,2.4687013274302347,ESTIMA,3.81,421.21,-7.36,147.06,85.237,332.163,-5.261,159.681,30.0,0.0
1779199867.0889978,86.0201886533728,154.73374868777947,2.4997716147089815,86.0201886533728,154.73374868777947,2.4997716147089815,ESTIMA,3.81,421.21,-7.36,147.06,82.21,335.19,-7.674,162.094,30.0,0.0
1779199867.189401,84.10301937621317,156.16659919572962,2.5209268405167973,84.10301937621317,156.16659919572962,2.5209268405167973,ESTIMA,3.81,421.21,-7.36,147.06,80.293,337.107,-9.107,163.527,30.0,0.0
1779199867.2897358,80.84442329639664,158.49621723975628,2.557036104911279,80.84442329639664,158.49621723975628,2.557036104911279,ESTIMA,3.81,421.21,-7.36,147.06,77.034,340.366,-11.436,165.856,30.0,0.0
1779199867.3900168,77.56583960979431,160.66565744710238,2.592694787757039,77.56583960979431,160.66565744710238,2.592694787757039,ESTIMA,3.81,421.21,-7.36,147.06,73.756,343.644,-13.606,168.026,30.0,0.0
1779199867.4902802,72.99455014139926,163.4614115158164,2.6458444233220635,72.99455014139926,163.4614115158164,2.6458444233220635,ESTIMA,3.81,421.21,-7.36,147.06,69.185,348.215,-16.401,170.821,30.0,0.0
1779199867.590622,70.63502419631884,164.73743029947565,2.670116322623052,70.63502419631884,164.73743029947565,2.670116322623052,ESTIMA,3.81,421.21,-7.36,147.06,66.825,350.575,-17.677,172.097,30.0,0.0
1779199867.6909952,66.71325395784213,166.73684508590412,2.707502103717424,66.71325395784213,166.73684508590412,2.707502103717424,ESTIMA,3.81,421.21,-7.36,147.06,62.903,354.497,-19.677,174.097,30.0,0.0
1779199867.791316,62.256213189718224,168.80304577318498,2.7509384615924195,62.256213189718224,168.80304577318498,2.7509384615924195,ESTIMA,3.81,421.21,-7.36,147.06,58.446,358.954,-21.743,176.163,30.0,0.0
1779199867.8915913,59.51688766016307,169.93115439982677,2.7769034216581288,59.51688766016307,169.93115439982677,2.7769034216581288,ESTIMA,3.81,421.21,-7.36,147.06,55.707,361.693,-22.871,177.291,30.0,0.0
1779199867.991865,54.76539713425856,171.74511171892195,2.8218226848390766,54.76539713425856,171.74511171892195,2.8218226848390766,ESTIMA,3.81,421.21,-7.36,147.06,50.955,366.445,-24.685,179.105,30.0,0.0
1779199868.0921192,52.08998459655028,172.6310321263813,2.845536956640785,52.08998459655028,172.6310321263813,2.845536956640785,ESTIMA,3.81,421.21,-7.36,147.06,48.28,369.12,-25.571,179.991,30.0,0.0
1779199868.1924195,49.59675759845267,173.39151563869785,2.944973709870669,49.59675759845267,173.39151563869785,2.944973709870669,ESTIMA,3.81,421.21,-7.36,147.06,45.787,371.613,-26.332,180.752,30.0,0.0
1779199868.2927334,47.92933265972664,173.7236540882526,3.037549614725518,47.92933265972664,173.7236540882526,3.037549614725518,ESTIMA,3.81,421.21,-7.36,147.06,44.119,373.281,-26.664,181.084,30.0,0.0
1779199868.393041,44.72537788104594,174.05821134084312,3.090181173818891,44.72537788104594,174.05821134084312,3.090181173818891,ESTIMA,3.81,421.21,-7.36,147.06,40.915,376.485,-26.998,181.418,30.0,0.0
1779199868.4933498,41.496104013995236,174.22437951666896,3.1141646954356426,41.496104013995236,174.22437951666896,3.1141646954356426,ESTIMA,3.81,421.21,-7.36,147.06,37.686,379.714,-27.164,181.584,30.0,0.0
1779199868.5936093,38.13307731071995,174.31664361005858,3.13303553900958,38.13307731071995,174.31664361005858,3.13303553900958,ESTIMA,3.81,421.21,-7.36,147.06,34.323,383.077,-27.257,181.677,30.0,0.0
1779199868.6938548,33.37858698271266,174.3573293216304,3.151667609844779,33.37858698271266,174.3573293216304,3.151667609844779,ESTIMA,3.81,421.21,-7.36,147.06,29.569,387.831,-27.297,181.717,30.0,0.0
1779199868.7941902,31.341747818023215,174.33680756179103,3.1660010426110277,31.341747818023215,174.33680756179103,3.1660010426110277,ESTIMA,3.81,421.21,-7.36,147.06,27.532,389.868,-27.277,181.697,30.0,0.0
1779199868.8944845,27.90192030683771,174.2528302360278,3.195713621099804,27.90192030683771,174.2528302360278,3.195713621099804,ESTIMA,3.81,421.21,-7.36,147.06,24.092,393.308,-27.193,181.613,30.0,0.0
1779199868.9947717,23.130680232818662,173.99435369162214,3.224739170264011,23.130680232818662,173.99435369162214,3.224739170264011,ESTIMA,3.81,421.21,-7.36,147.06,19.321,398.079,-26.934,181.354,30.0,0.0
1779199869.0950503,21.110647666248564,173.82600689482885,3.2354589677904984,21.110647666248564,173.82600689482885,3.2354589677904984,ESTIMA,3.81,421.21,-7.36,147.06,17.301,400.099,-26.766,181.186,30.0,0.0
1779199869.1953068,21.110647666248564,173.82600689482885,3.2354589677904984,21.110647666248564,173.82600689482885,3.2354589677904984,ESTIMA,3.81,421.21,-7.36,147.06,17.301,400.099,-26.766,181.186,30.0,0.0
1779199869.2955775,13.213462312998786,173.03942645464852,3.2572726387030992,13.213462312998786,173.03942645464852,3.2572726387030992,ESTIMA,3.81,421.21,-7.36,147.06,9.403,407.997,-25.979,180.399,30.0,0.0
1779199869.3958867,10.229114668315283,172.69264893920197,3.2728363395382627,10.229114668315283,172.69264893920197,3.2728363395382627,ESTIMA,3.81,421.21,-7.36,147.06,6.419,410.981,-25.633,180.053,30.0,0.0
1779199869.496174,10.229114668315283,172.69264893920197,3.2728363395382627,10.229114668315283,172.69264893920197,3.2728363395382627,ESTIMA,3.81,421.21,-7.36,147.06,6.419,410.981,-25.633,180.053,30.0,0.0
1779199869.5964913,3.1246706608190595,171.68261292184854,3.310126194524456,3.1246706608190595,171.68261292184854,3.310126194524456,ESTIMA,3.81,421.21,-7.36,147.06,-0.685,418.085,-24.623,179.043,30.0,0.0
1779199869.6968203,3.1246706608190595,171.68261292184854,3.310126194524456,3.1246706608190595,171.68261292184854,3.310126194524456,ESTIMA,3.81,421.21,-7.36,147.06,-0.685,418.085,-24.623,179.043,30.0,0.0
1779199869.797166,-3.73222100497501,170.47283638693563,3.330441195006373,-3.73222100497501,170.47283638693563,3.330441195006373,ESTIMA,3.81,421.21,-7.36,147.06,-7.542,424.942,-23.413,177.833,30.0,0.0
1779199869.8974447,-7.160354046666469,169.817630846435,3.336094451517867,-7.160354046666469,169.817630846435,3.336094451517867,ESTIMA,3.81,421.21,-7.36,147.06,-10.97,428.37,-22.758,177.178,30.0,0.0
1779199869.9980042,-7.160354046666469,169.817630846435,3.336094451517867,-7.160354046666469,169.817630846435,3.336094451517867,ESTIMA,3.81,421.21,-7.36,147.06,-10.97,428.37,-22.758,177.178,30.0,0.0
1779199870.0982938,-14.260759573531585,168.37083954005868,3.3679167339329052,-14.260759573531585,168.37083954005868,3.3679167339329052,ESTIMA,3.81,421.21,-7.36,147.06,-18.071,435.471,-21.311,175.731,30.0,0.0
1779199870.1986516,-14.260759573531585,168.37083954005868,3.3679167339329052,-14.260759573531585,168.37083954005868,3.3679167339329052,ESTIMA,3.81,421.21,-7.36,147.06,-18.071,435.471,-21.311,175.731,30.0,0.0
1779199870.298933,-20.89600862315467,166.81498473717608,3.3862431001951463,-20.89600862315467,166.81498473717608,3.3862431001951463,ESTIMA,3.81,421.21,-7.36,147.06,-24.706,442.106,-19.755,174.175,30.0,0.0
1779199870.3993917,-20.89600862315467,166.81498473717608,3.3862431001951463,-20.89600862315467,166.81498473717608,3.3862431001951463,ESTIMA,3.81,421.21,-7.36,147.06,-24.706,442.106,-19.755,174.175,30.0,0.0
1779199870.499805,-27.637811636972174,165.11901729879213,3.3945445709258832,-27.637811636972174,165.11901729879213,3.3945445709258832,ESTIMA,3.81,421.21,-7.36,147.06,-31.448,448.848,-18.059,172.479,30.0,0.0
1779199870.6003053,-27.637811636972174,165.11901729879213,3.3945445709258832,-27.637811636972174,165.11901729879213,3.3945445709258832,ESTIMA,3.81,421.21,-7.36,147.06,-31.448,448.848,-18.059,172.479,30.0,0.0
1779199870.700633,-31.541239697638062,164.11002531986117,3.4051852522692365,-31.541239697638062,164.11002531986117,3.4051852522692365,ESTIMA,3.81,421.21,-7.36,147.06,-35.351,452.751,-17.05,171.47,30.0,0.0
1779199870.8009734,-34.61392689837277,163.28079284595785,3.419476562672185,-34.61392689837277,163.28079284595785,3.419476562672185,ESTIMA,3.81,421.21,-7.36,147.06,-38.424,455.824,-16.221,170.641,30.0,0.0
1779199870.9012585,-37.879295128878766,162.34929871923342,3.425811473013547,-37.879295128878766,162.34929871923342,3.425811473013547,ESTIMA,3.81,421.21,-7.36,147.06,-41.689,459.089,-15.289,169.709,30.0,0.0
1779199871.0015464,-41.261817427093305,161.36117072053705,3.431719504944319,-41.261817427093305,161.36117072053705,3.431719504944319,ESTIMA,3.81,421.21,-7.36,147.06,-45.072,462.472,-14.301,168.721,30.0,0.0
1779199871.1018355,-44.84852451400256,160.29035595077605,3.4340251303538443,-44.84852451400256,160.29035595077605,3.4340251303538443,ESTIMA,3.81,421.21,-7.36,147.06,-48.659,466.059,-13.23,167.65,30.0,0.0
1779199871.20215,66.93,94.93,-1.178,66.93,94.93,-1.178,VISION,3.81,421.21,-7.36,147.06,63.12,354.28,52.13,102.29,30.0,0.0
1779199871.302376,66.93,94.93,-1.178,68.82469543547681,90.35705842440963,-1.1680732369166307,VISION,3.81,421.21,-7.36,147.06,63.12,354.28,52.13,102.29,30.0,0.0
1779199871.4026327,66.93,94.93,-1.178,69.664344507126,88.38608258228338,-1.1608497720892814,VISION,3.81,421.21,-7.36,147.06,63.12,354.28,52.13,102.29,30.0,0.0
1779199871.5029154,66.93,94.93,-1.178,71.7217389008874,83.65173495195599,-1.156179635900404,VISION,3.81,421.21,-7.36,147.06,63.12,354.28,52.13,102.29,30.0,0.0
1779199871.6032355,66.93,94.93,-1.178,72.80491186480722,81.19071139430154,-1.1534281109145628,VISION,3.81,421.21,-7.36,147.06,63.12,354.28,52.13,102.29,30.0,0.0
1779199871.703545,109.13,118.33,-1.086,109.13,118.33,-1.086,VISION,3.81,421.21,-7.36,147.06,105.32,312.08,28.73,125.69,30.0,0.0
1779199871.8038256,109.13,118.33,-1.086,111.04047618512602,114.70289777599889,-1.0842142297487496,VISION,3.81,421.21,-7.36,147.06,105.32,312.08,28.73,125.69,30.0,0.0
1779199871.9040802,109.13,118.33,-1.086,112.6119664077356,111.73224946686467,-1.0788941633325992,VISION,3.81,421.21,-7.36,147.06,105.32,312.08,28.73,125.69,30.0,0.0
1779199872.004352,109.13,118.33,-1.086,114.19896946476109,108.77050542133682,-1.0753946691387544,VISION,3.81,421.21,-7.36,147.06,105.32,312.08,28.73,125.69,30.0,0.0
1779199872.1046135,109.13,118.33,-1.086,115.86211427189781,105.69258381669552,-1.0886009929235771,VISION,3.81,421.21,-7.36,147.06,105.32,312.08,28.73,125.69,30.0,0.0
1779199872.2048123,109.13,118.33,-1.086,117.96113016862304,101.68226991692238,-1.16169475588557,VISION,3.81,421.21,-7.36,147.06,105.32,312.08,28.73,125.69,30.0,0.0
1779199872.3050992,124.12,127.63,-1.052,124.12,127.63,-1.052,VISION,3.81,421.21,-7.36,147.06,120.31,297.09,19.43,134.99,30.0,0.0
1779199872.40536,124.12,127.63,-1.052,125.78350656597492,124.71649819957733,-1.0756048851547186,VISION,3.81,421.21,-7.36,147.06,120.31,297.09,19.43,134.99,30.0,0.0
1779199872.5056367,124.12,127.63,-1.052,127.78100239209434,121.01794653774148,-1.066694971712661,VISION,3.81,421.21,-7.36,147.06,120.31,297.09,19.43,134.99,30.0,0.0
1779199872.6058853,124.12,127.63,-1.052,129.57253571198808,117.7702963540251,-1.0163978041008148,VISION,3.81,421.21,-7.36,147.06,120.31,297.09,19.43,134.99,30.0,0.0
1779199872.7061994,124.12,127.63,-1.052,132.28105829492034,113.39588041679629,-0.981588271066754,VISION,3.81,421.21,-7.36,147.06,120.31,297.09,19.43,134.99,30.0,0.0
1779199872.8065379,133.67969697582564,111.30339198225478,-0.9695776175220338,133.67969697582564,111.30339198225478,-0.9695776175220338,ESTIMA,3.81,421.21,-7.36,147.06,129.87,287.53,35.757,118.663,30.0,0.0
1779199872.9069643,133.21,133.43,-1.242,134.64917150067365,129.21178888244287,-1.232833077044162,VISION,3.81,421.21,-7.36,147.06,129.4,288.0,13.63,140.79,0.0,0.0
1779199873.0072265,133.21,133.43,-1.242,133.21,133.43,-1.242,VISION,3.81,421.21,-7.36,147.06,129.4,288.0,13.63,140.79,0.0,0.0
1779199873.107483,133.21,133.43,-1.242,135.66938531850667,126.34582118159375,-1.206805898272438,VISION,3.81,421.21,-7.36,147.06,129.4,288.0,13.63,140.79,0.0,0.0
1779199873.2078085,133.21,133.43,-1.242,135.66938531850667,126.34582118159375,-1.206805898272438,VISION,3.81,421.21,-7.36,147.06,129.4,288.0,13.63,140.79,0.0,0.0
1779199873.3080733,133.21,133.43,-1.242,137.32813544048025,122.13888186685077,-1.1335893091230185,VISION,3.81,421.21,-7.36,147.06,129.4,288.0,13.63,140.79,0.0,0.0
1779199873.4083297,133.21,133.43,-1.242,137.32813544048025,122.13888186685077,-1.1335893091230185,VISION,3.81,421.21,-7.36,147.06,129.4,288.0,13.63,140.79,-20.0,0.0
1779199873.5086343,138.99836063462135,118.95606669979587,-1.146452501560106,138.99836063462135,118.95606669979587,-1.146452501560106,ESTIMA,3.81,421.21,-7.36,147.06,135.188,282.212,28.104,126.316,-20.0,0.0
1779199873.608932,141.73894650070596,112.89004301887478,-1.146452501560106,141.73894650070596,112.89004301887478,-1.146452501560106,ESTIMA,3.81,421.21,-7.36,147.06,137.929,279.471,34.17,120.25,-20.0,0.0
1779199873.709227,141.73894650070596,112.89004301887478,-1.146452501560106,141.73894650070596,112.89004301887478,-1.146452501560106,ESTIMA,3.81,421.21,-7.36,147.06,137.929,279.471,34.17,120.25,-20.0,0.0
1779199873.8095524,147.25478496697679,100.68126416957847,-1.146452501560106,147.25478496697679,100.68126416957847,-1.146452501560106,ESTIMA,3.81,421.21,-7.36,147.06,143.445,273.955,46.379,108.041,-20.0,0.0
1779199873.9098115,147.25478496697679,100.68126416957847,-1.146452501560106,147.25478496697679,100.68126416957847,-1.146452501560106,ESTIMA,3.81,421.21,-7.36,147.06,143.445,273.955,46.379,108.041,0.0,0.0
1779199874.0101085,152.76474962178372,88.48548643799138,-1.0554156490852356,152.76474962178372,88.48548643799138,-1.0554156490852356,ESTIMA,3.81,421.21,-7.36,147.06,148.955,268.445,58.575,95.845,0.0,0.0
1779199874.11042,154.42504133418944,85.55440972652724,-0.5907747521894002,154.42504133418944,85.55440972652724,-0.5907747521894002,ESTIMA,3.81,421.21,-7.36,147.06,150.615,266.785,61.506,92.914,0.0,0.0
1779199874.2106814,154.42504133418944,85.55440972652724,-0.5907747521894002,154.42504133418944,85.55440972652724,-0.5907747521894002,ESTIMA,3.81,421.21,-7.36,147.06,150.615,266.785,61.506,92.914,0.0,0.0
1779199874.5113854,169.29311318389304,88.3241777697902,0.7470799225774014,169.29311318389304,88.3241777697902,0.7470799225774014,ESTIMA,3.81,421.21,-7.36,147.06,165.483,251.917,58.736,95.684,30.0,0.0
1779199874.6117072,169.29311318389304,88.3241777697902,0.7470799225774014,169.29311318389304,88.3241777697902,0.7470799225774014,ESTIMA,3.81,421.21,-7.36,147.06,165.483,251.917,58.736,95.684,0.0,0.0
1779199874.7120795,172.25406207369093,91.0664810475522,1.2014996036958148,172.25406207369093,91.0664810475522,1.2014996036958148,ESTIMA,3.81,421.21,-7.36,147.06,168.444,248.956,55.994,98.426,0.0,0.0
1779199874.8125257,172.64250589208766,92.07007101560286,1.2052580431672082,172.64250589208766,92.07007101560286,1.2052580431672082,ESTIMA,3.81,421.21,-7.36,147.06,168.833,248.567,54.99,99.43,0.0,0.0
1779199874.9129534,172.87279941010556,92.67176950266945,1.2223137270789033,172.87279941010556,92.67176950266945,1.2223137270789033,ESTIMA,3.81,421.21,-7.36,147.06,169.063,248.337,54.388,100.032,0.0,0.0
1779199875.0132778,173.10158972326263,93.3015083004172,1.1806070476302506,173.10158972326263,93.3015083004172,1.1806070476302506,ESTIMA,3.81,421.21,-7.36,147.06,169.292,248.108,53.758,100.662,0.0,0.0
1779199875.1135786,173.1935339470763,93.52506664225679,1.213948739883449,173.1935339470763,93.52506664225679,1.213948739883449,ESTIMA,3.81,421.21,-7.36,147.06,169.384,248.016,53.535,100.885,-20.0,0.0
1779199875.213893,173.1935339470763,93.52506664225679,1.2139487398834474,173.1935339470763,93.52506664225679,1.2139487398834474,ESTIMA,3.81,421.21,-7.36,147.06,169.384,248.016,53.535,100.885,-20.0,0.0
1779199875.3142252,174.52155018931032,97.0872649445569,1.2139487398834474,174.52155018931032,97.0872649445569,1.2139487398834474,ESTIMA,3.81,421.21,-7.36,147.06,170.712,246.688,49.973,104.447,-20.0,0.0
1779199875.4145746,176.68171375654632,102.88156982365547,1.2139487398834474,176.68171375654632,102.88156982365547,1.2139487398834474,ESTIMA,3.81,421.21,-7.36,147.06,172.872,244.528,44.178,110.242,-20.0,0.0
1779199875.5149348,179.08422053447939,109.32592290718482,1.2139487398834474,179.08422053447939,109.32592290718482,1.2139487398834474,ESTIMA,3.81,421.21,-7.36,147.06,175.274,242.126,37.734,116.686,-20.0,0.0
1779199875.6152527,181.61888611052782,116.12477153926906,1.2139487398834474,181.61888611052782,116.12477153926906,1.2139487398834474,ESTIMA,3.81,421.21,-7.36,147.06,177.809,239.591,30.935,123.485,0.0,0.0
1779199875.7156205,184.70894897985517,124.41338756447801,1.2139487398834474,184.70894897985517,124.41338756447801,1.2139487398834474,ESTIMA,3.81,421.21,-7.36,147.06,180.899,236.501,22.647,131.773,0.0,0.0
1779199875.8160338,186.29543488636477,128.66889079031566,1.2139487398834474,186.29543488636477,128.66889079031566,1.2139487398834474,ESTIMA,3.81,421.21,-7.36,147.06,182.485,234.915,18.391,136.029,0.0,0.0
1779199875.9164886,187.71787794764714,132.4843744394424,1.5865712003784178,187.71787794764714,132.4843744394424,1.5865712003784178,ESTIMA,3.81,421.21,-7.36,147.06,183.908,233.492,14.576,139.844,0.0,0.0
1779199876.2179284,182.56761055709399,141.44191641646248,3.118273883268156,182.56761055709399,141.44191641646248,3.118273883268156,ESTIMA,3.81,421.21,-7.36,147.06,178.758,238.642,5.618,148.802,30.0,0.0
1779199876.318524,181.13917182223577,141.4752318900548,3.315353495737006,181.13917182223577,141.4752318900548,3.315353495737006,ESTIMA,3.81,421.21,-7.36,147.06,177.329,240.071,5.585,148.835,30.0,0.0
1779199876.4191945,179.70170035639302,141.22291108493297,3.3364353276837497,179.70170035639302,141.22291108493297,3.3364353276837497,ESTIMA,3.81,421.21,-7.36,147.06,175.892,241.508,5.837,148.583,30.0,0.0
1779199876.5197566,176.27677650900495,140.5470148716676,3.3748669308552324,176.27677650900495,140.5470148716676,3.3748669308552324,ESTIMA,3.81,421.21,-7.36,147.06,172.467,244.933,6.513,147.907,30.0,0.0
1779199876.6203833,172.705118155617,139.69838953291034,3.4037517748637445,172.705118155617,139.69838953291034,3.4037517748637445,ESTIMA,3.81,421.21,-7.36,147.06,168.895,248.505,7.362,147.058,30.0,0.0
1779199876.7209678,167.68002481805044,138.3499821634644,3.4550804267496944,167.68002481805044,138.3499821634644,3.4550804267496944,ESTIMA,3.81,421.21,-7.36,147.06,163.87,253.53,8.71,145.71,30.0,0.0
1779199876.8215053,165.49645868274877,137.64211920822405,3.45323567946769,165.49645868274877,137.64211920822405,3.45323567946769,ESTIMA,3.81,421.21,-7.36,147.06,161.686,255.714,9.418,145.002,30.0,0.0
1779199876.9221416,162.07211040259034,136.53899938969988,3.417213532887886,162.07211040259034,136.53899938969988,3.417213532887886,ESTIMA,3.81,421.21,-7.36,147.06,158.262,259.138,10.521,143.899,30.0,0.0
1779199877.0226982,162.07211040259034,136.53899938969988,3.417213532887886,162.07211040259034,136.53899938969988,3.417213532887886,ESTIMA,3.81,421.21,-7.36,147.06,158.262,259.138,10.521,143.899,30.0,0.0
1779199877.1232195,154.96307452376192,134.5292355209747,3.398518183167146,154.96307452376192,134.5292355209747,3.398518183167146,ESTIMA,3.81,421.21,-7.36,147.06,151.153,266.247,12.531,141.889,30.0,0.0
1779199877.2238336,154.96307452376192,134.5292355209747,3.398518183167146,154.96307452376192,134.5292355209747,3.398518183167146,ESTIMA,3.81,421.21,-7.36,147.06,151.153,266.247,12.531,141.889,30.0,0.0
1779199877.3244882,149.06855183123062,133.31877298849034,3.2292970453087317,149.06855183123062,133.31877298849034,3.2292970453087317,ESTIMA,3.81,421.21,-7.36,147.06,145.259,272.141,13.741,140.679,30.0,0.0
1779199877.4248896,145.02349304256887,132.96309112450422,3.268694506926527,145.02349304256887,132.96309112450422,3.268694506926527,ESTIMA,3.81,421.21,-7.36,147.06,141.213,276.187,14.097,140.323,30.0,0.0
1779199877.5252452,141.72879102399529,132.54205870328124,3.256499462315049,141.72879102399529,132.54205870328124,3.256499462315049,ESTIMA,3.81,421.21,-7.36,147.06,137.919,279.481,14.518,139.902,30.0,0.0
1779199877.625567,141.72879102399529,132.54205870328124,3.256499462315049,141.72879102399529,132.54205870328124,3.256499462315049,ESTIMA,3.81,421.21,-7.36,147.06,137.919,279.481,14.518,139.902,30.0,0.0
1779199877.7258017,139.01431191818855,132.22876649761625,3.1818521337967662,139.01431191818855,132.22876649761625,3.1818521337967662,ESTIMA,3.81,421.21,-7.36,147.06,135.204,282.196,14.831,139.589,30.0,0.0
1779199877.8260894,134.6738697960913,131.97617005742342,3.2493803151720995,134.6738697960913,131.97617005742342,3.2493803151720995,ESTIMA,3.81,421.21,-7.36,147.06,130.864,286.536,15.084,139.336,30.0,0.0
1779199877.9263945,134.6738697960913,131.97617005742342,3.2493803151720995,134.6738697960913,131.97617005742342,3.2493803151720995,ESTIMA,3.81,421.21,-7.36,147.06,130.864,286.536,15.084,139.336,30.0,0.0
1779199878.0266457,127.63641274076014,131.14613896908168,3.297669871614545,127.63641274076014,131.14613896908168,3.297669871614545,ESTIMA,3.81,421.21,-7.36,147.06,123.826,293.574,15.914,138.506,30.0,0.0
1779199878.1269493,123.91731997513759,130.5609135316731,3.315073300306772,123.91731997513759,130.5609135316731,3.315073300306772,ESTIMA,3.81,421.21,-7.36,147.06,120.107,297.293,16.499,137.921,30.0,0.0
1779199878.2272186,140.32,56.8,0.035,140.32,56.8,0.035,VISION,3.81,421.21,-7.36,147.06,136.51,280.89,90.26,64.16,30.0,0.0
1779199878.3274574,140.32,56.8,0.035,146.76276452882203,57.080591627521585,0.07514973816664469,VISION,3.81,421.21,-7.36,147.06,136.51,280.89,90.26,64.16,30.0,0.0
1779199878.4277165,140.32,56.8,0.035,146.76276452882203,57.080591627521585,0.07514973816664469,VISION,3.81,421.21,-7.36,147.06,136.51,280.89,90.26,64.16,30.0,0.0
1779199878.528016,140.32,56.8,0.035,153.53102005712623,57.650378177480626,0.11371023415366054,VISION,3.81,421.21,-7.36,147.06,136.51,280.89,90.26,64.16,30.0,0.0
1779199878.6283143,140.32,56.8,0.035,156.99697507394103,58.0462002016051,0.1344146155448732,VISION,3.81,421.21,-7.36,147.06,136.51,280.89,90.26,64.16,30.0,0.0
1779199878.7286785,137.04,78.87,0.217,137.04,78.87,0.217,VISION,3.81,421.21,-7.36,147.06,133.23,284.17,68.19,86.23,30.0,0.0
1779199878.829087,137.04,78.87,0.217,143.95116033644737,80.43726813149804,0.2529591247201828,VISION,3.81,421.21,-7.36,147.06,133.23,284.17,68.19,86.23,30.0,0.0
1779199878.9293783,137.04,78.87,0.217,143.95116033644737,80.43726813149804,0.2529591247201828,VISION,3.81,421.21,-7.36,147.06,133.23,284.17,68.19,86.23,30.0,0.0
1779199879.0296338,137.04,78.87,0.217,150.49012745180292,82.19439601900098,0.2879372050860509,VISION,3.81,421.21,-7.36,147.06,133.23,284.17,68.19,86.23,30.0,0.0
1779199879.1298804,137.04,78.87,0.217,153.6790044784246,83.13883832403556,0.307226321057611,VISION,3.81,421.21,-7.36,147.06,133.23,284.17,68.19,86.23,30.0,0.0
1779199879.2301407,153.6790044784246,83.13883832403556,0.307226321057611,153.6790044784246,83.13883832403556,0.307226321057611,ESTIMA,3.81,421.21,-7.36,147.06,149.869,267.531,63.921,90.499,30.0,0.0
1779199879.3304057,131.88,95.78,0.31,131.88,95.78,0.31,VISION,3.81,421.21,-7.36,147.06,128.07,289.33,51.28,103.14,30.0,0.0
1779199879.430661,131.88,95.78,0.31,134.79876177090705,96.71495967599148,0.3228767588367422,VISION,3.81,421.21,-7.36,147.06,128.07,289.33,51.28,103.14,0.0,0.0
1779199879.5308986,131.88,95.78,0.31,140.5158495209472,98.66853772426224,0.3550248036908363,VISION,3.81,421.21,-7.36,147.06,128.07,289.33,51.28,103.14,0.0,0.0
1779199879.631134,131.88,95.78,0.31,142.06884443317094,99.24428472182582,0.35343033032986315,VISION,3.81,421.21,-7.36,147.06,128.07,289.33,51.28,103.14,0.0,0.0
1779199879.7314107,131.88,95.78,0.31,142.06884443317094,99.24428472182582,0.35343033032986315,VISION,3.81,421.21,-7.36,147.06,128.07,289.33,51.28,103.14,0.0,0.0
1779199879.8317273,142.457045149981,99.38750003747553,0.348427841920819,142.457045149981,99.38750003747553,0.348427841920819,ESTIMA,3.81,421.21,-7.36,147.06,138.647,278.753,47.672,106.748,0.0,0.0
1779199879.932028,125.34,111.99,0.392,125.34,111.99,0.392,VISION,3.81,421.21,-7.36,147.06,121.53,295.87,35.07,119.35,-20.0,0.0
1779199880.0322936,125.34,111.99,0.392,125.34,111.99,0.3919999999999984,VISION,3.81,421.21,-7.36,147.06,121.53,295.87,35.07,119.35,-20.0,0.0
1779199880.1325731,125.34,111.99,0.392,128.80031853654947,113.4204776000066,0.3919999999999984,VISION,3.81,421.21,-7.36,147.06,121.53,295.87,35.07,119.35,-20.0,0.0
1779199880.2328753,125.34,111.99,0.392,134.8318797545791,115.91389348768485,0.43938022870030735,VISION,3.81,421.21,-7.36,147.06,121.53,295.87,35.07,119.35,-20.0,0.0
1779199880.3331454,125.34,111.99,0.392,140.45196456316444,118.55546606124066,0.3442088527679427,VISION,3.81,421.21,-7.36,147.06,121.53,295.87,35.07,119.35,-20.0,0.0
1779199880.4333887,142.1338850104368,119.1584000160121,0.19634196735250375,142.1338850104368,119.1584000160121,0.19634196735250375,ESTIMA,3.81,421.21,-7.36,147.06,138.324,279.076,27.902,126.518,0.0,0.0
1779199880.5336568,121.67,119.44,0.423,129.57980589340525,123.00080213103848,0.8218206715419374,VISION,3.81,421.21,-7.36,147.06,117.86,299.54,27.62,126.8,0.0,0.0
1779199880.6340024,121.67,119.44,0.423,129.81363431176527,123.25231574458832,0.8691884515038848,VISION,3.81,421.21,-7.36,147.06,117.86,299.54,27.62,126.8,0.0,0.0
1779199880.7342675,121.67,119.44,0.423,129.81363431176527,123.25231574458832,0.8691884515038835,VISION,3.81,421.21,-7.36,147.06,117.86,299.54,27.62,126.8,0.0,0.0
1779199881.4370565,122.63,118.1,0.331,127.91724763810551,122.48129946620837,1.3226789465937094,VISION,3.81,421.21,-7.36,147.06,118.82,298.58,28.96,125.46,30.0,0.0
1779199881.53734,122.63,118.1,0.331,127.91724763810551,122.48129946620837,1.3226789465937088,VISION,3.81,421.21,-7.36,147.06,118.82,298.58,28.96,125.46,0.0,0.0
1779199881.6376379,128.15937936939042,123.43706683303493,1.3396518957596912,128.15937936939042,123.43706683303493,1.3396518957596912,ESTIMA,3.81,421.21,-7.36,147.06,124.349,293.051,23.623,130.797,0.0,0.0
1779199881.737949,122.8,117.99,0.306,124.29756935961122,118.46311613558018,0.33732949373291526,VISION,3.81,421.21,-7.36,147.06,118.99,298.41,29.07,125.35,0.0,0.0
1779199881.8382804,122.8,117.99,0.306,124.29756935961122,118.46311613558018,0.33732949373291526,VISION,3.81,421.21,-7.36,147.06,118.99,298.41,29.07,125.35,0.0,0.0
1779199881.9386263,122.8,117.99,0.306,124.97862876967014,118.70198753533843,0.32472480901120826,VISION,3.81,421.21,-7.36,147.06,118.99,298.41,29.07,125.35,0.0,0.0
1779199882.038904,122.8,117.99,0.306,124.97862876967014,118.70198753533843,0.3247248090112065,VISION,3.81,421.21,-7.36,147.06,118.99,298.41,29.07,125.35,-20.0,0.0
1779199882.139192,122.8,117.99,0.306,124.97862876967014,118.70198753533843,0.3247248090112053,VISION,3.81,421.21,-7.36,147.06,118.99,298.41,29.07,125.35,-20.0,0.0
1779199882.2394824,122.38,119.24,0.305,122.38,119.24,0.305,VISION,3.81,421.21,-7.36,147.06,118.57,298.83,27.82,126.6,-20.0,0.0
1779199882.2400455,122.38,119.24,0.305,122.38,119.24,0.305,VISION,3.81,421.21,-7.36,147.06,118.57,298.83,27.82,126.6,-20.0,0.0
1779199882.3401244,122.38,119.24,0.305,128.14275812218526,121.05425010565423,0.21240848738571694,VISION,3.81,421.21,-7.36,147.06,118.57,298.83,27.82,126.6,-20.0,0.0
1779199882.4405646,122.38,119.24,0.305,128.14275812218526,121.05425010565423,0.21240848738571694,VISION,3.81,421.21,-7.36,147.06,118.57,298.83,27.82,126.6,-20.0,0.0
1779199882.541084,122.38,119.24,0.305,137.73795635033105,122.21011522350577,0.16556422128528653,VISION,3.81,421.21,-7.36,147.06,118.57,298.83,27.82,126.6,0.0,0.0
1779199882.6413383,122.38,119.24,0.305,142.90552638703235,123.07358405000105,0.16556422128528653,VISION,3.81,421.21,-7.36,147.06,118.57,298.83,27.82,126.6,0.0,0.0
1779199882.7415762,122.38,119.24,0.305,143.90837567775725,123.24115393179535,0.025322448382519847,VISION,3.81,421.21,-7.36,147.06,118.57,298.83,27.82,126.6,0.0,0.0
1779199882.8419924,122.12,120.19,0.315,122.12,120.19,0.315,VISION,3.81,421.21,-7.36,147.06,118.31,299.09,26.87,127.55,0.0,0.0
1779199883.6449413,122.62,118.91,0.287,126.04015440599191,120.29900151546966,0.803379616178314,VISION,3.81,421.21,-7.36,147.06,118.81,298.59,28.15,126.27,30.0,0.0
1779199883.7452676,122.62,118.91,0.287,126.5016073776839,120.77735540137297,0.8950556507768282,VISION,3.81,421.21,-7.36,147.06,118.81,298.59,28.15,126.27,0.0,0.0
1779199883.8456206,122.62,118.91,0.287,127.4090218221902,121.90930172710227,0.917192768935492,VISION,3.81,421.21,-7.36,147.06,118.81,298.59,28.15,126.27,0.0,0.0
1779199883.9459708,128.37774862551387,123.17411311560429,0.952986072007989,128.37774862551387,123.17411311560429,0.952986072007989,ESTIMA,3.81,421.21,-7.36,147.06,124.568,292.832,23.886,130.534,0.0,0.0
1779199884.0462801,122.77,118.76,0.266,122.77,118.76,0.266,VISION,3.81,421.21,-7.36,147.06,118.96,298.44,28.3,126.12,0.0,0.0
1779199884.1466007,122.77,118.76,0.266,123.7366155825386,119.02336069336656,0.3120620945897596,VISION,3.81,421.21,-7.36,147.06,118.96,298.44,28.3,126.12,0.0,0.0
1779199884.2467985,122.77,118.76,0.266,123.7366155825386,119.02336069336656,0.3120620945897581,VISION,3.81,421.21,-7.36,147.06,118.96,298.44,28.3,126.12,-20.0,0.0
1779199884.3471014,122.77,118.76,0.266,123.7366155825386,119.02336069336656,0.31206209458975726,VISION,3.81,421.21,-7.36,147.06,118.96,298.44,28.3,126.12,-20.0,0.0
1779199884.4475646,122.77,118.76,0.266,127.08928604861376,120.10494122683299,0.31206209458975726,VISION,3.81,421.21,-7.36,147.06,118.96,298.44,28.3,126.12,-20.0,0.0
1779199884.5479708,132.72381188251714,121.92265445541578,0.1679532960036682,132.72381188251714,121.92265445541578,0.1679532960036682,ESTIMA,3.81,421.21,-7.36,147.06,128.914,288.486,25.137,129.283,-20.0,0.0
1779199884.6482944,121.98,121.43,0.28,121.98,121.43,0.28,VISION,3.81,421.21,-7.36,147.06,118.17,299.23,25.63,128.79,-20.0,0.0
1779199884.7487845,121.98,121.43,0.28,126.46277952854238,122.71904264477995,0.23050998556202862,VISION,3.81,421.21,-7.36,147.06,118.17,299.23,25.63,128.79,0.0,0.0
1779199884.8492975,121.98,121.43,0.28,130.7180750740882,123.71768123827118,0.19031774652415312,VISION,3.81,421.21,-7.36,147.06,118.17,299.23,25.63,128.79,0.0,0.0
1779199884.9499195,121.98,121.43,0.28,132.14417636792376,123.99241873510694,-0.01000283328676585,VISION,3.81,421.21,-7.36,147.06,118.17,299.23,25.63,128.79,0.0,0.0
1779199885.0503063,121.98,121.43,0.28,132.14417636792376,123.99241873510694,-0.01000283328676725,VISION,3.81,421.21,-7.36,147.06,118.17,299.23,25.63,128.79,0.0,0.0
1779199886.2540913,122.39,120.04,0.279,127.10226267602637,122.8373596872045,1.0463328514756798,VISION,3.81,421.21,-7.36,147.06,118.58,298.82,27.02,127.4,30.0,0.0
1779199886.3544736,122.49,119.91,0.259,122.49,119.91,0.259,VISION,3.81,421.21,-7.36,147.06,118.68,298.72,27.15,127.27,0.0,0.0
1779199886.4550524,122.49,119.91,0.259,123.43582647521782,120.16059772593684,0.24838784006807535,VISION,3.81,421.21,-7.36,147.06,118.68,298.72,27.15,127.27,0.0,0.0
1779199886.55533,122.49,119.91,0.259,123.80948142191798,120.25536609422218,0.21749483309040457,VISION,3.81,421.21,-7.36,147.06,118.68,298.72,27.15,127.27,0.0,0.0
1779199886.6555743,122.49,119.91,0.259,124.48614894980349,120.40490315529127,0.12190949439425576,VISION,3.81,421.21,-7.36,147.06,118.68,298.72,27.15,127.27,0.0,0.0
1779199886.7559829,122.49,119.91,0.259,124.48614894980349,120.40490315529127,0.12190949439425477,VISION,3.81,421.21,-7.36,147.06,118.68,298.72,27.15,127.27,0.0,0.0
1779199886.856293,124.48614894980349,120.40490315529127,0.12190949439425373,124.48614894980349,120.40490315529127,0.12190949439425373,ESTIMA,3.81,421.21,-7.36,147.06,120.676,296.724,26.655,127.765,-20.0,0.0
1779199886.956602,122.67,119.74,0.228,122.67,119.74,0.228,VISION,3.81,421.21,-7.36,147.06,118.86,298.54,27.32,127.1,-20.0,0.0
1779199887.056988,122.67,119.74,0.228,126.57993831433825,120.64724136679614,0.2279999999999985,VISION,3.81,421.21,-7.36,147.06,118.86,298.54,27.32,127.1,-20.0,0.0
1779199887.1572957,122.67,119.74,0.228,131.87614318768158,121.8761446797983,-0.02197286960996578,VISION,3.81,421.21,-7.36,147.06,118.86,298.54,27.32,127.1,-20.0,0.0
1779199887.257583,122.67,119.74,0.228,134.48621342079548,121.818784715332,0.06732997281932278,VISION,3.81,421.21,-7.36,147.06,118.86,298.54,27.32,127.1,-20.0,0.0
1779199887.3579292,122.67,119.74,0.228,140.32241687534534,122.21233100621222,-0.07505032395360119,VISION,3.81,421.21,-7.36,147.06,118.86,298.54,27.32,127.1,0.0,0.0
1779199887.458334,140.32241687534534,122.21233100621222,-0.07505032395360119,140.32241687534534,122.21233100621222,-0.07505032395360119,ESTIMA,3.81,421.21,-7.36,147.06,136.512,280.888,24.848,129.572,0.0,0.0
1779199887.5586963,122.55,120.52,0.219,123.72223137515218,120.78090312720586,0.3846434483592446,VISION,3.81,421.21,-7.36,147.06,118.74,298.66,26.54,127.88,0.0,0.0
1779199887.6589434,122.55,120.52,0.219,123.72223137515218,120.78090312720586,0.38464344835924374,VISION,3.81,421.21,-7.36,147.06,118.74,298.66,26.54,127.88,0.0,0.0
1779199888.2614386,123.03,119.18,0.178,123.69611222209966,119.29983628795898,0.27135253814171034,VISION,3.81,421.21,-7.36,147.06,119.22,298.18,27.88,126.54,30.0,0.0
1779199888.36192,123.03,119.18,0.178,126.11371929672792,120.11982471264201,0.5635556597715323,VISION,3.81,421.21,-7.36,147.06,119.22,298.18,27.88,126.54,0.0,0.0
1779199888.4624312,123.03,119.18,0.178,126.11371929672792,120.11982471264201,0.5635556597715323,VISION,3.81,421.21,-7.36,147.06,119.22,298.18,27.88,126.54,0.0,0.0
1779199888.5628328,123.03,119.18,0.178,128.35993329965106,121.5663198964437,0.6035548551747493,VISION,3.81,421.21,-7.36,147.06,119.22,298.18,27.88,126.54,0.0,0.0
1779199888.6632771,128.35993329965106,121.5663198964437,0.6035548551747493,128.35993329965106,121.5663198964437,0.6035548551747493,ESTIMA,3.81,421.21,-7.36,147.06,124.55,292.85,25.494,128.926,0.0,0.0
1779199888.7637,123.31,118.8,0.13,126.28972479962026,119.18948172675337,0.04524278913275886,VISION,3.81,421.21,-7.36,147.06,119.5,297.9,28.26,126.16,0.0,0.0
1779199888.8643167,123.31,118.8,0.13,126.28972479962026,119.18948172675337,0.04524278913275768,VISION,3.81,421.21,-7.36,147.06,119.5,297.9,28.26,126.16,-20.0,0.0
1779199888.9648871,123.31,118.8,0.13,126.28972479962026,119.18948172675337,0.04524278913275768,VISION,3.81,421.21,-7.36,147.06,119.5,297.9,28.26,126.16,-20.0,0.0
1779199889.0653038,123.31,118.8,0.13,134.79621235757162,119.57460175413715,0.04524278913275768,VISION,3.81,421.21,-7.36,147.06,119.5,297.9,28.26,126.16,-20.0,0.0
1779199889.1657958,123.31,118.8,0.13,134.79621235757162,119.57460175413715,0.04524278913275768,VISION,3.81,421.21,-7.36,147.06,119.5,297.9,28.26,126.16,-20.0,0.0
1779199889.2661715,122.76,121.49,0.157,122.76,121.49,0.157,VISION,3.81,421.21,-7.36,147.06,118.95,298.45,25.57,128.85,-20.0,0.0
1779199889.3665795,122.76,121.49,0.157,126.6815545659761,122.11079311143457,-0.02554653667581494,VISION,3.81,421.21,-7.36,147.06,118.95,298.45,25.57,128.85,0.0,0.0
1779199889.4670343,122.76,121.49,0.157,131.33767278676754,121.9918195336824,0.22078255941027347,VISION,3.81,421.21,-7.36,147.06,118.95,298.45,25.57,128.85,0.0,0.0
1779199889.567392,122.76,121.49,0.157,133.68544593886378,122.51875669180079,-0.01658358194588258,VISION,3.81,421.21,-7.36,147.06,118.95,298.45,25.57,128.85,0.0,0.0
1779199889.6677682,122.76,121.49,0.157,133.68544593886378,122.51875669180079,-0.016583581945883687,VISION,3.81,421.21,-7.36,147.06,118.95,298.45,25.57,128.85,0.0,0.0
1779199890.169288,123.07,120.37,0.134,129.39855298643212,123.1434752760855,1.1120527558819981,VISION,3.81,421.21,-7.36,147.06,119.26,298.14,26.69,127.73,30.0,0.0
1779199890.2697089,123.07,120.37,0.134,129.39855298643212,123.1434752760855,1.1120527558819973,VISION,3.81,421.21,-7.36,147.06,119.26,298.14,26.69,127.73,0.0,0.0
1779199890.370159,129.8174641239132,123.99167116022544,1.1116822262919068,129.8174641239132,123.99167116022544,1.1116822262919068,ESTIMA,3.81,421.21,-7.36,147.06,126.007,291.393,23.068,131.352,0.0,0.0
1779199890.470536,123.23,119.97,0.112,123.23,119.97,0.112,VISION,3.81,421.21,-7.36,147.06,119.42,297.98,27.09,127.33,0.0,0.0
1779199890.570812,123.23,119.97,0.112,125.78479256512277,120.26560741391809,0.14767619921907488,VISION,3.81,421.21,-7.36,147.06,119.42,297.98,27.09,127.33,0.0,0.0
1779199890.6710498,123.23,119.97,0.112,127.04929165305275,120.45371324563186,0.32400913193189845,VISION,3.81,421.21,-7.36,147.06,119.42,297.98,27.09,127.33,0.0,0.0
1779199890.7713566,123.23,119.97,0.112,127.04929165305275,120.45371324563186,0.324009131931897,VISION,3.81,421.21,-7.36,147.06,119.42,297.98,27.09,127.33,-20.0,0.0
1779199890.8716447,123.23,119.97,0.112,127.04929165305275,120.45371324563186,0.32400913193189634,VISION,3.81,421.21,-7.36,147.06,119.42,297.98,27.09,127.33,-20.0,0.0
1779199890.9719422,134.08049792987023,122.81510702278536,0.32400913193189634,134.08049792987023,122.81510702278536,0.32400913193189634,ESTIMA,3.81,421.21,-7.36,147.06,130.27,287.13,24.245,130.175,-20.0,0.0
1779199891.0722134,123.24,121.95,0.071,123.24,121.95,0.071,VISION,3.81,421.21,-7.36,147.06,119.43,297.97,25.11,129.31,-20.0,0.0
1779199891.1725695,123.24,121.95,0.071,127.47620763828097,122.25127715858424,-0.02663005684162008,VISION,3.81,421.21,-7.36,147.06,119.43,297.97,25.11,129.31,-20.0,0.0
1779199891.272886,123.24,121.95,0.071,132.60395021115056,122.11469279415368,-0.07379843665813579,VISION,3.81,421.21,-7.36,147.06,119.43,297.97,25.11,129.31,0.0,0.0
1779199891.3732405,123.24,121.95,0.071,138.20852708040772,121.70033127663217,0.02309593279608367,VISION,3.81,421.21,-7.36,147.06,119.43,297.97,25.11,129.31,0.0,0.0
1779199891.4735043,123.24,121.95,0.071,138.20852708040772,121.70033127663217,0.02309593279608367,VISION,3.81,421.21,-7.36,147.06,119.43,297.97,25.11,129.31,0.0,0.0
1779199891.5738616,139.70421610532307,121.73488175338335,0.0907830657220848,139.70421610532307,121.73488175338335,0.0907830657220848,ESTIMA,3.81,421.21,-7.36,147.06,135.894,281.506,25.325,129.095,0.0,0.0
1779199892.5772576,123.49,120.35,0.047,128.59864733551146,121.98046704613213,0.8086312191404118,VISION,3.81,421.21,-7.36,147.06,119.68,297.72,26.71,127.71,30.0,0.0
1779199892.6777303,123.49,120.35,0.047,129.7934562850622,123.23212512958008,1.0473043799564723,VISION,3.81,421.21,-7.36,147.06,119.68,297.72,26.71,127.71,0.0,0.0
1779199892.7780178,123.55,120.26,0.019,123.55,120.26,0.019,VISION,3.81,421.21,-7.36,147.06,119.74,297.66,26.8,127.62,0.0,0.0
1779199892.8785996,123.55,120.26,0.019,125.82021489746397,120.30313927426943,0.046376524145095376,VISION,3.81,421.21,-7.36,147.06,119.74,297.66,26.8,127.62,0.0,0.0
1779199892.979039,123.55,120.26,0.019,126.27014153674912,120.32402028023057,0.040569676430285716,VISION,3.81,421.21,-7.36,147.06,119.74,297.66,26.8,127.62,0.0,0.0
1779199893.0795414,123.55,120.26,0.019,128.29578703483386,120.40624517888412,-0.2375027992100243,VISION,3.81,421.21,-7.36,147.06,119.74,297.66,26.8,127.62,0.0,0.0
1779199893.1800961,123.55,120.26,0.019,128.29777262643927,120.40576452361702,-0.23778458402632316,VISION,3.81,421.21,-7.36,147.06,119.74,297.66,26.8,127.62,-20.0,0.0
1779199893.2804663,123.55,120.26,0.019,128.29777262643927,120.40576452361702,-0.23778458402632427,VISION,3.81,421.21,-7.36,147.06,119.74,297.66,26.8,127.62,-20.0,0.0
1779199893.3807952,123.67,122.11,0.0,123.67,122.11,0.0,VISION,3.81,421.21,-7.36,147.06,119.86,297.54,24.95,129.47,-20.0,0.0
1779199893.4810815,123.67,122.11,0.0,132.15677039146425,122.11,0.0,VISION,3.81,421.21,-7.36,147.06,119.86,297.54,24.95,129.47,-20.0,0.0
1779199893.58146,123.67,122.11,0.0,136.087200088501,122.11,-0.10842564681480672,VISION,3.81,421.21,-7.36,147.06,119.86,297.54,24.95,129.47,-20.0,0.0
1779199893.6818902,123.67,122.11,0.0,141.2926260755426,121.54337614536834,0.1316440973153914,VISION,3.81,421.21,-7.36,147.06,119.86,297.54,24.95,129.47,0.0,0.0
1779199893.7823558,123.67,122.11,0.0,146.64350331293076,122.25188514569787,0.04892256140251594,VISION,3.81,421.21,-7.36,147.06,119.86,297.54,24.95,129.47,0.0,0.0
1779199893.8828838,147.0551148225176,122.27203831592918,-0.007919449671755334,147.0551148225176,122.27203831592918,-0.007919449671755334,ESTIMA,3.81,421.21,-7.36,147.06,143.245,274.155,24.788,129.632,0.0,0.0
1779199893.983315,123.72,122.34,-0.031,123.72,122.34,-0.031000000000001485,VISION,3.81,421.21,-7.36,147.06,119.91,297.49,24.72,129.7,0.0,0.0
1779199894.7860065,123.89,121.37,-0.073,127.14504952297325,121.28828175193549,0.3799282865853132,VISION,3.81,421.21,-7.36,147.06,120.08,297.32,25.69,128.73,30.0,0.0
1779199894.8864384,123.89,121.37,-0.073,129.38442312251442,122.18252984837893,0.7125244241911768,VISION,3.81,421.21,-7.36,147.06,120.08,297.32,25.69,128.73,0.0,0.0
1779199894.9868927,123.89,121.37,-0.073,130.28600097749325,122.96142789666416,0.6944396257103078,VISION,3.81,421.21,-7.36,147.06,120.08,297.32,25.69,128.73,0.0,0.0
1779199895.087373,130.80240818951447,123.39150597888533,0.684869911822654,130.80240818951447,123.39150597888533,0.684869911822654,ESTIMA,3.81,421.21,-7.36,147.06,126.992,290.408,23.668,130.752,0.0,0.0
1779199895.1877346,123.94,121.18,-0.081,125.21182085648911,121.07675661852537,-0.14252254995451694,VISION,3.81,421.21,-7.36,147.06,120.13,297.27,25.88,128.54,0.0,0.0
1779199895.2879882,123.94,121.18,-0.081,125.21448788580278,121.07637391192573,-0.14289418412446117,VISION,3.81,421.21,-7.36,147.06,120.13,297.27,25.88,128.54,0.0,0.0
1779199895.388253,123.94,121.18,-0.081,125.21448788580278,121.07637391192573,-0.14289418412446228,VISION,3.81,421.21,-7.36,147.06,120.13,297.27,25.88,128.54,-20.0,0.0
1779199895.4886587,123.94,121.18,-0.081,125.21448788580278,121.07637391192573,-0.14289418412446347,VISION,3.81,421.21,-7.36,147.06,120.13,297.27,25.88,128.54,-20.0,0.0
1779199895.5890026,123.94,121.18,-0.081,130.03986242010285,120.38212427388814,-0.14289418412446347,VISION,3.81,421.21,-7.36,147.06,120.13,297.27,25.88,128.54,-20.0,0.0
1779199895.689337,136.7682553176852,119.41407831175252,-0.14289418412446347,136.7682553176852,119.41407831175252,-0.14289418412446347,ESTIMA,3.81,421.21,-7.36,147.06,132.958,284.442,27.646,126.774,-20.0,0.0
1779199895.7896533,124.34,122.51,-0.146,127.64886320343305,122.02344390624143,-0.19725586246622018,VISION,3.81,421.21,-7.36,147.06,120.53,296.87,24.55,129.87,-20.0,0.0
1779199895.8899953,124.34,122.51,-0.146,133.44658497902273,120.86474185122131,-0.15433481591323328,VISION,3.81,421.21,-7.36,147.06,120.53,296.87,24.55,129.87,0.0,0.0
1779199895.9903564,124.34,122.51,-0.146,138.65277404694538,120.05480469034619,-0.35308442297924963,VISION,3.81,421.21,-7.36,147.06,120.53,296.87,24.55,129.87,0.0,0.0
1779199896.0906823,124.34,122.51,-0.146,138.65277404694538,120.05480469034619,-0.3530844229792503,VISION,3.81,421.21,-7.36,147.06,120.53,296.87,24.55,129.87,0.0,0.0
1779199896.1909811,124.34,122.51,-0.146,138.65277404694538,120.05480469034619,-0.35308442297925186,VISION,3.81,421.21,-7.36,147.06,120.53,296.87,24.55,129.87,0.0,0.0
1779199896.6920447,124.31,121.66,-0.175,128.18304106675404,121.23280009649534,0.3696318626403784,VISION,3.81,421.21,-7.36,147.06,120.5,296.9,25.4,129.02,30.0,0.0
1779199896.7924042,131.89657057758714,122.86158744176585,0.8890212972413208,131.89657057758714,122.86158744176585,0.8890212972413208,ESTIMA,3.81,421.21,-7.36,147.06,128.087,289.313,24.198,130.222,0.0,0.0
1779199896.892759,124.31,121.11,-0.199,126.6435098523509,120.6394030403585,-0.1757984397404738,VISION,3.81,421.21,-7.36,147.06,120.5,296.9,25.95,128.47,0.0,0.0
1779199896.9931266,124.31,121.11,-0.199,126.3875024273167,120.69103184138771,-0.18777658763209965,VISION,3.81,421.21,-7.36,147.06,120.5,296.9,25.95,128.47,0.0,0.0
1779199897.0934238,124.31,121.11,-0.199,127.5200522260917,120.47583019917403,-0.20349262642868024,VISION,3.81,421.21,-7.36,147.06,120.5,296.9,25.95,128.47,0.0,0.0
1779199897.1936927,124.31,121.11,-0.199,127.5200522260917,120.47583019917403,-0.20349262642868024,VISION,3.81,421.21,-7.36,147.06,120.5,296.9,25.95,128.47,0.0,0.0
1779199897.293959,124.31,121.11,-0.199,130.09009838283546,119.92449078268447,-0.3134878828262865,VISION,3.81,421.21,-7.36,147.06,120.5,296.9,25.95,128.47,-20.0,0.0
1779199897.3942482,124.31,121.11,-0.199,130.09009838283546,119.92449078268447,-0.3134878828262877,VISION,3.81,421.21,-7.36,147.06,120.5,296.9,25.95,128.47,-20.0,0.0
1779199897.4945753,124.75,122.59,-0.233,124.75,122.59,-0.233,VISION,3.81,421.21,-7.36,147.06,120.94,296.46,24.47,129.95,-20.0,0.0
1779199897.5949223,124.75,122.59,-0.233,134.33978545296588,120.31424738524314,-0.233,VISION,3.81,421.21,-7.36,147.06,120.94,296.46,24.47,129.95,-20.0,0.0
1779199897.6952908,124.75,122.59,-0.233,134.33978545296588,120.31424738524314,-0.233,VISION,3.81,421.21,-7.36,147.06,120.94,296.46,24.47,129.95,-20.0,0.0
1779199897.795678,124.75,122.59,-0.233,143.4399447024279,117.82006057058844,-0.3105339023778675,VISION,3.81,421.21,-7.36,147.06,120.94,296.46,24.47,129.95,0.0,0.0
1779199897.8961186,124.75,122.59,-0.233,148.26723105291322,116.27090573564689,-0.2650246436030903,VISION,3.81,421.21,-7.36,147.06,120.94,296.46,24.47,129.95,0.0,0.0
1779199897.9965832,150.3570944894972,115.70369796265666,-0.06695682090707328,150.3570944894972,115.70369796265666,-0.06695682090707328,ESTIMA,3.81,421.21,-7.36,147.06,146.547,270.853,31.356,123.064,0.0,0.0
1779199898.0969331,125.36,125.93,-0.237,125.36,125.93,-0.23700000000000124,VISION,3.81,421.21,-7.36,147.06,121.55,295.85,21.13,133.29,0.0,0.0
1779199898.5988705,130.26421682519916,125.16122501858486,0.4568751598884269,130.26421682519916,125.16122501858486,0.4568751598884269,ESTIMA,3.81,421.21,-7.36,147.06,126.454,290.946,21.899,132.521,30.0,0.0
1779199898.6992128,125.33,124.25,-0.337,125.33,124.25,-0.337,VISION,3.81,421.21,-7.36,147.06,121.52,295.88,22.81,131.61,0.0,0.0
1779199898.7995684,125.33,124.25,-0.337,126.35858638908718,123.88961927136423,-0.35956181764882633,VISION,3.81,421.21,-7.36,147.06,121.52,295.88,22.81,131.61,0.0,0.0
1779199898.8999844,125.33,124.25,-0.337,127.26195137381114,123.55004196119634,-0.37984957111719964,VISION,3.81,421.21,-7.36,147.06,121.52,295.88,22.81,131.61,0.0,0.0
1779199899.0003164,125.33,124.25,-0.337,128.07435087075208,123.22570096301384,-0.4698148642921583,VISION,3.81,421.21,-7.36,147.06,121.52,295.88,22.81,131.61,0.0,0.0
1779199899.1006136,125.33,124.25,-0.337,128.07435087075208,123.22570096301384,-0.46981486429215924,VISION,3.81,421.21,-7.36,147.06,121.52,295.88,22.81,131.61,0.0,0.0
1779199899.2008939,128.07435087075208,123.22570096301384,-0.46981486429216057,128.07435087075208,123.22570096301384,-0.46981486429216057,ESTIMA,3.81,421.21,-7.36,147.06,124.264,293.136,23.834,130.586,-20.0,0.0
1779199899.3011963,125.4,123.76,-0.39,125.4,123.76,-0.3900000000000016,VISION,3.81,421.21,-7.36,147.06,121.59,295.81,23.3,131.12,-20.0,0.0
1779199899.4016356,125.4,123.76,-0.39,129.4784582357804,122.08352969593943,-0.3900000000000016,VISION,3.81,421.21,-7.36,147.06,121.59,295.81,23.3,131.12,-20.0,0.0
1779199899.5020301,125.4,123.76,-0.39,138.2183661870972,118.49094757457274,-0.3900000000000016,VISION,3.81,421.21,-7.36,147.06,121.59,295.81,23.3,131.12,-20.0,0.0
1779199899.6024191,125.4,123.76,-0.39,142.59790883840947,116.69071504163207,-0.3900000000000016,VISION,3.81,421.21,-7.36,147.06,121.59,295.81,23.3,131.12,-20.0,0.0
1779199899.7027092,125.4,123.76,-0.39,144.9507517607869,115.72356739380773,-0.3904931887463082,VISION,3.81,421.21,-7.36,147.06,121.59,295.81,23.3,131.12,0.0,0.0
1779199899.802995,126.35,125.65,-0.448,126.35,125.65,-0.448,VISION,3.81,421.21,-7.36,147.06,122.54,294.86,21.41,133.01,0.0,0.0
1779199899.903465,126.35,125.65,-0.448,128.9604436613181,124.39544490018561,-0.3481289499217066,VISION,3.81,421.21,-7.36,147.06,122.54,294.86,21.41,133.01,0.0,0.0
1779199900.0040276,126.35,125.65,-0.448,128.96802988482995,124.39269178699789,-0.3470157993061543,VISION,3.81,421.21,-7.36,147.06,122.54,294.86,21.41,133.01,0.0,0.0
1779199901.108111,125.84,123.55,-0.559,128.5646298841278,122.09003302500493,-0.12859864188885034,VISION,3.81,421.21,-7.36,147.06,122.03,295.37,23.51,130.91,30.0,0.0
1779199901.2085838,125.84,123.55,-0.559,128.5646298841278,122.09003302500493,-0.12859864188885034,VISION,3.81,421.21,-7.36,147.06,122.03,295.37,23.51,130.91,0.0,0.0
1779199901.3090634,125.84,123.55,-0.559,129.59006858021993,121.95937271292104,-0.11645864447505179,VISION,3.81,421.21,-7.36,147.06,122.03,295.37,23.51,130.91,0.0,0.0
1779199901.4094467,125.84,123.55,-0.559,130.26101773613485,121.88087970560841,-0.12248070888730841,VISION,3.81,421.21,-7.36,147.06,122.03,295.37,23.51,130.91,0.0,0.0
1779199901.5097935,130.26101773613485,121.88087970560841,-0.12248070888730841,130.26101773613485,121.88087970560841,-0.12248070888730841,ESTIMA,3.81,421.21,-7.36,147.06,126.451,290.949,25.179,129.241,0.0,0.0
1779199901.610076,125.8,123.11,-0.608,125.8,123.11,-0.6080000000000009,VISION,3.81,421.21,-7.36,147.06,121.99,295.41,23.95,130.47,0.0,0.0
1779199901.710451,125.8,123.11,-0.608,125.8,123.11,-0.6080000000000009,VISION,3.81,421.21,-7.36,147.06,121.99,295.41,23.95,130.47,-20.0,0.0
1779199901.8109214,125.8,123.11,-0.608,127.7536465724549,121.75036740690656,-0.6080000000000024,VISION,3.81,421.21,-7.36,147.06,121.99,295.41,23.95,130.47,-20.0,0.0
1779199901.9111593,125.8,123.11,-0.608,133.3941579377209,117.82487586608352,-0.6080000000000024,VISION,3.81,421.21,-7.36,147.06,121.99,295.41,23.95,130.47,-20.0,0.0
1779199902.0116103,125.8,123.11,-0.608,138.73895480889632,114.105185656005,-0.65527226619063,VISION,3.81,421.21,-7.36,147.06,121.99,295.41,23.95,130.47,-20.0,0.0
1779199902.112082,141.19586672614,112.21690850973908,-0.7037066432841242,141.19586672614,112.21690850973908,-0.7037066432841242,ESTIMA,3.81,421.21,-7.36,147.06,137.386,280.014,34.843,119.577,-20.0,0.0
1779199902.2125785,126.65,124.54,-0.605,126.65,124.54,-0.605,VISION,3.81,421.21,-7.36,147.06,122.84,294.56,22.52,131.9,0.0,0.0
1779199902.31291,126.65,124.54,-0.605,136.16259581610973,118.51968464932109,-0.5837190478577011,VISION,3.81,421.21,-7.36,147.06,122.84,294.56,22.52,131.9,0.0,0.0
1779199902.413245,126.65,124.54,-0.605,136.16259581610973,118.51968464932109,-0.5837190478577011,VISION,3.81,421.21,-7.36,147.06,122.84,294.56,22.52,131.9,0.0,0.0
1779199902.5136454,126.65,124.54,-0.605,136.47381541262635,118.31412507378728,-0.6351642500122762,VISION,3.81,421.21,-7.36,147.06,122.84,294.56,22.52,131.9,0.0,0.0
1779199903.4166512,125.79,122.69,-0.672,126.58627475189188,122.05655174657099,-0.531654906700398,VISION,3.81,421.21,-7.36,147.06,121.98,295.42,24.37,130.05,30.0,0.0
1779199903.5169163,125.79,122.69,-0.672,128.34988763613808,121.01929657367066,-0.24944421136790468,VISION,3.81,421.21,-7.36,147.06,121.98,295.42,24.37,130.05,0.0,0.0
1779199903.6172462,125.79,122.69,-0.672,128.95306895106373,120.8656361461219,-0.24417305674162934,VISION,3.81,421.21,-7.36,147.06,121.98,295.42,24.37,130.05,0.0,0.0
1779199903.7176116,125.79,122.69,-0.672,130.66279199988602,120.4396685385941,-0.2283637953320301,VISION,3.81,421.21,-7.36,147.06,121.98,295.42,24.37,130.05,0.0,0.0
1779199903.8179083,131.3152389498706,120.28802804817028,-0.24522706539943528,131.3152389498706,120.28802804817028,-0.24522706539943528,ESTIMA,3.81,421.21,-7.36,147.06,127.505,289.895,26.772,127.648,0.0,0.0
1779199903.9182076,125.68,122.19,-0.726,125.68,122.19,-0.726,VISION,3.81,421.21,-7.36,147.06,121.87,295.53,24.87,129.55,0.0,0.0
1779199904.018638,125.68,122.19,-0.726,125.68,122.19,-0.7260000000000014,VISION,3.81,421.21,-7.36,147.06,121.87,295.53,24.87,129.55,-20.0,0.0
1779199904.1191764,125.68,122.19,-0.726,125.68,122.19,-0.7260000000000028,VISION,3.81,421.21,-7.36,147.06,121.87,295.53,24.87,129.55,-20.0,0.0
1779199904.219635,125.68,122.19,-0.726,130.5351935194283,117.8798520792385,-0.7260000000000028,VISION,3.81,421.21,-7.36,147.06,121.87,295.53,24.87,129.55,-20.0,0.0
1779199904.32006,125.68,122.19,-0.726,133.67840371779587,115.08949967684742,-0.7260000000000028,VISION,3.81,421.21,-7.36,147.06,121.87,295.53,24.87,129.55,-20.0,0.0
1779199904.4204347,137.54642335818684,111.65570517539594,-0.9638061557638262,137.54642335818684,111.65570517539594,-0.9638061557638262,ESTIMA,3.81,421.21,-7.36,147.06,133.736,283.664,35.404,119.016,-20.0,0.0
1779199904.5209672,127.49,124.4,-0.739,127.49,124.4,-0.739,VISION,3.81,421.21,-7.36,147.06,123.68,293.72,22.66,131.76,0.0,0.0
1779199904.6213543,127.49,124.4,-0.739,132.775044655995,119.58396356207054,-0.739,VISION,3.81,421.21,-7.36,147.06,123.68,293.72,22.66,131.76,0.0,0.0
1779199904.7218902,127.49,124.4,-0.739,135.87886115375952,116.75558758365295,-1.0610989535742685,VISION,3.81,421.21,-7.36,147.06,123.68,293.72,22.66,131.76,0.0,0.0
1779199904.8224273,127.49,124.4,-0.739,135.87886115375952,116.75558758365295,-1.0610989535742694,VISION,3.81,421.21,-7.36,147.06,123.68,293.72,22.66,131.76,0.0,0.0
1779199905.6255863,133.38372841925838,119.80017719768374,0.25382622383380316,133.38372841925838,119.80017719768374,0.25382622383380316,ESTIMA,3.81,421.21,-7.36,147.06,129.574,287.826,27.26,127.16,30.0,0.0
1779199905.7261019,126.22,122.53,-0.843,126.22,122.53,-0.843,VISION,3.81,421.21,-7.36,147.06,122.41,294.99,24.53,129.89,0.0,0.0
1779199905.8265526,126.22,122.53,-0.843,127.14998382739833,121.48936974198644,-0.8232231044493368,VISION,3.81,421.21,-7.36,147.06,122.41,294.99,24.53,129.89,0.0,0.0
1779199905.9269438,126.22,122.53,-0.843,127.14998382739833,121.48936974198644,-0.8232231044493368,VISION,3.81,421.21,-7.36,147.06,122.41,294.99,24.53,129.89,0.0,0.0
1779199906.0273433,126.22,122.53,-0.843,128.8378791547396,119.67494127015053,-0.888435661962169,VISION,3.81,421.21,-7.36,147.06,122.41,294.99,24.53,129.89,0.0,0.0
1779199906.1277964,126.22,122.53,-0.843,128.8378791547396,119.67494127015053,-0.8884356619621704,VISION,3.81,421.21,-7.36,147.06,122.41,294.99,24.53,129.89,0.0,0.0
1779199906.2284136,128.8378791547396,119.67494127015053,-0.8884356619621704,128.8378791547396,119.67494127015053,-0.8884356619621704,ESTIMA,3.81,421.21,-7.36,147.06,125.028,292.372,27.385,127.035,-20.0,0.0
1779199906.3289814,126.03,122.04,-0.91,127.70192549778652,119.88928623280103,-0.91,VISION,3.81,421.21,-7.36,147.06,122.22,295.18,25.02,129.4,-20.0,0.0
1779199906.429486,126.03,122.04,-0.91,127.70192549778652,119.88928623280103,-0.91,VISION,3.81,421.21,-7.36,147.06,122.22,295.18,25.02,129.4,-20.0,0.0
1779199906.5299282,126.03,122.04,-0.91,136.34517296341284,108.7708773430266,-0.91,VISION,3.81,421.21,-7.36,147.06,122.22,295.18,25.02,129.4,-20.0,0.0
1779199906.6303692,126.03,122.04,-0.91,139.28036570033436,104.99513527973664,-1.0042349664096175,VISION,3.81,421.21,-7.36,147.06,122.22,295.18,25.02,129.4,-20.0,0.0
1779199906.730931,126.03,122.04,-0.91,139.28036570033436,104.99513527973664,-1.0042349664096175,VISION,3.81,421.21,-7.36,147.06,122.22,295.18,25.02,129.4,0.0,0.0
1779199906.8313844,128.03,123.84,-0.883,128.03,123.84,-0.883,VISION,3.81,421.21,-7.36,147.06,124.22,293.18,23.22,131.2,0.0,0.0
1779199906.9319224,128.03,123.84,-0.883,129.71031702051246,121.79491821346065,-0.9750332701768846,VISION,3.81,421.21,-7.36,147.06,124.22,293.18,23.22,131.2,0.0,0.0
1779199907.0324445,128.03,123.84,-0.883,129.71031702051246,121.79491821346065,-0.9750332701768859,VISION,3.81,421.21,-7.36,147.06,124.22,293.18,23.22,131.2,0.0,0.0
1779199907.7357538,126.72,122.39,-0.984,130.0797005247716,119.14228832254268,-0.32686833796008175,VISION,3.81,421.21,-7.36,147.06,122.91,294.49,24.67,129.75,30.0,0.0
1779199907.8361971,126.72,122.39,-0.984,131.21705887243633,118.75669026042681,-0.16122069527553548,VISION,3.81,421.21,-7.36,147.06,122.91,294.49,24.67,129.75,0.0,0.0
1779199907.9366589,132.32853099831885,118.57592910959595,-0.14557017996402,132.32853099831885,118.57592910959595,-0.14557017996402,ESTIMA,3.81,421.21,-7.36,147.06,128.519,288.881,28.484,125.936,0.0,0.0
1779199908.0371292,126.54,122.11,-1.023,126.54,122.11,-1.023,VISION,3.81,421.21,-7.36,147.06,122.73,294.67,24.95,129.47,0.0,0.0
1779199908.1376238,126.54,122.11,-1.023,126.94443800422955,121.44707085277541,-1.028518196263863,VISION,3.81,421.21,-7.36,147.06,122.73,294.67,24.95,129.47,0.0,0.0
1779199908.238196,126.54,122.11,-1.023,128.06537656688107,119.58668627949727,-1.0878594646921913,VISION,3.81,421.21,-7.36,147.06,122.73,294.67,24.95,129.47,0.0,0.0
1779199908.3385892,126.54,122.11,-1.023,128.06537656688107,119.58668627949727,-1.0878594646921924,VISION,3.81,421.21,-7.36,147.06,122.73,294.67,24.95,129.47,-20.0,0.0
1779199908.4389725,126.54,122.11,-1.023,128.06537656688107,119.58668627949727,-1.087859464692194,VISION,3.81,421.21,-7.36,147.06,122.73,294.67,24.95,129.47,-20.0,0.0
1779199908.5395668,130.56264618743057,114.8240804875454,-1.087859464692194,130.56264618743057,114.8240804875454,-1.087859464692194,ESTIMA,3.81,421.21,-7.36,147.06,126.753,290.647,32.236,122.184,-20.0,0.0
1779199908.6400967,128.68,123.42,-1.015,133.5605909146748,115.56213335158334,-1.015,VISION,3.81,421.21,-7.36,147.06,124.87,292.53,23.64,130.78,-20.0,0.0
1779199908.7407923,128.68,123.42,-1.015,137.00975747788058,110.0088937181701,-1.015,VISION,3.81,421.21,-7.36,147.06,124.87,292.53,23.64,130.78,-20.0,0.0
1779199908.8410816,128.68,123.42,-1.015,139.29785184446035,106.32500774495384,-1.015,VISION,3.81,421.21,-7.36,147.06,124.87,292.53,23.64,130.78,0.0,0.0
1779199908.941575,128.68,123.42,-1.015,140.90671555548502,103.7346991700851,-0.9688526241886074,VISION,3.81,421.21,-7.36,147.06,124.87,292.53,23.64,130.78,0.0,0.0
1779199909.042153,128.68,123.42,-1.015,141.81122978885566,102.41807316376239,-1.1010502936453523,VISION,3.81,421.21,-7.36,147.06,124.87,292.53,23.64,130.78,0.0,0.0
1779199909.142586,141.81122978885566,102.41807316376239,-1.101050293645354,141.81122978885566,102.41807316376239,-1.101050293645354,ESTIMA,3.81,421.21,-7.36,147.06,138.001,279.399,44.642,109.778,0.0,0.0
1779199909.9456625,127.4,122.16,-1.137,128.80903436411828,119.57752997351322,-0.7310037062802306,VISION,3.81,421.21,-7.36,147.06,123.59,293.81,24.9,129.52,30.0,0.0
1779199910.0462263,127.4,122.16,-1.137,128.81246794179037,119.57445099271459,-0.7303675827886252,VISION,3.81,421.21,-7.36,147.06,123.59,293.81,24.9,129.52,30.0,0.0
1779199910.1468,127.4,122.16,-1.137,129.73672465796994,118.74670542288936,-0.7087348657964043,VISION,3.81,421.21,-7.36,147.06,123.59,293.81,24.9,129.52,30.0,0.0
1779199910.2473598,127.4,122.16,-1.137,131.62704743064384,117.12607263454522,-0.6652910984184477,VISION,3.81,421.21,-7.36,147.06,123.59,293.81,24.9,129.52,30.0,0.0
1779199910.3477795,127.0,121.77,-1.209,127.0,121.77,-1.209,VISION,3.81,421.21,-7.36,147.06,123.19,294.21,25.29,129.13,30.0,0.0
1779199910.4481971,127.0,121.77,-1.209,127.0,121.77,-1.209,VISION,3.81,421.21,-7.36,147.06,123.19,294.21,25.29,129.13,30.0,0.0
1779199910.5486202,127.0,121.77,-1.209,129.41765448786936,115.53966246327244,-1.1723242791000112,VISION,3.81,421.21,-7.36,147.06,123.19,294.21,25.29,129.13,30.0,0.0
1779199910.6488433,127.0,121.77,-1.209,130.64471409393477,112.62498518472317,-1.1510040975349076,VISION,3.81,421.21,-7.36,147.06,123.19,294.21,25.29,129.13,30.0,0.0
1779199910.7490857,127.0,121.77,-1.209,130.64471409393477,112.62498518472317,-1.1510040975349076,VISION,3.81,421.21,-7.36,147.06,123.19,294.21,25.29,129.13,30.0,0.0
1779199910.8493943,133.56834434661596,106.23785069285381,-1.1072609786041425,133.56834434661596,106.23785069285381,-1.1072609786041425,ESTIMA,3.81,421.21,-7.36,147.06,129.758,287.642,40.822,113.598,30.0,0.0
1779199910.9497683,132.08,124.58,-1.128,132.08,124.58,-1.128,VISION,3.81,421.21,-7.36,147.06,128.27,289.13,22.48,131.94,30.0,0.0
1779199911.0500724,132.08,124.58,-1.128,134.98558573419223,118.52038888472285,-1.1280400314866443,VISION,3.81,421.21,-7.36,147.06,128.27,289.13,22.48,131.94,30.0,0.0
1779199911.1505587,132.08,124.58,-1.128,134.98558573419223,118.52038888472285,-1.1280400314866443,VISION,3.81,421.21,-7.36,147.06,128.27,289.13,22.48,131.94,30.0,0.0
1779199911.251037,132.08,124.58,-1.128,137.71538865513568,112.68651613965457,-1.1415946421590937,VISION,3.81,421.21,-7.36,147.06,128.27,289.13,22.48,131.94,30.0,0.0
1779199911.3514535,132.08,124.58,-1.128,137.71538865513568,112.68651613965457,-1.1415946421590937,VISION,3.81,421.21,-7.36,147.06,128.27,289.13,22.48,131.94,30.0,0.0
1779199911.451991,139.37645588611153,109.05699895064087,-1.1299976444847106,139.37645588611153,109.05699895064087,-1.1299976444847106,ESTIMA,3.81,421.21,-7.36,147.06,135.566,281.834,38.003,116.417,30.0,0.0
1779199911.552539,146.16,133.16,-0.995,146.16,133.16,-0.995,VISION,3.81,421.21,-7.36,147.06,142.35,275.05,13.9,140.52,30.0,0.0
1779199911.6529248,146.16,133.16,-0.995,148.08477557263552,130.19505197024037,-0.9194974494022521,VISION,3.81,421.21,-7.36,147.06,142.35,275.05,13.9,140.52,0.0,0.0
1779199911.753453,146.16,133.16,-0.995,150.59647837813435,126.89996080939915,-0.8900011194497763,VISION,3.81,421.21,-7.36,147.06,142.35,275.05,13.9,140.52,0.0,0.0
1779199911.8537173,146.16,133.16,-0.995,152.6893519847054,124.31609427291185,-0.8720876169571802,VISION,3.81,421.21,-7.36,147.06,142.35,275.05,13.9,140.52,0.0,0.0
1779199911.95402,146.16,133.16,-0.995,154.351668720166,122.33734219744059,-0.8330478743124293,VISION,3.81,421.21,-7.36,147.06,142.35,275.05,13.9,140.52,0.0,0.0
1779199912.054359,155.6817986725697,120.87400343648959,-0.7713491803695448,155.6817986725697,120.87400343648959,-0.7713491803695448,ESTIMA,3.81,421.21,-7.36,147.06,151.872,265.528,26.186,128.234,0.0,0.0
1779199912.1549232,156.4063724206519,120.1695079784246,-0.6995363461862594,156.4063724206519,120.1695079784246,-0.6995363461862594,ESTIMA,3.81,421.21,-7.36,147.06,152.596,264.804,26.89,127.53,-20.0,0.0
1779199912.2554958,156.99247916394557,119.67630144155464,-0.5938795709624799,156.99247916394557,119.67630144155464,-0.5938795709624799,ESTIMA,3.81,421.21,-7.36,147.06,153.182,264.218,27.384,127.036,-20.0,0.0
1779199912.3558948,159.4550092273311,118.01362796350264,-0.6130257675003298,159.4550092273311,118.01362796350264,-0.6130257675003298,ESTIMA,3.81,421.21,-7.36,147.06,155.645,261.755,29.046,125.374,-20.0,0.0
1779199912.4563549,165.04446852673823,114.08182209865654,-0.6130257675003298,165.04446852673823,114.08182209865654,-0.6130257675003298,ESTIMA,3.81,421.21,-7.36,147.06,161.234,256.166,32.978,121.442,-20.0,0.0
1779199912.5568728,172.74630674521546,108.66410080301769,-0.6130257675003298,172.74630674521546,108.66410080301769,-0.6130257675003298,ESTIMA,3.81,421.21,-7.36,147.06,168.936,248.464,38.396,116.024,-20.0,0.0
1779199912.657348,176.22436702646002,106.21752107507582,-0.6130257675003298,176.22436702646002,106.21752107507582,-0.6130257675003298,ESTIMA,3.81,421.21,-7.36,147.06,172.414,244.986,40.842,113.578,0.0,0.0
1779199912.7578413,184.16054528064058,100.63495744364175,-0.6130257675003298,184.16054528064058,100.63495744364175,-0.6130257675003298,ESTIMA,3.81,421.21,-7.36,147.06,180.351,237.049,46.425,107.995,0.0,0.0
1779199912.858172,187.90026523489084,98.00431786629251,-0.6130257675003298,187.90026523489084,98.00431786629251,-0.6130257675003298,ESTIMA,3.81,421.21,-7.36,147.06,184.09,233.31,49.056,105.364,0.0,0.0
1779199912.958501,192.8296175542658,94.53685253180711,-0.520661637151335,192.8296175542658,94.53685253180711,-0.520661637151335,ESTIMA,3.81,421.21,-7.36,147.06,189.02,228.38,52.523,101.897,0.0,0.0
1779199913.2594852,203.59867795644158,94.6193078896232,1.0832734730065954,203.59867795644158,94.6193078896232,1.0832734730065954,ESTIMA,3.81,421.21,-7.36,147.06,199.789,217.611,52.441,101.979,30.0,0.0
1779199913.3597865,204.7537437654173,96.79781236222514,1.4233807166431536,204.7537437654173,96.79781236222514,1.4233807166431536,ESTIMA,3.81,421.21,-7.36,147.06,200.944,216.456,50.262,104.158,30.0,0.0
1779199913.460087,205.0063413093277,98.49888814634608,1.5126490347626322,205.0063413093277,98.49888814634608,1.5126490347626322,ESTIMA,3.81,421.21,-7.36,147.06,201.196,216.204,48.561,105.859,30.0,0.0
1779199913.5603673,205.2026791588491,101.8716422846124,1.528178562532097,205.2026791588491,101.8716422846124,1.528178562532097,ESTIMA,3.81,421.21,-7.36,147.06,201.393,216.007,45.188,109.232,30.0,0.0
1779199913.6607554,205.36796355087816,105.74759203301085,1.560856944992128,205.36796355087816,105.74759203301085,1.560856944992128,ESTIMA,3.81,421.21,-7.36,147.06,201.558,215.842,41.312,113.108,30.0,0.0
1779199913.7610438,205.40674467543258,109.64922779227307,1.5943133957824025,205.40674467543258,109.64922779227307,1.5943133957824025,ESTIMA,3.81,421.21,-7.36,147.06,201.597,215.803,37.411,117.009,30.0,0.0
1779199913.8613296,117.08,102.25,-1.655,116.56907094286152,96.19657113097641,-1.604030230054862,VISION,3.81,421.21,-7.36,147.06,113.27,304.13,44.81,109.61,30.0,0.0
1779199913.961646,117.08,102.25,-1.655,116.81092028207254,99.06197436353818,-1.6296274797341117,VISION,3.81,421.21,-7.36,147.06,113.27,304.13,44.81,109.61,30.0,0.0
1779199914.0619898,117.08,102.25,-1.655,116.64223107533095,96.19793828046367,-1.6070577229332712,VISION,3.81,421.21,-7.36,147.06,113.27,304.13,44.81,109.61,30.0,0.0
1779199914.162319,117.08,102.25,-1.655,116.52225026511259,92.89061337749507,-1.5787156557661888,VISION,3.81,421.21,-7.36,147.06,113.27,304.13,44.81,109.61,30.0,0.0
1779199914.2625918,117.08,102.25,-1.655,116.49075521219532,88.91371146869751,-1.5458377264707464,VISION,3.81,421.21,-7.36,147.06,113.27,304.13,44.81,109.61,30.0,0.0
1779199914.3628647,117.08,102.25,-1.655,116.60077608645597,84.50649204458198,-1.5089083238272762,VISION,3.81,421.21,-7.36,147.06,113.27,304.13,44.81,109.61,30.0,0.0
1779199914.4631445,111.61,101.17,-1.384,111.61,101.17,-1.384,VISION,3.81,421.21,-7.36,147.06,107.8,309.6,45.89,108.53,30.0,0.0
1779199914.563495,111.61,101.17,-1.384,113.06099335004518,93.80145941566617,-1.3436007592295318,VISION,3.81,421.21,-7.36,147.06,107.8,309.6,45.89,108.53,30.0,0.0
1779199914.6638553,111.61,101.17,-1.384,114.012272977179,89.68669884814237,-1.3054792797104648,VISION,3.81,421.21,-7.36,147.06,107.8,309.6,45.89,108.53,30.0,0.0
1779199914.7641196,111.61,101.17,-1.384,115.12282726618753,85.59961616741124,-1.2646139986515452,VISION,3.81,421.21,-7.36,147.06,107.8,309.6,45.89,108.53,30.0,0.0
1779199914.8644288,111.61,101.17,-1.384,116.31131894524387,81.8400325977293,-1.227176998261077,VISION,3.81,421.21,-7.36,147.06,107.8,309.6,45.89,108.53,30.0,0.0
1779199914.9648108,116.31131894524387,81.8400325977293,-1.227176998261077,116.31131894524387,81.8400325977293,-1.227176998261077,ESTIMA,3.81,421.21,-7.36,147.06,112.501,304.899,65.22,89.2,30.0,0.0
1779199915.0654407,115.54,101.05,-1.478,115.54,101.05,-1.478,VISION,3.81,421.21,-7.36,147.06,111.73,305.67,46.01,108.41,30.0,0.0
1779199915.1660295,115.54,101.05,-1.478,116.22033367283208,94.70975446178947,-1.4194798102214607,VISION,3.81,421.21,-7.36,147.06,111.73,305.67,46.01,108.41,30.0,0.0
1779199915.2665224,115.54,101.05,-1.478,116.86054448085885,90.51115729745676,-1.3809676657160772,VISION,3.81,421.21,-7.36,147.06,111.73,305.67,46.01,108.41,30.0,0.0
1779199915.3671353,115.54,101.05,-1.478,117.60794347908275,86.62133441702619,-1.3488935569095015,VISION,3.81,421.21,-7.36,147.06,111.73,305.67,46.01,108.41,30.0,0.0
1779199915.467687,115.54,101.05,-1.478,117.60794347908275,86.62133441702619,-1.3488935569095015,VISION,3.81,421.21,-7.36,147.06,111.73,305.67,46.01,108.41,30.0,0.0
1779199915.5682652,119.49706041256955,78.70089234805641,-1.2917013355039417,119.49706041256955,78.70089234805641,-1.2917013355039417,ESTIMA,3.81,421.21,-7.36,147.06,115.687,301.713,68.359,86.061,30.0,0.0
1779199915.6687155,122.32,94.7,-0.378,126.41746036499305,93.07291689334428,-0.3434395581207453,VISION,3.81,421.21,-7.36,147.06,118.51,298.89,52.36,102.06,30.0,0.0
1779199915.7691743,122.32,94.7,-0.378,130.20525813700738,91.71835663486043,-0.31240150711564985,VISION,3.81,421.21,-7.36,147.06,118.51,298.89,52.36,102.06,0.0,0.0
1779199915.8698816,122.32,94.7,-0.378,133.7624016962947,90.56947939422315,-0.2997014785924132,VISION,3.81,421.21,-7.36,147.06,118.51,298.89,52.36,102.06,0.0,0.0
1779199915.9703314,122.32,94.7,-0.378,133.7624016962947,90.56947939422315,-0.2997014785924132,VISION,3.81,421.21,-7.36,147.06,118.51,298.89,52.36,102.06,0.0,0.0
1779199916.0708427,122.32,94.7,-0.378,139.56025557800157,88.73004003974869,-0.3243207353126651,VISION,3.81,421.21,-7.36,147.06,118.51,298.89,52.36,102.06,0.0,0.0
1779199916.1713507,139.56025557800157,88.73004003974869,-0.3243207353126651,139.56025557800157,88.73004003974869,-0.3243207353126651,ESTIMA,3.81,421.21,-7.36,147.06,135.75,281.65,58.33,96.09,0.0,0.0
1779199916.2719572,138.99,61.1,-0.127,139.7416703634341,61.00402129462506,-0.10984852082889751,VISION,3.81,421.21,-7.36,147.06,135.18,282.22,85.96,68.46,-20.0,0.0
1779199916.3724408,138.99,61.1,-0.127,140.27993187452773,60.94465508681074,-0.07377527314709784,VISION,3.81,421.21,-7.36,147.06,135.18,282.22,85.96,68.46,-20.0,0.0
1779199916.4730046,138.99,61.1,-0.127,140.27993187452773,60.94465508681074,-0.07377527314709784,VISION,3.81,421.21,-7.36,147.06,135.18,282.22,85.96,68.46,-20.0,0.0
1779199916.573565,138.99,61.1,-0.127,152.03515565931667,59.537334314800916,-0.177228895933412,VISION,3.81,421.21,-7.36,147.06,135.18,282.22,85.96,68.46,-20.0,0.0
1779199916.674113,138.99,61.1,-0.127,152.03515565931667,59.537334314800916,-0.177228895933412,VISION,3.81,421.21,-7.36,147.06,135.18,282.22,85.96,68.46,-20.0,0.0
1779199916.774561,139.98,62.95,-0.081,139.98,62.95,-0.081,VISION,3.81,421.21,-7.36,147.06,136.17,281.23,84.11,70.31,0.0,0.0
1779199916.8751557,139.98,62.95,-0.081,146.6727856845512,62.406695632853854,-0.081,VISION,3.81,421.21,-7.36,147.06,136.17,281.23,84.11,70.31,0.0,0.0
1779199916.975745,139.98,62.95,-0.081,146.6727856845512,62.406695632853854,-0.081,VISION,3.81,421.21,-7.36,147.06,136.17,281.23,84.11,70.31,0.0,0.0
1779199917.0762177,139.98,62.95,-0.081,152.34407201166982,61.94631414537068,-0.08100000000000157,VISION,3.81,421.21,-7.36,147.06,136.17,281.23,84.11,70.31,0.0,0.0
1779199917.377538,138.67,64.84,-0.318,138.67,64.84,-0.318,VISION,3.81,421.21,-7.36,147.06,134.86,282.54,82.22,72.2,30.0,0.0
1779199917.4781466,138.67,64.84,-0.318,143.23660941660268,63.336803540641085,0.3451244626538494,VISION,3.81,421.21,-7.36,147.06,134.86,282.54,82.22,72.2,30.0,0.0
1779199917.5786583,138.67,64.84,-0.318,144.03622156937706,63.62427457227178,0.38041859029472347,VISION,3.81,421.21,-7.36,147.06,134.86,282.54,82.22,72.2,30.0,0.0
1779199917.6792676,138.67,64.84,-0.318,146.25609613626986,64.51199835112632,0.4115577606835933,VISION,3.81,421.21,-7.36,147.06,134.86,282.54,82.22,72.2,30.0,0.0
1779199917.779778,138.67,64.84,-0.318,149.0954520110788,65.75133314985072,0.4453267853095999,VISION,3.81,421.21,-7.36,147.06,134.86,282.54,82.22,72.2,30.0,0.0
1779199917.8802125,151.7925549459568,67.03867206641206,0.46091099186936824,151.7925549459568,67.03867206641206,0.46091099186936824,ESTIMA,3.81,421.21,-7.36,147.06,147.983,269.417,80.021,74.399,30.0,0.0
1779199917.9807804,138.81,64.89,-0.424,138.81,64.89,-0.424,VISION,3.81,422.37,-7.36,159.34,135.0,283.56,94.45,72.25,30.0,0.0
1779199918.0811129,138.81,64.89,-0.424,142.06011353326227,63.42296744042903,-0.4096118035511884,VISION,3.81,422.37,-7.36,159.34,135.0,283.56,94.45,72.25,30.0,0.0
1779199918.1814353,138.81,64.89,-0.424,145.09935757922574,62.10341960060857,-0.39094948647959527,VISION,3.81,422.37,-7.36,159.34,135.0,283.56,94.45,72.25,30.0,0.0
1779199918.2817,138.81,64.89,-0.424,148.46918812255643,60.714492497013325,-0.3655161433960315,VISION,3.81,422.37,-7.36,159.34,135.0,283.56,94.45,72.25,30.0,0.0
1779199918.3819575,138.81,64.89,-0.424,151.6029363621936,59.5151641620901,-0.33507145225622675,VISION,3.81,422.37,-7.36,159.34,135.0,283.56,94.45,72.25,30.0,0.0
1779199918.4822707,156.05072106285232,57.96644006616639,-0.3020290934690289,156.05072106285232,57.96644006616639,-0.3020290934690289,ESTIMA,3.81,422.37,-7.36,159.34,152.241,266.319,101.374,65.326,30.0,0.0
1779199918.5827823,143.31,77.6,-0.34,143.31,77.6,-0.34,VISION,3.81,422.37,-7.36,159.34,139.5,279.06,81.74,84.96,30.0,0.0
1779199918.683032,143.31,77.6,-0.34,146.5808986436122,76.44296252542622,-0.3187806250687056,VISION,3.81,422.37,-7.36,159.34,139.5,279.06,81.74,84.96,30.0,0.0
1779199918.7833352,143.31,77.6,-0.34,149.9694489789209,75.32461667090504,-0.29741599766496296,VISION,3.81,422.37,-7.36,159.34,139.5,279.06,81.74,84.96,30.0,0.0
1779199918.8836188,143.31,77.6,-0.34,153.3255407830145,74.29595022848348,-0.27977492861797587,VISION,3.81,422.37,-7.36,159.34,139.5,279.06,81.74,84.96,30.0,0.0
1779199918.9839218,143.31,77.6,-0.34,157.95859733732593,72.96482369418617,-0.24821391054396752,VISION,3.81,422.37,-7.36,159.34,139.5,279.06,81.74,84.96,30.0,0.0
1779199919.0843477,159.96340188836515,72.45672553780548,-0.23568713823472917,159.96340188836515,72.45672553780548,-0.23568713823472917,ESTIMA,3.81,422.37,-7.36,159.34,156.153,262.407,86.883,79.817,30.0,0.0
1779199919.1847782,147.45,95.08,-0.199,147.45,95.08,-0.199,VISION,3.81,422.37,-7.36,159.34,143.64,274.92,64.26,102.44,30.0,0.0
1779199919.2850652,147.45,95.08,-0.199,152.11739225068337,94.13873094968376,-0.17197905889633894,VISION,3.81,422.37,-7.36,159.34,143.64,274.92,64.26,102.44,30.0,0.0
1779199919.3853207,147.45,95.08,-0.199,154.2913205990984,93.76113070178299,-0.1612547844352305,VISION,3.81,422.37,-7.36,159.34,143.64,274.92,64.26,102.44,30.0,0.0
1779199919.4856,147.45,95.08,-0.199,159.21074721916494,92.9609014198552,-0.1393006495926556,VISION,3.81,422.37,-7.36,159.34,143.64,274.92,64.26,102.44,30.0,0.0
1779199919.5858119,147.45,95.08,-0.199,161.56185708402782,92.63125530013653,-0.12814952889272369,VISION,3.81,422.37,-7.36,159.34,143.64,274.92,64.26,102.44,30.0,0.0
1779199919.6861143,165.2612066886438,92.15457312360815,-0.10903484998234564,165.2612066886438,92.15457312360815,-0.10903484998234564,ESTIMA,3.81,422.37,-7.36,159.34,161.451,257.109,67.185,99.515,30.0,0.0
1779199919.7863967,149.3,112.64,-0.1,153.9427535351531,112.17417084647685,-0.08423422140768556,VISION,3.81,422.37,-7.36,159.34,145.49,273.07,46.7,120.0,30.0,0.0
1779199919.886696,149.3,112.64,-0.1,156.09106045767285,111.99278067024471,-0.07409318717266304,VISION,3.81,422.37,-7.36,159.34,145.49,273.07,46.7,120.0,0.0,0.0
1779199919.9869561,149.3,112.64,-0.1,160.5289956953826,111.6633568596219,-0.06139939992820088,VISION,3.81,422.37,-7.36,159.34,145.49,273.07,46.7,120.0,0.0,0.0
1779199920.0872853,149.3,112.64,-0.1,161.63300226066463,111.59548620934216,-0.0476901215143883,VISION,3.81,422.37,-7.36,159.34,145.49,273.07,46.7,120.0,0.0,0.0
1779199920.1876192,149.3,112.64,-0.1,161.63300226066463,111.59548620934216,-0.0476901215143883,VISION,3.81,422.37,-7.36,159.34,145.49,273.07,46.7,120.0,0.0,0.0
1779199920.2879496,149.44,129.92,-0.005,149.44,129.92,-0.005,VISION,3.81,422.37,-7.36,159.34,145.63,272.93,29.42,137.28,0.0,0.0
1779199920.3882928,149.44,129.92,-0.005,152.87931261994558,129.90280329359413,0.46939387748981243,VISION,3.81,422.37,-7.36,159.34,145.63,272.93,29.42,137.28,-20.0,0.0
1779199920.4885447,149.44,129.92,-0.005,152.87931261994558,129.90280329359413,0.46939387748981243,VISION,3.81,422.37,-7.36,159.34,145.63,272.93,29.42,137.28,-20.0,0.0
1779199920.588741,149.44,129.92,-0.005,160.26240654668524,134.21141824183226,0.5989099548439334,VISION,3.81,422.37,-7.36,159.34,145.63,272.93,29.42,137.28,-20.0,0.0
1779199920.6889899,149.44,129.92,-0.005,160.26240654668524,134.21141824183226,0.5989099548439334,VISION,3.81,422.37,-7.36,159.34,145.63,272.93,29.42,137.28,-20.0,0.0
1779199920.789268,171.48151950952067,141.8688865492826,0.5989099548439334,171.48151950952067,141.8688865492826,0.5989099548439334,ESTIMA,3.81,422.37,-7.36,159.34,167.672,250.888,17.471,149.229,-20.0,0.0
1779199920.8905592,149.18,135.01,-0.113,149.18,135.01,-0.113,VISION,3.81,422.37,-7.36,159.34,145.37,273.19,24.33,142.37,0.0,0.0
1779199920.991176,149.18,135.01,-0.113,149.18,135.01,-0.113,VISION,3.81,422.37,-7.36,159.34,145.37,273.19,24.33,142.37,0.0,0.0
1779199921.0918558,149.18,135.01,-0.113,153.21231551170712,134.5523989846892,-0.051742984547353044,VISION,3.81,422.37,-7.36,159.34,145.37,273.19,24.33,142.37,0.0,0.0
1779199921.1924112,149.18,135.01,-0.113,153.21231551170712,134.5523989846892,-0.051742984547353044,VISION,3.81,422.37,-7.36,159.34,145.37,273.19,24.33,142.37,0.0,0.0
1779199921.59442,149.67,133.62,-0.17,153.35973635074447,132.98663158338556,0.3463727858970892,VISION,3.81,422.37,-7.36,159.34,145.86,272.7,25.72,140.98,30.0,0.0
1779199921.6949012,149.67,133.62,-0.17,156.51185214442845,134.12430389180975,0.8085988478824987,VISION,3.81,422.37,-7.36,159.34,145.86,272.7,25.72,140.98,0.0,0.0
1779199921.7954779,149.67,133.62,-0.17,157.95965644085317,135.73732637707568,0.8766842322348526,VISION,3.81,422.37,-7.36,159.34,145.86,272.7,25.72,140.98,0.0,0.0
1779199921.8960052,149.67,133.62,-0.17,158.6906155159678,136.61559492727514,0.8815458678386039,VISION,3.81,422.37,-7.36,159.34,145.86,272.7,25.72,140.98,0.0,0.0
1779199921.996586,158.6906155159678,136.61559492727514,0.8815458678386039,158.6906155159678,136.61559492727514,0.8815458678386039,ESTIMA,3.81,422.37,-7.36,159.34,154.881,263.679,22.724,143.976,0.0,0.0
1779199922.0971174,149.69,133.49,-0.178,149.69,133.49,-0.178,VISION,3.81,422.37,-7.36,159.34,145.88,272.68,25.85,140.85,0.0,0.0
1779199922.1975257,149.69,133.49,-0.178,149.69,133.49,-0.17800000000000174,VISION,3.81,422.37,-7.36,159.34,145.88,272.68,25.85,140.85,-20.0,0.0
1779199922.2980595,149.69,133.49,-0.178,154.0846559336892,132.69938358961468,-0.17800000000000354,VISION,3.81,422.37,-7.36,159.34,145.88,272.68,25.85,140.85,-20.0,0.0
1779199922.398631,149.69,133.49,-0.178,154.0846559336892,132.69938358961468,-0.17800000000000354,VISION,3.81,422.37,-7.36,159.34,145.88,272.68,25.85,140.85,-20.0,0.0
1779199922.4991088,149.69,133.49,-0.178,167.22866401328739,130.33472327427484,-0.17800000000000354,VISION,3.81,422.37,-7.36,159.34,145.88,272.68,25.85,140.85,-20.0,0.0
1779199922.5996263,173.9212924237731,129.13069230352733,-0.17800000000000354,173.9212924237731,129.13069230352733,-0.17800000000000354,ESTIMA,3.81,422.37,-7.36,159.34,170.111,248.449,30.209,136.491,-20.0,0.0
1779199922.7001462,149.92,134.77,-0.208,149.92,134.77,-0.208,VISION,3.81,422.37,-7.36,159.34,146.11,272.45,24.57,142.13,0.0,0.0
1779199922.8007078,149.92,134.77,-0.208,156.93457965637245,133.28955561565348,-0.208,VISION,3.81,422.37,-7.36,159.34,146.11,272.45,24.57,142.13,0.0,0.0
1779199922.9012718,149.92,134.77,-0.208,160.92179557514015,132.44804383515012,0.07329975216883591,VISION,3.81,422.37,-7.36,159.34,146.11,272.45,24.57,142.13,0.0,0.0
1779199923.001923,149.92,134.77,-0.208,161.26228010836746,132.4730460608669,0.12038958281671298,VISION,3.81,422.37,-7.36,159.34,146.11,272.45,24.57,142.13,0.0,0.0
1779199923.3034487,149.95,131.52,-0.4,155.43864208725438,129.19943934542798,-0.1270561078406316,VISION,3.81,422.37,-7.36,159.34,146.14,272.42,27.82,138.88,30.0,0.0
1779199923.404178,149.95,131.52,-0.4,158.29631574253875,128.8343879635028,0.26936117355190775,VISION,3.81,422.37,-7.36,159.34,146.14,272.42,27.82,138.88,0.0,0.0
1779199923.5047724,149.95,131.52,-0.4,159.77867186869761,129.2436227603612,0.3291325496505976,VISION,3.81,422.37,-7.36,159.34,146.14,272.42,27.82,138.88,0.0,0.0
1779199923.6053896,149.95,131.52,-0.4,160.29835433146496,129.4211233886428,0.32684719674715945,VISION,3.81,422.37,-7.36,159.34,146.14,272.42,27.82,138.88,0.0,0.0
1779199923.706004,149.95,131.52,-0.4,160.44546238007038,129.4709938932226,0.3157649817471951,VISION,3.81,422.37,-7.36,159.34,146.14,272.42,27.82,138.88,0.0,0.0
1779199923.8067222,149.96,130.62,-0.486,149.96,130.62,-0.486,VISION,3.81,422.37,-7.36,159.34,146.15,272.41,28.72,137.98,0.0,0.0
1779199923.8067524,149.96,130.62,-0.486,149.96,130.62,-0.486,VISION,3.81,422.37,-7.36,159.34,146.15,272.41,28.72,137.98,-20.0,0.0
1779199923.9074063,149.96,130.62,-0.486,149.96,130.62,-0.4860000000000021,VISION,3.81,422.37,-7.36,159.34,146.15,272.41,28.72,137.98,-20.0,0.0
1779199924.0078979,149.96,130.62,-0.486,150.6626781658102,130.24880249672697,-0.4860000000000021,VISION,3.81,422.37,-7.36,159.34,146.15,272.41,28.72,137.98,-20.0,0.0
1779199924.108459,149.96,130.62,-0.486,155.0104739811489,127.95203132904193,-0.4860000000000021,VISION,3.81,422.37,-7.36,159.34,146.15,272.41,28.72,137.98,-20.0,0.0
1779199924.2091162,149.96,130.62,-0.486,162.87192192662357,123.79913460980707,-0.4860000000000021,VISION,3.81,422.37,-7.36,159.34,146.15,272.41,28.72,137.98,-20.0,0.0
1779199924.3097315,167.01858652843487,121.60861322747796,-0.4860000000000021,167.01858652843487,121.60861322747796,-0.4860000000000021,ESTIMA,3.81,422.37,-7.36,159.34,163.209,255.351,37.731,128.969,-20.0,0.0
1779199924.4101527,150.85,131.62,-0.561,150.85,131.62,-0.561,VISION,3.81,422.37,-7.36,159.34,147.04,271.52,27.72,138.98,0.0,0.0
1779199924.5106614,150.85,131.62,-0.561,155.51316130370225,128.68993302116766,-0.37109306414374,VISION,3.81,422.37,-7.36,159.34,147.04,271.52,27.72,138.98,0.0,0.0
1779199924.6112044,150.85,131.62,-0.561,158.18165275703896,127.65156643037413,0.023858473416031423,VISION,3.81,422.37,-7.36,159.34,147.04,271.52,27.72,138.98,0.0,0.0
1779199924.711898,150.85,131.62,-0.561,158.18165275703896,127.65156643037413,0.023858473416029032,VISION,3.81,422.37,-7.36,159.34,147.04,271.52,27.72,138.98,0.0,0.0
1779199925.113656,150.07,128.65,-0.859,150.07,128.65,-0.859,VISION,3.81,422.37,-7.36,159.34,146.26,272.3,30.69,136.01,30.0,0.0
1779199925.2141974,150.07,128.65,-0.859,152.31309872739808,126.04977893639645,-0.38533909427560853,VISION,3.81,422.37,-7.36,159.34,146.26,272.3,30.69,136.01,0.0,0.0
1779199925.3147306,150.07,128.65,-0.859,154.06034353245548,125.35182431460879,-0.3553922860834137,VISION,3.81,422.37,-7.36,159.34,146.26,272.3,30.69,136.01,0.0,0.0
1779199925.4151962,150.07,128.65,-0.859,155.94995540987557,124.65049223658141,-0.3363585108282504,VISION,3.81,422.37,-7.36,159.34,146.26,272.3,30.69,136.01,0.0,0.0
1779199925.515855,150.07,128.65,-0.859,155.94995540987557,124.65049223658141,-0.3363585108282504,VISION,3.81,422.37,-7.36,159.34,146.26,272.3,30.69,136.01,0.0,0.0
1779199925.6163266,149.62,127.72,-0.955,150.01177769032327,127.1663146421214,-0.9608943417043041,VISION,3.81,422.37,-7.36,159.34,145.81,272.75,31.62,135.08,0.0,0.0
1779199925.716869,149.62,127.72,-0.955,150.01177769032327,127.1663146421214,-0.9608943417043041,VISION,3.81,422.37,-7.36,159.34,145.81,272.75,31.62,135.08,-20.0,0.0
1779199925.8174052,149.62,127.72,-0.955,151.35785200839166,125.02400298176346,-1.019716723611801,VISION,3.81,422.37,-7.36,159.34,145.81,272.75,31.62,135.08,-20.0,0.0
1779199925.917981,149.62,127.72,-0.955,154.86157630410878,119.3231047387838,-1.019716723611801,VISION,3.81,422.37,-7.36,159.34,145.81,272.75,31.62,135.08,-20.0,0.0
1779199926.0185788,149.62,127.72,-0.955,158.36369468750627,113.62481947044158,-1.019716723611801,VISION,3.81,422.37,-7.36,159.34,145.81,272.75,31.62,135.08,-20.0,0.0
1779199926.1192317,161.87020423740273,107.9193893495751,-1.019716723611801,161.87020423740273,107.9193893495751,-1.019716723611801,ESTIMA,3.81,422.37,-7.36,159.34,158.06,260.5,51.421,115.279,-20.0,0.0
1779199926.219677,153.52,130.89,-0.955,153.52,130.89,-0.955,VISION,3.81,422.37,-7.36,159.34,149.71,268.85,28.45,138.25,0.0,0.0
1779199926.3202813,153.52,130.89,-0.955,160.97783660107046,120.35010702126385,-0.7833625213773402,VISION,3.81,422.37,-7.36,159.34,149.71,268.85,28.45,138.25,0.0,0.0
1779199926.4207788,153.52,130.89,-0.955,160.97783660107046,120.35010702126385,-0.7833625213773402,VISION,3.81,422.37,-7.36,159.34,149.71,268.85,28.45,138.25,0.0,0.0
1779199926.521231,153.52,130.89,-0.955,161.2779017589307,120.0512610337814,-0.7249494165984234,VISION,3.81,422.37,-7.36,159.34,149.71,268.85,28.45,138.25,0.0,0.0
1779199926.9226015,151.79,128.68,-1.181,154.762392691065,123.9250167715568,-0.38180840340976235,VISION,3.81,422.37,-7.36,159.34,147.98,270.58,30.66,136.04,30.0,0.0
1779199927.0232193,151.79,128.68,-1.181,157.5433878166411,122.80841625286955,0.031541488121292705,VISION,3.81,422.37,-7.36,159.34,147.98,270.58,30.66,136.04,30.0,0.0
1779199927.1237414,151.79,128.68,-1.181,158.15606952545727,122.82774755681781,0.04090374470818618,VISION,3.81,422.37,-7.36,159.34,147.98,270.58,30.66,136.04,30.0,0.0
1779199927.2242568,151.79,128.68,-1.181,160.69678405945925,122.93173029370091,0.06071584879037058,VISION,3.81,422.37,-7.36,159.34,147.98,270.58,30.66,136.04,30.0,0.0
1779199927.3248217,151.13,127.95,-1.281,151.13,127.95,-1.281,VISION,3.81,422.37,-7.36,159.34,147.32,271.24,31.39,135.31,30.0,0.0
1779199927.425098,151.13,127.95,-1.281,152.29407169682383,124.04622108978002,-1.249742485683645,VISION,3.81,422.37,-7.36,159.34,147.32,271.24,31.39,135.31,30.0,0.0
1779199927.5253787,151.13,127.95,-1.281,153.0144363994021,121.88009759251783,-1.236169329203525,VISION,3.81,422.37,-7.36,159.34,147.32,271.24,31.39,135.31,30.0,0.0
1779199927.6257167,151.13,127.95,-1.281,154.12405437378573,118.68881626381491,-1.2046306841319836,VISION,3.81,422.37,-7.36,159.34,147.32,271.24,31.39,135.31,30.0,0.0
1779199927.7259839,151.13,127.95,-1.281,155.79433500147852,114.33298473708875,-1.1698772365903813,VISION,3.81,422.37,-7.36,159.34,147.32,271.24,31.39,135.31,30.0,0.0
1779199927.8262472,156.57544718293963,112.49020453963018,-1.157183804599792,156.57544718293963,112.49020453963018,-1.157183804599792,ESTIMA,3.81,422.37,-7.36,159.34,152.765,265.795,46.85,119.85,30.0,0.0
1779199927.9266772,157.72,129.79,-1.273,157.72,129.79,-1.273,VISION,3.81,422.37,-7.36,159.34,153.91,264.65,29.55,137.15,30.0,0.0
1779199928.0271685,157.72,129.79,-1.273,158.82000856306908,126.20601539180252,-1.3054099368210497,VISION,3.81,422.37,-7.36,159.34,153.91,264.65,29.55,137.15,30.0,0.0
1779199928.1274617,157.72,129.79,-1.273,159.5035378607599,123.69116725637139,-1.3141589165936023,VISION,3.81,422.37,-7.36,159.34,153.91,264.65,29.55,137.15,30.0,0.0
1779199928.2279403,157.72,129.79,-1.273,160.73236052601496,119.00858580314815,-1.327462718114296,VISION,3.81,422.37,-7.36,159.34,153.91,264.65,29.55,137.15,30.0,0.0
1779199928.3285573,157.72,129.79,-1.273,161.43077667759883,116.19525994966514,-1.3101557333635827,VISION,3.81,422.37,-7.36,159.34,153.91,264.65,29.55,137.15,30.0,0.0
1779199928.4290853,162.33470300607962,112.80605627419939,-1.2663001091435708,162.33470300607962,112.80605627419939,-1.2663001091435708,ESTIMA,3.81,422.37,-7.36,159.34,158.525,260.035,46.534,120.166,30.0,0.0
1779199928.5295439,170.78,135.02,-1.217,170.78,135.02,-1.217,VISION,3.81,422.37,-7.36,159.34,166.97,251.59,24.32,142.38,30.0,0.0
1779199928.6300125,170.78,135.02,-1.217,173.5024631723985,127.97536545995303,-1.133863473621565,VISION,3.81,422.37,-7.36,159.34,166.97,251.59,24.32,142.38,30.0,0.0
1779199928.730515,170.78,135.02,-1.217,175.8594584422209,122.92868769086854,-1.1026574148547303,VISION,3.81,422.37,-7.36,159.34,166.97,251.59,24.32,142.38,30.0,0.0
1779199928.8310595,170.78,135.02,-1.217,176.91569663659334,120.83971972185887,-1.08503874051261,VISION,3.81,422.37,-7.36,159.34,166.97,251.59,24.32,142.38,30.0,0.0
1779199928.9316123,170.78,135.02,-1.217,178.8199072187496,117.23292573286108,-1.0473218220151062,VISION,3.81,422.37,-7.36,159.34,166.97,251.59,24.32,142.38,30.0,0.0
1779199929.0321746,180.81672408445635,113.77334467008296,-1.0080362425401856,180.81672408445635,113.77334467008296,-1.0080362425401856,ESTIMA,3.81,422.37,-7.36,159.34,177.007,241.553,45.567,121.133,30.0,0.0
1779199929.1326113,180.81672408445635,113.77334467008296,-1.0080362425401856,180.81672408445635,113.77334467008296,-1.0080362425401856,ESTIMA,3.81,422.37,-7.36,159.34,177.007,241.553,45.567,121.133,0.0,0.0
1779199929.2331586,185.2910533355877,106.9248693117721,-0.9357520428397638,185.2910533355877,106.9248693117721,-0.9357520428397638,ESTIMA,3.81,422.37,-7.36,159.34,181.481,237.079,52.415,114.285,0.0,0.0
1779199929.3337576,187.45200182244076,103.99226127245774,-0.9073227408223454,187.45200182244076,103.99226127245774,-0.9073227408223454,ESTIMA,3.81,422.37,-7.36,159.34,183.642,234.918,55.348,111.352,0.0,0.0
1779199929.4343407,187.45200182244076,103.99226127245774,-0.9073227408223454,187.45200182244076,103.99226127245774,-0.9073227408223454,ESTIMA,3.81,422.37,-7.36,159.34,183.642,234.918,55.348,111.352,0.0,0.0
1779199929.5349243,190.59463547328076,100.10808686747251,-0.7915624962723826,190.59463547328076,100.10808686747251,-0.7915624962723826,ESTIMA,3.81,422.37,-7.36,159.34,186.785,231.775,59.232,107.468,0.0,0.0
1779199929.635377,191.2865546392272,99.40758424137634,-0.7104809098459947,191.2865546392272,99.40758424137634,-0.7104809098459947,ESTIMA,3.81,422.37,-7.36,159.34,187.477,231.083,59.932,106.768,-20.0,0.0
1779199929.735872,191.2865546392272,99.40758424137634,-0.7104809098459947,191.2865546392272,99.40758424137634,-0.7104809098459947,ESTIMA,3.81,422.37,-7.36,159.34,187.477,231.083,59.932,106.768,-20.0,0.0
1779199929.8363743,197.6268597282584,93.57124898752079,-0.7727490670585784,197.6268597282584,93.57124898752079,-0.7727490670585784,ESTIMA,3.81,422.37,-7.36,159.34,193.817,224.743,65.769,100.931,-20.0,0.0
1779199929.9369729,197.6268597282584,93.57124898752079,-0.7727490670585784,197.6268597282584,93.57124898752079,-0.7727490670585784,ESTIMA,3.81,422.37,-7.36,159.34,193.817,224.743,65.769,100.931,-20.0,0.0
1779199930.0374043,207.5396913881818,83.90607462045571,-0.7727490670585784,207.5396913881818,83.90607462045571,-0.7727490670585784,ESTIMA,3.81,422.37,-7.36,159.34,203.73,214.83,75.434,91.266,-20.0,0.0
1779199930.1379154,212.32933387801532,79.23609419424697,-0.7727490670585784,212.32933387801532,79.23609419424697,-0.7727490670585784,ESTIMA,3.81,422.37,-7.36,159.34,208.519,210.041,80.104,86.596,0.0,0.0
1779199930.238322,212.32933387801532,79.23609419424697,-0.7727490670585784,212.32933387801532,79.23609419424697,-0.7727490670585784,ESTIMA,3.81,422.37,-7.36,159.34,208.519,210.041,80.104,86.596,0.0,0.0
1779199930.3388429,218.10869662351448,73.60112019467832,-0.4016317958325505,218.10869662351448,73.60112019467832,-0.4016317958325505,ESTIMA,3.81,422.37,-7.36,159.34,214.299,204.261,85.739,80.961,0.0,0.0
1779199930.4394722,219.8946504465143,72.84259339737693,-0.13399603930705095,219.8946504465143,72.84259339737693,-0.13399603930705095,ESTIMA,3.81,422.37,-7.36,159.34,216.085,202.475,86.497,80.203,0.0,0.0
1779199930.8412287,230.44258187972972,80.70540756755312,1.147182931289437,230.44258187972972,80.70540756755312,1.147182931289437,ESTIMA,3.81,422.37,-7.36,159.34,226.633,191.927,78.635,88.065,30.0,0.0
1779199930.9415364,232.2317904276119,84.67337094186254,1.5474312417731722,232.2317904276119,84.67337094186254,1.5474312417731722,ESTIMA,3.81,422.37,-7.36,159.34,228.422,190.138,74.667,92.033,30.0,0.0
1779199931.0419679,232.26809528098428,86.22689606260917,1.6507690001662965,232.26809528098428,86.22689606260917,1.6507690001662965,ESTIMA,3.81,422.37,-7.36,159.34,228.458,190.102,73.113,93.587,30.0,0.0
1779199931.1422281,232.03176542961265,89.17572596291845,1.6484896108933818,232.03176542961265,89.17572596291845,1.6484896108933818,ESTIMA,3.81,422.37,-7.36,159.34,228.222,190.338,70.164,96.536,30.0,0.0
1779199931.2428203,231.73398795738223,93.00074226516581,1.6852016376644816,231.73398795738223,93.00074226516581,1.6852016376644816,ESTIMA,3.81,422.37,-7.36,159.34,227.924,190.636,66.339,100.361,30.0,0.0
1779199931.343282,231.2993917116277,96.78289629331653,1.727234054214347,231.2993917116277,96.78289629331653,1.727234054214347,ESTIMA,3.81,422.37,-7.36,159.34,227.489,191.071,62.557,104.143,30.0,0.0
1779199931.4438999,230.76497698029283,100.17113310715632,1.7627414721812924,230.76497698029283,100.17113310715632,1.7627414721812924,ESTIMA,3.81,422.37,-7.36,159.34,226.955,191.605,59.169,107.531,30.0,0.0
1779199931.544534,229.96719599940636,104.27626063163305,1.7990747341072624,229.96719599940636,104.27626063163305,1.7990747341072624,ESTIMA,3.81,422.37,-7.36,159.34,226.157,192.403,55.064,111.636,30.0,0.0
1779199931.6451867,229.12809240931603,107.88797841529734,1.8315991134637102,229.12809240931603,107.88797841529734,1.8315991134637102,ESTIMA,3.81,422.37,-7.36,159.34,225.318,193.242,51.452,115.248,30.0,0.0
1779199931.7457843,228.04857021616905,111.93293060425377,1.8758459362949111,228.04857021616905,111.93293060425377,1.8758459362949111,ESTIMA,3.81,422.37,-7.36,159.34,224.239,194.321,47.407,119.293,30.0,0.0
1779199931.8463817,226.9136440014776,115.53726975120124,1.9149194131897076,226.9136440014776,115.53726975120124,1.9149194131897076,ESTIMA,3.81,422.37,-7.36,159.34,223.104,195.456,43.803,122.897,30.0,0.0
1779199931.9468849,225.57135071197308,119.2826886464324,1.9588714485438072,225.57135071197308,119.2826886464324,1.9588714485438072,ESTIMA,3.81,422.37,-7.36,159.34,221.761,196.799,40.057,126.643,30.0,0.0
1779199932.047378,224.0383758528518,123.03256684621806,1.9969992013092048,224.0383758528518,123.03256684621806,1.9969992013092048,ESTIMA,3.81,422.37,-7.36,159.34,220.228,198.332,36.307,130.393,30.0,0.0
1779199932.147954,222.3996158409109,126.64190642481623,2.023242596206969,222.3996158409109,126.64190642481623,2.023242596206969,ESTIMA,3.81,422.37,-7.36,159.34,218.59,199.97,32.698,134.002,30.0,0.0
1779199932.2485526,220.63717928871597,130.26775410498496,2.045624070370289,220.63717928871597,130.26775410498496,2.045624070370289,ESTIMA,3.81,422.37,-7.36,159.34,216.827,201.733,29.072,137.628,30.0,0.0
1779199932.3492377,218.80572520517734,133.8305178403375,2.080614960939518,218.80572520517734,133.8305178403375,2.080614960939518,ESTIMA,3.81,422.37,-7.36,159.34,214.996,203.564,25.509,141.191,30.0,0.0
1779199932.4498768,216.93907832114058,137.1690583828124,2.1158520634757285,216.93907832114058,137.1690583828124,2.1158520634757285,ESTIMA,3.81,422.37,-7.36,159.34,213.129,205.431,22.171,144.529,30.0,0.0
1779199932.550367,214.88101806378293,140.5633887051712,2.152824579472592,214.88101806378293,140.5633887051712,2.152824579472592,ESTIMA,3.81,422.37,-7.36,159.34,211.071,207.489,18.777,147.923,30.0,0.0
1779199932.650777,211.74310056409143,145.33174445176775,2.2061247278068623,211.74310056409143,145.33174445176775,2.2061247278068623,ESTIMA,3.81,422.37,-7.36,159.34,207.933,210.627,14.008,152.692,30.0,0.0
1779199932.751174,210.12215421446908,147.53021116851437,2.229939342219592,210.12215421446908,147.53021116851437,2.229939342219592,ESTIMA,3.81,422.37,-7.36,159.34,206.312,212.248,11.81,154.89,30.0,0.0
1779199932.8515952,207.91631785860122,150.37743384402555,2.2622963214107656,207.91631785860122,150.37743384402555,2.2622963214107656,ESTIMA,3.81,422.37,-7.36,159.34,204.106,214.454,8.963,157.737,30.0,0.0
1779199932.9520583,205.3921147483994,153.42650020923378,2.298167943775871,205.3921147483994,153.42650020923378,2.298167943775871,ESTIMA,3.81,422.37,-7.36,159.34,201.582,216.978,5.913,160.787,30.0,0.0
1779199933.0523548,201.6209609251156,157.6628224156664,2.34719482519988,201.6209609251156,157.6628224156664,2.34719482519988,ESTIMA,3.81,422.37,-7.36,159.34,197.811,220.749,1.677,165.023,30.0,0.0
1779199933.1527736,199.6927423901456,159.62606373117208,2.369788849807877,199.6927423901456,159.62606373117208,2.369788849807877,ESTIMA,3.81,422.37,-7.36,159.34,195.883,222.677,-0.286,166.986,30.0,0.0
1779199933.2530994,196.81199866707695,162.42952950565044,2.400296606073041,196.81199866707695,162.42952950565044,2.400296606073041,ESTIMA,3.81,422.37,-7.36,159.34,193.002,225.558,-3.09,169.79,30.0,0.0
1779199933.3535352,193.92455567334466,165.07289392539607,2.4291786531498087,193.92455567334466,165.07289392539607,2.4291786531498087,ESTIMA,3.81,422.37,-7.36,159.34,190.115,228.445,-5.733,172.433,30.0,0.0
1779199933.4538703,189.78273503243685,168.65032871178698,2.4683208718974576,189.78273503243685,168.65032871178698,2.4683208718974576,ESTIMA,3.81,422.37,-7.36,159.34,185.973,232.587,-9.31,176.01,30.0,0.0
1779199933.554216,187.6964609037899,170.3143271947689,2.488084518990617,187.6964609037899,170.3143271947689,2.488084518990617,ESTIMA,3.81,422.37,-7.36,159.34,183.886,234.674,-10.974,177.674,30.0,0.0
1779199933.654569,184.49312005104616,172.76730066011865,2.5178110831820057,184.49312005104616,172.76730066011865,2.5178110831820057,ESTIMA,3.81,422.37,-7.36,159.34,180.683,237.877,-13.427,180.127,30.0,0.0
1779199933.7549067,181.15127886158314,175.17220118619156,2.5477631761894908,181.15127886158314,175.17220118619156,2.5477631761894908,ESTIMA,3.81,422.37,-7.36,159.34,177.341,241.219,-15.832,182.532,30.0,0.0
1779199933.8552158,177.89516452522577,177.37045666085646,2.573891865981419,177.89516452522577,177.37045666085646,2.573891865981419,ESTIMA,3.81,422.37,-7.36,159.34,174.085,244.475,-18.03,184.73,30.0,0.0
1779199933.9555323,173.05469291825807,180.45736818443856,2.6181639929455187,173.05469291825807,180.45736818443856,2.6181639929455187,ESTIMA,3.81,422.37,-7.36,159.34,169.245,249.315,-21.117,187.817,30.0,0.0
1779199934.0559394,170.97080321826303,181.66002984237255,2.635674642581659,170.97080321826303,181.66002984237255,2.635674642581659,ESTIMA,3.81,422.37,-7.36,159.34,167.161,251.399,-22.32,189.02,30.0,0.0
1779199934.1562345,167.0770628679458,183.81720764718466,2.668986575384969,167.0770628679458,183.81720764718466,2.668986575384969,ESTIMA,3.81,422.37,-7.36,159.34,163.267,255.293,-24.477,191.177,30.0,0.0
1779199934.2565644,167.0770628679458,183.81720764718466,2.668986575384969,167.0770628679458,183.81720764718466,2.668986575384969,ESTIMA,3.81,422.37,-7.36,159.34,163.267,255.293,-24.477,191.177,30.0,0.0
1779199934.3569622,159.80788330982892,187.4224146317972,2.725391441583696,159.80788330982892,187.4224146317972,2.725391441583696,ESTIMA,3.81,422.37,-7.36,159.34,155.998,262.562,-28.082,194.782,30.0,0.0
1779199934.4572773,159.80788330982892,187.4224146317972,2.725391441583696,159.80788330982892,187.4224146317972,2.725391441583696,ESTIMA,3.81,422.37,-7.36,159.34,155.998,262.562,-28.082,194.782,30.0,0.0
1779199934.5575807,152.56330185819849,190.52680307853393,2.7778650263989233,152.56330185819849,190.52680307853393,2.7778650263989233,ESTIMA,3.81,422.37,-7.36,159.34,148.753,269.807,-31.187,197.887,30.0,0.0
1779199934.657831,148.85580248633022,191.93811686277667,2.803089760749097,148.85580248633022,191.93811686277667,2.803089760749097,ESTIMA,3.81,422.37,-7.36,159.34,145.046,273.514,-32.598,199.298,30.0,0.0
1779199934.758112,148.85580248633022,191.93811686277667,2.803089760749097,148.85580248633022,191.93811686277667,2.803089760749097,ESTIMA,3.81,422.37,-7.36,159.34,145.046,273.514,-32.598,199.298,30.0,0.0
1779199934.8583558,141.01816854509568,194.60245961010418,2.8531617956246413,141.01816854509568,194.60245961010418,2.8531617956246413,ESTIMA,3.81,422.37,-7.36,159.34,137.208,281.352,-35.262,201.962,30.0,0.0
1779199934.9586723,141.01816854509568,194.60245961010418,2.8531617956246413,141.01816854509568,194.60245961010418,2.8531617956246413,ESTIMA,3.81,422.37,-7.36,159.34,137.208,281.352,-35.262,201.962,30.0,0.0
1779199935.0589693,133.0170324551713,196.88068034444626,2.904526309446195,133.0170324551713,196.88068034444626,2.904526309446195,ESTIMA,3.81,422.37,-7.36,159.34,129.207,289.353,-37.541,204.241,30.0,0.0
1779199935.1592562,129.31534951862693,197.77504241477365,2.924680997129649,129.31534951862693,197.77504241477365,2.924680997129649,ESTIMA,3.81,422.37,-7.36,159.34,125.505,293.055,-38.435,205.135,30.0,0.0
1779199935.259576,129.31534951862693,197.77504241477365,2.924680997129649,129.31534951862693,197.77504241477365,2.924680997129649,ESTIMA,3.81,422.37,-7.36,159.34,125.505,293.055,-38.435,205.135,30.0,0.0
1779199935.3600514,129.31534951862693,197.77504241477365,2.924680997129649,129.31534951862693,197.77504241477365,2.924680997129649,ESTIMA,3.81,422.37,-7.36,159.34,125.505,293.055,-38.435,205.135,30.0,0.0
1779199935.4605963,129.31534951862693,197.77504241477365,2.924680997129649,129.31534951862693,197.77504241477365,2.924680997129649,ESTIMA,3.81,422.37,-7.36,159.34,125.505,293.055,-38.435,205.135,30.0,0.0
1779199935.561113,129.31534951862693,197.77504241477365,2.924680997129649,129.31534951862693,197.77504241477365,2.924680997129649,ESTIMA,3.81,422.37,-7.36,159.34,125.505,293.055,-38.435,205.135,30.0,0.0
1779199935.6615424,129.31534951862693,197.77504241477365,2.924680997129649,129.31534951862693,197.77504241477365,2.924680997129649,ESTIMA,3.81,422.37,-7.36,159.34,125.505,293.055,-38.435,205.135,30.0,0.0
1779199935.7619584,129.31534951862693,197.77504241477365,2.924680997129649,129.31534951862693,197.77504241477365,2.924680997129649,ESTIMA,3.81,422.37,-7.36,159.34,125.505,293.055,-38.435,205.135,30.0,0.0
1779199935.8624322,129.31534951862693,197.77504241477365,2.924680997129649,129.31534951862693,197.77504241477365,2.924680997129649,ESTIMA,3.81,422.37,-7.36,159.34,125.505,293.055,-38.435,205.135,30.0,0.0
1779199935.962934,129.31534951862693,197.77504241477365,2.924680997129649,129.31534951862693,197.77504241477365,2.924680997129649,ESTIMA,3.81,422.37,-7.36,159.34,125.505,293.055,-38.435,205.135,30.0,0.0
1779199936.0633202,129.31534951862693,197.77504241477365,2.924680997129649,129.31534951862693,197.77504241477365,2.924680997129649,ESTIMA,3.81,422.37,-7.36,159.34,125.505,293.055,-38.435,205.135,30.0,0.0
1779199936.1637113,129.31534951862693,197.77504241477365,2.924680997129649,129.31534951862693,197.77504241477365,2.924680997129649,ESTIMA,3.81,422.37,-7.36,159.34,125.505,293.055,-38.435,205.135,30.0,0.0
1779199936.264115,129.31534951862693,197.77504241477365,2.924680997129649,129.31534951862693,197.77504241477365,2.924680997129649,ESTIMA,3.81,422.37,-7.36,159.34,125.505,293.055,-38.435,205.135,30.0,0.0
1779199936.3646266,129.31534951862693,197.77504241477365,2.924680997129649,129.31534951862693,197.77504241477365,2.924680997129649,ESTIMA,3.81,422.37,-7.36,159.34,125.505,293.055,-38.435,205.135,30.0,0.0
1779199936.4650865,129.31534951862693,197.77504241477365,2.924680997129649,129.31534951862693,197.77504241477365,2.924680997129649,ESTIMA,3.81,422.37,-7.36,159.34,125.505,293.055,-38.435,205.135,30.0,0.0
1779199936.5655043,129.31534951862693,197.77504241477365,2.924680997129649,129.31534951862693,197.77504241477365,2.924680997129649,ESTIMA,3.81,422.37,-7.36,159.34,125.505,293.055,-38.435,205.135,30.0,0.0
1779199936.6659336,129.31534951862693,197.77504241477365,2.924680997129649,129.31534951862693,197.77504241477365,2.924680997129649,ESTIMA,3.81,422.37,-7.36,159.34,125.505,293.055,-38.435,205.135,30.0,0.0
1779199936.7664015,129.31534951862693,197.77504241477365,2.924680997129649,129.31534951862693,197.77504241477365,2.924680997129649,ESTIMA,3.81,422.37,-7.36,159.34,125.505,293.055,-38.435,205.135,30.0,0.0
1779199936.8667557,129.31534951862693,197.77504241477365,2.924680997129649,129.31534951862693,197.77504241477365,2.924680997129649,ESTIMA,3.81,422.37,-7.36,159.34,125.505,293.055,-38.435,205.135,30.0,0.0
1779199936.9672403,129.31534951862693,197.77504241477365,2.924680997129649,129.31534951862693,197.77504241477365,2.924680997129649,ESTIMA,3.81,422.37,-7.36,159.34,125.505,293.055,-38.435,205.135,30.0,0.0
1779199937.0675614,129.31534951862693,197.77504241477365,2.924680997129649,129.31534951862693,197.77504241477365,2.924680997129649,ESTIMA,3.81,422.37,-7.36,159.34,125.505,293.055,-38.435,205.135,30.0,0.0
1779199937.1679313,129.31534951862693,197.77504241477365,2.924680997129649,129.31534951862693,197.77504241477365,2.924680997129649,ESTIMA,3.81,422.37,-7.36,159.34,125.505,293.055,-38.435,205.135,30.0,0.0
1779199937.268281,129.31534951862693,197.77504241477365,2.924680997129649,129.31534951862693,197.77504241477365,2.924680997129649,ESTIMA,3.81,422.37,-7.36,159.34,125.505,293.055,-38.435,205.135,30.0,0.0
1779199937.3689282,129.31534951862693,197.77504241477365,2.924680997129649,129.31534951862693,197.77504241477365,2.924680997129649,ESTIMA,3.81,422.37,-7.36,159.34,125.505,293.055,-38.435,205.135,30.0,0.0
1779199937.4694893,129.31534951862693,197.77504241477365,2.924680997129649,129.31534951862693,197.77504241477365,2.924680997129649,ESTIMA,3.81,422.37,-7.36,159.34,125.505,293.055,-38.435,205.135,30.0,0.0
1779199937.5700207,129.31534951862693,197.77504241477365,2.924680997129649,129.31534951862693,197.77504241477365,2.924680997129649,ESTIMA,3.81,422.37,-7.36,159.34,125.505,293.055,-38.435,205.135,30.0,0.0
1779199937.8475192,137.08,105.27,-1.331,137.08,105.27,-1.331,VISION,3.81,422.37,-7.36,159.34,133.27,285.29,54.07,112.63,30.0,0.0
1779199937.971183,137.08,105.27,-1.331,137.08,105.27,-1.331,VISION,3.81,422.37,-7.36,159.34,133.27,285.29,54.07,112.63,30.0,0.0
1779199938.07146,137.08,105.27,-1.331,137.08,105.27,-1.331,VISION,3.81,422.37,-7.36,159.34,133.27,285.29,54.07,112.63,30.0,0.0
1779199938.1719275,137.08,105.27,-1.331,137.08,105.27,-1.331,VISION,3.81,422.37,-7.36,159.34,133.27,285.29,54.07,112.63,30.0,0.0
1779199938.2722564,137.08,105.27,-1.331,137.08,105.27,-1.331,VISION,3.81,422.37,-7.36,159.34,133.27,285.29,54.07,112.63,30.0,0.0
1779199938.3728087,137.08,105.27,-1.331,137.08,105.27,-1.331,ESTIMA,3.81,422.37,-7.36,159.34,133.27,285.29,54.07,112.63,30.0,0.0
1779199938.4730976,137.1,105.26,-1.324,137.1,105.26,-1.324,VISION,3.81,422.37,-7.36,159.34,133.29,285.27,54.08,112.62,30.0,0.0
1779199938.5735166,137.1,105.26,-1.324,137.1,105.26,-1.324,VISION,3.81,422.37,-7.36,159.34,133.29,285.27,54.08,112.62,30.0,0.0
1779199938.67389,137.1,105.26,-1.324,137.1,105.26,-1.324,VISION,3.81,422.37,-7.36,159.34,133.29,285.27,54.08,112.62,30.0,0.0
1779199938.7743604,137.1,105.26,-1.324,137.1,105.26,-1.324,VISION,3.81,422.37,-7.36,159.34,133.29,285.27,54.08,112.62,30.0,0.0
1779199938.874871,137.1,105.26,-1.324,137.1,105.26,-1.324,VISION,3.81,422.37,-7.36,159.34,133.29,285.27,54.08,112.62,30.0,0.0
1779199938.9752948,137.1,105.26,-1.324,137.1,105.26,-1.324,ESTIMA,3.81,422.37,-7.36,159.34,133.29,285.27,54.08,112.62,30.0,0.0
1779199939.07561,137.08,105.27,-1.322,137.08,105.27,-1.322,VISION,3.81,422.37,-7.36,159.34,133.27,285.29,54.07,112.63,30.0,0.0
1779199939.176054,137.08,105.27,-1.322,137.08,105.27,-1.322,VISION,3.81,422.37,-7.36,159.34,133.27,285.29,54.07,112.63,30.0,0.0
1779199939.2765007,137.08,105.27,-1.322,137.08,105.27,-1.322,VISION,3.81,422.37,-7.36,159.34,133.27,285.29,54.07,112.63,30.0,0.0
1779199939.3770583,137.08,105.27,-1.322,137.08,105.27,-1.322,VISION,3.81,422.37,-7.36,159.34,133.27,285.29,54.07,112.63,30.0,0.0
1779199939.4775918,137.08,105.27,-1.322,137.08,105.27,-1.322,VISION,3.81,422.37,-7.36,159.34,133.27,285.29,54.07,112.63,30.0,0.0
1779199939.5779433,137.08,105.27,-1.322,137.08,105.27,-1.322,ESTIMA,3.81,422.37,-7.36,159.34,133.27,285.29,54.07,112.63,30.0,0.0
1779199939.6783335,137.08,105.28,-1.326,137.08,105.28,-1.326,VISION,3.81,422.37,-7.36,159.34,133.27,285.29,54.06,112.64,30.0,0.0
1779199939.7787051,137.08,105.28,-1.326,137.08,105.28,-1.326,VISION,3.81,422.37,-7.36,159.34,133.27,285.29,54.06,112.64,30.0,0.0
1779199939.879102,137.08,105.28,-1.326,137.08,105.28,-1.326,VISION,3.81,422.37,-7.36,159.34,133.27,285.29,54.06,112.64,30.0,0.0
1779199939.979532,137.08,105.28,-1.326,137.08,105.28,-1.326,VISION,3.81,422.37,-7.36,159.34,133.27,285.29,54.06,112.64,30.0,0.0
1779199940.0799084,137.08,105.28,-1.326,137.08,105.28,-1.326,VISION,3.81,422.37,-7.36,159.34,133.27,285.29,54.06,112.64,30.0,0.0
1779199940.1804242,137.08,105.28,-1.326,137.08,105.28,-1.326,ESTIMA,3.81,422.37,-7.36,159.34,133.27,285.29,54.06,112.64,30.0,0.0
1779199940.2808697,137.08,105.27,-1.326,137.08,105.27,-1.326,VISION,3.81,422.37,-7.36,159.34,133.27,285.29,54.07,112.63,30.0,0.0
1779199940.3813736,137.08,105.27,-1.326,137.08,105.27,-1.326,VISION,3.81,422.37,-7.36,159.34,133.27,285.29,54.07,112.63,30.0,0.0
1779199940.4819484,137.08,105.27,-1.326,137.08,105.27,-1.326,VISION,3.81,422.37,-7.36,159.34,133.27,285.29,54.07,112.63,30.0,0.0
1779199940.5822804,137.08,105.27,-1.326,137.08,105.27,-1.326,VISION,3.81,422.37,-7.36,159.34,133.27,285.29,54.07,112.63,30.0,0.0
1779199940.682816,137.08,105.27,-1.326,137.08,105.27,-1.326,VISION,3.81,422.37,-7.36,159.34,133.27,285.29,54.07,112.63,30.0,0.0
1779199940.7834082,137.08,105.28,-1.325,137.08,105.28,-1.325,VISION,3.81,422.37,-7.36,159.34,133.27,285.29,54.06,112.64,30.0,0.0
1779199940.7838988,137.08,105.28,-1.325,137.08,105.28,-1.325,VISION,3.81,422.37,-7.36,159.34,133.27,285.29,54.06,112.64,30.0,0.0
1779199940.8840072,137.08,105.28,-1.325,137.08,105.28,-1.325,VISION,3.81,422.37,-7.36,159.34,133.27,285.29,54.06,112.64,30.0,0.0
1779199940.9842575,137.08,105.28,-1.325,137.08,105.28,-1.325,VISION,3.81,422.37,-7.36,159.34,133.27,285.29,54.06,112.64,30.0,0.0
1779199941.0846276,137.08,105.28,-1.325,137.08,105.28,-1.325,VISION,3.81,422.37,-7.36,159.34,133.27,285.29,54.06,112.64,30.0,0.0
1779199941.1849966,137.08,105.28,-1.325,137.08,105.28,-1.325,VISION,3.81,422.37,-7.36,159.34,133.27,285.29,54.06,112.64,30.0,0.0
1779199941.2854457,137.08,105.28,-1.325,137.08,105.28,-1.325,ESTIMA,3.81,422.37,-7.36,159.34,133.27,285.29,54.06,112.64,30.0,0.0
1779199941.3857858,137.06,105.28,-1.324,137.06,105.28,-1.324,VISION,3.81,422.37,-7.36,159.34,133.25,285.31,54.06,112.64,30.0,0.0
1779199941.4863102,137.06,105.28,-1.324,137.06,105.28,-1.324,VISION,3.81,422.37,-7.36,159.34,133.25,285.31,54.06,112.64,30.0,0.0
1779199941.5868554,137.06,105.28,-1.324,137.06,105.28,-1.324,VISION,3.81,422.37,-7.36,159.34,133.25,285.31,54.06,112.64,30.0,0.0
1779199941.687225,137.06,105.28,-1.324,137.06,105.28,-1.324,VISION,3.81,422.37,-7.36,159.34,133.25,285.31,54.06,112.64,30.0,0.0
1779199941.787641,137.06,105.28,-1.324,137.06,105.28,-1.324,VISION,3.81,422.37,-7.36,159.34,133.25,285.31,54.06,112.64,30.0,0.0
1779199941.8879511,137.06,105.28,-1.324,137.06,105.28,-1.324,ESTIMA,3.81,422.37,-7.36,159.34,133.25,285.31,54.06,112.64,30.0,0.0
1779199941.9883583,137.08,105.26,-1.326,137.08,105.26,-1.326,VISION,3.81,422.37,-7.36,159.34,133.27,285.29,54.08,112.62,30.0,0.0
1779199942.0889535,137.08,105.26,-1.326,137.08,105.26,-1.326,VISION,3.81,422.37,-7.36,159.34,133.27,285.29,54.08,112.62,30.0,0.0
1779199942.1892595,137.08,105.26,-1.326,137.08,105.26,-1.326,VISION,3.81,422.37,-7.36,159.34,133.27,285.29,54.08,112.62,30.0,0.0
1779199942.2897575,137.08,105.26,-1.326,137.08,105.26,-1.326,VISION,3.81,422.37,-7.36,159.34,133.27,285.29,54.08,112.62,30.0,0.0
1779199942.390209,137.08,105.26,-1.326,137.08,105.26,-1.326,VISION,3.81,422.37,-7.36,159.34,133.27,285.29,54.08,112.62,30.0,0.0
1779199942.4906988,137.08,105.26,-1.326,137.08,105.26,-1.326,ESTIMA,3.81,422.37,-7.36,159.34,133.27,285.29,54.08,112.62,30.0,0.0
1779199942.5912097,137.09,105.27,-1.325,137.09,105.27,-1.325,VISION,3.81,422.37,-7.36,159.34,133.28,285.28,54.07,112.63,30.0,0.0
1779199942.6916587,137.09,105.27,-1.325,137.09,105.27,-1.325,VISION,3.81,422.37,-7.36,159.34,133.28,285.28,54.07,112.63,30.0,0.0
1779199942.7920294,137.09,105.27,-1.325,137.09,105.27,-1.325,VISION,3.81,422.37,-7.36,159.34,133.28,285.28,54.07,112.63,30.0,0.0
1779199942.8923495,137.09,105.27,-1.325,137.09,105.27,-1.325,VISION,3.81,422.37,-7.36,159.34,133.28,285.28,54.07,112.63,30.0,0.0
1779199942.9928596,137.09,105.27,-1.325,137.09,105.27,-1.325,VISION,3.81,422.37,-7.36,159.34,133.28,285.28,54.07,112.63,30.0,0.0
1779199943.0932732,137.09,105.27,-1.325,137.09,105.27,-1.325,ESTIMA,3.81,422.37,-7.36,159.34,133.28,285.28,54.07,112.63,30.0,0.0
1779199943.193609,137.06,105.27,-1.324,137.06,105.27,-1.324,VISION,3.81,422.37,-7.36,159.34,133.25,285.31,54.07,112.63,30.0,0.0
1779199943.2941058,137.06,105.27,-1.324,137.06,105.27,-1.324,VISION,3.81,422.37,-7.36,159.34,133.25,285.31,54.07,112.63,30.0,0.0
1779199943.3944817,137.06,105.27,-1.324,137.06,105.27,-1.324,VISION,3.81,422.37,-7.36,159.34,133.25,285.31,54.07,112.63,30.0,0.0
1779199943.4950411,137.06,105.27,-1.324,137.06,105.27,-1.324,VISION,3.81,422.37,-7.36,159.34,133.25,285.31,54.07,112.63,30.0,0.0
1779199943.5955248,137.06,105.27,-1.324,137.06,105.27,-1.324,VISION,3.81,422.37,-7.36,159.34,133.25,285.31,54.07,112.63,30.0,0.0
1779199943.6960578,137.06,105.27,-1.324,137.06,105.27,-1.324,ESTIMA,3.81,422.37,-7.36,159.34,133.25,285.31,54.07,112.63,30.0,0.0
1779199943.7965105,137.06,105.27,-1.324,137.06,105.27,-1.324,VISION,3.81,422.37,-7.36,159.34,133.25,285.31,54.07,112.63,30.0,0.0
1779199943.8969913,137.06,105.27,-1.324,137.06,105.27,-1.324,VISION,3.81,422.37,-7.36,159.34,133.25,285.31,54.07,112.63,30.0,0.0
1779199943.9973774,137.06,105.27,-1.324,137.06,105.27,-1.324,VISION,3.81,422.37,-7.36,159.34,133.25,285.31,54.07,112.63,30.0,0.0
1779199944.0980144,137.06,105.27,-1.324,137.06,105.27,-1.324,VISION,3.81,422.37,-7.36,159.34,133.25,285.31,54.07,112.63,30.0,0.0
1779199944.1985168,137.06,105.27,-1.324,137.06,105.27,-1.324,VISION,3.81,422.37,-7.36,159.34,133.25,285.31,54.07,112.63,30.0,0.0
1779199944.2989576,137.08,105.26,-1.326,137.08,105.26,-1.326,VISION,3.81,422.37,-7.36,159.34,133.27,285.29,54.08,112.62,30.0,0.0
1779199944.399397,137.08,105.26,-1.326,137.08,105.26,-1.326,VISION,3.81,422.37,-7.36,159.34,133.27,285.29,54.08,112.62,30.0,0.0
1779199944.4999144,137.08,105.26,-1.326,137.08,105.26,-1.326,VISION,3.81,422.37,-7.36,159.34,133.27,285.29,54.08,112.62,30.0,0.0
1779199944.6002455,137.08,105.26,-1.326,137.08,105.26,-1.326,VISION,3.81,422.37,-7.36,159.34,133.27,285.29,54.08,112.62,30.0,0.0
1779199944.7005901,137.08,105.26,-1.326,137.08,105.26,-1.326,VISION,3.81,422.37,-7.36,159.34,133.27,285.29,54.08,112.62,30.0,0.0
1779199944.800946,137.08,105.26,-1.326,137.08,105.26,-1.326,ESTIMA,3.81,422.37,-7.36,159.34,133.27,285.29,54.08,112.62,30.0,0.0
1779199944.9012256,137.05,105.27,-1.323,137.05,105.27,-1.323,VISION,3.81,422.37,-7.36,159.34,133.24,285.32,54.07,112.63,30.0,0.0
1779199945.0015,137.05,105.27,-1.323,137.05,105.27,-1.323,VISION,3.81,422.37,-7.36,159.34,133.24,285.32,54.07,112.63,30.0,0.0
1779199945.1018262,137.05,105.27,-1.323,137.05,105.27,-1.323,VISION,3.81,422.37,-7.36,159.34,133.24,285.32,54.07,112.63,30.0,0.0
1779199945.2021346,137.05,105.27,-1.323,137.05,105.27,-1.323,VISION,3.81,422.37,-7.36,159.34,133.24,285.32,54.07,112.63,30.0,0.0
1779199945.302471,137.05,105.27,-1.323,137.05,105.27,-1.323,VISION,3.81,422.37,-7.36,159.34,133.24,285.32,54.07,112.63,30.0,0.0
1779199945.4028294,137.05,105.27,-1.323,137.05,105.27,-1.323,ESTIMA,3.81,422.37,-7.36,159.34,133.24,285.32,54.07,112.63,30.0,0.0
1779199945.5032575,137.06,105.27,-1.324,137.06,105.27,-1.324,VISION,3.81,422.37,-7.36,159.34,133.25,285.31,54.07,112.63,30.0,0.0
1779199945.6035695,137.06,105.27,-1.324,137.06,105.27,-1.324,VISION,3.81,422.37,-7.36,159.34,133.25,285.31,54.07,112.63,30.0,0.0
1779199945.7038534,137.06,105.27,-1.324,137.06,105.27,-1.324,VISION,3.81,422.37,-7.36,159.34,133.25,285.31,54.07,112.63,30.0,0.0
1779199945.8043108,137.06,105.27,-1.324,137.06,105.27,-1.324,VISION,3.81,422.37,-7.36,159.34,133.25,285.31,54.07,112.63,30.0,0.0
1779199945.904583,137.06,105.27,-1.324,137.06,105.27,-1.324,VISION,3.81,422.37,-7.36,159.34,133.25,285.31,54.07,112.63,30.0,0.0
1779199946.0048788,137.06,105.27,-1.324,137.06,105.27,-1.324,ESTIMA,3.81,422.37,-7.36,159.34,133.25,285.31,54.07,112.63,30.0,0.0
1779199946.1053069,137.06,105.27,-1.326,137.06,105.27,-1.326,VISION,3.81,422.37,-7.36,159.34,133.25,285.31,54.07,112.63,30.0,0.0
1779199946.205619,137.06,105.27,-1.326,137.06,105.27,-1.326,VISION,3.81,422.37,-7.36,159.34,133.25,285.31,54.07,112.63,30.0,0.0
1779199946.3059607,137.06,105.27,-1.326,137.06,105.27,-1.326,VISION,3.81,422.37,-7.36,159.34,133.25,285.31,54.07,112.63,30.0,0.0
1779199946.4063063,137.06,105.27,-1.326,137.06,105.27,-1.326,VISION,3.81,422.37,-7.36,159.34,133.25,285.31,54.07,112.63,30.0,0.0
1779199946.5066357,137.06,105.27,-1.326,137.06,105.27,-1.326,VISION,3.81,422.37,-7.36,159.34,133.25,285.31,54.07,112.63,30.0,0.0
1779199946.6088128,137.06,105.27,-1.326,137.06,105.27,-1.326,ESTIMA,3.81,422.37,-7.36,159.34,133.25,285.31,54.07,112.63,30.0,0.0
1779199946.7091272,137.07,105.28,-1.323,137.07,105.28,-1.323,VISION,3.81,422.37,-7.36,159.34,133.26,285.3,54.06,112.64,30.0,0.0
1779199946.8094144,137.07,105.28,-1.323,137.07,105.28,-1.323,VISION,3.81,422.37,-7.36,159.34,133.26,285.3,54.06,112.64,30.0,0.0
1779199946.909679,137.07,105.28,-1.323,137.07,105.28,-1.323,VISION,3.81,422.37,-7.36,159.34,133.26,285.3,54.06,112.64,30.0,0.0
1779199947.0099475,137.07,105.28,-1.323,137.07,105.28,-1.323,VISION,3.81,422.37,-7.36,159.34,133.26,285.3,54.06,112.64,30.0,0.0
1779199947.1102152,137.07,105.28,-1.323,137.07,105.28,-1.323,VISION,3.81,422.37,-7.36,159.34,133.26,285.3,54.06,112.64,30.0,0.0
1779199947.2116508,137.07,105.28,-1.323,137.08,105.27,-1.326,VISION,3.81,422.37,-7.36,159.34,133.26,285.3,54.06,112.64,30.0,0.0
1779199947.2118568,137.08,105.27,-1.326,137.08,105.27,-1.326,VISION,3.81,422.37,-7.36,159.34,133.27,285.29,54.07,112.63,30.0,0.0
1779199947.312295,137.08,105.27,-1.326,137.08,105.27,-1.326,VISION,3.81,422.37,-7.36,159.34,133.27,285.29,54.07,112.63,30.0,0.0
1779199947.4129272,137.08,105.27,-1.326,137.08,105.27,-1.326,VISION,3.81,422.37,-7.36,159.34,133.27,285.29,54.07,112.63,30.0,0.0
1779199947.5135024,137.08,105.27,-1.326,137.08,105.27,-1.326,VISION,3.81,422.37,-7.36,159.34,133.27,285.29,54.07,112.63,30.0,0.0
1779199947.6143057,137.08,105.27,-1.326,137.08,105.27,-1.326,VISION,3.81,422.37,-7.36,159.34,133.27,285.29,54.07,112.63,30.0,0.0
1779199947.7149358,137.08,105.27,-1.326,137.08,105.27,-1.326,VISION,3.81,422.37,-7.36,159.34,133.27,285.29,54.07,112.63,30.0,0.0
1779199947.8152666,137.06,105.29,-1.324,137.06,105.29,-1.324,VISION,3.81,422.37,-7.36,159.34,133.25,285.31,54.05,112.65,30.0,0.0
1779199947.9155295,137.06,105.29,-1.324,137.06,105.29,-1.324,VISION,3.81,422.37,-7.36,159.34,133.25,285.31,54.05,112.65,30.0,0.0
1779199948.0158987,137.06,105.29,-1.324,137.06,105.29,-1.324,VISION,3.81,422.37,-7.36,159.34,133.25,285.31,54.05,112.65,30.0,0.0
1779199948.1161358,137.06,105.29,-1.324,137.06,105.29,-1.324,VISION,3.81,422.37,-7.36,159.34,133.25,285.31,54.05,112.65,30.0,0.0
1779199948.2164145,137.06,105.29,-1.324,137.06,105.29,-1.324,VISION,3.81,422.37,-7.36,159.34,133.25,285.31,54.05,112.65,30.0,0.0
1779199948.3167043,137.06,105.29,-1.324,137.06,105.29,-1.324,ESTIMA,3.81,422.37,-7.36,159.34,133.25,285.31,54.05,112.65,30.0,0.0
1779199948.4170074,137.12,105.15,-1.335,137.12,105.15,-1.335,VISION,3.81,422.37,-7.36,159.34,133.31,285.25,54.19,112.51,30.0,0.0
1779199948.5173104,137.12,105.15,-1.335,137.12,105.15,-1.335,VISION,3.81,422.37,-7.36,159.34,133.31,285.25,54.19,112.51,30.0,0.0
1779199948.6175792,137.12,105.15,-1.335,137.12,105.15,-1.335,VISION,3.81,422.37,-7.36,159.34,133.31,285.25,54.19,112.51,30.0,0.0
1779199948.717843,137.12,105.15,-1.335,137.12,105.15,-1.335,VISION,3.81,422.37,-7.36,159.34,133.31,285.25,54.19,112.51,30.0,0.0
1779199948.8181002,137.12,105.15,-1.335,137.12,105.15,-1.335,VISION,3.81,422.37,-7.36,159.34,133.31,285.25,54.19,112.51,30.0,0.0
1779199948.9183855,137.12,105.15,-1.335,137.12,105.15,-1.335,ESTIMA,3.81,422.37,-7.36,159.34,133.31,285.25,54.19,112.51,30.0,0.0
1779199949.0186942,136.54,105.85,-1.288,136.54,105.85,-1.288,VISION,3.81,422.37,-7.36,159.34,132.73,285.83,53.49,113.21,30.0,0.0
1779199949.118955,136.54,105.85,-1.288,136.54,105.85,-1.288,VISION,3.81,422.37,-7.36,159.34,132.73,285.83,53.49,113.21,30.0,0.0
1779199949.219234,136.54,105.85,-1.288,136.54,105.85,-1.288,VISION,3.81,422.37,-7.36,159.34,132.73,285.83,53.49,113.21,30.0,0.0
1779199949.319522,136.54,105.85,-1.288,136.54,105.85,-1.288,VISION,3.81,422.37,-7.36,159.34,132.73,285.83,53.49,113.21,30.0,0.0
1779199949.419846,136.54,105.85,-1.288,136.54,105.85,-1.288,VISION,3.81,422.37,-7.36,159.34,132.73,285.83,53.49,113.21,30.0,0.0
1779199949.52016,136.54,105.85,-1.288,136.54,105.85,-1.288,ESTIMA,3.81,422.37,-7.36,159.34,132.73,285.83,53.49,113.21,30.0,0.0
1779199949.6204994,141.47,124.38,-1.02,141.47,124.38,-1.02,VISION,3.81,422.37,-7.36,159.34,137.66,280.9,34.96,131.74,30.0,0.0
1779199949.7209032,141.47,124.38,-1.02,141.47,124.38,-1.02,VISION,3.81,422.37,-7.36,159.34,137.66,280.9,34.96,131.74,0.0,0.0
1779199949.8211436,141.47,124.38,-1.02,141.47,124.38,-1.02,VISION,3.81,422.37,-7.36,159.34,137.66,280.9,34.96,131.74,0.0,0.0
1779199949.921416,141.47,124.38,-1.02,141.47,124.38,-1.02,VISION,3.81,422.37,-7.36,159.34,137.66,280.9,34.96,131.74,0.0,0.0
1779199950.02171,141.47,124.38,-1.02,141.47,124.38,-1.02,VISION,3.81,422.37,-7.36,159.34,137.66,280.9,34.96,131.74,0.0,0.0
1779199950.122002,141.47,124.38,-1.02,141.47,124.38,-1.02,ESTIMA,3.81,422.37,-7.36,159.34,137.66,280.9,34.96,131.74,0.0,0.0
1779199950.2223155,142.77,125.35,-1.031,142.77,125.35,-1.031,VISION,3.81,422.37,-7.36,159.34,138.96,279.6,33.99,132.71,-20.0,0.0
1779199950.3226511,142.77,125.35,-1.031,142.77,125.35,-1.031,VISION,3.81,422.37,-7.36,159.34,138.96,279.6,33.99,132.71,-20.0,0.0
1779199950.4229867,142.77,125.35,-1.031,142.77,125.35,-1.031,VISION,3.81,422.37,-7.36,159.34,138.96,279.6,33.99,132.71,-20.0,0.0
1779199950.5233016,142.77,125.35,-1.031,142.77,125.35,-1.031,VISION,3.81,422.37,-7.36,159.34,138.96,279.6,33.99,132.71,-20.0,0.0
1779199950.623567,142.77,125.35,-1.031,142.77,125.35,-1.031,VISION,3.81,422.37,-7.36,159.34,138.96,279.6,33.99,132.71,-20.0,0.0
1779199950.7238743,142.76,125.4,-1.033,142.76,125.4,-1.033,VISION,3.81,422.37,-7.36,159.34,138.95,279.61,33.94,132.76,0.0,0.0
1779199950.8241732,142.76,125.4,-1.033,142.76,125.4,-1.033,VISION,3.81,422.37,-7.36,159.34,138.95,279.61,33.94,132.76,0.0,0.0
1779199950.9244227,142.76,125.4,-1.033,142.76,125.4,-1.033,VISION,3.81,422.37,-7.36,159.34,138.95,279.61,33.94,132.76,0.0,0.0
1779199951.0247712,142.76,125.4,-1.033,142.76,125.4,-1.033,VISION,3.81,422.37,-7.36,159.34,138.95,279.61,33.94,132.76,0.0,0.0
