timestamp,x,y,theta,x_estimate,y_estimate,theta_estimate,status,x_min,x_max,y_min,y_max,dist_to_wall,decision_v,decision_w
1779200167.9538343,0.0,0.0,0.0,0.0,0.0,0.0,ESTIMA,0.0,450.0,0,140.0,0.0,450.0,140.0,0.0,30.0,0.0
1779200168.0041654,132.17,77.7,-1.485,132.17,77.7,-1.485,VISION,0.0,450.0,0,140.0,132.17,317.83,62.3,77.7,30.0,0.0
1779200168.0543582,132.17,77.7,-1.485,132.17,77.7,-1.485,VISION,0.0,450.0,0,140.0,132.17,317.83,62.3,77.7,30.0,0.0
1779200168.1045609,132.17,77.7,-1.485,132.24017390046134,76.88409522955519,-1.4731899966655007,VISION,0.0,450.0,0,140.0,132.17,317.83,62.3,77.7,30.0,0.0
1779200168.1547813,132.17,77.7,-1.485,132.24017390046134,76.88409522955519,-1.4731899966655007,VISION,0.0,450.0,0,140.0,132.17,317.83,62.3,77.7,30.0,0.0
1779200168.2049947,132.17,77.7,-1.485,132.49972104710665,74.23342300901685,-1.4327717088720908,VISION,0.0,450.0,0,140.0,132.17,317.83,62.3,77.7,30.0,0.0
1779200168.255192,132.17,77.7,-1.485,132.49972104710665,74.23342300901685,-1.4327717088720908,VISION,0.0,450.0,0,140.0,132.17,317.83,62.3,77.7,30.0,0.0
1779200168.3054674,132.17,77.7,-1.485,132.95126558468763,70.98274593102681,-1.4020268384597931,VISION,0.0,450.0,0,140.0,132.17,317.83,62.3,77.7,30.0,0.0
1779200168.3558495,132.17,77.7,-1.485,132.95126558468763,70.98274593102681,-1.4020268384597931,VISION,0.0,450.0,0,140.0,132.17,317.83,62.3,77.7,30.0,0.0
1779200168.4062278,132.17,77.7,-1.485,133.48935661270366,67.82475531851482,-1.3876817228919895,VISION,0.0,450.0,0,140.0,132.17,317.83,62.3,77.7,30.0,0.0
1779200168.4566045,133.48935661270366,67.82475531851482,-1.3876817228919895,133.48935661270366,67.82475531851482,-1.3876817228919895,ESTIMA,0.0,450.0,0,140.0,133.489,316.511,72.175,67.825,30.0,0.0
1779200168.5069375,132.16,77.72,-1.472,132.16,77.72,-1.472,VISION,0.0,450.0,0,140.0,132.16,317.84,62.28,77.72,30.0,0.0
1779200168.5571184,132.16,77.72,-1.472,132.7019963009215,72.2518642278178,-1.445930527744131,VISION,0.0,450.0,0,140.0,132.16,317.84,62.28,77.72,30.0,0.0
1779200168.6072855,132.16,77.72,-1.472,132.90326156683324,70.64839737303876,-1.4378608181374717,VISION,0.0,450.0,0,140.0,132.16,317.84,62.28,77.72,30.0,0.0
1779200168.657514,132.16,77.72,-1.472,132.90326156683324,70.64839737303876,-1.4378608181374717,VISION,0.0,450.0,0,140.0,132.16,317.84,62.28,77.72,30.0,0.0
1779200168.7077284,132.16,77.72,-1.472,133.24833442702123,68.06791475425871,-1.42067133274012,VISION,0.0,450.0,0,140.0,132.16,317.84,62.28,77.72,30.0,0.0
1779200168.757997,132.16,77.72,-1.472,133.24833442702123,68.06791475425871,-1.42067133274012,VISION,0.0,450.0,0,140.0,132.16,317.84,62.28,77.72,30.0,0.0
1779200168.8082638,132.16,77.72,-1.472,133.77103147219668,64.6123651183068,-1.3930141563287057,VISION,0.0,450.0,0,140.0,132.16,317.84,62.28,77.72,30.0,0.0
1779200168.8585794,132.16,77.72,-1.472,133.77103147219668,64.6123651183068,-1.3930141563287057,VISION,0.0,450.0,0,140.0,132.16,317.84,62.28,77.72,30.0,0.0
1779200168.908844,132.16,77.72,-1.472,134.4033581157004,61.09316696220439,-1.369302809937983,VISION,0.0,450.0,0,140.0,132.16,317.84,62.28,77.72,30.0,0.0
1779200168.9591403,132.16,77.72,-1.472,134.4033581157004,61.09316696220439,-1.369302809937983,VISION,0.0,450.0,0,140.0,132.16,317.84,62.28,77.72,30.0,0.0
1779200169.0093899,132.16,77.72,-1.472,135.13193026532232,57.526375095862015,-1.3544106773104199,VISION,0.0,450.0,0,140.0,132.16,317.84,62.28,77.72,30.0,0.0
1779200169.0598772,135.13193026532232,57.526375095862015,-1.3544106773104199,135.13193026532232,57.526375095862015,-1.3544106773104199,ESTIMA,0.0,450.0,0,140.0,135.132,314.868,82.474,57.526,30.0,0.0
1779200169.1101606,143.18,80.58,-1.35,143.18,80.58,-1.35,VISION,0.0,450.0,0,140.0,143.18,306.82,59.42,80.58,30.0,0.0
1779200169.1604507,143.18,80.58,-1.35,143.99722081750286,76.93910003149364,-1.332738019095253,VISION,0.0,450.0,0,140.0,143.18,306.82,59.42,80.58,30.0,0.0
1779200169.2109077,143.18,80.58,-1.35,143.99722081750286,76.93910003149364,-1.332738019095253,VISION,0.0,450.0,0,140.0,143.18,306.82,59.42,80.58,30.0,0.0
1779200169.2613487,143.18,80.58,-1.35,144.8362403577067,73.48150272754582,-1.3113619288567864,VISION,0.0,450.0,0,140.0,143.18,306.82,59.42,80.58,30.0,0.0
1779200169.3117998,143.18,80.58,-1.35,144.8362403577067,73.48150272754582,-1.3113619288567864,VISION,0.0,450.0,0,140.0,143.18,306.82,59.42,80.58,30.0,0.0
1779200169.3621478,143.18,80.58,-1.35,145.6876619026906,70.27362705092976,-1.29472193766711,VISION,0.0,450.0,0,140.0,143.18,306.82,59.42,80.58,30.0,0.0
1779200169.4125834,143.18,80.58,-1.35,145.6876619026906,70.27362705092976,-1.29472193766711,VISION,0.0,450.0,0,140.0,143.18,306.82,59.42,80.58,30.0,0.0
1779200169.4630456,143.18,80.58,-1.35,146.65977040907254,66.84235979228323,-1.2700368529118353,VISION,0.0,450.0,0,140.0,143.18,306.82,59.42,80.58,30.0,0.0
1779200169.5134137,143.18,80.58,-1.35,146.65977040907254,66.84235979228323,-1.2700368529118353,VISION,0.0,450.0,0,140.0,143.18,306.82,59.42,80.58,30.0,0.0
1779200169.5640223,143.18,80.58,-1.35,147.7174330022204,63.43239947082203,-1.2503785015939324,VISION,0.0,450.0,0,140.0,143.18,306.82,59.42,80.58,30.0,0.0
1779200169.6143188,147.7174330022204,63.43239947082203,-1.2503785015939324,147.7174330022204,63.43239947082203,-1.2503785015939324,ESTIMA,0.0,450.0,0,140.0,147.717,302.283,76.568,63.432,30.0,0.0
1779200169.6645653,159.67,86.4,-1.235,159.67,86.4,-1.235,VISION,0.0,450.0,0,140.0,159.67,290.33,53.6,86.4,30.0,0.0
1779200169.7148767,159.67,86.4,-1.235,159.67,86.4,-1.235,VISION,0.0,450.0,0,140.0,159.67,290.33,53.6,86.4,30.0,0.0
1779200169.7650957,159.67,86.4,-1.235,160.793918609842,83.17973381541155,-1.2222129242665238,VISION,0.0,450.0,0,140.0,159.67,290.33,53.6,86.4,30.0,0.0
1779200169.8153305,159.67,86.4,-1.235,160.793918609842,83.17973381541155,-1.2222129242665238,VISION,0.0,450.0,0,140.0,159.67,290.33,53.6,86.4,30.0,0.0
1779200169.8655946,159.67,86.4,-1.235,162.14268656427674,79.46845425049834,-1.204298087213229,VISION,0.0,450.0,0,140.0,159.67,290.33,53.6,86.4,30.0,0.0
1779200169.915999,159.67,86.4,-1.235,162.14268656427674,79.46845425049834,-1.204298087213229,VISION,0.0,450.0,0,140.0,159.67,290.33,53.6,86.4,30.0,0.0
1779200169.966234,159.67,86.4,-1.235,162.14268656427674,79.46845425049834,-1.204298087213229,VISION,0.0,450.0,0,140.0,159.67,290.33,53.6,86.4,30.0,0.0
1779200170.0163755,159.67,86.4,-1.235,163.69298075859018,75.42954745262006,-1.1898299741356282,VISION,0.0,450.0,0,140.0,159.67,290.33,53.6,86.4,30.0,0.0
1779200170.0665739,159.67,86.4,-1.235,164.64782209387548,73.04562468374502,-1.1756412355554746,VISION,0.0,450.0,0,140.0,159.67,290.33,53.6,86.4,30.0,0.0
1779200170.1167529,159.67,86.4,-1.235,164.64782209387548,73.04562468374502,-1.1756412355554746,VISION,0.0,450.0,0,140.0,159.67,290.33,53.6,86.4,30.0,0.0
1779200170.1669788,165.7777847987832,70.33649197963817,-1.1643809371735485,165.7777847987832,70.33649197963817,-1.1643809371735485,ESTIMA,0.0,450.0,0,140.0,165.778,284.222,69.664,70.336,30.0,0.0
1779200170.2172601,165.7777847987832,70.33649197963817,-1.1643809371735485,165.7777847987832,70.33649197963817,-1.1643809371735485,ESTIMA,0.0,450.0,0,140.0,165.778,284.222,69.664,70.336,30.0,0.0
1779200170.2675457,175.58,93.58,-1.144,175.58,93.58,-1.144,VISION,0.0,450.0,0,140.0,175.58,274.42,46.42,93.58,30.0,0.0
1779200170.3178878,175.58,93.58,-1.144,177.39860998507373,89.58085049582479,-1.1343506283828706,VISION,0.0,450.0,0,140.0,175.58,274.42,46.42,93.58,30.0,0.0
1779200170.368137,175.58,93.58,-1.144,178.6941938599863,86.80328419165832,-1.1274692882686665,VISION,0.0,450.0,0,140.0,175.58,274.42,46.42,93.58,30.0,0.0
1779200170.4183831,175.58,93.58,-1.144,178.6941938599863,86.80328419165832,-1.1274692882686665,VISION,0.0,450.0,0,140.0,175.58,274.42,46.42,93.58,30.0,0.0
1779200170.468635,175.58,93.58,-1.144,178.6941938599863,86.80328419165832,-1.1274692882686665,VISION,0.0,450.0,0,140.0,175.58,274.42,46.42,93.58,30.0,0.0
1779200170.5189033,175.58,93.58,-1.144,180.36021194309808,83.29477967070679,-1.1138007791905362,VISION,0.0,450.0,0,140.0,175.58,274.42,46.42,93.58,30.0,0.0
1779200170.5691147,175.58,93.58,-1.144,181.55827227514987,80.85827325954757,-1.1068245120904023,VISION,0.0,450.0,0,140.0,175.58,274.42,46.42,93.58,30.0,0.0
1779200170.6193452,175.58,93.58,-1.144,181.55827227514987,80.85827325954757,-1.1068245120904023,VISION,0.0,450.0,0,140.0,175.58,274.42,46.42,93.58,30.0,0.0
1779200170.6695137,175.58,93.58,-1.144,183.20160492133616,77.57427013017616,-1.0892542690649083,VISION,0.0,450.0,0,140.0,175.58,274.42,46.42,93.58,30.0,0.0
1779200170.7197068,175.58,93.58,-1.144,183.20160492133616,77.57427013017616,-1.0892542690649083,VISION,0.0,450.0,0,140.0,175.58,274.42,46.42,93.58,30.0,0.0
1779200170.7699378,183.20160492133616,77.57427013017616,-1.0892542690649083,183.20160492133616,77.57427013017616,-1.0892542690649083,ESTIMA,0.0,450.0,0,140.0,183.202,266.798,62.426,77.574,30.0,0.0
1779200170.8202338,190.95,101.73,-1.07,190.95,101.73,-1.07,VISION,0.0,450.0,0,140.0,190.95,259.05,38.27,101.73,30.0,0.0
1779200170.870825,190.95,101.73,-1.07,190.95,101.73,-1.07,VISION,0.0,450.0,0,140.0,190.95,259.05,38.27,101.73,30.0,0.0
1779200170.921028,190.95,101.73,-1.07,192.62428189881464,98.67103976191775,-1.0689582600843608,VISION,0.0,450.0,0,140.0,190.95,259.05,38.27,101.73,30.0,0.0
1779200170.9711907,190.95,101.73,-1.07,192.62428189881464,98.67103976191775,-1.0689582600843608,VISION,0.0,450.0,0,140.0,190.95,259.05,38.27,101.73,30.0,0.0
1779200171.0213923,190.95,101.73,-1.07,194.37818915399845,95.47451278272604,-1.068210201932869,VISION,0.0,450.0,0,140.0,190.95,259.05,38.27,101.73,30.0,0.0
1779200171.0715563,190.95,101.73,-1.07,194.37818915399845,95.47451278272604,-1.068210201932869,VISION,0.0,450.0,0,140.0,190.95,259.05,38.27,101.73,30.0,0.0
1779200171.1217506,190.95,101.73,-1.07,196.09458096511707,92.35189953776987,-1.0585853198371864,VISION,0.0,450.0,0,140.0,190.95,259.05,38.27,101.73,30.0,0.0
1779200171.17194,190.95,101.73,-1.07,196.09458096511707,92.35189953776987,-1.0585853198371864,VISION,0.0,450.0,0,140.0,190.95,259.05,38.27,101.73,30.0,0.0
1779200171.222171,190.95,101.73,-1.07,197.975517254592,89.00661584891664,-1.049446002384967,VISION,0.0,450.0,0,140.0,190.95,259.05,38.27,101.73,30.0,0.0
1779200171.2725222,190.95,101.73,-1.07,197.975517254592,89.00661584891664,-1.049446002384967,VISION,0.0,450.0,0,140.0,190.95,259.05,38.27,101.73,30.0,0.0
1779200171.32286,190.95,101.73,-1.07,199.64509372096884,86.09975000495692,-1.035259789874363,VISION,0.0,450.0,0,140.0,190.95,259.05,38.27,101.73,30.0,0.0
1779200171.373274,199.64509372096884,86.09975000495692,-1.035259789874363,199.64509372096884,86.09975000495692,-1.035259789874363,ESTIMA,0.0,450.0,0,140.0,199.645,250.355,53.9,86.1,30.0,0.0
1779200171.4235277,205.86,110.75,-1.016,205.86,110.75,-1.016,VISION,0.0,450.0,0,140.0,205.86,244.14,29.25,110.75,30.0,0.0
1779200171.4740481,205.86,110.75,-1.016,205.86,110.75,-1.016,VISION,0.0,450.0,0,140.0,205.86,244.14,29.25,110.75,30.0,0.0
1779200171.5242414,205.86,110.75,-1.016,207.6658918023495,107.83597399979129,-1.0188886755794846,VISION,0.0,450.0,0,140.0,205.86,244.14,29.25,110.75,30.0,0.0
1779200171.574423,205.86,110.75,-1.016,207.6658918023495,107.83597399979129,-1.0188886755794846,VISION,0.0,450.0,0,140.0,205.86,244.14,29.25,110.75,30.0,0.0
1779200171.6245923,205.86,110.75,-1.016,209.53271130809335,104.80410883308664,-1.018382441314173,VISION,0.0,450.0,0,140.0,205.86,244.14,29.25,110.75,30.0,0.0
1779200171.6749053,205.86,110.75,-1.016,209.53271130809335,104.80410883308664,-1.018382441314173,VISION,0.0,450.0,0,140.0,205.86,244.14,29.25,110.75,30.0,0.0
1779200171.7251358,205.86,110.75,-1.016,209.53271130809335,104.80410883308664,-1.018382441314173,VISION,0.0,450.0,0,140.0,205.86,244.14,29.25,110.75,30.0,0.0
1779200171.7753284,205.86,110.75,-1.016,211.9364397070462,100.90468322175327,-1.0093827791242964,VISION,0.0,450.0,0,140.0,205.86,244.14,29.25,110.75,30.0,0.0
1779200171.8255255,205.86,110.75,-1.016,213.58406598877008,98.28491423921876,-1.005193683992002,VISION,0.0,450.0,0,140.0,205.86,244.14,29.25,110.75,30.0,0.0
1779200171.8757756,205.86,110.75,-1.016,213.58406598877008,98.28491423921876,-1.005193683992002,VISION,0.0,450.0,0,140.0,205.86,244.14,29.25,110.75,30.0,0.0
1779200171.9260292,213.58406598877008,98.28491423921876,-1.005193683992002,213.58406598877008,98.28491423921876,-1.005193683992002,ESTIMA,0.0,450.0,0,140.0,213.584,236.416,41.715,98.285,30.0,0.0
1779200171.9763713,215.51483822223688,95.24328372931738,-0.995326653873181,215.51483822223688,95.24328372931738,-0.995326653873181,ESTIMA,0.0,450.0,0,140.0,215.515,234.485,44.757,95.243,30.0,0.0
1779200172.026671,220.45,120.02,-0.974,220.45,120.02,-0.974,VISION,0.0,450.0,0,140.0,220.45,229.55,19.98,120.02,30.0,0.0
1779200172.0770202,220.45,120.02,-0.974,223.22479043096558,115.93608632025885,-0.9748328632038564,VISION,0.0,450.0,0,140.0,220.45,229.55,19.98,120.02,30.0,0.0
1779200172.12734,220.45,120.02,-0.974,223.22479043096558,115.93608632025885,-0.9748328632038564,VISION,0.0,450.0,0,140.0,220.45,229.55,19.98,120.02,30.0,0.0
1779200172.1777058,220.45,120.02,-0.974,224.66658570308485,113.81025726261475,-0.9792072022475616,VISION,0.0,450.0,0,140.0,220.45,229.55,19.98,120.02,30.0,0.0
1779200172.228033,220.45,120.02,-0.974,224.66658570308485,113.81025726261475,-0.9792072022475616,VISION,0.0,450.0,0,140.0,220.45,229.55,19.98,120.02,30.0,0.0
1779200172.2783718,220.45,120.02,-0.974,227.14369934420728,110.12330613562722,-0.9791625123980536,VISION,0.0,450.0,0,140.0,220.45,229.55,19.98,120.02,30.0,0.0
1779200172.3287673,220.45,120.02,-0.974,227.14369934420728,110.12330613562722,-0.9791625123980536,VISION,0.0,450.0,0,140.0,220.45,229.55,19.98,120.02,30.0,0.0
1779200172.379146,220.45,120.02,-0.974,228.60636036867072,107.9464826624895,-0.976483845565509,VISION,0.0,450.0,0,140.0,220.45,229.55,19.98,120.02,30.0,0.0
1779200172.4295757,220.45,120.02,-0.974,228.60636036867072,107.9464826624895,-0.976483845565509,VISION,0.0,450.0,0,140.0,220.45,229.55,19.98,120.02,30.0,0.0
1779200172.4800615,220.45,120.02,-0.974,231.0998520626427,104.25690063830305,-0.9699871964360168,VISION,0.0,450.0,0,140.0,220.45,229.55,19.98,120.02,30.0,0.0
1779200172.530426,231.0998520626427,104.25690063830305,-0.9699871964360168,231.0998520626427,104.25690063830305,-0.9699871964360168,ESTIMA,0.0,450.0,0,140.0,231.1,218.9,35.743,104.257,30.0,0.0
1779200172.5807488,234.61,129.41,-0.967,234.61,129.41,-0.967,VISION,0.0,450.0,0,140.0,234.61,215.39,10.59,129.41,30.0,0.0
1779200172.6310613,234.61,129.41,-0.967,234.61,129.41,-0.967,VISION,0.0,450.0,0,140.0,234.61,215.39,10.59,129.41,30.0,0.0
1779200172.6813235,234.61,129.41,-0.967,236.56133341876546,126.5808510219947,-1.0139957532872754,VISION,0.0,450.0,0,140.0,234.61,215.39,10.59,129.41,30.0,0.0
1779200172.7316551,234.61,129.41,-0.967,236.56133341876546,126.5808510219947,-1.0139957532872754,VISION,0.0,450.0,0,140.0,234.61,215.39,10.59,129.41,30.0,0.0
1779200172.7819307,234.61,129.41,-0.967,238.47760277112664,123.50251375665268,-1.0626444940290722,VISION,0.0,450.0,0,140.0,234.61,215.39,10.59,129.41,30.0,0.0
1779200172.832323,234.61,129.41,-0.967,238.47760277112664,123.50251375665268,-1.0626444940290722,VISION,0.0,450.0,0,140.0,234.61,215.39,10.59,129.41,30.0,0.0
1779200172.8827512,234.61,129.41,-0.967,240.59276242090414,119.70465505440701,-1.092348236690284,VISION,0.0,450.0,0,140.0,234.61,215.39,10.59,129.41,30.0,0.0
1779200172.9330726,234.61,129.41,-0.967,240.59276242090414,119.70465505440701,-1.092348236690284,VISION,0.0,450.0,0,140.0,234.61,215.39,10.59,129.41,30.0,0.0
1779200172.9833517,234.61,129.41,-0.967,240.59276242090414,119.70465505440701,-1.092348236690284,VISION,0.0,450.0,0,140.0,234.61,215.39,10.59,129.41,30.0,0.0
1779200173.0335991,234.61,129.41,-0.967,242.63181864186325,115.77310984881936,-1.0940240800727237,VISION,0.0,450.0,0,140.0,234.61,215.39,10.59,129.41,30.0,0.0
1779200173.0838363,234.61,129.41,-0.967,243.92486275241066,113.26970955497792,-1.068481293261441,VISION,0.0,450.0,0,140.0,234.61,215.39,10.59,129.41,30.0,0.0
1779200173.1357677,243.92486275241066,113.26970955497792,-1.068481293261441,243.92486275241066,113.26970955497792,-1.068481293261441,ESTIMA,0.0,450.0,0,140.0,243.925,206.075,26.73,113.27,30.0,0.0
1779200173.186037,247.07,137.48,-1.019,247.07,137.48,-1.019,VISION,0.0,450.0,0,140.0,247.07,202.93,2.52,137.48,30.0,0.0
1779200173.2363293,247.07,137.48,-1.019,249.63361898035086,133.31543804483323,-0.9877647047868585,VISION,0.0,450.0,0,140.0,247.07,202.93,2.52,137.48,30.0,0.0
1779200173.2866814,247.07,137.48,-1.019,251.64340021420833,130.26805259394612,-0.9710097338791495,VISION,0.0,450.0,0,140.0,247.07,202.93,2.52,137.48,30.0,0.0
1779200173.3371062,247.07,137.48,-1.019,251.64340021420833,130.26805259394612,-0.9710097338791495,VISION,0.0,450.0,0,140.0,247.07,202.93,2.52,137.48,30.0,0.0
1779200173.3874907,247.07,137.48,-1.019,253.81827747211472,127.08758708388721,-0.9514814925903956,VISION,0.0,450.0,0,140.0,247.07,202.93,2.52,137.48,30.0,0.0
1779200173.4379194,247.07,137.48,-1.019,253.81827747211472,127.08758708388721,-0.9514814925903956,VISION,0.0,450.0,0,140.0,247.07,202.93,2.52,137.48,30.0,0.0
1779200173.4882405,247.07,137.48,-1.019,253.81827747211472,127.08758708388721,-0.9514814925903956,VISION,0.0,450.0,0,140.0,247.07,202.93,2.52,137.48,30.0,0.0
1779200173.5384533,247.07,137.48,-1.019,257.27972687784813,122.23196902635232,-0.9233431111682715,VISION,0.0,450.0,0,140.0,247.07,202.93,2.52,137.48,30.0,0.0
1779200173.588774,247.07,137.48,-1.019,257.27972687784813,122.23196902635232,-0.9233431111682715,VISION,0.0,450.0,0,140.0,247.07,202.93,2.52,137.48,30.0,0.0
1779200173.639068,247.07,137.48,-1.019,259.70141652524234,119.02949576566287,-0.9037510852722314,VISION,0.0,450.0,0,140.0,247.07,202.93,2.52,137.48,30.0,0.0
1779200173.6893709,259.70141652524234,119.02949576566287,-0.9037510852722314,259.70141652524234,119.02949576566287,-0.9037510852722314,ESTIMA,0.0,450.0,0,140.0,259.701,190.299,20.971,119.029,30.0,0.0
1779200173.739789,259.70141652524234,119.02949576566287,-0.9037510852722314,259.70141652524234,119.02949576566287,-0.9037510852722314,ESTIMA,0.0,450.0,0,140.0,259.701,190.299,20.971,119.029,0.0,0.0
1779200173.7900522,263.43003342725024,114.29447977036094,-0.8717342477827118,263.43003342725024,114.29447977036094,-0.8717342477827118,ESTIMA,0.0,450.0,0,140.0,263.43,186.57,25.706,114.294,0.0,0.0
1779200173.8402722,264.6893739810585,112.79648874974349,-0.8578810129545786,264.6893739810585,112.79648874974349,-0.8578810129545786,ESTIMA,0.0,450.0,0,140.0,264.689,185.311,27.204,112.796,0.0,0.0
1779200173.8905559,264.6893739810585,112.79648874974349,-0.8578810129545786,264.6893739810585,112.79648874974349,-0.8578810129545786,ESTIMA,0.0,450.0,0,140.0,264.689,185.311,27.204,112.796,0.0,0.0
1779200173.9408343,264.6893739810585,112.79648874974349,-0.8578810129545786,264.6893739810585,112.79648874974349,-0.8578810129545786,ESTIMA,0.0,450.0,0,140.0,264.689,185.311,27.204,112.796,0.0,0.0
1779200173.9911375,266.76776026285495,110.39264770512288,-0.8018032106287841,266.76776026285495,110.39264770512288,-0.8018032106287841,ESTIMA,0.0,450.0,0,140.0,266.768,183.232,29.607,110.393,0.0,0.0
1779200174.0413218,268.0800481193934,109.0365814459194,-0.7416225396221457,268.0800481193934,109.0365814459194,-0.7416225396221457,ESTIMA,0.0,450.0,0,140.0,268.08,181.92,30.963,109.037,0.0,0.0
1779200174.0916588,268.0800481193934,109.0365814459194,-0.7416225396221457,268.0800481193934,109.0365814459194,-0.7416225396221457,ESTIMA,0.0,450.0,0,140.0,268.08,181.92,30.963,109.037,0.0,0.0
1779200174.1419282,269.0927844117914,108.1088448659954,-0.672225826979376,269.0927844117914,108.1088448659954,-0.672225826979376,ESTIMA,0.0,450.0,0,140.0,269.093,180.907,31.891,108.109,0.0,0.0
1779200174.1920934,269.0927844117914,108.1088448659954,-0.672225826979376,269.0927844117914,108.1088448659954,-0.672225826979376,ESTIMA,0.0,450.0,0,140.0,269.093,180.907,31.891,108.109,0.0,0.0
1779200174.2423103,269.9110349741308,107.45761275673367,-0.6475336232457461,269.9110349741308,107.45761275673367,-0.6475336232457461,ESTIMA,0.0,450.0,0,140.0,269.911,180.089,32.542,107.458,-20.0,0.0
1779200174.292684,269.9110349741308,107.45761275673367,-0.6475336232457461,269.9110349741308,107.45761275673367,-0.6475336232457461,ESTIMA,0.0,450.0,0,140.0,269.911,180.089,32.542,107.458,-20.0,0.0
1779200174.342959,269.9110349741308,107.45761275673367,-0.6475336232457461,269.9110349741308,107.45761275673367,-0.6475336232457461,ESTIMA,0.0,450.0,0,140.0,269.911,180.089,32.542,107.458,-20.0,0.0
1779200174.3932436,270.2415975890196,107.20760165568744,-0.5903667098198103,270.2415975890196,107.20760165568744,-0.5903667098198103,ESTIMA,0.0,450.0,0,140.0,270.242,179.758,32.792,107.208,-20.0,0.0
1779200174.4435012,273.62500046844957,104.94042776386146,-0.6245407914171014,273.62500046844957,104.94042776386146,-0.6245407914171014,ESTIMA,0.0,450.0,0,140.0,273.625,176.375,35.06,104.94,-20.0,0.0
1779200174.4937203,273.62500046844957,104.94042776386146,-0.6245407914171014,273.62500046844957,104.94042776386146,-0.6245407914171014,ESTIMA,0.0,450.0,0,140.0,273.625,176.375,35.06,104.94,-20.0,0.0
1779200174.5438957,278.91276536426125,101.12907859633442,-0.6245407914171014,278.91276536426125,101.12907859633442,-0.6245407914171014,ESTIMA,0.0,450.0,0,140.0,278.913,171.087,38.871,101.129,-20.0,0.0
1779200174.5940516,278.91276536426125,101.12907859633442,-0.6245407914171014,278.91276536426125,101.12907859633442,-0.6245407914171014,ESTIMA,0.0,450.0,0,140.0,278.913,171.087,38.871,101.129,-20.0,0.0
1779200174.6442237,284.26743577915784,97.26950483874113,-0.6245407914171014,284.26743577915784,97.26950483874113,-0.6245407914171014,ESTIMA,0.0,450.0,0,140.0,284.267,165.733,42.73,97.27,-20.0,0.0
1779200174.694401,284.26743577915784,97.26950483874113,-0.6245407914171014,284.26743577915784,97.26950483874113,-0.6245407914171014,ESTIMA,0.0,450.0,0,140.0,284.267,165.733,42.73,97.27,-20.0,0.0
1779200174.7446356,289.94595586042107,93.17650463715295,-0.6245407914171014,289.94595586042107,93.17650463715295,-0.6245407914171014,ESTIMA,0.0,450.0,0,140.0,289.946,160.054,46.823,93.177,0.0,0.0
1779200174.794817,289.94595586042107,93.17650463715295,-0.6245407914171014,289.94595586042107,93.17650463715295,-0.6245407914171014,ESTIMA,0.0,450.0,0,140.0,289.946,160.054,46.823,93.177,0.0,0.0
1779200174.8450596,295.69016334750285,89.03615784500776,-0.6245407914171014,295.69016334750285,89.03615784500776,-0.6245407914171014,ESTIMA,0.0,450.0,0,140.0,295.69,154.31,50.964,89.036,0.0,0.0
1779200174.895421,295.69016334750285,89.03615784500776,-0.6245407914171014,295.69016334750285,89.03615784500776,-0.6245407914171014,ESTIMA,0.0,450.0,0,140.0,295.69,154.31,50.964,89.036,0.0,0.0
1779200174.9457617,295.69016334750285,89.03615784500776,-0.6245407914171014,295.69016334750285,89.03615784500776,-0.6245407914171014,ESTIMA,0.0,450.0,0,140.0,295.69,154.31,50.964,89.036,0.0,0.0
1779200174.9959598,302.868665936433,83.86199061074198,-0.489773686195059,302.868665936433,83.86199061074198,-0.489773686195059,ESTIMA,0.0,450.0,0,140.0,302.869,147.131,56.138,83.862,0.0,0.0
1779200175.0464911,302.868665936433,83.86199061074198,-0.489773686195059,304.505557381321,82.98936790483896,-0.23391685980745613,ESTIMA,0.0,450.0,0,140.0,302.869,147.131,56.138,83.862,0.0,0.0
1779200175.096682,304.505557381321,82.98936790483896,-0.23391685980745613,304.505557381321,82.98936790483896,-0.23391685980745613,ESTIMA,0.0,450.0,0,140.0,304.506,145.494,57.011,82.989,0.0,0.0
1779200175.1469815,304.505557381321,82.98936790483896,-0.23391685980745613,304.505557381321,82.98936790483896,-0.23391685980745613,ESTIMA,0.0,450.0,0,140.0,304.506,145.494,57.011,82.989,0.0,0.0
1779200175.448645,313.7594456237461,85.25353543317176,1.188492510220284,313.7594456237461,85.25353543317176,1.188492510220284,ESTIMA,0.0,450.0,0,140.0,313.759,136.241,54.746,85.254,30.0,0.0
1779200175.4989424,315.05066838795193,88.46484111201424,1.6658961180820333,315.05066838795193,88.46484111201424,1.6658961180820333,ESTIMA,0.0,450.0,0,140.0,315.051,134.949,51.535,88.465,30.0,0.0
1779200175.549276,315.05066838795193,88.46484111201424,1.6658961180820333,315.05066838795193,88.46484111201424,1.6658961180820333,ESTIMA,0.0,450.0,0,140.0,315.051,134.949,51.535,88.465,30.0,0.0
1779200175.5995727,314.85348971945416,90.53197376417486,1.77732747285534,314.85348971945416,90.53197376417486,1.77732747285534,ESTIMA,0.0,450.0,0,140.0,314.853,135.147,49.468,90.532,30.0,0.0
1779200175.650027,314.85348971945416,90.53197376417486,1.77732747285534,314.85348971945416,90.53197376417486,1.77732747285534,ESTIMA,0.0,450.0,0,140.0,314.853,135.147,49.468,90.532,30.0,0.0
1779200175.7003672,314.153739189915,93.87177418520129,1.796819312412816,314.153739189915,93.87177418520129,1.796819312412816,ESTIMA,0.0,450.0,0,140.0,314.154,135.846,46.128,93.872,30.0,0.0
1779200175.75075,314.153739189915,93.87177418520129,1.796819312412816,314.153739189915,93.87177418520129,1.796819312412816,ESTIMA,0.0,450.0,0,140.0,314.154,135.846,46.128,93.872,30.0,0.0
1779200175.801247,313.28409309603575,97.65363018714527,1.8304867765810262,313.28409309603575,97.65363018714527,1.8304867765810262,ESTIMA,0.0,450.0,0,140.0,313.284,136.716,42.346,97.654,30.0,0.0
1779200175.8515863,313.28409309603575,97.65363018714527,1.8304867765810262,313.28409309603575,97.65363018714527,1.8304867765810262,ESTIMA,0.0,450.0,0,140.0,313.284,136.716,42.346,97.654,30.0,0.0
1779200175.9019918,312.33994106992435,101.20721378299746,1.8665217800287308,312.33994106992435,101.20721378299746,1.8665217800287308,ESTIMA,0.0,450.0,0,140.0,312.34,137.66,38.793,101.207,30.0,0.0
1779200175.9523628,312.33994106992435,101.20721378299746,1.8665217800287308,312.33994106992435,101.20721378299746,1.8665217800287308,ESTIMA,0.0,450.0,0,140.0,312.34,137.66,38.793,101.207,30.0,0.0
1779200176.0029168,311.169429823964,105.04925320992488,1.9112039216734236,311.169429823964,105.04925320992488,1.9112039216734236,ESTIMA,0.0,450.0,0,140.0,311.169,138.831,34.951,105.049,30.0,0.0
1779200176.0533316,311.169429823964,105.04925320992488,1.9112039216734236,311.169429823964,105.04925320992488,1.9112039216734236,ESTIMA,0.0,450.0,0,140.0,311.169,138.831,34.951,105.049,30.0,0.0
1779200176.1036742,309.7891431335907,108.94621556350894,1.957431459028737,309.7891431335907,108.94621556350894,1.957431459028737,ESTIMA,0.0,450.0,0,140.0,309.789,140.211,31.054,108.946,30.0,0.0
1779200176.1540687,309.7891431335907,108.94621556350894,1.957431459028737,309.7891431335907,108.94621556350894,1.957431459028737,ESTIMA,0.0,450.0,0,140.0,309.789,140.211,31.054,108.946,30.0,0.0
1779200176.2045164,308.44213546787853,112.25478498018154,1.998535227778228,308.44213546787853,112.25478498018154,1.998535227778228,ESTIMA,0.0,450.0,0,140.0,308.442,141.558,27.745,112.255,30.0,0.0
1779200176.254879,308.44213546787853,112.25478498018154,1.998535227778228,308.44213546787853,112.25478498018154,1.998535227778228,ESTIMA,0.0,450.0,0,140.0,308.442,141.558,27.745,112.255,30.0,0.0
1779200176.3052,306.884488830677,115.6715221424059,2.036947953999879,306.884488830677,115.6715221424059,2.036947953999879,ESTIMA,0.0,450.0,0,140.0,306.884,143.116,24.328,115.672,30.0,0.0
1779200176.355575,306.884488830677,115.6715221424059,2.036947953999879,306.884488830677,115.6715221424059,2.036947953999879,ESTIMA,0.0,450.0,0,140.0,306.884,143.116,24.328,115.672,30.0,0.0
1779200176.4060254,305.15565604038915,119.10765039380223,2.0722557406689273,305.15565604038915,119.10765039380223,2.0722557406689273,ESTIMA,0.0,450.0,0,140.0,305.156,144.844,20.892,119.108,30.0,0.0
1779200176.456427,305.15565604038915,119.10765039380223,2.0722557406689273,305.15565604038915,119.10765039380223,2.0722557406689273,ESTIMA,0.0,450.0,0,140.0,305.156,144.844,20.892,119.108,30.0,0.0
1779200176.5068517,303.19150532929456,122.69056609505134,2.1119751556676025,303.19150532929456,122.69056609505134,2.1119751556676025,ESTIMA,0.0,450.0,0,140.0,303.192,146.808,17.309,122.691,30.0,0.0
1779200176.5572267,303.19150532929456,122.69056609505134,2.1119751556676025,303.19150532929456,122.69056609505134,2.1119751556676025,ESTIMA,0.0,450.0,0,140.0,303.192,146.808,17.309,122.691,30.0,0.0
1779200176.6076565,301.09421879027536,126.1800350399791,2.155841850694059,301.09421879027536,126.1800350399791,2.155841850694059,ESTIMA,0.0,450.0,0,140.0,301.094,148.906,13.82,126.18,30.0,0.0
1779200176.6581035,301.09421879027536,126.1800350399791,2.155841850694059,301.09421879027536,126.1800350399791,2.155841850694059,ESTIMA,0.0,450.0,0,140.0,301.094,148.906,13.82,126.18,30.0,0.0
1779200176.7085369,301.09421879027536,126.1800350399791,2.155841850694059,301.09421879027536,126.1800350399791,2.155841850694059,ESTIMA,0.0,450.0,0,140.0,301.094,148.906,13.82,126.18,30.0,0.0
1779200176.7589316,297.5692902147758,131.50145529225628,2.2262906362922132,297.5692902147758,131.50145529225628,2.2262906362922132,ESTIMA,0.0,450.0,0,140.0,297.569,152.431,8.499,131.501,30.0,0.0
1779200176.8093195,296.4064980075301,133.0137150273937,2.2482455955177905,296.4064980075301,133.0137150273937,2.2482455955177905,ESTIMA,0.0,450.0,0,140.0,296.406,153.594,6.986,133.014,30.0,0.0
1779200176.859725,296.4064980075301,133.0137150273937,2.2482455955177905,296.4064980075301,133.0137150273937,2.2482455955177905,ESTIMA,0.0,450.0,0,140.0,296.406,153.594,6.986,133.014,30.0,0.0
1779200176.910096,294.152527399978,135.81558827593236,2.2827090509255594,294.152527399978,135.81558827593236,2.2827090509255594,ESTIMA,0.0,450.0,0,140.0,294.153,155.847,4.184,135.816,30.0,0.0
1779200176.9604661,294.152527399978,135.81558827593236,2.2827090509255594,294.152527399978,135.81558827593236,2.2827090509255594,ESTIMA,0.0,450.0,0,140.0,294.153,155.847,4.184,135.816,30.0,0.0
1779200177.0108776,291.3622955081858,139.0492901352361,2.3196913823093013,291.3622955081858,139.0492901352361,2.3196913823093013,ESTIMA,0.0,450.0,0,140.0,291.362,158.638,0.951,139.049,30.0,0.0
1779200177.0611985,291.3622955081858,139.0492901352361,2.3196913823093013,291.3622955081858,139.0492901352361,2.3196913823093013,ESTIMA,0.0,450.0,0,140.0,291.362,158.638,0.951,139.049,30.0,0.0
1779200177.1115792,288.68411372120306,141.9304970720174,2.357119870648613,288.68411372120306,141.9304970720174,2.357119870648613,ESTIMA,0.0,450.0,0,140.0,288.684,161.316,-1.93,141.93,30.0,0.0
1779200177.1620023,288.68411372120306,141.9304970720174,2.357119870648613,288.68411372120306,141.9304970720174,2.357119870648613,ESTIMA,0.0,450.0,0,140.0,288.684,161.316,-1.93,141.93,30.0,0.0
1779200177.2123566,288.68411372120306,141.9304970720174,2.357119870648613,288.68411372120306,141.9304970720174,2.357119870648613,ESTIMA,0.0,450.0,0,140.0,288.684,161.316,-1.93,141.93,30.0,0.0
1779200177.262764,285.5648850131608,145.0439581690777,2.3995705662035265,285.5648850131608,145.0439581690777,2.3995705662035265,ESTIMA,0.0,450.0,0,140.0,285.565,164.435,-5.044,145.044,30.0,0.0
1779200177.313156,285.5648850131608,145.0439581690777,2.3995705662035265,285.5648850131608,145.0439581690777,2.3995705662035265,ESTIMA,0.0,450.0,0,140.0,285.565,164.435,-5.044,145.044,30.0,0.0
1779200177.363607,282.80888142380775,147.57067428852267,2.4390122946467794,282.80888142380775,147.57067428852267,2.4390122946467794,ESTIMA,0.0,450.0,0,140.0,282.809,167.191,-7.571,147.571,30.0,0.0
1779200177.4140193,282.80888142380775,147.57067428852267,2.4390122946467794,282.80888142380775,147.57067428852267,2.4390122946467794,ESTIMA,0.0,450.0,0,140.0,282.809,167.191,-7.571,147.571,30.0,0.0
1779200177.4645412,279.76337445140615,150.149332427014,2.4777365053928984,279.76337445140615,150.149332427014,2.4777365053928984,ESTIMA,0.0,450.0,0,140.0,279.763,170.237,-10.149,150.149,30.0,0.0
1779200177.5149105,279.76337445140615,150.149332427014,2.4777365053928984,279.76337445140615,150.149332427014,2.4777365053928984,ESTIMA,0.0,450.0,0,140.0,279.763,170.237,-10.149,150.149,30.0,0.0
1779200177.565173,276.63527775718944,152.59644981286834,2.5094986871851144,276.63527775718944,152.59644981286834,2.5094986871851144,ESTIMA,0.0,450.0,0,140.0,276.635,173.365,-12.596,152.596,30.0,0.0
1779200177.6155484,276.63527775718944,152.59644981286834,2.5094986871851144,276.63527775718944,152.59644981286834,2.5094986871851144,ESTIMA,0.0,450.0,0,140.0,276.635,173.365,-12.596,152.596,30.0,0.0
1779200177.665962,273.23062974928666,155.08976470578136,2.5424835722641337,273.23062974928666,155.08976470578136,2.5424835722641337,ESTIMA,0.0,450.0,0,140.0,273.231,176.769,-15.09,155.09,30.0,0.0
1779200177.7163317,273.23062974928666,155.08976470578136,2.5424835722641337,273.23062974928666,155.08976470578136,2.5424835722641337,ESTIMA,0.0,450.0,0,140.0,273.231,176.769,-15.09,155.09,30.0,0.0
1779200177.766656,269.9320567086595,157.34212833767748,2.5769615333239,269.9320567086595,157.34212833767748,2.5769615333239,ESTIMA,0.0,450.0,0,140.0,269.932,180.068,-17.342,157.342,30.0,0.0
1779200177.8170347,269.9320567086595,157.34212833767748,2.5769615333239,269.9320567086595,157.34212833767748,2.5769615333239,ESTIMA,0.0,450.0,0,140.0,269.932,180.068,-17.342,157.342,30.0,0.0
1779200177.867423,269.9320567086595,157.34212833767748,2.5769615333239,269.9320567086595,157.34212833767748,2.5769615333239,ESTIMA,0.0,450.0,0,140.0,269.932,180.068,-17.342,157.342,30.0,0.0
1779200177.9177797,265.62082835905795,160.07294583379698,2.620300309120851,265.62082835905795,160.07294583379698,2.620300309120851,ESTIMA,0.0,450.0,0,140.0,265.621,184.379,-20.073,160.073,30.0,0.0
1779200177.9681625,265.62082835905795,160.07294583379698,2.620300309120851,265.62082835905795,160.07294583379698,2.620300309120851,ESTIMA,0.0,450.0,0,140.0,265.621,184.379,-20.073,160.073,30.0,0.0
1779200178.018542,261.82808919560057,162.25103671205977,2.6617697283663855,261.82808919560057,162.25103671205977,2.6617697283663855,ESTIMA,0.0,450.0,0,140.0,261.828,188.172,-22.251,162.251,30.0,0.0
1779200178.0689476,259.07416586009316,163.68413930073197,2.6865171752055725,259.07416586009316,163.68413930073197,2.6865171752055725,ESTIMA,0.0,450.0,0,140.0,259.074,190.926,-23.684,163.684,30.0,0.0
1779200178.119261,259.07416586009316,163.68413930073197,2.6865171752055725,259.07416586009316,163.68413930073197,2.6865171752055725,ESTIMA,0.0,450.0,0,140.0,259.074,190.926,-23.684,163.684,30.0,0.0
1779200178.1695795,255.7502150363983,165.31064917571652,2.7129139816284042,255.7502150363983,165.31064917571652,2.7129139816284042,ESTIMA,0.0,450.0,0,140.0,255.75,194.25,-25.311,165.311,30.0,0.0
1779200178.2199023,255.7502150363983,165.31064917571652,2.7129139816284042,255.7502150363983,165.31064917571652,2.7129139816284042,ESTIMA,0.0,450.0,0,140.0,255.75,194.25,-25.311,165.311,30.0,0.0
1779200178.2702625,255.7502150363983,165.31064917571652,2.7129139816284042,255.7502150363983,165.31064917571652,2.7129139816284042,ESTIMA,0.0,450.0,0,140.0,255.75,194.25,-25.311,165.311,30.0,0.0
1779200178.3206515,251.5384878765635,167.23550427862952,2.7504487925776497,251.5384878765635,167.23550427862952,2.7504487925776497,ESTIMA,0.0,450.0,0,140.0,251.538,198.462,-27.236,167.236,30.0,0.0
1779200178.3709722,248.62073927057168,168.43876244446253,2.7766166484371966,248.62073927057168,168.43876244446253,2.7766166484371966,ESTIMA,0.0,450.0,0,140.0,248.621,201.379,-28.439,168.439,30.0,0.0
1779200178.421321,248.62073927057168,168.43876244446253,2.7766166484371966,248.62073927057168,168.43876244446253,2.7766166484371966,ESTIMA,0.0,450.0,0,140.0,248.621,201.379,-28.439,168.439,30.0,0.0
1779200178.4716957,248.62073927057168,168.43876244446253,2.7766166484371966,248.62073927057168,168.43876244446253,2.7766166484371966,ESTIMA,0.0,450.0,0,140.0,248.621,201.379,-28.439,168.439,30.0,0.0
1779200178.5219605,244.113623461822,170.16090687720984,2.8171320247771505,244.113623461822,170.16090687720984,2.8171320247771505,ESTIMA,0.0,450.0,0,140.0,244.114,205.886,-30.161,170.161,30.0,0.0
1779200178.5722618,240.89351238986123,171.2439824040147,2.843784927528804,240.89351238986123,171.2439824040147,2.843784927528804,ESTIMA,0.0,450.0,0,140.0,240.894,209.106,-31.244,171.244,30.0,0.0
1779200178.6226194,240.89351238986123,171.2439824040147,2.843784927528804,240.89351238986123,171.2439824040147,2.843784927528804,ESTIMA,0.0,450.0,0,140.0,240.894,209.106,-31.244,171.244,30.0,0.0
1779200178.673069,240.89351238986123,171.2439824040147,2.843784927528804,240.89351238986123,171.2439824040147,2.843784927528804,ESTIMA,0.0,450.0,0,140.0,240.894,209.106,-31.244,171.244,30.0,0.0
1779200178.7234616,236.9414160481989,172.45702234863433,2.8720249505685915,236.9414160481989,172.45702234863433,2.8720249505685915,ESTIMA,0.0,450.0,0,140.0,236.941,213.059,-32.457,172.457,30.0,0.0
1779200178.7737918,236.9414160481989,172.45702234863433,2.8720249505685915,236.9414160481989,172.45702234863433,2.8720249505685915,ESTIMA,0.0,450.0,0,140.0,236.941,213.059,-32.457,172.457,30.0,0.0
1779200178.8241417,232.8632967153795,173.58377728739325,2.901655938679752,232.8632967153795,173.58377728739325,2.901655938679752,ESTIMA,0.0,450.0,0,140.0,232.863,217.137,-33.584,173.584,30.0,0.0
1779200178.8744745,232.8632967153795,173.58377728739325,2.901655938679752,232.8632967153795,173.58377728739325,2.901655938679752,ESTIMA,0.0,450.0,0,140.0,232.863,217.137,-33.584,173.584,30.0,0.0
1779200178.9248807,229.29622644111998,174.45645970573577,2.9300117525875344,229.29622644111998,174.45645970573577,2.9300117525875344,ESTIMA,0.0,450.0,0,140.0,229.296,220.704,-34.456,174.456,30.0,0.0
1779200178.9752922,229.29622644111998,174.45645970573577,2.9300117525875344,229.29622644111998,174.45645970573577,2.9300117525875344,ESTIMA,0.0,450.0,0,140.0,229.296,220.704,-34.456,174.456,30.0,0.0
1779200179.0256634,224.87177765263263,175.40681238526446,2.9651930938347535,224.87177765263263,175.40681238526446,2.9651930938347535,ESTIMA,0.0,450.0,0,140.0,224.872,225.128,-35.407,175.407,30.0,0.0
1779200179.0760949,224.87177765263263,175.40681238526446,2.9651930938347535,224.87177765263263,175.40681238526446,2.9651930938347535,ESTIMA,0.0,450.0,0,140.0,224.872,225.128,-35.407,175.407,30.0,0.0
1779200179.12635,221.57410826207936,175.99462949625584,2.9905641362490667,221.57410826207936,175.99462949625584,2.9905641362490667,ESTIMA,0.0,450.0,0,140.0,221.574,228.426,-35.995,175.995,30.0,0.0
1779200179.1766953,221.57410826207936,175.99462949625584,2.9905641362490667,221.57410826207936,175.99462949625584,2.9905641362490667,ESTIMA,0.0,450.0,0,140.0,221.574,228.426,-35.995,175.995,30.0,0.0
1779200179.226949,217.56267806409176,176.60511859855845,3.0163719573032437,217.56267806409176,176.60511859855845,3.0163719573032437,ESTIMA,0.0,450.0,0,140.0,217.563,232.437,-36.605,176.605,30.0,0.0
1779200179.2772007,217.56267806409176,176.60511859855845,3.0163719573032437,217.56267806409176,176.60511859855845,3.0163719573032437,ESTIMA,0.0,450.0,0,140.0,217.563,232.437,-36.605,176.605,30.0,0.0
1779200179.3275533,213.18866962044365,177.1557158233167,3.043235441453985,213.18866962044365,177.1557158233167,3.043235441453985,ESTIMA,0.0,450.0,0,140.0,213.189,236.811,-37.156,177.156,30.0,0.0
1779200179.3780167,213.18866962044365,177.1557158233167,3.043235441453985,213.18866962044365,177.1557158233167,3.043235441453985,ESTIMA,0.0,450.0,0,140.0,213.189,236.811,-37.156,177.156,30.0,0.0
1779200179.4284081,209.08786475875246,177.56036527802473,3.0732731768912336,209.08786475875246,177.56036527802473,3.0732731768912336,ESTIMA,0.0,450.0,0,140.0,209.088,240.912,-37.56,177.56,30.0,0.0
1779200179.4788623,209.08786475875246,177.56036527802473,3.0732731768912336,209.08786475875246,177.56036527802473,3.0732731768912336,ESTIMA,0.0,450.0,0,140.0,209.088,240.912,-37.56,177.56,30.0,0.0
1779200179.5292242,205.11228938581843,177.83239788084447,3.1032812075142022,205.11228938581843,177.83239788084447,3.1032812075142022,ESTIMA,0.0,450.0,0,140.0,205.112,244.888,-37.832,177.832,30.0,0.0
1779200179.5796318,205.11228938581843,177.83239788084447,3.1032812075142022,205.11228938581843,177.83239788084447,3.1032812075142022,ESTIMA,0.0,450.0,0,140.0,205.112,244.888,-37.832,177.832,30.0,0.0
1779200179.6299863,205.11228938581843,177.83239788084447,3.1032812075142022,205.11228938581843,177.83239788084447,3.1032812075142022,ESTIMA,0.0,450.0,0,140.0,205.112,244.888,-37.832,177.832,30.0,0.0
1779200179.680307,200.25294614160737,178.01865748498673,3.1435430041578227,200.25294614160737,178.01865748498673,3.1435430041578227,ESTIMA,0.0,450.0,0,140.0,200.253,249.747,-38.019,178.019,30.0,0.0
1779200179.7305791,200.25294614160737,178.01865748498673,3.1435430041578227,200.25294614160737,178.01865748498673,3.1435430041578227,ESTIMA,0.0,450.0,0,140.0,200.253,249.747,-38.019,178.019,30.0,0.0
1779200179.7809744,195.93580943307703,178.01023754427888,3.1742762717409523,195.93580943307703,178.01023754427888,3.1742762717409523,ESTIMA,0.0,450.0,0,140.0,195.936,254.064,-38.01,178.01,30.0,0.0
1779200179.8314092,192.85347503555522,177.9094598170362,3.1925802230525373,192.85347503555522,177.9094598170362,3.1925802230525373,ESTIMA,0.0,450.0,0,140.0,192.853,257.147,-37.909,177.909,30.0,0.0
1779200179.881825,192.85347503555522,177.9094598170362,3.1925802230525373,192.85347503555522,177.9094598170362,3.1925802230525373,ESTIMA,0.0,450.0,0,140.0,192.853,257.147,-37.909,177.909,30.0,0.0
1779200179.932138,188.73264885573832,177.69916663903865,3.2196540868074264,188.73264885573832,177.69916663903865,3.2196540868074264,ESTIMA,0.0,450.0,0,140.0,188.733,261.267,-37.699,177.699,30.0,0.0
1779200179.9823494,188.73264885573832,177.69916663903865,3.2196540868074264,188.73264885573832,177.69916663903865,3.2196540868074264,ESTIMA,0.0,450.0,0,140.0,188.733,261.267,-37.699,177.699,30.0,0.0
1779200180.032523,184.6439665443251,177.3793483602465,3.2543525133528286,184.6439665443251,177.3793483602465,3.2543525133528286,ESTIMA,0.0,450.0,0,140.0,184.644,265.356,-37.379,177.379,30.0,0.0
1779200180.0827167,184.6439665443251,177.3793483602465,3.2543525133528286,184.6439665443251,177.3793483602465,3.2543525133528286,ESTIMA,0.0,450.0,0,140.0,184.644,265.356,-37.379,177.379,30.0,0.0
1779200180.1329067,184.6439665443251,177.3793483602465,3.2543525133528286,184.6439665443251,177.3793483602465,3.2543525133528286,ESTIMA,0.0,450.0,0,140.0,184.644,265.356,-37.379,177.379,30.0,0.0
1779200180.183221,180.72355127481077,176.93539971672962,3.282147879696686,180.72355127481077,176.93539971672962,3.282147879696686,ESTIMA,0.0,450.0,0,140.0,180.724,269.276,-36.935,176.935,30.0,0.0
1779200180.2334697,180.72355127481077,176.93539971672962,3.282147879696686,180.72355127481077,176.93539971672962,3.282147879696686,ESTIMA,0.0,450.0,0,140.0,180.724,269.276,-36.935,176.935,30.0,0.0
1779200180.2837288,176.52132483011562,176.34083429596762,3.3081826033193438,176.52132483011562,176.34083429596762,3.3081826033193438,ESTIMA,0.0,450.0,0,140.0,176.521,273.479,-36.341,176.341,30.0,0.0
1779200180.3339736,176.52132483011562,176.34083429596762,3.3081826033193438,176.52132483011562,176.34083429596762,3.3081826033193438,ESTIMA,0.0,450.0,0,140.0,176.521,273.479,-36.341,176.341,30.0,0.0
1779200180.3843026,172.63753878434144,175.687782153387,3.3321177154137307,172.63753878434144,175.687782153387,3.3321177154137307,ESTIMA,0.0,450.0,0,140.0,172.638,277.362,-35.688,175.688,30.0,0.0
1779200180.4347584,172.63753878434144,175.687782153387,3.3321177154137307,172.63753878434144,175.687782153387,3.3321177154137307,ESTIMA,0.0,450.0,0,140.0,172.638,277.362,-35.688,175.688,30.0,0.0
1779200180.485084,167.07383506959246,174.61474191466746,3.3656082857404224,167.07383506959246,174.61474191466746,3.3656082857404224,ESTIMA,0.0,450.0,0,140.0,167.074,282.926,-34.615,174.615,30.0,0.0
1779200180.5354855,167.07383506959246,174.61474191466746,3.3656082857404224,167.07383506959246,174.61474191466746,3.3656082857404224,ESTIMA,0.0,450.0,0,140.0,167.074,282.926,-34.615,174.615,30.0,0.0
1779200180.585844,164.47168184909222,174.02186818283081,3.3806833363248794,164.47168184909222,174.02186818283081,3.3806833363248794,ESTIMA,0.0,450.0,0,140.0,164.472,285.528,-34.022,174.022,30.0,0.0
1779200180.636088,164.47168184909222,174.02186818283081,3.3806833363248794,164.47168184909222,174.02186818283081,3.3806833363248794,ESTIMA,0.0,450.0,0,140.0,164.472,285.528,-34.022,174.022,30.0,0.0
1779200180.6863382,160.20827590474693,172.98264957980942,3.404140895845871,160.20827590474693,172.98264957980942,3.404140895845871,ESTIMA,0.0,450.0,0,140.0,160.208,289.792,-32.983,172.983,30.0,0.0
1779200180.7366967,160.20827590474693,172.98264957980942,3.404140895845871,160.20827590474693,172.98264957980942,3.404140895845871,ESTIMA,0.0,450.0,0,140.0,160.208,289.792,-32.983,172.983,30.0,0.0
1779200180.7870343,156.42236497363544,171.96517854576314,3.4244038675684854,156.42236497363544,171.96517854576314,3.4244038675684854,ESTIMA,0.0,450.0,0,140.0,156.422,293.578,-31.965,171.965,30.0,0.0
1779200180.8374841,156.42236497363544,171.96517854576314,3.4244038675684854,156.42236497363544,171.96517854576314,3.4244038675684854,ESTIMA,0.0,450.0,0,140.0,156.422,293.578,-31.965,171.965,30.0,0.0
1779200180.8879871,152.57131914333794,170.84606284675655,3.4473652806815847,152.57131914333794,170.84606284675655,3.4473652806815847,ESTIMA,0.0,450.0,0,140.0,152.571,297.429,-30.846,170.846,30.0,0.0
1779200180.938288,152.57131914333794,170.84606284675655,3.4473652806815847,152.57131914333794,170.84606284675655,3.4473652806815847,ESTIMA,0.0,450.0,0,140.0,152.571,297.429,-30.846,170.846,30.0,0.0
1779200180.9885643,152.57131914333794,170.84606284675655,3.4473652806815847,152.57131914333794,170.84606284675655,3.4473652806815847,ESTIMA,0.0,450.0,0,140.0,152.571,297.429,-30.846,170.846,30.0,0.0
1779200181.0388808,147.5929426552645,169.27452560636607,3.4755790757132923,147.5929426552645,169.27452560636607,3.4755790757132923,ESTIMA,0.0,450.0,0,140.0,147.593,302.407,-29.275,169.275,30.0,0.0
1779200181.0892575,144.5838741434854,168.23042365693948,3.4927341176910964,144.5838741434854,168.23042365693948,3.4927341176910964,ESTIMA,0.0,450.0,0,140.0,144.584,305.416,-28.23,168.23,30.0,0.0
1779200181.1395571,144.5838741434854,168.23042365693948,3.4927341176910964,144.5838741434854,168.23042365693948,3.4927341176910964,ESTIMA,0.0,450.0,0,140.0,144.584,305.416,-28.23,168.23,30.0,0.0
1779200181.1898954,141.2307894454248,167.00211297243828,3.5475713607689716,141.2307894454248,167.00211297243828,3.5475713607689716,ESTIMA,0.0,450.0,0,140.0,141.231,308.769,-27.002,167.002,30.0,0.0
1779200181.2401671,141.2307894454248,167.00211297243828,3.5475713607689716,141.2307894454248,167.00211297243828,3.5475713607689716,ESTIMA,0.0,450.0,0,140.0,141.231,308.769,-27.002,167.002,30.0,0.0
1779200181.2903428,141.2307894454248,167.00211297243828,3.5475713607689716,141.2307894454248,167.00211297243828,3.5475713607689716,ESTIMA,0.0,450.0,0,140.0,141.231,308.769,-27.002,167.002,30.0,0.0
1779200181.3406832,138.60191739200522,165.87206974327873,3.591114560623158,138.60191739200522,165.87206974327873,3.591114560623158,ESTIMA,0.0,450.0,0,140.0,138.602,311.398,-25.872,165.872,30.0,0.0
1779200181.3910346,135.8496454027132,164.54419332562443,3.6112788138675977,135.8496454027132,164.54419332562443,3.6112788138675977,ESTIMA,0.0,450.0,0,140.0,135.85,314.15,-24.544,164.544,30.0,0.0
1779200181.4413788,135.8496454027132,164.54419332562443,3.6112788138675977,135.8496454027132,164.54419332562443,3.6112788138675977,ESTIMA,0.0,450.0,0,140.0,135.85,314.15,-24.544,164.544,30.0,0.0
1779200181.4918041,135.8496454027132,164.54419332562443,3.6112788138675977,135.8496454027132,164.54419332562443,3.6112788138675977,ESTIMA,0.0,450.0,0,140.0,135.85,314.15,-24.544,164.544,30.0,0.0
1779200181.542081,132.91006734521366,163.05214833844522,3.631191103244228,132.91006734521366,163.05214833844522,3.631191103244228,ESTIMA,0.0,450.0,0,140.0,132.91,317.09,-23.052,163.052,30.0,0.0
1779200181.5923452,130.36775840077723,161.69742190577915,3.6325891575760667,130.36775840077723,161.69742190577915,3.6325891575760667,ESTIMA,0.0,450.0,0,140.0,130.368,319.632,-21.697,161.697,30.0,0.0
1779200181.64276,130.36775840077723,161.69742190577915,3.6325891575760667,130.36775840077723,161.69742190577915,3.6325891575760667,ESTIMA,0.0,450.0,0,140.0,130.368,319.632,-21.697,161.697,30.0,0.0
1779200181.6930299,126.96047875413022,159.87565564936403,3.633876958030247,126.96047875413022,159.87565564936403,3.633876958030247,ESTIMA,0.0,450.0,0,140.0,126.96,323.04,-19.876,159.876,30.0,0.0
1779200181.7432327,126.96047875413022,159.87565564936403,3.633876958030247,126.96047875413022,159.87565564936403,3.633876958030247,ESTIMA,0.0,450.0,0,140.0,126.96,323.04,-19.876,159.876,30.0,0.0
1779200181.793408,126.96047875413022,159.87565564936403,3.633876958030247,126.96047875413022,159.87565564936403,3.633876958030247,ESTIMA,0.0,450.0,0,140.0,126.96,323.04,-19.876,159.876,30.0,0.0
1779200181.8435829,123.6991834926921,158.1265384453382,3.649132524952176,123.6991834926921,158.1265384453382,3.649132524952176,ESTIMA,0.0,450.0,0,140.0,123.699,326.301,-18.127,158.127,30.0,0.0
1779200181.893742,123.6991834926921,158.1265384453382,3.649132524952176,123.6991834926921,158.1265384453382,3.649132524952176,ESTIMA,0.0,450.0,0,140.0,123.699,326.301,-18.127,158.127,30.0,0.0
1779200181.943978,193.83,51.8,0.21,193.83,51.8,0.21,VISION,0.0,450.0,0,140.0,193.83,256.17,88.2,51.8,30.0,0.0
1779200181.9942305,193.83,51.8,0.21,193.83,51.8,0.21,VISION,0.0,450.0,0,140.0,193.83,256.17,88.2,51.8,30.0,0.0
1779200182.0444407,193.83,51.8,0.21,197.24849430431345,52.52862623212952,0.21862695837437618,VISION,0.0,450.0,0,140.0,193.83,256.17,88.2,51.8,30.0,0.0
1779200182.0946317,193.83,51.8,0.21,197.24849430431345,52.52862623212952,0.21862695837437618,VISION,0.0,450.0,0,140.0,193.83,256.17,88.2,51.8,30.0,0.0
1779200182.1448119,193.83,51.8,0.21,200.835018395264,53.325473561467085,0.2271889540562028,VISION,0.0,450.0,0,140.0,193.83,256.17,88.2,51.8,30.0,0.0
1779200182.194977,193.83,51.8,0.21,200.835018395264,53.325473561467085,0.2271889540562028,VISION,0.0,450.0,0,140.0,193.83,256.17,88.2,51.8,30.0,0.0
1779200182.2451444,193.83,51.8,0.21,204.44663381759653,54.16040735170799,0.23491737525417375,VISION,0.0,450.0,0,140.0,193.83,256.17,88.2,51.8,30.0,0.0
1779200182.2953181,193.83,51.8,0.21,204.44663381759653,54.16040735170799,0.23491737525417375,VISION,0.0,450.0,0,140.0,193.83,256.17,88.2,51.8,30.0,0.0
1779200182.3455765,193.83,51.8,0.21,208.76159191722624,55.19313364923049,0.2526806157886703,VISION,0.0,450.0,0,140.0,193.83,256.17,88.2,51.8,30.0,0.0
1779200182.3958774,193.83,51.8,0.21,208.76159191722624,55.19313364923049,0.2526806157886703,VISION,0.0,450.0,0,140.0,193.83,256.17,88.2,51.8,30.0,0.0
1779200182.4461622,193.83,51.8,0.21,211.46473511095857,55.891083260551206,0.2588409006161178,VISION,0.0,450.0,0,140.0,193.83,256.17,88.2,51.8,30.0,0.0
1779200182.4964561,211.46473511095857,55.891083260551206,0.2588409006161178,211.46473511095857,55.891083260551206,0.2588409006161178,ESTIMA,0.0,450.0,0,140.0,211.465,238.535,84.109,55.891,30.0,0.0
1779200182.5466957,187.23,75.79,0.249,191.05999114806028,76.76387863345636,0.2501979211369088,VISION,0.0,450.0,0,140.0,187.23,262.77,64.21,75.79,30.0,0.0
1779200182.5968845,187.23,75.79,0.249,187.23,75.79,0.249,VISION,0.0,450.0,0,140.0,187.23,262.77,64.21,75.79,30.0,0.0
1779200182.6470697,187.23,75.79,0.249,190.90608413207602,76.72474362018563,0.2510370183124813,VISION,0.0,450.0,0,140.0,187.23,262.77,64.21,75.79,30.0,0.0
1779200182.697307,187.23,75.79,0.249,190.90608413207602,76.72474362018563,0.2510370183124813,VISION,0.0,450.0,0,140.0,187.23,262.77,64.21,75.79,30.0,0.0
1779200182.7475662,187.23,75.79,0.249,190.90608413207602,76.72474362018563,0.2510370183124813,VISION,0.0,450.0,0,140.0,187.23,262.77,64.21,75.79,30.0,0.0
1779200182.797829,187.23,75.79,0.249,195.91822088669193,78.01009028051891,0.2556180914983645,VISION,0.0,450.0,0,140.0,187.23,262.77,64.21,75.79,30.0,0.0
1779200182.848011,187.23,75.79,0.249,197.63249330766746,78.45808961178773,0.2589847577737687,VISION,0.0,450.0,0,140.0,187.23,262.77,64.21,75.79,30.0,0.0
1779200182.898192,187.23,75.79,0.249,197.63249330766746,78.45808961178773,0.2589847577737687,VISION,0.0,450.0,0,140.0,187.23,262.77,64.21,75.79,30.0,0.0
1779200182.9483724,187.23,75.79,0.249,197.63249330766746,78.45808961178773,0.2589847577737687,VISION,0.0,450.0,0,140.0,187.23,262.77,64.21,75.79,30.0,0.0
1779200182.9985693,187.23,75.79,0.249,202.47353329964935,79.74064931500486,0.26957040442734687,VISION,0.0,450.0,0,140.0,187.23,262.77,64.21,75.79,30.0,0.0
1779200183.04879,187.23,75.79,0.249,202.47353329964935,79.74064931500486,0.26957040442734687,VISION,0.0,450.0,0,140.0,187.23,262.77,64.21,75.79,30.0,0.0
1779200183.0990398,204.4915789358135,80.29822662721635,0.27050791720753203,204.4915789358135,80.29822662721635,0.27050791720753203,ESTIMA,0.0,450.0,0,140.0,204.492,245.508,59.702,80.298,30.0,0.0
1779200183.1495159,181.16,93.43,0.277,181.16,93.43,0.277,VISION,0.0,450.0,0,140.0,181.16,268.84,46.57,93.43,30.0,0.0
1779200183.199844,181.16,93.43,0.277,184.86569992918592,94.48356403798385,0.2729083350935939,VISION,0.0,450.0,0,140.0,181.16,268.84,46.57,93.43,30.0,0.0
1779200183.2501292,181.16,93.43,0.277,184.86569992918592,94.48356403798385,0.2729083350935939,VISION,0.0,450.0,0,140.0,181.16,268.84,46.57,93.43,30.0,0.0
1779200183.3004265,181.16,93.43,0.277,188.11977523745134,95.39435292335412,0.2731777977272304,VISION,0.0,450.0,0,140.0,181.16,268.84,46.57,93.43,30.0,0.0
1779200183.350705,181.16,93.43,0.277,188.11977523745134,95.39435292335412,0.2731777977272304,VISION,0.0,450.0,0,140.0,181.16,268.84,46.57,93.43,30.0,0.0
1779200183.400945,181.16,93.43,0.277,191.66059540858976,96.38642827628807,0.2731097404122359,VISION,0.0,450.0,0,140.0,181.16,268.84,46.57,93.43,30.0,0.0
1779200183.45119,181.16,93.43,0.277,191.66059540858976,96.38642827628807,0.2731097404122359,VISION,0.0,450.0,0,140.0,181.16,268.84,46.57,93.43,30.0,0.0
1779200183.5014553,181.16,93.43,0.277,195.33135058320042,97.41463969703088,0.2771111047191943,VISION,0.0,450.0,0,140.0,181.16,268.84,46.57,93.43,30.0,0.0
1779200183.5516615,181.16,93.43,0.277,195.33135058320042,97.41463969703088,0.2771111047191943,VISION,0.0,450.0,0,140.0,181.16,268.84,46.57,93.43,30.0,0.0
1779200183.6018362,181.16,93.43,0.277,198.8172944927757,98.40614373369085,0.2828487229916002,VISION,0.0,450.0,0,140.0,181.16,268.84,46.57,93.43,30.0,0.0
1779200183.652019,198.8172944927757,98.40614373369085,0.2828487229916002,198.8172944927757,98.40614373369085,0.2828487229916002,ESTIMA,0.0,450.0,0,140.0,198.817,251.183,41.594,98.406,30.0,0.0
1779200183.702228,175.19,110.64,0.264,175.19,110.64,0.264,VISION,0.0,450.0,0,140.0,175.19,274.81,29.36,110.64,30.0,0.0
1779200183.752436,175.19,110.64,0.264,175.19,110.64,0.264,VISION,0.0,450.0,0,140.0,175.19,274.81,29.36,110.64,0.0,0.0
1779200183.8026578,175.19,110.64,0.264,178.05979062268003,111.41573079840445,0.26094087152429224,VISION,0.0,450.0,0,140.0,175.19,274.81,29.36,110.64,0.0,0.0
1779200183.8528502,175.19,110.64,0.264,178.05979062268003,111.41573079840445,0.26094087152429224,VISION,0.0,450.0,0,140.0,175.19,274.81,29.36,110.64,0.0,0.0
1779200183.9030066,175.19,110.64,0.264,181.29360803219254,112.27925463220929,0.2577149032026509,VISION,0.0,450.0,0,140.0,175.19,274.81,29.36,110.64,0.0,0.0
1779200183.9531734,175.19,110.64,0.264,181.29360803219254,112.27925463220929,0.2577149032026509,VISION,0.0,450.0,0,140.0,175.19,274.81,29.36,110.64,0.0,0.0
1779200184.0033555,175.19,110.64,0.264,181.29360803219254,112.27925463220929,0.2577149032026509,VISION,0.0,450.0,0,140.0,175.19,274.81,29.36,110.64,0.0,0.0
1779200184.0535655,175.19,110.64,0.264,183.02244055313983,112.73493376730437,0.2458277572290134,VISION,0.0,450.0,0,140.0,175.19,274.81,29.36,110.64,0.0,0.0
1779200184.103755,175.19,110.64,0.264,183.48643463419597,112.85135097459771,0.2054758441346086,VISION,0.0,450.0,0,140.0,175.19,274.81,29.36,110.64,0.0,0.0
1779200184.1539695,175.19,110.64,0.264,183.48643463419597,112.85135097459771,0.2054758441346086,VISION,0.0,450.0,0,140.0,175.19,274.81,29.36,110.64,0.0,0.0
1779200184.2041852,175.19,110.64,0.264,183.48643463419597,112.85135097459771,0.2054758441346086,VISION,0.0,450.0,0,140.0,175.19,274.81,29.36,110.64,0.0,0.0
1779200184.255852,183.48643463419597,112.85135097459771,0.205475844134609,183.48643463419597,112.85135097459771,0.205475844134609,ESTIMA,0.0,450.0,0,140.0,183.486,266.514,27.149,112.851,-20.0,0.0
1779200184.3060768,169.47,127.65,0.254,169.47,127.65,0.254,VISION,0.0,450.0,0,140.0,169.47,280.53,12.35,127.65,-20.0,0.0
1779200184.3562696,169.47,127.65,0.254,169.47,127.65,0.25400000000000017,VISION,0.0,450.0,0,140.0,169.47,280.53,12.35,127.65,-20.0,0.0
1779200184.4065094,169.47,127.65,0.254,174.341541029436,128.91468663075324,0.25400000000000017,VISION,0.0,450.0,0,140.0,169.47,280.53,12.35,127.65,-20.0,0.0
1779200184.4567974,169.47,127.65,0.254,174.341541029436,128.91468663075324,0.25400000000000017,VISION,0.0,450.0,0,140.0,169.47,280.53,12.35,127.65,-20.0,0.0
1779200184.5070546,169.47,127.65,0.254,174.341541029436,128.91468663075324,0.25400000000000017,VISION,0.0,450.0,0,140.0,169.47,280.53,12.35,127.65,-20.0,0.0
1779200184.557256,169.47,127.65,0.254,180.39850740432047,130.48711809565359,0.40631835595492677,VISION,0.0,450.0,0,140.0,169.47,280.53,12.35,127.65,-20.0,0.0
1779200184.6075323,169.47,127.65,0.254,180.39850740432047,130.48711809565359,0.40631835595492677,VISION,0.0,450.0,0,140.0,169.47,280.53,12.35,127.65,-20.0,0.0
1779200184.6577716,169.47,127.65,0.254,180.39850740432047,130.48711809565359,0.40631835595492677,VISION,0.0,450.0,0,140.0,169.47,280.53,12.35,127.65,-20.0,0.0
1779200184.7080777,169.47,127.65,0.254,180.39850740432047,130.48711809565359,0.40631835595492677,VISION,0.0,450.0,0,140.0,169.47,280.53,12.35,127.65,-20.0,0.0
1779200184.7583518,169.47,127.65,0.254,180.39850740432047,130.48711809565359,0.40631835595492677,VISION,0.0,450.0,0,140.0,169.47,280.53,12.35,127.65,0.0,0.0
1779200184.8086476,180.39850740432047,130.48711809565359,0.40631835595492677,180.39850740432047,130.48711809565359,0.40631835595492677,ESTIMA,0.0,450.0,0,140.0,180.399,269.601,9.513,130.487,0.0,0.0
1779200184.858894,180.39850740432047,130.48711809565359,0.40631835595492677,180.39850740432047,130.48711809565359,0.40631835595492677,ESTIMA,0.0,450.0,0,140.0,180.399,269.601,9.513,130.487,0.0,0.0
1779200184.9091597,167.23,134.51,0.24,167.23,134.51,0.24,VISION,0.0,450.0,0,140.0,167.23,282.77,5.49,134.51,0.0,0.0
1779200184.9593961,167.23,134.51,0.24,167.23,134.51,0.24,VISION,0.0,450.0,0,140.0,167.23,282.77,5.49,134.51,0.0,0.0
1779200185.009556,167.23,134.51,0.24,167.23,134.51,0.24,VISION,0.0,450.0,0,140.0,167.23,282.77,5.49,134.51,0.0,0.0
1779200185.0597537,167.23,134.51,0.24,167.23,134.51,0.24,VISION,0.0,450.0,0,140.0,167.23,282.77,5.49,134.51,0.0,0.0
1779200185.1099195,167.23,134.51,0.24,167.23,134.51,0.24,VISION,0.0,450.0,0,140.0,167.23,282.77,5.49,134.51,0.0,0.0
1779200185.1601026,167.23,134.51,0.24,167.23,134.51,0.24,VISION,0.0,450.0,0,140.0,167.23,282.77,5.49,134.51,0.0,0.0
1779200185.712089,168.59,132.04,0.033,248.20149599140464,134.66814289782175,0.034322557426753636,VISION,0.0,450.0,0,140.0,168.59,281.41,7.96,132.04,30.0,0.0
1779200185.76228,168.59,132.04,0.033,248.20149599140464,134.66814289782175,0.034322557426753636,VISION,0.0,450.0,0,140.0,168.59,281.41,7.96,132.04,0.0,0.0
1779200185.8124645,168.59,132.04,0.033,248.20149599140464,134.66814289782175,0.03432255742675382,VISION,0.0,450.0,0,140.0,168.59,281.41,7.96,132.04,0.0,0.0
1779200185.8626747,168.59,132.04,0.033,248.20149599140464,134.66814289782175,0.03432255742675382,VISION,0.0,450.0,0,140.0,168.59,281.41,7.96,132.04,0.0,0.0
1779200185.9128857,168.59,132.04,0.033,248.20149599140464,134.66814289782175,0.034322557426754094,VISION,0.0,450.0,0,140.0,168.59,281.41,7.96,132.04,0.0,0.0
1779200185.9630506,168.59,132.04,0.033,248.20149599140464,134.66814289782175,0.034322557426754094,VISION,0.0,450.0,0,140.0,168.59,281.41,7.96,132.04,0.0,0.0
1779200186.0133448,248.20149599140464,134.66814289782175,0.03432255742675437,248.20149599140464,134.66814289782175,0.03432255742675437,ESTIMA,0.0,450.0,0,140.0,248.201,201.799,5.332,134.668,0.0,0.0
1779200186.0636024,168.76,131.65,0.02,168.76,131.65,0.02,VISION,0.0,450.0,0,140.0,168.76,281.24,8.35,131.65,0.0,0.0
1779200186.1137977,168.76,131.65,0.02,168.76,131.65,0.020000000000000327,VISION,0.0,450.0,0,140.0,168.76,281.24,8.35,131.65,0.0,0.0
1779200186.16396,168.76,131.65,0.02,168.76,131.65,0.020000000000000327,VISION,0.0,450.0,0,140.0,168.76,281.24,8.35,131.65,0.0,0.0
1779200186.214122,168.76,131.65,0.02,168.76,131.65,0.020000000000000538,VISION,0.0,450.0,0,140.0,168.76,281.24,8.35,131.65,0.0,0.0
1779200186.2642705,168.76,131.65,0.02,168.76,131.65,0.020000000000000538,VISION,0.0,450.0,0,140.0,168.76,281.24,8.35,131.65,-20.0,0.0
1779200186.3144162,168.76,131.65,0.02,168.76,131.65,0.020000000000000795,VISION,0.0,450.0,0,140.0,168.76,281.24,8.35,131.65,-20.0,0.0
1779200186.3646593,168.76,131.65,0.02,168.76,131.65,0.020000000000000795,VISION,0.0,450.0,0,140.0,168.76,281.24,8.35,131.65,-20.0,0.0
1779200186.414934,168.76,131.65,0.02,174.4109978316409,131.76303502837186,0.020000000000000795,VISION,0.0,450.0,0,140.0,168.76,281.24,8.35,131.65,-20.0,0.0
1779200186.4651988,168.76,131.65,0.02,174.4109978316409,131.76303502837186,0.020000000000000795,VISION,0.0,450.0,0,140.0,168.76,281.24,8.35,131.65,-20.0,0.0
1779200186.51546,168.76,131.65,0.02,174.4109978316409,131.76303502837186,0.020000000000000795,VISION,0.0,450.0,0,140.0,168.76,281.24,8.35,131.65,-20.0,0.0
1779200186.5656877,184.71281900757702,131.96909892780988,0.17791389859955964,184.71281900757702,131.96909892780988,0.17791389859955964,ESTIMA,0.0,450.0,0,140.0,184.713,265.287,8.031,131.969,-20.0,0.0
1779200186.6159775,188.07568516350216,132.5737932619868,0.17791389859955964,188.07568516350216,132.5737932619868,0.17791389859955964,ESTIMA,0.0,450.0,0,140.0,188.076,261.924,7.426,132.574,-20.0,0.0
1779200186.666209,168.88,131.61,-0.031,168.88,131.61,-0.031,VISION,0.0,450.0,0,140.0,168.88,281.12,8.39,131.61,-20.0,0.0
1779200186.7163885,168.88,131.61,-0.031,174.32566574336764,131.44113026388416,-0.031,VISION,0.0,450.0,0,140.0,168.88,281.12,8.39,131.61,-20.0,0.0
1779200186.7665503,168.88,131.61,-0.031,174.32566574336764,131.44113026388416,-0.031,VISION,0.0,450.0,0,140.0,168.88,281.12,8.39,131.61,0.0,0.0
1779200186.816766,168.88,131.61,-0.031,181.14269896260862,131.22973451264323,-0.031,VISION,0.0,450.0,0,140.0,168.88,281.12,8.39,131.61,0.0,0.0
1779200186.8669236,168.88,131.61,-0.031,181.14269896260862,131.22973451264323,-0.031,VISION,0.0,450.0,0,140.0,168.88,281.12,8.39,131.61,0.0,0.0
1779200186.9170785,168.88,131.61,-0.031,183.3876060425506,131.16012009191678,0.17591284180254632,VISION,0.0,450.0,0,140.0,168.88,281.12,8.39,131.61,0.0,0.0
1779200186.9672205,168.88,131.61,-0.031,183.3876060425506,131.16012009191678,0.17591284180254632,VISION,0.0,450.0,0,140.0,168.88,281.12,8.39,131.61,0.0,0.0
1779200187.017388,168.88,131.61,-0.031,183.3876060425506,131.16012009191678,0.1759128418025466,VISION,0.0,450.0,0,140.0,168.88,281.12,8.39,131.61,0.0,0.0
1779200187.067564,168.88,131.61,-0.031,183.3876060425506,131.16012009191678,0.1759128418025466,VISION,0.0,450.0,0,140.0,168.88,281.12,8.39,131.61,0.0,0.0
1779200187.1177983,168.88,131.61,-0.031,183.3876060425506,131.16012009191678,0.1759128418025469,VISION,0.0,450.0,0,140.0,168.88,281.12,8.39,131.61,0.0,0.0
1779200187.1680017,183.3876060425506,131.16012009191678,0.1759128418025469,183.3876060425506,131.16012009191678,0.1759128418025469,ESTIMA,0.0,450.0,0,140.0,183.388,266.612,8.84,131.16,0.0,0.0
1779200187.4187315,169.5,129.53,-0.179,174.15973822122726,128.89635267657826,0.3463467354525429,VISION,0.0,450.0,0,140.0,169.5,280.5,10.47,129.53,30.0,0.0
1779200187.4690158,169.5,129.53,-0.179,174.15973822122726,128.89635267657826,0.3463467354525429,VISION,0.0,450.0,0,140.0,169.5,280.5,10.47,129.53,0.0,0.0
1779200187.519278,169.5,129.53,-0.179,174.15973822122726,128.89635267657826,0.3463467354525429,VISION,0.0,450.0,0,140.0,169.5,280.5,10.47,129.53,0.0,0.0
1779200187.5695205,169.5,129.53,-0.179,176.0897200272069,129.59287142110836,0.5434636362478117,VISION,0.0,450.0,0,140.0,169.5,280.5,10.47,129.53,0.0,0.0
1779200187.6197164,169.5,129.53,-0.179,176.0897200272069,129.59287142110836,0.5434636362478117,VISION,0.0,450.0,0,140.0,169.5,280.5,10.47,129.53,0.0,0.0
1779200187.6698916,169.5,129.53,-0.179,177.18854923914023,130.25672646690018,0.5538400295008548,VISION,0.0,450.0,0,140.0,169.5,280.5,10.47,129.53,0.0,0.0
1779200187.7201006,177.18854923914023,130.25672646690018,0.5538400295008548,177.18854923914023,130.25672646690018,0.5538400295008548,ESTIMA,0.0,450.0,0,140.0,177.189,272.811,9.743,130.257,0.0,0.0
1779200187.770949,178.42790753224415,131.02314711861513,0.5918365960782535,178.42790753224415,131.02314711861513,0.5918365960782535,ESTIMA,0.0,450.0,0,140.0,178.428,271.572,8.977,131.023,0.0,0.0
1779200187.8213208,169.73,128.57,-0.269,169.73,128.57,-0.269,VISION,0.0,450.0,0,140.0,169.73,280.27,11.43,128.57,0.0,0.0
1779200187.8715162,169.73,128.57,-0.269,170.6360400112111,128.32022122411368,-0.13936699097731997,VISION,0.0,450.0,0,140.0,169.73,280.27,11.43,128.57,0.0,0.0
1779200187.9218216,169.73,128.57,-0.269,170.6360400112111,128.32022122411368,-0.13936699097731997,VISION,0.0,450.0,0,140.0,169.73,280.27,11.43,128.57,0.0,0.0
1779200187.972129,169.73,128.57,-0.269,170.6360400112111,128.32022122411368,-0.1393669909773198,VISION,0.0,450.0,0,140.0,169.73,280.27,11.43,128.57,-20.0,0.0
1779200188.0224407,169.73,128.57,-0.269,170.6360400112111,128.32022122411368,-0.1393669909773198,VISION,0.0,450.0,0,140.0,169.73,280.27,11.43,128.57,-20.0,0.0
1779200188.072852,169.73,128.57,-0.269,174.0984275729384,127.83453005655905,-0.1393669909773198,VISION,0.0,450.0,0,140.0,169.73,280.27,11.43,128.57,-20.0,0.0
1779200188.1230607,169.73,128.57,-0.269,174.0984275729384,127.83453005655905,-0.1393669909773198,VISION,0.0,450.0,0,140.0,169.73,280.27,11.43,128.57,-20.0,0.0
1779200188.173251,169.73,128.57,-0.269,180.91090246155042,126.8789007910311,-0.1393669909773198,VISION,0.0,450.0,0,140.0,169.73,280.27,11.43,128.57,-20.0,0.0
1779200188.2234445,169.73,128.57,-0.269,180.91090246155042,126.8789007910311,-0.1393669909773198,VISION,0.0,450.0,0,140.0,169.73,280.27,11.43,128.57,-20.0,0.0
1779200188.2737844,169.73,128.57,-0.269,180.91090246155042,126.8789007910311,-0.1393669909773198,VISION,0.0,450.0,0,140.0,169.73,280.27,11.43,128.57,-20.0,0.0
1779200188.3240118,192.74948912856672,125.21822679714944,-0.1393669909773198,192.74948912856672,125.21822679714944,-0.1393669909773198,ESTIMA,0.0,450.0,0,140.0,192.749,257.251,14.782,125.218,-20.0,0.0
1779200188.374284,196.19113776820942,124.73544481035563,-0.1393669909773198,196.19113776820942,124.73544481035563,-0.1393669909773198,ESTIMA,0.0,450.0,0,140.0,196.191,253.809,15.265,124.735,-20.0,0.0
1779200188.4245322,170.35,129.73,-0.333,170.35,129.73,-0.333,VISION,0.0,450.0,0,140.0,170.35,279.65,10.27,129.73,-20.0,0.0
1779200188.474827,170.35,129.73,-0.333,170.35,129.73,-0.333,VISION,0.0,450.0,0,140.0,170.35,279.65,10.27,129.73,0.0,0.0
1779200188.5250714,170.35,129.73,-0.333,176.08858806692376,127.74513546421385,-0.12361530540729396,VISION,0.0,450.0,0,140.0,170.35,279.65,10.27,129.73,0.0,0.0
1779200188.5754025,170.35,129.73,-0.333,177.73073701592853,127.54110039087217,-0.15715825196952896,VISION,0.0,450.0,0,140.0,170.35,279.65,10.27,129.73,0.0,0.0
1779200188.6256826,170.35,129.73,-0.333,177.73073701592853,127.54110039087217,-0.15715825196952896,VISION,0.0,450.0,0,140.0,170.35,279.65,10.27,129.73,0.0,0.0
1779200188.6759872,170.35,129.73,-0.333,177.73073701592853,127.54110039087217,-0.15715825196952865,VISION,0.0,450.0,0,140.0,170.35,279.65,10.27,129.73,0.0,0.0
1779200188.7262638,170.35,129.73,-0.333,177.73073701592853,127.54110039087217,-0.15715825196952865,VISION,0.0,450.0,0,140.0,170.35,279.65,10.27,129.73,0.0,0.0
1779200188.776469,170.35,129.73,-0.333,177.73073701592853,127.54110039087217,-0.15715825196952835,VISION,0.0,450.0,0,140.0,170.35,279.65,10.27,129.73,0.0,0.0
1779200188.8266242,170.35,129.73,-0.333,177.73073701592853,127.54110039087217,-0.15715825196952835,VISION,0.0,450.0,0,140.0,170.35,279.65,10.27,129.73,0.0,0.0
1779200188.8768516,170.35,129.73,-0.333,177.73073701592853,127.54110039087217,-0.15715825196952804,VISION,0.0,450.0,0,140.0,170.35,279.65,10.27,129.73,0.0,0.0
1779200189.5292096,179.48088119671155,128.23829640597052,0.9169475247613326,179.48088119671155,128.23829640597052,0.9169475247613326,ESTIMA,0.0,450.0,0,140.0,179.481,270.519,11.762,128.238,30.0,0.0
1779200189.5794342,170.17,127.65,-0.485,170.17,127.65,-0.485,VISION,0.0,450.0,0,140.0,170.17,279.83,12.35,127.65,0.0,0.0
1779200189.6296248,170.17,127.65,-0.485,170.17,127.65,-0.48499999999999976,VISION,0.0,450.0,0,140.0,170.17,279.83,12.35,127.65,0.0,0.0
1779200189.6797447,170.17,127.65,-0.485,170.17,127.65,-0.48499999999999976,VISION,0.0,450.0,0,140.0,170.17,279.83,12.35,127.65,0.0,0.0
1779200189.7299633,170.17,127.65,-0.485,171.18077902767646,127.11733697757235,-0.4612901034109699,VISION,0.0,450.0,0,140.0,170.17,279.83,12.35,127.65,0.0,0.0
1779200189.7801735,170.17,127.65,-0.485,171.18077902767646,127.11733697757235,-0.4612901034109699,VISION,0.0,450.0,0,140.0,170.17,279.83,12.35,127.65,0.0,0.0
1779200189.8303587,170.17,127.65,-0.485,172.77831149552688,126.3232729492741,-0.4270033424298224,VISION,0.0,450.0,0,140.0,170.17,279.83,12.35,127.65,0.0,0.0
1779200189.8805704,170.17,127.65,-0.485,172.77831149552688,126.3232729492741,-0.4270033424298224,VISION,0.0,450.0,0,140.0,170.17,279.83,12.35,127.65,0.0,0.0
1779200189.9308016,170.17,127.65,-0.485,173.4248738311141,126.02908770975513,-0.4286013282851766,VISION,0.0,450.0,0,140.0,170.17,279.83,12.35,127.65,0.0,0.0
1779200189.9810343,170.17,127.65,-0.485,173.4248738311141,126.02908770975513,-0.4286013282851766,VISION,0.0,450.0,0,140.0,170.17,279.83,12.35,127.65,0.0,0.0
1779200190.0312102,170.17,127.65,-0.485,173.74655898242318,125.88210035524442,-0.3826036989229027,VISION,0.0,450.0,0,140.0,170.17,279.83,12.35,127.65,0.0,0.0
1779200190.0814407,173.74655898242318,125.88210035524442,-0.3826036989229027,173.74655898242318,125.88210035524442,-0.3826036989229027,ESTIMA,0.0,450.0,0,140.0,173.747,276.253,14.118,125.882,-20.0,0.0
1779200190.1318886,173.74655898242318,125.88210035524442,-0.3826036989229024,173.74655898242318,125.88210035524442,-0.3826036989229024,ESTIMA,0.0,450.0,0,140.0,173.747,276.253,14.118,125.882,-20.0,0.0
1779200190.1821136,170.12,127.2,-0.535,170.12,127.2,-0.535,VISION,0.0,450.0,0,140.0,170.12,279.88,12.8,127.2,-20.0,0.0
1779200190.2323003,170.12,127.2,-0.535,170.12,127.2,-0.535,VISION,0.0,450.0,0,140.0,170.12,279.88,12.8,127.2,-20.0,0.0
1779200190.2824597,170.12,127.2,-0.535,176.57958322213824,123.37170670627897,-0.535,VISION,0.0,450.0,0,140.0,170.12,279.88,12.8,127.2,-20.0,0.0
1779200190.332651,170.12,127.2,-0.535,180.0549548239622,121.31201626822514,-0.535,VISION,0.0,450.0,0,140.0,170.12,279.88,12.8,127.2,-20.0,0.0
1779200190.3828335,170.12,127.2,-0.535,180.0549548239622,121.31201626822514,-0.535,VISION,0.0,450.0,0,140.0,170.12,279.88,12.8,127.2,-20.0,0.0
1779200190.433074,170.12,127.2,-0.535,185.36772945507698,118.16338286697987,-0.6296469865996263,VISION,0.0,450.0,0,140.0,170.12,279.88,12.8,127.2,-20.0,0.0
1779200190.4833183,170.12,127.2,-0.535,185.36772945507698,118.16338286697987,-0.6296469865996263,VISION,0.0,450.0,0,140.0,170.12,279.88,12.8,127.2,-20.0,0.0
1779200190.533599,170.12,127.2,-0.535,189.10768619541707,115.4385469138907,-0.4830331346107929,VISION,0.0,450.0,0,140.0,170.12,279.88,12.8,127.2,-20.0,0.0
1779200190.5839,170.12,127.2,-0.535,189.10768619541707,115.4385469138907,-0.4830331346107929,VISION,0.0,450.0,0,140.0,170.12,279.88,12.8,127.2,0.0,0.0
1779200190.634089,170.12,127.2,-0.535,195.03644395433264,112.3290784333521,-0.5984589383543527,VISION,0.0,450.0,0,140.0,170.12,279.88,12.8,127.2,0.0,0.0
1779200190.6842628,195.03644395433264,112.3290784333521,-0.5984589383543527,195.03644395433264,112.3290784333521,-0.5984589383543527,ESTIMA,0.0,450.0,0,140.0,195.036,254.964,27.671,112.329,0.0,0.0
1779200190.734453,171.38,129.67,-0.501,171.38,129.67,-0.501,VISION,0.0,450.0,0,140.0,171.38,278.62,10.33,129.67,0.0,0.0
1779200190.78465,171.38,129.67,-0.501,173.62426600234994,128.44103624210933,-0.29175952754645595,VISION,0.0,450.0,0,140.0,171.38,278.62,10.33,129.67,0.0,0.0
1779200190.8348334,171.38,129.67,-0.501,173.62426600234994,128.44103624210933,-0.29175952754645584,VISION,0.0,450.0,0,140.0,171.38,278.62,10.33,129.67,0.0,0.0
1779200190.885001,171.38,129.67,-0.501,173.62426600234994,128.44103624210933,-0.29175952754645584,VISION,0.0,450.0,0,140.0,171.38,278.62,10.33,129.67,0.0,0.0
1779200190.9351578,171.38,129.67,-0.501,173.62426600234994,128.44103624210933,-0.2917595275464556,VISION,0.0,450.0,0,140.0,171.38,278.62,10.33,129.67,0.0,0.0
1779200190.985329,171.38,129.67,-0.501,173.62426600234994,128.44103624210933,-0.2917595275464556,VISION,0.0,450.0,0,140.0,171.38,278.62,10.33,129.67,0.0,0.0
1779200191.9380953,170.7,127.92,-0.59,170.7,127.92,-0.59,VISION,0.0,450.0,0,140.0,170.7,279.3,12.08,127.92,30.0,0.0
1779200191.9882865,170.7,127.92,-0.59,174.1706927609452,125.59617806750474,-0.013886379702337637,VISION,0.0,450.0,0,140.0,170.7,279.3,12.08,127.92,0.0,0.0
1779200192.0384467,170.7,127.92,-0.59,174.1706927609452,125.59617806750474,-0.013886379702337637,VISION,0.0,450.0,0,140.0,170.7,279.3,12.08,127.92,0.0,0.0
1779200192.0886188,170.7,127.92,-0.59,174.8352090062588,125.58694974942605,-0.006134429732308549,VISION,0.0,450.0,0,140.0,170.7,279.3,12.08,127.92,0.0,0.0
1779200192.1388173,170.7,127.92,-0.59,174.8352090062588,125.58694974942605,-0.006134429732308549,VISION,0.0,450.0,0,140.0,170.7,279.3,12.08,127.92,0.0,0.0
1779200192.1890745,170.7,127.92,-0.59,176.54366941675295,125.57646918762164,0.019542262147880185,VISION,0.0,450.0,0,140.0,170.7,279.3,12.08,127.92,0.0,0.0
1779200192.239269,170.7,127.92,-0.59,176.54366941675295,125.57646918762164,0.019542262147880185,VISION,0.0,450.0,0,140.0,170.7,279.3,12.08,127.92,0.0,0.0
1779200192.2894444,170.7,127.92,-0.59,177.30943309539236,125.5914358474773,0.016229738251138433,VISION,0.0,450.0,0,140.0,170.7,279.3,12.08,127.92,0.0,0.0
1779200192.3395998,170.7,127.92,-0.59,177.30943309539236,125.5914358474773,0.016229738251138433,VISION,0.0,450.0,0,140.0,170.7,279.3,12.08,127.92,0.0,0.0
1779200192.3898413,170.7,127.92,-0.59,178.39013336730682,125.608976870173,0.06593157291030165,VISION,0.0,450.0,0,140.0,170.7,279.3,12.08,127.92,0.0,0.0
1779200192.440074,178.39013336730682,125.608976870173,0.06593157291030165,178.39013336730682,125.608976870173,0.06593157291030165,ESTIMA,0.0,450.0,0,140.0,178.39,271.61,14.391,125.609,0.0,0.0
1779200192.49028,170.67,127.63,-0.627,170.67,127.63,-0.627,VISION,0.0,450.0,0,140.0,170.67,279.33,12.37,127.63,-20.0,0.0
1779200192.5405788,170.67,127.63,-0.627,170.67,127.63,-0.627,VISION,0.0,450.0,0,140.0,170.67,279.33,12.37,127.63,-20.0,0.0
1779200192.590959,170.67,127.63,-0.627,173.4529547381022,125.61366602852404,-0.627,VISION,0.0,450.0,0,140.0,170.67,279.33,12.37,127.63,-20.0,0.0
1779200192.641356,170.67,127.63,-0.627,173.4529547381022,125.61366602852404,-0.627,VISION,0.0,450.0,0,140.0,170.67,279.33,12.37,127.63,-20.0,0.0
1779200192.6915863,170.67,127.63,-0.627,179.09533973315453,121.52558928408206,-0.627,VISION,0.0,450.0,0,140.0,170.67,279.33,12.37,127.63,-20.0,0.0
1779200192.7419431,170.67,127.63,-0.627,179.09533973315453,121.52558928408206,-0.627,VISION,0.0,450.0,0,140.0,170.67,279.33,12.37,127.63,-20.0,0.0
1779200192.7921925,170.67,127.63,-0.627,184.71125840351763,117.45668818372815,-0.627,VISION,0.0,450.0,0,140.0,170.67,279.33,12.37,127.63,-20.0,0.0
1779200192.842343,170.67,127.63,-0.627,184.71125840351763,117.45668818372815,-0.627,VISION,0.0,450.0,0,140.0,170.67,279.33,12.37,127.63,-20.0,0.0
1779200192.8924954,170.67,127.63,-0.627,189.07994893577154,114.29144118547623,-0.9131981474120041,VISION,0.0,450.0,0,140.0,170.67,279.33,12.37,127.63,-20.0,0.0
1779200192.9426599,170.67,127.63,-0.627,189.07994893577154,114.29144118547623,-0.9131981474120041,VISION,0.0,450.0,0,140.0,170.67,279.33,12.37,127.63,-20.0,0.0
1779200192.992849,191.1975234960373,111.5494049987354,-0.7294040929202376,191.1975234960373,111.5494049987354,-0.7294040929202376,ESTIMA,0.0,450.0,0,140.0,191.198,258.802,28.451,111.549,0.0,0.0
1779200193.0432286,191.1975234960373,111.5494049987354,-0.7294040929202376,191.1975234960373,111.5494049987354,-0.7294040929202376,ESTIMA,0.0,450.0,0,140.0,191.198,258.802,28.451,111.549,0.0,0.0
1779200193.0935214,172.28,129.76,-0.613,176.55282756338292,126.75451992048853,-0.6610365966928416,VISION,0.0,450.0,0,140.0,172.28,277.72,10.24,129.76,0.0,0.0
1779200193.1437476,172.28,129.76,-0.613,172.28,129.76,-0.613,VISION,0.0,450.0,0,140.0,172.28,277.72,10.24,129.76,0.0,0.0
1779200193.1940331,172.28,129.76,-0.613,172.9346852505205,129.29949850547408,-0.7234029505292244,VISION,0.0,450.0,0,140.0,172.28,277.72,10.24,129.76,0.0,0.0
1779200193.2442136,172.28,129.76,-0.613,172.9346852505205,129.29949850547408,-0.7234029505292244,VISION,0.0,450.0,0,140.0,172.28,277.72,10.24,129.76,0.0,0.0
1779200193.2944772,172.28,129.76,-0.613,172.9346852505205,129.29949850547408,-0.7234029505292241,VISION,0.0,450.0,0,140.0,172.28,277.72,10.24,129.76,0.0,0.0
1779200193.3446426,172.28,129.76,-0.613,172.9346852505205,129.29949850547408,-0.7234029505292241,VISION,0.0,450.0,0,140.0,172.28,277.72,10.24,129.76,0.0,0.0
1779200193.3947911,172.28,129.76,-0.613,172.9346852505205,129.29949850547408,-0.7234029505292238,VISION,0.0,450.0,0,140.0,172.28,277.72,10.24,129.76,0.0,0.0
1779200193.7970355,171.11,128.01,-0.683,173.86180388605595,126.23580426554356,-0.22941710807537197,VISION,0.0,450.0,0,140.0,171.11,278.89,11.99,128.01,30.0,0.0
1779200193.8474083,171.11,128.01,-0.683,173.86180388605595,126.23580426554356,-0.22941710807537197,VISION,0.0,450.0,0,140.0,171.11,278.89,11.99,128.01,0.0,0.0
1779200193.8977852,171.11,128.01,-0.683,174.19131082483946,126.15885497199608,-0.18274502530591213,VISION,0.0,450.0,0,140.0,171.11,278.89,11.99,128.01,0.0,0.0
1779200193.9481502,171.11,128.01,-0.683,174.19131082483946,126.15885497199608,-0.18274502530591213,VISION,0.0,450.0,0,140.0,171.11,278.89,11.99,128.01,0.0,0.0
1779200193.9984276,171.11,128.01,-0.683,174.19131082483946,126.15885497199608,-0.18274502530591213,VISION,0.0,450.0,0,140.0,171.11,278.89,11.99,128.01,0.0,0.0
1779200194.0488436,171.11,128.01,-0.683,174.19131082483946,126.15885497199608,-0.1827450253059118,VISION,0.0,450.0,0,140.0,171.11,278.89,11.99,128.01,0.0,0.0
1779200194.0991242,171.11,128.01,-0.683,174.19131082483946,126.15885497199608,-0.1827450253059118,VISION,0.0,450.0,0,140.0,171.11,278.89,11.99,128.01,0.0,0.0
1779200194.149416,171.11,128.01,-0.683,174.19131082483946,126.15885497199608,-0.1827450253059115,VISION,0.0,450.0,0,140.0,171.11,278.89,11.99,128.01,0.0,0.0
1779200194.1998143,174.19131082483946,126.15885497199608,-0.1827450253059115,174.19131082483946,126.15885497199608,-0.1827450253059115,ESTIMA,0.0,450.0,0,140.0,174.191,275.809,13.841,126.159,0.0,0.0
1779200194.2500713,171.01,127.76,-0.7,171.01,127.76,-0.7,VISION,0.0,450.0,0,140.0,171.01,278.99,12.24,127.76,0.0,0.0
1779200194.3002694,171.01,127.76,-0.7,171.01,127.76,-0.6999999999999994,VISION,0.0,450.0,0,140.0,171.01,278.99,12.24,127.76,0.0,0.0
1779200194.3505726,171.01,127.76,-0.7,171.01,127.76,-0.6999999999999993,VISION,0.0,450.0,0,140.0,171.01,278.99,12.24,127.76,-20.0,0.0
1779200194.400962,171.01,127.76,-0.7,171.01,127.76,-0.6999999999999993,VISION,0.0,450.0,0,140.0,171.01,278.99,12.24,127.76,-20.0,0.0
1779200194.4512162,171.01,127.76,-0.7,171.01,127.76,-0.6999999999999991,VISION,0.0,450.0,0,140.0,171.01,278.99,12.24,127.76,-20.0,0.0
1779200194.5015266,171.01,127.76,-0.7,171.01,127.76,-0.6999999999999991,VISION,0.0,450.0,0,140.0,171.01,278.99,12.24,127.76,-20.0,0.0
1779200194.5519104,171.01,127.76,-0.7,175.053407791321,124.35428459989645,-0.6999999999999991,VISION,0.0,450.0,0,140.0,171.01,278.99,12.24,127.76,-20.0,0.0
1779200194.6021764,171.01,127.76,-0.7,175.053407791321,124.35428459989645,-0.6999999999999991,VISION,0.0,450.0,0,140.0,171.01,278.99,12.24,127.76,-20.0,0.0
1779200194.652439,171.01,127.76,-0.7,179.48859232275768,120.61858020385776,-0.5007393823024864,VISION,0.0,450.0,0,140.0,171.01,278.99,12.24,127.76,-20.0,0.0
1779200194.7026072,171.01,127.76,-0.7,179.48859232275768,120.61858020385776,-0.5007393823024864,VISION,0.0,450.0,0,140.0,171.01,278.99,12.24,127.76,-20.0,0.0
1779200194.7527478,185.6146437418758,117.26601937780576,-0.5007393823024864,185.6146437418758,117.26601937780576,-0.5007393823024864,ESTIMA,0.0,450.0,0,140.0,185.615,264.385,22.734,117.266,-20.0,0.0
1779200194.8030324,185.6146437418758,117.26601937780576,-0.5007393823024864,185.6146437418758,117.26601937780576,-0.5007393823024864,ESTIMA,0.0,450.0,0,140.0,185.615,264.385,22.734,117.266,-20.0,0.0
1779200194.8532944,170.92,127.58,-0.722,174.8046909390112,124.15909213927426,-0.722,VISION,0.0,450.0,0,140.0,170.92,279.08,12.42,127.58,0.0,0.0
1779200194.903479,170.92,127.58,-0.722,170.92,127.58,-0.722,VISION,0.0,450.0,0,140.0,170.92,279.08,12.42,127.58,0.0,0.0
1779200194.9536815,170.92,127.58,-0.722,175.22790628834363,123.78640336221558,-0.722,VISION,0.0,450.0,0,140.0,170.92,279.08,12.42,127.58,0.0,0.0
1779200195.0038428,170.92,127.58,-0.722,175.22790628834363,123.78640336221558,-0.722,VISION,0.0,450.0,0,140.0,170.92,279.08,12.42,127.58,0.0,0.0
1779200195.054043,170.92,127.58,-0.722,178.06874767565353,121.28472258876465,-0.6571421985578009,VISION,0.0,450.0,0,140.0,170.92,279.08,12.42,127.58,0.0,0.0
1779200195.104197,170.92,127.58,-0.722,178.06874767565353,121.28472258876465,-0.6571421985578009,VISION,0.0,450.0,0,140.0,170.92,279.08,12.42,127.58,0.0,0.0
1779200195.1543925,170.92,127.58,-0.722,178.06874767565353,121.28472258876465,-0.6571421985578004,VISION,0.0,450.0,0,140.0,170.92,279.08,12.42,127.58,0.0,0.0
1779200195.2046063,170.92,127.58,-0.722,178.06874767565353,121.28472258876465,-0.6571421985578004,VISION,0.0,450.0,0,140.0,170.92,279.08,12.42,127.58,0.0,0.0
1779200195.2547417,170.92,127.58,-0.722,178.06874767565353,121.28472258876465,-0.6571421985578004,VISION,0.0,450.0,0,140.0,170.92,279.08,12.42,127.58,0.0,0.0
1779200195.8065655,170.17,126.52,-0.793,178.54542652468794,123.64996918032018,0.5134443045649042,VISION,0.0,450.0,0,140.0,170.17,279.83,13.48,126.52,30.0,0.0
1779200195.8568146,170.17,126.52,-0.793,178.75631975117125,123.76888964127671,0.5468390086273441,VISION,0.0,450.0,0,140.0,170.17,279.83,13.48,126.52,0.0,0.0
1779200195.9070132,170.17,126.52,-0.793,178.75631975117125,123.76888964127671,0.5468390086273441,VISION,0.0,450.0,0,140.0,170.17,279.83,13.48,126.52,0.0,0.0
1779200195.9571898,178.75631975117125,123.76888964127671,0.5468390086273441,178.75631975117125,123.76888964127671,0.5468390086273441,ESTIMA,0.0,450.0,0,140.0,178.756,271.244,16.231,123.769,0.0,0.0
1779200196.0073776,169.9,126.14,-0.827,169.9,126.14,-0.827,VISION,0.0,450.0,0,140.0,169.9,280.1,13.86,126.14,0.0,0.0
1779200196.0575695,169.9,126.14,-0.827,169.9,126.14,-0.827,VISION,0.0,450.0,0,140.0,169.9,280.1,13.86,126.14,0.0,0.0
1779200196.1077263,169.9,126.14,-0.827,169.9,126.14,-0.8269999999999996,VISION,0.0,450.0,0,140.0,169.9,280.1,13.86,126.14,0.0,0.0
1779200196.1578662,169.9,126.14,-0.827,169.9,126.14,-0.8269999999999996,VISION,0.0,450.0,0,140.0,169.9,280.1,13.86,126.14,0.0,0.0
1779200196.2080152,169.9,126.14,-0.827,169.9,126.14,-0.8269999999999993,VISION,0.0,450.0,0,140.0,169.9,280.1,13.86,126.14,0.0,0.0
1779200196.2583027,169.9,126.14,-0.827,169.9,126.14,-0.8269999999999993,VISION,0.0,450.0,0,140.0,169.9,280.1,13.86,126.14,0.0,0.0
1779200196.3085368,169.9,126.14,-0.827,169.9,126.14,-0.826999999999999,VISION,0.0,450.0,0,140.0,169.9,280.1,13.86,126.14,0.0,0.0
1779200196.358742,169.9,126.14,-0.827,169.9,126.14,-0.826999999999999,VISION,0.0,450.0,0,140.0,169.9,280.1,13.86,126.14,-20.0,0.0
1779200196.40895,169.9,126.14,-0.827,169.9,126.14,-0.8269999999999986,VISION,0.0,450.0,0,140.0,169.9,280.1,13.86,126.14,-20.0,0.0
1779200196.4592195,169.9,126.14,-0.827,169.9,126.14,-0.8269999999999986,VISION,0.0,450.0,0,140.0,169.9,280.1,13.86,126.14,-20.0,0.0
1779200196.5095253,173.602295131254,122.11609520234411,-0.8269999999999986,173.602295131254,122.11609520234411,-0.8269999999999986,ESTIMA,0.0,450.0,0,140.0,173.602,276.398,17.884,122.116,-20.0,0.0
1779200196.5598998,173.602295131254,122.11609520234411,-0.8269999999999986,173.602295131254,122.11609520234411,-0.8269999999999986,ESTIMA,0.0,450.0,0,140.0,173.602,276.398,17.884,122.116,-20.0,0.0
1779200196.6102517,169.78,125.76,-0.889,169.78,125.76,-0.889,VISION,0.0,450.0,0,140.0,169.78,280.22,14.24,125.76,-20.0,0.0
1779200196.66072,169.78,125.76,-0.889,169.78,125.76,-0.889,VISION,0.0,450.0,0,140.0,169.78,280.22,14.24,125.76,-20.0,0.0
1779200196.7111552,169.78,125.76,-0.889,175.34894891385264,118.89861869472767,-0.889,VISION,0.0,450.0,0,140.0,169.78,280.22,14.24,125.76,-20.0,0.0
1779200196.7614663,169.78,125.76,-0.889,175.34894891385264,118.89861869472767,-0.889,VISION,0.0,450.0,0,140.0,169.78,280.22,14.24,125.76,-20.0,0.0
1779200196.8117607,169.78,125.76,-0.889,177.81876462518326,115.85561226544651,-0.852961673605031,VISION,0.0,450.0,0,140.0,169.78,280.22,14.24,125.76,-20.0,0.0
1779200196.8620615,169.78,125.76,-0.889,177.81876462518326,115.85561226544651,-0.852961673605031,VISION,0.0,450.0,0,140.0,169.78,280.22,14.24,125.76,0.0,0.0
1779200196.9123373,169.78,125.76,-0.889,180.93467867115373,112.28740725361538,-0.852961673605031,VISION,0.0,450.0,0,140.0,169.78,280.22,14.24,125.76,0.0,0.0
1779200196.9626577,169.78,125.76,-0.889,180.93467867115373,112.28740725361538,-0.852961673605031,VISION,0.0,450.0,0,140.0,169.78,280.22,14.24,125.76,0.0,0.0
1779200197.012928,169.78,125.76,-0.889,182.90572908546972,110.03024872383199,-0.7165579287630458,VISION,0.0,450.0,0,140.0,169.78,280.22,14.24,125.76,0.0,0.0
1779200197.0632207,169.78,125.76,-0.889,182.90572908546972,110.03024872383199,-0.7165579287630458,VISION,0.0,450.0,0,140.0,169.78,280.22,14.24,125.76,0.0,0.0
1779200197.1134138,169.78,125.76,-0.889,182.90572908546972,110.03024872383199,-0.7165579287630454,VISION,0.0,450.0,0,140.0,169.78,280.22,14.24,125.76,0.0,0.0
1779200197.1637793,182.90572908546972,110.03024872383199,-0.7165579287630454,182.90572908546972,110.03024872383199,-0.7165579287630454,ESTIMA,0.0,450.0,0,140.0,182.906,267.094,29.97,110.03,0.0,0.0
1779200197.2140434,169.16,125.07,-0.935,169.16,125.07,-0.935,VISION,0.0,450.0,0,140.0,169.16,280.84,14.93,125.07,0.0,0.0
1779200197.2642927,169.16,125.07,-0.935,169.16,125.07,-0.9349999999999997,VISION,0.0,450.0,0,140.0,169.16,280.84,14.93,125.07,0.0,0.0
1779200197.8167057,168.47,124.25,-1.003,168.47,124.25,-1.003,VISION,0.0,450.0,0,140.0,168.47,281.53,15.75,124.25,30.0,0.0
1779200197.8670523,168.47,124.25,-1.003,169.4622097885565,122.69448041607748,-0.7485136364903942,VISION,0.0,450.0,0,140.0,168.47,281.53,15.75,124.25,30.0,0.0
1779200197.9172728,168.47,124.25,-1.003,169.4622097885565,122.69448041607748,-0.7485136364903942,VISION,0.0,450.0,0,140.0,168.47,281.53,15.75,124.25,30.0,0.0
1779200197.967572,168.47,124.25,-1.003,169.9098861957702,122.27866784262791,-0.738789827519564,VISION,0.0,450.0,0,140.0,168.47,281.53,15.75,124.25,30.0,0.0
1779200198.0177708,168.47,124.25,-1.003,169.9098861957702,122.27866784262791,-0.738789827519564,VISION,0.0,450.0,0,140.0,168.47,281.53,15.75,124.25,30.0,0.0
1779200198.0681145,168.47,124.25,-1.003,171.77276587758695,120.58182131947717,-0.7073607713508491,VISION,0.0,450.0,0,140.0,168.47,281.53,15.75,124.25,30.0,0.0
1779200198.118354,168.47,124.25,-1.003,171.77276587758695,120.58182131947717,-0.7073607713508491,VISION,0.0,450.0,0,140.0,168.47,281.53,15.75,124.25,30.0,0.0
1779200198.1686077,168.47,124.25,-1.003,174.28374053925262,118.43506358729753,-0.6749906157146192,VISION,0.0,450.0,0,140.0,168.47,281.53,15.75,124.25,30.0,0.0
1779200198.2189374,168.47,124.25,-1.003,174.28374053925262,118.43506358729753,-0.6749906157146192,VISION,0.0,450.0,0,140.0,168.47,281.53,15.75,124.25,30.0,0.0
1779200198.2691412,168.47,124.25,-1.003,177.3042768747577,116.01739746930404,-0.6345899216053823,VISION,0.0,450.0,0,140.0,168.47,281.53,15.75,124.25,30.0,0.0
1779200198.3193886,177.3042768747577,116.01739746930404,-0.6345899216053823,177.3042768747577,116.01739746930404,-0.6345899216053823,ESTIMA,0.0,450.0,0,140.0,177.304,272.696,23.983,116.017,30.0,0.0
1779200198.3696728,168.24,123.93,-1.059,168.24,123.93,-1.059,VISION,0.0,450.0,0,140.0,168.24,281.76,16.07,123.93,0.0,0.0
1779200198.4199119,168.24,123.93,-1.059,169.99048065842808,120.8137101140264,-1.0299979398846244,VISION,0.0,450.0,0,140.0,168.24,281.76,16.07,123.93,0.0,0.0
1779200198.4702327,168.24,123.93,-1.059,169.99048065842808,120.8137101140264,-1.0299979398846244,VISION,0.0,450.0,0,140.0,168.24,281.76,16.07,123.93,0.0,0.0
1779200198.520607,168.24,123.93,-1.059,171.9512354777482,117.54859016963833,-1.0039700029864025,VISION,0.0,450.0,0,140.0,168.24,281.76,16.07,123.93,0.0,0.0
1779200198.5709403,168.24,123.93,-1.059,173.03703905682764,115.84269315322932,-0.9994015954172374,VISION,0.0,450.0,0,140.0,168.24,281.76,16.07,123.93,0.0,0.0
1779200198.6213036,168.24,123.93,-1.059,173.03703905682764,115.84269315322932,-0.9994015954172374,VISION,0.0,450.0,0,140.0,168.24,281.76,16.07,123.93,0.0,0.0
1779200198.6717095,168.24,123.93,-1.059,173.75485108543867,114.7262371894136,-1.0064223775741754,VISION,0.0,450.0,0,140.0,168.24,281.76,16.07,123.93,0.0,0.0
1779200198.722,168.24,123.93,-1.059,173.75485108543867,114.7262371894136,-1.0064223775741754,VISION,0.0,450.0,0,140.0,168.24,281.76,16.07,123.93,0.0,0.0
1779200198.7723215,168.24,123.93,-1.059,174.1047922019785,114.17345960507397,-0.9624694221555499,VISION,0.0,450.0,0,140.0,168.24,281.76,16.07,123.93,0.0,0.0
1779200198.8225784,168.24,123.93,-1.059,174.1047922019785,114.17345960507397,-0.9624694221555499,VISION,0.0,450.0,0,140.0,168.24,281.76,16.07,123.93,0.0,0.0
1779200198.8729603,174.3177525964503,113.86767155698689,-0.9110711919030972,174.3177525964503,113.86767155698689,-0.9110711919030972,ESTIMA,0.0,450.0,0,140.0,174.318,275.682,26.132,113.868,-20.0,0.0
1779200198.923275,177.12,129.38,-0.96,177.12,129.38,-0.96,VISION,0.0,450.0,0,140.0,177.12,272.88,10.62,129.38,-20.0,0.0
1779200198.9736226,177.12,129.38,-0.96,177.12,129.38,-0.96,VISION,0.0,450.0,0,140.0,177.12,272.88,10.62,129.38,-20.0,0.0
1779200199.023897,177.12,129.38,-0.96,177.9460919962315,128.2000453089907,-0.96,VISION,0.0,450.0,0,140.0,177.12,272.88,10.62,129.38,-20.0,0.0
1779200199.074074,177.12,129.38,-0.96,177.9460919962315,128.2000453089907,-0.96,VISION,0.0,450.0,0,140.0,177.12,272.88,10.62,129.38,-20.0,0.0
1779200199.1242542,177.12,129.38,-0.96,181.84956828981637,122.62448570440601,-0.96,VISION,0.0,450.0,0,140.0,177.12,272.88,10.62,129.38,-20.0,0.0
1779200199.1744263,177.12,129.38,-0.96,181.84956828981637,122.62448570440601,-0.96,VISION,0.0,450.0,0,140.0,177.12,272.88,10.62,129.38,-20.0,0.0
1779200199.2245898,177.12,129.38,-0.96,185.81184266649944,116.96494141737608,-0.96,VISION,0.0,450.0,0,140.0,177.12,272.88,10.62,129.38,-20.0,0.0
1779200199.274782,177.12,129.38,-0.96,185.81184266649944,116.96494141737608,-0.96,VISION,0.0,450.0,0,140.0,177.12,272.88,10.62,129.38,-20.0,0.0
1779200199.3249497,177.12,129.38,-0.96,189.76060392810462,111.32469868949335,-0.96,VISION,0.0,450.0,0,140.0,177.12,272.88,10.62,129.38,-20.0,0.0
1779200199.375121,177.12,129.38,-0.96,189.76060392810462,111.32469868949335,-0.96,VISION,0.0,450.0,0,140.0,177.12,272.88,10.62,129.38,0.0,0.0
1779200199.4252799,177.12,129.38,-0.96,192.1732803851356,107.87853419891812,-0.7665845029107455,VISION,0.0,450.0,0,140.0,177.12,272.88,10.62,129.38,0.0,0.0
1779200199.475517,192.1732803851356,107.87853419891812,-0.7665845029107455,192.1732803851356,107.87853419891812,-0.7665845029107455,ESTIMA,0.0,450.0,0,140.0,192.173,257.827,32.121,107.879,0.0,0.0
1779200199.5257585,183.1,134.25,-0.917,183.1,134.25,-0.917,VISION,0.0,450.0,0,140.0,183.1,266.9,5.75,134.25,0.0,0.0
1779200199.5760078,183.1,134.25,-0.917,185.34170404039108,131.3243032599831,-1.2553091970844292,VISION,0.0,450.0,0,140.0,183.1,266.9,5.75,134.25,0.0,0.0
1779200199.62626,183.1,134.25,-0.917,185.34170404039108,131.3243032599831,-1.2553091970844292,VISION,0.0,450.0,0,140.0,183.1,266.9,5.75,134.25,0.0,0.0
1779200199.6764703,183.1,134.25,-0.917,185.34170404039108,131.3243032599831,-1.2553091970844292,VISION,0.0,450.0,0,140.0,183.1,266.9,5.75,134.25,0.0,0.0
1779200199.72668,183.1,134.25,-0.917,185.34170404039108,131.3243032599831,-1.2553091970844292,VISION,0.0,450.0,0,140.0,183.1,266.9,5.75,134.25,0.0,0.0
1779200199.7769485,183.1,134.25,-0.917,185.34170404039108,131.3243032599831,-1.255309197084429,VISION,0.0,450.0,0,140.0,183.1,266.9,5.75,134.25,0.0,0.0
1779200200.328452,181.7,132.82,-1.036,183.53849255652673,130.17549613739092,-0.5871152398997339,VISION,0.0,450.0,0,140.0,181.7,268.3,7.18,132.82,30.0,0.0
1779200200.3786304,181.7,132.82,-1.036,185.49464156470714,128.87390260597064,-0.2630311750214674,VISION,0.0,450.0,0,140.0,181.7,268.3,7.18,132.82,30.0,0.0
1779200200.42883,181.7,132.82,-1.036,186.00717208634222,128.73589358695347,-0.26310877876766436,VISION,0.0,450.0,0,140.0,181.7,268.3,7.18,132.82,30.0,0.0
1779200200.4790132,181.7,132.82,-1.036,186.00717208634222,128.73589358695347,-0.26310877876766436,VISION,0.0,450.0,0,140.0,181.7,268.3,7.18,132.82,30.0,0.0
1779200200.529242,181.7,132.82,-1.036,186.00717208634222,128.73589358695347,-0.26310877876766436,VISION,0.0,450.0,0,140.0,181.7,268.3,7.18,132.82,30.0,0.0
1779200200.579503,181.7,132.82,-1.036,188.40469769362346,128.09011266394901,-0.22657312578079636,VISION,0.0,450.0,0,140.0,181.7,268.3,7.18,132.82,30.0,0.0
1779200200.6297688,188.40469769362346,128.09011266394901,-0.22657312578079636,188.40469769362346,128.09011266394901,-0.22657312578079636,ESTIMA,0.0,450.0,0,140.0,188.405,261.595,11.91,128.09,30.0,0.0
1779200200.6800077,181.51,132.53,-1.069,181.51,132.53,-1.069,VISION,0.0,450.0,0,140.0,181.51,268.49,7.47,132.53,0.0,0.0
1779200200.7302463,181.51,132.53,-1.069,181.51,132.53,-1.069,VISION,0.0,450.0,0,140.0,181.51,268.49,7.47,132.53,0.0,0.0
1779200200.7804255,181.51,132.53,-1.069,182.8849424351236,130.02389507120495,-1.1074665744601562,VISION,0.0,450.0,0,140.0,181.51,268.49,7.47,132.53,0.0,0.0
1779200200.8305857,181.51,132.53,-1.069,182.8849424351236,130.02389507120495,-1.1074665744601562,VISION,0.0,450.0,0,140.0,181.51,268.49,7.47,132.53,0.0,0.0
1779200200.880741,181.51,132.53,-1.069,183.3503078148422,129.09242424383123,-1.1622869653979733,VISION,0.0,450.0,0,140.0,181.51,268.49,7.47,132.53,0.0,0.0
1779200200.930901,181.51,132.53,-1.069,183.3503078148422,129.09242424383123,-1.1622869653979733,VISION,0.0,450.0,0,140.0,181.51,268.49,7.47,132.53,0.0,0.0
1779200200.9810433,181.51,132.53,-1.069,183.3503078148422,129.09242424383123,-1.1622869653979733,VISION,0.0,450.0,0,140.0,181.51,268.49,7.47,132.53,0.0,0.0
1779200201.0311687,181.51,132.53,-1.069,183.79942600198555,128.05486462092634,-1.1810479460890788,VISION,0.0,450.0,0,140.0,181.51,268.49,7.47,132.53,0.0,0.0
1779200201.0813208,181.51,132.53,-1.069,184.15544099380205,127.18814369193147,-1.1555484821238216,VISION,0.0,450.0,0,140.0,181.51,268.49,7.47,132.53,0.0,0.0
1779200201.1314695,181.51,132.53,-1.069,184.15544099380205,127.18814369193147,-1.1555484821238216,VISION,0.0,450.0,0,140.0,181.51,268.49,7.47,132.53,0.0,0.0
1779200201.1816266,181.51,132.53,-1.069,185.19631958809734,124.82725757019766,-0.7996647210138446,VISION,0.0,450.0,0,140.0,181.51,268.49,7.47,132.53,-20.0,0.0
1779200201.2318456,185.19631958809734,124.82725757019766,-0.7996647210138446,185.19631958809734,124.82725757019766,-0.7996647210138446,ESTIMA,0.0,450.0,0,140.0,185.196,264.804,15.173,124.827,-20.0,0.0
1779200201.2820778,186.06,134.95,-1.019,186.06,134.95,-1.019,VISION,0.0,450.0,0,140.0,186.06,263.94,5.05,134.95,-20.0,0.0
1779200201.332271,186.06,134.95,-1.019,186.06,134.95,-1.019,VISION,0.0,450.0,0,140.0,186.06,263.94,5.05,134.95,-20.0,0.0
1779200201.3824458,186.06,134.95,-1.019,190.17722675146035,128.26162469097497,-1.019,VISION,0.0,450.0,0,140.0,186.06,263.94,5.05,134.95,-20.0,0.0
1779200201.4326034,186.06,134.95,-1.019,190.17722675146035,128.26162469097497,-1.019,VISION,0.0,450.0,0,140.0,186.06,263.94,5.05,134.95,-20.0,0.0
1779200201.4828932,186.06,134.95,-1.019,190.17722675146035,128.26162469097497,-1.019,VISION,0.0,450.0,0,140.0,186.06,263.94,5.05,134.95,-20.0,0.0
1779200201.533167,186.06,134.95,-1.019,193.4841182969355,122.88962720394449,-1.2365255084859912,VISION,0.0,450.0,0,140.0,186.06,263.94,5.05,134.95,-20.0,0.0
1779200201.5834458,186.06,134.95,-1.019,194.17287111118236,120.90648486754652,-1.333286852985965,VISION,0.0,450.0,0,140.0,186.06,263.94,5.05,134.95,-20.0,0.0
1779200201.6337345,186.06,134.95,-1.019,194.17287111118236,120.90648486754652,-1.333286852985965,VISION,0.0,450.0,0,140.0,186.06,263.94,5.05,134.95,-20.0,0.0
1779200201.6840148,186.06,134.95,-1.019,194.41085728130147,119.92339036830914,-1.4728027281117182,VISION,0.0,450.0,0,140.0,186.06,263.94,5.05,134.95,0.0,0.0
1779200201.734177,186.06,134.95,-1.019,194.41085728130147,119.92339036830914,-1.4728027281117182,VISION,0.0,450.0,0,140.0,186.06,263.94,5.05,134.95,0.0,0.0
1779200201.7843468,186.06,134.95,-1.019,194.62669953073325,117.72782946536368,-1.7770985837459128,VISION,0.0,450.0,0,140.0,186.06,263.94,5.05,134.95,0.0,0.0
1779200201.8345797,194.62669953073325,117.72782946536368,-1.7770985837459128,194.62669953073325,117.72782946536368,-1.7770985837459128,ESTIMA,0.0,450.0,0,140.0,194.627,255.373,22.272,117.728,0.0,0.0
1779200201.8848042,188.24,135.46,-1.161,188.24,135.46,-1.161,VISION,0.0,450.0,0,140.0,188.24,261.76,4.54,135.46,0.0,0.0
1779200201.93499,188.24,135.46,-1.161,188.24,135.46,-1.1609999999999996,VISION,0.0,450.0,0,140.0,188.24,261.76,4.54,135.46,0.0,0.0
1779200201.9851823,188.24,135.46,-1.161,188.24,135.46,-1.1609999999999996,VISION,0.0,450.0,0,140.0,188.24,261.76,4.54,135.46,0.0,0.0
1779200202.0354075,188.24,135.46,-1.161,188.24,135.46,-1.1609999999999991,VISION,0.0,450.0,0,140.0,188.24,261.76,4.54,135.46,0.0,0.0
1779200202.0856378,188.24,135.46,-1.161,188.24,135.46,-1.1609999999999987,VISION,0.0,450.0,0,140.0,188.24,261.76,4.54,135.46,0.0,0.0
1779200207.7561944,187.33,135.0,-1.189,188.96784725312438,130.9206500067736,-1.1216304024663466,VISION,0.0,450.0,0,140.0,187.33,262.67,5.0,135.0,30.0,0.0
1779200207.8064952,187.33,135.0,-1.189,188.96784725312438,130.9206500067736,-1.1216304024663466,VISION,0.0,450.0,0,140.0,187.33,262.67,5.0,135.0,30.0,0.0
1779200207.8566625,187.33,135.0,-1.189,190.28541080201433,128.18726753425642,-0.9432207654563676,VISION,0.0,450.0,0,140.0,187.33,262.67,5.0,135.0,30.0,0.0
1779200207.9069068,187.33,135.0,-1.189,190.28541080201433,128.18726753425642,-0.9432207654563676,VISION,0.0,450.0,0,140.0,187.33,262.67,5.0,135.0,30.0,0.0
1779200207.9572163,187.33,135.0,-1.189,190.8926597479272,127.35015385576197,-0.9312833864856097,VISION,0.0,450.0,0,140.0,187.33,262.67,5.0,135.0,30.0,0.0
1779200208.0074408,187.33,135.0,-1.189,190.8926597479272,127.35015385576197,-0.9312833864856097,VISION,0.0,450.0,0,140.0,187.33,262.67,5.0,135.0,30.0,0.0
1779200208.0577433,187.33,135.0,-1.189,192.08796336243086,125.74310297406632,-0.9425336851416654,VISION,0.0,450.0,0,140.0,187.33,262.67,5.0,135.0,30.0,0.0
1779200208.1079934,187.33,135.0,-1.189,192.08796336243086,125.74310297406632,-0.9425336851416654,VISION,0.0,450.0,0,140.0,187.33,262.67,5.0,135.0,30.0,0.0
1779200208.1583037,187.33,135.0,-1.189,193.6231333395127,123.62987441407694,-0.9364920888020964,VISION,0.0,450.0,0,140.0,187.33,262.67,5.0,135.0,30.0,0.0
1779200208.2086515,187.33,135.0,-1.189,193.6231333395127,123.62987441407694,-0.9364920888020964,VISION,0.0,450.0,0,140.0,187.33,262.67,5.0,135.0,30.0,0.0
1779200208.2589624,195.41425214961396,121.19538914417977,-0.9438407036936248,195.41425214961396,121.19538914417977,-0.9438407036936248,ESTIMA,0.0,450.0,0,140.0,195.414,254.586,18.805,121.195,30.0,0.0
1779200208.309241,186.94,134.91,-1.196,186.94,134.91,-1.196,VISION,0.0,450.0,0,140.0,186.94,263.06,5.09,134.91,30.0,0.0
1779200208.3594606,186.94,134.91,-1.196,188.23332578127858,131.62236865010303,-1.279187150311535,VISION,0.0,450.0,0,140.0,186.94,263.06,5.09,134.91,30.0,0.0
1779200208.409663,186.94,134.91,-1.196,188.23332578127858,131.62236865010303,-1.279187150311535,VISION,0.0,450.0,0,140.0,186.94,263.06,5.09,134.91,30.0,0.0
1779200208.4598403,186.94,134.91,-1.196,188.83746761788578,129.60967691510902,-1.3106122460394813,VISION,0.0,450.0,0,140.0,186.94,263.06,5.09,134.91,30.0,0.0
1779200208.510009,186.94,134.91,-1.196,188.83746761788578,129.60967691510902,-1.3106122460394813,VISION,0.0,450.0,0,140.0,186.94,263.06,5.09,134.91,30.0,0.0
1779200208.5602484,186.94,134.91,-1.196,189.71268765042552,126.32207853407853,-1.3346325817958775,VISION,0.0,450.0,0,140.0,186.94,263.06,5.09,134.91,30.0,0.0
1779200208.61053,186.94,134.91,-1.196,189.71268765042552,126.32207853407853,-1.3346325817958775,VISION,0.0,450.0,0,140.0,186.94,263.06,5.09,134.91,30.0,0.0
1779200208.6608174,186.94,134.91,-1.196,190.3572367231837,123.6437614181139,-1.3642264032687461,VISION,0.0,450.0,0,140.0,186.94,263.06,5.09,134.91,30.0,0.0
1779200208.7111225,186.94,134.91,-1.196,190.3572367231837,123.6437614181139,-1.3642264032687461,VISION,0.0,450.0,0,140.0,186.94,263.06,5.09,134.91,30.0,0.0
1779200208.7613604,186.94,134.91,-1.196,191.01800912835398,120.49060672628308,-1.364140669935117,VISION,0.0,450.0,0,140.0,186.94,263.06,5.09,134.91,30.0,0.0
1779200208.8115745,191.01800912835398,120.49060672628308,-1.364140669935117,191.01800912835398,120.49060672628308,-1.364140669935117,ESTIMA,0.0,450.0,0,140.0,191.018,258.982,19.509,120.491,30.0,0.0
1779200208.861855,191.70617963290132,117.20811233792824,-1.365503466912899,191.70617963290132,117.20811233792824,-1.365503466912899,ESTIMA,0.0,450.0,0,140.0,191.706,258.294,22.792,117.208,30.0,0.0
1779200208.9121614,192.97,136.05,-1.282,192.97,136.05,-1.282,VISION,0.0,450.0,0,140.0,192.97,257.03,3.95,136.05,30.0,0.0
1779200208.9625368,192.97,136.05,-1.282,192.97,136.05,-1.282,VISION,0.0,450.0,0,140.0,192.97,257.03,3.95,136.05,30.0,0.0
1779200209.0129051,192.97,136.05,-1.282,194.06417724289085,132.36717126043231,-1.288485789799403,VISION,0.0,450.0,0,140.0,192.97,257.03,3.95,136.05,30.0,0.0
1779200209.0631943,192.97,136.05,-1.282,194.06417724289085,132.36717126043231,-1.288485789799403,VISION,0.0,450.0,0,140.0,192.97,257.03,3.95,136.05,30.0,0.0
1779200209.11341,192.97,136.05,-1.282,194.99610494459455,129.15426542128557,-1.2895055532360795,VISION,0.0,450.0,0,140.0,192.97,257.03,3.95,136.05,30.0,0.0
1779200209.1636636,192.97,136.05,-1.282,194.99610494459455,129.15426542128557,-1.2895055532360795,VISION,0.0,450.0,0,140.0,192.97,257.03,3.95,136.05,30.0,0.0
1779200209.2138402,192.97,136.05,-1.282,195.8797574341172,126.0961401278909,-1.2817380208510731,VISION,0.0,450.0,0,140.0,192.97,257.03,3.95,136.05,30.0,0.0
1779200209.2640843,192.97,136.05,-1.282,195.8797574341172,126.0961401278909,-1.2817380208510731,VISION,0.0,450.0,0,140.0,192.97,257.03,3.95,136.05,30.0,0.0
1779200209.3143625,192.97,136.05,-1.282,196.8269812779622,122.91099020445552,-1.3056030509734449,VISION,0.0,450.0,0,140.0,192.97,257.03,3.95,136.05,30.0,0.0
1779200209.3645859,192.97,136.05,-1.282,196.8269812779622,122.91099020445552,-1.3056030509734449,VISION,0.0,450.0,0,140.0,192.97,257.03,3.95,136.05,30.0,0.0
1779200209.414767,197.64518983492326,119.89833020529406,-1.313896774822239,197.64518983492326,119.89833020529406,-1.313896774822239,ESTIMA,0.0,450.0,0,140.0,197.645,252.355,20.102,119.898,30.0,0.0
1779200209.4648328,208.34,137.07,-1.444,208.34,137.07,-1.444,VISION,0.0,450.0,0,140.0,208.34,241.66,2.93,137.07,30.0,0.0
1779200209.4650528,208.34,137.07,-1.444,208.34,137.07,-1.444,VISION,0.0,450.0,0,140.0,208.34,241.66,2.93,137.07,30.0,0.0
1779200209.515242,208.34,137.07,-1.444,208.34,137.07,-1.444,VISION,0.0,450.0,0,140.0,208.34,241.66,2.93,137.07,30.0,0.0
1779200209.5654287,208.34,137.07,-1.444,208.88666120108084,132.781796576449,-1.4666503059221456,VISION,0.0,450.0,0,140.0,208.34,241.66,2.93,137.07,30.0,0.0
1779200209.6157765,208.34,137.07,-1.444,209.2022478982658,129.76252732222756,-1.4722276604061955,VISION,0.0,450.0,0,140.0,208.34,241.66,2.93,137.07,30.0,0.0
1779200209.6661482,208.34,137.07,-1.444,209.2022478982658,129.76252732222756,-1.4722276604061955,VISION,0.0,450.0,0,140.0,208.34,241.66,2.93,137.07,30.0,0.0
1779200209.7164118,208.34,137.07,-1.444,209.2022478982658,129.76252732222756,-1.4722276604061955,VISION,0.0,450.0,0,140.0,208.34,241.66,2.93,137.07,30.0,0.0
1779200209.7666256,208.34,137.07,-1.444,209.6043125356283,125.69671529765017,-1.4707643201934397,VISION,0.0,450.0,0,140.0,208.34,241.66,2.93,137.07,30.0,0.0
1779200209.816885,208.34,137.07,-1.444,209.84614586091058,123.28722489875088,-1.46647096167792,VISION,0.0,450.0,0,140.0,208.34,241.66,2.93,137.07,30.0,0.0
1779200209.8670795,208.34,137.07,-1.444,209.84614586091058,123.28722489875088,-1.46647096167792,VISION,0.0,450.0,0,140.0,208.34,241.66,2.93,137.07,30.0,0.0
1779200209.9172506,208.34,137.07,-1.444,210.1524538690121,120.36180079473799,-1.4714055929512495,VISION,0.0,450.0,0,140.0,208.34,241.66,2.93,137.07,30.0,0.0
1779200209.9674444,210.1524538690121,120.36180079473799,-1.4714055929512495,210.1524538690121,120.36180079473799,-1.4714055929512495,ESTIMA,0.0,450.0,0,140.0,210.152,239.848,19.638,120.362,30.0,0.0
1779200210.0178018,210.48343828290155,117.04264010235795,-1.4754692611947164,210.48343828290155,117.04264010235795,-1.4754692611947164,ESTIMA,0.0,450.0,0,140.0,210.483,239.517,22.957,117.043,30.0,0.0
1779200210.0680668,224.51,137.38,-1.498,224.51,137.38,-1.498,VISION,0.0,450.0,0,140.0,224.51,225.49,2.62,137.38,30.0,0.0
1779200210.1184227,224.51,137.38,-1.498,224.76550795825744,133.87630040775562,-1.500585491857149,VISION,0.0,450.0,0,140.0,224.51,225.49,2.62,137.38,30.0,0.0
1779200210.1688015,224.51,137.38,-1.498,224.76550795825744,133.87630040775562,-1.500585491857149,VISION,0.0,450.0,0,140.0,224.51,225.49,2.62,137.38,30.0,0.0
1779200210.2191403,224.51,137.38,-1.498,224.76550795825744,133.87630040775562,-1.500585491857149,VISION,0.0,450.0,0,140.0,224.51,225.49,2.62,137.38,30.0,0.0
1779200210.2694626,224.51,137.38,-1.498,225.03297819091634,130.0730329384153,-1.5055714541321803,VISION,0.0,450.0,0,140.0,224.51,225.49,2.62,137.38,30.0,0.0
1779200210.3197227,224.51,137.38,-1.498,225.03297819091634,130.0730329384153,-1.5055714541321803,VISION,0.0,450.0,0,140.0,224.51,225.49,2.62,137.38,30.0,0.0
1779200210.369985,224.51,137.38,-1.498,225.24306550764263,126.85663250823411,-1.5110644744292807,VISION,0.0,450.0,0,140.0,224.51,225.49,2.62,137.38,30.0,0.0
1779200210.4202766,224.51,137.38,-1.498,225.24306550764263,126.85663250823411,-1.5110644744292807,VISION,0.0,450.0,0,140.0,224.51,225.49,2.62,137.38,30.0,0.0
1779200210.4705875,224.51,137.38,-1.498,225.44243921936874,123.52279080315913,-1.5109018055907528,VISION,0.0,450.0,0,140.0,224.51,225.49,2.62,137.38,30.0,0.0
1779200210.5208719,224.51,137.38,-1.498,225.44243921936874,123.52279080315913,-1.5109018055907528,VISION,0.0,450.0,0,140.0,224.51,225.49,2.62,137.38,30.0,0.0
1779200210.5712156,225.64104951838127,120.21075586109791,-1.5210158756020635,225.64104951838127,120.21075586109791,-1.5210158756020635,ESTIMA,0.0,450.0,0,140.0,225.641,224.359,19.789,120.211,30.0,0.0
1779200210.6214643,225.64104951838127,120.21075586109791,-1.5210158756020635,225.64104951838127,120.21075586109791,-1.5210158756020635,ESTIMA,0.0,450.0,0,140.0,225.641,224.359,19.789,120.211,30.0,0.0
1779200210.6717906,240.83,136.97,-1.523,240.83,136.97,-1.523,VISION,0.0,450.0,0,140.0,240.83,209.17,3.03,136.97,30.0,0.0
1779200210.722035,240.83,136.97,-1.523,241.04792533062164,132.4140148309527,-1.534100172144908,VISION,0.0,450.0,0,140.0,240.83,209.17,3.03,136.97,30.0,0.0
1779200210.7722585,240.83,136.97,-1.523,241.15785226000733,129.41976153154002,-1.5409276882607759,VISION,0.0,450.0,0,140.0,240.83,209.17,3.03,136.97,30.0,0.0
1779200210.822436,240.83,136.97,-1.523,241.15785226000733,129.41976153154002,-1.5409276882607759,VISION,0.0,450.0,0,140.0,240.83,209.17,3.03,136.97,30.0,0.0
1779200210.8727303,240.83,136.97,-1.523,241.22558653870666,127.15269687426888,-1.5457963058978028,VISION,0.0,450.0,0,140.0,240.83,209.17,3.03,136.97,30.0,0.0
1779200210.9229994,240.83,136.97,-1.523,241.22558653870666,127.15269687426888,-1.5457963058978028,VISION,0.0,450.0,0,140.0,240.83,209.17,3.03,136.97,30.0,0.0
1779200210.9732862,240.83,136.97,-1.523,241.3140811329049,123.61365355148212,-1.5536464010419422,VISION,0.0,450.0,0,140.0,240.83,209.17,3.03,136.97,30.0,0.0
1779200211.023521,240.83,136.97,-1.523,241.3140811329049,123.61365355148212,-1.5536464010419422,VISION,0.0,450.0,0,140.0,240.83,209.17,3.03,136.97,30.0,0.0
1779200211.0736833,240.83,136.97,-1.523,241.3724678224731,120.20950089993161,-1.5559128290325996,VISION,0.0,450.0,0,140.0,240.83,209.17,3.03,136.97,30.0,0.0
1779200211.1238565,240.83,136.97,-1.523,241.3724678224731,120.20950089993161,-1.5559128290325996,VISION,0.0,450.0,0,140.0,240.83,209.17,3.03,136.97,30.0,0.0
1779200211.1740568,241.4220451777898,116.87871835894886,-1.565507261554932,241.4220451777898,116.87871835894886,-1.565507261554932,ESTIMA,0.0,450.0,0,140.0,241.422,208.578,23.121,116.879,30.0,0.0
1779200211.2242517,257.27,136.14,-1.554,257.27,136.14,-1.554,VISION,0.0,450.0,0,140.0,257.27,192.73,3.86,136.14,30.0,0.0
1779200211.2744317,257.27,136.14,-1.554,257.33902603989304,132.03079508374773,-1.5649111689892397,VISION,0.0,450.0,0,140.0,257.27,192.73,3.86,136.14,30.0,0.0
1779200211.324645,257.27,136.14,-1.554,257.33902603989304,132.03079508374773,-1.5649111689892397,VISION,0.0,450.0,0,140.0,257.27,192.73,3.86,136.14,30.0,0.0
1779200211.374866,257.27,136.14,-1.554,257.35477100340034,129.35545786241946,-1.5730927740620235,VISION,0.0,450.0,0,140.0,257.27,192.73,3.86,136.14,30.0,0.0
1779200211.4250183,257.27,136.14,-1.554,257.35477100340034,129.35545786241946,-1.5730927740620235,VISION,0.0,450.0,0,140.0,257.27,192.73,3.86,136.14,30.0,0.0
1779200211.4751537,257.27,136.14,-1.554,257.35477100340034,129.35545786241946,-1.5730927740620235,VISION,0.0,450.0,0,140.0,257.27,192.73,3.86,136.14,30.0,0.0
1779200211.5253,257.27,136.14,-1.554,257.34443235828815,124.8534485691969,-1.5833900792233269,VISION,0.0,450.0,0,140.0,257.27,192.73,3.86,136.14,30.0,0.0
1779200211.5754635,257.27,136.14,-1.554,257.3065056080753,121.84205499818756,-1.5907039947687656,VISION,0.0,450.0,0,140.0,257.27,192.73,3.86,136.14,30.0,0.0
1779200211.6257315,257.27,136.14,-1.554,257.3065056080753,121.84205499818756,-1.5907039947687656,VISION,0.0,450.0,0,140.0,257.27,192.73,3.86,136.14,30.0,0.0
1779200211.6760116,257.27,136.14,-1.554,257.2384678145118,118.42483881409784,-1.593620914507306,VISION,0.0,450.0,0,140.0,257.27,192.73,3.86,136.14,30.0,0.0
1779200211.7263165,257.2384678145118,118.42483881409784,-1.593620914507306,257.2384678145118,118.42483881409784,-1.593620914507306,ESTIMA,0.0,450.0,0,140.0,257.238,192.762,21.575,118.425,30.0,0.0
1779200211.776628,257.2384678145118,118.42483881409784,-1.593620914507306,257.2384678145118,118.42483881409784,-1.593620914507306,ESTIMA,0.0,450.0,0,140.0,257.238,192.762,21.575,118.425,30.0,0.0
1779200211.8269463,273.89,134.38,-1.609,273.89,134.38,-1.609,VISION,0.0,450.0,0,140.0,273.89,176.11,5.62,134.38,30.0,0.0
1779200211.8771245,273.89,134.38,-1.609,273.89,134.38,-1.609,VISION,0.0,450.0,0,140.0,273.89,176.11,5.62,134.38,30.0,0.0
1779200211.9273536,273.89,134.38,-1.609,273.7600354310569,130.97976847159708,-1.6238636593095612,VISION,0.0,450.0,0,140.0,273.89,176.11,5.62,134.38,30.0,0.0
1779200211.9775279,273.89,134.38,-1.609,273.7600354310569,130.97976847159708,-1.6238636593095612,VISION,0.0,450.0,0,140.0,273.89,176.11,5.62,134.38,30.0,0.0
1779200212.0278423,273.89,134.38,-1.609,273.7600354310569,130.97976847159708,-1.6238636593095612,VISION,0.0,450.0,0,140.0,273.89,176.11,5.62,134.38,30.0,0.0
1779200212.0780313,273.89,134.38,-1.609,273.5010062510192,126.10320943210182,-1.6442133535033976,VISION,0.0,450.0,0,140.0,273.89,176.11,5.62,134.38,30.0,0.0
1779200212.1282132,273.89,134.38,-1.609,273.36149526042607,124.20637093030128,-1.6523263599516775,VISION,0.0,450.0,0,140.0,273.89,176.11,5.62,134.38,30.0,0.0
1779200212.1784596,273.89,134.38,-1.609,273.36149526042607,124.20637093030128,-1.6523263599516775,VISION,0.0,450.0,0,140.0,273.89,176.11,5.62,134.38,30.0,0.0
1779200212.2286685,273.89,134.38,-1.609,273.0729302474643,120.67484591620854,-1.6615373683804773,VISION,0.0,450.0,0,140.0,273.89,176.11,5.62,134.38,30.0,0.0
1779200212.278905,273.89,134.38,-1.609,273.0729302474643,120.67484591620854,-1.6615373683804773,VISION,0.0,450.0,0,140.0,273.89,176.11,5.62,134.38,30.0,0.0
1779200212.3290923,272.7490787096748,117.11568254135967,-1.6660983154062348,272.7490787096748,117.11568254135967,-1.6660983154062348,ESTIMA,0.0,450.0,0,140.0,272.749,177.251,22.884,117.116,30.0,0.0
1779200212.379329,272.7490787096748,117.11568254135967,-1.6660983154062348,272.7490787096748,117.11568254135967,-1.6660983154062348,ESTIMA,0.0,450.0,0,140.0,272.749,177.251,22.884,117.116,30.0,0.0
1779200212.4295907,290.8,131.53,-1.674,290.33323904770725,127.02335209416239,-1.6959063433611363,VISION,0.0,450.0,0,140.0,290.8,159.2,8.47,131.53,30.0,0.0
1779200212.479735,290.8,131.53,-1.674,290.33323904770725,127.02335209416239,-1.6959063433611363,VISION,0.0,450.0,0,140.0,290.8,159.2,8.47,131.53,30.0,0.0
1779200212.529922,290.8,131.53,-1.674,290.00115653108196,124.3828915407261,-1.7078306172097457,VISION,0.0,450.0,0,140.0,290.8,159.2,8.47,131.53,30.0,0.0
1779200212.5802047,290.8,131.53,-1.674,290.00115653108196,124.3828915407261,-1.7078306172097457,VISION,0.0,450.0,0,140.0,290.8,159.2,8.47,131.53,30.0,0.0
1779200212.6305494,290.8,131.53,-1.674,289.56157697172523,121.19518885613464,-1.7241322440383418,VISION,0.0,450.0,0,140.0,290.8,159.2,8.47,131.53,30.0,0.0
1779200212.680885,290.8,131.53,-1.674,289.56157697172523,121.19518885613464,-1.7241322440383418,VISION,0.0,450.0,0,140.0,290.8,159.2,8.47,131.53,30.0,0.0
1779200212.7312567,290.8,131.53,-1.674,289.56157697172523,121.19518885613464,-1.7241322440383418,VISION,0.0,450.0,0,140.0,290.8,159.2,8.47,131.53,30.0,0.0
1779200212.7815776,290.8,131.53,-1.674,288.84081669050994,116.53155489152321,-1.7484150236416125,VISION,0.0,450.0,0,140.0,290.8,159.2,8.47,131.53,30.0,0.0
1779200212.8318834,290.8,131.53,-1.674,288.3643868169932,113.87750375710137,-1.7557067539426263,VISION,0.0,450.0,0,140.0,290.8,159.2,8.47,131.53,30.0,0.0
1779200212.8821878,290.8,131.53,-1.674,288.3643868169932,113.87750375710137,-1.7557067539426263,VISION,0.0,450.0,0,140.0,290.8,159.2,8.47,131.53,30.0,0.0
1779200212.932413,288.3643868169932,113.87750375710137,-1.7557067539426263,288.3643868169932,113.87750375710137,-1.7557067539426263,ESTIMA,0.0,450.0,0,140.0,288.364,161.636,26.122,113.878,30.0,0.0
1779200212.9826417,307.85,127.33,-1.758,307.85,127.33,-1.758,VISION,0.0,450.0,0,140.0,307.85,142.15,12.67,127.33,30.0,0.0
1779200213.0328798,307.85,127.33,-1.758,307.85,127.33,-1.758,VISION,0.0,450.0,0,140.0,307.85,142.15,12.67,127.33,30.0,0.0
1779200213.0830815,307.85,127.33,-1.758,307.2287530726821,124.05029581219729,-1.7790291866030226,VISION,0.0,450.0,0,140.0,307.85,142.15,12.67,127.33,30.0,0.0
1779200213.133269,307.85,127.33,-1.758,307.2287530726821,124.05029581219729,-1.7790291866030226,VISION,0.0,450.0,0,140.0,307.85,142.15,12.67,127.33,30.0,0.0
1779200213.183456,307.85,127.33,-1.758,306.5307279137161,120.74674963414748,-1.7997693741345804,VISION,0.0,450.0,0,140.0,307.85,142.15,12.67,127.33,30.0,0.0
1779200213.2336717,307.85,127.33,-1.758,306.5307279137161,120.74674963414748,-1.7997693741345804,VISION,0.0,450.0,0,140.0,307.85,142.15,12.67,127.33,30.0,0.0
1779200213.2841723,307.85,127.33,-1.758,305.70508712644795,117.20414481081575,-1.8254907944659082,VISION,0.0,450.0,0,140.0,307.85,142.15,12.67,127.33,30.0,0.0
1779200213.3344035,307.85,127.33,-1.758,305.70508712644795,117.20414481081575,-1.8254907944659082,VISION,0.0,450.0,0,140.0,307.85,142.15,12.67,127.33,30.0,0.0
1779200213.384622,307.85,127.33,-1.758,304.79503744409806,113.70863910020825,-1.8488943201392338,VISION,0.0,450.0,0,140.0,307.85,142.15,12.67,127.33,30.0,0.0
1779200213.4348385,307.85,127.33,-1.758,304.79503744409806,113.70863910020825,-1.8488943201392338,VISION,0.0,450.0,0,140.0,307.85,142.15,12.67,127.33,30.0,0.0
1779200213.4850495,304.79503744409806,113.70863910020825,-1.8488943201392338,304.79503744409806,113.70863910020825,-1.8488943201392338,ESTIMA,0.0,450.0,0,140.0,304.795,145.205,26.291,113.709,30.0,0.0
1779200213.5354247,303.4548451963252,109.01438261602439,-1.8687182212786917,303.4548451963252,109.01438261602439,-1.8687182212786917,ESTIMA,0.0,450.0,0,140.0,303.455,146.545,30.986,109.014,30.0,0.0
1779200213.585702,324.87,121.55,-1.851,324.2017359535482,119.22782334254796,-1.8638679946626164,VISION,0.0,450.0,0,140.0,324.87,125.13,18.45,121.55,30.0,0.0
1779200213.6359804,324.87,121.55,-1.851,324.87,121.55,-1.851,VISION,0.0,450.0,0,140.0,324.87,125.13,18.45,121.55,30.0,0.0
1779200213.686282,324.87,121.55,-1.851,323.742748251638,117.63286917272139,-1.8756481873717754,VISION,0.0,450.0,0,140.0,324.87,125.13,18.45,121.55,30.0,0.0
1779200213.7366009,324.87,121.55,-1.851,323.742748251638,117.63286917272139,-1.8756481873717754,VISION,0.0,450.0,0,140.0,324.87,125.13,18.45,121.55,30.0,0.0
1779200213.7868228,324.87,121.55,-1.851,322.9398884328781,115.08135716793453,-1.8974069238410771,VISION,0.0,450.0,0,140.0,324.87,125.13,18.45,121.55,30.0,0.0
1779200213.8370135,324.87,121.55,-1.851,322.9398884328781,115.08135716793453,-1.8974069238410771,VISION,0.0,450.0,0,140.0,324.87,125.13,18.45,121.55,30.0,0.0
1779200213.8871815,324.87,121.55,-1.851,321.8000409905654,111.71641624723921,-1.9284150006162333,VISION,0.0,450.0,0,140.0,324.87,125.13,18.45,121.55,30.0,0.0
1779200213.9373515,324.87,121.55,-1.851,321.8000409905654,111.71641624723921,-1.9284150006162333,VISION,0.0,450.0,0,140.0,324.87,125.13,18.45,121.55,30.0,0.0
1779200213.9875271,324.87,121.55,-1.851,320.54365678591694,108.35428257000343,-1.9507072866490986,VISION,0.0,450.0,0,140.0,324.87,125.13,18.45,121.55,30.0,0.0
1779200214.037701,324.87,121.55,-1.851,320.54365678591694,108.35428257000343,-1.9507072866490986,VISION,0.0,450.0,0,140.0,324.87,125.13,18.45,121.55,30.0,0.0
1779200214.0879583,324.87,121.55,-1.851,319.17446830697935,104.9253920820777,-1.9647292482246177,VISION,0.0,450.0,0,140.0,324.87,125.13,18.45,121.55,30.0,0.0
1779200214.1382518,319.17446830697935,104.9253920820777,-1.9647292482246177,319.17446830697935,104.9253920820777,-1.9647292482246177,ESTIMA,0.0,450.0,0,140.0,319.174,130.826,35.075,104.925,30.0,0.0
1779200214.188503,341.63,113.84,-1.977,340.12785386064917,110.3476533105152,-1.9984156343976367,VISION,0.0,450.0,0,140.0,341.63,108.37,26.16,113.84,30.0,0.0
1779200214.2386918,341.63,113.84,-1.977,340.12785386064917,110.3476533105152,-1.9984156343976367,VISION,0.0,450.0,0,140.0,341.63,108.37,26.16,113.84,30.0,0.0
1779200214.2888699,341.63,113.84,-1.977,338.728690696213,107.27758093458141,-2.021057807888302,VISION,0.0,450.0,0,140.0,341.63,108.37,26.16,113.84,30.0,0.0
1779200214.3390315,341.63,113.84,-1.977,338.728690696213,107.27758093458141,-2.021057807888302,VISION,0.0,450.0,0,140.0,341.63,108.37,26.16,113.84,30.0,0.0
1779200214.3892946,341.63,113.84,-1.977,338.728690696213,107.27758093458141,-2.021057807888302,VISION,0.0,450.0,0,140.0,341.63,108.37,26.16,113.84,30.0,0.0
1779200214.4395382,341.63,113.84,-1.977,337.17437349917213,104.06204676312832,-2.053145244102677,VISION,0.0,450.0,0,140.0,341.63,108.37,26.16,113.84,30.0,0.0
1779200214.4897761,341.63,113.84,-1.977,337.17437349917213,104.06204676312832,-2.053145244102677,VISION,0.0,450.0,0,140.0,341.63,108.37,26.16,113.84,30.0,0.0
1779200214.539957,341.63,113.84,-1.977,335.4967426679012,100.85801576582675,-2.085037497053803,VISION,0.0,450.0,0,140.0,341.63,108.37,26.16,113.84,30.0,0.0
1779200214.5901923,341.63,113.84,-1.977,335.4967426679012,100.85801576582675,-2.085037497053803,VISION,0.0,450.0,0,140.0,341.63,108.37,26.16,113.84,30.0,0.0
1779200214.6405416,341.63,113.84,-1.977,333.68830324295726,97.65689891359725,-2.103157208534049,VISION,0.0,450.0,0,140.0,341.63,108.37,26.16,113.84,30.0,0.0
1779200214.6908648,333.68830324295726,97.65689891359725,-2.103157208534049,333.68830324295726,97.65689891359725,-2.103157208534049,ESTIMA,0.0,450.0,0,140.0,333.688,116.312,42.343,97.657,30.0,0.0
1779200214.7411153,357.78,103.68,-2.136,357.78,103.68,-2.136,VISION,0.0,450.0,0,140.0,357.78,92.22,36.32,103.68,30.0,0.0
1779200214.7914891,357.78,103.68,-2.136,357.78,103.68,-2.136,VISION,0.0,450.0,0,140.0,357.78,92.22,36.32,103.68,30.0,0.0
1779200214.8418188,357.78,103.68,-2.136,355.67535489671104,100.36153450994482,-2.1577557439108417,VISION,0.0,450.0,0,140.0,357.78,92.22,36.32,103.68,30.0,0.0
1779200214.8920217,357.78,103.68,-2.136,355.67535489671104,100.36153450994482,-2.1577557439108417,VISION,0.0,450.0,0,140.0,357.78,92.22,36.32,103.68,30.0,0.0
1779200214.9422195,357.78,103.68,-2.136,354.2340021427503,98.19461101981726,-2.1770274119870523,VISION,0.0,450.0,0,140.0,357.78,92.22,36.32,103.68,30.0,0.0
1779200214.992379,357.78,103.68,-2.136,354.2340021427503,98.19461101981726,-2.1770274119870523,VISION,0.0,450.0,0,140.0,357.78,92.22,36.32,103.68,30.0,0.0
1779200215.0425317,357.78,103.68,-2.136,351.97060063344065,94.93004374398579,-2.213476994278354,VISION,0.0,450.0,0,140.0,357.78,92.22,36.32,103.68,30.0,0.0
1779200215.092749,357.78,103.68,-2.136,351.97060063344065,94.93004374398579,-2.213476994278354,VISION,0.0,450.0,0,140.0,357.78,92.22,36.32,103.68,30.0,0.0
1779200215.1429405,357.78,103.68,-2.136,349.96267834312107,92.24823294898945,-2.2386834354353926,VISION,0.0,450.0,0,140.0,357.78,92.22,36.32,103.68,30.0,0.0
1779200215.1930838,357.78,103.68,-2.136,349.96267834312107,92.24823294898945,-2.2386834354353926,VISION,0.0,450.0,0,140.0,357.78,92.22,36.32,103.68,30.0,0.0
1779200215.2432592,357.78,103.68,-2.136,348.0215871495354,89.78748253527954,-2.252238666563367,VISION,0.0,450.0,0,140.0,357.78,92.22,36.32,103.68,30.0,0.0
1779200215.2935698,348.0215871495354,89.78748253527954,-2.252238666563367,348.0215871495354,89.78748253527954,-2.252238666563367,ESTIMA,0.0,450.0,0,140.0,348.022,101.978,50.213,89.787,30.0,0.0
1779200215.3438,372.87,91.33,-2.289,372.87,91.33,-2.289,VISION,0.0,450.0,0,140.0,372.87,77.13,48.67,91.33,30.0,0.0
1779200215.3940372,372.87,91.33,-2.289,370.0409982468994,88.09276604294136,-2.3127800444858226,VISION,0.0,450.0,0,140.0,372.87,77.13,48.67,91.33,30.0,0.0
1779200215.4442122,372.87,91.33,-2.289,367.91954734296166,85.77862530999104,-2.327088180311393,VISION,0.0,450.0,0,140.0,372.87,77.13,48.67,91.33,30.0,0.0
1779200215.4945188,372.87,91.33,-2.289,367.91954734296166,85.77862530999104,-2.327088180311393,VISION,0.0,450.0,0,140.0,372.87,77.13,48.67,91.33,30.0,0.0
1779200215.5448914,372.87,91.33,-2.289,365.86474717158603,83.60058805770278,-2.3477666706462608,VISION,0.0,450.0,0,140.0,372.87,77.13,48.67,91.33,30.0,0.0
1779200215.595069,372.87,91.33,-2.289,365.86474717158603,83.60058805770278,-2.3477666706462608,VISION,0.0,450.0,0,140.0,372.87,77.13,48.67,91.33,30.0,0.0
1779200215.6453478,372.87,91.33,-2.289,363.34782648747597,81.04088146196942,-2.378761591173406,VISION,0.0,450.0,0,140.0,372.87,77.13,48.67,91.33,30.0,0.0
1779200215.6956086,372.87,91.33,-2.289,363.34782648747597,81.04088146196942,-2.378761591173406,VISION,0.0,450.0,0,140.0,372.87,77.13,48.67,91.33,30.0,0.0
1779200215.745898,372.87,91.33,-2.289,360.7705394059738,78.57736990727885,-2.4032901394290143,VISION,0.0,450.0,0,140.0,372.87,77.13,48.67,91.33,30.0,0.0
1779200215.7962258,372.87,91.33,-2.289,360.7705394059738,78.57736990727885,-2.4032901394290143,VISION,0.0,450.0,0,140.0,372.87,77.13,48.67,91.33,30.0,0.0
1779200215.846564,360.7705394059738,78.57736990727885,-2.4032901394290143,360.7705394059738,78.57736990727885,-2.4032901394290143,ESTIMA,0.0,450.0,0,140.0,360.771,89.229,61.423,78.577,30.0,0.0
1779200215.8968253,358.0440164511057,76.09628415232548,-2.4193105915123287,358.0440164511057,76.09628415232548,-2.4193105915123287,ESTIMA,0.0,450.0,0,140.0,358.044,91.956,63.904,76.096,30.0,0.0
1779200215.9470854,386.65,76.81,-2.454,386.65,76.81,-2.454,VISION,0.0,450.0,0,140.0,386.65,63.35,63.19,76.81,30.0,0.0
1779200215.9972856,386.65,76.81,-2.454,383.1042522895152,73.8978882522577,-2.4755379042963344,VISION,0.0,450.0,0,140.0,386.65,63.35,63.19,76.81,30.0,0.0
1779200216.0475178,386.65,76.81,-2.454,381.44226701373674,72.5918128063795,-2.4846931007027018,VISION,0.0,450.0,0,140.0,386.65,63.35,63.19,76.81,30.0,0.0
1779200216.0976963,386.65,76.81,-2.454,381.44226701373674,72.5918128063795,-2.4846931007027018,VISION,0.0,450.0,0,140.0,386.65,63.35,63.19,76.81,30.0,0.0
1779200216.147868,386.65,76.81,-2.454,378.6715190057271,70.45515365037988,-2.507029364953187,VISION,0.0,450.0,0,140.0,386.65,63.35,63.19,76.81,30.0,0.0
1779200216.1980476,386.65,76.81,-2.454,378.6715190057271,70.45515365037988,-2.507029364953187,VISION,0.0,450.0,0,140.0,386.65,63.35,63.19,76.81,30.0,0.0
1779200216.2482376,386.65,76.81,-2.454,375.9491959456466,68.45117737951628,-2.5372618547469403,VISION,0.0,450.0,0,140.0,386.65,63.35,63.19,76.81,30.0,0.0
1779200216.2984257,386.65,76.81,-2.454,375.9491959456466,68.45117737951628,-2.5372618547469403,VISION,0.0,450.0,0,140.0,386.65,63.35,63.19,76.81,30.0,0.0
1779200216.3485901,386.65,76.81,-2.454,373.0817255856597,66.47115026683716,-2.560355523537154,VISION,0.0,450.0,0,140.0,386.65,63.35,63.19,76.81,30.0,0.0
1779200216.3988001,386.65,76.81,-2.454,373.0817255856597,66.47115026683716,-2.560355523537154,VISION,0.0,450.0,0,140.0,386.65,63.35,63.19,76.81,30.0,0.0
1779200216.449002,373.0817255856597,66.47115026683716,-2.560355523537154,373.0817255856597,66.47115026683716,-2.560355523537154,ESTIMA,0.0,450.0,0,140.0,373.082,76.918,73.529,66.471,30.0,0.0
1779200216.4992282,398.77,60.39,-2.596,398.77,60.39,-2.596,VISION,0.0,450.0,0,140.0,398.77,51.23,79.61,60.39,30.0,0.0
1779200216.5494256,398.77,60.39,-2.596,398.77,60.39,-2.596,VISION,0.0,450.0,0,140.0,398.77,51.23,79.61,60.39,30.0,0.0
1779200216.5996342,398.77,60.39,-2.596,395.6898408926698,58.520166444980106,-2.6147851758517184,VISION,0.0,450.0,0,140.0,398.77,51.23,79.61,60.39,30.0,0.0
1779200216.6497993,398.77,60.39,-2.596,395.6898408926698,58.520166444980106,-2.6147851758517184,VISION,0.0,450.0,0,140.0,398.77,51.23,79.61,60.39,30.0,0.0
1779200216.7000484,398.77,60.39,-2.596,392.4812564717545,56.653936652197814,-2.63672004179105,VISION,0.0,450.0,0,140.0,398.77,51.23,79.61,60.39,30.0,0.0
1779200216.7503529,398.77,60.39,-2.596,392.4812564717545,56.653936652197814,-2.63672004179105,VISION,0.0,450.0,0,140.0,398.77,51.23,79.61,60.39,30.0,0.0
1779200216.8006911,398.77,60.39,-2.596,389.19883426962605,54.839918324921825,-2.665729589093654,VISION,0.0,450.0,0,140.0,398.77,51.23,79.61,60.39,30.0,0.0
1779200216.8509104,398.77,60.39,-2.596,389.19883426962605,54.839918324921825,-2.665729589093654,VISION,0.0,450.0,0,140.0,398.77,51.23,79.61,60.39,30.0,0.0
1779200216.9010942,398.77,60.39,-2.596,385.91145124831866,53.14571971722551,-2.695612937790694,VISION,0.0,450.0,0,140.0,398.77,51.23,79.61,60.39,30.0,0.0
1779200216.951325,398.77,60.39,-2.596,385.91145124831866,53.14571971722551,-2.695612937790694,VISION,0.0,450.0,0,140.0,398.77,51.23,79.61,60.39,30.0,0.0
1779200217.0015152,382.90029190419176,51.706065574480014,-2.7178287423772134,382.90029190419176,51.706065574480014,-2.7178287423772134,ESTIMA,0.0,450.0,0,140.0,382.9,67.1,88.294,51.706,30.0,0.0
1779200217.0517955,382.90029190419176,51.706065574480014,-2.7178287423772134,382.90029190419176,51.706065574480014,-2.7178287423772134,ESTIMA,0.0,450.0,0,140.0,382.9,67.1,88.294,51.706,30.0,0.0
1779200217.1020758,408.86,42.59,-2.749,408.86,42.59,-2.749,VISION,0.0,450.0,0,140.0,408.86,41.14,97.41,42.59,30.0,0.0
1779200217.1522644,408.86,42.59,-2.749,405.1184171255491,41.04065213964964,-2.7802742792534016,VISION,0.0,450.0,0,140.0,408.86,41.14,97.41,42.59,30.0,0.0
1779200217.202513,408.86,42.59,-2.749,402.2407551756382,39.953158479765875,-2.797300662139803,VISION,0.0,450.0,0,140.0,408.86,41.14,97.41,42.59,30.0,0.0
1779200217.252766,408.86,42.59,-2.749,402.2407551756382,39.953158479765875,-2.797300662139803,VISION,0.0,450.0,0,140.0,408.86,41.14,97.41,42.59,30.0,0.0
1779200217.302939,408.86,42.59,-2.749,399.0468913655637,38.80792420017485,-2.822416408152609,VISION,0.0,450.0,0,140.0,408.86,41.14,97.41,42.59,30.0,0.0
1779200217.353098,408.86,42.59,-2.749,399.0468913655637,38.80792420017485,-2.822416408152609,VISION,0.0,450.0,0,140.0,408.86,41.14,97.41,42.59,30.0,0.0
1779200217.403257,408.86,42.59,-2.749,395.762984278784,37.72267357355279,-2.850395792150682,VISION,0.0,450.0,0,140.0,408.86,41.14,97.41,42.59,30.0,0.0
1779200217.4534707,408.86,42.59,-2.749,395.762984278784,37.72267357355279,-2.850395792150682,VISION,0.0,450.0,0,140.0,408.86,41.14,97.41,42.59,30.0,0.0
1779200217.503655,408.86,42.59,-2.749,392.75421731892106,36.820895884096416,-2.8860988947660635,VISION,0.0,450.0,0,140.0,408.86,41.14,97.41,42.59,30.0,0.0
1779200217.5538392,408.86,42.59,-2.749,392.75421731892106,36.820895884096416,-2.8860988947660635,VISION,0.0,450.0,0,140.0,408.86,41.14,97.41,42.59,30.0,0.0
1779200217.604044,389.029378986786,35.8479601034734,-2.90139730830178,389.029378986786,35.8479601034734,-2.90139730830178,ESTIMA,0.0,450.0,0,140.0,389.029,60.971,104.152,35.848,30.0,0.0
1779200217.6542695,416.6,23.41,-2.921,416.6,23.41,-2.921,VISION,0.0,450.0,0,140.0,416.6,33.4,116.59,23.41,0.0,0.0
1779200217.7045476,416.6,23.41,-2.921,416.6,23.41,-2.921,VISION,0.0,450.0,0,140.0,416.6,33.4,116.59,23.41,0.0,0.0
1779200217.755005,416.6,23.41,-2.921,412.42162215279836,22.473033056832968,-2.941433270384106,VISION,0.0,450.0,0,140.0,416.6,33.4,116.59,23.41,0.0,0.0
1779200217.805259,416.6,23.41,-2.921,412.42162215279836,22.473033056832968,-2.941433270384106,VISION,0.0,450.0,0,140.0,416.6,33.4,116.59,23.41,0.0,0.0
1779200217.8554604,416.6,23.41,-2.921,410.07359320461137,21.99667439851691,-2.895577764077983,VISION,0.0,450.0,0,140.0,416.6,33.4,116.59,23.41,0.0,0.0
1779200217.9056296,416.6,23.41,-2.921,410.07359320461137,21.99667439851691,-2.895577764077983,VISION,0.0,450.0,0,140.0,416.6,33.4,116.59,23.41,0.0,0.0
1779200217.9559064,416.6,23.41,-2.921,408.7254684738314,21.65815855811292,-2.8842097077881683,VISION,0.0,450.0,0,140.0,416.6,33.4,116.59,23.41,0.0,0.0
1779200218.0060794,416.6,23.41,-2.921,408.7254684738314,21.65815855811292,-2.8842097077881683,VISION,0.0,450.0,0,140.0,416.6,33.4,116.59,23.41,0.0,0.0
1779200218.0562582,416.6,23.41,-2.921,408.0573118436489,21.482285549144187,-2.8762288776383853,VISION,0.0,450.0,0,140.0,416.6,33.4,116.59,23.41,0.0,0.0
1779200218.1065245,416.6,23.41,-2.921,408.0573118436489,21.482285549144187,-2.8762288776383853,VISION,0.0,450.0,0,140.0,416.6,33.4,116.59,23.41,0.0,0.0
1779200218.156819,416.6,23.41,-2.921,407.58623550943594,21.354259644954066,-2.8194384587700276,VISION,0.0,450.0,0,140.0,416.6,33.4,116.59,23.41,-20.0,0.0
1779200218.2071447,407.58623550943594,21.354259644954066,-2.8194384587700276,407.58623550943594,21.354259644954066,-2.8194384587700276,ESTIMA,0.0,450.0,0,140.0,407.586,42.414,118.646,21.354,-20.0,0.0
1779200218.257388,421.29,2.56,3.141,421.29,2.56,3.141,VISION,0.0,450.0,0,140.0,421.29,28.71,137.44,2.56,-20.0,0.0
1779200218.3077488,421.29,2.56,3.141,420.1284028090555,2.5606884248257074,3.141,VISION,0.0,450.0,0,140.0,421.29,28.71,137.44,2.56,-20.0,0.0
1779200218.358058,421.29,2.56,3.141,416.712258084289,2.562713015497131,3.141,VISION,0.0,450.0,0,140.0,421.29,28.71,137.44,2.56,-20.0,0.0
1779200218.4083574,421.29,2.56,3.141,416.712258084289,2.562713015497131,3.141,VISION,0.0,450.0,0,140.0,421.29,28.71,137.44,2.56,-20.0,0.0
1779200218.4586318,421.29,2.56,3.141,409.94723532559453,2.5667223309895126,3.141,VISION,0.0,450.0,0,140.0,421.29,28.71,137.44,2.56,-20.0,0.0
1779200218.5089147,421.29,2.56,3.141,409.94723532559453,2.5667223309895126,3.141,VISION,0.0,450.0,0,140.0,421.29,28.71,137.44,2.56,-20.0,0.0
1779200218.5591865,421.29,2.56,3.141,405.502755257818,2.5693563683648364,3.2091146490162816,VISION,0.0,450.0,0,140.0,421.29,28.71,137.44,2.56,-20.0,0.0
1779200218.6094208,421.29,2.56,3.141,405.502755257818,2.5693563683648364,3.2091146490162816,VISION,0.0,450.0,0,140.0,421.29,28.71,137.44,2.56,-20.0,0.0
1779200218.6596403,421.29,2.56,3.141,399.4881226798551,2.162618050507597,3.3015034565103463,VISION,0.0,450.0,0,140.0,421.29,28.71,137.44,2.56,0.0,0.0
1779200218.7100105,421.29,2.56,3.141,399.4881226798551,2.162618050507597,3.3015034565103463,VISION,0.0,450.0,0,140.0,421.29,28.71,137.44,2.56,0.0,0.0
1779200218.7603965,394.3244851981828,1.329785587937796,3.6098659092200993,394.3244851981828,1.329785587937796,3.6098659092200993,ESTIMA,0.0,450.0,0,140.0,394.324,55.676,138.67,1.33,0.0,0.0
1779200218.8107972,394.3244851981828,1.329785587937796,3.6098659092200993,394.3244851981828,1.329785587937796,3.6098659092200993,ESTIMA,0.0,450.0,0,140.0,394.324,55.676,138.67,1.33,0.0,0.0
1779200218.8611531,422.06,-2.9,-3.088,422.06,-2.9,-3.088,VISION,0.0,450.0,0,140.0,422.06,27.94,142.9,-2.9,0.0,0.0
1779200218.911346,422.06,-2.9,-3.088,420.30957302177166,-2.993899942841931,-2.846214654593632,VISION,0.0,450.0,0,140.0,422.06,27.94,142.9,-2.9,0.0,0.0
1779200218.9615107,422.06,-2.9,-3.088,420.30957302177166,-2.993899942841931,-2.846214654593632,VISION,0.0,450.0,0,140.0,422.06,27.94,142.9,-2.9,0.0,0.0
1779200219.011728,422.06,-2.9,-3.088,420.30957302177166,-2.9938999428419315,-2.846214654593631,VISION,0.0,450.0,0,140.0,422.06,27.94,142.9,-2.9,0.0,0.0
1779200219.0618942,422.06,-2.9,-3.088,420.30957302177166,-2.9938999428419315,-2.8462146545936307,VISION,0.0,450.0,0,140.0,422.06,27.94,142.9,-2.9,0.0,0.0
1779200219.8150563,420.52,0.39,2.837,413.85570337471535,0.38426552902605704,3.772239671838696,VISION,0.0,450.0,0,140.0,420.52,29.48,139.61,0.39,30.0,0.0
1779200219.8652842,420.52,0.39,2.837,413.82918102753126,0.3649013995553695,3.77676919850811,VISION,0.0,450.0,0,140.0,420.52,29.48,139.61,0.39,0.0,0.0
1779200219.9154704,413.82918102753126,0.3649013995553695,3.77676919850811,413.82918102753126,0.3649013995553695,3.77676919850811,ESTIMA,0.0,450.0,0,140.0,413.829,36.171,139.635,0.365,0.0,0.0
1779200219.9657874,413.82918102753126,0.3649013995553695,3.77676919850811,413.82918102753126,0.3649013995553695,3.77676919850811,ESTIMA,0.0,450.0,0,140.0,413.829,36.171,139.635,0.365,0.0,0.0
1779200220.0160599,420.32,0.99,2.765,420.32,0.99,2.765,VISION,3.81,420.16,-7.36,158.63,416.51,-0.16,157.64,8.35,0.0,0.0
1779200220.0662491,420.32,0.99,2.765,420.32,0.99,2.765,VISION,3.81,420.16,-7.36,158.63,416.51,-0.16,157.64,8.35,0.0,0.0
1779200220.1164737,420.32,0.99,2.765,419.29521612618265,1.3952683617291535,2.809020437935607,VISION,3.81,420.16,-7.36,158.63,416.51,-0.16,157.64,8.35,0.0,0.0
1779200220.1666412,420.32,0.99,2.765,419.29521612618265,1.3952683617291535,2.809020437935607,VISION,3.81,420.16,-7.36,158.63,416.51,-0.16,157.64,8.35,0.0,0.0
1779200220.216811,420.32,0.99,2.765,418.76784938976357,1.5774215732724548,2.82505132192352,VISION,3.81,420.16,-7.36,158.63,416.51,-0.16,157.64,8.35,0.0,0.0
1779200220.267011,420.32,0.99,2.765,418.76784938976357,1.5774215732724548,2.82505132192352,VISION,3.81,420.16,-7.36,158.63,416.51,-0.16,157.64,8.35,0.0,0.0
1779200220.317306,420.32,0.99,2.765,418.75011095024627,1.5832318929523408,2.825539547019318,VISION,3.81,420.16,-7.36,158.63,416.51,-0.16,157.64,8.35,0.0,0.0
1779200220.367539,420.32,0.99,2.765,418.75011095024627,1.5832318929523408,2.825539547019318,VISION,3.81,420.16,-7.36,158.63,416.51,-0.16,157.64,8.35,-20.0,0.0
1779200220.4177747,420.32,0.99,2.765,418.75011095024627,1.5832318929523412,2.8255395470193188,VISION,3.81,420.16,-7.36,158.63,416.51,-0.16,157.64,8.35,-20.0,0.0
1779200220.4680717,420.32,0.99,2.765,418.75011095024627,1.5832318929523412,2.8255395470193188,VISION,3.81,420.16,-7.36,158.63,416.51,-0.16,157.64,8.35,-20.0,0.0
1779200220.5183818,413.55437179393516,3.282315324000438,2.8255395470193188,413.55437179393516,3.282315324000438,2.8255395470193188,ESTIMA,3.81,420.16,-7.36,158.63,409.744,6.606,155.348,10.642,-20.0,0.0
1779200220.5686579,413.55437179393516,3.282315324000438,2.8255395470193188,413.55437179393516,3.282315324000438,2.8255395470193188,ESTIMA,3.81,420.16,-7.36,158.63,409.744,6.606,155.348,10.642,-20.0,0.0
1779200220.6189268,420.27,-0.37,2.792,420.27,-0.37,2.792,VISION,3.81,420.16,-7.36,158.63,416.46,-0.11,159.0,6.99,-20.0,0.0
1779200220.6692119,420.27,-0.37,2.792,420.27,-0.37,2.792,VISION,3.81,420.16,-7.36,158.63,416.46,-0.11,159.0,6.99,-20.0,0.0
1779200220.7195957,420.27,-0.37,2.792,412.2076834496069,2.5692540726818835,2.792,VISION,3.81,420.16,-7.36,158.63,416.46,-0.11,159.0,6.99,-20.0,0.0
1779200220.76993,420.27,-0.37,2.792,412.2076834496069,2.5692540726818835,2.792,VISION,3.81,420.16,-7.36,158.63,416.46,-0.11,159.0,6.99,-20.0,0.0
1779200220.820361,420.27,-0.37,2.792,407.4369364579681,4.308510704105701,2.8288631379357696,VISION,3.81,420.16,-7.36,158.63,416.46,-0.11,159.0,6.99,-20.0,0.0
1779200220.8706295,420.27,-0.37,2.792,407.4369364579681,4.308510704105701,2.8288631379357696,VISION,3.81,420.16,-7.36,158.63,416.46,-0.11,159.0,6.99,0.0,0.0
1779200220.92087,420.27,-0.37,2.792,404.9575234919643,5.110203439790981,2.73900792411278,VISION,3.81,420.16,-7.36,158.63,416.46,-0.11,159.0,6.99,0.0,0.0
1779200220.9710722,420.27,-0.37,2.792,404.9575234919643,5.110203439790981,2.73900792411278,VISION,3.81,420.16,-7.36,158.63,416.46,-0.11,159.0,6.99,0.0,0.0
1779200221.0212622,420.27,-0.37,2.792,403.24208662661107,5.840710768380775,2.7994678642114845,VISION,3.81,420.16,-7.36,158.63,416.46,-0.11,159.0,6.99,0.0,0.0
1779200221.0714655,420.27,-0.37,2.792,403.24208662661107,5.840710768380775,2.7994678642114845,VISION,3.81,420.16,-7.36,158.63,416.46,-0.11,159.0,6.99,0.0,0.0
1779200221.1216748,420.27,-0.37,2.792,403.10443838614117,5.889731345915166,2.819621875328737,VISION,3.81,420.16,-7.36,158.63,416.46,-0.11,159.0,6.99,0.0,0.0
1779200221.171892,420.13,-0.28,2.758,420.13,-0.28,2.758,VISION,3.81,420.16,-7.36,158.63,416.32,0.03,158.91,7.08,0.0,0.0
1779200221.222091,420.13,-0.28,2.758,420.13,-0.28,2.758,VISION,3.81,420.16,-7.36,158.63,416.32,0.03,158.91,7.08,0.0,0.0
1779200221.2722626,420.13,-0.28,2.758,418.81044327159725,0.25255266517585295,2.954271660151252,VISION,3.81,420.16,-7.36,158.63,416.32,0.03,158.91,7.08,0.0,0.0
1779200221.4227097,420.13,-0.28,2.758,416.7808639748439,0.6372455522797366,3.239197943099714,VISION,3.81,420.16,-7.36,158.63,416.32,0.03,158.91,7.08,30.0,0.0
1779200221.4728706,420.13,-0.28,2.758,416.7808639748439,0.6372455522797366,3.239197943099714,VISION,3.81,420.16,-7.36,158.63,416.32,0.03,158.91,7.08,0.0,0.0
1779200221.523027,420.13,-0.28,2.758,416.0891079332755,0.5695112700176369,3.289945079815812,VISION,3.81,420.16,-7.36,158.63,416.32,0.03,158.91,7.08,0.0,0.0
1779200221.573173,420.13,-0.28,2.758,416.0891079332755,0.5695112700176369,3.289945079815812,VISION,3.81,420.16,-7.36,158.63,416.32,0.03,158.91,7.08,0.0,0.0
1779200221.6233315,420.13,-0.28,2.758,415.1200505839371,0.4246852337789565,3.311696310371941,VISION,3.81,420.16,-7.36,158.63,416.32,0.03,158.91,7.08,0.0,0.0
1779200221.6734898,415.1200505839371,0.4246852337789565,3.311696310371941,415.1200505839371,0.4246852337789565,3.311696310371941,ESTIMA,3.81,420.16,-7.36,158.63,411.31,5.04,158.205,7.785,0.0,0.0
1779200221.723815,415.1200505839371,0.4246852337789565,3.311696310371941,415.1200505839371,0.4246852337789565,3.311696310371941,ESTIMA,3.81,420.16,-7.36,158.63,411.31,5.04,158.205,7.785,0.0,0.0
1779200221.7740686,419.99,0.82,2.673,419.99,0.82,2.673,VISION,3.81,420.16,-7.36,158.63,416.18,0.17,157.81,8.18,0.0,0.0
1779200221.824327,419.99,0.82,2.673,419.99,0.82,2.673,VISION,3.81,420.16,-7.36,158.63,416.18,0.17,157.81,8.18,0.0,0.0
1779200221.8745914,419.99,0.82,2.673,419.99,0.8200000000000006,2.6730000000000005,VISION,3.81,420.16,-7.36,158.63,416.18,0.17,157.81,8.18,0.0,0.0
1779200221.9248445,419.99,0.82,2.673,419.99,0.8200000000000013,2.6730000000000014,VISION,3.81,420.16,-7.36,158.63,416.18,0.17,157.81,8.18,0.0,0.0
1779200221.9750812,419.99,0.82,2.673,419.99,0.8200000000000013,2.6730000000000014,VISION,3.81,420.16,-7.36,158.63,416.18,0.17,157.81,8.18,-20.0,0.0
1779200222.0254154,419.99,0.82,2.673,419.99,0.8200000000000013,2.6730000000000014,VISION,3.81,420.16,-7.36,158.63,416.18,0.17,157.81,8.18,-20.0,0.0
1779200222.0756128,419.99,0.82,2.673,417.43190426079536,2.114899564347394,2.6730000000000014,VISION,3.81,420.16,-7.36,158.63,416.18,0.17,157.81,8.18,-20.0,0.0
1779200222.1257706,419.99,0.82,2.673,417.43190426079536,2.114899564347394,2.6730000000000014,VISION,3.81,420.16,-7.36,158.63,416.18,0.17,157.81,8.18,-20.0,0.0
1779200222.1759486,419.99,0.82,2.673,411.49246193095706,5.121425538924619,2.6730000000000014,VISION,3.81,420.16,-7.36,158.63,416.18,0.17,157.81,8.18,-20.0,0.0
1779200222.2261047,419.99,0.82,2.673,411.49246193095706,5.121425538924619,2.6730000000000014,VISION,3.81,420.16,-7.36,158.63,416.18,0.17,157.81,8.18,-20.0,0.0
1779200222.276312,405.43052263819703,8.189959069157496,2.6730000000000014,405.43052263819703,8.189959069157496,2.6730000000000014,ESTIMA,3.81,420.16,-7.36,158.63,401.621,14.729,150.44,15.55,-20.0,0.0
1779200222.3266172,405.43052263819703,8.189959069157496,2.6730000000000014,405.43052263819703,8.189959069157496,2.6730000000000014,ESTIMA,3.81,420.16,-7.36,158.63,401.621,14.729,150.44,15.55,-20.0,0.0
1779200222.3768532,419.84,-0.74,2.696,419.84,-0.74,2.696,VISION,3.81,420.16,-7.36,158.63,416.03,0.32,159.37,6.62,-20.0,0.0
1779200222.4270523,419.84,-0.74,2.696,419.84,-0.74,2.696,VISION,3.81,420.16,-7.36,158.63,416.03,0.32,159.37,6.62,-20.0,0.0
1779200222.4772716,419.84,-0.74,2.696,415.5591015243735,1.3046890166274927,2.696,VISION,3.81,420.16,-7.36,158.63,416.03,0.32,159.37,6.62,0.0,0.0
1779200222.527482,419.84,-0.74,2.696,415.5591015243735,1.3046890166274927,2.696,VISION,3.81,420.16,-7.36,158.63,416.03,0.32,159.37,6.62,0.0,0.0
1779200222.577645,419.84,-0.74,2.696,412.57694422570853,2.7290592298321963,2.7466491792613064,VISION,3.81,420.16,-7.36,158.63,416.03,0.32,159.37,6.62,0.0,0.0
1779200222.6278658,419.84,-0.74,2.696,412.57694422570853,2.7290592298321963,2.7466491792613064,VISION,3.81,420.16,-7.36,158.63,416.03,0.32,159.37,6.62,0.0,0.0
1779200222.6780965,419.84,-0.74,2.696,411.46986816395565,3.190538885627129,2.703976308209159,VISION,3.81,420.16,-7.36,158.63,416.03,0.32,159.37,6.62,0.0,0.0
1779200222.7283595,419.84,-0.74,2.696,411.46986816395565,3.190538885627129,2.703976308209159,VISION,3.81,420.16,-7.36,158.63,416.03,0.32,159.37,6.62,0.0,0.0
1779200222.7786214,419.84,-0.74,2.696,411.30899525759935,3.265806786977182,2.728474253561392,VISION,3.81,420.16,-7.36,158.63,416.03,0.32,159.37,6.62,0.0,0.0
1779200222.8289819,419.84,-0.74,2.696,411.30899525759935,3.265806786977182,2.728474253561392,VISION,3.81,420.16,-7.36,158.63,416.03,0.32,159.37,6.62,0.0,0.0
1779200222.8792825,411.20161177675226,3.3128776622510987,2.744646265471928,411.20161177675226,3.3128776622510987,2.744646265471928,ESTIMA,3.81,420.16,-7.36,158.63,407.392,8.958,155.317,10.673,0.0,0.0
1779200223.0297587,419.98,0.68,2.605,419.98,0.680000000000001,2.605000000000001,VISION,3.81,420.16,-7.36,158.63,416.17,0.18,157.95,8.04,30.0,0.0
1779200223.0800116,419.98,0.68,2.605,418.56336647180467,1.5226240857813131,2.757272143772205,VISION,3.81,420.16,-7.36,158.63,416.17,0.18,157.95,8.04,0.0,0.0
1779200223.13017,419.98,0.68,2.605,418.56336647180467,1.5226240857813131,2.757272143772205,VISION,3.81,420.16,-7.36,158.63,416.17,0.18,157.95,8.04,0.0,0.0
1779200223.1803389,419.98,0.68,2.605,417.7287856612182,1.8601545843593776,2.768914364186182,VISION,3.81,420.16,-7.36,158.63,416.17,0.18,157.95,8.04,0.0,0.0
1779200223.2305698,419.98,0.68,2.605,417.7287856612182,1.8601545843593776,2.768914364186182,VISION,3.81,420.16,-7.36,158.63,416.17,0.18,157.95,8.04,0.0,0.0
1779200223.2807462,419.98,0.68,2.605,416.1283892297157,2.4858256940695806,2.789090002527457,VISION,3.81,420.16,-7.36,158.63,416.17,0.18,157.95,8.04,0.0,0.0
1779200223.330915,419.98,0.68,2.605,416.1283892297157,2.4858256940695806,2.789090002527457,VISION,3.81,420.16,-7.36,158.63,416.17,0.18,157.95,8.04,0.0,0.0
1779200223.3810806,419.98,0.68,2.605,415.20375298362364,2.825969052816607,2.7895409730805505,VISION,3.81,420.16,-7.36,158.63,416.17,0.18,157.95,8.04,0.0,0.0
1779200223.4313614,415.20375298362364,2.825969052816607,2.7895409730805505,415.20375298362364,2.825969052816607,2.7895409730805505,ESTIMA,3.81,420.16,-7.36,158.63,411.394,4.956,155.804,10.186,0.0,0.0
1779200223.4816756,415.20375298362364,2.825969052816607,2.7895409730805505,415.20375298362364,2.825969052816607,2.7895409730805505,ESTIMA,3.81,420.16,-7.36,158.63,411.394,4.956,155.804,10.186,0.0,0.0
1779200223.5319474,420.01,0.81,2.645,420.01,0.81,2.645,VISION,3.81,420.16,-7.36,158.63,416.2,0.15,157.82,8.17,0.0,0.0
1779200223.5821414,420.01,0.81,2.645,420.01,0.8100000000000004,2.6450000000000005,VISION,3.81,420.16,-7.36,158.63,416.2,0.15,157.82,8.17,-20.0,0.0
1779200223.6323092,420.01,0.81,2.645,420.01,0.8100000000000004,2.6450000000000005,VISION,3.81,420.16,-7.36,158.63,416.2,0.15,157.82,8.17,-20.0,0.0
1779200223.6824844,420.01,0.81,2.645,416.4376041542493,2.745832853782175,2.6450000000000005,VISION,3.81,420.16,-7.36,158.63,416.2,0.15,157.82,8.17,-20.0,0.0
1779200223.7327507,420.01,0.81,2.645,416.4376041542493,2.745832853782175,2.6450000000000005,VISION,3.81,420.16,-7.36,158.63,416.2,0.15,157.82,8.17,-20.0,0.0
1779200223.782998,420.01,0.81,2.645,410.91472278228514,5.738607358350876,2.6450000000000005,VISION,3.81,420.16,-7.36,158.63,416.2,0.15,157.82,8.17,-20.0,0.0
1779200223.8332562,420.01,0.81,2.645,410.91472278228514,5.738607358350876,2.6450000000000005,VISION,3.81,420.16,-7.36,158.63,416.2,0.15,157.82,8.17,-20.0,0.0
1779200223.8834844,420.01,0.81,2.645,405.02664080937706,8.929279115086956,2.6450000000000005,VISION,3.81,420.16,-7.36,158.63,416.2,0.15,157.82,8.17,-20.0,0.0
1779200223.9337666,420.01,0.81,2.645,405.02664080937706,8.929279115086956,2.6450000000000005,VISION,3.81,420.16,-7.36,158.63,416.2,0.15,157.82,8.17,-20.0,0.0
1779200223.9839332,420.01,0.81,2.645,405.02664080937706,8.929279115086956,2.6450000000000005,VISION,3.81,420.16,-7.36,158.63,416.2,0.15,157.82,8.17,-20.0,0.0
1779200224.0341222,397.8887899376652,12.797183686550811,2.6450000000000005,397.8887899376652,12.797183686550811,2.6450000000000005,ESTIMA,3.81,420.16,-7.36,158.63,394.079,22.271,145.833,20.157,-20.0,0.0
1779200224.084361,394.1484626446256,14.824016313841204,2.7178833996792084,394.1484626446256,14.824016313841204,2.7178833996792084,ESTIMA,3.81,420.16,-7.36,158.63,390.338,26.012,143.806,22.184,0.0,0.0
1779200224.1345863,419.39,-2.65,2.699,419.39,-2.65,2.699,VISION,3.81,420.16,-7.36,158.63,415.58,0.77,161.28,4.71,0.0,0.0
1779200224.1847365,419.39,-2.65,2.699,415.38459125857514,-0.7516297996579959,2.6519707596219817,VISION,3.81,420.16,-7.36,158.63,415.58,0.77,161.28,4.71,0.0,0.0
1779200224.2348936,419.39,-2.65,2.699,415.38459125857514,-0.7516297996579959,2.6519707596219817,VISION,3.81,420.16,-7.36,158.63,415.58,0.77,161.28,4.71,0.0,0.0
1779200224.2850997,419.39,-2.65,2.699,414.6996994517599,-0.386649198206604,2.566782846395071,VISION,3.81,420.16,-7.36,158.63,415.58,0.77,161.28,4.71,0.0,0.0
1779200224.3352892,419.39,-2.65,2.699,414.6996994517599,-0.386649198206604,2.566782846395071,VISION,3.81,420.16,-7.36,158.63,415.58,0.77,161.28,4.71,0.0,0.0
1779200224.3854496,419.39,-2.65,2.699,414.4041335240875,-0.19518884311241877,2.6153565649973816,VISION,3.81,420.16,-7.36,158.63,415.58,0.77,161.28,4.71,0.0,0.0
1779200224.4356058,419.39,-2.65,2.699,414.4041335240875,-0.19518884311241877,2.6153565649973816,VISION,3.81,420.16,-7.36,158.63,415.58,0.77,161.28,4.71,0.0,0.0
1779200224.4858177,419.39,-2.65,2.699,414.4041335240875,-0.19518884311241877,2.6153565649973816,VISION,3.81,420.16,-7.36,158.63,415.58,0.77,161.28,4.71,0.0,0.0
1779200224.6863987,419.45,0.61,2.458,419.45,0.61,2.458,VISION,3.81,420.16,-7.36,158.63,415.64,0.71,158.02,7.97,30.0,0.0
1779200224.736641,419.45,0.61,2.458,417.0416171568518,2.571918573520445,2.745934811062762,VISION,3.81,420.16,-7.36,158.63,415.64,0.71,158.02,7.97,0.0,0.0
1779200224.787064,419.45,0.61,2.458,417.0416171568518,2.571918573520445,2.745934811062762,VISION,3.81,420.16,-7.36,158.63,415.64,0.71,158.02,7.97,0.0,0.0
1779200224.8374095,419.45,0.61,2.458,416.4905565385186,2.8020879035386828,2.7509870138917285,VISION,3.81,420.16,-7.36,158.63,415.64,0.71,158.02,7.97,0.0,0.0
1779200224.8877223,419.45,0.61,2.458,416.4905565385186,2.8020879035386828,2.7509870138917285,VISION,3.81,420.16,-7.36,158.63,415.64,0.71,158.02,7.97,0.0,0.0
1779200224.9379492,419.45,0.61,2.458,414.89751381098955,3.4580440578465903,2.7642306450274763,VISION,3.81,420.16,-7.36,158.63,415.64,0.71,158.02,7.97,0.0,0.0
1779200224.9881282,419.45,0.61,2.458,414.89751381098955,3.4580440578465903,2.7642306450274763,VISION,3.81,420.16,-7.36,158.63,415.64,0.71,158.02,7.97,0.0,0.0
1779200225.038332,419.45,0.61,2.458,413.9474517440407,3.834607905727774,2.768034951076614,VISION,3.81,420.16,-7.36,158.63,415.64,0.71,158.02,7.97,0.0,0.0
1779200225.0884974,419.45,0.61,2.458,413.9474517440407,3.834607905727774,2.768034951076614,VISION,3.81,420.16,-7.36,158.63,415.64,0.71,158.02,7.97,0.0,0.0
1779200225.1388144,419.45,0.61,2.458,413.10157881997054,4.166157737462929,2.7655254200418984,VISION,3.81,420.16,-7.36,158.63,415.64,0.71,158.02,7.97,0.0,0.0
1779200225.1889913,413.10157881997054,4.166157737462929,2.7655254200418984,413.10157881997054,4.166157737462929,2.7655254200418984,ESTIMA,3.81,420.16,-7.36,158.63,409.292,7.058,154.464,11.526,0.0,0.0
1779200225.2392433,412.2205892423118,4.5140250064663645,2.634879588227382,412.2205892423118,4.5140250064663645,2.634879588227382,ESTIMA,3.81,420.16,-7.36,158.63,408.411,7.939,154.116,11.874,-20.0,0.0
1779200225.2894654,419.5,0.73,2.476,419.5,0.73,2.476,VISION,3.81,420.16,-7.36,158.63,415.69,0.66,157.9,8.09,-20.0,0.0
1779200225.3397453,419.5,0.73,2.476,419.5,0.7300000000000002,2.4760000000000004,VISION,3.81,420.16,-7.36,158.63,415.69,0.66,157.9,8.09,-20.0,0.0
1779200225.3899179,419.5,0.73,2.476,419.5,0.7300000000000002,2.4760000000000004,VISION,3.81,420.16,-7.36,158.63,415.69,0.66,157.9,8.09,-20.0,0.0
1779200225.4402337,419.5,0.73,2.476,416.6232047122086,2.988587512862394,2.4760000000000004,VISION,3.81,420.16,-7.36,158.63,415.69,0.66,157.9,8.09,-20.0,0.0
1779200225.4905703,419.5,0.73,2.476,416.6232047122086,2.988587512862394,2.4760000000000004,VISION,3.81,420.16,-7.36,158.63,415.69,0.66,157.9,8.09,-20.0,0.0
1779200225.54079,419.5,0.73,2.476,411.3193568355936,7.152667117372889,2.4760000000000004,VISION,3.81,420.16,-7.36,158.63,415.69,0.66,157.9,8.09,-20.0,0.0
1779200225.590974,419.5,0.73,2.476,411.3193568355936,7.152667117372889,2.4760000000000004,VISION,3.81,420.16,-7.36,158.63,415.69,0.66,157.9,8.09,-20.0,0.0
1779200225.6411579,419.5,0.73,2.476,406.0389415650291,11.298349656355667,2.4760000000000004,VISION,3.81,420.16,-7.36,158.63,415.69,0.66,157.9,8.09,-20.0,0.0
1779200225.6914494,419.5,0.73,2.476,406.0389415650291,11.298349656355667,2.4760000000000004,VISION,3.81,420.16,-7.36,158.63,415.69,0.66,157.9,8.09,-20.0,0.0
1779200225.7417693,419.5,0.73,2.476,406.0389415650291,11.298349656355667,2.4760000000000004,VISION,3.81,420.16,-7.36,158.63,415.69,0.66,157.9,8.09,0.0,0.0
1779200225.7921777,398.53925118888833,17.18639706305525,2.4760000000000004,398.53925118888833,17.18639706305525,2.4760000000000004,ESTIMA,3.81,420.16,-7.36,158.63,394.729,21.621,141.444,24.546,0.0,0.0
1779200225.8425057,395.4343284873459,19.624088640160988,2.5046571058733713,395.4343284873459,19.624088640160988,2.5046571058733713,ESTIMA,3.81,420.16,-7.36,158.63,391.624,24.726,139.006,26.984,0.0,0.0
1779200225.8929644,418.22,-2.7,2.534,418.22,-2.7,2.534,VISION,3.81,420.16,-7.36,158.63,414.41,1.94,161.33,4.66,0.0,0.0
1779200225.9432163,418.22,-2.7,2.534,417.6372539411058,-2.2947924410319813,2.535087034868466,VISION,3.81,420.16,-7.36,158.63,414.41,1.94,161.33,4.66,0.0,0.0
1779200225.993506,418.22,-2.7,2.534,417.6372539411058,-2.2947924410319813,2.535087034868466,VISION,3.81,420.16,-7.36,158.63,414.41,1.94,161.33,4.66,0.0,0.0
1779200226.0438082,418.22,-2.7,2.534,417.6372539411058,-2.2947924410319813,2.5350870348684666,VISION,3.81,420.16,-7.36,158.63,414.41,1.94,161.33,4.66,0.0,0.0
1779200226.094087,418.22,-2.7,2.534,417.6372539411058,-2.2947924410319813,2.5350870348684666,VISION,3.81,420.16,-7.36,158.63,414.41,1.94,161.33,4.66,0.0,0.0
1779200226.1443503,418.22,-2.7,2.534,417.6372539411058,-2.2947924410319813,2.535087034868467,VISION,3.81,420.16,-7.36,158.63,414.41,1.94,161.33,4.66,0.0,0.0
1779200226.295035,418.22,-2.7,2.534,417.6372539411058,-2.2947924410319813,2.535087034868468,VISION,3.81,420.16,-7.36,158.63,414.41,1.94,161.33,4.66,30.0,0.0
1779200226.3452077,418.22,-2.7,2.534,415.93306452596073,-1.1125448277988148,2.6592591004966515,VISION,3.81,420.16,-7.36,158.63,414.41,1.94,161.33,4.66,0.0,0.0
1779200226.395429,415.93306452596073,-1.1125448277988148,2.6592591004966515,415.93306452596073,-1.1125448277988148,2.6592591004966515,ESTIMA,3.81,420.16,-7.36,158.63,412.123,4.227,159.743,6.247,0.0,0.0
1779200226.4456756,418.95,0.9,2.29,418.95,0.9,2.29,VISION,3.81,420.16,-7.36,158.63,415.14,1.21,157.73,8.26,0.0,0.0
1779200226.4959161,418.95,0.9,2.29,418.0469868801214,1.931237166433907,2.311803603640428,VISION,3.81,420.16,-7.36,158.63,415.14,1.21,157.73,8.26,0.0,0.0
1779200226.5462973,418.95,0.9,2.29,417.049324026505,3.021652598921847,2.3358868427829766,VISION,3.81,420.16,-7.36,158.63,415.14,1.21,157.73,8.26,0.0,0.0
1779200226.5966053,418.95,0.9,2.29,417.049324026505,3.021652598921847,2.3358868427829766,VISION,3.81,420.16,-7.36,158.63,415.14,1.21,157.73,8.26,0.0,0.0
1779200226.6467557,418.95,0.9,2.29,416.4697919287341,3.625213842421419,2.341972421328049,VISION,3.81,420.16,-7.36,158.63,415.14,1.21,157.73,8.26,0.0,0.0
1779200226.69705,418.95,0.9,2.29,416.4697919287341,3.625213842421419,2.341972421328049,VISION,3.81,420.16,-7.36,158.63,415.14,1.21,157.73,8.26,0.0,0.0
1779200226.747334,418.95,0.9,2.29,415.87648858550074,4.235637833021315,2.4403280232331572,VISION,3.81,420.16,-7.36,158.63,415.14,1.21,157.73,8.26,0.0,0.0
1779200226.7975688,418.95,0.9,2.29,415.87648858550074,4.235637833021315,2.4403280232331572,VISION,3.81,420.16,-7.36,158.63,415.14,1.21,157.73,8.26,0.0,0.0
1779200226.8478527,418.95,0.9,2.29,415.58159187326316,4.484664101511418,2.493566213826722,VISION,3.81,420.16,-7.36,158.63,415.14,1.21,157.73,8.26,-20.0,0.0
1779200226.898103,418.95,0.9,2.29,415.58159187326316,4.484664101511418,2.493566213826722,VISION,3.81,420.16,-7.36,158.63,415.14,1.21,157.73,8.26,-20.0,0.0
1779200226.9483118,415.58159187326316,4.484664101511418,2.4935662138267225,415.58159187326316,4.484664101511418,2.4935662138267225,ESTIMA,3.81,420.16,-7.36,158.63,411.772,4.578,154.145,11.845,-20.0,0.0
1779200226.998559,415.58159187326316,4.484664101511418,2.4935662138267225,415.58159187326316,4.484664101511418,2.4935662138267225,ESTIMA,3.81,420.16,-7.36,158.63,411.772,4.578,154.145,11.845,-20.0,0.0
1779200227.0488694,411.25496682295073,7.760330113765409,2.4935662138267225,411.25496682295073,7.760330113765409,2.4935662138267225,ESTIMA,3.81,420.16,-7.36,158.63,407.445,8.905,150.87,15.12,-20.0,0.0
1779200227.0990644,411.25496682295073,7.760330113765409,2.4935662138267225,411.25496682295073,7.760330113765409,2.4935662138267225,ESTIMA,3.81,420.16,-7.36,158.63,407.445,8.905,150.87,15.12,-20.0,0.0
1779200227.1492355,406.76927629526045,11.156423796989419,2.4935662138267225,406.76927629526045,11.156423796989419,2.4935662138267225,ESTIMA,3.81,420.16,-7.36,158.63,402.959,13.391,147.474,18.516,-20.0,0.0
1779200227.1994004,406.76927629526045,11.156423796989419,2.4935662138267225,406.76927629526045,11.156423796989419,2.4935662138267225,ESTIMA,3.81,420.16,-7.36,158.63,402.959,13.391,147.474,18.516,-20.0,0.0
1779200227.2495608,400.629850911047,15.804551802531563,2.4935662138267225,400.629850911047,15.804551802531563,2.4935662138267225,ESTIMA,3.81,420.16,-7.36,158.63,396.82,19.53,142.825,23.165,-20.0,0.0
1779200227.299871,400.629850911047,15.804551802531563,2.4935662138267225,400.629850911047,15.804551802531563,2.4935662138267225,ESTIMA,3.81,420.16,-7.36,158.63,396.82,19.53,142.825,23.165,-20.0,0.0
1779200227.350036,395.5813046884469,19.626780694649295,2.4935662138267225,395.5813046884469,19.626780694649295,2.4935662138267225,ESTIMA,3.81,420.16,-7.36,158.63,391.771,24.579,139.003,26.987,0.0,0.0
1779200227.4002297,395.5813046884469,19.626780694649295,2.4935662138267225,395.5813046884469,19.626780694649295,2.4935662138267225,ESTIMA,3.81,420.16,-7.36,158.63,391.771,24.579,139.003,26.987,0.0,0.0
1779200227.4504063,395.5813046884469,19.626780694649295,2.4935662138267225,395.5813046884469,19.626780694649295,2.4935662138267225,ESTIMA,3.81,420.16,-7.36,158.63,391.771,24.579,139.003,26.987,0.0,0.0
1779200227.5006359,387.8018990387387,25.516529490987793,2.4935662138267225,387.8018990387387,25.516529490987793,2.4935662138267225,ESTIMA,3.81,420.16,-7.36,158.63,383.992,32.358,133.113,32.877,0.0,0.0
1779200227.550914,387.8018990387387,25.516529490987793,2.4935662138267225,387.8018990387387,25.516529490987793,2.4935662138267225,ESTIMA,3.81,420.16,-7.36,158.63,383.992,32.358,133.113,32.877,0.0,0.0
1779200227.6011271,417.03,-2.04,2.365,417.03,-2.04,2.365,VISION,3.81,420.16,-7.36,158.63,413.22,3.13,160.67,5.32,0.0,0.0
1779200227.6513433,417.03,-2.04,2.365,417.03,-2.04,2.365,VISION,3.81,420.16,-7.36,158.63,413.22,3.13,160.67,5.32,0.0,0.0
1779200227.7015548,417.03,-2.04,2.365,417.03,-2.04,2.3650000000000007,VISION,3.81,420.16,-7.36,158.63,413.22,3.13,160.67,5.32,0.0,0.0
1779200227.7517915,417.03,-2.04,2.365,417.03,-2.04,2.3650000000000007,VISION,3.81,420.16,-7.36,158.63,413.22,3.13,160.67,5.32,0.0,0.0
1779200228.0029593,417.03,-2.04,2.365,414.49719965806867,0.44858335571026053,2.637629349759613,VISION,3.81,420.16,-7.36,158.63,413.22,3.13,160.67,5.32,30.0,0.0
1779200228.0533097,417.03,-2.04,2.365,414.49719965806867,0.44858335571026053,2.637629349759613,VISION,3.81,420.16,-7.36,158.63,413.22,3.13,160.67,5.32,0.0,0.0
1779200228.1035392,417.03,-2.04,2.365,413.86653345493755,0.7963704271618899,2.736968014959163,VISION,3.81,420.16,-7.36,158.63,413.22,3.13,160.67,5.32,0.0,0.0
1779200228.1538684,413.86653345493755,0.7963704271618899,2.736968014959163,413.86653345493755,0.7963704271618899,2.736968014959163,ESTIMA,3.81,420.16,-7.36,158.63,410.057,6.293,157.834,8.156,0.0,0.0
1779200228.204063,418.59,1.34,2.127,418.59,1.34,2.1270000000000002,VISION,3.81,420.16,-7.36,158.63,414.78,1.57,157.29,8.7,0.0,0.0
1779200228.2543612,418.59,1.34,2.127,418.59,1.34,2.127,VISION,3.81,420.16,-7.36,158.63,414.78,1.57,157.29,8.7,0.0,0.0
1779200228.3046346,418.59,1.34,2.127,418.59,1.34,2.1270000000000002,VISION,3.81,420.16,-7.36,158.63,414.78,1.57,157.29,8.7,0.0,0.0
1779200228.3549168,418.59,1.34,2.127,418.59,1.34,2.1270000000000002,VISION,3.81,420.16,-7.36,158.63,414.78,1.57,157.29,8.7,0.0,0.0
1779200228.4050965,418.59,1.34,2.127,418.59,1.34,2.1270000000000007,VISION,3.81,420.16,-7.36,158.63,414.78,1.57,157.29,8.7,0.0,0.0
1779200228.4554384,418.59,1.34,2.127,418.59,1.34,2.1270000000000007,VISION,3.81,420.16,-7.36,158.63,414.78,1.57,157.29,8.7,0.0,0.0
1779200228.5057075,418.59,1.34,2.127,418.59,1.34,2.1270000000000007,VISION,3.81,420.16,-7.36,158.63,414.78,1.57,157.29,8.7,0.0,0.0
1779200228.5559154,418.59,1.34,2.127,418.59,1.34,2.127000000000001,VISION,3.81,420.16,-7.36,158.63,414.78,1.57,157.29,8.7,-20.0,0.0
1779200228.6061,418.59,1.34,2.127,418.59,1.34,2.1270000000000016,VISION,3.81,420.16,-7.36,158.63,414.78,1.57,157.29,8.7,-20.0,0.0
1779200228.6562731,418.59,1.34,2.127,418.59,1.34,2.1270000000000016,VISION,3.81,420.16,-7.36,158.63,414.78,1.57,157.29,8.7,-20.0,0.0
1779200228.706539,418.59,1.34,2.127,418.59,1.34,2.1270000000000016,VISION,3.81,420.16,-7.36,158.63,414.78,1.57,157.29,8.7,-20.0,0.0
1779200228.756961,415.34536046489706,6.559201647533619,2.1270000000000016,415.34536046489706,6.559201647533619,2.1270000000000016,ESTIMA,3.81,420.16,-7.36,158.63,411.535,4.815,152.071,13.919,-20.0,0.0
1779200228.8073118,418.62,1.42,2.12,418.62,1.42,2.12,VISION,3.81,420.16,-7.36,158.63,414.81,1.54,157.21,8.78,-20.0,0.0
1779200228.857574,418.62,1.42,2.12,415.0530172960912,7.2483070840051536,2.057166039697055,VISION,3.81,420.16,-7.36,158.63,414.81,1.54,157.21,8.78,-20.0,0.0
1779200228.9079616,418.62,1.42,2.12,415.0530172960912,7.2483070840051536,2.057166039697055,VISION,3.81,420.16,-7.36,158.63,414.81,1.54,157.21,8.78,-20.0,0.0
1779200228.9583583,418.62,1.42,2.12,413.39215808736947,10.389506881626463,2.197195618070405,VISION,3.81,420.16,-7.36,158.63,414.81,1.54,157.21,8.78,-20.0,0.0
1779200229.0086825,418.62,1.42,2.12,413.39215808736947,10.389506881626463,2.197195618070405,VISION,3.81,420.16,-7.36,158.63,414.81,1.54,157.21,8.78,-20.0,0.0
1779200229.0589836,418.62,1.42,2.12,410.4620819554485,14.4387306887323,2.0002239681112353,VISION,3.81,420.16,-7.36,158.63,414.81,1.54,157.21,8.78,0.0,0.0
1779200229.1092906,418.62,1.42,2.12,410.4620819554485,14.4387306887323,2.0002239681112353,VISION,3.81,420.16,-7.36,158.63,414.81,1.54,157.21,8.78,0.0,0.0
1779200229.1594946,418.62,1.42,2.12,408.8221180805564,18.01999723249414,2.181322925830709,VISION,3.81,420.16,-7.36,158.63,414.81,1.54,157.21,8.78,0.0,0.0
1779200229.2098558,418.62,1.42,2.12,408.8221180805564,18.01999723249414,2.181322925830709,VISION,3.81,420.16,-7.36,158.63,414.81,1.54,157.21,8.78,0.0,0.0
1779200229.2600765,418.62,1.42,2.12,407.808068134926,19.469254938078116,2.1469196356747817,VISION,3.81,420.16,-7.36,158.63,414.81,1.54,157.21,8.78,0.0,0.0
1779200229.3102684,407.808068134926,19.469254938078116,2.1469196356747817,407.808068134926,19.469254938078116,2.1469196356747817,ESTIMA,3.81,420.16,-7.36,158.63,403.998,12.352,139.161,26.829,0.0,0.0
1779200229.3604913,418.97,1.29,2.116,418.97,1.29,2.116,VISION,3.81,420.16,-7.36,158.63,415.16,1.19,157.34,8.65,0.0,0.0
1779200229.410809,418.97,1.29,2.116,418.97,1.29,2.116,VISION,3.81,420.16,-7.36,158.63,415.16,1.19,157.34,8.65,0.0,0.0
1779200229.461114,418.97,1.29,2.116,418.97,1.29,2.116,VISION,3.81,420.16,-7.36,158.63,415.16,1.19,157.34,8.65,0.0,0.0
1779200229.6118233,418.97,1.29,2.116,418.4970953618795,2.0696948826784727,2.2417794084220106,VISION,3.81,420.16,-7.36,158.63,415.16,1.19,157.34,8.65,30.0,0.0
1779200229.662005,418.97,1.29,2.116,416.827874201504,4.172371064556466,2.5196348040015555,VISION,3.81,420.16,-7.36,158.63,415.16,1.19,157.34,8.65,30.0,0.0
1779200229.712286,418.97,1.29,2.116,416.827874201504,4.172371064556466,2.5196348040015555,VISION,3.81,420.16,-7.36,158.63,415.16,1.19,157.34,8.65,30.0,0.0
1779200229.762582,418.97,1.29,2.116,415.92019464820225,4.8230582589968645,2.5187472179280763,VISION,3.81,420.16,-7.36,158.63,415.16,1.19,157.34,8.65,30.0,0.0
1779200229.8129618,418.97,1.29,2.116,415.92019464820225,4.8230582589968645,2.5187472179280763,VISION,3.81,420.16,-7.36,158.63,415.16,1.19,157.34,8.65,30.0,0.0
1779200229.8633218,418.97,1.29,2.116,414.0160105910022,6.190668802754806,2.522026366091643,VISION,3.81,420.16,-7.36,158.63,415.16,1.19,157.34,8.65,30.0,0.0
1779200229.9136968,414.0160105910022,6.190668802754806,2.522026366091643,414.0160105910022,6.190668802754806,2.522026366091643,ESTIMA,3.81,420.16,-7.36,158.63,410.206,6.144,152.439,13.551,30.0,0.0
1779200229.9640124,419.25,1.33,2.153,419.25,1.33,2.153,VISION,3.81,420.16,-7.36,158.63,415.44,0.91,157.3,8.69,0.0,0.0
1779200230.0143073,419.25,1.33,2.153,416.84190470683654,4.987925916178561,2.17734395829319,VISION,3.81,420.16,-7.36,158.63,415.44,0.91,157.3,8.69,0.0,0.0
1779200230.0645182,419.25,1.33,2.153,416.84190470683654,4.987925916178561,2.17734395829319,VISION,3.81,420.16,-7.36,158.63,415.44,0.91,157.3,8.69,0.0,0.0
1779200230.11482,419.25,1.33,2.153,415.9445246917502,6.281367599669279,2.1761366826656867,VISION,3.81,420.16,-7.36,158.63,415.44,0.91,157.3,8.69,0.0,0.0
1779200230.1649816,419.25,1.33,2.153,415.9445246917502,6.281367599669279,2.1761366826656867,VISION,3.81,420.16,-7.36,158.63,415.44,0.91,157.3,8.69,0.0,0.0
1779200230.2151418,419.25,1.33,2.153,414.98426698299596,7.669012209826077,2.1559090017859095,VISION,3.81,420.16,-7.36,158.63,415.44,0.91,157.3,8.69,0.0,0.0
1779200230.2653081,419.25,1.33,2.153,414.98426698299596,7.669012209826077,2.1559090017859095,VISION,3.81,420.16,-7.36,158.63,415.44,0.91,157.3,8.69,0.0,0.0
1779200230.3154833,419.25,1.33,2.153,414.47290722185323,8.44087560323896,2.1264939493480157,VISION,3.81,420.16,-7.36,158.63,415.44,0.91,157.3,8.69,0.0,0.0
1779200230.3657494,419.25,1.33,2.153,414.47290722185323,8.44087560323896,2.1264939493480157,VISION,3.81,420.16,-7.36,158.63,415.44,0.91,157.3,8.69,0.0,0.0
1779200230.4159684,419.25,1.33,2.153,413.92921364399456,9.316427909487945,2.195709075679328,VISION,3.81,420.16,-7.36,158.63,415.44,0.91,157.3,8.69,0.0,0.0
1779200230.4662516,413.92921364399456,9.316427909487945,2.195709075679328,413.92921364399456,9.316427909487945,2.195709075679328,ESTIMA,3.81,420.16,-7.36,158.63,410.119,6.231,149.314,16.676,-20.0,0.0
1779200230.516546,413.7127169853045,9.616554234158016,2.145740979852765,413.7127169853045,9.616554234158016,2.145740979852765,ESTIMA,3.81,420.16,-7.36,158.63,409.903,6.447,149.013,16.977,-20.0,0.0
1779200230.566911,414.97,-2.18,2.168,414.97,-2.18,2.168,VISION,3.81,420.16,-7.36,158.63,411.16,5.19,160.81,5.18,-20.0,0.0
1779200230.6171014,414.97,-2.18,2.168,410.9478890667294,3.7345253888419445,2.168,VISION,3.81,420.16,-7.36,158.63,411.16,5.19,160.81,5.18,-20.0,0.0
1779200230.6673243,414.97,-2.18,2.168,410.9478890667294,3.7345253888419445,2.168,VISION,3.81,420.16,-7.36,158.63,411.16,5.19,160.81,5.18,-20.0,0.0
1779200230.7174954,414.97,-2.18,2.168,408.38834318545287,7.498344773705498,2.168,VISION,3.81,420.16,-7.36,158.63,411.16,5.19,160.81,5.18,-20.0,0.0
1779200230.7678406,414.97,-2.18,2.168,408.38834318545287,7.498344773705498,2.168,VISION,3.81,420.16,-7.36,158.63,411.16,5.19,160.81,5.18,-20.0,0.0
1779200230.8181016,414.97,-2.18,2.168,404.3113190740807,13.493620144696548,2.168,VISION,3.81,420.16,-7.36,158.63,411.16,5.19,160.81,5.18,-20.0,0.0
1779200230.868354,414.97,-2.18,2.168,404.3113190740807,13.493620144696548,2.168,VISION,3.81,420.16,-7.36,158.63,411.16,5.19,160.81,5.18,-20.0,0.0
1779200230.9186125,414.97,-2.18,2.168,399.8966254478859,19.98543948267166,2.168,VISION,3.81,420.16,-7.36,158.63,411.16,5.19,160.81,5.18,-20.0,0.0
1779200230.9689147,414.97,-2.18,2.168,399.8966254478859,19.98543948267166,2.168,VISION,3.81,420.16,-7.36,158.63,411.16,5.19,160.81,5.18,0.0,0.0
1779200231.019095,414.97,-2.18,2.168,396.55004038488477,24.906602187884303,2.168,VISION,3.81,420.16,-7.36,158.63,411.16,5.19,160.81,5.18,0.0,0.0
1779200231.0694306,414.97,-2.18,2.168,396.55004038488477,24.906602187884303,2.168,VISION,3.81,420.16,-7.36,158.63,411.16,5.19,160.81,5.18,0.0,0.0
1779200231.1198788,410.38,-5.91,2.164,410.38,-5.91,2.164,VISION,3.81,420.16,-7.36,158.63,406.57,9.78,164.54,1.45,0.0,0.0
1779200231.1700752,410.38,-5.91,2.164,410.38,-5.91,2.164,VISION,3.81,420.16,-7.36,158.63,406.57,9.78,164.54,1.45,0.0,0.0
1779200231.2203393,410.38,-5.91,2.164,410.38,-5.91,2.164,VISION,3.81,420.16,-7.36,158.63,406.57,9.78,164.54,1.45,0.0,0.0
1779200231.270521,410.38,-5.91,2.164,410.38,-5.909999999999998,2.164000000000001,VISION,3.81,420.16,-7.36,158.63,406.57,9.78,164.54,1.45,0.0,0.0
1779200231.32076,410.38,-5.91,2.164,410.38,-5.9099999999999975,2.1640000000000015,VISION,3.81,420.16,-7.36,158.63,406.57,9.78,164.54,1.45,0.0,0.0
1779200231.370937,410.38,-5.91,2.164,410.38,-5.9099999999999975,2.1640000000000015,VISION,3.81,420.16,-7.36,158.63,406.57,9.78,164.54,1.45,0.0,0.0
1779200231.5715117,410.38,-5.91,2.164,408.9978299744936,-3.8599277859449197,2.5050326365766877,VISION,3.81,420.16,-7.36,158.63,406.57,9.78,164.54,1.45,30.0,0.0
1779200231.621697,410.38,-5.91,2.164,408.9978299744936,-3.8599277859449197,2.5050326365766877,VISION,3.81,420.16,-7.36,158.63,406.57,9.78,164.54,1.45,30.0,0.0
1779200231.6719398,407.57565261652536,-2.808639294893516,2.748971613719548,407.57565261652536,-2.808639294893516,2.748971613719548,ESTIMA,3.81,420.16,-7.36,158.63,403.766,12.584,161.439,4.551,30.0,0.0
1779200231.722187,412.12,-3.9,2.025,412.12,-3.9,2.025,VISION,3.81,420.16,-7.36,158.63,408.31,8.04,162.53,3.46,0.0,0.0
1779200231.7723734,412.12,-3.9,2.025,411.5380843753571,-2.708161043085995,2.028952561063045,VISION,3.81,420.16,-7.36,158.63,408.31,8.04,162.53,3.46,0.0,0.0
1779200231.822614,412.12,-3.9,2.025,411.5380843753571,-2.708161043085995,2.028952561063045,VISION,3.81,420.16,-7.36,158.63,408.31,8.04,162.53,3.46,0.0,0.0
1779200231.8728724,412.12,-3.9,2.025,411.18222932041067,-1.9865716650765473,2.025823211526065,VISION,3.81,420.16,-7.36,158.63,408.31,8.04,162.53,3.46,0.0,0.0
1779200231.9231257,412.12,-3.9,2.025,411.18222932041067,-1.9865716650765473,2.025823211526065,VISION,3.81,420.16,-7.36,158.63,408.31,8.04,162.53,3.46,0.0,0.0
1779200231.97339,412.12,-3.9,2.025,410.8420925317818,-1.2913793706074241,2.015038444751831,VISION,3.81,420.16,-7.36,158.63,408.31,8.04,162.53,3.46,0.0,0.0
1779200232.0235615,412.12,-3.9,2.025,410.8420925317818,-1.2913793706074241,2.015038444751831,VISION,3.81,420.16,-7.36,158.63,408.31,8.04,162.53,3.46,0.0,0.0
1779200232.0737956,412.12,-3.9,2.025,410.69166399539984,-0.9753352699069335,1.9667600964127807,VISION,3.81,420.16,-7.36,158.63,408.31,8.04,162.53,3.46,0.0,0.0
1779200232.123961,412.12,-3.9,2.025,410.69166399539984,-0.9753352699069335,1.9667600964127807,VISION,3.81,420.16,-7.36,158.63,408.31,8.04,162.53,3.46,0.0,0.0
1779200232.1742232,412.12,-3.9,2.025,410.69166399539984,-0.9753352699069323,1.9667600964127814,VISION,3.81,420.16,-7.36,158.63,408.31,8.04,162.53,3.46,0.0,0.0
1779200232.2244358,410.69166399539984,-0.9753352699069323,1.9667600964127814,410.69166399539984,-0.9753352699069323,1.9667600964127814,ESTIMA,3.81,420.16,-7.36,158.63,406.882,9.468,159.605,6.385,-20.0,0.0
1779200232.274659,410.69166399539984,-0.9753352699069323,1.9667600964127814,410.69166399539984,-0.9753352699069323,1.9667600964127814,ESTIMA,3.81,420.16,-7.36,158.63,406.882,9.468,159.605,6.385,-20.0,0.0
1779200232.324903,412.04,-3.74,2.005,412.04,-3.74,2.005,VISION,3.81,420.16,-7.36,158.63,408.23,8.12,162.37,3.62,-20.0,0.0
1779200232.3751216,412.04,-3.74,2.005,409.5997402195406,1.522370569975041,2.005,VISION,3.81,420.16,-7.36,158.63,408.23,8.12,162.37,3.62,-20.0,0.0
1779200232.425294,412.04,-3.74,2.005,409.5997402195406,1.522370569975041,2.005,VISION,3.81,420.16,-7.36,158.63,408.23,8.12,162.37,3.62,-20.0,0.0
1779200232.4755552,412.04,-3.74,2.005,409.5997402195406,1.522370569975041,2.005,VISION,3.81,420.16,-7.36,158.63,408.23,8.12,162.37,3.62,-20.0,0.0
1779200232.5257819,412.04,-3.74,2.005,406.40501586711866,8.411728639959989,2.005,VISION,3.81,420.16,-7.36,158.63,408.23,8.12,162.37,3.62,-20.0,0.0
1779200232.5760653,412.04,-3.74,2.005,404.2952568625895,12.961381010612083,2.005,VISION,3.81,420.16,-7.36,158.63,408.23,8.12,162.37,3.62,-20.0,0.0
1779200232.6262846,412.04,-3.74,2.005,404.2952568625895,12.961381010612083,2.005,VISION,3.81,420.16,-7.36,158.63,408.23,8.12,162.37,3.62,-20.0,0.0
1779200232.676539,412.04,-3.74,2.005,401.24640551687986,19.536166909378405,2.005,VISION,3.81,420.16,-7.36,158.63,408.23,8.12,162.37,3.62,-20.0,0.0
1779200232.7268126,412.04,-3.74,2.005,401.24640551687986,19.536166909378405,2.005,VISION,3.81,420.16,-7.36,158.63,408.23,8.12,162.37,3.62,0.0,0.0
1779200232.7770228,412.04,-3.74,2.005,398.43525049587754,25.598365519796545,2.005,VISION,3.81,420.16,-7.36,158.63,408.23,8.12,162.37,3.62,0.0,0.0
1779200232.827372,412.04,-3.74,2.005,398.43525049587754,25.598365519796545,2.005,VISION,3.81,420.16,-7.36,158.63,408.23,8.12,162.37,3.62,0.0,0.0
1779200232.8775923,409.74,-4.67,1.998,407.97259285174346,-0.7876438790394529,2.0954281008394102,VISION,3.81,420.16,-7.36,158.63,405.93,10.42,163.3,2.69,0.0,0.0
1779200232.927819,409.74,-4.67,1.998,409.74,-4.67,1.998,VISION,3.81,420.16,-7.36,158.63,405.93,10.42,163.3,2.69,0.0,0.0
1779200232.978175,409.74,-4.67,1.998,409.74,-4.67,1.998,VISION,3.81,420.16,-7.36,158.63,405.93,10.42,163.3,2.69,0.0,0.0
1779200233.0284615,409.74,-4.67,1.998,409.74,-4.669999999999998,1.9980000000000007,VISION,3.81,420.16,-7.36,158.63,405.93,10.42,163.3,2.69,0.0,0.0
1779200233.0787501,409.74,-4.67,1.998,409.74,-4.669999999999997,1.998000000000001,VISION,3.81,420.16,-7.36,158.63,405.93,10.42,163.3,2.69,0.0,0.0
1779200233.1289146,409.74,-4.67,1.998,409.74,-4.669999999999997,1.998000000000001,VISION,3.81,420.16,-7.36,158.63,405.93,10.42,163.3,2.69,0.0,0.0
1779200233.329842,409.74,-4.67,1.998,408.3809656631405,-1.684691673332476,2.4504272524077337,VISION,3.81,420.16,-7.36,158.63,405.93,10.42,163.3,2.69,30.0,0.0
1779200233.3801298,409.74,-4.67,1.998,407.13989226467874,-0.657955074577633,2.672596911463246,VISION,3.81,420.16,-7.36,158.63,405.93,10.42,163.3,2.69,30.0,0.0
1779200233.4304981,407.13989226467874,-0.657955074577633,2.672596911463246,407.13989226467874,-0.657955074577633,2.672596911463246,ESTIMA,3.81,420.16,-7.36,158.63,403.33,13.02,159.288,6.702,30.0,0.0
1779200233.480778,412.85,-2.13,1.726,412.85,-2.13,1.726,VISION,3.81,420.16,-7.36,158.63,409.04,7.31,160.76,5.23,0.0,0.0
1779200233.5309749,412.85,-2.13,1.726,412.4983661926885,0.11740722603383835,1.8568551214753626,VISION,3.81,420.16,-7.36,158.63,409.04,7.31,160.76,5.23,0.0,0.0
1779200233.5811582,412.85,-2.13,1.726,412.4983661926885,0.11740722603383835,1.8568551214753626,VISION,3.81,420.16,-7.36,158.63,409.04,7.31,160.76,5.23,0.0,0.0
1779200233.6313462,412.85,-2.13,1.726,412.285107745236,0.8424662527609044,1.8301273020981792,VISION,3.81,420.16,-7.36,158.63,409.04,7.31,160.76,5.23,0.0,0.0
1779200233.681661,412.85,-2.13,1.726,412.285107745236,0.8424662527609044,1.8301273020981792,VISION,3.81,420.16,-7.36,158.63,409.04,7.31,160.76,5.23,0.0,0.0
1779200233.7319624,412.85,-2.13,1.726,412.06989236937386,1.6536651865829057,1.803827673383874,VISION,3.81,420.16,-7.36,158.63,409.04,7.31,160.76,5.23,0.0,0.0
1779200233.7822428,412.85,-2.13,1.726,412.06989236937386,1.6536651865829057,1.803827673383874,VISION,3.81,420.16,-7.36,158.63,409.04,7.31,160.76,5.23,0.0,0.0
1779200233.8326135,412.85,-2.13,1.726,411.85499944126866,2.5590753616606565,1.7879475610001327,VISION,3.81,420.16,-7.36,158.63,409.04,7.31,160.76,5.23,0.0,0.0
1779200233.8829253,412.85,-2.13,1.726,411.85499944126866,2.5590753616606565,1.7879475610001327,VISION,3.81,420.16,-7.36,158.63,409.04,7.31,160.76,5.23,0.0,0.0
1779200233.9332008,412.85,-2.13,1.726,411.85499944126866,2.5590753616606583,1.7879475610001332,VISION,3.81,420.16,-7.36,158.63,409.04,7.31,160.76,5.23,0.0,0.0
1779200233.9835958,411.85499944126866,2.5590753616606583,1.7879475610001332,411.85499944126866,2.5590753616606583,1.7879475610001332,ESTIMA,3.81,420.16,-7.36,158.63,408.045,8.305,156.071,9.919,-20.0,0.0
1779200234.0340126,411.85499944126866,2.55907536166066,1.7879475610001339,411.85499944126866,2.55907536166066,1.7879475610001339,ESTIMA,3.81,420.16,-7.36,158.63,408.045,8.305,156.071,9.919,-20.0,0.0
1779200234.0842416,412.74,-1.97,1.687,412.74,-1.97,1.687,VISION,3.81,420.16,-7.36,158.63,408.93,7.42,160.6,5.39,-20.0,0.0
1779200234.1344202,412.74,-1.97,1.687,411.7654629654881,6.37867407611746,1.687,VISION,3.81,420.16,-7.36,158.63,408.93,7.42,160.6,5.39,-20.0,0.0
1779200234.1846302,412.74,-1.97,1.687,411.7654629654881,6.37867407611746,1.687,VISION,3.81,420.16,-7.36,158.63,408.93,7.42,160.6,5.39,-20.0,0.0
1779200234.2348354,412.74,-1.97,1.687,411.0296187797467,12.682511754936783,1.7842665096151418,VISION,3.81,420.16,-7.36,158.63,408.93,7.42,160.6,5.39,-20.0,0.0
1779200234.2850597,412.74,-1.97,1.687,411.0296187797467,12.682511754936783,1.7842665096151418,VISION,3.81,420.16,-7.36,158.63,408.93,7.42,160.6,5.39,-20.0,0.0
1779200234.3352284,412.74,-1.97,1.687,410.2532412903853,16.26403516295178,1.8404305901362978,VISION,3.81,420.16,-7.36,158.63,408.93,7.42,160.6,5.39,-20.0,0.0
1779200234.3854194,412.74,-1.97,1.687,410.2532412903853,16.26403516295178,1.8404305901362978,VISION,3.81,420.16,-7.36,158.63,408.93,7.42,160.6,5.39,-20.0,0.0
1779200234.4356031,412.74,-1.97,1.687,408.47633361879116,22.693616932921916,1.8404305901362978,VISION,3.81,420.16,-7.36,158.63,408.93,7.42,160.6,5.39,-20.0,0.0
1779200234.4858112,412.74,-1.97,1.687,408.47633361879116,22.693616932921916,1.8404305901362978,VISION,3.81,420.16,-7.36,158.63,408.93,7.42,160.6,5.39,0.0,0.0
1779200234.5360138,412.74,-1.97,1.687,406.6307223114166,29.371796675204457,1.8404305901362978,VISION,3.81,420.16,-7.36,158.63,408.93,7.42,160.6,5.39,0.0,0.0
1779200234.5861819,406.6307223114166,29.371796675204457,1.8404305901362978,406.6307223114166,29.371796675204457,1.8404305901362978,ESTIMA,3.81,420.16,-7.36,158.63,402.821,13.529,129.258,36.732,0.0,0.0
1779200234.6363766,409.72,-1.82,1.646,409.72,-1.82,1.646,VISION,3.81,420.16,-7.36,158.63,405.91,10.44,160.45,5.54,0.0,0.0
1779200234.6865792,409.72,-1.82,1.646,409.72,-1.82,1.646,VISION,3.81,420.16,-7.36,158.63,405.91,10.44,160.45,5.54,0.0,0.0
1779200234.73687,409.72,-1.82,1.646,409.72,-1.82,1.646,VISION,3.81,420.16,-7.36,158.63,405.91,10.44,160.45,5.54,0.0,0.0
1779200234.7870672,409.72,-1.82,1.646,409.6841897239569,-1.3447208067109333,1.711741566953988,VISION,3.81,420.16,-7.36,158.63,405.91,10.44,160.45,5.54,0.0,0.0
1779200234.8373315,409.72,-1.82,1.646,409.6841897239569,-1.3447208067109322,1.7117415669539882,VISION,3.81,420.16,-7.36,158.63,405.91,10.44,160.45,5.54,0.0,0.0
1779200234.8876498,409.72,-1.82,1.646,409.6841897239569,-1.3447208067109322,1.7117415669539882,VISION,3.81,420.16,-7.36,158.63,405.91,10.44,160.45,5.54,0.0,0.0
1779200235.0885878,409.72,-1.82,1.646,409.27746315811754,1.5218514021229816,2.111090924295887,VISION,3.81,420.16,-7.36,158.63,405.91,10.44,160.45,5.54,30.0,0.0
1779200235.13877,408.0259562064996,3.6082869741429464,2.44667696242497,408.0259562064996,3.6082869741429464,2.44667696242497,ESTIMA,3.81,420.16,-7.36,158.63,404.216,12.134,155.022,10.968,30.0,0.0
1779200235.1890616,408.0259562064996,3.6082869741429464,2.44667696242497,408.0259562064996,3.6082869741429464,2.44667696242497,ESTIMA,3.81,420.16,-7.36,158.63,404.216,12.134,155.022,10.968,0.0,0.0
1779200235.2393117,413.78,-0.63,1.275,413.78,-0.63,1.275,VISION,3.81,420.16,-7.36,158.63,409.97,6.38,159.26,6.73,0.0,0.0
1779200235.2895467,413.78,-0.63,1.275,414.27625278553944,0.9984663443194018,1.2702726811453455,VISION,3.81,420.16,-7.36,158.63,409.97,6.38,159.26,6.73,0.0,0.0
1779200235.3397617,413.78,-0.63,1.275,414.54388961355596,1.862061406349412,1.2760935155234205,VISION,3.81,420.16,-7.36,158.63,409.97,6.38,159.26,6.73,0.0,0.0
1779200235.389967,413.78,-0.63,1.275,414.54388961355596,1.862061406349412,1.2760935155234205,VISION,3.81,420.16,-7.36,158.63,409.97,6.38,159.26,6.73,0.0,0.0
1779200235.4401193,413.78,-0.63,1.275,414.73822159087524,2.502276667706884,1.2430164489347928,VISION,3.81,420.16,-7.36,158.63,409.97,6.38,159.26,6.73,0.0,0.0
1779200235.490475,413.78,-0.63,1.275,414.73822159087524,2.502276667706884,1.2430164489347928,VISION,3.81,420.16,-7.36,158.63,409.97,6.38,159.26,6.73,0.0,0.0
1779200235.5406647,413.78,-0.63,1.275,414.73822159087524,2.502276667706884,1.2430164489347928,VISION,3.81,420.16,-7.36,158.63,409.97,6.38,159.26,6.73,0.0,0.0
1779200235.5909088,413.78,-0.63,1.275,415.0307868710579,3.36264599271494,1.3254990774843463,VISION,3.81,420.16,-7.36,158.63,409.97,6.38,159.26,6.73,0.0,0.0
1779200235.64108,413.78,-0.63,1.275,415.0307868710579,3.36264599271494,1.3254990774843463,VISION,3.81,420.16,-7.36,158.63,409.97,6.38,159.26,6.73,0.0,0.0
1779200235.6912532,413.78,-0.63,1.275,415.0307868710579,3.3626459927149424,1.3254990774843467,VISION,3.81,420.16,-7.36,158.63,409.97,6.38,159.26,6.73,-20.0,0.0
1779200235.741432,415.0307868710579,3.3626459927149424,1.3254990774843467,415.0307868710579,3.3626459927149424,1.3254990774843467,ESTIMA,3.81,420.16,-7.36,158.63,411.221,5.129,155.267,10.723,-20.0,0.0
1779200235.7919097,415.0307868710579,3.362645992714944,1.3254990774843471,415.0307868710579,3.362645992714944,1.3254990774843471,ESTIMA,3.81,420.16,-7.36,158.63,411.221,5.129,155.267,10.723,-20.0,0.0
1779200235.8423502,413.73,-0.34,1.22,413.73,-0.34,1.22,VISION,3.81,420.16,-7.36,158.63,409.92,6.43,158.97,7.02,-20.0,0.0
1779200235.8927882,413.73,-0.34,1.22,415.5232856823562,4.560608979015463,1.22,VISION,3.81,420.16,-7.36,158.63,409.92,6.43,158.97,7.02,-20.0,0.0
1779200235.9432158,413.73,-0.34,1.22,415.5232856823562,4.560608979015463,1.22,VISION,3.81,420.16,-7.36,158.63,409.92,6.43,158.97,7.02,-20.0,0.0
1779200235.9936812,413.73,-0.34,1.22,418.03368736007366,11.420919705744472,1.22,VISION,3.81,420.16,-7.36,158.63,409.92,6.43,158.97,7.02,-20.0,0.0
1779200236.0441024,413.73,-0.34,1.22,418.03368736007366,11.420919705744472,1.22,VISION,3.81,420.16,-7.36,158.63,409.92,6.43,158.97,7.02,-20.0,0.0
1779200236.094362,413.73,-0.34,1.22,419.95742783372475,16.678029563490814,1.3057936201424434,VISION,3.81,420.16,-7.36,158.63,409.92,6.43,158.97,7.02,-20.0,0.0
1779200236.1447287,413.73,-0.34,1.22,419.95742783372475,16.678029563490814,1.3057936201424434,VISION,3.81,420.16,-7.36,158.63,409.92,6.43,158.97,7.02,-20.0,0.0
1779200236.1951118,413.73,-0.34,1.22,421.59300249457357,22.7047881757253,1.457795690010334,VISION,3.81,420.16,-7.36,158.63,409.92,6.43,158.97,7.02,0.0,0.0
1779200236.2454872,413.73,-0.34,1.22,421.59300249457357,22.7047881757253,1.457795690010334,VISION,3.81,420.16,-7.36,158.63,409.92,6.43,158.97,7.02,0.0,0.0
1779200236.2959418,413.73,-0.34,1.22,422.28381928927803,28.792133596642707,1.5516871593738424,VISION,3.81,420.16,-7.36,158.63,409.92,6.43,158.97,7.02,0.0,0.0
1779200236.34636,422.28381928927803,28.792133596642707,1.5516871593738424,422.28381928927803,28.792133596642707,1.5516871593738424,ESTIMA,3.81,420.16,-7.36,158.63,418.474,-2.124,129.838,36.152,0.0,0.0
1779200236.3966467,410.8,1.11,1.163,410.8,1.11,1.163,VISION,3.81,420.16,-7.36,158.63,406.99,9.36,157.52,8.47,0.0,0.0
1779200236.4469848,410.8,1.11,1.163,410.8,1.11,1.163,VISION,3.81,420.16,-7.36,158.63,406.99,9.36,157.52,8.47,0.0,0.0
1779200236.4973783,410.8,1.11,1.163,410.8,1.11,1.163,VISION,3.81,420.16,-7.36,158.63,406.99,9.36,157.52,8.47,0.0,0.0
1779200236.547652,410.8,1.11,1.163,410.8,1.1100000000000028,1.163000000000001,VISION,3.81,420.16,-7.36,158.63,406.99,9.36,157.52,8.47,0.0,0.0
1779200236.5979989,410.8,1.11,1.163,410.8,1.1100000000000037,1.1630000000000011,VISION,3.81,420.16,-7.36,158.63,406.99,9.36,157.52,8.47,0.0,0.0
1779200236.8493688,410.8,1.11,1.163,412.27641112885004,4.527509572534351,1.6764882039037263,VISION,3.81,420.16,-7.36,158.63,406.99,9.36,157.52,8.47,30.0,0.0
1779200236.8998208,412.10877294801276,6.107701958464445,1.8956688437626301,412.10877294801276,6.107701958464445,1.8956688437626301,ESTIMA,3.81,420.16,-7.36,158.63,408.299,8.051,152.522,13.468,30.0,0.0
1779200236.9501803,412.10877294801276,6.107701958464445,1.8956688437626301,412.10877294801276,6.107701958464445,1.8956688437626301,ESTIMA,3.81,420.16,-7.36,158.63,408.299,8.051,152.522,13.468,30.0,0.0
1779200237.0005493,414.01,0.58,0.829,414.01,0.58,0.829,VISION,3.81,420.16,-7.36,158.63,410.2,6.15,158.05,7.94,30.0,0.0
1779200237.050924,414.01,0.58,0.829,414.82984684301175,1.4746494386571702,0.8348340176961424,VISION,3.81,420.16,-7.36,158.63,410.2,6.15,158.05,7.94,30.0,0.0
1779200237.1012204,414.01,0.58,0.829,416.31969905757217,3.1195996584010874,0.8463276357828382,VISION,3.81,420.16,-7.36,158.63,410.2,6.15,158.05,7.94,30.0,0.0
1779200237.1515348,414.01,0.58,0.829,416.31969905757217,3.1195996584010874,0.8463276357828382,VISION,3.81,420.16,-7.36,158.63,410.2,6.15,158.05,7.94,30.0,0.0
1779200237.2018607,414.01,0.58,0.829,416.31969905757217,3.1195996584010874,0.8463276357828382,VISION,3.81,420.16,-7.36,158.63,410.2,6.15,158.05,7.94,30.0,0.0
1779200237.2521093,414.01,0.58,0.829,419.3162042705167,6.505461034848009,0.861295321972503,VISION,3.81,420.16,-7.36,158.63,410.2,6.15,158.05,7.94,30.0,0.0
1779200237.3025026,414.01,0.58,0.829,419.3162042705167,6.505461034848009,0.861295321972503,VISION,3.81,420.16,-7.36,158.63,410.2,6.15,158.05,7.94,30.0,0.0
1779200237.3529663,414.01,0.58,0.829,420.6248408467432,8.029503680972343,0.8666628016507661,VISION,3.81,420.16,-7.36,158.63,410.2,6.15,158.05,7.94,30.0,0.0
1779200237.4033713,414.01,0.58,0.829,420.6248408467432,8.029503680972343,0.8666628016507661,VISION,3.81,420.16,-7.36,158.63,410.2,6.15,158.05,7.94,30.0,0.0
1779200237.4537666,414.01,0.58,0.829,422.8712316204988,10.674248072186728,0.885494931830164,VISION,3.81,420.16,-7.36,158.63,410.2,6.15,158.05,7.94,30.0,0.0
1779200237.504177,422.8712316204988,10.674248072186728,0.885494931830164,422.8712316204988,10.674248072186728,0.885494931830164,ESTIMA,3.81,420.16,-7.36,158.63,419.061,-2.711,147.956,18.034,30.0,0.0
1779200237.5545213,424.2549800500456,12.366974281354175,0.9305123147236698,424.2549800500456,12.366974281354175,0.9305123147236698,ESTIMA,3.81,420.16,-7.36,158.63,420.445,-4.095,146.263,19.727,30.0,0.0
1779200237.6049721,414.14,0.66,0.792,414.14,0.66,0.792,VISION,3.81,420.16,-7.36,158.63,410.33,6.02,157.97,8.02,30.0,0.0
1779200237.6552346,414.14,0.66,0.792,415.8421335870948,2.3847576920602847,0.8373249048896639,VISION,3.81,420.16,-7.36,158.63,410.33,6.02,157.97,8.02,30.0,0.0
1779200237.705572,414.14,0.66,0.792,415.8421335870948,2.3847576920602847,0.8373249048896639,VISION,3.81,420.16,-7.36,158.63,410.33,6.02,157.97,8.02,30.0,0.0
1779200237.7559197,414.14,0.66,0.792,417.3657521150439,4.075434269021379,0.873850015256647,VISION,3.81,420.16,-7.36,158.63,410.33,6.02,157.97,8.02,30.0,0.0
1779200237.806331,414.14,0.66,0.792,417.3657521150439,4.075434269021379,0.873850015256647,VISION,3.81,420.16,-7.36,158.63,410.33,6.02,157.97,8.02,30.0,0.0
1779200237.856907,414.14,0.66,0.792,419.1319314680887,6.185359144389546,0.9091333932052592,VISION,3.81,420.16,-7.36,158.63,410.33,6.02,157.97,8.02,30.0,0.0
1779200237.907141,414.14,0.66,0.792,419.1319314680887,6.185359144389546,0.9091333932052592,VISION,3.81,420.16,-7.36,158.63,410.33,6.02,157.97,8.02,30.0,0.0
1779200237.9574683,414.14,0.66,0.792,420.7540463616873,8.268270358443912,0.9413148971422943,VISION,3.81,420.16,-7.36,158.63,410.33,6.02,157.97,8.02,30.0,0.0
1779200238.0078707,414.14,0.66,0.792,420.7540463616873,8.268270358443912,0.9413148971422943,VISION,3.81,420.16,-7.36,158.63,410.33,6.02,157.97,8.02,30.0,0.0
1779200238.058112,414.14,0.66,0.792,422.3721398148988,10.489947250837393,0.9739962755370446,VISION,3.81,420.16,-7.36,158.63,410.33,6.02,157.97,8.02,30.0,0.0
1779200238.108281,422.3721398148988,10.489947250837393,0.9739962755370446,422.3721398148988,10.489947250837393,0.9739962755370446,ESTIMA,3.81,420.16,-7.36,158.63,418.562,-2.212,148.14,17.85,30.0,0.0
1779200238.158506,405.87,6.89,0.879,405.87,6.89,0.879,VISION,3.81,420.16,-7.36,158.63,402.06,14.29,151.74,14.25,30.0,0.0
1779200238.2087178,405.87,6.89,0.879,405.87,6.89,0.879,VISION,3.81,420.16,-7.36,158.63,402.06,14.29,151.74,14.25,30.0,0.0
1779200238.2589383,405.87,6.89,0.879,407.6929967600627,9.090728632932908,0.9262830475514482,VISION,3.81,420.16,-7.36,158.63,402.06,14.29,151.74,14.25,30.0,0.0
1779200238.3090994,405.87,6.89,0.879,407.6929967600627,9.090728632932908,0.9262830475514482,VISION,3.81,420.16,-7.36,158.63,402.06,14.29,151.74,14.25,30.0,0.0
1779200238.359416,405.87,6.89,0.879,407.6929967600627,9.090728632932908,0.9262830475514482,VISION,3.81,420.16,-7.36,158.63,402.06,14.29,151.74,14.25,30.0,0.0
1779200238.4097574,405.87,6.89,0.879,409.35899091787235,11.307376404527803,0.9824063084266036,VISION,3.81,420.16,-7.36,158.63,402.06,14.29,151.74,14.25,30.0,0.0
1779200238.4600399,405.87,6.89,0.879,410.30498683232946,12.725179866205455,0.9950562905674534,VISION,3.81,420.16,-7.36,158.63,402.06,14.29,151.74,14.25,30.0,0.0
1779200238.5102417,405.87,6.89,0.879,410.30498683232946,12.725179866205455,0.9950562905674534,VISION,3.81,420.16,-7.36,158.63,402.06,14.29,151.74,14.25,30.0,0.0
1779200238.5604565,405.87,6.89,0.879,411.7867444995086,15.007979002850455,1.0216252441557145,VISION,3.81,420.16,-7.36,158.63,402.06,14.29,151.74,14.25,30.0,0.0
1779200238.610834,405.87,6.89,0.879,411.7867444995086,15.007979002850455,1.0216252441557145,VISION,3.81,420.16,-7.36,158.63,402.06,14.29,151.74,14.25,30.0,0.0
1779200238.6610568,405.87,6.89,0.879,413.1663832421986,17.26241854847826,1.0576724452317365,VISION,3.81,420.16,-7.36,158.63,402.06,14.29,151.74,14.25,30.0,0.0
1779200238.7113345,413.1663832421986,17.26241854847826,1.0576724452317365,413.1663832421986,17.26241854847826,1.0576724452317365,ESTIMA,3.81,420.16,-7.36,158.63,409.356,6.994,141.368,24.622,30.0,0.0
1779200238.7616875,402.69,6.69,0.859,402.69,6.69,0.859,VISION,3.81,420.16,-7.36,158.63,398.88,17.47,151.94,14.05,30.0,0.0
1779200238.8119774,402.69,6.69,0.859,405.035599252727,9.409040633039027,0.8961476575629699,VISION,3.81,420.16,-7.36,158.63,398.88,17.47,151.94,14.05,30.0,0.0
1779200238.862289,402.69,6.69,0.859,406.6344049160557,11.40792579267452,0.9167629182337007,VISION,3.81,420.16,-7.36,158.63,398.88,17.47,151.94,14.05,30.0,0.0
1779200238.9127314,402.69,6.69,0.859,406.6344049160557,11.40792579267452,0.9167629182337007,VISION,3.81,420.16,-7.36,158.63,398.88,17.47,151.94,14.05,30.0,0.0
1779200238.9630926,402.69,6.69,0.859,406.6344049160557,11.40792579267452,0.9167629182337007,VISION,3.81,420.16,-7.36,158.63,398.88,17.47,151.94,14.05,30.0,0.0
1779200239.013536,402.69,6.69,0.859,408.5048085741045,13.847831925533036,0.9247988335649511,VISION,3.81,420.16,-7.36,158.63,398.88,17.47,151.94,14.05,30.0,0.0
1779200239.0639498,402.69,6.69,0.859,408.5048085741045,13.847831925533036,0.9247988335649511,VISION,3.81,420.16,-7.36,158.63,398.88,17.47,151.94,14.05,30.0,0.0
1779200239.114253,402.69,6.69,0.859,409.6941174510522,15.425357292517972,0.9744630690386944,VISION,3.81,420.16,-7.36,158.63,398.88,17.47,151.94,14.05,30.0,0.0
1779200239.1646378,402.69,6.69,0.859,410.8860080964137,17.18132080715669,1.0537030240546534,VISION,3.81,420.16,-7.36,158.63,398.88,17.47,151.94,14.05,30.0,0.0
1779200239.2150023,402.69,6.69,0.859,410.8860080964137,17.18132080715669,1.0537030240546534,VISION,3.81,420.16,-7.36,158.63,398.88,17.47,151.94,14.05,30.0,0.0
1779200239.265381,410.8860080964137,17.18132080715669,1.0537030240546534,410.8860080964137,17.18132080715669,1.0537030240546534,ESTIMA,3.81,420.16,-7.36,158.63,407.076,9.274,141.449,24.541,30.0,0.0
1779200239.3156576,401.13,6.72,0.841,401.13,6.72,0.841,VISION,3.81,420.16,-7.36,158.63,397.32,19.03,151.91,14.08,30.0,0.0
1779200239.3660967,401.13,6.72,0.841,402.7279021031874,8.506261991110755,0.8520471246260954,VISION,3.81,420.16,-7.36,158.63,397.32,19.03,151.91,14.08,30.0,0.0
1779200239.4164577,401.13,6.72,0.841,402.7279021031874,8.506261991110755,0.8520471246260954,VISION,3.81,420.16,-7.36,158.63,397.32,19.03,151.91,14.08,30.0,0.0
1779200239.4668028,401.13,6.72,0.841,402.7279021031874,8.506261991110755,0.8520471246260954,VISION,3.81,420.16,-7.36,158.63,397.32,19.03,151.91,14.08,30.0,0.0
1779200239.517142,401.13,6.72,0.841,404.8257188409023,10.904157754028718,0.8591849494588655,VISION,3.81,420.16,-7.36,158.63,397.32,19.03,151.91,14.08,30.0,0.0
1779200239.5675495,401.13,6.72,0.841,404.8257188409023,10.904157754028718,0.8591849494588655,VISION,3.81,420.16,-7.36,158.63,397.32,19.03,151.91,14.08,30.0,0.0
1779200239.617998,401.13,6.72,0.841,406.6837189529097,13.058774469620392,0.8532345635987542,VISION,3.81,420.16,-7.36,158.63,397.32,19.03,151.91,14.08,30.0,0.0
1779200239.6684706,401.13,6.72,0.841,406.6837189529097,13.058774469620392,0.8532345635987542,VISION,3.81,420.16,-7.36,158.63,397.32,19.03,151.91,14.08,30.0,0.0
1779200239.7188663,401.13,6.72,0.841,408.4797111943706,15.116597412334388,0.8321096771062282,VISION,3.81,420.16,-7.36,158.63,397.32,19.03,151.91,14.08,30.0,0.0
1779200239.7692807,401.13,6.72,0.841,408.4797111943706,15.116597412334388,0.8321096771062282,VISION,3.81,420.16,-7.36,158.63,397.32,19.03,151.91,14.08,30.0,0.0
1779200239.8196924,410.36946917883375,17.191694604604887,0.8190875585760844,410.36946917883375,17.191694604604887,0.8190875585760844,ESTIMA,3.81,420.16,-7.36,158.63,406.559,9.791,141.438,24.552,30.0,0.0
1779200239.870109,410.36946917883375,17.191694604604887,0.8190875585760844,410.36946917883375,17.191694604604887,0.8190875585760844,ESTIMA,3.81,420.16,-7.36,158.63,406.559,9.791,141.438,24.552,30.0,0.0
1779200239.9204967,399.91,6.23,0.677,399.91,6.23,0.677,VISION,3.81,420.16,-7.36,158.63,396.1,20.25,152.4,13.59,30.0,0.0
1779200239.9709535,399.91,6.23,0.677,399.91,6.23,0.677,VISION,3.81,420.16,-7.36,158.63,396.1,20.25,152.4,13.59,30.0,0.0
1779200240.021434,399.91,6.23,0.677,402.1131015618846,8.000658212496813,0.6791540827229483,VISION,3.81,420.16,-7.36,158.63,396.1,20.25,152.4,13.59,30.0,0.0
1779200240.0719013,399.91,6.23,0.677,402.1131015618846,8.000658212496813,0.6791540827229483,VISION,3.81,420.16,-7.36,158.63,396.1,20.25,152.4,13.59,30.0,0.0
1779200240.1221833,399.91,6.23,0.677,404.1745957844839,9.664826718971021,0.6811352425286136,VISION,3.81,420.16,-7.36,158.63,396.1,20.25,152.4,13.59,30.0,0.0
1779200240.1725678,399.91,6.23,0.677,404.1745957844839,9.664826718971021,0.6811352425286136,VISION,3.81,420.16,-7.36,158.63,396.1,20.25,152.4,13.59,30.0,0.0
1779200240.2229168,399.91,6.23,0.677,406.4212539818042,11.485834664106156,0.6861417433336868,VISION,3.81,420.16,-7.36,158.63,396.1,20.25,152.4,13.59,30.0,0.0
1779200240.273323,399.91,6.23,0.677,406.4212539818042,11.485834664106156,0.6861417433336868,VISION,3.81,420.16,-7.36,158.63,396.1,20.25,152.4,13.59,30.0,0.0
1779200240.3237538,399.91,6.23,0.677,408.6559064545659,13.315725070982364,0.6950471540419979,VISION,3.81,420.16,-7.36,158.63,396.1,20.25,152.4,13.59,30.0,0.0
1779200240.3741298,399.91,6.23,0.677,408.6559064545659,13.315725070982364,0.6950471540419979,VISION,3.81,420.16,-7.36,158.63,396.1,20.25,152.4,13.59,30.0,0.0
1779200240.4246218,410.8207677334602,15.120909465672643,0.6727313028137256,410.8207677334602,15.120909465672643,0.6727313028137256,ESTIMA,3.81,420.16,-7.36,158.63,407.011,9.339,143.509,22.481,30.0,0.0
1779200240.4749632,410.8207677334602,15.120909465672643,0.6727313028137256,410.8207677334602,15.120909465672643,0.6727313028137256,ESTIMA,3.81,420.16,-7.36,158.63,407.011,9.339,143.509,22.481,30.0,0.0
1779200240.5252645,396.01,6.52,0.87,396.01,6.52,0.87,VISION,3.81,420.16,-7.36,158.63,392.2,24.15,152.11,13.88,30.0,0.0
1779200240.5755274,396.01,6.52,0.87,398.624267555371,9.618756324859055,0.8775360950139997,VISION,3.81,420.16,-7.36,158.63,392.2,24.15,152.11,13.88,30.0,0.0
1779200240.6259844,396.01,6.52,0.87,400.2158876344819,11.534450686774367,0.8759564574898538,VISION,3.81,420.16,-7.36,158.63,392.2,24.15,152.11,13.88,30.0,0.0
1779200240.6762345,396.01,6.52,0.87,400.2158876344819,11.534450686774367,0.8759564574898538,VISION,3.81,420.16,-7.36,158.63,392.2,24.15,152.11,13.88,30.0,0.0
1779200240.726556,396.01,6.52,0.87,400.2158876344819,11.534450686774367,0.8759564574898538,VISION,3.81,420.16,-7.36,158.63,392.2,24.15,152.11,13.88,30.0,0.0
1779200240.776928,396.01,6.52,0.87,402.2995790971813,14.034363984564418,0.8935219920652008,VISION,3.81,420.16,-7.36,158.63,392.2,24.15,152.11,13.88,30.0,0.0
1779200240.827202,396.01,6.52,0.87,403.6918777714644,15.76572729058375,0.909798024858548,VISION,3.81,420.16,-7.36,158.63,392.2,24.15,152.11,13.88,30.0,0.0
1779200240.8776138,396.01,6.52,0.87,403.6918777714644,15.76572729058375,0.909798024858548,VISION,3.81,420.16,-7.36,158.63,392.2,24.15,152.11,13.88,30.0,0.0
1779200240.9280086,396.01,6.52,0.87,405.40237025813286,17.965135535956374,0.9059583353441535,VISION,3.81,420.16,-7.36,158.63,392.2,24.15,152.11,13.88,30.0,0.0
1779200240.9783506,396.01,6.52,0.87,405.40237025813286,17.965135535956374,0.9059583353441535,VISION,3.81,420.16,-7.36,158.63,392.2,24.15,152.11,13.88,30.0,0.0
1779200241.0287714,407.24702428778465,20.318351872444303,0.9106302447308536,407.24702428778465,20.318351872444303,0.9106302447308536,ESTIMA,3.81,420.16,-7.36,158.63,403.437,12.913,138.312,27.678,30.0,0.0
1779200241.0790565,393.43,5.97,0.789,393.43,5.97,0.789,VISION,3.81,420.16,-7.36,158.63,389.62,26.73,152.66,13.33,30.0,0.0
1779200241.1294343,393.43,5.97,0.789,395.44209645409086,7.99664339802536,0.7800260798156745,VISION,3.81,420.16,-7.36,158.63,389.62,26.73,152.66,13.33,30.0,0.0
1779200241.179825,393.43,5.97,0.789,395.44209645409086,7.99664339802536,0.7800260798156745,VISION,3.81,420.16,-7.36,158.63,389.62,26.73,152.66,13.33,30.0,0.0
1779200241.2302022,393.43,5.97,0.789,395.44209645409086,7.99664339802536,0.7800260798156745,VISION,3.81,420.16,-7.36,158.63,389.62,26.73,152.66,13.33,30.0,0.0
1779200241.2805696,393.43,5.97,0.789,397.9815902919049,10.50899802258388,0.7700269568286664,VISION,3.81,420.16,-7.36,158.63,389.62,26.73,152.66,13.33,30.0,0.0
1779200241.3308833,393.43,5.97,0.789,399.56267757705945,12.042210984774092,0.7926670485072033,VISION,3.81,420.16,-7.36,158.63,389.62,26.73,152.66,13.33,30.0,0.0
1779200241.381275,393.43,5.97,0.789,399.56267757705945,12.042210984774092,0.7926670485072033,VISION,3.81,420.16,-7.36,158.63,389.62,26.73,152.66,13.33,30.0,0.0
1779200241.4315884,393.43,5.97,0.789,401.4167941474844,13.923480122974594,0.8386661901488061,VISION,3.81,420.16,-7.36,158.63,389.62,26.73,152.66,13.33,30.0,0.0
1779200241.4818046,393.43,5.97,0.789,401.4167941474844,13.923480122974594,0.8386661901488061,VISION,3.81,420.16,-7.36,158.63,389.62,26.73,152.66,13.33,30.0,0.0
1779200241.5322008,393.43,5.97,0.789,401.4167941474844,13.923480122974594,0.8386661901488061,VISION,3.81,420.16,-7.36,158.63,389.62,26.73,152.66,13.33,30.0,0.0
1779200241.5824878,403.46663873604723,16.204225105963587,0.8680133396876628,403.46663873604723,16.204225105963587,0.8680133396876628,ESTIMA,3.81,420.16,-7.36,158.63,399.657,16.693,142.426,23.564,30.0,0.0
1779200241.6329508,405.22481348759436,18.279852674323443,0.8792548395429166,405.22481348759436,18.279852674323443,0.8792548395429166,ESTIMA,3.81,420.16,-7.36,158.63,401.415,14.935,140.35,25.64,30.0,0.0
1779200241.6833634,390.55,6.08,0.847,390.55,6.08,0.847,VISION,3.81,420.16,-7.36,158.63,386.74,29.61,152.55,13.44,30.0,0.0
1779200241.7338152,390.55,6.08,0.847,390.55,6.08,0.847,VISION,3.81,420.16,-7.36,158.63,386.74,29.61,152.55,13.44,30.0,0.0
1779200241.7841947,390.55,6.08,0.847,392.61765873916505,8.419491205674426,0.84178852400826,VISION,3.81,420.16,-7.36,158.63,386.74,29.61,152.55,13.44,30.0,0.0
1779200241.8344498,390.55,6.08,0.847,394.27965230394,10.280350550386094,0.8287184762274671,VISION,3.81,420.16,-7.36,158.63,386.74,29.61,152.55,13.44,30.0,0.0
1779200241.8848422,390.55,6.08,0.847,394.27965230394,10.280350550386094,0.8287184762274671,VISION,3.81,420.16,-7.36,158.63,386.74,29.61,152.55,13.44,30.0,0.0
1779200241.935176,390.55,6.08,0.847,394.27965230394,10.280350550386094,0.8287184762274671,VISION,3.81,420.16,-7.36,158.63,386.74,29.61,152.55,13.44,30.0,0.0
1779200241.9854453,390.55,6.08,0.847,396.2488584987699,12.428012403823423,0.8224515883145067,VISION,3.81,420.16,-7.36,158.63,386.74,29.61,152.55,13.44,30.0,0.0
1779200242.0358417,390.55,6.08,0.847,396.2488584987699,12.428012403823423,0.8224515883145067,VISION,3.81,420.16,-7.36,158.63,386.74,29.61,152.55,13.44,30.0,0.0
1779200242.0860453,390.55,6.08,0.847,398.17264000964036,14.499915508969774,0.8125137593293952,VISION,3.81,420.16,-7.36,158.63,386.74,29.61,152.55,13.44,30.0,0.0
1779200242.1363242,390.55,6.08,0.847,398.17264000964036,14.499915508969774,0.8125137593293952,VISION,3.81,420.16,-7.36,158.63,386.74,29.61,152.55,13.44,30.0,0.0
1779200242.1865406,400.44954502587115,16.903773314295695,0.8240313951147703,400.44954502587115,16.903773314295695,0.8240313951147703,ESTIMA,3.81,420.16,-7.36,158.63,396.64,19.71,141.726,24.264,30.0,0.0
1779200242.2367811,400.44954502587115,16.903773314295695,0.8240313951147703,400.44954502587115,16.903773314295695,0.8240313951147703,ESTIMA,3.81,420.16,-7.36,158.63,396.64,19.71,141.726,24.264,30.0,0.0
1779200242.2870014,388.74,5.89,0.799,388.74,5.89,0.799,VISION,3.81,420.16,-7.36,158.63,384.93,31.42,152.74,13.25,30.0,0.0
1779200242.3372948,388.74,5.89,0.799,391.46691111273503,8.692120738783508,0.8288747845722658,VISION,3.81,420.16,-7.36,158.63,384.93,31.42,152.74,13.25,30.0,0.0
1779200242.387476,388.74,5.89,0.799,393.05100748767194,10.420315128094032,0.8262659770581113,VISION,3.81,420.16,-7.36,158.63,384.93,31.42,152.74,13.25,30.0,0.0
1779200242.4377744,388.74,5.89,0.799,393.05100748767194,10.420315128094032,0.8262659770581113,VISION,3.81,420.16,-7.36,158.63,384.93,31.42,152.74,13.25,30.0,0.0
1779200242.4879413,388.74,5.89,0.799,393.05100748767194,10.420315128094032,0.8262659770581113,VISION,3.81,420.16,-7.36,158.63,384.93,31.42,152.74,13.25,30.0,0.0
1779200242.5381153,388.74,5.89,0.799,395.2179697768839,12.772049551463507,0.8271510138928744,VISION,3.81,420.16,-7.36,158.63,384.93,31.42,152.74,13.25,30.0,0.0
1779200242.5883205,388.74,5.89,0.799,396.4806068481645,14.144784919791286,0.8338645574331223,VISION,3.81,420.16,-7.36,158.63,384.93,31.42,152.74,13.25,30.0,0.0
1779200242.638588,388.74,5.89,0.799,396.4806068481645,14.144784919791286,0.8338645574331223,VISION,3.81,420.16,-7.36,158.63,384.93,31.42,152.74,13.25,30.0,0.0
1779200242.6887548,388.74,5.89,0.799,398.66003782018026,16.546417535237453,0.8057991506253088,VISION,3.81,420.16,-7.36,158.63,384.93,31.42,152.74,13.25,30.0,0.0
1779200242.7390532,388.74,5.89,0.799,398.66003782018026,16.546417535237453,0.8057991506253088,VISION,3.81,420.16,-7.36,158.63,384.93,31.42,152.74,13.25,30.0,0.0
1779200242.7892733,400.3134069310011,18.268662052150148,0.8094891408828365,400.3134069310011,18.268662052150148,0.8094891408828365,ESTIMA,3.81,420.16,-7.36,158.63,396.503,19.847,140.361,25.629,30.0,0.0
1779200242.8394911,385.87,5.97,0.844,385.87,5.97,0.844,VISION,3.81,420.16,-7.36,158.63,382.06,34.29,152.66,13.33,30.0,0.0
1779200242.8897984,385.87,5.97,0.844,388.13054675750834,8.512326591017912,0.8802149782985182,VISION,3.81,420.16,-7.36,158.63,382.06,34.29,152.66,13.33,30.0,0.0
1779200242.940222,385.87,5.97,0.844,388.13054675750834,8.512326591017912,0.8802149782985182,VISION,3.81,420.16,-7.36,158.63,382.06,34.29,152.66,13.33,30.0,0.0
1779200242.9908013,385.87,5.97,0.844,388.13054675750834,8.512326591017912,0.8802149782985182,VISION,3.81,420.16,-7.36,158.63,382.06,34.29,152.66,13.33,30.0,0.0
1779200243.0410743,385.87,5.97,0.844,390.74907104719676,11.681248483583087,1.040802851875927,VISION,3.81,420.16,-7.36,158.63,382.06,34.29,152.66,13.33,30.0,0.0
1779200243.0913053,385.87,5.97,0.844,391.6281562824764,13.181628857186626,1.0782956198023463,VISION,3.81,420.16,-7.36,158.63,382.06,34.29,152.66,13.33,30.0,0.0
1779200243.1415606,385.87,5.97,0.844,391.6281562824764,13.181628857186626,1.0782956198023463,VISION,3.81,420.16,-7.36,158.63,382.06,34.29,152.66,13.33,30.0,0.0
1779200243.1918702,385.87,5.97,0.844,393.273924641316,16.248632627063824,1.095138638820886,VISION,3.81,420.16,-7.36,158.63,382.06,34.29,152.66,13.33,30.0,0.0
1779200243.2421017,385.87,5.97,0.844,393.273924641316,16.248632627063824,1.095138638820886,VISION,3.81,420.16,-7.36,158.63,382.06,34.29,152.66,13.33,30.0,0.0
1779200243.2923398,385.87,5.97,0.844,395.30432395487827,20.19035937393365,1.1234020262781028,VISION,3.81,420.16,-7.36,158.63,382.06,34.29,152.66,13.33,30.0,0.0
1779200243.3425825,395.30432395487827,20.19035937393365,1.1234020262781028,395.30432395487827,20.19035937393365,1.1234020262781028,ESTIMA,3.81,420.16,-7.36,158.63,391.494,24.856,138.44,27.55,30.0,0.0
1779200243.392881,396.98285044464484,23.688416378032883,1.1392050461430672,396.98285044464484,23.688416378032883,1.1392050461430672,ESTIMA,3.81,420.16,-7.36,158.63,393.173,23.177,134.942,31.048,30.0,0.0
1779200243.4431882,396.98285044464484,23.688416378032883,1.1392050461430672,396.98285044464484,23.688416378032883,1.1392050461430672,ESTIMA,3.81,420.16,-7.36,158.63,393.173,23.177,134.942,31.048,30.0,0.0
1779200243.4933777,398.6513904136697,27.311357912653246,1.1653875175054609,398.6513904136697,27.311357912653246,1.1653875175054609,ESTIMA,3.81,420.16,-7.36,158.63,394.841,21.509,131.319,34.671,30.0,0.0
1779200243.5435512,398.6513904136697,27.311357912653246,1.1653875175054609,398.6513904136697,27.311357912653246,1.1653875175054609,ESTIMA,3.81,420.16,-7.36,158.63,394.841,21.509,131.319,34.671,30.0,0.0
1779200243.5937617,398.6513904136697,27.311357912653246,1.1653875175054609,398.6513904136697,27.311357912653246,1.1653875175054609,ESTIMA,3.81,420.16,-7.36,158.63,394.841,21.509,131.319,34.671,30.0,0.0
1779200243.643942,400.353536680526,31.277367943053783,1.2397608796534034,400.353536680526,31.277367943053783,1.2397608796534034,ESTIMA,3.81,420.16,-7.36,158.63,396.544,19.806,127.353,38.637,30.0,0.0
1779200243.6941,401.39434706015794,34.30577720187299,1.218831903844189,401.39434706015794,34.30577720187299,1.218831903844189,ESTIMA,3.81,420.16,-7.36,158.63,397.584,18.766,124.324,41.666,30.0,0.0
1779200243.7444136,401.39434706015794,34.30577720187299,1.218831903844189,401.39434706015794,34.30577720187299,1.218831903844189,ESTIMA,3.81,420.16,-7.36,158.63,397.584,18.766,124.324,41.666,30.0,0.0
1779200243.7946641,402.49407568520854,37.30022200021038,1.1978609258155994,402.49407568520854,37.30022200021038,1.1978609258155994,ESTIMA,3.81,420.16,-7.36,158.63,398.684,17.666,121.33,44.66,30.0,0.0
1779200243.844919,402.49407568520854,37.30022200021038,1.1978609258155994,402.49407568520854,37.30022200021038,1.1978609258155994,ESTIMA,3.81,420.16,-7.36,158.63,398.684,17.666,121.33,44.66,30.0,0.0
1779200243.8951573,403.6941388716188,40.36752305658376,1.2164434808319984,403.6941388716188,40.36752305658376,1.2164434808319984,ESTIMA,3.81,420.16,-7.36,158.63,399.884,16.466,118.262,47.728,30.0,0.0
1779200243.945534,403.6941388716188,40.36752305658376,1.2164434808319984,403.6941388716188,40.36752305658376,1.2164434808319984,ESTIMA,3.81,420.16,-7.36,158.63,399.884,16.466,118.262,47.728,30.0,0.0
1779200243.9958725,404.98731476583384,43.86288380931503,1.2207488002465785,404.98731476583384,43.86288380931503,1.2207488002465785,ESTIMA,3.81,420.16,-7.36,158.63,401.177,15.173,114.767,51.223,30.0,0.0
1779200244.0461655,404.98731476583384,43.86288380931503,1.2207488002465785,404.98731476583384,43.86288380931503,1.2207488002465785,ESTIMA,3.81,420.16,-7.36,158.63,401.177,15.173,114.767,51.223,30.0,0.0
1779200244.0964248,406.29651927131806,47.44893634639305,1.186959316529359,406.29651927131806,47.44893634639305,1.186959316529359,ESTIMA,3.81,420.16,-7.36,158.63,402.487,13.863,111.181,54.809,30.0,0.0
1779200244.1467075,406.29651927131806,47.44893634639305,1.186959316529359,406.29651927131806,47.44893634639305,1.186959316529359,ESTIMA,3.81,420.16,-7.36,158.63,402.487,13.863,111.181,54.809,30.0,0.0
1779200244.1970174,406.29651927131806,47.44893634639305,1.186959316529359,406.29651927131806,47.44893634639305,1.186959316529359,ESTIMA,3.81,420.16,-7.36,158.63,402.487,13.863,111.181,54.809,30.0,0.0
1779200244.2473137,408.0516058070722,51.79462226695862,1.1985308779458972,408.0516058070722,51.79462226695862,1.1985308779458972,ESTIMA,3.81,420.16,-7.36,158.63,404.242,12.108,106.835,59.155,30.0,0.0
1779200244.2974832,408.8721930864014,53.89615035496887,1.1930695195767507,408.8721930864014,53.89615035496887,1.1930695195767507,ESTIMA,3.81,420.16,-7.36,158.63,405.062,11.288,104.734,61.256,30.0,0.0
1779200244.3477945,408.8721930864014,53.89615035496887,1.1930695195767507,408.8721930864014,53.89615035496887,1.1930695195767507,ESTIMA,3.81,420.16,-7.36,158.63,405.062,11.288,104.734,61.256,30.0,0.0
1779200244.3979907,408.8721930864014,53.89615035496887,1.1930695195767507,408.8721930864014,53.89615035496887,1.1930695195767507,ESTIMA,3.81,420.16,-7.36,158.63,405.062,11.288,104.734,61.256,30.0,0.0
1779200244.44821,410.2054670787991,57.25639139597874,1.1825487880394283,410.2054670787991,57.25639139597874,1.1825487880394283,ESTIMA,3.81,420.16,-7.36,158.63,406.395,9.955,101.374,64.616,30.0,0.0
1779200244.4983788,410.2054670787991,57.25639139597874,1.1825487880394283,410.2054670787991,57.25639139597874,1.1825487880394283,ESTIMA,3.81,420.16,-7.36,158.63,406.395,9.955,101.374,64.616,30.0,0.0
1779200244.548702,411.5802902082754,60.61775287319817,1.1733255305725132,411.5802902082754,60.61775287319817,1.1733255305725132,ESTIMA,3.81,420.16,-7.36,158.63,407.77,8.58,98.012,67.978,30.0,0.0
1779200244.5989726,411.5802902082754,60.61775287319817,1.1733255305725132,411.5802902082754,60.61775287319817,1.1733255305725132,ESTIMA,3.81,420.16,-7.36,158.63,407.77,8.58,98.012,67.978,30.0,0.0
1779200244.6491833,413.6015288788206,65.43234560694178,1.1564867284350364,413.6015288788206,65.43234560694178,1.1564867284350364,ESTIMA,3.81,420.16,-7.36,158.63,409.792,6.558,93.198,72.792,30.0,0.0
1779200244.6994064,413.6015288788206,65.43234560694178,1.1564867284350364,413.6015288788206,65.43234560694178,1.1564867284350364,ESTIMA,3.81,420.16,-7.36,158.63,409.792,6.558,93.198,72.792,30.0,0.0
1779200244.749731,414.5776063533539,67.65189120499547,1.1509419830016299,414.5776063533539,67.65189120499547,1.1509419830016299,ESTIMA,3.81,420.16,-7.36,158.63,410.768,5.582,90.978,75.012,30.0,0.0
1779200244.800072,414.5776063533539,67.65189120499547,1.1509419830016299,414.5776063533539,67.65189120499547,1.1509419830016299,ESTIMA,3.81,420.16,-7.36,158.63,410.768,5.582,90.978,75.012,30.0,0.0
1779200244.8502579,415.99054994033935,70.81710263112771,1.140760950878283,415.99054994033935,70.81710263112771,1.140760950878283,ESTIMA,3.81,420.16,-7.36,158.63,412.181,4.169,87.813,78.177,30.0,0.0
1779200244.9005811,415.99054994033935,70.81710263112771,1.140760950878283,415.99054994033935,70.81710263112771,1.140760950878283,ESTIMA,3.81,420.16,-7.36,158.63,412.181,4.169,87.813,78.177,30.0,0.0
1779200244.9510083,417.44287769586845,73.98353439716118,1.1298940206500099,417.44287769586845,73.98353439716118,1.1298940206500099,ESTIMA,3.81,420.16,-7.36,158.63,413.633,2.717,84.646,81.344,30.0,0.0
1779200245.0012603,417.44287769586845,73.98353439716118,1.1298940206500099,417.44287769586845,73.98353439716118,1.1298940206500099,ESTIMA,3.81,420.16,-7.36,158.63,413.633,2.717,84.646,81.344,30.0,0.0
1779200245.0516393,419.2140274884255,77.73689852771828,1.1145078958067818,419.2140274884255,77.73689852771828,1.1145078958067818,ESTIMA,3.81,420.16,-7.36,158.63,415.404,0.946,80.893,85.097,30.0,0.0
1779200245.10196,419.2140274884255,77.73689852771828,1.1145078958067818,419.2140274884255,77.73689852771828,1.1145078958067818,ESTIMA,3.81,420.16,-7.36,158.63,415.404,0.946,80.893,85.097,30.0,0.0
1779200245.1522124,420.7540522293019,80.87446214229244,1.101795390388324,420.7540522293019,80.87446214229244,1.101795390388324,ESTIMA,3.81,420.16,-7.36,158.63,416.944,-0.594,77.756,88.234,30.0,0.0
1779200245.202476,347.15,37.53,1.099,347.15,37.53,1.099,VISION,3.81,420.16,-7.36,158.63,343.34,73.01,121.1,44.89,30.0,0.0
1779200245.2527115,347.15,37.53,1.099,348.84997610593314,40.86179830946493,1.0866935027431721,VISION,3.81,420.16,-7.36,158.63,343.34,73.01,121.1,44.89,30.0,0.0
1779200245.3028953,347.15,37.53,1.099,348.84997610593314,40.86179830946493,1.0866935027431721,VISION,3.81,420.16,-7.36,158.63,343.34,73.01,121.1,44.89,30.0,0.0
1779200245.3530786,347.15,37.53,1.099,350.75714819308877,44.488725574119876,1.076700549454935,VISION,3.81,420.16,-7.36,158.63,343.34,73.01,121.1,44.89,30.0,0.0
1779200245.4032817,347.15,37.53,1.099,350.75714819308877,44.488725574119876,1.076700549454935,VISION,3.81,420.16,-7.36,158.63,343.34,73.01,121.1,44.89,30.0,0.0
1779200245.4535012,347.15,37.53,1.099,352.2948475548186,47.34339692519142,1.0612741270844788,VISION,3.81,420.16,-7.36,158.63,343.34,73.01,121.1,44.89,30.0,0.0
1779200245.5038471,347.15,37.53,1.099,352.2948475548186,47.34339692519142,1.0612741270844788,VISION,3.81,420.16,-7.36,158.63,343.34,73.01,121.1,44.89,30.0,0.0
1779200245.554065,347.15,37.53,1.099,354.0342003395298,50.45643514055712,1.0474168361626526,VISION,3.81,420.16,-7.36,158.63,343.34,73.01,121.1,44.89,30.0,0.0
1779200245.6042247,347.15,37.53,1.099,354.0342003395298,50.45643514055712,1.0474168361626526,VISION,3.81,420.16,-7.36,158.63,343.34,73.01,121.1,44.89,30.0,0.0
1779200245.6543956,347.15,37.53,1.099,355.95091553757544,53.77796511334134,1.032921132161077,VISION,3.81,420.16,-7.36,158.63,343.34,73.01,121.1,44.89,30.0,0.0
1779200245.704574,355.95091553757544,53.77796511334134,1.032921132161077,355.95091553757544,53.77796511334134,1.032921132161077,ESTIMA,3.81,420.16,-7.36,158.63,352.141,64.209,104.852,61.138,30.0,0.0
1779200245.7547898,329.82,49.02,0.951,329.82,49.02,0.951,VISION,3.81,420.16,-7.36,158.63,326.01,90.34,109.61,56.38,30.0,0.0
1779200245.805026,329.82,49.02,0.951,329.82,49.02,0.951,VISION,3.81,420.16,-7.36,158.63,326.01,90.34,109.61,56.38,30.0,0.0
1779200245.8552227,329.82,49.02,0.951,331.78415903678723,51.77245895128511,0.9411130593404351,VISION,3.81,420.16,-7.36,158.63,326.01,90.34,109.61,56.38,30.0,0.0
1779200245.905489,329.82,49.02,0.951,331.78415903678723,51.77245895128511,0.9411130593404351,VISION,3.81,420.16,-7.36,158.63,326.01,90.34,109.61,56.38,30.0,0.0
1779200245.955755,329.82,49.02,0.951,331.78415903678723,51.77245895128511,0.9411130593404351,VISION,3.81,420.16,-7.36,158.63,326.01,90.34,109.61,56.38,30.0,0.0
1779200246.0060086,329.82,49.02,0.951,334.1553038733807,55.02671105711606,0.926729131158453,VISION,3.81,420.16,-7.36,158.63,326.01,90.34,109.61,56.38,30.0,0.0
1779200246.0562723,329.82,49.02,0.951,335.9297519583358,57.38985368644234,0.9127853310932582,VISION,3.81,420.16,-7.36,158.63,326.01,90.34,109.61,56.38,30.0,0.0
1779200246.1065023,329.82,49.02,0.951,335.9297519583358,57.38985368644234,0.9127853310932582,VISION,3.81,420.16,-7.36,158.63,326.01,90.34,109.61,56.38,30.0,0.0
1779200246.1566792,329.82,49.02,0.951,338.15874266332366,60.273700319638536,0.8943767704033131,VISION,3.81,420.16,-7.36,158.63,326.01,90.34,109.61,56.38,30.0,0.0
1779200246.2068548,329.82,49.02,0.951,338.15874266332366,60.273700319638536,0.8943767704033131,VISION,3.81,420.16,-7.36,158.63,326.01,90.34,109.61,56.38,30.0,0.0
1779200246.2570302,329.82,49.02,0.951,338.15874266332366,60.273700319638536,0.8943767704033131,VISION,3.81,420.16,-7.36,158.63,326.01,90.34,109.61,56.38,30.0,0.0
1779200246.3072932,340.74929685662994,63.5007732469339,0.8709557384297102,340.74929685662994,63.5007732469339,0.8709557384297102,ESTIMA,3.81,420.16,-7.36,158.63,336.939,79.411,95.129,70.861,30.0,0.0
1779200246.3575068,314.04,62.13,0.804,314.04,62.13,0.804,VISION,3.81,420.16,-7.36,158.63,310.23,106.12,96.5,69.49,30.0,0.0
1779200246.4076998,314.04,62.13,0.804,317.30423142303545,65.5179892193665,0.7816451931580841,VISION,3.81,420.16,-7.36,158.63,310.23,106.12,96.5,69.49,30.0,0.0
1779200246.4578612,314.04,62.13,0.804,317.30423142303545,65.5179892193665,0.7816451931580841,VISION,3.81,420.16,-7.36,158.63,310.23,106.12,96.5,69.49,30.0,0.0
1779200246.508024,314.04,62.13,0.804,319.09767135766145,67.29801796940305,0.7764708259629151,VISION,3.81,420.16,-7.36,158.63,310.23,106.12,96.5,69.49,30.0,0.0
1779200246.5583043,314.04,62.13,0.804,319.09767135766145,67.29801796940305,0.7764708259629151,VISION,3.81,420.16,-7.36,158.63,310.23,106.12,96.5,69.49,30.0,0.0
1779200246.608504,314.04,62.13,0.804,321.7001095549008,69.8544004105257,0.7585890554268911,VISION,3.81,420.16,-7.36,158.63,310.23,106.12,96.5,69.49,30.0,0.0
1779200246.6586752,314.04,62.13,0.804,321.7001095549008,69.8544004105257,0.7585890554268911,VISION,3.81,420.16,-7.36,158.63,310.23,106.12,96.5,69.49,30.0,0.0
1779200246.7089145,314.04,62.13,0.804,324.35386113546036,72.36954527963235,0.7382142887416216,VISION,3.81,420.16,-7.36,158.63,310.23,106.12,96.5,69.49,30.0,0.0
1779200246.7592084,314.04,62.13,0.804,324.35386113546036,72.36954527963235,0.7382142887416216,VISION,3.81,420.16,-7.36,158.63,310.23,106.12,96.5,69.49,30.0,0.0
1779200246.8093867,314.04,62.13,0.804,326.97350228744983,74.75294809237533,0.7132771046645947,VISION,3.81,420.16,-7.36,158.63,310.23,106.12,96.5,69.49,30.0,0.0
1779200246.8597555,326.97350228744983,74.75294809237533,0.7132771046645947,326.97350228744983,74.75294809237533,0.7132771046645947,ESTIMA,3.81,420.16,-7.36,158.63,323.164,93.186,83.877,82.113,30.0,0.0
1779200246.9100363,329.78351963628523,77.18429586818557,0.6855372468241026,329.78351963628523,77.18429586818557,0.6855372468241026,ESTIMA,3.81,420.16,-7.36,158.63,325.974,90.376,81.446,84.544,30.0,0.0
1779200246.9604023,300.43,76.8,0.65,300.43,76.8,0.65,VISION,3.81,420.16,-7.36,158.63,296.62,119.73,81.83,84.16,30.0,0.0
1779200247.0107017,300.43,76.8,0.65,303.9596804494025,79.4832786051719,0.6323617595029001,VISION,3.81,420.16,-7.36,158.63,296.62,119.73,81.83,84.16,30.0,0.0
1779200247.0610943,300.43,76.8,0.65,303.9596804494025,79.4832786051719,0.6323617595029001,VISION,3.81,420.16,-7.36,158.63,296.62,119.73,81.83,84.16,30.0,0.0
1779200247.1113498,300.43,76.8,0.65,306.24387370806335,81.15699441299577,0.6236660981723982,VISION,3.81,420.16,-7.36,158.63,296.62,119.73,81.83,84.16,30.0,0.0
1779200247.1617255,300.43,76.8,0.65,306.24387370806335,81.15699441299577,0.6236660981723982,VISION,3.81,420.16,-7.36,158.63,296.62,119.73,81.83,84.16,30.0,0.0
1779200247.2120674,300.43,76.8,0.65,309.16687994070753,83.25997503760748,0.6054803590746998,VISION,3.81,420.16,-7.36,158.63,296.62,119.73,81.83,84.16,30.0,0.0
1779200247.2622597,300.43,76.8,0.65,309.16687994070753,83.25997503760748,0.6054803590746998,VISION,3.81,420.16,-7.36,158.63,296.62,119.73,81.83,84.16,30.0,0.0
1779200247.3124685,300.43,76.8,0.65,312.1395523507373,85.31769625077361,0.5818173201111838,VISION,3.81,420.16,-7.36,158.63,296.62,119.73,81.83,84.16,30.0,0.0
1779200247.3627148,300.43,76.8,0.65,312.1395523507373,85.31769625077361,0.5818173201111838,VISION,3.81,420.16,-7.36,158.63,296.62,119.73,81.83,84.16,30.0,0.0
1779200247.4130473,300.43,76.8,0.65,315.26233786346,87.37176758248485,0.5569623578531047,VISION,3.81,420.16,-7.36,158.63,296.62,119.73,81.83,84.16,30.0,0.0
1779200247.4632292,315.26233786346,87.37176758248485,0.5569623578531047,315.26233786346,87.37176758248485,0.5569623578531047,ESTIMA,3.81,420.16,-7.36,158.63,311.452,104.898,71.258,94.732,30.0,0.0
1779200247.5134435,289.4,92.86,0.479,289.4,92.86,0.479,VISION,3.81,420.16,-7.36,158.63,285.59,130.76,65.77,100.22,30.0,0.0
1779200247.5636325,289.4,92.86,0.479,289.4,92.86,0.479,VISION,3.81,420.16,-7.36,158.63,285.59,130.76,65.77,100.22,30.0,0.0
1779200247.6137989,289.4,92.86,0.479,292.7149616411987,94.5815937350734,0.4703746676076093,VISION,3.81,420.16,-7.36,158.63,285.59,130.76,65.77,100.22,30.0,0.0
1779200247.6640003,289.4,92.86,0.479,292.7149616411987,94.5815937350734,0.4703746676076093,VISION,3.81,420.16,-7.36,158.63,285.59,130.76,65.77,100.22,30.0,0.0
1779200247.714155,289.4,92.86,0.479,292.7149616411987,94.5815937350734,0.4703746676076093,VISION,3.81,420.16,-7.36,158.63,285.59,130.76,65.77,100.22,30.0,0.0
1779200247.7643108,289.4,92.86,0.479,296.2970069046169,96.40283926380312,0.4514666623268352,VISION,3.81,420.16,-7.36,158.63,285.59,130.76,65.77,100.22,30.0,0.0
1779200247.8145077,289.4,92.86,0.479,299.1743048233272,97.79794102675591,0.43358636177416643,VISION,3.81,420.16,-7.36,158.63,285.59,130.76,65.77,100.22,30.0,0.0
1779200247.8647888,289.4,92.86,0.479,299.1743048233272,97.79794102675591,0.43358636177416643,VISION,3.81,420.16,-7.36,158.63,285.59,130.76,65.77,100.22,30.0,0.0
1779200247.915053,289.4,92.86,0.479,302.2997149238258,99.24490866016878,0.4075830819234131,VISION,3.81,420.16,-7.36,158.63,285.59,130.76,65.77,100.22,30.0,0.0
1779200247.9653945,289.4,92.86,0.479,302.2997149238258,99.24490866016878,0.4075830819234131,VISION,3.81,420.16,-7.36,158.63,285.59,130.76,65.77,100.22,30.0,0.0
1779200248.0156827,289.4,92.86,0.479,305.7952579313413,100.75414686117877,0.3761177833593207,VISION,3.81,420.16,-7.36,158.63,285.59,130.76,65.77,100.22,30.0,0.0
1779200248.0659826,305.7952579313413,100.75414686117877,0.3761177833593207,305.7952579313413,100.75414686117877,0.3761177833593207,ESTIMA,3.81,420.16,-7.36,158.63,301.985,114.365,57.876,108.114,30.0,0.0
1779200248.1162136,281.21,109.91,0.299,281.21,109.91,0.299,VISION,3.81,420.16,-7.36,158.63,277.4,138.95,48.72,117.27,30.0,0.0
1779200248.1663904,281.21,109.91,0.299,284.8643436580661,111.03641817500481,0.2772376339243268,VISION,3.81,420.16,-7.36,158.63,277.4,138.95,48.72,117.27,30.0,0.0
1779200248.2165637,281.21,109.91,0.299,284.8643436580661,111.03641817500481,0.2772376339243268,VISION,3.81,420.16,-7.36,158.63,277.4,138.95,48.72,117.27,30.0,0.0
1779200248.2668638,281.21,109.91,0.299,288.3828536545975,112.03766618363214,0.26238924969530125,VISION,3.81,420.16,-7.36,158.63,277.4,138.95,48.72,117.27,30.0,0.0
1779200248.3170278,281.21,109.91,0.299,288.3828536545975,112.03766618363214,0.26238924969530125,VISION,3.81,420.16,-7.36,158.63,277.4,138.95,48.72,117.27,30.0,0.0
1779200248.3671982,281.21,109.91,0.299,291.7785131361446,112.94967751601745,0.24551773389220263,VISION,3.81,420.16,-7.36,158.63,277.4,138.95,48.72,117.27,30.0,0.0
1779200248.4173698,281.21,109.91,0.299,291.7785131361446,112.94967751601745,0.24551773389220263,VISION,3.81,420.16,-7.36,158.63,277.4,138.95,48.72,117.27,30.0,0.0
1779200248.4675498,281.21,109.91,0.299,295.382235213271,113.8526723912518,0.21639600742640178,VISION,3.81,420.16,-7.36,158.63,277.4,138.95,48.72,117.27,30.0,0.0
1779200248.5177748,281.21,109.91,0.299,295.382235213271,113.8526723912518,0.21639600742640178,VISION,3.81,420.16,-7.36,158.63,277.4,138.95,48.72,117.27,30.0,0.0
1779200248.5679295,281.21,109.91,0.299,298.7819944023954,114.60006946760416,0.18778062926115024,VISION,3.81,420.16,-7.36,158.63,277.4,138.95,48.72,117.27,30.0,0.0
1779200248.6180882,298.7819944023954,114.60006946760416,0.18778062926115024,298.7819944023954,114.60006946760416,0.18778062926115024,ESTIMA,3.81,420.16,-7.36,158.63,294.972,121.378,44.03,121.96,30.0,0.0
1779200248.6684022,302.29774976846426,115.26813104256011,0.16798176543480528,302.29774976846426,115.26813104256011,0.16798176543480528,ESTIMA,3.81,420.16,-7.36,158.63,298.488,117.862,43.362,122.628,30.0,0.0
1779200248.7186985,276.41,127.52,0.118,276.41,127.52,0.118,VISION,3.81,420.16,-7.36,158.63,272.6,143.75,31.11,134.88,30.0,0.0
1779200248.7689276,276.41,127.52,0.118,279.72985721758965,127.91357154632603,0.09250376341807098,VISION,3.81,420.16,-7.36,158.63,272.6,143.75,31.11,134.88,0.0,0.0
1779200248.8191965,276.41,127.52,0.118,279.72985721758965,127.91357154632603,0.09250376341807098,VISION,3.81,420.16,-7.36,158.63,272.6,143.75,31.11,134.88,0.0,0.0
1779200248.8693802,276.41,127.52,0.118,281.96203671244376,128.12064753347158,0.08983506802015445,VISION,3.81,420.16,-7.36,158.63,272.6,143.75,31.11,134.88,0.0,0.0
1779200248.9197288,276.41,127.52,0.118,281.96203671244376,128.12064753347158,0.08983506802015445,VISION,3.81,420.16,-7.36,158.63,272.6,143.75,31.11,134.88,0.0,0.0
1779200248.9700677,276.41,127.52,0.118,281.96203671244376,128.12064753347158,0.08983506802015445,VISION,3.81,420.16,-7.36,158.63,272.6,143.75,31.11,134.88,0.0,0.0
1779200249.020409,276.41,127.52,0.118,286.48494636927546,128.5280600059098,0.10980932438818039,VISION,3.81,420.16,-7.36,158.63,272.6,143.75,31.11,134.88,0.0,0.0
1779200249.0706973,276.41,127.52,0.118,288.0708400962782,128.70290927282014,0.14479384168122394,VISION,3.81,420.16,-7.36,158.63,272.6,143.75,31.11,134.88,0.0,0.0
1779200249.1210475,276.41,127.52,0.118,288.0708400962782,128.70290927282014,0.14479384168122394,VISION,3.81,420.16,-7.36,158.63,272.6,143.75,31.11,134.88,0.0,0.0
1779200249.17135,276.41,127.52,0.118,289.168765538037,128.86300248066064,0.19077511314283496,VISION,3.81,420.16,-7.36,158.63,272.6,143.75,31.11,134.88,0.0,0.0
1779200249.2216284,289.168765538037,128.86300248066064,0.19077511314283496,289.168765538037,128.86300248066064,0.19077511314283496,ESTIMA,3.81,420.16,-7.36,158.63,285.359,130.991,29.767,136.223,0.0,0.0
1779200249.271894,275.39,140.07,-0.088,275.39,140.07,-0.088,VISION,3.81,420.16,-7.36,158.63,271.58,144.77,18.56,147.43,-20.0,0.0
1779200249.3221192,275.39,140.07,-0.088,276.3264391141992,139.98737997794817,0.019862685643953673,VISION,3.81,420.16,-7.36,158.63,271.58,144.77,18.56,147.43,-20.0,0.0
1779200249.3724709,275.39,140.07,-0.088,278.30047398878804,140.02659476933658,0.0072223218603040176,VISION,3.81,420.16,-7.36,158.63,271.58,144.77,18.56,147.43,-20.0,0.0
1779200249.4227996,275.39,140.07,-0.088,278.30047398878804,140.02659476933658,0.0072223218603040176,VISION,3.81,420.16,-7.36,158.63,271.58,144.77,18.56,147.43,-20.0,0.0
1779200249.473062,275.39,140.07,-0.088,278.30047398878804,140.02659476933658,0.0072223218603040176,VISION,3.81,420.16,-7.36,158.63,271.58,144.77,18.56,147.43,-20.0,0.0
1779200249.5234208,275.39,140.07,-0.088,285.7541203188369,140.08042833818934,0.0072223218603040176,VISION,3.81,420.16,-7.36,158.63,271.58,144.77,18.56,147.43,-20.0,0.0
1779200249.5738268,275.39,140.07,-0.088,285.7541203188369,140.08042833818934,0.0072223218603040176,VISION,3.81,420.16,-7.36,158.63,271.58,144.77,18.56,147.43,-20.0,0.0
1779200249.624216,275.39,140.07,-0.088,292.1549128680821,140.12665772594855,0.0072223218603040176,VISION,3.81,420.16,-7.36,158.63,271.58,144.77,18.56,147.43,-20.0,0.0
1779200249.6747718,275.39,140.07,-0.088,298.4772429556919,140.17232042270263,0.0072223218603040176,VISION,3.81,420.16,-7.36,158.63,271.58,144.77,18.56,147.43,-20.0,0.0
1779200249.725123,275.39,140.07,-0.088,298.4772429556919,140.17232042270263,0.0072223218603040176,VISION,3.81,420.16,-7.36,158.63,271.58,144.77,18.56,147.43,-20.0,0.0
1779200249.7755156,298.4772429556919,140.17232042270263,0.0072223218603040176,298.4772429556919,140.17232042270263,0.0072223218603040176,ESTIMA,3.81,420.16,-7.36,158.63,294.667,121.683,18.458,147.532,0.0,0.0
1779200249.8260348,306.0279450505812,140.22685497171565,0.0072223218603040176,306.0279450505812,140.22685497171565,0.0072223218603040176,ESTIMA,3.81,420.16,-7.36,158.63,302.218,114.132,18.403,147.587,0.0,0.0
1779200249.8764064,306.0279450505812,140.22685497171565,0.0072223218603040176,306.0279450505812,140.22685497171565,0.0072223218603040176,ESTIMA,3.81,420.16,-7.36,158.63,302.218,114.132,18.403,147.587,0.0,0.0
1779200249.9268322,310.293613004557,140.25766353430836,0.2593866100851491,310.293613004557,140.25766353430836,0.2593866100851491,ESTIMA,3.81,420.16,-7.36,158.63,306.484,109.866,18.372,147.618,0.0,0.0
1779200249.9771423,310.293613004557,140.25766353430836,0.2593866100851491,310.293613004557,140.25766353430836,0.2593866100851491,ESTIMA,3.81,420.16,-7.36,158.63,306.484,109.866,18.372,147.618,0.0,0.0
1779200250.0275848,313.95894502191976,141.2303138183671,0.7824473429595264,313.95894502191976,141.2303138183671,0.7824473429595264,ESTIMA,3.81,420.16,-7.36,158.63,310.149,106.201,17.4,148.59,0.0,0.0
1779200250.0780504,313.95894502191976,141.2303138183671,0.7824473429595264,313.95894502191976,141.2303138183671,0.7824473429595264,ESTIMA,3.81,420.16,-7.36,158.63,310.149,106.201,17.4,148.59,0.0,0.0
1779200250.1283717,316.2684009081232,143.52618018609758,1.2316154495647935,316.2684009081232,143.52618018609758,1.2316154495647935,ESTIMA,3.81,420.16,-7.36,158.63,312.458,103.892,15.104,150.886,0.0,0.0
1779200250.178958,316.2684009081232,143.52618018609758,1.2316154495647935,316.2684009081232,143.52618018609758,1.2316154495647935,ESTIMA,3.81,420.16,-7.36,158.63,312.458,103.892,15.104,150.886,0.0,0.0
1779200250.4802678,314.77300933513874,153.29971009189913,2.315556843449913,314.77300933513874,153.29971009189913,2.315556843449913,ESTIMA,3.81,420.16,-7.36,158.63,310.963,105.387,5.33,160.66,30.0,0.0
1779200250.5304515,314.77300933513874,153.29971009189913,2.315556843449913,314.77300933513874,153.29971009189913,2.315556843449913,ESTIMA,3.81,420.16,-7.36,158.63,310.963,105.387,5.33,160.66,30.0,0.0
1779200250.580657,312.52483733816655,155.73845216223964,2.772032727967963,312.52483733816655,155.73845216223964,2.772032727967963,ESTIMA,3.81,420.16,-7.36,158.63,308.715,107.635,2.892,163.098,30.0,0.0
1779200250.6308331,311.08370035151006,156.2966866184731,2.8777738517013995,311.08370035151006,156.2966866184731,2.8777738517013995,ESTIMA,3.81,420.16,-7.36,158.63,307.274,109.076,2.333,163.657,30.0,0.0
1779200250.681015,311.08370035151006,156.2966866184731,2.8777738517013995,311.08370035151006,156.2966866184731,2.8777738517013995,ESTIMA,3.81,420.16,-7.36,158.63,307.274,109.076,2.333,163.657,30.0,0.0
1779200250.7311728,311.08370035151006,156.2966866184731,2.8777738517013995,311.08370035151006,156.2966866184731,2.8777738517013995,ESTIMA,3.81,420.16,-7.36,158.63,307.274,109.076,2.333,163.657,30.0,0.0
1779200250.7813554,306.7665709176896,157.46280703679324,2.8806988076944764,306.7665709176896,157.46280703679324,2.8806988076944764,ESTIMA,3.81,420.16,-7.36,158.63,302.957,113.393,1.167,164.823,30.0,0.0
1779200250.8315492,304.8401641253488,157.97711694675323,2.9005657306506847,304.8401641253488,157.97711694675323,2.9005657306506847,ESTIMA,3.81,420.16,-7.36,158.63,301.03,115.32,0.653,165.337,30.0,0.0
1779200250.8818102,304.8401641253488,157.97711694675323,2.9005657306506847,304.8401641253488,157.97711694675323,2.9005657306506847,ESTIMA,3.81,420.16,-7.36,158.63,301.03,115.32,0.653,165.337,30.0,0.0
1779200250.9319963,300.8832674302731,158.94974351456193,2.944597844296697,300.8832674302731,158.94974351456193,2.944597844296697,ESTIMA,3.81,420.16,-7.36,158.63,297.073,119.277,-0.32,166.31,30.0,0.0
1779200250.9821906,300.8832674302731,158.94974351456193,2.944597844296697,300.8832674302731,158.94974351456193,2.944597844296697,ESTIMA,3.81,420.16,-7.36,158.63,297.073,119.277,-0.32,166.31,30.0,0.0
1779200251.0324545,297.2029689335796,159.68426945981054,2.9840362845625683,297.2029689335796,159.68426945981054,2.9840362845625683,ESTIMA,3.81,420.16,-7.36,158.63,293.393,122.957,-1.054,167.044,30.0,0.0
1779200251.0827417,297.2029689335796,159.68426945981054,2.9840362845625683,297.2029689335796,159.68426945981054,2.9840362845625683,ESTIMA,3.81,420.16,-7.36,158.63,293.393,122.957,-1.054,167.044,30.0,0.0
1779200251.1329854,293.27816691870515,160.30781520869974,3.0220198520458044,293.27816691870515,160.30781520869974,3.0220198520458044,ESTIMA,3.81,420.16,-7.36,158.63,289.468,126.882,-1.678,167.668,30.0,0.0
1779200251.1832016,293.27816691870515,160.30781520869974,3.0220198520458044,293.27816691870515,160.30781520869974,3.0220198520458044,ESTIMA,3.81,420.16,-7.36,158.63,289.468,126.882,-1.678,167.668,30.0,0.0
1779200251.233366,293.27816691870515,160.30781520869974,3.0220198520458044,293.27816691870515,160.30781520869974,3.0220198520458044,ESTIMA,3.81,420.16,-7.36,158.63,289.468,126.882,-1.678,167.668,30.0,0.0
1779200251.2835746,288.28960459910115,160.90717076699474,3.066109427617719,288.28960459910115,160.90717076699474,3.066109427617719,ESTIMA,3.81,420.16,-7.36,158.63,284.48,131.87,-2.277,168.267,30.0,0.0
1779200251.3337502,285.02069743758625,161.1543881282812,3.1008386028133548,285.02069743758625,161.1543881282812,3.1008386028133548,ESTIMA,3.81,420.16,-7.36,158.63,281.211,135.139,-2.524,168.514,30.0,0.0
1779200251.3839414,285.02069743758625,161.1543881282812,3.1008386028133548,285.02069743758625,161.1543881282812,3.1008386028133548,ESTIMA,3.81,420.16,-7.36,158.63,281.211,135.139,-2.524,168.514,30.0,0.0
1779200251.4340868,281.0009727322702,161.31829894917132,3.14271156462958,281.0009727322702,161.31829894917132,3.14271156462958,ESTIMA,3.81,420.16,-7.36,158.63,277.191,139.159,-2.688,168.678,30.0,0.0
1779200251.484245,281.0009727322702,161.31829894917132,3.14271156462958,281.0009727322702,161.31829894917132,3.14271156462958,ESTIMA,3.81,420.16,-7.36,158.63,277.191,139.159,-2.688,168.678,30.0,0.0
1779200251.5344603,281.0009727322702,161.31829894917132,3.14271156462958,281.0009727322702,161.31829894917132,3.14271156462958,ESTIMA,3.81,420.16,-7.36,158.63,277.191,139.159,-2.688,168.678,30.0,0.0
1779200251.584719,276.98351332535714,161.3138037676131,3.1878586132961466,276.98351332535714,161.3138037676131,3.1878586132961466,ESTIMA,3.81,420.16,-7.36,158.63,273.174,143.176,-2.684,168.674,30.0,0.0
1779200251.6350143,276.98351332535714,161.3138037676131,3.1878586132961466,276.98351332535714,161.3138037676131,3.1878586132961466,ESTIMA,3.81,420.16,-7.36,158.63,273.174,143.176,-2.684,168.674,30.0,0.0
1779200251.6852276,272.9769818147626,161.12830536776892,3.231541456068008,272.9769818147626,161.12830536776892,3.231541456068008,ESTIMA,3.81,420.16,-7.36,158.63,269.167,147.183,-2.498,168.488,30.0,0.0
1779200251.7355368,272.9769818147626,161.12830536776892,3.231541456068008,272.9769818147626,161.12830536776892,3.231541456068008,ESTIMA,3.81,420.16,-7.36,158.63,269.167,147.183,-2.498,168.488,30.0,0.0
1779200251.785709,268.9362476514004,160.76386276224372,3.26940549169248,268.9362476514004,160.76386276224372,3.26940549169248,ESTIMA,3.81,420.16,-7.36,158.63,265.126,151.224,-2.134,168.124,30.0,0.0
1779200251.8359225,268.9362476514004,160.76386276224372,3.26940549169248,268.9362476514004,160.76386276224372,3.26940549169248,ESTIMA,3.81,420.16,-7.36,158.63,265.126,151.224,-2.134,168.124,30.0,0.0
1779200251.8860881,265.1211183490018,160.27356750521082,3.307706374678902,265.1211183490018,160.27356750521082,3.307706374678902,ESTIMA,3.81,420.16,-7.36,158.63,261.311,155.039,-1.644,167.634,30.0,0.0
1779200251.9362686,265.1211183490018,160.27356750521082,3.307706374678902,265.1211183490018,160.27356750521082,3.307706374678902,ESTIMA,3.81,420.16,-7.36,158.63,261.311,155.039,-1.644,167.634,30.0,0.0
1779200251.986488,265.1211183490018,160.27356750521082,3.307706374678902,265.1211183490018,160.27356750521082,3.307706374678902,ESTIMA,3.81,420.16,-7.36,158.63,261.311,155.039,-1.644,167.634,30.0,0.0
1779200252.0367763,259.34412453531576,159.30500436552478,3.3689758712803908,259.34412453531576,159.30500436552478,3.3689758712803908,ESTIMA,3.81,420.16,-7.36,158.63,255.534,160.816,-0.675,166.665,30.0,0.0
1779200252.0870407,257.12768965142425,158.79215501485692,3.39294060258605,257.12768965142425,158.79215501485692,3.39294060258605,ESTIMA,3.81,420.16,-7.36,158.63,253.318,163.032,-0.162,166.152,30.0,0.0
1779200252.137303,257.12768965142425,158.79215501485692,3.39294060258605,257.12768965142425,158.79215501485692,3.39294060258605,ESTIMA,3.81,420.16,-7.36,158.63,253.318,163.032,-0.162,166.152,30.0,0.0
1779200252.1875722,253.17067327017094,157.77607926909965,3.4385035007151084,253.17067327017094,157.77607926909965,3.4385035007151084,ESTIMA,3.81,420.16,-7.36,158.63,249.361,166.989,0.854,165.136,30.0,0.0
1779200252.2378755,253.17067327017094,157.77607926909965,3.4385035007151084,253.17067327017094,157.77607926909965,3.4385035007151084,ESTIMA,3.81,420.16,-7.36,158.63,249.361,166.989,0.854,165.136,30.0,0.0
1779200252.2880607,249.17097798242204,156.55235361870479,3.479145454204095,249.17097798242204,156.55235361870479,3.479145454204095,ESTIMA,3.81,420.16,-7.36,158.63,245.361,170.989,2.078,163.912,30.0,0.0
1779200252.3382308,249.17097798242204,156.55235361870479,3.479145454204095,249.17097798242204,156.55235361870479,3.479145454204095,ESTIMA,3.81,420.16,-7.36,158.63,245.361,170.989,2.078,163.912,30.0,0.0
1779200252.3883963,245.55438265319006,155.28297987954085,3.511444543354438,245.55438265319006,155.28297987954085,3.511444543354438,ESTIMA,3.81,420.16,-7.36,158.63,241.744,174.606,3.347,162.643,30.0,0.0
1779200252.4386983,245.55438265319006,155.28297987954085,3.511444543354438,245.55438265319006,155.28297987954085,3.511444543354438,ESTIMA,3.81,420.16,-7.36,158.63,241.744,174.606,3.347,162.643,30.0,0.0
1779200252.4888773,241.64567987864098,153.76760403536872,3.549829885686834,241.64567987864098,153.76760403536872,3.549829885686834,ESTIMA,3.81,420.16,-7.36,158.63,237.836,178.514,4.862,161.128,30.0,0.0
1779200252.53906,241.64567987864098,153.76760403536872,3.549829885686834,241.64567987864098,153.76760403536872,3.549829885686834,ESTIMA,3.81,420.16,-7.36,158.63,237.836,178.514,4.862,161.128,30.0,0.0
1779200252.5892332,237.63246125163255,152.03173831123644,3.605564715722481,237.63246125163255,152.03173831123644,3.605564715722481,ESTIMA,3.81,420.16,-7.36,158.63,233.822,182.528,6.598,159.392,30.0,0.0
1779200252.6394222,237.63246125163255,152.03173831123644,3.605564715722481,237.63246125163255,152.03173831123644,3.605564715722481,ESTIMA,3.81,420.16,-7.36,158.63,233.822,182.528,6.598,159.392,30.0,0.0
1779200252.6896071,234.46533254286445,150.44688926736075,3.6468407380867993,234.46533254286445,150.44688926736075,3.6468407380867993,ESTIMA,3.81,420.16,-7.36,158.63,230.655,185.695,8.183,157.807,30.0,0.0
1779200252.7398674,234.46533254286445,150.44688926736075,3.6468407380867993,234.46533254286445,150.44688926736075,3.6468407380867993,ESTIMA,3.81,420.16,-7.36,158.63,230.655,185.695,8.183,157.807,30.0,0.0
1779200252.7901247,234.46533254286445,150.44688926736075,3.6468407380867993,234.46533254286445,150.44688926736075,3.6468407380867993,ESTIMA,3.81,420.16,-7.36,158.63,230.655,185.695,8.183,157.807,30.0,0.0
1779200252.84033,229.51468895573552,147.70850758864572,3.6940916711843057,229.51468895573552,147.70850758864572,3.6940916711843057,ESTIMA,3.81,420.16,-7.36,158.63,225.705,190.645,10.921,155.069,30.0,0.0
1779200252.8905592,227.65978656088964,146.56486957597147,3.709888872207887,227.65978656088964,146.56486957597147,3.709888872207887,ESTIMA,3.81,420.16,-7.36,158.63,223.85,192.5,12.065,153.925,30.0,0.0
