timestamp,x,y,theta,x_estimate,y_estimate,theta_estimate,status,x_min,x_max,y_min,y_max,dist_to_wall,decision_v,decision_w
1779199657.7091973,0.0,0.0,0.0,0.0,0.0,0.0,ESTIMA,0.0,450.0,0,140.0,0.0,450.0,140.0,0.0,30.0,0.0
1779199657.8096428,5.738823976983631e-16,0.0,4.7493715669806244e-17,5.738823976983631e-16,0.0,4.7493715669806244e-17,ESTIMA,0.0,450.0,0,140.0,0.0,450.0,140.0,0.0,30.0,0.0
1779199657.9101064,5.738823976983631e-16,0.0,4.7493715669806244e-17,5.738823976983631e-16,0.0,4.7493715669806244e-17,ESTIMA,0.0,450.0,0,140.0,0.0,450.0,140.0,0.0,30.0,0.0
1779199658.010542,1.379008344429393,6.54942302166198e-17,0.026650114157869716,1.379008344429393,6.54942302166198e-17,0.026650114157869716,ESTIMA,0.0,450.0,0,140.0,1.379,448.621,140.0,0.0,30.0,0.0
1779199658.1109302,3.8376713258496897,0.06553916579493951,0.0585197107146818,3.8376713258496897,0.06553916579493951,0.0585197107146818,ESTIMA,0.0,450.0,0,140.0,3.838,446.162,139.934,0.066,30.0,0.0
1779199658.2112103,7.157260719946175,0.2600226340750039,0.08872426126155067,7.157260719946175,0.2600226340750039,0.08872426126155067,ESTIMA,0.0,450.0,0,140.0,7.157,442.843,139.74,0.26,30.0,0.0
1779199658.3114922,10.48722657276315,0.5562491003319735,0.1176468068473852,10.48722657276315,0.5562491003319735,0.1176468068473852,ESTIMA,0.0,450.0,0,140.0,10.487,439.513,139.444,0.556,30.0,0.0
1779199658.4121733,13.50590881490439,0.9130350119166826,0.14758710820883428,13.50590881490439,0.9130350119166826,0.14758710820883428,ESTIMA,0.0,450.0,0,140.0,13.506,436.494,139.087,0.913,30.0,0.0
1779199658.5126605,17.07522283004642,1.4436781671444048,0.18692834267640682,17.07522283004642,1.4436781671444048,0.18692834267640682,ESTIMA,0.0,450.0,0,140.0,17.075,432.925,138.556,1.444,30.0,0.0
1779199658.6132228,20.320802930024865,2.057535631817636,0.22721019049975266,20.320802930024865,2.057535631817636,0.22721019049975266,ESTIMA,0.0,450.0,0,140.0,20.321,429.679,137.942,2.058,30.0,0.0
1779199658.7137787,23.647313128570865,2.826633173127066,0.26286596140594776,23.647313128570865,2.826633173127066,0.26286596140594776,ESTIMA,0.0,450.0,0,140.0,23.647,426.353,137.173,2.827,30.0,0.0
1779199658.8145368,26.89153241642608,3.6996288027215782,0.29407544589918333,26.89153241642608,3.6996288027215782,0.29407544589918333,ESTIMA,0.0,450.0,0,140.0,26.892,423.108,136.3,3.7,30.0,0.0
1779199658.9151864,31.775029785504586,5.178628117756055,0.3386243490544565,31.775029785504586,5.178628117756055,0.3386243490544565,ESTIMA,0.0,450.0,0,140.0,31.775,418.225,134.821,5.179,30.0,0.0
1779199659.0157757,33.93748892318612,5.940224264186846,0.35825230292729016,33.93748892318612,5.940224264186846,0.35825230292729016,ESTIMA,0.0,450.0,0,140.0,33.937,416.063,134.06,5.94,30.0,0.0
1779199659.1163397,37.36404864183903,7.223158555127299,0.3909551156773633,37.36404864183903,7.223158555127299,0.3909551156773633,ESTIMA,0.0,450.0,0,140.0,37.364,412.636,132.777,7.223,30.0,0.0
1779199659.216873,40.78819300709033,8.63449447931404,0.424615387141174,40.78819300709033,8.63449447931404,0.424615387141174,ESTIMA,0.0,450.0,0,140.0,40.788,409.212,131.366,8.634,30.0,0.0
1779199659.3174183,43.894102752573325,10.038737894512543,0.45269149067985326,43.894102752573325,10.038737894512543,0.45269149067985326,ESTIMA,0.0,450.0,0,140.0,43.894,406.106,129.961,10.039,30.0,0.0
1779199659.4179876,48.292678456657725,12.178112413235114,0.49142594261199224,48.292678456657725,12.178112413235114,0.49142594261199224,ESTIMA,0.0,450.0,0,140.0,48.293,401.707,127.822,12.178,30.0,0.0
1779199659.518491,50.49372207583185,13.35615755317347,0.5100151987404788,50.49372207583185,13.35615755317347,0.5100151987404788,ESTIMA,0.0,450.0,0,140.0,50.494,399.506,126.644,13.356,30.0,0.0
1779199659.6189857,53.64640432475609,15.11970075641478,0.5359279048117794,53.64640432475609,15.11970075641478,0.5359279048117794,ESTIMA,0.0,450.0,0,140.0,53.646,396.354,124.88,15.12,30.0,0.0
1779199659.7194402,56.67329331131788,16.91739375768472,0.5596775072389031,56.67329331131788,16.91739375768472,0.5596775072389031,ESTIMA,0.0,450.0,0,140.0,56.673,393.327,123.083,16.917,0.0,0.0
1779199659.8199706,59.64985770633951,18.782212459166853,0.5849347778234643,59.64985770633951,18.782212459166853,0.5849347778234643,ESTIMA,0.0,450.0,0,140.0,59.65,390.35,121.218,18.782,0.0,0.0
1779199659.9205542,62.12297388934524,20.42001978578317,0.6047096314315994,62.12297388934524,20.42001978578317,0.6047096314315994,ESTIMA,0.0,450.0,0,140.0,62.123,387.877,119.58,20.42,0.0,0.0
1779199660.0211835,63.76236083124739,21.552956085454284,0.6212750168646095,63.76236083124739,21.552956085454284,0.6212750168646095,ESTIMA,0.0,450.0,0,140.0,63.762,386.238,118.447,21.553,0.0,0.0
1779199660.1216438,64.63510667473778,22.177698639652142,0.6297745624354746,64.63510667473778,22.177698639652142,0.6297745624354746,ESTIMA,0.0,450.0,0,140.0,64.635,385.365,117.822,22.178,0.0,0.0
1779199660.222262,66.22624996673191,23.337275347252042,0.5132850049483728,66.22624996673191,23.337275347252042,0.5132850049483728,ESTIMA,0.0,450.0,0,140.0,66.226,383.774,116.663,23.337,-20.0,0.0
1779199660.3230011,66.22624996673191,23.337275347252042,0.513285004948373,66.22624996673191,23.337275347252042,0.513285004948373,ESTIMA,0.0,450.0,0,140.0,66.226,383.774,116.663,23.337,-20.0,0.0
1779199660.42357,72.88319036445455,27.089656149130658,0.513285004948373,72.88319036445455,27.089656149130658,0.513285004948373,ESTIMA,0.0,450.0,0,140.0,72.883,377.117,112.91,27.09,-20.0,0.0
1779199660.5239966,76.5452389854391,29.153877866607573,0.513285004948373,76.5452389854391,29.153877866607573,0.513285004948373,ESTIMA,0.0,450.0,0,140.0,76.545,373.455,110.846,29.154,-20.0,0.0
1779199660.6242917,84.96925052772458,33.90232043894754,0.513285004948373,84.96925052772458,33.90232043894754,0.513285004948373,ESTIMA,0.0,450.0,0,140.0,84.969,365.031,106.098,33.902,-20.0,0.0
1779199660.724761,90.34789625464138,36.934152746278045,0.607322473692651,90.34789625464138,36.934152746278045,0.607322473692651,ESTIMA,0.0,450.0,0,140.0,90.348,359.652,103.066,36.934,0.0,0.0
1779199660.8250906,93.04119074258948,38.80583305992204,0.697393073710571,93.04119074258948,38.80583305992204,0.697393073710571,ESTIMA,0.0,450.0,0,140.0,93.041,356.959,101.194,38.806,0.0,0.0
1779199660.9254158,93.31440191156284,39.034740776990894,0.6482301717364188,93.31440191156284,39.034740776990894,0.6482301717364188,ESTIMA,0.0,450.0,0,140.0,93.314,356.686,100.965,39.035,0.0,0.0
1779199661.0259106,93.31440191156284,39.034740776990894,0.6482301717364193,93.31440191156284,39.034740776990894,0.6482301717364193,ESTIMA,0.0,450.0,0,140.0,93.314,356.686,100.965,39.035,0.0,0.0
1779199661.326829,96.87740975406827,42.294117051755265,1.3148623142966556,96.87740975406827,42.294117051755265,1.3148623142966556,ESTIMA,0.0,450.0,0,140.0,96.877,353.123,97.706,42.294,30.0,0.0
1779199661.4272106,97.01363881652709,42.81472607712527,1.3890881950570177,97.01363881652709,42.81472607712527,1.3890881950570177,ESTIMA,0.0,450.0,0,140.0,97.014,352.986,97.185,42.815,30.0,0.0
1779199661.527621,97.26504780291624,44.18305164290728,1.4123386108651865,97.26504780291624,44.18305164290728,1.4123386108651865,ESTIMA,0.0,450.0,0,140.0,97.265,352.735,95.817,44.183,30.0,0.0
1779199661.628118,97.26504780291624,44.18305164290728,1.4123386108651865,97.26504780291624,44.18305164290728,1.4123386108651865,ESTIMA,0.0,450.0,0,140.0,97.265,352.735,95.817,44.183,30.0,0.0
1779199661.7284553,98.0843026549116,49.841951990801256,1.4736448247146043,98.0843026549116,49.841951990801256,1.4736448247146043,ESTIMA,0.0,450.0,0,140.0,98.084,351.916,90.158,49.842,30.0,0.0
1779199661.8287625,98.39707237729745,53.05121874670328,1.5035319117877939,98.39707237729745,53.05121874670328,1.5035319117877939,ESTIMA,0.0,450.0,0,140.0,98.397,351.603,86.949,53.051,30.0,0.0
1779199661.9290836,98.39707237729745,53.05121874670328,1.5035319117877939,98.39707237729745,53.05121874670328,1.5035319117877939,ESTIMA,0.0,450.0,0,140.0,98.397,351.603,86.949,53.051,30.0,0.0
1779199662.0294354,98.77474903309746,59.73395774211372,1.5554931014296858,98.77474903309746,59.73395774211372,1.5554931014296858,ESTIMA,0.0,450.0,0,140.0,98.775,351.225,80.266,59.734,30.0,0.0
1779199662.1297982,98.77474903309746,59.73395774211372,1.5554931014296858,98.77474903309746,59.73395774211372,1.5554931014296858,ESTIMA,0.0,450.0,0,140.0,98.775,351.225,80.266,59.734,30.0,0.0
1779199662.230096,98.79266248276853,66.43668221135195,1.6125791498571096,98.79266248276853,66.43668221135195,1.6125791498571096,ESTIMA,0.0,450.0,0,140.0,98.793,351.207,73.563,66.437,30.0,0.0
1779199662.3303819,98.64788969557277,69.8995532781301,1.6396834644217866,98.64788969557277,69.8995532781301,1.6396834644217866,ESTIMA,0.0,450.0,0,140.0,98.648,351.352,70.1,69.9,30.0,0.0
1779199662.4307768,98.40699684927706,73.39094059140251,1.6656198100339896,98.40699684927706,73.39094059140251,1.6656198100339896,ESTIMA,0.0,450.0,0,140.0,98.407,351.593,66.609,73.391,30.0,0.0
1779199662.5311542,98.08470180532866,76.77964223189502,1.6876034153482287,98.08470180532866,76.77964223189502,1.6876034153482287,ESTIMA,0.0,450.0,0,140.0,98.085,351.915,63.22,76.78,30.0,0.0
1779199662.6315217,98.08470180532866,76.77964223189502,1.6876034153482287,98.08470180532866,76.77964223189502,1.6876034153482287,ESTIMA,0.0,450.0,0,140.0,98.085,351.915,63.22,76.78,30.0,0.0
1779199662.7321086,97.41670241193962,82.56513650898023,1.687265050993838,97.41670241193962,82.56513650898023,1.687265050993838,ESTIMA,0.0,450.0,0,140.0,97.417,352.583,57.435,82.565,30.0,0.0
1779199662.8325434,97.01938949644979,85.96102480179349,1.709899999451824,97.01938949644979,85.96102480179349,1.709899999451824,ESTIMA,0.0,450.0,0,140.0,97.019,352.981,54.039,85.961,30.0,0.0
1779199662.9330292,96.54504395666308,89.34901646762181,1.7758749647432597,96.54504395666308,89.34901646762181,1.7758749647432597,ESTIMA,0.0,450.0,0,140.0,96.545,353.455,50.651,89.349,30.0,0.0
1779199663.0333438,96.05376162723516,91.71091831292844,1.8964025939505107,96.05376162723516,91.71091831292844,1.8964025939505107,ESTIMA,0.0,450.0,0,140.0,96.054,353.946,48.289,91.711,30.0,0.0
1779199663.1338603,96.05376162723516,91.71091831292844,1.8964025939505107,96.05376162723516,91.71091831292844,1.8964025939505107,ESTIMA,0.0,450.0,0,140.0,96.054,353.946,48.289,91.711,30.0,0.0
1779199663.2341504,93.4758681470127,98.6777971686612,1.995113578473284,93.4758681470127,98.6777971686612,1.995113578473284,ESTIMA,0.0,450.0,0,140.0,93.476,356.524,41.322,98.678,30.0,0.0
1779199663.3345852,91.78264128277347,102.42585770830331,2.0054367164504243,91.78264128277347,102.42585770830331,2.0054367164504243,ESTIMA,0.0,450.0,0,140.0,91.783,358.217,37.574,102.426,30.0,0.0
1779199663.4351053,90.04135917964693,106.17660434966444,2.021110675727586,90.04135917964693,106.17660434966444,2.021110675727586,ESTIMA,0.0,450.0,0,140.0,90.041,359.959,33.823,106.177,30.0,0.0
1779199663.5355136,88.2059014577965,109.97324302034828,2.0406639054980533,88.2059014577965,109.97324302034828,2.0406639054980533,ESTIMA,0.0,450.0,0,140.0,88.206,361.794,30.027,109.973,30.0,0.0
1779199663.6360683,88.2059014577965,109.97324302034828,2.0406639054980533,88.2059014577965,109.97324302034828,2.0406639054980533,ESTIMA,0.0,450.0,0,140.0,88.206,361.794,30.027,109.973,30.0,0.0
1779199663.7365537,84.4406414207278,117.21824285017401,2.0821682899175187,84.4406414207278,117.21824285017401,2.0821682899175187,ESTIMA,0.0,450.0,0,140.0,84.441,365.559,22.782,117.218,30.0,0.0
1779199663.8371058,84.4406414207278,117.21824285017401,2.0821682899175187,84.4406414207278,117.21824285017401,2.0821682899175187,ESTIMA,0.0,450.0,0,140.0,84.441,365.559,22.782,117.218,30.0,0.0
1779199663.9376733,80.43201950291285,124.22934263749994,2.12293447460833,80.43201950291285,124.22934263749994,2.12293447460833,ESTIMA,0.0,450.0,0,140.0,80.432,369.568,15.771,124.229,30.0,0.0
1779199664.0382295,78.29170250500361,127.70359584430946,2.1404959698547517,78.29170250500361,127.70359584430946,2.1404959698547517,ESTIMA,0.0,450.0,0,140.0,78.292,371.708,12.296,127.704,30.0,0.0
1779199664.1387594,78.29170250500361,127.70359584430946,2.1404959698547517,78.29170250500361,127.70359584430946,2.1404959698547517,ESTIMA,0.0,450.0,0,140.0,78.292,371.708,12.296,127.704,30.0,0.0
1779199664.2392251,75.60106303188127,131.90414379613662,2.17021627696773,75.60106303188127,131.90414379613662,2.17021627696773,ESTIMA,0.0,450.0,0,140.0,75.601,374.399,8.096,131.904,30.0,0.0
1779199664.339783,73.28949258373082,135.2871660954781,2.188490045200512,73.28949258373082,135.2871660954781,2.188490045200512,ESTIMA,0.0,450.0,0,140.0,73.289,376.711,4.713,135.287,30.0,0.0
1779199664.4400218,69.00247780196932,141.1991406524929,2.22989642597018,69.00247780196932,141.1991406524929,2.22989642597018,ESTIMA,0.0,450.0,0,140.0,69.002,380.998,-1.199,141.199,30.0,0.0
1779199664.5403702,66.51207244282685,144.413960815311,2.2518888060504687,66.51207244282685,144.413960815311,2.2518888060504687,ESTIMA,0.0,450.0,0,140.0,66.512,383.488,-4.414,144.414,30.0,0.0
1779199664.6407402,66.51207244282685,144.413960815311,2.2518888060504687,66.51207244282685,144.413960815311,2.2518888060504687,ESTIMA,0.0,450.0,0,140.0,66.512,383.488,-4.414,144.414,30.0,0.0
1779199664.7411418,61.413808592146594,150.59606368101745,2.2913033915109677,61.413808592146594,150.59606368101745,2.2913033915109677,ESTIMA,0.0,450.0,0,140.0,61.414,388.586,-10.596,150.596,30.0,0.0
1779199664.8416,61.413808592146594,150.59606368101745,2.2913033915109677,61.413808592146594,150.59606368101745,2.2913033915109677,ESTIMA,0.0,450.0,0,140.0,61.414,388.586,-10.596,150.596,30.0,0.0
1779199664.941989,55.72200412705647,156.94688719355784,2.3346202460011387,55.72200412705647,156.94688719355784,2.3346202460011387,ESTIMA,0.0,450.0,0,140.0,55.722,394.278,-16.947,156.947,30.0,0.0
1779199665.0423715,52.91588139460037,159.87677931447962,2.35391142645312,52.91588139460037,159.87677931447962,2.35391142645312,ESTIMA,0.0,450.0,0,140.0,52.916,397.084,-19.877,159.877,0.0,0.0
1779199665.1428342,52.91588139460037,159.87677931447962,2.35391142645312,52.91588139460037,159.87677931447962,2.35391142645312,ESTIMA,0.0,450.0,0,140.0,52.916,397.084,-19.877,159.877,0.0,0.0
1779199665.2431114,47.853153958361034,164.87727289260403,2.3892755638609424,47.853153958361034,164.87727289260403,2.3892755638609424,ESTIMA,0.0,450.0,0,140.0,47.853,402.147,-24.877,164.877,0.0,0.0
1779199665.3433592,47.853153958361034,164.87727289260403,2.3892755638609424,47.853153958361034,164.87727289260403,2.3892755638609424,ESTIMA,0.0,450.0,0,140.0,47.853,402.147,-24.877,164.877,0.0,0.0
1779199665.4438226,44.38356384166523,168.08358640843738,2.4190702037223617,44.38356384166523,168.08358640843738,2.4190702037223617,ESTIMA,0.0,450.0,0,140.0,44.384,405.616,-28.084,168.084,0.0,0.0
1779199665.5442412,43.31391715233167,169.02652344014618,2.4320766092604273,43.31391715233167,169.02652344014618,2.4320766092604273,ESTIMA,0.0,450.0,0,140.0,43.314,406.686,-29.027,169.027,-20.0,0.0
1779199665.6446915,43.31391715233167,169.02652344014618,2.4320766092604273,43.31391715233167,169.02652344014618,2.4320766092604273,ESTIMA,0.0,450.0,0,140.0,43.314,406.686,-29.027,169.027,-20.0,0.0
1779199665.745243,40.56836992315173,171.38409057590917,2.43748861273507,40.56836992315173,171.38409057590917,2.43748861273507,ESTIMA,0.0,450.0,0,140.0,40.568,409.432,-31.384,171.384,-20.0,0.0
1779199665.8457606,35.935539335997746,175.3188851999139,2.43748861273507,35.935539335997746,175.3188851999139,2.43748861273507,ESTIMA,0.0,450.0,0,140.0,35.936,414.064,-35.319,175.319,-20.0,0.0
1779199665.9461548,30.77644414861107,179.700651298667,2.43748861273507,30.77644414861107,179.700651298667,2.43748861273507,ESTIMA,0.0,450.0,0,140.0,30.776,419.224,-39.701,179.701,-20.0,0.0
1779199666.0467386,25.471951685267083,184.20590743423867,2.43748861273507,25.471951685267083,184.20590743423867,2.43748861273507,ESTIMA,0.0,450.0,0,140.0,25.472,424.528,-44.206,184.206,0.0,0.0
1779199666.1473355,20.53385013009454,188.39997736331387,2.43748861273507,20.53385013009454,188.39997736331387,2.43748861273507,ESTIMA,0.0,450.0,0,140.0,20.534,429.466,-48.4,188.4,0.0,0.0
1779199666.2478008,15.166667114589757,192.95847836570672,2.43748861273507,15.166667114589757,192.95847836570672,2.43748861273507,ESTIMA,0.0,450.0,0,140.0,15.167,434.833,-52.958,192.958,0.0,0.0
1779199666.348266,10.065124508299231,197.29136342241986,2.43748861273507,10.065124508299231,197.29136342241986,2.43748861273507,ESTIMA,0.0,450.0,0,140.0,10.065,439.935,-57.291,197.291,0.0,0.0
1779199666.6493783,-0.5342318683984666,202.74445606115245,3.559260466356109,-0.5342318683984666,202.74445606115245,3.559260466356109,ESTIMA,0.0,450.0,0,140.0,-0.534,450.534,-62.744,202.744,30.0,0.0
1779199666.7496462,-4.756600464295234,200.87066108167383,4.19642875869767,-4.756600464295234,200.87066108167383,4.19642875869767,ESTIMA,0.0,450.0,0,140.0,-4.757,454.757,-60.871,200.871,30.0,0.0
1779199666.8500504,-5.4016979480036635,199.7333443499052,4.265310215388175,-5.4016979480036635,199.7333443499052,4.265310215388175,ESTIMA,0.0,450.0,0,140.0,-5.402,455.402,-59.733,199.733,30.0,0.0
1779199666.9504914,-6.856941391880679,196.69815519780042,4.273767888457154,-6.856941391880679,196.69815519780042,4.273767888457154,ESTIMA,0.0,450.0,0,140.0,-6.857,456.857,-56.698,196.698,30.0,0.0
1779199667.050957,-8.468449017148279,193.26281604643594,4.294403790514047,-8.468449017148279,193.26281604643594,4.294403790514047,ESTIMA,0.0,450.0,0,140.0,-8.468,458.468,-53.263,193.263,30.0,0.0
1779199667.151229,-10.055852743697763,189.6888550293999,4.3152046884998025,-10.055852743697763,189.6888550293999,4.3152046884998025,ESTIMA,0.0,450.0,0,140.0,-10.056,460.056,-49.689,189.689,30.0,0.0
1779199667.2515936,-11.608147780915512,185.9883163599652,4.3366173537568296,-11.608147780915512,185.9883163599652,4.3366173537568296,ESTIMA,0.0,450.0,0,140.0,-11.608,461.608,-45.988,185.988,30.0,0.0
1779199667.3521338,-13.197797598244087,181.95896993389044,4.359406127773752,-13.197797598244087,181.95896993389044,4.359406127773752,ESTIMA,0.0,450.0,0,140.0,-13.198,463.198,-41.959,181.959,30.0,0.0
1779199667.4525282,-15.07843670168129,176.85425950542256,4.387277279903006,-15.07843670168129,176.85425950542256,4.387277279903006,ESTIMA,0.0,450.0,0,140.0,-15.078,465.078,-36.854,176.854,30.0,0.0
1779199667.5528233,-15.851045994272994,174.5621410124594,4.400628333411005,-15.851045994272994,174.5621410124594,4.400628333411005,ESTIMA,0.0,450.0,0,140.0,-15.851,465.851,-34.562,174.562,30.0,0.0
1779199667.6530726,-17.56322666890385,169.24926312124506,4.4323473875039126,-17.56322666890385,169.24926312124506,4.4323473875039126,ESTIMA,0.0,450.0,0,140.0,-17.563,467.563,-29.249,169.249,30.0,0.0
1779199667.7533166,-18.270734006836026,166.78921821037886,4.447632130471838,-18.270734006836026,166.78921821037886,4.447632130471838,ESTIMA,0.0,450.0,0,140.0,-18.271,468.271,-26.789,166.789,30.0,0.0
1779199667.8535557,-19.41666735536382,162.56257705624046,4.474143084826137,-19.41666735536382,162.56257705624046,4.474143084826137,ESTIMA,0.0,450.0,0,140.0,-19.417,469.417,-22.563,162.563,30.0,0.0
1779199667.9539247,-20.759800415654087,157.0320565898248,4.509707787108365,-20.759800415654087,157.0320565898248,4.509707787108365,ESTIMA,0.0,450.0,0,140.0,-20.76,470.76,-17.032,157.032,30.0,0.0
1779199668.054396,-21.334227651161513,154.23683005436934,4.528289712843291,-21.334227651161513,154.23683005436934,4.528289712843291,ESTIMA,0.0,450.0,0,140.0,-21.334,471.334,-14.237,154.237,30.0,0.0
1779199668.1549723,-22.34145093839447,148.82769188946781,4.565603006179701,-22.34145093839447,148.82769188946781,4.565603006179701,ESTIMA,0.0,450.0,0,140.0,-22.341,472.341,-8.828,148.828,30.0,0.0
1779199668.255331,-22.725954641362218,146.2270469099553,4.583344616371566,-22.725954641362218,146.2270469099553,4.583344616371566,ESTIMA,0.0,450.0,0,140.0,-22.726,472.726,-6.227,146.227,30.0,0.0
1779199668.3556113,-23.230226244025438,142.34102387266762,4.608962509668991,-23.230226244025438,142.34102387266762,4.608962509668991,ESTIMA,0.0,450.0,0,140.0,-23.23,473.23,-2.341,142.341,30.0,0.0
1779199668.455991,-23.673449142366497,138.07092380215002,4.635681000345915,-23.673449142366497,138.07092380215002,4.635681000345915,ESTIMA,0.0,450.0,0,140.0,-23.673,473.673,1.929,138.071,30.0,0.0
1779199668.5563552,-23.983702172129178,134.0342607412077,4.66211281316279,-23.983702172129178,134.0342607412077,4.66211281316279,ESTIMA,0.0,450.0,0,140.0,-23.984,473.984,5.966,134.034,30.0,0.0
1779199668.6566746,-24.264310441735592,128.45762642859074,4.69893139090174,-24.264310441735592,128.45762642859074,4.69893139090174,ESTIMA,0.0,450.0,0,140.0,-24.264,474.264,11.542,128.458,30.0,0.0
1779199668.757022,-24.29736212544217,126.00178629240504,4.715547789308594,-24.29736212544217,126.00178629240504,4.715547789308594,ESTIMA,0.0,450.0,0,140.0,-24.297,474.297,13.998,126.002,30.0,0.0
1779199668.8574219,-24.284359970337725,121.88564246346597,4.740532764715456,-24.284359970337725,121.88564246346597,4.740532764715456,ESTIMA,0.0,450.0,0,140.0,-24.284,474.284,18.114,121.886,30.0,0.0
1779199668.957863,-24.16662730383596,117.70349058211347,4.765879667801611,-24.16662730383596,117.70349058211347,4.765879667801611,ESTIMA,0.0,450.0,0,140.0,-24.167,474.167,22.297,117.703,30.0,0.0
1779199669.058314,-23.959502421874557,113.83501723367988,4.78428864035446,-23.959502421874557,113.83501723367988,4.78428864035446,ESTIMA,0.0,450.0,0,140.0,-23.96,473.96,26.165,113.835,30.0,0.0
1779199669.15889,-23.959502421874557,113.83501723367988,4.78428864035446,-23.959502421874557,113.83501723367988,4.78428864035446,ESTIMA,0.0,450.0,0,140.0,-23.96,473.96,26.165,113.835,30.0,0.0
1779199669.2593832,-23.32859653555236,105.8500054475308,4.781143417704488,-23.32859653555236,105.8500054475308,4.781143417704488,ESTIMA,0.0,450.0,0,140.0,-23.329,473.329,34.15,105.85,30.0,0.0
1779199669.359894,-23.32859653555236,105.8500054475308,4.781143417704488,-23.32859653555236,105.8500054475308,4.781143417704488,ESTIMA,0.0,450.0,0,140.0,-23.329,473.329,34.15,105.85,30.0,0.0
1779199669.4601626,-22.94119336931716,98.3990000355301,4.7453248261457395,-22.94119336931716,98.3990000355301,4.7453248261457395,ESTIMA,0.0,450.0,0,140.0,-22.941,472.941,41.601,98.399,30.0,0.0
1779199669.5605328,-22.81083447334566,94.4424671735131,4.7731176131446675,-22.81083447334566,94.4424671735131,4.7731176131446675,ESTIMA,0.0,450.0,0,140.0,-22.811,472.811,45.558,94.442,30.0,0.0
1779199669.6610477,-22.81083447334566,94.4424671735131,4.7731176131446675,-22.81083447334566,94.4424671735131,4.7731176131446675,ESTIMA,0.0,450.0,0,140.0,-22.811,472.811,45.558,94.442,30.0,0.0
1779199669.7615461,-22.23582086897319,86.42702513322871,4.822308827730754,-22.23582086897319,86.42702513322871,4.822308827730754,ESTIMA,0.0,450.0,0,140.0,-22.236,472.236,53.573,86.427,30.0,0.0
1779199669.8619633,-22.23582086897319,86.42702513322871,4.822308827730754,-22.23582086897319,86.42702513322871,4.822308827730754,ESTIMA,0.0,450.0,0,140.0,-22.236,472.236,53.573,86.427,30.0,0.0
1779199669.9625108,-21.241693139546868,78.21813806981764,4.86832771784224,-21.241693139546868,78.21813806981764,4.86832771784224,ESTIMA,0.0,450.0,0,140.0,-21.242,471.242,61.782,78.218,30.0,0.0
1779199670.062996,-20.67845403461398,74.63553705609709,4.836078195657508,-20.67845403461398,74.63553705609709,4.836078195657508,ESTIMA,0.0,450.0,0,140.0,-20.678,470.678,65.364,74.636,30.0,0.0
1779199670.1635573,-20.257143281892773,71.24672090318953,4.8705955637339455,-20.257143281892773,71.24672090318953,4.8705955637339455,ESTIMA,0.0,450.0,0,140.0,-20.257,470.257,68.753,71.247,30.0,0.0
1779199670.2639933,-20.257143281892773,71.24672090318953,4.8705955637339455,-20.257143281892773,71.24672090318953,4.8705955637339455,ESTIMA,0.0,450.0,0,140.0,-20.257,470.257,68.753,71.247,30.0,0.0
1779199670.3643756,-19.560116346980855,66.87773812972287,4.900257870057518,-19.560116346980855,66.87773812972287,4.900257870057518,ESTIMA,0.0,450.0,0,140.0,-19.56,469.56,73.122,66.878,30.0,0.0
1779199670.4646382,-18.278826146748237,60.675551289614326,4.954535481171358,-18.278826146748237,60.675551289614326,4.954535481171358,ESTIMA,0.0,450.0,0,140.0,-18.279,468.279,79.324,60.676,30.0,0.0
1779199670.5650032,-17.4508146219631,57.3231822057245,4.970835072706977,-17.4508146219631,57.3231822057245,4.970835072706977,ESTIMA,0.0,450.0,0,140.0,-17.451,467.451,82.677,57.323,30.0,0.0
1779199670.6654055,-16.54376975421338,53.89206359875623,4.988298857669763,-16.54376975421338,53.89206359875623,4.988298857669763,ESTIMA,0.0,450.0,0,140.0,-16.544,466.544,86.108,53.892,30.0,0.0
1779199670.7657022,-15.611920826686989,50.60083678234752,5.006735038423301,-15.611920826686989,50.60083678234752,5.006735038423301,ESTIMA,0.0,450.0,0,140.0,-15.612,465.612,89.399,50.601,30.0,0.0
1779199670.8659768,-15.611920826686989,50.60083678234752,5.006735038423301,-15.611920826686989,50.60083678234752,5.006735038423301,ESTIMA,0.0,450.0,0,140.0,-15.612,465.612,89.399,50.601,30.0,0.0
1779199670.966321,-13.427524314434365,43.649125448842625,5.052489609291899,-13.427524314434365,43.649125448842625,5.052489609291899,ESTIMA,0.0,450.0,0,140.0,-13.428,463.428,96.351,43.649,30.0,0.0
1779199671.0667644,-12.182753553030095,40.13133429354217,5.079908916899757,-12.182753553030095,40.13133429354217,5.079908916899757,ESTIMA,0.0,450.0,0,140.0,-12.183,462.183,99.869,40.131,30.0,0.0
1779199671.167134,-10.905471787944233,36.81382908861471,5.099006873924572,-10.905471787944233,36.81382908861471,5.099006873924572,ESTIMA,0.0,450.0,0,140.0,-10.905,460.905,103.186,36.814,30.0,0.0
1779199671.26738,-10.905471787944233,36.81382908861471,5.099006873924572,-10.905471787944233,36.81382908861471,5.099006873924572,ESTIMA,0.0,450.0,0,140.0,-10.905,460.905,103.186,36.814,30.0,0.0
1779199671.3676565,-9.511082747910084,33.388710745258116,5.113869656451555,-9.511082747910084,33.388710745258116,5.113869656451555,ESTIMA,0.0,450.0,0,140.0,-9.511,459.511,106.611,33.389,30.0,0.0
1779199671.4680343,-8.117045194221472,30.10506574271313,5.127905630113144,-8.117045194221472,30.10506574271313,5.127905630113144,ESTIMA,0.0,450.0,0,140.0,-8.117,458.117,109.895,30.105,30.0,0.0
1779199671.5682852,-6.674633974080466,26.83581767787652,5.146134417385506,-6.674633974080466,26.83581767787652,5.146134417385506,ESTIMA,0.0,450.0,0,140.0,-6.675,456.675,113.164,26.836,30.0,0.0
1779199671.6686833,-4.5582780595124515,22.266454073397906,5.174728923090541,-4.5582780595124515,22.266454073397906,5.174728923090541,ESTIMA,0.0,450.0,0,140.0,-4.558,454.558,117.734,22.266,30.0,0.0
1779199671.7690809,-3.623757607202138,20.391286938668927,5.1870018057093805,-3.623757607202138,20.391286938668927,5.1870018057093805,ESTIMA,0.0,450.0,0,140.0,-3.624,453.624,119.609,20.391,30.0,0.0
1779199671.8694348,-2.0071792448820003,17.244862275759576,5.201476289449126,-2.0071792448820003,17.244862275759576,5.201476289449126,ESTIMA,0.0,450.0,0,140.0,-2.007,452.007,122.755,17.245,30.0,0.0
1779199671.970016,-0.25002210317919804,13.943278060744092,5.2119315511343025,-0.25002210317919804,13.943278060744092,5.2119315511343025,ESTIMA,0.0,450.0,0,140.0,-0.25,450.25,126.057,13.943,30.0,0.0
1779199672.0704515,1.349097230337867,11.01292463149974,5.223045639169448,1.349097230337867,11.01292463149974,5.223045639169448,ESTIMA,0.0,450.0,0,140.0,1.349,448.651,128.987,11.013,30.0,0.0
1779199672.1710095,3.2604987728323236,7.601054964003254,5.2387216263472896,3.2604987728323236,7.601054964003254,5.2387216263472896,ESTIMA,0.0,450.0,0,140.0,3.26,446.74,132.399,7.601,30.0,0.0
1779199672.271295,5.0127854804833865,4.585077194228622,5.254507169658277,5.0127854804833865,4.585077194228622,5.254507169658277,ESTIMA,0.0,450.0,0,140.0,5.013,444.987,135.415,4.585,30.0,0.0
1779199672.3715928,6.867482697476902,1.505783667838696,5.2698051118861935,6.867482697476902,1.505783667838696,5.2698051118861935,ESTIMA,0.0,450.0,0,140.0,6.867,443.133,138.494,1.506,30.0,0.0
1779199672.4719453,9.56733191276983,-2.825368779262939,5.284710332686851,9.56733191276983,-2.825368779262939,5.284710332686851,ESTIMA,0.0,450.0,0,140.0,9.567,440.433,142.825,-2.825,30.0,0.0
1779199672.5722578,10.70839838154331,-4.59652769635217,5.288756208055237,10.70839838154331,-4.59652769635217,5.288756208055237,ESTIMA,0.0,450.0,0,140.0,10.708,439.292,144.597,-4.597,30.0,0.0
1779199672.6725216,13.615840844851887,-9.069594344809495,5.302321305450783,13.615840844851887,-9.069594344809495,5.302321305450783,ESTIMA,0.0,450.0,0,140.0,13.616,436.384,149.07,-9.07,30.0,0.0
1779199672.7728024,15.021836850106226,-11.169795954671228,5.31152319119119,15.021836850106226,-11.169795954671228,5.31152319119119,ESTIMA,0.0,450.0,0,140.0,15.022,434.978,151.17,-11.17,30.0,0.0
1779199672.873052,17.189586292264693,-14.344280719791364,5.325377943065423,17.189586292264693,-14.344280719791364,5.325377943065423,ESTIMA,0.0,450.0,0,140.0,17.19,432.81,154.344,-14.344,30.0,0.0
1779199672.9734251,19.222259670261952,-17.23415731987846,5.333837318097833,19.222259670261952,-17.23415731987846,5.333837318097833,ESTIMA,0.0,450.0,0,140.0,19.222,430.778,157.234,-17.234,30.0,0.0
1779199673.073855,21.36881069150225,-20.2317242559344,5.337599828857285,21.36881069150225,-20.2317242559344,5.337599828857285,ESTIMA,0.0,450.0,0,140.0,21.369,428.631,160.232,-20.232,30.0,0.0
1779199673.1742458,23.45438840177244,-23.121116045656994,5.343285870727763,23.45438840177244,-23.121116045656994,5.343285870727763,ESTIMA,0.0,450.0,0,140.0,23.454,426.546,163.121,-23.121,30.0,0.0
1779199673.274523,25.583986559665693,-26.036419691393938,5.350210704732819,25.583986559665693,-26.036419691393938,5.350210704732819,ESTIMA,0.0,450.0,0,140.0,25.584,424.416,166.036,-26.036,30.0,0.0
1779199673.3748128,28.54959610508545,-30.037708908538498,5.36460491772789,28.54959610508545,-30.037708908538498,5.36460491772789,ESTIMA,0.0,450.0,0,140.0,28.55,421.45,170.038,-30.038,30.0,0.0
1779199673.475099,29.84532203812819,-31.734336249733577,5.370567831442971,29.84532203812819,-31.734336249733577,5.370567831442971,ESTIMA,0.0,450.0,0,140.0,29.845,420.155,171.734,-31.734,30.0,0.0
1779199673.5753372,32.00788461546221,-34.53126840686456,5.3773442247290655,32.00788461546221,-34.53126840686456,5.3773442247290655,ESTIMA,0.0,450.0,0,140.0,32.008,417.992,174.531,-34.531,30.0,0.0
1779199673.675573,34.35721311030267,-37.527571899005466,5.38014644980464,34.35721311030267,-37.527571899005466,5.38014644980464,ESTIMA,0.0,450.0,0,140.0,34.357,415.643,177.528,-37.528,30.0,0.0
1779199673.7758765,36.54888235822796,-40.306724737533884,5.3827630545934655,36.54888235822796,-40.306724737533884,5.3827630545934655,ESTIMA,0.0,450.0,0,140.0,36.549,413.451,180.307,-40.307,30.0,0.0
1779199673.8761785,39.40662796117604,-43.911060918957006,5.331389820581699,39.40662796117604,-43.911060918957006,5.331389820581699,ESTIMA,0.0,450.0,0,140.0,39.407,410.593,183.911,-43.911,30.0,0.0
1779199673.9765575,40.60735030863795,-45.59651783876531,5.321903521641097,40.60735030863795,-45.59651783876531,5.321903521641097,ESTIMA,0.0,450.0,0,140.0,40.607,409.393,185.597,-45.597,30.0,0.0
1779199674.0769866,42.690813247041184,-48.5805816582174,5.316882303081059,42.690813247041184,-48.5805816582174,5.316882303081059,ESTIMA,0.0,450.0,0,140.0,42.691,407.309,188.581,-48.581,30.0,0.0
1779199674.1773791,45.01495901465219,-51.945234145788554,5.3117927373847715,45.01495901465219,-51.945234145788554,5.3117927373847715,ESTIMA,0.0,450.0,0,140.0,45.015,404.985,191.945,-51.945,30.0,0.0
1779199674.2776935,46.90394264806076,-54.7098896295962,5.372547957315993,46.90394264806076,-54.7098896295962,5.372547957315993,ESTIMA,0.0,450.0,0,140.0,46.904,403.096,194.71,-54.71,30.0,0.0
1779199674.3779562,46.90394264806076,-54.7098896295962,5.372547957315993,46.90394264806076,-54.7098896295962,5.372547957315993,ESTIMA,0.0,450.0,0,140.0,46.904,403.096,194.71,-54.71,30.0,0.0
1779199674.4782772,51.51931475150185,-60.05900621423455,5.510027358331888,51.51931475150185,-60.05900621423455,5.510027358331888,ESTIMA,0.0,450.0,0,140.0,51.519,398.481,200.059,-60.059,30.0,0.0
1779199674.578764,54.496892735164835,-62.9645696877264,5.521088653296977,54.496892735164835,-62.9645696877264,5.521088653296977,ESTIMA,0.0,450.0,0,140.0,54.497,395.503,202.965,-62.965,30.0,0.0
1779199674.6790264,57.582753833033124,-65.90987017597692,5.543847290305146,57.582753833033124,-65.90987017597692,5.543847290305146,ESTIMA,0.0,450.0,0,140.0,57.583,392.417,205.91,-65.91,30.0,0.0
1779199674.7793598,60.60660542807777,-68.66724898107961,5.559852410457531,60.60660542807777,-68.66724898107961,5.559852410457531,ESTIMA,0.0,450.0,0,140.0,60.607,389.393,208.667,-68.667,30.0,0.0
1779199674.8796933,60.60660542807777,-68.66724898107961,5.559852410457531,60.60660542807777,-68.66724898107961,5.559852410457531,ESTIMA,0.0,450.0,0,140.0,60.607,389.393,208.667,-68.667,30.0,0.0
1779199674.9799967,66.75006109902456,-73.97944941512179,5.601241780693969,66.75006109902456,-73.97944941512179,5.601241780693969,ESTIMA,0.0,450.0,0,140.0,66.75,383.25,213.979,-73.979,30.0,0.0
1779199675.0804126,69.9967057951369,-76.61533824012189,5.6213410781456075,69.9967057951369,-76.61533824012189,5.6213410781456075,ESTIMA,0.0,450.0,0,140.0,69.997,380.003,216.615,-76.615,30.0,0.0
1779199675.180868,73.46775485481994,-79.31950840906627,5.64028071086685,73.46775485481994,-79.31950840906627,5.64028071086685,ESTIMA,0.0,450.0,0,140.0,73.468,376.532,219.32,-79.32,30.0,0.0
1779199675.2811337,76.70523128040415,-81.7445995849387,5.661538604504034,76.70523128040415,-81.7445995849387,5.661538604504034,ESTIMA,0.0,450.0,0,140.0,76.705,373.295,221.745,-81.745,30.0,0.0
1779199675.3815873,76.70523128040415,-81.7445995849387,5.661538604504034,76.70523128040415,-81.7445995849387,5.661538604504034,ESTIMA,0.0,450.0,0,140.0,76.705,373.295,221.745,-81.745,30.0,0.0
1779199675.4819365,83.35352339962452,-86.41045468705939,5.701548154207042,83.35352339962452,-86.41045468705939,5.701548154207042,ESTIMA,0.0,450.0,0,140.0,83.354,366.646,226.41,-86.41,30.0,0.0
1779199675.582255,83.35352339962452,-86.41045468705939,5.701548154207042,83.35352339962452,-86.41045468705939,5.701548154207042,ESTIMA,0.0,450.0,0,140.0,83.354,366.646,226.41,-86.41,30.0,0.0
1779199675.6825244,90.3080769222228,-90.8825151701454,5.740681448750908,90.3080769222228,-90.8825151701454,5.740681448750908,ESTIMA,0.0,450.0,0,140.0,90.308,359.692,230.883,-90.883,30.0,0.0
1779199675.782763,90.3080769222228,-90.8825151701454,5.740681448750908,90.3080769222228,-90.8825151701454,5.740681448750908,ESTIMA,0.0,450.0,0,140.0,90.308,359.692,230.883,-90.883,30.0,0.0
1779199675.8830311,94.10437518693846,-93.17106908945671,5.766059724259647,94.10437518693846,-93.17106908945671,5.766059724259647,ESTIMA,0.0,450.0,0,140.0,94.104,355.896,233.171,-93.171,30.0,0.0
1779199675.98334,101.06084613790357,-97.05612786084625,5.804765759802241,101.06084613790357,-97.05612786084625,5.804765759802241,ESTIMA,0.0,450.0,0,140.0,101.061,348.939,237.056,-97.056,30.0,0.0
1779199676.0837352,101.06084613790357,-97.05612786084625,5.804765759802241,101.06084613790357,-97.05612786084625,5.804765759802241,ESTIMA,0.0,450.0,0,140.0,101.061,348.939,237.056,-97.056,30.0,0.0
1779199676.1840699,104.88832499404813,-99.04107248989779,5.82121026732837,104.88832499404813,-99.04107248989779,5.82121026732837,ESTIMA,0.0,450.0,0,140.0,104.888,345.112,239.041,-99.041,30.0,0.0
1779199676.2843404,108.60896659256944,-100.89362099381854,5.8429274338826875,108.60896659256944,-100.89362099381854,5.8429274338826875,ESTIMA,0.0,450.0,0,140.0,108.609,341.391,240.894,-100.894,30.0,0.0
1779199676.3846462,112.12675285657323,-102.55083459779549,5.861272617881004,112.12675285657323,-102.55083459779549,5.861272617881004,ESTIMA,0.0,450.0,0,140.0,112.127,337.873,242.551,-102.551,30.0,0.0
1779199676.4849362,119.39373726233691,-105.72959028143508,5.902286801695672,119.39373726233691,-105.72959028143508,5.902286801695672,ESTIMA,0.0,450.0,0,140.0,119.394,330.606,245.73,-105.73,30.0,0.0
1779199676.5853972,119.39373726233691,-105.72959028143508,5.902286801695672,119.39373726233691,-105.72959028143508,5.902286801695672,ESTIMA,0.0,450.0,0,140.0,119.394,330.606,245.73,-105.73,30.0,0.0
1779199676.6857474,123.612306529171,-107.41893718530412,5.920236620252704,123.612306529171,-107.41893718530412,5.920236620252704,ESTIMA,0.0,450.0,0,140.0,123.612,326.388,247.419,-107.419,30.0,0.0
1779199676.7860723,127.12482434226534,-108.75289681026933,5.942090968670789,127.12482434226534,-108.75289681026933,5.942090968670789,ESTIMA,0.0,450.0,0,140.0,127.125,322.875,248.753,-108.753,30.0,0.0
1779199676.886458,131.3448360524041,-110.25086857798605,5.959293069797176,131.3448360524041,-110.25086857798605,5.959293069797176,ESTIMA,0.0,450.0,0,140.0,131.345,318.655,250.251,-110.251,30.0,0.0
1779199676.9869368,135.22052784829737,-111.55199522750816,5.983699114282563,135.22052784829737,-111.55199522750816,5.983699114282563,ESTIMA,0.0,450.0,0,140.0,135.221,314.779,251.552,-111.552,30.0,0.0
1779199677.087258,139.0244267506521,-112.72653789656543,5.999589835305563,139.0244267506521,-112.72653789656543,5.999589835305563,ESTIMA,0.0,450.0,0,140.0,139.024,310.976,252.727,-112.727,30.0,0.0
1779199677.1878815,143.20001977544828,-113.94351925988751,6.023761991192277,143.20001977544828,-113.94351925988751,6.023761991192277,ESTIMA,0.0,450.0,0,140.0,143.2,306.8,253.944,-113.944,30.0,0.0
1779199677.2881627,147.311717447963,-115.03478085240316,6.041056769188575,147.311717447963,-115.03478085240316,6.041056769188575,ESTIMA,0.0,450.0,0,140.0,147.312,302.688,255.035,-115.035,30.0,0.0
1779199677.3884509,151.2776396157356,-116.01426007780259,6.063688327794167,151.2776396157356,-116.01426007780259,6.063688327794167,ESTIMA,0.0,450.0,0,140.0,151.278,298.722,256.014,-116.014,30.0,0.0
1779199677.4889154,155.39581512719596,-116.93298923261432,6.081646389037037,155.39581512719596,-116.93298923261432,6.081646389037037,ESTIMA,0.0,450.0,0,140.0,155.396,294.604,256.933,-116.933,30.0,0.0
1779199677.5892923,159.55617226975897,-117.78300299638407,6.1045558778383215,159.55617226975897,-117.78300299638407,6.1045558778383215,ESTIMA,0.0,450.0,0,140.0,159.556,290.444,257.783,-117.783,30.0,0.0
1779199677.6897073,163.59687641856985,-118.5125679981638,6.122776076345452,163.59687641856985,-118.5125679981638,6.122776076345452,ESTIMA,0.0,450.0,0,140.0,163.597,286.403,258.513,-118.513,30.0,0.0
1779199677.7899272,168.34879553611248,-119.28142555121444,6.1473532812780505,168.34879553611248,-119.28142555121444,6.1473532812780505,ESTIMA,0.0,450.0,0,140.0,168.349,281.651,259.281,-119.281,30.0,0.0
1779199677.8901725,173.22661647779705,-119.94809499627169,6.172060451660565,173.22661647779705,-119.94809499627169,6.172060451660565,ESTIMA,0.0,450.0,0,140.0,173.227,276.773,259.948,-119.948,30.0,0.0
1779199677.990499,176.11653422013526,-120.27056514787971,6.184683025216012,176.11653422013526,-120.27056514787971,6.184683025216012,ESTIMA,0.0,450.0,0,140.0,176.117,273.883,260.271,-120.271,30.0,0.0
1779199678.0908566,179.68397895820888,-120.6231075378749,6.20309815615312,179.68397895820888,-120.6231075378749,6.20309815615312,ESTIMA,0.0,450.0,0,140.0,179.684,270.316,260.623,-120.623,30.0,0.0
1779199678.1912065,183.74960553732234,-120.9494099154562,6.220789060566587,183.74960553732234,-120.9494099154562,6.220789060566587,ESTIMA,0.0,450.0,0,140.0,183.75,266.25,260.949,-120.949,30.0,0.0
1779199678.2916722,187.76718353733224,-121.20041753633201,6.2403881940074,187.76718353733224,-121.20041753633201,6.2403881940074,ESTIMA,0.0,450.0,0,140.0,187.767,262.233,261.2,-121.2,30.0,0.0
1779199678.3919978,193.41611612865665,-121.44232325271263,6.2671020767681185,193.41611612865665,-121.44232325271263,6.2671020767681185,ESTIMA,0.0,450.0,0,140.0,193.416,256.584,261.442,-121.442,30.0,0.0
1779199678.492246,196.6134192022092,-121.49375064906303,6.283545120767509,196.6134192022092,-121.49375064906303,6.283545120767509,ESTIMA,0.0,450.0,0,140.0,196.613,253.387,261.494,-121.494,30.0,0.0
1779199678.5925548,200.00131532539237,-121.49253163795083,6.295919052732286,200.00131532539237,-121.49253163795083,6.295919052732286,ESTIMA,0.0,450.0,0,140.0,200.001,249.999,261.493,-121.493,30.0,0.0
1779199678.6929061,205.6751506405839,-121.42027855745958,6.332123014564044,205.6751506405839,-121.42027855745958,6.332123014564044,ESTIMA,0.0,450.0,0,140.0,205.675,244.325,261.42,-121.42,30.0,0.0
1779199678.7931895,208.5713397018033,-121.27843245085896,6.343176461393227,208.5713397018033,-121.27843245085896,6.343176461393227,ESTIMA,0.0,450.0,0,140.0,208.571,241.429,261.278,-121.278,30.0,0.0
1779199678.893639,214.38317353155523,-120.92935496132282,6.3747537557780865,214.38317353155523,-120.92935496132282,6.3747537557780865,ESTIMA,0.0,450.0,0,140.0,214.383,235.617,260.929,-120.929,30.0,0.0
1779199678.994065,217.12399869913318,-120.67767804073092,6.386453853831872,217.12399869913318,-120.67767804073092,6.386453853831872,ESTIMA,0.0,450.0,0,140.0,217.124,232.876,260.678,-120.678,30.0,0.0
1779199679.0945332,221.32789349242432,-120.24199807885532,6.405874915651874,221.32789349242432,-120.24199807885532,6.405874915651874,ESTIMA,0.0,450.0,0,140.0,221.328,228.672,260.242,-120.242,30.0,0.0
1779199679.1948879,221.32789349242432,-120.24199807885532,6.405874915651874,221.32789349242432,-120.24199807885532,6.405874915651874,ESTIMA,0.0,450.0,0,140.0,221.328,228.672,260.242,-120.242,30.0,0.0
1779199679.2951524,229.44771005319907,-119.16894649280566,6.44522413814624,229.44771005319907,-119.16894649280566,6.44522413814624,ESTIMA,0.0,450.0,0,140.0,229.448,220.552,259.169,-119.169,30.0,0.0
1779199679.395397,229.44771005319907,-119.16894649280566,6.44522413814624,229.44771005319907,-119.16894649280566,6.44522413814624,ESTIMA,0.0,450.0,0,140.0,229.448,220.552,259.169,-119.169,30.0,0.0
1779199679.4957821,237.69886670226686,-117.7379478902109,6.486230904790561,237.69886670226686,-117.7379478902109,6.486230904790561,ESTIMA,0.0,450.0,0,140.0,237.699,212.301,257.738,-117.738,30.0,0.0
1779199679.5960608,241.71592259154235,-116.9109053791485,6.506936118874606,241.71592259154235,-116.9109053791485,6.506936118874606,ESTIMA,0.0,450.0,0,140.0,241.716,208.284,256.911,-116.911,30.0,0.0
1779199679.6964662,245.61822885790673,-116.02289219624843,6.522731975426686,245.61822885790673,-116.02289219624843,6.522731975426686,ESTIMA,0.0,450.0,0,140.0,245.618,204.382,256.023,-116.023,30.0,0.0
1779199679.7968314,249.84955244594508,-114.98944948105904,6.547599504808937,249.84955244594508,-114.98944948105904,6.547599504808937,ESTIMA,0.0,450.0,0,140.0,249.85,200.15,254.989,-114.989,30.0,0.0
1779199679.897281,249.84955244594508,-114.98944948105904,6.547599504808937,249.84955244594508,-114.98944948105904,6.547599504808937,ESTIMA,0.0,450.0,0,140.0,249.85,200.15,254.989,-114.989,30.0,0.0
1779199679.9978783,257.6967958411301,-112.80324003050065,6.582929056524847,257.6967958411301,-112.80324003050065,6.582929056524847,ESTIMA,0.0,450.0,0,140.0,257.697,192.303,252.803,-112.803,30.0,0.0
1779199680.0983493,257.6967958411301,-112.80324003050065,6.582929056524847,257.6967958411301,-112.80324003050065,6.582929056524847,ESTIMA,0.0,450.0,0,140.0,257.697,192.303,252.803,-112.803,30.0,0.0
1779199680.1988635,265.80396709414777,-110.2204145289125,6.621176734603764,265.80396709414777,-110.2204145289125,6.621176734603764,ESTIMA,0.0,450.0,0,140.0,265.804,184.196,250.22,-110.22,30.0,0.0
1779199680.2991676,269.57159190282874,-108.89617513106795,6.643340833352517,269.57159190282874,-108.89617513106795,6.643340833352517,ESTIMA,0.0,450.0,0,140.0,269.572,180.428,248.896,-108.896,30.0,0.0
1779199680.3994863,269.57159190282874,-108.89617513106795,6.643340833352517,269.57159190282874,-108.89617513106795,6.643340833352517,ESTIMA,0.0,450.0,0,140.0,269.572,180.428,248.896,-108.896,30.0,0.0
1779199680.4998145,277.53828358135974,-105.82308816520388,6.680784086191887,277.53828358135974,-105.82308816520388,6.680784086191887,ESTIMA,0.0,450.0,0,140.0,277.538,172.462,245.823,-105.823,30.0,0.0
1779199680.6000469,277.53828358135974,-105.82308816520388,6.680784086191887,277.53828358135974,-105.82308816520388,6.680784086191887,ESTIMA,0.0,450.0,0,140.0,277.538,172.462,245.823,-105.823,30.0,0.0
1779199680.700308,284.879792110584,-102.68011190606745,6.715126720657606,284.879792110584,-102.68011190606745,6.715126720657606,ESTIMA,0.0,450.0,0,140.0,284.88,165.12,242.68,-102.68,30.0,0.0
1779199680.8006012,288.5780713369477,-100.97530548840761,6.735287465523384,288.5780713369477,-100.97530548840761,6.735287465523384,ESTIMA,0.0,450.0,0,140.0,288.578,161.422,240.975,-100.975,30.0,0.0
1779199680.9010606,288.5780713369477,-100.97530548840761,6.735287465523384,288.5780713369477,-100.97530548840761,6.735287465523384,ESTIMA,0.0,450.0,0,140.0,288.578,161.422,240.975,-100.975,30.0,0.0
1779199681.0013084,295.84563828789,-97.37501993312439,6.77118878588318,295.84563828789,-97.37501993312439,6.77118878588318,ESTIMA,0.0,450.0,0,140.0,295.846,154.154,237.375,-97.375,30.0,0.0
1779199681.1018271,295.84563828789,-97.37501993312439,6.77118878588318,295.84563828789,-97.37501993312439,6.77118878588318,ESTIMA,0.0,450.0,0,140.0,295.846,154.154,237.375,-97.375,30.0,0.0
1779199681.2022266,303.3513918721144,-93.32232088742703,6.807987822260944,303.3513918721144,-93.32232088742703,6.807987822260944,ESTIMA,0.0,450.0,0,140.0,303.351,146.649,233.322,-93.322,30.0,0.0
1779199681.302623,306.8483937919809,-91.29770934249562,6.8239026410269155,306.8483937919809,-91.29770934249562,6.8239026410269155,ESTIMA,0.0,450.0,0,140.0,306.848,143.152,231.298,-91.298,30.0,0.0
1779199681.4031854,306.8483937919809,-91.29770934249562,6.8239026410269155,306.8483937919809,-91.29770934249562,6.8239026410269155,ESTIMA,0.0,450.0,0,140.0,306.848,143.152,231.298,-91.298,30.0,0.0
1779199681.5035882,313.71697945775065,-87.07045974163273,6.86140477548045,313.71697945775065,-87.07045974163273,6.86140477548045,ESTIMA,0.0,450.0,0,140.0,313.717,136.283,227.07,-87.07,30.0,0.0
1779199681.6041448,313.71697945775065,-87.07045974163273,6.86140477548045,313.71697945775065,-87.07045974163273,6.86140477548045,ESTIMA,0.0,450.0,0,140.0,313.717,136.283,227.07,-87.07,30.0,0.0
1779199681.7045712,317.3795458026423,-84.68017154265458,6.883354387509749,317.3795458026423,-84.68017154265458,6.883354387509749,ESTIMA,0.0,450.0,0,140.0,317.38,132.62,224.68,-84.68,30.0,0.0
1779199681.8049889,320.6456416839467,-82.4449043356314,6.898360182363928,320.6456416839467,-82.4449043356314,6.898360182363928,ESTIMA,0.0,450.0,0,140.0,320.646,129.354,222.445,-82.445,30.0,0.0
1779199681.905232,323.95140855346,-80.108885402135,6.893858555928761,323.95140855346,-80.108885402135,6.893858555928761,ESTIMA,0.0,450.0,0,140.0,323.951,126.049,220.109,-80.109,30.0,0.0
1779199682.0056546,327.349539223572,-77.73046083381142,6.9058350124456185,327.349539223572,-77.73046083381142,6.9058350124456185,ESTIMA,0.0,450.0,0,140.0,327.35,122.65,217.73,-77.73,30.0,0.0
1779199682.1060836,330.78628649684254,-75.2631623408485,6.918436184514422,330.78628649684254,-75.2631623408485,6.918436184514422,ESTIMA,0.0,450.0,0,140.0,330.786,119.214,215.263,-75.263,30.0,0.0
1779199682.2065585,335.3310073107133,-71.91284869744072,6.9458369928706505,335.3310073107133,-71.91284869744072,6.9458369928706505,ESTIMA,0.0,450.0,0,140.0,335.331,114.669,211.913,-71.913,30.0,0.0
1779199682.306855,337.2762847317382,-70.39482698254425,6.9546386727492875,337.2762847317382,-70.39482698254425,6.9546386727492875,ESTIMA,0.0,450.0,0,140.0,337.276,112.724,210.395,-70.395,30.0,0.0
1779199682.4073627,341.74214043287816,-66.846157569267,6.984353195273374,341.74214043287816,-66.846157569267,6.984353195273374,ESTIMA,0.0,450.0,0,140.0,341.742,108.258,206.846,-66.846,30.0,0.0
1779199682.5077124,343.803650727889,-65.10565165318994,6.992859339109716,343.803650727889,-65.10565165318994,6.992859339109716,ESTIMA,0.0,450.0,0,140.0,343.804,106.196,205.106,-65.106,30.0,0.0
1779199682.6080687,346.84111059769157,-62.49658894496016,7.014031535635448,346.84111059769157,-62.49658894496016,7.014031535635448,ESTIMA,0.0,450.0,0,140.0,346.841,103.159,202.497,-62.497,30.0,0.0
1779199682.7084126,351.26637156008763,-58.529596332796395,7.032153690443336,351.26637156008763,-58.529596332796395,7.032153690443336,ESTIMA,0.0,450.0,0,140.0,351.266,98.734,198.53,-58.53,30.0,0.0
1779199682.80892,353.30426713990715,-56.63502313399847,7.066837935644944,353.30426713990715,-56.63502313399847,7.066837935644944,ESTIMA,0.0,450.0,0,140.0,353.304,96.696,196.635,-56.635,30.0,0.0
1779199682.90925,356.0090915441811,-53.93962501635121,7.088628836673735,356.0090915441811,-53.93962501635121,7.088628836673735,ESTIMA,0.0,450.0,0,140.0,356.009,93.991,193.94,-53.94,30.0,0.0
1779199683.0096529,357.7973446989615,-52.078202985928044,7.085628812835265,357.7973446989615,-52.078202985928044,7.085628812835265,ESTIMA,0.0,450.0,0,140.0,357.797,92.203,192.078,-52.078,30.0,0.0
1779199683.1101995,360.23817564630946,-49.55271116789317,7.087193129794325,360.23817564630946,-49.55271116789317,7.087193129794325,ESTIMA,0.0,450.0,0,140.0,360.238,89.762,189.553,-49.553,30.0,0.0
1779199683.2108216,363.01993438289736,-46.66544156538653,7.087111439908743,363.01993438289736,-46.66544156538653,7.087111439908743,ESTIMA,0.0,450.0,0,140.0,363.02,86.98,186.665,-46.665,30.0,0.0
1779199683.311258,365.47445994183335,-44.1182334322227,7.091170416155144,365.47445994183335,-44.1182334322227,7.091170416155144,ESTIMA,0.0,450.0,0,140.0,365.474,84.526,184.118,-44.118,30.0,0.0
1779199683.411624,368.9810068741125,-40.44959337596072,7.081340538729434,368.9810068741125,-40.44959337596072,7.081340538729434,ESTIMA,0.0,450.0,0,140.0,368.981,81.019,180.45,-40.45,30.0,0.0
1779199683.5121443,370.6082142820445,-38.78033038910117,7.076390839761939,370.6082142820445,-38.78033038910117,7.076390839761939,ESTIMA,0.0,450.0,0,140.0,370.608,79.392,178.78,-38.78,30.0,0.0
1779199683.6125255,373.3196923550579,-36.02617926406181,7.072249321176663,373.3196923550579,-36.02617926406181,7.072249321176663,ESTIMA,0.0,450.0,0,140.0,373.32,76.68,176.026,-36.026,30.0,0.0
1779199683.7129683,376.0865335201202,-33.23897771698871,7.066065128834828,376.0865335201202,-33.23897771698871,7.066065128834828,ESTIMA,0.0,450.0,0,140.0,376.087,73.913,173.239,-33.239,30.0,0.0
1779199683.8133376,378.72216542355187,-30.616587338543734,7.059438134175884,378.72216542355187,-30.616587338543734,7.059438134175884,ESTIMA,0.0,450.0,0,140.0,378.722,71.278,170.617,-30.617,30.0,0.0
1779199683.9137876,382.36650881309214,-27.038299185728,7.0496027766683,382.36650881309214,-27.038299185728,7.0496027766683,ESTIMA,0.0,450.0,0,140.0,382.367,67.633,167.038,-27.038,30.0,0.0
1779199684.0142362,383.97668291081294,-25.488118028406124,7.043649216045317,383.97668291081294,-25.488118028406124,7.043649216045317,ESTIMA,0.0,450.0,0,140.0,383.977,66.023,165.488,-25.488,30.0,0.0
1779199684.114889,387.7461514320231,-21.902091315447244,7.037369212672801,387.7461514320231,-21.902091315447244,7.037369212672801,ESTIMA,0.0,450.0,0,140.0,387.746,62.254,161.902,-21.902,30.0,0.0
1779199684.2152457,389.54824374861767,-20.20912995131759,7.034406234690695,389.54824374861767,-20.20912995131759,7.034406234690695,ESTIMA,0.0,450.0,0,140.0,389.548,60.452,160.209,-20.209,30.0,0.0
1779199684.3156593,392.30776579745594,-17.632068620133396,7.026863776865074,392.30776579745594,-17.632068620133396,7.026863776865074,ESTIMA,0.0,450.0,0,140.0,392.308,57.692,157.632,-17.632,30.0,0.0
1779199684.4160206,395.40734449498575,-14.780897518820293,7.018140743247721,395.40734449498575,-14.780897518820293,7.018140743247721,ESTIMA,0.0,450.0,0,140.0,395.407,54.593,154.781,-14.781,30.0,0.0
1779199684.5163488,395.40734449498575,-14.780897518820293,7.018140743247721,395.40734449498575,-14.780897518820293,7.018140743247721,ESTIMA,0.0,450.0,0,140.0,395.407,54.593,154.781,-14.781,30.0,0.0
1779199684.6166496,399.7896937370649,-10.819773165435072,7.0020696112366325,399.7896937370649,-10.819773165435072,7.0020696112366325,ESTIMA,0.0,450.0,0,140.0,399.79,50.21,150.82,-10.82,30.0,0.0
1779199684.717092,403.81086130450893,-7.319028319035343,6.9950129065427324,403.81086130450893,-7.319028319035343,6.9950129065427324,ESTIMA,0.0,450.0,0,140.0,403.811,46.189,147.319,-7.319,30.0,0.0
1779199684.8173444,406.68453559899785,-4.839876517722471,6.991262198972732,406.68453559899785,-4.839876517722471,6.991262198972732,ESTIMA,0.0,450.0,0,140.0,406.685,43.315,144.84,-4.84,30.0,0.0
1779199684.9177477,409.33859312841344,-2.567498208310375,6.986463526945487,409.33859312841344,-2.567498208310375,6.986463526945487,ESTIMA,0.0,450.0,0,140.0,409.339,40.661,142.567,-2.567,30.0,0.0
1779199685.01813,412.3479330437894,-0.015855213541285718,6.978513944412083,412.3479330437894,-0.015855213541285718,6.978513944412083,ESTIMA,0.0,450.0,0,140.0,412.348,37.652,140.016,-0.016,30.0,0.0
1779199685.11863,412.3479330437894,-0.015855213541285718,6.978513944412083,412.3479330437894,-0.015855213541285718,6.978513944412083,ESTIMA,0.0,450.0,0,140.0,412.348,37.652,140.016,-0.016,30.0,0.0
1779199685.2190418,418.14010706406185,4.773542337618885,6.966115234516902,418.14010706406185,4.773542337618885,6.966115234516902,ESTIMA,0.0,450.0,0,140.0,418.14,31.86,135.226,4.774,30.0,0.0
1779199685.319406,420.77705879008926,6.918752146683379,6.964760401390367,420.77705879008926,6.918752146683379,6.964760401390367,ESTIMA,0.0,450.0,0,140.0,420.777,29.223,133.081,6.919,30.0,0.0
1779199685.4196575,420.77705879008926,6.918752146683379,6.964760401390367,420.77705879008926,6.918752146683379,6.964760401390367,ESTIMA,0.0,450.0,0,140.0,420.777,29.223,133.081,6.919,30.0,0.0
1779199685.5199792,424.2800338687227,9.760610039310682,6.960553583509262,424.2800338687227,9.760610039310682,6.960553583509262,ESTIMA,0.0,450.0,0,140.0,424.28,25.72,130.239,9.761,30.0,0.0
1779199685.620232,426.91146361480213,11.877116122332346,6.955608519168408,426.91146361480213,11.877116122332346,6.955608519168408,ESTIMA,0.0,450.0,0,140.0,426.911,23.089,128.123,11.877,30.0,0.0
1779199685.720517,429.92282676603895,14.274781382427213,6.961158498434327,429.92282676603895,14.274781382427213,6.961158498434327,ESTIMA,0.0,450.0,0,140.0,429.923,20.077,125.725,14.275,30.0,0.0
1779199685.8209333,432.5177044426491,16.3644743891552,6.977107528035619,432.5177044426491,16.3644743891552,6.977107528035619,ESTIMA,0.0,450.0,0,140.0,432.518,17.482,123.636,16.364,30.0,0.0
1779199685.9212801,436.2796139408553,19.494200685286984,6.983452706191284,436.2796139408553,19.494200685286984,6.983452706191284,ESTIMA,0.0,450.0,0,140.0,436.28,13.72,120.506,19.494,30.0,0.0
1779199686.0217361,438.2099054950536,21.120945377326848,6.9882889453967465,438.2099054950536,21.120945377326848,6.9882889453967465,ESTIMA,0.0,450.0,0,140.0,438.21,11.79,118.879,21.121,30.0,0.0
1779199686.122091,440.65963065591563,23.20578528761072,6.905484909134117,440.65963065591563,23.20578528761072,6.905484909134117,ESTIMA,0.0,450.0,0,140.0,440.66,9.34,116.794,23.206,30.0,0.0
1779199686.2225358,443.55367854685795,25.281935748387657,6.861154204511842,443.55367854685795,25.281935748387657,6.861154204511842,ESTIMA,0.0,450.0,0,140.0,443.554,6.446,114.718,25.282,30.0,0.0
1779199686.322904,447.0195820655333,27.542638411023745,6.866334856910101,447.0195820655333,27.542638411023745,6.866334856910101,ESTIMA,0.0,450.0,0,140.0,447.02,2.98,112.457,27.543,30.0,0.0
1779199686.4233463,451.67109422638543,30.611144474204963,6.888597083103093,451.67109422638543,30.611144474204963,6.888597083103093,ESTIMA,0.0,450.0,0,140.0,451.671,-1.671,109.389,30.611,30.0,0.0
1779199686.5238016,453.7881225530949,32.076363343719635,6.899516698607032,453.7881225530949,32.076363343719635,6.899516698607032,ESTIMA,0.0,450.0,0,140.0,453.788,-3.788,107.924,32.076,30.0,0.0
1779199686.6240678,457.09765168990185,34.42078439103105,6.914459587782424,457.09765168990185,34.42078439103105,6.914459587782424,ESTIMA,0.0,450.0,0,140.0,457.098,-7.098,105.579,34.421,30.0,0.0
1779199686.724295,460.2934209549187,36.757109815949995,6.936381195500907,460.2934209549187,36.757109815949995,6.936381195500907,ESTIMA,0.0,450.0,0,140.0,460.293,-10.293,103.243,36.757,30.0,0.0
1779199686.8245385,463.5419659757418,39.24308983352359,6.94930364438957,463.5419659757418,39.24308983352359,6.94930364438957,ESTIMA,0.0,450.0,0,140.0,463.542,-13.542,100.757,39.243,30.0,0.0
1779199686.9247718,466.7546162822764,41.76808988341564,6.972696100846466,466.7546162822764,41.76808988341564,6.972696100846466,ESTIMA,0.0,450.0,0,140.0,466.755,-16.755,98.232,41.768,30.0,0.0
1779199687.0250487,469.9097313211591,44.36952638372719,6.985116987713062,469.9097313211591,44.36952638372719,6.985116987713062,ESTIMA,0.0,450.0,0,140.0,469.91,-19.91,95.63,44.37,30.0,0.0
1779199687.125371,473.0966949233554,47.064409664996305,7.006657761745269,473.0966949233554,47.064409664996305,7.006657761745269,ESTIMA,0.0,450.0,0,140.0,473.097,-23.097,92.936,47.064,30.0,0.0
1779199687.2259738,476.1205938696863,49.73520891849517,7.021053257716137,476.1205938696863,49.73520891849517,7.021053257716137,ESTIMA,0.0,450.0,0,140.0,476.121,-26.121,90.265,49.735,30.0,0.0
1779199687.3263948,479.03445527258873,52.38445532715322,7.040143367785341,479.03445527258873,52.38445532715322,7.040143367785341,ESTIMA,0.0,450.0,0,140.0,479.034,-29.034,87.616,52.384,30.0,0.0
1779199687.4268374,482.1245621522866,55.30361203968727,7.058643784681497,482.1245621522866,55.30361203968727,7.058643784681497,ESTIMA,0.0,450.0,0,140.0,482.125,-32.125,84.696,55.304,30.0,0.0
1779199687.5271614,485.01583086420663,58.13796796684916,7.075953674827248,485.01583086420663,58.13796796684916,7.075953674827248,ESTIMA,0.0,450.0,0,140.0,485.016,-35.016,81.862,58.138,30.0,0.0
1779199687.627774,488.074387945261,61.24194500547009,7.09775126582597,488.074387945261,61.24194500547009,7.09775126582597,ESTIMA,0.0,450.0,0,140.0,488.074,-38.074,78.758,61.242,30.0,0.0
1779199687.728015,491.1106529471194,64.46070711406138,7.111795228738766,491.1106529471194,64.46070711406138,7.111795228738766,ESTIMA,0.0,450.0,0,140.0,491.111,-41.111,75.539,64.461,30.0,0.0
1779199687.828261,493.7943531549038,67.38697489945136,7.134263798330497,493.7943531549038,67.38697489945136,7.134263798330497,ESTIMA,0.0,450.0,0,140.0,493.794,-43.794,72.613,67.387,30.0,0.0
1779199687.9285023,496.50220186629235,70.47612055133904,7.14916779182846,496.50220186629235,70.47612055133904,7.14916779182846,ESTIMA,0.0,450.0,0,140.0,496.502,-46.502,69.524,70.476,30.0,0.0
1779199688.028839,499.62929932073064,74.15267560208407,7.174633955792454,499.62929932073064,74.15267560208407,7.174633955792454,ESTIMA,0.0,450.0,0,140.0,499.629,-49.629,65.847,74.153,30.0,0.0
1779199688.129249,501.9172835561324,76.98580123992794,7.187638911854539,501.9172835561324,76.98580123992794,7.187638911854539,ESTIMA,0.0,450.0,0,140.0,501.917,-51.917,63.014,76.986,30.0,0.0
1779199688.229796,505.59853963087494,81.66743596302207,7.2177014374043775,505.59853963087494,81.66743596302207,7.2177014374043775,ESTIMA,0.0,450.0,0,140.0,505.599,-55.599,58.333,81.667,30.0,0.0
1779199688.330093,507.1822248953195,83.81109138893846,7.228591538592071,507.1822248953195,83.81109138893846,7.228591538592071,ESTIMA,0.0,450.0,0,140.0,507.182,-57.182,56.189,83.811,0.0,0.0
1779199688.4303687,509.3546505118886,86.81966709392213,7.247403290521871,509.3546505118886,86.81966709392213,7.247403290521871,ESTIMA,0.0,450.0,0,140.0,509.355,-59.355,53.18,86.82,0.0,0.0
1779199688.5306745,511.61097053769,90.07160825402822,7.253927390058778,511.61097053769,90.07160825402822,7.253927390058778,ESTIMA,0.0,450.0,0,140.0,511.611,-61.611,49.928,90.072,0.0,0.0
1779199688.630974,513.964641356567,93.51155893122119,7.261193944862913,513.964641356567,93.51155893122119,7.261193944862913,ESTIMA,0.0,450.0,0,140.0,513.965,-63.965,46.488,93.512,0.0,0.0
1779199688.7312179,514.7863093289778,94.7313736646434,7.264264075552738,514.7863093289778,94.7313736646434,7.264264075552738,ESTIMA,0.0,450.0,0,140.0,514.786,-64.786,45.269,94.731,0.0,0.0
1779199688.8315666,515.7258157274696,96.1354102570866,7.267347001695275,515.7258157274696,96.1354102570866,7.267347001695275,ESTIMA,0.0,450.0,0,140.0,515.726,-65.726,43.865,96.135,-20.0,0.0
1779199688.931949,516.3328460863179,97.04866014655028,7.268769914318415,516.3328460863179,97.04866014655028,7.268769914318415,ESTIMA,0.0,450.0,0,140.0,516.333,-66.333,42.951,97.049,-20.0,0.0
1779199689.0323267,519.0595718387254,101.16358523182735,7.316170793174179,519.0595718387254,101.16358523182735,7.316170793174179,ESTIMA,0.0,450.0,0,140.0,519.06,-69.06,38.836,101.164,-20.0,0.0
1779199689.1328874,523.6135718333404,108.79866068010438,7.316170793174179,523.6135718333404,108.79866068010438,7.316170793174179,ESTIMA,0.0,450.0,0,140.0,523.614,-73.614,31.201,108.799,-20.0,0.0
1779199689.2332313,525.9563698691375,112.72651307020925,7.316170793174179,525.9563698691375,112.72651307020925,7.316170793174179,ESTIMA,0.0,450.0,0,140.0,525.956,-75.956,27.273,112.727,-20.0,0.0
1779199689.3336313,529.4238307585707,118.53993545406487,7.316170793174179,529.4238307585707,118.53993545406487,7.316170793174179,ESTIMA,0.0,450.0,0,140.0,529.424,-79.424,21.46,118.54,0.0,0.0
1779199689.4339406,532.3673413192624,123.47492123365573,7.357885193432737,532.3673413192624,123.47492123365573,7.357885193432737,ESTIMA,0.0,450.0,0,140.0,532.367,-82.367,16.525,123.475,0.0,0.0
1779199689.534321,535.1955443571779,128.700289915165,7.560527426273457,535.1955443571779,128.700289915165,7.560527426273457,ESTIMA,0.0,450.0,0,140.0,535.196,-85.196,11.3,128.7,0.0,0.0
1779199689.634777,535.3315941930225,129.15051996437847,7.495653392282276,535.3315941930225,129.15051996437847,7.495653392282276,ESTIMA,0.0,450.0,0,140.0,535.332,-85.332,10.849,129.151,0.0,0.0
1779199690.035637,535.5986124988694,137.31206087555356,8.641854562184157,535.5986124988694,137.31206087555356,8.641854562184157,ESTIMA,0.0,450.0,0,140.0,535.599,-85.599,2.688,137.312,30.0,0.0
1779199690.135954,535.595930773825,137.31472936006062,8.642376380258582,535.595930773825,137.31472936006062,8.642376380258582,ESTIMA,0.0,450.0,0,140.0,535.596,-85.596,2.685,137.315,30.0,0.0
1779199690.236266,534.6998295058345,138.205476173642,8.675576974686713,534.6998295058345,138.205476173642,8.675576974686713,ESTIMA,0.0,450.0,0,140.0,534.7,-84.7,1.795,138.205,30.0,0.0
1779199690.3365836,532.7940894472079,139.97801474817794,8.709040218376256,532.7940894472079,139.97801474817794,8.709040218376256,ESTIMA,0.0,450.0,0,140.0,532.794,-82.794,0.022,139.978,30.0,0.0
1779199690.436895,530.3961227239088,142.06317857944975,8.735030980956747,530.3961227239088,142.06317857944975,8.735030980956747,ESTIMA,0.0,450.0,0,140.0,530.396,-80.396,-2.063,142.063,30.0,0.0
1779199690.5371618,527.7949497885976,144.20891428282624,8.756477762807325,527.7949497885976,144.20891428282624,8.756477762807325,ESTIMA,0.0,450.0,0,140.0,527.795,-77.795,-4.209,144.209,30.0,0.0
1779199690.637425,527.7949497885976,144.20891428282624,8.756477762807325,527.7949497885976,144.20891428282624,8.756477762807325,ESTIMA,0.0,450.0,0,140.0,527.795,-77.795,-4.209,144.209,30.0,0.0
1779199690.7376926,522.3827609996426,148.39225931305214,8.807924428310244,522.3827609996426,148.39225931305214,8.807924428310244,ESTIMA,0.0,450.0,0,140.0,522.383,-72.383,-8.392,148.392,30.0,0.0
1779199690.837937,519.6095583152949,150.35893013511065,8.84126732614111,519.6095583152949,150.35893013511065,8.84126732614111,ESTIMA,0.0,450.0,0,140.0,519.61,-69.61,-10.359,150.359,30.0,0.0
1779199690.9382458,516.7111751924664,152.27243570561564,8.865325924077498,516.7111751924664,152.27243570561564,8.865325924077498,ESTIMA,0.0,450.0,0,140.0,516.711,-66.711,-12.272,152.272,30.0,0.0
1779199691.0385115,513.6567673797427,154.18506448531457,8.893853850753588,513.6567673797427,154.18506448531457,8.893853850753588,ESTIMA,0.0,450.0,0,140.0,513.657,-63.657,-14.185,154.185,30.0,0.0
1779199691.13893,513.6567673797427,154.18506448531457,8.893853850753588,513.6567673797427,154.18506448531457,8.893853850753588,ESTIMA,0.0,450.0,0,140.0,513.657,-63.657,-14.185,154.185,30.0,0.0
1779199691.2392466,507.63856847113055,157.62615582847562,8.94278275016687,507.63856847113055,157.62615582847562,8.94278275016687,ESTIMA,0.0,450.0,0,140.0,507.639,-57.639,-17.626,157.626,30.0,0.0
1779199691.3397608,507.63856847113055,157.62615582847562,8.94278275016687,507.63856847113055,157.62615582847562,8.94278275016687,ESTIMA,0.0,450.0,0,140.0,507.639,-57.639,-17.626,157.626,30.0,0.0
1779199691.4400117,501.47987606071035,160.76514382565242,8.992472440882446,501.47987606071035,160.76514382565242,8.992472440882446,ESTIMA,0.0,450.0,0,140.0,501.48,-51.48,-20.765,160.765,30.0,0.0
1779199691.5402634,498.3471783759956,162.210615740429,9.011576036844213,498.3471783759956,162.210615740429,9.011576036844213,ESTIMA,0.0,450.0,0,140.0,498.347,-48.347,-22.211,162.211,30.0,0.0
1779199691.6405594,498.3471783759956,162.210615740429,9.011576036844213,498.3471783759956,162.210615740429,9.011576036844213,ESTIMA,0.0,450.0,0,140.0,498.347,-48.347,-22.211,162.211,30.0,0.0
1779199691.7408345,491.8926535066134,164.96753470136852,9.05290092547904,491.8926535066134,164.96753470136852,9.05290092547904,ESTIMA,0.0,450.0,0,140.0,491.893,-41.893,-24.968,164.968,30.0,0.0
1779199691.8410594,491.8926535066134,164.96753470136852,9.05290092547904,491.8926535066134,164.96753470136852,9.05290092547904,ESTIMA,0.0,450.0,0,140.0,491.893,-41.893,-24.968,164.968,30.0,0.0
1779199691.9412873,484.9632953192755,167.58104429954605,9.0968202689144,484.9632953192755,167.58104429954605,9.0968202689144,ESTIMA,0.0,450.0,0,140.0,484.963,-34.963,-27.581,167.581,30.0,0.0
1779199692.0415022,481.6103343293748,168.7218709728705,9.114881080447695,481.6103343293748,168.7218709728705,9.114881080447695,ESTIMA,0.0,450.0,0,140.0,481.61,-31.61,-28.722,168.722,30.0,0.0
1779199692.1419768,481.6103343293748,168.7218709728705,9.114881080447695,481.6103343293748,168.7218709728705,9.114881080447695,ESTIMA,0.0,450.0,0,140.0,481.61,-31.61,-28.722,168.722,30.0,0.0
1779199692.2422948,475.00965741186775,170.7882372662874,9.143492549796122,475.00965741186775,170.7882372662874,9.143492549796122,ESTIMA,0.0,450.0,0,140.0,475.01,-25.01,-30.788,170.788,30.0,0.0
1779199692.3427966,475.00965741186775,170.7882372662874,9.143492549796122,475.00965741186775,170.7882372662874,9.143492549796122,ESTIMA,0.0,450.0,0,140.0,475.01,-25.01,-30.788,170.788,30.0,0.0
1779199692.4431543,471.47895253191143,171.8084222233007,9.160265704178641,471.47895253191143,171.8084222233007,9.160265704178641,ESTIMA,0.0,450.0,0,140.0,471.479,-21.479,-31.808,171.808,30.0,0.0
1779199692.543599,467.92011806559697,172.77236442109657,9.176401751829419,467.92011806559697,172.77236442109657,9.176401751829419,ESTIMA,0.0,450.0,0,140.0,467.92,-17.92,-32.772,172.772,30.0,0.0
1779199692.6440108,464.3562883047827,173.67619788963083,9.188753353646845,464.3562883047827,173.67619788963083,9.188753353646845,ESTIMA,0.0,450.0,0,140.0,464.356,-14.356,-33.676,173.676,30.0,0.0
1779199692.7443118,460.87309343749456,174.51393172195927,9.201123753419724,460.87309343749456,174.51393172195927,9.201123753419724,ESTIMA,0.0,450.0,0,140.0,460.873,-10.873,-34.514,174.514,30.0,0.0
1779199692.8445926,457.5127211780616,175.27828036596603,9.210511800618463,457.5127211780616,175.27828036596603,9.210511800618463,ESTIMA,0.0,450.0,0,140.0,457.513,-7.513,-35.278,175.278,30.0,0.0
1779199692.9448254,454.1428135552019,176.01159417302344,9.224999235094804,454.1428135552019,176.01159417302344,9.224999235094804,ESTIMA,0.0,450.0,0,140.0,454.143,-4.143,-36.012,176.012,30.0,0.0
1779199693.0450883,450.66090428591855,176.71661004434702,9.239106952874732,450.66090428591855,176.71661004434702,9.239106952874732,ESTIMA,0.0,450.0,0,140.0,450.661,-0.661,-36.717,176.717,30.0,0.0
1779199693.1454165,447.21551810405236,177.36377221349252,9.251524333313865,447.21551810405236,177.36377221349252,9.251524333313865,ESTIMA,0.0,450.0,0,140.0,447.216,2.784,-37.364,177.364,30.0,0.0
1779199693.245923,443.5713879980728,178.00152488147162,9.260275862343192,443.5713879980728,178.00152488147162,9.260275862343192,ESTIMA,0.0,450.0,0,140.0,443.571,6.429,-38.002,178.002,30.0,0.0
1779199693.346263,439.96450368416487,178.60027560790468,9.270305844307368,439.96450368416487,178.60027560790468,9.270305844307368,ESTIMA,0.0,450.0,0,140.0,439.965,10.035,-38.6,178.6,30.0,0.0
1779199693.4467733,434.98089262547484,179.37628669457948,9.283322878807974,434.98089262547484,179.37628669457948,9.283322878807974,ESTIMA,0.0,450.0,0,140.0,434.981,15.019,-39.376,179.376,30.0,0.0
1779199693.5470169,432.2040155033337,179.77173115456452,9.294018425761502,432.2040155033337,179.77173115456452,9.294018425761502,ESTIMA,0.0,450.0,0,140.0,432.204,17.796,-39.772,179.772,30.0,0.0
1779199693.6472697,427.498367928635,180.39057045319782,9.30837068304342,427.498367928635,180.39057045319782,9.30837068304342,ESTIMA,0.0,450.0,0,140.0,427.498,22.502,-40.391,180.391,30.0,0.0
1779199693.7476344,424.8795840362525,180.69680041367772,9.31303433825805,424.8795840362525,180.69680041367772,9.31303433825805,ESTIMA,0.0,450.0,0,140.0,424.88,25.12,-40.697,180.697,30.0,0.0
1779199693.847901,421.33118895902146,181.09496957956486,9.315668115087668,421.33118895902146,181.09496957956486,9.315668115087668,ESTIMA,0.0,450.0,0,140.0,421.331,28.669,-41.095,181.095,30.0,0.0
1779199693.9481268,421.33118895902146,181.09496957956486,9.315668115087668,421.33118895902146,181.09496957956486,9.315668115087668,ESTIMA,0.0,450.0,0,140.0,421.331,28.669,-41.095,181.095,30.0,0.0
1779199694.0484388,414.21619660250735,181.85615719678947,9.326966005268913,414.21619660250735,181.85615719678947,9.326966005268913,ESTIMA,0.0,450.0,0,140.0,414.216,35.784,-41.856,181.856,30.0,0.0
1779199694.148836,409.2326255632675,182.34517051366956,9.343285451008148,409.2326255632675,182.34517051366956,9.343285451008148,ESTIMA,0.0,450.0,0,140.0,409.233,40.767,-42.345,182.345,30.0,0.0
1779199694.2492666,407.04017059108634,182.52423573996143,9.347333809189573,407.04017059108634,182.52423573996143,9.347333809189573,ESTIMA,0.0,450.0,0,140.0,407.04,42.96,-42.524,182.524,30.0,0.0
1779199694.3497427,403.27290043934937,182.81657345568235,9.350585729923171,403.27290043934937,182.81657345568235,9.350585729923171,ESTIMA,0.0,450.0,0,140.0,403.273,46.727,-42.817,182.817,30.0,0.0
1779199694.4501095,399.6123532167673,183.08865703038285,9.350064731150187,399.6123532167673,183.08865703038285,9.350064731150187,ESTIMA,0.0,450.0,0,140.0,399.612,50.388,-43.089,183.089,30.0,0.0
1779199694.5505319,396.0183166250494,183.35767986570067,9.353071361452576,396.0183166250494,183.35767986570067,9.353071361452576,ESTIMA,0.0,450.0,0,140.0,396.018,53.982,-43.358,183.358,30.0,0.0
1779199694.650876,396.0183166250494,183.35767986570067,9.353071361452576,396.0183166250494,183.35767986570067,9.353071361452576,ESTIMA,0.0,450.0,0,140.0,396.018,53.982,-43.358,183.358,30.0,0.0
1779199694.751136,388.7944809776759,183.8653175439614,9.364588295282534,388.7944809776759,183.8653175439614,9.364588295282534,ESTIMA,0.0,450.0,0,140.0,388.794,61.206,-43.865,183.865,30.0,0.0
1779199694.851514,388.7944809776759,183.8653175439614,9.364588295282534,388.7944809776759,183.8653175439614,9.364588295282534,ESTIMA,0.0,450.0,0,140.0,388.794,61.206,-43.865,183.865,30.0,0.0
1779199694.9519005,381.516657488035,184.28725705119064,9.373602255922888,381.516657488035,184.28725705119064,9.373602255922888,ESTIMA,0.0,450.0,0,140.0,381.517,68.483,-44.287,184.287,30.0,0.0
1779199695.052147,377.83706096718043,184.47572755721436,9.374287943685731,377.83706096718043,184.47572755721436,9.374287943685731,ESTIMA,0.0,450.0,0,140.0,377.837,72.163,-44.476,184.476,30.0,0.0
1779199695.1524746,377.83706096718043,184.47572755721436,9.374287943685731,377.83706096718043,184.47572755721436,9.374287943685731,ESTIMA,0.0,450.0,0,140.0,377.837,72.163,-44.476,184.476,30.0,0.0
1779199695.2529252,370.52212380540357,184.83756271327664,9.383272181052462,370.52212380540357,184.83756271327664,9.383272181052462,ESTIMA,0.0,450.0,0,140.0,370.522,79.478,-44.838,184.838,30.0,0.0
1779199695.3532631,370.52212380540357,184.83756271327664,9.383272181052462,370.52212380540357,184.83756271327664,9.383272181052462,ESTIMA,0.0,450.0,0,140.0,370.522,79.478,-44.838,184.838,30.0,0.0
1779199695.4536757,363.2343720505378,185.11239861920427,9.396497125607798,363.2343720505378,185.11239861920427,9.396497125607798,ESTIMA,0.0,450.0,0,140.0,363.234,86.766,-45.112,185.112,30.0,0.0
1779199695.5541255,359.63982345213253,185.21408256617298,9.392866719746012,359.63982345213253,185.21408256617298,9.392866719746012,ESTIMA,0.0,450.0,0,140.0,359.64,90.36,-45.214,185.214,30.0,0.0
1779199695.6545677,359.63982345213253,185.21408256617298,9.392866719746012,359.63982345213253,185.21408256617298,9.392866719746012,ESTIMA,0.0,450.0,0,140.0,359.64,90.36,-45.214,185.214,30.0,0.0
1779199695.7549653,352.5336407482342,185.43744818656612,9.39636465951567,352.5336407482342,185.43744818656612,9.39636465951567,ESTIMA,0.0,450.0,0,140.0,352.534,97.466,-45.437,185.437,30.0,0.0
1779199695.8552637,352.5336407482342,185.43744818656612,9.39636465951567,352.5336407482342,185.43744818656612,9.39636465951567,ESTIMA,0.0,450.0,0,140.0,352.534,97.466,-45.437,185.437,30.0,0.0
1779199695.9557185,345.0999377657203,185.62043702760778,9.410111372433663,345.0999377657203,185.62043702760778,9.410111372433663,ESTIMA,0.0,450.0,0,140.0,345.1,104.9,-45.62,185.62,30.0,0.0
1779199696.0562,341.2982607710911,185.67619865740338,9.409588452535184,341.2982607710911,185.67619865740338,9.409588452535184,ESTIMA,0.0,450.0,0,140.0,341.298,108.702,-45.676,185.676,30.0,0.0
1779199696.156797,341.2982607710911,185.67619865740338,9.409588452535184,341.2982607710911,185.67619865740338,9.409588452535184,ESTIMA,0.0,450.0,0,140.0,341.298,108.702,-45.676,185.676,30.0,0.0
1779199696.2573392,334.23580009686253,185.8029528303785,9.403467026819946,334.23580009686253,185.8029528303785,9.403467026819946,ESTIMA,0.0,450.0,0,140.0,334.236,115.764,-45.803,185.803,30.0,0.0
1779199696.3579292,334.23580009686253,185.8029528303785,9.403467026819946,334.23580009686253,185.8029528303785,9.403467026819946,ESTIMA,0.0,450.0,0,140.0,334.236,115.764,-45.803,185.803,30.0,0.0
1779199696.4585404,326.87885930405855,185.95933489304153,9.407730010585,326.87885930405855,185.95933489304153,9.407730010585,ESTIMA,0.0,450.0,0,140.0,326.879,123.121,-45.959,185.959,30.0,0.0
1779199696.559008,322.9191545591056,186.0268462827421,9.405823377038645,322.9191545591056,186.0268462827421,9.405823377038645,ESTIMA,0.0,450.0,0,140.0,322.919,127.081,-46.027,186.027,30.0,0.0
1779199696.6595366,322.9191545591056,186.0268462827421,9.405823377038645,322.9191545591056,186.0268462827421,9.405823377038645,ESTIMA,0.0,450.0,0,140.0,322.919,127.081,-46.027,186.027,30.0,0.0
1779199696.7599745,315.5938687752729,186.19709156100024,9.38851477674461,315.5938687752729,186.19709156100024,9.38851477674461,ESTIMA,0.0,450.0,0,140.0,315.594,134.406,-46.197,186.197,30.0,0.0
1779199696.8605955,315.5938687752729,186.19709156100024,9.38851477674461,315.5938687752729,186.19709156100024,9.38851477674461,ESTIMA,0.0,450.0,0,140.0,315.594,134.406,-46.197,186.197,30.0,0.0
1779199696.961176,311.29058581133125,186.3532107422371,9.380115728794996,311.29058581133125,186.3532107422371,9.380115728794996,ESTIMA,0.0,450.0,0,140.0,311.291,138.709,-46.353,186.353,30.0,0.0
1779199697.0617085,304.60329255464586,186.68177369580835,9.401603019894617,304.60329255464586,186.68177369580835,9.401603019894617,ESTIMA,0.0,450.0,0,140.0,304.603,145.397,-46.682,186.682,30.0,0.0
1779199697.1624315,304.60329255464586,186.68177369580835,9.401603019894617,304.60329255464586,186.68177369580835,9.401603019894617,ESTIMA,0.0,450.0,0,140.0,304.603,145.397,-46.682,186.682,30.0,0.0
1779199697.262988,296.7907924089221,186.8807573625189,9.401381606410137,296.7907924089221,186.8807573625189,9.401381606410137,ESTIMA,0.0,450.0,0,140.0,296.791,153.209,-46.881,186.881,30.0,0.0
1779199697.3634527,296.7907924089221,186.8807573625189,9.401381606410137,296.7907924089221,186.8807573625189,9.401381606410137,ESTIMA,0.0,450.0,0,140.0,296.791,153.209,-46.881,186.881,30.0,0.0
1779199697.463952,289.2126521913364,187.05789250117527,9.407324318233268,289.2126521913364,187.05789250117527,9.407324318233268,ESTIMA,0.0,450.0,0,140.0,289.213,160.787,-47.058,187.058,30.0,0.0
1779199697.5645218,285.3925381661924,187.12457417702643,9.415215246722957,285.3925381661924,187.12457417702643,9.415215246722957,ESTIMA,0.0,450.0,0,140.0,285.393,164.607,-47.125,187.125,30.0,0.0
1779199697.6650896,285.3925381661924,187.12457417702643,9.415215246722957,285.3925381661924,187.12457417702643,9.415215246722957,ESTIMA,0.0,450.0,0,140.0,285.393,164.607,-47.125,187.125,30.0,0.0
1779199697.7656093,281.31004415613114,187.16361508988675,9.408966117233144,281.31004415613114,187.16361508988675,9.408966117233144,ESTIMA,0.0,450.0,0,140.0,281.31,168.69,-47.164,187.164,30.0,0.0
1779199697.8658774,277.38850374454677,187.22562704134208,9.399873979280354,277.38850374454677,187.22562704134208,9.399873979280354,ESTIMA,0.0,450.0,0,140.0,277.389,172.611,-47.226,187.226,30.0,0.0
1779199697.9661896,273.49869086225624,187.32251890123175,9.396583960885343,273.49869086225624,187.32251890123175,9.396583960885343,ESTIMA,0.0,450.0,0,140.0,273.499,176.501,-47.323,187.323,30.0,0.0
1779199698.066449,269.95893200413985,187.42234531419493,9.393688170561852,269.95893200413985,187.42234531419493,9.393688170561852,ESTIMA,0.0,450.0,0,140.0,269.959,180.041,-47.422,187.422,30.0,0.0
1779199698.1668227,264.3339985777091,187.59727968038442,9.39757912590001,264.3339985777091,187.59727968038442,9.39757912590001,ESTIMA,0.0,450.0,0,140.0,264.334,185.666,-47.597,187.597,30.0,0.0
1779199698.2671456,262.16160166588134,187.6563809198838,9.397249833726026,262.16160166588134,187.6563809198838,9.397249833726026,ESTIMA,0.0,450.0,0,140.0,262.162,187.838,-47.656,187.656,30.0,0.0
1779199698.3674693,258.34680667713707,187.7614216155208,9.390946586905168,258.34680667713707,187.7614216155208,9.390946586905168,ESTIMA,0.0,450.0,0,140.0,258.347,191.653,-47.761,187.761,30.0,0.0
1779199698.4678404,254.50009567925315,187.8916108070892,9.382844901171278,254.50009567925315,187.8916108070892,9.382844901171278,ESTIMA,0.0,450.0,0,140.0,254.5,195.5,-47.892,187.892,30.0,0.0
1779199698.568106,250.5780943294779,188.05616878664327,9.380254171244745,250.5780943294779,188.05616878664327,9.380254171244745,ESTIMA,0.0,450.0,0,140.0,250.578,199.422,-48.056,188.056,30.0,0.0
1779199698.6683722,246.8283590890982,188.2232316171783,9.377198030182395,246.8283590890982,188.2232316171783,9.377198030182395,ESTIMA,0.0,450.0,0,140.0,246.828,203.172,-48.223,188.223,30.0,0.0
1779199698.768659,242.60487145820645,188.42433664559218,9.380361310434616,242.60487145820645,188.42433664559218,9.380361310434616,ESTIMA,0.0,450.0,0,140.0,242.605,207.395,-48.424,188.424,30.0,0.0
1779199698.8689697,238.72518509856118,188.59677272915434,9.384045867101092,238.72518509856118,188.59677272915434,9.384045867101092,ESTIMA,0.0,450.0,0,140.0,238.725,211.275,-48.597,188.597,30.0,0.0
1779199698.969253,235.33551421994443,188.73491752817617,9.381566366980735,235.33551421994443,188.73491752817617,9.381566366980735,ESTIMA,0.0,450.0,0,140.0,235.336,214.664,-48.735,188.735,30.0,0.0
1779199699.069521,231.7457830625632,188.8901321525343,9.376333354796405,231.7457830625632,188.8901321525343,9.376333354796405,ESTIMA,0.0,450.0,0,140.0,231.746,218.254,-48.89,188.89,30.0,0.0
1779199699.1698594,228.28535957295514,189.05790227096375,9.392088368816887,228.28535957295514,189.05790227096375,9.392088368816887,ESTIMA,0.0,450.0,0,140.0,228.285,221.715,-49.058,189.058,30.0,0.0
1779199699.2701564,225.646141240801,189.14420798587244,9.440095254150279,225.646141240801,189.14420798587244,9.440095254150279,ESTIMA,0.0,450.0,0,140.0,225.646,224.354,-49.144,189.144,30.0,0.0
1779199699.37047,221.83851485826827,189.08588089385773,9.472814777313936,221.83851485826827,189.08588089385773,9.472814777313936,ESTIMA,0.0,450.0,0,140.0,221.839,228.161,-49.086,189.086,30.0,0.0
1779199699.47081,217.6247056670743,188.88330707536903,9.4701981375355,217.6247056670743,188.88330707536903,9.4701981375355,ESTIMA,0.0,450.0,0,140.0,217.625,232.375,-48.883,188.883,30.0,0.0
1779199699.5710902,213.64386824136812,188.70237229633926,9.49034293078287,213.64386824136812,188.70237229633926,9.49034293078287,ESTIMA,0.0,450.0,0,140.0,213.644,236.356,-48.702,188.702,30.0,0.0
1779199699.6713626,209.47912514228545,188.42891909054356,9.503166727277902,209.47912514228545,188.42891909054356,9.503166727277902,ESTIMA,0.0,450.0,0,140.0,209.479,240.521,-48.429,188.429,30.0,0.0
1779199699.7716136,205.13782814158375,188.08791141279818,9.523208796816029,205.13782814158375,188.08791141279818,9.523208796816029,ESTIMA,0.0,450.0,0,140.0,205.138,244.862,-48.088,188.088,30.0,0.0
1779199699.8718479,199.53850609577665,187.53497858763305,9.543333152958613,199.53850609577665,187.53497858763305,9.543333152958613,ESTIMA,0.0,450.0,0,140.0,199.539,250.461,-47.535,187.535,30.0,0.0
1779199699.9721022,197.08328483161264,187.24252790924962,9.55970256558245,197.08328483161264,187.24252790924962,9.55970256558245,ESTIMA,0.0,450.0,0,140.0,197.083,252.917,-47.243,187.243,30.0,0.0
1779199700.072356,193.09213548152493,186.7007319281518,9.573030874582352,193.09213548152493,186.7007319281518,9.573030874582352,ESTIMA,0.0,450.0,0,140.0,193.092,256.908,-46.701,186.701,30.0,0.0
1779199700.1726735,189.18999267550305,186.11795199201592,9.596926150941599,189.18999267550305,186.11795199201592,9.596926150941599,ESTIMA,0.0,450.0,0,140.0,189.19,260.81,-46.118,186.118,30.0,0.0
1779199700.2730224,185.09223260315517,185.40547801227294,9.608204490183184,185.09223260315517,185.40547801227294,9.608204490183184,ESTIMA,0.0,450.0,0,140.0,185.092,264.908,-45.405,185.405,30.0,0.0
1779199700.3733795,179.1065638258729,184.2950661623975,9.639602405032731,179.1065638258729,184.2950661623975,9.639602405032731,ESTIMA,0.0,450.0,0,140.0,179.107,270.893,-44.295,184.295,30.0,0.0
1779199700.4737139,176.8469366583029,183.80203518995668,9.648797446936676,176.8469366583029,183.80203518995668,9.648797446936676,ESTIMA,0.0,450.0,0,140.0,176.847,273.153,-43.802,183.802,30.0,0.0
1779199700.5740347,172.86257494545438,182.8942233779893,9.66723036004967,172.86257494545438,182.8942233779893,9.66723036004967,ESTIMA,0.0,450.0,0,140.0,172.863,277.137,-42.894,182.894,30.0,0.0
1779199700.6743205,169.05669781467142,181.95296323467943,9.687221428779669,169.05669781467142,181.95296323467943,9.687221428779669,ESTIMA,0.0,450.0,0,140.0,169.057,280.943,-41.953,181.953,30.0,0.0
1779199700.7746034,164.9316807783116,180.84482016459762,9.698760353821562,164.9316807783116,180.84482016459762,9.698760353821562,ESTIMA,0.0,450.0,0,140.0,164.932,285.068,-40.845,180.845,30.0,0.0
1779199700.8748226,159.55027087764657,179.3323732225698,9.725585503396756,159.55027087764657,179.3323732225698,9.725585503396756,ESTIMA,0.0,450.0,0,140.0,159.55,290.45,-39.332,179.332,30.0,0.0
1779199700.9750504,156.54334389563545,178.39956046612465,9.735875212400451,156.54334389563545,178.39956046612465,9.735875212400451,ESTIMA,0.0,450.0,0,140.0,156.543,293.457,-38.4,178.4,30.0,0.0
1779199701.0752623,153.26601294063948,177.34577477520293,9.753255557839527,153.26601294063948,177.34577477520293,9.753255557839527,ESTIMA,0.0,450.0,0,140.0,153.266,296.734,-37.346,177.346,30.0,0.0
1779199701.175511,149.43836596426272,176.0412180029653,9.772084448876342,149.43836596426272,176.0412180029653,9.772084448876342,ESTIMA,0.0,450.0,0,140.0,149.438,300.562,-36.041,176.041,30.0,0.0
1779199701.2758567,145.3786588089435,174.5716889636282,9.784947821925376,145.3786588089435,174.5716889636282,9.784947821925376,ESTIMA,0.0,450.0,0,140.0,145.379,304.621,-34.572,174.572,30.0,0.0
1779199701.3761606,145.3786588089435,174.5716889636282,9.784947821925376,145.3786588089435,174.5716889636282,9.784947821925376,ESTIMA,0.0,450.0,0,140.0,145.379,304.621,-34.572,174.572,30.0,0.0
1779199701.4764457,137.87489327146025,171.6747314186612,9.82036496127448,137.87489327146025,171.6747314186612,9.82036496127448,ESTIMA,0.0,450.0,0,140.0,137.875,312.125,-31.675,171.675,30.0,0.0
1779199701.5768151,134.11262707800026,170.10360517635476,9.845158588994767,134.11262707800026,170.10360517635476,9.845158588994767,ESTIMA,0.0,450.0,0,140.0,134.113,315.887,-30.104,170.104,30.0,0.0
1779199701.677066,134.11262707800026,170.10360517635476,9.845158588994767,134.11262707800026,170.10360517635476,9.845158588994767,ESTIMA,0.0,450.0,0,140.0,134.113,315.887,-30.104,170.104,30.0,0.0
1779199701.777381,126.82905538799959,166.7949894992731,9.876006869639477,126.82905538799959,166.7949894992731,9.876006869639477,ESTIMA,0.0,450.0,0,140.0,126.829,323.171,-26.795,166.795,30.0,0.0
1779199701.8779006,126.82905538799959,166.7949894992731,9.876006869639477,126.82905538799959,166.7949894992731,9.876006869639477,ESTIMA,0.0,450.0,0,140.0,126.829,323.171,-26.795,166.795,30.0,0.0
1779199701.9781876,119.3880500688979,163.13257815888852,9.906472777624469,119.3880500688979,163.13257815888852,9.906472777624469,ESTIMA,0.0,450.0,0,140.0,119.388,330.612,-23.133,163.133,30.0,0.0
1779199702.0785728,115.4588356284859,161.07851482277175,9.933722665016889,115.4588356284859,161.07851482277175,9.933722665016889,ESTIMA,0.0,450.0,0,140.0,115.459,334.541,-21.079,161.079,30.0,0.0
1779199702.179015,111.73731038493457,159.00200029742055,9.947794337670233,111.73731038493457,159.00200029742055,9.947794337670233,ESTIMA,0.0,450.0,0,140.0,111.737,338.263,-19.002,159.002,30.0,0.0
1779199702.2793162,108.34246696977003,157.0446218551737,9.96817495205522,108.34246696977003,157.0446218551737,9.96817495205522,ESTIMA,0.0,450.0,0,140.0,108.342,341.658,-17.045,157.045,30.0,0.0
1779199702.3796601,108.34246696977003,157.0446218551737,9.96817495205522,108.34246696977003,157.0446218551737,9.96817495205522,ESTIMA,0.0,450.0,0,140.0,108.342,341.658,-17.045,157.045,30.0,0.0
1779199702.4800692,101.26270908300035,152.727525634597,9.994124124844037,101.26270908300035,152.727525634597,9.994124124844037,ESTIMA,0.0,450.0,0,140.0,101.263,348.737,-12.728,152.728,30.0,0.0
1779199702.5803473,101.26270908300035,152.727525634597,9.994124124844037,101.26270908300035,152.727525634597,9.994124124844037,ESTIMA,0.0,450.0,0,140.0,101.263,348.737,-12.728,152.728,30.0,0.0
1779199702.6806614,96.39313785861432,149.6107737148533,10.015857023000724,96.39313785861432,149.6107737148533,10.015857023000724,ESTIMA,0.0,450.0,0,140.0,96.393,353.607,-9.611,149.611,30.0,0.0
1779199702.7809484,91.0771696121575,145.99112725947222,10.048371920556656,91.0771696121575,145.99112725947222,10.048371920556656,ESTIMA,0.0,450.0,0,140.0,91.077,358.923,-5.991,145.991,30.0,0.0
1779199702.8813636,91.0771696121575,145.99112725947222,10.048371920556656,91.0771696121575,145.99112725947222,10.048371920556656,ESTIMA,0.0,450.0,0,140.0,91.077,358.923,-5.991,145.991,30.0,0.0
1779199702.981736,84.56362940024559,141.2494329768732,10.077550152254316,84.56362940024559,141.2494329768732,10.077550152254316,ESTIMA,0.0,450.0,0,140.0,84.564,365.436,-1.249,141.249,30.0,0.0
1779199703.0819764,84.56362940024559,141.2494329768732,10.077550152254316,84.56362940024559,141.2494329768732,10.077550152254316,ESTIMA,0.0,450.0,0,140.0,84.564,365.436,-1.249,141.249,30.0,0.0
1779199703.1823194,78.2026316702416,136.32226336423597,10.110475237584582,78.2026316702416,136.32226336423597,10.110475237584582,ESTIMA,0.0,450.0,0,140.0,78.203,371.797,3.678,136.322,30.0,0.0
1779199703.2827017,75.0810877022835,133.76844081797898,10.130289587719243,75.0810877022835,133.76844081797898,10.130289587719243,ESTIMA,0.0,450.0,0,140.0,75.081,374.919,6.232,133.768,30.0,0.0
1779199703.3830588,75.0810877022835,133.76844081797898,10.130289587719243,75.0810877022835,133.76844081797898,10.130289587719243,ESTIMA,0.0,450.0,0,140.0,75.081,374.919,6.232,133.768,30.0,0.0
1779199703.4833724,68.80660666737012,128.37637666085203,10.15642760362915,68.80660666737012,128.37637666085203,10.15642760362915,ESTIMA,0.0,450.0,0,140.0,68.807,381.193,11.624,128.376,30.0,0.0
1779199703.5838535,68.80660666737012,128.37637666085203,10.15642760362915,68.80660666737012,128.37637666085203,10.15642760362915,ESTIMA,0.0,450.0,0,140.0,68.807,381.193,11.624,128.376,30.0,0.0
1779199703.6841245,65.51668785817887,125.42238248395792,10.171688384276093,65.51668785817887,125.42238248395792,10.171688384276093,ESTIMA,0.0,450.0,0,140.0,65.517,384.483,14.578,125.422,30.0,0.0
1779199703.7843714,62.54933138089983,122.67507901815488,10.19372452969724,62.54933138089983,122.67507901815488,10.19372452969724,ESTIMA,0.0,450.0,0,140.0,62.549,387.451,17.325,122.675,30.0,0.0
1779199703.8849938,59.56134420822721,119.78382348931963,10.208277121959654,59.56134420822721,119.78382348931963,10.208277121959654,ESTIMA,0.0,450.0,0,140.0,59.561,390.439,20.216,119.784,30.0,0.0
1779199703.9853604,55.4908127175708,115.72872261101524,10.228421837438226,55.4908127175708,115.72872261101524,10.228421837438226,ESTIMA,0.0,450.0,0,140.0,55.491,394.509,24.271,115.729,30.0,0.0
1779199704.0858564,53.80173497058006,113.97685540114014,10.236876097363384,53.80173497058006,113.97685540114014,10.236876097363384,ESTIMA,0.0,450.0,0,140.0,53.802,396.198,26.023,113.977,30.0,0.0
1779199704.1862087,49.97994912421888,109.94533669256911,10.262113974923638,49.97994912421888,109.94533669256911,10.262113974923638,ESTIMA,0.0,450.0,0,140.0,49.98,400.02,30.055,109.945,30.0,0.0
1779199704.286535,48.22636202522737,107.9994330365368,10.275651668103297,48.22636202522737,107.9994330365368,10.275651668103297,ESTIMA,0.0,450.0,0,140.0,48.226,401.774,32.001,107.999,30.0,0.0
1779199704.3868775,44.55169746699694,103.80906396264912,10.293036362199347,44.55169746699694,103.80906396264912,10.293036362199347,ESTIMA,0.0,450.0,0,140.0,44.552,405.448,36.191,103.809,30.0,0.0
1779199704.4871817,42.72651646305346,101.6532606387919,10.306725450696607,42.72651646305346,101.6532606387919,10.306725450696607,ESTIMA,0.0,450.0,0,140.0,42.727,407.273,38.347,101.653,30.0,0.0
1779199704.5874429,39.98060066552345,98.31842091431132,10.31843317811032,39.98060066552345,98.31842091431132,10.31843317811032,ESTIMA,0.0,450.0,0,140.0,39.981,410.019,41.682,98.318,30.0,0.0
1779199704.687721,37.37522385022078,95.07767617756572,10.324654400058623,37.37522385022078,95.07767617756572,10.324654400058623,ESTIMA,0.0,450.0,0,140.0,37.375,412.625,44.922,95.078,30.0,0.0
1779199704.7880163,34.78694569512061,91.81686372881288,10.336372695770264,34.78694569512061,91.81686372881288,10.336372695770264,ESTIMA,0.0,450.0,0,140.0,34.787,415.213,48.183,91.817,30.0,0.0
1779199704.8882515,31.350331912327896,87.38152975945941,10.365957439708701,31.350331912327896,87.38152975945941,10.365957439708701,ESTIMA,0.0,450.0,0,140.0,31.35,418.65,52.618,87.382,30.0,0.0
1779199704.9885294,29.606218304216256,84.98750581174752,10.37917319085084,29.606218304216256,84.98750581174752,10.37917319085084,ESTIMA,0.0,450.0,0,140.0,29.606,420.394,55.012,84.988,30.0,0.0
1779199705.0889416,27.542663574704232,82.07489530927428,10.39854681315931,27.542663574704232,82.07489530927428,10.39854681315931,ESTIMA,0.0,450.0,0,140.0,27.543,422.457,57.925,82.075,30.0,0.0
1779199705.1892018,25.033467869209453,78.38371749435402,10.42337938086579,25.033467869209453,78.38371749435402,10.42337938086579,ESTIMA,0.0,450.0,0,140.0,25.033,424.967,61.616,78.384,30.0,0.0
1779199705.2895138,22.869532478265036,75.02393239078816,10.440601142506456,22.869532478265036,75.02393239078816,10.440601142506456,ESTIMA,0.0,450.0,0,140.0,22.87,427.13,64.976,75.024,30.0,0.0
1779199705.389861,19.80383151999279,70.07900408602383,10.47648190735945,19.80383151999279,70.07900408602383,10.47648190735945,ESTIMA,0.0,450.0,0,140.0,19.804,430.196,69.921,70.079,30.0,0.0
1779199705.490194,18.381272890822338,67.58921591898347,10.48625640949124,18.381272890822338,67.58921591898347,10.48625640949124,ESTIMA,0.0,450.0,0,140.0,18.381,431.619,72.411,67.589,30.0,0.0
1779199705.5904787,16.239450812751098,63.75401087062411,10.513700372908477,16.239450812751098,63.75401087062411,10.513700372908477,ESTIMA,0.0,450.0,0,140.0,16.239,433.761,76.246,63.754,30.0,0.0
1779199705.6907783,14.248618338759332,59.9474113234269,10.529633569267055,14.248618338759332,59.9474113234269,10.529633569267055,ESTIMA,0.0,450.0,0,140.0,14.249,435.751,80.053,59.947,30.0,0.0
1779199705.7910633,12.427020311498861,56.32500557331943,10.551620623062336,12.427020311498861,56.32500557331943,10.551620623062336,ESTIMA,0.0,450.0,0,140.0,12.427,437.573,83.675,56.325,30.0,0.0
1779199705.8913362,12.427020311498861,56.32500557331943,10.551620623062336,12.427020311498861,56.32500557331943,10.551620623062336,ESTIMA,0.0,450.0,0,140.0,12.427,437.573,83.675,56.325,30.0,0.0
1779199705.9915771,8.943195207403836,48.84927858546867,10.590095858470528,8.943195207403836,48.84927858546867,10.590095858470528,ESTIMA,0.0,450.0,0,140.0,8.943,441.057,91.151,48.849,30.0,0.0
1779199706.091819,7.340945939602252,45.11674612373206,10.605616776008686,7.340945939602252,45.11674612373206,10.605616776008686,ESTIMA,0.0,450.0,0,140.0,7.341,442.659,94.883,45.117,30.0,0.0
1779199706.1922514,5.984643526555256,41.8167823930812,10.531951935761928,5.984643526555256,41.8167823930812,10.531951935761928,ESTIMA,0.0,450.0,0,140.0,5.985,444.015,98.183,41.817,30.0,0.0
1779199706.2926643,4.8541276313322435,39.5556078271013,10.62976919806253,4.8541276313322435,39.5556078271013,10.62976919806253,ESTIMA,0.0,450.0,0,140.0,4.854,445.146,100.444,39.556,30.0,0.0
1779199706.3932455,4.8541276313322435,39.5556078271013,10.62976919806253,4.8541276313322435,39.5556078271013,10.62976919806253,ESTIMA,0.0,450.0,0,140.0,4.854,445.146,100.444,39.556,30.0,0.0
1779199706.4938636,2.331959047203323,32.911217709233995,10.631765972118368,2.331959047203323,32.911217709233995,10.631765972118368,ESTIMA,0.0,450.0,0,140.0,2.332,447.668,107.089,32.911,30.0,0.0
1779199706.5942268,2.331959047203323,32.911217709233995,10.631765972118368,2.331959047203323,32.911217709233995,10.631765972118368,ESTIMA,0.0,450.0,0,140.0,2.332,447.668,107.089,32.911,30.0,0.0
1779199706.6946545,-0.372146970905356,25.840157268458903,10.623467469122794,-0.372146970905356,25.840157268458903,10.623467469122794,ESTIMA,0.0,450.0,0,140.0,-0.372,450.372,114.16,25.84,30.0,0.0
1779199706.7949448,-1.7871620872697844,22.21459918544587,10.616733778861239,-1.7871620872697844,22.21459918544587,10.616733778861239,ESTIMA,0.0,450.0,0,140.0,-1.787,451.787,117.785,22.215,30.0,0.0
1779199706.8952043,-1.7871620872697844,22.21459918544587,10.616733778861239,-1.7871620872697844,22.21459918544587,10.616733778861239,ESTIMA,0.0,450.0,0,140.0,-1.787,451.787,117.785,22.215,30.0,0.0
1779199706.9959326,-4.54271723713649,15.318229288686833,10.610756836963146,-4.54271723713649,15.318229288686833,10.610756836963146,ESTIMA,0.0,450.0,0,140.0,-4.543,454.543,124.682,15.318,30.0,0.0
1779199707.0963893,-4.54271723713649,15.318229288686833,10.610756836963146,-4.54271723713649,15.318229288686833,10.610756836963146,ESTIMA,0.0,450.0,0,140.0,-4.543,454.543,124.682,15.318,30.0,0.0
1779199707.1967576,-7.420117084183217,8.291850398875948,10.598814659987138,-7.420117084183217,8.291850398875948,10.598814659987138,ESTIMA,0.0,450.0,0,140.0,-7.42,457.42,131.708,8.292,30.0,0.0
1779199707.2970645,-8.832982691175902,4.919685721894453,10.590096527410829,-8.832982691175902,4.919685721894453,10.590096527410829,ESTIMA,0.0,450.0,0,140.0,-8.833,458.833,135.08,4.92,30.0,0.0
1779199707.397368,-8.832982691175902,4.919685721894453,10.590096527410829,-8.832982691175902,4.919685721894453,10.590096527410829,ESTIMA,0.0,450.0,0,140.0,-8.833,458.833,135.08,4.92,30.0,0.0
1779199707.4976475,-11.847263665124487,-2.065831450100193,10.582509194977035,-11.847263665124487,-2.065831450100193,10.582509194977035,ESTIMA,0.0,450.0,0,140.0,-11.847,461.847,142.066,-2.066,30.0,0.0
1779199707.59788,-11.847263665124487,-2.065831450100193,10.582509194977035,-11.847263665124487,-2.065831450100193,10.582509194977035,ESTIMA,0.0,450.0,0,140.0,-11.847,461.847,142.066,-2.066,30.0,0.0
1779199707.6980996,-13.521474997456362,-5.885788210980363,10.577295332404352,-13.521474997456362,-5.885788210980363,10.577295332404352,ESTIMA,0.0,450.0,0,140.0,-13.521,463.521,145.886,-5.886,30.0,0.0
1779199707.798377,-16.37190914860403,-12.234125750287308,10.563725442543575,-16.37190914860403,-12.234125750287308,10.563725442543575,ESTIMA,0.0,450.0,0,140.0,-16.372,466.372,152.234,-12.234,30.0,0.0
1779199707.8986444,-16.37190914860403,-12.234125750287308,10.563725442543575,-16.37190914860403,-12.234125750287308,10.563725442543575,ESTIMA,0.0,450.0,0,140.0,-16.372,466.372,152.234,-12.234,30.0,0.0
1779199707.9988914,-19.387056548850445,-18.70838441494687,10.552054820935037,-19.387056548850445,-18.70838441494687,10.552054820935037,ESTIMA,0.0,450.0,0,140.0,-19.387,469.387,158.708,-18.708,30.0,0.0
1779199708.0991318,-19.387056548850445,-18.70838441494687,10.552054820935037,-19.387056548850445,-18.70838441494687,10.552054820935037,ESTIMA,0.0,450.0,0,140.0,-19.387,469.387,158.708,-18.708,30.0,0.0
1779199708.1993566,-21.21264708593086,-22.551027632020627,10.547412705564508,-21.21264708593086,-22.551027632020627,10.547412705564508,ESTIMA,0.0,450.0,0,140.0,-21.213,471.213,162.551,-22.551,30.0,0.0
1779199708.2996514,-24.185913948375397,-28.69053113474196,10.53582369566332,-24.185913948375397,-28.69053113474196,10.53582369566332,ESTIMA,0.0,450.0,0,140.0,-24.186,474.186,168.691,-28.691,30.0,0.0
1779199708.3999705,-24.185913948375397,-28.69053113474196,10.53582369566332,-24.185913948375397,-28.69053113474196,10.53582369566332,ESTIMA,0.0,450.0,0,140.0,-24.186,474.186,168.691,-28.691,30.0,0.0
1779199708.5002856,-27.51896735324854,-35.37212244824182,10.52451454489026,-27.51896735324854,-35.37212244824182,10.52451454489026,ESTIMA,0.0,450.0,0,140.0,-27.519,477.519,175.372,-35.372,30.0,0.0
1779199708.600542,-27.51896735324854,-35.37212244824182,10.52451454489026,-27.51896735324854,-35.37212244824182,10.52451454489026,ESTIMA,0.0,450.0,0,140.0,-27.519,477.519,175.372,-35.372,30.0,0.0
1779199708.7008467,-29.4299611141363,-39.12432056275176,10.51598606144924,-29.4299611141363,-39.12432056275176,10.51598606144924,ESTIMA,0.0,450.0,0,140.0,-29.43,479.43,179.124,-39.124,30.0,0.0
1779199708.8011136,-31.109478640672428,-42.35361809003983,10.509362257575134,-31.109478640672428,-42.35361809003983,10.509362257575134,ESTIMA,0.0,450.0,0,140.0,-31.109,481.109,182.354,-42.354,30.0,0.0
1779199708.9014769,-32.946761447883205,-45.82981602671263,10.502916109178095,-32.946761447883205,-45.82981602671263,10.502916109178095,ESTIMA,0.0,450.0,0,140.0,-32.947,482.947,185.83,-45.83,30.0,0.0
1779199709.0018306,-34.673873338374946,-49.047192985181525,10.495365367449592,-34.673873338374946,-49.047192985181525,10.495365367449592,ESTIMA,0.0,450.0,0,140.0,-34.674,484.674,189.047,-49.047,30.0,0.0
1779199709.1020987,-36.556987456821155,-52.492499263456644,10.485772981421885,-36.556987456821155,-52.492499263456644,10.485772981421885,ESTIMA,0.0,450.0,0,140.0,-36.557,486.557,192.492,-52.492,30.0,0.0
1779199709.2023652,-38.34159015716109,-55.68443175789031,10.480710093711467,-38.34159015716109,-55.68443175789031,10.480710093711467,ESTIMA,0.0,450.0,0,140.0,-38.342,488.342,195.684,-55.684,30.0,0.0
1779199709.302738,-40.175293968650905,-58.92555228329785,10.476502430433063,-40.175293968650905,-58.92555228329785,10.476502430433063,ESTIMA,0.0,450.0,0,140.0,-40.175,490.175,198.926,-58.926,30.0,0.0
1779199709.4030802,-42.79641861720787,-63.5133112344838,10.466331876644995,-42.79641861720787,-63.5133112344838,10.466331876644995,ESTIMA,0.0,450.0,0,140.0,-42.796,492.796,203.513,-63.513,30.0,0.0
1779199709.5034077,-43.892346254148585,-65.38701275640415,10.465106681350962,-43.892346254148585,-65.38701275640415,10.465106681350962,ESTIMA,0.0,450.0,0,140.0,-43.892,493.892,205.387,-65.387,0.0,0.0
1779199709.603757,-45.82280943873515,-68.67825576864975,10.456885772471518,-45.82280943873515,-68.67825576864975,10.456885772471518,ESTIMA,0.0,450.0,0,140.0,-45.823,495.823,208.678,-68.678,0.0,0.0
1779199709.7040148,-47.432427771961166,-71.3715091963188,10.444436394728477,-47.432427771961166,-71.3715091963188,10.444436394728477,ESTIMA,0.0,450.0,0,140.0,-47.432,497.432,211.372,-71.372,0.0,0.0
1779199709.804286,-48.4956425467904,-73.1012364221907,10.427741122818079,-48.4956425467904,-73.1012364221907,10.427741122818079,ESTIMA,0.0,450.0,0,140.0,-48.496,498.496,213.101,-73.101,0.0,0.0
1779199709.9045215,-49.30159389136979,-74.36464992608431,10.408115862835029,-49.30159389136979,-74.36464992608431,10.408115862835029,ESTIMA,0.0,450.0,0,140.0,-49.302,499.302,214.365,-74.365,0.0,0.0
1779199710.0048366,-49.71602444393075,-74.9870293078413,10.433837989356151,-49.71602444393075,-74.9870293078413,10.433837989356151,ESTIMA,0.0,450.0,0,140.0,-49.716,499.716,214.987,-74.987,-20.0,0.0
1779199710.1050797,-50.64445704884909,-76.46220480428981,10.290050278865191,-50.64445704884909,-76.46220480428981,10.290050278865191,ESTIMA,0.0,450.0,0,140.0,-50.644,500.644,216.462,-76.462,-20.0,0.0
1779199710.2053478,-55.511170743405415,-82.17581470082325,10.290050278865191,-55.511170743405415,-82.17581470082325,10.290050278865191,ESTIMA,0.0,450.0,0,140.0,-55.511,505.511,222.176,-82.176,-20.0,0.0
1779199710.3057194,-58.91241699968551,-86.16893932045447,10.290050278865191,-58.91241699968551,-86.16893932045447,10.290050278865191,ESTIMA,0.0,450.0,0,140.0,-58.912,508.912,226.169,-86.169,-20.0,0.0
1779199710.4060638,-62.56737830518486,-90.45992999654595,10.621470124370694,-62.56737830518486,-90.45992999654595,10.621470124370694,ESTIMA,0.0,450.0,0,140.0,-62.567,512.567,230.46,-90.46,-20.0,0.0
1779199710.5064273,-64.03360616980076,-94.19466412455341,10.650597087492832,-64.03360616980076,-94.19466412455341,10.650597087492832,ESTIMA,0.0,450.0,0,140.0,-64.034,514.034,234.195,-94.195,0.0,0.0
1779199710.6067212,-65.85914797164675,-99.27483129317238,10.898790779009577,-65.85914797164675,-99.27483129317238,10.898790779009577,ESTIMA,0.0,450.0,0,140.0,-65.859,515.859,239.275,-99.275,0.0,0.0
1779199710.7070222,-65.89631717208862,-99.65767619345672,10.848160138774118,-65.89631717208862,-99.65767619345672,10.848160138774118,ESTIMA,0.0,450.0,0,140.0,-65.896,515.896,239.658,-99.658,0.0,0.0
1779199710.8073657,-65.89631717208862,-99.65767619345674,10.848160138774118,-65.89631717208862,-99.65767619345674,10.848160138774118,ESTIMA,0.0,450.0,0,140.0,-65.896,515.896,239.658,-99.658,0.0,0.0
1779199712.0099788,-52.16085877478552,-101.67845705547118,14.39386333941035,-52.16085877478552,-101.67845705547118,14.39386333941035,ESTIMA,0.0,450.0,0,140.0,-52.161,502.161,241.678,-101.678,30.0,0.0
1779199712.1102395,-52.161529598378706,-101.6759014128475,14.394227783208565,-52.161529598378706,-101.6759014128475,14.394227783208565,ESTIMA,0.0,450.0,0,140.0,-52.162,502.162,241.676,-101.676,0.0,0.0
1779199712.2105534,-52.49897549302658,-100.39223603249013,14.414918924022901,-52.49897549302658,-100.39223603249013,14.414918924022901,ESTIMA,0.0,450.0,0,140.0,-52.499,502.499,240.392,-100.392,0.0,0.0
1779199712.3109074,-52.61087166064555,-99.99978588835646,14.423157912337647,-52.61087166064555,-99.99978588835646,14.423157912337647,ESTIMA,0.0,450.0,0,140.0,-52.611,502.611,240.0,-100.0,0.0,0.0
1779199712.4112005,-53.191662995062075,-98.02465414385705,14.41209626574157,-53.191662995062075,-98.02465414385705,14.41209626574157,ESTIMA,0.0,450.0,0,140.0,-53.192,503.192,238.025,-98.025,0.0,0.0
1779199712.5115194,-53.191662995062075,-98.02465414385703,14.41209626574157,-53.191662995062075,-98.02465414385703,14.41209626574157,ESTIMA,0.0,450.0,0,140.0,-53.192,503.192,238.025,-98.025,0.0,0.0
1779199712.6120167,-53.191662995062075,-98.02465414385703,14.41209626574157,-53.191662995062075,-98.02465414385703,14.41209626574157,ESTIMA,0.0,450.0,0,140.0,-53.192,503.192,238.025,-98.025,-20.0,0.0
1779199712.7124636,-53.19166299506208,-98.024654143857,14.41209626574157,-53.19166299506208,-98.024654143857,14.41209626574157,ESTIMA,0.0,450.0,0,140.0,-53.192,503.192,238.025,-98.025,-20.0,0.0
1779199712.81281,-53.19166299506208,-98.024654143857,14.41209626574157,-53.19166299506208,-98.024654143857,14.41209626574157,ESTIMA,0.0,450.0,0,140.0,-53.192,503.192,238.025,-98.025,-20.0,0.0
1779199712.913137,-56.34707960706228,-86.83810217887459,14.41209626574157,-56.34707960706228,-86.83810217887459,14.41209626574157,ESTIMA,0.0,450.0,0,140.0,-56.347,506.347,226.838,-86.838,-20.0,0.0
1779199713.0135245,-57.89543652450134,-81.34888245067758,14.608079881483631,-57.89543652450134,-81.34888245067758,14.608079881483631,ESTIMA,0.0,450.0,0,140.0,-57.895,507.895,221.349,-81.349,-20.0,0.0
1779199713.1140716,-57.89543652450134,-81.34888245067758,14.608079881483631,-57.89543652450134,-81.34888245067758,14.608079881483631,ESTIMA,0.0,450.0,0,140.0,-57.895,507.895,221.349,-81.349,0.0,0.0
1779199713.2144413,-63.26137287956457,-71.579478171078,14.906599312608806,-63.26137287956457,-71.579478171078,14.906599312608806,ESTIMA,0.0,450.0,0,140.0,-63.261,513.261,211.579,-71.579,0.0,0.0
1779199713.3149157,-63.261372879564576,-71.57947817107798,14.906599312608806,-63.261372879564576,-71.57947817107798,14.906599312608806,ESTIMA,0.0,450.0,0,140.0,-63.261,513.261,211.579,-71.579,0.0,0.0
1779199713.4152598,-63.261372879564576,-71.57947817107798,14.906599312608806,-63.261372879564576,-71.57947817107798,14.906599312608806,ESTIMA,0.0,450.0,0,140.0,-63.261,513.261,211.579,-71.579,0.0,0.0
1779199715.4217622,-62.8619461823432,-72.45114406358073,21.12868826851808,-62.8619461823432,-72.45114406358073,21.12868826851808,ESTIMA,0.0,450.0,0,140.0,-62.862,512.862,212.451,-72.451,30.0,0.0
1779199715.522117,-63.34544728523437,-71.88672797972104,21.231197925935366,-63.34544728523437,-71.88672797972104,21.231197925935366,ESTIMA,0.0,450.0,0,140.0,-63.345,513.345,211.887,-71.887,0.0,0.0
1779199715.6224844,-64.5503687357068,-70.7416218028774,21.252167408439814,-64.5503687357068,-70.7416218028774,21.252167408439814,ESTIMA,0.0,450.0,0,140.0,-64.55,514.55,210.742,-70.742,0.0,0.0
1779199715.72287,-65.31128414486294,-70.04825818002102,21.26572825497091,-65.31128414486294,-70.04825818002102,21.26572825497091,ESTIMA,0.0,450.0,0,140.0,-65.311,515.311,210.048,-70.048,0.0,0.0
1779199715.8232453,-65.96639805073036,-69.46736625980007,21.25712586177808,-65.96639805073036,-69.46736625980007,21.25712586177808,ESTIMA,0.0,450.0,0,140.0,-65.966,515.966,209.467,-69.467,0.0,0.0
1779199715.9237711,-66.50924096391601,-68.97761981285072,21.254058145105436,-66.50924096391601,-68.97761981285072,21.254058145105436,ESTIMA,0.0,450.0,0,140.0,-66.509,516.509,208.978,-68.978,0.0,0.0
1779199716.0241888,-66.50924096391603,-68.9776198128507,21.254058145105436,-66.50924096391603,-68.9776198128507,21.254058145105436,ESTIMA,0.0,450.0,0,140.0,-66.509,516.509,208.978,-68.978,-20.0,0.0
1779199716.1244187,-66.50924096391604,-68.97761981285069,21.254058145105436,-66.50924096391604,-68.97761981285069,21.254058145105436,ESTIMA,0.0,450.0,0,140.0,-66.509,516.509,208.978,-68.978,-20.0,0.0
1779199716.2250092,-69.42419673441513,-66.3315154203769,21.254058145105436,-69.42419673441513,-66.3315154203769,21.254058145105436,ESTIMA,0.0,450.0,0,140.0,-69.424,519.424,206.332,-66.332,-20.0,0.0
1779199716.3255165,-74.92186335693674,-61.34090803434435,21.254058145105436,-74.92186335693674,-61.34090803434435,21.254058145105436,ESTIMA,0.0,450.0,0,140.0,-74.922,524.922,201.341,-61.341,-20.0,0.0
1779199716.4260702,-79.47679835892167,-57.20608251206163,21.298717057566815,-79.47679835892167,-57.20608251206163,21.298717057566815,ESTIMA,0.0,450.0,0,140.0,-79.477,529.477,197.206,-57.206,-20.0,0.0
1779199716.5266066,-84.14311825618954,-53.33568676102675,21.446284181769148,-84.14311825618954,-53.33568676102675,21.446284181769148,ESTIMA,0.0,450.0,0,140.0,-84.143,534.143,193.336,-53.336,0.0,0.0
1779199716.6271825,-84.14311825618954,-53.33568676102675,21.446284181769148,-84.14311825618954,-53.33568676102675,21.446284181769148,ESTIMA,0.0,450.0,0,140.0,-84.143,534.143,193.336,-53.336,0.0,0.0
1779199716.7276814,-90.07766664835832,-49.738986887853414,21.7653365327013,-90.07766664835832,-49.738986887853414,21.7653365327013,ESTIMA,0.0,450.0,0,140.0,-90.078,540.078,189.739,-49.739,0.0,0.0
1779199716.8280547,-90.07766664835832,-49.738986887853414,21.7653365327013,-90.07766664835832,-49.738986887853414,21.7653365327013,ESTIMA,0.0,450.0,0,140.0,-90.078,540.078,189.739,-49.739,0.0,0.0
1779199719.7373488,-99.61306771119649,-60.32879570949951,30.686632915133714,-99.61306771119649,-60.32879570949951,30.686632915133714,ESTIMA,0.0,450.0,0,140.0,-99.613,549.613,200.329,-60.329,30.0,0.0
1779199719.837913,-99.61306771119648,-60.328795709499516,30.686632915133714,-99.61306771119648,-60.328795709499516,30.686632915133714,ESTIMA,0.0,450.0,0,140.0,-99.613,549.613,200.329,-60.329,30.0,0.0
1779199719.9383123,-98.447424153732,-61.370468680497765,30.71865318284996,-98.447424153732,-61.370468680497765,30.71865318284996,ESTIMA,0.0,450.0,0,140.0,-98.447,548.447,201.37,-61.37,30.0,0.0
1779199720.039038,-96.81222776310604,-62.74017128742538,30.7440776812412,-96.81222776310604,-62.74017128742538,30.7440776812412,ESTIMA,0.0,450.0,0,140.0,-96.812,546.812,202.74,-62.74,30.0,0.0
1779199720.1395426,-96.81222776310604,-62.74017128742538,30.7440776812412,-96.81222776310604,-62.74017128742538,30.7440776812412,ESTIMA,0.0,450.0,0,140.0,-96.812,546.812,202.74,-62.74,30.0,0.0
1779199720.2400427,-91.76311879229645,-66.64930564887024,30.801049237984223,-91.76311879229645,-66.64930564887024,30.801049237984223,ESTIMA,0.0,450.0,0,140.0,-91.763,541.763,206.649,-66.649,30.0,0.0
1779199720.3404882,-91.76311879229645,-66.64930564887024,30.801049237984223,-91.76311879229645,-66.64930564887024,30.801049237984223,ESTIMA,0.0,450.0,0,140.0,-91.763,541.763,206.649,-66.649,30.0,0.0
1779199720.4409559,-86.25562049505872,-70.45707539114889,30.857841104695126,-86.25562049505872,-70.45707539114889,30.857841104695126,ESTIMA,0.0,450.0,0,140.0,-86.256,536.256,210.457,-70.457,30.0,0.0
1779199720.5413997,-83.29254964552037,-72.30687788170438,30.902478228032273,-83.29254964552037,-72.30687788170438,30.902478228032273,ESTIMA,0.0,450.0,0,140.0,-83.293,533.293,212.307,-72.307,30.0,0.0
1779199720.641925,-83.29254964552037,-72.30687788170438,30.902478228032273,-83.29254964552037,-72.30687788170438,30.902478228032273,ESTIMA,0.0,450.0,0,140.0,-83.293,533.293,212.307,-72.307,30.0,0.0
1779199720.7423596,-76.71618784829414,-75.91765281084056,30.938733203175484,-76.71618784829414,-75.91765281084056,30.938733203175484,ESTIMA,0.0,450.0,0,140.0,-76.716,526.716,215.918,-75.918,30.0,0.0
1779199720.8428242,-76.71618784829414,-75.91765281084056,30.938733203175484,-76.71618784829414,-75.91765281084056,30.938733203175484,ESTIMA,0.0,450.0,0,140.0,-76.716,526.716,215.918,-75.918,30.0,0.0
1779199720.9433553,-70.55827076247272,-78.96923560312315,31.00474194030874,-70.55827076247272,-78.96923560312315,31.00474194030874,ESTIMA,0.0,450.0,0,140.0,-70.558,520.558,218.969,-78.969,30.0,0.0
1779199721.0438018,-67.2525188884897,-80.41067664700688,31.030506840327043,-67.2525188884897,-80.41067664700688,31.030506840327043,ESTIMA,0.0,450.0,0,140.0,-67.253,517.253,220.411,-80.411,30.0,0.0
1779199721.1440768,-67.2525188884897,-80.41067664700688,31.030506840327043,-67.2525188884897,-80.41067664700688,31.030506840327043,ESTIMA,0.0,450.0,0,140.0,-67.253,517.253,220.411,-80.411,30.0,0.0
1779199721.2443285,-60.4710766139631,-83.07996993874613,31.07348205876847,-60.4710766139631,-83.07996993874613,31.07348205876847,ESTIMA,0.0,450.0,0,140.0,-60.471,510.471,223.08,-83.08,30.0,0.0
1779199721.3447227,-60.4710766139631,-83.07996993874613,31.07348205876847,-60.4710766139631,-83.07996993874613,31.07348205876847,ESTIMA,0.0,450.0,0,140.0,-60.471,510.471,223.08,-83.08,30.0,0.0
1779199721.4451444,-53.4777258322553,-85.5418347991218,31.09915969576084,-53.4777258322553,-85.5418347991218,31.09915969576084,ESTIMA,0.0,450.0,0,140.0,-53.478,503.478,225.542,-85.542,30.0,0.0
1779199721.5456402,-49.81188248860742,-86.74351661720374,31.120588458314906,-49.81188248860742,-86.74351661720374,31.120588458314906,ESTIMA,0.0,450.0,0,140.0,-49.812,499.812,226.744,-86.744,30.0,0.0
1779199721.6461291,-49.81188248860742,-86.74351661720374,31.120588458314906,-49.81188248860742,-86.74351661720374,31.120588458314906,ESTIMA,0.0,450.0,0,140.0,-49.812,499.812,226.744,-86.744,30.0,0.0
1779199721.7465277,-42.55583582793484,-88.86450198481543,31.16288033487168,-42.55583582793484,-88.86450198481543,31.16288033487168,ESTIMA,0.0,450.0,0,140.0,-42.556,492.556,228.865,-88.865,30.0,0.0
1779199721.8469965,-42.55583582793484,-88.86450198481543,31.16288033487168,-42.55583582793484,-88.86450198481543,31.16288033487168,ESTIMA,0.0,450.0,0,140.0,-42.556,492.556,228.865,-88.865,30.0,0.0
1779199721.9473858,-35.339652817820514,-90.68682221893337,31.180471271668647,-35.339652817820514,-90.68682221893337,31.180471271668647,ESTIMA,0.0,450.0,0,140.0,-35.34,485.34,230.687,-90.687,30.0,0.0
1779199722.0479374,-31.836419707829585,-91.52726577115125,31.20413520913931,-31.836419707829585,-91.52726577115125,31.20413520913931,ESTIMA,0.0,450.0,0,140.0,-31.836,481.836,231.527,-91.527,30.0,0.0
1779199722.1483548,-31.836419707829585,-91.52726577115125,31.20413520913931,-31.836419707829585,-91.52726577115125,31.20413520913931,ESTIMA,0.0,450.0,0,140.0,-31.836,481.836,231.527,-91.527,30.0,0.0
1779199722.2487245,-24.279359662774922,-93.06666650333794,31.24597106558096,-24.279359662774922,-93.06666650333794,31.24597106558096,ESTIMA,0.0,450.0,0,140.0,-24.279,474.279,233.067,-93.067,30.0,0.0
1779199722.349259,-24.279359662774922,-93.06666650333794,31.24597106558096,-24.279359662774922,-93.06666650333794,31.24597106558096,ESTIMA,0.0,450.0,0,140.0,-24.279,474.279,233.067,-93.067,30.0,0.0
1779199722.4497192,-20.374754777169407,-93.73673957709241,31.255914433856613,-20.374754777169407,-93.73673957709241,31.255914433856613,ESTIMA,0.0,450.0,0,140.0,-20.375,470.375,233.737,-93.737,30.0,0.0
1779199722.5501611,-16.689729341280856,-94.33147275258806,31.259035901297658,-16.689729341280856,-94.33147275258806,31.259035901297658,ESTIMA,0.0,450.0,0,140.0,-16.69,466.69,234.331,-94.331,30.0,0.0
1779199722.6506512,-13.238649568526041,-94.87740150142996,31.266960182246816,-13.238649568526041,-94.87740150142996,31.266960182246816,ESTIMA,0.0,450.0,0,140.0,-13.239,463.239,234.877,-94.877,30.0,0.0
1779199722.7510777,-9.404569130170227,-95.45281310883195,31.284723184639148,-9.404569130170227,-95.45281310883195,31.284723184639148,ESTIMA,0.0,450.0,0,140.0,-9.405,459.405,235.453,-95.453,30.0,0.0
1779199722.8515234,-5.90529666570046,-95.91458210864177,31.2993966556526,-5.90529666570046,-95.91458210864177,31.2993966556526,ESTIMA,0.0,450.0,0,140.0,-5.905,455.905,235.915,-95.915,30.0,0.0
1779199722.9518707,-1.9796260049083636,-96.37412198941269,31.312642954720342,-1.9796260049083636,-96.37412198941269,31.312642954720342,ESTIMA,0.0,450.0,0,140.0,-1.98,451.98,236.374,-96.374,30.0,0.0
1779199723.0523806,1.4062052242811003,-96.72507157040735,31.31892410874872,1.4062052242811003,-96.72507157040735,31.31892410874872,ESTIMA,0.0,450.0,0,140.0,1.406,448.594,236.725,-96.725,30.0,0.0
1779199723.1527362,5.400904790053497,-97.11378709196784,31.315578569632997,5.400904790053497,-97.11378709196784,31.315578569632997,ESTIMA,0.0,450.0,0,140.0,5.401,444.599,237.114,-97.114,30.0,0.0
1779199723.2530293,9.121737843268917,-97.48842346038958,31.326782859257857,9.121737843268917,-97.48842346038958,31.326782859257857,ESTIMA,0.0,450.0,0,140.0,9.122,440.878,237.488,-97.488,30.0,0.0
1779199723.3534167,12.854500403018433,-97.82205986534096,31.34017271497604,12.854500403018433,-97.82205986534096,31.34017271497604,ESTIMA,0.0,450.0,0,140.0,12.855,437.145,237.822,-97.822,30.0,0.0
1779199723.4539337,16.58236503994125,-98.10500129577757,31.354840770555974,16.58236503994125,-98.10500129577757,31.354840770555974,ESTIMA,0.0,450.0,0,140.0,16.582,433.418,238.105,-98.105,30.0,0.0
1779199723.5542865,20.31399043473173,-98.33323444140001,31.360584168048483,20.31399043473173,-98.33323444140001,31.360584168048483,ESTIMA,0.0,450.0,0,140.0,20.314,429.686,238.333,-98.333,30.0,0.0
1779199723.6548812,23.96785173823065,-98.53565447579187,31.361675723112313,23.96785173823065,-98.53565447579187,31.361675723112313,ESTIMA,0.0,450.0,0,140.0,23.968,426.032,238.536,-98.536,30.0,0.0
1779199723.7553418,27.902093556908163,-98.74929993020889,31.36240898009412,27.902093556908163,-98.74929993020889,31.36240898009412,ESTIMA,0.0,450.0,0,140.0,27.902,422.098,238.749,-98.749,30.0,0.0
1779199723.8558207,31.63464113627925,-98.94924768207433,31.37585797478625,31.63464113627925,-98.94924768207433,31.37585797478625,ESTIMA,0.0,450.0,0,140.0,31.635,418.365,238.949,-98.949,30.0,0.0
1779199723.9562528,35.62227858868408,-99.10911213975986,31.384196268685734,35.62227858868408,-99.10911213975986,31.384196268685734,ESTIMA,0.0,450.0,0,140.0,35.622,414.378,239.109,-99.109,30.0,0.0
1779199724.0567753,39.35492193870551,-99.22758967478299,31.336143923946775,39.35492193870551,-99.22758967478299,31.336143923946775,ESTIMA,0.0,450.0,0,140.0,39.355,410.645,239.228,-99.228,30.0,0.0
1779199724.1572373,42.9878337862161,-99.51804941707219,31.098813571824117,42.9878337862161,-99.51804941707219,31.098813571824117,ESTIMA,0.0,450.0,0,140.0,42.988,407.012,239.518,-99.518,30.0,0.0
1779199724.2578402,46.114604033367286,-100.54421905322798,30.990018613685912,46.114604033367286,-100.54421905322798,30.990018613685912,ESTIMA,0.0,450.0,0,140.0,46.115,403.885,240.544,-100.544,30.0,0.0
1779199724.3582306,48.38119494936924,-101.57252034376285,30.974680397391715,48.38119494936924,-101.57252034376285,30.974680397391715,ESTIMA,0.0,450.0,0,140.0,48.381,401.619,241.573,-101.573,30.0,0.0
1779199724.458693,52.071922442344174,-103.31566476867258,30.986068810183934,52.071922442344174,-103.31566476867258,30.986068810183934,ESTIMA,0.0,450.0,0,140.0,52.072,397.928,243.316,-103.316,30.0,0.0
1779199724.5592992,55.72945331439024,-104.99245553748088,31.007890956178468,55.72945331439024,-104.99245553748088,31.007890956178468,ESTIMA,0.0,450.0,0,140.0,55.729,394.271,244.992,-104.992,30.0,0.0
1779199724.659876,61.010129377143855,-107.27527958132545,31.0357128612897,61.010129377143855,-107.27527958132545,31.0357128612897,ESTIMA,0.0,450.0,0,140.0,61.01,388.99,247.275,-107.275,30.0,0.0
1779199724.76025,63.677851711285776,-108.3414628361454,31.0520494156547,63.677851711285776,-108.3414628361454,31.0520494156547,ESTIMA,0.0,450.0,0,140.0,63.678,386.322,248.341,-108.341,30.0,0.0
1779199724.860651,67.06588729679093,-109.63174797798618,31.069597270793505,67.06588729679093,-109.63174797798618,31.069597270793505,ESTIMA,0.0,450.0,0,140.0,67.066,382.934,249.632,-109.632,30.0,0.0
1779199724.961099,72.41905805458293,-111.56356918034717,31.10096866299996,72.41905805458293,-111.56356918034717,31.10096866299996,ESTIMA,0.0,450.0,0,140.0,72.419,377.581,251.564,-111.564,30.0,0.0
1779199725.0615072,75.19666149970547,-112.46852028328067,31.114376784727128,75.19666149970547,-112.46852028328067,31.114376784727128,ESTIMA,0.0,450.0,0,140.0,75.197,374.803,252.469,-112.469,30.0,0.0
1779199725.162036,80.17790387056492,-114.01786155489269,31.142842731600783,80.17790387056492,-114.01786155489269,31.142842731600783,ESTIMA,0.0,450.0,0,140.0,80.178,369.822,254.018,-114.018,30.0,0.0
1779199725.2623105,83.0585091658494,-114.82466434023966,31.15819723636872,83.0585091658494,-114.82466434023966,31.15819723636872,ESTIMA,0.0,450.0,0,140.0,83.059,366.941,254.825,-114.825,30.0,0.0
1779199725.3625586,86.80410719837228,-115.81197256797118,31.176061221654503,86.80410719837228,-115.81197256797118,31.176061221654503,ESTIMA,0.0,450.0,0,140.0,86.804,363.196,255.812,-115.812,30.0,0.0
1779199725.4629216,92.53691830637277,-117.21406885871022,31.20934603214716,92.53691830637277,-117.21406885871022,31.20934603214716,ESTIMA,0.0,450.0,0,140.0,92.537,357.463,257.214,-117.214,30.0,0.0
1779199725.563405,94.91044936029111,-117.7114902152999,31.2189011695885,94.91044936029111,-117.7114902152999,31.2189011695885,ESTIMA,0.0,450.0,0,140.0,94.91,355.09,257.711,-117.711,30.0,0.0
1779199725.6638224,99.03430444378523,-118.53467365997379,31.242484942100035,99.03430444378523,-118.53467365997379,31.242484942100035,ESTIMA,0.0,450.0,0,140.0,99.034,350.966,258.535,-118.535,30.0,0.0
1779199725.7643423,103.25130537270738,-119.27350038070686,31.26120386290884,103.25130537270738,-119.27350038070686,31.26120386290884,ESTIMA,0.0,450.0,0,140.0,103.251,346.749,259.274,-119.274,30.0,0.0
1779199725.8649466,103.25130537270738,-119.27350038070686,31.26120386290884,103.25130537270738,-119.27350038070686,31.26120386290884,ESTIMA,0.0,450.0,0,140.0,103.251,346.749,259.274,-119.274,30.0,0.0
1779199725.965557,111.32905593336498,-120.4564356815036,31.30332092424535,111.32905593336498,-120.4564356815036,31.30332092424535,ESTIMA,0.0,450.0,0,140.0,111.329,338.671,260.456,-120.456,30.0,0.0
1779199726.066048,116.95108414648199,-121.09219703783478,31.332800143865143,116.95108414648199,-121.09219703783478,31.332800143865143,ESTIMA,0.0,450.0,0,140.0,116.951,333.049,261.092,-121.092,30.0,0.0
1779199726.1665165,119.38115474440222,-121.29466660871297,31.344096467935465,119.38115474440222,-121.29466660871297,31.344096467935465,ESTIMA,0.0,450.0,0,140.0,119.381,330.619,261.295,-121.295,30.0,0.0
1779199726.2671406,123.73395754336258,-121.60786757454922,31.36625215432983,123.73395754336258,-121.60786757454922,31.36625215432983,ESTIMA,0.0,450.0,0,140.0,123.734,326.266,261.608,-121.608,30.0,0.0
1779199726.3675373,123.73395754336258,-121.60786757454922,31.36625215432983,123.73395754336258,-121.60786757454922,31.36625215432983,ESTIMA,0.0,450.0,0,140.0,123.734,326.266,261.608,-121.608,30.0,0.0
1779199726.4682014,132.52789977782592,-121.95874898468712,31.407370698611878,132.52789977782592,-121.95874898468712,31.407370698611878,ESTIMA,0.0,450.0,0,140.0,132.528,317.472,261.959,-121.959,30.0,0.0
1779199726.568809,136.66737763569864,-121.99416654790883,31.429795241461793,136.66737763569864,-121.99416654790883,31.429795241461793,ESTIMA,0.0,450.0,0,140.0,136.667,313.333,261.994,-121.994,30.0,0.0
1779199726.6691065,136.66737763569864,-121.99416654790883,31.429795241461793,136.66737763569864,-121.99416654790883,31.429795241461793,ESTIMA,0.0,450.0,0,140.0,136.667,313.333,261.994,-121.994,30.0,0.0
1779199726.769367,144.85435670735734,-121.82209768416634,31.466673002284537,144.85435670735734,-121.82209768416634,31.466673002284537,ESTIMA,0.0,450.0,0,140.0,144.854,305.146,261.822,-121.822,30.0,0.0
1779199726.8697038,144.85435670735734,-121.82209768416634,31.466673002284537,144.85435670735734,-121.82209768416634,31.466673002284537,ESTIMA,0.0,450.0,0,140.0,144.854,305.146,261.822,-121.822,30.0,0.0
1779199726.9701188,144.85435670735734,-121.82209768416634,31.466673002284537,144.85435670735734,-121.82209768416634,31.466673002284537,ESTIMA,0.0,450.0,0,140.0,144.854,305.146,261.822,-121.822,30.0,0.0
1779199727.0705292,144.85435670735734,-121.82209768416634,31.466673002284537,144.85435670735734,-121.82209768416634,31.466673002284537,ESTIMA,0.0,450.0,0,140.0,144.854,305.146,261.822,-121.822,30.0,0.0
1779199727.1708088,144.85435670735734,-121.82209768416634,31.466673002284537,144.85435670735734,-121.82209768416634,31.466673002284537,ESTIMA,0.0,450.0,0,140.0,144.854,305.146,261.822,-121.822,30.0,0.0
1779199727.2711282,144.85435670735734,-121.82209768416634,31.466673002284537,144.85435670735734,-121.82209768416634,31.466673002284537,ESTIMA,0.0,450.0,0,140.0,144.854,305.146,261.822,-121.822,30.0,0.0
1779199727.3713894,144.85435670735734,-121.82209768416634,31.466673002284537,144.85435670735734,-121.82209768416634,31.466673002284537,ESTIMA,0.0,450.0,0,140.0,144.854,305.146,261.822,-121.822,30.0,0.0
1779199727.471693,144.85435670735734,-121.82209768416634,31.466673002284537,144.85435670735734,-121.82209768416634,31.466673002284537,ESTIMA,0.0,450.0,0,140.0,144.854,305.146,261.822,-121.822,30.0,0.0
1779199727.571985,144.85435670735734,-121.82209768416634,31.466673002284537,144.85435670735734,-121.82209768416634,31.466673002284537,ESTIMA,0.0,450.0,0,140.0,144.854,305.146,261.822,-121.822,30.0,0.0
1779199727.6722395,144.85435670735734,-121.82209768416634,31.466673002284537,144.85435670735734,-121.82209768416634,31.466673002284537,ESTIMA,0.0,450.0,0,140.0,144.854,305.146,261.822,-121.822,30.0,0.0
1779199727.772541,144.85435670735734,-121.82209768416634,31.466673002284537,144.85435670735734,-121.82209768416634,31.466673002284537,ESTIMA,0.0,450.0,0,140.0,144.854,305.146,261.822,-121.822,30.0,0.0
1779199727.872826,144.85435670735734,-121.82209768416634,31.466673002284537,144.85435670735734,-121.82209768416634,31.466673002284537,ESTIMA,0.0,450.0,0,140.0,144.854,305.146,261.822,-121.822,30.0,0.0
1779199727.9731147,144.85435670735734,-121.82209768416634,31.466673002284537,144.85435670735734,-121.82209768416634,31.466673002284537,ESTIMA,0.0,450.0,0,140.0,144.854,305.146,261.822,-121.822,30.0,0.0
1779199728.0734067,144.85435670735734,-121.82209768416634,31.466673002284537,144.85435670735734,-121.82209768416634,31.466673002284537,ESTIMA,0.0,450.0,0,140.0,144.854,305.146,261.822,-121.822,30.0,0.0
1779199728.173673,144.85435670735734,-121.82209768416634,31.466673002284537,144.85435670735734,-121.82209768416634,31.466673002284537,ESTIMA,0.0,450.0,0,140.0,144.854,305.146,261.822,-121.822,30.0,0.0
1779199728.2739985,144.85435670735734,-121.82209768416634,31.466673002284537,144.85435670735734,-121.82209768416634,31.466673002284537,ESTIMA,0.0,450.0,0,140.0,144.854,305.146,261.822,-121.822,30.0,0.0
1779199728.3742886,144.85435670735734,-121.82209768416634,31.466673002284537,144.85435670735734,-121.82209768416634,31.466673002284537,ESTIMA,0.0,450.0,0,140.0,144.854,305.146,261.822,-121.822,30.0,0.0
1779199728.4745576,144.85435670735734,-121.82209768416634,31.466673002284537,144.85435670735734,-121.82209768416634,31.466673002284537,ESTIMA,0.0,450.0,0,140.0,144.854,305.146,261.822,-121.822,30.0,0.0
1779199728.5748947,144.85435670735734,-121.82209768416634,31.466673002284537,144.85435670735734,-121.82209768416634,31.466673002284537,ESTIMA,0.0,450.0,0,140.0,144.854,305.146,261.822,-121.822,30.0,0.0
1779199728.6752167,144.85435670735734,-121.82209768416634,31.466673002284537,144.85435670735734,-121.82209768416634,31.466673002284537,ESTIMA,0.0,450.0,0,140.0,144.854,305.146,261.822,-121.822,30.0,0.0
1779199728.77563,144.85435670735734,-121.82209768416634,31.466673002284537,144.85435670735734,-121.82209768416634,31.466673002284537,ESTIMA,0.0,450.0,0,140.0,144.854,305.146,261.822,-121.822,30.0,0.0
1779199728.8760326,144.85435670735734,-121.82209768416634,31.466673002284537,144.85435670735734,-121.82209768416634,31.466673002284537,ESTIMA,0.0,450.0,0,140.0,144.854,305.146,261.822,-121.822,30.0,0.0
1779199728.9764752,144.85435670735734,-121.82209768416634,31.466673002284537,144.85435670735734,-121.82209768416634,31.466673002284537,ESTIMA,0.0,450.0,0,140.0,144.854,305.146,261.822,-121.822,30.0,0.0
1779199729.0768948,144.85435670735734,-121.82209768416634,31.466673002284537,144.85435670735734,-121.82209768416634,31.466673002284537,ESTIMA,0.0,450.0,0,140.0,144.854,305.146,261.822,-121.822,30.0,0.0
1779199729.1772878,144.85435670735734,-121.82209768416634,31.466673002284537,144.85435670735734,-121.82209768416634,31.466673002284537,ESTIMA,0.0,450.0,0,140.0,144.854,305.146,261.822,-121.822,30.0,0.0
