timestamp,x,y,theta,x_estimate,y_estimate,theta_estimate,status,x_min,x_max,y_min,y_max,dist_to_wall,decision_v,decision_w
1779200257.5050745,0.0,0.0,0.0,0.0,0.0,0.0,ESTIMA,0.0,450.0,0,140.0,0.0,450.0,140.0,0.0,30.0,0.0
1779200257.5556288,0.2780458226325363,0.0,-0.001949465633579366,0.2780458226325363,0.0,-0.001949465633579366,ESTIMA,0.0,450.0,0,140.0,0.278,449.722,140.0,0.0,30.0,0.0
1779200257.6059704,2.979776036873723,-0.005266936876052076,-0.015030170697508928,2.979776036873723,-0.005266936876052076,-0.015030170697508928,ESTIMA,0.0,450.0,0,140.0,2.98,447.02,140.005,-0.005,30.0,0.0
1779200257.6562088,2.979776036873723,-0.005266936876052076,-0.015030170697508928,2.979776036873723,-0.005266936876052076,-0.015030170697508928,ESTIMA,0.0,450.0,0,140.0,2.98,447.02,140.005,-0.005,30.0,0.0
1779200257.7064462,6.658396396488113,-0.060561392658781986,-0.02977154794021218,6.658396396488113,-0.060561392658781986,-0.02977154794021218,ESTIMA,0.0,450.0,0,140.0,6.658,443.342,140.061,-0.061,30.0,0.0
1779200257.7570527,6.658396396488113,-0.060561392658781986,-0.02977154794021218,6.658396396488113,-0.060561392658781986,-0.02977154794021218,ESTIMA,0.0,450.0,0,140.0,6.658,443.342,140.061,-0.061,30.0,0.0
1779200257.8073263,10.437786871233676,-0.17311295250080963,-0.05193660424727428,10.437786871233676,-0.17311295250080963,-0.05193660424727428,ESTIMA,0.0,450.0,0,140.0,10.438,439.562,140.173,-0.173,30.0,0.0
1779200257.8576274,10.437786871233676,-0.17311295250080963,-0.05193660424727428,10.437786871233676,-0.17311295250080963,-0.05193660424727428,ESTIMA,0.0,450.0,0,140.0,10.438,439.562,140.173,-0.173,30.0,0.0
1779200257.907975,14.148073454427859,-0.3659860889740587,-0.06723850054217033,14.148073454427859,-0.3659860889740587,-0.06723850054217033,ESTIMA,0.0,450.0,0,140.0,14.148,435.852,140.366,-0.366,30.0,0.0
1779200257.958323,14.148073454427859,-0.3659860889740587,-0.06723850054217033,14.148073454427859,-0.3659860889740587,-0.06723850054217033,ESTIMA,0.0,450.0,0,140.0,14.148,435.852,140.366,-0.366,30.0,0.0
1779200258.0086055,18.085485623878593,-0.631131475256054,-0.08212667776145122,18.085485623878593,-0.631131475256054,-0.08212667776145122,ESTIMA,0.0,450.0,0,140.0,18.085,431.915,140.631,-0.631,30.0,0.0
1779200258.0589705,18.085485623878593,-0.631131475256054,-0.08212667776145122,18.085485623878593,-0.631131475256054,-0.08212667776145122,ESTIMA,0.0,450.0,0,140.0,18.085,431.915,140.631,-0.631,30.0,0.0
1779200258.109331,21.587861412804113,-0.9194183997372991,-0.09067161101142827,21.587861412804113,-0.9194183997372991,-0.09067161101142827,ESTIMA,0.0,450.0,0,140.0,21.588,428.412,140.919,-0.919,30.0,0.0
1779200258.1597369,21.587861412804113,-0.9194183997372991,-0.09067161101142827,21.587861412804113,-0.9194183997372991,-0.09067161101142827,ESTIMA,0.0,450.0,0,140.0,21.588,428.412,140.919,-0.919,30.0,0.0
1779200258.2100818,21.587861412804113,-0.9194183997372991,-0.09067161101142827,21.587861412804113,-0.9194183997372991,-0.09067161101142827,ESTIMA,0.0,450.0,0,140.0,21.588,428.412,140.919,-0.919,30.0,0.0
1779200258.2604578,25.732321086854576,-1.2962364514882643,-0.10616244161042285,25.732321086854576,-1.2962364514882643,-0.10616244161042285,ESTIMA,0.0,450.0,0,140.0,25.732,424.268,141.296,-1.296,30.0,0.0
1779200258.310771,25.732321086854576,-1.2962364514882643,-0.10616244161042285,25.732321086854576,-1.2962364514882643,-0.10616244161042285,ESTIMA,0.0,450.0,0,140.0,25.732,424.268,141.296,-1.296,30.0,0.0
1779200258.3609786,29.440956285194815,-1.6914400452358396,-0.1273692665540274,29.440956285194815,-1.6914400452358396,-0.1273692665540274,ESTIMA,0.0,450.0,0,140.0,29.441,420.559,141.691,-1.691,30.0,0.0
1779200258.4111614,29.440956285194815,-1.6914400452358396,-0.1273692665540274,29.440956285194815,-1.6914400452358396,-0.1273692665540274,ESTIMA,0.0,450.0,0,140.0,29.441,420.559,141.691,-1.691,30.0,0.0
1779200258.461349,33.028972397081176,-2.1509304776725005,-0.1503917635259889,33.028972397081176,-2.1509304776725005,-0.1503917635259889,ESTIMA,0.0,450.0,0,140.0,33.029,416.971,142.151,-2.151,30.0,0.0
1779200258.5116494,33.028972397081176,-2.1509304776725005,-0.1503917635259889,33.028972397081176,-2.1509304776725005,-0.1503917635259889,ESTIMA,0.0,450.0,0,140.0,33.029,416.971,142.151,-2.151,30.0,0.0
1779200258.5619264,36.67288338784839,-2.703114005721312,-0.16643246492545322,36.67288338784839,-2.703114005721312,-0.16643246492545322,ESTIMA,0.0,450.0,0,140.0,36.673,413.327,142.703,-2.703,30.0,0.0
1779200258.6122139,36.67288338784839,-2.703114005721312,-0.16643246492545322,36.67288338784839,-2.703114005721312,-0.16643246492545322,ESTIMA,0.0,450.0,0,140.0,36.673,413.327,142.703,-2.703,30.0,0.0
1779200258.6624918,40.17448812570636,-3.2913359730025564,-0.1810719314669521,40.17448812570636,-3.2913359730025564,-0.1810719314669521,ESTIMA,0.0,450.0,0,140.0,40.174,409.826,143.291,-3.291,30.0,0.0
1779200258.7127852,40.17448812570636,-3.2913359730025564,-0.1810719314669521,40.17448812570636,-3.2913359730025564,-0.1810719314669521,ESTIMA,0.0,450.0,0,140.0,40.174,409.826,143.291,-3.291,30.0,0.0
1779200258.7630596,43.85261191359316,-3.964716473459456,-0.19196322736107913,43.85261191359316,-3.964716473459456,-0.19196322736107913,ESTIMA,0.0,450.0,0,140.0,43.853,406.147,143.965,-3.965,30.0,0.0
1779200258.8135095,43.85261191359316,-3.964716473459456,-0.19196322736107913,43.85261191359316,-3.964716473459456,-0.19196322736107913,ESTIMA,0.0,450.0,0,140.0,43.853,406.147,143.965,-3.965,30.0,0.0
1779200258.8639312,47.37455757733157,-4.649229330549456,-0.20734694877939924,47.37455757733157,-4.649229330549456,-0.20734694877939924,ESTIMA,0.0,450.0,0,140.0,47.375,402.625,144.649,-4.649,30.0,0.0
1779200258.9143295,47.37455757733157,-4.649229330549456,-0.20734694877939924,47.37455757733157,-4.649229330549456,-0.20734694877939924,ESTIMA,0.0,450.0,0,140.0,47.375,402.625,144.649,-4.649,30.0,0.0
1779200258.9646099,51.19951989652777,-5.453888286314072,-0.23155891224904024,51.19951989652777,-5.453888286314072,-0.23155891224904024,ESTIMA,0.0,450.0,0,140.0,51.2,398.8,145.454,-5.454,30.0,0.0
1779200259.0148227,51.19951989652777,-5.453888286314072,-0.23155891224904024,51.19951989652777,-5.453888286314072,-0.23155891224904024,ESTIMA,0.0,450.0,0,140.0,51.2,398.8,145.454,-5.454,30.0,0.0
1779200259.0650873,54.628126412283855,-6.2623137278827805,-0.2503674655192012,54.628126412283855,-6.2623137278827805,-0.2503674655192012,ESTIMA,0.0,450.0,0,140.0,54.628,395.372,146.262,-6.262,30.0,0.0
1779200259.1154482,54.628126412283855,-6.2623137278827805,-0.2503674655192012,54.628126412283855,-6.2623137278827805,-0.2503674655192012,ESTIMA,0.0,450.0,0,140.0,54.628,395.372,146.262,-6.262,30.0,0.0
1779200259.1657214,58.17838007029651,-7.17023210300053,-0.2698129444566843,58.17838007029651,-7.17023210300053,-0.2698129444566843,ESTIMA,0.0,450.0,0,140.0,58.178,391.822,147.17,-7.17,30.0,0.0
1779200259.2159977,243.08,101.85,1.274,243.08,101.85,1.274,VISION,0.0,450.0,0,140.0,243.08,206.92,38.15,101.85,30.0,0.0
1779200259.2663517,243.08,101.85,1.274,244.43252565622808,106.27248288204484,1.2544933018393307,VISION,0.0,450.0,0,140.0,243.08,206.92,38.15,101.85,30.0,0.0
1779200259.3166947,243.08,101.85,1.274,244.43252565622808,106.27248288204484,1.2544933018393307,VISION,0.0,450.0,0,140.0,243.08,206.92,38.15,101.85,30.0,0.0
1779200259.3669853,243.08,101.85,1.274,244.43252565622808,106.27248288204484,1.2544933018393307,VISION,0.0,450.0,0,140.0,243.08,206.92,38.15,101.85,30.0,0.0
1779200259.4173198,243.08,101.85,1.274,245.73271760269236,110.24506453413845,1.2359142181701013,VISION,0.0,450.0,0,140.0,243.08,206.92,38.15,101.85,30.0,0.0
1779200259.4676037,243.08,101.85,1.274,246.41205267716956,112.19723884997482,1.2238948997814378,VISION,0.0,450.0,0,140.0,243.08,206.92,38.15,101.85,30.0,0.0
1779200259.517911,243.08,101.85,1.274,246.41205267716956,112.19723884997482,1.2238948997814378,VISION,0.0,450.0,0,140.0,243.08,206.92,38.15,101.85,30.0,0.0
1779200259.5680997,243.08,101.85,1.274,247.65562615103238,115.63707624056899,1.2036470740208576,VISION,0.0,450.0,0,140.0,243.08,206.92,38.15,101.85,30.0,0.0
1779200259.6183782,243.08,101.85,1.274,247.65562615103238,115.63707624056899,1.2036470740208576,VISION,0.0,450.0,0,140.0,243.08,206.92,38.15,101.85,30.0,0.0
1779200259.66861,243.08,101.85,1.274,249.0075604279601,119.15236325704352,1.185005647481151,VISION,0.0,450.0,0,140.0,243.08,206.92,38.15,101.85,30.0,0.0
1779200259.7188723,243.08,101.85,1.274,249.0075604279601,119.15236325704352,1.185005647481151,VISION,0.0,450.0,0,140.0,243.08,206.92,38.15,101.85,30.0,0.0
1779200259.7692358,250.43847148091558,122.67553525552309,1.161043838877078,250.43847148091558,122.67553525552309,1.161043838877078,ESTIMA,0.0,450.0,0,140.0,250.438,199.562,17.324,122.676,30.0,0.0
1779200259.8195481,225.98,109.59,1.096,225.98,109.59,1.096,VISION,0.0,450.0,0,140.0,225.98,224.02,30.41,109.59,30.0,0.0
1779200259.869957,225.98,109.59,1.096,225.98,109.59,1.096,VISION,0.0,450.0,0,140.0,225.98,224.02,30.41,109.59,30.0,0.0
1779200259.920132,225.98,109.59,1.096,227.89476821824852,113.31512418348007,1.077192437110973,VISION,0.0,450.0,0,140.0,225.98,224.02,30.41,109.59,30.0,0.0
1779200259.9704504,225.98,109.59,1.096,227.89476821824852,113.31512418348007,1.077192437110973,VISION,0.0,450.0,0,140.0,225.98,224.02,30.41,109.59,30.0,0.0
1779200260.0206873,225.98,109.59,1.096,229.9701004961388,117.17243063706519,1.056402132558179,VISION,0.0,450.0,0,140.0,225.98,224.02,30.41,109.59,30.0,0.0
1779200260.07098,225.98,109.59,1.096,229.9701004961388,117.17243063706519,1.056402132558179,VISION,0.0,450.0,0,140.0,225.98,224.02,30.41,109.59,30.0,0.0
1779200260.1212819,225.98,109.59,1.096,231.41956719339933,119.73721369635106,1.0400093202391893,VISION,0.0,450.0,0,140.0,225.98,224.02,30.41,109.59,30.0,0.0
1779200260.17163,225.98,109.59,1.096,232.90655152324422,122.27051601194134,1.0281445330471959,VISION,0.0,450.0,0,140.0,225.98,224.02,30.41,109.59,30.0,0.0
1779200260.2220063,225.98,109.59,1.096,232.90655152324422,122.27051601194134,1.0281445330471959,VISION,0.0,450.0,0,140.0,225.98,224.02,30.41,109.59,30.0,0.0
1779200260.272249,225.98,109.59,1.096,234.8088481815838,125.4250276054477,1.0083440260705685,VISION,0.0,450.0,0,140.0,225.98,224.02,30.41,109.59,30.0,0.0
1779200260.3225713,234.8088481815838,125.4250276054477,1.0083440260705685,234.8088481815838,125.4250276054477,1.0083440260705685,ESTIMA,0.0,450.0,0,140.0,234.809,215.191,14.575,125.425,30.0,0.0
1779200260.3729193,236.80425507722046,128.59047594835408,0.98822130759639,236.80425507722046,128.59047594835408,0.98822130759639,ESTIMA,0.0,450.0,0,140.0,236.804,213.196,11.41,128.59,30.0,0.0
1779200260.4231853,210.19,119.93,0.914,210.19,119.93,0.914,VISION,0.0,450.0,0,140.0,210.19,239.81,20.07,119.93,30.0,0.0
1779200260.473437,210.19,119.93,0.914,210.19,119.93,0.914,VISION,0.0,450.0,0,140.0,210.19,239.81,20.07,119.93,0.0,0.0
1779200260.5236514,210.19,119.93,0.914,212.63140968916036,123.09661418980922,0.8895611760374897,VISION,0.0,450.0,0,140.0,210.19,239.81,20.07,119.93,0.0,0.0
1779200260.5738378,210.19,119.93,0.914,212.63140968916036,123.09661418980922,0.8895611760374897,VISION,0.0,450.0,0,140.0,210.19,239.81,20.07,119.93,0.0,0.0
1779200260.6240125,210.19,119.93,0.914,214.52303353437262,125.42991775769042,0.864053339748603,VISION,0.0,450.0,0,140.0,210.19,239.81,20.07,119.93,0.0,0.0
1779200260.6741834,210.19,119.93,0.914,214.52303353437262,125.42991775769042,0.864053339748603,VISION,0.0,450.0,0,140.0,210.19,239.81,20.07,119.93,0.0,0.0
1779200260.7243874,210.19,119.93,0.914,215.41565254545642,126.47528450893307,0.8425607291354857,VISION,0.0,450.0,0,140.0,210.19,239.81,20.07,119.93,0.0,0.0
1779200260.7745483,210.19,119.93,0.914,215.41565254545642,126.47528450893307,0.8425607291354857,VISION,0.0,450.0,0,140.0,210.19,239.81,20.07,119.93,0.0,0.0
1779200260.8247676,210.19,119.93,0.914,218.04933672488127,129.42868934259366,0.7923076815308155,VISION,0.0,450.0,0,140.0,210.19,239.81,20.07,119.93,0.0,0.0
1779200260.8749864,210.19,119.93,0.914,218.04933672488127,129.42868934259366,0.7923076815308155,VISION,0.0,450.0,0,140.0,210.19,239.81,20.07,119.93,0.0,0.0
1779200260.9251935,218.31604879393197,129.6991128184951,0.8446968198512128,218.31604879393197,129.6991128184951,0.8446968198512128,ESTIMA,0.0,450.0,0,140.0,218.316,231.684,10.301,129.699,0.0,0.0
1779200260.9754446,196.26,132.18,0.755,196.26,132.18,0.755,VISION,0.0,450.0,0,140.0,196.26,253.74,7.82,132.18,-20.0,0.0
1779200261.0257163,196.26,132.18,0.755,196.26,132.18,0.7550000000000011,VISION,0.0,450.0,0,140.0,196.26,253.74,7.82,132.18,-20.0,0.0
1779200261.0759122,196.26,132.18,0.755,196.26,132.18,0.7550000000000011,VISION,0.0,450.0,0,140.0,196.26,253.74,7.82,132.18,-20.0,0.0
1779200261.1261573,196.26,132.18,0.755,199.62549900449181,135.34686592212165,0.7550000000000011,VISION,0.0,450.0,0,140.0,196.26,253.74,7.82,132.18,-20.0,0.0
1779200261.1764188,196.26,132.18,0.755,199.62549900449181,135.34686592212165,0.7550000000000011,VISION,0.0,450.0,0,140.0,196.26,253.74,7.82,132.18,-20.0,0.0
1779200261.2267363,196.26,132.18,0.755,199.62549900449181,135.34686592212165,0.7550000000000011,VISION,0.0,450.0,0,140.0,196.26,253.74,7.82,132.18,-20.0,0.0
1779200261.2771,196.26,132.18,0.755,205.81834095472166,141.17420389105075,0.7550000000000011,VISION,0.0,450.0,0,140.0,196.26,253.74,7.82,132.18,-20.0,0.0
1779200261.3273928,196.26,132.18,0.755,209.63130635550687,144.76212656577425,0.7550000000000011,VISION,0.0,450.0,0,140.0,196.26,253.74,7.82,132.18,-20.0,0.0
1779200261.3777494,196.26,132.18,0.755,209.63130635550687,144.76212656577425,0.7550000000000011,VISION,0.0,450.0,0,140.0,196.26,253.74,7.82,132.18,-20.0,0.0
1779200261.4279222,196.26,132.18,0.755,215.1239430497167,149.93058566983942,0.7550000000000011,VISION,0.0,450.0,0,140.0,196.26,253.74,7.82,132.18,-20.0,0.0
1779200261.4782088,215.1239430497167,149.93058566983942,0.7550000000000011,215.1239430497167,149.93058566983942,0.7550000000000011,ESTIMA,0.0,450.0,0,140.0,215.124,234.876,-9.931,149.931,0.0,0.0
1779200261.5285184,219.57717646699635,154.1209874894845,0.7993905485087438,219.57717646699635,154.1209874894845,0.7993905485087438,ESTIMA,0.0,450.0,0,140.0,219.577,230.423,-14.121,154.121,0.0,0.0
1779200261.5787792,192.85,135.62,0.669,192.85,135.62,0.669,VISION,0.0,450.0,0,140.0,192.85,257.15,4.38,135.62,0.0,0.0
1779200261.628971,192.85,135.62,0.669,192.85,135.62,0.669,VISION,0.0,450.0,0,140.0,192.85,257.15,4.38,135.62,0.0,0.0
1779200261.679297,192.85,135.62,0.669,194.63668874197913,137.03260578223413,0.8764891130582572,VISION,0.0,450.0,0,140.0,192.85,257.15,4.38,135.62,0.0,0.0
1779200261.7295666,192.85,135.62,0.669,194.63668874197913,137.03260578223413,0.8764891130582572,VISION,0.0,450.0,0,140.0,192.85,257.15,4.38,135.62,0.0,0.0
1779200261.779839,192.85,135.62,0.669,194.63668874197913,137.03260578223413,0.8764891130582584,VISION,0.0,450.0,0,140.0,192.85,257.15,4.38,135.62,0.0,0.0
1779200261.8300076,192.85,135.62,0.669,194.63668874197913,137.03260578223413,0.8764891130582584,VISION,0.0,450.0,0,140.0,192.85,257.15,4.38,135.62,0.0,0.0
1779200261.8803062,192.85,135.62,0.669,194.63668874197913,137.03260578223413,0.8764891130582595,VISION,0.0,450.0,0,140.0,192.85,257.15,4.38,135.62,0.0,0.0
1779200262.1316884,196.4704420685898,139.23503950030255,1.2717852493224049,196.4704420685898,139.23503950030255,1.2717852493224049,ESTIMA,0.0,450.0,0,140.0,196.47,253.53,0.765,139.235,30.0,0.0
1779200262.1820529,195.29,133.62,0.421,195.29,133.62,0.421,VISION,0.0,450.0,0,140.0,195.29,254.71,6.38,133.62,30.0,0.0
1779200262.2323303,195.29,133.62,0.421,195.29,133.62,0.421,VISION,0.0,450.0,0,140.0,195.29,254.71,6.38,133.62,0.0,0.0
1779200262.2826176,195.29,133.62,0.421,196.57418215229148,134.19502146510783,0.42817884971235737,VISION,0.0,450.0,0,140.0,195.29,254.71,6.38,133.62,0.0,0.0
1779200262.3327467,195.29,133.62,0.421,196.57418215229148,134.19502146510783,0.42817884971235737,VISION,0.0,450.0,0,140.0,195.29,254.71,6.38,133.62,0.0,0.0
1779200262.3829648,195.29,133.62,0.421,197.6259405171441,134.67506361049772,0.43585216290259476,VISION,0.0,450.0,0,140.0,195.29,254.71,6.38,133.62,0.0,0.0
1779200262.433369,195.29,133.62,0.421,197.6259405171441,134.67506361049772,0.43585216290259476,VISION,0.0,450.0,0,140.0,195.29,254.71,6.38,133.62,0.0,0.0
1779200262.4836938,195.29,133.62,0.421,198.3043250252714,134.9910030372935,0.41202080522157963,VISION,0.0,450.0,0,140.0,195.29,254.71,6.38,133.62,0.0,0.0
1779200262.5340016,195.29,133.62,0.421,198.3043250252714,134.9910030372935,0.41202080522157963,VISION,0.0,450.0,0,140.0,195.29,254.71,6.38,133.62,0.0,0.0
1779200262.584323,195.29,133.62,0.421,198.31339973128667,134.99496900927636,0.4106548058428701,VISION,0.0,450.0,0,140.0,195.29,254.71,6.38,133.62,0.0,0.0
1779200262.6345904,195.29,133.62,0.421,198.31339973128667,134.99496900927636,0.4106548058428701,VISION,0.0,450.0,0,140.0,195.29,254.71,6.38,133.62,0.0,0.0
1779200262.684948,195.29,133.62,0.421,198.31339973128667,134.99496900927636,0.41065480584287134,VISION,0.0,450.0,0,140.0,195.29,254.71,6.38,133.62,0.0,0.0
1779200262.7351513,195.62,133.36,0.354,195.62,133.36,0.354,VISION,0.0,450.0,0,140.0,195.62,254.38,6.64,133.36,-20.0,0.0
1779200262.785684,195.62,133.36,0.354,195.62,133.36,0.354,VISION,0.0,450.0,0,140.0,195.62,254.38,6.64,133.36,-20.0,0.0
1779200262.8361578,195.62,133.36,0.354,195.62,133.36,0.35400000000000165,VISION,0.0,450.0,0,140.0,195.62,254.38,6.64,133.36,-20.0,0.0
1779200262.886466,195.62,133.36,0.354,198.61015358824898,134.4650654719228,0.35400000000000165,VISION,0.0,450.0,0,140.0,195.62,254.38,6.64,133.36,-20.0,0.0
1779200262.9367387,195.62,133.36,0.354,198.61015358824898,134.4650654719228,0.35400000000000165,VISION,0.0,450.0,0,140.0,195.62,254.38,6.64,133.36,-20.0,0.0
1779200262.9869285,195.62,133.36,0.354,207.43633473453085,137.7269407388062,0.35400000000000165,VISION,0.0,450.0,0,140.0,195.62,254.38,6.64,133.36,-20.0,0.0
1779200263.0371172,195.62,133.36,0.354,207.43633473453085,137.7269407388062,0.35400000000000165,VISION,0.0,450.0,0,140.0,195.62,254.38,6.64,133.36,-20.0,0.0
1779200263.087397,195.62,133.36,0.354,211.49379070206928,139.22644715586603,0.35400000000000165,VISION,0.0,450.0,0,140.0,195.62,254.38,6.64,133.36,-20.0,0.0
1779200263.1376233,195.62,133.36,0.354,211.49379070206928,139.22644715586603,0.35400000000000165,VISION,0.0,450.0,0,140.0,195.62,254.38,6.64,133.36,-20.0,0.0
1779200263.18802,195.62,133.36,0.354,217.74155727763718,141.53542256984684,0.35400000000000165,VISION,0.0,450.0,0,140.0,195.62,254.38,6.64,133.36,-20.0,0.0
1779200263.2383919,217.74155727763718,141.53542256984684,0.35400000000000165,217.74155727763718,141.53542256984684,0.35400000000000165,ESTIMA,0.0,450.0,0,140.0,217.742,232.258,-1.535,141.535,0.0,0.0
1779200263.2886932,223.6162753635229,143.70653115085935,0.44998572171967766,223.6162753635229,143.70653115085935,0.44998572171967766,ESTIMA,0.0,450.0,0,140.0,223.616,226.384,-3.707,143.707,0.0,0.0
1779200263.3389113,194.57,135.77,0.36,194.57,135.77,0.36,VISION,0.0,450.0,0,140.0,194.57,255.43,4.23,135.77,0.0,0.0
1779200263.3891118,194.57,135.77,0.36,197.08164742484072,136.71539125302942,0.727560453483731,VISION,0.0,450.0,0,140.0,194.57,255.43,4.23,135.77,0.0,0.0
1779200263.4392998,194.57,135.77,0.36,197.08164742484072,136.71539125302942,0.727560453483731,VISION,0.0,450.0,0,140.0,194.57,255.43,4.23,135.77,0.0,0.0
1779200263.4895914,194.57,135.77,0.36,197.08164742484072,136.71539125302942,0.727560453483731,VISION,0.0,450.0,0,140.0,194.57,255.43,4.23,135.77,0.0,0.0
1779200263.539747,194.57,135.77,0.36,197.08164742484072,136.71539125302942,0.7275604534837328,VISION,0.0,450.0,0,140.0,194.57,255.43,4.23,135.77,0.0,0.0
1779200263.5899124,194.57,135.77,0.36,197.08164742484072,136.71539125302942,0.7275604534837328,VISION,0.0,450.0,0,140.0,194.57,255.43,4.23,135.77,0.0,0.0
1779200263.640085,194.57,135.77,0.36,197.08164742484072,136.71539125302942,0.7275604534837333,VISION,0.0,450.0,0,140.0,194.57,255.43,4.23,135.77,0.0,0.0
1779200263.9920058,196.47,133.16,0.095,196.47,133.16,0.095,VISION,0.0,450.0,0,140.0,196.47,253.53,6.84,133.16,30.0,0.0
1779200264.0424619,196.47,133.16,0.095,200.2496388971338,133.5201497983079,0.6186908814002733,VISION,0.0,450.0,0,140.0,196.47,253.53,6.84,133.16,0.0,0.0
1779200264.09303,196.47,133.16,0.095,201.11084897478068,134.13327498064328,0.6676429823141103,VISION,0.0,450.0,0,140.0,196.47,253.53,6.84,133.16,0.0,0.0
1779200264.143489,196.47,133.16,0.095,201.11084897478068,134.13327498064328,0.6676429823141103,VISION,0.0,450.0,0,140.0,196.47,253.53,6.84,133.16,0.0,0.0
1779200264.1938596,196.47,133.16,0.095,202.26803747227376,135.04563118193764,0.6814645080955262,VISION,0.0,450.0,0,140.0,196.47,253.53,6.84,133.16,0.0,0.0
1779200264.2442648,196.47,133.16,0.095,202.26803747227376,135.04563118193764,0.6814645080955262,VISION,0.0,450.0,0,140.0,196.47,253.53,6.84,133.16,0.0,0.0
1779200264.2946465,196.47,133.16,0.095,202.84192892138566,135.5111067586241,0.7044100924995551,VISION,0.0,450.0,0,140.0,196.47,253.53,6.84,133.16,0.0,0.0
1779200264.3450775,196.47,133.16,0.095,202.84192892138566,135.5111067586241,0.7044100924995551,VISION,0.0,450.0,0,140.0,196.47,253.53,6.84,133.16,0.0,0.0
1779200264.3954391,196.47,133.16,0.095,204.40848419393456,136.84245216782892,0.4208426699175467,VISION,0.0,450.0,0,140.0,196.47,253.53,6.84,133.16,0.0,0.0
1779200264.4459324,204.40848419393456,136.84245216782892,0.4208426699175467,204.40848419393456,136.84245216782892,0.4208426699175467,ESTIMA,0.0,450.0,0,140.0,204.408,245.592,3.158,136.842,0.0,0.0
1779200264.496158,196.59,132.98,0.056,196.5940996212485,132.9802298190777,0.05543364719105468,VISION,0.0,450.0,0,140.0,196.59,253.41,7.02,132.98,0.0,0.0
1779200264.5464678,196.59,132.98,0.056,196.59,132.98,0.056,VISION,0.0,450.0,0,140.0,196.59,253.41,7.02,132.98,-20.0,0.0
1779200264.5968673,196.59,132.98,0.056,196.59,132.98,0.05600000000000114,VISION,0.0,450.0,0,140.0,196.59,253.41,7.02,132.98,-20.0,0.0
1779200264.6471043,196.59,132.98,0.056,196.59,132.98,0.05600000000000114,VISION,0.0,450.0,0,140.0,196.59,253.41,7.02,132.98,-20.0,0.0
1779200264.6974738,196.59,132.98,0.056,196.59,132.98,0.05600000000000114,VISION,0.0,450.0,0,140.0,196.59,253.41,7.02,132.98,-20.0,0.0
1779200264.747675,196.59,132.98,0.056,202.41438488829783,133.30650693370362,0.05600000000000114,VISION,0.0,450.0,0,140.0,196.59,253.41,7.02,132.98,-20.0,0.0
1779200264.797872,196.59,132.98,0.056,208.72511870586976,133.66027791342287,0.05600000000000114,VISION,0.0,450.0,0,140.0,196.59,253.41,7.02,132.98,-20.0,0.0
1779200264.8480415,196.59,132.98,0.056,208.72511870586976,133.66027791342287,0.05600000000000114,VISION,0.0,450.0,0,140.0,196.59,253.41,7.02,132.98,-20.0,0.0
1779200264.8981843,196.59,132.98,0.056,215.41007995429655,134.03502756355962,0.05600000000000114,VISION,0.0,450.0,0,140.0,196.59,253.41,7.02,132.98,-20.0,0.0
1779200264.9483492,196.59,132.98,0.056,215.41007995429655,134.03502756355962,0.05600000000000114,VISION,0.0,450.0,0,140.0,196.59,253.41,7.02,132.98,-20.0,0.0
1779200264.9985456,196.59,132.98,0.056,221.77350529397413,134.39175235688234,0.10226799451893884,VISION,0.0,450.0,0,140.0,196.59,253.41,7.02,132.98,-20.0,0.0
1779200265.0487945,221.77350529397413,134.39175235688234,0.10226799451893884,221.77350529397413,134.39175235688234,0.10226799451893884,ESTIMA,0.0,450.0,0,140.0,221.774,228.226,5.608,134.392,0.0,0.0
1779200265.0990837,196.66,134.76,0.005,196.66,134.76,0.005,VISION,0.0,450.0,0,140.0,196.66,253.34,5.24,134.76,0.0,0.0
1779200265.1493492,196.66,134.76,0.005,204.03916567687236,134.79689613585268,0.005,VISION,0.0,450.0,0,140.0,196.66,253.34,5.24,134.76,0.0,0.0
1779200265.199563,196.66,134.76,0.005,204.03916567687236,134.79689613585268,0.005,VISION,0.0,450.0,0,140.0,196.66,253.34,5.24,134.76,0.0,0.0
1779200265.249866,196.66,134.76,0.005,206.9462700426522,134.81143177881214,0.40376801721792194,VISION,0.0,450.0,0,140.0,196.66,253.34,5.24,134.76,0.0,0.0
1779200265.3002188,196.66,134.76,0.005,206.9462700426522,134.81143177881214,0.40376801721792194,VISION,0.0,450.0,0,140.0,196.66,253.34,5.24,134.76,0.0,0.0
1779200265.3505266,196.66,134.76,0.005,206.9462700426522,134.81143177881214,0.403768017217923,VISION,0.0,450.0,0,140.0,196.66,253.34,5.24,134.76,0.0,0.0
1779200265.4009168,196.66,134.76,0.005,206.9462700426522,134.81143177881214,0.403768017217923,VISION,0.0,450.0,0,140.0,196.66,253.34,5.24,134.76,0.0,0.0
1779200265.4511445,196.66,134.76,0.005,206.9462700426522,134.81143177881214,0.40376801721792416,VISION,0.0,450.0,0,140.0,196.66,253.34,5.24,134.76,0.0,0.0
1779200265.7022681,197.59,132.02,-0.233,197.59,132.02,-0.233,VISION,0.0,450.0,0,140.0,197.59,252.41,7.98,132.02,30.0,0.0
1779200265.75245,197.59,132.02,-0.233,202.41669868457384,130.87457581862114,0.45124104822093125,VISION,0.0,450.0,0,140.0,197.59,252.41,7.98,132.02,0.0,0.0
1779200265.8026483,197.59,132.02,-0.233,202.41669868457384,130.87457581862114,0.45124104822093125,VISION,0.0,450.0,0,140.0,197.59,252.41,7.98,132.02,0.0,0.0
1779200265.852799,197.59,132.02,-0.233,203.15877821069282,131.23417762921676,0.4823567454706696,VISION,0.0,450.0,0,140.0,197.59,252.41,7.98,132.02,0.0,0.0
1779200265.9029584,197.59,132.02,-0.233,203.15877821069282,131.23417762921676,0.4823567454706696,VISION,0.0,450.0,0,140.0,197.59,252.41,7.98,132.02,0.0,0.0
1779200265.9531279,197.59,132.02,-0.233,204.5886293035497,131.98286201300832,0.49031008129474374,VISION,0.0,450.0,0,140.0,197.59,252.41,7.98,132.02,0.0,0.0
1779200266.0033913,197.59,132.02,-0.233,204.5886293035497,131.98286201300832,0.49031008129474374,VISION,0.0,450.0,0,140.0,197.59,252.41,7.98,132.02,0.0,0.0
1779200266.0536408,197.59,132.02,-0.233,205.7397758036555,132.59732848909562,0.3267463349120068,VISION,0.0,450.0,0,140.0,197.59,252.41,7.98,132.02,0.0,0.0
1779200266.1038556,197.59,132.02,-0.233,205.7397758036555,132.59732848909562,0.3267463349120068,VISION,0.0,450.0,0,140.0,197.59,252.41,7.98,132.02,0.0,0.0
1779200266.1540256,197.59,132.02,-0.233,206.78478762427625,132.95147620875892,0.27601574310513466,VISION,0.0,450.0,0,140.0,197.59,252.41,7.98,132.02,0.0,0.0
1779200266.2044125,206.78478762427625,132.95147620875892,0.27601574310513466,206.78478762427625,132.95147620875892,0.27601574310513466,ESTIMA,0.0,450.0,0,140.0,206.785,243.215,7.049,132.951,0.0,0.0
1779200266.2546918,197.82,131.3,-0.318,197.82,131.3,-0.318,VISION,0.0,450.0,0,140.0,197.82,252.18,8.7,131.3,-20.0,0.0
1779200266.3049476,197.82,131.3,-0.318,197.8248989118168,131.29838741914935,-0.31871137861151,VISION,0.0,450.0,0,140.0,197.82,252.18,8.7,131.3,-20.0,0.0
1779200266.3551998,197.82,131.3,-0.318,199.7677868432326,130.65731235341684,-0.31871137861151,VISION,0.0,450.0,0,140.0,197.82,252.18,8.7,131.3,-20.0,0.0
1779200266.4055007,197.82,131.3,-0.318,199.7677868432326,130.65731235341684,-0.31871137861151,VISION,0.0,450.0,0,140.0,197.82,252.18,8.7,131.3,-20.0,0.0
1779200266.4558065,197.82,131.3,-0.318,205.36768712685662,128.80956993638318,-0.31871137861151,VISION,0.0,450.0,0,140.0,197.82,252.18,8.7,131.3,-20.0,0.0
1779200266.506075,197.82,131.3,-0.318,205.36768712685662,128.80956993638318,-0.31871137861151,VISION,0.0,450.0,0,140.0,197.82,252.18,8.7,131.3,-20.0,0.0
1779200266.5563493,197.82,131.3,-0.318,211.7124447019736,126.71605449797036,-0.31871137861151,VISION,0.0,450.0,0,140.0,197.82,252.18,8.7,131.3,-20.0,0.0
1779200266.6066203,197.82,131.3,-0.318,211.7124447019736,126.71605449797036,-0.31871137861151,VISION,0.0,450.0,0,140.0,197.82,252.18,8.7,131.3,-20.0,0.0
1779200266.656935,197.82,131.3,-0.318,218.08135226707176,124.61457053179828,-0.31871137861151,VISION,0.0,450.0,0,140.0,197.82,252.18,8.7,131.3,-20.0,0.0
1779200266.707201,197.82,131.3,-0.318,218.08135226707176,124.61457053179828,-0.31871137861151,VISION,0.0,450.0,0,140.0,197.82,252.18,8.7,131.3,-20.0,0.0
1779200266.757512,224.4605903241154,122.50967791775932,-0.31871137861151,224.4605903241154,122.50967791775932,-0.31871137861151,ESTIMA,0.0,450.0,0,140.0,224.461,225.539,17.49,122.51,0.0,0.0
1779200266.807887,224.4605903241154,122.50967791775932,-0.31871137861151,224.4605903241154,122.50967791775932,-0.31871137861151,ESTIMA,0.0,450.0,0,140.0,224.461,225.539,17.49,122.51,0.0,0.0
1779200266.858142,198.63,133.17,-0.351,198.63,133.17,-0.351,VISION,0.0,450.0,0,140.0,198.63,251.37,6.83,133.17,0.0,0.0
1779200266.908329,198.63,133.17,-0.351,206.1993211131457,130.3984010706213,-0.2924824469336148,VISION,0.0,450.0,0,140.0,198.63,251.37,6.83,133.17,0.0,0.0
1779200266.9585254,198.63,133.17,-0.351,208.5607226790137,129.68733983210822,-0.20757188347808575,VISION,0.0,450.0,0,140.0,198.63,251.37,6.83,133.17,0.0,0.0
1779200267.008751,198.63,133.17,-0.351,208.5607226790137,129.68733983210822,-0.20757188347808575,VISION,0.0,450.0,0,140.0,198.63,251.37,6.83,133.17,0.0,0.0
1779200267.0589533,198.63,133.17,-0.351,208.85361055344995,129.62565608544693,-0.16628735027338182,VISION,0.0,450.0,0,140.0,198.63,251.37,6.83,133.17,0.0,0.0
1779200267.1092584,198.63,133.17,-0.351,208.85361055344995,129.62565608544693,-0.16628735027338182,VISION,0.0,450.0,0,140.0,198.63,251.37,6.83,133.17,0.0,0.0
1779200267.1595788,198.63,133.17,-0.351,208.85361055344995,129.62565608544693,-0.16628735027338062,VISION,0.0,450.0,0,140.0,198.63,251.37,6.83,133.17,0.0,0.0
1779200267.4608974,198.25,129.6,-0.651,198.25,129.6,-0.651,VISION,0.0,450.0,0,140.0,198.25,251.75,10.4,129.6,30.0,0.0
1779200267.5110774,198.25,129.6,-0.651,201.44980801763694,127.16243901432279,-0.09617295113925217,VISION,0.0,450.0,0,140.0,198.25,251.75,10.4,129.6,0.0,0.0
1779200267.5612907,198.25,129.6,-0.651,201.9622356248808,127.11300483555728,-0.06885813737758546,VISION,0.0,450.0,0,140.0,198.25,251.75,10.4,129.6,0.0,0.0
1779200267.6114693,198.25,129.6,-0.651,201.9622356248808,127.11300483555728,-0.06885813737758546,VISION,0.0,450.0,0,140.0,198.25,251.75,10.4,129.6,0.0,0.0
1779200267.6617246,198.25,129.6,-0.651,203.31335710162722,127.01982180671469,-0.04650628790195041,VISION,0.0,450.0,0,140.0,198.25,251.75,10.4,129.6,0.0,0.0
1779200267.7118948,198.25,129.6,-0.651,203.31335710162722,127.01982180671469,-0.04650628790195041,VISION,0.0,450.0,0,140.0,198.25,251.75,10.4,129.6,0.0,0.0
1779200267.7620604,198.25,129.6,-0.651,203.69431819235214,127.00209193644633,-0.05326437494412764,VISION,0.0,450.0,0,140.0,198.25,251.75,10.4,129.6,0.0,0.0
1779200267.812247,198.25,129.6,-0.651,203.69431819235214,127.00209193644633,-0.05326437494412764,VISION,0.0,450.0,0,140.0,198.25,251.75,10.4,129.6,0.0,0.0
1779200267.8624694,198.25,129.6,-0.651,203.69431819235214,127.00209193644633,-0.05326437494412764,VISION,0.0,450.0,0,140.0,198.25,251.75,10.4,129.6,0.0,0.0
1779200267.912769,198.25,129.6,-0.651,203.69431819235214,127.00209193644633,-0.05326437494412647,VISION,0.0,450.0,0,140.0,198.25,251.75,10.4,129.6,0.0,0.0
1779200267.963469,203.69431819235214,127.00209193644633,-0.05326437494412647,203.69431819235214,127.00209193644633,-0.05326437494412647,ESTIMA,0.0,450.0,0,140.0,203.694,246.306,12.998,127.002,0.0,0.0
1779200268.0139143,198.2,129.08,-0.723,198.2,129.08,-0.723,VISION,0.0,450.0,0,140.0,198.2,251.8,10.92,129.08,-20.0,0.0
1779200268.0642116,198.2,129.08,-0.723,198.2,129.08,-0.723,VISION,0.0,450.0,0,140.0,198.2,251.8,10.92,129.08,-20.0,0.0
1779200268.1145804,198.2,129.08,-0.723,198.2,129.08,-0.722999999999999,VISION,0.0,450.0,0,140.0,198.2,251.8,10.92,129.08,-20.0,0.0
1779200268.1649852,198.2,129.08,-0.723,198.2,129.08,-0.722999999999999,VISION,0.0,450.0,0,140.0,198.2,251.8,10.92,129.08,-20.0,0.0
1779200268.2153735,198.2,129.08,-0.723,202.23931058115917,125.51575409840561,-0.722999999999999,VISION,0.0,450.0,0,140.0,198.2,251.8,10.92,129.08,-20.0,0.0
1779200268.2658672,198.2,129.08,-0.723,202.23931058115917,125.51575409840561,-0.722999999999999,VISION,0.0,450.0,0,140.0,198.2,251.8,10.92,129.08,-20.0,0.0
1779200268.3163266,198.2,129.08,-0.723,207.79744224348426,120.61131617516995,-0.722999999999999,VISION,0.0,450.0,0,140.0,198.2,251.8,10.92,129.08,-20.0,0.0
1779200268.3668654,198.2,129.08,-0.723,207.79744224348426,120.61131617516995,-0.722999999999999,VISION,0.0,450.0,0,140.0,198.2,251.8,10.92,129.08,-20.0,0.0
1779200268.4173424,198.2,129.08,-0.723,213.23653927195272,115.81191318236279,-0.722999999999999,VISION,0.0,450.0,0,140.0,198.2,251.8,10.92,129.08,-20.0,0.0
1779200268.4676418,198.2,129.08,-0.723,213.23653927195272,115.81191318236279,-0.722999999999999,VISION,0.0,450.0,0,140.0,198.2,251.8,10.92,129.08,-20.0,0.0
1779200268.5181313,213.23653927195272,115.81191318236279,-0.722999999999999,213.23653927195272,115.81191318236279,-0.722999999999999,ESTIMA,0.0,450.0,0,140.0,213.237,236.763,24.188,115.812,0.0,0.0
1779200268.5684218,219.6409936461687,110.16068884677411,-0.6609943765442937,219.6409936461687,110.16068884677411,-0.6609943765442937,ESTIMA,0.0,450.0,0,140.0,219.641,230.359,29.839,110.161,0.0,0.0
1779200268.6187413,199.46,130.26,-0.742,199.46,130.26,-0.742,VISION,0.0,450.0,0,140.0,199.46,250.54,9.74,130.26,0.0,0.0
1779200268.6690364,199.46,130.26,-0.742,203.15062974390085,126.87656457313591,-0.513197825585285,VISION,0.0,450.0,0,140.0,199.46,250.54,9.74,130.26,0.0,0.0
1779200268.7193086,199.46,130.26,-0.742,203.15062974390085,126.87656457313591,-0.513197825585285,VISION,0.0,450.0,0,140.0,199.46,250.54,9.74,130.26,0.0,0.0
1779200268.7695105,199.46,130.26,-0.742,203.52982067510936,126.66286597954318,-0.5657500824851424,VISION,0.0,450.0,0,140.0,199.46,250.54,9.74,130.26,0.0,0.0
1779200268.8197112,199.46,130.26,-0.742,203.52982067510936,126.66286597954318,-0.5657500824851416,VISION,0.0,450.0,0,140.0,199.46,250.54,9.74,130.26,0.0,0.0
1779200268.8699994,199.46,130.26,-0.742,203.52982067510936,126.66286597954318,-0.5657500824851416,VISION,0.0,450.0,0,140.0,199.46,250.54,9.74,130.26,0.0,0.0
1779200268.92027,199.46,130.26,-0.742,203.52982067510936,126.66286597954318,-0.5657500824851407,VISION,0.0,450.0,0,140.0,199.46,250.54,9.74,130.26,0.0,0.0
1779200269.2718034,198.19,128.05,-0.972,200.03398119242613,125.34768614795843,-0.5207574708872822,VISION,0.0,450.0,0,140.0,198.19,251.81,11.95,128.05,30.0,0.0
1779200269.322047,198.19,128.05,-0.972,200.47983016418306,125.09196141943346,-0.4498635433367747,VISION,0.0,450.0,0,140.0,198.19,251.81,11.95,128.05,30.0,0.0
1779200269.3723667,198.19,128.05,-0.972,200.47983016418306,125.09196141943346,-0.4498635433367747,VISION,0.0,450.0,0,140.0,198.19,251.81,11.95,128.05,30.0,0.0
1779200269.4228504,198.19,128.05,-0.972,201.4344134512314,124.63100577071349,-0.4208232174969585,VISION,0.0,450.0,0,140.0,198.19,251.81,11.95,128.05,30.0,0.0
1779200269.4730425,198.19,128.05,-0.972,201.4344134512314,124.63100577071349,-0.4208232174969585,VISION,0.0,450.0,0,140.0,198.19,251.81,11.95,128.05,30.0,0.0
1779200269.5232124,198.19,128.05,-0.972,203.9000076428593,123.52750369720303,-0.3759612298133365,VISION,0.0,450.0,0,140.0,198.19,251.81,11.95,128.05,30.0,0.0
1779200269.5734408,198.19,128.05,-0.972,203.9000076428593,123.52750369720303,-0.3759612298133365,VISION,0.0,450.0,0,140.0,198.19,251.81,11.95,128.05,30.0,0.0
1779200269.6237314,198.19,128.05,-0.972,203.9000076428593,123.52750369720303,-0.3759612298133365,VISION,0.0,450.0,0,140.0,198.19,251.81,11.95,128.05,30.0,0.0
1779200269.6739984,206.98361799614727,122.31028810058075,-0.35110737885158766,206.98361799614727,122.31028810058075,-0.35110737885158766,ESTIMA,0.0,450.0,0,140.0,206.984,243.016,17.69,122.31,30.0,0.0
1779200269.7249362,206.98361799614727,122.31028810058075,-0.35110737885158766,206.98361799614727,122.31028810058075,-0.35110737885158766,ESTIMA,0.0,450.0,0,140.0,206.984,243.016,17.69,122.31,0.0,0.0
1779200269.7751546,198.02,127.76,-1.027,198.02,127.76,-1.027,VISION,0.0,450.0,0,140.0,198.02,251.98,12.24,127.76,0.0,0.0
1779200269.8253903,198.02,127.76,-1.027,198.02,127.76,-1.027,VISION,0.0,450.0,0,140.0,198.02,251.98,12.24,127.76,0.0,0.0
1779200269.8756568,198.02,127.76,-1.027,199.4203643067925,125.44382388510265,-1.0296424447232873,VISION,0.0,450.0,0,140.0,198.02,251.98,12.24,127.76,0.0,0.0
1779200269.925984,198.02,127.76,-1.027,199.4203643067925,125.44382388510265,-1.0296424447232873,VISION,0.0,450.0,0,140.0,198.02,251.98,12.24,127.76,0.0,0.0
1779200269.9762335,198.02,127.76,-1.027,199.4203643067925,125.44382388510265,-1.0296424447232873,VISION,0.0,450.0,0,140.0,198.02,251.98,12.24,127.76,0.0,0.0
1779200270.0266473,198.02,127.76,-1.027,200.38772031432222,123.83424435820176,-1.07164001690981,VISION,0.0,450.0,0,140.0,198.02,251.98,12.24,127.76,0.0,0.0
1779200270.0769322,198.02,127.76,-1.027,200.55124465257262,123.53431389890021,-1.1069645476056187,VISION,0.0,450.0,0,140.0,198.02,251.98,12.24,127.76,0.0,0.0
1779200270.127187,198.02,127.76,-1.027,200.55124465257262,123.53431389890021,-1.1069645476056187,VISION,0.0,450.0,0,140.0,198.02,251.98,12.24,127.76,0.0,0.0
1779200270.1773937,198.02,127.76,-1.027,200.55124465257262,123.53431389890021,-1.1069645476056176,VISION,0.0,450.0,0,140.0,198.02,251.98,12.24,127.76,0.0,0.0
1779200270.227686,198.02,127.76,-1.027,200.55124465257262,123.53431389890021,-1.1069645476056176,VISION,0.0,450.0,0,140.0,198.02,251.98,12.24,127.76,-20.0,0.0
1779200270.278068,200.55124465257262,123.53431389890021,-1.1069645476056165,200.55124465257262,123.53431389890021,-1.1069645476056165,ESTIMA,0.0,450.0,0,140.0,200.551,249.449,16.466,123.534,-20.0,0.0
1779200270.3284245,200.55124465257262,123.53431389890021,-1.1069645476056165,200.55124465257262,123.53431389890021,-1.1069645476056165,ESTIMA,0.0,450.0,0,140.0,200.551,249.449,16.466,123.534,-20.0,0.0
1779200270.3786902,205.26,132.56,-0.955,205.26,132.56,-0.955,VISION,0.0,450.0,0,140.0,205.26,244.74,7.44,132.56,-20.0,0.0
1779200270.4289246,205.26,132.56,-0.955,209.95106238438584,125.93028978606144,-0.955,VISION,0.0,450.0,0,140.0,205.26,244.74,7.44,132.56,-20.0,0.0
1779200270.479091,205.26,132.56,-0.955,209.95106238438584,125.93028978606144,-0.955,VISION,0.0,450.0,0,140.0,205.26,244.74,7.44,132.56,-20.0,0.0
1779200270.529389,205.26,132.56,-0.955,213.33457552734302,121.14849201728258,-0.8124167777752054,VISION,0.0,450.0,0,140.0,205.26,244.74,7.44,132.56,-20.0,0.0
1779200270.5795636,205.26,132.56,-0.955,217.27780006394704,116.98621474719602,-0.8124167777752054,VISION,0.0,450.0,0,140.0,205.26,244.74,7.44,132.56,-20.0,0.0
1779200270.6297834,205.26,132.56,-0.955,217.27780006394704,116.98621474719602,-0.8124167777752054,VISION,0.0,450.0,0,140.0,205.26,244.74,7.44,132.56,-20.0,0.0
1779200270.6799567,205.26,132.56,-0.955,220.66484415520486,113.41101467858293,-0.5212927857760725,VISION,0.0,450.0,0,140.0,205.26,244.74,7.44,132.56,-20.0,0.0
1779200270.730119,205.26,132.56,-0.955,220.66484415520486,113.41101467858293,-0.5212927857760725,VISION,0.0,450.0,0,140.0,205.26,244.74,7.44,132.56,0.0,0.0
1779200270.7804,205.26,132.56,-0.955,225.3183151410469,110.7386207629375,-0.33754865931941075,VISION,0.0,450.0,0,140.0,205.26,244.74,7.44,132.56,0.0,0.0
1779200270.830683,205.26,132.56,-0.955,225.3183151410469,110.7386207629375,-0.33754865931941075,VISION,0.0,450.0,0,140.0,205.26,244.74,7.44,132.56,0.0,0.0
1779200270.880833,226.63011187714898,110.27820478915035,-0.14579011386969834,226.63011187714898,110.27820478915035,-0.14579011386969834,ESTIMA,0.0,450.0,0,140.0,226.63,223.37,29.722,110.278,0.0,0.0
1779200270.931048,208.54,134.41,-1.017,208.54,134.41,-1.017,VISION,0.0,450.0,0,140.0,208.54,241.46,5.59,134.41,0.0,0.0
1779200270.9812963,208.54,134.41,-1.017,208.54,134.41,-1.017,VISION,0.0,450.0,0,140.0,208.54,241.46,5.59,134.41,0.0,0.0
1779200271.0316193,208.54,134.41,-1.017,208.54,134.41,-1.0169999999999986,VISION,0.0,450.0,0,140.0,208.54,241.46,5.59,134.41,0.0,0.0
1779200271.0819736,208.54,134.41,-1.017,208.54,134.41,-1.0169999999999986,VISION,0.0,450.0,0,140.0,208.54,241.46,5.59,134.41,0.0,0.0
1779200271.132193,208.54,134.41,-1.017,208.54,134.41,-1.0169999999999975,VISION,0.0,450.0,0,140.0,208.54,241.46,5.59,134.41,0.0,0.0
1779200271.483989,212.89707731604688,129.95057365726458,-0.13310950108231667,212.89707731604688,129.95057365726458,-0.13310950108231667,ESTIMA,0.0,450.0,0,140.0,212.897,237.103,10.049,129.951,30.0,0.0
1779200271.5342634,207.12,132.78,-1.223,207.6646468688808,131.2776634499205,-1.0025839920060196,VISION,0.0,450.0,0,140.0,207.12,242.88,7.22,132.78,0.0,0.0
1779200271.584551,207.12,132.78,-1.223,207.12,132.78,-1.223,VISION,0.0,450.0,0,140.0,207.12,242.88,7.22,132.78,0.0,0.0
1779200271.6347322,207.12,132.78,-1.223,207.55696018773486,131.57470295622437,-1.2049868920720024,VISION,0.0,450.0,0,140.0,207.12,242.88,7.22,132.78,0.0,0.0
1779200271.685014,207.12,132.78,-1.223,207.55696018773486,131.57470295622437,-1.2049868920720024,VISION,0.0,450.0,0,140.0,207.12,242.88,7.22,132.78,0.0,0.0
1779200271.7352843,207.12,132.78,-1.223,207.55696018773486,131.57470295622437,-1.2049868920720024,VISION,0.0,450.0,0,140.0,207.12,242.88,7.22,132.78,0.0,0.0
1779200271.7855794,207.12,132.78,-1.223,208.25037720812009,129.76445084460264,-1.179938470900968,VISION,0.0,450.0,0,140.0,207.12,242.88,7.22,132.78,0.0,0.0
1779200271.835777,207.12,132.78,-1.223,208.44769094189647,129.28560151145797,-1.2011309396758167,VISION,0.0,450.0,0,140.0,207.12,242.88,7.22,132.78,0.0,0.0
1779200271.8860152,207.12,132.78,-1.223,208.44769094189647,129.28560151145797,-1.2011309396758167,VISION,0.0,450.0,0,140.0,207.12,242.88,7.22,132.78,0.0,0.0
1779200271.936277,207.12,132.78,-1.223,208.95737818810858,127.97020578875039,-1.2969709660396382,VISION,0.0,450.0,0,140.0,207.12,242.88,7.22,132.78,0.0,0.0
1779200271.9864993,207.12,132.78,-1.223,208.95737818810858,127.97020578875039,-1.2969709660396382,VISION,0.0,450.0,0,140.0,207.12,242.88,7.22,132.78,0.0,0.0
1779200272.036709,208.95737818810858,127.97020578875039,-1.2969709660396371,208.95737818810858,127.97020578875039,-1.2969709660396371,ESTIMA,0.0,450.0,0,140.0,208.957,241.043,12.03,127.97,-20.0,0.0
1779200272.086967,208.95737818810858,127.97020578875039,-1.2969709660396371,208.95737818810858,127.97020578875039,-1.2969709660396371,ESTIMA,0.0,450.0,0,140.0,208.957,241.043,12.03,127.97,-20.0,0.0
1779200272.1372242,206.69,132.35,-1.3,206.69,132.35,-1.2999999999999987,VISION,0.0,450.0,0,140.0,206.69,243.31,7.65,132.35,-20.0,0.0
1779200272.1875021,206.69,132.35,-1.3,206.69,132.35,-1.2999999999999987,VISION,0.0,450.0,0,140.0,206.69,243.31,7.65,132.35,-20.0,0.0
1779200272.2379203,206.69,132.35,-1.3,208.01368128542316,127.58196440144786,-1.2999999999999987,VISION,0.0,450.0,0,140.0,206.69,243.31,7.65,132.35,-20.0,0.0
1779200272.2882872,206.69,132.35,-1.3,208.01368128542316,127.58196440144786,-1.2999999999999987,VISION,0.0,450.0,0,140.0,206.69,243.31,7.65,132.35,-20.0,0.0
1779200272.3386054,206.69,132.35,-1.3,209.89275841176317,120.81333608473788,-1.2999999999999987,VISION,0.0,450.0,0,140.0,206.69,243.31,7.65,132.35,-20.0,0.0
1779200272.3889709,206.69,132.35,-1.3,209.89275841176317,120.81333608473788,-1.2999999999999987,VISION,0.0,450.0,0,140.0,206.69,243.31,7.65,132.35,-20.0,0.0
1779200272.4391558,206.69,132.35,-1.3,211.4864581132617,115.07266648864422,-1.154982994342671,VISION,0.0,450.0,0,140.0,206.69,243.31,7.65,132.35,-20.0,0.0
1779200272.489428,206.69,132.35,-1.3,211.4864581132617,115.07266648864422,-1.154982994342671,VISION,0.0,450.0,0,140.0,206.69,243.31,7.65,132.35,-20.0,0.0
1779200272.5396616,206.69,132.35,-1.3,211.4864581132617,115.07266648864422,-1.154982994342671,VISION,0.0,450.0,0,140.0,206.69,243.31,7.65,132.35,0.0,0.0
1779200272.5898979,206.69,132.35,-1.3,213.83346862966445,109.75740016767621,-1.0135538693132058,VISION,0.0,450.0,0,140.0,206.69,243.31,7.65,132.35,0.0,0.0
1779200272.6400654,213.83346862966445,109.75740016767621,-1.0135538693132058,213.83346862966445,109.75740016767621,-1.0135538693132058,ESTIMA,0.0,450.0,0,140.0,213.833,236.167,30.243,109.757,0.0,0.0
1779200272.6903074,209.33,133.34,-1.293,209.33,133.34,-1.293,VISION,0.0,450.0,0,140.0,209.33,240.67,6.66,133.34,0.0,0.0
1779200272.7404864,209.33,133.34,-1.293,209.33,133.34,-1.293,VISION,0.0,450.0,0,140.0,209.33,240.67,6.66,133.34,0.0,0.0
1779200272.790631,209.33,133.34,-1.293,209.79069470683507,131.7244906607301,-1.1558325283027413,VISION,0.0,450.0,0,140.0,209.33,240.67,6.66,133.34,0.0,0.0
1779200272.840762,209.33,133.34,-1.293,209.79069470683507,131.7244906607301,-1.1558325283027413,VISION,0.0,450.0,0,140.0,209.33,240.67,6.66,133.34,0.0,0.0
1779200272.890967,209.33,133.34,-1.293,209.9423052757218,131.38034784024313,-1.1039623811895984,VISION,0.0,450.0,0,140.0,209.33,240.67,6.66,133.34,0.0,0.0
1779200272.941135,209.33,133.34,-1.293,209.9423052757218,131.38034784024313,-1.1039623811895984,VISION,0.0,450.0,0,140.0,209.33,240.67,6.66,133.34,0.0,0.0
1779200273.3933425,207.3,131.98,-1.538,208.14577684399092,126.89405712715593,-0.806458813634411,VISION,0.0,450.0,0,140.0,207.3,242.7,8.02,131.98,30.0,0.0
1779200273.4437203,207.3,131.98,-1.538,208.14577684399092,126.89405712715593,-0.806458813634411,VISION,0.0,450.0,0,140.0,207.3,242.7,8.02,131.98,30.0,0.0
1779200273.49407,207.3,131.98,-1.538,208.64881570068601,126.36937050284146,-0.709834365305211,VISION,0.0,450.0,0,140.0,207.3,242.7,8.02,131.98,30.0,0.0
1779200273.5442598,207.3,131.98,-1.538,208.64881570068601,126.36937050284146,-0.709834365305211,VISION,0.0,450.0,0,140.0,207.3,242.7,8.02,131.98,30.0,0.0
1779200273.594652,207.3,131.98,-1.538,210.15186020540855,125.07789348695773,-0.6918214867817812,VISION,0.0,450.0,0,140.0,207.3,242.7,8.02,131.98,30.0,0.0
1779200273.6448505,207.3,131.98,-1.538,210.15186020540855,125.07789348695773,-0.6918214867817812,VISION,0.0,450.0,0,140.0,207.3,242.7,8.02,131.98,30.0,0.0
1779200273.695026,207.3,131.98,-1.538,212.32597132660922,123.27685338624539,-0.6788949083215301,VISION,0.0,450.0,0,140.0,207.3,242.7,8.02,131.98,30.0,0.0
1779200273.7452378,207.3,131.98,-1.538,212.32597132660922,123.27685338624539,-0.6788949083215301,VISION,0.0,450.0,0,140.0,207.3,242.7,8.02,131.98,30.0,0.0
1779200273.7954292,214.85348147079276,121.2375690857993,-0.6708371303765263,214.85348147079276,121.2375690857993,-0.6708371303765263,ESTIMA,0.0,450.0,0,140.0,214.853,235.147,18.762,121.238,30.0,0.0
1779200273.8456604,206.85,131.66,-1.624,206.85,131.66,-1.624,VISION,0.0,450.0,0,140.0,206.85,243.15,8.34,131.66,0.0,0.0
1779200273.8968155,206.85,131.66,-1.624,206.66297410427282,128.14803580520814,-1.6034503757382623,VISION,0.0,450.0,0,140.0,206.85,243.15,8.34,131.66,0.0,0.0
1779200273.9471488,206.85,131.66,-1.624,206.66297410427282,128.14803580520814,-1.6034503757382623,VISION,0.0,450.0,0,140.0,206.85,243.15,8.34,131.66,0.0,0.0
1779200273.997469,206.85,131.66,-1.624,206.66297410427282,128.14803580520814,-1.6034503757382623,VISION,0.0,450.0,0,140.0,206.85,243.15,8.34,131.66,0.0,0.0
1779200274.0477784,206.85,131.66,-1.624,206.55518927687157,124.84839859898369,-1.6054229734144474,VISION,0.0,450.0,0,140.0,206.85,243.15,8.34,131.66,0.0,0.0
1779200274.0980678,206.85,131.66,-1.624,206.50774360306272,123.47873926448099,-1.6190502241165585,VISION,0.0,450.0,0,140.0,206.85,243.15,8.34,131.66,0.0,0.0
1779200274.1483765,206.85,131.66,-1.624,206.50774360306272,123.47873926448099,-1.6190502241165585,VISION,0.0,450.0,0,140.0,206.85,243.15,8.34,131.66,0.0,0.0
1779200274.1987462,206.85,131.66,-1.624,206.50774360306272,123.47873926448099,-1.6190502241165585,VISION,0.0,450.0,0,140.0,206.85,243.15,8.34,131.66,0.0,0.0
1779200274.2491302,206.85,131.66,-1.624,206.4332486759281,121.93612605944918,-1.6257187853022455,VISION,0.0,450.0,0,140.0,206.85,243.15,8.34,131.66,0.0,0.0
1779200274.29946,206.85,131.66,-1.624,206.4332486759281,121.93612605944918,-1.6257187853022455,VISION,0.0,450.0,0,140.0,206.85,243.15,8.34,131.66,0.0,0.0
1779200274.3497906,206.85,131.66,-1.624,206.433114040218,121.93367714672068,-1.6260570764636613,VISION,0.0,450.0,0,140.0,206.85,243.15,8.34,131.66,-20.0,0.0
1779200274.4001572,206.433114040218,121.93367714672068,-1.6260570764636613,206.433114040218,121.93367714672068,-1.6260570764636613,ESTIMA,0.0,450.0,0,140.0,206.433,243.567,18.066,121.934,-20.0,0.0
1779200274.4504077,214.91,131.48,-1.537,214.91,131.48,-1.537,VISION,0.0,450.0,0,140.0,214.91,235.09,8.52,131.48,-20.0,0.0
1779200274.5005922,214.91,131.48,-1.537,214.91,131.48,-1.537,VISION,0.0,450.0,0,140.0,214.91,235.09,8.52,131.48,-20.0,0.0
1779200274.5509243,214.91,131.48,-1.537,215.10548037436212,125.69813072982271,-1.537,VISION,0.0,450.0,0,140.0,214.91,235.09,8.52,131.48,-20.0,0.0
1779200274.6012766,214.91,131.48,-1.537,215.10548037436212,125.69813072982271,-1.537,VISION,0.0,450.0,0,140.0,214.91,235.09,8.52,131.48,-20.0,0.0
1779200274.6515112,214.91,131.48,-1.537,215.3235935866058,119.24683308213561,-1.537,VISION,0.0,450.0,0,140.0,214.91,235.09,8.52,131.48,-20.0,0.0
1779200274.701776,214.91,131.48,-1.537,215.3235935866058,119.24683308213561,-1.537,VISION,0.0,450.0,0,140.0,214.91,235.09,8.52,131.48,-20.0,0.0
1779200274.7520027,214.91,131.48,-1.537,215.54932814705705,112.57011311702898,-1.4885024694903144,VISION,0.0,450.0,0,140.0,214.91,235.09,8.52,131.48,-20.0,0.0
1779200274.8022444,214.91,131.48,-1.537,215.54932814705705,112.57011311702898,-1.4885024694903144,VISION,0.0,450.0,0,140.0,214.91,235.09,8.52,131.48,-20.0,0.0
1779200274.8525658,214.91,131.48,-1.537,216.0697989243078,106.25985693234554,-1.442537430993442,VISION,0.0,450.0,0,140.0,214.91,235.09,8.52,131.48,0.0,0.0
1779200274.902959,214.91,131.48,-1.537,216.0697989243078,106.25985693234554,-1.442537430993442,VISION,0.0,450.0,0,140.0,214.91,235.09,8.52,131.48,0.0,0.0
1779200274.9532876,216.55701759705013,102.48199733949019,-1.3947738252179378,216.55701759705013,102.48199733949019,-1.3947738252179378,ESTIMA,0.0,450.0,0,140.0,216.557,233.443,37.518,102.482,0.0,0.0
1779200275.0035498,216.55701759705013,102.48199733949019,-1.3947738252179378,216.55701759705013,102.48199733949019,-1.3947738252179378,ESTIMA,0.0,450.0,0,140.0,216.557,233.443,37.518,102.482,0.0,0.0
1779200275.053881,220.64,131.04,-1.601,220.64,131.04,-1.601,VISION,0.0,450.0,0,140.0,220.64,229.36,8.96,131.04,0.0,0.0
1779200275.1041677,220.64,131.04,-1.601,220.5841058322996,129.18998759981713,-1.4726429443833084,VISION,0.0,450.0,0,140.0,220.64,229.36,8.96,131.04,0.0,0.0
1779200275.1544547,220.64,131.04,-1.601,220.6144498109234,128.88183244783067,-1.4299332159993068,VISION,0.0,450.0,0,140.0,220.64,229.36,8.96,131.04,0.0,0.0
1779200275.2047777,220.64,131.04,-1.601,220.6144498109234,128.88183244783067,-1.4299332159993068,VISION,0.0,450.0,0,140.0,220.64,229.36,8.96,131.04,0.0,0.0
1779200275.2551124,220.64,131.04,-1.601,220.6144498109234,128.88183244783067,-1.4299332159993057,VISION,0.0,450.0,0,140.0,220.64,229.36,8.96,131.04,0.0,0.0
1779200275.908152,218.85,130.85,-1.745,219.54336907942312,124.59831990257938,-0.846745860329988,VISION,0.0,450.0,0,140.0,218.85,231.15,9.15,130.85,30.0,0.0
1779200275.9583364,218.85,130.85,-1.745,220.9627413083597,122.99316689298577,-0.5512019848639321,VISION,0.0,450.0,0,140.0,218.85,231.15,9.15,130.85,30.0,0.0
1779200276.00861,218.85,130.85,-1.745,220.9627413083597,122.99316689298577,-0.5512019848639321,VISION,0.0,450.0,0,140.0,218.85,231.15,9.15,130.85,30.0,0.0
1779200276.058753,218.85,130.85,-1.745,221.75217949166571,122.50785168411916,-0.532825395413275,VISION,0.0,450.0,0,140.0,218.85,231.15,9.15,130.85,30.0,0.0
1779200276.1089478,221.75217949166571,122.50785168411916,-0.532825395413275,221.75217949166571,122.50785168411916,-0.532825395413275,ESTIMA,0.0,450.0,0,140.0,221.752,228.248,17.492,122.508,30.0,0.0
1779200276.15929,224.0471388198816,121.15447132994852,-0.48768521811279275,224.0471388198816,121.15447132994852,-0.48768521811279275,ESTIMA,0.0,450.0,0,140.0,224.047,225.953,18.846,121.154,0.0,0.0
1779200276.2095942,218.52,130.76,-1.794,218.52,130.76,-1.794,VISION,0.0,450.0,0,140.0,218.52,231.48,9.24,130.76,0.0,0.0
1779200276.2600129,218.52,130.76,-1.794,218.52,130.76,-1.794,VISION,0.0,450.0,0,140.0,218.52,231.48,9.24,130.76,0.0,0.0
1779200276.3105073,218.52,130.76,-1.794,217.75319718865543,127.38180152723575,-1.7708028004827567,VISION,0.0,450.0,0,140.0,218.52,231.48,9.24,130.76,0.0,0.0
1779200276.3608594,218.52,130.76,-1.794,217.3845569821988,125.5633027569184,-1.7797936370325844,VISION,0.0,450.0,0,140.0,218.52,231.48,9.24,130.76,0.0,0.0
1779200276.4111216,218.52,130.76,-1.794,217.3845569821988,125.5633027569184,-1.7797936370325844,VISION,0.0,450.0,0,140.0,218.52,231.48,9.24,130.76,0.0,0.0
1779200276.461521,218.52,130.76,-1.794,217.3845569821988,125.5633027569184,-1.7797936370325844,VISION,0.0,450.0,0,140.0,218.52,231.48,9.24,130.76,0.0,0.0
1779200276.5118268,218.52,130.76,-1.794,217.22395592365524,124.80608786302834,-1.8094355114825806,VISION,0.0,450.0,0,140.0,218.52,231.48,9.24,130.76,0.0,0.0
1779200276.5621006,218.52,130.76,-1.794,217.22395592365524,124.80608786302834,-1.8094355114825806,VISION,0.0,450.0,0,140.0,218.52,231.48,9.24,130.76,0.0,0.0
1779200276.6123197,218.52,130.76,-1.794,217.13159432643624,124.42642844212858,-1.7566051928116304,VISION,0.0,450.0,0,140.0,218.52,231.48,9.24,130.76,0.0,0.0
1779200276.662592,218.52,130.76,-1.794,217.13159432643624,124.42642844212858,-1.7566051928116304,VISION,0.0,450.0,0,140.0,218.52,231.48,9.24,130.76,-20.0,0.0
1779200276.712797,217.13159432643624,124.42642844212858,-1.756605192811629,217.13159432643624,124.42642844212858,-1.756605192811629,ESTIMA,0.0,450.0,0,140.0,217.132,232.868,15.574,124.426,-20.0,0.0
1779200276.7630367,217.13159432643624,124.42642844212858,-1.756605192811629,217.13159432643624,124.42642844212858,-1.756605192811629,ESTIMA,0.0,450.0,0,140.0,217.132,232.868,15.574,124.426,-20.0,0.0
1779200276.8132849,222.17,129.77,-1.756,222.17,129.77,-1.756,VISION,0.0,450.0,0,140.0,222.17,227.83,10.23,129.77,-20.0,0.0
1779200276.863571,222.17,129.77,-1.756,222.17,129.77,-1.756,VISION,0.0,450.0,0,140.0,222.17,227.83,10.23,129.77,-20.0,0.0
1779200276.9138663,222.17,129.77,-1.756,220.539259373923,121.06578369542117,-1.756,VISION,0.0,450.0,0,140.0,222.17,227.83,10.23,129.77,-20.0,0.0
1779200276.9641325,222.17,129.77,-1.756,220.539259373923,121.06578369542117,-1.756,VISION,0.0,450.0,0,140.0,222.17,227.83,10.23,129.77,-20.0,0.0
1779200277.0142994,222.17,129.77,-1.756,219.9120033227304,117.71775135929761,-1.599852424603804,VISION,0.0,450.0,0,140.0,222.17,227.83,10.23,129.77,-20.0,0.0
1779200277.0645814,222.17,129.77,-1.756,219.9120033227304,117.71775135929761,-1.599852424603804,VISION,0.0,450.0,0,140.0,222.17,227.83,10.23,129.77,-20.0,0.0
1779200277.1148884,222.17,129.77,-1.756,219.72582832182255,111.31212160091049,-1.5533309385187672,VISION,0.0,450.0,0,140.0,222.17,227.83,10.23,129.77,-20.0,0.0
1779200277.1651921,222.17,129.77,-1.756,219.72582832182255,111.31212160091049,-1.5533309385187672,VISION,0.0,450.0,0,140.0,222.17,227.83,10.23,129.77,0.0,0.0
1779200277.2155259,222.17,129.77,-1.756,219.80757258856013,106.63223968102096,-1.3694973600278102,VISION,0.0,450.0,0,140.0,222.17,227.83,10.23,129.77,0.0,0.0
1779200277.265816,222.17,129.77,-1.756,219.80757258856013,106.63223968102096,-1.3694973600278102,VISION,0.0,450.0,0,140.0,222.17,227.83,10.23,129.77,0.0,0.0
1779200277.3160737,220.10300687655322,105.18447761301871,-1.3689620850904833,220.10300687655322,105.18447761301871,-1.3689620850904833,ESTIMA,0.0,450.0,0,140.0,220.103,229.897,34.816,105.184,0.0,0.0
1779200277.3663325,226.44,129.02,-1.815,226.44,129.02,-1.815,VISION,0.0,450.0,0,140.0,226.44,223.56,10.98,129.02,0.0,0.0
1779200277.4167163,226.44,129.02,-1.815,226.43894532217513,129.01576735028954,-1.8156016650521052,VISION,0.0,450.0,0,140.0,226.44,223.56,10.98,129.02,0.0,0.0
1779200277.4669595,226.44,129.02,-1.815,226.43894532217513,129.01576735028954,-1.8156016650521052,VISION,0.0,450.0,0,140.0,226.44,223.56,10.98,129.02,0.0,0.0
1779200277.5172718,226.44,129.02,-1.815,226.43894532217513,129.01576735028954,-1.815601665052104,VISION,0.0,450.0,0,140.0,226.44,223.56,10.98,129.02,0.0,0.0
1779200277.5674615,226.44,129.02,-1.815,226.43894532217513,129.01576735028954,-1.815601665052104,VISION,0.0,450.0,0,140.0,226.44,223.56,10.98,129.02,0.0,0.0
1779200278.269904,224.46,128.97,-1.984,223.65390994584942,123.12835488332905,-1.1461470169016694,VISION,0.0,450.0,0,140.0,224.46,225.54,11.03,128.97,30.0,0.0
1779200278.3201869,224.46,128.97,-1.984,224.67488911511631,120.87035418554646,-0.8043405098236485,VISION,0.0,450.0,0,140.0,224.46,225.54,11.03,128.97,30.0,0.0
1779200278.370574,224.46,128.97,-1.984,224.67488911511631,120.87035418554646,-0.8043405098236485,VISION,0.0,450.0,0,140.0,224.46,225.54,11.03,128.97,30.0,0.0
1779200278.4209435,224.46,128.97,-1.984,225.32949437167053,120.19046749641721,-0.793760570992601,VISION,0.0,450.0,0,140.0,224.46,225.54,11.03,128.97,30.0,0.0
1779200278.4712758,225.32949437167053,120.19046749641721,-0.793760570992601,225.32949437167053,120.19046749641721,-0.793760570992601,ESTIMA,0.0,450.0,0,140.0,225.329,224.671,19.81,120.19,30.0,0.0
1779200278.5215414,227.19329005746758,118.29523656512956,-0.7708454338419849,227.19329005746758,118.29523656512956,-0.7708454338419849,ESTIMA,0.0,450.0,0,140.0,227.193,222.807,21.705,118.295,0.0,0.0
1779200278.5718932,223.99,128.99,-2.048,223.99,128.99,-2.048,VISION,0.0,450.0,0,140.0,223.99,226.01,11.01,128.99,0.0,0.0
1779200278.6221042,223.99,128.99,-2.048,222.519207694239,126.14548046807148,-2.0330502085382265,VISION,0.0,450.0,0,140.0,223.99,226.01,11.01,128.99,0.0,0.0
1779200278.6723838,223.99,128.99,-2.048,222.519207694239,126.14548046807148,-2.0330502085382265,VISION,0.0,450.0,0,140.0,223.99,226.01,11.01,128.99,0.0,0.0
1779200278.722725,223.99,128.99,-2.048,222.519207694239,126.14548046807148,-2.0330502085382265,VISION,0.0,450.0,0,140.0,223.99,226.01,11.01,128.99,0.0,0.0
1779200278.77305,223.99,128.99,-2.048,221.11717347204743,123.33161444047002,-2.0162793565504344,VISION,0.0,450.0,0,140.0,223.99,226.01,11.01,128.99,0.0,0.0
1779200278.8233242,223.99,128.99,-2.048,220.6597761846419,122.37370671286959,-2.0300466888587914,VISION,0.0,450.0,0,140.0,223.99,226.01,11.01,128.99,0.0,0.0
1779200278.8735247,223.99,128.99,-2.048,220.6597761846419,122.37370671286959,-2.0300466888587914,VISION,0.0,450.0,0,140.0,223.99,226.01,11.01,128.99,0.0,0.0
1779200278.9237697,223.99,128.99,-2.048,219.93917018176535,120.91651061943922,-2.138049886256135,VISION,0.0,450.0,0,140.0,223.99,226.01,11.01,128.99,0.0,0.0
1779200278.9739468,223.99,128.99,-2.048,219.93917018176535,120.91651061943922,-2.138049886256135,VISION,0.0,450.0,0,140.0,223.99,226.01,11.01,128.99,0.0,0.0
1779200279.0241382,223.99,128.99,-2.048,219.93917018176535,120.91651061943922,-2.138049886256135,VISION,0.0,450.0,0,140.0,223.99,226.01,11.01,128.99,-20.0,0.0
1779200279.0743575,219.71408071124293,120.56320772775508,-2.1958310064050064,219.71408071124293,120.56320772775508,-2.1958310064050064,ESTIMA,0.0,450.0,0,140.0,219.714,230.286,19.437,120.563,-20.0,0.0
1779200279.12455,227.08,127.6,-2.03,225.60022141950782,124.60726755797148,-2.03,VISION,0.0,450.0,0,140.0,227.08,222.92,12.4,127.6,-20.0,0.0
1779200279.174749,227.08,127.6,-2.03,227.08,127.6,-2.03,VISION,0.0,450.0,0,140.0,227.08,222.92,12.4,127.6,-20.0,0.0
1779200279.2249453,227.08,127.6,-2.03,227.08,127.6,-2.03,VISION,0.0,450.0,0,140.0,227.08,222.92,12.4,127.6,-20.0,0.0
1779200279.2751224,227.08,127.6,-2.03,224.35834195057953,122.09566681935652,-1.8182604007063239,VISION,0.0,450.0,0,140.0,227.08,222.92,12.4,127.6,-20.0,0.0
1779200279.325354,227.08,127.6,-2.03,224.35834195057953,122.09566681935652,-1.8182604007063239,VISION,0.0,450.0,0,140.0,227.08,222.92,12.4,127.6,-20.0,0.0
1779200279.375578,227.08,127.6,-2.03,222.80842343658375,115.96083538590477,-1.8182604007063239,VISION,0.0,450.0,0,140.0,227.08,222.92,12.4,127.6,-20.0,0.0
1779200279.4257994,227.08,127.6,-2.03,221.36382521088973,110.24287891034228,-1.8182604007063239,VISION,0.0,450.0,0,140.0,227.08,222.92,12.4,127.6,-20.0,0.0
1779200279.475993,227.08,127.6,-2.03,221.36382521088973,110.24287891034228,-1.8182604007063239,VISION,0.0,450.0,0,140.0,227.08,222.92,12.4,127.6,-20.0,0.0
1779200279.5261872,227.08,127.6,-2.03,221.36382521088973,110.24287891034228,-1.8182604007063239,VISION,0.0,450.0,0,140.0,227.08,222.92,12.4,127.6,0.0,0.0
1779200279.5763607,227.08,127.6,-2.03,219.70715941787466,103.68552425592803,-1.7146069171510891,VISION,0.0,450.0,0,140.0,227.08,222.92,12.4,127.6,0.0,0.0
1779200279.6266015,227.08,127.6,-2.03,219.15537767465062,99.87514702249108,-1.8031154639145421,VISION,0.0,450.0,0,140.0,227.08,222.92,12.4,127.6,0.0,0.0
1779200279.6768146,219.15537767465062,99.87514702249108,-1.8031154639145421,219.15537767465062,99.87514702249108,-1.8031154639145421,ESTIMA,0.0,450.0,0,140.0,219.155,230.845,40.125,99.875,0.0,0.0
1779200279.7270114,232.87,124.93,-2.04,232.87,124.93,-2.04,VISION,0.0,450.0,0,140.0,232.87,217.13,15.07,124.93,0.0,0.0
1779200279.7771943,232.87,124.93,-2.04,231.96203622941294,123.13901903103445,-1.9023876611239203,VISION,0.0,450.0,0,140.0,232.87,217.13,15.07,124.93,0.0,0.0
1779200279.827405,232.87,124.93,-2.04,231.96203622941294,123.13901903103445,-1.9023876611239197,VISION,0.0,450.0,0,140.0,232.87,217.13,15.07,124.93,0.0,0.0
1779200279.8776207,232.87,124.93,-2.04,231.96203622941294,123.13901903103445,-1.9023876611239197,VISION,0.0,450.0,0,140.0,232.87,217.13,15.07,124.93,0.0,0.0
1779200279.9277942,232.87,124.93,-2.04,231.96203622941294,123.13901903103445,-1.9023876611239185,VISION,0.0,450.0,0,140.0,232.87,217.13,15.07,124.93,0.0,0.0
1779200280.5800784,230.64,125.71,-2.197,228.05130330447236,119.52629255486062,-1.2425353999960003,VISION,0.0,450.0,0,140.0,230.64,219.36,14.29,125.71,30.0,0.0
1779200280.6302853,230.64,125.71,-2.197,228.05130330447236,119.52629255486062,-1.2425353999960003,VISION,0.0,450.0,0,140.0,230.64,219.36,14.29,125.71,30.0,0.0
1779200280.680509,230.64,125.71,-2.197,228.167704338215,119.18452252327215,-1.1927356191564351,VISION,0.0,450.0,0,140.0,230.64,219.36,14.29,125.71,30.0,0.0
1779200280.7307932,230.64,125.71,-2.197,228.167704338215,119.18452252327215,-1.1927356191564351,VISION,0.0,450.0,0,140.0,230.64,219.36,14.29,125.71,30.0,0.0
1779200280.7810097,230.64,125.71,-2.197,228.5775110811858,118.15269462444088,-1.1650099867623158,VISION,0.0,450.0,0,140.0,230.64,219.36,14.29,125.71,30.0,0.0
1779200280.831286,228.5775110811858,118.15269462444088,-1.1650099867623158,228.5775110811858,118.15269462444088,-1.1650099867623158,ESTIMA,0.0,450.0,0,140.0,228.578,221.422,21.847,118.153,30.0,0.0
1779200280.8815405,230.12,125.83,-2.248,230.12,125.83,-2.248,VISION,3.44,419.11,-6.98,158.63,226.68,188.99,32.8,132.81,30.0,0.0
1779200280.9318123,230.12,125.83,-2.248,230.12,125.83,-2.248,VISION,3.44,419.11,-6.98,158.63,226.68,188.99,32.8,132.81,30.0,0.0
1779200280.981993,230.12,125.83,-2.248,230.12,125.83,-2.248,VISION,3.44,419.11,-6.98,158.63,226.68,188.99,32.8,132.81,30.0,0.0
1779200281.0321512,230.12,125.83,-2.248,227.95786836165192,123.1409382726714,-2.2151436878453,VISION,3.44,419.11,-6.98,158.63,226.68,188.99,32.8,132.81,30.0,0.0
1779200281.08235,230.12,125.83,-2.248,226.24678750147072,120.86351483239794,-2.196494757568576,VISION,3.44,419.11,-6.98,158.63,226.68,188.99,32.8,132.81,30.0,0.0
1779200281.132604,230.12,125.83,-2.248,226.24678750147072,120.86351483239794,-2.196494757568576,VISION,3.44,419.11,-6.98,158.63,226.68,188.99,32.8,132.81,30.0,0.0
1779200281.1829011,230.12,125.83,-2.248,224.34443301047693,118.23066939219845,-2.176601500904374,VISION,3.44,419.11,-6.98,158.63,226.68,188.99,32.8,132.81,30.0,0.0
1779200281.2330675,230.12,125.83,-2.248,224.34443301047693,118.23066939219845,-2.176601500904374,VISION,3.44,419.11,-6.98,158.63,226.68,188.99,32.8,132.81,30.0,0.0
1779200281.2833667,230.12,125.83,-2.248,224.34443301047693,118.23066939219845,-2.176601500904374,VISION,3.44,419.11,-6.98,158.63,226.68,188.99,32.8,132.81,30.0,0.0
1779200281.3337245,230.12,125.83,-2.248,222.23771224243086,115.1893215434839,-2.1617589459364455,VISION,3.44,419.11,-6.98,158.63,226.68,188.99,32.8,132.81,30.0,0.0
1779200281.3839765,222.23771224243086,115.1893215434839,-2.1617589459364455,222.23771224243086,115.1893215434839,-2.1617589459364455,ESTIMA,3.44,419.11,-6.98,158.63,218.798,196.872,43.441,122.169,30.0,0.0
1779200281.4342623,220.2942513657137,112.29274383007309,-2.1421704161499324,220.2942513657137,112.29274383007309,-2.1421704161499324,ESTIMA,3.44,419.11,-6.98,158.63,216.854,198.816,46.337,119.273,30.0,0.0
1779200281.4845228,232.43,124.15,-2.213,232.43,124.15,-2.213,VISION,3.44,419.11,-6.98,158.63,228.99,186.68,34.48,131.13,30.0,0.0
1779200281.534775,232.43,124.15,-2.213,229.8688698073003,120.72591346077691,-2.181398116725107,VISION,3.44,419.11,-6.98,158.63,228.99,186.68,34.48,131.13,30.0,0.0
1779200281.584961,232.43,124.15,-2.213,228.80665677644532,119.20806511982987,-2.1702986745097195,VISION,3.44,419.11,-6.98,158.63,228.99,186.68,34.48,131.13,30.0,0.0
1779200281.6351323,232.43,124.15,-2.213,228.80665677644532,119.20806511982987,-2.1702986745097195,VISION,3.44,419.11,-6.98,158.63,228.99,186.68,34.48,131.13,30.0,0.0
1779200281.6853092,232.43,124.15,-2.213,228.80665677644532,119.20806511982987,-2.1702986745097195,VISION,3.44,419.11,-6.98,158.63,228.99,186.68,34.48,131.13,30.0,0.0
1779200281.735519,232.43,124.15,-2.213,226.9238601651468,116.45304792114847,-2.144403668119044,VISION,3.44,419.11,-6.98,158.63,228.99,186.68,34.48,131.13,30.0,0.0
1779200281.7856884,232.43,124.15,-2.213,226.9238601651468,116.45304792114847,-2.144403668119044,VISION,3.44,419.11,-6.98,158.63,228.99,186.68,34.48,131.13,30.0,0.0
1779200281.8359094,232.43,124.15,-2.213,224.9996876796687,113.47477432539274,-2.1277883647178117,VISION,3.44,419.11,-6.98,158.63,228.99,186.68,34.48,131.13,30.0,0.0
1779200281.8861346,232.43,124.15,-2.213,224.9996876796687,113.47477432539274,-2.1277883647178117,VISION,3.44,419.11,-6.98,158.63,228.99,186.68,34.48,131.13,30.0,0.0
1779200281.9363484,232.43,124.15,-2.213,223.02701397595698,110.30717983083264,-2.121039597315563,VISION,3.44,419.11,-6.98,158.63,228.99,186.68,34.48,131.13,30.0,0.0
1779200281.9866734,223.02701397595698,110.30717983083264,-2.121039597315563,223.02701397595698,110.30717983083264,-2.121039597315563,ESTIMA,3.44,419.11,-6.98,158.63,219.587,196.083,48.323,117.287,30.0,0.0
1779200282.03693,221.18860331269718,107.31029223425021,-2.11090067821689,221.18860331269718,107.31029223425021,-2.11090067821689,ESTIMA,3.44,419.11,-6.98,158.63,217.749,197.921,51.32,114.29,30.0,0.0
1779200282.0875037,246.68,115.49,-2.113,246.68,115.49,-2.113,VISION,3.44,419.11,-6.98,158.63,243.24,172.43,43.14,122.47,30.0,0.0
1779200282.1378555,246.68,115.49,-2.113,244.96809132082666,112.64832329250035,-2.09331319587678,VISION,3.44,419.11,-6.98,158.63,243.24,172.43,43.14,122.47,30.0,0.0
1779200282.1882198,246.68,115.49,-2.113,244.96809132082666,112.64832329250035,-2.09331319587678,VISION,3.44,419.11,-6.98,158.63,243.24,172.43,43.14,122.47,30.0,0.0
1779200282.2385747,246.68,115.49,-2.113,244.96809132082666,112.64832329250035,-2.09331319587678,VISION,3.44,419.11,-6.98,158.63,243.24,172.43,43.14,122.47,30.0,0.0
1779200282.2889943,246.68,115.49,-2.113,242.7551315859199,108.80576975061761,-2.0700938836398666,VISION,3.44,419.11,-6.98,158.63,243.24,172.43,43.14,122.47,30.0,0.0
1779200282.339428,246.68,115.49,-2.113,241.55384117496328,106.60314640132641,-2.0479584213730497,VISION,3.44,419.11,-6.98,158.63,243.24,172.43,43.14,122.47,30.0,0.0
1779200282.3898604,246.68,115.49,-2.113,241.55384117496328,106.60314640132641,-2.0479584213730497,VISION,3.44,419.11,-6.98,158.63,243.24,172.43,43.14,122.47,30.0,0.0
1779200282.4401655,246.68,115.49,-2.113,239.8892590331869,103.3835082635565,-2.0274478205593636,VISION,3.44,419.11,-6.98,158.63,243.24,172.43,43.14,122.47,30.0,0.0
1779200282.4905398,246.68,115.49,-2.113,239.8892590331869,103.3835082635565,-2.0274478205593636,VISION,3.44,419.11,-6.98,158.63,243.24,172.43,43.14,122.47,30.0,0.0
1779200282.5410318,246.68,115.49,-2.113,238.32743106211456,100.20444246761593,-2.014959108961816,VISION,3.44,419.11,-6.98,158.63,243.24,172.43,43.14,122.47,30.0,0.0
1779200282.5913222,238.32743106211456,100.20444246761593,-2.014959108961816,238.32743106211456,100.20444246761593,-2.014959108961816,ESTIMA,3.44,419.11,-6.98,158.63,234.887,180.783,58.426,107.184,30.0,0.0
1779200282.6416483,262.2,107.5,-2.013,262.2,107.5,-2.013,VISION,3.44,419.11,-6.98,158.63,258.76,156.91,51.13,114.48,30.0,0.0
1779200282.6920395,262.2,107.5,-2.013,260.4701036206325,103.8463860170452,-1.999609175748716,VISION,3.44,419.11,-6.98,158.63,258.76,156.91,51.13,114.48,30.0,0.0
1779200282.7422838,262.2,107.5,-2.013,260.4701036206325,103.8463860170452,-1.999609175748716,VISION,3.44,419.11,-6.98,158.63,258.76,156.91,51.13,114.48,30.0,0.0
1779200282.792608,262.2,107.5,-2.013,258.9512849076685,100.52427602191725,-1.972849124187317,VISION,3.44,419.11,-6.98,158.63,258.76,156.91,51.13,114.48,30.0,0.0
1779200282.8428347,262.2,107.5,-2.013,257.74339878354425,97.68362850817721,-1.9545552437508862,VISION,3.44,419.11,-6.98,158.63,258.76,156.91,51.13,114.48,30.0,0.0
1779200282.8931117,262.2,107.5,-2.013,257.74339878354425,97.68362850817721,-1.9545552437508862,VISION,3.44,419.11,-6.98,158.63,258.76,156.91,51.13,114.48,30.0,0.0
1779200282.9432874,262.2,107.5,-2.013,257.74339878354425,97.68362850817721,-1.9545552437508862,VISION,3.44,419.11,-6.98,158.63,258.76,156.91,51.13,114.48,30.0,0.0
1779200282.9936285,262.2,107.5,-2.013,255.8671971421302,93.03701025748813,-1.916380922289515,VISION,3.44,419.11,-6.98,158.63,258.76,156.91,51.13,114.48,30.0,0.0
1779200283.043945,262.2,107.5,-2.013,255.8671971421302,93.03701025748813,-1.916380922289515,VISION,3.44,419.11,-6.98,158.63,258.76,156.91,51.13,114.48,30.0,0.0
1779200283.0942075,262.2,107.5,-2.013,255.11640732414384,90.95167284130365,-1.9052033603234622,VISION,3.44,419.11,-6.98,158.63,258.76,156.91,51.13,114.48,30.0,0.0
1779200283.1445084,255.11640732414384,90.95167284130365,-1.9052033603234622,255.11640732414384,90.95167284130365,-1.9052033603234622,ESTIMA,3.44,419.11,-6.98,158.63,251.676,163.994,67.678,97.932,30.0,0.0
1779200283.1948092,254.000311562873,87.73948368247584,-1.8978088674101674,254.000311562873,87.73948368247584,-1.8978088674101674,ESTIMA,3.44,419.11,-6.98,158.63,250.56,165.11,70.891,94.719,30.0,0.0
1779200283.2450368,278.93,100.73,-1.899,278.93,100.73,-1.899,VISION,3.44,419.11,-6.98,158.63,275.49,140.18,57.9,107.71,30.0,0.0
1779200283.295286,278.93,100.73,-1.899,277.31587921963387,95.98982198617382,-1.8862017501536221,VISION,3.44,419.11,-6.98,158.63,275.49,140.18,57.9,107.71,30.0,0.0
1779200283.3456247,278.93,100.73,-1.899,277.31587921963387,95.98982198617382,-1.8862017501536221,VISION,3.44,419.11,-6.98,158.63,275.49,140.18,57.9,107.71,30.0,0.0
1779200283.3959317,278.93,100.73,-1.899,276.6574535759947,93.97195581081073,-1.8716555872475884,VISION,3.44,419.11,-6.98,158.63,275.49,140.18,57.9,107.71,30.0,0.0
1779200283.4461997,278.93,100.73,-1.899,276.6574535759947,93.97195581081073,-1.8716555872475884,VISION,3.44,419.11,-6.98,158.63,275.49,140.18,57.9,107.71,30.0,0.0
1779200283.496419,278.93,100.73,-1.899,275.5240483665464,90.31908556517331,-1.849880338481722,VISION,3.44,419.11,-6.98,158.63,275.49,140.18,57.9,107.71,30.0,0.0
1779200283.5479646,278.93,100.73,-1.899,275.5240483665464,90.31908556517331,-1.849880338481722,VISION,3.44,419.11,-6.98,158.63,275.49,140.18,57.9,107.71,30.0,0.0
1779200283.5981581,278.93,100.73,-1.899,274.49943220386456,86.74354834612167,-1.8261116423537649,VISION,3.44,419.11,-6.98,158.63,275.49,140.18,57.9,107.71,30.0,0.0
1779200283.6484733,278.93,100.73,-1.899,274.49943220386456,86.74354834612167,-1.8261116423537649,VISION,3.44,419.11,-6.98,158.63,275.49,140.18,57.9,107.71,30.0,0.0
1779200283.698747,278.93,100.73,-1.899,273.60283698055156,83.30846949926197,-1.8144309547724828,VISION,3.44,419.11,-6.98,158.63,275.49,140.18,57.9,107.71,30.0,0.0
1779200283.749022,273.60283698055156,83.30846949926197,-1.8144309547724828,273.60283698055156,83.30846949926197,-1.8144309547724828,ESTIMA,3.44,419.11,-6.98,158.63,270.163,145.507,75.322,90.288,30.0,0.0
1779200283.7994206,296.82,95.52,-1.769,296.82,95.52,-1.769,VISION,3.44,419.11,-6.98,158.63,293.38,122.29,63.11,102.5,30.0,0.0
1779200283.7994587,296.82,95.52,-1.769,296.82,95.52,-1.769,VISION,3.44,419.11,-6.98,158.63,293.38,122.29,63.11,102.5,30.0,0.0
1779200283.8499074,296.82,95.52,-1.769,296.82,95.52,-1.769,VISION,3.44,419.11,-6.98,158.63,293.38,122.29,63.11,102.5,30.0,0.0
1779200283.9001923,296.82,95.52,-1.769,296.1944752828921,92.4054663932026,-1.7600649243277804,VISION,3.44,419.11,-6.98,158.63,293.38,122.29,63.11,102.5,30.0,0.0
1779200283.9505117,296.82,95.52,-1.769,296.1944752828921,92.4054663932026,-1.7600649243277804,VISION,3.44,419.11,-6.98,158.63,293.38,122.29,63.11,102.5,30.0,0.0
1779200284.000766,296.82,95.52,-1.769,296.1944752828921,92.4054663932026,-1.7600649243277804,VISION,3.44,419.11,-6.98,158.63,293.38,122.29,63.11,102.5,30.0,0.0
1779200284.0510352,296.82,95.52,-1.769,295.07101507973573,86.54071660836925,-1.7226207575725134,VISION,3.44,419.11,-6.98,158.63,293.38,122.29,63.11,102.5,30.0,0.0
1779200284.1013434,296.82,95.52,-1.769,294.7965296205963,84.74671556260188,-1.7133845580924596,VISION,3.44,419.11,-6.98,158.63,293.38,122.29,63.11,102.5,30.0,0.0
1779200284.1516173,296.82,95.52,-1.769,294.7965296205963,84.74671556260188,-1.7133845580924596,VISION,3.44,419.11,-6.98,158.63,293.38,122.29,63.11,102.5,30.0,0.0
1779200284.2018793,296.82,95.52,-1.769,294.3533849582949,81.65994375330865,-1.694797448388518,VISION,3.44,419.11,-6.98,158.63,293.38,122.29,63.11,102.5,30.0,0.0
1779200284.252153,296.82,95.52,-1.769,294.3533849582949,81.65994375330865,-1.694797448388518,VISION,3.44,419.11,-6.98,158.63,293.38,122.29,63.11,102.5,30.0,0.0
1779200284.3024087,296.82,95.52,-1.769,293.90927058332665,78.09678434713713,-1.6863282173890448,VISION,3.44,419.11,-6.98,158.63,293.38,122.29,63.11,102.5,30.0,0.0
1779200284.352803,293.90927058332665,78.09678434713713,-1.6863282173890448,293.90927058332665,78.09678434713713,-1.6863282173890448,ESTIMA,3.44,419.11,-6.98,158.63,290.469,125.201,80.533,85.077,30.0,0.0
1779200284.4030323,315.18,92.0,-1.661,314.8348687211337,88.18424969177242,-1.661175982777713,VISION,3.44,419.11,-6.98,158.63,311.74,103.93,66.63,98.98,30.0,0.0
1779200284.453394,315.18,92.0,-1.661,315.18,92.0,-1.661,VISION,3.44,419.11,-6.98,158.63,311.74,103.93,66.63,98.98,30.0,0.0
1779200284.5037103,315.18,92.0,-1.661,314.8451776746174,88.29822485091164,-1.6522769082263011,VISION,3.44,419.11,-6.98,158.63,311.74,103.93,66.63,98.98,30.0,0.0
1779200284.5540452,315.18,92.0,-1.661,314.8451776746174,88.29822485091164,-1.6522769082263011,VISION,3.44,419.11,-6.98,158.63,311.74,103.93,66.63,98.98,30.0,0.0
1779200284.6043153,315.18,92.0,-1.661,314.8451776746174,88.29822485091164,-1.6522769082263011,VISION,3.44,419.11,-6.98,158.63,311.74,103.93,66.63,98.98,30.0,0.0
1779200284.6545448,315.18,92.0,-1.661,314.55623772560097,84.7599556283803,-1.6326868250626394,VISION,3.44,419.11,-6.98,158.63,311.74,103.93,66.63,98.98,30.0,0.0
1779200284.70476,315.18,92.0,-1.661,314.55623772560097,84.7599556283803,-1.6326868250626394,VISION,3.44,419.11,-6.98,158.63,311.74,103.93,66.63,98.98,30.0,0.0
1779200284.7549496,315.18,92.0,-1.661,314.31244390827624,80.82587097999281,-1.6214835312514149,VISION,3.44,419.11,-6.98,158.63,311.74,103.93,66.63,98.98,30.0,0.0
1779200284.8052204,315.18,92.0,-1.661,314.16006763344984,77.82223802308549,-1.6104087166691365,VISION,3.44,419.11,-6.98,158.63,311.74,103.93,66.63,98.98,30.0,0.0
1779200284.8555481,315.18,92.0,-1.661,314.16006763344984,77.82223802308549,-1.6104087166691365,VISION,3.44,419.11,-6.98,158.63,311.74,103.93,66.63,98.98,30.0,0.0
1779200284.905836,315.18,92.0,-1.661,314.16006763344984,77.82223802308549,-1.6104087166691365,VISION,3.44,419.11,-6.98,158.63,311.74,103.93,66.63,98.98,30.0,0.0
1779200284.9560819,314.00440219723885,73.89457781817181,-1.610413676886106,314.00440219723885,73.89457781817181,-1.610413676886106,ESTIMA,3.44,419.11,-6.98,158.63,310.564,105.106,84.735,80.875,30.0,0.0
1779200285.0063064,333.94,90.21,-1.563,333.94,90.21,-1.563,VISION,3.44,419.11,-6.98,158.63,330.5,85.17,68.42,97.19,30.0,0.0
1779200285.0566413,333.94,90.21,-1.563,333.97895905709544,85.21299708164351,-1.5643036453351638,VISION,3.44,419.11,-6.98,158.63,330.5,85.17,68.42,97.19,30.0,0.0
1779200285.1068697,333.94,90.21,-1.563,333.97895905709544,85.21299708164351,-1.5643036453351638,VISION,3.44,419.11,-6.98,158.63,330.5,85.17,68.42,97.19,30.0,0.0
1779200285.1571455,333.94,90.21,-1.563,333.99243573952003,83.13735342990897,-1.558832690751101,VISION,3.44,419.11,-6.98,158.63,330.5,85.17,68.42,97.19,30.0,0.0
1779200285.2074797,333.94,90.21,-1.563,333.99243573952003,83.13735342990897,-1.558832690751101,VISION,3.44,419.11,-6.98,158.63,330.5,85.17,68.42,97.19,30.0,0.0
1779200285.2576709,333.94,90.21,-1.563,334.0362267067805,79.47718875808114,-1.5404197559202457,VISION,3.44,419.11,-6.98,158.63,330.5,85.17,68.42,97.19,30.0,0.0
1779200285.3080955,333.94,90.21,-1.563,334.0362267067805,79.47718875808114,-1.5404197559202457,VISION,3.44,419.11,-6.98,158.63,330.5,85.17,68.42,97.19,30.0,0.0
1779200285.358471,333.94,90.21,-1.563,334.14849073005485,75.78258176664689,-1.5279613334439859,VISION,3.44,419.11,-6.98,158.63,330.5,85.17,68.42,97.19,30.0,0.0
1779200285.4087484,333.94,90.21,-1.563,334.14849073005485,75.78258176664689,-1.5279613334439859,VISION,3.44,419.11,-6.98,158.63,330.5,85.17,68.42,97.19,30.0,0.0
1779200285.458976,333.94,90.21,-1.563,334.30191087275824,72.2031182113821,-1.5192960754160931,VISION,3.44,419.11,-6.98,158.63,330.5,85.17,68.42,97.19,30.0,0.0
1779200285.5092523,334.30191087275824,72.2031182113821,-1.5192960754160931,334.30191087275824,72.2031182113821,-1.5192960754160931,ESTIMA,3.44,419.11,-6.98,158.63,330.862,84.808,86.427,79.183,30.0,0.0
1779200285.5595293,352.61,89.46,-1.487,352.61,89.46,-1.487,VISION,3.44,419.11,-6.98,158.63,349.17,66.5,69.17,96.44,30.0,0.0
1779200285.6098254,352.61,89.46,-1.487,352.61,89.46,-1.487,VISION,3.44,419.11,-6.98,158.63,349.17,66.5,69.17,96.44,30.0,0.0
1779200285.6600165,352.61,89.46,-1.487,352.93313746707594,85.61280541606749,-1.4889774879651052,VISION,3.44,419.11,-6.98,158.63,349.17,66.5,69.17,96.44,30.0,0.0
1779200285.7102618,352.61,89.46,-1.487,352.93313746707594,85.61280541606749,-1.4889774879651052,VISION,3.44,419.11,-6.98,158.63,349.17,66.5,69.17,96.44,30.0,0.0
1779200285.760431,352.61,89.46,-1.487,353.24565257809496,81.80173396737489,-1.4803994333032557,VISION,3.44,419.11,-6.98,158.63,349.17,66.5,69.17,96.44,30.0,0.0
1779200285.8105857,352.61,89.46,-1.487,353.24565257809496,81.80173396737489,-1.4803994333032557,VISION,3.44,419.11,-6.98,158.63,349.17,66.5,69.17,96.44,30.0,0.0
1779200285.8608723,352.61,89.46,-1.487,353.5642782244872,78.28659901812199,-1.4685017301927332,VISION,3.44,419.11,-6.98,158.63,349.17,66.5,69.17,96.44,30.0,0.0
1779200285.911216,352.61,89.46,-1.487,353.5642782244872,78.28659901812199,-1.4685017301927332,VISION,3.44,419.11,-6.98,158.63,349.17,66.5,69.17,96.44,30.0,0.0
1779200285.961497,352.61,89.46,-1.487,353.5642782244872,78.28659901812199,-1.4685017301927332,VISION,3.44,419.11,-6.98,158.63,349.17,66.5,69.17,96.44,30.0,0.0
1779200286.0117297,352.61,89.46,-1.487,354.00091107821925,74.0331115181587,-1.4600166529933893,VISION,3.44,419.11,-6.98,158.63,349.17,66.5,69.17,96.44,30.0,0.0
1779200286.062076,352.61,89.46,-1.487,354.3411473109317,70.97439801413553,-1.4603348023126195,VISION,3.44,419.11,-6.98,158.63,349.17,66.5,69.17,96.44,30.0,0.0
1779200286.1123784,354.3411473109317,70.97439801413553,-1.4603348023126195,354.3411473109317,70.97439801413553,-1.4603348023126195,ESTIMA,3.44,419.11,-6.98,158.63,350.901,64.769,87.656,77.954,30.0,0.0
1779200286.1627285,371.27,89.41,-1.432,371.27,89.41,-1.432,VISION,3.44,419.11,-6.98,158.63,367.83,47.84,69.22,96.39,30.0,0.0
1779200286.2129562,371.27,89.41,-1.432,371.8164169272142,85.49848718590493,-1.4380149160982227,VISION,3.44,419.11,-6.98,158.63,367.83,47.84,69.22,96.39,30.0,0.0
1779200286.2632875,371.27,89.41,-1.432,371.8164169272142,85.49848718590493,-1.4380149160982227,VISION,3.44,419.11,-6.98,158.63,367.83,47.84,69.22,96.39,30.0,0.0
1779200286.313562,371.27,89.41,-1.432,372.3052496459043,81.83866402511927,-1.4394888587484251,VISION,3.44,419.11,-6.98,158.63,367.83,47.84,69.22,96.39,30.0,0.0
1779200286.3639264,371.27,89.41,-1.432,372.3052496459043,81.83866402511927,-1.4394888587484251,VISION,3.44,419.11,-6.98,158.63,367.83,47.84,69.22,96.39,30.0,0.0
1779200286.4142077,371.27,89.41,-1.432,372.7507793072304,78.46516087108586,-1.4299953472322426,VISION,3.44,419.11,-6.98,158.63,367.83,47.84,69.22,96.39,30.0,0.0
1779200286.464601,371.27,89.41,-1.432,372.7507793072304,78.46516087108586,-1.4299953472322426,VISION,3.44,419.11,-6.98,158.63,367.83,47.84,69.22,96.39,30.0,0.0
1779200286.5149074,371.27,89.41,-1.432,373.5055559307024,73.1400400742811,-1.4247523409778717,VISION,3.44,419.11,-6.98,158.63,367.83,47.84,69.22,96.39,30.0,0.0
1779200286.5652585,371.27,89.41,-1.432,373.5055559307024,73.1400400742811,-1.4247523409778717,VISION,3.44,419.11,-6.98,158.63,367.83,47.84,69.22,96.39,30.0,0.0
1779200286.6154857,371.27,89.41,-1.432,374.0233340253324,69.61992492769794,-1.4227691368940631,VISION,3.44,419.11,-6.98,158.63,367.83,47.84,69.22,96.39,30.0,0.0
1779200286.6658914,374.0233340253324,69.61992492769794,-1.4227691368940631,374.0233340253324,69.61992492769794,-1.4227691368940631,ESTIMA,3.44,419.11,-6.98,158.63,370.583,45.087,89.01,76.6,30.0,0.0
1779200286.7162194,374.32834936476166,67.57446124377576,-1.4353807471617155,374.32834936476166,67.57446124377576,-1.4353807471617155,ESTIMA,3.44,419.11,-6.98,158.63,370.888,44.782,91.056,74.554,30.0,0.0
1779200286.7664564,389.7,89.84,-1.401,389.7,89.84,-1.401,VISION,3.44,419.11,-6.98,158.63,386.26,29.41,68.79,96.82,30.0,0.0
1779200286.816641,389.7,89.84,-1.401,390.32194083164944,86.21240505849828,-1.5472872197278356,VISION,3.44,419.11,-6.98,158.63,386.26,29.41,68.79,96.82,0.0,0.0
1779200286.8668613,389.7,89.84,-1.401,390.32194083164944,86.21240505849828,-1.5472872197278356,VISION,3.44,419.11,-6.98,158.63,386.26,29.41,68.79,96.82,0.0,0.0
1779200286.9170768,389.7,89.84,-1.401,390.37180161765394,84.09188215353382,-1.6127102542407143,VISION,3.44,419.11,-6.98,158.63,386.26,29.41,68.79,96.82,0.0,0.0
1779200286.967266,389.7,89.84,-1.401,390.37180161765394,84.09188215353382,-1.6127102542407143,VISION,3.44,419.11,-6.98,158.63,386.26,29.41,68.79,96.82,0.0,0.0
1779200287.0175414,389.7,89.84,-1.401,390.26416696755484,81.52539365593945,-1.641174012626277,VISION,3.44,419.11,-6.98,158.63,386.26,29.41,68.79,96.82,0.0,0.0
1779200287.0677626,389.7,89.84,-1.401,390.26416696755484,81.52539365593945,-1.641174012626277,VISION,3.44,419.11,-6.98,158.63,386.26,29.41,68.79,96.82,0.0,0.0
1779200287.1179695,389.7,89.84,-1.401,390.15120818273186,79.92300752709505,-1.659041710280272,VISION,3.44,419.11,-6.98,158.63,386.26,29.41,68.79,96.82,0.0,0.0
1779200287.1681554,389.7,89.84,-1.401,390.15120818273186,79.92300752709505,-1.659041710280272,VISION,3.44,419.11,-6.98,158.63,386.26,29.41,68.79,96.82,0.0,0.0
1779200287.2184043,389.7,89.84,-1.401,390.15120818273186,79.92300752709505,-1.659041710280272,VISION,3.44,419.11,-6.98,158.63,386.26,29.41,68.79,96.82,0.0,0.0
1779200287.2686052,389.75395930314244,75.43305950101482,-2.0486495682796884,389.75395930314244,75.43305950101482,-2.0486495682796884,ESTIMA,3.44,419.11,-6.98,158.63,386.314,29.356,83.197,82.413,0.0,0.0
1779200287.318872,389.75395930314244,75.43305950101482,-2.0486495682796884,389.75395930314244,75.43305950101482,-2.0486495682796884,ESTIMA,3.44,419.11,-6.98,158.63,386.314,29.356,83.197,82.413,-20.0,0.0
1779200287.369163,389.20024512885095,74.36387642872589,-2.214726313937773,389.20024512885095,74.36387642872589,-2.214726313937773,ESTIMA,3.44,419.11,-6.98,158.63,385.76,29.91,84.266,81.344,-20.0,0.0
1779200287.4193666,389.19820356451186,74.36115677372489,-2.2151953708918395,389.19820356451186,74.36115677372489,-2.2151953708918395,ESTIMA,3.44,419.11,-6.98,158.63,385.758,29.912,84.269,81.341,-20.0,0.0
1779200287.4695957,389.19820356451186,74.36115677372489,-2.2151953708918395,389.19820356451186,74.36115677372489,-2.2151953708918395,ESTIMA,3.44,419.11,-6.98,158.63,385.758,29.912,84.269,81.341,-20.0,0.0
1779200287.5198538,386.0314804766491,70.14674852575223,-2.2151953708918395,386.0314804766491,70.14674852575223,-2.2151953708918395,ESTIMA,3.44,419.11,-6.98,158.63,382.591,33.079,88.483,77.127,-20.0,0.0
1779200287.570084,386.0314804766491,70.14674852575223,-2.2151953708918395,386.0314804766491,70.14674852575223,-2.2151953708918395,ESTIMA,3.44,419.11,-6.98,158.63,382.591,33.079,88.483,77.127,-20.0,0.0
1779200287.6202486,381.84829270754216,64.57958633701753,-2.2151953708918395,381.84829270754216,64.57958633701753,-2.2151953708918395,ESTIMA,3.44,419.11,-6.98,158.63,378.408,37.262,94.05,71.56,-20.0,0.0
1779200287.6704588,381.84829270754216,64.57958633701753,-2.2151953708918395,381.84829270754216,64.57958633701753,-2.2151953708918395,ESTIMA,3.44,419.11,-6.98,158.63,378.408,37.262,94.05,71.56,-20.0,0.0
1779200287.7206924,381.84829270754216,64.57958633701753,-2.2151953708918395,381.84829270754216,64.57958633701753,-2.2151953708918395,ESTIMA,3.44,419.11,-6.98,158.63,378.408,37.262,94.05,71.56,-20.0,0.0
1779200287.7709854,377.2529515259519,58.463913055646685,-2.2151953708918395,377.2529515259519,58.463913055646685,-2.2151953708918395,ESTIMA,3.44,419.11,-6.98,158.63,373.813,41.857,100.166,65.444,-20.0,0.0
1779200287.821163,373.6828168886305,53.71262775395179,-2.2151953708918395,373.6828168886305,53.71262775395179,-2.2151953708918395,ESTIMA,3.44,419.11,-6.98,158.63,370.243,45.427,104.917,60.693,0.0,0.0
1779200287.8714347,373.6828168886305,53.71262775395179,-2.2151953708918395,373.6828168886305,53.71262775395179,-2.2151953708918395,ESTIMA,3.44,419.11,-6.98,158.63,370.243,45.427,104.917,60.693,0.0,0.0
1779200287.9218078,373.6828168886305,53.71262775395179,-2.2151953708918395,373.6828168886305,53.71262775395179,-2.2151953708918395,ESTIMA,3.44,419.11,-6.98,158.63,370.243,45.427,104.917,60.693,0.0,0.0
1779200287.9720156,369.2885385566075,47.864537367600974,-2.2151953708918395,369.2885385566075,47.864537367600974,-2.2151953708918395,ESTIMA,3.44,419.11,-6.98,158.63,365.849,49.821,110.765,54.845,0.0,0.0
1779200288.0221944,369.2885385566075,47.864537367600974,-2.2151953708918395,369.2885385566075,47.864537367600974,-2.2151953708918395,ESTIMA,3.44,419.11,-6.98,158.63,365.849,49.821,110.765,54.845,0.0,0.0
1779200288.0723696,366.75017071100353,44.48637069874899,-2.0216559345339085,366.75017071100353,44.48637069874899,-2.0216559345339085,ESTIMA,3.44,419.11,-6.98,158.63,363.31,52.36,114.144,51.466,0.0,0.0
1779200288.1226907,366.75017071100353,44.48637069874899,-2.0216559345339085,366.75017071100353,44.48637069874899,-2.0216559345339085,ESTIMA,3.44,419.11,-6.98,158.63,363.31,52.36,114.144,51.466,0.0,0.0
1779200288.1729095,366.75017071100353,44.48637069874899,-2.021655934533907,366.75017071100353,44.48637069874899,-2.021655934533907,ESTIMA,3.44,419.11,-6.98,158.63,363.31,52.36,114.144,51.466,0.0,0.0
1779200288.22318,366.75017071100353,44.48637069874899,-2.021655934533907,366.75017071100353,44.48637069874899,-2.021655934533907,ESTIMA,3.44,419.11,-6.98,158.63,363.31,52.36,114.144,51.466,0.0,0.0
1779200288.7759507,368.30827217703535,33.601177734594316,-0.3230251444811587,368.30827217703535,33.601177734594316,-0.3230251444811587,ESTIMA,3.44,419.11,-6.98,158.63,364.868,50.802,125.029,40.581,30.0,0.0
1779200288.8262653,368.30827217703535,33.601177734594316,-0.3230251444811587,368.30827217703535,33.601177734594316,-0.3230251444811587,ESTIMA,3.44,419.11,-6.98,158.63,364.868,50.802,125.029,40.581,30.0,0.0
1779200288.876605,369.6662250804177,33.14660280021775,-0.12550547300853016,369.6662250804177,33.14660280021775,-0.12550547300853016,ESTIMA,3.44,419.11,-6.98,158.63,366.226,49.444,125.483,40.127,30.0,0.0
1779200288.9269476,369.6662250804177,33.14660280021775,-0.12550547300853016,369.6662250804177,33.14660280021775,-0.12550547300853016,ESTIMA,3.44,419.11,-6.98,158.63,366.226,49.444,125.483,40.127,30.0,0.0
1779200288.9772336,369.6662250804177,33.14660280021775,-0.12550547300853016,369.6662250804177,33.14660280021775,-0.12550547300853016,ESTIMA,3.44,419.11,-6.98,158.63,366.226,49.444,125.483,40.127,30.0,0.0
1779200289.027574,371.2164088018829,32.95101825427606,-0.10876931123899852,371.2164088018829,32.95101825427606,-0.10876931123899852,ESTIMA,3.44,419.11,-6.98,158.63,367.776,47.894,125.679,39.931,30.0,0.0
1779200289.0778408,372.734809938132,32.78520840651448,-0.09162540117067222,372.734809938132,32.78520840651448,-0.09162540117067222,ESTIMA,3.44,419.11,-6.98,158.63,369.295,46.375,125.845,39.765,30.0,0.0
1779200289.1281614,372.734809938132,32.78520840651448,-0.09162540117067222,372.734809938132,32.78520840651448,-0.09162540117067222,ESTIMA,3.44,419.11,-6.98,158.63,369.295,46.375,125.845,39.765,30.0,0.0
1779200289.1784308,375.65735427108876,32.516677229743735,-0.02931557872580262,375.65735427108876,32.516677229743735,-0.02931557872580262,ESTIMA,3.44,419.11,-6.98,158.63,372.217,43.453,126.113,39.497,30.0,0.0
1779200289.2287562,375.65735427108876,32.516677229743735,-0.02931557872580262,375.65735427108876,32.516677229743735,-0.02931557872580262,ESTIMA,3.44,419.11,-6.98,158.63,372.217,43.453,126.113,39.497,30.0,0.0
1779200289.2789266,378.3660823148634,32.43724654389852,0.022624073588716015,378.3660823148634,32.43724654389852,0.022624073588716015,ESTIMA,3.44,419.11,-6.98,158.63,374.926,40.744,126.193,39.417,30.0,0.0
1779200289.329245,378.3660823148634,32.43724654389852,0.022624073588716015,378.3660823148634,32.43724654389852,0.022624073588716015,ESTIMA,3.44,419.11,-6.98,158.63,374.926,40.744,126.193,39.417,30.0,0.0
1779200289.379638,378.3660823148634,32.43724654389852,0.022624073588716015,378.3660823148634,32.43724654389852,0.022624073588716015,ESTIMA,3.44,419.11,-6.98,158.63,374.926,40.744,126.193,39.417,30.0,0.0
1779200289.4299858,381.50551278684367,32.50828537071405,0.12599936997746125,381.50551278684367,32.50828537071405,0.12599936997746125,ESTIMA,3.44,419.11,-6.98,158.63,378.066,37.604,126.122,39.488,30.0,0.0
1779200289.4803681,381.50551278684367,32.50828537071405,0.12599936997746125,381.50551278684367,32.50828537071405,0.12599936997746125,ESTIMA,3.44,419.11,-6.98,158.63,378.066,37.604,126.122,39.488,30.0,0.0
1779200289.5307543,384.6710850144574,32.90926971422731,0.20648969215756804,384.6710850144574,32.90926971422731,0.20648969215756804,ESTIMA,3.44,419.11,-6.98,158.63,381.231,34.439,125.721,39.889,30.0,0.0
1779200289.5811067,387.0145192230877,33.40016151584365,0.20969953329608612,387.0145192230877,33.40016151584365,0.20969953329608612,ESTIMA,3.44,419.11,-6.98,158.63,383.575,32.095,125.23,40.38,30.0,0.0
1779200289.6314034,387.0145192230877,33.40016151584365,0.20969953329608612,387.0145192230877,33.40016151584365,0.20969953329608612,ESTIMA,3.44,419.11,-6.98,158.63,383.575,32.095,125.23,40.38,30.0,0.0
1779200289.6816967,387.0145192230877,33.40016151584365,0.20969953329608612,387.0145192230877,33.40016151584365,0.20969953329608612,ESTIMA,3.44,419.11,-6.98,158.63,383.575,32.095,125.23,40.38,30.0,0.0
1779200289.7319345,389.960226932668,34.02709162039838,0.2647841473444177,389.960226932668,34.02709162039838,0.2647841473444177,ESTIMA,3.44,419.11,-6.98,158.63,386.52,29.15,124.603,41.007,30.0,0.0
1779200289.782108,392.1276913634544,34.61480137405726,0.41746970797163796,392.1276913634544,34.61480137405726,0.41746970797163796,ESTIMA,3.44,419.11,-6.98,158.63,388.688,26.982,124.015,41.595,30.0,0.0
1779200289.83246,392.1276913634544,34.61480137405726,0.41746970797163796,392.1276913634544,34.61480137405726,0.41746970797163796,ESTIMA,3.44,419.11,-6.98,158.63,388.688,26.982,124.015,41.595,30.0,0.0
1779200289.8827384,394.26840676680814,35.56429656304346,0.4845457185006004,394.26840676680814,35.56429656304346,0.4845457185006004,ESTIMA,3.44,419.11,-6.98,158.63,390.828,24.842,123.066,42.544,30.0,0.0
1779200289.93291,394.26840676680814,35.56429656304346,0.4845457185006004,394.26840676680814,35.56429656304346,0.4845457185006004,ESTIMA,3.44,419.11,-6.98,158.63,390.828,24.842,123.066,42.544,30.0,0.0
1779200289.9830947,394.26840676680814,35.56429656304346,0.4845457185006004,394.26840676680814,35.56429656304346,0.4845457185006004,ESTIMA,3.44,419.11,-6.98,158.63,390.828,24.842,123.066,42.544,30.0,0.0
1779200290.0332816,396.80651533581795,36.90036290439399,0.5427384764436304,396.80651533581795,36.90036290439399,0.5427384764436304,ESTIMA,3.44,419.11,-6.98,158.63,393.367,22.303,121.73,43.88,30.0,0.0
1779200290.0834873,398.54872256468354,37.951189493722254,0.619040310543942,398.54872256468354,37.951189493722254,0.619040310543942,ESTIMA,3.44,419.11,-6.98,158.63,395.109,20.561,120.679,44.931,30.0,0.0
1779200290.1337507,398.54872256468354,37.951189493722254,0.619040310543942,398.54872256468354,37.951189493722254,0.619040310543942,ESTIMA,3.44,419.11,-6.98,158.63,395.109,20.561,120.679,44.931,30.0,0.0
1779200290.1839333,400.6209729784049,39.42758748438542,0.7620606691049299,400.6209729784049,39.42758748438542,0.7620606691049299,ESTIMA,3.44,419.11,-6.98,158.63,397.181,18.489,119.202,46.408,30.0,0.0
1779200290.2342613,400.6209729784049,39.42758748438542,0.7620606691049299,400.6209729784049,39.42758748438542,0.7620606691049299,ESTIMA,3.44,419.11,-6.98,158.63,397.181,18.489,119.202,46.408,30.0,0.0
1779200290.2846494,402.70335847232917,41.41497737185573,0.7968410847602097,402.70335847232917,41.41497737185573,0.7968410847602097,ESTIMA,3.44,419.11,-6.98,158.63,399.263,16.407,117.215,48.395,30.0,0.0
1779200290.3351169,402.70335847232917,41.41497737185573,0.7968410847602097,402.70335847232917,41.41497737185573,0.7968410847602097,ESTIMA,3.44,419.11,-6.98,158.63,399.263,16.407,117.215,48.395,30.0,0.0
1779200290.3855524,402.70335847232917,41.41497737185573,0.7968410847602097,402.70335847232917,41.41497737185573,0.7968410847602097,ESTIMA,3.44,419.11,-6.98,158.63,399.263,16.407,117.215,48.395,30.0,0.0
1779200290.4360886,404.85106157366545,43.61240361688939,0.8220960811855708,404.85106157366545,43.61240361688939,0.8220960811855708,ESTIMA,3.44,419.11,-6.98,158.63,401.411,14.259,115.018,50.592,30.0,0.0
1779200290.4863772,407.2392892597469,46.18267980153582,0.8337412720072603,407.2392892597469,46.18267980153582,0.8337412720072603,ESTIMA,3.44,419.11,-6.98,158.63,403.799,11.871,112.447,53.163,30.0,0.0
1779200290.536695,407.2392892597469,46.18267980153582,0.8337412720072603,407.2392892597469,46.18267980153582,0.8337412720072603,ESTIMA,3.44,419.11,-6.98,158.63,403.799,11.871,112.447,53.163,30.0,0.0
1779200290.5869172,407.2392892597469,46.18267980153582,0.8337412720072603,407.2392892597469,46.18267980153582,0.8337412720072603,ESTIMA,3.44,419.11,-6.98,158.63,403.799,11.871,112.447,53.163,30.0,0.0
1779200290.6371062,410.0970888563813,49.33106336882322,0.8459369566616138,410.0970888563813,49.33106336882322,0.8459369566616138,ESTIMA,3.44,419.11,-6.98,158.63,406.657,9.013,109.299,56.311,30.0,0.0
1779200290.68728,410.0970888563813,49.33106336882322,0.8459369566616138,410.0970888563813,49.33106336882322,0.8459369566616138,ESTIMA,3.44,419.11,-6.98,158.63,406.657,9.013,109.299,56.311,30.0,0.0
1779200290.7375236,412.8427688265585,52.43106693050336,0.8692110856225754,412.8427688265585,52.43106693050336,0.8692110856225754,ESTIMA,3.44,419.11,-6.98,158.63,409.403,6.267,106.199,59.411,30.0,0.0
1779200290.787769,412.8427688265585,52.43106693050336,0.8692110856225754,412.8427688265585,52.43106693050336,0.8692110856225754,ESTIMA,3.44,419.11,-6.98,158.63,409.403,6.267,106.199,59.411,30.0,0.0
1779200290.8381176,415.55594962568426,55.64192457715188,0.8912476347379672,415.55594962568426,55.64192457715188,0.8912476347379672,ESTIMA,3.44,419.11,-6.98,158.63,412.116,3.554,102.988,62.622,30.0,0.0
1779200290.8883128,415.55594962568426,55.64192457715188,0.8912476347379672,415.55594962568426,55.64192457715188,0.8912476347379672,ESTIMA,3.44,419.11,-6.98,158.63,412.116,3.554,102.988,62.622,30.0,0.0
1779200290.938545,418.27482588250655,59.00722357017524,0.9219339823851649,418.27482588250655,59.00722357017524,0.9219339823851649,ESTIMA,3.44,419.11,-6.98,158.63,414.835,0.835,99.623,65.987,30.0,0.0
1779200290.9888842,418.27482588250655,59.00722357017524,0.9219339823851649,418.27482588250655,59.00722357017524,0.9219339823851649,ESTIMA,3.44,419.11,-6.98,158.63,414.835,0.835,99.623,65.987,30.0,0.0
1779200291.0391612,420.7471794179932,62.26713684651306,0.9429731048173098,420.7471794179932,62.26713684651306,0.9429731048173098,ESTIMA,3.44,419.11,-6.98,158.63,417.307,-1.637,96.363,69.247,30.0,0.0
1779200291.0893328,420.7471794179932,62.26713684651306,0.9429731048173098,420.7471794179932,62.26713684651306,0.9429731048173098,ESTIMA,3.44,419.11,-6.98,158.63,417.307,-1.637,96.363,69.247,30.0,0.0
1779200291.139537,423.2328408276098,65.69192223386078,0.9641025231514623,423.2328408276098,65.69192223386078,0.9641025231514623,ESTIMA,3.44,419.11,-6.98,158.63,419.793,-4.123,92.938,72.672,30.0,0.0
1779200291.1899183,423.2328408276098,65.69192223386078,0.9641025231514623,423.2328408276098,65.69192223386078,0.9641025231514623,ESTIMA,3.44,419.11,-6.98,158.63,419.793,-4.123,92.938,72.672,30.0,0.0
1779200291.2400897,425.4319380953155,68.86060938544735,0.9887195594832187,425.4319380953155,68.86060938544735,0.9887195594832187,ESTIMA,3.44,419.11,-6.98,158.63,421.992,-6.322,89.769,75.841,30.0,0.0
1779200291.2903578,425.4319380953155,68.86060938544735,0.9887195594832187,425.4319380953155,68.86060938544735,0.9887195594832187,ESTIMA,3.44,419.11,-6.98,158.63,421.992,-6.322,89.769,75.841,30.0,0.0
1779200291.3407013,427.28631248288184,71.67820502301444,1.0127750438664314,427.28631248288184,71.67820502301444,1.0127750438664314,ESTIMA,3.44,419.11,-6.98,158.63,423.846,-8.176,86.952,78.658,30.0,0.0
1779200291.3911235,427.28631248288184,71.67820502301444,1.0127750438664314,427.28631248288184,71.67820502301444,1.0127750438664314,ESTIMA,3.44,419.11,-6.98,158.63,423.846,-8.176,86.952,78.658,30.0,0.0
1779200291.4414313,427.28631248288184,71.67820502301444,1.0127750438664314,427.28631248288184,71.67820502301444,1.0127750438664314,ESTIMA,3.44,419.11,-6.98,158.63,423.846,-8.176,86.952,78.658,30.0,0.0
1779200291.491687,429.4476747429476,75.14083639814469,1.012947190929917,429.4476747429476,75.14083639814469,1.012947190929917,ESTIMA,3.44,419.11,-6.98,158.63,426.008,-10.338,83.489,82.121,30.0,0.0
1779200291.5419593,430.9754339146467,77.5893360699398,1.0234019754198618,430.9754339146467,77.5893360699398,1.0234019754198618,ESTIMA,3.44,419.11,-6.98,158.63,427.535,-11.865,81.041,84.569,30.0,0.0
1779200291.592151,430.9754339146467,77.5893360699398,1.0234019754198618,430.9754339146467,77.5893360699398,1.0234019754198618,ESTIMA,3.44,419.11,-6.98,158.63,427.535,-11.865,81.041,84.569,30.0,0.0
1779200291.642311,432.6762235347678,80.37968485191956,1.0369325053358327,432.6762235347678,80.37968485191956,1.0369325053358327,ESTIMA,3.44,419.11,-6.98,158.63,429.236,-13.566,78.25,87.36,30.0,0.0
1779200291.6925778,432.6762235347678,80.37968485191956,1.0369325053358327,432.6762235347678,80.37968485191956,1.0369325053358327,ESTIMA,3.44,419.11,-6.98,158.63,429.236,-13.566,78.25,87.36,30.0,0.0
1779200291.7428646,434.6556701116826,83.72832751574424,1.0523455067076533,434.6556701116826,83.72832751574424,1.0523455067076533,ESTIMA,3.44,419.11,-6.98,158.63,431.216,-15.546,74.902,90.708,30.0,0.0
1779200291.7931426,434.6556701116826,83.72832751574424,1.0523455067076533,434.6556701116826,83.72832751574424,1.0523455067076533,ESTIMA,3.44,419.11,-6.98,158.63,431.216,-15.546,74.902,90.708,30.0,0.0
1779200291.8433142,436.5054480020591,86.97067013280635,1.0603432933878965,436.5054480020591,86.97067013280635,1.0603432933878965,ESTIMA,3.44,419.11,-6.98,158.63,433.065,-17.395,71.659,93.951,30.0,0.0
1779200291.8935056,436.5054480020591,86.97067013280635,1.0603432933878965,436.5054480020591,86.97067013280635,1.0603432933878965,ESTIMA,3.44,419.11,-6.98,158.63,433.065,-17.395,71.659,93.951,30.0,0.0
1779200291.9436913,436.5054480020591,86.97067013280635,1.0603432933878965,436.5054480020591,86.97067013280635,1.0603432933878965,ESTIMA,3.44,419.11,-6.98,158.63,433.065,-17.395,71.659,93.951,30.0,0.0
1779200291.9939396,438.1597101572049,89.92495423680506,1.0697888389983379,438.1597101572049,89.92495423680506,1.0697888389983379,ESTIMA,3.44,419.11,-6.98,158.63,434.72,-19.05,68.705,96.905,30.0,0.0
1779200292.0441573,438.1597101572049,89.92495423680506,1.0697888389983379,438.1597101572049,89.92495423680506,1.0697888389983379,ESTIMA,3.44,419.11,-6.98,158.63,434.72,-19.05,68.705,96.905,30.0,0.0
1779200292.0945053,439.89075490579165,93.08603673629602,1.0755428144442303,439.89075490579165,93.08603673629602,1.0755428144442303,ESTIMA,3.44,419.11,-6.98,158.63,436.451,-20.781,65.544,100.066,30.0,0.0
1779200292.1447828,439.89075490579165,93.08603673629602,1.0755428144442303,439.89075490579165,93.08603673629602,1.0755428144442303,ESTIMA,3.44,419.11,-6.98,158.63,436.451,-20.781,65.544,100.066,30.0,0.0
1779200292.1950488,441.5541471745231,96.16550702240029,1.0819885640547808,441.5541471745231,96.16550702240029,1.0819885640547808,ESTIMA,3.44,419.11,-6.98,158.63,438.114,-22.444,62.464,103.146,30.0,0.0
1779200292.2452347,441.5541471745231,96.16550702240029,1.0819885640547808,441.5541471745231,96.16550702240029,1.0819885640547808,ESTIMA,3.44,419.11,-6.98,158.63,438.114,-22.444,62.464,103.146,30.0,0.0
1779200292.2953846,443.2246699270883,99.30642759871886,1.0940493747906543,443.2246699270883,99.30642759871886,1.0940493747906543,ESTIMA,3.44,419.11,-6.98,158.63,439.785,-24.115,59.324,106.286,30.0,0.0
1779200292.3455975,443.2246699270883,99.30642759871886,1.0940493747906543,443.2246699270883,99.30642759871886,1.0940493747906543,ESTIMA,3.44,419.11,-6.98,158.63,439.785,-24.115,59.324,106.286,30.0,0.0
1779200292.3959444,444.74722290741823,102.25435181608015,1.0997726985352356,444.74722290741823,102.25435181608015,1.0997726985352356,ESTIMA,3.44,419.11,-6.98,158.63,441.307,-25.637,56.376,109.234,30.0,0.0
1779200292.446198,444.74722290741823,102.25435181608015,1.0997726985352356,444.74722290741823,102.25435181608015,1.0997726985352356,ESTIMA,3.44,419.11,-6.98,158.63,441.307,-25.637,56.376,109.234,30.0,0.0
1779200292.4965653,446.4697001176473,105.6367034939122,1.1031455342202683,446.4697001176473,105.6367034939122,1.1031455342202683,ESTIMA,3.44,419.11,-6.98,158.63,443.03,-27.36,52.993,112.617,30.0,0.0
1779200292.546911,446.4697001176473,105.6367034939122,1.1031455342202683,446.4697001176473,105.6367034939122,1.1031455342202683,ESTIMA,3.44,419.11,-6.98,158.63,443.03,-27.36,52.993,112.617,30.0,0.0
1779200292.5972905,374.81,74.4,1.89,374.81,74.4,1.89,VISION,3.44,419.11,-6.98,158.63,371.37,44.3,84.23,81.38,30.0,0.0
1779200292.6474898,374.81,74.4,1.89,374.81,74.4,1.89,VISION,3.44,419.11,-6.98,158.63,371.37,44.3,84.23,81.38,30.0,0.0
1779200292.6976936,374.81,74.4,1.89,373.673056749152,77.84000936043405,1.8889948539090824,VISION,3.44,419.11,-6.98,158.63,371.37,44.3,84.23,81.38,30.0,0.0
1779200292.747862,374.81,74.4,1.89,373.673056749152,77.84000936043405,1.8889948539090824,VISION,3.44,419.11,-6.98,158.63,371.37,44.3,84.23,81.38,30.0,0.0
1779200292.7979984,374.81,74.4,1.89,372.52217813254975,81.33396521582883,1.8923711507242271,VISION,3.44,419.11,-6.98,158.63,371.37,44.3,84.23,81.38,30.0,0.0
1779200292.8481352,374.81,74.4,1.89,372.52217813254975,81.33396521582883,1.8923711507242271,VISION,3.44,419.11,-6.98,158.63,371.37,44.3,84.23,81.38,30.0,0.0
1779200292.8983066,374.81,74.4,1.89,371.44251828698077,84.57484304461056,1.8938265607637885,VISION,3.44,419.11,-6.98,158.63,371.37,44.3,84.23,81.38,30.0,0.0
1779200292.9484563,374.81,74.4,1.89,371.44251828698077,84.57484304461056,1.8938265607637885,VISION,3.44,419.11,-6.98,158.63,371.37,44.3,84.23,81.38,30.0,0.0
1779200292.9985938,374.81,74.4,1.89,371.44251828698077,84.57484304461056,1.8938265607637885,VISION,3.44,419.11,-6.98,158.63,371.37,44.3,84.23,81.38,30.0,0.0
1779200293.0487225,374.81,74.4,1.89,369.4469656130658,90.53606203397791,1.8902268416212793,VISION,3.44,419.11,-6.98,158.63,371.37,44.3,84.23,81.38,30.0,0.0
1779200293.0990465,368.88326852065694,92.2403229929823,1.8880363530370776,368.88326852065694,92.2403229929823,1.8880363530370776,ESTIMA,3.44,419.11,-6.98,158.63,365.443,50.227,66.39,99.22,30.0,0.0
1779200293.1493158,368.88326852065694,92.2403229929823,1.8880363530370776,368.88326852065694,92.2403229929823,1.8880363530370776,ESTIMA,3.44,419.11,-6.98,158.63,365.443,50.227,66.39,99.22,30.0,0.0
1779200293.199536,357.83,69.75,1.897,357.83,69.75,1.897,VISION,3.44,419.11,-6.98,158.63,354.39,61.28,88.88,76.73,30.0,0.0
1779200293.2497816,357.83,69.75,1.897,356.60843158876065,73.36102413118361,1.8987188559543304,VISION,3.44,419.11,-6.98,158.63,354.39,61.28,88.88,76.73,30.0,0.0
1779200293.299929,357.83,69.75,1.897,356.60843158876065,73.36102413118361,1.8987188559543304,VISION,3.44,419.11,-6.98,158.63,354.39,61.28,88.88,76.73,30.0,0.0
1779200293.350067,357.83,69.75,1.897,355.5915072937208,76.35017294952208,1.893658144963733,VISION,3.44,419.11,-6.98,158.63,354.39,61.28,88.88,76.73,30.0,0.0
1779200293.4002998,357.83,69.75,1.897,354.5756904332437,79.38637262971653,1.8932827377413022,VISION,3.44,419.11,-6.98,158.63,354.39,61.28,88.88,76.73,30.0,0.0
1779200293.4505415,357.83,69.75,1.897,354.5756904332437,79.38637262971653,1.8932827377413022,VISION,3.44,419.11,-6.98,158.63,354.39,61.28,88.88,76.73,30.0,0.0
1779200293.500815,357.83,69.75,1.897,354.5756904332437,79.38637262971653,1.8932827377413022,VISION,3.44,419.11,-6.98,158.63,354.39,61.28,88.88,76.73,30.0,0.0
1779200293.551031,357.83,69.75,1.897,352.8845254201216,84.44745053002465,1.8914526344719693,VISION,3.44,419.11,-6.98,158.63,354.39,61.28,88.88,76.73,30.0,0.0
1779200293.6012955,357.83,69.75,1.897,352.32326795368493,86.1373847007031,1.8896635199497047,VISION,3.44,419.11,-6.98,158.63,354.39,61.28,88.88,76.73,30.0,0.0
1779200293.6514676,357.83,69.75,1.897,352.32326795368493,86.1373847007031,1.8896635199497047,VISION,3.44,419.11,-6.98,158.63,354.39,61.28,88.88,76.73,30.0,0.0
1779200293.7017567,352.32326795368493,86.1373847007031,1.8896635199497047,352.32326795368493,86.1373847007031,1.8896635199497047,ESTIMA,3.44,419.11,-6.98,158.63,348.883,66.787,72.493,93.117,30.0,0.0
1779200293.752149,340.38,65.32,1.863,340.38,65.32,1.863,VISION,3.44,419.11,-6.98,158.63,336.94,78.73,93.31,72.3,30.0,0.0
1779200293.802552,340.38,65.32,1.863,339.75203602611055,67.40754708394726,1.8627198953428776,VISION,3.44,419.11,-6.98,158.63,336.94,78.73,93.31,72.3,30.0,0.0
1779200293.8527288,340.38,65.32,1.863,339.75203602611055,67.40754708394726,1.8627198953428776,VISION,3.44,419.11,-6.98,158.63,336.94,78.73,93.31,72.3,30.0,0.0
1779200293.9028966,340.38,65.32,1.863,338.7354932173234,70.79028536860595,1.8591799419086652,VISION,3.44,419.11,-6.98,158.63,336.94,78.73,93.31,72.3,30.0,0.0
1779200293.9530742,340.38,65.32,1.863,338.7354932173234,70.79028536860595,1.8591799419086652,VISION,3.44,419.11,-6.98,158.63,336.94,78.73,93.31,72.3,30.0,0.0
1779200294.003225,340.38,65.32,1.863,338.7354932173234,70.79028536860595,1.8591799419086652,VISION,3.44,419.11,-6.98,158.63,336.94,78.73,93.31,72.3,30.0,0.0
1779200294.0533893,340.38,65.32,1.863,337.6982946753993,74.2866176490119,1.8638592071082163,VISION,3.44,419.11,-6.98,158.63,336.94,78.73,93.31,72.3,30.0,0.0
1779200294.1035671,340.38,65.32,1.863,337.6982946753993,74.2866176490119,1.8638592071082163,VISION,3.44,419.11,-6.98,158.63,336.94,78.73,93.31,72.3,30.0,0.0
1779200294.153924,340.38,65.32,1.863,336.67098490495044,77.69110724402859,1.8649418754327818,VISION,3.44,419.11,-6.98,158.63,336.94,78.73,93.31,72.3,30.0,0.0
1779200294.2042477,340.38,65.32,1.863,336.67098490495044,77.69110724402859,1.8649418754327818,VISION,3.44,419.11,-6.98,158.63,336.94,78.73,93.31,72.3,30.0,0.0
1779200294.2544525,340.38,65.32,1.863,335.5310327483907,81.45415624725838,1.8633861501948483,VISION,3.44,419.11,-6.98,158.63,336.94,78.73,93.31,72.3,30.0,0.0
1779200294.304717,335.5310327483907,81.45415624725838,1.8633861501948483,335.5310327483907,81.45415624725838,1.8633861501948483,ESTIMA,3.44,419.11,-6.98,158.63,332.091,83.579,77.176,88.434,30.0,0.0
1779200294.3549726,322.71,61.53,1.814,322.71,61.53,1.814,VISION,3.44,419.11,-6.98,158.63,319.27,96.4,97.1,68.51,30.0,0.0
1779200294.4053454,322.71,61.53,1.814,322.71,61.53,1.814,VISION,3.44,419.11,-6.98,158.63,319.27,96.4,97.1,68.51,30.0,0.0
1779200294.4556372,322.71,61.53,1.814,321.8467174966318,65.00936571508208,1.8132220463448783,VISION,3.44,419.11,-6.98,158.63,319.27,96.4,97.1,68.51,30.0,0.0
1779200294.5060163,322.71,61.53,1.814,321.8467174966318,65.00936571508208,1.8132220463448783,VISION,3.44,419.11,-6.98,158.63,319.27,96.4,97.1,68.51,30.0,0.0
1779200294.5563924,322.71,61.53,1.814,321.0150502887167,68.37250140808625,1.8126408742120719,VISION,3.44,419.11,-6.98,158.63,319.27,96.4,97.1,68.51,30.0,0.0
1779200294.6067138,322.71,61.53,1.814,321.0150502887167,68.37250140808625,1.8126408742120719,VISION,3.44,419.11,-6.98,158.63,319.27,96.4,97.1,68.51,30.0,0.0
1779200294.6571379,322.71,61.53,1.814,320.13173517999775,71.95342249490626,1.8157574486384973,VISION,3.44,419.11,-6.98,158.63,319.27,96.4,97.1,68.51,30.0,0.0
1779200294.7073221,322.71,61.53,1.814,320.13173517999775,71.95342249490626,1.8157574486384973,VISION,3.44,419.11,-6.98,158.63,319.27,96.4,97.1,68.51,30.0,0.0
1779200294.7575452,322.71,61.53,1.814,320.13173517999775,71.95342249490626,1.8157574486384973,VISION,3.44,419.11,-6.98,158.63,319.27,96.4,97.1,68.51,30.0,0.0
1779200294.8079565,322.71,61.53,1.814,318.6218396381896,77.993454947325,1.8193072729690232,VISION,3.44,419.11,-6.98,158.63,319.27,96.4,97.1,68.51,30.0,0.0
1779200294.8581295,318.17812912325525,79.74202382583601,1.8178340911526794,318.17812912325525,79.74202382583601,1.8178340911526794,ESTIMA,3.44,419.11,-6.98,158.63,314.738,100.932,78.888,86.722,30.0,0.0
1779200294.9085162,318.17812912325525,79.74202382583601,1.8178340911526794,318.17812912325525,79.74202382583601,1.8178340911526794,ESTIMA,3.44,419.11,-6.98,158.63,314.738,100.932,78.888,86.722,30.0,0.0
1779200294.9587588,304.95,58.22,1.803,304.95,58.22,1.803,VISION,3.44,419.11,-6.98,158.63,301.51,114.16,100.41,65.2,30.0,0.0
1779200295.0089524,304.95,58.22,1.803,304.08457098371593,61.87979822992025,1.802340565702132,VISION,3.44,419.11,-6.98,158.63,301.51,114.16,100.41,65.2,30.0,0.0
1779200295.0591185,304.95,58.22,1.803,303.368278032717,64.91786196700654,1.7999953893000618,VISION,3.44,419.11,-6.98,158.63,301.51,114.16,100.41,65.2,30.0,0.0
1779200295.1092882,304.95,58.22,1.803,303.368278032717,64.91786196700654,1.7999953893000618,VISION,3.44,419.11,-6.98,158.63,301.51,114.16,100.41,65.2,30.0,0.0
1779200295.159459,304.95,58.22,1.803,302.6735875114891,67.8955493739256,1.8005342905618078,VISION,3.44,419.11,-6.98,158.63,301.51,114.16,100.41,65.2,30.0,0.0
1779200295.2096136,304.95,58.22,1.803,302.6735875114891,67.8955493739256,1.8005342905618078,VISION,3.44,419.11,-6.98,158.63,301.51,114.16,100.41,65.2,30.0,0.0
1779200295.259737,304.95,58.22,1.803,301.7803654893548,71.71490870358065,1.8025832776154085,VISION,3.44,419.11,-6.98,158.63,301.51,114.16,100.41,65.2,30.0,0.0
1779200295.309881,304.95,58.22,1.803,301.7803654893548,71.71490870358065,1.8025832776154085,VISION,3.44,419.11,-6.98,158.63,301.51,114.16,100.41,65.2,30.0,0.0
1779200295.3600233,304.95,58.22,1.803,301.010687719379,74.97585350482413,1.8025754401981973,VISION,3.44,419.11,-6.98,158.63,301.51,114.16,100.41,65.2,30.0,0.0
1779200295.4102151,304.95,58.22,1.803,301.010687719379,74.97585350482413,1.8025754401981973,VISION,3.44,419.11,-6.98,158.63,301.51,114.16,100.41,65.2,30.0,0.0
1779200295.460557,301.010687719379,74.97585350482413,1.8025754401981973,301.010687719379,74.97585350482413,1.8025754401981973,ESTIMA,3.44,419.11,-6.98,158.63,297.571,118.099,83.654,81.956,30.0,0.0
1779200295.5109797,300.0111588499795,79.21077214272789,1.7998973535408924,300.0111588499795,79.21077214272789,1.7998973535408924,ESTIMA,3.44,419.11,-6.98,158.63,296.571,119.099,79.419,86.191,30.0,0.0
1779200295.5613139,300.0111588499795,79.21077214272789,1.7998973535408924,300.0111588499795,79.21077214272789,1.7998973535408924,ESTIMA,3.44,419.11,-6.98,158.63,296.571,119.099,79.419,86.191,30.0,0.0
1779200295.611711,299.31805206934933,82.18298800250399,1.801533429489179,299.31805206934933,82.18298800250399,1.801533429489179,ESTIMA,3.44,419.11,-6.98,158.63,295.878,119.792,76.447,89.163,30.0,0.0
1779200295.662092,298.5956490423954,85.25807706323522,1.800996885741721,298.5956490423954,85.25807706323522,1.800996885741721,ESTIMA,3.44,419.11,-6.98,158.63,295.156,120.514,73.372,92.238,30.0,0.0
1779200295.7124176,298.5956490423954,85.25807706323522,1.800996885741721,298.5956490423954,85.25807706323522,1.800996885741721,ESTIMA,3.44,419.11,-6.98,158.63,295.156,120.514,73.372,92.238,30.0,0.0
1779200295.7627904,297.74567773825004,88.88493192321917,1.8026792697569731,297.74567773825004,88.88493192321917,1.8026792697569731,ESTIMA,3.44,419.11,-6.98,158.63,294.306,121.364,69.745,95.865,30.0,0.0
1779200295.813153,297.74567773825004,88.88493192321917,1.8026792697569731,297.74567773825004,88.88493192321917,1.8026792697569731,ESTIMA,3.44,419.11,-6.98,158.63,294.306,121.364,69.745,95.865,30.0,0.0
1779200295.8634527,297.74567773825004,88.88493192321917,1.8026792697569731,297.74567773825004,88.88493192321917,1.8026792697569731,ESTIMA,3.44,419.11,-6.98,158.63,294.306,121.364,69.745,95.865,30.0,0.0
1779200295.9138043,296.89829269168666,92.47356346613574,1.8037647698686552,296.89829269168666,92.47356346613574,1.8037647698686552,ESTIMA,3.44,419.11,-6.98,158.63,293.458,122.212,66.156,99.454,30.0,0.0
1779200295.9641254,296.89829269168666,92.47356346613574,1.8037647698686552,296.89829269168666,92.47356346613574,1.8037647698686552,ESTIMA,3.44,419.11,-6.98,158.63,293.458,122.212,66.156,99.454,30.0,0.0
1779200296.0144155,296.0519328447896,96.04053710354141,1.8027892106654155,296.0519328447896,96.04053710354141,1.8027892106654155,ESTIMA,3.44,419.11,-6.98,158.63,292.612,123.058,62.589,103.021,30.0,0.0
1779200296.0647895,296.0519328447896,96.04053710354141,1.8027892106654155,296.0519328447896,96.04053710354141,1.8027892106654155,ESTIMA,3.44,419.11,-6.98,158.63,292.612,123.058,62.589,103.021,30.0,0.0
1779200296.1151843,269.21,52.53,1.743,269.21,52.53,1.743,VISION,3.44,419.11,-6.98,158.63,265.77,149.9,106.1,59.51,30.0,0.0
1779200296.1654687,269.21,52.53,1.743,269.21,52.53,1.743,VISION,3.44,419.11,-6.98,158.63,265.77,149.9,106.1,59.51,30.0,0.0
1779200296.2157545,269.21,52.53,1.743,268.5881920229911,56.10512353675072,1.7444030601839302,VISION,3.44,419.11,-6.98,158.63,265.77,149.9,106.1,59.51,30.0,0.0
1779200296.266142,269.21,52.53,1.743,268.5881920229911,56.10512353675072,1.7444030601839302,VISION,3.44,419.11,-6.98,158.63,265.77,149.9,106.1,59.51,30.0,0.0
1779200296.3164232,269.21,52.53,1.743,267.96155424884006,59.67831221458748,1.7401970076872513,VISION,3.44,419.11,-6.98,158.63,265.77,149.9,106.1,59.51,30.0,0.0
1779200296.3667614,269.21,52.53,1.743,267.96155424884006,59.67831221458748,1.7401970076872513,VISION,3.44,419.11,-6.98,158.63,265.77,149.9,106.1,59.51,30.0,0.0
1779200296.41704,269.21,52.53,1.743,267.3802352928215,63.07704509876578,1.743318886586841,VISION,3.44,419.11,-6.98,158.63,265.77,149.9,106.1,59.51,30.0,0.0
1779200296.467392,269.21,52.53,1.743,267.3802352928215,63.07704509876578,1.743318886586841,VISION,3.44,419.11,-6.98,158.63,265.77,149.9,106.1,59.51,30.0,0.0
1779200296.517624,269.21,52.53,1.743,266.7224071437997,66.85213760179445,1.7433999317604543,VISION,3.44,419.11,-6.98,158.63,265.77,149.9,106.1,59.51,30.0,0.0
1779200296.5679965,269.21,52.53,1.743,266.7224071437997,66.85213760179445,1.7433999317604543,VISION,3.44,419.11,-6.98,158.63,265.77,149.9,106.1,59.51,30.0,0.0
1779200296.6182358,266.139837923415,70.19373869880982,1.7413884802476736,266.139837923415,70.19373869880982,1.7413884802476736,ESTIMA,3.44,419.11,-6.98,158.63,262.7,152.97,88.436,77.174,30.0,0.0
1779200296.6685405,266.139837923415,70.19373869880982,1.7413884802476736,266.139837923415,70.19373869880982,1.7413884802476736,ESTIMA,3.44,419.11,-6.98,158.63,262.7,152.97,88.436,77.174,30.0,0.0
1779200296.7188866,251.19,50.27,1.712,251.19,50.27,1.712,VISION,3.44,419.11,-6.98,158.63,247.75,167.92,108.36,57.25,30.0,0.0
1779200296.7691793,251.19,50.27,1.712,250.5507800261119,54.76680907037695,1.7082242229189444,VISION,3.44,419.11,-6.98,158.63,247.75,167.92,108.36,57.25,30.0,0.0
1779200296.8193612,251.19,50.27,1.712,250.18260901847754,57.42893432131603,1.7086241883427558,VISION,3.44,419.11,-6.98,158.63,247.75,167.92,108.36,57.25,30.0,0.0
1779200296.8696861,251.19,50.27,1.712,250.18260901847754,57.42893432131603,1.7086241883427558,VISION,3.44,419.11,-6.98,158.63,247.75,167.92,108.36,57.25,30.0,0.0
1779200296.9198806,251.19,50.27,1.712,249.69338736011431,60.95594175175186,1.7061088159848683,VISION,3.44,419.11,-6.98,158.63,247.75,167.92,108.36,57.25,30.0,0.0
1779200296.9700527,251.19,50.27,1.712,249.69338736011431,60.95594175175186,1.7061088159848683,VISION,3.44,419.11,-6.98,158.63,247.75,167.92,108.36,57.25,30.0,0.0
1779200297.0202148,251.19,50.27,1.712,249.15705466897464,64.89538126276499,1.7087423156240917,VISION,3.44,419.11,-6.98,158.63,247.75,167.92,108.36,57.25,30.0,0.0
1779200297.0704072,251.19,50.27,1.712,249.15705466897464,64.89538126276499,1.7087423156240917,VISION,3.44,419.11,-6.98,158.63,247.75,167.92,108.36,57.25,30.0,0.0
1779200297.1206362,251.19,50.27,1.712,248.7065435841563,68.14049082090006,1.7090757609706808,VISION,3.44,419.11,-6.98,158.63,247.75,167.92,108.36,57.25,30.0,0.0
1779200297.1709516,251.19,50.27,1.712,248.7065435841563,68.14049082090006,1.7090757609706808,VISION,3.44,419.11,-6.98,158.63,247.75,167.92,108.36,57.25,30.0,0.0
1779200297.2211237,248.7065435841563,68.14049082090006,1.7090757609706808,248.7065435841563,68.14049082090006,1.7090757609706808,ESTIMA,3.44,419.11,-6.98,158.63,245.267,170.403,90.49,75.12,30.0,0.0
1779200297.2713346,233.07,48.33,1.684,233.07,48.33,1.684,VISION,3.44,419.11,-6.98,158.63,229.63,186.04,110.3,55.31,30.0,0.0
1779200297.3215923,233.07,48.33,1.684,233.07,48.33,1.684,VISION,3.44,419.11,-6.98,158.63,229.63,186.04,110.3,55.31,30.0,0.0
1779200297.3717425,233.07,48.33,1.684,232.73459902624398,51.28014295563081,1.6826452524030031,VISION,3.44,419.11,-6.98,158.63,229.63,186.04,110.3,55.31,30.0,0.0
1779200297.4219549,233.07,48.33,1.684,232.73459902624398,51.28014295563081,1.6826452524030031,VISION,3.44,419.11,-6.98,158.63,229.63,186.04,110.3,55.31,30.0,0.0
1779200297.472217,233.07,48.33,1.684,232.34461597190932,54.75228577036201,1.6814329656205684,VISION,3.44,419.11,-6.98,158.63,229.63,186.04,110.3,55.31,30.0,0.0
1779200297.5224879,233.07,48.33,1.684,232.34461597190932,54.75228577036201,1.6814329656205684,VISION,3.44,419.11,-6.98,158.63,229.63,186.04,110.3,55.31,30.0,0.0
1779200297.5728922,233.07,48.33,1.684,231.96605771041058,58.159949154898506,1.6811882500460686,VISION,3.44,419.11,-6.98,158.63,229.63,186.04,110.3,55.31,30.0,0.0
1779200297.6232674,233.07,48.33,1.684,231.96605771041058,58.159949154898506,1.6811882500460686,VISION,3.44,419.11,-6.98,158.63,229.63,186.04,110.3,55.31,30.0,0.0
1779200297.6735952,233.07,48.33,1.684,231.5353164055816,62.04601385739134,1.6852837570205332,VISION,3.44,419.11,-6.98,158.63,229.63,186.04,110.3,55.31,30.0,0.0
1779200297.7239342,233.07,48.33,1.684,231.5353164055816,62.04601385739134,1.6852837570205332,VISION,3.44,419.11,-6.98,158.63,229.63,186.04,110.3,55.31,30.0,0.0
1779200297.7742167,231.15351997958442,65.36626351185436,1.6867692808201835,231.15351997958442,65.36626351185436,1.6867692808201835,ESTIMA,3.44,419.11,-6.98,158.63,227.714,187.956,93.264,72.346,30.0,0.0
1779200297.8245342,231.15351997958442,65.36626351185436,1.6867692808201835,231.15351997958442,65.36626351185436,1.6867692808201835,ESTIMA,3.44,419.11,-6.98,158.63,227.714,187.956,93.264,72.346,30.0,0.0
1779200297.874819,230.75822211757665,68.75950341193538,1.6843174539059529,230.75822211757665,68.75950341193538,1.6843174539059529,ESTIMA,3.44,419.11,-6.98,158.63,227.318,188.352,89.87,75.74,30.0,0.0
1779200297.925167,230.75822211757665,68.75950341193538,1.6843174539059529,230.75822211757665,68.75950341193538,1.6843174539059529,ESTIMA,3.44,419.11,-6.98,158.63,227.318,188.352,89.87,75.74,30.0,0.0
1779200297.9753811,230.37119379576745,72.1541520634133,1.6849045993907144,230.37119379576745,72.1541520634133,1.6849045993907144,ESTIMA,3.44,419.11,-6.98,158.63,226.931,188.739,86.476,79.134,30.0,0.0
1779200298.025717,230.37119379576745,72.1541520634133,1.6849045993907144,230.37119379576745,72.1541520634133,1.6849045993907144,ESTIMA,3.44,419.11,-6.98,158.63,226.931,188.739,86.476,79.134,30.0,0.0
1779200298.075888,229.95493600829352,75.78622493777851,1.6839356151871072,229.95493600829352,75.78622493777851,1.6839356151871072,ESTIMA,3.44,419.11,-6.98,158.63,226.515,189.155,82.844,82.766,30.0,0.0
1779200298.1261182,229.95493600829352,75.78622493777851,1.6839356151871072,229.95493600829352,75.78622493777851,1.6839356151871072,ESTIMA,3.44,419.11,-6.98,158.63,226.515,189.155,82.844,82.766,30.0,0.0
1779200298.1763232,229.55286341809074,79.32483255631375,1.6840130277459877,229.55286341809074,79.32483255631375,1.6840130277459877,ESTIMA,3.44,419.11,-6.98,158.63,226.113,189.557,79.305,86.305,30.0,0.0
1779200298.2266314,229.55286341809074,79.32483255631375,1.6840130277459877,229.55286341809074,79.32483255631375,1.6840130277459877,ESTIMA,3.44,419.11,-6.98,158.63,226.113,189.557,79.305,86.305,30.0,0.0
1779200298.2769043,229.1258492358242,83.08035736309347,1.6857413395333805,229.1258492358242,83.08035736309347,1.6857413395333805,ESTIMA,3.44,419.11,-6.98,158.63,225.686,189.984,75.55,90.06,30.0,0.0
1779200298.3272774,229.1258492358242,83.08035736309347,1.6857413395333805,229.1258492358242,83.08035736309347,1.6857413395333805,ESTIMA,3.44,419.11,-6.98,158.63,225.686,189.984,75.55,90.06,30.0,0.0
1779200298.3776093,228.71857603704646,86.60793918435334,1.6847493917644452,228.71857603704646,86.60793918435334,1.6847493917644452,ESTIMA,3.44,419.11,-6.98,158.63,225.279,190.391,72.022,93.588,30.0,0.0
1779200298.4278562,228.71857603704646,86.60793918435334,1.6847493917644452,228.71857603704646,86.60793918435334,1.6847493917644452,ESTIMA,3.44,419.11,-6.98,158.63,225.279,190.391,72.022,93.588,30.0,0.0
1779200298.4781945,196.01,45.72,1.63,196.01,45.72,1.63,VISION,3.44,419.11,-6.98,158.63,192.57,223.1,112.91,52.7,30.0,0.0
1779200298.5285268,196.01,45.72,1.63,195.7153692208763,50.69074671906284,1.6247405888289876,VISION,3.44,419.11,-6.98,158.63,192.57,223.1,112.91,52.7,30.0,0.0
1779200298.5787833,196.01,45.72,1.63,195.60029366997406,52.821907703729714,1.6241184033917964,VISION,3.44,419.11,-6.98,158.63,192.57,223.1,112.91,52.7,30.0,0.0
1779200298.6290286,196.01,45.72,1.63,195.60029366997406,52.821907703729714,1.6241184033917964,VISION,3.44,419.11,-6.98,158.63,192.57,223.1,112.91,52.7,30.0,0.0
1779200298.6792443,196.01,45.72,1.63,195.40931994512,56.40002595713527,1.6207173035650528,VISION,3.44,419.11,-6.98,158.63,192.57,223.1,112.91,52.7,30.0,0.0
1779200298.729428,196.01,45.72,1.63,195.40931994512,56.40002595713527,1.6207173035650528,VISION,3.44,419.11,-6.98,158.63,192.57,223.1,112.91,52.7,30.0,0.0
1779200298.7797043,196.01,45.72,1.63,195.20037340126154,60.58209442523378,1.6207806261882505,VISION,3.44,419.11,-6.98,158.63,192.57,223.1,112.91,52.7,30.0,0.0
1779200298.8299065,196.01,45.72,1.63,195.20037340126154,60.58209442523378,1.6207806261882505,VISION,3.44,419.11,-6.98,158.63,192.57,223.1,112.91,52.7,30.0,0.0
1779200298.880185,196.01,45.72,1.63,195.0220607539018,64.14649613166422,1.624033473013965,VISION,3.44,419.11,-6.98,158.63,192.57,223.1,112.91,52.7,30.0,0.0
1779200298.9303646,196.01,45.72,1.63,195.0220607539018,64.14649613166422,1.624033473013965,VISION,3.44,419.11,-6.98,158.63,192.57,223.1,112.91,52.7,30.0,0.0
1779200298.9806542,195.0220607539018,64.14649613166422,1.624033473013965,195.0220607539018,64.14649613166422,1.624033473013965,ESTIMA,3.44,419.11,-6.98,158.63,191.582,224.088,94.484,71.126,30.0,0.0
1779200299.0308933,177.1,44.44,1.591,177.1,44.44,1.591,VISION,3.44,419.11,-6.98,158.63,173.66,242.01,114.19,51.42,30.0,0.0
1779200299.0811892,177.1,44.44,1.591,177.03663280099573,47.57599295571936,1.5898254463448056,VISION,3.44,419.11,-6.98,158.63,173.66,242.01,114.19,51.42,30.0,0.0
1779200299.1313746,177.1,44.44,1.591,177.03663280099573,47.57599295571936,1.5898254463448056,VISION,3.44,419.11,-6.98,158.63,173.66,242.01,114.19,51.42,30.0,0.0
1779200299.1816628,177.1,44.44,1.591,176.97028139985406,51.06240713251556,1.5935537188363778,VISION,3.44,419.11,-6.98,158.63,173.66,242.01,114.19,51.42,30.0,0.0
1779200299.231884,177.1,44.44,1.591,176.97028139985406,51.06240713251556,1.5935537188363778,VISION,3.44,419.11,-6.98,158.63,173.66,242.01,114.19,51.42,30.0,0.0
1779200299.2821426,177.1,44.44,1.591,176.89215874193096,54.494662057378825,1.5901836120172255,VISION,3.44,419.11,-6.98,158.63,173.66,242.01,114.19,51.42,30.0,0.0
1779200299.3323433,177.1,44.44,1.591,176.89215874193096,54.494662057378825,1.5901836120172255,VISION,3.44,419.11,-6.98,158.63,173.66,242.01,114.19,51.42,30.0,0.0
1779200299.3825061,177.1,44.44,1.591,176.82323359783484,58.04938916491207,1.5922412832416606,VISION,3.44,419.11,-6.98,158.63,173.66,242.01,114.19,51.42,30.0,0.0
1779200299.4327316,177.1,44.44,1.591,176.82323359783484,58.04938916491207,1.5922412832416606,VISION,3.44,419.11,-6.98,158.63,173.66,242.01,114.19,51.42,30.0,0.0
1779200299.4829493,177.1,44.44,1.591,176.82323359783484,58.04938916491207,1.5922412832416606,VISION,3.44,419.11,-6.98,158.63,173.66,242.01,114.19,51.42,30.0,0.0
1779200299.5332017,176.73600865587855,62.1161528620872,1.5945748840844793,176.73600865587855,62.1161528620872,1.5945748840844793,ESTIMA,3.44,419.11,-6.98,158.63,173.296,242.374,96.514,69.096,30.0,0.0
1779200299.583601,176.73600865587855,62.1161528620872,1.5945748840844793,176.73600865587855,62.1161528620872,1.5945748840844793,ESTIMA,3.44,419.11,-6.98,158.63,173.296,242.374,96.514,69.096,30.0,0.0
1779200299.6338596,158.02,44.5,1.576,158.02,44.5,1.576,VISION,3.44,419.11,-6.98,158.63,154.58,261.09,114.13,51.48,30.0,0.0
1779200299.6841116,158.02,44.5,1.576,158.02,44.5,1.576,VISION,3.44,419.11,-6.98,158.63,154.58,261.09,114.13,51.48,30.0,0.0
1779200299.734367,158.02,44.5,1.576,158.001657190124,48.024941630498155,1.5760112257429708,VISION,3.44,419.11,-6.98,158.63,154.58,261.09,114.13,51.48,30.0,0.0
1779200299.7846303,158.02,44.5,1.576,158.001657190124,48.024941630498155,1.5760112257429708,VISION,3.44,419.11,-6.98,158.63,154.58,261.09,114.13,51.48,30.0,0.0
1779200299.8348815,158.02,44.5,1.576,157.98442479187997,51.32936654892159,1.5765141316900626,VISION,3.44,419.11,-6.98,158.63,154.58,261.09,114.13,51.48,30.0,0.0
1779200299.8851092,158.02,44.5,1.576,157.98442479187997,51.32936654892159,1.5765141316900626,VISION,3.44,419.11,-6.98,158.63,154.58,261.09,114.13,51.48,30.0,0.0
1779200299.9353116,158.02,44.5,1.576,157.96394675266964,54.91077872027908,1.5726657356072502,VISION,3.44,419.11,-6.98,158.63,154.58,261.09,114.13,51.48,30.0,0.0
1779200299.9854782,158.02,44.5,1.576,157.96394675266964,54.91077872027908,1.5726657356072502,VISION,3.44,419.11,-6.98,158.63,154.58,261.09,114.13,51.48,30.0,0.0
1779200300.0356846,158.02,44.5,1.576,157.95741392395465,58.40537073340455,1.5760636103298755,VISION,3.44,419.11,-6.98,158.63,154.58,261.09,114.13,51.48,30.0,0.0
1779200300.0858414,158.02,44.5,1.576,157.95741392395465,58.40537073340455,1.5760636103298755,VISION,3.44,419.11,-6.98,158.63,154.58,261.09,114.13,51.48,30.0,0.0
1779200300.1360486,157.95741392395465,58.40537073340455,1.5760636103298755,157.95741392395465,58.40537073340455,1.5760636103298755,ESTIMA,3.44,419.11,-6.98,158.63,154.517,261.153,100.225,65.385,30.0,0.0
1779200300.1862977,157.92995921488892,63.617631470703344,1.5791384434349802,157.92995921488892,63.617631470703344,1.5791384434349802,ESTIMA,3.44,419.11,-6.98,158.63,154.49,261.18,95.012,70.598,30.0,0.0
1779200300.2365181,139.14,44.1,1.576,139.14,44.1,1.576,VISION,3.44,419.11,-6.98,158.63,135.7,279.97,114.53,51.08,30.0,0.0
1779200300.2868016,139.14,44.1,1.576,139.12120154725253,47.71250261690718,1.573911464172022,VISION,3.44,419.11,-6.98,158.63,135.7,279.97,114.53,51.08,30.0,0.0
1779200300.337146,139.14,44.1,1.576,139.11144283723758,50.845166530912884,1.5745388954016903,VISION,3.44,419.11,-6.98,158.63,135.7,279.97,114.53,51.08,30.0,0.0
1779200300.3873587,139.14,44.1,1.576,139.11144283723758,50.845166530912884,1.5745388954016903,VISION,3.44,419.11,-6.98,158.63,135.7,279.97,114.53,51.08,30.0,0.0
1779200300.4375985,139.14,44.1,1.576,139.10091357819087,53.65853109210664,1.572927617797965,VISION,3.44,419.11,-6.98,158.63,135.7,279.97,114.53,51.08,30.0,0.0
1779200300.4878068,139.14,44.1,1.576,139.10091357819087,53.65853109210664,1.572927617797965,VISION,3.44,419.11,-6.98,158.63,135.7,279.97,114.53,51.08,30.0,0.0
1779200300.538025,139.14,44.1,1.576,139.09349291904414,57.14029303834923,1.5713575022327122,VISION,3.44,419.11,-6.98,158.63,135.7,279.97,114.53,51.08,30.0,0.0
1779200300.588254,139.14,44.1,1.576,139.09349291904414,57.14029303834923,1.5713575022327122,VISION,3.44,419.11,-6.98,158.63,135.7,279.97,114.53,51.08,30.0,0.0
1779200300.638482,139.14,44.1,1.576,139.0914557957499,60.77039325855668,1.5718127119215384,VISION,3.44,419.11,-6.98,158.63,135.7,279.97,114.53,51.08,30.0,0.0
1779200300.6887934,139.14,44.1,1.576,139.0914557957499,60.77039325855668,1.5718127119215384,VISION,3.44,419.11,-6.98,158.63,135.7,279.97,114.53,51.08,30.0,0.0
1779200300.738966,139.0876075081727,64.55664135602575,1.5740541239847134,139.0876075081727,64.55664135602575,1.5740541239847134,ESTIMA,3.44,419.11,-6.98,158.63,135.648,280.022,94.073,71.537,30.0,0.0
1779200300.7891903,120.3,44.02,1.556,120.3,44.02,1.556,VISION,3.44,419.11,-6.98,158.63,116.86,298.81,114.61,51.0,30.0,0.0
1779200300.8393602,120.3,44.02,1.556,120.35989034590835,48.06735418804941,1.553702802228431,VISION,3.44,419.11,-6.98,158.63,116.86,298.81,114.61,51.0,30.0,0.0
1779200300.8896215,120.3,44.02,1.556,120.35989034590835,48.06735418804941,1.553702802228431,VISION,3.44,419.11,-6.98,158.63,116.86,298.81,114.61,51.0,30.0,0.0
1779200300.9398415,120.3,44.02,1.556,120.41893527482989,51.521245620947866,1.5536833413389137,VISION,3.44,419.11,-6.98,158.63,116.86,298.81,114.61,51.0,30.0,0.0
1779200300.9900153,120.3,44.02,1.556,120.41893527482989,51.521245620947866,1.5536833413389137,VISION,3.44,419.11,-6.98,158.63,116.86,298.81,114.61,51.0,30.0,0.0
1779200301.0402024,120.3,44.02,1.556,120.41893527482989,51.521245620947866,1.5536833413389137,VISION,3.44,419.11,-6.98,158.63,116.86,298.81,114.61,51.0,30.0,0.0
1779200301.0903654,120.3,44.02,1.556,120.4807857901737,55.13513740247231,1.5501971898330649,VISION,3.44,419.11,-6.98,158.63,116.86,298.81,114.61,51.0,30.0,0.0
1779200301.1405258,120.3,44.02,1.556,120.4807857901737,55.13513740247231,1.5501971898330649,VISION,3.44,419.11,-6.98,158.63,116.86,298.81,114.61,51.0,30.0,0.0
1779200301.1908064,120.3,44.02,1.556,120.55466377092436,58.721090114030275,1.5521741874823667,VISION,3.44,419.11,-6.98,158.63,116.86,298.81,114.61,51.0,30.0,0.0
1779200301.2410755,120.3,44.02,1.556,120.55466377092436,58.721090114030275,1.5521741874823667,VISION,3.44,419.11,-6.98,158.63,116.86,298.81,114.61,51.0,30.0,0.0
1779200301.2913911,120.63429110682102,62.99654578807318,1.5565049885422568,120.63429110682102,62.99654578807318,1.5565049885422568,ESTIMA,3.44,419.11,-6.98,158.63,117.194,298.476,95.633,69.977,30.0,0.0
1779200301.341701,120.63429110682102,62.99654578807318,1.5565049885422568,120.63429110682102,62.99654578807318,1.5565049885422568,ESTIMA,3.44,419.11,-6.98,158.63,117.194,298.476,95.633,69.977,30.0,0.0
1779200301.3921008,101.82,44.32,1.531,101.82,44.32,1.531,VISION,3.44,419.11,-6.98,158.63,98.38,317.29,114.31,51.3,30.0,0.0
1779200301.4423954,101.82,44.32,1.531,101.82,44.32,1.531,VISION,3.44,419.11,-6.98,158.63,98.38,317.29,114.31,51.3,30.0,0.0
1779200301.4927144,101.82,44.32,1.531,102.01249312043456,49.15440319808715,1.5308433381791566,VISION,3.44,419.11,-6.98,158.63,98.38,317.29,114.31,51.3,30.0,0.0
1779200301.5430036,101.82,44.32,1.531,102.01249312043456,49.15440319808715,1.5308433381791566,VISION,3.44,419.11,-6.98,158.63,98.38,317.29,114.31,51.3,30.0,0.0
1779200301.5932539,101.82,44.32,1.531,102.11624709400321,51.74992272808219,1.5331866843250683,VISION,3.44,419.11,-6.98,158.63,98.38,317.29,114.31,51.3,30.0,0.0
1779200301.643492,101.82,44.32,1.531,102.11624709400321,51.74992272808219,1.5331866843250683,VISION,3.44,419.11,-6.98,158.63,98.38,317.29,114.31,51.3,30.0,0.0
1779200301.693759,101.82,44.32,1.531,102.11624709400321,51.74992272808219,1.5331866843250683,VISION,3.44,419.11,-6.98,158.63,98.38,317.29,114.31,51.3,30.0,0.0
1779200301.7439883,101.82,44.32,1.531,102.28169143937848,56.14683588560557,1.5293949757256382,VISION,3.44,419.11,-6.98,158.63,98.38,317.29,114.31,51.3,30.0,0.0
1779200301.7941804,101.82,44.32,1.531,102.39509874506743,58.88448814248332,1.533179434644508,VISION,3.44,419.11,-6.98,158.63,98.38,317.29,114.31,51.3,30.0,0.0
1779200301.8443897,101.82,44.32,1.531,102.39509874506743,58.88448814248332,1.533179434644508,VISION,3.44,419.11,-6.98,158.63,98.38,317.29,114.31,51.3,30.0,0.0
1779200301.8946733,101.82,44.32,1.531,102.52920595752857,62.447885955587495,1.5366828241019859,VISION,3.44,419.11,-6.98,158.63,98.38,317.29,114.31,51.3,30.0,0.0
1779200301.9449785,102.52920595752857,62.447885955587495,1.5366828241019859,102.52920595752857,62.447885955587495,1.5366828241019859,ESTIMA,3.44,419.11,-6.98,158.63,99.089,316.581,96.182,69.428,30.0,0.0
1779200301.9953194,102.52920595752857,62.447885955587495,1.5366828241019859,102.52920595752857,62.447885955587495,1.5366828241019859,ESTIMA,3.44,419.11,-6.98,158.63,99.089,316.581,96.182,69.428,30.0,0.0
1779200302.0456274,102.72702497015801,68.24448422378721,1.5356106604398658,102.72702497015801,68.24448422378721,1.5356106604398658,ESTIMA,3.44,419.11,-6.98,158.63,99.287,316.383,90.386,75.224,30.0,0.0
1779200302.0958912,102.78894745491084,70.00363603382434,1.5363126681230588,102.78894745491084,70.00363603382434,1.5363126681230588,ESTIMA,3.44,419.11,-6.98,158.63,99.349,316.321,88.626,76.984,30.0,0.0
1779200302.1462595,102.78894745491084,70.00363603382434,1.5363126681230588,102.78894745491084,70.00363603382434,1.5363126681230588,ESTIMA,3.44,419.11,-6.98,158.63,99.349,316.321,88.626,76.984,30.0,0.0
1779200302.1965094,102.91055696876788,73.5288219287934,1.5389190020410413,102.91055696876788,73.5288219287934,1.5389190020410413,ESTIMA,3.44,419.11,-6.98,158.63,99.471,316.199,85.101,80.509,30.0,0.0
1779200302.2466779,102.91055696876788,73.5288219287934,1.5389190020410413,102.91055696876788,73.5288219287934,1.5389190020410413,ESTIMA,3.44,419.11,-6.98,158.63,99.471,316.199,85.101,80.509,30.0,0.0
1779200302.297154,103.01423043044599,76.77998380300296,1.5380033782657356,103.01423043044599,76.77998380300296,1.5380033782657356,ESTIMA,3.44,419.11,-6.98,158.63,99.574,316.096,81.85,83.76,30.0,0.0
1779200302.3475008,103.01423043044599,76.77998380300296,1.5380033782657356,103.01423043044599,76.77998380300296,1.5380033782657356,ESTIMA,3.44,419.11,-6.98,158.63,99.574,316.096,81.85,83.76,30.0,0.0
1779200302.3978827,103.13026928660399,80.31724602514993,1.5437798251106616,103.13026928660399,80.31724602514993,1.5437798251106616,ESTIMA,3.44,419.11,-6.98,158.63,99.69,315.98,78.313,87.297,30.0,0.0
1779200302.4482126,103.13026928660399,80.31724602514993,1.5437798251106616,103.13026928660399,80.31724602514993,1.5437798251106616,ESTIMA,3.44,419.11,-6.98,158.63,99.69,315.98,78.313,87.297,30.0,0.0
1779200302.498601,103.22702582240296,83.897761193154,1.546364918313855,103.22702582240296,83.897761193154,1.546364918313855,ESTIMA,3.44,419.11,-6.98,158.63,99.787,315.883,74.732,90.878,30.0,0.0
1779200302.5489082,103.22702582240296,83.897761193154,1.546364918313855,103.22702582240296,83.897761193154,1.546364918313855,ESTIMA,3.44,419.11,-6.98,158.63,99.787,315.883,74.732,90.878,30.0,0.0
1779200302.5991664,103.32080995253351,87.73566803103795,1.5460539411180751,103.32080995253351,87.73566803103795,1.5460539411180751,ESTIMA,3.44,419.11,-6.98,158.63,99.881,315.789,70.894,94.716,30.0,0.0
1779200302.6495879,103.32080995253351,87.73566803103795,1.5460539411180751,103.32080995253351,87.73566803103795,1.5460539411180751,ESTIMA,3.44,419.11,-6.98,158.63,99.881,315.789,70.894,94.716,30.0,0.0
1779200302.6999106,103.32080995253351,87.73566803103795,1.5460539411180751,103.32080995253351,87.73566803103795,1.5460539411180751,ESTIMA,3.44,419.11,-6.98,158.63,99.881,315.789,70.894,94.716,30.0,0.0
1779200302.7502491,103.4386251383419,92.49637076912644,1.5467880045289986,103.4386251383419,92.49637076912644,1.5467880045289986,ESTIMA,3.44,419.11,-6.98,158.63,99.999,315.671,66.134,99.476,30.0,0.0
1779200302.8005314,103.49033500104683,94.64978767890533,1.547436616788745,103.49033500104683,94.64978767890533,1.547436616788745,ESTIMA,3.44,419.11,-6.98,158.63,100.05,315.62,63.98,101.63,30.0,0.0
1779200302.8508537,103.49033500104683,94.64978767890533,1.547436616788745,103.49033500104683,94.64978767890533,1.547436616788745,ESTIMA,3.44,419.11,-6.98,158.63,100.05,315.62,63.98,101.63,30.0,0.0
1779200302.9011703,103.57116711466216,98.10948004421952,1.5473320715867782,103.57116711466216,98.10948004421952,1.5473320715867782,ESTIMA,3.44,419.11,-6.98,158.63,100.131,315.539,60.521,105.089,30.0,0.0
1779200302.9514606,103.57116711466216,98.10948004421952,1.5473320715867782,103.57116711466216,98.10948004421952,1.5473320715867782,ESTIMA,3.44,419.11,-6.98,158.63,100.131,315.539,60.521,105.089,30.0,0.0
1779200303.0017695,103.57116711466216,98.10948004421952,1.5473320715867782,103.57116711466216,98.10948004421952,1.5473320715867782,ESTIMA,3.44,419.11,-6.98,158.63,100.131,315.539,60.521,105.089,30.0,0.0
1779200303.0521328,103.57116711466216,98.10948004421952,1.5473320715867782,103.57116711466216,98.10948004421952,1.5473320715867782,ESTIMA,3.44,419.11,-6.98,158.63,100.131,315.539,60.521,105.089,30.0,0.0
1779200303.1023881,103.57116711466216,98.10948004421952,1.5473320715867782,103.57116711466216,98.10948004421952,1.5473320715867782,ESTIMA,3.44,419.11,-6.98,158.63,100.131,315.539,60.521,105.089,30.0,0.0
1779200303.1527116,80.74,46.13,1.493,80.74,46.13,1.493,VISION,3.44,419.11,-6.98,158.63,77.3,338.37,112.5,53.11,30.0,0.0
1779200303.203038,80.74,46.13,1.493,80.74,46.13,1.493,VISION,3.44,419.11,-6.98,158.63,77.3,338.37,112.5,53.11,30.0,0.0
1779200303.2533484,80.74,46.13,1.493,80.74,46.13,1.493,VISION,3.44,419.11,-6.98,158.63,77.3,338.37,112.5,53.11,30.0,0.0
1779200303.3036103,80.74,46.13,1.493,80.74,46.13,1.493,VISION,3.44,419.11,-6.98,158.63,77.3,338.37,112.5,53.11,30.0,0.0
1779200303.3538852,80.74,46.13,1.493,80.74,46.13,1.493,VISION,3.44,419.11,-6.98,158.63,77.3,338.37,112.5,53.11,30.0,0.0
1779200303.4041796,80.74,46.13,1.493,80.74,46.13,1.493,VISION,3.44,419.11,-6.98,158.63,77.3,338.37,112.5,53.11,30.0,0.0
1779200303.454441,80.74,46.13,1.493,80.74,46.13,1.493,VISION,3.44,419.11,-6.98,158.63,77.3,338.37,112.5,53.11,30.0,0.0
1779200303.5047534,80.74,46.13,1.493,80.74,46.13,1.493,VISION,3.44,419.11,-6.98,158.63,77.3,338.37,112.5,53.11,30.0,0.0
1779200303.5550892,80.74,46.13,1.493,80.74,46.13,1.493,VISION,3.44,419.11,-6.98,158.63,77.3,338.37,112.5,53.11,30.0,0.0
1779200303.605493,80.74,46.13,1.493,80.74,46.13,1.493,VISION,3.44,419.11,-6.98,158.63,77.3,338.37,112.5,53.11,30.0,0.0
1779200303.6558874,80.74,46.13,1.493,80.74,46.13,1.493,ESTIMA,3.44,419.11,-6.98,158.63,77.3,338.37,112.5,53.11,30.0,0.0
1779200303.7061274,61.89,46.61,1.485,61.89,46.61,1.485,VISION,3.44,419.11,-6.98,158.63,58.45,357.22,112.02,53.59,30.0,0.0
1779200303.7563715,61.89,46.61,1.485,61.89,46.61,1.485,VISION,3.44,419.11,-6.98,158.63,58.45,357.22,112.02,53.59,30.0,0.0
1779200303.806632,61.89,46.61,1.485,61.89,46.61,1.485,VISION,3.44,419.11,-6.98,158.63,58.45,357.22,112.02,53.59,30.0,0.0
1779200303.8568637,61.89,46.61,1.485,61.89,46.61,1.485,VISION,3.44,419.11,-6.98,158.63,58.45,357.22,112.02,53.59,30.0,0.0
1779200303.9071715,61.89,46.61,1.485,61.89,46.61,1.485,VISION,3.44,419.11,-6.98,158.63,58.45,357.22,112.02,53.59,30.0,0.0
1779200303.957354,61.89,46.61,1.485,61.89,46.61,1.485,VISION,3.44,419.11,-6.98,158.63,58.45,357.22,112.02,53.59,30.0,0.0
1779200304.007631,61.89,46.61,1.485,61.89,46.61,1.485,VISION,3.44,419.11,-6.98,158.63,58.45,357.22,112.02,53.59,30.0,0.0
1779200304.0578926,61.89,46.61,1.485,61.89,46.61,1.485,VISION,3.44,419.11,-6.98,158.63,58.45,357.22,112.02,53.59,30.0,0.0
1779200304.1081672,61.89,46.61,1.485,61.89,46.61,1.485,VISION,3.44,419.11,-6.98,158.63,58.45,357.22,112.02,53.59,30.0,0.0
1779200304.1583767,61.89,46.61,1.485,61.89,46.61,1.485,VISION,3.44,419.11,-6.98,158.63,58.45,357.22,112.02,53.59,30.0,0.0
1779200304.208596,65.77856823717333,91.90739563953989,1.5533508128686437,65.77856823717333,91.90739563953989,1.5533508128686437,ESTIMA,3.44,419.11,-6.98,158.63,62.339,353.331,66.723,98.887,30.0,0.0
1779200304.2589958,65.77856823717333,91.90739563953989,1.5533508128686437,65.77856823717333,91.90739563953989,1.5533508128686437,ESTIMA,3.44,419.11,-6.98,158.63,62.339,353.331,66.723,98.887,30.0,0.0
1779200304.309268,43.22,47.14,1.483,43.22,47.14,1.483,VISION,3.44,419.11,-6.98,158.63,39.78,375.89,111.49,54.12,30.0,0.0
1779200304.35964,43.22,47.14,1.483,43.22,47.14,1.483,VISION,3.44,419.11,-6.98,158.63,39.78,375.89,111.49,54.12,0.0,0.0
1779200304.4100056,43.22,47.14,1.483,43.50965741162588,50.43071607171885,1.488477100192433,VISION,3.44,419.11,-6.98,158.63,39.78,375.89,111.49,54.12,0.0,0.0
1779200304.4602265,43.22,47.14,1.483,43.665303439097436,52.3172047918535,1.491606614582707,VISION,3.44,419.11,-6.98,158.63,39.78,375.89,111.49,54.12,0.0,0.0
1779200304.5105994,43.22,47.14,1.483,43.665303439097436,52.3172047918535,1.491606614582707,VISION,3.44,419.11,-6.98,158.63,39.78,375.89,111.49,54.12,0.0,0.0
1779200304.5609703,43.22,47.14,1.483,43.950718802288485,55.91386515861255,1.5200293523042565,VISION,3.44,419.11,-6.98,158.63,39.78,375.89,111.49,54.12,0.0,0.0
1779200304.611203,43.22,47.14,1.483,44.07757381111333,58.41048842272543,1.5551031771496355,VISION,3.44,419.11,-6.98,158.63,39.78,375.89,111.49,54.12,0.0,0.0
1779200304.6615808,43.22,47.14,1.483,44.07757381111333,58.41048842272543,1.5551031771496355,VISION,3.44,419.11,-6.98,158.63,39.78,375.89,111.49,54.12,0.0,0.0
1779200304.711941,43.22,47.14,1.483,44.07757381111333,58.41048842272543,1.5551031771496355,VISION,3.44,419.11,-6.98,158.63,39.78,375.89,111.49,54.12,0.0,0.0
1779200304.762277,43.22,47.14,1.483,44.10940279955436,60.438530990560345,1.6089256813344197,VISION,3.44,419.11,-6.98,158.63,39.78,375.89,111.49,54.12,0.0,0.0
1779200304.8124835,44.10940279955436,60.438530990560345,1.6089256813344197,44.10940279955436,60.438530990560345,1.6089256813344197,ESTIMA,3.44,419.11,-6.98,158.63,40.669,375.001,98.191,67.419,0.0,0.0
1779200304.8627672,44.066165708256214,61.571939525986984,1.6707375644469753,44.066165708256214,61.571939525986984,1.6707375644469753,ESTIMA,3.44,419.11,-6.98,158.63,40.626,375.044,97.058,68.552,-20.0,0.0
1779200304.9130304,24.68,47.75,1.477,24.68,47.75,1.477,VISION,3.44,419.11,-6.98,158.63,21.24,394.43,110.88,54.73,-20.0,0.0
1779200304.9632187,24.68,47.75,1.477,24.799702316362517,49.022449330634146,1.4516606940409864,VISION,3.44,419.11,-6.98,158.63,21.24,394.43,110.88,54.73,-20.0,0.0
1779200305.0135784,24.68,47.75,1.477,25.394109716630936,53.98815540344651,1.4201006111083314,VISION,3.44,419.11,-6.98,158.63,21.24,394.43,110.88,54.73,-20.0,0.0
1779200305.0637987,24.68,47.75,1.477,25.394109716630936,53.98815540344651,1.4201006111083314,VISION,3.44,419.11,-6.98,158.63,21.24,394.43,110.88,54.73,-20.0,0.0
1779200305.1140468,24.68,47.75,1.477,26.39387132513971,60.57216605938314,1.4201006111083314,VISION,3.44,419.11,-6.98,158.63,21.24,394.43,110.88,54.73,-20.0,0.0
1779200305.1642516,24.68,47.75,1.477,26.39387132513971,60.57216605938314,1.4201006111083314,VISION,3.44,419.11,-6.98,158.63,21.24,394.43,110.88,54.73,-20.0,0.0
1779200305.214414,24.68,47.75,1.477,26.39387132513971,60.57216605938314,1.4201006111083314,VISION,3.44,419.11,-6.98,158.63,21.24,394.43,110.88,54.73,-20.0,0.0
1779200305.2645814,24.68,47.75,1.477,27.485202726591773,67.75921696748527,1.4201006111083314,VISION,3.44,419.11,-6.98,158.63,21.24,394.43,110.88,54.73,-20.0,0.0
1779200305.314823,24.68,47.75,1.477,27.485202726591773,67.75921696748527,1.4201006111083314,VISION,3.44,419.11,-6.98,158.63,21.24,394.43,110.88,54.73,-20.0,0.0
1779200305.3650856,24.68,47.75,1.477,28.427138480888274,73.96241079960913,1.4201006111083314,VISION,3.44,419.11,-6.98,158.63,21.24,394.43,110.88,54.73,0.0,0.0
1779200305.415283,28.427138480888274,73.96241079960913,1.4201006111083314,28.427138480888274,73.96241079960913,1.4201006111083314,ESTIMA,3.44,419.11,-6.98,158.63,24.987,390.683,84.668,80.942,0.0,0.0
1779200305.465541,6.47,48.51,1.458,6.47,48.51,1.458,VISION,3.44,419.11,-6.98,158.63,3.03,412.64,110.12,55.49,0.0,0.0
1779200305.5158455,6.47,48.51,1.458,6.47,48.51,1.458,VISION,3.44,419.11,-6.98,158.63,3.03,412.64,110.12,55.49,0.0,0.0
1779200305.5661116,6.47,48.51,1.458,7.045234061356817,53.5881123468192,1.7601037792337353,VISION,3.44,419.11,-6.98,158.63,3.03,412.64,110.12,55.49,0.0,0.0
1779200305.6164749,6.47,48.51,1.458,7.045234061356817,53.5881123468192,1.7601037792337353,VISION,3.44,419.11,-6.98,158.63,3.03,412.64,110.12,55.49,0.0,0.0
1779200305.66673,6.47,48.51,1.458,6.350856605761908,57.212178316784026,2.2690676929868507,VISION,3.44,419.11,-6.98,158.63,3.03,412.64,110.12,55.49,0.0,0.0
1779200305.7169297,6.47,48.51,1.458,6.350856605761908,57.212178316784026,2.2690676929868507,VISION,3.44,419.11,-6.98,158.63,3.03,412.64,110.12,55.49,0.0,0.0
1779200305.7671068,6.47,48.51,1.458,4.052349761255299,59.95065527390827,2.762205184147277,VISION,3.44,419.11,-6.98,158.63,3.03,412.64,110.12,55.49,0.0,0.0
1779200305.9678407,-2.211681188961809,60.93417967837879,3.6574986172380135,-2.211681188961809,60.93417967837879,3.6574986172380135,ESTIMA,3.44,419.11,-6.98,158.63,-5.652,421.322,97.696,67.914,30.0,0.0
1779200306.0181255,-2.211681188961809,60.93417967837879,3.6574986172380135,-2.211681188961809,60.93417967837879,3.6574986172380135,ESTIMA,3.44,419.11,-6.98,158.63,-5.652,421.322,97.696,67.914,30.0,0.0
1779200306.0684204,-2.211681188961809,60.93417967837879,3.6574986172380135,-2.211681188961809,60.93417967837879,3.6574986172380135,ESTIMA,3.44,419.11,-6.98,158.63,-5.652,421.322,97.696,67.914,30.0,0.0
1779200306.118736,-5.953593733614666,58.811997606077064,4.250851672009572,-5.953593733614666,58.811997606077064,4.250851672009572,ESTIMA,3.44,419.11,-6.98,158.63,-9.394,425.064,99.818,65.792,30.0,0.0
1779200306.1690214,-6.36572540818644,57.98336721023448,4.256785084294691,-6.36572540818644,57.98336721023448,4.256785084294691,ESTIMA,3.44,419.11,-6.98,158.63,-9.806,425.476,100.647,64.963,30.0,0.0
1779200306.219324,-6.36572540818644,57.98336721023448,4.256785084294691,-6.36572540818644,57.98336721023448,4.256785084294691,ESTIMA,3.44,419.11,-6.98,158.63,-9.806,425.476,100.647,64.963,30.0,0.0
1779200306.2695446,-8.229280672220252,54.18008003540936,4.301181730999991,-8.229280672220252,54.18008003540936,4.301181730999991,ESTIMA,3.44,419.11,-6.98,158.63,-11.669,427.339,104.45,61.16,30.0,0.0
1779200306.3199406,-8.229280672220252,54.18008003540936,4.301181730999991,-8.229280672220252,54.18008003540936,4.301181730999991,ESTIMA,3.44,419.11,-6.98,158.63,-11.669,427.339,104.45,61.16,30.0,0.0
1779200306.3701532,-9.49080964464329,51.28711126633326,4.3329297772813575,-9.49080964464329,51.28711126633326,4.3329297772813575,ESTIMA,3.44,419.11,-6.98,158.63,-12.931,428.601,107.343,58.267,30.0,0.0
1779200306.4203467,-9.49080964464329,51.28711126633326,4.3329297772813575,-9.49080964464329,51.28711126633326,4.3329297772813575,ESTIMA,3.44,419.11,-6.98,158.63,-12.931,428.601,107.343,58.267,30.0,0.0
1779200306.470521,-9.49080964464329,51.28711126633326,4.3329297772813575,-9.49080964464329,51.28711126633326,4.3329297772813575,ESTIMA,3.44,419.11,-6.98,158.63,-12.931,428.601,107.343,58.267,30.0,0.0
1779200306.520759,-11.288179378166646,46.78000545850961,4.385261766608024,-11.288179378166646,46.78000545850961,4.385261766608024,ESTIMA,3.44,419.11,-6.98,158.63,-14.728,430.398,111.85,53.76,30.0,0.0
1779200306.5710094,-12.259873904704603,43.916337742498264,4.419606179724691,-12.259873904704603,43.916337742498264,4.419606179724691,ESTIMA,3.44,419.11,-6.98,158.63,-15.7,431.37,114.714,50.896,30.0,0.0
1779200306.621292,-12.259873904704603,43.916337742498264,4.419606179724691,-12.259873904704603,43.916337742498264,4.419606179724691,ESTIMA,3.44,419.11,-6.98,158.63,-15.7,431.37,114.714,50.896,30.0,0.0
1779200306.671578,-13.370682439891558,40.23140306182699,4.4652501412566,-13.370682439891558,40.23140306182699,4.4652501412566,ESTIMA,3.44,419.11,-6.98,158.63,-16.811,432.481,118.399,47.211,30.0,0.0
1779200306.721848,-13.370682439891558,40.23140306182699,4.4652501412566,-13.370682439891558,40.23140306182699,4.4652501412566,ESTIMA,3.44,419.11,-6.98,158.63,-16.811,432.481,118.399,47.211,30.0,0.0
1779200306.7720559,-13.370682439891558,40.23140306182699,4.4652501412566,-13.370682439891558,40.23140306182699,4.4652501412566,ESTIMA,3.44,419.11,-6.98,158.63,-16.811,432.481,118.399,47.211,30.0,0.0
1779200306.8222709,-14.39425676729988,36.17437251098662,4.509758067823219,-14.39425676729988,36.17437251098662,4.509758067823219,ESTIMA,3.44,419.11,-6.98,158.63,-17.834,433.504,122.456,43.154,30.0,0.0
1779200306.8724704,-14.39425676729988,36.17437251098662,4.509758067823219,-14.39425676729988,36.17437251098662,4.509758067823219,ESTIMA,3.44,419.11,-6.98,158.63,-17.834,433.504,122.456,43.154,30.0,0.0
1779200306.9226408,-15.13439069206571,32.57188023481993,4.545642009954372,-15.13439069206571,32.57188023481993,4.545642009954372,ESTIMA,3.44,419.11,-6.98,158.63,-18.574,434.244,126.058,39.552,30.0,0.0
1779200306.9728096,-15.13439069206571,32.57188023481993,4.545642009954372,-15.13439069206571,32.57188023481993,4.545642009954372,ESTIMA,3.44,419.11,-6.98,158.63,-18.574,434.244,126.058,39.552,30.0,0.0
1779200307.0229769,-15.80401378845672,28.59336494301342,4.584659054653459,-15.80401378845672,28.59336494301342,4.584659054653459,ESTIMA,3.44,419.11,-6.98,158.63,-19.244,434.914,130.037,35.573,30.0,0.0
1779200307.0731366,-15.80401378845672,28.59336494301342,4.584659054653459,-15.80401378845672,28.59336494301342,4.584659054653459,ESTIMA,3.44,419.11,-6.98,158.63,-19.244,434.914,130.037,35.573,30.0,0.0
1779200307.123379,-16.280112385255666,24.886272801708156,4.6235345052787595,-16.280112385255666,24.886272801708156,4.6235345052787595,ESTIMA,3.44,419.11,-6.98,158.63,-19.72,435.39,133.744,31.866,30.0,0.0
1779200307.1736054,-16.280112385255666,24.886272801708156,4.6235345052787595,-16.280112385255666,24.886272801708156,4.6235345052787595,ESTIMA,3.44,419.11,-6.98,158.63,-19.72,435.39,133.744,31.866,30.0,0.0
1779200307.2238748,-16.634494115998198,20.908435888329794,4.670108105314438,-16.634494115998198,20.908435888329794,4.670108105314438,ESTIMA,3.44,419.11,-6.98,158.63,-20.074,435.744,137.722,27.888,30.0,0.0
1779200307.274092,-16.634494115998198,20.908435888329794,4.670108105314438,-16.634494115998198,20.908435888329794,4.670108105314438,ESTIMA,3.44,419.11,-6.98,158.63,-20.074,435.744,137.722,27.888,30.0,0.0
1779200307.3242671,-16.80079283312166,16.977589869655084,4.715796842542263,-16.80079283312166,16.977589869655084,4.715796842542263,ESTIMA,3.44,419.11,-6.98,158.63,-20.241,435.911,141.652,23.958,30.0,0.0
1779200307.374434,-16.80079283312166,16.977589869655084,4.715796842542263,-16.80079283312166,16.977589869655084,4.715796842542263,ESTIMA,3.44,419.11,-6.98,158.63,-20.241,435.911,141.652,23.958,30.0,0.0
1779200307.4246168,-16.78760487910181,13.10774350934178,4.756517144298318,-16.78760487910181,13.10774350934178,4.756517144298318,ESTIMA,3.44,419.11,-6.98,158.63,-20.228,435.898,145.522,20.088,30.0,0.0
1779200307.4747546,-16.78760487910181,13.10774350934178,4.756517144298318,-16.78760487910181,13.10774350934178,4.756517144298318,ESTIMA,3.44,419.11,-6.98,158.63,-20.228,435.898,145.522,20.088,30.0,0.0
1779200307.5250118,-16.60210725988437,8.90686178310297,4.79641839973264,-16.60210725988437,8.90686178310297,4.79641839973264,ESTIMA,3.44,419.11,-6.98,158.63,-20.042,435.712,149.723,15.887,30.0,0.0
1779200307.5752995,-16.60210725988437,8.90686178310297,4.79641839973264,-16.60210725988437,8.90686178310297,4.79641839973264,ESTIMA,3.44,419.11,-6.98,158.63,-20.042,435.712,149.723,15.887,30.0,0.0
1779200307.6255393,-16.176725599798733,3.856487840603952,4.843602201407713,-16.176725599798733,3.856487840603952,4.843602201407713,ESTIMA,3.44,419.11,-6.98,158.63,-19.617,435.287,154.774,10.836,30.0,0.0
1779200307.675906,-16.176725599798733,3.856487840603952,4.843602201407713,-16.176725599798733,3.856487840603952,4.843602201407713,ESTIMA,3.44,419.11,-6.98,158.63,-19.617,435.287,154.774,10.836,30.0,0.0
1779200307.7261667,-16.176725599798733,3.856487840603952,4.843602201407713,-16.176725599798733,3.856487840603952,4.843602201407713,ESTIMA,3.44,419.11,-6.98,158.63,-19.617,435.287,154.774,10.836,30.0,0.0
1779200307.7764318,-15.605765662031919,-0.46990125591651033,4.886977151214583,-15.605765662031919,-0.46990125591651033,4.886977151214583,ESTIMA,3.44,419.11,-6.98,158.63,-19.046,434.716,159.1,6.51,30.0,0.0
1779200307.8266764,-15.605765662031919,-0.46990125591651033,4.886977151214583,-15.605765662031919,-0.46990125591651033,4.886977151214583,ESTIMA,3.44,419.11,-6.98,158.63,-19.046,434.716,159.1,6.51,30.0,0.0
1779200307.8768783,-14.942633075798216,-4.229498468330489,4.928331763294373,-14.942633075798216,-4.229498468330489,4.928331763294373,ESTIMA,3.44,419.11,-6.98,158.63,-18.383,434.053,162.859,2.751,30.0,0.0
1779200307.927101,-14.191153577708953,-7.65523094703569,4.964352284949396,-14.191153577708953,-7.65523094703569,4.964352284949396,ESTIMA,3.44,419.11,-6.98,158.63,-17.631,433.301,166.285,-0.675,30.0,0.0
1779200307.9772718,-14.191153577708953,-7.65523094703569,4.964352284949396,-14.191153577708953,-7.65523094703569,4.964352284949396,ESTIMA,3.44,419.11,-6.98,158.63,-17.631,433.301,166.285,-0.675,30.0,0.0
1779200308.0274389,-13.403604887431431,-10.714453201450382,4.993498830185296,-13.403604887431431,-10.714453201450382,4.993498830185296,ESTIMA,3.44,419.11,-6.98,158.63,-16.844,432.514,169.344,-3.734,30.0,0.0
1779200308.0776162,-13.403604887431431,-10.714453201450382,4.993498830185296,-13.403604887431431,-10.714453201450382,4.993498830185296,ESTIMA,3.44,419.11,-6.98,158.63,-16.844,432.514,169.344,-3.734,30.0,0.0
1779200308.1277418,-12.285406102082863,-14.586918210367003,5.0273759940216065,-12.285406102082863,-14.586918210367003,5.0273759940216065,ESTIMA,3.44,419.11,-6.98,158.63,-15.725,431.395,173.217,-7.607,30.0,0.0
1779200308.1779313,-12.285406102082863,-14.586918210367003,5.0273759940216065,-12.285406102082863,-14.586918210367003,5.0273759940216065,ESTIMA,3.44,419.11,-6.98,158.63,-15.725,431.395,173.217,-7.607,30.0,0.0
1779200308.2280889,-12.285406102082863,-14.586918210367003,5.0273759940216065,-12.285406102082863,-14.586918210367003,5.0273759940216065,ESTIMA,3.44,419.11,-6.98,158.63,-15.725,431.395,173.217,-7.607,30.0,0.0
1779200308.2782476,-10.707105099768764,-19.43078280891549,5.072437109196618,-10.707105099768764,-19.43078280891549,5.072437109196618,ESTIMA,3.44,419.11,-6.98,158.63,-14.147,429.817,178.061,-12.451,30.0,0.0
1779200308.3284698,-9.52719986970321,-22.56501253967468,5.1024524519553704,-9.52719986970321,-22.56501253967468,5.1024524519553704,ESTIMA,3.44,419.11,-6.98,158.63,-12.967,428.637,181.195,-15.585,30.0,0.0
1779200308.3787494,-9.52719986970321,-22.56501253967468,5.1024524519553704,-9.52719986970321,-22.56501253967468,5.1024524519553704,ESTIMA,3.44,419.11,-6.98,158.63,-12.967,428.637,181.195,-15.585,30.0,0.0
1779200308.4290025,-9.52719986970321,-22.56501253967468,5.1024524519553704,-9.52719986970321,-22.56501253967468,5.1024524519553704,ESTIMA,3.44,419.11,-6.98,158.63,-12.967,428.637,181.195,-15.585,30.0,0.0
1779200308.4791777,-7.9921417055367625,-26.29877430662531,5.138321454724211,-7.9921417055367625,-26.29877430662531,5.138321454724211,ESTIMA,3.44,419.11,-6.98,158.63,-11.432,427.102,184.929,-19.319,30.0,0.0
1779200308.5293725,-7.9921417055367625,-26.29877430662531,5.138321454724211,-7.9921417055367625,-26.29877430662531,5.138321454724211,ESTIMA,3.44,419.11,-6.98,158.63,-11.432,427.102,184.929,-19.319,30.0,0.0
1779200308.579611,-6.303751155395118,-30.020097037460648,5.174436257199071,-6.303751155395118,-30.020097037460648,5.174436257199071,ESTIMA,3.44,419.11,-6.98,158.63,-9.744,425.414,188.65,-23.04,30.0,0.0
1779200308.6299033,-6.303751155395118,-30.020097037460648,5.174436257199071,-6.303751155395118,-30.020097037460648,5.174436257199071,ESTIMA,3.44,419.11,-6.98,158.63,-9.744,425.414,188.65,-23.04,30.0,0.0
1779200308.680167,-4.575152463596413,-33.491170506214786,5.204661181531106,-4.575152463596413,-33.491170506214786,5.204661181531106,ESTIMA,3.44,419.11,-6.98,158.63,-8.015,423.685,192.121,-26.511,30.0,0.0
1779200308.730523,-4.575152463596413,-33.491170506214786,5.204661181531106,-4.575152463596413,-33.491170506214786,5.204661181531106,ESTIMA,3.44,419.11,-6.98,158.63,-8.015,423.685,192.121,-26.511,30.0,0.0
1779200308.7809966,-2.6039179766238583,-37.16671865742223,5.237846915537907,-2.6039179766238583,-37.16671865742223,5.237846915537907,ESTIMA,3.44,419.11,-6.98,158.63,-6.044,421.714,195.797,-30.187,30.0,0.0
1779200308.831289,-2.6039179766238583,-37.16671865742223,5.237846915537907,-2.6039179766238583,-37.16671865742223,5.237846915537907,ESTIMA,3.44,419.11,-6.98,158.63,-6.044,421.714,195.797,-30.187,30.0,0.0
1779200308.8815832,-0.7033523378985616,-40.44450643861891,5.269685124310221,-0.7033523378985616,-40.44450643861891,5.269685124310221,ESTIMA,3.44,419.11,-6.98,158.63,-4.143,419.813,199.075,-33.465,30.0,0.0
1779200308.9318972,-0.7033523378985616,-40.44450643861891,5.269685124310221,-0.7033523378985616,-40.44450643861891,5.269685124310221,ESTIMA,3.44,419.11,-6.98,158.63,-4.143,419.813,199.075,-33.465,30.0,0.0
1779200308.9821694,1.399679476909245,-43.819134308536775,5.305572530652796,1.399679476909245,-43.819134308536775,5.305572530652796,ESTIMA,3.44,419.11,-6.98,158.63,-2.04,417.71,202.449,-36.839,30.0,0.0
1779200309.0325255,1.399679476909245,-43.819134308536775,5.305572530652796,1.399679476909245,-43.819134308536775,5.305572530652796,ESTIMA,3.44,419.11,-6.98,158.63,-2.04,417.71,202.449,-36.839,30.0,0.0
1779200309.0828605,3.6714855607316697,-47.18888523831981,5.340391965365143,3.6714855607316697,-47.18888523831981,5.340391965365143,ESTIMA,3.44,419.11,-6.98,158.63,0.231,415.439,205.819,-40.209,30.0,0.0
1779200309.133151,3.6714855607316697,-47.18888523831981,5.340391965365143,3.6714855607316697,-47.18888523831981,5.340391965365143,ESTIMA,3.44,419.11,-6.98,158.63,0.231,415.439,205.819,-40.209,30.0,0.0
1779200309.1833227,6.705736730925617,-51.36794615025527,5.381221839833174,6.705736730925617,-51.36794615025527,5.381221839833174,ESTIMA,3.44,419.11,-6.98,158.63,3.266,412.404,209.998,-44.388,30.0,0.0
1779200309.2334838,6.705736730925617,-51.36794615025527,5.381221839833174,6.705736730925617,-51.36794615025527,5.381221839833174,ESTIMA,3.44,419.11,-6.98,158.63,3.266,412.404,209.998,-44.388,30.0,0.0
1779200309.2837377,8.45886230535394,-53.58609227908469,5.400981358289099,8.45886230535394,-53.58609227908469,5.400981358289099,ESTIMA,3.44,419.11,-6.98,158.63,5.019,410.651,212.216,-46.606,30.0,0.0
1779200309.333905,8.45886230535394,-53.58609227908469,5.400981358289099,8.45886230535394,-53.58609227908469,5.400981358289099,ESTIMA,3.44,419.11,-6.98,158.63,5.019,410.651,212.216,-46.606,30.0,0.0
1779200309.3841217,10.94144992823098,-56.60270337175144,5.42848952516954,10.94144992823098,-56.60270337175144,5.42848952516954,ESTIMA,3.44,419.11,-6.98,158.63,7.501,408.169,215.233,-49.623,30.0,0.0
1779200309.4343007,10.94144992823098,-56.60270337175144,5.42848952516954,10.94144992823098,-56.60270337175144,5.42848952516954,ESTIMA,3.44,419.11,-6.98,158.63,7.501,408.169,215.233,-49.623,30.0,0.0
1779200309.4845123,10.94144992823098,-56.60270337175144,5.42848952516954,10.94144992823098,-56.60270337175144,5.42848952516954,ESTIMA,3.44,419.11,-6.98,158.63,7.501,408.169,215.233,-49.623,30.0,0.0
1779200309.5349066,14.611720556663478,-60.82047308479321,5.4739340579495686,14.611720556663478,-60.82047308479321,5.4739340579495686,ESTIMA,3.44,419.11,-6.98,158.63,11.172,404.498,219.45,-53.84,30.0,0.0
1779200309.5852206,14.611720556663478,-60.82047308479321,5.4739340579495686,14.611720556663478,-60.82047308479321,5.4739340579495686,ESTIMA,3.44,419.11,-6.98,158.63,11.172,404.498,219.45,-53.84,30.0,0.0
1779200309.6354542,17.239486529658528,-63.57668797760669,5.507651059500873,17.239486529658528,-63.57668797760669,5.507651059500873,ESTIMA,3.44,419.11,-6.98,158.63,13.799,401.871,222.207,-56.597,30.0,0.0
1779200309.6857922,19.757373621839996,-66.04538621703598,5.5380606233674365,19.757373621839996,-66.04538621703598,5.5380606233674365,ESTIMA,3.44,419.11,-6.98,158.63,16.317,399.353,224.675,-59.065,30.0,0.0
1779200309.736057,19.757373621839996,-66.04538621703598,5.5380606233674365,19.757373621839996,-66.04538621703598,5.5380606233674365,ESTIMA,3.44,419.11,-6.98,158.63,16.317,399.353,224.675,-59.065,30.0,0.0
1779200309.7863655,22.07392270369357,-68.18247477818147,5.560195431768112,22.07392270369357,-68.18247477818147,5.560195431768112,ESTIMA,3.44,419.11,-6.98,158.63,18.634,397.036,226.812,-61.202,30.0,0.0
1779200309.8366632,22.07392270369357,-68.18247477818147,5.560195431768112,22.07392270369357,-68.18247477818147,5.560195431768112,ESTIMA,3.44,419.11,-6.98,158.63,18.634,397.036,226.812,-61.202,30.0,0.0
1779200309.886987,25.03126141207999,-70.79194662939533,5.5886830639464256,25.03126141207999,-70.79194662939533,5.5886830639464256,ESTIMA,3.44,419.11,-6.98,158.63,21.591,394.079,229.422,-63.812,30.0,0.0
1779200309.937188,25.03126141207999,-70.79194662939533,5.5886830639464256,25.03126141207999,-70.79194662939533,5.5886830639464256,ESTIMA,3.44,419.11,-6.98,158.63,21.591,394.079,229.422,-63.812,30.0,0.0
1779200309.9874682,25.03126141207999,-70.79194662939533,5.5886830639464256,25.03126141207999,-70.79194662939533,5.5886830639464256,ESTIMA,3.44,419.11,-6.98,158.63,21.591,394.079,229.422,-63.812,30.0,0.0
1779200310.0376945,30.173552515385367,-75.07513298759517,5.646492436004435,30.173552515385367,-75.07513298759517,5.646492436004435,ESTIMA,3.44,419.11,-6.98,158.63,26.734,388.936,233.705,-68.095,30.0,0.0
1779200310.0878966,31.72696392947582,-76.22375025563706,5.663243401330498,31.72696392947582,-76.22375025563706,5.663243401330498,ESTIMA,3.44,419.11,-6.98,158.63,28.287,387.383,234.854,-69.244,30.0,0.0
1779200310.138126,31.72696392947582,-76.22375025563706,5.663243401330498,31.72696392947582,-76.22375025563706,5.663243401330498,ESTIMA,3.44,419.11,-6.98,158.63,28.287,387.383,234.854,-69.244,30.0,0.0
1779200310.1884475,34.9728294156302,-78.54071820102341,5.689559873512955,34.9728294156302,-78.54071820102341,5.689559873512955,ESTIMA,3.44,419.11,-6.98,158.63,31.533,384.137,237.171,-71.561,30.0,0.0
1779200310.2387478,34.9728294156302,-78.54071820102341,5.689559873512955,34.9728294156302,-78.54071820102341,5.689559873512955,ESTIMA,3.44,419.11,-6.98,158.63,31.533,384.137,237.171,-71.561,30.0,0.0
1779200310.2890112,37.873745034733005,-80.4983116958226,5.70896053670827,37.873745034733005,-80.4983116958226,5.70896053670827,ESTIMA,3.44,419.11,-6.98,158.63,34.434,381.236,239.128,-73.518,30.0,0.0
1779200310.3392441,37.873745034733005,-80.4983116958226,5.70896053670827,37.873745034733005,-80.4983116958226,5.70896053670827,ESTIMA,3.44,419.11,-6.98,158.63,34.434,381.236,239.128,-73.518,30.0,0.0
1779200310.3895059,41.3749596762174,-82.7634058770206,5.730765464990897,41.3749596762174,-82.7634058770206,5.730765464990897,ESTIMA,3.44,419.11,-6.98,158.63,37.935,377.735,241.393,-75.783,30.0,0.0
1779200310.4397078,41.3749596762174,-82.7634058770206,5.730765464990897,41.3749596762174,-82.7634058770206,5.730765464990897,ESTIMA,3.44,419.11,-6.98,158.63,37.935,377.735,241.393,-75.783,30.0,0.0
1779200310.4898806,41.3749596762174,-82.7634058770206,5.730765464990897,41.3749596762174,-82.7634058770206,5.730765464990897,ESTIMA,3.44,419.11,-6.98,158.63,37.935,377.735,241.393,-75.783,30.0,0.0
1779200310.5402772,41.3749596762174,-82.7634058770206,5.730765464990897,41.3749596762174,-82.7634058770206,5.730765464990897,ESTIMA,3.44,419.11,-6.98,158.63,37.935,377.735,241.393,-75.783,30.0,0.0
1779200310.5906246,48.48974972041006,-87.0633735345477,5.77892387112208,48.48974972041006,-87.0633735345477,5.77892387112208,ESTIMA,3.44,419.11,-6.98,158.63,45.05,370.62,245.693,-80.083,30.0,0.0
1779200310.640886,48.48974972041006,-87.0633735345477,5.77892387112208,48.48974972041006,-87.0633735345477,5.77892387112208,ESTIMA,3.44,419.11,-6.98,158.63,45.05,370.62,245.693,-80.083,30.0,0.0
1779200310.6911294,48.48974972041006,-87.0633735345477,5.77892387112208,48.48974972041006,-87.0633735345477,5.77892387112208,ESTIMA,3.44,419.11,-6.98,158.63,45.05,370.62,245.693,-80.083,30.0,0.0
1779200310.741419,52.000688337345004,-89.000880381083,5.800416444820883,52.000688337345004,-89.000880381083,5.800416444820883,ESTIMA,3.44,419.11,-6.98,158.63,48.561,367.109,247.631,-82.021,30.0,0.0
1779200310.7916636,52.000688337345004,-89.000880381083,5.800416444820883,52.000688337345004,-89.000880381083,5.800416444820883,ESTIMA,3.44,419.11,-6.98,158.63,48.561,367.109,247.631,-82.021,30.0,0.0
1779200310.8419201,55.35577990007587,-90.75940215758821,5.85370120889901,55.35577990007587,-90.75940215758821,5.85370120889901,ESTIMA,3.44,419.11,-6.98,158.63,51.916,363.754,249.389,-83.779,30.0,0.0
1779200310.8920732,55.35577990007587,-90.75940215758821,5.85370120889901,55.35577990007587,-90.75940215758821,5.85370120889901,ESTIMA,3.44,419.11,-6.98,158.63,51.916,363.754,249.389,-83.779,30.0,0.0
1779200310.9422758,57.62197402929919,-91.79731172207077,6.074606587735603,57.62197402929919,-91.79731172207077,6.074606587735603,ESTIMA,3.44,419.11,-6.98,158.63,54.182,361.488,250.427,-84.817,30.0,0.0
1779200310.9924853,57.62197402929919,-91.79731172207077,6.074606587735603,57.62197402929919,-91.79731172207077,6.074606587735603,ESTIMA,3.44,419.11,-6.98,158.63,54.182,361.488,250.427,-84.817,30.0,0.0
1779200311.0427895,60.764990750780825,-92.46255335201171,6.242566900074488,60.764990750780825,-92.46255335201171,6.242566900074488,ESTIMA,3.44,419.11,-6.98,158.63,57.325,358.345,251.093,-85.483,30.0,0.0
1779200311.093091,60.764990750780825,-92.46255335201171,6.242566900074488,60.764990750780825,-92.46255335201171,6.242566900074488,ESTIMA,3.44,419.11,-6.98,158.63,57.325,358.345,251.093,-85.483,30.0,0.0
1779200311.143401,63.793195972236155,-92.58562191370052,6.448607141507794,63.793195972236155,-92.58562191370052,6.448607141507794,ESTIMA,3.44,419.11,-6.98,158.63,60.353,355.317,251.216,-85.606,30.0,0.0
1779200311.1936238,63.793195972236155,-92.58562191370052,6.448607141507794,63.793195972236155,-92.58562191370052,6.448607141507794,ESTIMA,3.44,419.11,-6.98,158.63,60.353,355.317,251.216,-85.606,30.0,0.0
1779200311.2437575,63.793195972236155,-92.58562191370052,6.448607141507794,63.793195972236155,-92.58562191370052,6.448607141507794,ESTIMA,3.44,419.11,-6.98,158.63,60.353,355.317,251.216,-85.606,30.0,0.0
1779200311.2939966,69.92448169081887,-91.56201955680066,6.612435940573917,69.92448169081887,-91.56201955680066,6.612435940573917,ESTIMA,3.44,419.11,-6.98,158.63,66.484,349.186,250.192,-84.582,30.0,0.0
1779200311.344276,69.92448169081887,-91.56201955680066,6.612435940573917,69.92448169081887,-91.56201955680066,6.612435940573917,ESTIMA,3.44,419.11,-6.98,158.63,66.484,349.186,250.192,-84.582,30.0,0.0
1779200311.394502,72.02485556459253,-90.84434743400256,6.636487245451186,72.02485556459253,-90.84434743400256,6.636487245451186,ESTIMA,3.44,419.11,-6.98,158.63,68.585,347.085,249.474,-83.864,30.0,0.0
1779200311.4447033,74.95583363491978,-89.76347619625338,6.639734760341179,74.95583363491978,-89.76347619625338,6.639734760341179,ESTIMA,3.44,419.11,-6.98,158.63,71.516,344.154,248.393,-82.783,30.0,0.0
1779200311.494862,74.95583363491978,-89.76347619625338,6.639734760341179,74.95583363491978,-89.76347619625338,6.639734760341179,ESTIMA,3.44,419.11,-6.98,158.63,71.516,344.154,248.393,-82.783,30.0,0.0
1779200311.545071,77.83713838385813,-88.69028085574601,6.66494667299116,77.83713838385813,-88.69028085574601,6.66494667299116,ESTIMA,3.44,419.11,-6.98,158.63,74.397,341.273,247.32,-81.71,30.0,0.0
1779200311.595344,77.83713838385813,-88.69028085574601,6.66494667299116,77.83713838385813,-88.69028085574601,6.66494667299116,ESTIMA,3.44,419.11,-6.98,158.63,74.397,341.273,247.32,-81.71,30.0,0.0
1779200311.6456113,81.78124028841458,-87.10689543526506,6.697073516686357,81.78124028841458,-87.10689543526506,6.697073516686357,ESTIMA,3.44,419.11,-6.98,158.63,78.341,337.329,245.737,-80.127,30.0,0.0
1779200311.695852,81.78124028841458,-87.10689543526506,6.697073516686357,81.78124028841458,-87.10689543526506,6.697073516686357,ESTIMA,3.44,419.11,-6.98,158.63,78.341,337.329,245.737,-80.127,30.0,0.0
1779200311.746139,81.78124028841458,-87.10689543526506,6.697073516686357,81.78124028841458,-87.10689543526506,6.697073516686357,ESTIMA,3.44,419.11,-6.98,158.63,78.341,337.329,245.737,-80.127,30.0,0.0
1779200311.7963445,86.48503280795809,-85.04069924398328,6.741348248916963,86.48503280795809,-85.04069924398328,6.741348248916963,ESTIMA,3.44,419.11,-6.98,158.63,83.045,332.625,243.671,-78.061,30.0,0.0
1779200311.846515,88.29080563206371,-84.15015917680007,6.755068026417544,88.29080563206371,-84.15015917680007,6.755068026417544,ESTIMA,3.44,419.11,-6.98,158.63,84.851,330.819,242.78,-77.17,30.0,0.0
1779200311.8967934,88.29080563206371,-84.15015917680007,6.755068026417544,88.29080563206371,-84.15015917680007,6.755068026417544,ESTIMA,3.44,419.11,-6.98,158.63,84.851,330.819,242.78,-77.17,30.0,0.0
1779200311.9470308,91.79028645964839,-82.36424573787848,6.781782825021433,91.79028645964839,-82.36424573787848,6.781782825021433,ESTIMA,3.44,419.11,-6.98,158.63,88.35,327.32,240.994,-75.384,30.0,0.0
1779200311.9972217,91.79028645964839,-82.36424573787848,6.781782825021433,91.79028645964839,-82.36424573787848,6.781782825021433,ESTIMA,3.44,419.11,-6.98,158.63,88.35,327.32,240.994,-75.384,30.0,0.0
1779200312.0473895,95.30049528792973,-80.45299728393286,6.8016115704539,95.30049528792973,-80.45299728393286,6.8016115704539,ESTIMA,3.44,419.11,-6.98,158.63,91.86,323.81,239.083,-73.473,30.0,0.0
1779200312.0975537,95.30049528792973,-80.45299728393286,6.8016115704539,95.30049528792973,-80.45299728393286,6.8016115704539,ESTIMA,3.44,419.11,-6.98,158.63,91.86,323.81,239.083,-73.473,30.0,0.0
1779200312.1477163,98.91909986600876,-78.38867724038805,6.822824293464346,98.91909986600876,-78.38867724038805,6.822824293464346,ESTIMA,3.44,419.11,-6.98,158.63,95.479,320.191,237.019,-71.409,30.0,0.0
1779200312.1978893,98.91909986600876,-78.38867724038805,6.822824293464346,98.91909986600876,-78.38867724038805,6.822824293464346,ESTIMA,3.44,419.11,-6.98,158.63,95.479,320.191,237.019,-71.409,30.0,0.0
1779200312.2480578,98.91909986600876,-78.38867724038805,6.822824293464346,98.91909986600876,-78.38867724038805,6.822824293464346,ESTIMA,3.44,419.11,-6.98,158.63,95.479,320.191,237.019,-71.409,30.0,0.0
1779200312.2982185,102.58917021176387,-76.1905289862327,6.84879534180818,102.58917021176387,-76.1905289862327,6.84879534180818,ESTIMA,3.44,419.11,-6.98,158.63,99.149,316.521,234.821,-69.211,30.0,0.0
1779200312.348585,102.58917021176387,-76.1905289862327,6.84879534180818,102.58917021176387,-76.1905289862327,6.84879534180818,ESTIMA,3.44,419.11,-6.98,158.63,99.149,316.521,234.821,-69.211,30.0,0.0
1779200312.3988242,106.14735628122187,-73.93181969277424,6.872269981525207,106.14735628122187,-73.93181969277424,6.872269981525207,ESTIMA,3.44,419.11,-6.98,158.63,102.707,312.963,232.562,-66.952,30.0,0.0
1779200312.4490309,106.14735628122187,-73.93181969277424,6.872269981525207,106.14735628122187,-73.93181969277424,6.872269981525207,ESTIMA,3.44,419.11,-6.98,158.63,102.707,312.963,232.562,-66.952,30.0,0.0
1779200312.4992926,106.14735628122187,-73.93181969277424,6.872269981525207,106.14735628122187,-73.93181969277424,6.872269981525207,ESTIMA,3.44,419.11,-6.98,158.63,102.707,312.963,232.562,-66.952,30.0,0.0
1779200312.5495834,112.6179173933919,-69.6079915500383,6.9136586215149185,112.6179173933919,-69.6079915500383,6.9136586215149185,ESTIMA,3.44,419.11,-6.98,158.63,109.178,306.492,228.238,-62.628,30.0,0.0
1779200312.5998538,112.6179173933919,-69.6079915500383,6.9136586215149185,112.6179173933919,-69.6079915500383,6.9136586215149185,ESTIMA,3.44,419.11,-6.98,158.63,109.178,306.492,228.238,-62.628,30.0,0.0
1779200312.6501231,114.48993036544623,-68.24172176778497,6.926295863490751,114.48993036544623,-68.24172176778497,6.926295863490751,ESTIMA,3.44,419.11,-6.98,158.63,111.05,304.62,226.872,-61.262,30.0,0.0
1779200312.700368,116.38026175963036,-66.8251264369405,6.939141430887443,116.38026175963036,-66.8251264369405,6.939141430887443,ESTIMA,3.44,419.11,-6.98,158.63,112.94,302.73,225.455,-59.845,30.0,0.0
1779200312.7508051,116.38026175963036,-66.8251264369405,6.939141430887443,116.38026175963036,-66.8251264369405,6.939141430887443,ESTIMA,3.44,419.11,-6.98,158.63,112.94,302.73,225.455,-59.845,30.0,0.0
1779200312.8011682,119.70393348616648,-64.26707748130123,6.9614514042581845,119.70393348616648,-64.26707748130123,6.9614514042581845,ESTIMA,3.44,419.11,-6.98,158.63,116.264,299.406,222.897,-57.287,30.0,0.0
1779200312.8515778,119.70393348616648,-64.26707748130123,6.9614514042581845,119.70393348616648,-64.26707748130123,6.9614514042581845,ESTIMA,3.44,419.11,-6.98,158.63,116.264,299.406,222.897,-57.287,30.0,0.0
1779200312.9019,123.1177330455311,-61.51624589387501,6.9815217212928,123.1177330455311,-61.51624589387501,6.9815217212928,ESTIMA,3.44,419.11,-6.98,158.63,119.678,295.992,220.146,-54.536,30.0,0.0
1779200312.9522789,123.1177330455311,-61.51624589387501,6.9815217212928,123.1177330455311,-61.51624589387501,6.9815217212928,ESTIMA,3.44,419.11,-6.98,158.63,119.678,295.992,220.146,-54.536,30.0,0.0
1779200313.0026624,126.28692452606471,-58.855872730470566,7.008029478936605,126.28692452606471,-58.855872730470566,7.008029478936605,ESTIMA,3.44,419.11,-6.98,158.63,122.847,292.823,217.486,-51.876,30.0,0.0
1779200313.0529969,126.28692452606471,-58.855872730470566,7.008029478936605,126.28692452606471,-58.855872730470566,7.008029478936605,ESTIMA,3.44,419.11,-6.98,158.63,122.847,292.823,217.486,-51.876,30.0,0.0
1779200313.1034346,126.28692452606471,-58.855872730470566,7.008029478936605,126.28692452606471,-58.855872730470566,7.008029478936605,ESTIMA,3.44,419.11,-6.98,158.63,122.847,292.823,217.486,-51.876,30.0,0.0
1779200313.1539116,129.9887662879001,-55.57724373960833,7.039820030853629,129.9887662879001,-55.57724373960833,7.039820030853629,ESTIMA,3.44,419.11,-6.98,158.63,126.549,289.121,214.207,-48.597,30.0,0.0
1779200313.204319,132.50954421967958,-53.197461656203274,7.085431038348372,132.50954421967958,-53.197461656203274,7.085431038348372,ESTIMA,3.44,419.11,-6.98,158.63,129.07,286.6,211.827,-46.217,30.0,0.0
1779200313.2548556,132.50954421967958,-53.197461656203274,7.085431038348372,132.50954421967958,-53.197461656203274,7.085431038348372,ESTIMA,3.44,419.11,-6.98,158.63,129.07,286.6,211.827,-46.217,30.0,0.0
1779200313.30506,134.83259665087354,-50.79478464424288,7.186868845138636,134.83259665087354,-50.79478464424288,7.186868845138636,ESTIMA,3.44,419.11,-6.98,158.63,131.393,284.277,209.425,-43.815,30.0,0.0
1779200313.3552341,134.83259665087354,-50.79478464424288,7.186868845138636,134.83259665087354,-50.79478464424288,7.186868845138636,ESTIMA,3.44,419.11,-6.98,158.63,131.393,284.277,209.425,-43.815,30.0,0.0
1779200313.4054058,137.20993397342554,-47.776194551959044,7.234347237686463,137.20993397342554,-47.776194551959044,7.234347237686463,ESTIMA,3.44,419.11,-6.98,158.63,133.77,281.9,206.406,-40.796,30.0,0.0
1779200313.45563,137.20993397342554,-47.776194551959044,7.234347237686463,137.20993397342554,-47.776194551959044,7.234347237686463,ESTIMA,3.44,419.11,-6.98,158.63,133.77,281.9,206.406,-40.796,30.0,0.0
1779200313.505832,139.75965032701998,-44.201945474803495,7.2539816927053415,139.75965032701998,-44.201945474803495,7.2539816927053415,ESTIMA,3.44,419.11,-6.98,158.63,136.32,279.35,202.832,-37.222,30.0,0.0
1779200313.5560575,139.75965032701998,-44.201945474803495,7.2539816927053415,139.75965032701998,-44.201945474803495,7.2539816927053415,ESTIMA,3.44,419.11,-6.98,158.63,136.32,279.35,202.832,-37.222,30.0,0.0
1779200313.6063058,139.75965032701998,-44.201945474803495,7.2539816927053415,139.75965032701998,-44.201945474803495,7.2539816927053415,ESTIMA,3.44,419.11,-6.98,158.63,136.32,279.35,202.832,-37.222,30.0,0.0
1779200313.6566358,142.17670860092142,-40.66894074673763,7.281272487898021,142.17670860092142,-40.66894074673763,7.281272487898021,ESTIMA,3.44,419.11,-6.98,158.63,138.737,276.933,199.299,-33.689,30.0,0.0
1779200313.706939,142.17670860092142,-40.66894074673763,7.281272487898021,142.17670860092142,-40.66894074673763,7.281272487898021,ESTIMA,3.44,419.11,-6.98,158.63,138.737,276.933,199.299,-33.689,30.0,0.0
1779200313.7572112,143.84845901325022,-38.07626519357282,7.40000933714081,143.84845901325022,-38.07626519357282,7.40000933714081,ESTIMA,3.44,419.11,-6.98,158.63,140.408,275.262,196.706,-31.096,30.0,0.0
1779200313.8074725,143.84845901325022,-38.07626519357282,7.40000933714081,143.84845901325022,-38.07626519357282,7.40000933714081,ESTIMA,3.44,419.11,-6.98,158.63,140.408,275.262,196.706,-31.096,30.0,0.0
1779200313.8576987,145.39773703209127,-34.90127905852785,7.404485714419627,145.39773703209127,-34.90127905852785,7.404485714419627,ESTIMA,3.44,419.11,-6.98,158.63,141.958,273.712,193.531,-27.921,30.0,0.0
1779200313.9079936,145.39773703209127,-34.90127905852785,7.404485714419627,145.39773703209127,-34.90127905852785,7.404485714419627,ESTIMA,3.44,419.11,-6.98,158.63,141.958,273.712,193.531,-27.921,30.0,0.0
1779200313.9581633,146.8397393852596,-31.912261269277067,7.419248611796182,146.8397393852596,-31.912261269277067,7.419248611796182,ESTIMA,3.44,419.11,-6.98,158.63,143.4,272.27,190.542,-24.932,30.0,0.0
1779200314.0083299,146.8397393852596,-31.912261269277067,7.419248611796182,146.8397393852596,-31.912261269277067,7.419248611796182,ESTIMA,3.44,419.11,-6.98,158.63,143.4,272.27,190.542,-24.932,30.0,0.0
1779200314.0586061,148.5335794179354,-28.264590259545113,7.428330196788999,148.5335794179354,-28.264590259545113,7.428330196788999,ESTIMA,3.44,419.11,-6.98,158.63,145.094,270.576,186.895,-21.285,30.0,0.0
1779200314.1088915,148.5335794179354,-28.264590259545113,7.428330196788999,148.5335794179354,-28.264590259545113,7.428330196788999,ESTIMA,3.44,419.11,-6.98,158.63,145.094,270.576,186.895,-21.285,30.0,0.0
1779200314.1591692,149.9246807074439,-25.196220846994084,7.439147084361075,149.9246807074439,-25.196220846994084,7.439147084361075,ESTIMA,3.44,419.11,-6.98,158.63,146.485,269.185,183.826,-18.216,30.0,0.0
1779200314.209501,149.9246807074439,-25.196220846994084,7.439147084361075,149.9246807074439,-25.196220846994084,7.439147084361075,ESTIMA,3.44,419.11,-6.98,158.63,146.485,269.185,183.826,-18.216,30.0,0.0
1779200314.259933,151.4279079151901,-21.782829951696275,7.438875339015014,151.4279079151901,-21.782829951696275,7.438875339015014,ESTIMA,3.44,419.11,-6.98,158.63,147.988,267.682,180.413,-14.803,30.0,0.0
1779200314.3101351,151.4279079151901,-21.782829951696275,7.438875339015014,151.4279079151901,-21.782829951696275,7.438875339015014,ESTIMA,3.44,419.11,-6.98,158.63,147.988,267.682,180.413,-14.803,30.0,0.0
1779200314.3603477,153.18161630057233,-17.80360126411939,7.442562343775042,153.18161630057233,-17.80360126411939,7.442562343775042,ESTIMA,3.44,419.11,-6.98,158.63,149.742,265.928,176.434,-10.824,30.0,0.0
1779200314.4105153,153.18161630057233,-17.80360126411939,7.442562343775042,153.18161630057233,-17.80360126411939,7.442562343775042,ESTIMA,3.44,419.11,-6.98,158.63,149.742,265.928,176.434,-10.824,30.0,0.0
1779200314.4607375,154.61606239847032,-14.515997540131297,7.450786014721982,154.61606239847032,-14.515997540131297,7.450786014721982,ESTIMA,3.44,419.11,-6.98,158.63,151.176,264.494,173.146,-7.536,30.0,0.0
1779200314.5109499,154.61606239847032,-14.515997540131297,7.450786014721982,154.61606239847032,-14.515997540131297,7.450786014721982,ESTIMA,3.44,419.11,-6.98,158.63,151.176,264.494,173.146,-7.536,30.0,0.0
1779200314.5611458,155.8863438955652,-11.538066932592683,7.465236419017939,155.8863438955652,-11.538066932592683,7.465236419017939,ESTIMA,3.44,419.11,-6.98,158.63,152.446,263.224,170.168,-4.558,30.0,0.0
1779200314.6114326,155.8863438955652,-11.538066932592683,7.465236419017939,155.8863438955652,-11.538066932592683,7.465236419017939,ESTIMA,3.44,419.11,-6.98,158.63,152.446,263.224,170.168,-4.558,30.0,0.0
1779200314.6616602,157.31464935966397,-8.050898283486433,7.470004258299961,157.31464935966397,-8.050898283486433,7.470004258299961,ESTIMA,3.44,419.11,-6.98,158.63,153.875,261.795,166.681,-1.071,30.0,0.0
1779200314.711943,157.31464935966397,-8.050898283486433,7.470004258299961,157.31464935966397,-8.050898283486433,7.470004258299961,ESTIMA,3.44,419.11,-6.98,158.63,153.875,261.795,166.681,-1.071,30.0,0.0
1779200314.7622266,158.6624840863562,-4.7149377199937765,7.47667548261466,158.6624840863562,-4.7149377199937765,7.47667548261466,ESTIMA,3.44,419.11,-6.98,158.63,155.222,260.448,163.345,2.265,30.0,0.0
1779200314.8125033,158.6624840863562,-4.7149377199937765,7.47667548261466,158.6624840863562,-4.7149377199937765,7.47667548261466,ESTIMA,3.44,419.11,-6.98,158.63,155.222,260.448,163.345,2.265,30.0,0.0
1779200314.8627813,160.01549623958297,-1.30076195151402,7.479361490309867,160.01549623958297,-1.30076195151402,7.479361490309867,ESTIMA,3.44,419.11,-6.98,158.63,156.575,259.095,159.931,5.679,30.0,0.0
1779200314.9130588,160.01549623958297,-1.30076195151402,7.479361490309867,160.01549623958297,-1.30076195151402,7.479361490309867,ESTIMA,3.44,419.11,-6.98,158.63,156.575,259.095,159.931,5.679,30.0,0.0
1779200314.963284,160.01549623958297,-1.30076195151402,7.479361490309867,160.01549623958297,-1.30076195151402,7.479361490309867,ESTIMA,3.44,419.11,-6.98,158.63,156.575,259.095,159.931,5.679,30.0,0.0
1779200315.013464,161.50769825400036,2.4943749345828428,7.481458005972467,161.50769825400036,2.4943749345828428,7.481458005972467,ESTIMA,3.44,419.11,-6.98,158.63,158.068,257.602,156.136,9.474,30.0,0.0
1779200315.063638,162.57994657965494,5.238317087580052,7.48781947578314,162.57994657965494,5.238317087580052,7.48781947578314,ESTIMA,3.44,419.11,-6.98,158.63,159.14,256.53,153.392,12.218,30.0,0.0
1779200315.113814,162.57994657965494,5.238317087580052,7.48781947578314,162.57994657965494,5.238317087580052,7.48781947578314,ESTIMA,3.44,419.11,-6.98,158.63,159.14,256.53,153.392,12.218,30.0,0.0
1779200315.163986,163.9439426425684,8.795443286871546,7.50044716107648,163.9439426425684,8.795443286871546,7.50044716107648,ESTIMA,3.44,419.11,-6.98,158.63,160.504,255.166,149.835,15.775,30.0,0.0
1779200315.2141752,163.9439426425684,8.795443286871546,7.50044716107648,163.9439426425684,8.795443286871546,7.50044716107648,ESTIMA,3.44,419.11,-6.98,158.63,160.504,255.166,149.835,15.775,30.0,0.0
1779200315.264352,165.18208747393365,12.150493711884488,7.508589796143649,165.18208747393365,12.150493711884488,7.508589796143649,ESTIMA,3.44,419.11,-6.98,158.63,161.742,253.928,146.48,19.13,30.0,0.0
1779200315.3145318,165.18208747393365,12.150493711884488,7.508589796143649,165.18208747393365,12.150493711884488,7.508589796143649,ESTIMA,3.44,419.11,-6.98,158.63,161.742,253.928,146.48,19.13,30.0,0.0
1779200315.3649006,166.27602907647184,15.19078235847419,7.499818527689889,166.27602907647184,15.19078235847419,7.499818527689889,ESTIMA,3.44,419.11,-6.98,158.63,162.836,252.834,143.439,22.171,30.0,0.0
1779200315.415216,166.27602907647184,15.19078235847419,7.499818527689889,166.27602907647184,15.19078235847419,7.499818527689889,ESTIMA,3.44,419.11,-6.98,158.63,162.836,252.834,143.439,22.171,30.0,0.0
1779200315.4656808,166.27602907647184,15.19078235847419,7.499818527689889,166.27602907647184,15.19078235847419,7.499818527689889,ESTIMA,3.44,419.11,-6.98,158.63,162.836,252.834,143.439,22.171,30.0,0.0
1779200315.5160537,167.64610062783632,18.896146764210595,7.497000607400362,167.64610062783632,18.896146764210595,7.497000607400362,ESTIMA,3.44,419.11,-6.98,158.63,164.206,251.464,139.734,25.876,30.0,0.0
1779200315.5664818,167.64610062783632,18.896146764210595,7.497000607400362,167.64610062783632,18.896146764210595,7.497000607400362,ESTIMA,3.44,419.11,-6.98,158.63,164.206,251.464,139.734,25.876,30.0,0.0
1779200315.616929,168.40663764647243,20.93533838651838,7.4985007537988295,168.40663764647243,20.93533838651838,7.4985007537988295,ESTIMA,3.44,419.11,-6.98,158.63,164.967,250.703,137.695,27.915,30.0,0.0
1779200315.667247,168.40663764647243,20.93533838651838,7.4985007537988295,168.40663764647243,20.93533838651838,7.4985007537988295,ESTIMA,3.44,419.11,-6.98,158.63,164.967,250.703,137.695,27.915,30.0,0.0
1779200315.7177424,169.3993745223973,23.609361312363653,7.483855751067013,169.3993745223973,23.609361312363653,7.483855751067013,ESTIMA,3.44,419.11,-6.98,158.63,165.959,249.711,135.021,30.589,30.0,0.0
1779200315.768186,169.3993745223973,23.609361312363653,7.483855751067013,169.3993745223973,23.609361312363653,7.483855751067013,ESTIMA,3.44,419.11,-6.98,158.63,165.959,249.711,135.021,30.589,30.0,0.0
1779200315.8185048,170.75128224995544,27.093587836643895,7.492047544247362,170.75128224995544,27.093587836643895,7.492047544247362,ESTIMA,3.44,419.11,-6.98,158.63,167.311,248.359,131.536,34.074,30.0,0.0
1779200315.868917,170.75128224995544,27.093587836643895,7.492047544247362,170.75128224995544,27.093587836643895,7.492047544247362,ESTIMA,3.44,419.11,-6.98,158.63,167.311,248.359,131.536,34.074,30.0,0.0
1779200315.9191756,172.25774016668785,31.072478197298217,7.523381774212373,172.25774016668785,31.072478197298217,7.523381774212373,ESTIMA,3.44,419.11,-6.98,158.63,168.818,246.852,127.558,38.052,30.0,0.0
1779200315.9694424,172.25774016668785,31.072478197298217,7.523381774212373,172.25774016668785,31.072478197298217,7.523381774212373,ESTIMA,3.44,419.11,-6.98,158.63,168.818,246.852,127.558,38.052,30.0,0.0
1779200316.0196795,32.83,50.68,1.472,32.83,50.68,1.472,VISION,3.44,419.11,-6.98,158.63,29.39,386.28,107.95,57.66,30.0,0.0
1779200316.0698502,32.83,50.68,1.472,32.83,50.68,1.472,VISION,3.44,419.11,-6.98,158.63,29.39,386.28,107.95,57.66,0.0,0.0
1779200316.1200438,32.83,50.68,1.472,32.83,50.68,1.472,VISION,3.44,419.11,-6.98,158.63,29.39,386.28,107.95,57.66,0.0,0.0
1779200316.1702425,32.83,50.68,1.472,33.352885346016585,55.955327636815724,1.5062818162443,VISION,3.44,419.11,-6.98,158.63,29.39,386.28,107.95,57.66,0.0,0.0
1779200316.2204165,32.83,50.68,1.472,33.56428571524285,59.227568170463776,1.5349809305678117,VISION,3.44,419.11,-6.98,158.63,29.39,386.28,107.95,57.66,0.0,0.0
1779200316.270625,32.83,50.68,1.472,33.56428571524285,59.227568170463776,1.5349809305678117,VISION,3.44,419.11,-6.98,158.63,29.39,386.28,107.95,57.66,0.0,0.0
1779200316.3208394,32.83,50.68,1.472,33.652101723299936,61.67842633894817,1.5879013165543436,VISION,3.44,419.11,-6.98,158.63,29.39,386.28,107.95,57.66,0.0,0.0
1779200316.3710172,32.83,50.68,1.472,33.652101723299936,61.67842633894817,1.5879013165543436,VISION,3.44,419.11,-6.98,158.63,29.39,386.28,107.95,57.66,0.0,0.0
1779200316.4211845,32.83,50.68,1.472,33.618001126750066,63.67183710617686,1.6693706496865723,VISION,3.44,419.11,-6.98,158.63,29.39,386.28,107.95,57.66,0.0,0.0
1779200316.471364,32.83,50.68,1.472,33.618001126750066,63.67183710617686,1.6693706496865723,VISION,3.44,419.11,-6.98,158.63,29.39,386.28,107.95,57.66,0.0,0.0
1779200316.521523,32.83,50.68,1.472,33.618001126750066,63.67183710617686,1.6693706496865723,VISION,3.44,419.11,-6.98,158.63,29.39,386.28,107.95,57.66,0.0,0.0
1779200316.571829,33.5098603038406,64.76533009929102,1.761046322991665,33.5098603038406,64.76533009929102,1.761046322991665,ESTIMA,3.44,419.11,-6.98,158.63,30.07,385.6,93.865,71.745,-20.0,0.0
1779200316.6221185,14.06,50.99,1.496,14.06,50.99,1.496,VISION,3.44,419.11,-6.98,158.63,10.62,405.05,107.64,57.97,-20.0,0.0
1779200316.6723766,14.06,50.99,1.496,14.127579680510452,51.89183050085524,1.527264134800413,VISION,3.44,419.11,-6.98,158.63,10.62,405.05,107.64,57.97,-20.0,0.0
1779200316.7226293,14.06,50.99,1.496,14.127579680510452,51.89183050085524,1.527264134800413,VISION,3.44,419.11,-6.98,158.63,10.62,405.05,107.64,57.97,-20.0,0.0
1779200316.7728927,14.06,50.99,1.496,14.386526928602542,57.836480718443205,1.4238019567609101,VISION,3.44,419.11,-6.98,158.63,10.62,405.05,107.64,57.97,-20.0,0.0
1779200316.8232875,14.06,50.99,1.496,14.386526928602542,57.836480718443205,1.4238019567609101,VISION,3.44,419.11,-6.98,158.63,10.62,405.05,107.64,57.97,-20.0,0.0
1779200316.873509,14.06,50.99,1.496,14.994369758378717,61.9417981784911,1.4238019567609101,VISION,3.44,419.11,-6.98,158.63,10.62,405.05,107.64,57.97,-20.0,0.0
1779200316.9238057,14.06,50.99,1.496,14.994369758378717,61.9417981784911,1.4238019567609101,VISION,3.44,419.11,-6.98,158.63,10.62,405.05,107.64,57.97,-20.0,0.0
1779200316.9740021,14.06,50.99,1.496,15.952139666929199,68.41049261012341,1.4238019567609101,VISION,3.44,419.11,-6.98,158.63,10.62,405.05,107.64,57.97,-20.0,0.0
1779200317.024173,14.06,50.99,1.496,15.952139666929199,68.41049261012341,1.4238019567609101,VISION,3.44,419.11,-6.98,158.63,10.62,405.05,107.64,57.97,-20.0,0.0
1779200317.0743465,14.06,50.99,1.496,17.020366686255095,75.6252047345526,1.4238019567609101,VISION,3.44,419.11,-6.98,158.63,10.62,405.05,107.64,57.97,0.0,0.0
1779200317.1246467,17.020366686255095,75.6252047345526,1.4238019567609101,17.020366686255095,75.6252047345526,1.4238019567609101,ESTIMA,3.44,419.11,-6.98,158.63,13.58,402.09,83.005,82.605,0.0,0.0
1779200317.1748912,3.48,50.74,1.463,3.48,50.74,1.463,VISION,3.44,419.11,-6.98,158.63,0.04,415.63,107.89,57.72,0.0,0.0
1779200317.225073,3.48,50.74,1.463,3.48,50.74,1.463,VISION,3.44,419.11,-6.98,158.63,0.04,415.63,107.89,57.72,0.0,0.0
1779200317.2752445,3.48,50.74,1.463,3.975189540074445,55.31594451646537,1.8031553358155388,VISION,3.44,419.11,-6.98,158.63,0.04,415.63,107.89,57.72,0.0,0.0
1779200317.3254445,3.48,50.74,1.463,3.975189540074445,55.31594451646537,1.8031553358155388,VISION,3.44,419.11,-6.98,158.63,0.04,415.63,107.89,57.72,0.0,0.0
1779200317.3756588,3.48,50.74,1.463,3.1993443319931743,58.59462901001745,2.267876653764505,VISION,3.44,419.11,-6.98,158.63,0.04,415.63,107.89,57.72,0.0,0.0
1779200317.425999,3.48,50.74,1.463,3.1993443319931743,58.59462901001745,2.267876653764505,VISION,3.44,419.11,-6.98,158.63,0.04,415.63,107.89,57.72,0.0,0.0
1779200317.476231,3.48,50.74,1.463,1.0367805475368463,61.17738196837493,2.732507635735983,VISION,3.44,419.11,-6.98,158.63,0.04,415.63,107.89,57.72,0.0,0.0
1779200317.6770453,-5.833052659576094,62.301045299655755,3.7207523830293896,-5.833052659576094,62.301045299655755,3.7207523830293896,ESTIMA,3.44,419.11,-6.98,158.63,-9.273,424.943,96.329,69.281,30.0,0.0
1779200317.727489,-5.833052659576094,62.301045299655755,3.7207523830293896,-5.833052659576094,62.301045299655755,3.7207523830293896,ESTIMA,3.44,419.11,-6.98,158.63,-9.273,424.943,96.329,69.281,30.0,0.0
1779200317.7778425,17.9,48.17,1.312,17.9,48.17,1.312,VISION,3.44,419.11,-6.98,158.63,14.46,401.21,110.46,55.15,30.0,0.0
1779200317.8281932,17.9,48.17,1.312,17.9,48.17,1.312,VISION,3.44,419.11,-6.98,158.63,14.46,401.21,110.46,55.15,0.0,0.0
1779200317.8785222,17.9,48.17,1.312,18.7012443987481,51.19661208614389,1.3063871790840451,VISION,3.44,419.11,-6.98,158.63,14.46,401.21,110.46,55.15,0.0,0.0
1779200317.9289145,17.9,48.17,1.312,18.7012443987481,51.19661208614389,1.3063871790840451,VISION,3.44,419.11,-6.98,158.63,14.46,401.21,110.46,55.15,0.0,0.0
1779200317.9792812,17.9,48.17,1.312,18.7012443987481,51.19661208614389,1.3063871790840451,VISION,3.44,419.11,-6.98,158.63,14.46,401.21,110.46,55.15,0.0,0.0
1779200318.029645,17.9,48.17,1.312,19.58616589415724,54.46504085691606,1.3448873839423898,VISION,3.44,419.11,-6.98,158.63,14.46,401.21,110.46,55.15,0.0,0.0
1779200318.0798519,17.9,48.17,1.312,19.58616589415724,54.46504085691606,1.3448873839423898,VISION,3.44,419.11,-6.98,158.63,14.46,401.21,110.46,55.15,0.0,0.0
1779200318.1300192,17.9,48.17,1.312,20.15669713254777,56.94742331324465,1.3940642734859368,VISION,3.44,419.11,-6.98,158.63,14.46,401.21,110.46,55.15,0.0,0.0
1779200318.1801653,17.9,48.17,1.312,20.332538880808375,57.93200512281591,1.4288367957954116,VISION,3.44,419.11,-6.98,158.63,14.46,401.21,110.46,55.15,0.0,0.0
1779200318.2303193,17.9,48.17,1.312,20.332538880808375,57.93200512281591,1.4288367957954116,VISION,3.44,419.11,-6.98,158.63,14.46,401.21,110.46,55.15,0.0,0.0
