2026-06-02 14:44:06.785 - [robot_6_log_20260602_144405.csv] - INFO - Agent Bouncer Robot is listening
2026-06-02 14:44:06.785 - [robot_6_log_20260602_144405.csv] - INFO - Suscrito a topic b'6/pos'
2026-06-02 14:44:06.785 - [robot_6_log_20260602_144405.csv] - WARNING - Esperando posición inicial... Aún no se han recibido datos de visión.
2026-06-02 14:44:06.785 - [robot_6_log_20260602_144405.csv] - INFO - Suscrito a topic b'arena/boundaries'
2026-06-02 14:44:06.795 - [robot_6_log_20260602_144405.csv] - INFO - Suscrito a topic b'agent/6/feedback'
2026-06-02 14:44:06.795 - [robot_6_log_20260602_144405.csv] - INFO - Suscrito a topic b'agent/6/wheel'
2026-06-02 14:44:06.816 - [robot_6_log_20260602_144405.csv] - INFO - Agent Bouncer Robot en marcha
2026-06-02 14:44:06.816 - [robot_6_log_20260602_144405.csv] - INFO - Agente Bouncer Robot y despachador en marcha.
2026-06-02 14:44:06.835 - [robot_6_log_20260602_144405.csv] - DEBUG - Despachado a ZMQ -> agent/6/move: {'v': 0.0, 'w': 0.0}
2026-06-02 14:44:06.834 - [robot_6_log_20260602_144405.csv] - WARNING - Esperando posición inicial... Aún no se han recibido datos de visión.
2026-06-02 14:44:06.840 - [robot_6_log_20260602_144405.csv] - DEBUG - Incoming data. Topic agent/6/wheel, mensaje {"Wleft":1.657007864e-15,"Wright":-3.719247132e-16}
2026-06-02 14:44:06.855 - [robot_6_log_20260602_144405.csv] - DEBUG - Despachado a ZMQ -> agent/6/move: {'v': 0.0, 'w': 0.0}
2026-06-02 14:44:06.885 - [robot_6_log_20260602_144405.csv] - WARNING - Esperando posición inicial... Aún no se han recibido datos de visión.
2026-06-02 14:44:06.906 - [robot_6_log_20260602_144405.csv] - DEBUG - Despachado a ZMQ -> agent/6/move: {'v': 0.0, 'w': 0.0}
2026-06-02 14:44:06.934 - [robot_6_log_20260602_144405.csv] - WARNING - Esperando posición inicial... Aún no se han recibido datos de visión.
2026-06-02 14:44:06.946 - [robot_6_log_20260602_144405.csv] - DEBUG - Despachado a ZMQ -> agent/6/move: {'v': 0.0, 'w': 0.0}
2026-06-02 14:44:06.946 - [robot_6_log_20260602_144405.csv] - DEBUG - Incoming data. Topic agent/6/wheel, mensaje {"Wleft":1.657007864e-15,"Wright":-3.719247132e-16}
2026-06-02 14:44:06.984 - [robot_6_log_20260602_144405.csv] - WARNING - Esperando posición inicial... Aún no se han recibido datos de visión.
2026-06-02 14:44:07.006 - [robot_6_log_20260602_144405.csv] - DEBUG - Despachado a ZMQ -> agent/6/move: {'v': 0.0, 'w': 0.0}
2026-06-02 14:44:07.034 - [robot_6_log_20260602_144405.csv] - WARNING - Esperando posición inicial... Aún no se han recibido datos de visión.
2026-06-02 14:44:07.046 - [robot_6_log_20260602_144405.csv] - DEBUG - Incoming data. Topic agent/6/wheel, mensaje {"Wleft":1.657007864e-15,"Wright":-3.719247132e-16}
2026-06-02 14:44:07.051 - [robot_6_log_20260602_144405.csv] - DEBUG - Despachado a ZMQ -> agent/6/move: {'v': 0.0, 'w': 0.0}
2026-06-02 14:44:07.085 - [robot_6_log_20260602_144405.csv] - WARNING - Esperando posición inicial... Aún no se han recibido datos de visión.
2026-06-02 14:44:07.096 - [robot_6_log_20260602_144405.csv] - DEBUG - Despachado a ZMQ -> agent/6/move: {'v': 0.0, 'w': 0.0}
2026-06-02 14:44:07.135 - [robot_6_log_20260602_144405.csv] - WARNING - Esperando posición inicial... Aún no se han recibido datos de visión.
2026-06-02 14:44:07.151 - [robot_6_log_20260602_144405.csv] - DEBUG - Incoming data. Topic agent/6/wheel, mensaje {"Wleft":1.657007864e-15,"Wright":-3.719247132e-16}
2026-06-02 14:44:07.151 - [robot_6_log_20260602_144405.csv] - DEBUG - Despachado a ZMQ -> agent/6/move: {'v': 0.0, 'w': 0.0}
2026-06-02 14:44:07.185 - [robot_6_log_20260602_144405.csv] - WARNING - Esperando posición inicial... Aún no se han recibido datos de visión.
2026-06-02 14:44:07.206 - [robot_6_log_20260602_144405.csv] - DEBUG - Despachado a ZMQ -> agent/6/move: {'v': 0.0, 'w': 0.0}
2026-06-02 14:44:07.235 - [robot_6_log_20260602_144405.csv] - WARNING - Esperando posición inicial... Aún no se han recibido datos de visión.
2026-06-02 14:44:07.251 - [robot_6_log_20260602_144405.csv] - DEBUG - Incoming data. Topic agent/6/wheel, mensaje {"Wleft":1.657007864e-15,"Wright":-3.719247132e-16}
2026-06-02 14:44:07.251 - [robot_6_log_20260602_144405.csv] - DEBUG - Despachado a ZMQ -> agent/6/move: {'v': 0.0, 'w': 0.0}
2026-06-02 14:44:07.285 - [robot_6_log_20260602_144405.csv] - WARNING - Esperando posición inicial... Aún no se han recibido datos de visión.
2026-06-02 14:44:07.306 - [robot_6_log_20260602_144405.csv] - DEBUG - Despachado a ZMQ -> agent/6/move: {'v': 0.0, 'w': 0.0}
2026-06-02 14:44:07.334 - [robot_6_log_20260602_144405.csv] - WARNING - Esperando posición inicial... Aún no se han recibido datos de visión.
2026-06-02 14:44:07.355 - [robot_6_log_20260602_144405.csv] - DEBUG - Despachado a ZMQ -> agent/6/move: {'v': 0.0, 'w': 0.0}
2026-06-02 14:44:07.355 - [robot_6_log_20260602_144405.csv] - DEBUG - Incoming data. Topic agent/6/wheel, mensaje {"Wleft":1.657007864e-15,"Wright":-3.719247132e-16}
2026-06-02 14:44:07.385 - [robot_6_log_20260602_144405.csv] - WARNING - Esperando posición inicial... Aún no se han recibido datos de visión.
2026-06-02 14:44:07.406 - [robot_6_log_20260602_144405.csv] - DEBUG - Despachado a ZMQ -> agent/6/move: {'v': 0.0, 'w': 0.0}
2026-06-02 14:44:07.434 - [robot_6_log_20260602_144405.csv] - WARNING - Esperando posición inicial... Aún no se han recibido datos de visión.
2026-06-02 14:44:07.456 - [robot_6_log_20260602_144405.csv] - DEBUG - Despachado a ZMQ -> agent/6/move: {'v': 0.0, 'w': 0.0}
2026-06-02 14:44:07.456 - [robot_6_log_20260602_144405.csv] - DEBUG - Incoming data. Topic agent/6/wheel, mensaje {"Wleft":1.657007864e-15,"Wright":-3.719247132e-16}
2026-06-02 14:44:07.485 - [robot_6_log_20260602_144405.csv] - WARNING - Esperando posición inicial... Aún no se han recibido datos de visión.
2026-06-02 14:44:07.506 - [robot_6_log_20260602_144405.csv] - DEBUG - Despachado a ZMQ -> agent/6/move: {'v': 0.0, 'w': 0.0}
2026-06-02 14:44:07.535 - [robot_6_log_20260602_144405.csv] - WARNING - Esperando posición inicial... Aún no se han recibido datos de visión.
2026-06-02 14:44:07.556 - [robot_6_log_20260602_144405.csv] - DEBUG - Despachado a ZMQ -> agent/6/move: {'v': 0.0, 'w': 0.0}
2026-06-02 14:44:07.562 - [robot_6_log_20260602_144405.csv] - DEBUG - Incoming data. Topic agent/6/wheel, mensaje {"Wleft":1.657007864e-15,"Wright":-3.719247132e-16}
2026-06-02 14:44:07.584 - [robot_6_log_20260602_144405.csv] - WARNING - Esperando posición inicial... Aún no se han recibido datos de visión.
2026-06-02 14:44:07.605 - [robot_6_log_20260602_144405.csv] - DEBUG - Despachado a ZMQ -> agent/6/move: {'v': 0.0, 'w': 0.0}
2026-06-02 14:44:07.634 - [robot_6_log_20260602_144405.csv] - WARNING - Esperando posición inicial... Aún no se han recibido datos de visión.
2026-06-02 14:44:07.655 - [robot_6_log_20260602_144405.csv] - DEBUG - Despachado a ZMQ -> agent/6/move: {'v': 0.0, 'w': 0.0}
2026-06-02 14:44:07.662 - [robot_6_log_20260602_144405.csv] - DEBUG - Incoming data. Topic agent/6/wheel, mensaje {"Wleft":1.657007864e-15,"Wright":-3.719247132e-16}
2026-06-02 14:44:07.685 - [robot_6_log_20260602_144405.csv] - WARNING - Esperando posición inicial... Aún no se han recibido datos de visión.
2026-06-02 14:44:07.691 - [robot_6_log_20260602_144405.csv] - DEBUG - Despachado a ZMQ -> agent/6/move: {'v': 0.0, 'w': 0.0}
2026-06-02 14:44:07.734 - [robot_6_log_20260602_144405.csv] - WARNING - Esperando posición inicial... Aún no se han recibido datos de visión.
2026-06-02 14:44:07.756 - [robot_6_log_20260602_144405.csv] - DEBUG - Despachado a ZMQ -> agent/6/move: {'v': 0.0, 'w': 0.0}
2026-06-02 14:44:07.761 - [robot_6_log_20260602_144405.csv] - DEBUG - Incoming data. Topic agent/6/wheel, mensaje {"Wleft":1.657007864e-15,"Wright":-3.719247132e-16}
2026-06-02 14:44:07.784 - [robot_6_log_20260602_144405.csv] - WARNING - Esperando posición inicial... Aún no se han recibido datos de visión.
2026-06-02 14:44:07.806 - [robot_6_log_20260602_144405.csv] - DEBUG - Despachado a ZMQ -> agent/6/move: {'v': 0.0, 'w': 0.0}
2026-06-02 14:44:07.834 - [robot_6_log_20260602_144405.csv] - WARNING - Esperando posición inicial... Aún no se han recibido datos de visión.
2026-06-02 14:44:07.856 - [robot_6_log_20260602_144405.csv] - DEBUG - Despachado a ZMQ -> agent/6/move: {'v': 0.0, 'w': 0.0}
2026-06-02 14:44:07.861 - [robot_6_log_20260602_144405.csv] - DEBUG - Incoming data. Topic agent/6/wheel, mensaje {"Wleft":1.657007864e-15,"Wright":-3.719247132e-16}
2026-06-02 14:44:07.884 - [robot_6_log_20260602_144405.csv] - WARNING - Esperando posición inicial... Aún no se han recibido datos de visión.
2026-06-02 14:44:07.906 - [robot_6_log_20260602_144405.csv] - DEBUG - Despachado a ZMQ -> agent/6/move: {'v': 0.0, 'w': 0.0}
2026-06-02 14:44:07.934 - [robot_6_log_20260602_144405.csv] - WARNING - Esperando posición inicial... Aún no se han recibido datos de visión.
2026-06-02 14:44:07.956 - [robot_6_log_20260602_144405.csv] - DEBUG - Despachado a ZMQ -> agent/6/move: {'v': 0.0, 'w': 0.0}
2026-06-02 14:44:07.985 - [robot_6_log_20260602_144405.csv] - WARNING - Esperando posición inicial... Aún no se han recibido datos de visión.
2026-06-02 14:44:08.006 - [robot_6_log_20260602_144405.csv] - DEBUG - Despachado a ZMQ -> agent/6/move: {'v': 0.0, 'w': 0.0}
2026-06-02 14:44:08.034 - [robot_6_log_20260602_144405.csv] - WARNING - Esperando posición inicial... Aún no se han recibido datos de visión.
2026-06-02 14:44:08.051 - [robot_6_log_20260602_144405.csv] - DEBUG - Despachado a ZMQ -> agent/6/move: {'v': 0.0, 'w': 0.0}
2026-06-02 14:44:08.056 - [robot_6_log_20260602_144405.csv] - DEBUG - Incoming data. Topic agent/6/wheel, mensaje {"Wleft":1.657007864e-15,"Wright":-3.719247132e-16}
2026-06-02 14:44:08.081 - [robot_6_log_20260602_144405.csv] - DEBUG - Incoming data. Topic agent/6/wheel, mensaje {"Wleft":1.657007864e-15,"Wright":-3.719247132e-16}
2026-06-02 14:44:08.084 - [robot_6_log_20260602_144405.csv] - WARNING - Esperando posición inicial... Aún no se han recibido datos de visión.
2026-06-02 14:44:08.101 - [robot_6_log_20260602_144405.csv] - DEBUG - Despachado a ZMQ -> agent/6/move: {'v': 0.0, 'w': 0.0}
2026-06-02 14:44:08.134 - [robot_6_log_20260602_144405.csv] - WARNING - Esperando posición inicial... Aún no se han recibido datos de visión.
2026-06-02 14:44:08.155 - [robot_6_log_20260602_144405.csv] - DEBUG - Despachado a ZMQ -> agent/6/move: {'v': 0.0, 'w': 0.0}
2026-06-02 14:44:08.185 - [robot_6_log_20260602_144405.csv] - WARNING - Esperando posición inicial... Aún no se han recibido datos de visión.
2026-06-02 14:44:08.206 - [robot_6_log_20260602_144405.csv] - DEBUG - Despachado a ZMQ -> agent/6/move: {'v': 0.0, 'w': 0.0}
2026-06-02 14:44:08.206 - [robot_6_log_20260602_144405.csv] - DEBUG - Incoming data. Topic agent/6/wheel, mensaje {"Wleft":1.657007864e-15,"Wright":-3.719247132e-16}
2026-06-02 14:44:08.234 - [robot_6_log_20260602_144405.csv] - WARNING - Esperando posición inicial... Aún no se han recibido datos de visión.
2026-06-02 14:44:08.256 - [robot_6_log_20260602_144405.csv] - DEBUG - Despachado a ZMQ -> agent/6/move: {'v': 0.0, 'w': 0.0}
2026-06-02 14:44:08.285 - [robot_6_log_20260602_144405.csv] - WARNING - Esperando posición inicial... Aún no se han recibido datos de visión.
2026-06-02 14:44:08.306 - [robot_6_log_20260602_144405.csv] - DEBUG - Incoming data. Topic agent/6/wheel, mensaje {"Wleft":1.657007864e-15,"Wright":-3.719247132e-16}
2026-06-02 14:44:08.311 - [robot_6_log_20260602_144405.csv] - DEBUG - Despachado a ZMQ -> agent/6/move: {'v': 0.0, 'w': 0.0}
2026-06-02 14:44:08.334 - [robot_6_log_20260602_144405.csv] - WARNING - Esperando posición inicial... Aún no se han recibido datos de visión.
2026-06-02 14:44:08.355 - [robot_6_log_20260602_144405.csv] - DEBUG - Despachado a ZMQ -> agent/6/move: {'v': 0.0, 'w': 0.0}
2026-06-02 14:44:08.385 - [robot_6_log_20260602_144405.csv] - WARNING - Esperando posición inicial... Aún no se han recibido datos de visión.
2026-06-02 14:44:08.406 - [robot_6_log_20260602_144405.csv] - DEBUG - Despachado a ZMQ -> agent/6/move: {'v': 0.0, 'w': 0.0}
2026-06-02 14:44:08.406 - [robot_6_log_20260602_144405.csv] - DEBUG - Incoming data. Topic agent/6/wheel, mensaje {"Wleft":1.657007864e-15,"Wright":-3.719247132e-16}
2026-06-02 14:44:08.435 - [robot_6_log_20260602_144405.csv] - WARNING - Esperando posición inicial... Aún no se han recibido datos de visión.
2026-06-02 14:44:08.455 - [robot_6_log_20260602_144405.csv] - DEBUG - Despachado a ZMQ -> agent/6/move: {'v': 0.0, 'w': 0.0}
2026-06-02 14:44:08.485 - [robot_6_log_20260602_144405.csv] - WARNING - Esperando posición inicial... Aún no se han recibido datos de visión.
2026-06-02 14:44:08.506 - [robot_6_log_20260602_144405.csv] - DEBUG - Incoming data. Topic agent/6/wheel, mensaje {"Wleft":1.657007864e-15,"Wright":-3.719247132e-16}
2026-06-02 14:44:08.511 - [robot_6_log_20260602_144405.csv] - DEBUG - Despachado a ZMQ -> agent/6/move: {'v': 0.0, 'w': 0.0}
2026-06-02 14:44:08.535 - [robot_6_log_20260602_144405.csv] - WARNING - Esperando posición inicial... Aún no se han recibido datos de visión.
2026-06-02 14:44:08.545 - [robot_6_log_20260602_144405.csv] - DEBUG - Despachado a ZMQ -> agent/6/move: {'v': 0.0, 'w': 0.0}
2026-06-02 14:44:08.585 - [robot_6_log_20260602_144405.csv] - WARNING - Esperando posición inicial... Aún no se han recibido datos de visión.
2026-06-02 14:44:08.606 - [robot_6_log_20260602_144405.csv] - DEBUG - Despachado a ZMQ -> agent/6/move: {'v': 0.0, 'w': 0.0}
2026-06-02 14:44:08.611 - [robot_6_log_20260602_144405.csv] - DEBUG - Incoming data. Topic agent/6/wheel, mensaje {"Wleft":1.657007864e-15,"Wright":-3.719247132e-16}
2026-06-02 14:44:08.635 - [robot_6_log_20260602_144405.csv] - WARNING - Esperando posición inicial... Aún no se han recibido datos de visión.
2026-06-02 14:44:08.656 - [robot_6_log_20260602_144405.csv] - DEBUG - Despachado a ZMQ -> agent/6/move: {'v': 0.0, 'w': 0.0}
2026-06-02 14:44:08.685 - [robot_6_log_20260602_144405.csv] - WARNING - Esperando posición inicial... Aún no se han recibido datos de visión.
2026-06-02 14:44:08.706 - [robot_6_log_20260602_144405.csv] - DEBUG - Incoming data. Topic agent/6/wheel, mensaje {"Wleft":1.657007864e-15,"Wright":-3.719247132e-16}
2026-06-02 14:44:08.711 - [robot_6_log_20260602_144405.csv] - DEBUG - Despachado a ZMQ -> agent/6/move: {'v': 0.0, 'w': 0.0}
2026-06-02 14:44:08.734 - [robot_6_log_20260602_144405.csv] - WARNING - Esperando posición inicial... Aún no se han recibido datos de visión.
2026-06-02 14:44:08.755 - [robot_6_log_20260602_144405.csv] - DEBUG - Despachado a ZMQ -> agent/6/move: {'v': 0.0, 'w': 0.0}
2026-06-02 14:44:08.785 - [robot_6_log_20260602_144405.csv] - WARNING - Esperando posición inicial... Aún no se han recibido datos de visión.
2026-06-02 14:44:08.806 - [robot_6_log_20260602_144405.csv] - DEBUG - Despachado a ZMQ -> agent/6/move: {'v': 0.0, 'w': 0.0}
2026-06-02 14:44:08.818 - [robot_6_log_20260602_144405.csv] - DEBUG - Incoming data. Topic agent/6/wheel, mensaje {"Wleft":1.657007864e-15,"Wright":-3.719247132e-16}
2026-06-02 14:44:08.835 - [robot_6_log_20260602_144405.csv] - WARNING - Esperando posición inicial... Aún no se han recibido datos de visión.
2026-06-02 14:44:08.850 - [robot_6_log_20260602_144405.csv] - DEBUG - Despachado a ZMQ -> agent/6/move: {'v': 0.0, 'w': 0.0}
2026-06-02 14:44:08.885 - [robot_6_log_20260602_144405.csv] - WARNING - Esperando posición inicial... Aún no se han recibido datos de visión.
2026-06-02 14:44:08.906 - [robot_6_log_20260602_144405.csv] - DEBUG - Despachado a ZMQ -> agent/6/move: {'v': 0.0, 'w': 0.0}
2026-06-02 14:44:08.911 - [robot_6_log_20260602_144405.csv] - DEBUG - Incoming data. Topic agent/6/wheel, mensaje {"Wleft":1.657007864e-15,"Wright":-3.719247132e-16}
2026-06-02 14:44:08.935 - [robot_6_log_20260602_144405.csv] - WARNING - Esperando posición inicial... Aún no se han recibido datos de visión.
2026-06-02 14:44:08.941 - [robot_6_log_20260602_144405.csv] - DEBUG - Despachado a ZMQ -> agent/6/move: {'v': 0.0, 'w': 0.0}
2026-06-02 14:44:08.985 - [robot_6_log_20260602_144405.csv] - WARNING - Esperando posición inicial... Aún no se han recibido datos de visión.
2026-06-02 14:44:09.005 - [robot_6_log_20260602_144405.csv] - DEBUG - Despachado a ZMQ -> agent/6/move: {'v': 0.0, 'w': 0.0}
2026-06-02 14:44:09.035 - [robot_6_log_20260602_144405.csv] - WARNING - Esperando posición inicial... Aún no se han recibido datos de visión.
2026-06-02 14:44:09.051 - [robot_6_log_20260602_144405.csv] - DEBUG - Despachado a ZMQ -> agent/6/move: {'v': 0.0, 'w': 0.0}
2026-06-02 14:44:09.051 - [robot_6_log_20260602_144405.csv] - DEBUG - Incoming data. Topic agent/6/wheel, mensaje {"Wleft":1.657007864e-15,"Wright":-3.719247132e-16}
2026-06-02 14:44:09.085 - [robot_6_log_20260602_144405.csv] - WARNING - Esperando posición inicial... Aún no se han recibido datos de visión.
2026-06-02 14:44:09.105 - [robot_6_log_20260602_144405.csv] - DEBUG - Incoming data. Topic agent/6/wheel, mensaje {"Wleft":1.657007864e-15,"Wright":-3.719247132e-16}
2026-06-02 14:44:09.111 - [robot_6_log_20260602_144405.csv] - DEBUG - Despachado a ZMQ -> agent/6/move: {'v': 0.0, 'w': 0.0}
2026-06-02 14:44:09.135 - [robot_6_log_20260602_144405.csv] - WARNING - Esperando posición inicial... Aún no se han recibido datos de visión.
2026-06-02 14:44:09.155 - [robot_6_log_20260602_144405.csv] - DEBUG - Despachado a ZMQ -> agent/6/move: {'v': 0.0, 'w': 0.0}
2026-06-02 14:44:09.185 - [robot_6_log_20260602_144405.csv] - WARNING - Esperando posición inicial... Aún no se han recibido datos de visión.
2026-06-02 14:44:09.206 - [robot_6_log_20260602_144405.csv] - DEBUG - Despachado a ZMQ -> agent/6/move: {'v': 0.0, 'w': 0.0}
2026-06-02 14:44:09.211 - [robot_6_log_20260602_144405.csv] - DEBUG - Incoming data. Topic agent/6/wheel, mensaje {"Wleft":1.657007864e-15,"Wright":-3.719247132e-16}
2026-06-02 14:44:09.235 - [robot_6_log_20260602_144405.csv] - WARNING - Esperando posición inicial... Aún no se han recibido datos de visión.
2026-06-02 14:44:09.256 - [robot_6_log_20260602_144405.csv] - DEBUG - Despachado a ZMQ -> agent/6/move: {'v': 0.0, 'w': 0.0}
2026-06-02 14:44:09.285 - [robot_6_log_20260602_144405.csv] - WARNING - Esperando posición inicial... Aún no se han recibido datos de visión.
2026-06-02 14:44:09.305 - [robot_6_log_20260602_144405.csv] - DEBUG - Despachado a ZMQ -> agent/6/move: {'v': 0.0, 'w': 0.0}
2026-06-02 14:44:09.310 - [robot_6_log_20260602_144405.csv] - DEBUG - Incoming data. Topic agent/6/wheel, mensaje {"Wleft":1.657007864e-15,"Wright":-3.719247132e-16}
2026-06-02 14:44:09.335 - [robot_6_log_20260602_144405.csv] - WARNING - Esperando posición inicial... Aún no se han recibido datos de visión.
2026-06-02 14:44:09.356 - [robot_6_log_20260602_144405.csv] - DEBUG - Despachado a ZMQ -> agent/6/move: {'v': 0.0, 'w': 0.0}
2026-06-02 14:44:09.385 - [robot_6_log_20260602_144405.csv] - WARNING - Esperando posición inicial... Aún no se han recibido datos de visión.
2026-06-02 14:44:09.406 - [robot_6_log_20260602_144405.csv] - DEBUG - Despachado a ZMQ -> agent/6/move: {'v': 0.0, 'w': 0.0}
2026-06-02 14:44:09.417 - [robot_6_log_20260602_144405.csv] - DEBUG - Incoming data. Topic agent/6/wheel, mensaje {"Wleft":1.657007864e-15,"Wright":-3.719247132e-16}
2026-06-02 14:44:09.435 - [robot_6_log_20260602_144405.csv] - WARNING - Esperando posición inicial... Aún no se han recibido datos de visión.
2026-06-02 14:44:09.456 - [robot_6_log_20260602_144405.csv] - DEBUG - Despachado a ZMQ -> agent/6/move: {'v': 0.0, 'w': 0.0}
2026-06-02 14:44:09.485 - [robot_6_log_20260602_144405.csv] - WARNING - Esperando posición inicial... Aún no se han recibido datos de visión.
2026-06-02 14:44:09.506 - [robot_6_log_20260602_144405.csv] - DEBUG - Despachado a ZMQ -> agent/6/move: {'v': 0.0, 'w': 0.0}
2026-06-02 14:44:09.535 - [robot_6_log_20260602_144405.csv] - WARNING - Esperando posición inicial... Aún no se han recibido datos de visión.
2026-06-02 14:44:09.545 - [robot_6_log_20260602_144405.csv] - DEBUG - Incoming data. Topic agent/6/wheel, mensaje {"Wleft":1.657007864e-15,"Wright":-3.719247132e-16}
2026-06-02 14:44:09.565 - [robot_6_log_20260602_144405.csv] - DEBUG - Despachado a ZMQ -> agent/6/move: {'v': 0.0, 'w': 0.0}
2026-06-02 14:44:09.585 - [robot_6_log_20260602_144405.csv] - WARNING - Esperando posición inicial... Aún no se han recibido datos de visión.
2026-06-02 14:44:09.605 - [robot_6_log_20260602_144405.csv] - DEBUG - Despachado a ZMQ -> agent/6/move: {'v': 0.0, 'w': 0.0}
2026-06-02 14:44:09.605 - [robot_6_log_20260602_144405.csv] - DEBUG - Incoming data. Topic agent/6/wheel, mensaje {"Wleft":1.657007864e-15,"Wright":-3.719247132e-16}
2026-06-02 14:44:09.635 - [robot_6_log_20260602_144405.csv] - WARNING - Esperando posición inicial... Aún no se han recibido datos de visión.
2026-06-02 14:44:09.656 - [robot_6_log_20260602_144405.csv] - DEBUG - Despachado a ZMQ -> agent/6/move: {'v': 0.0, 'w': 0.0}
2026-06-02 14:44:09.685 - [robot_6_log_20260602_144405.csv] - WARNING - Esperando posición inicial... Aún no se han recibido datos de visión.
2026-06-02 14:44:09.706 - [robot_6_log_20260602_144405.csv] - DEBUG - Despachado a ZMQ -> agent/6/move: {'v': 0.0, 'w': 0.0}
2026-06-02 14:44:09.735 - [robot_6_log_20260602_144405.csv] - WARNING - Esperando posición inicial... Aún no se han recibido datos de visión.
2026-06-02 14:44:09.745 - [robot_6_log_20260602_144405.csv] - DEBUG - Incoming data. Topic agent/6/wheel, mensaje {"Wleft":1.657007864e-15,"Wright":-3.719247132e-16}
2026-06-02 14:44:09.760 - [robot_6_log_20260602_144405.csv] - DEBUG - Despachado a ZMQ -> agent/6/move: {'v': 0.0, 'w': 0.0}
2026-06-02 14:44:09.785 - [robot_6_log_20260602_144405.csv] - WARNING - Esperando posición inicial... Aún no se han recibido datos de visión.
2026-06-02 14:44:09.805 - [robot_6_log_20260602_144405.csv] - DEBUG - Despachado a ZMQ -> agent/6/move: {'v': 0.0, 'w': 0.0}
2026-06-02 14:44:09.811 - [robot_6_log_20260602_144405.csv] - DEBUG - Incoming data. Topic agent/6/wheel, mensaje {"Wleft":1.657007864e-15,"Wright":-3.719247132e-16}
2026-06-02 14:44:09.835 - [robot_6_log_20260602_144405.csv] - WARNING - Esperando posición inicial... Aún no se han recibido datos de visión.
2026-06-02 14:44:09.855 - [robot_6_log_20260602_144405.csv] - DEBUG - Despachado a ZMQ -> agent/6/move: {'v': 0.0, 'w': 0.0}
2026-06-02 14:44:09.885 - [robot_6_log_20260602_144405.csv] - WARNING - Esperando posición inicial... Aún no se han recibido datos de visión.
2026-06-02 14:44:09.891 - [robot_6_log_20260602_144405.csv] - DEBUG - Despachado a ZMQ -> agent/6/move: {'v': 0.0, 'w': 0.0}
2026-06-02 14:44:09.933 - [robot_6_log_20260602_144405.csv] - DEBUG - Incoming data. Topic agent/6/wheel, mensaje {"Wleft":1.657007864e-15,"Wright":-3.719247132e-16}
2026-06-02 14:44:09.935 - [robot_6_log_20260602_144405.csv] - WARNING - Esperando posición inicial... Aún no se han recibido datos de visión.
2026-06-02 14:44:09.941 - [robot_6_log_20260602_144405.csv] - DEBUG - Despachado a ZMQ -> agent/6/move: {'v': 0.0, 'w': 0.0}
2026-06-02 14:44:09.985 - [robot_6_log_20260602_144405.csv] - WARNING - Esperando posición inicial... Aún no se han recibido datos de visión.
2026-06-02 14:44:10.005 - [robot_6_log_20260602_144405.csv] - DEBUG - Despachado a ZMQ -> agent/6/move: {'v': 0.0, 'w': 0.0}
2026-06-02 14:44:10.005 - [robot_6_log_20260602_144405.csv] - DEBUG - Incoming data. Topic agent/6/wheel, mensaje {"Wleft":1.657007864e-15,"Wright":-3.719247132e-16}
2026-06-02 14:44:10.035 - [robot_6_log_20260602_144405.csv] - WARNING - Esperando posición inicial... Aún no se han recibido datos de visión.
2026-06-02 14:44:10.056 - [robot_6_log_20260602_144405.csv] - DEBUG - Despachado a ZMQ -> agent/6/move: {'v': 0.0, 'w': 0.0}
2026-06-02 14:44:10.085 - [robot_6_log_20260602_144405.csv] - WARNING - Esperando posición inicial... Aún no se han recibido datos de visión.
2026-06-02 14:44:10.106 - [robot_6_log_20260602_144405.csv] - DEBUG - Despachado a ZMQ -> agent/6/move: {'v': 0.0, 'w': 0.0}
2026-06-02 14:44:10.135 - [robot_6_log_20260602_144405.csv] - WARNING - Esperando posición inicial... Aún no se han recibido datos de visión.
2026-06-02 14:44:10.150 - [robot_6_log_20260602_144405.csv] - DEBUG - Despachado a ZMQ -> agent/6/move: {'v': 0.0, 'w': 0.0}
2026-06-02 14:44:10.161 - [robot_6_log_20260602_144405.csv] - DEBUG - Incoming data. Topic agent/6/wheel, mensaje {"Wleft":1.657007864e-15,"Wright":-3.719247132e-16}
2026-06-02 14:44:10.185 - [robot_6_log_20260602_144405.csv] - WARNING - Esperando posición inicial... Aún no se han recibido datos de visión.
2026-06-02 14:44:10.205 - [robot_6_log_20260602_144405.csv] - DEBUG - Despachado a ZMQ -> agent/6/move: {'v': 0.0, 'w': 0.0}
2026-06-02 14:44:10.235 - [robot_6_log_20260602_144405.csv] - WARNING - Esperando posición inicial... Aún no se han recibido datos de visión.
2026-06-02 14:44:10.240 - [robot_6_log_20260602_144405.csv] - DEBUG - Despachado a ZMQ -> agent/6/move: {'v': 0.0, 'w': 0.0}
2026-06-02 14:44:10.251 - [robot_6_log_20260602_144405.csv] - DEBUG - Incoming data. Topic agent/6/wheel, mensaje {"Wleft":1.657007864e-15,"Wright":-3.719247132e-16}
2026-06-02 14:44:10.285 - [robot_6_log_20260602_144405.csv] - WARNING - Esperando posición inicial... Aún no se han recibido datos de visión.
2026-06-02 14:44:10.306 - [robot_6_log_20260602_144405.csv] - DEBUG - Despachado a ZMQ -> agent/6/move: {'v': 0.0, 'w': 0.0}
2026-06-02 14:44:10.335 - [robot_6_log_20260602_144405.csv] - WARNING - Esperando posición inicial... Aún no se han recibido datos de visión.
2026-06-02 14:44:10.350 - [robot_6_log_20260602_144405.csv] - DEBUG - Despachado a ZMQ -> agent/6/move: {'v': 0.0, 'w': 0.0}
2026-06-02 14:44:10.355 - [robot_6_log_20260602_144405.csv] - DEBUG - Incoming data. Topic agent/6/wheel, mensaje {"Wleft":1.657007864e-15,"Wright":-3.719247132e-16}
2026-06-02 14:44:10.385 - [robot_6_log_20260602_144405.csv] - WARNING - Esperando posición inicial... Aún no se han recibido datos de visión.
2026-06-02 14:44:10.406 - [robot_6_log_20260602_144405.csv] - DEBUG - Despachado a ZMQ -> agent/6/move: {'v': 0.0, 'w': 0.0}
2026-06-02 14:44:10.435 - [robot_6_log_20260602_144405.csv] - WARNING - Esperando posición inicial... Aún no se han recibido datos de visión.
2026-06-02 14:44:10.451 - [robot_6_log_20260602_144405.csv] - DEBUG - Incoming data. Topic agent/6/wheel, mensaje {"Wleft":1.657007864e-15,"Wright":-3.719247132e-16}
2026-06-02 14:44:10.456 - [robot_6_log_20260602_144405.csv] - DEBUG - Despachado a ZMQ -> agent/6/move: {'v': 0.0, 'w': 0.0}
2026-06-02 14:44:10.485 - [robot_6_log_20260602_144405.csv] - WARNING - Esperando posición inicial... Aún no se han recibido datos de visión.
2026-06-02 14:44:10.490 - [robot_6_log_20260602_144405.csv] - DEBUG - Despachado a ZMQ -> agent/6/move: {'v': 0.0, 'w': 0.0}
2026-06-02 14:44:10.532 - [robot_6_log_20260602_144405.csv] - DEBUG - Incoming data. Topic agent/6/wheel, mensaje {"Wleft":1.657007864e-15,"Wright":-3.719247132e-16}
2026-06-02 14:44:10.535 - [robot_6_log_20260602_144405.csv] - WARNING - Esperando posición inicial... Aún no se han recibido datos de visión.
2026-06-02 14:44:10.556 - [robot_6_log_20260602_144405.csv] - DEBUG - Despachado a ZMQ -> agent/6/move: {'v': 0.0, 'w': 0.0}
2026-06-02 14:44:10.585 - [robot_6_log_20260602_144405.csv] - WARNING - Esperando posición inicial... Aún no se han recibido datos de visión.
2026-06-02 14:44:10.605 - [robot_6_log_20260602_144405.csv] - DEBUG - Despachado a ZMQ -> agent/6/move: {'v': 0.0, 'w': 0.0}
2026-06-02 14:44:10.635 - [robot_6_log_20260602_144405.csv] - WARNING - Esperando posición inicial... Aún no se han recibido datos de visión.
2026-06-02 14:44:10.650 - [robot_6_log_20260602_144405.csv] - DEBUG - Despachado a ZMQ -> agent/6/move: {'v': 0.0, 'w': 0.0}
2026-06-02 14:44:10.651 - [robot_6_log_20260602_144405.csv] - DEBUG - Incoming data. Topic agent/6/wheel, mensaje {"Wleft":1.657007864e-15,"Wright":-3.719247132e-16}
2026-06-02 14:44:10.685 - [robot_6_log_20260602_144405.csv] - WARNING - Esperando posición inicial... Aún no se han recibido datos de visión.
2026-06-02 14:44:10.706 - [robot_6_log_20260602_144405.csv] - DEBUG - Despachado a ZMQ -> agent/6/move: {'v': 0.0, 'w': 0.0}
2026-06-02 14:44:10.735 - [robot_6_log_20260602_144405.csv] - WARNING - Esperando posición inicial... Aún no se han recibido datos de visión.
2026-06-02 14:44:10.745 - [robot_6_log_20260602_144405.csv] - DEBUG - Incoming data. Topic agent/6/wheel, mensaje {"Wleft":1.657007864e-15,"Wright":-3.719247132e-16}
2026-06-02 14:44:10.756 - [robot_6_log_20260602_144405.csv] - DEBUG - Despachado a ZMQ -> agent/6/move: {'v': 0.0, 'w': 0.0}
2026-06-02 14:44:10.785 - [robot_6_log_20260602_144405.csv] - WARNING - Esperando posición inicial... Aún no se han recibido datos de visión.
2026-06-02 14:44:10.806 - [robot_6_log_20260602_144405.csv] - DEBUG - Despachado a ZMQ -> agent/6/move: {'v': 0.0, 'w': 0.0}
2026-06-02 14:44:10.835 - [robot_6_log_20260602_144405.csv] - WARNING - Esperando posición inicial... Aún no se han recibido datos de visión.
2026-06-02 14:44:10.845 - [robot_6_log_20260602_144405.csv] - DEBUG - Incoming data. Topic agent/6/wheel, mensaje {"Wleft":1.657007864e-15,"Wright":-3.719247132e-16}
2026-06-02 14:44:10.850 - [robot_6_log_20260602_144405.csv] - DEBUG - Despachado a ZMQ -> agent/6/move: {'v': 0.0, 'w': 0.0}
2026-06-02 14:44:10.885 - [robot_6_log_20260602_144405.csv] - WARNING - Esperando posición inicial... Aún no se han recibido datos de visión.
2026-06-02 14:44:10.906 - [robot_6_log_20260602_144405.csv] - DEBUG - Despachado a ZMQ -> agent/6/move: {'v': 0.0, 'w': 0.0}
2026-06-02 14:44:10.935 - [robot_6_log_20260602_144405.csv] - WARNING - Esperando posición inicial... Aún no se han recibido datos de visión.
2026-06-02 14:44:10.956 - [robot_6_log_20260602_144405.csv] - DEBUG - Despachado a ZMQ -> agent/6/move: {'v': 0.0, 'w': 0.0}
2026-06-02 14:44:10.975 - [robot_6_log_20260602_144405.csv] - DEBUG - Incoming data. Topic agent/6/wheel, mensaje {"Wleft":1.657007864e-15,"Wright":-3.719247132e-16}
2026-06-02 14:44:10.985 - [robot_6_log_20260602_144405.csv] - WARNING - Esperando posición inicial... Aún no se han recibido datos de visión.
2026-06-02 14:44:11.006 - [robot_6_log_20260602_144405.csv] - DEBUG - Despachado a ZMQ -> agent/6/move: {'v': 0.0, 'w': 0.0}
2026-06-02 14:44:11.035 - [robot_6_log_20260602_144405.csv] - WARNING - Esperando posición inicial... Aún no se han recibido datos de visión.
2026-06-02 14:44:11.045 - [robot_6_log_20260602_144405.csv] - DEBUG - Incoming data. Topic agent/6/wheel, mensaje {"Wleft":1.657007864e-15,"Wright":-3.719247132e-16}
2026-06-02 14:44:11.055 - [robot_6_log_20260602_144405.csv] - DEBUG - Despachado a ZMQ -> agent/6/move: {'v': 0.0, 'w': 0.0}
2026-06-02 14:44:11.085 - [robot_6_log_20260602_144405.csv] - WARNING - Esperando posición inicial... Aún no se han recibido datos de visión.
2026-06-02 14:44:11.106 - [robot_6_log_20260602_144405.csv] - DEBUG - Despachado a ZMQ -> agent/6/move: {'v': 0.0, 'w': 0.0}
2026-06-02 14:44:11.135 - [robot_6_log_20260602_144405.csv] - WARNING - Esperando posición inicial... Aún no se han recibido datos de visión.
2026-06-02 14:44:11.145 - [robot_6_log_20260602_144405.csv] - DEBUG - Incoming data. Topic agent/6/wheel, mensaje {"Wleft":1.657007864e-15,"Wright":-3.719247132e-16}
2026-06-02 14:44:11.160 - [robot_6_log_20260602_144405.csv] - DEBUG - Despachado a ZMQ -> agent/6/move: {'v': 0.0, 'w': 0.0}
2026-06-02 14:44:11.185 - [robot_6_log_20260602_144405.csv] - WARNING - Esperando posición inicial... Aún no se han recibido datos de visión.
2026-06-02 14:44:11.206 - [robot_6_log_20260602_144405.csv] - DEBUG - Despachado a ZMQ -> agent/6/move: {'v': 0.0, 'w': 0.0}
2026-06-02 14:44:11.235 - [robot_6_log_20260602_144405.csv] - WARNING - Esperando posición inicial... Aún no se han recibido datos de visión.
2026-06-02 14:44:11.245 - [robot_6_log_20260602_144405.csv] - DEBUG - Incoming data. Topic agent/6/wheel, mensaje {"Wleft":1.657007864e-15,"Wright":-3.719247132e-16}
2026-06-02 14:44:11.260 - [robot_6_log_20260602_144405.csv] - DEBUG - Despachado a ZMQ -> agent/6/move: {'v': 0.0, 'w': 0.0}
2026-06-02 14:44:11.285 - [robot_6_log_20260602_144405.csv] - WARNING - Esperando posición inicial... Aún no se han recibido datos de visión.
2026-06-02 14:44:11.305 - [robot_6_log_20260602_144405.csv] - DEBUG - Despachado a ZMQ -> agent/6/move: {'v': 0.0, 'w': 0.0}
2026-06-02 14:44:11.335 - [robot_6_log_20260602_144405.csv] - WARNING - Esperando posición inicial... Aún no se han recibido datos de visión.
2026-06-02 14:44:11.346 - [robot_6_log_20260602_144405.csv] - DEBUG - Incoming data. Topic agent/6/wheel, mensaje {"Wleft":1.657007864e-15,"Wright":-3.719247132e-16}
2026-06-02 14:44:11.351 - [robot_6_log_20260602_144405.csv] - DEBUG - Despachado a ZMQ -> agent/6/move: {'v': 0.0, 'w': 0.0}
2026-06-02 14:44:11.385 - [robot_6_log_20260602_144405.csv] - WARNING - Esperando posición inicial... Aún no se han recibido datos de visión.
2026-06-02 14:44:11.406 - [robot_6_log_20260602_144405.csv] - DEBUG - Despachado a ZMQ -> agent/6/move: {'v': 0.0, 'w': 0.0}
2026-06-02 14:44:11.435 - [robot_6_log_20260602_144405.csv] - WARNING - Esperando posición inicial... Aún no se han recibido datos de visión.
2026-06-02 14:44:11.455 - [robot_6_log_20260602_144405.csv] - DEBUG - Despachado a ZMQ -> agent/6/move: {'v': 0.0, 'w': 0.0}
2026-06-02 14:44:11.485 - [robot_6_log_20260602_144405.csv] - WARNING - Esperando posición inicial... Aún no se han recibido datos de visión.
2026-06-02 14:44:11.506 - [robot_6_log_20260602_144405.csv] - DEBUG - Incoming data. Topic agent/6/wheel, mensaje {"Wleft":1.657007864e-15,"Wright":-3.719247132e-16}
2026-06-02 14:44:11.511 - [robot_6_log_20260602_144405.csv] - DEBUG - Despachado a ZMQ -> agent/6/move: {'v': 0.0, 'w': 0.0}
2026-06-02 14:44:11.535 - [robot_6_log_20260602_144405.csv] - WARNING - Esperando posición inicial... Aún no se han recibido datos de visión.
2026-06-02 14:44:11.546 - [robot_6_log_20260602_144405.csv] - DEBUG - Incoming data. Topic agent/6/wheel, mensaje {"Wleft":1.657007864e-15,"Wright":-3.719247132e-16}
2026-06-02 14:44:11.557 - [robot_6_log_20260602_144405.csv] - DEBUG - Despachado a ZMQ -> agent/6/move: {'v': 0.0, 'w': 0.0}
2026-06-02 14:44:11.585 - [robot_6_log_20260602_144405.csv] - WARNING - Esperando posición inicial... Aún no se han recibido datos de visión.
2026-06-02 14:44:11.606 - [robot_6_log_20260602_144405.csv] - DEBUG - Despachado a ZMQ -> agent/6/move: {'v': 0.0, 'w': 0.0}
2026-06-02 14:44:11.635 - [robot_6_log_20260602_144405.csv] - WARNING - Esperando posición inicial... Aún no se han recibido datos de visión.
2026-06-02 14:44:11.655 - [robot_6_log_20260602_144405.csv] - DEBUG - Incoming data. Topic agent/6/wheel, mensaje {"Wleft":1.657007864e-15,"Wright":-3.719247132e-16}
2026-06-02 14:44:11.655 - [robot_6_log_20260602_144405.csv] - DEBUG - Despachado a ZMQ -> agent/6/move: {'v': 0.0, 'w': 0.0}
2026-06-02 14:44:11.685 - [robot_6_log_20260602_144405.csv] - WARNING - Esperando posición inicial... Aún no se han recibido datos de visión.
2026-06-02 14:44:11.706 - [robot_6_log_20260602_144405.csv] - DEBUG - Despachado a ZMQ -> agent/6/move: {'v': 0.0, 'w': 0.0}
2026-06-02 14:44:11.735 - [robot_6_log_20260602_144405.csv] - WARNING - Esperando posición inicial... Aún no se han recibido datos de visión.
2026-06-02 14:44:11.755 - [robot_6_log_20260602_144405.csv] - DEBUG - Incoming data. Topic agent/6/wheel, mensaje {"Wleft":1.657007864e-15,"Wright":-3.719247132e-16}
2026-06-02 14:44:11.771 - [robot_6_log_20260602_144405.csv] - DEBUG - Despachado a ZMQ -> agent/6/move: {'v': 0.0, 'w': 0.0}
2026-06-02 14:44:11.785 - [robot_6_log_20260602_144405.csv] - WARNING - Esperando posición inicial... Aún no se han recibido datos de visión.
2026-06-02 14:44:11.805 - [robot_6_log_20260602_144405.csv] - DEBUG - Despachado a ZMQ -> agent/6/move: {'v': 0.0, 'w': 0.0}
2026-06-02 14:44:11.835 - [robot_6_log_20260602_144405.csv] - WARNING - Esperando posición inicial... Aún no se han recibido datos de visión.
2026-06-02 14:44:11.855 - [robot_6_log_20260602_144405.csv] - DEBUG - Incoming data. Topic agent/6/wheel, mensaje {"Wleft":1.657007864e-15,"Wright":-3.719247132e-16}
2026-06-02 14:44:11.861 - [robot_6_log_20260602_144405.csv] - DEBUG - Despachado a ZMQ -> agent/6/move: {'v': 0.0, 'w': 0.0}
2026-06-02 14:44:11.885 - [robot_6_log_20260602_144405.csv] - WARNING - Esperando posición inicial... Aún no se han recibido datos de visión.
2026-06-02 14:44:11.905 - [robot_6_log_20260602_144405.csv] - DEBUG - Despachado a ZMQ -> agent/6/move: {'v': 0.0, 'w': 0.0}
2026-06-02 14:44:11.935 - [robot_6_log_20260602_144405.csv] - WARNING - Esperando posición inicial... Aún no se han recibido datos de visión.
2026-06-02 14:44:11.955 - [robot_6_log_20260602_144405.csv] - DEBUG - Despachado a ZMQ -> agent/6/move: {'v': 0.0, 'w': 0.0}
2026-06-02 14:44:11.985 - [robot_6_log_20260602_144405.csv] - WARNING - Esperando posición inicial... Aún no se han recibido datos de visión.
2026-06-02 14:44:12.001 - [robot_6_log_20260602_144405.csv] - DEBUG - Despachado a ZMQ -> agent/6/move: {'v': 0.0, 'w': 0.0}
2026-06-02 14:44:12.006 - [robot_6_log_20260602_144405.csv] - DEBUG - Incoming data. Topic agent/6/wheel, mensaje {"Wleft":1.657007864e-15,"Wright":-3.719247132e-16}
2026-06-02 14:44:12.035 - [robot_6_log_20260602_144405.csv] - WARNING - Esperando posición inicial... Aún no se han recibido datos de visión.
2026-06-02 14:44:12.056 - [robot_6_log_20260602_144405.csv] - DEBUG - Despachado a ZMQ -> agent/6/move: {'v': 0.0, 'w': 0.0}
2026-06-02 14:44:12.075 - [robot_6_log_20260602_144405.csv] - DEBUG - Incoming data. Topic agent/6/wheel, mensaje {"Wleft":1.657007864e-15,"Wright":-3.719247132e-16}
2026-06-02 14:44:12.085 - [robot_6_log_20260602_144405.csv] - WARNING - Esperando posición inicial... Aún no se han recibido datos de visión.
2026-06-02 14:44:12.106 - [robot_6_log_20260602_144405.csv] - DEBUG - Despachado a ZMQ -> agent/6/move: {'v': 0.0, 'w': 0.0}
2026-06-02 14:44:12.135 - [robot_6_log_20260602_144405.csv] - WARNING - Esperando posición inicial... Aún no se han recibido datos de visión.
2026-06-02 14:44:12.155 - [robot_6_log_20260602_144405.csv] - DEBUG - Despachado a ZMQ -> agent/6/move: {'v': 0.0, 'w': 0.0}
2026-06-02 14:44:12.166 - [robot_6_log_20260602_144405.csv] - DEBUG - Incoming data. Topic agent/6/wheel, mensaje {"Wleft":1.657007864e-15,"Wright":-3.719247132e-16}
2026-06-02 14:44:12.185 - [robot_6_log_20260602_144405.csv] - WARNING - Esperando posición inicial... Aún no se han recibido datos de visión.
2026-06-02 14:44:12.205 - [robot_6_log_20260602_144405.csv] - DEBUG - Despachado a ZMQ -> agent/6/move: {'v': 0.0, 'w': 0.0}
2026-06-02 14:44:12.235 - [robot_6_log_20260602_144405.csv] - WARNING - Esperando posición inicial... Aún no se han recibido datos de visión.
2026-06-02 14:44:12.256 - [robot_6_log_20260602_144405.csv] - DEBUG - Despachado a ZMQ -> agent/6/move: {'v': 0.0, 'w': 0.0}
2026-06-02 14:44:12.285 - [robot_6_log_20260602_144405.csv] - WARNING - Esperando posición inicial... Aún no se han recibido datos de visión.
2026-06-02 14:44:12.305 - [robot_6_log_20260602_144405.csv] - DEBUG - Despachado a ZMQ -> agent/6/move: {'v': 0.0, 'w': 0.0}
2026-06-02 14:44:12.310 - [robot_6_log_20260602_144405.csv] - DEBUG - Incoming data. Topic agent/6/wheel, mensaje {"Wleft":1.657007864e-15,"Wright":-3.719247132e-16}
2026-06-02 14:44:12.335 - [robot_6_log_20260602_144405.csv] - WARNING - Esperando posición inicial... Aún no se han recibido datos de visión.
2026-06-02 14:44:12.355 - [robot_6_log_20260602_144405.csv] - DEBUG - Despachado a ZMQ -> agent/6/move: {'v': 0.0, 'w': 0.0}
2026-06-02 14:44:12.385 - [robot_6_log_20260602_144405.csv] - WARNING - Esperando posición inicial... Aún no se han recibido datos de visión.
2026-06-02 14:44:12.391 - [robot_6_log_20260602_144405.csv] - DEBUG - Despachado a ZMQ -> agent/6/move: {'v': 0.0, 'w': 0.0}
2026-06-02 14:44:12.401 - [robot_6_log_20260602_144405.csv] - DEBUG - Incoming data. Topic agent/6/wheel, mensaje {"Wleft":1.657007864e-15,"Wright":-3.719247132e-16}
2026-06-02 14:44:12.435 - [robot_6_log_20260602_144405.csv] - WARNING - Esperando posición inicial... Aún no se han recibido datos de visión.
2026-06-02 14:44:12.455 - [robot_6_log_20260602_144405.csv] - DEBUG - Despachado a ZMQ -> agent/6/move: {'v': 0.0, 'w': 0.0}
2026-06-02 14:44:12.485 - [robot_6_log_20260602_144405.csv] - WARNING - Esperando posición inicial... Aún no se han recibido datos de visión.
2026-06-02 14:44:12.505 - [robot_6_log_20260602_144405.csv] - DEBUG - Incoming data. Topic agent/6/wheel, mensaje {"Wleft":1.657007864e-15,"Wright":-3.719247132e-16}
2026-06-02 14:44:12.511 - [robot_6_log_20260602_144405.csv] - DEBUG - Despachado a ZMQ -> agent/6/move: {'v': 0.0, 'w': 0.0}
2026-06-02 14:44:12.535 - [robot_6_log_20260602_144405.csv] - WARNING - Esperando posición inicial... Aún no se han recibido datos de visión.
2026-06-02 14:44:12.556 - [robot_6_log_20260602_144405.csv] - DEBUG - Despachado a ZMQ -> agent/6/move: {'v': 0.0, 'w': 0.0}
2026-06-02 14:44:12.585 - [robot_6_log_20260602_144405.csv] - WARNING - Esperando posición inicial... Aún no se han recibido datos de visión.
2026-06-02 14:44:12.605 - [robot_6_log_20260602_144405.csv] - DEBUG - Despachado a ZMQ -> agent/6/move: {'v': 0.0, 'w': 0.0}
2026-06-02 14:44:12.611 - [robot_6_log_20260602_144405.csv] - DEBUG - Incoming data. Topic agent/6/wheel, mensaje {"Wleft":1.657007864e-15,"Wright":-3.719247132e-16}
2026-06-02 14:44:12.635 - [robot_6_log_20260602_144405.csv] - WARNING - Esperando posición inicial... Aún no se han recibido datos de visión.
2026-06-02 14:44:12.656 - [robot_6_log_20260602_144405.csv] - DEBUG - Despachado a ZMQ -> agent/6/move: {'v': 0.0, 'w': 0.0}
2026-06-02 14:44:12.685 - [robot_6_log_20260602_144405.csv] - WARNING - Esperando posición inicial... Aún no se han recibido datos de visión.
2026-06-02 14:44:12.706 - [robot_6_log_20260602_144405.csv] - DEBUG - Incoming data. Topic agent/6/wheel, mensaje {"Wleft":1.657007864e-15,"Wright":-3.719247132e-16}
2026-06-02 14:44:12.706 - [robot_6_log_20260602_144405.csv] - DEBUG - Despachado a ZMQ -> agent/6/move: {'v': 0.0, 'w': 0.0}
2026-06-02 14:44:12.735 - [robot_6_log_20260602_144405.csv] - WARNING - Esperando posición inicial... Aún no se han recibido datos de visión.
2026-06-02 14:44:12.756 - [robot_6_log_20260602_144405.csv] - DEBUG - Despachado a ZMQ -> agent/6/move: {'v': 0.0, 'w': 0.0}
2026-06-02 14:44:12.785 - [robot_6_log_20260602_144405.csv] - WARNING - Esperando posición inicial... Aún no se han recibido datos de visión.
2026-06-02 14:44:12.806 - [robot_6_log_20260602_144405.csv] - DEBUG - Incoming data. Topic agent/6/wheel, mensaje {"Wleft":1.657007864e-15,"Wright":-3.719247132e-16}
2026-06-02 14:44:12.811 - [robot_6_log_20260602_144405.csv] - DEBUG - Despachado a ZMQ -> agent/6/move: {'v': 0.0, 'w': 0.0}
2026-06-02 14:44:12.835 - [robot_6_log_20260602_144405.csv] - WARNING - Esperando posición inicial... Aún no se han recibido datos de visión.
2026-06-02 14:44:12.856 - [robot_6_log_20260602_144405.csv] - DEBUG - Despachado a ZMQ -> agent/6/move: {'v': 0.0, 'w': 0.0}
2026-06-02 14:44:12.885 - [robot_6_log_20260602_144405.csv] - WARNING - Esperando posición inicial... Aún no se han recibido datos de visión.
2026-06-02 14:44:12.906 - [robot_6_log_20260602_144405.csv] - DEBUG - Despachado a ZMQ -> agent/6/move: {'v': 0.0, 'w': 0.0}
2026-06-02 14:44:12.906 - [robot_6_log_20260602_144405.csv] - DEBUG - Incoming data. Topic agent/6/wheel, mensaje {"Wleft":1.657007864e-15,"Wright":-3.719247132e-16}
2026-06-02 14:44:12.935 - [robot_6_log_20260602_144405.csv] - WARNING - Esperando posición inicial... Aún no se han recibido datos de visión.
2026-06-02 14:44:12.945 - [robot_6_log_20260602_144405.csv] - DEBUG - Despachado a ZMQ -> agent/6/move: {'v': 0.0, 'w': 0.0}
2026-06-02 14:44:12.985 - [robot_6_log_20260602_144405.csv] - WARNING - Esperando posición inicial... Aún no se han recibido datos de visión.
2026-06-02 14:44:13.006 - [robot_6_log_20260602_144405.csv] - DEBUG - Despachado a ZMQ -> agent/6/move: {'v': 0.0, 'w': 0.0}
2026-06-02 14:44:13.035 - [robot_6_log_20260602_144405.csv] - WARNING - Esperando posición inicial... Aún no se han recibido datos de visión.
2026-06-02 14:44:13.045 - [robot_6_log_20260602_144405.csv] - DEBUG - Incoming data. Topic agent/6/wheel, mensaje {"Wleft":1.657007864e-15,"Wright":-3.719247132e-16}
2026-06-02 14:44:13.065 - [robot_6_log_20260602_144405.csv] - DEBUG - Despachado a ZMQ -> agent/6/move: {'v': 0.0, 'w': 0.0}
2026-06-02 14:44:13.085 - [robot_6_log_20260602_144405.csv] - WARNING - Esperando posición inicial... Aún no se han recibido datos de visión.
2026-06-02 14:44:13.106 - [robot_6_log_20260602_144405.csv] - DEBUG - Despachado a ZMQ -> agent/6/move: {'v': 0.0, 'w': 0.0}
2026-06-02 14:44:13.111 - [robot_6_log_20260602_144405.csv] - DEBUG - Incoming data. Topic agent/6/wheel, mensaje {"Wleft":1.657007864e-15,"Wright":-3.719247132e-16}
2026-06-02 14:44:13.135 - [robot_6_log_20260602_144405.csv] - WARNING - Esperando posición inicial... Aún no se han recibido datos de visión.
2026-06-02 14:44:13.140 - [robot_6_log_20260602_144405.csv] - DEBUG - Despachado a ZMQ -> agent/6/move: {'v': 0.0, 'w': 0.0}
2026-06-02 14:44:13.185 - [robot_6_log_20260602_144405.csv] - WARNING - Esperando posición inicial... Aún no se han recibido datos de visión.
2026-06-02 14:44:13.206 - [robot_6_log_20260602_144405.csv] - DEBUG - Despachado a ZMQ -> agent/6/move: {'v': 0.0, 'w': 0.0}
2026-06-02 14:44:13.206 - [robot_6_log_20260602_144405.csv] - DEBUG - Incoming data. Topic agent/6/wheel, mensaje {"Wleft":1.657007864e-15,"Wright":-3.719247132e-16}
2026-06-02 14:44:13.235 - [robot_6_log_20260602_144405.csv] - WARNING - Esperando posición inicial... Aún no se han recibido datos de visión.
2026-06-02 14:44:13.256 - [robot_6_log_20260602_144405.csv] - DEBUG - Despachado a ZMQ -> agent/6/move: {'v': 0.0, 'w': 0.0}
2026-06-02 14:44:13.285 - [robot_6_log_20260602_144405.csv] - WARNING - Esperando posición inicial... Aún no se han recibido datos de visión.
2026-06-02 14:44:13.306 - [robot_6_log_20260602_144405.csv] - DEBUG - Despachado a ZMQ -> agent/6/move: {'v': 0.0, 'w': 0.0}
2026-06-02 14:44:13.316 - [robot_6_log_20260602_144405.csv] - DEBUG - Incoming data. Topic agent/6/wheel, mensaje {"Wleft":1.657007864e-15,"Wright":-3.719247132e-16}
2026-06-02 14:44:13.335 - [robot_6_log_20260602_144405.csv] - WARNING - Esperando posición inicial... Aún no se han recibido datos de visión.
2026-06-02 14:44:13.355 - [robot_6_log_20260602_144405.csv] - DEBUG - Despachado a ZMQ -> agent/6/move: {'v': 0.0, 'w': 0.0}
2026-06-02 14:44:13.385 - [robot_6_log_20260602_144405.csv] - WARNING - Esperando posición inicial... Aún no se han recibido datos de visión.
2026-06-02 14:44:13.406 - [robot_6_log_20260602_144405.csv] - DEBUG - Despachado a ZMQ -> agent/6/move: {'v': 0.0, 'w': 0.0}
2026-06-02 14:44:13.406 - [robot_6_log_20260602_144405.csv] - DEBUG - Incoming data. Topic agent/6/wheel, mensaje {"Wleft":1.657007864e-15,"Wright":-3.719247132e-16}
2026-06-02 14:44:13.435 - [robot_6_log_20260602_144405.csv] - WARNING - Esperando posición inicial... Aún no se han recibido datos de visión.
2026-06-02 14:44:13.441 - [robot_6_log_20260602_144405.csv] - DEBUG - Despachado a ZMQ -> agent/6/move: {'v': 0.0, 'w': 0.0}
2026-06-02 14:44:13.485 - [robot_6_log_20260602_144405.csv] - WARNING - Esperando posición inicial... Aún no se han recibido datos de visión.
2026-06-02 14:44:13.506 - [robot_6_log_20260602_144405.csv] - DEBUG - Despachado a ZMQ -> agent/6/move: {'v': 0.0, 'w': 0.0}
2026-06-02 14:44:13.511 - [robot_6_log_20260602_144405.csv] - DEBUG - Incoming data. Topic agent/6/wheel, mensaje {"Wleft":1.657007864e-15,"Wright":-3.719247132e-16}
2026-06-02 14:44:13.535 - [robot_6_log_20260602_144405.csv] - WARNING - Esperando posición inicial... Aún no se han recibido datos de visión.
2026-06-02 14:44:13.556 - [robot_6_log_20260602_144405.csv] - DEBUG - Despachado a ZMQ -> agent/6/move: {'v': 0.0, 'w': 0.0}
2026-06-02 14:44:13.585 - [robot_6_log_20260602_144405.csv] - WARNING - Esperando posición inicial... Aún no se han recibido datos de visión.
2026-06-02 14:44:13.606 - [robot_6_log_20260602_144405.csv] - DEBUG - Despachado a ZMQ -> agent/6/move: {'v': 0.0, 'w': 0.0}
2026-06-02 14:44:13.617 - [robot_6_log_20260602_144405.csv] - DEBUG - Incoming data. Topic agent/6/wheel, mensaje {"Wleft":1.657007864e-15,"Wright":-3.719247132e-16}
2026-06-02 14:44:13.635 - [robot_6_log_20260602_144405.csv] - WARNING - Esperando posición inicial... Aún no se han recibido datos de visión.
2026-06-02 14:44:13.656 - [robot_6_log_20260602_144405.csv] - DEBUG - Despachado a ZMQ -> agent/6/move: {'v': 0.0, 'w': 0.0}
2026-06-02 14:44:13.685 - [robot_6_log_20260602_144405.csv] - WARNING - Esperando posición inicial... Aún no se han recibido datos de visión.
2026-06-02 14:44:13.706 - [robot_6_log_20260602_144405.csv] - DEBUG - Despachado a ZMQ -> agent/6/move: {'v': 0.0, 'w': 0.0}
2026-06-02 14:44:13.735 - [robot_6_log_20260602_144405.csv] - WARNING - Esperando posición inicial... Aún no se han recibido datos de visión.
2026-06-02 14:44:13.751 - [robot_6_log_20260602_144405.csv] - DEBUG - Despachado a ZMQ -> agent/6/move: {'v': 0.0, 'w': 0.0}
2026-06-02 14:44:13.756 - [robot_6_log_20260602_144405.csv] - DEBUG - Incoming data. Topic agent/6/wheel, mensaje {"Wleft":1.657007864e-15,"Wright":-3.719247132e-16}
2026-06-02 14:44:13.785 - [robot_6_log_20260602_144405.csv] - WARNING - Esperando posición inicial... Aún no se han recibido datos de visión.
2026-06-02 14:44:13.806 - [robot_6_log_20260602_144405.csv] - DEBUG - Despachado a ZMQ -> agent/6/move: {'v': 0.0, 'w': 0.0}
2026-06-02 14:44:13.816 - [robot_6_log_20260602_144405.csv] - DEBUG - Incoming data. Topic agent/6/wheel, mensaje {"Wleft":1.657007864e-15,"Wright":-3.719247132e-16}
2026-06-02 14:44:13.835 - [robot_6_log_20260602_144405.csv] - WARNING - Esperando posición inicial... Aún no se han recibido datos de visión.
2026-06-02 14:44:13.856 - [robot_6_log_20260602_144405.csv] - DEBUG - Despachado a ZMQ -> agent/6/move: {'v': 0.0, 'w': 0.0}
2026-06-02 14:44:13.885 - [robot_6_log_20260602_144405.csv] - WARNING - Esperando posición inicial... Aún no se han recibido datos de visión.
2026-06-02 14:44:13.906 - [robot_6_log_20260602_144405.csv] - DEBUG - Despachado a ZMQ -> agent/6/move: {'v': 0.0, 'w': 0.0}
2026-06-02 14:44:13.911 - [robot_6_log_20260602_144405.csv] - DEBUG - Incoming data. Topic agent/6/wheel, mensaje {"Wleft":1.657007864e-15,"Wright":-3.719247132e-16}
2026-06-02 14:44:13.935 - [robot_6_log_20260602_144405.csv] - WARNING - Esperando posición inicial... Aún no se han recibido datos de visión.
2026-06-02 14:44:13.956 - [robot_6_log_20260602_144405.csv] - DEBUG - Despachado a ZMQ -> agent/6/move: {'v': 0.0, 'w': 0.0}
2026-06-02 14:44:13.985 - [robot_6_log_20260602_144405.csv] - WARNING - Esperando posición inicial... Aún no se han recibido datos de visión.
2026-06-02 14:44:14.006 - [robot_6_log_20260602_144405.csv] - DEBUG - Despachado a ZMQ -> agent/6/move: {'v': 0.0, 'w': 0.0}
2026-06-02 14:44:14.035 - [robot_6_log_20260602_144405.csv] - WARNING - Esperando posición inicial... Aún no se han recibido datos de visión.
2026-06-02 14:44:14.046 - [robot_6_log_20260602_144405.csv] - DEBUG - Incoming data. Topic agent/6/wheel, mensaje {"Wleft":1.657007864e-15,"Wright":-3.719247132e-16}
2026-06-02 14:44:14.051 - [robot_6_log_20260602_144405.csv] - DEBUG - Despachado a ZMQ -> agent/6/move: {'v': 0.0, 'w': 0.0}
2026-06-02 14:44:14.085 - [robot_6_log_20260602_144405.csv] - WARNING - Esperando posición inicial... Aún no se han recibido datos de visión.
2026-06-02 14:44:14.106 - [robot_6_log_20260602_144405.csv] - DEBUG - Despachado a ZMQ -> agent/6/move: {'v': 0.0, 'w': 0.0}
2026-06-02 14:44:14.135 - [robot_6_log_20260602_144405.csv] - WARNING - Esperando posición inicial... Aún no se han recibido datos de visión.
2026-06-02 14:44:14.146 - [robot_6_log_20260602_144405.csv] - DEBUG - Incoming data. Topic agent/6/wheel, mensaje {"Wleft":1.657007864e-15,"Wright":-3.719247132e-16}
2026-06-02 14:44:14.151 - [robot_6_log_20260602_144405.csv] - DEBUG - Despachado a ZMQ -> agent/6/move: {'v': 0.0, 'w': 0.0}
2026-06-02 14:44:14.185 - [robot_6_log_20260602_144405.csv] - WARNING - Esperando posición inicial... Aún no se han recibido datos de visión.
2026-06-02 14:44:14.206 - [robot_6_log_20260602_144405.csv] - DEBUG - Despachado a ZMQ -> agent/6/move: {'v': 0.0, 'w': 0.0}
2026-06-02 14:44:14.235 - [robot_6_log_20260602_144405.csv] - WARNING - Esperando posición inicial... Aún no se han recibido datos de visión.
2026-06-02 14:44:14.256 - [robot_6_log_20260602_144405.csv] - DEBUG - Despachado a ZMQ -> agent/6/move: {'v': 0.0, 'w': 0.0}
2026-06-02 14:44:14.256 - [robot_6_log_20260602_144405.csv] - DEBUG - Incoming data. Topic agent/6/wheel, mensaje agent/6/move
2026-06-02 14:44:14.267 - [robot_6_log_20260602_144405.csv] - ERROR - Error al decodificar odometría: Expecting value: line 1 column 1 (char 0)
2026-06-02 14:44:14.285 - [robot_6_log_20260602_144405.csv] - WARNING - Esperando posición inicial... Aún no se han recibido datos de visión.
2026-06-02 14:44:14.305 - [robot_6_log_20260602_144405.csv] - DEBUG - Despachado a ZMQ -> agent/6/move: {'v': 0.0, 'w': 0.0}
2026-06-02 14:44:14.335 - [robot_6_log_20260602_144405.csv] - WARNING - Esperando posición inicial... Aún no se han recibido datos de visión.
2026-06-02 14:44:14.346 - [robot_6_log_20260602_144405.csv] - DEBUG - Incoming data. Topic {"v": 0.0, "w": 0.0}, mensaje agent/6/wheel
2026-06-02 14:44:14.351 - [robot_6_log_20260602_144405.csv] - DEBUG - Despachado a ZMQ -> agent/6/move: {'v': 0.0, 'w': 0.0}
2026-06-02 14:44:14.385 - [robot_6_log_20260602_144405.csv] - WARNING - Esperando posición inicial... Aún no se han recibido datos de visión.
2026-06-02 14:44:14.406 - [robot_6_log_20260602_144405.csv] - DEBUG - Despachado a ZMQ -> agent/6/move: {'v': 0.0, 'w': 0.0}
2026-06-02 14:44:14.435 - [robot_6_log_20260602_144405.csv] - WARNING - Esperando posición inicial... Aún no se han recibido datos de visión.
2026-06-02 14:44:14.446 - [robot_6_log_20260602_144405.csv] - DEBUG - Incoming data. Topic {"Wleft":1.657007864e-15,"Wright":-3.719247132e-16}, mensaje agent/6/wheel
2026-06-02 14:44:14.461 - [robot_6_log_20260602_144405.csv] - DEBUG - Despachado a ZMQ -> agent/6/move: {'v': 0.0, 'w': 0.0}
2026-06-02 14:44:14.485 - [robot_6_log_20260602_144405.csv] - WARNING - Esperando posición inicial... Aún no se han recibido datos de visión.
2026-06-02 14:44:14.506 - [robot_6_log_20260602_144405.csv] - DEBUG - Despachado a ZMQ -> agent/6/move: {'v': 0.0, 'w': 0.0}
2026-06-02 14:44:14.535 - [robot_6_log_20260602_144405.csv] - WARNING - Esperando posición inicial... Aún no se han recibido datos de visión.
2026-06-02 14:44:14.545 - [robot_6_log_20260602_144405.csv] - DEBUG - Incoming data. Topic {"Wleft":1.657007864e-15,"Wright":-3.719247132e-16}, mensaje agent/6/wheel
2026-06-02 14:44:14.555 - [robot_6_log_20260602_144405.csv] - DEBUG - Despachado a ZMQ -> agent/6/move: {'v': 0.0, 'w': 0.0}
2026-06-02 14:44:14.585 - [robot_6_log_20260602_144405.csv] - WARNING - Esperando posición inicial... Aún no se han recibido datos de visión.
2026-06-02 14:44:14.605 - [robot_6_log_20260602_144405.csv] - DEBUG - Despachado a ZMQ -> agent/6/move: {'v': 0.0, 'w': 0.0}
2026-06-02 14:44:14.635 - [robot_6_log_20260602_144405.csv] - WARNING - Esperando posición inicial... Aún no se han recibido datos de visión.
2026-06-02 14:44:14.646 - [robot_6_log_20260602_144405.csv] - DEBUG - Incoming data. Topic {"Wleft":1.657007864e-15,"Wright":-3.719247132e-16}, mensaje agent/6/wheel
2026-06-02 14:44:14.661 - [robot_6_log_20260602_144405.csv] - DEBUG - Despachado a ZMQ -> agent/6/move: {'v': 0.0, 'w': 0.0}
2026-06-02 14:44:14.685 - [robot_6_log_20260602_144405.csv] - WARNING - Esperando posición inicial... Aún no se han recibido datos de visión.
2026-06-02 14:44:14.705 - [robot_6_log_20260602_144405.csv] - DEBUG - Despachado a ZMQ -> agent/6/move: {'v': 0.0, 'w': 0.0}
2026-06-02 14:44:14.735 - [robot_6_log_20260602_144405.csv] - WARNING - Esperando posición inicial... Aún no se han recibido datos de visión.
2026-06-02 14:44:14.756 - [robot_6_log_20260602_144405.csv] - DEBUG - Incoming data. Topic {"Wleft":1.657007864e-15,"Wright":-3.719247132e-16}, mensaje agent/6/wheel
2026-06-02 14:44:14.757 - [robot_6_log_20260602_144405.csv] - DEBUG - Despachado a ZMQ -> agent/6/move: {'v': 0.0, 'w': 0.0}
2026-06-02 14:44:14.785 - [robot_6_log_20260602_144405.csv] - WARNING - Esperando posición inicial... Aún no se han recibido datos de visión.
2026-06-02 14:44:14.806 - [robot_6_log_20260602_144405.csv] - DEBUG - Despachado a ZMQ -> agent/6/move: {'v': 0.0, 'w': 0.0}
2026-06-02 14:44:14.835 - [robot_6_log_20260602_144405.csv] - WARNING - Esperando posición inicial... Aún no se han recibido datos de visión.
2026-06-02 14:44:14.846 - [robot_6_log_20260602_144405.csv] - DEBUG - Incoming data. Topic {"Wleft":1.657007864e-15,"Wright":-3.719247132e-16}, mensaje agent/6/wheel
2026-06-02 14:44:14.856 - [robot_6_log_20260602_144405.csv] - DEBUG - Despachado a ZMQ -> agent/6/move: {'v': 0.0, 'w': 0.0}
2026-06-02 14:44:14.885 - [robot_6_log_20260602_144405.csv] - WARNING - Esperando posición inicial... Aún no se han recibido datos de visión.
2026-06-02 14:44:14.906 - [robot_6_log_20260602_144405.csv] - DEBUG - Despachado a ZMQ -> agent/6/move: {'v': 0.0, 'w': 0.0}
2026-06-02 14:44:14.935 - [robot_6_log_20260602_144405.csv] - WARNING - Esperando posición inicial... Aún no se han recibido datos de visión.
2026-06-02 14:44:14.945 - [robot_6_log_20260602_144405.csv] - DEBUG - Incoming data. Topic {"Wleft":1.657007864e-15,"Wright":-3.719247132e-16}, mensaje agent/6/wheel
2026-06-02 14:44:14.961 - [robot_6_log_20260602_144405.csv] - DEBUG - Despachado a ZMQ -> agent/6/move: {'v': 0.0, 'w': 0.0}
2026-06-02 14:44:14.985 - [robot_6_log_20260602_144405.csv] - WARNING - Esperando posición inicial... Aún no se han recibido datos de visión.
2026-06-02 14:44:15.006 - [robot_6_log_20260602_144405.csv] - DEBUG - Despachado a ZMQ -> agent/6/move: {'v': 0.0, 'w': 0.0}
2026-06-02 14:44:15.035 - [robot_6_log_20260602_144405.csv] - WARNING - Esperando posición inicial... Aún no se han recibido datos de visión.
2026-06-02 14:44:15.045 - [robot_6_log_20260602_144405.csv] - DEBUG - Incoming data. Topic {"Wleft":1.657007864e-15,"Wright":-3.719247132e-16}, mensaje agent/6/wheel
2026-06-02 14:44:15.056 - [robot_6_log_20260602_144405.csv] - DEBUG - Despachado a ZMQ -> agent/6/move: {'v': 0.0, 'w': 0.0}
2026-06-02 14:44:15.085 - [robot_6_log_20260602_144405.csv] - WARNING - Esperando posición inicial... Aún no se han recibido datos de visión.
2026-06-02 14:44:15.095 - [robot_6_log_20260602_144405.csv] - DEBUG - Despachado a ZMQ -> agent/6/move: {'v': 0.0, 'w': 0.0}
2026-06-02 14:44:15.135 - [robot_6_log_20260602_144405.csv] - WARNING - Esperando posición inicial... Aún no se han recibido datos de visión.
2026-06-02 14:44:15.140 - [robot_6_log_20260602_144405.csv] - DEBUG - Incoming data. Topic {"Wleft":1.657007864e-15,"Wright":-3.719247132e-16}, mensaje agent/6/wheel
2026-06-02 14:44:15.150 - [robot_6_log_20260602_144405.csv] - DEBUG - Despachado a ZMQ -> agent/6/move: {'v': 0.0, 'w': 0.0}
2026-06-02 14:44:15.185 - [robot_6_log_20260602_144405.csv] - WARNING - Esperando posición inicial... Aún no se han recibido datos de visión.
2026-06-02 14:44:15.201 - [robot_6_log_20260602_144405.csv] - DEBUG - Despachado a ZMQ -> agent/6/move: {'v': 0.0, 'w': 0.0}
2026-06-02 14:44:15.235 - [robot_6_log_20260602_144405.csv] - WARNING - Esperando posición inicial... Aún no se han recibido datos de visión.
2026-06-02 14:44:15.255 - [robot_6_log_20260602_144405.csv] - DEBUG - Despachado a ZMQ -> agent/6/move: {'v': 0.0, 'w': 0.0}
2026-06-02 14:44:15.255 - [robot_6_log_20260602_144405.csv] - DEBUG - Incoming data. Topic {"Wleft":1.657007864e-15,"Wright":-3.719247132e-16}, mensaje agent/6/wheel
2026-06-02 14:44:15.285 - [robot_6_log_20260602_144405.csv] - WARNING - Esperando posición inicial... Aún no se han recibido datos de visión.
2026-06-02 14:44:15.306 - [robot_6_log_20260602_144405.csv] - DEBUG - Despachado a ZMQ -> agent/6/move: {'v': 0.0, 'w': 0.0}
2026-06-02 14:44:15.335 - [robot_6_log_20260602_144405.csv] - WARNING - Esperando posición inicial... Aún no se han recibido datos de visión.
2026-06-02 14:44:15.355 - [robot_6_log_20260602_144405.csv] - DEBUG - Incoming data. Topic {"Wleft":1.657007864e-15,"Wright":-3.719247132e-16}, mensaje agent/6/wheel
2026-06-02 14:44:15.360 - [robot_6_log_20260602_144405.csv] - DEBUG - Despachado a ZMQ -> agent/6/move: {'v': 0.0, 'w': 0.0}
2026-06-02 14:44:15.385 - [robot_6_log_20260602_144405.csv] - WARNING - Esperando posición inicial... Aún no se han recibido datos de visión.
2026-06-02 14:44:15.405 - [robot_6_log_20260602_144405.csv] - DEBUG - Despachado a ZMQ -> agent/6/move: {'v': 0.0, 'w': 0.0}
2026-06-02 14:44:15.435 - [robot_6_log_20260602_144405.csv] - WARNING - Esperando posición inicial... Aún no se han recibido datos de visión.
2026-06-02 14:44:15.456 - [robot_6_log_20260602_144405.csv] - DEBUG - Despachado a ZMQ -> agent/6/move: {'v': 0.0, 'w': 0.0}
2026-06-02 14:44:15.461 - [robot_6_log_20260602_144405.csv] - DEBUG - Incoming data. Topic {"Wleft":1.657007864e-15,"Wright":-3.719247132e-16}, mensaje agent/6/wheel
2026-06-02 14:44:15.485 - [robot_6_log_20260602_144405.csv] - WARNING - Esperando posición inicial... Aún no se han recibido datos de visión.
2026-06-02 14:44:15.505 - [robot_6_log_20260602_144405.csv] - DEBUG - Despachado a ZMQ -> agent/6/move: {'v': 0.0, 'w': 0.0}
2026-06-02 14:44:15.529 - [robot_6_log_20260602_144405.csv] - DEBUG - Incoming data. Topic {"Wleft":1.657007864e-15,"Wright":-3.719247132e-16}, mensaje 6/pos
2026-06-02 14:44:15.535 - [robot_6_log_20260602_144405.csv] - WARNING - Esperando posición inicial... Aún no se han recibido datos de visión.
2026-06-02 14:44:15.535 - [robot_6_log_20260602_144405.csv] - DEBUG - Incoming data. Topic {"x": 265.43, "y": 98.3, "yaw": 1.681, "timestamp": 1780404255.5260422}, mensaje 6/pos
2026-06-02 14:44:15.550 - [robot_6_log_20260602_144405.csv] - DEBUG - Incoming data. Topic {"x": 265.43, "y": 98.3, "yaw": 1.681, "timestamp": 1780404255.5260422}, mensaje 6/pos
2026-06-02 14:44:15.555 - [robot_6_log_20260602_144405.csv] - DEBUG - Incoming data. Topic {"x": 265.43, "y": 98.3, "yaw": 1.681, "timestamp": 1780404255.5386324}, mensaje 6/pos
2026-06-02 14:44:15.555 - [robot_6_log_20260602_144405.csv] - DEBUG - Despachado a ZMQ -> agent/6/move: {'v': 0.0, 'w': 0.0}
2026-06-02 14:44:15.577 - [robot_6_log_20260602_144405.csv] - DEBUG - Incoming data. Topic {"x": 265.43, "y": 98.3, "yaw": 1.681, "timestamp": 1780404255.5386324}, mensaje agent/6/wheel
2026-06-02 14:44:15.585 - [robot_6_log_20260602_144405.csv] - WARNING - Esperando posición inicial... Aún no se han recibido datos de visión.
2026-06-02 14:44:15.596 - [robot_6_log_20260602_144405.csv] - DEBUG - Incoming data. Topic {"Wleft":1.657007864e-15,"Wright":-3.719247132e-16}, mensaje 6/pos
2026-06-02 14:44:15.596 - [robot_6_log_20260602_144405.csv] - DEBUG - Despachado a ZMQ -> agent/6/move: {'v': 0.0, 'w': 0.0}
2026-06-02 14:44:15.601 - [robot_6_log_20260602_144405.csv] - DEBUG - Incoming data. Topic {"x": 265.47, "y": 98.26, "yaw": 1.685, "timestamp": 1780404255.5912056}, mensaje 6/pos
2026-06-02 14:44:15.623 - [robot_6_log_20260602_144405.csv] - DEBUG - Incoming data. Topic {"x": 265.47, "y": 98.26, "yaw": 1.685, "timestamp": 1780404255.5912056}, mensaje 6/pos
2026-06-02 14:44:15.628 - [robot_6_log_20260602_144405.csv] - DEBUG - Incoming data. Topic {"x": 265.47, "y": 98.26, "yaw": 1.685, "timestamp": 1780404255.6038976}, mensaje 6/pos
2026-06-02 14:44:15.635 - [robot_6_log_20260602_144405.csv] - WARNING - Esperando posición inicial... Aún no se han recibido datos de visión.
2026-06-02 14:44:15.656 - [robot_6_log_20260602_144405.csv] - DEBUG - Despachado a ZMQ -> agent/6/move: {'v': 0.0, 'w': 0.0}
2026-06-02 14:44:15.668 - [robot_6_log_20260602_144405.csv] - DEBUG - Incoming data. Topic {"x": 265.47, "y": 98.26, "yaw": 1.685, "timestamp": 1780404255.6038976}, mensaje agent/6/wheel
2026-06-02 14:44:15.685 - [robot_6_log_20260602_144405.csv] - WARNING - Esperando posición inicial... Aún no se han recibido datos de visión.
2026-06-02 14:44:15.691 - [robot_6_log_20260602_144405.csv] - DEBUG - Incoming data. Topic {"Wleft":1.657007864e-15,"Wright":-3.719247132e-16}, mensaje 6/pos
2026-06-02 14:44:15.696 - [robot_6_log_20260602_144405.csv] - DEBUG - Incoming data. Topic {"x": 265.46, "y": 98.23, "yaw": 1.683, "timestamp": 1780404255.6902447}, mensaje 6/pos
2026-06-02 14:44:15.701 - [robot_6_log_20260602_144405.csv] - DEBUG - Incoming data. Topic {"x": 265.46, "y": 98.23, "yaw": 1.683, "timestamp": 1780404255.6902447}, mensaje 6/pos
2026-06-02 14:44:15.701 - [robot_6_log_20260602_144405.csv] - DEBUG - Despachado a ZMQ -> agent/6/move: {'v': 0.0, 'w': 0.0}
2026-06-02 14:44:15.701 - [robot_6_log_20260602_144405.csv] - DEBUG - Incoming data. Topic {"x": 265.46, "y": 98.23, "yaw": 1.683, "timestamp": 1780404255.70049}, mensaje 6/pos
2026-06-02 14:44:15.735 - [robot_6_log_20260602_144405.csv] - WARNING - Esperando posición inicial... Aún no se han recibido datos de visión.
2026-06-02 14:44:15.756 - [robot_6_log_20260602_144405.csv] - DEBUG - Despachado a ZMQ -> agent/6/move: {'v': 0.0, 'w': 0.0}
2026-06-02 14:44:15.767 - [robot_6_log_20260602_144405.csv] - DEBUG - Incoming data. Topic {"x": 265.46, "y": 98.23, "yaw": 1.683, "timestamp": 1780404255.70049}, mensaje agent/6/wheel
2026-06-02 14:44:15.785 - [robot_6_log_20260602_144405.csv] - WARNING - Esperando posición inicial... Aún no se han recibido datos de visión.
2026-06-02 14:44:15.796 - [robot_6_log_20260602_144405.csv] - DEBUG - Incoming data. Topic {"Wleft":1.657007864e-15,"Wright":-3.719247132e-16}, mensaje 6/pos
2026-06-02 14:44:15.801 - [robot_6_log_20260602_144405.csv] - DEBUG - Incoming data. Topic {"x": 265.46, "y": 98.24, "yaw": 1.684, "timestamp": 1780404255.7878554}, mensaje 6/pos
2026-06-02 14:44:15.801 - [robot_6_log_20260602_144405.csv] - DEBUG - Despachado a ZMQ -> agent/6/move: {'v': 0.0, 'w': 0.0}
2026-06-02 14:44:15.806 - [robot_6_log_20260602_144405.csv] - DEBUG - Incoming data. Topic {"x": 265.46, "y": 98.24, "yaw": 1.684, "timestamp": 1780404255.7878554}, mensaje 6/pos
2026-06-02 14:44:15.835 - [robot_6_log_20260602_144405.csv] - WARNING - Esperando posición inicial... Aún no se han recibido datos de visión.
2026-06-02 14:44:15.840 - [robot_6_log_20260602_144405.csv] - DEBUG - Incoming data. Topic {"x": 265.46, "y": 98.24, "yaw": 1.684, "timestamp": 1780404255.7974296}, mensaje 6/pos
2026-06-02 14:44:15.860 - [robot_6_log_20260602_144405.csv] - DEBUG - Despachado a ZMQ -> agent/6/move: {'v': 0.0, 'w': 0.0}
2026-06-02 14:44:15.885 - [robot_6_log_20260602_144405.csv] - DEBUG - Incoming data. Topic {"x": 265.46, "y": 98.24, "yaw": 1.684, "timestamp": 1780404255.7974296}, mensaje 6/pos
2026-06-02 14:44:15.885 - [robot_6_log_20260602_144405.csv] - DEBUG - Incoming data. Topic {"x": 265.47, "y": 98.28, "yaw": 1.677, "timestamp": 1780404255.884273}, mensaje agent/6/wheel
2026-06-02 14:44:15.885 - [robot_6_log_20260602_144405.csv] - WARNING - Esperando posición inicial... Aún no se han recibido datos de visión.
2026-06-02 14:44:15.896 - [robot_6_log_20260602_144405.csv] - DEBUG - Incoming data. Topic {"Wleft":1.657007864e-15,"Wright":-3.719247132e-16}, mensaje 6/pos
2026-06-02 14:44:15.901 - [robot_6_log_20260602_144405.csv] - DEBUG - Incoming data. Topic {"x": 265.47, "y": 98.28, "yaw": 1.677, "timestamp": 1780404255.8930216}, mensaje 6/pos
2026-06-02 14:44:15.906 - [robot_6_log_20260602_144405.csv] - DEBUG - Incoming data. Topic {"x": 265.47, "y": 98.28, "yaw": 1.677, "timestamp": 1780404255.884273}, mensaje 6/pos
2026-06-02 14:44:15.906 - [robot_6_log_20260602_144405.csv] - DEBUG - Despachado a ZMQ -> agent/6/move: {'v': 0.0, 'w': 0.0}
2026-06-02 14:44:15.935 - [robot_6_log_20260602_144405.csv] - WARNING - Esperando posición inicial... Aún no se han recibido datos de visión.
2026-06-02 14:44:15.955 - [robot_6_log_20260602_144405.csv] - DEBUG - Despachado a ZMQ -> agent/6/move: {'v': 0.0, 'w': 0.0}
2026-06-02 14:44:15.985 - [robot_6_log_20260602_144405.csv] - WARNING - Esperando posición inicial... Aún no se han recibido datos de visión.
2026-06-02 14:44:15.990 - [robot_6_log_20260602_144405.csv] - DEBUG - Incoming data. Topic {"x": 265.47, "y": 98.28, "yaw": 1.677, "timestamp": 1780404255.8930216}, mensaje 6/pos
2026-06-02 14:44:16.000 - [robot_6_log_20260602_144405.csv] - DEBUG - Despachado a ZMQ -> agent/6/move: {'v': 0.0, 'w': 0.0}
2026-06-02 14:44:16.006 - [robot_6_log_20260602_144405.csv] - DEBUG - Incoming data. Topic {"x": 265.42, "y": 98.29, "yaw": 1.679, "timestamp": 1780404255.9880414}, mensaje 6/pos
2026-06-02 14:44:16.006 - [robot_6_log_20260602_144405.csv] - DEBUG - Incoming data. Topic {"x": 265.42, "y": 98.29, "yaw": 1.679, "timestamp": 1780404255.9880414}, mensaje 6/pos
2026-06-02 14:44:16.006 - [robot_6_log_20260602_144405.csv] - DEBUG - Incoming data. Topic {"x": 265.42, "y": 98.29, "yaw": 1.679, "timestamp": 1780404255.9998639}, mensaje 6/pos
2026-06-02 14:44:16.035 - [robot_6_log_20260602_144405.csv] - WARNING - Esperando posición inicial... Aún no se han recibido datos de visión.
2026-06-02 14:44:16.046 - [robot_6_log_20260602_144405.csv] - DEBUG - Despachado a ZMQ -> agent/6/move: {'v': 0.0, 'w': 0.0}
2026-06-02 14:44:16.052 - [robot_6_log_20260602_144405.csv] - DEBUG - Incoming data. Topic {"x": 265.42, "y": 98.29, "yaw": 1.679, "timestamp": 1780404255.9998639}, mensaje agent/6/wheel
2026-06-02 14:44:16.076 - [robot_6_log_20260602_144405.csv] - DEBUG - Incoming data. Topic {"Wleft":1.657007864e-15,"Wright":-3.719247132e-16}, mensaje agent/6/wheel
2026-06-02 14:44:16.085 - [robot_6_log_20260602_144405.csv] - WARNING - Esperando posición inicial... Aún no se han recibido datos de visión.
2026-06-02 14:44:16.090 - [robot_6_log_20260602_144405.csv] - DEBUG - Incoming data. Topic {"Wleft":1.657007864e-15,"Wright":-3.719247132e-16}, mensaje 6/pos
2026-06-02 14:44:16.095 - [robot_6_log_20260602_144405.csv] - DEBUG - Incoming data. Topic {"x": 265.46, "y": 98.26, "yaw": 1.685, "timestamp": 1780404256.0850737}, mensaje 6/pos
2026-06-02 14:44:16.095 - [robot_6_log_20260602_144405.csv] - DEBUG - Despachado a ZMQ -> agent/6/move: {'v': 0.0, 'w': 0.0}
2026-06-02 14:44:16.101 - [robot_6_log_20260602_144405.csv] - DEBUG - Incoming data. Topic {"x": 265.46, "y": 98.26, "yaw": 1.685, "timestamp": 1780404256.0850737}, mensaje 6/pos
2026-06-02 14:44:16.116 - [robot_6_log_20260602_144405.csv] - DEBUG - Incoming data. Topic {"x": 265.46, "y": 98.26, "yaw": 1.685, "timestamp": 1780404256.0950682}, mensaje 6/pos
2026-06-02 14:44:16.135 - [robot_6_log_20260602_144405.csv] - WARNING - Esperando posición inicial... Aún no se han recibido datos de visión.
2026-06-02 14:44:16.156 - [robot_6_log_20260602_144405.csv] - DEBUG - Despachado a ZMQ -> agent/6/move: {'v': 0.0, 'w': 0.0}
2026-06-02 14:44:16.185 - [robot_6_log_20260602_144405.csv] - DEBUG - Incoming data. Topic {"x": 265.46, "y": 98.26, "yaw": 1.685, "timestamp": 1780404256.0950682}, mensaje 6/pos
2026-06-02 14:44:16.185 - [robot_6_log_20260602_144405.csv] - WARNING - Esperando posición inicial... Aún no se han recibido datos de visión.
2026-06-02 14:44:16.190 - [robot_6_log_20260602_144405.csv] - DEBUG - Incoming data. Topic {"x": 265.45, "y": 98.24, "yaw": 1.685, "timestamp": 1780404256.180898}, mensaje agent/6/wheel
2026-06-02 14:44:16.200 - [robot_6_log_20260602_144405.csv] - DEBUG - Despachado a ZMQ -> agent/6/move: {'v': 0.0, 'w': 0.0}
2026-06-02 14:44:16.200 - [robot_6_log_20260602_144405.csv] - DEBUG - Incoming data. Topic {"Wleft":1.657007864e-15,"Wright":-3.719247132e-16}, mensaje 6/pos
2026-06-02 14:44:16.222 - [robot_6_log_20260602_144405.csv] - DEBUG - Incoming data. Topic {"x": 265.45, "y": 98.24, "yaw": 1.685, "timestamp": 1780404256.192299}, mensaje 6/pos
2026-06-02 14:44:16.232 - [robot_6_log_20260602_144405.csv] - DEBUG - Incoming data. Topic {"x": 265.45, "y": 98.24, "yaw": 1.685, "timestamp": 1780404256.180898}, mensaje 6/pos
2026-06-02 14:44:16.235 - [robot_6_log_20260602_144405.csv] - WARNING - Esperando posición inicial... Aún no se han recibido datos de visión.
2026-06-02 14:44:16.255 - [robot_6_log_20260602_144405.csv] - DEBUG - Despachado a ZMQ -> agent/6/move: {'v': 0.0, 'w': 0.0}
2026-06-02 14:44:16.285 - [robot_6_log_20260602_144405.csv] - DEBUG - Incoming data. Topic {"x": 265.45, "y": 98.24, "yaw": 1.685, "timestamp": 1780404256.192299}, mensaje 6/pos
2026-06-02 14:44:16.285 - [robot_6_log_20260602_144405.csv] - WARNING - Esperando posición inicial... Aún no se han recibido datos de visión.
2026-06-02 14:44:16.290 - [robot_6_log_20260602_144405.csv] - DEBUG - Incoming data. Topic {"x": 265.45, "y": 98.27, "yaw": 1.685, "timestamp": 1780404256.283294}, mensaje agent/6/wheel
2026-06-02 14:44:16.300 - [robot_6_log_20260602_144405.csv] - DEBUG - Incoming data. Topic {"Wleft":1.657007864e-15,"Wright":-3.719247132e-16}, mensaje 6/pos
2026-06-02 14:44:16.310 - [robot_6_log_20260602_144405.csv] - DEBUG - Incoming data. Topic {"x": 265.45, "y": 98.27, "yaw": 1.685, "timestamp": 1780404256.294144}, mensaje 6/pos
2026-06-02 14:44:16.310 - [robot_6_log_20260602_144405.csv] - DEBUG - Incoming data. Topic {"x": 265.45, "y": 98.27, "yaw": 1.685, "timestamp": 1780404256.283294}, mensaje 6/pos
2026-06-02 14:44:16.300 - [robot_6_log_20260602_144405.csv] - DEBUG - Despachado a ZMQ -> agent/6/move: {'v': 0.0, 'w': 0.0}
2026-06-02 14:44:16.335 - [robot_6_log_20260602_144405.csv] - WARNING - Esperando posición inicial... Aún no se han recibido datos de visión.
2026-06-02 14:44:16.355 - [robot_6_log_20260602_144405.csv] - DEBUG - Despachado a ZMQ -> agent/6/move: {'v': 0.0, 'w': 0.0}
2026-06-02 14:44:16.385 - [robot_6_log_20260602_144405.csv] - WARNING - Esperando posición inicial... Aún no se han recibido datos de visión.
2026-06-02 14:44:16.391 - [robot_6_log_20260602_144405.csv] - DEBUG - Incoming data. Topic {"x": 265.45, "y": 98.27, "yaw": 1.685, "timestamp": 1780404256.294144}, mensaje 6/pos
2026-06-02 14:44:16.406 - [robot_6_log_20260602_144405.csv] - DEBUG - Incoming data. Topic {"x": 265.43, "y": 98.29, "yaw": 1.682, "timestamp": 1780404256.3864388}, mensaje agent/6/wheel
2026-06-02 14:44:16.406 - [robot_6_log_20260602_144405.csv] - DEBUG - Despachado a ZMQ -> agent/6/move: {'v': 0.0, 'w': 0.0}
2026-06-02 14:44:16.406 - [robot_6_log_20260602_144405.csv] - DEBUG - Incoming data. Topic {"Wleft":1.657007864e-15,"Wright":-3.719247132e-16}, mensaje 6/pos
2026-06-02 14:44:16.433 - [robot_6_log_20260602_144405.csv] - DEBUG - Incoming data. Topic {"x": 265.43, "y": 98.29, "yaw": 1.682, "timestamp": 1780404256.3979185}, mensaje 6/pos
2026-06-02 14:44:16.435 - [robot_6_log_20260602_144405.csv] - WARNING - Esperando posición inicial... Aún no se han recibido datos de visión.
2026-06-02 14:44:16.440 - [robot_6_log_20260602_144405.csv] - DEBUG - Incoming data. Topic {"x": 265.43, "y": 98.29, "yaw": 1.682, "timestamp": 1780404256.3864388}, mensaje 6/pos
2026-06-02 14:44:16.445 - [robot_6_log_20260602_144405.csv] - DEBUG - Despachado a ZMQ -> agent/6/move: {'v': 0.0, 'w': 0.0}
2026-06-02 14:44:16.485 - [robot_6_log_20260602_144405.csv] - WARNING - Esperando posición inicial... Aún no se han recibido datos de visión.
2026-06-02 14:44:16.491 - [robot_6_log_20260602_144405.csv] - DEBUG - Incoming data. Topic {"x": 265.43, "y": 98.29, "yaw": 1.682, "timestamp": 1780404256.3979185}, mensaje 6/pos
2026-06-02 14:44:16.501 - [robot_6_log_20260602_144405.csv] - DEBUG - Incoming data. Topic {"x": 265.46, "y": 98.25, "yaw": 1.684, "timestamp": 1780404256.487024}, mensaje agent/6/wheel
2026-06-02 14:44:16.501 - [robot_6_log_20260602_144405.csv] - DEBUG - Incoming data. Topic {"Wleft":1.657007864e-15,"Wright":-3.719247132e-16}, mensaje 6/pos
2026-06-02 14:44:16.511 - [robot_6_log_20260602_144405.csv] - DEBUG - Incoming data. Topic {"x": 265.46, "y": 98.25, "yaw": 1.684, "timestamp": 1780404256.4954646}, mensaje 6/pos
2026-06-02 14:44:16.511 - [robot_6_log_20260602_144405.csv] - DEBUG - Incoming data. Topic {"x": 265.46, "y": 98.25, "yaw": 1.684, "timestamp": 1780404256.487024}, mensaje 6/pos
2026-06-02 14:44:16.501 - [robot_6_log_20260602_144405.csv] - DEBUG - Despachado a ZMQ -> agent/6/move: {'v': 0.0, 'w': 0.0}
2026-06-02 14:44:16.535 - [robot_6_log_20260602_144405.csv] - WARNING - Esperando posición inicial... Aún no se han recibido datos de visión.
2026-06-02 14:44:16.556 - [robot_6_log_20260602_144405.csv] - DEBUG - Despachado a ZMQ -> agent/6/move: {'v': 0.0, 'w': 0.0}
2026-06-02 14:44:16.580 - [robot_6_log_20260602_144405.csv] - DEBUG - Incoming data. Topic {"x": 265.46, "y": 98.25, "yaw": 1.684, "timestamp": 1780404256.4954646}, mensaje agent/6/wheel
2026-06-02 14:44:16.585 - [robot_6_log_20260602_144405.csv] - WARNING - Esperando posición inicial... Aún no se han recibido datos de visión.
2026-06-02 14:44:16.601 - [robot_6_log_20260602_144405.csv] - DEBUG - Incoming data. Topic {"Wleft":1.657007864e-15,"Wright":-3.719247132e-16}, mensaje 6/pos
2026-06-02 14:44:16.601 - [robot_6_log_20260602_144405.csv] - DEBUG - Despachado a ZMQ -> agent/6/move: {'v': 0.0, 'w': 0.0}
2026-06-02 14:44:16.622 - [robot_6_log_20260602_144405.csv] - DEBUG - Incoming data. Topic {"x": 265.45, "y": 98.25, "yaw": 1.688, "timestamp": 1780404256.586789}, mensaje 6/pos
2026-06-02 14:44:16.632 - [robot_6_log_20260602_144405.csv] - DEBUG - Incoming data. Topic {"x": 265.45, "y": 98.25, "yaw": 1.688, "timestamp": 1780404256.586789}, mensaje 6/pos
2026-06-02 14:44:16.635 - [robot_6_log_20260602_144405.csv] - WARNING - Esperando posición inicial... Aún no se han recibido datos de visión.
2026-06-02 14:44:16.641 - [robot_6_log_20260602_144405.csv] - DEBUG - Incoming data. Topic {"x": 265.45, "y": 98.25, "yaw": 1.688, "timestamp": 1780404256.5974894}, mensaje 6/pos
2026-06-02 14:44:16.656 - [robot_6_log_20260602_144405.csv] - DEBUG - Despachado a ZMQ -> agent/6/move: {'v': 0.0, 'w': 0.0}
2026-06-02 14:44:16.685 - [robot_6_log_20260602_144405.csv] - WARNING - Esperando posición inicial... Aún no se han recibido datos de visión.
2026-06-02 14:44:16.691 - [robot_6_log_20260602_144405.csv] - DEBUG - Incoming data. Topic {"x": 265.45, "y": 98.25, "yaw": 1.688, "timestamp": 1780404256.5974894}, mensaje 6/pos
2026-06-02 14:44:16.696 - [robot_6_log_20260602_144405.csv] - DEBUG - Incoming data. Topic {"x": 265.46, "y": 98.26, "yaw": 1.683, "timestamp": 1780404256.6857452}, mensaje agent/6/wheel
2026-06-02 14:44:16.696 - [robot_6_log_20260602_144405.csv] - DEBUG - Incoming data. Topic {"Wleft":1.657007864e-15,"Wright":-3.719247132e-16}, mensaje 6/pos
2026-06-02 14:44:16.696 - [robot_6_log_20260602_144405.csv] - DEBUG - Incoming data. Topic {"x": 265.46, "y": 98.26, "yaw": 1.683, "timestamp": 1780404256.6954782}, mensaje 6/pos
2026-06-02 14:44:16.696 - [robot_6_log_20260602_144405.csv] - DEBUG - Despachado a ZMQ -> agent/6/move: {'v': 0.0, 'w': 0.0}
2026-06-02 14:44:16.701 - [robot_6_log_20260602_144405.csv] - DEBUG - Incoming data. Topic {"x": 265.46, "y": 98.26, "yaw": 1.683, "timestamp": 1780404256.6857452}, mensaje 6/pos
2026-06-02 14:44:16.735 - [robot_6_log_20260602_144405.csv] - WARNING - Esperando posición inicial... Aún no se han recibido datos de visión.
2026-06-02 14:44:16.756 - [robot_6_log_20260602_144405.csv] - DEBUG - Despachado a ZMQ -> agent/6/move: {'v': 0.0, 'w': 0.0}
2026-06-02 14:44:16.785 - [robot_6_log_20260602_144405.csv] - WARNING - Esperando posición inicial... Aún no se han recibido datos de visión.
2026-06-02 14:44:16.791 - [robot_6_log_20260602_144405.csv] - DEBUG - Incoming data. Topic {"x": 265.46, "y": 98.26, "yaw": 1.683, "timestamp": 1780404256.6954782}, mensaje 6/pos
2026-06-02 14:44:16.806 - [robot_6_log_20260602_144405.csv] - DEBUG - Despachado a ZMQ -> agent/6/move: {'v': 0.0, 'w': 0.0}
2026-06-02 14:44:16.806 - [robot_6_log_20260602_144405.csv] - DEBUG - Incoming data. Topic {"x": 265.43, "y": 98.28, "yaw": 1.681, "timestamp": 1780404256.78907}, mensaje agent/6/wheel
2026-06-02 14:44:16.835 - [robot_6_log_20260602_144405.csv] - DEBUG - Incoming data. Topic {"Wleft":1.657007864e-15,"Wright":-3.719247132e-16}, mensaje 6/pos
2026-06-02 14:44:16.835 - [robot_6_log_20260602_144405.csv] - DEBUG - Incoming data. Topic {"x": 265.43, "y": 98.28, "yaw": 1.681, "timestamp": 1780404256.7980301}, mensaje 6/pos
2026-06-02 14:44:16.835 - [robot_6_log_20260602_144405.csv] - DEBUG - Incoming data. Topic {"x": 265.43, "y": 98.28, "yaw": 1.681, "timestamp": 1780404256.78907}, mensaje 6/pos
2026-06-02 14:44:16.835 - [robot_6_log_20260602_144405.csv] - WARNING - Esperando posición inicial... Aún no se han recibido datos de visión.
2026-06-02 14:44:16.855 - [robot_6_log_20260602_144405.csv] - DEBUG - Despachado a ZMQ -> agent/6/move: {'v': 0.0, 'w': 0.0}
2026-06-02 14:44:16.885 - [robot_6_log_20260602_144405.csv] - WARNING - Esperando posición inicial... Aún no se han recibido datos de visión.
2026-06-02 14:44:16.896 - [robot_6_log_20260602_144405.csv] - DEBUG - Incoming data. Topic {"x": 265.43, "y": 98.28, "yaw": 1.681, "timestamp": 1780404256.7980301}, mensaje 6/pos
2026-06-02 14:44:16.896 - [robot_6_log_20260602_144405.csv] - DEBUG - Incoming data. Topic {"x": 265.46, "y": 98.24, "yaw": 1.683, "timestamp": 1780404256.886134}, mensaje agent/6/wheel
2026-06-02 14:44:16.901 - [robot_6_log_20260602_144405.csv] - DEBUG - Despachado a ZMQ -> agent/6/move: {'v': 0.0, 'w': 0.0}
2026-06-02 14:44:16.911 - [robot_6_log_20260602_144405.csv] - DEBUG - Incoming data. Topic {"Wleft":1.657007864e-15,"Wright":-3.719247132e-16}, mensaje 6/pos
2026-06-02 14:44:16.935 - [robot_6_log_20260602_144405.csv] - WARNING - Esperando posición inicial... Aún no se han recibido datos de visión.
2026-06-02 14:44:16.941 - [robot_6_log_20260602_144405.csv] - DEBUG - Incoming data. Topic {"x": 265.46, "y": 98.24, "yaw": 1.683, "timestamp": 1780404256.897773}, mensaje 6/pos
2026-06-02 14:44:16.946 - [robot_6_log_20260602_144405.csv] - DEBUG - Incoming data. Topic {"x": 265.46, "y": 98.24, "yaw": 1.683, "timestamp": 1780404256.886134}, mensaje 6/pos
2026-06-02 14:44:16.961 - [robot_6_log_20260602_144405.csv] - DEBUG - Despachado a ZMQ -> agent/6/move: {'v': 0.0, 'w': 0.0}
2026-06-02 14:44:16.985 - [robot_6_log_20260602_144405.csv] - WARNING - Esperando posición inicial... Aún no se han recibido datos de visión.
2026-06-02 14:44:16.990 - [robot_6_log_20260602_144405.csv] - DEBUG - Incoming data. Topic {"x": 265.46, "y": 98.24, "yaw": 1.683, "timestamp": 1780404256.897773}, mensaje 6/pos
2026-06-02 14:44:16.990 - [robot_6_log_20260602_144405.csv] - DEBUG - Incoming data. Topic {"x": 265.46, "y": 98.25, "yaw": 1.684, "timestamp": 1780404256.9872363}, mensaje 6/pos
2026-06-02 14:44:16.995 - [robot_6_log_20260602_144405.csv] - DEBUG - Despachado a ZMQ -> agent/6/move: {'v': 0.0, 'w': 0.0}
2026-06-02 14:44:17.000 - [robot_6_log_20260602_144405.csv] - DEBUG - Incoming data. Topic {"x": 265.46, "y": 98.25, "yaw": 1.684, "timestamp": 1780404256.9872363}, mensaje 6/pos
2026-06-02 14:44:17.011 - [robot_6_log_20260602_144405.csv] - DEBUG - Incoming data. Topic {"x": 265.46, "y": 98.25, "yaw": 1.684, "timestamp": 1780404256.996982}, mensaje agent/6/wheel
2026-06-02 14:44:17.035 - [robot_6_log_20260602_144405.csv] - WARNING - Esperando posición inicial... Aún no se han recibido datos de visión.
2026-06-02 14:44:17.046 - [robot_6_log_20260602_144405.csv] - DEBUG - Despachado a ZMQ -> agent/6/move: {'v': 0.0, 'w': 0.0}
2026-06-02 14:44:17.051 - [robot_6_log_20260602_144405.csv] - DEBUG - Incoming data. Topic {"Wleft":1.657007864e-15,"Wright":-3.719247132e-16}, mensaje 6/pos
2026-06-02 14:44:17.085 - [robot_6_log_20260602_144405.csv] - DEBUG - Incoming data. Topic {"x": 265.46, "y": 98.25, "yaw": 1.684, "timestamp": 1780404256.996982}, mensaje 6/pos
2026-06-02 14:44:17.085 - [robot_6_log_20260602_144405.csv] - DEBUG - Incoming data. Topic {"x": 265.46, "y": 98.27, "yaw": 1.686, "timestamp": 1780404257.0814095}, mensaje 6/pos
2026-06-02 14:44:17.085 - [robot_6_log_20260602_144405.csv] - WARNING - Esperando posición inicial... Aún no se han recibido datos de visión.
2026-06-02 14:44:17.095 - [robot_6_log_20260602_144405.csv] - DEBUG - Incoming data. Topic {"x": 265.46, "y": 98.27, "yaw": 1.686, "timestamp": 1780404257.0814095}, mensaje 6/pos
2026-06-02 14:44:17.100 - [robot_6_log_20260602_144405.csv] - DEBUG - Despachado a ZMQ -> agent/6/move: {'v': 0.0, 'w': 0.0}
2026-06-02 14:44:17.100 - [robot_6_log_20260602_144405.csv] - DEBUG - Incoming data. Topic {"x": 265.46, "y": 98.27, "yaw": 1.686, "timestamp": 1780404257.092887}, mensaje agent/6/wheel
2026-06-02 14:44:17.112 - [robot_6_log_20260602_144405.csv] - DEBUG - Incoming data. Topic {"Wleft":1.657007864e-15,"Wright":-3.719247132e-16}, mensaje 6/pos
2026-06-02 14:44:17.135 - [robot_6_log_20260602_144405.csv] - WARNING - Esperando posición inicial... Aún no se han recibido datos de visión.
2026-06-02 14:44:17.156 - [robot_6_log_20260602_144405.csv] - DEBUG - Despachado a ZMQ -> agent/6/move: {'v': 0.0, 'w': 0.0}
2026-06-02 14:44:17.185 - [robot_6_log_20260602_144405.csv] - WARNING - Esperando posición inicial... Aún no se han recibido datos de visión.
2026-06-02 14:44:17.191 - [robot_6_log_20260602_144405.csv] - DEBUG - Incoming data. Topic {"x": 265.46, "y": 98.27, "yaw": 1.686, "timestamp": 1780404257.092887}, mensaje 6/pos
2026-06-02 14:44:17.201 - [robot_6_log_20260602_144405.csv] - DEBUG - Incoming data. Topic {"x": 265.45, "y": 98.27, "yaw": 1.679, "timestamp": 1780404257.1876457}, mensaje 6/pos
2026-06-02 14:44:17.201 - [robot_6_log_20260602_144405.csv] - DEBUG - Despachado a ZMQ -> agent/6/move: {'v': 0.0, 'w': 0.0}
2026-06-02 14:44:17.216 - [robot_6_log_20260602_144405.csv] - DEBUG - Incoming data. Topic {"x": 265.45, "y": 98.27, "yaw": 1.679, "timestamp": 1780404257.1876457}, mensaje 6/pos
2026-06-02 14:44:17.235 - [robot_6_log_20260602_144405.csv] - WARNING - Esperando posición inicial... Aún no se han recibido datos de visión.
2026-06-02 14:44:17.235 - [robot_6_log_20260602_144405.csv] - DEBUG - Incoming data. Topic {"x": 265.45, "y": 98.27, "yaw": 1.679, "timestamp": 1780404257.199747}, mensaje 6/pos
2026-06-02 14:44:17.255 - [robot_6_log_20260602_144405.csv] - DEBUG - Incoming data. Topic {"x": 265.45, "y": 98.27, "yaw": 1.679, "timestamp": 1780404257.199747}, mensaje agent/6/wheel
2026-06-02 14:44:17.265 - [robot_6_log_20260602_144405.csv] - DEBUG - Despachado a ZMQ -> agent/6/move: {'v': 0.0, 'w': 0.0}
2026-06-02 14:44:17.285 - [robot_6_log_20260602_144405.csv] - WARNING - Esperando posición inicial... Aún no se han recibido datos de visión.
2026-06-02 14:44:17.290 - [robot_6_log_20260602_144405.csv] - DEBUG - Incoming data. Topic {"Wleft":1.657007864e-15,"Wright":-3.719247132e-16}, mensaje 6/pos
2026-06-02 14:44:17.300 - [robot_6_log_20260602_144405.csv] - DEBUG - Incoming data. Topic {"x": 265.46, "y": 98.26, "yaw": 1.684, "timestamp": 1780404257.2848806}, mensaje 6/pos
2026-06-02 14:44:17.305 - [robot_6_log_20260602_144405.csv] - DEBUG - Incoming data. Topic {"x": 265.46, "y": 98.26, "yaw": 1.684, "timestamp": 1780404257.2848806}, mensaje 6/pos
2026-06-02 14:44:17.311 - [robot_6_log_20260602_144405.csv] - DEBUG - Despachado a ZMQ -> agent/6/move: {'v': 0.0, 'w': 0.0}
2026-06-02 14:44:17.321 - [robot_6_log_20260602_144405.csv] - DEBUG - Incoming data. Topic {"x": 265.46, "y": 98.26, "yaw": 1.684, "timestamp": 1780404257.293693}, mensaje 6/pos
2026-06-02 14:44:17.335 - [robot_6_log_20260602_144405.csv] - DEBUG - Incoming data. Topic {"x": 265.46, "y": 98.26, "yaw": 1.684, "timestamp": 1780404257.293693}, mensaje agent/6/wheel
2026-06-02 14:44:17.335 - [robot_6_log_20260602_144405.csv] - WARNING - Esperando posición inicial... Aún no se han recibido datos de visión.
2026-06-02 14:44:17.356 - [robot_6_log_20260602_144405.csv] - DEBUG - Despachado a ZMQ -> agent/6/move: {'v': 0.0, 'w': 0.0}
2026-06-02 14:44:17.385 - [robot_6_log_20260602_144405.csv] - WARNING - Esperando posición inicial... Aún no se han recibido datos de visión.
2026-06-02 14:44:17.385 - [robot_6_log_20260602_144405.csv] - DEBUG - Incoming data. Topic {"Wleft":1.657007864e-15,"Wright":-3.719247132e-16}, mensaje 6/pos
2026-06-02 14:44:17.405 - [robot_6_log_20260602_144405.csv] - DEBUG - Despachado a ZMQ -> agent/6/move: {'v': 0.0, 'w': 0.0}
2026-06-02 14:44:17.405 - [robot_6_log_20260602_144405.csv] - DEBUG - Incoming data. Topic {"x": 265.46, "y": 98.24, "yaw": 1.686, "timestamp": 1780404257.3835359}, mensaje 6/pos
2026-06-02 14:44:17.427 - [robot_6_log_20260602_144405.csv] - DEBUG - Incoming data. Topic {"x": 265.46, "y": 98.24, "yaw": 1.686, "timestamp": 1780404257.3835359}, mensaje 6/pos
2026-06-02 14:44:17.432 - [robot_6_log_20260602_144405.csv] - DEBUG - Incoming data. Topic {"x": 265.46, "y": 98.24, "yaw": 1.686, "timestamp": 1780404257.3921554}, mensaje 6/pos
2026-06-02 14:44:17.435 - [robot_6_log_20260602_144405.csv] - WARNING - Esperando posición inicial... Aún no se han recibido datos de visión.
2026-06-02 14:44:17.451 - [robot_6_log_20260602_144405.csv] - DEBUG - Incoming data. Topic {"x": 265.46, "y": 98.24, "yaw": 1.686, "timestamp": 1780404257.3921554}, mensaje agent/6/wheel
2026-06-02 14:44:17.451 - [robot_6_log_20260602_144405.csv] - DEBUG - Despachado a ZMQ -> agent/6/move: {'v': 0.0, 'w': 0.0}
2026-06-02 14:44:17.484 - [robot_6_log_20260602_144405.csv] - DEBUG - Incoming data. Topic {"Wleft":1.657007864e-15,"Wright":-3.719247132e-16}, mensaje 6/pos
2026-06-02 14:44:17.484 - [robot_6_log_20260602_144405.csv] - DEBUG - Incoming data. Topic {"x": 265.46, "y": 98.25, "yaw": 1.685, "timestamp": 1780404257.4837017}, mensaje 6/pos
2026-06-02 14:44:17.485 - [robot_6_log_20260602_144405.csv] - WARNING - Esperando posición inicial... Aún no se han recibido datos de visión.
2026-06-02 14:44:17.495 - [robot_6_log_20260602_144405.csv] - DEBUG - Despachado a ZMQ -> agent/6/move: {'v': 0.0, 'w': 0.0}
2026-06-02 14:44:17.495 - [robot_6_log_20260602_144405.csv] - DEBUG - Incoming data. Topic {"x": 265.46, "y": 98.25, "yaw": 1.685, "timestamp": 1780404257.4837017}, mensaje 6/pos
2026-06-02 14:44:17.500 - [robot_6_log_20260602_144405.csv] - DEBUG - Incoming data. Topic {"x": 265.46, "y": 98.25, "yaw": 1.685, "timestamp": 1780404257.4940112}, mensaje 6/pos
2026-06-02 14:44:17.535 - [robot_6_log_20260602_144405.csv] - WARNING - Esperando posición inicial... Aún no se han recibido datos de visión.
2026-06-02 14:44:17.546 - [robot_6_log_20260602_144405.csv] - DEBUG - Incoming data. Topic {"x": 265.46, "y": 98.25, "yaw": 1.685, "timestamp": 1780404257.4940112}, mensaje agent/6/wheel
2026-06-02 14:44:17.551 - [robot_6_log_20260602_144405.csv] - DEBUG - Despachado a ZMQ -> agent/6/move: {'v': 0.0, 'w': 0.0}
2026-06-02 14:44:17.585 - [robot_6_log_20260602_144405.csv] - WARNING - Esperando posición inicial... Aún no se han recibido datos de visión.
2026-06-02 14:44:17.595 - [robot_6_log_20260602_144405.csv] - DEBUG - Incoming data. Topic {"Wleft":1.657007864e-15,"Wright":-3.719247132e-16}, mensaje 6/pos
2026-06-02 14:44:17.600 - [robot_6_log_20260602_144405.csv] - DEBUG - Despachado a ZMQ -> agent/6/move: {'v': 0.0, 'w': 0.0}
2026-06-02 14:44:17.610 - [robot_6_log_20260602_144405.csv] - DEBUG - Incoming data. Topic {"x": 265.43, "y": 98.28, "yaw": 1.679, "timestamp": 1780404257.5837688}, mensaje 6/pos
2026-06-02 14:44:17.626 - [robot_6_log_20260602_144405.csv] - DEBUG - Incoming data. Topic {"x": 265.43, "y": 98.28, "yaw": 1.679, "timestamp": 1780404257.5837688}, mensaje 6/pos
2026-06-02 14:44:17.626 - [robot_6_log_20260602_144405.csv] - DEBUG - Incoming data. Topic {"x": 265.43, "y": 98.28, "yaw": 1.679, "timestamp": 1780404257.5950391}, mensaje 6/pos
2026-06-02 14:44:17.635 - [robot_6_log_20260602_144405.csv] - WARNING - Esperando posición inicial... Aún no se han recibido datos de visión.
2026-06-02 14:44:17.641 - [robot_6_log_20260602_144405.csv] - DEBUG - Incoming data. Topic {"x": 265.43, "y": 98.28, "yaw": 1.679, "timestamp": 1780404257.5950391}, mensaje agent/6/wheel
2026-06-02 14:44:17.666 - [robot_6_log_20260602_144405.csv] - DEBUG - Despachado a ZMQ -> agent/6/move: {'v': 0.0, 'w': 0.0}
2026-06-02 14:44:17.685 - [robot_6_log_20260602_144405.csv] - WARNING - Esperando posición inicial... Aún no se han recibido datos de visión.
2026-06-02 14:44:17.690 - [robot_6_log_20260602_144405.csv] - DEBUG - Incoming data. Topic {"Wleft":1.657007864e-15,"Wright":-3.719247132e-16}, mensaje 6/pos
2026-06-02 14:44:17.695 - [robot_6_log_20260602_144405.csv] - DEBUG - Despachado a ZMQ -> agent/6/move: {'v': 0.0, 'w': 0.0}
2026-06-02 14:44:17.695 - [robot_6_log_20260602_144405.csv] - DEBUG - Incoming data. Topic {"x": 265.45, "y": 98.27, "yaw": 1.683, "timestamp": 1780404257.6829703}, mensaje 6/pos
2026-06-02 14:44:17.723 - [robot_6_log_20260602_144405.csv] - DEBUG - Incoming data. Topic {"x": 265.45, "y": 98.27, "yaw": 1.683, "timestamp": 1780404257.6829703}, mensaje 6/pos
2026-06-02 14:44:17.733 - [robot_6_log_20260602_144405.csv] - DEBUG - Incoming data. Topic {"x": 265.45, "y": 98.27, "yaw": 1.683, "timestamp": 1780404257.6915107}, mensaje 6/pos
2026-06-02 14:44:17.735 - [robot_6_log_20260602_144405.csv] - WARNING - Esperando posición inicial... Aún no se han recibido datos de visión.
2026-06-02 14:44:17.735 - [robot_6_log_20260602_144405.csv] - DEBUG - Incoming data. Topic {"x": 265.45, "y": 98.27, "yaw": 1.683, "timestamp": 1780404257.6915107}, mensaje agent/6/wheel
2026-06-02 14:44:17.750 - [robot_6_log_20260602_144405.csv] - DEBUG - Despachado a ZMQ -> agent/6/move: {'v': 0.0, 'w': 0.0}
2026-06-02 14:44:17.785 - [robot_6_log_20260602_144405.csv] - DEBUG - Incoming data. Topic {"Wleft":1.657007864e-15,"Wright":-3.719247132e-16}, mensaje 6/pos
2026-06-02 14:44:17.785 - [robot_6_log_20260602_144405.csv] - WARNING - Esperando posición inicial... Aún no se han recibido datos de visión.
2026-06-02 14:44:17.785 - [robot_6_log_20260602_144405.csv] - DEBUG - Incoming data. Topic {"x": 265.46, "y": 98.25, "yaw": 1.684, "timestamp": 1780404257.7814314}, mensaje 6/pos
2026-06-02 14:44:17.795 - [robot_6_log_20260602_144405.csv] - DEBUG - Incoming data. Topic {"x": 265.46, "y": 98.25, "yaw": 1.684, "timestamp": 1780404257.7814314}, mensaje 6/pos
2026-06-02 14:44:17.805 - [robot_6_log_20260602_144405.csv] - DEBUG - Incoming data. Topic {"x": 265.46, "y": 98.25, "yaw": 1.684, "timestamp": 1780404257.7925785}, mensaje 6/pos
2026-06-02 14:44:17.810 - [robot_6_log_20260602_144405.csv] - DEBUG - Despachado a ZMQ -> agent/6/move: {'v': 0.0, 'w': 0.0}
2026-06-02 14:44:17.835 - [robot_6_log_20260602_144405.csv] - WARNING - Esperando posición inicial... Aún no se han recibido datos de visión.
2026-06-02 14:44:17.851 - [robot_6_log_20260602_144405.csv] - DEBUG - Incoming data. Topic {"x": 265.46, "y": 98.25, "yaw": 1.684, "timestamp": 1780404257.7925785}, mensaje agent/6/wheel
2026-06-02 14:44:17.861 - [robot_6_log_20260602_144405.csv] - DEBUG - Despachado a ZMQ -> agent/6/move: {'v': 0.0, 'w': 0.0}
2026-06-02 14:44:17.885 - [robot_6_log_20260602_144405.csv] - WARNING - Esperando posición inicial... Aún no se han recibido datos de visión.
2026-06-02 14:44:17.891 - [robot_6_log_20260602_144405.csv] - DEBUG - Incoming data. Topic {"Wleft":1.657007864e-15,"Wright":-3.719247132e-16}, mensaje 6/pos
2026-06-02 14:44:17.906 - [robot_6_log_20260602_144405.csv] - DEBUG - Incoming data. Topic {"x": 265.43, "y": 98.27, "yaw": 1.68, "timestamp": 1780404257.887792}, mensaje 6/pos
2026-06-02 14:44:17.911 - [robot_6_log_20260602_144405.csv] - DEBUG - Incoming data. Topic {"x": 265.43, "y": 98.27, "yaw": 1.68, "timestamp": 1780404257.887792}, mensaje 6/pos
2026-06-02 14:44:17.916 - [robot_6_log_20260602_144405.csv] - DEBUG - Despachado a ZMQ -> agent/6/move: {'v': 0.0, 'w': 0.0}
2026-06-02 14:44:17.916 - [robot_6_log_20260602_144405.csv] - DEBUG - Incoming data. Topic {"x": 265.43, "y": 98.27, "yaw": 1.68, "timestamp": 1780404257.8994768}, mensaje 6/pos
2026-06-02 14:44:17.935 - [robot_6_log_20260602_144405.csv] - WARNING - Esperando posición inicial... Aún no se han recibido datos de visión.
2026-06-02 14:44:17.946 - [robot_6_log_20260602_144405.csv] - DEBUG - Despachado a ZMQ -> agent/6/move: {'v': 0.0, 'w': 0.0}
2026-06-02 14:44:17.946 - [robot_6_log_20260602_144405.csv] - DEBUG - Incoming data. Topic {"x": 265.43, "y": 98.27, "yaw": 1.68, "timestamp": 1780404257.8994768}, mensaje agent/6/wheel
2026-06-02 14:44:17.985 - [robot_6_log_20260602_144405.csv] - WARNING - Esperando posición inicial... Aún no se han recibido datos de visión.
2026-06-02 14:44:17.996 - [robot_6_log_20260602_144405.csv] - DEBUG - Incoming data. Topic {"Wleft":1.657007864e-15,"Wright":-3.719247132e-16}, mensaje 6/pos
2026-06-02 14:44:18.001 - [robot_6_log_20260602_144405.csv] - DEBUG - Despachado a ZMQ -> agent/6/move: {'v': 0.0, 'w': 0.0}
2026-06-02 14:44:18.006 - [robot_6_log_20260602_144405.csv] - DEBUG - Incoming data. Topic {"x": 265.47, "y": 98.28, "yaw": 1.677, "timestamp": 1780404257.9876518}, mensaje 6/pos
2026-06-02 14:44:18.017 - [robot_6_log_20260602_144405.csv] - DEBUG - Incoming data. Topic {"x": 265.47, "y": 98.28, "yaw": 1.677, "timestamp": 1780404257.9876518}, mensaje 6/pos
2026-06-02 14:44:18.017 - [robot_6_log_20260602_144405.csv] - DEBUG - Incoming data. Topic {"x": 265.47, "y": 98.28, "yaw": 1.677, "timestamp": 1780404257.9994395}, mensaje 6/pos
2026-06-02 14:44:18.035 - [robot_6_log_20260602_144405.csv] - WARNING - Esperando posición inicial... Aún no se han recibido datos de visión.
2026-06-02 14:44:18.046 - [robot_6_log_20260602_144405.csv] - DEBUG - Incoming data. Topic {"x": 265.47, "y": 98.28, "yaw": 1.677, "timestamp": 1780404257.9994395}, mensaje agent/6/wheel
2026-06-02 14:44:18.051 - [robot_6_log_20260602_144405.csv] - DEBUG - Despachado a ZMQ -> agent/6/move: {'v': 0.0, 'w': 0.0}
2026-06-02 14:44:18.085 - [robot_6_log_20260602_144405.csv] - WARNING - Esperando posición inicial... Aún no se han recibido datos de visión.
2026-06-02 14:44:18.096 - [robot_6_log_20260602_144405.csv] - DEBUG - Incoming data. Topic {"Wleft":1.657007864e-15,"Wright":-3.719247132e-16}, mensaje 6/pos
2026-06-02 14:44:18.101 - [robot_6_log_20260602_144405.csv] - DEBUG - Despachado a ZMQ -> agent/6/move: {'v': 0.0, 'w': 0.0}
2026-06-02 14:44:18.106 - [robot_6_log_20260602_144405.csv] - DEBUG - Incoming data. Topic {"x": 265.42, "y": 98.28, "yaw": 1.68, "timestamp": 1780404258.0855036}, mensaje 6/pos
2026-06-02 14:44:18.135 - [robot_6_log_20260602_144405.csv] - WARNING - Esperando posición inicial... Aún no se han recibido datos de visión.
2026-06-02 14:44:18.135 - [robot_6_log_20260602_144405.csv] - DEBUG - Incoming data. Topic {"x": 265.42, "y": 98.28, "yaw": 1.68, "timestamp": 1780404258.0855036}, mensaje 6/pos
2026-06-02 14:44:18.145 - [robot_6_log_20260602_144405.csv] - DEBUG - Incoming data. Topic {"x": 265.42, "y": 98.28, "yaw": 1.68, "timestamp": 1780404258.0975547}, mensaje 6/pos
2026-06-02 14:44:18.150 - [robot_6_log_20260602_144405.csv] - DEBUG - Incoming data. Topic {"x": 265.42, "y": 98.28, "yaw": 1.68, "timestamp": 1780404258.0975547}, mensaje agent/6/wheel
2026-06-02 14:44:18.160 - [robot_6_log_20260602_144405.csv] - DEBUG - Despachado a ZMQ -> agent/6/move: {'v': 0.0, 'w': 0.0}
2026-06-02 14:44:18.185 - [robot_6_log_20260602_144405.csv] - WARNING - Esperando posición inicial... Aún no se han recibido datos de visión.
2026-06-02 14:44:18.195 - [robot_6_log_20260602_144405.csv] - DEBUG - Incoming data. Topic {"Wleft":1.657007864e-15,"Wright":-3.719247132e-16}, mensaje 6/pos
2026-06-02 14:44:18.200 - [robot_6_log_20260602_144405.csv] - DEBUG - Despachado a ZMQ -> agent/6/move: {'v': 0.0, 'w': 0.0}
2026-06-02 14:44:18.206 - [robot_6_log_20260602_144405.csv] - DEBUG - Incoming data. Topic {"x": 265.42, "y": 98.28, "yaw": 1.679, "timestamp": 1780404258.1847937}, mensaje 6/pos
2026-06-02 14:44:18.207 - [robot_6_log_20260602_144405.csv] - DEBUG - Incoming data. Topic {"x": 265.42, "y": 98.28, "yaw": 1.679, "timestamp": 1780404258.1847937}, mensaje 6/pos
2026-06-02 14:44:18.207 - [robot_6_log_20260602_144405.csv] - DEBUG - Incoming data. Topic {"x": 265.42, "y": 98.28, "yaw": 1.679, "timestamp": 1780404258.1966546}, mensaje 6/pos
2026-06-02 14:44:18.235 - [robot_6_log_20260602_144405.csv] - WARNING - Esperando posición inicial... Aún no se han recibido datos de visión.
2026-06-02 14:44:18.241 - [robot_6_log_20260602_144405.csv] - DEBUG - Despachado a ZMQ -> agent/6/move: {'v': 0.0, 'w': 0.0}
2026-06-02 14:44:18.278 - [robot_6_log_20260602_144405.csv] - DEBUG - Incoming data. Topic {"x": 265.42, "y": 98.28, "yaw": 1.679, "timestamp": 1780404258.1966546}, mensaje agent/6/wheel
2026-06-02 14:44:18.285 - [robot_6_log_20260602_144405.csv] - WARNING - Esperando posición inicial... Aún no se han recibido datos de visión.
2026-06-02 14:44:18.290 - [robot_6_log_20260602_144405.csv] - DEBUG - Incoming data. Topic {"Wleft":1.657007864e-15,"Wright":-3.719247132e-16}, mensaje 6/pos
2026-06-02 14:44:18.295 - [robot_6_log_20260602_144405.csv] - DEBUG - Incoming data. Topic {"x": 265.46, "y": 98.25, "yaw": 1.687, "timestamp": 1780404258.2850146}, mensaje 6/pos
2026-06-02 14:44:18.300 - [robot_6_log_20260602_144405.csv] - DEBUG - Incoming data. Topic {"x": 265.46, "y": 98.25, "yaw": 1.687, "timestamp": 1780404258.2850146}, mensaje 6/pos
2026-06-02 14:44:18.305 - [robot_6_log_20260602_144405.csv] - DEBUG - Despachado a ZMQ -> agent/6/move: {'v': 0.0, 'w': 0.0}
2026-06-02 14:44:18.305 - [robot_6_log_20260602_144405.csv] - DEBUG - Incoming data. Topic {"x": 265.46, "y": 98.25, "yaw": 1.687, "timestamp": 1780404258.2943833}, mensaje 6/pos
2026-06-02 14:44:18.335 - [robot_6_log_20260602_144405.csv] - WARNING - Esperando posición inicial... Aún no se han recibido datos de visión.
2026-06-02 14:44:18.346 - [robot_6_log_20260602_144405.csv] - DEBUG - Incoming data. Topic {"x": 265.46, "y": 98.25, "yaw": 1.687, "timestamp": 1780404258.2943833}, mensaje agent/6/wheel
2026-06-02 14:44:18.356 - [robot_6_log_20260602_144405.csv] - DEBUG - Despachado a ZMQ -> agent/6/move: {'v': 0.0, 'w': 0.0}
2026-06-02 14:44:18.385 - [robot_6_log_20260602_144405.csv] - WARNING - Esperando posición inicial... Aún no se han recibido datos de visión.
2026-06-02 14:44:18.390 - [robot_6_log_20260602_144405.csv] - DEBUG - Incoming data. Topic {"Wleft":1.657007864e-15,"Wright":-3.719247132e-16}, mensaje 6/pos
2026-06-02 14:44:18.400 - [robot_6_log_20260602_144405.csv] - DEBUG - Incoming data. Topic {"x": 265.46, "y": 98.26, "yaw": 1.686, "timestamp": 1780404258.3851259}, mensaje 6/pos
2026-06-02 14:44:18.411 - [robot_6_log_20260602_144405.csv] - DEBUG - Incoming data. Topic {"x": 265.46, "y": 98.26, "yaw": 1.686, "timestamp": 1780404258.3851259}, mensaje 6/pos
2026-06-02 14:44:18.416 - [robot_6_log_20260602_144405.csv] - DEBUG - Incoming data. Topic {"x": 265.46, "y": 98.26, "yaw": 1.686, "timestamp": 1780404258.3947191}, mensaje 6/pos
2026-06-02 14:44:18.416 - [robot_6_log_20260602_144405.csv] - DEBUG - Despachado a ZMQ -> agent/6/move: {'v': 0.0, 'w': 0.0}
2026-06-02 14:44:18.435 - [robot_6_log_20260602_144405.csv] - WARNING - Esperando posición inicial... Aún no se han recibido datos de visión.
2026-06-02 14:44:18.450 - [robot_6_log_20260602_144405.csv] - DEBUG - Despachado a ZMQ -> agent/6/move: {'v': 0.0, 'w': 0.0}
2026-06-02 14:44:18.456 - [robot_6_log_20260602_144405.csv] - DEBUG - Incoming data. Topic {"x": 265.46, "y": 98.26, "yaw": 1.686, "timestamp": 1780404258.3947191}, mensaje agent/6/wheel
2026-06-02 14:44:18.485 - [robot_6_log_20260602_144405.csv] - WARNING - Esperando posición inicial... Aún no se han recibido datos de visión.
2026-06-02 14:44:18.490 - [robot_6_log_20260602_144405.csv] - DEBUG - Incoming data. Topic {"Wleft":1.657007864e-15,"Wright":-3.719247132e-16}, mensaje 6/pos
2026-06-02 14:44:18.500 - [robot_6_log_20260602_144405.csv] - DEBUG - Incoming data. Topic {"x": 265.46, "y": 98.26, "yaw": 1.685, "timestamp": 1780404258.4819503}, mensaje 6/pos
2026-06-02 14:44:18.500 - [robot_6_log_20260602_144405.csv] - DEBUG - Incoming data. Topic {"x": 265.46, "y": 98.26, "yaw": 1.685, "timestamp": 1780404258.4819503}, mensaje 6/pos
2026-06-02 14:44:18.500 - [robot_6_log_20260602_144405.csv] - DEBUG - Incoming data. Topic {"x": 265.46, "y": 98.26, "yaw": 1.685, "timestamp": 1780404258.4912145}, mensaje 6/pos
2026-06-02 14:44:18.516 - [robot_6_log_20260602_144405.csv] - DEBUG - Despachado a ZMQ -> agent/6/move: {'v': 0.0, 'w': 0.0}
2026-06-02 14:44:18.535 - [robot_6_log_20260602_144405.csv] - WARNING - Esperando posición inicial... Aún no se han recibido datos de visión.
2026-06-02 14:44:18.555 - [robot_6_log_20260602_144405.csv] - DEBUG - Incoming data. Topic {"x": 265.46, "y": 98.26, "yaw": 1.685, "timestamp": 1780404258.4912145}, mensaje agent/6/wheel
2026-06-02 14:44:18.555 - [robot_6_log_20260602_144405.csv] - DEBUG - Despachado a ZMQ -> agent/6/move: {'v': 0.0, 'w': 0.0}
2026-06-02 14:44:18.585 - [robot_6_log_20260602_144405.csv] - WARNING - Esperando posición inicial... Aún no se han recibido datos de visión.
2026-06-02 14:44:18.591 - [robot_6_log_20260602_144405.csv] - DEBUG - Incoming data. Topic {"Wleft":1.657007864e-15,"Wright":-3.719247132e-16}, mensaje 6/pos
2026-06-02 14:44:18.606 - [robot_6_log_20260602_144405.csv] - DEBUG - Incoming data. Topic {"x": 265.46, "y": 98.26, "yaw": 1.682, "timestamp": 1780404258.5856626}, mensaje 6/pos
2026-06-02 14:44:18.606 - [robot_6_log_20260602_144405.csv] - DEBUG - Despachado a ZMQ -> agent/6/move: {'v': 0.0, 'w': 0.0}
2026-06-02 14:44:18.616 - [robot_6_log_20260602_144405.csv] - DEBUG - Incoming data. Topic {"x": 265.46, "y": 98.26, "yaw": 1.682, "timestamp": 1780404258.5856626}, mensaje 6/pos
2026-06-02 14:44:18.622 - [robot_6_log_20260602_144405.csv] - DEBUG - Incoming data. Topic {"x": 265.46, "y": 98.26, "yaw": 1.682, "timestamp": 1780404258.5967906}, mensaje 6/pos
2026-06-02 14:44:18.635 - [robot_6_log_20260602_144405.csv] - WARNING - Esperando posición inicial... Aún no se han recibido datos de visión.
2026-06-02 14:44:18.646 - [robot_6_log_20260602_144405.csv] - DEBUG - Incoming data. Topic {"x": 265.46, "y": 98.26, "yaw": 1.682, "timestamp": 1780404258.5967906}, mensaje agent/6/wheel
2026-06-02 14:44:18.656 - [robot_6_log_20260602_144405.csv] - DEBUG - Despachado a ZMQ -> agent/6/move: {'v': 0.0, 'w': 0.0}
2026-06-02 14:44:18.685 - [robot_6_log_20260602_144405.csv] - DEBUG - Incoming data. Topic {"Wleft":1.657007864e-15,"Wright":-3.719247132e-16}, mensaje 6/pos
2026-06-02 14:44:18.685 - [robot_6_log_20260602_144405.csv] - DEBUG - Incoming data. Topic {"x": 265.46, "y": 98.25, "yaw": 1.685, "timestamp": 1780404258.6818752}, mensaje 6/pos
2026-06-02 14:44:18.685 - [robot_6_log_20260602_144405.csv] - WARNING - Esperando posición inicial... Aún no se han recibido datos de visión.
2026-06-02 14:44:18.691 - [robot_6_log_20260602_144405.csv] - DEBUG - Incoming data. Topic {"x": 265.46, "y": 98.25, "yaw": 1.685, "timestamp": 1780404258.6818752}, mensaje 6/pos
2026-06-02 14:44:18.696 - [robot_6_log_20260602_144405.csv] - DEBUG - Incoming data. Topic {"x": 265.46, "y": 98.25, "yaw": 1.685, "timestamp": 1780404258.6906376}, mensaje 6/pos
2026-06-02 14:44:18.716 - [robot_6_log_20260602_144405.csv] - DEBUG - Despachado a ZMQ -> agent/6/move: {'v': 0.0, 'w': 0.0}
2026-06-02 14:44:18.735 - [robot_6_log_20260602_144405.csv] - WARNING - Esperando posición inicial... Aún no se han recibido datos de visión.
2026-06-02 14:44:18.755 - [robot_6_log_20260602_144405.csv] - DEBUG - Despachado a ZMQ -> agent/6/move: {'v': 0.0, 'w': 0.0}
2026-06-02 14:44:18.774 - [robot_6_log_20260602_144405.csv] - DEBUG - Incoming data. Topic {"x": 265.46, "y": 98.25, "yaw": 1.685, "timestamp": 1780404258.6906376}, mensaje agent/6/wheel
2026-06-02 14:44:18.785 - [robot_6_log_20260602_144405.csv] - WARNING - Esperando posición inicial... Aún no se han recibido datos de visión.
2026-06-02 14:44:18.785 - [robot_6_log_20260602_144405.csv] - DEBUG - Incoming data. Topic {"Wleft":1.657007864e-15,"Wright":-3.719247132e-16}, mensaje 6/pos
2026-06-02 14:44:18.805 - [robot_6_log_20260602_144405.csv] - DEBUG - Incoming data. Topic {"x": 265.47, "y": 98.25, "yaw": 1.684, "timestamp": 1780404258.7817369}, mensaje 6/pos
2026-06-02 14:44:18.810 - [robot_6_log_20260602_144405.csv] - DEBUG - Despachado a ZMQ -> agent/6/move: {'v': 0.0, 'w': 0.0}
2026-06-02 14:44:18.825 - [robot_6_log_20260602_144405.csv] - DEBUG - Incoming data. Topic {"x": 265.47, "y": 98.25, "yaw": 1.684, "timestamp": 1780404258.7817369}, mensaje 6/pos
2026-06-02 14:44:18.831 - [robot_6_log_20260602_144405.csv] - DEBUG - Incoming data. Topic {"x": 265.47, "y": 98.25, "yaw": 1.684, "timestamp": 1780404258.7930322}, mensaje 6/pos
2026-06-02 14:44:18.835 - [robot_6_log_20260602_144405.csv] - WARNING - Esperando posición inicial... Aún no se han recibido datos de visión.
2026-06-02 14:44:18.856 - [robot_6_log_20260602_144405.csv] - DEBUG - Incoming data. Topic {"x": 265.47, "y": 98.25, "yaw": 1.684, "timestamp": 1780404258.7930322}, mensaje agent/6/wheel
2026-06-02 14:44:18.856 - [robot_6_log_20260602_144405.csv] - DEBUG - Despachado a ZMQ -> agent/6/move: {'v': 0.0, 'w': 0.0}
2026-06-02 14:44:18.885 - [robot_6_log_20260602_144405.csv] - WARNING - Esperando posición inicial... Aún no se han recibido datos de visión.
2026-06-02 14:44:18.891 - [robot_6_log_20260602_144405.csv] - DEBUG - Incoming data. Topic {"Wleft":1.657007864e-15,"Wright":-3.719247132e-16}, mensaje 6/pos
2026-06-02 14:44:18.896 - [robot_6_log_20260602_144405.csv] - DEBUG - Incoming data. Topic {"x": 265.46, "y": 98.27, "yaw": 1.675, "timestamp": 1780404258.8855803}, mensaje 6/pos
2026-06-02 14:44:18.901 - [robot_6_log_20260602_144405.csv] - DEBUG - Incoming data. Topic {"x": 265.46, "y": 98.27, "yaw": 1.675, "timestamp": 1780404258.8855803}, mensaje 6/pos
2026-06-02 14:44:18.906 - [robot_6_log_20260602_144405.csv] - DEBUG - Incoming data. Topic {"x": 265.46, "y": 98.27, "yaw": 1.675, "timestamp": 1780404258.894135}, mensaje 6/pos
2026-06-02 14:44:18.921 - [robot_6_log_20260602_144405.csv] - DEBUG - Despachado a ZMQ -> agent/6/move: {'v': 0.0, 'w': 0.0}
2026-06-02 14:44:18.935 - [robot_6_log_20260602_144405.csv] - WARNING - Esperando posición inicial... Aún no se han recibido datos de visión.
2026-06-02 14:44:18.950 - [robot_6_log_20260602_144405.csv] - DEBUG - Despachado a ZMQ -> agent/6/move: {'v': 0.0, 'w': 0.0}
2026-06-02 14:44:18.956 - [robot_6_log_20260602_144405.csv] - DEBUG - Incoming data. Topic {"x": 265.46, "y": 98.27, "yaw": 1.675, "timestamp": 1780404258.894135}, mensaje agent/6/wheel
2026-06-02 14:44:18.985 - [robot_6_log_20260602_144405.csv] - WARNING - Esperando posición inicial... Aún no se han recibido datos de visión.
2026-06-02 14:44:18.991 - [robot_6_log_20260602_144405.csv] - DEBUG - Incoming data. Topic {"Wleft":1.657007864e-15,"Wright":-3.719247132e-16}, mensaje 6/pos
2026-06-02 14:44:19.006 - [robot_6_log_20260602_144405.csv] - DEBUG - Incoming data. Topic {"x": 265.45, "y": 98.29, "yaw": 1.673, "timestamp": 1780404258.9856112}, mensaje 6/pos
2026-06-02 14:44:19.011 - [robot_6_log_20260602_144405.csv] - DEBUG - Incoming data. Topic {"x": 265.45, "y": 98.29, "yaw": 1.673, "timestamp": 1780404258.9856112}, mensaje 6/pos
2026-06-02 14:44:19.011 - [robot_6_log_20260602_144405.csv] - DEBUG - Despachado a ZMQ -> agent/6/move: {'v': 0.0, 'w': 0.0}
2026-06-02 14:44:19.021 - [robot_6_log_20260602_144405.csv] - DEBUG - Incoming data. Topic {"x": 265.45, "y": 98.29, "yaw": 1.673, "timestamp": 1780404258.9976554}, mensaje 6/pos
2026-06-02 14:44:19.035 - [robot_6_log_20260602_144405.csv] - WARNING - Esperando posición inicial... Aún no se han recibido datos de visión.
2026-06-02 14:44:19.051 - [robot_6_log_20260602_144405.csv] - DEBUG - Incoming data. Topic {"x": 265.45, "y": 98.29, "yaw": 1.673, "timestamp": 1780404258.9976554}, mensaje agent/6/wheel
2026-06-02 14:44:19.056 - [robot_6_log_20260602_144405.csv] - DEBUG - Despachado a ZMQ -> agent/6/move: {'v': 0.0, 'w': 0.0}
2026-06-02 14:44:19.085 - [robot_6_log_20260602_144405.csv] - WARNING - Esperando posición inicial... Aún no se han recibido datos de visión.
2026-06-02 14:44:19.085 - [robot_6_log_20260602_144405.csv] - DEBUG - Incoming data. Topic {"Wleft":1.657007864e-15,"Wright":-3.719247132e-16}, mensaje 6/pos
2026-06-02 14:44:19.095 - [robot_6_log_20260602_144405.csv] - DEBUG - Incoming data. Topic {"x": 265.45, "y": 98.26, "yaw": 1.685, "timestamp": 1780404259.0825686}, mensaje 6/pos
2026-06-02 14:44:19.100 - [robot_6_log_20260602_144405.csv] - DEBUG - Incoming data. Topic {"x": 265.45, "y": 98.26, "yaw": 1.685, "timestamp": 1780404259.0825686}, mensaje 6/pos
2026-06-02 14:44:19.105 - [robot_6_log_20260602_144405.csv] - DEBUG - Incoming data. Topic {"x": 265.45, "y": 98.26, "yaw": 1.685, "timestamp": 1780404259.0921352}, mensaje 6/pos
2026-06-02 14:44:19.105 - [robot_6_log_20260602_144405.csv] - DEBUG - Despachado a ZMQ -> agent/6/move: {'v': 0.0, 'w': 0.0}
2026-06-02 14:44:19.135 - [robot_6_log_20260602_144405.csv] - WARNING - Esperando posición inicial... Aún no se han recibido datos de visión.
2026-06-02 14:44:19.141 - [robot_6_log_20260602_144405.csv] - DEBUG - Despachado a ZMQ -> agent/6/move: {'v': 0.0, 'w': 0.0}
2026-06-02 14:44:19.147 - [robot_6_log_20260602_144405.csv] - DEBUG - Incoming data. Topic {"x": 265.45, "y": 98.26, "yaw": 1.685, "timestamp": 1780404259.0921352}, mensaje agent/6/wheel
2026-06-02 14:44:19.185 - [robot_6_log_20260602_144405.csv] - WARNING - Esperando posición inicial... Aún no se han recibido datos de visión.
2026-06-02 14:44:19.191 - [robot_6_log_20260602_144405.csv] - DEBUG - Incoming data. Topic {"Wleft":1.657007864e-15,"Wright":-3.719247132e-16}, mensaje 6/pos
2026-06-02 14:44:19.196 - [robot_6_log_20260602_144405.csv] - DEBUG - Incoming data. Topic {"x": 265.45, "y": 98.26, "yaw": 1.684, "timestamp": 1780404259.1869793}, mensaje 6/pos
2026-06-02 14:44:19.201 - [robot_6_log_20260602_144405.csv] - DEBUG - Despachado a ZMQ -> agent/6/move: {'v': 0.0, 'w': 0.0}
2026-06-02 14:44:19.211 - [robot_6_log_20260602_144405.csv] - DEBUG - Incoming data. Topic {"x": 265.45, "y": 98.26, "yaw": 1.684, "timestamp": 1780404259.1869793}, mensaje 6/pos
2026-06-02 14:44:19.235 - [robot_6_log_20260602_144405.csv] - DEBUG - Incoming data. Topic {"x": 265.45, "y": 98.26, "yaw": 1.684, "timestamp": 1780404259.1984932}, mensaje 6/pos
2026-06-02 14:44:19.235 - [robot_6_log_20260602_144405.csv] - WARNING - Esperando posición inicial... Aún no se han recibido datos de visión.
2026-06-02 14:44:19.246 - [robot_6_log_20260602_144405.csv] - DEBUG - Despachado a ZMQ -> agent/6/move: {'v': 0.0, 'w': 0.0}
2026-06-02 14:44:19.276 - [robot_6_log_20260602_144405.csv] - DEBUG - Incoming data. Topic {"x": 265.45, "y": 98.26, "yaw": 1.684, "timestamp": 1780404259.1984932}, mensaje agent/6/wheel
2026-06-02 14:44:19.283 - [robot_6_log_20260602_144405.csv] - DEBUG - Incoming data. Topic {"Wleft":1.657007864e-15,"Wright":-3.719247132e-16}, mensaje 6/pos
2026-06-02 14:44:19.285 - [robot_6_log_20260602_144405.csv] - WARNING - Esperando posición inicial... Aún no se han recibido datos de visión.
2026-06-02 14:44:19.285 - [robot_6_log_20260602_144405.csv] - DEBUG - Incoming data. Topic {"x": 265.45, "y": 98.25, "yaw": 1.685, "timestamp": 1780404259.2823796}, mensaje 6/pos
2026-06-02 14:44:19.295 - [robot_6_log_20260602_144405.csv] - DEBUG - Incoming data. Topic {"x": 265.45, "y": 98.25, "yaw": 1.685, "timestamp": 1780404259.2823796}, mensaje 6/pos
2026-06-02 14:44:19.305 - [robot_6_log_20260602_144405.csv] - DEBUG - Incoming data. Topic {"x": 265.45, "y": 98.25, "yaw": 1.685, "timestamp": 1780404259.293328}, mensaje 6/pos
2026-06-02 14:44:19.316 - [robot_6_log_20260602_144405.csv] - DEBUG - Despachado a ZMQ -> agent/6/move: {'v': 0.0, 'w': 0.0}
2026-06-02 14:44:19.335 - [robot_6_log_20260602_144405.csv] - WARNING - Esperando posición inicial... Aún no se han recibido datos de visión.
2026-06-02 14:44:19.355 - [robot_6_log_20260602_144405.csv] - DEBUG - Despachado a ZMQ -> agent/6/move: {'v': 0.0, 'w': 0.0}
2026-06-02 14:44:19.355 - [robot_6_log_20260602_144405.csv] - DEBUG - Incoming data. Topic {"x": 265.45, "y": 98.25, "yaw": 1.685, "timestamp": 1780404259.293328}, mensaje agent/6/wheel
2026-06-02 14:44:19.385 - [robot_6_log_20260602_144405.csv] - WARNING - Esperando posición inicial... Aún no se han recibido datos de visión.
2026-06-02 14:44:19.385 - [robot_6_log_20260602_144405.csv] - DEBUG - Incoming data. Topic {"Wleft":1.657007864e-15,"Wright":-3.719247132e-16}, mensaje 6/pos
2026-06-02 14:44:19.395 - [robot_6_log_20260602_144405.csv] - DEBUG - Incoming data. Topic {"x": 265.48, "y": 98.27, "yaw": 1.676, "timestamp": 1780404259.3837044}, mensaje 6/pos
2026-06-02 14:44:19.400 - [robot_6_log_20260602_144405.csv] - DEBUG - Incoming data. Topic {"x": 265.48, "y": 98.27, "yaw": 1.676, "timestamp": 1780404259.3837044}, mensaje 6/pos
2026-06-02 14:44:19.405 - [robot_6_log_20260602_144405.csv] - DEBUG - Incoming data. Topic {"x": 265.48, "y": 98.27, "yaw": 1.676, "timestamp": 1780404259.39454}, mensaje 6/pos
2026-06-02 14:44:19.411 - [robot_6_log_20260602_144405.csv] - DEBUG - Despachado a ZMQ -> agent/6/move: {'v': 0.0, 'w': 0.0}
2026-06-02 14:44:19.435 - [robot_6_log_20260602_144405.csv] - WARNING - Esperando posición inicial... Aún no se han recibido datos de visión.
2026-06-02 14:44:19.456 - [robot_6_log_20260602_144405.csv] - DEBUG - Incoming data. Topic {"x": 265.48, "y": 98.27, "yaw": 1.676, "timestamp": 1780404259.39454}, mensaje agent/6/wheel
2026-06-02 14:44:19.456 - [robot_6_log_20260602_144405.csv] - DEBUG - Despachado a ZMQ -> agent/6/move: {'v': 0.0, 'w': 0.0}
2026-06-02 14:44:19.485 - [robot_6_log_20260602_144405.csv] - WARNING - Esperando posición inicial... Aún no se han recibido datos de visión.
2026-06-02 14:44:19.491 - [robot_6_log_20260602_144405.csv] - DEBUG - Incoming data. Topic {"Wleft":1.657007864e-15,"Wright":-3.719247132e-16}, mensaje 6/pos
2026-06-02 14:44:19.496 - [robot_6_log_20260602_144405.csv] - DEBUG - Despachado a ZMQ -> agent/6/move: {'v': 0.0, 'w': 0.0}
2026-06-02 14:44:19.496 - [robot_6_log_20260602_144405.csv] - DEBUG - Incoming data. Topic {"x": 265.46, "y": 98.26, "yaw": 1.685, "timestamp": 1780404259.489481}, mensaje 6/pos
2026-06-02 14:44:19.502 - [robot_6_log_20260602_144405.csv] - DEBUG - Incoming data. Topic {"x": 265.46, "y": 98.26, "yaw": 1.685, "timestamp": 1780404259.489481}, mensaje 6/pos
2026-06-02 14:44:19.502 - [robot_6_log_20260602_144405.csv] - DEBUG - Incoming data. Topic {"x": 265.46, "y": 98.26, "yaw": 1.685, "timestamp": 1780404259.499198}, mensaje 6/pos
2026-06-02 14:44:19.535 - [robot_6_log_20260602_144405.csv] - WARNING - Esperando posición inicial... Aún no se han recibido datos de visión.
2026-06-02 14:44:19.540 - [robot_6_log_20260602_144405.csv] - DEBUG - Incoming data. Topic {"x": 265.46, "y": 98.26, "yaw": 1.685, "timestamp": 1780404259.499198}, mensaje agent/6/wheel
2026-06-02 14:44:19.550 - [robot_6_log_20260602_144405.csv] - DEBUG - Despachado a ZMQ -> agent/6/move: {'v': 0.0, 'w': 0.0}
2026-06-02 14:44:19.585 - [robot_6_log_20260602_144405.csv] - WARNING - Esperando posición inicial... Aún no se han recibido datos de visión.
2026-06-02 14:44:19.585 - [robot_6_log_20260602_144405.csv] - DEBUG - Incoming data. Topic {"Wleft":1.657007864e-15,"Wright":-3.719247132e-16}, mensaje 6/pos
2026-06-02 14:44:19.596 - [robot_6_log_20260602_144405.csv] - DEBUG - Incoming data. Topic {"x": 265.46, "y": 98.25, "yaw": 1.682, "timestamp": 1780404259.5823803}, mensaje 6/pos
2026-06-02 14:44:19.601 - [robot_6_log_20260602_144405.csv] - DEBUG - Incoming data. Topic {"x": 265.46, "y": 98.25, "yaw": 1.682, "timestamp": 1780404259.5823803}, mensaje 6/pos
2026-06-02 14:44:19.601 - [robot_6_log_20260602_144405.csv] - DEBUG - Despachado a ZMQ -> agent/6/move: {'v': 0.0, 'w': 0.0}
2026-06-02 14:44:19.612 - [robot_6_log_20260602_144405.csv] - DEBUG - Incoming data. Topic {"x": 265.46, "y": 98.25, "yaw": 1.682, "timestamp": 1780404259.5917678}, mensaje 6/pos
2026-06-02 14:44:19.635 - [robot_6_log_20260602_144405.csv] - WARNING - Esperando posición inicial... Aún no se han recibido datos de visión.
2026-06-02 14:44:19.641 - [robot_6_log_20260602_144405.csv] - DEBUG - Despachado a ZMQ -> agent/6/move: {'v': 0.0, 'w': 0.0}
2026-06-02 14:44:19.677 - [robot_6_log_20260602_144405.csv] - DEBUG - Incoming data. Topic {"x": 265.46, "y": 98.25, "yaw": 1.682, "timestamp": 1780404259.5917678}, mensaje agent/6/wheel
2026-06-02 14:44:19.685 - [robot_6_log_20260602_144405.csv] - WARNING - Esperando posición inicial... Aún no se han recibido datos de visión.
2026-06-02 14:44:19.685 - [robot_6_log_20260602_144405.csv] - DEBUG - Incoming data. Topic {"Wleft":1.657007864e-15,"Wright":-3.719247132e-16}, mensaje 6/pos
2026-06-02 14:44:19.700 - [robot_6_log_20260602_144405.csv] - DEBUG - Incoming data. Topic {"x": 265.46, "y": 98.25, "yaw": 1.684, "timestamp": 1780404259.684331}, mensaje 6/pos
2026-06-02 14:44:19.700 - [robot_6_log_20260602_144405.csv] - DEBUG - Incoming data. Topic {"x": 265.46, "y": 98.25, "yaw": 1.684, "timestamp": 1780404259.684331}, mensaje 6/pos
2026-06-02 14:44:19.700 - [robot_6_log_20260602_144405.csv] - DEBUG - Incoming data. Topic {"x": 265.46, "y": 98.25, "yaw": 1.684, "timestamp": 1780404259.6958818}, mensaje 6/pos
2026-06-02 14:44:19.705 - [robot_6_log_20260602_144405.csv] - DEBUG - Despachado a ZMQ -> agent/6/move: {'v': 0.0, 'w': 0.0}
2026-06-02 14:44:19.735 - [robot_6_log_20260602_144405.csv] - WARNING - Esperando posición inicial... Aún no se han recibido datos de visión.
2026-06-02 14:44:19.756 - [robot_6_log_20260602_144405.csv] - DEBUG - Despachado a ZMQ -> agent/6/move: {'v': 0.0, 'w': 0.0}
2026-06-02 14:44:19.761 - [robot_6_log_20260602_144405.csv] - DEBUG - Incoming data. Topic {"x": 265.46, "y": 98.25, "yaw": 1.684, "timestamp": 1780404259.6958818}, mensaje agent/6/wheel
2026-06-02 14:44:19.785 - [robot_6_log_20260602_144405.csv] - DEBUG - Incoming data. Topic {"Wleft":1.657007864e-15,"Wright":-3.719247132e-16}, mensaje 6/pos
2026-06-02 14:44:19.785 - [robot_6_log_20260602_144405.csv] - DEBUG - Incoming data. Topic {"x": 265.45, "y": 98.25, "yaw": 1.682, "timestamp": 1780404259.7843204}, mensaje 6/pos
2026-06-02 14:44:19.785 - [robot_6_log_20260602_144405.csv] - WARNING - Esperando posición inicial... Aún no se han recibido datos de visión.
2026-06-02 14:44:19.796 - [robot_6_log_20260602_144405.csv] - DEBUG - Incoming data. Topic {"x": 265.45, "y": 98.25, "yaw": 1.682, "timestamp": 1780404259.7843204}, mensaje 6/pos
2026-06-02 14:44:19.806 - [robot_6_log_20260602_144405.csv] - DEBUG - Incoming data. Topic {"x": 265.45, "y": 98.25, "yaw": 1.682, "timestamp": 1780404259.7955594}, mensaje 6/pos
2026-06-02 14:44:19.817 - [robot_6_log_20260602_144405.csv] - DEBUG - Despachado a ZMQ -> agent/6/move: {'v': 0.0, 'w': 0.0}
2026-06-02 14:44:19.835 - [robot_6_log_20260602_144405.csv] - WARNING - Esperando posición inicial... Aún no se han recibido datos de visión.
2026-06-02 14:44:19.845 - [robot_6_log_20260602_144405.csv] - DEBUG - Despachado a ZMQ -> agent/6/move: {'v': 0.0, 'w': 0.0}
2026-06-02 14:44:19.877 - [robot_6_log_20260602_144405.csv] - DEBUG - Incoming data. Topic {"x": 265.45, "y": 98.25, "yaw": 1.682, "timestamp": 1780404259.7955594}, mensaje agent/6/wheel
2026-06-02 14:44:19.885 - [robot_6_log_20260602_144405.csv] - WARNING - Esperando posición inicial... Aún no se han recibido datos de visión.
2026-06-02 14:44:19.895 - [robot_6_log_20260602_144405.csv] - DEBUG - Incoming data. Topic {"Wleft":1.657007864e-15,"Wright":-3.719247132e-16}, mensaje 6/pos
2026-06-02 14:44:19.895 - [robot_6_log_20260602_144405.csv] - DEBUG - Incoming data. Topic {"x": 265.45, "y": 98.28, "yaw": 1.683, "timestamp": 1780404259.8848922}, mensaje 6/pos
2026-06-02 14:44:19.900 - [robot_6_log_20260602_144405.csv] - DEBUG - Despachado a ZMQ -> agent/6/move: {'v': 0.0, 'w': 0.0}
2026-06-02 14:44:19.905 - [robot_6_log_20260602_144405.csv] - DEBUG - Incoming data. Topic {"x": 265.45, "y": 98.28, "yaw": 1.683, "timestamp": 1780404259.8848922}, mensaje 6/pos
2026-06-02 14:44:19.905 - [robot_6_log_20260602_144405.csv] - DEBUG - Incoming data. Topic {"x": 265.45, "y": 98.28, "yaw": 1.683, "timestamp": 1780404259.8956335}, mensaje 6/pos
2026-06-02 14:44:19.935 - [robot_6_log_20260602_144405.csv] - WARNING - Esperando posición inicial... Aún no se han recibido datos de visión.
2026-06-02 14:44:19.941 - [robot_6_log_20260602_144405.csv] - DEBUG - Despachado a ZMQ -> agent/6/move: {'v': 0.0, 'w': 0.0}
2026-06-02 14:44:19.964 - [robot_6_log_20260602_144405.csv] - DEBUG - Incoming data. Topic {"x": 265.45, "y": 98.28, "yaw": 1.683, "timestamp": 1780404259.8956335}, mensaje agent/6/wheel
2026-06-02 14:44:19.985 - [robot_6_log_20260602_144405.csv] - WARNING - Esperando posición inicial... Aún no se han recibido datos de visión.
2026-06-02 14:44:19.991 - [robot_6_log_20260602_144405.csv] - DEBUG - Incoming data. Topic {"Wleft":1.657007864e-15,"Wright":-3.719247132e-16}, mensaje 6/pos
2026-06-02 14:44:19.996 - [robot_6_log_20260602_144405.csv] - DEBUG - Incoming data. Topic {"x": 265.46, "y": 98.25, "yaw": 1.686, "timestamp": 1780404259.9871407}, mensaje 6/pos
2026-06-02 14:44:19.996 - [robot_6_log_20260602_144405.csv] - DEBUG - Despachado a ZMQ -> agent/6/move: {'v': 0.0, 'w': 0.0}
2026-06-02 14:44:20.006 - [robot_6_log_20260602_144405.csv] - DEBUG - Incoming data. Topic {"x": 265.46, "y": 98.25, "yaw": 1.686, "timestamp": 1780404259.9871407}, mensaje 6/pos
2026-06-02 14:44:20.006 - [robot_6_log_20260602_144405.csv] - DEBUG - Incoming data. Topic {"x": 265.46, "y": 98.25, "yaw": 1.686, "timestamp": 1780404259.998093}, mensaje 6/pos
2026-06-02 14:44:20.035 - [robot_6_log_20260602_144405.csv] - WARNING - Esperando posición inicial... Aún no se han recibido datos de visión.
2026-06-02 14:44:20.056 - [robot_6_log_20260602_144405.csv] - DEBUG - Despachado a ZMQ -> agent/6/move: {'v': 0.0, 'w': 0.0}
2026-06-02 14:44:20.068 - [robot_6_log_20260602_144405.csv] - DEBUG - Incoming data. Topic {"x": 265.46, "y": 98.25, "yaw": 1.686, "timestamp": 1780404259.998093}, mensaje agent/6/wheel
2026-06-02 14:44:20.085 - [robot_6_log_20260602_144405.csv] - WARNING - Esperando posición inicial... Aún no se han recibido datos de visión.
2026-06-02 14:44:20.090 - [robot_6_log_20260602_144405.csv] - DEBUG - Incoming data. Topic {"Wleft":1.657007864e-15,"Wright":-3.719247132e-16}, mensaje 6/pos
2026-06-02 14:44:20.095 - [robot_6_log_20260602_144405.csv] - DEBUG - Incoming data. Topic {"x": 265.46, "y": 98.26, "yaw": 1.686, "timestamp": 1780404260.0893192}, mensaje 6/pos
2026-06-02 14:44:20.100 - [robot_6_log_20260602_144405.csv] - DEBUG - Incoming data. Topic {"x": 265.46, "y": 98.26, "yaw": 1.686, "timestamp": 1780404260.0893192}, mensaje 6/pos
2026-06-02 14:44:20.100 - [robot_6_log_20260602_144405.csv] - DEBUG - Despachado a ZMQ -> agent/6/move: {'v': 0.0, 'w': 0.0}
2026-06-02 14:44:20.105 - [robot_6_log_20260602_144405.csv] - DEBUG - Incoming data. Topic {"x": 265.46, "y": 98.26, "yaw": 1.686, "timestamp": 1780404260.098801}, mensaje 6/pos
2026-06-02 14:44:20.135 - [robot_6_log_20260602_144405.csv] - WARNING - Esperando posición inicial... Aún no se han recibido datos de visión.
2026-06-02 14:44:20.156 - [robot_6_log_20260602_144405.csv] - DEBUG - Despachado a ZMQ -> agent/6/move: {'v': 0.0, 'w': 0.0}
2026-06-02 14:44:20.168 - [robot_6_log_20260602_144405.csv] - DEBUG - Incoming data. Topic {"x": 265.46, "y": 98.26, "yaw": 1.686, "timestamp": 1780404260.098801}, mensaje agent/6/wheel
2026-06-02 14:44:20.185 - [robot_6_log_20260602_144405.csv] - DEBUG - Incoming data. Topic {"Wleft":1.657007864e-15,"Wright":-3.719247132e-16}, mensaje 6/pos
2026-06-02 14:44:20.185 - [robot_6_log_20260602_144405.csv] - WARNING - Esperando posición inicial... Aún no se han recibido datos de visión.
2026-06-02 14:44:20.185 - [robot_6_log_20260602_144405.csv] - DEBUG - Incoming data. Topic {"x": 265.46, "y": 98.26, "yaw": 1.684, "timestamp": 1780404260.1838474}, mensaje 6/pos
2026-06-02 14:44:20.195 - [robot_6_log_20260602_144405.csv] - DEBUG - Incoming data. Topic {"x": 265.46, "y": 98.26, "yaw": 1.684, "timestamp": 1780404260.1838474}, mensaje 6/pos
2026-06-02 14:44:20.200 - [robot_6_log_20260602_144405.csv] - DEBUG - Incoming data. Topic {"x": 265.46, "y": 98.26, "yaw": 1.684, "timestamp": 1780404260.192767}, mensaje 6/pos
2026-06-02 14:44:20.215 - [robot_6_log_20260602_144405.csv] - DEBUG - Despachado a ZMQ -> agent/6/move: {'v': 0.0, 'w': 0.0}
2026-06-02 14:44:20.235 - [robot_6_log_20260602_144405.csv] - WARNING - Esperando posición inicial... Aún no se han recibido datos de visión.
2026-06-02 14:44:20.256 - [robot_6_log_20260602_144405.csv] - DEBUG - Despachado a ZMQ -> agent/6/move: {'v': 0.0, 'w': 0.0}
2026-06-02 14:44:20.285 - [robot_6_log_20260602_144405.csv] - WARNING - Esperando posición inicial... Aún no se han recibido datos de visión.
2026-06-02 14:44:20.285 - [robot_6_log_20260602_144405.csv] - DEBUG - Incoming data. Topic {"x": 265.46, "y": 98.26, "yaw": 1.684, "timestamp": 1780404260.192767}, mensaje 6/pos
2026-06-02 14:44:20.300 - [robot_6_log_20260602_144405.csv] - DEBUG - Incoming data. Topic {"x": 265.46, "y": 98.28, "yaw": 1.678, "timestamp": 1780404260.2816145}, mensaje agent/6/wheel
2026-06-02 14:44:20.310 - [robot_6_log_20260602_144405.csv] - DEBUG - Despachado a ZMQ -> agent/6/move: {'v': 0.0, 'w': 0.0}
2026-06-02 14:44:20.310 - [robot_6_log_20260602_144405.csv] - DEBUG - Incoming data. Topic {"Wleft":1.657007864e-15,"Wright":-3.719247132e-16}, mensaje 6/pos
2026-06-02 14:44:20.327 - [robot_6_log_20260602_144405.csv] - DEBUG - Incoming data. Topic {"x": 265.46, "y": 98.28, "yaw": 1.678, "timestamp": 1780404260.290465}, mensaje 6/pos
2026-06-02 14:44:20.335 - [robot_6_log_20260602_144405.csv] - WARNING - Esperando posición inicial... Aún no se han recibido datos de visión.
2026-06-02 14:44:20.340 - [robot_6_log_20260602_144405.csv] - DEBUG - Incoming data. Topic {"x": 265.46, "y": 98.28, "yaw": 1.678, "timestamp": 1780404260.2816145}, mensaje 6/pos
2026-06-02 14:44:20.360 - [robot_6_log_20260602_144405.csv] - DEBUG - Despachado a ZMQ -> agent/6/move: {'v': 0.0, 'w': 0.0}
2026-06-02 14:44:20.384 - [robot_6_log_20260602_144405.csv] - DEBUG - Incoming data. Topic {"x": 265.46, "y": 98.28, "yaw": 1.678, "timestamp": 1780404260.290465}, mensaje 6/pos
2026-06-02 14:44:20.385 - [robot_6_log_20260602_144405.csv] - WARNING - Esperando posición inicial... Aún no se han recibido datos de visión.
2026-06-02 14:44:20.385 - [robot_6_log_20260602_144405.csv] - DEBUG - Incoming data. Topic {"x": 265.46, "y": 98.26, "yaw": 1.685, "timestamp": 1780404260.383541}, mensaje agent/6/wheel
2026-06-02 14:44:20.400 - [robot_6_log_20260602_144405.csv] - DEBUG - Incoming data. Topic {"Wleft":1.657007864e-15,"Wright":-3.719247132e-16}, mensaje 6/pos
2026-06-02 14:44:20.410 - [robot_6_log_20260602_144405.csv] - DEBUG - Incoming data. Topic {"x": 265.46, "y": 98.26, "yaw": 1.685, "timestamp": 1780404260.3946693}, mensaje 6/pos
2026-06-02 14:44:20.410 - [robot_6_log_20260602_144405.csv] - DEBUG - Despachado a ZMQ -> agent/6/move: {'v': 0.0, 'w': 0.0}
2026-06-02 14:44:20.435 - [robot_6_log_20260602_144405.csv] - WARNING - Esperando posición inicial... Aún no se han recibido datos de visión.
2026-06-02 14:44:20.440 - [robot_6_log_20260602_144405.csv] - DEBUG - Incoming data. Topic {"x": 265.46, "y": 98.26, "yaw": 1.685, "timestamp": 1780404260.383541}, mensaje 6/pos
2026-06-02 14:44:20.460 - [robot_6_log_20260602_144405.csv] - DEBUG - Despachado a ZMQ -> agent/6/move: {'v': 0.0, 'w': 0.0}
2026-06-02 14:44:20.485 - [robot_6_log_20260602_144405.csv] - WARNING - Esperando posición inicial... Aún no se han recibido datos de visión.
2026-06-02 14:44:20.491 - [robot_6_log_20260602_144405.csv] - DEBUG - Incoming data. Topic {"x": 265.46, "y": 98.26, "yaw": 1.685, "timestamp": 1780404260.3946693}, mensaje 6/pos
2026-06-02 14:44:20.491 - [robot_6_log_20260602_144405.csv] - DEBUG - Incoming data. Topic {"x": 265.47, "y": 98.24, "yaw": 1.685, "timestamp": 1780404260.4880848}, mensaje 6/pos
2026-06-02 14:44:20.501 - [robot_6_log_20260602_144405.csv] - DEBUG - Incoming data. Topic {"x": 265.47, "y": 98.24, "yaw": 1.685, "timestamp": 1780404260.4880848}, mensaje 6/pos
2026-06-02 14:44:20.506 - [robot_6_log_20260602_144405.csv] - DEBUG - Despachado a ZMQ -> agent/6/move: {'v': 0.0, 'w': 0.0}
2026-06-02 14:44:20.516 - [robot_6_log_20260602_144405.csv] - DEBUG - Incoming data. Topic {"x": 265.47, "y": 98.24, "yaw": 1.685, "timestamp": 1780404260.4970658}, mensaje 6/pos
2026-06-02 14:44:20.535 - [robot_6_log_20260602_144405.csv] - WARNING - Esperando posición inicial... Aún no se han recibido datos de visión.
2026-06-02 14:44:20.551 - [robot_6_log_20260602_144405.csv] - DEBUG - Incoming data. Topic {"x": 265.47, "y": 98.24, "yaw": 1.685, "timestamp": 1780404260.4970658}, mensaje agent/6/wheel
2026-06-02 14:44:20.551 - [robot_6_log_20260602_144405.csv] - DEBUG - Despachado a ZMQ -> agent/6/move: {'v': 0.0, 'w': 0.0}
2026-06-02 14:44:20.585 - [robot_6_log_20260602_144405.csv] - WARNING - Esperando posición inicial... Aún no se han recibido datos de visión.
2026-06-02 14:44:20.591 - [robot_6_log_20260602_144405.csv] - DEBUG - Incoming data. Topic {"Wleft":1.657007864e-15,"Wright":-3.719247132e-16}, mensaje 6/pos
2026-06-02 14:44:20.606 - [robot_6_log_20260602_144405.csv] - DEBUG - Incoming data. Topic {"x": 265.45, "y": 98.26, "yaw": 1.685, "timestamp": 1780404260.5889196}, mensaje 6/pos
2026-06-02 14:44:20.606 - [robot_6_log_20260602_144405.csv] - DEBUG - Despachado a ZMQ -> agent/6/move: {'v': 0.0, 'w': 0.0}
2026-06-02 14:44:20.616 - [robot_6_log_20260602_144405.csv] - DEBUG - Incoming data. Topic {"x": 265.45, "y": 98.26, "yaw": 1.685, "timestamp": 1780404260.5889196}, mensaje 6/pos
2026-06-02 14:44:20.635 - [robot_6_log_20260602_144405.csv] - WARNING - Esperando posición inicial... Aún no se han recibido datos de visión.
2026-06-02 14:44:20.640 - [robot_6_log_20260602_144405.csv] - DEBUG - Incoming data. Topic {"x": 265.45, "y": 98.26, "yaw": 1.685, "timestamp": 1780404260.598855}, mensaje agent/6/wheel
2026-06-02 14:44:20.656 - [robot_6_log_20260602_144405.csv] - DEBUG - Incoming data. Topic {"Wleft":1.657007864e-15,"Wright":-3.719247132e-16}, mensaje 6/pos
2026-06-02 14:44:20.661 - [robot_6_log_20260602_144405.csv] - DEBUG - Despachado a ZMQ -> agent/6/move: {'v': 0.0, 'w': 0.0}
2026-06-02 14:44:20.685 - [robot_6_log_20260602_144405.csv] - WARNING - Esperando posición inicial... Aún no se han recibido datos de visión.
2026-06-02 14:44:20.691 - [robot_6_log_20260602_144405.csv] - DEBUG - Incoming data. Topic {"x": 265.45, "y": 98.26, "yaw": 1.685, "timestamp": 1780404260.598855}, mensaje 6/pos
2026-06-02 14:44:20.706 - [robot_6_log_20260602_144405.csv] - DEBUG - Incoming data. Topic {"x": 265.46, "y": 98.27, "yaw": 1.684, "timestamp": 1780404260.6864371}, mensaje 6/pos
2026-06-02 14:44:20.707 - [robot_6_log_20260602_144405.csv] - DEBUG - Despachado a ZMQ -> agent/6/move: {'v': 0.0, 'w': 0.0}
2026-06-02 14:44:20.733 - [robot_6_log_20260602_144405.csv] - DEBUG - Incoming data. Topic {"x": 265.46, "y": 98.27, "yaw": 1.684, "timestamp": 1780404260.6864371}, mensaje 6/pos
2026-06-02 14:44:20.735 - [robot_6_log_20260602_144405.csv] - WARNING - Esperando posición inicial... Aún no se han recibido datos de visión.
2026-06-02 14:44:20.740 - [robot_6_log_20260602_144405.csv] - DEBUG - Incoming data. Topic {"x": 265.46, "y": 98.27, "yaw": 1.684, "timestamp": 1780404260.6974368}, mensaje 6/pos
2026-06-02 14:44:20.750 - [robot_6_log_20260602_144405.csv] - DEBUG - Despachado a ZMQ -> agent/6/move: {'v': 0.0, 'w': 0.0}
2026-06-02 14:44:20.760 - [robot_6_log_20260602_144405.csv] - DEBUG - Incoming data. Topic {"x": 265.46, "y": 98.27, "yaw": 1.684, "timestamp": 1780404260.6974368}, mensaje agent/6/wheel
2026-06-02 14:44:20.785 - [robot_6_log_20260602_144405.csv] - DEBUG - Incoming data. Topic {"Wleft":1.657007864e-15,"Wright":-3.719247132e-16}, mensaje 6/pos
2026-06-02 14:44:20.785 - [robot_6_log_20260602_144405.csv] - WARNING - Esperando posición inicial... Aún no se han recibido datos de visión.
2026-06-02 14:44:20.800 - [robot_6_log_20260602_144405.csv] - DEBUG - Despachado a ZMQ -> agent/6/move: {'v': 0.0, 'w': 0.0}
2026-06-02 14:44:20.800 - [robot_6_log_20260602_144405.csv] - DEBUG - Incoming data. Topic {"x": 265.46, "y": 98.26, "yaw": 1.684, "timestamp": 1780404260.7840383}, mensaje 6/pos
2026-06-02 14:44:20.833 - [robot_6_log_20260602_144405.csv] - DEBUG - Incoming data. Topic {"x": 265.46, "y": 98.26, "yaw": 1.684, "timestamp": 1780404260.7840383}, mensaje 6/pos
2026-06-02 14:44:20.835 - [robot_6_log_20260602_144405.csv] - WARNING - Esperando posición inicial... Aún no se han recibido datos de visión.
2026-06-02 14:44:20.835 - [robot_6_log_20260602_144405.csv] - DEBUG - Incoming data. Topic {"x": 265.46, "y": 98.26, "yaw": 1.684, "timestamp": 1780404260.7930121}, mensaje 6/pos
2026-06-02 14:44:20.855 - [robot_6_log_20260602_144405.csv] - DEBUG - Incoming data. Topic {"x": 265.46, "y": 98.26, "yaw": 1.684, "timestamp": 1780404260.7930121}, mensaje agent/6/wheel
2026-06-02 14:44:20.860 - [robot_6_log_20260602_144405.csv] - DEBUG - Despachado a ZMQ -> agent/6/move: {'v': 0.0, 'w': 0.0}
2026-06-02 14:44:20.885 - [robot_6_log_20260602_144405.csv] - WARNING - Esperando posición inicial... Aún no se han recibido datos de visión.
2026-06-02 14:44:20.890 - [robot_6_log_20260602_144405.csv] - DEBUG - Incoming data. Topic {"Wleft":1.657007864e-15,"Wright":-3.719247132e-16}, mensaje 6/pos
2026-06-02 14:44:20.900 - [robot_6_log_20260602_144405.csv] - DEBUG - Despachado a ZMQ -> agent/6/move: {'v': 0.0, 'w': 0.0}
2026-06-02 14:44:20.900 - [robot_6_log_20260602_144405.csv] - DEBUG - Incoming data. Topic {"x": 265.46, "y": 98.25, "yaw": 1.688, "timestamp": 1780404260.8848448}, mensaje 6/pos
2026-06-02 14:44:20.922 - [robot_6_log_20260602_144405.csv] - DEBUG - Incoming data. Topic {"x": 265.46, "y": 98.25, "yaw": 1.688, "timestamp": 1780404260.8848448}, mensaje 6/pos
2026-06-02 14:44:20.935 - [robot_6_log_20260602_144405.csv] - WARNING - Esperando posición inicial... Aún no se han recibido datos de visión.
2026-06-02 14:44:20.940 - [robot_6_log_20260602_144405.csv] - DEBUG - Incoming data. Topic {"x": 265.46, "y": 98.25, "yaw": 1.688, "timestamp": 1780404260.8932686}, mensaje 6/pos
2026-06-02 14:44:20.955 - [robot_6_log_20260602_144405.csv] - DEBUG - Incoming data. Topic {"x": 265.46, "y": 98.25, "yaw": 1.688, "timestamp": 1780404260.8932686}, mensaje agent/6/wheel
2026-06-02 14:44:20.970 - [robot_6_log_20260602_144405.csv] - DEBUG - Despachado a ZMQ -> agent/6/move: {'v': 0.0, 'w': 0.0}
2026-06-02 14:44:20.985 - [robot_6_log_20260602_144405.csv] - WARNING - Esperando posición inicial... Aún no se han recibido datos de visión.
2026-06-02 14:44:20.990 - [robot_6_log_20260602_144405.csv] - DEBUG - Incoming data. Topic {"Wleft":1.657007864e-15,"Wright":-3.719247132e-16}, mensaje 6/pos
2026-06-02 14:44:20.996 - [robot_6_log_20260602_144405.csv] - DEBUG - Incoming data. Topic {"x": 265.46, "y": 98.25, "yaw": 1.684, "timestamp": 1780404260.9854734}, mensaje 6/pos
2026-06-02 14:44:21.001 - [robot_6_log_20260602_144405.csv] - DEBUG - Incoming data. Topic {"x": 265.46, "y": 98.25, "yaw": 1.684, "timestamp": 1780404260.9854734}, mensaje 6/pos
2026-06-02 14:44:21.006 - [robot_6_log_20260602_144405.csv] - DEBUG - Despachado a ZMQ -> agent/6/move: {'v': 0.0, 'w': 0.0}
2026-06-02 14:44:21.011 - [robot_6_log_20260602_144405.csv] - DEBUG - Incoming data. Topic {"x": 265.46, "y": 98.25, "yaw": 1.684, "timestamp": 1780404260.9933681}, mensaje 6/pos
2026-06-02 14:44:21.035 - [robot_6_log_20260602_144405.csv] - DEBUG - Incoming data. Topic {"x": 265.46, "y": 98.25, "yaw": 1.684, "timestamp": 1780404260.9933681}, mensaje agent/6/wheel
2026-06-02 14:44:21.035 - [robot_6_log_20260602_144405.csv] - WARNING - Esperando posición inicial... Aún no se han recibido datos de visión.
2026-06-02 14:44:21.045 - [robot_6_log_20260602_144405.csv] - DEBUG - Despachado a ZMQ -> agent/6/move: {'v': 0.0, 'w': 0.0}
2026-06-02 14:44:21.085 - [robot_6_log_20260602_144405.csv] - WARNING - Esperando posición inicial... Aún no se han recibido datos de visión.
2026-06-02 14:44:21.096 - [robot_6_log_20260602_144405.csv] - DEBUG - Incoming data. Topic {"Wleft":1.657007864e-15,"Wright":-3.719247132e-16}, mensaje 6/pos
2026-06-02 14:44:21.106 - [robot_6_log_20260602_144405.csv] - DEBUG - Despachado a ZMQ -> agent/6/move: {'v': 0.0, 'w': 0.0}
2026-06-02 14:44:21.117 - [robot_6_log_20260602_144405.csv] - DEBUG - Incoming data. Topic {"x": 265.45, "y": 98.25, "yaw": 1.686, "timestamp": 1780404261.093765}, mensaje 6/pos
2026-06-02 14:44:21.122 - [robot_6_log_20260602_144405.csv] - DEBUG - Incoming data. Topic {"x": 265.45, "y": 98.25, "yaw": 1.686, "timestamp": 1780404261.093765}, mensaje 6/pos
2026-06-02 14:44:21.122 - [robot_6_log_20260602_144405.csv] - DEBUG - Incoming data. Topic {"x": 265.45, "y": 98.25, "yaw": 1.686, "timestamp": 1780404261.1036196}, mensaje agent/6/wheel
2026-06-02 14:44:21.122 - [robot_6_log_20260602_144405.csv] - DEBUG - Incoming data. Topic {"Wleft":1.657007864e-15,"Wright":-3.719247132e-16}, mensaje 6/pos
2026-06-02 14:44:21.135 - [robot_6_log_20260602_144405.csv] - WARNING - Esperando posición inicial... Aún no se han recibido datos de visión.
2026-06-02 14:44:21.155 - [robot_6_log_20260602_144405.csv] - DEBUG - Despachado a ZMQ -> agent/6/move: {'v': 0.0, 'w': 0.0}
2026-06-02 14:44:21.185 - [robot_6_log_20260602_144405.csv] - WARNING - Esperando posición inicial... Aún no se han recibido datos de visión.
2026-06-02 14:44:21.191 - [robot_6_log_20260602_144405.csv] - DEBUG - Incoming data. Topic {"x": 265.45, "y": 98.25, "yaw": 1.686, "timestamp": 1780404261.1036196}, mensaje 6/pos
2026-06-02 14:44:21.191 - [robot_6_log_20260602_144405.csv] - DEBUG - Incoming data. Topic {"x": 265.46, "y": 98.28, "yaw": 1.676, "timestamp": 1780404261.1878774}, mensaje 6/pos
2026-06-02 14:44:21.191 - [robot_6_log_20260602_144405.csv] - DEBUG - Despachado a ZMQ -> agent/6/move: {'v': 0.0, 'w': 0.0}
2026-06-02 14:44:21.203 - [robot_6_log_20260602_144405.csv] - DEBUG - Incoming data. Topic {"x": 265.46, "y": 98.28, "yaw": 1.676, "timestamp": 1780404261.1878774}, mensaje 6/pos
2026-06-02 14:44:21.203 - [robot_6_log_20260602_144405.csv] - DEBUG - Incoming data. Topic {"x": 265.46, "y": 98.28, "yaw": 1.676, "timestamp": 1780404261.1993566}, mensaje 6/pos
2026-06-02 14:44:21.235 - [robot_6_log_20260602_144405.csv] - WARNING - Esperando posición inicial... Aún no se han recibido datos de visión.
2026-06-02 14:44:21.246 - [robot_6_log_20260602_144405.csv] - DEBUG - Despachado a ZMQ -> agent/6/move: {'v': 0.0, 'w': 0.0}
2026-06-02 14:44:21.251 - [robot_6_log_20260602_144405.csv] - DEBUG - Incoming data. Topic {"x": 265.46, "y": 98.28, "yaw": 1.676, "timestamp": 1780404261.1993566}, mensaje agent/6/wheel
2026-06-02 14:44:21.285 - [robot_6_log_20260602_144405.csv] - WARNING - Esperando posición inicial... Aún no se han recibido datos de visión.
2026-06-02 14:44:21.285 - [robot_6_log_20260602_144405.csv] - DEBUG - Incoming data. Topic {"Wleft":1.657007864e-15,"Wright":-3.719247132e-16}, mensaje 6/pos
2026-06-02 14:44:21.295 - [robot_6_log_20260602_144405.csv] - DEBUG - Incoming data. Topic {"x": 265.47, "y": 98.25, "yaw": 1.685, "timestamp": 1780404261.2839468}, mensaje 6/pos
2026-06-02 14:44:21.300 - [robot_6_log_20260602_144405.csv] - DEBUG - Incoming data. Topic {"x": 265.47, "y": 98.25, "yaw": 1.685, "timestamp": 1780404261.2839468}, mensaje 6/pos
2026-06-02 14:44:21.305 - [robot_6_log_20260602_144405.csv] - DEBUG - Incoming data. Topic {"x": 265.47, "y": 98.25, "yaw": 1.685, "timestamp": 1780404261.2931228}, mensaje 6/pos
2026-06-02 14:44:21.305 - [robot_6_log_20260602_144405.csv] - DEBUG - Despachado a ZMQ -> agent/6/move: {'v': 0.0, 'w': 0.0}
2026-06-02 14:44:21.335 - [robot_6_log_20260602_144405.csv] - WARNING - Esperando posición inicial... Aún no se han recibido datos de visión.
2026-06-02 14:44:21.346 - [robot_6_log_20260602_144405.csv] - DEBUG - Incoming data. Topic {"x": 265.47, "y": 98.25, "yaw": 1.685, "timestamp": 1780404261.2931228}, mensaje agent/6/wheel
2026-06-02 14:44:21.351 - [robot_6_log_20260602_144405.csv] - DEBUG - Despachado a ZMQ -> agent/6/move: {'v': 0.0, 'w': 0.0}
2026-06-02 14:44:21.385 - [robot_6_log_20260602_144405.csv] - WARNING - Esperando posición inicial... Aún no se han recibido datos de visión.
2026-06-02 14:44:21.390 - [robot_6_log_20260602_144405.csv] - DEBUG - Incoming data. Topic {"Wleft":1.657007864e-15,"Wright":-3.719247132e-16}, mensaje 6/pos
2026-06-02 14:44:21.395 - [robot_6_log_20260602_144405.csv] - DEBUG - Incoming data. Topic {"x": 265.47, "y": 98.25, "yaw": 1.676, "timestamp": 1780404261.386198}, mensaje 6/pos
2026-06-02 14:44:21.395 - [robot_6_log_20260602_144405.csv] - DEBUG - Despachado a ZMQ -> agent/6/move: {'v': 0.0, 'w': 0.0}
2026-06-02 14:44:21.401 - [robot_6_log_20260602_144405.csv] - DEBUG - Incoming data. Topic {"x": 265.47, "y": 98.25, "yaw": 1.676, "timestamp": 1780404261.386198}, mensaje 6/pos
2026-06-02 14:44:21.427 - [robot_6_log_20260602_144405.csv] - DEBUG - Incoming data. Topic {"x": 265.47, "y": 98.25, "yaw": 1.676, "timestamp": 1780404261.3976705}, mensaje 6/pos
2026-06-02 14:44:21.435 - [robot_6_log_20260602_144405.csv] - WARNING - Esperando posición inicial... Aún no se han recibido datos de visión.
2026-06-02 14:44:21.441 - [robot_6_log_20260602_144405.csv] - DEBUG - Incoming data. Topic {"x": 265.47, "y": 98.25, "yaw": 1.676, "timestamp": 1780404261.3976705}, mensaje agent/6/wheel
2026-06-02 14:44:21.441 - [robot_6_log_20260602_144405.csv] - DEBUG - Despachado a ZMQ -> agent/6/move: {'v': 0.0, 'w': 0.0}
2026-06-02 14:44:21.485 - [robot_6_log_20260602_144405.csv] - WARNING - Esperando posición inicial... Aún no se han recibido datos de visión.
2026-06-02 14:44:21.491 - [robot_6_log_20260602_144405.csv] - DEBUG - Incoming data. Topic {"Wleft":1.657007864e-15,"Wright":-3.719247132e-16}, mensaje 6/pos
2026-06-02 14:44:21.496 - [robot_6_log_20260602_144405.csv] - DEBUG - Despachado a ZMQ -> agent/6/move: {'v': 0.0, 'w': 0.0}
2026-06-02 14:44:21.511 - [robot_6_log_20260602_144405.csv] - DEBUG - Incoming data. Topic {"x": 265.46, "y": 98.26, "yaw": 1.687, "timestamp": 1780404261.4859936}, mensaje 6/pos
2026-06-02 14:44:21.511 - [robot_6_log_20260602_144405.csv] - DEBUG - Incoming data. Topic {"x": 265.46, "y": 98.26, "yaw": 1.687, "timestamp": 1780404261.4859936}, mensaje 6/pos
2026-06-02 14:44:21.521 - [robot_6_log_20260602_144405.csv] - DEBUG - Incoming data. Topic {"x": 265.46, "y": 98.26, "yaw": 1.687, "timestamp": 1780404261.4967813}, mensaje 6/pos
2026-06-02 14:44:21.535 - [robot_6_log_20260602_144405.csv] - WARNING - Esperando posición inicial... Aún no se han recibido datos de visión.
2026-06-02 14:44:21.541 - [robot_6_log_20260602_144405.csv] - DEBUG - Incoming data. Topic {"x": 265.46, "y": 98.26, "yaw": 1.687, "timestamp": 1780404261.4967813}, mensaje agent/6/wheel
2026-06-02 14:44:21.541 - [robot_6_log_20260602_144405.csv] - DEBUG - Despachado a ZMQ -> agent/6/move: {'v': 0.0, 'w': 0.0}
2026-06-02 14:44:21.585 - [robot_6_log_20260602_144405.csv] - WARNING - Esperando posición inicial... Aún no se han recibido datos de visión.
2026-06-02 14:44:21.585 - [robot_6_log_20260602_144405.csv] - DEBUG - Incoming data. Topic {"Wleft":1.657007864e-15,"Wright":-3.719247132e-16}, mensaje 6/pos
2026-06-02 14:44:21.605 - [robot_6_log_20260602_144405.csv] - DEBUG - Despachado a ZMQ -> agent/6/move: {'v': 0.0, 'w': 0.0}
2026-06-02 14:44:21.605 - [robot_6_log_20260602_144405.csv] - DEBUG - Incoming data. Topic {"x": 265.44, "y": 98.29, "yaw": 1.679, "timestamp": 1780404261.582617}, mensaje 6/pos
2026-06-02 14:44:21.620 - [robot_6_log_20260602_144405.csv] - DEBUG - Incoming data. Topic {"x": 265.44, "y": 98.29, "yaw": 1.679, "timestamp": 1780404261.582617}, mensaje 6/pos
2026-06-02 14:44:21.627 - [robot_6_log_20260602_144405.csv] - DEBUG - Incoming data. Topic {"x": 265.44, "y": 98.29, "yaw": 1.679, "timestamp": 1780404261.5911307}, mensaje 6/pos
2026-06-02 14:44:21.635 - [robot_6_log_20260602_144405.csv] - WARNING - Esperando posición inicial... Aún no se han recibido datos de visión.
2026-06-02 14:44:21.645 - [robot_6_log_20260602_144405.csv] - DEBUG - Incoming data. Topic {"x": 265.44, "y": 98.29, "yaw": 1.679, "timestamp": 1780404261.5911307}, mensaje agent/6/wheel
2026-06-02 14:44:21.660 - [robot_6_log_20260602_144405.csv] - DEBUG - Despachado a ZMQ -> agent/6/move: {'v': 0.0, 'w': 0.0}
2026-06-02 14:44:21.684 - [robot_6_log_20260602_144405.csv] - DEBUG - Incoming data. Topic {"Wleft":1.657007864e-15,"Wright":-3.719247132e-16}, mensaje 6/pos
2026-06-02 14:44:21.685 - [robot_6_log_20260602_144405.csv] - DEBUG - Incoming data. Topic {"x": 265.47, "y": 98.27, "yaw": 1.676, "timestamp": 1780404261.6822083}, mensaje 6/pos
2026-06-02 14:44:21.685 - [robot_6_log_20260602_144405.csv] - WARNING - Esperando posición inicial... Aún no se han recibido datos de visión.
2026-06-02 14:44:21.695 - [robot_6_log_20260602_144405.csv] - DEBUG - Incoming data. Topic {"x": 265.47, "y": 98.27, "yaw": 1.676, "timestamp": 1780404261.6822083}, mensaje 6/pos
2026-06-02 14:44:21.700 - [robot_6_log_20260602_144405.csv] - DEBUG - Incoming data. Topic {"x": 265.47, "y": 98.27, "yaw": 1.676, "timestamp": 1780404261.690875}, mensaje 6/pos
2026-06-02 14:44:21.710 - [robot_6_log_20260602_144405.csv] - DEBUG - Despachado a ZMQ -> agent/6/move: {'v': 0.0, 'w': 0.0}
2026-06-02 14:44:21.735 - [robot_6_log_20260602_144405.csv] - WARNING - Esperando posición inicial... Aún no se han recibido datos de visión.
2026-06-02 14:44:21.741 - [robot_6_log_20260602_144405.csv] - DEBUG - Despachado a ZMQ -> agent/6/move: {'v': 0.0, 'w': 0.0}
2026-06-02 14:44:21.772 - [robot_6_log_20260602_144405.csv] - DEBUG - Incoming data. Topic {"x": 265.47, "y": 98.27, "yaw": 1.676, "timestamp": 1780404261.690875}, mensaje agent/6/wheel
2026-06-02 14:44:21.785 - [robot_6_log_20260602_144405.csv] - WARNING - Esperando posición inicial... Aún no se han recibido datos de visión.
2026-06-02 14:44:21.790 - [robot_6_log_20260602_144405.csv] - DEBUG - Incoming data. Topic {"Wleft":1.657007864e-15,"Wright":-3.719247132e-16}, mensaje 6/pos
2026-06-02 14:44:21.800 - [robot_6_log_20260602_144405.csv] - DEBUG - Incoming data. Topic {"x": 265.46, "y": 98.25, "yaw": 1.683, "timestamp": 1780404261.7850504}, mensaje 6/pos
2026-06-02 14:44:21.816 - [robot_6_log_20260602_144405.csv] - DEBUG - Despachado a ZMQ -> agent/6/move: {'v': 0.0, 'w': 0.0}
2026-06-02 14:44:21.816 - [robot_6_log_20260602_144405.csv] - DEBUG - Incoming data. Topic {"x": 265.46, "y": 98.25, "yaw": 1.683, "timestamp": 1780404261.7850504}, mensaje 6/pos
2026-06-02 14:44:21.835 - [robot_6_log_20260602_144405.csv] - DEBUG - Incoming data. Topic {"x": 265.46, "y": 98.25, "yaw": 1.683, "timestamp": 1780404261.7942564}, mensaje 6/pos
2026-06-02 14:44:21.835 - [robot_6_log_20260602_144405.csv] - WARNING - Esperando posición inicial... Aún no se han recibido datos de visión.
2026-06-02 14:44:21.856 - [robot_6_log_20260602_144405.csv] - DEBUG - Despachado a ZMQ -> agent/6/move: {'v': 0.0, 'w': 0.0}
2026-06-02 14:44:21.856 - [robot_6_log_20260602_144405.csv] - DEBUG - Incoming data. Topic {"x": 265.46, "y": 98.25, "yaw": 1.683, "timestamp": 1780404261.7942564}, mensaje agent/6/wheel
2026-06-02 14:44:21.884 - [robot_6_log_20260602_144405.csv] - DEBUG - Incoming data. Topic {"Wleft":1.657007864e-15,"Wright":-3.719247132e-16}, mensaje 6/pos
2026-06-02 14:44:21.885 - [robot_6_log_20260602_144405.csv] - DEBUG - Incoming data. Topic {"x": 265.45, "y": 98.25, "yaw": 1.687, "timestamp": 1780404261.8815017}, mensaje 6/pos
2026-06-02 14:44:21.885 - [robot_6_log_20260602_144405.csv] - WARNING - Esperando posición inicial... Aún no se han recibido datos de visión.
2026-06-02 14:44:21.895 - [robot_6_log_20260602_144405.csv] - DEBUG - Despachado a ZMQ -> agent/6/move: {'v': 0.0, 'w': 0.0}
2026-06-02 14:44:21.900 - [robot_6_log_20260602_144405.csv] - DEBUG - Incoming data. Topic {"x": 265.45, "y": 98.25, "yaw": 1.687, "timestamp": 1780404261.8815017}, mensaje 6/pos
2026-06-02 14:44:21.906 - [robot_6_log_20260602_144405.csv] - DEBUG - Incoming data. Topic {"x": 265.45, "y": 98.25, "yaw": 1.687, "timestamp": 1780404261.8902557}, mensaje 6/pos
2026-06-02 14:44:21.935 - [robot_6_log_20260602_144405.csv] - WARNING - Esperando posición inicial... Aún no se han recibido datos de visión.
2026-06-02 14:44:21.946 - [robot_6_log_20260602_144405.csv] - DEBUG - Despachado a ZMQ -> agent/6/move: {'v': 0.0, 'w': 0.0}
2026-06-02 14:44:21.946 - [robot_6_log_20260602_144405.csv] - DEBUG - Incoming data. Topic {"x": 265.45, "y": 98.25, "yaw": 1.687, "timestamp": 1780404261.8902557}, mensaje agent/6/wheel
2026-06-02 14:44:21.985 - [robot_6_log_20260602_144405.csv] - DEBUG - Incoming data. Topic {"Wleft":1.657007864e-15,"Wright":-3.719247132e-16}, mensaje 6/pos
2026-06-02 14:44:21.985 - [robot_6_log_20260602_144405.csv] - DEBUG - Incoming data. Topic {"x": 265.46, "y": 98.25, "yaw": 1.684, "timestamp": 1780404261.9814746}, mensaje 6/pos
2026-06-02 14:44:21.985 - [robot_6_log_20260602_144405.csv] - WARNING - Esperando posición inicial... Aún no se han recibido datos de visión.
2026-06-02 14:44:21.991 - [robot_6_log_20260602_144405.csv] - DEBUG - Incoming data. Topic {"x": 265.46, "y": 98.25, "yaw": 1.684, "timestamp": 1780404261.9814746}, mensaje 6/pos
2026-06-02 14:44:21.996 - [robot_6_log_20260602_144405.csv] - DEBUG - Incoming data. Topic {"x": 265.46, "y": 98.25, "yaw": 1.684, "timestamp": 1780404261.9900916}, mensaje 6/pos
2026-06-02 14:44:22.006 - [robot_6_log_20260602_144405.csv] - DEBUG - Despachado a ZMQ -> agent/6/move: {'v': 0.0, 'w': 0.0}
2026-06-02 14:44:22.035 - [robot_6_log_20260602_144405.csv] - WARNING - Esperando posición inicial... Aún no se han recibido datos de visión.
2026-06-02 14:44:22.045 - [robot_6_log_20260602_144405.csv] - DEBUG - Incoming data. Topic {"x": 265.46, "y": 98.25, "yaw": 1.684, "timestamp": 1780404261.9900916}, mensaje agent/6/wheel
2026-06-02 14:44:22.050 - [robot_6_log_20260602_144405.csv] - DEBUG - Despachado a ZMQ -> agent/6/move: {'v': 0.0, 'w': 0.0}
2026-06-02 14:44:22.085 - [robot_6_log_20260602_144405.csv] - WARNING - Esperando posición inicial... Aún no se han recibido datos de visión.
2026-06-02 14:44:22.095 - [robot_6_log_20260602_144405.csv] - DEBUG - Incoming data. Topic {"Wleft":1.657007864e-15,"Wright":-3.719247132e-16}, mensaje 6/pos
2026-06-02 14:44:22.100 - [robot_6_log_20260602_144405.csv] - DEBUG - Despachado a ZMQ -> agent/6/move: {'v': 0.0, 'w': 0.0}
2026-06-02 14:44:22.120 - [robot_6_log_20260602_144405.csv] - DEBUG - Incoming data. Topic {"x": 265.45, "y": 98.25, "yaw": 1.682, "timestamp": 1780404262.0830812}, mensaje 6/pos
2026-06-02 14:44:22.132 - [robot_6_log_20260602_144405.csv] - DEBUG - Incoming data. Topic {"x": 265.45, "y": 98.25, "yaw": 1.682, "timestamp": 1780404262.0830812}, mensaje 6/pos
2026-06-02 14:44:22.135 - [robot_6_log_20260602_144405.csv] - WARNING - Esperando posición inicial... Aún no se han recibido datos de visión.
2026-06-02 14:44:22.150 - [robot_6_log_20260602_144405.csv] - DEBUG - Despachado a ZMQ -> agent/6/move: {'v': 0.0, 'w': 0.0}
2026-06-02 14:44:22.150 - [robot_6_log_20260602_144405.csv] - DEBUG - Incoming data. Topic {"x": 265.45, "y": 98.25, "yaw": 1.682, "timestamp": 1780404262.0958824}, mensaje 6/pos
2026-06-02 14:44:22.160 - [robot_6_log_20260602_144405.csv] - DEBUG - Incoming data. Topic {"x": 265.45, "y": 98.25, "yaw": 1.682, "timestamp": 1780404262.0958824}, mensaje agent/6/wheel
2026-06-02 14:44:22.185 - [robot_6_log_20260602_144405.csv] - WARNING - Esperando posición inicial... Aún no se han recibido datos de visión.
2026-06-02 14:44:22.191 - [robot_6_log_20260602_144405.csv] - DEBUG - Incoming data. Topic {"Wleft":1.657007864e-15,"Wright":-3.719247132e-16}, mensaje 6/pos
2026-06-02 14:44:22.191 - [robot_6_log_20260602_144405.csv] - DEBUG - Despachado a ZMQ -> agent/6/move: {'v': 0.0, 'w': 0.0}
2026-06-02 14:44:22.201 - [robot_6_log_20260602_144405.csv] - DEBUG - Incoming data. Topic {"x": 265.46, "y": 98.24, "yaw": 1.686, "timestamp": 1780404262.1870348}, mensaje 6/pos
2026-06-02 14:44:22.223 - [robot_6_log_20260602_144405.csv] - DEBUG - Incoming data. Topic {"x": 265.46, "y": 98.24, "yaw": 1.686, "timestamp": 1780404262.1870348}, mensaje 6/pos
2026-06-02 14:44:22.223 - [robot_6_log_20260602_144405.csv] - DEBUG - Incoming data. Topic {"x": 265.46, "y": 98.24, "yaw": 1.686, "timestamp": 1780404262.1974626}, mensaje 6/pos
2026-06-02 14:44:22.235 - [robot_6_log_20260602_144405.csv] - WARNING - Esperando posición inicial... Aún no se han recibido datos de visión.
2026-06-02 14:44:22.255 - [robot_6_log_20260602_144405.csv] - DEBUG - Despachado a ZMQ -> agent/6/move: {'v': 0.0, 'w': 0.0}
2026-06-02 14:44:22.278 - [robot_6_log_20260602_144405.csv] - DEBUG - Incoming data. Topic {"x": 265.46, "y": 98.24, "yaw": 1.686, "timestamp": 1780404262.1974626}, mensaje agent/6/wheel
2026-06-02 14:44:22.285 - [robot_6_log_20260602_144405.csv] - WARNING - Esperando posición inicial... Aún no se han recibido datos de visión.
2026-06-02 14:44:22.295 - [robot_6_log_20260602_144405.csv] - DEBUG - Incoming data. Topic {"Wleft":1.657007864e-15,"Wright":-3.719247132e-16}, mensaje 6/pos
2026-06-02 14:44:22.300 - [robot_6_log_20260602_144405.csv] - DEBUG - Incoming data. Topic {"x": 265.46, "y": 98.27, "yaw": 1.684, "timestamp": 1780404262.2843404}, mensaje 6/pos
2026-06-02 14:44:22.300 - [robot_6_log_20260602_144405.csv] - DEBUG - Despachado a ZMQ -> agent/6/move: {'v': 0.0, 'w': 0.0}
2026-06-02 14:44:22.301 - [robot_6_log_20260602_144405.csv] - DEBUG - Incoming data. Topic {"x": 265.46, "y": 98.27, "yaw": 1.684, "timestamp": 1780404262.2843404}, mensaje 6/pos
2026-06-02 14:44:22.316 - [robot_6_log_20260602_144405.csv] - DEBUG - Incoming data. Topic {"x": 265.46, "y": 98.27, "yaw": 1.684, "timestamp": 1780404262.2934427}, mensaje 6/pos
2026-06-02 14:44:22.335 - [robot_6_log_20260602_144405.csv] - WARNING - Esperando posición inicial... Aún no se han recibido datos de visión.
2026-06-02 14:44:22.345 - [robot_6_log_20260602_144405.csv] - DEBUG - Incoming data. Topic {"x": 265.46, "y": 98.27, "yaw": 1.684, "timestamp": 1780404262.2934427}, mensaje agent/6/wheel
2026-06-02 14:44:22.365 - [robot_6_log_20260602_144405.csv] - DEBUG - Despachado a ZMQ -> agent/6/move: {'v': 0.0, 'w': 0.0}
2026-06-02 14:44:22.385 - [robot_6_log_20260602_144405.csv] - WARNING - Esperando posición inicial... Aún no se han recibido datos de visión.
2026-06-02 14:44:22.395 - [robot_6_log_20260602_144405.csv] - DEBUG - Incoming data. Topic {"Wleft":1.657007864e-15,"Wright":-3.719247132e-16}, mensaje 6/pos
2026-06-02 14:44:22.400 - [robot_6_log_20260602_144405.csv] - DEBUG - Incoming data. Topic {"x": 265.42, "y": 98.28, "yaw": 1.681, "timestamp": 1780404262.3841946}, mensaje 6/pos
2026-06-02 14:44:22.410 - [robot_6_log_20260602_144405.csv] - DEBUG - Incoming data. Topic {"x": 265.42, "y": 98.28, "yaw": 1.681, "timestamp": 1780404262.3841946}, mensaje 6/pos
2026-06-02 14:44:22.410 - [robot_6_log_20260602_144405.csv] - DEBUG - Despachado a ZMQ -> agent/6/move: {'v': 0.0, 'w': 0.0}
2026-06-02 14:44:22.435 - [robot_6_log_20260602_144405.csv] - WARNING - Esperando posición inicial... Aún no se han recibido datos de visión.
2026-06-02 14:44:22.445 - [robot_6_log_20260602_144405.csv] - DEBUG - Incoming data. Topic {"x": 265.42, "y": 98.28, "yaw": 1.681, "timestamp": 1780404262.395944}, mensaje 6/pos
2026-06-02 14:44:22.466 - [robot_6_log_20260602_144405.csv] - DEBUG - Incoming data. Topic {"x": 265.42, "y": 98.28, "yaw": 1.681, "timestamp": 1780404262.395944}, mensaje agent/6/wheel
2026-06-02 14:44:22.466 - [robot_6_log_20260602_144405.csv] - DEBUG - Despachado a ZMQ -> agent/6/move: {'v': 0.0, 'w': 0.0}
2026-06-02 14:44:22.485 - [robot_6_log_20260602_144405.csv] - WARNING - Esperando posición inicial... Aún no se han recibido datos de visión.
2026-06-02 14:44:22.485 - [robot_6_log_20260602_144405.csv] - DEBUG - Incoming data. Topic {"Wleft":1.657007864e-15,"Wright":-3.719247132e-16}, mensaje 6/pos
2026-06-02 14:44:22.500 - [robot_6_log_20260602_144405.csv] - DEBUG - Incoming data. Topic {"x": 265.46, "y": 98.25, "yaw": 1.684, "timestamp": 1780404262.4846187}, mensaje 6/pos
2026-06-02 14:44:22.505 - [robot_6_log_20260602_144405.csv] - DEBUG - Incoming data. Topic {"x": 265.46, "y": 98.25, "yaw": 1.684, "timestamp": 1780404262.4846187}, mensaje 6/pos
2026-06-02 14:44:22.510 - [robot_6_log_20260602_144405.csv] - DEBUG - Incoming data. Topic {"x": 265.46, "y": 98.25, "yaw": 1.684, "timestamp": 1780404262.4960253}, mensaje 6/pos
2026-06-02 14:44:22.516 - [robot_6_log_20260602_144405.csv] - DEBUG - Despachado a ZMQ -> agent/6/move: {'v': 0.0, 'w': 0.0}
2026-06-02 14:44:22.535 - [robot_6_log_20260602_144405.csv] - WARNING - Esperando posición inicial... Aún no se han recibido datos de visión.
2026-06-02 14:44:22.551 - [robot_6_log_20260602_144405.csv] - DEBUG - Despachado a ZMQ -> agent/6/move: {'v': 0.0, 'w': 0.0}
2026-06-02 14:44:22.557 - [robot_6_log_20260602_144405.csv] - DEBUG - Incoming data. Topic {"x": 265.46, "y": 98.25, "yaw": 1.684, "timestamp": 1780404262.4960253}, mensaje agent/6/wheel
2026-06-02 14:44:22.585 - [robot_6_log_20260602_144405.csv] - WARNING - Esperando posición inicial... Aún no se han recibido datos de visión.
2026-06-02 14:44:22.590 - [robot_6_log_20260602_144405.csv] - DEBUG - Incoming data. Topic {"Wleft":1.657007864e-15,"Wright":-3.719247132e-16}, mensaje 6/pos
2026-06-02 14:44:22.600 - [robot_6_log_20260602_144405.csv] - DEBUG - Despachado a ZMQ -> agent/6/move: {'v': 0.0, 'w': 0.0}
2026-06-02 14:44:22.606 - [robot_6_log_20260602_144405.csv] - DEBUG - Incoming data. Topic {"x": 265.46, "y": 98.26, "yaw": 1.685, "timestamp": 1780404262.5850406}, mensaje 6/pos
2026-06-02 14:44:22.631 - [robot_6_log_20260602_144405.csv] - DEBUG - Incoming data. Topic {"x": 265.46, "y": 98.26, "yaw": 1.685, "timestamp": 1780404262.5850406}, mensaje 6/pos
2026-06-02 14:44:22.631 - [robot_6_log_20260602_144405.csv] - DEBUG - Incoming data. Topic {"x": 265.46, "y": 98.26, "yaw": 1.685, "timestamp": 1780404262.5961177}, mensaje 6/pos
2026-06-02 14:44:22.635 - [robot_6_log_20260602_144405.csv] - WARNING - Esperando posición inicial... Aún no se han recibido datos de visión.
2026-06-02 14:44:22.641 - [robot_6_log_20260602_144405.csv] - DEBUG - Despachado a ZMQ -> agent/6/move: {'v': 0.0, 'w': 0.0}
2026-06-02 14:44:22.651 - [robot_6_log_20260602_144405.csv] - DEBUG - Incoming data. Topic {"x": 265.46, "y": 98.26, "yaw": 1.685, "timestamp": 1780404262.5961177}, mensaje agent/6/wheel
2026-06-02 14:44:22.685 - [robot_6_log_20260602_144405.csv] - WARNING - Esperando posición inicial... Aún no se han recibido datos de visión.
2026-06-02 14:44:22.690 - [robot_6_log_20260602_144405.csv] - DEBUG - Incoming data. Topic {"Wleft":1.657007864e-15,"Wright":-3.719247132e-16}, mensaje 6/pos
2026-06-02 14:44:22.701 - [robot_6_log_20260602_144405.csv] - DEBUG - Despachado a ZMQ -> agent/6/move: {'v': 0.0, 'w': 0.0}
2026-06-02 14:44:22.701 - [robot_6_log_20260602_144405.csv] - DEBUG - Incoming data. Topic {"x": 265.45, "y": 98.27, "yaw": 1.686, "timestamp": 1780404262.6849163}, mensaje 6/pos
2026-06-02 14:44:22.718 - [robot_6_log_20260602_144405.csv] - DEBUG - Incoming data. Topic {"x": 265.45, "y": 98.27, "yaw": 1.686, "timestamp": 1780404262.6849163}, mensaje 6/pos
2026-06-02 14:44:22.718 - [robot_6_log_20260602_144405.csv] - DEBUG - Incoming data. Topic {"x": 265.45, "y": 98.27, "yaw": 1.686, "timestamp": 1780404262.695539}, mensaje 6/pos
2026-06-02 14:44:22.735 - [robot_6_log_20260602_144405.csv] - WARNING - Esperando posición inicial... Aún no se han recibido datos de visión.
2026-06-02 14:44:22.740 - [robot_6_log_20260602_144405.csv] - DEBUG - Despachado a ZMQ -> agent/6/move: {'v': 0.0, 'w': 0.0}
2026-06-02 14:44:22.776 - [robot_6_log_20260602_144405.csv] - DEBUG - Incoming data. Topic {"x": 265.45, "y": 98.27, "yaw": 1.686, "timestamp": 1780404262.695539}, mensaje agent/6/wheel
2026-06-02 14:44:22.785 - [robot_6_log_20260602_144405.csv] - DEBUG - Incoming data. Topic {"Wleft":1.657007864e-15,"Wright":-3.719247132e-16}, mensaje 6/pos
2026-06-02 14:44:22.785 - [robot_6_log_20260602_144405.csv] - WARNING - Esperando posición inicial... Aún no se han recibido datos de visión.
2026-06-02 14:44:22.785 - [robot_6_log_20260602_144405.csv] - DEBUG - Incoming data. Topic {"x": 265.45, "y": 98.27, "yaw": 1.685, "timestamp": 1780404262.7823172}, mensaje 6/pos
2026-06-02 14:44:22.795 - [robot_6_log_20260602_144405.csv] - DEBUG - Incoming data. Topic {"x": 265.45, "y": 98.27, "yaw": 1.685, "timestamp": 1780404262.7823172}, mensaje 6/pos
2026-06-02 14:44:22.800 - [robot_6_log_20260602_144405.csv] - DEBUG - Incoming data. Topic {"x": 265.45, "y": 98.27, "yaw": 1.685, "timestamp": 1780404262.7919319}, mensaje 6/pos
2026-06-02 14:44:22.820 - [robot_6_log_20260602_144405.csv] - DEBUG - Despachado a ZMQ -> agent/6/move: {'v': 0.0, 'w': 0.0}
2026-06-02 14:44:22.835 - [robot_6_log_20260602_144405.csv] - WARNING - Esperando posición inicial... Aún no se han recibido datos de visión.
2026-06-02 14:44:22.856 - [robot_6_log_20260602_144405.csv] - DEBUG - Despachado a ZMQ -> agent/6/move: {'v': 0.0, 'w': 0.0}
2026-06-02 14:44:22.873 - [robot_6_log_20260602_144405.csv] - DEBUG - Incoming data. Topic {"x": 265.45, "y": 98.27, "yaw": 1.685, "timestamp": 1780404262.7919319}, mensaje agent/6/wheel
2026-06-02 14:44:22.885 - [robot_6_log_20260602_144405.csv] - WARNING - Esperando posición inicial... Aún no se han recibido datos de visión.
2026-06-02 14:44:22.885 - [robot_6_log_20260602_144405.csv] - DEBUG - Incoming data. Topic {"Wleft":1.657007864e-15,"Wright":-3.719247132e-16}, mensaje 6/pos
2026-06-02 14:44:22.895 - [robot_6_log_20260602_144405.csv] - DEBUG - Incoming data. Topic {"x": 265.44, "y": 98.29, "yaw": 1.671, "timestamp": 1780404262.8822014}, mensaje 6/pos
2026-06-02 14:44:22.900 - [robot_6_log_20260602_144405.csv] - DEBUG - Incoming data. Topic {"x": 265.44, "y": 98.29, "yaw": 1.671, "timestamp": 1780404262.8822014}, mensaje 6/pos
2026-06-02 14:44:22.910 - [robot_6_log_20260602_144405.csv] - DEBUG - Incoming data. Topic {"x": 265.44, "y": 98.29, "yaw": 1.671, "timestamp": 1780404262.8928928}, mensaje 6/pos
2026-06-02 14:44:22.915 - [robot_6_log_20260602_144405.csv] - DEBUG - Despachado a ZMQ -> agent/6/move: {'v': 0.0, 'w': 0.0}
2026-06-02 14:44:22.935 - [robot_6_log_20260602_144405.csv] - WARNING - Esperando posición inicial... Aún no se han recibido datos de visión.
2026-06-02 14:44:22.955 - [robot_6_log_20260602_144405.csv] - DEBUG - Despachado a ZMQ -> agent/6/move: {'v': 0.0, 'w': 0.0}
2026-06-02 14:44:22.985 - [robot_6_log_20260602_144405.csv] - DEBUG - Incoming data. Topic {"x": 265.44, "y": 98.29, "yaw": 1.671, "timestamp": 1780404262.8928928}, mensaje 6/pos
2026-06-02 14:44:22.985 - [robot_6_log_20260602_144405.csv] - WARNING - Esperando posición inicial... Aún no se han recibido datos de visión.
2026-06-02 14:44:22.990 - [robot_6_log_20260602_144405.csv] - DEBUG - Incoming data. Topic {"x": 265.47, "y": 98.24, "yaw": 1.686, "timestamp": 1780404262.984587}, mensaje 6/pos
2026-06-02 14:44:23.000 - [robot_6_log_20260602_144405.csv] - DEBUG - Incoming data. Topic {"x": 265.47, "y": 98.24, "yaw": 1.686, "timestamp": 1780404262.984587}, mensaje 6/pos
2026-06-02 14:44:23.005 - [robot_6_log_20260602_144405.csv] - DEBUG - Incoming data. Topic {"x": 265.47, "y": 98.24, "yaw": 1.686, "timestamp": 1780404262.9954357}, mensaje 6/pos
2026-06-02 14:44:23.010 - [robot_6_log_20260602_144405.csv] - DEBUG - Despachado a ZMQ -> agent/6/move: {'v': 0.0, 'w': 0.0}
2026-06-02 14:44:23.016 - [robot_6_log_20260602_144405.csv] - DEBUG - Incoming data. Topic {"x": 265.47, "y": 98.24, "yaw": 1.686, "timestamp": 1780404262.9954357}, mensaje agent/6/wheel
2026-06-02 14:44:23.035 - [robot_6_log_20260602_144405.csv] - WARNING - Esperando posición inicial... Aún no se han recibido datos de visión.
2026-06-02 14:44:23.055 - [robot_6_log_20260602_144405.csv] - DEBUG - Despachado a ZMQ -> agent/6/move: {'v': 0.0, 'w': 0.0}
2026-06-02 14:44:23.079 - [robot_6_log_20260602_144405.csv] - DEBUG - Incoming data. Topic {"Wleft":1.657007864e-15,"Wright":-3.719247132e-16}, mensaje agent/6/wheel
2026-06-02 14:44:23.085 - [robot_6_log_20260602_144405.csv] - WARNING - Esperando posición inicial... Aún no se han recibido datos de visión.
2026-06-02 14:44:23.090 - [robot_6_log_20260602_144405.csv] - DEBUG - Incoming data. Topic {"Wleft":1.657007864e-15,"Wright":-3.719247132e-16}, mensaje 6/pos
2026-06-02 14:44:23.100 - [robot_6_log_20260602_144405.csv] - DEBUG - Incoming data. Topic {"x": 265.46, "y": 98.26, "yaw": 1.684, "timestamp": 1780404263.0852306}, mensaje 6/pos
2026-06-02 14:44:23.105 - [robot_6_log_20260602_144405.csv] - DEBUG - Incoming data. Topic {"x": 265.46, "y": 98.26, "yaw": 1.684, "timestamp": 1780404263.0852306}, mensaje 6/pos
2026-06-02 14:44:23.111 - [robot_6_log_20260602_144405.csv] - DEBUG - Incoming data. Topic {"x": 265.46, "y": 98.26, "yaw": 1.684, "timestamp": 1780404263.0937226}, mensaje 6/pos
2026-06-02 14:44:23.111 - [robot_6_log_20260602_144405.csv] - DEBUG - Despachado a ZMQ -> agent/6/move: {'v': 0.0, 'w': 0.0}
2026-06-02 14:44:23.135 - [robot_6_log_20260602_144405.csv] - WARNING - Esperando posición inicial... Aún no se han recibido datos de visión.
2026-06-02 14:44:23.155 - [robot_6_log_20260602_144405.csv] - DEBUG - Despachado a ZMQ -> agent/6/move: {'v': 0.0, 'w': 0.0}
2026-06-02 14:44:23.185 - [robot_6_log_20260602_144405.csv] - DEBUG - Incoming data. Topic {"x": 265.46, "y": 98.26, "yaw": 1.684, "timestamp": 1780404263.0937226}, mensaje 6/pos
2026-06-02 14:44:23.185 - [robot_6_log_20260602_144405.csv] - WARNING - Esperando posición inicial... Aún no se han recibido datos de visión.
2026-06-02 14:44:23.195 - [robot_6_log_20260602_144405.csv] - DEBUG - Incoming data. Topic {"x": 265.42, "y": 98.28, "yaw": 1.679, "timestamp": 1780404263.1846182}, mensaje agent/6/wheel
2026-06-02 14:44:23.205 - [robot_6_log_20260602_144405.csv] - DEBUG - Incoming data. Topic {"Wleft":1.657007864e-15,"Wright":-3.719247132e-16}, mensaje 6/pos
2026-06-02 14:44:23.210 - [robot_6_log_20260602_144405.csv] - DEBUG - Despachado a ZMQ -> agent/6/move: {'v': 0.0, 'w': 0.0}
2026-06-02 14:44:23.215 - [robot_6_log_20260602_144405.csv] - DEBUG - Incoming data. Topic {"x": 265.42, "y": 98.28, "yaw": 1.679, "timestamp": 1780404263.1955824}, mensaje 6/pos
2026-06-02 14:44:23.235 - [robot_6_log_20260602_144405.csv] - DEBUG - Incoming data. Topic {"x": 265.42, "y": 98.28, "yaw": 1.679, "timestamp": 1780404263.1846182}, mensaje 6/pos
2026-06-02 14:44:23.235 - [robot_6_log_20260602_144405.csv] - WARNING - Esperando posición inicial... Aún no se han recibido datos de visión.
2026-06-02 14:44:23.256 - [robot_6_log_20260602_144405.csv] - DEBUG - Despachado a ZMQ -> agent/6/move: {'v': 0.0, 'w': 0.0}
2026-06-02 14:44:23.285 - [robot_6_log_20260602_144405.csv] - WARNING - Esperando posición inicial... Aún no se han recibido datos de visión.
2026-06-02 14:44:23.285 - [robot_6_log_20260602_144405.csv] - DEBUG - Incoming data. Topic {"x": 265.42, "y": 98.28, "yaw": 1.679, "timestamp": 1780404263.1955824}, mensaje 6/pos
2026-06-02 14:44:23.300 - [robot_6_log_20260602_144405.csv] - DEBUG - Incoming data. Topic {"x": 265.46, "y": 98.26, "yaw": 1.685, "timestamp": 1780404263.282921}, mensaje agent/6/wheel
2026-06-02 14:44:23.310 - [robot_6_log_20260602_144405.csv] - DEBUG - Incoming data. Topic {"Wleft":1.657007864e-15,"Wright":-3.719247132e-16}, mensaje 6/pos
2026-06-02 14:44:23.316 - [robot_6_log_20260602_144405.csv] - DEBUG - Incoming data. Topic {"x": 265.46, "y": 98.26, "yaw": 1.685, "timestamp": 1780404263.292255}, mensaje 6/pos
2026-06-02 14:44:23.316 - [robot_6_log_20260602_144405.csv] - DEBUG - Despachado a ZMQ -> agent/6/move: {'v': 0.0, 'w': 0.0}
2026-06-02 14:44:23.331 - [robot_6_log_20260602_144405.csv] - DEBUG - Incoming data. Topic {"x": 265.46, "y": 98.26, "yaw": 1.685, "timestamp": 1780404263.282921}, mensaje 6/pos
2026-06-02 14:44:23.335 - [robot_6_log_20260602_144405.csv] - WARNING - Esperando posición inicial... Aún no se han recibido datos de visión.
2026-06-02 14:44:23.356 - [robot_6_log_20260602_144405.csv] - DEBUG - Despachado a ZMQ -> agent/6/move: {'v': 0.0, 'w': 0.0}
2026-06-02 14:44:23.385 - [robot_6_log_20260602_144405.csv] - DEBUG - Incoming data. Topic {"x": 265.46, "y": 98.26, "yaw": 1.685, "timestamp": 1780404263.292255}, mensaje 6/pos
2026-06-02 14:44:23.385 - [robot_6_log_20260602_144405.csv] - DEBUG - Incoming data. Topic {"x": 265.46, "y": 98.24, "yaw": 1.686, "timestamp": 1780404263.3816116}, mensaje 6/pos
2026-06-02 14:44:23.385 - [robot_6_log_20260602_144405.csv] - WARNING - Esperando posición inicial... Aún no se han recibido datos de visión.
2026-06-02 14:44:23.391 - [robot_6_log_20260602_144405.csv] - DEBUG - Incoming data. Topic {"x": 265.46, "y": 98.24, "yaw": 1.686, "timestamp": 1780404263.3816116}, mensaje 6/pos
2026-06-02 14:44:23.401 - [robot_6_log_20260602_144405.csv] - DEBUG - Incoming data. Topic {"x": 265.46, "y": 98.24, "yaw": 1.686, "timestamp": 1780404263.3907733}, mensaje agent/6/wheel
2026-06-02 14:44:23.421 - [robot_6_log_20260602_144405.csv] - DEBUG - Incoming data. Topic {"Wleft":1.657007864e-15,"Wright":-3.719247132e-16}, mensaje 6/pos
2026-06-02 14:44:23.432 - [robot_6_log_20260602_144405.csv] - DEBUG - Despachado a ZMQ -> agent/6/move: {'v': 0.0, 'w': 0.0}
2026-06-02 14:44:23.435 - [robot_6_log_20260602_144405.csv] - WARNING - Esperando posición inicial... Aún no se han recibido datos de visión.
2026-06-02 14:44:23.456 - [robot_6_log_20260602_144405.csv] - DEBUG - Despachado a ZMQ -> agent/6/move: {'v': 0.0, 'w': 0.0}
2026-06-02 14:44:23.485 - [robot_6_log_20260602_144405.csv] - WARNING - Esperando posición inicial... Aún no se han recibido datos de visión.
2026-06-02 14:44:23.485 - [robot_6_log_20260602_144405.csv] - DEBUG - Incoming data. Topic {"x": 265.46, "y": 98.24, "yaw": 1.686, "timestamp": 1780404263.3907733}, mensaje 6/pos
2026-06-02 14:44:23.505 - [robot_6_log_20260602_144405.csv] - DEBUG - Despachado a ZMQ -> agent/6/move: {'v': 0.0, 'w': 0.0}
2026-06-02 14:44:23.505 - [robot_6_log_20260602_144405.csv] - DEBUG - Incoming data. Topic {"x": 265.45, "y": 98.25, "yaw": 1.684, "timestamp": 1780404263.4816911}, mensaje 6/pos
2026-06-02 14:44:23.535 - [robot_6_log_20260602_144405.csv] - WARNING - Esperando posición inicial... Aún no se han recibido datos de visión.
2026-06-02 14:44:23.545 - [robot_6_log_20260602_144405.csv] - DEBUG - Incoming data. Topic {"x": 265.45, "y": 98.25, "yaw": 1.684, "timestamp": 1780404263.4816911}, mensaje 6/pos
2026-06-02 14:44:23.550 - [robot_6_log_20260602_144405.csv] - DEBUG - Despachado a ZMQ -> agent/6/move: {'v': 0.0, 'w': 0.0}
2026-06-02 14:44:23.550 - [robot_6_log_20260602_144405.csv] - DEBUG - Incoming data. Topic {"x": 265.45, "y": 98.25, "yaw": 1.684, "timestamp": 1780404263.491863}, mensaje 6/pos
2026-06-02 14:44:23.566 - [robot_6_log_20260602_144405.csv] - DEBUG - Incoming data. Topic {"x": 265.45, "y": 98.25, "yaw": 1.684, "timestamp": 1780404263.491863}, mensaje agent/6/wheel
2026-06-02 14:44:23.583 - [robot_6_log_20260602_144405.csv] - DEBUG - Incoming data. Topic {"Wleft":1.657007864e-15,"Wright":-3.719247132e-16}, mensaje 6/pos
2026-06-02 14:44:23.583 - [robot_6_log_20260602_144405.csv] - DEBUG - Incoming data. Topic {"x": 265.42, "y": 98.28, "yaw": 1.68, "timestamp": 1780404263.583227}, mensaje agent/6/wheel
2026-06-02 14:44:23.585 - [robot_6_log_20260602_144405.csv] - WARNING - Esperando posición inicial... Aún no se han recibido datos de visión.
2026-06-02 14:44:23.596 - [robot_6_log_20260602_144405.csv] - DEBUG - Incoming data. Topic {"Wleft":1.657007864e-15,"Wright":-3.719247132e-16}, mensaje 6/pos
2026-06-02 14:44:23.606 - [robot_6_log_20260602_144405.csv] - DEBUG - Despachado a ZMQ -> agent/6/move: {'v': 0.0, 'w': 0.0}
2026-06-02 14:44:23.611 - [robot_6_log_20260602_144405.csv] - DEBUG - Incoming data. Topic {"x": 265.42, "y": 98.28, "yaw": 1.68, "timestamp": 1780404263.5929506}, mensaje 6/pos
2026-06-02 14:44:23.627 - [robot_6_log_20260602_144405.csv] - DEBUG - Incoming data. Topic {"x": 265.42, "y": 98.28, "yaw": 1.68, "timestamp": 1780404263.583227}, mensaje 6/pos
2026-06-02 14:44:23.635 - [robot_6_log_20260602_144405.csv] - WARNING - Esperando posición inicial... Aún no se han recibido datos de visión.
2026-06-02 14:44:23.656 - [robot_6_log_20260602_144405.csv] - DEBUG - Despachado a ZMQ -> agent/6/move: {'v': 0.0, 'w': 0.0}
2026-06-02 14:44:23.685 - [robot_6_log_20260602_144405.csv] - DEBUG - Incoming data. Topic {"x": 265.42, "y": 98.28, "yaw": 1.68, "timestamp": 1780404263.5929506}, mensaje 6/pos
2026-06-02 14:44:23.685 - [robot_6_log_20260602_144405.csv] - WARNING - Esperando posición inicial... Aún no se han recibido datos de visión.
2026-06-02 14:44:23.695 - [robot_6_log_20260602_144405.csv] - DEBUG - Incoming data. Topic {"x": 265.45, "y": 98.27, "yaw": 1.685, "timestamp": 1780404263.684161}, mensaje 6/pos
2026-06-02 14:44:23.700 - [robot_6_log_20260602_144405.csv] - DEBUG - Despachado a ZMQ -> agent/6/move: {'v': 0.0, 'w': 0.0}
2026-06-02 14:44:23.721 - [robot_6_log_20260602_144405.csv] - DEBUG - Incoming data. Topic {"x": 265.45, "y": 98.27, "yaw": 1.685, "timestamp": 1780404263.684161}, mensaje 6/pos
2026-06-02 14:44:23.731 - [robot_6_log_20260602_144405.csv] - DEBUG - Incoming data. Topic {"x": 265.45, "y": 98.27, "yaw": 1.685, "timestamp": 1780404263.6960466}, mensaje agent/6/wheel
2026-06-02 14:44:23.735 - [robot_6_log_20260602_144405.csv] - WARNING - Esperando posición inicial... Aún no se han recibido datos de visión.
2026-06-02 14:44:23.745 - [robot_6_log_20260602_144405.csv] - DEBUG - Incoming data. Topic {"Wleft":1.657007864e-15,"Wright":-3.719247132e-16}, mensaje 6/pos
2026-06-02 14:44:23.755 - [robot_6_log_20260602_144405.csv] - DEBUG - Despachado a ZMQ -> agent/6/move: {'v': 0.0, 'w': 0.0}
2026-06-02 14:44:23.784 - [robot_6_log_20260602_144405.csv] - DEBUG - Incoming data. Topic {"x": 265.45, "y": 98.27, "yaw": 1.685, "timestamp": 1780404263.6960466}, mensaje 6/pos
2026-06-02 14:44:23.785 - [robot_6_log_20260602_144405.csv] - WARNING - Esperando posición inicial... Aún no se han recibido datos de visión.
2026-06-02 14:44:23.785 - [robot_6_log_20260602_144405.csv] - DEBUG - Incoming data. Topic {"x": 265.46, "y": 98.25, "yaw": 1.685, "timestamp": 1780404263.7834923}, mensaje 6/pos
2026-06-02 14:44:23.795 - [robot_6_log_20260602_144405.csv] - DEBUG - Incoming data. Topic {"x": 265.46, "y": 98.25, "yaw": 1.685, "timestamp": 1780404263.7834923}, mensaje 6/pos
2026-06-02 14:44:23.800 - [robot_6_log_20260602_144405.csv] - DEBUG - Despachado a ZMQ -> agent/6/move: {'v': 0.0, 'w': 0.0}
2026-06-02 14:44:23.800 - [robot_6_log_20260602_144405.csv] - DEBUG - Incoming data. Topic {"x": 265.46, "y": 98.25, "yaw": 1.685, "timestamp": 1780404263.794586}, mensaje agent/6/wheel
2026-06-02 14:44:23.806 - [robot_6_log_20260602_144405.csv] - DEBUG - Incoming data. Topic {"Wleft":1.657007864e-15,"Wright":-3.719247132e-16}, mensaje 6/pos
2026-06-02 14:44:23.835 - [robot_6_log_20260602_144405.csv] - WARNING - Esperando posición inicial... Aún no se han recibido datos de visión.
2026-06-02 14:44:23.856 - [robot_6_log_20260602_144405.csv] - DEBUG - Despachado a ZMQ -> agent/6/move: {'v': 0.0, 'w': 0.0}
2026-06-02 14:44:23.885 - [robot_6_log_20260602_144405.csv] - DEBUG - Incoming data. Topic {"x": 265.46, "y": 98.25, "yaw": 1.685, "timestamp": 1780404263.794586}, mensaje 6/pos
2026-06-02 14:44:23.885 - [robot_6_log_20260602_144405.csv] - WARNING - Esperando posición inicial... Aún no se han recibido datos de visión.
2026-06-02 14:44:23.890 - [robot_6_log_20260602_144405.csv] - DEBUG - Incoming data. Topic {"x": 265.45, "y": 98.25, "yaw": 1.684, "timestamp": 1780404263.8842094}, mensaje 6/pos
2026-06-02 14:44:23.890 - [robot_6_log_20260602_144405.csv] - DEBUG - Despachado a ZMQ -> agent/6/move: {'v': 0.0, 'w': 0.0}
2026-06-02 14:44:23.906 - [robot_6_log_20260602_144405.csv] - DEBUG - Incoming data. Topic {"x": 265.45, "y": 98.25, "yaw": 1.684, "timestamp": 1780404263.8842094}, mensaje 6/pos
2026-06-02 14:44:23.916 - [robot_6_log_20260602_144405.csv] - DEBUG - Incoming data. Topic {"x": 265.45, "y": 98.25, "yaw": 1.684, "timestamp": 1780404263.895797}, mensaje agent/6/wheel
2026-06-02 14:44:23.935 - [robot_6_log_20260602_144405.csv] - WARNING - Esperando posición inicial... Aún no se han recibido datos de visión.
2026-06-02 14:44:23.945 - [robot_6_log_20260602_144405.csv] - DEBUG - Incoming data. Topic {"Wleft":1.657007864e-15,"Wright":-3.719247132e-16}, mensaje 6/pos
2026-06-02 14:44:23.960 - [robot_6_log_20260602_144405.csv] - DEBUG - Despachado a ZMQ -> agent/6/move: {'v': 0.0, 'w': 0.0}
2026-06-02 14:44:23.985 - [robot_6_log_20260602_144405.csv] - WARNING - Esperando posición inicial... Aún no se han recibido datos de visión.
2026-06-02 14:44:23.990 - [robot_6_log_20260602_144405.csv] - DEBUG - Incoming data. Topic {"x": 265.45, "y": 98.25, "yaw": 1.684, "timestamp": 1780404263.895797}, mensaje 6/pos
2026-06-02 14:44:24.000 - [robot_6_log_20260602_144405.csv] - DEBUG - Incoming data. Topic {"x": 265.47, "y": 98.25, "yaw": 1.68, "timestamp": 1780404263.9843907}, mensaje 6/pos
2026-06-02 14:44:24.000 - [robot_6_log_20260602_144405.csv] - DEBUG - Despachado a ZMQ -> agent/6/move: {'v': 0.0, 'w': 0.0}
2026-06-02 14:44:24.011 - [robot_6_log_20260602_144405.csv] - DEBUG - Incoming data. Topic {"x": 265.47, "y": 98.25, "yaw": 1.68, "timestamp": 1780404263.9843907}, mensaje 6/pos
2026-06-02 14:44:24.021 - [robot_6_log_20260602_144405.csv] - DEBUG - Incoming data. Topic {"x": 265.47, "y": 98.25, "yaw": 1.68, "timestamp": 1780404263.99306}, mensaje 6/pos
2026-06-02 14:44:24.035 - [robot_6_log_20260602_144405.csv] - WARNING - Esperando posición inicial... Aún no se han recibido datos de visión.
2026-06-02 14:44:24.041 - [robot_6_log_20260602_144405.csv] - DEBUG - Incoming data. Topic {"x": 265.47, "y": 98.25, "yaw": 1.68, "timestamp": 1780404263.99306}, mensaje agent/6/wheel
2026-06-02 14:44:24.046 - [robot_6_log_20260602_144405.csv] - DEBUG - Despachado a ZMQ -> agent/6/move: {'v': 0.0, 'w': 0.0}
2026-06-02 14:44:24.085 - [robot_6_log_20260602_144405.csv] - WARNING - Esperando posición inicial... Aún no se han recibido datos de visión.
2026-06-02 14:44:24.091 - [robot_6_log_20260602_144405.csv] - DEBUG - Incoming data. Topic {"Wleft":1.657007864e-15,"Wright":-3.719247132e-16}, mensaje 6/pos
2026-06-02 14:44:24.091 - [robot_6_log_20260602_144405.csv] - DEBUG - Despachado a ZMQ -> agent/6/move: {'v': 0.0, 'w': 0.0}
2026-06-02 14:44:24.108 - [robot_6_log_20260602_144405.csv] - DEBUG - Incoming data. Topic {"x": 265.43, "y": 98.28, "yaw": 1.68, "timestamp": 1780404264.0861642}, mensaje 6/pos
2026-06-02 14:44:24.124 - [robot_6_log_20260602_144405.csv] - DEBUG - Incoming data. Topic {"x": 265.43, "y": 98.28, "yaw": 1.68, "timestamp": 1780404264.0861642}, mensaje 6/pos
2026-06-02 14:44:24.134 - [robot_6_log_20260602_144405.csv] - DEBUG - Incoming data. Topic {"x": 265.43, "y": 98.28, "yaw": 1.68, "timestamp": 1780404264.0973208}, mensaje agent/6/wheel
2026-06-02 14:44:24.135 - [robot_6_log_20260602_144405.csv] - WARNING - Esperando posición inicial... Aún no se han recibido datos de visión.
2026-06-02 14:44:24.140 - [robot_6_log_20260602_144405.csv] - DEBUG - Incoming data. Topic {"Wleft":1.657007864e-15,"Wright":-3.719247132e-16}, mensaje 6/pos
2026-06-02 14:44:24.165 - [robot_6_log_20260602_144405.csv] - DEBUG - Despachado a ZMQ -> agent/6/move: {'v': 0.0, 'w': 0.0}
2026-06-02 14:44:24.185 - [robot_6_log_20260602_144405.csv] - WARNING - Esperando posición inicial... Aún no se han recibido datos de visión.
2026-06-02 14:44:24.190 - [robot_6_log_20260602_144405.csv] - DEBUG - Incoming data. Topic {"x": 265.43, "y": 98.28, "yaw": 1.68, "timestamp": 1780404264.0973208}, mensaje 6/pos
2026-06-02 14:44:24.200 - [robot_6_log_20260602_144405.csv] - DEBUG - Despachado a ZMQ -> agent/6/move: {'v': 0.0, 'w': 0.0}
2026-06-02 14:44:24.211 - [robot_6_log_20260602_144405.csv] - DEBUG - Incoming data. Topic {"x": 265.45, "y": 98.24, "yaw": 1.683, "timestamp": 1780404264.1889963}, mensaje 6/pos
2026-06-02 14:44:24.229 - [robot_6_log_20260602_144405.csv] - DEBUG - Incoming data. Topic {"x": 265.45, "y": 98.24, "yaw": 1.683, "timestamp": 1780404264.1889963}, mensaje 6/pos
2026-06-02 14:44:24.234 - [robot_6_log_20260602_144405.csv] - DEBUG - Incoming data. Topic {"x": 265.45, "y": 98.24, "yaw": 1.683, "timestamp": 1780404264.2005975}, mensaje 6/pos
2026-06-02 14:44:24.235 - [robot_6_log_20260602_144405.csv] - WARNING - Esperando posición inicial... Aún no se han recibido datos de visión.
2026-06-02 14:44:24.250 - [robot_6_log_20260602_144405.csv] - DEBUG - Despachado a ZMQ -> agent/6/move: {'v': 0.0, 'w': 0.0}
2026-06-02 14:44:24.250 - [robot_6_log_20260602_144405.csv] - DEBUG - Incoming data. Topic {"x": 265.45, "y": 98.24, "yaw": 1.683, "timestamp": 1780404264.2005975}, mensaje agent/6/wheel
2026-06-02 14:44:24.285 - [robot_6_log_20260602_144405.csv] - WARNING - Esperando posición inicial... Aún no se han recibido datos de visión.
2026-06-02 14:44:24.290 - [robot_6_log_20260602_144405.csv] - DEBUG - Incoming data. Topic {"Wleft":1.657007864e-15,"Wright":-3.719247132e-16}, mensaje 6/pos
2026-06-02 14:44:24.300 - [robot_6_log_20260602_144405.csv] - DEBUG - Incoming data. Topic {"x": 265.45, "y": 98.24, "yaw": 1.684, "timestamp": 1780404264.2878978}, mensaje 6/pos
2026-06-02 14:44:24.306 - [robot_6_log_20260602_144405.csv] - DEBUG - Incoming data. Topic {"x": 265.45, "y": 98.24, "yaw": 1.684, "timestamp": 1780404264.2878978}, mensaje 6/pos
2026-06-02 14:44:24.311 - [robot_6_log_20260602_144405.csv] - DEBUG - Incoming data. Topic {"x": 265.45, "y": 98.24, "yaw": 1.684, "timestamp": 1780404264.2997916}, mensaje 6/pos
2026-06-02 14:44:24.316 - [robot_6_log_20260602_144405.csv] - DEBUG - Incoming data. Topic {"x": 265.45, "y": 98.24, "yaw": 1.684, "timestamp": 1780404264.2997916}, mensaje agent/6/wheel
2026-06-02 14:44:24.326 - [robot_6_log_20260602_144405.csv] - DEBUG - Despachado a ZMQ -> agent/6/move: {'v': 0.0, 'w': 0.0}
2026-06-02 14:44:24.335 - [robot_6_log_20260602_144405.csv] - WARNING - Esperando posición inicial... Aún no se han recibido datos de visión.
2026-06-02 14:44:24.355 - [robot_6_log_20260602_144405.csv] - DEBUG - Despachado a ZMQ -> agent/6/move: {'v': 0.0, 'w': 0.0}
2026-06-02 14:44:24.385 - [robot_6_log_20260602_144405.csv] - WARNING - Esperando posición inicial... Aún no se han recibido datos de visión.
2026-06-02 14:44:24.390 - [robot_6_log_20260602_144405.csv] - DEBUG - Incoming data. Topic {"Wleft":1.657007864e-15,"Wright":-3.719247132e-16}, mensaje 6/pos
2026-06-02 14:44:24.390 - [robot_6_log_20260602_144405.csv] - DEBUG - Incoming data. Topic {"x": 265.46, "y": 98.26, "yaw": 1.683, "timestamp": 1780404264.384938}, mensaje 6/pos
2026-06-02 14:44:24.396 - [robot_6_log_20260602_144405.csv] - DEBUG - Despachado a ZMQ -> agent/6/move: {'v': 0.0, 'w': 0.0}
2026-06-02 14:44:24.401 - [robot_6_log_20260602_144405.csv] - DEBUG - Incoming data. Topic {"x": 265.46, "y": 98.26, "yaw": 1.683, "timestamp": 1780404264.384938}, mensaje 6/pos
2026-06-02 14:44:24.418 - [robot_6_log_20260602_144405.csv] - DEBUG - Incoming data. Topic {"x": 265.46, "y": 98.26, "yaw": 1.683, "timestamp": 1780404264.396786}, mensaje 6/pos
2026-06-02 14:44:24.435 - [robot_6_log_20260602_144405.csv] - WARNING - Esperando posición inicial... Aún no se han recibido datos de visión.
2026-06-02 14:44:24.441 - [robot_6_log_20260602_144405.csv] - DEBUG - Incoming data. Topic {"x": 265.46, "y": 98.26, "yaw": 1.683, "timestamp": 1780404264.396786}, mensaje agent/6/wheel
2026-06-02 14:44:24.451 - [robot_6_log_20260602_144405.csv] - DEBUG - Despachado a ZMQ -> agent/6/move: {'v': 0.0, 'w': 0.0}
2026-06-02 14:44:24.485 - [robot_6_log_20260602_144405.csv] - WARNING - Esperando posición inicial... Aún no se han recibido datos de visión.
2026-06-02 14:44:24.490 - [robot_6_log_20260602_144405.csv] - DEBUG - Incoming data. Topic {"Wleft":1.657007864e-15,"Wright":-3.719247132e-16}, mensaje 6/pos
2026-06-02 14:44:24.505 - [robot_6_log_20260602_144405.csv] - DEBUG - Despachado a ZMQ -> agent/6/move: {'v': 0.0, 'w': 0.0}
2026-06-02 14:44:24.511 - [robot_6_log_20260602_144405.csv] - DEBUG - Incoming data. Topic {"x": 265.46, "y": 98.26, "yaw": 1.685, "timestamp": 1780404264.4848337}, mensaje 6/pos
2026-06-02 14:44:24.522 - [robot_6_log_20260602_144405.csv] - DEBUG - Incoming data. Topic {"x": 265.46, "y": 98.26, "yaw": 1.685, "timestamp": 1780404264.4848337}, mensaje 6/pos
2026-06-02 14:44:24.535 - [robot_6_log_20260602_144405.csv] - WARNING - Esperando posición inicial... Aún no se han recibido datos de visión.
2026-06-02 14:44:24.535 - [robot_6_log_20260602_144405.csv] - DEBUG - Incoming data. Topic {"x": 265.46, "y": 98.26, "yaw": 1.685, "timestamp": 1780404264.4963324}, mensaje 6/pos
2026-06-02 14:44:24.550 - [robot_6_log_20260602_144405.csv] - DEBUG - Despachado a ZMQ -> agent/6/move: {'v': 0.0, 'w': 0.0}
2026-06-02 14:44:24.561 - [robot_6_log_20260602_144405.csv] - DEBUG - Incoming data. Topic {"x": 265.46, "y": 98.26, "yaw": 1.685, "timestamp": 1780404264.4963324}, mensaje agent/6/wheel
2026-06-02 14:44:24.585 - [robot_6_log_20260602_144405.csv] - DEBUG - Incoming data. Topic {"Wleft":1.657007864e-15,"Wright":-3.719247132e-16}, mensaje 6/pos
2026-06-02 14:44:24.585 - [robot_6_log_20260602_144405.csv] - WARNING - Esperando posición inicial... Aún no se han recibido datos de visión.
2026-06-02 14:44:24.585 - [robot_6_log_20260602_144405.csv] - DEBUG - Incoming data. Topic {"x": 265.46, "y": 98.26, "yaw": 1.683, "timestamp": 1780404264.5844831}, mensaje 6/pos
2026-06-02 14:44:24.600 - [robot_6_log_20260602_144405.csv] - DEBUG - Incoming data. Topic {"x": 265.46, "y": 98.26, "yaw": 1.683, "timestamp": 1780404264.5844831}, mensaje 6/pos
2026-06-02 14:44:24.605 - [robot_6_log_20260602_144405.csv] - DEBUG - Despachado a ZMQ -> agent/6/move: {'v': 0.0, 'w': 0.0}
2026-06-02 14:44:24.611 - [robot_6_log_20260602_144405.csv] - DEBUG - Incoming data. Topic {"x": 265.46, "y": 98.26, "yaw": 1.683, "timestamp": 1780404264.5957425}, mensaje 6/pos
2026-06-02 14:44:24.635 - [robot_6_log_20260602_144405.csv] - WARNING - Esperando posición inicial... Aún no se han recibido datos de visión.
2026-06-02 14:44:24.650 - [robot_6_log_20260602_144405.csv] - DEBUG - Incoming data. Topic {"x": 265.46, "y": 98.26, "yaw": 1.683, "timestamp": 1780404264.5957425}, mensaje agent/6/wheel
2026-06-02 14:44:24.650 - [robot_6_log_20260602_144405.csv] - DEBUG - Despachado a ZMQ -> agent/6/move: {'v': 0.0, 'w': 0.0}
2026-06-02 14:44:24.685 - [robot_6_log_20260602_144405.csv] - WARNING - Esperando posición inicial... Aún no se han recibido datos de visión.
2026-06-02 14:44:24.685 - [robot_6_log_20260602_144405.csv] - DEBUG - Incoming data. Topic {"Wleft":1.657007864e-15,"Wright":-3.719247132e-16}, mensaje 6/pos
2026-06-02 14:44:24.705 - [robot_6_log_20260602_144405.csv] - DEBUG - Incoming data. Topic {"x": 265.46, "y": 98.25, "yaw": 1.684, "timestamp": 1780404264.6832275}, mensaje 6/pos
2026-06-02 14:44:24.711 - [robot_6_log_20260602_144405.csv] - DEBUG - Despachado a ZMQ -> agent/6/move: {'v': 0.0, 'w': 0.0}
2026-06-02 14:44:24.716 - [robot_6_log_20260602_144405.csv] - DEBUG - Incoming data. Topic {"x": 265.46, "y": 98.25, "yaw": 1.684, "timestamp": 1780404264.6832275}, mensaje 6/pos
2026-06-02 14:44:24.735 - [robot_6_log_20260602_144405.csv] - WARNING - Esperando posición inicial... Aún no se han recibido datos de visión.
2026-06-02 14:44:24.740 - [robot_6_log_20260602_144405.csv] - DEBUG - Incoming data. Topic {"x": 265.46, "y": 98.25, "yaw": 1.684, "timestamp": 1780404264.693919}, mensaje 6/pos
2026-06-02 14:44:24.746 - [robot_6_log_20260602_144405.csv] - DEBUG - Despachado a ZMQ -> agent/6/move: {'v': 0.0, 'w': 0.0}
2026-06-02 14:44:24.775 - [robot_6_log_20260602_144405.csv] - DEBUG - Incoming data. Topic {"x": 265.46, "y": 98.25, "yaw": 1.684, "timestamp": 1780404264.693919}, mensaje agent/6/wheel
2026-06-02 14:44:24.785 - [robot_6_log_20260602_144405.csv] - DEBUG - Incoming data. Topic {"Wleft":1.657007864e-15,"Wright":-3.719247132e-16}, mensaje 6/pos
2026-06-02 14:44:24.785 - [robot_6_log_20260602_144405.csv] - WARNING - Esperando posición inicial... Aún no se han recibido datos de visión.
2026-06-02 14:44:24.785 - [robot_6_log_20260602_144405.csv] - DEBUG - Incoming data. Topic {"x": 265.46, "y": 98.26, "yaw": 1.685, "timestamp": 1780404264.7843926}, mensaje 6/pos
2026-06-02 14:44:24.795 - [robot_6_log_20260602_144405.csv] - DEBUG - Incoming data. Topic {"x": 265.46, "y": 98.26, "yaw": 1.685, "timestamp": 1780404264.7843926}, mensaje 6/pos
2026-06-02 14:44:24.800 - [robot_6_log_20260602_144405.csv] - DEBUG - Incoming data. Topic {"x": 265.46, "y": 98.26, "yaw": 1.685, "timestamp": 1780404264.795158}, mensaje 6/pos
2026-06-02 14:44:24.815 - [robot_6_log_20260602_144405.csv] - DEBUG - Despachado a ZMQ -> agent/6/move: {'v': 0.0, 'w': 0.0}
2026-06-02 14:44:24.835 - [robot_6_log_20260602_144405.csv] - WARNING - Esperando posición inicial... Aún no se han recibido datos de visión.
2026-06-02 14:44:24.851 - [robot_6_log_20260602_144405.csv] - DEBUG - Despachado a ZMQ -> agent/6/move: {'v': 0.0, 'w': 0.0}
2026-06-02 14:44:24.856 - [robot_6_log_20260602_144405.csv] - DEBUG - Incoming data. Topic {"x": 265.46, "y": 98.26, "yaw": 1.685, "timestamp": 1780404264.795158}, mensaje agent/6/wheel
2026-06-02 14:44:24.883 - [robot_6_log_20260602_144405.csv] - DEBUG - Incoming data. Topic {"Wleft":1.657007864e-15,"Wright":-3.719247132e-16}, mensaje 6/pos
2026-06-02 14:44:24.885 - [robot_6_log_20260602_144405.csv] - WARNING - Esperando posición inicial... Aún no se han recibido datos de visión.
2026-06-02 14:44:24.885 - [robot_6_log_20260602_144405.csv] - DEBUG - Incoming data. Topic {"x": 265.43, "y": 98.28, "yaw": 1.682, "timestamp": 1780404264.8820543}, mensaje 6/pos
2026-06-02 14:44:24.900 - [robot_6_log_20260602_144405.csv] - DEBUG - Incoming data. Topic {"x": 265.43, "y": 98.28, "yaw": 1.682, "timestamp": 1780404264.8820543}, mensaje 6/pos
2026-06-02 14:44:24.905 - [robot_6_log_20260602_144405.csv] - DEBUG - Incoming data. Topic {"x": 265.43, "y": 98.28, "yaw": 1.682, "timestamp": 1780404264.8932636}, mensaje 6/pos
2026-06-02 14:44:24.910 - [robot_6_log_20260602_144405.csv] - DEBUG - Despachado a ZMQ -> agent/6/move: {'v': 0.0, 'w': 0.0}
2026-06-02 14:44:24.935 - [robot_6_log_20260602_144405.csv] - WARNING - Esperando posición inicial... Aún no se han recibido datos de visión.
2026-06-02 14:44:24.952 - [robot_6_log_20260602_144405.csv] - DEBUG - Incoming data. Topic {"x": 265.43, "y": 98.28, "yaw": 1.682, "timestamp": 1780404264.8932636}, mensaje agent/6/wheel
2026-06-02 14:44:24.957 - [robot_6_log_20260602_144405.csv] - DEBUG - Despachado a ZMQ -> agent/6/move: {'v': 0.0, 'w': 0.0}
2026-06-02 14:44:24.985 - [robot_6_log_20260602_144405.csv] - WARNING - Esperando posición inicial... Aún no se han recibido datos de visión.
2026-06-02 14:44:24.990 - [robot_6_log_20260602_144405.csv] - DEBUG - Incoming data. Topic {"Wleft":1.657007864e-15,"Wright":-3.719247132e-16}, mensaje 6/pos
2026-06-02 14:44:24.995 - [robot_6_log_20260602_144405.csv] - DEBUG - Incoming data. Topic {"x": 265.47, "y": 98.27, "yaw": 1.685, "timestamp": 1780404264.9838345}, mensaje 6/pos
2026-06-02 14:44:25.000 - [robot_6_log_20260602_144405.csv] - DEBUG - Despachado a ZMQ -> agent/6/move: {'v': 0.0, 'w': 0.0}
2026-06-02 14:44:25.000 - [robot_6_log_20260602_144405.csv] - DEBUG - Incoming data. Topic {"x": 265.47, "y": 98.27, "yaw": 1.685, "timestamp": 1780404264.9838345}, mensaje 6/pos
2026-06-02 14:44:25.006 - [robot_6_log_20260602_144405.csv] - DEBUG - Incoming data. Topic {"x": 265.47, "y": 98.27, "yaw": 1.685, "timestamp": 1780404264.9949875}, mensaje 6/pos
2026-06-02 14:44:25.035 - [robot_6_log_20260602_144405.csv] - WARNING - Esperando posición inicial... Aún no se han recibido datos de visión.
2026-06-02 14:44:25.045 - [robot_6_log_20260602_144405.csv] - DEBUG - Incoming data. Topic {"x": 265.47, "y": 98.27, "yaw": 1.685, "timestamp": 1780404264.9949875}, mensaje agent/6/wheel
2026-06-02 14:44:25.061 - [robot_6_log_20260602_144405.csv] - DEBUG - Despachado a ZMQ -> agent/6/move: {'v': 0.0, 'w': 0.0}
2026-06-02 14:44:25.085 - [robot_6_log_20260602_144405.csv] - WARNING - Esperando posición inicial... Aún no se han recibido datos de visión.
2026-06-02 14:44:25.095 - [robot_6_log_20260602_144405.csv] - DEBUG - Despachado a ZMQ -> agent/6/move: {'v': 0.0, 'w': 0.0}
2026-06-02 14:44:25.101 - [robot_6_log_20260602_144405.csv] - DEBUG - Incoming data. Topic {"Wleft":1.657007864e-15,"Wright":-3.719247132e-16}, mensaje 6/pos
2026-06-02 14:44:25.101 - [robot_6_log_20260602_144405.csv] - DEBUG - Incoming data. Topic {"x": 265.45, "y": 98.24, "yaw": 1.685, "timestamp": 1780404265.0852642}, mensaje 6/pos
2026-06-02 14:44:25.101 - [robot_6_log_20260602_144405.csv] - DEBUG - Incoming data. Topic {"x": 265.45, "y": 98.24, "yaw": 1.685, "timestamp": 1780404265.0852642}, mensaje 6/pos
2026-06-02 14:44:25.101 - [robot_6_log_20260602_144405.csv] - DEBUG - Incoming data. Topic {"x": 265.45, "y": 98.24, "yaw": 1.685, "timestamp": 1780404265.0966718}, mensaje 6/pos
2026-06-02 14:44:25.135 - [robot_6_log_20260602_144405.csv] - WARNING - Esperando posición inicial... Aún no se han recibido datos de visión.
2026-06-02 14:44:25.146 - [robot_6_log_20260602_144405.csv] - DEBUG - Despachado a ZMQ -> agent/6/move: {'v': 0.0, 'w': 0.0}
2026-06-02 14:44:25.146 - [robot_6_log_20260602_144405.csv] - DEBUG - Incoming data. Topic {"x": 265.45, "y": 98.24, "yaw": 1.685, "timestamp": 1780404265.0966718}, mensaje agent/6/wheel
2026-06-02 14:44:25.185 - [robot_6_log_20260602_144405.csv] - WARNING - Esperando posición inicial... Aún no se han recibido datos de visión.
2026-06-02 14:44:25.190 - [robot_6_log_20260602_144405.csv] - DEBUG - Incoming data. Topic {"Wleft":1.657007864e-15,"Wright":-3.719247132e-16}, mensaje 6/pos
2026-06-02 14:44:25.191 - [robot_6_log_20260602_144405.csv] - DEBUG - Incoming data. Topic {"x": 265.45, "y": 98.26, "yaw": 1.684, "timestamp": 1780404265.1882439}, mensaje 6/pos
2026-06-02 14:44:25.190 - [robot_6_log_20260602_144405.csv] - DEBUG - Despachado a ZMQ -> agent/6/move: {'v': 0.0, 'w': 0.0}
2026-06-02 14:44:25.203 - [robot_6_log_20260602_144405.csv] - DEBUG - Incoming data. Topic {"x": 265.45, "y": 98.26, "yaw": 1.684, "timestamp": 1780404265.1882439}, mensaje 6/pos
2026-06-02 14:44:25.208 - [robot_6_log_20260602_144405.csv] - DEBUG - Incoming data. Topic {"x": 265.45, "y": 98.26, "yaw": 1.684, "timestamp": 1780404265.198186}, mensaje 6/pos
2026-06-02 14:44:25.235 - [robot_6_log_20260602_144405.csv] - WARNING - Esperando posición inicial... Aún no se han recibido datos de visión.
2026-06-02 14:44:25.256 - [robot_6_log_20260602_144405.csv] - DEBUG - Despachado a ZMQ -> agent/6/move: {'v': 0.0, 'w': 0.0}
2026-06-02 14:44:25.280 - [robot_6_log_20260602_144405.csv] - DEBUG - Incoming data. Topic {"x": 265.45, "y": 98.26, "yaw": 1.684, "timestamp": 1780404265.198186}, mensaje agent/6/wheel
2026-06-02 14:44:25.285 - [robot_6_log_20260602_144405.csv] - WARNING - Esperando posición inicial... Aún no se han recibido datos de visión.
2026-06-02 14:44:25.291 - [robot_6_log_20260602_144405.csv] - DEBUG - Incoming data. Topic {"Wleft":1.657007864e-15,"Wright":-3.719247132e-16}, mensaje 6/pos
2026-06-02 14:44:25.301 - [robot_6_log_20260602_144405.csv] - DEBUG - Incoming data. Topic {"x": 265.46, "y": 98.26, "yaw": 1.684, "timestamp": 1780404265.2863898}, mensaje 6/pos
2026-06-02 14:44:25.301 - [robot_6_log_20260602_144405.csv] - DEBUG - Despachado a ZMQ -> agent/6/move: {'v': 0.0, 'w': 0.0}
2026-06-02 14:44:25.307 - [robot_6_log_20260602_144405.csv] - DEBUG - Incoming data. Topic {"x": 265.46, "y": 98.26, "yaw": 1.684, "timestamp": 1780404265.2863898}, mensaje 6/pos
2026-06-02 14:44:25.335 - [robot_6_log_20260602_144405.csv] - WARNING - Esperando posición inicial... Aún no se han recibido datos de visión.
2026-06-02 14:44:25.340 - [robot_6_log_20260602_144405.csv] - DEBUG - Incoming data. Topic {"x": 265.46, "y": 98.26, "yaw": 1.684, "timestamp": 1780404265.295956}, mensaje 6/pos
2026-06-02 14:44:25.340 - [robot_6_log_20260602_144405.csv] - DEBUG - Despachado a ZMQ -> agent/6/move: {'v': 0.0, 'w': 0.0}
2026-06-02 14:44:25.345 - [robot_6_log_20260602_144405.csv] - DEBUG - Incoming data. Topic {"x": 265.46, "y": 98.26, "yaw": 1.684, "timestamp": 1780404265.295956}, mensaje agent/6/wheel
2026-06-02 14:44:25.385 - [robot_6_log_20260602_144405.csv] - WARNING - Esperando posición inicial... Aún no se han recibido datos de visión.
2026-06-02 14:44:25.391 - [robot_6_log_20260602_144405.csv] - DEBUG - Incoming data. Topic {"Wleft":1.657007864e-15,"Wright":-3.719247132e-16}, mensaje 6/pos
2026-06-02 14:44:25.406 - [robot_6_log_20260602_144405.csv] - DEBUG - Incoming data. Topic {"x": 265.45, "y": 98.26, "yaw": 1.685, "timestamp": 1780404265.3889103}, mensaje 6/pos
2026-06-02 14:44:25.406 - [robot_6_log_20260602_144405.csv] - DEBUG - Incoming data. Topic {"x": 265.45, "y": 98.26, "yaw": 1.685, "timestamp": 1780404265.3889103}, mensaje 6/pos
2026-06-02 14:44:25.406 - [robot_6_log_20260602_144405.csv] - DEBUG - Despachado a ZMQ -> agent/6/move: {'v': 0.0, 'w': 0.0}
2026-06-02 14:44:25.406 - [robot_6_log_20260602_144405.csv] - DEBUG - Incoming data. Topic {"x": 265.45, "y": 98.26, "yaw": 1.685, "timestamp": 1780404265.4000683}, mensaje 6/pos
2026-06-02 14:44:25.435 - [robot_6_log_20260602_144405.csv] - WARNING - Esperando posición inicial... Aún no se han recibido datos de visión.
2026-06-02 14:44:25.456 - [robot_6_log_20260602_144405.csv] - DEBUG - Despachado a ZMQ -> agent/6/move: {'v': 0.0, 'w': 0.0}
2026-06-02 14:44:25.456 - [robot_6_log_20260602_144405.csv] - DEBUG - Incoming data. Topic {"x": 265.45, "y": 98.26, "yaw": 1.685, "timestamp": 1780404265.4000683}, mensaje agent/6/wheel
2026-06-02 14:44:25.485 - [robot_6_log_20260602_144405.csv] - WARNING - Esperando posición inicial... Aún no se han recibido datos de visión.
2026-06-02 14:44:25.496 - [robot_6_log_20260602_144405.csv] - DEBUG - Incoming data. Topic {"Wleft":1.657007864e-15,"Wright":-3.719247132e-16}, mensaje 6/pos
2026-06-02 14:44:25.501 - [robot_6_log_20260602_144405.csv] - DEBUG - Despachado a ZMQ -> agent/6/move: {'v': 0.0, 'w': 0.0}
2026-06-02 14:44:25.506 - [robot_6_log_20260602_144405.csv] - DEBUG - Incoming data. Topic {"x": 265.46, "y": 98.25, "yaw": 1.686, "timestamp": 1780404265.4889069}, mensaje 6/pos
2026-06-02 14:44:25.534 - [robot_6_log_20260602_144405.csv] - DEBUG - Incoming data. Topic {"x": 265.46, "y": 98.25, "yaw": 1.686, "timestamp": 1780404265.4889069}, mensaje 6/pos
2026-06-02 14:44:25.535 - [robot_6_log_20260602_144405.csv] - DEBUG - Incoming data. Topic {"x": 265.46, "y": 98.25, "yaw": 1.686, "timestamp": 1780404265.4989934}, mensaje 6/pos
2026-06-02 14:44:25.535 - [robot_6_log_20260602_144405.csv] - WARNING - Esperando posición inicial... Aún no se han recibido datos de visión.
2026-06-02 14:44:25.550 - [robot_6_log_20260602_144405.csv] - DEBUG - Incoming data. Topic {"x": 265.46, "y": 98.25, "yaw": 1.686, "timestamp": 1780404265.4989934}, mensaje agent/6/wheel
2026-06-02 14:44:25.555 - [robot_6_log_20260602_144405.csv] - DEBUG - Despachado a ZMQ -> agent/6/move: {'v': 0.0, 'w': 0.0}
2026-06-02 14:44:25.585 - [robot_6_log_20260602_144405.csv] - WARNING - Esperando posición inicial... Aún no se han recibido datos de visión.
2026-06-02 14:44:25.591 - [robot_6_log_20260602_144405.csv] - DEBUG - Incoming data. Topic {"Wleft":1.657007864e-15,"Wright":-3.719247132e-16}, mensaje 6/pos
2026-06-02 14:44:25.596 - [robot_6_log_20260602_144405.csv] - DEBUG - Incoming data. Topic {"x": 265.46, "y": 98.24, "yaw": 1.686, "timestamp": 1780404265.5871227}, mensaje 6/pos
2026-06-02 14:44:25.601 - [robot_6_log_20260602_144405.csv] - DEBUG - Incoming data. Topic {"x": 265.46, "y": 98.24, "yaw": 1.686, "timestamp": 1780404265.5871227}, mensaje 6/pos
2026-06-02 14:44:25.606 - [robot_6_log_20260602_144405.csv] - DEBUG - Incoming data. Topic {"x": 265.46, "y": 98.24, "yaw": 1.686, "timestamp": 1780404265.599016}, mensaje 6/pos
2026-06-02 14:44:25.606 - [robot_6_log_20260602_144405.csv] - DEBUG - Despachado a ZMQ -> agent/6/move: {'v': 0.0, 'w': 0.0}
2026-06-02 14:44:25.635 - [robot_6_log_20260602_144405.csv] - WARNING - Esperando posición inicial... Aún no se han recibido datos de visión.
2026-06-02 14:44:25.656 - [robot_6_log_20260602_144405.csv] - DEBUG - Despachado a ZMQ -> agent/6/move: {'v': 0.0, 'w': 0.0}
2026-06-02 14:44:25.661 - [robot_6_log_20260602_144405.csv] - DEBUG - Incoming data. Topic {"x": 265.46, "y": 98.24, "yaw": 1.686, "timestamp": 1780404265.599016}, mensaje agent/6/wheel
2026-06-02 14:44:25.685 - [robot_6_log_20260602_144405.csv] - DEBUG - Incoming data. Topic {"Wleft":1.657007864e-15,"Wright":-3.719247132e-16}, mensaje 6/pos
2026-06-02 14:44:25.685 - [robot_6_log_20260602_144405.csv] - DEBUG - Incoming data. Topic {"x": 265.47, "y": 98.24, "yaw": 1.684, "timestamp": 1780404265.684517}, mensaje 6/pos
2026-06-02 14:44:25.685 - [robot_6_log_20260602_144405.csv] - WARNING - Esperando posición inicial... Aún no se han recibido datos de visión.
2026-06-02 14:44:25.700 - [robot_6_log_20260602_144405.csv] - DEBUG - Incoming data. Topic {"x": 265.47, "y": 98.24, "yaw": 1.684, "timestamp": 1780404265.684517}, mensaje 6/pos
2026-06-02 14:44:25.705 - [robot_6_log_20260602_144405.csv] - DEBUG - Despachado a ZMQ -> agent/6/move: {'v': 0.0, 'w': 0.0}
2026-06-02 14:44:25.710 - [robot_6_log_20260602_144405.csv] - DEBUG - Incoming data. Topic {"x": 265.47, "y": 98.24, "yaw": 1.684, "timestamp": 1780404265.695645}, mensaje 6/pos
2026-06-02 14:44:25.735 - [robot_6_log_20260602_144405.csv] - WARNING - Esperando posición inicial... Aún no se han recibido datos de visión.
2026-06-02 14:44:25.756 - [robot_6_log_20260602_144405.csv] - DEBUG - Incoming data. Topic {"x": 265.47, "y": 98.24, "yaw": 1.684, "timestamp": 1780404265.695645}, mensaje agent/6/wheel
2026-06-02 14:44:25.761 - [robot_6_log_20260602_144405.csv] - DEBUG - Despachado a ZMQ -> agent/6/move: {'v': 0.0, 'w': 0.0}
2026-06-02 14:44:25.785 - [robot_6_log_20260602_144405.csv] - WARNING - Esperando posición inicial... Aún no se han recibido datos de visión.
2026-06-02 14:44:25.790 - [robot_6_log_20260602_144405.csv] - DEBUG - Incoming data. Topic {"Wleft":1.657007864e-15,"Wright":-3.719247132e-16}, mensaje 6/pos
2026-06-02 14:44:25.805 - [robot_6_log_20260602_144405.csv] - DEBUG - Despachado a ZMQ -> agent/6/move: {'v': 0.0, 'w': 0.0}
2026-06-02 14:44:25.805 - [robot_6_log_20260602_144405.csv] - DEBUG - Incoming data. Topic {"x": 265.45, "y": 98.26, "yaw": 1.685, "timestamp": 1780404265.7847128}, mensaje 6/pos
2026-06-02 14:44:25.835 - [robot_6_log_20260602_144405.csv] - WARNING - Esperando posición inicial... Aún no se han recibido datos de visión.
2026-06-02 14:44:25.840 - [robot_6_log_20260602_144405.csv] - DEBUG - Incoming data. Topic {"x": 265.45, "y": 98.26, "yaw": 1.685, "timestamp": 1780404265.7847128}, mensaje 6/pos
2026-06-02 14:44:25.850 - [robot_6_log_20260602_144405.csv] - DEBUG - Incoming data. Topic {"x": 265.45, "y": 98.26, "yaw": 1.685, "timestamp": 1780404265.795563}, mensaje 6/pos
2026-06-02 14:44:25.860 - [robot_6_log_20260602_144405.csv] - DEBUG - Incoming data. Topic {"x": 265.45, "y": 98.26, "yaw": 1.685, "timestamp": 1780404265.795563}, mensaje agent/6/wheel
2026-06-02 14:44:25.865 - [robot_6_log_20260602_144405.csv] - DEBUG - Despachado a ZMQ -> agent/6/move: {'v': 0.0, 'w': 0.0}
2026-06-02 14:44:25.885 - [robot_6_log_20260602_144405.csv] - WARNING - Esperando posición inicial... Aún no se han recibido datos de visión.
2026-06-02 14:44:25.895 - [robot_6_log_20260602_144405.csv] - DEBUG - Incoming data. Topic {"Wleft":1.657007864e-15,"Wright":-3.719247132e-16}, mensaje 6/pos
2026-06-02 14:44:25.900 - [robot_6_log_20260602_144405.csv] - DEBUG - Incoming data. Topic {"x": 265.46, "y": 98.26, "yaw": 1.685, "timestamp": 1780404265.8892512}, mensaje 6/pos
2026-06-02 14:44:25.901 - [robot_6_log_20260602_144405.csv] - DEBUG - Despachado a ZMQ -> agent/6/move: {'v': 0.0, 'w': 0.0}
2026-06-02 14:44:25.911 - [robot_6_log_20260602_144405.csv] - DEBUG - Incoming data. Topic {"x": 265.46, "y": 98.26, "yaw": 1.685, "timestamp": 1780404265.8892512}, mensaje 6/pos
2026-06-02 14:44:25.911 - [robot_6_log_20260602_144405.csv] - DEBUG - Incoming data. Topic {"x": 265.46, "y": 98.26, "yaw": 1.685, "timestamp": 1780404265.9001966}, mensaje 6/pos
2026-06-02 14:44:25.935 - [robot_6_log_20260602_144405.csv] - WARNING - Esperando posición inicial... Aún no se han recibido datos de visión.
2026-06-02 14:44:25.941 - [robot_6_log_20260602_144405.csv] - DEBUG - Despachado a ZMQ -> agent/6/move: {'v': 0.0, 'w': 0.0}
2026-06-02 14:44:25.962 - [robot_6_log_20260602_144405.csv] - DEBUG - Incoming data. Topic {"x": 265.46, "y": 98.26, "yaw": 1.685, "timestamp": 1780404265.9001966}, mensaje agent/6/wheel
2026-06-02 14:44:25.985 - [robot_6_log_20260602_144405.csv] - WARNING - Esperando posición inicial... Aún no se han recibido datos de visión.
2026-06-02 14:44:25.991 - [robot_6_log_20260602_144405.csv] - DEBUG - Incoming data. Topic {"Wleft":1.657007864e-15,"Wright":-3.719247132e-16}, mensaje 6/pos
2026-06-02 14:44:26.001 - [robot_6_log_20260602_144405.csv] - DEBUG - Incoming data. Topic {"x": 265.46, "y": 98.24, "yaw": 1.687, "timestamp": 1780404265.987139}, mensaje 6/pos
2026-06-02 14:44:26.007 - [robot_6_log_20260602_144405.csv] - DEBUG - Incoming data. Topic {"x": 265.46, "y": 98.24, "yaw": 1.687, "timestamp": 1780404265.987139}, mensaje 6/pos
2026-06-02 14:44:26.007 - [robot_6_log_20260602_144405.csv] - DEBUG - Despachado a ZMQ -> agent/6/move: {'v': 0.0, 'w': 0.0}
2026-06-02 14:44:26.012 - [robot_6_log_20260602_144405.csv] - DEBUG - Incoming data. Topic {"x": 265.46, "y": 98.24, "yaw": 1.687, "timestamp": 1780404265.9981716}, mensaje 6/pos
2026-06-02 14:44:26.035 - [robot_6_log_20260602_144405.csv] - WARNING - Esperando posición inicial... Aún no se han recibido datos de visión.
2026-06-02 14:44:26.055 - [robot_6_log_20260602_144405.csv] - DEBUG - Despachado a ZMQ -> agent/6/move: {'v': 0.0, 'w': 0.0}
2026-06-02 14:44:26.060 - [robot_6_log_20260602_144405.csv] - DEBUG - Incoming data. Topic {"x": 265.46, "y": 98.24, "yaw": 1.687, "timestamp": 1780404265.9981716}, mensaje agent/6/wheel
2026-06-02 14:44:26.085 - [robot_6_log_20260602_144405.csv] - WARNING - Esperando posición inicial... Aún no se han recibido datos de visión.
2026-06-02 14:44:26.096 - [robot_6_log_20260602_144405.csv] - DEBUG - Incoming data. Topic {"Wleft":1.657007864e-15,"Wright":-3.719247132e-16}, mensaje 6/pos
2026-06-02 14:44:26.106 - [robot_6_log_20260602_144405.csv] - DEBUG - Incoming data. Topic {"x": 265.46, "y": 98.25, "yaw": 1.684, "timestamp": 1780404266.0910378}, mensaje 6/pos
2026-06-02 14:44:26.112 - [robot_6_log_20260602_144405.csv] - DEBUG - Incoming data. Topic {"x": 265.46, "y": 98.25, "yaw": 1.684, "timestamp": 1780404266.0910378}, mensaje 6/pos
2026-06-02 14:44:26.117 - [robot_6_log_20260602_144405.csv] - DEBUG - Despachado a ZMQ -> agent/6/move: {'v': 0.0, 'w': 0.0}
2026-06-02 14:44:26.117 - [robot_6_log_20260602_144405.csv] - DEBUG - Incoming data. Topic {"x": 265.46, "y": 98.25, "yaw": 1.684, "timestamp": 1780404266.102968}, mensaje 6/pos
2026-06-02 14:44:26.135 - [robot_6_log_20260602_144405.csv] - WARNING - Esperando posición inicial... Aún no se han recibido datos de visión.
2026-06-02 14:44:26.156 - [robot_6_log_20260602_144405.csv] - DEBUG - Despachado a ZMQ -> agent/6/move: {'v': 0.0, 'w': 0.0}
2026-06-02 14:44:26.174 - [robot_6_log_20260602_144405.csv] - DEBUG - Incoming data. Topic {"x": 265.46, "y": 98.25, "yaw": 1.684, "timestamp": 1780404266.102968}, mensaje agent/6/wheel
2026-06-02 14:44:26.185 - [robot_6_log_20260602_144405.csv] - WARNING - Esperando posición inicial... Aún no se han recibido datos de visión.
2026-06-02 14:44:26.185 - [robot_6_log_20260602_144405.csv] - DEBUG - Incoming data. Topic {"Wleft":1.657007864e-15,"Wright":-3.719247132e-16}, mensaje 6/pos
2026-06-02 14:44:26.195 - [robot_6_log_20260602_144405.csv] - DEBUG - Despachado a ZMQ -> agent/6/move: {'v': 0.0, 'w': 0.0}
2026-06-02 14:44:26.195 - [robot_6_log_20260602_144405.csv] - DEBUG - Incoming data. Topic {"x": 265.47, "y": 98.28, "yaw": 1.676, "timestamp": 1780404266.1844277}, mensaje 6/pos
2026-06-02 14:44:26.201 - [robot_6_log_20260602_144405.csv] - DEBUG - Incoming data. Topic {"x": 265.47, "y": 98.28, "yaw": 1.676, "timestamp": 1780404266.1844277}, mensaje 6/pos
2026-06-02 14:44:26.206 - [robot_6_log_20260602_144405.csv] - DEBUG - Incoming data. Topic {"x": 265.47, "y": 98.28, "yaw": 1.676, "timestamp": 1780404266.19597}, mensaje 6/pos
2026-06-02 14:44:26.235 - [robot_6_log_20260602_144405.csv] - WARNING - Esperando posición inicial... Aún no se han recibido datos de visión.
2026-06-02 14:44:26.256 - [robot_6_log_20260602_144405.csv] - DEBUG - Despachado a ZMQ -> agent/6/move: {'v': 0.0, 'w': 0.0}
2026-06-02 14:44:26.267 - [robot_6_log_20260602_144405.csv] - DEBUG - Incoming data. Topic {"x": 265.47, "y": 98.28, "yaw": 1.676, "timestamp": 1780404266.19597}, mensaje agent/6/wheel
2026-06-02 14:44:26.285 - [robot_6_log_20260602_144405.csv] - WARNING - Esperando posición inicial... Aún no se han recibido datos de visión.
2026-06-02 14:44:26.295 - [robot_6_log_20260602_144405.csv] - DEBUG - Incoming data. Topic {"Wleft":1.657007864e-15,"Wright":-3.719247132e-16}, mensaje 6/pos
2026-06-02 14:44:26.305 - [robot_6_log_20260602_144405.csv] - DEBUG - Incoming data. Topic {"x": 265.45, "y": 98.27, "yaw": 1.687, "timestamp": 1780404266.2847595}, mensaje 6/pos
2026-06-02 14:44:26.310 - [robot_6_log_20260602_144405.csv] - DEBUG - Incoming data. Topic {"x": 265.45, "y": 98.27, "yaw": 1.687, "timestamp": 1780404266.2847595}, mensaje 6/pos
2026-06-02 14:44:26.310 - [robot_6_log_20260602_144405.csv] - DEBUG - Despachado a ZMQ -> agent/6/move: {'v': 0.0, 'w': 0.0}
2026-06-02 14:44:26.321 - [robot_6_log_20260602_144405.csv] - DEBUG - Incoming data. Topic {"x": 265.45, "y": 98.27, "yaw": 1.687, "timestamp": 1780404266.2958972}, mensaje 6/pos
2026-06-02 14:44:26.335 - [robot_6_log_20260602_144405.csv] - WARNING - Esperando posición inicial... Aún no se han recibido datos de visión.
2026-06-02 14:44:26.356 - [robot_6_log_20260602_144405.csv] - DEBUG - Despachado a ZMQ -> agent/6/move: {'v': 0.0, 'w': 0.0}
2026-06-02 14:44:26.375 - [robot_6_log_20260602_144405.csv] - DEBUG - Incoming data. Topic {"x": 265.45, "y": 98.27, "yaw": 1.687, "timestamp": 1780404266.2958972}, mensaje agent/6/wheel
2026-06-02 14:44:26.385 - [robot_6_log_20260602_144405.csv] - WARNING - Esperando posición inicial... Aún no se han recibido datos de visión.
2026-06-02 14:44:26.391 - [robot_6_log_20260602_144405.csv] - DEBUG - Incoming data. Topic {"Wleft":1.657007864e-15,"Wright":-3.719247132e-16}, mensaje 6/pos
2026-06-02 14:44:26.396 - [robot_6_log_20260602_144405.csv] - DEBUG - Incoming data. Topic {"x": 265.46, "y": 98.25, "yaw": 1.683, "timestamp": 1780404266.3858836}, mensaje 6/pos
2026-06-02 14:44:26.401 - [robot_6_log_20260602_144405.csv] - DEBUG - Incoming data. Topic {"x": 265.46, "y": 98.25, "yaw": 1.683, "timestamp": 1780404266.3858836}, mensaje 6/pos
2026-06-02 14:44:26.401 - [robot_6_log_20260602_144405.csv] - DEBUG - Despachado a ZMQ -> agent/6/move: {'v': 0.0, 'w': 0.0}
2026-06-02 14:44:26.417 - [robot_6_log_20260602_144405.csv] - DEBUG - Incoming data. Topic {"x": 265.46, "y": 98.25, "yaw": 1.683, "timestamp": 1780404266.3970463}, mensaje 6/pos
2026-06-02 14:44:26.435 - [robot_6_log_20260602_144405.csv] - WARNING - Esperando posición inicial... Aún no se han recibido datos de visión.
2026-06-02 14:44:26.450 - [robot_6_log_20260602_144405.csv] - DEBUG - Despachado a ZMQ -> agent/6/move: {'v': 0.0, 'w': 0.0}
2026-06-02 14:44:26.485 - [robot_6_log_20260602_144405.csv] - WARNING - Esperando posición inicial... Aún no se han recibido datos de visión.
2026-06-02 14:44:26.495 - [robot_6_log_20260602_144405.csv] - DEBUG - Despachado a ZMQ -> agent/6/move: {'v': 0.0, 'w': 0.0}
2026-06-02 14:44:26.501 - [robot_6_log_20260602_144405.csv] - DEBUG - Incoming data. Topic {"x": 265.46, "y": 98.25, "yaw": 1.683, "timestamp": 1780404266.3970463}, mensaje 6/pos
2026-06-02 14:44:26.529 - [robot_6_log_20260602_144405.csv] - DEBUG - Incoming data. Topic {"x": 265.45, "y": 98.24, "yaw": 1.689, "timestamp": 1780404266.4849935}, mensaje 6/pos
2026-06-02 14:44:26.535 - [robot_6_log_20260602_144405.csv] - WARNING - Esperando posición inicial... Aún no se han recibido datos de visión.
2026-06-02 14:44:26.545 - [robot_6_log_20260602_144405.csv] - DEBUG - Despachado a ZMQ -> agent/6/move: {'v': 0.0, 'w': 0.0}
2026-06-02 14:44:26.561 - [robot_6_log_20260602_144405.csv] - DEBUG - Incoming data. Topic {"x": 265.45, "y": 98.24, "yaw": 1.689, "timestamp": 1780404266.4849935}, mensaje 6/pos
2026-06-02 14:44:26.571 - [robot_6_log_20260602_144405.csv] - DEBUG - Incoming data. Topic {"x": 265.45, "y": 98.24, "yaw": 1.689, "timestamp": 1780404266.4963436}, mensaje 6/pos
2026-06-02 14:44:26.571 - [robot_6_log_20260602_144405.csv] - DEBUG - Incoming data. Topic {"x": 265.45, "y": 98.24, "yaw": 1.689, "timestamp": 1780404266.4963436}, mensaje agent/6/wheel
2026-06-02 14:44:26.585 - [robot_6_log_20260602_144405.csv] - WARNING - Esperando posición inicial... Aún no se han recibido datos de visión.
2026-06-02 14:44:26.590 - [robot_6_log_20260602_144405.csv] - DEBUG - Incoming data. Topic {"Wleft":1.657007864e-15,"Wright":-3.719247132e-16}, mensaje 6/pos
2026-06-02 14:44:26.600 - [robot_6_log_20260602_144405.csv] - DEBUG - Incoming data. Topic {"x": 265.46, "y": 98.26, "yaw": 1.684, "timestamp": 1780404266.583987}, mensaje agent/6/wheel
2026-06-02 14:44:26.600 - [robot_6_log_20260602_144405.csv] - DEBUG - Incoming data. Topic {"Wleft":1.657007864e-15,"Wright":-3.719247132e-16}, mensaje 6/pos
2026-06-02 14:44:26.606 - [robot_6_log_20260602_144405.csv] - DEBUG - Incoming data. Topic {"x": 265.46, "y": 98.26, "yaw": 1.684, "timestamp": 1780404266.5955076}, mensaje 6/pos
2026-06-02 14:44:26.606 - [robot_6_log_20260602_144405.csv] - DEBUG - Incoming data. Topic {"x": 265.46, "y": 98.26, "yaw": 1.684, "timestamp": 1780404266.583987}, mensaje 6/pos
2026-06-02 14:44:26.606 - [robot_6_log_20260602_144405.csv] - DEBUG - Despachado a ZMQ -> agent/6/move: {'v': 0.0, 'w': 0.0}
2026-06-02 14:44:26.635 - [robot_6_log_20260602_144405.csv] - WARNING - Esperando posición inicial... Aún no se han recibido datos de visión.
2026-06-02 14:44:26.656 - [robot_6_log_20260602_144405.csv] - DEBUG - Despachado a ZMQ -> agent/6/move: {'v': 0.0, 'w': 0.0}
2026-06-02 14:44:26.680 - [robot_6_log_20260602_144405.csv] - DEBUG - Incoming data. Topic {"x": 265.46, "y": 98.26, "yaw": 1.684, "timestamp": 1780404266.5955076}, mensaje agent/6/wheel
2026-06-02 14:44:26.685 - [robot_6_log_20260602_144405.csv] - WARNING - Esperando posición inicial... Aún no se han recibido datos de visión.
2026-06-02 14:44:26.691 - [robot_6_log_20260602_144405.csv] - DEBUG - Incoming data. Topic {"Wleft":1.657007864e-15,"Wright":-3.719247132e-16}, mensaje 6/pos
2026-06-02 14:44:26.701 - [robot_6_log_20260602_144405.csv] - DEBUG - Despachado a ZMQ -> agent/6/move: {'v': 0.0, 'w': 0.0}
2026-06-02 14:44:26.723 - [robot_6_log_20260602_144405.csv] - DEBUG - Incoming data. Topic {"x": 265.46, "y": 98.26, "yaw": 1.686, "timestamp": 1780404266.6878724}, mensaje 6/pos
2026-06-02 14:44:26.735 - [robot_6_log_20260602_144405.csv] - WARNING - Esperando posición inicial... Aún no se han recibido datos de visión.
2026-06-02 14:44:26.745 - [robot_6_log_20260602_144405.csv] - DEBUG - Despachado a ZMQ -> agent/6/move: {'v': 0.0, 'w': 0.0}
2026-06-02 14:44:26.751 - [robot_6_log_20260602_144405.csv] - DEBUG - Incoming data. Topic {"x": 265.46, "y": 98.26, "yaw": 1.686, "timestamp": 1780404266.6878724}, mensaje 6/pos
2026-06-02 14:44:26.761 - [robot_6_log_20260602_144405.csv] - DEBUG - Incoming data. Topic agent/6/move, mensaje {"v": 0.0, "w": 0.0}
2026-06-02 14:44:26.777 - [robot_6_log_20260602_144405.csv] - DEBUG - Incoming data. Topic 6/pos, mensaje {"x": 265.46, "y": 98.26, "yaw": 1.686, "timestamp": 1780404266.6969745}
2026-06-02 14:44:26.782 - [robot_6_log_20260602_144405.csv] - DEBUG - Posición actualizada por visión: x=265.46, y=98.26, θ=1.69
2026-06-02 14:44:26.785 - [robot_6_log_20260602_144405.csv] - DEBUG - Frecuencia: 0.00 Hz | Latencia Red/Proc: 88.25 ms
2026-06-02 14:44:26.785 - [robot_6_log_20260602_144405.csv] - WARNING - SISTEMA DESCONECTADO: Parando robot por seguridad
2026-06-02 14:44:26.785 - [robot_6_log_20260602_144405.csv] - DEBUG - Incoming data. Topic agent/6/wheel, mensaje {"Wleft":1.657007864e-15,"Wright":-3.719247132e-16}
2026-06-02 14:44:26.795 - [robot_6_log_20260602_144405.csv] - DEBUG - Incoming data. Topic 6/pos, mensaje {"x": 265.45, "y": 98.25, "yaw": 1.685, "timestamp": 1780404266.7884064}
2026-06-02 14:44:26.800 - [robot_6_log_20260602_144405.csv] - DEBUG - Posición actualizada por visión: x=265.45, y=98.25, θ=1.69
2026-06-02 14:44:26.805 - [robot_6_log_20260602_144405.csv] - DEBUG - Frecuencia: 48.40 Hz | Latencia Red/Proc: 17.47 ms
2026-06-02 14:44:26.811 - [robot_6_log_20260602_144405.csv] - DEBUG - Incoming data. Topic 6/pos, mensaje {"x": 265.45, "y": 98.25, "yaw": 1.685, "timestamp": 1780404266.7884064}
2026-06-02 14:44:26.816 - [robot_6_log_20260602_144405.csv] - DEBUG - Despachado a ZMQ -> agent/6/move: {'v': 0.0, 'w': 0.0}
2026-06-02 14:44:26.816 - [robot_6_log_20260602_144405.csv] - DEBUG - Posición actualizada por visión: x=265.45, y=98.25, θ=1.69
2026-06-02 14:44:26.835 - [robot_6_log_20260602_144405.csv] - INFO - Usando posición VISION: x=265.45, y=98.25, θ=1.69
2026-06-02 14:44:26.835 - [robot_6_log_20260602_144405.csv] - INFO - Distancias a paredes: Left: 265.45, Right: 184.55, Top: 41.75, Bottom: 98.25
2026-06-02 14:44:26.835 - [robot_6_log_20260602_144405.csv] - INFO - Posicion: 265.45, 98.25, 1.685 | Velocidad: -0.9934858451932902, -0.11395558521008932
2026-06-02 14:44:26.835 - [robot_6_log_20260602_144405.csv] - INFO - None
2026-06-02 14:44:26.835 - [robot_6_log_20260602_144405.csv] - DEBUG - Frecuencia: 34.05 Hz | Latencia Red/Proc: 46.84 ms
2026-06-02 14:44:26.835 - [robot_6_log_20260602_144405.csv] - WARNING - Estado FSM: AVANZA | Target Wall: None | Target Theta: 0.00° |theta: 96.54338847954372 
2026-06-02 14:44:26.850 - [robot_6_log_20260602_144405.csv] - DEBUG - Incoming data. Topic 6/pos, mensaje {"x": 265.45, "y": 98.25, "yaw": 1.685, "timestamp": 1780404266.7996898}
2026-06-02 14:44:26.856 - [robot_6_log_20260602_144405.csv] - DEBUG - Posición actualizada por visión: x=265.45, y=98.25, θ=1.69
2026-06-02 14:44:26.866 - [robot_6_log_20260602_144405.csv] - DEBUG - Frecuencia: 32.14 Hz | Latencia Red/Proc: 66.67 ms
2026-06-02 14:44:26.856 - [robot_6_log_20260602_144405.csv] - DEBUG - Despachado a ZMQ -> agent/6/move: {'v': 20.0, 'w': 0.0}
2026-06-02 14:44:26.881 - [robot_6_log_20260602_144405.csv] - DEBUG - Incoming data. Topic 6/pos, mensaje {"x": 265.45, "y": 98.25, "yaw": 1.685, "timestamp": 1780404266.7996898}
2026-06-02 14:44:26.885 - [robot_6_log_20260602_144405.csv] - INFO - Usando posición VISION: x=265.45, y=98.25, θ=1.69
2026-06-02 14:44:26.885 - [robot_6_log_20260602_144405.csv] - INFO - Distancias a paredes: Left: 265.45, Right: 184.55, Top: 41.75, Bottom: 98.25
2026-06-02 14:44:26.885 - [robot_6_log_20260602_144405.csv] - INFO - Posicion: 265.45, 98.25, 1.685 | Velocidad: -0.9934858451932902, -0.11395558521008932
2026-06-02 14:44:26.885 - [robot_6_log_20260602_144405.csv] - INFO - None
2026-06-02 14:44:26.885 - [robot_6_log_20260602_144405.csv] - WARNING - Estado FSM: AVANZA | Target Wall: None | Target Theta: 0.00° |theta: 96.54338847954372 
2026-06-02 14:44:26.885 - [robot_6_log_20260602_144405.csv] - DEBUG - Posición actualizada por visión: x=265.45, y=98.25, θ=1.69
2026-06-02 14:44:26.890 - [robot_6_log_20260602_144405.csv] - DEBUG - Frecuencia: 40.85 Hz | Latencia Red/Proc: 91.15 ms
2026-06-02 14:44:26.906 - [robot_6_log_20260602_144405.csv] - DEBUG - Incoming data. Topic 6/pos, mensaje {"x": 265.46, "y": 98.25, "yaw": 1.685, "timestamp": 1780404266.8827178}
2026-06-02 14:44:26.911 - [robot_6_log_20260602_144405.csv] - DEBUG - Posición actualizada por visión: x=265.46, y=98.25, θ=1.69
2026-06-02 14:44:26.911 - [robot_6_log_20260602_144405.csv] - DEBUG - Frecuencia: 47.29 Hz | Latencia Red/Proc: 29.27 ms
2026-06-02 14:44:26.922 - [robot_6_log_20260602_144405.csv] - DEBUG - Despachado a ZMQ -> agent/6/move: {'v': 20.0, 'w': 0.0}
2026-06-02 14:44:26.928 - [robot_6_log_20260602_144405.csv] - DEBUG - Incoming data. Topic agent/6/wheel, mensaje {"Wleft":1.657007864e-15,"Wright":-3.719247132e-16}
2026-06-02 14:44:26.935 - [robot_6_log_20260602_144405.csv] - INFO - Usando posición VISION: x=265.46, y=98.25, θ=1.69
2026-06-02 14:44:26.935 - [robot_6_log_20260602_144405.csv] - INFO - Distancias a paredes: Left: 265.46, Right: 184.54, Top: 41.75, Bottom: 98.25
2026-06-02 14:44:26.935 - [robot_6_log_20260602_144405.csv] - INFO - Posicion: 265.46, 98.25, 1.685 | Velocidad: -0.9934858451932902, -0.11395558521008932
2026-06-02 14:44:26.935 - [robot_6_log_20260602_144405.csv] - INFO - None
2026-06-02 14:44:26.935 - [robot_6_log_20260602_144405.csv] - DEBUG - Incoming data. Topic 6/pos, mensaje {"x": 265.46, "y": 98.25, "yaw": 1.685, "timestamp": 1780404266.8910458}
2026-06-02 14:44:26.935 - [robot_6_log_20260602_144405.csv] - DEBUG - Posición actualizada por visión: x=265.46, y=98.25, θ=1.69
2026-06-02 14:44:26.935 - [robot_6_log_20260602_144405.csv] - WARNING - Estado FSM: AVANZA | Target Wall: None | Target Theta: 0.00° |theta: 96.54338847954372 
2026-06-02 14:44:26.935 - [robot_6_log_20260602_144405.csv] - DEBUG - Frecuencia: 41.87 Hz | Latencia Red/Proc: 44.82 ms
2026-06-02 14:44:26.946 - [robot_6_log_20260602_144405.csv] - DEBUG - Despachado a ZMQ -> agent/6/move: {'v': 20.0, 'w': 0.0}
2026-06-02 14:44:26.972 - [robot_6_log_20260602_144405.csv] - DEBUG - Incoming data. Topic 6/pos, mensaje {"x": 265.46, "y": 98.25, "yaw": 1.685, "timestamp": 1780404266.8827178}
2026-06-02 14:44:26.983 - [robot_6_log_20260602_144405.csv] - DEBUG - Posición actualizada por visión: x=265.46, y=98.25, θ=1.69
2026-06-02 14:44:26.985 - [robot_6_log_20260602_144405.csv] - INFO - Usando posición VISION: x=265.46, y=98.25, θ=1.69
2026-06-02 14:44:26.985 - [robot_6_log_20260602_144405.csv] - DEBUG - Frecuencia: 20.27 Hz | Latencia Red/Proc: 102.49 ms
2026-06-02 14:44:26.985 - [robot_6_log_20260602_144405.csv] - INFO - Distancias a paredes: Left: 265.46, Right: 184.54, Top: 41.75, Bottom: 98.25
2026-06-02 14:44:26.985 - [robot_6_log_20260602_144405.csv] - INFO - Posicion: 265.46, 98.25, 1.685 | Velocidad: -0.9934858451932902, -0.11395558521008932
2026-06-02 14:44:26.985 - [robot_6_log_20260602_144405.csv] - INFO - None
2026-06-02 14:44:26.985 - [robot_6_log_20260602_144405.csv] - DEBUG - Incoming data. Topic 6/pos, mensaje {"x": 265.46, "y": 98.25, "yaw": 1.685, "timestamp": 1780404266.8910458}
2026-06-02 14:44:26.985 - [robot_6_log_20260602_144405.csv] - WARNING - Estado FSM: AVANZA | Target Wall: None | Target Theta: 0.00° |theta: 96.54338847954372 
2026-06-02 14:44:26.985 - [robot_6_log_20260602_144405.csv] - DEBUG - Posición actualizada por visión: x=265.46, y=98.25, θ=1.69
2026-06-02 14:44:26.995 - [robot_6_log_20260602_144405.csv] - DEBUG - Frecuencia: 93.54 Hz | Latencia Red/Proc: 104.85 ms
2026-06-02 14:44:27.001 - [robot_6_log_20260602_144405.csv] - DEBUG - Incoming data. Topic 6/pos, mensaje {"x": 265.46, "y": 98.26, "yaw": 1.683, "timestamp": 1780404266.9815772}
2026-06-02 14:44:27.006 - [robot_6_log_20260602_144405.csv] - DEBUG - Despachado a ZMQ -> agent/6/move: {'v': 20.0, 'w': 0.0}
2026-06-02 14:44:27.006 - [robot_6_log_20260602_144405.csv] - DEBUG - Posición actualizada por visión: x=265.46, y=98.26, θ=1.68
2026-06-02 14:44:27.026 - [robot_6_log_20260602_144405.csv] - DEBUG - Frecuencia: 32.53 Hz | Latencia Red/Proc: 45.06 ms
2026-06-02 14:44:27.035 - [robot_6_log_20260602_144405.csv] - INFO - Usando posición VISION: x=265.46, y=98.26, θ=1.68
2026-06-02 14:44:27.035 - [robot_6_log_20260602_144405.csv] - INFO - Distancias a paredes: Left: 265.46, Right: 184.54, Top: 41.74, Bottom: 98.26
2026-06-02 14:44:27.035 - [robot_6_log_20260602_144405.csv] - INFO - Posicion: 265.46, 98.26, 1.683 | Velocidad: -0.9937117692407416, -0.11196838693325581
2026-06-02 14:44:27.035 - [robot_6_log_20260602_144405.csv] - INFO - None
2026-06-02 14:44:27.035 - [robot_6_log_20260602_144405.csv] - WARNING - Estado FSM: AVANZA | Target Wall: None | Target Theta: 0.00° |theta: 96.42879692051756 
2026-06-02 14:44:27.040 - [robot_6_log_20260602_144405.csv] - DEBUG - Incoming data. Topic 6/pos, mensaje {"x": 265.46, "y": 98.26, "yaw": 1.683, "timestamp": 1780404266.9815772}
2026-06-02 14:44:27.040 - [robot_6_log_20260602_144405.csv] - DEBUG - Posición actualizada por visión: x=265.46, y=98.26, θ=1.68
2026-06-02 14:44:27.040 - [robot_6_log_20260602_144405.csv] - DEBUG - Frecuencia: 70.76 Hz | Latencia Red/Proc: 59.20 ms
2026-06-02 14:44:27.046 - [robot_6_log_20260602_144405.csv] - DEBUG - Incoming data. Topic 6/pos, mensaje {"x": 265.46, "y": 98.26, "yaw": 1.683, "timestamp": 1780404266.9900513}
2026-06-02 14:44:27.051 - [robot_6_log_20260602_144405.csv] - DEBUG - Posición actualizada por visión: x=265.46, y=98.26, θ=1.68
2026-06-02 14:44:27.051 - [robot_6_log_20260602_144405.csv] - DEBUG - Despachado a ZMQ -> agent/6/move: {'v': 20.0, 'w': 0.0}
2026-06-02 14:44:27.061 - [robot_6_log_20260602_144405.csv] - DEBUG - Frecuencia: 48.44 Hz | Latencia Red/Proc: 71.37 ms
2026-06-02 14:44:27.071 - [robot_6_log_20260602_144405.csv] - DEBUG - Incoming data. Topic 6/pos, mensaje {"x": 265.46, "y": 98.26, "yaw": 1.683, "timestamp": 1780404266.9900513}
2026-06-02 14:44:27.071 - [robot_6_log_20260602_144405.csv] - DEBUG - Posición actualizada por visión: x=265.46, y=98.26, θ=1.68
2026-06-02 14:44:27.071 - [robot_6_log_20260602_144405.csv] - DEBUG - Frecuencia: 95.00 Hz | Latencia Red/Proc: 81.89 ms
2026-06-02 14:44:27.071 - [robot_6_log_20260602_144405.csv] - DEBUG - Incoming data. Topic agent/6/wheel, mensaje {"Wleft":4.04357375,"Wright":1.030390247}
2026-06-02 14:44:27.084 - [robot_6_log_20260602_144405.csv] - DEBUG - Incoming data. Topic 6/pos, mensaje {"x": 265.45, "y": 98.27, "yaw": 1.683, "timestamp": 1780404267.0815184}
2026-06-02 14:44:27.084 - [robot_6_log_20260602_144405.csv] - DEBUG - Posición actualizada por visión: x=265.45, y=98.27, θ=1.68
2026-06-02 14:44:27.084 - [robot_6_log_20260602_144405.csv] - DEBUG - Frecuencia: 81.55 Hz | Latencia Red/Proc: 2.69 ms
2026-06-02 14:44:27.084 - [robot_6_log_20260602_144405.csv] - DEBUG - Incoming data. Topic 6/pos, mensaje {"x": 265.45, "y": 98.27, "yaw": 1.683, "timestamp": 1780404267.0815184}
2026-06-02 14:44:27.084 - [robot_6_log_20260602_144405.csv] - DEBUG - Posición actualizada por visión: x=265.45, y=98.27, θ=1.68
2026-06-02 14:44:27.084 - [robot_6_log_20260602_144405.csv] - DEBUG - Frecuencia: 10837.99 Hz | Latencia Red/Proc: 2.78 ms
2026-06-02 14:44:27.085 - [robot_6_log_20260602_144405.csv] - INFO - Usando posición VISION: x=265.45, y=98.27, θ=1.68
2026-06-02 14:44:27.085 - [robot_6_log_20260602_144405.csv] - INFO - Distancias a paredes: Left: 265.45, Right: 184.55, Top: 41.73, Bottom: 98.27
2026-06-02 14:44:27.085 - [robot_6_log_20260602_144405.csv] - INFO - Posicion: 265.45, 98.27, 1.683 | Velocidad: -0.9937117692407416, -0.11196838693325581
2026-06-02 14:44:27.085 - [robot_6_log_20260602_144405.csv] - INFO - None
2026-06-02 14:44:27.085 - [robot_6_log_20260602_144405.csv] - WARNING - Estado FSM: AVANZA | Target Wall: None | Target Theta: 0.00° |theta: 96.42879692051756 
2026-06-02 14:44:27.090 - [robot_6_log_20260602_144405.csv] - DEBUG - Despachado a ZMQ -> agent/6/move: {'v': 20.0, 'w': 0.0}
2026-06-02 14:44:27.100 - [robot_6_log_20260602_144405.csv] - DEBUG - Incoming data. Topic agent/6/wheel, mensaje {"Wleft":4.023630947,"Wright":3.035089854}
2026-06-02 14:44:27.106 - [robot_6_log_20260602_144405.csv] - DEBUG - Incoming data. Topic 6/pos, mensaje {"x": 265.45, "y": 98.27, "yaw": 1.683, "timestamp": 1780404267.0908828}
2026-06-02 14:44:27.117 - [robot_6_log_20260602_144405.csv] - DEBUG - Posición actualizada por visión: x=265.45, y=98.27, θ=1.68
2026-06-02 14:44:27.122 - [robot_6_log_20260602_144405.csv] - DEBUG - Frecuencia: 26.12 Hz | Latencia Red/Proc: 31.70 ms
2026-06-02 14:44:27.135 - [robot_6_log_20260602_144405.csv] - INFO - Usando posición VISION: x=265.45, y=98.27, θ=1.68
2026-06-02 14:44:27.135 - [robot_6_log_20260602_144405.csv] - INFO - Distancias a paredes: Left: 265.45, Right: 184.55, Top: 41.73, Bottom: 98.27
2026-06-02 14:44:27.135 - [robot_6_log_20260602_144405.csv] - DEBUG - Incoming data. Topic 6/pos, mensaje {"x": 265.45, "y": 98.27, "yaw": 1.683, "timestamp": 1780404267.0908828}
2026-06-02 14:44:27.135 - [robot_6_log_20260602_144405.csv] - INFO - Posicion: 265.45, 98.27, 1.683 | Velocidad: -0.9937117692407416, -0.11196838693325581
2026-06-02 14:44:27.135 - [robot_6_log_20260602_144405.csv] - DEBUG - Posición actualizada por visión: x=265.45, y=98.27, θ=1.68
2026-06-02 14:44:27.135 - [robot_6_log_20260602_144405.csv] - INFO - None
2026-06-02 14:44:27.135 - [robot_6_log_20260602_144405.csv] - DEBUG - Frecuencia: 77.36 Hz | Latencia Red/Proc: 44.63 ms
2026-06-02 14:44:27.135 - [robot_6_log_20260602_144405.csv] - WARNING - Estado FSM: AVANZA | Target Wall: None | Target Theta: 0.00° |theta: 96.42879692051756 
2026-06-02 14:44:27.156 - [robot_6_log_20260602_144405.csv] - DEBUG - Despachado a ZMQ -> agent/6/move: {'v': 20.0, 'w': 0.0}
2026-06-02 14:44:27.185 - [robot_6_log_20260602_144405.csv] - INFO - Usando posición VISION: x=265.45, y=98.27, θ=1.68
2026-06-02 14:44:27.185 - [robot_6_log_20260602_144405.csv] - INFO - Distancias a paredes: Left: 265.45, Right: 184.55, Top: 41.73, Bottom: 98.27
2026-06-02 14:44:27.185 - [robot_6_log_20260602_144405.csv] - INFO - Posicion: 265.45, 98.27, 1.683 | Velocidad: -0.9937117692407416, -0.11196838693325581
2026-06-02 14:44:27.185 - [robot_6_log_20260602_144405.csv] - INFO - None
2026-06-02 14:44:27.185 - [robot_6_log_20260602_144405.csv] - WARNING - Estado FSM: AVANZA | Target Wall: None | Target Theta: 0.00° |theta: 96.42879692051756 
2026-06-02 14:44:27.190 - [robot_6_log_20260602_144405.csv] - DEBUG - Incoming data. Topic 6/pos, mensaje {"x": 265.05, "y": 98.24, "yaw": 1.676, "timestamp": 1780404267.1847641}
2026-06-02 14:44:27.200 - [robot_6_log_20260602_144405.csv] - DEBUG - Posición actualizada por visión: x=265.05, y=98.24, θ=1.68
2026-06-02 14:44:27.205 - [robot_6_log_20260602_144405.csv] - DEBUG - Despachado a ZMQ -> agent/6/move: {'v': 20.0, 'w': 0.0}
2026-06-02 14:44:27.206 - [robot_6_log_20260602_144405.csv] - DEBUG - Frecuencia: 14.18 Hz | Latencia Red/Proc: 21.25 ms
2026-06-02 14:44:27.226 - [robot_6_log_20260602_144405.csv] - DEBUG - Incoming data. Topic agent/6/wheel, mensaje {"Wleft":4.067611873,"Wright":4.188810488}
2026-06-02 14:44:27.235 - [robot_6_log_20260602_144405.csv] - INFO - Usando posición VISION: x=265.05, y=98.24, θ=1.68
2026-06-02 14:44:27.235 - [robot_6_log_20260602_144405.csv] - INFO - Distancias a paredes: Left: 265.05, Right: 184.95, Top: 41.76, Bottom: 98.24
2026-06-02 14:44:27.235 - [robot_6_log_20260602_144405.csv] - INFO - Posicion: 265.05, 98.24, 1.676 | Velocidad: -0.9944711957094966, -0.10500971814134243
2026-06-02 14:44:27.235 - [robot_6_log_20260602_144405.csv] - INFO - None
2026-06-02 14:44:27.235 - [robot_6_log_20260602_144405.csv] - WARNING - Estado FSM: AVANZA | Target Wall: None | Target Theta: 0.00° |theta: 96.02772646392597 
2026-06-02 14:44:27.240 - [robot_6_log_20260602_144405.csv] - DEBUG - Incoming data. Topic 6/pos, mensaje {"x": 265.05, "y": 98.24, "yaw": 1.676, "timestamp": 1780404267.1940615}
2026-06-02 14:44:27.245 - [robot_6_log_20260602_144405.csv] - DEBUG - Posición actualizada por visión: x=265.05, y=98.24, θ=1.68
2026-06-02 14:44:27.245 - [robot_6_log_20260602_144405.csv] - DEBUG - Frecuencia: 25.17 Hz | Latencia Red/Proc: 51.69 ms
2026-06-02 14:44:27.250 - [robot_6_log_20260602_144405.csv] - DEBUG - Despachado a ZMQ -> agent/6/move: {'v': 20.0, 'w': 0.0}
2026-06-02 14:44:27.256 - [robot_6_log_20260602_144405.csv] - DEBUG - Incoming data. Topic 6/pos, mensaje {"x": 265.05, "y": 98.24, "yaw": 1.676, "timestamp": 1780404267.1847641}
2026-06-02 14:44:27.268 - [robot_6_log_20260602_144405.csv] - DEBUG - Posición actualizada por visión: x=265.05, y=98.24, θ=1.68
2026-06-02 14:44:27.273 - [robot_6_log_20260602_144405.csv] - DEBUG - Frecuencia: 36.45 Hz | Latencia Red/Proc: 88.42 ms
2026-06-02 14:44:27.285 - [robot_6_log_20260602_144405.csv] - INFO - Usando posición VISION: x=265.05, y=98.24, θ=1.68
2026-06-02 14:44:27.285 - [robot_6_log_20260602_144405.csv] - DEBUG - Incoming data. Topic 6/pos, mensaje {"x": 265.05, "y": 98.24, "yaw": 1.676, "timestamp": 1780404267.1940615}
2026-06-02 14:44:27.285 - [robot_6_log_20260602_144405.csv] - INFO - Distancias a paredes: Left: 265.05, Right: 184.95, Top: 41.76, Bottom: 98.24
2026-06-02 14:44:27.285 - [robot_6_log_20260602_144405.csv] - DEBUG - Posición actualizada por visión: x=265.05, y=98.24, θ=1.68
2026-06-02 14:44:27.285 - [robot_6_log_20260602_144405.csv] - INFO - Posicion: 265.05, 98.24, 1.676 | Velocidad: -0.9944711957094966, -0.10500971814134243
2026-06-02 14:44:27.285 - [robot_6_log_20260602_144405.csv] - DEBUG - Frecuencia: 82.04 Hz | Latencia Red/Proc: 91.31 ms
2026-06-02 14:44:27.285 - [robot_6_log_20260602_144405.csv] - INFO - None
2026-06-02 14:44:27.285 - [robot_6_log_20260602_144405.csv] - DEBUG - Incoming data. Topic 6/pos, mensaje {"x": 264.03, "y": 98.17, "yaw": 1.661, "timestamp": 1780404267.283473}
2026-06-02 14:44:27.285 - [robot_6_log_20260602_144405.csv] - WARNING - Estado FSM: AVANZA | Target Wall: None | Target Theta: 0.00° |theta: 96.02772646392597 
2026-06-02 14:44:27.285 - [robot_6_log_20260602_144405.csv] - DEBUG - Posición actualizada por visión: x=264.03, y=98.17, θ=1.66
2026-06-02 14:44:27.295 - [robot_6_log_20260602_144405.csv] - DEBUG - Frecuencia: 95.48 Hz | Latencia Red/Proc: 12.37 ms
2026-06-02 14:44:27.300 - [robot_6_log_20260602_144405.csv] - DEBUG - Incoming data. Topic 6/pos, mensaje {"x": 264.03, "y": 98.17, "yaw": 1.661, "timestamp": 1780404267.283473}
2026-06-02 14:44:27.306 - [robot_6_log_20260602_144405.csv] - DEBUG - Despachado a ZMQ -> agent/6/move: {'v': 20.0, 'w': 0.0}
2026-06-02 14:44:27.306 - [robot_6_log_20260602_144405.csv] - DEBUG - Posición actualizada por visión: x=264.03, y=98.17, θ=1.66
2026-06-02 14:44:27.333 - [robot_6_log_20260602_144405.csv] - DEBUG - Frecuencia: 26.89 Hz | Latencia Red/Proc: 49.56 ms
2026-06-02 14:44:27.335 - [robot_6_log_20260602_144405.csv] - INFO - Usando posición VISION: x=264.03, y=98.17, θ=1.66
2026-06-02 14:44:27.335 - [robot_6_log_20260602_144405.csv] - INFO - Distancias a paredes: Left: 264.03, Right: 185.97, Top: 41.83, Bottom: 98.17
2026-06-02 14:44:27.335 - [robot_6_log_20260602_144405.csv] - INFO - Posicion: 264.03, 98.17, 1.661 | Velocidad: -0.9959344065024944, -0.09008139621766686
2026-06-02 14:44:27.335 - [robot_6_log_20260602_144405.csv] - INFO - None
2026-06-02 14:44:27.335 - [robot_6_log_20260602_144405.csv] - WARNING - Estado FSM: AVANZA | Target Wall: None | Target Theta: 0.00° |theta: 95.16828977122974 
2026-06-02 14:44:27.350 - [robot_6_log_20260602_144405.csv] - DEBUG - Despachado a ZMQ -> agent/6/move: {'v': 20.0, 'w': 0.0}
2026-06-02 14:44:27.356 - [robot_6_log_20260602_144405.csv] - DEBUG - Incoming data. Topic 6/pos, mensaje {"x": 264.03, "y": 98.17, "yaw": 1.661, "timestamp": 1780404267.292526}
2026-06-02 14:44:27.356 - [robot_6_log_20260602_144405.csv] - DEBUG - Posición actualizada por visión: x=264.03, y=98.17, θ=1.66
2026-06-02 14:44:27.361 - [robot_6_log_20260602_144405.csv] - DEBUG - Frecuencia: 35.27 Hz | Latencia Red/Proc: 68.85 ms
2026-06-02 14:44:27.366 - [robot_6_log_20260602_144405.csv] - DEBUG - Incoming data. Topic agent/6/wheel, mensaje {"Wleft":8.090569705,"Wright":4.801857701}
2026-06-02 14:44:27.377 - [robot_6_log_20260602_144405.csv] - DEBUG - Incoming data. Topic 6/pos, mensaje {"x": 264.03, "y": 98.17, "yaw": 1.661, "timestamp": 1780404267.292526}
2026-06-02 14:44:27.383 - [robot_6_log_20260602_144405.csv] - DEBUG - Posición actualizada por visión: x=264.03, y=98.17, θ=1.66
2026-06-02 14:44:27.383 - [robot_6_log_20260602_144405.csv] - DEBUG - Frecuencia: 45.94 Hz | Latencia Red/Proc: 90.62 ms
2026-06-02 14:44:27.385 - [robot_6_log_20260602_144405.csv] - INFO - Usando posición VISION: x=264.03, y=98.17, θ=1.66
2026-06-02 14:44:27.385 - [robot_6_log_20260602_144405.csv] - DEBUG - Incoming data. Topic 6/pos, mensaje {"x": 262.74, "y": 98.13, "yaw": 1.667, "timestamp": 1780404267.3843808}
2026-06-02 14:44:27.385 - [robot_6_log_20260602_144405.csv] - INFO - Distancias a paredes: Left: 264.03, Right: 185.97, Top: 41.83, Bottom: 98.17
2026-06-02 14:44:27.385 - [robot_6_log_20260602_144405.csv] - DEBUG - Posición actualizada por visión: x=262.74, y=98.13, θ=1.67
2026-06-02 14:44:27.385 - [robot_6_log_20260602_144405.csv] - INFO - Posicion: 264.03, 98.17, 1.661 | Velocidad: -0.9959344065024944, -0.09008139621766686
2026-06-02 14:44:27.385 - [robot_6_log_20260602_144405.csv] - DEBUG - Frecuencia: 456.95 Hz | Latencia Red/Proc: 0.95 ms
2026-06-02 14:44:27.385 - [robot_6_log_20260602_144405.csv] - INFO - None
2026-06-02 14:44:27.385 - [robot_6_log_20260602_144405.csv] - DEBUG - Incoming data. Topic 6/pos, mensaje {"x": 262.74, "y": 98.13, "yaw": 1.667, "timestamp": 1780404267.3843808}
2026-06-02 14:44:27.385 - [robot_6_log_20260602_144405.csv] - WARNING - Estado FSM: AVANZA | Target Wall: None | Target Theta: 0.00° |theta: 95.16828977122974 
2026-06-02 14:44:27.385 - [robot_6_log_20260602_144405.csv] - DEBUG - Posición actualizada por visión: x=262.74, y=98.13, θ=1.67
2026-06-02 14:44:27.395 - [robot_6_log_20260602_144405.csv] - DEBUG - Frecuencia: 95.59 Hz | Latencia Red/Proc: 11.41 ms
2026-06-02 14:44:27.400 - [robot_6_log_20260602_144405.csv] - DEBUG - Incoming data. Topic 6/pos, mensaje {"x": 262.74, "y": 98.13, "yaw": 1.667, "timestamp": 1780404267.3961759}
2026-06-02 14:44:27.406 - [robot_6_log_20260602_144405.csv] - DEBUG - Despachado a ZMQ -> agent/6/move: {'v': 20.0, 'w': 0.0}
2026-06-02 14:44:27.406 - [robot_6_log_20260602_144405.csv] - DEBUG - Posición actualizada por visión: x=262.74, y=98.13, θ=1.67
2026-06-02 14:44:27.427 - [robot_6_log_20260602_144405.csv] - DEBUG - Frecuencia: 31.47 Hz | Latencia Red/Proc: 31.40 ms
2026-06-02 14:44:27.435 - [robot_6_log_20260602_144405.csv] - INFO - Usando posición VISION: x=262.74, y=98.13, θ=1.67
2026-06-02 14:44:27.435 - [robot_6_log_20260602_144405.csv] - INFO - Distancias a paredes: Left: 262.74, Right: 187.26, Top: 41.87, Bottom: 98.13
2026-06-02 14:44:27.435 - [robot_6_log_20260602_144405.csv] - INFO - Posicion: 262.74, 98.13, 1.667 | Velocidad: -0.9953759946025762, -0.09605534534284021
2026-06-02 14:44:27.435 - [robot_6_log_20260602_144405.csv] - INFO - None
2026-06-02 14:44:27.435 - [robot_6_log_20260602_144405.csv] - WARNING - Estado FSM: AVANZA | Target Wall: None | Target Theta: 0.00° |theta: 95.51206444830824 
2026-06-02 14:44:27.445 - [robot_6_log_20260602_144405.csv] - DEBUG - Incoming data. Topic agent/6/wheel, mensaje {"Wleft":4.022874564,"Wright":5.38652112}
2026-06-02 14:44:27.450 - [robot_6_log_20260602_144405.csv] - DEBUG - Incoming data. Topic 6/pos, mensaje {"x": 262.74, "y": 98.13, "yaw": 1.667, "timestamp": 1780404267.3961759}
2026-06-02 14:44:27.455 - [robot_6_log_20260602_144405.csv] - DEBUG - Despachado a ZMQ -> agent/6/move: {'v': 20.0, 'w': 0.0}
2026-06-02 14:44:27.455 - [robot_6_log_20260602_144405.csv] - DEBUG - Posición actualizada por visión: x=262.74, y=98.13, θ=1.67
2026-06-02 14:44:27.481 - [robot_6_log_20260602_144405.csv] - DEBUG - Frecuencia: 18.49 Hz | Latencia Red/Proc: 85.48 ms
2026-06-02 14:44:27.485 - [robot_6_log_20260602_144405.csv] - INFO - Usando posición VISION: x=262.74, y=98.13, θ=1.67
2026-06-02 14:44:27.485 - [robot_6_log_20260602_144405.csv] - INFO - Distancias a paredes: Left: 262.74, Right: 187.26, Top: 41.87, Bottom: 98.13
2026-06-02 14:44:27.485 - [robot_6_log_20260602_144405.csv] - INFO - Posicion: 262.74, 98.13, 1.667 | Velocidad: -0.9953759946025762, -0.09605534534284021
2026-06-02 14:44:27.485 - [robot_6_log_20260602_144405.csv] - INFO - None
2026-06-02 14:44:27.485 - [robot_6_log_20260602_144405.csv] - DEBUG - Incoming data. Topic 6/pos, mensaje {"x": 261.34, "y": 98.12, "yaw": 1.667, "timestamp": 1780404267.4820766}
2026-06-02 14:44:27.485 - [robot_6_log_20260602_144405.csv] - WARNING - Estado FSM: AVANZA | Target Wall: None | Target Theta: 0.00° |theta: 95.51206444830824 
2026-06-02 14:44:27.485 - [robot_6_log_20260602_144405.csv] - DEBUG - Posición actualizada por visión: x=261.34, y=98.12, θ=1.67
2026-06-02 14:44:27.491 - [robot_6_log_20260602_144405.csv] - DEBUG - Frecuencia: 106.76 Hz | Latencia Red/Proc: 8.95 ms
2026-06-02 14:44:27.491 - [robot_6_log_20260602_144405.csv] - DEBUG - Incoming data. Topic 6/pos, mensaje {"x": 261.34, "y": 98.12, "yaw": 1.667, "timestamp": 1780404267.4820766}
2026-06-02 14:44:27.491 - [robot_6_log_20260602_144405.csv] - DEBUG - Posición actualizada por visión: x=261.34, y=98.12, θ=1.67
2026-06-02 14:44:27.491 - [robot_6_log_20260602_144405.csv] - DEBUG - Frecuencia: 4665.52 Hz | Latencia Red/Proc: 9.16 ms
2026-06-02 14:44:27.501 - [robot_6_log_20260602_144405.csv] - DEBUG - Despachado a ZMQ -> agent/6/move: {'v': 20.0, 'w': 0.0}
2026-06-02 14:44:27.506 - [robot_6_log_20260602_144405.csv] - DEBUG - Incoming data. Topic 6/pos, mensaje {"x": 261.34, "y": 98.12, "yaw": 1.667, "timestamp": 1780404267.4910245}
2026-06-02 14:44:27.528 - [robot_6_log_20260602_144405.csv] - DEBUG - Posición actualizada por visión: x=261.34, y=98.12, θ=1.67
2026-06-02 14:44:27.528 - [robot_6_log_20260602_144405.csv] - DEBUG - Frecuencia: 26.77 Hz | Latencia Red/Proc: 37.57 ms
2026-06-02 14:44:27.535 - [robot_6_log_20260602_144405.csv] - INFO - Usando posición VISION: x=261.34, y=98.12, θ=1.67
2026-06-02 14:44:27.535 - [robot_6_log_20260602_144405.csv] - INFO - Distancias a paredes: Left: 261.34, Right: 188.66, Top: 41.88, Bottom: 98.12
2026-06-02 14:44:27.535 - [robot_6_log_20260602_144405.csv] - INFO - Posicion: 261.34, 98.12, 1.667 | Velocidad: -0.9953759946025762, -0.09605534534284021
2026-06-02 14:44:27.535 - [robot_6_log_20260602_144405.csv] - DEBUG - Incoming data. Topic 6/pos, mensaje {"x": 261.34, "y": 98.12, "yaw": 1.667, "timestamp": 1780404267.4910245}
2026-06-02 14:44:27.535 - [robot_6_log_20260602_144405.csv] - INFO - None
2026-06-02 14:44:27.535 - [robot_6_log_20260602_144405.csv] - DEBUG - Posición actualizada por visión: x=261.34, y=98.12, θ=1.67
2026-06-02 14:44:27.535 - [robot_6_log_20260602_144405.csv] - DEBUG - Frecuencia: 136.47 Hz | Latencia Red/Proc: 44.90 ms
2026-06-02 14:44:27.535 - [robot_6_log_20260602_144405.csv] - WARNING - Estado FSM: AVANZA | Target Wall: None | Target Theta: 0.00° |theta: 95.51206444830824 
2026-06-02 14:44:27.541 - [robot_6_log_20260602_144405.csv] - DEBUG - Incoming data. Topic agent/6/wheel, mensaje {"Wleft":6.067514001,"Wright":5.666663079}
2026-06-02 14:44:27.547 - [robot_6_log_20260602_144405.csv] - DEBUG - Despachado a ZMQ -> agent/6/move: {'v': 20.0, 'w': 0.0}
2026-06-02 14:44:27.584 - [robot_6_log_20260602_144405.csv] - DEBUG - Incoming data. Topic 6/pos, mensaje {"x": 259.95, "y": 97.95, "yaw": 1.687, "timestamp": 1780404267.5819044}
2026-06-02 14:44:27.585 - [robot_6_log_20260602_144405.csv] - INFO - Usando posición VISION: x=261.34, y=98.12, θ=1.67
2026-06-02 14:44:27.585 - [robot_6_log_20260602_144405.csv] - INFO - Distancias a paredes: Left: 261.34, Right: 188.66, Top: 41.88, Bottom: 98.12
2026-06-02 14:44:27.585 - [robot_6_log_20260602_144405.csv] - INFO - Posicion: 261.34, 98.12, 1.667 | Velocidad: -0.9953759946025762, -0.09605534534284021
2026-06-02 14:44:27.585 - [robot_6_log_20260602_144405.csv] - INFO - None
2026-06-02 14:44:27.585 - [robot_6_log_20260602_144405.csv] - DEBUG - Posición actualizada por visión: x=259.95, y=97.95, θ=1.69
2026-06-02 14:44:27.585 - [robot_6_log_20260602_144405.csv] - WARNING - Estado FSM: AVANZA | Target Wall: None | Target Theta: 0.00° |theta: 95.51206444830824 
2026-06-02 14:44:27.585 - [robot_6_log_20260602_144405.csv] - DEBUG - Frecuencia: 20.16 Hz | Latencia Red/Proc: 3.62 ms
2026-06-02 14:44:27.601 - [robot_6_log_20260602_144405.csv] - DEBUG - Despachado a ZMQ -> agent/6/move: {'v': 20.0, 'w': 0.0}
2026-06-02 14:44:27.601 - [robot_6_log_20260602_144405.csv] - DEBUG - Incoming data. Topic 6/pos, mensaje {"x": 259.95, "y": 97.95, "yaw": 1.687, "timestamp": 1780404267.5819044}
2026-06-02 14:44:27.601 - [robot_6_log_20260602_144405.csv] - DEBUG - Posición actualizada por visión: x=259.95, y=97.95, θ=1.69
2026-06-02 14:44:27.606 - [robot_6_log_20260602_144405.csv] - DEBUG - Frecuencia: 48.18 Hz | Latencia Red/Proc: 24.37 ms
2026-06-02 14:44:27.611 - [robot_6_log_20260602_144405.csv] - DEBUG - Incoming data. Topic 6/pos, mensaje {"x": 259.95, "y": 97.95, "yaw": 1.687, "timestamp": 1780404267.59098}
2026-06-02 14:44:27.616 - [robot_6_log_20260602_144405.csv] - DEBUG - Posición actualizada por visión: x=259.95, y=97.95, θ=1.69
2026-06-02 14:44:27.622 - [robot_6_log_20260602_144405.csv] - DEBUG - Frecuencia: 60.36 Hz | Latencia Red/Proc: 31.86 ms
2026-06-02 14:44:27.633 - [robot_6_log_20260602_144405.csv] - DEBUG - Incoming data. Topic 6/pos, mensaje {"x": 259.95, "y": 97.95, "yaw": 1.687, "timestamp": 1780404267.59098}
2026-06-02 14:44:27.635 - [robot_6_log_20260602_144405.csv] - INFO - Usando posición VISION: x=259.95, y=97.95, θ=1.69
2026-06-02 14:44:27.635 - [robot_6_log_20260602_144405.csv] - DEBUG - Posición actualizada por visión: x=259.95, y=97.95, θ=1.69
2026-06-02 14:44:27.635 - [robot_6_log_20260602_144405.csv] - INFO - Distancias a paredes: Left: 259.95, Right: 190.05, Top: 42.05, Bottom: 97.95
2026-06-02 14:44:27.635 - [robot_6_log_20260602_144405.csv] - DEBUG - Frecuencia: 79.07 Hz | Latencia Red/Proc: 44.51 ms
2026-06-02 14:44:27.635 - [robot_6_log_20260602_144405.csv] - INFO - Posicion: 259.95, 97.95, 1.687 | Velocidad: -0.9932559472037826, -0.11594232766473392
2026-06-02 14:44:27.635 - [robot_6_log_20260602_144405.csv] - INFO - None
2026-06-02 14:44:27.635 - [robot_6_log_20260602_144405.csv] - DEBUG - Incoming data. Topic agent/6/wheel, mensaje {"Wleft":6.067977879,"Wright":5.880752602}
2026-06-02 14:44:27.635 - [robot_6_log_20260602_144405.csv] - WARNING - Estado FSM: AVANZA | Target Wall: None | Target Theta: 0.00° |theta: 96.65798003856989 
2026-06-02 14:44:27.657 - [robot_6_log_20260602_144405.csv] - DEBUG - Despachado a ZMQ -> agent/6/move: {'v': 20.0, 'w': 0.0}
2026-06-02 14:44:27.685 - [robot_6_log_20260602_144405.csv] - INFO - Usando posición VISION: x=259.95, y=97.95, θ=1.69
2026-06-02 14:44:27.685 - [robot_6_log_20260602_144405.csv] - INFO - Distancias a paredes: Left: 259.95, Right: 190.05, Top: 42.05, Bottom: 97.95
2026-06-02 14:44:27.685 - [robot_6_log_20260602_144405.csv] - INFO - Posicion: 259.95, 97.95, 1.687 | Velocidad: -0.9932559472037826, -0.11594232766473392
2026-06-02 14:44:27.685 - [robot_6_log_20260602_144405.csv] - INFO - None
2026-06-02 14:44:27.685 - [robot_6_log_20260602_144405.csv] - WARNING - Estado FSM: AVANZA | Target Wall: None | Target Theta: 0.00° |theta: 96.65798003856989 
2026-06-02 14:44:27.695 - [robot_6_log_20260602_144405.csv] - DEBUG - Incoming data. Topic 6/pos, mensaje {"x": 258.46, "y": 97.88, "yaw": 1.705, "timestamp": 1780404267.683915}
2026-06-02 14:44:27.700 - [robot_6_log_20260602_144405.csv] - DEBUG - Posición actualizada por visión: x=258.46, y=97.88, θ=1.71
2026-06-02 14:44:27.705 - [robot_6_log_20260602_144405.csv] - DEBUG - Frecuencia: 14.20 Hz | Latencia Red/Proc: 21.98 ms
2026-06-02 14:44:27.705 - [robot_6_log_20260602_144405.csv] - DEBUG - Incoming data. Topic 6/pos, mensaje {"x": 258.46, "y": 97.88, "yaw": 1.705, "timestamp": 1780404267.683915}
2026-06-02 14:44:27.705 - [robot_6_log_20260602_144405.csv] - DEBUG - Despachado a ZMQ -> agent/6/move: {'v': 20.0, 'w': 0.0}
2026-06-02 14:44:27.716 - [robot_6_log_20260602_144405.csv] - DEBUG - Posición actualizada por visión: x=258.46, y=97.88, θ=1.71
2026-06-02 14:44:27.735 - [robot_6_log_20260602_144405.csv] - INFO - Usando posición VISION: x=258.46, y=97.88, θ=1.71
2026-06-02 14:44:27.735 - [robot_6_log_20260602_144405.csv] - DEBUG - Frecuencia: 34.05 Hz | Latencia Red/Proc: 51.35 ms
2026-06-02 14:44:27.735 - [robot_6_log_20260602_144405.csv] - INFO - Distancias a paredes: Left: 258.46, Right: 191.54, Top: 42.12, Bottom: 97.88
2026-06-02 14:44:27.735 - [robot_6_log_20260602_144405.csv] - DEBUG - Incoming data. Topic 6/pos, mensaje {"x": 258.46, "y": 97.88, "yaw": 1.705, "timestamp": 1780404267.6929657}
2026-06-02 14:44:27.735 - [robot_6_log_20260602_144405.csv] - INFO - Posicion: 258.46, 97.88, 1.705 | Velocidad: -0.9910081948809418, -0.133801187135306
2026-06-02 14:44:27.735 - [robot_6_log_20260602_144405.csv] - DEBUG - Posición actualizada por visión: x=258.46, y=97.88, θ=1.71
2026-06-02 14:44:27.735 - [robot_6_log_20260602_144405.csv] - INFO - None
2026-06-02 14:44:27.735 - [robot_6_log_20260602_144405.csv] - DEBUG - Frecuencia: 5849.80 Hz | Latencia Red/Proc: 42.47 ms
2026-06-02 14:44:27.735 - [robot_6_log_20260602_144405.csv] - WARNING - Estado FSM: AVANZA | Target Wall: None | Target Theta: 0.00° |theta: 97.68930406980536 
2026-06-02 14:44:27.740 - [robot_6_log_20260602_144405.csv] - DEBUG - Incoming data. Topic 6/pos, mensaje {"x": 258.46, "y": 97.88, "yaw": 1.705, "timestamp": 1780404267.6929657}
2026-06-02 14:44:27.745 - [robot_6_log_20260602_144405.csv] - DEBUG - Posición actualizada por visión: x=258.46, y=97.88, θ=1.71
2026-06-02 14:44:27.750 - [robot_6_log_20260602_144405.csv] - DEBUG - Despachado a ZMQ -> agent/6/move: {'v': 20.0, 'w': 0.0}
2026-06-02 14:44:27.761 - [robot_6_log_20260602_144405.csv] - DEBUG - Frecuencia: 38.89 Hz | Latencia Red/Proc: 68.18 ms
2026-06-02 14:44:27.785 - [robot_6_log_20260602_144405.csv] - INFO - Usando posición VISION: x=258.46, y=97.88, θ=1.71
2026-06-02 14:44:27.785 - [robot_6_log_20260602_144405.csv] - DEBUG - Incoming data. Topic agent/6/wheel, mensaje {"Wleft":4.067666839,"Wright":5.795402719}
2026-06-02 14:44:27.785 - [robot_6_log_20260602_144405.csv] - INFO - Distancias a paredes: Left: 258.46, Right: 191.54, Top: 42.12, Bottom: 97.88
2026-06-02 14:44:27.785 - [robot_6_log_20260602_144405.csv] - INFO - Posicion: 258.46, 97.88, 1.705 | Velocidad: -0.9910081948809418, -0.133801187135306
2026-06-02 14:44:27.785 - [robot_6_log_20260602_144405.csv] - INFO - None
2026-06-02 14:44:27.785 - [robot_6_log_20260602_144405.csv] - DEBUG - Incoming data. Topic 6/pos, mensaje {"x": 256.94, "y": 97.7, "yaw": 1.731, "timestamp": 1780404267.7814193}
2026-06-02 14:44:27.785 - [robot_6_log_20260602_144405.csv] - WARNING - Estado FSM: AVANZA | Target Wall: None | Target Theta: 0.00° |theta: 97.68930406980536 
2026-06-02 14:44:27.785 - [robot_6_log_20260602_144405.csv] - DEBUG - Posición actualizada por visión: x=256.94, y=97.70, θ=1.73
2026-06-02 14:44:27.800 - [robot_6_log_20260602_144405.csv] - DEBUG - Despachado a ZMQ -> agent/6/move: {'v': 20.0, 'w': 0.0}
2026-06-02 14:44:27.800 - [robot_6_log_20260602_144405.csv] - DEBUG - Frecuencia: 25.18 Hz | Latencia Red/Proc: 19.43 ms
2026-06-02 14:44:27.832 - [robot_6_log_20260602_144405.csv] - DEBUG - Incoming data. Topic 6/pos, mensaje {"x": 256.94, "y": 97.7, "yaw": 1.731, "timestamp": 1780404267.7814193}
2026-06-02 14:44:27.835 - [robot_6_log_20260602_144405.csv] - INFO - Usando posición VISION: x=256.94, y=97.70, θ=1.73
2026-06-02 14:44:27.835 - [robot_6_log_20260602_144405.csv] - DEBUG - Posición actualizada por visión: x=256.94, y=97.70, θ=1.73
2026-06-02 14:44:27.835 - [robot_6_log_20260602_144405.csv] - INFO - Distancias a paredes: Left: 256.94, Right: 193.06, Top: 42.30, Bottom: 97.70
2026-06-02 14:44:27.835 - [robot_6_log_20260602_144405.csv] - DEBUG - Frecuencia: 29.07 Hz | Latencia Red/Proc: 53.83 ms
2026-06-02 14:44:27.835 - [robot_6_log_20260602_144405.csv] - INFO - Posicion: 256.94, 97.7, 1.731 | Velocidad: -0.9871948140496155, -0.1595192750533459
2026-06-02 14:44:27.835 - [robot_6_log_20260602_144405.csv] - DEBUG - Incoming data. Topic 6/pos, mensaje {"x": 256.94, "y": 97.7, "yaw": 1.731, "timestamp": 1780404267.790326}
2026-06-02 14:44:27.835 - [robot_6_log_20260602_144405.csv] - INFO - None
2026-06-02 14:44:27.835 - [robot_6_log_20260602_144405.csv] - DEBUG - Posición actualizada por visión: x=256.94, y=97.70, θ=1.73
2026-06-02 14:44:27.835 - [robot_6_log_20260602_144405.csv] - WARNING - Estado FSM: AVANZA | Target Wall: None | Target Theta: 0.00° |theta: 99.17899433714551 
2026-06-02 14:44:27.835 - [robot_6_log_20260602_144405.csv] - DEBUG - Frecuencia: 4447.83 Hz | Latencia Red/Proc: 45.15 ms
2026-06-02 14:44:27.850 - [robot_6_log_20260602_144405.csv] - DEBUG - Incoming data. Topic 6/pos, mensaje {"x": 256.94, "y": 97.7, "yaw": 1.731, "timestamp": 1780404267.790326}
2026-06-02 14:44:27.855 - [robot_6_log_20260602_144405.csv] - DEBUG - Posición actualizada por visión: x=256.94, y=97.70, θ=1.73
2026-06-02 14:44:27.861 - [robot_6_log_20260602_144405.csv] - DEBUG - Despachado a ZMQ -> agent/6/move: {'v': 20.0, 'w': 0.0}
2026-06-02 14:44:27.861 - [robot_6_log_20260602_144405.csv] - DEBUG - Frecuencia: 38.98 Hz | Latencia Red/Proc: 70.80 ms
2026-06-02 14:44:27.885 - [robot_6_log_20260602_144405.csv] - DEBUG - Incoming data. Topic agent/6/wheel, mensaje {"Wleft":4.045282979,"Wright":5.4662418}
2026-06-02 14:44:27.885 - [robot_6_log_20260602_144405.csv] - INFO - Usando posición VISION: x=256.94, y=97.70, θ=1.73
2026-06-02 14:44:27.885 - [robot_6_log_20260602_144405.csv] - DEBUG - Incoming data. Topic 6/pos, mensaje {"x": 255.46, "y": 97.46, "yaw": 1.762, "timestamp": 1780404267.8823419}
2026-06-02 14:44:27.885 - [robot_6_log_20260602_144405.csv] - INFO - Distancias a paredes: Left: 256.94, Right: 193.06, Top: 42.30, Bottom: 97.70
2026-06-02 14:44:27.885 - [robot_6_log_20260602_144405.csv] - INFO - Posicion: 256.94, 97.7, 1.731 | Velocidad: -0.9871948140496155, -0.1595192750533459
2026-06-02 14:44:27.885 - [robot_6_log_20260602_144405.csv] - INFO - None
2026-06-02 14:44:27.885 - [robot_6_log_20260602_144405.csv] - WARNING - Estado FSM: AVANZA | Target Wall: None | Target Theta: 0.00° |theta: 99.17899433714551 
2026-06-02 14:44:27.885 - [robot_6_log_20260602_144405.csv] - DEBUG - Posición actualizada por visión: x=255.46, y=97.46, θ=1.76
2026-06-02 14:44:27.901 - [robot_6_log_20260602_144405.csv] - DEBUG - Despachado a ZMQ -> agent/6/move: {'v': 20.0, 'w': 0.0}
2026-06-02 14:44:27.906 - [robot_6_log_20260602_144405.csv] - DEBUG - Frecuencia: 22.17 Hz | Latencia Red/Proc: 23.89 ms
2026-06-02 14:44:27.935 - [robot_6_log_20260602_144405.csv] - INFO - Usando posición VISION: x=255.46, y=97.46, θ=1.76
2026-06-02 14:44:27.935 - [robot_6_log_20260602_144405.csv] - INFO - Distancias a paredes: Left: 255.46, Right: 194.54, Top: 42.54, Bottom: 97.46
2026-06-02 14:44:27.935 - [robot_6_log_20260602_144405.csv] - INFO - Posicion: 255.46, 97.46, 1.762 | Velocidad: -0.9817761994026223, -0.1900407700640641
2026-06-02 14:44:27.935 - [robot_6_log_20260602_144405.csv] - INFO - None
2026-06-02 14:44:27.935 - [robot_6_log_20260602_144405.csv] - WARNING - Estado FSM: AVANZA | Target Wall: None | Target Theta: 0.00° |theta: 100.95516350205105 
2026-06-02 14:44:27.945 - [robot_6_log_20260602_144405.csv] - DEBUG - Incoming data. Topic 6/pos, mensaje {"x": 255.46, "y": 97.46, "yaw": 1.762, "timestamp": 1780404267.8823419}
2026-06-02 14:44:27.945 - [robot_6_log_20260602_144405.csv] - DEBUG - Posición actualizada por visión: x=255.46, y=97.46, θ=1.76
2026-06-02 14:44:27.945 - [robot_6_log_20260602_144405.csv] - DEBUG - Despachado a ZMQ -> agent/6/move: {'v': 20.0, 'w': 0.0}
2026-06-02 14:44:27.955 - [robot_6_log_20260602_144405.csv] - DEBUG - Frecuencia: 20.10 Hz | Latencia Red/Proc: 73.64 ms
2026-06-02 14:44:27.968 - [robot_6_log_20260602_144405.csv] - DEBUG - Incoming data. Topic 6/pos, mensaje {"x": 255.46, "y": 97.46, "yaw": 1.762, "timestamp": 1780404267.891621}
2026-06-02 14:44:27.968 - [robot_6_log_20260602_144405.csv] - DEBUG - Posición actualizada por visión: x=255.46, y=97.46, θ=1.76
2026-06-02 14:44:27.968 - [robot_6_log_20260602_144405.csv] - DEBUG - Frecuencia: 81.91 Hz | Latencia Red/Proc: 76.57 ms
2026-06-02 14:44:27.968 - [robot_6_log_20260602_144405.csv] - DEBUG - Incoming data. Topic 6/pos, mensaje {"x": 255.46, "y": 97.46, "yaw": 1.762, "timestamp": 1780404267.891621}
2026-06-02 14:44:27.968 - [robot_6_log_20260602_144405.csv] - DEBUG - Posición actualizada por visión: x=255.46, y=97.46, θ=1.76
2026-06-02 14:44:27.968 - [robot_6_log_20260602_144405.csv] - DEBUG - Frecuencia: 24105.20 Hz | Latencia Red/Proc: 76.61 ms
2026-06-02 14:44:27.968 - [robot_6_log_20260602_144405.csv] - DEBUG - Incoming data. Topic agent/6/wheel, mensaje {"Wleft":6.069483498,"Wright":5.480632285}
2026-06-02 14:44:27.985 - [robot_6_log_20260602_144405.csv] - INFO - Usando posición VISION: x=255.46, y=97.46, θ=1.76
2026-06-02 14:44:27.985 - [robot_6_log_20260602_144405.csv] - INFO - Distancias a paredes: Left: 255.46, Right: 194.54, Top: 42.54, Bottom: 97.46
2026-06-02 14:44:27.985 - [robot_6_log_20260602_144405.csv] - INFO - Posicion: 255.46, 97.46, 1.762 | Velocidad: -0.9817761994026223, -0.1900407700640641
2026-06-02 14:44:27.985 - [robot_6_log_20260602_144405.csv] - INFO - None
2026-06-02 14:44:27.985 - [robot_6_log_20260602_144405.csv] - WARNING - Estado FSM: AVANZA | Target Wall: None | Target Theta: 0.00° |theta: 100.95516350205105 
2026-06-02 14:44:28.000 - [robot_6_log_20260602_144405.csv] - DEBUG - Incoming data. Topic 6/pos, mensaje {"x": 254.0, "y": 97.17, "yaw": 1.794, "timestamp": 1780404267.9849374}
2026-06-02 14:44:28.000 - [robot_6_log_20260602_144405.csv] - DEBUG - Despachado a ZMQ -> agent/6/move: {'v': 20.0, 'w': 0.0}
2026-06-02 14:44:28.011 - [robot_6_log_20260602_144405.csv] - DEBUG - Posición actualizada por visión: x=254.00, y=97.17, θ=1.79
2026-06-02 14:44:28.035 - [robot_6_log_20260602_144405.csv] - INFO - Usando posición VISION: x=254.00, y=97.17, θ=1.79
2026-06-02 14:44:28.035 - [robot_6_log_20260602_144405.csv] - INFO - Distancias a paredes: Left: 254.00, Right: 196.00, Top: 42.83, Bottom: 97.17
2026-06-02 14:44:28.035 - [robot_6_log_20260602_144405.csv] - INFO - Posicion: 254.0, 97.17, 1.794 | Velocidad: -0.9751933060623249, -0.22135495434083396
2026-06-02 14:44:28.035 - [robot_6_log_20260602_144405.csv] - INFO - None
2026-06-02 14:44:28.035 - [robot_6_log_20260602_144405.csv] - DEBUG - Frecuencia: 14.93 Hz | Latencia Red/Proc: 50.27 ms
2026-06-02 14:44:28.035 - [robot_6_log_20260602_144405.csv] - WARNING - Estado FSM: AVANZA | Target Wall: None | Target Theta: 0.00° |theta: 102.78862844646969 
2026-06-02 14:44:28.040 - [robot_6_log_20260602_144405.csv] - DEBUG - Incoming data. Topic 6/pos, mensaje {"x": 254.0, "y": 97.17, "yaw": 1.794, "timestamp": 1780404267.9849374}
2026-06-02 14:44:28.045 - [robot_6_log_20260602_144405.csv] - DEBUG - Posición actualizada por visión: x=254.00, y=97.17, θ=1.79
2026-06-02 14:44:28.050 - [robot_6_log_20260602_144405.csv] - DEBUG - Frecuencia: 64.28 Hz | Latencia Red/Proc: 65.83 ms
2026-06-02 14:44:28.055 - [robot_6_log_20260602_144405.csv] - DEBUG - Despachado a ZMQ -> agent/6/move: {'v': 20.0, 'w': 0.0}
2026-06-02 14:44:28.066 - [robot_6_log_20260602_144405.csv] - DEBUG - Incoming data. Topic 6/pos, mensaje {"x": 254.0, "y": 97.17, "yaw": 1.794, "timestamp": 1780404267.9940743}
2026-06-02 14:44:28.076 - [robot_6_log_20260602_144405.csv] - DEBUG - Posición actualizada por visión: x=254.00, y=97.17, θ=1.79
2026-06-02 14:44:28.076 - [robot_6_log_20260602_144405.csv] - DEBUG - Frecuencia: 38.61 Hz | Latencia Red/Proc: 82.59 ms
2026-06-02 14:44:28.076 - [robot_6_log_20260602_144405.csv] - DEBUG - Incoming data. Topic 6/pos, mensaje {"x": 254.0, "y": 97.17, "yaw": 1.794, "timestamp": 1780404267.9940743}
2026-06-02 14:44:28.076 - [robot_6_log_20260602_144405.csv] - DEBUG - Posición actualizada por visión: x=254.00, y=97.17, θ=1.79
2026-06-02 14:44:28.076 - [robot_6_log_20260602_144405.csv] - DEBUG - Frecuencia: 12087.33 Hz | Latencia Red/Proc: 82.67 ms
2026-06-02 14:44:28.076 - [robot_6_log_20260602_144405.csv] - DEBUG - Incoming data. Topic agent/6/wheel, mensaje {"Wleft":2.022049668,"Wright":5.26033629}
2026-06-02 14:44:28.085 - [robot_6_log_20260602_144405.csv] - INFO - Usando posición VISION: x=254.00, y=97.17, θ=1.79
2026-06-02 14:44:28.085 - [robot_6_log_20260602_144405.csv] - INFO - Distancias a paredes: Left: 254.00, Right: 196.00, Top: 42.83, Bottom: 97.17
2026-06-02 14:44:28.085 - [robot_6_log_20260602_144405.csv] - INFO - Posicion: 254.0, 97.17, 1.794 | Velocidad: -0.9751933060623249, -0.22135495434083396
2026-06-02 14:44:28.085 - [robot_6_log_20260602_144405.csv] - INFO - None
2026-06-02 14:44:28.085 - [robot_6_log_20260602_144405.csv] - WARNING - Estado FSM: AVANZA | Target Wall: None | Target Theta: 0.00° |theta: 102.78862844646969 
2026-06-02 14:44:28.091 - [robot_6_log_20260602_144405.csv] - DEBUG - Incoming data. Topic 6/pos, mensaje {"x": 252.53, "y": 96.83, "yaw": 1.801, "timestamp": 1780404268.0884542}
2026-06-02 14:44:28.096 - [robot_6_log_20260602_144405.csv] - DEBUG - Posición actualizada por visión: x=252.53, y=96.83, θ=1.80
2026-06-02 14:44:28.102 - [robot_6_log_20260602_144405.csv] - DEBUG - Despachado a ZMQ -> agent/6/move: {'v': 20.0, 'w': 0.0}
2026-06-02 14:44:28.102 - [robot_6_log_20260602_144405.csv] - DEBUG - Frecuencia: 39.54 Hz | Latencia Red/Proc: 13.58 ms
2026-06-02 14:44:28.123 - [robot_6_log_20260602_144405.csv] - DEBUG - Incoming data. Topic 6/pos, mensaje {"x": 252.53, "y": 96.83, "yaw": 1.801, "timestamp": 1780404268.0884542}
2026-06-02 14:44:28.123 - [robot_6_log_20260602_144405.csv] - DEBUG - Posición actualizada por visión: x=252.53, y=96.83, θ=1.80
2026-06-02 14:44:28.123 - [robot_6_log_20260602_144405.csv] - DEBUG - Frecuencia: 45.62 Hz | Latencia Red/Proc: 35.51 ms
2026-06-02 14:44:28.123 - [robot_6_log_20260602_144405.csv] - DEBUG - Incoming data. Topic 6/pos, mensaje {"x": 252.53, "y": 96.83, "yaw": 1.801, "timestamp": 1780404268.0988274}
2026-06-02 14:44:28.129 - [robot_6_log_20260602_144405.csv] - DEBUG - Posición actualizada por visión: x=252.53, y=96.83, θ=1.80
2026-06-02 14:44:28.134 - [robot_6_log_20260602_144405.csv] - DEBUG - Frecuencia: 97.76 Hz | Latencia Red/Proc: 35.36 ms
2026-06-02 14:44:28.135 - [robot_6_log_20260602_144405.csv] - INFO - Usando posición VISION: x=252.53, y=96.83, θ=1.80
2026-06-02 14:44:28.135 - [robot_6_log_20260602_144405.csv] - DEBUG - Incoming data. Topic 6/pos, mensaje {"x": 252.53, "y": 96.83, "yaw": 1.801, "timestamp": 1780404268.0988274}
2026-06-02 14:44:28.135 - [robot_6_log_20260602_144405.csv] - INFO - Distancias a paredes: Left: 252.53, Right: 197.47, Top: 43.17, Bottom: 96.83
2026-06-02 14:44:28.135 - [robot_6_log_20260602_144405.csv] - DEBUG - Posición actualizada por visión: x=252.53, y=96.83, θ=1.80
2026-06-02 14:44:28.135 - [robot_6_log_20260602_144405.csv] - INFO - Posicion: 252.53, 96.83, 1.801 | Velocidad: -0.9736199418975943, -0.22817582856061938
2026-06-02 14:44:28.135 - [robot_6_log_20260602_144405.csv] - DEBUG - Frecuencia: 867.31 Hz | Latencia Red/Proc: 36.51 ms
2026-06-02 14:44:28.135 - [robot_6_log_20260602_144405.csv] - INFO - None
2026-06-02 14:44:28.135 - [robot_6_log_20260602_144405.csv] - WARNING - Estado FSM: AVANZA | Target Wall: None | Target Theta: 0.00° |theta: 103.18969890306126 
2026-06-02 14:44:28.141 - [robot_6_log_20260602_144405.csv] - DEBUG - Incoming data. Topic agent/6/wheel, mensaje {"Wleft":6.091750016,"Wright":5.212706142}
2026-06-02 14:44:28.151 - [robot_6_log_20260602_144405.csv] - DEBUG - Despachado a ZMQ -> agent/6/move: {'v': 20.0, 'w': 0.0}
2026-06-02 14:44:28.185 - [robot_6_log_20260602_144405.csv] - INFO - Usando posición VISION: x=252.53, y=96.83, θ=1.80
2026-06-02 14:44:28.185 - [robot_6_log_20260602_144405.csv] - INFO - Distancias a paredes: Left: 252.53, Right: 197.47, Top: 43.17, Bottom: 96.83
2026-06-02 14:44:28.185 - [robot_6_log_20260602_144405.csv] - INFO - Posicion: 252.53, 96.83, 1.801 | Velocidad: -0.9736199418975943, -0.22817582856061938
2026-06-02 14:44:28.185 - [robot_6_log_20260602_144405.csv] - INFO - None
2026-06-02 14:44:28.185 - [robot_6_log_20260602_144405.csv] - WARNING - Estado FSM: AVANZA | Target Wall: None | Target Theta: 0.00° |theta: 103.18969890306126 
2026-06-02 14:44:28.195 - [robot_6_log_20260602_144405.csv] - DEBUG - Incoming data. Topic 6/pos, mensaje {"x": 251.12, "y": 96.4, "yaw": 1.83, "timestamp": 1780404268.1831598}
2026-06-02 14:44:28.195 - [robot_6_log_20260602_144405.csv] - DEBUG - Posición actualizada por visión: x=251.12, y=96.40, θ=1.83
2026-06-02 14:44:28.195 - [robot_6_log_20260602_144405.csv] - DEBUG - Despachado a ZMQ -> agent/6/move: {'v': 20.0, 'w': 0.0}
2026-06-02 14:44:28.201 - [robot_6_log_20260602_144405.csv] - DEBUG - Frecuencia: 15.19 Hz | Latencia Red/Proc: 18.00 ms
2026-06-02 14:44:28.216 - [robot_6_log_20260602_144405.csv] - DEBUG - Incoming data. Topic 6/pos, mensaje {"x": 251.12, "y": 96.4, "yaw": 1.83, "timestamp": 1780404268.1831598}
2026-06-02 14:44:28.216 - [robot_6_log_20260602_144405.csv] - DEBUG - Posición actualizada por visión: x=251.12, y=96.40, θ=1.83
2026-06-02 14:44:28.216 - [robot_6_log_20260602_144405.csv] - DEBUG - Frecuencia: 63.90 Hz | Latencia Red/Proc: 33.65 ms
2026-06-02 14:44:28.216 - [robot_6_log_20260602_144405.csv] - DEBUG - Incoming data. Topic 6/pos, mensaje {"x": 251.12, "y": 96.4, "yaw": 1.83, "timestamp": 1780404268.1924}
2026-06-02 14:44:28.227 - [robot_6_log_20260602_144405.csv] - DEBUG - Posición actualizada por visión: x=251.12, y=96.40, θ=1.83
2026-06-02 14:44:28.232 - [robot_6_log_20260602_144405.csv] - DEBUG - Frecuencia: 64.63 Hz | Latencia Red/Proc: 39.89 ms
2026-06-02 14:44:28.235 - [robot_6_log_20260602_144405.csv] - INFO - Usando posición VISION: x=251.12, y=96.40, θ=1.83
2026-06-02 14:44:28.235 - [robot_6_log_20260602_144405.csv] - DEBUG - Incoming data. Topic 6/pos, mensaje {"x": 251.12, "y": 96.4, "yaw": 1.83, "timestamp": 1780404268.1924}
2026-06-02 14:44:28.235 - [robot_6_log_20260602_144405.csv] - INFO - Distancias a paredes: Left: 251.12, Right: 198.88, Top: 43.60, Bottom: 96.40
2026-06-02 14:44:28.235 - [robot_6_log_20260602_144405.csv] - DEBUG - Posición actualizada por visión: x=251.12, y=96.40, θ=1.83
2026-06-02 14:44:28.235 - [robot_6_log_20260602_144405.csv] - INFO - Posicion: 251.12, 96.4, 1.83 | Velocidad: -0.9665943918332975, -0.2563109082275227
2026-06-02 14:44:28.235 - [robot_6_log_20260602_144405.csv] - DEBUG - Frecuencia: 311.96 Hz | Latencia Red/Proc: 43.09 ms
2026-06-02 14:44:28.235 - [robot_6_log_20260602_144405.csv] - INFO - None
2026-06-02 14:44:28.235 - [robot_6_log_20260602_144405.csv] - WARNING - Estado FSM: AVANZA | Target Wall: None | Target Theta: 0.00° |theta: 104.85127650894066 
2026-06-02 14:44:28.246 - [robot_6_log_20260602_144405.csv] - DEBUG - Incoming data. Topic agent/6/wheel, mensaje {"Wleft":4.022809461,"Wright":5.367958036}
2026-06-02 14:44:28.261 - [robot_6_log_20260602_144405.csv] - DEBUG - Despachado a ZMQ -> agent/6/move: {'v': 20.0, 'w': 0.0}
2026-06-02 14:44:28.285 - [robot_6_log_20260602_144405.csv] - INFO - Usando posición VISION: x=251.12, y=96.40, θ=1.83
2026-06-02 14:44:28.285 - [robot_6_log_20260602_144405.csv] - INFO - Distancias a paredes: Left: 251.12, Right: 198.88, Top: 43.60, Bottom: 96.40
2026-06-02 14:44:28.285 - [robot_6_log_20260602_144405.csv] - INFO - Posicion: 251.12, 96.4, 1.83 | Velocidad: -0.9665943918332975, -0.2563109082275227
2026-06-02 14:44:28.285 - [robot_6_log_20260602_144405.csv] - INFO - None
2026-06-02 14:44:28.285 - [robot_6_log_20260602_144405.csv] - DEBUG - Incoming data. Topic 6/pos, mensaje {"x": 249.62, "y": 96.03, "yaw": 1.825, "timestamp": 1780404268.281988}
2026-06-02 14:44:28.285 - [robot_6_log_20260602_144405.csv] - WARNING - Estado FSM: AVANZA | Target Wall: None | Target Theta: 0.00° |theta: 104.85127650894066 
2026-06-02 14:44:28.285 - [robot_6_log_20260602_144405.csv] - DEBUG - Posición actualizada por visión: x=249.62, y=96.03, θ=1.82
2026-06-02 14:44:28.290 - [robot_6_log_20260602_144405.csv] - DEBUG - Frecuencia: 18.09 Hz | Latencia Red/Proc: 8.78 ms
2026-06-02 14:44:28.300 - [robot_6_log_20260602_144405.csv] - DEBUG - Despachado a ZMQ -> agent/6/move: {'v': 20.0, 'w': 0.0}
2026-06-02 14:44:28.301 - [robot_6_log_20260602_144405.csv] - DEBUG - Incoming data. Topic 6/pos, mensaje {"x": 249.62, "y": 96.03, "yaw": 1.825, "timestamp": 1780404268.281988}
2026-06-02 14:44:28.321 - [robot_6_log_20260602_144405.csv] - DEBUG - Posición actualizada por visión: x=249.62, y=96.03, θ=1.82
2026-06-02 14:44:28.326 - [robot_6_log_20260602_144405.csv] - DEBUG - Frecuencia: 28.01 Hz | Latencia Red/Proc: 44.49 ms
2026-06-02 14:44:28.331 - [robot_6_log_20260602_144405.csv] - DEBUG - Incoming data. Topic 6/pos, mensaje {"x": 249.62, "y": 96.03, "yaw": 1.825, "timestamp": 1780404268.2933068}
2026-06-02 14:44:28.335 - [robot_6_log_20260602_144405.csv] - INFO - Usando posición VISION: x=249.62, y=96.03, θ=1.82
2026-06-02 14:44:28.335 - [robot_6_log_20260602_144405.csv] - DEBUG - Posición actualizada por visión: x=249.62, y=96.03, θ=1.82
2026-06-02 14:44:28.335 - [robot_6_log_20260602_144405.csv] - INFO - Distancias a paredes: Left: 249.62, Right: 200.38, Top: 43.97, Bottom: 96.03
2026-06-02 14:44:28.335 - [robot_6_log_20260602_144405.csv] - DEBUG - Frecuencia: 113.64 Hz | Latencia Red/Proc: 41.97 ms
2026-06-02 14:44:28.335 - [robot_6_log_20260602_144405.csv] - INFO - Posicion: 249.62, 96.03, 1.825 | Velocidad: -0.9678638586299051, -0.251474752526036
2026-06-02 14:44:28.335 - [robot_6_log_20260602_144405.csv] - INFO - None
2026-06-02 14:44:28.335 - [robot_6_log_20260602_144405.csv] - DEBUG - Incoming data. Topic 6/pos, mensaje {"x": 249.62, "y": 96.03, "yaw": 1.825, "timestamp": 1780404268.2933068}
2026-06-02 14:44:28.335 - [robot_6_log_20260602_144405.csv] - WARNING - Estado FSM: AVANZA | Target Wall: None | Target Theta: 0.00° |theta: 104.56479761137524 
2026-06-02 14:44:28.335 - [robot_6_log_20260602_144405.csv] - DEBUG - Posición actualizada por visión: x=249.62, y=96.03, θ=1.82
2026-06-02 14:44:28.345 - [robot_6_log_20260602_144405.csv] - DEBUG - Frecuencia: 95.99 Hz | Latencia Red/Proc: 52.39 ms
2026-06-02 14:44:28.350 - [robot_6_log_20260602_144405.csv] - DEBUG - Incoming data. Topic agent/6/wheel, mensaje {"Wleft":4.036657721,"Wright":5.538165482}
2026-06-02 14:44:28.350 - [robot_6_log_20260602_144405.csv] - DEBUG - Despachado a ZMQ -> agent/6/move: {'v': 20.0, 'w': 0.0}
2026-06-02 14:44:28.385 - [robot_6_log_20260602_144405.csv] - INFO - Usando posición VISION: x=249.62, y=96.03, θ=1.82
2026-06-02 14:44:28.385 - [robot_6_log_20260602_144405.csv] - INFO - Distancias a paredes: Left: 249.62, Right: 200.38, Top: 43.97, Bottom: 96.03
2026-06-02 14:44:28.385 - [robot_6_log_20260602_144405.csv] - INFO - Posicion: 249.62, 96.03, 1.825 | Velocidad: -0.9678638586299051, -0.251474752526036
2026-06-02 14:44:28.385 - [robot_6_log_20260602_144405.csv] - INFO - None
2026-06-02 14:44:28.385 - [robot_6_log_20260602_144405.csv] - DEBUG - Incoming data. Topic 6/pos, mensaje {"x": 248.14, "y": 95.58, "yaw": 1.847, "timestamp": 1780404268.3845215}
2026-06-02 14:44:28.385 - [robot_6_log_20260602_144405.csv] - WARNING - Estado FSM: AVANZA | Target Wall: None | Target Theta: 0.00° |theta: 104.56479761137524 
2026-06-02 14:44:28.385 - [robot_6_log_20260602_144405.csv] - DEBUG - Posición actualizada por visión: x=248.14, y=95.58, θ=1.85
2026-06-02 14:44:28.395 - [robot_6_log_20260602_144405.csv] - DEBUG - Frecuencia: 20.04 Hz | Latencia Red/Proc: 11.08 ms
2026-06-02 14:44:28.405 - [robot_6_log_20260602_144405.csv] - DEBUG - Despachado a ZMQ -> agent/6/move: {'v': 20.0, 'w': 0.0}
2026-06-02 14:44:28.405 - [robot_6_log_20260602_144405.csv] - DEBUG - Incoming data. Topic 6/pos, mensaje {"x": 248.14, "y": 95.58, "yaw": 1.847, "timestamp": 1780404268.3845215}
2026-06-02 14:44:28.417 - [robot_6_log_20260602_144405.csv] - DEBUG - Posición actualizada por visión: x=248.14, y=95.58, θ=1.85
2026-06-02 14:44:28.417 - [robot_6_log_20260602_144405.csv] - DEBUG - Frecuencia: 46.42 Hz | Latencia Red/Proc: 32.63 ms
2026-06-02 14:44:28.427 - [robot_6_log_20260602_144405.csv] - DEBUG - Incoming data. Topic 6/pos, mensaje {"x": 248.14, "y": 95.58, "yaw": 1.847, "timestamp": 1780404268.3958516}
2026-06-02 14:44:28.432 - [robot_6_log_20260602_144405.csv] - DEBUG - Posición actualizada por visión: x=248.14, y=95.58, θ=1.85
2026-06-02 14:44:28.432 - [robot_6_log_20260602_144405.csv] - DEBUG - Frecuencia: 65.29 Hz | Latencia Red/Proc: 36.61 ms
2026-06-02 14:44:28.435 - [robot_6_log_20260602_144405.csv] - INFO - Usando posición VISION: x=248.14, y=95.58, θ=1.85
2026-06-02 14:44:28.435 - [robot_6_log_20260602_144405.csv] - INFO - Distancias a paredes: Left: 248.14, Right: 201.86, Top: 44.42, Bottom: 95.58
2026-06-02 14:44:28.435 - [robot_6_log_20260602_144405.csv] - INFO - Posicion: 248.14, 95.58, 1.847 | Velocidad: -0.9620976467404488, -0.2727051853861428
2026-06-02 14:44:28.435 - [robot_6_log_20260602_144405.csv] - INFO - None
2026-06-02 14:44:28.435 - [robot_6_log_20260602_144405.csv] - WARNING - Estado FSM: AVANZA | Target Wall: None | Target Theta: 0.00° |theta: 105.82530476066304 
2026-06-02 14:44:28.440 - [robot_6_log_20260602_144405.csv] - DEBUG - Incoming data. Topic 6/pos, mensaje {"x": 248.14, "y": 95.58, "yaw": 1.847, "timestamp": 1780404268.3958516}
2026-06-02 14:44:28.445 - [robot_6_log_20260602_144405.csv] - DEBUG - Posición actualizada por visión: x=248.14, y=95.58, θ=1.85
2026-06-02 14:44:28.450 - [robot_6_log_20260602_144405.csv] - DEBUG - Frecuencia: 54.93 Hz | Latencia Red/Proc: 54.82 ms
2026-06-02 14:44:28.460 - [robot_6_log_20260602_144405.csv] - DEBUG - Despachado a ZMQ -> agent/6/move: {'v': 20.0, 'w': 0.0}
2026-06-02 14:44:28.466 - [robot_6_log_20260602_144405.csv] - DEBUG - Incoming data. Topic agent/6/wheel, mensaje {"Wleft":2.035561833,"Wright":5.867627055}
2026-06-02 14:44:28.483 - [robot_6_log_20260602_144405.csv] - DEBUG - Incoming data. Topic 6/pos, mensaje {"x": 246.68, "y": 95.14, "yaw": 1.869, "timestamp": 1780404268.481232}
2026-06-02 14:44:28.485 - [robot_6_log_20260602_144405.csv] - INFO - Usando posición VISION: x=248.14, y=95.58, θ=1.85
2026-06-02 14:44:28.485 - [robot_6_log_20260602_144405.csv] - INFO - Distancias a paredes: Left: 248.14, Right: 201.86, Top: 44.42, Bottom: 95.58
2026-06-02 14:44:28.485 - [robot_6_log_20260602_144405.csv] - INFO - Posicion: 248.14, 95.58, 1.847 | Velocidad: -0.9620976467404488, -0.2727051853861428
2026-06-02 14:44:28.485 - [robot_6_log_20260602_144405.csv] - DEBUG - Posición actualizada por visión: x=246.68, y=95.14, θ=1.87
2026-06-02 14:44:28.485 - [robot_6_log_20260602_144405.csv] - INFO - None
2026-06-02 14:44:28.485 - [robot_6_log_20260602_144405.csv] - DEBUG - Frecuencia: 28.78 Hz | Latencia Red/Proc: 4.18 ms
2026-06-02 14:44:28.485 - [robot_6_log_20260602_144405.csv] - WARNING - Estado FSM: AVANZA | Target Wall: None | Target Theta: 0.00° |theta: 105.82530476066304 
2026-06-02 14:44:28.485 - [robot_6_log_20260602_144405.csv] - DEBUG - Incoming data. Topic 6/pos, mensaje {"x": 246.68, "y": 95.14, "yaw": 1.869, "timestamp": 1780404268.481232}
2026-06-02 14:44:28.495 - [robot_6_log_20260602_144405.csv] - DEBUG - Posición actualizada por visión: x=246.68, y=95.14, θ=1.87
2026-06-02 14:44:28.500 - [robot_6_log_20260602_144405.csv] - DEBUG - Frecuencia: 64.55 Hz | Latencia Red/Proc: 19.67 ms
2026-06-02 14:44:28.506 - [robot_6_log_20260602_144405.csv] - DEBUG - Despachado a ZMQ -> agent/6/move: {'v': 20.0, 'w': 0.0}
2026-06-02 14:44:28.506 - [robot_6_log_20260602_144405.csv] - DEBUG - Incoming data. Topic 6/pos, mensaje {"x": 246.68, "y": 95.14, "yaw": 1.869, "timestamp": 1780404268.4894595}
2026-06-02 14:44:28.532 - [robot_6_log_20260602_144405.csv] - DEBUG - Posición actualizada por visión: x=246.68, y=95.14, θ=1.87
2026-06-02 14:44:28.532 - [robot_6_log_20260602_144405.csv] - DEBUG - Frecuencia: 31.55 Hz | Latencia Red/Proc: 43.14 ms
2026-06-02 14:44:28.532 - [robot_6_log_20260602_144405.csv] - DEBUG - Incoming data. Topic 6/pos, mensaje {"x": 246.68, "y": 95.14, "yaw": 1.869, "timestamp": 1780404268.4894595}
2026-06-02 14:44:28.532 - [robot_6_log_20260602_144405.csv] - DEBUG - Posición actualizada por visión: x=246.68, y=95.14, θ=1.87
2026-06-02 14:44:28.535 - [robot_6_log_20260602_144405.csv] - INFO - Usando posición VISION: x=246.68, y=95.14, θ=1.87
2026-06-02 14:44:28.535 - [robot_6_log_20260602_144405.csv] - DEBUG - Frecuencia: 383.01 Hz | Latencia Red/Proc: 45.76 ms
2026-06-02 14:44:28.535 - [robot_6_log_20260602_144405.csv] - INFO - Distancias a paredes: Left: 246.68, Right: 203.32, Top: 44.86, Bottom: 95.14
2026-06-02 14:44:28.535 - [robot_6_log_20260602_144405.csv] - INFO - Posicion: 246.68, 95.14, 1.869 | Velocidad: -0.9558657983710961, -0.29380363426000566
2026-06-02 14:44:28.535 - [robot_6_log_20260602_144405.csv] - INFO - None
2026-06-02 14:44:28.535 - [robot_6_log_20260602_144405.csv] - WARNING - Estado FSM: AVANZA | Target Wall: None | Target Theta: 0.00° |theta: 107.08581190995086 
2026-06-02 14:44:28.546 - [robot_6_log_20260602_144405.csv] - DEBUG - Incoming data. Topic agent/6/wheel, mensaje {"Wleft":6.067920724,"Wright":6.232433586}
2026-06-02 14:44:28.551 - [robot_6_log_20260602_144405.csv] - DEBUG - Despachado a ZMQ -> agent/6/move: {'v': 20.0, 'w': 0.0}
2026-06-02 14:44:28.585 - [robot_6_log_20260602_144405.csv] - INFO - Usando posición VISION: x=246.68, y=95.14, θ=1.87
2026-06-02 14:44:28.585 - [robot_6_log_20260602_144405.csv] - DEBUG - Incoming data. Topic 6/pos, mensaje {"x": 245.17, "y": 94.7, "yaw": 1.872, "timestamp": 1780404268.5810018}
2026-06-02 14:44:28.585 - [robot_6_log_20260602_144405.csv] - INFO - Distancias a paredes: Left: 246.68, Right: 203.32, Top: 44.86, Bottom: 95.14
2026-06-02 14:44:28.585 - [robot_6_log_20260602_144405.csv] - DEBUG - Posición actualizada por visión: x=245.17, y=94.70, θ=1.87
2026-06-02 14:44:28.585 - [robot_6_log_20260602_144405.csv] - INFO - Posicion: 246.68, 95.14, 1.869 | Velocidad: -0.9558657983710961, -0.29380363426000566
2026-06-02 14:44:28.585 - [robot_6_log_20260602_144405.csv] - DEBUG - Frecuencia: 19.90 Hz | Latencia Red/Proc: 4.47 ms
2026-06-02 14:44:28.585 - [robot_6_log_20260602_144405.csv] - INFO - None
2026-06-02 14:44:28.585 - [robot_6_log_20260602_144405.csv] - DEBUG - Incoming data. Topic 6/pos, mensaje {"x": 245.17, "y": 94.7, "yaw": 1.872, "timestamp": 1780404268.5810018}
2026-06-02 14:44:28.585 - [robot_6_log_20260602_144405.csv] - WARNING - Estado FSM: AVANZA | Target Wall: None | Target Theta: 0.00° |theta: 107.08581190995086 
2026-06-02 14:44:28.585 - [robot_6_log_20260602_144405.csv] - DEBUG - Posición actualizada por visión: x=245.17, y=94.70, θ=1.87
2026-06-02 14:44:28.595 - [robot_6_log_20260602_144405.csv] - DEBUG - Frecuencia: 95.76 Hz | Latencia Red/Proc: 14.91 ms
2026-06-02 14:44:28.601 - [robot_6_log_20260602_144405.csv] - DEBUG - Incoming data. Topic 6/pos, mensaje {"x": 245.17, "y": 94.7, "yaw": 1.872, "timestamp": 1780404268.5892754}
2026-06-02 14:44:28.606 - [robot_6_log_20260602_144405.csv] - DEBUG - Despachado a ZMQ -> agent/6/move: {'v': 20.0, 'w': 0.0}
2026-06-02 14:44:28.606 - [robot_6_log_20260602_144405.csv] - DEBUG - Posición actualizada por visión: x=245.17, y=94.70, θ=1.87
2026-06-02 14:44:28.627 - [robot_6_log_20260602_144405.csv] - DEBUG - Frecuencia: 31.55 Hz | Latencia Red/Proc: 38.33 ms
2026-06-02 14:44:28.627 - [robot_6_log_20260602_144405.csv] - DEBUG - Incoming data. Topic 6/pos, mensaje {"x": 245.17, "y": 94.7, "yaw": 1.872, "timestamp": 1780404268.5892754}
2026-06-02 14:44:28.627 - [robot_6_log_20260602_144405.csv] - DEBUG - Posición actualizada por visión: x=245.17, y=94.70, θ=1.87
2026-06-02 14:44:28.627 - [robot_6_log_20260602_144405.csv] - DEBUG - Frecuencia: 8405.42 Hz | Latencia Red/Proc: 38.45 ms
2026-06-02 14:44:28.635 - [robot_6_log_20260602_144405.csv] - INFO - Usando posición VISION: x=245.17, y=94.70, θ=1.87
2026-06-02 14:44:28.635 - [robot_6_log_20260602_144405.csv] - INFO - Distancias a paredes: Left: 245.17, Right: 204.83, Top: 45.30, Bottom: 94.70
2026-06-02 14:44:28.635 - [robot_6_log_20260602_144405.csv] - INFO - Posicion: 245.17, 94.7, 1.872 | Velocidad: -0.9549800873975651, -0.2966699052383623
2026-06-02 14:44:28.635 - [robot_6_log_20260602_144405.csv] - INFO - None
2026-06-02 14:44:28.635 - [robot_6_log_20260602_144405.csv] - WARNING - Estado FSM: AVANZA | Target Wall: None | Target Theta: 0.00° |theta: 107.25769924849011 
2026-06-02 14:44:28.646 - [robot_6_log_20260602_144405.csv] - DEBUG - Incoming data. Topic agent/6/wheel, mensaje {"Wleft":6.06717219,"Wright":6.353563557}
2026-06-02 14:44:28.661 - [robot_6_log_20260602_144405.csv] - DEBUG - Despachado a ZMQ -> agent/6/move: {'v': 20.0, 'w': 0.0}
2026-06-02 14:44:28.685 - [robot_6_log_20260602_144405.csv] - DEBUG - Incoming data. Topic 6/pos, mensaje {"x": 243.53, "y": 94.23, "yaw": 1.885, "timestamp": 1780404268.681616}
2026-06-02 14:44:28.685 - [robot_6_log_20260602_144405.csv] - INFO - Usando posición VISION: x=245.17, y=94.70, θ=1.87
2026-06-02 14:44:28.685 - [robot_6_log_20260602_144405.csv] - DEBUG - Posición actualizada por visión: x=243.53, y=94.23, θ=1.89
2026-06-02 14:44:28.685 - [robot_6_log_20260602_144405.csv] - INFO - Distancias a paredes: Left: 245.17, Right: 204.83, Top: 45.30, Bottom: 94.70
2026-06-02 14:44:28.685 - [robot_6_log_20260602_144405.csv] - DEBUG - Frecuencia: 17.33 Hz | Latencia Red/Proc: 3.83 ms
2026-06-02 14:44:28.685 - [robot_6_log_20260602_144405.csv] - INFO - Posicion: 245.17, 94.7, 1.872 | Velocidad: -0.9549800873975651, -0.2966699052383623
2026-06-02 14:44:28.685 - [robot_6_log_20260602_144405.csv] - DEBUG - Incoming data. Topic 6/pos, mensaje {"x": 243.53, "y": 94.23, "yaw": 1.885, "timestamp": 1780404268.681616}
2026-06-02 14:44:28.685 - [robot_6_log_20260602_144405.csv] - INFO - None
2026-06-02 14:44:28.685 - [robot_6_log_20260602_144405.csv] - DEBUG - Posición actualizada por visión: x=243.53, y=94.23, θ=1.89
2026-06-02 14:44:28.685 - [robot_6_log_20260602_144405.csv] - WARNING - Estado FSM: AVANZA | Target Wall: None | Target Theta: 0.00° |theta: 107.25769924849011 
2026-06-02 14:44:28.685 - [robot_6_log_20260602_144405.csv] - DEBUG - Frecuencia: 3355.44 Hz | Latencia Red/Proc: 4.13 ms
2026-06-02 14:44:28.701 - [robot_6_log_20260602_144405.csv] - DEBUG - Incoming data. Topic 6/pos, mensaje {"x": 243.53, "y": 94.23, "yaw": 1.885, "timestamp": 1780404268.68961}
2026-06-02 14:44:28.706 - [robot_6_log_20260602_144405.csv] - DEBUG - Posición actualizada por visión: x=243.53, y=94.23, θ=1.89
2026-06-02 14:44:28.711 - [robot_6_log_20260602_144405.csv] - DEBUG - Despachado a ZMQ -> agent/6/move: {'v': 20.0, 'w': 0.0}
2026-06-02 14:44:28.711 - [robot_6_log_20260602_144405.csv] - DEBUG - Frecuencia: 39.06 Hz | Latencia Red/Proc: 21.73 ms
2026-06-02 14:44:28.735 - [robot_6_log_20260602_144405.csv] - INFO - Usando posición VISION: x=243.53, y=94.23, θ=1.89
2026-06-02 14:44:28.735 - [robot_6_log_20260602_144405.csv] - INFO - Distancias a paredes: Left: 243.53, Right: 206.47, Top: 45.77, Bottom: 94.23
2026-06-02 14:44:28.735 - [robot_6_log_20260602_144405.csv] - INFO - Posicion: 243.53, 94.23, 1.885 | Velocidad: -0.9510427925782534, -0.30905922844166495
2026-06-02 14:44:28.735 - [robot_6_log_20260602_144405.csv] - DEBUG - Incoming data. Topic 6/pos, mensaje {"x": 243.53, "y": 94.23, "yaw": 1.885, "timestamp": 1780404268.68961}
2026-06-02 14:44:28.735 - [robot_6_log_20260602_144405.csv] - INFO - None
2026-06-02 14:44:28.735 - [robot_6_log_20260602_144405.csv] - WARNING - Estado FSM: AVANZA | Target Wall: None | Target Theta: 0.00° |theta: 108.00254438216018 
2026-06-02 14:44:28.735 - [robot_6_log_20260602_144405.csv] - DEBUG - Posición actualizada por visión: x=243.53, y=94.23, θ=1.89
2026-06-02 14:44:28.750 - [robot_6_log_20260602_144405.csv] - DEBUG - Frecuencia: 25.26 Hz | Latencia Red/Proc: 61.32 ms
2026-06-02 14:44:28.750 - [robot_6_log_20260602_144405.csv] - DEBUG - Despachado a ZMQ -> agent/6/move: {'v': 20.0, 'w': 0.0}
2026-06-02 14:44:28.781 - [robot_6_log_20260602_144405.csv] - DEBUG - Incoming data. Topic agent/6/wheel, mensaje {"Wleft":2.022343869,"Wright":6.180433626}
2026-06-02 14:44:28.785 - [robot_6_log_20260602_144405.csv] - DEBUG - Incoming data. Topic 6/pos, mensaje {"x": 241.96, "y": 93.73, "yaw": 1.895, "timestamp": 1780404268.780619}
2026-06-02 14:44:28.785 - [robot_6_log_20260602_144405.csv] - INFO - Usando posición VISION: x=243.53, y=94.23, θ=1.89
2026-06-02 14:44:28.785 - [robot_6_log_20260602_144405.csv] - DEBUG - Posición actualizada por visión: x=241.96, y=93.73, θ=1.90
2026-06-02 14:44:28.785 - [robot_6_log_20260602_144405.csv] - INFO - Distancias a paredes: Left: 243.53, Right: 206.47, Top: 45.77, Bottom: 94.23
2026-06-02 14:44:28.785 - [robot_6_log_20260602_144405.csv] - DEBUG - Frecuencia: 28.96 Hz | Latencia Red/Proc: 4.84 ms
2026-06-02 14:44:28.785 - [robot_6_log_20260602_144405.csv] - INFO - Posicion: 243.53, 94.23, 1.885 | Velocidad: -0.9510427925782534, -0.30905922844166495
2026-06-02 14:44:28.785 - [robot_6_log_20260602_144405.csv] - INFO - None
2026-06-02 14:44:28.785 - [robot_6_log_20260602_144405.csv] - WARNING - Estado FSM: AVANZA | Target Wall: None | Target Theta: 0.00° |theta: 108.00254438216018 
2026-06-02 14:44:28.785 - [robot_6_log_20260602_144405.csv] - DEBUG - Incoming data. Topic 6/pos, mensaje {"x": 241.96, "y": 93.73, "yaw": 1.895, "timestamp": 1780404268.780619}
2026-06-02 14:44:28.796 - [robot_6_log_20260602_144405.csv] - DEBUG - Posición actualizada por visión: x=241.96, y=93.73, θ=1.90
2026-06-02 14:44:28.801 - [robot_6_log_20260602_144405.csv] - DEBUG - Frecuencia: 63.65 Hz | Latencia Red/Proc: 20.55 ms
2026-06-02 14:44:28.806 - [robot_6_log_20260602_144405.csv] - DEBUG - Despachado a ZMQ -> agent/6/move: {'v': 20.0, 'w': 0.0}
2026-06-02 14:44:28.811 - [robot_6_log_20260602_144405.csv] - DEBUG - Incoming data. Topic 6/pos, mensaje {"x": 241.96, "y": 93.73, "yaw": 1.895, "timestamp": 1780404268.7914953}
2026-06-02 14:44:28.835 - [robot_6_log_20260602_144405.csv] - INFO - Usando posición VISION: x=241.96, y=93.73, θ=1.90
2026-06-02 14:44:28.835 - [robot_6_log_20260602_144405.csv] - DEBUG - Posición actualizada por visión: x=241.96, y=93.73, θ=1.90
2026-06-02 14:44:28.835 - [robot_6_log_20260602_144405.csv] - INFO - Distancias a paredes: Left: 241.96, Right: 208.04, Top: 46.27, Bottom: 93.73
2026-06-02 14:44:28.835 - [robot_6_log_20260602_144405.csv] - DEBUG - Frecuencia: 29.32 Hz | Latencia Red/Proc: 43.78 ms
2026-06-02 14:44:28.835 - [robot_6_log_20260602_144405.csv] - INFO - Posicion: 241.96, 93.73, 1.895 | Velocidad: -0.9479047000600882, -0.3185540450284601
2026-06-02 14:44:28.835 - [robot_6_log_20260602_144405.csv] - INFO - None
2026-06-02 14:44:28.835 - [robot_6_log_20260602_144405.csv] - WARNING - Estado FSM: AVANZA | Target Wall: None | Target Theta: 0.00° |theta: 108.575502177291 
2026-06-02 14:44:28.840 - [robot_6_log_20260602_144405.csv] - DEBUG - Incoming data. Topic 6/pos, mensaje {"x": 241.96, "y": 93.73, "yaw": 1.895, "timestamp": 1780404268.7914953}
2026-06-02 14:44:28.845 - [robot_6_log_20260602_144405.csv] - DEBUG - Posición actualizada por visión: x=241.96, y=93.73, θ=1.90
2026-06-02 14:44:28.850 - [robot_6_log_20260602_144405.csv] - DEBUG - Frecuencia: 64.60 Hz | Latencia Red/Proc: 59.26 ms
2026-06-02 14:44:28.855 - [robot_6_log_20260602_144405.csv] - DEBUG - Incoming data. Topic agent/6/wheel, mensaje {"Wleft":8.090923984,"Wright":6.346501249}
2026-06-02 14:44:28.855 - [robot_6_log_20260602_144405.csv] - DEBUG - Despachado a ZMQ -> agent/6/move: {'v': 20.0, 'w': 0.0}
2026-06-02 14:44:28.882 - [robot_6_log_20260602_144405.csv] - DEBUG - Incoming data. Topic 6/pos, mensaje {"x": 240.49, "y": 93.17, "yaw": 1.919, "timestamp": 1780404268.8811839}
2026-06-02 14:44:28.885 - [robot_6_log_20260602_144405.csv] - INFO - Usando posición VISION: x=241.96, y=93.73, θ=1.90
2026-06-02 14:44:28.885 - [robot_6_log_20260602_144405.csv] - DEBUG - Posición actualizada por visión: x=240.49, y=93.17, θ=1.92
2026-06-02 14:44:28.885 - [robot_6_log_20260602_144405.csv] - INFO - Distancias a paredes: Left: 241.96, Right: 208.04, Top: 46.27, Bottom: 93.73
2026-06-02 14:44:28.885 - [robot_6_log_20260602_144405.csv] - DEBUG - Frecuencia: 28.86 Hz | Latencia Red/Proc: 4.21 ms
2026-06-02 14:44:28.885 - [robot_6_log_20260602_144405.csv] - INFO - Posicion: 241.96, 93.73, 1.895 | Velocidad: -0.9479047000600882, -0.3185540450284601
2026-06-02 14:44:28.885 - [robot_6_log_20260602_144405.csv] - INFO - None
2026-06-02 14:44:28.885 - [robot_6_log_20260602_144405.csv] - DEBUG - Incoming data. Topic 6/pos, mensaje {"x": 240.49, "y": 93.17, "yaw": 1.919, "timestamp": 1780404268.8811839}
2026-06-02 14:44:28.885 - [robot_6_log_20260602_144405.csv] - DEBUG - Posición actualizada por visión: x=240.49, y=93.17, θ=1.92
2026-06-02 14:44:28.885 - [robot_6_log_20260602_144405.csv] - DEBUG - Frecuencia: 5071.71 Hz | Latencia Red/Proc: 4.41 ms
2026-06-02 14:44:28.885 - [robot_6_log_20260602_144405.csv] - WARNING - Estado FSM: AVANZA | Target Wall: None | Target Theta: 0.00° |theta: 108.575502177291 
2026-06-02 14:44:28.896 - [robot_6_log_20260602_144405.csv] - DEBUG - Incoming data. Topic 6/pos, mensaje {"x": 240.49, "y": 93.17, "yaw": 1.919, "timestamp": 1780404268.8920577}
2026-06-02 14:44:28.896 - [robot_6_log_20260602_144405.csv] - DEBUG - Posición actualizada por visión: x=240.49, y=93.17, θ=1.92
2026-06-02 14:44:28.896 - [robot_6_log_20260602_144405.csv] - DEBUG - Frecuencia: 89.21 Hz | Latencia Red/Proc: 4.75 ms
2026-06-02 14:44:28.896 - [robot_6_log_20260602_144405.csv] - DEBUG - Incoming data. Topic 6/pos, mensaje {"x": 240.49, "y": 93.17, "yaw": 1.919, "timestamp": 1780404268.8920577}
2026-06-02 14:44:28.896 - [robot_6_log_20260602_144405.csv] - DEBUG - Posición actualizada por visión: x=240.49, y=93.17, θ=1.92
2026-06-02 14:44:28.896 - [robot_6_log_20260602_144405.csv] - DEBUG - Frecuencia: 20262.34 Hz | Latencia Red/Proc: 4.79 ms
2026-06-02 14:44:28.896 - [robot_6_log_20260602_144405.csv] - DEBUG - Despachado a ZMQ -> agent/6/move: {'v': 20.0, 'w': 0.0}
2026-06-02 14:44:28.935 - [robot_6_log_20260602_144405.csv] - INFO - Usando posición VISION: x=240.49, y=93.17, θ=1.92
2026-06-02 14:44:28.935 - [robot_6_log_20260602_144405.csv] - DEBUG - Incoming data. Topic agent/6/wheel, mensaje {"Wleft":6.089419258,"Wright":6.061429454}
2026-06-02 14:44:28.935 - [robot_6_log_20260602_144405.csv] - INFO - Distancias a paredes: Left: 240.49, Right: 209.51, Top: 46.83, Bottom: 93.17
2026-06-02 14:44:28.935 - [robot_6_log_20260602_144405.csv] - INFO - Posicion: 240.49, 93.17, 1.919 | Velocidad: -0.9399871534567532, -0.3412098347590092
2026-06-02 14:44:28.935 - [robot_6_log_20260602_144405.csv] - INFO - None
2026-06-02 14:44:28.935 - [robot_6_log_20260602_144405.csv] - WARNING - Estado FSM: AVANZA | Target Wall: None | Target Theta: 0.00° |theta: 109.95060088560498 
2026-06-02 14:44:28.956 - [robot_6_log_20260602_144405.csv] - DEBUG - Despachado a ZMQ -> agent/6/move: {'v': 20.0, 'w': 0.0}
2026-06-02 14:44:28.985 - [robot_6_log_20260602_144405.csv] - INFO - Usando posición VISION: x=240.49, y=93.17, θ=1.92
2026-06-02 14:44:28.985 - [robot_6_log_20260602_144405.csv] - INFO - Distancias a paredes: Left: 240.49, Right: 209.51, Top: 46.83, Bottom: 93.17
2026-06-02 14:44:28.985 - [robot_6_log_20260602_144405.csv] - INFO - Posicion: 240.49, 93.17, 1.919 | Velocidad: -0.9399871534567532, -0.3412098347590092
2026-06-02 14:44:28.985 - [robot_6_log_20260602_144405.csv] - DEBUG - Incoming data. Topic 6/pos, mensaje {"x": 238.92, "y": 92.57, "yaw": 1.936, "timestamp": 1780404268.9829247}
2026-06-02 14:44:28.985 - [robot_6_log_20260602_144405.csv] - INFO - None
2026-06-02 14:44:28.985 - [robot_6_log_20260602_144405.csv] - DEBUG - Posición actualizada por visión: x=238.92, y=92.57, θ=1.94
2026-06-02 14:44:28.985 - [robot_6_log_20260602_144405.csv] - WARNING - Estado FSM: AVANZA | Target Wall: None | Target Theta: 0.00° |theta: 109.95060088560498 
2026-06-02 14:44:28.985 - [robot_6_log_20260602_144405.csv] - DEBUG - Frecuencia: 11.28 Hz | Latencia Red/Proc: 2.57 ms
2026-06-02 14:44:28.990 - [robot_6_log_20260602_144405.csv] - DEBUG - Incoming data. Topic 6/pos, mensaje {"x": 238.92, "y": 92.57, "yaw": 1.936, "timestamp": 1780404268.9829247}
2026-06-02 14:44:28.990 - [robot_6_log_20260602_144405.csv] - DEBUG - Posición actualizada por visión: x=238.92, y=92.57, θ=1.94
2026-06-02 14:44:28.990 - [robot_6_log_20260602_144405.csv] - DEBUG - Frecuencia: 190.45 Hz | Latencia Red/Proc: 7.82 ms
2026-06-02 14:44:28.995 - [robot_6_log_20260602_144405.csv] - DEBUG - Incoming data. Topic 6/pos, mensaje {"x": 238.92, "y": 92.57, "yaw": 1.936, "timestamp": 1780404268.9916747}
2026-06-02 14:44:29.000 - [robot_6_log_20260602_144405.csv] - DEBUG - Despachado a ZMQ -> agent/6/move: {'v': 20.0, 'w': 0.0}
2026-06-02 14:44:29.001 - [robot_6_log_20260602_144405.csv] - DEBUG - Posición actualizada por visión: x=238.92, y=92.57, θ=1.94
2026-06-02 14:44:29.021 - [robot_6_log_20260602_144405.csv] - DEBUG - Frecuencia: 32.53 Hz | Latencia Red/Proc: 29.82 ms
2026-06-02 14:44:29.026 - [robot_6_log_20260602_144405.csv] - DEBUG - Incoming data. Topic 6/pos, mensaje {"x": 238.92, "y": 92.57, "yaw": 1.936, "timestamp": 1780404268.9916747}
2026-06-02 14:44:29.026 - [robot_6_log_20260602_144405.csv] - DEBUG - Posición actualizada por visión: x=238.92, y=92.57, θ=1.94
2026-06-02 14:44:29.026 - [robot_6_log_20260602_144405.csv] - DEBUG - Frecuencia: 191.95 Hz | Latencia Red/Proc: 35.03 ms
2026-06-02 14:44:29.035 - [robot_6_log_20260602_144405.csv] - INFO - Usando posición VISION: x=238.92, y=92.57, θ=1.94
2026-06-02 14:44:29.035 - [robot_6_log_20260602_144405.csv] - INFO - Distancias a paredes: Left: 238.92, Right: 211.08, Top: 47.43, Bottom: 92.57
2026-06-02 14:44:29.035 - [robot_6_log_20260602_144405.csv] - INFO - Posicion: 238.92, 92.57, 1.936 | Velocidad: -0.9340510407832876, -0.35713954305237205
2026-06-02 14:44:29.035 - [robot_6_log_20260602_144405.csv] - INFO - None
2026-06-02 14:44:29.035 - [robot_6_log_20260602_144405.csv] - WARNING - Estado FSM: AVANZA | Target Wall: None | Target Theta: 0.00° |theta: 110.92462913732737 
2026-06-02 14:44:29.041 - [robot_6_log_20260602_144405.csv] - DEBUG - Incoming data. Topic agent/6/wheel, mensaje {"Wleft":6.069780612,"Wright":5.928590933}
2026-06-02 14:44:29.061 - [robot_6_log_20260602_144405.csv] - DEBUG - Despachado a ZMQ -> agent/6/move: {'v': 20.0, 'w': 0.0}
2026-06-02 14:44:29.085 - [robot_6_log_20260602_144405.csv] - INFO - Usando posición VISION: x=238.92, y=92.57, θ=1.94
2026-06-02 14:44:29.085 - [robot_6_log_20260602_144405.csv] - INFO - Distancias a paredes: Left: 238.92, Right: 211.08, Top: 47.43, Bottom: 92.57
2026-06-02 14:44:29.085 - [robot_6_log_20260602_144405.csv] - INFO - Posicion: 238.92, 92.57, 1.936 | Velocidad: -0.9340510407832876, -0.35713954305237205
2026-06-02 14:44:29.085 - [robot_6_log_20260602_144405.csv] - INFO - None
2026-06-02 14:44:29.085 - [robot_6_log_20260602_144405.csv] - WARNING - Estado FSM: AVANZA | Target Wall: None | Target Theta: 0.00° |theta: 110.92462913732737 
2026-06-02 14:44:29.100 - [robot_6_log_20260602_144405.csv] - DEBUG - Incoming data. Topic 6/pos, mensaje {"x": 237.48, "y": 91.85, "yaw": 1.96, "timestamp": 1780404269.0842571}
2026-06-02 14:44:29.100 - [robot_6_log_20260602_144405.csv] - DEBUG - Posición actualizada por visión: x=237.48, y=91.85, θ=1.96
2026-06-02 14:44:29.100 - [robot_6_log_20260602_144405.csv] - DEBUG - Frecuencia: 13.51 Hz | Latencia Red/Proc: 16.46 ms
2026-06-02 14:44:29.100 - [robot_6_log_20260602_144405.csv] - DEBUG - Incoming data. Topic 6/pos, mensaje {"x": 237.48, "y": 91.85, "yaw": 1.96, "timestamp": 1780404269.0842571}
2026-06-02 14:44:29.100 - [robot_6_log_20260602_144405.csv] - DEBUG - Posición actualizada por visión: x=237.48, y=91.85, θ=1.96
2026-06-02 14:44:29.100 - [robot_6_log_20260602_144405.csv] - DEBUG - Frecuencia: 22795.13 Hz | Latencia Red/Proc: 16.51 ms
2026-06-02 14:44:29.100 - [robot_6_log_20260602_144405.csv] - DEBUG - Despachado a ZMQ -> agent/6/move: {'v': 20.0, 'w': 0.0}
2026-06-02 14:44:29.100 - [robot_6_log_20260602_144405.csv] - DEBUG - Incoming data. Topic 6/pos, mensaje {"x": 237.48, "y": 91.85, "yaw": 1.96, "timestamp": 1780404269.0931222}
2026-06-02 14:44:29.122 - [robot_6_log_20260602_144405.csv] - DEBUG - Posición actualizada por visión: x=237.48, y=91.85, θ=1.96
2026-06-02 14:44:29.127 - [robot_6_log_20260602_144405.csv] - DEBUG - Frecuencia: 37.09 Hz | Latencia Red/Proc: 34.60 ms
2026-06-02 14:44:29.135 - [robot_6_log_20260602_144405.csv] - INFO - Usando posición VISION: x=237.48, y=91.85, θ=1.96
2026-06-02 14:44:29.135 - [robot_6_log_20260602_144405.csv] - INFO - Distancias a paredes: Left: 237.48, Right: 212.52, Top: 48.15, Bottom: 91.85
2026-06-02 14:44:29.135 - [robot_6_log_20260602_144405.csv] - INFO - Posicion: 237.48, 91.85, 1.96 | Velocidad: -0.9252115207881683, -0.3794517647881545
2026-06-02 14:44:29.135 - [robot_6_log_20260602_144405.csv] - DEBUG - Incoming data. Topic 6/pos, mensaje {"x": 237.48, "y": 91.85, "yaw": 1.96, "timestamp": 1780404269.0931222}
2026-06-02 14:44:29.135 - [robot_6_log_20260602_144405.csv] - INFO - None
2026-06-02 14:44:29.135 - [robot_6_log_20260602_144405.csv] - DEBUG - Posición actualizada por visión: x=237.48, y=91.85, θ=1.96
2026-06-02 14:44:29.135 - [robot_6_log_20260602_144405.csv] - DEBUG - Frecuencia: 130.07 Hz | Latencia Red/Proc: 42.29 ms
2026-06-02 14:44:29.135 - [robot_6_log_20260602_144405.csv] - WARNING - Estado FSM: AVANZA | Target Wall: None | Target Theta: 0.00° |theta: 112.29972784564136 
2026-06-02 14:44:29.141 - [robot_6_log_20260602_144405.csv] - DEBUG - Despachado a ZMQ -> agent/6/move: {'v': 20.0, 'w': 0.0}
2026-06-02 14:44:29.146 - [robot_6_log_20260602_144405.csv] - DEBUG - Incoming data. Topic agent/6/wheel, mensaje {"Wleft":4.022639172,"Wright":5.859044545}
2026-06-02 14:44:29.185 - [robot_6_log_20260602_144405.csv] - INFO - Usando posición VISION: x=237.48, y=91.85, θ=1.96
2026-06-02 14:44:29.185 - [robot_6_log_20260602_144405.csv] - INFO - Distancias a paredes: Left: 237.48, Right: 212.52, Top: 48.15, Bottom: 91.85
2026-06-02 14:44:29.185 - [robot_6_log_20260602_144405.csv] - INFO - Posicion: 237.48, 91.85, 1.96 | Velocidad: -0.9252115207881683, -0.3794517647881545
2026-06-02 14:44:29.185 - [robot_6_log_20260602_144405.csv] - INFO - None
2026-06-02 14:44:29.185 - [robot_6_log_20260602_144405.csv] - DEBUG - Incoming data. Topic 6/pos, mensaje {"x": 236.06, "y": 91.06, "yaw": 1.999, "timestamp": 1780404269.1825948}
2026-06-02 14:44:29.185 - [robot_6_log_20260602_144405.csv] - WARNING - Estado FSM: AVANZA | Target Wall: None | Target Theta: 0.00° |theta: 112.29972784564136 
2026-06-02 14:44:29.185 - [robot_6_log_20260602_144405.csv] - DEBUG - Posición actualizada por visión: x=236.06, y=91.06, θ=2.00
2026-06-02 14:44:29.195 - [robot_6_log_20260602_144405.csv] - DEBUG - Frecuencia: 16.56 Hz | Latencia Red/Proc: 13.22 ms
2026-06-02 14:44:29.200 - [robot_6_log_20260602_144405.csv] - DEBUG - Despachado a ZMQ -> agent/6/move: {'v': 20.0, 'w': 0.0}
2026-06-02 14:44:29.206 - [robot_6_log_20260602_144405.csv] - DEBUG - Incoming data. Topic 6/pos, mensaje {"x": 236.06, "y": 91.06, "yaw": 1.999, "timestamp": 1780404269.1825948}
2026-06-02 14:44:29.211 - [robot_6_log_20260602_144405.csv] - DEBUG - Posición actualizada por visión: x=236.06, y=91.06, θ=2.00
2026-06-02 14:44:29.211 - [robot_6_log_20260602_144405.csv] - DEBUG - Frecuencia: 65.13 Hz | Latencia Red/Proc: 28.57 ms
2026-06-02 14:44:29.211 - [robot_6_log_20260602_144405.csv] - DEBUG - Incoming data. Topic 6/pos, mensaje {"x": 236.06, "y": 91.06, "yaw": 1.999, "timestamp": 1780404269.1936555}
2026-06-02 14:44:29.211 - [robot_6_log_20260602_144405.csv] - DEBUG - Posición actualizada por visión: x=236.06, y=91.06, θ=2.00
2026-06-02 14:44:29.211 - [robot_6_log_20260602_144405.csv] - DEBUG - Frecuencia: 21509.25 Hz | Latencia Red/Proc: 17.56 ms
2026-06-02 14:44:29.211 - [robot_6_log_20260602_144405.csv] - DEBUG - Incoming data. Topic 6/pos, mensaje {"x": 236.06, "y": 91.06, "yaw": 1.999, "timestamp": 1780404269.1936555}
2026-06-02 14:44:29.211 - [robot_6_log_20260602_144405.csv] - DEBUG - Posición actualizada por visión: x=236.06, y=91.06, θ=2.00
2026-06-02 14:44:29.211 - [robot_6_log_20260602_144405.csv] - DEBUG - Frecuencia: 25575.02 Hz | Latencia Red/Proc: 17.60 ms
2026-06-02 14:44:29.235 - [robot_6_log_20260602_144405.csv] - INFO - Usando posición VISION: x=236.06, y=91.06, θ=2.00
2026-06-02 14:44:29.235 - [robot_6_log_20260602_144405.csv] - INFO - Distancias a paredes: Left: 236.06, Right: 213.94, Top: 48.94, Bottom: 91.06
2026-06-02 14:44:29.235 - [robot_6_log_20260602_144405.csv] - INFO - Posicion: 236.06, 91.06, 1.999 | Velocidad: -0.9097131189441955, -0.41523733119846545
2026-06-02 14:44:29.235 - [robot_6_log_20260602_144405.csv] - INFO - None
2026-06-02 14:44:29.235 - [robot_6_log_20260602_144405.csv] - WARNING - Estado FSM: AVANZA | Target Wall: None | Target Theta: 0.00° |theta: 114.53426324665158 
2026-06-02 14:44:29.256 - [robot_6_log_20260602_144405.csv] - DEBUG - Despachado a ZMQ -> agent/6/move: {'v': 20.0, 'w': 0.0}
2026-06-02 14:44:29.274 - [robot_6_log_20260602_144405.csv] - DEBUG - Incoming data. Topic agent/6/wheel, mensaje {"Wleft":6.091433916,"Wright":5.792656833}
2026-06-02 14:44:29.285 - [robot_6_log_20260602_144405.csv] - INFO - Usando posición VISION: x=236.06, y=91.06, θ=2.00
2026-06-02 14:44:29.285 - [robot_6_log_20260602_144405.csv] - INFO - Distancias a paredes: Left: 236.06, Right: 213.94, Top: 48.94, Bottom: 91.06
2026-06-02 14:44:29.285 - [robot_6_log_20260602_144405.csv] - INFO - Posicion: 236.06, 91.06, 1.999 | Velocidad: -0.9097131189441955, -0.41523733119846545
2026-06-02 14:44:29.285 - [robot_6_log_20260602_144405.csv] - INFO - None
2026-06-02 14:44:29.285 - [robot_6_log_20260602_144405.csv] - WARNING - Estado FSM: AVANZA | Target Wall: None | Target Theta: 0.00° |theta: 114.53426324665158 
2026-06-02 14:44:29.290 - [robot_6_log_20260602_144405.csv] - DEBUG - Incoming data. Topic 6/pos, mensaje {"x": 234.72, "y": 90.21, "yaw": 2.026, "timestamp": 1780404269.285248}
2026-06-02 14:44:29.295 - [robot_6_log_20260602_144405.csv] - DEBUG - Posición actualizada por visión: x=234.72, y=90.21, θ=2.03
2026-06-02 14:44:29.300 - [robot_6_log_20260602_144405.csv] - DEBUG - Despachado a ZMQ -> agent/6/move: {'v': 20.0, 'w': 0.0}
2026-06-02 14:44:29.300 - [robot_6_log_20260602_144405.csv] - DEBUG - Frecuencia: 11.15 Hz | Latencia Red/Proc: 15.69 ms
2026-06-02 14:44:29.316 - [robot_6_log_20260602_144405.csv] - DEBUG - Incoming data. Topic 6/pos, mensaje {"x": 234.72, "y": 90.21, "yaw": 2.026, "timestamp": 1780404269.285248}
2026-06-02 14:44:29.316 - [robot_6_log_20260602_144405.csv] - DEBUG - Posición actualizada por visión: x=234.72, y=90.21, θ=2.03
2026-06-02 14:44:29.321 - [robot_6_log_20260602_144405.csv] - DEBUG - Frecuencia: 48.88 Hz | Latencia Red/Proc: 36.14 ms
2026-06-02 14:44:29.332 - [robot_6_log_20260602_144405.csv] - DEBUG - Incoming data. Topic 6/pos, mensaje {"x": 234.72, "y": 90.21, "yaw": 2.026, "timestamp": 1780404269.2940862}
2026-06-02 14:44:29.335 - [robot_6_log_20260602_144405.csv] - INFO - Usando posición VISION: x=234.72, y=90.21, θ=2.03
2026-06-02 14:44:29.335 - [robot_6_log_20260602_144405.csv] - DEBUG - Posición actualizada por visión: x=234.72, y=90.21, θ=2.03
2026-06-02 14:44:29.335 - [robot_6_log_20260602_144405.csv] - INFO - Distancias a paredes: Left: 234.72, Right: 215.28, Top: 49.79, Bottom: 90.21
2026-06-02 14:44:29.335 - [robot_6_log_20260602_144405.csv] - DEBUG - Frecuencia: 71.93 Hz | Latencia Red/Proc: 41.21 ms
2026-06-02 14:44:29.335 - [robot_6_log_20260602_144405.csv] - INFO - Posicion: 234.72, 90.21, 2.026 | Velocidad: -0.8981715028500253, -0.43964525639215873
2026-06-02 14:44:29.335 - [robot_6_log_20260602_144405.csv] - INFO - None
2026-06-02 14:44:29.335 - [robot_6_log_20260602_144405.csv] - DEBUG - Incoming data. Topic 6/pos, mensaje {"x": 234.72, "y": 90.21, "yaw": 2.026, "timestamp": 1780404269.2940862}
2026-06-02 14:44:29.335 - [robot_6_log_20260602_144405.csv] - WARNING - Estado FSM: AVANZA | Target Wall: None | Target Theta: 0.00° |theta: 116.08124929350477 
2026-06-02 14:44:29.335 - [robot_6_log_20260602_144405.csv] - DEBUG - Posición actualizada por visión: x=234.72, y=90.21, θ=2.03
2026-06-02 14:44:29.340 - [robot_6_log_20260602_144405.csv] - DEBUG - Frecuencia: 186.80 Hz | Latencia Red/Proc: 46.56 ms
2026-06-02 14:44:29.350 - [robot_6_log_20260602_144405.csv] - DEBUG - Incoming data. Topic agent/6/wheel, mensaje {"Wleft":4.042929399,"Wright":6.093322466}
2026-06-02 14:44:29.361 - [robot_6_log_20260602_144405.csv] - DEBUG - Despachado a ZMQ -> agent/6/move: {'v': 20.0, 'w': 0.0}
2026-06-02 14:44:29.385 - [robot_6_log_20260602_144405.csv] - INFO - Usando posición VISION: x=234.72, y=90.21, θ=2.03
2026-06-02 14:44:29.385 - [robot_6_log_20260602_144405.csv] - DEBUG - Incoming data. Topic 6/pos, mensaje {"x": 233.32, "y": 89.36, "yaw": 2.053, "timestamp": 1780404269.383571}
2026-06-02 14:44:29.385 - [robot_6_log_20260602_144405.csv] - INFO - Distancias a paredes: Left: 234.72, Right: 215.28, Top: 49.79, Bottom: 90.21
2026-06-02 14:44:29.385 - [robot_6_log_20260602_144405.csv] - DEBUG - Posición actualizada por visión: x=233.32, y=89.36, θ=2.05
2026-06-02 14:44:29.385 - [robot_6_log_20260602_144405.csv] - INFO - Posicion: 234.72, 90.21, 2.026 | Velocidad: -0.8981715028500253, -0.43964525639215873
2026-06-02 14:44:29.385 - [robot_6_log_20260602_144405.csv] - DEBUG - Frecuencia: 22.35 Hz | Latencia Red/Proc: 1.81 ms
2026-06-02 14:44:29.385 - [robot_6_log_20260602_144405.csv] - INFO - None
2026-06-02 14:44:29.385 - [robot_6_log_20260602_144405.csv] - DEBUG - Incoming data. Topic 6/pos, mensaje {"x": 233.32, "y": 89.36, "yaw": 2.053, "timestamp": 1780404269.383571}
2026-06-02 14:44:29.385 - [robot_6_log_20260602_144405.csv] - WARNING - Estado FSM: AVANZA | Target Wall: None | Target Theta: 0.00° |theta: 116.08124929350477 
2026-06-02 14:44:29.385 - [robot_6_log_20260602_144405.csv] - DEBUG - Posición actualizada por visión: x=233.32, y=89.36, θ=2.05
2026-06-02 14:44:29.390 - [robot_6_log_20260602_144405.csv] - DEBUG - Frecuencia: 188.55 Hz | Latencia Red/Proc: 7.12 ms
2026-06-02 14:44:29.400 - [robot_6_log_20260602_144405.csv] - DEBUG - Incoming data. Topic 6/pos, mensaje {"x": 233.32, "y": 89.36, "yaw": 2.053, "timestamp": 1780404269.3924787}
2026-06-02 14:44:29.406 - [robot_6_log_20260602_144405.csv] - DEBUG - Despachado a ZMQ -> agent/6/move: {'v': 20.0, 'w': 0.0}
2026-06-02 14:44:29.406 - [robot_6_log_20260602_144405.csv] - DEBUG - Posición actualizada por visión: x=233.32, y=89.36, θ=2.05
2026-06-02 14:44:29.431 - [robot_6_log_20260602_144405.csv] - DEBUG - Frecuencia: 24.39 Hz | Latencia Red/Proc: 39.21 ms
2026-06-02 14:44:29.435 - [robot_6_log_20260602_144405.csv] - INFO - Usando posición VISION: x=233.32, y=89.36, θ=2.05
2026-06-02 14:44:29.435 - [robot_6_log_20260602_144405.csv] - DEBUG - Incoming data. Topic 6/pos, mensaje {"x": 233.32, "y": 89.36, "yaw": 2.053, "timestamp": 1780404269.3924787}
2026-06-02 14:44:29.435 - [robot_6_log_20260602_144405.csv] - INFO - Distancias a paredes: Left: 233.32, Right: 216.68, Top: 50.64, Bottom: 89.36
2026-06-02 14:44:29.435 - [robot_6_log_20260602_144405.csv] - DEBUG - Posición actualizada por visión: x=233.32, y=89.36, θ=2.05
2026-06-02 14:44:29.435 - [robot_6_log_20260602_144405.csv] - INFO - Posicion: 233.32, 89.36, 2.053 | Velocidad: -0.8859751595064075, -0.46373269966392905
2026-06-02 14:44:29.435 - [robot_6_log_20260602_144405.csv] - DEBUG - Frecuencia: 275.14 Hz | Latencia Red/Proc: 42.85 ms
2026-06-02 14:44:29.435 - [robot_6_log_20260602_144405.csv] - INFO - None
2026-06-02 14:44:29.435 - [robot_6_log_20260602_144405.csv] - WARNING - Estado FSM: AVANZA | Target Wall: None | Target Theta: 0.00° |theta: 117.628235340358 
2026-06-02 14:44:29.446 - [robot_6_log_20260602_144405.csv] - DEBUG - Incoming data. Topic agent/6/wheel, mensaje {"Wleft":10.09228944,"Wright":6.241426276}
2026-06-02 14:44:29.461 - [robot_6_log_20260602_144405.csv] - DEBUG - Despachado a ZMQ -> agent/6/move: {'v': 20.0, 'w': 0.0}
2026-06-02 14:44:29.485 - [robot_6_log_20260602_144405.csv] - INFO - Usando posición VISION: x=233.32, y=89.36, θ=2.05
2026-06-02 14:44:29.485 - [robot_6_log_20260602_144405.csv] - INFO - Distancias a paredes: Left: 233.32, Right: 216.68, Top: 50.64, Bottom: 89.36
2026-06-02 14:44:29.485 - [robot_6_log_20260602_144405.csv] - INFO - Posicion: 233.32, 89.36, 2.053 | Velocidad: -0.8859751595064075, -0.46373269966392905
2026-06-02 14:44:29.485 - [robot_6_log_20260602_144405.csv] - INFO - None
2026-06-02 14:44:29.485 - [robot_6_log_20260602_144405.csv] - WARNING - Estado FSM: AVANZA | Target Wall: None | Target Theta: 0.00° |theta: 117.628235340358 
2026-06-02 14:44:29.485 - [robot_6_log_20260602_144405.csv] - DEBUG - Incoming data. Topic 6/pos, mensaje {"x": 231.97, "y": 88.43, "yaw": 2.087, "timestamp": 1780404269.4815142}
2026-06-02 14:44:29.495 - [robot_6_log_20260602_144405.csv] - DEBUG - Despachado a ZMQ -> agent/6/move: {'v': 20.0, 'w': 0.0}
2026-06-02 14:44:29.510 - [robot_6_log_20260602_144405.csv] - DEBUG - Posición actualizada por visión: x=231.97, y=88.43, θ=2.09
2026-06-02 14:44:29.535 - [robot_6_log_20260602_144405.csv] - DEBUG - Frecuencia: 10.01 Hz | Latencia Red/Proc: 53.75 ms
2026-06-02 14:44:29.535 - [robot_6_log_20260602_144405.csv] - INFO - Usando posición VISION: x=231.97, y=88.43, θ=2.09
2026-06-02 14:44:29.535 - [robot_6_log_20260602_144405.csv] - INFO - Distancias a paredes: Left: 231.97, Right: 218.03, Top: 51.57, Bottom: 88.43
2026-06-02 14:44:29.535 - [robot_6_log_20260602_144405.csv] - INFO - Posicion: 231.97, 88.43, 2.087 | Velocidad: -0.8696992409881861, -0.49358204001419365
2026-06-02 14:44:29.535 - [robot_6_log_20260602_144405.csv] - INFO - None
2026-06-02 14:44:29.535 - [robot_6_log_20260602_144405.csv] - DEBUG - Incoming data. Topic 6/pos, mensaje {"x": 231.97, "y": 88.43, "yaw": 2.087, "timestamp": 1780404269.4815142}
2026-06-02 14:44:29.535 - [robot_6_log_20260602_144405.csv] - WARNING - Estado FSM: AVANZA | Target Wall: None | Target Theta: 0.00° |theta: 119.57629184380282 
2026-06-02 14:44:29.535 - [robot_6_log_20260602_144405.csv] - DEBUG - Posición actualizada por visión: x=231.97, y=88.43, θ=2.09
2026-06-02 14:44:29.545 - [robot_6_log_20260602_144405.csv] - DEBUG - Despachado a ZMQ -> agent/6/move: {'v': 20.0, 'w': 0.0}
2026-06-02 14:44:29.556 - [robot_6_log_20260602_144405.csv] - DEBUG - Frecuencia: 47.85 Hz | Latencia Red/Proc: 74.65 ms
2026-06-02 14:44:29.585 - [robot_6_log_20260602_144405.csv] - INFO - Usando posición VISION: x=231.97, y=88.43, θ=2.09
2026-06-02 14:44:29.585 - [robot_6_log_20260602_144405.csv] - DEBUG - Incoming data. Topic 6/pos, mensaje {"x": 231.97, "y": 88.43, "yaw": 2.087, "timestamp": 1780404269.4903204}
2026-06-02 14:44:29.585 - [robot_6_log_20260602_144405.csv] - DEBUG - Posición actualizada por visión: x=231.97, y=88.43, θ=2.09
2026-06-02 14:44:29.585 - [robot_6_log_20260602_144405.csv] - DEBUG - Frecuencia: 34.24 Hz | Latencia Red/Proc: 95.05 ms
2026-06-02 14:44:29.585 - [robot_6_log_20260602_144405.csv] - DEBUG - Incoming data. Topic 6/pos, mensaje {"x": 231.97, "y": 88.43, "yaw": 2.087, "timestamp": 1780404269.4903204}
2026-06-02 14:44:29.585 - [robot_6_log_20260602_144405.csv] - DEBUG - Posición actualizada por visión: x=231.97, y=88.43, θ=2.09
2026-06-02 14:44:29.585 - [robot_6_log_20260602_144405.csv] - INFO - Distancias a paredes: Left: 231.97, Right: 218.03, Top: 51.57, Bottom: 88.43
2026-06-02 14:44:29.585 - [robot_6_log_20260602_144405.csv] - DEBUG - Frecuencia: 24966.10 Hz | Latencia Red/Proc: 95.09 ms
2026-06-02 14:44:29.585 - [robot_6_log_20260602_144405.csv] - INFO - Posicion: 231.97, 88.43, 2.087 | Velocidad: -0.8696992409881861, -0.49358204001419365
2026-06-02 14:44:29.585 - [robot_6_log_20260602_144405.csv] - DEBUG - Incoming data. Topic agent/6/wheel, mensaje {"Wleft":4.067264964,"Wright":6.352682679}
2026-06-02 14:44:29.585 - [robot_6_log_20260602_144405.csv] - INFO - None
2026-06-02 14:44:29.585 - [robot_6_log_20260602_144405.csv] - WARNING - Estado FSM: AVANZA | Target Wall: None | Target Theta: 0.00° |theta: 119.57629184380282 
2026-06-02 14:44:29.591 - [robot_6_log_20260602_144405.csv] - DEBUG - Incoming data. Topic 6/pos, mensaje {"x": 230.71, "y": 87.5, "yaw": 2.125, "timestamp": 1780404269.5863461}
2026-06-02 14:44:29.596 - [robot_6_log_20260602_144405.csv] - DEBUG - Posición actualizada por visión: x=230.71, y=87.50, θ=2.12
2026-06-02 14:44:29.601 - [robot_6_log_20260602_144405.csv] - DEBUG - Despachado a ZMQ -> agent/6/move: {'v': 20.0, 'w': 0.0}
2026-06-02 14:44:29.601 - [robot_6_log_20260602_144405.csv] - DEBUG - Frecuencia: 60.84 Hz | Latencia Red/Proc: 15.50 ms
2026-06-02 14:44:29.635 - [robot_6_log_20260602_144405.csv] - INFO - Usando posición VISION: x=230.71, y=87.50, θ=2.12
2026-06-02 14:44:29.635 - [robot_6_log_20260602_144405.csv] - DEBUG - Incoming data. Topic 6/pos, mensaje {"x": 230.71, "y": 87.5, "yaw": 2.125, "timestamp": 1780404269.5863461}
2026-06-02 14:44:29.635 - [robot_6_log_20260602_144405.csv] - DEBUG - Posición actualizada por visión: x=230.71, y=87.50, θ=2.12
2026-06-02 14:44:29.635 - [robot_6_log_20260602_144405.csv] - DEBUG - Frecuencia: 29.90 Hz | Latencia Red/Proc: 48.95 ms
2026-06-02 14:44:29.635 - [robot_6_log_20260602_144405.csv] - DEBUG - Incoming data. Topic 6/pos, mensaje {"x": 230.71, "y": 87.5, "yaw": 2.125, "timestamp": 1780404269.5953531}
2026-06-02 14:44:29.635 - [robot_6_log_20260602_144405.csv] - DEBUG - Posición actualizada por visión: x=230.71, y=87.50, θ=2.12
2026-06-02 14:44:29.635 - [robot_6_log_20260602_144405.csv] - DEBUG - Frecuencia: 26886.56 Hz | Latencia Red/Proc: 39.98 ms
2026-06-02 14:44:29.635 - [robot_6_log_20260602_144405.csv] - INFO - Distancias a paredes: Left: 230.71, Right: 219.29, Top: 52.50, Bottom: 87.50
2026-06-02 14:44:29.635 - [robot_6_log_20260602_144405.csv] - DEBUG - Incoming data. Topic 6/pos, mensaje {"x": 230.71, "y": 87.5, "yaw": 2.125, "timestamp": 1780404269.5953531}
2026-06-02 14:44:29.635 - [robot_6_log_20260602_144405.csv] - INFO - Posicion: 230.71, 87.5, 2.125 | Velocidad: -0.850319789818452, -0.5262663347043051
2026-06-02 14:44:29.635 - [robot_6_log_20260602_144405.csv] - DEBUG - Posición actualizada por visión: x=230.71, y=87.50, θ=2.12
2026-06-02 14:44:29.635 - [robot_6_log_20260602_144405.csv] - INFO - None
2026-06-02 14:44:29.635 - [robot_6_log_20260602_144405.csv] - DEBUG - Frecuencia: 8019.70 Hz | Latencia Red/Proc: 40.10 ms
2026-06-02 14:44:29.635 - [robot_6_log_20260602_144405.csv] - WARNING - Estado FSM: AVANZA | Target Wall: None | Target Theta: 0.00° |theta: 121.75353146529994 
2026-06-02 14:44:29.651 - [robot_6_log_20260602_144405.csv] - DEBUG - Despachado a ZMQ -> agent/6/move: {'v': 20.0, 'w': 0.0}
2026-06-02 14:44:29.651 - [robot_6_log_20260602_144405.csv] - DEBUG - Incoming data. Topic agent/6/wheel, mensaje {"Wleft":8.071606502,"Wright":6.426054065}
2026-06-02 14:44:29.685 - [robot_6_log_20260602_144405.csv] - INFO - Usando posición VISION: x=230.71, y=87.50, θ=2.12
2026-06-02 14:44:29.685 - [robot_6_log_20260602_144405.csv] - INFO - Distancias a paredes: Left: 230.71, Right: 219.29, Top: 52.50, Bottom: 87.50
2026-06-02 14:44:29.685 - [robot_6_log_20260602_144405.csv] - INFO - Posicion: 230.71, 87.5, 2.125 | Velocidad: -0.850319789818452, -0.5262663347043051
2026-06-02 14:44:29.685 - [robot_6_log_20260602_144405.csv] - INFO - None
2026-06-02 14:44:29.685 - [robot_6_log_20260602_144405.csv] - WARNING - Estado FSM: AVANZA | Target Wall: None | Target Theta: 0.00° |theta: 121.75353146529994 
2026-06-02 14:44:29.695 - [robot_6_log_20260602_144405.csv] - DEBUG - Incoming data. Topic 6/pos, mensaje {"x": 229.47, "y": 86.49, "yaw": 2.162, "timestamp": 1780404269.6810145}
2026-06-02 14:44:29.700 - [robot_6_log_20260602_144405.csv] - DEBUG - Posición actualizada por visión: x=229.47, y=86.49, θ=2.16
2026-06-02 14:44:29.705 - [robot_6_log_20260602_144405.csv] - DEBUG - Frecuencia: 14.21 Hz | Latencia Red/Proc: 24.83 ms
2026-06-02 14:44:29.705 - [robot_6_log_20260602_144405.csv] - DEBUG - Despachado a ZMQ -> agent/6/move: {'v': 20.0, 'w': 0.0}
2026-06-02 14:44:29.715 - [robot_6_log_20260602_144405.csv] - DEBUG - Incoming data. Topic 6/pos, mensaje {"x": 229.47, "y": 86.49, "yaw": 2.162, "timestamp": 1780404269.6810145}
2026-06-02 14:44:29.735 - [robot_6_log_20260602_144405.csv] - INFO - Usando posición VISION: x=229.47, y=86.49, θ=2.16
2026-06-02 14:44:29.735 - [robot_6_log_20260602_144405.csv] - DEBUG - Posición actualizada por visión: x=229.47, y=86.49, θ=2.16
2026-06-02 14:44:29.735 - [robot_6_log_20260602_144405.csv] - INFO - Distancias a paredes: Left: 229.47, Right: 220.53, Top: 53.51, Bottom: 86.49
2026-06-02 14:44:29.735 - [robot_6_log_20260602_144405.csv] - DEBUG - Frecuencia: 33.99 Hz | Latencia Red/Proc: 54.25 ms
2026-06-02 14:44:29.735 - [robot_6_log_20260602_144405.csv] - INFO - Posicion: 229.47, 86.49, 2.162 | Velocidad: -0.8302704004607467, -0.5573608006657368
2026-06-02 14:44:29.735 - [robot_6_log_20260602_144405.csv] - DEBUG - Incoming data. Topic 6/pos, mensaje {"x": 229.47, "y": 86.49, "yaw": 2.162, "timestamp": 1780404269.6893249}
2026-06-02 14:44:29.735 - [robot_6_log_20260602_144405.csv] - INFO - None
2026-06-02 14:44:29.735 - [robot_6_log_20260602_144405.csv] - DEBUG - Posición actualizada por visión: x=229.47, y=86.49, θ=2.16
2026-06-02 14:44:29.735 - [robot_6_log_20260602_144405.csv] - DEBUG - Frecuencia: 5801.25 Hz | Latencia Red/Proc: 46.11 ms
2026-06-02 14:44:29.735 - [robot_6_log_20260602_144405.csv] - WARNING - Estado FSM: AVANZA | Target Wall: None | Target Theta: 0.00° |theta: 123.87347530728398 
2026-06-02 14:44:29.735 - [robot_6_log_20260602_144405.csv] - DEBUG - Incoming data. Topic 6/pos, mensaje {"x": 229.47, "y": 86.49, "yaw": 2.162, "timestamp": 1780404269.6893249}
2026-06-02 14:44:29.745 - [robot_6_log_20260602_144405.csv] - DEBUG - Posición actualizada por visión: x=229.47, y=86.49, θ=2.16
2026-06-02 14:44:29.750 - [robot_6_log_20260602_144405.csv] - DEBUG - Frecuencia: 65.55 Hz | Latencia Red/Proc: 61.37 ms
2026-06-02 14:44:29.755 - [robot_6_log_20260602_144405.csv] - DEBUG - Despachado a ZMQ -> agent/6/move: {'v': 20.0, 'w': 0.0}
2026-06-02 14:44:29.760 - [robot_6_log_20260602_144405.csv] - DEBUG - Incoming data. Topic agent/6/wheel, mensaje {"Wleft":6.079319341,"Wright":6.125550393}
2026-06-02 14:44:29.785 - [robot_6_log_20260602_144405.csv] - INFO - Usando posición VISION: x=229.47, y=86.49, θ=2.16
2026-06-02 14:44:29.785 - [robot_6_log_20260602_144405.csv] - INFO - Distancias a paredes: Left: 229.47, Right: 220.53, Top: 53.51, Bottom: 86.49
2026-06-02 14:44:29.785 - [robot_6_log_20260602_144405.csv] - INFO - Posicion: 229.47, 86.49, 2.162 | Velocidad: -0.8302704004607467, -0.5573608006657368
2026-06-02 14:44:29.785 - [robot_6_log_20260602_144405.csv] - INFO - None
2026-06-02 14:44:29.785 - [robot_6_log_20260602_144405.csv] - WARNING - Estado FSM: AVANZA | Target Wall: None | Target Theta: 0.00° |theta: 123.87347530728398 
2026-06-02 14:44:29.795 - [robot_6_log_20260602_144405.csv] - DEBUG - Incoming data. Topic 6/pos, mensaje {"x": 228.28, "y": 85.48, "yaw": 2.196, "timestamp": 1780404269.7857196}
2026-06-02 14:44:29.800 - [robot_6_log_20260602_144405.csv] - DEBUG - Despachado a ZMQ -> agent/6/move: {'v': 20.0, 'w': 0.0}
2026-06-02 14:44:29.806 - [robot_6_log_20260602_144405.csv] - DEBUG - Posición actualizada por visión: x=228.28, y=85.48, θ=2.20
2026-06-02 14:44:29.835 - [robot_6_log_20260602_144405.csv] - DEBUG - Frecuencia: 11.82 Hz | Latencia Red/Proc: 49.58 ms
2026-06-02 14:44:29.835 - [robot_6_log_20260602_144405.csv] - INFO - Usando posición VISION: x=228.28, y=85.48, θ=2.20
2026-06-02 14:44:29.835 - [robot_6_log_20260602_144405.csv] - INFO - Distancias a paredes: Left: 228.28, Right: 221.72, Top: 54.52, Bottom: 85.48
2026-06-02 14:44:29.835 - [robot_6_log_20260602_144405.csv] - INFO - Posicion: 228.28, 85.48, 2.196 | Velocidad: -0.8108439340486646, -0.5852624322613615
2026-06-02 14:44:29.835 - [robot_6_log_20260602_144405.csv] - INFO - None
2026-06-02 14:44:29.835 - [robot_6_log_20260602_144405.csv] - DEBUG - Incoming data. Topic 6/pos, mensaje {"x": 228.28, "y": 85.48, "yaw": 2.196, "timestamp": 1780404269.7857196}
2026-06-02 14:44:29.835 - [robot_6_log_20260602_144405.csv] - WARNING - Estado FSM: AVANZA | Target Wall: None | Target Theta: 0.00° |theta: 125.82153181072879 
2026-06-02 14:44:29.835 - [robot_6_log_20260602_144405.csv] - DEBUG - Posición actualizada por visión: x=228.28, y=85.48, θ=2.20
2026-06-02 14:44:29.851 - [robot_6_log_20260602_144405.csv] - DEBUG - Despachado a ZMQ -> agent/6/move: {'v': 20.0, 'w': 0.0}
2026-06-02 14:44:29.856 - [robot_6_log_20260602_144405.csv] - DEBUG - Frecuencia: 47.97 Hz | Latencia Red/Proc: 70.43 ms
2026-06-02 14:44:29.885 - [robot_6_log_20260602_144405.csv] - INFO - Usando posición VISION: x=228.28, y=85.48, θ=2.20
2026-06-02 14:44:29.885 - [robot_6_log_20260602_144405.csv] - DEBUG - Incoming data. Topic 6/pos, mensaje {"x": 228.28, "y": 85.48, "yaw": 2.196, "timestamp": 1780404269.79583}
2026-06-02 14:44:29.885 - [robot_6_log_20260602_144405.csv] - INFO - Distancias a paredes: Left: 228.28, Right: 221.72, Top: 54.52, Bottom: 85.48
2026-06-02 14:44:29.885 - [robot_6_log_20260602_144405.csv] - DEBUG - Posición actualizada por visión: x=228.28, y=85.48, θ=2.20
2026-06-02 14:44:29.885 - [robot_6_log_20260602_144405.csv] - INFO - Posicion: 228.28, 85.48, 2.196 | Velocidad: -0.8108439340486646, -0.5852624322613615
2026-06-02 14:44:29.885 - [robot_6_log_20260602_144405.csv] - DEBUG - Frecuencia: 34.11 Hz | Latencia Red/Proc: 89.64 ms
2026-06-02 14:44:29.885 - [robot_6_log_20260602_144405.csv] - INFO - None
2026-06-02 14:44:29.885 - [robot_6_log_20260602_144405.csv] - DEBUG - Incoming data. Topic 6/pos, mensaje {"x": 228.28, "y": 85.48, "yaw": 2.196, "timestamp": 1780404269.79583}
2026-06-02 14:44:29.885 - [robot_6_log_20260602_144405.csv] - WARNING - Estado FSM: AVANZA | Target Wall: None | Target Theta: 0.00° |theta: 125.82153181072879 
2026-06-02 14:44:29.885 - [robot_6_log_20260602_144405.csv] - DEBUG - Posición actualizada por visión: x=228.28, y=85.48, θ=2.20
2026-06-02 14:44:29.890 - [robot_6_log_20260602_144405.csv] - DEBUG - Frecuencia: 188.25 Hz | Latencia Red/Proc: 94.95 ms
2026-06-02 14:44:29.890 - [robot_6_log_20260602_144405.csv] - DEBUG - Incoming data. Topic agent/6/wheel, mensaje {"Wleft":8.091113129,"Wright":6.359432119}
2026-06-02 14:44:29.890 - [robot_6_log_20260602_144405.csv] - DEBUG - Incoming data. Topic 6/pos, mensaje {"x": 227.19, "y": 84.42, "yaw": 2.211, "timestamp": 1780404269.8832242}
2026-06-02 14:44:29.896 - [robot_6_log_20260602_144405.csv] - DEBUG - Despachado a ZMQ -> agent/6/move: {'v': 20.0, 'w': 0.0}
2026-06-02 14:44:29.896 - [robot_6_log_20260602_144405.csv] - DEBUG - Posición actualizada por visión: x=227.19, y=84.42, θ=2.21
2026-06-02 14:44:29.922 - [robot_6_log_20260602_144405.csv] - DEBUG - Frecuencia: 31.32 Hz | Latencia Red/Proc: 39.48 ms
2026-06-02 14:44:29.932 - [robot_6_log_20260602_144405.csv] - DEBUG - Incoming data. Topic 6/pos, mensaje {"x": 227.19, "y": 84.42, "yaw": 2.211, "timestamp": 1780404269.8832242}
2026-06-02 14:44:29.935 - [robot_6_log_20260602_144405.csv] - INFO - Usando posición VISION: x=227.19, y=84.42, θ=2.21
2026-06-02 14:44:29.935 - [robot_6_log_20260602_144405.csv] - DEBUG - Posición actualizada por visión: x=227.19, y=84.42, θ=2.21
2026-06-02 14:44:29.935 - [robot_6_log_20260602_144405.csv] - INFO - Distancias a paredes: Left: 227.19, Right: 222.81, Top: 55.58, Bottom: 84.42
2026-06-02 14:44:29.935 - [robot_6_log_20260602_144405.csv] - DEBUG - Frecuencia: 79.12 Hz | Latencia Red/Proc: 52.12 ms
2026-06-02 14:44:29.935 - [robot_6_log_20260602_144405.csv] - INFO - Posicion: 227.19, 84.42, 2.211 | Velocidad: -0.8019741085389396, -0.5973587943884087
2026-06-02 14:44:29.935 - [robot_6_log_20260602_144405.csv] - INFO - None
2026-06-02 14:44:29.935 - [robot_6_log_20260602_144405.csv] - DEBUG - Incoming data. Topic 6/pos, mensaje {"x": 227.19, "y": 84.42, "yaw": 2.211, "timestamp": 1780404269.8928618}
2026-06-02 14:44:29.935 - [robot_6_log_20260602_144405.csv] - DEBUG - Posición actualizada por visión: x=227.19, y=84.42, θ=2.21
2026-06-02 14:44:29.935 - [robot_6_log_20260602_144405.csv] - DEBUG - Frecuencia: 6533.18 Hz | Latencia Red/Proc: 42.64 ms
2026-06-02 14:44:29.935 - [robot_6_log_20260602_144405.csv] - WARNING - Estado FSM: AVANZA | Target Wall: None | Target Theta: 0.00° |theta: 126.680968503425 
2026-06-02 14:44:29.940 - [robot_6_log_20260602_144405.csv] - DEBUG - Incoming data. Topic 6/pos, mensaje {"x": 227.19, "y": 84.42, "yaw": 2.211, "timestamp": 1780404269.8928618}
2026-06-02 14:44:29.940 - [robot_6_log_20260602_144405.csv] - DEBUG - Posición actualizada por visión: x=227.19, y=84.42, θ=2.21
2026-06-02 14:44:29.945 - [robot_6_log_20260602_144405.csv] - DEBUG - Frecuencia: 97.37 Hz | Latencia Red/Proc: 52.91 ms
2026-06-02 14:44:29.971 - [robot_6_log_20260602_144405.csv] - DEBUG - Despachado a ZMQ -> agent/6/move: {'v': 20.0, 'w': 0.0}
2026-06-02 14:44:29.971 - [robot_6_log_20260602_144405.csv] - DEBUG - Incoming data. Topic agent/6/wheel, mensaje {"Wleft":6.060678205,"Wright":6.095379695}
2026-06-02 14:44:29.985 - [robot_6_log_20260602_144405.csv] - INFO - Usando posición VISION: x=227.19, y=84.42, θ=2.21
2026-06-02 14:44:29.985 - [robot_6_log_20260602_144405.csv] - INFO - Distancias a paredes: Left: 227.19, Right: 222.81, Top: 55.58, Bottom: 84.42
2026-06-02 14:44:29.985 - [robot_6_log_20260602_144405.csv] - INFO - Posicion: 227.19, 84.42, 2.211 | Velocidad: -0.8019741085389396, -0.5973587943884087
2026-06-02 14:44:29.985 - [robot_6_log_20260602_144405.csv] - INFO - None
2026-06-02 14:44:29.985 - [robot_6_log_20260602_144405.csv] - WARNING - Estado FSM: AVANZA | Target Wall: None | Target Theta: 0.00° |theta: 126.680968503425 
2026-06-02 14:44:29.991 - [robot_6_log_20260602_144405.csv] - DEBUG - Incoming data. Topic 6/pos, mensaje {"x": 226.12, "y": 83.24, "yaw": 2.243, "timestamp": 1780404269.987647}
2026-06-02 14:44:29.996 - [robot_6_log_20260602_144405.csv] - DEBUG - Posición actualizada por visión: x=226.12, y=83.24, θ=2.24
2026-06-02 14:44:30.001 - [robot_6_log_20260602_144405.csv] - DEBUG - Frecuencia: 17.86 Hz | Latencia Red/Proc: 14.13 ms
2026-06-02 14:44:30.006 - [robot_6_log_20260602_144405.csv] - DEBUG - Incoming data. Topic 6/pos, mensaje {"x": 226.12, "y": 83.24, "yaw": 2.243, "timestamp": 1780404269.987647}
2026-06-02 14:44:30.012 - [robot_6_log_20260602_144405.csv] - DEBUG - Posición actualizada por visión: x=226.12, y=83.24, θ=2.24
2026-06-02 14:44:30.012 - [robot_6_log_20260602_144405.csv] - DEBUG - Frecuencia: 95.34 Hz | Latencia Red/Proc: 24.62 ms
2026-06-02 14:44:30.022 - [robot_6_log_20260602_144405.csv] - DEBUG - Incoming data. Topic 6/pos, mensaje {"x": 226.12, "y": 83.24, "yaw": 2.243, "timestamp": 1780404269.9960842}
2026-06-02 14:44:30.022 - [robot_6_log_20260602_144405.csv] - DEBUG - Posición actualizada por visión: x=226.12, y=83.24, θ=2.24
2026-06-02 14:44:30.027 - [robot_6_log_20260602_144405.csv] - DEBUG - Frecuencia: 64.34 Hz | Latencia Red/Proc: 31.72 ms
2026-06-02 14:44:30.027 - [robot_6_log_20260602_144405.csv] - DEBUG - Incoming data. Topic 6/pos, mensaje {"x": 226.12, "y": 83.24, "yaw": 2.243, "timestamp": 1780404269.9960842}
2026-06-02 14:44:30.027 - [robot_6_log_20260602_144405.csv] - DEBUG - Posición actualizada por visión: x=226.12, y=83.24, θ=2.24
2026-06-02 14:44:30.027 - [robot_6_log_20260602_144405.csv] - DEBUG - Frecuencia: 6990.51 Hz | Latencia Red/Proc: 31.86 ms
2026-06-02 14:44:30.033 - [robot_6_log_20260602_144405.csv] - DEBUG - Despachado a ZMQ -> agent/6/move: {'v': 20.0, 'w': 0.0}
2026-06-02 14:44:30.035 - [robot_6_log_20260602_144405.csv] - INFO - Usando posición VISION: x=226.12, y=83.24, θ=2.24
2026-06-02 14:44:30.035 - [robot_6_log_20260602_144405.csv] - INFO - Distancias a paredes: Left: 226.12, Right: 223.88, Top: 56.76, Bottom: 83.24
2026-06-02 14:44:30.035 - [robot_6_log_20260602_144405.csv] - INFO - Posicion: 226.12, 83.24, 2.243 | Velocidad: -0.7824513136209922, -0.6227117646333524
2026-06-02 14:44:30.035 - [robot_6_log_20260602_144405.csv] - INFO - None
2026-06-02 14:44:30.035 - [robot_6_log_20260602_144405.csv] - WARNING - Estado FSM: AVANZA | Target Wall: None | Target Theta: 0.00° |theta: 128.51443344784366 
2026-06-02 14:44:30.046 - [robot_6_log_20260602_144405.csv] - DEBUG - Despachado a ZMQ -> agent/6/move: {'v': 20.0, 'w': 0.0}
2026-06-02 14:44:30.077 - [robot_6_log_20260602_144405.csv] - DEBUG - Incoming data. Topic agent/6/wheel, mensaje {"Wleft":8.093169295,"Wright":6.102302819}
2026-06-02 14:44:30.085 - [robot_6_log_20260602_144405.csv] - INFO - Usando posición VISION: x=226.12, y=83.24, θ=2.24
2026-06-02 14:44:30.085 - [robot_6_log_20260602_144405.csv] - INFO - Distancias a paredes: Left: 226.12, Right: 223.88, Top: 56.76, Bottom: 83.24
2026-06-02 14:44:30.085 - [robot_6_log_20260602_144405.csv] - INFO - Posicion: 226.12, 83.24, 2.243 | Velocidad: -0.7824513136209922, -0.6227117646333524
2026-06-02 14:44:30.085 - [robot_6_log_20260602_144405.csv] - INFO - None
2026-06-02 14:44:30.085 - [robot_6_log_20260602_144405.csv] - WARNING - Estado FSM: AVANZA | Target Wall: None | Target Theta: 0.00° |theta: 128.51443344784366 
2026-06-02 14:44:30.101 - [robot_6_log_20260602_144405.csv] - DEBUG - Incoming data. Topic 6/pos, mensaje {"x": 225.16, "y": 81.95, "yaw": 2.278, "timestamp": 1780404270.087536}
2026-06-02 14:44:30.101 - [robot_6_log_20260602_144405.csv] - DEBUG - Despachado a ZMQ -> agent/6/move: {'v': 20.0, 'w': 0.0}
2026-06-02 14:44:30.111 - [robot_6_log_20260602_144405.csv] - DEBUG - Posición actualizada por visión: x=225.16, y=81.95, θ=2.28
2026-06-02 14:44:30.135 - [robot_6_log_20260602_144405.csv] - INFO - Usando posición VISION: x=225.16, y=81.95, θ=2.28
2026-06-02 14:44:30.135 - [robot_6_log_20260602_144405.csv] - DEBUG - Frecuencia: 9.33 Hz | Latencia Red/Proc: 47.63 ms
2026-06-02 14:44:30.135 - [robot_6_log_20260602_144405.csv] - INFO - Distancias a paredes: Left: 225.16, Right: 224.84, Top: 58.05, Bottom: 81.95
2026-06-02 14:44:30.135 - [robot_6_log_20260602_144405.csv] - INFO - Posicion: 225.16, 81.95, 2.278 | Velocidad: -0.7601816488727605, -0.6497105976641377
2026-06-02 14:44:30.135 - [robot_6_log_20260602_144405.csv] - INFO - None
2026-06-02 14:44:30.135 - [robot_6_log_20260602_144405.csv] - DEBUG - Incoming data. Topic 6/pos, mensaje {"x": 225.16, "y": 81.95, "yaw": 2.278, "timestamp": 1780404270.087536}
2026-06-02 14:44:30.135 - [robot_6_log_20260602_144405.csv] - DEBUG - Posición actualizada por visión: x=225.16, y=81.95, θ=2.28
2026-06-02 14:44:30.135 - [robot_6_log_20260602_144405.csv] - DEBUG - Frecuencia: 5447.15 Hz | Latencia Red/Proc: 47.82 ms
2026-06-02 14:44:30.135 - [robot_6_log_20260602_144405.csv] - WARNING - Estado FSM: AVANZA | Target Wall: None | Target Theta: 0.00° |theta: 130.51978573080154 
2026-06-02 14:44:30.140 - [robot_6_log_20260602_144405.csv] - DEBUG - Incoming data. Topic 6/pos, mensaje {"x": 225.16, "y": 81.95, "yaw": 2.278, "timestamp": 1780404270.099366}
2026-06-02 14:44:30.150 - [robot_6_log_20260602_144405.csv] - DEBUG - Despachado a ZMQ -> agent/6/move: {'v': 20.0, 'w': 0.0}
2026-06-02 14:44:30.150 - [robot_6_log_20260602_144405.csv] - DEBUG - Posición actualizada por visión: x=225.16, y=81.95, θ=2.28
2026-06-02 14:44:30.177 - [robot_6_log_20260602_144405.csv] - DEBUG - Frecuencia: 23.94 Hz | Latencia Red/Proc: 77.75 ms
2026-06-02 14:44:30.182 - [robot_6_log_20260602_144405.csv] - DEBUG - Incoming data. Topic 6/pos, mensaje {"x": 225.16, "y": 81.95, "yaw": 2.278, "timestamp": 1780404270.099366}
2026-06-02 14:44:30.185 - [robot_6_log_20260602_144405.csv] - INFO - Usando posición VISION: x=225.16, y=81.95, θ=2.28
2026-06-02 14:44:30.185 - [robot_6_log_20260602_144405.csv] - INFO - Distancias a paredes: Left: 225.16, Right: 224.84, Top: 58.05, Bottom: 81.95
2026-06-02 14:44:30.185 - [robot_6_log_20260602_144405.csv] - INFO - Posicion: 225.16, 81.95, 2.278 | Velocidad: -0.7601816488727605, -0.6497105976641377
2026-06-02 14:44:30.185 - [robot_6_log_20260602_144405.csv] - INFO - None
2026-06-02 14:44:30.185 - [robot_6_log_20260602_144405.csv] - DEBUG - Posición actualizada por visión: x=225.16, y=81.95, θ=2.28
2026-06-02 14:44:30.185 - [robot_6_log_20260602_144405.csv] - WARNING - Estado FSM: AVANZA | Target Wall: None | Target Theta: 0.00° |theta: 130.51978573080154 
2026-06-02 14:44:30.185 - [robot_6_log_20260602_144405.csv] - DEBUG - Frecuencia: 121.49 Hz | Latencia Red/Proc: 85.98 ms
2026-06-02 14:44:30.205 - [robot_6_log_20260602_144405.csv] - DEBUG - Incoming data. Topic agent/6/wheel, mensaje {"Wleft":4.044930756,"Wright":6.048774726}
2026-06-02 14:44:30.205 - [robot_6_log_20260602_144405.csv] - DEBUG - Despachado a ZMQ -> agent/6/move: {'v': 20.0, 'w': 0.0}
2026-06-02 14:44:30.232 - [robot_6_log_20260602_144405.csv] - DEBUG - Incoming data. Topic 6/pos, mensaje {"x": 224.21, "y": 80.57, "yaw": 2.313, "timestamp": 1780404270.1888392}
2026-06-02 14:44:30.235 - [robot_6_log_20260602_144405.csv] - INFO - Usando posición VISION: x=225.16, y=81.95, θ=2.28
2026-06-02 14:44:30.235 - [robot_6_log_20260602_144405.csv] - INFO - Distancias a paredes: Left: 225.16, Right: 224.84, Top: 58.05, Bottom: 81.95
2026-06-02 14:44:30.235 - [robot_6_log_20260602_144405.csv] - INFO - Posicion: 225.16, 81.95, 2.278 | Velocidad: -0.7601816488727605, -0.6497105976641377
2026-06-02 14:44:30.235 - [robot_6_log_20260602_144405.csv] - INFO - None
2026-06-02 14:44:30.235 - [robot_6_log_20260602_144405.csv] - DEBUG - Posición actualizada por visión: x=224.21, y=80.57, θ=2.31
2026-06-02 14:44:30.235 - [robot_6_log_20260602_144405.csv] - WARNING - Estado FSM: AVANZA | Target Wall: None | Target Theta: 0.00° |theta: 130.51978573080154 
2026-06-02 14:44:30.235 - [robot_6_log_20260602_144405.csv] - DEBUG - Frecuencia: 19.98 Hz | Latencia Red/Proc: 46.56 ms
2026-06-02 14:44:30.250 - [robot_6_log_20260602_144405.csv] - DEBUG - Incoming data. Topic 6/pos, mensaje {"x": 224.21, "y": 80.57, "yaw": 2.313, "timestamp": 1780404270.1888392}
2026-06-02 14:44:30.255 - [robot_6_log_20260602_144405.csv] - DEBUG - Posición actualizada por visión: x=224.21, y=80.57, θ=2.31
2026-06-02 14:44:30.260 - [robot_6_log_20260602_144405.csv] - DEBUG - Despachado a ZMQ -> agent/6/move: {'v': 20.0, 'w': 0.0}
2026-06-02 14:44:30.260 - [robot_6_log_20260602_144405.csv] - DEBUG - Frecuencia: 39.12 Hz | Latencia Red/Proc: 72.12 ms
2026-06-02 14:44:30.285 - [robot_6_log_20260602_144405.csv] - INFO - Usando posición VISION: x=224.21, y=80.57, θ=2.31
2026-06-02 14:44:30.285 - [robot_6_log_20260602_144405.csv] - DEBUG - Incoming data. Topic 6/pos, mensaje {"x": 224.21, "y": 80.57, "yaw": 2.313, "timestamp": 1780404270.1997159}
2026-06-02 14:44:30.285 - [robot_6_log_20260602_144405.csv] - INFO - Distancias a paredes: Left: 224.21, Right: 225.79, Top: 59.43, Bottom: 80.57
2026-06-02 14:44:30.285 - [robot_6_log_20260602_144405.csv] - DEBUG - Posición actualizada por visión: x=224.21, y=80.57, θ=2.31
2026-06-02 14:44:30.285 - [robot_6_log_20260602_144405.csv] - INFO - Posicion: 224.21, 80.57, 2.313 | Velocidad: -0.736980856663077, -0.6759136164571308
2026-06-02 14:44:30.285 - [robot_6_log_20260602_144405.csv] - DEBUG - Frecuencia: 40.87 Hz | Latencia Red/Proc: 85.71 ms
2026-06-02 14:44:30.285 - [robot_6_log_20260602_144405.csv] - INFO - None
2026-06-02 14:44:30.285 - [robot_6_log_20260602_144405.csv] - DEBUG - Incoming data. Topic 6/pos, mensaje {"x": 224.21, "y": 80.57, "yaw": 2.313, "timestamp": 1780404270.1997159}
2026-06-02 14:44:30.285 - [robot_6_log_20260602_144405.csv] - WARNING - Estado FSM: AVANZA | Target Wall: None | Target Theta: 0.00° |theta: 132.52513801375943 
2026-06-02 14:44:30.285 - [robot_6_log_20260602_144405.csv] - DEBUG - Posición actualizada por visión: x=224.21, y=80.57, θ=2.31
2026-06-02 14:44:30.295 - [robot_6_log_20260602_144405.csv] - DEBUG - Frecuencia: 96.20 Hz | Latencia Red/Proc: 96.11 ms
2026-06-02 14:44:30.306 - [robot_6_log_20260602_144405.csv] - DEBUG - Incoming data. Topic agent/6/wheel, mensaje {"Wleft":2.022668903,"Wright":6.134706716}
2026-06-02 14:44:30.311 - [robot_6_log_20260602_144405.csv] - DEBUG - Despachado a ZMQ -> agent/6/move: {'v': 20.0, 'w': 0.0}
2026-06-02 14:44:30.321 - [robot_6_log_20260602_144405.csv] - DEBUG - Incoming data. Topic 6/pos, mensaje {"x": 223.27, "y": 79.1, "yaw": 2.349, "timestamp": 1780404270.2853982}
2026-06-02 14:44:30.326 - [robot_6_log_20260602_144405.csv] - DEBUG - Posición actualizada por visión: x=223.27, y=79.10, θ=2.35
2026-06-02 14:44:30.331 - [robot_6_log_20260602_144405.csv] - DEBUG - Frecuencia: 27.96 Hz | Latencia Red/Proc: 46.19 ms
2026-06-02 14:44:30.335 - [robot_6_log_20260602_144405.csv] - INFO - Usando posición VISION: x=223.27, y=79.10, θ=2.35
2026-06-02 14:44:30.335 - [robot_6_log_20260602_144405.csv] - INFO - Distancias a paredes: Left: 223.27, Right: 226.73, Top: 60.90, Bottom: 79.10
2026-06-02 14:44:30.335 - [robot_6_log_20260602_144405.csv] - INFO - Posicion: 223.27, 79.1, 2.349 | Velocidad: -0.7121757100138523, -0.7020012521828329
2026-06-02 14:44:30.335 - [robot_6_log_20260602_144405.csv] - INFO - None
2026-06-02 14:44:30.335 - [robot_6_log_20260602_144405.csv] - WARNING - Estado FSM: AVANZA | Target Wall: None | Target Theta: 0.00° |theta: 134.5877860762304 
2026-06-02 14:44:30.335 - [robot_6_log_20260602_144405.csv] - DEBUG - Incoming data. Topic 6/pos, mensaje {"x": 223.27, "y": 79.1, "yaw": 2.349, "timestamp": 1780404270.2853982}
2026-06-02 14:44:30.345 - [robot_6_log_20260602_144405.csv] - DEBUG - Posición actualizada por visión: x=223.27, y=79.10, θ=2.35
2026-06-02 14:44:30.345 - [robot_6_log_20260602_144405.csv] - DEBUG - Frecuencia: 71.41 Hz | Latencia Red/Proc: 60.19 ms
2026-06-02 14:44:30.350 - [robot_6_log_20260602_144405.csv] - DEBUG - Despachado a ZMQ -> agent/6/move: {'v': 20.0, 'w': 0.0}
2026-06-02 14:44:30.371 - [robot_6_log_20260602_144405.csv] - DEBUG - Incoming data. Topic 6/pos, mensaje {"x": 223.27, "y": 79.1, "yaw": 2.349, "timestamp": 1780404270.2966573}
2026-06-02 14:44:30.385 - [robot_6_log_20260602_144405.csv] - INFO - Usando posición VISION: x=223.27, y=79.10, θ=2.35
2026-06-02 14:44:30.385 - [robot_6_log_20260602_144405.csv] - DEBUG - Posición actualizada por visión: x=223.27, y=79.10, θ=2.35
2026-06-02 14:44:30.385 - [robot_6_log_20260602_144405.csv] - INFO - Distancias a paredes: Left: 223.27, Right: 226.73, Top: 60.90, Bottom: 79.10
2026-06-02 14:44:30.385 - [robot_6_log_20260602_144405.csv] - DEBUG - Frecuencia: 25.16 Hz | Latencia Red/Proc: 88.68 ms
2026-06-02 14:44:30.385 - [robot_6_log_20260602_144405.csv] - INFO - Posicion: 223.27, 79.1, 2.349 | Velocidad: -0.7121757100138523, -0.7020012521828329
2026-06-02 14:44:30.385 - [robot_6_log_20260602_144405.csv] - INFO - None
2026-06-02 14:44:30.385 - [robot_6_log_20260602_144405.csv] - DEBUG - Incoming data. Topic 6/pos, mensaje {"x": 223.27, "y": 79.1, "yaw": 2.349, "timestamp": 1780404270.2966573}
2026-06-02 14:44:30.385 - [robot_6_log_20260602_144405.csv] - WARNING - Estado FSM: AVANZA | Target Wall: None | Target Theta: 0.00° |theta: 134.5877860762304 
2026-06-02 14:44:30.385 - [robot_6_log_20260602_144405.csv] - DEBUG - Posición actualizada por visión: x=223.27, y=79.10, θ=2.35
2026-06-02 14:44:30.395 - [robot_6_log_20260602_144405.csv] - DEBUG - Frecuencia: 95.41 Hz | Latencia Red/Proc: 99.16 ms
2026-06-02 14:44:30.406 - [robot_6_log_20260602_144405.csv] - DEBUG - Despachado a ZMQ -> agent/6/move: {'v': 20.0, 'w': 0.0}
2026-06-02 14:44:30.411 - [robot_6_log_20260602_144405.csv] - DEBUG - Incoming data. Topic agent/6/wheel, mensaje {"Wleft":6.076822952,"Wright":6.419689552}
2026-06-02 14:44:30.426 - [robot_6_log_20260602_144405.csv] - DEBUG - Incoming data. Topic 6/pos, mensaje {"x": 222.36, "y": 77.7, "yaw": 2.384, "timestamp": 1780404270.3841681}
2026-06-02 14:44:30.431 - [robot_6_log_20260602_144405.csv] - DEBUG - Posición actualizada por visión: x=222.36, y=77.70, θ=2.38
2026-06-02 14:44:30.435 - [robot_6_log_20260602_144405.csv] - INFO - Usando posición VISION: x=222.36, y=77.70, θ=2.38
2026-06-02 14:44:30.435 - [robot_6_log_20260602_144405.csv] - DEBUG - Frecuencia: 25.41 Hz | Latencia Red/Proc: 51.01 ms
2026-06-02 14:44:30.435 - [robot_6_log_20260602_144405.csv] - INFO - Distancias a paredes: Left: 222.36, Right: 227.64, Top: 62.30, Bottom: 77.70
2026-06-02 14:44:30.435 - [robot_6_log_20260602_144405.csv] - INFO - Posicion: 222.36, 77.7, 2.384 | Velocidad: -0.687174519169483, -0.7264923813806926
2026-06-02 14:44:30.435 - [robot_6_log_20260602_144405.csv] - INFO - None
2026-06-02 14:44:30.435 - [robot_6_log_20260602_144405.csv] - DEBUG - Incoming data. Topic 6/pos, mensaje {"x": 222.36, "y": 77.7, "yaw": 2.384, "timestamp": 1780404270.3841681}
2026-06-02 14:44:30.435 - [robot_6_log_20260602_144405.csv] - DEBUG - Posición actualizada por visión: x=222.36, y=77.70, θ=2.38
2026-06-02 14:44:30.435 - [robot_6_log_20260602_144405.csv] - DEBUG - Frecuencia: 5899.16 Hz | Latencia Red/Proc: 51.18 ms
2026-06-02 14:44:30.435 - [robot_6_log_20260602_144405.csv] - WARNING - Estado FSM: AVANZA | Target Wall: None | Target Theta: 0.00° |theta: 136.59313835918826 
2026-06-02 14:44:30.440 - [robot_6_log_20260602_144405.csv] - DEBUG - Incoming data. Topic 6/pos, mensaje {"x": 222.36, "y": 77.7, "yaw": 2.384, "timestamp": 1780404270.3955548}
2026-06-02 14:44:30.445 - [robot_6_log_20260602_144405.csv] - DEBUG - Posición actualizada por visión: x=222.36, y=77.70, θ=2.38
2026-06-02 14:44:30.450 - [robot_6_log_20260602_144405.csv] - DEBUG - Despachado a ZMQ -> agent/6/move: {'v': 20.0, 'w': 0.0}
2026-06-02 14:44:30.460 - [robot_6_log_20260602_144405.csv] - DEBUG - Frecuencia: 39.39 Hz | Latencia Red/Proc: 65.18 ms
2026-06-02 14:44:30.485 - [robot_6_log_20260602_144405.csv] - INFO - Usando posición VISION: x=222.36, y=77.70, θ=2.38
2026-06-02 14:44:30.485 - [robot_6_log_20260602_144405.csv] - DEBUG - Incoming data. Topic 6/pos, mensaje {"x": 222.36, "y": 77.7, "yaw": 2.384, "timestamp": 1780404270.3955548}
2026-06-02 14:44:30.485 - [robot_6_log_20260602_144405.csv] - INFO - Distancias a paredes: Left: 222.36, Right: 227.64, Top: 62.30, Bottom: 77.70
2026-06-02 14:44:30.485 - [robot_6_log_20260602_144405.csv] - DEBUG - Posición actualizada por visión: x=222.36, y=77.70, θ=2.38
2026-06-02 14:44:30.485 - [robot_6_log_20260602_144405.csv] - INFO - Posicion: 222.36, 77.7, 2.384 | Velocidad: -0.687174519169483, -0.7264923813806926
2026-06-02 14:44:30.485 - [robot_6_log_20260602_144405.csv] - DEBUG - Frecuencia: 40.62 Hz | Latencia Red/Proc: 89.80 ms
2026-06-02 14:44:30.485 - [robot_6_log_20260602_144405.csv] - INFO - None
2026-06-02 14:44:30.485 - [robot_6_log_20260602_144405.csv] - WARNING - Estado FSM: AVANZA | Target Wall: None | Target Theta: 0.00° |theta: 136.59313835918826 
2026-06-02 14:44:30.491 - [robot_6_log_20260602_144405.csv] - DEBUG - Incoming data. Topic 6/pos, mensaje {"x": 221.35, "y": 76.18, "yaw": 2.413, "timestamp": 1780404270.488303}
2026-06-02 14:44:30.496 - [robot_6_log_20260602_144405.csv] - DEBUG - Posición actualizada por visión: x=221.35, y=76.18, θ=2.41
2026-06-02 14:44:30.506 - [robot_6_log_20260602_144405.csv] - DEBUG - Frecuencia: 46.61 Hz | Latencia Red/Proc: 18.50 ms
2026-06-02 14:44:30.506 - [robot_6_log_20260602_144405.csv] - DEBUG - Despachado a ZMQ -> agent/6/move: {'v': 20.0, 'w': 0.0}
2026-06-02 14:44:30.527 - [robot_6_log_20260602_144405.csv] - DEBUG - Incoming data. Topic 6/pos, mensaje {"x": 221.35, "y": 76.18, "yaw": 2.413, "timestamp": 1780404270.488303}
2026-06-02 14:44:30.532 - [robot_6_log_20260602_144405.csv] - DEBUG - Posición actualizada por visión: x=221.35, y=76.18, θ=2.41
2026-06-02 14:44:30.535 - [robot_6_log_20260602_144405.csv] - INFO - Usando posición VISION: x=221.35, y=76.18, θ=2.41
2026-06-02 14:44:30.535 - [robot_6_log_20260602_144405.csv] - DEBUG - Frecuencia: 35.21 Hz | Latencia Red/Proc: 46.91 ms
2026-06-02 14:44:30.535 - [robot_6_log_20260602_144405.csv] - INFO - Distancias a paredes: Left: 221.35, Right: 228.65, Top: 63.82, Bottom: 76.18
2026-06-02 14:44:30.535 - [robot_6_log_20260602_144405.csv] - INFO - Posicion: 221.35, 76.18, 2.413 | Velocidad: -0.6658202564209004, -0.7461121806669601
2026-06-02 14:44:30.535 - [robot_6_log_20260602_144405.csv] - INFO - None
2026-06-02 14:44:30.535 - [robot_6_log_20260602_144405.csv] - DEBUG - Incoming data. Topic 6/pos, mensaje {"x": 221.35, "y": 76.18, "yaw": 2.413, "timestamp": 1780404270.4999747}
2026-06-02 14:44:30.535 - [robot_6_log_20260602_144405.csv] - WARNING - Estado FSM: AVANZA | Target Wall: None | Target Theta: 0.00° |theta: 138.25471596506765 
2026-06-02 14:44:30.535 - [robot_6_log_20260602_144405.csv] - DEBUG - Posición actualizada por visión: x=221.35, y=76.18, θ=2.41
2026-06-02 14:44:30.550 - [robot_6_log_20260602_144405.csv] - DEBUG - Despachado a ZMQ -> agent/6/move: {'v': 20.0, 'w': 0.0}
2026-06-02 14:44:30.550 - [robot_6_log_20260602_144405.csv] - DEBUG - Frecuencia: 64.22 Hz | Latencia Red/Proc: 50.81 ms
2026-06-02 14:44:30.582 - [robot_6_log_20260602_144405.csv] - DEBUG - Incoming data. Topic 6/pos, mensaje {"x": 221.35, "y": 76.18, "yaw": 2.413, "timestamp": 1780404270.4999747}
2026-06-02 14:44:30.585 - [robot_6_log_20260602_144405.csv] - INFO - Usando posición VISION: x=221.35, y=76.18, θ=2.41
2026-06-02 14:44:30.585 - [robot_6_log_20260602_144405.csv] - DEBUG - Posición actualizada por visión: x=221.35, y=76.18, θ=2.41
2026-06-02 14:44:30.585 - [robot_6_log_20260602_144405.csv] - INFO - Distancias a paredes: Left: 221.35, Right: 228.65, Top: 63.82, Bottom: 76.18
2026-06-02 14:44:30.585 - [robot_6_log_20260602_144405.csv] - DEBUG - Frecuencia: 28.91 Hz | Latencia Red/Proc: 85.40 ms
2026-06-02 14:44:30.585 - [robot_6_log_20260602_144405.csv] - INFO - Posicion: 221.35, 76.18, 2.413 | Velocidad: -0.6658202564209004, -0.7461121806669601
2026-06-02 14:44:30.585 - [robot_6_log_20260602_144405.csv] - INFO - None
2026-06-02 14:44:30.585 - [robot_6_log_20260602_144405.csv] - WARNING - Estado FSM: AVANZA | Target Wall: None | Target Theta: 0.00° |theta: 138.25471596506765 
2026-06-02 14:44:30.590 - [robot_6_log_20260602_144405.csv] - DEBUG - Incoming data. Topic agent/6/wheel, mensaje {"Wleft":4.035533153,"Wright":6.245482827}
2026-06-02 14:44:30.590 - [robot_6_log_20260602_144405.csv] - DEBUG - Despachado a ZMQ -> agent/6/move: {'v': 20.0, 'w': 0.0}
2026-06-02 14:44:30.617 - [robot_6_log_20260602_144405.csv] - DEBUG - Incoming data. Topic agent/6/wheel, mensaje {"Wleft":4.059172651,"Wright":6.572259284}
2026-06-02 14:44:30.622 - [robot_6_log_20260602_144405.csv] - DEBUG - Incoming data. Topic 6/pos, mensaje {"x": 220.3, "y": 74.67, "yaw": 2.428, "timestamp": 1780404270.5851984}
2026-06-02 14:44:30.627 - [robot_6_log_20260602_144405.csv] - DEBUG - Posición actualizada por visión: x=220.30, y=74.67, θ=2.43
2026-06-02 14:44:30.627 - [robot_6_log_20260602_144405.csv] - DEBUG - Frecuencia: 23.69 Hz | Latencia Red/Proc: 42.39 ms
2026-06-02 14:44:30.635 - [robot_6_log_20260602_144405.csv] - INFO - Usando posición VISION: x=220.30, y=74.67, θ=2.43
2026-06-02 14:44:30.635 - [robot_6_log_20260602_144405.csv] - DEBUG - Incoming data. Topic 6/pos, mensaje {"x": 220.3, "y": 74.67, "yaw": 2.428, "timestamp": 1780404270.5851984}
2026-06-02 14:44:30.635 - [robot_6_log_20260602_144405.csv] - INFO - Distancias a paredes: Left: 220.30, Right: 229.70, Top: 65.33, Bottom: 74.67
2026-06-02 14:44:30.635 - [robot_6_log_20260602_144405.csv] - DEBUG - Posición actualizada por visión: x=220.30, y=74.67, θ=2.43
2026-06-02 14:44:30.635 - [robot_6_log_20260602_144405.csv] - INFO - Posicion: 220.3, 74.67, 2.428 | Velocidad: -0.6545540900198827, -0.7560151739470864
2026-06-02 14:44:30.635 - [robot_6_log_20260602_144405.csv] - DEBUG - Frecuencia: 129.04 Hz | Latencia Red/Proc: 50.14 ms
2026-06-02 14:44:30.635 - [robot_6_log_20260602_144405.csv] - INFO - None
2026-06-02 14:44:30.635 - [robot_6_log_20260602_144405.csv] - DEBUG - Incoming data. Topic 6/pos, mensaje {"x": 220.3, "y": 74.67, "yaw": 2.428, "timestamp": 1780404270.596474}
2026-06-02 14:44:30.635 - [robot_6_log_20260602_144405.csv] - WARNING - Estado FSM: AVANZA | Target Wall: None | Target Theta: 0.00° |theta: 139.11415265776387 
2026-06-02 14:44:30.635 - [robot_6_log_20260602_144405.csv] - DEBUG - Posición actualizada por visión: x=220.30, y=74.67, θ=2.43
2026-06-02 14:44:30.640 - [robot_6_log_20260602_144405.csv] - DEBUG - Frecuencia: 187.00 Hz | Latencia Red/Proc: 44.21 ms
2026-06-02 14:44:30.640 - [robot_6_log_20260602_144405.csv] - DEBUG - Incoming data. Topic 6/pos, mensaje {"x": 220.3, "y": 74.67, "yaw": 2.428, "timestamp": 1780404270.596474}
2026-06-02 14:44:30.640 - [robot_6_log_20260602_144405.csv] - DEBUG - Posición actualizada por visión: x=220.30, y=74.67, θ=2.43
2026-06-02 14:44:30.640 - [robot_6_log_20260602_144405.csv] - DEBUG - Frecuencia: 5874.38 Hz | Latencia Red/Proc: 44.38 ms
2026-06-02 14:44:30.651 - [robot_6_log_20260602_144405.csv] - DEBUG - Despachado a ZMQ -> agent/6/move: {'v': 20.0, 'w': 0.0}
2026-06-02 14:44:30.685 - [robot_6_log_20260602_144405.csv] - INFO - Usando posición VISION: x=220.30, y=74.67, θ=2.43
2026-06-02 14:44:30.685 - [robot_6_log_20260602_144405.csv] - DEBUG - Incoming data. Topic 6/pos, mensaje {"x": 219.32, "y": 73.18, "yaw": 2.46, "timestamp": 1780404270.6841888}
2026-06-02 14:44:30.685 - [robot_6_log_20260602_144405.csv] - INFO - Distancias a paredes: Left: 220.30, Right: 229.70, Top: 65.33, Bottom: 74.67
2026-06-02 14:44:30.685 - [robot_6_log_20260602_144405.csv] - DEBUG - Posición actualizada por visión: x=219.32, y=73.18, θ=2.46
2026-06-02 14:44:30.685 - [robot_6_log_20260602_144405.csv] - INFO - Posicion: 220.3, 74.67, 2.428 | Velocidad: -0.6545540900198827, -0.7560151739470864
2026-06-02 14:44:30.685 - [robot_6_log_20260602_144405.csv] - DEBUG - Frecuencia: 22.43 Hz | Latencia Red/Proc: 1.26 ms
2026-06-02 14:44:30.685 - [robot_6_log_20260602_144405.csv] - INFO - None
2026-06-02 14:44:30.685 - [robot_6_log_20260602_144405.csv] - DEBUG - Incoming data. Topic agent/6/wheel, mensaje {"Wleft":4.040721202,"Wright":6.180696509}
2026-06-02 14:44:30.685 - [robot_6_log_20260602_144405.csv] - WARNING - Estado FSM: AVANZA | Target Wall: None | Target Theta: 0.00° |theta: 139.11415265776387 
2026-06-02 14:44:30.696 - [robot_6_log_20260602_144405.csv] - DEBUG - Incoming data. Topic 6/pos, mensaje {"x": 219.32, "y": 73.18, "yaw": 2.46, "timestamp": 1780404270.6931388}
2026-06-02 14:44:30.701 - [robot_6_log_20260602_144405.csv] - DEBUG - Despachado a ZMQ -> agent/6/move: {'v': 20.0, 'w': 0.0}
2026-06-02 14:44:30.701 - [robot_6_log_20260602_144405.csv] - DEBUG - Posición actualizada por visión: x=219.32, y=73.18, θ=2.46
2026-06-02 14:44:30.728 - [robot_6_log_20260602_144405.csv] - DEBUG - Frecuencia: 23.44 Hz | Latencia Red/Proc: 34.97 ms
2026-06-02 14:44:30.735 - [robot_6_log_20260602_144405.csv] - INFO - Usando posición VISION: x=219.32, y=73.18, θ=2.46
2026-06-02 14:44:30.735 - [robot_6_log_20260602_144405.csv] - INFO - Distancias a paredes: Left: 219.32, Right: 230.68, Top: 66.82, Bottom: 73.18
2026-06-02 14:44:30.735 - [robot_6_log_20260602_144405.csv] - INFO - Posicion: 219.32, 73.18, 2.46 | Velocidad: -0.6300306299958922, -0.776570283533293
2026-06-02 14:44:30.735 - [robot_6_log_20260602_144405.csv] - INFO - None
2026-06-02 14:44:30.735 - [robot_6_log_20260602_144405.csv] - DEBUG - Incoming data. Topic 6/pos, mensaje {"x": 219.32, "y": 73.18, "yaw": 2.46, "timestamp": 1780404270.6841888}
2026-06-02 14:44:30.735 - [robot_6_log_20260602_144405.csv] - WARNING - Estado FSM: AVANZA | Target Wall: None | Target Theta: 0.00° |theta: 140.9476176021825 
2026-06-02 14:44:30.735 - [robot_6_log_20260602_144405.csv] - DEBUG - Posición actualizada por visión: x=219.32, y=73.18, θ=2.46
2026-06-02 14:44:30.745 - [robot_6_log_20260602_144405.csv] - DEBUG - Despachado a ZMQ -> agent/6/move: {'v': 20.0, 'w': 0.0}
2026-06-02 14:44:30.756 - [robot_6_log_20260602_144405.csv] - DEBUG - Frecuencia: 35.52 Hz | Latencia Red/Proc: 72.07 ms
2026-06-02 14:44:30.771 - [robot_6_log_20260602_144405.csv] - DEBUG - Incoming data. Topic 6/pos, mensaje {"x": 219.32, "y": 73.18, "yaw": 2.46, "timestamp": 1780404270.6931388}
2026-06-02 14:44:30.778 - [robot_6_log_20260602_144405.csv] - DEBUG - Posición actualizada por visión: x=219.32, y=73.18, θ=2.46
2026-06-02 14:44:30.778 - [robot_6_log_20260602_144405.csv] - DEBUG - Frecuencia: 45.91 Hz | Latencia Red/Proc: 84.90 ms
2026-06-02 14:44:30.785 - [robot_6_log_20260602_144405.csv] - INFO - Usando posición VISION: x=219.32, y=73.18, θ=2.46
2026-06-02 14:44:30.785 - [robot_6_log_20260602_144405.csv] - DEBUG - Incoming data. Topic 6/pos, mensaje {"x": 218.39, "y": 71.74, "yaw": 2.477, "timestamp": 1780404270.7840073}
2026-06-02 14:44:30.785 - [robot_6_log_20260602_144405.csv] - INFO - Distancias a paredes: Left: 219.32, Right: 230.68, Top: 66.82, Bottom: 73.18
2026-06-02 14:44:30.785 - [robot_6_log_20260602_144405.csv] - DEBUG - Posición actualizada por visión: x=218.39, y=71.74, θ=2.48
2026-06-02 14:44:30.785 - [robot_6_log_20260602_144405.csv] - INFO - Posicion: 219.32, 73.18, 2.46 | Velocidad: -0.6300306299958922, -0.776570283533293
2026-06-02 14:44:30.785 - [robot_6_log_20260602_144405.csv] - DEBUG - Frecuencia: 134.48 Hz | Latencia Red/Proc: 1.47 ms
2026-06-02 14:44:30.785 - [robot_6_log_20260602_144405.csv] - INFO - None
2026-06-02 14:44:30.785 - [robot_6_log_20260602_144405.csv] - DEBUG - Incoming data. Topic agent/6/wheel, mensaje {"Wleft":4.070076125,"Wright":6.524680718}
2026-06-02 14:44:30.785 - [robot_6_log_20260602_144405.csv] - WARNING - Estado FSM: AVANZA | Target Wall: None | Target Theta: 0.00° |theta: 140.9476176021825 
2026-06-02 14:44:30.801 - [robot_6_log_20260602_144405.csv] - DEBUG - Incoming data. Topic 6/pos, mensaje {"x": 218.39, "y": 71.74, "yaw": 2.477, "timestamp": 1780404270.7951071}
2026-06-02 14:44:30.806 - [robot_6_log_20260602_144405.csv] - DEBUG - Posición actualizada por visión: x=218.39, y=71.74, θ=2.48
2026-06-02 14:44:30.806 - [robot_6_log_20260602_144405.csv] - DEBUG - Despachado a ZMQ -> agent/6/move: {'v': 20.0, 'w': 0.0}
2026-06-02 14:44:30.817 - [robot_6_log_20260602_144405.csv] - DEBUG - Frecuencia: 31.68 Hz | Latencia Red/Proc: 21.93 ms
2026-06-02 14:44:30.827 - [robot_6_log_20260602_144405.csv] - DEBUG - Incoming data. Topic 6/pos, mensaje {"x": 218.39, "y": 71.74, "yaw": 2.477, "timestamp": 1780404270.7840073}
2026-06-02 14:44:30.827 - [robot_6_log_20260602_144405.csv] - DEBUG - Posición actualizada por visión: x=218.39, y=71.74, θ=2.48
2026-06-02 14:44:30.827 - [robot_6_log_20260602_144405.csv] - DEBUG - Frecuencia: 97.23 Hz | Latencia Red/Proc: 43.32 ms
2026-06-02 14:44:30.832 - [robot_6_log_20260602_144405.csv] - DEBUG - Incoming data. Topic 6/pos, mensaje {"x": 218.39, "y": 71.74, "yaw": 2.477, "timestamp": 1780404270.7951071}
2026-06-02 14:44:30.835 - [robot_6_log_20260602_144405.csv] - INFO - Usando posición VISION: x=218.39, y=71.74, θ=2.48
2026-06-02 14:44:30.835 - [robot_6_log_20260602_144405.csv] - DEBUG - Posición actualizada por visión: x=218.39, y=71.74, θ=2.48
2026-06-02 14:44:30.835 - [robot_6_log_20260602_144405.csv] - DEBUG - Frecuencia: 124.04 Hz | Latencia Red/Proc: 40.28 ms
2026-06-02 14:44:30.835 - [robot_6_log_20260602_144405.csv] - INFO - Distancias a paredes: Left: 218.39, Right: 231.61, Top: 68.26, Bottom: 71.74
2026-06-02 14:44:30.835 - [robot_6_log_20260602_144405.csv] - INFO - Posicion: 218.39, 71.74, 2.477 | Velocidad: -0.616738533814749, -0.7871680766570972
2026-06-02 14:44:30.835 - [robot_6_log_20260602_144405.csv] - INFO - None
2026-06-02 14:44:30.835 - [robot_6_log_20260602_144405.csv] - WARNING - Estado FSM: AVANZA | Target Wall: None | Target Theta: 0.00° |theta: 141.92164585390492 
2026-06-02 14:44:30.856 - [robot_6_log_20260602_144405.csv] - DEBUG - Despachado a ZMQ -> agent/6/move: {'v': 20.0, 'w': 0.0}
2026-06-02 14:44:30.885 - [robot_6_log_20260602_144405.csv] - INFO - Usando posición VISION: x=218.39, y=71.74, θ=2.48
2026-06-02 14:44:30.885 - [robot_6_log_20260602_144405.csv] - DEBUG - Incoming data. Topic 6/pos, mensaje {"x": 217.51, "y": 70.27, "yaw": 2.48, "timestamp": 1780404270.8842885}
2026-06-02 14:44:30.885 - [robot_6_log_20260602_144405.csv] - INFO - Distancias a paredes: Left: 218.39, Right: 231.61, Top: 68.26, Bottom: 71.74
2026-06-02 14:44:30.885 - [robot_6_log_20260602_144405.csv] - DEBUG - Posición actualizada por visión: x=217.51, y=70.27, θ=2.48
2026-06-02 14:44:30.885 - [robot_6_log_20260602_144405.csv] - INFO - Posicion: 218.39, 71.74, 2.477 | Velocidad: -0.616738533814749, -0.7871680766570972
2026-06-02 14:44:30.885 - [robot_6_log_20260602_144405.csv] - DEBUG - Frecuencia: 19.98 Hz | Latencia Red/Proc: 1.15 ms
2026-06-02 14:44:30.885 - [robot_6_log_20260602_144405.csv] - INFO - None
2026-06-02 14:44:30.885 - [robot_6_log_20260602_144405.csv] - DEBUG - Incoming data. Topic agent/6/wheel, mensaje {"Wleft":6.04458168,"Wright":6.134707841}
2026-06-02 14:44:30.885 - [robot_6_log_20260602_144405.csv] - WARNING - Estado FSM: AVANZA | Target Wall: None | Target Theta: 0.00° |theta: 141.92164585390492 
2026-06-02 14:44:30.885 - [robot_6_log_20260602_144405.csv] - DEBUG - Incoming data. Topic 6/pos, mensaje {"x": 217.51, "y": 70.27, "yaw": 2.48, "timestamp": 1780404270.8842885}
2026-06-02 14:44:30.890 - [robot_6_log_20260602_144405.csv] - DEBUG - Despachado a ZMQ -> agent/6/move: {'v': 20.0, 'w': 0.0}
2026-06-02 14:44:30.890 - [robot_6_log_20260602_144405.csv] - DEBUG - Posición actualizada por visión: x=217.51, y=70.27, θ=2.48
2026-06-02 14:44:30.891 - [robot_6_log_20260602_144405.csv] - DEBUG - Frecuencia: 177.82 Hz | Latencia Red/Proc: 6.77 ms
2026-06-02 14:44:30.897 - [robot_6_log_20260602_144405.csv] - DEBUG - Incoming data. Topic 6/pos, mensaje {"x": 217.51, "y": 70.27, "yaw": 2.48, "timestamp": 1780404270.8956053}
2026-06-02 14:44:30.897 - [robot_6_log_20260602_144405.csv] - DEBUG - Posición actualizada por visión: x=217.51, y=70.27, θ=2.48
2026-06-02 14:44:30.897 - [robot_6_log_20260602_144405.csv] - DEBUG - Frecuencia: 161.33 Hz | Latencia Red/Proc: 1.65 ms
2026-06-02 14:44:30.897 - [robot_6_log_20260602_144405.csv] - DEBUG - Incoming data. Topic 6/pos, mensaje {"x": 217.51, "y": 70.27, "yaw": 2.48, "timestamp": 1780404270.8956053}
2026-06-02 14:44:30.902 - [robot_6_log_20260602_144405.csv] - DEBUG - Posición actualizada por visión: x=217.51, y=70.27, θ=2.48
2026-06-02 14:44:30.902 - [robot_6_log_20260602_144405.csv] - DEBUG - Frecuencia: 191.58 Hz | Latencia Red/Proc: 6.87 ms
2026-06-02 14:44:30.935 - [robot_6_log_20260602_144405.csv] - INFO - Usando posición VISION: x=217.51, y=70.27, θ=2.48
2026-06-02 14:44:30.935 - [robot_6_log_20260602_144405.csv] - INFO - Distancias a paredes: Left: 217.51, Right: 232.49, Top: 69.73, Bottom: 70.27
2026-06-02 14:44:30.935 - [robot_6_log_20260602_144405.csv] - INFO - Posicion: 217.51, 70.27, 2.48 | Velocidad: -0.6143742578057118, -0.7890147472295311
2026-06-02 14:44:30.935 - [robot_6_log_20260602_144405.csv] - INFO - None
2026-06-02 14:44:30.935 - [robot_6_log_20260602_144405.csv] - WARNING - Estado FSM: AVANZA | Target Wall: None | Target Theta: 0.00° |theta: 142.09353319244417 
2026-06-02 14:44:30.955 - [robot_6_log_20260602_144405.csv] - DEBUG - Despachado a ZMQ -> agent/6/move: {'v': 20.0, 'w': 0.0}
2026-06-02 14:44:30.985 - [robot_6_log_20260602_144405.csv] - INFO - Usando posición VISION: x=217.51, y=70.27, θ=2.48
2026-06-02 14:44:30.985 - [robot_6_log_20260602_144405.csv] - DEBUG - Incoming data. Topic 6/pos, mensaje {"x": 216.66, "y": 68.67, "yaw": 2.496, "timestamp": 1780404270.9840593}
2026-06-02 14:44:30.985 - [robot_6_log_20260602_144405.csv] - INFO - Distancias a paredes: Left: 217.51, Right: 232.49, Top: 69.73, Bottom: 70.27
2026-06-02 14:44:30.985 - [robot_6_log_20260602_144405.csv] - DEBUG - Posición actualizada por visión: x=216.66, y=68.67, θ=2.50
2026-06-02 14:44:30.985 - [robot_6_log_20260602_144405.csv] - INFO - Posicion: 217.51, 70.27, 2.48 | Velocidad: -0.6143742578057118, -0.7890147472295311
2026-06-02 14:44:30.985 - [robot_6_log_20260602_144405.csv] - INFO - None
2026-06-02 14:44:30.985 - [robot_6_log_20260602_144405.csv] - WARNING - Estado FSM: AVANZA | Target Wall: None | Target Theta: 0.00° |theta: 142.09353319244417 
2026-06-02 14:44:30.985 - [robot_6_log_20260602_144405.csv] - DEBUG - Frecuencia: 12.04 Hz | Latencia Red/Proc: 1.46 ms
2026-06-02 14:44:31.001 - [robot_6_log_20260602_144405.csv] - DEBUG - Incoming data. Topic agent/6/wheel, mensaje {"Wleft":4.071107136,"Wright":6.454073286}
2026-06-02 14:44:31.001 - [robot_6_log_20260602_144405.csv] - DEBUG - Despachado a ZMQ -> agent/6/move: {'v': 20.0, 'w': 0.0}
2026-06-02 14:44:31.016 - [robot_6_log_20260602_144405.csv] - DEBUG - Incoming data. Topic 6/pos, mensaje {"x": 216.66, "y": 68.67, "yaw": 2.496, "timestamp": 1780404270.9951031}
2026-06-02 14:44:31.035 - [robot_6_log_20260602_144405.csv] - INFO - Usando posición VISION: x=216.66, y=68.67, θ=2.50
2026-06-02 14:44:31.035 - [robot_6_log_20260602_144405.csv] - INFO - Distancias a paredes: Left: 216.66, Right: 233.34, Top: 71.33, Bottom: 68.67
2026-06-02 14:44:31.035 - [robot_6_log_20260602_144405.csv] - INFO - Posicion: 216.66, 68.67, 2.496 | Velocidad: -0.60167192224985, -0.7987433242138368
2026-06-02 14:44:31.035 - [robot_6_log_20260602_144405.csv] - INFO - None
2026-06-02 14:44:31.035 - [robot_6_log_20260602_144405.csv] - WARNING - Estado FSM: AVANZA | Target Wall: None | Target Theta: 0.00° |theta: 143.01026566465347 
2026-06-02 14:44:31.035 - [robot_6_log_20260602_144405.csv] - DEBUG - Posición actualizada por visión: x=216.66, y=68.67, θ=2.50
2026-06-02 14:44:31.045 - [robot_6_log_20260602_144405.csv] - DEBUG - Frecuencia: 16.60 Hz | Latencia Red/Proc: 50.65 ms
2026-06-02 14:44:31.050 - [robot_6_log_20260602_144405.csv] - DEBUG - Despachado a ZMQ -> agent/6/move: {'v': 20.0, 'w': 0.0}
2026-06-02 14:44:31.051 - [robot_6_log_20260602_144405.csv] - DEBUG - Incoming data. Topic 6/pos, mensaje {"x": 216.66, "y": 68.67, "yaw": 2.496, "timestamp": 1780404270.9840593}
2026-06-02 14:44:31.051 - [robot_6_log_20260602_144405.csv] - DEBUG - Posición actualizada por visión: x=216.66, y=68.67, θ=2.50
2026-06-02 14:44:31.051 - [robot_6_log_20260602_144405.csv] - DEBUG - Frecuencia: 181.69 Hz | Latencia Red/Proc: 67.19 ms
2026-06-02 14:44:31.056 - [robot_6_log_20260602_144405.csv] - DEBUG - Incoming data. Topic 6/pos, mensaje {"x": 216.66, "y": 68.67, "yaw": 2.496, "timestamp": 1780404270.9951031}
2026-06-02 14:44:31.056 - [robot_6_log_20260602_144405.csv] - DEBUG - Posición actualizada por visión: x=216.66, y=68.67, θ=2.50
2026-06-02 14:44:31.061 - [robot_6_log_20260602_144405.csv] - DEBUG - Frecuencia: 95.78 Hz | Latencia Red/Proc: 66.59 ms
2026-06-02 14:44:31.085 - [robot_6_log_20260602_144405.csv] - INFO - Usando posición VISION: x=216.66, y=68.67, θ=2.50
2026-06-02 14:44:31.085 - [robot_6_log_20260602_144405.csv] - INFO - Distancias a paredes: Left: 216.66, Right: 233.34, Top: 71.33, Bottom: 68.67
2026-06-02 14:44:31.085 - [robot_6_log_20260602_144405.csv] - INFO - Posicion: 216.66, 68.67, 2.496 | Velocidad: -0.60167192224985, -0.7987433242138368
2026-06-02 14:44:31.085 - [robot_6_log_20260602_144405.csv] - INFO - None
2026-06-02 14:44:31.085 - [robot_6_log_20260602_144405.csv] - WARNING - Estado FSM: AVANZA | Target Wall: None | Target Theta: 0.00° |theta: 143.01026566465347 
2026-06-02 14:44:31.100 - [robot_6_log_20260602_144405.csv] - DEBUG - Incoming data. Topic 6/pos, mensaje {"x": 215.9, "y": 67.0, "yaw": 2.509, "timestamp": 1780404271.0922062}
2026-06-02 14:44:31.105 - [robot_6_log_20260602_144405.csv] - DEBUG - Posición actualizada por visión: x=215.90, y=67.00, θ=2.51
2026-06-02 14:44:31.105 - [robot_6_log_20260602_144405.csv] - DEBUG - Despachado a ZMQ -> agent/6/move: {'v': 20.0, 'w': 0.0}
2026-06-02 14:44:31.116 - [robot_6_log_20260602_144405.csv] - DEBUG - Frecuencia: 18.40 Hz | Latencia Red/Proc: 23.85 ms
2026-06-02 14:44:31.135 - [robot_6_log_20260602_144405.csv] - DEBUG - Incoming data. Topic agent/6/wheel, mensaje {"Wleft":8.092371707,"Wright":6.058990105}
2026-06-02 14:44:31.135 - [robot_6_log_20260602_144405.csv] - INFO - Usando posición VISION: x=215.90, y=67.00, θ=2.51
2026-06-02 14:44:31.135 - [robot_6_log_20260602_144405.csv] - INFO - Distancias a paredes: Left: 215.90, Right: 234.10, Top: 73.00, Bottom: 67.00
2026-06-02 14:44:31.135 - [robot_6_log_20260602_144405.csv] - INFO - Posicion: 215.9, 67.0, 2.509 | Velocidad: -0.59123771094436, -0.8064973460323807
2026-06-02 14:44:31.135 - [robot_6_log_20260602_144405.csv] - INFO - None
2026-06-02 14:44:31.135 - [robot_6_log_20260602_144405.csv] - DEBUG - Incoming data. Topic 6/pos, mensaje {"x": 215.9, "y": 67.0, "yaw": 2.509, "timestamp": 1780404271.0922062}
2026-06-02 14:44:31.135 - [robot_6_log_20260602_144405.csv] - WARNING - Estado FSM: AVANZA | Target Wall: None | Target Theta: 0.00° |theta: 143.75511079832353 
2026-06-02 14:44:31.135 - [robot_6_log_20260602_144405.csv] - DEBUG - Posición actualizada por visión: x=215.90, y=67.00, θ=2.51
2026-06-02 14:44:31.140 - [robot_6_log_20260602_144405.csv] - DEBUG - Frecuencia: 40.35 Hz | Latencia Red/Proc: 48.63 ms
2026-06-02 14:44:31.151 - [robot_6_log_20260602_144405.csv] - DEBUG - Incoming data. Topic 6/pos, mensaje {"x": 215.9, "y": 67.0, "yaw": 2.509, "timestamp": 1780404271.1035144}
2026-06-02 14:44:31.161 - [robot_6_log_20260602_144405.csv] - DEBUG - Posición actualizada por visión: x=215.90, y=67.00, θ=2.51
2026-06-02 14:44:31.161 - [robot_6_log_20260602_144405.csv] - DEBUG - Frecuencia: 47.93 Hz | Latencia Red/Proc: 58.19 ms
2026-06-02 14:44:31.166 - [robot_6_log_20260602_144405.csv] - DEBUG - Incoming data. Topic 6/pos, mensaje {"x": 215.9, "y": 67.0, "yaw": 2.509, "timestamp": 1780404271.1035144}
2026-06-02 14:44:31.171 - [robot_6_log_20260602_144405.csv] - DEBUG - Posición actualizada por visión: x=215.90, y=67.00, θ=2.51
2026-06-02 14:44:31.172 - [robot_6_log_20260602_144405.csv] - DEBUG - Despachado a ZMQ -> agent/6/move: {'v': 20.0, 'w': 0.0}
2026-06-02 14:44:31.182 - [robot_6_log_20260602_144405.csv] - DEBUG - Frecuencia: 48.91 Hz | Latencia Red/Proc: 78.63 ms
2026-06-02 14:44:31.185 - [robot_6_log_20260602_144405.csv] - INFO - Usando posición VISION: x=215.90, y=67.00, θ=2.51
2026-06-02 14:44:31.185 - [robot_6_log_20260602_144405.csv] - INFO - Distancias a paredes: Left: 215.90, Right: 234.10, Top: 73.00, Bottom: 67.00
2026-06-02 14:44:31.185 - [robot_6_log_20260602_144405.csv] - INFO - Posicion: 215.9, 67.0, 2.509 | Velocidad: -0.59123771094436, -0.8064973460323807
2026-06-02 14:44:31.185 - [robot_6_log_20260602_144405.csv] - INFO - None
2026-06-02 14:44:31.185 - [robot_6_log_20260602_144405.csv] - WARNING - Estado FSM: AVANZA | Target Wall: None | Target Theta: 0.00° |theta: 143.75511079832353 
2026-06-02 14:44:31.201 - [robot_6_log_20260602_144405.csv] - DEBUG - Incoming data. Topic 6/pos, mensaje {"x": 215.17, "y": 65.24, "yaw": 2.516, "timestamp": 1780404271.189134}
2026-06-02 14:44:31.206 - [robot_6_log_20260602_144405.csv] - DEBUG - Posición actualizada por visión: x=215.17, y=65.24, θ=2.52
2026-06-02 14:44:31.206 - [robot_6_log_20260602_144405.csv] - DEBUG - Despachado a ZMQ -> agent/6/move: {'v': 20.0, 'w': 0.0}
2026-06-02 14:44:31.217 - [robot_6_log_20260602_144405.csv] - DEBUG - Frecuencia: 28.61 Hz | Latencia Red/Proc: 27.97 ms
2026-06-02 14:44:31.235 - [robot_6_log_20260602_144405.csv] - INFO - Usando posición VISION: x=215.17, y=65.24, θ=2.52
2026-06-02 14:44:31.235 - [robot_6_log_20260602_144405.csv] - INFO - Distancias a paredes: Left: 215.17, Right: 234.83, Top: 74.76, Bottom: 65.24
2026-06-02 14:44:31.235 - [robot_6_log_20260602_144405.csv] - INFO - Posicion: 215.17, 65.24, 2.516 | Velocidad: -0.5855777903620153, -0.8106162171056903
2026-06-02 14:44:31.235 - [robot_6_log_20260602_144405.csv] - INFO - None
2026-06-02 14:44:31.235 - [robot_6_log_20260602_144405.csv] - DEBUG - Incoming data. Topic agent/6/wheel, mensaje {"Wleft":2.022328306,"Wright":6.323022917}
2026-06-02 14:44:31.235 - [robot_6_log_20260602_144405.csv] - WARNING - Estado FSM: AVANZA | Target Wall: None | Target Theta: 0.00° |theta: 144.1561812549151 
2026-06-02 14:44:31.240 - [robot_6_log_20260602_144405.csv] - DEBUG - Incoming data. Topic 6/pos, mensaje {"x": 215.17, "y": 65.24, "yaw": 2.516, "timestamp": 1780404271.189134}
2026-06-02 14:44:31.245 - [robot_6_log_20260602_144405.csv] - DEBUG - Posición actualizada por visión: x=215.17, y=65.24, θ=2.52
2026-06-02 14:44:31.250 - [robot_6_log_20260602_144405.csv] - DEBUG - Frecuencia: 29.53 Hz | Latencia Red/Proc: 61.84 ms
2026-06-02 14:44:31.251 - [robot_6_log_20260602_144405.csv] - DEBUG - Despachado a ZMQ -> agent/6/move: {'v': 20.0, 'w': 0.0}
2026-06-02 14:44:31.261 - [robot_6_log_20260602_144405.csv] - DEBUG - Incoming data. Topic 6/pos, mensaje {"x": 215.17, "y": 65.24, "yaw": 2.516, "timestamp": 1780404271.2011034}
2026-06-02 14:44:31.276 - [robot_6_log_20260602_144405.csv] - DEBUG - Posición actualizada por visión: x=215.17, y=65.24, θ=2.52
2026-06-02 14:44:31.276 - [robot_6_log_20260602_144405.csv] - DEBUG - Frecuencia: 39.01 Hz | Latencia Red/Proc: 75.50 ms
2026-06-02 14:44:31.281 - [robot_6_log_20260602_144405.csv] - DEBUG - Incoming data. Topic 6/pos, mensaje {"x": 215.17, "y": 65.24, "yaw": 2.516, "timestamp": 1780404271.2011034}
2026-06-02 14:44:31.285 - [robot_6_log_20260602_144405.csv] - INFO - Usando posición VISION: x=215.17, y=65.24, θ=2.52
2026-06-02 14:44:31.285 - [robot_6_log_20260602_144405.csv] - DEBUG - Posición actualizada por visión: x=215.17, y=65.24, θ=2.52
2026-06-02 14:44:31.285 - [robot_6_log_20260602_144405.csv] - INFO - Distancias a paredes: Left: 215.17, Right: 234.83, Top: 74.76, Bottom: 65.24
2026-06-02 14:44:31.285 - [robot_6_log_20260602_144405.csv] - DEBUG - Frecuencia: 113.00 Hz | Latencia Red/Proc: 84.35 ms
2026-06-02 14:44:31.285 - [robot_6_log_20260602_144405.csv] - INFO - Posicion: 215.17, 65.24, 2.516 | Velocidad: -0.5855777903620153, -0.8106162171056903
2026-06-02 14:44:31.285 - [robot_6_log_20260602_144405.csv] - INFO - None
2026-06-02 14:44:31.285 - [robot_6_log_20260602_144405.csv] - WARNING - Estado FSM: AVANZA | Target Wall: None | Target Theta: 0.00° |theta: 144.1561812549151 
2026-06-02 14:44:31.296 - [robot_6_log_20260602_144405.csv] - DEBUG - Incoming data. Topic 6/pos, mensaje {"x": 214.48, "y": 63.5, "yaw": 2.534, "timestamp": 1780404271.2883904}
2026-06-02 14:44:31.301 - [robot_6_log_20260602_144405.csv] - DEBUG - Posición actualizada por visión: x=214.48, y=63.50, θ=2.53
2026-06-02 14:44:31.307 - [robot_6_log_20260602_144405.csv] - DEBUG - Despachado a ZMQ -> agent/6/move: {'v': 20.0, 'w': 0.0}
2026-06-02 14:44:31.307 - [robot_6_log_20260602_144405.csv] - DEBUG - Frecuencia: 46.21 Hz | Latencia Red/Proc: 18.71 ms
2026-06-02 14:44:31.333 - [robot_6_log_20260602_144405.csv] - DEBUG - Incoming data. Topic agent/6/wheel, mensaje {"Wleft":6.067406809,"Wright":6.301903266}
2026-06-02 14:44:31.335 - [robot_6_log_20260602_144405.csv] - INFO - Usando posición VISION: x=214.48, y=63.50, θ=2.53
2026-06-02 14:44:31.335 - [robot_6_log_20260602_144405.csv] - DEBUG - Incoming data. Topic 6/pos, mensaje {"x": 214.48, "y": 63.5, "yaw": 2.534, "timestamp": 1780404271.2974024}
2026-06-02 14:44:31.335 - [robot_6_log_20260602_144405.csv] - INFO - Distancias a paredes: Left: 214.48, Right: 235.52, Top: 76.50, Bottom: 63.50
2026-06-02 14:44:31.335 - [robot_6_log_20260602_144405.csv] - DEBUG - Posición actualizada por visión: x=214.48, y=63.50, θ=2.53
2026-06-02 14:44:31.335 - [robot_6_log_20260602_144405.csv] - INFO - Posicion: 214.48, 63.5, 2.534 | Velocidad: -0.5708926253195629, -0.8210247318782409
2026-06-02 14:44:31.335 - [robot_6_log_20260602_144405.csv] - DEBUG - Frecuencia: 35.36 Hz | Latencia Red/Proc: 37.98 ms
2026-06-02 14:44:31.335 - [robot_6_log_20260602_144405.csv] - INFO - None
2026-06-02 14:44:31.335 - [robot_6_log_20260602_144405.csv] - DEBUG - Incoming data. Topic 6/pos, mensaje {"x": 214.48, "y": 63.5, "yaw": 2.534, "timestamp": 1780404271.2883904}
2026-06-02 14:44:31.335 - [robot_6_log_20260602_144405.csv] - WARNING - Estado FSM: AVANZA | Target Wall: None | Target Theta: 0.00° |theta: 145.18750528615058 
2026-06-02 14:44:31.335 - [robot_6_log_20260602_144405.csv] - DEBUG - Posición actualizada por visión: x=214.48, y=63.50, θ=2.53
2026-06-02 14:44:31.340 - [robot_6_log_20260602_144405.csv] - DEBUG - Frecuencia: 187.80 Hz | Latencia Red/Proc: 52.31 ms
2026-06-02 14:44:31.345 - [robot_6_log_20260602_144405.csv] - DEBUG - Incoming data. Topic 6/pos, mensaje {"x": 214.48, "y": 63.5, "yaw": 2.534, "timestamp": 1780404271.2974024}
2026-06-02 14:44:31.350 - [robot_6_log_20260602_144405.csv] - DEBUG - Posición actualizada por visión: x=214.48, y=63.50, θ=2.53
2026-06-02 14:44:31.356 - [robot_6_log_20260602_144405.csv] - DEBUG - Frecuencia: 64.97 Hz | Latencia Red/Proc: 58.69 ms
2026-06-02 14:44:31.356 - [robot_6_log_20260602_144405.csv] - DEBUG - Despachado a ZMQ -> agent/6/move: {'v': 20.0, 'w': 0.0}
2026-06-02 14:44:31.385 - [robot_6_log_20260602_144405.csv] - INFO - Usando posición VISION: x=214.48, y=63.50, θ=2.53
2026-06-02 14:44:31.385 - [robot_6_log_20260602_144405.csv] - INFO - Distancias a paredes: Left: 214.48, Right: 235.52, Top: 76.50, Bottom: 63.50
2026-06-02 14:44:31.385 - [robot_6_log_20260602_144405.csv] - INFO - Posicion: 214.48, 63.5, 2.534 | Velocidad: -0.5708926253195629, -0.8210247318782409
2026-06-02 14:44:31.385 - [robot_6_log_20260602_144405.csv] - INFO - None
2026-06-02 14:44:31.385 - [robot_6_log_20260602_144405.csv] - DEBUG - Incoming data. Topic 6/pos, mensaje {"x": 213.76, "y": 61.74, "yaw": 2.557, "timestamp": 1780404271.384215}
2026-06-02 14:44:31.385 - [robot_6_log_20260602_144405.csv] - WARNING - Estado FSM: AVANZA | Target Wall: None | Target Theta: 0.00° |theta: 145.18750528615058 
2026-06-02 14:44:31.385 - [robot_6_log_20260602_144405.csv] - DEBUG - Posición actualizada por visión: x=213.76, y=61.74, θ=2.56
2026-06-02 14:44:31.395 - [robot_6_log_20260602_144405.csv] - DEBUG - Frecuencia: 25.12 Hz | Latencia Red/Proc: 11.69 ms
2026-06-02 14:44:31.401 - [robot_6_log_20260602_144405.csv] - DEBUG - Despachado a ZMQ -> agent/6/move: {'v': 20.0, 'w': 0.0}
2026-06-02 14:44:31.411 - [robot_6_log_20260602_144405.csv] - DEBUG - Incoming data. Topic 6/pos, mensaje {"x": 213.76, "y": 61.74, "yaw": 2.557, "timestamp": 1780404271.384215}
2026-06-02 14:44:31.416 - [robot_6_log_20260602_144405.csv] - DEBUG - Posición actualizada por visión: x=213.76, y=61.74, θ=2.56
2026-06-02 14:44:31.422 - [robot_6_log_20260602_144405.csv] - DEBUG - Frecuencia: 36.97 Hz | Latencia Red/Proc: 38.74 ms
2026-06-02 14:44:31.423 - [robot_6_log_20260602_144405.csv] - DEBUG - Incoming data. Topic 6/pos, mensaje {"x": 213.76, "y": 61.74, "yaw": 2.557, "timestamp": 1780404271.393254}
2026-06-02 14:44:31.423 - [robot_6_log_20260602_144405.csv] - DEBUG - Posición actualizada por visión: x=213.76, y=61.74, θ=2.56
2026-06-02 14:44:31.423 - [robot_6_log_20260602_144405.csv] - DEBUG - Frecuencia: 3618.90 Hz | Latencia Red/Proc: 29.98 ms
2026-06-02 14:44:31.428 - [robot_6_log_20260602_144405.csv] - DEBUG - Incoming data. Topic agent/6/wheel, mensaje {"Wleft":4.02221557,"Wright":6.443524466}
2026-06-02 14:44:31.435 - [robot_6_log_20260602_144405.csv] - INFO - Usando posición VISION: x=213.76, y=61.74, θ=2.56
2026-06-02 14:44:31.435 - [robot_6_log_20260602_144405.csv] - DEBUG - Incoming data. Topic 6/pos, mensaje {"x": 213.76, "y": 61.74, "yaw": 2.557, "timestamp": 1780404271.393254}
2026-06-02 14:44:31.435 - [robot_6_log_20260602_144405.csv] - INFO - Distancias a paredes: Left: 213.76, Right: 236.24, Top: 78.26, Bottom: 61.74
2026-06-02 14:44:31.435 - [robot_6_log_20260602_144405.csv] - DEBUG - Posición actualizada por visión: x=213.76, y=61.74, θ=2.56
2026-06-02 14:44:31.435 - [robot_6_log_20260602_144405.csv] - INFO - Posicion: 213.76, 61.74, 2.557 | Velocidad: -0.5518597269007633, -0.8339369531475476
2026-06-02 14:44:31.435 - [robot_6_log_20260602_144405.csv] - DEBUG - Frecuencia: 82.26 Hz | Latencia Red/Proc: 42.14 ms
2026-06-02 14:44:31.435 - [robot_6_log_20260602_144405.csv] - INFO - None
2026-06-02 14:44:31.435 - [robot_6_log_20260602_144405.csv] - WARNING - Estado FSM: AVANZA | Target Wall: None | Target Theta: 0.00° |theta: 146.5053082149515 
2026-06-02 14:44:31.457 - [robot_6_log_20260602_144405.csv] - DEBUG - Despachado a ZMQ -> agent/6/move: {'v': 20.0, 'w': 0.0}
2026-06-02 14:44:31.485 - [robot_6_log_20260602_144405.csv] - INFO - Usando posición VISION: x=213.76, y=61.74, θ=2.56
2026-06-02 14:44:31.485 - [robot_6_log_20260602_144405.csv] - INFO - Distancias a paredes: Left: 213.76, Right: 236.24, Top: 78.26, Bottom: 61.74
2026-06-02 14:44:31.485 - [robot_6_log_20260602_144405.csv] - INFO - Posicion: 213.76, 61.74, 2.557 | Velocidad: -0.5518597269007633, -0.8339369531475476
2026-06-02 14:44:31.485 - [robot_6_log_20260602_144405.csv] - INFO - None
2026-06-02 14:44:31.485 - [robot_6_log_20260602_144405.csv] - DEBUG - Incoming data. Topic 6/pos, mensaje {"x": 213.01, "y": 59.97, "yaw": 2.574, "timestamp": 1780404271.4837725}
2026-06-02 14:44:31.485 - [robot_6_log_20260602_144405.csv] - WARNING - Estado FSM: AVANZA | Target Wall: None | Target Theta: 0.00° |theta: 146.5053082149515 
2026-06-02 14:44:31.485 - [robot_6_log_20260602_144405.csv] - DEBUG - Posición actualizada por visión: x=213.01, y=59.97, θ=2.57
2026-06-02 14:44:31.490 - [robot_6_log_20260602_144405.csv] - DEBUG - Frecuencia: 18.07 Hz | Latencia Red/Proc: 6.94 ms
2026-06-02 14:44:31.490 - [robot_6_log_20260602_144405.csv] - DEBUG - Despachado a ZMQ -> agent/6/move: {'v': 20.0, 'w': 0.0}
2026-06-02 14:44:31.490 - [robot_6_log_20260602_144405.csv] - DEBUG - Incoming data. Topic 6/pos, mensaje {"x": 213.01, "y": 59.97, "yaw": 2.574, "timestamp": 1780404271.4837725}
2026-06-02 14:44:31.501 - [robot_6_log_20260602_144405.csv] - DEBUG - Posición actualizada por visión: x=213.01, y=59.97, θ=2.57
2026-06-02 14:44:31.501 - [robot_6_log_20260602_144405.csv] - DEBUG - Frecuencia: 95.28 Hz | Latencia Red/Proc: 17.44 ms
2026-06-02 14:44:31.501 - [robot_6_log_20260602_144405.csv] - DEBUG - Incoming data. Topic 6/pos, mensaje {"x": 213.01, "y": 59.97, "yaw": 2.574, "timestamp": 1780404271.493441}
2026-06-02 14:44:31.506 - [robot_6_log_20260602_144405.csv] - DEBUG - Posición actualizada por visión: x=213.01, y=59.97, θ=2.57
2026-06-02 14:44:31.517 - [robot_6_log_20260602_144405.csv] - DEBUG - Frecuencia: 61.37 Hz | Latencia Red/Proc: 24.06 ms
2026-06-02 14:44:31.522 - [robot_6_log_20260602_144405.csv] - DEBUG - Incoming data. Topic agent/6/wheel, mensaje {"Wleft":6.068488748,"Wright":6.271458453}
2026-06-02 14:44:31.535 - [robot_6_log_20260602_144405.csv] - INFO - Usando posición VISION: x=213.01, y=59.97, θ=2.57
2026-06-02 14:44:31.535 - [robot_6_log_20260602_144405.csv] - INFO - Distancias a paredes: Left: 213.01, Right: 236.99, Top: 80.03, Bottom: 59.97
2026-06-02 14:44:31.535 - [robot_6_log_20260602_144405.csv] - INFO - Posicion: 213.01, 59.97, 2.574 | Velocidad: -0.5376037397327021, -0.843197615642628
2026-06-02 14:44:31.535 - [robot_6_log_20260602_144405.csv] - INFO - None
2026-06-02 14:44:31.535 - [robot_6_log_20260602_144405.csv] - DEBUG - Incoming data. Topic 6/pos, mensaje {"x": 213.01, "y": 59.97, "yaw": 2.574, "timestamp": 1780404271.493441}
2026-06-02 14:44:31.535 - [robot_6_log_20260602_144405.csv] - WARNING - Estado FSM: AVANZA | Target Wall: None | Target Theta: 0.00° |theta: 147.47933646667389 
2026-06-02 14:44:31.535 - [robot_6_log_20260602_144405.csv] - DEBUG - Posición actualizada por visión: x=213.01, y=59.97, θ=2.57
2026-06-02 14:44:31.545 - [robot_6_log_20260602_144405.csv] - DEBUG - Despachado a ZMQ -> agent/6/move: {'v': 20.0, 'w': 0.0}
2026-06-02 14:44:31.555 - [robot_6_log_20260602_144405.csv] - DEBUG - Frecuencia: 26.04 Hz | Latencia Red/Proc: 62.47 ms
2026-06-02 14:44:31.583 - [robot_6_log_20260602_144405.csv] - DEBUG - Incoming data. Topic 6/pos, mensaje {"x": 212.24, "y": 58.23, "yaw": 2.602, "timestamp": 1780404271.5816994}
2026-06-02 14:44:31.585 - [robot_6_log_20260602_144405.csv] - INFO - Usando posición VISION: x=213.01, y=59.97, θ=2.57
2026-06-02 14:44:31.585 - [robot_6_log_20260602_144405.csv] - DEBUG - Posición actualizada por visión: x=212.24, y=58.23, θ=2.60
2026-06-02 14:44:31.585 - [robot_6_log_20260602_144405.csv] - INFO - Distancias a paredes: Left: 213.01, Right: 236.99, Top: 80.03, Bottom: 59.97
2026-06-02 14:44:31.585 - [robot_6_log_20260602_144405.csv] - DEBUG - Frecuencia: 33.98 Hz | Latencia Red/Proc: 3.63 ms
2026-06-02 14:44:31.585 - [robot_6_log_20260602_144405.csv] - INFO - Posicion: 213.01, 59.97, 2.574 | Velocidad: -0.5376037397327021, -0.843197615642628
2026-06-02 14:44:31.585 - [robot_6_log_20260602_144405.csv] - INFO - None
2026-06-02 14:44:31.585 - [robot_6_log_20260602_144405.csv] - DEBUG - Incoming data. Topic 6/pos, mensaje {"x": 212.24, "y": 58.23, "yaw": 2.602, "timestamp": 1780404271.5816994}
2026-06-02 14:44:31.585 - [robot_6_log_20260602_144405.csv] - WARNING - Estado FSM: AVANZA | Target Wall: None | Target Theta: 0.00° |theta: 147.47933646667389 
2026-06-02 14:44:31.585 - [robot_6_log_20260602_144405.csv] - DEBUG - Posición actualizada por visión: x=212.24, y=58.23, θ=2.60
2026-06-02 14:44:31.595 - [robot_6_log_20260602_144405.csv] - DEBUG - Frecuencia: 95.06 Hz | Latencia Red/Proc: 14.15 ms
2026-06-02 14:44:31.606 - [robot_6_log_20260602_144405.csv] - DEBUG - Incoming data. Topic 6/pos, mensaje {"x": 212.24, "y": 58.23, "yaw": 2.602, "timestamp": 1780404271.590784}
2026-06-02 14:44:31.611 - [robot_6_log_20260602_144405.csv] - DEBUG - Posición actualizada por visión: x=212.24, y=58.23, θ=2.60
2026-06-02 14:44:31.611 - [robot_6_log_20260602_144405.csv] - DEBUG - Despachado a ZMQ -> agent/6/move: {'v': 20.0, 'w': 0.0}
2026-06-02 14:44:31.621 - [robot_6_log_20260602_144405.csv] - DEBUG - Frecuencia: 39.27 Hz | Latencia Red/Proc: 30.53 ms
2026-06-02 14:44:31.635 - [robot_6_log_20260602_144405.csv] - INFO - Usando posición VISION: x=212.24, y=58.23, θ=2.60
2026-06-02 14:44:31.635 - [robot_6_log_20260602_144405.csv] - DEBUG - Incoming data. Topic 6/pos, mensaje {"x": 212.24, "y": 58.23, "yaw": 2.602, "timestamp": 1780404271.590784}
2026-06-02 14:44:31.635 - [robot_6_log_20260602_144405.csv] - INFO - Distancias a paredes: Left: 212.24, Right: 237.76, Top: 81.77, Bottom: 58.23
2026-06-02 14:44:31.635 - [robot_6_log_20260602_144405.csv] - DEBUG - Posición actualizada por visión: x=212.24, y=58.23, θ=2.60
2026-06-02 14:44:31.635 - [robot_6_log_20260602_144405.csv] - INFO - Posicion: 212.24, 58.23, 2.602 | Velocidad: -0.5137865644548446, -0.8579180416483196
2026-06-02 14:44:31.635 - [robot_6_log_20260602_144405.csv] - DEBUG - Frecuencia: 70.77 Hz | Latencia Red/Proc: 44.66 ms
2026-06-02 14:44:31.635 - [robot_6_log_20260602_144405.csv] - INFO - None
2026-06-02 14:44:31.635 - [robot_6_log_20260602_144405.csv] - WARNING - Estado FSM: AVANZA | Target Wall: None | Target Theta: 0.00° |theta: 149.0836182930402 
2026-06-02 14:44:31.651 - [robot_6_log_20260602_144405.csv] - DEBUG - Despachado a ZMQ -> agent/6/move: {'v': 20.0, 'w': 0.0}
2026-06-02 14:44:31.662 - [robot_6_log_20260602_144405.csv] - DEBUG - Incoming data. Topic agent/6/wheel, mensaje {"Wleft":2.041422662,"Wright":6.459623178}
2026-06-02 14:44:31.685 - [robot_6_log_20260602_144405.csv] - INFO - Usando posición VISION: x=212.24, y=58.23, θ=2.60
2026-06-02 14:44:31.685 - [robot_6_log_20260602_144405.csv] - INFO - Distancias a paredes: Left: 212.24, Right: 237.76, Top: 81.77, Bottom: 58.23
2026-06-02 14:44:31.685 - [robot_6_log_20260602_144405.csv] - INFO - Posicion: 212.24, 58.23, 2.602 | Velocidad: -0.5137865644548446, -0.8579180416483196
2026-06-02 14:44:31.685 - [robot_6_log_20260602_144405.csv] - INFO - None
2026-06-02 14:44:31.685 - [robot_6_log_20260602_144405.csv] - DEBUG - Incoming data. Topic 6/pos, mensaje {"x": 211.53, "y": 56.57, "yaw": 2.62, "timestamp": 1780404271.6810422}
2026-06-02 14:44:31.685 - [robot_6_log_20260602_144405.csv] - DEBUG - Posición actualizada por visión: x=211.53, y=56.57, θ=2.62
2026-06-02 14:44:31.685 - [robot_6_log_20260602_144405.csv] - WARNING - Estado FSM: AVANZA | Target Wall: None | Target Theta: 0.00° |theta: 149.0836182930402 
2026-06-02 14:44:31.685 - [robot_6_log_20260602_144405.csv] - DEBUG - Frecuencia: 19.87 Hz | Latencia Red/Proc: 4.73 ms
2026-06-02 14:44:31.696 - [robot_6_log_20260602_144405.csv] - DEBUG - Incoming data. Topic 6/pos, mensaje {"x": 211.53, "y": 56.57, "yaw": 2.62, "timestamp": 1780404271.6810422}
2026-06-02 14:44:31.701 - [robot_6_log_20260602_144405.csv] - DEBUG - Posición actualizada por visión: x=211.53, y=56.57, θ=2.62
2026-06-02 14:44:31.706 - [robot_6_log_20260602_144405.csv] - DEBUG - Despachado a ZMQ -> agent/6/move: {'v': 20.0, 'w': 0.0}
2026-06-02 14:44:31.706 - [robot_6_log_20260602_144405.csv] - DEBUG - Frecuencia: 48.52 Hz | Latencia Red/Proc: 25.34 ms
2026-06-02 14:44:31.735 - [robot_6_log_20260602_144405.csv] - INFO - Usando posición VISION: x=211.53, y=56.57, θ=2.62
2026-06-02 14:44:31.735 - [robot_6_log_20260602_144405.csv] - INFO - Distancias a paredes: Left: 211.53, Right: 238.47, Top: 83.43, Bottom: 56.57
2026-06-02 14:44:31.735 - [robot_6_log_20260602_144405.csv] - DEBUG - Incoming data. Topic 6/pos, mensaje {"x": 211.53, "y": 56.57, "yaw": 2.62, "timestamp": 1780404271.68958}
2026-06-02 14:44:31.735 - [robot_6_log_20260602_144405.csv] - INFO - Posicion: 211.53, 56.57, 2.62 | Velocidad: -0.49826164241183857, -0.8670267214458024
2026-06-02 14:44:31.735 - [robot_6_log_20260602_144405.csv] - INFO - None
2026-06-02 14:44:31.735 - [robot_6_log_20260602_144405.csv] - DEBUG - Posición actualizada por visión: x=211.53, y=56.57, θ=2.62
2026-06-02 14:44:31.735 - [robot_6_log_20260602_144405.csv] - WARNING - Estado FSM: AVANZA | Target Wall: None | Target Theta: 0.00° |theta: 150.1149423242757 
2026-06-02 14:44:31.735 - [robot_6_log_20260602_144405.csv] - DEBUG - Frecuencia: 34.30 Hz | Latencia Red/Proc: 45.95 ms
2026-06-02 14:44:31.745 - [robot_6_log_20260602_144405.csv] - DEBUG - Incoming data. Topic 6/pos, mensaje {"x": 211.53, "y": 56.57, "yaw": 2.62, "timestamp": 1780404271.68958}
2026-06-02 14:44:31.751 - [robot_6_log_20260602_144405.csv] - DEBUG - Posición actualizada por visión: x=211.53, y=56.57, θ=2.62
2026-06-02 14:44:31.756 - [robot_6_log_20260602_144405.csv] - DEBUG - Despachado a ZMQ -> agent/6/move: {'v': 20.0, 'w': 0.0}
2026-06-02 14:44:31.761 - [robot_6_log_20260602_144405.csv] - DEBUG - Frecuencia: 38.85 Hz | Latencia Red/Proc: 71.70 ms
2026-06-02 14:44:31.785 - [robot_6_log_20260602_144405.csv] - INFO - Usando posición VISION: x=211.53, y=56.57, θ=2.62
2026-06-02 14:44:31.785 - [robot_6_log_20260602_144405.csv] - INFO - Distancias a paredes: Left: 211.53, Right: 238.47, Top: 83.43, Bottom: 56.57
2026-06-02 14:44:31.785 - [robot_6_log_20260602_144405.csv] - INFO - Posicion: 211.53, 56.57, 2.62 | Velocidad: -0.49826164241183857, -0.8670267214458024
2026-06-02 14:44:31.785 - [robot_6_log_20260602_144405.csv] - INFO - None
2026-06-02 14:44:31.785 - [robot_6_log_20260602_144405.csv] - DEBUG - Incoming data. Topic agent/6/wheel, mensaje {"Wleft":4.0445613,"Wright":6.27878176}
2026-06-02 14:44:31.785 - [robot_6_log_20260602_144405.csv] - WARNING - Estado FSM: AVANZA | Target Wall: None | Target Theta: 0.00° |theta: 150.1149423242757 
2026-06-02 14:44:31.790 - [robot_6_log_20260602_144405.csv] - DEBUG - Incoming data. Topic 6/pos, mensaje {"x": 210.85, "y": 54.89, "yaw": 2.642, "timestamp": 1780404271.7815535}
2026-06-02 14:44:31.790 - [robot_6_log_20260602_144405.csv] - DEBUG - Posición actualizada por visión: x=210.85, y=54.89, θ=2.64
2026-06-02 14:44:31.796 - [robot_6_log_20260602_144405.csv] - DEBUG - Frecuencia: 28.70 Hz | Latencia Red/Proc: 14.57 ms
2026-06-02 14:44:31.801 - [robot_6_log_20260602_144405.csv] - DEBUG - Incoming data. Topic 6/pos, mensaje {"x": 210.85, "y": 54.89, "yaw": 2.642, "timestamp": 1780404271.7815535}
2026-06-02 14:44:31.806 - [robot_6_log_20260602_144405.csv] - DEBUG - Despachado a ZMQ -> agent/6/move: {'v': 20.0, 'w': 0.0}
2026-06-02 14:44:31.806 - [robot_6_log_20260602_144405.csv] - DEBUG - Posición actualizada por visión: x=210.85, y=54.89, θ=2.64
2026-06-02 14:44:31.833 - [robot_6_log_20260602_144405.csv] - DEBUG - Frecuencia: 27.13 Hz | Latencia Red/Proc: 51.43 ms
2026-06-02 14:44:31.835 - [robot_6_log_20260602_144405.csv] - DEBUG - Incoming data. Topic 6/pos, mensaje {"x": 210.85, "y": 54.89, "yaw": 2.642, "timestamp": 1780404271.7904978}
2026-06-02 14:44:31.835 - [robot_6_log_20260602_144405.csv] - INFO - Usando posición VISION: x=210.85, y=54.89, θ=2.64
2026-06-02 14:44:31.835 - [robot_6_log_20260602_144405.csv] - INFO - Distancias a paredes: Left: 210.85, Right: 239.15, Top: 85.11, Bottom: 54.89
2026-06-02 14:44:31.835 - [robot_6_log_20260602_144405.csv] - INFO - Posicion: 210.85, 54.89, 2.642 | Velocidad: -0.47906801873204075, -0.8777777813479657
2026-06-02 14:44:31.835 - [robot_6_log_20260602_144405.csv] - DEBUG - Posición actualizada por visión: x=210.85, y=54.89, θ=2.64
2026-06-02 14:44:31.835 - [robot_6_log_20260602_144405.csv] - INFO - None
2026-06-02 14:44:31.835 - [robot_6_log_20260602_144405.csv] - WARNING - Estado FSM: AVANZA | Target Wall: None | Target Theta: 0.00° |theta: 151.3754494735635 
2026-06-02 14:44:31.835 - [robot_6_log_20260602_144405.csv] - DEBUG - Frecuencia: 404.08 Hz | Latencia Red/Proc: 44.96 ms
2026-06-02 14:44:31.851 - [robot_6_log_20260602_144405.csv] - DEBUG - Despachado a ZMQ -> agent/6/move: {'v': 20.0, 'w': 0.0}
2026-06-02 14:44:31.861 - [robot_6_log_20260602_144405.csv] - DEBUG - Incoming data. Topic 6/pos, mensaje {"x": 210.85, "y": 54.89, "yaw": 2.642, "timestamp": 1780404271.7904978}
2026-06-02 14:44:31.866 - [robot_6_log_20260602_144405.csv] - DEBUG - Posición actualizada por visión: x=210.85, y=54.89, θ=2.64
2026-06-02 14:44:31.871 - [robot_6_log_20260602_144405.csv] - DEBUG - Frecuencia: 27.72 Hz | Latencia Red/Proc: 81.04 ms
2026-06-02 14:44:31.885 - [robot_6_log_20260602_144405.csv] - INFO - Usando posición VISION: x=210.85, y=54.89, θ=2.64
2026-06-02 14:44:31.885 - [robot_6_log_20260602_144405.csv] - DEBUG - Incoming data. Topic agent/6/wheel, mensaje {"Wleft":6.066767699,"Wright":6.410254369}
2026-06-02 14:44:31.885 - [robot_6_log_20260602_144405.csv] - INFO - Distancias a paredes: Left: 210.85, Right: 239.15, Top: 85.11, Bottom: 54.89
2026-06-02 14:44:31.885 - [robot_6_log_20260602_144405.csv] - INFO - Posicion: 210.85, 54.89, 2.642 | Velocidad: -0.47906801873204075, -0.8777777813479657
2026-06-02 14:44:31.885 - [robot_6_log_20260602_144405.csv] - INFO - None
2026-06-02 14:44:31.885 - [robot_6_log_20260602_144405.csv] - DEBUG - Incoming data. Topic 6/pos, mensaje {"x": 210.2, "y": 53.16, "yaw": 2.649, "timestamp": 1780404271.881406}
2026-06-02 14:44:31.885 - [robot_6_log_20260602_144405.csv] - WARNING - Estado FSM: AVANZA | Target Wall: None | Target Theta: 0.00° |theta: 151.3754494735635 
2026-06-02 14:44:31.885 - [robot_6_log_20260602_144405.csv] - DEBUG - Posición actualizada por visión: x=210.20, y=53.16, θ=2.65
2026-06-02 14:44:31.895 - [robot_6_log_20260602_144405.csv] - DEBUG - Frecuencia: 41.23 Hz | Latencia Red/Proc: 14.38 ms
2026-06-02 14:44:31.900 - [robot_6_log_20260602_144405.csv] - DEBUG - Incoming data. Topic 6/pos, mensaje {"x": 210.2, "y": 53.16, "yaw": 2.649, "timestamp": 1780404271.881406}
2026-06-02 14:44:31.906 - [robot_6_log_20260602_144405.csv] - DEBUG - Despachado a ZMQ -> agent/6/move: {'v': 20.0, 'w': 0.0}
2026-06-02 14:44:31.906 - [robot_6_log_20260602_144405.csv] - DEBUG - Posición actualizada por visión: x=210.20, y=53.16, θ=2.65
2026-06-02 14:44:31.932 - [robot_6_log_20260602_144405.csv] - DEBUG - Frecuencia: 27.14 Hz | Latencia Red/Proc: 51.23 ms
2026-06-02 14:44:31.935 - [robot_6_log_20260602_144405.csv] - INFO - Usando posición VISION: x=210.20, y=53.16, θ=2.65
2026-06-02 14:44:31.935 - [robot_6_log_20260602_144405.csv] - INFO - Distancias a paredes: Left: 210.20, Right: 239.80, Top: 86.84, Bottom: 53.16
2026-06-02 14:44:31.935 - [robot_6_log_20260602_144405.csv] - INFO - Posicion: 210.2, 53.16, 2.649 | Velocidad: -0.4729118873235795, -0.8811097246246066
2026-06-02 14:44:31.935 - [robot_6_log_20260602_144405.csv] - INFO - None
2026-06-02 14:44:31.935 - [robot_6_log_20260602_144405.csv] - WARNING - Estado FSM: AVANZA | Target Wall: None | Target Theta: 0.00° |theta: 151.77651993015508 
2026-06-02 14:44:31.945 - [robot_6_log_20260602_144405.csv] - DEBUG - Despachado a ZMQ -> agent/6/move: {'v': 20.0, 'w': 0.0}
2026-06-02 14:44:31.950 - [robot_6_log_20260602_144405.csv] - DEBUG - Incoming data. Topic 6/pos, mensaje {"x": 210.2, "y": 53.16, "yaw": 2.649, "timestamp": 1780404271.890535}
2026-06-02 14:44:31.977 - [robot_6_log_20260602_144405.csv] - DEBUG - Posición actualizada por visión: x=210.20, y=53.16, θ=2.65
2026-06-02 14:44:31.982 - [robot_6_log_20260602_144405.csv] - DEBUG - Frecuencia: 20.06 Hz | Latencia Red/Proc: 91.96 ms
2026-06-02 14:44:31.985 - [robot_6_log_20260602_144405.csv] - INFO - Usando posición VISION: x=210.20, y=53.16, θ=2.65
2026-06-02 14:44:31.985 - [robot_6_log_20260602_144405.csv] - DEBUG - Incoming data. Topic 6/pos, mensaje {"x": 210.2, "y": 53.16, "yaw": 2.649, "timestamp": 1780404271.890535}
2026-06-02 14:44:31.985 - [robot_6_log_20260602_144405.csv] - INFO - Distancias a paredes: Left: 210.20, Right: 239.80, Top: 86.84, Bottom: 53.16
2026-06-02 14:44:31.985 - [robot_6_log_20260602_144405.csv] - DEBUG - Posición actualizada por visión: x=210.20, y=53.16, θ=2.65
2026-06-02 14:44:31.985 - [robot_6_log_20260602_144405.csv] - INFO - Posicion: 210.2, 53.16, 2.649 | Velocidad: -0.4729118873235795, -0.8811097246246066
2026-06-02 14:44:31.985 - [robot_6_log_20260602_144405.csv] - DEBUG - Frecuencia: 346.32 Hz | Latencia Red/Proc: 94.85 ms
2026-06-02 14:44:31.985 - [robot_6_log_20260602_144405.csv] - INFO - None
2026-06-02 14:44:31.985 - [robot_6_log_20260602_144405.csv] - DEBUG - Incoming data. Topic agent/6/wheel, mensaje {"Wleft":4.046145787,"Wright":6.220109775}
2026-06-02 14:44:31.985 - [robot_6_log_20260602_144405.csv] - WARNING - Estado FSM: AVANZA | Target Wall: None | Target Theta: 0.00° |theta: 151.77651993015508 
2026-06-02 14:44:31.985 - [robot_6_log_20260602_144405.csv] - DEBUG - Incoming data. Topic 6/pos, mensaje {"x": 209.59, "y": 51.32, "yaw": 2.654, "timestamp": 1780404271.9822748}
2026-06-02 14:44:31.995 - [robot_6_log_20260602_144405.csv] - DEBUG - Posición actualizada por visión: x=209.59, y=51.32, θ=2.65
2026-06-02 14:44:32.001 - [robot_6_log_20260602_144405.csv] - DEBUG - Frecuencia: 63.95 Hz | Latencia Red/Proc: 18.75 ms
2026-06-02 14:44:32.001 - [robot_6_log_20260602_144405.csv] - DEBUG - Incoming data. Topic 6/pos, mensaje {"x": 209.59, "y": 51.32, "yaw": 2.654, "timestamp": 1780404271.9822748}
2026-06-02 14:44:32.001 - [robot_6_log_20260602_144405.csv] - DEBUG - Posición actualizada por visión: x=209.59, y=51.32, θ=2.65
2026-06-02 14:44:32.001 - [robot_6_log_20260602_144405.csv] - DEBUG - Frecuencia: 6563.86 Hz | Latencia Red/Proc: 18.90 ms
2026-06-02 14:44:32.001 - [robot_6_log_20260602_144405.csv] - DEBUG - Incoming data. Topic 6/pos, mensaje {"x": 209.59, "y": 51.32, "yaw": 2.654, "timestamp": 1780404271.9914346}
2026-06-02 14:44:32.001 - [robot_6_log_20260602_144405.csv] - DEBUG - Posición actualizada por visión: x=209.59, y=51.32, θ=2.65
2026-06-02 14:44:32.001 - [robot_6_log_20260602_144405.csv] - DEBUG - Despachado a ZMQ -> agent/6/move: {'v': 20.0, 'w': 0.0}
2026-06-02 14:44:32.011 - [robot_6_log_20260602_144405.csv] - DEBUG - Frecuencia: 97.03 Hz | Latencia Red/Proc: 20.04 ms
2026-06-02 14:44:32.031 - [robot_6_log_20260602_144405.csv] - DEBUG - Incoming data. Topic 6/pos, mensaje {"x": 209.59, "y": 51.32, "yaw": 2.654, "timestamp": 1780404271.9914346}
2026-06-02 14:44:32.035 - [robot_6_log_20260602_144405.csv] - INFO - Usando posición VISION: x=209.59, y=51.32, θ=2.65
2026-06-02 14:44:32.035 - [robot_6_log_20260602_144405.csv] - INFO - Distancias a paredes: Left: 209.59, Right: 240.41, Top: 88.68, Bottom: 51.32
2026-06-02 14:44:32.035 - [robot_6_log_20260602_144405.csv] - INFO - Posicion: 209.59, 51.32, 2.654 | Velocidad: -0.46850044567061006, -0.8834632603602935
2026-06-02 14:44:32.035 - [robot_6_log_20260602_144405.csv] - INFO - None
2026-06-02 14:44:32.035 - [robot_6_log_20260602_144405.csv] - DEBUG - Posición actualizada por visión: x=209.59, y=51.32, θ=2.65
2026-06-02 14:44:32.035 - [robot_6_log_20260602_144405.csv] - WARNING - Estado FSM: AVANZA | Target Wall: None | Target Theta: 0.00° |theta: 152.0629988277205 
2026-06-02 14:44:32.035 - [robot_6_log_20260602_144405.csv] - DEBUG - Frecuencia: 41.65 Hz | Latencia Red/Proc: 44.06 ms
2026-06-02 14:44:32.050 - [robot_6_log_20260602_144405.csv] - DEBUG - Despachado a ZMQ -> agent/6/move: {'v': 20.0, 'w': 0.0}
2026-06-02 14:44:32.061 - [robot_6_log_20260602_144405.csv] - DEBUG - Incoming data. Topic agent/6/wheel, mensaje {"Wleft":4.045086239,"Wright":6.31786026}
2026-06-02 14:44:32.085 - [robot_6_log_20260602_144405.csv] - INFO - Usando posición VISION: x=209.59, y=51.32, θ=2.65
2026-06-02 14:44:32.085 - [robot_6_log_20260602_144405.csv] - DEBUG - Incoming data. Topic 6/pos, mensaje {"x": 209.07, "y": 49.42, "yaw": 2.669, "timestamp": 1780404272.0822384}
2026-06-02 14:44:32.085 - [robot_6_log_20260602_144405.csv] - INFO - Distancias a paredes: Left: 209.59, Right: 240.41, Top: 88.68, Bottom: 51.32
2026-06-02 14:44:32.085 - [robot_6_log_20260602_144405.csv] - DEBUG - Posición actualizada por visión: x=209.07, y=49.42, θ=2.67
2026-06-02 14:44:32.085 - [robot_6_log_20260602_144405.csv] - INFO - Posicion: 209.59, 51.32, 2.654 | Velocidad: -0.46850044567061006, -0.8834632603602935
2026-06-02 14:44:32.085 - [robot_6_log_20260602_144405.csv] - DEBUG - Frecuencia: 20.03 Hz | Latencia Red/Proc: 3.18 ms
2026-06-02 14:44:32.085 - [robot_6_log_20260602_144405.csv] - INFO - None
2026-06-02 14:44:32.085 - [robot_6_log_20260602_144405.csv] - DEBUG - Incoming data. Topic 6/pos, mensaje {"x": 209.07, "y": 49.42, "yaw": 2.669, "timestamp": 1780404272.0822384}
2026-06-02 14:44:32.085 - [robot_6_log_20260602_144405.csv] - WARNING - Estado FSM: AVANZA | Target Wall: None | Target Theta: 0.00° |theta: 152.0629988277205 
2026-06-02 14:44:32.085 - [robot_6_log_20260602_144405.csv] - DEBUG - Posición actualizada por visión: x=209.07, y=49.42, θ=2.67
2026-06-02 14:44:32.095 - [robot_6_log_20260602_144405.csv] - DEBUG - Frecuencia: 95.36 Hz | Latencia Red/Proc: 13.67 ms
2026-06-02 14:44:32.106 - [robot_6_log_20260602_144405.csv] - DEBUG - Despachado a ZMQ -> agent/6/move: {'v': 20.0, 'w': 0.0}
2026-06-02 14:44:32.106 - [robot_6_log_20260602_144405.csv] - DEBUG - Incoming data. Topic 6/pos, mensaje {"x": 209.07, "y": 49.42, "yaw": 2.669, "timestamp": 1780404272.0910475}
2026-06-02 14:44:32.117 - [robot_6_log_20260602_144405.csv] - DEBUG - Posición actualizada por visión: x=209.07, y=49.42, θ=2.67
2026-06-02 14:44:32.122 - [robot_6_log_20260602_144405.csv] - DEBUG - Frecuencia: 37.41 Hz | Latencia Red/Proc: 31.59 ms
2026-06-02 14:44:32.122 - [robot_6_log_20260602_144405.csv] - DEBUG - Incoming data. Topic 6/pos, mensaje {"x": 209.07, "y": 49.42, "yaw": 2.669, "timestamp": 1780404272.0910475}
2026-06-02 14:44:32.122 - [robot_6_log_20260602_144405.csv] - DEBUG - Posición actualizada por visión: x=209.07, y=49.42, θ=2.67
2026-06-02 14:44:32.122 - [robot_6_log_20260602_144405.csv] - DEBUG - Frecuencia: 5146.39 Hz | Latencia Red/Proc: 31.79 ms
2026-06-02 14:44:32.135 - [robot_6_log_20260602_144405.csv] - INFO - Usando posición VISION: x=209.07, y=49.42, θ=2.67
2026-06-02 14:44:32.135 - [robot_6_log_20260602_144405.csv] - INFO - Distancias a paredes: Left: 209.07, Right: 240.93, Top: 90.58, Bottom: 49.42
2026-06-02 14:44:32.135 - [robot_6_log_20260602_144405.csv] - INFO - Posicion: 209.07, 49.42, 2.669 | Velocidad: -0.4551962883957966, -0.8903911157635676
2026-06-02 14:44:32.135 - [robot_6_log_20260602_144405.csv] - INFO - ABAJO
2026-06-02 14:44:32.135 - [robot_6_log_20260602_144405.csv] - WARNING - Estado FSM: PARANDO_PARA_RETROCEDER | Target Wall: ABAJO | Target Theta: 0.00° |theta: 152.9224355204167 
2026-06-02 14:44:32.141 - [robot_6_log_20260602_144405.csv] - DEBUG - Despachado a ZMQ -> agent/6/move: {'v': 0.0, 'w': 0.0}
2026-06-02 14:44:32.146 - [robot_6_log_20260602_144405.csv] - DEBUG - Incoming data. Topic agent/6/wheel, mensaje {"Wleft":6.045023818,"Wright":6.179359009}
2026-06-02 14:44:32.185 - [robot_6_log_20260602_144405.csv] - INFO - Usando posición VISION: x=209.07, y=49.42, θ=2.67
2026-06-02 14:44:32.185 - [robot_6_log_20260602_144405.csv] - INFO - Distancias a paredes: Left: 209.07, Right: 240.93, Top: 90.58, Bottom: 49.42
2026-06-02 14:44:32.185 - [robot_6_log_20260602_144405.csv] - INFO - Posicion: 209.07, 49.42, 2.669 | Velocidad: -0.4551962883957966, -0.8903911157635676
2026-06-02 14:44:32.185 - [robot_6_log_20260602_144405.csv] - INFO - ABAJO
2026-06-02 14:44:32.185 - [robot_6_log_20260602_144405.csv] - WARNING - Timer: 0.050050973892211914
2026-06-02 14:44:32.185 - [robot_6_log_20260602_144405.csv] - DEBUG - Incoming data. Topic 6/pos, mensaje {"x": 208.62, "y": 47.45, "yaw": 2.676, "timestamp": 1780404272.1826334}
2026-06-02 14:44:32.185 - [robot_6_log_20260602_144405.csv] - DEBUG - Posición actualizada por visión: x=208.62, y=47.45, θ=2.68
2026-06-02 14:44:32.185 - [robot_6_log_20260602_144405.csv] - DEBUG - Frecuencia: 15.86 Hz | Latencia Red/Proc: 3.25 ms
2026-06-02 14:44:32.185 - [robot_6_log_20260602_144405.csv] - DEBUG - Incoming data. Topic 6/pos, mensaje {"x": 208.62, "y": 47.45, "yaw": 2.676, "timestamp": 1780404272.1826334}
2026-06-02 14:44:32.185 - [robot_6_log_20260602_144405.csv] - WARNING - Estado FSM: PARANDO_PARA_RETROCEDER | Target Wall: ABAJO | Target Theta: 0.00° |theta: 152.9224355204167 
2026-06-02 14:44:32.185 - [robot_6_log_20260602_144405.csv] - DEBUG - Posición actualizada por visión: x=208.62, y=47.45, θ=2.68
2026-06-02 14:44:32.191 - [robot_6_log_20260602_144405.csv] - DEBUG - Frecuencia: 188.79 Hz | Latencia Red/Proc: 8.55 ms
2026-06-02 14:44:32.197 - [robot_6_log_20260602_144405.csv] - DEBUG - Incoming data. Topic 6/pos, mensaje {"x": 208.62, "y": 47.45, "yaw": 2.676, "timestamp": 1780404272.1916509}
2026-06-02 14:44:32.197 - [robot_6_log_20260602_144405.csv] - DEBUG - Posición actualizada por visión: x=208.62, y=47.45, θ=2.68
2026-06-02 14:44:32.197 - [robot_6_log_20260602_144405.csv] - DEBUG - Frecuencia: 166.02 Hz | Latencia Red/Proc: 5.55 ms
2026-06-02 14:44:32.197 - [robot_6_log_20260602_144405.csv] - DEBUG - Incoming data. Topic 6/pos, mensaje {"x": 208.62, "y": 47.45, "yaw": 2.676, "timestamp": 1780404272.1916509}
2026-06-02 14:44:32.197 - [robot_6_log_20260602_144405.csv] - DEBUG - Posición actualizada por visión: x=208.62, y=47.45, θ=2.68
2026-06-02 14:44:32.197 - [robot_6_log_20260602_144405.csv] - DEBUG - Frecuencia: 18157.16 Hz | Latencia Red/Proc: 5.61 ms
2026-06-02 14:44:32.235 - [robot_6_log_20260602_144405.csv] - INFO - Usando posición VISION: x=208.62, y=47.45, θ=2.68
2026-06-02 14:44:32.235 - [robot_6_log_20260602_144405.csv] - INFO - Distancias a paredes: Left: 208.62, Right: 241.38, Top: 92.55, Bottom: 47.45
2026-06-02 14:44:32.235 - [robot_6_log_20260602_144405.csv] - INFO - Posicion: 208.62, 47.45, 2.676 | Velocidad: -0.44895244922249183, -0.8935556492670873
2026-06-02 14:44:32.235 - [robot_6_log_20260602_144405.csv] - INFO - ABAJO
2026-06-02 14:44:32.235 - [robot_6_log_20260602_144405.csv] - WARNING - Timer: 0.09999394416809082
2026-06-02 14:44:32.235 - [robot_6_log_20260602_144405.csv] - WARNING - Estado FSM: PARANDO_PARA_RETROCEDER | Target Wall: ABAJO | Target Theta: 0.00° |theta: 153.3235059770083 
2026-06-02 14:44:32.253 - [robot_6_log_20260602_144405.csv] - DEBUG - Incoming data. Topic agent/6/wheel, mensaje {"Wleft":6.093562874,"Wright":6.38433158}
2026-06-02 14:44:32.285 - [robot_6_log_20260602_144405.csv] - INFO - Usando posición VISION: x=208.62, y=47.45, θ=2.68
2026-06-02 14:44:32.285 - [robot_6_log_20260602_144405.csv] - INFO - Distancias a paredes: Left: 208.62, Right: 241.38, Top: 92.55, Bottom: 47.45
2026-06-02 14:44:32.285 - [robot_6_log_20260602_144405.csv] - INFO - Posicion: 208.62, 47.45, 2.676 | Velocidad: -0.44895244922249183, -0.8935556492670873
2026-06-02 14:44:32.285 - [robot_6_log_20260602_144405.csv] - INFO - ABAJO
2026-06-02 14:44:32.285 - [robot_6_log_20260602_144405.csv] - WARNING - Timer: 0.15001964569091797
2026-06-02 14:44:32.285 - [robot_6_log_20260602_144405.csv] - WARNING - Estado FSM: PARANDO_PARA_RETROCEDER | Target Wall: ABAJO | Target Theta: 0.00° |theta: 153.3235059770083 
2026-06-02 14:44:32.296 - [robot_6_log_20260602_144405.csv] - DEBUG - Incoming data. Topic 6/pos, mensaje {"x": 208.19, "y": 45.46, "yaw": 2.685, "timestamp": 1780404272.2858202}
2026-06-02 14:44:32.301 - [robot_6_log_20260602_144405.csv] - DEBUG - Posición actualizada por visión: x=208.19, y=45.46, θ=2.69
2026-06-02 14:44:32.301 - [robot_6_log_20260602_144405.csv] - DEBUG - Frecuencia: 9.57 Hz | Latencia Red/Proc: 15.90 ms
2026-06-02 14:44:32.306 - [robot_6_log_20260602_144405.csv] - DEBUG - Incoming data. Topic 6/pos, mensaje {"x": 208.19, "y": 45.46, "yaw": 2.685, "timestamp": 1780404272.2858202}
2026-06-02 14:44:32.306 - [robot_6_log_20260602_144405.csv] - DEBUG - Posición actualizada por visión: x=208.19, y=45.46, θ=2.69
2026-06-02 14:44:32.306 - [robot_6_log_20260602_144405.csv] - DEBUG - Frecuencia: 191.71 Hz | Latencia Red/Proc: 21.12 ms
2026-06-02 14:44:32.306 - [robot_6_log_20260602_144405.csv] - DEBUG - Incoming data. Topic 6/pos, mensaje {"x": 208.19, "y": 45.46, "yaw": 2.685, "timestamp": 1780404272.2967632}
2026-06-02 14:44:32.307 - [robot_6_log_20260602_144405.csv] - DEBUG - Posición actualizada por visión: x=208.19, y=45.46, θ=2.69
2026-06-02 14:44:32.307 - [robot_6_log_20260602_144405.csv] - DEBUG - Frecuencia: 11748.75 Hz | Latencia Red/Proc: 10.26 ms
2026-06-02 14:44:32.307 - [robot_6_log_20260602_144405.csv] - DEBUG - Incoming data. Topic 6/pos, mensaje {"x": 208.19, "y": 45.46, "yaw": 2.685, "timestamp": 1780404272.2967632}
2026-06-02 14:44:32.312 - [robot_6_log_20260602_144405.csv] - DEBUG - Posición actualizada por visión: x=208.19, y=45.46, θ=2.69
2026-06-02 14:44:32.312 - [robot_6_log_20260602_144405.csv] - DEBUG - Frecuencia: 194.15 Hz | Latencia Red/Proc: 15.41 ms
2026-06-02 14:44:32.335 - [robot_6_log_20260602_144405.csv] - INFO - Usando posición VISION: x=208.19, y=45.46, θ=2.69
2026-06-02 14:44:32.335 - [robot_6_log_20260602_144405.csv] - INFO - Distancias a paredes: Left: 208.19, Right: 241.81, Top: 94.54, Bottom: 45.46
2026-06-02 14:44:32.335 - [robot_6_log_20260602_144405.csv] - INFO - Posicion: 208.19, 45.46, 2.685 | Velocidad: -0.4408923744941983, -0.8975599780030679
2026-06-02 14:44:32.335 - [robot_6_log_20260602_144405.csv] - INFO - ABAJO
2026-06-02 14:44:32.335 - [robot_6_log_20260602_144405.csv] - WARNING - Timer: 0.20003747940063477
2026-06-02 14:44:32.335 - [robot_6_log_20260602_144405.csv] - WARNING - Estado FSM: PARANDO_PARA_RETROCEDER | Target Wall: ABAJO | Target Theta: 0.00° |theta: 153.83916799262605 
2026-06-02 14:44:32.340 - [robot_6_log_20260602_144405.csv] - DEBUG - Incoming data. Topic agent/6/wheel, mensaje {"Wleft":6.067045886,"Wright":4.293292672}
2026-06-02 14:44:32.385 - [robot_6_log_20260602_144405.csv] - INFO - Usando posición VISION: x=208.19, y=45.46, θ=2.69
2026-06-02 14:44:32.385 - [robot_6_log_20260602_144405.csv] - INFO - Distancias a paredes: Left: 208.19, Right: 241.81, Top: 94.54, Bottom: 45.46
2026-06-02 14:44:32.385 - [robot_6_log_20260602_144405.csv] - INFO - Posicion: 208.19, 45.46, 2.685 | Velocidad: -0.4408923744941983, -0.8975599780030679
2026-06-02 14:44:32.385 - [robot_6_log_20260602_144405.csv] - INFO - ABAJO
2026-06-02 14:44:32.385 - [robot_6_log_20260602_144405.csv] - WARNING - Timer: 0.2500293254852295
2026-06-02 14:44:32.385 - [robot_6_log_20260602_144405.csv] - WARNING - Estado FSM: PARANDO_PARA_RETROCEDER | Target Wall: ABAJO | Target Theta: 0.00° |theta: 153.83916799262605 
2026-06-02 14:44:32.391 - [robot_6_log_20260602_144405.csv] - DEBUG - Incoming data. Topic 6/pos, mensaje {"x": 207.82, "y": 43.44, "yaw": 2.707, "timestamp": 1780404272.3860123}
2026-06-02 14:44:32.391 - [robot_6_log_20260602_144405.csv] - DEBUG - Posición actualizada por visión: x=207.82, y=43.44, θ=2.71
2026-06-02 14:44:32.396 - [robot_6_log_20260602_144405.csv] - DEBUG - Frecuencia: 11.83 Hz | Latencia Red/Proc: 10.72 ms
2026-06-02 14:44:32.401 - [robot_6_log_20260602_144405.csv] - DEBUG - Incoming data. Topic 6/pos, mensaje {"x": 207.82, "y": 43.44, "yaw": 2.707, "timestamp": 1780404272.3860123}
2026-06-02 14:44:32.407 - [robot_6_log_20260602_144405.csv] - DEBUG - Posición actualizada por visión: x=207.82, y=43.44, θ=2.71
2026-06-02 14:44:32.412 - [robot_6_log_20260602_144405.csv] - DEBUG - Frecuencia: 64.92 Hz | Latencia Red/Proc: 26.12 ms
2026-06-02 14:44:32.417 - [robot_6_log_20260602_144405.csv] - DEBUG - Incoming data. Topic 6/pos, mensaje {"x": 207.82, "y": 43.44, "yaw": 2.707, "timestamp": 1780404272.395083}
2026-06-02 14:44:32.422 - [robot_6_log_20260602_144405.csv] - DEBUG - Posición actualizada por visión: x=207.82, y=43.44, θ=2.71
2026-06-02 14:44:32.422 - [robot_6_log_20260602_144405.csv] - DEBUG - Frecuencia: 95.88 Hz | Latencia Red/Proc: 27.48 ms
2026-06-02 14:44:32.427 - [robot_6_log_20260602_144405.csv] - DEBUG - Incoming data. Topic 6/pos, mensaje {"x": 207.82, "y": 43.44, "yaw": 2.707, "timestamp": 1780404272.395083}
2026-06-02 14:44:32.427 - [robot_6_log_20260602_144405.csv] - DEBUG - Posición actualizada por visión: x=207.82, y=43.44, θ=2.71
2026-06-02 14:44:32.427 - [robot_6_log_20260602_144405.csv] - DEBUG - Frecuencia: 194.89 Hz | Latencia Red/Proc: 32.61 ms
2026-06-02 14:44:32.435 - [robot_6_log_20260602_144405.csv] - INFO - Usando posición VISION: x=207.82, y=43.44, θ=2.71
2026-06-02 14:44:32.435 - [robot_6_log_20260602_144405.csv] - INFO - Distancias a paredes: Left: 207.82, Right: 242.18, Top: 96.56, Bottom: 43.44
2026-06-02 14:44:32.435 - [robot_6_log_20260602_144405.csv] - INFO - Posicion: 207.82, 43.44, 2.707 | Velocidad: -0.4210409561580648, -0.9070416270698399
2026-06-02 14:44:32.435 - [robot_6_log_20260602_144405.csv] - INFO - ABAJO
2026-06-02 14:44:32.435 - [robot_6_log_20260602_144405.csv] - WARNING - Timer: 0.29999351501464844
2026-06-02 14:44:32.435 - [robot_6_log_20260602_144405.csv] - WARNING - Estado FSM: PARANDO_PARA_RETROCEDER | Target Wall: ABAJO | Target Theta: 0.00° |theta: 155.09967514191385 
2026-06-02 14:44:32.441 - [robot_6_log_20260602_144405.csv] - DEBUG - Incoming data. Topic agent/6/wheel, mensaje {"Wleft":8.066753403,"Wright":1.450696669}
2026-06-02 14:44:32.484 - [robot_6_log_20260602_144405.csv] - DEBUG - Incoming data. Topic 6/pos, mensaje {"x": 207.54, "y": 42.05, "yaw": 2.727, "timestamp": 1780404272.4813313}
2026-06-02 14:44:32.485 - [robot_6_log_20260602_144405.csv] - INFO - Usando posición VISION: x=207.82, y=43.44, θ=2.71
2026-06-02 14:44:32.485 - [robot_6_log_20260602_144405.csv] - INFO - Distancias a paredes: Left: 207.82, Right: 242.18, Top: 96.56, Bottom: 43.44
2026-06-02 14:44:32.485 - [robot_6_log_20260602_144405.csv] - INFO - Posicion: 207.82, 43.44, 2.707 | Velocidad: -0.4210409561580648, -0.9070416270698399
2026-06-02 14:44:32.485 - [robot_6_log_20260602_144405.csv] - INFO - ABAJO
2026-06-02 14:44:32.485 - [robot_6_log_20260602_144405.csv] - DEBUG - Posición actualizada por visión: x=207.54, y=42.05, θ=2.73
2026-06-02 14:44:32.485 - [robot_6_log_20260602_144405.csv] - WARNING - Timer: 0.3501412868499756
2026-06-02 14:44:32.485 - [robot_6_log_20260602_144405.csv] - DEBUG - Frecuencia: 17.29 Hz | Latencia Red/Proc: 4.20 ms
2026-06-02 14:44:32.485 - [robot_6_log_20260602_144405.csv] - DEBUG - Incoming data. Topic 6/pos, mensaje {"x": 207.54, "y": 42.05, "yaw": 2.727, "timestamp": 1780404272.4813313}
2026-06-02 14:44:32.485 - [robot_6_log_20260602_144405.csv] - WARNING - Estado FSM: PARANDO_PARA_RETROCEDER | Target Wall: ABAJO | Target Theta: 0.00° |theta: 155.09967514191385 
2026-06-02 14:44:32.485 - [robot_6_log_20260602_144405.csv] - DEBUG - Posición actualizada por visión: x=207.54, y=42.05, θ=2.73
2026-06-02 14:44:32.491 - [robot_6_log_20260602_144405.csv] - DEBUG - Frecuencia: 181.91 Hz | Latencia Red/Proc: 9.70 ms
2026-06-02 14:44:32.502 - [robot_6_log_20260602_144405.csv] - DEBUG - Incoming data. Topic 6/pos, mensaje {"x": 207.54, "y": 42.05, "yaw": 2.727, "timestamp": 1780404272.4905314}
2026-06-02 14:44:32.507 - [robot_6_log_20260602_144405.csv] - DEBUG - Posición actualizada por visión: x=207.54, y=42.05, θ=2.73
2026-06-02 14:44:32.512 - [robot_6_log_20260602_144405.csv] - DEBUG - Frecuencia: 46.05 Hz | Latencia Red/Proc: 22.21 ms
2026-06-02 14:44:32.529 - [robot_6_log_20260602_144405.csv] - DEBUG - Incoming data. Topic 6/pos, mensaje {"x": 207.54, "y": 42.05, "yaw": 2.727, "timestamp": 1780404272.4905314}
2026-06-02 14:44:32.534 - [robot_6_log_20260602_144405.csv] - DEBUG - Posición actualizada por visión: x=207.54, y=42.05, θ=2.73
2026-06-02 14:44:32.535 - [robot_6_log_20260602_144405.csv] - INFO - Usando posición VISION: x=207.54, y=42.05, θ=2.73
2026-06-02 14:44:32.535 - [robot_6_log_20260602_144405.csv] - DEBUG - Frecuencia: 44.52 Hz | Latencia Red/Proc: 44.67 ms
2026-06-02 14:44:32.535 - [robot_6_log_20260602_144405.csv] - INFO - Distancias a paredes: Left: 207.54, Right: 242.46, Top: 97.95, Bottom: 42.05
2026-06-02 14:44:32.535 - [robot_6_log_20260602_144405.csv] - INFO - Posicion: 207.54, 42.05, 2.727 | Velocidad: -0.4028171275969872, -0.9152804825377369
2026-06-02 14:44:32.535 - [robot_6_log_20260602_144405.csv] - INFO - ABAJO
2026-06-02 14:44:32.535 - [robot_6_log_20260602_144405.csv] - WARNING - Timer: 0.4000687599182129
2026-06-02 14:44:32.535 - [robot_6_log_20260602_144405.csv] - WARNING - Estado FSM: PARANDO_PARA_RETROCEDER | Target Wall: ABAJO | Target Theta: 0.00° |theta: 156.2455907321755 
2026-06-02 14:44:32.567 - [robot_6_log_20260602_144405.csv] - DEBUG - Incoming data. Topic agent/6/wheel, mensaje {"Wleft":-7.105427358e-16,"Wright":4.022487171}
2026-06-02 14:44:32.585 - [robot_6_log_20260602_144405.csv] - INFO - Usando posición VISION: x=207.54, y=42.05, θ=2.73
2026-06-02 14:44:32.585 - [robot_6_log_20260602_144405.csv] - INFO - Distancias a paredes: Left: 207.54, Right: 242.46, Top: 97.95, Bottom: 42.05
2026-06-02 14:44:32.585 - [robot_6_log_20260602_144405.csv] - INFO - Posicion: 207.54, 42.05, 2.727 | Velocidad: -0.4028171275969872, -0.9152804825377369
2026-06-02 14:44:32.585 - [robot_6_log_20260602_144405.csv] - INFO - ABAJO
2026-06-02 14:44:32.585 - [robot_6_log_20260602_144405.csv] - DEBUG - Incoming data. Topic 6/pos, mensaje {"x": 207.43, "y": 41.57, "yaw": 2.729, "timestamp": 1780404272.5823586}
2026-06-02 14:44:32.585 - [robot_6_log_20260602_144405.csv] - WARNING - Timer: 0.4500432014465332
2026-06-02 14:44:32.585 - [robot_6_log_20260602_144405.csv] - DEBUG - Posición actualizada por visión: x=207.43, y=41.57, θ=2.73
2026-06-02 14:44:32.585 - [robot_6_log_20260602_144405.csv] - WARNING - Estado FSM: PARANDO_PARA_RETROCEDER | Target Wall: ABAJO | Target Theta: 0.00° |theta: 156.2455907321755 
2026-06-02 14:44:32.585 - [robot_6_log_20260602_144405.csv] - DEBUG - Frecuencia: 19.88 Hz | Latencia Red/Proc: 3.15 ms
2026-06-02 14:44:32.606 - [robot_6_log_20260602_144405.csv] - DEBUG - Incoming data. Topic 6/pos, mensaje {"x": 207.43, "y": 41.57, "yaw": 2.729, "timestamp": 1780404272.5823586}
2026-06-02 14:44:32.611 - [robot_6_log_20260602_144405.csv] - DEBUG - Posición actualizada por visión: x=207.43, y=41.57, θ=2.73
2026-06-02 14:44:32.616 - [robot_6_log_20260602_144405.csv] - DEBUG - Frecuencia: 32.18 Hz | Latencia Red/Proc: 34.23 ms
2026-06-02 14:44:32.632 - [robot_6_log_20260602_144405.csv] - DEBUG - Incoming data. Topic 6/pos, mensaje {"x": 207.43, "y": 41.57, "yaw": 2.729, "timestamp": 1780404272.5939012}
2026-06-02 14:44:32.635 - [robot_6_log_20260602_144405.csv] - INFO - Usando posición VISION: x=207.43, y=41.57, θ=2.73
2026-06-02 14:44:32.635 - [robot_6_log_20260602_144405.csv] - DEBUG - Posición actualizada por visión: x=207.43, y=41.57, θ=2.73
2026-06-02 14:44:32.635 - [robot_6_log_20260602_144405.csv] - INFO - Distancias a paredes: Left: 207.43, Right: 242.57, Top: 98.43, Bottom: 41.57
2026-06-02 14:44:32.635 - [robot_6_log_20260602_144405.csv] - DEBUG - Frecuencia: 53.30 Hz | Latencia Red/Proc: 41.45 ms
2026-06-02 14:44:32.635 - [robot_6_log_20260602_144405.csv] - INFO - Posicion: 207.43, 41.57, 2.729 | Velocidad: -0.4009857622182986, -0.9160842856954867
2026-06-02 14:44:32.635 - [robot_6_log_20260602_144405.csv] - INFO - ABAJO
2026-06-02 14:44:32.635 - [robot_6_log_20260602_144405.csv] - DEBUG - Incoming data. Topic 6/pos, mensaje {"x": 207.43, "y": 41.57, "yaw": 2.729, "timestamp": 1780404272.5939012}
2026-06-02 14:44:32.635 - [robot_6_log_20260602_144405.csv] - WARNING - Timer: 0.5001704692840576
2026-06-02 14:44:32.635 - [robot_6_log_20260602_144405.csv] - DEBUG - Posición actualizada por visión: x=207.43, y=41.57, θ=2.73
2026-06-02 14:44:32.635 - [robot_6_log_20260602_144405.csv] - WARNING - Estado FSM: RETROCEDE | Target Wall: ABAJO | Target Theta: 0.00° |theta: 156.36018229120165 
2026-06-02 14:44:32.635 - [robot_6_log_20260602_144405.csv] - DEBUG - Frecuencia: 3823.43 Hz | Latencia Red/Proc: 41.71 ms
2026-06-02 14:44:32.650 - [robot_6_log_20260602_144405.csv] - DEBUG - Incoming data. Topic agent/6/wheel, mensaje {"Wleft":-7.105427358e-16,"Wright":2}
2026-06-02 14:44:32.661 - [robot_6_log_20260602_144405.csv] - DEBUG - Despachado a ZMQ -> agent/6/move: {'v': -30, 'w': 0.0}
2026-06-02 14:44:32.684 - [robot_6_log_20260602_144405.csv] - DEBUG - Incoming data. Topic 6/pos, mensaje {"x": 207.43, "y": 41.58, "yaw": 2.732, "timestamp": 1780404272.681712}
2026-06-02 14:44:32.684 - [robot_6_log_20260602_144405.csv] - DEBUG - Posición actualizada por visión: x=207.43, y=41.58, θ=2.73
2026-06-02 14:44:32.684 - [robot_6_log_20260602_144405.csv] - DEBUG - Frecuencia: 20.29 Hz | Latencia Red/Proc: 3.18 ms
2026-06-02 14:44:32.684 - [robot_6_log_20260602_144405.csv] - DEBUG - Incoming data. Topic 6/pos, mensaje {"x": 207.43, "y": 41.58, "yaw": 2.732, "timestamp": 1780404272.681712}
2026-06-02 14:44:32.684 - [robot_6_log_20260602_144405.csv] - DEBUG - Posición actualizada por visión: x=207.43, y=41.58, θ=2.73
2026-06-02 14:44:32.684 - [robot_6_log_20260602_144405.csv] - DEBUG - Frecuencia: 24385.49 Hz | Latencia Red/Proc: 3.22 ms
2026-06-02 14:44:32.685 - [robot_6_log_20260602_144405.csv] - INFO - Usando posición VISION: x=207.43, y=41.58, θ=2.73
2026-06-02 14:44:32.685 - [robot_6_log_20260602_144405.csv] - INFO - Distancias a paredes: Left: 207.43, Right: 242.57, Top: 98.42, Bottom: 41.58
2026-06-02 14:44:32.685 - [robot_6_log_20260602_144405.csv] - INFO - Posicion: 207.43, 41.58, 2.732 | Velocidad: -0.39823570904901284, -0.9172831188015127
2026-06-02 14:44:32.685 - [robot_6_log_20260602_144405.csv] - INFO - ABAJO
2026-06-02 14:44:32.685 - [robot_6_log_20260602_144405.csv] - WARNING - Estado FSM: RETROCEDE | Target Wall: ABAJO | Target Theta: 0.00° |theta: 156.53206962974093 
2026-06-02 14:44:32.690 - [robot_6_log_20260602_144405.csv] - DEBUG - Incoming data. Topic 6/pos, mensaje {"x": 207.43, "y": 41.58, "yaw": 2.732, "timestamp": 1780404272.6901312}
2026-06-02 14:44:32.696 - [robot_6_log_20260602_144405.csv] - DEBUG - Posición actualizada por visión: x=207.43, y=41.58, θ=2.73
2026-06-02 14:44:32.701 - [robot_6_log_20260602_144405.csv] - DEBUG - Frecuencia: 61.40 Hz | Latencia Red/Proc: 11.09 ms
2026-06-02 14:44:32.712 - [robot_6_log_20260602_144405.csv] - DEBUG - Incoming data. Topic 6/pos, mensaje {"x": 207.43, "y": 41.58, "yaw": 2.732, "timestamp": 1780404272.6901312}
2026-06-02 14:44:32.717 - [robot_6_log_20260602_144405.csv] - DEBUG - Posición actualizada por visión: x=207.43, y=41.58, θ=2.73
2026-06-02 14:44:32.722 - [robot_6_log_20260602_144405.csv] - DEBUG - Frecuencia: 46.46 Hz | Latencia Red/Proc: 32.61 ms
2026-06-02 14:44:32.735 - [robot_6_log_20260602_144405.csv] - INFO - Usando posición VISION: x=207.43, y=41.58, θ=2.73
2026-06-02 14:44:32.735 - [robot_6_log_20260602_144405.csv] - INFO - Distancias a paredes: Left: 207.43, Right: 242.57, Top: 98.42, Bottom: 41.58
2026-06-02 14:44:32.735 - [robot_6_log_20260602_144405.csv] - INFO - Posicion: 207.43, 41.58, 2.732 | Velocidad: -0.39823570904901284, -0.9172831188015127
2026-06-02 14:44:32.735 - [robot_6_log_20260602_144405.csv] - INFO - ABAJO
2026-06-02 14:44:32.735 - [robot_6_log_20260602_144405.csv] - WARNING - Estado FSM: RETROCEDE | Target Wall: ABAJO | Target Theta: 0.00° |theta: 156.53206962974093 
2026-06-02 14:44:32.765 - [robot_6_log_20260602_144405.csv] - DEBUG - Incoming data. Topic agent/6/wheel, mensaje {"Wleft":0.024886268,"Wright":2}
2026-06-02 14:44:32.785 - [robot_6_log_20260602_144405.csv] - INFO - Usando posición VISION: x=207.43, y=41.58, θ=2.73
2026-06-02 14:44:32.785 - [robot_6_log_20260602_144405.csv] - INFO - Distancias a paredes: Left: 207.43, Right: 242.57, Top: 98.42, Bottom: 41.58
2026-06-02 14:44:32.785 - [robot_6_log_20260602_144405.csv] - INFO - Posicion: 207.43, 41.58, 2.732 | Velocidad: -0.39823570904901284, -0.9172831188015127
2026-06-02 14:44:32.785 - [robot_6_log_20260602_144405.csv] - INFO - ABAJO
2026-06-02 14:44:32.785 - [robot_6_log_20260602_144405.csv] - WARNING - Estado FSM: RETROCEDE | Target Wall: ABAJO | Target Theta: 0.00° |theta: 156.53206962974093 
2026-06-02 14:44:32.790 - [robot_6_log_20260602_144405.csv] - DEBUG - Incoming data. Topic 6/pos, mensaje {"x": 207.43, "y": 41.57, "yaw": 2.73, "timestamp": 1780404272.7822695}
2026-06-02 14:44:32.795 - [robot_6_log_20260602_144405.csv] - DEBUG - Posición actualizada por visión: x=207.43, y=41.57, θ=2.73
2026-06-02 14:44:32.800 - [robot_6_log_20260602_144405.csv] - DEBUG - Frecuencia: 12.81 Hz | Latencia Red/Proc: 18.53 ms
2026-06-02 14:44:32.811 - [robot_6_log_20260602_144405.csv] - DEBUG - Incoming data. Topic 6/pos, mensaje {"x": 207.43, "y": 41.57, "yaw": 2.73, "timestamp": 1780404272.7822695}
2026-06-02 14:44:32.811 - [robot_6_log_20260602_144405.csv] - DEBUG - Posición actualizada por visión: x=207.43, y=41.57, θ=2.73
2026-06-02 14:44:32.816 - [robot_6_log_20260602_144405.csv] - DEBUG - Frecuencia: 64.64 Hz | Latencia Red/Proc: 34.00 ms
2026-06-02 14:44:32.826 - [robot_6_log_20260602_144405.csv] - DEBUG - Incoming data. Topic 6/pos, mensaje {"x": 207.43, "y": 41.57, "yaw": 2.73, "timestamp": 1780404272.7909477}
2026-06-02 14:44:32.831 - [robot_6_log_20260602_144405.csv] - DEBUG - Posición actualizada por visión: x=207.43, y=41.57, θ=2.73
2026-06-02 14:44:32.831 - [robot_6_log_20260602_144405.csv] - DEBUG - Frecuencia: 63.82 Hz | Latencia Red/Proc: 40.99 ms
2026-06-02 14:44:32.835 - [robot_6_log_20260602_144405.csv] - DEBUG - Incoming data. Topic 6/pos, mensaje {"x": 207.43, "y": 41.57, "yaw": 2.73, "timestamp": 1780404272.7909477}
2026-06-02 14:44:32.835 - [robot_6_log_20260602_144405.csv] - INFO - Usando posición VISION: x=207.43, y=41.57, θ=2.73
2026-06-02 14:44:32.835 - [robot_6_log_20260602_144405.csv] - INFO - Distancias a paredes: Left: 207.43, Right: 242.57, Top: 98.43, Bottom: 41.57
2026-06-02 14:44:32.835 - [robot_6_log_20260602_144405.csv] - DEBUG - Posición actualizada por visión: x=207.43, y=41.57, θ=2.73
2026-06-02 14:44:32.835 - [robot_6_log_20260602_144405.csv] - DEBUG - Frecuencia: 284.09 Hz | Latencia Red/Proc: 44.51 ms
2026-06-02 14:44:32.835 - [robot_6_log_20260602_144405.csv] - INFO - Posicion: 207.43, 41.57, 2.73 | Velocidad: -0.4000694775924195, -0.9164848133487693
2026-06-02 14:44:32.835 - [robot_6_log_20260602_144405.csv] - INFO - ABAJO
2026-06-02 14:44:32.835 - [robot_6_log_20260602_144405.csv] - WARNING - Estado FSM: RETROCEDE | Target Wall: ABAJO | Target Theta: 0.00° |theta: 156.41747807071474 
2026-06-02 14:44:32.835 - [robot_6_log_20260602_144405.csv] - DEBUG - Incoming data. Topic agent/6/wheel, mensaje {"Wleft":4.045058296,"Wright":20}
2026-06-02 14:44:32.883 - [robot_6_log_20260602_144405.csv] - DEBUG - Incoming data. Topic 6/pos, mensaje {"x": 207.43, "y": 41.58, "yaw": 2.733, "timestamp": 1780404272.8814673}
2026-06-02 14:44:32.885 - [robot_6_log_20260602_144405.csv] - INFO - Usando posición VISION: x=207.43, y=41.57, θ=2.73
2026-06-02 14:44:32.885 - [robot_6_log_20260602_144405.csv] - DEBUG - Posición actualizada por visión: x=207.43, y=41.58, θ=2.73
2026-06-02 14:44:32.885 - [robot_6_log_20260602_144405.csv] - INFO - Distancias a paredes: Left: 207.43, Right: 242.57, Top: 98.43, Bottom: 41.57
2026-06-02 14:44:32.885 - [robot_6_log_20260602_144405.csv] - DEBUG - Frecuencia: 20.05 Hz | Latencia Red/Proc: 3.87 ms
2026-06-02 14:44:32.885 - [robot_6_log_20260602_144405.csv] - INFO - Posicion: 207.43, 41.57, 2.73 | Velocidad: -0.4000694775924195, -0.9164848133487693
2026-06-02 14:44:32.885 - [robot_6_log_20260602_144405.csv] - INFO - ABAJO
2026-06-02 14:44:32.885 - [robot_6_log_20260602_144405.csv] - DEBUG - Incoming data. Topic 6/pos, mensaje {"x": 207.43, "y": 41.58, "yaw": 2.733, "timestamp": 1780404272.8814673}
2026-06-02 14:44:32.885 - [robot_6_log_20260602_144405.csv] - WARNING - Estado FSM: RETROCEDE | Target Wall: ABAJO | Target Theta: 0.00° |theta: 156.41747807071474 
2026-06-02 14:44:32.885 - [robot_6_log_20260602_144405.csv] - DEBUG - Posición actualizada por visión: x=207.43, y=41.58, θ=2.73
2026-06-02 14:44:32.890 - [robot_6_log_20260602_144405.csv] - DEBUG - Frecuencia: 187.21 Hz | Latencia Red/Proc: 9.21 ms
2026-06-02 14:44:32.900 - [robot_6_log_20260602_144405.csv] - DEBUG - Incoming data. Topic 6/pos, mensaje {"x": 207.43, "y": 41.58, "yaw": 2.733, "timestamp": 1780404272.8903198}
2026-06-02 14:44:32.905 - [robot_6_log_20260602_144405.csv] - DEBUG - Posición actualizada por visión: x=207.43, y=41.58, θ=2.73
2026-06-02 14:44:32.911 - [robot_6_log_20260602_144405.csv] - DEBUG - Frecuencia: 49.01 Hz | Latencia Red/Proc: 20.76 ms
2026-06-02 14:44:32.916 - [robot_6_log_20260602_144405.csv] - DEBUG - Incoming data. Topic 6/pos, mensaje {"x": 207.43, "y": 41.58, "yaw": 2.733, "timestamp": 1780404272.8903198}
2026-06-02 14:44:32.921 - [robot_6_log_20260602_144405.csv] - DEBUG - Posición actualizada por visión: x=207.43, y=41.58, θ=2.73
2026-06-02 14:44:32.926 - [robot_6_log_20260602_144405.csv] - DEBUG - Frecuencia: 65.13 Hz | Latencia Red/Proc: 36.11 ms
2026-06-02 14:44:32.935 - [robot_6_log_20260602_144405.csv] - INFO - Usando posición VISION: x=207.43, y=41.58, θ=2.73
2026-06-02 14:44:32.935 - [robot_6_log_20260602_144405.csv] - INFO - Distancias a paredes: Left: 207.43, Right: 242.57, Top: 98.42, Bottom: 41.58
2026-06-02 14:44:32.935 - [robot_6_log_20260602_144405.csv] - INFO - Posicion: 207.43, 41.58, 2.733 | Velocidad: -0.397318226965254, -0.9176808958026679
2026-06-02 14:44:32.935 - [robot_6_log_20260602_144405.csv] - INFO - ABAJO
2026-06-02 14:44:32.935 - [robot_6_log_20260602_144405.csv] - WARNING - Estado FSM: RETROCEDE | Target Wall: ABAJO | Target Theta: 0.00° |theta: 156.589365409254 
2026-06-02 14:44:32.978 - [robot_6_log_20260602_144405.csv] - DEBUG - Incoming data. Topic agent/6/wheel, mensaje {"Wleft":6.044630095,"Wright":20}
2026-06-02 14:44:32.985 - [robot_6_log_20260602_144405.csv] - INFO - Usando posición VISION: x=207.43, y=41.58, θ=2.73
2026-06-02 14:44:32.985 - [robot_6_log_20260602_144405.csv] - INFO - Distancias a paredes: Left: 207.43, Right: 242.57, Top: 98.42, Bottom: 41.58
2026-06-02 14:44:32.985 - [robot_6_log_20260602_144405.csv] - INFO - Posicion: 207.43, 41.58, 2.733 | Velocidad: -0.397318226965254, -0.9176808958026679
2026-06-02 14:44:32.985 - [robot_6_log_20260602_144405.csv] - INFO - ABAJO
2026-06-02 14:44:32.985 - [robot_6_log_20260602_144405.csv] - WARNING - Estado FSM: RETROCEDE | Target Wall: ABAJO | Target Theta: 0.00° |theta: 156.589365409254 
2026-06-02 14:44:32.990 - [robot_6_log_20260602_144405.csv] - DEBUG - Incoming data. Topic 6/pos, mensaje {"x": 207.58, "y": 42.02, "yaw": 2.748, "timestamp": 1780404272.9815824}
2026-06-02 14:44:32.995 - [robot_6_log_20260602_144405.csv] - DEBUG - Posición actualizada por visión: x=207.58, y=42.02, θ=2.75
2026-06-02 14:44:33.001 - [robot_6_log_20260602_144405.csv] - DEBUG - Frecuencia: 13.24 Hz | Latencia Red/Proc: 20.35 ms
2026-06-02 14:44:33.013 - [robot_6_log_20260602_144405.csv] - DEBUG - Incoming data. Topic 6/pos, mensaje {"x": 207.58, "y": 42.02, "yaw": 2.748, "timestamp": 1780404272.9815824}
2026-06-02 14:44:33.018 - [robot_6_log_20260602_144405.csv] - DEBUG - Posición actualizada por visión: x=207.58, y=42.02, θ=2.75
2026-06-02 14:44:33.023 - [robot_6_log_20260602_144405.csv] - DEBUG - Frecuencia: 46.43 Hz | Latencia Red/Proc: 41.89 ms
2026-06-02 14:44:33.035 - [robot_6_log_20260602_144405.csv] - INFO - Usando posición VISION: x=207.58, y=42.02, θ=2.75
2026-06-02 14:44:33.035 - [robot_6_log_20260602_144405.csv] - INFO - Distancias a paredes: Left: 207.58, Right: 242.42, Top: 97.98, Bottom: 42.02
2026-06-02 14:44:33.035 - [robot_6_log_20260602_144405.csv] - INFO - Posicion: 207.58, 42.02, 2.748 | Velocidad: -0.38350883225546384, -0.9235372085530992
2026-06-02 14:44:33.035 - [robot_6_log_20260602_144405.csv] - INFO - ABAJO
2026-06-02 14:44:33.035 - [robot_6_log_20260602_144405.csv] - WARNING - Estado FSM: RETROCEDE | Target Wall: ABAJO | Target Theta: 0.00° |theta: 157.44880210195024 
2026-06-02 14:44:33.040 - [robot_6_log_20260602_144405.csv] - DEBUG - Incoming data. Topic 6/pos, mensaje {"x": 207.58, "y": 42.02, "yaw": 2.748, "timestamp": 1780404272.9906814}
2026-06-02 14:44:33.045 - [robot_6_log_20260602_144405.csv] - DEBUG - Posición actualizada por visión: x=207.58, y=42.02, θ=2.75
2026-06-02 14:44:33.045 - [robot_6_log_20260602_144405.csv] - DEBUG - Frecuencia: 45.23 Hz | Latencia Red/Proc: 54.90 ms
2026-06-02 14:44:33.055 - [robot_6_log_20260602_144405.csv] - DEBUG - Incoming data. Topic 6/pos, mensaje {"x": 207.58, "y": 42.02, "yaw": 2.748, "timestamp": 1780404272.9906814}
2026-06-02 14:44:33.061 - [robot_6_log_20260602_144405.csv] - DEBUG - Posición actualizada por visión: x=207.58, y=42.02, θ=2.75
2026-06-02 14:44:33.066 - [robot_6_log_20260602_144405.csv] - DEBUG - Frecuencia: 47.85 Hz | Latencia Red/Proc: 75.80 ms
2026-06-02 14:44:33.076 - [robot_6_log_20260602_144405.csv] - DEBUG - Incoming data. Topic agent/6/wheel, mensaje {"Wleft":6.072535228,"Wright":20}
2026-06-02 14:44:33.085 - [robot_6_log_20260602_144405.csv] - INFO - Usando posición VISION: x=207.58, y=42.02, θ=2.75
2026-06-02 14:44:33.085 - [robot_6_log_20260602_144405.csv] - DEBUG - Incoming data. Topic 6/pos, mensaje {"x": 208.17, "y": 43.18, "yaw": 2.819, "timestamp": 1780404273.0813901}
2026-06-02 14:44:33.085 - [robot_6_log_20260602_144405.csv] - INFO - Distancias a paredes: Left: 207.58, Right: 242.42, Top: 97.98, Bottom: 42.02
2026-06-02 14:44:33.085 - [robot_6_log_20260602_144405.csv] - DEBUG - Posición actualizada por visión: x=208.17, y=43.18, θ=2.82
2026-06-02 14:44:33.085 - [robot_6_log_20260602_144405.csv] - INFO - Posicion: 207.58, 42.02, 2.748 | Velocidad: -0.38350883225546384, -0.9235372085530992
2026-06-02 14:44:33.085 - [robot_6_log_20260602_144405.csv] - DEBUG - Frecuencia: 52.83 Hz | Latencia Red/Proc: 4.02 ms
2026-06-02 14:44:33.085 - [robot_6_log_20260602_144405.csv] - INFO - ABAJO
2026-06-02 14:44:33.085 - [robot_6_log_20260602_144405.csv] - DEBUG - Incoming data. Topic 6/pos, mensaje {"x": 208.17, "y": 43.18, "yaw": 2.819, "timestamp": 1780404273.0813901}
2026-06-02 14:44:33.085 - [robot_6_log_20260602_144405.csv] - WARNING - Estado FSM: RETROCEDE | Target Wall: ABAJO | Target Theta: 0.00° |theta: 157.44880210195024 
2026-06-02 14:44:33.085 - [robot_6_log_20260602_144405.csv] - DEBUG - Posición actualizada por visión: x=208.17, y=43.18, θ=2.82
2026-06-02 14:44:33.090 - [robot_6_log_20260602_144405.csv] - DEBUG - Frecuencia: 188.83 Hz | Latencia Red/Proc: 9.31 ms
2026-06-02 14:44:33.095 - [robot_6_log_20260602_144405.csv] - DEBUG - Incoming data. Topic 6/pos, mensaje {"x": 208.17, "y": 43.18, "yaw": 2.819, "timestamp": 1780404273.0899394}
2026-06-02 14:44:33.102 - [robot_6_log_20260602_144405.csv] - DEBUG - Posición actualizada por visión: x=208.17, y=43.18, θ=2.82
2026-06-02 14:44:33.107 - [robot_6_log_20260602_144405.csv] - DEBUG - Frecuencia: 60.87 Hz | Latencia Red/Proc: 17.19 ms
2026-06-02 14:44:33.118 - [robot_6_log_20260602_144405.csv] - DEBUG - Incoming data. Topic 6/pos, mensaje {"x": 208.17, "y": 43.18, "yaw": 2.819, "timestamp": 1780404273.0899394}
2026-06-02 14:44:33.123 - [robot_6_log_20260602_144405.csv] - DEBUG - Posición actualizada por visión: x=208.17, y=43.18, θ=2.82
2026-06-02 14:44:33.129 - [robot_6_log_20260602_144405.csv] - DEBUG - Frecuencia: 45.41 Hz | Latencia Red/Proc: 39.22 ms
2026-06-02 14:44:33.135 - [robot_6_log_20260602_144405.csv] - INFO - Usando posición VISION: x=208.17, y=43.18, θ=2.82
2026-06-02 14:44:33.135 - [robot_6_log_20260602_144405.csv] - INFO - Distancias a paredes: Left: 208.17, Right: 241.83, Top: 96.82, Bottom: 43.18
2026-06-02 14:44:33.135 - [robot_6_log_20260602_144405.csv] - INFO - Posicion: 208.17, 43.18, 2.819 | Velocidad: -0.3170265392388057, -0.9484166665649998
2026-06-02 14:44:33.135 - [robot_6_log_20260602_144405.csv] - INFO - ABAJO
2026-06-02 14:44:33.135 - [robot_6_log_20260602_144405.csv] - WARNING - Estado FSM: RETROCEDE | Target Wall: ABAJO | Target Theta: 0.00° |theta: 161.51680244737906 
2026-06-02 14:44:33.140 - [robot_6_log_20260602_144405.csv] - DEBUG - Incoming data. Topic agent/6/wheel, mensaje {"Wleft":2.045246656,"Wright":20}
2026-06-02 14:44:33.185 - [robot_6_log_20260602_144405.csv] - INFO - Usando posición VISION: x=208.17, y=43.18, θ=2.82
2026-06-02 14:44:33.185 - [robot_6_log_20260602_144405.csv] - INFO - Distancias a paredes: Left: 208.17, Right: 241.83, Top: 96.82, Bottom: 43.18
2026-06-02 14:44:33.185 - [robot_6_log_20260602_144405.csv] - INFO - Posicion: 208.17, 43.18, 2.819 | Velocidad: -0.3170265392388057, -0.9484166665649998
2026-06-02 14:44:33.185 - [robot_6_log_20260602_144405.csv] - INFO - ABAJO
2026-06-02 14:44:33.185 - [robot_6_log_20260602_144405.csv] - WARNING - Estado FSM: RETROCEDE | Target Wall: ABAJO | Target Theta: 0.00° |theta: 161.51680244737906 
2026-06-02 14:44:33.190 - [robot_6_log_20260602_144405.csv] - DEBUG - Incoming data. Topic 6/pos, mensaje {"x": 208.77, "y": 44.53, "yaw": 2.923, "timestamp": 1780404273.181921}
2026-06-02 14:44:33.195 - [robot_6_log_20260602_144405.csv] - DEBUG - Posición actualizada por visión: x=208.77, y=44.53, θ=2.92
2026-06-02 14:44:33.195 - [robot_6_log_20260602_144405.csv] - DEBUG - Frecuencia: 15.00 Hz | Latencia Red/Proc: 13.89 ms
2026-06-02 14:44:33.200 - [robot_6_log_20260602_144405.csv] - DEBUG - Incoming data. Topic 6/pos, mensaje {"x": 208.77, "y": 44.53, "yaw": 2.923, "timestamp": 1780404273.181921}
2026-06-02 14:44:33.207 - [robot_6_log_20260602_144405.csv] - DEBUG - Posición actualizada por visión: x=208.77, y=44.53, θ=2.92
2026-06-02 14:44:33.212 - [robot_6_log_20260602_144405.csv] - DEBUG - Frecuencia: 59.94 Hz | Latencia Red/Proc: 30.57 ms
2026-06-02 14:44:33.222 - [robot_6_log_20260602_144405.csv] - DEBUG - Incoming data. Topic 6/pos, mensaje {"x": 208.77, "y": 44.53, "yaw": 2.923, "timestamp": 1780404273.1906543}
2026-06-02 14:44:33.228 - [robot_6_log_20260602_144405.csv] - DEBUG - Posición actualizada por visión: x=208.77, y=44.53, θ=2.92
2026-06-02 14:44:33.233 - [robot_6_log_20260602_144405.csv] - DEBUG - Frecuencia: 47.69 Hz | Latencia Red/Proc: 42.81 ms
2026-06-02 14:44:33.235 - [robot_6_log_20260602_144405.csv] - INFO - Usando posición VISION: x=208.77, y=44.53, θ=2.92
2026-06-02 14:44:33.235 - [robot_6_log_20260602_144405.csv] - INFO - Distancias a paredes: Left: 208.77, Right: 241.23, Top: 95.47, Bottom: 44.53
2026-06-02 14:44:33.235 - [robot_6_log_20260602_144405.csv] - INFO - Posicion: 208.77, 44.53, 2.923 | Velocidad: -0.2168559816468273, -0.9762036074631106
2026-06-02 14:44:33.235 - [robot_6_log_20260602_144405.csv] - INFO - ABAJO
2026-06-02 14:44:33.235 - [robot_6_log_20260602_144405.csv] - DEBUG - Incoming data. Topic 6/pos, mensaje {"x": 208.77, "y": 44.53, "yaw": 2.923, "timestamp": 1780404273.1906543}
2026-06-02 14:44:33.235 - [robot_6_log_20260602_144405.csv] - WARNING - Estado FSM: RETROCEDE | Target Wall: ABAJO | Target Theta: 0.00° |theta: 167.47556351673964 
2026-06-02 14:44:33.235 - [robot_6_log_20260602_144405.csv] - DEBUG - Posición actualizada por visión: x=208.77, y=44.53, θ=2.92
2026-06-02 14:44:33.245 - [robot_6_log_20260602_144405.csv] - DEBUG - Frecuencia: 79.93 Hz | Latencia Red/Proc: 55.32 ms
2026-06-02 14:44:33.269 - [robot_6_log_20260602_144405.csv] - DEBUG - Incoming data. Topic agent/6/wheel, mensaje {"Wleft":4.023282784,"Wright":20}
2026-06-02 14:44:33.285 - [robot_6_log_20260602_144405.csv] - INFO - Usando posición VISION: x=208.77, y=44.53, θ=2.92
2026-06-02 14:44:33.285 - [robot_6_log_20260602_144405.csv] - DEBUG - Incoming data. Topic 6/pos, mensaje {"x": 209.31, "y": 46.04, "yaw": 3.043, "timestamp": 1780404273.2814019}
2026-06-02 14:44:33.285 - [robot_6_log_20260602_144405.csv] - INFO - Distancias a paredes: Left: 208.77, Right: 241.23, Top: 95.47, Bottom: 44.53
2026-06-02 14:44:33.285 - [robot_6_log_20260602_144405.csv] - DEBUG - Posición actualizada por visión: x=209.31, y=46.04, θ=3.04
2026-06-02 14:44:33.285 - [robot_6_log_20260602_144405.csv] - INFO - Posicion: 208.77, 44.53, 2.923 | Velocidad: -0.2168559816468273, -0.9762036074631106
2026-06-02 14:44:33.285 - [robot_6_log_20260602_144405.csv] - DEBUG - Frecuencia: 25.36 Hz | Latencia Red/Proc: 4.00 ms
2026-06-02 14:44:33.285 - [robot_6_log_20260602_144405.csv] - INFO - ABAJO
2026-06-02 14:44:33.285 - [robot_6_log_20260602_144405.csv] - DEBUG - Incoming data. Topic 6/pos, mensaje {"x": 209.31, "y": 46.04, "yaw": 3.043, "timestamp": 1780404273.2814019}
2026-06-02 14:44:33.285 - [robot_6_log_20260602_144405.csv] - WARNING - Estado FSM: RETROCEDE | Target Wall: ABAJO | Target Theta: 0.00° |theta: 167.47556351673964 
2026-06-02 14:44:33.285 - [robot_6_log_20260602_144405.csv] - DEBUG - Posición actualizada por visión: x=209.31, y=46.04, θ=3.04
2026-06-02 14:44:33.295 - [robot_6_log_20260602_144405.csv] - DEBUG - Frecuencia: 96.41 Hz | Latencia Red/Proc: 14.37 ms
2026-06-02 14:44:33.313 - [robot_6_log_20260602_144405.csv] - DEBUG - Incoming data. Topic 6/pos, mensaje {"x": 209.31, "y": 46.04, "yaw": 3.043, "timestamp": 1780404273.290053}
2026-06-02 14:44:33.319 - [robot_6_log_20260602_144405.csv] - DEBUG - Posición actualizada por visión: x=209.31, y=46.04, θ=3.04
2026-06-02 14:44:33.324 - [robot_6_log_20260602_144405.csv] - DEBUG - Frecuencia: 34.68 Hz | Latencia Red/Proc: 34.56 ms
2026-06-02 14:44:33.335 - [robot_6_log_20260602_144405.csv] - INFO - Usando posición VISION: x=209.31, y=46.04, θ=3.04
2026-06-02 14:44:33.335 - [robot_6_log_20260602_144405.csv] - INFO - Distancias a paredes: Left: 209.31, Right: 240.69, Top: 93.96, Bottom: 46.04
2026-06-02 14:44:33.335 - [robot_6_log_20260602_144405.csv] - INFO - Posicion: 209.31, 46.04, 3.043 | Velocidad: -0.09843300270272279, -0.9951436800678211
2026-06-02 14:44:33.335 - [robot_6_log_20260602_144405.csv] - DEBUG - Incoming data. Topic 6/pos, mensaje {"x": 209.31, "y": 46.04, "yaw": 3.043, "timestamp": 1780404273.290053}
2026-06-02 14:44:33.335 - [robot_6_log_20260602_144405.csv] - INFO - ABAJO
2026-06-02 14:44:33.335 - [robot_6_log_20260602_144405.csv] - DEBUG - Posición actualizada por visión: x=209.31, y=46.04, θ=3.04
2026-06-02 14:44:33.335 - [robot_6_log_20260602_144405.csv] - WARNING - Estado FSM: RETROCEDE | Target Wall: ABAJO | Target Theta: 0.00° |theta: 174.35105705830952 
2026-06-02 14:44:33.335 - [robot_6_log_20260602_144405.csv] - DEBUG - Frecuencia: 91.95 Hz | Latencia Red/Proc: 45.43 ms
2026-06-02 14:44:33.352 - [robot_6_log_20260602_144405.csv] - DEBUG - Incoming data. Topic agent/6/wheel, mensaje {"Wleft":6.067352479,"Wright":20}
2026-06-02 14:44:33.383 - [robot_6_log_20260602_144405.csv] - DEBUG - Incoming data. Topic 6/pos, mensaje {"x": 209.82, "y": 47.67, "yaw": -3.079, "timestamp": 1780404273.3824136}
2026-06-02 14:44:33.385 - [robot_6_log_20260602_144405.csv] - INFO - Usando posición VISION: x=209.31, y=46.04, θ=3.04
2026-06-02 14:44:33.385 - [robot_6_log_20260602_144405.csv] - DEBUG - Posición actualizada por visión: x=209.82, y=47.67, θ=-3.08
2026-06-02 14:44:33.385 - [robot_6_log_20260602_144405.csv] - INFO - Distancias a paredes: Left: 209.31, Right: 240.69, Top: 93.96, Bottom: 46.04
2026-06-02 14:44:33.385 - [robot_6_log_20260602_144405.csv] - DEBUG - Frecuencia: 19.97 Hz | Latencia Red/Proc: 3.14 ms
2026-06-02 14:44:33.385 - [robot_6_log_20260602_144405.csv] - INFO - Posicion: 209.31, 46.04, 3.043 | Velocidad: -0.09843300270272279, -0.9951436800678211
2026-06-02 14:44:33.385 - [robot_6_log_20260602_144405.csv] - INFO - ABAJO
2026-06-02 14:44:33.385 - [robot_6_log_20260602_144405.csv] - DEBUG - Incoming data. Topic 6/pos, mensaje {"x": 209.82, "y": 47.67, "yaw": -3.079, "timestamp": 1780404273.3824136}
2026-06-02 14:44:33.385 - [robot_6_log_20260602_144405.csv] - WARNING - Estado FSM: RETROCEDE | Target Wall: ABAJO | Target Theta: 0.00° |theta: 174.35105705830952 
2026-06-02 14:44:33.385 - [robot_6_log_20260602_144405.csv] - DEBUG - Posición actualizada por visión: x=209.82, y=47.67, θ=-3.08
2026-06-02 14:44:33.390 - [robot_6_log_20260602_144405.csv] - DEBUG - Frecuencia: 185.70 Hz | Latencia Red/Proc: 8.52 ms
2026-06-02 14:44:33.401 - [robot_6_log_20260602_144405.csv] - DEBUG - Incoming data. Topic 6/pos, mensaje {"x": 209.82, "y": 47.67, "yaw": -3.079, "timestamp": 1780404273.3908813}
2026-06-02 14:44:33.406 - [robot_6_log_20260602_144405.csv] - DEBUG - Posición actualizada por visión: x=209.82, y=47.67, θ=-3.08
2026-06-02 14:44:33.412 - [robot_6_log_20260602_144405.csv] - DEBUG - Frecuencia: 46.47 Hz | Latencia Red/Proc: 21.58 ms
2026-06-02 14:44:33.423 - [robot_6_log_20260602_144405.csv] - DEBUG - Incoming data. Topic 6/pos, mensaje {"x": 209.82, "y": 47.67, "yaw": -3.079, "timestamp": 1780404273.3908813}
2026-06-02 14:44:33.429 - [robot_6_log_20260602_144405.csv] - DEBUG - Posición actualizada por visión: x=209.82, y=47.67, θ=-3.08
2026-06-02 14:44:33.434 - [robot_6_log_20260602_144405.csv] - DEBUG - Frecuencia: 45.55 Hz | Latencia Red/Proc: 43.53 ms
2026-06-02 14:44:33.435 - [robot_6_log_20260602_144405.csv] - INFO - Usando posición VISION: x=209.82, y=47.67, θ=-3.08
2026-06-02 14:44:33.435 - [robot_6_log_20260602_144405.csv] - INFO - Distancias a paredes: Left: 209.82, Right: 240.18, Top: 92.33, Bottom: 47.67
2026-06-02 14:44:33.435 - [robot_6_log_20260602_144405.csv] - INFO - Posicion: 209.82, 47.67, -3.079 | Velocidad: 0.0625517902588014, -0.9980417193361302
2026-06-02 14:44:33.435 - [robot_6_log_20260602_144405.csv] - INFO - ABAJO
2026-06-02 14:44:33.435 - [robot_6_log_20260602_144405.csv] - DEBUG - Incoming data. Topic agent/6/wheel, mensaje {"Wleft":4.066625403,"Wright":20}
2026-06-02 14:44:33.435 - [robot_6_log_20260602_144405.csv] - WARNING - Estado FSM: RETROCEDE | Target Wall: ABAJO | Target Theta: 0.00° |theta: -176.4137051207805 
2026-06-02 14:44:33.484 - [robot_6_log_20260602_144405.csv] - DEBUG - Incoming data. Topic 6/pos, mensaje {"x": 210.15, "y": 49.45, "yaw": -2.898, "timestamp": 1780404273.4820573}
2026-06-02 14:44:33.485 - [robot_6_log_20260602_144405.csv] - INFO - Usando posición VISION: x=209.82, y=47.67, θ=-3.08
2026-06-02 14:44:33.485 - [robot_6_log_20260602_144405.csv] - DEBUG - Posición actualizada por visión: x=210.15, y=49.45, θ=-2.90
2026-06-02 14:44:33.485 - [robot_6_log_20260602_144405.csv] - INFO - Distancias a paredes: Left: 209.82, Right: 240.18, Top: 92.33, Bottom: 47.67
2026-06-02 14:44:33.485 - [robot_6_log_20260602_144405.csv] - DEBUG - Frecuencia: 19.64 Hz | Latencia Red/Proc: 3.27 ms
2026-06-02 14:44:33.485 - [robot_6_log_20260602_144405.csv] - INFO - Posicion: 209.82, 47.67, -3.079 | Velocidad: 0.0625517902588014, -0.9980417193361302
2026-06-02 14:44:33.485 - [robot_6_log_20260602_144405.csv] - INFO - ABAJO
2026-06-02 14:44:33.485 - [robot_6_log_20260602_144405.csv] - DEBUG - Incoming data. Topic 6/pos, mensaje {"x": 210.15, "y": 49.45, "yaw": -2.898, "timestamp": 1780404273.4820573}
2026-06-02 14:44:33.485 - [robot_6_log_20260602_144405.csv] - WARNING - Estado FSM: RETROCEDE | Target Wall: ABAJO | Target Theta: 0.00° |theta: -176.4137051207805 
2026-06-02 14:44:33.485 - [robot_6_log_20260602_144405.csv] - DEBUG - Posición actualizada por visión: x=210.15, y=49.45, θ=-2.90
2026-06-02 14:44:33.490 - [robot_6_log_20260602_144405.csv] - DEBUG - Frecuencia: 186.51 Hz | Latencia Red/Proc: 8.63 ms
2026-06-02 14:44:33.495 - [robot_6_log_20260602_144405.csv] - DEBUG - Incoming data. Topic 6/pos, mensaje {"x": 210.15, "y": 49.45, "yaw": -2.898, "timestamp": 1780404273.4907293}
2026-06-02 14:44:33.501 - [robot_6_log_20260602_144405.csv] - DEBUG - Posición actualizada por visión: x=210.15, y=49.45, θ=-2.90
2026-06-02 14:44:33.501 - [robot_6_log_20260602_144405.csv] - DEBUG - Frecuencia: 95.94 Hz | Latencia Red/Proc: 10.38 ms
2026-06-02 14:44:33.501 - [robot_6_log_20260602_144405.csv] - DEBUG - Incoming data. Topic 6/pos, mensaje {"x": 210.15, "y": 49.45, "yaw": -2.898, "timestamp": 1780404273.4907293}
2026-06-02 14:44:33.501 - [robot_6_log_20260602_144405.csv] - DEBUG - Posición actualizada por visión: x=210.15, y=49.45, θ=-2.90
2026-06-02 14:44:33.501 - [robot_6_log_20260602_144405.csv] - DEBUG - Frecuencia: 22075.28 Hz | Latencia Red/Proc: 10.42 ms
2026-06-02 14:44:33.535 - [robot_6_log_20260602_144405.csv] - INFO - Usando posición VISION: x=210.15, y=49.45, θ=-2.90
2026-06-02 14:44:33.535 - [robot_6_log_20260602_144405.csv] - INFO - Distancias a paredes: Left: 210.15, Right: 239.85, Top: 90.55, Bottom: 49.45
2026-06-02 14:44:33.535 - [robot_6_log_20260602_144405.csv] - INFO - Posicion: 210.15, 49.45, -2.898 | Velocidad: 0.24119076575117182, -0.9704777248944786
2026-06-02 14:44:33.535 - [robot_6_log_20260602_144405.csv] - INFO - ABAJO
2026-06-02 14:44:33.535 - [robot_6_log_20260602_144405.csv] - WARNING - Estado FSM: RETROCEDE | Target Wall: ABAJO | Target Theta: 0.00° |theta: -166.0431690289126 
2026-06-02 14:44:33.577 - [robot_6_log_20260602_144405.csv] - DEBUG - Incoming data. Topic agent/6/wheel, mensaje {"Wleft":6.066777271,"Wright":20}
2026-06-02 14:44:33.585 - [robot_6_log_20260602_144405.csv] - INFO - Usando posición VISION: x=210.15, y=49.45, θ=-2.90
2026-06-02 14:44:33.585 - [robot_6_log_20260602_144405.csv] - INFO - Distancias a paredes: Left: 210.15, Right: 239.85, Top: 90.55, Bottom: 49.45
2026-06-02 14:44:33.585 - [robot_6_log_20260602_144405.csv] - INFO - Posicion: 210.15, 49.45, -2.898 | Velocidad: 0.24119076575117182, -0.9704777248944786
2026-06-02 14:44:33.585 - [robot_6_log_20260602_144405.csv] - INFO - ABAJO
2026-06-02 14:44:33.585 - [robot_6_log_20260602_144405.csv] - DEBUG - Incoming data. Topic 6/pos, mensaje {"x": 210.26, "y": 51.4, "yaw": -2.699, "timestamp": 1780404273.5823755}
2026-06-02 14:44:33.585 - [robot_6_log_20260602_144405.csv] - WARNING - Estado FSM: RETROCEDE | Target Wall: ABAJO | Target Theta: 0.00° |theta: -166.0431690289126 
2026-06-02 14:44:33.585 - [robot_6_log_20260602_144405.csv] - DEBUG - Posición actualizada por visión: x=210.26, y=51.40, θ=-2.70
2026-06-02 14:44:33.595 - [robot_6_log_20260602_144405.csv] - DEBUG - Frecuencia: 10.58 Hz | Latencia Red/Proc: 13.32 ms
2026-06-02 14:44:33.606 - [robot_6_log_20260602_144405.csv] - DEBUG - Incoming data. Topic 6/pos, mensaje {"x": 210.26, "y": 51.4, "yaw": -2.699, "timestamp": 1780404273.5823755}
2026-06-02 14:44:33.612 - [robot_6_log_20260602_144405.csv] - DEBUG - Posición actualizada por visión: x=210.26, y=51.40, θ=-2.70
2026-06-02 14:44:33.612 - [robot_6_log_20260602_144405.csv] - DEBUG - Frecuencia: 60.87 Hz | Latencia Red/Proc: 29.75 ms
2026-06-02 14:44:33.617 - [robot_6_log_20260602_144405.csv] - DEBUG - Incoming data. Topic 6/pos, mensaje {"x": 210.26, "y": 51.4, "yaw": -2.699, "timestamp": 1780404273.590879}
2026-06-02 14:44:33.617 - [robot_6_log_20260602_144405.csv] - DEBUG - Posición actualizada por visión: x=210.26, y=51.40, θ=-2.70
2026-06-02 14:44:33.622 - [robot_6_log_20260602_144405.csv] - DEBUG - Frecuencia: 97.67 Hz | Latencia Red/Proc: 31.49 ms
2026-06-02 14:44:33.622 - [robot_6_log_20260602_144405.csv] - DEBUG - Incoming data. Topic 6/pos, mensaje {"x": 210.26, "y": 51.4, "yaw": -2.699, "timestamp": 1780404273.590879}
2026-06-02 14:44:33.627 - [robot_6_log_20260602_144405.csv] - DEBUG - Posición actualizada por visión: x=210.26, y=51.40, θ=-2.70
2026-06-02 14:44:33.627 - [robot_6_log_20260602_144405.csv] - DEBUG - Frecuencia: 193.31 Hz | Latencia Red/Proc: 36.66 ms
2026-06-02 14:44:33.635 - [robot_6_log_20260602_144405.csv] - INFO - Usando posición VISION: x=210.26, y=51.40, θ=-2.70
2026-06-02 14:44:33.635 - [robot_6_log_20260602_144405.csv] - INFO - Distancias a paredes: Left: 210.26, Right: 239.74, Top: 88.60, Bottom: 51.40
2026-06-02 14:44:33.635 - [robot_6_log_20260602_144405.csv] - INFO - Posicion: 210.26, 51.4, -2.699 | Velocidad: 0.42828373853524615, -0.9036443101720238
2026-06-02 14:44:33.635 - [robot_6_log_20260602_144405.csv] - INFO - None
2026-06-02 14:44:33.635 - [robot_6_log_20260602_144405.csv] - WARNING - Estado FSM: PARANDO_PARA_GIRAR | Target Wall: None | Target Theta: 0.00° |theta: -154.64130890580918 
2026-06-02 14:44:33.640 - [robot_6_log_20260602_144405.csv] - DEBUG - Incoming data. Topic agent/6/wheel, mensaje {"Wleft":4.045852741,"Wright":20}
2026-06-02 14:44:33.655 - [robot_6_log_20260602_144405.csv] - DEBUG - Despachado a ZMQ -> agent/6/move: {'v': 0.0, 'w': 0.0}
2026-06-02 14:44:33.685 - [robot_6_log_20260602_144405.csv] - INFO - Usando posición VISION: x=210.26, y=51.40, θ=-2.70
2026-06-02 14:44:33.685 - [robot_6_log_20260602_144405.csv] - DEBUG - Incoming data. Topic 6/pos, mensaje {"x": 210.05, "y": 53.39, "yaw": -2.487, "timestamp": 1780404273.6820865}
2026-06-02 14:44:33.685 - [robot_6_log_20260602_144405.csv] - INFO - Distancias a paredes: Left: 210.26, Right: 239.74, Top: 88.60, Bottom: 51.40
2026-06-02 14:44:33.685 - [robot_6_log_20260602_144405.csv] - DEBUG - Posición actualizada por visión: x=210.05, y=53.39, θ=-2.49
2026-06-02 14:44:33.685 - [robot_6_log_20260602_144405.csv] - INFO - Posicion: 210.26, 51.4, -2.699 | Velocidad: 0.42828373853524615, -0.9036443101720238
2026-06-02 14:44:33.685 - [robot_6_log_20260602_144405.csv] - DEBUG - Frecuencia: 17.24 Hz | Latencia Red/Proc: 3.45 ms
2026-06-02 14:44:33.685 - [robot_6_log_20260602_144405.csv] - INFO - None
2026-06-02 14:44:33.685 - [robot_6_log_20260602_144405.csv] - DEBUG - Incoming data. Topic 6/pos, mensaje {"x": 210.05, "y": 53.39, "yaw": -2.487, "timestamp": 1780404273.6820865}
2026-06-02 14:44:33.685 - [robot_6_log_20260602_144405.csv] - DEBUG - Posición actualizada por visión: x=210.05, y=53.39, θ=-2.49
2026-06-02 14:44:33.685 - [robot_6_log_20260602_144405.csv] - DEBUG - Frecuencia: 3625.15 Hz | Latencia Red/Proc: 3.73 ms
2026-06-02 14:44:33.685 - [robot_6_log_20260602_144405.csv] - WARNING - Estado FSM: PARANDO_PARA_GIRAR | Target Wall: None | Target Theta: 0.00° |theta: -154.64130890580918 
2026-06-02 14:44:33.697 - [robot_6_log_20260602_144405.csv] - DEBUG - Incoming data. Topic 6/pos, mensaje {"x": 210.05, "y": 53.39, "yaw": -2.487, "timestamp": 1780404273.6925707}
2026-06-02 14:44:33.702 - [robot_6_log_20260602_144405.csv] - DEBUG - Posición actualizada por visión: x=210.05, y=53.39, θ=-2.49
2026-06-02 14:44:33.702 - [robot_6_log_20260602_144405.csv] - DEBUG - Frecuencia: 59.02 Hz | Latencia Red/Proc: 10.19 ms
2026-06-02 14:44:33.707 - [robot_6_log_20260602_144405.csv] - DEBUG - Incoming data. Topic 6/pos, mensaje {"x": 210.05, "y": 53.39, "yaw": -2.487, "timestamp": 1780404273.6925707}
2026-06-02 14:44:33.707 - [robot_6_log_20260602_144405.csv] - DEBUG - Posición actualizada por visión: x=210.05, y=53.39, θ=-2.49
2026-06-02 14:44:33.719 - [robot_6_log_20260602_144405.csv] - DEBUG - Frecuencia: 61.08 Hz | Latencia Red/Proc: 26.56 ms
2026-06-02 14:44:33.735 - [robot_6_log_20260602_144405.csv] - INFO - Usando posición VISION: x=210.05, y=53.39, θ=-2.49
2026-06-02 14:44:33.735 - [robot_6_log_20260602_144405.csv] - INFO - Distancias a paredes: Left: 210.05, Right: 239.95, Top: 86.61, Bottom: 53.39
2026-06-02 14:44:33.735 - [robot_6_log_20260602_144405.csv] - INFO - Posicion: 210.05, 53.39, -2.487 | Velocidad: 0.6088361475724842, -0.7932960011301559
2026-06-02 14:44:33.735 - [robot_6_log_20260602_144405.csv] - INFO - None
2026-06-02 14:44:33.735 - [robot_6_log_20260602_144405.csv] - WARNING - Estado FSM: PARANDO_PARA_GIRAR | Target Wall: None | Target Theta: 0.00° |theta: -142.49460364903575 
2026-06-02 14:44:33.782 - [robot_6_log_20260602_144405.csv] - DEBUG - Incoming data. Topic agent/6/wheel, mensaje {"Wleft":6.069753178,"Wright":20}
2026-06-02 14:44:33.782 - [robot_6_log_20260602_144405.csv] - DEBUG - Incoming data. Topic 6/pos, mensaje {"x": 209.49, "y": 55.28, "yaw": -2.272, "timestamp": 1780404273.7823198}
2026-06-02 14:44:33.782 - [robot_6_log_20260602_144405.csv] - DEBUG - Posición actualizada por visión: x=209.49, y=55.28, θ=-2.27
2026-06-02 14:44:33.783 - [robot_6_log_20260602_144405.csv] - DEBUG - Frecuencia: 15.65 Hz | Latencia Red/Proc: 0.69 ms
2026-06-02 14:44:33.785 - [robot_6_log_20260602_144405.csv] - INFO - Usando posición VISION: x=209.49, y=55.28, θ=-2.27
2026-06-02 14:44:33.785 - [robot_6_log_20260602_144405.csv] - DEBUG - Incoming data. Topic 6/pos, mensaje {"x": 209.49, "y": 55.28, "yaw": -2.272, "timestamp": 1780404273.7823198}
2026-06-02 14:44:33.785 - [robot_6_log_20260602_144405.csv] - INFO - Distancias a paredes: Left: 209.49, Right: 240.51, Top: 84.72, Bottom: 55.28
2026-06-02 14:44:33.785 - [robot_6_log_20260602_144405.csv] - DEBUG - Posición actualizada por visión: x=209.49, y=55.28, θ=-2.27
2026-06-02 14:44:33.785 - [robot_6_log_20260602_144405.csv] - INFO - Posicion: 209.49, 55.28, -2.272 | Velocidad: 0.7640662058405762, -0.6451378403817174
2026-06-02 14:44:33.785 - [robot_6_log_20260602_144405.csv] - DEBUG - Frecuencia: 391.11 Hz | Latencia Red/Proc: 3.24 ms
2026-06-02 14:44:33.785 - [robot_6_log_20260602_144405.csv] - INFO - None
2026-06-02 14:44:33.785 - [robot_6_log_20260602_144405.csv] - WARNING - Estado FSM: PARANDO_PARA_GIRAR | Target Wall: None | Target Theta: 0.00° |theta: -130.17601105372302 
2026-06-02 14:44:33.796 - [robot_6_log_20260602_144405.csv] - DEBUG - Incoming data. Topic 6/pos, mensaje {"x": 209.49, "y": 55.28, "yaw": -2.272, "timestamp": 1780404273.791335}
2026-06-02 14:44:33.801 - [robot_6_log_20260602_144405.csv] - DEBUG - Posición actualizada por visión: x=209.49, y=55.28, θ=-2.27
2026-06-02 14:44:33.808 - [robot_6_log_20260602_144405.csv] - DEBUG - Frecuencia: 44.28 Hz | Latencia Red/Proc: 16.81 ms
2026-06-02 14:44:33.819 - [robot_6_log_20260602_144405.csv] - DEBUG - Incoming data. Topic 6/pos, mensaje {"x": 209.49, "y": 55.28, "yaw": -2.272, "timestamp": 1780404273.791335}
2026-06-02 14:44:33.824 - [robot_6_log_20260602_144405.csv] - DEBUG - Posición actualizada por visión: x=209.49, y=55.28, θ=-2.27
2026-06-02 14:44:33.824 - [robot_6_log_20260602_144405.csv] - DEBUG - Frecuencia: 61.36 Hz | Latencia Red/Proc: 33.11 ms
2026-06-02 14:44:33.835 - [robot_6_log_20260602_144405.csv] - INFO - Usando posición VISION: x=209.49, y=55.28, θ=-2.27
2026-06-02 14:44:33.835 - [robot_6_log_20260602_144405.csv] - INFO - Distancias a paredes: Left: 209.49, Right: 240.51, Top: 84.72, Bottom: 55.28
2026-06-02 14:44:33.835 - [robot_6_log_20260602_144405.csv] - INFO - Posicion: 209.49, 55.28, -2.272 | Velocidad: 0.7640662058405762, -0.6451378403817174
2026-06-02 14:44:33.835 - [robot_6_log_20260602_144405.csv] - INFO - None
2026-06-02 14:44:33.835 - [robot_6_log_20260602_144405.csv] - WARNING - Estado FSM: PARANDO_PARA_GIRAR | Target Wall: None | Target Theta: 0.00° |theta: -130.17601105372302 
2026-06-02 14:44:33.853 - [robot_6_log_20260602_144405.csv] - DEBUG - Incoming data. Topic agent/6/wheel, mensaje {"Wleft":4.069970583,"Wright":6.022383988}
2026-06-02 14:44:33.885 - [robot_6_log_20260602_144405.csv] - INFO - Usando posición VISION: x=209.49, y=55.28, θ=-2.27
2026-06-02 14:44:33.885 - [robot_6_log_20260602_144405.csv] - INFO - Distancias a paredes: Left: 209.49, Right: 240.51, Top: 84.72, Bottom: 55.28
2026-06-02 14:44:33.885 - [robot_6_log_20260602_144405.csv] - INFO - Posicion: 209.49, 55.28, -2.272 | Velocidad: 0.7640662058405762, -0.6451378403817174
2026-06-02 14:44:33.885 - [robot_6_log_20260602_144405.csv] - INFO - None
2026-06-02 14:44:33.885 - [robot_6_log_20260602_144405.csv] - DEBUG - Incoming data. Topic 6/pos, mensaje {"x": 208.68, "y": 56.98, "yaw": -2.055, "timestamp": 1780404273.8825035}
2026-06-02 14:44:33.885 - [robot_6_log_20260602_144405.csv] - WARNING - Estado FSM: PARANDO_PARA_GIRAR | Target Wall: None | Target Theta: 0.00° |theta: -130.17601105372302 
2026-06-02 14:44:33.885 - [robot_6_log_20260602_144405.csv] - DEBUG - Posición actualizada por visión: x=208.68, y=56.98, θ=-2.06
2026-06-02 14:44:33.896 - [robot_6_log_20260602_144405.csv] - DEBUG - Frecuencia: 13.84 Hz | Latencia Red/Proc: 14.21 ms
2026-06-02 14:44:33.907 - [robot_6_log_20260602_144405.csv] - DEBUG - Incoming data. Topic 6/pos, mensaje {"x": 208.68, "y": 56.98, "yaw": -2.055, "timestamp": 1780404273.8825035}
2026-06-02 14:44:33.913 - [robot_6_log_20260602_144405.csv] - DEBUG - Posición actualizada por visión: x=208.68, y=56.98, θ=-2.06
2026-06-02 14:44:33.913 - [robot_6_log_20260602_144405.csv] - DEBUG - Frecuencia: 60.86 Hz | Latencia Red/Proc: 30.64 ms
2026-06-02 14:44:33.924 - [robot_6_log_20260602_144405.csv] - DEBUG - Incoming data. Topic 6/pos, mensaje {"x": 208.68, "y": 56.98, "yaw": -2.055, "timestamp": 1780404273.8912907}
2026-06-02 14:44:33.929 - [robot_6_log_20260602_144405.csv] - DEBUG - Posición actualizada por visión: x=208.68, y=56.98, θ=-2.06
2026-06-02 14:44:33.934 - [robot_6_log_20260602_144405.csv] - DEBUG - Frecuencia: 45.91 Hz | Latencia Red/Proc: 43.64 ms
2026-06-02 14:44:33.935 - [robot_6_log_20260602_144405.csv] - INFO - Usando posición VISION: x=208.68, y=56.98, θ=-2.06
2026-06-02 14:44:33.935 - [robot_6_log_20260602_144405.csv] - INFO - Distancias a paredes: Left: 208.68, Right: 241.32, Top: 83.02, Bottom: 56.98
2026-06-02 14:44:33.935 - [robot_6_log_20260602_144405.csv] - INFO - Posicion: 208.68, 56.98, -2.055 | Velocidad: 0.8850459227756613, -0.4655037213365519
2026-06-02 14:44:33.935 - [robot_6_log_20260602_144405.csv] - INFO - None
2026-06-02 14:44:33.935 - [robot_6_log_20260602_144405.csv] - WARNING - Estado FSM: PARANDO_PARA_GIRAR | Target Wall: None | Target Theta: 0.00° |theta: -117.74282689938418 
2026-06-02 14:44:33.940 - [robot_6_log_20260602_144405.csv] - DEBUG - Incoming data. Topic 6/pos, mensaje {"x": 208.68, "y": 56.98, "yaw": -2.055, "timestamp": 1780404273.8912907}
2026-06-02 14:44:33.945 - [robot_6_log_20260602_144405.csv] - DEBUG - Posición actualizada por visión: x=208.68, y=56.98, θ=-2.06
2026-06-02 14:44:33.951 - [robot_6_log_20260602_144405.csv] - DEBUG - Frecuencia: 59.08 Hz | Latencia Red/Proc: 60.56 ms
2026-06-02 14:44:33.985 - [robot_6_log_20260602_144405.csv] - INFO - Usando posición VISION: x=208.68, y=56.98, θ=-2.06
2026-06-02 14:44:33.985 - [robot_6_log_20260602_144405.csv] - INFO - Distancias a paredes: Left: 208.68, Right: 241.32, Top: 83.02, Bottom: 56.98
2026-06-02 14:44:33.985 - [robot_6_log_20260602_144405.csv] - INFO - Posicion: 208.68, 56.98, -2.055 | Velocidad: 0.8850459227756613, -0.4655037213365519
2026-06-02 14:44:33.985 - [robot_6_log_20260602_144405.csv] - DEBUG - Incoming data. Topic 6/pos, mensaje {"x": 207.85, "y": 58.2, "yaw": -1.887, "timestamp": 1780404273.9818194}
2026-06-02 14:44:33.985 - [robot_6_log_20260602_144405.csv] - INFO - None
2026-06-02 14:44:33.985 - [robot_6_log_20260602_144405.csv] - DEBUG - Posición actualizada por visión: x=207.85, y=58.20, θ=-1.89
2026-06-02 14:44:33.985 - [robot_6_log_20260602_144405.csv] - WARNING - Estado FSM: PARANDO_PARA_GIRAR | Target Wall: None | Target Theta: 0.00° |theta: -117.74282689938418 
2026-06-02 14:44:33.985 - [robot_6_log_20260602_144405.csv] - DEBUG - Frecuencia: 29.68 Hz | Latencia Red/Proc: 3.72 ms
2026-06-02 14:44:34.006 - [robot_6_log_20260602_144405.csv] - DEBUG - Incoming data. Topic 6/pos, mensaje {"x": 207.85, "y": 58.2, "yaw": -1.887, "timestamp": 1780404273.9818194}
2026-06-02 14:44:34.011 - [robot_6_log_20260602_144405.csv] - DEBUG - Posición actualizada por visión: x=207.85, y=58.20, θ=-1.89
2026-06-02 14:44:34.016 - [robot_6_log_20260602_144405.csv] - DEBUG - Frecuencia: 31.97 Hz | Latencia Red/Proc: 35.00 ms
2026-06-02 14:44:34.016 - [robot_6_log_20260602_144405.csv] - DEBUG - Incoming data. Topic 6/pos, mensaje {"x": 207.85, "y": 58.2, "yaw": -1.887, "timestamp": 1780404273.9905982}
2026-06-02 14:44:34.022 - [robot_6_log_20260602_144405.csv] - DEBUG - Posición actualizada por visión: x=207.85, y=58.20, θ=-1.89
2026-06-02 14:44:34.027 - [robot_6_log_20260602_144405.csv] - DEBUG - Frecuencia: 96.13 Hz | Latencia Red/Proc: 36.63 ms
2026-06-02 14:44:34.035 - [robot_6_log_20260602_144405.csv] - INFO - Usando posición VISION: x=207.85, y=58.20, θ=-1.89
2026-06-02 14:44:34.035 - [robot_6_log_20260602_144405.csv] - INFO - Distancias a paredes: Left: 207.85, Right: 242.15, Top: 81.80, Bottom: 58.20
2026-06-02 14:44:34.035 - [robot_6_log_20260602_144405.csv] - INFO - Posicion: 207.85, 58.2, -1.887 | Velocidad: 0.9504227724484978, -0.3109606946405138
2026-06-02 14:44:34.035 - [robot_6_log_20260602_144405.csv] - INFO - None
2026-06-02 14:44:34.035 - [robot_6_log_20260602_144405.csv] - DEBUG - Incoming data. Topic 6/pos, mensaje {"x": 207.85, "y": 58.2, "yaw": -1.887, "timestamp": 1780404273.9905982}
2026-06-02 14:44:34.035 - [robot_6_log_20260602_144405.csv] - WARNING - Estado FSM: PARANDO_PARA_GIRAR | Target Wall: None | Target Theta: 0.00° |theta: -108.11713594118635 
2026-06-02 14:44:34.035 - [robot_6_log_20260602_144405.csv] - DEBUG - Posición actualizada por visión: x=207.85, y=58.20, θ=-1.89
2026-06-02 14:44:34.045 - [robot_6_log_20260602_144405.csv] - DEBUG - Frecuencia: 53.48 Hz | Latencia Red/Proc: 55.33 ms
2026-06-02 14:44:34.056 - [robot_6_log_20260602_144405.csv] - DEBUG - Incoming data. Topic agent/6/wheel, mensaje {"Wleft":4.045240341,"Wright":-1.776357e-15}
2026-06-02 14:44:34.085 - [robot_6_log_20260602_144405.csv] - INFO - Usando posición VISION: x=207.85, y=58.20, θ=-1.89
2026-06-02 14:44:34.085 - [robot_6_log_20260602_144405.csv] - INFO - Distancias a paredes: Left: 207.85, Right: 242.15, Top: 81.80, Bottom: 58.20
2026-06-02 14:44:34.085 - [robot_6_log_20260602_144405.csv] - INFO - Posicion: 207.85, 58.2, -1.887 | Velocidad: 0.9504227724484978, -0.3109606946405138
2026-06-02 14:44:34.085 - [robot_6_log_20260602_144405.csv] - INFO - None
2026-06-02 14:44:34.085 - [robot_6_log_20260602_144405.csv] - WARNING - Estado FSM: PARANDO_PARA_GIRAR | Target Wall: None | Target Theta: 0.00° |theta: -108.11713594118635 
2026-06-02 14:44:34.095 - [robot_6_log_20260602_144405.csv] - DEBUG - Incoming data. Topic 6/pos, mensaje {"x": 207.48, "y": 58.75, "yaw": -1.796, "timestamp": 1780404274.084944}
2026-06-02 14:44:34.101 - [robot_6_log_20260602_144405.csv] - DEBUG - Posición actualizada por visión: x=207.48, y=58.75, θ=-1.80
2026-06-02 14:44:34.101 - [robot_6_log_20260602_144405.csv] - DEBUG - Frecuencia: 18.14 Hz | Latencia Red/Proc: 16.12 ms
2026-06-02 14:44:34.106 - [robot_6_log_20260602_144405.csv] - DEBUG - Incoming data. Topic 6/pos, mensaje {"x": 207.48, "y": 58.75, "yaw": -1.796, "timestamp": 1780404274.084944}
2026-06-02 14:44:34.111 - [robot_6_log_20260602_144405.csv] - DEBUG - Posición actualizada por visión: x=207.48, y=58.75, θ=-1.80
2026-06-02 14:44:34.111 - [robot_6_log_20260602_144405.csv] - DEBUG - Frecuencia: 95.39 Hz | Latencia Red/Proc: 26.61 ms
2026-06-02 14:44:34.116 - [robot_6_log_20260602_144405.csv] - DEBUG - Incoming data. Topic 6/pos, mensaje {"x": 207.48, "y": 58.75, "yaw": -1.796, "timestamp": 1780404274.0956895}
2026-06-02 14:44:34.122 - [robot_6_log_20260602_144405.csv] - DEBUG - Posición actualizada por visión: x=207.48, y=58.75, θ=-1.80
2026-06-02 14:44:34.127 - [robot_6_log_20260602_144405.csv] - DEBUG - Frecuencia: 63.03 Hz | Latencia Red/Proc: 31.73 ms
2026-06-02 14:44:34.135 - [robot_6_log_20260602_144405.csv] - DEBUG - Incoming data. Topic agent/6/wheel, mensaje {"Wleft":-4.726774527e-15,"Wright":-1.776357e-15}
2026-06-02 14:44:34.135 - [robot_6_log_20260602_144405.csv] - INFO - Usando posición VISION: x=207.48, y=58.75, θ=-1.80
2026-06-02 14:44:34.135 - [robot_6_log_20260602_144405.csv] - INFO - Distancias a paredes: Left: 207.48, Right: 242.52, Top: 81.25, Bottom: 58.75
2026-06-02 14:44:34.135 - [robot_6_log_20260602_144405.csv] - INFO - Posicion: 207.48, 58.75, -1.796 | Velocidad: 0.9747486460628211, -0.22330489694294
2026-06-02 14:44:34.135 - [robot_6_log_20260602_144405.csv] - INFO - None
2026-06-02 14:44:34.135 - [robot_6_log_20260602_144405.csv] - WARNING - Estado FSM: GIRA | Target Wall: None | Target Theta: 102.90° |theta: -102.90322000549585 
2026-06-02 14:44:34.141 - [robot_6_log_20260602_144405.csv] - DEBUG - Incoming data. Topic 6/pos, mensaje {"x": 207.48, "y": 58.75, "yaw": -1.796, "timestamp": 1780404274.0956895}
2026-06-02 14:44:34.141 - [robot_6_log_20260602_144405.csv] - DEBUG - Posición actualizada por visión: x=207.48, y=58.75, θ=-1.80
2026-06-02 14:44:34.141 - [robot_6_log_20260602_144405.csv] - DEBUG - Frecuencia: 68.97 Hz | Latencia Red/Proc: 46.23 ms
2026-06-02 14:44:34.147 - [robot_6_log_20260602_144405.csv] - DEBUG - Enviado {'ang': 102.90322000549587}
2026-06-02 14:44:34.152 - [robot_6_log_20260602_144405.csv] - DEBUG - Despachado a ZMQ -> agent/6/turn: {'ang': 102.90322000549587}
2026-06-02 14:44:34.181 - [robot_6_log_20260602_144405.csv] - DEBUG - Incoming data. Topic agent/6/wheel, mensaje {"Wleft":-4.726774527e-15,"Wright":-1.776357e-15}
2026-06-02 14:44:34.185 - [robot_6_log_20260602_144405.csv] - INFO - Usando posición VISION: x=207.48, y=58.75, θ=-1.80
2026-06-02 14:44:34.185 - [robot_6_log_20260602_144405.csv] - DEBUG - Incoming data. Topic 6/pos, mensaje {"x": 207.47, "y": 58.77, "yaw": -1.789, "timestamp": 1780404274.1840138}
2026-06-02 14:44:34.185 - [robot_6_log_20260602_144405.csv] - INFO - Distancias a paredes: Left: 207.48, Right: 242.52, Top: 81.25, Bottom: 58.75
2026-06-02 14:44:34.185 - [robot_6_log_20260602_144405.csv] - DEBUG - Posición actualizada por visión: x=207.47, y=58.77, θ=-1.79
2026-06-02 14:44:34.185 - [robot_6_log_20260602_144405.csv] - INFO - Posicion: 207.48, 58.75, -1.796 | Velocidad: 0.9747486460628211, -0.22330489694294
2026-06-02 14:44:34.185 - [robot_6_log_20260602_144405.csv] - DEBUG - Frecuencia: 22.93 Hz | Latencia Red/Proc: 1.52 ms
2026-06-02 14:44:34.185 - [robot_6_log_20260602_144405.csv] - INFO - None
2026-06-02 14:44:34.185 - [robot_6_log_20260602_144405.csv] - DEBUG - Incoming data. Topic 6/pos, mensaje {"x": 207.47, "y": 58.77, "yaw": -1.789, "timestamp": 1780404274.1840138}
2026-06-02 14:44:34.185 - [robot_6_log_20260602_144405.csv] - WARNING - Estado FSM: ESPERANDO_GIRO | Target Wall: None | Target Theta: 102.90° |theta: -102.90322000549585 
2026-06-02 14:44:34.185 - [robot_6_log_20260602_144405.csv] - DEBUG - Posición actualizada por visión: x=207.47, y=58.77, θ=-1.79
2026-06-02 14:44:34.195 - [robot_6_log_20260602_144405.csv] - DEBUG - Frecuencia: 96.08 Hz | Latencia Red/Proc: 11.92 ms
2026-06-02 14:44:34.207 - [robot_6_log_20260602_144405.csv] - DEBUG - Incoming data. Topic 6/pos, mensaje {"x": 207.47, "y": 58.77, "yaw": -1.789, "timestamp": 1780404274.192991}
2026-06-02 14:44:34.212 - [robot_6_log_20260602_144405.csv] - DEBUG - Posición actualizada por visión: x=207.47, y=58.77, θ=-1.79
2026-06-02 14:44:34.217 - [robot_6_log_20260602_144405.csv] - DEBUG - Frecuencia: 46.27 Hz | Latencia Red/Proc: 24.56 ms
2026-06-02 14:44:34.235 - [robot_6_log_20260602_144405.csv] - DEBUG - Incoming data. Topic 6/pos, mensaje {"x": 207.47, "y": 58.77, "yaw": -1.789, "timestamp": 1780404274.192991}
2026-06-02 14:44:34.235 - [robot_6_log_20260602_144405.csv] - INFO - Usando posición VISION: x=207.47, y=58.77, θ=-1.79
2026-06-02 14:44:34.235 - [robot_6_log_20260602_144405.csv] - INFO - Distancias a paredes: Left: 207.47, Right: 242.53, Top: 81.23, Bottom: 58.77
2026-06-02 14:44:34.235 - [robot_6_log_20260602_144405.csv] - INFO - Posicion: 207.47, 58.77, -1.789 | Velocidad: 0.9762878863315432, -0.2164762411958592
2026-06-02 14:44:34.235 - [robot_6_log_20260602_144405.csv] - INFO - None
2026-06-02 14:44:34.235 - [robot_6_log_20260602_144405.csv] - DEBUG - Posición actualizada por visión: x=207.47, y=58.77, θ=-1.79
2026-06-02 14:44:34.235 - [robot_6_log_20260602_144405.csv] - WARNING - Estado FSM: ESPERANDO_GIRO | Target Wall: None | Target Theta: 102.90° |theta: -102.50214954890427 
2026-06-02 14:44:34.235 - [robot_6_log_20260602_144405.csv] - DEBUG - Frecuencia: 55.34 Hz | Latencia Red/Proc: 42.63 ms
2026-06-02 14:44:34.285 - [robot_6_log_20260602_144405.csv] - INFO - Usando posición VISION: x=207.47, y=58.77, θ=-1.79
2026-06-02 14:44:34.285 - [robot_6_log_20260602_144405.csv] - INFO - Distancias a paredes: Left: 207.47, Right: 242.53, Top: 81.23, Bottom: 58.77
2026-06-02 14:44:34.285 - [robot_6_log_20260602_144405.csv] - INFO - Posicion: 207.47, 58.77, -1.789 | Velocidad: 0.9762878863315432, -0.2164762411958592
2026-06-02 14:44:34.285 - [robot_6_log_20260602_144405.csv] - INFO - None
2026-06-02 14:44:34.285 - [robot_6_log_20260602_144405.csv] - WARNING - Estado FSM: ESPERANDO_GIRO | Target Wall: None | Target Theta: 102.90° |theta: -102.50214954890427 
2026-06-02 14:44:34.296 - [robot_6_log_20260602_144405.csv] - DEBUG - Incoming data. Topic agent/6/wheel, mensaje {"Wleft":-4.726774527e-15,"Wright":16}
2026-06-02 14:44:34.307 - [robot_6_log_20260602_144405.csv] - DEBUG - Incoming data. Topic 6/pos, mensaje {"x": 207.47, "y": 58.78, "yaw": -1.789, "timestamp": 1780404274.2864466}
2026-06-02 14:44:34.312 - [robot_6_log_20260602_144405.csv] - DEBUG - Posición actualizada por visión: x=207.47, y=58.78, θ=-1.79
2026-06-02 14:44:34.318 - [robot_6_log_20260602_144405.csv] - DEBUG - Frecuencia: 12.07 Hz | Latencia Red/Proc: 32.03 ms
2026-06-02 14:44:34.323 - [robot_6_log_20260602_144405.csv] - DEBUG - Incoming data. Topic 6/pos, mensaje {"x": 207.47, "y": 58.78, "yaw": -1.789, "timestamp": 1780404274.2864466}
2026-06-02 14:44:34.323 - [robot_6_log_20260602_144405.csv] - DEBUG - Posición actualizada por visión: x=207.47, y=58.78, θ=-1.79
2026-06-02 14:44:34.328 - [robot_6_log_20260602_144405.csv] - DEBUG - Frecuencia: 97.15 Hz | Latencia Red/Proc: 42.32 ms
2026-06-02 14:44:34.334 - [robot_6_log_20260602_144405.csv] - DEBUG - Incoming data. Topic 6/pos, mensaje {"x": 207.47, "y": 58.78, "yaw": -1.789, "timestamp": 1780404274.295748}
2026-06-02 14:44:34.335 - [robot_6_log_20260602_144405.csv] - INFO - Usando posición VISION: x=207.47, y=58.78, θ=-1.79
2026-06-02 14:44:34.335 - [robot_6_log_20260602_144405.csv] - DEBUG - Posición actualizada por visión: x=207.47, y=58.78, θ=-1.79
2026-06-02 14:44:34.335 - [robot_6_log_20260602_144405.csv] - INFO - Distancias a paredes: Left: 207.47, Right: 242.53, Top: 81.22, Bottom: 58.78
2026-06-02 14:44:34.335 - [robot_6_log_20260602_144405.csv] - DEBUG - Frecuencia: 154.07 Hz | Latencia Red/Proc: 39.51 ms
2026-06-02 14:44:34.335 - [robot_6_log_20260602_144405.csv] - INFO - Posicion: 207.47, 58.78, -1.789 | Velocidad: 0.9762878863315432, -0.2164762411958592
2026-06-02 14:44:34.335 - [robot_6_log_20260602_144405.csv] - DEBUG - Incoming data. Topic 6/pos, mensaje {"x": 207.47, "y": 58.78, "yaw": -1.789, "timestamp": 1780404274.295748}
2026-06-02 14:44:34.335 - [robot_6_log_20260602_144405.csv] - INFO - None
2026-06-02 14:44:34.335 - [robot_6_log_20260602_144405.csv] - DEBUG - Posición actualizada por visión: x=207.47, y=58.78, θ=-1.79
2026-06-02 14:44:34.335 - [robot_6_log_20260602_144405.csv] - WARNING - Estado FSM: ESPERANDO_GIRO | Target Wall: None | Target Theta: 102.90° |theta: -102.50214954890427 
2026-06-02 14:44:34.335 - [robot_6_log_20260602_144405.csv] - DEBUG - Frecuencia: 4655.17 Hz | Latencia Red/Proc: 39.72 ms
2026-06-02 14:44:34.364 - [robot_6_log_20260602_144405.csv] - DEBUG - Incoming data. Topic agent/6/wheel, mensaje {"Wleft":-4.726774527e-15,"Wright":20}
2026-06-02 14:44:34.385 - [robot_6_log_20260602_144405.csv] - INFO - Usando posición VISION: x=207.47, y=58.78, θ=-1.79
2026-06-02 14:44:34.385 - [robot_6_log_20260602_144405.csv] - DEBUG - Incoming data. Topic 6/pos, mensaje {"x": 207.38, "y": 58.75, "yaw": -1.802, "timestamp": 1780404274.3819368}
2026-06-02 14:44:34.385 - [robot_6_log_20260602_144405.csv] - DEBUG - Posición actualizada por visión: x=207.38, y=58.75, θ=-1.80
2026-06-02 14:44:34.385 - [robot_6_log_20260602_144405.csv] - INFO - Distancias a paredes: Left: 207.47, Right: 242.53, Top: 81.22, Bottom: 58.78
2026-06-02 14:44:34.385 - [robot_6_log_20260602_144405.csv] - DEBUG - Frecuencia: 19.98 Hz | Latencia Red/Proc: 3.57 ms
2026-06-02 14:44:34.385 - [robot_6_log_20260602_144405.csv] - DEBUG - Incoming data. Topic 6/pos, mensaje {"x": 207.38, "y": 58.75, "yaw": -1.802, "timestamp": 1780404274.3819368}
2026-06-02 14:44:34.385 - [robot_6_log_20260602_144405.csv] - DEBUG - Posición actualizada por visión: x=207.38, y=58.75, θ=-1.80
2026-06-02 14:44:34.385 - [robot_6_log_20260602_144405.csv] - INFO - Posicion: 207.47, 58.78, -1.789 | Velocidad: 0.9762878863315432, -0.2164762411958592
2026-06-02 14:44:34.385 - [robot_6_log_20260602_144405.csv] - DEBUG - Frecuencia: 4080.06 Hz | Latencia Red/Proc: 3.82 ms
2026-06-02 14:44:34.385 - [robot_6_log_20260602_144405.csv] - INFO - None
2026-06-02 14:44:34.385 - [robot_6_log_20260602_144405.csv] - WARNING - Estado FSM: ESPERANDO_GIRO | Target Wall: None | Target Theta: 102.90° |theta: -102.50214954890427 
2026-06-02 14:44:34.391 - [robot_6_log_20260602_144405.csv] - DEBUG - Incoming data. Topic 6/pos, mensaje {"x": 207.38, "y": 58.75, "yaw": -1.802, "timestamp": 1780404274.3910384}
2026-06-02 14:44:34.396 - [robot_6_log_20260602_144405.csv] - DEBUG - Posición actualizada por visión: x=207.38, y=58.75, θ=-1.80
2026-06-02 14:44:34.401 - [robot_6_log_20260602_144405.csv] - DEBUG - Frecuencia: 62.49 Hz | Latencia Red/Proc: 10.72 ms
2026-06-02 14:44:34.419 - [robot_6_log_20260602_144405.csv] - DEBUG - Incoming data. Topic 6/pos, mensaje {"x": 207.38, "y": 58.75, "yaw": -1.802, "timestamp": 1780404274.3910384}
2026-06-02 14:44:34.419 - [robot_6_log_20260602_144405.csv] - DEBUG - Posición actualizada por visión: x=207.38, y=58.75, θ=-1.80
2026-06-02 14:44:34.419 - [robot_6_log_20260602_144405.csv] - DEBUG - Frecuencia: 57.07 Hz | Latencia Red/Proc: 28.24 ms
2026-06-02 14:44:34.435 - [robot_6_log_20260602_144405.csv] - INFO - Usando posición VISION: x=207.38, y=58.75, θ=-1.80
2026-06-02 14:44:34.435 - [robot_6_log_20260602_144405.csv] - INFO - Distancias a paredes: Left: 207.38, Right: 242.62, Top: 81.25, Bottom: 58.75
2026-06-02 14:44:34.435 - [robot_6_log_20260602_144405.csv] - INFO - Posicion: 207.38, 58.75, -1.802 | Velocidad: 0.9733912792971325, -0.22914933425234232
2026-06-02 14:44:34.435 - [robot_6_log_20260602_144405.csv] - INFO - None
2026-06-02 14:44:34.435 - [robot_6_log_20260602_144405.csv] - WARNING - Estado FSM: ESPERANDO_GIRO | Target Wall: None | Target Theta: 102.90° |theta: -103.24699468257435 
2026-06-02 14:44:34.485 - [robot_6_log_20260602_144405.csv] - INFO - Usando posición VISION: x=207.38, y=58.75, θ=-1.80
2026-06-02 14:44:34.485 - [robot_6_log_20260602_144405.csv] - INFO - Distancias a paredes: Left: 207.38, Right: 242.62, Top: 81.25, Bottom: 58.75
2026-06-02 14:44:34.485 - [robot_6_log_20260602_144405.csv] - INFO - Posicion: 207.38, 58.75, -1.802 | Velocidad: 0.9733912792971325, -0.22914933425234232
2026-06-02 14:44:34.485 - [robot_6_log_20260602_144405.csv] - INFO - None
2026-06-02 14:44:34.485 - [robot_6_log_20260602_144405.csv] - WARNING - Estado FSM: ESPERANDO_GIRO | Target Wall: None | Target Theta: 102.90° |theta: -103.24699468257435 
2026-06-02 14:44:34.495 - [robot_6_log_20260602_144405.csv] - DEBUG - Incoming data. Topic 6/pos, mensaje {"x": 206.56, "y": 58.53, "yaw": -1.911, "timestamp": 1780404274.4839065}
2026-06-02 14:44:34.495 - [robot_6_log_20260602_144405.csv] - DEBUG - Posición actualizada por visión: x=206.56, y=58.53, θ=-1.91
2026-06-02 14:44:34.500 - [robot_6_log_20260602_144405.csv] - DEBUG - Frecuencia: 12.25 Hz | Latencia Red/Proc: 17.03 ms
2026-06-02 14:44:34.506 - [robot_6_log_20260602_144405.csv] - DEBUG - Incoming data. Topic 6/pos, mensaje {"x": 206.56, "y": 58.53, "yaw": -1.911, "timestamp": 1780404274.4839065}
2026-06-02 14:44:34.506 - [robot_6_log_20260602_144405.csv] - DEBUG - Posición actualizada por visión: x=206.56, y=58.53, θ=-1.91
2026-06-02 14:44:34.506 - [robot_6_log_20260602_144405.csv] - DEBUG - Frecuencia: 183.74 Hz | Latencia Red/Proc: 22.47 ms
2026-06-02 14:44:34.516 - [robot_6_log_20260602_144405.csv] - DEBUG - Incoming data. Topic 6/pos, mensaje {"x": 206.56, "y": 58.53, "yaw": -1.911, "timestamp": 1780404274.4931407}
2026-06-02 14:44:34.521 - [robot_6_log_20260602_144405.csv] - DEBUG - Posición actualizada por visión: x=206.56, y=58.53, θ=-1.91
2026-06-02 14:44:34.521 - [robot_6_log_20260602_144405.csv] - DEBUG - Frecuencia: 64.08 Hz | Latencia Red/Proc: 28.84 ms
2026-06-02 14:44:34.527 - [robot_6_log_20260602_144405.csv] - DEBUG - Incoming data. Topic 6/pos, mensaje {"x": 206.56, "y": 58.53, "yaw": -1.911, "timestamp": 1780404274.4931407}
2026-06-02 14:44:34.527 - [robot_6_log_20260602_144405.csv] - DEBUG - Posición actualizada por visión: x=206.56, y=58.53, θ=-1.91
2026-06-02 14:44:34.532 - [robot_6_log_20260602_144405.csv] - DEBUG - Frecuencia: 93.45 Hz | Latencia Red/Proc: 39.54 ms
2026-06-02 14:44:34.535 - [robot_6_log_20260602_144405.csv] - INFO - Usando posición VISION: x=206.56, y=58.53, θ=-1.91
2026-06-02 14:44:34.535 - [robot_6_log_20260602_144405.csv] - INFO - Distancias a paredes: Left: 206.56, Right: 243.44, Top: 81.47, Bottom: 58.53
2026-06-02 14:44:34.535 - [robot_6_log_20260602_144405.csv] - INFO - Posicion: 206.56, 58.53, -1.911 | Velocidad: 0.9426867235898594, -0.33367909908685633
2026-06-02 14:44:34.535 - [robot_6_log_20260602_144405.csv] - INFO - None
2026-06-02 14:44:34.535 - [robot_6_log_20260602_144405.csv] - DEBUG - Incoming data. Topic agent/6/wheel, mensaje {"Wleft":2,"Wright":20}
2026-06-02 14:44:34.535 - [robot_6_log_20260602_144405.csv] - WARNING - Estado FSM: ESPERANDO_GIRO | Target Wall: None | Target Theta: 102.90° |theta: -109.49223464950032 
2026-06-02 14:44:34.565 - [robot_6_log_20260602_144405.csv] - DEBUG - Incoming data. Topic agent/6/wheel, mensaje {"Wleft":-4.618527782e-15,"Wright":20}
2026-06-02 14:44:34.585 - [robot_6_log_20260602_144405.csv] - INFO - Usando posición VISION: x=206.56, y=58.53, θ=-1.91
2026-06-02 14:44:34.585 - [robot_6_log_20260602_144405.csv] - INFO - Distancias a paredes: Left: 206.56, Right: 243.44, Top: 81.47, Bottom: 58.53
2026-06-02 14:44:34.585 - [robot_6_log_20260602_144405.csv] - INFO - Posicion: 206.56, 58.53, -1.911 | Velocidad: 0.9426867235898594, -0.33367909908685633
2026-06-02 14:44:34.585 - [robot_6_log_20260602_144405.csv] - INFO - None
2026-06-02 14:44:34.585 - [robot_6_log_20260602_144405.csv] - WARNING - Estado FSM: ESPERANDO_GIRO | Target Wall: None | Target Theta: 102.90° |theta: -109.49223464950032 
2026-06-02 14:44:34.601 - [robot_6_log_20260602_144405.csv] - DEBUG - Incoming data. Topic 6/pos, mensaje {"x": 205.06, "y": 58.4, "yaw": -2.121, "timestamp": 1780404274.5856197}
2026-06-02 14:44:34.611 - [robot_6_log_20260602_144405.csv] - DEBUG - Posición actualizada por visión: x=205.06, y=58.40, θ=-2.12
2026-06-02 14:44:34.616 - [robot_6_log_20260602_144405.csv] - DEBUG - Frecuencia: 11.91 Hz | Latencia Red/Proc: 31.01 ms
2026-06-02 14:44:34.635 - [robot_6_log_20260602_144405.csv] - INFO - Usando posición VISION: x=205.06, y=58.40, θ=-2.12
2026-06-02 14:44:34.635 - [robot_6_log_20260602_144405.csv] - DEBUG - Incoming data. Topic 6/pos, mensaje {"x": 205.06, "y": 58.4, "yaw": -2.121, "timestamp": 1780404274.5856197}
2026-06-02 14:44:34.635 - [robot_6_log_20260602_144405.csv] - INFO - Distancias a paredes: Left: 205.06, Right: 244.94, Top: 81.60, Bottom: 58.40
2026-06-02 14:44:34.635 - [robot_6_log_20260602_144405.csv] - DEBUG - Posición actualizada por visión: x=205.06, y=58.40, θ=-2.12
2026-06-02 14:44:34.635 - [robot_6_log_20260602_144405.csv] - INFO - Posicion: 205.06, 58.4, -2.121 | Velocidad: 0.8524180469945177, -0.5228608544900376
2026-06-02 14:44:34.635 - [robot_6_log_20260602_144405.csv] - DEBUG - Frecuencia: 53.34 Hz | Latencia Red/Proc: 49.76 ms
2026-06-02 14:44:34.635 - [robot_6_log_20260602_144405.csv] - INFO - None
2026-06-02 14:44:34.635 - [robot_6_log_20260602_144405.csv] - DEBUG - Incoming data. Topic 6/pos, mensaje {"x": 205.06, "y": 58.4, "yaw": -2.121, "timestamp": 1780404274.5972583}
2026-06-02 14:44:34.635 - [robot_6_log_20260602_144405.csv] - WARNING - Estado FSM: ESPERANDO_GIRO | Target Wall: None | Target Theta: 102.90° |theta: -121.52434834724761 
2026-06-02 14:44:34.635 - [robot_6_log_20260602_144405.csv] - DEBUG - Posición actualizada por visión: x=205.06, y=58.40, θ=-2.12
2026-06-02 14:44:34.640 - [robot_6_log_20260602_144405.csv] - DEBUG - Frecuencia: 188.20 Hz | Latencia Red/Proc: 43.43 ms
2026-06-02 14:44:34.640 - [robot_6_log_20260602_144405.csv] - DEBUG - Incoming data. Topic 6/pos, mensaje {"x": 205.06, "y": 58.4, "yaw": -2.121, "timestamp": 1780404274.5972583}
2026-06-02 14:44:34.640 - [robot_6_log_20260602_144405.csv] - DEBUG - Posición actualizada por visión: x=205.06, y=58.40, θ=-2.12
2026-06-02 14:44:34.640 - [robot_6_log_20260602_144405.csv] - DEBUG - Frecuencia: 13189.64 Hz | Latencia Red/Proc: 43.51 ms
2026-06-02 14:44:34.685 - [robot_6_log_20260602_144405.csv] - INFO - Usando posición VISION: x=205.06, y=58.40, θ=-2.12
2026-06-02 14:44:34.685 - [robot_6_log_20260602_144405.csv] - INFO - Distancias a paredes: Left: 205.06, Right: 244.94, Top: 81.60, Bottom: 58.40
2026-06-02 14:44:34.685 - [robot_6_log_20260602_144405.csv] - INFO - Posicion: 205.06, 58.4, -2.121 | Velocidad: 0.8524180469945177, -0.5228608544900376
2026-06-02 14:44:34.685 - [robot_6_log_20260602_144405.csv] - INFO - None
2026-06-02 14:44:34.685 - [robot_6_log_20260602_144405.csv] - WARNING - Estado FSM: ESPERANDO_GIRO | Target Wall: None | Target Theta: 102.90° |theta: -121.52434834724761 
2026-06-02 14:44:34.696 - [robot_6_log_20260602_144405.csv] - DEBUG - Incoming data. Topic 6/pos, mensaje {"x": 203.45, "y": 58.68, "yaw": -2.351, "timestamp": 1780404274.6850247}
2026-06-02 14:44:34.697 - [robot_6_log_20260602_144405.csv] - DEBUG - Posición actualizada por visión: x=203.45, y=58.68, θ=-2.35
2026-06-02 14:44:34.697 - [robot_6_log_20260602_144405.csv] - DEBUG - Frecuencia: 17.77 Hz | Latencia Red/Proc: 12.03 ms
2026-06-02 14:44:34.697 - [robot_6_log_20260602_144405.csv] - DEBUG - Incoming data. Topic 6/pos, mensaje {"x": 203.45, "y": 58.68, "yaw": -2.351, "timestamp": 1780404274.6850247}
2026-06-02 14:44:34.697 - [robot_6_log_20260602_144405.csv] - DEBUG - Posición actualizada por visión: x=203.45, y=58.68, θ=-2.35
2026-06-02 14:44:34.697 - [robot_6_log_20260602_144405.csv] - DEBUG - Frecuencia: 10230.01 Hz | Latencia Red/Proc: 12.13 ms
2026-06-02 14:44:34.702 - [robot_6_log_20260602_144405.csv] - DEBUG - Incoming data. Topic 6/pos, mensaje {"x": 203.45, "y": 58.68, "yaw": -2.351, "timestamp": 1780404274.696863}
2026-06-02 14:44:34.707 - [robot_6_log_20260602_144405.csv] - DEBUG - Posición actualizada por visión: x=203.45, y=58.68, θ=-2.35
2026-06-02 14:44:34.707 - [robot_6_log_20260602_144405.csv] - DEBUG - Frecuencia: 96.01 Hz | Latencia Red/Proc: 10.70 ms
2026-06-02 14:44:34.717 - [robot_6_log_20260602_144405.csv] - DEBUG - Incoming data. Topic 6/pos, mensaje {"x": 203.45, "y": 58.68, "yaw": -2.351, "timestamp": 1780404274.696863}
2026-06-02 14:44:34.722 - [robot_6_log_20260602_144405.csv] - DEBUG - Posición actualizada por visión: x=203.45, y=58.68, θ=-2.35
2026-06-02 14:44:34.729 - [robot_6_log_20260602_144405.csv] - DEBUG - Frecuencia: 46.23 Hz | Latencia Red/Proc: 32.34 ms
2026-06-02 14:44:34.735 - [robot_6_log_20260602_144405.csv] - INFO - Usando posición VISION: x=203.45, y=58.68, θ=-2.35
2026-06-02 14:44:34.735 - [robot_6_log_20260602_144405.csv] - INFO - Distancias a paredes: Left: 203.45, Right: 246.55, Top: 81.32, Bottom: 58.68
2026-06-02 14:44:34.735 - [robot_6_log_20260602_144405.csv] - INFO - Posicion: 203.45, 58.68, -2.351 | Velocidad: 0.710770284094543, -0.7034241986512567
2026-06-02 14:44:34.735 - [robot_6_log_20260602_144405.csv] - INFO - None
2026-06-02 14:44:34.735 - [robot_6_log_20260602_144405.csv] - WARNING - Estado FSM: ESPERANDO_GIRO | Target Wall: None | Target Theta: 102.90° |theta: -134.70237763525654 
2026-06-02 14:44:34.745 - [robot_6_log_20260602_144405.csv] - DEBUG - Incoming data. Topic agent/6/wheel, mensaje {"Wleft":0.022370599,"Wright":20}
2026-06-02 14:44:34.785 - [robot_6_log_20260602_144405.csv] - INFO - Usando posición VISION: x=203.45, y=58.68, θ=-2.35
2026-06-02 14:44:34.785 - [robot_6_log_20260602_144405.csv] - INFO - Distancias a paredes: Left: 203.45, Right: 246.55, Top: 81.32, Bottom: 58.68
2026-06-02 14:44:34.785 - [robot_6_log_20260602_144405.csv] - INFO - Posicion: 203.45, 58.68, -2.351 | Velocidad: 0.710770284094543, -0.7034241986512567
2026-06-02 14:44:34.785 - [robot_6_log_20260602_144405.csv] - INFO - None
2026-06-02 14:44:34.785 - [robot_6_log_20260602_144405.csv] - WARNING - Estado FSM: ESPERANDO_GIRO | Target Wall: None | Target Theta: 102.90° |theta: -134.70237763525654 
2026-06-02 14:44:34.796 - [robot_6_log_20260602_144405.csv] - DEBUG - Incoming data. Topic 6/pos, mensaje {"x": 201.92, "y": 59.28, "yaw": -2.591, "timestamp": 1780404274.7818382}
2026-06-02 14:44:34.806 - [robot_6_log_20260602_144405.csv] - DEBUG - Posición actualizada por visión: x=201.92, y=59.28, θ=-2.59
2026-06-02 14:44:34.812 - [robot_6_log_20260602_144405.csv] - DEBUG - Frecuencia: 12.05 Hz | Latencia Red/Proc: 30.33 ms
2026-06-02 14:44:34.817 - [robot_6_log_20260602_144405.csv] - DEBUG - Incoming data. Topic agent/6/wheel, mensaje {"Wleft":-4.618527782e-15,"Wright":20}
2026-06-02 14:44:34.829 - [robot_6_log_20260602_144405.csv] - DEBUG - Incoming data. Topic 6/pos, mensaje {"x": 201.92, "y": 59.28, "yaw": -2.591, "timestamp": 1780404274.7915406}
2026-06-02 14:44:34.829 - [robot_6_log_20260602_144405.csv] - DEBUG - Posición actualizada por visión: x=201.92, y=59.28, θ=-2.59
2026-06-02 14:44:34.834 - [robot_6_log_20260602_144405.csv] - DEBUG - Frecuencia: 45.11 Hz | Latencia Red/Proc: 42.79 ms
2026-06-02 14:44:34.834 - [robot_6_log_20260602_144405.csv] - DEBUG - Incoming data. Topic 6/pos, mensaje {"x": 201.92, "y": 59.28, "yaw": -2.591, "timestamp": 1780404274.7818382}
2026-06-02 14:44:34.835 - [robot_6_log_20260602_144405.csv] - INFO - Usando posición VISION: x=201.92, y=59.28, θ=-2.59
2026-06-02 14:44:34.835 - [robot_6_log_20260602_144405.csv] - INFO - Distancias a paredes: Left: 201.92, Right: 248.08, Top: 80.72, Bottom: 59.28
2026-06-02 14:44:34.835 - [robot_6_log_20260602_144405.csv] - DEBUG - Posición actualizada por visión: x=201.92, y=59.28, θ=-2.59
2026-06-02 14:44:34.835 - [robot_6_log_20260602_144405.csv] - INFO - Posicion: 201.92, 59.28, -2.591 | Velocidad: 0.5231923888255887, -0.852214599895457
2026-06-02 14:44:34.835 - [robot_6_log_20260602_144405.csv] - INFO - None
2026-06-02 14:44:34.835 - [robot_6_log_20260602_144405.csv] - DEBUG - Frecuencia: 909.04 Hz | Latencia Red/Proc: 53.59 ms
2026-06-02 14:44:34.835 - [robot_6_log_20260602_144405.csv] - WARNING - Estado FSM: ESPERANDO_GIRO | Target Wall: None | Target Theta: 102.90° |theta: -148.4533647183963 
2026-06-02 14:44:34.840 - [robot_6_log_20260602_144405.csv] - DEBUG - Incoming data. Topic 6/pos, mensaje {"x": 201.92, "y": 59.28, "yaw": -2.591, "timestamp": 1780404274.7915406}
2026-06-02 14:44:34.846 - [robot_6_log_20260602_144405.csv] - DEBUG - Posición actualizada por visión: x=201.92, y=59.28, θ=-2.59
2026-06-02 14:44:34.851 - [robot_6_log_20260602_144405.csv] - DEBUG - Frecuencia: 63.32 Hz | Latencia Red/Proc: 59.68 ms
2026-06-02 14:44:34.885 - [robot_6_log_20260602_144405.csv] - INFO - Usando posición VISION: x=201.92, y=59.28, θ=-2.59
2026-06-02 14:44:34.885 - [robot_6_log_20260602_144405.csv] - INFO - Distancias a paredes: Left: 201.92, Right: 248.08, Top: 80.72, Bottom: 59.28
2026-06-02 14:44:34.885 - [robot_6_log_20260602_144405.csv] - INFO - Posicion: 201.92, 59.28, -2.591 | Velocidad: 0.5231923888255887, -0.852214599895457
2026-06-02 14:44:34.885 - [robot_6_log_20260602_144405.csv] - INFO - None
2026-06-02 14:44:34.885 - [robot_6_log_20260602_144405.csv] - WARNING - Estado FSM: ESPERANDO_GIRO | Target Wall: None | Target Theta: 102.90° |theta: -148.4533647183963 
2026-06-02 14:44:34.895 - [robot_6_log_20260602_144405.csv] - DEBUG - Incoming data. Topic 6/pos, mensaje {"x": 200.43, "y": 60.24, "yaw": -2.834, "timestamp": 1780404274.8846161}
2026-06-02 14:44:34.900 - [robot_6_log_20260602_144405.csv] - DEBUG - Posición actualizada por visión: x=200.43, y=60.24, θ=-2.83
2026-06-02 14:44:34.905 - [robot_6_log_20260602_144405.csv] - DEBUG - Frecuencia: 18.32 Hz | Latencia Red/Proc: 21.19 ms
2026-06-02 14:44:34.918 - [robot_6_log_20260602_144405.csv] - DEBUG - Incoming data. Topic agent/6/wheel, mensaje {"Wleft":-4.618527782e-15,"Wright":20}
2026-06-02 14:44:34.923 - [robot_6_log_20260602_144405.csv] - DEBUG - Incoming data. Topic 6/pos, mensaje {"x": 200.43, "y": 60.24, "yaw": -2.834, "timestamp": 1780404274.8955739}
2026-06-02 14:44:34.928 - [robot_6_log_20260602_144405.csv] - DEBUG - Posición actualizada por visión: x=200.43, y=60.24, θ=-2.83
2026-06-02 14:44:34.933 - [robot_6_log_20260602_144405.csv] - DEBUG - Frecuencia: 36.11 Hz | Latencia Red/Proc: 37.92 ms
2026-06-02 14:44:34.935 - [robot_6_log_20260602_144405.csv] - INFO - Usando posición VISION: x=200.43, y=60.24, θ=-2.83
2026-06-02 14:44:34.935 - [robot_6_log_20260602_144405.csv] - DEBUG - Incoming data. Topic 6/pos, mensaje {"x": 200.43, "y": 60.24, "yaw": -2.834, "timestamp": 1780404274.8846161}
2026-06-02 14:44:34.935 - [robot_6_log_20260602_144405.csv] - INFO - Distancias a paredes: Left: 200.43, Right: 249.57, Top: 79.76, Bottom: 60.24
2026-06-02 14:44:34.935 - [robot_6_log_20260602_144405.csv] - DEBUG - Posición actualizada por visión: x=200.43, y=60.24, θ=-2.83
2026-06-02 14:44:34.935 - [robot_6_log_20260602_144405.csv] - INFO - Posicion: 200.43, 60.24, -2.834 | Velocidad: 0.30276515790176234, -0.9530651914537226
2026-06-02 14:44:34.935 - [robot_6_log_20260602_144405.csv] - DEBUG - Frecuencia: 535.67 Hz | Latencia Red/Proc: 50.75 ms
2026-06-02 14:44:34.935 - [robot_6_log_20260602_144405.csv] - INFO - None
2026-06-02 14:44:34.935 - [robot_6_log_20260602_144405.csv] - WARNING - Estado FSM: ESPERANDO_GIRO | Target Wall: None | Target Theta: 102.90° |theta: -162.3762391400753 
2026-06-02 14:44:34.941 - [robot_6_log_20260602_144405.csv] - DEBUG - Incoming data. Topic 6/pos, mensaje {"x": 200.43, "y": 60.24, "yaw": -2.834, "timestamp": 1780404274.8955739}
2026-06-02 14:44:34.946 - [robot_6_log_20260602_144405.csv] - DEBUG - Posición actualizada por visión: x=200.43, y=60.24, θ=-2.83
2026-06-02 14:44:34.951 - [robot_6_log_20260602_144405.csv] - DEBUG - Frecuencia: 61.79 Hz | Latencia Red/Proc: 55.97 ms
2026-06-02 14:44:34.985 - [robot_6_log_20260602_144405.csv] - INFO - Usando posición VISION: x=200.43, y=60.24, θ=-2.83
2026-06-02 14:44:34.985 - [robot_6_log_20260602_144405.csv] - INFO - Distancias a paredes: Left: 200.43, Right: 249.57, Top: 79.76, Bottom: 60.24
2026-06-02 14:44:34.985 - [robot_6_log_20260602_144405.csv] - INFO - Posicion: 200.43, 60.24, -2.834 | Velocidad: 0.30276515790176234, -0.9530651914537226
2026-06-02 14:44:34.985 - [robot_6_log_20260602_144405.csv] - INFO - None
2026-06-02 14:44:34.985 - [robot_6_log_20260602_144405.csv] - DEBUG - Incoming data. Topic 6/pos, mensaje {"x": 199.01, "y": 61.58, "yaw": -3.076, "timestamp": 1780404274.9842315}
2026-06-02 14:44:34.985 - [robot_6_log_20260602_144405.csv] - WARNING - Estado FSM: ESPERANDO_GIRO | Target Wall: None | Target Theta: 102.90° |theta: -162.3762391400753 
2026-06-02 14:44:34.985 - [robot_6_log_20260602_144405.csv] - DEBUG - Posición actualizada por visión: x=199.01, y=61.58, θ=-3.08
2026-06-02 14:44:34.990 - [robot_6_log_20260602_144405.csv] - DEBUG - Frecuencia: 25.50 Hz | Latencia Red/Proc: 6.54 ms
2026-06-02 14:44:34.990 - [robot_6_log_20260602_144405.csv] - DEBUG - Incoming data. Topic 6/pos, mensaje {"x": 199.01, "y": 61.58, "yaw": -3.076, "timestamp": 1780404274.9842315}
2026-06-02 14:44:34.990 - [robot_6_log_20260602_144405.csv] - DEBUG - Posición actualizada por visión: x=199.01, y=61.58, θ=-3.08
2026-06-02 14:44:34.995 - [robot_6_log_20260602_144405.csv] - DEBUG - Frecuencia: 192.58 Hz | Latencia Red/Proc: 11.73 ms
2026-06-02 14:44:34.996 - [robot_6_log_20260602_144405.csv] - DEBUG - Incoming data. Topic 6/pos, mensaje {"x": 199.01, "y": 61.58, "yaw": -3.076, "timestamp": 1780404274.994875}
2026-06-02 14:44:34.996 - [robot_6_log_20260602_144405.csv] - DEBUG - Posición actualizada por visión: x=199.01, y=61.58, θ=-3.08
2026-06-02 14:44:34.996 - [robot_6_log_20260602_144405.csv] - DEBUG - Frecuencia: 8756.38 Hz | Latencia Red/Proc: 1.20 ms
2026-06-02 14:44:34.996 - [robot_6_log_20260602_144405.csv] - DEBUG - Incoming data. Topic 6/pos, mensaje {"x": 199.01, "y": 61.58, "yaw": -3.076, "timestamp": 1780404274.994875}
2026-06-02 14:44:34.996 - [robot_6_log_20260602_144405.csv] - DEBUG - Posición actualizada por visión: x=199.01, y=61.58, θ=-3.08
2026-06-02 14:44:34.996 - [robot_6_log_20260602_144405.csv] - DEBUG - Frecuencia: 12192.74 Hz | Latencia Red/Proc: 1.28 ms
2026-06-02 14:44:35.035 - [robot_6_log_20260602_144405.csv] - INFO - Usando posición VISION: x=199.01, y=61.58, θ=-3.08
2026-06-02 14:44:35.035 - [robot_6_log_20260602_144405.csv] - INFO - Distancias a paredes: Left: 199.01, Right: 250.99, Top: 78.42, Bottom: 61.58
2026-06-02 14:44:35.035 - [robot_6_log_20260602_144405.csv] - INFO - Posicion: 199.01, 61.58, -3.076 | Velocidad: 0.06554562944277914, -0.9978495730624681
2026-06-02 14:44:35.035 - [robot_6_log_20260602_144405.csv] - INFO - None
2026-06-02 14:44:35.035 - [robot_6_log_20260602_144405.csv] - WARNING - Estado FSM: ESPERANDO_GIRO | Target Wall: None | Target Theta: 102.90° |theta: -176.24181778224124 
2026-06-02 14:44:35.041 - [robot_6_log_20260602_144405.csv] - DEBUG - Incoming data. Topic agent/6/wheel, mensaje {"Wleft":-4.618527782e-15,"Wright":20}
2026-06-02 14:44:35.083 - [robot_6_log_20260602_144405.csv] - DEBUG - Incoming data. Topic agent/6/wheel, mensaje {"Wleft":-4.618527782e-15,"Wright":20}
2026-06-02 14:44:35.085 - [robot_6_log_20260602_144405.csv] - INFO - Usando posición VISION: x=199.01, y=61.58, θ=-3.08
2026-06-02 14:44:35.085 - [robot_6_log_20260602_144405.csv] - INFO - Distancias a paredes: Left: 199.01, Right: 250.99, Top: 78.42, Bottom: 61.58
2026-06-02 14:44:35.085 - [robot_6_log_20260602_144405.csv] - INFO - Posicion: 199.01, 61.58, -3.076 | Velocidad: 0.06554562944277914, -0.9978495730624681
2026-06-02 14:44:35.085 - [robot_6_log_20260602_144405.csv] - INFO - None
2026-06-02 14:44:35.085 - [robot_6_log_20260602_144405.csv] - WARNING - Estado FSM: ESPERANDO_GIRO | Target Wall: None | Target Theta: 102.90° |theta: -176.24181778224124 
2026-06-02 14:44:35.096 - [robot_6_log_20260602_144405.csv] - DEBUG - Incoming data. Topic 6/pos, mensaje {"x": 197.69, "y": 63.35, "yaw": 2.971, "timestamp": 1780404275.0888224}
2026-06-02 14:44:35.096 - [robot_6_log_20260602_144405.csv] - DEBUG - Posición actualizada por visión: x=197.69, y=63.35, θ=2.97
2026-06-02 14:44:35.101 - [robot_6_log_20260602_144405.csv] - DEBUG - Frecuencia: 9.46 Hz | Latencia Red/Proc: 13.08 ms
2026-06-02 14:44:35.112 - [robot_6_log_20260602_144405.csv] - DEBUG - Incoming data. Topic 6/pos, mensaje {"x": 197.69, "y": 63.35, "yaw": 2.971, "timestamp": 1780404275.0888224}
2026-06-02 14:44:35.117 - [robot_6_log_20260602_144405.csv] - DEBUG - Posición actualizada por visión: x=197.69, y=63.35, θ=2.97
2026-06-02 14:44:35.122 - [robot_6_log_20260602_144405.csv] - DEBUG - Frecuencia: 48.13 Hz | Latencia Red/Proc: 33.86 ms
2026-06-02 14:44:35.122 - [robot_6_log_20260602_144405.csv] - DEBUG - Incoming data. Topic 6/pos, mensaje {"x": 197.69, "y": 63.35, "yaw": 2.971, "timestamp": 1780404275.1001823}
2026-06-02 14:44:35.122 - [robot_6_log_20260602_144405.csv] - DEBUG - Posición actualizada por visión: x=197.69, y=63.35, θ=2.97
2026-06-02 14:44:35.122 - [robot_6_log_20260602_144405.csv] - DEBUG - Frecuencia: 9532.51 Hz | Latencia Red/Proc: 22.60 ms
2026-06-02 14:44:35.122 - [robot_6_log_20260602_144405.csv] - DEBUG - Incoming data. Topic 6/pos, mensaje {"x": 197.69, "y": 63.35, "yaw": 2.971, "timestamp": 1780404275.1001823}
2026-06-02 14:44:35.122 - [robot_6_log_20260602_144405.csv] - DEBUG - Posición actualizada por visión: x=197.69, y=63.35, θ=2.97
2026-06-02 14:44:35.122 - [robot_6_log_20260602_144405.csv] - DEBUG - Frecuencia: 20867.18 Hz | Latencia Red/Proc: 22.65 ms
2026-06-02 14:44:35.135 - [robot_6_log_20260602_144405.csv] - INFO - Usando posición VISION: x=197.69, y=63.35, θ=2.97
2026-06-02 14:44:35.135 - [robot_6_log_20260602_144405.csv] - INFO - Distancias a paredes: Left: 197.69, Right: 252.31, Top: 76.65, Bottom: 63.35
2026-06-02 14:44:35.135 - [robot_6_log_20260602_144405.csv] - INFO - Posicion: 197.69, 63.35, 2.971 | Velocidad: -0.16976642967129918, -0.9854843273013832
2026-06-02 14:44:35.135 - [robot_6_log_20260602_144405.csv] - INFO - None
2026-06-02 14:44:35.135 - [robot_6_log_20260602_144405.csv] - WARNING - Estado FSM: ESPERANDO_GIRO | Target Wall: None | Target Theta: 102.90° |theta: 170.22576093336758 
2026-06-02 14:44:35.167 - [robot_6_log_20260602_144405.csv] - DEBUG - Incoming data. Topic agent/6/feedback, mensaje {"status": "done", "op": "turn"}
2026-06-02 14:44:35.177 - [robot_6_log_20260602_144405.csv] - INFO - ¡Confirmación recibida desde Arduino! Giro terminado exitosamente.
2026-06-02 14:44:35.185 - [robot_6_log_20260602_144405.csv] - INFO - Usando posición VISION: x=197.69, y=63.35, θ=2.97
2026-06-02 14:44:35.185 - [robot_6_log_20260602_144405.csv] - INFO - Distancias a paredes: Left: 197.69, Right: 252.31, Top: 76.65, Bottom: 63.35
2026-06-02 14:44:35.185 - [robot_6_log_20260602_144405.csv] - INFO - Posicion: 197.69, 63.35, 2.971 | Velocidad: -0.16976642967129918, -0.9854843273013832
2026-06-02 14:44:35.185 - [robot_6_log_20260602_144405.csv] - INFO - None
2026-06-02 14:44:35.185 - [robot_6_log_20260602_144405.csv] - WARNING - Estado FSM: AVANZA | Target Wall: None | Target Theta: 102.90° |theta: 170.22576093336758 
2026-06-02 14:44:35.190 - [robot_6_log_20260602_144405.csv] - DEBUG - Incoming data. Topic 6/pos, mensaje {"x": 196.75, "y": 65.48, "yaw": 2.742, "timestamp": 1780404275.18584}
2026-06-02 14:44:35.190 - [robot_6_log_20260602_144405.csv] - DEBUG - Posición actualizada por visión: x=196.75, y=65.48, θ=2.74
2026-06-02 14:44:35.195 - [robot_6_log_20260602_144405.csv] - DEBUG - Frecuencia: 13.71 Hz | Latencia Red/Proc: 9.91 ms
2026-06-02 14:44:35.195 - [robot_6_log_20260602_144405.csv] - DEBUG - Incoming data. Topic 6/pos, mensaje {"x": 196.75, "y": 65.48, "yaw": 2.742, "timestamp": 1780404275.18584}
2026-06-02 14:44:35.196 - [robot_6_log_20260602_144405.csv] - DEBUG - Posición actualizada por visión: x=196.75, y=65.48, θ=2.74
2026-06-02 14:44:35.196 - [robot_6_log_20260602_144405.csv] - DEBUG - Frecuencia: 2732.45 Hz | Latencia Red/Proc: 10.27 ms
2026-06-02 14:44:35.201 - [robot_6_log_20260602_144405.csv] - DEBUG - Despachado a ZMQ -> agent/6/move: {'v': 20.0, 'w': 0.0}
2026-06-02 14:44:35.206 - [robot_6_log_20260602_144405.csv] - DEBUG - Incoming data. Topic 6/pos, mensaje {"x": 196.75, "y": 65.48, "yaw": 2.742, "timestamp": 1780404275.1950426}
2026-06-02 14:44:35.211 - [robot_6_log_20260602_144405.csv] - DEBUG - Posición actualizada por visión: x=196.75, y=65.48, θ=2.74
2026-06-02 14:44:35.211 - [robot_6_log_20260602_144405.csv] - DEBUG - Frecuencia: 64.19 Hz | Latencia Red/Proc: 16.65 ms
2026-06-02 14:44:35.222 - [robot_6_log_20260602_144405.csv] - DEBUG - Incoming data. Topic 6/pos, mensaje {"x": 196.75, "y": 65.48, "yaw": 2.742, "timestamp": 1780404275.1950426}
2026-06-02 14:44:35.228 - [robot_6_log_20260602_144405.csv] - DEBUG - Posición actualizada por visión: x=196.75, y=65.48, θ=2.74
2026-06-02 14:44:35.228 - [robot_6_log_20260602_144405.csv] - DEBUG - Frecuencia: 60.91 Hz | Latencia Red/Proc: 33.07 ms
2026-06-02 14:44:35.235 - [robot_6_log_20260602_144405.csv] - INFO - Usando posición VISION: x=196.75, y=65.48, θ=2.74
2026-06-02 14:44:35.235 - [robot_6_log_20260602_144405.csv] - INFO - Distancias a paredes: Left: 196.75, Right: 253.25, Top: 74.52, Bottom: 65.48
2026-06-02 14:44:35.235 - [robot_6_log_20260602_144405.csv] - INFO - Posicion: 196.75, 65.48, 2.742 | Velocidad: -0.38904311912123185, -0.9212195457459763
2026-06-02 14:44:35.235 - [robot_6_log_20260602_144405.csv] - INFO - None
2026-06-02 14:44:35.235 - [robot_6_log_20260602_144405.csv] - WARNING - Estado FSM: AVANZA | Target Wall: None | Target Theta: 102.90° |theta: 157.10502742487174 
2026-06-02 14:44:35.241 - [robot_6_log_20260602_144405.csv] - DEBUG - Incoming data. Topic agent/6/wheel, mensaje {"Wleft":-4.618527782e-15,"Wright":20}
2026-06-02 14:44:35.256 - [robot_6_log_20260602_144405.csv] - DEBUG - Despachado a ZMQ -> agent/6/move: {'v': 20.0, 'w': 0.0}
2026-06-02 14:44:35.285 - [robot_6_log_20260602_144405.csv] - INFO - Usando posición VISION: x=196.75, y=65.48, θ=2.74
2026-06-02 14:44:35.285 - [robot_6_log_20260602_144405.csv] - INFO - Distancias a paredes: Left: 196.75, Right: 253.25, Top: 74.52, Bottom: 65.48
2026-06-02 14:44:35.285 - [robot_6_log_20260602_144405.csv] - INFO - Posicion: 196.75, 65.48, 2.742 | Velocidad: -0.38904311912123185, -0.9212195457459763
2026-06-02 14:44:35.285 - [robot_6_log_20260602_144405.csv] - INFO - None
2026-06-02 14:44:35.285 - [robot_6_log_20260602_144405.csv] - DEBUG - Incoming data. Topic 6/pos, mensaje {"x": 196.34, "y": 67.6, "yaw": 2.519, "timestamp": 1780404275.281336}
2026-06-02 14:44:35.285 - [robot_6_log_20260602_144405.csv] - DEBUG - Posición actualizada por visión: x=196.34, y=67.60, θ=2.52
2026-06-02 14:44:35.285 - [robot_6_log_20260602_144405.csv] - WARNING - Estado FSM: AVANZA | Target Wall: None | Target Theta: 102.90° |theta: 157.10502742487174 
2026-06-02 14:44:35.285 - [robot_6_log_20260602_144405.csv] - DEBUG - Frecuencia: 17.40 Hz | Latencia Red/Proc: 4.24 ms
2026-06-02 14:44:35.301 - [robot_6_log_20260602_144405.csv] - DEBUG - Despachado a ZMQ -> agent/6/move: {'v': 20.0, 'w': 0.0}
2026-06-02 14:44:35.301 - [robot_6_log_20260602_144405.csv] - DEBUG - Incoming data. Topic agent/6/wheel, mensaje {"Wleft":4.022487171,"Wright":20}
2026-06-02 14:44:35.317 - [robot_6_log_20260602_144405.csv] - DEBUG - Incoming data. Topic 6/pos, mensaje {"x": 196.34, "y": 67.6, "yaw": 2.519, "timestamp": 1780404275.2900987}
2026-06-02 14:44:35.322 - [robot_6_log_20260602_144405.csv] - DEBUG - Posición actualizada por visión: x=196.34, y=67.60, θ=2.52
2026-06-02 14:44:35.327 - [robot_6_log_20260602_144405.csv] - DEBUG - Frecuencia: 23.69 Hz | Latencia Red/Proc: 37.68 ms
2026-06-02 14:44:35.335 - [robot_6_log_20260602_144405.csv] - INFO - Usando posición VISION: x=196.34, y=67.60, θ=2.52
2026-06-02 14:44:35.335 - [robot_6_log_20260602_144405.csv] - INFO - Distancias a paredes: Left: 196.34, Right: 253.66, Top: 72.40, Bottom: 67.60
2026-06-02 14:44:35.335 - [robot_6_log_20260602_144405.csv] - INFO - Posicion: 196.34, 67.6, 2.519 | Velocidad: -0.5831433102603892, -0.8123693000714364
2026-06-02 14:44:35.335 - [robot_6_log_20260602_144405.csv] - INFO - None
2026-06-02 14:44:35.335 - [robot_6_log_20260602_144405.csv] - WARNING - Estado FSM: AVANZA | Target Wall: None | Target Theta: 102.90° |theta: 144.3280685934544 
2026-06-02 14:44:35.340 - [robot_6_log_20260602_144405.csv] - DEBUG - Incoming data. Topic 6/pos, mensaje {"x": 196.34, "y": 67.6, "yaw": 2.519, "timestamp": 1780404275.281336}
2026-06-02 14:44:35.345 - [robot_6_log_20260602_144405.csv] - DEBUG - Despachado a ZMQ -> agent/6/move: {'v': 20.0, 'w': 0.0}
2026-06-02 14:44:35.350 - [robot_6_log_20260602_144405.csv] - DEBUG - Posición actualizada por visión: x=196.34, y=67.60, θ=2.52
2026-06-02 14:44:35.350 - [robot_6_log_20260602_144405.csv] - DEBUG - Frecuencia: 43.08 Hz | Latencia Red/Proc: 69.66 ms
2026-06-02 14:44:35.351 - [robot_6_log_20260602_144405.csv] - DEBUG - Incoming data. Topic 6/pos, mensaje {"x": 196.34, "y": 67.6, "yaw": 2.519, "timestamp": 1780404275.2900987}
2026-06-02 14:44:35.351 - [robot_6_log_20260602_144405.csv] - DEBUG - Posición actualizada por visión: x=196.34, y=67.60, θ=2.52
2026-06-02 14:44:35.351 - [robot_6_log_20260602_144405.csv] - DEBUG - Frecuencia: 9754.20 Hz | Latencia Red/Proc: 61.00 ms
2026-06-02 14:44:35.381 - [robot_6_log_20260602_144405.csv] - DEBUG - Incoming data. Topic 6/pos, mensaje {"x": 196.39, "y": 69.2, "yaw": 2.327, "timestamp": 1780404275.3811927}
2026-06-02 14:44:35.381 - [robot_6_log_20260602_144405.csv] - DEBUG - Posición actualizada por visión: x=196.39, y=69.20, θ=2.33
2026-06-02 14:44:35.381 - [robot_6_log_20260602_144405.csv] - DEBUG - Frecuencia: 32.58 Hz | Latencia Red/Proc: 0.60 ms
2026-06-02 14:44:35.381 - [robot_6_log_20260602_144405.csv] - DEBUG - Incoming data. Topic 6/pos, mensaje {"x": 196.39, "y": 69.2, "yaw": 2.327, "timestamp": 1780404275.3811927}
2026-06-02 14:44:35.381 - [robot_6_log_20260602_144405.csv] - DEBUG - Posición actualizada por visión: x=196.39, y=69.20, θ=2.33
2026-06-02 14:44:35.381 - [robot_6_log_20260602_144405.csv] - DEBUG - Frecuencia: 17772.47 Hz | Latencia Red/Proc: 0.65 ms
2026-06-02 14:44:35.385 - [robot_6_log_20260602_144405.csv] - INFO - Usando posición VISION: x=196.39, y=69.20, θ=2.33
2026-06-02 14:44:35.385 - [robot_6_log_20260602_144405.csv] - INFO - Distancias a paredes: Left: 196.39, Right: 253.61, Top: 70.80, Bottom: 69.20
2026-06-02 14:44:35.385 - [robot_6_log_20260602_144405.csv] - INFO - Posicion: 196.39, 69.2, 2.327 | Velocidad: -0.7274461522031752, -0.6861647729552974
2026-06-02 14:44:35.385 - [robot_6_log_20260602_144405.csv] - INFO - None
2026-06-02 14:44:35.385 - [robot_6_log_20260602_144405.csv] - WARNING - Estado FSM: AVANZA | Target Wall: None | Target Theta: 102.90° |theta: 133.32727892694257 
2026-06-02 14:44:35.396 - [robot_6_log_20260602_144405.csv] - DEBUG - Despachado a ZMQ -> agent/6/move: {'v': 20.0, 'w': 0.0}
2026-06-02 14:44:35.401 - [robot_6_log_20260602_144405.csv] - DEBUG - Incoming data. Topic 6/pos, mensaje {"x": 196.39, "y": 69.2, "yaw": 2.327, "timestamp": 1780404275.3899615}
2026-06-02 14:44:35.413 - [robot_6_log_20260602_144405.csv] - DEBUG - Posición actualizada por visión: x=196.39, y=69.20, θ=2.33
2026-06-02 14:44:35.413 - [robot_6_log_20260602_144405.csv] - DEBUG - Frecuencia: 32.08 Hz | Latencia Red/Proc: 23.06 ms
2026-06-02 14:44:35.413 - [robot_6_log_20260602_144405.csv] - DEBUG - Incoming data. Topic agent/6/wheel, mensaje {"Wleft":4.039268479,"Wright":18.02236391}
2026-06-02 14:44:35.413 - [robot_6_log_20260602_144405.csv] - DEBUG - Incoming data. Topic 6/pos, mensaje {"x": 196.39, "y": 69.2, "yaw": 2.327, "timestamp": 1780404275.3899615}
2026-06-02 14:44:35.413 - [robot_6_log_20260602_144405.csv] - DEBUG - Posición actualizada por visión: x=196.39, y=69.20, θ=2.33
2026-06-02 14:44:35.413 - [robot_6_log_20260602_144405.csv] - DEBUG - Frecuencia: 14926.35 Hz | Latencia Red/Proc: 23.12 ms
2026-06-02 14:44:35.435 - [robot_6_log_20260602_144405.csv] - INFO - Usando posición VISION: x=196.39, y=69.20, θ=2.33
2026-06-02 14:44:35.435 - [robot_6_log_20260602_144405.csv] - INFO - Distancias a paredes: Left: 196.39, Right: 253.61, Top: 70.80, Bottom: 69.20
2026-06-02 14:44:35.435 - [robot_6_log_20260602_144405.csv] - INFO - Posicion: 196.39, 69.2, 2.327 | Velocidad: -0.7274461522031752, -0.6861647729552974
2026-06-02 14:44:35.435 - [robot_6_log_20260602_144405.csv] - INFO - None
2026-06-02 14:44:35.435 - [robot_6_log_20260602_144405.csv] - WARNING - Estado FSM: AVANZA | Target Wall: None | Target Theta: 102.90° |theta: 133.32727892694257 
2026-06-02 14:44:35.455 - [robot_6_log_20260602_144405.csv] - DEBUG - Despachado a ZMQ -> agent/6/move: {'v': 20.0, 'w': 0.0}
2026-06-02 14:44:35.485 - [robot_6_log_20260602_144405.csv] - INFO - Usando posición VISION: x=196.39, y=69.20, θ=2.33
2026-06-02 14:44:35.485 - [robot_6_log_20260602_144405.csv] - INFO - Distancias a paredes: Left: 196.39, Right: 253.61, Top: 70.80, Bottom: 69.20
2026-06-02 14:44:35.485 - [robot_6_log_20260602_144405.csv] - INFO - Posicion: 196.39, 69.2, 2.327 | Velocidad: -0.7274461522031752, -0.6861647729552974
2026-06-02 14:44:35.485 - [robot_6_log_20260602_144405.csv] - INFO - None
2026-06-02 14:44:35.485 - [robot_6_log_20260602_144405.csv] - DEBUG - Incoming data. Topic 6/pos, mensaje {"x": 196.37, "y": 70.05, "yaw": 2.195, "timestamp": 1780404275.4843385}
2026-06-02 14:44:35.485 - [robot_6_log_20260602_144405.csv] - DEBUG - Posición actualizada por visión: x=196.37, y=70.05, θ=2.19
2026-06-02 14:44:35.485 - [robot_6_log_20260602_144405.csv] - WARNING - Estado FSM: AVANZA | Target Wall: None | Target Theta: 102.90° |theta: 133.32727892694257 
2026-06-02 14:44:35.485 - [robot_6_log_20260602_144405.csv] - DEBUG - Frecuencia: 13.79 Hz | Latencia Red/Proc: 1.24 ms
2026-06-02 14:44:35.495 - [robot_6_log_20260602_144405.csv] - DEBUG - Despachado a ZMQ -> agent/6/move: {'v': 20.0, 'w': 0.0}
2026-06-02 14:44:35.511 - [robot_6_log_20260602_144405.csv] - DEBUG - Incoming data. Topic 6/pos, mensaje {"x": 196.37, "y": 70.05, "yaw": 2.195, "timestamp": 1780404275.4843385}
2026-06-02 14:44:35.533 - [robot_6_log_20260602_144405.csv] - DEBUG - Posición actualizada por visión: x=196.37, y=70.05, θ=2.19
2026-06-02 14:44:35.535 - [robot_6_log_20260602_144405.csv] - DEBUG - Frecuencia: 20.12 Hz | Latencia Red/Proc: 50.94 ms
2026-06-02 14:44:35.535 - [robot_6_log_20260602_144405.csv] - INFO - Usando posición VISION: x=196.37, y=70.05, θ=2.19
2026-06-02 14:44:35.535 - [robot_6_log_20260602_144405.csv] - DEBUG - Incoming data. Topic 6/pos, mensaje {"x": 196.37, "y": 70.05, "yaw": 2.195, "timestamp": 1780404275.4930124}
2026-06-02 14:44:35.535 - [robot_6_log_20260602_144405.csv] - DEBUG - Posición actualizada por visión: x=196.37, y=70.05, θ=2.19
2026-06-02 14:44:35.535 - [robot_6_log_20260602_144405.csv] - DEBUG - Frecuencia: 2049.00 Hz | Latencia Red/Proc: 42.75 ms
2026-06-02 14:44:35.535 - [robot_6_log_20260602_144405.csv] - INFO - Distancias a paredes: Left: 196.37, Right: 253.63, Top: 69.95, Bottom: 70.05
2026-06-02 14:44:35.535 - [robot_6_log_20260602_144405.csv] - INFO - Posicion: 196.37, 70.05, 2.195 | Velocidad: -0.8114287909614493, -0.5844512958312615
2026-06-02 14:44:35.535 - [robot_6_log_20260602_144405.csv] - INFO - None
2026-06-02 14:44:35.535 - [robot_6_log_20260602_144405.csv] - WARNING - Estado FSM: AVANZA | Target Wall: None | Target Theta: 102.90° |theta: 125.76423603121569 
2026-06-02 14:44:35.536 - [robot_6_log_20260602_144405.csv] - DEBUG - Incoming data. Topic 6/pos, mensaje {"x": 196.37, "y": 70.05, "yaw": 2.195, "timestamp": 1780404275.4930124}
2026-06-02 14:44:35.541 - [robot_6_log_20260602_144405.csv] - DEBUG - Posición actualizada por visión: x=196.37, y=70.05, θ=2.19
2026-06-02 14:44:35.546 - [robot_6_log_20260602_144405.csv] - DEBUG - Frecuencia: 93.44 Hz | Latencia Red/Proc: 53.45 ms
2026-06-02 14:44:35.551 - [robot_6_log_20260602_144405.csv] - DEBUG - Incoming data. Topic agent/6/wheel, mensaje {"Wleft":2.035885166,"Wright":0.783945742}
2026-06-02 14:44:35.567 - [robot_6_log_20260602_144405.csv] - DEBUG - Despachado a ZMQ -> agent/6/move: {'v': 20.0, 'w': 0.0}
2026-06-02 14:44:35.585 - [robot_6_log_20260602_144405.csv] - INFO - Usando posición VISION: x=196.37, y=70.05, θ=2.19
2026-06-02 14:44:35.585 - [robot_6_log_20260602_144405.csv] - DEBUG - Incoming data. Topic 6/pos, mensaje {"x": 195.86, "y": 70.26, "yaw": 2.103, "timestamp": 1780404275.582064}
2026-06-02 14:44:35.585 - [robot_6_log_20260602_144405.csv] - INFO - Distancias a paredes: Left: 196.37, Right: 253.63, Top: 69.95, Bottom: 70.05
2026-06-02 14:44:35.585 - [robot_6_log_20260602_144405.csv] - DEBUG - Posición actualizada por visión: x=195.86, y=70.26, θ=2.10
2026-06-02 14:44:35.585 - [robot_6_log_20260602_144405.csv] - INFO - Posicion: 196.37, 70.05, 2.195 | Velocidad: -0.8114287909614493, -0.5844512958312615
2026-06-02 14:44:35.585 - [robot_6_log_20260602_144405.csv] - DEBUG - Frecuencia: 25.66 Hz | Latencia Red/Proc: 3.37 ms
2026-06-02 14:44:35.585 - [robot_6_log_20260602_144405.csv] - INFO - None
2026-06-02 14:44:35.585 - [robot_6_log_20260602_144405.csv] - DEBUG - Incoming data. Topic 6/pos, mensaje {"x": 195.86, "y": 70.26, "yaw": 2.103, "timestamp": 1780404275.582064}
2026-06-02 14:44:35.585 - [robot_6_log_20260602_144405.csv] - WARNING - Estado FSM: AVANZA | Target Wall: None | Target Theta: 102.90° |theta: 125.76423603121569 
2026-06-02 14:44:35.585 - [robot_6_log_20260602_144405.csv] - DEBUG - Posición actualizada por visión: x=195.86, y=70.26, θ=2.10
2026-06-02 14:44:35.601 - [robot_6_log_20260602_144405.csv] - DEBUG - Despachado a ZMQ -> agent/6/move: {'v': 20.0, 'w': 0.0}
2026-06-02 14:44:35.601 - [robot_6_log_20260602_144405.csv] - DEBUG - Frecuencia: 63.70 Hz | Latencia Red/Proc: 19.07 ms
2026-06-02 14:44:35.633 - [robot_6_log_20260602_144405.csv] - DEBUG - Incoming data. Topic 6/pos, mensaje {"x": 195.86, "y": 70.26, "yaw": 2.103, "timestamp": 1780404275.590918}
2026-06-02 14:44:35.635 - [robot_6_log_20260602_144405.csv] - INFO - Usando posición VISION: x=195.86, y=70.26, θ=2.10
2026-06-02 14:44:35.635 - [robot_6_log_20260602_144405.csv] - DEBUG - Posición actualizada por visión: x=195.86, y=70.26, θ=2.10
2026-06-02 14:44:35.635 - [robot_6_log_20260602_144405.csv] - INFO - Distancias a paredes: Left: 195.86, Right: 254.14, Top: 69.74, Bottom: 70.26
2026-06-02 14:44:35.635 - [robot_6_log_20260602_144405.csv] - DEBUG - Frecuencia: 29.09 Hz | Latencia Red/Proc: 44.60 ms
2026-06-02 14:44:35.635 - [robot_6_log_20260602_144405.csv] - INFO - Posicion: 195.86, 70.26, 2.103 | Velocidad: -0.861690946167644, -0.507433457009597
2026-06-02 14:44:35.635 - [robot_6_log_20260602_144405.csv] - INFO - None
2026-06-02 14:44:35.635 - [robot_6_log_20260602_144405.csv] - DEBUG - Incoming data. Topic 6/pos, mensaje {"x": 195.86, "y": 70.26, "yaw": 2.103, "timestamp": 1780404275.590918}
2026-06-02 14:44:35.635 - [robot_6_log_20260602_144405.csv] - DEBUG - Posición actualizada por visión: x=195.86, y=70.26, θ=2.10
2026-06-02 14:44:35.635 - [robot_6_log_20260602_144405.csv] - DEBUG - Frecuencia: 4821.04 Hz | Latencia Red/Proc: 44.80 ms
2026-06-02 14:44:35.635 - [robot_6_log_20260602_144405.csv] - WARNING - Estado FSM: AVANZA | Target Wall: None | Target Theta: 102.90° |theta: 120.49302431601214 
2026-06-02 14:44:35.635 - [robot_6_log_20260602_144405.csv] - DEBUG - Incoming data. Topic agent/6/wheel, mensaje {"Wleft":4.044667772,"Wright":3.081775599}
2026-06-02 14:44:35.661 - [robot_6_log_20260602_144405.csv] - DEBUG - Despachado a ZMQ -> agent/6/move: {'v': 20.0, 'w': 0.0}
2026-06-02 14:44:35.685 - [robot_6_log_20260602_144405.csv] - INFO - Usando posición VISION: x=195.86, y=70.26, θ=2.10
2026-06-02 14:44:35.685 - [robot_6_log_20260602_144405.csv] - INFO - Distancias a paredes: Left: 195.86, Right: 254.14, Top: 69.74, Bottom: 70.26
2026-06-02 14:44:35.685 - [robot_6_log_20260602_144405.csv] - INFO - Posicion: 195.86, 70.26, 2.103 | Velocidad: -0.861690946167644, -0.507433457009597
2026-06-02 14:44:35.685 - [robot_6_log_20260602_144405.csv] - INFO - None
2026-06-02 14:44:35.685 - [robot_6_log_20260602_144405.csv] - WARNING - Estado FSM: AVANZA | Target Wall: None | Target Theta: 102.90° |theta: 120.49302431601214 
2026-06-02 14:44:35.690 - [robot_6_log_20260602_144405.csv] - DEBUG - Incoming data. Topic 6/pos, mensaje {"x": 195.14, "y": 70.28, "yaw": 2.044, "timestamp": 1780404275.6850843}
2026-06-02 14:44:35.690 - [robot_6_log_20260602_144405.csv] - DEBUG - Posición actualizada por visión: x=195.14, y=70.28, θ=2.04
2026-06-02 14:44:35.690 - [robot_6_log_20260602_144405.csv] - DEBUG - Despachado a ZMQ -> agent/6/move: {'v': 20.0, 'w': 0.0}
2026-06-02 14:44:35.701 - [robot_6_log_20260602_144405.csv] - DEBUG - Frecuencia: 15.32 Hz | Latencia Red/Proc: 15.92 ms
2026-06-02 14:44:35.735 - [robot_6_log_20260602_144405.csv] - INFO - Usando posición VISION: x=195.14, y=70.28, θ=2.04
2026-06-02 14:44:35.735 - [robot_6_log_20260602_144405.csv] - INFO - Distancias a paredes: Left: 195.14, Right: 254.86, Top: 69.72, Bottom: 70.28
2026-06-02 14:44:35.735 - [robot_6_log_20260602_144405.csv] - INFO - Posicion: 195.14, 70.28, 2.044 | Velocidad: -0.8901128157083308, -0.4557402498263536
2026-06-02 14:44:35.735 - [robot_6_log_20260602_144405.csv] - INFO - None
2026-06-02 14:44:35.735 - [robot_6_log_20260602_144405.csv] - WARNING - Estado FSM: AVANZA | Target Wall: None | Target Theta: 102.90° |theta: 117.11257332474027 
2026-06-02 14:44:35.745 - [robot_6_log_20260602_144405.csv] - DEBUG - Despachado a ZMQ -> agent/6/move: {'v': 20.0, 'w': 0.0}
2026-06-02 14:44:35.745 - [robot_6_log_20260602_144405.csv] - DEBUG - Incoming data. Topic 6/pos, mensaje {"x": 195.14, "y": 70.28, "yaw": 2.044, "timestamp": 1780404275.6850843}
2026-06-02 14:44:35.745 - [robot_6_log_20260602_144405.csv] - DEBUG - Posición actualizada por visión: x=195.14, y=70.28, θ=2.04
2026-06-02 14:44:35.766 - [robot_6_log_20260602_144405.csv] - DEBUG - Frecuencia: 15.24 Hz | Latencia Red/Proc: 81.54 ms
2026-06-02 14:44:35.766 - [robot_6_log_20260602_144405.csv] - DEBUG - Incoming data. Topic agent/6/wheel, mensaje {"Wleft":8.093082254,"Wright":4.470776112}
2026-06-02 14:44:35.766 - [robot_6_log_20260602_144405.csv] - DEBUG - Incoming data. Topic 6/pos, mensaje {"x": 195.14, "y": 70.28, "yaw": 2.044, "timestamp": 1780404275.6955545}
2026-06-02 14:44:35.766 - [robot_6_log_20260602_144405.csv] - DEBUG - Posición actualizada por visión: x=195.14, y=70.28, θ=2.04
2026-06-02 14:44:35.766 - [robot_6_log_20260602_144405.csv] - DEBUG - Frecuencia: 4578.93 Hz | Latencia Red/Proc: 71.28 ms
2026-06-02 14:44:35.766 - [robot_6_log_20260602_144405.csv] - DEBUG - Incoming data. Topic 6/pos, mensaje {"x": 195.14, "y": 70.28, "yaw": 2.044, "timestamp": 1780404275.6955545}
2026-06-02 14:44:35.766 - [robot_6_log_20260602_144405.csv] - DEBUG - Posición actualizada por visión: x=195.14, y=70.28, θ=2.04
2026-06-02 14:44:35.772 - [robot_6_log_20260602_144405.csv] - DEBUG - Frecuencia: 193.43 Hz | Latencia Red/Proc: 76.45 ms
2026-06-02 14:44:35.786 - [robot_6_log_20260602_144405.csv] - DEBUG - Incoming data. Topic 6/pos, mensaje {"x": 194.18, "y": 69.89, "yaw": 2.023, "timestamp": 1780404275.7813718}
2026-06-02 14:44:35.786 - [robot_6_log_20260602_144405.csv] - INFO - Usando posición VISION: x=195.14, y=70.28, θ=2.04
2026-06-02 14:44:35.786 - [robot_6_log_20260602_144405.csv] - DEBUG - Posición actualizada por visión: x=194.18, y=69.89, θ=2.02
2026-06-02 14:44:35.787 - [robot_6_log_20260602_144405.csv] - INFO - Distancias a paredes: Left: 195.14, Right: 254.86, Top: 69.72, Bottom: 70.28
2026-06-02 14:44:35.787 - [robot_6_log_20260602_144405.csv] - DEBUG - Frecuencia: 66.42 Hz | Latencia Red/Proc: 5.69 ms
2026-06-02 14:44:35.787 - [robot_6_log_20260602_144405.csv] - INFO - Posicion: 195.14, 70.28, 2.044 | Velocidad: -0.8901128157083308, -0.4557402498263536
2026-06-02 14:44:35.787 - [robot_6_log_20260602_144405.csv] - INFO - None
2026-06-02 14:44:35.787 - [robot_6_log_20260602_144405.csv] - DEBUG - Incoming data. Topic 6/pos, mensaje {"x": 194.18, "y": 69.89, "yaw": 2.023, "timestamp": 1780404275.7813718}
2026-06-02 14:44:35.787 - [robot_6_log_20260602_144405.csv] - WARNING - Estado FSM: AVANZA | Target Wall: None | Target Theta: 102.90° |theta: 117.11257332474027 
2026-06-02 14:44:35.787 - [robot_6_log_20260602_144405.csv] - DEBUG - Posición actualizada por visión: x=194.18, y=69.89, θ=2.02
2026-06-02 14:44:35.792 - [robot_6_log_20260602_144405.csv] - DEBUG - Frecuencia: 188.19 Hz | Latencia Red/Proc: 11.01 ms
2026-06-02 14:44:35.802 - [robot_6_log_20260602_144405.csv] - DEBUG - Incoming data. Topic 6/pos, mensaje {"x": 194.18, "y": 69.89, "yaw": 2.023, "timestamp": 1780404275.7903044}
2026-06-02 14:44:35.802 - [robot_6_log_20260602_144405.csv] - DEBUG - Posición actualizada por visión: x=194.18, y=69.89, θ=2.02
2026-06-02 14:44:35.807 - [robot_6_log_20260602_144405.csv] - DEBUG - Frecuencia: 64.13 Hz | Latencia Red/Proc: 17.67 ms
2026-06-02 14:44:35.813 - [robot_6_log_20260602_144405.csv] - DEBUG - Incoming data. Topic 6/pos, mensaje {"x": 194.18, "y": 69.89, "yaw": 2.023, "timestamp": 1780404275.7903044}
2026-06-02 14:44:35.813 - [robot_6_log_20260602_144405.csv] - DEBUG - Posición actualizada por visión: x=194.18, y=69.89, θ=2.02
2026-06-02 14:44:35.813 - [robot_6_log_20260602_144405.csv] - DEBUG - Frecuencia: 185.78 Hz | Latencia Red/Proc: 23.05 ms
2026-06-02 14:44:35.813 - [robot_6_log_20260602_144405.csv] - DEBUG - Despachado a ZMQ -> agent/6/move: {'v': 20.0, 'w': 0.0}
2026-06-02 14:44:35.818 - [robot_6_log_20260602_144405.csv] - DEBUG - Incoming data. Topic agent/6/wheel, mensaje {"Wleft":8.070528717,"Wright":5.151482936}
2026-06-02 14:44:35.836 - [robot_6_log_20260602_144405.csv] - INFO - Usando posición VISION: x=194.18, y=69.89, θ=2.02
2026-06-02 14:44:35.836 - [robot_6_log_20260602_144405.csv] - INFO - Distancias a paredes: Left: 194.18, Right: 255.82, Top: 70.11, Bottom: 69.89
2026-06-02 14:44:35.837 - [robot_6_log_20260602_144405.csv] - INFO - Posicion: 194.18, 69.89, 2.023 | Velocidad: -0.8994863948720674, -0.43694876752320894
2026-06-02 14:44:35.837 - [robot_6_log_20260602_144405.csv] - INFO - None
2026-06-02 14:44:35.837 - [robot_6_log_20260602_144405.csv] - WARNING - Estado FSM: AVANZA | Target Wall: None | Target Theta: 102.90° |theta: 115.90936195496555 
2026-06-02 14:44:35.848 - [robot_6_log_20260602_144405.csv] - DEBUG - Despachado a ZMQ -> agent/6/move: {'v': 20.0, 'w': 0.0}
2026-06-02 14:44:35.885 - [robot_6_log_20260602_144405.csv] - DEBUG - Incoming data. Topic 6/pos, mensaje {"x": 192.96, "y": 69.35, "yaw": 2.017, "timestamp": 1780404275.882019}
2026-06-02 14:44:35.885 - [robot_6_log_20260602_144405.csv] - DEBUG - Posición actualizada por visión: x=192.96, y=69.35, θ=2.02
2026-06-02 14:44:35.885 - [robot_6_log_20260602_144405.csv] - DEBUG - Frecuencia: 13.92 Hz | Latencia Red/Proc: 3.17 ms
2026-06-02 14:44:35.887 - [robot_6_log_20260602_144405.csv] - DEBUG - Incoming data. Topic 6/pos, mensaje {"x": 192.96, "y": 69.35, "yaw": 2.017, "timestamp": 1780404275.882019}
2026-06-02 14:44:35.887 - [robot_6_log_20260602_144405.csv] - DEBUG - Posición actualizada por visión: x=192.96, y=69.35, θ=2.02
2026-06-02 14:44:35.887 - [robot_6_log_20260602_144405.csv] - DEBUG - Frecuencia: 473.50 Hz | Latencia Red/Proc: 5.28 ms
2026-06-02 14:44:35.886 - [robot_6_log_20260602_144405.csv] - INFO - Usando posición VISION: x=192.96, y=69.35, θ=2.02
2026-06-02 14:44:35.887 - [robot_6_log_20260602_144405.csv] - INFO - Distancias a paredes: Left: 192.96, Right: 257.04, Top: 70.65, Bottom: 69.35
2026-06-02 14:44:35.887 - [robot_6_log_20260602_144405.csv] - INFO - Posicion: 192.96, 69.35, 2.017 | Velocidad: -0.9020918810405439, -0.43154401648120805
2026-06-02 14:44:35.887 - [robot_6_log_20260602_144405.csv] - INFO - None
2026-06-02 14:44:35.887 - [robot_6_log_20260602_144405.csv] - WARNING - Estado FSM: AVANZA | Target Wall: None | Target Theta: 102.90° |theta: 115.56558727788703 
2026-06-02 14:44:35.893 - [robot_6_log_20260602_144405.csv] - DEBUG - Incoming data. Topic 6/pos, mensaje {"x": 192.96, "y": 69.35, "yaw": 2.017, "timestamp": 1780404275.8924875}
2026-06-02 14:44:35.898 - [robot_6_log_20260602_144405.csv] - DEBUG - Posición actualizada por visión: x=192.96, y=69.35, θ=2.02
2026-06-02 14:44:35.903 - [robot_6_log_20260602_144405.csv] - DEBUG - Frecuencia: 60.20 Hz | Latencia Red/Proc: 11.42 ms
2026-06-02 14:44:35.903 - [robot_6_log_20260602_144405.csv] - DEBUG - Despachado a ZMQ -> agent/6/move: {'v': 20.0, 'w': 0.0}
2026-06-02 14:44:35.914 - [robot_6_log_20260602_144405.csv] - DEBUG - Incoming data. Topic 6/pos, mensaje {"x": 192.96, "y": 69.35, "yaw": 2.017, "timestamp": 1780404275.8924875}
2026-06-02 14:44:35.934 - [robot_6_log_20260602_144405.csv] - DEBUG - Posición actualizada por visión: x=192.96, y=69.35, θ=2.02
2026-06-02 14:44:35.934 - [robot_6_log_20260602_144405.csv] - DEBUG - Frecuencia: 32.42 Hz | Latencia Red/Proc: 42.27 ms
2026-06-02 14:44:35.936 - [robot_6_log_20260602_144405.csv] - INFO - Usando posición VISION: x=192.96, y=69.35, θ=2.02
2026-06-02 14:44:35.937 - [robot_6_log_20260602_144405.csv] - INFO - Distancias a paredes: Left: 192.96, Right: 257.04, Top: 70.65, Bottom: 69.35
2026-06-02 14:44:35.937 - [robot_6_log_20260602_144405.csv] - INFO - Posicion: 192.96, 69.35, 2.017 | Velocidad: -0.9020918810405439, -0.43154401648120805
2026-06-02 14:44:35.937 - [robot_6_log_20260602_144405.csv] - INFO - None
2026-06-02 14:44:35.937 - [robot_6_log_20260602_144405.csv] - WARNING - Estado FSM: AVANZA | Target Wall: None | Target Theta: 102.90° |theta: 115.56558727788703 
2026-06-02 14:44:35.943 - [robot_6_log_20260602_144405.csv] - DEBUG - Incoming data. Topic agent/6/wheel, mensaje {"Wleft":4.044599699,"Wright":5.181655585}
2026-06-02 14:44:35.959 - [robot_6_log_20260602_144405.csv] - DEBUG - Despachado a ZMQ -> agent/6/move: {'v': 20.0, 'w': 0.0}
2026-06-02 14:44:35.986 - [robot_6_log_20260602_144405.csv] - INFO - Usando posición VISION: x=192.96, y=69.35, θ=2.02
2026-06-02 14:44:35.987 - [robot_6_log_20260602_144405.csv] - DEBUG - Incoming data. Topic 6/pos, mensaje {"x": 191.82, "y": 68.69, "yaw": 2.035, "timestamp": 1780404275.982241}
2026-06-02 14:44:35.987 - [robot_6_log_20260602_144405.csv] - INFO - Distancias a paredes: Left: 192.96, Right: 257.04, Top: 70.65, Bottom: 69.35
2026-06-02 14:44:35.987 - [robot_6_log_20260602_144405.csv] - DEBUG - Posición actualizada por visión: x=191.82, y=68.69, θ=2.04
2026-06-02 14:44:35.987 - [robot_6_log_20260602_144405.csv] - INFO - Posicion: 192.96, 69.35, 2.017 | Velocidad: -0.9020918810405439, -0.43154401648120805
2026-06-02 14:44:35.987 - [robot_6_log_20260602_144405.csv] - DEBUG - Frecuencia: 19.07 Hz | Latencia Red/Proc: 4.95 ms
2026-06-02 14:44:35.987 - [robot_6_log_20260602_144405.csv] - INFO - None
2026-06-02 14:44:35.987 - [robot_6_log_20260602_144405.csv] - DEBUG - Incoming data. Topic 6/pos, mensaje {"x": 191.82, "y": 68.69, "yaw": 2.035, "timestamp": 1780404275.982241}
2026-06-02 14:44:35.987 - [robot_6_log_20260602_144405.csv] - DEBUG - Posición actualizada por visión: x=191.82, y=68.69, θ=2.04
2026-06-02 14:44:35.987 - [robot_6_log_20260602_144405.csv] - DEBUG - Frecuencia: 6808.94 Hz | Latencia Red/Proc: 5.10 ms
2026-06-02 14:44:35.987 - [robot_6_log_20260602_144405.csv] - WARNING - Estado FSM: AVANZA | Target Wall: None | Target Theta: 102.90° |theta: 115.56558727788703 
2026-06-02 14:44:35.993 - [robot_6_log_20260602_144405.csv] - DEBUG - Incoming data. Topic 6/pos, mensaje {"x": 191.82, "y": 68.69, "yaw": 2.035, "timestamp": 1780404275.9908617}
2026-06-02 14:44:35.998 - [robot_6_log_20260602_144405.csv] - DEBUG - Posición actualizada por visión: x=191.82, y=68.69, θ=2.04
2026-06-02 14:44:36.003 - [robot_6_log_20260602_144405.csv] - DEBUG - Frecuencia: 61.72 Hz | Latencia Red/Proc: 12.68 ms
2026-06-02 14:44:36.008 - [robot_6_log_20260602_144405.csv] - DEBUG - Incoming data. Topic 6/pos, mensaje {"x": 191.82, "y": 68.69, "yaw": 2.035, "timestamp": 1780404275.9908617}
2026-06-02 14:44:36.008 - [robot_6_log_20260602_144405.csv] - DEBUG - Posición actualizada por visión: x=191.82, y=68.69, θ=2.04
2026-06-02 14:44:36.008 - [robot_6_log_20260602_144405.csv] - DEBUG - Frecuencia: 193.78 Hz | Latencia Red/Proc: 17.84 ms
2026-06-02 14:44:36.018 - [robot_6_log_20260602_144405.csv] - DEBUG - Despachado a ZMQ -> agent/6/move: {'v': 20.0, 'w': 0.0}
2026-06-02 14:44:36.036 - [robot_6_log_20260602_144405.csv] - INFO - Usando posición VISION: x=191.82, y=68.69, θ=2.04
2026-06-02 14:44:36.036 - [robot_6_log_20260602_144405.csv] - INFO - Distancias a paredes: Left: 191.82, Right: 258.18, Top: 71.31, Bottom: 68.69
2026-06-02 14:44:36.037 - [robot_6_log_20260602_144405.csv] - INFO - Posicion: 191.82, 68.69, 2.035 | Velocidad: -0.8941783732588495, -0.44771088527771746
2026-06-02 14:44:36.037 - [robot_6_log_20260602_144405.csv] - INFO - None
2026-06-02 14:44:36.037 - [robot_6_log_20260602_144405.csv] - WARNING - Estado FSM: AVANZA | Target Wall: None | Target Theta: 102.90° |theta: 116.59691130912253 
2026-06-02 14:44:36.043 - [robot_6_log_20260602_144405.csv] - DEBUG - Incoming data. Topic agent/6/wheel, mensaje {"Wleft":4.052458723,"Wright":5.071373405}
2026-06-02 14:44:36.059 - [robot_6_log_20260602_144405.csv] - DEBUG - Despachado a ZMQ -> agent/6/move: {'v': 20.0, 'w': 0.0}
2026-06-02 14:44:36.082 - [robot_6_log_20260602_144405.csv] - DEBUG - Incoming data. Topic 6/pos, mensaje {"x": 190.66, "y": 67.99, "yaw": 2.056, "timestamp": 1780404276.0817943}
2026-06-02 14:44:36.086 - [robot_6_log_20260602_144405.csv] - INFO - Usando posición VISION: x=191.82, y=68.69, θ=2.04
2026-06-02 14:44:36.087 - [robot_6_log_20260602_144405.csv] - DEBUG - Posición actualizada por visión: x=190.66, y=67.99, θ=2.06
2026-06-02 14:44:36.087 - [robot_6_log_20260602_144405.csv] - INFO - Distancias a paredes: Left: 191.82, Right: 258.18, Top: 71.31, Bottom: 68.69
2026-06-02 14:44:36.087 - [robot_6_log_20260602_144405.csv] - DEBUG - Frecuencia: 12.74 Hz | Latencia Red/Proc: 5.40 ms
2026-06-02 14:44:36.087 - [robot_6_log_20260602_144405.csv] - INFO - Posicion: 191.82, 68.69, 2.035 | Velocidad: -0.8941783732588495, -0.44771088527771746
2026-06-02 14:44:36.087 - [robot_6_log_20260602_144405.csv] - DEBUG - Incoming data. Topic 6/pos, mensaje {"x": 190.66, "y": 67.99, "yaw": 2.056, "timestamp": 1780404276.0817943}
2026-06-02 14:44:36.087 - [robot_6_log_20260602_144405.csv] - INFO - None
2026-06-02 14:44:36.087 - [robot_6_log_20260602_144405.csv] - DEBUG - Posición actualizada por visión: x=190.66, y=67.99, θ=2.06
2026-06-02 14:44:36.087 - [robot_6_log_20260602_144405.csv] - WARNING - Estado FSM: AVANZA | Target Wall: None | Target Theta: 102.90° |theta: 116.59691130912253 
2026-06-02 14:44:36.087 - [robot_6_log_20260602_144405.csv] - DEBUG - Frecuencia: 3437.95 Hz | Latencia Red/Proc: 5.69 ms
2026-06-02 14:44:36.104 - [robot_6_log_20260602_144405.csv] - DEBUG - Incoming data. Topic 6/pos, mensaje {"x": 190.66, "y": 67.99, "yaw": 2.056, "timestamp": 1780404276.096388}
2026-06-02 14:44:36.104 - [robot_6_log_20260602_144405.csv] - DEBUG - Posición actualizada por visión: x=190.66, y=67.99, θ=2.06
2026-06-02 14:44:36.109 - [robot_6_log_20260602_144405.csv] - DEBUG - Frecuencia: 44.98 Hz | Latencia Red/Proc: 13.33 ms
2026-06-02 14:44:36.109 - [robot_6_log_20260602_144405.csv] - DEBUG - Despachado a ZMQ -> agent/6/move: {'v': 20.0, 'w': 0.0}
2026-06-02 14:44:36.120 - [robot_6_log_20260602_144405.csv] - DEBUG - Incoming data. Topic 6/pos, mensaje {"x": 190.66, "y": 67.99, "yaw": 2.056, "timestamp": 1780404276.096388}
2026-06-02 14:44:36.136 - [robot_6_log_20260602_144405.csv] - INFO - Usando posición VISION: x=190.66, y=67.99, θ=2.06
2026-06-02 14:44:36.137 - [robot_6_log_20260602_144405.csv] - INFO - Distancias a paredes: Left: 190.66, Right: 259.34, Top: 72.01, Bottom: 67.99
2026-06-02 14:44:36.137 - [robot_6_log_20260602_144405.csv] - INFO - Posicion: 190.66, 67.99, 2.056 | Velocidad: -0.8845799766089842, -0.46638853435997857
2026-06-02 14:44:36.137 - [robot_6_log_20260602_144405.csv] - INFO - None
2026-06-02 14:44:36.137 - [robot_6_log_20260602_144405.csv] - DEBUG - Posición actualizada por visión: x=190.66, y=67.99, θ=2.06
2026-06-02 14:44:36.137 - [robot_6_log_20260602_144405.csv] - WARNING - Estado FSM: AVANZA | Target Wall: None | Target Theta: 102.90° |theta: 117.80012267889725 
2026-06-02 14:44:36.137 - [robot_6_log_20260602_144405.csv] - DEBUG - Frecuencia: 36.13 Hz | Latencia Red/Proc: 41.01 ms
2026-06-02 14:44:36.142 - [robot_6_log_20260602_144405.csv] - DEBUG - Despachado a ZMQ -> agent/6/move: {'v': 20.0, 'w': 0.0}
2026-06-02 14:44:36.158 - [robot_6_log_20260602_144405.csv] - DEBUG - Incoming data. Topic agent/6/wheel, mensaje {"Wleft":6.047745134,"Wright":5.030917481}
2026-06-02 14:44:36.186 - [robot_6_log_20260602_144405.csv] - DEBUG - Incoming data. Topic 6/pos, mensaje {"x": 189.43, "y": 67.2, "yaw": 2.063, "timestamp": 1780404276.1824644}
2026-06-02 14:44:36.186 - [robot_6_log_20260602_144405.csv] - DEBUG - Posición actualizada por visión: x=189.43, y=67.20, θ=2.06
2026-06-02 14:44:36.186 - [robot_6_log_20260602_144405.csv] - INFO - Usando posición VISION: x=189.43, y=67.20, θ=2.06
2026-06-02 14:44:36.187 - [robot_6_log_20260602_144405.csv] - INFO - Distancias a paredes: Left: 189.43, Right: 260.57, Top: 72.80, Bottom: 67.20
2026-06-02 14:44:36.187 - [robot_6_log_20260602_144405.csv] - INFO - Posicion: 189.43, 67.2, 2.063 | Velocidad: -0.8812936114093447, -0.47256911715544314
2026-06-02 14:44:36.187 - [robot_6_log_20260602_144405.csv] - DEBUG - Frecuencia: 20.12 Hz | Latencia Red/Proc: 4.63 ms
2026-06-02 14:44:36.187 - [robot_6_log_20260602_144405.csv] - DEBUG - Incoming data. Topic 6/pos, mensaje {"x": 189.43, "y": 67.2, "yaw": 2.063, "timestamp": 1780404276.1824644}
2026-06-02 14:44:36.187 - [robot_6_log_20260602_144405.csv] - INFO - None
2026-06-02 14:44:36.187 - [robot_6_log_20260602_144405.csv] - DEBUG - Posición actualizada por visión: x=189.43, y=67.20, θ=2.06
2026-06-02 14:44:36.187 - [robot_6_log_20260602_144405.csv] - WARNING - Estado FSM: AVANZA | Target Wall: None | Target Theta: 102.90° |theta: 118.20119313548884 
2026-06-02 14:44:36.187 - [robot_6_log_20260602_144405.csv] - DEBUG - Frecuencia: 1972.86 Hz | Latencia Red/Proc: 5.14 ms
2026-06-02 14:44:36.203 - [robot_6_log_20260602_144405.csv] - DEBUG - Incoming data. Topic 6/pos, mensaje {"x": 189.43, "y": 67.2, "yaw": 2.063, "timestamp": 1780404276.194343}
2026-06-02 14:44:36.203 - [robot_6_log_20260602_144405.csv] - DEBUG - Despachado a ZMQ -> agent/6/move: {'v': 20.0, 'w': 0.0}
2026-06-02 14:44:36.213 - [robot_6_log_20260602_144405.csv] - DEBUG - Posición actualizada por visión: x=189.43, y=67.20, θ=2.06
2026-06-02 14:44:36.236 - [robot_6_log_20260602_144405.csv] - INFO - Usando posición VISION: x=189.43, y=67.20, θ=2.06
2026-06-02 14:44:36.237 - [robot_6_log_20260602_144405.csv] - INFO - Distancias a paredes: Left: 189.43, Right: 260.57, Top: 72.80, Bottom: 67.20
2026-06-02 14:44:36.237 - [robot_6_log_20260602_144405.csv] - INFO - Posicion: 189.43, 67.2, 2.063 | Velocidad: -0.8812936114093447, -0.47256911715544314
2026-06-02 14:44:36.237 - [robot_6_log_20260602_144405.csv] - INFO - None
2026-06-02 14:44:36.237 - [robot_6_log_20260602_144405.csv] - DEBUG - Frecuencia: 20.19 Hz | Latencia Red/Proc: 42.78 ms
2026-06-02 14:44:36.237 - [robot_6_log_20260602_144405.csv] - WARNING - Estado FSM: AVANZA | Target Wall: None | Target Theta: 102.90° |theta: 118.20119313548884 
2026-06-02 14:44:36.242 - [robot_6_log_20260602_144405.csv] - DEBUG - Incoming data. Topic 6/pos, mensaje {"x": 189.43, "y": 67.2, "yaw": 2.063, "timestamp": 1780404276.194343}
2026-06-02 14:44:36.247 - [robot_6_log_20260602_144405.csv] - DEBUG - Posición actualizada por visión: x=189.43, y=67.20, θ=2.06
2026-06-02 14:44:36.248 - [robot_6_log_20260602_144405.csv] - DEBUG - Despachado a ZMQ -> agent/6/move: {'v': 20.0, 'w': 0.0}
2026-06-02 14:44:36.253 - [robot_6_log_20260602_144405.csv] - DEBUG - Frecuencia: 62.23 Hz | Latencia Red/Proc: 58.85 ms
2026-06-02 14:44:36.284 - [robot_6_log_20260602_144405.csv] - DEBUG - Incoming data. Topic agent/6/wheel, mensaje {"Wleft":6.067213804,"Wright":5.122067526}
2026-06-02 14:44:36.287 - [robot_6_log_20260602_144405.csv] - DEBUG - Incoming data. Topic 6/pos, mensaje {"x": 188.18, "y": 66.37, "yaw": 2.08, "timestamp": 1780404276.2816784}
2026-06-02 14:44:36.287 - [robot_6_log_20260602_144405.csv] - DEBUG - Posición actualizada por visión: x=188.18, y=66.37, θ=2.08
2026-06-02 14:44:36.287 - [robot_6_log_20260602_144405.csv] - DEBUG - Frecuencia: 29.48 Hz | Latencia Red/Proc: 5.43 ms
2026-06-02 14:44:36.287 - [robot_6_log_20260602_144405.csv] - DEBUG - Incoming data. Topic 6/pos, mensaje {"x": 188.18, "y": 66.37, "yaw": 2.08, "timestamp": 1780404276.2816784}
2026-06-02 14:44:36.287 - [robot_6_log_20260602_144405.csv] - DEBUG - Posición actualizada por visión: x=188.18, y=66.37, θ=2.08
2026-06-02 14:44:36.287 - [robot_6_log_20260602_144405.csv] - DEBUG - Frecuencia: 24966.10 Hz | Latencia Red/Proc: 5.47 ms
2026-06-02 14:44:36.286 - [robot_6_log_20260602_144405.csv] - INFO - Usando posición VISION: x=189.43, y=67.20, θ=2.06
2026-06-02 14:44:36.287 - [robot_6_log_20260602_144405.csv] - INFO - Distancias a paredes: Left: 189.43, Right: 260.57, Top: 72.80, Bottom: 67.20
2026-06-02 14:44:36.287 - [robot_6_log_20260602_144405.csv] - INFO - Posicion: 189.43, 67.2, 2.063 | Velocidad: -0.8812936114093447, -0.47256911715544314
2026-06-02 14:44:36.287 - [robot_6_log_20260602_144405.csv] - INFO - None
2026-06-02 14:44:36.287 - [robot_6_log_20260602_144405.csv] - WARNING - Estado FSM: AVANZA | Target Wall: None | Target Theta: 102.90° |theta: 118.20119313548884 
2026-06-02 14:44:36.298 - [robot_6_log_20260602_144405.csv] - DEBUG - Incoming data. Topic 6/pos, mensaje {"x": 188.18, "y": 66.37, "yaw": 2.08, "timestamp": 1780404276.2928517}
2026-06-02 14:44:36.303 - [robot_6_log_20260602_144405.csv] - DEBUG - Despachado a ZMQ -> agent/6/move: {'v': 20.0, 'w': 0.0}
2026-06-02 14:44:36.303 - [robot_6_log_20260602_144405.csv] - DEBUG - Posición actualizada por visión: x=188.18, y=66.37, θ=2.08
2026-06-02 14:44:36.329 - [robot_6_log_20260602_144405.csv] - DEBUG - Frecuencia: 23.77 Hz | Latencia Red/Proc: 36.37 ms
2026-06-02 14:44:36.337 - [robot_6_log_20260602_144405.csv] - DEBUG - Incoming data. Topic 6/pos, mensaje {"x": 188.18, "y": 66.37, "yaw": 2.08, "timestamp": 1780404276.2928517}
2026-06-02 14:44:36.337 - [robot_6_log_20260602_144405.csv] - DEBUG - Posición actualizada por visión: x=188.18, y=66.37, θ=2.08
2026-06-02 14:44:36.337 - [robot_6_log_20260602_144405.csv] - DEBUG - Frecuencia: 124.76 Hz | Latencia Red/Proc: 44.38 ms
2026-06-02 14:44:36.336 - [robot_6_log_20260602_144405.csv] - INFO - Usando posición VISION: x=188.18, y=66.37, θ=2.08
2026-06-02 14:44:36.337 - [robot_6_log_20260602_144405.csv] - INFO - Distancias a paredes: Left: 188.18, Right: 261.82, Top: 73.63, Bottom: 66.37
2026-06-02 14:44:36.337 - [robot_6_log_20260602_144405.csv] - INFO - Posicion: 188.18, 66.37, 2.08 | Velocidad: -0.8731329795075164, -0.4874821023343594
2026-06-02 14:44:36.337 - [robot_6_log_20260602_144405.csv] - INFO - None
2026-06-02 14:44:36.337 - [robot_6_log_20260602_144405.csv] - WARNING - Estado FSM: AVANZA | Target Wall: None | Target Theta: 102.90° |theta: 119.17522138721124 
2026-06-02 14:44:36.348 - [robot_6_log_20260602_144405.csv] - DEBUG - Despachado a ZMQ -> agent/6/move: {'v': 20.0, 'w': 0.0}
2026-06-02 14:44:36.363 - [robot_6_log_20260602_144405.csv] - DEBUG - Incoming data. Topic agent/6/wheel, mensaje {"Wleft":4.068619979,"Wright":5.236884928}
2026-06-02 14:44:36.386 - [robot_6_log_20260602_144405.csv] - INFO - Usando posición VISION: x=188.18, y=66.37, θ=2.08
2026-06-02 14:44:36.387 - [robot_6_log_20260602_144405.csv] - INFO - Distancias a paredes: Left: 188.18, Right: 261.82, Top: 73.63, Bottom: 66.37
2026-06-02 14:44:36.387 - [robot_6_log_20260602_144405.csv] - INFO - Posicion: 188.18, 66.37, 2.08 | Velocidad: -0.8731329795075164, -0.4874821023343594
2026-06-02 14:44:36.387 - [robot_6_log_20260602_144405.csv] - INFO - None
2026-06-02 14:44:36.387 - [robot_6_log_20260602_144405.csv] - WARNING - Estado FSM: AVANZA | Target Wall: None | Target Theta: 102.90° |theta: 119.17522138721124 
2026-06-02 14:44:36.397 - [robot_6_log_20260602_144405.csv] - DEBUG - Despachado a ZMQ -> agent/6/move: {'v': 20.0, 'w': 0.0}
2026-06-02 14:44:36.402 - [robot_6_log_20260602_144405.csv] - DEBUG - Incoming data. Topic 6/pos, mensaje {"x": 186.86, "y": 65.54, "yaw": 2.085, "timestamp": 1780404276.3830435}
2026-06-02 14:44:36.436 - [robot_6_log_20260602_144405.csv] - INFO - Usando posición VISION: x=188.18, y=66.37, θ=2.08
2026-06-02 14:44:36.437 - [robot_6_log_20260602_144405.csv] - INFO - Distancias a paredes: Left: 188.18, Right: 261.82, Top: 73.63, Bottom: 66.37
2026-06-02 14:44:36.437 - [robot_6_log_20260602_144405.csv] - INFO - Posicion: 188.18, 66.37, 2.08 | Velocidad: -0.8731329795075164, -0.4874821023343594
2026-06-02 14:44:36.437 - [robot_6_log_20260602_144405.csv] - INFO - None
2026-06-02 14:44:36.437 - [robot_6_log_20260602_144405.csv] - DEBUG - Posición actualizada por visión: x=186.86, y=65.54, θ=2.08
2026-06-02 14:44:36.437 - [robot_6_log_20260602_144405.csv] - WARNING - Estado FSM: AVANZA | Target Wall: None | Target Theta: 102.90° |theta: 119.17522138721124 
2026-06-02 14:44:36.437 - [robot_6_log_20260602_144405.csv] - DEBUG - Frecuencia: 9.99 Hz | Latencia Red/Proc: 54.33 ms
2026-06-02 14:44:36.452 - [robot_6_log_20260602_144405.csv] - DEBUG - Despachado a ZMQ -> agent/6/move: {'v': 20.0, 'w': 0.0}
2026-06-02 14:44:36.457 - [robot_6_log_20260602_144405.csv] - DEBUG - Incoming data. Topic 6/pos, mensaje {"x": 186.86, "y": 65.54, "yaw": 2.085, "timestamp": 1780404276.3830435}
2026-06-02 14:44:36.463 - [robot_6_log_20260602_144405.csv] - DEBUG - Posición actualizada por visión: x=186.86, y=65.54, θ=2.08
2026-06-02 14:44:36.468 - [robot_6_log_20260602_144405.csv] - DEBUG - Frecuencia: 32.39 Hz | Latencia Red/Proc: 85.21 ms
2026-06-02 14:44:36.479 - [robot_6_log_20260602_144405.csv] - DEBUG - Incoming data. Topic 6/pos, mensaje {"x": 186.86, "y": 65.54, "yaw": 2.085, "timestamp": 1780404276.3916914}
2026-06-02 14:44:36.485 - [robot_6_log_20260602_144405.csv] - DEBUG - Posición actualizada por visión: x=186.86, y=65.54, θ=2.08
2026-06-02 14:44:36.485 - [robot_6_log_20260602_144405.csv] - DEBUG - Frecuencia: 58.88 Hz | Latencia Red/Proc: 93.55 ms
2026-06-02 14:44:36.486 - [robot_6_log_20260602_144405.csv] - INFO - Usando posición VISION: x=186.86, y=65.54, θ=2.08
2026-06-02 14:44:36.487 - [robot_6_log_20260602_144405.csv] - INFO - Distancias a paredes: Left: 186.86, Right: 263.14, Top: 74.46, Bottom: 65.54
2026-06-02 14:44:36.487 - [robot_6_log_20260602_144405.csv] - DEBUG - Incoming data. Topic 6/pos, mensaje {"x": 186.86, "y": 65.54, "yaw": 2.085, "timestamp": 1780404276.3916914}
2026-06-02 14:44:36.487 - [robot_6_log_20260602_144405.csv] - INFO - Posicion: 186.86, 65.54, 2.085 | Velocidad: -0.8706846650122031, -0.49184165552806486
2026-06-02 14:44:36.487 - [robot_6_log_20260602_144405.csv] - INFO - None
2026-06-02 14:44:36.487 - [robot_6_log_20260602_144405.csv] - DEBUG - Posición actualizada por visión: x=186.86, y=65.54, θ=2.08
2026-06-02 14:44:36.487 - [robot_6_log_20260602_144405.csv] - DEBUG - Frecuencia: 456.65 Hz | Latencia Red/Proc: 95.74 ms
2026-06-02 14:44:36.487 - [robot_6_log_20260602_144405.csv] - WARNING - Estado FSM: AVANZA | Target Wall: None | Target Theta: 102.90° |theta: 119.46170028477664 
2026-06-02 14:44:36.487 - [robot_6_log_20260602_144405.csv] - DEBUG - Incoming data. Topic agent/6/wheel, mensaje {"Wleft":8.067762282,"Wright":5.419676396}
2026-06-02 14:44:36.497 - [robot_6_log_20260602_144405.csv] - DEBUG - Despachado a ZMQ -> agent/6/move: {'v': 20.0, 'w': 0.0}
2026-06-02 14:44:36.507 - [robot_6_log_20260602_144405.csv] - DEBUG - Incoming data. Topic 6/pos, mensaje {"x": 185.56, "y": 64.7, "yaw": 2.094, "timestamp": 1780404276.4819705}
2026-06-02 14:44:36.508 - [robot_6_log_20260602_144405.csv] - DEBUG - Posición actualizada por visión: x=185.56, y=64.70, θ=2.09
2026-06-02 14:44:36.508 - [robot_6_log_20260602_144405.csv] - DEBUG - Frecuencia: 48.47 Hz | Latencia Red/Proc: 26.09 ms
2026-06-02 14:44:36.508 - [robot_6_log_20260602_144405.csv] - DEBUG - Incoming data. Topic 6/pos, mensaje {"x": 185.56, "y": 64.7, "yaw": 2.094, "timestamp": 1780404276.4819705}
2026-06-02 14:44:36.508 - [robot_6_log_20260602_144405.csv] - DEBUG - Posición actualizada por visión: x=185.56, y=64.70, θ=2.09
2026-06-02 14:44:36.508 - [robot_6_log_20260602_144405.csv] - DEBUG - Frecuencia: 21399.51 Hz | Latencia Red/Proc: 26.14 ms
2026-06-02 14:44:36.508 - [robot_6_log_20260602_144405.csv] - DEBUG - Incoming data. Topic 6/pos, mensaje {"x": 185.56, "y": 64.7, "yaw": 2.094, "timestamp": 1780404276.490961}
2026-06-02 14:44:36.508 - [robot_6_log_20260602_144405.csv] - DEBUG - Posición actualizada por visión: x=185.56, y=64.70, θ=2.09
2026-06-02 14:44:36.508 - [robot_6_log_20260602_144405.csv] - DEBUG - Frecuencia: 30840.47 Hz | Latencia Red/Proc: 17.18 ms
2026-06-02 14:44:36.518 - [robot_6_log_20260602_144405.csv] - DEBUG - Incoming data. Topic 6/pos, mensaje {"x": 185.56, "y": 64.7, "yaw": 2.094, "timestamp": 1780404276.490961}
2026-06-02 14:44:36.518 - [robot_6_log_20260602_144405.csv] - DEBUG - Posición actualizada por visión: x=185.56, y=64.70, θ=2.09
2026-06-02 14:44:36.518 - [robot_6_log_20260602_144405.csv] - DEBUG - Frecuencia: 98.30 Hz | Latencia Red/Proc: 27.35 ms
2026-06-02 14:44:36.536 - [robot_6_log_20260602_144405.csv] - INFO - Usando posición VISION: x=185.56, y=64.70, θ=2.09
2026-06-02 14:44:36.537 - [robot_6_log_20260602_144405.csv] - INFO - Distancias a paredes: Left: 185.56, Right: 264.44, Top: 75.30, Bottom: 64.70
2026-06-02 14:44:36.537 - [robot_6_log_20260602_144405.csv] - INFO - Posicion: 185.56, 64.7, 2.094 | Velocidad: -0.8662228873800595, -0.4996577922728242
2026-06-02 14:44:36.537 - [robot_6_log_20260602_144405.csv] - INFO - None
2026-06-02 14:44:36.537 - [robot_6_log_20260602_144405.csv] - WARNING - Estado FSM: AVANZA | Target Wall: None | Target Theta: 102.90° |theta: 119.97736230039438 
2026-06-02 14:44:36.542 - [robot_6_log_20260602_144405.csv] - DEBUG - Incoming data. Topic agent/6/wheel, mensaje {"Wleft":4.039511636,"Wright":5.69101223}
2026-06-02 14:44:36.542 - [robot_6_log_20260602_144405.csv] - DEBUG - Despachado a ZMQ -> agent/6/move: {'v': 20.0, 'w': 0.0}
2026-06-02 14:44:36.585 - [robot_6_log_20260602_144405.csv] - DEBUG - Incoming data. Topic 6/pos, mensaje {"x": 184.25, "y": 63.79, "yaw": 2.114, "timestamp": 1780404276.582671}
2026-06-02 14:44:36.585 - [robot_6_log_20260602_144405.csv] - DEBUG - Posición actualizada por visión: x=184.25, y=63.79, θ=2.11
2026-06-02 14:44:36.585 - [robot_6_log_20260602_144405.csv] - DEBUG - Frecuencia: 14.82 Hz | Latencia Red/Proc: 3.12 ms
2026-06-02 14:44:36.585 - [robot_6_log_20260602_144405.csv] - DEBUG - Incoming data. Topic 6/pos, mensaje {"x": 184.25, "y": 63.79, "yaw": 2.114, "timestamp": 1780404276.582671}
2026-06-02 14:44:36.585 - [robot_6_log_20260602_144405.csv] - DEBUG - Posición actualizada por visión: x=184.25, y=63.79, θ=2.11
2026-06-02 14:44:36.585 - [robot_6_log_20260602_144405.csv] - DEBUG - Frecuencia: 6278.90 Hz | Latencia Red/Proc: 3.28 ms
2026-06-02 14:44:36.586 - [robot_6_log_20260602_144405.csv] - INFO - Usando posición VISION: x=184.25, y=63.79, θ=2.11
2026-06-02 14:44:36.587 - [robot_6_log_20260602_144405.csv] - INFO - Distancias a paredes: Left: 184.25, Right: 265.75, Top: 76.21, Bottom: 63.79
2026-06-02 14:44:36.587 - [robot_6_log_20260602_144405.csv] - INFO - Posicion: 184.25, 63.79, 2.114 | Velocidad: -0.8560571589289349, -0.5168811668522276
2026-06-02 14:44:36.587 - [robot_6_log_20260602_144405.csv] - INFO - None
2026-06-02 14:44:36.587 - [robot_6_log_20260602_144405.csv] - WARNING - Estado FSM: AVANZA | Target Wall: None | Target Theta: 102.90° |theta: 121.12327789065603 
2026-06-02 14:44:36.597 - [robot_6_log_20260602_144405.csv] - DEBUG - Despachado a ZMQ -> agent/6/move: {'v': 20.0, 'w': 0.0}
2026-06-02 14:44:36.597 - [robot_6_log_20260602_144405.csv] - DEBUG - Incoming data. Topic 6/pos, mensaje {"x": 184.25, "y": 63.79, "yaw": 2.114, "timestamp": 1780404276.5942059}
2026-06-02 14:44:36.618 - [robot_6_log_20260602_144405.csv] - DEBUG - Posición actualizada por visión: x=184.25, y=63.79, θ=2.11
2026-06-02 14:44:36.624 - [robot_6_log_20260602_144405.csv] - DEBUG - Frecuencia: 25.62 Hz | Latencia Red/Proc: 30.78 ms
2026-06-02 14:44:36.636 - [robot_6_log_20260602_144405.csv] - DEBUG - Incoming data. Topic 6/pos, mensaje {"x": 184.25, "y": 63.79, "yaw": 2.114, "timestamp": 1780404276.5942059}
2026-06-02 14:44:36.636 - [robot_6_log_20260602_144405.csv] - INFO - Usando posición VISION: x=184.25, y=63.79, θ=2.11
2026-06-02 14:44:36.637 - [robot_6_log_20260602_144405.csv] - DEBUG - Posición actualizada por visión: x=184.25, y=63.79, θ=2.11
2026-06-02 14:44:36.637 - [robot_6_log_20260602_144405.csv] - INFO - Distancias a paredes: Left: 184.25, Right: 265.75, Top: 76.21, Bottom: 63.79
2026-06-02 14:44:36.637 - [robot_6_log_20260602_144405.csv] - DEBUG - Frecuencia: 82.84 Hz | Latencia Red/Proc: 42.85 ms
2026-06-02 14:44:36.637 - [robot_6_log_20260602_144405.csv] - INFO - Posicion: 184.25, 63.79, 2.114 | Velocidad: -0.8560571589289349, -0.5168811668522276
2026-06-02 14:44:36.637 - [robot_6_log_20260602_144405.csv] - DEBUG - Incoming data. Topic agent/6/wheel, mensaje {"Wleft":8.103257287,"Wright":5.867057946}
2026-06-02 14:44:36.637 - [robot_6_log_20260602_144405.csv] - INFO - None
2026-06-02 14:44:36.637 - [robot_6_log_20260602_144405.csv] - WARNING - Estado FSM: AVANZA | Target Wall: None | Target Theta: 102.90° |theta: 121.12327789065603 
2026-06-02 14:44:36.657 - [robot_6_log_20260602_144405.csv] - DEBUG - Despachado a ZMQ -> agent/6/move: {'v': 20.0, 'w': 0.0}
2026-06-02 14:44:36.686 - [robot_6_log_20260602_144405.csv] - INFO - Usando posición VISION: x=184.25, y=63.79, θ=2.11
2026-06-02 14:44:36.687 - [robot_6_log_20260602_144405.csv] - INFO - Distancias a paredes: Left: 184.25, Right: 265.75, Top: 76.21, Bottom: 63.79
2026-06-02 14:44:36.687 - [robot_6_log_20260602_144405.csv] - INFO - Posicion: 184.25, 63.79, 2.114 | Velocidad: -0.8560571589289349, -0.5168811668522276
2026-06-02 14:44:36.687 - [robot_6_log_20260602_144405.csv] - INFO - None
2026-06-02 14:44:36.687 - [robot_6_log_20260602_144405.csv] - DEBUG - Incoming data. Topic 6/pos, mensaje {"x": 182.99, "y": 62.89, "yaw": 2.135, "timestamp": 1780404276.6854327}
2026-06-02 14:44:36.687 - [robot_6_log_20260602_144405.csv] - WARNING - Estado FSM: AVANZA | Target Wall: None | Target Theta: 102.90° |theta: 121.12327789065603 
2026-06-02 14:44:36.687 - [robot_6_log_20260602_144405.csv] - DEBUG - Posición actualizada por visión: x=182.99, y=62.89, θ=2.13
2026-06-02 14:44:36.697 - [robot_6_log_20260602_144405.csv] - DEBUG - Frecuencia: 16.55 Hz | Latencia Red/Proc: 12.03 ms
2026-06-02 14:44:36.697 - [robot_6_log_20260602_144405.csv] - DEBUG - Despachado a ZMQ -> agent/6/move: {'v': 20.0, 'w': 0.0}
2026-06-02 14:44:36.712 - [robot_6_log_20260602_144405.csv] - DEBUG - Incoming data. Topic 6/pos, mensaje {"x": 182.99, "y": 62.89, "yaw": 2.135, "timestamp": 1780404276.6854327}
2026-06-02 14:44:36.729 - [robot_6_log_20260602_144405.csv] - DEBUG - Posición actualizada por visión: x=182.99, y=62.89, θ=2.13
2026-06-02 14:44:36.734 - [robot_6_log_20260602_144405.csv] - DEBUG - Frecuencia: 27.06 Hz | Latencia Red/Proc: 48.98 ms
2026-06-02 14:44:36.736 - [robot_6_log_20260602_144405.csv] - INFO - Usando posición VISION: x=182.99, y=62.89, θ=2.13
2026-06-02 14:44:36.736 - [robot_6_log_20260602_144405.csv] - DEBUG - Incoming data. Topic 6/pos, mensaje {"x": 182.99, "y": 62.89, "yaw": 2.135, "timestamp": 1780404276.6971881}
2026-06-02 14:44:36.737 - [robot_6_log_20260602_144405.csv] - DEBUG - Posición actualizada por visión: x=182.99, y=62.89, θ=2.13
2026-06-02 14:44:36.737 - [robot_6_log_20260602_144405.csv] - DEBUG - Frecuencia: 352.64 Hz | Latencia Red/Proc: 40.06 ms
2026-06-02 14:44:36.737 - [robot_6_log_20260602_144405.csv] - DEBUG - Incoming data. Topic 6/pos, mensaje {"x": 182.99, "y": 62.89, "yaw": 2.135, "timestamp": 1780404276.6971881}
2026-06-02 14:44:36.737 - [robot_6_log_20260602_144405.csv] - DEBUG - Posición actualizada por visión: x=182.99, y=62.89, θ=2.13
2026-06-02 14:44:36.737 - [robot_6_log_20260602_144405.csv] - DEBUG - Frecuencia: 24818.37 Hz | Latencia Red/Proc: 40.10 ms
2026-06-02 14:44:36.737 - [robot_6_log_20260602_144405.csv] - INFO - Distancias a paredes: Left: 182.99, Right: 267.01, Top: 77.11, Bottom: 62.89
2026-06-02 14:44:36.737 - [robot_6_log_20260602_144405.csv] - INFO - Posicion: 182.99, 62.89, 2.135 | Velocidad: -0.8450146985468341, -0.5347430777857747
2026-06-02 14:44:36.737 - [robot_6_log_20260602_144405.csv] - INFO - None
2026-06-02 14:44:36.737 - [robot_6_log_20260602_144405.csv] - WARNING - Estado FSM: AVANZA | Target Wall: None | Target Theta: 102.90° |theta: 122.32648926043075 
2026-06-02 14:44:36.759 - [robot_6_log_20260602_144405.csv] - DEBUG - Despachado a ZMQ -> agent/6/move: {'v': 20.0, 'w': 0.0}
2026-06-02 14:44:36.776 - [robot_6_log_20260602_144405.csv] - DEBUG - Incoming data. Topic agent/6/wheel, mensaje {"Wleft":6.033999853,"Wright":6.141792401}
2026-06-02 14:44:36.786 - [robot_6_log_20260602_144405.csv] - INFO - Usando posición VISION: x=182.99, y=62.89, θ=2.13
2026-06-02 14:44:36.787 - [robot_6_log_20260602_144405.csv] - INFO - Distancias a paredes: Left: 182.99, Right: 267.01, Top: 77.11, Bottom: 62.89
2026-06-02 14:44:36.787 - [robot_6_log_20260602_144405.csv] - INFO - Posicion: 182.99, 62.89, 2.135 | Velocidad: -0.8450146985468341, -0.5347430777857747
2026-06-02 14:44:36.787 - [robot_6_log_20260602_144405.csv] - INFO - None
2026-06-02 14:44:36.787 - [robot_6_log_20260602_144405.csv] - DEBUG - Incoming data. Topic 6/pos, mensaje {"x": 181.8, "y": 61.93, "yaw": 2.162, "timestamp": 1780404276.7826073}
2026-06-02 14:44:36.787 - [robot_6_log_20260602_144405.csv] - DEBUG - Posición actualizada por visión: x=181.80, y=61.93, θ=2.16
2026-06-02 14:44:36.787 - [robot_6_log_20260602_144405.csv] - DEBUG - Frecuencia: 19.95 Hz | Latencia Red/Proc: 4.81 ms
2026-06-02 14:44:36.787 - [robot_6_log_20260602_144405.csv] - DEBUG - Incoming data. Topic 6/pos, mensaje {"x": 181.8, "y": 61.93, "yaw": 2.162, "timestamp": 1780404276.7826073}
2026-06-02 14:44:36.787 - [robot_6_log_20260602_144405.csv] - DEBUG - Posición actualizada por visión: x=181.80, y=61.93, θ=2.16
2026-06-02 14:44:36.787 - [robot_6_log_20260602_144405.csv] - DEBUG - Frecuencia: 22550.02 Hz | Latencia Red/Proc: 4.85 ms
2026-06-02 14:44:36.787 - [robot_6_log_20260602_144405.csv] - WARNING - Estado FSM: AVANZA | Target Wall: None | Target Theta: 102.90° |theta: 122.32648926043075 
2026-06-02 14:44:36.792 - [robot_6_log_20260602_144405.csv] - DEBUG - Despachado a ZMQ -> agent/6/move: {'v': 20.0, 'w': 0.0}
2026-06-02 14:44:36.798 - [robot_6_log_20260602_144405.csv] - DEBUG - Incoming data. Topic 6/pos, mensaje {"x": 181.8, "y": 61.93, "yaw": 2.162, "timestamp": 1780404276.7937415}
2026-06-02 14:44:36.804 - [robot_6_log_20260602_144405.csv] - DEBUG - Posición actualizada por visión: x=181.80, y=61.93, θ=2.16
2026-06-02 14:44:36.809 - [robot_6_log_20260602_144405.csv] - DEBUG - Frecuencia: 45.58 Hz | Latencia Red/Proc: 15.66 ms
2026-06-02 14:44:36.826 - [robot_6_log_20260602_144405.csv] - DEBUG - Incoming data. Topic 6/pos, mensaje {"x": 181.8, "y": 61.93, "yaw": 2.162, "timestamp": 1780404276.7937415}
2026-06-02 14:44:36.831 - [robot_6_log_20260602_144405.csv] - DEBUG - Posición actualizada por visión: x=181.80, y=61.93, θ=2.16
2026-06-02 14:44:36.836 - [robot_6_log_20260602_144405.csv] - DEBUG - Frecuencia: 36.92 Hz | Latencia Red/Proc: 42.74 ms
2026-06-02 14:44:36.836 - [robot_6_log_20260602_144405.csv] - INFO - Usando posición VISION: x=181.80, y=61.93, θ=2.16
2026-06-02 14:44:36.837 - [robot_6_log_20260602_144405.csv] - INFO - Distancias a paredes: Left: 181.80, Right: 268.20, Top: 78.07, Bottom: 61.93
2026-06-02 14:44:36.837 - [robot_6_log_20260602_144405.csv] - INFO - Posicion: 181.8, 61.93, 2.162 | Velocidad: -0.8302704004607467, -0.5573608006657368
2026-06-02 14:44:36.837 - [robot_6_log_20260602_144405.csv] - INFO - None
2026-06-02 14:44:36.837 - [robot_6_log_20260602_144405.csv] - WARNING - Estado FSM: AVANZA | Target Wall: None | Target Theta: 102.90° |theta: 123.87347530728398 
2026-06-02 14:44:36.847 - [robot_6_log_20260602_144405.csv] - DEBUG - Incoming data. Topic agent/6/wheel, mensaje {"Wleft":4.043312297,"Wright":6.243568671}
2026-06-02 14:44:36.847 - [robot_6_log_20260602_144405.csv] - DEBUG - Despachado a ZMQ -> agent/6/move: {'v': 20.0, 'w': 0.0}
2026-06-02 14:44:36.886 - [robot_6_log_20260602_144405.csv] - INFO - Usando posición VISION: x=181.80, y=61.93, θ=2.16
2026-06-02 14:44:36.887 - [robot_6_log_20260602_144405.csv] - INFO - Distancias a paredes: Left: 181.80, Right: 268.20, Top: 78.07, Bottom: 61.93
2026-06-02 14:44:36.887 - [robot_6_log_20260602_144405.csv] - INFO - Posicion: 181.8, 61.93, 2.162 | Velocidad: -0.8302704004607467, -0.5573608006657368
2026-06-02 14:44:36.887 - [robot_6_log_20260602_144405.csv] - INFO - None
2026-06-02 14:44:36.887 - [robot_6_log_20260602_144405.csv] - DEBUG - Incoming data. Topic 6/pos, mensaje {"x": 180.62, "y": 60.93, "yaw": 2.196, "timestamp": 1780404276.882868}
2026-06-02 14:44:36.887 - [robot_6_log_20260602_144405.csv] - DEBUG - Posición actualizada por visión: x=180.62, y=60.93, θ=2.20
2026-06-02 14:44:36.887 - [robot_6_log_20260602_144405.csv] - WARNING - Estado FSM: AVANZA | Target Wall: None | Target Theta: 102.90° |theta: 123.87347530728398 
2026-06-02 14:44:36.887 - [robot_6_log_20260602_144405.csv] - DEBUG - Frecuencia: 19.61 Hz | Latencia Red/Proc: 4.62 ms
2026-06-02 14:44:36.887 - [robot_6_log_20260602_144405.csv] - DEBUG - Despachado a ZMQ -> agent/6/move: {'v': 20.0, 'w': 0.0}
2026-06-02 14:44:36.902 - [robot_6_log_20260602_144405.csv] - DEBUG - Incoming data. Topic 6/pos, mensaje {"x": 180.62, "y": 60.93, "yaw": 2.196, "timestamp": 1780404276.882868}
2026-06-02 14:44:36.908 - [robot_6_log_20260602_144405.csv] - DEBUG - Posición actualizada por visión: x=180.62, y=60.93, θ=2.20
2026-06-02 14:44:36.919 - [robot_6_log_20260602_144405.csv] - DEBUG - Frecuencia: 31.39 Hz | Latencia Red/Proc: 36.47 ms
2026-06-02 14:44:36.929 - [robot_6_log_20260602_144405.csv] - DEBUG - Incoming data. Topic 6/pos, mensaje {"x": 180.62, "y": 60.93, "yaw": 2.196, "timestamp": 1780404276.8930745}
2026-06-02 14:44:36.936 - [robot_6_log_20260602_144405.csv] - INFO - Usando posición VISION: x=180.62, y=60.93, θ=2.20
2026-06-02 14:44:36.937 - [robot_6_log_20260602_144405.csv] - INFO - Distancias a paredes: Left: 180.62, Right: 269.38, Top: 79.07, Bottom: 60.93
2026-06-02 14:44:36.937 - [robot_6_log_20260602_144405.csv] - INFO - Posicion: 180.62, 60.93, 2.196 | Velocidad: -0.8108439340486646, -0.5852624322613615
2026-06-02 14:44:36.937 - [robot_6_log_20260602_144405.csv] - DEBUG - Posición actualizada por visión: x=180.62, y=60.93, θ=2.20
2026-06-02 14:44:36.937 - [robot_6_log_20260602_144405.csv] - DEBUG - Frecuencia: 55.69 Hz | Latencia Red/Proc: 44.22 ms
2026-06-02 14:44:36.937 - [robot_6_log_20260602_144405.csv] - INFO - None
2026-06-02 14:44:36.937 - [robot_6_log_20260602_144405.csv] - DEBUG - Incoming data. Topic 6/pos, mensaje {"x": 180.62, "y": 60.93, "yaw": 2.196, "timestamp": 1780404276.8930745}
2026-06-02 14:44:36.937 - [robot_6_log_20260602_144405.csv] - WARNING - Estado FSM: AVANZA | Target Wall: None | Target Theta: 102.90° |theta: 125.82153181072879 
2026-06-02 14:44:36.937 - [robot_6_log_20260602_144405.csv] - DEBUG - Posición actualizada por visión: x=180.62, y=60.93, θ=2.20
2026-06-02 14:44:36.947 - [robot_6_log_20260602_144405.csv] - DEBUG - Frecuencia: 94.46 Hz | Latencia Red/Proc: 54.81 ms
2026-06-02 14:44:36.958 - [robot_6_log_20260602_144405.csv] - DEBUG - Despachado a ZMQ -> agent/6/move: {'v': 20.0, 'w': 0.0}
2026-06-02 14:44:36.986 - [robot_6_log_20260602_144405.csv] - INFO - Usando posición VISION: x=180.62, y=60.93, θ=2.20
2026-06-02 14:44:36.987 - [robot_6_log_20260602_144405.csv] - INFO - Distancias a paredes: Left: 180.62, Right: 269.38, Top: 79.07, Bottom: 60.93
2026-06-02 14:44:36.987 - [robot_6_log_20260602_144405.csv] - INFO - Posicion: 180.62, 60.93, 2.196 | Velocidad: -0.8108439340486646, -0.5852624322613615
2026-06-02 14:44:36.987 - [robot_6_log_20260602_144405.csv] - INFO - None
2026-06-02 14:44:36.987 - [robot_6_log_20260602_144405.csv] - WARNING - Estado FSM: AVANZA | Target Wall: None | Target Theta: 102.90° |theta: 125.82153181072879 
2026-06-02 14:44:36.997 - [robot_6_log_20260602_144405.csv] - DEBUG - Incoming data. Topic 6/pos, mensaje {"x": 179.55, "y": 59.85, "yaw": 2.224, "timestamp": 1780404276.9829972}
2026-06-02 14:44:37.002 - [robot_6_log_20260602_144405.csv] - DEBUG - Posición actualizada por visión: x=179.55, y=59.85, θ=2.22
2026-06-02 14:44:37.002 - [robot_6_log_20260602_144405.csv] - DEBUG - Frecuencia: 18.19 Hz | Latencia Red/Proc: 19.86 ms
2026-06-02 14:44:37.007 - [robot_6_log_20260602_144405.csv] - DEBUG - Despachado a ZMQ -> agent/6/move: {'v': 20.0, 'w': 0.0}
2026-06-02 14:44:37.023 - [robot_6_log_20260602_144405.csv] - DEBUG - Incoming data. Topic agent/6/wheel, mensaje {"Wleft":4.059357921,"Wright":6.282119773}
2026-06-02 14:44:37.035 - [robot_6_log_20260602_144405.csv] - DEBUG - Incoming data. Topic 6/pos, mensaje {"x": 179.55, "y": 59.85, "yaw": 2.224, "timestamp": 1780404276.9916131}
2026-06-02 14:44:37.036 - [robot_6_log_20260602_144405.csv] - INFO - Usando posición VISION: x=179.55, y=59.85, θ=2.22
2026-06-02 14:44:37.037 - [robot_6_log_20260602_144405.csv] - INFO - Distancias a paredes: Left: 179.55, Right: 270.45, Top: 80.15, Bottom: 59.85
2026-06-02 14:44:37.037 - [robot_6_log_20260602_144405.csv] - INFO - Posicion: 179.55, 59.85, 2.224 | Velocidad: -0.794140897085126, -0.6077336880384625
2026-06-02 14:44:37.037 - [robot_6_log_20260602_144405.csv] - INFO - None
2026-06-02 14:44:37.037 - [robot_6_log_20260602_144405.csv] - DEBUG - Posición actualizada por visión: x=179.55, y=59.85, θ=2.22
2026-06-02 14:44:37.037 - [robot_6_log_20260602_144405.csv] - WARNING - Estado FSM: AVANZA | Target Wall: None | Target Theta: 102.90° |theta: 127.4258136370951 
2026-06-02 14:44:37.037 - [robot_6_log_20260602_144405.csv] - DEBUG - Frecuencia: 28.96 Hz | Latencia Red/Proc: 45.78 ms
2026-06-02 14:44:37.047 - [robot_6_log_20260602_144405.csv] - DEBUG - Despachado a ZMQ -> agent/6/move: {'v': 20.0, 'w': 0.0}
2026-06-02 14:44:37.048 - [robot_6_log_20260602_144405.csv] - DEBUG - Incoming data. Topic 6/pos, mensaje {"x": 179.55, "y": 59.85, "yaw": 2.224, "timestamp": 1780404276.9829972}
2026-06-02 14:44:37.048 - [robot_6_log_20260602_144405.csv] - DEBUG - Posición actualizada por visión: x=179.55, y=59.85, θ=2.22
2026-06-02 14:44:37.048 - [robot_6_log_20260602_144405.csv] - DEBUG - Frecuencia: 93.23 Hz | Latencia Red/Proc: 65.12 ms
2026-06-02 14:44:37.048 - [robot_6_log_20260602_144405.csv] - DEBUG - Incoming data. Topic 6/pos, mensaje {"x": 179.55, "y": 59.85, "yaw": 2.224, "timestamp": 1780404276.9916131}
2026-06-02 14:44:37.048 - [robot_6_log_20260602_144405.csv] - DEBUG - Posición actualizada por visión: x=179.55, y=59.85, θ=2.22
2026-06-02 14:44:37.048 - [robot_6_log_20260602_144405.csv] - DEBUG - Frecuencia: 11428.62 Hz | Latencia Red/Proc: 56.59 ms
2026-06-02 14:44:37.048 - [robot_6_log_20260602_144405.csv] - DEBUG - Incoming data. Topic agent/6/wheel, mensaje {"Wleft":6.044566292,"Wright":6.1638284}
2026-06-02 14:44:37.084 - [robot_6_log_20260602_144405.csv] - DEBUG - Incoming data. Topic 6/pos, mensaje {"x": 178.64, "y": 58.76, "yaw": 2.232, "timestamp": 1780404277.081117}
2026-06-02 14:44:37.084 - [robot_6_log_20260602_144405.csv] - DEBUG - Posición actualizada por visión: x=178.64, y=58.76, θ=2.23
2026-06-02 14:44:37.084 - [robot_6_log_20260602_144405.csv] - DEBUG - Frecuencia: 27.24 Hz | Latencia Red/Proc: 3.80 ms
2026-06-02 14:44:37.084 - [robot_6_log_20260602_144405.csv] - DEBUG - Incoming data. Topic 6/pos, mensaje {"x": 178.64, "y": 58.76, "yaw": 2.232, "timestamp": 1780404277.081117}
2026-06-02 14:44:37.084 - [robot_6_log_20260602_144405.csv] - DEBUG - Posición actualizada por visión: x=178.64, y=58.76, θ=2.23
2026-06-02 14:44:37.085 - [robot_6_log_20260602_144405.csv] - DEBUG - Frecuencia: 10810.06 Hz | Latencia Red/Proc: 3.89 ms
2026-06-02 14:44:37.086 - [robot_6_log_20260602_144405.csv] - INFO - Usando posición VISION: x=178.64, y=58.76, θ=2.23
2026-06-02 14:44:37.087 - [robot_6_log_20260602_144405.csv] - INFO - Distancias a paredes: Left: 178.64, Right: 271.36, Top: 81.24, Bottom: 58.76
2026-06-02 14:44:37.087 - [robot_6_log_20260602_144405.csv] - INFO - Posicion: 178.64, 58.76, 2.232 | Velocidad: -0.7892536670674201, -0.6140673000743729
2026-06-02 14:44:37.087 - [robot_6_log_20260602_144405.csv] - INFO - None
2026-06-02 14:44:37.087 - [robot_6_log_20260602_144405.csv] - WARNING - Estado FSM: AVANZA | Target Wall: None | Target Theta: 102.90° |theta: 127.88417987319976 
2026-06-02 14:44:37.093 - [robot_6_log_20260602_144405.csv] - DEBUG - Incoming data. Topic 6/pos, mensaje {"x": 178.64, "y": 58.76, "yaw": 2.232, "timestamp": 1780404277.0901682}
2026-06-02 14:44:37.103 - [robot_6_log_20260602_144405.csv] - DEBUG - Despachado a ZMQ -> agent/6/move: {'v': 20.0, 'w': 0.0}
2026-06-02 14:44:37.109 - [robot_6_log_20260602_144405.csv] - DEBUG - Posición actualizada por visión: x=178.64, y=58.76, θ=2.23
2026-06-02 14:44:37.134 - [robot_6_log_20260602_144405.csv] - DEBUG - Frecuencia: 20.06 Hz | Latencia Red/Proc: 44.70 ms
2026-06-02 14:44:37.136 - [robot_6_log_20260602_144405.csv] - INFO - Usando posición VISION: x=178.64, y=58.76, θ=2.23
2026-06-02 14:44:37.137 - [robot_6_log_20260602_144405.csv] - INFO - Distancias a paredes: Left: 178.64, Right: 271.36, Top: 81.24, Bottom: 58.76
2026-06-02 14:44:37.137 - [robot_6_log_20260602_144405.csv] - INFO - Posicion: 178.64, 58.76, 2.232 | Velocidad: -0.7892536670674201, -0.6140673000743729
2026-06-02 14:44:37.137 - [robot_6_log_20260602_144405.csv] - INFO - None
2026-06-02 14:44:37.137 - [robot_6_log_20260602_144405.csv] - DEBUG - Incoming data. Topic 6/pos, mensaje {"x": 178.64, "y": 58.76, "yaw": 2.232, "timestamp": 1780404277.0901682}
2026-06-02 14:44:37.137 - [robot_6_log_20260602_144405.csv] - WARNING - Estado FSM: AVANZA | Target Wall: None | Target Theta: 102.90° |theta: 127.88417987319976 
2026-06-02 14:44:37.137 - [robot_6_log_20260602_144405.csv] - DEBUG - Posición actualizada por visión: x=178.64, y=58.76, θ=2.23
2026-06-02 14:44:37.147 - [robot_6_log_20260602_144405.csv] - DEBUG - Despachado a ZMQ -> agent/6/move: {'v': 20.0, 'w': 0.0}
2026-06-02 14:44:37.147 - [robot_6_log_20260602_144405.csv] - DEBUG - Frecuencia: 76.99 Hz | Latencia Red/Proc: 57.69 ms
2026-06-02 14:44:37.163 - [robot_6_log_20260602_144405.csv] - DEBUG - Incoming data. Topic agent/6/wheel, mensaje {"Wleft":4.038766626,"Wright":5.95318817}
2026-06-02 14:44:37.186 - [robot_6_log_20260602_144405.csv] - INFO - Usando posición VISION: x=178.64, y=58.76, θ=2.23
2026-06-02 14:44:37.187 - [robot_6_log_20260602_144405.csv] - INFO - Distancias a paredes: Left: 178.64, Right: 271.36, Top: 81.24, Bottom: 58.76
2026-06-02 14:44:37.187 - [robot_6_log_20260602_144405.csv] - INFO - Posicion: 178.64, 58.76, 2.232 | Velocidad: -0.7892536670674201, -0.6140673000743729
2026-06-02 14:44:37.187 - [robot_6_log_20260602_144405.csv] - INFO - None
2026-06-02 14:44:37.187 - [robot_6_log_20260602_144405.csv] - WARNING - Estado FSM: AVANZA | Target Wall: None | Target Theta: 102.90° |theta: 127.88417987319976 
2026-06-02 14:44:37.198 - [robot_6_log_20260602_144405.csv] - DEBUG - Despachado a ZMQ -> agent/6/move: {'v': 20.0, 'w': 0.0}
2026-06-02 14:44:37.236 - [robot_6_log_20260602_144405.csv] - INFO - Usando posición VISION: x=178.64, y=58.76, θ=2.23
2026-06-02 14:44:37.237 - [robot_6_log_20260602_144405.csv] - INFO - Distancias a paredes: Left: 178.64, Right: 271.36, Top: 81.24, Bottom: 58.76
2026-06-02 14:44:37.237 - [robot_6_log_20260602_144405.csv] - INFO - Posicion: 178.64, 58.76, 2.232 | Velocidad: -0.7892536670674201, -0.6140673000743729
2026-06-02 14:44:37.237 - [robot_6_log_20260602_144405.csv] - INFO - None
2026-06-02 14:44:37.237 - [robot_6_log_20260602_144405.csv] - WARNING - Estado FSM: AVANZA | Target Wall: None | Target Theta: 102.90° |theta: 127.88417987319976 
2026-06-02 14:44:37.258 - [robot_6_log_20260602_144405.csv] - DEBUG - Despachado a ZMQ -> agent/6/move: {'v': 20.0, 'w': 0.0}
2026-06-02 14:44:37.258 - [robot_6_log_20260602_144405.csv] - DEBUG - Incoming data. Topic agent/6/wheel, mensaje {"Wleft":6.073285683,"Wright":4.157123261}
2026-06-02 14:44:37.286 - [robot_6_log_20260602_144405.csv] - INFO - Usando posición VISION: x=178.64, y=58.76, θ=2.23
2026-06-02 14:44:37.287 - [robot_6_log_20260602_144405.csv] - INFO - Distancias a paredes: Left: 178.64, Right: 271.36, Top: 81.24, Bottom: 58.76
2026-06-02 14:44:37.287 - [robot_6_log_20260602_144405.csv] - INFO - Posicion: 178.64, 58.76, 2.232 | Velocidad: -0.7892536670674201, -0.6140673000743729
2026-06-02 14:44:37.287 - [robot_6_log_20260602_144405.csv] - INFO - None
2026-06-02 14:44:37.287 - [robot_6_log_20260602_144405.csv] - WARNING - Estado FSM: AVANZA | Target Wall: None | Target Theta: 102.90° |theta: 127.88417987319976 
2026-06-02 14:44:37.308 - [robot_6_log_20260602_144405.csv] - DEBUG - Despachado a ZMQ -> agent/6/move: {'v': 20.0, 'w': 0.0}
2026-06-02 14:44:37.336 - [robot_6_log_20260602_144405.csv] - INFO - Usando posición VISION: x=178.64, y=58.76, θ=2.23
2026-06-02 14:44:37.337 - [robot_6_log_20260602_144405.csv] - INFO - Distancias a paredes: Left: 178.64, Right: 271.36, Top: 81.24, Bottom: 58.76
2026-06-02 14:44:37.337 - [robot_6_log_20260602_144405.csv] - INFO - Posicion: 178.64, 58.76, 2.232 | Velocidad: -0.7892536670674201, -0.6140673000743729
2026-06-02 14:44:37.337 - [robot_6_log_20260602_144405.csv] - INFO - None
2026-06-02 14:44:37.337 - [robot_6_log_20260602_144405.csv] - WARNING - Estado FSM: AVANZA | Target Wall: None | Target Theta: 102.90° |theta: 127.88417987319976 
2026-06-02 14:44:37.358 - [robot_6_log_20260602_144405.csv] - DEBUG - Despachado a ZMQ -> agent/6/move: {'v': 20.0, 'w': 0.0}
2026-06-02 14:44:37.363 - [robot_6_log_20260602_144405.csv] - DEBUG - Incoming data. Topic agent/6/wheel, mensaje {"Wleft":2.022410813,"Wright":3.137084696}
2026-06-02 14:44:37.386 - [robot_6_log_20260602_144405.csv] - INFO - Usando posición VISION: x=178.64, y=58.76, θ=2.23
2026-06-02 14:44:37.387 - [robot_6_log_20260602_144405.csv] - INFO - Distancias a paredes: Left: 178.64, Right: 271.36, Top: 81.24, Bottom: 58.76
2026-06-02 14:44:37.387 - [robot_6_log_20260602_144405.csv] - INFO - Posicion: 178.64, 58.76, 2.232 | Velocidad: -0.7892536670674201, -0.6140673000743729
2026-06-02 14:44:37.387 - [robot_6_log_20260602_144405.csv] - INFO - None
2026-06-02 14:44:37.387 - [robot_6_log_20260602_144405.csv] - WARNING - Estado FSM: AVANZA | Target Wall: None | Target Theta: 102.90° |theta: 127.88417987319976 
2026-06-02 14:44:37.408 - [robot_6_log_20260602_144405.csv] - DEBUG - Despachado a ZMQ -> agent/6/move: {'v': 20.0, 'w': 0.0}
2026-06-02 14:44:37.436 - [robot_6_log_20260602_144405.csv] - INFO - Usando posición VISION: x=178.64, y=58.76, θ=2.23
2026-06-02 14:44:37.436 - [robot_6_log_20260602_144405.csv] - INFO - Distancias a paredes: Left: 178.64, Right: 271.36, Top: 81.24, Bottom: 58.76
2026-06-02 14:44:37.437 - [robot_6_log_20260602_144405.csv] - INFO - Posicion: 178.64, 58.76, 2.232 | Velocidad: -0.7892536670674201, -0.6140673000743729
2026-06-02 14:44:37.437 - [robot_6_log_20260602_144405.csv] - INFO - None
2026-06-02 14:44:37.437 - [robot_6_log_20260602_144405.csv] - WARNING - Estado FSM: AVANZA | Target Wall: None | Target Theta: 102.90° |theta: 127.88417987319976 
2026-06-02 14:44:37.458 - [robot_6_log_20260602_144405.csv] - DEBUG - Despachado a ZMQ -> agent/6/move: {'v': 20.0, 'w': 0.0}
2026-06-02 14:44:37.468 - [robot_6_log_20260602_144405.csv] - DEBUG - Incoming data. Topic agent/6/wheel, mensaje {"Wleft":6.07002298,"Wright":3.168244124}
2026-06-02 14:44:37.486 - [robot_6_log_20260602_144405.csv] - INFO - Usando posición VISION: x=178.64, y=58.76, θ=2.23
2026-06-02 14:44:37.487 - [robot_6_log_20260602_144405.csv] - INFO - Distancias a paredes: Left: 178.64, Right: 271.36, Top: 81.24, Bottom: 58.76
2026-06-02 14:44:37.487 - [robot_6_log_20260602_144405.csv] - INFO - Posicion: 178.64, 58.76, 2.232 | Velocidad: -0.7892536670674201, -0.6140673000743729
2026-06-02 14:44:37.487 - [robot_6_log_20260602_144405.csv] - INFO - None
2026-06-02 14:44:37.487 - [robot_6_log_20260602_144405.csv] - WARNING - Estado FSM: AVANZA | Target Wall: None | Target Theta: 102.90° |theta: 127.88417987319976 
2026-06-02 14:44:37.492 - [robot_6_log_20260602_144405.csv] - DEBUG - Despachado a ZMQ -> agent/6/move: {'v': 20.0, 'w': 0.0}
2026-06-02 14:44:37.536 - [robot_6_log_20260602_144405.csv] - INFO - Usando posición VISION: x=178.64, y=58.76, θ=2.23
2026-06-02 14:44:37.537 - [robot_6_log_20260602_144405.csv] - INFO - Distancias a paredes: Left: 178.64, Right: 271.36, Top: 81.24, Bottom: 58.76
2026-06-02 14:44:37.537 - [robot_6_log_20260602_144405.csv] - INFO - Posicion: 178.64, 58.76, 2.232 | Velocidad: -0.7892536670674201, -0.6140673000743729
2026-06-02 14:44:37.537 - [robot_6_log_20260602_144405.csv] - INFO - None
2026-06-02 14:44:37.537 - [robot_6_log_20260602_144405.csv] - WARNING - Estado FSM: AVANZA | Target Wall: None | Target Theta: 102.90° |theta: 127.88417987319976 
2026-06-02 14:44:37.552 - [robot_6_log_20260602_144405.csv] - DEBUG - Despachado a ZMQ -> agent/6/move: {'v': 20.0, 'w': 0.0}
2026-06-02 14:44:37.564 - [robot_6_log_20260602_144405.csv] - DEBUG - Incoming data. Topic agent/6/wheel, mensaje {"Wleft":4.057821885,"Wright":3.472352278}
2026-06-02 14:44:37.586 - [robot_6_log_20260602_144405.csv] - INFO - Usando posición VISION: x=178.64, y=58.76, θ=2.23
2026-06-02 14:44:37.587 - [robot_6_log_20260602_144405.csv] - INFO - Distancias a paredes: Left: 178.64, Right: 271.36, Top: 81.24, Bottom: 58.76
2026-06-02 14:44:37.587 - [robot_6_log_20260602_144405.csv] - INFO - Posicion: 178.64, 58.76, 2.232 | Velocidad: -0.7892536670674201, -0.6140673000743729
2026-06-02 14:44:37.587 - [robot_6_log_20260602_144405.csv] - INFO - None
2026-06-02 14:44:37.587 - [robot_6_log_20260602_144405.csv] - WARNING - Estado FSM: AVANZA | Target Wall: None | Target Theta: 102.90° |theta: 127.88417987319976 
2026-06-02 14:44:37.593 - [robot_6_log_20260602_144405.csv] - DEBUG - Despachado a ZMQ -> agent/6/move: {'v': 20.0, 'w': 0.0}
2026-06-02 14:44:37.636 - [robot_6_log_20260602_144405.csv] - INFO - Usando posición VISION: x=178.64, y=58.76, θ=2.23
2026-06-02 14:44:37.637 - [robot_6_log_20260602_144405.csv] - INFO - Distancias a paredes: Left: 178.64, Right: 271.36, Top: 81.24, Bottom: 58.76
2026-06-02 14:44:37.637 - [robot_6_log_20260602_144405.csv] - INFO - Posicion: 178.64, 58.76, 2.232 | Velocidad: -0.7892536670674201, -0.6140673000743729
2026-06-02 14:44:37.637 - [robot_6_log_20260602_144405.csv] - INFO - None
2026-06-02 14:44:37.637 - [robot_6_log_20260602_144405.csv] - WARNING - Estado FSM: AVANZA | Target Wall: None | Target Theta: 102.90° |theta: 127.88417987319976 
2026-06-02 14:44:37.658 - [robot_6_log_20260602_144405.csv] - DEBUG - Despachado a ZMQ -> agent/6/move: {'v': 20.0, 'w': 0.0}
2026-06-02 14:44:37.669 - [robot_6_log_20260602_144405.csv] - DEBUG - Incoming data. Topic agent/6/wheel, mensaje {"Wleft":4.022464659,"Wright":3.639759891}
2026-06-02 14:44:37.681 - [robot_6_log_20260602_144405.csv] - DEBUG - Incoming data. Topic 6/pos, mensaje {"x": 172.65, "y": 53.0, "yaw": 2.197, "timestamp": 1780404277.6806269}
2026-06-02 14:44:37.686 - [robot_6_log_20260602_144405.csv] - DEBUG - Posición actualizada por visión: x=172.65, y=53.00, θ=2.20
2026-06-02 14:44:37.686 - [robot_6_log_20260602_144405.csv] - INFO - Usando posición ESTIMA: x=172.65, y=53.00, θ=2.20
2026-06-02 14:44:37.686 - [robot_6_log_20260602_144405.csv] - DEBUG - Frecuencia: 1.85 Hz | Latencia Red/Proc: 6.37 ms
2026-06-02 14:44:37.687 - [robot_6_log_20260602_144405.csv] - INFO - Distancias a paredes: Left: 172.65, Right: 277.35, Top: 87.00, Bottom: 53.00
2026-06-02 14:44:37.687 - [robot_6_log_20260602_144405.csv] - INFO - Posicion: 172.65, 53.0, 2.197 | Velocidad: -0.8102582662920138, -0.5860729834290778
2026-06-02 14:44:37.687 - [robot_6_log_20260602_144405.csv] - INFO - None
2026-06-02 14:44:37.687 - [robot_6_log_20260602_144405.csv] - WARNING - Estado FSM: AVANZA | Target Wall: None | Target Theta: 102.90° |theta: 125.87882759024187 
2026-06-02 14:44:37.692 - [robot_6_log_20260602_144405.csv] - DEBUG - Incoming data. Topic 6/pos, mensaje {"x": 172.65, "y": 53.0, "yaw": 2.197, "timestamp": 1780404277.6806269}
2026-06-02 14:44:37.692 - [robot_6_log_20260602_144405.csv] - DEBUG - Posición actualizada por visión: x=172.65, y=53.00, θ=2.20
2026-06-02 14:44:37.692 - [robot_6_log_20260602_144405.csv] - DEBUG - Frecuencia: 189.77 Hz | Latencia Red/Proc: 11.64 ms
2026-06-02 14:44:37.692 - [robot_6_log_20260602_144405.csv] - DEBUG - Incoming data. Topic 6/pos, mensaje {"x": 172.65, "y": 53.0, "yaw": 2.197, "timestamp": 1780404277.6890135}
2026-06-02 14:44:37.692 - [robot_6_log_20260602_144405.csv] - DEBUG - Posición actualizada por visión: x=172.65, y=53.00, θ=2.20
2026-06-02 14:44:37.692 - [robot_6_log_20260602_144405.csv] - DEBUG - Frecuencia: 24818.37 Hz | Latencia Red/Proc: 3.29 ms
2026-06-02 14:44:37.692 - [robot_6_log_20260602_144405.csv] - DEBUG - Incoming data. Topic 6/pos, mensaje {"x": 172.65, "y": 53.0, "yaw": 2.197, "timestamp": 1780404277.6890135}
2026-06-02 14:44:37.692 - [robot_6_log_20260602_144405.csv] - DEBUG - Posición actualizada por visión: x=172.65, y=53.00, θ=2.20
2026-06-02 14:44:37.697 - [robot_6_log_20260602_144405.csv] - DEBUG - Frecuencia: 196.11 Hz | Latencia Red/Proc: 8.39 ms
2026-06-02 14:44:37.722 - [robot_6_log_20260602_144405.csv] - DEBUG - Despachado a ZMQ -> agent/6/move: {'v': 20.0, 'w': 0.0}
2026-06-02 14:44:37.736 - [robot_6_log_20260602_144405.csv] - INFO - Usando posición VISION: x=172.65, y=53.00, θ=2.20
2026-06-02 14:44:37.736 - [robot_6_log_20260602_144405.csv] - INFO - Distancias a paredes: Left: 172.65, Right: 277.35, Top: 87.00, Bottom: 53.00
2026-06-02 14:44:37.737 - [robot_6_log_20260602_144405.csv] - INFO - Posicion: 172.65, 53.0, 2.197 | Velocidad: -0.8102582662920138, -0.5860729834290778
2026-06-02 14:44:37.737 - [robot_6_log_20260602_144405.csv] - INFO - None
2026-06-02 14:44:37.737 - [robot_6_log_20260602_144405.csv] - WARNING - Estado FSM: AVANZA | Target Wall: None | Target Theta: 102.90° |theta: 125.87882759024187 
2026-06-02 14:44:37.757 - [robot_6_log_20260602_144405.csv] - DEBUG - Despachado a ZMQ -> agent/6/move: {'v': 20.0, 'w': 0.0}
2026-06-02 14:44:37.786 - [robot_6_log_20260602_144405.csv] - INFO - Usando posición VISION: x=172.65, y=53.00, θ=2.20
2026-06-02 14:44:37.787 - [robot_6_log_20260602_144405.csv] - DEBUG - Incoming data. Topic 6/pos, mensaje {"x": 171.92, "y": 52.48, "yaw": 2.203, "timestamp": 1780404277.7810245}
2026-06-02 14:44:37.787 - [robot_6_log_20260602_144405.csv] - INFO - Distancias a paredes: Left: 172.65, Right: 277.35, Top: 87.00, Bottom: 53.00
2026-06-02 14:44:37.787 - [robot_6_log_20260602_144405.csv] - DEBUG - Posición actualizada por visión: x=171.92, y=52.48, θ=2.20
2026-06-02 14:44:37.787 - [robot_6_log_20260602_144405.csv] - INFO - Posicion: 172.65, 53.0, 2.197 | Velocidad: -0.8102582662920138, -0.5860729834290778
2026-06-02 14:44:37.787 - [robot_6_log_20260602_144405.csv] - DEBUG - Frecuencia: 11.13 Hz | Latencia Red/Proc: 6.21 ms
2026-06-02 14:44:37.787 - [robot_6_log_20260602_144405.csv] - INFO - None
2026-06-02 14:44:37.787 - [robot_6_log_20260602_144405.csv] - DEBUG - Incoming data. Topic 6/pos, mensaje {"x": 171.92, "y": 52.48, "yaw": 2.203, "timestamp": 1780404277.7810245}
2026-06-02 14:44:37.787 - [robot_6_log_20260602_144405.csv] - WARNING - Estado FSM: AVANZA | Target Wall: None | Target Theta: 102.90° |theta: 125.87882759024187 
2026-06-02 14:44:37.787 - [robot_6_log_20260602_144405.csv] - DEBUG - Posición actualizada por visión: x=171.92, y=52.48, θ=2.20
2026-06-02 14:44:37.797 - [robot_6_log_20260602_144405.csv] - DEBUG - Despachado a ZMQ -> agent/6/move: {'v': 20.0, 'w': 0.0}
2026-06-02 14:44:37.797 - [robot_6_log_20260602_144405.csv] - DEBUG - Frecuencia: 95.14 Hz | Latencia Red/Proc: 16.72 ms
2026-06-02 14:44:37.833 - [robot_6_log_20260602_144405.csv] - DEBUG - Incoming data. Topic 6/pos, mensaje {"x": 171.92, "y": 52.48, "yaw": 2.203, "timestamp": 1780404277.7893674}
2026-06-02 14:44:37.836 - [robot_6_log_20260602_144405.csv] - INFO - Usando posición VISION: x=171.92, y=52.48, θ=2.20
2026-06-02 14:44:37.837 - [robot_6_log_20260602_144405.csv] - DEBUG - Posición actualizada por visión: x=171.92, y=52.48, θ=2.20
2026-06-02 14:44:37.837 - [robot_6_log_20260602_144405.csv] - INFO - Distancias a paredes: Left: 171.92, Right: 278.08, Top: 87.52, Bottom: 52.48
2026-06-02 14:44:37.837 - [robot_6_log_20260602_144405.csv] - DEBUG - Frecuencia: 25.40 Hz | Latencia Red/Proc: 47.76 ms
2026-06-02 14:44:37.837 - [robot_6_log_20260602_144405.csv] - INFO - Posicion: 171.92, 52.48, 2.203 | Velocidad: -0.8067272648849896, -0.5909239545755307
2026-06-02 14:44:37.837 - [robot_6_log_20260602_144405.csv] - INFO - None
2026-06-02 14:44:37.837 - [robot_6_log_20260602_144405.csv] - WARNING - Estado FSM: AVANZA | Target Wall: None | Target Theta: 102.90° |theta: 126.22260226732035 
2026-06-02 14:44:37.842 - [robot_6_log_20260602_144405.csv] - DEBUG - Incoming data. Topic agent/6/wheel, mensaje {"Wleft":6.076788389,"Wright":3.994265827}
2026-06-02 14:44:37.847 - [robot_6_log_20260602_144405.csv] - DEBUG - Incoming data. Topic 6/pos, mensaje {"x": 171.92, "y": 52.48, "yaw": 2.203, "timestamp": 1780404277.7893674}
2026-06-02 14:44:37.852 - [robot_6_log_20260602_144405.csv] - DEBUG - Posición actualizada por visión: x=171.92, y=52.48, θ=2.20
2026-06-02 14:44:37.857 - [robot_6_log_20260602_144405.csv] - DEBUG - Frecuencia: 48.55 Hz | Latencia Red/Proc: 68.35 ms
2026-06-02 14:44:37.862 - [robot_6_log_20260602_144405.csv] - DEBUG - Despachado a ZMQ -> agent/6/move: {'v': 20.0, 'w': 0.0}
2026-06-02 14:44:37.886 - [robot_6_log_20260602_144405.csv] - INFO - Usando posición VISION: x=171.92, y=52.48, θ=2.20
2026-06-02 14:44:37.887 - [robot_6_log_20260602_144405.csv] - DEBUG - Incoming data. Topic 6/pos, mensaje {"x": 171.41, "y": 52.32, "yaw": 2.193, "timestamp": 1780404277.8812041}
2026-06-02 14:44:37.887 - [robot_6_log_20260602_144405.csv] - INFO - Distancias a paredes: Left: 171.92, Right: 278.08, Top: 87.52, Bottom: 52.48
2026-06-02 14:44:37.887 - [robot_6_log_20260602_144405.csv] - DEBUG - Posición actualizada por visión: x=171.41, y=52.32, θ=2.19
2026-06-02 14:44:37.887 - [robot_6_log_20260602_144405.csv] - INFO - Posicion: 171.92, 52.48, 2.203 | Velocidad: -0.8067272648849896, -0.5909239545755307
2026-06-02 14:44:37.887 - [robot_6_log_20260602_144405.csv] - DEBUG - Frecuencia: 33.88 Hz | Latencia Red/Proc: 6.03 ms
2026-06-02 14:44:37.887 - [robot_6_log_20260602_144405.csv] - INFO - None
2026-06-02 14:44:37.887 - [robot_6_log_20260602_144405.csv] - DEBUG - Incoming data. Topic 6/pos, mensaje {"x": 171.41, "y": 52.32, "yaw": 2.193, "timestamp": 1780404277.8812041}
2026-06-02 14:44:37.887 - [robot_6_log_20260602_144405.csv] - WARNING - Estado FSM: AVANZA | Target Wall: None | Target Theta: 102.90° |theta: 126.22260226732035 
2026-06-02 14:44:37.887 - [robot_6_log_20260602_144405.csv] - DEBUG - Posición actualizada por visión: x=171.41, y=52.32, θ=2.19
2026-06-02 14:44:37.897 - [robot_6_log_20260602_144405.csv] - DEBUG - Frecuencia: 95.49 Hz | Latencia Red/Proc: 16.50 ms
2026-06-02 14:44:37.907 - [robot_6_log_20260602_144405.csv] - DEBUG - Despachado a ZMQ -> agent/6/move: {'v': 20.0, 'w': 0.0}
2026-06-02 14:44:37.913 - [robot_6_log_20260602_144405.csv] - DEBUG - Incoming data. Topic 6/pos, mensaje {"x": 171.41, "y": 52.32, "yaw": 2.193, "timestamp": 1780404277.8901627}
2026-06-02 14:44:37.924 - [robot_6_log_20260602_144405.csv] - DEBUG - Posición actualizada por visión: x=171.41, y=52.32, θ=2.19
2026-06-02 14:44:37.929 - [robot_6_log_20260602_144405.csv] - DEBUG - Frecuencia: 31.51 Hz | Latencia Red/Proc: 39.28 ms
2026-06-02 14:44:37.936 - [robot_6_log_20260602_144405.csv] - INFO - Usando posición VISION: x=171.41, y=52.32, θ=2.19
2026-06-02 14:44:37.936 - [robot_6_log_20260602_144405.csv] - INFO - Distancias a paredes: Left: 171.41, Right: 278.59, Top: 87.68, Bottom: 52.32
2026-06-02 14:44:37.937 - [robot_6_log_20260602_144405.csv] - INFO - Posicion: 171.41, 52.32, 2.193 | Velocidad: -0.8125960699168024, -0.5828272704290416
2026-06-02 14:44:37.937 - [robot_6_log_20260602_144405.csv] - INFO - None
2026-06-02 14:44:37.937 - [robot_6_log_20260602_144405.csv] - WARNING - Estado FSM: AVANZA | Target Wall: None | Target Theta: 102.90° |theta: 125.64964447218954 
2026-06-02 14:44:37.942 - [robot_6_log_20260602_144405.csv] - DEBUG - Incoming data. Topic agent/6/wheel, mensaje {"Wleft":2.022357226,"Wright":5.36439162}
2026-06-02 14:44:37.947 - [robot_6_log_20260602_144405.csv] - DEBUG - Incoming data. Topic 6/pos, mensaje {"x": 171.41, "y": 52.32, "yaw": 2.193, "timestamp": 1780404277.8901627}
2026-06-02 14:44:37.952 - [robot_6_log_20260602_144405.csv] - DEBUG - Posición actualizada por visión: x=171.41, y=52.32, θ=2.19
2026-06-02 14:44:37.957 - [robot_6_log_20260602_144405.csv] - DEBUG - Despachado a ZMQ -> agent/6/move: {'v': 20.0, 'w': 0.0}
2026-06-02 14:44:37.957 - [robot_6_log_20260602_144405.csv] - DEBUG - Frecuencia: 35.37 Hz | Latencia Red/Proc: 67.56 ms
2026-06-02 14:44:37.986 - [robot_6_log_20260602_144405.csv] - INFO - Usando posición VISION: x=171.41, y=52.32, θ=2.19
2026-06-02 14:44:37.987 - [robot_6_log_20260602_144405.csv] - DEBUG - Incoming data. Topic 6/pos, mensaje {"x": 170.41, "y": 51.43, "yaw": 2.221, "timestamp": 1780404277.9843261}
2026-06-02 14:44:37.987 - [robot_6_log_20260602_144405.csv] - INFO - Distancias a paredes: Left: 171.41, Right: 278.59, Top: 87.68, Bottom: 52.32
2026-06-02 14:44:37.987 - [robot_6_log_20260602_144405.csv] - DEBUG - Posición actualizada por visión: x=170.41, y=51.43, θ=2.22
2026-06-02 14:44:37.987 - [robot_6_log_20260602_144405.csv] - INFO - Posicion: 171.41, 52.32, 2.193 | Velocidad: -0.8125960699168024, -0.5828272704290416
2026-06-02 14:44:37.987 - [robot_6_log_20260602_144405.csv] - DEBUG - Frecuencia: 33.65 Hz | Latencia Red/Proc: 3.11 ms
2026-06-02 14:44:37.987 - [robot_6_log_20260602_144405.csv] - INFO - None
2026-06-02 14:44:37.987 - [robot_6_log_20260602_144405.csv] - DEBUG - Incoming data. Topic 6/pos, mensaje {"x": 170.41, "y": 51.43, "yaw": 2.221, "timestamp": 1780404277.9843261}
2026-06-02 14:44:37.987 - [robot_6_log_20260602_144405.csv] - WARNING - Estado FSM: AVANZA | Target Wall: None | Target Theta: 102.90° |theta: 125.64964447218954 
2026-06-02 14:44:37.987 - [robot_6_log_20260602_144405.csv] - DEBUG - Posición actualizada por visión: x=170.41, y=51.43, θ=2.22
2026-06-02 14:44:37.997 - [robot_6_log_20260602_144405.csv] - DEBUG - Frecuencia: 95.74 Hz | Latencia Red/Proc: 13.55 ms
2026-06-02 14:44:38.008 - [robot_6_log_20260602_144405.csv] - DEBUG - Incoming data. Topic 6/pos, mensaje {"x": 170.41, "y": 51.43, "yaw": 2.221, "timestamp": 1780404277.9927866}
2026-06-02 14:44:38.013 - [robot_6_log_20260602_144405.csv] - DEBUG - Posición actualizada por visión: x=170.41, y=51.43, θ=2.22
2026-06-02 14:44:38.013 - [robot_6_log_20260602_144405.csv] - DEBUG - Despachado a ZMQ -> agent/6/move: {'v': 20.0, 'w': 0.0}
2026-06-02 14:44:38.023 - [robot_6_log_20260602_144405.csv] - DEBUG - Frecuencia: 39.20 Hz | Latencia Red/Proc: 30.61 ms
2026-06-02 14:44:38.036 - [robot_6_log_20260602_144405.csv] - INFO - Usando posición VISION: x=170.41, y=51.43, θ=2.22
2026-06-02 14:44:38.037 - [robot_6_log_20260602_144405.csv] - INFO - Distancias a paredes: Left: 170.41, Right: 279.59, Top: 88.57, Bottom: 51.43
2026-06-02 14:44:38.037 - [robot_6_log_20260602_144405.csv] - INFO - Posicion: 170.41, 51.43, 2.221 | Velocidad: -0.7959605217830844, -0.6053485341212944
2026-06-02 14:44:38.037 - [robot_6_log_20260602_144405.csv] - INFO - None
2026-06-02 14:44:38.037 - [robot_6_log_20260602_144405.csv] - WARNING - Estado FSM: AVANZA | Target Wall: None | Target Theta: 102.90° |theta: 127.25392629855584 
2026-06-02 14:44:38.042 - [robot_6_log_20260602_144405.csv] - DEBUG - Incoming data. Topic agent/6/wheel, mensaje {"Wleft":6.062714814,"Wright":6.441724114}
2026-06-02 14:44:38.062 - [robot_6_log_20260602_144405.csv] - DEBUG - Incoming data. Topic 6/pos, mensaje {"x": 170.41, "y": 51.43, "yaw": 2.221, "timestamp": 1780404277.9927866}
2026-06-02 14:44:38.062 - [robot_6_log_20260602_144405.csv] - DEBUG - Posición actualizada por visión: x=170.41, y=51.43, θ=2.22
2026-06-02 14:44:38.068 - [robot_6_log_20260602_144405.csv] - DEBUG - Frecuencia: 22.40 Hz | Latencia Red/Proc: 75.25 ms
2026-06-02 14:44:38.067 - [robot_6_log_20260602_144405.csv] - DEBUG - Despachado a ZMQ -> agent/6/move: {'v': 20.0, 'w': 0.0}
2026-06-02 14:44:38.083 - [robot_6_log_20260602_144405.csv] - DEBUG - Incoming data. Topic 6/pos, mensaje {"x": 169.43, "y": 50.32, "yaw": 2.268, "timestamp": 1780404278.0822058}
2026-06-02 14:44:38.086 - [robot_6_log_20260602_144405.csv] - INFO - Usando posición VISION: x=170.41, y=51.43, θ=2.22
2026-06-02 14:44:38.087 - [robot_6_log_20260602_144405.csv] - DEBUG - Posición actualizada por visión: x=169.43, y=50.32, θ=2.27
2026-06-02 14:44:38.087 - [robot_6_log_20260602_144405.csv] - INFO - Distancias a paredes: Left: 170.41, Right: 279.59, Top: 88.57, Bottom: 51.43
2026-06-02 14:44:38.087 - [robot_6_log_20260602_144405.csv] - DEBUG - Frecuencia: 51.95 Hz | Latencia Red/Proc: 5.08 ms
2026-06-02 14:44:38.087 - [robot_6_log_20260602_144405.csv] - INFO - Posicion: 170.41, 51.43, 2.221 | Velocidad: -0.7959605217830844, -0.6053485341212944
2026-06-02 14:44:38.087 - [robot_6_log_20260602_144405.csv] - DEBUG - Incoming data. Topic agent/6/wheel, mensaje {"Wleft":4.022230976,"Wright":6.39521986}
2026-06-02 14:44:38.087 - [robot_6_log_20260602_144405.csv] - INFO - None
2026-06-02 14:44:38.087 - [robot_6_log_20260602_144405.csv] - WARNING - Estado FSM: AVANZA | Target Wall: None | Target Theta: 102.90° |theta: 127.25392629855584 
2026-06-02 14:44:38.098 - [robot_6_log_20260602_144405.csv] - DEBUG - Incoming data. Topic 6/pos, mensaje {"x": 169.43, "y": 50.32, "yaw": 2.268, "timestamp": 1780404278.0902662}
2026-06-02 14:44:38.103 - [robot_6_log_20260602_144405.csv] - DEBUG - Posición actualizada por visión: x=169.43, y=50.32, θ=2.27
2026-06-02 14:44:38.103 - [robot_6_log_20260602_144405.csv] - DEBUG - Despachado a ZMQ -> agent/6/move: {'v': 20.0, 'w': 0.0}
2026-06-02 14:44:38.103 - [robot_6_log_20260602_144405.csv] - DEBUG - Frecuencia: 60.59 Hz | Latencia Red/Proc: 13.53 ms
2026-06-02 14:44:38.124 - [robot_6_log_20260602_144405.csv] - DEBUG - Incoming data. Topic 6/pos, mensaje {"x": 169.43, "y": 50.32, "yaw": 2.268, "timestamp": 1780404278.0822058}
2026-06-02 14:44:38.124 - [robot_6_log_20260602_144405.csv] - DEBUG - Posición actualizada por visión: x=169.43, y=50.32, θ=2.27
2026-06-02 14:44:38.124 - [robot_6_log_20260602_144405.csv] - DEBUG - Frecuencia: 47.85 Hz | Latencia Red/Proc: 42.49 ms
2026-06-02 14:44:38.124 - [robot_6_log_20260602_144405.csv] - DEBUG - Incoming data. Topic 6/pos, mensaje {"x": 169.43, "y": 50.32, "yaw": 2.268, "timestamp": 1780404278.0902662}
2026-06-02 14:44:38.124 - [robot_6_log_20260602_144405.csv] - DEBUG - Posición actualizada por visión: x=169.43, y=50.32, θ=2.27
2026-06-02 14:44:38.124 - [robot_6_log_20260602_144405.csv] - DEBUG - Frecuencia: 11522.81 Hz | Latencia Red/Proc: 34.52 ms
2026-06-02 14:44:38.137 - [robot_6_log_20260602_144405.csv] - INFO - Usando posición VISION: x=169.43, y=50.32, θ=2.27
2026-06-02 14:44:38.137 - [robot_6_log_20260602_144405.csv] - INFO - Distancias a paredes: Left: 169.43, Right: 280.57, Top: 89.68, Bottom: 50.32
2026-06-02 14:44:38.137 - [robot_6_log_20260602_144405.csv] - INFO - Posicion: 169.43, 50.32, 2.268 | Velocidad: -0.7666406377991415, -0.6420764226125466
2026-06-02 14:44:38.137 - [robot_6_log_20260602_144405.csv] - INFO - None
2026-06-02 14:44:38.137 - [robot_6_log_20260602_144405.csv] - WARNING - Estado FSM: AVANZA | Target Wall: None | Target Theta: 102.90° |theta: 129.94682793567068 
2026-06-02 14:44:38.143 - [robot_6_log_20260602_144405.csv] - DEBUG - Despachado a ZMQ -> agent/6/move: {'v': 20.0, 'w': 0.0}
2026-06-02 14:44:38.187 - [robot_6_log_20260602_144405.csv] - INFO - Usando posición VISION: x=169.43, y=50.32, θ=2.27
2026-06-02 14:44:38.187 - [robot_6_log_20260602_144405.csv] - INFO - Distancias a paredes: Left: 169.43, Right: 280.57, Top: 89.68, Bottom: 50.32
2026-06-02 14:44:38.187 - [robot_6_log_20260602_144405.csv] - INFO - Posicion: 169.43, 50.32, 2.268 | Velocidad: -0.7666406377991415, -0.6420764226125466
2026-06-02 14:44:38.187 - [robot_6_log_20260602_144405.csv] - INFO - None
2026-06-02 14:44:38.187 - [robot_6_log_20260602_144405.csv] - WARNING - Estado FSM: AVANZA | Target Wall: None | Target Theta: 102.90° |theta: 129.94682793567068 
2026-06-02 14:44:38.198 - [robot_6_log_20260602_144405.csv] - DEBUG - Despachado a ZMQ -> agent/6/move: {'v': 20.0, 'w': 0.0}
2026-06-02 14:44:38.203 - [robot_6_log_20260602_144405.csv] - DEBUG - Incoming data. Topic agent/6/wheel, mensaje {"Wleft":4.075820615,"Wright":6.335711812}
2026-06-02 14:44:38.237 - [robot_6_log_20260602_144405.csv] - INFO - Usando posición VISION: x=169.43, y=50.32, θ=2.27
2026-06-02 14:44:38.237 - [robot_6_log_20260602_144405.csv] - INFO - Distancias a paredes: Left: 169.43, Right: 280.57, Top: 89.68, Bottom: 50.32
2026-06-02 14:44:38.237 - [robot_6_log_20260602_144405.csv] - INFO - Posicion: 169.43, 50.32, 2.268 | Velocidad: -0.7666406377991415, -0.6420764226125466
2026-06-02 14:44:38.237 - [robot_6_log_20260602_144405.csv] - INFO - None
2026-06-02 14:44:38.237 - [robot_6_log_20260602_144405.csv] - WARNING - Estado FSM: AVANZA | Target Wall: None | Target Theta: 102.90° |theta: 129.94682793567068 
2026-06-02 14:44:38.258 - [robot_6_log_20260602_144405.csv] - DEBUG - Despachado a ZMQ -> agent/6/move: {'v': 20.0, 'w': 0.0}
2026-06-02 14:44:38.287 - [robot_6_log_20260602_144405.csv] - INFO - Usando posición VISION: x=169.43, y=50.32, θ=2.27
2026-06-02 14:44:38.287 - [robot_6_log_20260602_144405.csv] - INFO - Distancias a paredes: Left: 169.43, Right: 280.57, Top: 89.68, Bottom: 50.32
2026-06-02 14:44:38.287 - [robot_6_log_20260602_144405.csv] - INFO - Posicion: 169.43, 50.32, 2.268 | Velocidad: -0.7666406377991415, -0.6420764226125466
2026-06-02 14:44:38.287 - [robot_6_log_20260602_144405.csv] - INFO - None
2026-06-02 14:44:38.287 - [robot_6_log_20260602_144405.csv] - DEBUG - Incoming data. Topic 6/pos, mensaje {"x": 166.84, "y": 47.82, "yaw": 2.299, "timestamp": 1780404278.2819543}
2026-06-02 14:44:38.287 - [robot_6_log_20260602_144405.csv] - WARNING - Estado FSM: AVANZA | Target Wall: None | Target Theta: 102.90° |theta: 129.94682793567068 
2026-06-02 14:44:38.287 - [robot_6_log_20260602_144405.csv] - DEBUG - Posición actualizada por visión: x=166.84, y=47.82, θ=2.30
2026-06-02 14:44:38.303 - [robot_6_log_20260602_144405.csv] - DEBUG - Despachado a ZMQ -> agent/6/move: {'v': 20.0, 'w': 0.0}
2026-06-02 14:44:38.308 - [robot_6_log_20260602_144405.csv] - DEBUG - Frecuencia: 5.45 Hz | Latencia Red/Proc: 26.21 ms
2026-06-02 14:44:38.337 - [robot_6_log_20260602_144405.csv] - INFO - Usando posición VISION: x=166.84, y=47.82, θ=2.30
2026-06-02 14:44:38.337 - [robot_6_log_20260602_144405.csv] - INFO - Distancias a paredes: Left: 166.84, Right: 283.16, Top: 92.18, Bottom: 47.82
2026-06-02 14:44:38.337 - [robot_6_log_20260602_144405.csv] - INFO - Posicion: 166.84, 47.82, 2.299 | Velocidad: -0.746371115234379, -0.6655299830539487
2026-06-02 14:44:38.337 - [robot_6_log_20260602_144405.csv] - INFO - None
2026-06-02 14:44:38.337 - [robot_6_log_20260602_144405.csv] - WARNING - Estado FSM: AVANZA | Target Wall: None | Target Theta: 102.90° |theta: 131.72299710057626 
2026-06-02 14:44:38.352 - [robot_6_log_20260602_144405.csv] - DEBUG - Incoming data. Topic agent/6/wheel, mensaje {"Wleft":2.022424251,"Wright":6.317925592}
2026-06-02 14:44:38.352 - [robot_6_log_20260602_144405.csv] - DEBUG - Despachado a ZMQ -> agent/6/move: {'v': 20.0, 'w': 0.0}
2026-06-02 14:44:38.373 - [robot_6_log_20260602_144405.csv] - DEBUG - Incoming data. Topic 6/pos, mensaje {"x": 166.84, "y": 47.82, "yaw": 2.299, "timestamp": 1780404278.2936783}
2026-06-02 14:44:38.379 - [robot_6_log_20260602_144405.csv] - DEBUG - Posición actualizada por visión: x=166.84, y=47.82, θ=2.30
2026-06-02 14:44:38.384 - [robot_6_log_20260602_144405.csv] - DEBUG - Frecuencia: 13.03 Hz | Latencia Red/Proc: 91.22 ms
2026-06-02 14:44:38.387 - [robot_6_log_20260602_144405.csv] - DEBUG - Incoming data. Topic 6/pos, mensaje {"x": 166.84, "y": 47.82, "yaw": 2.299, "timestamp": 1780404278.2819543}
2026-06-02 14:44:38.387 - [robot_6_log_20260602_144405.csv] - INFO - Usando posición VISION: x=166.84, y=47.82, θ=2.30
2026-06-02 14:44:38.387 - [robot_6_log_20260602_144405.csv] - INFO - Distancias a paredes: Left: 166.84, Right: 283.16, Top: 92.18, Bottom: 47.82
2026-06-02 14:44:38.387 - [robot_6_log_20260602_144405.csv] - INFO - Posicion: 166.84, 47.82, 2.299 | Velocidad: -0.746371115234379, -0.6655299830539487
2026-06-02 14:44:38.387 - [robot_6_log_20260602_144405.csv] - INFO - None
2026-06-02 14:44:38.387 - [robot_6_log_20260602_144405.csv] - DEBUG - Posición actualizada por visión: x=166.84, y=47.82, θ=2.30
2026-06-02 14:44:38.387 - [robot_6_log_20260602_144405.csv] - DEBUG - Frecuencia: 384.83 Hz | Latencia Red/Proc: 105.54 ms
2026-06-02 14:44:38.387 - [robot_6_log_20260602_144405.csv] - DEBUG - Incoming data. Topic 6/pos, mensaje {"x": 166.84, "y": 47.82, "yaw": 2.299, "timestamp": 1780404278.2936783}
2026-06-02 14:44:38.387 - [robot_6_log_20260602_144405.csv] - DEBUG - Posición actualizada por visión: x=166.84, y=47.82, θ=2.30
2026-06-02 14:44:38.387 - [robot_6_log_20260602_144405.csv] - DEBUG - Frecuencia: 9177.91 Hz | Latencia Red/Proc: 93.92 ms
2026-06-02 14:44:38.387 - [robot_6_log_20260602_144405.csv] - DEBUG - Incoming data. Topic 6/pos, mensaje {"x": 165.67, "y": 46.38, "yaw": 2.3, "timestamp": 1780404278.3818982}
2026-06-02 14:44:38.387 - [robot_6_log_20260602_144405.csv] - DEBUG - Posición actualizada por visión: x=165.67, y=46.38, θ=2.30
2026-06-02 14:44:38.387 - [robot_6_log_20260602_144405.csv] - DEBUG - Frecuencia: 9279.43 Hz | Latencia Red/Proc: 5.81 ms
2026-06-02 14:44:38.387 - [robot_6_log_20260602_144405.csv] - DEBUG - Despachado a ZMQ -> agent/6/move: {'v': 20.0, 'w': 0.0}
2026-06-02 14:44:38.387 - [robot_6_log_20260602_144405.csv] - DEBUG - Incoming data. Topic 6/pos, mensaje {"x": 165.67, "y": 46.38, "yaw": 2.3, "timestamp": 1780404278.3818982}
2026-06-02 14:44:38.387 - [robot_6_log_20260602_144405.csv] - WARNING - Estado FSM: AVANZA | Target Wall: None | Target Theta: 102.90° |theta: 131.72299710057626 
2026-06-02 14:44:38.387 - [robot_6_log_20260602_144405.csv] - DEBUG - Posición actualizada por visión: x=165.67, y=46.38, θ=2.30
2026-06-02 14:44:38.399 - [robot_6_log_20260602_144405.csv] - DEBUG - Frecuencia: 88.47 Hz | Latencia Red/Proc: 17.11 ms
2026-06-02 14:44:38.409 - [robot_6_log_20260602_144405.csv] - DEBUG - Incoming data. Topic 6/pos, mensaje {"x": 165.67, "y": 46.38, "yaw": 2.3, "timestamp": 1780404278.3904085}
2026-06-02 14:44:38.414 - [robot_6_log_20260602_144405.csv] - DEBUG - Posición actualizada por visión: x=165.67, y=46.38, θ=2.30
2026-06-02 14:44:38.414 - [robot_6_log_20260602_144405.csv] - DEBUG - Frecuencia: 65.16 Hz | Latencia Red/Proc: 23.95 ms
2026-06-02 14:44:38.414 - [robot_6_log_20260602_144405.csv] - DEBUG - Incoming data. Topic 6/pos, mensaje {"x": 165.67, "y": 46.38, "yaw": 2.3, "timestamp": 1780404278.3904085}
2026-06-02 14:44:38.419 - [robot_6_log_20260602_144405.csv] - DEBUG - Posición actualizada por visión: x=165.67, y=46.38, θ=2.30
2026-06-02 14:44:38.424 - [robot_6_log_20260602_144405.csv] - DEBUG - Frecuencia: 98.05 Hz | Latencia Red/Proc: 34.15 ms
2026-06-02 14:44:38.435 - [robot_6_log_20260602_144405.csv] - DEBUG - Incoming data. Topic agent/6/wheel, mensaje {"Wleft":8.089990848,"Wright":6.266470016}
2026-06-02 14:44:38.437 - [robot_6_log_20260602_144405.csv] - INFO - Usando posición VISION: x=165.67, y=46.38, θ=2.30
2026-06-02 14:44:38.437 - [robot_6_log_20260602_144405.csv] - INFO - Distancias a paredes: Left: 165.67, Right: 284.33, Top: 93.62, Bottom: 46.38
2026-06-02 14:44:38.437 - [robot_6_log_20260602_144405.csv] - INFO - Posicion: 165.67, 46.38, 2.3 | Velocidad: -0.7457052121767203, -0.6662760212798241
2026-06-02 14:44:38.437 - [robot_6_log_20260602_144405.csv] - INFO - None
2026-06-02 14:44:38.437 - [robot_6_log_20260602_144405.csv] - WARNING - Estado FSM: AVANZA | Target Wall: None | Target Theta: 102.90° |theta: 131.78029288008932 
2026-06-02 14:44:38.458 - [robot_6_log_20260602_144405.csv] - DEBUG - Despachado a ZMQ -> agent/6/move: {'v': 20.0, 'w': 0.0}
2026-06-02 14:44:38.487 - [robot_6_log_20260602_144405.csv] - INFO - Usando posición VISION: x=165.67, y=46.38, θ=2.30
2026-06-02 14:44:38.487 - [robot_6_log_20260602_144405.csv] - INFO - Distancias a paredes: Left: 165.67, Right: 284.33, Top: 93.62, Bottom: 46.38
2026-06-02 14:44:38.487 - [robot_6_log_20260602_144405.csv] - INFO - Posicion: 165.67, 46.38, 2.3 | Velocidad: -0.7457052121767203, -0.6662760212798241
2026-06-02 14:44:38.487 - [robot_6_log_20260602_144405.csv] - INFO - None
2026-06-02 14:44:38.487 - [robot_6_log_20260602_144405.csv] - DEBUG - Incoming data. Topic 6/pos, mensaje {"x": 164.43, "y": 44.9, "yaw": 2.299, "timestamp": 1780404278.4848247}
2026-06-02 14:44:38.487 - [robot_6_log_20260602_144405.csv] - WARNING - Estado FSM: AVANZA | Target Wall: None | Target Theta: 102.90° |theta: 131.78029288008932 
2026-06-02 14:44:38.487 - [robot_6_log_20260602_144405.csv] - DEBUG - Posición actualizada por visión: x=164.43, y=44.90, θ=2.30
2026-06-02 14:44:38.497 - [robot_6_log_20260602_144405.csv] - DEBUG - Frecuencia: 13.67 Hz | Latencia Red/Proc: 12.89 ms
2026-06-02 14:44:38.502 - [robot_6_log_20260602_144405.csv] - DEBUG - Despachado a ZMQ -> agent/6/move: {'v': 20.0, 'w': 0.0}
2026-06-02 14:44:38.502 - [robot_6_log_20260602_144405.csv] - DEBUG - Incoming data. Topic 6/pos, mensaje {"x": 164.43, "y": 44.9, "yaw": 2.299, "timestamp": 1780404278.4848247}
2026-06-02 14:44:38.508 - [robot_6_log_20260602_144405.csv] - DEBUG - Posición actualizada por visión: x=164.43, y=44.90, θ=2.30
2026-06-02 14:44:38.508 - [robot_6_log_20260602_144405.csv] - DEBUG - Frecuencia: 96.10 Hz | Latencia Red/Proc: 23.30 ms
2026-06-02 14:44:38.508 - [robot_6_log_20260602_144405.csv] - DEBUG - Incoming data. Topic 6/pos, mensaje {"x": 164.43, "y": 44.9, "yaw": 2.299, "timestamp": 1780404278.4962618}
2026-06-02 14:44:38.508 - [robot_6_log_20260602_144405.csv] - DEBUG - Posición actualizada por visión: x=164.43, y=44.90, θ=2.30
2026-06-02 14:44:38.508 - [robot_6_log_20260602_144405.csv] - DEBUG - Frecuencia: 10894.30 Hz | Latencia Red/Proc: 11.95 ms
2026-06-02 14:44:38.508 - [robot_6_log_20260602_144405.csv] - DEBUG - Incoming data. Topic agent/6/wheel, mensaje {"Wleft":8.06745247,"Wright":6.29347528}
2026-06-02 14:44:38.524 - [robot_6_log_20260602_144405.csv] - DEBUG - Incoming data. Topic 6/pos, mensaje {"x": 164.43, "y": 44.9, "yaw": 2.299, "timestamp": 1780404278.4962618}
2026-06-02 14:44:38.524 - [robot_6_log_20260602_144405.csv] - DEBUG - Posición actualizada por visión: x=164.43, y=44.90, θ=2.30
2026-06-02 14:44:38.529 - [robot_6_log_20260602_144405.csv] - DEBUG - Frecuencia: 46.54 Hz | Latencia Red/Proc: 33.44 ms
2026-06-02 14:44:38.537 - [robot_6_log_20260602_144405.csv] - INFO - Usando posición VISION: x=164.43, y=44.90, θ=2.30
2026-06-02 14:44:38.537 - [robot_6_log_20260602_144405.csv] - INFO - Distancias a paredes: Left: 164.43, Right: 285.57, Top: 95.10, Bottom: 44.90
2026-06-02 14:44:38.537 - [robot_6_log_20260602_144405.csv] - INFO - Posicion: 164.43, 44.9, 2.299 | Velocidad: -0.746371115234379, -0.6655299830539487
2026-06-02 14:44:38.537 - [robot_6_log_20260602_144405.csv] - INFO - None
2026-06-02 14:44:38.537 - [robot_6_log_20260602_144405.csv] - WARNING - Estado FSM: AVANZA | Target Wall: None | Target Theta: 102.90° |theta: 131.72299710057626 
2026-06-02 14:44:38.558 - [robot_6_log_20260602_144405.csv] - DEBUG - Despachado a ZMQ -> agent/6/move: {'v': 20.0, 'w': 0.0}
2026-06-02 14:44:38.587 - [robot_6_log_20260602_144405.csv] - INFO - Usando posición VISION: x=164.43, y=44.90, θ=2.30
2026-06-02 14:44:38.587 - [robot_6_log_20260602_144405.csv] - DEBUG - Incoming data. Topic 6/pos, mensaje {"x": 163.11, "y": 43.3, "yaw": 2.297, "timestamp": 1780404278.5824852}
2026-06-02 14:44:38.587 - [robot_6_log_20260602_144405.csv] - INFO - Distancias a paredes: Left: 164.43, Right: 285.57, Top: 95.10, Bottom: 44.90
2026-06-02 14:44:38.587 - [robot_6_log_20260602_144405.csv] - DEBUG - Posición actualizada por visión: x=163.11, y=43.30, θ=2.30
2026-06-02 14:44:38.587 - [robot_6_log_20260602_144405.csv] - INFO - Posicion: 164.43, 44.9, 2.299 | Velocidad: -0.746371115234379, -0.6655299830539487
2026-06-02 14:44:38.587 - [robot_6_log_20260602_144405.csv] - DEBUG - Frecuencia: 17.33 Hz | Latencia Red/Proc: 4.91 ms
2026-06-02 14:44:38.587 - [robot_6_log_20260602_144405.csv] - INFO - None
2026-06-02 14:44:38.587 - [robot_6_log_20260602_144405.csv] - DEBUG - Incoming data. Topic 6/pos, mensaje {"x": 163.11, "y": 43.3, "yaw": 2.297, "timestamp": 1780404278.5824852}
2026-06-02 14:44:38.587 - [robot_6_log_20260602_144405.csv] - WARNING - Estado FSM: AVANZA | Target Wall: None | Target Theta: 102.90° |theta: 131.72299710057626 
2026-06-02 14:44:38.587 - [robot_6_log_20260602_144405.csv] - DEBUG - Posición actualizada por visión: x=163.11, y=43.30, θ=2.30
2026-06-02 14:44:38.598 - [robot_6_log_20260602_144405.csv] - DEBUG - Frecuencia: 93.94 Hz | Latencia Red/Proc: 15.56 ms
2026-06-02 14:44:38.603 - [robot_6_log_20260602_144405.csv] - DEBUG - Despachado a ZMQ -> agent/6/move: {'v': 20.0, 'w': 0.0}
2026-06-02 14:44:38.603 - [robot_6_log_20260602_144405.csv] - DEBUG - Incoming data. Topic 6/pos, mensaje {"x": 163.11, "y": 43.3, "yaw": 2.297, "timestamp": 1780404278.5913951}
2026-06-02 14:44:38.608 - [robot_6_log_20260602_144405.csv] - DEBUG - Posición actualizada por visión: x=163.11, y=43.30, θ=2.30
2026-06-02 14:44:38.608 - [robot_6_log_20260602_144405.csv] - DEBUG - Frecuencia: 95.13 Hz | Latencia Red/Proc: 17.16 ms
2026-06-02 14:44:38.619 - [robot_6_log_20260602_144405.csv] - DEBUG - Incoming data. Topic 6/pos, mensaje {"x": 163.11, "y": 43.3, "yaw": 2.297, "timestamp": 1780404278.5913951}
2026-06-02 14:44:38.626 - [robot_6_log_20260602_144405.csv] - DEBUG - Posición actualizada por visión: x=163.11, y=43.30, θ=2.30
2026-06-02 14:44:38.631 - [robot_6_log_20260602_144405.csv] - DEBUG - Frecuencia: 44.02 Hz | Latencia Red/Proc: 39.88 ms
2026-06-02 14:44:38.636 - [robot_6_log_20260602_144405.csv] - DEBUG - Incoming data. Topic agent/6/wheel, mensaje {"Wleft":4.044833444,"Wright":6.31258}
2026-06-02 14:44:38.637 - [robot_6_log_20260602_144405.csv] - INFO - Usando posición VISION: x=163.11, y=43.30, θ=2.30
2026-06-02 14:44:38.637 - [robot_6_log_20260602_144405.csv] - INFO - Distancias a paredes: Left: 163.11, Right: 286.89, Top: 96.70, Bottom: 43.30
2026-06-02 14:44:38.637 - [robot_6_log_20260602_144405.csv] - INFO - Posicion: 163.11, 43.3, 2.297 | Velocidad: -0.7477006815713808, -0.664035910759119
2026-06-02 14:44:38.637 - [robot_6_log_20260602_144405.csv] - INFO - None
2026-06-02 14:44:38.637 - [robot_6_log_20260602_144405.csv] - WARNING - Estado FSM: AVANZA | Target Wall: None | Target Theta: 102.90° |theta: 131.6084055415501 
2026-06-02 14:44:38.658 - [robot_6_log_20260602_144405.csv] - DEBUG - Despachado a ZMQ -> agent/6/move: {'v': 20.0, 'w': 0.0}
2026-06-02 14:44:38.687 - [robot_6_log_20260602_144405.csv] - INFO - Usando posición VISION: x=163.11, y=43.30, θ=2.30
2026-06-02 14:44:38.687 - [robot_6_log_20260602_144405.csv] - DEBUG - Incoming data. Topic 6/pos, mensaje {"x": 161.89, "y": 41.83, "yaw": 2.29, "timestamp": 1780404278.6850564}
2026-06-02 14:44:38.687 - [robot_6_log_20260602_144405.csv] - INFO - Distancias a paredes: Left: 163.11, Right: 286.89, Top: 96.70, Bottom: 43.30
2026-06-02 14:44:38.687 - [robot_6_log_20260602_144405.csv] - DEBUG - Posición actualizada por visión: x=161.89, y=41.83, θ=2.29
2026-06-02 14:44:38.687 - [robot_6_log_20260602_144405.csv] - INFO - Posicion: 163.11, 43.3, 2.297 | Velocidad: -0.7477006815713808, -0.664035910759119
2026-06-02 14:44:38.687 - [robot_6_log_20260602_144405.csv] - DEBUG - Frecuencia: 17.82 Hz | Latencia Red/Proc: 2.32 ms
2026-06-02 14:44:38.687 - [robot_6_log_20260602_144405.csv] - INFO - None
2026-06-02 14:44:38.687 - [robot_6_log_20260602_144405.csv] - DEBUG - Incoming data. Topic 6/pos, mensaje {"x": 161.89, "y": 41.83, "yaw": 2.29, "timestamp": 1780404278.6850564}
2026-06-02 14:44:38.687 - [robot_6_log_20260602_144405.csv] - WARNING - Estado FSM: AVANZA | Target Wall: None | Target Theta: 102.90° |theta: 131.6084055415501 
2026-06-02 14:44:38.687 - [robot_6_log_20260602_144405.csv] - DEBUG - Posición actualizada por visión: x=161.89, y=41.83, θ=2.29
2026-06-02 14:44:38.697 - [robot_6_log_20260602_144405.csv] - DEBUG - Frecuencia: 95.38 Hz | Latencia Red/Proc: 12.80 ms
2026-06-02 14:44:38.708 - [robot_6_log_20260602_144405.csv] - DEBUG - Despachado a ZMQ -> agent/6/move: {'v': 20.0, 'w': 0.0}
2026-06-02 14:44:38.708 - [robot_6_log_20260602_144405.csv] - DEBUG - Incoming data. Topic 6/pos, mensaje {"x": 161.89, "y": 41.83, "yaw": 2.29, "timestamp": 1780404278.6965768}
2026-06-02 14:44:38.729 - [robot_6_log_20260602_144405.csv] - DEBUG - Posición actualizada por visión: x=161.89, y=41.83, θ=2.29
2026-06-02 14:44:38.734 - [robot_6_log_20260602_144405.csv] - DEBUG - Frecuencia: 27.15 Hz | Latencia Red/Proc: 38.11 ms
2026-06-02 14:44:38.737 - [robot_6_log_20260602_144405.csv] - INFO - Usando posición VISION: x=161.89, y=41.83, θ=2.29
2026-06-02 14:44:38.737 - [robot_6_log_20260602_144405.csv] - INFO - Distancias a paredes: Left: 161.89, Right: 288.11, Top: 98.17, Bottom: 41.83
2026-06-02 14:44:38.737 - [robot_6_log_20260602_144405.csv] - INFO - Posicion: 161.89, 41.83, 2.29 | Velocidad: -0.7523305763941707, -0.6587857799181878
2026-06-02 14:44:38.737 - [robot_6_log_20260602_144405.csv] - INFO - None
2026-06-02 14:44:38.737 - [robot_6_log_20260602_144405.csv] - DEBUG - Incoming data. Topic 6/pos, mensaje {"x": 161.89, "y": 41.83, "yaw": 2.29, "timestamp": 1780404278.6965768}
2026-06-02 14:44:38.737 - [robot_6_log_20260602_144405.csv] - DEBUG - Posición actualizada por visión: x=161.89, y=41.83, θ=2.29
2026-06-02 14:44:38.737 - [robot_6_log_20260602_144405.csv] - WARNING - Estado FSM: AVANZA | Target Wall: None | Target Theta: 102.90° |theta: 131.20733508495852 
2026-06-02 14:44:38.737 - [robot_6_log_20260602_144405.csv] - DEBUG - Frecuencia: 374.02 Hz | Latencia Red/Proc: 40.79 ms
2026-06-02 14:44:38.742 - [robot_6_log_20260602_144405.csv] - DEBUG - Despachado a ZMQ -> agent/6/move: {'v': 20.0, 'w': 0.0}
2026-06-02 14:44:38.768 - [robot_6_log_20260602_144405.csv] - DEBUG - Incoming data. Topic agent/6/wheel, mensaje {"Wleft":6.066725665,"Wright":6.239023579}
2026-06-02 14:44:38.787 - [robot_6_log_20260602_144405.csv] - INFO - Usando posición VISION: x=161.89, y=41.83, θ=2.29
2026-06-02 14:44:38.787 - [robot_6_log_20260602_144405.csv] - DEBUG - Incoming data. Topic 6/pos, mensaje {"x": 160.65, "y": 40.29, "yaw": 2.323, "timestamp": 1780404278.7860684}
2026-06-02 14:44:38.787 - [robot_6_log_20260602_144405.csv] - DEBUG - Posición actualizada por visión: x=160.65, y=40.29, θ=2.32
2026-06-02 14:44:38.787 - [robot_6_log_20260602_144405.csv] - INFO - Distancias a paredes: Left: 161.89, Right: 288.11, Top: 98.17, Bottom: 41.83
2026-06-02 14:44:38.787 - [robot_6_log_20260602_144405.csv] - DEBUG - Frecuencia: 19.98 Hz | Latencia Red/Proc: 1.35 ms
2026-06-02 14:44:38.787 - [robot_6_log_20260602_144405.csv] - INFO - Posicion: 161.89, 41.83, 2.29 | Velocidad: -0.7523305763941707, -0.6587857799181878
2026-06-02 14:44:38.787 - [robot_6_log_20260602_144405.csv] - INFO - None
2026-06-02 14:44:38.787 - [robot_6_log_20260602_144405.csv] - DEBUG - Incoming data. Topic 6/pos, mensaje {"x": 160.65, "y": 40.29, "yaw": 2.323, "timestamp": 1780404278.7860684}
2026-06-02 14:44:38.787 - [robot_6_log_20260602_144405.csv] - WARNING - Estado FSM: AVANZA | Target Wall: None | Target Theta: 102.90° |theta: 131.20733508495852 
2026-06-02 14:44:38.787 - [robot_6_log_20260602_144405.csv] - DEBUG - Posición actualizada por visión: x=160.65, y=40.29, θ=2.32
2026-06-02 14:44:38.797 - [robot_6_log_20260602_144405.csv] - DEBUG - Frecuencia: 95.24 Hz | Latencia Red/Proc: 11.85 ms
2026-06-02 14:44:38.808 - [robot_6_log_20260602_144405.csv] - DEBUG - Incoming data. Topic 6/pos, mensaje {"x": 160.65, "y": 40.29, "yaw": 2.323, "timestamp": 1780404278.7980158}
2026-06-02 14:44:38.813 - [robot_6_log_20260602_144405.csv] - DEBUG - Posición actualizada por visión: x=160.65, y=40.29, θ=2.32
2026-06-02 14:44:38.813 - [robot_6_log_20260602_144405.csv] - DEBUG - Despachado a ZMQ -> agent/6/move: {'v': 20.0, 'w': 0.0}
2026-06-02 14:44:38.823 - [robot_6_log_20260602_144405.csv] - DEBUG - Frecuencia: 39.07 Hz | Latencia Red/Proc: 25.49 ms
2026-06-02 14:44:38.837 - [robot_6_log_20260602_144405.csv] - INFO - Usando posición VISION: x=160.65, y=40.29, θ=2.32
2026-06-02 14:44:38.837 - [robot_6_log_20260602_144405.csv] - INFO - Distancias a paredes: Left: 160.65, Right: 289.35, Top: 99.71, Bottom: 40.29
2026-06-02 14:44:38.837 - [robot_6_log_20260602_144405.csv] - INFO - Posicion: 160.65, 40.29, 2.323 | Velocidad: -0.7301849844144531, -0.6832495067950396
2026-06-02 14:44:38.837 - [robot_6_log_20260602_144405.csv] - INFO - None
2026-06-02 14:44:38.837 - [robot_6_log_20260602_144405.csv] - WARNING - Estado FSM: AVANZA | Target Wall: None | Target Theta: 102.90° |theta: 133.09809580889024 
2026-06-02 14:44:38.847 - [robot_6_log_20260602_144405.csv] - DEBUG - Incoming data. Topic agent/6/wheel, mensaje {"Wleft":6.068746902,"Wright":6.55380865}
2026-06-02 14:44:38.852 - [robot_6_log_20260602_144405.csv] - DEBUG - Despachado a ZMQ -> agent/6/move: {'v': 20.0, 'w': 0.0}
2026-06-02 14:44:38.858 - [robot_6_log_20260602_144405.csv] - DEBUG - Incoming data. Topic 6/pos, mensaje {"x": 160.65, "y": 40.29, "yaw": 2.323, "timestamp": 1780404278.7980158}
2026-06-02 14:44:38.863 - [robot_6_log_20260602_144405.csv] - DEBUG - Posición actualizada por visión: x=160.65, y=40.29, θ=2.32
2026-06-02 14:44:38.863 - [robot_6_log_20260602_144405.csv] - DEBUG - Frecuencia: 25.20 Hz | Latencia Red/Proc: 65.18 ms
2026-06-02 14:44:38.886 - [robot_6_log_20260602_144405.csv] - DEBUG - Incoming data. Topic 6/pos, mensaje {"x": 159.45, "y": 38.85, "yaw": 2.339, "timestamp": 1780404278.8858056}
2026-06-02 14:44:38.887 - [robot_6_log_20260602_144405.csv] - INFO - Usando posición VISION: x=160.65, y=40.29, θ=2.32
2026-06-02 14:44:38.887 - [robot_6_log_20260602_144405.csv] - DEBUG - Posición actualizada por visión: x=159.45, y=38.85, θ=2.34
2026-06-02 14:44:38.887 - [robot_6_log_20260602_144405.csv] - INFO - Distancias a paredes: Left: 160.65, Right: 289.35, Top: 99.71, Bottom: 40.29
2026-06-02 14:44:38.887 - [robot_6_log_20260602_144405.csv] - DEBUG - Frecuencia: 41.62 Hz | Latencia Red/Proc: 1.42 ms
2026-06-02 14:44:38.887 - [robot_6_log_20260602_144405.csv] - INFO - Posicion: 160.65, 40.29, 2.323 | Velocidad: -0.7301849844144531, -0.6832495067950396
2026-06-02 14:44:38.887 - [robot_6_log_20260602_144405.csv] - INFO - None
2026-06-02 14:44:38.887 - [robot_6_log_20260602_144405.csv] - DEBUG - Incoming data. Topic 6/pos, mensaje {"x": 159.45, "y": 38.85, "yaw": 2.339, "timestamp": 1780404278.8858056}
2026-06-02 14:44:38.887 - [robot_6_log_20260602_144405.csv] - WARNING - Estado FSM: AVANZA | Target Wall: None | Target Theta: 102.90° |theta: 133.09809580889024 
2026-06-02 14:44:38.887 - [robot_6_log_20260602_144405.csv] - DEBUG - Posición actualizada por visión: x=159.45, y=38.85, θ=2.34
2026-06-02 14:44:38.897 - [robot_6_log_20260602_144405.csv] - DEBUG - Frecuencia: 95.82 Hz | Latencia Red/Proc: 11.86 ms
2026-06-02 14:44:38.907 - [robot_6_log_20260602_144405.csv] - DEBUG - Despachado a ZMQ -> agent/6/move: {'v': 20.0, 'w': 0.0}
2026-06-02 14:44:38.907 - [robot_6_log_20260602_144405.csv] - DEBUG - Incoming data. Topic 6/pos, mensaje {"x": 159.45, "y": 38.85, "yaw": 2.339, "timestamp": 1780404278.89533}
2026-06-02 14:44:38.919 - [robot_6_log_20260602_144405.csv] - DEBUG - Posición actualizada por visión: x=159.45, y=38.85, θ=2.34
2026-06-02 14:44:38.924 - [robot_6_log_20260602_144405.csv] - DEBUG - Frecuencia: 37.49 Hz | Latencia Red/Proc: 29.01 ms
2026-06-02 14:44:38.929 - [robot_6_log_20260602_144405.csv] - DEBUG - Incoming data. Topic 6/pos, mensaje {"x": 159.45, "y": 38.85, "yaw": 2.339, "timestamp": 1780404278.89533}
2026-06-02 14:44:38.934 - [robot_6_log_20260602_144405.csv] - DEBUG - Posición actualizada por visión: x=159.45, y=38.85, θ=2.34
2026-06-02 14:44:38.934 - [robot_6_log_20260602_144405.csv] - DEBUG - Frecuencia: 96.74 Hz | Latencia Red/Proc: 39.34 ms
2026-06-02 14:44:38.937 - [robot_6_log_20260602_144405.csv] - INFO - Usando posición VISION: x=159.45, y=38.85, θ=2.34
2026-06-02 14:44:38.937 - [robot_6_log_20260602_144405.csv] - INFO - Distancias a paredes: Left: 159.45, Right: 290.55, Top: 101.15, Bottom: 38.85
2026-06-02 14:44:38.937 - [robot_6_log_20260602_144405.csv] - INFO - Posicion: 159.45, 38.85, 2.339 | Velocidad: -0.7191599970472953, -0.6948445140079429
2026-06-02 14:44:38.937 - [robot_6_log_20260602_144405.csv] - INFO - None
2026-06-02 14:44:38.937 - [robot_6_log_20260602_144405.csv] - WARNING - Estado FSM: AVANZA | Target Wall: None | Target Theta: 102.90° |theta: 134.01482828109954 
2026-06-02 14:44:38.953 - [robot_6_log_20260602_144405.csv] - DEBUG - Despachado a ZMQ -> agent/6/move: {'v': 20.0, 'w': 0.0}
2026-06-02 14:44:38.969 - [robot_6_log_20260602_144405.csv] - DEBUG - Incoming data. Topic agent/6/wheel, mensaje {"Wleft":4.038720677,"Wright":6.182390139}
2026-06-02 14:44:38.987 - [robot_6_log_20260602_144405.csv] - INFO - Usando posición VISION: x=159.45, y=38.85, θ=2.34
2026-06-02 14:44:38.987 - [robot_6_log_20260602_144405.csv] - INFO - Distancias a paredes: Left: 159.45, Right: 290.55, Top: 101.15, Bottom: 38.85
2026-06-02 14:44:38.987 - [robot_6_log_20260602_144405.csv] - INFO - Posicion: 159.45, 38.85, 2.339 | Velocidad: -0.7191599970472953, -0.6948445140079429
2026-06-02 14:44:38.987 - [robot_6_log_20260602_144405.csv] - INFO - None
2026-06-02 14:44:38.987 - [robot_6_log_20260602_144405.csv] - WARNING - Estado FSM: AVANZA | Target Wall: None | Target Theta: 102.90° |theta: 134.01482828109954 
2026-06-02 14:44:38.992 - [robot_6_log_20260602_144405.csv] - DEBUG - Incoming data. Topic 6/pos, mensaje {"x": 158.25, "y": 37.35, "yaw": 2.372, "timestamp": 1780404278.9878736}
2026-06-02 14:44:39.003 - [robot_6_log_20260602_144405.csv] - DEBUG - Posición actualizada por visión: x=158.25, y=37.35, θ=2.37
2026-06-02 14:44:39.008 - [robot_6_log_20260602_144405.csv] - DEBUG - Frecuencia: 13.56 Hz | Latencia Red/Proc: 20.54 ms
2026-06-02 14:44:39.008 - [robot_6_log_20260602_144405.csv] - DEBUG - Despachado a ZMQ -> agent/6/move: {'v': 20.0, 'w': 0.0}
2026-06-02 14:44:39.023 - [robot_6_log_20260602_144405.csv] - DEBUG - Incoming data. Topic 6/pos, mensaje {"x": 158.25, "y": 37.35, "yaw": 2.372, "timestamp": 1780404278.9878736}
2026-06-02 14:44:39.029 - [robot_6_log_20260602_144405.csv] - DEBUG - Posición actualizada por visión: x=158.25, y=37.35, θ=2.37
2026-06-02 14:44:39.034 - [robot_6_log_20260602_144405.csv] - DEBUG - Frecuencia: 38.68 Hz | Latencia Red/Proc: 46.39 ms
2026-06-02 14:44:39.037 - [robot_6_log_20260602_144405.csv] - INFO - Usando posición VISION: x=158.25, y=37.35, θ=2.37
2026-06-02 14:44:39.037 - [robot_6_log_20260602_144405.csv] - DEBUG - Incoming data. Topic 6/pos, mensaje {"x": 158.25, "y": 37.35, "yaw": 2.372, "timestamp": 1780404278.9987786}
2026-06-02 14:44:39.037 - [robot_6_log_20260602_144405.csv] - DEBUG - Posición actualizada por visión: x=158.25, y=37.35, θ=2.37
2026-06-02 14:44:39.037 - [robot_6_log_20260602_144405.csv] - DEBUG - Frecuencia: 325.52 Hz | Latencia Red/Proc: 38.56 ms
2026-06-02 14:44:39.037 - [robot_6_log_20260602_144405.csv] - INFO - Distancias a paredes: Left: 158.25, Right: 291.75, Top: 102.65, Bottom: 37.35
2026-06-02 14:44:39.037 - [robot_6_log_20260602_144405.csv] - DEBUG - Incoming data. Topic 6/pos, mensaje {"x": 158.25, "y": 37.35, "yaw": 2.372, "timestamp": 1780404278.9987786}
2026-06-02 14:44:39.037 - [robot_6_log_20260602_144405.csv] - INFO - Posicion: 158.25, 37.35, 2.372 | Velocidad: -0.6958427425460877, -0.7181941782317225
2026-06-02 14:44:39.037 - [robot_6_log_20260602_144405.csv] - DEBUG - Posición actualizada por visión: x=158.25, y=37.35, θ=2.37
2026-06-02 14:44:39.037 - [robot_6_log_20260602_144405.csv] - INFO - None
2026-06-02 14:44:39.037 - [robot_6_log_20260602_144405.csv] - DEBUG - Frecuencia: 5391.14 Hz | Latencia Red/Proc: 38.74 ms
2026-06-02 14:44:39.037 - [robot_6_log_20260602_144405.csv] - WARNING - Estado FSM: AVANZA | Target Wall: None | Target Theta: 102.90° |theta: 135.90558900503126 
2026-06-02 14:44:39.042 - [robot_6_log_20260602_144405.csv] - DEBUG - Incoming data. Topic agent/6/wheel, mensaje {"Wleft":4.045016899,"Wright":6.668181514}
2026-06-02 14:44:39.063 - [robot_6_log_20260602_144405.csv] - DEBUG - Despachado a ZMQ -> agent/6/move: {'v': 20.0, 'w': 0.0}
2026-06-02 14:44:39.087 - [robot_6_log_20260602_144405.csv] - INFO - Usando posición VISION: x=158.25, y=37.35, θ=2.37
2026-06-02 14:44:39.087 - [robot_6_log_20260602_144405.csv] - INFO - Distancias a paredes: Left: 158.25, Right: 291.75, Top: 102.65, Bottom: 37.35
2026-06-02 14:44:39.087 - [robot_6_log_20260602_144405.csv] - INFO - Posicion: 158.25, 37.35, 2.372 | Velocidad: -0.6958427425460877, -0.7181941782317225
2026-06-02 14:44:39.087 - [robot_6_log_20260602_144405.csv] - INFO - None
2026-06-02 14:44:39.087 - [robot_6_log_20260602_144405.csv] - WARNING - Estado FSM: AVANZA | Target Wall: None | Target Theta: 102.90° |theta: 135.90558900503126 
2026-06-02 14:44:39.093 - [robot_6_log_20260602_144405.csv] - DEBUG - Incoming data. Topic 6/pos, mensaje {"x": 157.09, "y": 35.93, "yaw": 2.375, "timestamp": 1780404279.087851}
2026-06-02 14:44:39.098 - [robot_6_log_20260602_144405.csv] - DEBUG - Posición actualizada por visión: x=157.09, y=35.93, θ=2.38
2026-06-02 14:44:39.103 - [robot_6_log_20260602_144405.csv] - DEBUG - Frecuencia: 15.09 Hz | Latencia Red/Proc: 15.93 ms
2026-06-02 14:44:39.114 - [robot_6_log_20260602_144405.csv] - DEBUG - Incoming data. Topic 6/pos, mensaje {"x": 157.09, "y": 35.93, "yaw": 2.375, "timestamp": 1780404279.087851}
2026-06-02 14:44:39.114 - [robot_6_log_20260602_144405.csv] - DEBUG - Posición actualizada por visión: x=157.09, y=35.93, θ=2.38
2026-06-02 14:44:39.119 - [robot_6_log_20260602_144405.csv] - DEBUG - Frecuencia: 64.38 Hz | Latencia Red/Proc: 31.46 ms
2026-06-02 14:44:39.124 - [robot_6_log_20260602_144405.csv] - DEBUG - Incoming data. Topic 6/pos, mensaje {"x": 157.09, "y": 35.93, "yaw": 2.375, "timestamp": 1780404279.0980062}
2026-06-02 14:44:39.124 - [robot_6_log_20260602_144405.csv] - DEBUG - Posición actualizada por visión: x=157.09, y=35.93, θ=2.38
2026-06-02 14:44:39.124 - [robot_6_log_20260602_144405.csv] - DEBUG - Frecuencia: 184.31 Hz | Latencia Red/Proc: 26.73 ms
2026-06-02 14:44:39.124 - [robot_6_log_20260602_144405.csv] - DEBUG - Incoming data. Topic 6/pos, mensaje {"x": 157.09, "y": 35.93, "yaw": 2.375, "timestamp": 1780404279.0980062}
2026-06-02 14:44:39.124 - [robot_6_log_20260602_144405.csv] - DEBUG - Posición actualizada por visión: x=157.09, y=35.93, θ=2.38
2026-06-02 14:44:39.124 - [robot_6_log_20260602_144405.csv] - DEBUG - Frecuencia: 12087.33 Hz | Latencia Red/Proc: 26.81 ms
2026-06-02 14:44:39.135 - [robot_6_log_20260602_144405.csv] - DEBUG - Despachado a ZMQ -> agent/6/move: {'v': 20.0, 'w': 0.0}
2026-06-02 14:44:39.135 - [robot_6_log_20260602_144405.csv] - DEBUG - Incoming data. Topic agent/6/wheel, mensaje {"Wleft":6.067702309,"Wright":6.240371339}
2026-06-02 14:44:39.137 - [robot_6_log_20260602_144405.csv] - INFO - Usando posición VISION: x=157.09, y=35.93, θ=2.38
2026-06-02 14:44:39.137 - [robot_6_log_20260602_144405.csv] - INFO - Distancias a paredes: Left: 157.09, Right: 292.91, Top: 104.07, Bottom: 35.93
2026-06-02 14:44:39.137 - [robot_6_log_20260602_144405.csv] - INFO - Posicion: 157.09, 35.93, 2.375 | Velocidad: -0.6936850319532718, -0.7202784714566918
2026-06-02 14:44:39.137 - [robot_6_log_20260602_144405.csv] - INFO - None
2026-06-02 14:44:39.137 - [robot_6_log_20260602_144405.csv] - WARNING - Estado FSM: AVANZA | Target Wall: None | Target Theta: 102.90° |theta: 136.0774763435705 
2026-06-02 14:44:39.159 - [robot_6_log_20260602_144405.csv] - DEBUG - Despachado a ZMQ -> agent/6/move: {'v': 20.0, 'w': 0.0}
2026-06-02 14:44:39.187 - [robot_6_log_20260602_144405.csv] - INFO - Usando posición VISION: x=157.09, y=35.93, θ=2.38
2026-06-02 14:44:39.187 - [robot_6_log_20260602_144405.csv] - INFO - Distancias a paredes: Left: 157.09, Right: 292.91, Top: 104.07, Bottom: 35.93
2026-06-02 14:44:39.187 - [robot_6_log_20260602_144405.csv] - INFO - Posicion: 157.09, 35.93, 2.375 | Velocidad: -0.6936850319532718, -0.7202784714566918
2026-06-02 14:44:39.187 - [robot_6_log_20260602_144405.csv] - INFO - None
2026-06-02 14:44:39.187 - [robot_6_log_20260602_144405.csv] - WARNING - Estado FSM: AVANZA | Target Wall: None | Target Theta: 102.90° |theta: 136.0774763435705 
2026-06-02 14:44:39.192 - [robot_6_log_20260602_144405.csv] - DEBUG - Incoming data. Topic 6/pos, mensaje {"x": 155.94, "y": 34.46, "yaw": 2.388, "timestamp": 1780404279.1890125}
2026-06-02 14:44:39.197 - [robot_6_log_20260602_144405.csv] - DEBUG - Posición actualizada por visión: x=155.94, y=34.46, θ=2.39
2026-06-02 14:44:39.197 - [robot_6_log_20260602_144405.csv] - DEBUG - Frecuencia: 13.68 Hz | Latencia Red/Proc: 8.93 ms
2026-06-02 14:44:39.213 - [robot_6_log_20260602_144405.csv] - DEBUG - Despachado a ZMQ -> agent/6/move: {'v': 20.0, 'w': 0.0}
2026-06-02 14:44:39.230 - [robot_6_log_20260602_144405.csv] - DEBUG - Incoming data. Topic 6/pos, mensaje {"x": 155.94, "y": 34.46, "yaw": 2.388, "timestamp": 1780404279.1890125}
2026-06-02 14:44:39.235 - [robot_6_log_20260602_144405.csv] - DEBUG - Posición actualizada por visión: x=155.94, y=34.46, θ=2.39
2026-06-02 14:44:39.237 - [robot_6_log_20260602_144405.csv] - DEBUG - Frecuencia: 25.48 Hz | Latencia Red/Proc: 48.17 ms
2026-06-02 14:44:39.237 - [robot_6_log_20260602_144405.csv] - INFO - Usando posición VISION: x=155.94, y=34.46, θ=2.39
2026-06-02 14:44:39.237 - [robot_6_log_20260602_144405.csv] - INFO - Distancias a paredes: Left: 155.94, Right: 294.06, Top: 105.54, Bottom: 34.46
2026-06-02 14:44:39.237 - [robot_6_log_20260602_144405.csv] - INFO - Posicion: 155.94, 34.46, 2.388 | Velocidad: -0.6842630600043826, -0.7292352601962131
2026-06-02 14:44:39.237 - [robot_6_log_20260602_144405.csv] - DEBUG - Incoming data. Topic 6/pos, mensaje {"x": 155.94, "y": 34.46, "yaw": 2.388, "timestamp": 1780404279.1994033}
2026-06-02 14:44:39.237 - [robot_6_log_20260602_144405.csv] - INFO - None
2026-06-02 14:44:39.237 - [robot_6_log_20260602_144405.csv] - WARNING - Estado FSM: AVANZA | Target Wall: None | Target Theta: 102.90° |theta: 136.8223214772406 
2026-06-02 14:44:39.237 - [robot_6_log_20260602_144405.csv] - DEBUG - Posición actualizada por visión: x=155.94, y=34.46, θ=2.39
2026-06-02 14:44:39.242 - [robot_6_log_20260602_144405.csv] - DEBUG - Despachado a ZMQ -> agent/6/move: {'v': 20.0, 'w': 0.0}
2026-06-02 14:44:39.258 - [robot_6_log_20260602_144405.csv] - DEBUG - Frecuencia: 47.81 Hz | Latencia Red/Proc: 58.70 ms
2026-06-02 14:44:39.287 - [robot_6_log_20260602_144405.csv] - INFO - Usando posición VISION: x=155.94, y=34.46, θ=2.39
2026-06-02 14:44:39.287 - [robot_6_log_20260602_144405.csv] - INFO - Distancias a paredes: Left: 155.94, Right: 294.06, Top: 105.54, Bottom: 34.46
2026-06-02 14:44:39.287 - [robot_6_log_20260602_144405.csv] - INFO - Posicion: 155.94, 34.46, 2.388 | Velocidad: -0.6842630600043826, -0.7292352601962131
2026-06-02 14:44:39.287 - [robot_6_log_20260602_144405.csv] - INFO - None
2026-06-02 14:44:39.287 - [robot_6_log_20260602_144405.csv] - DEBUG - Incoming data. Topic 6/pos, mensaje {"x": 155.94, "y": 34.46, "yaw": 2.388, "timestamp": 1780404279.1994033}
2026-06-02 14:44:39.287 - [robot_6_log_20260602_144405.csv] - WARNING - Estado FSM: AVANZA | Target Wall: None | Target Theta: 102.90° |theta: 136.8223214772406 
2026-06-02 14:44:39.287 - [robot_6_log_20260602_144405.csv] - DEBUG - Posición actualizada por visión: x=155.94, y=34.46, θ=2.39
2026-06-02 14:44:39.297 - [robot_6_log_20260602_144405.csv] - DEBUG - Frecuencia: 25.26 Hz | Latencia Red/Proc: 98.28 ms
2026-06-02 14:44:39.297 - [robot_6_log_20260602_144405.csv] - DEBUG - Incoming data. Topic agent/6/wheel, mensaje {"Wleft":8.10709722,"Wright":6.587837707}
2026-06-02 14:44:39.297 - [robot_6_log_20260602_144405.csv] - DEBUG - Despachado a ZMQ -> agent/6/move: {'v': 20.0, 'w': 0.0}
2026-06-02 14:44:39.303 - [robot_6_log_20260602_144405.csv] - DEBUG - Incoming data. Topic 6/pos, mensaje {"x": 154.84, "y": 32.95, "yaw": 2.394, "timestamp": 1780404279.2849963}
2026-06-02 14:44:39.324 - [robot_6_log_20260602_144405.csv] - DEBUG - Posición actualizada por visión: x=154.84, y=32.95, θ=2.39
2026-06-02 14:44:39.329 - [robot_6_log_20260602_144405.csv] - DEBUG - Frecuencia: 31.12 Hz | Latencia Red/Proc: 44.82 ms
2026-06-02 14:44:39.335 - [robot_6_log_20260602_144405.csv] - DEBUG - Incoming data. Topic 6/pos, mensaje {"x": 154.84, "y": 32.95, "yaw": 2.394, "timestamp": 1780404279.2849963}
2026-06-02 14:44:39.335 - [robot_6_log_20260602_144405.csv] - DEBUG - Posición actualizada por visión: x=154.84, y=32.95, θ=2.39
2026-06-02 14:44:39.337 - [robot_6_log_20260602_144405.csv] - INFO - Usando posición VISION: x=154.84, y=32.95, θ=2.39
2026-06-02 14:44:39.337 - [robot_6_log_20260602_144405.csv] - INFO - Distancias a paredes: Left: 154.84, Right: 295.16, Top: 107.05, Bottom: 32.95
2026-06-02 14:44:39.337 - [robot_6_log_20260602_144405.csv] - INFO - Posicion: 154.84, 32.95, 2.394 | Velocidad: -0.6798753579974974, -0.7333276877275089
2026-06-02 14:44:39.337 - [robot_6_log_20260602_144405.csv] - DEBUG - Frecuencia: 134.26 Hz | Latencia Red/Proc: 52.27 ms
2026-06-02 14:44:39.337 - [robot_6_log_20260602_144405.csv] - INFO - None
2026-06-02 14:44:39.337 - [robot_6_log_20260602_144405.csv] - DEBUG - Incoming data. Topic 6/pos, mensaje {"x": 154.84, "y": 32.95, "yaw": 2.394, "timestamp": 1780404279.2963243}
2026-06-02 14:44:39.337 - [robot_6_log_20260602_144405.csv] - WARNING - Estado FSM: AVANZA | Target Wall: None | Target Theta: 102.90° |theta: 137.1660961543191 
2026-06-02 14:44:39.337 - [robot_6_log_20260602_144405.csv] - DEBUG - Posición actualizada por visión: x=154.84, y=32.95, θ=2.39
2026-06-02 14:44:39.353 - [robot_6_log_20260602_144405.csv] - DEBUG - Frecuencia: 63.35 Hz | Latencia Red/Proc: 56.73 ms
2026-06-02 14:44:39.353 - [robot_6_log_20260602_144405.csv] - DEBUG - Despachado a ZMQ -> agent/6/move: {'v': 20.0, 'w': 0.0}
2026-06-02 14:44:39.379 - [robot_6_log_20260602_144405.csv] - DEBUG - Incoming data. Topic 6/pos, mensaje {"x": 154.84, "y": 32.95, "yaw": 2.394, "timestamp": 1780404279.2963243}
2026-06-02 14:44:39.384 - [robot_6_log_20260602_144405.csv] - DEBUG - Posición actualizada por visión: x=154.84, y=32.95, θ=2.39
2026-06-02 14:44:39.387 - [robot_6_log_20260602_144405.csv] - DEBUG - Frecuencia: 29.34 Hz | Latencia Red/Proc: 90.81 ms
2026-06-02 14:44:39.387 - [robot_6_log_20260602_144405.csv] - DEBUG - Incoming data. Topic agent/6/wheel, mensaje {"Wleft":2.022733206,"Wright":6.027577096}
2026-06-02 14:44:39.387 - [robot_6_log_20260602_144405.csv] - INFO - Usando posición VISION: x=154.84, y=32.95, θ=2.39
2026-06-02 14:44:39.387 - [robot_6_log_20260602_144405.csv] - DEBUG - Incoming data. Topic 6/pos, mensaje {"x": 153.82, "y": 31.37, "yaw": 2.404, "timestamp": 1780404279.3848886}
2026-06-02 14:44:39.387 - [robot_6_log_20260602_144405.csv] - INFO - Distancias a paredes: Left: 154.84, Right: 295.16, Top: 107.05, Bottom: 32.95
2026-06-02 14:44:39.387 - [robot_6_log_20260602_144405.csv] - DEBUG - Posición actualizada por visión: x=153.82, y=31.37, θ=2.40
2026-06-02 14:44:39.387 - [robot_6_log_20260602_144405.csv] - INFO - Posicion: 154.84, 32.95, 2.394 | Velocidad: -0.6798753579974974, -0.7333276877275089
2026-06-02 14:44:39.387 - [robot_6_log_20260602_144405.csv] - DEBUG - Frecuencia: 3486.54 Hz | Latencia Red/Proc: 2.53 ms
2026-06-02 14:44:39.387 - [robot_6_log_20260602_144405.csv] - INFO - None
2026-06-02 14:44:39.387 - [robot_6_log_20260602_144405.csv] - DEBUG - Incoming data. Topic 6/pos, mensaje {"x": 153.82, "y": 31.37, "yaw": 2.404, "timestamp": 1780404279.3848886}
2026-06-02 14:44:39.387 - [robot_6_log_20260602_144405.csv] - WARNING - Estado FSM: AVANZA | Target Wall: None | Target Theta: 102.90° |theta: 137.1660961543191 
2026-06-02 14:44:39.387 - [robot_6_log_20260602_144405.csv] - DEBUG - Posición actualizada por visión: x=153.82, y=31.37, θ=2.40
2026-06-02 14:44:39.392 - [robot_6_log_20260602_144405.csv] - DEBUG - Frecuencia: 185.89 Hz | Latencia Red/Proc: 7.91 ms
2026-06-02 14:44:39.401 - [robot_6_log_20260602_144405.csv] - DEBUG - Incoming data. Topic 6/pos, mensaje {"x": 153.82, "y": 31.37, "yaw": 2.404, "timestamp": 1780404279.3961651}
2026-06-02 14:44:39.406 - [robot_6_log_20260602_144405.csv] - DEBUG - Posición actualizada por visión: x=153.82, y=31.37, θ=2.40
2026-06-02 14:44:39.406 - [robot_6_log_20260602_144405.csv] - DEBUG - Despachado a ZMQ -> agent/6/move: {'v': 20.0, 'w': 0.0}
2026-06-02 14:44:39.416 - [robot_6_log_20260602_144405.csv] - DEBUG - Frecuencia: 41.54 Hz | Latencia Red/Proc: 20.71 ms
2026-06-02 14:44:39.427 - [robot_6_log_20260602_144405.csv] - DEBUG - Incoming data. Topic 6/pos, mensaje {"x": 153.82, "y": 31.37, "yaw": 2.404, "timestamp": 1780404279.3961651}
2026-06-02 14:44:39.427 - [robot_6_log_20260602_144405.csv] - DEBUG - Posición actualizada por visión: x=153.82, y=31.37, θ=2.40
2026-06-02 14:44:39.427 - [robot_6_log_20260602_144405.csv] - DEBUG - Frecuencia: 95.83 Hz | Latencia Red/Proc: 31.14 ms
2026-06-02 14:44:39.437 - [robot_6_log_20260602_144405.csv] - INFO - Usando posición VISION: x=153.82, y=31.37, θ=2.40
2026-06-02 14:44:39.437 - [robot_6_log_20260602_144405.csv] - INFO - Distancias a paredes: Left: 153.82, Right: 296.18, Top: 108.63, Bottom: 31.37
2026-06-02 14:44:39.437 - [robot_6_log_20260602_144405.csv] - INFO - Posicion: 153.82, 31.37, 2.404 | Velocidad: -0.6725082098562732, -0.7400896619166564
2026-06-02 14:44:39.437 - [robot_6_log_20260602_144405.csv] - INFO - None
2026-06-02 14:44:39.437 - [robot_6_log_20260602_144405.csv] - WARNING - Estado FSM: AVANZA | Target Wall: None | Target Theta: 102.90° |theta: 137.7390539494499 
2026-06-02 14:44:39.447 - [robot_6_log_20260602_144405.csv] - DEBUG - Despachado a ZMQ -> agent/6/move: {'v': 20.0, 'w': 0.0}
2026-06-02 14:44:39.453 - [robot_6_log_20260602_144405.csv] - DEBUG - Incoming data. Topic agent/6/wheel, mensaje {"Wleft":2.045261908,"Wright":6.501319577}
2026-06-02 14:44:39.487 - [robot_6_log_20260602_144405.csv] - INFO - Usando posición VISION: x=153.82, y=31.37, θ=2.40
2026-06-02 14:44:39.487 - [robot_6_log_20260602_144405.csv] - INFO - Distancias a paredes: Left: 153.82, Right: 296.18, Top: 108.63, Bottom: 31.37
2026-06-02 14:44:39.487 - [robot_6_log_20260602_144405.csv] - INFO - Posicion: 153.82, 31.37, 2.404 | Velocidad: -0.6725082098562732, -0.7400896619166564
2026-06-02 14:44:39.487 - [robot_6_log_20260602_144405.csv] - INFO - None
2026-06-02 14:44:39.487 - [robot_6_log_20260602_144405.csv] - DEBUG - Incoming data. Topic 6/pos, mensaje {"x": 152.89, "y": 29.76, "yaw": 2.419, "timestamp": 1780404279.4839842}
2026-06-02 14:44:39.487 - [robot_6_log_20260602_144405.csv] - WARNING - Estado FSM: AVANZA | Target Wall: None | Target Theta: 102.90° |theta: 137.7390539494499 
2026-06-02 14:44:39.487 - [robot_6_log_20260602_144405.csv] - DEBUG - Posición actualizada por visión: x=152.89, y=29.76, θ=2.42
2026-06-02 14:44:39.497 - [robot_6_log_20260602_144405.csv] - DEBUG - Frecuencia: 14.22 Hz | Latencia Red/Proc: 13.65 ms
2026-06-02 14:44:39.497 - [robot_6_log_20260602_144405.csv] - DEBUG - Incoming data. Topic 6/pos, mensaje {"x": 152.89, "y": 29.76, "yaw": 2.419, "timestamp": 1780404279.4839842}
2026-06-02 14:44:39.497 - [robot_6_log_20260602_144405.csv] - DEBUG - Posición actualizada por visión: x=152.89, y=29.76, θ=2.42
2026-06-02 14:44:39.497 - [robot_6_log_20260602_144405.csv] - DEBUG - Frecuencia: 7825.19 Hz | Latencia Red/Proc: 13.78 ms
2026-06-02 14:44:39.497 - [robot_6_log_20260602_144405.csv] - DEBUG - Incoming data. Topic 6/pos, mensaje {"x": 152.89, "y": 29.76, "yaw": 2.419, "timestamp": 1780404279.494748}
2026-06-02 14:44:39.497 - [robot_6_log_20260602_144405.csv] - DEBUG - Posición actualizada por visión: x=152.89, y=29.76, θ=2.42
2026-06-02 14:44:39.497 - [robot_6_log_20260602_144405.csv] - DEBUG - Frecuencia: 10922.67 Hz | Latencia Red/Proc: 3.11 ms
2026-06-02 14:44:39.497 - [robot_6_log_20260602_144405.csv] - DEBUG - Incoming data. Topic 6/pos, mensaje {"x": 152.89, "y": 29.76, "yaw": 2.419, "timestamp": 1780404279.494748}
2026-06-02 14:44:39.503 - [robot_6_log_20260602_144405.csv] - DEBUG - Despachado a ZMQ -> agent/6/move: {'v': 20.0, 'w': 0.0}
2026-06-02 14:44:39.503 - [robot_6_log_20260602_144405.csv] - DEBUG - Posición actualizada por visión: x=152.89, y=29.76, θ=2.42
2026-06-02 14:44:39.529 - [robot_6_log_20260602_144405.csv] - DEBUG - Frecuencia: 31.67 Hz | Latencia Red/Proc: 34.69 ms
2026-06-02 14:44:39.537 - [robot_6_log_20260602_144405.csv] - INFO - Usando posición VISION: x=152.89, y=29.76, θ=2.42
2026-06-02 14:44:39.537 - [robot_6_log_20260602_144405.csv] - INFO - Distancias a paredes: Left: 152.89, Right: 297.11, Top: 110.24, Bottom: 29.76
2026-06-02 14:44:39.537 - [robot_6_log_20260602_144405.csv] - INFO - Posicion: 152.89, 29.76, 2.419 | Velocidad: -0.6613316254682273, -0.7500936482570375
2026-06-02 14:44:39.537 - [robot_6_log_20260602_144405.csv] - INFO - None
2026-06-02 14:44:39.537 - [robot_6_log_20260602_144405.csv] - WARNING - Estado FSM: AVANZA | Target Wall: None | Target Theta: 102.90° |theta: 138.59849064214615 
2026-06-02 14:44:39.543 - [robot_6_log_20260602_144405.csv] - DEBUG - Incoming data. Topic agent/6/wheel, mensaje {"Wleft":4.033555128,"Wright":6.051986881}
2026-06-02 14:44:39.558 - [robot_6_log_20260602_144405.csv] - DEBUG - Despachado a ZMQ -> agent/6/move: {'v': 20.0, 'w': 0.0}
2026-06-02 14:44:39.587 - [robot_6_log_20260602_144405.csv] - INFO - Usando posición VISION: x=152.89, y=29.76, θ=2.42
2026-06-02 14:44:39.587 - [robot_6_log_20260602_144405.csv] - DEBUG - Incoming data. Topic 6/pos, mensaje {"x": 151.91, "y": 27.98, "yaw": 2.425, "timestamp": 1780404279.583918}
2026-06-02 14:44:39.587 - [robot_6_log_20260602_144405.csv] - INFO - Distancias a paredes: Left: 152.89, Right: 297.11, Top: 110.24, Bottom: 29.76
2026-06-02 14:44:39.587 - [robot_6_log_20260602_144405.csv] - INFO - Posicion: 152.89, 29.76, 2.419 | Velocidad: -0.6613316254682273, -0.7500936482570375
2026-06-02 14:44:39.587 - [robot_6_log_20260602_144405.csv] - INFO - None
2026-06-02 14:44:39.587 - [robot_6_log_20260602_144405.csv] - DEBUG - Posición actualizada por visión: x=151.91, y=27.98, θ=2.42
2026-06-02 14:44:39.587 - [robot_6_log_20260602_144405.csv] - WARNING - Estado FSM: AVANZA | Target Wall: None | Target Theta: 102.90° |theta: 138.59849064214615 
2026-06-02 14:44:39.587 - [robot_6_log_20260602_144405.csv] - DEBUG - Frecuencia: 17.20 Hz | Latencia Red/Proc: 3.65 ms
2026-06-02 14:44:39.603 - [robot_6_log_20260602_144405.csv] - DEBUG - Incoming data. Topic 6/pos, mensaje {"x": 151.91, "y": 27.98, "yaw": 2.425, "timestamp": 1780404279.583918}
2026-06-02 14:44:39.603 - [robot_6_log_20260602_144405.csv] - DEBUG - Despachado a ZMQ -> agent/6/move: {'v': 20.0, 'w': 0.0}
2026-06-02 14:44:39.613 - [robot_6_log_20260602_144405.csv] - DEBUG - Posición actualizada por visión: x=151.91, y=27.98, θ=2.42
2026-06-02 14:44:39.634 - [robot_6_log_20260602_144405.csv] - DEBUG - Frecuencia: 21.23 Hz | Latencia Red/Proc: 50.75 ms
2026-06-02 14:44:39.637 - [robot_6_log_20260602_144405.csv] - INFO - Usando posición VISION: x=151.91, y=27.98, θ=2.42
2026-06-02 14:44:39.637 - [robot_6_log_20260602_144405.csv] - INFO - Distancias a paredes: Left: 151.91, Right: 298.09, Top: 112.02, Bottom: 27.98
2026-06-02 14:44:39.637 - [robot_6_log_20260602_144405.csv] - INFO - Posicion: 151.91, 27.98, 2.425 | Velocidad: -0.6568191866484614, -0.7540481125567875
2026-06-02 14:44:39.637 - [robot_6_log_20260602_144405.csv] - INFO - None
2026-06-02 14:44:39.637 - [robot_6_log_20260602_144405.csv] - DEBUG - Incoming data. Topic 6/pos, mensaje {"x": 151.91, "y": 27.98, "yaw": 2.425, "timestamp": 1780404279.594084}
2026-06-02 14:44:39.637 - [robot_6_log_20260602_144405.csv] - WARNING - Estado FSM: AVANZA | Target Wall: None | Target Theta: 102.90° |theta: 138.94226531922462 
2026-06-02 14:44:39.637 - [robot_6_log_20260602_144405.csv] - DEBUG - Posición actualizada por visión: x=151.91, y=27.98, θ=2.42
2026-06-02 14:44:39.652 - [robot_6_log_20260602_144405.csv] - DEBUG - Frecuencia: 55.28 Hz | Latencia Red/Proc: 58.67 ms
2026-06-02 14:44:39.652 - [robot_6_log_20260602_144405.csv] - DEBUG - Despachado a ZMQ -> agent/6/move: {'v': 20.0, 'w': 0.0}
2026-06-02 14:44:39.662 - [robot_6_log_20260602_144405.csv] - DEBUG - Incoming data. Topic 6/pos, mensaje {"x": 151.91, "y": 27.98, "yaw": 2.425, "timestamp": 1780404279.594084}
2026-06-02 14:44:39.678 - [robot_6_log_20260602_144405.csv] - DEBUG - Posición actualizada por visión: x=151.91, y=27.98, θ=2.42
2026-06-02 14:44:39.683 - [robot_6_log_20260602_144405.csv] - DEBUG - Frecuencia: 32.55 Hz | Latencia Red/Proc: 89.39 ms
2026-06-02 14:44:39.687 - [robot_6_log_20260602_144405.csv] - INFO - Usando posición VISION: x=151.91, y=27.98, θ=2.42
2026-06-02 14:44:39.687 - [robot_6_log_20260602_144405.csv] - DEBUG - Incoming data. Topic agent/6/wheel, mensaje {"Wleft":4.044931048,"Wright":6.451319206}
2026-06-02 14:44:39.687 - [robot_6_log_20260602_144405.csv] - INFO - Distancias a paredes: Left: 151.91, Right: 298.09, Top: 112.02, Bottom: 27.98
2026-06-02 14:44:39.687 - [robot_6_log_20260602_144405.csv] - DEBUG - Incoming data. Topic 6/pos, mensaje {"x": 150.8, "y": 26.24, "yaw": 2.43, "timestamp": 1780404279.6841588}
2026-06-02 14:44:39.687 - [robot_6_log_20260602_144405.csv] - INFO - Posicion: 151.91, 27.98, 2.425 | Velocidad: -0.6568191866484614, -0.7540481125567875
2026-06-02 14:44:39.687 - [robot_6_log_20260602_144405.csv] - DEBUG - Posición actualizada por visión: x=150.80, y=26.24, θ=2.43
2026-06-02 14:44:39.687 - [robot_6_log_20260602_144405.csv] - INFO - None
2026-06-02 14:44:39.687 - [robot_6_log_20260602_144405.csv] - DEBUG - Frecuencia: 257.71 Hz | Latencia Red/Proc: 3.20 ms
2026-06-02 14:44:39.687 - [robot_6_log_20260602_144405.csv] - DEBUG - Incoming data. Topic 6/pos, mensaje {"x": 150.8, "y": 26.24, "yaw": 2.43, "timestamp": 1780404279.6841588}
2026-06-02 14:44:39.687 - [robot_6_log_20260602_144405.csv] - DEBUG - Posición actualizada por visión: x=150.80, y=26.24, θ=2.43
2026-06-02 14:44:39.687 - [robot_6_log_20260602_144405.csv] - DEBUG - Frecuencia: 8371.86 Hz | Latencia Red/Proc: 3.32 ms
2026-06-02 14:44:39.687 - [robot_6_log_20260602_144405.csv] - WARNING - Estado FSM: AVANZA | Target Wall: None | Target Theta: 102.90° |theta: 138.94226531922462 
2026-06-02 14:44:39.698 - [robot_6_log_20260602_144405.csv] - DEBUG - Incoming data. Topic 6/pos, mensaje {"x": 150.8, "y": 26.24, "yaw": 2.43, "timestamp": 1780404279.6957374}
2026-06-02 14:44:39.703 - [robot_6_log_20260602_144405.csv] - DEBUG - Posición actualizada por visión: x=150.80, y=26.24, θ=2.43
2026-06-02 14:44:39.703 - [robot_6_log_20260602_144405.csv] - DEBUG - Frecuencia: 62.07 Hz | Latencia Red/Proc: 7.85 ms
2026-06-02 14:44:39.703 - [robot_6_log_20260602_144405.csv] - DEBUG - Incoming data. Topic 6/pos, mensaje {"x": 150.8, "y": 26.24, "yaw": 2.43, "timestamp": 1780404279.6957374}
2026-06-02 14:44:39.703 - [robot_6_log_20260602_144405.csv] - DEBUG - Posición actualizada por visión: x=150.80, y=26.24, θ=2.43
2026-06-02 14:44:39.703 - [robot_6_log_20260602_144405.csv] - DEBUG - Frecuencia: 21183.35 Hz | Latencia Red/Proc: 7.90 ms
2026-06-02 14:44:39.713 - [robot_6_log_20260602_144405.csv] - DEBUG - Despachado a ZMQ -> agent/6/move: {'v': 20.0, 'w': 0.0}
2026-06-02 14:44:39.737 - [robot_6_log_20260602_144405.csv] - INFO - Usando posición VISION: x=150.80, y=26.24, θ=2.43
2026-06-02 14:44:39.737 - [robot_6_log_20260602_144405.csv] - INFO - Distancias a paredes: Left: 150.80, Right: 299.20, Top: 113.76, Bottom: 26.24
2026-06-02 14:44:39.737 - [robot_6_log_20260602_144405.csv] - INFO - Posicion: 150.8, 26.24, 2.43 | Velocidad: -0.6530407515722648, -0.7573227692245438
2026-06-02 14:44:39.737 - [robot_6_log_20260602_144405.csv] - INFO - None
2026-06-02 14:44:39.737 - [robot_6_log_20260602_144405.csv] - WARNING - Estado FSM: AVANZA | Target Wall: None | Target Theta: 102.90° |theta: 139.22874421679006 
2026-06-02 14:44:39.758 - [robot_6_log_20260602_144405.csv] - DEBUG - Despachado a ZMQ -> agent/6/move: {'v': 20.0, 'w': 0.0}
2026-06-02 14:44:39.758 - [robot_6_log_20260602_144405.csv] - DEBUG - Incoming data. Topic agent/6/wheel, mensaje {"Wleft":6.060101786,"Wright":6.292175712}
2026-06-02 14:44:39.786 - [robot_6_log_20260602_144405.csv] - DEBUG - Incoming data. Topic 6/pos, mensaje {"x": 149.65, "y": 24.43, "yaw": 2.431, "timestamp": 1780404279.7848775}
2026-06-02 14:44:39.787 - [robot_6_log_20260602_144405.csv] - INFO - Usando posición VISION: x=150.80, y=26.24, θ=2.43
2026-06-02 14:44:39.787 - [robot_6_log_20260602_144405.csv] - DEBUG - Posición actualizada por visión: x=149.65, y=24.43, θ=2.43
2026-06-02 14:44:39.787 - [robot_6_log_20260602_144405.csv] - INFO - Distancias a paredes: Left: 150.80, Right: 299.20, Top: 113.76, Bottom: 26.24
2026-06-02 14:44:39.787 - [robot_6_log_20260602_144405.csv] - DEBUG - Frecuencia: 11.97 Hz | Latencia Red/Proc: 2.31 ms
2026-06-02 14:44:39.787 - [robot_6_log_20260602_144405.csv] - INFO - Posicion: 150.8, 26.24, 2.43 | Velocidad: -0.6530407515722648, -0.7573227692245438
2026-06-02 14:44:39.787 - [robot_6_log_20260602_144405.csv] - DEBUG - Incoming data. Topic 6/pos, mensaje {"x": 149.65, "y": 24.43, "yaw": 2.431, "timestamp": 1780404279.7848775}
2026-06-02 14:44:39.787 - [robot_6_log_20260602_144405.csv] - INFO - None
2026-06-02 14:44:39.787 - [robot_6_log_20260602_144405.csv] - DEBUG - Posición actualizada por visión: x=149.65, y=24.43, θ=2.43
2026-06-02 14:44:39.787 - [robot_6_log_20260602_144405.csv] - WARNING - Estado FSM: AVANZA | Target Wall: None | Target Theta: 102.90° |theta: 139.22874421679006 
2026-06-02 14:44:39.787 - [robot_6_log_20260602_144405.csv] - DEBUG - Frecuencia: 5426.01 Hz | Latencia Red/Proc: 2.49 ms
2026-06-02 14:44:39.797 - [robot_6_log_20260602_144405.csv] - DEBUG - Incoming data. Topic 6/pos, mensaje {"x": 149.65, "y": 24.43, "yaw": 2.431, "timestamp": 1780404279.7946541}
2026-06-02 14:44:39.802 - [robot_6_log_20260602_144405.csv] - DEBUG - Posición actualizada por visión: x=149.65, y=24.43, θ=2.43
2026-06-02 14:44:39.808 - [robot_6_log_20260602_144405.csv] - DEBUG - Frecuencia: 48.49 Hz | Latencia Red/Proc: 13.34 ms
2026-06-02 14:44:39.808 - [robot_6_log_20260602_144405.csv] - DEBUG - Despachado a ZMQ -> agent/6/move: {'v': 20.0, 'w': 0.0}
2026-06-02 14:44:39.823 - [robot_6_log_20260602_144405.csv] - DEBUG - Incoming data. Topic 6/pos, mensaje {"x": 149.65, "y": 24.43, "yaw": 2.431, "timestamp": 1780404279.7946541}
2026-06-02 14:44:39.828 - [robot_6_log_20260602_144405.csv] - DEBUG - Posición actualizada por visión: x=149.65, y=24.43, θ=2.43
2026-06-02 14:44:39.834 - [robot_6_log_20260602_144405.csv] - DEBUG - Frecuencia: 37.46 Hz | Latencia Red/Proc: 40.03 ms
2026-06-02 14:44:39.837 - [robot_6_log_20260602_144405.csv] - INFO - Usando posición VISION: x=149.65, y=24.43, θ=2.43
2026-06-02 14:44:39.837 - [robot_6_log_20260602_144405.csv] - INFO - Distancias a paredes: Left: 149.65, Right: 300.35, Top: 115.57, Bottom: 24.43
2026-06-02 14:44:39.837 - [robot_6_log_20260602_144405.csv] - INFO - Posicion: 149.65, 24.43, 2.431 | Velocidad: -0.6522831024089122, -0.7579754312059228
2026-06-02 14:44:39.837 - [robot_6_log_20260602_144405.csv] - INFO - None
2026-06-02 14:44:39.837 - [robot_6_log_20260602_144405.csv] - WARNING - Estado FSM: AVANZA | Target Wall: None | Target Theta: 102.90° |theta: 139.28603999630312 
2026-06-02 14:44:39.853 - [robot_6_log_20260602_144405.csv] - DEBUG - Incoming data. Topic agent/6/wheel, mensaje {"Wleft":4.02048749,"Wright":6.539155895}
2026-06-02 14:44:39.853 - [robot_6_log_20260602_144405.csv] - DEBUG - Despachado a ZMQ -> agent/6/move: {'v': 20.0, 'w': 0.0}
2026-06-02 14:44:39.884 - [robot_6_log_20260602_144405.csv] - DEBUG - Incoming data. Topic 6/pos, mensaje {"x": 148.42, "y": 22.73, "yaw": 2.429, "timestamp": 1780404279.8822553}
2026-06-02 14:44:39.885 - [robot_6_log_20260602_144405.csv] - DEBUG - Posición actualizada por visión: x=148.42, y=22.73, θ=2.43
2026-06-02 14:44:39.885 - [robot_6_log_20260602_144405.csv] - DEBUG - Frecuencia: 19.84 Hz | Latencia Red/Proc: 2.84 ms
2026-06-02 14:44:39.885 - [robot_6_log_20260602_144405.csv] - DEBUG - Incoming data. Topic 6/pos, mensaje {"x": 148.42, "y": 22.73, "yaw": 2.429, "timestamp": 1780404279.8822553}
2026-06-02 14:44:39.885 - [robot_6_log_20260602_144405.csv] - DEBUG - Posición actualizada por visión: x=148.42, y=22.73, θ=2.43
2026-06-02 14:44:39.885 - [robot_6_log_20260602_144405.csv] - DEBUG - Frecuencia: 10645.44 Hz | Latencia Red/Proc: 2.94 ms
2026-06-02 14:44:39.887 - [robot_6_log_20260602_144405.csv] - INFO - Usando posición VISION: x=148.42, y=22.73, θ=2.43
2026-06-02 14:44:39.887 - [robot_6_log_20260602_144405.csv] - INFO - Distancias a paredes: Left: 148.42, Right: 301.58, Top: 117.27, Bottom: 22.73
2026-06-02 14:44:39.887 - [robot_6_log_20260602_144405.csv] - INFO - Posicion: 148.42, 22.73, 2.429 | Velocidad: -0.6537977476949205, -0.7566693499204583
2026-06-02 14:44:39.887 - [robot_6_log_20260602_144405.csv] - INFO - None
2026-06-02 14:44:39.887 - [robot_6_log_20260602_144405.csv] - WARNING - Estado FSM: AVANZA | Target Wall: None | Target Theta: 102.90° |theta: 139.17144843727695 
2026-06-02 14:44:39.897 - [robot_6_log_20260602_144405.csv] - DEBUG - Incoming data. Topic 6/pos, mensaje {"x": 148.42, "y": 22.73, "yaw": 2.429, "timestamp": 1780404279.8910627}
2026-06-02 14:44:39.897 - [robot_6_log_20260602_144405.csv] - DEBUG - Despachado a ZMQ -> agent/6/move: {'v': 20.0, 'w': 0.0}
2026-06-02 14:44:39.908 - [robot_6_log_20260602_144405.csv] - DEBUG - Posición actualizada por visión: x=148.42, y=22.73, θ=2.43
2026-06-02 14:44:39.929 - [robot_6_log_20260602_144405.csv] - DEBUG - Frecuencia: 22.40 Hz | Latencia Red/Proc: 38.77 ms
2026-06-02 14:44:39.929 - [robot_6_log_20260602_144405.csv] - DEBUG - Incoming data. Topic 6/pos, mensaje {"x": 148.42, "y": 22.73, "yaw": 2.429, "timestamp": 1780404279.8910627}
2026-06-02 14:44:39.929 - [robot_6_log_20260602_144405.csv] - DEBUG - Posición actualizada por visión: x=148.42, y=22.73, θ=2.43
2026-06-02 14:44:39.929 - [robot_6_log_20260602_144405.csv] - DEBUG - Frecuencia: 6615.62 Hz | Latencia Red/Proc: 38.93 ms
2026-06-02 14:44:39.937 - [robot_6_log_20260602_144405.csv] - INFO - Usando posición VISION: x=148.42, y=22.73, θ=2.43
2026-06-02 14:44:39.937 - [robot_6_log_20260602_144405.csv] - INFO - Distancias a paredes: Left: 148.42, Right: 301.58, Top: 117.27, Bottom: 22.73
2026-06-02 14:44:39.937 - [robot_6_log_20260602_144405.csv] - INFO - Posicion: 148.42, 22.73, 2.429 | Velocidad: -0.6537977476949205, -0.7566693499204583
2026-06-02 14:44:39.937 - [robot_6_log_20260602_144405.csv] - INFO - None
2026-06-02 14:44:39.937 - [robot_6_log_20260602_144405.csv] - WARNING - Estado FSM: AVANZA | Target Wall: None | Target Theta: 102.90° |theta: 139.17144843727695 
2026-06-02 14:44:39.947 - [robot_6_log_20260602_144405.csv] - DEBUG - Incoming data. Topic agent/6/wheel, mensaje {"Wleft":4.046944556,"Wright":6.381386574}
2026-06-02 14:44:39.957 - [robot_6_log_20260602_144405.csv] - DEBUG - Despachado a ZMQ -> agent/6/move: {'v': 20.0, 'w': 0.0}
2026-06-02 14:44:39.987 - [robot_6_log_20260602_144405.csv] - INFO - Usando posición VISION: x=148.42, y=22.73, θ=2.43
2026-06-02 14:44:39.987 - [robot_6_log_20260602_144405.csv] - INFO - Distancias a paredes: Left: 148.42, Right: 301.58, Top: 117.27, Bottom: 22.73
2026-06-02 14:44:39.987 - [robot_6_log_20260602_144405.csv] - INFO - Posicion: 148.42, 22.73, 2.429 | Velocidad: -0.6537977476949205, -0.7566693499204583
2026-06-02 14:44:39.987 - [robot_6_log_20260602_144405.csv] - INFO - None
2026-06-02 14:44:39.987 - [robot_6_log_20260602_144405.csv] - DEBUG - Incoming data. Topic 6/pos, mensaje {"x": 147.22, "y": 21.02, "yaw": 2.437, "timestamp": 1780404279.9844973}
2026-06-02 14:44:39.987 - [robot_6_log_20260602_144405.csv] - WARNING - Estado FSM: AVANZA | Target Wall: None | Target Theta: 102.90° |theta: 139.17144843727695 
2026-06-02 14:44:39.987 - [robot_6_log_20260602_144405.csv] - DEBUG - Posición actualizada por visión: x=147.22, y=21.02, θ=2.44
2026-06-02 14:44:39.992 - [robot_6_log_20260602_144405.csv] - DEBUG - Despachado a ZMQ -> agent/6/move: {'v': 20.0, 'w': 0.0}
2026-06-02 14:44:39.998 - [robot_6_log_20260602_144405.csv] - DEBUG - Frecuencia: 14.69 Hz | Latencia Red/Proc: 13.58 ms
2026-06-02 14:44:40.008 - [robot_6_log_20260602_144405.csv] - DEBUG - Incoming data. Topic 6/pos, mensaje {"x": 147.22, "y": 21.02, "yaw": 2.437, "timestamp": 1780404279.9844973}
2026-06-02 14:44:40.013 - [robot_6_log_20260602_144405.csv] - DEBUG - Posición actualizada por visión: x=147.22, y=21.02, θ=2.44
2026-06-02 14:44:40.018 - [robot_6_log_20260602_144405.csv] - DEBUG - Frecuencia: 48.43 Hz | Latencia Red/Proc: 34.23 ms
2026-06-02 14:44:40.029 - [robot_6_log_20260602_144405.csv] - DEBUG - Incoming data. Topic 6/pos, mensaje {"x": 147.22, "y": 21.02, "yaw": 2.437, "timestamp": 1780404279.995326}
2026-06-02 14:44:40.034 - [robot_6_log_20260602_144405.csv] - DEBUG - Posición actualizada por visión: x=147.22, y=21.02, θ=2.44
2026-06-02 14:44:40.037 - [robot_6_log_20260602_144405.csv] - INFO - Usando posición VISION: x=147.22, y=21.02, θ=2.44
2026-06-02 14:44:40.037 - [robot_6_log_20260602_144405.csv] - INFO - Distancias a paredes: Left: 147.22, Right: 302.78, Top: 118.98, Bottom: 21.02
2026-06-02 14:44:40.037 - [robot_6_log_20260602_144405.csv] - INFO - Posicion: 147.22, 21.02, 2.437 | Velocidad: -0.6477235360481232, -0.7618754628213956
2026-06-02 14:44:40.037 - [robot_6_log_20260602_144405.csv] - DEBUG - Frecuencia: 54.21 Hz | Latencia Red/Proc: 41.85 ms
2026-06-02 14:44:40.037 - [robot_6_log_20260602_144405.csv] - INFO - None
2026-06-02 14:44:40.037 - [robot_6_log_20260602_144405.csv] - DEBUG - Incoming data. Topic 6/pos, mensaje {"x": 147.22, "y": 21.02, "yaw": 2.437, "timestamp": 1780404279.995326}
2026-06-02 14:44:40.037 - [robot_6_log_20260602_144405.csv] - WARNING - Estado FSM: AVANZA | Target Wall: None | Target Theta: 102.90° |theta: 139.62981467338162 
2026-06-02 14:44:40.037 - [robot_6_log_20260602_144405.csv] - DEBUG - Posición actualizada por visión: x=147.22, y=21.02, θ=2.44
2026-06-02 14:44:40.052 - [robot_6_log_20260602_144405.csv] - DEBUG - Despachado a ZMQ -> agent/6/move: {'v': 20.0, 'w': 0.0}
2026-06-02 14:44:40.053 - [robot_6_log_20260602_144405.csv] - DEBUG - Frecuencia: 63.12 Hz | Latencia Red/Proc: 57.69 ms
2026-06-02 14:44:40.083 - [robot_6_log_20260602_144405.csv] - DEBUG - Incoming data. Topic agent/6/wheel, mensaje {"Wleft":8.089718257,"Wright":6.384614728}
2026-06-02 14:44:40.087 - [robot_6_log_20260602_144405.csv] - INFO - Usando posición VISION: x=147.22, y=21.02, θ=2.44
2026-06-02 14:44:40.087 - [robot_6_log_20260602_144405.csv] - INFO - Distancias a paredes: Left: 147.22, Right: 302.78, Top: 118.98, Bottom: 21.02
2026-06-02 14:44:40.087 - [robot_6_log_20260602_144405.csv] - INFO - Posicion: 147.22, 21.02, 2.437 | Velocidad: -0.6477235360481232, -0.7618754628213956
2026-06-02 14:44:40.090 - [robot_6_log_20260602_144405.csv] - DEBUG - Incoming data. Topic 6/pos, mensaje {"x": 145.95, "y": 19.46, "yaw": 2.432, "timestamp": 1780404280.0841148}
2026-06-02 14:44:40.090 - [robot_6_log_20260602_144405.csv] - INFO - None
2026-06-02 14:44:40.090 - [robot_6_log_20260602_144405.csv] - DEBUG - Posición actualizada por visión: x=145.95, y=19.46, θ=2.43
2026-06-02 14:44:40.090 - [robot_6_log_20260602_144405.csv] - DEBUG - Frecuencia: 26.48 Hz | Latencia Red/Proc: 6.67 ms
2026-06-02 14:44:40.090 - [robot_6_log_20260602_144405.csv] - DEBUG - Incoming data. Topic 6/pos, mensaje {"x": 145.95, "y": 19.46, "yaw": 2.432, "timestamp": 1780404280.0841148}
2026-06-02 14:44:40.090 - [robot_6_log_20260602_144405.csv] - DEBUG - Posición actualizada por visión: x=145.95, y=19.46, θ=2.43
2026-06-02 14:44:40.090 - [robot_6_log_20260602_144405.csv] - DEBUG - Frecuencia: 9822.73 Hz | Latencia Red/Proc: 6.77 ms
2026-06-02 14:44:40.090 - [robot_6_log_20260602_144405.csv] - WARNING - Estado FSM: AVANZA | Target Wall: None | Target Theta: 102.90° |theta: 139.62981467338162 
2026-06-02 14:44:40.096 - [robot_6_log_20260602_144405.csv] - DEBUG - Incoming data. Topic 6/pos, mensaje {"x": 145.95, "y": 19.46, "yaw": 2.432, "timestamp": 1780404280.0932696}
2026-06-02 14:44:40.101 - [robot_6_log_20260602_144405.csv] - DEBUG - Posición actualizada por visión: x=145.95, y=19.46, θ=2.43
2026-06-02 14:44:40.107 - [robot_6_log_20260602_144405.csv] - DEBUG - Frecuencia: 62.07 Hz | Latencia Red/Proc: 13.72 ms
2026-06-02 14:44:40.112 - [robot_6_log_20260602_144405.csv] - DEBUG - Incoming data. Topic 6/pos, mensaje {"x": 145.95, "y": 19.46, "yaw": 2.432, "timestamp": 1780404280.0932696}
2026-06-02 14:44:40.117 - [robot_6_log_20260602_144405.csv] - DEBUG - Posición actualizada por visión: x=145.95, y=19.46, θ=2.43
2026-06-02 14:44:40.117 - [robot_6_log_20260602_144405.csv] - DEBUG - Despachado a ZMQ -> agent/6/move: {'v': 20.0, 'w': 0.0}
2026-06-02 14:44:40.127 - [robot_6_log_20260602_144405.csv] - DEBUG - Frecuencia: 49.03 Hz | Latencia Red/Proc: 34.12 ms
2026-06-02 14:44:40.137 - [robot_6_log_20260602_144405.csv] - INFO - Usando posición VISION: x=145.95, y=19.46, θ=2.43
2026-06-02 14:44:40.137 - [robot_6_log_20260602_144405.csv] - INFO - Distancias a paredes: Left: 145.95, Right: 304.05, Top: 120.54, Bottom: 19.46
2026-06-02 14:44:40.137 - [robot_6_log_20260602_144405.csv] - INFO - Posicion: 145.95, 19.46, 2.432 | Velocidad: -0.6515248009625115, -0.7586273352119337
2026-06-02 14:44:40.137 - [robot_6_log_20260602_144405.csv] - INFO - None
2026-06-02 14:44:40.137 - [robot_6_log_20260602_144405.csv] - WARNING - Estado FSM: PARANDO_PARA_RETROCEDER | Target Wall: None | Target Theta: 102.90° |theta: 139.3433357758162 
2026-06-02 14:44:40.153 - [robot_6_log_20260602_144405.csv] - DEBUG - Incoming data. Topic agent/6/wheel, mensaje {"Wleft":6.089229953,"Wright":6.375283159}
2026-06-02 14:44:40.163 - [robot_6_log_20260602_144405.csv] - DEBUG - Despachado a ZMQ -> agent/6/move: {'v': 0.0, 'w': 0.0}
2026-06-02 14:44:40.187 - [robot_6_log_20260602_144405.csv] - INFO - Usando posición VISION: x=145.95, y=19.46, θ=2.43
2026-06-02 14:44:40.187 - [robot_6_log_20260602_144405.csv] - INFO - Distancias a paredes: Left: 145.95, Right: 304.05, Top: 120.54, Bottom: 19.46
2026-06-02 14:44:40.187 - [robot_6_log_20260602_144405.csv] - INFO - Posicion: 145.95, 19.46, 2.432 | Velocidad: -0.6515248009625115, -0.7586273352119337
2026-06-02 14:44:40.187 - [robot_6_log_20260602_144405.csv] - INFO - None
2026-06-02 14:44:40.187 - [robot_6_log_20260602_144405.csv] - DEBUG - Incoming data. Topic 6/pos, mensaje {"x": 144.7, "y": 17.92, "yaw": 2.424, "timestamp": 1780404280.1818733}
2026-06-02 14:44:40.187 - [robot_6_log_20260602_144405.csv] - WARNING - Timer: 0.04991459846496582
2026-06-02 14:44:40.187 - [robot_6_log_20260602_144405.csv] - DEBUG - Posición actualizada por visión: x=144.70, y=17.92, θ=2.42
2026-06-02 14:44:40.187 - [robot_6_log_20260602_144405.csv] - WARNING - Estado FSM: PARANDO_PARA_RETROCEDER | Target Wall: None | Target Theta: 102.90° |theta: 139.3433357758162 
2026-06-02 14:44:40.187 - [robot_6_log_20260602_144405.csv] - DEBUG - Frecuencia: 16.64 Hz | Latencia Red/Proc: 5.62 ms
2026-06-02 14:44:40.203 - [robot_6_log_20260602_144405.csv] - DEBUG - Incoming data. Topic 6/pos, mensaje {"x": 144.7, "y": 17.92, "yaw": 2.424, "timestamp": 1780404280.1818733}
2026-06-02 14:44:40.209 - [robot_6_log_20260602_144405.csv] - DEBUG - Posición actualizada por visión: x=144.70, y=17.92, θ=2.42
2026-06-02 14:44:40.215 - [robot_6_log_20260602_144405.csv] - DEBUG - Frecuencia: 35.98 Hz | Latencia Red/Proc: 33.42 ms
2026-06-02 14:44:40.220 - [robot_6_log_20260602_144405.csv] - DEBUG - Incoming data. Topic 6/pos, mensaje {"x": 144.7, "y": 17.92, "yaw": 2.424, "timestamp": 1780404280.191649}
2026-06-02 14:44:40.226 - [robot_6_log_20260602_144405.csv] - DEBUG - Posición actualizada por visión: x=144.70, y=17.92, θ=2.42
2026-06-02 14:44:40.231 - [robot_6_log_20260602_144405.csv] - DEBUG - Frecuencia: 60.26 Hz | Latencia Red/Proc: 40.24 ms
2026-06-02 14:44:40.237 - [robot_6_log_20260602_144405.csv] - INFO - Usando posición VISION: x=144.70, y=17.92, θ=2.42
2026-06-02 14:44:40.237 - [robot_6_log_20260602_144405.csv] - INFO - Distancias a paredes: Left: 144.70, Right: 305.30, Top: 122.08, Bottom: 17.92
2026-06-02 14:44:40.237 - [robot_6_log_20260602_144405.csv] - INFO - Posicion: 144.7, 17.92, 2.424 | Velocidad: -0.6575729062257775, -0.7533909164555841
2026-06-02 14:44:40.237 - [robot_6_log_20260602_144405.csv] - INFO - None
2026-06-02 14:44:40.237 - [robot_6_log_20260602_144405.csv] - WARNING - Timer: 0.09989047050476074
2026-06-02 14:44:40.237 - [robot_6_log_20260602_144405.csv] - WARNING - Estado FSM: PARANDO_PARA_RETROCEDER | Target Wall: None | Target Theta: 102.90° |theta: 138.88496953971153 
2026-06-02 14:44:40.242 - [robot_6_log_20260602_144405.csv] - DEBUG - Incoming data. Topic 6/pos, mensaje {"x": 144.7, "y": 17.92, "yaw": 2.424, "timestamp": 1780404280.191649}
2026-06-02 14:44:40.247 - [robot_6_log_20260602_144405.csv] - DEBUG - Posición actualizada por visión: x=144.70, y=17.92, θ=2.42
2026-06-02 14:44:40.247 - [robot_6_log_20260602_144405.csv] - DEBUG - Frecuencia: 63.85 Hz | Latencia Red/Proc: 55.90 ms
2026-06-02 14:44:40.277 - [robot_6_log_20260602_144405.csv] - DEBUG - Incoming data. Topic agent/6/wheel, mensaje {"Wleft":4.025078171,"Wright":6.318461789}
2026-06-02 14:44:40.287 - [robot_6_log_20260602_144405.csv] - INFO - Usando posición VISION: x=144.70, y=17.92, θ=2.42
2026-06-02 14:44:40.287 - [robot_6_log_20260602_144405.csv] - DEBUG - Incoming data. Topic 6/pos, mensaje {"x": 143.4, "y": 15.94, "yaw": 2.432, "timestamp": 1780404280.2825944}
2026-06-02 14:44:40.287 - [robot_6_log_20260602_144405.csv] - INFO - Distancias a paredes: Left: 144.70, Right: 305.30, Top: 122.08, Bottom: 17.92
2026-06-02 14:44:40.287 - [robot_6_log_20260602_144405.csv] - DEBUG - Posición actualizada por visión: x=143.40, y=15.94, θ=2.43
2026-06-02 14:44:40.287 - [robot_6_log_20260602_144405.csv] - INFO - Posicion: 144.7, 17.92, 2.424 | Velocidad: -0.6575729062257775, -0.7533909164555841
2026-06-02 14:44:40.287 - [robot_6_log_20260602_144405.csv] - DEBUG - Frecuencia: 25.02 Hz | Latencia Red/Proc: 4.91 ms
2026-06-02 14:44:40.287 - [robot_6_log_20260602_144405.csv] - INFO - None
2026-06-02 14:44:40.287 - [robot_6_log_20260602_144405.csv] - DEBUG - Incoming data. Topic 6/pos, mensaje {"x": 143.4, "y": 15.94, "yaw": 2.432, "timestamp": 1780404280.2825944}
2026-06-02 14:44:40.287 - [robot_6_log_20260602_144405.csv] - WARNING - Timer: 0.1502542495727539
2026-06-02 14:44:40.287 - [robot_6_log_20260602_144405.csv] - DEBUG - Posición actualizada por visión: x=143.40, y=15.94, θ=2.43
2026-06-02 14:44:40.287 - [robot_6_log_20260602_144405.csv] - WARNING - Estado FSM: PARANDO_PARA_RETROCEDER | Target Wall: None | Target Theta: 102.90° |theta: 138.88496953971153 
2026-06-02 14:44:40.287 - [robot_6_log_20260602_144405.csv] - DEBUG - Frecuencia: 3111.50 Hz | Latencia Red/Proc: 5.24 ms
2026-06-02 14:44:40.299 - [robot_6_log_20260602_144405.csv] - DEBUG - Incoming data. Topic 6/pos, mensaje {"x": 143.4, "y": 15.94, "yaw": 2.432, "timestamp": 1780404280.2921681}
2026-06-02 14:44:40.299 - [robot_6_log_20260602_144405.csv] - DEBUG - Posición actualizada por visión: x=143.40, y=15.94, θ=2.43
2026-06-02 14:44:40.304 - [robot_6_log_20260602_144405.csv] - DEBUG - Frecuencia: 60.27 Hz | Latencia Red/Proc: 12.25 ms
2026-06-02 14:44:40.309 - [robot_6_log_20260602_144405.csv] - DEBUG - Incoming data. Topic 6/pos, mensaje {"x": 143.4, "y": 15.94, "yaw": 2.432, "timestamp": 1780404280.2921681}
2026-06-02 14:44:40.314 - [robot_6_log_20260602_144405.csv] - DEBUG - Posición actualizada por visión: x=143.40, y=15.94, θ=2.43
2026-06-02 14:44:40.319 - [robot_6_log_20260602_144405.csv] - DEBUG - Frecuencia: 64.67 Hz | Latencia Red/Proc: 27.72 ms
2026-06-02 14:44:40.337 - [robot_6_log_20260602_144405.csv] - INFO - Usando posición VISION: x=143.40, y=15.94, θ=2.43
2026-06-02 14:44:40.337 - [robot_6_log_20260602_144405.csv] - INFO - Distancias a paredes: Left: 143.40, Right: 306.60, Top: 124.06, Bottom: 15.94
2026-06-02 14:44:40.337 - [robot_6_log_20260602_144405.csv] - INFO - Posicion: 143.4, 15.94, 2.432 | Velocidad: -0.6515248009625115, -0.7586273352119337
2026-06-02 14:44:40.337 - [robot_6_log_20260602_144405.csv] - INFO - None
2026-06-02 14:44:40.337 - [robot_6_log_20260602_144405.csv] - WARNING - Timer: 0.19994330406188965
2026-06-02 14:44:40.337 - [robot_6_log_20260602_144405.csv] - WARNING - Estado FSM: PARANDO_PARA_RETROCEDER | Target Wall: None | Target Theta: 102.90° |theta: 139.3433357758162 
2026-06-02 14:44:40.348 - [robot_6_log_20260602_144405.csv] - DEBUG - Incoming data. Topic agent/6/wheel, mensaje {"Wleft":2.04761188,"Wright":5.049027041}
2026-06-02 14:44:40.384 - [robot_6_log_20260602_144405.csv] - DEBUG - Incoming data. Topic 6/pos, mensaje {"x": 142.85, "y": 12.42, "yaw": 2.437, "timestamp": 1780404280.3819964}
2026-06-02 14:44:40.384 - [robot_6_log_20260602_144405.csv] - DEBUG - Posición actualizada por visión: x=142.85, y=12.42, θ=2.44
2026-06-02 14:44:40.384 - [robot_6_log_20260602_144405.csv] - DEBUG - Frecuencia: 15.37 Hz | Latencia Red/Proc: 2.97 ms
2026-06-02 14:44:40.385 - [robot_6_log_20260602_144405.csv] - DEBUG - Incoming data. Topic 6/pos, mensaje {"x": 142.85, "y": 12.42, "yaw": 2.437, "timestamp": 1780404280.3819964}
2026-06-02 14:44:40.385 - [robot_6_log_20260602_144405.csv] - DEBUG - Posición actualizada por visión: x=142.85, y=12.42, θ=2.44
2026-06-02 14:44:40.385 - [robot_6_log_20260602_144405.csv] - DEBUG - Frecuencia: 10837.99 Hz | Latencia Red/Proc: 3.06 ms
2026-06-02 14:44:40.387 - [robot_6_log_20260602_144405.csv] - INFO - Usando posición VISION: x=142.85, y=12.42, θ=2.44
2026-06-02 14:44:40.387 - [robot_6_log_20260602_144405.csv] - INFO - Distancias a paredes: Left: 142.85, Right: 307.15, Top: 127.58, Bottom: 12.42
2026-06-02 14:44:40.387 - [robot_6_log_20260602_144405.csv] - INFO - Posicion: 142.85, 12.42, 2.437 | Velocidad: -0.6477235360481232, -0.7618754628213956
2026-06-02 14:44:40.387 - [robot_6_log_20260602_144405.csv] - INFO - None
2026-06-02 14:44:40.387 - [robot_6_log_20260602_144405.csv] - WARNING - Timer: 0.2500343322753906
2026-06-02 14:44:40.387 - [robot_6_log_20260602_144405.csv] - WARNING - Estado FSM: PARANDO_PARA_RETROCEDER | Target Wall: None | Target Theta: 102.90° |theta: 139.62981467338162 
2026-06-02 14:44:40.393 - [robot_6_log_20260602_144405.csv] - DEBUG - Incoming data. Topic 6/pos, mensaje {"x": 142.85, "y": 12.42, "yaw": 2.437, "timestamp": 1780404280.391126}
2026-06-02 14:44:40.398 - [robot_6_log_20260602_144405.csv] - DEBUG - Posición actualizada por visión: x=142.85, y=12.42, θ=2.44
2026-06-02 14:44:40.404 - [robot_6_log_20260602_144405.csv] - DEBUG - Frecuencia: 50.71 Hz | Latencia Red/Proc: 13.65 ms
2026-06-02 14:44:40.420 - [robot_6_log_20260602_144405.csv] - DEBUG - Incoming data. Topic 6/pos, mensaje {"x": 142.85, "y": 12.42, "yaw": 2.437, "timestamp": 1780404280.391126}
2026-06-02 14:44:40.425 - [robot_6_log_20260602_144405.csv] - DEBUG - Posición actualizada por visión: x=142.85, y=12.42, θ=2.44
2026-06-02 14:44:40.425 - [robot_6_log_20260602_144405.csv] - DEBUG - Frecuencia: 47.71 Hz | Latencia Red/Proc: 34.61 ms
2026-06-02 14:44:40.437 - [robot_6_log_20260602_144405.csv] - INFO - Usando posición VISION: x=142.85, y=12.42, θ=2.44
2026-06-02 14:44:40.437 - [robot_6_log_20260602_144405.csv] - INFO - Distancias a paredes: Left: 142.85, Right: 307.15, Top: 127.58, Bottom: 12.42
2026-06-02 14:44:40.437 - [robot_6_log_20260602_144405.csv] - INFO - Posicion: 142.85, 12.42, 2.437 | Velocidad: -0.6477235360481232, -0.7618754628213956
2026-06-02 14:44:40.437 - [robot_6_log_20260602_144405.csv] - INFO - None
2026-06-02 14:44:40.437 - [robot_6_log_20260602_144405.csv] - WARNING - Timer: 0.299884557723999
2026-06-02 14:44:40.437 - [robot_6_log_20260602_144405.csv] - WARNING - Estado FSM: PARANDO_PARA_RETROCEDER | Target Wall: None | Target Theta: 102.90° |theta: 139.62981467338162 
2026-06-02 14:44:40.486 - [robot_6_log_20260602_144405.csv] - DEBUG - Incoming data. Topic agent/6/wheel, mensaje {"Wleft":4.045167643,"Wright":2.423240153}
2026-06-02 14:44:40.487 - [robot_6_log_20260602_144405.csv] - INFO - Usando posición VISION: x=142.85, y=12.42, θ=2.44
2026-06-02 14:44:40.487 - [robot_6_log_20260602_144405.csv] - DEBUG - Incoming data. Topic 6/pos, mensaje {"x": 142.02, "y": 11.05, "yaw": 2.452, "timestamp": 1780404280.4823728}
2026-06-02 14:44:40.487 - [robot_6_log_20260602_144405.csv] - INFO - Distancias a paredes: Left: 142.85, Right: 307.15, Top: 127.58, Bottom: 12.42
2026-06-02 14:44:40.487 - [robot_6_log_20260602_144405.csv] - DEBUG - Posición actualizada por visión: x=142.02, y=11.05, θ=2.45
2026-06-02 14:44:40.487 - [robot_6_log_20260602_144405.csv] - DEBUG - Frecuencia: 16.23 Hz | Latencia Red/Proc: 4.99 ms
2026-06-02 14:44:40.487 - [robot_6_log_20260602_144405.csv] - INFO - Posicion: 142.85, 12.42, 2.437 | Velocidad: -0.6477235360481232, -0.7618754628213956
2026-06-02 14:44:40.487 - [robot_6_log_20260602_144405.csv] - DEBUG - Incoming data. Topic 6/pos, mensaje {"x": 142.02, "y": 11.05, "yaw": 2.452, "timestamp": 1780404280.4823728}
2026-06-02 14:44:40.487 - [robot_6_log_20260602_144405.csv] - INFO - None
2026-06-02 14:44:40.487 - [robot_6_log_20260602_144405.csv] - DEBUG - Posición actualizada por visión: x=142.02, y=11.05, θ=2.45
2026-06-02 14:44:40.487 - [robot_6_log_20260602_144405.csv] - WARNING - Timer: 0.3501582145690918
2026-06-02 14:44:40.487 - [robot_6_log_20260602_144405.csv] - DEBUG - Frecuencia: 2526.69 Hz | Latencia Red/Proc: 5.38 ms
2026-06-02 14:44:40.487 - [robot_6_log_20260602_144405.csv] - WARNING - Estado FSM: PARANDO_PARA_RETROCEDER | Target Wall: None | Target Theta: 102.90° |theta: 139.62981467338162 
2026-06-02 14:44:40.499 - [robot_6_log_20260602_144405.csv] - DEBUG - Incoming data. Topic 6/pos, mensaje {"x": 142.02, "y": 11.05, "yaw": 2.452, "timestamp": 1780404280.4937592}
2026-06-02 14:44:40.499 - [robot_6_log_20260602_144405.csv] - DEBUG - Posición actualizada por visión: x=142.02, y=11.05, θ=2.45
2026-06-02 14:44:40.505 - [robot_6_log_20260602_144405.csv] - DEBUG - Frecuencia: 56.84 Hz | Latencia Red/Proc: 11.59 ms
2026-06-02 14:44:40.510 - [robot_6_log_20260602_144405.csv] - DEBUG - Incoming data. Topic 6/pos, mensaje {"x": 142.02, "y": 11.05, "yaw": 2.452, "timestamp": 1780404280.4937592}
2026-06-02 14:44:40.515 - [robot_6_log_20260602_144405.csv] - DEBUG - Posición actualizada por visión: x=142.02, y=11.05, θ=2.45
2026-06-02 14:44:40.515 - [robot_6_log_20260602_144405.csv] - DEBUG - Frecuencia: 96.19 Hz | Latencia Red/Proc: 21.98 ms
2026-06-02 14:44:40.537 - [robot_6_log_20260602_144405.csv] - INFO - Usando posición VISION: x=142.02, y=11.05, θ=2.45
2026-06-02 14:44:40.537 - [robot_6_log_20260602_144405.csv] - INFO - Distancias a paredes: Left: 142.02, Right: 307.98, Top: 128.95, Bottom: 11.05
2026-06-02 14:44:40.537 - [robot_6_log_20260602_144405.csv] - INFO - Posicion: 142.02, 11.05, 2.452 | Velocidad: -0.6362229651244049, -0.771505242139229
2026-06-02 14:44:40.537 - [robot_6_log_20260602_144405.csv] - INFO - None
2026-06-02 14:44:40.537 - [robot_6_log_20260602_144405.csv] - WARNING - Timer: 0.39990782737731934
2026-06-02 14:44:40.537 - [robot_6_log_20260602_144405.csv] - WARNING - Estado FSM: PARANDO_PARA_RETROCEDER | Target Wall: None | Target Theta: 102.90° |theta: 140.48925136607787 
2026-06-02 14:44:40.549 - [robot_6_log_20260602_144405.csv] - DEBUG - Incoming data. Topic agent/6/wheel, mensaje {"Wleft":4.043659186,"Wright":2.318879643}
2026-06-02 14:44:40.587 - [robot_6_log_20260602_144405.csv] - INFO - Usando posición VISION: x=142.02, y=11.05, θ=2.45
2026-06-02 14:44:40.587 - [robot_6_log_20260602_144405.csv] - INFO - Distancias a paredes: Left: 142.02, Right: 307.98, Top: 128.95, Bottom: 11.05
2026-06-02 14:44:40.587 - [robot_6_log_20260602_144405.csv] - INFO - Posicion: 142.02, 11.05, 2.452 | Velocidad: -0.6362229651244049, -0.771505242139229
2026-06-02 14:44:40.587 - [robot_6_log_20260602_144405.csv] - INFO - None
2026-06-02 14:44:40.587 - [robot_6_log_20260602_144405.csv] - WARNING - Timer: 0.44992852210998535
2026-06-02 14:44:40.587 - [robot_6_log_20260602_144405.csv] - WARNING - Estado FSM: PARANDO_PARA_RETROCEDER | Target Wall: None | Target Theta: 102.90° |theta: 140.48925136607787 
2026-06-02 14:44:40.598 - [robot_6_log_20260602_144405.csv] - DEBUG - Incoming data. Topic 6/pos, mensaje {"x": 141.48, "y": 10.21, "yaw": 2.449, "timestamp": 1780404280.585341}
2026-06-02 14:44:40.603 - [robot_6_log_20260602_144405.csv] - DEBUG - Posición actualizada por visión: x=141.48, y=10.21, θ=2.45
2026-06-02 14:44:40.609 - [robot_6_log_20260602_144405.csv] - DEBUG - Frecuencia: 10.61 Hz | Latencia Red/Proc: 24.64 ms
2026-06-02 14:44:40.621 - [robot_6_log_20260602_144405.csv] - DEBUG - Incoming data. Topic 6/pos, mensaje {"x": 141.48, "y": 10.21, "yaw": 2.449, "timestamp": 1780404280.585341}
2026-06-02 14:44:40.626 - [robot_6_log_20260602_144405.csv] - DEBUG - Posición actualizada por visión: x=141.48, y=10.21, θ=2.45
2026-06-02 14:44:40.626 - [robot_6_log_20260602_144405.csv] - DEBUG - Frecuencia: 60.92 Hz | Latencia Red/Proc: 41.06 ms
2026-06-02 14:44:40.631 - [robot_6_log_20260602_144405.csv] - DEBUG - Incoming data. Topic 6/pos, mensaje {"x": 141.48, "y": 10.21, "yaw": 2.449, "timestamp": 1780404280.5951183}
2026-06-02 14:44:40.636 - [robot_6_log_20260602_144405.csv] - DEBUG - Posición actualizada por visión: x=141.48, y=10.21, θ=2.45
2026-06-02 14:44:40.637 - [robot_6_log_20260602_144405.csv] - INFO - Usando posición VISION: x=141.48, y=10.21, θ=2.45
2026-06-02 14:44:40.637 - [robot_6_log_20260602_144405.csv] - DEBUG - Frecuencia: 92.85 Hz | Latencia Red/Proc: 42.05 ms
2026-06-02 14:44:40.637 - [robot_6_log_20260602_144405.csv] - INFO - Distancias a paredes: Left: 141.48, Right: 308.52, Top: 129.79, Bottom: 10.21
2026-06-02 14:44:40.637 - [robot_6_log_20260602_144405.csv] - DEBUG - Incoming data. Topic 6/pos, mensaje {"x": 141.48, "y": 10.21, "yaw": 2.449, "timestamp": 1780404280.5951183}
2026-06-02 14:44:40.637 - [robot_6_log_20260602_144405.csv] - INFO - Posicion: 141.48, 10.21, 2.449 | Velocidad: -0.6385346143778549, -0.7695931043358719
2026-06-02 14:44:40.637 - [robot_6_log_20260602_144405.csv] - DEBUG - Posición actualizada por visión: x=141.48, y=10.21, θ=2.45
2026-06-02 14:44:40.637 - [robot_6_log_20260602_144405.csv] - INFO - None
2026-06-02 14:44:40.637 - [robot_6_log_20260602_144405.csv] - DEBUG - Frecuencia: 4766.25 Hz | Latencia Red/Proc: 42.26 ms
2026-06-02 14:44:40.637 - [robot_6_log_20260602_144405.csv] - WARNING - Timer: 0.500063419342041
2026-06-02 14:44:40.637 - [robot_6_log_20260602_144405.csv] - WARNING - Estado FSM: RETROCEDE | Target Wall: None | Target Theta: 102.90° |theta: 140.3173640275386 
2026-06-02 14:44:40.658 - [robot_6_log_20260602_144405.csv] - DEBUG - Incoming data. Topic agent/6/wheel, mensaje {"Wleft":-6.641909245e-15,"Wright":-6.039613254e-15}
2026-06-02 14:44:40.663 - [robot_6_log_20260602_144405.csv] - DEBUG - Despachado a ZMQ -> agent/6/move: {'v': -30, 'w': 0.0}
2026-06-02 14:44:40.687 - [robot_6_log_20260602_144405.csv] - INFO - Usando posición VISION: x=141.48, y=10.21, θ=2.45
2026-06-02 14:44:40.687 - [robot_6_log_20260602_144405.csv] - DEBUG - Incoming data. Topic 6/pos, mensaje {"x": 141.39, "y": 9.95, "yaw": 2.452, "timestamp": 1780404280.6823268}
2026-06-02 14:44:40.687 - [robot_6_log_20260602_144405.csv] - INFO - Distancias a paredes: Left: 141.48, Right: 308.52, Top: 129.79, Bottom: 10.21
2026-06-02 14:44:40.687 - [robot_6_log_20260602_144405.csv] - DEBUG - Posición actualizada por visión: x=141.39, y=9.95, θ=2.45
2026-06-02 14:44:40.687 - [robot_6_log_20260602_144405.csv] - INFO - Posicion: 141.48, 10.21, 2.449 | Velocidad: -0.6385346143778549, -0.7695931043358719
2026-06-02 14:44:40.687 - [robot_6_log_20260602_144405.csv] - DEBUG - Frecuencia: 19.95 Hz | Latencia Red/Proc: 5.17 ms
2026-06-02 14:44:40.687 - [robot_6_log_20260602_144405.csv] - INFO - None
2026-06-02 14:44:40.687 - [robot_6_log_20260602_144405.csv] - DEBUG - Incoming data. Topic 6/pos, mensaje {"x": 141.39, "y": 9.95, "yaw": 2.452, "timestamp": 1780404280.6823268}
2026-06-02 14:44:40.687 - [robot_6_log_20260602_144405.csv] - WARNING - Estado FSM: RETROCEDE | Target Wall: None | Target Theta: 102.90° |theta: 140.3173640275386 
2026-06-02 14:44:40.687 - [robot_6_log_20260602_144405.csv] - DEBUG - Posición actualizada por visión: x=141.39, y=9.95, θ=2.45
2026-06-02 14:44:40.692 - [robot_6_log_20260602_144405.csv] - DEBUG - Frecuencia: 188.37 Hz | Latencia Red/Proc: 10.48 ms
2026-06-02 14:44:40.697 - [robot_6_log_20260602_144405.csv] - DEBUG - Incoming data. Topic 6/pos, mensaje {"x": 141.39, "y": 9.95, "yaw": 2.452, "timestamp": 1780404280.69094}
2026-06-02 14:44:40.703 - [robot_6_log_20260602_144405.csv] - DEBUG - Posición actualizada por visión: x=141.39, y=9.95, θ=2.45
2026-06-02 14:44:40.703 - [robot_6_log_20260602_144405.csv] - DEBUG - Frecuencia: 97.46 Hz | Latencia Red/Proc: 12.13 ms
2026-06-02 14:44:40.713 - [robot_6_log_20260602_144405.csv] - DEBUG - Incoming data. Topic 6/pos, mensaje {"x": 141.39, "y": 9.95, "yaw": 2.452, "timestamp": 1780404280.69094}
2026-06-02 14:44:40.718 - [robot_6_log_20260602_144405.csv] - DEBUG - Posición actualizada por visión: x=141.39, y=9.95, θ=2.45
2026-06-02 14:44:40.723 - [robot_6_log_20260602_144405.csv] - DEBUG - Frecuencia: 48.96 Hz | Latencia Red/Proc: 32.55 ms
2026-06-02 14:44:40.737 - [robot_6_log_20260602_144405.csv] - INFO - Usando posición VISION: x=141.39, y=9.95, θ=2.45
2026-06-02 14:44:40.737 - [robot_6_log_20260602_144405.csv] - INFO - Distancias a paredes: Left: 141.39, Right: 308.61, Top: 130.05, Bottom: 9.95
2026-06-02 14:44:40.737 - [robot_6_log_20260602_144405.csv] - INFO - Posicion: 141.39, 9.95, 2.452 | Velocidad: -0.6362229651244049, -0.771505242139229
2026-06-02 14:44:40.737 - [robot_6_log_20260602_144405.csv] - CRITICAL - Pared muy cercana [141.39, 308.61, 130.05, 9.95]
2026-06-02 14:44:40.737 - [robot_6_log_20260602_144405.csv] - INFO - None
2026-06-02 14:44:40.737 - [robot_6_log_20260602_144405.csv] - WARNING - Estado FSM: RETROCEDE | Target Wall: None | Target Theta: 102.90° |theta: 140.48925136607787 
2026-06-02 14:44:40.786 - [robot_6_log_20260602_144405.csv] - DEBUG - Incoming data. Topic 6/pos, mensaje {"x": 141.41, "y": 9.94, "yaw": 2.452, "timestamp": 1780404280.7829387}
2026-06-02 14:44:40.787 - [robot_6_log_20260602_144405.csv] - INFO - Usando posición VISION: x=141.39, y=9.95, θ=2.45
2026-06-02 14:44:40.787 - [robot_6_log_20260602_144405.csv] - INFO - Distancias a paredes: Left: 141.39, Right: 308.61, Top: 130.05, Bottom: 9.95
2026-06-02 14:44:40.787 - [robot_6_log_20260602_144405.csv] - INFO - Posicion: 141.39, 9.95, 2.452 | Velocidad: -0.6362229651244049, -0.771505242139229
2026-06-02 14:44:40.787 - [robot_6_log_20260602_144405.csv] - DEBUG - Posición actualizada por visión: x=141.41, y=9.94, θ=2.45
2026-06-02 14:44:40.787 - [robot_6_log_20260602_144405.csv] - CRITICAL - Pared muy cercana [141.39, 308.61, 130.05, 9.95]
2026-06-02 14:44:40.787 - [robot_6_log_20260602_144405.csv] - INFO - None
2026-06-02 14:44:40.787 - [robot_6_log_20260602_144405.csv] - WARNING - Estado FSM: RETROCEDE | Target Wall: None | Target Theta: 102.90° |theta: 140.48925136607787 
2026-06-02 14:44:40.787 - [robot_6_log_20260602_144405.csv] - DEBUG - Frecuencia: 15.65 Hz | Latencia Red/Proc: 4.44 ms
2026-06-02 14:44:40.802 - [robot_6_log_20260602_144405.csv] - DEBUG - Incoming data. Topic 6/pos, mensaje {"x": 141.41, "y": 9.94, "yaw": 2.452, "timestamp": 1780404280.7829387}
2026-06-02 14:44:40.807 - [robot_6_log_20260602_144405.csv] - DEBUG - Posición actualizada por visión: x=141.41, y=9.94, θ=2.45
2026-06-02 14:44:40.808 - [robot_6_log_20260602_144405.csv] - DEBUG - Frecuencia: 48.46 Hz | Latencia Red/Proc: 25.08 ms
2026-06-02 14:44:40.808 - [robot_6_log_20260602_144405.csv] - DEBUG - Incoming data. Topic 6/pos, mensaje {"x": 141.41, "y": 9.94, "yaw": 2.452, "timestamp": 1780404280.7940927}
2026-06-02 14:44:40.808 - [robot_6_log_20260602_144405.csv] - DEBUG - Posición actualizada por visión: x=141.41, y=9.94, θ=2.45
2026-06-02 14:44:40.808 - [robot_6_log_20260602_144405.csv] - DEBUG - Frecuencia: 10591.68 Hz | Latencia Red/Proc: 14.02 ms
2026-06-02 14:44:40.808 - [robot_6_log_20260602_144405.csv] - DEBUG - Incoming data. Topic agent/6/wheel, mensaje {"Wleft":4.045723564,"Wright":16}
2026-06-02 14:44:40.837 - [robot_6_log_20260602_144405.csv] - INFO - Usando posición VISION: x=141.41, y=9.94, θ=2.45
2026-06-02 14:44:40.837 - [robot_6_log_20260602_144405.csv] - DEBUG - Incoming data. Topic 6/pos, mensaje {"x": 141.41, "y": 9.94, "yaw": 2.452, "timestamp": 1780404280.7940927}
2026-06-02 14:44:40.837 - [robot_6_log_20260602_144405.csv] - INFO - Distancias a paredes: Left: 141.41, Right: 308.59, Top: 130.06, Bottom: 9.94
2026-06-02 14:44:40.837 - [robot_6_log_20260602_144405.csv] - DEBUG - Posición actualizada por visión: x=141.41, y=9.94, θ=2.45
2026-06-02 14:44:40.837 - [robot_6_log_20260602_144405.csv] - INFO - Posicion: 141.41, 9.94, 2.452 | Velocidad: -0.6362229651244049, -0.771505242139229
2026-06-02 14:44:40.837 - [robot_6_log_20260602_144405.csv] - DEBUG - Frecuencia: 34.08 Hz | Latencia Red/Proc: 43.36 ms
2026-06-02 14:44:40.837 - [robot_6_log_20260602_144405.csv] - CRITICAL - Pared muy cercana [141.41, 308.59000000000003, 130.06, 9.94]
2026-06-02 14:44:40.837 - [robot_6_log_20260602_144405.csv] - INFO - None
2026-06-02 14:44:40.837 - [robot_6_log_20260602_144405.csv] - WARNING - Estado FSM: RETROCEDE | Target Wall: None | Target Theta: 102.90° |theta: 140.48925136607787 
2026-06-02 14:44:40.860 - [robot_6_log_20260602_144405.csv] - DEBUG - Incoming data. Topic agent/6/wheel, mensaje {"Wleft":6.044868703,"Wright":20}
2026-06-02 14:44:40.884 - [robot_6_log_20260602_144405.csv] - DEBUG - Incoming data. Topic 6/pos, mensaje {"x": 141.39, "y": 10.07, "yaw": 2.452, "timestamp": 1780404280.8819304}
2026-06-02 14:44:40.887 - [robot_6_log_20260602_144405.csv] - INFO - Usando posición VISION: x=141.41, y=9.94, θ=2.45
2026-06-02 14:44:40.887 - [robot_6_log_20260602_144405.csv] - INFO - Distancias a paredes: Left: 141.41, Right: 308.59, Top: 130.06, Bottom: 9.94
2026-06-02 14:44:40.887 - [robot_6_log_20260602_144405.csv] - INFO - Posicion: 141.41, 9.94, 2.452 | Velocidad: -0.6362229651244049, -0.771505242139229
2026-06-02 14:44:40.887 - [robot_6_log_20260602_144405.csv] - DEBUG - Posición actualizada por visión: x=141.39, y=10.07, θ=2.45
2026-06-02 14:44:40.887 - [robot_6_log_20260602_144405.csv] - CRITICAL - Pared muy cercana [141.41, 308.59000000000003, 130.06, 9.94]
2026-06-02 14:44:40.887 - [robot_6_log_20260602_144405.csv] - INFO - None
2026-06-02 14:44:40.887 - [robot_6_log_20260602_144405.csv] - WARNING - Estado FSM: RETROCEDE | Target Wall: None | Target Theta: 102.90° |theta: 140.48925136607787 
2026-06-02 14:44:40.887 - [robot_6_log_20260602_144405.csv] - DEBUG - Frecuencia: 20.02 Hz | Latencia Red/Proc: 5.47 ms
2026-06-02 14:44:40.909 - [robot_6_log_20260602_144405.csv] - DEBUG - Incoming data. Topic 6/pos, mensaje {"x": 141.39, "y": 10.07, "yaw": 2.452, "timestamp": 1780404280.8819304}
2026-06-02 14:44:40.915 - [robot_6_log_20260602_144405.csv] - DEBUG - Posición actualizada por visión: x=141.39, y=10.07, θ=2.45
2026-06-02 14:44:40.920 - [robot_6_log_20260602_144405.csv] - DEBUG - Frecuencia: 30.50 Hz | Latencia Red/Proc: 38.26 ms
2026-06-02 14:44:40.936 - [robot_6_log_20260602_144405.csv] - DEBUG - Incoming data. Topic 6/pos, mensaje {"x": 141.39, "y": 10.07, "yaw": 2.452, "timestamp": 1780404280.8904366}
2026-06-02 14:44:40.936 - [robot_6_log_20260602_144405.csv] - DEBUG - Posición actualizada por visión: x=141.39, y=10.07, θ=2.45
2026-06-02 14:44:40.936 - [robot_6_log_20260602_144405.csv] - DEBUG - Frecuencia: 60.49 Hz | Latencia Red/Proc: 46.29 ms
2026-06-02 14:44:40.937 - [robot_6_log_20260602_144405.csv] - INFO - Usando posición VISION: x=141.39, y=10.07, θ=2.45
2026-06-02 14:44:40.937 - [robot_6_log_20260602_144405.csv] - INFO - Distancias a paredes: Left: 141.39, Right: 308.61, Top: 129.93, Bottom: 10.07
2026-06-02 14:44:40.937 - [robot_6_log_20260602_144405.csv] - INFO - Posicion: 141.39, 10.07, 2.452 | Velocidad: -0.6362229651244049, -0.771505242139229
2026-06-02 14:44:40.937 - [robot_6_log_20260602_144405.csv] - INFO - None
2026-06-02 14:44:40.937 - [robot_6_log_20260602_144405.csv] - DEBUG - Incoming data. Topic 6/pos, mensaje {"x": 141.39, "y": 10.07, "yaw": 2.452, "timestamp": 1780404280.8904366}
2026-06-02 14:44:40.937 - [robot_6_log_20260602_144405.csv] - DEBUG - Posición actualizada por visión: x=141.39, y=10.07, θ=2.45
2026-06-02 14:44:40.937 - [robot_6_log_20260602_144405.csv] - DEBUG - Frecuencia: 1721.09 Hz | Latencia Red/Proc: 46.87 ms
2026-06-02 14:44:40.937 - [robot_6_log_20260602_144405.csv] - WARNING - Estado FSM: RETROCEDE | Target Wall: None | Target Theta: 102.90° |theta: 140.48925136607787 
2026-06-02 14:44:40.987 - [robot_6_log_20260602_144405.csv] - INFO - Usando posición VISION: x=141.39, y=10.07, θ=2.45
2026-06-02 14:44:40.987 - [robot_6_log_20260602_144405.csv] - INFO - Distancias a paredes: Left: 141.39, Right: 308.61, Top: 129.93, Bottom: 10.07
2026-06-02 14:44:40.987 - [robot_6_log_20260602_144405.csv] - INFO - Posicion: 141.39, 10.07, 2.452 | Velocidad: -0.6362229651244049, -0.771505242139229
2026-06-02 14:44:40.987 - [robot_6_log_20260602_144405.csv] - INFO - None
2026-06-02 14:44:40.987 - [robot_6_log_20260602_144405.csv] - WARNING - Estado FSM: RETROCEDE | Target Wall: None | Target Theta: 102.90° |theta: 140.48925136607787 
2026-06-02 14:44:40.998 - [robot_6_log_20260602_144405.csv] - DEBUG - Incoming data. Topic 6/pos, mensaje {"x": 142.02, "y": 10.93, "yaw": 2.48, "timestamp": 1780404280.982997}
2026-06-02 14:44:41.003 - [robot_6_log_20260602_144405.csv] - DEBUG - Posición actualizada por visión: x=142.02, y=10.93, θ=2.48
2026-06-02 14:44:41.008 - [robot_6_log_20260602_144405.csv] - DEBUG - Frecuencia: 13.98 Hz | Latencia Red/Proc: 25.82 ms
2026-06-02 14:44:41.025 - [robot_6_log_20260602_144405.csv] - DEBUG - Incoming data. Topic 6/pos, mensaje {"x": 142.02, "y": 10.93, "yaw": 2.48, "timestamp": 1780404280.982997}
2026-06-02 14:44:41.031 - [robot_6_log_20260602_144405.csv] - DEBUG - Posición actualizada por visión: x=142.02, y=10.93, θ=2.48
2026-06-02 14:44:41.036 - [robot_6_log_20260602_144405.csv] - DEBUG - Frecuencia: 36.30 Hz | Latencia Red/Proc: 53.36 ms
2026-06-02 14:44:41.037 - [robot_6_log_20260602_144405.csv] - INFO - Usando posición VISION: x=142.02, y=10.93, θ=2.48
2026-06-02 14:44:41.037 - [robot_6_log_20260602_144405.csv] - DEBUG - Incoming data. Topic 6/pos, mensaje {"x": 142.02, "y": 10.93, "yaw": 2.48, "timestamp": 1780404280.9940314}
2026-06-02 14:44:41.037 - [robot_6_log_20260602_144405.csv] - INFO - Distancias a paredes: Left: 142.02, Right: 307.98, Top: 129.07, Bottom: 10.93
2026-06-02 14:44:41.037 - [robot_6_log_20260602_144405.csv] - DEBUG - Posición actualizada por visión: x=142.02, y=10.93, θ=2.48
2026-06-02 14:44:41.037 - [robot_6_log_20260602_144405.csv] - INFO - Posicion: 142.02, 10.93, 2.48 | Velocidad: -0.6143742578057118, -0.7890147472295311
2026-06-02 14:44:41.037 - [robot_6_log_20260602_144405.csv] - DEBUG - Frecuencia: 1017.29 Hz | Latencia Red/Proc: 43.31 ms
2026-06-02 14:44:41.037 - [robot_6_log_20260602_144405.csv] - INFO - None
2026-06-02 14:44:41.037 - [robot_6_log_20260602_144405.csv] - DEBUG - Incoming data. Topic agent/6/wheel, mensaje {"Wleft":4.044692316,"Wright":20}
2026-06-02 14:44:41.037 - [robot_6_log_20260602_144405.csv] - WARNING - Estado FSM: RETROCEDE | Target Wall: None | Target Theta: 102.90° |theta: 142.09353319244417 
2026-06-02 14:44:41.042 - [robot_6_log_20260602_144405.csv] - DEBUG - Incoming data. Topic 6/pos, mensaje {"x": 142.02, "y": 10.93, "yaw": 2.48, "timestamp": 1780404280.9940314}
2026-06-02 14:44:41.042 - [robot_6_log_20260602_144405.csv] - DEBUG - Posición actualizada por visión: x=142.02, y=10.93, θ=2.48
2026-06-02 14:44:41.042 - [robot_6_log_20260602_144405.csv] - DEBUG - Frecuencia: 190.15 Hz | Latencia Red/Proc: 48.57 ms
2026-06-02 14:44:41.059 - [robot_6_log_20260602_144405.csv] - DEBUG - Incoming data. Topic agent/6/wheel, mensaje {"Wleft":6.066151291,"Wright":20}
2026-06-02 14:44:41.083 - [robot_6_log_20260602_144405.csv] - DEBUG - Incoming data. Topic 6/pos, mensaje {"x": 143.03, "y": 11.98, "yaw": 2.546, "timestamp": 1780404281.0825741}
2026-06-02 14:44:41.087 - [robot_6_log_20260602_144405.csv] - INFO - Usando posición VISION: x=142.02, y=10.93, θ=2.48
2026-06-02 14:44:41.087 - [robot_6_log_20260602_144405.csv] - DEBUG - Posición actualizada por visión: x=143.03, y=11.98, θ=2.55
2026-06-02 14:44:41.087 - [robot_6_log_20260602_144405.csv] - INFO - Distancias a paredes: Left: 142.02, Right: 307.98, Top: 129.07, Bottom: 10.93
2026-06-02 14:44:41.087 - [robot_6_log_20260602_144405.csv] - INFO - Posicion: 142.02, 10.93, 2.48 | Velocidad: -0.6143742578057118, -0.7890147472295311
2026-06-02 14:44:41.087 - [robot_6_log_20260602_144405.csv] - INFO - None
2026-06-02 14:44:41.087 - [robot_6_log_20260602_144405.csv] - DEBUG - Frecuencia: 22.26 Hz | Latencia Red/Proc: 4.96 ms
2026-06-02 14:44:41.087 - [robot_6_log_20260602_144405.csv] - DEBUG - Incoming data. Topic 6/pos, mensaje {"x": 143.03, "y": 11.98, "yaw": 2.546, "timestamp": 1780404281.0825741}
2026-06-02 14:44:41.087 - [robot_6_log_20260602_144405.csv] - DEBUG - Posición actualizada por visión: x=143.03, y=11.98, θ=2.55
2026-06-02 14:44:41.087 - [robot_6_log_20260602_144405.csv] - DEBUG - Frecuencia: 2647.92 Hz | Latencia Red/Proc: 5.33 ms
2026-06-02 14:44:41.087 - [robot_6_log_20260602_144405.csv] - WARNING - Estado FSM: RETROCEDE | Target Wall: None | Target Theta: 102.90° |theta: 142.09353319244417 
2026-06-02 14:44:41.105 - [robot_6_log_20260602_144405.csv] - DEBUG - Incoming data. Topic 6/pos, mensaje {"x": 143.03, "y": 11.98, "yaw": 2.546, "timestamp": 1780404281.0935512}
2026-06-02 14:44:41.105 - [robot_6_log_20260602_144405.csv] - DEBUG - Posición actualizada por visión: x=143.03, y=11.98, θ=2.55
2026-06-02 14:44:41.126 - [robot_6_log_20260602_144405.csv] - DEBUG - Frecuencia: 26.00 Hz | Latencia Red/Proc: 32.82 ms
2026-06-02 14:44:41.137 - [robot_6_log_20260602_144405.csv] - INFO - Usando posición VISION: x=143.03, y=11.98, θ=2.55
2026-06-02 14:44:41.137 - [robot_6_log_20260602_144405.csv] - INFO - Distancias a paredes: Left: 143.03, Right: 306.97, Top: 128.02, Bottom: 11.98
2026-06-02 14:44:41.137 - [robot_6_log_20260602_144405.csv] - INFO - Posicion: 143.03, 11.98, 2.546 | Velocidad: -0.5609994612146701, -0.8278161658948501
2026-06-02 14:44:41.137 - [robot_6_log_20260602_144405.csv] - INFO - ABAJO
2026-06-02 14:44:41.137 - [robot_6_log_20260602_144405.csv] - WARNING - Estado FSM: RETROCEDE | Target Wall: ABAJO | Target Theta: 102.90° |theta: 145.87505464030758 
2026-06-02 14:44:41.142 - [robot_6_log_20260602_144405.csv] - DEBUG - Incoming data. Topic 6/pos, mensaje {"x": 143.03, "y": 11.98, "yaw": 2.546, "timestamp": 1780404281.0935512}
2026-06-02 14:44:41.147 - [robot_6_log_20260602_144405.csv] - DEBUG - Posición actualizada por visión: x=143.03, y=11.98, θ=2.55
2026-06-02 14:44:41.154 - [robot_6_log_20260602_144405.csv] - DEBUG - Frecuencia: 36.08 Hz | Latencia Red/Proc: 60.54 ms
2026-06-02 14:44:41.183 - [robot_6_log_20260602_144405.csv] - DEBUG - Incoming data. Topic 6/pos, mensaje {"x": 142.85, "y": 12.72, "yaw": 2.517, "timestamp": 1780404281.1831214}
2026-06-02 14:44:41.187 - [robot_6_log_20260602_144405.csv] - INFO - Usando posición VISION: x=143.03, y=11.98, θ=2.55
2026-06-02 14:44:41.187 - [robot_6_log_20260602_144405.csv] - DEBUG - Posición actualizada por visión: x=142.85, y=12.72, θ=2.52
2026-06-02 14:44:41.187 - [robot_6_log_20260602_144405.csv] - INFO - Distancias a paredes: Left: 143.03, Right: 306.97, Top: 128.02, Bottom: 11.98
2026-06-02 14:44:41.187 - [robot_6_log_20260602_144405.csv] - DEBUG - Frecuencia: 30.01 Hz | Latencia Red/Proc: 4.29 ms
2026-06-02 14:44:41.187 - [robot_6_log_20260602_144405.csv] - INFO - Posicion: 143.03, 11.98, 2.546 | Velocidad: -0.5609994612146701, -0.8278161658948501
2026-06-02 14:44:41.187 - [robot_6_log_20260602_144405.csv] - INFO - ABAJO
2026-06-02 14:44:41.187 - [robot_6_log_20260602_144405.csv] - DEBUG - Incoming data. Topic 6/pos, mensaje {"x": 142.85, "y": 12.72, "yaw": 2.517, "timestamp": 1780404281.1831214}
2026-06-02 14:44:41.187 - [robot_6_log_20260602_144405.csv] - WARNING - Estado FSM: RETROCEDE | Target Wall: ABAJO | Target Theta: 102.90° |theta: 145.87505464030758 
2026-06-02 14:44:41.187 - [robot_6_log_20260602_144405.csv] - DEBUG - Posición actualizada por visión: x=142.85, y=12.72, θ=2.52
2026-06-02 14:44:41.198 - [robot_6_log_20260602_144405.csv] - DEBUG - Frecuencia: 87.19 Hz | Latencia Red/Proc: 15.76 ms
2026-06-02 14:44:41.198 - [robot_6_log_20260602_144405.csv] - DEBUG - Incoming data. Topic 6/pos, mensaje {"x": 142.85, "y": 12.72, "yaw": 2.517, "timestamp": 1780404281.192231}
2026-06-02 14:44:41.199 - [robot_6_log_20260602_144405.csv] - DEBUG - Posición actualizada por visión: x=142.85, y=12.72, θ=2.52
2026-06-02 14:44:41.199 - [robot_6_log_20260602_144405.csv] - DEBUG - Frecuencia: 6647.07 Hz | Latencia Red/Proc: 6.80 ms
2026-06-02 14:44:41.199 - [robot_6_log_20260602_144405.csv] - DEBUG - Incoming data. Topic 6/pos, mensaje {"x": 142.85, "y": 12.72, "yaw": 2.517, "timestamp": 1780404281.192231}
2026-06-02 14:44:41.199 - [robot_6_log_20260602_144405.csv] - DEBUG - Posición actualizada por visión: x=142.85, y=12.72, θ=2.52
2026-06-02 14:44:41.204 - [robot_6_log_20260602_144405.csv] - DEBUG - Frecuencia: 192.52 Hz | Latencia Red/Proc: 12.00 ms
2026-06-02 14:44:41.237 - [robot_6_log_20260602_144405.csv] - INFO - Usando posición VISION: x=142.85, y=12.72, θ=2.52
2026-06-02 14:44:41.237 - [robot_6_log_20260602_144405.csv] - INFO - Distancias a paredes: Left: 142.85, Right: 307.15, Top: 127.28, Bottom: 12.72
2026-06-02 14:44:41.237 - [robot_6_log_20260602_144405.csv] - INFO - Posicion: 142.85, 12.72, 2.517 | Velocidad: -0.5847668814911416, -0.8112013894903812
2026-06-02 14:44:41.237 - [robot_6_log_20260602_144405.csv] - INFO - ABAJO
2026-06-02 14:44:41.237 - [robot_6_log_20260602_144405.csv] - WARNING - Estado FSM: RETROCEDE | Target Wall: ABAJO | Target Theta: 102.90° |theta: 144.2134770344282 
2026-06-02 14:44:41.248 - [robot_6_log_20260602_144405.csv] - DEBUG - Incoming data. Topic agent/6/wheel, mensaje {"Wleft":4.04281952,"Wright":20}
2026-06-02 14:44:41.265 - [robot_6_log_20260602_144405.csv] - DEBUG - Incoming data. Topic agent/6/wheel, mensaje {"Wleft":6.088328227,"Wright":20}
2026-06-02 14:44:41.287 - [robot_6_log_20260602_144405.csv] - INFO - Usando posición VISION: x=142.85, y=12.72, θ=2.52
2026-06-02 14:44:41.287 - [robot_6_log_20260602_144405.csv] - INFO - Distancias a paredes: Left: 142.85, Right: 307.15, Top: 127.28, Bottom: 12.72
2026-06-02 14:44:41.287 - [robot_6_log_20260602_144405.csv] - INFO - Posicion: 142.85, 12.72, 2.517 | Velocidad: -0.5847668814911416, -0.8112013894903812
2026-06-02 14:44:41.287 - [robot_6_log_20260602_144405.csv] - INFO - ABAJO
2026-06-02 14:44:41.287 - [robot_6_log_20260602_144405.csv] - DEBUG - Incoming data. Topic 6/pos, mensaje {"x": 142.96, "y": 13.08, "yaw": 2.492, "timestamp": 1780404281.28263}
2026-06-02 14:44:41.287 - [robot_6_log_20260602_144405.csv] - DEBUG - Posición actualizada por visión: x=142.96, y=13.08, θ=2.49
2026-06-02 14:44:41.287 - [robot_6_log_20260602_144405.csv] - DEBUG - Frecuencia: 12.02 Hz | Latencia Red/Proc: 4.80 ms
2026-06-02 14:44:41.287 - [robot_6_log_20260602_144405.csv] - DEBUG - Incoming data. Topic 6/pos, mensaje {"x": 142.96, "y": 13.08, "yaw": 2.492, "timestamp": 1780404281.28263}
2026-06-02 14:44:41.287 - [robot_6_log_20260602_144405.csv] - DEBUG - Posición actualizada por visión: x=142.96, y=13.08, θ=2.49
2026-06-02 14:44:41.287 - [robot_6_log_20260602_144405.csv] - DEBUG - Frecuencia: 21076.90 Hz | Latencia Red/Proc: 4.85 ms
2026-06-02 14:44:41.287 - [robot_6_log_20260602_144405.csv] - WARNING - Estado FSM: RETROCEDE | Target Wall: ABAJO | Target Theta: 102.90° |theta: 144.2134770344282 
2026-06-02 14:44:41.304 - [robot_6_log_20260602_144405.csv] - DEBUG - Incoming data. Topic 6/pos, mensaje {"x": 142.96, "y": 13.08, "yaw": 2.492, "timestamp": 1780404281.2939003}
2026-06-02 14:44:41.309 - [robot_6_log_20260602_144405.csv] - DEBUG - Posición actualizada por visión: x=142.96, y=13.08, θ=2.49
2026-06-02 14:44:41.309 - [robot_6_log_20260602_144405.csv] - DEBUG - Frecuencia: 45.01 Hz | Latencia Red/Proc: 15.79 ms
2026-06-02 14:44:41.309 - [robot_6_log_20260602_144405.csv] - DEBUG - Incoming data. Topic 6/pos, mensaje {"x": 142.96, "y": 13.08, "yaw": 2.492, "timestamp": 1780404281.2939003}
2026-06-02 14:44:41.309 - [robot_6_log_20260602_144405.csv] - DEBUG - Posición actualizada por visión: x=142.96, y=13.08, θ=2.49
2026-06-02 14:44:41.309 - [robot_6_log_20260602_144405.csv] - DEBUG - Frecuencia: 7781.64 Hz | Latencia Red/Proc: 15.92 ms
2026-06-02 14:44:41.337 - [robot_6_log_20260602_144405.csv] - INFO - Usando posición VISION: x=142.96, y=13.08, θ=2.49
2026-06-02 14:44:41.337 - [robot_6_log_20260602_144405.csv] - INFO - Distancias a paredes: Left: 142.96, Right: 307.04, Top: 126.92, Bottom: 13.08
2026-06-02 14:44:41.337 - [robot_6_log_20260602_144405.csv] - INFO - Posicion: 142.96, 13.08, 2.492 | Velocidad: -0.6048620736578233, -0.7963302530045924
2026-06-02 14:44:41.337 - [robot_6_log_20260602_144405.csv] - INFO - None
2026-06-02 14:44:41.337 - [robot_6_log_20260602_144405.csv] - WARNING - Estado FSM: RETROCEDE | Target Wall: None | Target Theta: 102.90° |theta: 142.78108254660114 
2026-06-02 14:44:41.360 - [robot_6_log_20260602_144405.csv] - DEBUG - Incoming data. Topic agent/6/wheel, mensaje {"Wleft":6.067600309,"Wright":20}
2026-06-02 14:44:41.387 - [robot_6_log_20260602_144405.csv] - INFO - Usando posición VISION: x=142.96, y=13.08, θ=2.49
2026-06-02 14:44:41.387 - [robot_6_log_20260602_144405.csv] - INFO - Distancias a paredes: Left: 142.96, Right: 307.04, Top: 126.92, Bottom: 13.08
2026-06-02 14:44:41.387 - [robot_6_log_20260602_144405.csv] - INFO - Posicion: 142.96, 13.08, 2.492 | Velocidad: -0.6048620736578233, -0.7963302530045924
2026-06-02 14:44:41.387 - [robot_6_log_20260602_144405.csv] - INFO - None
2026-06-02 14:44:41.387 - [robot_6_log_20260602_144405.csv] - WARNING - Estado FSM: RETROCEDE | Target Wall: None | Target Theta: 102.90° |theta: 142.78108254660114 
2026-06-02 14:44:41.392 - [robot_6_log_20260602_144405.csv] - DEBUG - Incoming data. Topic 6/pos, mensaje {"x": 142.79, "y": 13.33, "yaw": 2.502, "timestamp": 1780404281.3870306}
2026-06-02 14:44:41.397 - [robot_6_log_20260602_144405.csv] - DEBUG - Posición actualizada por visión: x=142.79, y=13.33, θ=2.50
2026-06-02 14:44:41.403 - [robot_6_log_20260602_144405.csv] - DEBUG - Frecuencia: 10.73 Hz | Latencia Red/Proc: 16.02 ms
2026-06-02 14:44:41.408 - [robot_6_log_20260602_144405.csv] - DEBUG - Incoming data. Topic 6/pos, mensaje {"x": 142.79, "y": 13.33, "yaw": 2.502, "timestamp": 1780404281.3870306}
2026-06-02 14:44:41.413 - [robot_6_log_20260602_144405.csv] - DEBUG - Posición actualizada por visión: x=142.79, y=13.33, θ=2.50
2026-06-02 14:44:41.418 - [robot_6_log_20260602_144405.csv] - DEBUG - Frecuencia: 63.17 Hz | Latencia Red/Proc: 31.85 ms
2026-06-02 14:44:41.424 - [robot_6_log_20260602_144405.csv] - DEBUG - Incoming data. Topic 6/pos, mensaje {"x": 142.79, "y": 13.33, "yaw": 2.502, "timestamp": 1780404281.3988175}
2026-06-02 14:44:41.429 - [robot_6_log_20260602_144405.csv] - DEBUG - Posición actualizada por visión: x=142.79, y=13.33, θ=2.50
2026-06-02 14:44:41.437 - [robot_6_log_20260602_144405.csv] - DEBUG - Frecuencia: 54.57 Hz | Latencia Red/Proc: 38.39 ms
2026-06-02 14:44:41.437 - [robot_6_log_20260602_144405.csv] - INFO - Usando posición VISION: x=142.79, y=13.33, θ=2.50
2026-06-02 14:44:41.437 - [robot_6_log_20260602_144405.csv] - INFO - Distancias a paredes: Left: 142.79, Right: 307.21, Top: 126.67, Bottom: 13.33
2026-06-02 14:44:41.437 - [robot_6_log_20260602_144405.csv] - DEBUG - Incoming data. Topic 6/pos, mensaje {"x": 142.79, "y": 13.33, "yaw": 2.502, "timestamp": 1780404281.3988175}
2026-06-02 14:44:41.437 - [robot_6_log_20260602_144405.csv] - INFO - Posicion: 142.79, 13.33, 2.502 | Velocidad: -0.5968686609971648, -0.8023389567504818
2026-06-02 14:44:41.437 - [robot_6_log_20260602_144405.csv] - DEBUG - Posición actualizada por visión: x=142.79, y=13.33, θ=2.50
2026-06-02 14:44:41.437 - [robot_6_log_20260602_144405.csv] - INFO - ABAJO
2026-06-02 14:44:41.437 - [robot_6_log_20260602_144405.csv] - DEBUG - Frecuencia: 2334.06 Hz | Latencia Red/Proc: 38.82 ms
2026-06-02 14:44:41.437 - [robot_6_log_20260602_144405.csv] - WARNING - Estado FSM: RETROCEDE | Target Wall: ABAJO | Target Theta: 102.90° |theta: 143.35404034173195 
2026-06-02 14:44:41.487 - [robot_6_log_20260602_144405.csv] - INFO - Usando posición VISION: x=142.79, y=13.33, θ=2.50
2026-06-02 14:44:41.487 - [robot_6_log_20260602_144405.csv] - INFO - Distancias a paredes: Left: 142.79, Right: 307.21, Top: 126.67, Bottom: 13.33
2026-06-02 14:44:41.487 - [robot_6_log_20260602_144405.csv] - INFO - Posicion: 142.79, 13.33, 2.502 | Velocidad: -0.5968686609971648, -0.8023389567504818
2026-06-02 14:44:41.487 - [robot_6_log_20260602_144405.csv] - INFO - ABAJO
2026-06-02 14:44:41.487 - [robot_6_log_20260602_144405.csv] - WARNING - Estado FSM: RETROCEDE | Target Wall: ABAJO | Target Theta: 102.90° |theta: 143.35404034173195 
2026-06-02 14:44:41.492 - [robot_6_log_20260602_144405.csv] - DEBUG - Incoming data. Topic 6/pos, mensaje {"x": 142.82, "y": 13.49, "yaw": 2.551, "timestamp": 1780404281.488262}
2026-06-02 14:44:41.492 - [robot_6_log_20260602_144405.csv] - DEBUG - Posición actualizada por visión: x=142.82, y=13.49, θ=2.55
2026-06-02 14:44:41.492 - [robot_6_log_20260602_144405.csv] - DEBUG - Frecuencia: 18.15 Hz | Latencia Red/Proc: 4.49 ms
2026-06-02 14:44:41.492 - [robot_6_log_20260602_144405.csv] - DEBUG - Incoming data. Topic 6/pos, mensaje {"x": 142.82, "y": 13.49, "yaw": 2.551, "timestamp": 1780404281.488262}
2026-06-02 14:44:41.492 - [robot_6_log_20260602_144405.csv] - DEBUG - Posición actualizada por visión: x=142.82, y=13.49, θ=2.55
2026-06-02 14:44:41.492 - [robot_6_log_20260602_144405.csv] - DEBUG - Frecuencia: 22550.02 Hz | Latencia Red/Proc: 4.53 ms
2026-06-02 14:44:41.505 - [robot_6_log_20260602_144405.csv] - DEBUG - Incoming data. Topic 6/pos, mensaje {"x": 142.82, "y": 13.49, "yaw": 2.551, "timestamp": 1780404281.499646}
2026-06-02 14:44:41.510 - [robot_6_log_20260602_144405.csv] - DEBUG - Posición actualizada por visión: x=142.82, y=13.49, θ=2.55
2026-06-02 14:44:41.515 - [robot_6_log_20260602_144405.csv] - DEBUG - Frecuencia: 44.34 Hz | Latencia Red/Proc: 15.70 ms
2026-06-02 14:44:41.531 - [robot_6_log_20260602_144405.csv] - DEBUG - Incoming data. Topic agent/6/wheel, mensaje {"Wleft":6.067668557,"Wright":20}
2026-06-02 14:44:41.537 - [robot_6_log_20260602_144405.csv] - INFO - Usando posición VISION: x=142.82, y=13.49, θ=2.55
2026-06-02 14:44:41.537 - [robot_6_log_20260602_144405.csv] - INFO - Distancias a paredes: Left: 142.82, Right: 307.18, Top: 126.51, Bottom: 13.49
2026-06-02 14:44:41.537 - [robot_6_log_20260602_144405.csv] - INFO - Posicion: 142.82, 13.49, 2.551 | Velocidad: -0.5568533851526883, -0.8306108038329334
2026-06-02 14:44:41.537 - [robot_6_log_20260602_144405.csv] - INFO - ABAJO
2026-06-02 14:44:41.537 - [robot_6_log_20260602_144405.csv] - WARNING - Estado FSM: RETROCEDE | Target Wall: ABAJO | Target Theta: 102.90° |theta: 146.16153353787303 
2026-06-02 14:44:41.548 - [robot_6_log_20260602_144405.csv] - DEBUG - Incoming data. Topic 6/pos, mensaje {"x": 142.82, "y": 13.49, "yaw": 2.551, "timestamp": 1780404281.499646}
2026-06-02 14:44:41.553 - [robot_6_log_20260602_144405.csv] - DEBUG - Posición actualizada por visión: x=142.82, y=13.49, θ=2.55
2026-06-02 14:44:41.559 - [robot_6_log_20260602_144405.csv] - DEBUG - Frecuencia: 22.51 Hz | Latencia Red/Proc: 60.12 ms
2026-06-02 14:44:41.565 - [robot_6_log_20260602_144405.csv] - DEBUG - Incoming data. Topic agent/6/wheel, mensaje {"Wleft":6.045709561,"Wright":18}
2026-06-02 14:44:41.587 - [robot_6_log_20260602_144405.csv] - INFO - Usando posición VISION: x=142.82, y=13.49, θ=2.55
2026-06-02 14:44:41.587 - [robot_6_log_20260602_144405.csv] - INFO - Distancias a paredes: Left: 142.82, Right: 307.18, Top: 126.51, Bottom: 13.49
2026-06-02 14:44:41.587 - [robot_6_log_20260602_144405.csv] - INFO - Posicion: 142.82, 13.49, 2.551 | Velocidad: -0.5568533851526883, -0.8306108038329334
2026-06-02 14:44:41.587 - [robot_6_log_20260602_144405.csv] - INFO - ABAJO
2026-06-02 14:44:41.587 - [robot_6_log_20260602_144405.csv] - WARNING - Estado FSM: RETROCEDE | Target Wall: ABAJO | Target Theta: 102.90° |theta: 146.16153353787303 
2026-06-02 14:44:41.603 - [robot_6_log_20260602_144405.csv] - DEBUG - Incoming data. Topic 6/pos, mensaje {"x": 143.58, "y": 13.75, "yaw": 2.652, "timestamp": 1780404281.5879645}
2026-06-02 14:44:41.608 - [robot_6_log_20260602_144405.csv] - DEBUG - Posición actualizada por visión: x=143.58, y=13.75, θ=2.65
2026-06-02 14:44:41.608 - [robot_6_log_20260602_144405.csv] - DEBUG - Frecuencia: 20.42 Hz | Latencia Red/Proc: 20.77 ms
2026-06-02 14:44:41.608 - [robot_6_log_20260602_144405.csv] - DEBUG - Incoming data. Topic 6/pos, mensaje {"x": 143.58, "y": 13.75, "yaw": 2.652, "timestamp": 1780404281.5879645}
2026-06-02 14:44:41.620 - [robot_6_log_20260602_144405.csv] - DEBUG - Posición actualizada por visión: x=143.58, y=13.75, θ=2.65
2026-06-02 14:44:41.620 - [robot_6_log_20260602_144405.csv] - DEBUG - Frecuencia: 87.96 Hz | Latencia Red/Proc: 32.14 ms
2026-06-02 14:44:41.620 - [robot_6_log_20260602_144405.csv] - DEBUG - Incoming data. Topic 6/pos, mensaje {"x": 143.58, "y": 13.75, "yaw": 2.652, "timestamp": 1780404281.599261}
2026-06-02 14:44:41.626 - [robot_6_log_20260602_144405.csv] - DEBUG - Posición actualizada por visión: x=143.58, y=13.75, θ=2.65
2026-06-02 14:44:41.631 - [robot_6_log_20260602_144405.csv] - DEBUG - Frecuencia: 88.19 Hz | Latencia Red/Proc: 32.18 ms
2026-06-02 14:44:41.637 - [robot_6_log_20260602_144405.csv] - INFO - Usando posición VISION: x=143.58, y=13.75, θ=2.65
2026-06-02 14:44:41.637 - [robot_6_log_20260602_144405.csv] - INFO - Distancias a paredes: Left: 143.58, Right: 306.42, Top: 126.25, Bottom: 13.75
2026-06-02 14:44:41.637 - [robot_6_log_20260602_144405.csv] - DEBUG - Incoming data. Topic 6/pos, mensaje {"x": 143.58, "y": 13.75, "yaw": 2.652, "timestamp": 1780404281.599261}
2026-06-02 14:44:41.637 - [robot_6_log_20260602_144405.csv] - INFO - Posicion: 143.58, 13.75, 2.652 | Velocidad: -0.47026643401280066, -0.8825244931676878
2026-06-02 14:44:41.637 - [robot_6_log_20260602_144405.csv] - DEBUG - Posición actualizada por visión: x=143.58, y=13.75, θ=2.65
2026-06-02 14:44:41.637 - [robot_6_log_20260602_144405.csv] - INFO - ABAJO
2026-06-02 14:44:41.637 - [robot_6_log_20260602_144405.csv] - DEBUG - Frecuencia: 169.11 Hz | Latencia Red/Proc: 38.09 ms
2026-06-02 14:44:41.637 - [robot_6_log_20260602_144405.csv] - WARNING - Estado FSM: RETROCEDE | Target Wall: ABAJO | Target Theta: 102.90° |theta: 151.94840726869433 
2026-06-02 14:44:41.655 - [robot_6_log_20260602_144405.csv] - DEBUG - Incoming data. Topic agent/6/wheel, mensaje {"Wleft":2.046168481,"Wright":10.22340302}
2026-06-02 14:44:41.687 - [robot_6_log_20260602_144405.csv] - INFO - Usando posición VISION: x=143.58, y=13.75, θ=2.65
2026-06-02 14:44:41.687 - [robot_6_log_20260602_144405.csv] - INFO - Distancias a paredes: Left: 143.58, Right: 306.42, Top: 126.25, Bottom: 13.75
2026-06-02 14:44:41.687 - [robot_6_log_20260602_144405.csv] - INFO - Posicion: 143.58, 13.75, 2.652 | Velocidad: -0.47026643401280066, -0.8825244931676878
2026-06-02 14:44:41.687 - [robot_6_log_20260602_144405.csv] - INFO - ABAJO
2026-06-02 14:44:41.687 - [robot_6_log_20260602_144405.csv] - DEBUG - Incoming data. Topic 6/pos, mensaje {"x": 144.83, "y": 14.35, "yaw": 2.792, "timestamp": 1780404281.6867657}
2026-06-02 14:44:41.687 - [robot_6_log_20260602_144405.csv] - WARNING - Estado FSM: RETROCEDE | Target Wall: ABAJO | Target Theta: 102.90° |theta: 151.94840726869433 
2026-06-02 14:44:41.687 - [robot_6_log_20260602_144405.csv] - DEBUG - Posición actualizada por visión: x=144.83, y=14.35, θ=2.79
2026-06-02 14:44:41.698 - [robot_6_log_20260602_144405.csv] - DEBUG - Frecuencia: 16.30 Hz | Latencia Red/Proc: 11.93 ms
2026-06-02 14:44:41.715 - [robot_6_log_20260602_144405.csv] - DEBUG - Incoming data. Topic 6/pos, mensaje {"x": 144.83, "y": 14.35, "yaw": 2.792, "timestamp": 1780404281.6867657}
2026-06-02 14:44:41.720 - [robot_6_log_20260602_144405.csv] - DEBUG - Posición actualizada por visión: x=144.83, y=14.35, θ=2.79
2026-06-02 14:44:41.725 - [robot_6_log_20260602_144405.csv] - DEBUG - Frecuencia: 37.50 Hz | Latencia Red/Proc: 38.60 ms
2026-06-02 14:44:41.737 - [robot_6_log_20260602_144405.csv] - INFO - Usando posición VISION: x=144.83, y=14.35, θ=2.79
2026-06-02 14:44:41.737 - [robot_6_log_20260602_144405.csv] - DEBUG - Incoming data. Topic 6/pos, mensaje {"x": 144.83, "y": 14.35, "yaw": 2.792, "timestamp": 1780404281.6981816}
2026-06-02 14:44:41.737 - [robot_6_log_20260602_144405.csv] - INFO - Distancias a paredes: Left: 144.83, Right: 305.17, Top: 125.65, Bottom: 14.35
2026-06-02 14:44:41.737 - [robot_6_log_20260602_144405.csv] - DEBUG - Posición actualizada por visión: x=144.83, y=14.35, θ=2.79
2026-06-02 14:44:41.737 - [robot_6_log_20260602_144405.csv] - INFO - Posicion: 144.83, 14.35, 2.792 | Velocidad: -0.34251512891490477, -0.9395123130988791
2026-06-02 14:44:41.737 - [robot_6_log_20260602_144405.csv] - DEBUG - Frecuencia: 83.58 Hz | Latencia Red/Proc: 39.15 ms
2026-06-02 14:44:41.737 - [robot_6_log_20260602_144405.csv] - INFO - ABAJO
2026-06-02 14:44:41.737 - [robot_6_log_20260602_144405.csv] - DEBUG - Incoming data. Topic 6/pos, mensaje {"x": 144.83, "y": 14.35, "yaw": 2.792, "timestamp": 1780404281.6981816}
2026-06-02 14:44:41.737 - [robot_6_log_20260602_144405.csv] - WARNING - Estado FSM: RETROCEDE | Target Wall: ABAJO | Target Theta: 102.90° |theta: 159.96981640052584 
2026-06-02 14:44:41.737 - [robot_6_log_20260602_144405.csv] - DEBUG - Posición actualizada por visión: x=144.83, y=14.35, θ=2.79
2026-06-02 14:44:41.747 - [robot_6_log_20260602_144405.csv] - DEBUG - Frecuencia: 96.25 Hz | Latencia Red/Proc: 49.54 ms
2026-06-02 14:44:41.787 - [robot_6_log_20260602_144405.csv] - INFO - Usando posición VISION: x=144.83, y=14.35, θ=2.79
2026-06-02 14:44:41.787 - [robot_6_log_20260602_144405.csv] - INFO - Distancias a paredes: Left: 144.83, Right: 305.17, Top: 125.65, Bottom: 14.35
2026-06-02 14:44:41.787 - [robot_6_log_20260602_144405.csv] - INFO - Posicion: 144.83, 14.35, 2.792 | Velocidad: -0.34251512891490477, -0.9395123130988791
2026-06-02 14:44:41.787 - [robot_6_log_20260602_144405.csv] - INFO - ABAJO
2026-06-02 14:44:41.787 - [robot_6_log_20260602_144405.csv] - WARNING - Estado FSM: RETROCEDE | Target Wall: ABAJO | Target Theta: 102.90° |theta: 159.96981640052584 
2026-06-02 14:44:41.792 - [robot_6_log_20260602_144405.csv] - DEBUG - Incoming data. Topic 6/pos, mensaje {"x": 145.93, "y": 14.61, "yaw": 2.972, "timestamp": 1780404281.786887}
2026-06-02 14:44:41.797 - [robot_6_log_20260602_144405.csv] - DEBUG - Posición actualizada por visión: x=145.93, y=14.61, θ=2.97
2026-06-02 14:44:41.797 - [robot_6_log_20260602_144405.csv] - DEBUG - Frecuencia: 19.97 Hz | Latencia Red/Proc: 10.89 ms
2026-06-02 14:44:41.809 - [robot_6_log_20260602_144405.csv] - DEBUG - Incoming data. Topic 6/pos, mensaje {"x": 145.93, "y": 14.61, "yaw": 2.972, "timestamp": 1780404281.786887}
2026-06-02 14:44:41.814 - [robot_6_log_20260602_144405.csv] - DEBUG - Posición actualizada por visión: x=145.93, y=14.61, θ=2.97
2026-06-02 14:44:41.819 - [robot_6_log_20260602_144405.csv] - DEBUG - Frecuencia: 46.01 Hz | Latencia Red/Proc: 32.63 ms
2026-06-02 14:44:41.829 - [robot_6_log_20260602_144405.csv] - DEBUG - Incoming data. Topic 6/pos, mensaje {"x": 145.93, "y": 14.61, "yaw": 2.972, "timestamp": 1780404281.79812}
2026-06-02 14:44:41.835 - [robot_6_log_20260602_144405.csv] - DEBUG - Posición actualizada por visión: x=145.93, y=14.61, θ=2.97
2026-06-02 14:44:41.835 - [robot_6_log_20260602_144405.csv] - DEBUG - Frecuencia: 63.83 Hz | Latencia Red/Proc: 37.06 ms
2026-06-02 14:44:41.837 - [robot_6_log_20260602_144405.csv] - INFO - Usando posición VISION: x=145.93, y=14.61, θ=2.97
2026-06-02 14:44:41.837 - [robot_6_log_20260602_144405.csv] - INFO - Distancias a paredes: Left: 145.93, Right: 304.07, Top: 125.39, Bottom: 14.61
2026-06-02 14:44:41.837 - [robot_6_log_20260602_144405.csv] - INFO - Posicion: 145.93, 14.61, 2.972 | Velocidad: -0.16878086062503753, -0.9856536009606375
2026-06-02 14:44:41.837 - [robot_6_log_20260602_144405.csv] - INFO - ABAJO
2026-06-02 14:44:41.837 - [robot_6_log_20260602_144405.csv] - DEBUG - Incoming data. Topic agent/6/wheel, mensaje {"Wleft":6.044591752,"Wright":12}
2026-06-02 14:44:41.837 - [robot_6_log_20260602_144405.csv] - WARNING - Estado FSM: RETROCEDE | Target Wall: ABAJO | Target Theta: 102.90° |theta: 170.28305671288066 
2026-06-02 14:44:41.843 - [robot_6_log_20260602_144405.csv] - DEBUG - Incoming data. Topic 6/pos, mensaje {"x": 145.93, "y": 14.61, "yaw": 2.972, "timestamp": 1780404281.79812}
2026-06-02 14:44:41.848 - [robot_6_log_20260602_144405.csv] - DEBUG - Posición actualizada por visión: x=145.93, y=14.61, θ=2.97
2026-06-02 14:44:41.854 - [robot_6_log_20260602_144405.csv] - DEBUG - Frecuencia: 53.07 Hz | Latencia Red/Proc: 55.91 ms
2026-06-02 14:44:41.865 - [robot_6_log_20260602_144405.csv] - DEBUG - Incoming data. Topic agent/6/wheel, mensaje {"Wleft":6.066225052,"Wright":16}
2026-06-02 14:44:41.882 - [robot_6_log_20260602_144405.csv] - DEBUG - Incoming data. Topic 6/pos, mensaje {"x": 146.23, "y": 14.67, "yaw": 3.054, "timestamp": 1780404281.8817174}
2026-06-02 14:44:41.887 - [robot_6_log_20260602_144405.csv] - INFO - Usando posición VISION: x=145.93, y=14.61, θ=2.97
2026-06-02 14:44:41.887 - [robot_6_log_20260602_144405.csv] - DEBUG - Posición actualizada por visión: x=146.23, y=14.67, θ=3.05
2026-06-02 14:44:41.887 - [robot_6_log_20260602_144405.csv] - INFO - Distancias a paredes: Left: 145.93, Right: 304.07, Top: 125.39, Bottom: 14.61
2026-06-02 14:44:41.887 - [robot_6_log_20260602_144405.csv] - DEBUG - Frecuencia: 30.05 Hz | Latencia Red/Proc: 5.59 ms
2026-06-02 14:44:41.887 - [robot_6_log_20260602_144405.csv] - INFO - Posicion: 145.93, 14.61, 2.972 | Velocidad: -0.16878086062503753, -0.9856536009606375
2026-06-02 14:44:41.887 - [robot_6_log_20260602_144405.csv] - DEBUG - Incoming data. Topic 6/pos, mensaje {"x": 146.23, "y": 14.67, "yaw": 3.054, "timestamp": 1780404281.8817174}
2026-06-02 14:44:41.887 - [robot_6_log_20260602_144405.csv] - INFO - ABAJO
2026-06-02 14:44:41.887 - [robot_6_log_20260602_144405.csv] - DEBUG - Posición actualizada por visión: x=146.23, y=14.67, θ=3.05
2026-06-02 14:44:41.887 - [robot_6_log_20260602_144405.csv] - WARNING - Estado FSM: RETROCEDE | Target Wall: ABAJO | Target Theta: 102.90° |theta: 170.28305671288066 
2026-06-02 14:44:41.887 - [robot_6_log_20260602_144405.csv] - DEBUG - Frecuencia: 3847.99 Hz | Latencia Red/Proc: 5.85 ms
2026-06-02 14:44:41.903 - [robot_6_log_20260602_144405.csv] - DEBUG - Incoming data. Topic 6/pos, mensaje {"x": 146.23, "y": 14.67, "yaw": 3.054, "timestamp": 1780404281.8931453}
2026-06-02 14:44:41.909 - [robot_6_log_20260602_144405.csv] - DEBUG - Posición actualizada por visión: x=146.23, y=14.67, θ=3.05
2026-06-02 14:44:41.914 - [robot_6_log_20260602_144405.csv] - DEBUG - Frecuencia: 37.53 Hz | Latencia Red/Proc: 21.07 ms
2026-06-02 14:44:41.924 - [robot_6_log_20260602_144405.csv] - DEBUG - Incoming data. Topic 6/pos, mensaje {"x": 146.23, "y": 14.67, "yaw": 3.054, "timestamp": 1780404281.8931453}
2026-06-02 14:44:41.929 - [robot_6_log_20260602_144405.csv] - DEBUG - Posición actualizada por visión: x=146.23, y=14.67, θ=3.05
2026-06-02 14:44:41.929 - [robot_6_log_20260602_144405.csv] - DEBUG - Frecuencia: 65.26 Hz | Latencia Red/Proc: 36.39 ms
2026-06-02 14:44:41.937 - [robot_6_log_20260602_144405.csv] - INFO - Usando posición VISION: x=146.23, y=14.67, θ=3.05
2026-06-02 14:44:41.937 - [robot_6_log_20260602_144405.csv] - INFO - Distancias a paredes: Left: 146.23, Right: 303.77, Top: 125.33, Bottom: 14.67
2026-06-02 14:44:41.937 - [robot_6_log_20260602_144405.csv] - INFO - Posicion: 146.23, 14.67, 3.054 | Velocidad: -0.08748068784006567, -0.9961662156763945
2026-06-02 14:44:41.937 - [robot_6_log_20260602_144405.csv] - INFO - ABAJO
2026-06-02 14:44:41.937 - [robot_6_log_20260602_144405.csv] - WARNING - Estado FSM: RETROCEDE | Target Wall: ABAJO | Target Theta: 102.90° |theta: 174.9813106329534 
2026-06-02 14:44:41.985 - [robot_6_log_20260602_144405.csv] - DEBUG - Incoming data. Topic 6/pos, mensaje {"x": 146.26, "y": 14.69, "yaw": 3.087, "timestamp": 1780404281.9843514}
2026-06-02 14:44:41.987 - [robot_6_log_20260602_144405.csv] - INFO - Usando posición VISION: x=146.23, y=14.67, θ=3.05
2026-06-02 14:44:41.987 - [robot_6_log_20260602_144405.csv] - DEBUG - Posición actualizada por visión: x=146.26, y=14.69, θ=3.09
2026-06-02 14:44:41.987 - [robot_6_log_20260602_144405.csv] - INFO - Distancias a paredes: Left: 146.23, Right: 303.77, Top: 125.33, Bottom: 14.67
2026-06-02 14:44:41.987 - [robot_6_log_20260602_144405.csv] - DEBUG - Frecuencia: 17.30 Hz | Latencia Red/Proc: 3.00 ms
2026-06-02 14:44:41.987 - [robot_6_log_20260602_144405.csv] - INFO - Posicion: 146.23, 14.67, 3.054 | Velocidad: -0.08748068784006567, -0.9961662156763945
2026-06-02 14:44:41.987 - [robot_6_log_20260602_144405.csv] - INFO - ABAJO
2026-06-02 14:44:41.987 - [robot_6_log_20260602_144405.csv] - WARNING - Estado FSM: RETROCEDE | Target Wall: ABAJO | Target Theta: 102.90° |theta: 174.9813106329534 
2026-06-02 14:44:41.997 - [robot_6_log_20260602_144405.csv] - DEBUG - Incoming data. Topic 6/pos, mensaje {"x": 146.26, "y": 14.69, "yaw": 3.087, "timestamp": 1780404281.9843514}
2026-06-02 14:44:41.997 - [robot_6_log_20260602_144405.csv] - DEBUG - Posición actualizada por visión: x=146.26, y=14.69, θ=3.09
2026-06-02 14:44:41.997 - [robot_6_log_20260602_144405.csv] - DEBUG - Frecuencia: 96.29 Hz | Latencia Red/Proc: 13.38 ms
2026-06-02 14:44:41.997 - [robot_6_log_20260602_144405.csv] - DEBUG - Incoming data. Topic 6/pos, mensaje {"x": 146.26, "y": 14.69, "yaw": 3.087, "timestamp": 1780404281.9952781}
2026-06-02 14:44:41.997 - [robot_6_log_20260602_144405.csv] - DEBUG - Posición actualizada por visión: x=146.26, y=14.69, θ=3.09
2026-06-02 14:44:42.002 - [robot_6_log_20260602_144405.csv] - DEBUG - Frecuencia: 195.74 Hz | Latencia Red/Proc: 7.56 ms
2026-06-02 14:44:42.002 - [robot_6_log_20260602_144405.csv] - DEBUG - Incoming data. Topic agent/6/wheel, mensaje {"Wleft":2.045019675,"Wright":12.02255951}
2026-06-02 14:44:42.037 - [robot_6_log_20260602_144405.csv] - INFO - Usando posición VISION: x=146.26, y=14.69, θ=3.09
2026-06-02 14:44:42.037 - [robot_6_log_20260602_144405.csv] - INFO - Distancias a paredes: Left: 146.26, Right: 303.74, Top: 125.31, Bottom: 14.69
2026-06-02 14:44:42.037 - [robot_6_log_20260602_144405.csv] - INFO - Posicion: 146.26, 14.69, 3.087 | Velocidad: -0.05456554002345375, -0.9985101911557783
2026-06-02 14:44:42.037 - [robot_6_log_20260602_144405.csv] - INFO - ABAJO
2026-06-02 14:44:42.037 - [robot_6_log_20260602_144405.csv] - DEBUG - Incoming data. Topic 6/pos, mensaje {"x": 146.26, "y": 14.69, "yaw": 3.087, "timestamp": 1780404281.9952781}
2026-06-02 14:44:42.037 - [robot_6_log_20260602_144405.csv] - WARNING - Estado FSM: RETROCEDE | Target Wall: ABAJO | Target Theta: 102.90° |theta: 176.87207135688513 
2026-06-02 14:44:42.037 - [robot_6_log_20260602_144405.csv] - DEBUG - Posición actualizada por visión: x=146.26, y=14.69, θ=3.09
2026-06-02 14:44:42.047 - [robot_6_log_20260602_144405.csv] - DEBUG - Frecuencia: 22.18 Hz | Latencia Red/Proc: 52.66 ms
2026-06-02 14:44:42.059 - [robot_6_log_20260602_144405.csv] - DEBUG - Incoming data. Topic agent/6/wheel, mensaje {"Wleft":4.022737813,"Wright":14}
2026-06-02 14:44:42.087 - [robot_6_log_20260602_144405.csv] - INFO - Usando posición VISION: x=146.26, y=14.69, θ=3.09
2026-06-02 14:44:42.087 - [robot_6_log_20260602_144405.csv] - DEBUG - Incoming data. Topic 6/pos, mensaje {"x": 146.33, "y": 14.69, "yaw": 3.135, "timestamp": 1780404282.0849822}
2026-06-02 14:44:42.087 - [robot_6_log_20260602_144405.csv] - DEBUG - Posición actualizada por visión: x=146.33, y=14.69, θ=3.13
2026-06-02 14:44:42.087 - [robot_6_log_20260602_144405.csv] - INFO - Distancias a paredes: Left: 146.26, Right: 303.74, Top: 125.31, Bottom: 14.69
2026-06-02 14:44:42.087 - [robot_6_log_20260602_144405.csv] - DEBUG - Frecuencia: 25.30 Hz | Latencia Red/Proc: 2.48 ms
2026-06-02 14:44:42.087 - [robot_6_log_20260602_144405.csv] - INFO - Posicion: 146.26, 14.69, 3.087 | Velocidad: -0.05456554002345375, -0.9985101911557783
2026-06-02 14:44:42.087 - [robot_6_log_20260602_144405.csv] - INFO - ABAJO
2026-06-02 14:44:42.087 - [robot_6_log_20260602_144405.csv] - DEBUG - Incoming data. Topic 6/pos, mensaje {"x": 146.33, "y": 14.69, "yaw": 3.135, "timestamp": 1780404282.0849822}
2026-06-02 14:44:42.087 - [robot_6_log_20260602_144405.csv] - WARNING - Estado FSM: RETROCEDE | Target Wall: ABAJO | Target Theta: 102.90° |theta: 176.87207135688513 
2026-06-02 14:44:42.087 - [robot_6_log_20260602_144405.csv] - DEBUG - Posición actualizada por visión: x=146.33, y=14.69, θ=3.13
2026-06-02 14:44:42.097 - [robot_6_log_20260602_144405.csv] - DEBUG - Frecuencia: 95.66 Hz | Latencia Red/Proc: 12.93 ms
2026-06-02 14:44:42.103 - [robot_6_log_20260602_144405.csv] - DEBUG - Incoming data. Topic 6/pos, mensaje {"x": 146.33, "y": 14.69, "yaw": 3.135, "timestamp": 1780404282.0955868}
2026-06-02 14:44:42.108 - [robot_6_log_20260602_144405.csv] - DEBUG - Posición actualizada por visión: x=146.33, y=14.69, θ=3.13
2026-06-02 14:44:42.108 - [robot_6_log_20260602_144405.csv] - DEBUG - Frecuencia: 97.27 Hz | Latencia Red/Proc: 12.61 ms
2026-06-02 14:44:42.113 - [robot_6_log_20260602_144405.csv] - DEBUG - Incoming data. Topic 6/pos, mensaje {"x": 146.33, "y": 14.69, "yaw": 3.135, "timestamp": 1780404282.0955868}
2026-06-02 14:44:42.113 - [robot_6_log_20260602_144405.csv] - DEBUG - Posición actualizada por visión: x=146.33, y=14.69, θ=3.13
2026-06-02 14:44:42.118 - [robot_6_log_20260602_144405.csv] - DEBUG - Frecuencia: 97.69 Hz | Latencia Red/Proc: 22.85 ms
2026-06-02 14:44:42.137 - [robot_6_log_20260602_144405.csv] - INFO - Usando posición VISION: x=146.33, y=14.69, θ=3.13
2026-06-02 14:44:42.137 - [robot_6_log_20260602_144405.csv] - INFO - Distancias a paredes: Left: 146.33, Right: 303.67, Top: 125.31, Bottom: 14.69
2026-06-02 14:44:42.137 - [robot_6_log_20260602_144405.csv] - INFO - Posicion: 146.33, 14.69, 3.135 | Velocidad: -0.006592605833724013, -0.9999782685380324
2026-06-02 14:44:42.137 - [robot_6_log_20260602_144405.csv] - INFO - ABAJO
2026-06-02 14:44:42.137 - [robot_6_log_20260602_144405.csv] - WARNING - Estado FSM: RETROCEDE | Target Wall: ABAJO | Target Theta: 102.90° |theta: 179.62226877351307 
2026-06-02 14:44:42.171 - [robot_6_log_20260602_144405.csv] - DEBUG - Incoming data. Topic agent/6/wheel, mensaje {"Wleft":8.081177942,"Wright":12}
2026-06-02 14:44:42.187 - [robot_6_log_20260602_144405.csv] - INFO - Usando posición VISION: x=146.33, y=14.69, θ=3.13
2026-06-02 14:44:42.187 - [robot_6_log_20260602_144405.csv] - INFO - Distancias a paredes: Left: 146.33, Right: 303.67, Top: 125.31, Bottom: 14.69
2026-06-02 14:44:42.187 - [robot_6_log_20260602_144405.csv] - DEBUG - Incoming data. Topic 6/pos, mensaje {"x": 146.3, "y": 14.67, "yaw": -3.128, "timestamp": 1780404282.1847312}
2026-06-02 14:44:42.187 - [robot_6_log_20260602_144405.csv] - INFO - Posicion: 146.33, 14.69, 3.135 | Velocidad: -0.006592605833724013, -0.9999782685380324
2026-06-02 14:44:42.187 - [robot_6_log_20260602_144405.csv] - DEBUG - Posición actualizada por visión: x=146.30, y=14.67, θ=-3.13
2026-06-02 14:44:42.187 - [robot_6_log_20260602_144405.csv] - INFO - ABAJO
2026-06-02 14:44:42.187 - [robot_6_log_20260602_144405.csv] - DEBUG - Frecuencia: 14.47 Hz | Latencia Red/Proc: 2.79 ms
2026-06-02 14:44:42.187 - [robot_6_log_20260602_144405.csv] - WARNING - Estado FSM: PARANDO_PARA_GIRAR | Target Wall: ABAJO | Target Theta: 102.90° |theta: 179.62226877351307 
2026-06-02 14:44:42.187 - [robot_6_log_20260602_144405.csv] - DEBUG - Incoming data. Topic 6/pos, mensaje {"x": 146.3, "y": 14.67, "yaw": -3.128, "timestamp": 1780404282.1847312}
2026-06-02 14:44:42.198 - [robot_6_log_20260602_144405.csv] - DEBUG - Posición actualizada por visión: x=146.30, y=14.67, θ=-3.13
2026-06-02 14:44:42.208 - [robot_6_log_20260602_144405.csv] - DEBUG - Despachado a ZMQ -> agent/6/move: {'v': 0.0, 'w': 0.0}
2026-06-02 14:44:42.208 - [robot_6_log_20260602_144405.csv] - DEBUG - Frecuencia: 48.27 Hz | Latencia Red/Proc: 23.50 ms
2026-06-02 14:44:42.234 - [robot_6_log_20260602_144405.csv] - DEBUG - Incoming data. Topic 6/pos, mensaje {"x": 146.3, "y": 14.67, "yaw": -3.128, "timestamp": 1780404282.1952696}
2026-06-02 14:44:42.234 - [robot_6_log_20260602_144405.csv] - DEBUG - Posición actualizada por visión: x=146.30, y=14.67, θ=-3.13
2026-06-02 14:44:42.234 - [robot_6_log_20260602_144405.csv] - DEBUG - Frecuencia: 37.63 Hz | Latencia Red/Proc: 39.54 ms
2026-06-02 14:44:42.234 - [robot_6_log_20260602_144405.csv] - DEBUG - Incoming data. Topic 6/pos, mensaje {"x": 146.3, "y": 14.67, "yaw": -3.128, "timestamp": 1780404282.1952696}
2026-06-02 14:44:42.234 - [robot_6_log_20260602_144405.csv] - DEBUG - Posición actualizada por visión: x=146.30, y=14.67, θ=-3.13
2026-06-02 14:44:42.234 - [robot_6_log_20260602_144405.csv] - DEBUG - Frecuencia: 24818.37 Hz | Latencia Red/Proc: 39.58 ms
2026-06-02 14:44:42.237 - [robot_6_log_20260602_144405.csv] - INFO - Usando posición VISION: x=146.30, y=14.67, θ=-3.13
2026-06-02 14:44:42.237 - [robot_6_log_20260602_144405.csv] - INFO - Distancias a paredes: Left: 146.30, Right: 303.70, Top: 125.33, Bottom: 14.67
2026-06-02 14:44:42.237 - [robot_6_log_20260602_144405.csv] - INFO - Posicion: 146.3, 14.67, -3.128 | Velocidad: 0.013592235030022225, -0.9999076213065328
2026-06-02 14:44:42.237 - [robot_6_log_20260602_144405.csv] - INFO - ABAJO
2026-06-02 14:44:42.237 - [robot_6_log_20260602_144405.csv] - WARNING - Estado FSM: PARANDO_PARA_GIRAR | Target Wall: ABAJO | Target Theta: 102.90° |theta: -179.22119831692152 
2026-06-02 14:44:42.261 - [robot_6_log_20260602_144405.csv] - DEBUG - Incoming data. Topic agent/6/wheel, mensaje {"Wleft":8.089611462,"Wright":18}
2026-06-02 14:44:42.287 - [robot_6_log_20260602_144405.csv] - INFO - Usando posición VISION: x=146.30, y=14.67, θ=-3.13
2026-06-02 14:44:42.287 - [robot_6_log_20260602_144405.csv] - INFO - Distancias a paredes: Left: 146.30, Right: 303.70, Top: 125.33, Bottom: 14.67
2026-06-02 14:44:42.287 - [robot_6_log_20260602_144405.csv] - INFO - Posicion: 146.3, 14.67, -3.128 | Velocidad: 0.013592235030022225, -0.9999076213065328
2026-06-02 14:44:42.287 - [robot_6_log_20260602_144405.csv] - INFO - ABAJO
2026-06-02 14:44:42.287 - [robot_6_log_20260602_144405.csv] - WARNING - Estado FSM: PARANDO_PARA_GIRAR | Target Wall: ABAJO | Target Theta: 102.90° |theta: -179.22119831692152 
2026-06-02 14:44:42.297 - [robot_6_log_20260602_144405.csv] - DEBUG - Incoming data. Topic 6/pos, mensaje {"x": 146.28, "y": 14.68, "yaw": -3.058, "timestamp": 1780404282.2846487}
2026-06-02 14:44:42.297 - [robot_6_log_20260602_144405.csv] - DEBUG - Posición actualizada por visión: x=146.28, y=14.68, θ=-3.06
2026-06-02 14:44:42.297 - [robot_6_log_20260602_144405.csv] - DEBUG - Frecuencia: 15.86 Hz | Latencia Red/Proc: 13.25 ms
2026-06-02 14:44:42.297 - [robot_6_log_20260602_144405.csv] - DEBUG - Incoming data. Topic 6/pos, mensaje {"x": 146.28, "y": 14.68, "yaw": -3.058, "timestamp": 1780404282.2846487}
2026-06-02 14:44:42.297 - [robot_6_log_20260602_144405.csv] - DEBUG - Posición actualizada por visión: x=146.28, y=14.68, θ=-3.06
2026-06-02 14:44:42.298 - [robot_6_log_20260602_144405.csv] - DEBUG - Frecuencia: 10381.94 Hz | Latencia Red/Proc: 13.35 ms
2026-06-02 14:44:42.298 - [robot_6_log_20260602_144405.csv] - DEBUG - Incoming data. Topic 6/pos, mensaje {"x": 146.28, "y": 14.68, "yaw": -3.058, "timestamp": 1780404282.2965264}
2026-06-02 14:44:42.298 - [robot_6_log_20260602_144405.csv] - DEBUG - Posición actualizada por visión: x=146.28, y=14.68, θ=-3.06
2026-06-02 14:44:42.298 - [robot_6_log_20260602_144405.csv] - DEBUG - Frecuencia: 11848.32 Hz | Latencia Red/Proc: 1.55 ms
2026-06-02 14:44:42.298 - [robot_6_log_20260602_144405.csv] - DEBUG - Incoming data. Topic 6/pos, mensaje {"x": 146.28, "y": 14.68, "yaw": -3.058, "timestamp": 1780404282.2965264}
2026-06-02 14:44:42.298 - [robot_6_log_20260602_144405.csv] - DEBUG - Posición actualizada por visión: x=146.28, y=14.68, θ=-3.06
2026-06-02 14:44:42.298 - [robot_6_log_20260602_144405.csv] - DEBUG - Frecuencia: 12336.19 Hz | Latencia Red/Proc: 1.64 ms
2026-06-02 14:44:42.337 - [robot_6_log_20260602_144405.csv] - INFO - Usando posición VISION: x=146.28, y=14.68, θ=-3.06
2026-06-02 14:44:42.337 - [robot_6_log_20260602_144405.csv] - INFO - Distancias a paredes: Left: 146.28, Right: 303.72, Top: 125.32, Bottom: 14.68
2026-06-02 14:44:42.337 - [robot_6_log_20260602_144405.csv] - INFO - Posicion: 146.28, 14.68, -3.058 | Velocidad: 0.08349533375855497, -0.9965081681755286
2026-06-02 14:44:42.337 - [robot_6_log_20260602_144405.csv] - INFO - ABAJO
2026-06-02 14:44:42.337 - [robot_6_log_20260602_144405.csv] - WARNING - Estado FSM: PARANDO_PARA_GIRAR | Target Wall: ABAJO | Target Theta: 102.90° |theta: -175.21049375100574 
2026-06-02 14:44:42.379 - [robot_6_log_20260602_144405.csv] - DEBUG - Incoming data. Topic agent/6/wheel, mensaje {"Wleft":6.068247343,"Wright":0.158277152}
2026-06-02 14:44:42.387 - [robot_6_log_20260602_144405.csv] - INFO - Usando posición VISION: x=146.28, y=14.68, θ=-3.06
2026-06-02 14:44:42.387 - [robot_6_log_20260602_144405.csv] - DEBUG - Incoming data. Topic 6/pos, mensaje {"x": 146.28, "y": 14.64, "yaw": -3.005, "timestamp": 1780404282.3842783}
2026-06-02 14:44:42.387 - [robot_6_log_20260602_144405.csv] - INFO - Distancias a paredes: Left: 146.28, Right: 303.72, Top: 125.32, Bottom: 14.68
2026-06-02 14:44:42.387 - [robot_6_log_20260602_144405.csv] - DEBUG - Posición actualizada por visión: x=146.28, y=14.64, θ=-3.00
2026-06-02 14:44:42.387 - [robot_6_log_20260602_144405.csv] - INFO - Posicion: 146.28, 14.68, -3.058 | Velocidad: 0.08349533375855497, -0.9965081681755286
2026-06-02 14:44:42.387 - [robot_6_log_20260602_144405.csv] - DEBUG - Frecuencia: 11.19 Hz | Latencia Red/Proc: 3.23 ms
2026-06-02 14:44:42.387 - [robot_6_log_20260602_144405.csv] - INFO - ABAJO
2026-06-02 14:44:42.387 - [robot_6_log_20260602_144405.csv] - WARNING - Estado FSM: PARANDO_PARA_GIRAR | Target Wall: ABAJO | Target Theta: 102.90° |theta: -175.21049375100574 
2026-06-02 14:44:42.393 - [robot_6_log_20260602_144405.csv] - DEBUG - Incoming data. Topic 6/pos, mensaje {"x": 146.28, "y": 14.64, "yaw": -3.005, "timestamp": 1780404282.3926356}
2026-06-02 14:44:42.398 - [robot_6_log_20260602_144405.csv] - DEBUG - Posición actualizada por visión: x=146.28, y=14.64, θ=-3.00
2026-06-02 14:44:42.409 - [robot_6_log_20260602_144405.csv] - DEBUG - Frecuencia: 46.54 Hz | Latencia Red/Proc: 16.36 ms
2026-06-02 14:44:42.409 - [robot_6_log_20260602_144405.csv] - DEBUG - Incoming data. Topic 6/pos, mensaje {"x": 146.28, "y": 14.64, "yaw": -3.005, "timestamp": 1780404282.3842783}
2026-06-02 14:44:42.409 - [robot_6_log_20260602_144405.csv] - DEBUG - Posición actualizada por visión: x=146.28, y=14.64, θ=-3.00
2026-06-02 14:44:42.409 - [robot_6_log_20260602_144405.csv] - DEBUG - Frecuencia: 10230.01 Hz | Latencia Red/Proc: 24.82 ms
2026-06-02 14:44:42.437 - [robot_6_log_20260602_144405.csv] - INFO - Usando posición VISION: x=146.28, y=14.64, θ=-3.00
2026-06-02 14:44:42.437 - [robot_6_log_20260602_144405.csv] - DEBUG - Incoming data. Topic 6/pos, mensaje {"x": 146.28, "y": 14.64, "yaw": -3.005, "timestamp": 1780404282.3926356}
2026-06-02 14:44:42.437 - [robot_6_log_20260602_144405.csv] - INFO - Distancias a paredes: Left: 146.28, Right: 303.72, Top: 125.36, Bottom: 14.64
2026-06-02 14:44:42.437 - [robot_6_log_20260602_144405.csv] - DEBUG - Posición actualizada por visión: x=146.28, y=14.64, θ=-3.00
2026-06-02 14:44:42.437 - [robot_6_log_20260602_144405.csv] - INFO - Posicion: 146.28, 14.64, -3.005 | Velocidad: 0.13616830220525725, -0.9906857188203219
2026-06-02 14:44:42.437 - [robot_6_log_20260602_144405.csv] - DEBUG - Frecuencia: 35.46 Hz | Latencia Red/Proc: 44.66 ms
2026-06-02 14:44:42.437 - [robot_6_log_20260602_144405.csv] - INFO - ABAJO
2026-06-02 14:44:42.437 - [robot_6_log_20260602_144405.csv] - WARNING - Estado FSM: PARANDO_PARA_GIRAR | Target Wall: ABAJO | Target Theta: 102.90° |theta: -172.17381743681239 
2026-06-02 14:44:42.486 - [robot_6_log_20260602_144405.csv] - DEBUG - Incoming data. Topic 6/pos, mensaje {"x": 146.23, "y": 14.58, "yaw": -3.008, "timestamp": 1780404282.482794}
2026-06-02 14:44:42.487 - [robot_6_log_20260602_144405.csv] - INFO - Usando posición VISION: x=146.28, y=14.64, θ=-3.00
2026-06-02 14:44:42.487 - [robot_6_log_20260602_144405.csv] - INFO - Distancias a paredes: Left: 146.28, Right: 303.72, Top: 125.36, Bottom: 14.64
2026-06-02 14:44:42.487 - [robot_6_log_20260602_144405.csv] - INFO - Posicion: 146.28, 14.64, -3.005 | Velocidad: 0.13616830220525725, -0.9906857188203219
2026-06-02 14:44:42.487 - [robot_6_log_20260602_144405.csv] - INFO - ABAJO
2026-06-02 14:44:42.487 - [robot_6_log_20260602_144405.csv] - DEBUG - Posición actualizada por visión: x=146.23, y=14.58, θ=-3.01
2026-06-02 14:44:42.487 - [robot_6_log_20260602_144405.csv] - WARNING - Estado FSM: PARANDO_PARA_GIRAR | Target Wall: ABAJO | Target Theta: 102.90° |theta: -172.17381743681239 
2026-06-02 14:44:42.487 - [robot_6_log_20260602_144405.csv] - DEBUG - Frecuencia: 19.95 Hz | Latencia Red/Proc: 4.62 ms
2026-06-02 14:44:42.502 - [robot_6_log_20260602_144405.csv] - DEBUG - Incoming data. Topic 6/pos, mensaje {"x": 146.23, "y": 14.58, "yaw": -3.008, "timestamp": 1780404282.482794}
2026-06-02 14:44:42.508 - [robot_6_log_20260602_144405.csv] - DEBUG - Posición actualizada por visión: x=146.23, y=14.58, θ=-3.01
2026-06-02 14:44:42.513 - [robot_6_log_20260602_144405.csv] - DEBUG - Frecuencia: 38.87 Hz | Latencia Red/Proc: 30.35 ms
2026-06-02 14:44:42.523 - [robot_6_log_20260602_144405.csv] - DEBUG - Incoming data. Topic 6/pos, mensaje {"x": 146.23, "y": 14.58, "yaw": -3.008, "timestamp": 1780404282.4944286}
2026-06-02 14:44:42.528 - [robot_6_log_20260602_144405.csv] - DEBUG - Posición actualizada por visión: x=146.23, y=14.58, θ=-3.01
2026-06-02 14:44:42.533 - [robot_6_log_20260602_144405.csv] - DEBUG - Frecuencia: 49.06 Hz | Latencia Red/Proc: 39.09 ms
2026-06-02 14:44:42.537 - [robot_6_log_20260602_144405.csv] - INFO - Usando posición VISION: x=146.23, y=14.58, θ=-3.01
2026-06-02 14:44:42.537 - [robot_6_log_20260602_144405.csv] - DEBUG - Incoming data. Topic 6/pos, mensaje {"x": 146.23, "y": 14.58, "yaw": -3.008, "timestamp": 1780404282.4944286}
2026-06-02 14:44:42.537 - [robot_6_log_20260602_144405.csv] - INFO - Distancias a paredes: Left: 146.23, Right: 303.77, Top: 125.42, Bottom: 14.58
2026-06-02 14:44:42.537 - [robot_6_log_20260602_144405.csv] - DEBUG - Posición actualizada por visión: x=146.23, y=14.58, θ=-3.01
2026-06-02 14:44:42.537 - [robot_6_log_20260602_144405.csv] - INFO - Posicion: 146.23, 14.58, -3.008 | Velocidad: 0.13319563674997953, -0.9910897650317894
2026-06-02 14:44:42.537 - [robot_6_log_20260602_144405.csv] - DEBUG - Frecuencia: 264.01 Hz | Latencia Red/Proc: 42.88 ms
2026-06-02 14:44:42.537 - [robot_6_log_20260602_144405.csv] - INFO - ABAJO
2026-06-02 14:44:42.537 - [robot_6_log_20260602_144405.csv] - WARNING - Estado FSM: PARANDO_PARA_GIRAR | Target Wall: ABAJO | Target Theta: 102.90° |theta: -172.34570477535163 
2026-06-02 14:44:42.537 - [robot_6_log_20260602_144405.csv] - DEBUG - Incoming data. Topic agent/6/wheel, mensaje {"Wleft":-4.97379915e-15,"Wright":2}
2026-06-02 14:44:42.573 - [robot_6_log_20260602_144405.csv] - DEBUG - Incoming data. Topic agent/6/wheel, mensaje {"Wleft":-4.97379915e-15,"Wright":-6.394884622e-15}
2026-06-02 14:44:42.584 - [robot_6_log_20260602_144405.csv] - DEBUG - Incoming data. Topic 6/pos, mensaje {"x": 146.22, "y": 14.58, "yaw": -3.01, "timestamp": 1780404282.5824783}
2026-06-02 14:44:42.587 - [robot_6_log_20260602_144405.csv] - DEBUG - Posición actualizada por visión: x=146.22, y=14.58, θ=-3.01
2026-06-02 14:44:42.587 - [robot_6_log_20260602_144405.csv] - DEBUG - Frecuencia: 20.02 Hz | Latencia Red/Proc: 4.78 ms
2026-06-02 14:44:42.587 - [robot_6_log_20260602_144405.csv] - DEBUG - Incoming data. Topic 6/pos, mensaje {"x": 146.22, "y": 14.58, "yaw": -3.01, "timestamp": 1780404282.5824783}
2026-06-02 14:44:42.587 - [robot_6_log_20260602_144405.csv] - DEBUG - Posición actualizada por visión: x=146.22, y=14.58, θ=-3.01
2026-06-02 14:44:42.587 - [robot_6_log_20260602_144405.csv] - DEBUG - Frecuencia: 10255.02 Hz | Latencia Red/Proc: 4.88 ms
2026-06-02 14:44:42.587 - [robot_6_log_20260602_144405.csv] - INFO - Usando posición VISION: x=146.23, y=14.58, θ=-3.01
2026-06-02 14:44:42.587 - [robot_6_log_20260602_144405.csv] - INFO - Distancias a paredes: Left: 146.23, Right: 303.77, Top: 125.42, Bottom: 14.58
2026-06-02 14:44:42.587 - [robot_6_log_20260602_144405.csv] - INFO - Posicion: 146.23, 14.58, -3.008 | Velocidad: 0.13319563674997953, -0.9910897650317894
2026-06-02 14:44:42.587 - [robot_6_log_20260602_144405.csv] - INFO - ABAJO
2026-06-02 14:44:42.587 - [robot_6_log_20260602_144405.csv] - WARNING - Estado FSM: PARANDO_PARA_GIRAR | Target Wall: ABAJO | Target Theta: 102.90° |theta: -172.34570477535163 
2026-06-02 14:44:42.599 - [robot_6_log_20260602_144405.csv] - DEBUG - Incoming data. Topic 6/pos, mensaje {"x": 146.22, "y": 14.58, "yaw": -3.01, "timestamp": 1780404282.5940852}
2026-06-02 14:44:42.604 - [robot_6_log_20260602_144405.csv] - DEBUG - Posición actualizada por visión: x=146.22, y=14.58, θ=-3.01
2026-06-02 14:44:42.609 - [robot_6_log_20260602_144405.csv] - DEBUG - Frecuencia: 44.80 Hz | Latencia Red/Proc: 15.59 ms
2026-06-02 14:44:42.626 - [robot_6_log_20260602_144405.csv] - DEBUG - Incoming data. Topic 6/pos, mensaje {"x": 146.22, "y": 14.58, "yaw": -3.01, "timestamp": 1780404282.5940852}
2026-06-02 14:44:42.631 - [robot_6_log_20260602_144405.csv] - DEBUG - Posición actualizada por visión: x=146.22, y=14.58, θ=-3.01
2026-06-02 14:44:42.631 - [robot_6_log_20260602_144405.csv] - DEBUG - Frecuencia: 46.00 Hz | Latencia Red/Proc: 37.33 ms
2026-06-02 14:44:42.637 - [robot_6_log_20260602_144405.csv] - INFO - Usando posición VISION: x=146.22, y=14.58, θ=-3.01
2026-06-02 14:44:42.637 - [robot_6_log_20260602_144405.csv] - INFO - Distancias a paredes: Left: 146.22, Right: 303.78, Top: 125.42, Bottom: 14.58
2026-06-02 14:44:42.637 - [robot_6_log_20260602_144405.csv] - INFO - Posicion: 146.22, 14.58, -3.01 | Velocidad: 0.13121319215018423, -0.9913541739488259
2026-06-02 14:44:42.637 - [robot_6_log_20260602_144405.csv] - INFO - ABAJO
2026-06-02 14:44:42.637 - [robot_6_log_20260602_144405.csv] - WARNING - Estado FSM: PARANDO_PARA_GIRAR | Target Wall: ABAJO | Target Theta: 102.90° |theta: -172.46029633437777 
2026-06-02 14:44:42.686 - [robot_6_log_20260602_144405.csv] - DEBUG - Incoming data. Topic 6/pos, mensaje {"x": 146.21, "y": 14.58, "yaw": -3.01, "timestamp": 1780404282.6848931}
2026-06-02 14:44:42.687 - [robot_6_log_20260602_144405.csv] - INFO - Usando posición VISION: x=146.22, y=14.58, θ=-3.01
2026-06-02 14:44:42.687 - [robot_6_log_20260602_144405.csv] - DEBUG - Posición actualizada por visión: x=146.21, y=14.58, θ=-3.01
2026-06-02 14:44:42.687 - [robot_6_log_20260602_144405.csv] - INFO - Distancias a paredes: Left: 146.22, Right: 303.78, Top: 125.42, Bottom: 14.58
2026-06-02 14:44:42.687 - [robot_6_log_20260602_144405.csv] - DEBUG - Frecuencia: 17.90 Hz | Latencia Red/Proc: 2.39 ms
2026-06-02 14:44:42.687 - [robot_6_log_20260602_144405.csv] - INFO - Posicion: 146.22, 14.58, -3.01 | Velocidad: 0.13121319215018423, -0.9913541739488259
2026-06-02 14:44:42.687 - [robot_6_log_20260602_144405.csv] - INFO - ABAJO
2026-06-02 14:44:42.687 - [robot_6_log_20260602_144405.csv] - DEBUG - Incoming data. Topic 6/pos, mensaje {"x": 146.21, "y": 14.58, "yaw": -3.01, "timestamp": 1780404282.6848931}
2026-06-02 14:44:42.687 - [robot_6_log_20260602_144405.csv] - WARNING - Estado FSM: PARANDO_PARA_GIRAR | Target Wall: ABAJO | Target Theta: 102.90° |theta: -172.46029633437777 
2026-06-02 14:44:42.687 - [robot_6_log_20260602_144405.csv] - DEBUG - Posición actualizada por visión: x=146.21, y=14.58, θ=-3.01
2026-06-02 14:44:42.698 - [robot_6_log_20260602_144405.csv] - DEBUG - Frecuencia: 87.08 Hz | Latencia Red/Proc: 13.88 ms
2026-06-02 14:44:42.710 - [robot_6_log_20260602_144405.csv] - DEBUG - Incoming data. Topic 6/pos, mensaje {"x": 146.21, "y": 14.58, "yaw": -3.01, "timestamp": 1780404282.696761}
2026-06-02 14:44:42.715 - [robot_6_log_20260602_144405.csv] - DEBUG - Posición actualizada por visión: x=146.21, y=14.58, θ=-3.01
2026-06-02 14:44:42.720 - [robot_6_log_20260602_144405.csv] - DEBUG - Frecuencia: 46.49 Hz | Latencia Red/Proc: 23.52 ms
2026-06-02 14:44:42.731 - [robot_6_log_20260602_144405.csv] - DEBUG - Incoming data. Topic 6/pos, mensaje {"x": 146.21, "y": 14.58, "yaw": -3.01, "timestamp": 1780404282.696761}
2026-06-02 14:44:42.736 - [robot_6_log_20260602_144405.csv] - DEBUG - Posición actualizada por visión: x=146.21, y=14.58, θ=-3.01
2026-06-02 14:44:42.737 - [robot_6_log_20260602_144405.csv] - INFO - Usando posición VISION: x=146.21, y=14.58, θ=-3.01
2026-06-02 14:44:42.737 - [robot_6_log_20260602_144405.csv] - DEBUG - Frecuencia: 58.92 Hz | Latencia Red/Proc: 40.49 ms
2026-06-02 14:44:42.737 - [robot_6_log_20260602_144405.csv] - INFO - Distancias a paredes: Left: 146.21, Right: 303.79, Top: 125.42, Bottom: 14.58
2026-06-02 14:44:42.737 - [robot_6_log_20260602_144405.csv] - INFO - Posicion: 146.21, 14.58, -3.01 | Velocidad: 0.13121319215018423, -0.9913541739488259
2026-06-02 14:44:42.737 - [robot_6_log_20260602_144405.csv] - INFO - ABAJO
2026-06-02 14:44:42.737 - [robot_6_log_20260602_144405.csv] - WARNING - Estado FSM: GIRA | Target Wall: ABAJO | Target Theta: 172.46° |theta: -172.46029633437777 
2026-06-02 14:44:42.742 - [robot_6_log_20260602_144405.csv] - DEBUG - Enviado {'ang': 172.46029633437777}
2026-06-02 14:44:42.742 - [robot_6_log_20260602_144405.csv] - DEBUG - Incoming data. Topic agent/6/wheel, mensaje {"Wleft":-4.97379915e-15,"Wright":-6.394884622e-15}
2026-06-02 14:44:42.753 - [robot_6_log_20260602_144405.csv] - DEBUG - Despachado a ZMQ -> agent/6/turn: {'ang': 172.46029633437777}
2026-06-02 14:44:42.784 - [robot_6_log_20260602_144405.csv] - DEBUG - Incoming data. Topic 6/pos, mensaje {"x": 146.22, "y": 14.58, "yaw": -3.012, "timestamp": 1780404282.784061}
2026-06-02 14:44:42.787 - [robot_6_log_20260602_144405.csv] - INFO - Usando posición VISION: x=146.21, y=14.58, θ=-3.01
2026-06-02 14:44:42.787 - [robot_6_log_20260602_144405.csv] - DEBUG - Posición actualizada por visión: x=146.22, y=14.58, θ=-3.01
2026-06-02 14:44:42.787 - [robot_6_log_20260602_144405.csv] - INFO - Distancias a paredes: Left: 146.21, Right: 303.79, Top: 125.42, Bottom: 14.58
2026-06-02 14:44:42.787 - [robot_6_log_20260602_144405.csv] - DEBUG - Frecuencia: 19.98 Hz | Latencia Red/Proc: 3.23 ms
2026-06-02 14:44:42.787 - [robot_6_log_20260602_144405.csv] - INFO - Posicion: 146.21, 14.58, -3.01 | Velocidad: 0.13121319215018423, -0.9913541739488259
2026-06-02 14:44:42.787 - [robot_6_log_20260602_144405.csv] - INFO - ABAJO
2026-06-02 14:44:42.787 - [robot_6_log_20260602_144405.csv] - DEBUG - Incoming data. Topic agent/6/wheel, mensaje {"Wleft":-4.97379915e-15,"Wright":-6.394884622e-15}
2026-06-02 14:44:42.787 - [robot_6_log_20260602_144405.csv] - WARNING - Estado FSM: ESPERANDO_GIRO | Target Wall: ABAJO | Target Theta: 172.46° |theta: -172.46029633437777 
2026-06-02 14:44:42.793 - [robot_6_log_20260602_144405.csv] - DEBUG - Incoming data. Topic 6/pos, mensaje {"x": 146.22, "y": 14.58, "yaw": -3.012, "timestamp": 1780404282.7927873}
2026-06-02 14:44:42.798 - [robot_6_log_20260602_144405.csv] - DEBUG - Posición actualizada por visión: x=146.22, y=14.58, θ=-3.01
2026-06-02 14:44:42.798 - [robot_6_log_20260602_144405.csv] - DEBUG - Frecuencia: 89.38 Hz | Latencia Red/Proc: 5.69 ms
2026-06-02 14:44:42.809 - [robot_6_log_20260602_144405.csv] - DEBUG - Incoming data. Topic 6/pos, mensaje {"x": 146.22, "y": 14.58, "yaw": -3.012, "timestamp": 1780404282.784061}
2026-06-02 14:44:42.814 - [robot_6_log_20260602_144405.csv] - DEBUG - Posición actualizada por visión: x=146.22, y=14.58, θ=-3.01
2026-06-02 14:44:42.819 - [robot_6_log_20260602_144405.csv] - DEBUG - Frecuencia: 46.63 Hz | Latencia Red/Proc: 35.86 ms
2026-06-02 14:44:42.837 - [robot_6_log_20260602_144405.csv] - INFO - Usando posición VISION: x=146.22, y=14.58, θ=-3.01
2026-06-02 14:44:42.837 - [robot_6_log_20260602_144405.csv] - DEBUG - Incoming data. Topic 6/pos, mensaje {"x": 146.22, "y": 14.58, "yaw": -3.012, "timestamp": 1780404282.7927873}
2026-06-02 14:44:42.837 - [robot_6_log_20260602_144405.csv] - INFO - Distancias a paredes: Left: 146.22, Right: 303.78, Top: 125.42, Bottom: 14.58
2026-06-02 14:44:42.837 - [robot_6_log_20260602_144405.csv] - DEBUG - Posición actualizada por visión: x=146.22, y=14.58, θ=-3.01
2026-06-02 14:44:42.837 - [robot_6_log_20260602_144405.csv] - INFO - Posicion: 146.22, 14.58, -3.012 | Velocidad: 0.12923022269779483, -0.9916146174504884
2026-06-02 14:44:42.837 - [robot_6_log_20260602_144405.csv] - DEBUG - Frecuencia: 57.30 Hz | Latencia Red/Proc: 44.59 ms
2026-06-02 14:44:42.837 - [robot_6_log_20260602_144405.csv] - INFO - ABAJO
2026-06-02 14:44:42.837 - [robot_6_log_20260602_144405.csv] - WARNING - Estado FSM: ESPERANDO_GIRO | Target Wall: ABAJO | Target Theta: 172.46° |theta: -172.57488789340397 
2026-06-02 14:44:42.887 - [robot_6_log_20260602_144405.csv] - INFO - Usando posición VISION: x=146.22, y=14.58, θ=-3.01
2026-06-02 14:44:42.887 - [robot_6_log_20260602_144405.csv] - INFO - Distancias a paredes: Left: 146.22, Right: 303.78, Top: 125.42, Bottom: 14.58
2026-06-02 14:44:42.887 - [robot_6_log_20260602_144405.csv] - INFO - Posicion: 146.22, 14.58, -3.012 | Velocidad: 0.12923022269779483, -0.9916146174504884
2026-06-02 14:44:42.887 - [robot_6_log_20260602_144405.csv] - INFO - ABAJO
2026-06-02 14:44:42.887 - [robot_6_log_20260602_144405.csv] - WARNING - Estado FSM: ESPERANDO_GIRO | Target Wall: ABAJO | Target Theta: 172.46° |theta: -172.57488789340397 
2026-06-02 14:44:42.892 - [robot_6_log_20260602_144405.csv] - DEBUG - Incoming data. Topic 6/pos, mensaje {"x": 146.22, "y": 14.59, "yaw": -3.01, "timestamp": 1780404282.8869364}
2026-06-02 14:44:42.897 - [robot_6_log_20260602_144405.csv] - DEBUG - Posición actualizada por visión: x=146.22, y=14.59, θ=-3.01
2026-06-02 14:44:42.897 - [robot_6_log_20260602_144405.csv] - DEBUG - Frecuencia: 16.55 Hz | Latencia Red/Proc: 10.86 ms
2026-06-02 14:44:42.902 - [robot_6_log_20260602_144405.csv] - DEBUG - Incoming data. Topic 6/pos, mensaje {"x": 146.22, "y": 14.59, "yaw": -3.01, "timestamp": 1780404282.8869364}
2026-06-02 14:44:42.902 - [robot_6_log_20260602_144405.csv] - DEBUG - Posición actualizada por visión: x=146.22, y=14.59, θ=-3.01
2026-06-02 14:44:42.908 - [robot_6_log_20260602_144405.csv] - DEBUG - Frecuencia: 97.58 Hz | Latencia Red/Proc: 21.11 ms
2026-06-02 14:44:42.918 - [robot_6_log_20260602_144405.csv] - DEBUG - Incoming data. Topic 6/pos, mensaje {"x": 146.22, "y": 14.59, "yaw": -3.01, "timestamp": 1780404282.895957}
2026-06-02 14:44:42.923 - [robot_6_log_20260602_144405.csv] - DEBUG - Posición actualizada por visión: x=146.22, y=14.59, θ=-3.01
2026-06-02 14:44:42.929 - [robot_6_log_20260602_144405.csv] - DEBUG - Frecuencia: 46.46 Hz | Latencia Red/Proc: 33.62 ms
2026-06-02 14:44:42.937 - [robot_6_log_20260602_144405.csv] - INFO - Usando posición VISION: x=146.22, y=14.59, θ=-3.01
2026-06-02 14:44:42.937 - [robot_6_log_20260602_144405.csv] - DEBUG - Incoming data. Topic 6/pos, mensaje {"x": 146.22, "y": 14.59, "yaw": -3.01, "timestamp": 1780404282.895957}
2026-06-02 14:44:42.937 - [robot_6_log_20260602_144405.csv] - DEBUG - Posición actualizada por visión: x=146.22, y=14.59, θ=-3.01
2026-06-02 14:44:42.937 - [robot_6_log_20260602_144405.csv] - DEBUG - Frecuencia: 128.85 Hz | Latencia Red/Proc: 41.38 ms
2026-06-02 14:44:42.937 - [robot_6_log_20260602_144405.csv] - INFO - Distancias a paredes: Left: 146.22, Right: 303.78, Top: 125.41, Bottom: 14.59
2026-06-02 14:44:42.937 - [robot_6_log_20260602_144405.csv] - DEBUG - Incoming data. Topic agent/6/wheel, mensaje {"Wleft":-4.97379915e-15,"Wright":16}
2026-06-02 14:44:42.937 - [robot_6_log_20260602_144405.csv] - INFO - Posicion: 146.22, 14.59, -3.01 | Velocidad: 0.13121319215018423, -0.9913541739488259
2026-06-02 14:44:42.937 - [robot_6_log_20260602_144405.csv] - INFO - ABAJO
2026-06-02 14:44:42.937 - [robot_6_log_20260602_144405.csv] - WARNING - Estado FSM: ESPERANDO_GIRO | Target Wall: ABAJO | Target Theta: 172.46° |theta: -172.46029633437777 
2026-06-02 14:44:42.987 - [robot_6_log_20260602_144405.csv] - INFO - Usando posición VISION: x=146.22, y=14.59, θ=-3.01
2026-06-02 14:44:42.987 - [robot_6_log_20260602_144405.csv] - INFO - Distancias a paredes: Left: 146.22, Right: 303.78, Top: 125.41, Bottom: 14.59
2026-06-02 14:44:42.987 - [robot_6_log_20260602_144405.csv] - INFO - Posicion: 146.22, 14.59, -3.01 | Velocidad: 0.13121319215018423, -0.9913541739488259
2026-06-02 14:44:42.987 - [robot_6_log_20260602_144405.csv] - INFO - ABAJO
2026-06-02 14:44:42.987 - [robot_6_log_20260602_144405.csv] - WARNING - Estado FSM: ESPERANDO_GIRO | Target Wall: ABAJO | Target Theta: 172.46° |theta: -172.46029633437777 
2026-06-02 14:44:42.992 - [robot_6_log_20260602_144405.csv] - DEBUG - Incoming data. Topic 6/pos, mensaje {"x": 146.22, "y": 14.58, "yaw": -3.01, "timestamp": 1780404282.9870267}
2026-06-02 14:44:42.997 - [robot_6_log_20260602_144405.csv] - DEBUG - Posición actualizada por visión: x=146.22, y=14.58, θ=-3.01
2026-06-02 14:44:42.997 - [robot_6_log_20260602_144405.csv] - DEBUG - Frecuencia: 16.49 Hz | Latencia Red/Proc: 10.96 ms
2026-06-02 14:44:43.003 - [robot_6_log_20260602_144405.csv] - DEBUG - Incoming data. Topic 6/pos, mensaje {"x": 146.22, "y": 14.58, "yaw": -3.01, "timestamp": 1780404282.9870267}
2026-06-02 14:44:43.003 - [robot_6_log_20260602_144405.csv] - DEBUG - Posición actualizada por visión: x=146.22, y=14.58, θ=-3.01
2026-06-02 14:44:43.008 - [robot_6_log_20260602_144405.csv] - DEBUG - Frecuencia: 97.70 Hz | Latencia Red/Proc: 21.19 ms
2026-06-02 14:44:43.018 - [robot_6_log_20260602_144405.csv] - DEBUG - Incoming data. Topic 6/pos, mensaje {"x": 146.22, "y": 14.58, "yaw": -3.01, "timestamp": 1780404282.9961708}
2026-06-02 14:44:43.023 - [robot_6_log_20260602_144405.csv] - DEBUG - Posición actualizada por visión: x=146.22, y=14.58, θ=-3.01
2026-06-02 14:44:43.028 - [robot_6_log_20260602_144405.csv] - DEBUG - Frecuencia: 48.36 Hz | Latencia Red/Proc: 32.72 ms
2026-06-02 14:44:43.037 - [robot_6_log_20260602_144405.csv] - INFO - Usando posición VISION: x=146.22, y=14.58, θ=-3.01
2026-06-02 14:44:43.037 - [robot_6_log_20260602_144405.csv] - INFO - Distancias a paredes: Left: 146.22, Right: 303.78, Top: 125.42, Bottom: 14.58
2026-06-02 14:44:43.037 - [robot_6_log_20260602_144405.csv] - INFO - Posicion: 146.22, 14.58, -3.01 | Velocidad: 0.13121319215018423, -0.9913541739488259
2026-06-02 14:44:43.037 - [robot_6_log_20260602_144405.csv] - INFO - ABAJO
2026-06-02 14:44:43.037 - [robot_6_log_20260602_144405.csv] - WARNING - Estado FSM: ESPERANDO_GIRO | Target Wall: ABAJO | Target Theta: 172.46° |theta: -172.46029633437777 
2026-06-02 14:44:43.043 - [robot_6_log_20260602_144405.csv] - DEBUG - Incoming data. Topic 6/pos, mensaje {"x": 146.22, "y": 14.58, "yaw": -3.01, "timestamp": 1780404282.9961708}
2026-06-02 14:44:43.048 - [robot_6_log_20260602_144405.csv] - DEBUG - Posición actualizada por visión: x=146.22, y=14.58, θ=-3.01
2026-06-02 14:44:43.048 - [robot_6_log_20260602_144405.csv] - DEBUG - Frecuencia: 50.21 Hz | Latencia Red/Proc: 52.64 ms
2026-06-02 14:44:43.053 - [robot_6_log_20260602_144405.csv] - DEBUG - Incoming data. Topic agent/6/wheel, mensaje {"Wleft":-4.97379915e-15,"Wright":20}
2026-06-02 14:44:43.083 - [robot_6_log_20260602_144405.csv] - DEBUG - Incoming data. Topic 6/pos, mensaje {"x": 146.28, "y": 14.52, "yaw": -3.013, "timestamp": 1780404283.0823455}
2026-06-02 14:44:43.087 - [robot_6_log_20260602_144405.csv] - INFO - Usando posición VISION: x=146.22, y=14.58, θ=-3.01
2026-06-02 14:44:43.087 - [robot_6_log_20260602_144405.csv] - DEBUG - Posición actualizada por visión: x=146.28, y=14.52, θ=-3.01
2026-06-02 14:44:43.087 - [robot_6_log_20260602_144405.csv] - INFO - Distancias a paredes: Left: 146.22, Right: 303.78, Top: 125.42, Bottom: 14.58
2026-06-02 14:44:43.087 - [robot_6_log_20260602_144405.csv] - DEBUG - Frecuencia: 25.82 Hz | Latencia Red/Proc: 5.19 ms
2026-06-02 14:44:43.087 - [robot_6_log_20260602_144405.csv] - INFO - Posicion: 146.22, 14.58, -3.01 | Velocidad: 0.13121319215018423, -0.9913541739488259
2026-06-02 14:44:43.087 - [robot_6_log_20260602_144405.csv] - INFO - ABAJO
2026-06-02 14:44:43.087 - [robot_6_log_20260602_144405.csv] - DEBUG - Incoming data. Topic agent/6/wheel, mensaje {"Wleft":0.022530068,"Wright":20}
2026-06-02 14:44:43.087 - [robot_6_log_20260602_144405.csv] - WARNING - Estado FSM: ESPERANDO_GIRO | Target Wall: ABAJO | Target Theta: 172.46° |theta: -172.46029633437777 
2026-06-02 14:44:43.099 - [robot_6_log_20260602_144405.csv] - DEBUG - Incoming data. Topic 6/pos, mensaje {"x": 146.28, "y": 14.52, "yaw": -3.013, "timestamp": 1780404283.0937853}
2026-06-02 14:44:43.104 - [robot_6_log_20260602_144405.csv] - DEBUG - Posición actualizada por visión: x=146.28, y=14.52, θ=-3.01
2026-06-02 14:44:43.109 - [robot_6_log_20260602_144405.csv] - DEBUG - Frecuencia: 45.01 Hz | Latencia Red/Proc: 15.97 ms
2026-06-02 14:44:43.125 - [robot_6_log_20260602_144405.csv] - DEBUG - Incoming data. Topic 6/pos, mensaje {"x": 146.28, "y": 14.52, "yaw": -3.013, "timestamp": 1780404283.0823455}
2026-06-02 14:44:43.130 - [robot_6_log_20260602_144405.csv] - DEBUG - Posición actualizada por visión: x=146.28, y=14.52, θ=-3.01
2026-06-02 14:44:43.135 - [robot_6_log_20260602_144405.csv] - DEBUG - Frecuencia: 38.49 Hz | Latencia Red/Proc: 53.39 ms
2026-06-02 14:44:43.135 - [robot_6_log_20260602_144405.csv] - DEBUG - Incoming data. Topic 6/pos, mensaje {"x": 146.28, "y": 14.52, "yaw": -3.013, "timestamp": 1780404283.0937853}
2026-06-02 14:44:43.135 - [robot_6_log_20260602_144405.csv] - DEBUG - Posición actualizada por visión: x=146.28, y=14.52, θ=-3.01
2026-06-02 14:44:43.135 - [robot_6_log_20260602_144405.csv] - DEBUG - Frecuencia: 7423.55 Hz | Latencia Red/Proc: 42.09 ms
2026-06-02 14:44:43.137 - [robot_6_log_20260602_144405.csv] - INFO - Usando posición VISION: x=146.28, y=14.52, θ=-3.01
2026-06-02 14:44:43.137 - [robot_6_log_20260602_144405.csv] - INFO - Distancias a paredes: Left: 146.28, Right: 303.72, Top: 125.48, Bottom: 14.52
2026-06-02 14:44:43.137 - [robot_6_log_20260602_144405.csv] - INFO - Posicion: 146.28, 14.52, -3.013 | Velocidad: 0.1282385436305076, -0.9917433518443803
2026-06-02 14:44:43.137 - [robot_6_log_20260602_144405.csv] - INFO - ABAJO
2026-06-02 14:44:43.137 - [robot_6_log_20260602_144405.csv] - WARNING - Estado FSM: ESPERANDO_GIRO | Target Wall: ABAJO | Target Theta: 172.46° |theta: -172.63218367291702 
2026-06-02 14:44:43.186 - [robot_6_log_20260602_144405.csv] - DEBUG - Incoming data. Topic 6/pos, mensaje {"x": 146.38, "y": 14.45, "yaw": -3.011, "timestamp": 1780404283.1824143}
2026-06-02 14:44:43.187 - [robot_6_log_20260602_144405.csv] - DEBUG - Posición actualizada por visión: x=146.38, y=14.45, θ=-3.01
2026-06-02 14:44:43.187 - [robot_6_log_20260602_144405.csv] - INFO - Usando posición VISION: x=146.28, y=14.52, θ=-3.01
2026-06-02 14:44:43.187 - [robot_6_log_20260602_144405.csv] - INFO - Distancias a paredes: Left: 146.28, Right: 303.72, Top: 125.48, Bottom: 14.52
2026-06-02 14:44:43.187 - [robot_6_log_20260602_144405.csv] - DEBUG - Frecuencia: 19.44 Hz | Latencia Red/Proc: 4.90 ms
2026-06-02 14:44:43.187 - [robot_6_log_20260602_144405.csv] - INFO - Posicion: 146.28, 14.52, -3.013 | Velocidad: 0.1282385436305076, -0.9917433518443803
2026-06-02 14:44:43.187 - [robot_6_log_20260602_144405.csv] - INFO - ABAJO
2026-06-02 14:44:43.187 - [robot_6_log_20260602_144405.csv] - DEBUG - Incoming data. Topic agent/6/wheel, mensaje {"Wleft":-4.97379915e-15,"Wright":20}
2026-06-02 14:44:43.187 - [robot_6_log_20260602_144405.csv] - WARNING - Estado FSM: ESPERANDO_GIRO | Target Wall: ABAJO | Target Theta: 172.46° |theta: -172.63218367291702 
2026-06-02 14:44:43.193 - [robot_6_log_20260602_144405.csv] - DEBUG - Incoming data. Topic 6/pos, mensaje {"x": 146.38, "y": 14.45, "yaw": -3.011, "timestamp": 1780404283.1912045}
2026-06-02 14:44:43.198 - [robot_6_log_20260602_144405.csv] - DEBUG - Posición actualizada por visión: x=146.38, y=14.45, θ=-3.01
2026-06-02 14:44:43.198 - [robot_6_log_20260602_144405.csv] - DEBUG - Frecuencia: 88.26 Hz | Latencia Red/Proc: 7.44 ms
2026-06-02 14:44:43.208 - [robot_6_log_20260602_144405.csv] - DEBUG - Incoming data. Topic 6/pos, mensaje {"x": 146.38, "y": 14.45, "yaw": -3.011, "timestamp": 1780404283.1824143}
2026-06-02 14:44:43.214 - [robot_6_log_20260602_144405.csv] - DEBUG - Posición actualizada por visión: x=146.38, y=14.45, θ=-3.01
2026-06-02 14:44:43.219 - [robot_6_log_20260602_144405.csv] - DEBUG - Frecuencia: 48.85 Hz | Latencia Red/Proc: 36.70 ms
2026-06-02 14:44:43.237 - [robot_6_log_20260602_144405.csv] - INFO - Usando posición VISION: x=146.38, y=14.45, θ=-3.01
2026-06-02 14:44:43.237 - [robot_6_log_20260602_144405.csv] - INFO - Distancias a paredes: Left: 146.38, Right: 303.62, Top: 125.55, Bottom: 14.45
2026-06-02 14:44:43.237 - [robot_6_log_20260602_144405.csv] - INFO - Posicion: 146.38, 14.45, -3.011 | Velocidad: 0.13022177253487016, -0.9914848914420615
2026-06-02 14:44:43.237 - [robot_6_log_20260602_144405.csv] - INFO - ABAJO
2026-06-02 14:44:43.237 - [robot_6_log_20260602_144405.csv] - DEBUG - Incoming data. Topic 6/pos, mensaje {"x": 146.38, "y": 14.45, "yaw": -3.011, "timestamp": 1780404283.1912045}
2026-06-02 14:44:43.237 - [robot_6_log_20260602_144405.csv] - WARNING - Estado FSM: ESPERANDO_GIRO | Target Wall: ABAJO | Target Theta: 172.46° |theta: -172.51759211389088 
2026-06-02 14:44:43.237 - [robot_6_log_20260602_144405.csv] - DEBUG - Posición actualizada por visión: x=146.38, y=14.45, θ=-3.01
2026-06-02 14:44:43.247 - [robot_6_log_20260602_144405.csv] - DEBUG - Frecuencia: 34.75 Hz | Latencia Red/Proc: 56.68 ms
2026-06-02 14:44:43.287 - [robot_6_log_20260602_144405.csv] - INFO - Usando posición VISION: x=146.38, y=14.45, θ=-3.01
2026-06-02 14:44:43.287 - [robot_6_log_20260602_144405.csv] - INFO - Distancias a paredes: Left: 146.38, Right: 303.62, Top: 125.55, Bottom: 14.45
2026-06-02 14:44:43.287 - [robot_6_log_20260602_144405.csv] - INFO - Posicion: 146.38, 14.45, -3.011 | Velocidad: 0.13022177253487016, -0.9914848914420615
2026-06-02 14:44:43.287 - [robot_6_log_20260602_144405.csv] - INFO - ABAJO
2026-06-02 14:44:43.287 - [robot_6_log_20260602_144405.csv] - DEBUG - Incoming data. Topic 6/pos, mensaje {"x": 146.47, "y": 14.34, "yaw": -3.008, "timestamp": 1780404283.2822368}
2026-06-02 14:44:43.287 - [robot_6_log_20260602_144405.csv] - DEBUG - Posición actualizada por visión: x=146.47, y=14.34, θ=-3.01
2026-06-02 14:44:43.287 - [robot_6_log_20260602_144405.csv] - DEBUG - Frecuencia: 25.06 Hz | Latencia Red/Proc: 5.56 ms
2026-06-02 14:44:43.287 - [robot_6_log_20260602_144405.csv] - DEBUG - Incoming data. Topic 6/pos, mensaje {"x": 146.47, "y": 14.34, "yaw": -3.008, "timestamp": 1780404283.2822368}
2026-06-02 14:44:43.287 - [robot_6_log_20260602_144405.csv] - DEBUG - Posición actualizada por visión: x=146.47, y=14.34, θ=-3.01
2026-06-02 14:44:43.287 - [robot_6_log_20260602_144405.csv] - DEBUG - Frecuencia: 10645.44 Hz | Latencia Red/Proc: 5.65 ms
2026-06-02 14:44:43.287 - [robot_6_log_20260602_144405.csv] - WARNING - Estado FSM: ESPERANDO_GIRO | Target Wall: ABAJO | Target Theta: 172.46° |theta: -172.51759211389088 
2026-06-02 14:44:43.293 - [robot_6_log_20260602_144405.csv] - DEBUG - Incoming data. Topic 6/pos, mensaje {"x": 146.47, "y": 14.34, "yaw": -3.008, "timestamp": 1780404283.2905622}
2026-06-02 14:44:43.293 - [robot_6_log_20260602_144405.csv] - DEBUG - Posición actualizada por visión: x=146.47, y=14.34, θ=-3.01
2026-06-02 14:44:43.293 - [robot_6_log_20260602_144405.csv] - DEBUG - Frecuencia: 165.29 Hz | Latencia Red/Proc: 3.37 ms
2026-06-02 14:44:43.293 - [robot_6_log_20260602_144405.csv] - DEBUG - Incoming data. Topic 6/pos, mensaje {"x": 146.47, "y": 14.34, "yaw": -3.008, "timestamp": 1780404283.2905622}
2026-06-02 14:44:43.294 - [robot_6_log_20260602_144405.csv] - DEBUG - Posición actualizada por visión: x=146.47, y=14.34, θ=-3.01
2026-06-02 14:44:43.299 - [robot_6_log_20260602_144405.csv] - DEBUG - Frecuencia: 190.70 Hz | Latencia Red/Proc: 8.62 ms
2026-06-02 14:44:43.336 - [robot_6_log_20260602_144405.csv] - DEBUG - Incoming data. Topic agent/6/wheel, mensaje {"Wleft":-4.97379915e-15,"Wright":20}
2026-06-02 14:44:43.337 - [robot_6_log_20260602_144405.csv] - INFO - Usando posición VISION: x=146.47, y=14.34, θ=-3.01
2026-06-02 14:44:43.337 - [robot_6_log_20260602_144405.csv] - INFO - Distancias a paredes: Left: 146.47, Right: 303.53, Top: 125.66, Bottom: 14.34
2026-06-02 14:44:43.337 - [robot_6_log_20260602_144405.csv] - INFO - Posicion: 146.47, 14.34, -3.008 | Velocidad: 0.13319563674997953, -0.9910897650317894
2026-06-02 14:44:43.337 - [robot_6_log_20260602_144405.csv] - INFO - ABAJO
2026-06-02 14:44:43.337 - [robot_6_log_20260602_144405.csv] - WARNING - Estado FSM: ESPERANDO_GIRO | Target Wall: ABAJO | Target Theta: 172.46° |theta: -172.34570477535163 
2026-06-02 14:44:43.386 - [robot_6_log_20260602_144405.csv] - DEBUG - Incoming data. Topic 6/pos, mensaje {"x": 146.52, "y": 14.3, "yaw": -3.005, "timestamp": 1780404283.3830206}
2026-06-02 14:44:43.387 - [robot_6_log_20260602_144405.csv] - INFO - Usando posición VISION: x=146.47, y=14.34, θ=-3.01
2026-06-02 14:44:43.387 - [robot_6_log_20260602_144405.csv] - INFO - Distancias a paredes: Left: 146.47, Right: 303.53, Top: 125.66, Bottom: 14.34
2026-06-02 14:44:43.387 - [robot_6_log_20260602_144405.csv] - INFO - Posicion: 146.47, 14.34, -3.008 | Velocidad: 0.13319563674997953, -0.9910897650317894
2026-06-02 14:44:43.387 - [robot_6_log_20260602_144405.csv] - INFO - ABAJO
2026-06-02 14:44:43.387 - [robot_6_log_20260602_144405.csv] - DEBUG - Posición actualizada por visión: x=146.52, y=14.30, θ=-3.00
2026-06-02 14:44:43.387 - [robot_6_log_20260602_144405.csv] - WARNING - Estado FSM: ESPERANDO_GIRO | Target Wall: ABAJO | Target Theta: 172.46° |theta: -172.34570477535163 
2026-06-02 14:44:43.387 - [robot_6_log_20260602_144405.csv] - DEBUG - Frecuencia: 11.32 Hz | Latencia Red/Proc: 4.48 ms
2026-06-02 14:44:43.398 - [robot_6_log_20260602_144405.csv] - DEBUG - Incoming data. Topic 6/pos, mensaje {"x": 146.52, "y": 14.3, "yaw": -3.005, "timestamp": 1780404283.3830206}
2026-06-02 14:44:43.404 - [robot_6_log_20260602_144405.csv] - DEBUG - Posición actualizada por visión: x=146.52, y=14.30, θ=-3.00
2026-06-02 14:44:43.409 - [robot_6_log_20260602_144405.csv] - DEBUG - Frecuencia: 45.53 Hz | Latencia Red/Proc: 26.45 ms
2026-06-02 14:44:43.420 - [robot_6_log_20260602_144405.csv] - DEBUG - Incoming data. Topic 6/pos, mensaje {"x": 146.52, "y": 14.3, "yaw": -3.005, "timestamp": 1780404283.394516}
2026-06-02 14:44:43.425 - [robot_6_log_20260602_144405.csv] - DEBUG - Posición actualizada por visión: x=146.52, y=14.30, θ=-3.00
2026-06-02 14:44:43.430 - [robot_6_log_20260602_144405.csv] - DEBUG - Frecuencia: 47.75 Hz | Latencia Red/Proc: 35.89 ms
2026-06-02 14:44:43.437 - [robot_6_log_20260602_144405.csv] - INFO - Usando posición VISION: x=146.52, y=14.30, θ=-3.00
2026-06-02 14:44:43.437 - [robot_6_log_20260602_144405.csv] - DEBUG - Incoming data. Topic 6/pos, mensaje {"x": 146.52, "y": 14.3, "yaw": -3.005, "timestamp": 1780404283.394516}
2026-06-02 14:44:43.437 - [robot_6_log_20260602_144405.csv] - INFO - Distancias a paredes: Left: 146.52, Right: 303.48, Top: 125.70, Bottom: 14.30
2026-06-02 14:44:43.437 - [robot_6_log_20260602_144405.csv] - DEBUG - Posición actualizada por visión: x=146.52, y=14.30, θ=-3.00
2026-06-02 14:44:43.437 - [robot_6_log_20260602_144405.csv] - INFO - Posicion: 146.52, 14.3, -3.005 | Velocidad: 0.13616830220525725, -0.9906857188203219
2026-06-02 14:44:43.437 - [robot_6_log_20260602_144405.csv] - DEBUG - Frecuencia: 143.85 Hz | Latencia Red/Proc: 42.85 ms
2026-06-02 14:44:43.437 - [robot_6_log_20260602_144405.csv] - INFO - ABAJO
2026-06-02 14:44:43.437 - [robot_6_log_20260602_144405.csv] - DEBUG - Incoming data. Topic agent/6/wheel, mensaje {"Wleft":-4.97379915e-15,"Wright":20}
2026-06-02 14:44:43.437 - [robot_6_log_20260602_144405.csv] - WARNING - Estado FSM: ESPERANDO_GIRO | Target Wall: ABAJO | Target Theta: 172.46° |theta: -172.17381743681239 
2026-06-02 14:44:43.486 - [robot_6_log_20260602_144405.csv] - DEBUG - Incoming data. Topic 6/pos, mensaje {"x": 146.5, "y": 14.32, "yaw": -3.006, "timestamp": 1780404283.4847198}
2026-06-02 14:44:43.487 - [robot_6_log_20260602_144405.csv] - INFO - Usando posición VISION: x=146.52, y=14.30, θ=-3.00
2026-06-02 14:44:43.487 - [robot_6_log_20260602_144405.csv] - INFO - Distancias a paredes: Left: 146.52, Right: 303.48, Top: 125.70, Bottom: 14.30
2026-06-02 14:44:43.487 - [robot_6_log_20260602_144405.csv] - INFO - Posicion: 146.52, 14.3, -3.005 | Velocidad: 0.13616830220525725, -0.9906857188203219
2026-06-02 14:44:43.487 - [robot_6_log_20260602_144405.csv] - INFO - ABAJO
2026-06-02 14:44:43.487 - [robot_6_log_20260602_144405.csv] - DEBUG - Posición actualizada por visión: x=146.50, y=14.32, θ=-3.01
2026-06-02 14:44:43.487 - [robot_6_log_20260602_144405.csv] - DEBUG - Frecuencia: 19.94 Hz | Latencia Red/Proc: 2.79 ms
2026-06-02 14:44:43.487 - [robot_6_log_20260602_144405.csv] - DEBUG - Incoming data. Topic 6/pos, mensaje {"x": 146.5, "y": 14.32, "yaw": -3.006, "timestamp": 1780404283.4847198}
2026-06-02 14:44:43.487 - [robot_6_log_20260602_144405.csv] - DEBUG - Posición actualizada por visión: x=146.50, y=14.32, θ=-3.01
2026-06-02 14:44:43.487 - [robot_6_log_20260602_144405.csv] - DEBUG - Frecuencia: 8208.03 Hz | Latencia Red/Proc: 2.91 ms
2026-06-02 14:44:43.487 - [robot_6_log_20260602_144405.csv] - WARNING - Estado FSM: ESPERANDO_GIRO | Target Wall: ABAJO | Target Theta: 172.46° |theta: -172.17381743681239 
2026-06-02 14:44:43.504 - [robot_6_log_20260602_144405.csv] - DEBUG - Incoming data. Topic 6/pos, mensaje {"x": 146.5, "y": 14.32, "yaw": -3.006, "timestamp": 1780404283.4939377}
2026-06-02 14:44:43.509 - [robot_6_log_20260602_144405.csv] - DEBUG - Posición actualizada por visión: x=146.50, y=14.32, θ=-3.01
2026-06-02 14:44:43.515 - [robot_6_log_20260602_144405.csv] - DEBUG - Frecuencia: 36.46 Hz | Latencia Red/Proc: 21.12 ms
2026-06-02 14:44:43.515 - [robot_6_log_20260602_144405.csv] - DEBUG - Incoming data. Topic 6/pos, mensaje {"x": 146.5, "y": 14.32, "yaw": -3.006, "timestamp": 1780404283.4939377}
2026-06-02 14:44:43.520 - [robot_6_log_20260602_144405.csv] - DEBUG - Posición actualizada por visión: x=146.50, y=14.32, θ=-3.01
2026-06-02 14:44:43.525 - [robot_6_log_20260602_144405.csv] - DEBUG - Frecuencia: 96.29 Hz | Latencia Red/Proc: 31.50 ms
2026-06-02 14:44:43.537 - [robot_6_log_20260602_144405.csv] - INFO - Usando posición VISION: x=146.50, y=14.32, θ=-3.01
2026-06-02 14:44:43.537 - [robot_6_log_20260602_144405.csv] - INFO - Distancias a paredes: Left: 146.50, Right: 303.50, Top: 125.68, Bottom: 14.32
2026-06-02 14:44:43.537 - [robot_6_log_20260602_144405.csv] - INFO - Posicion: 146.5, 14.32, -3.006 | Velocidad: 0.13517754856740588, -0.9908213917570142
2026-06-02 14:44:43.537 - [robot_6_log_20260602_144405.csv] - INFO - ABAJO
2026-06-02 14:44:43.537 - [robot_6_log_20260602_144405.csv] - DEBUG - Incoming data. Topic agent/6/wheel, mensaje {"Wleft":-4.97379915e-15,"Wright":20}
2026-06-02 14:44:43.537 - [robot_6_log_20260602_144405.csv] - WARNING - Estado FSM: ESPERANDO_GIRO | Target Wall: ABAJO | Target Theta: 172.46° |theta: -172.23111321632544 
2026-06-02 14:44:43.587 - [robot_6_log_20260602_144405.csv] - DEBUG - Incoming data. Topic 6/pos, mensaje {"x": 146.4, "y": 14.39, "yaw": -3.012, "timestamp": 1780404283.5827286}
2026-06-02 14:44:43.587 - [robot_6_log_20260602_144405.csv] - INFO - Usando posición VISION: x=146.50, y=14.32, θ=-3.01
2026-06-02 14:44:43.587 - [robot_6_log_20260602_144405.csv] - DEBUG - Posición actualizada por visión: x=146.40, y=14.39, θ=-3.01
2026-06-02 14:44:43.587 - [robot_6_log_20260602_144405.csv] - INFO - Distancias a paredes: Left: 146.50, Right: 303.50, Top: 125.68, Bottom: 14.32
2026-06-02 14:44:43.587 - [robot_6_log_20260602_144405.csv] - DEBUG - Frecuencia: 16.14 Hz | Latencia Red/Proc: 4.67 ms
2026-06-02 14:44:43.587 - [robot_6_log_20260602_144405.csv] - INFO - Posicion: 146.5, 14.32, -3.006 | Velocidad: 0.13517754856740588, -0.9908213917570142
2026-06-02 14:44:43.587 - [robot_6_log_20260602_144405.csv] - DEBUG - Incoming data. Topic 6/pos, mensaje {"x": 146.4, "y": 14.39, "yaw": -3.012, "timestamp": 1780404283.5827286}
2026-06-02 14:44:43.587 - [robot_6_log_20260602_144405.csv] - INFO - ABAJO
2026-06-02 14:44:43.587 - [robot_6_log_20260602_144405.csv] - DEBUG - Posición actualizada por visión: x=146.40, y=14.39, θ=-3.01
2026-06-02 14:44:43.587 - [robot_6_log_20260602_144405.csv] - WARNING - Estado FSM: ESPERANDO_GIRO | Target Wall: ABAJO | Target Theta: 172.46° |theta: -172.23111321632544 
2026-06-02 14:44:43.587 - [robot_6_log_20260602_144405.csv] - DEBUG - Frecuencia: 2807.43 Hz | Latencia Red/Proc: 5.03 ms
2026-06-02 14:44:43.599 - [robot_6_log_20260602_144405.csv] - DEBUG - Incoming data. Topic 6/pos, mensaje {"x": 146.4, "y": 14.39, "yaw": -3.012, "timestamp": 1780404283.5917504}
2026-06-02 14:44:43.604 - [robot_6_log_20260602_144405.csv] - DEBUG - Posición actualizada por visión: x=146.40, y=14.39, θ=-3.01
2026-06-02 14:44:43.615 - [robot_6_log_20260602_144405.csv] - DEBUG - Frecuencia: 36.09 Hz | Latencia Red/Proc: 23.72 ms
2026-06-02 14:44:43.626 - [robot_6_log_20260602_144405.csv] - DEBUG - Incoming data. Topic agent/6/wheel, mensaje {"Wleft":-4.97379915e-15,"Wright":20}
2026-06-02 14:44:43.637 - [robot_6_log_20260602_144405.csv] - INFO - Usando posición VISION: x=146.40, y=14.39, θ=-3.01
2026-06-02 14:44:43.637 - [robot_6_log_20260602_144405.csv] - INFO - Distancias a paredes: Left: 146.40, Right: 303.60, Top: 125.61, Bottom: 14.39
2026-06-02 14:44:43.637 - [robot_6_log_20260602_144405.csv] - INFO - Posicion: 146.4, 14.39, -3.012 | Velocidad: 0.12923022269779483, -0.9916146174504884
2026-06-02 14:44:43.637 - [robot_6_log_20260602_144405.csv] - INFO - ABAJO
2026-06-02 14:44:43.637 - [robot_6_log_20260602_144405.csv] - DEBUG - Incoming data. Topic 6/pos, mensaje {"x": 146.4, "y": 14.39, "yaw": -3.012, "timestamp": 1780404283.5917504}
2026-06-02 14:44:43.637 - [robot_6_log_20260602_144405.csv] - WARNING - Estado FSM: ESPERANDO_GIRO | Target Wall: ABAJO | Target Theta: 172.46° |theta: -172.57488789340397 
2026-06-02 14:44:43.637 - [robot_6_log_20260602_144405.csv] - DEBUG - Posición actualizada por visión: x=146.40, y=14.39, θ=-3.01
2026-06-02 14:44:43.647 - [robot_6_log_20260602_144405.csv] - DEBUG - Frecuencia: 31.08 Hz | Latencia Red/Proc: 55.90 ms
2026-06-02 14:44:43.687 - [robot_6_log_20260602_144405.csv] - INFO - Usando posición VISION: x=146.40, y=14.39, θ=-3.01
2026-06-02 14:44:43.687 - [robot_6_log_20260602_144405.csv] - INFO - Distancias a paredes: Left: 146.40, Right: 303.60, Top: 125.61, Bottom: 14.39
2026-06-02 14:44:43.687 - [robot_6_log_20260602_144405.csv] - INFO - Posicion: 146.4, 14.39, -3.012 | Velocidad: 0.12923022269779483, -0.9916146174504884
2026-06-02 14:44:43.687 - [robot_6_log_20260602_144405.csv] - INFO - ABAJO
2026-06-02 14:44:43.687 - [robot_6_log_20260602_144405.csv] - DEBUG - Incoming data. Topic 6/pos, mensaje {"x": 146.29, "y": 14.52, "yaw": -3.013, "timestamp": 1780404283.6853044}
2026-06-02 14:44:43.687 - [robot_6_log_20260602_144405.csv] - WARNING - Estado FSM: ESPERANDO_GIRO | Target Wall: ABAJO | Target Theta: 172.46° |theta: -172.57488789340397 
2026-06-02 14:44:43.687 - [robot_6_log_20260602_144405.csv] - DEBUG - Posición actualizada por visión: x=146.29, y=14.52, θ=-3.01
2026-06-02 14:44:43.697 - [robot_6_log_20260602_144405.csv] - DEBUG - Frecuencia: 19.92 Hz | Latencia Red/Proc: 12.53 ms
2026-06-02 14:44:43.703 - [robot_6_log_20260602_144405.csv] - DEBUG - Incoming data. Topic 6/pos, mensaje {"x": 146.29, "y": 14.52, "yaw": -3.013, "timestamp": 1780404283.6853044}
2026-06-02 14:44:43.703 - [robot_6_log_20260602_144405.csv] - DEBUG - Posición actualizada por visión: x=146.29, y=14.52, θ=-3.01
2026-06-02 14:44:43.708 - [robot_6_log_20260602_144405.csv] - DEBUG - Frecuencia: 96.59 Hz | Latencia Red/Proc: 22.89 ms
2026-06-02 14:44:43.708 - [robot_6_log_20260602_144405.csv] - DEBUG - Incoming data. Topic 6/pos, mensaje {"x": 146.29, "y": 14.52, "yaw": -3.013, "timestamp": 1780404283.69665}
2026-06-02 14:44:43.708 - [robot_6_log_20260602_144405.csv] - DEBUG - Posición actualizada por visión: x=146.29, y=14.52, θ=-3.01
2026-06-02 14:44:43.708 - [robot_6_log_20260602_144405.csv] - DEBUG - Frecuencia: 9198.04 Hz | Latencia Red/Proc: 11.65 ms
2026-06-02 14:44:43.708 - [robot_6_log_20260602_144405.csv] - DEBUG - Incoming data. Topic 6/pos, mensaje {"x": 146.29, "y": 14.52, "yaw": -3.013, "timestamp": 1780404283.69665}
2026-06-02 14:44:43.708 - [robot_6_log_20260602_144405.csv] - DEBUG - Posición actualizada por visión: x=146.29, y=14.52, θ=-3.01
2026-06-02 14:44:43.713 - [robot_6_log_20260602_144405.csv] - DEBUG - Frecuencia: 194.23 Hz | Latencia Red/Proc: 16.80 ms
2026-06-02 14:44:43.737 - [robot_6_log_20260602_144405.csv] - INFO - Usando posición VISION: x=146.29, y=14.52, θ=-3.01
2026-06-02 14:44:43.737 - [robot_6_log_20260602_144405.csv] - INFO - Distancias a paredes: Left: 146.29, Right: 303.71, Top: 125.48, Bottom: 14.52
2026-06-02 14:44:43.737 - [robot_6_log_20260602_144405.csv] - INFO - Posicion: 146.29, 14.52, -3.013 | Velocidad: 0.1282385436305076, -0.9917433518443803
2026-06-02 14:44:43.737 - [robot_6_log_20260602_144405.csv] - INFO - ABAJO
2026-06-02 14:44:43.737 - [robot_6_log_20260602_144405.csv] - WARNING - Estado FSM: ESPERANDO_GIRO | Target Wall: ABAJO | Target Theta: 172.46° |theta: -172.63218367291702 
2026-06-02 14:44:43.748 - [robot_6_log_20260602_144405.csv] - DEBUG - Incoming data. Topic agent/6/wheel, mensaje {"Wleft":-4.97379915e-15,"Wright":20}
2026-06-02 14:44:43.787 - [robot_6_log_20260602_144405.csv] - INFO - Usando posición VISION: x=146.29, y=14.52, θ=-3.01
2026-06-02 14:44:43.787 - [robot_6_log_20260602_144405.csv] - DEBUG - Incoming data. Topic 6/pos, mensaje {"x": 146.21, "y": 14.58, "yaw": -3.011, "timestamp": 1780404283.7844496}
2026-06-02 14:44:43.787 - [robot_6_log_20260602_144405.csv] - INFO - Distancias a paredes: Left: 146.29, Right: 303.71, Top: 125.48, Bottom: 14.52
2026-06-02 14:44:43.787 - [robot_6_log_20260602_144405.csv] - DEBUG - Posición actualizada por visión: x=146.21, y=14.58, θ=-3.01
2026-06-02 14:44:43.787 - [robot_6_log_20260602_144405.csv] - INFO - Posicion: 146.29, 14.52, -3.013 | Velocidad: 0.1282385436305076, -0.9917433518443803
2026-06-02 14:44:43.787 - [robot_6_log_20260602_144405.csv] - DEBUG - Frecuencia: 13.51 Hz | Latencia Red/Proc: 3.04 ms
2026-06-02 14:44:43.787 - [robot_6_log_20260602_144405.csv] - INFO - ABAJO
2026-06-02 14:44:43.787 - [robot_6_log_20260602_144405.csv] - DEBUG - Incoming data. Topic 6/pos, mensaje {"x": 146.21, "y": 14.58, "yaw": -3.011, "timestamp": 1780404283.7844496}
2026-06-02 14:44:43.787 - [robot_6_log_20260602_144405.csv] - WARNING - Estado FSM: ESPERANDO_GIRO | Target Wall: ABAJO | Target Theta: 172.46° |theta: -172.63218367291702 
2026-06-02 14:44:43.787 - [robot_6_log_20260602_144405.csv] - DEBUG - Posición actualizada por visión: x=146.21, y=14.58, θ=-3.01
2026-06-02 14:44:43.797 - [robot_6_log_20260602_144405.csv] - DEBUG - Frecuencia: 96.20 Hz | Latencia Red/Proc: 13.43 ms
2026-06-02 14:44:43.803 - [robot_6_log_20260602_144405.csv] - DEBUG - Incoming data. Topic 6/pos, mensaje {"x": 146.21, "y": 14.58, "yaw": -3.011, "timestamp": 1780404283.7957735}
2026-06-02 14:44:43.808 - [robot_6_log_20260602_144405.csv] - DEBUG - Posición actualizada por visión: x=146.21, y=14.58, θ=-3.01
2026-06-02 14:44:43.813 - [robot_6_log_20260602_144405.csv] - DEBUG - Frecuencia: 65.17 Hz | Latencia Red/Proc: 17.45 ms
2026-06-02 14:44:43.825 - [robot_6_log_20260602_144405.csv] - DEBUG - Incoming data. Topic agent/6/wheel, mensaje {"Wleft":-4.97379915e-15,"Wright":20}
2026-06-02 14:44:43.837 - [robot_6_log_20260602_144405.csv] - INFO - Usando posición VISION: x=146.21, y=14.58, θ=-3.01
2026-06-02 14:44:43.837 - [robot_6_log_20260602_144405.csv] - DEBUG - Incoming data. Topic 6/pos, mensaje {"x": 146.21, "y": 14.58, "yaw": -3.011, "timestamp": 1780404283.7957735}
2026-06-02 14:44:43.837 - [robot_6_log_20260602_144405.csv] - INFO - Distancias a paredes: Left: 146.21, Right: 303.79, Top: 125.42, Bottom: 14.58
2026-06-02 14:44:43.837 - [robot_6_log_20260602_144405.csv] - DEBUG - Posición actualizada por visión: x=146.21, y=14.58, θ=-3.01
2026-06-02 14:44:43.837 - [robot_6_log_20260602_144405.csv] - INFO - Posicion: 146.21, 14.58, -3.011 | Velocidad: 0.13022177253487016, -0.9914848914420615
2026-06-02 14:44:43.837 - [robot_6_log_20260602_144405.csv] - DEBUG - Frecuencia: 41.39 Hz | Latencia Red/Proc: 41.61 ms
2026-06-02 14:44:43.837 - [robot_6_log_20260602_144405.csv] - INFO - ABAJO
2026-06-02 14:44:43.837 - [robot_6_log_20260602_144405.csv] - WARNING - Estado FSM: ESPERANDO_GIRO | Target Wall: ABAJO | Target Theta: 172.46° |theta: -172.51759211389088 
2026-06-02 14:44:43.887 - [robot_6_log_20260602_144405.csv] - INFO - Usando posición VISION: x=146.21, y=14.58, θ=-3.01
2026-06-02 14:44:43.887 - [robot_6_log_20260602_144405.csv] - INFO - Distancias a paredes: Left: 146.21, Right: 303.79, Top: 125.42, Bottom: 14.58
2026-06-02 14:44:43.887 - [robot_6_log_20260602_144405.csv] - INFO - Posicion: 146.21, 14.58, -3.011 | Velocidad: 0.13022177253487016, -0.9914848914420615
2026-06-02 14:44:43.887 - [robot_6_log_20260602_144405.csv] - INFO - ABAJO
2026-06-02 14:44:43.887 - [robot_6_log_20260602_144405.csv] - WARNING - Estado FSM: ESPERANDO_GIRO | Target Wall: ABAJO | Target Theta: 172.46° |theta: -172.51759211389088 
2026-06-02 14:44:43.898 - [robot_6_log_20260602_144405.csv] - DEBUG - Incoming data. Topic 6/pos, mensaje {"x": 146.22, "y": 14.57, "yaw": -3.01, "timestamp": 1780404283.8890429}
2026-06-02 14:44:43.903 - [robot_6_log_20260602_144405.csv] - DEBUG - Posición actualizada por visión: x=146.22, y=14.57, θ=-3.01
2026-06-02 14:44:43.903 - [robot_6_log_20260602_144405.csv] - DEBUG - Frecuencia: 15.04 Hz | Latencia Red/Proc: 14.82 ms
2026-06-02 14:44:43.903 - [robot_6_log_20260602_144405.csv] - DEBUG - Incoming data. Topic 6/pos, mensaje {"x": 146.22, "y": 14.57, "yaw": -3.01, "timestamp": 1780404283.8890429}
2026-06-02 14:44:43.903 - [robot_6_log_20260602_144405.csv] - DEBUG - Posición actualizada por visión: x=146.22, y=14.57, θ=-3.01
2026-06-02 14:44:43.903 - [robot_6_log_20260602_144405.csv] - DEBUG - Frecuencia: 10230.01 Hz | Latencia Red/Proc: 14.92 ms
2026-06-02 14:44:43.904 - [robot_6_log_20260602_144405.csv] - DEBUG - Incoming data. Topic 6/pos, mensaje {"x": 146.22, "y": 14.57, "yaw": -3.01, "timestamp": 1780404283.8980658}
2026-06-02 14:44:43.904 - [robot_6_log_20260602_144405.csv] - DEBUG - Posición actualizada por visión: x=146.22, y=14.57, θ=-3.01
2026-06-02 14:44:43.904 - [robot_6_log_20260602_144405.csv] - DEBUG - Frecuencia: 10280.16 Hz | Latencia Red/Proc: 5.99 ms
2026-06-02 14:44:43.904 - [robot_6_log_20260602_144405.csv] - DEBUG - Incoming data. Topic 6/pos, mensaje {"x": 146.22, "y": 14.57, "yaw": -3.01, "timestamp": 1780404283.8980658}
2026-06-02 14:44:43.904 - [robot_6_log_20260602_144405.csv] - DEBUG - Posición actualizada por visión: x=146.22, y=14.57, θ=-3.01
2026-06-02 14:44:43.909 - [robot_6_log_20260602_144405.csv] - DEBUG - Frecuencia: 194.36 Hz | Latencia Red/Proc: 11.14 ms
2026-06-02 14:44:43.937 - [robot_6_log_20260602_144405.csv] - INFO - Usando posición VISION: x=146.22, y=14.57, θ=-3.01
2026-06-02 14:44:43.937 - [robot_6_log_20260602_144405.csv] - INFO - Distancias a paredes: Left: 146.22, Right: 303.78, Top: 125.43, Bottom: 14.57
2026-06-02 14:44:43.937 - [robot_6_log_20260602_144405.csv] - INFO - Posicion: 146.22, 14.57, -3.01 | Velocidad: 0.13121319215018423, -0.9913541739488259
2026-06-02 14:44:43.937 - [robot_6_log_20260602_144405.csv] - INFO - ABAJO
2026-06-02 14:44:43.937 - [robot_6_log_20260602_144405.csv] - WARNING - Estado FSM: ESPERANDO_GIRO | Target Wall: ABAJO | Target Theta: 172.46° |theta: -172.46029633437777 
2026-06-02 14:44:43.948 - [robot_6_log_20260602_144405.csv] - DEBUG - Incoming data. Topic agent/6/wheel, mensaje {"Wleft":-4.97379915e-15,"Wright":20}
2026-06-02 14:44:43.987 - [robot_6_log_20260602_144405.csv] - INFO - Usando posición VISION: x=146.22, y=14.57, θ=-3.01
2026-06-02 14:44:43.987 - [robot_6_log_20260602_144405.csv] - INFO - Distancias a paredes: Left: 146.22, Right: 303.78, Top: 125.43, Bottom: 14.57
2026-06-02 14:44:43.987 - [robot_6_log_20260602_144405.csv] - INFO - Posicion: 146.22, 14.57, -3.01 | Velocidad: 0.13121319215018423, -0.9913541739488259
2026-06-02 14:44:43.987 - [robot_6_log_20260602_144405.csv] - INFO - ABAJO
2026-06-02 14:44:43.987 - [robot_6_log_20260602_144405.csv] - WARNING - Estado FSM: ESPERANDO_GIRO | Target Wall: ABAJO | Target Theta: 172.46° |theta: -172.46029633437777 
2026-06-02 14:44:43.997 - [robot_6_log_20260602_144405.csv] - DEBUG - Incoming data. Topic 6/pos, mensaje {"x": 146.31, "y": 14.51, "yaw": -3.012, "timestamp": 1780404283.9868524}
2026-06-02 14:44:43.997 - [robot_6_log_20260602_144405.csv] - DEBUG - Posición actualizada por visión: x=146.31, y=14.51, θ=-3.01
2026-06-02 14:44:44.002 - [robot_6_log_20260602_144405.csv] - DEBUG - Frecuencia: 10.67 Hz | Latencia Red/Proc: 16.06 ms
2026-06-02 14:44:44.014 - [robot_6_log_20260602_144405.csv] - DEBUG - Incoming data. Topic 6/pos, mensaje {"x": 146.31, "y": 14.51, "yaw": -3.012, "timestamp": 1780404283.9868524}
2026-06-02 14:44:44.019 - [robot_6_log_20260602_144405.csv] - DEBUG - Posición actualizada por visión: x=146.31, y=14.51, θ=-3.01
2026-06-02 14:44:44.025 - [robot_6_log_20260602_144405.csv] - DEBUG - Frecuencia: 44.31 Hz | Latencia Red/Proc: 38.62 ms
2026-06-02 14:44:44.037 - [robot_6_log_20260602_144405.csv] - INFO - Usando posición VISION: x=146.31, y=14.51, θ=-3.01
2026-06-02 14:44:44.037 - [robot_6_log_20260602_144405.csv] - INFO - Distancias a paredes: Left: 146.31, Right: 303.69, Top: 125.49, Bottom: 14.51
2026-06-02 14:44:44.037 - [robot_6_log_20260602_144405.csv] - INFO - Posicion: 146.31, 14.51, -3.012 | Velocidad: 0.12923022269779483, -0.9916146174504884
2026-06-02 14:44:44.037 - [robot_6_log_20260602_144405.csv] - INFO - ABAJO
2026-06-02 14:44:44.037 - [robot_6_log_20260602_144405.csv] - WARNING - Estado FSM: ESPERANDO_GIRO | Target Wall: ABAJO | Target Theta: 172.46° |theta: -172.57488789340397 
2026-06-02 14:44:44.042 - [robot_6_log_20260602_144405.csv] - DEBUG - Incoming data. Topic 6/pos, mensaje {"x": 146.31, "y": 14.51, "yaw": -3.012, "timestamp": 1780404283.9960883}
2026-06-02 14:44:44.047 - [robot_6_log_20260602_144405.csv] - DEBUG - Posición actualizada por visión: x=146.31, y=14.51, θ=-3.01
2026-06-02 14:44:44.052 - [robot_6_log_20260602_144405.csv] - DEBUG - Frecuencia: 36.72 Hz | Latencia Red/Proc: 56.62 ms
2026-06-02 14:44:44.069 - [robot_6_log_20260602_144405.csv] - DEBUG - Incoming data. Topic 6/pos, mensaje {"x": 146.31, "y": 14.51, "yaw": -3.012, "timestamp": 1780404283.9960883}
2026-06-02 14:44:44.069 - [robot_6_log_20260602_144405.csv] - DEBUG - Posición actualizada por visión: x=146.31, y=14.51, θ=-3.01
2026-06-02 14:44:44.074 - [robot_6_log_20260602_144405.csv] - DEBUG - Frecuencia: 46.48 Hz | Latencia Red/Proc: 78.14 ms
2026-06-02 14:44:44.079 - [robot_6_log_20260602_144405.csv] - DEBUG - Incoming data. Topic agent/6/wheel, mensaje {"Wleft":-4.97379915e-15,"Wright":20}
2026-06-02 14:44:44.087 - [robot_6_log_20260602_144405.csv] - INFO - Usando posición VISION: x=146.31, y=14.51, θ=-3.01
2026-06-02 14:44:44.087 - [robot_6_log_20260602_144405.csv] - DEBUG - Incoming data. Topic 6/pos, mensaje {"x": 146.41, "y": 14.4, "yaw": -3.011, "timestamp": 1780404284.0821102}
2026-06-02 14:44:44.087 - [robot_6_log_20260602_144405.csv] - INFO - Distancias a paredes: Left: 146.31, Right: 303.69, Top: 125.49, Bottom: 14.51
2026-06-02 14:44:44.087 - [robot_6_log_20260602_144405.csv] - DEBUG - Posición actualizada por visión: x=146.41, y=14.40, θ=-3.01
2026-06-02 14:44:44.087 - [robot_6_log_20260602_144405.csv] - INFO - Posicion: 146.31, 14.51, -3.012 | Velocidad: 0.12923022269779483, -0.9916146174504884
2026-06-02 14:44:44.087 - [robot_6_log_20260602_144405.csv] - DEBUG - Frecuencia: 75.69 Hz | Latencia Red/Proc: 5.32 ms
2026-06-02 14:44:44.087 - [robot_6_log_20260602_144405.csv] - INFO - ABAJO
2026-06-02 14:44:44.087 - [robot_6_log_20260602_144405.csv] - WARNING - Estado FSM: ESPERANDO_GIRO | Target Wall: ABAJO | Target Theta: 172.46° |theta: -172.57488789340397 
2026-06-02 14:44:44.092 - [robot_6_log_20260602_144405.csv] - DEBUG - Incoming data. Topic 6/pos, mensaje {"x": 146.41, "y": 14.4, "yaw": -3.011, "timestamp": 1780404284.0821102}
2026-06-02 14:44:44.097 - [robot_6_log_20260602_144405.csv] - DEBUG - Posición actualizada por visión: x=146.41, y=14.40, θ=-3.01
2026-06-02 14:44:44.103 - [robot_6_log_20260602_144405.csv] - DEBUG - Frecuencia: 60.95 Hz | Latencia Red/Proc: 21.73 ms
2026-06-02 14:44:44.108 - [robot_6_log_20260602_144405.csv] - DEBUG - Incoming data. Topic 6/pos, mensaje {"x": 146.41, "y": 14.4, "yaw": -3.011, "timestamp": 1780404284.0904832}
2026-06-02 14:44:44.108 - [robot_6_log_20260602_144405.csv] - DEBUG - Posición actualizada por visión: x=146.41, y=14.40, θ=-3.01
2026-06-02 14:44:44.108 - [robot_6_log_20260602_144405.csv] - DEBUG - Frecuencia: 195.68 Hz | Latencia Red/Proc: 18.47 ms
2026-06-02 14:44:44.108 - [robot_6_log_20260602_144405.csv] - DEBUG - Incoming data. Topic 6/pos, mensaje {"x": 146.41, "y": 14.4, "yaw": -3.011, "timestamp": 1780404284.0904832}
2026-06-02 14:44:44.108 - [robot_6_log_20260602_144405.csv] - DEBUG - Posición actualizada por visión: x=146.41, y=14.40, θ=-3.01
2026-06-02 14:44:44.108 - [robot_6_log_20260602_144405.csv] - DEBUG - Frecuencia: 27776.85 Hz | Latencia Red/Proc: 18.51 ms
2026-06-02 14:44:44.133 - [robot_6_log_20260602_144405.csv] - DEBUG - Incoming data. Topic agent/6/wheel, mensaje {"Wleft":-4.97379915e-15,"Wright":20}
2026-06-02 14:44:44.137 - [robot_6_log_20260602_144405.csv] - INFO - Usando posición VISION: x=146.41, y=14.40, θ=-3.01
2026-06-02 14:44:44.137 - [robot_6_log_20260602_144405.csv] - INFO - Distancias a paredes: Left: 146.41, Right: 303.59, Top: 125.60, Bottom: 14.40
2026-06-02 14:44:44.137 - [robot_6_log_20260602_144405.csv] - INFO - Posicion: 146.41, 14.4, -3.011 | Velocidad: 0.13022177253487016, -0.9914848914420615
2026-06-02 14:44:44.137 - [robot_6_log_20260602_144405.csv] - INFO - ABAJO
2026-06-02 14:44:44.137 - [robot_6_log_20260602_144405.csv] - WARNING - Estado FSM: ESPERANDO_GIRO | Target Wall: ABAJO | Target Theta: 172.46° |theta: -172.51759211389088 
2026-06-02 14:44:44.187 - [robot_6_log_20260602_144405.csv] - DEBUG - Incoming data. Topic 6/pos, mensaje {"x": 146.49, "y": 14.31, "yaw": -3.003, "timestamp": 1780404284.182336}
2026-06-02 14:44:44.187 - [robot_6_log_20260602_144405.csv] - INFO - Usando posición VISION: x=146.41, y=14.40, θ=-3.01
2026-06-02 14:44:44.187 - [robot_6_log_20260602_144405.csv] - DEBUG - Posición actualizada por visión: x=146.49, y=14.31, θ=-3.00
2026-06-02 14:44:44.187 - [robot_6_log_20260602_144405.csv] - INFO - Distancias a paredes: Left: 146.41, Right: 303.59, Top: 125.60, Bottom: 14.40
2026-06-02 14:44:44.187 - [robot_6_log_20260602_144405.csv] - DEBUG - Frecuencia: 12.77 Hz | Latencia Red/Proc: 4.99 ms
2026-06-02 14:44:44.187 - [robot_6_log_20260602_144405.csv] - INFO - Posicion: 146.41, 14.4, -3.011 | Velocidad: 0.13022177253487016, -0.9914848914420615
2026-06-02 14:44:44.187 - [robot_6_log_20260602_144405.csv] - DEBUG - Incoming data. Topic 6/pos, mensaje {"x": 146.49, "y": 14.31, "yaw": -3.003, "timestamp": 1780404284.182336}
2026-06-02 14:44:44.187 - [robot_6_log_20260602_144405.csv] - INFO - ABAJO
2026-06-02 14:44:44.187 - [robot_6_log_20260602_144405.csv] - DEBUG - Posición actualizada por visión: x=146.49, y=14.31, θ=-3.00
2026-06-02 14:44:44.187 - [robot_6_log_20260602_144405.csv] - DEBUG - Frecuencia: 6502.80 Hz | Latencia Red/Proc: 5.14 ms
2026-06-02 14:44:44.187 - [robot_6_log_20260602_144405.csv] - WARNING - Estado FSM: ESPERANDO_GIRO | Target Wall: ABAJO | Target Theta: 172.46° |theta: -172.51759211389088 
2026-06-02 14:44:44.193 - [robot_6_log_20260602_144405.csv] - DEBUG - Incoming data. Topic 6/pos, mensaje {"x": 146.49, "y": 14.31, "yaw": -3.003, "timestamp": 1780404284.1922278}
2026-06-02 14:44:44.198 - [robot_6_log_20260602_144405.csv] - DEBUG - Posición actualizada por visión: x=146.49, y=14.31, θ=-3.00
2026-06-02 14:44:44.204 - [robot_6_log_20260602_144405.csv] - DEBUG - Frecuencia: 58.02 Hz | Latencia Red/Proc: 12.48 ms
2026-06-02 14:44:44.209 - [robot_6_log_20260602_144405.csv] - DEBUG - Incoming data. Topic 6/pos, mensaje {"x": 146.49, "y": 14.31, "yaw": -3.003, "timestamp": 1780404284.1922278}
2026-06-02 14:44:44.214 - [robot_6_log_20260602_144405.csv] - DEBUG - Posición actualizada por visión: x=146.49, y=14.31, θ=-3.00
2026-06-02 14:44:44.221 - [robot_6_log_20260602_144405.csv] - DEBUG - Frecuencia: 61.18 Hz | Latencia Red/Proc: 28.83 ms
2026-06-02 14:44:44.237 - [robot_6_log_20260602_144405.csv] - INFO - Usando posición VISION: x=146.49, y=14.31, θ=-3.00
2026-06-02 14:44:44.237 - [robot_6_log_20260602_144405.csv] - INFO - Distancias a paredes: Left: 146.49, Right: 303.51, Top: 125.69, Bottom: 14.31
2026-06-02 14:44:44.237 - [robot_6_log_20260602_144405.csv] - INFO - Posicion: 146.49, 14.31, -3.003 | Velocidad: 0.13814939998547002, -0.9904114010266919
2026-06-02 14:44:44.237 - [robot_6_log_20260602_144405.csv] - INFO - ABAJO
2026-06-02 14:44:44.237 - [robot_6_log_20260602_144405.csv] - WARNING - Estado FSM: ESPERANDO_GIRO | Target Wall: ABAJO | Target Theta: 172.46° |theta: -172.05922587778622 
2026-06-02 14:44:44.255 - [robot_6_log_20260602_144405.csv] - DEBUG - Incoming data. Topic agent/6/wheel, mensaje {"Wleft":-4.97379915e-15,"Wright":20}
2026-06-02 14:44:44.287 - [robot_6_log_20260602_144405.csv] - INFO - Usando posición VISION: x=146.49, y=14.31, θ=-3.00
2026-06-02 14:44:44.287 - [robot_6_log_20260602_144405.csv] - INFO - Distancias a paredes: Left: 146.49, Right: 303.51, Top: 125.69, Bottom: 14.31
2026-06-02 14:44:44.287 - [robot_6_log_20260602_144405.csv] - INFO - Posicion: 146.49, 14.31, -3.003 | Velocidad: 0.13814939998547002, -0.9904114010266919
2026-06-02 14:44:44.287 - [robot_6_log_20260602_144405.csv] - INFO - ABAJO
2026-06-02 14:44:44.287 - [robot_6_log_20260602_144405.csv] - WARNING - Estado FSM: ESPERANDO_GIRO | Target Wall: ABAJO | Target Theta: 172.46° |theta: -172.05922587778622 
2026-06-02 14:44:44.292 - [robot_6_log_20260602_144405.csv] - DEBUG - Incoming data. Topic 6/pos, mensaje {"x": 146.52, "y": 14.29, "yaw": -3.003, "timestamp": 1780404284.2897706}
2026-06-02 14:44:44.297 - [robot_6_log_20260602_144405.csv] - DEBUG - Posición actualizada por visión: x=146.52, y=14.29, θ=-3.00
2026-06-02 14:44:44.303 - [robot_6_log_20260602_144405.csv] - DEBUG - Frecuencia: 12.19 Hz | Latencia Red/Proc: 13.29 ms
2026-06-02 14:44:44.314 - [robot_6_log_20260602_144405.csv] - DEBUG - Incoming data. Topic 6/pos, mensaje {"x": 146.52, "y": 14.29, "yaw": -3.003, "timestamp": 1780404284.2897706}
2026-06-02 14:44:44.319 - [robot_6_log_20260602_144405.csv] - DEBUG - Posición actualizada por visión: x=146.52, y=14.29, θ=-3.00
2026-06-02 14:44:44.319 - [robot_6_log_20260602_144405.csv] - DEBUG - Frecuencia: 61.13 Hz | Latencia Red/Proc: 29.65 ms
2026-06-02 14:44:44.319 - [robot_6_log_20260602_144405.csv] - DEBUG - Incoming data. Topic 6/pos, mensaje {"x": 146.52, "y": 14.29, "yaw": -3.003, "timestamp": 1780404284.301967}
2026-06-02 14:44:44.319 - [robot_6_log_20260602_144405.csv] - DEBUG - Posición actualizada por visión: x=146.52, y=14.29, θ=-3.00
2026-06-02 14:44:44.319 - [robot_6_log_20260602_144405.csv] - DEBUG - Frecuencia: 21399.51 Hz | Latencia Red/Proc: 17.50 ms
2026-06-02 14:44:44.319 - [robot_6_log_20260602_144405.csv] - DEBUG - Incoming data. Topic 6/pos, mensaje {"x": 146.52, "y": 14.29, "yaw": -3.003, "timestamp": 1780404284.301967}
2026-06-02 14:44:44.319 - [robot_6_log_20260602_144405.csv] - DEBUG - Posición actualizada por visión: x=146.52, y=14.29, θ=-3.00
2026-06-02 14:44:44.319 - [robot_6_log_20260602_144405.csv] - DEBUG - Frecuencia: 29127.11 Hz | Latencia Red/Proc: 17.54 ms
2026-06-02 14:44:44.337 - [robot_6_log_20260602_144405.csv] - INFO - Usando posición VISION: x=146.52, y=14.29, θ=-3.00
2026-06-02 14:44:44.337 - [robot_6_log_20260602_144405.csv] - INFO - Distancias a paredes: Left: 146.52, Right: 303.48, Top: 125.71, Bottom: 14.29
2026-06-02 14:44:44.337 - [robot_6_log_20260602_144405.csv] - INFO - Posicion: 146.52, 14.29, -3.003 | Velocidad: 0.13814939998547002, -0.9904114010266919
2026-06-02 14:44:44.337 - [robot_6_log_20260602_144405.csv] - INFO - ABAJO
2026-06-02 14:44:44.337 - [robot_6_log_20260602_144405.csv] - WARNING - Estado FSM: ESPERANDO_GIRO | Target Wall: ABAJO | Target Theta: 172.46° |theta: -172.05922587778622 
2026-06-02 14:44:44.343 - [robot_6_log_20260602_144405.csv] - DEBUG - Incoming data. Topic agent/6/wheel, mensaje {"Wleft":-4.97379915e-15,"Wright":20}
2026-06-02 14:44:44.387 - [robot_6_log_20260602_144405.csv] - INFO - Usando posición VISION: x=146.52, y=14.29, θ=-3.00
2026-06-02 14:44:44.387 - [robot_6_log_20260602_144405.csv] - INFO - Distancias a paredes: Left: 146.52, Right: 303.48, Top: 125.71, Bottom: 14.29
2026-06-02 14:44:44.387 - [robot_6_log_20260602_144405.csv] - INFO - Posicion: 146.52, 14.29, -3.003 | Velocidad: 0.13814939998547002, -0.9904114010266919
2026-06-02 14:44:44.387 - [robot_6_log_20260602_144405.csv] - INFO - ABAJO
2026-06-02 14:44:44.387 - [robot_6_log_20260602_144405.csv] - WARNING - Estado FSM: ESPERANDO_GIRO | Target Wall: ABAJO | Target Theta: 172.46° |theta: -172.05922587778622 
2026-06-02 14:44:44.398 - [robot_6_log_20260602_144405.csv] - DEBUG - Incoming data. Topic 6/pos, mensaje {"x": 146.47, "y": 14.34, "yaw": -3.008, "timestamp": 1780404284.388732}
2026-06-02 14:44:44.403 - [robot_6_log_20260602_144405.csv] - DEBUG - Posición actualizada por visión: x=146.47, y=14.34, θ=-3.01
2026-06-02 14:44:44.403 - [robot_6_log_20260602_144405.csv] - DEBUG - Frecuencia: 11.87 Hz | Latencia Red/Proc: 14.98 ms
2026-06-02 14:44:44.410 - [robot_6_log_20260602_144405.csv] - DEBUG - Incoming data. Topic 6/pos, mensaje {"x": 146.47, "y": 14.34, "yaw": -3.008, "timestamp": 1780404284.388732}
2026-06-02 14:44:44.415 - [robot_6_log_20260602_144405.csv] - DEBUG - Posición actualizada por visión: x=146.47, y=14.34, θ=-3.01
2026-06-02 14:44:44.420 - [robot_6_log_20260602_144405.csv] - DEBUG - Frecuencia: 60.41 Hz | Latencia Red/Proc: 31.54 ms
2026-06-02 14:44:44.420 - [robot_6_log_20260602_144405.csv] - DEBUG - Incoming data. Topic 6/pos, mensaje {"x": 146.47, "y": 14.34, "yaw": -3.008, "timestamp": 1780404284.3999124}
2026-06-02 14:44:44.420 - [robot_6_log_20260602_144405.csv] - DEBUG - Posición actualizada por visión: x=146.47, y=14.34, θ=-3.01
2026-06-02 14:44:44.420 - [robot_6_log_20260602_144405.csv] - DEBUG - Frecuencia: 7371.36 Hz | Latencia Red/Proc: 20.49 ms
2026-06-02 14:44:44.420 - [robot_6_log_20260602_144405.csv] - DEBUG - Incoming data. Topic 6/pos, mensaje {"x": 146.47, "y": 14.34, "yaw": -3.008, "timestamp": 1780404284.3999124}
2026-06-02 14:44:44.420 - [robot_6_log_20260602_144405.csv] - DEBUG - Posición actualizada por visión: x=146.47, y=14.34, θ=-3.01
2026-06-02 14:44:44.420 - [robot_6_log_20260602_144405.csv] - DEBUG - Frecuencia: 26214.40 Hz | Latencia Red/Proc: 20.53 ms
2026-06-02 14:44:44.437 - [robot_6_log_20260602_144405.csv] - INFO - Usando posición VISION: x=146.47, y=14.34, θ=-3.01
2026-06-02 14:44:44.437 - [robot_6_log_20260602_144405.csv] - INFO - Distancias a paredes: Left: 146.47, Right: 303.53, Top: 125.66, Bottom: 14.34
2026-06-02 14:44:44.437 - [robot_6_log_20260602_144405.csv] - INFO - Posicion: 146.47, 14.34, -3.008 | Velocidad: 0.13319563674997953, -0.9910897650317894
2026-06-02 14:44:44.437 - [robot_6_log_20260602_144405.csv] - INFO - ABAJO
2026-06-02 14:44:44.437 - [robot_6_log_20260602_144405.csv] - WARNING - Estado FSM: ESPERANDO_GIRO | Target Wall: ABAJO | Target Theta: 172.46° |theta: -172.34570477535163 
2026-06-02 14:44:44.442 - [robot_6_log_20260602_144405.csv] - DEBUG - Incoming data. Topic agent/6/wheel, mensaje {"Wleft":-4.97379915e-15,"Wright":20}
2026-06-02 14:44:44.484 - [robot_6_log_20260602_144405.csv] - DEBUG - Incoming data. Topic 6/pos, mensaje {"x": 146.37, "y": 14.45, "yaw": -3.009, "timestamp": 1780404284.48178}
2026-06-02 14:44:44.487 - [robot_6_log_20260602_144405.csv] - INFO - Usando posición VISION: x=146.47, y=14.34, θ=-3.01
2026-06-02 14:44:44.487 - [robot_6_log_20260602_144405.csv] - DEBUG - Posición actualizada por visión: x=146.37, y=14.45, θ=-3.01
2026-06-02 14:44:44.487 - [robot_6_log_20260602_144405.csv] - INFO - Distancias a paredes: Left: 146.47, Right: 303.53, Top: 125.66, Bottom: 14.34
2026-06-02 14:44:44.487 - [robot_6_log_20260602_144405.csv] - DEBUG - Frecuencia: 14.95 Hz | Latencia Red/Proc: 5.55 ms
2026-06-02 14:44:44.487 - [robot_6_log_20260602_144405.csv] - INFO - Posicion: 146.47, 14.34, -3.008 | Velocidad: 0.13319563674997953, -0.9910897650317894
2026-06-02 14:44:44.487 - [robot_6_log_20260602_144405.csv] - DEBUG - Incoming data. Topic 6/pos, mensaje {"x": 146.37, "y": 14.45, "yaw": -3.009, "timestamp": 1780404284.48178}
2026-06-02 14:44:44.487 - [robot_6_log_20260602_144405.csv] - INFO - ABAJO
2026-06-02 14:44:44.487 - [robot_6_log_20260602_144405.csv] - DEBUG - Posición actualizada por visión: x=146.37, y=14.45, θ=-3.01
2026-06-02 14:44:44.487 - [robot_6_log_20260602_144405.csv] - DEBUG - Frecuencia: 6853.44 Hz | Latencia Red/Proc: 5.70 ms
2026-06-02 14:44:44.487 - [robot_6_log_20260602_144405.csv] - WARNING - Estado FSM: ESPERANDO_GIRO | Target Wall: ABAJO | Target Theta: 172.46° |theta: -172.34570477535163 
2026-06-02 14:44:44.499 - [robot_6_log_20260602_144405.csv] - DEBUG - Incoming data. Topic 6/pos, mensaje {"x": 146.37, "y": 14.45, "yaw": -3.009, "timestamp": 1780404284.4941206}
2026-06-02 14:44:44.505 - [robot_6_log_20260602_144405.csv] - DEBUG - Posición actualizada por visión: x=146.37, y=14.45, θ=-3.01
2026-06-02 14:44:44.510 - [robot_6_log_20260602_144405.csv] - DEBUG - Frecuencia: 42.89 Hz | Latencia Red/Proc: 16.67 ms
2026-06-02 14:44:44.510 - [robot_6_log_20260602_144405.csv] - DEBUG - Incoming data. Topic 6/pos, mensaje {"x": 146.37, "y": 14.45, "yaw": -3.009, "timestamp": 1780404284.4941206}
2026-06-02 14:44:44.510 - [robot_6_log_20260602_144405.csv] - DEBUG - Posición actualizada por visión: x=146.37, y=14.45, θ=-3.01
2026-06-02 14:44:44.510 - [robot_6_log_20260602_144405.csv] - DEBUG - Frecuencia: 19508.39 Hz | Latencia Red/Proc: 16.73 ms
2026-06-02 14:44:44.537 - [robot_6_log_20260602_144405.csv] - INFO - Usando posición VISION: x=146.37, y=14.45, θ=-3.01
2026-06-02 14:44:44.537 - [robot_6_log_20260602_144405.csv] - INFO - Distancias a paredes: Left: 146.37, Right: 303.63, Top: 125.55, Bottom: 14.45
2026-06-02 14:44:44.537 - [robot_6_log_20260602_144405.csv] - INFO - Posicion: 146.37, 14.45, -3.009 | Velocidad: 0.13220448055231665, -0.9912224651014988
2026-06-02 14:44:44.537 - [robot_6_log_20260602_144405.csv] - INFO - ABAJO
2026-06-02 14:44:44.537 - [robot_6_log_20260602_144405.csv] - WARNING - Estado FSM: ESPERANDO_GIRO | Target Wall: ABAJO | Target Theta: 172.46° |theta: -172.4030005548647 
2026-06-02 14:44:44.568 - [robot_6_log_20260602_144405.csv] - DEBUG - Incoming data. Topic agent/6/wheel, mensaje {"Wleft":-4.97379915e-15,"Wright":20}
2026-06-02 14:44:44.587 - [robot_6_log_20260602_144405.csv] - INFO - Usando posición VISION: x=146.37, y=14.45, θ=-3.01
2026-06-02 14:44:44.587 - [robot_6_log_20260602_144405.csv] - DEBUG - Incoming data. Topic 6/pos, mensaje {"x": 146.26, "y": 14.54, "yaw": -3.01, "timestamp": 1780404284.585426}
2026-06-02 14:44:44.587 - [robot_6_log_20260602_144405.csv] - INFO - Distancias a paredes: Left: 146.37, Right: 303.63, Top: 125.55, Bottom: 14.45
2026-06-02 14:44:44.587 - [robot_6_log_20260602_144405.csv] - DEBUG - Posición actualizada por visión: x=146.26, y=14.54, θ=-3.01
2026-06-02 14:44:44.587 - [robot_6_log_20260602_144405.csv] - INFO - Posicion: 146.37, 14.45, -3.009 | Velocidad: 0.13220448055231665, -0.9912224651014988
2026-06-02 14:44:44.587 - [robot_6_log_20260602_144405.csv] - DEBUG - Frecuencia: 13.06 Hz | Latencia Red/Proc: 1.97 ms
2026-06-02 14:44:44.587 - [robot_6_log_20260602_144405.csv] - INFO - ABAJO
2026-06-02 14:44:44.587 - [robot_6_log_20260602_144405.csv] - DEBUG - Incoming data. Topic 6/pos, mensaje {"x": 146.26, "y": 14.54, "yaw": -3.01, "timestamp": 1780404284.585426}
2026-06-02 14:44:44.587 - [robot_6_log_20260602_144405.csv] - DEBUG - Posición actualizada por visión: x=146.26, y=14.54, θ=-3.01
2026-06-02 14:44:44.587 - [robot_6_log_20260602_144405.csv] - DEBUG - Frecuencia: 8097.11 Hz | Latencia Red/Proc: 2.10 ms
2026-06-02 14:44:44.587 - [robot_6_log_20260602_144405.csv] - WARNING - Estado FSM: ESPERANDO_GIRO | Target Wall: ABAJO | Target Theta: 172.46° |theta: -172.4030005548647 
2026-06-02 14:44:44.604 - [robot_6_log_20260602_144405.csv] - DEBUG - Incoming data. Topic 6/pos, mensaje {"x": 146.26, "y": 14.54, "yaw": -3.01, "timestamp": 1780404284.5970447}
2026-06-02 14:44:44.610 - [robot_6_log_20260602_144405.csv] - DEBUG - Posición actualizada por visión: x=146.26, y=14.54, θ=-3.01
2026-06-02 14:44:44.615 - [robot_6_log_20260602_144405.csv] - DEBUG - Frecuencia: 35.79 Hz | Latencia Red/Proc: 18.42 ms
2026-06-02 14:44:44.620 - [robot_6_log_20260602_144405.csv] - DEBUG - Incoming data. Topic 6/pos, mensaje {"x": 146.26, "y": 14.54, "yaw": -3.01, "timestamp": 1780404284.5970447}
2026-06-02 14:44:44.625 - [robot_6_log_20260602_144405.csv] - DEBUG - Posición actualizada por visión: x=146.26, y=14.54, θ=-3.01
2026-06-02 14:44:44.631 - [robot_6_log_20260602_144405.csv] - DEBUG - Frecuencia: 63.56 Hz | Latencia Red/Proc: 34.15 ms
2026-06-02 14:44:44.637 - [robot_6_log_20260602_144405.csv] - INFO - Usando posición VISION: x=146.26, y=14.54, θ=-3.01
2026-06-02 14:44:44.637 - [robot_6_log_20260602_144405.csv] - INFO - Distancias a paredes: Left: 146.26, Right: 303.74, Top: 125.46, Bottom: 14.54
2026-06-02 14:44:44.637 - [robot_6_log_20260602_144405.csv] - INFO - Posicion: 146.26, 14.54, -3.01 | Velocidad: 0.13121319215018423, -0.9913541739488259
2026-06-02 14:44:44.637 - [robot_6_log_20260602_144405.csv] - INFO - ABAJO
2026-06-02 14:44:44.637 - [robot_6_log_20260602_144405.csv] - WARNING - Estado FSM: ESPERANDO_GIRO | Target Wall: ABAJO | Target Theta: 172.46° |theta: -172.46029633437777 
2026-06-02 14:44:44.653 - [robot_6_log_20260602_144405.csv] - DEBUG - Incoming data. Topic agent/6/wheel, mensaje {"Wleft":-4.97379915e-15,"Wright":20}
2026-06-02 14:44:44.687 - [robot_6_log_20260602_144405.csv] - INFO - Usando posición VISION: x=146.26, y=14.54, θ=-3.01
2026-06-02 14:44:44.687 - [robot_6_log_20260602_144405.csv] - INFO - Distancias a paredes: Left: 146.26, Right: 303.74, Top: 125.46, Bottom: 14.54
2026-06-02 14:44:44.687 - [robot_6_log_20260602_144405.csv] - INFO - Posicion: 146.26, 14.54, -3.01 | Velocidad: 0.13121319215018423, -0.9913541739488259
2026-06-02 14:44:44.687 - [robot_6_log_20260602_144405.csv] - INFO - ABAJO
2026-06-02 14:44:44.687 - [robot_6_log_20260602_144405.csv] - DEBUG - Incoming data. Topic 6/pos, mensaje {"x": 146.21, "y": 14.59, "yaw": -3.011, "timestamp": 1780404284.6855984}
2026-06-02 14:44:44.687 - [robot_6_log_20260602_144405.csv] - WARNING - Estado FSM: ESPERANDO_GIRO | Target Wall: ABAJO | Target Theta: 172.46° |theta: -172.46029633437777 
2026-06-02 14:44:44.687 - [robot_6_log_20260602_144405.csv] - DEBUG - Posición actualizada por visión: x=146.21, y=14.59, θ=-3.01
2026-06-02 14:44:44.697 - [robot_6_log_20260602_144405.csv] - DEBUG - Frecuencia: 15.03 Hz | Latencia Red/Proc: 12.14 ms
2026-06-02 14:44:44.714 - [robot_6_log_20260602_144405.csv] - DEBUG - Incoming data. Topic 6/pos, mensaje {"x": 146.21, "y": 14.59, "yaw": -3.011, "timestamp": 1780404284.6855984}
2026-06-02 14:44:44.719 - [robot_6_log_20260602_144405.csv] - DEBUG - Posición actualizada por visión: x=146.21, y=14.59, θ=-3.01
2026-06-02 14:44:44.719 - [robot_6_log_20260602_144405.csv] - DEBUG - Frecuencia: 46.34 Hz | Latencia Red/Proc: 33.72 ms
2026-06-02 14:44:44.736 - [robot_6_log_20260602_144405.csv] - DEBUG - Incoming data. Topic 6/pos, mensaje {"x": 146.21, "y": 14.59, "yaw": -3.011, "timestamp": 1780404284.694919}
2026-06-02 14:44:44.737 - [robot_6_log_20260602_144405.csv] - INFO - Usando posición VISION: x=146.21, y=14.59, θ=-3.01
2026-06-02 14:44:44.737 - [robot_6_log_20260602_144405.csv] - INFO - Distancias a paredes: Left: 146.21, Right: 303.79, Top: 125.41, Bottom: 14.59
2026-06-02 14:44:44.737 - [robot_6_log_20260602_144405.csv] - INFO - Posicion: 146.21, 14.59, -3.011 | Velocidad: 0.13022177253487016, -0.9914848914420615
2026-06-02 14:44:44.737 - [robot_6_log_20260602_144405.csv] - INFO - ABAJO
2026-06-02 14:44:44.737 - [robot_6_log_20260602_144405.csv] - WARNING - Estado FSM: ESPERANDO_GIRO | Target Wall: ABAJO | Target Theta: 172.46° |theta: -172.51759211389088 
2026-06-02 14:44:44.737 - [robot_6_log_20260602_144405.csv] - DEBUG - Posición actualizada por visión: x=146.21, y=14.59, θ=-3.01
2026-06-02 14:44:44.764 - [robot_6_log_20260602_144405.csv] - DEBUG - Frecuencia: 22.07 Hz | Latencia Red/Proc: 69.71 ms
2026-06-02 14:44:44.774 - [robot_6_log_20260602_144405.csv] - DEBUG - Incoming data. Topic agent/6/feedback, mensaje {"status": "done", "op": "turn"}
2026-06-02 14:44:44.780 - [robot_6_log_20260602_144405.csv] - INFO - ¡Confirmación recibida desde Arduino! Giro terminado exitosamente.
2026-06-02 14:44:44.787 - [robot_6_log_20260602_144405.csv] - INFO - Usando posición VISION: x=146.21, y=14.59, θ=-3.01
2026-06-02 14:44:44.787 - [robot_6_log_20260602_144405.csv] - DEBUG - Incoming data. Topic 6/pos, mensaje {"x": 146.21, "y": 14.59, "yaw": -3.011, "timestamp": 1780404284.694919}
2026-06-02 14:44:44.787 - [robot_6_log_20260602_144405.csv] - INFO - Distancias a paredes: Left: 146.21, Right: 303.79, Top: 125.41, Bottom: 14.59
2026-06-02 14:44:44.787 - [robot_6_log_20260602_144405.csv] - DEBUG - Posición actualizada por visión: x=146.21, y=14.59, θ=-3.01
2026-06-02 14:44:44.787 - [robot_6_log_20260602_144405.csv] - INFO - Posicion: 146.21, 14.59, -3.011 | Velocidad: 0.13022177253487016, -0.9914848914420615
2026-06-02 14:44:44.787 - [robot_6_log_20260602_144405.csv] - DEBUG - Frecuencia: 43.81 Hz | Latencia Red/Proc: 92.54 ms
2026-06-02 14:44:44.787 - [robot_6_log_20260602_144405.csv] - INFO - ABAJO
2026-06-02 14:44:44.787 - [robot_6_log_20260602_144405.csv] - DEBUG - Incoming data. Topic agent/6/wheel, mensaje {"Wleft":-4.97379915e-15,"Wright":20}
2026-06-02 14:44:44.787 - [robot_6_log_20260602_144405.csv] - WARNING - Estado FSM: AVANZA | Target Wall: ABAJO | Target Theta: 172.46° |theta: -172.51759211389088 
2026-06-02 14:44:44.787 - [robot_6_log_20260602_144405.csv] - DEBUG - Incoming data. Topic 6/pos, mensaje {"x": 146.23, "y": 14.56, "yaw": -3.012, "timestamp": 1780404284.7817068}
2026-06-02 14:44:44.797 - [robot_6_log_20260602_144405.csv] - DEBUG - Posición actualizada por visión: x=146.23, y=14.56, θ=-3.01
2026-06-02 14:44:44.803 - [robot_6_log_20260602_144405.csv] - DEBUG - Frecuencia: 64.02 Hz | Latencia Red/Proc: 21.37 ms
2026-06-02 14:44:44.808 - [robot_6_log_20260602_144405.csv] - DEBUG - Incoming data. Topic 6/pos, mensaje {"x": 146.23, "y": 14.56, "yaw": -3.012, "timestamp": 1780404284.7817068}
2026-06-02 14:44:44.808 - [robot_6_log_20260602_144405.csv] - DEBUG - Despachado a ZMQ -> agent/6/move: {'v': 20.0, 'w': 0.0}
2026-06-02 14:44:44.818 - [robot_6_log_20260602_144405.csv] - DEBUG - Posición actualizada por visión: x=146.23, y=14.56, θ=-3.01
2026-06-02 14:44:44.837 - [robot_6_log_20260602_144405.csv] - INFO - Usando posición VISION: x=146.23, y=14.56, θ=-3.01
2026-06-02 14:44:44.837 - [robot_6_log_20260602_144405.csv] - INFO - Distancias a paredes: Left: 146.23, Right: 303.77, Top: 125.44, Bottom: 14.56
2026-06-02 14:44:44.837 - [robot_6_log_20260602_144405.csv] - INFO - Posicion: 146.23, 14.56, -3.012 | Velocidad: 0.12923022269779483, -0.9916146174504884
2026-06-02 14:44:44.837 - [robot_6_log_20260602_144405.csv] - INFO - ABAJO
2026-06-02 14:44:44.837 - [robot_6_log_20260602_144405.csv] - DEBUG - Frecuencia: 29.13 Hz | Latencia Red/Proc: 55.70 ms
2026-06-02 14:44:44.837 - [robot_6_log_20260602_144405.csv] - DEBUG - Incoming data. Topic 6/pos, mensaje {"x": 146.23, "y": 14.56, "yaw": -3.012, "timestamp": 1780404284.7903323}
2026-06-02 14:44:44.837 - [robot_6_log_20260602_144405.csv] - WARNING - Estado FSM: PARANDO_PARA_RETROCEDER | Target Wall: ABAJO | Target Theta: 172.46° |theta: -172.57488789340397 
2026-06-02 14:44:44.838 - [robot_6_log_20260602_144405.csv] - DEBUG - Posición actualizada por visión: x=146.23, y=14.56, θ=-3.01
2026-06-02 14:44:44.837 - [robot_6_log_20260602_144405.csv] - DEBUG - Despachado a ZMQ -> agent/6/move: {'v': 0.0, 'w': 0.0}
2026-06-02 14:44:44.848 - [robot_6_log_20260602_144405.csv] - DEBUG - Frecuencia: 90.37 Hz | Latencia Red/Proc: 58.14 ms
2026-06-02 14:44:44.875 - [robot_6_log_20260602_144405.csv] - DEBUG - Incoming data. Topic 6/pos, mensaje {"x": 146.23, "y": 14.56, "yaw": -3.012, "timestamp": 1780404284.7903323}
2026-06-02 14:44:44.880 - [robot_6_log_20260602_144405.csv] - DEBUG - Posición actualizada por visión: x=146.23, y=14.56, θ=-3.01
2026-06-02 14:44:44.880 - [robot_6_log_20260602_144405.csv] - DEBUG - Frecuencia: 31.20 Hz | Latencia Red/Proc: 90.19 ms
2026-06-02 14:44:44.887 - [robot_6_log_20260602_144405.csv] - INFO - Usando posición VISION: x=146.23, y=14.56, θ=-3.01
2026-06-02 14:44:44.887 - [robot_6_log_20260602_144405.csv] - DEBUG - Incoming data. Topic agent/6/wheel, mensaje {"Wleft":-4.97379915e-15,"Wright":6.155598556}
2026-06-02 14:44:44.887 - [robot_6_log_20260602_144405.csv] - INFO - Distancias a paredes: Left: 146.23, Right: 303.77, Top: 125.44, Bottom: 14.56
2026-06-02 14:44:44.887 - [robot_6_log_20260602_144405.csv] - INFO - Posicion: 146.23, 14.56, -3.012 | Velocidad: 0.12923022269779483, -0.9916146174504884
2026-06-02 14:44:44.887 - [robot_6_log_20260602_144405.csv] - INFO - ABAJO
2026-06-02 14:44:44.887 - [robot_6_log_20260602_144405.csv] - DEBUG - Incoming data. Topic 6/pos, mensaje {"x": 146.31, "y": 14.47, "yaw": -3.005, "timestamp": 1780404284.8863523}
2026-06-02 14:44:44.887 - [robot_6_log_20260602_144405.csv] - WARNING - Timer: 0.049802541732788086
2026-06-02 14:44:44.887 - [robot_6_log_20260602_144405.csv] - DEBUG - Posición actualizada por visión: x=146.31, y=14.47, θ=-3.00
2026-06-02 14:44:44.887 - [robot_6_log_20260602_144405.csv] - WARNING - Estado FSM: PARANDO_PARA_RETROCEDER | Target Wall: ABAJO | Target Theta: 172.46° |theta: -172.57488789340397 
2026-06-02 14:44:44.887 - [robot_6_log_20260602_144405.csv] - DEBUG - Frecuencia: 141.36 Hz | Latencia Red/Proc: 1.24 ms
2026-06-02 14:44:44.908 - [robot_6_log_20260602_144405.csv] - DEBUG - Incoming data. Topic 6/pos, mensaje {"x": 146.31, "y": 14.47, "yaw": -3.005, "timestamp": 1780404284.8863523}
2026-06-02 14:44:44.913 - [robot_6_log_20260602_144405.csv] - DEBUG - Posición actualizada por visión: x=146.31, y=14.47, θ=-3.00
2026-06-02 14:44:44.913 - [robot_6_log_20260602_144405.csv] - DEBUG - Frecuencia: 39.05 Hz | Latencia Red/Proc: 26.85 ms
2026-06-02 14:44:44.918 - [robot_6_log_20260602_144405.csv] - DEBUG - Incoming data. Topic 6/pos, mensaje {"x": 146.31, "y": 14.47, "yaw": -3.005, "timestamp": 1780404284.8947573}
2026-06-02 14:44:44.923 - [robot_6_log_20260602_144405.csv] - DEBUG - Posición actualizada por visión: x=146.31, y=14.47, θ=-3.00
2026-06-02 14:44:44.929 - [robot_6_log_20260602_144405.csv] - DEBUG - Frecuencia: 60.99 Hz | Latencia Red/Proc: 34.84 ms
2026-06-02 14:44:44.937 - [robot_6_log_20260602_144405.csv] - INFO - Usando posición VISION: x=146.31, y=14.47, θ=-3.00
2026-06-02 14:44:44.937 - [robot_6_log_20260602_144405.csv] - DEBUG - Incoming data. Topic 6/pos, mensaje {"x": 146.31, "y": 14.47, "yaw": -3.005, "timestamp": 1780404284.8947573}
2026-06-02 14:44:44.937 - [robot_6_log_20260602_144405.csv] - INFO - Distancias a paredes: Left: 146.31, Right: 303.69, Top: 125.53, Bottom: 14.47
2026-06-02 14:44:44.937 - [robot_6_log_20260602_144405.csv] - DEBUG - Posición actualizada por visión: x=146.31, y=14.47, θ=-3.00
2026-06-02 14:44:44.937 - [robot_6_log_20260602_144405.csv] - INFO - Posicion: 146.31, 14.47, -3.005 | Velocidad: 0.13616830220525725, -0.9906857188203219
2026-06-02 14:44:44.937 - [robot_6_log_20260602_144405.csv] - DEBUG - Frecuencia: 128.86 Hz | Latencia Red/Proc: 42.60 ms
2026-06-02 14:44:44.937 - [robot_6_log_20260602_144405.csv] - INFO - ABAJO
2026-06-02 14:44:44.937 - [robot_6_log_20260602_144405.csv] - WARNING - Timer: 0.09979796409606934
2026-06-02 14:44:44.937 - [robot_6_log_20260602_144405.csv] - WARNING - Estado FSM: PARANDO_PARA_RETROCEDER | Target Wall: ABAJO | Target Theta: 172.46° |theta: -172.17381743681239 
2026-06-02 14:44:44.967 - [robot_6_log_20260602_144405.csv] - DEBUG - Incoming data. Topic agent/6/wheel, mensaje {"Wleft":4.044502121,"Wright":2.089566956}
2026-06-02 14:44:44.987 - [robot_6_log_20260602_144405.csv] - INFO - Usando posición VISION: x=146.31, y=14.47, θ=-3.00
2026-06-02 14:44:44.987 - [robot_6_log_20260602_144405.csv] - DEBUG - Incoming data. Topic 6/pos, mensaje {"x": 146.32, "y": 14.48, "yaw": -3.011, "timestamp": 1780404284.9862623}
2026-06-02 14:44:44.987 - [robot_6_log_20260602_144405.csv] - INFO - Distancias a paredes: Left: 146.31, Right: 303.69, Top: 125.53, Bottom: 14.47
2026-06-02 14:44:44.987 - [robot_6_log_20260602_144405.csv] - DEBUG - Posición actualizada por visión: x=146.32, y=14.48, θ=-3.01
2026-06-02 14:44:44.987 - [robot_6_log_20260602_144405.csv] - INFO - Posicion: 146.31, 14.47, -3.005 | Velocidad: 0.13616830220525725, -0.9906857188203219
2026-06-02 14:44:44.987 - [robot_6_log_20260602_144405.csv] - DEBUG - Frecuencia: 19.95 Hz | Latencia Red/Proc: 1.24 ms
2026-06-02 14:44:44.987 - [robot_6_log_20260602_144405.csv] - INFO - ABAJO
2026-06-02 14:44:44.987 - [robot_6_log_20260602_144405.csv] - DEBUG - Incoming data. Topic 6/pos, mensaje {"x": 146.32, "y": 14.48, "yaw": -3.011, "timestamp": 1780404284.9862623}
2026-06-02 14:44:44.987 - [robot_6_log_20260602_144405.csv] - WARNING - Timer: 0.14995908737182617
2026-06-02 14:44:44.987 - [robot_6_log_20260602_144405.csv] - DEBUG - Posición actualizada por visión: x=146.32, y=14.48, θ=-3.01
2026-06-02 14:44:44.987 - [robot_6_log_20260602_144405.csv] - WARNING - Estado FSM: PARANDO_PARA_RETROCEDER | Target Wall: ABAJO | Target Theta: 172.46° |theta: -172.17381743681239 
2026-06-02 14:44:44.987 - [robot_6_log_20260602_144405.csv] - DEBUG - Frecuencia: 3813.00 Hz | Latencia Red/Proc: 1.50 ms
2026-06-02 14:44:45.003 - [robot_6_log_20260602_144405.csv] - DEBUG - Incoming data. Topic 6/pos, mensaje {"x": 146.32, "y": 14.48, "yaw": -3.011, "timestamp": 1780404284.995346}
2026-06-02 14:44:45.008 - [robot_6_log_20260602_144405.csv] - DEBUG - Posición actualizada por visión: x=146.32, y=14.48, θ=-3.01
2026-06-02 14:44:45.014 - [robot_6_log_20260602_144405.csv] - DEBUG - Frecuencia: 37.57 Hz | Latencia Red/Proc: 19.03 ms
2026-06-02 14:44:45.019 - [robot_6_log_20260602_144405.csv] - DEBUG - Incoming data. Topic 6/pos, mensaje {"x": 146.32, "y": 14.48, "yaw": -3.011, "timestamp": 1780404284.995346}
2026-06-02 14:44:45.019 - [robot_6_log_20260602_144405.csv] - DEBUG - Posición actualizada por visión: x=146.32, y=14.48, θ=-3.01
2026-06-02 14:44:45.024 - [robot_6_log_20260602_144405.csv] - DEBUG - Frecuencia: 97.48 Hz | Latencia Red/Proc: 29.29 ms
2026-06-02 14:44:45.037 - [robot_6_log_20260602_144405.csv] - INFO - Usando posición VISION: x=146.32, y=14.48, θ=-3.01
2026-06-02 14:44:45.037 - [robot_6_log_20260602_144405.csv] - DEBUG - Incoming data. Topic agent/6/wheel, mensaje {"Wleft":-4.671263376e-15,"Wright":-5.684341886e-15}
2026-06-02 14:44:45.037 - [robot_6_log_20260602_144405.csv] - INFO - Distancias a paredes: Left: 146.32, Right: 303.68, Top: 125.52, Bottom: 14.48
2026-06-02 14:44:45.037 - [robot_6_log_20260602_144405.csv] - INFO - Posicion: 146.32, 14.48, -3.011 | Velocidad: 0.13022177253487016, -0.9914848914420615
2026-06-02 14:44:45.037 - [robot_6_log_20260602_144405.csv] - INFO - ABAJO
2026-06-02 14:44:45.037 - [robot_6_log_20260602_144405.csv] - WARNING - Timer: 0.1997661590576172
2026-06-02 14:44:45.037 - [robot_6_log_20260602_144405.csv] - WARNING - Estado FSM: PARANDO_PARA_RETROCEDER | Target Wall: ABAJO | Target Theta: 172.46° |theta: -172.51759211389088 
2026-06-02 14:44:45.086 - [robot_6_log_20260602_144405.csv] - DEBUG - Incoming data. Topic 6/pos, mensaje {"x": 146.31, "y": 14.5, "yaw": -3.012, "timestamp": 1780404285.0843253}
2026-06-02 14:44:45.087 - [robot_6_log_20260602_144405.csv] - DEBUG - Posición actualizada por visión: x=146.31, y=14.50, θ=-3.01
2026-06-02 14:44:45.087 - [robot_6_log_20260602_144405.csv] - DEBUG - Frecuencia: 15.95 Hz | Latencia Red/Proc: 3.00 ms
2026-06-02 14:44:45.087 - [robot_6_log_20260602_144405.csv] - DEBUG - Incoming data. Topic 6/pos, mensaje {"x": 146.31, "y": 14.5, "yaw": -3.012, "timestamp": 1780404285.0843253}
2026-06-02 14:44:45.087 - [robot_6_log_20260602_144405.csv] - DEBUG - Posición actualizada por visión: x=146.31, y=14.50, θ=-3.01
2026-06-02 14:44:45.087 - [robot_6_log_20260602_144405.csv] - DEBUG - Frecuencia: 17189.77 Hz | Latencia Red/Proc: 3.06 ms
2026-06-02 14:44:45.087 - [robot_6_log_20260602_144405.csv] - INFO - Usando posición VISION: x=146.32, y=14.48, θ=-3.01
2026-06-02 14:44:45.087 - [robot_6_log_20260602_144405.csv] - INFO - Distancias a paredes: Left: 146.32, Right: 303.68, Top: 125.52, Bottom: 14.48
2026-06-02 14:44:45.087 - [robot_6_log_20260602_144405.csv] - INFO - Posicion: 146.32, 14.48, -3.011 | Velocidad: 0.13022177253487016, -0.9914848914420615
2026-06-02 14:44:45.087 - [robot_6_log_20260602_144405.csv] - INFO - ABAJO
2026-06-02 14:44:45.087 - [robot_6_log_20260602_144405.csv] - WARNING - Timer: 0.24985003471374512
2026-06-02 14:44:45.087 - [robot_6_log_20260602_144405.csv] - WARNING - Estado FSM: PARANDO_PARA_RETROCEDER | Target Wall: ABAJO | Target Theta: 172.46° |theta: -172.51759211389088 
2026-06-02 14:44:45.104 - [robot_6_log_20260602_144405.csv] - DEBUG - Incoming data. Topic 6/pos, mensaje {"x": 146.31, "y": 14.5, "yaw": -3.012, "timestamp": 1780404285.093578}
2026-06-02 14:44:45.109 - [robot_6_log_20260602_144405.csv] - DEBUG - Posición actualizada por visión: x=146.31, y=14.50, θ=-3.01
2026-06-02 14:44:45.109 - [robot_6_log_20260602_144405.csv] - DEBUG - Frecuencia: 44.94 Hz | Latencia Red/Proc: 16.06 ms
2026-06-02 14:44:45.125 - [robot_6_log_20260602_144405.csv] - DEBUG - Incoming data. Topic 6/pos, mensaje {"x": 146.31, "y": 14.5, "yaw": -3.012, "timestamp": 1780404285.093578}
2026-06-02 14:44:45.130 - [robot_6_log_20260602_144405.csv] - DEBUG - Posición actualizada por visión: x=146.31, y=14.50, θ=-3.01
2026-06-02 14:44:45.135 - [robot_6_log_20260602_144405.csv] - DEBUG - Frecuencia: 38.12 Hz | Latencia Red/Proc: 42.29 ms
2026-06-02 14:44:45.137 - [robot_6_log_20260602_144405.csv] - INFO - Usando posición VISION: x=146.31, y=14.50, θ=-3.01
2026-06-02 14:44:45.137 - [robot_6_log_20260602_144405.csv] - INFO - Distancias a paredes: Left: 146.31, Right: 303.69, Top: 125.50, Bottom: 14.50
2026-06-02 14:44:45.137 - [robot_6_log_20260602_144405.csv] - INFO - Posicion: 146.31, 14.5, -3.012 | Velocidad: 0.12923022269779483, -0.9916146174504884
2026-06-02 14:44:45.137 - [robot_6_log_20260602_144405.csv] - INFO - ABAJO
2026-06-02 14:44:45.137 - [robot_6_log_20260602_144405.csv] - WARNING - Timer: 0.29992246627807617
2026-06-02 14:44:45.137 - [robot_6_log_20260602_144405.csv] - WARNING - Estado FSM: PARANDO_PARA_RETROCEDER | Target Wall: ABAJO | Target Theta: 172.46° |theta: -172.57488789340397 
2026-06-02 14:44:45.185 - [robot_6_log_20260602_144405.csv] - DEBUG - Incoming data. Topic agent/6/wheel, mensaje {"Wleft":-4.671263376e-15,"Wright":-5.684341886e-15}
2026-06-02 14:44:45.187 - [robot_6_log_20260602_144405.csv] - INFO - Usando posición VISION: x=146.31, y=14.50, θ=-3.01
2026-06-02 14:44:45.187 - [robot_6_log_20260602_144405.csv] - DEBUG - Incoming data. Topic 6/pos, mensaje {"x": 146.32, "y": 14.51, "yaw": -3.009, "timestamp": 1780404285.1820152}
2026-06-02 14:44:45.187 - [robot_6_log_20260602_144405.csv] - INFO - Distancias a paredes: Left: 146.31, Right: 303.69, Top: 125.50, Bottom: 14.50
2026-06-02 14:44:45.187 - [robot_6_log_20260602_144405.csv] - DEBUG - Posición actualizada por visión: x=146.32, y=14.51, θ=-3.01
2026-06-02 14:44:45.187 - [robot_6_log_20260602_144405.csv] - INFO - Posicion: 146.31, 14.5, -3.012 | Velocidad: 0.12923022269779483, -0.9916146174504884
2026-06-02 14:44:45.187 - [robot_6_log_20260602_144405.csv] - DEBUG - Frecuencia: 19.37 Hz | Latencia Red/Proc: 5.48 ms
2026-06-02 14:44:45.187 - [robot_6_log_20260602_144405.csv] - INFO - ABAJO
2026-06-02 14:44:45.187 - [robot_6_log_20260602_144405.csv] - DEBUG - Incoming data. Topic 6/pos, mensaje {"x": 146.32, "y": 14.51, "yaw": -3.009, "timestamp": 1780404285.1820152}
2026-06-02 14:44:45.187 - [robot_6_log_20260602_144405.csv] - DEBUG - Posición actualizada por visión: x=146.32, y=14.51, θ=-3.01
2026-06-02 14:44:45.187 - [robot_6_log_20260602_144405.csv] - DEBUG - Frecuencia: 4809.98 Hz | Latencia Red/Proc: 5.69 ms
2026-06-02 14:44:45.187 - [robot_6_log_20260602_144405.csv] - WARNING - Timer: 0.3499777317047119
2026-06-02 14:44:45.187 - [robot_6_log_20260602_144405.csv] - WARNING - Estado FSM: PARANDO_PARA_RETROCEDER | Target Wall: ABAJO | Target Theta: 172.46° |theta: -172.57488789340397 
2026-06-02 14:44:45.193 - [robot_6_log_20260602_144405.csv] - DEBUG - Incoming data. Topic 6/pos, mensaje {"x": 146.32, "y": 14.51, "yaw": -3.009, "timestamp": 1780404285.190721}
2026-06-02 14:44:45.193 - [robot_6_log_20260602_144405.csv] - DEBUG - Posición actualizada por visión: x=146.32, y=14.51, θ=-3.01
2026-06-02 14:44:45.193 - [robot_6_log_20260602_144405.csv] - DEBUG - Frecuencia: 173.68 Hz | Latencia Red/Proc: 2.74 ms
2026-06-02 14:44:45.198 - [robot_6_log_20260602_144405.csv] - DEBUG - Incoming data. Topic 6/pos, mensaje {"x": 146.32, "y": 14.51, "yaw": -3.009, "timestamp": 1780404285.190721}
2026-06-02 14:44:45.203 - [robot_6_log_20260602_144405.csv] - DEBUG - Posición actualizada por visión: x=146.32, y=14.51, θ=-3.01
2026-06-02 14:44:45.203 - [robot_6_log_20260602_144405.csv] - DEBUG - Frecuencia: 98.23 Hz | Latencia Red/Proc: 12.92 ms
2026-06-02 14:44:45.237 - [robot_6_log_20260602_144405.csv] - INFO - Usando posición VISION: x=146.32, y=14.51, θ=-3.01
2026-06-02 14:44:45.237 - [robot_6_log_20260602_144405.csv] - INFO - Distancias a paredes: Left: 146.32, Right: 303.68, Top: 125.49, Bottom: 14.51
2026-06-02 14:44:45.237 - [robot_6_log_20260602_144405.csv] - INFO - Posicion: 146.32, 14.51, -3.009 | Velocidad: 0.13220448055231665, -0.9912224651014988
2026-06-02 14:44:45.237 - [robot_6_log_20260602_144405.csv] - INFO - ABAJO
2026-06-02 14:44:45.237 - [robot_6_log_20260602_144405.csv] - WARNING - Timer: 0.39977526664733887
2026-06-02 14:44:45.237 - [robot_6_log_20260602_144405.csv] - WARNING - Estado FSM: PARANDO_PARA_RETROCEDER | Target Wall: ABAJO | Target Theta: 172.46° |theta: -172.4030005548647 
2026-06-02 14:44:45.281 - [robot_6_log_20260602_144405.csv] - DEBUG - Incoming data. Topic agent/6/wheel, mensaje {"Wleft":-4.671263376e-15,"Wright":-5.684341886e-15}
2026-06-02 14:44:45.286 - [robot_6_log_20260602_144405.csv] - DEBUG - Incoming data. Topic 6/pos, mensaje {"x": 146.32, "y": 14.49, "yaw": -3.014, "timestamp": 1780404285.2831914}
2026-06-02 14:44:45.287 - [robot_6_log_20260602_144405.csv] - DEBUG - Posición actualizada por visión: x=146.32, y=14.49, θ=-3.01
2026-06-02 14:44:45.287 - [robot_6_log_20260602_144405.csv] - DEBUG - Frecuencia: 11.94 Hz | Latencia Red/Proc: 4.17 ms
2026-06-02 14:44:45.287 - [robot_6_log_20260602_144405.csv] - DEBUG - Incoming data. Topic 6/pos, mensaje {"x": 146.32, "y": 14.49, "yaw": -3.014, "timestamp": 1780404285.2831914}
2026-06-02 14:44:45.287 - [robot_6_log_20260602_144405.csv] - DEBUG - Posición actualizada por visión: x=146.32, y=14.49, θ=-3.01
2026-06-02 14:44:45.287 - [robot_6_log_20260602_144405.csv] - DEBUG - Frecuencia: 17924.38 Hz | Latencia Red/Proc: 4.22 ms
2026-06-02 14:44:45.287 - [robot_6_log_20260602_144405.csv] - INFO - Usando posición VISION: x=146.32, y=14.51, θ=-3.01
2026-06-02 14:44:45.287 - [robot_6_log_20260602_144405.csv] - INFO - Distancias a paredes: Left: 146.32, Right: 303.68, Top: 125.49, Bottom: 14.51
2026-06-02 14:44:45.287 - [robot_6_log_20260602_144405.csv] - INFO - Posicion: 146.32, 14.51, -3.009 | Velocidad: 0.13220448055231665, -0.9912224651014988
2026-06-02 14:44:45.287 - [robot_6_log_20260602_144405.csv] - INFO - ABAJO
2026-06-02 14:44:45.287 - [robot_6_log_20260602_144405.csv] - WARNING - Timer: 0.4499094486236572
2026-06-02 14:44:45.287 - [robot_6_log_20260602_144405.csv] - WARNING - Estado FSM: PARANDO_PARA_RETROCEDER | Target Wall: ABAJO | Target Theta: 172.46° |theta: -172.4030005548647 
2026-06-02 14:44:45.293 - [robot_6_log_20260602_144405.csv] - DEBUG - Incoming data. Topic 6/pos, mensaje {"x": 146.32, "y": 14.49, "yaw": -3.014, "timestamp": 1780404285.292048}
2026-06-02 14:44:45.298 - [robot_6_log_20260602_144405.csv] - DEBUG - Posición actualizada por visión: x=146.32, y=14.49, θ=-3.01
2026-06-02 14:44:45.303 - [robot_6_log_20260602_144405.csv] - DEBUG - Frecuencia: 61.13 Hz | Latencia Red/Proc: 11.72 ms
2026-06-02 14:44:45.313 - [robot_6_log_20260602_144405.csv] - DEBUG - Incoming data. Topic 6/pos, mensaje {"x": 146.32, "y": 14.49, "yaw": -3.014, "timestamp": 1780404285.292048}
2026-06-02 14:44:45.319 - [robot_6_log_20260602_144405.csv] - DEBUG - Posición actualizada por visión: x=146.32, y=14.49, θ=-3.01
2026-06-02 14:44:45.324 - [robot_6_log_20260602_144405.csv] - DEBUG - Frecuencia: 49.02 Hz | Latencia Red/Proc: 32.12 ms
2026-06-02 14:44:45.337 - [robot_6_log_20260602_144405.csv] - INFO - Usando posición VISION: x=146.32, y=14.49, θ=-3.01
2026-06-02 14:44:45.337 - [robot_6_log_20260602_144405.csv] - INFO - Distancias a paredes: Left: 146.32, Right: 303.68, Top: 125.51, Bottom: 14.49
2026-06-02 14:44:45.337 - [robot_6_log_20260602_144405.csv] - INFO - Posicion: 146.32, 14.49, -3.014 | Velocidad: 0.1272467363246874, -0.9918710944950031
2026-06-02 14:44:45.337 - [robot_6_log_20260602_144405.csv] - INFO - ABAJO
2026-06-02 14:44:45.337 - [robot_6_log_20260602_144405.csv] - WARNING - Timer: 0.4996764659881592
2026-06-02 14:44:45.337 - [robot_6_log_20260602_144405.csv] - WARNING - Estado FSM: PARANDO_PARA_RETROCEDER | Target Wall: ABAJO | Target Theta: 172.46° |theta: -172.6894794524301 
2026-06-02 14:44:45.342 - [robot_6_log_20260602_144405.csv] - DEBUG - Incoming data. Topic agent/6/wheel, mensaje {"Wleft":-4.671263376e-15,"Wright":-5.684341886e-15}
2026-06-02 14:44:45.387 - [robot_6_log_20260602_144405.csv] - INFO - Usando posición VISION: x=146.32, y=14.49, θ=-3.01
2026-06-02 14:44:45.387 - [robot_6_log_20260602_144405.csv] - INFO - Distancias a paredes: Left: 146.32, Right: 303.68, Top: 125.51, Bottom: 14.49
2026-06-02 14:44:45.387 - [robot_6_log_20260602_144405.csv] - INFO - Posicion: 146.32, 14.49, -3.014 | Velocidad: 0.1272467363246874, -0.9918710944950031
2026-06-02 14:44:45.387 - [robot_6_log_20260602_144405.csv] - INFO - ABAJO
2026-06-02 14:44:45.387 - [robot_6_log_20260602_144405.csv] - WARNING - Timer: 0.5497298240661621
2026-06-02 14:44:45.387 - [robot_6_log_20260602_144405.csv] - WARNING - Estado FSM: RETROCEDE | Target Wall: ABAJO | Target Theta: 172.46° |theta: -172.6894794524301 
2026-06-02 14:44:45.397 - [robot_6_log_20260602_144405.csv] - DEBUG - Incoming data. Topic 6/pos, mensaje {"x": 146.32, "y": 14.47, "yaw": -3.012, "timestamp": 1780404285.3870018}
2026-06-02 14:44:45.403 - [robot_6_log_20260602_144405.csv] - DEBUG - Posición actualizada por visión: x=146.32, y=14.47, θ=-3.01
2026-06-02 14:44:45.408 - [robot_6_log_20260602_144405.csv] - DEBUG - Despachado a ZMQ -> agent/6/move: {'v': -30, 'w': 0.0}
2026-06-02 14:44:45.408 - [robot_6_log_20260602_144405.csv] - DEBUG - Frecuencia: 11.89 Hz | Latencia Red/Proc: 21.24 ms
2026-06-02 14:44:45.437 - [robot_6_log_20260602_144405.csv] - INFO - Usando posición VISION: x=146.32, y=14.47, θ=-3.01
2026-06-02 14:44:45.437 - [robot_6_log_20260602_144405.csv] - INFO - Distancias a paredes: Left: 146.32, Right: 303.68, Top: 125.53, Bottom: 14.47
2026-06-02 14:44:45.437 - [robot_6_log_20260602_144405.csv] - INFO - Posicion: 146.32, 14.47, -3.012 | Velocidad: 0.12923022269779483, -0.9916146174504884
2026-06-02 14:44:45.437 - [robot_6_log_20260602_144405.csv] - INFO - ABAJO
2026-06-02 14:44:45.437 - [robot_6_log_20260602_144405.csv] - WARNING - Estado FSM: RETROCEDE | Target Wall: ABAJO | Target Theta: 172.46° |theta: -172.57488789340397 
2026-06-02 14:44:45.442 - [robot_6_log_20260602_144405.csv] - DEBUG - Incoming data. Topic 6/pos, mensaje {"x": 146.32, "y": 14.47, "yaw": -3.012, "timestamp": 1780404285.3870018}
2026-06-02 14:44:45.447 - [robot_6_log_20260602_144405.csv] - DEBUG - Posición actualizada por visión: x=146.32, y=14.47, θ=-3.01
2026-06-02 14:44:45.452 - [robot_6_log_20260602_144405.csv] - DEBUG - Frecuencia: 22.37 Hz | Latencia Red/Proc: 65.94 ms
2026-06-02 14:44:45.452 - [robot_6_log_20260602_144405.csv] - DEBUG - Incoming data. Topic 6/pos, mensaje {"x": 146.32, "y": 14.47, "yaw": -3.012, "timestamp": 1780404285.3966978}
2026-06-02 14:44:45.458 - [robot_6_log_20260602_144405.csv] - DEBUG - Posición actualizada por visión: x=146.32, y=14.47, θ=-3.01
2026-06-02 14:44:45.458 - [robot_6_log_20260602_144405.csv] - DEBUG - Frecuencia: 190.37 Hz | Latencia Red/Proc: 61.50 ms
2026-06-02 14:44:45.458 - [robot_6_log_20260602_144405.csv] - DEBUG - Incoming data. Topic 6/pos, mensaje {"x": 146.32, "y": 14.47, "yaw": -3.012, "timestamp": 1780404285.3966978}
2026-06-02 14:44:45.458 - [robot_6_log_20260602_144405.csv] - DEBUG - Posición actualizada por visión: x=146.32, y=14.47, θ=-3.01
2026-06-02 14:44:45.463 - [robot_6_log_20260602_144405.csv] - DEBUG - Frecuencia: 194.09 Hz | Latencia Red/Proc: 66.65 ms
2026-06-02 14:44:45.486 - [robot_6_log_20260602_144405.csv] - DEBUG - Incoming data. Topic agent/6/wheel, mensaje {"Wleft":-4.671263376e-15,"Wright":-5.684341886e-15}
2026-06-02 14:44:45.487 - [robot_6_log_20260602_144405.csv] - INFO - Usando posición VISION: x=146.32, y=14.47, θ=-3.01
2026-06-02 14:44:45.487 - [robot_6_log_20260602_144405.csv] - DEBUG - Incoming data. Topic 6/pos, mensaje {"x": 146.32, "y": 14.47, "yaw": -3.003, "timestamp": 1780404285.4854815}
2026-06-02 14:44:45.487 - [robot_6_log_20260602_144405.csv] - INFO - Distancias a paredes: Left: 146.32, Right: 303.68, Top: 125.53, Bottom: 14.47
2026-06-02 14:44:45.487 - [robot_6_log_20260602_144405.csv] - DEBUG - Posición actualizada por visión: x=146.32, y=14.47, θ=-3.00
2026-06-02 14:44:45.487 - [robot_6_log_20260602_144405.csv] - INFO - Posicion: 146.32, 14.47, -3.012 | Velocidad: 0.12923022269779483, -0.9916146174504884
2026-06-02 14:44:45.487 - [robot_6_log_20260602_144405.csv] - DEBUG - Frecuencia: 41.48 Hz | Latencia Red/Proc: 1.97 ms
2026-06-02 14:44:45.487 - [robot_6_log_20260602_144405.csv] - INFO - ABAJO
2026-06-02 14:44:45.487 - [robot_6_log_20260602_144405.csv] - DEBUG - Incoming data. Topic 6/pos, mensaje {"x": 146.32, "y": 14.47, "yaw": -3.003, "timestamp": 1780404285.4854815}
2026-06-02 14:44:45.487 - [robot_6_log_20260602_144405.csv] - WARNING - Estado FSM: RETROCEDE | Target Wall: ABAJO | Target Theta: 172.46° |theta: -172.57488789340397 
2026-06-02 14:44:45.487 - [robot_6_log_20260602_144405.csv] - DEBUG - Posición actualizada por visión: x=146.32, y=14.47, θ=-3.00
2026-06-02 14:44:45.497 - [robot_6_log_20260602_144405.csv] - DEBUG - Frecuencia: 96.12 Hz | Latencia Red/Proc: 12.38 ms
2026-06-02 14:44:45.509 - [robot_6_log_20260602_144405.csv] - DEBUG - Incoming data. Topic 6/pos, mensaje {"x": 146.32, "y": 14.47, "yaw": -3.003, "timestamp": 1780404285.4954424}
2026-06-02 14:44:45.514 - [robot_6_log_20260602_144405.csv] - DEBUG - Posición actualizada por visión: x=146.32, y=14.47, θ=-3.00
2026-06-02 14:44:45.520 - [robot_6_log_20260602_144405.csv] - DEBUG - Frecuencia: 44.20 Hz | Latencia Red/Proc: 25.04 ms
2026-06-02 14:44:45.525 - [robot_6_log_20260602_144405.csv] - DEBUG - Incoming data. Topic 6/pos, mensaje {"x": 146.32, "y": 14.47, "yaw": -3.003, "timestamp": 1780404285.4954424}
2026-06-02 14:44:45.525 - [robot_6_log_20260602_144405.csv] - DEBUG - Posición actualizada por visión: x=146.32, y=14.47, θ=-3.00
2026-06-02 14:44:45.525 - [robot_6_log_20260602_144405.csv] - DEBUG - Frecuencia: 191.32 Hz | Latencia Red/Proc: 30.27 ms
2026-06-02 14:44:45.537 - [robot_6_log_20260602_144405.csv] - INFO - Usando posición VISION: x=146.32, y=14.47, θ=-3.00
2026-06-02 14:44:45.537 - [robot_6_log_20260602_144405.csv] - INFO - Distancias a paredes: Left: 146.32, Right: 303.68, Top: 125.53, Bottom: 14.47
2026-06-02 14:44:45.537 - [robot_6_log_20260602_144405.csv] - INFO - Posicion: 146.32, 14.47, -3.003 | Velocidad: 0.13814939998547002, -0.9904114010266919
2026-06-02 14:44:45.537 - [robot_6_log_20260602_144405.csv] - INFO - ABAJO
2026-06-02 14:44:45.537 - [robot_6_log_20260602_144405.csv] - WARNING - Estado FSM: RETROCEDE | Target Wall: ABAJO | Target Theta: 172.46° |theta: -172.05922587778622 
2026-06-02 14:44:45.549 - [robot_6_log_20260602_144405.csv] - DEBUG - Incoming data. Topic agent/6/wheel, mensaje {"Wleft":6.043085839,"Wright":18}
2026-06-02 14:44:45.587 - [robot_6_log_20260602_144405.csv] - INFO - Usando posición VISION: x=146.32, y=14.47, θ=-3.00
2026-06-02 14:44:45.587 - [robot_6_log_20260602_144405.csv] - INFO - Distancias a paredes: Left: 146.32, Right: 303.68, Top: 125.53, Bottom: 14.47
2026-06-02 14:44:45.587 - [robot_6_log_20260602_144405.csv] - INFO - Posicion: 146.32, 14.47, -3.003 | Velocidad: 0.13814939998547002, -0.9904114010266919
2026-06-02 14:44:45.587 - [robot_6_log_20260602_144405.csv] - INFO - ABAJO
2026-06-02 14:44:45.587 - [robot_6_log_20260602_144405.csv] - WARNING - Estado FSM: RETROCEDE | Target Wall: ABAJO | Target Theta: 172.46° |theta: -172.05922587778622 
2026-06-02 14:44:45.598 - [robot_6_log_20260602_144405.csv] - DEBUG - Incoming data. Topic 6/pos, mensaje {"x": 146.32, "y": 14.51, "yaw": -3.01, "timestamp": 1780404285.5874841}
2026-06-02 14:44:45.603 - [robot_6_log_20260602_144405.csv] - DEBUG - Posición actualizada por visión: x=146.32, y=14.51, θ=-3.01
2026-06-02 14:44:45.608 - [robot_6_log_20260602_144405.csv] - DEBUG - Frecuencia: 12.04 Hz | Latencia Red/Proc: 21.29 ms
2026-06-02 14:44:45.608 - [robot_6_log_20260602_144405.csv] - DEBUG - Incoming data. Topic 6/pos, mensaje {"x": 146.32, "y": 14.51, "yaw": -3.01, "timestamp": 1780404285.5874841}
2026-06-02 14:44:45.608 - [robot_6_log_20260602_144405.csv] - DEBUG - Posición actualizada por visión: x=146.32, y=14.51, θ=-3.01
2026-06-02 14:44:45.608 - [robot_6_log_20260602_144405.csv] - DEBUG - Frecuencia: 7231.56 Hz | Latencia Red/Proc: 21.43 ms
2026-06-02 14:44:45.608 - [robot_6_log_20260602_144405.csv] - DEBUG - Incoming data. Topic 6/pos, mensaje {"x": 146.32, "y": 14.51, "yaw": -3.01, "timestamp": 1780404285.598807}
2026-06-02 14:44:45.608 - [robot_6_log_20260602_144405.csv] - DEBUG - Posición actualizada por visión: x=146.32, y=14.51, θ=-3.01
2026-06-02 14:44:45.609 - [robot_6_log_20260602_144405.csv] - DEBUG - Frecuencia: 11491.24 Hz | Latencia Red/Proc: 10.19 ms
2026-06-02 14:44:45.619 - [robot_6_log_20260602_144405.csv] - DEBUG - Incoming data. Topic 6/pos, mensaje {"x": 146.32, "y": 14.51, "yaw": -3.01, "timestamp": 1780404285.598807}
2026-06-02 14:44:45.624 - [robot_6_log_20260602_144405.csv] - DEBUG - Posición actualizada por visión: x=146.32, y=14.51, θ=-3.01
2026-06-02 14:44:45.630 - [robot_6_log_20260602_144405.csv] - DEBUG - Frecuencia: 46.97 Hz | Latencia Red/Proc: 31.48 ms
2026-06-02 14:44:45.637 - [robot_6_log_20260602_144405.csv] - INFO - Usando posición VISION: x=146.32, y=14.51, θ=-3.01
2026-06-02 14:44:45.637 - [robot_6_log_20260602_144405.csv] - INFO - Distancias a paredes: Left: 146.32, Right: 303.68, Top: 125.49, Bottom: 14.51
2026-06-02 14:44:45.637 - [robot_6_log_20260602_144405.csv] - INFO - Posicion: 146.32, 14.51, -3.01 | Velocidad: 0.13121319215018423, -0.9913541739488259
2026-06-02 14:44:45.637 - [robot_6_log_20260602_144405.csv] - INFO - ABAJO
2026-06-02 14:44:45.637 - [robot_6_log_20260602_144405.csv] - WARNING - Estado FSM: RETROCEDE | Target Wall: ABAJO | Target Theta: 172.46° |theta: -172.46029633437777 
2026-06-02 14:44:45.660 - [robot_6_log_20260602_144405.csv] - DEBUG - Incoming data. Topic agent/6/wheel, mensaje {"Wleft":4.059152054,"Wright":10}
2026-06-02 14:44:45.687 - [robot_6_log_20260602_144405.csv] - INFO - Usando posición VISION: x=146.32, y=14.51, θ=-3.01
2026-06-02 14:44:45.687 - [robot_6_log_20260602_144405.csv] - INFO - Distancias a paredes: Left: 146.32, Right: 303.68, Top: 125.49, Bottom: 14.51
2026-06-02 14:44:45.687 - [robot_6_log_20260602_144405.csv] - INFO - Posicion: 146.32, 14.51, -3.01 | Velocidad: 0.13121319215018423, -0.9913541739488259
2026-06-02 14:44:45.687 - [robot_6_log_20260602_144405.csv] - INFO - ABAJO
2026-06-02 14:44:45.687 - [robot_6_log_20260602_144405.csv] - DEBUG - Incoming data. Topic 6/pos, mensaje {"x": 146.32, "y": 14.49, "yaw": -3.002, "timestamp": 1780404285.6858847}
2026-06-02 14:44:45.687 - [robot_6_log_20260602_144405.csv] - WARNING - Estado FSM: RETROCEDE | Target Wall: ABAJO | Target Theta: 172.46° |theta: -172.46029633437777 
2026-06-02 14:44:45.687 - [robot_6_log_20260602_144405.csv] - DEBUG - Posición actualizada por visión: x=146.32, y=14.49, θ=-3.00
2026-06-02 14:44:45.697 - [robot_6_log_20260602_144405.csv] - DEBUG - Frecuencia: 14.81 Hz | Latencia Red/Proc: 11.91 ms
2026-06-02 14:44:45.703 - [robot_6_log_20260602_144405.csv] - DEBUG - Incoming data. Topic 6/pos, mensaje {"x": 146.32, "y": 14.49, "yaw": -3.002, "timestamp": 1780404285.6858847}
2026-06-02 14:44:45.708 - [robot_6_log_20260602_144405.csv] - DEBUG - Posición actualizada por visión: x=146.32, y=14.49, θ=-3.00
2026-06-02 14:44:45.713 - [robot_6_log_20260602_144405.csv] - DEBUG - Frecuencia: 63.21 Hz | Latencia Red/Proc: 27.73 ms
2026-06-02 14:44:45.729 - [robot_6_log_20260602_144405.csv] - DEBUG - Incoming data. Topic 6/pos, mensaje {"x": 146.32, "y": 14.49, "yaw": -3.002, "timestamp": 1780404285.6947038}
2026-06-02 14:44:45.737 - [robot_6_log_20260602_144405.csv] - INFO - Usando posición VISION: x=146.32, y=14.49, θ=-3.00
2026-06-02 14:44:45.737 - [robot_6_log_20260602_144405.csv] - INFO - Distancias a paredes: Left: 146.32, Right: 303.68, Top: 125.51, Bottom: 14.49
2026-06-02 14:44:45.737 - [robot_6_log_20260602_144405.csv] - INFO - Posicion: 146.32, 14.49, -3.002 | Velocidad: 0.13913974214673425, -0.990272756444072
2026-06-02 14:44:45.737 - [robot_6_log_20260602_144405.csv] - INFO - ABAJO
2026-06-02 14:44:45.737 - [robot_6_log_20260602_144405.csv] - DEBUG - Posición actualizada por visión: x=146.32, y=14.49, θ=-3.00
2026-06-02 14:44:45.737 - [robot_6_log_20260602_144405.csv] - WARNING - Estado FSM: RETROCEDE | Target Wall: ABAJO | Target Theta: 172.46° |theta: -172.0019300982731 
2026-06-02 14:44:45.737 - [robot_6_log_20260602_144405.csv] - DEBUG - Frecuencia: 41.58 Hz | Latencia Red/Proc: 42.96 ms
2026-06-02 14:44:45.753 - [robot_6_log_20260602_144405.csv] - DEBUG - Incoming data. Topic 6/pos, mensaje {"x": 146.32, "y": 14.49, "yaw": -3.002, "timestamp": 1780404285.6947038}
2026-06-02 14:44:45.758 - [robot_6_log_20260602_144405.csv] - DEBUG - Posición actualizada por visión: x=146.32, y=14.49, θ=-3.00
2026-06-02 14:44:45.763 - [robot_6_log_20260602_144405.csv] - DEBUG - Frecuencia: 38.51 Hz | Latencia Red/Proc: 68.92 ms
2026-06-02 14:44:45.787 - [robot_6_log_20260602_144405.csv] - DEBUG - Incoming data. Topic 6/pos, mensaje {"x": 146.32, "y": 14.43, "yaw": -2.996, "timestamp": 1780404285.782644}
2026-06-02 14:44:45.787 - [robot_6_log_20260602_144405.csv] - INFO - Usando posición VISION: x=146.32, y=14.49, θ=-3.00
2026-06-02 14:44:45.787 - [robot_6_log_20260602_144405.csv] - DEBUG - Posición actualizada por visión: x=146.32, y=14.43, θ=-3.00
2026-06-02 14:44:45.787 - [robot_6_log_20260602_144405.csv] - DEBUG - Frecuencia: 41.62 Hz | Latencia Red/Proc: 5.01 ms
2026-06-02 14:44:45.787 - [robot_6_log_20260602_144405.csv] - DEBUG - Incoming data. Topic 6/pos, mensaje {"x": 146.32, "y": 14.43, "yaw": -2.996, "timestamp": 1780404285.782644}
2026-06-02 14:44:45.787 - [robot_6_log_20260602_144405.csv] - INFO - Distancias a paredes: Left: 146.32, Right: 303.68, Top: 125.51, Bottom: 14.49
2026-06-02 14:44:45.787 - [robot_6_log_20260602_144405.csv] - INFO - Posicion: 146.32, 14.49, -3.002 | Velocidad: 0.13913974214673425, -0.990272756444072
2026-06-02 14:44:45.787 - [robot_6_log_20260602_144405.csv] - DEBUG - Posición actualizada por visión: x=146.32, y=14.43, θ=-3.00
2026-06-02 14:44:45.787 - [robot_6_log_20260602_144405.csv] - INFO - ABAJO
2026-06-02 14:44:45.788 - [robot_6_log_20260602_144405.csv] - DEBUG - Frecuencia: 2864.96 Hz | Latencia Red/Proc: 5.36 ms
2026-06-02 14:44:45.788 - [robot_6_log_20260602_144405.csv] - WARNING - Estado FSM: RETROCEDE | Target Wall: ABAJO | Target Theta: 172.46° |theta: -172.0019300982731 
2026-06-02 14:44:45.810 - [robot_6_log_20260602_144405.csv] - DEBUG - Incoming data. Topic 6/pos, mensaje {"x": 146.32, "y": 14.43, "yaw": -2.996, "timestamp": 1780404285.7936456}
2026-06-02 14:44:45.815 - [robot_6_log_20260602_144405.csv] - DEBUG - Posición actualizada por visión: x=146.32, y=14.43, θ=-3.00
2026-06-02 14:44:45.815 - [robot_6_log_20260602_144405.csv] - DEBUG - Frecuencia: 36.27 Hz | Latencia Red/Proc: 21.93 ms
2026-06-02 14:44:45.815 - [robot_6_log_20260602_144405.csv] - DEBUG - Incoming data. Topic agent/6/wheel, mensaje {"Wleft":6.07363377,"Wright":14}
2026-06-02 14:44:45.837 - [robot_6_log_20260602_144405.csv] - INFO - Usando posición VISION: x=146.32, y=14.43, θ=-3.00
2026-06-02 14:44:45.837 - [robot_6_log_20260602_144405.csv] - INFO - Distancias a paredes: Left: 146.32, Right: 303.68, Top: 125.57, Bottom: 14.43
2026-06-02 14:44:45.837 - [robot_6_log_20260602_144405.csv] - INFO - Posicion: 146.32, 14.43, -2.996 | Velocidad: 0.1450788385277983, -0.989420098144072
2026-06-02 14:44:45.837 - [robot_6_log_20260602_144405.csv] - INFO - ABAJO
2026-06-02 14:44:45.837 - [robot_6_log_20260602_144405.csv] - WARNING - Estado FSM: RETROCEDE | Target Wall: ABAJO | Target Theta: 172.46° |theta: -171.65815542119464 
2026-06-02 14:44:45.847 - [robot_6_log_20260602_144405.csv] - DEBUG - Incoming data. Topic 6/pos, mensaje {"x": 146.32, "y": 14.43, "yaw": -2.996, "timestamp": 1780404285.7936456}
2026-06-02 14:44:45.852 - [robot_6_log_20260602_144405.csv] - DEBUG - Posición actualizada por visión: x=146.32, y=14.43, θ=-3.00
2026-06-02 14:44:45.859 - [robot_6_log_20260602_144405.csv] - DEBUG - Frecuencia: 23.01 Hz | Latencia Red/Proc: 65.38 ms
2026-06-02 14:44:45.870 - [robot_6_log_20260602_144405.csv] - DEBUG - Incoming data. Topic agent/6/wheel, mensaje {"Wleft":8.06729197,"Wright":14}
2026-06-02 14:44:45.887 - [robot_6_log_20260602_144405.csv] - INFO - Usando posición VISION: x=146.32, y=14.43, θ=-3.00
2026-06-02 14:44:45.887 - [robot_6_log_20260602_144405.csv] - INFO - Distancias a paredes: Left: 146.32, Right: 303.68, Top: 125.57, Bottom: 14.43
2026-06-02 14:44:45.887 - [robot_6_log_20260602_144405.csv] - INFO - Posicion: 146.32, 14.43, -2.996 | Velocidad: 0.1450788385277983, -0.989420098144072
2026-06-02 14:44:45.887 - [robot_6_log_20260602_144405.csv] - INFO - ABAJO
2026-06-02 14:44:45.887 - [robot_6_log_20260602_144405.csv] - WARNING - Estado FSM: RETROCEDE | Target Wall: ABAJO | Target Theta: 172.46° |theta: -171.65815542119464 
2026-06-02 14:44:45.898 - [robot_6_log_20260602_144405.csv] - DEBUG - Incoming data. Topic 6/pos, mensaje {"x": 146.33, "y": 14.41, "yaw": -2.983, "timestamp": 1780404285.8878508}
2026-06-02 14:44:45.903 - [robot_6_log_20260602_144405.csv] - DEBUG - Posición actualizada por visión: x=146.33, y=14.41, θ=-2.98
2026-06-02 14:44:45.909 - [robot_6_log_20260602_144405.csv] - DEBUG - Frecuencia: 19.72 Hz | Latencia Red/Proc: 21.89 ms
2026-06-02 14:44:45.926 - [robot_6_log_20260602_144405.csv] - DEBUG - Incoming data. Topic 6/pos, mensaje {"x": 146.33, "y": 14.41, "yaw": -2.983, "timestamp": 1780404285.8878508}
2026-06-02 14:44:45.926 - [robot_6_log_20260602_144405.csv] - DEBUG - Posición actualizada por visión: x=146.33, y=14.41, θ=-2.98
2026-06-02 14:44:45.931 - [robot_6_log_20260602_144405.csv] - DEBUG - Frecuencia: 46.57 Hz | Latencia Red/Proc: 43.36 ms
2026-06-02 14:44:45.936 - [robot_6_log_20260602_144405.csv] - DEBUG - Incoming data. Topic 6/pos, mensaje {"x": 146.33, "y": 14.41, "yaw": -2.983, "timestamp": 1780404285.897237}
2026-06-02 14:44:45.937 - [robot_6_log_20260602_144405.csv] - INFO - Usando posición VISION: x=146.33, y=14.41, θ=-2.98
2026-06-02 14:44:45.937 - [robot_6_log_20260602_144405.csv] - DEBUG - Posición actualizada por visión: x=146.33, y=14.41, θ=-2.98
2026-06-02 14:44:45.937 - [robot_6_log_20260602_144405.csv] - INFO - Distancias a paredes: Left: 146.33, Right: 303.67, Top: 125.59, Bottom: 14.41
2026-06-02 14:44:45.937 - [robot_6_log_20260602_144405.csv] - DEBUG - Frecuencia: 161.49 Hz | Latencia Red/Proc: 40.17 ms
2026-06-02 14:44:45.937 - [robot_6_log_20260602_144405.csv] - INFO - Posicion: 146.33, 14.41, -2.983 | Velocidad: 0.1579286785248665, -0.9874505215449477
2026-06-02 14:44:45.937 - [robot_6_log_20260602_144405.csv] - INFO - ABAJO
2026-06-02 14:44:45.937 - [robot_6_log_20260602_144405.csv] - DEBUG - Incoming data. Topic 6/pos, mensaje {"x": 146.33, "y": 14.41, "yaw": -2.983, "timestamp": 1780404285.897237}
2026-06-02 14:44:45.937 - [robot_6_log_20260602_144405.csv] - WARNING - Estado FSM: RETROCEDE | Target Wall: ABAJO | Target Theta: 172.46° |theta: -170.91331028752458 
2026-06-02 14:44:45.937 - [robot_6_log_20260602_144405.csv] - DEBUG - Posición actualizada por visión: x=146.33, y=14.41, θ=-2.98
2026-06-02 14:44:45.947 - [robot_6_log_20260602_144405.csv] - DEBUG - Frecuencia: 95.31 Hz | Latencia Red/Proc: 50.66 ms
2026-06-02 14:44:45.987 - [robot_6_log_20260602_144405.csv] - INFO - Usando posición VISION: x=146.33, y=14.41, θ=-2.98
2026-06-02 14:44:45.987 - [robot_6_log_20260602_144405.csv] - INFO - Distancias a paredes: Left: 146.33, Right: 303.67, Top: 125.59, Bottom: 14.41
2026-06-02 14:44:45.987 - [robot_6_log_20260602_144405.csv] - INFO - Posicion: 146.33, 14.41, -2.983 | Velocidad: 0.1579286785248665, -0.9874505215449477
2026-06-02 14:44:45.987 - [robot_6_log_20260602_144405.csv] - INFO - ABAJO
2026-06-02 14:44:45.987 - [robot_6_log_20260602_144405.csv] - DEBUG - Incoming data. Topic 6/pos, mensaje {"x": 146.31, "y": 14.4, "yaw": -2.983, "timestamp": 1780404285.9850209}
2026-06-02 14:44:45.987 - [robot_6_log_20260602_144405.csv] - WARNING - Estado FSM: RETROCEDE | Target Wall: ABAJO | Target Theta: 172.46° |theta: -170.91331028752458 
2026-06-02 14:44:45.987 - [robot_6_log_20260602_144405.csv] - DEBUG - Posición actualizada por visión: x=146.31, y=14.40, θ=-2.98
2026-06-02 14:44:45.992 - [robot_6_log_20260602_144405.csv] - DEBUG - Frecuencia: 22.31 Hz | Latencia Red/Proc: 7.70 ms
2026-06-02 14:44:45.992 - [robot_6_log_20260602_144405.csv] - DEBUG - Incoming data. Topic 6/pos, mensaje {"x": 146.31, "y": 14.4, "yaw": -2.983, "timestamp": 1780404285.9850209}
2026-06-02 14:44:45.992 - [robot_6_log_20260602_144405.csv] - DEBUG - Posición actualizada por visión: x=146.31, y=14.40, θ=-2.98
2026-06-02 14:44:45.992 - [robot_6_log_20260602_144405.csv] - DEBUG - Frecuencia: 8256.50 Hz | Latencia Red/Proc: 7.82 ms
2026-06-02 14:44:45.998 - [robot_6_log_20260602_144405.csv] - DEBUG - Incoming data. Topic 6/pos, mensaje {"x": 146.31, "y": 14.4, "yaw": -2.983, "timestamp": 1780404285.9936156}
2026-06-02 14:44:45.999 - [robot_6_log_20260602_144405.csv] - DEBUG - Posición actualizada por visión: x=146.31, y=14.40, θ=-2.98
2026-06-02 14:44:45.999 - [robot_6_log_20260602_144405.csv] - DEBUG - Frecuencia: 161.21 Hz | Latencia Red/Proc: 5.43 ms
2026-06-02 14:44:46.010 - [robot_6_log_20260602_144405.csv] - DEBUG - Incoming data. Topic agent/6/wheel, mensaje {"Wleft":4.046461865,"Wright":8}
2026-06-02 14:44:46.037 - [robot_6_log_20260602_144405.csv] - INFO - Usando posición VISION: x=146.31, y=14.40, θ=-2.98
2026-06-02 14:44:46.037 - [robot_6_log_20260602_144405.csv] - INFO - Distancias a paredes: Left: 146.31, Right: 303.69, Top: 125.60, Bottom: 14.40
2026-06-02 14:44:46.037 - [robot_6_log_20260602_144405.csv] - INFO - Posicion: 146.31, 14.4, -2.983 | Velocidad: 0.1579286785248665, -0.9874505215449477
2026-06-02 14:44:46.037 - [robot_6_log_20260602_144405.csv] - INFO - ABAJO
2026-06-02 14:44:46.037 - [robot_6_log_20260602_144405.csv] - DEBUG - Incoming data. Topic 6/pos, mensaje {"x": 146.31, "y": 14.4, "yaw": -2.983, "timestamp": 1780404285.9936156}
2026-06-02 14:44:46.037 - [robot_6_log_20260602_144405.csv] - WARNING - Estado FSM: RETROCEDE | Target Wall: ABAJO | Target Theta: 172.46° |theta: -170.91331028752458 
2026-06-02 14:44:46.037 - [robot_6_log_20260602_144405.csv] - DEBUG - Posición actualizada por visión: x=146.31, y=14.40, θ=-2.98
2026-06-02 14:44:46.048 - [robot_6_log_20260602_144405.csv] - DEBUG - Frecuencia: 20.43 Hz | Latencia Red/Proc: 54.39 ms
2026-06-02 14:44:46.059 - [robot_6_log_20260602_144405.csv] - DEBUG - Incoming data. Topic agent/6/wheel, mensaje {"Wleft":2.040793517,"Wright":18.02282802}
2026-06-02 14:44:46.087 - [robot_6_log_20260602_144405.csv] - INFO - Usando posición VISION: x=146.31, y=14.40, θ=-2.98
2026-06-02 14:44:46.087 - [robot_6_log_20260602_144405.csv] - INFO - Distancias a paredes: Left: 146.31, Right: 303.69, Top: 125.60, Bottom: 14.40
2026-06-02 14:44:46.087 - [robot_6_log_20260602_144405.csv] - INFO - Posicion: 146.31, 14.4, -2.983 | Velocidad: 0.1579286785248665, -0.9874505215449477
2026-06-02 14:44:46.087 - [robot_6_log_20260602_144405.csv] - INFO - ABAJO
2026-06-02 14:44:46.087 - [robot_6_log_20260602_144405.csv] - WARNING - Estado FSM: RETROCEDE | Target Wall: ABAJO | Target Theta: 172.46° |theta: -170.91331028752458 
2026-06-02 14:44:46.098 - [robot_6_log_20260602_144405.csv] - DEBUG - Incoming data. Topic 6/pos, mensaje {"x": 146.31, "y": 14.4, "yaw": -2.982, "timestamp": 1780404286.0890296}
2026-06-02 14:44:46.104 - [robot_6_log_20260602_144405.csv] - DEBUG - Posición actualizada por visión: x=146.31, y=14.40, θ=-2.98
2026-06-02 14:44:46.109 - [robot_6_log_20260602_144405.csv] - DEBUG - Frecuencia: 16.16 Hz | Latencia Red/Proc: 20.85 ms
2026-06-02 14:44:46.116 - [robot_6_log_20260602_144405.csv] - DEBUG - Incoming data. Topic 6/pos, mensaje {"x": 146.31, "y": 14.4, "yaw": -2.982, "timestamp": 1780404286.0890296}
2026-06-02 14:44:46.121 - [robot_6_log_20260602_144405.csv] - DEBUG - Posición actualizada por visión: x=146.31, y=14.40, θ=-2.98
2026-06-02 14:44:46.121 - [robot_6_log_20260602_144405.csv] - DEBUG - Frecuencia: 88.40 Hz | Latencia Red/Proc: 32.16 ms
2026-06-02 14:44:46.126 - [robot_6_log_20260602_144405.csv] - DEBUG - Incoming data. Topic 6/pos, mensaje {"x": 146.31, "y": 14.4, "yaw": -2.982, "timestamp": 1780404286.10357}
2026-06-02 14:44:46.132 - [robot_6_log_20260602_144405.csv] - DEBUG - Posición actualizada por visión: x=146.31, y=14.40, θ=-2.98
2026-06-02 14:44:46.137 - [robot_6_log_20260602_144405.csv] - INFO - Usando posición VISION: x=146.31, y=14.40, θ=-2.98
2026-06-02 14:44:46.137 - [robot_6_log_20260602_144405.csv] - INFO - Distancias a paredes: Left: 146.31, Right: 303.69, Top: 125.60, Bottom: 14.40
2026-06-02 14:44:46.137 - [robot_6_log_20260602_144405.csv] - INFO - Posicion: 146.31, 14.4, -2.982 | Velocidad: 0.15891604991750358, -0.9872920991675247
2026-06-02 14:44:46.137 - [robot_6_log_20260602_144405.csv] - DEBUG - Frecuencia: 62.18 Hz | Latencia Red/Proc: 33.70 ms
2026-06-02 14:44:46.137 - [robot_6_log_20260602_144405.csv] - INFO - ABAJO
2026-06-02 14:44:46.137 - [robot_6_log_20260602_144405.csv] - DEBUG - Incoming data. Topic 6/pos, mensaje {"x": 146.31, "y": 14.4, "yaw": -2.982, "timestamp": 1780404286.10357}
2026-06-02 14:44:46.137 - [robot_6_log_20260602_144405.csv] - WARNING - Estado FSM: RETROCEDE | Target Wall: ABAJO | Target Theta: 172.46° |theta: -170.8560145080115 
2026-06-02 14:44:46.137 - [robot_6_log_20260602_144405.csv] - DEBUG - Posición actualizada por visión: x=146.31, y=14.40, θ=-2.98
2026-06-02 14:44:46.142 - [robot_6_log_20260602_144405.csv] - DEBUG - Frecuencia: 181.76 Hz | Latencia Red/Proc: 39.20 ms
2026-06-02 14:44:46.154 - [robot_6_log_20260602_144405.csv] - DEBUG - Incoming data. Topic agent/6/wheel, mensaje {"Wleft":6.047550865,"Wright":6}
2026-06-02 14:44:46.187 - [robot_6_log_20260602_144405.csv] - INFO - Usando posición VISION: x=146.31, y=14.40, θ=-2.98
2026-06-02 14:44:46.187 - [robot_6_log_20260602_144405.csv] - INFO - Distancias a paredes: Left: 146.31, Right: 303.69, Top: 125.60, Bottom: 14.40
2026-06-02 14:44:46.187 - [robot_6_log_20260602_144405.csv] - INFO - Posicion: 146.31, 14.4, -2.982 | Velocidad: 0.15891604991750358, -0.9872920991675247
2026-06-02 14:44:46.187 - [robot_6_log_20260602_144405.csv] - DEBUG - Incoming data. Topic 6/pos, mensaje {"x": 146.38, "y": 14.44, "yaw": -2.978, "timestamp": 1780404286.1849928}
2026-06-02 14:44:46.187 - [robot_6_log_20260602_144405.csv] - INFO - ABAJO
2026-06-02 14:44:46.187 - [robot_6_log_20260602_144405.csv] - DEBUG - Posición actualizada por visión: x=146.38, y=14.44, θ=-2.98
2026-06-02 14:44:46.187 - [robot_6_log_20260602_144405.csv] - WARNING - Estado FSM: RETROCEDE | Target Wall: ABAJO | Target Theta: 172.46° |theta: -170.8560145080115 
2026-06-02 14:44:46.187 - [robot_6_log_20260602_144405.csv] - DEBUG - Frecuencia: 22.20 Hz | Latencia Red/Proc: 2.83 ms
2026-06-02 14:44:46.209 - [robot_6_log_20260602_144405.csv] - DEBUG - Incoming data. Topic 6/pos, mensaje {"x": 146.38, "y": 14.44, "yaw": -2.978, "timestamp": 1780404286.1849928}
2026-06-02 14:44:46.214 - [robot_6_log_20260602_144405.csv] - DEBUG - Posición actualizada por visión: x=146.38, y=14.44, θ=-2.98
2026-06-02 14:44:46.219 - [robot_6_log_20260602_144405.csv] - DEBUG - Frecuencia: 31.43 Hz | Latencia Red/Proc: 34.65 ms
2026-06-02 14:44:46.224 - [robot_6_log_20260602_144405.csv] - DEBUG - Incoming data. Topic 6/pos, mensaje {"x": 146.38, "y": 14.44, "yaw": -2.978, "timestamp": 1780404286.1970222}
2026-06-02 14:44:46.224 - [robot_6_log_20260602_144405.csv] - DEBUG - Posición actualizada por visión: x=146.38, y=14.44, θ=-2.98
2026-06-02 14:44:46.224 - [robot_6_log_20260602_144405.csv] - DEBUG - Frecuencia: 191.18 Hz | Latencia Red/Proc: 27.85 ms
2026-06-02 14:44:46.224 - [robot_6_log_20260602_144405.csv] - DEBUG - Incoming data. Topic 6/pos, mensaje {"x": 146.38, "y": 14.44, "yaw": -2.978, "timestamp": 1780404286.1970222}
2026-06-02 14:44:46.224 - [robot_6_log_20260602_144405.csv] - DEBUG - Posición actualizada por visión: x=146.38, y=14.44, θ=-2.98
2026-06-02 14:44:46.224 - [robot_6_log_20260602_144405.csv] - DEBUG - Frecuencia: 11915.64 Hz | Latencia Red/Proc: 27.93 ms
2026-06-02 14:44:46.237 - [robot_6_log_20260602_144405.csv] - INFO - Usando posición VISION: x=146.38, y=14.44, θ=-2.98
2026-06-02 14:44:46.237 - [robot_6_log_20260602_144405.csv] - INFO - Distancias a paredes: Left: 146.38, Right: 303.62, Top: 125.56, Bottom: 14.44
2026-06-02 14:44:46.237 - [robot_6_log_20260602_144405.csv] - INFO - Posicion: 146.38, 14.44, -2.978 | Velocidad: 0.16286393645636216, -0.9866485383366956
2026-06-02 14:44:46.237 - [robot_6_log_20260602_144405.csv] - INFO - ABAJO
2026-06-02 14:44:46.237 - [robot_6_log_20260602_144405.csv] - WARNING - Estado FSM: RETROCEDE | Target Wall: ABAJO | Target Theta: 172.46° |theta: -170.62683138995916 
2026-06-02 14:44:46.286 - [robot_6_log_20260602_144405.csv] - DEBUG - Incoming data. Topic 6/pos, mensaje {"x": 146.41, "y": 14.51, "yaw": -2.984, "timestamp": 1780404286.2825952}
2026-06-02 14:44:46.286 - [robot_6_log_20260602_144405.csv] - DEBUG - Posición actualizada por visión: x=146.41, y=14.51, θ=-2.98
2026-06-02 14:44:46.286 - [robot_6_log_20260602_144405.csv] - DEBUG - Frecuencia: 16.17 Hz | Latencia Red/Proc: 4.19 ms
2026-06-02 14:44:46.286 - [robot_6_log_20260602_144405.csv] - DEBUG - Incoming data. Topic 6/pos, mensaje {"x": 146.41, "y": 14.51, "yaw": -2.984, "timestamp": 1780404286.2825952}
2026-06-02 14:44:46.286 - [robot_6_log_20260602_144405.csv] - DEBUG - Posición actualizada por visión: x=146.41, y=14.51, θ=-2.98
2026-06-02 14:44:46.286 - [robot_6_log_20260602_144405.csv] - DEBUG - Frecuencia: 8176.03 Hz | Latencia Red/Proc: 4.31 ms
2026-06-02 14:44:46.287 - [robot_6_log_20260602_144405.csv] - INFO - Usando posición VISION: x=146.41, y=14.51, θ=-2.98
2026-06-02 14:44:46.287 - [robot_6_log_20260602_144405.csv] - INFO - Distancias a paredes: Left: 146.41, Right: 303.59, Top: 125.49, Bottom: 14.51
2026-06-02 14:44:46.287 - [robot_6_log_20260602_144405.csv] - INFO - Posicion: 146.41, 14.51, -2.984 | Velocidad: 0.15694114920356406, -0.9876079564719316
2026-06-02 14:44:46.287 - [robot_6_log_20260602_144405.csv] - INFO - ABAJO
2026-06-02 14:44:46.287 - [robot_6_log_20260602_144405.csv] - WARNING - Estado FSM: RETROCEDE | Target Wall: ABAJO | Target Theta: 172.46° |theta: -170.97060606703766 
2026-06-02 14:44:46.303 - [robot_6_log_20260602_144405.csv] - DEBUG - Incoming data. Topic 6/pos, mensaje {"x": 146.41, "y": 14.51, "yaw": -2.984, "timestamp": 1780404286.2928143}
2026-06-02 14:44:46.308 - [robot_6_log_20260602_144405.csv] - DEBUG - Posición actualizada por visión: x=146.41, y=14.51, θ=-2.98
2026-06-02 14:44:46.308 - [robot_6_log_20260602_144405.csv] - DEBUG - Frecuencia: 45.89 Hz | Latencia Red/Proc: 15.88 ms
2026-06-02 14:44:46.314 - [robot_6_log_20260602_144405.csv] - DEBUG - Incoming data. Topic 6/pos, mensaje {"x": 146.41, "y": 14.51, "yaw": -2.984, "timestamp": 1780404286.2928143}
2026-06-02 14:44:46.320 - [robot_6_log_20260602_144405.csv] - DEBUG - Posición actualizada por visión: x=146.41, y=14.51, θ=-2.98
2026-06-02 14:44:46.325 - [robot_6_log_20260602_144405.csv] - DEBUG - Frecuencia: 60.91 Hz | Latencia Red/Proc: 32.30 ms
2026-06-02 14:44:46.337 - [robot_6_log_20260602_144405.csv] - INFO - Usando posición VISION: x=146.41, y=14.51, θ=-2.98
2026-06-02 14:44:46.337 - [robot_6_log_20260602_144405.csv] - INFO - Distancias a paredes: Left: 146.41, Right: 303.59, Top: 125.49, Bottom: 14.51
2026-06-02 14:44:46.337 - [robot_6_log_20260602_144405.csv] - INFO - Posicion: 146.41, 14.51, -2.984 | Velocidad: 0.15694114920356406, -0.9876079564719316
2026-06-02 14:44:46.337 - [robot_6_log_20260602_144405.csv] - INFO - ABAJO
2026-06-02 14:44:46.337 - [robot_6_log_20260602_144405.csv] - WARNING - Estado FSM: RETROCEDE | Target Wall: ABAJO | Target Theta: 172.46° |theta: -170.97060606703766 
2026-06-02 14:44:46.342 - [robot_6_log_20260602_144405.csv] - DEBUG - Incoming data. Topic agent/6/wheel, mensaje {"Wleft":6.063826817,"Wright":16.02225523}
2026-06-02 14:44:46.355 - [robot_6_log_20260602_144405.csv] - DEBUG - Incoming data. Topic agent/6/wheel, mensaje {"Wleft":6.067002118,"Wright":12}
2026-06-02 14:44:46.385 - [robot_6_log_20260602_144405.csv] - DEBUG - Incoming data. Topic 6/pos, mensaje {"x": 146.5, "y": 14.52, "yaw": -2.977, "timestamp": 1780404286.3821962}
2026-06-02 14:44:46.385 - [robot_6_log_20260602_144405.csv] - DEBUG - Posición actualizada por visión: x=146.50, y=14.52, θ=-2.98
2026-06-02 14:44:46.386 - [robot_6_log_20260602_144405.csv] - DEBUG - Frecuencia: 16.42 Hz | Latencia Red/Proc: 3.80 ms
2026-06-02 14:44:46.386 - [robot_6_log_20260602_144405.csv] - DEBUG - Incoming data. Topic 6/pos, mensaje {"x": 146.5, "y": 14.52, "yaw": -2.977, "timestamp": 1780404286.3821962}
2026-06-02 14:44:46.386 - [robot_6_log_20260602_144405.csv] - DEBUG - Posición actualizada por visión: x=146.50, y=14.52, θ=-2.98
2026-06-02 14:44:46.386 - [robot_6_log_20260602_144405.csv] - DEBUG - Frecuencia: 10922.67 Hz | Latencia Red/Proc: 3.89 ms
2026-06-02 14:44:46.387 - [robot_6_log_20260602_144405.csv] - INFO - Usando posición VISION: x=146.50, y=14.52, θ=-2.98
2026-06-02 14:44:46.387 - [robot_6_log_20260602_144405.csv] - INFO - Distancias a paredes: Left: 146.50, Right: 303.50, Top: 125.48, Bottom: 14.52
2026-06-02 14:44:46.387 - [robot_6_log_20260602_144405.csv] - INFO - Posicion: 146.5, 14.52, -2.977 | Velocidad: 0.16385050339829632, -0.9864851811031552
2026-06-02 14:44:46.387 - [robot_6_log_20260602_144405.csv] - INFO - ABAJO
2026-06-02 14:44:46.387 - [robot_6_log_20260602_144405.csv] - WARNING - Estado FSM: RETROCEDE | Target Wall: ABAJO | Target Theta: 172.46° |theta: -170.56953561044608 
2026-06-02 14:44:46.393 - [robot_6_log_20260602_144405.csv] - DEBUG - Incoming data. Topic 6/pos, mensaje {"x": 146.5, "y": 14.52, "yaw": -2.977, "timestamp": 1780404286.3909707}
2026-06-02 14:44:46.398 - [robot_6_log_20260602_144405.csv] - DEBUG - Posición actualizada por visión: x=146.50, y=14.52, θ=-2.98
2026-06-02 14:44:46.403 - [robot_6_log_20260602_144405.csv] - DEBUG - Frecuencia: 56.63 Hz | Latencia Red/Proc: 12.78 ms
2026-06-02 14:44:46.408 - [robot_6_log_20260602_144405.csv] - DEBUG - Incoming data. Topic 6/pos, mensaje {"x": 146.5, "y": 14.52, "yaw": -2.977, "timestamp": 1780404286.3909707}
2026-06-02 14:44:46.414 - [robot_6_log_20260602_144405.csv] - DEBUG - Posición actualizada por visión: x=146.50, y=14.52, θ=-2.98
2026-06-02 14:44:46.414 - [robot_6_log_20260602_144405.csv] - DEBUG - Frecuencia: 95.20 Hz | Latencia Red/Proc: 23.28 ms
2026-06-02 14:44:46.437 - [robot_6_log_20260602_144405.csv] - INFO - Usando posición VISION: x=146.50, y=14.52, θ=-2.98
2026-06-02 14:44:46.437 - [robot_6_log_20260602_144405.csv] - INFO - Distancias a paredes: Left: 146.50, Right: 303.50, Top: 125.48, Bottom: 14.52
2026-06-02 14:44:46.437 - [robot_6_log_20260602_144405.csv] - INFO - Posicion: 146.5, 14.52, -2.977 | Velocidad: 0.16385050339829632, -0.9864851811031552
2026-06-02 14:44:46.437 - [robot_6_log_20260602_144405.csv] - INFO - ABAJO
2026-06-02 14:44:46.437 - [robot_6_log_20260602_144405.csv] - WARNING - Estado FSM: RETROCEDE | Target Wall: ABAJO | Target Theta: 172.46° |theta: -170.56953561044608 
2026-06-02 14:44:46.486 - [robot_6_log_20260602_144405.csv] - DEBUG - Incoming data. Topic 6/pos, mensaje {"x": 146.51, "y": 14.55, "yaw": -2.975, "timestamp": 1780404286.483509}
2026-06-02 14:44:46.487 - [robot_6_log_20260602_144405.csv] - INFO - Usando posición VISION: x=146.50, y=14.52, θ=-2.98
2026-06-02 14:44:46.487 - [robot_6_log_20260602_144405.csv] - INFO - Distancias a paredes: Left: 146.50, Right: 303.50, Top: 125.48, Bottom: 14.52
2026-06-02 14:44:46.487 - [robot_6_log_20260602_144405.csv] - DEBUG - Posición actualizada por visión: x=146.51, y=14.55, θ=-2.98
2026-06-02 14:44:46.487 - [robot_6_log_20260602_144405.csv] - INFO - Posicion: 146.5, 14.52, -2.977 | Velocidad: 0.16385050339829632, -0.9864851811031552
2026-06-02 14:44:46.487 - [robot_6_log_20260602_144405.csv] - INFO - ABAJO
2026-06-02 14:44:46.487 - [robot_6_log_20260602_144405.csv] - DEBUG - Frecuencia: 13.65 Hz | Latencia Red/Proc: 4.00 ms
2026-06-02 14:44:46.487 - [robot_6_log_20260602_144405.csv] - WARNING - Estado FSM: RETROCEDE | Target Wall: ABAJO | Target Theta: 172.46° |theta: -170.56953561044608 
2026-06-02 14:44:46.487 - [robot_6_log_20260602_144405.csv] - DEBUG - Incoming data. Topic 6/pos, mensaje {"x": 146.51, "y": 14.55, "yaw": -2.975, "timestamp": 1780404286.483509}
2026-06-02 14:44:46.492 - [robot_6_log_20260602_144405.csv] - DEBUG - Posición actualizada por visión: x=146.51, y=14.55, θ=-2.98
2026-06-02 14:44:46.498 - [robot_6_log_20260602_144405.csv] - DEBUG - Frecuencia: 94.86 Hz | Latencia Red/Proc: 14.54 ms
2026-06-02 14:44:46.509 - [robot_6_log_20260602_144405.csv] - DEBUG - Incoming data. Topic 6/pos, mensaje {"x": 146.51, "y": 14.55, "yaw": -2.975, "timestamp": 1780404286.4942186}
2026-06-02 14:44:46.514 - [robot_6_log_20260602_144405.csv] - DEBUG - Posición actualizada por visión: x=146.51, y=14.55, θ=-2.98
2026-06-02 14:44:46.519 - [robot_6_log_20260602_144405.csv] - DEBUG - Frecuencia: 46.09 Hz | Latencia Red/Proc: 25.53 ms
2026-06-02 14:44:46.531 - [robot_6_log_20260602_144405.csv] - DEBUG - Incoming data. Topic agent/6/wheel, mensaje {"Wleft":6.091426275,"Wright":12}
2026-06-02 14:44:46.537 - [robot_6_log_20260602_144405.csv] - INFO - Usando posición VISION: x=146.51, y=14.55, θ=-2.98
2026-06-02 14:44:46.537 - [robot_6_log_20260602_144405.csv] - INFO - Distancias a paredes: Left: 146.51, Right: 303.49, Top: 125.45, Bottom: 14.55
2026-06-02 14:44:46.537 - [robot_6_log_20260602_144405.csv] - INFO - Posicion: 146.51, 14.55, -2.975 | Velocidad: 0.16582314474429155, -0.9861555073451214
2026-06-02 14:44:46.537 - [robot_6_log_20260602_144405.csv] - INFO - ABAJO
2026-06-02 14:44:46.537 - [robot_6_log_20260602_144405.csv] - DEBUG - Incoming data. Topic 6/pos, mensaje {"x": 146.51, "y": 14.55, "yaw": -2.975, "timestamp": 1780404286.4942186}
2026-06-02 14:44:46.537 - [robot_6_log_20260602_144405.csv] - WARNING - Estado FSM: RETROCEDE | Target Wall: ABAJO | Target Theta: 172.46° |theta: -170.45494405141991 
2026-06-02 14:44:46.537 - [robot_6_log_20260602_144405.csv] - DEBUG - Posición actualizada por visión: x=146.51, y=14.55, θ=-2.98
2026-06-02 14:44:46.542 - [robot_6_log_20260602_144405.csv] - DEBUG - Frecuencia: 43.38 Hz | Latencia Red/Proc: 48.58 ms
2026-06-02 14:44:46.565 - [robot_6_log_20260602_144405.csv] - DEBUG - Incoming data. Topic agent/6/wheel, mensaje {"Wleft":6.066312365,"Wright":12}
2026-06-02 14:44:46.587 - [robot_6_log_20260602_144405.csv] - INFO - Usando posición VISION: x=146.51, y=14.55, θ=-2.98
2026-06-02 14:44:46.587 - [robot_6_log_20260602_144405.csv] - INFO - Distancias a paredes: Left: 146.51, Right: 303.49, Top: 125.45, Bottom: 14.55
2026-06-02 14:44:46.587 - [robot_6_log_20260602_144405.csv] - INFO - Posicion: 146.51, 14.55, -2.975 | Velocidad: 0.16582314474429155, -0.9861555073451214
2026-06-02 14:44:46.587 - [robot_6_log_20260602_144405.csv] - INFO - ABAJO
2026-06-02 14:44:46.587 - [robot_6_log_20260602_144405.csv] - WARNING - Estado FSM: RETROCEDE | Target Wall: ABAJO | Target Theta: 172.46° |theta: -170.45494405141991 
2026-06-02 14:44:46.598 - [robot_6_log_20260602_144405.csv] - DEBUG - Incoming data. Topic 6/pos, mensaje {"x": 146.53, "y": 14.57, "yaw": -2.945, "timestamp": 1780404286.5873203}
2026-06-02 14:44:46.603 - [robot_6_log_20260602_144405.csv] - DEBUG - Posición actualizada por visión: x=146.53, y=14.57, θ=-2.94
2026-06-02 14:44:46.609 - [robot_6_log_20260602_144405.csv] - DEBUG - Frecuencia: 15.01 Hz | Latencia Red/Proc: 22.09 ms
2026-06-02 14:44:46.614 - [robot_6_log_20260602_144405.csv] - DEBUG - Incoming data. Topic 6/pos, mensaje {"x": 146.53, "y": 14.57, "yaw": -2.945, "timestamp": 1780404286.5873203}
2026-06-02 14:44:46.620 - [robot_6_log_20260602_144405.csv] - DEBUG - Posición actualizada por visión: x=146.53, y=14.57, θ=-2.94
2026-06-02 14:44:46.620 - [robot_6_log_20260602_144405.csv] - DEBUG - Frecuencia: 86.71 Hz | Latencia Red/Proc: 33.62 ms
2026-06-02 14:44:46.636 - [robot_6_log_20260602_144405.csv] - DEBUG - Incoming data. Topic 6/pos, mensaje {"x": 146.53, "y": 14.57, "yaw": -2.945, "timestamp": 1780404286.5982654}
2026-06-02 14:44:46.637 - [robot_6_log_20260602_144405.csv] - INFO - Usando posición VISION: x=146.53, y=14.57, θ=-2.94
2026-06-02 14:44:46.637 - [robot_6_log_20260602_144405.csv] - INFO - Distancias a paredes: Left: 146.53, Right: 303.47, Top: 125.43, Bottom: 14.57
2026-06-02 14:44:46.637 - [robot_6_log_20260602_144405.csv] - INFO - Posicion: 146.53, 14.57, -2.945 | Velocidad: 0.1953287576457829, -0.9807378224768101
2026-06-02 14:44:46.637 - [robot_6_log_20260602_144405.csv] - INFO - ABAJO
2026-06-02 14:44:46.637 - [robot_6_log_20260602_144405.csv] - DEBUG - Posición actualizada por visión: x=146.53, y=14.57, θ=-2.94
2026-06-02 14:44:46.637 - [robot_6_log_20260602_144405.csv] - WARNING - Estado FSM: RETROCEDE | Target Wall: ABAJO | Target Theta: 172.46° |theta: -168.73607066602744 
2026-06-02 14:44:46.637 - [robot_6_log_20260602_144405.csv] - DEBUG - Frecuencia: 59.81 Hz | Latencia Red/Proc: 39.40 ms
2026-06-02 14:44:46.643 - [robot_6_log_20260602_144405.csv] - DEBUG - Incoming data. Topic 6/pos, mensaje {"x": 146.53, "y": 14.57, "yaw": -2.945, "timestamp": 1780404286.5982654}
2026-06-02 14:44:46.643 - [robot_6_log_20260602_144405.csv] - DEBUG - Posición actualizada por visión: x=146.53, y=14.57, θ=-2.94
2026-06-02 14:44:46.643 - [robot_6_log_20260602_144405.csv] - DEBUG - Frecuencia: 184.26 Hz | Latencia Red/Proc: 44.83 ms
2026-06-02 14:44:46.660 - [robot_6_log_20260602_144405.csv] - DEBUG - Incoming data. Topic agent/6/wheel, mensaje {"Wleft":6.068182509,"Wright":16.02250973}
2026-06-02 14:44:46.687 - [robot_6_log_20260602_144405.csv] - INFO - Usando posición VISION: x=146.53, y=14.57, θ=-2.94
2026-06-02 14:44:46.687 - [robot_6_log_20260602_144405.csv] - INFO - Distancias a paredes: Left: 146.53, Right: 303.47, Top: 125.43, Bottom: 14.57
2026-06-02 14:44:46.687 - [robot_6_log_20260602_144405.csv] - INFO - Posicion: 146.53, 14.57, -2.945 | Velocidad: 0.1953287576457829, -0.9807378224768101
2026-06-02 14:44:46.687 - [robot_6_log_20260602_144405.csv] - INFO - ABAJO
2026-06-02 14:44:46.687 - [robot_6_log_20260602_144405.csv] - DEBUG - Incoming data. Topic 6/pos, mensaje {"x": 146.52, "y": 14.54, "yaw": -2.942, "timestamp": 1780404286.6852012}
2026-06-02 14:44:46.687 - [robot_6_log_20260602_144405.csv] - DEBUG - Posición actualizada por visión: x=146.52, y=14.54, θ=-2.94
2026-06-02 14:44:46.687 - [robot_6_log_20260602_144405.csv] - DEBUG - Frecuencia: 22.38 Hz | Latencia Red/Proc: 2.57 ms
2026-06-02 14:44:46.687 - [robot_6_log_20260602_144405.csv] - DEBUG - Incoming data. Topic 6/pos, mensaje {"x": 146.52, "y": 14.54, "yaw": -2.942, "timestamp": 1780404286.6852012}
2026-06-02 14:44:46.687 - [robot_6_log_20260602_144405.csv] - DEBUG - Posición actualizada por visión: x=146.52, y=14.54, θ=-2.94
2026-06-02 14:44:46.687 - [robot_6_log_20260602_144405.csv] - DEBUG - Frecuencia: 10280.16 Hz | Latencia Red/Proc: 2.67 ms
2026-06-02 14:44:46.687 - [robot_6_log_20260602_144405.csv] - WARNING - Estado FSM: RETROCEDE | Target Wall: ABAJO | Target Theta: 172.46° |theta: -168.73607066602744 
2026-06-02 14:44:46.699 - [robot_6_log_20260602_144405.csv] - DEBUG - Incoming data. Topic 6/pos, mensaje {"x": 146.52, "y": 14.54, "yaw": -2.942, "timestamp": 1780404286.6959548}
2026-06-02 14:44:46.699 - [robot_6_log_20260602_144405.csv] - DEBUG - Posición actualizada por visión: x=146.52, y=14.54, θ=-2.94
2026-06-02 14:44:46.699 - [robot_6_log_20260602_144405.csv] - DEBUG - Frecuencia: 83.16 Hz | Latencia Red/Proc: 3.94 ms
2026-06-02 14:44:46.699 - [robot_6_log_20260602_144405.csv] - DEBUG - Incoming data. Topic 6/pos, mensaje {"x": 146.52, "y": 14.54, "yaw": -2.942, "timestamp": 1780404286.6959548}
2026-06-02 14:44:46.699 - [robot_6_log_20260602_144405.csv] - DEBUG - Posición actualizada por visión: x=146.52, y=14.54, θ=-2.94
2026-06-02 14:44:46.710 - [robot_6_log_20260602_144405.csv] - DEBUG - Frecuencia: 96.35 Hz | Latencia Red/Proc: 14.32 ms
2026-06-02 14:44:46.737 - [robot_6_log_20260602_144405.csv] - INFO - Usando posición VISION: x=146.52, y=14.54, θ=-2.94
2026-06-02 14:44:46.737 - [robot_6_log_20260602_144405.csv] - INFO - Distancias a paredes: Left: 146.52, Right: 303.48, Top: 125.46, Bottom: 14.54
2026-06-02 14:44:46.737 - [robot_6_log_20260602_144405.csv] - INFO - Posicion: 146.52, 14.54, -2.942 | Velocidad: 0.19827008772114463, -0.9801474237659606
2026-06-02 14:44:46.737 - [robot_6_log_20260602_144405.csv] - INFO - ABAJO
2026-06-02 14:44:46.737 - [robot_6_log_20260602_144405.csv] - WARNING - Estado FSM: RETROCEDE | Target Wall: ABAJO | Target Theta: 172.46° |theta: -168.5641833274882 
2026-06-02 14:44:46.786 - [robot_6_log_20260602_144405.csv] - DEBUG - Incoming data. Topic 6/pos, mensaje {"x": 146.52, "y": 14.49, "yaw": -2.928, "timestamp": 1780404286.7823958}
2026-06-02 14:44:46.787 - [robot_6_log_20260602_144405.csv] - INFO - Usando posición VISION: x=146.52, y=14.54, θ=-2.94
2026-06-02 14:44:46.787 - [robot_6_log_20260602_144405.csv] - INFO - Distancias a paredes: Left: 146.52, Right: 303.48, Top: 125.46, Bottom: 14.54
2026-06-02 14:44:46.787 - [robot_6_log_20260602_144405.csv] - INFO - Posicion: 146.52, 14.54, -2.942 | Velocidad: 0.19827008772114463, -0.9801474237659606
2026-06-02 14:44:46.787 - [robot_6_log_20260602_144405.csv] - DEBUG - Posición actualizada por visión: x=146.52, y=14.49, θ=-2.93
2026-06-02 14:44:46.787 - [robot_6_log_20260602_144405.csv] - INFO - ABAJO
2026-06-02 14:44:46.787 - [robot_6_log_20260602_144405.csv] - WARNING - Estado FSM: RETROCEDE | Target Wall: ABAJO | Target Theta: 172.46° |theta: -168.5641833274882 
2026-06-02 14:44:46.787 - [robot_6_log_20260602_144405.csv] - DEBUG - Frecuencia: 12.91 Hz | Latencia Red/Proc: 5.34 ms
2026-06-02 14:44:46.803 - [robot_6_log_20260602_144405.csv] - DEBUG - Incoming data. Topic 6/pos, mensaje {"x": 146.52, "y": 14.49, "yaw": -2.928, "timestamp": 1780404286.7823958}
2026-06-02 14:44:46.808 - [robot_6_log_20260602_144405.csv] - DEBUG - Posición actualizada por visión: x=146.52, y=14.49, θ=-2.93
2026-06-02 14:44:46.814 - [robot_6_log_20260602_144405.csv] - DEBUG - Frecuencia: 37.37 Hz | Latencia Red/Proc: 32.10 ms
2026-06-02 14:44:46.819 - [robot_6_log_20260602_144405.csv] - DEBUG - Incoming data. Topic 6/pos, mensaje {"x": 146.52, "y": 14.49, "yaw": -2.928, "timestamp": 1780404286.7931366}
2026-06-02 14:44:46.819 - [robot_6_log_20260602_144405.csv] - DEBUG - Posición actualizada por visión: x=146.52, y=14.49, θ=-2.93
2026-06-02 14:44:46.819 - [robot_6_log_20260602_144405.csv] - DEBUG - Frecuencia: 186.50 Hz | Latencia Red/Proc: 26.73 ms
2026-06-02 14:44:46.819 - [robot_6_log_20260602_144405.csv] - DEBUG - Incoming data. Topic 6/pos, mensaje {"x": 146.52, "y": 14.49, "yaw": -2.928, "timestamp": 1780404286.7931366}
2026-06-02 14:44:46.819 - [robot_6_log_20260602_144405.csv] - DEBUG - Posición actualizada por visión: x=146.52, y=14.49, θ=-2.93
2026-06-02 14:44:46.819 - [robot_6_log_20260602_144405.csv] - DEBUG - Frecuencia: 11881.88 Hz | Latencia Red/Proc: 26.81 ms
2026-06-02 14:44:46.837 - [robot_6_log_20260602_144405.csv] - INFO - Usando posición VISION: x=146.52, y=14.49, θ=-2.93
2026-06-02 14:44:46.837 - [robot_6_log_20260602_144405.csv] - INFO - Distancias a paredes: Left: 146.52, Right: 303.48, Top: 125.51, Bottom: 14.49
2026-06-02 14:44:46.837 - [robot_6_log_20260602_144405.csv] - INFO - Posicion: 146.52, 14.49, -2.928 | Velocidad: 0.21197227325293827, -0.977275680333846
2026-06-02 14:44:46.837 - [robot_6_log_20260602_144405.csv] - INFO - ABAJO
2026-06-02 14:44:46.837 - [robot_6_log_20260602_144405.csv] - WARNING - Estado FSM: RETROCEDE | Target Wall: ABAJO | Target Theta: 172.46° |theta: -167.76204241430503 
2026-06-02 14:44:46.842 - [robot_6_log_20260602_144405.csv] - DEBUG - Incoming data. Topic agent/6/wheel, mensaje {"Wleft":4.045879771,"Wright":6}
2026-06-02 14:44:46.855 - [robot_6_log_20260602_144405.csv] - DEBUG - Incoming data. Topic agent/6/wheel, mensaje {"Wleft":4.044748979,"Wright":20}
2026-06-02 14:44:46.887 - [robot_6_log_20260602_144405.csv] - INFO - Usando posición VISION: x=146.52, y=14.49, θ=-2.93
2026-06-02 14:44:46.887 - [robot_6_log_20260602_144405.csv] - DEBUG - Incoming data. Topic 6/pos, mensaje {"x": 146.49, "y": 14.47, "yaw": -2.924, "timestamp": 1780404286.8864808}
2026-06-02 14:44:46.887 - [robot_6_log_20260602_144405.csv] - INFO - Distancias a paredes: Left: 146.52, Right: 303.48, Top: 125.51, Bottom: 14.49
2026-06-02 14:44:46.887 - [robot_6_log_20260602_144405.csv] - DEBUG - Posición actualizada por visión: x=146.49, y=14.47, θ=-2.92
2026-06-02 14:44:46.887 - [robot_6_log_20260602_144405.csv] - INFO - Posicion: 146.52, 14.49, -2.928 | Velocidad: 0.21197227325293827, -0.977275680333846
2026-06-02 14:44:46.887 - [robot_6_log_20260602_144405.csv] - DEBUG - Frecuencia: 14.81 Hz | Latencia Red/Proc: 1.00 ms
2026-06-02 14:44:46.887 - [robot_6_log_20260602_144405.csv] - INFO - ABAJO
2026-06-02 14:44:46.887 - [robot_6_log_20260602_144405.csv] - DEBUG - Incoming data. Topic 6/pos, mensaje {"x": 146.49, "y": 14.47, "yaw": -2.924, "timestamp": 1780404286.8864808}
2026-06-02 14:44:46.887 - [robot_6_log_20260602_144405.csv] - WARNING - Estado FSM: PARANDO_PARA_GIRAR | Target Wall: ABAJO | Target Theta: 172.46° |theta: -167.76204241430503 
2026-06-02 14:44:46.887 - [robot_6_log_20260602_144405.csv] - DEBUG - Posición actualizada por visión: x=146.49, y=14.47, θ=-2.92
2026-06-02 14:44:46.897 - [robot_6_log_20260602_144405.csv] - DEBUG - Frecuencia: 96.59 Hz | Latencia Red/Proc: 11.35 ms
2026-06-02 14:44:46.908 - [robot_6_log_20260602_144405.csv] - DEBUG - Incoming data. Topic 6/pos, mensaje {"x": 146.49, "y": 14.47, "yaw": -2.924, "timestamp": 1780404286.8959043}
2026-06-02 14:44:46.913 - [robot_6_log_20260602_144405.csv] - DEBUG - Posición actualizada por visión: x=146.49, y=14.47, θ=-2.92
2026-06-02 14:44:46.913 - [robot_6_log_20260602_144405.csv] - DEBUG - Frecuencia: 65.28 Hz | Latencia Red/Proc: 17.25 ms
2026-06-02 14:44:46.918 - [robot_6_log_20260602_144405.csv] - DEBUG - Despachado a ZMQ -> agent/6/move: {'v': 0.0, 'w': 0.0}
2026-06-02 14:44:46.923 - [robot_6_log_20260602_144405.csv] - DEBUG - Incoming data. Topic 6/pos, mensaje {"x": 146.49, "y": 14.47, "yaw": -2.924, "timestamp": 1780404286.8959043}
2026-06-02 14:44:46.928 - [robot_6_log_20260602_144405.csv] - DEBUG - Posición actualizada por visión: x=146.49, y=14.47, θ=-2.92
2026-06-02 14:44:46.928 - [robot_6_log_20260602_144405.csv] - DEBUG - Frecuencia: 64.75 Hz | Latencia Red/Proc: 32.69 ms
2026-06-02 14:44:46.937 - [robot_6_log_20260602_144405.csv] - INFO - Usando posición VISION: x=146.49, y=14.47, θ=-2.92
2026-06-02 14:44:46.937 - [robot_6_log_20260602_144405.csv] - INFO - Distancias a paredes: Left: 146.49, Right: 303.51, Top: 125.53, Bottom: 14.47
2026-06-02 14:44:46.937 - [robot_6_log_20260602_144405.csv] - INFO - Posicion: 146.49, 14.47, -2.924 | Velocidad: 0.21587966977408307, -0.9764199753068517
2026-06-02 14:44:46.937 - [robot_6_log_20260602_144405.csv] - INFO - ABAJO
2026-06-02 14:44:46.937 - [robot_6_log_20260602_144405.csv] - WARNING - Estado FSM: PARANDO_PARA_GIRAR | Target Wall: ABAJO | Target Theta: 172.46° |theta: -167.5328592962527 
2026-06-02 14:44:46.986 - [robot_6_log_20260602_144405.csv] - DEBUG - Incoming data. Topic 6/pos, mensaje {"x": 146.43, "y": 14.41, "yaw": -2.941, "timestamp": 1780404286.9823208}
2026-06-02 14:44:46.987 - [robot_6_log_20260602_144405.csv] - INFO - Usando posición VISION: x=146.49, y=14.47, θ=-2.92
2026-06-02 14:44:46.987 - [robot_6_log_20260602_144405.csv] - DEBUG - Posición actualizada por visión: x=146.43, y=14.41, θ=-2.94
2026-06-02 14:44:46.987 - [robot_6_log_20260602_144405.csv] - INFO - Distancias a paredes: Left: 146.49, Right: 303.51, Top: 125.53, Bottom: 14.47
2026-06-02 14:44:46.987 - [robot_6_log_20260602_144405.csv] - DEBUG - Frecuencia: 17.01 Hz | Latencia Red/Proc: 5.07 ms
2026-06-02 14:44:46.987 - [robot_6_log_20260602_144405.csv] - INFO - Posicion: 146.49, 14.47, -2.924 | Velocidad: 0.21587966977408307, -0.9764199753068517
2026-06-02 14:44:46.987 - [robot_6_log_20260602_144405.csv] - INFO - ABAJO
2026-06-02 14:44:46.987 - [robot_6_log_20260602_144405.csv] - DEBUG - Incoming data. Topic 6/pos, mensaje {"x": 146.43, "y": 14.41, "yaw": -2.941, "timestamp": 1780404286.9823208}
2026-06-02 14:44:46.987 - [robot_6_log_20260602_144405.csv] - DEBUG - Posición actualizada por visión: x=146.43, y=14.41, θ=-2.94
2026-06-02 14:44:46.987 - [robot_6_log_20260602_144405.csv] - DEBUG - Frecuencia: 7133.17 Hz | Latencia Red/Proc: 5.21 ms
2026-06-02 14:44:46.987 - [robot_6_log_20260602_144405.csv] - WARNING - Estado FSM: PARANDO_PARA_GIRAR | Target Wall: ABAJO | Target Theta: 172.46° |theta: -167.5328592962527 
2026-06-02 14:44:46.993 - [robot_6_log_20260602_144405.csv] - DEBUG - Incoming data. Topic 6/pos, mensaje {"x": 146.43, "y": 14.41, "yaw": -2.941, "timestamp": 1780404286.9908726}
2026-06-02 14:44:46.998 - [robot_6_log_20260602_144405.csv] - DEBUG - Posición actualizada por visión: x=146.43, y=14.41, θ=-2.94
2026-06-02 14:44:46.998 - [robot_6_log_20260602_144405.csv] - DEBUG - Frecuencia: 90.36 Hz | Latencia Red/Proc: 7.73 ms
2026-06-02 14:44:47.003 - [robot_6_log_20260602_144405.csv] - DEBUG - Incoming data. Topic 6/pos, mensaje {"x": 146.43, "y": 14.41, "yaw": -2.941, "timestamp": 1780404286.9908726}
2026-06-02 14:44:47.008 - [robot_6_log_20260602_144405.csv] - DEBUG - Posición actualizada por visión: x=146.43, y=14.41, θ=-2.94
2026-06-02 14:44:47.008 - [robot_6_log_20260602_144405.csv] - DEBUG - Frecuencia: 97.85 Hz | Latencia Red/Proc: 17.94 ms
2026-06-02 14:44:47.033 - [robot_6_log_20260602_144405.csv] - DEBUG - Incoming data. Topic agent/6/wheel, mensaje {"Wleft":8.066871364,"Wright":6}
2026-06-02 14:44:47.037 - [robot_6_log_20260602_144405.csv] - INFO - Usando posición VISION: x=146.43, y=14.41, θ=-2.94
2026-06-02 14:44:47.037 - [robot_6_log_20260602_144405.csv] - INFO - Distancias a paredes: Left: 146.43, Right: 303.57, Top: 125.59, Bottom: 14.41
2026-06-02 14:44:47.037 - [robot_6_log_20260602_144405.csv] - INFO - Posicion: 146.43, 14.41, -2.941 | Velocidad: 0.1992501358465174, -0.9799486636376133
2026-06-02 14:44:47.037 - [robot_6_log_20260602_144405.csv] - INFO - ABAJO
2026-06-02 14:44:47.037 - [robot_6_log_20260602_144405.csv] - WARNING - Estado FSM: PARANDO_PARA_GIRAR | Target Wall: ABAJO | Target Theta: 172.46° |theta: -168.5068875479751 
2026-06-02 14:44:47.073 - [robot_6_log_20260602_144405.csv] - DEBUG - Incoming data. Topic agent/6/wheel, mensaje {"Wleft":4.045127767,"Wright":0.157295787}
2026-06-02 14:44:47.084 - [robot_6_log_20260602_144405.csv] - DEBUG - Incoming data. Topic 6/pos, mensaje {"x": 146.42, "y": 14.35, "yaw": -2.938, "timestamp": 1780404287.0817785}
2026-06-02 14:44:47.087 - [robot_6_log_20260602_144405.csv] - INFO - Usando posición VISION: x=146.43, y=14.41, θ=-2.94
2026-06-02 14:44:47.087 - [robot_6_log_20260602_144405.csv] - DEBUG - Posición actualizada por visión: x=146.42, y=14.35, θ=-2.94
2026-06-02 14:44:47.087 - [robot_6_log_20260602_144405.csv] - INFO - Distancias a paredes: Left: 146.43, Right: 303.57, Top: 125.59, Bottom: 14.41
2026-06-02 14:44:47.087 - [robot_6_log_20260602_144405.csv] - DEBUG - Frecuencia: 12.69 Hz | Latencia Red/Proc: 5.82 ms
2026-06-02 14:44:47.087 - [robot_6_log_20260602_144405.csv] - INFO - Posicion: 146.43, 14.41, -2.941 | Velocidad: 0.1992501358465174, -0.9799486636376133
2026-06-02 14:44:47.087 - [robot_6_log_20260602_144405.csv] - INFO - ABAJO
2026-06-02 14:44:47.087 - [robot_6_log_20260602_144405.csv] - WARNING - Estado FSM: PARANDO_PARA_GIRAR | Target Wall: ABAJO | Target Theta: 172.46° |theta: -168.5068875479751 
2026-06-02 14:44:47.097 - [robot_6_log_20260602_144405.csv] - DEBUG - Incoming data. Topic 6/pos, mensaje {"x": 146.42, "y": 14.35, "yaw": -2.938, "timestamp": 1780404287.0817785}
2026-06-02 14:44:47.103 - [robot_6_log_20260602_144405.csv] - DEBUG - Posición actualizada por visión: x=146.42, y=14.35, θ=-2.94
2026-06-02 14:44:47.108 - [robot_6_log_20260602_144405.csv] - DEBUG - Frecuencia: 48.51 Hz | Latencia Red/Proc: 26.44 ms
2026-06-02 14:44:47.124 - [robot_6_log_20260602_144405.csv] - DEBUG - Incoming data. Topic 6/pos, mensaje {"x": 146.42, "y": 14.35, "yaw": -2.938, "timestamp": 1780404287.090779}
2026-06-02 14:44:47.135 - [robot_6_log_20260602_144405.csv] - DEBUG - Posición actualizada por visión: x=146.42, y=14.35, θ=-2.94
2026-06-02 14:44:47.137 - [robot_6_log_20260602_144405.csv] - INFO - Usando posición VISION: x=146.42, y=14.35, θ=-2.94
2026-06-02 14:44:47.137 - [robot_6_log_20260602_144405.csv] - INFO - Distancias a paredes: Left: 146.42, Right: 303.58, Top: 125.65, Bottom: 14.35
2026-06-02 14:44:47.137 - [robot_6_log_20260602_144405.csv] - INFO - Posicion: 146.42, 14.35, -2.938 | Velocidad: 0.20218908080272407, -0.9793465043610201
2026-06-02 14:44:47.137 - [robot_6_log_20260602_144405.csv] - INFO - ABAJO
2026-06-02 14:44:47.137 - [robot_6_log_20260602_144405.csv] - DEBUG - Frecuencia: 34.27 Hz | Latencia Red/Proc: 46.61 ms
2026-06-02 14:44:47.137 - [robot_6_log_20260602_144405.csv] - WARNING - Estado FSM: PARANDO_PARA_GIRAR | Target Wall: ABAJO | Target Theta: 172.46° |theta: -168.33500020943586 
2026-06-02 14:44:47.142 - [robot_6_log_20260602_144405.csv] - DEBUG - Incoming data. Topic 6/pos, mensaje {"x": 146.42, "y": 14.35, "yaw": -2.938, "timestamp": 1780404287.090779}
2026-06-02 14:44:47.142 - [robot_6_log_20260602_144405.csv] - DEBUG - Posición actualizada por visión: x=146.42, y=14.35, θ=-2.94
2026-06-02 14:44:47.149 - [robot_6_log_20260602_144405.csv] - DEBUG - Frecuencia: 85.39 Hz | Latencia Red/Proc: 58.32 ms
2026-06-02 14:44:47.185 - [robot_6_log_20260602_144405.csv] - DEBUG - Incoming data. Topic 6/pos, mensaje {"x": 146.41, "y": 14.26, "yaw": -2.932, "timestamp": 1780404287.1824234}
2026-06-02 14:44:47.185 - [robot_6_log_20260602_144405.csv] - DEBUG - Posición actualizada por visión: x=146.41, y=14.26, θ=-2.93
2026-06-02 14:44:47.185 - [robot_6_log_20260602_144405.csv] - DEBUG - Frecuencia: 27.62 Hz | Latencia Red/Proc: 2.88 ms
2026-06-02 14:44:47.185 - [robot_6_log_20260602_144405.csv] - DEBUG - Incoming data. Topic 6/pos, mensaje {"x": 146.41, "y": 14.26, "yaw": -2.932, "timestamp": 1780404287.1824234}
2026-06-02 14:44:47.185 - [robot_6_log_20260602_144405.csv] - DEBUG - Posición actualizada por visión: x=146.41, y=14.26, θ=-2.93
2026-06-02 14:44:47.185 - [robot_6_log_20260602_144405.csv] - DEBUG - Frecuencia: 10538.45 Hz | Latencia Red/Proc: 2.98 ms
2026-06-02 14:44:47.187 - [robot_6_log_20260602_144405.csv] - INFO - Usando posición VISION: x=146.41, y=14.26, θ=-2.93
2026-06-02 14:44:47.187 - [robot_6_log_20260602_144405.csv] - INFO - Distancias a paredes: Left: 146.41, Right: 303.59, Top: 125.74, Bottom: 14.26
2026-06-02 14:44:47.187 - [robot_6_log_20260602_144405.csv] - INFO - Posicion: 146.41, 14.26, -2.932 | Velocidad: 0.20806148517994347, -0.9781157489708037
2026-06-02 14:44:47.187 - [robot_6_log_20260602_144405.csv] - INFO - ABAJO
2026-06-02 14:44:47.187 - [robot_6_log_20260602_144405.csv] - WARNING - Estado FSM: PARANDO_PARA_GIRAR | Target Wall: ABAJO | Target Theta: 172.46° |theta: -167.99122553235736 
2026-06-02 14:44:47.193 - [robot_6_log_20260602_144405.csv] - DEBUG - Incoming data. Topic 6/pos, mensaje {"x": 146.41, "y": 14.26, "yaw": -2.932, "timestamp": 1780404287.1912894}
2026-06-02 14:44:47.198 - [robot_6_log_20260602_144405.csv] - DEBUG - Posición actualizada por visión: x=146.41, y=14.26, θ=-2.93
2026-06-02 14:44:47.203 - [robot_6_log_20260602_144405.csv] - DEBUG - Frecuencia: 54.52 Hz | Latencia Red/Proc: 12.45 ms
2026-06-02 14:44:47.220 - [robot_6_log_20260602_144405.csv] - DEBUG - Incoming data. Topic 6/pos, mensaje {"x": 146.41, "y": 14.26, "yaw": -2.932, "timestamp": 1780404287.1912894}
2026-06-02 14:44:47.230 - [robot_6_log_20260602_144405.csv] - DEBUG - Posición actualizada por visión: x=146.41, y=14.26, θ=-2.93
2026-06-02 14:44:47.237 - [robot_6_log_20260602_144405.csv] - INFO - Usando posición VISION: x=146.41, y=14.26, θ=-2.93
2026-06-02 14:44:47.237 - [robot_6_log_20260602_144405.csv] - DEBUG - Frecuencia: 29.73 Hz | Latencia Red/Proc: 46.09 ms
2026-06-02 14:44:47.237 - [robot_6_log_20260602_144405.csv] - INFO - Distancias a paredes: Left: 146.41, Right: 303.59, Top: 125.74, Bottom: 14.26
2026-06-02 14:44:47.237 - [robot_6_log_20260602_144405.csv] - INFO - Posicion: 146.41, 14.26, -2.932 | Velocidad: 0.20806148517994347, -0.9781157489708037
2026-06-02 14:44:47.237 - [robot_6_log_20260602_144405.csv] - INFO - ABAJO
2026-06-02 14:44:47.237 - [robot_6_log_20260602_144405.csv] - WARNING - Estado FSM: PARANDO_PARA_GIRAR | Target Wall: ABAJO | Target Theta: 172.46° |theta: -167.99122553235736 
2026-06-02 14:44:47.242 - [robot_6_log_20260602_144405.csv] - DEBUG - Incoming data. Topic agent/6/wheel, mensaje {"Wleft":-1.065814104e-15,"Wright":-5.923039836e-15}
2026-06-02 14:44:47.273 - [robot_6_log_20260602_144405.csv] - DEBUG - Incoming data. Topic agent/6/wheel, mensaje {"Wleft":-1.065814104e-15,"Wright":-5.923039836e-15}
2026-06-02 14:44:47.287 - [robot_6_log_20260602_144405.csv] - INFO - Usando posición VISION: x=146.41, y=14.26, θ=-2.93
2026-06-02 14:44:47.287 - [robot_6_log_20260602_144405.csv] - INFO - Distancias a paredes: Left: 146.41, Right: 303.59, Top: 125.74, Bottom: 14.26
2026-06-02 14:44:47.287 - [robot_6_log_20260602_144405.csv] - DEBUG - Incoming data. Topic 6/pos, mensaje {"x": 146.41, "y": 14.26, "yaw": -2.934, "timestamp": 1780404287.284751}
2026-06-02 14:44:47.287 - [robot_6_log_20260602_144405.csv] - INFO - Posicion: 146.41, 14.26, -2.932 | Velocidad: 0.20806148517994347, -0.9781157489708037
2026-06-02 14:44:47.287 - [robot_6_log_20260602_144405.csv] - DEBUG - Posición actualizada por visión: x=146.41, y=14.26, θ=-2.93
2026-06-02 14:44:47.287 - [robot_6_log_20260602_144405.csv] - INFO - ABAJO
2026-06-02 14:44:47.287 - [robot_6_log_20260602_144405.csv] - DEBUG - Frecuencia: 19.97 Hz | Latencia Red/Proc: 2.71 ms
2026-06-02 14:44:47.287 - [robot_6_log_20260602_144405.csv] - WARNING - Estado FSM: PARANDO_PARA_GIRAR | Target Wall: ABAJO | Target Theta: 172.46° |theta: -167.99122553235736 
2026-06-02 14:44:47.287 - [robot_6_log_20260602_144405.csv] - DEBUG - Incoming data. Topic 6/pos, mensaje {"x": 146.41, "y": 14.26, "yaw": -2.934, "timestamp": 1780404287.284751}
2026-06-02 14:44:47.297 - [robot_6_log_20260602_144405.csv] - DEBUG - Posición actualizada por visión: x=146.41, y=14.26, θ=-2.93
2026-06-02 14:44:47.302 - [robot_6_log_20260602_144405.csv] - DEBUG - Frecuencia: 65.29 Hz | Latencia Red/Proc: 18.02 ms
2026-06-02 14:44:47.307 - [robot_6_log_20260602_144405.csv] - DEBUG - Incoming data. Topic 6/pos, mensaje {"x": 146.41, "y": 14.26, "yaw": -2.934, "timestamp": 1780404287.2961023}
2026-06-02 14:44:47.312 - [robot_6_log_20260602_144405.csv] - DEBUG - Posición actualizada por visión: x=146.41, y=14.26, θ=-2.93
2026-06-02 14:44:47.318 - [robot_6_log_20260602_144405.csv] - DEBUG - Frecuencia: 65.64 Hz | Latencia Red/Proc: 21.91 ms
2026-06-02 14:44:47.323 - [robot_6_log_20260602_144405.csv] - DEBUG - Incoming data. Topic 6/pos, mensaje {"x": 146.41, "y": 14.26, "yaw": -2.934, "timestamp": 1780404287.2961023}
2026-06-02 14:44:47.328 - [robot_6_log_20260602_144405.csv] - DEBUG - Posición actualizada por visión: x=146.41, y=14.26, θ=-2.93
2026-06-02 14:44:47.333 - [robot_6_log_20260602_144405.csv] - DEBUG - Frecuencia: 65.65 Hz | Latencia Red/Proc: 37.14 ms
2026-06-02 14:44:47.337 - [robot_6_log_20260602_144405.csv] - INFO - Usando posición VISION: x=146.41, y=14.26, θ=-2.93
2026-06-02 14:44:47.337 - [robot_6_log_20260602_144405.csv] - INFO - Distancias a paredes: Left: 146.41, Right: 303.59, Top: 125.74, Bottom: 14.26
2026-06-02 14:44:47.337 - [robot_6_log_20260602_144405.csv] - INFO - Posicion: 146.41, 14.26, -2.934 | Velocidad: 0.20610483886332406, -0.9785299154329025
2026-06-02 14:44:47.337 - [robot_6_log_20260602_144405.csv] - INFO - ABAJO
2026-06-02 14:44:47.337 - [robot_6_log_20260602_144405.csv] - WARNING - Estado FSM: PARANDO_PARA_GIRAR | Target Wall: ABAJO | Target Theta: 172.46° |theta: -168.10581709138356 
2026-06-02 14:44:47.387 - [robot_6_log_20260602_144405.csv] - INFO - Usando posición VISION: x=146.41, y=14.26, θ=-2.93
2026-06-02 14:44:47.387 - [robot_6_log_20260602_144405.csv] - INFO - Distancias a paredes: Left: 146.41, Right: 303.59, Top: 125.74, Bottom: 14.26
2026-06-02 14:44:47.387 - [robot_6_log_20260602_144405.csv] - INFO - Posicion: 146.41, 14.26, -2.934 | Velocidad: 0.20610483886332406, -0.9785299154329025
2026-06-02 14:44:47.387 - [robot_6_log_20260602_144405.csv] - INFO - ABAJO
2026-06-02 14:44:47.387 - [robot_6_log_20260602_144405.csv] - DEBUG - Incoming data. Topic 6/pos, mensaje {"x": 146.41, "y": 14.28, "yaw": -2.934, "timestamp": 1780404287.3830912}
2026-06-02 14:44:47.387 - [robot_6_log_20260602_144405.csv] - WARNING - Estado FSM: PARANDO_PARA_GIRAR | Target Wall: ABAJO | Target Theta: 172.46° |theta: -168.10581709138356 
2026-06-02 14:44:47.387 - [robot_6_log_20260602_144405.csv] - DEBUG - Posición actualizada por visión: x=146.41, y=14.28, θ=-2.93
2026-06-02 14:44:47.392 - [robot_6_log_20260602_144405.csv] - DEBUG - Frecuencia: 16.79 Hz | Latencia Red/Proc: 9.70 ms
2026-06-02 14:44:47.397 - [robot_6_log_20260602_144405.csv] - DEBUG - Incoming data. Topic 6/pos, mensaje {"x": 146.41, "y": 14.28, "yaw": -2.934, "timestamp": 1780404287.3830912}
2026-06-02 14:44:47.403 - [robot_6_log_20260602_144405.csv] - DEBUG - Posición actualizada por visión: x=146.41, y=14.28, θ=-2.93
2026-06-02 14:44:47.408 - [robot_6_log_20260602_144405.csv] - DEBUG - Frecuencia: 65.32 Hz | Latencia Red/Proc: 25.01 ms
2026-06-02 14:44:47.408 - [robot_6_log_20260602_144405.csv] - DEBUG - Incoming data. Topic 6/pos, mensaje {"x": 146.41, "y": 14.28, "yaw": -2.934, "timestamp": 1780404287.3920858}
2026-06-02 14:44:47.408 - [robot_6_log_20260602_144405.csv] - DEBUG - Posición actualizada por visión: x=146.41, y=14.28, θ=-2.93
2026-06-02 14:44:47.408 - [robot_6_log_20260602_144405.csv] - DEBUG - Frecuencia: 24105.20 Hz | Latencia Red/Proc: 16.06 ms
2026-06-02 14:44:47.413 - [robot_6_log_20260602_144405.csv] - DEBUG - Incoming data. Topic 6/pos, mensaje {"x": 146.41, "y": 14.28, "yaw": -2.934, "timestamp": 1780404287.3920858}
2026-06-02 14:44:47.418 - [robot_6_log_20260602_144405.csv] - DEBUG - Posición actualizada por visión: x=146.41, y=14.28, θ=-2.93
2026-06-02 14:44:47.423 - [robot_6_log_20260602_144405.csv] - DEBUG - Frecuencia: 65.36 Hz | Latencia Red/Proc: 31.36 ms
2026-06-02 14:44:47.437 - [robot_6_log_20260602_144405.csv] - INFO - Usando posición VISION: x=146.41, y=14.28, θ=-2.93
2026-06-02 14:44:47.437 - [robot_6_log_20260602_144405.csv] - INFO - Distancias a paredes: Left: 146.41, Right: 303.59, Top: 125.72, Bottom: 14.28
2026-06-02 14:44:47.437 - [robot_6_log_20260602_144405.csv] - INFO - Posicion: 146.41, 14.28, -2.934 | Velocidad: 0.20610483886332406, -0.9785299154329025
2026-06-02 14:44:47.437 - [robot_6_log_20260602_144405.csv] - INFO - ABAJO
2026-06-02 14:44:47.437 - [robot_6_log_20260602_144405.csv] - DEBUG - Incoming data. Topic agent/6/wheel, mensaje {"Wleft":-1.065814104e-15,"Wright":-5.923039836e-15}
2026-06-02 14:44:47.437 - [robot_6_log_20260602_144405.csv] - WARNING - Estado FSM: GIRA | Target Wall: ABAJO | Target Theta: 168.11° |theta: -168.10581709138356 
2026-06-02 14:44:47.487 - [robot_6_log_20260602_144405.csv] - INFO - Usando posición VISION: x=146.41, y=14.28, θ=-2.93
2026-06-02 14:44:47.487 - [robot_6_log_20260602_144405.csv] - INFO - Distancias a paredes: Left: 146.41, Right: 303.59, Top: 125.72, Bottom: 14.28
2026-06-02 14:44:47.487 - [robot_6_log_20260602_144405.csv] - INFO - Posicion: 146.41, 14.28, -2.934 | Velocidad: 0.20610483886332406, -0.9785299154329025
2026-06-02 14:44:47.487 - [robot_6_log_20260602_144405.csv] - INFO - ABAJO
2026-06-02 14:44:47.487 - [robot_6_log_20260602_144405.csv] - WARNING - Estado FSM: ESPERANDO_GIRO | Target Wall: ABAJO | Target Theta: 168.11° |theta: -168.10581709138356 
2026-06-02 14:44:47.497 - [robot_6_log_20260602_144405.csv] - DEBUG - Incoming data. Topic 6/pos, mensaje {"x": 146.41, "y": 14.32, "yaw": -2.934, "timestamp": 1780404287.4821408}
2026-06-02 14:44:47.497 - [robot_6_log_20260602_144405.csv] - DEBUG - Posición actualizada por visión: x=146.41, y=14.32, θ=-2.93
2026-06-02 14:44:47.497 - [robot_6_log_20260602_144405.csv] - DEBUG - Frecuencia: 13.45 Hz | Latencia Red/Proc: 15.66 ms
2026-06-02 14:44:47.497 - [robot_6_log_20260602_144405.csv] - DEBUG - Incoming data. Topic 6/pos, mensaje {"x": 146.41, "y": 14.32, "yaw": -2.934, "timestamp": 1780404287.4821408}
2026-06-02 14:44:47.502 - [robot_6_log_20260602_144405.csv] - DEBUG - Posición actualizada por visión: x=146.41, y=14.32, θ=-2.93
2026-06-02 14:44:47.502 - [robot_6_log_20260602_144405.csv] - DEBUG - Frecuencia: 193.24 Hz | Latencia Red/Proc: 20.83 ms
2026-06-02 14:44:47.502 - [robot_6_log_20260602_144405.csv] - DEBUG - Incoming data. Topic 6/pos, mensaje {"x": 146.41, "y": 14.32, "yaw": -2.934, "timestamp": 1780404287.4914968}
2026-06-02 14:44:47.503 - [robot_6_log_20260602_144405.csv] - DEBUG - Posición actualizada por visión: x=146.41, y=14.32, θ=-2.93
2026-06-02 14:44:47.503 - [robot_6_log_20260602_144405.csv] - DEBUG - Frecuencia: 29537.35 Hz | Latencia Red/Proc: 11.51 ms
2026-06-02 14:44:47.503 - [robot_6_log_20260602_144405.csv] - DEBUG - Incoming data. Topic 6/pos, mensaje {"x": 146.41, "y": 14.32, "yaw": -2.934, "timestamp": 1780404287.4914968}
2026-06-02 14:44:47.503 - [robot_6_log_20260602_144405.csv] - DEBUG - Posición actualizada por visión: x=146.41, y=14.32, θ=-2.93
2026-06-02 14:44:47.503 - [robot_6_log_20260602_144405.csv] - DEBUG - Frecuencia: 23172.95 Hz | Latencia Red/Proc: 11.55 ms
2026-06-02 14:44:47.537 - [robot_6_log_20260602_144405.csv] - INFO - Usando posición VISION: x=146.41, y=14.32, θ=-2.93
2026-06-02 14:44:47.537 - [robot_6_log_20260602_144405.csv] - INFO - Distancias a paredes: Left: 146.41, Right: 303.59, Top: 125.68, Bottom: 14.32
2026-06-02 14:44:47.537 - [robot_6_log_20260602_144405.csv] - INFO - Posicion: 146.41, 14.32, -2.934 | Velocidad: 0.20610483886332406, -0.9785299154329025
2026-06-02 14:44:47.537 - [robot_6_log_20260602_144405.csv] - INFO - ABAJO
2026-06-02 14:44:47.537 - [robot_6_log_20260602_144405.csv] - DEBUG - Incoming data. Topic agent/6/wheel, mensaje {"Wleft":-1.065814104e-15,"Wright":-5.923039836e-15}
2026-06-02 14:44:47.537 - [robot_6_log_20260602_144405.csv] - WARNING - Estado FSM: ESPERANDO_GIRO | Target Wall: ABAJO | Target Theta: 168.11° |theta: -168.10581709138356 
2026-06-02 14:44:47.572 - [robot_6_log_20260602_144405.csv] - DEBUG - Incoming data. Topic agent/6/wheel, mensaje {"Wleft":-1.065814104e-15,"Wright":-5.923039836e-15}
2026-06-02 14:44:47.587 - [robot_6_log_20260602_144405.csv] - INFO - Usando posición VISION: x=146.41, y=14.32, θ=-2.93
2026-06-02 14:44:47.587 - [robot_6_log_20260602_144405.csv] - INFO - Distancias a paredes: Left: 146.41, Right: 303.59, Top: 125.68, Bottom: 14.32
2026-06-02 14:44:47.587 - [robot_6_log_20260602_144405.csv] - DEBUG - Incoming data. Topic 6/pos, mensaje {"x": 146.43, "y": 14.27, "yaw": -2.932, "timestamp": 1780404287.5860167}
2026-06-02 14:44:47.587 - [robot_6_log_20260602_144405.csv] - INFO - Posicion: 146.41, 14.32, -2.934 | Velocidad: 0.20610483886332406, -0.9785299154329025
2026-06-02 14:44:47.587 - [robot_6_log_20260602_144405.csv] - DEBUG - Posición actualizada por visión: x=146.43, y=14.27, θ=-2.93
2026-06-02 14:44:47.587 - [robot_6_log_20260602_144405.csv] - INFO - ABAJO
2026-06-02 14:44:47.587 - [robot_6_log_20260602_144405.csv] - DEBUG - Frecuencia: 11.82 Hz | Latencia Red/Proc: 1.62 ms
2026-06-02 14:44:47.587 - [robot_6_log_20260602_144405.csv] - DEBUG - Incoming data. Topic 6/pos, mensaje {"x": 146.43, "y": 14.27, "yaw": -2.932, "timestamp": 1780404287.5860167}
2026-06-02 14:44:47.587 - [robot_6_log_20260602_144405.csv] - DEBUG - Posición actualizada por visión: x=146.43, y=14.27, θ=-2.93
2026-06-02 14:44:47.587 - [robot_6_log_20260602_144405.csv] - DEBUG - Frecuencia: 4211.15 Hz | Latencia Red/Proc: 1.86 ms
2026-06-02 14:44:47.587 - [robot_6_log_20260602_144405.csv] - WARNING - Estado FSM: ESPERANDO_GIRO | Target Wall: ABAJO | Target Theta: 168.11° |theta: -168.10581709138356 
2026-06-02 14:44:47.599 - [robot_6_log_20260602_144405.csv] - DEBUG - Incoming data. Topic 6/pos, mensaje {"x": 146.43, "y": 14.27, "yaw": -2.932, "timestamp": 1780404287.5945044}
2026-06-02 14:44:47.605 - [robot_6_log_20260602_144405.csv] - DEBUG - Posición actualizada por visión: x=146.43, y=14.27, θ=-2.93
2026-06-02 14:44:47.610 - [robot_6_log_20260602_144405.csv] - DEBUG - Frecuencia: 44.91 Hz | Latencia Red/Proc: 15.64 ms
2026-06-02 14:44:47.625 - [robot_6_log_20260602_144405.csv] - DEBUG - Incoming data. Topic 6/pos, mensaje {"x": 146.43, "y": 14.27, "yaw": -2.932, "timestamp": 1780404287.5945044}
2026-06-02 14:44:47.630 - [robot_6_log_20260602_144405.csv] - DEBUG - Posición actualizada por visión: x=146.43, y=14.27, θ=-2.93
2026-06-02 14:44:47.635 - [robot_6_log_20260602_144405.csv] - DEBUG - Frecuencia: 39.10 Hz | Latencia Red/Proc: 41.21 ms
2026-06-02 14:44:47.637 - [robot_6_log_20260602_144405.csv] - INFO - Usando posición VISION: x=146.43, y=14.27, θ=-2.93
2026-06-02 14:44:47.637 - [robot_6_log_20260602_144405.csv] - INFO - Distancias a paredes: Left: 146.43, Right: 303.57, Top: 125.73, Bottom: 14.27
2026-06-02 14:44:47.637 - [robot_6_log_20260602_144405.csv] - INFO - Posicion: 146.43, 14.27, -2.932 | Velocidad: 0.20806148517994347, -0.9781157489708037
2026-06-02 14:44:47.637 - [robot_6_log_20260602_144405.csv] - INFO - ABAJO
2026-06-02 14:44:47.637 - [robot_6_log_20260602_144405.csv] - WARNING - Estado FSM: ESPERANDO_GIRO | Target Wall: ABAJO | Target Theta: 168.11° |theta: -167.99122553235736 
2026-06-02 14:44:47.687 - [robot_6_log_20260602_144405.csv] - INFO - Usando posición VISION: x=146.43, y=14.27, θ=-2.93
2026-06-02 14:44:47.687 - [robot_6_log_20260602_144405.csv] - DEBUG - Incoming data. Topic 6/pos, mensaje {"x": 146.42, "y": 14.27, "yaw": -2.932, "timestamp": 1780404287.6832273}
2026-06-02 14:44:47.687 - [robot_6_log_20260602_144405.csv] - INFO - Distancias a paredes: Left: 146.43, Right: 303.57, Top: 125.73, Bottom: 14.27
2026-06-02 14:44:47.687 - [robot_6_log_20260602_144405.csv] - DEBUG - Posición actualizada por visión: x=146.42, y=14.27, θ=-2.93
2026-06-02 14:44:47.687 - [robot_6_log_20260602_144405.csv] - INFO - Posicion: 146.43, 14.27, -2.932 | Velocidad: 0.20806148517994347, -0.9781157489708037
2026-06-02 14:44:47.687 - [robot_6_log_20260602_144405.csv] - DEBUG - Frecuencia: 19.31 Hz | Latencia Red/Proc: 4.29 ms
2026-06-02 14:44:47.687 - [robot_6_log_20260602_144405.csv] - INFO - ABAJO
2026-06-02 14:44:47.687 - [robot_6_log_20260602_144405.csv] - DEBUG - Incoming data. Topic 6/pos, mensaje {"x": 146.42, "y": 14.27, "yaw": -2.932, "timestamp": 1780404287.6832273}
2026-06-02 14:44:47.687 - [robot_6_log_20260602_144405.csv] - WARNING - Estado FSM: ESPERANDO_GIRO | Target Wall: ABAJO | Target Theta: 168.11° |theta: -167.99122553235736 
2026-06-02 14:44:47.687 - [robot_6_log_20260602_144405.csv] - DEBUG - Posición actualizada por visión: x=146.42, y=14.27, θ=-2.93
2026-06-02 14:44:47.697 - [robot_6_log_20260602_144405.csv] - DEBUG - Frecuencia: 96.46 Hz | Latencia Red/Proc: 14.65 ms
2026-06-02 14:44:47.713 - [robot_6_log_20260602_144405.csv] - DEBUG - Incoming data. Topic 6/pos, mensaje {"x": 146.42, "y": 14.27, "yaw": -2.932, "timestamp": 1780404287.692151}
2026-06-02 14:44:47.718 - [robot_6_log_20260602_144405.csv] - DEBUG - Posición actualizada por visión: x=146.42, y=14.27, θ=-2.93
2026-06-02 14:44:47.723 - [robot_6_log_20260602_144405.csv] - DEBUG - Frecuencia: 39.24 Hz | Latencia Red/Proc: 31.21 ms
2026-06-02 14:44:47.737 - [robot_6_log_20260602_144405.csv] - INFO - Usando posición VISION: x=146.42, y=14.27, θ=-2.93
2026-06-02 14:44:47.737 - [robot_6_log_20260602_144405.csv] - INFO - Distancias a paredes: Left: 146.42, Right: 303.58, Top: 125.73, Bottom: 14.27
2026-06-02 14:44:47.737 - [robot_6_log_20260602_144405.csv] - INFO - Posicion: 146.42, 14.27, -2.932 | Velocidad: 0.20806148517994347, -0.9781157489708037
2026-06-02 14:44:47.737 - [robot_6_log_20260602_144405.csv] - INFO - ABAJO
2026-06-02 14:44:47.737 - [robot_6_log_20260602_144405.csv] - WARNING - Estado FSM: ESPERANDO_GIRO | Target Wall: ABAJO | Target Theta: 168.11° |theta: -167.99122553235736 
2026-06-02 14:44:47.742 - [robot_6_log_20260602_144405.csv] - DEBUG - Incoming data. Topic 6/pos, mensaje {"x": 146.42, "y": 14.27, "yaw": -2.932, "timestamp": 1780404287.692151}
2026-06-02 14:44:47.747 - [robot_6_log_20260602_144405.csv] - DEBUG - Posición actualizada por visión: x=146.42, y=14.27, θ=-2.93
2026-06-02 14:44:47.752 - [robot_6_log_20260602_144405.csv] - DEBUG - Frecuencia: 34.08 Hz | Latencia Red/Proc: 60.56 ms
2026-06-02 14:44:47.768 - [robot_6_log_20260602_144405.csv] - DEBUG - Incoming data. Topic agent/6/wheel, mensaje {"Wleft":-1.065814104e-15,"Wright":-5.923039836e-15}
2026-06-02 14:44:47.783 - [robot_6_log_20260602_144405.csv] - DEBUG - Incoming data. Topic 6/pos, mensaje {"x": 146.41, "y": 14.27, "yaw": -2.932, "timestamp": 1780404287.7829492}
2026-06-02 14:44:47.787 - [robot_6_log_20260602_144405.csv] - INFO - Usando posición VISION: x=146.42, y=14.27, θ=-2.93
2026-06-02 14:44:47.787 - [robot_6_log_20260602_144405.csv] - DEBUG - Posición actualizada por visión: x=146.41, y=14.27, θ=-2.93
2026-06-02 14:44:47.787 - [robot_6_log_20260602_144405.csv] - INFO - Distancias a paredes: Left: 146.42, Right: 303.58, Top: 125.73, Bottom: 14.27
2026-06-02 14:44:47.787 - [robot_6_log_20260602_144405.csv] - DEBUG - Frecuencia: 28.81 Hz | Latencia Red/Proc: 4.47 ms
2026-06-02 14:44:47.787 - [robot_6_log_20260602_144405.csv] - INFO - Posicion: 146.42, 14.27, -2.932 | Velocidad: 0.20806148517994347, -0.9781157489708037
2026-06-02 14:44:47.787 - [robot_6_log_20260602_144405.csv] - INFO - ABAJO
2026-06-02 14:44:47.787 - [robot_6_log_20260602_144405.csv] - WARNING - Estado FSM: ESPERANDO_GIRO | Target Wall: ABAJO | Target Theta: 168.11° |theta: -167.99122553235736 
2026-06-02 14:44:47.797 - [robot_6_log_20260602_144405.csv] - DEBUG - Incoming data. Topic agent/6/wheel, mensaje {"Wleft":-1.065814104e-15,"Wright":-5.923039836e-15}
2026-06-02 14:44:47.818 - [robot_6_log_20260602_144405.csv] - DEBUG - Incoming data. Topic 6/pos, mensaje {"x": 146.41, "y": 14.27, "yaw": -2.932, "timestamp": 1780404287.7941027}
