2026-06-01 12:58:31.844 - [robot_6_log_20260601_125830.csv] - INFO - Usando posición ESTIMA: x=0.00, y=0.00, θ=0.00
2026-06-01 12:58:31.844 - [robot_6_log_20260601_125830.csv] - INFO - Agent Bouncer Robot is listening
2026-06-01 12:58:31.844 - [robot_6_log_20260601_125830.csv] - INFO - Distancias a paredes: Left: 0.00, Right: 450.00, Top: 140.00, Bottom: 0.00
2026-06-01 12:58:31.844 - [robot_6_log_20260601_125830.csv] - INFO - Suscrito a topic b'6/pos'
2026-06-01 12:58:31.844 - [robot_6_log_20260601_125830.csv] - INFO - Posicion: 0.0, 0.0, 0.0 | Velocidad: -0.0, 1.0
2026-06-01 12:58:31.844 - [robot_6_log_20260601_125830.csv] - INFO - Suscrito a topic b'arena/boundaries'
2026-06-01 12:58:31.844 - [robot_6_log_20260601_125830.csv] - INFO - Suscrito a topic b'agent/6/feedback'
2026-06-01 12:58:31.844 - [robot_6_log_20260601_125830.csv] - INFO - Suscrito a topic b'agent/6/wheel'
2026-06-01 12:58:31.844 - [robot_6_log_20260601_125830.csv] - CRITICAL - Pared muy cercana [0.0, 450.0, 140.0, 0.0]
2026-06-01 12:58:31.844 - [robot_6_log_20260601_125830.csv] - INFO - None
2026-06-01 12:58:31.844 - [robot_6_log_20260601_125830.csv] - WARNING - Estado FSM: PARANDO_PARA_RETROCEDER | Target Wall: None | Target Theta: 0.00° |theta: 0.0 
2026-06-01 12:58:31.874 - [robot_6_log_20260601_125830.csv] - DEBUG - Incoming data. Topic agent/6/wheel, mensaje {"Wleft":6.342149e-15,"Wright":1.136868377e-14}
2026-06-01 12:58:31.894 - [robot_6_log_20260601_125830.csv] - INFO - Usando posición ESTIMA: x=0.00, y=0.00, θ=0.00
2026-06-01 12:58:31.894 - [robot_6_log_20260601_125830.csv] - INFO - Distancias a paredes: Left: 0.00, Right: 450.00, Top: 140.00, Bottom: 0.00
2026-06-01 12:58:31.894 - [robot_6_log_20260601_125830.csv] - INFO - Posicion: 3.0604281605953384e-14, 0.0, 1.1980470982301187e-15 | Velocidad: -1.1980470982301187e-15, 1.0
2026-06-01 12:58:31.894 - [robot_6_log_20260601_125830.csv] - CRITICAL - Pared muy cercana [3.0604281605953384e-14, 449.99999999999994, 140.0, 0.0]
2026-06-01 12:58:31.894 - [robot_6_log_20260601_125830.csv] - INFO - None
2026-06-01 12:58:31.894 - [robot_6_log_20260601_125830.csv] - WARNING - Timer: 0.04965400695800781
2026-06-01 12:58:31.894 - [robot_6_log_20260601_125830.csv] - WARNING - Estado FSM: PARANDO_PARA_RETROCEDER | Target Wall: None | Target Theta: 0.00° |theta: 6.864304238648096e-14 
2026-06-01 12:58:31.930 - [robot_6_log_20260601_125830.csv] - DEBUG - Incoming data. Topic 6/pos, mensaje {"x": 163.7, "y": 102.67, "yaw": 1.344, "timestamp": 1780311511.919832}
2026-06-01 12:58:31.930 - [robot_6_log_20260601_125830.csv] - DEBUG - Posición actualizada por visión: x=163.70, y=102.67, θ=1.34
2026-06-01 12:58:31.930 - [robot_6_log_20260601_125830.csv] - DEBUG - Frecuencia: 0.00 Hz | Latencia Red/Proc: 10.52 ms
2026-06-01 12:58:31.935 - [robot_6_log_20260601_125830.csv] - DEBUG - Incoming data. Topic 6/pos, mensaje {"x": 163.7, "y": 102.67, "yaw": 1.344, "timestamp": 1780311511.919832}
2026-06-01 12:58:31.940 - [robot_6_log_20260601_125830.csv] - DEBUG - Posición actualizada por visión: x=163.70, y=102.67, θ=1.34
2026-06-01 12:58:31.944 - [robot_6_log_20260601_125830.csv] - INFO - Usando posición VISION: x=163.70, y=102.67, θ=1.34
2026-06-01 12:58:31.944 - [robot_6_log_20260601_125830.csv] - DEBUG - Frecuencia: 73.05 Hz | Latencia Red/Proc: 24.21 ms
2026-06-01 12:58:31.944 - [robot_6_log_20260601_125830.csv] - INFO - Distancias a paredes: Left: 163.70, Right: 286.30, Top: 37.33, Bottom: 102.67
2026-06-01 12:58:31.944 - [robot_6_log_20260601_125830.csv] - DEBUG - Incoming data. Topic 6/pos, mensaje {"x": 163.7, "y": 102.67, "yaw": 1.344, "timestamp": 1780311511.9289997}
2026-06-01 12:58:31.944 - [robot_6_log_20260601_125830.csv] - INFO - Posicion: 163.7, 102.67, 1.344 | Velocidad: -0.9743917626205755, 0.22485705000548248
2026-06-01 12:58:31.944 - [robot_6_log_20260601_125830.csv] - DEBUG - Posición actualizada por visión: x=163.70, y=102.67, θ=1.34
2026-06-01 12:58:31.944 - [robot_6_log_20260601_125830.csv] - INFO - None
2026-06-01 12:58:31.944 - [robot_6_log_20260601_125830.csv] - DEBUG - Frecuencia: 6732.43 Hz | Latencia Red/Proc: 15.19 ms
2026-06-01 12:58:31.944 - [robot_6_log_20260601_125830.csv] - WARNING - Timer: 0.09969973564147949
2026-06-01 12:58:31.944 - [robot_6_log_20260601_125830.csv] - DEBUG - Incoming data. Topic 6/pos, mensaje {"x": 163.7, "y": 102.67, "yaw": 1.344, "timestamp": 1780311511.9289997}
2026-06-01 12:58:31.944 - [robot_6_log_20260601_125830.csv] - DEBUG - Posición actualizada por visión: x=163.70, y=102.67, θ=1.34
2026-06-01 12:58:31.944 - [robot_6_log_20260601_125830.csv] - DEBUG - Frecuencia: 6678.83 Hz | Latencia Red/Proc: 15.34 ms
2026-06-01 12:58:31.944 - [robot_6_log_20260601_125830.csv] - WARNING - Estado FSM: PARANDO_PARA_RETROCEDER | Target Wall: None | Target Theta: 0.00° |theta: 77.00552766558265 
2026-06-01 12:58:31.974 - [robot_6_log_20260601_125830.csv] - DEBUG - Incoming data. Topic agent/6/wheel, mensaje {"Wleft":6.342149e-15,"Wright":1.136868377e-14}
2026-06-01 12:58:31.994 - [robot_6_log_20260601_125830.csv] - INFO - Usando posición VISION: x=163.70, y=102.67, θ=1.34
2026-06-01 12:58:31.994 - [robot_6_log_20260601_125830.csv] - INFO - Distancias a paredes: Left: 163.70, Right: 286.30, Top: 37.33, Bottom: 102.67
2026-06-01 12:58:31.994 - [robot_6_log_20260601_125830.csv] - INFO - Posicion: 163.7, 102.67, 1.344 | Velocidad: -0.9743917626205755, 0.22485705000548248
2026-06-01 12:58:31.994 - [robot_6_log_20260601_125830.csv] - INFO - None
2026-06-01 12:58:31.994 - [robot_6_log_20260601_125830.csv] - WARNING - Timer: 0.14955878257751465
2026-06-01 12:58:31.994 - [robot_6_log_20260601_125830.csv] - WARNING - Estado FSM: PARANDO_PARA_RETROCEDER | Target Wall: None | Target Theta: 0.00° |theta: 77.00552766558265 
2026-06-01 12:58:32.025 - [robot_6_log_20260601_125830.csv] - DEBUG - Incoming data. Topic 6/pos, mensaje {"x": 163.73, "y": 102.66, "yaw": 1.352, "timestamp": 1780311512.019656}
2026-06-01 12:58:32.030 - [robot_6_log_20260601_125830.csv] - DEBUG - Posición actualizada por visión: x=163.73, y=102.66, θ=1.35
2026-06-01 12:58:32.035 - [robot_6_log_20260601_125830.csv] - DEBUG - Frecuencia: 10.94 Hz | Latencia Red/Proc: 16.12 ms
2026-06-01 12:58:32.035 - [robot_6_log_20260601_125830.csv] - DEBUG - Incoming data. Topic 6/pos, mensaje {"x": 163.73, "y": 102.66, "yaw": 1.352, "timestamp": 1780311512.019656}
2026-06-01 12:58:32.035 - [robot_6_log_20260601_125830.csv] - DEBUG - Posición actualizada por visión: x=163.73, y=102.66, θ=1.35
2026-06-01 12:58:32.035 - [robot_6_log_20260601_125830.csv] - DEBUG - Frecuencia: 23045.63 Hz | Latencia Red/Proc: 16.16 ms
2026-06-01 12:58:32.044 - [robot_6_log_20260601_125830.csv] - INFO - Usando posición VISION: x=163.73, y=102.66, θ=1.35
2026-06-01 12:58:32.044 - [robot_6_log_20260601_125830.csv] - DEBUG - Incoming data. Topic 6/pos, mensaje {"x": 163.73, "y": 102.66, "yaw": 1.352, "timestamp": 1780311512.0291817}
2026-06-01 12:58:32.044 - [robot_6_log_20260601_125830.csv] - INFO - Distancias a paredes: Left: 163.73, Right: 286.27, Top: 37.34, Bottom: 102.66
2026-06-01 12:58:32.044 - [robot_6_log_20260601_125830.csv] - DEBUG - Posición actualizada por visión: x=163.73, y=102.66, θ=1.35
2026-06-01 12:58:32.044 - [robot_6_log_20260601_125830.csv] - INFO - Posicion: 163.73, 102.66, 1.352 | Velocidad: -0.9761594194627712, 0.2170548036651242
2026-06-01 12:58:32.044 - [robot_6_log_20260601_125830.csv] - DEBUG - Frecuencia: 120.40 Hz | Latencia Red/Proc: 14.94 ms
2026-06-01 12:58:32.044 - [robot_6_log_20260601_125830.csv] - INFO - None
2026-06-01 12:58:32.044 - [robot_6_log_20260601_125830.csv] - DEBUG - Incoming data. Topic 6/pos, mensaje {"x": 163.73, "y": 102.66, "yaw": 1.352, "timestamp": 1780311512.0291817}
2026-06-01 12:58:32.044 - [robot_6_log_20260601_125830.csv] - DEBUG - Posición actualizada por visión: x=163.73, y=102.66, θ=1.35
2026-06-01 12:58:32.044 - [robot_6_log_20260601_125830.csv] - DEBUG - Frecuencia: 9157.87 Hz | Latencia Red/Proc: 15.05 ms
2026-06-01 12:58:32.044 - [robot_6_log_20260601_125830.csv] - WARNING - Timer: 0.19965505599975586
2026-06-01 12:58:32.044 - [robot_6_log_20260601_125830.csv] - WARNING - Estado FSM: PARANDO_PARA_RETROCEDER | Target Wall: None | Target Theta: 0.00° |theta: 77.4638939016873 
2026-06-01 12:58:32.074 - [robot_6_log_20260601_125830.csv] - DEBUG - Incoming data. Topic agent/6/wheel, mensaje {"Wleft":6.342149e-15,"Wright":1.136868377e-14}
2026-06-01 12:58:32.094 - [robot_6_log_20260601_125830.csv] - INFO - Usando posición VISION: x=163.73, y=102.66, θ=1.35
2026-06-01 12:58:32.094 - [robot_6_log_20260601_125830.csv] - INFO - Distancias a paredes: Left: 163.73, Right: 286.27, Top: 37.34, Bottom: 102.66
2026-06-01 12:58:32.094 - [robot_6_log_20260601_125830.csv] - INFO - Posicion: 163.73, 102.66, 1.352 | Velocidad: -0.9761594194627712, 0.2170548036651242
2026-06-01 12:58:32.094 - [robot_6_log_20260601_125830.csv] - INFO - None
2026-06-01 12:58:32.094 - [robot_6_log_20260601_125830.csv] - WARNING - Timer: 0.24955487251281738
2026-06-01 12:58:32.094 - [robot_6_log_20260601_125830.csv] - WARNING - Estado FSM: PARANDO_PARA_RETROCEDER | Target Wall: None | Target Theta: 0.00° |theta: 77.4638939016873 
2026-06-01 12:58:32.130 - [robot_6_log_20260601_125830.csv] - DEBUG - Incoming data. Topic 6/pos, mensaje {"x": 163.7, "y": 102.67, "yaw": 1.346, "timestamp": 1780311512.1200285}
2026-06-01 12:58:32.135 - [robot_6_log_20260601_125830.csv] - DEBUG - Posición actualizada por visión: x=163.70, y=102.67, θ=1.35
2026-06-01 12:58:32.140 - [robot_6_log_20260601_125830.csv] - DEBUG - Frecuencia: 10.33 Hz | Latencia Red/Proc: 20.97 ms
2026-06-01 12:58:32.144 - [robot_6_log_20260601_125830.csv] - INFO - Usando posición VISION: x=163.70, y=102.67, θ=1.35
2026-06-01 12:58:32.144 - [robot_6_log_20260601_125830.csv] - DEBUG - Incoming data. Topic 6/pos, mensaje {"x": 163.7, "y": 102.67, "yaw": 1.346, "timestamp": 1780311512.1200285}
2026-06-01 12:58:32.144 - [robot_6_log_20260601_125830.csv] - INFO - Distancias a paredes: Left: 163.70, Right: 286.30, Top: 37.33, Bottom: 102.67
2026-06-01 12:58:32.144 - [robot_6_log_20260601_125830.csv] - DEBUG - Posición actualizada por visión: x=163.70, y=102.67, θ=1.35
2026-06-01 12:58:32.144 - [robot_6_log_20260601_125830.csv] - INFO - Posicion: 163.7, 102.67, 1.346 | Velocidad: -0.9748395276379015, 0.22290781806547996
2026-06-01 12:58:32.144 - [robot_6_log_20260601_125830.csv] - DEBUG - Frecuencia: 318.79 Hz | Latencia Red/Proc: 24.10 ms
2026-06-01 12:58:32.144 - [robot_6_log_20260601_125830.csv] - INFO - None
2026-06-01 12:58:32.144 - [robot_6_log_20260601_125830.csv] - DEBUG - Incoming data. Topic 6/pos, mensaje {"x": 163.7, "y": 102.67, "yaw": 1.346, "timestamp": 1780311512.129427}
2026-06-01 12:58:32.144 - [robot_6_log_20260601_125830.csv] - DEBUG - Posición actualizada por visión: x=163.70, y=102.67, θ=1.35
2026-06-01 12:58:32.144 - [robot_6_log_20260601_125830.csv] - DEBUG - Frecuencia: 9078.58 Hz | Latencia Red/Proc: 14.82 ms
2026-06-01 12:58:32.144 - [robot_6_log_20260601_125830.csv] - WARNING - Timer: 0.2996654510498047
2026-06-01 12:58:32.144 - [robot_6_log_20260601_125830.csv] - DEBUG - Incoming data. Topic 6/pos, mensaje {"x": 163.7, "y": 102.67, "yaw": 1.346, "timestamp": 1780311512.129427}
2026-06-01 12:58:32.144 - [robot_6_log_20260601_125830.csv] - DEBUG - Posición actualizada por visión: x=163.70, y=102.67, θ=1.35
2026-06-01 12:58:32.144 - [robot_6_log_20260601_125830.csv] - DEBUG - Frecuencia: 13573.80 Hz | Latencia Red/Proc: 14.89 ms
2026-06-01 12:58:32.144 - [robot_6_log_20260601_125830.csv] - WARNING - Estado FSM: PARANDO_PARA_RETROCEDER | Target Wall: None | Target Theta: 0.00° |theta: 77.12011922460881 
2026-06-01 12:58:32.194 - [robot_6_log_20260601_125830.csv] - INFO - Usando posición VISION: x=163.70, y=102.67, θ=1.35
2026-06-01 12:58:32.194 - [robot_6_log_20260601_125830.csv] - INFO - Distancias a paredes: Left: 163.70, Right: 286.30, Top: 37.33, Bottom: 102.67
2026-06-01 12:58:32.194 - [robot_6_log_20260601_125830.csv] - INFO - Posicion: 163.7, 102.67, 1.346 | Velocidad: -0.9748395276379015, 0.22290781806547996
2026-06-01 12:58:32.194 - [robot_6_log_20260601_125830.csv] - INFO - None
2026-06-01 12:58:32.194 - [robot_6_log_20260601_125830.csv] - WARNING - Timer: 0.34957218170166016
2026-06-01 12:58:32.194 - [robot_6_log_20260601_125830.csv] - WARNING - Estado FSM: PARANDO_PARA_RETROCEDER | Target Wall: None | Target Theta: 0.00° |theta: 77.12011922460881 
2026-06-01 12:58:32.199 - [robot_6_log_20260601_125830.csv] - DEBUG - Incoming data. Topic agent/6/wheel, mensaje {"Wleft":6.342149e-15,"Wright":1.136868377e-14}
2026-06-01 12:58:32.229 - [robot_6_log_20260601_125830.csv] - DEBUG - Incoming data. Topic 6/pos, mensaje {"x": 163.71, "y": 102.68, "yaw": 1.341, "timestamp": 1780311512.2194192}
2026-06-01 12:58:32.235 - [robot_6_log_20260601_125830.csv] - DEBUG - Posición actualizada por visión: x=163.71, y=102.68, θ=1.34
2026-06-01 12:58:32.240 - [robot_6_log_20260601_125830.csv] - DEBUG - Frecuencia: 10.44 Hz | Latencia Red/Proc: 20.70 ms
2026-06-01 12:58:32.244 - [robot_6_log_20260601_125830.csv] - INFO - Usando posición VISION: x=163.71, y=102.68, θ=1.34
2026-06-01 12:58:32.244 - [robot_6_log_20260601_125830.csv] - DEBUG - Incoming data. Topic 6/pos, mensaje {"x": 163.71, "y": 102.68, "yaw": 1.341, "timestamp": 1780311512.2194192}
2026-06-01 12:58:32.244 - [robot_6_log_20260601_125830.csv] - INFO - Distancias a paredes: Left: 163.71, Right: 286.29, Top: 37.32, Bottom: 102.68
2026-06-01 12:58:32.244 - [robot_6_log_20260601_125830.csv] - DEBUG - Posición actualizada por visión: x=163.71, y=102.68, θ=1.34
2026-06-01 12:58:32.244 - [robot_6_log_20260601_125830.csv] - INFO - Posicion: 163.71, 102.68, 1.341 | Velocidad: -0.973712807722772, 0.22777920905261723
2026-06-01 12:58:32.244 - [robot_6_log_20260601_125830.csv] - DEBUG - Frecuencia: 249.97 Hz | Latencia Red/Proc: 24.70 ms
2026-06-01 12:58:32.244 - [robot_6_log_20260601_125830.csv] - INFO - None
2026-06-01 12:58:32.244 - [robot_6_log_20260601_125830.csv] - DEBUG - Incoming data. Topic 6/pos, mensaje {"x": 163.71, "y": 102.68, "yaw": 1.341, "timestamp": 1780311512.2291827}
2026-06-01 12:58:32.244 - [robot_6_log_20260601_125830.csv] - DEBUG - Posición actualizada por visión: x=163.71, y=102.68, θ=1.34
2026-06-01 12:58:32.244 - [robot_6_log_20260601_125830.csv] - DEBUG - Frecuencia: 8886.24 Hz | Latencia Red/Proc: 15.05 ms
2026-06-01 12:58:32.244 - [robot_6_log_20260601_125830.csv] - DEBUG - Incoming data. Topic 6/pos, mensaje {"x": 163.71, "y": 102.68, "yaw": 1.341, "timestamp": 1780311512.2291827}
2026-06-01 12:58:32.244 - [robot_6_log_20260601_125830.csv] - DEBUG - Posición actualizada por visión: x=163.71, y=102.68, θ=1.34
2026-06-01 12:58:32.244 - [robot_6_log_20260601_125830.csv] - DEBUG - Frecuencia: 33554.43 Hz | Latencia Red/Proc: 15.08 ms
2026-06-01 12:58:32.244 - [robot_6_log_20260601_125830.csv] - WARNING - Timer: 0.3996579647064209
2026-06-01 12:58:32.244 - [robot_6_log_20260601_125830.csv] - WARNING - Estado FSM: PARANDO_PARA_RETROCEDER | Target Wall: None | Target Theta: 0.00° |theta: 76.8336403270434 
2026-06-01 12:58:32.274 - [robot_6_log_20260601_125830.csv] - DEBUG - Incoming data. Topic agent/6/wheel, mensaje {"Wleft":6.342149e-15,"Wright":1.136868377e-14}
2026-06-01 12:58:32.294 - [robot_6_log_20260601_125830.csv] - INFO - Usando posición VISION: x=163.71, y=102.68, θ=1.34
2026-06-01 12:58:32.294 - [robot_6_log_20260601_125830.csv] - INFO - Distancias a paredes: Left: 163.71, Right: 286.29, Top: 37.32, Bottom: 102.68
2026-06-01 12:58:32.294 - [robot_6_log_20260601_125830.csv] - INFO - Posicion: 163.71, 102.68, 1.341 | Velocidad: -0.973712807722772, 0.22777920905261723
2026-06-01 12:58:32.294 - [robot_6_log_20260601_125830.csv] - INFO - None
2026-06-01 12:58:32.294 - [robot_6_log_20260601_125830.csv] - WARNING - Timer: 0.44956278800964355
2026-06-01 12:58:32.294 - [robot_6_log_20260601_125830.csv] - WARNING - Estado FSM: PARANDO_PARA_RETROCEDER | Target Wall: None | Target Theta: 0.00° |theta: 76.8336403270434 
2026-06-01 12:58:32.327 - [robot_6_log_20260601_125830.csv] - DEBUG - Incoming data. Topic 6/pos, mensaje {"x": 163.7, "y": 102.68, "yaw": 1.35, "timestamp": 1780311512.3219407}
2026-06-01 12:58:32.332 - [robot_6_log_20260601_125830.csv] - DEBUG - Posición actualizada por visión: x=163.70, y=102.68, θ=1.35
2026-06-01 12:58:32.337 - [robot_6_log_20260601_125830.csv] - DEBUG - Frecuencia: 10.71 Hz | Latencia Red/Proc: 15.69 ms
2026-06-01 12:58:32.344 - [robot_6_log_20260601_125830.csv] - INFO - Usando posición VISION: x=163.70, y=102.68, θ=1.35
2026-06-01 12:58:32.344 - [robot_6_log_20260601_125830.csv] - DEBUG - Incoming data. Topic 6/pos, mensaje {"x": 163.7, "y": 102.68, "yaw": 1.35, "timestamp": 1780311512.3219407}
2026-06-01 12:58:32.344 - [robot_6_log_20260601_125830.csv] - INFO - Distancias a paredes: Left: 163.70, Right: 286.30, Top: 37.32, Bottom: 102.68
2026-06-01 12:58:32.344 - [robot_6_log_20260601_125830.csv] - DEBUG - Posición actualizada por visión: x=163.70, y=102.68, θ=1.35
2026-06-01 12:58:32.344 - [robot_6_log_20260601_125830.csv] - INFO - Posicion: 163.7, 102.68, 1.35 | Velocidad: -0.9757233578266591, 0.2190066870930415
2026-06-01 12:58:32.344 - [robot_6_log_20260601_125830.csv] - DEBUG - Frecuencia: 154.07 Hz | Latencia Red/Proc: 22.18 ms
2026-06-01 12:58:32.344 - [robot_6_log_20260601_125830.csv] - INFO - None
2026-06-01 12:58:32.344 - [robot_6_log_20260601_125830.csv] - DEBUG - Incoming data. Topic 6/pos, mensaje {"x": 163.7, "y": 102.68, "yaw": 1.35, "timestamp": 1780311512.3329735}
2026-06-01 12:58:32.344 - [robot_6_log_20260601_125830.csv] - DEBUG - Posición actualizada por visión: x=163.70, y=102.68, θ=1.35
2026-06-01 12:58:32.344 - [robot_6_log_20260601_125830.csv] - DEBUG - Frecuencia: 9137.92 Hz | Latencia Red/Proc: 11.25 ms
2026-06-01 12:58:32.344 - [robot_6_log_20260601_125830.csv] - DEBUG - Incoming data. Topic 6/pos, mensaje {"x": 163.7, "y": 102.68, "yaw": 1.35, "timestamp": 1780311512.3329735}
2026-06-01 12:58:32.344 - [robot_6_log_20260601_125830.csv] - DEBUG - Posición actualizada por visión: x=163.70, y=102.68, θ=1.35
2026-06-01 12:58:32.344 - [robot_6_log_20260601_125830.csv] - DEBUG - Frecuencia: 33825.03 Hz | Latencia Red/Proc: 11.28 ms
2026-06-01 12:58:32.344 - [robot_6_log_20260601_125830.csv] - WARNING - Timer: 0.4996516704559326
2026-06-01 12:58:32.344 - [robot_6_log_20260601_125830.csv] - WARNING - Estado FSM: PARANDO_PARA_RETROCEDER | Target Wall: None | Target Theta: 0.00° |theta: 77.34930234266115 
2026-06-01 12:58:32.394 - [robot_6_log_20260601_125830.csv] - INFO - Usando posición VISION: x=163.70, y=102.68, θ=1.35
2026-06-01 12:58:32.394 - [robot_6_log_20260601_125830.csv] - INFO - Distancias a paredes: Left: 163.70, Right: 286.30, Top: 37.32, Bottom: 102.68
2026-06-01 12:58:32.394 - [robot_6_log_20260601_125830.csv] - INFO - Posicion: 163.7, 102.68, 1.35 | Velocidad: -0.9757233578266591, 0.2190066870930415
2026-06-01 12:58:32.394 - [robot_6_log_20260601_125830.csv] - INFO - None
2026-06-01 12:58:32.394 - [robot_6_log_20260601_125830.csv] - WARNING - Timer: 0.5495636463165283
2026-06-01 12:58:32.394 - [robot_6_log_20260601_125830.csv] - WARNING - Estado FSM: RETROCEDE | Target Wall: None | Target Theta: 0.00° |theta: 77.34930234266115 
2026-06-01 12:58:32.411 - [robot_6_log_20260601_125830.csv] - DEBUG - Incoming data. Topic agent/6/wheel, mensaje {"Wleft":6.342149e-15,"Wright":1.136868377e-14}
2026-06-01 12:58:32.432 - [robot_6_log_20260601_125830.csv] - DEBUG - Incoming data. Topic 6/pos, mensaje {"x": 163.71, "y": 102.69, "yaw": 1.344, "timestamp": 1780311512.4214013}
2026-06-01 12:58:32.437 - [robot_6_log_20260601_125830.csv] - DEBUG - Posición actualizada por visión: x=163.71, y=102.69, θ=1.34
2026-06-01 12:58:32.442 - [robot_6_log_20260601_125830.csv] - DEBUG - Frecuencia: 10.19 Hz | Latencia Red/Proc: 20.99 ms
2026-06-01 12:58:32.444 - [robot_6_log_20260601_125830.csv] - INFO - Usando posición VISION: x=163.71, y=102.69, θ=1.34
2026-06-01 12:58:32.444 - [robot_6_log_20260601_125830.csv] - DEBUG - Incoming data. Topic 6/pos, mensaje {"x": 163.71, "y": 102.69, "yaw": 1.344, "timestamp": 1780311512.4214013}
2026-06-01 12:58:32.444 - [robot_6_log_20260601_125830.csv] - INFO - Distancias a paredes: Left: 163.71, Right: 286.29, Top: 37.31, Bottom: 102.69
2026-06-01 12:58:32.444 - [robot_6_log_20260601_125830.csv] - DEBUG - Posición actualizada por visión: x=163.71, y=102.69, θ=1.34
2026-06-01 12:58:32.444 - [robot_6_log_20260601_125830.csv] - INFO - Posicion: 163.71, 102.69, 1.344 | Velocidad: -0.9743917626205755, 0.22485705000548248
2026-06-01 12:58:32.444 - [robot_6_log_20260601_125830.csv] - DEBUG - Frecuencia: 566.87 Hz | Latencia Red/Proc: 22.75 ms
2026-06-01 12:58:32.444 - [robot_6_log_20260601_125830.csv] - INFO - None
2026-06-01 12:58:32.444 - [robot_6_log_20260601_125830.csv] - DEBUG - Incoming data. Topic 6/pos, mensaje {"x": 163.71, "y": 102.69, "yaw": 1.344, "timestamp": 1780311512.430916}
2026-06-01 12:58:32.444 - [robot_6_log_20260601_125830.csv] - DEBUG - Posición actualizada por visión: x=163.71, y=102.69, θ=1.34
2026-06-01 12:58:32.444 - [robot_6_log_20260601_125830.csv] - DEBUG - Frecuencia: 8355.19 Hz | Latencia Red/Proc: 13.36 ms
2026-06-01 12:58:32.444 - [robot_6_log_20260601_125830.csv] - DEBUG - Incoming data. Topic 6/pos, mensaje {"x": 163.71, "y": 102.69, "yaw": 1.344, "timestamp": 1780311512.430916}
2026-06-01 12:58:32.444 - [robot_6_log_20260601_125830.csv] - DEBUG - Posición actualizada por visión: x=163.71, y=102.69, θ=1.34
2026-06-01 12:58:32.444 - [robot_6_log_20260601_125830.csv] - DEBUG - Frecuencia: 34379.54 Hz | Latencia Red/Proc: 13.39 ms
2026-06-01 12:58:32.444 - [robot_6_log_20260601_125830.csv] - WARNING - Estado FSM: RETROCEDE | Target Wall: None | Target Theta: 0.00° |theta: 77.00552766558265 
2026-06-01 12:58:32.483 - [robot_6_log_20260601_125830.csv] - DEBUG - Incoming data. Topic agent/6/wheel, mensaje {"Wleft":6.342149e-15,"Wright":1.136868377e-14}
2026-06-01 12:58:32.494 - [robot_6_log_20260601_125830.csv] - INFO - Usando posición VISION: x=163.71, y=102.69, θ=1.34
2026-06-01 12:58:32.494 - [robot_6_log_20260601_125830.csv] - INFO - Distancias a paredes: Left: 163.71, Right: 286.29, Top: 37.31, Bottom: 102.69
2026-06-01 12:58:32.494 - [robot_6_log_20260601_125830.csv] - INFO - Posicion: 163.71, 102.69, 1.344 | Velocidad: -0.9743917626205755, 0.22485705000548248
2026-06-01 12:58:32.494 - [robot_6_log_20260601_125830.csv] - INFO - None
2026-06-01 12:58:32.494 - [robot_6_log_20260601_125830.csv] - WARNING - Estado FSM: RETROCEDE | Target Wall: None | Target Theta: 0.00° |theta: 77.00552766558265 
2026-06-01 12:58:32.526 - [robot_6_log_20260601_125830.csv] - DEBUG - Incoming data. Topic 6/pos, mensaje {"x": 163.71, "y": 102.68, "yaw": 1.347, "timestamp": 1780311512.5212564}
2026-06-01 12:58:32.526 - [robot_6_log_20260601_125830.csv] - DEBUG - Posición actualizada por visión: x=163.71, y=102.68, θ=1.35
2026-06-01 12:58:32.532 - [robot_6_log_20260601_125830.csv] - DEBUG - Frecuencia: 11.40 Hz | Latencia Red/Proc: 10.78 ms
2026-06-01 12:58:32.532 - [robot_6_log_20260601_125830.csv] - DEBUG - Incoming data. Topic 6/pos, mensaje {"x": 163.71, "y": 102.68, "yaw": 1.347, "timestamp": 1780311512.5212564}
2026-06-01 12:58:32.532 - [robot_6_log_20260601_125830.csv] - DEBUG - Posición actualizada por visión: x=163.71, y=102.68, θ=1.35
2026-06-01 12:58:32.532 - [robot_6_log_20260601_125830.csv] - DEBUG - Frecuencia: 10180.35 Hz | Latencia Red/Proc: 10.87 ms
2026-06-01 12:58:32.532 - [robot_6_log_20260601_125830.csv] - DEBUG - Incoming data. Topic 6/pos, mensaje {"x": 163.71, "y": 102.68, "yaw": 1.347, "timestamp": 1780311512.5307965}
2026-06-01 12:58:32.532 - [robot_6_log_20260601_125830.csv] - DEBUG - Posición actualizada por visión: x=163.71, y=102.68, θ=1.35
2026-06-01 12:58:32.532 - [robot_6_log_20260601_125830.csv] - DEBUG - Frecuencia: 31775.03 Hz | Latencia Red/Proc: 1.36 ms
2026-06-01 12:58:32.532 - [robot_6_log_20260601_125830.csv] - DEBUG - Incoming data. Topic 6/pos, mensaje {"x": 163.71, "y": 102.68, "yaw": 1.347, "timestamp": 1780311512.5307965}
2026-06-01 12:58:32.532 - [robot_6_log_20260601_125830.csv] - DEBUG - Posición actualizada por visión: x=163.71, y=102.68, θ=1.35
2026-06-01 12:58:32.532 - [robot_6_log_20260601_125830.csv] - DEBUG - Frecuencia: 36472.21 Hz | Latencia Red/Proc: 1.39 ms
2026-06-01 12:58:32.544 - [robot_6_log_20260601_125830.csv] - INFO - Usando posición VISION: x=163.71, y=102.68, θ=1.35
2026-06-01 12:58:32.544 - [robot_6_log_20260601_125830.csv] - INFO - Distancias a paredes: Left: 163.71, Right: 286.29, Top: 37.32, Bottom: 102.68
2026-06-01 12:58:32.544 - [robot_6_log_20260601_125830.csv] - INFO - Posicion: 163.71, 102.68, 1.347 | Velocidad: -0.9750619479990924, 0.22193286724641567
2026-06-01 12:58:32.544 - [robot_6_log_20260601_125830.csv] - INFO - None
2026-06-01 12:58:32.544 - [robot_6_log_20260601_125830.csv] - WARNING - Estado FSM: RETROCEDE | Target Wall: None | Target Theta: 0.00° |theta: 77.17741500412188 
2026-06-01 12:58:32.594 - [robot_6_log_20260601_125830.csv] - INFO - Usando posición VISION: x=163.71, y=102.68, θ=1.35
2026-06-01 12:58:32.594 - [robot_6_log_20260601_125830.csv] - INFO - Distancias a paredes: Left: 163.71, Right: 286.29, Top: 37.32, Bottom: 102.68
2026-06-01 12:58:32.594 - [robot_6_log_20260601_125830.csv] - INFO - Posicion: 163.71, 102.68, 1.347 | Velocidad: -0.9750619479990924, 0.22193286724641567
2026-06-01 12:58:32.594 - [robot_6_log_20260601_125830.csv] - INFO - None
2026-06-01 12:58:32.594 - [robot_6_log_20260601_125830.csv] - WARNING - Estado FSM: RETROCEDE | Target Wall: None | Target Theta: 0.00° |theta: 77.17741500412188 
2026-06-01 12:58:32.622 - [robot_6_log_20260601_125830.csv] - DEBUG - Incoming data. Topic agent/6/wheel, mensaje {"Wleft":6.342149e-15,"Wright":1.136868377e-14}
2026-06-01 12:58:32.622 - [robot_6_log_20260601_125830.csv] - DEBUG - Incoming data. Topic 6/pos, mensaje {"x": 163.71, "y": 102.67, "yaw": 1.346, "timestamp": 1780311512.6197762}
2026-06-01 12:58:32.622 - [robot_6_log_20260601_125830.csv] - DEBUG - Posición actualizada por visión: x=163.71, y=102.67, θ=1.35
2026-06-01 12:58:32.622 - [robot_6_log_20260601_125830.csv] - DEBUG - Frecuencia: 11.11 Hz | Latencia Red/Proc: 2.38 ms
2026-06-01 12:58:32.622 - [robot_6_log_20260601_125830.csv] - DEBUG - Incoming data. Topic 6/pos, mensaje {"x": 163.71, "y": 102.67, "yaw": 1.346, "timestamp": 1780311512.6197762}
2026-06-01 12:58:32.622 - [robot_6_log_20260601_125830.csv] - DEBUG - Posición actualizada por visión: x=163.71, y=102.67, θ=1.35
2026-06-01 12:58:32.622 - [robot_6_log_20260601_125830.csv] - DEBUG - Frecuencia: 31536.12 Hz | Latencia Red/Proc: 2.42 ms
2026-06-01 12:58:32.636 - [robot_6_log_20260601_125830.csv] - DEBUG - Incoming data. Topic 6/pos, mensaje {"x": 163.71, "y": 102.67, "yaw": 1.346, "timestamp": 1780311512.6310616}
2026-06-01 12:58:32.641 - [robot_6_log_20260601_125830.csv] - DEBUG - Posición actualizada por visión: x=163.71, y=102.67, θ=1.35
2026-06-01 12:58:32.644 - [robot_6_log_20260601_125830.csv] - INFO - Usando posición VISION: x=163.71, y=102.67, θ=1.35
2026-06-01 12:58:32.644 - [robot_6_log_20260601_125830.csv] - DEBUG - Frecuencia: 45.77 Hz | Latencia Red/Proc: 12.98 ms
2026-06-01 12:58:32.644 - [robot_6_log_20260601_125830.csv] - DEBUG - Incoming data. Topic 6/pos, mensaje {"x": 163.71, "y": 102.67, "yaw": 1.346, "timestamp": 1780311512.6310616}
2026-06-01 12:58:32.644 - [robot_6_log_20260601_125830.csv] - DEBUG - Posición actualizada por visión: x=163.71, y=102.67, θ=1.35
2026-06-01 12:58:32.644 - [robot_6_log_20260601_125830.csv] - INFO - Distancias a paredes: Left: 163.71, Right: 286.29, Top: 37.33, Bottom: 102.67
2026-06-01 12:58:32.644 - [robot_6_log_20260601_125830.csv] - DEBUG - Frecuencia: 4665.52 Hz | Latencia Red/Proc: 13.19 ms
2026-06-01 12:58:32.644 - [robot_6_log_20260601_125830.csv] - INFO - Posicion: 163.71, 102.67, 1.346 | Velocidad: -0.9748395276379015, 0.22290781806547996
2026-06-01 12:58:32.644 - [robot_6_log_20260601_125830.csv] - INFO - None
2026-06-01 12:58:32.644 - [robot_6_log_20260601_125830.csv] - WARNING - Estado FSM: RETROCEDE | Target Wall: None | Target Theta: 0.00° |theta: 77.12011922460881 
2026-06-01 12:58:32.687 - [robot_6_log_20260601_125830.csv] - DEBUG - Incoming data. Topic agent/6/wheel, mensaje {"Wleft":6.342149e-15,"Wright":1.136868377e-14}
2026-06-01 12:58:32.694 - [robot_6_log_20260601_125830.csv] - INFO - Usando posición VISION: x=163.71, y=102.67, θ=1.35
2026-06-01 12:58:32.694 - [robot_6_log_20260601_125830.csv] - INFO - Distancias a paredes: Left: 163.71, Right: 286.29, Top: 37.33, Bottom: 102.67
2026-06-01 12:58:32.694 - [robot_6_log_20260601_125830.csv] - INFO - Posicion: 163.71, 102.67, 1.346 | Velocidad: -0.9748395276379015, 0.22290781806547996
2026-06-01 12:58:32.694 - [robot_6_log_20260601_125830.csv] - INFO - None
2026-06-01 12:58:32.694 - [robot_6_log_20260601_125830.csv] - WARNING - Estado FSM: RETROCEDE | Target Wall: None | Target Theta: 0.00° |theta: 77.12011922460881 
2026-06-01 12:58:32.727 - [robot_6_log_20260601_125830.csv] - DEBUG - Incoming data. Topic 6/pos, mensaje {"x": 163.72, "y": 102.68, "yaw": 1.346, "timestamp": 1780311512.7223473}
2026-06-01 12:58:32.733 - [robot_6_log_20260601_125830.csv] - DEBUG - Posición actualizada por visión: x=163.72, y=102.68, θ=1.35
2026-06-01 12:58:32.738 - [robot_6_log_20260601_125830.csv] - DEBUG - Frecuencia: 10.66 Hz | Latencia Red/Proc: 15.76 ms
2026-06-01 12:58:32.738 - [robot_6_log_20260601_125830.csv] - DEBUG - Incoming data. Topic 6/pos, mensaje {"x": 163.72, "y": 102.68, "yaw": 1.346, "timestamp": 1780311512.7223473}
2026-06-01 12:58:32.738 - [robot_6_log_20260601_125830.csv] - DEBUG - Posición actualizada por visión: x=163.72, y=102.68, θ=1.35
2026-06-01 12:58:32.738 - [robot_6_log_20260601_125830.csv] - DEBUG - Frecuencia: 11008.67 Hz | Latencia Red/Proc: 15.85 ms
2026-06-01 12:58:32.738 - [robot_6_log_20260601_125830.csv] - DEBUG - Incoming data. Topic 6/pos, mensaje {"x": 163.72, "y": 102.68, "yaw": 1.346, "timestamp": 1780311512.7307937}
2026-06-01 12:58:32.738 - [robot_6_log_20260601_125830.csv] - DEBUG - Posición actualizada por visión: x=163.72, y=102.68, θ=1.35
2026-06-01 12:58:32.738 - [robot_6_log_20260601_125830.csv] - DEBUG - Frecuencia: 13530.01 Hz | Latencia Red/Proc: 7.47 ms
2026-06-01 12:58:32.738 - [robot_6_log_20260601_125830.csv] - DEBUG - Incoming data. Topic 6/pos, mensaje {"x": 163.72, "y": 102.68, "yaw": 1.346, "timestamp": 1780311512.7307937}
2026-06-01 12:58:32.738 - [robot_6_log_20260601_125830.csv] - DEBUG - Posición actualizada por visión: x=163.72, y=102.68, θ=1.35
2026-06-01 12:58:32.738 - [robot_6_log_20260601_125830.csv] - DEBUG - Frecuencia: 15033.35 Hz | Latencia Red/Proc: 7.54 ms
2026-06-01 12:58:32.744 - [robot_6_log_20260601_125830.csv] - INFO - Usando posición VISION: x=163.72, y=102.68, θ=1.35
2026-06-01 12:58:32.744 - [robot_6_log_20260601_125830.csv] - INFO - Distancias a paredes: Left: 163.72, Right: 286.28, Top: 37.32, Bottom: 102.68
2026-06-01 12:58:32.744 - [robot_6_log_20260601_125830.csv] - INFO - Posicion: 163.72, 102.68, 1.346 | Velocidad: -0.9748395276379015, 0.22290781806547996
2026-06-01 12:58:32.744 - [robot_6_log_20260601_125830.csv] - INFO - None
2026-06-01 12:58:32.744 - [robot_6_log_20260601_125830.csv] - WARNING - Estado FSM: RETROCEDE | Target Wall: None | Target Theta: 0.00° |theta: 77.12011922460881 
2026-06-01 12:58:32.794 - [robot_6_log_20260601_125830.csv] - INFO - Usando posición VISION: x=163.72, y=102.68, θ=1.35
2026-06-01 12:58:32.794 - [robot_6_log_20260601_125830.csv] - INFO - Distancias a paredes: Left: 163.72, Right: 286.28, Top: 37.32, Bottom: 102.68
2026-06-01 12:58:32.794 - [robot_6_log_20260601_125830.csv] - INFO - Posicion: 163.72, 102.68, 1.346 | Velocidad: -0.9748395276379015, 0.22290781806547996
2026-06-01 12:58:32.794 - [robot_6_log_20260601_125830.csv] - INFO - None
2026-06-01 12:58:32.794 - [robot_6_log_20260601_125830.csv] - WARNING - Estado FSM: RETROCEDE | Target Wall: None | Target Theta: 0.00° |theta: 77.12011922460881 
2026-06-01 12:58:32.833 - [robot_6_log_20260601_125830.csv] - DEBUG - Incoming data. Topic 6/pos, mensaje {"x": 163.7, "y": 102.69, "yaw": 1.347, "timestamp": 1780311512.8229604}
2026-06-01 12:58:32.838 - [robot_6_log_20260601_125830.csv] - DEBUG - Posición actualizada por visión: x=163.70, y=102.69, θ=1.35
2026-06-01 12:58:32.838 - [robot_6_log_20260601_125830.csv] - DEBUG - Frecuencia: 9.97 Hz | Latencia Red/Proc: 15.72 ms
2026-06-01 12:58:32.838 - [robot_6_log_20260601_125830.csv] - DEBUG - Incoming data. Topic 6/pos, mensaje {"x": 163.7, "y": 102.69, "yaw": 1.347, "timestamp": 1780311512.8229604}
2026-06-01 12:58:32.838 - [robot_6_log_20260601_125830.csv] - DEBUG - Posición actualizada por visión: x=163.70, y=102.69, θ=1.35
2026-06-01 12:58:32.843 - [robot_6_log_20260601_125830.csv] - DEBUG - Frecuencia: 193.38 Hz | Latencia Red/Proc: 20.89 ms
2026-06-01 12:58:32.843 - [robot_6_log_20260601_125830.csv] - DEBUG - Incoming data. Topic 6/pos, mensaje {"x": 163.7, "y": 102.69, "yaw": 1.347, "timestamp": 1780311512.8313591}
2026-06-01 12:58:32.843 - [robot_6_log_20260601_125830.csv] - DEBUG - Posición actualizada por visión: x=163.70, y=102.69, θ=1.35
2026-06-01 12:58:32.843 - [robot_6_log_20260601_125830.csv] - DEBUG - Frecuencia: 8371.86 Hz | Latencia Red/Proc: 12.61 ms
2026-06-01 12:58:32.844 - [robot_6_log_20260601_125830.csv] - DEBUG - Incoming data. Topic agent/6/wheel, mensaje {"Wleft":6.342149e-15,"Wright":1.136868377e-14}
2026-06-01 12:58:32.844 - [robot_6_log_20260601_125830.csv] - INFO - Usando posición VISION: x=163.70, y=102.69, θ=1.35
2026-06-01 12:58:32.844 - [robot_6_log_20260601_125830.csv] - INFO - Distancias a paredes: Left: 163.70, Right: 286.30, Top: 37.31, Bottom: 102.69
2026-06-01 12:58:32.844 - [robot_6_log_20260601_125830.csv] - INFO - Posicion: 163.7, 102.69, 1.347 | Velocidad: -0.9750619479990924, 0.22193286724641567
2026-06-01 12:58:32.844 - [robot_6_log_20260601_125830.csv] - INFO - None
2026-06-01 12:58:32.844 - [robot_6_log_20260601_125830.csv] - WARNING - Estado FSM: RETROCEDE | Target Wall: None | Target Theta: 0.00° |theta: 77.17741500412188 
2026-06-01 12:58:32.890 - [robot_6_log_20260601_125830.csv] - DEBUG - Incoming data. Topic 6/pos, mensaje {"x": 163.7, "y": 102.69, "yaw": 1.347, "timestamp": 1780311512.8313591}
2026-06-01 12:58:32.894 - [robot_6_log_20260601_125830.csv] - INFO - Usando posición VISION: x=163.70, y=102.69, θ=1.35
2026-06-01 12:58:32.894 - [robot_6_log_20260601_125830.csv] - INFO - Distancias a paredes: Left: 163.70, Right: 286.30, Top: 37.31, Bottom: 102.69
2026-06-01 12:58:32.894 - [robot_6_log_20260601_125830.csv] - INFO - Posicion: 163.7, 102.69, 1.347 | Velocidad: -0.9750619479990924, 0.22193286724641567
2026-06-01 12:58:32.894 - [robot_6_log_20260601_125830.csv] - INFO - None
2026-06-01 12:58:32.894 - [robot_6_log_20260601_125830.csv] - DEBUG - Posición actualizada por visión: x=163.70, y=102.69, θ=1.35
2026-06-01 12:58:32.894 - [robot_6_log_20260601_125830.csv] - WARNING - Estado FSM: RETROCEDE | Target Wall: None | Target Theta: 0.00° |theta: 77.17741500412188 
2026-06-01 12:58:32.894 - [robot_6_log_20260601_125830.csv] - DEBUG - Frecuencia: 19.82 Hz | Latencia Red/Proc: 63.06 ms
2026-06-01 12:58:32.904 - [robot_6_log_20260601_125830.csv] - INFO - Agent Bouncer Robot en marcha
2026-06-01 12:58:32.904 - [robot_6_log_20260601_125830.csv] - INFO - Agente Bouncer Robot y despachador en marcha.
2026-06-01 12:58:32.910 - [robot_6_log_20260601_125830.csv] - DEBUG - Despachado a ZMQ -> agent/6/move: {'v': 0.0, 'w': 0.0}
2026-06-01 12:58:32.921 - [robot_6_log_20260601_125830.csv] - DEBUG - Incoming data. Topic agent/6/wheel, mensaje {"Wleft":6.342149e-15,"Wright":1.136868377e-14}
2026-06-01 12:58:32.931 - [robot_6_log_20260601_125830.csv] - DEBUG - Incoming data. Topic 6/pos, mensaje {"x": 163.71, "y": 102.68, "yaw": 1.349, "timestamp": 1780311512.9230103}
2026-06-01 12:58:32.937 - [robot_6_log_20260601_125830.csv] - DEBUG - Posición actualizada por visión: x=163.71, y=102.68, θ=1.35
2026-06-01 12:58:32.942 - [robot_6_log_20260601_125830.csv] - DEBUG - Despachado a ZMQ -> agent/6/move: {'v': -30, 'w': 0.0}
2026-06-01 12:58:32.942 - [robot_6_log_20260601_125830.csv] - DEBUG - Frecuencia: 20.92 Hz | Latencia Red/Proc: 19.21 ms
2026-06-01 12:58:32.944 - [robot_6_log_20260601_125830.csv] - INFO - Usando posición VISION: x=163.71, y=102.68, θ=1.35
2026-06-01 12:58:32.944 - [robot_6_log_20260601_125830.csv] - DEBUG - Incoming data. Topic 6/pos, mensaje {"x": 163.71, "y": 102.68, "yaw": 1.349, "timestamp": 1780311512.9230103}
2026-06-01 12:58:32.944 - [robot_6_log_20260601_125830.csv] - INFO - Distancias a paredes: Left: 163.71, Right: 286.29, Top: 37.32, Bottom: 102.68
2026-06-01 12:58:32.944 - [robot_6_log_20260601_125830.csv] - DEBUG - Posición actualizada por visión: x=163.71, y=102.68, θ=1.35
2026-06-01 12:58:32.944 - [robot_6_log_20260601_125830.csv] - INFO - Posicion: 163.71, 102.68, 1.349 | Velocidad: -0.9755038633144288, 0.2199823007849133
2026-06-01 12:58:32.944 - [robot_6_log_20260601_125830.csv] - DEBUG - Frecuencia: 453.10 Hz | Latencia Red/Proc: 21.42 ms
2026-06-01 12:58:32.944 - [robot_6_log_20260601_125830.csv] - INFO - None
2026-06-01 12:58:32.944 - [robot_6_log_20260601_125830.csv] - DEBUG - Incoming data. Topic 6/pos, mensaje {"x": 163.71, "y": 102.68, "yaw": 1.349, "timestamp": 1780311512.9332526}
2026-06-01 12:58:32.944 - [robot_6_log_20260601_125830.csv] - WARNING - Estado FSM: RETROCEDE | Target Wall: None | Target Theta: 0.00° |theta: 77.29200656314805 
2026-06-01 12:58:32.944 - [robot_6_log_20260601_125830.csv] - DEBUG - Posición actualizada por visión: x=163.71, y=102.68, θ=1.35
2026-06-01 12:58:32.960 - [robot_6_log_20260601_125830.csv] - DEBUG - Frecuencia: 61.10 Hz | Latencia Red/Proc: 27.54 ms
2026-06-01 12:58:32.965 - [robot_6_log_20260601_125830.csv] - DEBUG - Incoming data. Topic 6/pos, mensaje {"x": 163.71, "y": 102.68, "yaw": 1.349, "timestamp": 1780311512.9332526}
2026-06-01 12:58:32.970 - [robot_6_log_20260601_125830.csv] - DEBUG - Posición actualizada por visión: x=163.71, y=102.68, θ=1.35
2026-06-01 12:58:32.977 - [robot_6_log_20260601_125830.csv] - DEBUG - Frecuencia: 61.21 Hz | Latencia Red/Proc: 43.88 ms
2026-06-01 12:58:32.994 - [robot_6_log_20260601_125830.csv] - INFO - Usando posición VISION: x=163.71, y=102.68, θ=1.35
2026-06-01 12:58:32.994 - [robot_6_log_20260601_125830.csv] - DEBUG - Incoming data. Topic agent/6/wheel, mensaje {"Wleft":6.342149e-15,"Wright":1.136868377e-14}
2026-06-01 12:58:32.994 - [robot_6_log_20260601_125830.csv] - INFO - Distancias a paredes: Left: 163.71, Right: 286.29, Top: 37.32, Bottom: 102.68
2026-06-01 12:58:32.994 - [robot_6_log_20260601_125830.csv] - INFO - Posicion: 163.71, 102.68, 1.349 | Velocidad: -0.9755038633144288, 0.2199823007849133
2026-06-01 12:58:32.994 - [robot_6_log_20260601_125830.csv] - INFO - None
2026-06-01 12:58:32.994 - [robot_6_log_20260601_125830.csv] - WARNING - Estado FSM: RETROCEDE | Target Wall: None | Target Theta: 0.00° |theta: 77.29200656314805 
2026-06-01 12:58:33.024 - [robot_6_log_20260601_125830.csv] - DEBUG - Incoming data. Topic 6/pos, mensaje {"x": 163.73, "y": 102.66, "yaw": 1.349, "timestamp": 1780311513.0224304}
2026-06-01 12:58:33.029 - [robot_6_log_20260601_125830.csv] - DEBUG - Posición actualizada por visión: x=163.73, y=102.66, θ=1.35
2026-06-01 12:58:33.036 - [robot_6_log_20260601_125830.csv] - DEBUG - Frecuencia: 16.96 Hz | Latencia Red/Proc: 13.65 ms
2026-06-01 12:58:33.044 - [robot_6_log_20260601_125830.csv] - INFO - Usando posición VISION: x=163.73, y=102.66, θ=1.35
2026-06-01 12:58:33.044 - [robot_6_log_20260601_125830.csv] - DEBUG - Incoming data. Topic 6/pos, mensaje {"x": 163.73, "y": 102.66, "yaw": 1.349, "timestamp": 1780311513.0224304}
2026-06-01 12:58:33.044 - [robot_6_log_20260601_125830.csv] - DEBUG - Posición actualizada por visión: x=163.73, y=102.66, θ=1.35
2026-06-01 12:58:33.044 - [robot_6_log_20260601_125830.csv] - DEBUG - Frecuencia: 121.90 Hz | Latencia Red/Proc: 21.85 ms
2026-06-01 12:58:33.044 - [robot_6_log_20260601_125830.csv] - DEBUG - Incoming data. Topic 6/pos, mensaje {"x": 163.73, "y": 102.66, "yaw": 1.349, "timestamp": 1780311513.0306077}
2026-06-01 12:58:33.044 - [robot_6_log_20260601_125830.csv] - INFO - Distancias a paredes: Left: 163.73, Right: 286.27, Top: 37.34, Bottom: 102.66
2026-06-01 12:58:33.044 - [robot_6_log_20260601_125830.csv] - DEBUG - Posición actualizada por visión: x=163.73, y=102.66, θ=1.35
2026-06-01 12:58:33.044 - [robot_6_log_20260601_125830.csv] - INFO - Posicion: 163.73, 102.66, 1.349 | Velocidad: -0.9755038633144288, 0.2199823007849133
2026-06-01 12:58:33.044 - [robot_6_log_20260601_125830.csv] - DEBUG - Frecuencia: 10230.01 Hz | Latencia Red/Proc: 13.77 ms
2026-06-01 12:58:33.044 - [robot_6_log_20260601_125830.csv] - INFO - None
2026-06-01 12:58:33.044 - [robot_6_log_20260601_125830.csv] - DEBUG - Incoming data. Topic 6/pos, mensaje {"x": 163.73, "y": 102.66, "yaw": 1.349, "timestamp": 1780311513.0306077}
2026-06-01 12:58:33.044 - [robot_6_log_20260601_125830.csv] - WARNING - Estado FSM: RETROCEDE | Target Wall: None | Target Theta: 0.00° |theta: 77.29200656314805 
2026-06-01 12:58:33.044 - [robot_6_log_20260601_125830.csv] - DEBUG - Posición actualizada por visión: x=163.73, y=102.66, θ=1.35
2026-06-01 12:58:33.055 - [robot_6_log_20260601_125830.csv] - DEBUG - Frecuencia: 88.10 Hz | Latencia Red/Proc: 25.12 ms
2026-06-01 12:58:33.094 - [robot_6_log_20260601_125830.csv] - INFO - Usando posición VISION: x=163.73, y=102.66, θ=1.35
2026-06-01 12:58:33.094 - [robot_6_log_20260601_125830.csv] - INFO - Distancias a paredes: Left: 163.73, Right: 286.27, Top: 37.34, Bottom: 102.66
2026-06-01 12:58:33.094 - [robot_6_log_20260601_125830.csv] - INFO - Posicion: 163.73, 102.66, 1.349 | Velocidad: -0.9755038633144288, 0.2199823007849133
2026-06-01 12:58:33.094 - [robot_6_log_20260601_125830.csv] - INFO - None
2026-06-01 12:58:33.094 - [robot_6_log_20260601_125830.csv] - WARNING - Estado FSM: RETROCEDE | Target Wall: None | Target Theta: 0.00° |theta: 77.29200656314805 
2026-06-01 12:58:33.130 - [robot_6_log_20260601_125830.csv] - DEBUG - Incoming data. Topic 6/pos, mensaje {"x": 163.7, "y": 102.68, "yaw": 1.344, "timestamp": 1780311513.1201403}
2026-06-01 12:58:33.136 - [robot_6_log_20260601_125830.csv] - DEBUG - Posición actualizada por visión: x=163.70, y=102.68, θ=1.34
2026-06-01 12:58:33.142 - [robot_6_log_20260601_125830.csv] - DEBUG - Frecuencia: 11.56 Hz | Latencia Red/Proc: 22.06 ms
2026-06-01 12:58:33.144 - [robot_6_log_20260601_125830.csv] - INFO - Usando posición VISION: x=163.70, y=102.68, θ=1.34
2026-06-01 12:58:33.144 - [robot_6_log_20260601_125830.csv] - DEBUG - Incoming data. Topic 6/pos, mensaje {"x": 163.7, "y": 102.68, "yaw": 1.344, "timestamp": 1780311513.1201403}
2026-06-01 12:58:33.144 - [robot_6_log_20260601_125830.csv] - INFO - Distancias a paredes: Left: 163.70, Right: 286.30, Top: 37.32, Bottom: 102.68
2026-06-01 12:58:33.144 - [robot_6_log_20260601_125830.csv] - DEBUG - Posición actualizada por visión: x=163.70, y=102.68, θ=1.34
2026-06-01 12:58:33.144 - [robot_6_log_20260601_125830.csv] - INFO - Posicion: 163.7, 102.68, 1.344 | Velocidad: -0.9743917626205755, 0.22485705000548248
2026-06-01 12:58:33.144 - [robot_6_log_20260601_125830.csv] - DEBUG - Frecuencia: 504.85 Hz | Latencia Red/Proc: 24.04 ms
2026-06-01 12:58:33.144 - [robot_6_log_20260601_125830.csv] - INFO - None
2026-06-01 12:58:33.144 - [robot_6_log_20260601_125830.csv] - DEBUG - Incoming data. Topic 6/pos, mensaje {"x": 163.7, "y": 102.68, "yaw": 1.344, "timestamp": 1780311513.1294732}
2026-06-01 12:58:33.144 - [robot_6_log_20260601_125830.csv] - DEBUG - Posición actualizada por visión: x=163.70, y=102.68, θ=1.34
2026-06-01 12:58:33.144 - [robot_6_log_20260601_125830.csv] - DEBUG - Frecuencia: 8648.05 Hz | Latencia Red/Proc: 14.82 ms
2026-06-01 12:58:33.144 - [robot_6_log_20260601_125830.csv] - WARNING - Estado FSM: RETROCEDE | Target Wall: None | Target Theta: 0.00° |theta: 77.00552766558265 
2026-06-01 12:58:33.149 - [robot_6_log_20260601_125830.csv] - DEBUG - Incoming data. Topic agent/6/wheel, mensaje {"Wleft":16,"Wright":16}
2026-06-01 12:58:33.177 - [robot_6_log_20260601_125830.csv] - DEBUG - Incoming data. Topic 6/pos, mensaje {"x": 163.7, "y": 102.68, "yaw": 1.344, "timestamp": 1780311513.1294732}
2026-06-01 12:58:33.183 - [robot_6_log_20260601_125830.csv] - DEBUG - Posición actualizada por visión: x=163.70, y=102.68, θ=1.34
2026-06-01 12:58:33.183 - [robot_6_log_20260601_125830.csv] - DEBUG - Frecuencia: 25.80 Hz | Latencia Red/Proc: 53.58 ms
2026-06-01 12:58:33.194 - [robot_6_log_20260601_125830.csv] - INFO - Usando posición VISION: x=163.70, y=102.68, θ=1.34
2026-06-01 12:58:33.194 - [robot_6_log_20260601_125830.csv] - DEBUG - Incoming data. Topic agent/6/wheel, mensaje {"Wleft":20,"Wright":20}
2026-06-01 12:58:33.194 - [robot_6_log_20260601_125830.csv] - INFO - Distancias a paredes: Left: 163.70, Right: 286.30, Top: 37.32, Bottom: 102.68
2026-06-01 12:58:33.194 - [robot_6_log_20260601_125830.csv] - INFO - Posicion: 163.7, 102.68, 1.344 | Velocidad: -0.9743917626205755, 0.22485705000548248
2026-06-01 12:58:33.194 - [robot_6_log_20260601_125830.csv] - INFO - None
2026-06-01 12:58:33.194 - [robot_6_log_20260601_125830.csv] - WARNING - Estado FSM: RETROCEDE | Target Wall: None | Target Theta: 0.00° |theta: 77.00552766558265 
2026-06-01 12:58:33.224 - [robot_6_log_20260601_125830.csv] - DEBUG - Incoming data. Topic 6/pos, mensaje {"x": 163.72, "y": 102.68, "yaw": 1.348, "timestamp": 1780311513.2196963}
2026-06-01 12:58:33.229 - [robot_6_log_20260601_125830.csv] - DEBUG - Posición actualizada por visión: x=163.72, y=102.68, θ=1.35
2026-06-01 12:58:33.235 - [robot_6_log_20260601_125830.csv] - DEBUG - Frecuencia: 19.24 Hz | Latencia Red/Proc: 15.34 ms
2026-06-01 12:58:33.244 - [robot_6_log_20260601_125830.csv] - INFO - Usando posición VISION: x=163.72, y=102.68, θ=1.35
2026-06-01 12:58:33.244 - [robot_6_log_20260601_125830.csv] - DEBUG - Incoming data. Topic 6/pos, mensaje {"x": 163.72, "y": 102.68, "yaw": 1.348, "timestamp": 1780311513.2196963}
2026-06-01 12:58:33.244 - [robot_6_log_20260601_125830.csv] - INFO - Distancias a paredes: Left: 163.72, Right: 286.28, Top: 37.32, Bottom: 102.68
2026-06-01 12:58:33.244 - [robot_6_log_20260601_125830.csv] - DEBUG - Posición actualizada por visión: x=163.72, y=102.68, θ=1.35
2026-06-01 12:58:33.244 - [robot_6_log_20260601_125830.csv] - INFO - Posicion: 163.72, 102.68, 1.348 | Velocidad: -0.9752833932984167, 0.22095769449450242
2026-06-01 12:58:33.244 - [robot_6_log_20260601_125830.csv] - DEBUG - Frecuencia: 108.94 Hz | Latencia Red/Proc: 24.52 ms
2026-06-01 12:58:33.244 - [robot_6_log_20260601_125830.csv] - INFO - None
2026-06-01 12:58:33.244 - [robot_6_log_20260601_125830.csv] - DEBUG - Incoming data. Topic 6/pos, mensaje {"x": 163.72, "y": 102.68, "yaw": 1.348, "timestamp": 1780311513.22841}
2026-06-01 12:58:33.244 - [robot_6_log_20260601_125830.csv] - WARNING - Estado FSM: RETROCEDE | Target Wall: None | Target Theta: 0.00° |theta: 77.23471078363498 
2026-06-01 12:58:33.244 - [robot_6_log_20260601_125830.csv] - DEBUG - Posición actualizada por visión: x=163.72, y=102.68, θ=1.35
2026-06-01 12:58:33.249 - [robot_6_log_20260601_125830.csv] - DEBUG - Frecuencia: 190.29 Hz | Latencia Red/Proc: 21.06 ms
2026-06-01 12:58:33.259 - [robot_6_log_20260601_125830.csv] - DEBUG - Incoming data. Topic 6/pos, mensaje {"x": 163.72, "y": 102.68, "yaw": 1.348, "timestamp": 1780311513.22841}
2026-06-01 12:58:33.264 - [robot_6_log_20260601_125830.csv] - DEBUG - Posición actualizada por visión: x=163.72, y=102.68, θ=1.35
2026-06-01 12:58:33.269 - [robot_6_log_20260601_125830.csv] - DEBUG - Frecuencia: 48.89 Hz | Latencia Red/Proc: 41.52 ms
2026-06-01 12:58:33.294 - [robot_6_log_20260601_125830.csv] - DEBUG - Incoming data. Topic agent/6/wheel, mensaje {"Wleft":20,"Wright":20}
2026-06-01 12:58:33.294 - [robot_6_log_20260601_125830.csv] - INFO - Usando posición VISION: x=163.72, y=102.68, θ=1.35
2026-06-01 12:58:33.294 - [robot_6_log_20260601_125830.csv] - INFO - Distancias a paredes: Left: 163.72, Right: 286.28, Top: 37.32, Bottom: 102.68
2026-06-01 12:58:33.294 - [robot_6_log_20260601_125830.csv] - INFO - Posicion: 163.72, 102.68, 1.348 | Velocidad: -0.9752833932984167, 0.22095769449450242
2026-06-01 12:58:33.294 - [robot_6_log_20260601_125830.csv] - INFO - None
2026-06-01 12:58:33.294 - [robot_6_log_20260601_125830.csv] - WARNING - Estado FSM: RETROCEDE | Target Wall: None | Target Theta: 0.00° |theta: 77.23471078363498 
2026-06-01 12:58:33.330 - [robot_6_log_20260601_125830.csv] - DEBUG - Incoming data. Topic 6/pos, mensaje {"x": 164.3, "y": 102.55, "yaw": 1.349, "timestamp": 1780311513.3219805}
2026-06-01 12:58:33.330 - [robot_6_log_20260601_125830.csv] - DEBUG - Posición actualizada por visión: x=164.30, y=102.55, θ=1.35
2026-06-01 12:58:33.335 - [robot_6_log_20260601_125830.csv] - DEBUG - Frecuencia: 15.24 Hz | Latencia Red/Proc: 13.55 ms
2026-06-01 12:58:33.344 - [robot_6_log_20260601_125830.csv] - INFO - Usando posición VISION: x=164.30, y=102.55, θ=1.35
2026-06-01 12:58:33.344 - [robot_6_log_20260601_125830.csv] - DEBUG - Incoming data. Topic 6/pos, mensaje {"x": 164.3, "y": 102.55, "yaw": 1.349, "timestamp": 1780311513.3219805}
2026-06-01 12:58:33.344 - [robot_6_log_20260601_125830.csv] - INFO - Distancias a paredes: Left: 164.30, Right: 285.70, Top: 37.45, Bottom: 102.55
2026-06-01 12:58:33.344 - [robot_6_log_20260601_125830.csv] - DEBUG - Posición actualizada por visión: x=164.30, y=102.55, θ=1.35
2026-06-01 12:58:33.344 - [robot_6_log_20260601_125830.csv] - INFO - Posicion: 164.3, 102.55, 1.349 | Velocidad: -0.9755038633144288, 0.2199823007849133
2026-06-01 12:58:33.344 - [robot_6_log_20260601_125830.csv] - DEBUG - Frecuencia: 115.34 Hz | Latencia Red/Proc: 22.22 ms
2026-06-01 12:58:33.344 - [robot_6_log_20260601_125830.csv] - INFO - None
2026-06-01 12:58:33.344 - [robot_6_log_20260601_125830.csv] - DEBUG - Incoming data. Topic 6/pos, mensaje {"x": 164.3, "y": 102.55, "yaw": 1.349, "timestamp": 1780311513.3310177}
2026-06-01 12:58:33.344 - [robot_6_log_20260601_125830.csv] - DEBUG - Posición actualizada por visión: x=164.30, y=102.55, θ=1.35
2026-06-01 12:58:33.344 - [robot_6_log_20260601_125830.csv] - DEBUG - Frecuencia: 8388.61 Hz | Latencia Red/Proc: 13.30 ms
2026-06-01 12:58:33.344 - [robot_6_log_20260601_125830.csv] - WARNING - Estado FSM: RETROCEDE | Target Wall: None | Target Theta: 0.00° |theta: 77.29200656314805 
2026-06-01 12:58:33.349 - [robot_6_log_20260601_125830.csv] - DEBUG - Incoming data. Topic 6/pos, mensaje {"x": 164.3, "y": 102.55, "yaw": 1.349, "timestamp": 1780311513.3310177}
2026-06-01 12:58:33.354 - [robot_6_log_20260601_125830.csv] - DEBUG - Posición actualizada por visión: x=164.30, y=102.55, θ=1.35
2026-06-01 12:58:33.359 - [robot_6_log_20260601_125830.csv] - DEBUG - Frecuencia: 65.11 Hz | Latencia Red/Proc: 28.66 ms
2026-06-01 12:58:33.394 - [robot_6_log_20260601_125830.csv] - INFO - Usando posición VISION: x=164.30, y=102.55, θ=1.35
2026-06-01 12:58:33.394 - [robot_6_log_20260601_125830.csv] - INFO - Distancias a paredes: Left: 164.30, Right: 285.70, Top: 37.45, Bottom: 102.55
2026-06-01 12:58:33.394 - [robot_6_log_20260601_125830.csv] - INFO - Posicion: 164.3, 102.55, 1.349 | Velocidad: -0.9755038633144288, 0.2199823007849133
2026-06-01 12:58:33.394 - [robot_6_log_20260601_125830.csv] - INFO - None
2026-06-01 12:58:33.394 - [robot_6_log_20260601_125830.csv] - WARNING - Estado FSM: RETROCEDE | Target Wall: None | Target Theta: 0.00° |theta: 77.29200656314805 
2026-06-01 12:58:33.428 - [robot_6_log_20260601_125830.csv] - DEBUG - Incoming data. Topic 6/pos, mensaje {"x": 164.94, "y": 102.5, "yaw": 1.324, "timestamp": 1780311513.4214404}
2026-06-01 12:58:33.434 - [robot_6_log_20260601_125830.csv] - DEBUG - Posición actualizada por visión: x=164.94, y=102.50, θ=1.32
2026-06-01 12:58:33.439 - [robot_6_log_20260601_125830.csv] - DEBUG - Frecuencia: 12.58 Hz | Latencia Red/Proc: 17.73 ms
2026-06-01 12:58:33.444 - [robot_6_log_20260601_125830.csv] - INFO - Usando posición VISION: x=164.94, y=102.50, θ=1.32
2026-06-01 12:58:33.444 - [robot_6_log_20260601_125830.csv] - DEBUG - Incoming data. Topic 6/pos, mensaje {"x": 164.94, "y": 102.5, "yaw": 1.324, "timestamp": 1780311513.4214404}
2026-06-01 12:58:33.444 - [robot_6_log_20260601_125830.csv] - INFO - Distancias a paredes: Left: 164.94, Right: 285.06, Top: 37.50, Bottom: 102.50
2026-06-01 12:58:33.444 - [robot_6_log_20260601_125830.csv] - DEBUG - Posición actualizada por visión: x=164.94, y=102.50, θ=1.32
2026-06-01 12:58:33.444 - [robot_6_log_20260601_125830.csv] - INFO - Posicion: 164.94, 102.5, 1.324 | Velocidad: -0.9697000495672041, 0.24429861618388662
2026-06-01 12:58:33.444 - [robot_6_log_20260601_125830.csv] - DEBUG - Frecuencia: 198.73 Hz | Latencia Red/Proc: 22.76 ms
2026-06-01 12:58:33.444 - [robot_6_log_20260601_125830.csv] - INFO - None
2026-06-01 12:58:33.444 - [robot_6_log_20260601_125830.csv] - DEBUG - Incoming data. Topic 6/pos, mensaje {"x": 164.94, "y": 102.5, "yaw": 1.324, "timestamp": 1780311513.4334254}
2026-06-01 12:58:33.444 - [robot_6_log_20260601_125830.csv] - DEBUG - Posición actualizada por visión: x=164.94, y=102.50, θ=1.32
2026-06-01 12:58:33.444 - [robot_6_log_20260601_125830.csv] - DEBUG - Frecuencia: 8160.12 Hz | Latencia Red/Proc: 10.90 ms
2026-06-01 12:58:33.444 - [robot_6_log_20260601_125830.csv] - WARNING - Estado FSM: RETROCEDE | Target Wall: None | Target Theta: 0.00° |theta: 75.859612075321 
2026-06-01 12:58:33.449 - [robot_6_log_20260601_125830.csv] - DEBUG - Incoming data. Topic agent/6/wheel, mensaje {"Wleft":16,"Wright":20}
2026-06-01 12:58:33.494 - [robot_6_log_20260601_125830.csv] - INFO - Usando posición VISION: x=164.94, y=102.50, θ=1.32
2026-06-01 12:58:33.494 - [robot_6_log_20260601_125830.csv] - INFO - Distancias a paredes: Left: 164.94, Right: 285.06, Top: 37.50, Bottom: 102.50
2026-06-01 12:58:33.494 - [robot_6_log_20260601_125830.csv] - INFO - Posicion: 164.94, 102.5, 1.324 | Velocidad: -0.9697000495672041, 0.24429861618388662
2026-06-01 12:58:33.494 - [robot_6_log_20260601_125830.csv] - INFO - None
2026-06-01 12:58:33.494 - [robot_6_log_20260601_125830.csv] - WARNING - Estado FSM: RETROCEDE | Target Wall: None | Target Theta: 0.00° |theta: 75.859612075321 
2026-06-01 12:58:33.505 - [robot_6_log_20260601_125830.csv] - DEBUG - Incoming data. Topic 6/pos, mensaje {"x": 164.94, "y": 102.5, "yaw": 1.324, "timestamp": 1780311513.4334254}
2026-06-01 12:58:33.510 - [robot_6_log_20260601_125830.csv] - DEBUG - Posición actualizada por visión: x=164.94, y=102.50, θ=1.32
2026-06-01 12:58:33.515 - [robot_6_log_20260601_125830.csv] - DEBUG - Frecuencia: 13.96 Hz | Latencia Red/Proc: 82.53 ms
2026-06-01 12:58:33.533 - [robot_6_log_20260601_125830.csv] - DEBUG - Incoming data. Topic agent/6/wheel, mensaje {"Wleft":16,"Wright":12}
2026-06-01 12:58:33.544 - [robot_6_log_20260601_125830.csv] - INFO - Usando posición VISION: x=164.94, y=102.50, θ=1.32
2026-06-01 12:58:33.544 - [robot_6_log_20260601_125830.csv] - INFO - Distancias a paredes: Left: 164.94, Right: 285.06, Top: 37.50, Bottom: 102.50
2026-06-01 12:58:33.544 - [robot_6_log_20260601_125830.csv] - INFO - Posicion: 164.94, 102.5, 1.324 | Velocidad: -0.9697000495672041, 0.24429861618388662
2026-06-01 12:58:33.544 - [robot_6_log_20260601_125830.csv] - INFO - None
2026-06-01 12:58:33.544 - [robot_6_log_20260601_125830.csv] - DEBUG - Incoming data. Topic 6/pos, mensaje {"x": 165.36, "y": 102.43, "yaw": 1.3, "timestamp": 1780311513.5219333}
2026-06-01 12:58:33.544 - [robot_6_log_20260601_125830.csv] - WARNING - Estado FSM: RETROCEDE | Target Wall: None | Target Theta: 0.00° |theta: 75.859612075321 
2026-06-01 12:58:33.544 - [robot_6_log_20260601_125830.csv] - DEBUG - Posición actualizada por visión: x=165.36, y=102.43, θ=1.30
2026-06-01 12:58:33.570 - [robot_6_log_20260601_125830.csv] - DEBUG - Frecuencia: 18.29 Hz | Latencia Red/Proc: 48.71 ms
2026-06-01 12:58:33.586 - [robot_6_log_20260601_125830.csv] - DEBUG - Incoming data. Topic 6/pos, mensaje {"x": 165.36, "y": 102.43, "yaw": 1.3, "timestamp": 1780311513.5219333}
2026-06-01 12:58:33.594 - [robot_6_log_20260601_125830.csv] - INFO - Usando posición VISION: x=165.36, y=102.43, θ=1.30
2026-06-01 12:58:33.594 - [robot_6_log_20260601_125830.csv] - DEBUG - Posición actualizada por visión: x=165.36, y=102.43, θ=1.30
2026-06-01 12:58:33.594 - [robot_6_log_20260601_125830.csv] - INFO - Distancias a paredes: Left: 165.36, Right: 284.64, Top: 37.57, Bottom: 102.43
2026-06-01 12:58:33.594 - [robot_6_log_20260601_125830.csv] - DEBUG - Frecuencia: 42.48 Hz | Latencia Red/Proc: 72.25 ms
2026-06-01 12:58:33.594 - [robot_6_log_20260601_125830.csv] - INFO - Posicion: 165.36, 102.43, 1.3 | Velocidad: -0.963558185417193, 0.26749882862458735
2026-06-01 12:58:33.594 - [robot_6_log_20260601_125830.csv] - INFO - None
2026-06-01 12:58:33.594 - [robot_6_log_20260601_125830.csv] - DEBUG - Incoming data. Topic 6/pos, mensaje {"x": 165.36, "y": 102.43, "yaw": 1.3, "timestamp": 1780311513.5315137}
2026-06-01 12:58:33.594 - [robot_6_log_20260601_125830.csv] - DEBUG - Posición actualizada por visión: x=165.36, y=102.43, θ=1.30
2026-06-01 12:58:33.594 - [robot_6_log_20260601_125830.csv] - DEBUG - Frecuencia: 7145.32 Hz | Latencia Red/Proc: 62.81 ms
2026-06-01 12:58:33.594 - [robot_6_log_20260601_125830.csv] - WARNING - Estado FSM: RETROCEDE | Target Wall: None | Target Theta: 0.00° |theta: 74.48451336700703 
2026-06-01 12:58:33.599 - [robot_6_log_20260601_125830.csv] - DEBUG - Incoming data. Topic 6/pos, mensaje {"x": 165.36, "y": 102.43, "yaw": 1.3, "timestamp": 1780311513.5315137}
2026-06-01 12:58:33.599 - [robot_6_log_20260601_125830.csv] - DEBUG - Posición actualizada por visión: x=165.36, y=102.43, θ=1.30
2026-06-01 12:58:33.599 - [robot_6_log_20260601_125830.csv] - DEBUG - Frecuencia: 196.00 Hz | Latencia Red/Proc: 67.91 ms
2026-06-01 12:58:33.605 - [robot_6_log_20260601_125830.csv] - DEBUG - Incoming data. Topic agent/6/wheel, mensaje {"Wleft":20,"Wright":20}
2026-06-01 12:58:33.627 - [robot_6_log_20260601_125830.csv] - DEBUG - Incoming data. Topic 6/pos, mensaje {"x": 165.44, "y": 102.44, "yaw": 1.299, "timestamp": 1780311513.6217215}
2026-06-01 12:58:33.633 - [robot_6_log_20260601_125830.csv] - DEBUG - Posición actualizada por visión: x=165.44, y=102.44, θ=1.30
2026-06-01 12:58:33.643 - [robot_6_log_20260601_125830.csv] - DEBUG - Frecuencia: 22.76 Hz | Latencia Red/Proc: 21.64 ms
2026-06-01 12:58:33.644 - [robot_6_log_20260601_125830.csv] - INFO - Usando posición VISION: x=165.44, y=102.44, θ=1.30
2026-06-01 12:58:33.644 - [robot_6_log_20260601_125830.csv] - DEBUG - Incoming data. Topic 6/pos, mensaje {"x": 165.44, "y": 102.44, "yaw": 1.299, "timestamp": 1780311513.6217215}
2026-06-01 12:58:33.644 - [robot_6_log_20260601_125830.csv] - INFO - Distancias a paredes: Left: 165.44, Right: 284.56, Top: 37.56, Bottom: 102.44
2026-06-01 12:58:33.644 - [robot_6_log_20260601_125830.csv] - DEBUG - Posición actualizada por visión: x=165.44, y=102.44, θ=1.30
2026-06-01 12:58:33.644 - [robot_6_log_20260601_125830.csv] - INFO - Posicion: 165.44, 102.44, 1.299 | Velocidad: -0.9632902048540989, 0.26846225290000847
2026-06-01 12:58:33.644 - [robot_6_log_20260601_125830.csv] - DEBUG - Frecuencia: 1114.02 Hz | Latencia Red/Proc: 22.54 ms
2026-06-01 12:58:33.644 - [robot_6_log_20260601_125830.csv] - INFO - None
2026-06-01 12:58:33.644 - [robot_6_log_20260601_125830.csv] - DEBUG - Incoming data. Topic 6/pos, mensaje {"x": 165.44, "y": 102.44, "yaw": 1.299, "timestamp": 1780311513.6335974}
2026-06-01 12:58:33.644 - [robot_6_log_20260601_125830.csv] - WARNING - Estado FSM: RETROCEDE | Target Wall: None | Target Theta: 0.00° |theta: 74.42721758749393 
2026-06-01 12:58:33.644 - [robot_6_log_20260601_125830.csv] - DEBUG - Posición actualizada por visión: x=165.44, y=102.44, θ=1.30
2026-06-01 12:58:33.654 - [robot_6_log_20260601_125830.csv] - DEBUG - Frecuencia: 96.42 Hz | Latencia Red/Proc: 21.03 ms
2026-06-01 12:58:33.665 - [robot_6_log_20260601_125830.csv] - DEBUG - Incoming data. Topic 6/pos, mensaje {"x": 165.44, "y": 102.44, "yaw": 1.299, "timestamp": 1780311513.6335974}
2026-06-01 12:58:33.670 - [robot_6_log_20260601_125830.csv] - DEBUG - Posición actualizada por visión: x=165.44, y=102.44, θ=1.30
2026-06-01 12:58:33.676 - [robot_6_log_20260601_125830.csv] - DEBUG - Frecuencia: 46.64 Hz | Latencia Red/Proc: 42.47 ms
2026-06-01 12:58:33.694 - [robot_6_log_20260601_125830.csv] - INFO - Usando posición VISION: x=165.44, y=102.44, θ=1.30
2026-06-01 12:58:33.694 - [robot_6_log_20260601_125830.csv] - INFO - Distancias a paredes: Left: 165.44, Right: 284.56, Top: 37.56, Bottom: 102.44
2026-06-01 12:58:33.694 - [robot_6_log_20260601_125830.csv] - INFO - Posicion: 165.44, 102.44, 1.299 | Velocidad: -0.9632902048540989, 0.26846225290000847
2026-06-01 12:58:33.694 - [robot_6_log_20260601_125830.csv] - INFO - None
2026-06-01 12:58:33.694 - [robot_6_log_20260601_125830.csv] - WARNING - Estado FSM: RETROCEDE | Target Wall: None | Target Theta: 0.00° |theta: 74.42721758749393 
2026-06-01 12:58:33.730 - [robot_6_log_20260601_125830.csv] - DEBUG - Incoming data. Topic 6/pos, mensaje {"x": 165.71, "y": 102.36, "yaw": 1.293, "timestamp": 1780311513.7252853}
2026-06-01 12:58:33.736 - [robot_6_log_20260601_125830.csv] - DEBUG - Posición actualizada por visión: x=165.71, y=102.36, θ=1.29
2026-06-01 12:58:33.742 - [robot_6_log_20260601_125830.csv] - DEBUG - Frecuencia: 15.11 Hz | Latencia Red/Proc: 16.95 ms
2026-06-01 12:58:33.744 - [robot_6_log_20260601_125830.csv] - INFO - Usando posición VISION: x=165.71, y=102.36, θ=1.29
2026-06-01 12:58:33.744 - [robot_6_log_20260601_125830.csv] - DEBUG - Incoming data. Topic 6/pos, mensaje {"x": 165.71, "y": 102.36, "yaw": 1.293, "timestamp": 1780311513.7252853}
2026-06-01 12:58:33.744 - [robot_6_log_20260601_125830.csv] - INFO - Distancias a paredes: Left: 165.71, Right: 284.29, Top: 37.64, Bottom: 102.36
2026-06-01 12:58:33.744 - [robot_6_log_20260601_125830.csv] - DEBUG - Posición actualizada por visión: x=165.71, y=102.36, θ=1.29
2026-06-01 12:58:33.744 - [robot_6_log_20260601_125830.csv] - INFO - Posicion: 165.71, 102.36, 1.293 | Velocidad: -0.9616621018296528, 0.27423712714469284
2026-06-01 12:58:33.744 - [robot_6_log_20260601_125830.csv] - DEBUG - Frecuencia: 497.19 Hz | Latencia Red/Proc: 18.96 ms
2026-06-01 12:58:33.744 - [robot_6_log_20260601_125830.csv] - INFO - None
2026-06-01 12:58:33.744 - [robot_6_log_20260601_125830.csv] - DEBUG - Incoming data. Topic 6/pos, mensaje {"x": 165.71, "y": 102.36, "yaw": 1.293, "timestamp": 1780311513.734043}
2026-06-01 12:58:33.744 - [robot_6_log_20260601_125830.csv] - WARNING - Estado FSM: RETROCEDE | Target Wall: None | Target Theta: 0.00° |theta: 74.08344291041544 
2026-06-01 12:58:33.744 - [robot_6_log_20260601_125830.csv] - DEBUG - Posición actualizada por visión: x=165.71, y=102.36, θ=1.29
2026-06-01 12:58:33.755 - [robot_6_log_20260601_125830.csv] - DEBUG - Frecuencia: 87.72 Hz | Latencia Red/Proc: 21.60 ms
2026-06-01 12:58:33.760 - [robot_6_log_20260601_125830.csv] - DEBUG - Incoming data. Topic 6/pos, mensaje {"x": 165.71, "y": 102.36, "yaw": 1.293, "timestamp": 1780311513.734043}
2026-06-01 12:58:33.766 - [robot_6_log_20260601_125830.csv] - DEBUG - Posición actualizada por visión: x=165.71, y=102.36, θ=1.29
2026-06-01 12:58:33.772 - [robot_6_log_20260601_125830.csv] - DEBUG - Frecuencia: 60.87 Hz | Latencia Red/Proc: 38.03 ms
2026-06-01 12:58:33.783 - [robot_6_log_20260601_125830.csv] - DEBUG - Incoming data. Topic agent/6/wheel, mensaje {"Wleft":10,"Wright":10}
2026-06-01 12:58:33.794 - [robot_6_log_20260601_125830.csv] - INFO - Usando posición VISION: x=165.71, y=102.36, θ=1.29
2026-06-01 12:58:33.794 - [robot_6_log_20260601_125830.csv] - INFO - Distancias a paredes: Left: 165.71, Right: 284.29, Top: 37.64, Bottom: 102.36
2026-06-01 12:58:33.794 - [robot_6_log_20260601_125830.csv] - INFO - Posicion: 165.71, 102.36, 1.293 | Velocidad: -0.9616621018296528, 0.27423712714469284
2026-06-01 12:58:33.794 - [robot_6_log_20260601_125830.csv] - INFO - None
2026-06-01 12:58:33.794 - [robot_6_log_20260601_125830.csv] - WARNING - Estado FSM: RETROCEDE | Target Wall: None | Target Theta: 0.00° |theta: 74.08344291041544 
2026-06-01 12:58:33.805 - [robot_6_log_20260601_125830.csv] - DEBUG - Incoming data. Topic agent/6/wheel, mensaje {"Wleft":20,"Wright":20}
2026-06-01 12:58:33.822 - [robot_6_log_20260601_125830.csv] - DEBUG - Incoming data. Topic 6/pos, mensaje {"x": 165.91, "y": 102.3, "yaw": 1.285, "timestamp": 1780311513.8198123}
2026-06-01 12:58:33.822 - [robot_6_log_20260601_125830.csv] - DEBUG - Posición actualizada por visión: x=165.91, y=102.30, θ=1.28
2026-06-01 12:58:33.822 - [robot_6_log_20260601_125830.csv] - DEBUG - Frecuencia: 19.66 Hz | Latencia Red/Proc: 3.13 ms
2026-06-01 12:58:33.834 - [robot_6_log_20260601_125830.csv] - DEBUG - Incoming data. Topic 6/pos, mensaje {"x": 165.91, "y": 102.3, "yaw": 1.285, "timestamp": 1780311513.8198123}
2026-06-01 12:58:33.839 - [robot_6_log_20260601_125830.csv] - DEBUG - Posición actualizada por visión: x=165.91, y=102.30, θ=1.28
2026-06-01 12:58:33.839 - [robot_6_log_20260601_125830.csv] - DEBUG - Frecuencia: 61.05 Hz | Latencia Red/Proc: 19.51 ms
2026-06-01 12:58:33.844 - [robot_6_log_20260601_125830.csv] - INFO - Usando posición VISION: x=165.91, y=102.30, θ=1.28
2026-06-01 12:58:33.844 - [robot_6_log_20260601_125830.csv] - DEBUG - Incoming data. Topic 6/pos, mensaje {"x": 165.91, "y": 102.3, "yaw": 1.285, "timestamp": 1780311513.8292272}
2026-06-01 12:58:33.844 - [robot_6_log_20260601_125830.csv] - INFO - Distancias a paredes: Left: 165.91, Right: 284.09, Top: 37.70, Bottom: 102.30
2026-06-01 12:58:33.844 - [robot_6_log_20260601_125830.csv] - DEBUG - Posición actualizada por visión: x=165.91, y=102.30, θ=1.28
2026-06-01 12:58:33.844 - [robot_6_log_20260601_125830.csv] - INFO - Posicion: 165.91, 102.3, 1.285 | Velocidad: -0.9594374551908533, 0.2819215663564944
2026-06-01 12:58:33.844 - [robot_6_log_20260601_125830.csv] - DEBUG - Frecuencia: 200.88 Hz | Latencia Red/Proc: 15.07 ms
2026-06-01 12:58:33.844 - [robot_6_log_20260601_125830.csv] - INFO - None
2026-06-01 12:58:33.844 - [robot_6_log_20260601_125830.csv] - DEBUG - Incoming data. Topic 6/pos, mensaje {"x": 165.91, "y": 102.3, "yaw": 1.285, "timestamp": 1780311513.8292272}
2026-06-01 12:58:33.844 - [robot_6_log_20260601_125830.csv] - WARNING - Estado FSM: RETROCEDE | Target Wall: None | Target Theta: 0.00° |theta: 73.62507667431078 
2026-06-01 12:58:33.844 - [robot_6_log_20260601_125830.csv] - DEBUG - Posición actualizada por visión: x=165.91, y=102.30, θ=1.28
2026-06-01 12:58:33.854 - [robot_6_log_20260601_125830.csv] - DEBUG - Frecuencia: 96.40 Hz | Latencia Red/Proc: 25.44 ms
2026-06-01 12:58:33.894 - [robot_6_log_20260601_125830.csv] - INFO - Usando posición VISION: x=165.91, y=102.30, θ=1.28
2026-06-01 12:58:33.894 - [robot_6_log_20260601_125830.csv] - INFO - Distancias a paredes: Left: 165.91, Right: 284.09, Top: 37.70, Bottom: 102.30
2026-06-01 12:58:33.894 - [robot_6_log_20260601_125830.csv] - INFO - Posicion: 165.91, 102.3, 1.285 | Velocidad: -0.9594374551908533, 0.2819215663564944
2026-06-01 12:58:33.894 - [robot_6_log_20260601_125830.csv] - INFO - None
2026-06-01 12:58:33.894 - [robot_6_log_20260601_125830.csv] - WARNING - Estado FSM: PARANDO_PARA_GIRAR | Target Wall: None | Target Theta: 0.00° |theta: 73.62507667431078 
2026-06-01 12:58:33.919 - [robot_6_log_20260601_125830.csv] - DEBUG - Despachado a ZMQ -> agent/6/move: {'v': 0.0, 'w': 0.0}
2026-06-01 12:58:33.924 - [robot_6_log_20260601_125830.csv] - DEBUG - Incoming data. Topic 6/pos, mensaje {"x": 165.98, "y": 102.3, "yaw": 1.284, "timestamp": 1780311513.920524}
2026-06-01 12:58:33.944 - [robot_6_log_20260601_125830.csv] - INFO - Usando posición VISION: x=165.91, y=102.30, θ=1.28
2026-06-01 12:58:33.944 - [robot_6_log_20260601_125830.csv] - DEBUG - Posición actualizada por visión: x=165.98, y=102.30, θ=1.28
2026-06-01 12:58:33.944 - [robot_6_log_20260601_125830.csv] - INFO - Distancias a paredes: Left: 165.91, Right: 284.09, Top: 37.70, Bottom: 102.30
2026-06-01 12:58:33.944 - [robot_6_log_20260601_125830.csv] - DEBUG - Frecuencia: 11.16 Hz | Latencia Red/Proc: 23.72 ms
2026-06-01 12:58:33.944 - [robot_6_log_20260601_125830.csv] - INFO - Posicion: 165.91, 102.3, 1.285 | Velocidad: -0.9594374551908533, 0.2819215663564944
2026-06-01 12:58:33.944 - [robot_6_log_20260601_125830.csv] - INFO - None
2026-06-01 12:58:33.944 - [robot_6_log_20260601_125830.csv] - DEBUG - Incoming data. Topic agent/6/wheel, mensaje {"Wleft":10.02248041,"Wright":10}
2026-06-01 12:58:33.944 - [robot_6_log_20260601_125830.csv] - WARNING - Estado FSM: PARANDO_PARA_GIRAR | Target Wall: None | Target Theta: 0.00° |theta: 73.62507667431078 
2026-06-01 12:58:33.949 - [robot_6_log_20260601_125830.csv] - DEBUG - Incoming data. Topic 6/pos, mensaje {"x": 165.98, "y": 102.3, "yaw": 1.284, "timestamp": 1780311513.932401}
2026-06-01 12:58:33.954 - [robot_6_log_20260601_125830.csv] - DEBUG - Posición actualizada por visión: x=165.98, y=102.30, θ=1.28
2026-06-01 12:58:33.959 - [robot_6_log_20260601_125830.csv] - DEBUG - Frecuencia: 64.29 Hz | Latencia Red/Proc: 27.40 ms
2026-06-01 12:58:33.971 - [robot_6_log_20260601_125830.csv] - DEBUG - Incoming data. Topic 6/pos, mensaje {"x": 165.98, "y": 102.3, "yaw": 1.284, "timestamp": 1780311513.920524}
2026-06-01 12:58:33.976 - [robot_6_log_20260601_125830.csv] - DEBUG - Posición actualizada por visión: x=165.98, y=102.30, θ=1.28
2026-06-01 12:58:33.981 - [robot_6_log_20260601_125830.csv] - DEBUG - Frecuencia: 46.35 Hz | Latencia Red/Proc: 60.85 ms
2026-06-01 12:58:33.986 - [robot_6_log_20260601_125830.csv] - DEBUG - Incoming data. Topic 6/pos, mensaje {"x": 165.98, "y": 102.3, "yaw": 1.284, "timestamp": 1780311513.932401}
2026-06-01 12:58:33.986 - [robot_6_log_20260601_125830.csv] - DEBUG - Posición actualizada por visión: x=165.98, y=102.30, θ=1.28
2026-06-01 12:58:33.991 - [robot_6_log_20260601_125830.csv] - DEBUG - Frecuencia: 97.39 Hz | Latencia Red/Proc: 59.24 ms
2026-06-01 12:58:33.994 - [robot_6_log_20260601_125830.csv] - INFO - Usando posición VISION: x=165.98, y=102.30, θ=1.28
2026-06-01 12:58:33.994 - [robot_6_log_20260601_125830.csv] - INFO - Distancias a paredes: Left: 165.98, Right: 284.02, Top: 37.70, Bottom: 102.30
2026-06-01 12:58:33.994 - [robot_6_log_20260601_125830.csv] - INFO - Posicion: 165.98, 102.3, 1.284 | Velocidad: -0.9591550539527962, 0.2828808626910075
2026-06-01 12:58:33.994 - [robot_6_log_20260601_125830.csv] - INFO - None
2026-06-01 12:58:33.994 - [robot_6_log_20260601_125830.csv] - WARNING - Estado FSM: PARANDO_PARA_GIRAR | Target Wall: None | Target Theta: 0.00° |theta: 73.5677808947977 
2026-06-01 12:58:34.011 - [robot_6_log_20260601_125830.csv] - DEBUG - Incoming data. Topic agent/6/wheel, mensaje {"Wleft":10,"Wright":8.022301677}
2026-06-01 12:58:34.022 - [robot_6_log_20260601_125830.csv] - DEBUG - Incoming data. Topic 6/pos, mensaje {"x": 166.22, "y": 102.25, "yaw": 1.275, "timestamp": 1780311514.0220578}
2026-06-01 12:58:34.028 - [robot_6_log_20260601_125830.csv] - DEBUG - Posición actualizada por visión: x=166.22, y=102.25, θ=1.27
2026-06-01 12:58:34.038 - [robot_6_log_20260601_125830.csv] - DEBUG - Frecuencia: 21.43 Hz | Latencia Red/Proc: 16.25 ms
2026-06-01 12:58:34.044 - [robot_6_log_20260601_125830.csv] - INFO - Usando posición VISION: x=166.22, y=102.25, θ=1.27
2026-06-01 12:58:34.044 - [robot_6_log_20260601_125830.csv] - DEBUG - Incoming data. Topic 6/pos, mensaje {"x": 166.22, "y": 102.25, "yaw": 1.275, "timestamp": 1780311514.0220578}
2026-06-01 12:58:34.044 - [robot_6_log_20260601_125830.csv] - INFO - Distancias a paredes: Left: 166.22, Right: 283.78, Top: 37.75, Bottom: 102.25
2026-06-01 12:58:34.044 - [robot_6_log_20260601_125830.csv] - DEBUG - Posición actualizada por visión: x=166.22, y=102.25, θ=1.27
2026-06-01 12:58:34.044 - [robot_6_log_20260601_125830.csv] - INFO - Posicion: 166.22, 102.25, 1.275 | Velocidad: -0.9565703150409859, 0.29150168504210905
2026-06-01 12:58:34.044 - [robot_6_log_20260601_125830.csv] - DEBUG - Frecuencia: 168.32 Hz | Latencia Red/Proc: 22.19 ms
2026-06-01 12:58:34.044 - [robot_6_log_20260601_125830.csv] - INFO - None
2026-06-01 12:58:34.044 - [robot_6_log_20260601_125830.csv] - DEBUG - Incoming data. Topic 6/pos, mensaje {"x": 166.22, "y": 102.25, "yaw": 1.275, "timestamp": 1780311514.0329041}
2026-06-01 12:58:34.044 - [robot_6_log_20260601_125830.csv] - WARNING - Estado FSM: PARANDO_PARA_GIRAR | Target Wall: None | Target Theta: 0.00° |theta: 73.05211887917996 
2026-06-01 12:58:34.044 - [robot_6_log_20260601_125830.csv] - DEBUG - Posición actualizada por visión: x=166.22, y=102.25, θ=1.27
2026-06-01 12:58:34.055 - [robot_6_log_20260601_125830.csv] - DEBUG - Frecuencia: 87.76 Hz | Latencia Red/Proc: 22.74 ms
2026-06-01 12:58:34.065 - [robot_6_log_20260601_125830.csv] - DEBUG - Incoming data. Topic 6/pos, mensaje {"x": 166.22, "y": 102.25, "yaw": 1.275, "timestamp": 1780311514.0329041}
2026-06-01 12:58:34.065 - [robot_6_log_20260601_125830.csv] - DEBUG - Posición actualizada por visión: x=166.22, y=102.25, θ=1.27
2026-06-01 12:58:34.070 - [robot_6_log_20260601_125830.csv] - DEBUG - Frecuencia: 65.22 Hz | Latencia Red/Proc: 38.07 ms
2026-06-01 12:58:34.094 - [robot_6_log_20260601_125830.csv] - INFO - Usando posición VISION: x=166.22, y=102.25, θ=1.27
2026-06-01 12:58:34.094 - [robot_6_log_20260601_125830.csv] - INFO - Distancias a paredes: Left: 166.22, Right: 283.78, Top: 37.75, Bottom: 102.25
2026-06-01 12:58:34.094 - [robot_6_log_20260601_125830.csv] - INFO - Posicion: 166.22, 102.25, 1.275 | Velocidad: -0.9565703150409859, 0.29150168504210905
2026-06-01 12:58:34.094 - [robot_6_log_20260601_125830.csv] - INFO - None
2026-06-01 12:58:34.094 - [robot_6_log_20260601_125830.csv] - WARNING - Estado FSM: PARANDO_PARA_GIRAR | Target Wall: None | Target Theta: 0.00° |theta: 73.05211887917996 
2026-06-01 12:58:34.105 - [robot_6_log_20260601_125830.csv] - DEBUG - Incoming data. Topic agent/6/wheel, mensaje {"Wleft":5.684341886e-15,"Wright":1.033617636e-14}
2026-06-01 12:58:34.128 - [robot_6_log_20260601_125830.csv] - DEBUG - Incoming data. Topic 6/pos, mensaje {"x": 166.29, "y": 102.22, "yaw": 1.275, "timestamp": 1780311514.1195772}
2026-06-01 12:58:34.133 - [robot_6_log_20260601_125830.csv] - DEBUG - Posición actualizada por visión: x=166.29, y=102.22, θ=1.27
2026-06-01 12:58:34.133 - [robot_6_log_20260601_125830.csv] - DEBUG - Frecuencia: 16.05 Hz | Latencia Red/Proc: 13.70 ms
2026-06-01 12:58:34.144 - [robot_6_log_20260601_125830.csv] - INFO - Usando posición VISION: x=166.29, y=102.22, θ=1.27
2026-06-01 12:58:34.144 - [robot_6_log_20260601_125830.csv] - INFO - Distancias a paredes: Left: 166.29, Right: 283.71, Top: 37.78, Bottom: 102.22
2026-06-01 12:58:34.144 - [robot_6_log_20260601_125830.csv] - INFO - Posicion: 166.29, 102.22, 1.275 | Velocidad: -0.9565703150409859, 0.29150168504210905
2026-06-01 12:58:34.144 - [robot_6_log_20260601_125830.csv] - INFO - None
2026-06-01 12:58:34.144 - [robot_6_log_20260601_125830.csv] - WARNING - Estado FSM: PARANDO_PARA_GIRAR | Target Wall: None | Target Theta: 0.00° |theta: 73.05211887917996 
2026-06-01 12:58:34.149 - [robot_6_log_20260601_125830.csv] - DEBUG - Incoming data. Topic 6/pos, mensaje {"x": 166.29, "y": 102.22, "yaw": 1.275, "timestamp": 1780311514.1195772}
2026-06-01 12:58:34.154 - [robot_6_log_20260601_125830.csv] - DEBUG - Posición actualizada por visión: x=166.29, y=102.22, θ=1.27
2026-06-01 12:58:34.154 - [robot_6_log_20260601_125830.csv] - DEBUG - Frecuencia: 47.25 Hz | Latencia Red/Proc: 34.86 ms
2026-06-01 12:58:34.159 - [robot_6_log_20260601_125830.csv] - DEBUG - Incoming data. Topic 6/pos, mensaje {"x": 166.29, "y": 102.22, "yaw": 1.275, "timestamp": 1780311514.1272712}
2026-06-01 12:58:34.159 - [robot_6_log_20260601_125830.csv] - DEBUG - Posición actualizada por visión: x=166.29, y=102.22, θ=1.27
2026-06-01 12:58:34.164 - [robot_6_log_20260601_125830.csv] - DEBUG - Frecuencia: 97.38 Hz | Latencia Red/Proc: 37.44 ms
2026-06-01 12:58:34.169 - [robot_6_log_20260601_125830.csv] - DEBUG - Incoming data. Topic 6/pos, mensaje {"x": 166.29, "y": 102.22, "yaw": 1.275, "timestamp": 1780311514.1272712}
2026-06-01 12:58:34.174 - [robot_6_log_20260601_125830.csv] - DEBUG - Posición actualizada por visión: x=166.29, y=102.22, θ=1.27
2026-06-01 12:58:34.175 - [robot_6_log_20260601_125830.csv] - DEBUG - Frecuencia: 96.99 Hz | Latencia Red/Proc: 47.75 ms
2026-06-01 12:58:34.194 - [robot_6_log_20260601_125830.csv] - INFO - Usando posición VISION: x=166.29, y=102.22, θ=1.27
2026-06-01 12:58:34.194 - [robot_6_log_20260601_125830.csv] - INFO - Distancias a paredes: Left: 166.29, Right: 283.71, Top: 37.78, Bottom: 102.22
2026-06-01 12:58:34.194 - [robot_6_log_20260601_125830.csv] - INFO - Posicion: 166.29, 102.22, 1.275 | Velocidad: -0.9565703150409859, 0.29150168504210905
2026-06-01 12:58:34.194 - [robot_6_log_20260601_125830.csv] - INFO - None
2026-06-01 12:58:34.194 - [robot_6_log_20260601_125830.csv] - WARNING - Estado FSM: PARANDO_PARA_GIRAR | Target Wall: None | Target Theta: 0.00° |theta: 73.05211887917996 
2026-06-01 12:58:34.229 - [robot_6_log_20260601_125830.csv] - DEBUG - Incoming data. Topic 6/pos, mensaje {"x": 166.32, "y": 102.24, "yaw": 1.27, "timestamp": 1780311514.2193048}
2026-06-01 12:58:34.235 - [robot_6_log_20260601_125830.csv] - DEBUG - Posición actualizada por visión: x=166.32, y=102.24, θ=1.27
2026-06-01 12:58:34.235 - [robot_6_log_20260601_125830.csv] - DEBUG - Frecuencia: 16.66 Hz | Latencia Red/Proc: 15.75 ms
2026-06-01 12:58:34.240 - [robot_6_log_20260601_125830.csv] - DEBUG - Incoming data. Topic 6/pos, mensaje {"x": 166.32, "y": 102.24, "yaw": 1.27, "timestamp": 1780311514.2193048}
2026-06-01 12:58:34.244 - [robot_6_log_20260601_125830.csv] - INFO - Usando posición VISION: x=166.32, y=102.24, θ=1.27
2026-06-01 12:58:34.244 - [robot_6_log_20260601_125830.csv] - DEBUG - Posición actualizada por visión: x=166.32, y=102.24, θ=1.27
2026-06-01 12:58:34.244 - [robot_6_log_20260601_125830.csv] - INFO - Distancias a paredes: Left: 166.32, Right: 283.68, Top: 37.76, Bottom: 102.24
2026-06-01 12:58:34.244 - [robot_6_log_20260601_125830.csv] - DEBUG - Frecuencia: 109.47 Hz | Latencia Red/Proc: 24.88 ms
2026-06-01 12:58:34.244 - [robot_6_log_20260601_125830.csv] - INFO - Posicion: 166.32, 102.24, 1.27 | Velocidad: -0.9551008555846923, 0.29628087292531874
2026-06-01 12:58:34.244 - [robot_6_log_20260601_125830.csv] - DEBUG - Incoming data. Topic 6/pos, mensaje {"x": 166.32, "y": 102.24, "yaw": 1.27, "timestamp": 1780311514.2296064}
2026-06-01 12:58:34.244 - [robot_6_log_20260601_125830.csv] - INFO - None
2026-06-01 12:58:34.244 - [robot_6_log_20260601_125830.csv] - DEBUG - Posición actualizada por visión: x=166.32, y=102.24, θ=1.27
2026-06-01 12:58:34.244 - [robot_6_log_20260601_125830.csv] - WARNING - Estado FSM: PARANDO_PARA_GIRAR | Target Wall: None | Target Theta: 0.00° |theta: 72.76563998161456 
2026-06-01 12:58:34.244 - [robot_6_log_20260601_125830.csv] - DEBUG - Frecuencia: 4809.98 Hz | Latencia Red/Proc: 14.79 ms
2026-06-01 12:58:34.261 - [robot_6_log_20260601_125830.csv] - DEBUG - Incoming data. Topic 6/pos, mensaje {"x": 166.32, "y": 102.24, "yaw": 1.27, "timestamp": 1780311514.2296064}
2026-06-01 12:58:34.266 - [robot_6_log_20260601_125830.csv] - DEBUG - Posición actualizada por visión: x=166.32, y=102.24, θ=1.27
2026-06-01 12:58:34.271 - [robot_6_log_20260601_125830.csv] - DEBUG - Frecuencia: 36.30 Hz | Latencia Red/Proc: 42.34 ms
2026-06-01 12:58:34.283 - [robot_6_log_20260601_125830.csv] - DEBUG - Incoming data. Topic agent/6/wheel, mensaje {"Wleft":5.684341886e-15,"Wright":1.033617636e-14}
2026-06-01 12:58:34.294 - [robot_6_log_20260601_125830.csv] - INFO - Usando posición VISION: x=166.32, y=102.24, θ=1.27
2026-06-01 12:58:34.294 - [robot_6_log_20260601_125830.csv] - INFO - Distancias a paredes: Left: 166.32, Right: 283.68, Top: 37.76, Bottom: 102.24
2026-06-01 12:58:34.294 - [robot_6_log_20260601_125830.csv] - INFO - Posicion: 166.32, 102.24, 1.27 | Velocidad: -0.9551008555846923, 0.29628087292531874
2026-06-01 12:58:34.294 - [robot_6_log_20260601_125830.csv] - INFO - None
2026-06-01 12:58:34.294 - [robot_6_log_20260601_125830.csv] - WARNING - Estado FSM: PARANDO_PARA_GIRAR | Target Wall: None | Target Theta: 0.00° |theta: 72.76563998161456 
2026-06-01 12:58:34.306 - [robot_6_log_20260601_125830.csv] - DEBUG - Incoming data. Topic agent/6/wheel, mensaje {"Wleft":5.684341886e-15,"Wright":1.033617636e-14}
2026-06-01 12:58:34.323 - [robot_6_log_20260601_125830.csv] - DEBUG - Incoming data. Topic 6/pos, mensaje {"x": 166.32, "y": 102.25, "yaw": 1.27, "timestamp": 1780311514.3197467}
2026-06-01 12:58:34.329 - [robot_6_log_20260601_125830.csv] - DEBUG - Posición actualizada por visión: x=166.32, y=102.25, θ=1.27
2026-06-01 12:58:34.335 - [robot_6_log_20260601_125830.csv] - DEBUG - Frecuencia: 15.79 Hz | Latencia Red/Proc: 15.51 ms
2026-06-01 12:58:34.344 - [robot_6_log_20260601_125830.csv] - INFO - Usando posición VISION: x=166.32, y=102.25, θ=1.27
2026-06-01 12:58:34.344 - [robot_6_log_20260601_125830.csv] - INFO - Distancias a paredes: Left: 166.32, Right: 283.68, Top: 37.75, Bottom: 102.25
2026-06-01 12:58:34.344 - [robot_6_log_20260601_125830.csv] - DEBUG - Incoming data. Topic 6/pos, mensaje {"x": 166.32, "y": 102.25, "yaw": 1.27, "timestamp": 1780311514.3197467}
2026-06-01 12:58:34.344 - [robot_6_log_20260601_125830.csv] - DEBUG - Posición actualizada por visión: x=166.32, y=102.25, θ=1.27
2026-06-01 12:58:34.344 - [robot_6_log_20260601_125830.csv] - DEBUG - Frecuencia: 110.63 Hz | Latencia Red/Proc: 24.55 ms
2026-06-01 12:58:34.344 - [robot_6_log_20260601_125830.csv] - INFO - Posicion: 166.32, 102.25, 1.27 | Velocidad: -0.9551008555846923, 0.29628087292531874
2026-06-01 12:58:34.344 - [robot_6_log_20260601_125830.csv] - DEBUG - Incoming data. Topic 6/pos, mensaje {"x": 166.32, "y": 102.25, "yaw": 1.27, "timestamp": 1780311514.3292696}
2026-06-01 12:58:34.344 - [robot_6_log_20260601_125830.csv] - INFO - None
2026-06-01 12:58:34.344 - [robot_6_log_20260601_125830.csv] - DEBUG - Posición actualizada por visión: x=166.32, y=102.25, θ=1.27
2026-06-01 12:58:34.344 - [robot_6_log_20260601_125830.csv] - WARNING - Estado FSM: PARANDO_PARA_GIRAR | Target Wall: None | Target Theta: 0.00° |theta: 72.76563998161456 
2026-06-01 12:58:34.344 - [robot_6_log_20260601_125830.csv] - DEBUG - Frecuencia: 4837.72 Hz | Latencia Red/Proc: 15.23 ms
2026-06-01 12:58:34.349 - [robot_6_log_20260601_125830.csv] - DEBUG - Incoming data. Topic 6/pos, mensaje {"x": 166.32, "y": 102.25, "yaw": 1.27, "timestamp": 1780311514.3292696}
2026-06-01 12:58:34.355 - [robot_6_log_20260601_125830.csv] - DEBUG - Posición actualizada por visión: x=166.32, y=102.25, θ=1.27
2026-06-01 12:58:34.360 - [robot_6_log_20260601_125830.csv] - DEBUG - Frecuencia: 60.76 Hz | Latencia Red/Proc: 31.69 ms
2026-06-01 12:58:34.394 - [robot_6_log_20260601_125830.csv] - INFO - Usando posición VISION: x=166.32, y=102.25, θ=1.27
2026-06-01 12:58:34.394 - [robot_6_log_20260601_125830.csv] - INFO - Distancias a paredes: Left: 166.32, Right: 283.68, Top: 37.75, Bottom: 102.25
2026-06-01 12:58:34.394 - [robot_6_log_20260601_125830.csv] - INFO - Posicion: 166.32, 102.25, 1.27 | Velocidad: -0.9551008555846923, 0.29628087292531874
2026-06-01 12:58:34.394 - [robot_6_log_20260601_125830.csv] - INFO - None
2026-06-01 12:58:34.394 - [robot_6_log_20260601_125830.csv] - WARNING - Estado FSM: GIRA | Target Wall: None | Target Theta: 107.23° |theta: 72.76563998161456 
2026-06-01 12:58:34.400 - [robot_6_log_20260601_125830.csv] - DEBUG - Enviado {'ang': 107.23436001838544}
2026-06-01 12:58:34.420 - [robot_6_log_20260601_125830.csv] - DEBUG - Incoming data. Topic 6/pos, mensaje {"x": 166.32, "y": 102.24, "yaw": 1.27, "timestamp": 1780311514.419918}
2026-06-01 12:58:34.425 - [robot_6_log_20260601_125830.csv] - DEBUG - Despachado a ZMQ -> agent/6/turn: {'ang': 107.23436001838544}
2026-06-01 12:58:34.425 - [robot_6_log_20260601_125830.csv] - DEBUG - Posición actualizada por visión: x=166.32, y=102.24, θ=1.27
2026-06-01 12:58:34.444 - [robot_6_log_20260601_125830.csv] - INFO - Usando posición VISION: x=166.32, y=102.24, θ=1.27
2026-06-01 12:58:34.444 - [robot_6_log_20260601_125830.csv] - DEBUG - Frecuencia: 12.02 Hz | Latencia Red/Proc: 24.24 ms
2026-06-01 12:58:34.444 - [robot_6_log_20260601_125830.csv] - INFO - Distancias a paredes: Left: 166.32, Right: 283.68, Top: 37.76, Bottom: 102.24
2026-06-01 12:58:34.444 - [robot_6_log_20260601_125830.csv] - INFO - Posicion: 166.32, 102.24, 1.27 | Velocidad: -0.9551008555846923, 0.29628087292531874
2026-06-01 12:58:34.444 - [robot_6_log_20260601_125830.csv] - INFO - None
2026-06-01 12:58:34.444 - [robot_6_log_20260601_125830.csv] - DEBUG - Incoming data. Topic agent/6/wheel, mensaje {"Wleft":5.684341886e-15,"Wright":1.033617636e-14}
2026-06-01 12:58:34.444 - [robot_6_log_20260601_125830.csv] - WARNING - Estado FSM: ESPERANDO_GIRO | Target Wall: None | Target Theta: 107.23° |theta: 72.76563998161456 
2026-06-01 12:58:34.449 - [robot_6_log_20260601_125830.csv] - DEBUG - Incoming data. Topic 6/pos, mensaje {"x": 166.32, "y": 102.24, "yaw": 1.27, "timestamp": 1780311514.4292583}
2026-06-01 12:58:34.454 - [robot_6_log_20260601_125830.csv] - DEBUG - Posición actualizada por visión: x=166.32, y=102.24, θ=1.27
2026-06-01 12:58:34.459 - [robot_6_log_20260601_125830.csv] - DEBUG - Frecuencia: 64.34 Hz | Latencia Red/Proc: 30.44 ms
2026-06-01 12:58:34.476 - [robot_6_log_20260601_125830.csv] - DEBUG - Incoming data. Topic 6/pos, mensaje {"x": 166.32, "y": 102.24, "yaw": 1.27, "timestamp": 1780311514.419918}
2026-06-01 12:58:34.476 - [robot_6_log_20260601_125830.csv] - DEBUG - Posición actualizada por visión: x=166.32, y=102.24, θ=1.27
2026-06-01 12:58:34.481 - [robot_6_log_20260601_125830.csv] - DEBUG - Frecuencia: 46.66 Hz | Latencia Red/Proc: 61.21 ms
2026-06-01 12:58:34.492 - [robot_6_log_20260601_125830.csv] - DEBUG - Incoming data. Topic 6/pos, mensaje {"x": 166.32, "y": 102.24, "yaw": 1.27, "timestamp": 1780311514.4292583}
2026-06-01 12:58:34.494 - [robot_6_log_20260601_125830.csv] - INFO - Usando posición VISION: x=166.32, y=102.24, θ=1.27
2026-06-01 12:58:34.494 - [robot_6_log_20260601_125830.csv] - DEBUG - Posición actualizada por visión: x=166.32, y=102.24, θ=1.27
2026-06-01 12:58:34.494 - [robot_6_log_20260601_125830.csv] - INFO - Distancias a paredes: Left: 166.32, Right: 283.68, Top: 37.76, Bottom: 102.24
2026-06-01 12:58:34.494 - [robot_6_log_20260601_125830.csv] - DEBUG - Frecuencia: 76.33 Hz | Latencia Red/Proc: 64.97 ms
2026-06-01 12:58:34.494 - [robot_6_log_20260601_125830.csv] - INFO - Posicion: 166.32, 102.24, 1.27 | Velocidad: -0.9551008555846923, 0.29628087292531874
2026-06-01 12:58:34.494 - [robot_6_log_20260601_125830.csv] - INFO - None
2026-06-01 12:58:34.494 - [robot_6_log_20260601_125830.csv] - WARNING - Estado FSM: ESPERANDO_GIRO | Target Wall: None | Target Theta: 107.23° |theta: 72.76563998161456 
2026-06-01 12:58:34.512 - [robot_6_log_20260601_125830.csv] - DEBUG - Incoming data. Topic agent/6/wheel, mensaje {"Wleft":5.684341886e-15,"Wright":16}
2026-06-01 12:58:34.525 - [robot_6_log_20260601_125830.csv] - DEBUG - Incoming data. Topic 6/pos, mensaje {"x": 166.32, "y": 102.25, "yaw": 1.271, "timestamp": 1780311514.5205731}
2026-06-01 12:58:34.530 - [robot_6_log_20260601_125830.csv] - DEBUG - Posición actualizada por visión: x=166.32, y=102.25, θ=1.27
2026-06-01 12:58:34.535 - [robot_6_log_20260601_125830.csv] - DEBUG - Frecuencia: 24.17 Hz | Latencia Red/Proc: 15.03 ms
2026-06-01 12:58:34.544 - [robot_6_log_20260601_125830.csv] - INFO - Usando posición VISION: x=166.32, y=102.25, θ=1.27
2026-06-01 12:58:34.544 - [robot_6_log_20260601_125830.csv] - DEBUG - Incoming data. Topic 6/pos, mensaje {"x": 166.32, "y": 102.25, "yaw": 1.271, "timestamp": 1780311514.5205731}
2026-06-01 12:58:34.544 - [robot_6_log_20260601_125830.csv] - INFO - Distancias a paredes: Left: 166.32, Right: 283.68, Top: 37.75, Bottom: 102.25
2026-06-01 12:58:34.544 - [robot_6_log_20260601_125830.csv] - DEBUG - Posición actualizada por visión: x=166.32, y=102.25, θ=1.27
2026-06-01 12:58:34.544 - [robot_6_log_20260601_125830.csv] - INFO - Posicion: 166.32, 102.25, 1.271 | Velocidad: -0.9553966588578494, 0.2953256240884935
2026-06-01 12:58:34.544 - [robot_6_log_20260601_125830.csv] - DEBUG - Frecuencia: 116.05 Hz | Latencia Red/Proc: 23.65 ms
2026-06-01 12:58:34.544 - [robot_6_log_20260601_125830.csv] - INFO - None
2026-06-01 12:58:34.544 - [robot_6_log_20260601_125830.csv] - DEBUG - Incoming data. Topic 6/pos, mensaje {"x": 166.32, "y": 102.25, "yaw": 1.271, "timestamp": 1780311514.5343246}
2026-06-01 12:58:34.544 - [robot_6_log_20260601_125830.csv] - DEBUG - Posición actualizada por visión: x=166.32, y=102.25, θ=1.27
2026-06-01 12:58:34.544 - [robot_6_log_20260601_125830.csv] - DEBUG - Frecuencia: 7194.35 Hz | Latencia Red/Proc: 10.04 ms
2026-06-01 12:58:34.544 - [robot_6_log_20260601_125830.csv] - WARNING - Estado FSM: ESPERANDO_GIRO | Target Wall: None | Target Theta: 107.23° |theta: 72.82293576112762 
2026-06-01 12:58:34.549 - [robot_6_log_20260601_125830.csv] - DEBUG - Incoming data. Topic 6/pos, mensaje {"x": 166.32, "y": 102.25, "yaw": 1.271, "timestamp": 1780311514.5343246}
2026-06-01 12:58:34.560 - [robot_6_log_20260601_125830.csv] - DEBUG - Posición actualizada por visión: x=166.32, y=102.25, θ=1.27
2026-06-01 12:58:34.565 - [robot_6_log_20260601_125830.csv] - DEBUG - Frecuencia: 46.92 Hz | Latencia Red/Proc: 31.35 ms
2026-06-01 12:58:34.594 - [robot_6_log_20260601_125830.csv] - INFO - Usando posición VISION: x=166.32, y=102.25, θ=1.27
2026-06-01 12:58:34.594 - [robot_6_log_20260601_125830.csv] - INFO - Distancias a paredes: Left: 166.32, Right: 283.68, Top: 37.75, Bottom: 102.25
2026-06-01 12:58:34.594 - [robot_6_log_20260601_125830.csv] - INFO - Posicion: 166.32, 102.25, 1.271 | Velocidad: -0.9553966588578494, 0.2953256240884935
2026-06-01 12:58:34.594 - [robot_6_log_20260601_125830.csv] - INFO - None
2026-06-01 12:58:34.594 - [robot_6_log_20260601_125830.csv] - WARNING - Estado FSM: ESPERANDO_GIRO | Target Wall: None | Target Theta: 107.23° |theta: 72.82293576112762 
2026-06-01 12:58:34.624 - [robot_6_log_20260601_125830.csv] - DEBUG - Incoming data. Topic 6/pos, mensaje {"x": 166.32, "y": 102.26, "yaw": 1.271, "timestamp": 1780311514.620492}
2026-06-01 12:58:34.630 - [robot_6_log_20260601_125830.csv] - DEBUG - Posición actualizada por visión: x=166.32, y=102.26, θ=1.27
2026-06-01 12:58:34.635 - [robot_6_log_20260601_125830.csv] - DEBUG - Frecuencia: 14.39 Hz | Latencia Red/Proc: 14.66 ms
2026-06-01 12:58:34.644 - [robot_6_log_20260601_125830.csv] - INFO - Usando posición VISION: x=166.32, y=102.26, θ=1.27
2026-06-01 12:58:34.644 - [robot_6_log_20260601_125830.csv] - DEBUG - Incoming data. Topic 6/pos, mensaje {"x": 166.32, "y": 102.26, "yaw": 1.271, "timestamp": 1780311514.620492}
2026-06-01 12:58:34.644 - [robot_6_log_20260601_125830.csv] - DEBUG - Posición actualizada por visión: x=166.32, y=102.26, θ=1.27
2026-06-01 12:58:34.644 - [robot_6_log_20260601_125830.csv] - DEBUG - Frecuencia: 109.66 Hz | Latencia Red/Proc: 23.78 ms
2026-06-01 12:58:34.644 - [robot_6_log_20260601_125830.csv] - DEBUG - Incoming data. Topic 6/pos, mensaje {"x": 166.32, "y": 102.26, "yaw": 1.271, "timestamp": 1780311514.6316326}
2026-06-01 12:58:34.644 - [robot_6_log_20260601_125830.csv] - DEBUG - Posición actualizada por visión: x=166.32, y=102.26, θ=1.27
2026-06-01 12:58:34.644 - [robot_6_log_20260601_125830.csv] - INFO - Distancias a paredes: Left: 166.32, Right: 283.68, Top: 37.74, Bottom: 102.26
2026-06-01 12:58:34.644 - [robot_6_log_20260601_125830.csv] - DEBUG - Frecuencia: 28728.11 Hz | Latencia Red/Proc: 12.68 ms
2026-06-01 12:58:34.644 - [robot_6_log_20260601_125830.csv] - INFO - Posicion: 166.32, 102.26, 1.271 | Velocidad: -0.9553966588578494, 0.2953256240884935
2026-06-01 12:58:34.644 - [robot_6_log_20260601_125830.csv] - DEBUG - Incoming data. Topic 6/pos, mensaje {"x": 166.32, "y": 102.26, "yaw": 1.271, "timestamp": 1780311514.6316326}
2026-06-01 12:58:34.644 - [robot_6_log_20260601_125830.csv] - INFO - None
2026-06-01 12:58:34.644 - [robot_6_log_20260601_125830.csv] - DEBUG - Posición actualizada por visión: x=166.32, y=102.26, θ=1.27
2026-06-01 12:58:34.644 - [robot_6_log_20260601_125830.csv] - DEBUG - Frecuencia: 5849.80 Hz | Latencia Red/Proc: 12.85 ms
2026-06-01 12:58:34.644 - [robot_6_log_20260601_125830.csv] - WARNING - Estado FSM: ESPERANDO_GIRO | Target Wall: None | Target Theta: 107.23° |theta: 72.82293576112762 
2026-06-01 12:58:34.674 - [robot_6_log_20260601_125830.csv] - DEBUG - Incoming data. Topic agent/6/wheel, mensaje {"Wleft":5.684341886e-15,"Wright":20}
2026-06-01 12:58:34.694 - [robot_6_log_20260601_125830.csv] - INFO - Usando posición VISION: x=166.32, y=102.26, θ=1.27
2026-06-01 12:58:34.694 - [robot_6_log_20260601_125830.csv] - INFO - Distancias a paredes: Left: 166.32, Right: 283.68, Top: 37.74, Bottom: 102.26
2026-06-01 12:58:34.694 - [robot_6_log_20260601_125830.csv] - INFO - Posicion: 166.32, 102.26, 1.271 | Velocidad: -0.9553966588578494, 0.2953256240884935
2026-06-01 12:58:34.694 - [robot_6_log_20260601_125830.csv] - INFO - None
2026-06-01 12:58:34.694 - [robot_6_log_20260601_125830.csv] - WARNING - Estado FSM: ESPERANDO_GIRO | Target Wall: None | Target Theta: 107.23° |theta: 72.82293576112762 
2026-06-01 12:58:34.724 - [robot_6_log_20260601_125830.csv] - DEBUG - Incoming data. Topic 6/pos, mensaje {"x": 166.7, "y": 102.26, "yaw": 1.214, "timestamp": 1780311514.7213979}
2026-06-01 12:58:34.730 - [robot_6_log_20260601_125830.csv] - DEBUG - Posición actualizada por visión: x=166.70, y=102.26, θ=1.21
2026-06-01 12:58:34.735 - [robot_6_log_20260601_125830.csv] - DEBUG - Frecuencia: 11.03 Hz | Latencia Red/Proc: 13.76 ms
2026-06-01 12:58:34.740 - [robot_6_log_20260601_125830.csv] - DEBUG - Incoming data. Topic 6/pos, mensaje {"x": 166.7, "y": 102.26, "yaw": 1.214, "timestamp": 1780311514.7213979}
2026-06-01 12:58:34.740 - [robot_6_log_20260601_125830.csv] - DEBUG - Posición actualizada por visión: x=166.70, y=102.26, θ=1.21
2026-06-01 12:58:34.740 - [robot_6_log_20260601_125830.csv] - DEBUG - Frecuencia: 195.63 Hz | Latencia Red/Proc: 18.87 ms
2026-06-01 12:58:34.740 - [robot_6_log_20260601_125830.csv] - DEBUG - Incoming data. Topic 6/pos, mensaje {"x": 166.7, "y": 102.26, "yaw": 1.214, "timestamp": 1780311514.730746}
2026-06-01 12:58:34.740 - [robot_6_log_20260601_125830.csv] - DEBUG - Posición actualizada por visión: x=166.70, y=102.26, θ=1.21
2026-06-01 12:58:34.740 - [robot_6_log_20260601_125830.csv] - DEBUG - Frecuencia: 28149.69 Hz | Latencia Red/Proc: 9.56 ms
2026-06-01 12:58:34.744 - [robot_6_log_20260601_125830.csv] - INFO - Usando posición VISION: x=166.70, y=102.26, θ=1.21
2026-06-01 12:58:34.744 - [robot_6_log_20260601_125830.csv] - DEBUG - Incoming data. Topic agent/6/wheel, mensaje {"Wleft":5.684341886e-15,"Wright":20}
2026-06-01 12:58:34.744 - [robot_6_log_20260601_125830.csv] - INFO - Distancias a paredes: Left: 166.70, Right: 283.30, Top: 37.74, Bottom: 102.26
2026-06-01 12:58:34.744 - [robot_6_log_20260601_125830.csv] - INFO - Posicion: 166.7, 102.26, 1.214 | Velocidad: -0.9370205904746934, 0.34927412304156863
2026-06-01 12:58:34.744 - [robot_6_log_20260601_125830.csv] - INFO - None
2026-06-01 12:58:34.744 - [robot_6_log_20260601_125830.csv] - WARNING - Estado FSM: ESPERANDO_GIRO | Target Wall: None | Target Theta: 107.23° |theta: 69.55707632888193 
2026-06-01 12:58:34.775 - [robot_6_log_20260601_125830.csv] - DEBUG - Incoming data. Topic 6/pos, mensaje {"x": 166.7, "y": 102.26, "yaw": 1.214, "timestamp": 1780311514.730746}
2026-06-01 12:58:34.780 - [robot_6_log_20260601_125830.csv] - DEBUG - Posición actualizada por visión: x=166.70, y=102.26, θ=1.21
2026-06-01 12:58:34.780 - [robot_6_log_20260601_125830.csv] - DEBUG - Frecuencia: 25.06 Hz | Latencia Red/Proc: 49.47 ms
2026-06-01 12:58:34.794 - [robot_6_log_20260601_125830.csv] - INFO - Usando posición VISION: x=166.70, y=102.26, θ=1.21
2026-06-01 12:58:34.794 - [robot_6_log_20260601_125830.csv] - INFO - Distancias a paredes: Left: 166.70, Right: 283.30, Top: 37.74, Bottom: 102.26
2026-06-01 12:58:34.794 - [robot_6_log_20260601_125830.csv] - INFO - Posicion: 166.7, 102.26, 1.214 | Velocidad: -0.9370205904746934, 0.34927412304156863
2026-06-01 12:58:34.794 - [robot_6_log_20260601_125830.csv] - INFO - None
2026-06-01 12:58:34.794 - [robot_6_log_20260601_125830.csv] - WARNING - Estado FSM: ESPERANDO_GIRO | Target Wall: None | Target Theta: 107.23° |theta: 69.55707632888193 
2026-06-01 12:58:34.823 - [robot_6_log_20260601_125830.csv] - DEBUG - Incoming data. Topic 6/pos, mensaje {"x": 167.84, "y": 102.38, "yaw": 1.028, "timestamp": 1780311514.819795}
2026-06-01 12:58:34.828 - [robot_6_log_20260601_125830.csv] - DEBUG - Posición actualizada por visión: x=167.84, y=102.38, θ=1.03
2026-06-01 12:58:34.839 - [robot_6_log_20260601_125830.csv] - DEBUG - Frecuencia: 16.99 Hz | Latencia Red/Proc: 19.29 ms
2026-06-01 12:58:34.844 - [robot_6_log_20260601_125830.csv] - INFO - Usando posición VISION: x=167.84, y=102.38, θ=1.03
2026-06-01 12:58:34.844 - [robot_6_log_20260601_125830.csv] - DEBUG - Incoming data. Topic 6/pos, mensaje {"x": 167.84, "y": 102.38, "yaw": 1.028, "timestamp": 1780311514.819795}
2026-06-01 12:58:34.844 - [robot_6_log_20260601_125830.csv] - INFO - Distancias a paredes: Left: 167.84, Right: 282.16, Top: 37.62, Bottom: 102.38
2026-06-01 12:58:34.844 - [robot_6_log_20260601_125830.csv] - DEBUG - Posición actualizada por visión: x=167.84, y=102.38, θ=1.03
2026-06-01 12:58:34.844 - [robot_6_log_20260601_125830.csv] - INFO - Posicion: 167.84, 102.38, 1.028 | Velocidad: -0.8562676375876817, 0.5165324121679207
2026-06-01 12:58:34.844 - [robot_6_log_20260601_125830.csv] - DEBUG - Frecuencia: 191.25 Hz | Latencia Red/Proc: 24.52 ms
2026-06-01 12:58:34.844 - [robot_6_log_20260601_125830.csv] - INFO - None
2026-06-01 12:58:34.844 - [robot_6_log_20260601_125830.csv] - DEBUG - Incoming data. Topic 6/pos, mensaje {"x": 167.84, "y": 102.38, "yaw": 1.028, "timestamp": 1780311514.8314037}
2026-06-01 12:58:34.844 - [robot_6_log_20260601_125830.csv] - DEBUG - Posición actualizada por visión: x=167.84, y=102.38, θ=1.03
2026-06-01 12:58:34.844 - [robot_6_log_20260601_125830.csv] - DEBUG - Frecuencia: 8004.40 Hz | Latencia Red/Proc: 13.04 ms
2026-06-01 12:58:34.844 - [robot_6_log_20260601_125830.csv] - DEBUG - Incoming data. Topic agent/6/wheel, mensaje {"Wleft":5.684341886e-15,"Wright":20}
2026-06-01 12:58:34.844 - [robot_6_log_20260601_125830.csv] - WARNING - Estado FSM: ESPERANDO_GIRO | Target Wall: None | Target Theta: 107.23° |theta: 58.90006133944863 
2026-06-01 12:58:34.874 - [robot_6_log_20260601_125830.csv] - DEBUG - Incoming data. Topic 6/pos, mensaje {"x": 167.84, "y": 102.38, "yaw": 1.028, "timestamp": 1780311514.8314037}
2026-06-01 12:58:34.879 - [robot_6_log_20260601_125830.csv] - DEBUG - Posición actualizada por visión: x=167.84, y=102.38, θ=1.03
2026-06-01 12:58:34.886 - [robot_6_log_20260601_125830.csv] - DEBUG - Frecuencia: 24.00 Hz | Latencia Red/Proc: 54.70 ms
2026-06-01 12:58:34.894 - [robot_6_log_20260601_125830.csv] - INFO - Usando posición VISION: x=167.84, y=102.38, θ=1.03
2026-06-01 12:58:34.894 - [robot_6_log_20260601_125830.csv] - INFO - Distancias a paredes: Left: 167.84, Right: 282.16, Top: 37.62, Bottom: 102.38
2026-06-01 12:58:34.894 - [robot_6_log_20260601_125830.csv] - INFO - Posicion: 167.84, 102.38, 1.028 | Velocidad: -0.8562676375876817, 0.5165324121679207
2026-06-01 12:58:34.894 - [robot_6_log_20260601_125830.csv] - INFO - None
2026-06-01 12:58:34.894 - [robot_6_log_20260601_125830.csv] - WARNING - Estado FSM: ESPERANDO_GIRO | Target Wall: None | Target Theta: 107.23° |theta: 58.90006133944863 
2026-06-01 12:58:34.929 - [robot_6_log_20260601_125830.csv] - DEBUG - Incoming data. Topic 6/pos, mensaje {"x": 169.28, "y": 102.19, "yaw": 0.816, "timestamp": 1780311514.9209335}
2026-06-01 12:58:34.929 - [robot_6_log_20260601_125830.csv] - DEBUG - Posición actualizada por visión: x=169.28, y=102.19, θ=0.82
2026-06-01 12:58:34.929 - [robot_6_log_20260601_125830.csv] - DEBUG - Frecuencia: 23.22 Hz | Latencia Red/Proc: 8.23 ms
2026-06-01 12:58:34.934 - [robot_6_log_20260601_125830.csv] - DEBUG - Incoming data. Topic 6/pos, mensaje {"x": 169.28, "y": 102.19, "yaw": 0.816, "timestamp": 1780311514.9209335}
2026-06-01 12:58:34.934 - [robot_6_log_20260601_125830.csv] - DEBUG - Posición actualizada por visión: x=169.28, y=102.19, θ=0.82
2026-06-01 12:58:34.934 - [robot_6_log_20260601_125830.csv] - DEBUG - Frecuencia: 195.45 Hz | Latencia Red/Proc: 13.35 ms
2026-06-01 12:58:34.934 - [robot_6_log_20260601_125830.csv] - DEBUG - Incoming data. Topic 6/pos, mensaje {"x": 169.28, "y": 102.19, "yaw": 0.816, "timestamp": 1780311514.931923}
2026-06-01 12:58:34.934 - [robot_6_log_20260601_125830.csv] - DEBUG - Posición actualizada por visión: x=169.28, y=102.19, θ=0.82
2026-06-01 12:58:34.934 - [robot_6_log_20260601_125830.csv] - DEBUG - Frecuencia: 7182.03 Hz | Latencia Red/Proc: 2.50 ms
2026-06-01 12:58:34.944 - [robot_6_log_20260601_125830.csv] - INFO - Usando posición VISION: x=169.28, y=102.19, θ=0.82
2026-06-01 12:58:34.944 - [robot_6_log_20260601_125830.csv] - DEBUG - Incoming data. Topic 6/pos, mensaje {"x": 169.28, "y": 102.19, "yaw": 0.816, "timestamp": 1780311514.931923}
2026-06-01 12:58:34.944 - [robot_6_log_20260601_125830.csv] - DEBUG - Posición actualizada por visión: x=169.28, y=102.19, θ=0.82
2026-06-01 12:58:34.944 - [robot_6_log_20260601_125830.csv] - DEBUG - Frecuencia: 101.49 Hz | Latencia Red/Proc: 12.35 ms
2026-06-01 12:58:34.944 - [robot_6_log_20260601_125830.csv] - INFO - Distancias a paredes: Left: 169.28, Right: 280.72, Top: 37.81, Bottom: 102.19
2026-06-01 12:58:34.944 - [robot_6_log_20260601_125830.csv] - INFO - Posicion: 169.28, 102.19, 0.816 | Velocidad: -0.7284111030159268, 0.6851403250452572
2026-06-01 12:58:34.944 - [robot_6_log_20260601_125830.csv] - INFO - None
2026-06-01 12:58:34.944 - [robot_6_log_20260601_125830.csv] - WARNING - Estado FSM: ESPERANDO_GIRO | Target Wall: None | Target Theta: 107.23° |theta: 46.753356082675175 
2026-06-01 12:58:34.979 - [robot_6_log_20260601_125830.csv] - DEBUG - Incoming data. Topic agent/6/wheel, mensaje {"Wleft":5.684341886e-15,"Wright":20}
2026-06-01 12:58:34.994 - [robot_6_log_20260601_125830.csv] - INFO - Usando posición VISION: x=169.28, y=102.19, θ=0.82
2026-06-01 12:58:34.994 - [robot_6_log_20260601_125830.csv] - INFO - Distancias a paredes: Left: 169.28, Right: 280.72, Top: 37.81, Bottom: 102.19
2026-06-01 12:58:34.994 - [robot_6_log_20260601_125830.csv] - INFO - Posicion: 169.28, 102.19, 0.816 | Velocidad: -0.7284111030159268, 0.6851403250452572
2026-06-01 12:58:34.994 - [robot_6_log_20260601_125830.csv] - INFO - None
2026-06-01 12:58:34.994 - [robot_6_log_20260601_125830.csv] - WARNING - Estado FSM: ESPERANDO_GIRO | Target Wall: None | Target Theta: 107.23° |theta: 46.753356082675175 
2026-06-01 12:58:35.024 - [robot_6_log_20260601_125830.csv] - DEBUG - Incoming data. Topic 6/pos, mensaje {"x": 170.88, "y": 101.69, "yaw": 0.573, "timestamp": 1780311515.0219948}
2026-06-01 12:58:35.024 - [robot_6_log_20260601_125830.csv] - DEBUG - Posición actualizada por visión: x=170.88, y=101.69, θ=0.57
2026-06-01 12:58:35.024 - [robot_6_log_20260601_125830.csv] - DEBUG - Frecuencia: 12.39 Hz | Latencia Red/Proc: 2.99 ms
2026-06-01 12:58:35.025 - [robot_6_log_20260601_125830.csv] - DEBUG - Incoming data. Topic 6/pos, mensaje {"x": 170.88, "y": 101.69, "yaw": 0.573, "timestamp": 1780311515.0219948}
2026-06-01 12:58:35.025 - [robot_6_log_20260601_125830.csv] - DEBUG - Posición actualizada por visión: x=170.88, y=101.69, θ=0.57
2026-06-01 12:58:35.025 - [robot_6_log_20260601_125830.csv] - DEBUG - Frecuencia: 17331.83 Hz | Latencia Red/Proc: 3.05 ms
2026-06-01 12:58:35.036 - [robot_6_log_20260601_125830.csv] - DEBUG - Incoming data. Topic 6/pos, mensaje {"x": 170.88, "y": 101.69, "yaw": 0.573, "timestamp": 1780311515.0308633}
2026-06-01 12:58:35.036 - [robot_6_log_20260601_125830.csv] - DEBUG - Posición actualizada por visión: x=170.88, y=101.69, θ=0.57
2026-06-01 12:58:35.036 - [robot_6_log_20260601_125830.csv] - DEBUG - Frecuencia: 89.53 Hz | Latencia Red/Proc: 5.35 ms
2026-06-01 12:58:35.044 - [robot_6_log_20260601_125830.csv] - INFO - Usando posición VISION: x=170.88, y=101.69, θ=0.57
2026-06-01 12:58:35.044 - [robot_6_log_20260601_125830.csv] - DEBUG - Incoming data. Topic agent/6/wheel, mensaje {"Wleft":5.684341886e-15,"Wright":20}
2026-06-01 12:58:35.044 - [robot_6_log_20260601_125830.csv] - INFO - Distancias a paredes: Left: 170.88, Right: 279.12, Top: 38.31, Bottom: 101.69
2026-06-01 12:58:35.044 - [robot_6_log_20260601_125830.csv] - INFO - Posicion: 170.88, 101.69, 0.573 | Velocidad: -0.5421553195285053, 0.8402782928928632
2026-06-01 12:58:35.044 - [robot_6_log_20260601_125830.csv] - INFO - ARRIBA
2026-06-01 12:58:35.044 - [robot_6_log_20260601_125830.csv] - WARNING - Estado FSM: ESPERANDO_GIRO | Target Wall: ARRIBA | Target Theta: 107.23° |theta: 32.83048166099617 
2026-06-01 12:58:35.074 - [robot_6_log_20260601_125830.csv] - DEBUG - Incoming data. Topic 6/pos, mensaje {"x": 170.88, "y": 101.69, "yaw": 0.573, "timestamp": 1780311515.0308633}
2026-06-01 12:58:35.074 - [robot_6_log_20260601_125830.csv] - DEBUG - Posición actualizada por visión: x=170.88, y=101.69, θ=0.57
2026-06-01 12:58:35.074 - [robot_6_log_20260601_125830.csv] - DEBUG - Frecuencia: 25.95 Hz | Latencia Red/Proc: 43.89 ms
2026-06-01 12:58:35.094 - [robot_6_log_20260601_125830.csv] - INFO - Usando posición VISION: x=170.88, y=101.69, θ=0.57
2026-06-01 12:58:35.094 - [robot_6_log_20260601_125830.csv] - INFO - Distancias a paredes: Left: 170.88, Right: 279.12, Top: 38.31, Bottom: 101.69
2026-06-01 12:58:35.094 - [robot_6_log_20260601_125830.csv] - INFO - Posicion: 170.88, 101.69, 0.573 | Velocidad: -0.5421553195285053, 0.8402782928928632
2026-06-01 12:58:35.094 - [robot_6_log_20260601_125830.csv] - INFO - ARRIBA
2026-06-01 12:58:35.094 - [robot_6_log_20260601_125830.csv] - WARNING - Estado FSM: ESPERANDO_GIRO | Target Wall: ARRIBA | Target Theta: 107.23° |theta: 32.83048166099617 
2026-06-01 12:58:35.130 - [robot_6_log_20260601_125830.csv] - DEBUG - Incoming data. Topic 6/pos, mensaje {"x": 172.46, "y": 100.81, "yaw": 0.339, "timestamp": 1780311515.1200821}
2026-06-01 12:58:35.135 - [robot_6_log_20260601_125830.csv] - DEBUG - Posición actualizada por visión: x=172.46, y=100.81, θ=0.34
2026-06-01 12:58:35.141 - [robot_6_log_20260601_125830.csv] - DEBUG - Frecuencia: 15.03 Hz | Latencia Red/Proc: 21.20 ms
2026-06-01 12:58:35.144 - [robot_6_log_20260601_125830.csv] - INFO - Usando posición VISION: x=172.46, y=100.81, θ=0.34
2026-06-01 12:58:35.144 - [robot_6_log_20260601_125830.csv] - DEBUG - Incoming data. Topic 6/pos, mensaje {"x": 172.46, "y": 100.81, "yaw": 0.339, "timestamp": 1780311515.1200821}
2026-06-01 12:58:35.144 - [robot_6_log_20260601_125830.csv] - INFO - Distancias a paredes: Left: 172.46, Right: 277.54, Top: 39.19, Bottom: 100.81
2026-06-01 12:58:35.144 - [robot_6_log_20260601_125830.csv] - DEBUG - Posición actualizada por visión: x=172.46, y=100.81, θ=0.34
2026-06-01 12:58:35.144 - [robot_6_log_20260601_125830.csv] - INFO - Posicion: 172.46, 100.81, 0.339 | Velocidad: -0.33254417088887966, 0.9430876811876123
2026-06-01 12:58:35.144 - [robot_6_log_20260601_125830.csv] - DEBUG - Frecuencia: 341.92 Hz | Latencia Red/Proc: 24.13 ms
2026-06-01 12:58:35.144 - [robot_6_log_20260601_125830.csv] - INFO - ARRIBA
2026-06-01 12:58:35.144 - [robot_6_log_20260601_125830.csv] - WARNING - Estado FSM: ESPERANDO_GIRO | Target Wall: ARRIBA | Target Theta: 107.23° |theta: 19.423269254934908 
2026-06-01 12:58:35.149 - [robot_6_log_20260601_125830.csv] - DEBUG - Incoming data. Topic 6/pos, mensaje {"x": 172.46, "y": 100.81, "yaw": 0.339, "timestamp": 1780311515.1289535}
2026-06-01 12:58:35.154 - [robot_6_log_20260601_125830.csv] - DEBUG - Posición actualizada por visión: x=172.46, y=100.81, θ=0.34
2026-06-01 12:58:35.160 - [robot_6_log_20260601_125830.csv] - DEBUG - Frecuencia: 60.91 Hz | Latencia Red/Proc: 31.67 ms
2026-06-01 12:58:35.170 - [robot_6_log_20260601_125830.csv] - DEBUG - Incoming data. Topic 6/pos, mensaje {"x": 172.46, "y": 100.81, "yaw": 0.339, "timestamp": 1780311515.1289535}
2026-06-01 12:58:35.182 - [robot_6_log_20260601_125830.csv] - DEBUG - Posición actualizada por visión: x=172.46, y=100.81, θ=0.34
2026-06-01 12:58:35.187 - [robot_6_log_20260601_125830.csv] - DEBUG - Frecuencia: 37.81 Hz | Latencia Red/Proc: 58.12 ms
2026-06-01 12:58:35.194 - [robot_6_log_20260601_125830.csv] - INFO - Usando posición VISION: x=172.46, y=100.81, θ=0.34
2026-06-01 12:58:35.194 - [robot_6_log_20260601_125830.csv] - INFO - Distancias a paredes: Left: 172.46, Right: 277.54, Top: 39.19, Bottom: 100.81
2026-06-01 12:58:35.194 - [robot_6_log_20260601_125830.csv] - INFO - Posicion: 172.46, 100.81, 0.339 | Velocidad: -0.33254417088887966, 0.9430876811876123
2026-06-01 12:58:35.194 - [robot_6_log_20260601_125830.csv] - INFO - ARRIBA
2026-06-01 12:58:35.194 - [robot_6_log_20260601_125830.csv] - DEBUG - Incoming data. Topic agent/6/wheel, mensaje {"Wleft":5.684341886e-15,"Wright":20}
2026-06-01 12:58:35.194 - [robot_6_log_20260601_125830.csv] - WARNING - Estado FSM: ESPERANDO_GIRO | Target Wall: ARRIBA | Target Theta: 107.23° |theta: 19.423269254934908 
2026-06-01 12:58:35.223 - [robot_6_log_20260601_125830.csv] - DEBUG - Incoming data. Topic 6/pos, mensaje {"x": 174.0, "y": 99.45, "yaw": 0.11, "timestamp": 1780311515.222214}
2026-06-01 12:58:35.223 - [robot_6_log_20260601_125830.csv] - DEBUG - Posición actualizada por visión: x=174.00, y=99.45, θ=0.11
2026-06-01 12:58:35.223 - [robot_6_log_20260601_125830.csv] - DEBUG - Frecuencia: 27.16 Hz | Latencia Red/Proc: 1.68 ms
2026-06-01 12:58:35.223 - [robot_6_log_20260601_125830.csv] - DEBUG - Incoming data. Topic 6/pos, mensaje {"x": 174.0, "y": 99.45, "yaw": 0.11, "timestamp": 1780311515.222214}
2026-06-01 12:58:35.223 - [robot_6_log_20260601_125830.csv] - DEBUG - Posición actualizada por visión: x=174.00, y=99.45, θ=0.11
2026-06-01 12:58:35.223 - [robot_6_log_20260601_125830.csv] - DEBUG - Frecuencia: 19418.07 Hz | Latencia Red/Proc: 1.73 ms
2026-06-01 12:58:35.236 - [robot_6_log_20260601_125830.csv] - DEBUG - Incoming data. Topic 6/pos, mensaje {"x": 174.0, "y": 99.45, "yaw": 0.11, "timestamp": 1780311515.2310872}
2026-06-01 12:58:35.241 - [robot_6_log_20260601_125830.csv] - DEBUG - Posición actualizada por visión: x=174.00, y=99.45, θ=0.11
2026-06-01 12:58:35.241 - [robot_6_log_20260601_125830.csv] - DEBUG - Frecuencia: 57.37 Hz | Latencia Red/Proc: 10.29 ms
2026-06-01 12:58:35.244 - [robot_6_log_20260601_125830.csv] - INFO - Usando posición VISION: x=174.00, y=99.45, θ=0.11
2026-06-01 12:58:35.244 - [robot_6_log_20260601_125830.csv] - INFO - Distancias a paredes: Left: 174.00, Right: 276.00, Top: 40.55, Bottom: 99.45
2026-06-01 12:58:35.244 - [robot_6_log_20260601_125830.csv] - INFO - Posicion: 174.0, 99.45, 0.11 | Velocidad: -0.10977830083717481, 0.9939560979566968
2026-06-01 12:58:35.244 - [robot_6_log_20260601_125830.csv] - INFO - ARRIBA
2026-06-01 12:58:35.244 - [robot_6_log_20260601_125830.csv] - WARNING - Estado FSM: ESPERANDO_GIRO | Target Wall: ARRIBA | Target Theta: 107.23° |theta: 6.302535746439055 
2026-06-01 12:58:35.254 - [robot_6_log_20260601_125830.csv] - DEBUG - Incoming data. Topic agent/6/wheel, mensaje {"Wleft":5.684341886e-15,"Wright":20}
2026-06-01 12:58:35.277 - [robot_6_log_20260601_125830.csv] - DEBUG - Incoming data. Topic 6/pos, mensaje {"x": 174.0, "y": 99.45, "yaw": 0.11, "timestamp": 1780311515.2310872}
2026-06-01 12:58:35.282 - [robot_6_log_20260601_125830.csv] - DEBUG - Posición actualizada por visión: x=174.00, y=99.45, θ=0.11
2026-06-01 12:58:35.282 - [robot_6_log_20260601_125830.csv] - DEBUG - Frecuencia: 24.39 Hz | Latencia Red/Proc: 51.28 ms
2026-06-01 12:58:35.294 - [robot_6_log_20260601_125830.csv] - INFO - Usando posición VISION: x=174.00, y=99.45, θ=0.11
2026-06-01 12:58:35.294 - [robot_6_log_20260601_125830.csv] - INFO - Distancias a paredes: Left: 174.00, Right: 276.00, Top: 40.55, Bottom: 99.45
2026-06-01 12:58:35.294 - [robot_6_log_20260601_125830.csv] - INFO - Posicion: 174.0, 99.45, 0.11 | Velocidad: -0.10977830083717481, 0.9939560979566968
2026-06-01 12:58:35.294 - [robot_6_log_20260601_125830.csv] - INFO - ARRIBA
2026-06-01 12:58:35.294 - [robot_6_log_20260601_125830.csv] - WARNING - Estado FSM: ESPERANDO_GIRO | Target Wall: ARRIBA | Target Theta: 107.23° |theta: 6.302535746439055 
2026-06-01 12:58:35.325 - [robot_6_log_20260601_125830.csv] - DEBUG - Incoming data. Topic 6/pos, mensaje {"x": 175.22, "y": 97.77, "yaw": -0.118, "timestamp": 1780311515.323159}
2026-06-01 12:58:35.330 - [robot_6_log_20260601_125830.csv] - DEBUG - Posición actualizada por visión: x=175.22, y=97.77, θ=-0.12
2026-06-01 12:58:35.335 - [robot_6_log_20260601_125830.csv] - DEBUG - Frecuencia: 18.83 Hz | Latencia Red/Proc: 12.32 ms
2026-06-01 12:58:35.344 - [robot_6_log_20260601_125830.csv] - INFO - Usando posición VISION: x=175.22, y=97.77, θ=-0.12
2026-06-01 12:58:35.344 - [robot_6_log_20260601_125830.csv] - DEBUG - Incoming data. Topic 6/pos, mensaje {"x": 175.22, "y": 97.77, "yaw": -0.118, "timestamp": 1780311515.323159}
2026-06-01 12:58:35.344 - [robot_6_log_20260601_125830.csv] - INFO - Distancias a paredes: Left: 175.22, Right: 274.78, Top: 42.23, Bottom: 97.77
2026-06-01 12:58:35.344 - [robot_6_log_20260601_125830.csv] - DEBUG - Posición actualizada por visión: x=175.22, y=97.77, θ=-0.12
2026-06-01 12:58:35.344 - [robot_6_log_20260601_125830.csv] - INFO - Posicion: 175.22, 97.77, -0.118 | Velocidad: 0.11772635191662144, 0.993046074492218
2026-06-01 12:58:35.344 - [robot_6_log_20260601_125830.csv] - DEBUG - Frecuencia: 112.97 Hz | Latencia Red/Proc: 21.17 ms
2026-06-01 12:58:35.344 - [robot_6_log_20260601_125830.csv] - INFO - ARRIBA
2026-06-01 12:58:35.344 - [robot_6_log_20260601_125830.csv] - DEBUG - Incoming data. Topic 6/pos, mensaje {"x": 175.22, "y": 97.77, "yaw": -0.118, "timestamp": 1780311515.3320348}
2026-06-01 12:58:35.344 - [robot_6_log_20260601_125830.csv] - WARNING - Estado FSM: ESPERANDO_GIRO | Target Wall: ARRIBA | Target Theta: 107.23° |theta: -6.7609019825437136 
2026-06-01 12:58:35.344 - [robot_6_log_20260601_125830.csv] - DEBUG - Posición actualizada por visión: x=175.22, y=97.77, θ=-0.12
2026-06-01 12:58:35.354 - [robot_6_log_20260601_125830.csv] - DEBUG - Frecuencia: 96.31 Hz | Latencia Red/Proc: 22.68 ms
2026-06-01 12:58:35.366 - [robot_6_log_20260601_125830.csv] - DEBUG - Incoming data. Topic agent/6/wheel, mensaje {"Wleft":5.684341886e-15,"Wright":20}
2026-06-01 12:58:35.382 - [robot_6_log_20260601_125830.csv] - DEBUG - Incoming data. Topic 6/pos, mensaje {"x": 175.22, "y": 97.77, "yaw": -0.118, "timestamp": 1780311515.3320348}
2026-06-01 12:58:35.382 - [robot_6_log_20260601_125830.csv] - DEBUG - Posición actualizada por visión: x=175.22, y=97.77, θ=-0.12
2026-06-01 12:58:35.387 - [robot_6_log_20260601_125830.csv] - DEBUG - Frecuencia: 30.45 Hz | Latencia Red/Proc: 55.52 ms
2026-06-01 12:58:35.394 - [robot_6_log_20260601_125830.csv] - INFO - Usando posición VISION: x=175.22, y=97.77, θ=-0.12
2026-06-01 12:58:35.394 - [robot_6_log_20260601_125830.csv] - INFO - Distancias a paredes: Left: 175.22, Right: 274.78, Top: 42.23, Bottom: 97.77
2026-06-01 12:58:35.394 - [robot_6_log_20260601_125830.csv] - INFO - Posicion: 175.22, 97.77, -0.118 | Velocidad: 0.11772635191662144, 0.993046074492218
2026-06-01 12:58:35.394 - [robot_6_log_20260601_125830.csv] - INFO - ARRIBA
2026-06-01 12:58:35.394 - [robot_6_log_20260601_125830.csv] - WARNING - Estado FSM: ESPERANDO_GIRO | Target Wall: ARRIBA | Target Theta: 107.23° |theta: -6.7609019825437136 
2026-06-01 12:58:35.424 - [robot_6_log_20260601_125830.csv] - DEBUG - Incoming data. Topic 6/pos, mensaje {"x": 175.98, "y": 96.08, "yaw": -0.336, "timestamp": 1780311515.419531}
2026-06-01 12:58:35.429 - [robot_6_log_20260601_125830.csv] - DEBUG - Posición actualizada por visión: x=175.98, y=96.08, θ=-0.34
2026-06-01 12:58:35.435 - [robot_6_log_20260601_125830.csv] - DEBUG - Frecuencia: 21.08 Hz | Latencia Red/Proc: 15.46 ms
2026-06-01 12:58:35.444 - [robot_6_log_20260601_125830.csv] - INFO - Usando posición VISION: x=175.98, y=96.08, θ=-0.34
2026-06-01 12:58:35.444 - [robot_6_log_20260601_125830.csv] - DEBUG - Incoming data. Topic 6/pos, mensaje {"x": 175.98, "y": 96.08, "yaw": -0.336, "timestamp": 1780311515.419531}
2026-06-01 12:58:35.444 - [robot_6_log_20260601_125830.csv] - INFO - Distancias a paredes: Left: 175.98, Right: 274.02, Top: 43.92, Bottom: 96.08
2026-06-01 12:58:35.444 - [robot_6_log_20260601_125830.csv] - DEBUG - Posición actualizada por visión: x=175.98, y=96.08, θ=-0.34
2026-06-01 12:58:35.444 - [robot_6_log_20260601_125830.csv] - INFO - Posicion: 175.98, 96.08, -0.336 | Velocidad: 0.3297134156415628, 0.9440810683124485
2026-06-01 12:58:35.444 - [robot_6_log_20260601_125830.csv] - DEBUG - Frecuencia: 107.01 Hz | Latencia Red/Proc: 24.81 ms
2026-06-01 12:58:35.444 - [robot_6_log_20260601_125830.csv] - INFO - ARRIBA
2026-06-01 12:58:35.444 - [robot_6_log_20260601_125830.csv] - DEBUG - Incoming data. Topic 6/pos, mensaje {"x": 175.98, "y": 96.08, "yaw": -0.336, "timestamp": 1780311515.4286969}
2026-06-01 12:58:35.444 - [robot_6_log_20260601_125830.csv] - WARNING - Estado FSM: ESPERANDO_GIRO | Target Wall: ARRIBA | Target Theta: 107.23° |theta: -19.251381916395662 
2026-06-01 12:58:35.444 - [robot_6_log_20260601_125830.csv] - DEBUG - Posición actualizada por visión: x=175.98, y=96.08, θ=-0.34
2026-06-01 12:58:35.449 - [robot_6_log_20260601_125830.csv] - DEBUG - Frecuencia: 189.81 Hz | Latencia Red/Proc: 20.91 ms
2026-06-01 12:58:35.464 - [robot_6_log_20260601_125830.csv] - DEBUG - Incoming data. Topic 6/pos, mensaje {"x": 175.98, "y": 96.08, "yaw": -0.336, "timestamp": 1780311515.4286969}
2026-06-01 12:58:35.470 - [robot_6_log_20260601_125830.csv] - DEBUG - Posición actualizada por visión: x=175.98, y=96.08, θ=-0.34
2026-06-01 12:58:35.475 - [robot_6_log_20260601_125830.csv] - DEBUG - Frecuencia: 39.00 Hz | Latencia Red/Proc: 46.55 ms
2026-06-01 12:58:35.480 - [robot_6_log_20260601_125830.csv] - DEBUG - Incoming data. Topic agent/6/wheel, mensaje {"Wleft":5.684341886e-15,"Wright":20}
2026-06-01 12:58:35.494 - [robot_6_log_20260601_125830.csv] - INFO - Usando posición VISION: x=175.98, y=96.08, θ=-0.34
2026-06-01 12:58:35.494 - [robot_6_log_20260601_125830.csv] - DEBUG - Incoming data. Topic agent/6/feedback, mensaje {"status": "done", "op": "turn"}
2026-06-01 12:58:35.494 - [robot_6_log_20260601_125830.csv] - INFO - Distancias a paredes: Left: 175.98, Right: 274.02, Top: 43.92, Bottom: 96.08
2026-06-01 12:58:35.494 - [robot_6_log_20260601_125830.csv] - INFO - ¡Confirmación recibida desde Arduino! Giro terminado exitosamente.
2026-06-01 12:58:35.494 - [robot_6_log_20260601_125830.csv] - INFO - Posicion: 175.98, 96.08, -0.336 | Velocidad: 0.3297134156415628, 0.9440810683124485
2026-06-01 12:58:35.494 - [robot_6_log_20260601_125830.csv] - INFO - ARRIBA
2026-06-01 12:58:35.494 - [robot_6_log_20260601_125830.csv] - WARNING - Estado FSM: AVANZA | Target Wall: ARRIBA | Target Theta: 107.23° |theta: -19.251381916395662 
2026-06-01 12:58:35.515 - [robot_6_log_20260601_125830.csv] - DEBUG - Despachado a ZMQ -> agent/6/move: {'v': 20.0, 'w': 0.0}
2026-06-01 12:58:35.526 - [robot_6_log_20260601_125830.csv] - DEBUG - Incoming data. Topic 6/pos, mensaje {"x": 176.38, "y": 94.42, "yaw": -0.546, "timestamp": 1780311515.5193899}
2026-06-01 12:58:35.531 - [robot_6_log_20260601_125830.csv] - DEBUG - Posición actualizada por visión: x=176.38, y=94.42, θ=-0.55
2026-06-01 12:58:35.531 - [robot_6_log_20260601_125830.csv] - DEBUG - Frecuencia: 17.79 Hz | Latencia Red/Proc: 12.06 ms
2026-06-01 12:58:35.542 - [robot_6_log_20260601_125830.csv] - DEBUG - Incoming data. Topic 6/pos, mensaje {"x": 176.38, "y": 94.42, "yaw": -0.546, "timestamp": 1780311515.5193899}
2026-06-01 12:58:35.542 - [robot_6_log_20260601_125830.csv] - DEBUG - Posición actualizada por visión: x=176.38, y=94.42, θ=-0.55
2026-06-01 12:58:35.542 - [robot_6_log_20260601_125830.csv] - DEBUG - Frecuencia: 86.80 Hz | Latencia Red/Proc: 23.58 ms
2026-06-01 12:58:35.544 - [robot_6_log_20260601_125830.csv] - INFO - Usando posición VISION: x=176.38, y=94.42, θ=-0.55
2026-06-01 12:58:35.544 - [robot_6_log_20260601_125830.csv] - INFO - Distancias a paredes: Left: 176.38, Right: 273.62, Top: 45.58, Bottom: 94.42
2026-06-01 12:58:35.544 - [robot_6_log_20260601_125830.csv] - INFO - Posicion: 176.38, 94.42, -0.546 | Velocidad: 0.5192729584437527, 0.8546084452128195
2026-06-01 12:58:35.544 - [robot_6_log_20260601_125830.csv] - INFO - ARRIBA
2026-06-01 12:58:35.544 - [robot_6_log_20260601_125830.csv] - DEBUG - Incoming data. Topic 6/pos, mensaje {"x": 176.38, "y": 94.42, "yaw": -0.546, "timestamp": 1780311515.5280883}
2026-06-01 12:58:35.544 - [robot_6_log_20260601_125830.csv] - WARNING - Estado FSM: PARANDO_PARA_RETROCEDER | Target Wall: ARRIBA | Target Theta: 107.23° |theta: -31.28349561414295 
2026-06-01 12:58:35.544 - [robot_6_log_20260601_125830.csv] - DEBUG - Posición actualizada por visión: x=176.38, y=94.42, θ=-0.55
2026-06-01 12:58:35.554 - [robot_6_log_20260601_125830.csv] - DEBUG - Frecuencia: 84.56 Hz | Latencia Red/Proc: 26.71 ms
2026-06-01 12:58:35.565 - [robot_6_log_20260601_125830.csv] - DEBUG - Despachado a ZMQ -> agent/6/move: {'v': 0.0, 'w': 0.0}
2026-06-01 12:58:35.565 - [robot_6_log_20260601_125830.csv] - DEBUG - Incoming data. Topic agent/6/wheel, mensaje {"Wleft":5.684341886e-15,"Wright":20}
2026-06-01 12:58:35.586 - [robot_6_log_20260601_125830.csv] - DEBUG - Incoming data. Topic 6/pos, mensaje {"x": 176.38, "y": 94.42, "yaw": -0.546, "timestamp": 1780311515.5280883}
2026-06-01 12:58:35.591 - [robot_6_log_20260601_125830.csv] - DEBUG - Posición actualizada por visión: x=176.38, y=94.42, θ=-0.55
2026-06-01 12:58:35.594 - [robot_6_log_20260601_125830.csv] - INFO - Usando posición VISION: x=176.38, y=94.42, θ=-0.55
2026-06-01 12:58:35.594 - [robot_6_log_20260601_125830.csv] - DEBUG - Frecuencia: 25.39 Hz | Latencia Red/Proc: 66.10 ms
2026-06-01 12:58:35.594 - [robot_6_log_20260601_125830.csv] - INFO - Distancias a paredes: Left: 176.38, Right: 273.62, Top: 45.58, Bottom: 94.42
2026-06-01 12:58:35.594 - [robot_6_log_20260601_125830.csv] - INFO - Posicion: 176.38, 94.42, -0.546 | Velocidad: 0.5192729584437527, 0.8546084452128195
2026-06-01 12:58:35.594 - [robot_6_log_20260601_125830.csv] - INFO - ARRIBA
2026-06-01 12:58:35.594 - [robot_6_log_20260601_125830.csv] - WARNING - Timer: 0.050023794174194336
2026-06-01 12:58:35.594 - [robot_6_log_20260601_125830.csv] - WARNING - Estado FSM: PARANDO_PARA_RETROCEDER | Target Wall: ARRIBA | Target Theta: 107.23° |theta: -31.28349561414295 
2026-06-01 12:58:35.631 - [robot_6_log_20260601_125830.csv] - DEBUG - Incoming data. Topic 6/pos, mensaje {"x": 176.46, "y": 92.75, "yaw": -0.758, "timestamp": 1780311515.6193788}
2026-06-01 12:58:35.636 - [robot_6_log_20260601_125830.csv] - DEBUG - Posición actualizada por visión: x=176.46, y=92.75, θ=-0.76
2026-06-01 12:58:35.642 - [robot_6_log_20260601_125830.csv] - DEBUG - Frecuencia: 20.71 Hz | Latencia Red/Proc: 23.10 ms
2026-06-01 12:58:35.644 - [robot_6_log_20260601_125830.csv] - INFO - Usando posición VISION: x=176.46, y=92.75, θ=-0.76
2026-06-01 12:58:35.644 - [robot_6_log_20260601_125830.csv] - DEBUG - Incoming data. Topic 6/pos, mensaje {"x": 176.46, "y": 92.75, "yaw": -0.758, "timestamp": 1780311515.6193788}
2026-06-01 12:58:35.644 - [robot_6_log_20260601_125830.csv] - INFO - Distancias a paredes: Left: 176.46, Right: 273.54, Top: 47.25, Bottom: 92.75
2026-06-01 12:58:35.644 - [robot_6_log_20260601_125830.csv] - DEBUG - Posición actualizada por visión: x=176.46, y=92.75, θ=-0.76
2026-06-01 12:58:35.644 - [robot_6_log_20260601_125830.csv] - INFO - Posicion: 176.46, 92.75, -0.758 | Velocidad: 0.6874703962130864, 0.7262124030410263
2026-06-01 12:58:35.644 - [robot_6_log_20260601_125830.csv] - DEBUG - Frecuencia: 499.44 Hz | Latencia Red/Proc: 25.10 ms
2026-06-01 12:58:35.644 - [robot_6_log_20260601_125830.csv] - INFO - None
2026-06-01 12:58:35.644 - [robot_6_log_20260601_125830.csv] - DEBUG - Incoming data. Topic 6/pos, mensaje {"x": 176.46, "y": 92.75, "yaw": -0.758, "timestamp": 1780311515.629164}
2026-06-01 12:58:35.644 - [robot_6_log_20260601_125830.csv] - WARNING - Timer: 0.10025238990783691
2026-06-01 12:58:35.644 - [robot_6_log_20260601_125830.csv] - DEBUG - Posición actualizada por visión: x=176.46, y=92.75, θ=-0.76
2026-06-01 12:58:35.644 - [robot_6_log_20260601_125830.csv] - WARNING - Estado FSM: PARANDO_PARA_RETROCEDER | Target Wall: None | Target Theta: 107.23° |theta: -43.4302008709164 
2026-06-01 12:58:35.644 - [robot_6_log_20260601_125830.csv] - DEBUG - Frecuencia: 4337.44 Hz | Latencia Red/Proc: 15.55 ms
2026-06-01 12:58:35.654 - [robot_6_log_20260601_125830.csv] - DEBUG - Incoming data. Topic 6/pos, mensaje {"x": 176.46, "y": 92.75, "yaw": -0.758, "timestamp": 1780311515.629164}
2026-06-01 12:58:35.660 - [robot_6_log_20260601_125830.csv] - DEBUG - Posición actualizada por visión: x=176.46, y=92.75, θ=-0.76
2026-06-01 12:58:35.666 - [robot_6_log_20260601_125830.csv] - DEBUG - Frecuencia: 46.50 Hz | Latencia Red/Proc: 37.05 ms
2026-06-01 12:58:35.677 - [robot_6_log_20260601_125830.csv] - DEBUG - Incoming data. Topic agent/6/wheel, mensaje {"Wleft":1.662997873,"Wright":20}
2026-06-01 12:58:35.694 - [robot_6_log_20260601_125830.csv] - INFO - Usando posición VISION: x=176.46, y=92.75, θ=-0.76
2026-06-01 12:58:35.694 - [robot_6_log_20260601_125830.csv] - INFO - Distancias a paredes: Left: 176.46, Right: 273.54, Top: 47.25, Bottom: 92.75
2026-06-01 12:58:35.694 - [robot_6_log_20260601_125830.csv] - INFO - Posicion: 176.46, 92.75, -0.758 | Velocidad: 0.6874703962130864, 0.7262124030410263
2026-06-01 12:58:35.694 - [robot_6_log_20260601_125830.csv] - INFO - None
2026-06-01 12:58:35.694 - [robot_6_log_20260601_125830.csv] - WARNING - Timer: 0.14989018440246582
2026-06-01 12:58:35.694 - [robot_6_log_20260601_125830.csv] - WARNING - Estado FSM: PARANDO_PARA_RETROCEDER | Target Wall: None | Target Theta: 107.23° |theta: -43.4302008709164 
2026-06-01 12:58:35.729 - [robot_6_log_20260601_125830.csv] - DEBUG - Incoming data. Topic 6/pos, mensaje {"x": 176.25, "y": 91.4, "yaw": -0.939, "timestamp": 1780311515.719365}
2026-06-01 12:58:35.735 - [robot_6_log_20260601_125830.csv] - DEBUG - Posición actualizada por visión: x=176.25, y=91.40, θ=-0.94
2026-06-01 12:58:35.740 - [robot_6_log_20260601_125830.csv] - DEBUG - Frecuencia: 13.51 Hz | Latencia Red/Proc: 20.86 ms
2026-06-01 12:58:35.744 - [robot_6_log_20260601_125830.csv] - INFO - Usando posición VISION: x=176.25, y=91.40, θ=-0.94
2026-06-01 12:58:35.744 - [robot_6_log_20260601_125830.csv] - DEBUG - Incoming data. Topic 6/pos, mensaje {"x": 176.25, "y": 91.4, "yaw": -0.939, "timestamp": 1780311515.719365}
2026-06-01 12:58:35.744 - [robot_6_log_20260601_125830.csv] - INFO - Distancias a paredes: Left: 176.25, Right: 273.75, Top: 48.60, Bottom: 91.40
2026-06-01 12:58:35.744 - [robot_6_log_20260601_125830.csv] - DEBUG - Posición actualizada por visión: x=176.25, y=91.40, θ=-0.94
2026-06-01 12:58:35.744 - [robot_6_log_20260601_125830.csv] - INFO - Posicion: 176.25, 91.4, -0.939 | Velocidad: 0.8069679086993646, 0.5905952881029224
2026-06-01 12:58:35.744 - [robot_6_log_20260601_125830.csv] - DEBUG - Frecuencia: 245.02 Hz | Latencia Red/Proc: 24.94 ms
2026-06-01 12:58:35.744 - [robot_6_log_20260601_125830.csv] - INFO - None
2026-06-01 12:58:35.744 - [robot_6_log_20260601_125830.csv] - DEBUG - Incoming data. Topic 6/pos, mensaje {"x": 176.25, "y": 91.4, "yaw": -0.939, "timestamp": 1780311515.7286227}
2026-06-01 12:58:35.744 - [robot_6_log_20260601_125830.csv] - WARNING - Timer: 0.20007061958312988
2026-06-01 12:58:35.744 - [robot_6_log_20260601_125830.csv] - DEBUG - Posición actualizada por visión: x=176.25, y=91.40, θ=-0.94
2026-06-01 12:58:35.744 - [robot_6_log_20260601_125830.csv] - WARNING - Estado FSM: PARANDO_PARA_RETROCEDER | Target Wall: None | Target Theta: 107.23° |theta: -53.8007369627843 
2026-06-01 12:58:35.744 - [robot_6_log_20260601_125830.csv] - DEBUG - Frecuencia: 4443.12 Hz | Latencia Red/Proc: 15.90 ms
2026-06-01 12:58:35.754 - [robot_6_log_20260601_125830.csv] - DEBUG - Incoming data. Topic 6/pos, mensaje {"x": 176.25, "y": 91.4, "yaw": -0.939, "timestamp": 1780311515.7286227}
2026-06-01 12:58:35.759 - [robot_6_log_20260601_125830.csv] - DEBUG - Posición actualizada por visión: x=176.25, y=91.40, θ=-0.94
2026-06-01 12:58:35.765 - [robot_6_log_20260601_125830.csv] - DEBUG - Frecuencia: 46.63 Hz | Latencia Red/Proc: 37.35 ms
2026-06-01 12:58:35.776 - [robot_6_log_20260601_125830.csv] - DEBUG - Incoming data. Topic agent/6/wheel, mensaje {"Wleft":1.611392725,"Wright":8}
2026-06-01 12:58:35.794 - [robot_6_log_20260601_125830.csv] - INFO - Usando posición VISION: x=176.25, y=91.40, θ=-0.94
2026-06-01 12:58:35.794 - [robot_6_log_20260601_125830.csv] - INFO - Distancias a paredes: Left: 176.25, Right: 273.75, Top: 48.60, Bottom: 91.40
2026-06-01 12:58:35.794 - [robot_6_log_20260601_125830.csv] - INFO - Posicion: 176.25, 91.4, -0.939 | Velocidad: 0.8069679086993646, 0.5905952881029224
2026-06-01 12:58:35.794 - [robot_6_log_20260601_125830.csv] - INFO - None
2026-06-01 12:58:35.794 - [robot_6_log_20260601_125830.csv] - WARNING - Timer: 0.2498643398284912
2026-06-01 12:58:35.794 - [robot_6_log_20260601_125830.csv] - WARNING - Estado FSM: PARANDO_PARA_RETROCEDER | Target Wall: None | Target Theta: 107.23° |theta: -53.8007369627843 
2026-06-01 12:58:35.824 - [robot_6_log_20260601_125830.csv] - DEBUG - Incoming data. Topic 6/pos, mensaje {"x": 176.26, "y": 90.79, "yaw": -1.035, "timestamp": 1780311515.8192778}
2026-06-01 12:58:35.829 - [robot_6_log_20260601_125830.csv] - DEBUG - Posición actualizada por visión: x=176.26, y=90.79, θ=-1.03
2026-06-01 12:58:35.835 - [robot_6_log_20260601_125830.csv] - DEBUG - Frecuencia: 14.34 Hz | Latencia Red/Proc: 16.42 ms
2026-06-01 12:58:35.844 - [robot_6_log_20260601_125830.csv] - INFO - Usando posición VISION: x=176.26, y=90.79, θ=-1.03
2026-06-01 12:58:35.844 - [robot_6_log_20260601_125830.csv] - INFO - Distancias a paredes: Left: 176.26, Right: 273.74, Top: 49.21, Bottom: 90.79
2026-06-01 12:58:35.844 - [robot_6_log_20260601_125830.csv] - INFO - Posicion: 176.26, 90.79, -1.035 | Velocidad: 0.8598623564730346, 0.5105259326622303
2026-06-01 12:58:35.844 - [robot_6_log_20260601_125830.csv] - INFO - None
2026-06-01 12:58:35.844 - [robot_6_log_20260601_125830.csv] - DEBUG - Incoming data. Topic 6/pos, mensaje {"x": 176.26, "y": 90.79, "yaw": -1.035, "timestamp": 1780311515.8192778}
2026-06-01 12:58:35.844 - [robot_6_log_20260601_125830.csv] - WARNING - Timer: 0.29992127418518066
2026-06-01 12:58:35.844 - [robot_6_log_20260601_125830.csv] - DEBUG - Posición actualizada por visión: x=176.26, y=90.79, θ=-1.03
2026-06-01 12:58:35.844 - [robot_6_log_20260601_125830.csv] - WARNING - Estado FSM: PARANDO_PARA_RETROCEDER | Target Wall: None | Target Theta: 107.23° |theta: -59.3011317960402 
2026-06-01 12:58:35.844 - [robot_6_log_20260601_125830.csv] - DEBUG - Frecuencia: 114.80 Hz | Latencia Red/Proc: 25.13 ms
2026-06-01 12:58:35.849 - [robot_6_log_20260601_125830.csv] - DEBUG - Incoming data. Topic 6/pos, mensaje {"x": 176.26, "y": 90.79, "yaw": -1.035, "timestamp": 1780311515.8281016}
2026-06-01 12:58:35.854 - [robot_6_log_20260601_125830.csv] - DEBUG - Posición actualizada por visión: x=176.26, y=90.79, θ=-1.03
2026-06-01 12:58:35.854 - [robot_6_log_20260601_125830.csv] - DEBUG - Frecuencia: 97.14 Hz | Latencia Red/Proc: 26.60 ms
2026-06-01 12:58:35.859 - [robot_6_log_20260601_125830.csv] - DEBUG - Incoming data. Topic 6/pos, mensaje {"x": 176.26, "y": 90.79, "yaw": -1.035, "timestamp": 1780311515.8281016}
2026-06-01 12:58:35.864 - [robot_6_log_20260601_125830.csv] - DEBUG - Posición actualizada por visión: x=176.26, y=90.79, θ=-1.03
2026-06-01 12:58:35.870 - [robot_6_log_20260601_125830.csv] - DEBUG - Frecuencia: 65.24 Hz | Latencia Red/Proc: 41.92 ms
2026-06-01 12:58:35.875 - [robot_6_log_20260601_125830.csv] - DEBUG - Incoming data. Topic agent/6/wheel, mensaje {"Wleft":0.022530068,"Wright":1.136868377e-14}
2026-06-01 12:58:35.894 - [robot_6_log_20260601_125830.csv] - INFO - Usando posición VISION: x=176.26, y=90.79, θ=-1.03
2026-06-01 12:58:35.894 - [robot_6_log_20260601_125830.csv] - INFO - Distancias a paredes: Left: 176.26, Right: 273.74, Top: 49.21, Bottom: 90.79
2026-06-01 12:58:35.894 - [robot_6_log_20260601_125830.csv] - INFO - Posicion: 176.26, 90.79, -1.035 | Velocidad: 0.8598623564730346, 0.5105259326622303
2026-06-01 12:58:35.894 - [robot_6_log_20260601_125830.csv] - INFO - None
2026-06-01 12:58:35.894 - [robot_6_log_20260601_125830.csv] - WARNING - Timer: 0.3499114513397217
2026-06-01 12:58:35.894 - [robot_6_log_20260601_125830.csv] - WARNING - Estado FSM: PARANDO_PARA_RETROCEDER | Target Wall: None | Target Theta: 107.23° |theta: -59.3011317960402 
2026-06-01 12:58:35.925 - [robot_6_log_20260601_125830.csv] - DEBUG - Incoming data. Topic 6/pos, mensaje {"x": 176.6, "y": 90.69, "yaw": -1.083, "timestamp": 1780311515.920778}
2026-06-01 12:58:35.930 - [robot_6_log_20260601_125830.csv] - DEBUG - Posición actualizada por visión: x=176.60, y=90.69, θ=-1.08
2026-06-01 12:58:35.930 - [robot_6_log_20260601_125830.csv] - DEBUG - Frecuencia: 16.60 Hz | Latencia Red/Proc: 9.47 ms
2026-06-01 12:58:35.930 - [robot_6_log_20260601_125830.csv] - DEBUG - Incoming data. Topic 6/pos, mensaje {"x": 176.6, "y": 90.69, "yaw": -1.083, "timestamp": 1780311515.920778}
2026-06-01 12:58:35.935 - [robot_6_log_20260601_125830.csv] - DEBUG - Posición actualizada por visión: x=176.60, y=90.69, θ=-1.08
2026-06-01 12:58:35.935 - [robot_6_log_20260601_125830.csv] - DEBUG - Frecuencia: 192.41 Hz | Latencia Red/Proc: 14.67 ms
2026-06-01 12:58:35.935 - [robot_6_log_20260601_125830.csv] - DEBUG - Incoming data. Topic 6/pos, mensaje {"x": 176.6, "y": 90.69, "yaw": -1.083, "timestamp": 1780311515.9328055}
2026-06-01 12:58:35.940 - [robot_6_log_20260601_125830.csv] - DEBUG - Posición actualizada por visión: x=176.60, y=90.69, θ=-1.08
2026-06-01 12:58:35.944 - [robot_6_log_20260601_125830.csv] - DEBUG - Frecuencia: 114.10 Hz | Latencia Red/Proc: 11.41 ms
2026-06-01 12:58:35.944 - [robot_6_log_20260601_125830.csv] - INFO - Usando posición VISION: x=176.60, y=90.69, θ=-1.08
2026-06-01 12:58:35.944 - [robot_6_log_20260601_125830.csv] - DEBUG - Incoming data. Topic 6/pos, mensaje {"x": 176.6, "y": 90.69, "yaw": -1.083, "timestamp": 1780311515.9328055}
2026-06-01 12:58:35.944 - [robot_6_log_20260601_125830.csv] - INFO - Distancias a paredes: Left: 176.60, Right: 273.40, Top: 49.31, Bottom: 90.69
2026-06-01 12:58:35.944 - [robot_6_log_20260601_125830.csv] - DEBUG - Posición actualizada por visión: x=176.60, y=90.69, θ=-1.08
2026-06-01 12:58:35.944 - [robot_6_log_20260601_125830.csv] - INFO - Posicion: 176.6, 90.69, -1.083 | Velocidad: 0.8833678210493376, 0.46868037374584554
2026-06-01 12:58:35.944 - [robot_6_log_20260601_125830.csv] - DEBUG - Frecuencia: 3672.77 Hz | Latencia Red/Proc: 11.68 ms
2026-06-01 12:58:35.944 - [robot_6_log_20260601_125830.csv] - INFO - None
2026-06-01 12:58:35.944 - [robot_6_log_20260601_125830.csv] - WARNING - Timer: 0.400235652923584
2026-06-01 12:58:35.944 - [robot_6_log_20260601_125830.csv] - WARNING - Estado FSM: PARANDO_PARA_RETROCEDER | Target Wall: None | Target Theta: 107.23° |theta: -62.05132921266815 
2026-06-01 12:58:35.974 - [robot_6_log_20260601_125830.csv] - DEBUG - Incoming data. Topic agent/6/wheel, mensaje {"Wleft":6.036838e-15,"Wright":1.136868377e-14}
2026-06-01 12:58:35.994 - [robot_6_log_20260601_125830.csv] - INFO - Usando posición VISION: x=176.60, y=90.69, θ=-1.08
2026-06-01 12:58:35.994 - [robot_6_log_20260601_125830.csv] - INFO - Distancias a paredes: Left: 176.60, Right: 273.40, Top: 49.31, Bottom: 90.69
2026-06-01 12:58:35.994 - [robot_6_log_20260601_125830.csv] - INFO - Posicion: 176.6, 90.69, -1.083 | Velocidad: 0.8833678210493376, 0.46868037374584554
2026-06-01 12:58:35.994 - [robot_6_log_20260601_125830.csv] - INFO - None
2026-06-01 12:58:35.994 - [robot_6_log_20260601_125830.csv] - WARNING - Timer: 0.4499475955963135
2026-06-01 12:58:35.994 - [robot_6_log_20260601_125830.csv] - WARNING - Estado FSM: PARANDO_PARA_RETROCEDER | Target Wall: None | Target Theta: 107.23° |theta: -62.05132921266815 
2026-06-01 12:58:36.024 - [robot_6_log_20260601_125830.csv] - DEBUG - Incoming data. Topic 6/pos, mensaje {"x": 176.6, "y": 90.68, "yaw": -1.078, "timestamp": 1780311516.0221517}
2026-06-01 12:58:36.029 - [robot_6_log_20260601_125830.csv] - DEBUG - Posición actualizada por visión: x=176.60, y=90.68, θ=-1.08
2026-06-01 12:58:36.034 - [robot_6_log_20260601_125830.csv] - DEBUG - Frecuencia: 11.08 Hz | Latencia Red/Proc: 12.57 ms
2026-06-01 12:58:36.039 - [robot_6_log_20260601_125830.csv] - DEBUG - Incoming data. Topic 6/pos, mensaje {"x": 176.6, "y": 90.68, "yaw": -1.078, "timestamp": 1780311516.0221517}
2026-06-01 12:58:36.044 - [robot_6_log_20260601_125830.csv] - INFO - Usando posición VISION: x=176.60, y=90.68, θ=-1.08
2026-06-01 12:58:36.044 - [robot_6_log_20260601_125830.csv] - DEBUG - Posición actualizada por visión: x=176.60, y=90.68, θ=-1.08
2026-06-01 12:58:36.044 - [robot_6_log_20260601_125830.csv] - INFO - Distancias a paredes: Left: 176.60, Right: 273.40, Top: 49.32, Bottom: 90.68
2026-06-01 12:58:36.044 - [robot_6_log_20260601_125830.csv] - DEBUG - Frecuencia: 104.82 Hz | Latencia Red/Proc: 22.11 ms
2026-06-01 12:58:36.044 - [robot_6_log_20260601_125830.csv] - INFO - Posicion: 176.6, 90.68, -1.078 | Velocidad: 0.881013386870012, 0.47309133595515224
2026-06-01 12:58:36.044 - [robot_6_log_20260601_125830.csv] - INFO - None
2026-06-01 12:58:36.044 - [robot_6_log_20260601_125830.csv] - DEBUG - Incoming data. Topic 6/pos, mensaje {"x": 176.6, "y": 90.68, "yaw": -1.078, "timestamp": 1780311516.0330966}
2026-06-01 12:58:36.044 - [robot_6_log_20260601_125830.csv] - WARNING - Timer: 0.5000314712524414
2026-06-01 12:58:36.044 - [robot_6_log_20260601_125830.csv] - DEBUG - Posición actualizada por visión: x=176.60, y=90.68, θ=-1.08
2026-06-01 12:58:36.044 - [robot_6_log_20260601_125830.csv] - WARNING - Estado FSM: RETROCEDE | Target Wall: None | Target Theta: 107.23° |theta: -61.76485031510275 
2026-06-01 12:58:36.044 - [robot_6_log_20260601_125830.csv] - DEBUG - Frecuencia: 3744.91 Hz | Latencia Red/Proc: 11.43 ms
2026-06-01 12:58:36.059 - [robot_6_log_20260601_125830.csv] - DEBUG - Incoming data. Topic 6/pos, mensaje {"x": 176.6, "y": 90.68, "yaw": -1.078, "timestamp": 1780311516.0330966}
2026-06-01 12:58:36.064 - [robot_6_log_20260601_125830.csv] - DEBUG - Posición actualizada por visión: x=176.60, y=90.68, θ=-1.08
2026-06-01 12:58:36.070 - [robot_6_log_20260601_125830.csv] - DEBUG - Frecuencia: 39.14 Hz | Latencia Red/Proc: 36.98 ms
2026-06-01 12:58:36.070 - [robot_6_log_20260601_125830.csv] - DEBUG - Despachado a ZMQ -> agent/6/move: {'v': -30, 'w': 0.0}
2026-06-01 12:58:36.085 - [robot_6_log_20260601_125830.csv] - DEBUG - Incoming data. Topic agent/6/wheel, mensaje {"Wleft":6.036838e-15,"Wright":1.136868377e-14}
2026-06-01 12:58:36.094 - [robot_6_log_20260601_125830.csv] - INFO - Usando posición VISION: x=176.60, y=90.68, θ=-1.08
2026-06-01 12:58:36.094 - [robot_6_log_20260601_125830.csv] - INFO - Distancias a paredes: Left: 176.60, Right: 273.40, Top: 49.32, Bottom: 90.68
2026-06-01 12:58:36.094 - [robot_6_log_20260601_125830.csv] - INFO - Posicion: 176.6, 90.68, -1.078 | Velocidad: 0.881013386870012, 0.47309133595515224
2026-06-01 12:58:36.094 - [robot_6_log_20260601_125830.csv] - INFO - None
2026-06-01 12:58:36.094 - [robot_6_log_20260601_125830.csv] - WARNING - Estado FSM: RETROCEDE | Target Wall: None | Target Theta: 107.23° |theta: -61.76485031510275 
2026-06-01 12:58:36.125 - [robot_6_log_20260601_125830.csv] - DEBUG - Incoming data. Topic 6/pos, mensaje {"x": 176.61, "y": 90.68, "yaw": -1.084, "timestamp": 1780311516.120756}
2026-06-01 12:58:36.125 - [robot_6_log_20260601_125830.csv] - DEBUG - Posición actualizada por visión: x=176.61, y=90.68, θ=-1.08
2026-06-01 12:58:36.130 - [robot_6_log_20260601_125830.csv] - DEBUG - Frecuencia: 16.54 Hz | Latencia Red/Proc: 9.76 ms
2026-06-01 12:58:36.141 - [robot_6_log_20260601_125830.csv] - DEBUG - Incoming data. Topic 6/pos, mensaje {"x": 176.61, "y": 90.68, "yaw": -1.084, "timestamp": 1780311516.120756}
2026-06-01 12:58:36.144 - [robot_6_log_20260601_125830.csv] - INFO - Usando posición VISION: x=176.61, y=90.68, θ=-1.08
2026-06-01 12:58:36.144 - [robot_6_log_20260601_125830.csv] - DEBUG - Posición actualizada por visión: x=176.61, y=90.68, θ=-1.08
2026-06-01 12:58:36.144 - [robot_6_log_20260601_125830.csv] - INFO - Distancias a paredes: Left: 176.61, Right: 273.39, Top: 49.32, Bottom: 90.68
2026-06-01 12:58:36.144 - [robot_6_log_20260601_125830.csv] - DEBUG - Frecuencia: 72.51 Hz | Latencia Red/Proc: 23.55 ms
2026-06-01 12:58:36.144 - [robot_6_log_20260601_125830.csv] - INFO - Posicion: 176.61, 90.68, -1.084 | Velocidad: 0.8838360596610964, 0.4677967717318567
2026-06-01 12:58:36.144 - [robot_6_log_20260601_125830.csv] - DEBUG - Incoming data. Topic 6/pos, mensaje {"x": 176.61, "y": 90.68, "yaw": -1.084, "timestamp": 1780311516.1296399}
2026-06-01 12:58:36.144 - [robot_6_log_20260601_125830.csv] - INFO - None
2026-06-01 12:58:36.144 - [robot_6_log_20260601_125830.csv] - DEBUG - Posición actualizada por visión: x=176.61, y=90.68, θ=-1.08
2026-06-01 12:58:36.144 - [robot_6_log_20260601_125830.csv] - WARNING - Estado FSM: RETROCEDE | Target Wall: None | Target Theta: 107.23° |theta: -62.10862499218124 
2026-06-01 12:58:36.144 - [robot_6_log_20260601_125830.csv] - DEBUG - Frecuencia: 4634.59 Hz | Latencia Red/Proc: 14.89 ms
2026-06-01 12:58:36.149 - [robot_6_log_20260601_125830.csv] - DEBUG - Incoming data. Topic 6/pos, mensaje {"x": 176.61, "y": 90.68, "yaw": -1.084, "timestamp": 1780311516.1296399}
2026-06-01 12:58:36.154 - [robot_6_log_20260601_125830.csv] - DEBUG - Posición actualizada por visión: x=176.61, y=90.68, θ=-1.08
2026-06-01 12:58:36.159 - [robot_6_log_20260601_125830.csv] - DEBUG - Frecuencia: 65.37 Hz | Latencia Red/Proc: 30.19 ms
2026-06-01 12:58:36.177 - [robot_6_log_20260601_125830.csv] - DEBUG - Incoming data. Topic agent/6/wheel, mensaje {"Wleft":2,"Wright":2}
2026-06-01 12:58:36.194 - [robot_6_log_20260601_125830.csv] - INFO - Usando posición VISION: x=176.61, y=90.68, θ=-1.08
2026-06-01 12:58:36.194 - [robot_6_log_20260601_125830.csv] - INFO - Distancias a paredes: Left: 176.61, Right: 273.39, Top: 49.32, Bottom: 90.68
2026-06-01 12:58:36.194 - [robot_6_log_20260601_125830.csv] - INFO - Posicion: 176.61, 90.68, -1.084 | Velocidad: 0.8838360596610964, 0.4677967717318567
2026-06-01 12:58:36.194 - [robot_6_log_20260601_125830.csv] - INFO - None
2026-06-01 12:58:36.194 - [robot_6_log_20260601_125830.csv] - WARNING - Estado FSM: RETROCEDE | Target Wall: None | Target Theta: 107.23° |theta: -62.10862499218124 
2026-06-01 12:58:36.224 - [robot_6_log_20260601_125830.csv] - DEBUG - Incoming data. Topic 6/pos, mensaje {"x": 176.59, "y": 90.67, "yaw": -1.079, "timestamp": 1780311516.2240868}
2026-06-01 12:58:36.224 - [robot_6_log_20260601_125830.csv] - DEBUG - Posición actualizada por visión: x=176.59, y=90.67, θ=-1.08
2026-06-01 12:58:36.225 - [robot_6_log_20260601_125830.csv] - DEBUG - Frecuencia: 15.34 Hz | Latencia Red/Proc: 0.91 ms
2026-06-01 12:58:36.225 - [robot_6_log_20260601_125830.csv] - DEBUG - Incoming data. Topic 6/pos, mensaje {"x": 176.59, "y": 90.67, "yaw": -1.079, "timestamp": 1780311516.2240868}
2026-06-01 12:58:36.225 - [robot_6_log_20260601_125830.csv] - DEBUG - Posición actualizada por visión: x=176.59, y=90.67, θ=-1.08
2026-06-01 12:58:36.225 - [robot_6_log_20260601_125830.csv] - DEBUG - Frecuencia: 10727.12 Hz | Latencia Red/Proc: 1.00 ms
2026-06-01 12:58:36.237 - [robot_6_log_20260601_125830.csv] - DEBUG - Incoming data. Topic 6/pos, mensaje {"x": 176.59, "y": 90.67, "yaw": -1.079, "timestamp": 1780311516.2332}
2026-06-01 12:58:36.242 - [robot_6_log_20260601_125830.csv] - DEBUG - Posición actualizada por visión: x=176.59, y=90.67, θ=-1.08
2026-06-01 12:58:36.244 - [robot_6_log_20260601_125830.csv] - INFO - Usando posición VISION: x=176.59, y=90.67, θ=-1.08
2026-06-01 12:58:36.244 - [robot_6_log_20260601_125830.csv] - DEBUG - Frecuencia: 52.30 Hz | Latencia Red/Proc: 11.01 ms
2026-06-01 12:58:36.244 - [robot_6_log_20260601_125830.csv] - INFO - Distancias a paredes: Left: 176.59, Right: 273.41, Top: 49.33, Bottom: 90.67
2026-06-01 12:58:36.244 - [robot_6_log_20260601_125830.csv] - INFO - Posicion: 176.59, 90.67, -1.079 | Velocidad: 0.8814860376204617, 0.4722100861694696
2026-06-01 12:58:36.244 - [robot_6_log_20260601_125830.csv] - INFO - None
2026-06-01 12:58:36.244 - [robot_6_log_20260601_125830.csv] - DEBUG - Incoming data. Topic 6/pos, mensaje {"x": 176.59, "y": 90.67, "yaw": -1.079, "timestamp": 1780311516.2332}
2026-06-01 12:58:36.244 - [robot_6_log_20260601_125830.csv] - WARNING - Estado FSM: RETROCEDE | Target Wall: None | Target Theta: 107.23° |theta: -61.822146094615825 
2026-06-01 12:58:36.244 - [robot_6_log_20260601_125830.csv] - DEBUG - Posición actualizada por visión: x=176.59, y=90.67, θ=-1.08
2026-06-01 12:58:36.249 - [robot_6_log_20260601_125830.csv] - DEBUG - Frecuencia: 187.00 Hz | Latencia Red/Proc: 16.35 ms
2026-06-01 12:58:36.294 - [robot_6_log_20260601_125830.csv] - INFO - Usando posición VISION: x=176.59, y=90.67, θ=-1.08
2026-06-01 12:58:36.294 - [robot_6_log_20260601_125830.csv] - INFO - Distancias a paredes: Left: 176.59, Right: 273.41, Top: 49.33, Bottom: 90.67
2026-06-01 12:58:36.294 - [robot_6_log_20260601_125830.csv] - INFO - Posicion: 176.59, 90.67, -1.079 | Velocidad: 0.8814860376204617, 0.4722100861694696
2026-06-01 12:58:36.294 - [robot_6_log_20260601_125830.csv] - INFO - None
2026-06-01 12:58:36.294 - [robot_6_log_20260601_125830.csv] - WARNING - Estado FSM: RETROCEDE | Target Wall: None | Target Theta: 107.23° |theta: -61.822146094615825 
2026-06-01 12:58:36.299 - [robot_6_log_20260601_125830.csv] - DEBUG - Incoming data. Topic agent/6/wheel, mensaje {"Wleft":20,"Wright":20}
2026-06-01 12:58:36.329 - [robot_6_log_20260601_125830.csv] - DEBUG - Incoming data. Topic 6/pos, mensaje {"x": 176.6, "y": 90.67, "yaw": -1.082, "timestamp": 1780311516.3242018}
2026-06-01 12:58:36.334 - [robot_6_log_20260601_125830.csv] - DEBUG - Posición actualizada por visión: x=176.60, y=90.67, θ=-1.08
2026-06-01 12:58:36.339 - [robot_6_log_20260601_125830.csv] - DEBUG - Frecuencia: 11.10 Hz | Latencia Red/Proc: 15.41 ms
2026-06-01 12:58:36.344 - [robot_6_log_20260601_125830.csv] - INFO - Usando posición VISION: x=176.60, y=90.67, θ=-1.08
2026-06-01 12:58:36.344 - [robot_6_log_20260601_125830.csv] - INFO - Distancias a paredes: Left: 176.60, Right: 273.40, Top: 49.33, Bottom: 90.67
2026-06-01 12:58:36.344 - [robot_6_log_20260601_125830.csv] - INFO - Posicion: 176.6, 90.67, -1.082 | Velocidad: 0.8828986990698315, 0.46956350707949945
2026-06-01 12:58:36.344 - [robot_6_log_20260601_125830.csv] - INFO - None
2026-06-01 12:58:36.344 - [robot_6_log_20260601_125830.csv] - DEBUG - Incoming data. Topic 6/pos, mensaje {"x": 176.6, "y": 90.67, "yaw": -1.082, "timestamp": 1780311516.3242018}
2026-06-01 12:58:36.344 - [robot_6_log_20260601_125830.csv] - WARNING - Estado FSM: RETROCEDE | Target Wall: None | Target Theta: 107.23° |theta: -61.994033433155074 
2026-06-01 12:58:36.344 - [robot_6_log_20260601_125830.csv] - DEBUG - Posición actualizada por visión: x=176.60, y=90.67, θ=-1.08
2026-06-01 12:58:36.354 - [robot_6_log_20260601_125830.csv] - DEBUG - Frecuencia: 66.86 Hz | Latencia Red/Proc: 30.37 ms
2026-06-01 12:58:36.354 - [robot_6_log_20260601_125830.csv] - DEBUG - Incoming data. Topic 6/pos, mensaje {"x": 176.6, "y": 90.67, "yaw": -1.082, "timestamp": 1780311516.332926}
2026-06-01 12:58:36.359 - [robot_6_log_20260601_125830.csv] - DEBUG - Posición actualizada por visión: x=176.60, y=90.67, θ=-1.08
2026-06-01 12:58:36.364 - [robot_6_log_20260601_125830.csv] - DEBUG - Frecuencia: 97.80 Hz | Latencia Red/Proc: 31.87 ms
2026-06-01 12:58:36.374 - [robot_6_log_20260601_125830.csv] - DEBUG - Incoming data. Topic 6/pos, mensaje {"x": 176.6, "y": 90.67, "yaw": -1.082, "timestamp": 1780311516.332926}
2026-06-01 12:58:36.380 - [robot_6_log_20260601_125830.csv] - DEBUG - Posición actualizada por visión: x=176.60, y=90.67, θ=-1.08
2026-06-01 12:58:36.385 - [robot_6_log_20260601_125830.csv] - DEBUG - Frecuencia: 48.95 Hz | Latencia Red/Proc: 52.30 ms
2026-06-01 12:58:36.390 - [robot_6_log_20260601_125830.csv] - DEBUG - Incoming data. Topic agent/6/wheel, mensaje {"Wleft":20,"Wright":20}
2026-06-01 12:58:36.394 - [robot_6_log_20260601_125830.csv] - INFO - Usando posición VISION: x=176.60, y=90.67, θ=-1.08
2026-06-01 12:58:36.394 - [robot_6_log_20260601_125830.csv] - INFO - Distancias a paredes: Left: 176.60, Right: 273.40, Top: 49.33, Bottom: 90.67
2026-06-01 12:58:36.394 - [robot_6_log_20260601_125830.csv] - INFO - Posicion: 176.6, 90.67, -1.082 | Velocidad: 0.8828986990698315, 0.46956350707949945
2026-06-01 12:58:36.394 - [robot_6_log_20260601_125830.csv] - INFO - None
2026-06-01 12:58:36.394 - [robot_6_log_20260601_125830.csv] - WARNING - Estado FSM: RETROCEDE | Target Wall: None | Target Theta: 107.23° |theta: -61.994033433155074 
2026-06-01 12:58:36.430 - [robot_6_log_20260601_125830.csv] - DEBUG - Incoming data. Topic 6/pos, mensaje {"x": 176.29, "y": 90.51, "yaw": -1.083, "timestamp": 1780311516.4227474}
2026-06-01 12:58:36.435 - [robot_6_log_20260601_125830.csv] - DEBUG - Posición actualizada por visión: x=176.29, y=90.51, θ=-1.08
2026-06-01 12:58:36.441 - [robot_6_log_20260601_125830.csv] - DEBUG - Frecuencia: 17.69 Hz | Latencia Red/Proc: 18.99 ms
2026-06-01 12:58:36.441 - [robot_6_log_20260601_125830.csv] - DEBUG - Incoming data. Topic 6/pos, mensaje {"x": 176.29, "y": 90.51, "yaw": -1.083, "timestamp": 1780311516.4227474}
2026-06-01 12:58:36.441 - [robot_6_log_20260601_125830.csv] - DEBUG - Posición actualizada por visión: x=176.29, y=90.51, θ=-1.08
2026-06-01 12:58:36.441 - [robot_6_log_20260601_125830.csv] - DEBUG - Frecuencia: 9597.95 Hz | Latencia Red/Proc: 19.09 ms
2026-06-01 12:58:36.441 - [robot_6_log_20260601_125830.csv] - DEBUG - Incoming data. Topic 6/pos, mensaje {"x": 176.29, "y": 90.51, "yaw": -1.083, "timestamp": 1780311516.431968}
2026-06-01 12:58:36.441 - [robot_6_log_20260601_125830.csv] - DEBUG - Posición actualizada por visión: x=176.29, y=90.51, θ=-1.08
2026-06-01 12:58:36.441 - [robot_6_log_20260601_125830.csv] - DEBUG - Frecuencia: 11650.84 Hz | Latencia Red/Proc: 9.96 ms
2026-06-01 12:58:36.441 - [robot_6_log_20260601_125830.csv] - DEBUG - Incoming data. Topic 6/pos, mensaje {"x": 176.29, "y": 90.51, "yaw": -1.083, "timestamp": 1780311516.431968}
2026-06-01 12:58:36.441 - [robot_6_log_20260601_125830.csv] - DEBUG - Posición actualizada por visión: x=176.29, y=90.51, θ=-1.08
2026-06-01 12:58:36.442 - [robot_6_log_20260601_125830.csv] - DEBUG - Frecuencia: 14513.16 Hz | Latencia Red/Proc: 10.03 ms
2026-06-01 12:58:36.444 - [robot_6_log_20260601_125830.csv] - INFO - Usando posición VISION: x=176.29, y=90.51, θ=-1.08
2026-06-01 12:58:36.444 - [robot_6_log_20260601_125830.csv] - INFO - Distancias a paredes: Left: 176.29, Right: 273.71, Top: 49.49, Bottom: 90.51
2026-06-01 12:58:36.444 - [robot_6_log_20260601_125830.csv] - INFO - Posicion: 176.29, 90.51, -1.083 | Velocidad: 0.8833678210493376, 0.46868037374584554
2026-06-01 12:58:36.444 - [robot_6_log_20260601_125830.csv] - INFO - None
2026-06-01 12:58:36.444 - [robot_6_log_20260601_125830.csv] - WARNING - Estado FSM: RETROCEDE | Target Wall: None | Target Theta: 107.23° |theta: -62.05132921266815 
2026-06-01 12:58:36.494 - [robot_6_log_20260601_125830.csv] - INFO - Usando posición VISION: x=176.29, y=90.51, θ=-1.08
2026-06-01 12:58:36.494 - [robot_6_log_20260601_125830.csv] - INFO - Distancias a paredes: Left: 176.29, Right: 273.71, Top: 49.49, Bottom: 90.51
2026-06-01 12:58:36.494 - [robot_6_log_20260601_125830.csv] - INFO - Posicion: 176.29, 90.51, -1.083 | Velocidad: 0.8833678210493376, 0.46868037374584554
2026-06-01 12:58:36.494 - [robot_6_log_20260601_125830.csv] - INFO - None
2026-06-01 12:58:36.494 - [robot_6_log_20260601_125830.csv] - WARNING - Estado FSM: RETROCEDE | Target Wall: None | Target Theta: 107.23° |theta: -62.05132921266815 
2026-06-01 12:58:36.505 - [robot_6_log_20260601_125830.csv] - DEBUG - Incoming data. Topic agent/6/wheel, mensaje {"Wleft":20,"Wright":20}
2026-06-01 12:58:36.522 - [robot_6_log_20260601_125830.csv] - DEBUG - Incoming data. Topic 6/pos, mensaje {"x": 175.79, "y": 90.21, "yaw": -1.091, "timestamp": 1780311516.5193708}
2026-06-01 12:58:36.527 - [robot_6_log_20260601_125830.csv] - DEBUG - Posición actualizada por visión: x=175.79, y=90.21, θ=-1.09
2026-06-01 12:58:36.538 - [robot_6_log_20260601_125830.csv] - DEBUG - Frecuencia: 10.31 Hz | Latencia Red/Proc: 19.59 ms
2026-06-01 12:58:36.544 - [robot_6_log_20260601_125830.csv] - INFO - Usando posición VISION: x=175.79, y=90.21, θ=-1.09
2026-06-01 12:58:36.544 - [robot_6_log_20260601_125830.csv] - DEBUG - Incoming data. Topic 6/pos, mensaje {"x": 175.79, "y": 90.21, "yaw": -1.091, "timestamp": 1780311516.5193708}
2026-06-01 12:58:36.544 - [robot_6_log_20260601_125830.csv] - INFO - Distancias a paredes: Left: 175.79, Right: 274.21, Top: 49.79, Bottom: 90.21
2026-06-01 12:58:36.544 - [robot_6_log_20260601_125830.csv] - DEBUG - Posición actualizada por visión: x=175.79, y=90.21, θ=-1.09
2026-06-01 12:58:36.544 - [robot_6_log_20260601_125830.csv] - INFO - Posicion: 175.79, 90.21, -1.091 | Velocidad: 0.8870889564258614, 0.4615985088659584
2026-06-01 12:58:36.544 - [robot_6_log_20260601_125830.csv] - DEBUG - Frecuencia: 187.02 Hz | Latencia Red/Proc: 24.94 ms
2026-06-01 12:58:36.544 - [robot_6_log_20260601_125830.csv] - INFO - None
2026-06-01 12:58:36.544 - [robot_6_log_20260601_125830.csv] - DEBUG - Incoming data. Topic 6/pos, mensaje {"x": 175.79, "y": 90.21, "yaw": -1.091, "timestamp": 1780311516.5282347}
2026-06-01 12:58:36.544 - [robot_6_log_20260601_125830.csv] - WARNING - Estado FSM: RETROCEDE | Target Wall: None | Target Theta: 107.23° |theta: -62.50969544877281 
2026-06-01 12:58:36.544 - [robot_6_log_20260601_125830.csv] - DEBUG - Posición actualizada por visión: x=175.79, y=90.21, θ=-1.09
2026-06-01 12:58:36.554 - [robot_6_log_20260601_125830.csv] - DEBUG - Frecuencia: 96.52 Hz | Latencia Red/Proc: 26.44 ms
2026-06-01 12:58:36.565 - [robot_6_log_20260601_125830.csv] - DEBUG - Incoming data. Topic 6/pos, mensaje {"x": 175.79, "y": 90.21, "yaw": -1.091, "timestamp": 1780311516.5282347}
2026-06-01 12:58:36.571 - [robot_6_log_20260601_125830.csv] - DEBUG - Posición actualizada por visión: x=175.79, y=90.21, θ=-1.09
2026-06-01 12:58:36.576 - [robot_6_log_20260601_125830.csv] - DEBUG - Frecuencia: 46.52 Hz | Latencia Red/Proc: 47.93 ms
2026-06-01 12:58:36.586 - [robot_6_log_20260601_125830.csv] - DEBUG - Incoming data. Topic agent/6/wheel, mensaje {"Wleft":10.02264831,"Wright":12}
2026-06-01 12:58:36.594 - [robot_6_log_20260601_125830.csv] - INFO - Usando posición VISION: x=175.79, y=90.21, θ=-1.09
2026-06-01 12:58:36.594 - [robot_6_log_20260601_125830.csv] - INFO - Distancias a paredes: Left: 175.79, Right: 274.21, Top: 49.79, Bottom: 90.21
2026-06-01 12:58:36.594 - [robot_6_log_20260601_125830.csv] - INFO - Posicion: 175.79, 90.21, -1.091 | Velocidad: 0.8870889564258614, 0.4615985088659584
2026-06-01 12:58:36.594 - [robot_6_log_20260601_125830.csv] - INFO - None
2026-06-01 12:58:36.594 - [robot_6_log_20260601_125830.csv] - WARNING - Estado FSM: RETROCEDE | Target Wall: None | Target Theta: 107.23° |theta: -62.50969544877281 
2026-06-01 12:58:36.630 - [robot_6_log_20260601_125830.csv] - DEBUG - Incoming data. Topic 6/pos, mensaje {"x": 175.57, "y": 90.06, "yaw": -1.094, "timestamp": 1780311516.6194086}
2026-06-01 12:58:36.635 - [robot_6_log_20260601_125830.csv] - DEBUG - Posición actualizada por visión: x=175.57, y=90.06, θ=-1.09
2026-06-01 12:58:36.635 - [robot_6_log_20260601_125830.csv] - DEBUG - Frecuencia: 16.94 Hz | Latencia Red/Proc: 15.78 ms
2026-06-01 12:58:36.644 - [robot_6_log_20260601_125830.csv] - INFO - Usando posición VISION: x=175.57, y=90.06, θ=-1.09
2026-06-01 12:58:36.644 - [robot_6_log_20260601_125830.csv] - INFO - Distancias a paredes: Left: 175.57, Right: 274.43, Top: 49.94, Bottom: 90.06
2026-06-01 12:58:36.644 - [robot_6_log_20260601_125830.csv] - INFO - Posicion: 175.57, 90.06, -1.094 | Velocidad: 0.8884697579779569, 0.4589351687968472
2026-06-01 12:58:36.644 - [robot_6_log_20260601_125830.csv] - DEBUG - Incoming data. Topic 6/pos, mensaje {"x": 175.57, "y": 90.06, "yaw": -1.094, "timestamp": 1780311516.6194086}
2026-06-01 12:58:36.644 - [robot_6_log_20260601_125830.csv] - INFO - None
2026-06-01 12:58:36.644 - [robot_6_log_20260601_125830.csv] - DEBUG - Posición actualizada por visión: x=175.57, y=90.06, θ=-1.09
2026-06-01 12:58:36.644 - [robot_6_log_20260601_125830.csv] - WARNING - Estado FSM: RETROCEDE | Target Wall: None | Target Theta: 107.23° |theta: -62.68158278731207 
2026-06-01 12:58:36.644 - [robot_6_log_20260601_125830.csv] - DEBUG - Frecuencia: 108.76 Hz | Latencia Red/Proc: 24.97 ms
2026-06-01 12:58:36.654 - [robot_6_log_20260601_125830.csv] - DEBUG - Incoming data. Topic 6/pos, mensaje {"x": 175.57, "y": 90.06, "yaw": -1.094, "timestamp": 1780311516.6281183}
2026-06-01 12:58:36.654 - [robot_6_log_20260601_125830.csv] - DEBUG - Posición actualizada por visión: x=175.57, y=90.06, θ=-1.09
2026-06-01 12:58:36.659 - [robot_6_log_20260601_125830.csv] - DEBUG - Frecuencia: 65.23 Hz | Latencia Red/Proc: 31.59 ms
2026-06-01 12:58:36.659 - [robot_6_log_20260601_125830.csv] - DEBUG - Incoming data. Topic 6/pos, mensaje {"x": 175.57, "y": 90.06, "yaw": -1.094, "timestamp": 1780311516.6281183}
2026-06-01 12:58:36.664 - [robot_6_log_20260601_125830.csv] - DEBUG - Posición actualizada por visión: x=175.57, y=90.06, θ=-1.09
2026-06-01 12:58:36.664 - [robot_6_log_20260601_125830.csv] - DEBUG - Frecuencia: 192.02 Hz | Latencia Red/Proc: 36.80 ms
2026-06-01 12:58:36.687 - [robot_6_log_20260601_125830.csv] - DEBUG - Incoming data. Topic agent/6/wheel, mensaje {"Wleft":16,"Wright":20}
2026-06-01 12:58:36.694 - [robot_6_log_20260601_125830.csv] - INFO - Usando posición VISION: x=175.57, y=90.06, θ=-1.09
2026-06-01 12:58:36.694 - [robot_6_log_20260601_125830.csv] - INFO - Distancias a paredes: Left: 175.57, Right: 274.43, Top: 49.94, Bottom: 90.06
2026-06-01 12:58:36.694 - [robot_6_log_20260601_125830.csv] - INFO - Posicion: 175.57, 90.06, -1.094 | Velocidad: 0.8884697579779569, 0.4589351687968472
2026-06-01 12:58:36.694 - [robot_6_log_20260601_125830.csv] - INFO - None
2026-06-01 12:58:36.694 - [robot_6_log_20260601_125830.csv] - WARNING - Estado FSM: RETROCEDE | Target Wall: None | Target Theta: 107.23° |theta: -62.68158278731207 
2026-06-01 12:58:36.730 - [robot_6_log_20260601_125830.csv] - DEBUG - Incoming data. Topic 6/pos, mensaje {"x": 175.53, "y": 90.02, "yaw": -1.087, "timestamp": 1780311516.7198696}
2026-06-01 12:58:36.735 - [robot_6_log_20260601_125830.csv] - DEBUG - Posición actualizada por visión: x=175.53, y=90.02, θ=-1.09
2026-06-01 12:58:36.740 - [robot_6_log_20260601_125830.csv] - DEBUG - Frecuencia: 13.20 Hz | Latencia Red/Proc: 20.81 ms
2026-06-01 12:58:36.744 - [robot_6_log_20260601_125830.csv] - INFO - Usando posición VISION: x=175.53, y=90.02, θ=-1.09
2026-06-01 12:58:36.744 - [robot_6_log_20260601_125830.csv] - DEBUG - Incoming data. Topic 6/pos, mensaje {"x": 175.53, "y": 90.02, "yaw": -1.087, "timestamp": 1780311516.7198696}
2026-06-01 12:58:36.744 - [robot_6_log_20260601_125830.csv] - INFO - Distancias a paredes: Left: 175.53, Right: 274.47, Top: 49.98, Bottom: 90.02
2026-06-01 12:58:36.744 - [robot_6_log_20260601_125830.csv] - DEBUG - Posición actualizada por visión: x=175.53, y=90.02, θ=-1.09
2026-06-01 12:58:36.744 - [robot_6_log_20260601_125830.csv] - INFO - Posicion: 175.53, 90.02, -1.087 | Velocidad: 0.8852354706119219, 0.46514316244624
2026-06-01 12:58:36.744 - [robot_6_log_20260601_125830.csv] - DEBUG - Frecuencia: 274.51 Hz | Latencia Red/Proc: 24.45 ms
2026-06-01 12:58:36.744 - [robot_6_log_20260601_125830.csv] - INFO - None
2026-06-01 12:58:36.744 - [robot_6_log_20260601_125830.csv] - DEBUG - Incoming data. Topic 6/pos, mensaje {"x": 175.53, "y": 90.02, "yaw": -1.087, "timestamp": 1780311516.7288206}
2026-06-01 12:58:36.744 - [robot_6_log_20260601_125830.csv] - WARNING - Estado FSM: RETROCEDE | Target Wall: None | Target Theta: 107.23° |theta: -62.280512330720484 
2026-06-01 12:58:36.744 - [robot_6_log_20260601_125830.csv] - DEBUG - Posición actualizada por visión: x=175.53, y=90.02, θ=-1.09
2026-06-01 12:58:36.749 - [robot_6_log_20260601_125830.csv] - DEBUG - Frecuencia: 188.14 Hz | Latencia Red/Proc: 20.81 ms
2026-06-01 12:58:36.759 - [robot_6_log_20260601_125830.csv] - DEBUG - Incoming data. Topic 6/pos, mensaje {"x": 175.53, "y": 90.02, "yaw": -1.087, "timestamp": 1780311516.7288206}
2026-06-01 12:58:36.759 - [robot_6_log_20260601_125830.csv] - DEBUG - Posición actualizada por visión: x=175.53, y=90.02, θ=-1.09
2026-06-01 12:58:36.764 - [robot_6_log_20260601_125830.csv] - DEBUG - Frecuencia: 65.30 Hz | Latencia Red/Proc: 36.13 ms
2026-06-01 12:58:36.775 - [robot_6_log_20260601_125830.csv] - DEBUG - Incoming data. Topic agent/6/wheel, mensaje {"Wleft":14,"Wright":10.02259586}
2026-06-01 12:58:36.794 - [robot_6_log_20260601_125830.csv] - INFO - Usando posición VISION: x=175.53, y=90.02, θ=-1.09
2026-06-01 12:58:36.794 - [robot_6_log_20260601_125830.csv] - INFO - Distancias a paredes: Left: 175.53, Right: 274.47, Top: 49.98, Bottom: 90.02
2026-06-01 12:58:36.794 - [robot_6_log_20260601_125830.csv] - INFO - Posicion: 175.53, 90.02, -1.087 | Velocidad: 0.8852354706119219, 0.46514316244624
2026-06-01 12:58:36.794 - [robot_6_log_20260601_125830.csv] - INFO - None
2026-06-01 12:58:36.794 - [robot_6_log_20260601_125830.csv] - WARNING - Estado FSM: RETROCEDE | Target Wall: None | Target Theta: 107.23° |theta: -62.280512330720484 
2026-06-01 12:58:36.830 - [robot_6_log_20260601_125830.csv] - DEBUG - Incoming data. Topic 6/pos, mensaje {"x": 175.34, "y": 89.95, "yaw": -1.09, "timestamp": 1780311516.81938}
2026-06-01 12:58:36.835 - [robot_6_log_20260601_125830.csv] - DEBUG - Posición actualizada por visión: x=175.34, y=89.95, θ=-1.09
2026-06-01 12:58:36.835 - [robot_6_log_20260601_125830.csv] - DEBUG - Frecuencia: 14.17 Hz | Latencia Red/Proc: 16.12 ms
2026-06-01 12:58:36.844 - [robot_6_log_20260601_125830.csv] - INFO - Usando posición VISION: x=175.34, y=89.95, θ=-1.09
2026-06-01 12:58:36.844 - [robot_6_log_20260601_125830.csv] - DEBUG - Incoming data. Topic 6/pos, mensaje {"x": 175.34, "y": 89.95, "yaw": -1.09, "timestamp": 1780311516.81938}
2026-06-01 12:58:36.844 - [robot_6_log_20260601_125830.csv] - INFO - Distancias a paredes: Left: 175.34, Right: 274.66, Top: 50.05, Bottom: 89.95
2026-06-01 12:58:36.844 - [robot_6_log_20260601_125830.csv] - DEBUG - Posición actualizada por visión: x=175.34, y=89.95, θ=-1.09
2026-06-01 12:58:36.844 - [robot_6_log_20260601_125830.csv] - INFO - Posicion: 175.34, 89.95, -1.09 | Velocidad: 0.8866269144494873, 0.4624853668753008
2026-06-01 12:58:36.844 - [robot_6_log_20260601_125830.csv] - DEBUG - Frecuencia: 113.71 Hz | Latencia Red/Proc: 24.92 ms
2026-06-01 12:58:36.844 - [robot_6_log_20260601_125830.csv] - INFO - None
2026-06-01 12:58:36.844 - [robot_6_log_20260601_125830.csv] - DEBUG - Incoming data. Topic 6/pos, mensaje {"x": 175.34, "y": 89.95, "yaw": -1.09, "timestamp": 1780311516.8289623}
2026-06-01 12:58:36.844 - [robot_6_log_20260601_125830.csv] - WARNING - Estado FSM: PARANDO_PARA_GIRAR | Target Wall: None | Target Theta: 107.23° |theta: -62.452399669259734 
2026-06-01 12:58:36.844 - [robot_6_log_20260601_125830.csv] - DEBUG - Posición actualizada por visión: x=175.34, y=89.95, θ=-1.09
2026-06-01 12:58:36.854 - [robot_6_log_20260601_125830.csv] - DEBUG - Frecuencia: 96.33 Hz | Latencia Red/Proc: 25.72 ms
2026-06-01 12:58:36.864 - [robot_6_log_20260601_125830.csv] - DEBUG - Incoming data. Topic 6/pos, mensaje {"x": 175.34, "y": 89.95, "yaw": -1.09, "timestamp": 1780311516.8289623}
2026-06-01 12:58:36.870 - [robot_6_log_20260601_125830.csv] - DEBUG - Posición actualizada por visión: x=175.34, y=89.95, θ=-1.09
2026-06-01 12:58:36.870 - [robot_6_log_20260601_125830.csv] - DEBUG - Despachado a ZMQ -> agent/6/move: {'v': 0.0, 'w': 0.0}
2026-06-01 12:58:36.880 - [robot_6_log_20260601_125830.csv] - DEBUG - Frecuencia: 39.25 Hz | Latencia Red/Proc: 51.20 ms
2026-06-01 12:58:36.894 - [robot_6_log_20260601_125830.csv] - INFO - Usando posición VISION: x=175.34, y=89.95, θ=-1.09
2026-06-01 12:58:36.894 - [robot_6_log_20260601_125830.csv] - DEBUG - Incoming data. Topic agent/6/wheel, mensaje {"Wleft":20,"Wright":18.02231276}
2026-06-01 12:58:36.894 - [robot_6_log_20260601_125830.csv] - INFO - Distancias a paredes: Left: 175.34, Right: 274.66, Top: 50.05, Bottom: 89.95
2026-06-01 12:58:36.894 - [robot_6_log_20260601_125830.csv] - INFO - Posicion: 175.34, 89.95, -1.09 | Velocidad: 0.8866269144494873, 0.4624853668753008
2026-06-01 12:58:36.894 - [robot_6_log_20260601_125830.csv] - INFO - None
2026-06-01 12:58:36.894 - [robot_6_log_20260601_125830.csv] - WARNING - Estado FSM: PARANDO_PARA_GIRAR | Target Wall: None | Target Theta: 107.23° |theta: -62.452399669259734 
2026-06-01 12:58:36.929 - [robot_6_log_20260601_125830.csv] - DEBUG - Incoming data. Topic 6/pos, mensaje {"x": 175.27, "y": 89.92, "yaw": -1.085, "timestamp": 1780311516.9193423}
2026-06-01 12:58:36.935 - [robot_6_log_20260601_125830.csv] - DEBUG - Posición actualizada por visión: x=175.27, y=89.92, θ=-1.08
2026-06-01 12:58:36.935 - [robot_6_log_20260601_125830.csv] - DEBUG - Frecuencia: 18.18 Hz | Latencia Red/Proc: 15.82 ms
2026-06-01 12:58:36.944 - [robot_6_log_20260601_125830.csv] - INFO - Usando posición VISION: x=175.27, y=89.92, θ=-1.08
2026-06-01 12:58:36.944 - [robot_6_log_20260601_125830.csv] - DEBUG - Incoming data. Topic 6/pos, mensaje {"x": 175.27, "y": 89.92, "yaw": -1.085, "timestamp": 1780311516.9193423}
2026-06-01 12:58:36.944 - [robot_6_log_20260601_125830.csv] - INFO - Distancias a paredes: Left: 175.27, Right: 274.73, Top: 50.08, Bottom: 89.92
2026-06-01 12:58:36.944 - [robot_6_log_20260601_125830.csv] - DEBUG - Posición actualizada por visión: x=175.27, y=89.92, θ=-1.08
2026-06-01 12:58:36.944 - [robot_6_log_20260601_125830.csv] - INFO - Posicion: 175.27, 89.92, -1.085 | Velocidad: 0.8843034144368691, 0.4669127019211353
2026-06-01 12:58:36.944 - [robot_6_log_20260601_125830.csv] - DEBUG - Frecuencia: 109.44 Hz | Latencia Red/Proc: 24.96 ms
2026-06-01 12:58:36.944 - [robot_6_log_20260601_125830.csv] - INFO - None
2026-06-01 12:58:36.944 - [robot_6_log_20260601_125830.csv] - DEBUG - Incoming data. Topic 6/pos, mensaje {"x": 175.27, "y": 89.92, "yaw": -1.085, "timestamp": 1780311516.9308178}
2026-06-01 12:58:36.944 - [robot_6_log_20260601_125830.csv] - WARNING - Estado FSM: PARANDO_PARA_GIRAR | Target Wall: None | Target Theta: 107.23° |theta: -62.16592077169432 
2026-06-01 12:58:36.944 - [robot_6_log_20260601_125830.csv] - DEBUG - Posición actualizada por visión: x=175.27, y=89.92, θ=-1.08
2026-06-01 12:58:36.949 - [robot_6_log_20260601_125830.csv] - DEBUG - Frecuencia: 188.67 Hz | Latencia Red/Proc: 18.78 ms
2026-06-01 12:58:36.959 - [robot_6_log_20260601_125830.csv] - DEBUG - Incoming data. Topic 6/pos, mensaje {"x": 175.27, "y": 89.92, "yaw": -1.085, "timestamp": 1780311516.9308178}
2026-06-01 12:58:36.965 - [robot_6_log_20260601_125830.csv] - DEBUG - Posición actualizada por visión: x=175.27, y=89.92, θ=-1.08
2026-06-01 12:58:36.971 - [robot_6_log_20260601_125830.csv] - DEBUG - Frecuencia: 46.66 Hz | Latencia Red/Proc: 40.21 ms
2026-06-01 12:58:36.994 - [robot_6_log_20260601_125830.csv] - INFO - Usando posición VISION: x=175.27, y=89.92, θ=-1.08
2026-06-01 12:58:36.994 - [robot_6_log_20260601_125830.csv] - INFO - Distancias a paredes: Left: 175.27, Right: 274.73, Top: 50.08, Bottom: 89.92
2026-06-01 12:58:36.994 - [robot_6_log_20260601_125830.csv] - INFO - Posicion: 175.27, 89.92, -1.085 | Velocidad: 0.8843034144368691, 0.4669127019211353
2026-06-01 12:58:36.994 - [robot_6_log_20260601_125830.csv] - INFO - None
2026-06-01 12:58:36.994 - [robot_6_log_20260601_125830.csv] - WARNING - Estado FSM: PARANDO_PARA_GIRAR | Target Wall: None | Target Theta: 107.23° |theta: -62.16592077169432 
2026-06-01 12:58:37.005 - [robot_6_log_20260601_125830.csv] - DEBUG - Incoming data. Topic agent/6/wheel, mensaje {"Wleft":2,"Wright":4.046848915}
2026-06-01 12:58:37.022 - [robot_6_log_20260601_125830.csv] - DEBUG - Incoming data. Topic 6/pos, mensaje {"x": 175.03, "y": 89.75, "yaw": -1.096, "timestamp": 1780311517.0218394}
2026-06-01 12:58:37.028 - [robot_6_log_20260601_125830.csv] - DEBUG - Posición actualizada por visión: x=175.03, y=89.75, θ=-1.10
2026-06-01 12:58:37.033 - [robot_6_log_20260601_125830.csv] - DEBUG - Frecuencia: 16.07 Hz | Latencia Red/Proc: 11.41 ms
2026-06-01 12:58:37.044 - [robot_6_log_20260601_125830.csv] - INFO - Usando posición VISION: x=175.03, y=89.75, θ=-1.10
2026-06-01 12:58:37.044 - [robot_6_log_20260601_125830.csv] - INFO - Distancias a paredes: Left: 175.03, Right: 274.97, Top: 50.25, Bottom: 89.75
2026-06-01 12:58:37.044 - [robot_6_log_20260601_125830.csv] - INFO - Posicion: 175.03, 89.75, -1.096 | Velocidad: 0.8893858507647135, 0.45715731259548575
2026-06-01 12:58:37.044 - [robot_6_log_20260601_125830.csv] - INFO - None
2026-06-01 12:58:37.044 - [robot_6_log_20260601_125830.csv] - DEBUG - Incoming data. Topic 6/pos, mensaje {"x": 175.03, "y": 89.75, "yaw": -1.096, "timestamp": 1780311517.0218394}
2026-06-01 12:58:37.044 - [robot_6_log_20260601_125830.csv] - WARNING - Estado FSM: PARANDO_PARA_GIRAR | Target Wall: None | Target Theta: 107.23° |theta: -62.79617434633823 
2026-06-01 12:58:37.044 - [robot_6_log_20260601_125830.csv] - DEBUG - Posición actualizada por visión: x=175.03, y=89.75, θ=-1.10
2026-06-01 12:58:37.049 - [robot_6_log_20260601_125830.csv] - DEBUG - Frecuencia: 61.73 Hz | Latencia Red/Proc: 27.61 ms
2026-06-01 12:58:37.054 - [robot_6_log_20260601_125830.csv] - DEBUG - Incoming data. Topic 6/pos, mensaje {"x": 175.03, "y": 89.75, "yaw": -1.096, "timestamp": 1780311517.0301}
2026-06-01 12:58:37.059 - [robot_6_log_20260601_125830.csv] - DEBUG - Posición actualizada por visión: x=175.03, y=89.75, θ=-1.10
2026-06-01 12:58:37.064 - [robot_6_log_20260601_125830.csv] - DEBUG - Frecuencia: 64.84 Hz | Latencia Red/Proc: 34.77 ms
2026-06-01 12:58:37.081 - [robot_6_log_20260601_125830.csv] - DEBUG - Incoming data. Topic 6/pos, mensaje {"x": 175.03, "y": 89.75, "yaw": -1.096, "timestamp": 1780311517.0301}
2026-06-01 12:58:37.081 - [robot_6_log_20260601_125830.csv] - DEBUG - Posición actualizada por visión: x=175.03, y=89.75, θ=-1.10
2026-06-01 12:58:37.081 - [robot_6_log_20260601_125830.csv] - DEBUG - Frecuencia: 61.23 Hz | Latencia Red/Proc: 51.10 ms
2026-06-01 12:58:37.081 - [robot_6_log_20260601_125830.csv] - DEBUG - Incoming data. Topic agent/6/wheel, mensaje {"Wleft":5.684341886e-15,"Wright":7.815970093e-15}
2026-06-01 12:58:37.094 - [robot_6_log_20260601_125830.csv] - INFO - Usando posición VISION: x=175.03, y=89.75, θ=-1.10
2026-06-01 12:58:37.094 - [robot_6_log_20260601_125830.csv] - INFO - Distancias a paredes: Left: 175.03, Right: 274.97, Top: 50.25, Bottom: 89.75
2026-06-01 12:58:37.094 - [robot_6_log_20260601_125830.csv] - INFO - Posicion: 175.03, 89.75, -1.096 | Velocidad: 0.8893858507647135, 0.45715731259548575
2026-06-01 12:58:37.094 - [robot_6_log_20260601_125830.csv] - INFO - None
2026-06-01 12:58:37.094 - [robot_6_log_20260601_125830.csv] - WARNING - Estado FSM: PARANDO_PARA_GIRAR | Target Wall: None | Target Theta: 107.23° |theta: -62.79617434633823 
2026-06-01 12:58:37.125 - [robot_6_log_20260601_125830.csv] - DEBUG - Incoming data. Topic 6/pos, mensaje {"x": 175.03, "y": 89.72, "yaw": -1.09, "timestamp": 1780311517.1203787}
2026-06-01 12:58:37.135 - [robot_6_log_20260601_125830.csv] - DEBUG - Posición actualizada por visión: x=175.03, y=89.72, θ=-1.09
2026-06-01 12:58:37.135 - [robot_6_log_20260601_125830.csv] - DEBUG - Frecuencia: 18.30 Hz | Latencia Red/Proc: 15.46 ms
2026-06-01 12:58:37.135 - [robot_6_log_20260601_125830.csv] - DEBUG - Incoming data. Topic 6/pos, mensaje {"x": 175.03, "y": 89.72, "yaw": -1.09, "timestamp": 1780311517.1203787}
2026-06-01 12:58:37.135 - [robot_6_log_20260601_125830.csv] - DEBUG - Posición actualizada por visión: x=175.03, y=89.72, θ=-1.09
2026-06-01 12:58:37.135 - [robot_6_log_20260601_125830.csv] - DEBUG - Frecuencia: 10979.85 Hz | Latencia Red/Proc: 15.55 ms
2026-06-01 12:58:37.135 - [robot_6_log_20260601_125830.csv] - DEBUG - Incoming data. Topic 6/pos, mensaje {"x": 175.03, "y": 89.72, "yaw": -1.09, "timestamp": 1780311517.1296234}
2026-06-01 12:58:37.135 - [robot_6_log_20260601_125830.csv] - DEBUG - Posición actualizada por visión: x=175.03, y=89.72, θ=-1.09
2026-06-01 12:58:37.136 - [robot_6_log_20260601_125830.csv] - DEBUG - Frecuencia: 13981.01 Hz | Latencia Red/Proc: 6.37 ms
2026-06-01 12:58:37.141 - [robot_6_log_20260601_125830.csv] - DEBUG - Incoming data. Topic 6/pos, mensaje {"x": 175.03, "y": 89.72, "yaw": -1.09, "timestamp": 1780311517.1296234}
2026-06-01 12:58:37.141 - [robot_6_log_20260601_125830.csv] - DEBUG - Posición actualizada por visión: x=175.03, y=89.72, θ=-1.09
2026-06-01 12:58:37.141 - [robot_6_log_20260601_125830.csv] - DEBUG - Frecuencia: 191.95 Hz | Latencia Red/Proc: 11.58 ms
2026-06-01 12:58:37.144 - [robot_6_log_20260601_125830.csv] - INFO - Usando posición VISION: x=175.03, y=89.72, θ=-1.09
2026-06-01 12:58:37.144 - [robot_6_log_20260601_125830.csv] - INFO - Distancias a paredes: Left: 175.03, Right: 274.97, Top: 50.28, Bottom: 89.72
2026-06-01 12:58:37.144 - [robot_6_log_20260601_125830.csv] - INFO - Posicion: 175.03, 89.72, -1.09 | Velocidad: 0.8866269144494873, 0.4624853668753008
2026-06-01 12:58:37.144 - [robot_6_log_20260601_125830.csv] - INFO - None
2026-06-01 12:58:37.144 - [robot_6_log_20260601_125830.csv] - WARNING - Estado FSM: PARANDO_PARA_GIRAR | Target Wall: None | Target Theta: 107.23° |theta: -62.452399669259734 
2026-06-01 12:58:37.194 - [robot_6_log_20260601_125830.csv] - INFO - Usando posición VISION: x=175.03, y=89.72, θ=-1.09
2026-06-01 12:58:37.194 - [robot_6_log_20260601_125830.csv] - INFO - Distancias a paredes: Left: 175.03, Right: 274.97, Top: 50.28, Bottom: 89.72
2026-06-01 12:58:37.194 - [robot_6_log_20260601_125830.csv] - INFO - Posicion: 175.03, 89.72, -1.09 | Velocidad: 0.8866269144494873, 0.4624853668753008
2026-06-01 12:58:37.194 - [robot_6_log_20260601_125830.csv] - INFO - None
2026-06-01 12:58:37.194 - [robot_6_log_20260601_125830.csv] - WARNING - Estado FSM: PARANDO_PARA_GIRAR | Target Wall: None | Target Theta: 107.23° |theta: -62.452399669259734 
2026-06-01 12:58:37.204 - [robot_6_log_20260601_125830.csv] - DEBUG - Incoming data. Topic agent/6/wheel, mensaje {"Wleft":5.684341886e-15,"Wright":7.815970093e-15}
2026-06-01 12:58:37.223 - [robot_6_log_20260601_125830.csv] - DEBUG - Incoming data. Topic 6/pos, mensaje {"x": 175.02, "y": 89.74, "yaw": -1.092, "timestamp": 1780311517.2210934}
2026-06-01 12:58:37.228 - [robot_6_log_20260601_125830.csv] - DEBUG - Posición actualizada por visión: x=175.02, y=89.74, θ=-1.09
2026-06-01 12:58:37.234 - [robot_6_log_20260601_125830.csv] - DEBUG - Frecuencia: 10.70 Hz | Latencia Red/Proc: 13.60 ms
2026-06-01 12:58:37.240 - [robot_6_log_20260601_125830.csv] - DEBUG - Incoming data. Topic 6/pos, mensaje {"x": 175.02, "y": 89.74, "yaw": -1.092, "timestamp": 1780311517.2210934}
2026-06-01 12:58:37.244 - [robot_6_log_20260601_125830.csv] - INFO - Usando posición VISION: x=175.02, y=89.74, θ=-1.09
2026-06-01 12:58:37.244 - [robot_6_log_20260601_125830.csv] - DEBUG - Posición actualizada por visión: x=175.02, y=89.74, θ=-1.09
2026-06-01 12:58:37.244 - [robot_6_log_20260601_125830.csv] - INFO - Distancias a paredes: Left: 175.02, Right: 274.98, Top: 50.26, Bottom: 89.74
2026-06-01 12:58:37.244 - [robot_6_log_20260601_125830.csv] - DEBUG - Frecuencia: 104.42 Hz | Latencia Red/Proc: 23.18 ms
2026-06-01 12:58:37.244 - [robot_6_log_20260601_125830.csv] - INFO - Posicion: 175.02, 89.74, -1.092 | Velocidad: 0.887550111313353, 0.46071118925814536
2026-06-01 12:58:37.244 - [robot_6_log_20260601_125830.csv] - DEBUG - Incoming data. Topic 6/pos, mensaje {"x": 175.02, "y": 89.74, "yaw": -1.092, "timestamp": 1780311517.2308488}
2026-06-01 12:58:37.244 - [robot_6_log_20260601_125830.csv] - INFO - None
2026-06-01 12:58:37.244 - [robot_6_log_20260601_125830.csv] - DEBUG - Posición actualizada por visión: x=175.02, y=89.74, θ=-1.09
2026-06-01 12:58:37.244 - [robot_6_log_20260601_125830.csv] - WARNING - Estado FSM: PARANDO_PARA_GIRAR | Target Wall: None | Target Theta: 107.23° |theta: -62.5669912282859 
2026-06-01 12:58:37.244 - [robot_6_log_20260601_125830.csv] - DEBUG - Frecuencia: 4593.98 Hz | Latencia Red/Proc: 13.64 ms
2026-06-01 12:58:37.249 - [robot_6_log_20260601_125830.csv] - DEBUG - Incoming data. Topic 6/pos, mensaje {"x": 175.02, "y": 89.74, "yaw": -1.092, "timestamp": 1780311517.2308488}
2026-06-01 12:58:37.254 - [robot_6_log_20260601_125830.csv] - DEBUG - Posición actualizada por visión: x=175.02, y=89.74, θ=-1.09
2026-06-01 12:58:37.254 - [robot_6_log_20260601_125830.csv] - DEBUG - Frecuencia: 97.75 Hz | Latencia Red/Proc: 23.87 ms
2026-06-01 12:58:37.278 - [robot_6_log_20260601_125830.csv] - DEBUG - Incoming data. Topic agent/6/wheel, mensaje {"Wleft":5.684341886e-15,"Wright":7.815970093e-15}
2026-06-01 12:58:37.294 - [robot_6_log_20260601_125830.csv] - INFO - Usando posición VISION: x=175.02, y=89.74, θ=-1.09
2026-06-01 12:58:37.294 - [robot_6_log_20260601_125830.csv] - INFO - Distancias a paredes: Left: 175.02, Right: 274.98, Top: 50.26, Bottom: 89.74
2026-06-01 12:58:37.294 - [robot_6_log_20260601_125830.csv] - INFO - Posicion: 175.02, 89.74, -1.092 | Velocidad: 0.887550111313353, 0.46071118925814536
2026-06-01 12:58:37.294 - [robot_6_log_20260601_125830.csv] - INFO - None
2026-06-01 12:58:37.294 - [robot_6_log_20260601_125830.csv] - WARNING - Estado FSM: PARANDO_PARA_GIRAR | Target Wall: None | Target Theta: 107.23° |theta: -62.5669912282859 
2026-06-01 12:58:37.325 - [robot_6_log_20260601_125830.csv] - DEBUG - Incoming data. Topic 6/pos, mensaje {"x": 175.03, "y": 89.73, "yaw": -1.093, "timestamp": 1780311517.3221898}
2026-06-01 12:58:37.325 - [robot_6_log_20260601_125830.csv] - DEBUG - Posición actualizada por visión: x=175.03, y=89.73, θ=-1.09
2026-06-01 12:58:37.325 - [robot_6_log_20260601_125830.csv] - DEBUG - Frecuencia: 14.18 Hz | Latencia Red/Proc: 3.03 ms
2026-06-01 12:58:37.325 - [robot_6_log_20260601_125830.csv] - DEBUG - Incoming data. Topic 6/pos, mensaje {"x": 175.03, "y": 89.73, "yaw": -1.093, "timestamp": 1780311517.3221898}
2026-06-01 12:58:37.325 - [robot_6_log_20260601_125830.csv] - DEBUG - Posición actualizada por visión: x=175.03, y=89.73, θ=-1.09
2026-06-01 12:58:37.325 - [robot_6_log_20260601_125830.csv] - DEBUG - Frecuencia: 12446.01 Hz | Latencia Red/Proc: 3.11 ms
2026-06-01 12:58:37.331 - [robot_6_log_20260601_125830.csv] - DEBUG - Incoming data. Topic 6/pos, mensaje {"x": 175.03, "y": 89.73, "yaw": -1.093, "timestamp": 1780311517.3307207}
2026-06-01 12:58:37.336 - [robot_6_log_20260601_125830.csv] - DEBUG - Posición actualizada por visión: x=175.03, y=89.73, θ=-1.09
2026-06-01 12:58:37.341 - [robot_6_log_20260601_125830.csv] - DEBUG - Frecuencia: 61.80 Hz | Latencia Red/Proc: 10.76 ms
2026-06-01 12:58:37.344 - [robot_6_log_20260601_125830.csv] - INFO - Usando posición VISION: x=175.03, y=89.73, θ=-1.09
2026-06-01 12:58:37.344 - [robot_6_log_20260601_125830.csv] - DEBUG - Incoming data. Topic 6/pos, mensaje {"x": 175.03, "y": 89.73, "yaw": -1.093, "timestamp": 1780311517.3307207}
2026-06-01 12:58:37.344 - [robot_6_log_20260601_125830.csv] - INFO - Distancias a paredes: Left: 175.03, Right: 274.97, Top: 50.27, Bottom: 89.73
2026-06-01 12:58:37.344 - [robot_6_log_20260601_125830.csv] - DEBUG - Posición actualizada por visión: x=175.03, y=89.73, θ=-1.09
2026-06-01 12:58:37.344 - [robot_6_log_20260601_125830.csv] - INFO - Posicion: 175.03, 89.73, -1.093 | Velocidad: 0.8880103786508072, 0.4598234089391817
2026-06-01 12:58:37.344 - [robot_6_log_20260601_125830.csv] - DEBUG - Frecuencia: 341.44 Hz | Latencia Red/Proc: 13.69 ms
2026-06-01 12:58:37.344 - [robot_6_log_20260601_125830.csv] - INFO - None
2026-06-01 12:58:37.344 - [robot_6_log_20260601_125830.csv] - WARNING - Estado FSM: GIRA | Target Wall: None | Target Theta: 62.62° |theta: -62.624287007798976 
2026-06-01 12:58:37.350 - [robot_6_log_20260601_125830.csv] - DEBUG - Enviado {'ang': 62.624287007798976}
2026-06-01 12:58:37.371 - [robot_6_log_20260601_125830.csv] - DEBUG - Despachado a ZMQ -> agent/6/turn: {'ang': 62.624287007798976}
2026-06-01 12:58:37.394 - [robot_6_log_20260601_125830.csv] - INFO - Usando posición VISION: x=175.03, y=89.73, θ=-1.09
2026-06-01 12:58:37.394 - [robot_6_log_20260601_125830.csv] - INFO - Distancias a paredes: Left: 175.03, Right: 274.97, Top: 50.27, Bottom: 89.73
2026-06-01 12:58:37.394 - [robot_6_log_20260601_125830.csv] - INFO - Posicion: 175.03, 89.73, -1.093 | Velocidad: 0.8880103786508072, 0.4598234089391817
2026-06-01 12:58:37.394 - [robot_6_log_20260601_125830.csv] - INFO - None
2026-06-01 12:58:37.394 - [robot_6_log_20260601_125830.csv] - WARNING - Estado FSM: ESPERANDO_GIRO | Target Wall: None | Target Theta: 62.62° |theta: -62.624287007798976 
2026-06-01 12:58:37.417 - [robot_6_log_20260601_125830.csv] - DEBUG - Incoming data. Topic agent/6/wheel, mensaje {"Wleft":5.684341886e-15,"Wright":7.815970093e-15}
2026-06-01 12:58:37.423 - [robot_6_log_20260601_125830.csv] - DEBUG - Incoming data. Topic 6/pos, mensaje {"x": 175.02, "y": 89.73, "yaw": -1.092, "timestamp": 1780311517.4213548}
2026-06-01 12:58:37.428 - [robot_6_log_20260601_125830.csv] - DEBUG - Posición actualizada por visión: x=175.02, y=89.73, θ=-1.09
2026-06-01 12:58:37.433 - [robot_6_log_20260601_125830.csv] - DEBUG - Frecuencia: 11.24 Hz | Latencia Red/Proc: 12.01 ms
2026-06-01 12:58:37.438 - [robot_6_log_20260601_125830.csv] - DEBUG - Incoming data. Topic 6/pos, mensaje {"x": 175.02, "y": 89.73, "yaw": -1.092, "timestamp": 1780311517.4213548}
2026-06-01 12:58:37.443 - [robot_6_log_20260601_125830.csv] - DEBUG - Posición actualizada por visión: x=175.02, y=89.73, θ=-1.09
2026-06-01 12:58:37.443 - [robot_6_log_20260601_125830.csv] - DEBUG - Frecuencia: 97.10 Hz | Latencia Red/Proc: 22.31 ms
2026-06-01 12:58:37.443 - [robot_6_log_20260601_125830.csv] - DEBUG - Incoming data. Topic 6/pos, mensaje {"x": 175.02, "y": 89.73, "yaw": -1.092, "timestamp": 1780311517.4309773}
2026-06-01 12:58:37.443 - [robot_6_log_20260601_125830.csv] - DEBUG - Posición actualizada por visión: x=175.02, y=89.73, θ=-1.09
2026-06-01 12:58:37.443 - [robot_6_log_20260601_125830.csv] - DEBUG - Frecuencia: 9686.61 Hz | Latencia Red/Proc: 12.79 ms
2026-06-01 12:58:37.443 - [robot_6_log_20260601_125830.csv] - DEBUG - Incoming data. Topic 6/pos, mensaje {"x": 175.02, "y": 89.73, "yaw": -1.092, "timestamp": 1780311517.4309773}
2026-06-01 12:58:37.443 - [robot_6_log_20260601_125830.csv] - DEBUG - Posición actualizada por visión: x=175.02, y=89.73, θ=-1.09
2026-06-01 12:58:37.443 - [robot_6_log_20260601_125830.csv] - DEBUG - Frecuencia: 12595.51 Hz | Latencia Red/Proc: 12.87 ms
2026-06-01 12:58:37.444 - [robot_6_log_20260601_125830.csv] - INFO - Usando posición VISION: x=175.02, y=89.73, θ=-1.09
2026-06-01 12:58:37.444 - [robot_6_log_20260601_125830.csv] - INFO - Distancias a paredes: Left: 175.02, Right: 274.98, Top: 50.27, Bottom: 89.73
2026-06-01 12:58:37.444 - [robot_6_log_20260601_125830.csv] - INFO - Posicion: 175.02, 89.73, -1.092 | Velocidad: 0.887550111313353, 0.46071118925814536
2026-06-01 12:58:37.444 - [robot_6_log_20260601_125830.csv] - INFO - None
2026-06-01 12:58:37.444 - [robot_6_log_20260601_125830.csv] - WARNING - Estado FSM: ESPERANDO_GIRO | Target Wall: None | Target Theta: 62.62° |theta: -62.5669912282859 
2026-06-01 12:58:37.474 - [robot_6_log_20260601_125830.csv] - DEBUG - Incoming data. Topic agent/6/wheel, mensaje {"Wleft":5.684341886e-15,"Wright":16}
2026-06-01 12:58:37.494 - [robot_6_log_20260601_125830.csv] - INFO - Usando posición VISION: x=175.02, y=89.73, θ=-1.09
2026-06-01 12:58:37.494 - [robot_6_log_20260601_125830.csv] - INFO - Distancias a paredes: Left: 175.02, Right: 274.98, Top: 50.27, Bottom: 89.73
2026-06-01 12:58:37.494 - [robot_6_log_20260601_125830.csv] - INFO - Posicion: 175.02, 89.73, -1.092 | Velocidad: 0.887550111313353, 0.46071118925814536
2026-06-01 12:58:37.494 - [robot_6_log_20260601_125830.csv] - INFO - None
2026-06-01 12:58:37.494 - [robot_6_log_20260601_125830.csv] - WARNING - Estado FSM: ESPERANDO_GIRO | Target Wall: None | Target Theta: 62.62° |theta: -62.5669912282859 
2026-06-01 12:58:37.530 - [robot_6_log_20260601_125830.csv] - DEBUG - Incoming data. Topic 6/pos, mensaje {"x": 175.03, "y": 89.73, "yaw": -1.092, "timestamp": 1780311517.5220509}
2026-06-01 12:58:37.535 - [robot_6_log_20260601_125830.csv] - DEBUG - Posición actualizada por visión: x=175.03, y=89.73, θ=-1.09
2026-06-01 12:58:37.541 - [robot_6_log_20260601_125830.csv] - DEBUG - Frecuencia: 10.20 Hz | Latencia Red/Proc: 19.84 ms
2026-06-01 12:58:37.542 - [robot_6_log_20260601_125830.csv] - DEBUG - Incoming data. Topic 6/pos, mensaje {"x": 175.03, "y": 89.73, "yaw": -1.092, "timestamp": 1780311517.5220509}
2026-06-01 12:58:37.542 - [robot_6_log_20260601_125830.csv] - DEBUG - Posición actualizada por visión: x=175.03, y=89.73, θ=-1.09
2026-06-01 12:58:37.542 - [robot_6_log_20260601_125830.csv] - DEBUG - Frecuencia: 2941.31 Hz | Latencia Red/Proc: 20.18 ms
2026-06-01 12:58:37.542 - [robot_6_log_20260601_125830.csv] - DEBUG - Incoming data. Topic 6/pos, mensaje {"x": 175.03, "y": 89.73, "yaw": -1.092, "timestamp": 1780311517.5310273}
2026-06-01 12:58:37.542 - [robot_6_log_20260601_125830.csv] - DEBUG - Posición actualizada por visión: x=175.03, y=89.73, θ=-1.09
2026-06-01 12:58:37.542 - [robot_6_log_20260601_125830.csv] - DEBUG - Frecuencia: 13573.80 Hz | Latencia Red/Proc: 11.28 ms
2026-06-01 12:58:37.542 - [robot_6_log_20260601_125830.csv] - DEBUG - Incoming data. Topic 6/pos, mensaje {"x": 175.03, "y": 89.73, "yaw": -1.092, "timestamp": 1780311517.5310273}
2026-06-01 12:58:37.542 - [robot_6_log_20260601_125830.csv] - DEBUG - Posición actualizada por visión: x=175.03, y=89.73, θ=-1.09
2026-06-01 12:58:37.542 - [robot_6_log_20260601_125830.csv] - DEBUG - Frecuencia: 14614.30 Hz | Latencia Red/Proc: 11.34 ms
2026-06-01 12:58:37.544 - [robot_6_log_20260601_125830.csv] - INFO - Usando posición VISION: x=175.03, y=89.73, θ=-1.09
2026-06-01 12:58:37.544 - [robot_6_log_20260601_125830.csv] - INFO - Distancias a paredes: Left: 175.03, Right: 274.97, Top: 50.27, Bottom: 89.73
2026-06-01 12:58:37.544 - [robot_6_log_20260601_125830.csv] - INFO - Posicion: 175.03, 89.73, -1.092 | Velocidad: 0.887550111313353, 0.46071118925814536
2026-06-01 12:58:37.544 - [robot_6_log_20260601_125830.csv] - INFO - None
2026-06-01 12:58:37.544 - [robot_6_log_20260601_125830.csv] - WARNING - Estado FSM: ESPERANDO_GIRO | Target Wall: None | Target Theta: 62.62° |theta: -62.5669912282859 
2026-06-01 12:58:37.594 - [robot_6_log_20260601_125830.csv] - INFO - Usando posición VISION: x=175.03, y=89.73, θ=-1.09
2026-06-01 12:58:37.594 - [robot_6_log_20260601_125830.csv] - INFO - Distancias a paredes: Left: 175.03, Right: 274.97, Top: 50.27, Bottom: 89.73
2026-06-01 12:58:37.594 - [robot_6_log_20260601_125830.csv] - INFO - Posicion: 175.03, 89.73, -1.092 | Velocidad: 0.887550111313353, 0.46071118925814536
2026-06-01 12:58:37.594 - [robot_6_log_20260601_125830.csv] - INFO - None
2026-06-01 12:58:37.594 - [robot_6_log_20260601_125830.csv] - WARNING - Estado FSM: ESPERANDO_GIRO | Target Wall: None | Target Theta: 62.62° |theta: -62.5669912282859 
2026-06-01 12:58:37.613 - [robot_6_log_20260601_125830.csv] - DEBUG - Incoming data. Topic agent/6/wheel, mensaje {"Wleft":5.684341886e-15,"Wright":20}
2026-06-01 12:58:37.624 - [robot_6_log_20260601_125830.csv] - DEBUG - Incoming data. Topic 6/pos, mensaje {"x": 174.98, "y": 89.64, "yaw": -1.103, "timestamp": 1780311517.6214523}
2026-06-01 12:58:37.629 - [robot_6_log_20260601_125830.csv] - DEBUG - Posición actualizada por visión: x=174.98, y=89.64, θ=-1.10
2026-06-01 12:58:37.629 - [robot_6_log_20260601_125830.csv] - DEBUG - Frecuencia: 11.45 Hz | Latencia Red/Proc: 8.29 ms
2026-06-01 12:58:37.629 - [robot_6_log_20260601_125830.csv] - DEBUG - Incoming data. Topic 6/pos, mensaje {"x": 174.98, "y": 89.64, "yaw": -1.103, "timestamp": 1780311517.6214523}
2026-06-01 12:58:37.629 - [robot_6_log_20260601_125830.csv] - DEBUG - Posición actualizada por visión: x=174.98, y=89.64, θ=-1.10
2026-06-01 12:58:37.629 - [robot_6_log_20260601_125830.csv] - DEBUG - Frecuencia: 14074.85 Hz | Latencia Red/Proc: 8.36 ms
2026-06-01 12:58:37.641 - [robot_6_log_20260601_125830.csv] - DEBUG - Incoming data. Topic 6/pos, mensaje {"x": 174.98, "y": 89.64, "yaw": -1.103, "timestamp": 1780311517.6321328}
2026-06-01 12:58:37.644 - [robot_6_log_20260601_125830.csv] - INFO - Usando posición VISION: x=174.98, y=89.64, θ=-1.10
2026-06-01 12:58:37.644 - [robot_6_log_20260601_125830.csv] - DEBUG - Posición actualizada por visión: x=174.98, y=89.64, θ=-1.10
2026-06-01 12:58:37.644 - [robot_6_log_20260601_125830.csv] - INFO - Distancias a paredes: Left: 174.98, Right: 275.02, Top: 50.36, Bottom: 89.64
2026-06-01 12:58:37.644 - [robot_6_log_20260601_125830.csv] - DEBUG - Frecuencia: 68.82 Hz | Latencia Red/Proc: 12.21 ms
2026-06-01 12:58:37.644 - [robot_6_log_20260601_125830.csv] - INFO - Posicion: 174.98, 89.64, -1.103 | Velocidad: 0.892564135954418, 0.4509204621748089
2026-06-01 12:58:37.644 - [robot_6_log_20260601_125830.csv] - INFO - None
2026-06-01 12:58:37.644 - [robot_6_log_20260601_125830.csv] - DEBUG - Incoming data. Topic 6/pos, mensaje {"x": 174.98, "y": 89.64, "yaw": -1.103, "timestamp": 1780311517.6321328}
2026-06-01 12:58:37.644 - [robot_6_log_20260601_125830.csv] - DEBUG - Posición actualizada por visión: x=174.98, y=89.64, θ=-1.10
2026-06-01 12:58:37.644 - [robot_6_log_20260601_125830.csv] - DEBUG - Frecuencia: 6754.11 Hz | Latencia Red/Proc: 12.35 ms
2026-06-01 12:58:37.644 - [robot_6_log_20260601_125830.csv] - WARNING - Estado FSM: ESPERANDO_GIRO | Target Wall: None | Target Theta: 62.62° |theta: -63.1972448029298 
2026-06-01 12:58:37.694 - [robot_6_log_20260601_125830.csv] - INFO - Usando posición VISION: x=174.98, y=89.64, θ=-1.10
2026-06-01 12:58:37.694 - [robot_6_log_20260601_125830.csv] - INFO - Distancias a paredes: Left: 174.98, Right: 275.02, Top: 50.36, Bottom: 89.64
2026-06-01 12:58:37.694 - [robot_6_log_20260601_125830.csv] - INFO - Posicion: 174.98, 89.64, -1.103 | Velocidad: 0.892564135954418, 0.4509204621748089
2026-06-01 12:58:37.694 - [robot_6_log_20260601_125830.csv] - INFO - None
2026-06-01 12:58:37.694 - [robot_6_log_20260601_125830.csv] - WARNING - Estado FSM: ESPERANDO_GIRO | Target Wall: None | Target Theta: 62.62° |theta: -63.1972448029298 
2026-06-01 12:58:37.713 - [robot_6_log_20260601_125830.csv] - DEBUG - Incoming data. Topic agent/6/wheel, mensaje {"Wleft":5.684341886e-15,"Wright":20}
2026-06-01 12:58:37.725 - [robot_6_log_20260601_125830.csv] - DEBUG - Incoming data. Topic 6/pos, mensaje {"x": 174.78, "y": 89.12, "yaw": -1.16, "timestamp": 1780311517.7200158}
2026-06-01 12:58:37.725 - [robot_6_log_20260601_125830.csv] - DEBUG - Posición actualizada por visión: x=174.78, y=89.12, θ=-1.16
2026-06-01 12:58:37.730 - [robot_6_log_20260601_125830.csv] - DEBUG - Frecuencia: 11.63 Hz | Latencia Red/Proc: 10.43 ms
2026-06-01 12:58:37.735 - [robot_6_log_20260601_125830.csv] - DEBUG - Incoming data. Topic 6/pos, mensaje {"x": 174.78, "y": 89.12, "yaw": -1.16, "timestamp": 1780311517.7200158}
2026-06-01 12:58:37.740 - [robot_6_log_20260601_125830.csv] - DEBUG - Posición actualizada por visión: x=174.78, y=89.12, θ=-1.16
2026-06-01 12:58:37.744 - [robot_6_log_20260601_125830.csv] - INFO - Usando posición VISION: x=174.78, y=89.12, θ=-1.16
2026-06-01 12:58:37.744 - [robot_6_log_20260601_125830.csv] - DEBUG - Frecuencia: 72.68 Hz | Latencia Red/Proc: 24.19 ms
2026-06-01 12:58:37.744 - [robot_6_log_20260601_125830.csv] - INFO - Distancias a paredes: Left: 174.78, Right: 275.22, Top: 50.88, Bottom: 89.12
2026-06-01 12:58:37.744 - [robot_6_log_20260601_125830.csv] - INFO - Posicion: 174.78, 89.12, -1.16 | Velocidad: 0.9168031087717669, 0.3993395294062732
2026-06-01 12:58:37.744 - [robot_6_log_20260601_125830.csv] - INFO - None
2026-06-01 12:58:37.744 - [robot_6_log_20260601_125830.csv] - DEBUG - Incoming data. Topic 6/pos, mensaje {"x": 174.78, "y": 89.12, "yaw": -1.16, "timestamp": 1780311517.729326}
2026-06-01 12:58:37.744 - [robot_6_log_20260601_125830.csv] - DEBUG - Posición actualizada por visión: x=174.78, y=89.12, θ=-1.16
2026-06-01 12:58:37.744 - [robot_6_log_20260601_125830.csv] - DEBUG - Frecuencia: 3426.72 Hz | Latencia Red/Proc: 15.17 ms
2026-06-01 12:58:37.744 - [robot_6_log_20260601_125830.csv] - DEBUG - Incoming data. Topic 6/pos, mensaje {"x": 174.78, "y": 89.12, "yaw": -1.16, "timestamp": 1780311517.729326}
2026-06-01 12:58:37.744 - [robot_6_log_20260601_125830.csv] - DEBUG - Posición actualizada por visión: x=174.78, y=89.12, θ=-1.16
2026-06-01 12:58:37.744 - [robot_6_log_20260601_125830.csv] - DEBUG - Frecuencia: 27594.11 Hz | Latencia Red/Proc: 15.21 ms
2026-06-01 12:58:37.744 - [robot_6_log_20260601_125830.csv] - WARNING - Estado FSM: ESPERANDO_GIRO | Target Wall: None | Target Theta: 62.62° |theta: -66.46310423517549 
2026-06-01 12:58:37.774 - [robot_6_log_20260601_125830.csv] - DEBUG - Incoming data. Topic agent/6/wheel, mensaje {"Wleft":5.684341886e-15,"Wright":20}
2026-06-01 12:58:37.794 - [robot_6_log_20260601_125830.csv] - INFO - Usando posición VISION: x=174.78, y=89.12, θ=-1.16
2026-06-01 12:58:37.794 - [robot_6_log_20260601_125830.csv] - INFO - Distancias a paredes: Left: 174.78, Right: 275.22, Top: 50.88, Bottom: 89.12
2026-06-01 12:58:37.794 - [robot_6_log_20260601_125830.csv] - INFO - Posicion: 174.78, 89.12, -1.16 | Velocidad: 0.9168031087717669, 0.3993395294062732
2026-06-01 12:58:37.794 - [robot_6_log_20260601_125830.csv] - INFO - None
2026-06-01 12:58:37.794 - [robot_6_log_20260601_125830.csv] - WARNING - Estado FSM: ESPERANDO_GIRO | Target Wall: None | Target Theta: 62.62° |theta: -66.46310423517549 
2026-06-01 12:58:37.824 - [robot_6_log_20260601_125830.csv] - DEBUG - Incoming data. Topic 6/pos, mensaje {"x": 174.2, "y": 88.24, "yaw": -1.281, "timestamp": 1780311517.819335}
2026-06-01 12:58:37.829 - [robot_6_log_20260601_125830.csv] - DEBUG - Posición actualizada por visión: x=174.20, y=88.24, θ=-1.28
2026-06-01 12:58:37.829 - [robot_6_log_20260601_125830.csv] - DEBUG - Frecuencia: 11.80 Hz | Latencia Red/Proc: 9.96 ms
2026-06-01 12:58:37.834 - [robot_6_log_20260601_125830.csv] - DEBUG - Incoming data. Topic 6/pos, mensaje {"x": 174.2, "y": 88.24, "yaw": -1.281, "timestamp": 1780311517.819335}
2026-06-01 12:58:37.839 - [robot_6_log_20260601_125830.csv] - DEBUG - Posición actualizada por visión: x=174.20, y=88.24, θ=-1.28
2026-06-01 12:58:37.844 - [robot_6_log_20260601_125830.csv] - INFO - Usando posición VISION: x=174.20, y=88.24, θ=-1.28
2026-06-01 12:58:37.844 - [robot_6_log_20260601_125830.csv] - DEBUG - Frecuencia: 67.00 Hz | Latencia Red/Proc: 24.88 ms
2026-06-01 12:58:37.844 - [robot_6_log_20260601_125830.csv] - INFO - Distancias a paredes: Left: 174.20, Right: 275.80, Top: 51.76, Bottom: 88.24
2026-06-01 12:58:37.844 - [robot_6_log_20260601_125830.csv] - INFO - Posicion: 174.2, 88.24, -1.281 | Velocidad: 0.9583020964431808, 0.2857570505737428
2026-06-01 12:58:37.844 - [robot_6_log_20260601_125830.csv] - INFO - None
2026-06-01 12:58:37.844 - [robot_6_log_20260601_125830.csv] - DEBUG - Incoming data. Topic 6/pos, mensaje {"x": 174.2, "y": 88.24, "yaw": -1.281, "timestamp": 1780311517.82813}
2026-06-01 12:58:37.844 - [robot_6_log_20260601_125830.csv] - WARNING - Estado FSM: ESPERANDO_GIRO | Target Wall: None | Target Theta: 62.62° |theta: -73.39589355625846 
2026-06-01 12:58:37.844 - [robot_6_log_20260601_125830.csv] - DEBUG - Posición actualizada por visión: x=174.20, y=88.24, θ=-1.28
2026-06-01 12:58:37.849 - [robot_6_log_20260601_125830.csv] - DEBUG - Frecuencia: 187.08 Hz | Latencia Red/Proc: 21.43 ms
2026-06-01 12:58:37.854 - [robot_6_log_20260601_125830.csv] - DEBUG - Incoming data. Topic 6/pos, mensaje {"x": 174.2, "y": 88.24, "yaw": -1.281, "timestamp": 1780311517.82813}
2026-06-01 12:58:37.859 - [robot_6_log_20260601_125830.csv] - DEBUG - Posición actualizada por visión: x=174.20, y=88.24, θ=-1.28
2026-06-01 12:58:37.864 - [robot_6_log_20260601_125830.csv] - DEBUG - Frecuencia: 65.08 Hz | Latencia Red/Proc: 36.80 ms
2026-06-01 12:58:37.894 - [robot_6_log_20260601_125830.csv] - INFO - Usando posición VISION: x=174.20, y=88.24, θ=-1.28
2026-06-01 12:58:37.894 - [robot_6_log_20260601_125830.csv] - INFO - Distancias a paredes: Left: 174.20, Right: 275.80, Top: 51.76, Bottom: 88.24
2026-06-01 12:58:37.894 - [robot_6_log_20260601_125830.csv] - INFO - Posicion: 174.2, 88.24, -1.281 | Velocidad: 0.9583020964431808, 0.2857570505737428
2026-06-01 12:58:37.894 - [robot_6_log_20260601_125830.csv] - INFO - None
2026-06-01 12:58:37.894 - [robot_6_log_20260601_125830.csv] - WARNING - Estado FSM: ESPERANDO_GIRO | Target Wall: None | Target Theta: 62.62° |theta: -73.39589355625846 
2026-06-01 12:58:37.918 - [robot_6_log_20260601_125830.csv] - DEBUG - Incoming data. Topic agent/6/wheel, mensaje {"Wleft":5.684341886e-15,"Wright":20}
2026-06-01 12:58:37.929 - [robot_6_log_20260601_125830.csv] - DEBUG - Incoming data. Topic 6/pos, mensaje {"x": 173.21, "y": 87.13, "yaw": -1.472, "timestamp": 1780311517.9194095}
2026-06-01 12:58:37.934 - [robot_6_log_20260601_125830.csv] - DEBUG - Posición actualizada por visión: x=173.21, y=87.13, θ=-1.47
2026-06-01 12:58:37.934 - [robot_6_log_20260601_125830.csv] - DEBUG - Frecuencia: 14.43 Hz | Latencia Red/Proc: 14.81 ms
2026-06-01 12:58:37.934 - [robot_6_log_20260601_125830.csv] - DEBUG - Incoming data. Topic 6/pos, mensaje {"x": 173.21, "y": 87.13, "yaw": -1.472, "timestamp": 1780311517.9194095}
2026-06-01 12:58:37.934 - [robot_6_log_20260601_125830.csv] - DEBUG - Posición actualizada por visión: x=173.21, y=87.13, θ=-1.47
2026-06-01 12:58:37.934 - [robot_6_log_20260601_125830.csv] - DEBUG - Frecuencia: 10591.68 Hz | Latencia Red/Proc: 14.90 ms
2026-06-01 12:58:37.939 - [robot_6_log_20260601_125830.csv] - DEBUG - Incoming data. Topic 6/pos, mensaje {"x": 173.21, "y": 87.13, "yaw": -1.472, "timestamp": 1780311517.9287527}
2026-06-01 12:58:37.944 - [robot_6_log_20260601_125830.csv] - INFO - Usando posición VISION: x=173.21, y=87.13, θ=-1.47
2026-06-01 12:58:37.944 - [robot_6_log_20260601_125830.csv] - DEBUG - Posición actualizada por visión: x=173.21, y=87.13, θ=-1.47
2026-06-01 12:58:37.944 - [robot_6_log_20260601_125830.csv] - INFO - Distancias a paredes: Left: 173.21, Right: 276.79, Top: 52.87, Bottom: 87.13
2026-06-01 12:58:37.944 - [robot_6_log_20260601_125830.csv] - DEBUG - Frecuencia: 99.66 Hz | Latencia Red/Proc: 15.59 ms
2026-06-01 12:58:37.944 - [robot_6_log_20260601_125830.csv] - INFO - Posicion: 173.21, 87.13, -1.472 | Velocidad: 0.9951236112621509, 0.0986356847625424
2026-06-01 12:58:37.944 - [robot_6_log_20260601_125830.csv] - INFO - None
2026-06-01 12:58:37.944 - [robot_6_log_20260601_125830.csv] - DEBUG - Incoming data. Topic 6/pos, mensaje {"x": 173.21, "y": 87.13, "yaw": -1.472, "timestamp": 1780311517.9287527}
2026-06-01 12:58:37.944 - [robot_6_log_20260601_125830.csv] - WARNING - Estado FSM: ESPERANDO_GIRO | Target Wall: None | Target Theta: 62.62° |theta: -84.33938744325718 
2026-06-01 12:58:37.944 - [robot_6_log_20260601_125830.csv] - DEBUG - Posición actualizada por visión: x=173.21, y=87.13, θ=-1.47
2026-06-01 12:58:37.949 - [robot_6_log_20260601_125830.csv] - DEBUG - Frecuencia: 188.75 Hz | Latencia Red/Proc: 20.89 ms
2026-06-01 12:58:37.973 - [robot_6_log_20260601_125830.csv] - DEBUG - Incoming data. Topic agent/6/wheel, mensaje {"Wleft":5.684341886e-15,"Wright":20}
2026-06-01 12:58:37.994 - [robot_6_log_20260601_125830.csv] - INFO - Usando posición VISION: x=173.21, y=87.13, θ=-1.47
2026-06-01 12:58:37.994 - [robot_6_log_20260601_125830.csv] - INFO - Distancias a paredes: Left: 173.21, Right: 276.79, Top: 52.87, Bottom: 87.13
2026-06-01 12:58:37.994 - [robot_6_log_20260601_125830.csv] - INFO - Posicion: 173.21, 87.13, -1.472 | Velocidad: 0.9951236112621509, 0.0986356847625424
2026-06-01 12:58:37.994 - [robot_6_log_20260601_125830.csv] - INFO - None
2026-06-01 12:58:37.994 - [robot_6_log_20260601_125830.csv] - WARNING - Estado FSM: ESPERANDO_GIRO | Target Wall: None | Target Theta: 62.62° |theta: -84.33938744325718 
2026-06-01 12:58:38.025 - [robot_6_log_20260601_125830.csv] - DEBUG - Incoming data. Topic 6/pos, mensaje {"x": 172.0, "y": 86.4, "yaw": -1.685, "timestamp": 1780311518.0199406}
2026-06-01 12:58:38.036 - [robot_6_log_20260601_125830.csv] - DEBUG - Posición actualizada por visión: x=172.00, y=86.40, θ=-1.69
2026-06-01 12:58:38.041 - [robot_6_log_20260601_125830.csv] - DEBUG - Frecuencia: 10.85 Hz | Latencia Red/Proc: 21.87 ms
2026-06-01 12:58:38.044 - [robot_6_log_20260601_125830.csv] - INFO - Usando posición VISION: x=172.00, y=86.40, θ=-1.69
2026-06-01 12:58:38.044 - [robot_6_log_20260601_125830.csv] - INFO - Distancias a paredes: Left: 172.00, Right: 278.00, Top: 53.60, Bottom: 86.40
2026-06-01 12:58:38.044 - [robot_6_log_20260601_125830.csv] - INFO - Posicion: 172.0, 86.4, -1.685 | Velocidad: 0.9934858451932902, -0.11395558521008932
2026-06-01 12:58:38.044 - [robot_6_log_20260601_125830.csv] - INFO - None
2026-06-01 12:58:38.044 - [robot_6_log_20260601_125830.csv] - DEBUG - Incoming data. Topic 6/pos, mensaje {"x": 172.0, "y": 86.4, "yaw": -1.685, "timestamp": 1780311518.0199406}
2026-06-01 12:58:38.044 - [robot_6_log_20260601_125830.csv] - WARNING - Estado FSM: ESPERANDO_GIRO | Target Wall: None | Target Theta: 62.62° |theta: -96.54338847954372 
2026-06-01 12:58:38.044 - [robot_6_log_20260601_125830.csv] - DEBUG - Posición actualizada por visión: x=172.00, y=86.40, θ=-1.69
2026-06-01 12:58:38.054 - [robot_6_log_20260601_125830.csv] - DEBUG - Frecuencia: 78.76 Hz | Latencia Red/Proc: 34.57 ms
2026-06-01 12:58:38.054 - [robot_6_log_20260601_125830.csv] - DEBUG - Incoming data. Topic 6/pos, mensaje {"x": 172.0, "y": 86.4, "yaw": -1.685, "timestamp": 1780311518.0285075}
2026-06-01 12:58:38.059 - [robot_6_log_20260601_125830.csv] - DEBUG - Posición actualizada por visión: x=172.00, y=86.40, θ=-1.69
2026-06-01 12:58:38.059 - [robot_6_log_20260601_125830.csv] - DEBUG - Frecuencia: 193.84 Hz | Latencia Red/Proc: 31.16 ms
2026-06-01 12:58:38.059 - [robot_6_log_20260601_125830.csv] - DEBUG - Incoming data. Topic 6/pos, mensaje {"x": 172.0, "y": 86.4, "yaw": -1.685, "timestamp": 1780311518.0285075}
2026-06-01 12:58:38.059 - [robot_6_log_20260601_125830.csv] - DEBUG - Posición actualizada por visión: x=172.00, y=86.40, θ=-1.69
2026-06-01 12:58:38.059 - [robot_6_log_20260601_125830.csv] - DEBUG - Frecuencia: 5127.51 Hz | Latencia Red/Proc: 31.35 ms
2026-06-01 12:58:38.094 - [robot_6_log_20260601_125830.csv] - INFO - Usando posición VISION: x=172.00, y=86.40, θ=-1.69
2026-06-01 12:58:38.094 - [robot_6_log_20260601_125830.csv] - INFO - Distancias a paredes: Left: 172.00, Right: 278.00, Top: 53.60, Bottom: 86.40
2026-06-01 12:58:38.094 - [robot_6_log_20260601_125830.csv] - INFO - Posicion: 172.0, 86.4, -1.685 | Velocidad: 0.9934858451932902, -0.11395558521008932
2026-06-01 12:58:38.094 - [robot_6_log_20260601_125830.csv] - INFO - None
2026-06-01 12:58:38.094 - [robot_6_log_20260601_125830.csv] - WARNING - Estado FSM: ESPERANDO_GIRO | Target Wall: None | Target Theta: 62.62° |theta: -96.54338847954372 
2026-06-01 12:58:38.099 - [robot_6_log_20260601_125830.csv] - DEBUG - Incoming data. Topic agent/6/feedback, mensaje {"status": "done", "op": "turn"}
2026-06-01 12:58:38.105 - [robot_6_log_20260601_125830.csv] - INFO - ¡Confirmación recibida desde Arduino! Giro terminado exitosamente.
2026-06-01 12:58:38.123 - [robot_6_log_20260601_125830.csv] - DEBUG - Incoming data. Topic agent/6/wheel, mensaje {"Wleft":5.684341886e-15,"Wright":20}
2026-06-01 12:58:38.133 - [robot_6_log_20260601_125830.csv] - DEBUG - Incoming data. Topic 6/pos, mensaje {"x": 170.66, "y": 85.95, "yaw": -1.903, "timestamp": 1780311518.1199887}
2026-06-01 12:58:38.138 - [robot_6_log_20260601_125830.csv] - DEBUG - Posición actualizada por visión: x=170.66, y=85.95, θ=-1.90
2026-06-01 12:58:38.143 - [robot_6_log_20260601_125830.csv] - DEBUG - Frecuencia: 11.89 Hz | Latencia Red/Proc: 23.95 ms
2026-06-01 12:58:38.144 - [robot_6_log_20260601_125830.csv] - INFO - Usando posición VISION: x=170.66, y=85.95, θ=-1.90
2026-06-01 12:58:38.144 - [robot_6_log_20260601_125830.csv] - DEBUG - Incoming data. Topic 6/pos, mensaje {"x": 170.66, "y": 85.95, "yaw": -1.903, "timestamp": 1780311518.1199887}
2026-06-01 12:58:38.144 - [robot_6_log_20260601_125830.csv] - INFO - Distancias a paredes: Left: 170.66, Right: 279.34, Top: 54.05, Bottom: 85.95
2026-06-01 12:58:38.144 - [robot_6_log_20260601_125830.csv] - DEBUG - Posición actualizada por visión: x=170.66, y=85.95, θ=-1.90
2026-06-01 12:58:38.144 - [robot_6_log_20260601_125830.csv] - INFO - Posicion: 170.66, 85.95, -1.903 | Velocidad: 0.9453259620944255, -0.32612700806625744
2026-06-01 12:58:38.144 - [robot_6_log_20260601_125830.csv] - DEBUG - Frecuencia: 2579.52 Hz | Latencia Red/Proc: 24.34 ms
2026-06-01 12:58:38.144 - [robot_6_log_20260601_125830.csv] - INFO - None
2026-06-01 12:58:38.144 - [robot_6_log_20260601_125830.csv] - DEBUG - Incoming data. Topic 6/pos, mensaje {"x": 170.66, "y": 85.95, "yaw": -1.903, "timestamp": 1780311518.1309364}
2026-06-01 12:58:38.144 - [robot_6_log_20260601_125830.csv] - WARNING - Estado FSM: AVANZA | Target Wall: None | Target Theta: 62.62° |theta: -109.03386841339567 
2026-06-01 12:58:38.144 - [robot_6_log_20260601_125830.csv] - DEBUG - Posición actualizada por visión: x=170.66, y=85.95, θ=-1.90
2026-06-01 12:58:38.149 - [robot_6_log_20260601_125830.csv] - DEBUG - Frecuencia: 188.24 Hz | Latencia Red/Proc: 18.70 ms
2026-06-01 12:58:38.159 - [robot_6_log_20260601_125830.csv] - DEBUG - Incoming data. Topic 6/pos, mensaje {"x": 170.66, "y": 85.95, "yaw": -1.903, "timestamp": 1780311518.1309364}
2026-06-01 12:58:38.165 - [robot_6_log_20260601_125830.csv] - DEBUG - Posición actualizada por visión: x=170.66, y=85.95, θ=-1.90
2026-06-01 12:58:38.170 - [robot_6_log_20260601_125830.csv] - DEBUG - Frecuencia: 48.84 Hz | Latencia Red/Proc: 39.18 ms
2026-06-01 12:58:38.175 - [robot_6_log_20260601_125830.csv] - DEBUG - Despachado a ZMQ -> agent/6/move: {'v': 20.0, 'w': 0.0}
2026-06-01 12:58:38.194 - [robot_6_log_20260601_125830.csv] - INFO - Usando posición VISION: x=170.66, y=85.95, θ=-1.90
2026-06-01 12:58:38.194 - [robot_6_log_20260601_125830.csv] - INFO - Distancias a paredes: Left: 170.66, Right: 279.34, Top: 54.05, Bottom: 85.95
2026-06-01 12:58:38.194 - [robot_6_log_20260601_125830.csv] - INFO - Posicion: 170.66, 85.95, -1.903 | Velocidad: 0.9453259620944255, -0.32612700806625744
2026-06-01 12:58:38.194 - [robot_6_log_20260601_125830.csv] - INFO - None
2026-06-01 12:58:38.194 - [robot_6_log_20260601_125830.csv] - WARNING - Estado FSM: AVANZA | Target Wall: None | Target Theta: 62.62° |theta: -109.03386841339567 
2026-06-01 12:58:38.218 - [robot_6_log_20260601_125830.csv] - DEBUG - Incoming data. Topic agent/6/wheel, mensaje {"Wleft":5.684341886e-15,"Wright":20}
2026-06-01 12:58:38.234 - [robot_6_log_20260601_125830.csv] - DEBUG - Incoming data. Topic 6/pos, mensaje {"x": 169.19, "y": 85.77, "yaw": -2.129, "timestamp": 1780311518.2195349}
2026-06-01 12:58:38.239 - [robot_6_log_20260601_125830.csv] - DEBUG - Posición actualizada por visión: x=169.19, y=85.77, θ=-2.13
2026-06-01 12:58:38.239 - [robot_6_log_20260601_125830.csv] - DEBUG - Frecuencia: 14.34 Hz | Latencia Red/Proc: 20.30 ms
2026-06-01 12:58:38.244 - [robot_6_log_20260601_125830.csv] - INFO - Usando posición VISION: x=169.19, y=85.77, θ=-2.13
2026-06-01 12:58:38.244 - [robot_6_log_20260601_125830.csv] - DEBUG - Incoming data. Topic 6/pos, mensaje {"x": 169.19, "y": 85.77, "yaw": -2.129, "timestamp": 1780311518.2195349}
2026-06-01 12:58:38.244 - [robot_6_log_20260601_125830.csv] - INFO - Distancias a paredes: Left: 169.19, Right: 280.81, Top: 54.23, Bottom: 85.77
2026-06-01 12:58:38.244 - [robot_6_log_20260601_125830.csv] - DEBUG - Posición actualizada por visión: x=169.19, y=85.77, θ=-2.13
2026-06-01 12:58:38.244 - [robot_6_log_20260601_125830.csv] - INFO - Posicion: 169.19, 85.77, -2.129 | Velocidad: 0.8482079275438894, -0.5296633946684443
2026-06-01 12:58:38.244 - [robot_6_log_20260601_125830.csv] - DEBUG - Frecuencia: 222.38 Hz | Latencia Red/Proc: 24.80 ms
2026-06-01 12:58:38.244 - [robot_6_log_20260601_125830.csv] - INFO - None
2026-06-01 12:58:38.244 - [robot_6_log_20260601_125830.csv] - DEBUG - Incoming data. Topic 6/pos, mensaje {"x": 169.19, "y": 85.77, "yaw": -2.129, "timestamp": 1780311518.2296517}
2026-06-01 12:58:38.244 - [robot_6_log_20260601_125830.csv] - WARNING - Estado FSM: AVANZA | Target Wall: None | Target Theta: 62.62° |theta: -121.98271458335226 
2026-06-01 12:58:38.244 - [robot_6_log_20260601_125830.csv] - DEBUG - Posición actualizada por visión: x=169.19, y=85.77, θ=-2.13
2026-06-01 12:58:38.249 - [robot_6_log_20260601_125830.csv] - DEBUG - Frecuencia: 187.96 Hz | Latencia Red/Proc: 20.00 ms
2026-06-01 12:58:38.249 - [robot_6_log_20260601_125830.csv] - DEBUG - Incoming data. Topic 6/pos, mensaje {"x": 169.19, "y": 85.77, "yaw": -2.129, "timestamp": 1780311518.2296517}
2026-06-01 12:58:38.249 - [robot_6_log_20260601_125830.csv] - DEBUG - Posición actualizada por visión: x=169.19, y=85.77, θ=-2.13
2026-06-01 12:58:38.249 - [robot_6_log_20260601_125830.csv] - DEBUG - Frecuencia: 13662.23 Hz | Latencia Red/Proc: 20.08 ms
2026-06-01 12:58:38.291 - [robot_6_log_20260601_125830.csv] - DEBUG - Incoming data. Topic agent/6/wheel, mensaje {"Wleft":1.728411648,"Wright":10.13441028}
2026-06-01 12:58:38.294 - [robot_6_log_20260601_125830.csv] - INFO - Usando posición VISION: x=169.19, y=85.77, θ=-2.13
2026-06-01 12:58:38.294 - [robot_6_log_20260601_125830.csv] - INFO - Distancias a paredes: Left: 169.19, Right: 280.81, Top: 54.23, Bottom: 85.77
2026-06-01 12:58:38.294 - [robot_6_log_20260601_125830.csv] - INFO - Posicion: 169.19, 85.77, -2.129 | Velocidad: 0.8482079275438894, -0.5296633946684443
2026-06-01 12:58:38.294 - [robot_6_log_20260601_125830.csv] - INFO - None
2026-06-01 12:58:38.294 - [robot_6_log_20260601_125830.csv] - WARNING - Estado FSM: AVANZA | Target Wall: None | Target Theta: 62.62° |theta: -121.98271458335226 
2026-06-01 12:58:38.325 - [robot_6_log_20260601_125830.csv] - DEBUG - Incoming data. Topic 6/pos, mensaje {"x": 168.03, "y": 85.89, "yaw": -2.285, "timestamp": 1780311518.32108}
2026-06-01 12:58:38.330 - [robot_6_log_20260601_125830.csv] - DEBUG - Posición actualizada por visión: x=168.03, y=85.89, θ=-2.29
2026-06-01 12:58:38.336 - [robot_6_log_20260601_125830.csv] - DEBUG - Frecuencia: 11.52 Hz | Latencia Red/Proc: 15.44 ms
2026-06-01 12:58:38.341 - [robot_6_log_20260601_125830.csv] - DEBUG - Incoming data. Topic 6/pos, mensaje {"x": 168.03, "y": 85.89, "yaw": -2.285, "timestamp": 1780311518.32108}
2026-06-01 12:58:38.341 - [robot_6_log_20260601_125830.csv] - DEBUG - Posición actualizada por visión: x=168.03, y=85.89, θ=-2.29
2026-06-01 12:58:38.341 - [robot_6_log_20260601_125830.csv] - DEBUG - Frecuencia: 186.88 Hz | Latencia Red/Proc: 20.79 ms
2026-06-01 12:58:38.341 - [robot_6_log_20260601_125830.csv] - DEBUG - Incoming data. Topic 6/pos, mensaje {"x": 168.03, "y": 85.89, "yaw": -2.285, "timestamp": 1780311518.3294938}
2026-06-01 12:58:38.344 - [robot_6_log_20260601_125830.csv] - INFO - Usando posición VISION: x=168.03, y=85.89, θ=-2.29
2026-06-01 12:58:38.344 - [robot_6_log_20260601_125830.csv] - DEBUG - Posición actualizada por visión: x=168.03, y=85.89, θ=-2.29
2026-06-01 12:58:38.344 - [robot_6_log_20260601_125830.csv] - INFO - Distancias a paredes: Left: 168.03, Right: 281.97, Top: 54.11, Bottom: 85.89
2026-06-01 12:58:38.344 - [robot_6_log_20260601_125830.csv] - DEBUG - Frecuencia: 400.41 Hz | Latencia Red/Proc: 14.88 ms
2026-06-01 12:58:38.344 - [robot_6_log_20260601_125830.csv] - INFO - Posicion: 168.03, 85.89, -2.285 | Velocidad: 0.755615087456462, -0.6550159079046579
2026-06-01 12:58:38.344 - [robot_6_log_20260601_125830.csv] - INFO - None
2026-06-01 12:58:38.344 - [robot_6_log_20260601_125830.csv] - DEBUG - Incoming data. Topic 6/pos, mensaje {"x": 168.03, "y": 85.89, "yaw": -2.285, "timestamp": 1780311518.3294938}
2026-06-01 12:58:38.344 - [robot_6_log_20260601_125830.csv] - WARNING - Estado FSM: AVANZA | Target Wall: None | Target Theta: 62.62° |theta: -130.92085618739313 
2026-06-01 12:58:38.344 - [robot_6_log_20260601_125830.csv] - DEBUG - Posición actualizada por visión: x=168.03, y=85.89, θ=-2.29
2026-06-01 12:58:38.354 - [robot_6_log_20260601_125830.csv] - DEBUG - Frecuencia: 95.75 Hz | Latencia Red/Proc: 25.32 ms
2026-06-01 12:58:38.394 - [robot_6_log_20260601_125830.csv] - INFO - Usando posición VISION: x=168.03, y=85.89, θ=-2.29
2026-06-01 12:58:38.394 - [robot_6_log_20260601_125830.csv] - INFO - Distancias a paredes: Left: 168.03, Right: 281.97, Top: 54.11, Bottom: 85.89
2026-06-01 12:58:38.394 - [robot_6_log_20260601_125830.csv] - INFO - Posicion: 168.03, 85.89, -2.285 | Velocidad: 0.755615087456462, -0.6550159079046579
2026-06-01 12:58:38.394 - [robot_6_log_20260601_125830.csv] - INFO - None
2026-06-01 12:58:38.394 - [robot_6_log_20260601_125830.csv] - WARNING - Estado FSM: AVANZA | Target Wall: None | Target Theta: 62.62° |theta: -130.92085618739313 
2026-06-01 12:58:38.430 - [robot_6_log_20260601_125830.csv] - DEBUG - Incoming data. Topic 6/pos, mensaje {"x": 167.59, "y": 85.93, "yaw": -2.352, "timestamp": 1780311518.4202623}
2026-06-01 12:58:38.430 - [robot_6_log_20260601_125830.csv] - DEBUG - Posición actualizada por visión: x=167.59, y=85.93, θ=-2.35
2026-06-01 12:58:38.435 - [robot_6_log_20260601_125830.csv] - DEBUG - Frecuencia: 12.42 Hz | Latencia Red/Proc: 15.10 ms
2026-06-01 12:58:38.444 - [robot_6_log_20260601_125830.csv] - INFO - Usando posición VISION: x=167.59, y=85.93, θ=-2.35
2026-06-01 12:58:38.444 - [robot_6_log_20260601_125830.csv] - DEBUG - Incoming data. Topic 6/pos, mensaje {"x": 167.59, "y": 85.93, "yaw": -2.352, "timestamp": 1780311518.4202623}
2026-06-01 12:58:38.444 - [robot_6_log_20260601_125830.csv] - INFO - Distancias a paredes: Left: 167.59, Right: 282.41, Top: 54.07, Bottom: 85.93
2026-06-01 12:58:38.444 - [robot_6_log_20260601_125830.csv] - DEBUG - Posición actualizada por visión: x=167.59, y=85.93, θ=-2.35
2026-06-01 12:58:38.444 - [robot_6_log_20260601_125830.csv] - INFO - Posicion: 167.59, 85.93, -2.352 | Velocidad: 0.7100665046280167, -0.7041346171048195
2026-06-01 12:58:38.444 - [robot_6_log_20260601_125830.csv] - DEBUG - Frecuencia: 111.42 Hz | Latencia Red/Proc: 24.07 ms
2026-06-01 12:58:38.444 - [robot_6_log_20260601_125830.csv] - INFO - None
2026-06-01 12:58:38.444 - [robot_6_log_20260601_125830.csv] - DEBUG - Incoming data. Topic 6/pos, mensaje {"x": 167.59, "y": 85.93, "yaw": -2.352, "timestamp": 1780311518.4288368}
2026-06-01 12:58:38.444 - [robot_6_log_20260601_125830.csv] - WARNING - Estado FSM: AVANZA | Target Wall: None | Target Theta: 62.62° |theta: -134.75967341476962 
2026-06-01 12:58:38.444 - [robot_6_log_20260601_125830.csv] - DEBUG - Posición actualizada por visión: x=167.59, y=85.93, θ=-2.35
2026-06-01 12:58:38.449 - [robot_6_log_20260601_125830.csv] - DEBUG - Frecuencia: 187.72 Hz | Latencia Red/Proc: 20.82 ms
2026-06-01 12:58:38.465 - [robot_6_log_20260601_125830.csv] - DEBUG - Incoming data. Topic agent/6/wheel, mensaje {"Wleft":3.710959812,"Wright":1.587650644}
2026-06-01 12:58:38.477 - [robot_6_log_20260601_125830.csv] - DEBUG - Incoming data. Topic 6/pos, mensaje {"x": 167.59, "y": 85.93, "yaw": -2.352, "timestamp": 1780311518.4288368}
2026-06-01 12:58:38.477 - [robot_6_log_20260601_125830.csv] - DEBUG - Posición actualizada por visión: x=167.59, y=85.93, θ=-2.35
2026-06-01 12:58:38.477 - [robot_6_log_20260601_125830.csv] - DEBUG - Frecuencia: 36.19 Hz | Latencia Red/Proc: 48.46 ms
2026-06-01 12:58:38.488 - [robot_6_log_20260601_125830.csv] - DEBUG - Incoming data. Topic agent/6/wheel, mensaje {"Wleft":4.509784105,"Wright":3.556952662}
2026-06-01 12:58:38.494 - [robot_6_log_20260601_125830.csv] - INFO - Usando posición VISION: x=167.59, y=85.93, θ=-2.35
2026-06-01 12:58:38.494 - [robot_6_log_20260601_125830.csv] - INFO - Distancias a paredes: Left: 167.59, Right: 282.41, Top: 54.07, Bottom: 85.93
2026-06-01 12:58:38.494 - [robot_6_log_20260601_125830.csv] - INFO - Posicion: 167.59, 85.93, -2.352 | Velocidad: 0.7100665046280167, -0.7041346171048195
2026-06-01 12:58:38.494 - [robot_6_log_20260601_125830.csv] - INFO - None
2026-06-01 12:58:38.494 - [robot_6_log_20260601_125830.csv] - WARNING - Estado FSM: AVANZA | Target Wall: None | Target Theta: 62.62° |theta: -134.75967341476962 
2026-06-01 12:58:38.524 - [robot_6_log_20260601_125830.csv] - DEBUG - Incoming data. Topic 6/pos, mensaje {"x": 167.7, "y": 85.46, "yaw": -2.43, "timestamp": 1780311518.5200558}
2026-06-01 12:58:38.529 - [robot_6_log_20260601_125830.csv] - DEBUG - Posición actualizada por visión: x=167.70, y=85.46, θ=-2.43
2026-06-01 12:58:38.535 - [robot_6_log_20260601_125830.csv] - DEBUG - Frecuencia: 17.11 Hz | Latencia Red/Proc: 15.68 ms
2026-06-01 12:58:38.544 - [robot_6_log_20260601_125830.csv] - INFO - Usando posición VISION: x=167.70, y=85.46, θ=-2.43
2026-06-01 12:58:38.544 - [robot_6_log_20260601_125830.csv] - DEBUG - Incoming data. Topic 6/pos, mensaje {"x": 167.7, "y": 85.46, "yaw": -2.43, "timestamp": 1780311518.5200558}
2026-06-01 12:58:38.544 - [robot_6_log_20260601_125830.csv] - INFO - Distancias a paredes: Left: 167.70, Right: 282.30, Top: 54.54, Bottom: 85.46
2026-06-01 12:58:38.544 - [robot_6_log_20260601_125830.csv] - DEBUG - Posición actualizada por visión: x=167.70, y=85.46, θ=-2.43
2026-06-01 12:58:38.544 - [robot_6_log_20260601_125830.csv] - INFO - Posicion: 167.7, 85.46, -2.43 | Velocidad: 0.6530407515722648, -0.7573227692245438
2026-06-01 12:58:38.544 - [robot_6_log_20260601_125830.csv] - DEBUG - Frecuencia: 116.70 Hz | Latencia Red/Proc: 24.25 ms
2026-06-01 12:58:38.544 - [robot_6_log_20260601_125830.csv] - INFO - None
2026-06-01 12:58:38.544 - [robot_6_log_20260601_125830.csv] - DEBUG - Incoming data. Topic 6/pos, mensaje {"x": 167.7, "y": 85.46, "yaw": -2.43, "timestamp": 1780311518.5298645}
2026-06-01 12:58:38.544 - [robot_6_log_20260601_125830.csv] - WARNING - Estado FSM: AVANZA | Target Wall: None | Target Theta: 62.62° |theta: -139.22874421679006 
2026-06-01 12:58:38.544 - [robot_6_log_20260601_125830.csv] - DEBUG - Posición actualizada por visión: x=167.70, y=85.46, θ=-2.43
2026-06-01 12:58:38.549 - [robot_6_log_20260601_125830.csv] - DEBUG - Frecuencia: 188.88 Hz | Latencia Red/Proc: 19.74 ms
2026-06-01 12:58:38.554 - [robot_6_log_20260601_125830.csv] - DEBUG - Incoming data. Topic 6/pos, mensaje {"x": 167.7, "y": 85.46, "yaw": -2.43, "timestamp": 1780311518.5298645}
2026-06-01 12:58:38.560 - [robot_6_log_20260601_125830.csv] - DEBUG - Posición actualizada por visión: x=167.70, y=85.46, θ=-2.43
2026-06-01 12:58:38.565 - [robot_6_log_20260601_125830.csv] - DEBUG - Frecuencia: 61.26 Hz | Latencia Red/Proc: 36.06 ms
2026-06-01 12:58:38.594 - [robot_6_log_20260601_125830.csv] - INFO - Usando posición VISION: x=167.70, y=85.46, θ=-2.43
2026-06-01 12:58:38.594 - [robot_6_log_20260601_125830.csv] - INFO - Distancias a paredes: Left: 167.70, Right: 282.30, Top: 54.54, Bottom: 85.46
2026-06-01 12:58:38.594 - [robot_6_log_20260601_125830.csv] - INFO - Posicion: 167.7, 85.46, -2.43 | Velocidad: 0.6530407515722648, -0.7573227692245438
2026-06-01 12:58:38.594 - [robot_6_log_20260601_125830.csv] - INFO - None
2026-06-01 12:58:38.594 - [robot_6_log_20260601_125830.csv] - WARNING - Estado FSM: AVANZA | Target Wall: None | Target Theta: 62.62° |theta: -139.22874421679006 
2026-06-01 12:58:38.604 - [robot_6_log_20260601_125830.csv] - DEBUG - Incoming data. Topic agent/6/wheel, mensaje {"Wleft":5.142190844,"Wright":4.688370652}
2026-06-01 12:58:38.622 - [robot_6_log_20260601_125830.csv] - DEBUG - Incoming data. Topic 6/pos, mensaje {"x": 168.27, "y": 84.56, "yaw": -2.472, "timestamp": 1780311518.6210604}
2026-06-01 12:58:38.627 - [robot_6_log_20260601_125830.csv] - DEBUG - Posición actualizada por visión: x=168.27, y=84.56, θ=-2.47
2026-06-01 12:58:38.633 - [robot_6_log_20260601_125830.csv] - DEBUG - Frecuencia: 14.81 Hz | Latencia Red/Proc: 12.37 ms
2026-06-01 12:58:38.643 - [robot_6_log_20260601_125830.csv] - DEBUG - Incoming data. Topic 6/pos, mensaje {"x": 168.27, "y": 84.56, "yaw": -2.472, "timestamp": 1780311518.6210604}
2026-06-01 12:58:38.644 - [robot_6_log_20260601_125830.csv] - INFO - Usando posición VISION: x=168.27, y=84.56, θ=-2.47
2026-06-01 12:58:38.644 - [robot_6_log_20260601_125830.csv] - DEBUG - Posición actualizada por visión: x=168.27, y=84.56, θ=-2.47
2026-06-01 12:58:38.644 - [robot_6_log_20260601_125830.csv] - INFO - Distancias a paredes: Left: 168.27, Right: 281.73, Top: 55.44, Bottom: 84.56
2026-06-01 12:58:38.644 - [robot_6_log_20260601_125830.csv] - DEBUG - Frecuencia: 92.41 Hz | Latencia Red/Proc: 23.19 ms
2026-06-01 12:58:38.644 - [robot_6_log_20260601_125830.csv] - INFO - Posicion: 168.27, 84.56, -2.472 | Velocidad: 0.6206666485831082, -0.7840745572562678
2026-06-01 12:58:38.644 - [robot_6_log_20260601_125830.csv] - DEBUG - Incoming data. Topic 6/pos, mensaje {"x": 168.27, "y": 84.56, "yaw": -2.472, "timestamp": 1780311518.6292148}
2026-06-01 12:58:38.644 - [robot_6_log_20260601_125830.csv] - INFO - None
2026-06-01 12:58:38.644 - [robot_6_log_20260601_125830.csv] - DEBUG - Posición actualizada por visión: x=168.27, y=84.56, θ=-2.47
2026-06-01 12:58:38.644 - [robot_6_log_20260601_125830.csv] - WARNING - Estado FSM: AVANZA | Target Wall: None | Target Theta: 62.62° |theta: -141.6351669563395 
2026-06-01 12:58:38.644 - [robot_6_log_20260601_125830.csv] - DEBUG - Frecuencia: 4728.64 Hz | Latencia Red/Proc: 15.25 ms
2026-06-01 12:58:38.654 - [robot_6_log_20260601_125830.csv] - DEBUG - Incoming data. Topic 6/pos, mensaje {"x": 168.27, "y": 84.56, "yaw": -2.472, "timestamp": 1780311518.6292148}
2026-06-01 12:58:38.659 - [robot_6_log_20260601_125830.csv] - DEBUG - Posición actualizada por visión: x=168.27, y=84.56, θ=-2.47
2026-06-01 12:58:38.659 - [robot_6_log_20260601_125830.csv] - DEBUG - Frecuencia: 64.97 Hz | Latencia Red/Proc: 30.64 ms
2026-06-01 12:58:38.694 - [robot_6_log_20260601_125830.csv] - INFO - Usando posición VISION: x=168.27, y=84.56, θ=-2.47
2026-06-01 12:58:38.694 - [robot_6_log_20260601_125830.csv] - INFO - Distancias a paredes: Left: 168.27, Right: 281.73, Top: 55.44, Bottom: 84.56
2026-06-01 12:58:38.694 - [robot_6_log_20260601_125830.csv] - INFO - Posicion: 168.27, 84.56, -2.472 | Velocidad: 0.6206666485831082, -0.7840745572562678
2026-06-01 12:58:38.694 - [robot_6_log_20260601_125830.csv] - INFO - None
2026-06-01 12:58:38.694 - [robot_6_log_20260601_125830.csv] - WARNING - Estado FSM: AVANZA | Target Wall: None | Target Theta: 62.62° |theta: -141.6351669563395 
2026-06-01 12:58:38.724 - [robot_6_log_20260601_125830.csv] - DEBUG - Incoming data. Topic 6/pos, mensaje {"x": 169.18, "y": 83.36, "yaw": -2.481, "timestamp": 1780311518.7188072}
2026-06-01 12:58:38.729 - [robot_6_log_20260601_125830.csv] - DEBUG - Posición actualizada por visión: x=169.18, y=83.36, θ=-2.48
2026-06-01 12:58:38.734 - [robot_6_log_20260601_125830.csv] - DEBUG - Frecuencia: 13.37 Hz | Latencia Red/Proc: 15.81 ms
2026-06-01 12:58:38.744 - [robot_6_log_20260601_125830.csv] - INFO - Usando posición VISION: x=169.18, y=83.36, θ=-2.48
2026-06-01 12:58:38.744 - [robot_6_log_20260601_125830.csv] - DEBUG - Incoming data. Topic 6/pos, mensaje {"x": 169.18, "y": 83.36, "yaw": -2.481, "timestamp": 1780311518.7188072}
2026-06-01 12:58:38.744 - [robot_6_log_20260601_125830.csv] - INFO - Distancias a paredes: Left: 169.18, Right: 280.82, Top: 56.64, Bottom: 83.36
2026-06-01 12:58:38.744 - [robot_6_log_20260601_125830.csv] - DEBUG - Posición actualizada por visión: x=169.18, y=83.36, θ=-2.48
2026-06-01 12:58:38.744 - [robot_6_log_20260601_125830.csv] - INFO - Posicion: 169.18, 83.36, -2.481 | Velocidad: 0.6135849360028814, -0.7896287268776003
2026-06-01 12:58:38.744 - [robot_6_log_20260601_125830.csv] - DEBUG - Frecuencia: 103.22 Hz | Latencia Red/Proc: 25.50 ms
2026-06-01 12:58:38.744 - [robot_6_log_20260601_125830.csv] - INFO - None
2026-06-01 12:58:38.744 - [robot_6_log_20260601_125830.csv] - DEBUG - Incoming data. Topic 6/pos, mensaje {"x": 169.18, "y": 83.36, "yaw": -2.481, "timestamp": 1780311518.7280123}
2026-06-01 12:58:38.744 - [robot_6_log_20260601_125830.csv] - WARNING - Estado FSM: AVANZA | Target Wall: None | Target Theta: 62.62° |theta: -142.15082897195722 
2026-06-01 12:58:38.744 - [robot_6_log_20260601_125830.csv] - DEBUG - Posición actualizada por visión: x=169.18, y=83.36, θ=-2.48
2026-06-01 12:58:38.749 - [robot_6_log_20260601_125830.csv] - DEBUG - Frecuencia: 188.30 Hz | Latencia Red/Proc: 21.61 ms
2026-06-01 12:58:38.754 - [robot_6_log_20260601_125830.csv] - DEBUG - Incoming data. Topic 6/pos, mensaje {"x": 169.18, "y": 83.36, "yaw": -2.481, "timestamp": 1780311518.7280123}
2026-06-01 12:58:38.759 - [robot_6_log_20260601_125830.csv] - DEBUG - Posición actualizada por visión: x=169.18, y=83.36, θ=-2.48
2026-06-01 12:58:38.759 - [robot_6_log_20260601_125830.csv] - DEBUG - Frecuencia: 98.22 Hz | Latencia Red/Proc: 31.79 ms
2026-06-01 12:58:38.776 - [robot_6_log_20260601_125830.csv] - DEBUG - Incoming data. Topic agent/6/wheel, mensaje {"Wleft":5.379034814,"Wright":5.313962787}
2026-06-01 12:58:38.793 - [robot_6_log_20260601_125830.csv] - DEBUG - Incoming data. Topic agent/6/wheel, mensaje {"Wleft":5.596778654,"Wright":5.776402407}
2026-06-01 12:58:38.794 - [robot_6_log_20260601_125830.csv] - INFO - Usando posición VISION: x=169.18, y=83.36, θ=-2.48
2026-06-01 12:58:38.794 - [robot_6_log_20260601_125830.csv] - INFO - Distancias a paredes: Left: 169.18, Right: 280.82, Top: 56.64, Bottom: 83.36
2026-06-01 12:58:38.794 - [robot_6_log_20260601_125830.csv] - INFO - Posicion: 169.18, 83.36, -2.481 | Velocidad: 0.6135849360028814, -0.7896287268776003
2026-06-01 12:58:38.794 - [robot_6_log_20260601_125830.csv] - INFO - None
2026-06-01 12:58:38.794 - [robot_6_log_20260601_125830.csv] - WARNING - Estado FSM: AVANZA | Target Wall: None | Target Theta: 62.62° |theta: -142.15082897195722 
2026-06-01 12:58:38.829 - [robot_6_log_20260601_125830.csv] - DEBUG - Incoming data. Topic 6/pos, mensaje {"x": 170.22, "y": 82.01, "yaw": -2.474, "timestamp": 1780311518.8188305}
2026-06-01 12:58:38.839 - [robot_6_log_20260601_125830.csv] - DEBUG - Posición actualizada por visión: x=170.22, y=82.01, θ=-2.47
2026-06-01 12:58:38.844 - [robot_6_log_20260601_125830.csv] - INFO - Usando posición VISION: x=170.22, y=82.01, θ=-2.47
2026-06-01 12:58:38.844 - [robot_6_log_20260601_125830.csv] - DEBUG - Frecuencia: 11.85 Hz | Latencia Red/Proc: 25.34 ms
2026-06-01 12:58:38.844 - [robot_6_log_20260601_125830.csv] - INFO - Distancias a paredes: Left: 170.22, Right: 279.78, Top: 57.99, Bottom: 82.01
2026-06-01 12:58:38.844 - [robot_6_log_20260601_125830.csv] - DEBUG - Incoming data. Topic 6/pos, mensaje {"x": 170.22, "y": 82.01, "yaw": -2.474, "timestamp": 1780311518.8188305}
2026-06-01 12:58:38.844 - [robot_6_log_20260601_125830.csv] - INFO - Posicion: 170.22, 82.01, -2.474 | Velocidad: 0.6190972591811447, -0.7853143215772871
2026-06-01 12:58:38.844 - [robot_6_log_20260601_125830.csv] - DEBUG - Posición actualizada por visión: x=170.22, y=82.01, θ=-2.47
2026-06-01 12:58:38.844 - [robot_6_log_20260601_125830.csv] - INFO - None
2026-06-01 12:58:38.844 - [robot_6_log_20260601_125830.csv] - DEBUG - Frecuencia: 4728.64 Hz | Latencia Red/Proc: 25.56 ms
2026-06-01 12:58:38.844 - [robot_6_log_20260601_125830.csv] - WARNING - Estado FSM: AVANZA | Target Wall: None | Target Theta: 62.62° |theta: -141.74975851536567 
2026-06-01 12:58:38.844 - [robot_6_log_20260601_125830.csv] - DEBUG - Incoming data. Topic 6/pos, mensaje {"x": 170.22, "y": 82.01, "yaw": -2.474, "timestamp": 1780311518.828459}
2026-06-01 12:58:38.849 - [robot_6_log_20260601_125830.csv] - DEBUG - Posición actualizada por visión: x=170.22, y=82.01, θ=-2.47
2026-06-01 12:58:38.849 - [robot_6_log_20260601_125830.csv] - DEBUG - Frecuencia: 186.76 Hz | Latencia Red/Proc: 21.28 ms
2026-06-01 12:58:38.854 - [robot_6_log_20260601_125830.csv] - DEBUG - Incoming data. Topic 6/pos, mensaje {"x": 170.22, "y": 82.01, "yaw": -2.474, "timestamp": 1780311518.828459}
2026-06-01 12:58:38.859 - [robot_6_log_20260601_125830.csv] - DEBUG - Posición actualizada por visión: x=170.22, y=82.01, θ=-2.47
2026-06-01 12:58:38.866 - [robot_6_log_20260601_125830.csv] - DEBUG - Frecuencia: 61.31 Hz | Latencia Red/Proc: 37.59 ms
2026-06-01 12:58:38.894 - [robot_6_log_20260601_125830.csv] - INFO - Usando posición VISION: x=170.22, y=82.01, θ=-2.47
2026-06-01 12:58:38.894 - [robot_6_log_20260601_125830.csv] - INFO - Distancias a paredes: Left: 170.22, Right: 279.78, Top: 57.99, Bottom: 82.01
2026-06-01 12:58:38.894 - [robot_6_log_20260601_125830.csv] - INFO - Posicion: 170.22, 82.01, -2.474 | Velocidad: 0.6190972591811447, -0.7853143215772871
2026-06-01 12:58:38.894 - [robot_6_log_20260601_125830.csv] - INFO - None
2026-06-01 12:58:38.894 - [robot_6_log_20260601_125830.csv] - WARNING - Estado FSM: AVANZA | Target Wall: None | Target Theta: 62.62° |theta: -141.74975851536567 
2026-06-01 12:58:38.925 - [robot_6_log_20260601_125830.csv] - DEBUG - Incoming data. Topic 6/pos, mensaje {"x": 171.32, "y": 80.54, "yaw": -2.471, "timestamp": 1780311518.9246094}
2026-06-01 12:58:38.930 - [robot_6_log_20260601_125830.csv] - DEBUG - Posición actualizada por visión: x=171.32, y=80.54, θ=-2.47
2026-06-01 12:58:38.936 - [robot_6_log_20260601_125830.csv] - DEBUG - Frecuencia: 14.20 Hz | Latencia Red/Proc: 11.88 ms
2026-06-01 12:58:38.941 - [robot_6_log_20260601_125830.csv] - DEBUG - Incoming data. Topic 6/pos, mensaje {"x": 171.32, "y": 80.54, "yaw": -2.471, "timestamp": 1780311518.9246094}
2026-06-01 12:58:38.941 - [robot_6_log_20260601_125830.csv] - DEBUG - Posición actualizada por visión: x=171.32, y=80.54, θ=-2.47
2026-06-01 12:58:38.944 - [robot_6_log_20260601_125830.csv] - DEBUG - Frecuencia: 129.98 Hz | Latencia Red/Proc: 19.57 ms
2026-06-01 12:58:38.944 - [robot_6_log_20260601_125830.csv] - DEBUG - Incoming data. Topic 6/pos, mensaje {"x": 171.32, "y": 80.54, "yaw": -2.471, "timestamp": 1780311518.9331515}
2026-06-01 12:58:38.944 - [robot_6_log_20260601_125830.csv] - DEBUG - Posición actualizada por visión: x=171.32, y=80.54, θ=-2.47
2026-06-01 12:58:38.944 - [robot_6_log_20260601_125830.csv] - DEBUG - Frecuencia: 16194.22 Hz | Latencia Red/Proc: 11.09 ms
2026-06-01 12:58:38.944 - [robot_6_log_20260601_125830.csv] - INFO - Usando posición VISION: x=171.32, y=80.54, θ=-2.47
2026-06-01 12:58:38.944 - [robot_6_log_20260601_125830.csv] - DEBUG - Incoming data. Topic agent/6/wheel, mensaje {"Wleft":5.653812975,"Wright":6.077277206}
2026-06-01 12:58:38.944 - [robot_6_log_20260601_125830.csv] - INFO - Distancias a paredes: Left: 171.32, Right: 278.68, Top: 59.46, Bottom: 80.54
2026-06-01 12:58:38.944 - [robot_6_log_20260601_125830.csv] - INFO - Posicion: 171.32, 80.54, -2.471 | Velocidad: 0.6214504126763869, -0.7834534986738833
2026-06-01 12:58:38.944 - [robot_6_log_20260601_125830.csv] - INFO - None
2026-06-01 12:58:38.944 - [robot_6_log_20260601_125830.csv] - WARNING - Estado FSM: AVANZA | Target Wall: None | Target Theta: 62.62° |theta: -141.57787117682642 
2026-06-01 12:58:38.980 - [robot_6_log_20260601_125830.csv] - DEBUG - Incoming data. Topic 6/pos, mensaje {"x": 171.32, "y": 80.54, "yaw": -2.471, "timestamp": 1780311518.9331515}
2026-06-01 12:58:38.985 - [robot_6_log_20260601_125830.csv] - DEBUG - Posición actualizada por visión: x=171.32, y=80.54, θ=-2.47
2026-06-01 12:58:38.990 - [robot_6_log_20260601_125830.csv] - DEBUG - Frecuencia: 21.52 Hz | Latencia Red/Proc: 57.56 ms
2026-06-01 12:58:38.994 - [robot_6_log_20260601_125830.csv] - INFO - Usando posición VISION: x=171.32, y=80.54, θ=-2.47
2026-06-01 12:58:38.994 - [robot_6_log_20260601_125830.csv] - INFO - Distancias a paredes: Left: 171.32, Right: 278.68, Top: 59.46, Bottom: 80.54
2026-06-01 12:58:38.994 - [robot_6_log_20260601_125830.csv] - INFO - Posicion: 171.32, 80.54, -2.471 | Velocidad: 0.6214504126763869, -0.7834534986738833
2026-06-01 12:58:38.994 - [robot_6_log_20260601_125830.csv] - INFO - None
2026-06-01 12:58:38.994 - [robot_6_log_20260601_125830.csv] - WARNING - Estado FSM: AVANZA | Target Wall: None | Target Theta: 62.62° |theta: -141.57787117682642 
2026-06-01 12:58:39.011 - [robot_6_log_20260601_125830.csv] - DEBUG - Incoming data. Topic agent/6/wheel, mensaje {"Wleft":5.948000369,"Wright":6.216022581}
2026-06-01 12:58:39.022 - [robot_6_log_20260601_125830.csv] - DEBUG - Incoming data. Topic 6/pos, mensaje {"x": 172.46, "y": 78.97, "yaw": -2.466, "timestamp": 1780311519.0199559}
2026-06-01 12:58:39.027 - [robot_6_log_20260601_125830.csv] - DEBUG - Posición actualizada por visión: x=172.46, y=78.97, θ=-2.47
2026-06-01 12:58:39.032 - [robot_6_log_20260601_125830.csv] - DEBUG - Frecuencia: 23.80 Hz | Latencia Red/Proc: 12.76 ms
2026-06-01 12:58:39.038 - [robot_6_log_20260601_125830.csv] - DEBUG - Incoming data. Topic 6/pos, mensaje {"x": 172.46, "y": 78.97, "yaw": -2.466, "timestamp": 1780311519.0199559}
2026-06-01 12:58:39.038 - [robot_6_log_20260601_125830.csv] - DEBUG - Posición actualizada por visión: x=172.46, y=78.97, θ=-2.47
2026-06-01 12:58:39.038 - [robot_6_log_20260601_125830.csv] - DEBUG - Frecuencia: 159.40 Hz | Latencia Red/Proc: 19.04 ms
2026-06-01 12:58:39.039 - [robot_6_log_20260601_125830.csv] - DEBUG - Incoming data. Topic 6/pos, mensaje {"x": 172.46, "y": 78.97, "yaw": -2.466, "timestamp": 1780311519.0298948}
2026-06-01 12:58:39.039 - [robot_6_log_20260601_125830.csv] - DEBUG - Posición actualizada por visión: x=172.46, y=78.97, θ=-2.47
2026-06-01 12:58:39.039 - [robot_6_log_20260601_125830.csv] - DEBUG - Frecuencia: 28926.23 Hz | Latencia Red/Proc: 9.13 ms
2026-06-01 12:58:39.039 - [robot_6_log_20260601_125830.csv] - DEBUG - Incoming data. Topic 6/pos, mensaje {"x": 172.46, "y": 78.97, "yaw": -2.466, "timestamp": 1780311519.0298948}
2026-06-01 12:58:39.039 - [robot_6_log_20260601_125830.csv] - DEBUG - Posición actualizada por visión: x=172.46, y=78.97, θ=-2.47
2026-06-01 12:58:39.039 - [robot_6_log_20260601_125830.csv] - DEBUG - Frecuencia: 35848.75 Hz | Latencia Red/Proc: 9.16 ms
2026-06-01 12:58:39.044 - [robot_6_log_20260601_125830.csv] - INFO - Usando posición VISION: x=172.46, y=78.97, θ=-2.47
2026-06-01 12:58:39.044 - [robot_6_log_20260601_125830.csv] - INFO - Distancias a paredes: Left: 172.46, Right: 277.54, Top: 61.03, Bottom: 78.97
2026-06-01 12:58:39.044 - [robot_6_log_20260601_125830.csv] - INFO - Posicion: 172.46, 78.97, -2.466 | Velocidad: 0.6253598957338539, -0.7803364664090379
2026-06-01 12:58:39.044 - [robot_6_log_20260601_125830.csv] - INFO - None
2026-06-01 12:58:39.044 - [robot_6_log_20260601_125830.csv] - WARNING - Estado FSM: AVANZA | Target Wall: None | Target Theta: 62.62° |theta: -141.29139227926103 
2026-06-01 12:58:39.094 - [robot_6_log_20260601_125830.csv] - INFO - Usando posición VISION: x=172.46, y=78.97, θ=-2.47
2026-06-01 12:58:39.094 - [robot_6_log_20260601_125830.csv] - INFO - Distancias a paredes: Left: 172.46, Right: 277.54, Top: 61.03, Bottom: 78.97
2026-06-01 12:58:39.094 - [robot_6_log_20260601_125830.csv] - INFO - Posicion: 172.46, 78.97, -2.466 | Velocidad: 0.6253598957338539, -0.7803364664090379
2026-06-01 12:58:39.094 - [robot_6_log_20260601_125830.csv] - INFO - None
2026-06-01 12:58:39.094 - [robot_6_log_20260601_125830.csv] - WARNING - Estado FSM: AVANZA | Target Wall: None | Target Theta: 62.62° |theta: -141.29139227926103 
2026-06-01 12:58:39.124 - [robot_6_log_20260601_125830.csv] - DEBUG - Incoming data. Topic 6/pos, mensaje {"x": 173.67, "y": 77.36, "yaw": -2.451, "timestamp": 1780311519.1197252}
2026-06-01 12:58:39.129 - [robot_6_log_20260601_125830.csv] - DEBUG - Posición actualizada por visión: x=173.67, y=77.36, θ=-2.45
2026-06-01 12:58:39.129 - [robot_6_log_20260601_125830.csv] - DEBUG - Frecuencia: 11.09 Hz | Latencia Red/Proc: 9.50 ms
2026-06-01 12:58:39.139 - [robot_6_log_20260601_125830.csv] - DEBUG - Incoming data. Topic 6/pos, mensaje {"x": 173.67, "y": 77.36, "yaw": -2.451, "timestamp": 1780311519.1197252}
2026-06-01 12:58:39.144 - [robot_6_log_20260601_125830.csv] - INFO - Usando posición VISION: x=173.67, y=77.36, θ=-2.45
2026-06-01 12:58:39.144 - [robot_6_log_20260601_125830.csv] - DEBUG - Posición actualizada por visión: x=173.67, y=77.36, θ=-2.45
2026-06-01 12:58:39.144 - [robot_6_log_20260601_125830.csv] - INFO - Distancias a paredes: Left: 173.67, Right: 276.33, Top: 62.64, Bottom: 77.36
2026-06-01 12:58:39.144 - [robot_6_log_20260601_125830.csv] - DEBUG - Frecuencia: 66.55 Hz | Latencia Red/Proc: 24.52 ms
2026-06-01 12:58:39.144 - [robot_6_log_20260601_125830.csv] - INFO - Posicion: 173.67, 77.36, -2.451 | Velocidad: 0.6369941521265038, -0.7708686335275529
2026-06-01 12:58:39.144 - [robot_6_log_20260601_125830.csv] - DEBUG - Incoming data. Topic 6/pos, mensaje {"x": 173.67, "y": 77.36, "yaw": -2.451, "timestamp": 1780311519.1293569}
2026-06-01 12:58:39.144 - [robot_6_log_20260601_125830.csv] - INFO - None
2026-06-01 12:58:39.144 - [robot_6_log_20260601_125830.csv] - DEBUG - Posición actualizada por visión: x=173.67, y=77.36, θ=-2.45
2026-06-01 12:58:39.144 - [robot_6_log_20260601_125830.csv] - DEBUG - Frecuencia: 6232.25 Hz | Latencia Red/Proc: 15.05 ms
2026-06-01 12:58:39.144 - [robot_6_log_20260601_125830.csv] - DEBUG - Incoming data. Topic 6/pos, mensaje {"x": 173.67, "y": 77.36, "yaw": -2.451, "timestamp": 1780311519.1293569}
2026-06-01 12:58:39.144 - [robot_6_log_20260601_125830.csv] - DEBUG - Posición actualizada por visión: x=173.67, y=77.36, θ=-2.45
2026-06-01 12:58:39.144 - [robot_6_log_20260601_125830.csv] - DEBUG - Frecuencia: 19239.93 Hz | Latencia Red/Proc: 15.10 ms
2026-06-01 12:58:39.144 - [robot_6_log_20260601_125830.csv] - WARNING - Estado FSM: AVANZA | Target Wall: None | Target Theta: 62.62° |theta: -140.43195558656478 
2026-06-01 12:58:39.174 - [robot_6_log_20260601_125830.csv] - DEBUG - Incoming data. Topic agent/6/wheel, mensaje {"Wleft":6.06255862,"Wright":6.23880455}
2026-06-01 12:58:39.194 - [robot_6_log_20260601_125830.csv] - INFO - Usando posición VISION: x=173.67, y=77.36, θ=-2.45
2026-06-01 12:58:39.194 - [robot_6_log_20260601_125830.csv] - INFO - Distancias a paredes: Left: 173.67, Right: 276.33, Top: 62.64, Bottom: 77.36
2026-06-01 12:58:39.194 - [robot_6_log_20260601_125830.csv] - INFO - Posicion: 173.67, 77.36, -2.451 | Velocidad: 0.6369941521265038, -0.7708686335275529
2026-06-01 12:58:39.194 - [robot_6_log_20260601_125830.csv] - INFO - None
2026-06-01 12:58:39.194 - [robot_6_log_20260601_125830.csv] - WARNING - Estado FSM: AVANZA | Target Wall: None | Target Theta: 62.62° |theta: -140.43195558656478 
2026-06-01 12:58:39.206 - [robot_6_log_20260601_125830.csv] - DEBUG - Incoming data. Topic agent/6/wheel, mensaje {"Wleft":6.390323656,"Wright":6.143345766}
2026-06-01 12:58:39.229 - [robot_6_log_20260601_125830.csv] - DEBUG - Incoming data. Topic 6/pos, mensaje {"x": 174.97, "y": 75.65, "yaw": -2.453, "timestamp": 1780311519.219631}
2026-06-01 12:58:39.244 - [robot_6_log_20260601_125830.csv] - INFO - Usando posición VISION: x=173.67, y=77.36, θ=-2.45
2026-06-01 12:58:39.244 - [robot_6_log_20260601_125830.csv] - DEBUG - Posición actualizada por visión: x=174.97, y=75.65, θ=-2.45
2026-06-01 12:58:39.244 - [robot_6_log_20260601_125830.csv] - INFO - Distancias a paredes: Left: 173.67, Right: 276.33, Top: 62.64, Bottom: 77.36
2026-06-01 12:58:39.244 - [robot_6_log_20260601_125830.csv] - DEBUG - Frecuencia: 10.02 Hz | Latencia Red/Proc: 24.66 ms
2026-06-01 12:58:39.244 - [robot_6_log_20260601_125830.csv] - INFO - Posicion: 173.67, 77.36, -2.451 | Velocidad: 0.6369941521265038, -0.7708686335275529
2026-06-01 12:58:39.244 - [robot_6_log_20260601_125830.csv] - INFO - None
2026-06-01 12:58:39.244 - [robot_6_log_20260601_125830.csv] - DEBUG - Incoming data. Topic 6/pos, mensaje {"x": 174.97, "y": 75.65, "yaw": -2.453, "timestamp": 1780311519.219631}
2026-06-01 12:58:39.244 - [robot_6_log_20260601_125830.csv] - WARNING - Estado FSM: AVANZA | Target Wall: None | Target Theta: 62.62° |theta: -140.43195558656478 
2026-06-01 12:58:39.244 - [robot_6_log_20260601_125830.csv] - DEBUG - Posición actualizada por visión: x=174.97, y=75.65, θ=-2.45
2026-06-01 12:58:39.255 - [robot_6_log_20260601_125830.csv] - DEBUG - Frecuencia: 86.60 Hz | Latencia Red/Proc: 36.21 ms
2026-06-01 12:58:39.271 - [robot_6_log_20260601_125830.csv] - DEBUG - Incoming data. Topic 6/pos, mensaje {"x": 174.97, "y": 75.65, "yaw": -2.453, "timestamp": 1780311519.2304637}
2026-06-01 12:58:39.276 - [robot_6_log_20260601_125830.csv] - DEBUG - Posición actualizada por visión: x=174.97, y=75.65, θ=-2.45
2026-06-01 12:58:39.281 - [robot_6_log_20260601_125830.csv] - DEBUG - Frecuencia: 39.01 Hz | Latencia Red/Proc: 51.01 ms
2026-06-01 12:58:39.281 - [robot_6_log_20260601_125830.csv] - DEBUG - Incoming data. Topic 6/pos, mensaje {"x": 174.97, "y": 75.65, "yaw": -2.453, "timestamp": 1780311519.2304637}
2026-06-01 12:58:39.286 - [robot_6_log_20260601_125830.csv] - DEBUG - Posición actualizada por visión: x=174.97, y=75.65, θ=-2.45
2026-06-01 12:58:39.292 - [robot_6_log_20260601_125830.csv] - DEBUG - Frecuencia: 87.62 Hz | Latencia Red/Proc: 62.42 ms
2026-06-01 12:58:39.294 - [robot_6_log_20260601_125830.csv] - INFO - Usando posición VISION: x=174.97, y=75.65, θ=-2.45
2026-06-01 12:58:39.294 - [robot_6_log_20260601_125830.csv] - INFO - Distancias a paredes: Left: 174.97, Right: 275.03, Top: 64.35, Bottom: 75.65
2026-06-01 12:58:39.294 - [robot_6_log_20260601_125830.csv] - INFO - Posicion: 174.97, 75.65, -2.453 | Velocidad: 0.6354511418993939, -0.7721410792457272
2026-06-01 12:58:39.294 - [robot_6_log_20260601_125830.csv] - DEBUG - Incoming data. Topic agent/6/wheel, mensaje {"Wleft":6.245468089,"Wright":6.019654366}
2026-06-01 12:58:39.294 - [robot_6_log_20260601_125830.csv] - INFO - None
2026-06-01 12:58:39.294 - [robot_6_log_20260601_125830.csv] - WARNING - Estado FSM: AVANZA | Target Wall: None | Target Theta: 62.62° |theta: -140.54654714559092 
2026-06-01 12:58:39.325 - [robot_6_log_20260601_125830.csv] - DEBUG - Incoming data. Topic 6/pos, mensaje {"x": 176.32, "y": 73.94, "yaw": -2.459, "timestamp": 1780311519.3207395}
2026-06-01 12:58:39.330 - [robot_6_log_20260601_125830.csv] - DEBUG - Posición actualizada por visión: x=176.32, y=73.94, θ=-2.46
2026-06-01 12:58:39.336 - [robot_6_log_20260601_125830.csv] - DEBUG - Frecuencia: 22.69 Hz | Latencia Red/Proc: 16.22 ms
2026-06-01 12:58:39.344 - [robot_6_log_20260601_125830.csv] - INFO - Usando posición VISION: x=176.32, y=73.94, θ=-2.46
2026-06-01 12:58:39.344 - [robot_6_log_20260601_125830.csv] - DEBUG - Incoming data. Topic 6/pos, mensaje {"x": 176.32, "y": 73.94, "yaw": -2.459, "timestamp": 1780311519.3207395}
2026-06-01 12:58:39.344 - [robot_6_log_20260601_125830.csv] - DEBUG - Posición actualizada por visión: x=176.32, y=73.94, θ=-2.46
2026-06-01 12:58:39.344 - [robot_6_log_20260601_125830.csv] - DEBUG - Frecuencia: 136.74 Hz | Latencia Red/Proc: 23.53 ms
2026-06-01 12:58:39.344 - [robot_6_log_20260601_125830.csv] - DEBUG - Incoming data. Topic 6/pos, mensaje {"x": 176.32, "y": 73.94, "yaw": -2.459, "timestamp": 1780311519.3295488}
2026-06-01 12:58:39.344 - [robot_6_log_20260601_125830.csv] - DEBUG - Posición actualizada por visión: x=176.32, y=73.94, θ=-2.46
2026-06-01 12:58:39.344 - [robot_6_log_20260601_125830.csv] - DEBUG - Frecuencia: 21732.15 Hz | Latencia Red/Proc: 14.77 ms
2026-06-01 12:58:39.344 - [robot_6_log_20260601_125830.csv] - INFO - Distancias a paredes: Left: 176.32, Right: 273.68, Top: 66.06, Bottom: 73.94
2026-06-01 12:58:39.344 - [robot_6_log_20260601_125830.csv] - DEBUG - Incoming data. Topic 6/pos, mensaje {"x": 176.32, "y": 73.94, "yaw": -2.459, "timestamp": 1780311519.3295488}
2026-06-01 12:58:39.344 - [robot_6_log_20260601_125830.csv] - INFO - Posicion: 176.32, 73.94, -2.459 | Velocidad: 0.6308068851347083, -0.7759398647231929
2026-06-01 12:58:39.344 - [robot_6_log_20260601_125830.csv] - DEBUG - Posición actualizada por visión: x=176.32, y=73.94, θ=-2.46
2026-06-01 12:58:39.344 - [robot_6_log_20260601_125830.csv] - INFO - None
2026-06-01 12:58:39.344 - [robot_6_log_20260601_125830.csv] - DEBUG - Frecuencia: 8924.05 Hz | Latencia Red/Proc: 14.88 ms
2026-06-01 12:58:39.344 - [robot_6_log_20260601_125830.csv] - WARNING - Estado FSM: AVANZA | Target Wall: None | Target Theta: 62.62° |theta: -140.89032182266945 
2026-06-01 12:58:39.394 - [robot_6_log_20260601_125830.csv] - INFO - Usando posición VISION: x=176.32, y=73.94, θ=-2.46
2026-06-01 12:58:39.394 - [robot_6_log_20260601_125830.csv] - INFO - Distancias a paredes: Left: 176.32, Right: 273.68, Top: 66.06, Bottom: 73.94
2026-06-01 12:58:39.394 - [robot_6_log_20260601_125830.csv] - INFO - Posicion: 176.32, 73.94, -2.459 | Velocidad: 0.6308068851347083, -0.7759398647231929
2026-06-01 12:58:39.394 - [robot_6_log_20260601_125830.csv] - INFO - None
2026-06-01 12:58:39.394 - [robot_6_log_20260601_125830.csv] - WARNING - Estado FSM: AVANZA | Target Wall: None | Target Theta: 62.62° |theta: -140.89032182266945 
2026-06-01 12:58:39.424 - [robot_6_log_20260601_125830.csv] - DEBUG - Incoming data. Topic 6/pos, mensaje {"x": 177.71, "y": 72.22, "yaw": -2.468, "timestamp": 1780311519.4209638}
2026-06-01 12:58:39.429 - [robot_6_log_20260601_125830.csv] - DEBUG - Posición actualizada por visión: x=177.71, y=72.22, θ=-2.47
2026-06-01 12:58:39.435 - [robot_6_log_20260601_125830.csv] - DEBUG - Frecuencia: 10.99 Hz | Latencia Red/Proc: 14.49 ms
2026-06-01 12:58:39.444 - [robot_6_log_20260601_125830.csv] - INFO - Usando posición VISION: x=177.71, y=72.22, θ=-2.47
2026-06-01 12:58:39.444 - [robot_6_log_20260601_125830.csv] - DEBUG - Incoming data. Topic 6/pos, mensaje {"x": 177.71, "y": 72.22, "yaw": -2.468, "timestamp": 1780311519.4209638}
2026-06-01 12:58:39.444 - [robot_6_log_20260601_125830.csv] - INFO - Distancias a paredes: Left: 177.71, Right: 272.29, Top: 67.78, Bottom: 72.22
2026-06-01 12:58:39.444 - [robot_6_log_20260601_125830.csv] - DEBUG - Posición actualizada por visión: x=177.71, y=72.22, θ=-2.47
2026-06-01 12:58:39.444 - [robot_6_log_20260601_125830.csv] - INFO - Posicion: 177.71, 72.22, -2.468 | Velocidad: 0.6237979731221098, -0.7815856246942798
2026-06-01 12:58:39.444 - [robot_6_log_20260601_125830.csv] - DEBUG - Frecuencia: 111.87 Hz | Latencia Red/Proc: 23.43 ms
2026-06-01 12:58:39.444 - [robot_6_log_20260601_125830.csv] - INFO - None
2026-06-01 12:58:39.444 - [robot_6_log_20260601_125830.csv] - DEBUG - Incoming data. Topic 6/pos, mensaje {"x": 177.71, "y": 72.22, "yaw": -2.468, "timestamp": 1780311519.4295933}
2026-06-01 12:58:39.444 - [robot_6_log_20260601_125830.csv] - WARNING - Estado FSM: AVANZA | Target Wall: None | Target Theta: 62.62° |theta: -141.40598383828717 
2026-06-01 12:58:39.444 - [robot_6_log_20260601_125830.csv] - DEBUG - Posición actualizada por visión: x=177.71, y=72.22, θ=-2.47
2026-06-01 12:58:39.454 - [robot_6_log_20260601_125830.csv] - DEBUG - Frecuencia: 96.91 Hz | Latencia Red/Proc: 25.12 ms
2026-06-01 12:58:39.466 - [robot_6_log_20260601_125830.csv] - DEBUG - Incoming data. Topic 6/pos, mensaje {"x": 177.71, "y": 72.22, "yaw": -2.468, "timestamp": 1780311519.4295933}
2026-06-01 12:58:39.471 - [robot_6_log_20260601_125830.csv] - DEBUG - Posición actualizada por visión: x=177.71, y=72.22, θ=-2.47
2026-06-01 12:58:39.477 - [robot_6_log_20260601_125830.csv] - DEBUG - Frecuencia: 44.27 Hz | Latencia Red/Proc: 47.71 ms
2026-06-01 12:58:39.493 - [robot_6_log_20260601_125830.csv] - DEBUG - Incoming data. Topic agent/6/wheel, mensaje {"Wleft":6.434053229,"Wright":5.995869444}
2026-06-01 12:58:39.493 - [robot_6_log_20260601_125830.csv] - DEBUG - Incoming data. Topic agent/6/wheel, mensaje {"Wleft":6.193421989,"Wright":6.031002894}
2026-06-01 12:58:39.494 - [robot_6_log_20260601_125830.csv] - INFO - Usando posición VISION: x=177.71, y=72.22, θ=-2.47
2026-06-01 12:58:39.494 - [robot_6_log_20260601_125830.csv] - INFO - Distancias a paredes: Left: 177.71, Right: 272.29, Top: 67.78, Bottom: 72.22
2026-06-01 12:58:39.494 - [robot_6_log_20260601_125830.csv] - INFO - Posicion: 177.71, 72.22, -2.468 | Velocidad: 0.6237979731221098, -0.7815856246942798
2026-06-01 12:58:39.494 - [robot_6_log_20260601_125830.csv] - INFO - None
2026-06-01 12:58:39.494 - [robot_6_log_20260601_125830.csv] - WARNING - Estado FSM: AVANZA | Target Wall: None | Target Theta: 62.62° |theta: -141.40598383828717 
2026-06-01 12:58:39.525 - [robot_6_log_20260601_125830.csv] - DEBUG - Incoming data. Topic 6/pos, mensaje {"x": 179.12, "y": 70.54, "yaw": -2.483, "timestamp": 1780311519.5200267}
2026-06-01 12:58:39.530 - [robot_6_log_20260601_125830.csv] - DEBUG - Posición actualizada por visión: x=179.12, y=70.54, θ=-2.48
2026-06-01 12:58:39.530 - [robot_6_log_20260601_125830.csv] - DEBUG - Frecuencia: 18.82 Hz | Latencia Red/Proc: 10.41 ms
2026-06-01 12:58:39.541 - [robot_6_log_20260601_125830.csv] - DEBUG - Incoming data. Topic 6/pos, mensaje {"x": 179.12, "y": 70.54, "yaw": -2.483, "timestamp": 1780311519.5200267}
2026-06-01 12:58:39.544 - [robot_6_log_20260601_125830.csv] - INFO - Usando posición VISION: x=179.12, y=70.54, θ=-2.48
2026-06-01 12:58:39.544 - [robot_6_log_20260601_125830.csv] - DEBUG - Posición actualizada por visión: x=179.12, y=70.54, θ=-2.48
2026-06-01 12:58:39.544 - [robot_6_log_20260601_125830.csv] - INFO - Distancias a paredes: Left: 179.12, Right: 270.88, Top: 69.46, Bottom: 70.54
2026-06-01 12:58:39.544 - [robot_6_log_20260601_125830.csv] - DEBUG - Frecuencia: 72.30 Hz | Latencia Red/Proc: 24.24 ms
2026-06-01 12:58:39.544 - [robot_6_log_20260601_125830.csv] - INFO - Posicion: 179.12, 70.54, -2.483 | Velocidad: 0.6120044524325012, -0.7908543166745657
2026-06-01 12:58:39.544 - [robot_6_log_20260601_125830.csv] - INFO - None
2026-06-01 12:58:39.544 - [robot_6_log_20260601_125830.csv] - DEBUG - Incoming data. Topic 6/pos, mensaje {"x": 179.12, "y": 70.54, "yaw": -2.483, "timestamp": 1780311519.5288146}
2026-06-01 12:58:39.544 - [robot_6_log_20260601_125830.csv] - WARNING - Estado FSM: AVANZA | Target Wall: None | Target Theta: 62.62° |theta: -142.26542053098342 
2026-06-01 12:58:39.544 - [robot_6_log_20260601_125830.csv] - DEBUG - Posición actualizada por visión: x=179.12, y=70.54, θ=-2.48
2026-06-01 12:58:39.554 - [robot_6_log_20260601_125830.csv] - DEBUG - Frecuencia: 96.23 Hz | Latencia Red/Proc: 25.84 ms
2026-06-01 12:58:39.554 - [robot_6_log_20260601_125830.csv] - DEBUG - Incoming data. Topic 6/pos, mensaje {"x": 179.12, "y": 70.54, "yaw": -2.483, "timestamp": 1780311519.5288146}
2026-06-01 12:58:39.554 - [robot_6_log_20260601_125830.csv] - DEBUG - Posición actualizada por visión: x=179.12, y=70.54, θ=-2.48
2026-06-01 12:58:39.554 - [robot_6_log_20260601_125830.csv] - DEBUG - Frecuencia: 8683.86 Hz | Latencia Red/Proc: 25.96 ms
2026-06-01 12:58:39.594 - [robot_6_log_20260601_125830.csv] - INFO - Usando posición VISION: x=179.12, y=70.54, θ=-2.48
2026-06-01 12:58:39.594 - [robot_6_log_20260601_125830.csv] - INFO - Distancias a paredes: Left: 179.12, Right: 270.88, Top: 69.46, Bottom: 70.54
2026-06-01 12:58:39.594 - [robot_6_log_20260601_125830.csv] - INFO - Posicion: 179.12, 70.54, -2.483 | Velocidad: 0.6120044524325012, -0.7908543166745657
2026-06-01 12:58:39.594 - [robot_6_log_20260601_125830.csv] - DEBUG - Incoming data. Topic agent/6/wheel, mensaje {"Wleft":6.366992008,"Wright":6.157323132}
2026-06-01 12:58:39.594 - [robot_6_log_20260601_125830.csv] - INFO - None
2026-06-01 12:58:39.594 - [robot_6_log_20260601_125830.csv] - WARNING - Estado FSM: AVANZA | Target Wall: None | Target Theta: 62.62° |theta: -142.26542053098342 
2026-06-01 12:58:39.630 - [robot_6_log_20260601_125830.csv] - DEBUG - Incoming data. Topic 6/pos, mensaje {"x": 180.47, "y": 68.86, "yaw": -2.483, "timestamp": 1780311519.6211824}
2026-06-01 12:58:39.630 - [robot_6_log_20260601_125830.csv] - DEBUG - Posición actualizada por visión: x=180.47, y=68.86, θ=-2.48
2026-06-01 12:58:39.630 - [robot_6_log_20260601_125830.csv] - DEBUG - Frecuencia: 13.21 Hz | Latencia Red/Proc: 9.29 ms
2026-06-01 12:58:39.635 - [robot_6_log_20260601_125830.csv] - DEBUG - Incoming data. Topic 6/pos, mensaje {"x": 180.47, "y": 68.86, "yaw": -2.483, "timestamp": 1780311519.6211824}
2026-06-01 12:58:39.640 - [robot_6_log_20260601_125830.csv] - DEBUG - Posición actualizada por visión: x=180.47, y=68.86, θ=-2.48
2026-06-01 12:58:39.644 - [robot_6_log_20260601_125830.csv] - INFO - Usando posición VISION: x=180.47, y=68.86, θ=-2.48
2026-06-01 12:58:39.644 - [robot_6_log_20260601_125830.csv] - DEBUG - Frecuencia: 72.95 Hz | Latencia Red/Proc: 23.00 ms
2026-06-01 12:58:39.644 - [robot_6_log_20260601_125830.csv] - INFO - Distancias a paredes: Left: 180.47, Right: 269.53, Top: 71.14, Bottom: 68.86
2026-06-01 12:58:39.644 - [robot_6_log_20260601_125830.csv] - INFO - Posicion: 180.47, 68.86, -2.483 | Velocidad: 0.6120044524325012, -0.7908543166745657
2026-06-01 12:58:39.644 - [robot_6_log_20260601_125830.csv] - INFO - None
2026-06-01 12:58:39.644 - [robot_6_log_20260601_125830.csv] - DEBUG - Incoming data. Topic 6/pos, mensaje {"x": 180.47, "y": 68.86, "yaw": -2.483, "timestamp": 1780311519.6299036}
2026-06-01 12:58:39.644 - [robot_6_log_20260601_125830.csv] - WARNING - Estado FSM: AVANZA | Target Wall: None | Target Theta: 62.62° |theta: -142.26542053098342 
2026-06-01 12:58:39.644 - [robot_6_log_20260601_125830.csv] - DEBUG - Posición actualizada por visión: x=180.47, y=68.86, θ=-2.48
2026-06-01 12:58:39.649 - [robot_6_log_20260601_125830.csv] - DEBUG - Frecuencia: 185.19 Hz | Latencia Red/Proc: 19.68 ms
2026-06-01 12:58:39.659 - [robot_6_log_20260601_125830.csv] - DEBUG - Incoming data. Topic 6/pos, mensaje {"x": 180.47, "y": 68.86, "yaw": -2.483, "timestamp": 1780311519.6299036}
2026-06-01 12:58:39.664 - [robot_6_log_20260601_125830.csv] - DEBUG - Posición actualizada por visión: x=180.47, y=68.86, θ=-2.48
2026-06-01 12:58:39.671 - [robot_6_log_20260601_125830.csv] - DEBUG - Frecuencia: 46.59 Hz | Latencia Red/Proc: 41.14 ms
2026-06-01 12:58:39.694 - [robot_6_log_20260601_125830.csv] - INFO - Usando posición VISION: x=180.47, y=68.86, θ=-2.48
2026-06-01 12:58:39.694 - [robot_6_log_20260601_125830.csv] - INFO - Distancias a paredes: Left: 180.47, Right: 269.53, Top: 71.14, Bottom: 68.86
2026-06-01 12:58:39.694 - [robot_6_log_20260601_125830.csv] - INFO - Posicion: 180.47, 68.86, -2.483 | Velocidad: 0.6120044524325012, -0.7908543166745657
2026-06-01 12:58:39.694 - [robot_6_log_20260601_125830.csv] - INFO - None
2026-06-01 12:58:39.694 - [robot_6_log_20260601_125830.csv] - WARNING - Estado FSM: AVANZA | Target Wall: None | Target Theta: 62.62° |theta: -142.26542053098342 
2026-06-01 12:58:39.725 - [robot_6_log_20260601_125830.csv] - DEBUG - Incoming data. Topic 6/pos, mensaje {"x": 181.84, "y": 67.2, "yaw": -2.475, "timestamp": 1780311519.7219222}
2026-06-01 12:58:39.725 - [robot_6_log_20260601_125830.csv] - DEBUG - Posición actualizada por visión: x=181.84, y=67.20, θ=-2.48
2026-06-01 12:58:39.725 - [robot_6_log_20260601_125830.csv] - DEBUG - Frecuencia: 18.41 Hz | Latencia Red/Proc: 3.43 ms
2026-06-01 12:58:39.725 - [robot_6_log_20260601_125830.csv] - DEBUG - Incoming data. Topic 6/pos, mensaje {"x": 181.84, "y": 67.2, "yaw": -2.475, "timestamp": 1780311519.7219222}
2026-06-01 12:58:39.725 - [robot_6_log_20260601_125830.csv] - DEBUG - Posición actualizada por visión: x=181.84, y=67.20, θ=-2.48
2026-06-01 12:58:39.725 - [robot_6_log_20260601_125830.csv] - DEBUG - Frecuencia: 17924.38 Hz | Latencia Red/Proc: 3.48 ms
2026-06-01 12:58:39.731 - [robot_6_log_20260601_125830.csv] - DEBUG - Incoming data. Topic 6/pos, mensaje {"x": 181.84, "y": 67.2, "yaw": -2.475, "timestamp": 1780311519.7303517}
2026-06-01 12:58:39.731 - [robot_6_log_20260601_125830.csv] - DEBUG - Posición actualizada por visión: x=181.84, y=67.20, θ=-2.48
2026-06-01 12:58:39.731 - [robot_6_log_20260601_125830.csv] - DEBUG - Frecuencia: 167.53 Hz | Latencia Red/Proc: 1.02 ms
2026-06-01 12:58:39.731 - [robot_6_log_20260601_125830.csv] - DEBUG - Incoming data. Topic 6/pos, mensaje {"x": 181.84, "y": 67.2, "yaw": -2.475, "timestamp": 1780311519.7303517}
2026-06-01 12:58:39.731 - [robot_6_log_20260601_125830.csv] - DEBUG - Posición actualizada por visión: x=181.84, y=67.20, θ=-2.48
2026-06-01 12:58:39.731 - [robot_6_log_20260601_125830.csv] - DEBUG - Frecuencia: 33825.03 Hz | Latencia Red/Proc: 1.05 ms
2026-06-01 12:58:39.744 - [robot_6_log_20260601_125830.csv] - INFO - Usando posición VISION: x=181.84, y=67.20, θ=-2.48
2026-06-01 12:58:39.744 - [robot_6_log_20260601_125830.csv] - INFO - Distancias a paredes: Left: 181.84, Right: 268.16, Top: 72.80, Bottom: 67.20
2026-06-01 12:58:39.744 - [robot_6_log_20260601_125830.csv] - INFO - Posicion: 181.84, 67.2, -2.475 | Velocidad: 0.6183116354418493, -0.7859330260761572
2026-06-01 12:58:39.744 - [robot_6_log_20260601_125830.csv] - INFO - None
2026-06-01 12:58:39.744 - [robot_6_log_20260601_125830.csv] - WARNING - Estado FSM: AVANZA | Target Wall: None | Target Theta: 62.62° |theta: -141.80705429487875 
2026-06-01 12:58:39.774 - [robot_6_log_20260601_125830.csv] - DEBUG - Incoming data. Topic agent/6/wheel, mensaje {"Wleft":6.195960905,"Wright":6.394269391}
2026-06-01 12:58:39.794 - [robot_6_log_20260601_125830.csv] - INFO - Usando posición VISION: x=181.84, y=67.20, θ=-2.48
2026-06-01 12:58:39.794 - [robot_6_log_20260601_125830.csv] - INFO - Distancias a paredes: Left: 181.84, Right: 268.16, Top: 72.80, Bottom: 67.20
2026-06-01 12:58:39.794 - [robot_6_log_20260601_125830.csv] - INFO - Posicion: 181.84, 67.2, -2.475 | Velocidad: 0.6183116354418493, -0.7859330260761572
2026-06-01 12:58:39.794 - [robot_6_log_20260601_125830.csv] - INFO - None
2026-06-01 12:58:39.794 - [robot_6_log_20260601_125830.csv] - WARNING - Estado FSM: AVANZA | Target Wall: None | Target Theta: 62.62° |theta: -141.80705429487875 
2026-06-01 12:58:39.805 - [robot_6_log_20260601_125830.csv] - DEBUG - Incoming data. Topic agent/6/wheel, mensaje {"Wleft":6.336293074,"Wright":6.313300809}
2026-06-01 12:58:39.824 - [robot_6_log_20260601_125830.csv] - DEBUG - Incoming data. Topic 6/pos, mensaje {"x": 183.18, "y": 65.49, "yaw": -2.469, "timestamp": 1780311519.821753}
2026-06-01 12:58:39.829 - [robot_6_log_20260601_125830.csv] - DEBUG - Posición actualizada por visión: x=183.18, y=65.49, θ=-2.47
2026-06-01 12:58:39.835 - [robot_6_log_20260601_125830.csv] - DEBUG - Frecuencia: 9.60 Hz | Latencia Red/Proc: 13.78 ms
2026-06-01 12:58:39.844 - [robot_6_log_20260601_125830.csv] - INFO - Usando posición VISION: x=183.18, y=65.49, θ=-2.47
2026-06-01 12:58:39.844 - [robot_6_log_20260601_125830.csv] - DEBUG - Incoming data. Topic 6/pos, mensaje {"x": 183.18, "y": 65.49, "yaw": -2.469, "timestamp": 1780311519.821753}
2026-06-01 12:58:39.844 - [robot_6_log_20260601_125830.csv] - INFO - Distancias a paredes: Left: 183.18, Right: 266.82, Top: 74.51, Bottom: 65.49
2026-06-01 12:58:39.844 - [robot_6_log_20260601_125830.csv] - DEBUG - Posición actualizada por visión: x=183.18, y=65.49, θ=-2.47
2026-06-01 12:58:39.844 - [robot_6_log_20260601_125830.csv] - INFO - Posicion: 183.18, 65.49, -2.469 | Velocidad: 0.6230160757287193, -0.7822090317706557
2026-06-01 12:58:39.844 - [robot_6_log_20260601_125830.csv] - DEBUG - Frecuencia: 114.11 Hz | Latencia Red/Proc: 22.54 ms
2026-06-01 12:58:39.844 - [robot_6_log_20260601_125830.csv] - INFO - None
2026-06-01 12:58:39.844 - [robot_6_log_20260601_125830.csv] - DEBUG - Incoming data. Topic 6/pos, mensaje {"x": 183.18, "y": 65.49, "yaw": -2.469, "timestamp": 1780311519.8323894}
2026-06-01 12:58:39.844 - [robot_6_log_20260601_125830.csv] - WARNING - Estado FSM: AVANZA | Target Wall: None | Target Theta: 62.62° |theta: -141.46327961780025 
2026-06-01 12:58:39.844 - [robot_6_log_20260601_125830.csv] - DEBUG - Posición actualizada por visión: x=183.18, y=65.49, θ=-2.47
2026-06-01 12:58:39.854 - [robot_6_log_20260601_125830.csv] - DEBUG - Frecuencia: 97.15 Hz | Latencia Red/Proc: 22.20 ms
2026-06-01 12:58:39.854 - [robot_6_log_20260601_125830.csv] - DEBUG - Incoming data. Topic 6/pos, mensaje {"x": 183.18, "y": 65.49, "yaw": -2.469, "timestamp": 1780311519.8323894}
2026-06-01 12:58:39.854 - [robot_6_log_20260601_125830.csv] - DEBUG - Posición actualizada por visión: x=183.18, y=65.49, θ=-2.47
2026-06-01 12:58:39.854 - [robot_6_log_20260601_125830.csv] - DEBUG - Frecuencia: 13066.37 Hz | Latencia Red/Proc: 22.27 ms
2026-06-01 12:58:39.894 - [robot_6_log_20260601_125830.csv] - INFO - Usando posición VISION: x=183.18, y=65.49, θ=-2.47
2026-06-01 12:58:39.894 - [robot_6_log_20260601_125830.csv] - INFO - Distancias a paredes: Left: 183.18, Right: 266.82, Top: 74.51, Bottom: 65.49
2026-06-01 12:58:39.894 - [robot_6_log_20260601_125830.csv] - INFO - Posicion: 183.18, 65.49, -2.469 | Velocidad: 0.6230160757287193, -0.7822090317706557
2026-06-01 12:58:39.894 - [robot_6_log_20260601_125830.csv] - INFO - None
2026-06-01 12:58:39.894 - [robot_6_log_20260601_125830.csv] - WARNING - Estado FSM: AVANZA | Target Wall: None | Target Theta: 62.62° |theta: -141.46327961780025 
2026-06-01 12:58:39.931 - [robot_6_log_20260601_125830.csv] - DEBUG - Incoming data. Topic 6/pos, mensaje {"x": 184.49, "y": 63.76, "yaw": -2.464, "timestamp": 1780311519.9214416}
2026-06-01 12:58:39.937 - [robot_6_log_20260601_125830.csv] - DEBUG - Posición actualizada por visión: x=184.49, y=63.76, θ=-2.46
2026-06-01 12:58:39.943 - [robot_6_log_20260601_125830.csv] - DEBUG - Frecuencia: 11.21 Hz | Latencia Red/Proc: 22.45 ms
2026-06-01 12:58:39.944 - [robot_6_log_20260601_125830.csv] - INFO - Usando posición VISION: x=184.49, y=63.76, θ=-2.46
2026-06-01 12:58:39.944 - [robot_6_log_20260601_125830.csv] - DEBUG - Incoming data. Topic 6/pos, mensaje {"x": 184.49, "y": 63.76, "yaw": -2.464, "timestamp": 1780311519.9214416}
2026-06-01 12:58:39.944 - [robot_6_log_20260601_125830.csv] - INFO - Distancias a paredes: Left: 184.49, Right: 265.51, Top: 76.24, Bottom: 63.76
2026-06-01 12:58:39.944 - [robot_6_log_20260601_125830.csv] - DEBUG - Posición actualizada por visión: x=184.49, y=63.76, θ=-2.46
2026-06-01 12:58:39.944 - [robot_6_log_20260601_125830.csv] - INFO - Posicion: 184.49, 63.76, -2.464 | Velocidad: 0.6269193169068491, -0.7790841867789704
2026-06-01 12:58:39.944 - [robot_6_log_20260601_125830.csv] - DEBUG - Frecuencia: 2549.73 Hz | Latencia Red/Proc: 22.84 ms
2026-06-01 12:58:39.944 - [robot_6_log_20260601_125830.csv] - INFO - None
2026-06-01 12:58:39.944 - [robot_6_log_20260601_125830.csv] - DEBUG - Incoming data. Topic 6/pos, mensaje {"x": 184.49, "y": 63.76, "yaw": -2.464, "timestamp": 1780311519.9332786}
2026-06-01 12:58:39.944 - [robot_6_log_20260601_125830.csv] - DEBUG - Posición actualizada por visión: x=184.49, y=63.76, θ=-2.46
2026-06-01 12:58:39.944 - [robot_6_log_20260601_125830.csv] - DEBUG - Frecuencia: 7449.92 Hz | Latencia Red/Proc: 11.14 ms
2026-06-01 12:58:39.944 - [robot_6_log_20260601_125830.csv] - WARNING - Estado FSM: AVANZA | Target Wall: None | Target Theta: 62.62° |theta: -141.17680072023484 
2026-06-01 12:58:39.949 - [robot_6_log_20260601_125830.csv] - DEBUG - Incoming data. Topic 6/pos, mensaje {"x": 184.49, "y": 63.76, "yaw": -2.464, "timestamp": 1780311519.9332786}
2026-06-01 12:58:39.949 - [robot_6_log_20260601_125830.csv] - DEBUG - Posición actualizada por visión: x=184.49, y=63.76, θ=-2.46
2026-06-01 12:58:39.949 - [robot_6_log_20260601_125830.csv] - DEBUG - Frecuencia: 194.36 Hz | Latencia Red/Proc: 16.29 ms
2026-06-01 12:58:39.979 - [robot_6_log_20260601_125830.csv] - DEBUG - Incoming data. Topic agent/6/wheel, mensaje {"Wleft":6.266616836,"Wright":6.48722664}
2026-06-01 12:58:39.994 - [robot_6_log_20260601_125830.csv] - INFO - Usando posición VISION: x=184.49, y=63.76, θ=-2.46
2026-06-01 12:58:39.994 - [robot_6_log_20260601_125830.csv] - INFO - Distancias a paredes: Left: 184.49, Right: 265.51, Top: 76.24, Bottom: 63.76
2026-06-01 12:58:39.994 - [robot_6_log_20260601_125830.csv] - INFO - Posicion: 184.49, 63.76, -2.464 | Velocidad: 0.6269193169068491, -0.7790841867789704
2026-06-01 12:58:39.994 - [robot_6_log_20260601_125830.csv] - INFO - None
2026-06-01 12:58:39.994 - [robot_6_log_20260601_125830.csv] - WARNING - Estado FSM: AVANZA | Target Wall: None | Target Theta: 62.62° |theta: -141.17680072023484 
2026-06-01 12:58:40.011 - [robot_6_log_20260601_125830.csv] - DEBUG - Incoming data. Topic agent/6/wheel, mensaje {"Wleft":6.375933116,"Wright":6.245724205}
2026-06-01 12:58:40.021 - [robot_6_log_20260601_125830.csv] - DEBUG - Incoming data. Topic 6/pos, mensaje {"x": 185.74, "y": 62.02, "yaw": -2.453, "timestamp": 1780311520.0209742}
2026-06-01 12:58:40.022 - [robot_6_log_20260601_125830.csv] - DEBUG - Posición actualizada por visión: x=185.74, y=62.02, θ=-2.45
2026-06-01 12:58:40.022 - [robot_6_log_20260601_125830.csv] - DEBUG - Frecuencia: 13.80 Hz | Latencia Red/Proc: 1.07 ms
2026-06-01 12:58:40.022 - [robot_6_log_20260601_125830.csv] - DEBUG - Incoming data. Topic 6/pos, mensaje {"x": 185.74, "y": 62.02, "yaw": -2.453, "timestamp": 1780311520.0209742}
2026-06-01 12:58:40.022 - [robot_6_log_20260601_125830.csv] - DEBUG - Posición actualizada por visión: x=185.74, y=62.02, θ=-2.45
2026-06-01 12:58:40.022 - [robot_6_log_20260601_125830.csv] - DEBUG - Frecuencia: 18808.54 Hz | Latencia Red/Proc: 1.12 ms
2026-06-01 12:58:40.034 - [robot_6_log_20260601_125830.csv] - DEBUG - Incoming data. Topic 6/pos, mensaje {"x": 185.74, "y": 62.02, "yaw": -2.453, "timestamp": 1780311520.0295749}
2026-06-01 12:58:40.039 - [robot_6_log_20260601_125830.csv] - DEBUG - Posición actualizada por visión: x=185.74, y=62.02, θ=-2.45
2026-06-01 12:58:40.039 - [robot_6_log_20260601_125830.csv] - DEBUG - Frecuencia: 57.87 Hz | Latencia Red/Proc: 9.80 ms
2026-06-01 12:58:40.039 - [robot_6_log_20260601_125830.csv] - DEBUG - Incoming data. Topic 6/pos, mensaje {"x": 185.74, "y": 62.02, "yaw": -2.453, "timestamp": 1780311520.0295749}
2026-06-01 12:58:40.044 - [robot_6_log_20260601_125830.csv] - DEBUG - Posición actualizada por visión: x=185.74, y=62.02, θ=-2.45
2026-06-01 12:58:40.044 - [robot_6_log_20260601_125830.csv] - DEBUG - Frecuencia: 206.94 Hz | Latencia Red/Proc: 14.64 ms
2026-06-01 12:58:40.044 - [robot_6_log_20260601_125830.csv] - INFO - Usando posición VISION: x=185.74, y=62.02, θ=-2.45
2026-06-01 12:58:40.044 - [robot_6_log_20260601_125830.csv] - INFO - Distancias a paredes: Left: 185.74, Right: 264.26, Top: 77.98, Bottom: 62.02
2026-06-01 12:58:40.044 - [robot_6_log_20260601_125830.csv] - INFO - Posicion: 185.74, 62.02, -2.453 | Velocidad: 0.6354511418993939, -0.7721410792457272
2026-06-01 12:58:40.044 - [robot_6_log_20260601_125830.csv] - INFO - None
2026-06-01 12:58:40.044 - [robot_6_log_20260601_125830.csv] - WARNING - Estado FSM: AVANZA | Target Wall: None | Target Theta: 62.62° |theta: -140.54654714559092 
2026-06-01 12:58:40.094 - [robot_6_log_20260601_125830.csv] - INFO - Usando posición VISION: x=185.74, y=62.02, θ=-2.45
2026-06-01 12:58:40.094 - [robot_6_log_20260601_125830.csv] - INFO - Distancias a paredes: Left: 185.74, Right: 264.26, Top: 77.98, Bottom: 62.02
2026-06-01 12:58:40.094 - [robot_6_log_20260601_125830.csv] - INFO - Posicion: 185.74, 62.02, -2.453 | Velocidad: 0.6354511418993939, -0.7721410792457272
2026-06-01 12:58:40.094 - [robot_6_log_20260601_125830.csv] - INFO - None
2026-06-01 12:58:40.094 - [robot_6_log_20260601_125830.csv] - WARNING - Estado FSM: AVANZA | Target Wall: None | Target Theta: 62.62° |theta: -140.54654714559092 
2026-06-01 12:58:40.110 - [robot_6_log_20260601_125830.csv] - DEBUG - Incoming data. Topic agent/6/wheel, mensaje {"Wleft":6.14785764,"Wright":6.307350458}
2026-06-01 12:58:40.122 - [robot_6_log_20260601_125830.csv] - DEBUG - Incoming data. Topic 6/pos, mensaje {"x": 187.02, "y": 60.2, "yaw": -2.451, "timestamp": 1780311520.1190743}
2026-06-01 12:58:40.122 - [robot_6_log_20260601_125830.csv] - DEBUG - Posición actualizada por visión: x=187.02, y=60.20, θ=-2.45
2026-06-01 12:58:40.122 - [robot_6_log_20260601_125830.csv] - DEBUG - Frecuencia: 12.79 Hz | Latencia Red/Proc: 3.32 ms
2026-06-01 12:58:40.122 - [robot_6_log_20260601_125830.csv] - DEBUG - Incoming data. Topic 6/pos, mensaje {"x": 187.02, "y": 60.2, "yaw": -2.451, "timestamp": 1780311520.1190743}
2026-06-01 12:58:40.122 - [robot_6_log_20260601_125830.csv] - DEBUG - Posición actualizada por visión: x=187.02, y=60.20, θ=-2.45
2026-06-01 12:58:40.127 - [robot_6_log_20260601_125830.csv] - DEBUG - Frecuencia: 193.85 Hz | Latencia Red/Proc: 8.48 ms
2026-06-01 12:58:40.132 - [robot_6_log_20260601_125830.csv] - DEBUG - Incoming data. Topic 6/pos, mensaje {"x": 187.02, "y": 60.2, "yaw": -2.451, "timestamp": 1780311520.127611}
2026-06-01 12:58:40.132 - [robot_6_log_20260601_125830.csv] - DEBUG - Posición actualizada por visión: x=187.02, y=60.20, θ=-2.45
2026-06-01 12:58:40.132 - [robot_6_log_20260601_125830.csv] - DEBUG - Frecuencia: 192.65 Hz | Latencia Red/Proc: 5.13 ms
2026-06-01 12:58:40.137 - [robot_6_log_20260601_125830.csv] - DEBUG - Incoming data. Topic 6/pos, mensaje {"x": 187.02, "y": 60.2, "yaw": -2.451, "timestamp": 1780311520.127611}
2026-06-01 12:58:40.142 - [robot_6_log_20260601_125830.csv] - DEBUG - Posición actualizada por visión: x=187.02, y=60.20, θ=-2.45
2026-06-01 12:58:40.144 - [robot_6_log_20260601_125830.csv] - DEBUG - Frecuencia: 86.69 Hz | Latencia Red/Proc: 16.67 ms
2026-06-01 12:58:40.144 - [robot_6_log_20260601_125830.csv] - INFO - Usando posición VISION: x=187.02, y=60.20, θ=-2.45
2026-06-01 12:58:40.144 - [robot_6_log_20260601_125830.csv] - INFO - Distancias a paredes: Left: 187.02, Right: 262.98, Top: 79.80, Bottom: 60.20
2026-06-01 12:58:40.144 - [robot_6_log_20260601_125830.csv] - INFO - Posicion: 187.02, 60.2, -2.451 | Velocidad: 0.6369941521265038, -0.7708686335275529
2026-06-01 12:58:40.144 - [robot_6_log_20260601_125830.csv] - INFO - None
2026-06-01 12:58:40.144 - [robot_6_log_20260601_125830.csv] - WARNING - Estado FSM: AVANZA | Target Wall: None | Target Theta: 62.62° |theta: -140.43195558656478 
2026-06-01 12:58:40.194 - [robot_6_log_20260601_125830.csv] - INFO - Usando posición VISION: x=187.02, y=60.20, θ=-2.45
2026-06-01 12:58:40.194 - [robot_6_log_20260601_125830.csv] - INFO - Distancias a paredes: Left: 187.02, Right: 262.98, Top: 79.80, Bottom: 60.20
2026-06-01 12:58:40.194 - [robot_6_log_20260601_125830.csv] - INFO - Posicion: 187.02, 60.2, -2.451 | Velocidad: 0.6369941521265038, -0.7708686335275529
2026-06-01 12:58:40.194 - [robot_6_log_20260601_125830.csv] - INFO - None
2026-06-01 12:58:40.194 - [robot_6_log_20260601_125830.csv] - WARNING - Estado FSM: AVANZA | Target Wall: None | Target Theta: 62.62° |theta: -140.43195558656478 
2026-06-01 12:58:40.225 - [robot_6_log_20260601_125830.csv] - DEBUG - Incoming data. Topic 6/pos, mensaje {"x": 188.33, "y": 58.4, "yaw": -2.466, "timestamp": 1780311520.2196577}
2026-06-01 12:58:40.230 - [robot_6_log_20260601_125830.csv] - DEBUG - Posición actualizada por visión: x=188.33, y=58.40, θ=-2.47
2026-06-01 12:58:40.236 - [robot_6_log_20260601_125830.csv] - DEBUG - Frecuencia: 10.79 Hz | Latencia Red/Proc: 17.30 ms
2026-06-01 12:58:40.244 - [robot_6_log_20260601_125830.csv] - INFO - Usando posición VISION: x=188.33, y=58.40, θ=-2.47
2026-06-01 12:58:40.244 - [robot_6_log_20260601_125830.csv] - INFO - Distancias a paredes: Left: 188.33, Right: 261.67, Top: 81.60, Bottom: 58.40
2026-06-01 12:58:40.244 - [robot_6_log_20260601_125830.csv] - INFO - Posicion: 188.33, 58.4, -2.466 | Velocidad: 0.6253598957338539, -0.7803364664090379
2026-06-01 12:58:40.244 - [robot_6_log_20260601_125830.csv] - INFO - None
2026-06-01 12:58:40.244 - [robot_6_log_20260601_125830.csv] - DEBUG - Incoming data. Topic 6/pos, mensaje {"x": 188.33, "y": 58.4, "yaw": -2.466, "timestamp": 1780311520.2196577}
2026-06-01 12:58:40.244 - [robot_6_log_20260601_125830.csv] - WARNING - Estado FSM: AVANZA | Target Wall: None | Target Theta: 62.62° |theta: -141.29139227926103 
2026-06-01 12:58:40.244 - [robot_6_log_20260601_125830.csv] - DEBUG - Posición actualizada por visión: x=188.33, y=58.40, θ=-2.47
2026-06-01 12:58:40.260 - [robot_6_log_20260601_125830.csv] - DEBUG - Frecuencia: 43.15 Hz | Latencia Red/Proc: 40.47 ms
2026-06-01 12:58:40.275 - [robot_6_log_20260601_125830.csv] - DEBUG - Incoming data. Topic 6/pos, mensaje {"x": 188.33, "y": 58.4, "yaw": -2.466, "timestamp": 1780311520.228685}
2026-06-01 12:58:40.294 - [robot_6_log_20260601_125830.csv] - INFO - Usando posición VISION: x=188.33, y=58.40, θ=-2.47
2026-06-01 12:58:40.294 - [robot_6_log_20260601_125830.csv] - INFO - Distancias a paredes: Left: 188.33, Right: 261.67, Top: 81.60, Bottom: 58.40
2026-06-01 12:58:40.294 - [robot_6_log_20260601_125830.csv] - INFO - Posicion: 188.33, 58.4, -2.466 | Velocidad: 0.6253598957338539, -0.7803364664090379
2026-06-01 12:58:40.294 - [robot_6_log_20260601_125830.csv] - INFO - None
2026-06-01 12:58:40.294 - [robot_6_log_20260601_125830.csv] - DEBUG - Posición actualizada por visión: x=188.33, y=58.40, θ=-2.47
2026-06-01 12:58:40.294 - [robot_6_log_20260601_125830.csv] - WARNING - Estado FSM: AVANZA | Target Wall: None | Target Theta: 62.62° |theta: -141.29139227926103 
2026-06-01 12:58:40.294 - [robot_6_log_20260601_125830.csv] - DEBUG - Frecuencia: 29.09 Hz | Latencia Red/Proc: 65.82 ms
2026-06-01 12:58:40.299 - [robot_6_log_20260601_125830.csv] - DEBUG - Incoming data. Topic 6/pos, mensaje {"x": 188.33, "y": 58.4, "yaw": -2.466, "timestamp": 1780311520.228685}
2026-06-01 12:58:40.299 - [robot_6_log_20260601_125830.csv] - DEBUG - Posición actualizada por visión: x=188.33, y=58.40, θ=-2.47
2026-06-01 12:58:40.305 - [robot_6_log_20260601_125830.csv] - DEBUG - Frecuencia: 94.35 Hz | Latencia Red/Proc: 76.42 ms
2026-06-01 12:58:40.310 - [robot_6_log_20260601_125830.csv] - DEBUG - Incoming data. Topic agent/6/wheel, mensaje {"Wleft":6.468303749,"Wright":6.240869561}
2026-06-01 12:58:40.310 - [robot_6_log_20260601_125830.csv] - DEBUG - Incoming data. Topic agent/6/wheel, mensaje {"Wleft":6.211916093,"Wright":6.10289059}
2026-06-01 12:58:40.322 - [robot_6_log_20260601_125830.csv] - DEBUG - Incoming data. Topic 6/pos, mensaje {"x": 189.71, "y": 56.59, "yaw": -2.472, "timestamp": 1780311520.3190124}
2026-06-01 12:58:40.327 - [robot_6_log_20260601_125830.csv] - DEBUG - Posición actualizada por visión: x=189.71, y=56.59, θ=-2.47
2026-06-01 12:58:40.332 - [robot_6_log_20260601_125830.csv] - DEBUG - Frecuencia: 36.21 Hz | Latencia Red/Proc: 13.71 ms
2026-06-01 12:58:40.337 - [robot_6_log_20260601_125830.csv] - DEBUG - Incoming data. Topic 6/pos, mensaje {"x": 189.71, "y": 56.59, "yaw": -2.472, "timestamp": 1780311520.3190124}
2026-06-01 12:58:40.342 - [robot_6_log_20260601_125830.csv] - DEBUG - Posición actualizada por visión: x=189.71, y=56.59, θ=-2.47
2026-06-01 12:58:40.342 - [robot_6_log_20260601_125830.csv] - DEBUG - Frecuencia: 97.56 Hz | Latencia Red/Proc: 23.96 ms
2026-06-01 12:58:40.344 - [robot_6_log_20260601_125830.csv] - INFO - Usando posición VISION: x=189.71, y=56.59, θ=-2.47
2026-06-01 12:58:40.344 - [robot_6_log_20260601_125830.csv] - DEBUG - Incoming data. Topic 6/pos, mensaje {"x": 189.71, "y": 56.59, "yaw": -2.472, "timestamp": 1780311520.3282957}
2026-06-01 12:58:40.344 - [robot_6_log_20260601_125830.csv] - INFO - Distancias a paredes: Left: 189.71, Right: 260.29, Top: 83.41, Bottom: 56.59
2026-06-01 12:58:40.344 - [robot_6_log_20260601_125830.csv] - DEBUG - Posición actualizada por visión: x=189.71, y=56.59, θ=-2.47
2026-06-01 12:58:40.344 - [robot_6_log_20260601_125830.csv] - INFO - Posicion: 189.71, 56.59, -2.472 | Velocidad: 0.6206666485831082, -0.7840745572562678
2026-06-01 12:58:40.344 - [robot_6_log_20260601_125830.csv] - DEBUG - Frecuencia: 736.10 Hz | Latencia Red/Proc: 16.03 ms
2026-06-01 12:58:40.344 - [robot_6_log_20260601_125830.csv] - INFO - None
2026-06-01 12:58:40.344 - [robot_6_log_20260601_125830.csv] - DEBUG - Incoming data. Topic 6/pos, mensaje {"x": 189.71, "y": 56.59, "yaw": -2.472, "timestamp": 1780311520.3282957}
2026-06-01 12:58:40.344 - [robot_6_log_20260601_125830.csv] - WARNING - Estado FSM: AVANZA | Target Wall: None | Target Theta: 62.62° |theta: -141.6351669563395 
2026-06-01 12:58:40.344 - [robot_6_log_20260601_125830.csv] - DEBUG - Posición actualizada por visión: x=189.71, y=56.59, θ=-2.47
2026-06-01 12:58:40.349 - [robot_6_log_20260601_125830.csv] - DEBUG - Frecuencia: 187.65 Hz | Latencia Red/Proc: 21.36 ms
2026-06-01 12:58:40.394 - [robot_6_log_20260601_125830.csv] - INFO - Usando posición VISION: x=189.71, y=56.59, θ=-2.47
2026-06-01 12:58:40.394 - [robot_6_log_20260601_125830.csv] - INFO - Distancias a paredes: Left: 189.71, Right: 260.29, Top: 83.41, Bottom: 56.59
2026-06-01 12:58:40.394 - [robot_6_log_20260601_125830.csv] - INFO - Posicion: 189.71, 56.59, -2.472 | Velocidad: 0.6206666485831082, -0.7840745572562678
2026-06-01 12:58:40.394 - [robot_6_log_20260601_125830.csv] - INFO - None
2026-06-01 12:58:40.394 - [robot_6_log_20260601_125830.csv] - WARNING - Estado FSM: AVANZA | Target Wall: None | Target Theta: 62.62° |theta: -141.6351669563395 
2026-06-01 12:58:40.436 - [robot_6_log_20260601_125830.csv] - DEBUG - Incoming data. Topic 6/pos, mensaje {"x": 191.11, "y": 54.85, "yaw": -2.476, "timestamp": 1780311520.4260042}
2026-06-01 12:58:40.441 - [robot_6_log_20260601_125830.csv] - DEBUG - Posición actualizada por visión: x=191.11, y=54.85, θ=-2.48
2026-06-01 12:58:40.444 - [robot_6_log_20260601_125830.csv] - INFO - Usando posición VISION: x=191.11, y=54.85, θ=-2.48
2026-06-01 12:58:40.444 - [robot_6_log_20260601_125830.csv] - DEBUG - Frecuencia: 10.57 Hz | Latencia Red/Proc: 18.22 ms
2026-06-01 12:58:40.444 - [robot_6_log_20260601_125830.csv] - INFO - Distancias a paredes: Left: 191.11, Right: 258.89, Top: 85.15, Bottom: 54.85
2026-06-01 12:58:40.444 - [robot_6_log_20260601_125830.csv] - INFO - Posicion: 191.11, 54.85, -2.476 | Velocidad: 0.6175253933909701, -0.7865509446420668
2026-06-01 12:58:40.444 - [robot_6_log_20260601_125830.csv] - INFO - None
2026-06-01 12:58:40.444 - [robot_6_log_20260601_125830.csv] - DEBUG - Incoming data. Topic 6/pos, mensaje {"x": 191.11, "y": 54.85, "yaw": -2.476, "timestamp": 1780311520.4260042}
2026-06-01 12:58:40.444 - [robot_6_log_20260601_125830.csv] - WARNING - Estado FSM: AVANZA | Target Wall: None | Target Theta: 62.62° |theta: -141.86435007439184 
2026-06-01 12:58:40.444 - [robot_6_log_20260601_125830.csv] - DEBUG - Posición actualizada por visión: x=191.11, y=54.85, θ=-2.48
2026-06-01 12:58:40.449 - [robot_6_log_20260601_125830.csv] - DEBUG - Frecuencia: 185.02 Hz | Latencia Red/Proc: 23.62 ms
2026-06-01 12:58:40.454 - [robot_6_log_20260601_125830.csv] - DEBUG - Incoming data. Topic 6/pos, mensaje {"x": 191.11, "y": 54.85, "yaw": -2.476, "timestamp": 1780311520.4365785}
2026-06-01 12:58:40.454 - [robot_6_log_20260601_125830.csv] - DEBUG - Posición actualizada por visión: x=191.11, y=54.85, θ=-2.48
2026-06-01 12:58:40.454 - [robot_6_log_20260601_125830.csv] - DEBUG - Frecuencia: 192.49 Hz | Latencia Red/Proc: 18.25 ms
2026-06-01 12:58:40.454 - [robot_6_log_20260601_125830.csv] - DEBUG - Incoming data. Topic 6/pos, mensaje {"x": 191.11, "y": 54.85, "yaw": -2.476, "timestamp": 1780311520.4365785}
2026-06-01 12:58:40.454 - [robot_6_log_20260601_125830.csv] - DEBUG - Posición actualizada por visión: x=191.11, y=54.85, θ=-2.48
2026-06-01 12:58:40.454 - [robot_6_log_20260601_125830.csv] - DEBUG - Frecuencia: 14122.24 Hz | Latencia Red/Proc: 18.32 ms
2026-06-01 12:58:40.479 - [robot_6_log_20260601_125830.csv] - DEBUG - Incoming data. Topic agent/6/wheel, mensaje {"Wleft":6.474244917,"Wright":6.099492582}
2026-06-01 12:58:40.494 - [robot_6_log_20260601_125830.csv] - INFO - Usando posición VISION: x=191.11, y=54.85, θ=-2.48
2026-06-01 12:58:40.494 - [robot_6_log_20260601_125830.csv] - INFO - Distancias a paredes: Left: 191.11, Right: 258.89, Top: 85.15, Bottom: 54.85
2026-06-01 12:58:40.494 - [robot_6_log_20260601_125830.csv] - INFO - Posicion: 191.11, 54.85, -2.476 | Velocidad: 0.6175253933909701, -0.7865509446420668
2026-06-01 12:58:40.494 - [robot_6_log_20260601_125830.csv] - INFO - None
2026-06-01 12:58:40.494 - [robot_6_log_20260601_125830.csv] - WARNING - Estado FSM: AVANZA | Target Wall: None | Target Theta: 62.62° |theta: -141.86435007439184 
2026-06-01 12:58:40.511 - [robot_6_log_20260601_125830.csv] - DEBUG - Incoming data. Topic agent/6/wheel, mensaje {"Wleft":6.158638018,"Wright":6.09303939}
2026-06-01 12:58:40.529 - [robot_6_log_20260601_125830.csv] - DEBUG - Incoming data. Topic 6/pos, mensaje {"x": 192.53, "y": 53.14, "yaw": -2.486, "timestamp": 1780311520.5193675}
2026-06-01 12:58:40.529 - [robot_6_log_20260601_125830.csv] - DEBUG - Posición actualizada por visión: x=192.53, y=53.14, θ=-2.49
2026-06-01 12:58:40.529 - [robot_6_log_20260601_125830.csv] - DEBUG - Frecuencia: 13.34 Hz | Latencia Red/Proc: 10.48 ms
2026-06-01 12:58:40.529 - [robot_6_log_20260601_125830.csv] - DEBUG - Incoming data. Topic 6/pos, mensaje {"x": 192.53, "y": 53.14, "yaw": -2.486, "timestamp": 1780311520.5193675}
2026-06-01 12:58:40.529 - [robot_6_log_20260601_125830.csv] - DEBUG - Posición actualizada por visión: x=192.53, y=53.14, θ=-2.49
2026-06-01 12:58:40.529 - [robot_6_log_20260601_125830.csv] - DEBUG - Frecuencia: 10485.76 Hz | Latencia Red/Proc: 10.57 ms
2026-06-01 12:58:40.529 - [robot_6_log_20260601_125830.csv] - DEBUG - Incoming data. Topic 6/pos, mensaje {"x": 192.53, "y": 53.14, "yaw": -2.486, "timestamp": 1780311520.528469}
2026-06-01 12:58:40.530 - [robot_6_log_20260601_125830.csv] - DEBUG - Posición actualizada por visión: x=192.53, y=53.14, θ=-2.49
2026-06-01 12:58:40.530 - [robot_6_log_20260601_125830.csv] - DEBUG - Frecuencia: 12446.01 Hz | Latencia Red/Proc: 1.55 ms
2026-06-01 12:58:40.530 - [robot_6_log_20260601_125830.csv] - DEBUG - Incoming data. Topic 6/pos, mensaje {"x": 192.53, "y": 53.14, "yaw": -2.486, "timestamp": 1780311520.528469}
2026-06-01 12:58:40.530 - [robot_6_log_20260601_125830.csv] - DEBUG - Posición actualizada por visión: x=192.53, y=53.14, θ=-2.49
2026-06-01 12:58:40.535 - [robot_6_log_20260601_125830.csv] - DEBUG - Frecuencia: 194.50 Hz | Latencia Red/Proc: 6.69 ms
2026-06-01 12:58:40.544 - [robot_6_log_20260601_125830.csv] - INFO - Usando posición VISION: x=192.53, y=53.14, θ=-2.49
2026-06-01 12:58:40.544 - [robot_6_log_20260601_125830.csv] - INFO - Distancias a paredes: Left: 192.53, Right: 257.47, Top: 86.86, Bottom: 53.14
2026-06-01 12:58:40.544 - [robot_6_log_20260601_125830.csv] - INFO - Posicion: 192.53, 53.14, -2.486 | Velocidad: 0.6096291390233498, -0.7926867684360887
2026-06-01 12:58:40.544 - [robot_6_log_20260601_125830.csv] - INFO - None
2026-06-01 12:58:40.544 - [robot_6_log_20260601_125830.csv] - WARNING - Estado FSM: AVANZA | Target Wall: None | Target Theta: 62.62° |theta: -142.43730786952267 
2026-06-01 12:58:40.594 - [robot_6_log_20260601_125830.csv] - INFO - Usando posición VISION: x=192.53, y=53.14, θ=-2.49
2026-06-01 12:58:40.594 - [robot_6_log_20260601_125830.csv] - INFO - Distancias a paredes: Left: 192.53, Right: 257.47, Top: 86.86, Bottom: 53.14
2026-06-01 12:58:40.594 - [robot_6_log_20260601_125830.csv] - INFO - Posicion: 192.53, 53.14, -2.486 | Velocidad: 0.6096291390233498, -0.7926867684360887
2026-06-01 12:58:40.594 - [robot_6_log_20260601_125830.csv] - INFO - None
2026-06-01 12:58:40.594 - [robot_6_log_20260601_125830.csv] - WARNING - Estado FSM: AVANZA | Target Wall: None | Target Theta: 62.62° |theta: -142.43730786952267 
2026-06-01 12:58:40.623 - [robot_6_log_20260601_125830.csv] - DEBUG - Incoming data. Topic 6/pos, mensaje {"x": 193.93, "y": 51.41, "yaw": -2.481, "timestamp": 1780311520.621448}
2026-06-01 12:58:40.629 - [robot_6_log_20260601_125830.csv] - DEBUG - Posición actualizada por visión: x=193.93, y=51.41, θ=-2.48
2026-06-01 12:58:40.634 - [robot_6_log_20260601_125830.csv] - DEBUG - Frecuencia: 10.09 Hz | Latencia Red/Proc: 12.78 ms
2026-06-01 12:58:40.639 - [robot_6_log_20260601_125830.csv] - DEBUG - Incoming data. Topic 6/pos, mensaje {"x": 193.93, "y": 51.41, "yaw": -2.481, "timestamp": 1780311520.621448}
2026-06-01 12:58:40.639 - [robot_6_log_20260601_125830.csv] - DEBUG - Posición actualizada por visión: x=193.93, y=51.41, θ=-2.48
2026-06-01 12:58:40.644 - [robot_6_log_20260601_125830.csv] - INFO - Usando posición VISION: x=193.93, y=51.41, θ=-2.48
2026-06-01 12:58:40.644 - [robot_6_log_20260601_125830.csv] - DEBUG - Frecuencia: 100.55 Hz | Latencia Red/Proc: 22.73 ms
2026-06-01 12:58:40.644 - [robot_6_log_20260601_125830.csv] - INFO - Distancias a paredes: Left: 193.93, Right: 256.07, Top: 88.59, Bottom: 51.41
2026-06-01 12:58:40.644 - [robot_6_log_20260601_125830.csv] - INFO - Posicion: 193.93, 51.41, -2.481 | Velocidad: 0.6135849360028814, -0.7896287268776003
2026-06-01 12:58:40.644 - [robot_6_log_20260601_125830.csv] - INFO - None
2026-06-01 12:58:40.644 - [robot_6_log_20260601_125830.csv] - DEBUG - Incoming data. Topic 6/pos, mensaje {"x": 193.93, "y": 51.41, "yaw": -2.481, "timestamp": 1780311520.6323578}
2026-06-01 12:58:40.644 - [robot_6_log_20260601_125830.csv] - WARNING - Estado FSM: AVANZA | Target Wall: None | Target Theta: 62.62° |theta: -142.15082897195722 
2026-06-01 12:58:40.644 - [robot_6_log_20260601_125830.csv] - DEBUG - Posición actualizada por visión: x=193.93, y=51.41, θ=-2.48
2026-06-01 12:58:40.649 - [robot_6_log_20260601_125830.csv] - DEBUG - Frecuencia: 188.65 Hz | Latencia Red/Proc: 17.12 ms
2026-06-01 12:58:40.654 - [robot_6_log_20260601_125830.csv] - DEBUG - Incoming data. Topic 6/pos, mensaje {"x": 193.93, "y": 51.41, "yaw": -2.481, "timestamp": 1780311520.6323578}
2026-06-01 12:58:40.654 - [robot_6_log_20260601_125830.csv] - DEBUG - Posición actualizada por visión: x=193.93, y=51.41, θ=-2.48
2026-06-01 12:58:40.659 - [robot_6_log_20260601_125830.csv] - DEBUG - Frecuencia: 97.48 Hz | Latencia Red/Proc: 27.38 ms
2026-06-01 12:58:40.677 - [robot_6_log_20260601_125830.csv] - DEBUG - Incoming data. Topic agent/6/wheel, mensaje {"Wleft":6.403052141,"Wright":6.254905557}
2026-06-01 12:58:40.694 - [robot_6_log_20260601_125830.csv] - INFO - Usando posición VISION: x=193.93, y=51.41, θ=-2.48
2026-06-01 12:58:40.694 - [robot_6_log_20260601_125830.csv] - INFO - Distancias a paredes: Left: 193.93, Right: 256.07, Top: 88.59, Bottom: 51.41
2026-06-01 12:58:40.694 - [robot_6_log_20260601_125830.csv] - INFO - Posicion: 193.93, 51.41, -2.481 | Velocidad: 0.6135849360028814, -0.7896287268776003
2026-06-01 12:58:40.694 - [robot_6_log_20260601_125830.csv] - INFO - None
2026-06-01 12:58:40.694 - [robot_6_log_20260601_125830.csv] - WARNING - Estado FSM: AVANZA | Target Wall: None | Target Theta: 62.62° |theta: -142.15082897195722 
2026-06-01 12:58:40.710 - [robot_6_log_20260601_125830.csv] - DEBUG - Incoming data. Topic agent/6/wheel, mensaje {"Wleft":6.203535898,"Wright":6.359358154}
2026-06-01 12:58:40.732 - [robot_6_log_20260601_125830.csv] - DEBUG - Incoming data. Topic 6/pos, mensaje {"x": 195.32, "y": 49.69, "yaw": -2.484, "timestamp": 1780311520.7222054}
2026-06-01 12:58:40.737 - [robot_6_log_20260601_125830.csv] - DEBUG - Posición actualizada por visión: x=195.32, y=49.69, θ=-2.48
2026-06-01 12:58:40.742 - [robot_6_log_20260601_125830.csv] - DEBUG - Frecuencia: 12.01 Hz | Latencia Red/Proc: 20.76 ms
2026-06-01 12:58:40.743 - [robot_6_log_20260601_125830.csv] - DEBUG - Incoming data. Topic 6/pos, mensaje {"x": 195.32, "y": 49.69, "yaw": -2.484, "timestamp": 1780311520.7222054}
2026-06-01 12:58:40.743 - [robot_6_log_20260601_125830.csv] - DEBUG - Posición actualizada por visión: x=195.32, y=49.69, θ=-2.48
2026-06-01 12:58:40.744 - [robot_6_log_20260601_125830.csv] - INFO - Usando posición VISION: x=195.32, y=49.69, θ=-2.48
2026-06-01 12:58:40.744 - [robot_6_log_20260601_125830.csv] - DEBUG - Frecuencia: 824.03 Hz | Latencia Red/Proc: 21.98 ms
2026-06-01 12:58:40.744 - [robot_6_log_20260601_125830.csv] - INFO - Distancias a paredes: Left: 195.32, Right: 254.68, Top: 90.31, Bottom: 49.69
2026-06-01 12:58:40.744 - [robot_6_log_20260601_125830.csv] - DEBUG - Incoming data. Topic 6/pos, mensaje {"x": 195.32, "y": 49.69, "yaw": -2.484, "timestamp": 1780311520.7330856}
2026-06-01 12:58:40.744 - [robot_6_log_20260601_125830.csv] - INFO - Posicion: 195.32, 49.69, -2.484 | Velocidad: 0.6112132922454351, -0.7914659255978721
2026-06-01 12:58:40.744 - [robot_6_log_20260601_125830.csv] - DEBUG - Posición actualizada por visión: x=195.32, y=49.69, θ=-2.48
2026-06-01 12:58:40.744 - [robot_6_log_20260601_125830.csv] - INFO - None
2026-06-01 12:58:40.744 - [robot_6_log_20260601_125830.csv] - DEBUG - Frecuencia: 4946.11 Hz | Latencia Red/Proc: 11.30 ms
2026-06-01 12:58:40.744 - [robot_6_log_20260601_125830.csv] - WARNING - Estado FSM: AVANZA | Target Wall: None | Target Theta: 62.62° |theta: -142.3227163104965 
2026-06-01 12:58:40.744 - [robot_6_log_20260601_125830.csv] - DEBUG - Incoming data. Topic 6/pos, mensaje {"x": 195.32, "y": 49.69, "yaw": -2.484, "timestamp": 1780311520.7330856}
2026-06-01 12:58:40.749 - [robot_6_log_20260601_125830.csv] - DEBUG - Posición actualizada por visión: x=195.32, y=49.69, θ=-2.48
2026-06-01 12:58:40.754 - [robot_6_log_20260601_125830.csv] - DEBUG - Frecuencia: 96.94 Hz | Latencia Red/Proc: 21.62 ms
2026-06-01 12:58:40.794 - [robot_6_log_20260601_125830.csv] - INFO - Usando posición VISION: x=195.32, y=49.69, θ=-2.48
2026-06-01 12:58:40.794 - [robot_6_log_20260601_125830.csv] - INFO - Distancias a paredes: Left: 195.32, Right: 254.68, Top: 90.31, Bottom: 49.69
2026-06-01 12:58:40.794 - [robot_6_log_20260601_125830.csv] - INFO - Posicion: 195.32, 49.69, -2.484 | Velocidad: 0.6112132922454351, -0.7914659255978721
2026-06-01 12:58:40.794 - [robot_6_log_20260601_125830.csv] - INFO - None
2026-06-01 12:58:40.794 - [robot_6_log_20260601_125830.csv] - WARNING - Estado FSM: AVANZA | Target Wall: None | Target Theta: 62.62° |theta: -142.3227163104965 
2026-06-01 12:58:40.825 - [robot_6_log_20260601_125830.csv] - DEBUG - Incoming data. Topic 6/pos, mensaje {"x": 196.68, "y": 47.9, "yaw": -2.467, "timestamp": 1780311520.8215961}
2026-06-01 12:58:40.825 - [robot_6_log_20260601_125830.csv] - DEBUG - Posición actualizada por visión: x=196.68, y=47.90, θ=-2.47
2026-06-01 12:58:40.835 - [robot_6_log_20260601_125830.csv] - DEBUG - Frecuencia: 12.37 Hz | Latencia Red/Proc: 13.92 ms
2026-06-01 12:58:40.840 - [robot_6_log_20260601_125830.csv] - DEBUG - Incoming data. Topic 6/pos, mensaje {"x": 196.68, "y": 47.9, "yaw": -2.467, "timestamp": 1780311520.8215961}
2026-06-01 12:58:40.840 - [robot_6_log_20260601_125830.csv] - DEBUG - Posición actualizada por visión: x=196.68, y=47.90, θ=-2.47
2026-06-01 12:58:40.840 - [robot_6_log_20260601_125830.csv] - DEBUG - Frecuencia: 189.41 Hz | Latencia Red/Proc: 19.20 ms
2026-06-01 12:58:40.840 - [robot_6_log_20260601_125830.csv] - DEBUG - Incoming data. Topic 6/pos, mensaje {"x": 196.68, "y": 47.9, "yaw": -2.467, "timestamp": 1780311520.8320642}
2026-06-01 12:58:40.840 - [robot_6_log_20260601_125830.csv] - DEBUG - Posición actualizada por visión: x=196.68, y=47.90, θ=-2.47
2026-06-01 12:58:40.840 - [robot_6_log_20260601_125830.csv] - DEBUG - Frecuencia: 11881.88 Hz | Latencia Red/Proc: 8.82 ms
2026-06-01 12:58:40.840 - [robot_6_log_20260601_125830.csv] - DEBUG - Incoming data. Topic 6/pos, mensaje {"x": 196.68, "y": 47.9, "yaw": -2.467, "timestamp": 1780311520.8320642}
2026-06-01 12:58:40.840 - [robot_6_log_20260601_125830.csv] - DEBUG - Posición actualizada por visión: x=196.68, y=47.90, θ=-2.47
2026-06-01 12:58:40.840 - [robot_6_log_20260601_125830.csv] - DEBUG - Frecuencia: 13273.11 Hz | Latencia Red/Proc: 8.89 ms
2026-06-01 12:58:40.844 - [robot_6_log_20260601_125830.csv] - INFO - Usando posición VISION: x=196.68, y=47.90, θ=-2.47
2026-06-01 12:58:40.844 - [robot_6_log_20260601_125830.csv] - INFO - Distancias a paredes: Left: 196.68, Right: 253.32, Top: 92.10, Bottom: 47.90
2026-06-01 12:58:40.844 - [robot_6_log_20260601_125830.csv] - INFO - Posicion: 196.68, 47.9, -2.467 | Velocidad: 0.6245792467175791, -0.7809614360323442
2026-06-01 12:58:40.844 - [robot_6_log_20260601_125830.csv] - INFO - None
2026-06-01 12:58:40.844 - [robot_6_log_20260601_125830.csv] - WARNING - Estado FSM: AVANZA | Target Wall: None | Target Theta: 62.62° |theta: -141.3486880587741 
2026-06-01 12:58:40.879 - [robot_6_log_20260601_125830.csv] - DEBUG - Incoming data. Topic agent/6/wheel, mensaje {"Wleft":6.292785269,"Wright":6.371145464}
2026-06-01 12:58:40.894 - [robot_6_log_20260601_125830.csv] - INFO - Usando posición VISION: x=196.68, y=47.90, θ=-2.47
2026-06-01 12:58:40.894 - [robot_6_log_20260601_125830.csv] - INFO - Distancias a paredes: Left: 196.68, Right: 253.32, Top: 92.10, Bottom: 47.90
2026-06-01 12:58:40.894 - [robot_6_log_20260601_125830.csv] - INFO - Posicion: 196.68, 47.9, -2.467 | Velocidad: 0.6245792467175791, -0.7809614360323442
2026-06-01 12:58:40.894 - [robot_6_log_20260601_125830.csv] - INFO - None
2026-06-01 12:58:40.894 - [robot_6_log_20260601_125830.csv] - WARNING - Estado FSM: AVANZA | Target Wall: None | Target Theta: 62.62° |theta: -141.3486880587741 
2026-06-01 12:58:40.925 - [robot_6_log_20260601_125830.csv] - DEBUG - Incoming data. Topic 6/pos, mensaje {"x": 197.98, "y": 46.11, "yaw": -2.458, "timestamp": 1780311520.9213734}
2026-06-01 12:58:40.930 - [robot_6_log_20260601_125830.csv] - DEBUG - Posición actualizada por visión: x=197.98, y=46.11, θ=-2.46
2026-06-01 12:58:40.942 - [robot_6_log_20260601_125830.csv] - DEBUG - Frecuencia: 9.81 Hz | Latencia Red/Proc: 21.54 ms
2026-06-01 12:58:40.944 - [robot_6_log_20260601_125830.csv] - INFO - Usando posición VISION: x=197.98, y=46.11, θ=-2.46
2026-06-01 12:58:40.944 - [robot_6_log_20260601_125830.csv] - DEBUG - Incoming data. Topic 6/pos, mensaje {"x": 197.98, "y": 46.11, "yaw": -2.458, "timestamp": 1780311520.9213734}
2026-06-01 12:58:40.944 - [robot_6_log_20260601_125830.csv] - INFO - Distancias a paredes: Left: 197.98, Right: 252.02, Top: 93.89, Bottom: 46.11
2026-06-01 12:58:40.944 - [robot_6_log_20260601_125830.csv] - DEBUG - Posición actualizada por visión: x=197.98, y=46.11, θ=-2.46
2026-06-01 12:58:40.944 - [robot_6_log_20260601_125830.csv] - INFO - Posicion: 197.98, 46.11, -2.458 | Velocidad: 0.6315825094666918, -0.7753086699732927
2026-06-01 12:58:40.944 - [robot_6_log_20260601_125830.csv] - DEBUG - Frecuencia: 702.33 Hz | Latencia Red/Proc: 22.96 ms
2026-06-01 12:58:40.944 - [robot_6_log_20260601_125830.csv] - INFO - None
2026-06-01 12:58:40.944 - [robot_6_log_20260601_125830.csv] - DEBUG - Incoming data. Topic 6/pos, mensaje {"x": 197.98, "y": 46.11, "yaw": -2.458, "timestamp": 1780311520.930756}
2026-06-01 12:58:40.944 - [robot_6_log_20260601_125830.csv] - WARNING - Estado FSM: AVANZA | Target Wall: None | Target Theta: 62.62° |theta: -140.83302604315637 
2026-06-01 12:58:40.944 - [robot_6_log_20260601_125830.csv] - DEBUG - Posición actualizada por visión: x=197.98, y=46.11, θ=-2.46
2026-06-01 12:58:40.949 - [robot_6_log_20260601_125830.csv] - DEBUG - Frecuencia: 188.54 Hz | Latencia Red/Proc: 18.88 ms
2026-06-01 12:58:40.965 - [robot_6_log_20260601_125830.csv] - DEBUG - Incoming data. Topic 6/pos, mensaje {"x": 197.98, "y": 46.11, "yaw": -2.458, "timestamp": 1780311520.930756}
2026-06-01 12:58:40.971 - [robot_6_log_20260601_125830.csv] - DEBUG - Posición actualizada por visión: x=197.98, y=46.11, θ=-2.46
2026-06-01 12:58:40.971 - [robot_6_log_20260601_125830.csv] - DEBUG - Frecuencia: 46.59 Hz | Latencia Red/Proc: 40.35 ms
2026-06-01 12:58:40.987 - [robot_6_log_20260601_125830.csv] - DEBUG - Incoming data. Topic agent/6/wheel, mensaje {"Wleft":6.120672627,"Wright":6.398556221}
2026-06-01 12:58:40.994 - [robot_6_log_20260601_125830.csv] - INFO - Usando posición VISION: x=197.98, y=46.11, θ=-2.46
2026-06-01 12:58:40.994 - [robot_6_log_20260601_125830.csv] - INFO - Distancias a paredes: Left: 197.98, Right: 252.02, Top: 93.89, Bottom: 46.11
2026-06-01 12:58:40.994 - [robot_6_log_20260601_125830.csv] - INFO - Posicion: 197.98, 46.11, -2.458 | Velocidad: 0.6315825094666918, -0.7753086699732927
2026-06-01 12:58:40.994 - [robot_6_log_20260601_125830.csv] - INFO - None
2026-06-01 12:58:40.994 - [robot_6_log_20260601_125830.csv] - WARNING - Estado FSM: AVANZA | Target Wall: None | Target Theta: 62.62° |theta: -140.83302604315637 
2026-06-01 12:58:41.030 - [robot_6_log_20260601_125830.csv] - DEBUG - Incoming data. Topic 6/pos, mensaje {"x": 199.25, "y": 44.27, "yaw": -2.454, "timestamp": 1780311521.0202425}
2026-06-01 12:58:41.035 - [robot_6_log_20260601_125830.csv] - DEBUG - Posición actualizada por visión: x=199.25, y=44.27, θ=-2.45
2026-06-01 12:58:41.041 - [robot_6_log_20260601_125830.csv] - DEBUG - Frecuencia: 14.20 Hz | Latencia Red/Proc: 21.29 ms
2026-06-01 12:58:41.044 - [robot_6_log_20260601_125830.csv] - DEBUG - Incoming data. Topic agent/6/wheel, mensaje {"Wleft":6.386038378,"Wright":6.254787323}
2026-06-01 12:58:41.044 - [robot_6_log_20260601_125830.csv] - DEBUG - Incoming data. Topic 6/pos, mensaje {"x": 199.25, "y": 44.27, "yaw": -2.454, "timestamp": 1780311521.0291843}
2026-06-01 12:58:41.044 - [robot_6_log_20260601_125830.csv] - INFO - Usando posición VISION: x=199.25, y=44.27, θ=-2.45
2026-06-01 12:58:41.044 - [robot_6_log_20260601_125830.csv] - DEBUG - Posición actualizada por visión: x=199.25, y=44.27, θ=-2.45
2026-06-01 12:58:41.044 - [robot_6_log_20260601_125830.csv] - INFO - Distancias a paredes: Left: 199.25, Right: 250.75, Top: 95.73, Bottom: 44.27
2026-06-01 12:58:41.044 - [robot_6_log_20260601_125830.csv] - DEBUG - Frecuencia: 347.90 Hz | Latencia Red/Proc: 15.22 ms
2026-06-01 12:58:41.044 - [robot_6_log_20260601_125830.csv] - INFO - Posicion: 199.25, 44.27, -2.454 | Velocidad: 0.6346786832232936, -0.7727761442112109
2026-06-01 12:58:41.044 - [robot_6_log_20260601_125830.csv] - DEBUG - Incoming data. Topic 6/pos, mensaje {"x": 199.25, "y": 44.27, "yaw": -2.454, "timestamp": 1780311521.0202425}
2026-06-01 12:58:41.044 - [robot_6_log_20260601_125830.csv] - INFO - None
2026-06-01 12:58:41.044 - [robot_6_log_20260601_125830.csv] - DEBUG - Posición actualizada por visión: x=199.25, y=44.27, θ=-2.45
2026-06-01 12:58:41.044 - [robot_6_log_20260601_125830.csv] - WARNING - Estado FSM: AVANZA | Target Wall: None | Target Theta: 62.62° |theta: -140.60384292510403 
2026-06-01 12:58:41.044 - [robot_6_log_20260601_125830.csv] - DEBUG - Frecuencia: 5023.12 Hz | Latencia Red/Proc: 24.37 ms
2026-06-01 12:58:41.079 - [robot_6_log_20260601_125830.csv] - DEBUG - Incoming data. Topic 6/pos, mensaje {"x": 199.25, "y": 44.27, "yaw": -2.454, "timestamp": 1780311521.0291843}
2026-06-01 12:58:41.079 - [robot_6_log_20260601_125830.csv] - DEBUG - Posición actualizada por visión: x=199.25, y=44.27, θ=-2.45
2026-06-01 12:58:41.084 - [robot_6_log_20260601_125830.csv] - DEBUG - Frecuencia: 25.09 Hz | Latencia Red/Proc: 55.28 ms
2026-06-01 12:58:41.094 - [robot_6_log_20260601_125830.csv] - INFO - Usando posición VISION: x=199.25, y=44.27, θ=-2.45
2026-06-01 12:58:41.094 - [robot_6_log_20260601_125830.csv] - INFO - Distancias a paredes: Left: 199.25, Right: 250.75, Top: 95.73, Bottom: 44.27
2026-06-01 12:58:41.094 - [robot_6_log_20260601_125830.csv] - INFO - Posicion: 199.25, 44.27, -2.454 | Velocidad: 0.6346786832232936, -0.7727761442112109
2026-06-01 12:58:41.094 - [robot_6_log_20260601_125830.csv] - INFO - None
2026-06-01 12:58:41.094 - [robot_6_log_20260601_125830.csv] - WARNING - Estado FSM: AVANZA | Target Wall: None | Target Theta: 62.62° |theta: -140.60384292510403 
2026-06-01 12:58:41.124 - [robot_6_log_20260601_125830.csv] - DEBUG - Incoming data. Topic 6/pos, mensaje {"x": 200.58, "y": 42.42, "yaw": -2.45, "timestamp": 1780311521.121077}
2026-06-01 12:58:41.130 - [robot_6_log_20260601_125830.csv] - DEBUG - Posición actualizada por visión: x=200.58, y=42.42, θ=-2.45
2026-06-01 12:58:41.135 - [robot_6_log_20260601_125830.csv] - DEBUG - Frecuencia: 19.70 Hz | Latencia Red/Proc: 14.14 ms
2026-06-01 12:58:41.140 - [robot_6_log_20260601_125830.csv] - DEBUG - Incoming data. Topic 6/pos, mensaje {"x": 200.58, "y": 42.42, "yaw": -2.45, "timestamp": 1780311521.121077}
2026-06-01 12:58:41.144 - [robot_6_log_20260601_125830.csv] - INFO - Usando posición VISION: x=200.58, y=42.42, θ=-2.45
2026-06-01 12:58:41.144 - [robot_6_log_20260601_125830.csv] - DEBUG - Posición actualizada por visión: x=200.58, y=42.42, θ=-2.45
2026-06-01 12:58:41.144 - [robot_6_log_20260601_125830.csv] - INFO - Distancias a paredes: Left: 200.58, Right: 249.42, Top: 97.58, Bottom: 42.42
2026-06-01 12:58:41.144 - [robot_6_log_20260601_125830.csv] - DEBUG - Frecuencia: 109.90 Hz | Latencia Red/Proc: 23.24 ms
2026-06-01 12:58:41.144 - [robot_6_log_20260601_125830.csv] - INFO - Posicion: 200.58, 42.42, -2.45 | Velocidad: 0.6377647021345036, -0.7702312540473074
2026-06-01 12:58:41.144 - [robot_6_log_20260601_125830.csv] - INFO - None
2026-06-01 12:58:41.144 - [robot_6_log_20260601_125830.csv] - WARNING - Estado FSM: AVANZA | Target Wall: None | Target Theta: 62.62° |theta: -140.3746598070517 
2026-06-01 12:58:41.149 - [robot_6_log_20260601_125830.csv] - DEBUG - Incoming data. Topic 6/pos, mensaje {"x": 200.58, "y": 42.42, "yaw": -2.45, "timestamp": 1780311521.1324224}
2026-06-01 12:58:41.154 - [robot_6_log_20260601_125830.csv] - DEBUG - Posición actualizada por visión: x=200.58, y=42.42, θ=-2.45
2026-06-01 12:58:41.159 - [robot_6_log_20260601_125830.csv] - DEBUG - Frecuencia: 63.95 Hz | Latencia Red/Proc: 27.53 ms
2026-06-01 12:58:41.176 - [robot_6_log_20260601_125830.csv] - DEBUG - Incoming data. Topic agent/6/wheel, mensaje {"Wleft":6.312396317,"Wright":6.374938443}
2026-06-01 12:58:41.181 - [robot_6_log_20260601_125830.csv] - DEBUG - Incoming data. Topic 6/pos, mensaje {"x": 200.58, "y": 42.42, "yaw": -2.45, "timestamp": 1780311521.1324224}
2026-06-01 12:58:41.186 - [robot_6_log_20260601_125830.csv] - DEBUG - Posición actualizada por visión: x=200.58, y=42.42, θ=-2.45
2026-06-01 12:58:41.191 - [robot_6_log_20260601_125830.csv] - DEBUG - Frecuencia: 31.28 Hz | Latencia Red/Proc: 59.49 ms
2026-06-01 12:58:41.194 - [robot_6_log_20260601_125830.csv] - INFO - Usando posición VISION: x=200.58, y=42.42, θ=-2.45
2026-06-01 12:58:41.194 - [robot_6_log_20260601_125830.csv] - INFO - Distancias a paredes: Left: 200.58, Right: 249.42, Top: 97.58, Bottom: 42.42
2026-06-01 12:58:41.194 - [robot_6_log_20260601_125830.csv] - INFO - Posicion: 200.58, 42.42, -2.45 | Velocidad: 0.6377647021345036, -0.7702312540473074
2026-06-01 12:58:41.194 - [robot_6_log_20260601_125830.csv] - INFO - None
2026-06-01 12:58:41.194 - [robot_6_log_20260601_125830.csv] - WARNING - Estado FSM: AVANZA | Target Wall: None | Target Theta: 62.62° |theta: -140.3746598070517 
2026-06-01 12:58:41.225 - [robot_6_log_20260601_125830.csv] - DEBUG - Incoming data. Topic 6/pos, mensaje {"x": 201.88, "y": 40.56, "yaw": -2.454, "timestamp": 1780311521.220288}
2026-06-01 12:58:41.230 - [robot_6_log_20260601_125830.csv] - DEBUG - Posición actualizada por visión: x=201.88, y=40.56, θ=-2.45
2026-06-01 12:58:41.236 - [robot_6_log_20260601_125830.csv] - DEBUG - Frecuencia: 22.40 Hz | Latencia Red/Proc: 16.27 ms
2026-06-01 12:58:41.241 - [robot_6_log_20260601_125830.csv] - DEBUG - Incoming data. Topic agent/6/wheel, mensaje {"Wleft":6.386556629,"Wright":6.102948193}
2026-06-01 12:58:41.241 - [robot_6_log_20260601_125830.csv] - DEBUG - Incoming data. Topic 6/pos, mensaje {"x": 201.88, "y": 40.56, "yaw": -2.454, "timestamp": 1780311521.2294035}
2026-06-01 12:58:41.241 - [robot_6_log_20260601_125830.csv] - DEBUG - Posición actualizada por visión: x=201.88, y=40.56, θ=-2.45
2026-06-01 12:58:41.241 - [robot_6_log_20260601_125830.csv] - DEBUG - Frecuencia: 192.14 Hz | Latencia Red/Proc: 12.36 ms
2026-06-01 12:58:41.241 - [robot_6_log_20260601_125830.csv] - DEBUG - Incoming data. Topic 6/pos, mensaje {"x": 201.88, "y": 40.56, "yaw": -2.454, "timestamp": 1780311521.220288}
2026-06-01 12:58:41.241 - [robot_6_log_20260601_125830.csv] - DEBUG - Posición actualizada por visión: x=201.88, y=40.56, θ=-2.45
2026-06-01 12:58:41.241 - [robot_6_log_20260601_125830.csv] - DEBUG - Frecuencia: 31300.78 Hz | Latencia Red/Proc: 21.50 ms
2026-06-01 12:58:41.244 - [robot_6_log_20260601_125830.csv] - INFO - Usando posición VISION: x=201.88, y=40.56, θ=-2.45
2026-06-01 12:58:41.244 - [robot_6_log_20260601_125830.csv] - INFO - Distancias a paredes: Left: 201.88, Right: 248.12, Top: 99.44, Bottom: 40.56
2026-06-01 12:58:41.244 - [robot_6_log_20260601_125830.csv] - INFO - Posicion: 201.88, 40.56, -2.454 | Velocidad: 0.6346786832232936, -0.7727761442112109
2026-06-01 12:58:41.244 - [robot_6_log_20260601_125830.csv] - INFO - None
2026-06-01 12:58:41.244 - [robot_6_log_20260601_125830.csv] - WARNING - Estado FSM: AVANZA | Target Wall: None | Target Theta: 62.62° |theta: -140.60384292510403 
2026-06-01 12:58:41.285 - [robot_6_log_20260601_125830.csv] - DEBUG - Incoming data. Topic 6/pos, mensaje {"x": 201.88, "y": 40.56, "yaw": -2.454, "timestamp": 1780311521.2294035}
2026-06-01 12:58:41.290 - [robot_6_log_20260601_125830.csv] - DEBUG - Posición actualizada por visión: x=201.88, y=40.56, θ=-2.45
2026-06-01 12:58:41.290 - [robot_6_log_20260601_125830.csv] - DEBUG - Frecuencia: 20.68 Hz | Latencia Red/Proc: 60.75 ms
2026-06-01 12:58:41.294 - [robot_6_log_20260601_125830.csv] - INFO - Usando posición VISION: x=201.88, y=40.56, θ=-2.45
2026-06-01 12:58:41.294 - [robot_6_log_20260601_125830.csv] - INFO - Distancias a paredes: Left: 201.88, Right: 248.12, Top: 99.44, Bottom: 40.56
2026-06-01 12:58:41.294 - [robot_6_log_20260601_125830.csv] - INFO - Posicion: 201.88, 40.56, -2.454 | Velocidad: 0.6346786832232936, -0.7727761442112109
2026-06-01 12:58:41.294 - [robot_6_log_20260601_125830.csv] - INFO - None
2026-06-01 12:58:41.294 - [robot_6_log_20260601_125830.csv] - WARNING - Estado FSM: AVANZA | Target Wall: None | Target Theta: 62.62° |theta: -140.60384292510403 
2026-06-01 12:58:41.325 - [robot_6_log_20260601_125830.csv] - DEBUG - Incoming data. Topic 6/pos, mensaje {"x": 203.27, "y": 38.69, "yaw": -2.48, "timestamp": 1780311521.3224094}
2026-06-01 12:58:41.330 - [robot_6_log_20260601_125830.csv] - DEBUG - Posición actualizada por visión: x=203.27, y=38.69, θ=-2.48
2026-06-01 12:58:41.335 - [robot_6_log_20260601_125830.csv] - DEBUG - Frecuencia: 22.01 Hz | Latencia Red/Proc: 13.18 ms
2026-06-01 12:58:41.340 - [robot_6_log_20260601_125830.csv] - DEBUG - Incoming data. Topic 6/pos, mensaje {"x": 203.27, "y": 38.69, "yaw": -2.48, "timestamp": 1780311521.3224094}
2026-06-01 12:58:41.340 - [robot_6_log_20260601_125830.csv] - DEBUG - Posición actualizada por visión: x=203.27, y=38.69, θ=-2.48
2026-06-01 12:58:41.340 - [robot_6_log_20260601_125830.csv] - DEBUG - Frecuencia: 190.26 Hz | Latencia Red/Proc: 18.44 ms
2026-06-01 12:58:41.340 - [robot_6_log_20260601_125830.csv] - DEBUG - Incoming data. Topic 6/pos, mensaje {"x": 203.27, "y": 38.69, "yaw": -2.48, "timestamp": 1780311521.3340533}
2026-06-01 12:58:41.340 - [robot_6_log_20260601_125830.csv] - DEBUG - Posición actualizada por visión: x=203.27, y=38.69, θ=-2.48
2026-06-01 12:58:41.340 - [robot_6_log_20260601_125830.csv] - DEBUG - Frecuencia: 11214.72 Hz | Latencia Red/Proc: 6.88 ms
2026-06-01 12:58:41.340 - [robot_6_log_20260601_125830.csv] - DEBUG - Incoming data. Topic 6/pos, mensaje {"x": 203.27, "y": 38.69, "yaw": -2.48, "timestamp": 1780311521.3340533}
2026-06-01 12:58:41.340 - [robot_6_log_20260601_125830.csv] - DEBUG - Posición actualizada por visión: x=203.27, y=38.69, θ=-2.48
2026-06-01 12:58:41.341 - [robot_6_log_20260601_125830.csv] - DEBUG - Frecuencia: 12228.29 Hz | Latencia Red/Proc: 6.96 ms
2026-06-01 12:58:41.344 - [robot_6_log_20260601_125830.csv] - INFO - Usando posición VISION: x=203.27, y=38.69, θ=-2.48
2026-06-01 12:58:41.344 - [robot_6_log_20260601_125830.csv] - INFO - Distancias a paredes: Left: 203.27, Right: 246.73, Top: 101.31, Bottom: 38.69
2026-06-01 12:58:41.344 - [robot_6_log_20260601_125830.csv] - INFO - Posicion: 203.27, 38.69, -2.48 | Velocidad: 0.6143742578057118, -0.7890147472295311
2026-06-01 12:58:41.344 - [robot_6_log_20260601_125830.csv] - INFO - None
2026-06-01 12:58:41.344 - [robot_6_log_20260601_125830.csv] - WARNING - Estado FSM: AVANZA | Target Wall: None | Target Theta: 62.62° |theta: -142.09353319244417 
2026-06-01 12:58:41.386 - [robot_6_log_20260601_125830.csv] - DEBUG - Incoming data. Topic agent/6/wheel, mensaje {"Wleft":6.339344717,"Wright":6.116251275}
2026-06-01 12:58:41.394 - [robot_6_log_20260601_125830.csv] - INFO - Usando posición VISION: x=203.27, y=38.69, θ=-2.48
2026-06-01 12:58:41.394 - [robot_6_log_20260601_125830.csv] - INFO - Distancias a paredes: Left: 203.27, Right: 246.73, Top: 101.31, Bottom: 38.69
2026-06-01 12:58:41.394 - [robot_6_log_20260601_125830.csv] - INFO - Posicion: 203.27, 38.69, -2.48 | Velocidad: 0.6143742578057118, -0.7890147472295311
2026-06-01 12:58:41.394 - [robot_6_log_20260601_125830.csv] - INFO - None
2026-06-01 12:58:41.394 - [robot_6_log_20260601_125830.csv] - WARNING - Estado FSM: AVANZA | Target Wall: None | Target Theta: 62.62° |theta: -142.09353319244417 
2026-06-01 12:58:41.425 - [robot_6_log_20260601_125830.csv] - DEBUG - Incoming data. Topic 6/pos, mensaje {"x": 204.69, "y": 36.84, "yaw": -2.494, "timestamp": 1780311521.4216583}
2026-06-01 12:58:41.425 - [robot_6_log_20260601_125830.csv] - DEBUG - Posición actualizada por visión: x=204.69, y=36.84, θ=-2.49
2026-06-01 12:58:41.425 - [robot_6_log_20260601_125830.csv] - DEBUG - Frecuencia: 11.85 Hz | Latencia Red/Proc: 3.73 ms
2026-06-01 12:58:41.425 - [robot_6_log_20260601_125830.csv] - DEBUG - Incoming data. Topic 6/pos, mensaje {"x": 204.69, "y": 36.84, "yaw": -2.494, "timestamp": 1780311521.4216583}
2026-06-01 12:58:41.430 - [robot_6_log_20260601_125830.csv] - DEBUG - Posición actualizada por visión: x=204.69, y=36.84, θ=-2.49
2026-06-01 12:58:41.430 - [robot_6_log_20260601_125830.csv] - DEBUG - Frecuencia: 192.49 Hz | Latencia Red/Proc: 8.93 ms
2026-06-01 12:58:41.440 - [robot_6_log_20260601_125830.csv] - DEBUG - Incoming data. Topic 6/pos, mensaje {"x": 204.69, "y": 36.84, "yaw": -2.494, "timestamp": 1780311521.433221}
2026-06-01 12:58:41.444 - [robot_6_log_20260601_125830.csv] - INFO - Usando posición VISION: x=204.69, y=36.84, θ=-2.49
2026-06-01 12:58:41.444 - [robot_6_log_20260601_125830.csv] - DEBUG - Posición actualizada por visión: x=204.69, y=36.84, θ=-2.49
2026-06-01 12:58:41.444 - [robot_6_log_20260601_125830.csv] - INFO - Distancias a paredes: Left: 204.69, Right: 245.31, Top: 103.16, Bottom: 36.84
2026-06-01 12:58:41.444 - [robot_6_log_20260601_125830.csv] - DEBUG - Frecuencia: 72.65 Hz | Latencia Red/Proc: 11.13 ms
2026-06-01 12:58:41.444 - [robot_6_log_20260601_125830.csv] - INFO - Posicion: 204.69, 36.84, -2.494 | Velocidad: 0.6032682044898433, -0.7975383836854504
2026-06-01 12:58:41.444 - [robot_6_log_20260601_125830.csv] - INFO - None
2026-06-01 12:58:41.444 - [robot_6_log_20260601_125830.csv] - DEBUG - Incoming data. Topic 6/pos, mensaje {"x": 204.69, "y": 36.84, "yaw": -2.494, "timestamp": 1780311521.433221}
2026-06-01 12:58:41.444 - [robot_6_log_20260601_125830.csv] - WARNING - Estado FSM: AVANZA | Target Wall: None | Target Theta: 62.62° |theta: -142.89567410562734 
2026-06-01 12:58:41.444 - [robot_6_log_20260601_125830.csv] - DEBUG - Posición actualizada por visión: x=204.69, y=36.84, θ=-2.49
2026-06-01 12:58:41.449 - [robot_6_log_20260601_125830.csv] - DEBUG - Frecuencia: 187.34 Hz | Latencia Red/Proc: 16.47 ms
2026-06-01 12:58:41.479 - [robot_6_log_20260601_125830.csv] - DEBUG - Incoming data. Topic agent/6/wheel, mensaje {"Wleft":6.320594692,"Wright":6.095843374}
2026-06-01 12:58:41.494 - [robot_6_log_20260601_125830.csv] - INFO - Usando posición VISION: x=204.69, y=36.84, θ=-2.49
2026-06-01 12:58:41.494 - [robot_6_log_20260601_125830.csv] - INFO - Distancias a paredes: Left: 204.69, Right: 245.31, Top: 103.16, Bottom: 36.84
2026-06-01 12:58:41.494 - [robot_6_log_20260601_125830.csv] - INFO - Posicion: 204.69, 36.84, -2.494 | Velocidad: 0.6032682044898433, -0.7975383836854504
2026-06-01 12:58:41.494 - [robot_6_log_20260601_125830.csv] - INFO - None
2026-06-01 12:58:41.494 - [robot_6_log_20260601_125830.csv] - WARNING - Estado FSM: AVANZA | Target Wall: None | Target Theta: 62.62° |theta: -142.89567410562734 
2026-06-01 12:58:41.529 - [robot_6_log_20260601_125830.csv] - DEBUG - Incoming data. Topic 6/pos, mensaje {"x": 206.16, "y": 35.06, "yaw": -2.485, "timestamp": 1780311521.5200684}
2026-06-01 12:58:41.534 - [robot_6_log_20260601_125830.csv] - DEBUG - Posición actualizada por visión: x=206.16, y=35.06, θ=-2.48
2026-06-01 12:58:41.534 - [robot_6_log_20260601_125830.csv] - DEBUG - Frecuencia: 11.75 Hz | Latencia Red/Proc: 14.75 ms
2026-06-01 12:58:41.544 - [robot_6_log_20260601_125830.csv] - INFO - Usando posición VISION: x=206.16, y=35.06, θ=-2.48
2026-06-01 12:58:41.544 - [robot_6_log_20260601_125830.csv] - INFO - Distancias a paredes: Left: 206.16, Right: 243.84, Top: 104.94, Bottom: 35.06
2026-06-01 12:58:41.544 - [robot_6_log_20260601_125830.csv] - INFO - Posicion: 206.16, 35.06, -2.485 | Velocidad: 0.6104215208451276, -0.7920767430553187
2026-06-01 12:58:41.544 - [robot_6_log_20260601_125830.csv] - INFO - None
2026-06-01 12:58:41.544 - [robot_6_log_20260601_125830.csv] - DEBUG - Incoming data. Topic agent/6/wheel, mensaje {"Wleft":6.377846262,"Wright":6.1992391}
2026-06-01 12:58:41.544 - [robot_6_log_20260601_125830.csv] - WARNING - Estado FSM: AVANZA | Target Wall: None | Target Theta: 62.62° |theta: -142.38001209000956 
2026-06-01 12:58:41.555 - [robot_6_log_20260601_125830.csv] - DEBUG - Incoming data. Topic 6/pos, mensaje {"x": 206.16, "y": 35.06, "yaw": -2.485, "timestamp": 1780311521.5293548}
2026-06-01 12:58:41.566 - [robot_6_log_20260601_125830.csv] - DEBUG - Posición actualizada por visión: x=206.16, y=35.06, θ=-2.48
2026-06-01 12:58:41.572 - [robot_6_log_20260601_125830.csv] - DEBUG - Frecuencia: 26.54 Hz | Latencia Red/Proc: 43.15 ms
2026-06-01 12:58:41.577 - [robot_6_log_20260601_125830.csv] - DEBUG - Incoming data. Topic 6/pos, mensaje {"x": 206.16, "y": 35.06, "yaw": -2.485, "timestamp": 1780311521.5200684}
2026-06-01 12:58:41.577 - [robot_6_log_20260601_125830.csv] - DEBUG - Posición actualizada por visión: x=206.16, y=35.06, θ=-2.48
2026-06-01 12:58:41.577 - [robot_6_log_20260601_125830.csv] - DEBUG - Frecuencia: 184.92 Hz | Latencia Red/Proc: 57.84 ms
2026-06-01 12:58:41.577 - [robot_6_log_20260601_125830.csv] - DEBUG - Incoming data. Topic 6/pos, mensaje {"x": 206.16, "y": 35.06, "yaw": -2.485, "timestamp": 1780311521.5293548}
2026-06-01 12:58:41.577 - [robot_6_log_20260601_125830.csv] - DEBUG - Posición actualizada por visión: x=206.16, y=35.06, θ=-2.48
2026-06-01 12:58:41.577 - [robot_6_log_20260601_125830.csv] - DEBUG - Frecuencia: 12826.62 Hz | Latencia Red/Proc: 48.63 ms
2026-06-01 12:58:41.594 - [robot_6_log_20260601_125830.csv] - INFO - Usando posición VISION: x=206.16, y=35.06, θ=-2.48
2026-06-01 12:58:41.594 - [robot_6_log_20260601_125830.csv] - INFO - Distancias a paredes: Left: 206.16, Right: 243.84, Top: 104.94, Bottom: 35.06
2026-06-01 12:58:41.594 - [robot_6_log_20260601_125830.csv] - INFO - Posicion: 206.16, 35.06, -2.485 | Velocidad: 0.6104215208451276, -0.7920767430553187
2026-06-01 12:58:41.594 - [robot_6_log_20260601_125830.csv] - INFO - None
2026-06-01 12:58:41.594 - [robot_6_log_20260601_125830.csv] - WARNING - Estado FSM: AVANZA | Target Wall: None | Target Theta: 62.62° |theta: -142.38001209000956 
2026-06-01 12:58:41.629 - [robot_6_log_20260601_125830.csv] - DEBUG - Incoming data. Topic 6/pos, mensaje {"x": 207.59, "y": 33.24, "yaw": -2.484, "timestamp": 1780311521.6222892}
2026-06-01 12:58:41.634 - [robot_6_log_20260601_125830.csv] - DEBUG - Posición actualizada por visión: x=207.59, y=33.24, θ=-2.48
2026-06-01 12:58:41.639 - [robot_6_log_20260601_125830.csv] - DEBUG - Frecuencia: 16.19 Hz | Latencia Red/Proc: 17.45 ms
2026-06-01 12:58:41.639 - [robot_6_log_20260601_125830.csv] - DEBUG - Incoming data. Topic agent/6/wheel, mensaje {"Wleft":6.172745561,"Wright":6.349083479}
2026-06-01 12:58:41.639 - [robot_6_log_20260601_125830.csv] - DEBUG - Incoming data. Topic 6/pos, mensaje {"x": 207.59, "y": 33.24, "yaw": -2.484, "timestamp": 1780311521.6334696}
2026-06-01 12:58:41.639 - [robot_6_log_20260601_125830.csv] - DEBUG - Posición actualizada por visión: x=207.59, y=33.24, θ=-2.48
2026-06-01 12:58:41.639 - [robot_6_log_20260601_125830.csv] - DEBUG - Frecuencia: 7724.32 Hz | Latencia Red/Proc: 6.40 ms
2026-06-01 12:58:41.639 - [robot_6_log_20260601_125830.csv] - DEBUG - Incoming data. Topic 6/pos, mensaje {"x": 207.59, "y": 33.24, "yaw": -2.484, "timestamp": 1780311521.6222892}
2026-06-01 12:58:41.639 - [robot_6_log_20260601_125830.csv] - DEBUG - Posición actualizada por visión: x=207.59, y=33.24, θ=-2.48
2026-06-01 12:58:41.644 - [robot_6_log_20260601_125830.csv] - INFO - Usando posición VISION: x=207.59, y=33.24, θ=-2.48
2026-06-01 12:58:41.644 - [robot_6_log_20260601_125830.csv] - DEBUG - Frecuencia: 229.25 Hz | Latencia Red/Proc: 21.94 ms
2026-06-01 12:58:41.644 - [robot_6_log_20260601_125830.csv] - INFO - Distancias a paredes: Left: 207.59, Right: 242.41, Top: 106.76, Bottom: 33.24
2026-06-01 12:58:41.644 - [robot_6_log_20260601_125830.csv] - INFO - Posicion: 207.59, 33.24, -2.484 | Velocidad: 0.6112132922454351, -0.7914659255978721
2026-06-01 12:58:41.644 - [robot_6_log_20260601_125830.csv] - INFO - None
2026-06-01 12:58:41.644 - [robot_6_log_20260601_125830.csv] - WARNING - Estado FSM: AVANZA | Target Wall: None | Target Theta: 62.62° |theta: -142.3227163104965 
2026-06-01 12:58:41.680 - [robot_6_log_20260601_125830.csv] - DEBUG - Incoming data. Topic 6/pos, mensaje {"x": 207.59, "y": 33.24, "yaw": -2.484, "timestamp": 1780311521.6334696}
2026-06-01 12:58:41.685 - [robot_6_log_20260601_125830.csv] - DEBUG - Posición actualizada por visión: x=207.59, y=33.24, θ=-2.48
2026-06-01 12:58:41.690 - [robot_6_log_20260601_125830.csv] - DEBUG - Frecuencia: 21.55 Hz | Latencia Red/Proc: 57.17 ms
2026-06-01 12:58:41.694 - [robot_6_log_20260601_125830.csv] - INFO - Usando posición VISION: x=207.59, y=33.24, θ=-2.48
2026-06-01 12:58:41.694 - [robot_6_log_20260601_125830.csv] - INFO - Distancias a paredes: Left: 207.59, Right: 242.41, Top: 106.76, Bottom: 33.24
2026-06-01 12:58:41.694 - [robot_6_log_20260601_125830.csv] - INFO - Posicion: 207.59, 33.24, -2.484 | Velocidad: 0.6112132922454351, -0.7914659255978721
2026-06-01 12:58:41.694 - [robot_6_log_20260601_125830.csv] - INFO - None
2026-06-01 12:58:41.694 - [robot_6_log_20260601_125830.csv] - WARNING - Estado FSM: AVANZA | Target Wall: None | Target Theta: 62.62° |theta: -142.3227163104965 
2026-06-01 12:58:41.725 - [robot_6_log_20260601_125830.csv] - DEBUG - Incoming data. Topic 6/pos, mensaje {"x": 208.97, "y": 31.46, "yaw": -2.478, "timestamp": 1780311521.7203982}
2026-06-01 12:58:41.725 - [robot_6_log_20260601_125830.csv] - DEBUG - Posición actualizada por visión: x=208.97, y=31.46, θ=-2.48
2026-06-01 12:58:41.725 - [robot_6_log_20260601_125830.csv] - DEBUG - Frecuencia: 28.82 Hz | Latencia Red/Proc: 4.94 ms
2026-06-01 12:58:41.725 - [robot_6_log_20260601_125830.csv] - DEBUG - Incoming data. Topic agent/6/wheel, mensaje {"Wleft":6.277203926,"Wright":6.275447355}
2026-06-01 12:58:41.731 - [robot_6_log_20260601_125830.csv] - DEBUG - Incoming data. Topic 6/pos, mensaje {"x": 208.97, "y": 31.46, "yaw": -2.478, "timestamp": 1780311521.7310069}
2026-06-01 12:58:41.743 - [robot_6_log_20260601_125830.csv] - DEBUG - Posición actualizada por visión: x=208.97, y=31.46, θ=-2.48
2026-06-01 12:58:41.744 - [robot_6_log_20260601_125830.csv] - INFO - Usando posición VISION: x=208.97, y=31.46, θ=-2.48
2026-06-01 12:58:41.744 - [robot_6_log_20260601_125830.csv] - DEBUG - Frecuencia: 53.11 Hz | Latencia Red/Proc: 13.17 ms
2026-06-01 12:58:41.744 - [robot_6_log_20260601_125830.csv] - INFO - Distancias a paredes: Left: 208.97, Right: 241.03, Top: 108.54, Bottom: 31.46
2026-06-01 12:58:41.744 - [robot_6_log_20260601_125830.csv] - INFO - Posicion: 208.97, 31.46, -2.478 | Velocidad: 0.6159510575000451, -0.7877844215041169
2026-06-01 12:58:41.744 - [robot_6_log_20260601_125830.csv] - INFO - None
2026-06-01 12:58:41.744 - [robot_6_log_20260601_125830.csv] - DEBUG - Incoming data. Topic 6/pos, mensaje {"x": 208.97, "y": 31.46, "yaw": -2.478, "timestamp": 1780311521.7203982}
2026-06-01 12:58:41.744 - [robot_6_log_20260601_125830.csv] - WARNING - Estado FSM: AVANZA | Target Wall: None | Target Theta: 62.62° |theta: -141.978941633418 
2026-06-01 12:58:41.744 - [robot_6_log_20260601_125830.csv] - DEBUG - Posición actualizada por visión: x=208.97, y=31.46, θ=-2.48
2026-06-01 12:58:41.749 - [robot_6_log_20260601_125830.csv] - DEBUG - Frecuencia: 186.91 Hz | Latencia Red/Proc: 29.13 ms
2026-06-01 12:58:41.773 - [robot_6_log_20260601_125830.csv] - DEBUG - Incoming data. Topic 6/pos, mensaje {"x": 208.97, "y": 31.46, "yaw": -2.478, "timestamp": 1780311521.7310069}
2026-06-01 12:58:41.778 - [robot_6_log_20260601_125830.csv] - DEBUG - Posición actualizada por visión: x=208.97, y=31.46, θ=-2.48
2026-06-01 12:58:41.778 - [robot_6_log_20260601_125830.csv] - DEBUG - Frecuencia: 34.59 Hz | Latencia Red/Proc: 47.42 ms
2026-06-01 12:58:41.794 - [robot_6_log_20260601_125830.csv] - INFO - Usando posición VISION: x=208.97, y=31.46, θ=-2.48
2026-06-01 12:58:41.794 - [robot_6_log_20260601_125830.csv] - INFO - Distancias a paredes: Left: 208.97, Right: 241.03, Top: 108.54, Bottom: 31.46
2026-06-01 12:58:41.794 - [robot_6_log_20260601_125830.csv] - INFO - Posicion: 208.97, 31.46, -2.478 | Velocidad: 0.6159510575000451, -0.7877844215041169
2026-06-01 12:58:41.794 - [robot_6_log_20260601_125830.csv] - INFO - None
2026-06-01 12:58:41.794 - [robot_6_log_20260601_125830.csv] - WARNING - Estado FSM: AVANZA | Target Wall: None | Target Theta: 62.62° |theta: -141.978941633418 
2026-06-01 12:58:41.824 - [robot_6_log_20260601_125830.csv] - DEBUG - Incoming data. Topic 6/pos, mensaje {"x": 210.35, "y": 29.65, "yaw": -2.469, "timestamp": 1780311521.8214939}
2026-06-01 12:58:41.824 - [robot_6_log_20260601_125830.csv] - DEBUG - Posición actualizada por visión: x=210.35, y=29.65, θ=-2.47
2026-06-01 12:58:41.824 - [robot_6_log_20260601_125830.csv] - DEBUG - Frecuencia: 21.80 Hz | Latencia Red/Proc: 2.81 ms
2026-06-01 12:58:41.824 - [robot_6_log_20260601_125830.csv] - DEBUG - Incoming data. Topic agent/6/wheel, mensaje {"Wleft":6.330632291,"Wright":6.486875325}
2026-06-01 12:58:41.836 - [robot_6_log_20260601_125830.csv] - DEBUG - Incoming data. Topic 6/pos, mensaje {"x": 210.35, "y": 29.65, "yaw": -2.469, "timestamp": 1780311521.8322375}
2026-06-01 12:58:41.841 - [robot_6_log_20260601_125830.csv] - DEBUG - Posición actualizada por visión: x=210.35, y=29.65, θ=-2.47
2026-06-01 12:58:41.844 - [robot_6_log_20260601_125830.csv] - INFO - Usando posición VISION: x=210.35, y=29.65, θ=-2.47
2026-06-01 12:58:41.844 - [robot_6_log_20260601_125830.csv] - DEBUG - Frecuencia: 50.29 Hz | Latencia Red/Proc: 11.95 ms
2026-06-01 12:58:41.844 - [robot_6_log_20260601_125830.csv] - DEBUG - Incoming data. Topic 6/pos, mensaje {"x": 210.35, "y": 29.65, "yaw": -2.469, "timestamp": 1780311521.8214939}
2026-06-01 12:58:41.844 - [robot_6_log_20260601_125830.csv] - DEBUG - Posición actualizada por visión: x=210.35, y=29.65, θ=-2.47
2026-06-01 12:58:41.844 - [robot_6_log_20260601_125830.csv] - DEBUG - Frecuencia: 4624.37 Hz | Latencia Red/Proc: 22.91 ms
2026-06-01 12:58:41.844 - [robot_6_log_20260601_125830.csv] - INFO - Distancias a paredes: Left: 210.35, Right: 239.65, Top: 110.35, Bottom: 29.65
2026-06-01 12:58:41.844 - [robot_6_log_20260601_125830.csv] - INFO - Posicion: 210.35, 29.65, -2.469 | Velocidad: 0.6230160757287193, -0.7822090317706557
2026-06-01 12:58:41.844 - [robot_6_log_20260601_125830.csv] - INFO - None
2026-06-01 12:58:41.844 - [robot_6_log_20260601_125830.csv] - WARNING - Estado FSM: AVANZA | Target Wall: None | Target Theta: 62.62° |theta: -141.46327961780025 
2026-06-01 12:58:41.874 - [robot_6_log_20260601_125830.csv] - DEBUG - Incoming data. Topic 6/pos, mensaje {"x": 210.35, "y": 29.65, "yaw": -2.469, "timestamp": 1780311521.8322375}
2026-06-01 12:58:41.879 - [robot_6_log_20260601_125830.csv] - DEBUG - Posición actualizada por visión: x=210.35, y=29.65, θ=-2.47
2026-06-01 12:58:41.880 - [robot_6_log_20260601_125830.csv] - DEBUG - Frecuencia: 28.09 Hz | Latencia Red/Proc: 47.77 ms
2026-06-01 12:58:41.894 - [robot_6_log_20260601_125830.csv] - INFO - Usando posición VISION: x=210.35, y=29.65, θ=-2.47
2026-06-01 12:58:41.894 - [robot_6_log_20260601_125830.csv] - INFO - Distancias a paredes: Left: 210.35, Right: 239.65, Top: 110.35, Bottom: 29.65
2026-06-01 12:58:41.894 - [robot_6_log_20260601_125830.csv] - INFO - Posicion: 210.35, 29.65, -2.469 | Velocidad: 0.6230160757287193, -0.7822090317706557
2026-06-01 12:58:41.894 - [robot_6_log_20260601_125830.csv] - INFO - None
2026-06-01 12:58:41.894 - [robot_6_log_20260601_125830.csv] - WARNING - Estado FSM: AVANZA | Target Wall: None | Target Theta: 62.62° |theta: -141.46327961780025 
2026-06-01 12:58:41.925 - [robot_6_log_20260601_125830.csv] - DEBUG - Incoming data. Topic 6/pos, mensaje {"x": 211.66, "y": 27.83, "yaw": -2.462, "timestamp": 1780311521.9229574}
2026-06-01 12:58:41.930 - [robot_6_log_20260601_125830.csv] - DEBUG - Posición actualizada por visión: x=211.66, y=27.83, θ=-2.46
2026-06-01 12:58:41.930 - [robot_6_log_20260601_125830.csv] - DEBUG - Frecuencia: 19.79 Hz | Latencia Red/Proc: 7.59 ms
2026-06-01 12:58:41.935 - [robot_6_log_20260601_125830.csv] - DEBUG - Incoming data. Topic 6/pos, mensaje {"x": 211.66, "y": 27.83, "yaw": -2.462, "timestamp": 1780311521.9229574}
2026-06-01 12:58:41.940 - [robot_6_log_20260601_125830.csv] - DEBUG - Posición actualizada por visión: x=211.66, y=27.83, θ=-2.46
2026-06-01 12:58:41.944 - [robot_6_log_20260601_125830.csv] - INFO - Usando posición VISION: x=211.66, y=27.83, θ=-2.46
2026-06-01 12:58:41.944 - [robot_6_log_20260601_125830.csv] - DEBUG - Frecuencia: 73.29 Hz | Latencia Red/Proc: 21.23 ms
2026-06-01 12:58:41.944 - [robot_6_log_20260601_125830.csv] - INFO - Distancias a paredes: Left: 211.66, Right: 238.34, Top: 112.17, Bottom: 27.83
2026-06-01 12:58:41.944 - [robot_6_log_20260601_125830.csv] - INFO - Posicion: 211.66, 27.83, -2.462 | Velocidad: 0.6284762304034123, -0.777828790813195
2026-06-01 12:58:41.944 - [robot_6_log_20260601_125830.csv] - INFO - None
2026-06-01 12:58:41.944 - [robot_6_log_20260601_125830.csv] - DEBUG - Incoming data. Topic 6/pos, mensaje {"x": 211.66, "y": 27.83, "yaw": -2.462, "timestamp": 1780311521.9343243}
2026-06-01 12:58:41.944 - [robot_6_log_20260601_125830.csv] - WARNING - Estado FSM: AVANZA | Target Wall: None | Target Theta: 62.62° |theta: -141.0622091612087 
2026-06-01 12:58:41.944 - [robot_6_log_20260601_125830.csv] - DEBUG - Posición actualizada por visión: x=211.66, y=27.83, θ=-2.46
2026-06-01 12:58:41.949 - [robot_6_log_20260601_125830.csv] - DEBUG - Frecuencia: 183.53 Hz | Latencia Red/Proc: 15.31 ms
2026-06-01 12:58:41.959 - [robot_6_log_20260601_125830.csv] - DEBUG - Incoming data. Topic 6/pos, mensaje {"x": 211.66, "y": 27.83, "yaw": -2.462, "timestamp": 1780311521.9343243}
2026-06-01 12:58:41.965 - [robot_6_log_20260601_125830.csv] - DEBUG - Posición actualizada por visión: x=211.66, y=27.83, θ=-2.46
2026-06-01 12:58:41.965 - [robot_6_log_20260601_125830.csv] - DEBUG - Frecuencia: 64.64 Hz | Latencia Red/Proc: 30.79 ms
2026-06-01 12:58:41.976 - [robot_6_log_20260601_125830.csv] - DEBUG - Incoming data. Topic agent/6/wheel, mensaje {"Wleft":6.363713532,"Wright":6.365591265}
2026-06-01 12:58:41.994 - [robot_6_log_20260601_125830.csv] - INFO - Usando posición VISION: x=211.66, y=27.83, θ=-2.46
2026-06-01 12:58:41.994 - [robot_6_log_20260601_125830.csv] - INFO - Distancias a paredes: Left: 211.66, Right: 238.34, Top: 112.17, Bottom: 27.83
2026-06-01 12:58:41.994 - [robot_6_log_20260601_125830.csv] - INFO - Posicion: 211.66, 27.83, -2.462 | Velocidad: 0.6284762304034123, -0.777828790813195
2026-06-01 12:58:41.994 - [robot_6_log_20260601_125830.csv] - INFO - None
2026-06-01 12:58:41.994 - [robot_6_log_20260601_125830.csv] - WARNING - Estado FSM: AVANZA | Target Wall: None | Target Theta: 62.62° |theta: -141.0622091612087 
2026-06-01 12:58:42.029 - [robot_6_log_20260601_125830.csv] - DEBUG - Incoming data. Topic 6/pos, mensaje {"x": 213.05, "y": 25.85, "yaw": -2.463, "timestamp": 1780311522.0222454}
2026-06-01 12:58:42.029 - [robot_6_log_20260601_125830.csv] - DEBUG - Posición actualizada por visión: x=213.05, y=25.85, θ=-2.46
2026-06-01 12:58:42.030 - [robot_6_log_20260601_125830.csv] - DEBUG - Frecuencia: 15.41 Hz | Latencia Red/Proc: 7.77 ms
2026-06-01 12:58:42.030 - [robot_6_log_20260601_125830.csv] - DEBUG - Incoming data. Topic agent/6/wheel, mensaje {"Wleft":6.228711415,"Wright":6.341536092}
2026-06-01 12:58:42.040 - [robot_6_log_20260601_125830.csv] - DEBUG - Incoming data. Topic 6/pos, mensaje {"x": 213.05, "y": 25.85, "yaw": -2.463, "timestamp": 1780311522.0333598}
2026-06-01 12:58:42.040 - [robot_6_log_20260601_125830.csv] - DEBUG - Posición actualizada por visión: x=213.05, y=25.85, θ=-2.46
2026-06-01 12:58:42.040 - [robot_6_log_20260601_125830.csv] - DEBUG - Frecuencia: 92.31 Hz | Latencia Red/Proc: 7.49 ms
2026-06-01 12:58:42.044 - [robot_6_log_20260601_125830.csv] - INFO - Usando posición VISION: x=213.05, y=25.85, θ=-2.46
2026-06-01 12:58:42.044 - [robot_6_log_20260601_125830.csv] - INFO - Distancias a paredes: Left: 213.05, Right: 236.95, Top: 114.15, Bottom: 25.85
2026-06-01 12:58:42.044 - [robot_6_log_20260601_125830.csv] - INFO - Posicion: 213.05, 25.85, -2.463 | Velocidad: 0.6276980875041483, -0.7784568780244893
2026-06-01 12:58:42.044 - [robot_6_log_20260601_125830.csv] - INFO - None
2026-06-01 12:58:42.044 - [robot_6_log_20260601_125830.csv] - DEBUG - Incoming data. Topic 6/pos, mensaje {"x": 213.05, "y": 25.85, "yaw": -2.463, "timestamp": 1780311522.0222454}
2026-06-01 12:58:42.044 - [robot_6_log_20260601_125830.csv] - WARNING - Estado FSM: AVANZA | Target Wall: None | Target Theta: 62.62° |theta: -141.11950494072175 
2026-06-01 12:58:42.044 - [robot_6_log_20260601_125830.csv] - DEBUG - Posición actualizada por visión: x=213.05, y=25.85, θ=-2.46
2026-06-01 12:58:42.055 - [robot_6_log_20260601_125830.csv] - DEBUG - Frecuencia: 67.85 Hz | Latencia Red/Proc: 33.35 ms
2026-06-01 12:58:42.079 - [robot_6_log_20260601_125830.csv] - DEBUG - Incoming data. Topic 6/pos, mensaje {"x": 213.05, "y": 25.85, "yaw": -2.463, "timestamp": 1780311522.0333598}
2026-06-01 12:58:42.079 - [robot_6_log_20260601_125830.csv] - DEBUG - Posición actualizada por visión: x=213.05, y=25.85, θ=-2.46
2026-06-01 12:58:42.079 - [robot_6_log_20260601_125830.csv] - DEBUG - Frecuencia: 42.44 Hz | Latencia Red/Proc: 45.80 ms
2026-06-01 12:58:42.094 - [robot_6_log_20260601_125830.csv] - INFO - Usando posición VISION: x=213.05, y=25.85, θ=-2.46
2026-06-01 12:58:42.094 - [robot_6_log_20260601_125830.csv] - INFO - Distancias a paredes: Left: 213.05, Right: 236.95, Top: 114.15, Bottom: 25.85
2026-06-01 12:58:42.094 - [robot_6_log_20260601_125830.csv] - INFO - Posicion: 213.05, 25.85, -2.463 | Velocidad: 0.6276980875041483, -0.7784568780244893
2026-06-01 12:58:42.094 - [robot_6_log_20260601_125830.csv] - INFO - None
2026-06-01 12:58:42.094 - [robot_6_log_20260601_125830.csv] - WARNING - Estado FSM: AVANZA | Target Wall: None | Target Theta: 62.62° |theta: -141.11950494072175 
2026-06-01 12:58:42.130 - [robot_6_log_20260601_125830.csv] - DEBUG - Incoming data. Topic 6/pos, mensaje {"x": 214.35, "y": 23.93, "yaw": -2.464, "timestamp": 1780311522.1222384}
2026-06-01 12:58:42.135 - [robot_6_log_20260601_125830.csv] - DEBUG - Posición actualizada por visión: x=214.35, y=23.93, θ=-2.46
2026-06-01 12:58:42.135 - [robot_6_log_20260601_125830.csv] - DEBUG - Frecuencia: 17.72 Hz | Latencia Red/Proc: 13.35 ms
2026-06-01 12:58:42.140 - [robot_6_log_20260601_125830.csv] - DEBUG - Incoming data. Topic 6/pos, mensaje {"x": 214.35, "y": 23.93, "yaw": -2.464, "timestamp": 1780311522.1222384}
2026-06-01 12:58:42.144 - [robot_6_log_20260601_125830.csv] - INFO - Usando posición VISION: x=214.35, y=23.93, θ=-2.46
2026-06-01 12:58:42.144 - [robot_6_log_20260601_125830.csv] - DEBUG - Posición actualizada por visión: x=214.35, y=23.93, θ=-2.46
2026-06-01 12:58:42.144 - [robot_6_log_20260601_125830.csv] - DEBUG - Frecuencia: 114.04 Hz | Latencia Red/Proc: 22.12 ms
2026-06-01 12:58:42.144 - [robot_6_log_20260601_125830.csv] - DEBUG - Incoming data. Topic 6/pos, mensaje {"x": 214.35, "y": 23.93, "yaw": -2.464, "timestamp": 1780311522.132676}
2026-06-01 12:58:42.144 - [robot_6_log_20260601_125830.csv] - DEBUG - Posición actualizada por visión: x=214.35, y=23.93, θ=-2.46
2026-06-01 12:58:42.144 - [robot_6_log_20260601_125830.csv] - DEBUG - Frecuencia: 13107.20 Hz | Latencia Red/Proc: 11.76 ms
2026-06-01 12:58:42.144 - [robot_6_log_20260601_125830.csv] - DEBUG - Incoming data. Topic 6/pos, mensaje {"x": 214.35, "y": 23.93, "yaw": -2.464, "timestamp": 1780311522.132676}
2026-06-01 12:58:42.144 - [robot_6_log_20260601_125830.csv] - DEBUG - Posición actualizada por visión: x=214.35, y=23.93, θ=-2.46
2026-06-01 12:58:42.144 - [robot_6_log_20260601_125830.csv] - DEBUG - Frecuencia: 12018.06 Hz | Latencia Red/Proc: 11.84 ms
2026-06-01 12:58:42.144 - [robot_6_log_20260601_125830.csv] - INFO - Distancias a paredes: Left: 214.35, Right: 235.65, Top: 116.07, Bottom: 23.93
2026-06-01 12:58:42.144 - [robot_6_log_20260601_125830.csv] - INFO - Posicion: 214.35, 23.93, -2.464 | Velocidad: 0.6269193169068491, -0.7790841867789704
2026-06-01 12:58:42.144 - [robot_6_log_20260601_125830.csv] - INFO - None
2026-06-01 12:58:42.144 - [robot_6_log_20260601_125830.csv] - WARNING - Estado FSM: AVANZA | Target Wall: None | Target Theta: 62.62° |theta: -141.17680072023484 
2026-06-01 12:58:42.180 - [robot_6_log_20260601_125830.csv] - DEBUG - Incoming data. Topic agent/6/wheel, mensaje {"Wleft":6.356700977,"Wright":6.284866099}
2026-06-01 12:58:42.194 - [robot_6_log_20260601_125830.csv] - INFO - Usando posición VISION: x=214.35, y=23.93, θ=-2.46
2026-06-01 12:58:42.194 - [robot_6_log_20260601_125830.csv] - INFO - Distancias a paredes: Left: 214.35, Right: 235.65, Top: 116.07, Bottom: 23.93
2026-06-01 12:58:42.194 - [robot_6_log_20260601_125830.csv] - INFO - Posicion: 214.35, 23.93, -2.464 | Velocidad: 0.6269193169068491, -0.7790841867789704
2026-06-01 12:58:42.194 - [robot_6_log_20260601_125830.csv] - INFO - None
2026-06-01 12:58:42.194 - [robot_6_log_20260601_125830.csv] - WARNING - Estado FSM: AVANZA | Target Wall: None | Target Theta: 62.62° |theta: -141.17680072023484 
2026-06-01 12:58:42.230 - [robot_6_log_20260601_125830.csv] - DEBUG - Incoming data. Topic 6/pos, mensaje {"x": 215.72, "y": 22.0, "yaw": -2.481, "timestamp": 1780311522.2201302}
2026-06-01 12:58:42.235 - [robot_6_log_20260601_125830.csv] - DEBUG - Posición actualizada por visión: x=215.72, y=22.00, θ=-2.48
2026-06-01 12:58:42.240 - [robot_6_log_20260601_125830.csv] - DEBUG - Frecuencia: 10.42 Hz | Latencia Red/Proc: 20.35 ms
2026-06-01 12:58:42.244 - [robot_6_log_20260601_125830.csv] - INFO - Usando posición VISION: x=215.72, y=22.00, θ=-2.48
2026-06-01 12:58:42.244 - [robot_6_log_20260601_125830.csv] - INFO - Distancias a paredes: Left: 215.72, Right: 234.28, Top: 118.00, Bottom: 22.00
2026-06-01 12:58:42.244 - [robot_6_log_20260601_125830.csv] - INFO - Posicion: 215.72, 22.0, -2.481 | Velocidad: 0.6135849360028814, -0.7896287268776003
2026-06-01 12:58:42.244 - [robot_6_log_20260601_125830.csv] - INFO - None
2026-06-01 12:58:42.244 - [robot_6_log_20260601_125830.csv] - DEBUG - Incoming data. Topic agent/6/wheel, mensaje {"Wleft":6.052006501,"Wright":5.735787326}
2026-06-01 12:58:42.244 - [robot_6_log_20260601_125830.csv] - WARNING - Estado FSM: AVANZA | Target Wall: None | Target Theta: 62.62° |theta: -142.15082897195722 
2026-06-01 12:58:42.249 - [robot_6_log_20260601_125830.csv] - DEBUG - Incoming data. Topic 6/pos, mensaje {"x": 215.72, "y": 22.0, "yaw": -2.481, "timestamp": 1780311522.2293353}
2026-06-01 12:58:42.254 - [robot_6_log_20260601_125830.csv] - DEBUG - Posición actualizada por visión: x=215.72, y=22.00, θ=-2.48
2026-06-01 12:58:42.259 - [robot_6_log_20260601_125830.csv] - DEBUG - Frecuencia: 52.06 Hz | Latencia Red/Proc: 30.36 ms
2026-06-01 12:58:42.259 - [robot_6_log_20260601_125830.csv] - DEBUG - Incoming data. Topic 6/pos, mensaje {"x": 215.72, "y": 22.0, "yaw": -2.481, "timestamp": 1780311522.2201302}
2026-06-01 12:58:42.264 - [robot_6_log_20260601_125830.csv] - DEBUG - Posición actualizada por visión: x=215.72, y=22.00, θ=-2.48
2026-06-01 12:58:42.269 - [robot_6_log_20260601_125830.csv] - DEBUG - Frecuencia: 97.89 Hz | Latencia Red/Proc: 49.78 ms
2026-06-01 12:58:42.275 - [robot_6_log_20260601_125830.csv] - DEBUG - Incoming data. Topic 6/pos, mensaje {"x": 215.72, "y": 22.0, "yaw": -2.481, "timestamp": 1780311522.2293353}
2026-06-01 12:58:42.280 - [robot_6_log_20260601_125830.csv] - DEBUG - Posición actualizada por visión: x=215.72, y=22.00, θ=-2.48
2026-06-01 12:58:42.280 - [robot_6_log_20260601_125830.csv] - DEBUG - Frecuencia: 97.48 Hz | Latencia Red/Proc: 50.83 ms
2026-06-01 12:58:42.294 - [robot_6_log_20260601_125830.csv] - INFO - Usando posición VISION: x=215.72, y=22.00, θ=-2.48
2026-06-01 12:58:42.294 - [robot_6_log_20260601_125830.csv] - INFO - Distancias a paredes: Left: 215.72, Right: 234.28, Top: 118.00, Bottom: 22.00
2026-06-01 12:58:42.294 - [robot_6_log_20260601_125830.csv] - INFO - Posicion: 215.72, 22.0, -2.481 | Velocidad: 0.6135849360028814, -0.7896287268776003
2026-06-01 12:58:42.294 - [robot_6_log_20260601_125830.csv] - INFO - None
2026-06-01 12:58:42.294 - [robot_6_log_20260601_125830.csv] - WARNING - Estado FSM: AVANZA | Target Wall: None | Target Theta: 62.62° |theta: -142.15082897195722 
2026-06-01 12:58:42.323 - [robot_6_log_20260601_125830.csv] - DEBUG - Incoming data. Topic agent/6/wheel, mensaje {"Wleft":5.944983311,"Wright":5.048212095}
2026-06-01 12:58:42.334 - [robot_6_log_20260601_125830.csv] - DEBUG - Incoming data. Topic 6/pos, mensaje {"x": 217.03, "y": 20.22, "yaw": -2.489, "timestamp": 1780311522.3220415}
2026-06-01 12:58:42.339 - [robot_6_log_20260601_125830.csv] - DEBUG - Posición actualizada por visión: x=217.03, y=20.22, θ=-2.49
2026-06-01 12:58:42.344 - [robot_6_log_20260601_125830.csv] - INFO - Usando posición VISION: x=217.03, y=20.22, θ=-2.49
2026-06-01 12:58:42.344 - [robot_6_log_20260601_125830.csv] - DEBUG - Frecuencia: 15.62 Hz | Latencia Red/Proc: 22.14 ms
2026-06-01 12:58:42.344 - [robot_6_log_20260601_125830.csv] - INFO - Distancias a paredes: Left: 217.03, Right: 232.97, Top: 119.78, Bottom: 20.22
2026-06-01 12:58:42.344 - [robot_6_log_20260601_125830.csv] - INFO - Posicion: 217.03, 20.22, -2.489 | Velocidad: 0.6072483389560626, -0.7945120860220459
2026-06-01 12:58:42.344 - [robot_6_log_20260601_125830.csv] - INFO - None
2026-06-01 12:58:42.344 - [robot_6_log_20260601_125830.csv] - DEBUG - Incoming data. Topic 6/pos, mensaje {"x": 217.03, "y": 20.22, "yaw": -2.489, "timestamp": 1780311522.3220415}
2026-06-01 12:58:42.344 - [robot_6_log_20260601_125830.csv] - WARNING - Estado FSM: AVANZA | Target Wall: None | Target Theta: 62.62° |theta: -142.6091952080619 
2026-06-01 12:58:42.344 - [robot_6_log_20260601_125830.csv] - DEBUG - Posición actualizada por visión: x=217.03, y=20.22, θ=-2.49
2026-06-01 12:58:42.349 - [robot_6_log_20260601_125830.csv] - DEBUG - Frecuencia: 187.47 Hz | Latencia Red/Proc: 27.48 ms
2026-06-01 12:58:42.360 - [robot_6_log_20260601_125830.csv] - DEBUG - Incoming data. Topic 6/pos, mensaje {"x": 217.03, "y": 20.22, "yaw": -2.489, "timestamp": 1780311522.3308039}
2026-06-01 12:58:42.365 - [robot_6_log_20260601_125830.csv] - DEBUG - Posición actualizada por visión: x=217.03, y=20.22, θ=-2.49
2026-06-01 12:58:42.372 - [robot_6_log_20260601_125830.csv] - DEBUG - Frecuencia: 44.25 Hz | Latencia Red/Proc: 41.31 ms
2026-06-01 12:58:42.382 - [robot_6_log_20260601_125830.csv] - DEBUG - Incoming data. Topic 6/pos, mensaje {"x": 217.03, "y": 20.22, "yaw": -2.489, "timestamp": 1780311522.3308039}
2026-06-01 12:58:42.387 - [robot_6_log_20260601_125830.csv] - DEBUG - Posición actualizada por visión: x=217.03, y=20.22, θ=-2.49
2026-06-01 12:58:42.392 - [robot_6_log_20260601_125830.csv] - DEBUG - Frecuencia: 48.96 Hz | Latencia Red/Proc: 61.73 ms
2026-06-01 12:58:42.394 - [robot_6_log_20260601_125830.csv] - INFO - Usando posición VISION: x=217.03, y=20.22, θ=-2.49
2026-06-01 12:58:42.394 - [robot_6_log_20260601_125830.csv] - INFO - Distancias a paredes: Left: 217.03, Right: 232.97, Top: 119.78, Bottom: 20.22
2026-06-01 12:58:42.394 - [robot_6_log_20260601_125830.csv] - INFO - Posicion: 217.03, 20.22, -2.489 | Velocidad: 0.6072483389560626, -0.7945120860220459
2026-06-01 12:58:42.394 - [robot_6_log_20260601_125830.csv] - INFO - None
2026-06-01 12:58:42.394 - [robot_6_log_20260601_125830.csv] - WARNING - Estado FSM: AVANZA | Target Wall: None | Target Theta: 62.62° |theta: -142.6091952080619 
2026-06-01 12:58:42.444 - [robot_6_log_20260601_125830.csv] - INFO - Usando posición VISION: x=217.03, y=20.22, θ=-2.49
2026-06-01 12:58:42.444 - [robot_6_log_20260601_125830.csv] - INFO - Distancias a paredes: Left: 217.03, Right: 232.97, Top: 119.78, Bottom: 20.22
2026-06-01 12:58:42.444 - [robot_6_log_20260601_125830.csv] - INFO - Posicion: 217.03, 20.22, -2.489 | Velocidad: 0.6072483389560626, -0.7945120860220459
2026-06-01 12:58:42.444 - [robot_6_log_20260601_125830.csv] - INFO - None
2026-06-01 12:58:42.444 - [robot_6_log_20260601_125830.csv] - WARNING - Estado FSM: AVANZA | Target Wall: None | Target Theta: 62.62° |theta: -142.6091952080619 
2026-06-01 12:58:42.456 - [robot_6_log_20260601_125830.csv] - DEBUG - Incoming data. Topic agent/6/wheel, mensaje {"Wleft":7.469117592,"Wright":7.870969313}
2026-06-01 12:58:42.494 - [robot_6_log_20260601_125830.csv] - INFO - Usando posición VISION: x=217.03, y=20.22, θ=-2.49
2026-06-01 12:58:42.494 - [robot_6_log_20260601_125830.csv] - INFO - Distancias a paredes: Left: 217.03, Right: 232.97, Top: 119.78, Bottom: 20.22
2026-06-01 12:58:42.494 - [robot_6_log_20260601_125830.csv] - INFO - Posicion: 217.03, 20.22, -2.489 | Velocidad: 0.6072483389560626, -0.7945120860220459
2026-06-01 12:58:42.494 - [robot_6_log_20260601_125830.csv] - INFO - None
2026-06-01 12:58:42.494 - [robot_6_log_20260601_125830.csv] - WARNING - Estado FSM: AVANZA | Target Wall: None | Target Theta: 62.62° |theta: -142.6091952080619 
2026-06-01 12:58:42.523 - [robot_6_log_20260601_125830.csv] - DEBUG - Incoming data. Topic agent/6/wheel, mensaje {"Wleft":6.303910481,"Wright":6.105246562}
2026-06-01 12:58:42.540 - [robot_6_log_20260601_125830.csv] - DEBUG - Incoming data. Topic 6/pos, mensaje {"x": 221.14, "y": 14.33, "yaw": -2.535, "timestamp": 1780311522.5209057}
2026-06-01 12:58:42.544 - [robot_6_log_20260601_125830.csv] - INFO - Usando posición VISION: x=217.03, y=20.22, θ=-2.49
2026-06-01 12:58:42.544 - [robot_6_log_20260601_125830.csv] - DEBUG - Posición actualizada por visión: x=221.14, y=14.33, θ=-2.54
2026-06-01 12:58:42.544 - [robot_6_log_20260601_125830.csv] - INFO - Distancias a paredes: Left: 217.03, Right: 232.97, Top: 119.78, Bottom: 20.22
2026-06-01 12:58:42.544 - [robot_6_log_20260601_125830.csv] - DEBUG - Frecuencia: 6.59 Hz | Latencia Red/Proc: 23.38 ms
2026-06-01 12:58:42.544 - [robot_6_log_20260601_125830.csv] - INFO - Posicion: 217.03, 20.22, -2.489 | Velocidad: 0.6072483389560626, -0.7945120860220459
2026-06-01 12:58:42.544 - [robot_6_log_20260601_125830.csv] - INFO - None
2026-06-01 12:58:42.544 - [robot_6_log_20260601_125830.csv] - DEBUG - Incoming data. Topic 6/pos, mensaje {"x": 221.14, "y": 14.33, "yaw": -2.535, "timestamp": 1780311522.5209057}
2026-06-01 12:58:42.544 - [robot_6_log_20260601_125830.csv] - DEBUG - Posición actualizada por visión: x=221.14, y=14.33, θ=-2.54
2026-06-01 12:58:42.544 - [robot_6_log_20260601_125830.csv] - DEBUG - Frecuencia: 6462.72 Hz | Latencia Red/Proc: 23.54 ms
2026-06-01 12:58:42.544 - [robot_6_log_20260601_125830.csv] - DEBUG - Incoming data. Topic 6/pos, mensaje {"x": 221.14, "y": 14.33, "yaw": -2.535, "timestamp": 1780311522.529519}
2026-06-01 12:58:42.544 - [robot_6_log_20260601_125830.csv] - DEBUG - Posición actualizada por visión: x=221.14, y=14.33, θ=-2.54
2026-06-01 12:58:42.544 - [robot_6_log_20260601_125830.csv] - DEBUG - Frecuencia: 29959.31 Hz | Latencia Red/Proc: 14.96 ms
2026-06-01 12:58:42.544 - [robot_6_log_20260601_125830.csv] - DEBUG - Incoming data. Topic 6/pos, mensaje {"x": 221.14, "y": 14.33, "yaw": -2.535, "timestamp": 1780311522.529519}
2026-06-01 12:58:42.544 - [robot_6_log_20260601_125830.csv] - DEBUG - Posición actualizada por visión: x=221.14, y=14.33, θ=-2.54
2026-06-01 12:58:42.544 - [robot_6_log_20260601_125830.csv] - DEBUG - Frecuencia: 31300.78 Hz | Latencia Red/Proc: 14.99 ms
2026-06-01 12:58:42.544 - [robot_6_log_20260601_125830.csv] - WARNING - Estado FSM: AVANZA | Target Wall: None | Target Theta: 62.62° |theta: -142.6091952080619 
2026-06-01 12:58:42.594 - [robot_6_log_20260601_125830.csv] - INFO - Usando posición VISION: x=221.14, y=14.33, θ=-2.54
2026-06-01 12:58:42.594 - [robot_6_log_20260601_125830.csv] - INFO - Distancias a paredes: Left: 221.14, Right: 228.86, Top: 125.67, Bottom: 14.33
2026-06-01 12:58:42.594 - [robot_6_log_20260601_125830.csv] - INFO - Posicion: 221.14, 14.33, -2.535 | Velocidad: 0.570071315278233, -0.82159521389608
2026-06-01 12:58:42.594 - [robot_6_log_20260601_125830.csv] - INFO - ABAJO
2026-06-01 12:58:42.594 - [robot_6_log_20260601_125830.csv] - WARNING - Estado FSM: PARANDO_PARA_RETROCEDER | Target Wall: ABAJO | Target Theta: 62.62° |theta: -145.2448010656637 
2026-06-01 12:58:42.614 - [robot_6_log_20260601_125830.csv] - DEBUG - Despachado a ZMQ -> agent/6/move: {'v': 0.0, 'w': 0.0}
2026-06-01 12:58:42.620 - [robot_6_log_20260601_125830.csv] - DEBUG - Incoming data. Topic 6/pos, mensaje {"x": 221.32, "y": 12.75, "yaw": -2.54, "timestamp": 1780311522.6192873}
2026-06-01 12:58:42.641 - [robot_6_log_20260601_125830.csv] - DEBUG - Posición actualizada por visión: x=221.32, y=12.75, θ=-2.54
2026-06-01 12:58:42.641 - [robot_6_log_20260601_125830.csv] - DEBUG - Frecuencia: 10.30 Hz | Latencia Red/Proc: 22.28 ms
2026-06-01 12:58:42.644 - [robot_6_log_20260601_125830.csv] - INFO - Usando posición VISION: x=221.32, y=12.75, θ=-2.54
2026-06-01 12:58:42.644 - [robot_6_log_20260601_125830.csv] - DEBUG - Incoming data. Topic 6/pos, mensaje {"x": 221.32, "y": 12.75, "yaw": -2.54, "timestamp": 1780311522.6192873}
2026-06-01 12:58:42.644 - [robot_6_log_20260601_125830.csv] - INFO - Distancias a paredes: Left: 221.32, Right: 228.68, Top: 127.25, Bottom: 12.75
2026-06-01 12:58:42.644 - [robot_6_log_20260601_125830.csv] - DEBUG - Posición actualizada por visión: x=221.32, y=12.75, θ=-2.54
2026-06-01 12:58:42.644 - [robot_6_log_20260601_125830.csv] - INFO - Posicion: 221.32, 12.75, -2.54 | Velocidad: 0.5659562304487028, -0.8244352886772223
2026-06-01 12:58:42.644 - [robot_6_log_20260601_125830.csv] - DEBUG - Frecuencia: 358.43 Hz | Latencia Red/Proc: 25.07 ms
2026-06-01 12:58:42.644 - [robot_6_log_20260601_125830.csv] - INFO - ABAJO
2026-06-01 12:58:42.644 - [robot_6_log_20260601_125830.csv] - DEBUG - Incoming data. Topic 6/pos, mensaje {"x": 221.32, "y": 12.75, "yaw": -2.54, "timestamp": 1780311522.6286786}
2026-06-01 12:58:42.644 - [robot_6_log_20260601_125830.csv] - WARNING - Timer: 0.05023360252380371
2026-06-01 12:58:42.644 - [robot_6_log_20260601_125830.csv] - DEBUG - Posición actualizada por visión: x=221.32, y=12.75, θ=-2.54
2026-06-01 12:58:42.644 - [robot_6_log_20260601_125830.csv] - WARNING - Estado FSM: PARANDO_PARA_RETROCEDER | Target Wall: ABAJO | Target Theta: 62.62° |theta: -145.5312799632291 
2026-06-01 12:58:42.644 - [robot_6_log_20260601_125830.csv] - DEBUG - Frecuencia: 4206.92 Hz | Latencia Red/Proc: 15.91 ms
2026-06-01 12:58:42.649 - [robot_6_log_20260601_125830.csv] - DEBUG - Incoming data. Topic 6/pos, mensaje {"x": 221.32, "y": 12.75, "yaw": -2.54, "timestamp": 1780311522.6286786}
2026-06-01 12:58:42.654 - [robot_6_log_20260601_125830.csv] - DEBUG - Posición actualizada por visión: x=221.32, y=12.75, θ=-2.54
2026-06-01 12:58:42.659 - [robot_6_log_20260601_125830.csv] - DEBUG - Frecuencia: 65.07 Hz | Latencia Red/Proc: 31.28 ms
2026-06-01 12:58:42.672 - [robot_6_log_20260601_125830.csv] - DEBUG - Incoming data. Topic agent/6/wheel, mensaje {"Wleft":5.372425711,"Wright":4.452900453}
2026-06-01 12:58:42.694 - [robot_6_log_20260601_125830.csv] - INFO - Usando posición VISION: x=221.32, y=12.75, θ=-2.54
2026-06-01 12:58:42.694 - [robot_6_log_20260601_125830.csv] - INFO - Distancias a paredes: Left: 221.32, Right: 228.68, Top: 127.25, Bottom: 12.75
2026-06-01 12:58:42.694 - [robot_6_log_20260601_125830.csv] - INFO - Posicion: 221.32, 12.75, -2.54 | Velocidad: 0.5659562304487028, -0.8244352886772223
2026-06-01 12:58:42.694 - [robot_6_log_20260601_125830.csv] - INFO - ABAJO
2026-06-01 12:58:42.694 - [robot_6_log_20260601_125830.csv] - WARNING - Timer: 0.10003232955932617
2026-06-01 12:58:42.694 - [robot_6_log_20260601_125830.csv] - WARNING - Estado FSM: PARANDO_PARA_RETROCEDER | Target Wall: ABAJO | Target Theta: 62.62° |theta: -145.5312799632291 
2026-06-01 12:58:42.718 - [robot_6_log_20260601_125830.csv] - DEBUG - Incoming data. Topic agent/6/wheel, mensaje {"Wleft":4.092366067,"Wright":2.544819348}
2026-06-01 12:58:42.736 - [robot_6_log_20260601_125830.csv] - DEBUG - Incoming data. Topic 6/pos, mensaje {"x": 222.18, "y": 11.18, "yaw": -2.583, "timestamp": 1780311522.7194333}
2026-06-01 12:58:42.741 - [robot_6_log_20260601_125830.csv] - DEBUG - Posición actualizada por visión: x=222.18, y=11.18, θ=-2.58
2026-06-01 12:58:42.744 - [robot_6_log_20260601_125830.csv] - DEBUG - Frecuencia: 11.87 Hz | Latencia Red/Proc: 24.79 ms
2026-06-01 12:58:42.744 - [robot_6_log_20260601_125830.csv] - DEBUG - Incoming data. Topic 6/pos, mensaje {"x": 222.18, "y": 11.18, "yaw": -2.583, "timestamp": 1780311522.7194333}
2026-06-01 12:58:42.744 - [robot_6_log_20260601_125830.csv] - INFO - Usando posición VISION: x=222.18, y=11.18, θ=-2.58
2026-06-01 12:58:42.744 - [robot_6_log_20260601_125830.csv] - DEBUG - Posición actualizada por visión: x=222.18, y=11.18, θ=-2.58
2026-06-01 12:58:42.744 - [robot_6_log_20260601_125830.csv] - INFO - Distancias a paredes: Left: 222.18, Right: 227.82, Top: 128.82, Bottom: 11.18
2026-06-01 12:58:42.744 - [robot_6_log_20260601_125830.csv] - DEBUG - Frecuencia: 5511.57 Hz | Latencia Red/Proc: 24.97 ms
2026-06-01 12:58:42.744 - [robot_6_log_20260601_125830.csv] - INFO - Posicion: 222.18, 11.18, -2.583 | Velocidad: 0.5299932908355215, -0.8480018347087076
2026-06-01 12:58:42.744 - [robot_6_log_20260601_125830.csv] - DEBUG - Incoming data. Topic 6/pos, mensaje {"x": 222.18, "y": 11.18, "yaw": -2.583, "timestamp": 1780311522.728595}
2026-06-01 12:58:42.744 - [robot_6_log_20260601_125830.csv] - INFO - ABAJO
2026-06-01 12:58:42.744 - [robot_6_log_20260601_125830.csv] - DEBUG - Posición actualizada por visión: x=222.18, y=11.18, θ=-2.58
2026-06-01 12:58:42.744 - [robot_6_log_20260601_125830.csv] - WARNING - Timer: 0.1503441333770752
2026-06-01 12:58:42.744 - [robot_6_log_20260601_125830.csv] - DEBUG - Frecuencia: 4739.33 Hz | Latencia Red/Proc: 16.02 ms
2026-06-01 12:58:42.744 - [robot_6_log_20260601_125830.csv] - WARNING - Estado FSM: PARANDO_PARA_RETROCEDER | Target Wall: ABAJO | Target Theta: 62.62° |theta: -147.99499848229166 
2026-06-01 12:58:42.744 - [robot_6_log_20260601_125830.csv] - DEBUG - Incoming data. Topic 6/pos, mensaje {"x": 222.18, "y": 11.18, "yaw": -2.583, "timestamp": 1780311522.728595}
2026-06-01 12:58:42.754 - [robot_6_log_20260601_125830.csv] - DEBUG - Posición actualizada por visión: x=222.18, y=11.18, θ=-2.58
2026-06-01 12:58:42.761 - [robot_6_log_20260601_125830.csv] - DEBUG - Frecuencia: 60.95 Hz | Latencia Red/Proc: 32.43 ms
2026-06-01 12:58:42.794 - [robot_6_log_20260601_125830.csv] - INFO - Usando posición VISION: x=222.18, y=11.18, θ=-2.58
2026-06-01 12:58:42.794 - [robot_6_log_20260601_125830.csv] - INFO - Distancias a paredes: Left: 222.18, Right: 227.82, Top: 128.82, Bottom: 11.18
2026-06-01 12:58:42.794 - [robot_6_log_20260601_125830.csv] - INFO - Posicion: 222.18, 11.18, -2.583 | Velocidad: 0.5299932908355215, -0.8480018347087076
2026-06-01 12:58:42.794 - [robot_6_log_20260601_125830.csv] - INFO - ABAJO
2026-06-01 12:58:42.794 - [robot_6_log_20260601_125830.csv] - WARNING - Timer: 0.20000219345092773
2026-06-01 12:58:42.794 - [robot_6_log_20260601_125830.csv] - WARNING - Estado FSM: PARANDO_PARA_RETROCEDER | Target Wall: ABAJO | Target Theta: 62.62° |theta: -147.99499848229166 
2026-06-01 12:58:42.830 - [robot_6_log_20260601_125830.csv] - DEBUG - Incoming data. Topic 6/pos, mensaje {"x": 223.1, "y": 9.6, "yaw": -2.601, "timestamp": 1780311522.819733}
2026-06-01 12:58:42.835 - [robot_6_log_20260601_125830.csv] - DEBUG - Posición actualizada por visión: x=223.10, y=9.60, θ=-2.60
2026-06-01 12:58:42.835 - [robot_6_log_20260601_125830.csv] - DEBUG - Frecuencia: 13.45 Hz | Latencia Red/Proc: 15.64 ms
2026-06-01 12:58:42.844 - [robot_6_log_20260601_125830.csv] - INFO - Usando posición VISION: x=223.10, y=9.60, θ=-2.60
2026-06-01 12:58:42.844 - [robot_6_log_20260601_125830.csv] - DEBUG - Incoming data. Topic 6/pos, mensaje {"x": 223.1, "y": 9.6, "yaw": -2.601, "timestamp": 1780311522.819733}
2026-06-01 12:58:42.844 - [robot_6_log_20260601_125830.csv] - INFO - Distancias a paredes: Left: 223.10, Right: 226.90, Top: 130.40, Bottom: 9.60
2026-06-01 12:58:42.844 - [robot_6_log_20260601_125830.csv] - DEBUG - Posición actualizada por visión: x=223.10, y=9.60, θ=-2.60
2026-06-01 12:58:42.844 - [robot_6_log_20260601_125830.csv] - INFO - Posicion: 223.1, 9.6, -2.601 | Velocidad: 0.5146442254602457, -0.8574038262105108
2026-06-01 12:58:42.844 - [robot_6_log_20260601_125830.csv] - DEBUG - Frecuencia: 111.91 Hz | Latencia Red/Proc: 24.58 ms
2026-06-01 12:58:42.844 - [robot_6_log_20260601_125830.csv] - CRITICAL - Pared muy cercana [223.1, 226.9, 130.4, 9.6]
2026-06-01 12:58:42.844 - [robot_6_log_20260601_125830.csv] - DEBUG - Incoming data. Topic 6/pos, mensaje {"x": 223.1, "y": 9.6, "yaw": -2.601, "timestamp": 1780311522.8293033}
2026-06-01 12:58:42.844 - [robot_6_log_20260601_125830.csv] - INFO - ABAJO
2026-06-01 12:58:42.844 - [robot_6_log_20260601_125830.csv] - DEBUG - Posición actualizada por visión: x=223.10, y=9.60, θ=-2.60
2026-06-01 12:58:42.844 - [robot_6_log_20260601_125830.csv] - WARNING - Timer: 0.2502758502960205
2026-06-01 12:58:42.844 - [robot_6_log_20260601_125830.csv] - DEBUG - Frecuencia: 4804.47 Hz | Latencia Red/Proc: 15.22 ms
2026-06-01 12:58:42.844 - [robot_6_log_20260601_125830.csv] - WARNING - Estado FSM: PARANDO_PARA_RETROCEDER | Target Wall: ABAJO | Target Theta: 62.62° |theta: -149.02632251352713 
2026-06-01 12:58:42.844 - [robot_6_log_20260601_125830.csv] - DEBUG - Incoming data. Topic 6/pos, mensaje {"x": 223.1, "y": 9.6, "yaw": -2.601, "timestamp": 1780311522.8293033}
2026-06-01 12:58:42.855 - [robot_6_log_20260601_125830.csv] - DEBUG - Posición actualizada por visión: x=223.10, y=9.60, θ=-2.60
2026-06-01 12:58:42.861 - [robot_6_log_20260601_125830.csv] - DEBUG - Frecuencia: 60.61 Hz | Latencia Red/Proc: 31.72 ms
2026-06-01 12:58:42.877 - [robot_6_log_20260601_125830.csv] - DEBUG - Incoming data. Topic agent/6/wheel, mensaje {"Wleft":2.146116957,"Wright":-2.681188604e-15}
2026-06-01 12:58:42.894 - [robot_6_log_20260601_125830.csv] - INFO - Usando posición VISION: x=223.10, y=9.60, θ=-2.60
2026-06-01 12:58:42.894 - [robot_6_log_20260601_125830.csv] - INFO - Distancias a paredes: Left: 223.10, Right: 226.90, Top: 130.40, Bottom: 9.60
2026-06-01 12:58:42.894 - [robot_6_log_20260601_125830.csv] - INFO - Posicion: 223.1, 9.6, -2.601 | Velocidad: 0.5146442254602457, -0.8574038262105108
2026-06-01 12:58:42.894 - [robot_6_log_20260601_125830.csv] - CRITICAL - Pared muy cercana [223.1, 226.9, 130.4, 9.6]
2026-06-01 12:58:42.894 - [robot_6_log_20260601_125830.csv] - INFO - ABAJO
2026-06-01 12:58:42.894 - [robot_6_log_20260601_125830.csv] - WARNING - Timer: 0.3000633716583252
2026-06-01 12:58:42.894 - [robot_6_log_20260601_125830.csv] - WARNING - Estado FSM: PARANDO_PARA_RETROCEDER | Target Wall: ABAJO | Target Theta: 62.62° |theta: -149.02632251352713 
2026-06-01 12:58:42.930 - [robot_6_log_20260601_125830.csv] - DEBUG - Incoming data. Topic 6/pos, mensaje {"x": 223.53, "y": 8.76, "yaw": -2.635, "timestamp": 1780311522.9220903}
2026-06-01 12:58:42.940 - [robot_6_log_20260601_125830.csv] - DEBUG - Posición actualizada por visión: x=223.53, y=8.76, θ=-2.63
2026-06-01 12:58:42.944 - [robot_6_log_20260601_125830.csv] - DEBUG - Frecuencia: 12.02 Hz | Latencia Red/Proc: 22.15 ms
2026-06-01 12:58:42.944 - [robot_6_log_20260601_125830.csv] - INFO - Usando posición VISION: x=223.53, y=8.76, θ=-2.63
2026-06-01 12:58:42.944 - [robot_6_log_20260601_125830.csv] - DEBUG - Incoming data. Topic 6/pos, mensaje {"x": 223.53, "y": 8.76, "yaw": -2.635, "timestamp": 1780311522.9220903}
2026-06-01 12:58:42.944 - [robot_6_log_20260601_125830.csv] - INFO - Distancias a paredes: Left: 223.53, Right: 226.47, Top: 131.24, Bottom: 8.76
2026-06-01 12:58:42.944 - [robot_6_log_20260601_125830.csv] - DEBUG - Posición actualizada por visión: x=223.53, y=8.76, θ=-2.63
2026-06-01 12:58:42.944 - [robot_6_log_20260601_125830.csv] - INFO - Posicion: 223.53, 8.76, -2.635 | Velocidad: 0.48520067590343746, -0.8744028271356672
2026-06-01 12:58:42.944 - [robot_6_log_20260601_125830.csv] - DEBUG - Frecuencia: 3253.92 Hz | Latencia Red/Proc: 22.45 ms
2026-06-01 12:58:42.944 - [robot_6_log_20260601_125830.csv] - CRITICAL - Pared muy cercana [223.53, 226.47, 131.24, 8.76]
2026-06-01 12:58:42.944 - [robot_6_log_20260601_125830.csv] - DEBUG - Incoming data. Topic 6/pos, mensaje {"x": 223.53, "y": 8.76, "yaw": -2.635, "timestamp": 1780311522.9328995}
2026-06-01 12:58:42.944 - [robot_6_log_20260601_125830.csv] - INFO - ABAJO
2026-06-01 12:58:42.944 - [robot_6_log_20260601_125830.csv] - DEBUG - Posición actualizada por visión: x=223.53, y=8.76, θ=-2.63
2026-06-01 12:58:42.944 - [robot_6_log_20260601_125830.csv] - WARNING - Timer: 0.35053253173828125
2026-06-01 12:58:42.944 - [robot_6_log_20260601_125830.csv] - DEBUG - Frecuencia: 4185.93 Hz | Latencia Red/Proc: 11.88 ms
2026-06-01 12:58:42.944 - [robot_6_log_20260601_125830.csv] - WARNING - Estado FSM: PARANDO_PARA_RETROCEDER | Target Wall: ABAJO | Target Theta: 62.62° |theta: -150.9743790169719 
2026-06-01 12:58:42.944 - [robot_6_log_20260601_125830.csv] - DEBUG - Incoming data. Topic 6/pos, mensaje {"x": 223.53, "y": 8.76, "yaw": -2.635, "timestamp": 1780311522.9328995}
2026-06-01 12:58:42.956 - [robot_6_log_20260601_125830.csv] - DEBUG - Posición actualizada por visión: x=223.53, y=8.76, θ=-2.63
2026-06-01 12:58:42.961 - [robot_6_log_20260601_125830.csv] - DEBUG - Frecuencia: 60.60 Hz | Latencia Red/Proc: 28.38 ms
2026-06-01 12:58:42.983 - [robot_6_log_20260601_125830.csv] - DEBUG - Incoming data. Topic agent/6/wheel, mensaje {"Wleft":0.46575151,"Wright":-2.681188604e-15}
2026-06-01 12:58:42.994 - [robot_6_log_20260601_125830.csv] - INFO - Usando posición VISION: x=223.53, y=8.76, θ=-2.63
2026-06-01 12:58:42.994 - [robot_6_log_20260601_125830.csv] - INFO - Distancias a paredes: Left: 223.53, Right: 226.47, Top: 131.24, Bottom: 8.76
2026-06-01 12:58:42.994 - [robot_6_log_20260601_125830.csv] - INFO - Posicion: 223.53, 8.76, -2.635 | Velocidad: 0.48520067590343746, -0.8744028271356672
2026-06-01 12:58:42.994 - [robot_6_log_20260601_125830.csv] - CRITICAL - Pared muy cercana [223.53, 226.47, 131.24, 8.76]
2026-06-01 12:58:42.994 - [robot_6_log_20260601_125830.csv] - INFO - ABAJO
2026-06-01 12:58:42.994 - [robot_6_log_20260601_125830.csv] - WARNING - Timer: 0.40003228187561035
2026-06-01 12:58:42.994 - [robot_6_log_20260601_125830.csv] - WARNING - Estado FSM: PARANDO_PARA_RETROCEDER | Target Wall: ABAJO | Target Theta: 62.62° |theta: -150.9743790169719 
2026-06-01 12:58:43.024 - [robot_6_log_20260601_125830.csv] - DEBUG - Incoming data. Topic 6/pos, mensaje {"x": 223.48, "y": 8.68, "yaw": -2.673, "timestamp": 1780311523.021985}
2026-06-01 12:58:43.029 - [robot_6_log_20260601_125830.csv] - DEBUG - Posición actualizada por visión: x=223.48, y=8.68, θ=-2.67
2026-06-01 12:58:43.034 - [robot_6_log_20260601_125830.csv] - DEBUG - Frecuencia: 13.64 Hz | Latencia Red/Proc: 12.61 ms
2026-06-01 12:58:43.044 - [robot_6_log_20260601_125830.csv] - INFO - Usando posición VISION: x=223.48, y=8.68, θ=-2.67
2026-06-01 12:58:43.044 - [robot_6_log_20260601_125830.csv] - INFO - Distancias a paredes: Left: 223.48, Right: 226.52, Top: 131.32, Bottom: 8.68
2026-06-01 12:58:43.044 - [robot_6_log_20260601_125830.csv] - INFO - Posicion: 223.48, 8.68, -2.673 | Velocidad: 0.4516310918647883, -0.8922047729422989
2026-06-01 12:58:43.044 - [robot_6_log_20260601_125830.csv] - DEBUG - Incoming data. Topic 6/pos, mensaje {"x": 223.48, "y": 8.68, "yaw": -2.673, "timestamp": 1780311523.021985}
2026-06-01 12:58:43.044 - [robot_6_log_20260601_125830.csv] - CRITICAL - Pared muy cercana [223.48, 226.52, 131.32, 8.68]
2026-06-01 12:58:43.044 - [robot_6_log_20260601_125830.csv] - DEBUG - Posición actualizada por visión: x=223.48, y=8.68, θ=-2.67
2026-06-01 12:58:43.044 - [robot_6_log_20260601_125830.csv] - INFO - ABAJO
2026-06-01 12:58:43.044 - [robot_6_log_20260601_125830.csv] - DEBUG - Frecuencia: 101.68 Hz | Latencia Red/Proc: 22.44 ms
2026-06-01 12:58:43.044 - [robot_6_log_20260601_125830.csv] - WARNING - Timer: 0.4502532482147217
2026-06-01 12:58:43.044 - [robot_6_log_20260601_125830.csv] - WARNING - Estado FSM: PARANDO_PARA_RETROCEDER | Target Wall: ABAJO | Target Theta: 62.62° |theta: -153.15161863846905 
2026-06-01 12:58:43.049 - [robot_6_log_20260601_125830.csv] - DEBUG - Incoming data. Topic 6/pos, mensaje {"x": 223.48, "y": 8.68, "yaw": -2.673, "timestamp": 1780311523.030679}
2026-06-01 12:58:43.054 - [robot_6_log_20260601_125830.csv] - DEBUG - Posición actualizada por visión: x=223.48, y=8.68, θ=-2.67
2026-06-01 12:58:43.065 - [robot_6_log_20260601_125830.csv] - DEBUG - Frecuencia: 46.46 Hz | Latencia Red/Proc: 35.27 ms
2026-06-01 12:58:43.072 - [robot_6_log_20260601_125830.csv] - DEBUG - Incoming data. Topic agent/6/wheel, mensaje {"Wleft":4.388156505e-15,"Wright":-2.681188604e-15}
2026-06-01 12:58:43.077 - [robot_6_log_20260601_125830.csv] - DEBUG - Incoming data. Topic 6/pos, mensaje {"x": 223.48, "y": 8.68, "yaw": -2.673, "timestamp": 1780311523.030679}
2026-06-01 12:58:43.082 - [robot_6_log_20260601_125830.csv] - DEBUG - Posición actualizada por visión: x=223.48, y=8.68, θ=-2.67
2026-06-01 12:58:43.087 - [robot_6_log_20260601_125830.csv] - DEBUG - Frecuencia: 45.84 Hz | Latencia Red/Proc: 57.09 ms
2026-06-01 12:58:43.094 - [robot_6_log_20260601_125830.csv] - INFO - Usando posición VISION: x=223.48, y=8.68, θ=-2.67
2026-06-01 12:58:43.094 - [robot_6_log_20260601_125830.csv] - INFO - Distancias a paredes: Left: 223.48, Right: 226.52, Top: 131.32, Bottom: 8.68
2026-06-01 12:58:43.094 - [robot_6_log_20260601_125830.csv] - INFO - Posicion: 223.48, 8.68, -2.673 | Velocidad: 0.4516310918647883, -0.8922047729422989
2026-06-01 12:58:43.094 - [robot_6_log_20260601_125830.csv] - CRITICAL - Pared muy cercana [223.48, 226.52, 131.32, 8.68]
2026-06-01 12:58:43.094 - [robot_6_log_20260601_125830.csv] - INFO - ABAJO
2026-06-01 12:58:43.094 - [robot_6_log_20260601_125830.csv] - WARNING - Timer: 0.5000901222229004
2026-06-01 12:58:43.094 - [robot_6_log_20260601_125830.csv] - WARNING - Estado FSM: RETROCEDE | Target Wall: ABAJO | Target Theta: 62.62° |theta: -153.15161863846905 
2026-06-01 12:58:43.110 - [robot_6_log_20260601_125830.csv] - DEBUG - Despachado a ZMQ -> agent/6/move: {'v': -30, 'w': 0.0}
2026-06-01 12:58:43.127 - [robot_6_log_20260601_125830.csv] - DEBUG - Incoming data. Topic 6/pos, mensaje {"x": 223.5, "y": 8.65, "yaw": -2.701, "timestamp": 1780311523.1218357}
2026-06-01 12:58:43.132 - [robot_6_log_20260601_125830.csv] - DEBUG - Posición actualizada por visión: x=223.50, y=8.65, θ=-2.70
2026-06-01 12:58:43.138 - [robot_6_log_20260601_125830.csv] - DEBUG - Frecuencia: 19.63 Hz | Latencia Red/Proc: 16.87 ms
2026-06-01 12:58:43.143 - [robot_6_log_20260601_125830.csv] - DEBUG - Incoming data. Topic 6/pos, mensaje {"x": 223.5, "y": 8.65, "yaw": -2.701, "timestamp": 1780311523.1218357}
2026-06-01 12:58:43.144 - [robot_6_log_20260601_125830.csv] - INFO - Usando posición VISION: x=223.50, y=8.65, θ=-2.70
2026-06-01 12:58:43.144 - [robot_6_log_20260601_125830.csv] - DEBUG - Posición actualizada por visión: x=223.50, y=8.65, θ=-2.70
2026-06-01 12:58:43.144 - [robot_6_log_20260601_125830.csv] - INFO - Distancias a paredes: Left: 223.50, Right: 226.50, Top: 131.35, Bottom: 8.65
2026-06-01 12:58:43.144 - [robot_6_log_20260601_125830.csv] - DEBUG - Frecuencia: 179.44 Hz | Latencia Red/Proc: 22.44 ms
2026-06-01 12:58:43.144 - [robot_6_log_20260601_125830.csv] - INFO - Posicion: 223.5, 8.65, -2.701 | Velocidad: 0.42647559455256917, -0.9044990697900317
2026-06-01 12:58:43.144 - [robot_6_log_20260601_125830.csv] - DEBUG - Incoming data. Topic 6/pos, mensaje {"x": 223.5, "y": 8.65, "yaw": -2.701, "timestamp": 1780311523.132894}
2026-06-01 12:58:43.144 - [robot_6_log_20260601_125830.csv] - CRITICAL - Pared muy cercana [223.5, 226.5, 131.35, 8.65]
2026-06-01 12:58:43.144 - [robot_6_log_20260601_125830.csv] - DEBUG - Posición actualizada por visión: x=223.50, y=8.65, θ=-2.70
2026-06-01 12:58:43.144 - [robot_6_log_20260601_125830.csv] - INFO - ABAJO
2026-06-01 12:58:43.144 - [robot_6_log_20260601_125830.csv] - DEBUG - Frecuencia: 4707.41 Hz | Latencia Red/Proc: 11.59 ms
2026-06-01 12:58:43.144 - [robot_6_log_20260601_125830.csv] - WARNING - Estado FSM: RETROCEDE | Target Wall: ABAJO | Target Theta: 62.62° |theta: -154.75590046483535 
2026-06-01 12:58:43.144 - [robot_6_log_20260601_125830.csv] - DEBUG - Incoming data. Topic 6/pos, mensaje {"x": 223.5, "y": 8.65, "yaw": -2.701, "timestamp": 1780311523.132894}
2026-06-01 12:58:43.149 - [robot_6_log_20260601_125830.csv] - DEBUG - Posición actualizada por visión: x=223.50, y=8.65, θ=-2.70
2026-06-01 12:58:43.154 - [robot_6_log_20260601_125830.csv] - DEBUG - Frecuencia: 96.98 Hz | Latencia Red/Proc: 21.90 ms
2026-06-01 12:58:43.183 - [robot_6_log_20260601_125830.csv] - DEBUG - Incoming data. Topic agent/6/wheel, mensaje {"Wleft":4.388156505e-15,"Wright":-2.681188604e-15}
2026-06-01 12:58:43.194 - [robot_6_log_20260601_125830.csv] - INFO - Usando posición VISION: x=223.50, y=8.65, θ=-2.70
2026-06-01 12:58:43.194 - [robot_6_log_20260601_125830.csv] - INFO - Distancias a paredes: Left: 223.50, Right: 226.50, Top: 131.35, Bottom: 8.65
2026-06-01 12:58:43.194 - [robot_6_log_20260601_125830.csv] - INFO - Posicion: 223.5, 8.65, -2.701 | Velocidad: 0.42647559455256917, -0.9044990697900317
2026-06-01 12:58:43.194 - [robot_6_log_20260601_125830.csv] - CRITICAL - Pared muy cercana [223.5, 226.5, 131.35, 8.65]
2026-06-01 12:58:43.194 - [robot_6_log_20260601_125830.csv] - INFO - ABAJO
2026-06-01 12:58:43.194 - [robot_6_log_20260601_125830.csv] - WARNING - Estado FSM: RETROCEDE | Target Wall: ABAJO | Target Theta: 62.62° |theta: -154.75590046483535 
2026-06-01 12:58:43.225 - [robot_6_log_20260601_125830.csv] - DEBUG - Incoming data. Topic 6/pos, mensaje {"x": 223.49, "y": 8.64, "yaw": -2.701, "timestamp": 1780311523.2219555}
2026-06-01 12:58:43.230 - [robot_6_log_20260601_125830.csv] - DEBUG - Posición actualizada por visión: x=223.49, y=8.64, θ=-2.70
2026-06-01 12:58:43.235 - [robot_6_log_20260601_125830.csv] - DEBUG - Frecuencia: 12.38 Hz | Latencia Red/Proc: 13.61 ms
2026-06-01 12:58:43.241 - [robot_6_log_20260601_125830.csv] - DEBUG - Incoming data. Topic 6/pos, mensaje {"x": 223.49, "y": 8.64, "yaw": -2.701, "timestamp": 1780311523.2219555}
2026-06-01 12:58:43.241 - [robot_6_log_20260601_125830.csv] - DEBUG - Posición actualizada por visión: x=223.49, y=8.64, θ=-2.70
2026-06-01 12:58:43.244 - [robot_6_log_20260601_125830.csv] - INFO - Usando posición VISION: x=223.49, y=8.64, θ=-2.70
2026-06-01 12:58:43.244 - [robot_6_log_20260601_125830.csv] - DEBUG - Frecuencia: 115.97 Hz | Latencia Red/Proc: 22.24 ms
2026-06-01 12:58:43.244 - [robot_6_log_20260601_125830.csv] - INFO - Distancias a paredes: Left: 223.49, Right: 226.51, Top: 131.36, Bottom: 8.64
2026-06-01 12:58:43.244 - [robot_6_log_20260601_125830.csv] - DEBUG - Incoming data. Topic 6/pos, mensaje {"x": 223.49, "y": 8.64, "yaw": -2.701, "timestamp": 1780311523.2323265}
2026-06-01 12:58:43.244 - [robot_6_log_20260601_125830.csv] - INFO - Posicion: 223.49, 8.64, -2.701 | Velocidad: 0.42647559455256917, -0.9044990697900317
2026-06-01 12:58:43.244 - [robot_6_log_20260601_125830.csv] - DEBUG - Posición actualizada por visión: x=223.49, y=8.64, θ=-2.70
2026-06-01 12:58:43.244 - [robot_6_log_20260601_125830.csv] - CRITICAL - Pared muy cercana [223.49, 226.51, 131.36, 8.64]
2026-06-01 12:58:43.244 - [robot_6_log_20260601_125830.csv] - DEBUG - Frecuencia: 2964.17 Hz | Latencia Red/Proc: 12.20 ms
2026-06-01 12:58:43.244 - [robot_6_log_20260601_125830.csv] - INFO - ABAJO
2026-06-01 12:58:43.244 - [robot_6_log_20260601_125830.csv] - WARNING - Estado FSM: RETROCEDE | Target Wall: ABAJO | Target Theta: 62.62° |theta: -154.75590046483535 
2026-06-01 12:58:43.249 - [robot_6_log_20260601_125830.csv] - DEBUG - Incoming data. Topic agent/6/wheel, mensaje {"Wleft":18,"Wright":18}
2026-06-01 12:58:43.279 - [robot_6_log_20260601_125830.csv] - DEBUG - Incoming data. Topic 6/pos, mensaje {"x": 223.49, "y": 8.64, "yaw": -2.701, "timestamp": 1780311523.2323265}
2026-06-01 12:58:43.284 - [robot_6_log_20260601_125830.csv] - DEBUG - Posición actualizada por visión: x=223.49, y=8.64, θ=-2.70
2026-06-01 12:58:43.289 - [robot_6_log_20260601_125830.csv] - DEBUG - Frecuencia: 22.24 Hz | Latencia Red/Proc: 57.17 ms
2026-06-01 12:58:43.294 - [robot_6_log_20260601_125830.csv] - INFO - Usando posición VISION: x=223.49, y=8.64, θ=-2.70
2026-06-01 12:58:43.294 - [robot_6_log_20260601_125830.csv] - INFO - Distancias a paredes: Left: 223.49, Right: 226.51, Top: 131.36, Bottom: 8.64
2026-06-01 12:58:43.294 - [robot_6_log_20260601_125830.csv] - INFO - Posicion: 223.49, 8.64, -2.701 | Velocidad: 0.42647559455256917, -0.9044990697900317
2026-06-01 12:58:43.294 - [robot_6_log_20260601_125830.csv] - CRITICAL - Pared muy cercana [223.49, 226.51, 131.36, 8.64]
2026-06-01 12:58:43.294 - [robot_6_log_20260601_125830.csv] - INFO - ABAJO
2026-06-01 12:58:43.294 - [robot_6_log_20260601_125830.csv] - WARNING - Estado FSM: RETROCEDE | Target Wall: ABAJO | Target Theta: 62.62° |theta: -154.75590046483535 
2026-06-01 12:58:43.330 - [robot_6_log_20260601_125830.csv] - DEBUG - Incoming data. Topic 6/pos, mensaje {"x": 223.49, "y": 8.61, "yaw": -2.7, "timestamp": 1780311523.3197114}
2026-06-01 12:58:43.330 - [robot_6_log_20260601_125830.csv] - DEBUG - Posición actualizada por visión: x=223.49, y=8.61, θ=-2.70
2026-06-01 12:58:43.330 - [robot_6_log_20260601_125830.csv] - DEBUG - Frecuencia: 24.51 Hz | Latencia Red/Proc: 10.59 ms
2026-06-01 12:58:43.330 - [robot_6_log_20260601_125830.csv] - DEBUG - Incoming data. Topic 6/pos, mensaje {"x": 223.49, "y": 8.61, "yaw": -2.7, "timestamp": 1780311523.3197114}
2026-06-01 12:58:43.330 - [robot_6_log_20260601_125830.csv] - DEBUG - Posición actualizada por visión: x=223.49, y=8.61, θ=-2.70
2026-06-01 12:58:43.330 - [robot_6_log_20260601_125830.csv] - DEBUG - Frecuencia: 12671.61 Hz | Latencia Red/Proc: 10.67 ms
2026-06-01 12:58:43.335 - [robot_6_log_20260601_125830.csv] - DEBUG - Incoming data. Topic 6/pos, mensaje {"x": 223.49, "y": 8.61, "yaw": -2.7, "timestamp": 1780311523.3300712}
2026-06-01 12:58:43.341 - [robot_6_log_20260601_125830.csv] - DEBUG - Posición actualizada por visión: x=223.49, y=8.61, θ=-2.70
2026-06-01 12:58:43.344 - [robot_6_log_20260601_125830.csv] - INFO - Usando posición VISION: x=223.49, y=8.61, θ=-2.70
2026-06-01 12:58:43.344 - [robot_6_log_20260601_125830.csv] - DEBUG - Frecuencia: 72.35 Hz | Latencia Red/Proc: 14.13 ms
2026-06-01 12:58:43.344 - [robot_6_log_20260601_125830.csv] - DEBUG - Incoming data. Topic agent/6/wheel, mensaje {"Wleft":14,"Wright":14}
2026-06-01 12:58:43.344 - [robot_6_log_20260601_125830.csv] - INFO - Distancias a paredes: Left: 223.49, Right: 226.51, Top: 131.39, Bottom: 8.61
2026-06-01 12:58:43.344 - [robot_6_log_20260601_125830.csv] - INFO - Posicion: 223.49, 8.61, -2.7 | Velocidad: 0.4273798802338298, -0.9040721420170612
2026-06-01 12:58:43.344 - [robot_6_log_20260601_125830.csv] - CRITICAL - Pared muy cercana [223.49, 226.51, 131.39, 8.61]
2026-06-01 12:58:43.344 - [robot_6_log_20260601_125830.csv] - INFO - ABAJO
2026-06-01 12:58:43.344 - [robot_6_log_20260601_125830.csv] - WARNING - Estado FSM: RETROCEDE | Target Wall: ABAJO | Target Theta: 62.62° |theta: -154.6986046853223 
2026-06-01 12:58:43.379 - [robot_6_log_20260601_125830.csv] - DEBUG - Incoming data. Topic 6/pos, mensaje {"x": 223.49, "y": 8.61, "yaw": -2.7, "timestamp": 1780311523.3300712}
2026-06-01 12:58:43.380 - [robot_6_log_20260601_125830.csv] - DEBUG - Posición actualizada por visión: x=223.49, y=8.61, θ=-2.70
2026-06-01 12:58:43.386 - [robot_6_log_20260601_125830.csv] - DEBUG - Frecuencia: 23.78 Hz | Latencia Red/Proc: 56.18 ms
2026-06-01 12:58:43.394 - [robot_6_log_20260601_125830.csv] - INFO - Usando posición VISION: x=223.49, y=8.61, θ=-2.70
2026-06-01 12:58:43.394 - [robot_6_log_20260601_125830.csv] - INFO - Distancias a paredes: Left: 223.49, Right: 226.51, Top: 131.39, Bottom: 8.61
2026-06-01 12:58:43.394 - [robot_6_log_20260601_125830.csv] - INFO - Posicion: 223.49, 8.61, -2.7 | Velocidad: 0.4273798802338298, -0.9040721420170612
2026-06-01 12:58:43.394 - [robot_6_log_20260601_125830.csv] - CRITICAL - Pared muy cercana [223.49, 226.51, 131.39, 8.61]
2026-06-01 12:58:43.394 - [robot_6_log_20260601_125830.csv] - INFO - ABAJO
2026-06-01 12:58:43.394 - [robot_6_log_20260601_125830.csv] - WARNING - Estado FSM: RETROCEDE | Target Wall: ABAJO | Target Theta: 62.62° |theta: -154.6986046853223 
2026-06-01 12:58:43.425 - [robot_6_log_20260601_125830.csv] - DEBUG - Incoming data. Topic 6/pos, mensaje {"x": 223.22, "y": 8.83, "yaw": -2.697, "timestamp": 1780311523.420146}
2026-06-01 12:58:43.425 - [robot_6_log_20260601_125830.csv] - DEBUG - Posición actualizada por visión: x=223.22, y=8.83, θ=-2.70
2026-06-01 12:58:43.425 - [robot_6_log_20260601_125830.csv] - DEBUG - Frecuencia: 25.67 Hz | Latencia Red/Proc: 5.05 ms
2026-06-01 12:58:43.425 - [robot_6_log_20260601_125830.csv] - DEBUG - Incoming data. Topic 6/pos, mensaje {"x": 223.22, "y": 8.83, "yaw": -2.697, "timestamp": 1780311523.420146}
2026-06-01 12:58:43.425 - [robot_6_log_20260601_125830.csv] - DEBUG - Posición actualizada por visión: x=223.22, y=8.83, θ=-2.70
2026-06-01 12:58:43.425 - [robot_6_log_20260601_125830.csv] - DEBUG - Frecuencia: 12087.33 Hz | Latencia Red/Proc: 5.14 ms
2026-06-01 12:58:43.436 - [robot_6_log_20260601_125830.csv] - DEBUG - Incoming data. Topic 6/pos, mensaje {"x": 223.22, "y": 8.83, "yaw": -2.697, "timestamp": 1780311523.4307342}
2026-06-01 12:58:43.441 - [robot_6_log_20260601_125830.csv] - DEBUG - Posición actualizada por visión: x=223.22, y=8.83, θ=-2.70
2026-06-01 12:58:43.444 - [robot_6_log_20260601_125830.csv] - INFO - Usando posición VISION: x=223.22, y=8.83, θ=-2.70
2026-06-01 12:58:43.444 - [robot_6_log_20260601_125830.csv] - INFO - Distancias a paredes: Left: 223.22, Right: 226.78, Top: 131.17, Bottom: 8.83
2026-06-01 12:58:43.444 - [robot_6_log_20260601_125830.csv] - INFO - Posicion: 223.22, 8.83, -2.697 | Velocidad: 0.4300901693835396, -0.9027859359779804
2026-06-01 12:58:43.444 - [robot_6_log_20260601_125830.csv] - DEBUG - Frecuencia: 52.67 Hz | Latencia Red/Proc: 13.53 ms
2026-06-01 12:58:43.444 - [robot_6_log_20260601_125830.csv] - CRITICAL - Pared muy cercana [223.22, 226.78, 131.17, 8.83]
2026-06-01 12:58:43.444 - [robot_6_log_20260601_125830.csv] - INFO - ABAJO
2026-06-01 12:58:43.444 - [robot_6_log_20260601_125830.csv] - WARNING - Estado FSM: RETROCEDE | Target Wall: ABAJO | Target Theta: 62.62° |theta: -154.52671734678302 
2026-06-01 12:58:43.449 - [robot_6_log_20260601_125830.csv] - DEBUG - Incoming data. Topic 6/pos, mensaje {"x": 223.22, "y": 8.83, "yaw": -2.697, "timestamp": 1780311523.4307342}
2026-06-01 12:58:43.454 - [robot_6_log_20260601_125830.csv] - DEBUG - Posición actualizada por visión: x=223.22, y=8.83, θ=-2.70
2026-06-01 12:58:43.459 - [robot_6_log_20260601_125830.csv] - DEBUG - Frecuencia: 63.84 Hz | Latencia Red/Proc: 29.20 ms
2026-06-01 12:58:43.477 - [robot_6_log_20260601_125830.csv] - DEBUG - Incoming data. Topic agent/6/wheel, mensaje {"Wleft":14,"Wright":10}
2026-06-01 12:58:43.494 - [robot_6_log_20260601_125830.csv] - INFO - Usando posición VISION: x=223.22, y=8.83, θ=-2.70
2026-06-01 12:58:43.494 - [robot_6_log_20260601_125830.csv] - INFO - Distancias a paredes: Left: 223.22, Right: 226.78, Top: 131.17, Bottom: 8.83
2026-06-01 12:58:43.494 - [robot_6_log_20260601_125830.csv] - INFO - Posicion: 223.22, 8.83, -2.697 | Velocidad: 0.4300901693835396, -0.9027859359779804
2026-06-01 12:58:43.494 - [robot_6_log_20260601_125830.csv] - CRITICAL - Pared muy cercana [223.22, 226.78, 131.17, 8.83]
2026-06-01 12:58:43.494 - [robot_6_log_20260601_125830.csv] - INFO - ABAJO
2026-06-01 12:58:43.494 - [robot_6_log_20260601_125830.csv] - WARNING - Estado FSM: RETROCEDE | Target Wall: ABAJO | Target Theta: 62.62° |theta: -154.52671734678302 
2026-06-01 12:58:43.525 - [robot_6_log_20260601_125830.csv] - DEBUG - Incoming data. Topic 6/pos, mensaje {"x": 223.12, "y": 8.93, "yaw": -2.706, "timestamp": 1780311523.5212002}
2026-06-01 12:58:43.530 - [robot_6_log_20260601_125830.csv] - DEBUG - Posición actualizada por visión: x=223.12, y=8.93, θ=-2.71
2026-06-01 12:58:43.542 - [robot_6_log_20260601_125830.csv] - DEBUG - Frecuencia: 12.18 Hz | Latencia Red/Proc: 20.85 ms
2026-06-01 12:58:43.542 - [robot_6_log_20260601_125830.csv] - DEBUG - Incoming data. Topic 6/pos, mensaje {"x": 223.12, "y": 8.93, "yaw": -2.706, "timestamp": 1780311523.5212002}
2026-06-01 12:58:43.544 - [robot_6_log_20260601_125830.csv] - INFO - Usando posición VISION: x=223.12, y=8.93, θ=-2.71
2026-06-01 12:58:43.544 - [robot_6_log_20260601_125830.csv] - DEBUG - Posición actualizada por visión: x=223.12, y=8.93, θ=-2.71
2026-06-01 12:58:43.544 - [robot_6_log_20260601_125830.csv] - DEBUG - Frecuencia: 434.60 Hz | Latencia Red/Proc: 23.15 ms
2026-06-01 12:58:43.544 - [robot_6_log_20260601_125830.csv] - DEBUG - Incoming data. Topic 6/pos, mensaje {"x": 223.12, "y": 8.93, "yaw": -2.706, "timestamp": 1780311523.5300798}
2026-06-01 12:58:43.544 - [robot_6_log_20260601_125830.csv] - INFO - Distancias a paredes: Left: 223.12, Right: 226.88, Top: 131.07, Bottom: 8.93
2026-06-01 12:58:43.544 - [robot_6_log_20260601_125830.csv] - DEBUG - Posición actualizada por visión: x=223.12, y=8.93, θ=-2.71
2026-06-01 12:58:43.544 - [robot_6_log_20260601_125830.csv] - INFO - Posicion: 223.12, 8.93, -2.706 | Velocidad: 0.4219477871135004, -0.9066201326630796
2026-06-01 12:58:43.544 - [robot_6_log_20260601_125830.csv] - DEBUG - Frecuencia: 7121.06 Hz | Latencia Red/Proc: 14.41 ms
2026-06-01 12:58:43.544 - [robot_6_log_20260601_125830.csv] - CRITICAL - Pared muy cercana [223.12, 226.88, 131.07, 8.93]
2026-06-01 12:58:43.544 - [robot_6_log_20260601_125830.csv] - INFO - ABAJO
2026-06-01 12:58:43.544 - [robot_6_log_20260601_125830.csv] - WARNING - Estado FSM: RETROCEDE | Target Wall: ABAJO | Target Theta: 62.62° |theta: -155.04237936240077 
2026-06-01 12:58:43.549 - [robot_6_log_20260601_125830.csv] - DEBUG - Incoming data. Topic agent/6/wheel, mensaje {"Wleft":20,"Wright":18}
2026-06-01 12:58:43.578 - [robot_6_log_20260601_125830.csv] - DEBUG - Incoming data. Topic 6/pos, mensaje {"x": 223.12, "y": 8.93, "yaw": -2.706, "timestamp": 1780311523.5300798}
2026-06-01 12:58:43.584 - [robot_6_log_20260601_125830.csv] - DEBUG - Posición actualizada por visión: x=223.12, y=8.93, θ=-2.71
2026-06-01 12:58:43.589 - [robot_6_log_20260601_125830.csv] - DEBUG - Frecuencia: 22.11 Hz | Latencia Red/Proc: 59.64 ms
2026-06-01 12:58:43.594 - [robot_6_log_20260601_125830.csv] - INFO - Usando posición VISION: x=223.12, y=8.93, θ=-2.71
2026-06-01 12:58:43.594 - [robot_6_log_20260601_125830.csv] - INFO - Distancias a paredes: Left: 223.12, Right: 226.88, Top: 131.07, Bottom: 8.93
2026-06-01 12:58:43.594 - [robot_6_log_20260601_125830.csv] - INFO - Posicion: 223.12, 8.93, -2.706 | Velocidad: 0.4219477871135004, -0.9066201326630796
2026-06-01 12:58:43.594 - [robot_6_log_20260601_125830.csv] - CRITICAL - Pared muy cercana [223.12, 226.88, 131.07, 8.93]
2026-06-01 12:58:43.594 - [robot_6_log_20260601_125830.csv] - INFO - ABAJO
2026-06-01 12:58:43.594 - [robot_6_log_20260601_125830.csv] - WARNING - Estado FSM: RETROCEDE | Target Wall: ABAJO | Target Theta: 62.62° |theta: -155.04237936240077 
2026-06-01 12:58:43.625 - [robot_6_log_20260601_125830.csv] - DEBUG - Incoming data. Topic 6/pos, mensaje {"x": 223.06, "y": 9.08, "yaw": -2.689, "timestamp": 1780311523.6204462}
2026-06-01 12:58:43.625 - [robot_6_log_20260601_125830.csv] - DEBUG - Posición actualizada por visión: x=223.06, y=9.08, θ=-2.69
2026-06-01 12:58:43.625 - [robot_6_log_20260601_125830.csv] - DEBUG - Frecuencia: 28.17 Hz | Latencia Red/Proc: 4.77 ms
2026-06-01 12:58:43.630 - [robot_6_log_20260601_125830.csv] - DEBUG - Incoming data. Topic 6/pos, mensaje {"x": 223.06, "y": 9.08, "yaw": -2.689, "timestamp": 1780311523.6204462}
2026-06-01 12:58:43.636 - [robot_6_log_20260601_125830.csv] - DEBUG - Posición actualizada por visión: x=223.06, y=9.08, θ=-2.69
2026-06-01 12:58:43.641 - [robot_6_log_20260601_125830.csv] - DEBUG - Frecuencia: 59.97 Hz | Latencia Red/Proc: 21.45 ms
2026-06-01 12:58:43.644 - [robot_6_log_20260601_125830.csv] - INFO - Usando posición VISION: x=223.06, y=9.08, θ=-2.69
2026-06-01 12:58:43.644 - [robot_6_log_20260601_125830.csv] - INFO - Distancias a paredes: Left: 223.06, Right: 226.94, Top: 130.92, Bottom: 9.08
2026-06-01 12:58:43.644 - [robot_6_log_20260601_125830.csv] - INFO - Posicion: 223.06, 9.08, -2.689 | Velocidad: 0.4372986170218584, -0.8993163623279463
2026-06-01 12:58:43.644 - [robot_6_log_20260601_125830.csv] - CRITICAL - Pared muy cercana [223.06, 226.94, 130.92, 9.08]
2026-06-01 12:58:43.644 - [robot_6_log_20260601_125830.csv] - INFO - ABAJO
2026-06-01 12:58:43.644 - [robot_6_log_20260601_125830.csv] - WARNING - Estado FSM: RETROCEDE | Target Wall: ABAJO | Target Theta: 62.62° |theta: -154.06835111067838 
2026-06-01 12:58:43.649 - [robot_6_log_20260601_125830.csv] - DEBUG - Incoming data. Topic 6/pos, mensaje {"x": 223.06, "y": 9.08, "yaw": -2.689, "timestamp": 1780311523.6301863}
2026-06-01 12:58:43.654 - [robot_6_log_20260601_125830.csv] - DEBUG - Posición actualizada por visión: x=223.06, y=9.08, θ=-2.69
2026-06-01 12:58:43.654 - [robot_6_log_20260601_125830.csv] - DEBUG - Frecuencia: 78.70 Hz | Latencia Red/Proc: 24.42 ms
2026-06-01 12:58:43.654 - [robot_6_log_20260601_125830.csv] - DEBUG - Incoming data. Topic 6/pos, mensaje {"x": 223.06, "y": 9.08, "yaw": -2.689, "timestamp": 1780311523.6301863}
2026-06-01 12:58:43.654 - [robot_6_log_20260601_125830.csv] - DEBUG - Posición actualizada por visión: x=223.06, y=9.08, θ=-2.69
2026-06-01 12:58:43.654 - [robot_6_log_20260601_125830.csv] - DEBUG - Frecuencia: 23045.63 Hz | Latencia Red/Proc: 24.46 ms
2026-06-01 12:58:43.673 - [robot_6_log_20260601_125830.csv] - DEBUG - Incoming data. Topic agent/6/wheel, mensaje {"Wleft":16,"Wright":20}
2026-06-01 12:58:43.694 - [robot_6_log_20260601_125830.csv] - INFO - Usando posición VISION: x=223.06, y=9.08, θ=-2.69
2026-06-01 12:58:43.694 - [robot_6_log_20260601_125830.csv] - INFO - Distancias a paredes: Left: 223.06, Right: 226.94, Top: 130.92, Bottom: 9.08
2026-06-01 12:58:43.694 - [robot_6_log_20260601_125830.csv] - INFO - Posicion: 223.06, 9.08, -2.689 | Velocidad: 0.4372986170218584, -0.8993163623279463
2026-06-01 12:58:43.694 - [robot_6_log_20260601_125830.csv] - CRITICAL - Pared muy cercana [223.06, 226.94, 130.92, 9.08]
2026-06-01 12:58:43.694 - [robot_6_log_20260601_125830.csv] - INFO - ABAJO
2026-06-01 12:58:43.694 - [robot_6_log_20260601_125830.csv] - WARNING - Estado FSM: RETROCEDE | Target Wall: ABAJO | Target Theta: 62.62° |theta: -154.06835111067838 
2026-06-01 12:58:43.731 - [robot_6_log_20260601_125830.csv] - DEBUG - Incoming data. Topic 6/pos, mensaje {"x": 222.76, "y": 9.34, "yaw": -2.709, "timestamp": 1780311523.722023}
2026-06-01 12:58:43.736 - [robot_6_log_20260601_125830.csv] - DEBUG - Posición actualizada por visión: x=222.76, y=9.34, θ=-2.71
2026-06-01 12:58:43.742 - [robot_6_log_20260601_125830.csv] - DEBUG - Frecuencia: 11.36 Hz | Latencia Red/Proc: 20.65 ms
2026-06-01 12:58:43.742 - [robot_6_log_20260601_125830.csv] - DEBUG - Incoming data. Topic 6/pos, mensaje {"x": 222.76, "y": 9.34, "yaw": -2.709, "timestamp": 1780311523.722023}
2026-06-01 12:58:43.742 - [robot_6_log_20260601_125830.csv] - DEBUG - Posición actualizada por visión: x=222.76, y=9.34, θ=-2.71
2026-06-01 12:58:43.742 - [robot_6_log_20260601_125830.csv] - DEBUG - Frecuencia: 15420.24 Hz | Latencia Red/Proc: 20.72 ms
2026-06-01 12:58:43.742 - [robot_6_log_20260601_125830.csv] - DEBUG - Incoming data. Topic 6/pos, mensaje {"x": 222.76, "y": 9.34, "yaw": -2.709, "timestamp": 1780311523.732658}
2026-06-01 12:58:43.742 - [robot_6_log_20260601_125830.csv] - DEBUG - Posición actualizada por visión: x=222.76, y=9.34, θ=-2.71
2026-06-01 12:58:43.742 - [robot_6_log_20260601_125830.csv] - DEBUG - Frecuencia: 35246.25 Hz | Latencia Red/Proc: 10.11 ms
2026-06-01 12:58:43.744 - [robot_6_log_20260601_125830.csv] - INFO - Usando posición VISION: x=222.76, y=9.34, θ=-2.71
2026-06-01 12:58:43.744 - [robot_6_log_20260601_125830.csv] - DEBUG - Incoming data. Topic agent/6/wheel, mensaje {"Wleft":12,"Wright":6}
2026-06-01 12:58:43.744 - [robot_6_log_20260601_125830.csv] - INFO - Distancias a paredes: Left: 222.76, Right: 227.24, Top: 130.66, Bottom: 9.34
2026-06-01 12:58:43.744 - [robot_6_log_20260601_125830.csv] - INFO - Posicion: 222.76, 9.34, -2.709 | Velocidad: 0.4192260320316819, -0.9078818943381188
2026-06-01 12:58:43.744 - [robot_6_log_20260601_125830.csv] - CRITICAL - Pared muy cercana [222.76, 227.24, 130.66, 9.34]
2026-06-01 12:58:43.744 - [robot_6_log_20260601_125830.csv] - INFO - ABAJO
2026-06-01 12:58:43.744 - [robot_6_log_20260601_125830.csv] - WARNING - Estado FSM: RETROCEDE | Target Wall: ABAJO | Target Theta: 62.62° |theta: -155.21426670094002 
2026-06-01 12:58:43.780 - [robot_6_log_20260601_125830.csv] - DEBUG - Incoming data. Topic 6/pos, mensaje {"x": 222.76, "y": 9.34, "yaw": -2.709, "timestamp": 1780311523.732658}
2026-06-01 12:58:43.785 - [robot_6_log_20260601_125830.csv] - DEBUG - Posición actualizada por visión: x=222.76, y=9.34, θ=-2.71
2026-06-01 12:58:43.790 - [robot_6_log_20260601_125830.csv] - DEBUG - Frecuencia: 21.05 Hz | Latencia Red/Proc: 57.63 ms
2026-06-01 12:58:43.794 - [robot_6_log_20260601_125830.csv] - INFO - Usando posición VISION: x=222.76, y=9.34, θ=-2.71
2026-06-01 12:58:43.794 - [robot_6_log_20260601_125830.csv] - INFO - Distancias a paredes: Left: 222.76, Right: 227.24, Top: 130.66, Bottom: 9.34
2026-06-01 12:58:43.794 - [robot_6_log_20260601_125830.csv] - INFO - Posicion: 222.76, 9.34, -2.709 | Velocidad: 0.4192260320316819, -0.9078818943381188
2026-06-01 12:58:43.794 - [robot_6_log_20260601_125830.csv] - CRITICAL - Pared muy cercana [222.76, 227.24, 130.66, 9.34]
2026-06-01 12:58:43.794 - [robot_6_log_20260601_125830.csv] - INFO - ABAJO
2026-06-01 12:58:43.794 - [robot_6_log_20260601_125830.csv] - WARNING - Estado FSM: RETROCEDE | Target Wall: ABAJO | Target Theta: 62.62° |theta: -155.21426670094002 
2026-06-01 12:58:43.825 - [robot_6_log_20260601_125830.csv] - DEBUG - Incoming data. Topic 6/pos, mensaje {"x": 222.62, "y": 9.5, "yaw": -2.719, "timestamp": 1780311523.8203502}
2026-06-01 12:58:43.825 - [robot_6_log_20260601_125830.csv] - DEBUG - Posición actualizada por visión: x=222.62, y=9.50, θ=-2.72
2026-06-01 12:58:43.830 - [robot_6_log_20260601_125830.csv] - DEBUG - Frecuencia: 24.85 Hz | Latencia Red/Proc: 10.18 ms
2026-06-01 12:58:43.836 - [robot_6_log_20260601_125830.csv] - DEBUG - Incoming data. Topic 6/pos, mensaje {"x": 222.62, "y": 9.5, "yaw": -2.719, "timestamp": 1780311523.8203502}
2026-06-01 12:58:43.841 - [robot_6_log_20260601_125830.csv] - DEBUG - Posición actualizada por visión: x=222.62, y=9.50, θ=-2.72
2026-06-01 12:58:43.841 - [robot_6_log_20260601_125830.csv] - DEBUG - Frecuencia: 87.82 Hz | Latencia Red/Proc: 21.57 ms
2026-06-01 12:58:43.841 - [robot_6_log_20260601_125830.csv] - DEBUG - Incoming data. Topic 6/pos, mensaje {"x": 222.62, "y": 9.5, "yaw": -2.719, "timestamp": 1780311523.8293397}
2026-06-01 12:58:43.841 - [robot_6_log_20260601_125830.csv] - DEBUG - Posición actualizada por visión: x=222.62, y=9.50, θ=-2.72
2026-06-01 12:58:43.841 - [robot_6_log_20260601_125830.csv] - DEBUG - Frecuencia: 13231.24 Hz | Latencia Red/Proc: 12.65 ms
2026-06-01 12:58:43.842 - [robot_6_log_20260601_125830.csv] - DEBUG - Incoming data. Topic agent/6/wheel, mensaje {"Wleft":18,"Wright":20}
2026-06-01 12:58:43.844 - [robot_6_log_20260601_125830.csv] - INFO - Usando posición VISION: x=222.62, y=9.50, θ=-2.72
2026-06-01 12:58:43.844 - [robot_6_log_20260601_125830.csv] - INFO - Distancias a paredes: Left: 222.62, Right: 227.38, Top: 130.50, Bottom: 9.50
2026-06-01 12:58:43.844 - [robot_6_log_20260601_125830.csv] - INFO - Posicion: 222.62, 9.5, -2.719 | Velocidad: 0.41012640327426875, -0.9120286910713455
2026-06-01 12:58:43.844 - [robot_6_log_20260601_125830.csv] - CRITICAL - Pared muy cercana [222.62, 227.38, 130.5, 9.5]
2026-06-01 12:58:43.844 - [robot_6_log_20260601_125830.csv] - INFO - ABAJO
2026-06-01 12:58:43.844 - [robot_6_log_20260601_125830.csv] - WARNING - Estado FSM: RETROCEDE | Target Wall: ABAJO | Target Theta: 62.62° |theta: -155.78722449607082 
2026-06-01 12:58:43.885 - [robot_6_log_20260601_125830.csv] - DEBUG - Incoming data. Topic 6/pos, mensaje {"x": 222.62, "y": 9.5, "yaw": -2.719, "timestamp": 1780311523.8293397}
2026-06-01 12:58:43.890 - [robot_6_log_20260601_125830.csv] - DEBUG - Posición actualizada por visión: x=222.62, y=9.50, θ=-2.72
2026-06-01 12:58:43.894 - [robot_6_log_20260601_125830.csv] - INFO - Usando posición VISION: x=222.62, y=9.50, θ=-2.72
2026-06-01 12:58:43.894 - [robot_6_log_20260601_125830.csv] - INFO - Distancias a paredes: Left: 222.62, Right: 227.38, Top: 130.50, Bottom: 9.50
2026-06-01 12:58:43.894 - [robot_6_log_20260601_125830.csv] - INFO - Posicion: 222.62, 9.5, -2.719 | Velocidad: 0.41012640327426875, -0.9120286910713455
2026-06-01 12:58:43.894 - [robot_6_log_20260601_125830.csv] - DEBUG - Frecuencia: 19.15 Hz | Latencia Red/Proc: 64.89 ms
2026-06-01 12:58:43.894 - [robot_6_log_20260601_125830.csv] - CRITICAL - Pared muy cercana [222.62, 227.38, 130.5, 9.5]
2026-06-01 12:58:43.894 - [robot_6_log_20260601_125830.csv] - INFO - ABAJO
2026-06-01 12:58:43.894 - [robot_6_log_20260601_125830.csv] - WARNING - Estado FSM: RETROCEDE | Target Wall: ABAJO | Target Theta: 62.62° |theta: -155.78722449607082 
2026-06-01 12:58:43.925 - [robot_6_log_20260601_125830.csv] - DEBUG - Incoming data. Topic 6/pos, mensaje {"x": 222.59, "y": 9.52, "yaw": -2.721, "timestamp": 1780311523.9193609}
2026-06-01 12:58:43.925 - [robot_6_log_20260601_125830.csv] - DEBUG - Posición actualizada por visión: x=222.59, y=9.52, θ=-2.72
2026-06-01 12:58:43.930 - [robot_6_log_20260601_125830.csv] - DEBUG - Frecuencia: 27.59 Hz | Latencia Red/Proc: 11.11 ms
2026-06-01 12:58:43.940 - [robot_6_log_20260601_125830.csv] - DEBUG - Incoming data. Topic 6/pos, mensaje {"x": 222.59, "y": 9.52, "yaw": -2.721, "timestamp": 1780311523.9193609}
2026-06-01 12:58:43.944 - [robot_6_log_20260601_125830.csv] - INFO - Usando posición VISION: x=222.59, y=9.52, θ=-2.72
2026-06-01 12:58:43.944 - [robot_6_log_20260601_125830.csv] - DEBUG - Posición actualizada por visión: x=222.59, y=9.52, θ=-2.72
2026-06-01 12:58:43.944 - [robot_6_log_20260601_125830.csv] - INFO - Distancias a paredes: Left: 222.59, Right: 227.41, Top: 130.48, Bottom: 9.52
2026-06-01 12:58:43.944 - [robot_6_log_20260601_125830.csv] - DEBUG - Frecuencia: 72.27 Hz | Latencia Red/Proc: 24.95 ms
2026-06-01 12:58:43.944 - [robot_6_log_20260601_125830.csv] - INFO - Posicion: 222.59, 9.52, -2.721 | Velocidad: 0.4083015268556307, -0.912847119274285
2026-06-01 12:58:43.944 - [robot_6_log_20260601_125830.csv] - CRITICAL - Pared muy cercana [222.59, 227.41, 130.48, 9.52]
2026-06-01 12:58:43.944 - [robot_6_log_20260601_125830.csv] - INFO - ABAJO
2026-06-01 12:58:43.944 - [robot_6_log_20260601_125830.csv] - WARNING - Estado FSM: RETROCEDE | Target Wall: ABAJO | Target Theta: 62.62° |theta: -155.90181605509702 
2026-06-01 12:58:43.949 - [robot_6_log_20260601_125830.csv] - DEBUG - Incoming data. Topic 6/pos, mensaje {"x": 222.59, "y": 9.52, "yaw": -2.721, "timestamp": 1780311523.9280694}
2026-06-01 12:58:43.949 - [robot_6_log_20260601_125830.csv] - DEBUG - Posición actualizada por visión: x=222.59, y=9.52, θ=-2.72
2026-06-01 12:58:43.949 - [robot_6_log_20260601_125830.csv] - DEBUG - Frecuencia: 186.26 Hz | Latencia Red/Proc: 21.61 ms
2026-06-01 12:58:43.960 - [robot_6_log_20260601_125830.csv] - DEBUG - Incoming data. Topic 6/pos, mensaje {"x": 222.59, "y": 9.52, "yaw": -2.721, "timestamp": 1780311523.9280694}
2026-06-01 12:58:43.966 - [robot_6_log_20260601_125830.csv] - DEBUG - Posición actualizada por visión: x=222.59, y=9.52, θ=-2.72
2026-06-01 12:58:43.966 - [robot_6_log_20260601_125830.csv] - DEBUG - Frecuencia: 60.81 Hz | Latencia Red/Proc: 38.05 ms
2026-06-01 12:58:43.971 - [robot_6_log_20260601_125830.csv] - DEBUG - Incoming data. Topic agent/6/wheel, mensaje {"Wleft":20,"Wright":16}
2026-06-01 12:58:43.994 - [robot_6_log_20260601_125830.csv] - INFO - Usando posición VISION: x=222.59, y=9.52, θ=-2.72
2026-06-01 12:58:43.994 - [robot_6_log_20260601_125830.csv] - INFO - Distancias a paredes: Left: 222.59, Right: 227.41, Top: 130.48, Bottom: 9.52
2026-06-01 12:58:43.994 - [robot_6_log_20260601_125830.csv] - INFO - Posicion: 222.59, 9.52, -2.721 | Velocidad: 0.4083015268556307, -0.912847119274285
2026-06-01 12:58:43.994 - [robot_6_log_20260601_125830.csv] - CRITICAL - Pared muy cercana [222.59, 227.41, 130.48, 9.52]
2026-06-01 12:58:43.994 - [robot_6_log_20260601_125830.csv] - INFO - ABAJO
2026-06-01 12:58:43.994 - [robot_6_log_20260601_125830.csv] - WARNING - Estado FSM: RETROCEDE | Target Wall: ABAJO | Target Theta: 62.62° |theta: -155.90181605509702 
2026-06-01 12:58:44.025 - [robot_6_log_20260601_125830.csv] - DEBUG - Incoming data. Topic 6/pos, mensaje {"x": 222.36, "y": 9.92, "yaw": -2.734, "timestamp": 1780311524.0201385}
2026-06-01 12:58:44.030 - [robot_6_log_20260601_125830.csv] - DEBUG - Posición actualizada por visión: x=222.36, y=9.92, θ=-2.73
2026-06-01 12:58:44.035 - [robot_6_log_20260601_125830.csv] - DEBUG - Frecuencia: 14.44 Hz | Latencia Red/Proc: 15.22 ms
2026-06-01 12:58:44.040 - [robot_6_log_20260601_125830.csv] - DEBUG - Incoming data. Topic 6/pos, mensaje {"x": 222.36, "y": 9.92, "yaw": -2.734, "timestamp": 1780311524.0201385}
2026-06-01 12:58:44.044 - [robot_6_log_20260601_125830.csv] - INFO - Usando posición VISION: x=222.36, y=9.92, θ=-2.73
2026-06-01 12:58:44.044 - [robot_6_log_20260601_125830.csv] - DEBUG - Posición actualizada por visión: x=222.36, y=9.92, θ=-2.73
2026-06-01 12:58:44.044 - [robot_6_log_20260601_125830.csv] - INFO - Distancias a paredes: Left: 222.36, Right: 227.64, Top: 130.08, Bottom: 9.92
2026-06-01 12:58:44.044 - [robot_6_log_20260601_125830.csv] - DEBUG - Frecuencia: 112.04 Hz | Latencia Red/Proc: 24.15 ms
2026-06-01 12:58:44.044 - [robot_6_log_20260601_125830.csv] - INFO - Posicion: 222.36, 9.92, -2.734 | Velocidad: 0.3964003475633013, -0.9180777551230037
2026-06-01 12:58:44.044 - [robot_6_log_20260601_125830.csv] - DEBUG - Incoming data. Topic 6/pos, mensaje {"x": 222.36, "y": 9.92, "yaw": -2.734, "timestamp": 1780311524.0295846}
2026-06-01 12:58:44.044 - [robot_6_log_20260601_125830.csv] - CRITICAL - Pared muy cercana [222.36, 227.64, 130.08, 9.92]
2026-06-01 12:58:44.044 - [robot_6_log_20260601_125830.csv] - DEBUG - Posición actualizada por visión: x=222.36, y=9.92, θ=-2.73
2026-06-01 12:58:44.044 - [robot_6_log_20260601_125830.csv] - INFO - ABAJO
2026-06-01 12:58:44.044 - [robot_6_log_20260601_125830.csv] - DEBUG - Frecuencia: 4760.84 Hz | Latencia Red/Proc: 14.91 ms
2026-06-01 12:58:44.044 - [robot_6_log_20260601_125830.csv] - WARNING - Estado FSM: RETROCEDE | Target Wall: ABAJO | Target Theta: 62.62° |theta: -156.64666118876707 
2026-06-01 12:58:44.049 - [robot_6_log_20260601_125830.csv] - DEBUG - Incoming data. Topic agent/6/wheel, mensaje {"Wleft":12,"Wright":12}
2026-06-01 12:58:44.073 - [robot_6_log_20260601_125830.csv] - DEBUG - Incoming data. Topic 6/pos, mensaje {"x": 222.36, "y": 9.92, "yaw": -2.734, "timestamp": 1780311524.0295846}
2026-06-01 12:58:44.079 - [robot_6_log_20260601_125830.csv] - DEBUG - Posición actualizada por visión: x=222.36, y=9.92, θ=-2.73
2026-06-01 12:58:44.084 - [robot_6_log_20260601_125830.csv] - DEBUG - Frecuencia: 25.17 Hz | Latencia Red/Proc: 54.64 ms
2026-06-01 12:58:44.094 - [robot_6_log_20260601_125830.csv] - INFO - Usando posición VISION: x=222.36, y=9.92, θ=-2.73
2026-06-01 12:58:44.094 - [robot_6_log_20260601_125830.csv] - INFO - Distancias a paredes: Left: 222.36, Right: 227.64, Top: 130.08, Bottom: 9.92
2026-06-01 12:58:44.094 - [robot_6_log_20260601_125830.csv] - INFO - Posicion: 222.36, 9.92, -2.734 | Velocidad: 0.3964003475633013, -0.9180777551230037
2026-06-01 12:58:44.094 - [robot_6_log_20260601_125830.csv] - CRITICAL - Pared muy cercana [222.36, 227.64, 130.08, 9.92]
2026-06-01 12:58:44.094 - [robot_6_log_20260601_125830.csv] - INFO - ABAJO
2026-06-01 12:58:44.094 - [robot_6_log_20260601_125830.csv] - WARNING - Estado FSM: RETROCEDE | Target Wall: ABAJO | Target Theta: 62.62° |theta: -156.64666118876707 
2026-06-01 12:58:44.125 - [robot_6_log_20260601_125830.csv] - DEBUG - Incoming data. Topic 6/pos, mensaje {"x": 222.24, "y": 10.12, "yaw": -2.727, "timestamp": 1780311524.1209147}
2026-06-01 12:58:44.130 - [robot_6_log_20260601_125830.csv] - DEBUG - Posición actualizada por visión: x=222.24, y=10.12, θ=-2.73
2026-06-01 12:58:44.135 - [robot_6_log_20260601_125830.csv] - DEBUG - Frecuencia: 19.57 Hz | Latencia Red/Proc: 14.42 ms
2026-06-01 12:58:44.140 - [robot_6_log_20260601_125830.csv] - DEBUG - Incoming data. Topic 6/pos, mensaje {"x": 222.24, "y": 10.12, "yaw": -2.727, "timestamp": 1780311524.1209147}
2026-06-01 12:58:44.144 - [robot_6_log_20260601_125830.csv] - INFO - Usando posición VISION: x=222.24, y=10.12, θ=-2.73
2026-06-01 12:58:44.144 - [robot_6_log_20260601_125830.csv] - DEBUG - Posición actualizada por visión: x=222.24, y=10.12, θ=-2.73
2026-06-01 12:58:44.144 - [robot_6_log_20260601_125830.csv] - INFO - Distancias a paredes: Left: 222.24, Right: 227.76, Top: 129.88, Bottom: 10.12
2026-06-01 12:58:44.144 - [robot_6_log_20260601_125830.csv] - DEBUG - Frecuencia: 112.04 Hz | Latencia Red/Proc: 23.35 ms
2026-06-01 12:58:44.144 - [robot_6_log_20260601_125830.csv] - INFO - Posicion: 222.24, 10.12, -2.727 | Velocidad: 0.4028171275969872, -0.9152804825377369
2026-06-01 12:58:44.144 - [robot_6_log_20260601_125830.csv] - INFO - ABAJO
2026-06-01 12:58:44.144 - [robot_6_log_20260601_125830.csv] - DEBUG - Incoming data. Topic 6/pos, mensaje {"x": 222.24, "y": 10.12, "yaw": -2.727, "timestamp": 1780311524.1304011}
2026-06-01 12:58:44.144 - [robot_6_log_20260601_125830.csv] - WARNING - Estado FSM: RETROCEDE | Target Wall: ABAJO | Target Theta: 62.62° |theta: -156.2455907321755 
2026-06-01 12:58:44.144 - [robot_6_log_20260601_125830.csv] - DEBUG - Posición actualizada por visión: x=222.24, y=10.12, θ=-2.73
2026-06-01 12:58:44.149 - [robot_6_log_20260601_125830.csv] - DEBUG - Frecuencia: 188.71 Hz | Latencia Red/Proc: 19.16 ms
2026-06-01 12:58:44.154 - [robot_6_log_20260601_125830.csv] - DEBUG - Incoming data. Topic 6/pos, mensaje {"x": 222.24, "y": 10.12, "yaw": -2.727, "timestamp": 1780311524.1304011}
2026-06-01 12:58:44.155 - [robot_6_log_20260601_125830.csv] - DEBUG - Posición actualizada por visión: x=222.24, y=10.12, θ=-2.73
2026-06-01 12:58:44.160 - [robot_6_log_20260601_125830.csv] - DEBUG - Frecuencia: 93.27 Hz | Latencia Red/Proc: 29.88 ms
2026-06-01 12:58:44.177 - [robot_6_log_20260601_125830.csv] - DEBUG - Incoming data. Topic agent/6/wheel, mensaje {"Wleft":12.02212576,"Wright":16}
2026-06-01 12:58:44.194 - [robot_6_log_20260601_125830.csv] - INFO - Usando posición VISION: x=222.24, y=10.12, θ=-2.73
2026-06-01 12:58:44.194 - [robot_6_log_20260601_125830.csv] - INFO - Distancias a paredes: Left: 222.24, Right: 227.76, Top: 129.88, Bottom: 10.12
2026-06-01 12:58:44.194 - [robot_6_log_20260601_125830.csv] - INFO - Posicion: 222.24, 10.12, -2.727 | Velocidad: 0.4028171275969872, -0.9152804825377369
2026-06-01 12:58:44.194 - [robot_6_log_20260601_125830.csv] - INFO - ABAJO
2026-06-01 12:58:44.194 - [robot_6_log_20260601_125830.csv] - WARNING - Estado FSM: RETROCEDE | Target Wall: ABAJO | Target Theta: 62.62° |theta: -156.2455907321755 
2026-06-01 12:58:44.230 - [robot_6_log_20260601_125830.csv] - DEBUG - Incoming data. Topic 6/pos, mensaje {"x": 222.19, "y": 10.25, "yaw": -2.729, "timestamp": 1780311524.2219055}
2026-06-01 12:58:44.235 - [robot_6_log_20260601_125830.csv] - DEBUG - Posición actualizada por visión: x=222.19, y=10.25, θ=-2.73
2026-06-01 12:58:44.240 - [robot_6_log_20260601_125830.csv] - DEBUG - Frecuencia: 12.46 Hz | Latencia Red/Proc: 18.61 ms
2026-06-01 12:58:44.244 - [robot_6_log_20260601_125830.csv] - INFO - Usando posición VISION: x=222.19, y=10.25, θ=-2.73
2026-06-01 12:58:44.244 - [robot_6_log_20260601_125830.csv] - DEBUG - Incoming data. Topic 6/pos, mensaje {"x": 222.19, "y": 10.25, "yaw": -2.729, "timestamp": 1780311524.2219055}
2026-06-01 12:58:44.244 - [robot_6_log_20260601_125830.csv] - INFO - Distancias a paredes: Left: 222.19, Right: 227.81, Top: 129.75, Bottom: 10.25
2026-06-01 12:58:44.244 - [robot_6_log_20260601_125830.csv] - DEBUG - Posición actualizada por visión: x=222.19, y=10.25, θ=-2.73
2026-06-01 12:58:44.244 - [robot_6_log_20260601_125830.csv] - INFO - Posicion: 222.19, 10.25, -2.729 | Velocidad: 0.4009857622182986, -0.9160842856954867
2026-06-01 12:58:44.244 - [robot_6_log_20260601_125830.csv] - DEBUG - Frecuencia: 255.70 Hz | Latencia Red/Proc: 22.52 ms
2026-06-01 12:58:44.244 - [robot_6_log_20260601_125830.csv] - INFO - ABAJO
2026-06-01 12:58:44.244 - [robot_6_log_20260601_125830.csv] - DEBUG - Incoming data. Topic 6/pos, mensaje {"x": 222.19, "y": 10.25, "yaw": -2.729, "timestamp": 1780311524.232757}
2026-06-01 12:58:44.244 - [robot_6_log_20260601_125830.csv] - WARNING - Estado FSM: RETROCEDE | Target Wall: ABAJO | Target Theta: 62.62° |theta: -156.36018229120165 
2026-06-01 12:58:44.244 - [robot_6_log_20260601_125830.csv] - DEBUG - Posición actualizada por visión: x=222.19, y=10.25, θ=-2.73
2026-06-01 12:58:44.249 - [robot_6_log_20260601_125830.csv] - DEBUG - Frecuencia: 189.37 Hz | Latencia Red/Proc: 16.95 ms
2026-06-01 12:58:44.249 - [robot_6_log_20260601_125830.csv] - DEBUG - Incoming data. Topic agent/6/wheel, mensaje {"Wleft":18,"Wright":20}
2026-06-01 12:58:44.283 - [robot_6_log_20260601_125830.csv] - DEBUG - Incoming data. Topic 6/pos, mensaje {"x": 222.19, "y": 10.25, "yaw": -2.729, "timestamp": 1780311524.232757}
2026-06-01 12:58:44.288 - [robot_6_log_20260601_125830.csv] - DEBUG - Posición actualizada por visión: x=222.19, y=10.25, θ=-2.73
2026-06-01 12:58:44.288 - [robot_6_log_20260601_125830.csv] - DEBUG - Frecuencia: 26.02 Hz | Latencia Red/Proc: 55.38 ms
2026-06-01 12:58:44.294 - [robot_6_log_20260601_125830.csv] - INFO - Usando posición VISION: x=222.19, y=10.25, θ=-2.73
2026-06-01 12:58:44.294 - [robot_6_log_20260601_125830.csv] - INFO - Distancias a paredes: Left: 222.19, Right: 227.81, Top: 129.75, Bottom: 10.25
2026-06-01 12:58:44.294 - [robot_6_log_20260601_125830.csv] - INFO - Posicion: 222.19, 10.25, -2.729 | Velocidad: 0.4009857622182986, -0.9160842856954867
2026-06-01 12:58:44.294 - [robot_6_log_20260601_125830.csv] - INFO - ABAJO
2026-06-01 12:58:44.294 - [robot_6_log_20260601_125830.csv] - WARNING - Estado FSM: RETROCEDE | Target Wall: ABAJO | Target Theta: 62.62° |theta: -156.36018229120165 
2026-06-01 12:58:44.324 - [robot_6_log_20260601_125830.csv] - DEBUG - Incoming data. Topic 6/pos, mensaje {"x": 222.02, "y": 10.42, "yaw": -2.746, "timestamp": 1780311524.3209822}
2026-06-01 12:58:44.329 - [robot_6_log_20260601_125830.csv] - DEBUG - Posición actualizada por visión: x=222.02, y=10.42, θ=-2.75
2026-06-01 12:58:44.334 - [robot_6_log_20260601_125830.csv] - DEBUG - Frecuencia: 21.51 Hz | Latencia Red/Proc: 13.65 ms
2026-06-01 12:58:44.339 - [robot_6_log_20260601_125830.csv] - DEBUG - Incoming data. Topic 6/pos, mensaje {"x": 222.02, "y": 10.42, "yaw": -2.746, "timestamp": 1780311524.3209822}
2026-06-01 12:58:44.339 - [robot_6_log_20260601_125830.csv] - DEBUG - Posición actualizada por visión: x=222.02, y=10.42, θ=-2.75
2026-06-01 12:58:44.339 - [robot_6_log_20260601_125830.csv] - DEBUG - Frecuencia: 192.81 Hz | Latencia Red/Proc: 18.83 ms
2026-06-01 12:58:44.339 - [robot_6_log_20260601_125830.csv] - DEBUG - Incoming data. Topic 6/pos, mensaje {"x": 222.02, "y": 10.42, "yaw": -2.746, "timestamp": 1780311524.329915}
2026-06-01 12:58:44.339 - [robot_6_log_20260601_125830.csv] - DEBUG - Posición actualizada por visión: x=222.02, y=10.42, θ=-2.75
2026-06-01 12:58:44.339 - [robot_6_log_20260601_125830.csv] - DEBUG - Frecuencia: 32017.59 Hz | Latencia Red/Proc: 9.93 ms
2026-06-01 12:58:44.344 - [robot_6_log_20260601_125830.csv] - INFO - Usando posición VISION: x=222.02, y=10.42, θ=-2.75
2026-06-01 12:58:44.344 - [robot_6_log_20260601_125830.csv] - INFO - Distancias a paredes: Left: 222.02, Right: 227.98, Top: 129.58, Bottom: 10.42
2026-06-01 12:58:44.344 - [robot_6_log_20260601_125830.csv] - INFO - Posicion: 222.02, 10.42, -2.746 | Velocidad: 0.3853551384237787, -0.9227683443261318
2026-06-01 12:58:44.344 - [robot_6_log_20260601_125830.csv] - DEBUG - Incoming data. Topic agent/6/wheel, mensaje {"Wleft":20,"Wright":16}
2026-06-01 12:58:44.344 - [robot_6_log_20260601_125830.csv] - INFO - ABAJO
2026-06-01 12:58:44.344 - [robot_6_log_20260601_125830.csv] - WARNING - Estado FSM: RETROCEDE | Target Wall: ABAJO | Target Theta: 62.62° |theta: -157.33421054292407 
2026-06-01 12:58:44.374 - [robot_6_log_20260601_125830.csv] - DEBUG - Incoming data. Topic 6/pos, mensaje {"x": 222.02, "y": 10.42, "yaw": -2.746, "timestamp": 1780311524.329915}
2026-06-01 12:58:44.379 - [robot_6_log_20260601_125830.csv] - DEBUG - Posición actualizada por visión: x=222.02, y=10.42, θ=-2.75
2026-06-01 12:58:44.379 - [robot_6_log_20260601_125830.csv] - DEBUG - Frecuencia: 24.93 Hz | Latencia Red/Proc: 50.05 ms
2026-06-01 12:58:44.394 - [robot_6_log_20260601_125830.csv] - INFO - Usando posición VISION: x=222.02, y=10.42, θ=-2.75
2026-06-01 12:58:44.394 - [robot_6_log_20260601_125830.csv] - INFO - Distancias a paredes: Left: 222.02, Right: 227.98, Top: 129.58, Bottom: 10.42
2026-06-01 12:58:44.394 - [robot_6_log_20260601_125830.csv] - INFO - Posicion: 222.02, 10.42, -2.746 | Velocidad: 0.3853551384237787, -0.9227683443261318
2026-06-01 12:58:44.394 - [robot_6_log_20260601_125830.csv] - INFO - ABAJO
2026-06-01 12:58:44.394 - [robot_6_log_20260601_125830.csv] - WARNING - Estado FSM: RETROCEDE | Target Wall: ABAJO | Target Theta: 62.62° |theta: -157.33421054292407 
2026-06-01 12:58:44.430 - [robot_6_log_20260601_125830.csv] - DEBUG - Incoming data. Topic 6/pos, mensaje {"x": 221.85, "y": 10.9, "yaw": -2.734, "timestamp": 1780311524.4216766}
2026-06-01 12:58:44.435 - [robot_6_log_20260601_125830.csv] - DEBUG - Posición actualizada por visión: x=221.85, y=10.90, θ=-2.73
2026-06-01 12:58:44.440 - [robot_6_log_20260601_125830.csv] - DEBUG - Frecuencia: 16.47 Hz | Latencia Red/Proc: 19.00 ms
2026-06-01 12:58:44.444 - [robot_6_log_20260601_125830.csv] - INFO - Usando posición VISION: x=221.85, y=10.90, θ=-2.73
2026-06-01 12:58:44.444 - [robot_6_log_20260601_125830.csv] - DEBUG - Incoming data. Topic 6/pos, mensaje {"x": 221.85, "y": 10.9, "yaw": -2.734, "timestamp": 1780311524.4216766}
2026-06-01 12:58:44.444 - [robot_6_log_20260601_125830.csv] - INFO - Distancias a paredes: Left: 221.85, Right: 228.15, Top: 129.10, Bottom: 10.90
2026-06-01 12:58:44.444 - [robot_6_log_20260601_125830.csv] - DEBUG - Posición actualizada por visión: x=221.85, y=10.90, θ=-2.73
2026-06-01 12:58:44.444 - [robot_6_log_20260601_125830.csv] - INFO - Posicion: 221.85, 10.9, -2.734 | Velocidad: 0.3964003475633013, -0.9180777551230037
2026-06-01 12:58:44.444 - [robot_6_log_20260601_125830.csv] - DEBUG - Frecuencia: 273.12 Hz | Latencia Red/Proc: 22.66 ms
2026-06-01 12:58:44.444 - [robot_6_log_20260601_125830.csv] - INFO - ABAJO
2026-06-01 12:58:44.444 - [robot_6_log_20260601_125830.csv] - DEBUG - Incoming data. Topic 6/pos, mensaje {"x": 221.85, "y": 10.9, "yaw": -2.734, "timestamp": 1780311524.4329035}
2026-06-01 12:58:44.444 - [robot_6_log_20260601_125830.csv] - WARNING - Estado FSM: RETROCEDE | Target Wall: ABAJO | Target Theta: 62.62° |theta: -156.64666118876707 
2026-06-01 12:58:44.444 - [robot_6_log_20260601_125830.csv] - DEBUG - Posición actualizada por visión: x=221.85, y=10.90, θ=-2.73
2026-06-01 12:58:44.454 - [robot_6_log_20260601_125830.csv] - DEBUG - Frecuencia: 96.76 Hz | Latencia Red/Proc: 21.77 ms
2026-06-01 12:58:44.465 - [robot_6_log_20260601_125830.csv] - DEBUG - Incoming data. Topic 6/pos, mensaje {"x": 221.85, "y": 10.9, "yaw": -2.734, "timestamp": 1780311524.4329035}
2026-06-01 12:58:44.471 - [robot_6_log_20260601_125830.csv] - DEBUG - Posición actualizada por visión: x=221.85, y=10.90, θ=-2.73
2026-06-01 12:58:44.476 - [robot_6_log_20260601_125830.csv] - DEBUG - Frecuencia: 46.65 Hz | Latencia Red/Proc: 43.21 ms
2026-06-01 12:58:44.481 - [robot_6_log_20260601_125830.csv] - DEBUG - Incoming data. Topic agent/6/wheel, mensaje {"Wleft":10.02244444,"Wright":12}
2026-06-01 12:58:44.494 - [robot_6_log_20260601_125830.csv] - INFO - Usando posición VISION: x=221.85, y=10.90, θ=-2.73
2026-06-01 12:58:44.494 - [robot_6_log_20260601_125830.csv] - INFO - Distancias a paredes: Left: 221.85, Right: 228.15, Top: 129.10, Bottom: 10.90
2026-06-01 12:58:44.494 - [robot_6_log_20260601_125830.csv] - INFO - Posicion: 221.85, 10.9, -2.734 | Velocidad: 0.3964003475633013, -0.9180777551230037
2026-06-01 12:58:44.494 - [robot_6_log_20260601_125830.csv] - INFO - ABAJO
2026-06-01 12:58:44.494 - [robot_6_log_20260601_125830.csv] - WARNING - Estado FSM: RETROCEDE | Target Wall: ABAJO | Target Theta: 62.62° |theta: -156.64666118876707 
2026-06-01 12:58:44.530 - [robot_6_log_20260601_125830.csv] - DEBUG - Incoming data. Topic 6/pos, mensaje {"x": 221.72, "y": 11.19, "yaw": -2.728, "timestamp": 1780311524.520401}
2026-06-01 12:58:44.530 - [robot_6_log_20260601_125830.csv] - DEBUG - Posición actualizada por visión: x=221.72, y=11.19, θ=-2.73
2026-06-01 12:58:44.530 - [robot_6_log_20260601_125830.csv] - DEBUG - Frecuencia: 18.49 Hz | Latencia Red/Proc: 9.79 ms
2026-06-01 12:58:44.530 - [robot_6_log_20260601_125830.csv] - DEBUG - Incoming data. Topic 6/pos, mensaje {"x": 221.72, "y": 11.19, "yaw": -2.728, "timestamp": 1780311524.520401}
2026-06-01 12:58:44.530 - [robot_6_log_20260601_125830.csv] - DEBUG - Posición actualizada por visión: x=221.72, y=11.19, θ=-2.73
2026-06-01 12:58:44.530 - [robot_6_log_20260601_125830.csv] - DEBUG - Frecuencia: 11491.24 Hz | Latencia Red/Proc: 9.87 ms
2026-06-01 12:58:44.535 - [robot_6_log_20260601_125830.csv] - DEBUG - Incoming data. Topic 6/pos, mensaje {"x": 221.72, "y": 11.19, "yaw": -2.728, "timestamp": 1780311524.531282}
2026-06-01 12:58:44.540 - [robot_6_log_20260601_125830.csv] - DEBUG - Posición actualizada por visión: x=221.72, y=11.19, θ=-2.73
2026-06-01 12:58:44.544 - [robot_6_log_20260601_125830.csv] - DEBUG - Frecuencia: 71.66 Hz | Latencia Red/Proc: 12.95 ms
2026-06-01 12:58:44.544 - [robot_6_log_20260601_125830.csv] - INFO - Usando posición VISION: x=221.72, y=11.19, θ=-2.73
2026-06-01 12:58:44.544 - [robot_6_log_20260601_125830.csv] - DEBUG - Incoming data. Topic agent/6/wheel, mensaje {"Wleft":20,"Wright":20}
2026-06-01 12:58:44.544 - [robot_6_log_20260601_125830.csv] - INFO - Distancias a paredes: Left: 221.72, Right: 228.28, Top: 128.81, Bottom: 11.19
2026-06-01 12:58:44.544 - [robot_6_log_20260601_125830.csv] - INFO - Posicion: 221.72, 11.19, -2.728 | Velocidad: 0.4019016458584489, -0.9156828419579948
2026-06-01 12:58:44.544 - [robot_6_log_20260601_125830.csv] - INFO - ABAJO
2026-06-01 12:58:44.544 - [robot_6_log_20260601_125830.csv] - WARNING - Estado FSM: RETROCEDE | Target Wall: ABAJO | Target Theta: 62.62° |theta: -156.3028865116886 
2026-06-01 12:58:44.585 - [robot_6_log_20260601_125830.csv] - DEBUG - Incoming data. Topic 6/pos, mensaje {"x": 221.72, "y": 11.19, "yaw": -2.728, "timestamp": 1780311524.531282}
2026-06-01 12:58:44.590 - [robot_6_log_20260601_125830.csv] - DEBUG - Posición actualizada por visión: x=221.72, y=11.19, θ=-2.73
2026-06-01 12:58:44.594 - [robot_6_log_20260601_125830.csv] - INFO - Usando posición VISION: x=221.72, y=11.19, θ=-2.73
2026-06-01 12:58:44.594 - [robot_6_log_20260601_125830.csv] - DEBUG - Frecuencia: 20.01 Hz | Latencia Red/Proc: 62.92 ms
2026-06-01 12:58:44.594 - [robot_6_log_20260601_125830.csv] - INFO - Distancias a paredes: Left: 221.72, Right: 228.28, Top: 128.81, Bottom: 11.19
2026-06-01 12:58:44.594 - [robot_6_log_20260601_125830.csv] - INFO - Posicion: 221.72, 11.19, -2.728 | Velocidad: 0.4019016458584489, -0.9156828419579948
2026-06-01 12:58:44.594 - [robot_6_log_20260601_125830.csv] - INFO - ABAJO
2026-06-01 12:58:44.594 - [robot_6_log_20260601_125830.csv] - WARNING - Estado FSM: RETROCEDE | Target Wall: ABAJO | Target Theta: 62.62° |theta: -156.3028865116886 
2026-06-01 12:58:44.640 - [robot_6_log_20260601_125830.csv] - DEBUG - Incoming data. Topic 6/pos, mensaje {"x": 221.64, "y": 11.27, "yaw": -2.737, "timestamp": 1780311524.6220636}
2026-06-01 12:58:44.644 - [robot_6_log_20260601_125830.csv] - INFO - Usando posición VISION: x=221.72, y=11.19, θ=-2.73
2026-06-01 12:58:44.644 - [robot_6_log_20260601_125830.csv] - DEBUG - Posición actualizada por visión: x=221.64, y=11.27, θ=-2.74
2026-06-01 12:58:44.644 - [robot_6_log_20260601_125830.csv] - INFO - Distancias a paredes: Left: 221.72, Right: 228.28, Top: 128.81, Bottom: 11.19
2026-06-01 12:58:44.644 - [robot_6_log_20260601_125830.csv] - DEBUG - Frecuencia: 19.91 Hz | Latencia Red/Proc: 22.36 ms
2026-06-01 12:58:44.644 - [robot_6_log_20260601_125830.csv] - INFO - Posicion: 221.72, 11.19, -2.728 | Velocidad: 0.4019016458584489, -0.9156828419579948
2026-06-01 12:58:44.644 - [robot_6_log_20260601_125830.csv] - INFO - ABAJO
2026-06-01 12:58:44.644 - [robot_6_log_20260601_125830.csv] - DEBUG - Incoming data. Topic 6/pos, mensaje {"x": 221.64, "y": 11.27, "yaw": -2.737, "timestamp": 1780311524.6220636}
2026-06-01 12:58:44.644 - [robot_6_log_20260601_125830.csv] - WARNING - Estado FSM: PARANDO_PARA_GIRAR | Target Wall: ABAJO | Target Theta: 62.62° |theta: -156.3028865116886 
2026-06-01 12:58:44.644 - [robot_6_log_20260601_125830.csv] - DEBUG - Posición actualizada por visión: x=221.64, y=11.27, θ=-2.74
2026-06-01 12:58:44.649 - [robot_6_log_20260601_125830.csv] - DEBUG - Frecuencia: 188.12 Hz | Latencia Red/Proc: 27.67 ms
2026-06-01 12:58:44.654 - [robot_6_log_20260601_125830.csv] - DEBUG - Incoming data. Topic 6/pos, mensaje {"x": 221.64, "y": 11.27, "yaw": -2.737, "timestamp": 1780311524.633194}
2026-06-01 12:58:44.655 - [robot_6_log_20260601_125830.csv] - DEBUG - Despachado a ZMQ -> agent/6/move: {'v': 0.0, 'w': 0.0}
2026-06-01 12:58:44.660 - [robot_6_log_20260601_125830.csv] - DEBUG - Posición actualizada por visión: x=221.64, y=11.27, θ=-2.74
2026-06-01 12:58:44.686 - [robot_6_log_20260601_125830.csv] - DEBUG - Frecuencia: 26.99 Hz | Latencia Red/Proc: 53.59 ms
2026-06-01 12:58:44.692 - [robot_6_log_20260601_125830.csv] - DEBUG - Incoming data. Topic 6/pos, mensaje {"x": 221.64, "y": 11.27, "yaw": -2.737, "timestamp": 1780311524.633194}
2026-06-01 12:58:44.694 - [robot_6_log_20260601_125830.csv] - DEBUG - Posición actualizada por visión: x=221.64, y=11.27, θ=-2.74
2026-06-01 12:58:44.694 - [robot_6_log_20260601_125830.csv] - INFO - Usando posición VISION: x=221.64, y=11.27, θ=-2.74
2026-06-01 12:58:44.694 - [robot_6_log_20260601_125830.csv] - INFO - Distancias a paredes: Left: 221.64, Right: 228.36, Top: 128.73, Bottom: 11.27
2026-06-01 12:58:44.694 - [robot_6_log_20260601_125830.csv] - INFO - Posicion: 221.64, 11.27, -2.737 | Velocidad: 0.393644334629054, -0.9192628230350933
2026-06-01 12:58:44.694 - [robot_6_log_20260601_125830.csv] - INFO - ABAJO
2026-06-01 12:58:44.694 - [robot_6_log_20260601_125830.csv] - DEBUG - Frecuencia: 133.47 Hz | Latencia Red/Proc: 61.09 ms
2026-06-01 12:58:44.694 - [robot_6_log_20260601_125830.csv] - WARNING - Estado FSM: PARANDO_PARA_GIRAR | Target Wall: ABAJO | Target Theta: 62.62° |theta: -156.81854852730632 
2026-06-01 12:58:44.700 - [robot_6_log_20260601_125830.csv] - DEBUG - Incoming data. Topic agent/6/wheel, mensaje {"Wleft":16,"Wright":4.022439948}
2026-06-01 12:58:44.725 - [robot_6_log_20260601_125830.csv] - DEBUG - Incoming data. Topic 6/pos, mensaje {"x": 221.38, "y": 11.83, "yaw": -2.736, "timestamp": 1780311524.7217596}
2026-06-01 12:58:44.730 - [robot_6_log_20260601_125830.csv] - DEBUG - Posición actualizada por visión: x=221.38, y=11.83, θ=-2.74
2026-06-01 12:58:44.737 - [robot_6_log_20260601_125830.csv] - DEBUG - Frecuencia: 23.40 Hz | Latencia Red/Proc: 15.26 ms
2026-06-01 12:58:44.744 - [robot_6_log_20260601_125830.csv] - INFO - Usando posición VISION: x=221.38, y=11.83, θ=-2.74
2026-06-01 12:58:44.744 - [robot_6_log_20260601_125830.csv] - DEBUG - Incoming data. Topic 6/pos, mensaje {"x": 221.38, "y": 11.83, "yaw": -2.736, "timestamp": 1780311524.7217596}
2026-06-01 12:58:44.744 - [robot_6_log_20260601_125830.csv] - INFO - Distancias a paredes: Left: 221.38, Right: 228.62, Top: 128.17, Bottom: 11.83
2026-06-01 12:58:44.744 - [robot_6_log_20260601_125830.csv] - DEBUG - Posición actualizada por visión: x=221.38, y=11.83, θ=-2.74
2026-06-01 12:58:44.744 - [robot_6_log_20260601_125830.csv] - INFO - Posicion: 221.38, 11.83, -2.736 | Velocidad: 0.39456340047672767, -0.9188687191346985
2026-06-01 12:58:44.744 - [robot_6_log_20260601_125830.csv] - DEBUG - Frecuencia: 137.41 Hz | Latencia Red/Proc: 22.54 ms
2026-06-01 12:58:44.744 - [robot_6_log_20260601_125830.csv] - INFO - ABAJO
2026-06-01 12:58:44.744 - [robot_6_log_20260601_125830.csv] - DEBUG - Incoming data. Topic 6/pos, mensaje {"x": 221.38, "y": 11.83, "yaw": -2.736, "timestamp": 1780311524.73059}
2026-06-01 12:58:44.744 - [robot_6_log_20260601_125830.csv] - WARNING - Estado FSM: PARANDO_PARA_GIRAR | Target Wall: ABAJO | Target Theta: 62.62° |theta: -156.76125274779324 
2026-06-01 12:58:44.744 - [robot_6_log_20260601_125830.csv] - DEBUG - Posición actualizada por visión: x=221.38, y=11.83, θ=-2.74
2026-06-01 12:58:44.755 - [robot_6_log_20260601_125830.csv] - DEBUG - Frecuencia: 87.90 Hz | Latencia Red/Proc: 25.09 ms
2026-06-01 12:58:44.760 - [robot_6_log_20260601_125830.csv] - DEBUG - Incoming data. Topic 6/pos, mensaje {"x": 221.38, "y": 11.83, "yaw": -2.736, "timestamp": 1780311524.73059}
2026-06-01 12:58:44.765 - [robot_6_log_20260601_125830.csv] - DEBUG - Posición actualizada por visión: x=221.38, y=11.83, θ=-2.74
2026-06-01 12:58:44.765 - [robot_6_log_20260601_125830.csv] - DEBUG - Frecuencia: 98.50 Hz | Latencia Red/Proc: 35.24 ms
2026-06-01 12:58:44.777 - [robot_6_log_20260601_125830.csv] - DEBUG - Incoming data. Topic agent/6/wheel, mensaje {"Wleft":2,"Wright":8.316505896}
2026-06-01 12:58:44.794 - [robot_6_log_20260601_125830.csv] - INFO - Usando posición VISION: x=221.38, y=11.83, θ=-2.74
2026-06-01 12:58:44.794 - [robot_6_log_20260601_125830.csv] - INFO - Distancias a paredes: Left: 221.38, Right: 228.62, Top: 128.17, Bottom: 11.83
2026-06-01 12:58:44.794 - [robot_6_log_20260601_125830.csv] - INFO - Posicion: 221.38, 11.83, -2.736 | Velocidad: 0.39456340047672767, -0.9188687191346985
2026-06-01 12:58:44.794 - [robot_6_log_20260601_125830.csv] - INFO - ABAJO
2026-06-01 12:58:44.794 - [robot_6_log_20260601_125830.csv] - WARNING - Estado FSM: PARANDO_PARA_GIRAR | Target Wall: ABAJO | Target Theta: 62.62° |theta: -156.76125274779324 
2026-06-01 12:58:44.824 - [robot_6_log_20260601_125830.csv] - DEBUG - Incoming data. Topic 6/pos, mensaje {"x": 221.43, "y": 11.89, "yaw": -2.721, "timestamp": 1780311524.822097}
2026-06-01 12:58:44.829 - [robot_6_log_20260601_125830.csv] - DEBUG - Posición actualizada por visión: x=221.43, y=11.89, θ=-2.72
2026-06-01 12:58:44.834 - [robot_6_log_20260601_125830.csv] - DEBUG - Frecuencia: 14.55 Hz | Latencia Red/Proc: 12.45 ms
2026-06-01 12:58:44.844 - [robot_6_log_20260601_125830.csv] - INFO - Usando posición VISION: x=221.43, y=11.89, θ=-2.72
2026-06-01 12:58:44.844 - [robot_6_log_20260601_125830.csv] - DEBUG - Incoming data. Topic 6/pos, mensaje {"x": 221.43, "y": 11.89, "yaw": -2.721, "timestamp": 1780311524.822097}
2026-06-01 12:58:44.844 - [robot_6_log_20260601_125830.csv] - INFO - Distancias a paredes: Left: 221.43, Right: 228.57, Top: 128.11, Bottom: 11.89
2026-06-01 12:58:44.844 - [robot_6_log_20260601_125830.csv] - DEBUG - Posición actualizada por visión: x=221.43, y=11.89, θ=-2.72
2026-06-01 12:58:44.844 - [robot_6_log_20260601_125830.csv] - INFO - Posicion: 221.43, 11.89, -2.721 | Velocidad: 0.4083015268556307, -0.912847119274285
2026-06-01 12:58:44.844 - [robot_6_log_20260601_125830.csv] - DEBUG - Frecuencia: 102.47 Hz | Latencia Red/Proc: 22.21 ms
2026-06-01 12:58:44.844 - [robot_6_log_20260601_125830.csv] - INFO - ABAJO
2026-06-01 12:58:44.844 - [robot_6_log_20260601_125830.csv] - DEBUG - Incoming data. Topic 6/pos, mensaje {"x": 221.43, "y": 11.89, "yaw": -2.721, "timestamp": 1780311524.8319}
2026-06-01 12:58:44.844 - [robot_6_log_20260601_125830.csv] - DEBUG - Posición actualizada por visión: x=221.43, y=11.89, θ=-2.72
2026-06-01 12:58:44.844 - [robot_6_log_20260601_125830.csv] - DEBUG - Frecuencia: 8456.26 Hz | Latencia Red/Proc: 12.53 ms
2026-06-01 12:58:44.844 - [robot_6_log_20260601_125830.csv] - WARNING - Estado FSM: PARANDO_PARA_GIRAR | Target Wall: ABAJO | Target Theta: 62.62° |theta: -155.90181605509702 
2026-06-01 12:58:44.844 - [robot_6_log_20260601_125830.csv] - DEBUG - Incoming data. Topic 6/pos, mensaje {"x": 221.43, "y": 11.89, "yaw": -2.721, "timestamp": 1780311524.8319}
2026-06-01 12:58:44.854 - [robot_6_log_20260601_125830.csv] - DEBUG - Posición actualizada por visión: x=221.43, y=11.89, θ=-2.72
2026-06-01 12:58:44.854 - [robot_6_log_20260601_125830.csv] - DEBUG - Frecuencia: 97.51 Hz | Latencia Red/Proc: 22.78 ms
2026-06-01 12:58:44.873 - [robot_6_log_20260601_125830.csv] - DEBUG - Incoming data. Topic agent/6/wheel, mensaje {"Wleft":5.684341886e-15,"Wright":2.042701629}
2026-06-01 12:58:44.894 - [robot_6_log_20260601_125830.csv] - INFO - Usando posición VISION: x=221.43, y=11.89, θ=-2.72
2026-06-01 12:58:44.894 - [robot_6_log_20260601_125830.csv] - INFO - Distancias a paredes: Left: 221.43, Right: 228.57, Top: 128.11, Bottom: 11.89
2026-06-01 12:58:44.894 - [robot_6_log_20260601_125830.csv] - INFO - Posicion: 221.43, 11.89, -2.721 | Velocidad: 0.4083015268556307, -0.912847119274285
2026-06-01 12:58:44.894 - [robot_6_log_20260601_125830.csv] - INFO - ABAJO
2026-06-01 12:58:44.894 - [robot_6_log_20260601_125830.csv] - WARNING - Estado FSM: PARANDO_PARA_GIRAR | Target Wall: ABAJO | Target Theta: 62.62° |theta: -155.90181605509702 
2026-06-01 12:58:44.923 - [robot_6_log_20260601_125830.csv] - DEBUG - Incoming data. Topic 6/pos, mensaje {"x": 221.43, "y": 11.92, "yaw": -2.72, "timestamp": 1780311524.9223032}
2026-06-01 12:58:44.923 - [robot_6_log_20260601_125830.csv] - DEBUG - Posición actualizada por visión: x=221.43, y=11.92, θ=-2.72
2026-06-01 12:58:44.924 - [robot_6_log_20260601_125830.csv] - DEBUG - Frecuencia: 14.42 Hz | Latencia Red/Proc: 1.71 ms
2026-06-01 12:58:44.924 - [robot_6_log_20260601_125830.csv] - DEBUG - Incoming data. Topic 6/pos, mensaje {"x": 221.43, "y": 11.92, "yaw": -2.72, "timestamp": 1780311524.9223032}
2026-06-01 12:58:44.924 - [robot_6_log_20260601_125830.csv] - DEBUG - Posición actualizada por visión: x=221.43, y=11.92, θ=-2.72
2026-06-01 12:58:44.924 - [robot_6_log_20260601_125830.csv] - DEBUG - Frecuencia: 11748.75 Hz | Latencia Red/Proc: 1.80 ms
2026-06-01 12:58:44.936 - [robot_6_log_20260601_125830.csv] - DEBUG - Incoming data. Topic 6/pos, mensaje {"x": 221.43, "y": 11.92, "yaw": -2.72, "timestamp": 1780311524.9340022}
2026-06-01 12:58:44.941 - [robot_6_log_20260601_125830.csv] - DEBUG - Posición actualizada por visión: x=221.43, y=11.92, θ=-2.72
2026-06-01 12:58:44.944 - [robot_6_log_20260601_125830.csv] - INFO - Usando posición VISION: x=221.43, y=11.92, θ=-2.72
2026-06-01 12:58:44.944 - [robot_6_log_20260601_125830.csv] - DEBUG - Frecuencia: 49.76 Hz | Latencia Red/Proc: 10.19 ms
2026-06-01 12:58:44.944 - [robot_6_log_20260601_125830.csv] - INFO - Distancias a paredes: Left: 221.43, Right: 228.57, Top: 128.08, Bottom: 11.92
2026-06-01 12:58:44.944 - [robot_6_log_20260601_125830.csv] - INFO - Posicion: 221.43, 11.92, -2.72 | Velocidad: 0.4092141696720173, -0.912438361391958
2026-06-01 12:58:44.944 - [robot_6_log_20260601_125830.csv] - INFO - ABAJO
2026-06-01 12:58:44.944 - [robot_6_log_20260601_125830.csv] - DEBUG - Incoming data. Topic 6/pos, mensaje {"x": 221.43, "y": 11.92, "yaw": -2.72, "timestamp": 1780311524.9340022}
2026-06-01 12:58:44.944 - [robot_6_log_20260601_125830.csv] - WARNING - Estado FSM: PARANDO_PARA_GIRAR | Target Wall: ABAJO | Target Theta: 62.62° |theta: -155.84452027558393 
2026-06-01 12:58:44.944 - [robot_6_log_20260601_125830.csv] - DEBUG - Posición actualizada por visión: x=221.43, y=11.92, θ=-2.72
2026-06-01 12:58:44.955 - [robot_6_log_20260601_125830.csv] - DEBUG - Frecuencia: 86.38 Hz | Latencia Red/Proc: 21.77 ms
2026-06-01 12:58:44.985 - [robot_6_log_20260601_125830.csv] - DEBUG - Incoming data. Topic agent/6/wheel, mensaje {"Wleft":5.684341886e-15,"Wright":-3.552714e-15}
2026-06-01 12:58:44.994 - [robot_6_log_20260601_125830.csv] - INFO - Usando posición VISION: x=221.43, y=11.92, θ=-2.72
2026-06-01 12:58:44.994 - [robot_6_log_20260601_125830.csv] - INFO - Distancias a paredes: Left: 221.43, Right: 228.57, Top: 128.08, Bottom: 11.92
2026-06-01 12:58:44.994 - [robot_6_log_20260601_125830.csv] - INFO - Posicion: 221.43, 11.92, -2.72 | Velocidad: 0.4092141696720173, -0.912438361391958
2026-06-01 12:58:44.994 - [robot_6_log_20260601_125830.csv] - INFO - ABAJO
2026-06-01 12:58:44.994 - [robot_6_log_20260601_125830.csv] - WARNING - Estado FSM: PARANDO_PARA_GIRAR | Target Wall: ABAJO | Target Theta: 62.62° |theta: -155.84452027558393 
2026-06-01 12:58:45.025 - [robot_6_log_20260601_125830.csv] - DEBUG - Incoming data. Topic 6/pos, mensaje {"x": 221.42, "y": 11.9, "yaw": -2.719, "timestamp": 1780311525.0240402}
2026-06-01 12:58:45.030 - [robot_6_log_20260601_125830.csv] - DEBUG - Posición actualizada por visión: x=221.42, y=11.90, θ=-2.72
2026-06-01 12:58:45.036 - [robot_6_log_20260601_125830.csv] - DEBUG - Frecuencia: 12.40 Hz | Latencia Red/Proc: 12.36 ms
2026-06-01 12:58:45.041 - [robot_6_log_20260601_125830.csv] - DEBUG - Incoming data. Topic 6/pos, mensaje {"x": 221.42, "y": 11.9, "yaw": -2.719, "timestamp": 1780311525.0240402}
2026-06-01 12:58:45.044 - [robot_6_log_20260601_125830.csv] - INFO - Usando posición VISION: x=221.42, y=11.90, θ=-2.72
2026-06-01 12:58:45.044 - [robot_6_log_20260601_125830.csv] - DEBUG - Posición actualizada por visión: x=221.42, y=11.90, θ=-2.72
2026-06-01 12:58:45.044 - [robot_6_log_20260601_125830.csv] - INFO - Distancias a paredes: Left: 221.42, Right: 228.58, Top: 128.10, Bottom: 11.90
2026-06-01 12:58:45.044 - [robot_6_log_20260601_125830.csv] - DEBUG - Frecuencia: 126.64 Hz | Latencia Red/Proc: 20.25 ms
2026-06-01 12:58:45.044 - [robot_6_log_20260601_125830.csv] - INFO - Posicion: 221.42, 11.9, -2.719 | Velocidad: 0.41012640327426875, -0.9120286910713455
2026-06-01 12:58:45.044 - [robot_6_log_20260601_125830.csv] - DEBUG - Incoming data. Topic 6/pos, mensaje {"x": 221.42, "y": 11.9, "yaw": -2.719, "timestamp": 1780311525.0322628}
2026-06-01 12:58:45.044 - [robot_6_log_20260601_125830.csv] - INFO - ABAJO
2026-06-01 12:58:45.044 - [robot_6_log_20260601_125830.csv] - DEBUG - Posición actualizada por visión: x=221.42, y=11.90, θ=-2.72
2026-06-01 12:58:45.044 - [robot_6_log_20260601_125830.csv] - DEBUG - Frecuencia: 3901.68 Hz | Latencia Red/Proc: 12.29 ms
2026-06-01 12:58:45.044 - [robot_6_log_20260601_125830.csv] - DEBUG - Incoming data. Topic 6/pos, mensaje {"x": 221.42, "y": 11.9, "yaw": -2.719, "timestamp": 1780311525.0322628}
2026-06-01 12:58:45.044 - [robot_6_log_20260601_125830.csv] - DEBUG - Posición actualizada por visión: x=221.42, y=11.90, θ=-2.72
2026-06-01 12:58:45.044 - [robot_6_log_20260601_125830.csv] - WARNING - Estado FSM: PARANDO_PARA_GIRAR | Target Wall: ABAJO | Target Theta: 62.62° |theta: -155.78722449607082 
2026-06-01 12:58:45.044 - [robot_6_log_20260601_125830.csv] - DEBUG - Frecuencia: 12087.33 Hz | Latencia Red/Proc: 12.37 ms
2026-06-01 12:58:45.079 - [robot_6_log_20260601_125830.csv] - DEBUG - Incoming data. Topic agent/6/wheel, mensaje {"Wleft":5.684341886e-15,"Wright":-3.552714e-15}
2026-06-01 12:58:45.094 - [robot_6_log_20260601_125830.csv] - INFO - Usando posición VISION: x=221.42, y=11.90, θ=-2.72
2026-06-01 12:58:45.094 - [robot_6_log_20260601_125830.csv] - INFO - Distancias a paredes: Left: 221.42, Right: 228.58, Top: 128.10, Bottom: 11.90
2026-06-01 12:58:45.094 - [robot_6_log_20260601_125830.csv] - INFO - Posicion: 221.42, 11.9, -2.719 | Velocidad: 0.41012640327426875, -0.9120286910713455
2026-06-01 12:58:45.094 - [robot_6_log_20260601_125830.csv] - INFO - ABAJO
2026-06-01 12:58:45.094 - [robot_6_log_20260601_125830.csv] - WARNING - Estado FSM: PARANDO_PARA_GIRAR | Target Wall: ABAJO | Target Theta: 62.62° |theta: -155.78722449607082 
2026-06-01 12:58:45.130 - [robot_6_log_20260601_125830.csv] - DEBUG - Incoming data. Topic 6/pos, mensaje {"x": 221.43, "y": 11.9, "yaw": -2.721, "timestamp": 1780311525.119345}
2026-06-01 12:58:45.140 - [robot_6_log_20260601_125830.csv] - DEBUG - Posición actualizada por visión: x=221.43, y=11.90, θ=-2.72
2026-06-01 12:58:45.140 - [robot_6_log_20260601_125830.csv] - DEBUG - Frecuencia: 10.43 Hz | Latencia Red/Proc: 21.20 ms
2026-06-01 12:58:45.144 - [robot_6_log_20260601_125830.csv] - INFO - Usando posición VISION: x=221.43, y=11.90, θ=-2.72
2026-06-01 12:58:45.144 - [robot_6_log_20260601_125830.csv] - INFO - Distancias a paredes: Left: 221.43, Right: 228.57, Top: 128.10, Bottom: 11.90
2026-06-01 12:58:45.144 - [robot_6_log_20260601_125830.csv] - INFO - Posicion: 221.43, 11.9, -2.721 | Velocidad: 0.4083015268556307, -0.912847119274285
2026-06-01 12:58:45.144 - [robot_6_log_20260601_125830.csv] - INFO - ABAJO
2026-06-01 12:58:45.144 - [robot_6_log_20260601_125830.csv] - WARNING - Estado FSM: PARANDO_PARA_GIRAR | Target Wall: ABAJO | Target Theta: 62.62° |theta: -155.90181605509702 
2026-06-01 12:58:45.149 - [robot_6_log_20260601_125830.csv] - DEBUG - Incoming data. Topic 6/pos, mensaje {"x": 221.43, "y": 11.9, "yaw": -2.721, "timestamp": 1780311525.119345}
2026-06-01 12:58:45.155 - [robot_6_log_20260601_125830.csv] - DEBUG - Posición actualizada por visión: x=221.43, y=11.90, θ=-2.72
2026-06-01 12:58:45.160 - [robot_6_log_20260601_125830.csv] - DEBUG - Frecuencia: 49.01 Hz | Latencia Red/Proc: 41.60 ms
2026-06-01 12:58:45.161 - [robot_6_log_20260601_125830.csv] - DEBUG - Incoming data. Topic 6/pos, mensaje {"x": 221.43, "y": 11.9, "yaw": -2.721, "timestamp": 1780311525.1279852}
2026-06-01 12:58:45.161 - [robot_6_log_20260601_125830.csv] - DEBUG - Posición actualizada por visión: x=221.43, y=11.90, θ=-2.72
2026-06-01 12:58:45.161 - [robot_6_log_20260601_125830.csv] - DEBUG - Frecuencia: 5071.71 Hz | Latencia Red/Proc: 33.16 ms
2026-06-01 12:58:45.161 - [robot_6_log_20260601_125830.csv] - DEBUG - Incoming data. Topic 6/pos, mensaje {"x": 221.43, "y": 11.9, "yaw": -2.721, "timestamp": 1780311525.1279852}
2026-06-01 12:58:45.166 - [robot_6_log_20260601_125830.csv] - DEBUG - Posición actualizada por visión: x=221.43, y=11.90, θ=-2.72
2026-06-01 12:58:45.166 - [robot_6_log_20260601_125830.csv] - DEBUG - Frecuencia: 188.31 Hz | Latencia Red/Proc: 38.47 ms
2026-06-01 12:58:45.189 - [robot_6_log_20260601_125830.csv] - DEBUG - Incoming data. Topic agent/6/wheel, mensaje {"Wleft":5.684341886e-15,"Wright":-3.552714e-15}
2026-06-01 12:58:45.194 - [robot_6_log_20260601_125830.csv] - INFO - Usando posición VISION: x=221.43, y=11.90, θ=-2.72
2026-06-01 12:58:45.194 - [robot_6_log_20260601_125830.csv] - INFO - Distancias a paredes: Left: 221.43, Right: 228.57, Top: 128.10, Bottom: 11.90
2026-06-01 12:58:45.194 - [robot_6_log_20260601_125830.csv] - INFO - Posicion: 221.43, 11.9, -2.721 | Velocidad: 0.4083015268556307, -0.912847119274285
2026-06-01 12:58:45.194 - [robot_6_log_20260601_125830.csv] - INFO - ABAJO
2026-06-01 12:58:45.194 - [robot_6_log_20260601_125830.csv] - WARNING - Estado FSM: GIRA | Target Wall: ABAJO | Target Theta: 155.90° |theta: -155.90181605509702 
2026-06-01 12:58:45.200 - [robot_6_log_20260601_125830.csv] - DEBUG - Enviado {'ang': 155.90181605509702}
2026-06-01 12:58:45.215 - [robot_6_log_20260601_125830.csv] - DEBUG - Despachado a ZMQ -> agent/6/turn: {'ang': 155.90181605509702}
2026-06-01 12:58:45.222 - [robot_6_log_20260601_125830.csv] - DEBUG - Incoming data. Topic 6/pos, mensaje {"x": 221.43, "y": 11.9, "yaw": -2.719, "timestamp": 1780311525.2192752}
2026-06-01 12:58:45.222 - [robot_6_log_20260601_125830.csv] - DEBUG - Posición actualizada por visión: x=221.43, y=11.90, θ=-2.72
2026-06-01 12:58:45.222 - [robot_6_log_20260601_125830.csv] - DEBUG - Frecuencia: 17.91 Hz | Latencia Red/Proc: 3.02 ms
2026-06-01 12:58:45.222 - [robot_6_log_20260601_125830.csv] - DEBUG - Incoming data. Topic 6/pos, mensaje {"x": 221.43, "y": 11.9, "yaw": -2.719, "timestamp": 1780311525.2192752}
2026-06-01 12:58:45.222 - [robot_6_log_20260601_125830.csv] - DEBUG - Posición actualizada por visión: x=221.43, y=11.90, θ=-2.72
2026-06-01 12:58:45.227 - [robot_6_log_20260601_125830.csv] - DEBUG - Frecuencia: 193.07 Hz | Latencia Red/Proc: 8.19 ms
2026-06-01 12:58:45.244 - [robot_6_log_20260601_125830.csv] - INFO - Usando posición VISION: x=221.43, y=11.90, θ=-2.72
2026-06-01 12:58:45.244 - [robot_6_log_20260601_125830.csv] - DEBUG - Incoming data. Topic 6/pos, mensaje {"x": 221.43, "y": 11.9, "yaw": -2.719, "timestamp": 1780311525.2286825}
2026-06-01 12:58:45.244 - [robot_6_log_20260601_125830.csv] - INFO - Distancias a paredes: Left: 221.43, Right: 228.57, Top: 128.10, Bottom: 11.90
2026-06-01 12:58:45.244 - [robot_6_log_20260601_125830.csv] - DEBUG - Posición actualizada por visión: x=221.43, y=11.90, θ=-2.72
2026-06-01 12:58:45.244 - [robot_6_log_20260601_125830.csv] - INFO - Posicion: 221.43, 11.9, -2.719 | Velocidad: 0.41012640327426875, -0.9120286910713455
2026-06-01 12:58:45.244 - [robot_6_log_20260601_125830.csv] - DEBUG - Frecuencia: 59.33 Hz | Latencia Red/Proc: 15.64 ms
2026-06-01 12:58:45.244 - [robot_6_log_20260601_125830.csv] - INFO - ABAJO
2026-06-01 12:58:45.244 - [robot_6_log_20260601_125830.csv] - DEBUG - Incoming data. Topic 6/pos, mensaje {"x": 221.43, "y": 11.9, "yaw": -2.719, "timestamp": 1780311525.2286825}
2026-06-01 12:58:45.244 - [robot_6_log_20260601_125830.csv] - DEBUG - Posición actualizada por visión: x=221.43, y=11.90, θ=-2.72
2026-06-01 12:58:45.244 - [robot_6_log_20260601_125830.csv] - DEBUG - Frecuencia: 7639.90 Hz | Latencia Red/Proc: 15.77 ms
2026-06-01 12:58:45.244 - [robot_6_log_20260601_125830.csv] - WARNING - Estado FSM: ESPERANDO_GIRO | Target Wall: ABAJO | Target Theta: 155.90° |theta: -155.78722449607082 
2026-06-01 12:58:45.274 - [robot_6_log_20260601_125830.csv] - DEBUG - Incoming data. Topic agent/6/wheel, mensaje {"Wleft":5.684341886e-15,"Wright":-3.552714e-15}
2026-06-01 12:58:45.294 - [robot_6_log_20260601_125830.csv] - INFO - Usando posición VISION: x=221.43, y=11.90, θ=-2.72
2026-06-01 12:58:45.294 - [robot_6_log_20260601_125830.csv] - INFO - Distancias a paredes: Left: 221.43, Right: 228.57, Top: 128.10, Bottom: 11.90
2026-06-01 12:58:45.294 - [robot_6_log_20260601_125830.csv] - INFO - Posicion: 221.43, 11.9, -2.719 | Velocidad: 0.41012640327426875, -0.9120286910713455
2026-06-01 12:58:45.294 - [robot_6_log_20260601_125830.csv] - INFO - ABAJO
2026-06-01 12:58:45.294 - [robot_6_log_20260601_125830.csv] - WARNING - Estado FSM: ESPERANDO_GIRO | Target Wall: ABAJO | Target Theta: 155.90° |theta: -155.78722449607082 
2026-06-01 12:58:45.324 - [robot_6_log_20260601_125830.csv] - DEBUG - Incoming data. Topic 6/pos, mensaje {"x": 221.45, "y": 11.92, "yaw": -2.72, "timestamp": 1780311525.3196158}
2026-06-01 12:58:45.324 - [robot_6_log_20260601_125830.csv] - DEBUG - Posición actualizada por visión: x=221.45, y=11.92, θ=-2.72
2026-06-01 12:58:45.329 - [robot_6_log_20260601_125830.csv] - DEBUG - Frecuencia: 11.78 Hz | Latencia Red/Proc: 9.76 ms
2026-06-01 12:58:45.335 - [robot_6_log_20260601_125830.csv] - DEBUG - Incoming data. Topic 6/pos, mensaje {"x": 221.45, "y": 11.92, "yaw": -2.72, "timestamp": 1780311525.3196158}
2026-06-01 12:58:45.340 - [robot_6_log_20260601_125830.csv] - DEBUG - Posición actualizada por visión: x=221.45, y=11.92, θ=-2.72
2026-06-01 12:58:45.340 - [robot_6_log_20260601_125830.csv] - DEBUG - Frecuencia: 88.20 Hz | Latencia Red/Proc: 21.10 ms
2026-06-01 12:58:45.344 - [robot_6_log_20260601_125830.csv] - INFO - Usando posición VISION: x=221.45, y=11.92, θ=-2.72
2026-06-01 12:58:45.344 - [robot_6_log_20260601_125830.csv] - DEBUG - Incoming data. Topic 6/pos, mensaje {"x": 221.45, "y": 11.92, "yaw": -2.72, "timestamp": 1780311525.3291707}
2026-06-01 12:58:45.344 - [robot_6_log_20260601_125830.csv] - INFO - Distancias a paredes: Left: 221.45, Right: 228.55, Top: 128.08, Bottom: 11.92
2026-06-01 12:58:45.344 - [robot_6_log_20260601_125830.csv] - DEBUG - Posición actualizada por visión: x=221.45, y=11.92, θ=-2.72
2026-06-01 12:58:45.344 - [robot_6_log_20260601_125830.csv] - INFO - Posicion: 221.45, 11.92, -2.72 | Velocidad: 0.4092141696720173, -0.912438361391958
2026-06-01 12:58:45.344 - [robot_6_log_20260601_125830.csv] - DEBUG - Frecuencia: 274.16 Hz | Latencia Red/Proc: 15.19 ms
2026-06-01 12:58:45.344 - [robot_6_log_20260601_125830.csv] - INFO - ABAJO
2026-06-01 12:58:45.344 - [robot_6_log_20260601_125830.csv] - DEBUG - Incoming data. Topic 6/pos, mensaje {"x": 221.45, "y": 11.92, "yaw": -2.72, "timestamp": 1780311525.3291707}
2026-06-01 12:58:45.344 - [robot_6_log_20260601_125830.csv] - WARNING - Estado FSM: ESPERANDO_GIRO | Target Wall: ABAJO | Target Theta: 155.90° |theta: -155.84452027558393 
2026-06-01 12:58:45.344 - [robot_6_log_20260601_125830.csv] - DEBUG - Posición actualizada por visión: x=221.45, y=11.92, θ=-2.72
2026-06-01 12:58:45.349 - [robot_6_log_20260601_125830.csv] - DEBUG - Frecuencia: 188.02 Hz | Latencia Red/Proc: 20.51 ms
2026-06-01 12:58:45.394 - [robot_6_log_20260601_125830.csv] - INFO - Usando posición VISION: x=221.45, y=11.92, θ=-2.72
2026-06-01 12:58:45.394 - [robot_6_log_20260601_125830.csv] - INFO - Distancias a paredes: Left: 221.45, Right: 228.55, Top: 128.08, Bottom: 11.92
2026-06-01 12:58:45.394 - [robot_6_log_20260601_125830.csv] - INFO - Posicion: 221.45, 11.92, -2.72 | Velocidad: 0.4092141696720173, -0.912438361391958
2026-06-01 12:58:45.394 - [robot_6_log_20260601_125830.csv] - INFO - ABAJO
2026-06-01 12:58:45.394 - [robot_6_log_20260601_125830.csv] - DEBUG - Incoming data. Topic agent/6/wheel, mensaje {"Wleft":5.684341886e-15,"Wright":16}
2026-06-01 12:58:45.394 - [robot_6_log_20260601_125830.csv] - WARNING - Estado FSM: ESPERANDO_GIRO | Target Wall: ABAJO | Target Theta: 155.90° |theta: -155.84452027558393 
2026-06-01 12:58:45.431 - [robot_6_log_20260601_125830.csv] - DEBUG - Incoming data. Topic 6/pos, mensaje {"x": 221.42, "y": 11.9, "yaw": -2.721, "timestamp": 1780311525.4198174}
2026-06-01 12:58:45.436 - [robot_6_log_20260601_125830.csv] - DEBUG - Posición actualizada por visión: x=221.42, y=11.90, θ=-2.72
2026-06-01 12:58:45.443 - [robot_6_log_20260601_125830.csv] - DEBUG - Frecuencia: 10.71 Hz | Latencia Red/Proc: 23.26 ms
2026-06-01 12:58:45.443 - [robot_6_log_20260601_125830.csv] - DEBUG - Incoming data. Topic 6/pos, mensaje {"x": 221.42, "y": 11.9, "yaw": -2.721, "timestamp": 1780311525.4198174}
2026-06-01 12:58:45.443 - [robot_6_log_20260601_125830.csv] - DEBUG - Posición actualizada por visión: x=221.42, y=11.90, θ=-2.72
2026-06-01 12:58:45.443 - [robot_6_log_20260601_125830.csv] - DEBUG - Frecuencia: 6335.81 Hz | Latencia Red/Proc: 23.42 ms
2026-06-01 12:58:45.443 - [robot_6_log_20260601_125830.csv] - DEBUG - Incoming data. Topic 6/pos, mensaje {"x": 221.42, "y": 11.9, "yaw": -2.721, "timestamp": 1780311525.4295084}
2026-06-01 12:58:45.443 - [robot_6_log_20260601_125830.csv] - DEBUG - Posición actualizada por visión: x=221.42, y=11.90, θ=-2.72
2026-06-01 12:58:45.444 - [robot_6_log_20260601_125830.csv] - INFO - Usando posición VISION: x=221.42, y=11.90, θ=-2.72
2026-06-01 12:58:45.444 - [robot_6_log_20260601_125830.csv] - DEBUG - Frecuencia: 1036.91 Hz | Latencia Red/Proc: 14.70 ms
2026-06-01 12:58:45.444 - [robot_6_log_20260601_125830.csv] - INFO - Distancias a paredes: Left: 221.42, Right: 228.58, Top: 128.10, Bottom: 11.90
2026-06-01 12:58:45.444 - [robot_6_log_20260601_125830.csv] - DEBUG - Incoming data. Topic 6/pos, mensaje {"x": 221.42, "y": 11.9, "yaw": -2.721, "timestamp": 1780311525.4295084}
2026-06-01 12:58:45.444 - [robot_6_log_20260601_125830.csv] - INFO - Posicion: 221.42, 11.9, -2.721 | Velocidad: 0.4083015268556307, -0.912847119274285
2026-06-01 12:58:45.444 - [robot_6_log_20260601_125830.csv] - DEBUG - Posición actualizada por visión: x=221.42, y=11.90, θ=-2.72
2026-06-01 12:58:45.444 - [robot_6_log_20260601_125830.csv] - INFO - ABAJO
2026-06-01 12:58:45.444 - [robot_6_log_20260601_125830.csv] - DEBUG - Frecuencia: 5041.23 Hz | Latencia Red/Proc: 14.89 ms
2026-06-01 12:58:45.444 - [robot_6_log_20260601_125830.csv] - WARNING - Estado FSM: ESPERANDO_GIRO | Target Wall: ABAJO | Target Theta: 155.90° |theta: -155.90181605509702 
2026-06-01 12:58:45.479 - [robot_6_log_20260601_125830.csv] - DEBUG - Incoming data. Topic agent/6/wheel, mensaje {"Wleft":5.684341886e-15,"Wright":20}
2026-06-01 12:58:45.494 - [robot_6_log_20260601_125830.csv] - INFO - Usando posición VISION: x=221.42, y=11.90, θ=-2.72
2026-06-01 12:58:45.494 - [robot_6_log_20260601_125830.csv] - INFO - Distancias a paredes: Left: 221.42, Right: 228.58, Top: 128.10, Bottom: 11.90
2026-06-01 12:58:45.494 - [robot_6_log_20260601_125830.csv] - INFO - Posicion: 221.42, 11.9, -2.721 | Velocidad: 0.4083015268556307, -0.912847119274285
2026-06-01 12:58:45.494 - [robot_6_log_20260601_125830.csv] - INFO - ABAJO
2026-06-01 12:58:45.494 - [robot_6_log_20260601_125830.csv] - WARNING - Estado FSM: ESPERANDO_GIRO | Target Wall: ABAJO | Target Theta: 155.90° |theta: -155.90181605509702 
2026-06-01 12:58:45.525 - [robot_6_log_20260601_125830.csv] - DEBUG - Incoming data. Topic 6/pos, mensaje {"x": 221.38, "y": 11.91, "yaw": -2.72, "timestamp": 1780311525.5205648}
2026-06-01 12:58:45.530 - [robot_6_log_20260601_125830.csv] - DEBUG - Posición actualizada por visión: x=221.38, y=11.91, θ=-2.72
2026-06-01 12:58:45.530 - [robot_6_log_20260601_125830.csv] - DEBUG - Frecuencia: 11.65 Hz | Latencia Red/Proc: 9.69 ms
2026-06-01 12:58:45.535 - [robot_6_log_20260601_125830.csv] - DEBUG - Incoming data. Topic 6/pos, mensaje {"x": 221.38, "y": 11.91, "yaw": -2.72, "timestamp": 1780311525.5205648}
2026-06-01 12:58:45.541 - [robot_6_log_20260601_125830.csv] - DEBUG - Posición actualizada por visión: x=221.38, y=11.91, θ=-2.72
2026-06-01 12:58:45.544 - [robot_6_log_20260601_125830.csv] - INFO - Usando posición VISION: x=221.38, y=11.91, θ=-2.72
2026-06-01 12:58:45.544 - [robot_6_log_20260601_125830.csv] - DEBUG - Frecuencia: 71.73 Hz | Latencia Red/Proc: 23.63 ms
2026-06-01 12:58:45.544 - [robot_6_log_20260601_125830.csv] - INFO - Distancias a paredes: Left: 221.38, Right: 228.62, Top: 128.09, Bottom: 11.91
2026-06-01 12:58:45.544 - [robot_6_log_20260601_125830.csv] - INFO - Posicion: 221.38, 11.91, -2.72 | Velocidad: 0.4092141696720173, -0.912438361391958
2026-06-01 12:58:45.544 - [robot_6_log_20260601_125830.csv] - INFO - ABAJO
2026-06-01 12:58:45.544 - [robot_6_log_20260601_125830.csv] - DEBUG - Incoming data. Topic 6/pos, mensaje {"x": 221.38, "y": 11.91, "yaw": -2.72, "timestamp": 1780311525.5298252}
2026-06-01 12:58:45.544 - [robot_6_log_20260601_125830.csv] - WARNING - Estado FSM: ESPERANDO_GIRO | Target Wall: ABAJO | Target Theta: 155.90° |theta: -155.84452027558393 
2026-06-01 12:58:45.544 - [robot_6_log_20260601_125830.csv] - DEBUG - Posición actualizada por visión: x=221.38, y=11.91, θ=-2.72
2026-06-01 12:58:45.549 - [robot_6_log_20260601_125830.csv] - DEBUG - Frecuencia: 187.49 Hz | Latencia Red/Proc: 19.71 ms
2026-06-01 12:58:45.549 - [robot_6_log_20260601_125830.csv] - DEBUG - Incoming data. Topic 6/pos, mensaje {"x": 221.38, "y": 11.91, "yaw": -2.72, "timestamp": 1780311525.5298252}
2026-06-01 12:58:45.549 - [robot_6_log_20260601_125830.csv] - DEBUG - Posición actualizada por visión: x=221.38, y=11.91, θ=-2.72
2026-06-01 12:58:45.549 - [robot_6_log_20260601_125830.csv] - DEBUG - Frecuencia: 12826.62 Hz | Latencia Red/Proc: 19.79 ms
2026-06-01 12:58:45.578 - [robot_6_log_20260601_125830.csv] - DEBUG - Incoming data. Topic agent/6/wheel, mensaje {"Wleft":5.684341886e-15,"Wright":20}
2026-06-01 12:58:45.594 - [robot_6_log_20260601_125830.csv] - INFO - Usando posición VISION: x=221.38, y=11.91, θ=-2.72
2026-06-01 12:58:45.594 - [robot_6_log_20260601_125830.csv] - INFO - Distancias a paredes: Left: 221.38, Right: 228.62, Top: 128.09, Bottom: 11.91
2026-06-01 12:58:45.594 - [robot_6_log_20260601_125830.csv] - INFO - Posicion: 221.38, 11.91, -2.72 | Velocidad: 0.4092141696720173, -0.912438361391958
2026-06-01 12:58:45.594 - [robot_6_log_20260601_125830.csv] - INFO - ABAJO
2026-06-01 12:58:45.594 - [robot_6_log_20260601_125830.csv] - WARNING - Estado FSM: ESPERANDO_GIRO | Target Wall: ABAJO | Target Theta: 155.90° |theta: -155.84452027558393 
2026-06-01 12:58:45.629 - [robot_6_log_20260601_125830.csv] - DEBUG - Incoming data. Topic 6/pos, mensaje {"x": 221.26, "y": 11.99, "yaw": -2.721, "timestamp": 1780311525.6190703}
2026-06-01 12:58:45.634 - [robot_6_log_20260601_125830.csv] - DEBUG - Posición actualizada por visión: x=221.26, y=11.99, θ=-2.72
2026-06-01 12:58:45.635 - [robot_6_log_20260601_125830.csv] - DEBUG - Frecuencia: 11.71 Hz | Latencia Red/Proc: 15.95 ms
2026-06-01 12:58:45.644 - [robot_6_log_20260601_125830.csv] - INFO - Usando posición VISION: x=221.26, y=11.99, θ=-2.72
2026-06-01 12:58:45.644 - [robot_6_log_20260601_125830.csv] - DEBUG - Incoming data. Topic 6/pos, mensaje {"x": 221.26, "y": 11.99, "yaw": -2.721, "timestamp": 1780311525.6190703}
2026-06-01 12:58:45.644 - [robot_6_log_20260601_125830.csv] - INFO - Distancias a paredes: Left: 221.26, Right: 228.74, Top: 128.01, Bottom: 11.99
2026-06-01 12:58:45.644 - [robot_6_log_20260601_125830.csv] - DEBUG - Posición actualizada por visión: x=221.26, y=11.99, θ=-2.72
2026-06-01 12:58:45.644 - [robot_6_log_20260601_125830.csv] - INFO - Posicion: 221.26, 11.99, -2.721 | Velocidad: 0.4083015268556307, -0.912847119274285
2026-06-01 12:58:45.644 - [robot_6_log_20260601_125830.csv] - DEBUG - Frecuencia: 107.18 Hz | Latencia Red/Proc: 25.28 ms
2026-06-01 12:58:45.644 - [robot_6_log_20260601_125830.csv] - INFO - ABAJO
2026-06-01 12:58:45.644 - [robot_6_log_20260601_125830.csv] - DEBUG - Incoming data. Topic 6/pos, mensaje {"x": 221.26, "y": 11.99, "yaw": -2.721, "timestamp": 1780311525.6282911}
2026-06-01 12:58:45.644 - [robot_6_log_20260601_125830.csv] - WARNING - Estado FSM: ESPERANDO_GIRO | Target Wall: ABAJO | Target Theta: 155.90° |theta: -155.90181605509702 
2026-06-01 12:58:45.644 - [robot_6_log_20260601_125830.csv] - DEBUG - Posición actualizada por visión: x=221.26, y=11.99, θ=-2.72
2026-06-01 12:58:45.649 - [robot_6_log_20260601_125830.csv] - DEBUG - Frecuencia: 190.55 Hz | Latencia Red/Proc: 21.30 ms
2026-06-01 12:58:45.665 - [robot_6_log_20260601_125830.csv] - DEBUG - Incoming data. Topic 6/pos, mensaje {"x": 221.26, "y": 11.99, "yaw": -2.721, "timestamp": 1780311525.6282911}
2026-06-01 12:58:45.672 - [robot_6_log_20260601_125830.csv] - DEBUG - Posición actualizada por visión: x=221.26, y=11.99, θ=-2.72
2026-06-01 12:58:45.677 - [robot_6_log_20260601_125830.csv] - DEBUG - Frecuencia: 36.14 Hz | Latencia Red/Proc: 48.97 ms
2026-06-01 12:58:45.694 - [robot_6_log_20260601_125830.csv] - INFO - Usando posición VISION: x=221.26, y=11.99, θ=-2.72
2026-06-01 12:58:45.694 - [robot_6_log_20260601_125830.csv] - INFO - Distancias a paredes: Left: 221.26, Right: 228.74, Top: 128.01, Bottom: 11.99
2026-06-01 12:58:45.694 - [robot_6_log_20260601_125830.csv] - INFO - Posicion: 221.26, 11.99, -2.721 | Velocidad: 0.4083015268556307, -0.912847119274285
2026-06-01 12:58:45.694 - [robot_6_log_20260601_125830.csv] - INFO - ABAJO
2026-06-01 12:58:45.694 - [robot_6_log_20260601_125830.csv] - WARNING - Estado FSM: ESPERANDO_GIRO | Target Wall: ABAJO | Target Theta: 155.90° |theta: -155.90181605509702 
2026-06-01 12:58:45.710 - [robot_6_log_20260601_125830.csv] - DEBUG - Incoming data. Topic agent/6/wheel, mensaje {"Wleft":5.684341886e-15,"Wright":20}
2026-06-01 12:58:45.722 - [robot_6_log_20260601_125830.csv] - DEBUG - Incoming data. Topic 6/pos, mensaje {"x": 221.2, "y": 12.04, "yaw": -2.724, "timestamp": 1780311525.7219994}
2026-06-01 12:58:45.722 - [robot_6_log_20260601_125830.csv] - DEBUG - Posición actualizada por visión: x=221.20, y=12.04, θ=-2.72
2026-06-01 12:58:45.727 - [robot_6_log_20260601_125830.csv] - DEBUG - Frecuencia: 19.88 Hz | Latencia Red/Proc: 5.55 ms
2026-06-01 12:58:45.732 - [robot_6_log_20260601_125830.csv] - DEBUG - Incoming data. Topic 6/pos, mensaje {"x": 221.2, "y": 12.04, "yaw": -2.724, "timestamp": 1780311525.7219994}
2026-06-01 12:58:45.732 - [robot_6_log_20260601_125830.csv] - DEBUG - Posición actualizada por visión: x=221.20, y=12.04, θ=-2.72
2026-06-01 12:58:45.732 - [robot_6_log_20260601_125830.csv] - DEBUG - Frecuencia: 190.06 Hz | Latencia Red/Proc: 10.82 ms
2026-06-01 12:58:45.732 - [robot_6_log_20260601_125830.csv] - DEBUG - Incoming data. Topic 6/pos, mensaje {"x": 221.2, "y": 12.04, "yaw": -2.724, "timestamp": 1780311525.7315044}
2026-06-01 12:58:45.732 - [robot_6_log_20260601_125830.csv] - DEBUG - Posición actualizada por visión: x=221.20, y=12.04, θ=-2.72
2026-06-01 12:58:45.732 - [robot_6_log_20260601_125830.csv] - DEBUG - Frecuencia: 11683.30 Hz | Latencia Red/Proc: 1.40 ms
2026-06-01 12:58:45.732 - [robot_6_log_20260601_125830.csv] - DEBUG - Incoming data. Topic 6/pos, mensaje {"x": 221.2, "y": 12.04, "yaw": -2.724, "timestamp": 1780311525.7315044}
2026-06-01 12:58:45.732 - [robot_6_log_20260601_125830.csv] - DEBUG - Posición actualizada por visión: x=221.20, y=12.04, θ=-2.72
2026-06-01 12:58:45.732 - [robot_6_log_20260601_125830.csv] - DEBUG - Frecuencia: 10699.76 Hz | Latencia Red/Proc: 1.49 ms
2026-06-01 12:58:45.744 - [robot_6_log_20260601_125830.csv] - INFO - Usando posición VISION: x=221.20, y=12.04, θ=-2.72
2026-06-01 12:58:45.744 - [robot_6_log_20260601_125830.csv] - INFO - Distancias a paredes: Left: 221.20, Right: 228.80, Top: 127.96, Bottom: 12.04
2026-06-01 12:58:45.744 - [robot_6_log_20260601_125830.csv] - INFO - Posicion: 221.2, 12.04, -2.724 | Velocidad: 0.4055611522501251, -0.9140679142085399
2026-06-01 12:58:45.744 - [robot_6_log_20260601_125830.csv] - INFO - ABAJO
2026-06-01 12:58:45.744 - [robot_6_log_20260601_125830.csv] - WARNING - Estado FSM: ESPERANDO_GIRO | Target Wall: ABAJO | Target Theta: 155.90° |theta: -156.07370339363626 
2026-06-01 12:58:45.774 - [robot_6_log_20260601_125830.csv] - DEBUG - Incoming data. Topic agent/6/wheel, mensaje {"Wleft":5.684341886e-15,"Wright":20}
2026-06-01 12:58:45.794 - [robot_6_log_20260601_125830.csv] - INFO - Usando posición VISION: x=221.20, y=12.04, θ=-2.72
2026-06-01 12:58:45.794 - [robot_6_log_20260601_125830.csv] - INFO - Distancias a paredes: Left: 221.20, Right: 228.80, Top: 127.96, Bottom: 12.04
2026-06-01 12:58:45.794 - [robot_6_log_20260601_125830.csv] - INFO - Posicion: 221.2, 12.04, -2.724 | Velocidad: 0.4055611522501251, -0.9140679142085399
2026-06-01 12:58:45.794 - [robot_6_log_20260601_125830.csv] - INFO - ABAJO
2026-06-01 12:58:45.794 - [robot_6_log_20260601_125830.csv] - WARNING - Estado FSM: ESPERANDO_GIRO | Target Wall: ABAJO | Target Theta: 155.90° |theta: -156.07370339363626 
2026-06-01 12:58:45.825 - [robot_6_log_20260601_125830.csv] - DEBUG - Incoming data. Topic 6/pos, mensaje {"x": 221.13, "y": 12.05, "yaw": -2.718, "timestamp": 1780311525.819592}
2026-06-01 12:58:45.825 - [robot_6_log_20260601_125830.csv] - DEBUG - Posición actualizada por visión: x=221.13, y=12.05, θ=-2.72
2026-06-01 12:58:45.825 - [robot_6_log_20260601_125830.csv] - DEBUG - Frecuencia: 10.84 Hz | Latencia Red/Proc: 5.68 ms
2026-06-01 12:58:45.825 - [robot_6_log_20260601_125830.csv] - DEBUG - Incoming data. Topic 6/pos, mensaje {"x": 221.13, "y": 12.05, "yaw": -2.718, "timestamp": 1780311525.819592}
2026-06-01 12:58:45.830 - [robot_6_log_20260601_125830.csv] - DEBUG - Posición actualizada por visión: x=221.13, y=12.05, θ=-2.72
2026-06-01 12:58:45.835 - [robot_6_log_20260601_125830.csv] - DEBUG - Frecuencia: 97.67 Hz | Latencia Red/Proc: 15.92 ms
2026-06-01 12:58:45.840 - [robot_6_log_20260601_125830.csv] - DEBUG - Incoming data. Topic 6/pos, mensaje {"x": 221.13, "y": 12.05, "yaw": -2.718, "timestamp": 1780311525.829257}
2026-06-01 12:58:45.844 - [robot_6_log_20260601_125830.csv] - INFO - Usando posición VISION: x=221.13, y=12.05, θ=-2.72
2026-06-01 12:58:45.844 - [robot_6_log_20260601_125830.csv] - DEBUG - Posición actualizada por visión: x=221.13, y=12.05, θ=-2.72
2026-06-01 12:58:45.844 - [robot_6_log_20260601_125830.csv] - DEBUG - Frecuencia: 113.03 Hz | Latencia Red/Proc: 15.10 ms
2026-06-01 12:58:45.844 - [robot_6_log_20260601_125830.csv] - DEBUG - Incoming data. Topic 6/pos, mensaje {"x": 221.13, "y": 12.05, "yaw": -2.718, "timestamp": 1780311525.829257}
2026-06-01 12:58:45.844 - [robot_6_log_20260601_125830.csv] - INFO - Distancias a paredes: Left: 221.13, Right: 228.87, Top: 127.95, Bottom: 12.05
2026-06-01 12:58:45.844 - [robot_6_log_20260601_125830.csv] - DEBUG - Posición actualizada por visión: x=221.13, y=12.05, θ=-2.72
2026-06-01 12:58:45.844 - [robot_6_log_20260601_125830.csv] - DEBUG - Frecuencia: 6797.90 Hz | Latencia Red/Proc: 15.25 ms
2026-06-01 12:58:45.844 - [robot_6_log_20260601_125830.csv] - INFO - Posicion: 221.13, 12.05, -2.718 | Velocidad: 0.41103822675015067, -0.9116181087221182
2026-06-01 12:58:45.844 - [robot_6_log_20260601_125830.csv] - INFO - ABAJO
2026-06-01 12:58:45.844 - [robot_6_log_20260601_125830.csv] - WARNING - Estado FSM: ESPERANDO_GIRO | Target Wall: ABAJO | Target Theta: 155.90° |theta: -155.72992871655777 
2026-06-01 12:58:45.894 - [robot_6_log_20260601_125830.csv] - INFO - Usando posición VISION: x=221.13, y=12.05, θ=-2.72
2026-06-01 12:58:45.894 - [robot_6_log_20260601_125830.csv] - INFO - Distancias a paredes: Left: 221.13, Right: 228.87, Top: 127.95, Bottom: 12.05
2026-06-01 12:58:45.894 - [robot_6_log_20260601_125830.csv] - INFO - Posicion: 221.13, 12.05, -2.718 | Velocidad: 0.41103822675015067, -0.9116181087221182
2026-06-01 12:58:45.894 - [robot_6_log_20260601_125830.csv] - INFO - ABAJO
2026-06-01 12:58:45.894 - [robot_6_log_20260601_125830.csv] - WARNING - Estado FSM: ESPERANDO_GIRO | Target Wall: ABAJO | Target Theta: 155.90° |theta: -155.72992871655777 
2026-06-01 12:58:45.922 - [robot_6_log_20260601_125830.csv] - DEBUG - Incoming data. Topic agent/6/wheel, mensaje {"Wleft":5.684341886e-15,"Wright":20}
2026-06-01 12:58:45.939 - [robot_6_log_20260601_125830.csv] - DEBUG - Incoming data. Topic 6/pos, mensaje {"x": 221.17, "y": 12.03, "yaw": -2.723, "timestamp": 1780311525.920242}
2026-06-01 12:58:45.939 - [robot_6_log_20260601_125830.csv] - DEBUG - Posición actualizada por visión: x=221.17, y=12.03, θ=-2.72
2026-06-01 12:58:45.944 - [robot_6_log_20260601_125830.csv] - INFO - Usando posición VISION: x=221.17, y=12.03, θ=-2.72
2026-06-01 12:58:45.944 - [robot_6_log_20260601_125830.csv] - DEBUG - Frecuencia: 10.03 Hz | Latencia Red/Proc: 23.97 ms
2026-06-01 12:58:45.944 - [robot_6_log_20260601_125830.csv] - INFO - Distancias a paredes: Left: 221.17, Right: 228.83, Top: 127.97, Bottom: 12.03
2026-06-01 12:58:45.944 - [robot_6_log_20260601_125830.csv] - INFO - Posicion: 221.17, 12.03, -2.723 | Velocidad: 0.4064750172314301, -0.9136618960899643
2026-06-01 12:58:45.944 - [robot_6_log_20260601_125830.csv] - INFO - ABAJO
2026-06-01 12:58:45.944 - [robot_6_log_20260601_125830.csv] - DEBUG - Incoming data. Topic 6/pos, mensaje {"x": 221.17, "y": 12.03, "yaw": -2.723, "timestamp": 1780311525.920242}
2026-06-01 12:58:45.944 - [robot_6_log_20260601_125830.csv] - WARNING - Estado FSM: ESPERANDO_GIRO | Target Wall: ABAJO | Target Theta: 155.90° |theta: -156.01640761412315 
2026-06-01 12:58:45.944 - [robot_6_log_20260601_125830.csv] - DEBUG - Posición actualizada por visión: x=221.17, y=12.03, θ=-2.72
2026-06-01 12:58:45.954 - [robot_6_log_20260601_125830.csv] - DEBUG - Frecuencia: 94.82 Hz | Latencia Red/Proc: 34.51 ms
2026-06-01 12:58:45.959 - [robot_6_log_20260601_125830.csv] - DEBUG - Incoming data. Topic 6/pos, mensaje {"x": 221.17, "y": 12.03, "yaw": -2.723, "timestamp": 1780311525.9296508}
2026-06-01 12:58:45.965 - [robot_6_log_20260601_125830.csv] - DEBUG - Posición actualizada por visión: x=221.17, y=12.03, θ=-2.72
2026-06-01 12:58:45.971 - [robot_6_log_20260601_125830.csv] - DEBUG - Frecuencia: 60.81 Hz | Latencia Red/Proc: 41.55 ms
2026-06-01 12:58:45.981 - [robot_6_log_20260601_125830.csv] - DEBUG - Incoming data. Topic 6/pos, mensaje {"x": 221.17, "y": 12.03, "yaw": -2.723, "timestamp": 1780311525.9296508}
2026-06-01 12:58:45.986 - [robot_6_log_20260601_125830.csv] - DEBUG - Posición actualizada por visión: x=221.17, y=12.03, θ=-2.72
2026-06-01 12:58:45.991 - [robot_6_log_20260601_125830.csv] - DEBUG - Frecuencia: 48.67 Hz | Latencia Red/Proc: 62.09 ms
2026-06-01 12:58:45.994 - [robot_6_log_20260601_125830.csv] - INFO - Usando posición VISION: x=221.17, y=12.03, θ=-2.72
2026-06-01 12:58:45.994 - [robot_6_log_20260601_125830.csv] - INFO - Distancias a paredes: Left: 221.17, Right: 228.83, Top: 127.97, Bottom: 12.03
2026-06-01 12:58:45.994 - [robot_6_log_20260601_125830.csv] - INFO - Posicion: 221.17, 12.03, -2.723 | Velocidad: 0.4064750172314301, -0.9136618960899643
2026-06-01 12:58:45.994 - [robot_6_log_20260601_125830.csv] - INFO - ABAJO
2026-06-01 12:58:45.994 - [robot_6_log_20260601_125830.csv] - WARNING - Estado FSM: ESPERANDO_GIRO | Target Wall: ABAJO | Target Theta: 155.90° |theta: -156.01640761412315 
2026-06-01 12:58:46.011 - [robot_6_log_20260601_125830.csv] - DEBUG - Incoming data. Topic agent/6/wheel, mensaje {"Wleft":5.684341886e-15,"Wright":20}
2026-06-01 12:58:46.023 - [robot_6_log_20260601_125830.csv] - DEBUG - Incoming data. Topic 6/pos, mensaje {"x": 221.25, "y": 12.0, "yaw": -2.72, "timestamp": 1780311526.0209053}
2026-06-01 12:58:46.028 - [robot_6_log_20260601_125830.csv] - DEBUG - Posición actualizada por visión: x=221.25, y=12.00, θ=-2.72
2026-06-01 12:58:46.034 - [robot_6_log_20260601_125830.csv] - DEBUG - Frecuencia: 23.26 Hz | Latencia Red/Proc: 13.84 ms
2026-06-01 12:58:46.040 - [robot_6_log_20260601_125830.csv] - DEBUG - Incoming data. Topic 6/pos, mensaje {"x": 221.25, "y": 12.0, "yaw": -2.72, "timestamp": 1780311526.0209053}
2026-06-01 12:58:46.044 - [robot_6_log_20260601_125830.csv] - DEBUG - Posición actualizada por visión: x=221.25, y=12.00, θ=-2.72
2026-06-01 12:58:46.044 - [robot_6_log_20260601_125830.csv] - DEBUG - Frecuencia: 104.98 Hz | Latencia Red/Proc: 23.36 ms
2026-06-01 12:58:46.044 - [robot_6_log_20260601_125830.csv] - DEBUG - Incoming data. Topic 6/pos, mensaje {"x": 221.25, "y": 12.0, "yaw": -2.72, "timestamp": 1780311526.0307097}
2026-06-01 12:58:46.044 - [robot_6_log_20260601_125830.csv] - DEBUG - Posición actualizada por visión: x=221.25, y=12.00, θ=-2.72
2026-06-01 12:58:46.044 - [robot_6_log_20260601_125830.csv] - DEBUG - Frecuencia: 9279.43 Hz | Latencia Red/Proc: 13.67 ms
2026-06-01 12:58:46.044 - [robot_6_log_20260601_125830.csv] - DEBUG - Incoming data. Topic 6/pos, mensaje {"x": 221.25, "y": 12.0, "yaw": -2.72, "timestamp": 1780311526.0307097}
2026-06-01 12:58:46.044 - [robot_6_log_20260601_125830.csv] - DEBUG - Posición actualizada por visión: x=221.25, y=12.00, θ=-2.72
2026-06-01 12:58:46.044 - [robot_6_log_20260601_125830.csv] - DEBUG - Frecuencia: 13066.37 Hz | Latencia Red/Proc: 13.74 ms
2026-06-01 12:58:46.044 - [robot_6_log_20260601_125830.csv] - INFO - Usando posición VISION: x=221.25, y=12.00, θ=-2.72
2026-06-01 12:58:46.044 - [robot_6_log_20260601_125830.csv] - INFO - Distancias a paredes: Left: 221.25, Right: 228.75, Top: 128.00, Bottom: 12.00
2026-06-01 12:58:46.044 - [robot_6_log_20260601_125830.csv] - INFO - Posicion: 221.25, 12.0, -2.72 | Velocidad: 0.4092141696720173, -0.912438361391958
2026-06-01 12:58:46.044 - [robot_6_log_20260601_125830.csv] - INFO - ABAJO
2026-06-01 12:58:46.044 - [robot_6_log_20260601_125830.csv] - WARNING - Estado FSM: ESPERANDO_GIRO | Target Wall: ABAJO | Target Theta: 155.90° |theta: -155.84452027558393 
2026-06-01 12:58:46.079 - [robot_6_log_20260601_125830.csv] - DEBUG - Incoming data. Topic agent/6/wheel, mensaje {"Wleft":5.684341886e-15,"Wright":20}
2026-06-01 12:58:46.094 - [robot_6_log_20260601_125830.csv] - INFO - Usando posición VISION: x=221.25, y=12.00, θ=-2.72
2026-06-01 12:58:46.094 - [robot_6_log_20260601_125830.csv] - INFO - Distancias a paredes: Left: 221.25, Right: 228.75, Top: 128.00, Bottom: 12.00
2026-06-01 12:58:46.094 - [robot_6_log_20260601_125830.csv] - INFO - Posicion: 221.25, 12.0, -2.72 | Velocidad: 0.4092141696720173, -0.912438361391958
2026-06-01 12:58:46.094 - [robot_6_log_20260601_125830.csv] - INFO - ABAJO
2026-06-01 12:58:46.094 - [robot_6_log_20260601_125830.csv] - WARNING - Estado FSM: ESPERANDO_GIRO | Target Wall: ABAJO | Target Theta: 155.90° |theta: -155.84452027558393 
2026-06-01 12:58:46.125 - [robot_6_log_20260601_125830.csv] - DEBUG - Incoming data. Topic 6/pos, mensaje {"x": 221.32, "y": 11.95, "yaw": -2.718, "timestamp": 1780311526.1198287}
2026-06-01 12:58:46.125 - [robot_6_log_20260601_125830.csv] - DEBUG - Posición actualizada por visión: x=221.32, y=11.95, θ=-2.72
2026-06-01 12:58:46.130 - [robot_6_log_20260601_125830.csv] - DEBUG - Frecuencia: 11.64 Hz | Latencia Red/Proc: 10.51 ms
2026-06-01 12:58:46.130 - [robot_6_log_20260601_125830.csv] - DEBUG - Incoming data. Topic 6/pos, mensaje {"x": 221.32, "y": 11.95, "yaw": -2.718, "timestamp": 1780311526.1198287}
2026-06-01 12:58:46.130 - [robot_6_log_20260601_125830.csv] - DEBUG - Posición actualizada por visión: x=221.32, y=11.95, θ=-2.72
2026-06-01 12:58:46.135 - [robot_6_log_20260601_125830.csv] - DEBUG - Frecuencia: 193.25 Hz | Latencia Red/Proc: 15.69 ms
2026-06-01 12:58:46.140 - [robot_6_log_20260601_125830.csv] - DEBUG - Incoming data. Topic 6/pos, mensaje {"x": 221.32, "y": 11.95, "yaw": -2.718, "timestamp": 1780311526.1305726}
2026-06-01 12:58:46.144 - [robot_6_log_20260601_125830.csv] - INFO - Usando posición VISION: x=221.32, y=11.95, θ=-2.72
2026-06-01 12:58:46.144 - [robot_6_log_20260601_125830.csv] - DEBUG - Posición actualizada por visión: x=221.32, y=11.95, θ=-2.72
2026-06-01 12:58:46.144 - [robot_6_log_20260601_125830.csv] - INFO - Distancias a paredes: Left: 221.32, Right: 228.68, Top: 128.05, Bottom: 11.95
2026-06-01 12:58:46.144 - [robot_6_log_20260601_125830.csv] - DEBUG - Frecuencia: 113.78 Hz | Latencia Red/Proc: 13.73 ms
2026-06-01 12:58:46.144 - [robot_6_log_20260601_125830.csv] - INFO - Posicion: 221.32, 11.95, -2.718 | Velocidad: 0.41103822675015067, -0.9116181087221182
2026-06-01 12:58:46.144 - [robot_6_log_20260601_125830.csv] - DEBUG - Incoming data. Topic 6/pos, mensaje {"x": 221.32, "y": 11.95, "yaw": -2.718, "timestamp": 1780311526.1305726}
2026-06-01 12:58:46.144 - [robot_6_log_20260601_125830.csv] - INFO - ABAJO
2026-06-01 12:58:46.144 - [robot_6_log_20260601_125830.csv] - DEBUG - Posición actualizada por visión: x=221.32, y=11.95, θ=-2.72
2026-06-01 12:58:46.144 - [robot_6_log_20260601_125830.csv] - WARNING - Estado FSM: ESPERANDO_GIRO | Target Wall: ABAJO | Target Theta: 155.90° |theta: -155.72992871655777 
2026-06-01 12:58:46.144 - [robot_6_log_20260601_125830.csv] - DEBUG - Frecuencia: 4629.47 Hz | Latencia Red/Proc: 13.95 ms
2026-06-01 12:58:46.194 - [robot_6_log_20260601_125830.csv] - INFO - Usando posición VISION: x=221.32, y=11.95, θ=-2.72
2026-06-01 12:58:46.194 - [robot_6_log_20260601_125830.csv] - INFO - Distancias a paredes: Left: 221.32, Right: 228.68, Top: 128.05, Bottom: 11.95
2026-06-01 12:58:46.194 - [robot_6_log_20260601_125830.csv] - INFO - Posicion: 221.32, 11.95, -2.718 | Velocidad: 0.41103822675015067, -0.9116181087221182
2026-06-01 12:58:46.194 - [robot_6_log_20260601_125830.csv] - INFO - ABAJO
2026-06-01 12:58:46.194 - [robot_6_log_20260601_125830.csv] - WARNING - Estado FSM: ESPERANDO_GIRO | Target Wall: ABAJO | Target Theta: 155.90° |theta: -155.72992871655777 
2026-06-01 12:58:46.205 - [robot_6_log_20260601_125830.csv] - DEBUG - Incoming data. Topic agent/6/wheel, mensaje {"Wleft":5.684341886e-15,"Wright":20}
2026-06-01 12:58:46.223 - [robot_6_log_20260601_125830.csv] - DEBUG - Incoming data. Topic 6/pos, mensaje {"x": 221.42, "y": 11.92, "yaw": -2.718, "timestamp": 1780311526.220363}
2026-06-01 12:58:46.228 - [robot_6_log_20260601_125830.csv] - DEBUG - Posición actualizada por visión: x=221.42, y=11.92, θ=-2.72
2026-06-01 12:58:46.234 - [robot_6_log_20260601_125830.csv] - DEBUG - Frecuencia: 11.10 Hz | Latencia Red/Proc: 14.28 ms
2026-06-01 12:58:46.234 - [robot_6_log_20260601_125830.csv] - DEBUG - Incoming data. Topic 6/pos, mensaje {"x": 221.42, "y": 11.92, "yaw": -2.718, "timestamp": 1780311526.220363}
2026-06-01 12:58:46.234 - [robot_6_log_20260601_125830.csv] - DEBUG - Posición actualizada por visión: x=221.42, y=11.92, θ=-2.72
2026-06-01 12:58:46.234 - [robot_6_log_20260601_125830.csv] - DEBUG - Frecuencia: 8867.45 Hz | Latencia Red/Proc: 14.39 ms
2026-06-01 12:58:46.234 - [robot_6_log_20260601_125830.csv] - DEBUG - Incoming data. Topic 6/pos, mensaje {"x": 221.42, "y": 11.92, "yaw": -2.718, "timestamp": 1780311526.2306921}
2026-06-01 12:58:46.234 - [robot_6_log_20260601_125830.csv] - DEBUG - Posición actualizada por visión: x=221.42, y=11.92, θ=-2.72
2026-06-01 12:58:46.234 - [robot_6_log_20260601_125830.csv] - DEBUG - Frecuencia: 12865.96 Hz | Latencia Red/Proc: 4.14 ms
2026-06-01 12:58:46.234 - [robot_6_log_20260601_125830.csv] - DEBUG - Incoming data. Topic 6/pos, mensaje {"x": 221.42, "y": 11.92, "yaw": -2.718, "timestamp": 1780311526.2306921}
2026-06-01 12:58:46.234 - [robot_6_log_20260601_125830.csv] - DEBUG - Posición actualizada por visión: x=221.42, y=11.92, θ=-2.72
2026-06-01 12:58:46.234 - [robot_6_log_20260601_125830.csv] - DEBUG - Frecuencia: 11618.57 Hz | Latencia Red/Proc: 4.23 ms
2026-06-01 12:58:46.244 - [robot_6_log_20260601_125830.csv] - INFO - Usando posición VISION: x=221.42, y=11.92, θ=-2.72
2026-06-01 12:58:46.244 - [robot_6_log_20260601_125830.csv] - INFO - Distancias a paredes: Left: 221.42, Right: 228.58, Top: 128.08, Bottom: 11.92
2026-06-01 12:58:46.244 - [robot_6_log_20260601_125830.csv] - INFO - Posicion: 221.42, 11.92, -2.718 | Velocidad: 0.41103822675015067, -0.9116181087221182
2026-06-01 12:58:46.244 - [robot_6_log_20260601_125830.csv] - INFO - ABAJO
2026-06-01 12:58:46.244 - [robot_6_log_20260601_125830.csv] - WARNING - Estado FSM: ESPERANDO_GIRO | Target Wall: ABAJO | Target Theta: 155.90° |theta: -155.72992871655777 
2026-06-01 12:58:46.274 - [robot_6_log_20260601_125830.csv] - DEBUG - Incoming data. Topic agent/6/wheel, mensaje {"Wleft":5.684341886e-15,"Wright":20}
2026-06-01 12:58:46.294 - [robot_6_log_20260601_125830.csv] - INFO - Usando posición VISION: x=221.42, y=11.92, θ=-2.72
2026-06-01 12:58:46.294 - [robot_6_log_20260601_125830.csv] - INFO - Distancias a paredes: Left: 221.42, Right: 228.58, Top: 128.08, Bottom: 11.92
2026-06-01 12:58:46.294 - [robot_6_log_20260601_125830.csv] - INFO - Posicion: 221.42, 11.92, -2.718 | Velocidad: 0.41103822675015067, -0.9116181087221182
2026-06-01 12:58:46.294 - [robot_6_log_20260601_125830.csv] - INFO - ABAJO
2026-06-01 12:58:46.294 - [robot_6_log_20260601_125830.csv] - WARNING - Estado FSM: ESPERANDO_GIRO | Target Wall: ABAJO | Target Theta: 155.90° |theta: -155.72992871655777 
2026-06-01 12:58:46.325 - [robot_6_log_20260601_125830.csv] - DEBUG - Incoming data. Topic 6/pos, mensaje {"x": 221.48, "y": 11.91, "yaw": -2.72, "timestamp": 1780311526.3210628}
2026-06-01 12:58:46.330 - [robot_6_log_20260601_125830.csv] - DEBUG - Posición actualizada por visión: x=221.48, y=11.91, θ=-2.72
2026-06-01 12:58:46.336 - [robot_6_log_20260601_125830.csv] - DEBUG - Frecuencia: 9.82 Hz | Latencia Red/Proc: 15.69 ms
2026-06-01 12:58:46.344 - [robot_6_log_20260601_125830.csv] - INFO - Usando posición VISION: x=221.48, y=11.91, θ=-2.72
2026-06-01 12:58:46.344 - [robot_6_log_20260601_125830.csv] - DEBUG - Incoming data. Topic 6/pos, mensaje {"x": 221.48, "y": 11.91, "yaw": -2.72, "timestamp": 1780311526.3210628}
2026-06-01 12:58:46.344 - [robot_6_log_20260601_125830.csv] - INFO - Distancias a paredes: Left: 221.48, Right: 228.52, Top: 128.09, Bottom: 11.91
2026-06-01 12:58:46.344 - [robot_6_log_20260601_125830.csv] - DEBUG - Posición actualizada por visión: x=221.48, y=11.91, θ=-2.72
2026-06-01 12:58:46.344 - [robot_6_log_20260601_125830.csv] - INFO - Posicion: 221.48, 11.91, -2.72 | Velocidad: 0.4092141696720173, -0.912438361391958
2026-06-01 12:58:46.344 - [robot_6_log_20260601_125830.csv] - DEBUG - Frecuencia: 131.93 Hz | Latencia Red/Proc: 23.27 ms
2026-06-01 12:58:46.344 - [robot_6_log_20260601_125830.csv] - INFO - ABAJO
2026-06-01 12:58:46.344 - [robot_6_log_20260601_125830.csv] - DEBUG - Incoming data. Topic 6/pos, mensaje {"x": 221.48, "y": 11.91, "yaw": -2.72, "timestamp": 1780311526.3299203}
2026-06-01 12:58:46.344 - [robot_6_log_20260601_125830.csv] - WARNING - Estado FSM: ESPERANDO_GIRO | Target Wall: ABAJO | Target Theta: 155.90° |theta: -155.84452027558393 
2026-06-01 12:58:46.344 - [robot_6_log_20260601_125830.csv] - DEBUG - Posición actualizada por visión: x=221.48, y=11.91, θ=-2.72
2026-06-01 12:58:46.354 - [robot_6_log_20260601_125830.csv] - DEBUG - Frecuencia: 96.65 Hz | Latencia Red/Proc: 24.76 ms
2026-06-01 12:58:46.365 - [robot_6_log_20260601_125830.csv] - DEBUG - Incoming data. Topic 6/pos, mensaje {"x": 221.48, "y": 11.91, "yaw": -2.72, "timestamp": 1780311526.3299203}
2026-06-01 12:58:46.370 - [robot_6_log_20260601_125830.csv] - DEBUG - Posición actualizada por visión: x=221.48, y=11.91, θ=-2.72
2026-06-01 12:58:46.377 - [robot_6_log_20260601_125830.csv] - DEBUG - Frecuencia: 44.52 Hz | Latencia Red/Proc: 47.22 ms
2026-06-01 12:58:46.394 - [robot_6_log_20260601_125830.csv] - INFO - Usando posición VISION: x=221.48, y=11.91, θ=-2.72
2026-06-01 12:58:46.394 - [robot_6_log_20260601_125830.csv] - INFO - Distancias a paredes: Left: 221.48, Right: 228.52, Top: 128.09, Bottom: 11.91
2026-06-01 12:58:46.394 - [robot_6_log_20260601_125830.csv] - INFO - Posicion: 221.48, 11.91, -2.72 | Velocidad: 0.4092141696720173, -0.912438361391958
2026-06-01 12:58:46.394 - [robot_6_log_20260601_125830.csv] - INFO - ABAJO
2026-06-01 12:58:46.394 - [robot_6_log_20260601_125830.csv] - WARNING - Estado FSM: ESPERANDO_GIRO | Target Wall: ABAJO | Target Theta: 155.90° |theta: -155.84452027558393 
2026-06-01 12:58:46.423 - [robot_6_log_20260601_125830.csv] - DEBUG - Incoming data. Topic agent/6/wheel, mensaje {"Wleft":5.684341886e-15,"Wright":20}
2026-06-01 12:58:46.433 - [robot_6_log_20260601_125830.csv] - DEBUG - Incoming data. Topic 6/pos, mensaje {"x": 221.5, "y": 11.86, "yaw": -2.717, "timestamp": 1780311526.420086}
2026-06-01 12:58:46.433 - [robot_6_log_20260601_125830.csv] - DEBUG - Posición actualizada por visión: x=221.50, y=11.86, θ=-2.72
2026-06-01 12:58:46.438 - [robot_6_log_20260601_125830.csv] - DEBUG - Frecuencia: 16.29 Hz | Latencia Red/Proc: 18.42 ms
2026-06-01 12:58:46.438 - [robot_6_log_20260601_125830.csv] - DEBUG - Incoming data. Topic 6/pos, mensaje {"x": 221.5, "y": 11.86, "yaw": -2.717, "timestamp": 1780311526.420086}
2026-06-01 12:58:46.443 - [robot_6_log_20260601_125830.csv] - DEBUG - Posición actualizada por visión: x=221.50, y=11.86, θ=-2.72
2026-06-01 12:58:46.443 - [robot_6_log_20260601_125830.csv] - DEBUG - Frecuencia: 191.66 Hz | Latencia Red/Proc: 23.64 ms
2026-06-01 12:58:46.443 - [robot_6_log_20260601_125830.csv] - DEBUG - Incoming data. Topic 6/pos, mensaje {"x": 221.5, "y": 11.86, "yaw": -2.717, "timestamp": 1780311526.4295044}
2026-06-01 12:58:46.443 - [robot_6_log_20260601_125830.csv] - DEBUG - Posición actualizada por visión: x=221.50, y=11.86, θ=-2.72
2026-06-01 12:58:46.443 - [robot_6_log_20260601_125830.csv] - DEBUG - Frecuencia: 13315.25 Hz | Latencia Red/Proc: 14.30 ms
2026-06-01 12:58:46.444 - [robot_6_log_20260601_125830.csv] - INFO - Usando posición VISION: x=221.50, y=11.86, θ=-2.72
2026-06-01 12:58:46.444 - [robot_6_log_20260601_125830.csv] - INFO - Distancias a paredes: Left: 221.50, Right: 228.50, Top: 128.14, Bottom: 11.86
2026-06-01 12:58:46.444 - [robot_6_log_20260601_125830.csv] - INFO - Posicion: 221.5, 11.86, -2.717 | Velocidad: 0.41194963918784006, -0.9112066147548581
2026-06-01 12:58:46.444 - [robot_6_log_20260601_125830.csv] - INFO - ABAJO
2026-06-01 12:58:46.444 - [robot_6_log_20260601_125830.csv] - DEBUG - Incoming data. Topic 6/pos, mensaje {"x": 221.5, "y": 11.86, "yaw": -2.717, "timestamp": 1780311526.4295044}
2026-06-01 12:58:46.444 - [robot_6_log_20260601_125830.csv] - WARNING - Estado FSM: ESPERANDO_GIRO | Target Wall: ABAJO | Target Theta: 155.90° |theta: -155.67263293704468 
2026-06-01 12:58:46.444 - [robot_6_log_20260601_125830.csv] - DEBUG - Posición actualizada por visión: x=221.50, y=11.86, θ=-2.72
2026-06-01 12:58:46.449 - [robot_6_log_20260601_125830.csv] - DEBUG - Frecuencia: 174.32 Hz | Latencia Red/Proc: 20.03 ms
2026-06-01 12:58:46.479 - [robot_6_log_20260601_125830.csv] - DEBUG - Incoming data. Topic agent/6/wheel, mensaje {"Wleft":5.684341886e-15,"Wright":20}
2026-06-01 12:58:46.494 - [robot_6_log_20260601_125830.csv] - INFO - Usando posición VISION: x=221.50, y=11.86, θ=-2.72
2026-06-01 12:58:46.494 - [robot_6_log_20260601_125830.csv] - INFO - Distancias a paredes: Left: 221.50, Right: 228.50, Top: 128.14, Bottom: 11.86
2026-06-01 12:58:46.494 - [robot_6_log_20260601_125830.csv] - INFO - Posicion: 221.5, 11.86, -2.717 | Velocidad: 0.41194963918784006, -0.9112066147548581
2026-06-01 12:58:46.494 - [robot_6_log_20260601_125830.csv] - INFO - ABAJO
2026-06-01 12:58:46.494 - [robot_6_log_20260601_125830.csv] - WARNING - Estado FSM: ESPERANDO_GIRO | Target Wall: ABAJO | Target Theta: 155.90° |theta: -155.67263293704468 
2026-06-01 12:58:46.529 - [robot_6_log_20260601_125830.csv] - DEBUG - Incoming data. Topic 6/pos, mensaje {"x": 221.49, "y": 11.89, "yaw": -2.72, "timestamp": 1780311526.5207546}
2026-06-01 12:58:46.535 - [robot_6_log_20260601_125830.csv] - DEBUG - Posición actualizada por visión: x=221.49, y=11.89, θ=-2.72
2026-06-01 12:58:46.540 - [robot_6_log_20260601_125830.csv] - DEBUG - Frecuencia: 11.03 Hz | Latencia Red/Proc: 19.47 ms
2026-06-01 12:58:46.544 - [robot_6_log_20260601_125830.csv] - INFO - Usando posición VISION: x=221.49, y=11.89, θ=-2.72
2026-06-01 12:58:46.544 - [robot_6_log_20260601_125830.csv] - DEBUG - Incoming data. Topic 6/pos, mensaje {"x": 221.49, "y": 11.89, "yaw": -2.72, "timestamp": 1780311526.5207546}
2026-06-01 12:58:46.544 - [robot_6_log_20260601_125830.csv] - INFO - Distancias a paredes: Left: 221.49, Right: 228.51, Top: 128.11, Bottom: 11.89
2026-06-01 12:58:46.544 - [robot_6_log_20260601_125830.csv] - DEBUG - Posición actualizada por visión: x=221.49, y=11.89, θ=-2.72
2026-06-01 12:58:46.544 - [robot_6_log_20260601_125830.csv] - INFO - Posicion: 221.49, 11.89, -2.72 | Velocidad: 0.4092141696720173, -0.912438361391958
2026-06-01 12:58:46.544 - [robot_6_log_20260601_125830.csv] - DEBUG - Frecuencia: 242.10 Hz | Latencia Red/Proc: 23.60 ms
2026-06-01 12:58:46.544 - [robot_6_log_20260601_125830.csv] - INFO - ABAJO
2026-06-01 12:58:46.544 - [robot_6_log_20260601_125830.csv] - DEBUG - Incoming data. Topic 6/pos, mensaje {"x": 221.49, "y": 11.89, "yaw": -2.72, "timestamp": 1780311526.5302327}
2026-06-01 12:58:46.544 - [robot_6_log_20260601_125830.csv] - WARNING - Estado FSM: ESPERANDO_GIRO | Target Wall: ABAJO | Target Theta: 155.90° |theta: -155.84452027558393 
2026-06-01 12:58:46.544 - [robot_6_log_20260601_125830.csv] - DEBUG - Posición actualizada por visión: x=221.49, y=11.89, θ=-2.72
2026-06-01 12:58:46.549 - [robot_6_log_20260601_125830.csv] - DEBUG - Frecuencia: 188.22 Hz | Latencia Red/Proc: 19.44 ms
2026-06-01 12:58:46.559 - [robot_6_log_20260601_125830.csv] - DEBUG - Incoming data. Topic 6/pos, mensaje {"x": 221.49, "y": 11.89, "yaw": -2.72, "timestamp": 1780311526.5302327}
2026-06-01 12:58:46.565 - [robot_6_log_20260601_125830.csv] - DEBUG - Posición actualizada por visión: x=221.49, y=11.89, θ=-2.72
2026-06-01 12:58:46.571 - [robot_6_log_20260601_125830.csv] - DEBUG - Frecuencia: 46.56 Hz | Latencia Red/Proc: 40.92 ms
2026-06-01 12:58:46.592 - [robot_6_log_20260601_125830.csv] - DEBUG - Incoming data. Topic agent/6/wheel, mensaje {"Wleft":5.684341886e-15,"Wright":20}
2026-06-01 12:58:46.594 - [robot_6_log_20260601_125830.csv] - INFO - Usando posición VISION: x=221.49, y=11.89, θ=-2.72
2026-06-01 12:58:46.594 - [robot_6_log_20260601_125830.csv] - INFO - Distancias a paredes: Left: 221.49, Right: 228.51, Top: 128.11, Bottom: 11.89
2026-06-01 12:58:46.594 - [robot_6_log_20260601_125830.csv] - INFO - Posicion: 221.49, 11.89, -2.72 | Velocidad: 0.4092141696720173, -0.912438361391958
2026-06-01 12:58:46.594 - [robot_6_log_20260601_125830.csv] - INFO - ABAJO
2026-06-01 12:58:46.594 - [robot_6_log_20260601_125830.csv] - WARNING - Estado FSM: ESPERANDO_GIRO | Target Wall: ABAJO | Target Theta: 155.90° |theta: -155.84452027558393 
2026-06-01 12:58:46.625 - [robot_6_log_20260601_125830.csv] - DEBUG - Incoming data. Topic 6/pos, mensaje {"x": 221.47, "y": 11.92, "yaw": -2.722, "timestamp": 1780311526.6204114}
2026-06-01 12:58:46.625 - [robot_6_log_20260601_125830.csv] - DEBUG - Posición actualizada por visión: x=221.47, y=11.92, θ=-2.72
2026-06-01 12:58:46.625 - [robot_6_log_20260601_125830.csv] - DEBUG - Frecuencia: 18.52 Hz | Latencia Red/Proc: 4.73 ms
2026-06-01 12:58:46.625 - [robot_6_log_20260601_125830.csv] - DEBUG - Incoming data. Topic 6/pos, mensaje {"x": 221.47, "y": 11.92, "yaw": -2.722, "timestamp": 1780311526.6204114}
2026-06-01 12:58:46.625 - [robot_6_log_20260601_125830.csv] - DEBUG - Posición actualizada por visión: x=221.47, y=11.92, θ=-2.72
2026-06-01 12:58:46.630 - [robot_6_log_20260601_125830.csv] - DEBUG - Frecuencia: 181.65 Hz | Latencia Red/Proc: 10.24 ms
2026-06-01 12:58:46.636 - [robot_6_log_20260601_125830.csv] - DEBUG - Incoming data. Topic 6/pos, mensaje {"x": 221.47, "y": 11.92, "yaw": -2.722, "timestamp": 1780311526.6311648}
2026-06-01 12:58:46.636 - [robot_6_log_20260601_125830.csv] - DEBUG - Posición actualizada por visión: x=221.47, y=11.92, θ=-2.72
2026-06-01 12:58:46.636 - [robot_6_log_20260601_125830.csv] - DEBUG - Frecuencia: 160.79 Hz | Latencia Red/Proc: 5.70 ms
2026-06-01 12:58:46.636 - [robot_6_log_20260601_125830.csv] - DEBUG - Incoming data. Topic 6/pos, mensaje {"x": 221.47, "y": 11.92, "yaw": -2.722, "timestamp": 1780311526.6311648}
2026-06-01 12:58:46.636 - [robot_6_log_20260601_125830.csv] - DEBUG - Posición actualizada por visión: x=221.47, y=11.92, θ=-2.72
2026-06-01 12:58:46.636 - [robot_6_log_20260601_125830.csv] - DEBUG - Frecuencia: 13148.29 Hz | Latencia Red/Proc: 5.78 ms
2026-06-01 12:58:46.644 - [robot_6_log_20260601_125830.csv] - INFO - Usando posición VISION: x=221.47, y=11.92, θ=-2.72
2026-06-01 12:58:46.644 - [robot_6_log_20260601_125830.csv] - INFO - Distancias a paredes: Left: 221.47, Right: 228.53, Top: 128.08, Bottom: 11.92
2026-06-01 12:58:46.644 - [robot_6_log_20260601_125830.csv] - INFO - Posicion: 221.47, 11.92, -2.722 | Velocidad: 0.4073884757377513, -0.9132549643095688
2026-06-01 12:58:46.644 - [robot_6_log_20260601_125830.csv] - INFO - ABAJO
2026-06-01 12:58:46.644 - [robot_6_log_20260601_125830.csv] - WARNING - Estado FSM: ESPERANDO_GIRO | Target Wall: ABAJO | Target Theta: 155.90° |theta: -155.95911183461007 
2026-06-01 12:58:46.694 - [robot_6_log_20260601_125830.csv] - INFO - Usando posición VISION: x=221.47, y=11.92, θ=-2.72
2026-06-01 12:58:46.694 - [robot_6_log_20260601_125830.csv] - INFO - Distancias a paredes: Left: 221.47, Right: 228.53, Top: 128.08, Bottom: 11.92
2026-06-01 12:58:46.694 - [robot_6_log_20260601_125830.csv] - INFO - Posicion: 221.47, 11.92, -2.722 | Velocidad: 0.4073884757377513, -0.9132549643095688
2026-06-01 12:58:46.694 - [robot_6_log_20260601_125830.csv] - INFO - ABAJO
2026-06-01 12:58:46.694 - [robot_6_log_20260601_125830.csv] - WARNING - Estado FSM: ESPERANDO_GIRO | Target Wall: ABAJO | Target Theta: 155.90° |theta: -155.95911183461007 
2026-06-01 12:58:46.718 - [robot_6_log_20260601_125830.csv] - DEBUG - Incoming data. Topic agent/6/wheel, mensaje {"Wleft":5.684341886e-15,"Wright":20}
2026-06-01 12:58:46.728 - [robot_6_log_20260601_125830.csv] - DEBUG - Incoming data. Topic 6/pos, mensaje {"x": 221.38, "y": 11.92, "yaw": -2.716, "timestamp": 1780311526.7204373}
2026-06-01 12:58:46.744 - [robot_6_log_20260601_125830.csv] - INFO - Usando posición VISION: x=221.47, y=11.92, θ=-2.72
2026-06-01 12:58:46.744 - [robot_6_log_20260601_125830.csv] - DEBUG - Posición actualizada por visión: x=221.38, y=11.92, θ=-2.72
2026-06-01 12:58:46.744 - [robot_6_log_20260601_125830.csv] - INFO - Distancias a paredes: Left: 221.47, Right: 228.53, Top: 128.08, Bottom: 11.92
2026-06-01 12:58:46.744 - [robot_6_log_20260601_125830.csv] - DEBUG - Frecuencia: 9.31 Hz | Latencia Red/Proc: 23.93 ms
2026-06-01 12:58:46.744 - [robot_6_log_20260601_125830.csv] - INFO - Posicion: 221.47, 11.92, -2.722 | Velocidad: 0.4073884757377513, -0.9132549643095688
2026-06-01 12:58:46.744 - [robot_6_log_20260601_125830.csv] - INFO - ABAJO
2026-06-01 12:58:46.744 - [robot_6_log_20260601_125830.csv] - DEBUG - Incoming data. Topic 6/pos, mensaje {"x": 221.38, "y": 11.92, "yaw": -2.716, "timestamp": 1780311526.7204373}
2026-06-01 12:58:46.744 - [robot_6_log_20260601_125830.csv] - WARNING - Estado FSM: ESPERANDO_GIRO | Target Wall: ABAJO | Target Theta: 155.90° |theta: -155.95911183461007 
2026-06-01 12:58:46.744 - [robot_6_log_20260601_125830.csv] - DEBUG - Posición actualizada por visión: x=221.38, y=11.92, θ=-2.72
2026-06-01 12:58:46.754 - [robot_6_log_20260601_125830.csv] - DEBUG - Frecuencia: 96.40 Hz | Latencia Red/Proc: 34.30 ms
2026-06-01 12:58:46.765 - [robot_6_log_20260601_125830.csv] - DEBUG - Incoming data. Topic 6/pos, mensaje {"x": 221.38, "y": 11.92, "yaw": -2.716, "timestamp": 1780311526.7313864}
2026-06-01 12:58:46.771 - [robot_6_log_20260601_125830.csv] - DEBUG - Posición actualizada por visión: x=221.38, y=11.92, θ=-2.72
2026-06-01 12:58:46.776 - [robot_6_log_20260601_125830.csv] - DEBUG - Frecuencia: 46.53 Hz | Latencia Red/Proc: 44.84 ms
2026-06-01 12:58:46.781 - [robot_6_log_20260601_125830.csv] - DEBUG - Incoming data. Topic 6/pos, mensaje {"x": 221.38, "y": 11.92, "yaw": -2.716, "timestamp": 1780311526.7313864}
2026-06-01 12:58:46.787 - [robot_6_log_20260601_125830.csv] - DEBUG - Posición actualizada por visión: x=221.38, y=11.92, θ=-2.72
2026-06-01 12:58:46.792 - [robot_6_log_20260601_125830.csv] - DEBUG - Frecuencia: 60.89 Hz | Latencia Red/Proc: 61.27 ms
2026-06-01 12:58:46.794 - [robot_6_log_20260601_125830.csv] - INFO - Usando posición VISION: x=221.38, y=11.92, θ=-2.72
2026-06-01 12:58:46.794 - [robot_6_log_20260601_125830.csv] - INFO - Distancias a paredes: Left: 221.38, Right: 228.62, Top: 128.08, Bottom: 11.92
2026-06-01 12:58:46.794 - [robot_6_log_20260601_125830.csv] - INFO - Posicion: 221.38, 11.92, -2.716 | Velocidad: 0.4128606396759246, -0.9107942095810592
2026-06-01 12:58:46.794 - [robot_6_log_20260601_125830.csv] - INFO - ABAJO
2026-06-01 12:58:46.794 - [robot_6_log_20260601_125830.csv] - DEBUG - Incoming data. Topic agent/6/wheel, mensaje {"Wleft":5.684341886e-15,"Wright":20}
2026-06-01 12:58:46.794 - [robot_6_log_20260601_125830.csv] - WARNING - Estado FSM: ESPERANDO_GIRO | Target Wall: ABAJO | Target Theta: 155.90° |theta: -155.6153371575316 
2026-06-01 12:58:46.830 - [robot_6_log_20260601_125830.csv] - DEBUG - Incoming data. Topic 6/pos, mensaje {"x": 221.26, "y": 11.99, "yaw": -2.721, "timestamp": 1780311526.8209186}
2026-06-01 12:58:46.835 - [robot_6_log_20260601_125830.csv] - DEBUG - Posición actualizada por visión: x=221.26, y=11.99, θ=-2.72
2026-06-01 12:58:46.840 - [robot_6_log_20260601_125830.csv] - DEBUG - Frecuencia: 20.93 Hz | Latencia Red/Proc: 19.52 ms
2026-06-01 12:58:46.844 - [robot_6_log_20260601_125830.csv] - INFO - Usando posición VISION: x=221.26, y=11.99, θ=-2.72
2026-06-01 12:58:46.844 - [robot_6_log_20260601_125830.csv] - DEBUG - Incoming data. Topic 6/pos, mensaje {"x": 221.26, "y": 11.99, "yaw": -2.721, "timestamp": 1780311526.8209186}
2026-06-01 12:58:46.844 - [robot_6_log_20260601_125830.csv] - INFO - Distancias a paredes: Left: 221.26, Right: 228.74, Top: 128.01, Bottom: 11.99
2026-06-01 12:58:46.844 - [robot_6_log_20260601_125830.csv] - DEBUG - Posición actualizada por visión: x=221.26, y=11.99, θ=-2.72
2026-06-01 12:58:46.844 - [robot_6_log_20260601_125830.csv] - INFO - Posicion: 221.26, 11.99, -2.721 | Velocidad: 0.4083015268556307, -0.912847119274285
2026-06-01 12:58:46.844 - [robot_6_log_20260601_125830.csv] - DEBUG - Frecuencia: 254.52 Hz | Latencia Red/Proc: 23.45 ms
2026-06-01 12:58:46.844 - [robot_6_log_20260601_125830.csv] - INFO - ABAJO
2026-06-01 12:58:46.844 - [robot_6_log_20260601_125830.csv] - DEBUG - Incoming data. Topic 6/pos, mensaje {"x": 221.26, "y": 11.99, "yaw": -2.721, "timestamp": 1780311526.829828}
2026-06-01 12:58:46.844 - [robot_6_log_20260601_125830.csv] - WARNING - Estado FSM: ESPERANDO_GIRO | Target Wall: ABAJO | Target Theta: 155.90° |theta: -155.90181605509702 
2026-06-01 12:58:46.844 - [robot_6_log_20260601_125830.csv] - DEBUG - Posición actualizada por visión: x=221.26, y=11.99, θ=-2.72
2026-06-01 12:58:46.849 - [robot_6_log_20260601_125830.csv] - DEBUG - Frecuencia: 187.91 Hz | Latencia Red/Proc: 19.87 ms
2026-06-01 12:58:46.849 - [robot_6_log_20260601_125830.csv] - DEBUG - Incoming data. Topic 6/pos, mensaje {"x": 221.26, "y": 11.99, "yaw": -2.721, "timestamp": 1780311526.829828}
2026-06-01 12:58:46.849 - [robot_6_log_20260601_125830.csv] - DEBUG - Posición actualizada por visión: x=221.26, y=11.99, θ=-2.72
2026-06-01 12:58:46.849 - [robot_6_log_20260601_125830.csv] - DEBUG - Frecuencia: 7516.67 Hz | Latencia Red/Proc: 20.00 ms
2026-06-01 12:58:46.894 - [robot_6_log_20260601_125830.csv] - INFO - Usando posición VISION: x=221.26, y=11.99, θ=-2.72
2026-06-01 12:58:46.894 - [robot_6_log_20260601_125830.csv] - INFO - Distancias a paredes: Left: 221.26, Right: 228.74, Top: 128.01, Bottom: 11.99
2026-06-01 12:58:46.894 - [robot_6_log_20260601_125830.csv] - INFO - Posicion: 221.26, 11.99, -2.721 | Velocidad: 0.4083015268556307, -0.912847119274285
2026-06-01 12:58:46.894 - [robot_6_log_20260601_125830.csv] - INFO - ABAJO
2026-06-01 12:58:46.894 - [robot_6_log_20260601_125830.csv] - WARNING - Estado FSM: ESPERANDO_GIRO | Target Wall: ABAJO | Target Theta: 155.90° |theta: -155.90181605509702 
2026-06-01 12:58:46.925 - [robot_6_log_20260601_125830.csv] - DEBUG - Incoming data. Topic 6/pos, mensaje {"x": 221.2, "y": 12.04, "yaw": -2.723, "timestamp": 1780311526.919568}
2026-06-01 12:58:46.925 - [robot_6_log_20260601_125830.csv] - DEBUG - Posición actualizada por visión: x=221.20, y=12.04, θ=-2.72
2026-06-01 12:58:46.930 - [robot_6_log_20260601_125830.csv] - DEBUG - Frecuencia: 12.38 Hz | Latencia Red/Proc: 11.03 ms
2026-06-01 12:58:46.935 - [robot_6_log_20260601_125830.csv] - DEBUG - Incoming data. Topic 6/pos, mensaje {"x": 221.2, "y": 12.04, "yaw": -2.723, "timestamp": 1780311526.919568}
2026-06-01 12:58:46.940 - [robot_6_log_20260601_125830.csv] - DEBUG - Posición actualizada por visión: x=221.20, y=12.04, θ=-2.72
2026-06-01 12:58:46.944 - [robot_6_log_20260601_125830.csv] - INFO - Usando posición VISION: x=221.20, y=12.04, θ=-2.72
2026-06-01 12:58:46.944 - [robot_6_log_20260601_125830.csv] - DEBUG - Frecuencia: 73.51 Hz | Latencia Red/Proc: 24.64 ms
2026-06-01 12:58:46.944 - [robot_6_log_20260601_125830.csv] - INFO - Distancias a paredes: Left: 221.20, Right: 228.80, Top: 127.96, Bottom: 12.04
2026-06-01 12:58:46.944 - [robot_6_log_20260601_125830.csv] - INFO - Posicion: 221.2, 12.04, -2.723 | Velocidad: 0.4064750172314301, -0.9136618960899643
2026-06-01 12:58:46.944 - [robot_6_log_20260601_125830.csv] - INFO - ABAJO
2026-06-01 12:58:46.944 - [robot_6_log_20260601_125830.csv] - DEBUG - Incoming data. Topic 6/pos, mensaje {"x": 221.2, "y": 12.04, "yaw": -2.723, "timestamp": 1780311526.9280584}
2026-06-01 12:58:46.944 - [robot_6_log_20260601_125830.csv] - WARNING - Estado FSM: ESPERANDO_GIRO | Target Wall: ABAJO | Target Theta: 155.90° |theta: -156.01640761412315 
2026-06-01 12:58:46.944 - [robot_6_log_20260601_125830.csv] - DEBUG - Posición actualizada por visión: x=221.20, y=12.04, θ=-2.72
2026-06-01 12:58:46.954 - [robot_6_log_20260601_125830.csv] - DEBUG - Frecuencia: 96.00 Hz | Latencia Red/Proc: 26.56 ms
2026-06-01 12:58:46.970 - [robot_6_log_20260601_125830.csv] - DEBUG - Incoming data. Topic agent/6/wheel, mensaje {"Wleft":5.684341886e-15,"Wright":20}
2026-06-01 12:58:46.970 - [robot_6_log_20260601_125830.csv] - DEBUG - Incoming data. Topic 6/pos, mensaje {"x": 221.2, "y": 12.04, "yaw": -2.723, "timestamp": 1780311526.9280584}
2026-06-01 12:58:46.971 - [robot_6_log_20260601_125830.csv] - DEBUG - Posición actualizada por visión: x=221.20, y=12.04, θ=-2.72
2026-06-01 12:58:46.981 - [robot_6_log_20260601_125830.csv] - DEBUG - Frecuencia: 37.71 Hz | Latencia Red/Proc: 53.08 ms
2026-06-01 12:58:46.994 - [robot_6_log_20260601_125830.csv] - INFO - Usando posición VISION: x=221.20, y=12.04, θ=-2.72
2026-06-01 12:58:46.994 - [robot_6_log_20260601_125830.csv] - INFO - Distancias a paredes: Left: 221.20, Right: 228.80, Top: 127.96, Bottom: 12.04
2026-06-01 12:58:46.994 - [robot_6_log_20260601_125830.csv] - INFO - Posicion: 221.2, 12.04, -2.723 | Velocidad: 0.4064750172314301, -0.9136618960899643
2026-06-01 12:58:46.994 - [robot_6_log_20260601_125830.csv] - INFO - ABAJO
2026-06-01 12:58:46.994 - [robot_6_log_20260601_125830.csv] - WARNING - Estado FSM: ESPERANDO_GIRO | Target Wall: ABAJO | Target Theta: 155.90° |theta: -156.01640761412315 
2026-06-01 12:58:46.999 - [robot_6_log_20260601_125830.csv] - DEBUG - Incoming data. Topic agent/6/wheel, mensaje {"Wleft":5.684341886e-15,"Wright":20}
2026-06-01 12:58:47.028 - [robot_6_log_20260601_125830.csv] - DEBUG - Incoming data. Topic 6/pos, mensaje {"x": 221.15, "y": 12.06, "yaw": -2.719, "timestamp": 1780311527.0194542}
2026-06-01 12:58:47.034 - [robot_6_log_20260601_125830.csv] - DEBUG - Posición actualizada por visión: x=221.15, y=12.06, θ=-2.72
2026-06-01 12:58:47.039 - [robot_6_log_20260601_125830.csv] - DEBUG - Frecuencia: 17.21 Hz | Latencia Red/Proc: 19.80 ms
2026-06-01 12:58:47.044 - [robot_6_log_20260601_125830.csv] - INFO - Usando posición VISION: x=221.15, y=12.06, θ=-2.72
2026-06-01 12:58:47.044 - [robot_6_log_20260601_125830.csv] - INFO - Distancias a paredes: Left: 221.15, Right: 228.85, Top: 127.94, Bottom: 12.06
2026-06-01 12:58:47.044 - [robot_6_log_20260601_125830.csv] - INFO - Posicion: 221.15, 12.06, -2.719 | Velocidad: 0.41012640327426875, -0.9120286910713455
2026-06-01 12:58:47.044 - [robot_6_log_20260601_125830.csv] - INFO - ABAJO
2026-06-01 12:58:47.044 - [robot_6_log_20260601_125830.csv] - DEBUG - Incoming data. Topic 6/pos, mensaje {"x": 221.15, "y": 12.06, "yaw": -2.719, "timestamp": 1780311527.0194542}
2026-06-01 12:58:47.044 - [robot_6_log_20260601_125830.csv] - WARNING - Estado FSM: ESPERANDO_GIRO | Target Wall: ABAJO | Target Theta: 155.90° |theta: -155.78722449607082 
2026-06-01 12:58:47.044 - [robot_6_log_20260601_125830.csv] - DEBUG - Posición actualizada por visión: x=221.15, y=12.06, θ=-2.72
2026-06-01 12:58:47.054 - [robot_6_log_20260601_125830.csv] - DEBUG - Frecuencia: 65.37 Hz | Latencia Red/Proc: 35.10 ms
2026-06-01 12:58:47.070 - [robot_6_log_20260601_125830.csv] - DEBUG - Incoming data. Topic 6/pos, mensaje {"x": 221.15, "y": 12.06, "yaw": -2.719, "timestamp": 1780311527.028133}
2026-06-01 12:58:47.075 - [robot_6_log_20260601_125830.csv] - DEBUG - Posición actualizada por visión: x=221.15, y=12.06, θ=-2.72
2026-06-01 12:58:47.081 - [robot_6_log_20260601_125830.csv] - DEBUG - Frecuencia: 37.71 Hz | Latencia Red/Proc: 52.94 ms
2026-06-01 12:58:47.092 - [robot_6_log_20260601_125830.csv] - DEBUG - Incoming data. Topic 6/pos, mensaje {"x": 221.15, "y": 12.06, "yaw": -2.719, "timestamp": 1780311527.028133}
2026-06-01 12:58:47.094 - [robot_6_log_20260601_125830.csv] - INFO - Usando posición VISION: x=221.15, y=12.06, θ=-2.72
2026-06-01 12:58:47.094 - [robot_6_log_20260601_125830.csv] - DEBUG - Posición actualizada por visión: x=221.15, y=12.06, θ=-2.72
2026-06-01 12:58:47.094 - [robot_6_log_20260601_125830.csv] - INFO - Distancias a paredes: Left: 221.15, Right: 228.85, Top: 127.94, Bottom: 12.06
2026-06-01 12:58:47.094 - [robot_6_log_20260601_125830.csv] - DEBUG - Frecuencia: 75.54 Hz | Latencia Red/Proc: 66.18 ms
2026-06-01 12:58:47.094 - [robot_6_log_20260601_125830.csv] - INFO - Posicion: 221.15, 12.06, -2.719 | Velocidad: 0.41012640327426875, -0.9120286910713455
2026-06-01 12:58:47.094 - [robot_6_log_20260601_125830.csv] - INFO - ABAJO
2026-06-01 12:58:47.094 - [robot_6_log_20260601_125830.csv] - DEBUG - Incoming data. Topic agent/6/wheel, mensaje {"Wleft":5.684341886e-15,"Wright":20}
2026-06-01 12:58:47.094 - [robot_6_log_20260601_125830.csv] - WARNING - Estado FSM: ESPERANDO_GIRO | Target Wall: ABAJO | Target Theta: 155.90° |theta: -155.78722449607082 
2026-06-01 12:58:47.129 - [robot_6_log_20260601_125830.csv] - DEBUG - Incoming data. Topic 6/pos, mensaje {"x": 221.19, "y": 12.05, "yaw": -2.724, "timestamp": 1780311527.1197913}
2026-06-01 12:58:47.130 - [robot_6_log_20260601_125830.csv] - DEBUG - Posición actualizada por visión: x=221.19, y=12.05, θ=-2.72
2026-06-01 12:58:47.135 - [robot_6_log_20260601_125830.csv] - DEBUG - Frecuencia: 24.50 Hz | Latencia Red/Proc: 15.34 ms
2026-06-01 12:58:47.144 - [robot_6_log_20260601_125830.csv] - INFO - Usando posición VISION: x=221.19, y=12.05, θ=-2.72
2026-06-01 12:58:47.144 - [robot_6_log_20260601_125830.csv] - DEBUG - Incoming data. Topic 6/pos, mensaje {"x": 221.19, "y": 12.05, "yaw": -2.724, "timestamp": 1780311527.1197913}
2026-06-01 12:58:47.144 - [robot_6_log_20260601_125830.csv] - INFO - Distancias a paredes: Left: 221.19, Right: 228.81, Top: 127.95, Bottom: 12.05
2026-06-01 12:58:47.144 - [robot_6_log_20260601_125830.csv] - DEBUG - Posición actualizada por visión: x=221.19, y=12.05, θ=-2.72
2026-06-01 12:58:47.144 - [robot_6_log_20260601_125830.csv] - INFO - Posicion: 221.19, 12.05, -2.724 | Velocidad: 0.4055611522501251, -0.9140679142085399
2026-06-01 12:58:47.144 - [robot_6_log_20260601_125830.csv] - DEBUG - Frecuencia: 109.20 Hz | Latencia Red/Proc: 24.49 ms
2026-06-01 12:58:47.144 - [robot_6_log_20260601_125830.csv] - INFO - ABAJO
2026-06-01 12:58:47.144 - [robot_6_log_20260601_125830.csv] - DEBUG - Incoming data. Topic 6/pos, mensaje {"x": 221.19, "y": 12.05, "yaw": -2.724, "timestamp": 1780311527.12857}
2026-06-01 12:58:47.144 - [robot_6_log_20260601_125830.csv] - DEBUG - Posición actualizada por visión: x=221.19, y=12.05, θ=-2.72
2026-06-01 12:58:47.144 - [robot_6_log_20260601_125830.csv] - DEBUG - Frecuencia: 8542.37 Hz | Latencia Red/Proc: 15.83 ms
2026-06-01 12:58:47.144 - [robot_6_log_20260601_125830.csv] - WARNING - Estado FSM: ESPERANDO_GIRO | Target Wall: ABAJO | Target Theta: 155.90° |theta: -156.07370339363626 
2026-06-01 12:58:47.149 - [robot_6_log_20260601_125830.csv] - DEBUG - Incoming data. Topic 6/pos, mensaje {"x": 221.19, "y": 12.05, "yaw": -2.724, "timestamp": 1780311527.12857}
2026-06-01 12:58:47.155 - [robot_6_log_20260601_125830.csv] - DEBUG - Posición actualizada por visión: x=221.19, y=12.05, θ=-2.72
2026-06-01 12:58:47.155 - [robot_6_log_20260601_125830.csv] - DEBUG - Frecuencia: 88.56 Hz | Latencia Red/Proc: 27.12 ms
2026-06-01 12:58:47.194 - [robot_6_log_20260601_125830.csv] - INFO - Usando posición VISION: x=221.19, y=12.05, θ=-2.72
2026-06-01 12:58:47.194 - [robot_6_log_20260601_125830.csv] - INFO - Distancias a paredes: Left: 221.19, Right: 228.81, Top: 127.95, Bottom: 12.05
2026-06-01 12:58:47.194 - [robot_6_log_20260601_125830.csv] - INFO - Posicion: 221.19, 12.05, -2.724 | Velocidad: 0.4055611522501251, -0.9140679142085399
2026-06-01 12:58:47.194 - [robot_6_log_20260601_125830.csv] - INFO - ABAJO
2026-06-01 12:58:47.194 - [robot_6_log_20260601_125830.csv] - WARNING - Estado FSM: ESPERANDO_GIRO | Target Wall: ABAJO | Target Theta: 155.90° |theta: -156.07370339363626 
2026-06-01 12:58:47.225 - [robot_6_log_20260601_125830.csv] - DEBUG - Incoming data. Topic 6/pos, mensaje {"x": 221.25, "y": 12.0, "yaw": -2.721, "timestamp": 1780311527.2202413}
2026-06-01 12:58:47.230 - [robot_6_log_20260601_125830.csv] - DEBUG - Posición actualizada por visión: x=221.25, y=12.00, θ=-2.72
2026-06-01 12:58:47.235 - [robot_6_log_20260601_125830.csv] - DEBUG - Frecuencia: 12.51 Hz | Latencia Red/Proc: 15.40 ms
2026-06-01 12:58:47.235 - [robot_6_log_20260601_125830.csv] - DEBUG - Incoming data. Topic 6/pos, mensaje {"x": 221.25, "y": 12.0, "yaw": -2.721, "timestamp": 1780311527.2202413}
2026-06-01 12:58:47.235 - [robot_6_log_20260601_125830.csv] - DEBUG - Posición actualizada por visión: x=221.25, y=12.00, θ=-2.72
2026-06-01 12:58:47.235 - [robot_6_log_20260601_125830.csv] - DEBUG - Frecuencia: 7345.54 Hz | Latencia Red/Proc: 15.54 ms
2026-06-01 12:58:47.235 - [robot_6_log_20260601_125830.csv] - DEBUG - Incoming data. Topic 6/pos, mensaje {"x": 221.25, "y": 12.0, "yaw": -2.721, "timestamp": 1780311527.2313468}
2026-06-01 12:58:47.235 - [robot_6_log_20260601_125830.csv] - DEBUG - Posición actualizada por visión: x=221.25, y=12.00, θ=-2.72
2026-06-01 12:58:47.235 - [robot_6_log_20260601_125830.csv] - DEBUG - Frecuencia: 24244.53 Hz | Latencia Red/Proc: 4.47 ms
2026-06-01 12:58:47.244 - [robot_6_log_20260601_125830.csv] - INFO - Usando posición VISION: x=221.25, y=12.00, θ=-2.72
2026-06-01 12:58:47.244 - [robot_6_log_20260601_125830.csv] - INFO - Distancias a paredes: Left: 221.25, Right: 228.75, Top: 128.00, Bottom: 12.00
2026-06-01 12:58:47.244 - [robot_6_log_20260601_125830.csv] - INFO - Posicion: 221.25, 12.0, -2.721 | Velocidad: 0.4083015268556307, -0.912847119274285
2026-06-01 12:58:47.244 - [robot_6_log_20260601_125830.csv] - INFO - ABAJO
2026-06-01 12:58:47.244 - [robot_6_log_20260601_125830.csv] - DEBUG - Incoming data. Topic agent/6/wheel, mensaje {"Wleft":5.684341886e-15,"Wright":20}
2026-06-01 12:58:47.244 - [robot_6_log_20260601_125830.csv] - WARNING - Estado FSM: ESPERANDO_GIRO | Target Wall: ABAJO | Target Theta: 155.90° |theta: -155.90181605509702 
2026-06-01 12:58:47.274 - [robot_6_log_20260601_125830.csv] - DEBUG - Incoming data. Topic 6/pos, mensaje {"x": 221.25, "y": 12.0, "yaw": -2.721, "timestamp": 1780311527.2313468}
2026-06-01 12:58:47.280 - [robot_6_log_20260601_125830.csv] - DEBUG - Posición actualizada por visión: x=221.25, y=12.00, θ=-2.72
2026-06-01 12:58:47.286 - [robot_6_log_20260601_125830.csv] - DEBUG - Frecuencia: 19.83 Hz | Latencia Red/Proc: 54.91 ms
2026-06-01 12:58:47.294 - [robot_6_log_20260601_125830.csv] - INFO - Usando posición VISION: x=221.25, y=12.00, θ=-2.72
2026-06-01 12:58:47.294 - [robot_6_log_20260601_125830.csv] - INFO - Distancias a paredes: Left: 221.25, Right: 228.75, Top: 128.00, Bottom: 12.00
2026-06-01 12:58:47.294 - [robot_6_log_20260601_125830.csv] - INFO - Posicion: 221.25, 12.0, -2.721 | Velocidad: 0.4083015268556307, -0.912847119274285
2026-06-01 12:58:47.294 - [robot_6_log_20260601_125830.csv] - INFO - ABAJO
2026-06-01 12:58:47.294 - [robot_6_log_20260601_125830.csv] - WARNING - Estado FSM: ESPERANDO_GIRO | Target Wall: ABAJO | Target Theta: 155.90° |theta: -155.90181605509702 
2026-06-01 12:58:47.299 - [robot_6_log_20260601_125830.csv] - DEBUG - Incoming data. Topic agent/6/wheel, mensaje {"Wleft":5.684341886e-15,"Wright":20}
2026-06-01 12:58:47.344 - [robot_6_log_20260601_125830.csv] - INFO - Usando posición VISION: x=221.25, y=12.00, θ=-2.72
2026-06-01 12:58:47.344 - [robot_6_log_20260601_125830.csv] - DEBUG - Incoming data. Topic 6/pos, mensaje {"x": 221.25, "y": 12.01, "yaw": -2.716, "timestamp": 1780311527.3229277}
2026-06-01 12:58:47.344 - [robot_6_log_20260601_125830.csv] - INFO - Distancias a paredes: Left: 221.25, Right: 228.75, Top: 128.00, Bottom: 12.00
2026-06-01 12:58:47.344 - [robot_6_log_20260601_125830.csv] - DEBUG - Posición actualizada por visión: x=221.25, y=12.01, θ=-2.72
2026-06-01 12:58:47.344 - [robot_6_log_20260601_125830.csv] - INFO - Posicion: 221.25, 12.0, -2.721 | Velocidad: 0.4083015268556307, -0.912847119274285
2026-06-01 12:58:47.344 - [robot_6_log_20260601_125830.csv] - DEBUG - Frecuencia: 17.17 Hz | Latencia Red/Proc: 21.56 ms
2026-06-01 12:58:47.344 - [robot_6_log_20260601_125830.csv] - INFO - ABAJO
2026-06-01 12:58:47.344 - [robot_6_log_20260601_125830.csv] - DEBUG - Incoming data. Topic 6/pos, mensaje {"x": 221.25, "y": 12.01, "yaw": -2.716, "timestamp": 1780311527.3229277}
2026-06-01 12:58:47.344 - [robot_6_log_20260601_125830.csv] - WARNING - Estado FSM: ESPERANDO_GIRO | Target Wall: ABAJO | Target Theta: 155.90° |theta: -155.90181605509702 
2026-06-01 12:58:47.344 - [robot_6_log_20260601_125830.csv] - DEBUG - Posición actualizada por visión: x=221.25, y=12.01, θ=-2.72
2026-06-01 12:58:47.349 - [robot_6_log_20260601_125830.csv] - DEBUG - Frecuencia: 186.01 Hz | Latencia Red/Proc: 26.93 ms
2026-06-01 12:58:47.354 - [robot_6_log_20260601_125830.csv] - DEBUG - Incoming data. Topic 6/pos, mensaje {"x": 221.25, "y": 12.01, "yaw": -2.716, "timestamp": 1780311527.3332202}
2026-06-01 12:58:47.360 - [robot_6_log_20260601_125830.csv] - DEBUG - Posición actualizada por visión: x=221.25, y=12.01, θ=-2.72
2026-06-01 12:58:47.360 - [robot_6_log_20260601_125830.csv] - DEBUG - Frecuencia: 98.25 Hz | Latencia Red/Proc: 26.82 ms
2026-06-01 12:58:47.360 - [robot_6_log_20260601_125830.csv] - DEBUG - Incoming data. Topic 6/pos, mensaje {"x": 221.25, "y": 12.01, "yaw": -2.716, "timestamp": 1780311527.3332202}
2026-06-01 12:58:47.360 - [robot_6_log_20260601_125830.csv] - DEBUG - Posición actualizada por visión: x=221.25, y=12.01, θ=-2.72
2026-06-01 12:58:47.360 - [robot_6_log_20260601_125830.csv] - DEBUG - Frecuencia: 27594.11 Hz | Latencia Red/Proc: 26.86 ms
2026-06-01 12:58:47.394 - [robot_6_log_20260601_125830.csv] - INFO - Usando posición VISION: x=221.25, y=12.01, θ=-2.72
2026-06-01 12:58:47.394 - [robot_6_log_20260601_125830.csv] - INFO - Distancias a paredes: Left: 221.25, Right: 228.75, Top: 127.99, Bottom: 12.01
2026-06-01 12:58:47.394 - [robot_6_log_20260601_125830.csv] - INFO - Posicion: 221.25, 12.01, -2.716 | Velocidad: 0.4128606396759246, -0.9107942095810592
2026-06-01 12:58:47.394 - [robot_6_log_20260601_125830.csv] - INFO - ABAJO
2026-06-01 12:58:47.394 - [robot_6_log_20260601_125830.csv] - WARNING - Estado FSM: ESPERANDO_GIRO | Target Wall: ABAJO | Target Theta: 155.90° |theta: -155.6153371575316 
2026-06-01 12:58:47.430 - [robot_6_log_20260601_125830.csv] - DEBUG - Incoming data. Topic 6/pos, mensaje {"x": 221.28, "y": 11.98, "yaw": -2.71, "timestamp": 1780311527.4194596}
2026-06-01 12:58:47.435 - [robot_6_log_20260601_125830.csv] - DEBUG - Posición actualizada por visión: x=221.28, y=11.98, θ=-2.71
2026-06-01 12:58:47.440 - [robot_6_log_20260601_125830.csv] - DEBUG - Frecuencia: 12.43 Hz | Latencia Red/Proc: 21.08 ms
2026-06-01 12:58:47.444 - [robot_6_log_20260601_125830.csv] - INFO - Usando posición VISION: x=221.28, y=11.98, θ=-2.71
2026-06-01 12:58:47.444 - [robot_6_log_20260601_125830.csv] - INFO - Distancias a paredes: Left: 221.28, Right: 228.72, Top: 128.02, Bottom: 11.98
2026-06-01 12:58:47.444 - [robot_6_log_20260601_125830.csv] - INFO - Posicion: 221.28, 11.98, -2.71 | Velocidad: 0.418317940675659, -0.9083006663593701
2026-06-01 12:58:47.444 - [robot_6_log_20260601_125830.csv] - INFO - ABAJO
2026-06-01 12:58:47.444 - [robot_6_log_20260601_125830.csv] - DEBUG - Incoming data. Topic 6/pos, mensaje {"x": 221.28, "y": 11.98, "yaw": -2.71, "timestamp": 1780311527.4194596}
2026-06-01 12:58:47.444 - [robot_6_log_20260601_125830.csv] - WARNING - Estado FSM: ESPERANDO_GIRO | Target Wall: ABAJO | Target Theta: 155.90° |theta: -155.2715624804531 
2026-06-01 12:58:47.444 - [robot_6_log_20260601_125830.csv] - DEBUG - Posición actualizada por visión: x=221.28, y=11.98, θ=-2.71
2026-06-01 12:58:47.454 - [robot_6_log_20260601_125830.csv] - DEBUG - Frecuencia: 71.11 Hz | Latencia Red/Proc: 35.15 ms
2026-06-01 12:58:47.459 - [robot_6_log_20260601_125830.csv] - DEBUG - Incoming data. Topic 6/pos, mensaje {"x": 221.28, "y": 11.98, "yaw": -2.71, "timestamp": 1780311527.429149}
2026-06-01 12:58:47.464 - [robot_6_log_20260601_125830.csv] - DEBUG - Posición actualizada por visión: x=221.28, y=11.98, θ=-2.71
2026-06-01 12:58:47.471 - [robot_6_log_20260601_125830.csv] - DEBUG - Frecuencia: 60.76 Hz | Latencia Red/Proc: 41.91 ms
2026-06-01 12:58:47.481 - [robot_6_log_20260601_125830.csv] - DEBUG - Incoming data. Topic agent/6/wheel, mensaje {"Wleft":5.684341886e-15,"Wright":20}
2026-06-01 12:58:47.486 - [robot_6_log_20260601_125830.csv] - DEBUG - Incoming data. Topic 6/pos, mensaje {"x": 221.28, "y": 11.98, "yaw": -2.71, "timestamp": 1780311527.429149}
2026-06-01 12:58:47.486 - [robot_6_log_20260601_125830.csv] - DEBUG - Posición actualizada por visión: x=221.28, y=11.98, θ=-2.71
2026-06-01 12:58:47.491 - [robot_6_log_20260601_125830.csv] - DEBUG - Frecuencia: 48.78 Hz | Latencia Red/Proc: 62.41 ms
2026-06-01 12:58:47.494 - [robot_6_log_20260601_125830.csv] - INFO - Usando posición VISION: x=221.28, y=11.98, θ=-2.71
2026-06-01 12:58:47.494 - [robot_6_log_20260601_125830.csv] - INFO - Distancias a paredes: Left: 221.28, Right: 228.72, Top: 128.02, Bottom: 11.98
2026-06-01 12:58:47.494 - [robot_6_log_20260601_125830.csv] - INFO - Posicion: 221.28, 11.98, -2.71 | Velocidad: 0.418317940675659, -0.9083006663593701
2026-06-01 12:58:47.494 - [robot_6_log_20260601_125830.csv] - INFO - ABAJO
2026-06-01 12:58:47.494 - [robot_6_log_20260601_125830.csv] - WARNING - Estado FSM: ESPERANDO_GIRO | Target Wall: ABAJO | Target Theta: 155.90° |theta: -155.2715624804531 
2026-06-01 12:58:47.505 - [robot_6_log_20260601_125830.csv] - DEBUG - Incoming data. Topic agent/6/wheel, mensaje {"Wleft":5.684341886e-15,"Wright":20}
2026-06-01 12:58:47.523 - [robot_6_log_20260601_125830.csv] - DEBUG - Incoming data. Topic 6/pos, mensaje {"x": 221.35, "y": 11.97, "yaw": -2.704, "timestamp": 1780311527.5199032}
2026-06-01 12:58:47.528 - [robot_6_log_20260601_125830.csv] - DEBUG - Posición actualizada por visión: x=221.35, y=11.97, θ=-2.70
2026-06-01 12:58:47.528 - [robot_6_log_20260601_125830.csv] - DEBUG - Frecuencia: 27.32 Hz | Latencia Red/Proc: 8.26 ms
2026-06-01 12:58:47.539 - [robot_6_log_20260601_125830.csv] - DEBUG - Incoming data. Topic 6/pos, mensaje {"x": 221.35, "y": 11.97, "yaw": -2.704, "timestamp": 1780311527.5199032}
2026-06-01 12:58:47.544 - [robot_6_log_20260601_125830.csv] - INFO - Usando posición VISION: x=221.35, y=11.97, θ=-2.70
2026-06-01 12:58:47.544 - [robot_6_log_20260601_125830.csv] - DEBUG - Posición actualizada por visión: x=221.35, y=11.97, θ=-2.70
2026-06-01 12:58:47.544 - [robot_6_log_20260601_125830.csv] - INFO - Distancias a paredes: Left: 221.35, Right: 228.65, Top: 128.03, Bottom: 11.97
2026-06-01 12:58:47.544 - [robot_6_log_20260601_125830.csv] - DEBUG - Frecuencia: 61.98 Hz | Latencia Red/Proc: 24.39 ms
2026-06-01 12:58:47.544 - [robot_6_log_20260601_125830.csv] - INFO - Posicion: 221.35, 11.97, -2.704 | Velocidad: 0.42376018227470685, -0.9057744244117888
2026-06-01 12:58:47.544 - [robot_6_log_20260601_125830.csv] - DEBUG - Incoming data. Topic 6/pos, mensaje {"x": 221.35, "y": 11.97, "yaw": -2.704, "timestamp": 1780311527.5290115}
2026-06-01 12:58:47.544 - [robot_6_log_20260601_125830.csv] - INFO - ABAJO
2026-06-01 12:58:47.544 - [robot_6_log_20260601_125830.csv] - DEBUG - Posición actualizada por visión: x=221.35, y=11.97, θ=-2.70
2026-06-01 12:58:47.544 - [robot_6_log_20260601_125830.csv] - DEBUG - Frecuencia: 6132.02 Hz | Latencia Red/Proc: 15.45 ms
2026-06-01 12:58:47.544 - [robot_6_log_20260601_125830.csv] - WARNING - Estado FSM: ESPERANDO_GIRO | Target Wall: ABAJO | Target Theta: 155.90° |theta: -154.9277878033746 
2026-06-01 12:58:47.549 - [robot_6_log_20260601_125830.csv] - DEBUG - Incoming data. Topic 6/pos, mensaje {"x": 221.35, "y": 11.97, "yaw": -2.704, "timestamp": 1780311527.5290115}
2026-06-01 12:58:47.549 - [robot_6_log_20260601_125830.csv] - DEBUG - Posición actualizada por visión: x=221.35, y=11.97, θ=-2.70
2026-06-01 12:58:47.549 - [robot_6_log_20260601_125830.csv] - DEBUG - Frecuencia: 195.78 Hz | Latencia Red/Proc: 20.56 ms
2026-06-01 12:58:47.594 - [robot_6_log_20260601_125830.csv] - INFO - Usando posición VISION: x=221.35, y=11.97, θ=-2.70
2026-06-01 12:58:47.594 - [robot_6_log_20260601_125830.csv] - INFO - Distancias a paredes: Left: 221.35, Right: 228.65, Top: 128.03, Bottom: 11.97
2026-06-01 12:58:47.594 - [robot_6_log_20260601_125830.csv] - INFO - Posicion: 221.35, 11.97, -2.704 | Velocidad: 0.42376018227470685, -0.9057744244117888
2026-06-01 12:58:47.594 - [robot_6_log_20260601_125830.csv] - INFO - ABAJO
2026-06-01 12:58:47.594 - [robot_6_log_20260601_125830.csv] - WARNING - Estado FSM: ESPERANDO_GIRO | Target Wall: ABAJO | Target Theta: 155.90° |theta: -154.9277878033746 
2026-06-01 12:58:47.619 - [robot_6_log_20260601_125830.csv] - DEBUG - Incoming data. Topic arena/boundaries, mensaje "{\"points\": [{\"x\": 14.77, \"y\": 15.69}, {\"x\": 310.78, \"y\": 27.9}, {\"x\": 280.36, \"y\": 162.35}, {\"x\": 38.46, \"y\": 161.44}]}"
2026-06-01 12:58:47.629 - [robot_6_log_20260601_125830.csv] - DEBUG - Incoming data. Topic arena/boundaries, mensaje "{\"points\": [{\"x\": 14.77, \"y\": 15.69}, {\"x\": 310.78, \"y\": 27.9}, {\"x\": 280.36, \"y\": 162.35}, {\"x\": 38.46, \"y\": 161.44}]}"
2026-06-01 12:58:47.629 - [robot_6_log_20260601_125830.csv] - DEBUG - Incoming data. Topic 6/pos, mensaje {"x": 221.43, "y": 11.96, "yaw": -2.704, "timestamp": 1780311527.6214886}
2026-06-01 12:58:47.634 - [robot_6_log_20260601_125830.csv] - DEBUG - Posición actualizada por visión: x=221.43, y=11.96, θ=-2.70
2026-06-01 12:58:47.635 - [robot_6_log_20260601_125830.csv] - DEBUG - Frecuencia: 11.70 Hz | Latencia Red/Proc: 13.53 ms
2026-06-01 12:58:47.635 - [robot_6_log_20260601_125830.csv] - DEBUG - Incoming data. Topic 6/pos, mensaje {"x": 221.43, "y": 11.96, "yaw": -2.704, "timestamp": 1780311527.6214886}
2026-06-01 12:58:47.635 - [robot_6_log_20260601_125830.csv] - DEBUG - Posición actualizada por visión: x=221.43, y=11.96, θ=-2.70
2026-06-01 12:58:47.635 - [robot_6_log_20260601_125830.csv] - DEBUG - Frecuencia: 11066.77 Hz | Latencia Red/Proc: 13.62 ms
2026-06-01 12:58:47.635 - [robot_6_log_20260601_125830.csv] - DEBUG - Incoming data. Topic 6/pos, mensaje {"x": 221.43, "y": 11.96, "yaw": -2.704, "timestamp": 1780311527.6294546}
2026-06-01 12:58:47.635 - [robot_6_log_20260601_125830.csv] - DEBUG - Posición actualizada por visión: x=221.43, y=11.96, θ=-2.70
2026-06-01 12:58:47.635 - [robot_6_log_20260601_125830.csv] - DEBUG - Frecuencia: 11335.96 Hz | Latencia Red/Proc: 5.74 ms
2026-06-01 12:58:47.635 - [robot_6_log_20260601_125830.csv] - DEBUG - Incoming data. Topic 6/pos, mensaje {"x": 221.43, "y": 11.96, "yaw": -2.704, "timestamp": 1780311527.6294546}
2026-06-01 12:58:47.635 - [robot_6_log_20260601_125830.csv] - DEBUG - Posición actualizada por visión: x=221.43, y=11.96, θ=-2.70
2026-06-01 12:58:47.635 - [robot_6_log_20260601_125830.csv] - DEBUG - Frecuencia: 13066.37 Hz | Latencia Red/Proc: 5.82 ms
2026-06-01 12:58:47.644 - [robot_6_log_20260601_125830.csv] - INFO - Usando posición VISION: x=221.43, y=11.96, θ=-2.70
2026-06-01 12:58:47.644 - [robot_6_log_20260601_125830.csv] - INFO - Distancias a paredes: Left: 206.66, Right: 89.35, Top: 150.39, Bottom: -3.73
2026-06-01 12:58:47.644 - [robot_6_log_20260601_125830.csv] - INFO - Posicion: 221.43, 11.96, -2.704 | Velocidad: 0.42376018227470685, -0.9057744244117888
2026-06-01 12:58:47.644 - [robot_6_log_20260601_125830.csv] - CRITICAL - Pared muy cercana [206.66, 89.34999999999997, 150.39, -3.7299999999999986]
2026-06-01 12:58:47.644 - [robot_6_log_20260601_125830.csv] - INFO - ABAJO
2026-06-01 12:58:47.644 - [robot_6_log_20260601_125830.csv] - WARNING - Estado FSM: ESPERANDO_GIRO | Target Wall: ABAJO | Target Theta: 155.90° |theta: -154.9277878033746 
2026-06-01 12:58:47.680 - [robot_6_log_20260601_125830.csv] - DEBUG - Incoming data. Topic agent/6/wheel, mensaje {"Wleft":5.684341886e-15,"Wright":20}
2026-06-01 12:58:47.680 - [robot_6_log_20260601_125830.csv] - DEBUG - Incoming data. Topic agent/6/feedback, mensaje {"status": "done", "op": "turn"}
2026-06-01 12:58:47.685 - [robot_6_log_20260601_125830.csv] - INFO - ¡Confirmación recibida desde Arduino! Giro terminado exitosamente.
2026-06-01 12:58:47.694 - [robot_6_log_20260601_125830.csv] - INFO - Usando posición VISION: x=221.43, y=11.96, θ=-2.70
2026-06-01 12:58:47.694 - [robot_6_log_20260601_125830.csv] - INFO - Distancias a paredes: Left: 206.66, Right: 89.35, Top: 150.39, Bottom: -3.73
2026-06-01 12:58:47.694 - [robot_6_log_20260601_125830.csv] - INFO - Posicion: 221.43, 11.96, -2.704 | Velocidad: 0.42376018227470685, -0.9057744244117888
2026-06-01 12:58:47.694 - [robot_6_log_20260601_125830.csv] - CRITICAL - Pared muy cercana [206.66, 89.34999999999997, 150.39, -3.7299999999999986]
2026-06-01 12:58:47.694 - [robot_6_log_20260601_125830.csv] - INFO - ABAJO
2026-06-01 12:58:47.694 - [robot_6_log_20260601_125830.csv] - WARNING - Estado FSM: AVANZA | Target Wall: ABAJO | Target Theta: 155.90° |theta: -154.9277878033746 
2026-06-01 12:58:47.715 - [robot_6_log_20260601_125830.csv] - DEBUG - Despachado a ZMQ -> agent/6/move: {'v': 20.0, 'w': 0.0}
2026-06-01 12:58:47.727 - [robot_6_log_20260601_125830.csv] - DEBUG - Incoming data. Topic 6/pos, mensaje {"x": 221.52, "y": 11.95, "yaw": -2.71, "timestamp": 1780311527.7216523}
2026-06-01 12:58:47.732 - [robot_6_log_20260601_125830.csv] - DEBUG - Posición actualizada por visión: x=221.52, y=11.95, θ=-2.71
2026-06-01 12:58:47.732 - [robot_6_log_20260601_125830.csv] - DEBUG - Frecuencia: 10.27 Hz | Latencia Red/Proc: 10.97 ms
2026-06-01 12:58:47.744 - [robot_6_log_20260601_125830.csv] - INFO - Usando posición VISION: x=221.52, y=11.95, θ=-2.71
2026-06-01 12:58:47.744 - [robot_6_log_20260601_125830.csv] - INFO - Distancias a paredes: Left: 206.75, Right: 89.26, Top: 150.40, Bottom: -3.74
2026-06-01 12:58:47.744 - [robot_6_log_20260601_125830.csv] - INFO - Posicion: 221.52, 11.95, -2.71 | Velocidad: 0.418317940675659, -0.9083006663593701
2026-06-01 12:58:47.744 - [robot_6_log_20260601_125830.csv] - DEBUG - Incoming data. Topic agent/6/wheel, mensaje {"Wleft":5.684341886e-15,"Wright":20}
2026-06-01 12:58:47.744 - [robot_6_log_20260601_125830.csv] - CRITICAL - Pared muy cercana [206.75, 89.25999999999996, 150.4, -3.74]
2026-06-01 12:58:47.744 - [robot_6_log_20260601_125830.csv] - DEBUG - Incoming data. Topic 6/pos, mensaje {"x": 221.52, "y": 11.95, "yaw": -2.71, "timestamp": 1780311527.733662}
2026-06-01 12:58:47.744 - [robot_6_log_20260601_125830.csv] - INFO - ABAJO
2026-06-01 12:58:47.744 - [robot_6_log_20260601_125830.csv] - DEBUG - Posición actualizada por visión: x=221.52, y=11.95, θ=-2.71
2026-06-01 12:58:47.744 - [robot_6_log_20260601_125830.csv] - WARNING - Estado FSM: PARANDO_PARA_RETROCEDER | Target Wall: ABAJO | Target Theta: 155.90° |theta: -155.2715624804531 
2026-06-01 12:58:47.744 - [robot_6_log_20260601_125830.csv] - DEBUG - Frecuencia: 82.78 Hz | Latencia Red/Proc: 11.04 ms
2026-06-01 12:58:47.754 - [robot_6_log_20260601_125830.csv] - DEBUG - Incoming data. Topic 6/pos, mensaje {"x": 221.52, "y": 11.95, "yaw": -2.71, "timestamp": 1780311527.7216523}
2026-06-01 12:58:47.760 - [robot_6_log_20260601_125830.csv] - DEBUG - Posición actualizada por visión: x=221.52, y=11.95, θ=-2.71
2026-06-01 12:58:47.765 - [robot_6_log_20260601_125830.csv] - DEBUG - Despachado a ZMQ -> agent/6/move: {'v': 0.0, 'w': 0.0}
2026-06-01 12:58:47.765 - [robot_6_log_20260601_125830.csv] - DEBUG - Frecuencia: 48.78 Hz | Latencia Red/Proc: 43.55 ms
2026-06-01 12:58:47.791 - [robot_6_log_20260601_125830.csv] - DEBUG - Incoming data. Topic 6/pos, mensaje {"x": 221.52, "y": 11.95, "yaw": -2.71, "timestamp": 1780311527.733662}
2026-06-01 12:58:47.794 - [robot_6_log_20260601_125830.csv] - INFO - Usando posición VISION: x=221.52, y=11.95, θ=-2.71
2026-06-01 12:58:47.794 - [robot_6_log_20260601_125830.csv] - DEBUG - Posición actualizada por visión: x=221.52, y=11.95, θ=-2.71
2026-06-01 12:58:47.794 - [robot_6_log_20260601_125830.csv] - INFO - Distancias a paredes: Left: 206.75, Right: 89.26, Top: 150.40, Bottom: -3.74
2026-06-01 12:58:47.794 - [robot_6_log_20260601_125830.csv] - DEBUG - Frecuencia: 34.34 Hz | Latencia Red/Proc: 60.66 ms
2026-06-01 12:58:47.794 - [robot_6_log_20260601_125830.csv] - INFO - Posicion: 221.52, 11.95, -2.71 | Velocidad: 0.418317940675659, -0.9083006663593701
2026-06-01 12:58:47.794 - [robot_6_log_20260601_125830.csv] - CRITICAL - Pared muy cercana [206.75, 89.25999999999996, 150.4, -3.74]
2026-06-01 12:58:47.794 - [robot_6_log_20260601_125830.csv] - INFO - ABAJO
2026-06-01 12:58:47.794 - [robot_6_log_20260601_125830.csv] - WARNING - Timer: 0.04981255531311035
2026-06-01 12:58:47.794 - [robot_6_log_20260601_125830.csv] - WARNING - Estado FSM: PARANDO_PARA_RETROCEDER | Target Wall: ABAJO | Target Theta: 155.90° |theta: -155.2715624804531 
2026-06-01 12:58:47.812 - [robot_6_log_20260601_125830.csv] - DEBUG - Incoming data. Topic agent/6/wheel, mensaje {"Wleft":1.09052813,"Wright":1.538483517}
2026-06-01 12:58:47.823 - [robot_6_log_20260601_125830.csv] - DEBUG - Incoming data. Topic 6/pos, mensaje {"x": 221.53, "y": 11.96, "yaw": -2.717, "timestamp": 1780311527.820424}
2026-06-01 12:58:47.828 - [robot_6_log_20260601_125830.csv] - DEBUG - Posición actualizada por visión: x=221.53, y=11.96, θ=-2.72
2026-06-01 12:58:47.828 - [robot_6_log_20260601_125830.csv] - DEBUG - Frecuencia: 29.03 Hz | Latencia Red/Proc: 8.35 ms
2026-06-01 12:58:47.828 - [robot_6_log_20260601_125830.csv] - DEBUG - Incoming data. Topic 6/pos, mensaje {"x": 221.53, "y": 11.96, "yaw": -2.717, "timestamp": 1780311527.820424}
2026-06-01 12:58:47.828 - [robot_6_log_20260601_125830.csv] - DEBUG - Posición actualizada por visión: x=221.53, y=11.96, θ=-2.72
2026-06-01 12:58:47.828 - [robot_6_log_20260601_125830.csv] - DEBUG - Frecuencia: 9731.56 Hz | Latencia Red/Proc: 8.45 ms
2026-06-01 12:58:47.844 - [robot_6_log_20260601_125830.csv] - INFO - Usando posición VISION: x=221.53, y=11.96, θ=-2.72
2026-06-01 12:58:47.844 - [robot_6_log_20260601_125830.csv] - DEBUG - Incoming data. Topic 6/pos, mensaje {"x": 221.53, "y": 11.96, "yaw": -2.717, "timestamp": 1780311527.829511}
2026-06-01 12:58:47.844 - [robot_6_log_20260601_125830.csv] - INFO - Distancias a paredes: Left: 206.76, Right: 89.25, Top: 150.39, Bottom: -3.73
2026-06-01 12:58:47.844 - [robot_6_log_20260601_125830.csv] - DEBUG - Posición actualizada por visión: x=221.53, y=11.96, θ=-2.72
2026-06-01 12:58:47.844 - [robot_6_log_20260601_125830.csv] - INFO - Posicion: 221.53, 11.96, -2.717 | Velocidad: 0.41194963918784006, -0.9112066147548581
2026-06-01 12:58:47.844 - [robot_6_log_20260601_125830.csv] - DEBUG - Frecuencia: 64.39 Hz | Latencia Red/Proc: 14.89 ms
2026-06-01 12:58:47.844 - [robot_6_log_20260601_125830.csv] - CRITICAL - Pared muy cercana [206.76, 89.24999999999997, 150.39, -3.7299999999999986]
2026-06-01 12:58:47.844 - [robot_6_log_20260601_125830.csv] - INFO - ABAJO
2026-06-01 12:58:47.844 - [robot_6_log_20260601_125830.csv] - DEBUG - Incoming data. Topic 6/pos, mensaje {"x": 221.53, "y": 11.96, "yaw": -2.717, "timestamp": 1780311527.829511}
2026-06-01 12:58:47.844 - [robot_6_log_20260601_125830.csv] - WARNING - Timer: 0.09991097450256348
2026-06-01 12:58:47.844 - [robot_6_log_20260601_125830.csv] - DEBUG - Posición actualizada por visión: x=221.53, y=11.96, θ=-2.72
2026-06-01 12:58:47.844 - [robot_6_log_20260601_125830.csv] - WARNING - Estado FSM: PARANDO_PARA_RETROCEDER | Target Wall: ABAJO | Target Theta: 155.90° |theta: -155.67263293704468 
2026-06-01 12:58:47.844 - [robot_6_log_20260601_125830.csv] - DEBUG - Frecuencia: 3407.23 Hz | Latencia Red/Proc: 15.19 ms
2026-06-01 12:58:47.894 - [robot_6_log_20260601_125830.csv] - INFO - Usando posición VISION: x=221.53, y=11.96, θ=-2.72
2026-06-01 12:58:47.894 - [robot_6_log_20260601_125830.csv] - INFO - Distancias a paredes: Left: 206.76, Right: 89.25, Top: 150.39, Bottom: -3.73
2026-06-01 12:58:47.894 - [robot_6_log_20260601_125830.csv] - INFO - Posicion: 221.53, 11.96, -2.717 | Velocidad: 0.41194963918784006, -0.9112066147548581
2026-06-01 12:58:47.894 - [robot_6_log_20260601_125830.csv] - CRITICAL - Pared muy cercana [206.76, 89.24999999999997, 150.39, -3.7299999999999986]
2026-06-01 12:58:47.894 - [robot_6_log_20260601_125830.csv] - INFO - ABAJO
2026-06-01 12:58:47.894 - [robot_6_log_20260601_125830.csv] - WARNING - Timer: 0.14963865280151367
2026-06-01 12:58:47.894 - [robot_6_log_20260601_125830.csv] - WARNING - Estado FSM: PARANDO_PARA_RETROCEDER | Target Wall: ABAJO | Target Theta: 155.90° |theta: -155.67263293704468 
2026-06-01 12:58:47.924 - [robot_6_log_20260601_125830.csv] - DEBUG - Incoming data. Topic 6/pos, mensaje {"x": 221.45, "y": 11.96, "yaw": -2.718, "timestamp": 1780311527.9212704}
2026-06-01 12:58:47.939 - [robot_6_log_20260601_125830.csv] - DEBUG - Posición actualizada por visión: x=221.45, y=11.96, θ=-2.72
2026-06-01 12:58:47.944 - [robot_6_log_20260601_125830.csv] - INFO - Usando posición VISION: x=221.45, y=11.96, θ=-2.72
2026-06-01 12:58:47.944 - [robot_6_log_20260601_125830.csv] - DEBUG - Frecuencia: 10.05 Hz | Latencia Red/Proc: 22.95 ms
2026-06-01 12:58:47.944 - [robot_6_log_20260601_125830.csv] - INFO - Distancias a paredes: Left: 206.68, Right: 89.33, Top: 150.39, Bottom: -3.73
2026-06-01 12:58:47.944 - [robot_6_log_20260601_125830.csv] - DEBUG - Incoming data. Topic 6/pos, mensaje {"x": 221.45, "y": 11.96, "yaw": -2.718, "timestamp": 1780311527.9212704}
2026-06-01 12:58:47.944 - [robot_6_log_20260601_125830.csv] - INFO - Posicion: 221.45, 11.96, -2.718 | Velocidad: 0.41103822675015067, -0.9116181087221182
2026-06-01 12:58:47.944 - [robot_6_log_20260601_125830.csv] - DEBUG - Posición actualizada por visión: x=221.45, y=11.96, θ=-2.72
2026-06-01 12:58:47.944 - [robot_6_log_20260601_125830.csv] - DEBUG - Frecuencia: 2058.05 Hz | Latencia Red/Proc: 23.44 ms
2026-06-01 12:58:47.944 - [robot_6_log_20260601_125830.csv] - DEBUG - Incoming data. Topic 6/pos, mensaje {"x": 221.45, "y": 11.96, "yaw": -2.718, "timestamp": 1780311527.9309301}
2026-06-01 12:58:47.944 - [robot_6_log_20260601_125830.csv] - CRITICAL - Pared muy cercana [206.67999999999998, 89.32999999999998, 150.39, -3.7299999999999986]
2026-06-01 12:58:47.944 - [robot_6_log_20260601_125830.csv] - DEBUG - Posición actualizada por visión: x=221.45, y=11.96, θ=-2.72
2026-06-01 12:58:47.944 - [robot_6_log_20260601_125830.csv] - INFO - ABAJO
2026-06-01 12:58:47.944 - [robot_6_log_20260601_125830.csv] - DEBUG - Frecuencia: 8128.50 Hz | Latencia Red/Proc: 13.90 ms
2026-06-01 12:58:47.944 - [robot_6_log_20260601_125830.csv] - WARNING - Timer: 0.20029807090759277
2026-06-01 12:58:47.945 - [robot_6_log_20260601_125830.csv] - DEBUG - Incoming data. Topic 6/pos, mensaje {"x": 221.45, "y": 11.96, "yaw": -2.718, "timestamp": 1780311527.9309301}
2026-06-01 12:58:47.945 - [robot_6_log_20260601_125830.csv] - WARNING - Estado FSM: PARANDO_PARA_RETROCEDER | Target Wall: ABAJO | Target Theta: 155.90° |theta: -155.72992871655777 
2026-06-01 12:58:47.945 - [robot_6_log_20260601_125830.csv] - DEBUG - Posición actualizada por visión: x=221.45, y=11.96, θ=-2.72
2026-06-01 12:58:47.955 - [robot_6_log_20260601_125830.csv] - DEBUG - Frecuencia: 93.32 Hz | Latencia Red/Proc: 24.62 ms
2026-06-01 12:58:47.977 - [robot_6_log_20260601_125830.csv] - DEBUG - Incoming data. Topic agent/6/wheel, mensaje {"Wleft":2.02575893,"Wright":0.83907639}
2026-06-01 12:58:47.994 - [robot_6_log_20260601_125830.csv] - INFO - Usando posición VISION: x=221.45, y=11.96, θ=-2.72
2026-06-01 12:58:47.994 - [robot_6_log_20260601_125830.csv] - INFO - Distancias a paredes: Left: 206.68, Right: 89.33, Top: 150.39, Bottom: -3.73
2026-06-01 12:58:47.994 - [robot_6_log_20260601_125830.csv] - INFO - Posicion: 221.45, 11.96, -2.718 | Velocidad: 0.41103822675015067, -0.9116181087221182
2026-06-01 12:58:47.994 - [robot_6_log_20260601_125830.csv] - CRITICAL - Pared muy cercana [206.67999999999998, 89.32999999999998, 150.39, -3.7299999999999986]
2026-06-01 12:58:47.994 - [robot_6_log_20260601_125830.csv] - INFO - ABAJO
2026-06-01 12:58:47.994 - [robot_6_log_20260601_125830.csv] - WARNING - Timer: 0.2497255802154541
2026-06-01 12:58:47.994 - [robot_6_log_20260601_125830.csv] - WARNING - Estado FSM: PARANDO_PARA_RETROCEDER | Target Wall: ABAJO | Target Theta: 155.90° |theta: -155.72992871655777 
2026-06-01 12:58:48.017 - [robot_6_log_20260601_125830.csv] - DEBUG - Incoming data. Topic agent/6/wheel, mensaje {"Wleft":2.06726603,"Wright":-1.154631946e-15}
2026-06-01 12:58:48.032 - [robot_6_log_20260601_125830.csv] - DEBUG - Incoming data. Topic 6/pos, mensaje {"x": 221.52, "y": 11.4, "yaw": -2.727, "timestamp": 1780311528.0216732}
2026-06-01 12:58:48.037 - [robot_6_log_20260601_125830.csv] - DEBUG - Posición actualizada por visión: x=221.52, y=11.40, θ=-2.73
2026-06-01 12:58:48.043 - [robot_6_log_20260601_125830.csv] - DEBUG - Frecuencia: 11.43 Hz | Latencia Red/Proc: 21.35 ms
2026-06-01 12:58:48.043 - [robot_6_log_20260601_125830.csv] - DEBUG - Incoming data. Topic 6/pos, mensaje {"x": 221.52, "y": 11.4, "yaw": -2.727, "timestamp": 1780311528.0216732}
2026-06-01 12:58:48.043 - [robot_6_log_20260601_125830.csv] - DEBUG - Posición actualizada por visión: x=221.52, y=11.40, θ=-2.73
2026-06-01 12:58:48.043 - [robot_6_log_20260601_125830.csv] - DEBUG - Frecuencia: 7530.17 Hz | Latencia Red/Proc: 21.48 ms
2026-06-01 12:58:48.043 - [robot_6_log_20260601_125830.csv] - DEBUG - Incoming data. Topic 6/pos, mensaje {"x": 221.52, "y": 11.4, "yaw": -2.727, "timestamp": 1780311528.0334659}
2026-06-01 12:58:48.043 - [robot_6_log_20260601_125830.csv] - DEBUG - Posición actualizada por visión: x=221.52, y=11.40, θ=-2.73
2026-06-01 12:58:48.043 - [robot_6_log_20260601_125830.csv] - DEBUG - Frecuencia: 11618.57 Hz | Latencia Red/Proc: 9.78 ms
2026-06-01 12:58:48.043 - [robot_6_log_20260601_125830.csv] - DEBUG - Incoming data. Topic 6/pos, mensaje {"x": 221.52, "y": 11.4, "yaw": -2.727, "timestamp": 1780311528.0334659}
2026-06-01 12:58:48.043 - [robot_6_log_20260601_125830.csv] - DEBUG - Posición actualizada por visión: x=221.52, y=11.40, θ=-2.73
2026-06-01 12:58:48.044 - [robot_6_log_20260601_125830.csv] - DEBUG - Frecuencia: 990.39 Hz | Latencia Red/Proc: 10.79 ms
2026-06-01 12:58:48.044 - [robot_6_log_20260601_125830.csv] - INFO - Usando posición VISION: x=221.52, y=11.40, θ=-2.73
2026-06-01 12:58:48.044 - [robot_6_log_20260601_125830.csv] - INFO - Distancias a paredes: Left: 206.75, Right: 89.26, Top: 150.95, Bottom: -4.29
2026-06-01 12:58:48.044 - [robot_6_log_20260601_125830.csv] - INFO - Posicion: 221.52, 11.4, -2.727 | Velocidad: 0.4028171275969872, -0.9152804825377369
2026-06-01 12:58:48.044 - [robot_6_log_20260601_125830.csv] - CRITICAL - Pared muy cercana [206.75, 89.25999999999996, 150.95, -4.289999999999999]
2026-06-01 12:58:48.044 - [robot_6_log_20260601_125830.csv] - INFO - ABAJO
2026-06-01 12:58:48.044 - [robot_6_log_20260601_125830.csv] - WARNING - Timer: 0.299846887588501
2026-06-01 12:58:48.044 - [robot_6_log_20260601_125830.csv] - WARNING - Estado FSM: PARANDO_PARA_RETROCEDER | Target Wall: ABAJO | Target Theta: 155.90° |theta: -156.2455907321755 
2026-06-01 12:58:48.094 - [robot_6_log_20260601_125830.csv] - INFO - Usando posición VISION: x=221.52, y=11.40, θ=-2.73
2026-06-01 12:58:48.094 - [robot_6_log_20260601_125830.csv] - INFO - Distancias a paredes: Left: 206.75, Right: 89.26, Top: 150.95, Bottom: -4.29
2026-06-01 12:58:48.094 - [robot_6_log_20260601_125830.csv] - INFO - Posicion: 221.52, 11.4, -2.727 | Velocidad: 0.4028171275969872, -0.9152804825377369
2026-06-01 12:58:48.094 - [robot_6_log_20260601_125830.csv] - CRITICAL - Pared muy cercana [206.75, 89.25999999999996, 150.95, -4.289999999999999]
2026-06-01 12:58:48.094 - [robot_6_log_20260601_125830.csv] - INFO - ABAJO
2026-06-01 12:58:48.094 - [robot_6_log_20260601_125830.csv] - WARNING - Timer: 0.3496396541595459
2026-06-01 12:58:48.094 - [robot_6_log_20260601_125830.csv] - WARNING - Estado FSM: PARANDO_PARA_RETROCEDER | Target Wall: ABAJO | Target Theta: 155.90° |theta: -156.2455907321755 
2026-06-01 12:58:48.119 - [robot_6_log_20260601_125830.csv] - DEBUG - Incoming data. Topic agent/6/wheel, mensaje {"Wleft":6.394884622e-15,"Wright":-1.154631946e-15}
2026-06-01 12:58:48.134 - [robot_6_log_20260601_125830.csv] - DEBUG - Incoming data. Topic 6/pos, mensaje {"x": 221.55, "y": 11.2, "yaw": -2.748, "timestamp": 1780311528.1230323}
2026-06-01 12:58:48.140 - [robot_6_log_20260601_125830.csv] - DEBUG - Posición actualizada por visión: x=221.55, y=11.20, θ=-2.75
2026-06-01 12:58:48.144 - [robot_6_log_20260601_125830.csv] - INFO - Usando posición VISION: x=221.55, y=11.20, θ=-2.75
2026-06-01 12:58:48.144 - [robot_6_log_20260601_125830.csv] - INFO - Distancias a paredes: Left: 206.78, Right: 89.23, Top: 151.15, Bottom: -4.49
2026-06-01 12:58:48.144 - [robot_6_log_20260601_125830.csv] - INFO - Posicion: 221.55, 11.2, -2.748 | Velocidad: 0.38350883225546384, -0.9235372085530992
2026-06-01 12:58:48.144 - [robot_6_log_20260601_125830.csv] - DEBUG - Frecuencia: 9.99 Hz | Latencia Red/Proc: 21.31 ms
2026-06-01 12:58:48.144 - [robot_6_log_20260601_125830.csv] - DEBUG - Incoming data. Topic 6/pos, mensaje {"x": 221.55, "y": 11.2, "yaw": -2.748, "timestamp": 1780311528.1230323}
2026-06-01 12:58:48.144 - [robot_6_log_20260601_125830.csv] - CRITICAL - Pared muy cercana [206.78, 89.22999999999996, 151.15, -4.49]
2026-06-01 12:58:48.144 - [robot_6_log_20260601_125830.csv] - INFO - ABAJO
2026-06-01 12:58:48.144 - [robot_6_log_20260601_125830.csv] - DEBUG - Posición actualizada por visión: x=221.55, y=11.20, θ=-2.75
2026-06-01 12:58:48.144 - [robot_6_log_20260601_125830.csv] - DEBUG - Frecuencia: 1920.47 Hz | Latencia Red/Proc: 21.83 ms
2026-06-01 12:58:48.144 - [robot_6_log_20260601_125830.csv] - WARNING - Timer: 0.40009307861328125
2026-06-01 12:58:48.144 - [robot_6_log_20260601_125830.csv] - WARNING - Estado FSM: PARANDO_PARA_RETROCEDER | Target Wall: ABAJO | Target Theta: 155.90° |theta: -157.44880210195024 
2026-06-01 12:58:48.150 - [robot_6_log_20260601_125830.csv] - DEBUG - Incoming data. Topic 6/pos, mensaje {"x": 221.55, "y": 11.2, "yaw": -2.748, "timestamp": 1780311528.1331115}
2026-06-01 12:58:48.150 - [robot_6_log_20260601_125830.csv] - DEBUG - Posición actualizada por visión: x=221.55, y=11.20, θ=-2.75
2026-06-01 12:58:48.150 - [robot_6_log_20260601_125830.csv] - DEBUG - Frecuencia: 185.88 Hz | Latencia Red/Proc: 17.13 ms
2026-06-01 12:58:48.150 - [robot_6_log_20260601_125830.csv] - DEBUG - Incoming data. Topic 6/pos, mensaje {"x": 221.55, "y": 11.2, "yaw": -2.748, "timestamp": 1780311528.1331115}
2026-06-01 12:58:48.155 - [robot_6_log_20260601_125830.csv] - DEBUG - Posición actualizada por visión: x=221.55, y=11.20, θ=-2.75
2026-06-01 12:58:48.160 - [robot_6_log_20260601_125830.csv] - DEBUG - Frecuencia: 96.23 Hz | Latencia Red/Proc: 27.52 ms
2026-06-01 12:58:48.194 - [robot_6_log_20260601_125830.csv] - INFO - Usando posición VISION: x=221.55, y=11.20, θ=-2.75
2026-06-01 12:58:48.194 - [robot_6_log_20260601_125830.csv] - INFO - Distancias a paredes: Left: 206.78, Right: 89.23, Top: 151.15, Bottom: -4.49
2026-06-01 12:58:48.194 - [robot_6_log_20260601_125830.csv] - INFO - Posicion: 221.55, 11.2, -2.748 | Velocidad: 0.38350883225546384, -0.9235372085530992
2026-06-01 12:58:48.194 - [robot_6_log_20260601_125830.csv] - CRITICAL - Pared muy cercana [206.78, 89.22999999999996, 151.15, -4.49]
2026-06-01 12:58:48.194 - [robot_6_log_20260601_125830.csv] - INFO - ABAJO
2026-06-01 12:58:48.194 - [robot_6_log_20260601_125830.csv] - WARNING - Timer: 0.44968295097351074
2026-06-01 12:58:48.194 - [robot_6_log_20260601_125830.csv] - WARNING - Estado FSM: PARANDO_PARA_RETROCEDER | Target Wall: ABAJO | Target Theta: 155.90° |theta: -157.44880210195024 
2026-06-01 12:58:48.222 - [robot_6_log_20260601_125830.csv] - DEBUG - Incoming data. Topic agent/6/wheel, mensaje {"Wleft":6.394884622e-15,"Wright":-1.154631946e-15}
2026-06-01 12:58:48.228 - [robot_6_log_20260601_125830.csv] - DEBUG - Incoming data. Topic 6/pos, mensaje {"x": 221.58, "y": 11.18, "yaw": -2.746, "timestamp": 1780311528.2234058}
2026-06-01 12:58:48.228 - [robot_6_log_20260601_125830.csv] - DEBUG - Posición actualizada por visión: x=221.58, y=11.18, θ=-2.75
2026-06-01 12:58:48.228 - [robot_6_log_20260601_125830.csv] - DEBUG - Frecuencia: 14.64 Hz | Latencia Red/Proc: 5.53 ms
2026-06-01 12:58:48.228 - [robot_6_log_20260601_125830.csv] - DEBUG - Incoming data. Topic 6/pos, mensaje {"x": 221.58, "y": 11.18, "yaw": -2.746, "timestamp": 1780311528.2234058}
2026-06-01 12:58:48.228 - [robot_6_log_20260601_125830.csv] - DEBUG - Posición actualizada por visión: x=221.58, y=11.18, θ=-2.75
2026-06-01 12:58:48.228 - [robot_6_log_20260601_125830.csv] - DEBUG - Frecuencia: 19418.07 Hz | Latencia Red/Proc: 5.58 ms
2026-06-01 12:58:48.237 - [robot_6_log_20260601_125830.csv] - DEBUG - Incoming data. Topic 6/pos, mensaje {"x": 221.58, "y": 11.18, "yaw": -2.746, "timestamp": 1780311528.2356305}
2026-06-01 12:58:48.242 - [robot_6_log_20260601_125830.csv] - DEBUG - Posición actualizada por visión: x=221.58, y=11.18, θ=-2.75
2026-06-01 12:58:48.244 - [robot_6_log_20260601_125830.csv] - DEBUG - Frecuencia: 65.61 Hz | Latencia Red/Proc: 8.59 ms
2026-06-01 12:58:48.244 - [robot_6_log_20260601_125830.csv] - DEBUG - Incoming data. Topic 6/pos, mensaje {"x": 221.58, "y": 11.18, "yaw": -2.746, "timestamp": 1780311528.2356305}
2026-06-01 12:58:48.244 - [robot_6_log_20260601_125830.csv] - DEBUG - Posición actualizada por visión: x=221.58, y=11.18, θ=-2.75
2026-06-01 12:58:48.244 - [robot_6_log_20260601_125830.csv] - DEBUG - Frecuencia: 22795.13 Hz | Latencia Red/Proc: 8.64 ms
2026-06-01 12:58:48.244 - [robot_6_log_20260601_125830.csv] - INFO - Usando posición VISION: x=221.58, y=11.18, θ=-2.75
2026-06-01 12:58:48.244 - [robot_6_log_20260601_125830.csv] - INFO - Distancias a paredes: Left: 206.81, Right: 89.20, Top: 151.17, Bottom: -4.51
2026-06-01 12:58:48.244 - [robot_6_log_20260601_125830.csv] - INFO - Posicion: 221.58, 11.18, -2.746 | Velocidad: 0.3853551384237787, -0.9227683443261318
2026-06-01 12:58:48.244 - [robot_6_log_20260601_125830.csv] - CRITICAL - Pared muy cercana [206.81, 89.19999999999996, 151.17, -4.51]
2026-06-01 12:58:48.244 - [robot_6_log_20260601_125830.csv] - INFO - ABAJO
2026-06-01 12:58:48.244 - [robot_6_log_20260601_125830.csv] - WARNING - Timer: 0.4998939037322998
2026-06-01 12:58:48.244 - [robot_6_log_20260601_125830.csv] - WARNING - Estado FSM: PARANDO_PARA_RETROCEDER | Target Wall: ABAJO | Target Theta: 155.90° |theta: -157.33421054292407 
