2026-06-02 14:30:12.907 - [robot_6_log_20260602_143011.csv] - INFO - Agent Bouncer Robot is listening
2026-06-02 14:30:12.907 - [robot_6_log_20260602_143011.csv] - WARNING - Esperando posición inicial... Aún no se han recibido datos de visión.
2026-06-02 14:30:12.907 - [robot_6_log_20260602_143011.csv] - INFO - Suscrito a topic b'6/pos'
2026-06-02 14:30:12.912 - [robot_6_log_20260602_143011.csv] - INFO - Suscrito a topic b'arena/boundaries'
2026-06-02 14:30:12.912 - [robot_6_log_20260602_143011.csv] - INFO - Suscrito a topic b'agent/6/feedback'
2026-06-02 14:30:12.912 - [robot_6_log_20260602_143011.csv] - INFO - Suscrito a topic b'agent/6/wheel'
2026-06-02 14:30:12.928 - [robot_6_log_20260602_143011.csv] - DEBUG - Incoming data. Topic agent/6/wheel, mensaje {"Wleft":1.657007864e-15,"Wright":-3.719247132e-16}
2026-06-02 14:30:12.957 - [robot_6_log_20260602_143011.csv] - WARNING - Esperando posición inicial... Aún no se han recibido datos de visión.
2026-06-02 14:30:12.957 - [robot_6_log_20260602_143011.csv] - INFO - Agent Bouncer Robot en marcha
2026-06-02 14:30:12.963 - [robot_6_log_20260602_143011.csv] - INFO - Agente Bouncer Robot y despachador en marcha.
2026-06-02 14:30:12.968 - [robot_6_log_20260602_143011.csv] - DEBUG - Despachado a ZMQ -> agent/6/move: {'v': 0.0, 'w': 0.0}
2026-06-02 14:30:12.984 - [robot_6_log_20260602_143011.csv] - DEBUG - Incoming data. Topic 6/pos, mensaje {"x": 265.48, "y": 98.24, "yaw": 1.674, "timestamp": 1780403412.9742723}
2026-06-02 14:30:12.989 - [robot_6_log_20260602_143011.csv] - DEBUG - Posición actualizada por visión: x=265.48, y=98.24, θ=1.67
2026-06-02 14:30:12.989 - [robot_6_log_20260602_143011.csv] - DEBUG - Despachado a ZMQ -> agent/6/move: {'v': 0.0, 'w': 0.0}
2026-06-02 14:30:12.989 - [robot_6_log_20260602_143011.csv] - DEBUG - Frecuencia: 0.00 Hz | Latencia Red/Proc: 15.66 ms
2026-06-02 14:30:12.990 - [robot_6_log_20260602_143011.csv] - DEBUG - Incoming data. Topic 6/pos, mensaje {"x": 265.48, "y": 98.24, "yaw": 1.674, "timestamp": 1780403412.9742723}
2026-06-02 14:30:12.990 - [robot_6_log_20260602_143011.csv] - DEBUG - Posición actualizada por visión: x=265.48, y=98.24, θ=1.67
2026-06-02 14:30:12.995 - [robot_6_log_20260602_143011.csv] - DEBUG - Frecuencia: 190.30 Hz | Latencia Red/Proc: 20.92 ms
2026-06-02 14:30:12.995 - [robot_6_log_20260602_143011.csv] - DEBUG - Incoming data. Topic 6/pos, mensaje {"x": 265.48, "y": 98.24, "yaw": 1.674, "timestamp": 1780403412.9836404}
2026-06-02 14:30:12.995 - [robot_6_log_20260602_143011.csv] - DEBUG - Posición actualizada por visión: x=265.48, y=98.24, θ=1.67
2026-06-02 14:30:12.995 - [robot_6_log_20260602_143011.csv] - DEBUG - Frecuencia: 10407.70 Hz | Latencia Red/Proc: 11.64 ms
2026-06-02 14:30:12.995 - [robot_6_log_20260602_143011.csv] - DEBUG - Incoming data. Topic 6/pos, mensaje {"x": 265.48, "y": 98.24, "yaw": 1.674, "timestamp": 1780403412.9836404}
2026-06-02 14:30:12.995 - [robot_6_log_20260602_143011.csv] - DEBUG - Posición actualizada por visión: x=265.48, y=98.24, θ=1.67
2026-06-02 14:30:13.000 - [robot_6_log_20260602_143011.csv] - DEBUG - Frecuencia: 192.99 Hz | Latencia Red/Proc: 16.83 ms
2026-06-02 14:30:13.007 - [robot_6_log_20260602_143011.csv] - INFO - Usando posición VISION: x=265.48, y=98.24, θ=1.67
2026-06-02 14:30:13.007 - [robot_6_log_20260602_143011.csv] - INFO - Distancias a paredes: Left: 265.48, Right: 184.52, Top: 41.76, Bottom: 98.24
2026-06-02 14:30:13.007 - [robot_6_log_20260602_143011.csv] - INFO - Posicion: 265.48, 98.24, 1.674 | Velocidad: -0.9946792260640379, -0.10302056705651848
2026-06-02 14:30:13.007 - [robot_6_log_20260602_143011.csv] - INFO - None
2026-06-02 14:30:13.007 - [robot_6_log_20260602_143011.csv] - WARNING - Estado FSM: AVANZA | Target Wall: None | Target Theta: 0.00° |theta: 95.9131349048998 
2026-06-02 14:30:13.042 - [robot_6_log_20260602_143011.csv] - DEBUG - Incoming data. Topic agent/6/wheel, mensaje {"Wleft":1.657007864e-15,"Wright":-3.719247132e-16}
2026-06-02 14:30:13.057 - [robot_6_log_20260602_143011.csv] - INFO - Usando posición VISION: x=265.48, y=98.24, θ=1.67
2026-06-02 14:30:13.057 - [robot_6_log_20260602_143011.csv] - INFO - Distancias a paredes: Left: 265.48, Right: 184.52, Top: 41.76, Bottom: 98.24
2026-06-02 14:30:13.057 - [robot_6_log_20260602_143011.csv] - INFO - Posicion: 265.48, 98.24, 1.674 | Velocidad: -0.9946792260640379, -0.10302056705651848
2026-06-02 14:30:13.057 - [robot_6_log_20260602_143011.csv] - INFO - None
2026-06-02 14:30:13.057 - [robot_6_log_20260602_143011.csv] - WARNING - Estado FSM: AVANZA | Target Wall: None | Target Theta: 0.00° |theta: 95.9131349048998 
2026-06-02 14:30:13.081 - [robot_6_log_20260602_143011.csv] - DEBUG - Incoming data. Topic 6/pos, mensaje {"x": 265.49, "y": 98.22, "yaw": 1.678, "timestamp": 1780403413.0796444}
2026-06-02 14:30:13.081 - [robot_6_log_20260602_143011.csv] - DEBUG - Posición actualizada por visión: x=265.49, y=98.22, θ=1.68
2026-06-02 14:30:13.087 - [robot_6_log_20260602_143011.csv] - DEBUG - Frecuencia: 11.51 Hz | Latencia Red/Proc: 7.70 ms
2026-06-02 14:30:13.103 - [robot_6_log_20260602_143011.csv] - DEBUG - Incoming data. Topic 6/pos, mensaje {"x": 265.49, "y": 98.22, "yaw": 1.678, "timestamp": 1780403413.0796444}
2026-06-02 14:30:13.107 - [robot_6_log_20260602_143011.csv] - INFO - Usando posición VISION: x=265.49, y=98.22, θ=1.68
2026-06-02 14:30:13.107 - [robot_6_log_20260602_143011.csv] - DEBUG - Posición actualizada por visión: x=265.49, y=98.22, θ=1.68
2026-06-02 14:30:13.107 - [robot_6_log_20260602_143011.csv] - INFO - Distancias a paredes: Left: 265.49, Right: 184.51, Top: 41.78, Bottom: 98.22
2026-06-02 14:30:13.107 - [robot_6_log_20260602_143011.csv] - DEBUG - Frecuencia: 49.35 Hz | Latencia Red/Proc: 27.96 ms
2026-06-02 14:30:13.107 - [robot_6_log_20260602_143011.csv] - INFO - Posicion: 265.49, 98.22, 1.678 | Velocidad: -0.9942591874714983, -0.10699844918743381
2026-06-02 14:30:13.107 - [robot_6_log_20260602_143011.csv] - INFO - None
2026-06-02 14:30:13.107 - [robot_6_log_20260602_143011.csv] - DEBUG - Incoming data. Topic 6/pos, mensaje {"x": 265.49, "y": 98.22, "yaw": 1.678, "timestamp": 1780403413.0905015}
2026-06-02 14:30:13.107 - [robot_6_log_20260602_143011.csv] - WARNING - Estado FSM: AVANZA | Target Wall: None | Target Theta: 0.00° |theta: 96.14231802295214 
2026-06-02 14:30:13.107 - [robot_6_log_20260602_143011.csv] - DEBUG - Posición actualizada por visión: x=265.49, y=98.22, θ=1.68
2026-06-02 14:30:13.124 - [robot_6_log_20260602_143011.csv] - DEBUG - Frecuencia: 60.46 Hz | Latencia Red/Proc: 33.64 ms
2026-06-02 14:30:13.139 - [robot_6_log_20260602_143011.csv] - DEBUG - Incoming data. Topic 6/pos, mensaje {"x": 265.49, "y": 98.22, "yaw": 1.678, "timestamp": 1780403413.0905015}
2026-06-02 14:30:13.144 - [robot_6_log_20260602_143011.csv] - DEBUG - Posición actualizada por visión: x=265.49, y=98.22, θ=1.68
2026-06-02 14:30:13.144 - [robot_6_log_20260602_143011.csv] - DEBUG - Frecuencia: 48.60 Hz | Latencia Red/Proc: 54.22 ms
2026-06-02 14:30:13.144 - [robot_6_log_20260602_143011.csv] - DEBUG - Incoming data. Topic agent/6/wheel, mensaje {"Wleft":1.657007864e-15,"Wright":-3.719247132e-16}
2026-06-02 14:30:13.157 - [robot_6_log_20260602_143011.csv] - INFO - Usando posición VISION: x=265.49, y=98.22, θ=1.68
2026-06-02 14:30:13.157 - [robot_6_log_20260602_143011.csv] - INFO - Distancias a paredes: Left: 265.49, Right: 184.51, Top: 41.78, Bottom: 98.22
2026-06-02 14:30:13.157 - [robot_6_log_20260602_143011.csv] - INFO - Posicion: 265.49, 98.22, 1.678 | Velocidad: -0.9942591874714983, -0.10699844918743381
2026-06-02 14:30:13.157 - [robot_6_log_20260602_143011.csv] - INFO - None
2026-06-02 14:30:13.157 - [robot_6_log_20260602_143011.csv] - WARNING - Estado FSM: AVANZA | Target Wall: None | Target Theta: 0.00° |theta: 96.14231802295214 
2026-06-02 14:30:13.182 - [robot_6_log_20260602_143011.csv] - DEBUG - Incoming data. Topic 6/pos, mensaje {"x": 265.49, "y": 98.24, "yaw": 1.667, "timestamp": 1780403413.1800227}
2026-06-02 14:30:13.187 - [robot_6_log_20260602_143011.csv] - DEBUG - Posición actualizada por visión: x=265.49, y=98.24, θ=1.67
2026-06-02 14:30:13.192 - [robot_6_log_20260602_143011.csv] - DEBUG - Frecuencia: 20.94 Hz | Latencia Red/Proc: 12.46 ms
2026-06-02 14:30:13.207 - [robot_6_log_20260602_143011.csv] - INFO - Usando posición VISION: x=265.49, y=98.24, θ=1.67
2026-06-02 14:30:13.207 - [robot_6_log_20260602_143011.csv] - DEBUG - Incoming data. Topic 6/pos, mensaje {"x": 265.49, "y": 98.24, "yaw": 1.667, "timestamp": 1780403413.1800227}
2026-06-02 14:30:13.207 - [robot_6_log_20260602_143011.csv] - INFO - Distancias a paredes: Left: 265.49, Right: 184.51, Top: 41.76, Bottom: 98.24
2026-06-02 14:30:13.207 - [robot_6_log_20260602_143011.csv] - DEBUG - Posición actualizada por visión: x=265.49, y=98.24, θ=1.67
2026-06-02 14:30:13.207 - [robot_6_log_20260602_143011.csv] - INFO - Posicion: 265.49, 98.24, 1.667 | Velocidad: -0.9953759946025762, -0.09605534534284021
2026-06-02 14:30:13.207 - [robot_6_log_20260602_143011.csv] - DEBUG - Frecuencia: 65.62 Hz | Latencia Red/Proc: 27.70 ms
2026-06-02 14:30:13.207 - [robot_6_log_20260602_143011.csv] - INFO - None
2026-06-02 14:30:13.207 - [robot_6_log_20260602_143011.csv] - DEBUG - Incoming data. Topic 6/pos, mensaje {"x": 265.49, "y": 98.24, "yaw": 1.667, "timestamp": 1780403413.1920605}
2026-06-02 14:30:13.207 - [robot_6_log_20260602_143011.csv] - WARNING - Estado FSM: AVANZA | Target Wall: None | Target Theta: 0.00° |theta: 95.51206444830824 
2026-06-02 14:30:13.207 - [robot_6_log_20260602_143011.csv] - DEBUG - Posición actualizada por visión: x=265.49, y=98.24, θ=1.67
2026-06-02 14:30:13.213 - [robot_6_log_20260602_143011.csv] - DEBUG - Frecuencia: 188.06 Hz | Latencia Red/Proc: 20.98 ms
2026-06-02 14:30:13.223 - [robot_6_log_20260602_143011.csv] - DEBUG - Incoming data. Topic 6/pos, mensaje {"x": 265.49, "y": 98.24, "yaw": 1.667, "timestamp": 1780403413.1920605}
2026-06-02 14:30:13.228 - [robot_6_log_20260602_143011.csv] - DEBUG - Posición actualizada por visión: x=265.49, y=98.24, θ=1.67
2026-06-02 14:30:13.234 - [robot_6_log_20260602_143011.csv] - DEBUG - Frecuencia: 46.50 Hz | Latencia Red/Proc: 42.48 ms
2026-06-02 14:30:13.244 - [robot_6_log_20260602_143011.csv] - DEBUG - Incoming data. Topic agent/6/wheel, mensaje {"Wleft":1.657007864e-15,"Wright":-3.719247132e-16}
2026-06-02 14:30:13.257 - [robot_6_log_20260602_143011.csv] - INFO - Usando posición VISION: x=265.49, y=98.24, θ=1.67
2026-06-02 14:30:13.257 - [robot_6_log_20260602_143011.csv] - INFO - Distancias a paredes: Left: 265.49, Right: 184.51, Top: 41.76, Bottom: 98.24
2026-06-02 14:30:13.257 - [robot_6_log_20260602_143011.csv] - INFO - Posicion: 265.49, 98.24, 1.667 | Velocidad: -0.9953759946025762, -0.09605534534284021
2026-06-02 14:30:13.257 - [robot_6_log_20260602_143011.csv] - INFO - None
2026-06-02 14:30:13.257 - [robot_6_log_20260602_143011.csv] - WARNING - Estado FSM: AVANZA | Target Wall: None | Target Theta: 0.00° |theta: 95.51206444830824 
2026-06-02 14:30:13.286 - [robot_6_log_20260602_143011.csv] - DEBUG - Incoming data. Topic 6/pos, mensaje {"x": 265.52, "y": 98.2, "yaw": 1.679, "timestamp": 1780403413.2809832}
2026-06-02 14:30:13.286 - [robot_6_log_20260602_143011.csv] - DEBUG - Posición actualizada por visión: x=265.52, y=98.20, θ=1.68
2026-06-02 14:30:13.292 - [robot_6_log_20260602_143011.csv] - DEBUG - Frecuencia: 17.16 Hz | Latencia Red/Proc: 11.84 ms
2026-06-02 14:30:13.297 - [robot_6_log_20260602_143011.csv] - DEBUG - Incoming data. Topic 6/pos, mensaje {"x": 265.52, "y": 98.2, "yaw": 1.679, "timestamp": 1780403413.2809832}
2026-06-02 14:30:13.304 - [robot_6_log_20260602_143011.csv] - DEBUG - Posición actualizada por visión: x=265.52, y=98.20, θ=1.68
2026-06-02 14:30:13.307 - [robot_6_log_20260602_143011.csv] - INFO - Usando posición VISION: x=265.52, y=98.20, θ=1.68
2026-06-02 14:30:13.307 - [robot_6_log_20260602_143011.csv] - DEBUG - Frecuencia: 68.15 Hz | Latencia Red/Proc: 26.52 ms
2026-06-02 14:30:13.307 - [robot_6_log_20260602_143011.csv] - INFO - Distancias a paredes: Left: 265.52, Right: 184.48, Top: 41.80, Bottom: 98.20
2026-06-02 14:30:13.307 - [robot_6_log_20260602_143011.csv] - INFO - Posicion: 265.52, 98.2, 1.679 | Velocidad: -0.9941516919105917, -0.10799265470997543
2026-06-02 14:30:13.307 - [robot_6_log_20260602_143011.csv] - DEBUG - Incoming data. Topic 6/pos, mensaje {"x": 265.52, "y": 98.2, "yaw": 1.679, "timestamp": 1780403413.2925768}
2026-06-02 14:30:13.307 - [robot_6_log_20260602_143011.csv] - INFO - None
2026-06-02 14:30:13.307 - [robot_6_log_20260602_143011.csv] - DEBUG - Posición actualizada por visión: x=265.52, y=98.20, θ=1.68
2026-06-02 14:30:13.307 - [robot_6_log_20260602_143011.csv] - WARNING - Estado FSM: AVANZA | Target Wall: None | Target Theta: 0.00° |theta: 96.19961380246522 
2026-06-02 14:30:13.307 - [robot_6_log_20260602_143011.csv] - DEBUG - Frecuencia: 2855.21 Hz | Latencia Red/Proc: 15.27 ms
2026-06-02 14:30:13.324 - [robot_6_log_20260602_143011.csv] - DEBUG - Incoming data. Topic 6/pos, mensaje {"x": 265.52, "y": 98.2, "yaw": 1.679, "timestamp": 1780403413.2925768}
2026-06-02 14:30:13.324 - [robot_6_log_20260602_143011.csv] - DEBUG - Posición actualizada por visión: x=265.52, y=98.20, θ=1.68
2026-06-02 14:30:13.329 - [robot_6_log_20260602_143011.csv] - DEBUG - Frecuencia: 46.53 Hz | Latencia Red/Proc: 36.76 ms
2026-06-02 14:30:13.345 - [robot_6_log_20260602_143011.csv] - DEBUG - Incoming data. Topic agent/6/wheel, mensaje {"Wleft":1.657007864e-15,"Wright":-3.719247132e-16}
2026-06-02 14:30:13.357 - [robot_6_log_20260602_143011.csv] - INFO - Usando posición VISION: x=265.52, y=98.20, θ=1.68
2026-06-02 14:30:13.357 - [robot_6_log_20260602_143011.csv] - INFO - Distancias a paredes: Left: 265.52, Right: 184.48, Top: 41.80, Bottom: 98.20
2026-06-02 14:30:13.357 - [robot_6_log_20260602_143011.csv] - INFO - Posicion: 265.52, 98.2, 1.679 | Velocidad: -0.9941516919105917, -0.10799265470997543
2026-06-02 14:30:13.357 - [robot_6_log_20260602_143011.csv] - INFO - None
2026-06-02 14:30:13.357 - [robot_6_log_20260602_143011.csv] - WARNING - Estado FSM: AVANZA | Target Wall: None | Target Theta: 0.00° |theta: 96.19961380246522 
2026-06-02 14:30:13.392 - [robot_6_log_20260602_143011.csv] - DEBUG - Incoming data. Topic 6/pos, mensaje {"x": 265.49, "y": 98.26, "yaw": 1.668, "timestamp": 1780403413.3820214}
2026-06-02 14:30:13.397 - [robot_6_log_20260602_143011.csv] - DEBUG - Posición actualizada por visión: x=265.49, y=98.26, θ=1.67
2026-06-02 14:30:13.407 - [robot_6_log_20260602_143011.csv] - INFO - Usando posición VISION: x=265.49, y=98.26, θ=1.67
2026-06-02 14:30:13.407 - [robot_6_log_20260602_143011.csv] - DEBUG - Frecuencia: 12.79 Hz | Latencia Red/Proc: 25.49 ms
2026-06-02 14:30:13.407 - [robot_6_log_20260602_143011.csv] - INFO - Distancias a paredes: Left: 265.49, Right: 184.51, Top: 41.74, Bottom: 98.26
2026-06-02 14:30:13.407 - [robot_6_log_20260602_143011.csv] - INFO - Posicion: 265.49, 98.26, 1.668 | Velocidad: -0.9952794415852867, -0.09705067314387801
2026-06-02 14:30:13.407 - [robot_6_log_20260602_143011.csv] - INFO - None
2026-06-02 14:30:13.407 - [robot_6_log_20260602_143011.csv] - DEBUG - Incoming data. Topic 6/pos, mensaje {"x": 265.49, "y": 98.26, "yaw": 1.668, "timestamp": 1780403413.3820214}
2026-06-02 14:30:13.407 - [robot_6_log_20260602_143011.csv] - WARNING - Estado FSM: AVANZA | Target Wall: None | Target Theta: 0.00° |theta: 95.5693602278213 
2026-06-02 14:30:13.407 - [robot_6_log_20260602_143011.csv] - DEBUG - Posición actualizada por visión: x=265.49, y=98.26, θ=1.67
2026-06-02 14:30:13.419 - [robot_6_log_20260602_143011.csv] - DEBUG - Frecuencia: 86.90 Hz | Latencia Red/Proc: 36.99 ms
2026-06-02 14:30:13.429 - [robot_6_log_20260602_143011.csv] - DEBUG - Incoming data. Topic 6/pos, mensaje {"x": 265.49, "y": 98.26, "yaw": 1.668, "timestamp": 1780403413.3929846}
2026-06-02 14:30:13.434 - [robot_6_log_20260602_143011.csv] - DEBUG - Posición actualizada por visión: x=265.49, y=98.26, θ=1.67
2026-06-02 14:30:13.439 - [robot_6_log_20260602_143011.csv] - DEBUG - Frecuencia: 48.93 Hz | Latencia Red/Proc: 46.47 ms
2026-06-02 14:30:13.450 - [robot_6_log_20260602_143011.csv] - DEBUG - Incoming data. Topic 6/pos, mensaje {"x": 265.49, "y": 98.26, "yaw": 1.668, "timestamp": 1780403413.3929846}
2026-06-02 14:30:13.455 - [robot_6_log_20260602_143011.csv] - DEBUG - Posición actualizada por visión: x=265.49, y=98.26, θ=1.67
2026-06-02 14:30:13.457 - [robot_6_log_20260602_143011.csv] - INFO - Usando posición VISION: x=265.49, y=98.26, θ=1.67
2026-06-02 14:30:13.457 - [robot_6_log_20260602_143011.csv] - INFO - Distancias a paredes: Left: 265.49, Right: 184.51, Top: 41.74, Bottom: 98.26
2026-06-02 14:30:13.457 - [robot_6_log_20260602_143011.csv] - INFO - Posicion: 265.49, 98.26, 1.668 | Velocidad: -0.9952794415852867, -0.09705067314387801
2026-06-02 14:30:13.457 - [robot_6_log_20260602_143011.csv] - INFO - None
2026-06-02 14:30:13.457 - [robot_6_log_20260602_143011.csv] - DEBUG - Frecuencia: 55.38 Hz | Latencia Red/Proc: 64.52 ms
2026-06-02 14:30:13.457 - [robot_6_log_20260602_143011.csv] - WARNING - Estado FSM: AVANZA | Target Wall: None | Target Theta: 0.00° |theta: 95.5693602278213 
2026-06-02 14:30:13.468 - [robot_6_log_20260602_143011.csv] - DEBUG - Incoming data. Topic agent/6/wheel, mensaje {"Wleft":1.657007864e-15,"Wright":-3.719247132e-16}
2026-06-02 14:30:13.491 - [robot_6_log_20260602_143011.csv] - DEBUG - Incoming data. Topic 6/pos, mensaje {"x": 265.51, "y": 98.2, "yaw": 1.68, "timestamp": 1780403413.4813957}
2026-06-02 14:30:13.496 - [robot_6_log_20260602_143011.csv] - DEBUG - Posición actualizada por visión: x=265.51, y=98.20, θ=1.68
2026-06-02 14:30:13.503 - [robot_6_log_20260602_143011.csv] - DEBUG - Frecuencia: 21.96 Hz | Latencia Red/Proc: 21.65 ms
2026-06-02 14:30:13.503 - [robot_6_log_20260602_143011.csv] - DEBUG - Incoming data. Topic 6/pos, mensaje {"x": 265.51, "y": 98.2, "yaw": 1.68, "timestamp": 1780403413.4813957}
2026-06-02 14:30:13.503 - [robot_6_log_20260602_143011.csv] - DEBUG - Posición actualizada por visión: x=265.51, y=98.20, θ=1.68
2026-06-02 14:30:13.503 - [robot_6_log_20260602_143011.csv] - DEBUG - Frecuencia: 16070.13 Hz | Latencia Red/Proc: 21.71 ms
2026-06-02 14:30:13.503 - [robot_6_log_20260602_143011.csv] - DEBUG - Incoming data. Topic 6/pos, mensaje {"x": 265.51, "y": 98.2, "yaw": 1.68, "timestamp": 1780403413.4926372}
2026-06-02 14:30:13.503 - [robot_6_log_20260602_143011.csv] - DEBUG - Posición actualizada por visión: x=265.51, y=98.20, θ=1.68
2026-06-02 14:30:13.503 - [robot_6_log_20260602_143011.csv] - DEBUG - Frecuencia: 28149.69 Hz | Latencia Red/Proc: 10.50 ms
2026-06-02 14:30:13.503 - [robot_6_log_20260602_143011.csv] - DEBUG - Incoming data. Topic 6/pos, mensaje {"x": 265.51, "y": 98.2, "yaw": 1.68, "timestamp": 1780403413.4926372}
2026-06-02 14:30:13.503 - [robot_6_log_20260602_143011.csv] - DEBUG - Posición actualizada por visión: x=265.51, y=98.20, θ=1.68
2026-06-02 14:30:13.503 - [robot_6_log_20260602_143011.csv] - DEBUG - Frecuencia: 29537.35 Hz | Latencia Red/Proc: 10.54 ms
2026-06-02 14:30:13.507 - [robot_6_log_20260602_143011.csv] - INFO - Usando posición VISION: x=265.51, y=98.20, θ=1.68
2026-06-02 14:30:13.507 - [robot_6_log_20260602_143011.csv] - INFO - Distancias a paredes: Left: 265.51, Right: 184.49, Top: 41.80, Bottom: 98.20
2026-06-02 14:30:13.507 - [robot_6_log_20260602_143011.csv] - INFO - Posicion: 265.51, 98.2, 1.68 | Velocidad: -0.994043202198076, -0.10898675223987112
2026-06-02 14:30:13.507 - [robot_6_log_20260602_143011.csv] - INFO - None
2026-06-02 14:30:13.507 - [robot_6_log_20260602_143011.csv] - WARNING - Estado FSM: AVANZA | Target Wall: None | Target Theta: 0.00° |theta: 96.2569095819783 
2026-06-02 14:30:13.538 - [robot_6_log_20260602_143011.csv] - DEBUG - Incoming data. Topic agent/6/wheel, mensaje {"Wleft":1.657007864e-15,"Wright":-3.719247132e-16}
2026-06-02 14:30:13.557 - [robot_6_log_20260602_143011.csv] - INFO - Usando posición VISION: x=265.51, y=98.20, θ=1.68
2026-06-02 14:30:13.557 - [robot_6_log_20260602_143011.csv] - INFO - Distancias a paredes: Left: 265.51, Right: 184.49, Top: 41.80, Bottom: 98.20
2026-06-02 14:30:13.557 - [robot_6_log_20260602_143011.csv] - INFO - Posicion: 265.51, 98.2, 1.68 | Velocidad: -0.994043202198076, -0.10898675223987112
2026-06-02 14:30:13.557 - [robot_6_log_20260602_143011.csv] - INFO - None
2026-06-02 14:30:13.557 - [robot_6_log_20260602_143011.csv] - WARNING - Estado FSM: AVANZA | Target Wall: None | Target Theta: 0.00° |theta: 96.2569095819783 
2026-06-02 14:30:13.586 - [robot_6_log_20260602_143011.csv] - DEBUG - Incoming data. Topic 6/pos, mensaje {"x": 265.49, "y": 98.23, "yaw": 1.668, "timestamp": 1780403413.581164}
2026-06-02 14:30:13.591 - [robot_6_log_20260602_143011.csv] - DEBUG - Posición actualizada por visión: x=265.49, y=98.23, θ=1.67
2026-06-02 14:30:13.598 - [robot_6_log_20260602_143011.csv] - DEBUG - Frecuencia: 10.53 Hz | Latencia Red/Proc: 16.98 ms
2026-06-02 14:30:13.598 - [robot_6_log_20260602_143011.csv] - DEBUG - Incoming data. Topic 6/pos, mensaje {"x": 265.49, "y": 98.23, "yaw": 1.668, "timestamp": 1780403413.581164}
2026-06-02 14:30:13.598 - [robot_6_log_20260602_143011.csv] - DEBUG - Posición actualizada por visión: x=265.49, y=98.23, θ=1.67
2026-06-02 14:30:13.598 - [robot_6_log_20260602_143011.csv] - DEBUG - Frecuencia: 8559.80 Hz | Latencia Red/Proc: 17.10 ms
2026-06-02 14:30:13.598 - [robot_6_log_20260602_143011.csv] - DEBUG - Incoming data. Topic 6/pos, mensaje {"x": 265.49, "y": 98.23, "yaw": 1.668, "timestamp": 1780403413.5924752}
2026-06-02 14:30:13.598 - [robot_6_log_20260602_143011.csv] - DEBUG - Posición actualizada por visión: x=265.49, y=98.23, θ=1.67
2026-06-02 14:30:13.598 - [robot_6_log_20260602_143011.csv] - DEBUG - Frecuencia: 26051.58 Hz | Latencia Red/Proc: 5.83 ms
2026-06-02 14:30:13.598 - [robot_6_log_20260602_143011.csv] - DEBUG - Incoming data. Topic 6/pos, mensaje {"x": 265.49, "y": 98.23, "yaw": 1.668, "timestamp": 1780403413.5924752}
2026-06-02 14:30:13.598 - [robot_6_log_20260602_143011.csv] - DEBUG - Posición actualizada por visión: x=265.49, y=98.23, θ=1.67
2026-06-02 14:30:13.598 - [robot_6_log_20260602_143011.csv] - DEBUG - Frecuencia: 30174.85 Hz | Latencia Red/Proc: 5.86 ms
2026-06-02 14:30:13.607 - [robot_6_log_20260602_143011.csv] - INFO - Usando posición VISION: x=265.49, y=98.23, θ=1.67
2026-06-02 14:30:13.607 - [robot_6_log_20260602_143011.csv] - INFO - Distancias a paredes: Left: 265.49, Right: 184.51, Top: 41.77, Bottom: 98.23
2026-06-02 14:30:13.607 - [robot_6_log_20260602_143011.csv] - INFO - Posicion: 265.49, 98.23, 1.668 | Velocidad: -0.9952794415852867, -0.09705067314387801
2026-06-02 14:30:13.607 - [robot_6_log_20260602_143011.csv] - INFO - None
2026-06-02 14:30:13.607 - [robot_6_log_20260602_143011.csv] - WARNING - Estado FSM: AVANZA | Target Wall: None | Target Theta: 0.00° |theta: 95.5693602278213 
2026-06-02 14:30:13.657 - [robot_6_log_20260602_143011.csv] - INFO - Usando posición VISION: x=265.49, y=98.23, θ=1.67
2026-06-02 14:30:13.657 - [robot_6_log_20260602_143011.csv] - DEBUG - Incoming data. Topic agent/6/wheel, mensaje {"Wleft":1.657007864e-15,"Wright":-3.719247132e-16}
2026-06-02 14:30:13.657 - [robot_6_log_20260602_143011.csv] - INFO - Distancias a paredes: Left: 265.49, Right: 184.51, Top: 41.77, Bottom: 98.23
2026-06-02 14:30:13.657 - [robot_6_log_20260602_143011.csv] - INFO - Posicion: 265.49, 98.23, 1.668 | Velocidad: -0.9952794415852867, -0.09705067314387801
2026-06-02 14:30:13.657 - [robot_6_log_20260602_143011.csv] - INFO - None
2026-06-02 14:30:13.657 - [robot_6_log_20260602_143011.csv] - WARNING - Estado FSM: AVANZA | Target Wall: None | Target Theta: 0.00° |theta: 95.5693602278213 
2026-06-02 14:30:13.682 - [robot_6_log_20260602_143011.csv] - DEBUG - Incoming data. Topic 6/pos, mensaje {"x": 265.49, "y": 98.23, "yaw": 1.667, "timestamp": 1780403413.6813743}
2026-06-02 14:30:13.687 - [robot_6_log_20260602_143011.csv] - DEBUG - Posición actualizada por visión: x=265.49, y=98.23, θ=1.67
2026-06-02 14:30:13.692 - [robot_6_log_20260602_143011.csv] - DEBUG - Frecuencia: 10.63 Hz | Latencia Red/Proc: 11.01 ms
2026-06-02 14:30:13.703 - [robot_6_log_20260602_143011.csv] - DEBUG - Incoming data. Topic 6/pos, mensaje {"x": 265.49, "y": 98.23, "yaw": 1.667, "timestamp": 1780403413.6813743}
2026-06-02 14:30:13.703 - [robot_6_log_20260602_143011.csv] - DEBUG - Posición actualizada por visión: x=265.49, y=98.23, θ=1.67
2026-06-02 14:30:13.703 - [robot_6_log_20260602_143011.csv] - DEBUG - Frecuencia: 87.76 Hz | Latencia Red/Proc: 22.41 ms
2026-06-02 14:30:13.703 - [robot_6_log_20260602_143011.csv] - DEBUG - Incoming data. Topic 6/pos, mensaje {"x": 265.49, "y": 98.23, "yaw": 1.667, "timestamp": 1780403413.6926816}
2026-06-02 14:30:13.703 - [robot_6_log_20260602_143011.csv] - DEBUG - Posición actualizada por visión: x=265.49, y=98.23, θ=1.67
2026-06-02 14:30:13.703 - [robot_6_log_20260602_143011.csv] - DEBUG - Frecuencia: 25266.89 Hz | Latencia Red/Proc: 11.14 ms
2026-06-02 14:30:13.703 - [robot_6_log_20260602_143011.csv] - DEBUG - Incoming data. Topic 6/pos, mensaje {"x": 265.49, "y": 98.23, "yaw": 1.667, "timestamp": 1780403413.6926816}
2026-06-02 14:30:13.703 - [robot_6_log_20260602_143011.csv] - DEBUG - Posición actualizada por visión: x=265.49, y=98.23, θ=1.67
2026-06-02 14:30:13.703 - [robot_6_log_20260602_143011.csv] - DEBUG - Frecuencia: 29330.80 Hz | Latencia Red/Proc: 11.17 ms
2026-06-02 14:30:13.707 - [robot_6_log_20260602_143011.csv] - INFO - Usando posición VISION: x=265.49, y=98.23, θ=1.67
2026-06-02 14:30:13.707 - [robot_6_log_20260602_143011.csv] - INFO - Distancias a paredes: Left: 265.49, Right: 184.51, Top: 41.77, Bottom: 98.23
2026-06-02 14:30:13.707 - [robot_6_log_20260602_143011.csv] - INFO - Posicion: 265.49, 98.23, 1.667 | Velocidad: -0.9953759946025762, -0.09605534534284021
2026-06-02 14:30:13.707 - [robot_6_log_20260602_143011.csv] - INFO - None
2026-06-02 14:30:13.707 - [robot_6_log_20260602_143011.csv] - WARNING - Estado FSM: AVANZA | Target Wall: None | Target Theta: 0.00° |theta: 95.51206444830824 
2026-06-02 14:30:13.756 - [robot_6_log_20260602_143011.csv] - DEBUG - Incoming data. Topic agent/6/wheel, mensaje {"Wleft":1.657007864e-15,"Wright":-3.719247132e-16}
2026-06-02 14:30:13.757 - [robot_6_log_20260602_143011.csv] - INFO - Usando posición VISION: x=265.49, y=98.23, θ=1.67
2026-06-02 14:30:13.757 - [robot_6_log_20260602_143011.csv] - INFO - Distancias a paredes: Left: 265.49, Right: 184.51, Top: 41.77, Bottom: 98.23
2026-06-02 14:30:13.757 - [robot_6_log_20260602_143011.csv] - INFO - Posicion: 265.49, 98.23, 1.667 | Velocidad: -0.9953759946025762, -0.09605534534284021
2026-06-02 14:30:13.757 - [robot_6_log_20260602_143011.csv] - INFO - None
2026-06-02 14:30:13.757 - [robot_6_log_20260602_143011.csv] - WARNING - Estado FSM: AVANZA | Target Wall: None | Target Theta: 0.00° |theta: 95.51206444830824 
2026-06-02 14:30:13.783 - [robot_6_log_20260602_143011.csv] - DEBUG - Incoming data. Topic 6/pos, mensaje {"x": 265.49, "y": 98.24, "yaw": 1.67, "timestamp": 1780403413.7806456}
2026-06-02 14:30:13.783 - [robot_6_log_20260602_143011.csv] - DEBUG - Posición actualizada por visión: x=265.49, y=98.24, θ=1.67
2026-06-02 14:30:13.783 - [robot_6_log_20260602_143011.csv] - DEBUG - Frecuencia: 12.58 Hz | Latencia Red/Proc: 2.70 ms
2026-06-02 14:30:13.783 - [robot_6_log_20260602_143011.csv] - DEBUG - Incoming data. Topic 6/pos, mensaje {"x": 265.49, "y": 98.24, "yaw": 1.67, "timestamp": 1780403413.7806456}
2026-06-02 14:30:13.788 - [robot_6_log_20260602_143011.csv] - DEBUG - Posición actualizada por visión: x=265.49, y=98.24, θ=1.67
2026-06-02 14:30:13.794 - [robot_6_log_20260602_143011.csv] - DEBUG - Frecuencia: 87.67 Hz | Latencia Red/Proc: 14.10 ms
2026-06-02 14:30:13.807 - [robot_6_log_20260602_143011.csv] - INFO - Usando posición VISION: x=265.49, y=98.24, θ=1.67
2026-06-02 14:30:13.807 - [robot_6_log_20260602_143011.csv] - DEBUG - Incoming data. Topic 6/pos, mensaje {"x": 265.49, "y": 98.24, "yaw": 1.67, "timestamp": 1780403413.7899656}
2026-06-02 14:30:13.807 - [robot_6_log_20260602_143011.csv] - INFO - Distancias a paredes: Left: 265.49, Right: 184.51, Top: 41.76, Bottom: 98.24
2026-06-02 14:30:13.807 - [robot_6_log_20260602_143011.csv] - DEBUG - Posición actualizada por visión: x=265.49, y=98.24, θ=1.67
2026-06-02 14:30:13.807 - [robot_6_log_20260602_143011.csv] - INFO - Posicion: 265.49, 98.24, 1.67 | Velocidad: -0.9950833498101802, -0.09904103659872801
2026-06-02 14:30:13.807 - [robot_6_log_20260602_143011.csv] - DEBUG - Frecuencia: 77.16 Hz | Latencia Red/Proc: 17.74 ms
2026-06-02 14:30:13.807 - [robot_6_log_20260602_143011.csv] - INFO - None
2026-06-02 14:30:13.807 - [robot_6_log_20260602_143011.csv] - DEBUG - Incoming data. Topic 6/pos, mensaje {"x": 265.49, "y": 98.24, "yaw": 1.67, "timestamp": 1780403413.7899656}
2026-06-02 14:30:13.807 - [robot_6_log_20260602_143011.csv] - WARNING - Estado FSM: AVANZA | Target Wall: None | Target Theta: 0.00° |theta: 95.68395178684747 
2026-06-02 14:30:13.807 - [robot_6_log_20260602_143011.csv] - DEBUG - Posición actualizada por visión: x=265.49, y=98.24, θ=1.67
2026-06-02 14:30:13.813 - [robot_6_log_20260602_143011.csv] - DEBUG - Frecuencia: 188.81 Hz | Latencia Red/Proc: 23.04 ms
2026-06-02 14:30:13.836 - [robot_6_log_20260602_143011.csv] - DEBUG - Incoming data. Topic agent/6/wheel, mensaje {"Wleft":1.657007864e-15,"Wright":-3.719247132e-16}
2026-06-02 14:30:13.857 - [robot_6_log_20260602_143011.csv] - INFO - Usando posición VISION: x=265.49, y=98.24, θ=1.67
2026-06-02 14:30:13.857 - [robot_6_log_20260602_143011.csv] - INFO - Distancias a paredes: Left: 265.49, Right: 184.51, Top: 41.76, Bottom: 98.24
2026-06-02 14:30:13.857 - [robot_6_log_20260602_143011.csv] - INFO - Posicion: 265.49, 98.24, 1.67 | Velocidad: -0.9950833498101802, -0.09904103659872801
2026-06-02 14:30:13.857 - [robot_6_log_20260602_143011.csv] - INFO - None
2026-06-02 14:30:13.857 - [robot_6_log_20260602_143011.csv] - WARNING - Estado FSM: AVANZA | Target Wall: None | Target Theta: 0.00° |theta: 95.68395178684747 
2026-06-02 14:30:13.881 - [robot_6_log_20260602_143011.csv] - DEBUG - Incoming data. Topic 6/pos, mensaje {"x": 265.47, "y": 98.24, "yaw": 1.676, "timestamp": 1780403413.8794084}
2026-06-02 14:30:13.886 - [robot_6_log_20260602_143011.csv] - DEBUG - Posición actualizada por visión: x=265.47, y=98.24, θ=1.68
2026-06-02 14:30:13.886 - [robot_6_log_20260602_143011.csv] - DEBUG - Frecuencia: 13.63 Hz | Latencia Red/Proc: 6.97 ms
2026-06-02 14:30:13.896 - [robot_6_log_20260602_143011.csv] - DEBUG - Incoming data. Topic 6/pos, mensaje {"x": 265.47, "y": 98.24, "yaw": 1.676, "timestamp": 1780403413.8794084}
2026-06-02 14:30:13.896 - [robot_6_log_20260602_143011.csv] - DEBUG - Posición actualizada por visión: x=265.47, y=98.24, θ=1.68
2026-06-02 14:30:13.902 - [robot_6_log_20260602_143011.csv] - DEBUG - Frecuencia: 60.96 Hz | Latencia Red/Proc: 23.37 ms
2026-06-02 14:30:13.902 - [robot_6_log_20260602_143011.csv] - DEBUG - Incoming data. Topic 6/pos, mensaje {"x": 265.47, "y": 98.24, "yaw": 1.676, "timestamp": 1780403413.8899806}
2026-06-02 14:30:13.902 - [robot_6_log_20260602_143011.csv] - DEBUG - Posición actualizada por visión: x=265.47, y=98.24, θ=1.68
2026-06-02 14:30:13.902 - [robot_6_log_20260602_143011.csv] - DEBUG - Frecuencia: 9157.87 Hz | Latencia Red/Proc: 12.91 ms
2026-06-02 14:30:13.902 - [robot_6_log_20260602_143011.csv] - DEBUG - Incoming data. Topic 6/pos, mensaje {"x": 265.47, "y": 98.24, "yaw": 1.676, "timestamp": 1780403413.8899806}
2026-06-02 14:30:13.902 - [robot_6_log_20260602_143011.csv] - DEBUG - Posición actualizada por visión: x=265.47, y=98.24, θ=1.68
2026-06-02 14:30:13.902 - [robot_6_log_20260602_143011.csv] - DEBUG - Frecuencia: 11683.30 Hz | Latencia Red/Proc: 13.00 ms
2026-06-02 14:30:13.907 - [robot_6_log_20260602_143011.csv] - INFO - Usando posición VISION: x=265.47, y=98.24, θ=1.68
2026-06-02 14:30:13.907 - [robot_6_log_20260602_143011.csv] - INFO - Distancias a paredes: Left: 265.47, Right: 184.53, Top: 41.76, Bottom: 98.24
2026-06-02 14:30:13.907 - [robot_6_log_20260602_143011.csv] - INFO - Posicion: 265.47, 98.24, 1.676 | Velocidad: -0.9944711957094966, -0.10500971814134243
2026-06-02 14:30:13.907 - [robot_6_log_20260602_143011.csv] - INFO - None
2026-06-02 14:30:13.907 - [robot_6_log_20260602_143011.csv] - WARNING - Estado FSM: AVANZA | Target Wall: None | Target Theta: 0.00° |theta: 96.02772646392597 
2026-06-02 14:30:13.956 - [robot_6_log_20260602_143011.csv] - DEBUG - Incoming data. Topic agent/6/wheel, mensaje {"Wleft":1.657007864e-15,"Wright":-3.719247132e-16}
2026-06-02 14:30:13.957 - [robot_6_log_20260602_143011.csv] - INFO - Usando posición VISION: x=265.47, y=98.24, θ=1.68
2026-06-02 14:30:13.957 - [robot_6_log_20260602_143011.csv] - INFO - Distancias a paredes: Left: 265.47, Right: 184.53, Top: 41.76, Bottom: 98.24
2026-06-02 14:30:13.957 - [robot_6_log_20260602_143011.csv] - INFO - Posicion: 265.47, 98.24, 1.676 | Velocidad: -0.9944711957094966, -0.10500971814134243
2026-06-02 14:30:13.957 - [robot_6_log_20260602_143011.csv] - INFO - None
2026-06-02 14:30:13.957 - [robot_6_log_20260602_143011.csv] - WARNING - Estado FSM: AVANZA | Target Wall: None | Target Theta: 0.00° |theta: 96.02772646392597 
2026-06-02 14:30:13.982 - [robot_6_log_20260602_143011.csv] - DEBUG - Incoming data. Topic 6/pos, mensaje {"x": 265.52, "y": 98.21, "yaw": 1.68, "timestamp": 1780403413.978969}
2026-06-02 14:30:13.987 - [robot_6_log_20260602_143011.csv] - DEBUG - Posición actualizada por visión: x=265.52, y=98.21, θ=1.68
2026-06-02 14:30:13.993 - [robot_6_log_20260602_143011.csv] - DEBUG - Frecuencia: 11.01 Hz | Latencia Red/Proc: 14.82 ms
2026-06-02 14:30:14.005 - [robot_6_log_20260602_143011.csv] - DEBUG - Incoming data. Topic 6/pos, mensaje {"x": 265.52, "y": 98.21, "yaw": 1.68, "timestamp": 1780403413.978969}
2026-06-02 14:30:14.007 - [robot_6_log_20260602_143011.csv] - DEBUG - Posición actualizada por visión: x=265.52, y=98.21, θ=1.68
2026-06-02 14:30:14.007 - [robot_6_log_20260602_143011.csv] - INFO - Usando posición VISION: x=265.52, y=98.21, θ=1.68
2026-06-02 14:30:14.007 - [robot_6_log_20260602_143011.csv] - DEBUG - Frecuencia: 72.51 Hz | Latencia Red/Proc: 28.61 ms
2026-06-02 14:30:14.007 - [robot_6_log_20260602_143011.csv] - DEBUG - Incoming data. Topic 6/pos, mensaje {"x": 265.52, "y": 98.21, "yaw": 1.68, "timestamp": 1780403413.9901555}
2026-06-02 14:30:14.007 - [robot_6_log_20260602_143011.csv] - INFO - Distancias a paredes: Left: 265.52, Right: 184.48, Top: 41.79, Bottom: 98.21
2026-06-02 14:30:14.007 - [robot_6_log_20260602_143011.csv] - DEBUG - Posición actualizada por visión: x=265.52, y=98.21, θ=1.68
2026-06-02 14:30:14.007 - [robot_6_log_20260602_143011.csv] - INFO - Posicion: 265.52, 98.21, 1.68 | Velocidad: -0.994043202198076, -0.10898675223987112
2026-06-02 14:30:14.007 - [robot_6_log_20260602_143011.csv] - DEBUG - Frecuencia: 4228.13 Hz | Latencia Red/Proc: 17.66 ms
2026-06-02 14:30:14.007 - [robot_6_log_20260602_143011.csv] - INFO - None
2026-06-02 14:30:14.007 - [robot_6_log_20260602_143011.csv] - DEBUG - Incoming data. Topic 6/pos, mensaje {"x": 265.52, "y": 98.21, "yaw": 1.68, "timestamp": 1780403413.9901555}
2026-06-02 14:30:14.007 - [robot_6_log_20260602_143011.csv] - WARNING - Estado FSM: AVANZA | Target Wall: None | Target Theta: 0.00° |theta: 96.2569095819783 
2026-06-02 14:30:14.007 - [robot_6_log_20260602_143011.csv] - DEBUG - Posición actualizada por visión: x=265.52, y=98.21, θ=1.68
2026-06-02 14:30:14.019 - [robot_6_log_20260602_143011.csv] - DEBUG - Frecuencia: 87.54 Hz | Latencia Red/Proc: 29.09 ms
2026-06-02 14:30:14.036 - [robot_6_log_20260602_143011.csv] - DEBUG - Incoming data. Topic agent/6/wheel, mensaje {"Wleft":1.657007864e-15,"Wright":-3.719247132e-16}
2026-06-02 14:30:14.057 - [robot_6_log_20260602_143011.csv] - INFO - Usando posición VISION: x=265.52, y=98.21, θ=1.68
2026-06-02 14:30:14.057 - [robot_6_log_20260602_143011.csv] - INFO - Distancias a paredes: Left: 265.52, Right: 184.48, Top: 41.79, Bottom: 98.21
2026-06-02 14:30:14.057 - [robot_6_log_20260602_143011.csv] - INFO - Posicion: 265.52, 98.21, 1.68 | Velocidad: -0.994043202198076, -0.10898675223987112
2026-06-02 14:30:14.057 - [robot_6_log_20260602_143011.csv] - INFO - None
2026-06-02 14:30:14.057 - [robot_6_log_20260602_143011.csv] - WARNING - Estado FSM: AVANZA | Target Wall: None | Target Theta: 0.00° |theta: 96.2569095819783 
2026-06-02 14:30:14.082 - [robot_6_log_20260602_143011.csv] - DEBUG - Incoming data. Topic 6/pos, mensaje {"x": 265.53, "y": 98.18, "yaw": 1.68, "timestamp": 1780403414.0810008}
2026-06-02 14:30:14.087 - [robot_6_log_20260602_143011.csv] - DEBUG - Posición actualizada por visión: x=265.53, y=98.18, θ=1.68
2026-06-02 14:30:14.092 - [robot_6_log_20260602_143011.csv] - DEBUG - Frecuencia: 13.63 Hz | Latencia Red/Proc: 11.61 ms
2026-06-02 14:30:14.092 - [robot_6_log_20260602_143011.csv] - DEBUG - Incoming data. Topic 6/pos, mensaje {"x": 265.53, "y": 98.18, "yaw": 1.68, "timestamp": 1780403414.0810008}
2026-06-02 14:30:14.092 - [robot_6_log_20260602_143011.csv] - DEBUG - Posición actualizada por visión: x=265.53, y=98.18, θ=1.68
2026-06-02 14:30:14.092 - [robot_6_log_20260602_143011.csv] - DEBUG - Frecuencia: 5974.79 Hz | Latencia Red/Proc: 11.78 ms
2026-06-02 14:30:14.092 - [robot_6_log_20260602_143011.csv] - DEBUG - Incoming data. Topic 6/pos, mensaje {"x": 265.53, "y": 98.18, "yaw": 1.68, "timestamp": 1780403414.0919569}
2026-06-02 14:30:14.092 - [robot_6_log_20260602_143011.csv] - DEBUG - Posición actualizada por visión: x=265.53, y=98.18, θ=1.68
2026-06-02 14:30:14.092 - [robot_6_log_20260602_143011.csv] - DEBUG - Frecuencia: 11244.78 Hz | Latencia Red/Proc: 0.91 ms
2026-06-02 14:30:14.092 - [robot_6_log_20260602_143011.csv] - DEBUG - Incoming data. Topic 6/pos, mensaje {"x": 265.53, "y": 98.18, "yaw": 1.68, "timestamp": 1780403414.0919569}
2026-06-02 14:30:14.092 - [robot_6_log_20260602_143011.csv] - DEBUG - Posición actualizada por visión: x=265.53, y=98.18, θ=1.68
2026-06-02 14:30:14.092 - [robot_6_log_20260602_143011.csv] - DEBUG - Frecuencia: 12052.60 Hz | Latencia Red/Proc: 1.00 ms
2026-06-02 14:30:14.107 - [robot_6_log_20260602_143011.csv] - INFO - Usando posición VISION: x=265.53, y=98.18, θ=1.68
2026-06-02 14:30:14.107 - [robot_6_log_20260602_143011.csv] - INFO - Distancias a paredes: Left: 265.53, Right: 184.47, Top: 41.82, Bottom: 98.18
2026-06-02 14:30:14.107 - [robot_6_log_20260602_143011.csv] - INFO - Posicion: 265.53, 98.18, 1.68 | Velocidad: -0.994043202198076, -0.10898675223987112
2026-06-02 14:30:14.107 - [robot_6_log_20260602_143011.csv] - INFO - None
2026-06-02 14:30:14.107 - [robot_6_log_20260602_143011.csv] - WARNING - Estado FSM: AVANZA | Target Wall: None | Target Theta: 0.00° |theta: 96.2569095819783 
2026-06-02 14:30:14.157 - [robot_6_log_20260602_143011.csv] - INFO - Usando posición VISION: x=265.53, y=98.18, θ=1.68
2026-06-02 14:30:14.157 - [robot_6_log_20260602_143011.csv] - INFO - Distancias a paredes: Left: 265.53, Right: 184.47, Top: 41.82, Bottom: 98.18
2026-06-02 14:30:14.157 - [robot_6_log_20260602_143011.csv] - INFO - Posicion: 265.53, 98.18, 1.68 | Velocidad: -0.994043202198076, -0.10898675223987112
2026-06-02 14:30:14.157 - [robot_6_log_20260602_143011.csv] - INFO - None
2026-06-02 14:30:14.157 - [robot_6_log_20260602_143011.csv] - WARNING - Estado FSM: AVANZA | Target Wall: None | Target Theta: 0.00° |theta: 96.2569095819783 
2026-06-02 14:30:14.168 - [robot_6_log_20260602_143011.csv] - DEBUG - Incoming data. Topic agent/6/wheel, mensaje {"Wleft":1.657007864e-15,"Wright":-3.719247132e-16}
2026-06-02 14:30:14.179 - [robot_6_log_20260602_143011.csv] - DEBUG - Incoming data. Topic 6/pos, mensaje {"x": 265.5, "y": 98.22, "yaw": 1.669, "timestamp": 1780403414.1779335}
2026-06-02 14:30:14.184 - [robot_6_log_20260602_143011.csv] - DEBUG - Posición actualizada por visión: x=265.50, y=98.22, θ=1.67
2026-06-02 14:30:14.190 - [robot_6_log_20260602_143011.csv] - DEBUG - Frecuencia: 10.23 Hz | Latencia Red/Proc: 12.78 ms
2026-06-02 14:30:14.195 - [robot_6_log_20260602_143011.csv] - DEBUG - Incoming data. Topic 6/pos, mensaje {"x": 265.5, "y": 98.22, "yaw": 1.669, "timestamp": 1780403414.1779335}
2026-06-02 14:30:14.207 - [robot_6_log_20260602_143011.csv] - DEBUG - Posición actualizada por visión: x=265.50, y=98.22, θ=1.67
2026-06-02 14:30:14.207 - [robot_6_log_20260602_143011.csv] - DEBUG - Frecuencia: 60.79 Hz | Latencia Red/Proc: 29.23 ms
2026-06-02 14:30:14.207 - [robot_6_log_20260602_143011.csv] - INFO - Usando posición VISION: x=265.50, y=98.22, θ=1.67
2026-06-02 14:30:14.207 - [robot_6_log_20260602_143011.csv] - DEBUG - Incoming data. Topic 6/pos, mensaje {"x": 265.5, "y": 98.22, "yaw": 1.669, "timestamp": 1780403414.1892693}
2026-06-02 14:30:14.207 - [robot_6_log_20260602_143011.csv] - INFO - Distancias a paredes: Left: 265.50, Right: 184.50, Top: 41.78, Bottom: 98.22
2026-06-02 14:30:14.207 - [robot_6_log_20260602_143011.csv] - DEBUG - Posición actualizada por visión: x=265.50, y=98.22, θ=1.67
2026-06-02 14:30:14.207 - [robot_6_log_20260602_143011.csv] - INFO - Posicion: 265.5, 98.22, 1.669 | Velocidad: -0.9951818932886386, -0.09804590389425098
2026-06-02 14:30:14.207 - [robot_6_log_20260602_143011.csv] - DEBUG - Frecuencia: 2148.72 Hz | Latencia Red/Proc: 18.36 ms
2026-06-02 14:30:14.207 - [robot_6_log_20260602_143011.csv] - INFO - None
2026-06-02 14:30:14.207 - [robot_6_log_20260602_143011.csv] - DEBUG - Incoming data. Topic 6/pos, mensaje {"x": 265.5, "y": 98.22, "yaw": 1.669, "timestamp": 1780403414.1892693}
2026-06-02 14:30:14.207 - [robot_6_log_20260602_143011.csv] - WARNING - Estado FSM: AVANZA | Target Wall: None | Target Theta: 0.00° |theta: 95.6266560073344 
2026-06-02 14:30:14.207 - [robot_6_log_20260602_143011.csv] - DEBUG - Posición actualizada por visión: x=265.50, y=98.22, θ=1.67
2026-06-02 14:30:14.219 - [robot_6_log_20260602_143011.csv] - DEBUG - Frecuencia: 87.61 Hz | Latencia Red/Proc: 29.78 ms
2026-06-02 14:30:14.257 - [robot_6_log_20260602_143011.csv] - INFO - Usando posición VISION: x=265.50, y=98.22, θ=1.67
2026-06-02 14:30:14.257 - [robot_6_log_20260602_143011.csv] - INFO - Distancias a paredes: Left: 265.50, Right: 184.50, Top: 41.78, Bottom: 98.22
2026-06-02 14:30:14.257 - [robot_6_log_20260602_143011.csv] - INFO - Posicion: 265.5, 98.22, 1.669 | Velocidad: -0.9951818932886386, -0.09804590389425098
2026-06-02 14:30:14.257 - [robot_6_log_20260602_143011.csv] - INFO - None
2026-06-02 14:30:14.257 - [robot_6_log_20260602_143011.csv] - WARNING - Estado FSM: AVANZA | Target Wall: None | Target Theta: 0.00° |theta: 95.6266560073344 
2026-06-02 14:30:14.262 - [robot_6_log_20260602_143011.csv] - DEBUG - Incoming data. Topic agent/6/wheel, mensaje {"Wleft":1.657007864e-15,"Wright":-3.719247132e-16}
2026-06-02 14:30:14.285 - [robot_6_log_20260602_143011.csv] - DEBUG - Incoming data. Topic 6/pos, mensaje {"x": 265.49, "y": 98.23, "yaw": 1.667, "timestamp": 1780403414.27697}
2026-06-02 14:30:14.290 - [robot_6_log_20260602_143011.csv] - DEBUG - Posición actualizada por visión: x=265.49, y=98.23, θ=1.67
2026-06-02 14:30:14.290 - [robot_6_log_20260602_143011.csv] - DEBUG - Frecuencia: 13.93 Hz | Latencia Red/Proc: 13.84 ms
2026-06-02 14:30:14.307 - [robot_6_log_20260602_143011.csv] - DEBUG - Incoming data. Topic 6/pos, mensaje {"x": 265.49, "y": 98.23, "yaw": 1.667, "timestamp": 1780403414.27697}
2026-06-02 14:30:14.307 - [robot_6_log_20260602_143011.csv] - INFO - Usando posición VISION: x=265.49, y=98.23, θ=1.67
2026-06-02 14:30:14.307 - [robot_6_log_20260602_143011.csv] - DEBUG - Posición actualizada por visión: x=265.49, y=98.23, θ=1.67
2026-06-02 14:30:14.307 - [robot_6_log_20260602_143011.csv] - INFO - Distancias a paredes: Left: 265.49, Right: 184.51, Top: 41.77, Bottom: 98.23
2026-06-02 14:30:14.307 - [robot_6_log_20260602_143011.csv] - DEBUG - Frecuencia: 59.79 Hz | Latencia Red/Proc: 30.56 ms
2026-06-02 14:30:14.307 - [robot_6_log_20260602_143011.csv] - INFO - Posicion: 265.49, 98.23, 1.667 | Velocidad: -0.9953759946025762, -0.09605534534284021
2026-06-02 14:30:14.307 - [robot_6_log_20260602_143011.csv] - INFO - None
2026-06-02 14:30:14.307 - [robot_6_log_20260602_143011.csv] - WARNING - Estado FSM: AVANZA | Target Wall: None | Target Theta: 0.00° |theta: 95.51206444830824 
2026-06-02 14:30:14.312 - [robot_6_log_20260602_143011.csv] - DEBUG - Incoming data. Topic 6/pos, mensaje {"x": 265.49, "y": 98.23, "yaw": 1.667, "timestamp": 1780403414.2882113}
2026-06-02 14:30:14.318 - [robot_6_log_20260602_143011.csv] - DEBUG - Posición actualizada por visión: x=265.49, y=98.23, θ=1.67
2026-06-02 14:30:14.325 - [robot_6_log_20260602_143011.csv] - DEBUG - Frecuencia: 56.92 Hz | Latencia Red/Proc: 36.89 ms
2026-06-02 14:30:14.330 - [robot_6_log_20260602_143011.csv] - DEBUG - Incoming data. Topic 6/pos, mensaje {"x": 265.49, "y": 98.23, "yaw": 1.667, "timestamp": 1780403414.2882113}
2026-06-02 14:30:14.335 - [robot_6_log_20260602_143011.csv] - DEBUG - Posición actualizada por visión: x=265.49, y=98.23, θ=1.67
2026-06-02 14:30:14.340 - [robot_6_log_20260602_143011.csv] - DEBUG - Frecuencia: 64.81 Hz | Latencia Red/Proc: 52.32 ms
2026-06-02 14:30:14.357 - [robot_6_log_20260602_143011.csv] - INFO - Usando posición VISION: x=265.49, y=98.23, θ=1.67
2026-06-02 14:30:14.357 - [robot_6_log_20260602_143011.csv] - INFO - Distancias a paredes: Left: 265.49, Right: 184.51, Top: 41.77, Bottom: 98.23
2026-06-02 14:30:14.357 - [robot_6_log_20260602_143011.csv] - INFO - Posicion: 265.49, 98.23, 1.667 | Velocidad: -0.9953759946025762, -0.09605534534284021
2026-06-02 14:30:14.357 - [robot_6_log_20260602_143011.csv] - INFO - None
2026-06-02 14:30:14.357 - [robot_6_log_20260602_143011.csv] - WARNING - Estado FSM: AVANZA | Target Wall: None | Target Theta: 0.00° |theta: 95.51206444830824 
2026-06-02 14:30:14.367 - [robot_6_log_20260602_143011.csv] - DEBUG - Incoming data. Topic agent/6/wheel, mensaje {"Wleft":1.657007864e-15,"Wright":-3.719247132e-16}
2026-06-02 14:30:14.379 - [robot_6_log_20260602_143011.csv] - DEBUG - Incoming data. Topic 6/pos, mensaje {"x": 265.48, "y": 98.23, "yaw": 1.676, "timestamp": 1780403414.3778074}
2026-06-02 14:30:14.384 - [robot_6_log_20260602_143011.csv] - DEBUG - Posición actualizada por visión: x=265.48, y=98.23, θ=1.68
2026-06-02 14:30:14.389 - [robot_6_log_20260602_143011.csv] - DEBUG - Frecuencia: 20.41 Hz | Latencia Red/Proc: 11.71 ms
2026-06-02 14:30:14.394 - [robot_6_log_20260602_143011.csv] - DEBUG - Incoming data. Topic 6/pos, mensaje {"x": 265.48, "y": 98.23, "yaw": 1.676, "timestamp": 1780403414.3778074}
2026-06-02 14:30:14.399 - [robot_6_log_20260602_143011.csv] - DEBUG - Posición actualizada por visión: x=265.48, y=98.23, θ=1.68
2026-06-02 14:30:14.406 - [robot_6_log_20260602_143011.csv] - DEBUG - Frecuencia: 60.55 Hz | Latencia Red/Proc: 28.22 ms
2026-06-02 14:30:14.407 - [robot_6_log_20260602_143011.csv] - INFO - Usando posición VISION: x=265.48, y=98.23, θ=1.68
2026-06-02 14:30:14.407 - [robot_6_log_20260602_143011.csv] - DEBUG - Incoming data. Topic 6/pos, mensaje {"x": 265.48, "y": 98.23, "yaw": 1.676, "timestamp": 1780403414.3889296}
2026-06-02 14:30:14.407 - [robot_6_log_20260602_143011.csv] - INFO - Distancias a paredes: Left: 265.48, Right: 184.52, Top: 41.77, Bottom: 98.23
2026-06-02 14:30:14.407 - [robot_6_log_20260602_143011.csv] - DEBUG - Posición actualizada por visión: x=265.48, y=98.23, θ=1.68
2026-06-02 14:30:14.407 - [robot_6_log_20260602_143011.csv] - INFO - Posicion: 265.48, 98.23, 1.676 | Velocidad: -0.9944711957094966, -0.10500971814134243
2026-06-02 14:30:14.407 - [robot_6_log_20260602_143011.csv] - DEBUG - Frecuencia: 630.63 Hz | Latencia Red/Proc: 18.69 ms
2026-06-02 14:30:14.407 - [robot_6_log_20260602_143011.csv] - INFO - None
2026-06-02 14:30:14.407 - [robot_6_log_20260602_143011.csv] - DEBUG - Incoming data. Topic 6/pos, mensaje {"x": 265.48, "y": 98.23, "yaw": 1.676, "timestamp": 1780403414.3889296}
2026-06-02 14:30:14.407 - [robot_6_log_20260602_143011.csv] - WARNING - Estado FSM: AVANZA | Target Wall: None | Target Theta: 0.00° |theta: 96.02772646392597 
2026-06-02 14:30:14.407 - [robot_6_log_20260602_143011.csv] - DEBUG - Posición actualizada por visión: x=265.48, y=98.23, θ=1.68
2026-06-02 14:30:14.418 - [robot_6_log_20260602_143011.csv] - DEBUG - Frecuencia: 88.17 Hz | Latencia Red/Proc: 30.03 ms
2026-06-02 14:30:14.430 - [robot_6_log_20260602_143011.csv] - DEBUG - Incoming data. Topic agent/6/wheel, mensaje {"Wleft":1.657007864e-15,"Wright":-3.719247132e-16}
2026-06-02 14:30:14.457 - [robot_6_log_20260602_143011.csv] - INFO - Usando posición VISION: x=265.48, y=98.23, θ=1.68
2026-06-02 14:30:14.457 - [robot_6_log_20260602_143011.csv] - INFO - Distancias a paredes: Left: 265.48, Right: 184.52, Top: 41.77, Bottom: 98.23
2026-06-02 14:30:14.457 - [robot_6_log_20260602_143011.csv] - INFO - Posicion: 265.48, 98.23, 1.676 | Velocidad: -0.9944711957094966, -0.10500971814134243
2026-06-02 14:30:14.457 - [robot_6_log_20260602_143011.csv] - INFO - None
2026-06-02 14:30:14.457 - [robot_6_log_20260602_143011.csv] - WARNING - Estado FSM: AVANZA | Target Wall: None | Target Theta: 0.00° |theta: 96.02772646392597 
2026-06-02 14:30:14.482 - [robot_6_log_20260602_143011.csv] - DEBUG - Incoming data. Topic 6/pos, mensaje {"x": 265.5, "y": 98.24, "yaw": 1.668, "timestamp": 1780403414.476969}
2026-06-02 14:30:14.487 - [robot_6_log_20260602_143011.csv] - DEBUG - Posición actualizada por visión: x=265.50, y=98.24, θ=1.67
2026-06-02 14:30:14.492 - [robot_6_log_20260602_143011.csv] - DEBUG - Frecuencia: 13.60 Hz | Latencia Red/Proc: 15.49 ms
2026-06-02 14:30:14.502 - [robot_6_log_20260602_143011.csv] - DEBUG - Incoming data. Topic 6/pos, mensaje {"x": 265.5, "y": 98.24, "yaw": 1.668, "timestamp": 1780403414.476969}
2026-06-02 14:30:14.507 - [robot_6_log_20260602_143011.csv] - INFO - Usando posición VISION: x=265.50, y=98.24, θ=1.67
2026-06-02 14:30:14.507 - [robot_6_log_20260602_143011.csv] - DEBUG - Posición actualizada por visión: x=265.50, y=98.24, θ=1.67
2026-06-02 14:30:14.507 - [robot_6_log_20260602_143011.csv] - INFO - Distancias a paredes: Left: 265.50, Right: 184.50, Top: 41.76, Bottom: 98.24
2026-06-02 14:30:14.507 - [robot_6_log_20260602_143011.csv] - DEBUG - Frecuencia: 66.08 Hz | Latencia Red/Proc: 30.63 ms
2026-06-02 14:30:14.507 - [robot_6_log_20260602_143011.csv] - INFO - Posicion: 265.5, 98.24, 1.668 | Velocidad: -0.9952794415852867, -0.09705067314387801
2026-06-02 14:30:14.507 - [robot_6_log_20260602_143011.csv] - INFO - None
2026-06-02 14:30:14.507 - [robot_6_log_20260602_143011.csv] - DEBUG - Incoming data. Topic 6/pos, mensaje {"x": 265.5, "y": 98.24, "yaw": 1.668, "timestamp": 1780403414.4881976}
2026-06-02 14:30:14.507 - [robot_6_log_20260602_143011.csv] - WARNING - Estado FSM: AVANZA | Target Wall: None | Target Theta: 0.00° |theta: 95.5693602278213 
2026-06-02 14:30:14.507 - [robot_6_log_20260602_143011.csv] - DEBUG - Posición actualizada por visión: x=265.50, y=98.24, θ=1.67
2026-06-02 14:30:14.512 - [robot_6_log_20260602_143011.csv] - DEBUG - Frecuencia: 188.77 Hz | Latencia Red/Proc: 24.70 ms
2026-06-02 14:30:14.517 - [robot_6_log_20260602_143011.csv] - DEBUG - Incoming data. Topic 6/pos, mensaje {"x": 265.5, "y": 98.24, "yaw": 1.668, "timestamp": 1780403414.4881976}
2026-06-02 14:30:14.523 - [robot_6_log_20260602_143011.csv] - DEBUG - Posición actualizada por visión: x=265.50, y=98.24, θ=1.67
2026-06-02 14:30:14.528 - [robot_6_log_20260602_143011.csv] - DEBUG - Frecuencia: 65.19 Hz | Latencia Red/Proc: 40.04 ms
2026-06-02 14:30:14.557 - [robot_6_log_20260602_143011.csv] - INFO - Usando posición VISION: x=265.50, y=98.24, θ=1.67
2026-06-02 14:30:14.557 - [robot_6_log_20260602_143011.csv] - INFO - Distancias a paredes: Left: 265.50, Right: 184.50, Top: 41.76, Bottom: 98.24
2026-06-02 14:30:14.557 - [robot_6_log_20260602_143011.csv] - INFO - Posicion: 265.5, 98.24, 1.668 | Velocidad: -0.9952794415852867, -0.09705067314387801
2026-06-02 14:30:14.557 - [robot_6_log_20260602_143011.csv] - INFO - None
2026-06-02 14:30:14.557 - [robot_6_log_20260602_143011.csv] - WARNING - Estado FSM: AVANZA | Target Wall: None | Target Theta: 0.00° |theta: 95.5693602278213 
2026-06-02 14:30:14.568 - [robot_6_log_20260602_143011.csv] - DEBUG - Incoming data. Topic agent/6/wheel, mensaje {"Wleft":1.657007864e-15,"Wright":-3.719247132e-16}
2026-06-02 14:30:14.584 - [robot_6_log_20260602_143011.csv] - DEBUG - Incoming data. Topic 6/pos, mensaje {"x": 265.47, "y": 98.23, "yaw": 1.672, "timestamp": 1780403414.5793815}
2026-06-02 14:30:14.590 - [robot_6_log_20260602_143011.csv] - DEBUG - Posición actualizada por visión: x=265.47, y=98.23, θ=1.67
2026-06-02 14:30:14.596 - [robot_6_log_20260602_143011.csv] - DEBUG - Frecuencia: 14.69 Hz | Latencia Red/Proc: 16.93 ms
2026-06-02 14:30:14.601 - [robot_6_log_20260602_143011.csv] - DEBUG - Incoming data. Topic 6/pos, mensaje {"x": 265.47, "y": 98.23, "yaw": 1.672, "timestamp": 1780403414.5793815}
2026-06-02 14:30:14.606 - [robot_6_log_20260602_143011.csv] - DEBUG - Posición actualizada por visión: x=265.47, y=98.23, θ=1.67
2026-06-02 14:30:14.607 - [robot_6_log_20260602_143011.csv] - INFO - Usando posición VISION: x=265.47, y=98.23, θ=1.67
2026-06-02 14:30:14.607 - [robot_6_log_20260602_143011.csv] - DEBUG - Frecuencia: 89.75 Hz | Latencia Red/Proc: 28.08 ms
2026-06-02 14:30:14.607 - [robot_6_log_20260602_143011.csv] - INFO - Distancias a paredes: Left: 265.47, Right: 184.53, Top: 41.77, Bottom: 98.23
2026-06-02 14:30:14.607 - [robot_6_log_20260602_143011.csv] - DEBUG - Incoming data. Topic 6/pos, mensaje {"x": 265.47, "y": 98.23, "yaw": 1.672, "timestamp": 1780403414.5903652}
2026-06-02 14:30:14.607 - [robot_6_log_20260602_143011.csv] - INFO - Posicion: 265.47, 98.23, 1.672 | Velocidad: -0.9948832777030012, -0.10103100388956367
2026-06-02 14:30:14.607 - [robot_6_log_20260602_143011.csv] - DEBUG - Posición actualizada por visión: x=265.47, y=98.23, θ=1.67
2026-06-02 14:30:14.607 - [robot_6_log_20260602_143011.csv] - INFO - None
2026-06-02 14:30:14.607 - [robot_6_log_20260602_143011.csv] - DEBUG - Frecuencia: 5190.97 Hz | Latencia Red/Proc: 17.29 ms
2026-06-02 14:30:14.607 - [robot_6_log_20260602_143011.csv] - WARNING - Estado FSM: AVANZA | Target Wall: None | Target Theta: 0.00° |theta: 95.79854334587364 
2026-06-02 14:30:14.607 - [robot_6_log_20260602_143011.csv] - DEBUG - Incoming data. Topic 6/pos, mensaje {"x": 265.47, "y": 98.23, "yaw": 1.672, "timestamp": 1780403414.5903652}
2026-06-02 14:30:14.617 - [robot_6_log_20260602_143011.csv] - DEBUG - Posición actualizada por visión: x=265.47, y=98.23, θ=1.67
2026-06-02 14:30:14.623 - [robot_6_log_20260602_143011.csv] - DEBUG - Frecuencia: 65.00 Hz | Latencia Red/Proc: 32.67 ms
2026-06-02 14:30:14.639 - [robot_6_log_20260602_143011.csv] - DEBUG - Incoming data. Topic agent/6/wheel, mensaje {"Wleft":1.657007864e-15,"Wright":-3.719247132e-16}
2026-06-02 14:30:14.657 - [robot_6_log_20260602_143011.csv] - INFO - Usando posición VISION: x=265.47, y=98.23, θ=1.67
2026-06-02 14:30:14.657 - [robot_6_log_20260602_143011.csv] - INFO - Distancias a paredes: Left: 265.47, Right: 184.53, Top: 41.77, Bottom: 98.23
2026-06-02 14:30:14.657 - [robot_6_log_20260602_143011.csv] - INFO - Posicion: 265.47, 98.23, 1.672 | Velocidad: -0.9948832777030012, -0.10103100388956367
2026-06-02 14:30:14.657 - [robot_6_log_20260602_143011.csv] - INFO - None
2026-06-02 14:30:14.657 - [robot_6_log_20260602_143011.csv] - WARNING - Estado FSM: AVANZA | Target Wall: None | Target Theta: 0.00° |theta: 95.79854334587364 
2026-06-02 14:30:14.686 - [robot_6_log_20260602_143011.csv] - DEBUG - Incoming data. Topic 6/pos, mensaje {"x": 265.49, "y": 98.24, "yaw": 1.667, "timestamp": 1780403414.6778078}
2026-06-02 14:30:14.692 - [robot_6_log_20260602_143011.csv] - DEBUG - Posición actualizada por visión: x=265.49, y=98.24, θ=1.67
2026-06-02 14:30:14.698 - [robot_6_log_20260602_143011.csv] - DEBUG - Frecuencia: 13.31 Hz | Latencia Red/Proc: 20.35 ms
2026-06-02 14:30:14.703 - [robot_6_log_20260602_143011.csv] - DEBUG - Incoming data. Topic 6/pos, mensaje {"x": 265.49, "y": 98.24, "yaw": 1.667, "timestamp": 1780403414.6778078}
2026-06-02 14:30:14.703 - [robot_6_log_20260602_143011.csv] - DEBUG - Posición actualizada por visión: x=265.49, y=98.24, θ=1.67
2026-06-02 14:30:14.703 - [robot_6_log_20260602_143011.csv] - DEBUG - Frecuencia: 194.26 Hz | Latencia Red/Proc: 25.50 ms
2026-06-02 14:30:14.703 - [robot_6_log_20260602_143011.csv] - DEBUG - Incoming data. Topic 6/pos, mensaje {"x": 265.49, "y": 98.24, "yaw": 1.667, "timestamp": 1780403414.6890216}
2026-06-02 14:30:14.703 - [robot_6_log_20260602_143011.csv] - DEBUG - Posición actualizada por visión: x=265.49, y=98.24, θ=1.67
2026-06-02 14:30:14.703 - [robot_6_log_20260602_143011.csv] - DEBUG - Frecuencia: 23172.95 Hz | Latencia Red/Proc: 14.33 ms
2026-06-02 14:30:14.703 - [robot_6_log_20260602_143011.csv] - DEBUG - Incoming data. Topic 6/pos, mensaje {"x": 265.49, "y": 98.24, "yaw": 1.667, "timestamp": 1780403414.6890216}
2026-06-02 14:30:14.707 - [robot_6_log_20260602_143011.csv] - INFO - Usando posición VISION: x=265.49, y=98.24, θ=1.67
2026-06-02 14:30:14.707 - [robot_6_log_20260602_143011.csv] - DEBUG - Posición actualizada por visión: x=265.49, y=98.24, θ=1.67
2026-06-02 14:30:14.707 - [robot_6_log_20260602_143011.csv] - INFO - Distancias a paredes: Left: 265.49, Right: 184.51, Top: 41.76, Bottom: 98.24
2026-06-02 14:30:14.707 - [robot_6_log_20260602_143011.csv] - DEBUG - Frecuencia: 240.14 Hz | Latencia Red/Proc: 18.49 ms
2026-06-02 14:30:14.707 - [robot_6_log_20260602_143011.csv] - INFO - Posicion: 265.49, 98.24, 1.667 | Velocidad: -0.9953759946025762, -0.09605534534284021
2026-06-02 14:30:14.707 - [robot_6_log_20260602_143011.csv] - INFO - None
2026-06-02 14:30:14.707 - [robot_6_log_20260602_143011.csv] - WARNING - Estado FSM: AVANZA | Target Wall: None | Target Theta: 0.00° |theta: 95.51206444830824 
2026-06-02 14:30:14.757 - [robot_6_log_20260602_143011.csv] - INFO - Usando posición VISION: x=265.49, y=98.24, θ=1.67
2026-06-02 14:30:14.757 - [robot_6_log_20260602_143011.csv] - INFO - Distancias a paredes: Left: 265.49, Right: 184.51, Top: 41.76, Bottom: 98.24
2026-06-02 14:30:14.757 - [robot_6_log_20260602_143011.csv] - INFO - Posicion: 265.49, 98.24, 1.667 | Velocidad: -0.9953759946025762, -0.09605534534284021
2026-06-02 14:30:14.757 - [robot_6_log_20260602_143011.csv] - INFO - None
2026-06-02 14:30:14.757 - [robot_6_log_20260602_143011.csv] - WARNING - Estado FSM: AVANZA | Target Wall: None | Target Theta: 0.00° |theta: 95.51206444830824 
2026-06-02 14:30:14.768 - [robot_6_log_20260602_143011.csv] - DEBUG - Incoming data. Topic agent/6/wheel, mensaje {"Wleft":1.657007864e-15,"Wright":-3.719247132e-16}
2026-06-02 14:30:14.780 - [robot_6_log_20260602_143011.csv] - DEBUG - Incoming data. Topic 6/pos, mensaje {"x": 265.5, "y": 98.23, "yaw": 1.671, "timestamp": 1780403414.779062}
2026-06-02 14:30:14.785 - [robot_6_log_20260602_143011.csv] - DEBUG - Posición actualizada por visión: x=265.50, y=98.23, θ=1.67
2026-06-02 14:30:14.791 - [robot_6_log_20260602_143011.csv] - DEBUG - Frecuencia: 11.91 Hz | Latencia Red/Proc: 12.40 ms
2026-06-02 14:30:14.791 - [robot_6_log_20260602_143011.csv] - DEBUG - Incoming data. Topic 6/pos, mensaje {"x": 265.5, "y": 98.23, "yaw": 1.671, "timestamp": 1780403414.779062}
2026-06-02 14:30:14.791 - [robot_6_log_20260602_143011.csv] - DEBUG - Posición actualizada por visión: x=265.50, y=98.23, θ=1.67
2026-06-02 14:30:14.791 - [robot_6_log_20260602_143011.csv] - DEBUG - Frecuencia: 18157.16 Hz | Latencia Red/Proc: 12.45 ms
2026-06-02 14:30:14.791 - [robot_6_log_20260602_143011.csv] - DEBUG - Incoming data. Topic 6/pos, mensaje {"x": 265.5, "y": 98.23, "yaw": 1.671, "timestamp": 1780403414.790767}
2026-06-02 14:30:14.791 - [robot_6_log_20260602_143011.csv] - DEBUG - Posición actualizada por visión: x=265.50, y=98.23, θ=1.67
2026-06-02 14:30:14.791 - [robot_6_log_20260602_143011.csv] - DEBUG - Frecuencia: 23967.45 Hz | Latencia Red/Proc: 0.79 ms
2026-06-02 14:30:14.791 - [robot_6_log_20260602_143011.csv] - DEBUG - Incoming data. Topic 6/pos, mensaje {"x": 265.5, "y": 98.23, "yaw": 1.671, "timestamp": 1780403414.790767}
2026-06-02 14:30:14.791 - [robot_6_log_20260602_143011.csv] - DEBUG - Posición actualizada por visión: x=265.50, y=98.23, θ=1.67
2026-06-02 14:30:14.791 - [robot_6_log_20260602_143011.csv] - DEBUG - Frecuencia: 20460.02 Hz | Latencia Red/Proc: 0.84 ms
2026-06-02 14:30:14.807 - [robot_6_log_20260602_143011.csv] - INFO - Usando posición VISION: x=265.50, y=98.23, θ=1.67
2026-06-02 14:30:14.807 - [robot_6_log_20260602_143011.csv] - INFO - Distancias a paredes: Left: 265.50, Right: 184.50, Top: 41.77, Bottom: 98.23
2026-06-02 14:30:14.807 - [robot_6_log_20260602_143011.csv] - INFO - Posicion: 265.5, 98.23, 1.671 | Velocidad: -0.9949838112484548, -0.10003607026217691
2026-06-02 14:30:14.807 - [robot_6_log_20260602_143011.csv] - INFO - None
2026-06-02 14:30:14.807 - [robot_6_log_20260602_143011.csv] - WARNING - Estado FSM: AVANZA | Target Wall: None | Target Theta: 0.00° |theta: 95.74124756636057 
2026-06-02 14:30:14.837 - [robot_6_log_20260602_143011.csv] - DEBUG - Incoming data. Topic agent/6/wheel, mensaje {"Wleft":1.657007864e-15,"Wright":-3.719247132e-16}
2026-06-02 14:30:14.857 - [robot_6_log_20260602_143011.csv] - INFO - Usando posición VISION: x=265.50, y=98.23, θ=1.67
2026-06-02 14:30:14.857 - [robot_6_log_20260602_143011.csv] - INFO - Distancias a paredes: Left: 265.50, Right: 184.50, Top: 41.77, Bottom: 98.23
2026-06-02 14:30:14.857 - [robot_6_log_20260602_143011.csv] - INFO - Posicion: 265.5, 98.23, 1.671 | Velocidad: -0.9949838112484548, -0.10003607026217691
2026-06-02 14:30:14.857 - [robot_6_log_20260602_143011.csv] - INFO - None
2026-06-02 14:30:14.857 - [robot_6_log_20260602_143011.csv] - WARNING - Estado FSM: AVANZA | Target Wall: None | Target Theta: 0.00° |theta: 95.74124756636057 
2026-06-02 14:30:14.886 - [robot_6_log_20260602_143011.csv] - DEBUG - Incoming data. Topic 6/pos, mensaje {"x": 265.49, "y": 98.24, "yaw": 1.667, "timestamp": 1780403414.8811796}
2026-06-02 14:30:14.891 - [robot_6_log_20260602_143011.csv] - DEBUG - Posición actualizada por visión: x=265.49, y=98.24, θ=1.67
2026-06-02 14:30:14.891 - [robot_6_log_20260602_143011.csv] - DEBUG - Frecuencia: 9.98 Hz | Latencia Red/Proc: 10.59 ms
2026-06-02 14:30:14.891 - [robot_6_log_20260602_143011.csv] - DEBUG - Incoming data. Topic 6/pos, mensaje {"x": 265.49, "y": 98.24, "yaw": 1.667, "timestamp": 1780403414.8811796}
2026-06-02 14:30:14.891 - [robot_6_log_20260602_143011.csv] - DEBUG - Posición actualizada por visión: x=265.49, y=98.24, θ=1.67
2026-06-02 14:30:14.891 - [robot_6_log_20260602_143011.csv] - DEBUG - Frecuencia: 17623.13 Hz | Latencia Red/Proc: 10.65 ms
2026-06-02 14:30:14.897 - [robot_6_log_20260602_143011.csv] - DEBUG - Incoming data. Topic 6/pos, mensaje {"x": 265.49, "y": 98.24, "yaw": 1.667, "timestamp": 1780403414.8919957}
2026-06-02 14:30:14.902 - [robot_6_log_20260602_143011.csv] - DEBUG - Posición actualizada por visión: x=265.49, y=98.24, θ=1.67
2026-06-02 14:30:14.902 - [robot_6_log_20260602_143011.csv] - DEBUG - Frecuencia: 94.48 Hz | Latencia Red/Proc: 10.42 ms
2026-06-02 14:30:14.902 - [robot_6_log_20260602_143011.csv] - DEBUG - Incoming data. Topic 6/pos, mensaje {"x": 265.49, "y": 98.24, "yaw": 1.667, "timestamp": 1780403414.8919957}
2026-06-02 14:30:14.902 - [robot_6_log_20260602_143011.csv] - DEBUG - Posición actualizada por visión: x=265.49, y=98.24, θ=1.67
2026-06-02 14:30:14.902 - [robot_6_log_20260602_143011.csv] - DEBUG - Frecuencia: 23172.95 Hz | Latencia Red/Proc: 10.46 ms
2026-06-02 14:30:14.907 - [robot_6_log_20260602_143011.csv] - INFO - Usando posición VISION: x=265.49, y=98.24, θ=1.67
2026-06-02 14:30:14.907 - [robot_6_log_20260602_143011.csv] - INFO - Distancias a paredes: Left: 265.49, Right: 184.51, Top: 41.76, Bottom: 98.24
2026-06-02 14:30:14.907 - [robot_6_log_20260602_143011.csv] - INFO - Posicion: 265.49, 98.24, 1.667 | Velocidad: -0.9953759946025762, -0.09605534534284021
2026-06-02 14:30:14.907 - [robot_6_log_20260602_143011.csv] - INFO - None
2026-06-02 14:30:14.907 - [robot_6_log_20260602_143011.csv] - WARNING - Estado FSM: AVANZA | Target Wall: None | Target Theta: 0.00° |theta: 95.51206444830824 
2026-06-02 14:30:14.957 - [robot_6_log_20260602_143011.csv] - INFO - Usando posición VISION: x=265.49, y=98.24, θ=1.67
2026-06-02 14:30:14.957 - [robot_6_log_20260602_143011.csv] - INFO - Distancias a paredes: Left: 265.49, Right: 184.51, Top: 41.76, Bottom: 98.24
2026-06-02 14:30:14.957 - [robot_6_log_20260602_143011.csv] - INFO - Posicion: 265.49, 98.24, 1.667 | Velocidad: -0.9953759946025762, -0.09605534534284021
2026-06-02 14:30:14.957 - [robot_6_log_20260602_143011.csv] - INFO - None
2026-06-02 14:30:14.957 - [robot_6_log_20260602_143011.csv] - WARNING - Estado FSM: AVANZA | Target Wall: None | Target Theta: 0.00° |theta: 95.51206444830824 
2026-06-02 14:30:14.974 - [robot_6_log_20260602_143011.csv] - DEBUG - Incoming data. Topic agent/6/wheel, mensaje {"Wleft":1.657007864e-15,"Wright":-3.719247132e-16}
2026-06-02 14:30:14.980 - [robot_6_log_20260602_143011.csv] - DEBUG - Incoming data. Topic 6/pos, mensaje {"x": 265.48, "y": 98.21, "yaw": 1.672, "timestamp": 1780403414.9793296}
2026-06-02 14:30:14.996 - [robot_6_log_20260602_143011.csv] - DEBUG - Posición actualizada por visión: x=265.48, y=98.21, θ=1.67
2026-06-02 14:30:15.007 - [robot_6_log_20260602_143011.csv] - INFO - Usando posición VISION: x=265.48, y=98.21, θ=1.67
2026-06-02 14:30:15.007 - [robot_6_log_20260602_143011.csv] - DEBUG - Frecuencia: 9.52 Hz | Latencia Red/Proc: 28.12 ms
2026-06-02 14:30:15.007 - [robot_6_log_20260602_143011.csv] - INFO - Distancias a paredes: Left: 265.48, Right: 184.52, Top: 41.79, Bottom: 98.21
2026-06-02 14:30:15.007 - [robot_6_log_20260602_143011.csv] - DEBUG - Incoming data. Topic 6/pos, mensaje {"x": 265.48, "y": 98.21, "yaw": 1.672, "timestamp": 1780403414.9793296}
2026-06-02 14:30:15.007 - [robot_6_log_20260602_143011.csv] - INFO - Posicion: 265.48, 98.21, 1.672 | Velocidad: -0.9948832777030012, -0.10103100388956367
2026-06-02 14:30:15.007 - [robot_6_log_20260602_143011.csv] - DEBUG - Posición actualizada por visión: x=265.48, y=98.21, θ=1.67
2026-06-02 14:30:15.007 - [robot_6_log_20260602_143011.csv] - INFO - None
2026-06-02 14:30:15.007 - [robot_6_log_20260602_143011.csv] - DEBUG - Frecuencia: 7108.99 Hz | Latencia Red/Proc: 28.26 ms
2026-06-02 14:30:15.007 - [robot_6_log_20260602_143011.csv] - WARNING - Estado FSM: AVANZA | Target Wall: None | Target Theta: 0.00° |theta: 95.79854334587364 
2026-06-02 14:30:15.007 - [robot_6_log_20260602_143011.csv] - DEBUG - Incoming data. Topic 6/pos, mensaje {"x": 265.48, "y": 98.21, "yaw": 1.672, "timestamp": 1780403414.9881308}
2026-06-02 14:30:15.018 - [robot_6_log_20260602_143011.csv] - DEBUG - Posición actualizada por visión: x=265.48, y=98.21, θ=1.67
2026-06-02 14:30:15.029 - [robot_6_log_20260602_143011.csv] - DEBUG - Frecuencia: 46.66 Hz | Latencia Red/Proc: 40.89 ms
2026-06-02 14:30:15.040 - [robot_6_log_20260602_143011.csv] - DEBUG - Incoming data. Topic 6/pos, mensaje {"x": 265.48, "y": 98.21, "yaw": 1.672, "timestamp": 1780403414.9881308}
2026-06-02 14:30:15.045 - [robot_6_log_20260602_143011.csv] - DEBUG - Posición actualizada por visión: x=265.48, y=98.21, θ=1.67
2026-06-02 14:30:15.056 - [robot_6_log_20260602_143011.csv] - DEBUG - Frecuencia: 36.36 Hz | Latencia Red/Proc: 68.40 ms
2026-06-02 14:30:15.057 - [robot_6_log_20260602_143011.csv] - INFO - Usando posición VISION: x=265.48, y=98.21, θ=1.67
2026-06-02 14:30:15.057 - [robot_6_log_20260602_143011.csv] - DEBUG - Incoming data. Topic agent/6/wheel, mensaje {"Wleft":1.657007864e-15,"Wright":-3.719247132e-16}
2026-06-02 14:30:15.057 - [robot_6_log_20260602_143011.csv] - INFO - Distancias a paredes: Left: 265.48, Right: 184.52, Top: 41.79, Bottom: 98.21
2026-06-02 14:30:15.057 - [robot_6_log_20260602_143011.csv] - INFO - Posicion: 265.48, 98.21, 1.672 | Velocidad: -0.9948832777030012, -0.10103100388956367
2026-06-02 14:30:15.057 - [robot_6_log_20260602_143011.csv] - INFO - None
2026-06-02 14:30:15.057 - [robot_6_log_20260602_143011.csv] - WARNING - Estado FSM: AVANZA | Target Wall: None | Target Theta: 0.00° |theta: 95.79854334587364 
2026-06-02 14:30:15.075 - [robot_6_log_20260602_143011.csv] - DEBUG - Incoming data. Topic 6/pos, mensaje {"x": 265.52, "y": 98.19, "yaw": 1.679, "timestamp": 1780403415.0751843}
2026-06-02 14:30:15.081 - [robot_6_log_20260602_143011.csv] - DEBUG - Posición actualizada por visión: x=265.52, y=98.19, θ=1.68
2026-06-02 14:30:15.081 - [robot_6_log_20260602_143011.csv] - DEBUG - Frecuencia: 40.72 Hz | Latencia Red/Proc: 5.90 ms
2026-06-02 14:30:15.081 - [robot_6_log_20260602_143011.csv] - DEBUG - Incoming data. Topic 6/pos, mensaje {"x": 265.52, "y": 98.19, "yaw": 1.679, "timestamp": 1780403415.0751843}
2026-06-02 14:30:15.081 - [robot_6_log_20260602_143011.csv] - DEBUG - Posición actualizada por visión: x=265.52, y=98.19, θ=1.68
2026-06-02 14:30:15.081 - [robot_6_log_20260602_143011.csv] - DEBUG - Frecuencia: 18978.75 Hz | Latencia Red/Proc: 5.95 ms
2026-06-02 14:30:15.087 - [robot_6_log_20260602_143011.csv] - DEBUG - Incoming data. Topic 6/pos, mensaje {"x": 265.52, "y": 98.19, "yaw": 1.679, "timestamp": 1780403415.0834432}
2026-06-02 14:30:15.092 - [robot_6_log_20260602_143011.csv] - DEBUG - Posición actualizada por visión: x=265.52, y=98.19, θ=1.68
2026-06-02 14:30:15.097 - [robot_6_log_20260602_143011.csv] - DEBUG - Frecuencia: 60.68 Hz | Latencia Red/Proc: 14.17 ms
2026-06-02 14:30:15.107 - [robot_6_log_20260602_143011.csv] - INFO - Usando posición VISION: x=265.52, y=98.19, θ=1.68
2026-06-02 14:30:15.107 - [robot_6_log_20260602_143011.csv] - INFO - Distancias a paredes: Left: 265.52, Right: 184.48, Top: 41.81, Bottom: 98.19
2026-06-02 14:30:15.107 - [robot_6_log_20260602_143011.csv] - INFO - Posicion: 265.52, 98.19, 1.679 | Velocidad: -0.9941516919105917, -0.10799265470997543
2026-06-02 14:30:15.107 - [robot_6_log_20260602_143011.csv] - INFO - None
2026-06-02 14:30:15.107 - [robot_6_log_20260602_143011.csv] - DEBUG - Incoming data. Topic 6/pos, mensaje {"x": 265.52, "y": 98.19, "yaw": 1.679, "timestamp": 1780403415.0834432}
2026-06-02 14:30:15.107 - [robot_6_log_20260602_143011.csv] - WARNING - Estado FSM: AVANZA | Target Wall: None | Target Theta: 0.00° |theta: 96.19961380246522 
2026-06-02 14:30:15.107 - [robot_6_log_20260602_143011.csv] - DEBUG - Posición actualizada por visión: x=265.52, y=98.19, θ=1.68
2026-06-02 14:30:15.113 - [robot_6_log_20260602_143011.csv] - DEBUG - Frecuencia: 64.59 Hz | Latencia Red/Proc: 29.66 ms
2026-06-02 14:30:15.157 - [robot_6_log_20260602_143011.csv] - INFO - Usando posición VISION: x=265.52, y=98.19, θ=1.68
2026-06-02 14:30:15.157 - [robot_6_log_20260602_143011.csv] - INFO - Distancias a paredes: Left: 265.52, Right: 184.48, Top: 41.81, Bottom: 98.19
2026-06-02 14:30:15.157 - [robot_6_log_20260602_143011.csv] - INFO - Posicion: 265.52, 98.19, 1.679 | Velocidad: -0.9941516919105917, -0.10799265470997543
2026-06-02 14:30:15.157 - [robot_6_log_20260602_143011.csv] - INFO - None
2026-06-02 14:30:15.157 - [robot_6_log_20260602_143011.csv] - WARNING - Estado FSM: AVANZA | Target Wall: None | Target Theta: 0.00° |theta: 96.19961380246522 
2026-06-02 14:30:15.176 - [robot_6_log_20260602_143011.csv] - DEBUG - Incoming data. Topic 6/pos, mensaje {"x": 265.47, "y": 98.24, "yaw": 1.672, "timestamp": 1780403415.1754496}
2026-06-02 14:30:15.181 - [robot_6_log_20260602_143011.csv] - DEBUG - Posición actualizada por visión: x=265.47, y=98.24, θ=1.67
2026-06-02 14:30:15.181 - [robot_6_log_20260602_143011.csv] - DEBUG - Frecuencia: 14.65 Hz | Latencia Red/Proc: 5.90 ms
2026-06-02 14:30:15.181 - [robot_6_log_20260602_143011.csv] - DEBUG - Incoming data. Topic 6/pos, mensaje {"x": 265.47, "y": 98.24, "yaw": 1.672, "timestamp": 1780403415.1754496}
2026-06-02 14:30:15.181 - [robot_6_log_20260602_143011.csv] - DEBUG - Posición actualizada por visión: x=265.47, y=98.24, θ=1.67
2026-06-02 14:30:15.181 - [robot_6_log_20260602_143011.csv] - DEBUG - Frecuencia: 13315.25 Hz | Latencia Red/Proc: 5.97 ms
2026-06-02 14:30:15.187 - [robot_6_log_20260602_143011.csv] - DEBUG - Incoming data. Topic 6/pos, mensaje {"x": 265.47, "y": 98.24, "yaw": 1.672, "timestamp": 1780403415.1842952}
2026-06-02 14:30:15.187 - [robot_6_log_20260602_143011.csv] - DEBUG - Posición actualizada por visión: x=265.47, y=98.24, θ=1.67
2026-06-02 14:30:15.187 - [robot_6_log_20260602_143011.csv] - DEBUG - Frecuencia: 163.45 Hz | Latencia Red/Proc: 3.25 ms
2026-06-02 14:30:15.187 - [robot_6_log_20260602_143011.csv] - DEBUG - Incoming data. Topic agent/6/wheel, mensaje {"Wleft":1.657007864e-15,"Wright":-3.719247132e-16}
2026-06-02 14:30:15.207 - [robot_6_log_20260602_143011.csv] - INFO - Usando posición VISION: x=265.47, y=98.24, θ=1.67
2026-06-02 14:30:15.207 - [robot_6_log_20260602_143011.csv] - INFO - Distancias a paredes: Left: 265.47, Right: 184.53, Top: 41.76, Bottom: 98.24
2026-06-02 14:30:15.207 - [robot_6_log_20260602_143011.csv] - INFO - Posicion: 265.47, 98.24, 1.672 | Velocidad: -0.9948832777030012, -0.10103100388956367
2026-06-02 14:30:15.207 - [robot_6_log_20260602_143011.csv] - INFO - None
2026-06-02 14:30:15.207 - [robot_6_log_20260602_143011.csv] - WARNING - Estado FSM: AVANZA | Target Wall: None | Target Theta: 0.00° |theta: 95.79854334587364 
2026-06-02 14:30:15.230 - [robot_6_log_20260602_143011.csv] - DEBUG - Incoming data. Topic 6/pos, mensaje {"x": 265.47, "y": 98.24, "yaw": 1.672, "timestamp": 1780403415.1842952}
2026-06-02 14:30:15.230 - [robot_6_log_20260602_143011.csv] - DEBUG - Posición actualizada por visión: x=265.47, y=98.24, θ=1.67
2026-06-02 14:30:15.230 - [robot_6_log_20260602_143011.csv] - DEBUG - Frecuencia: 23.06 Hz | Latencia Red/Proc: 46.61 ms
2026-06-02 14:30:15.257 - [robot_6_log_20260602_143011.csv] - INFO - Usando posición VISION: x=265.47, y=98.24, θ=1.67
2026-06-02 14:30:15.257 - [robot_6_log_20260602_143011.csv] - INFO - Distancias a paredes: Left: 265.47, Right: 184.53, Top: 41.76, Bottom: 98.24
2026-06-02 14:30:15.257 - [robot_6_log_20260602_143011.csv] - INFO - Posicion: 265.47, 98.24, 1.672 | Velocidad: -0.9948832777030012, -0.10103100388956367
2026-06-02 14:30:15.257 - [robot_6_log_20260602_143011.csv] - INFO - None
2026-06-02 14:30:15.257 - [robot_6_log_20260602_143011.csv] - WARNING - Estado FSM: AVANZA | Target Wall: None | Target Theta: 0.00° |theta: 95.79854334587364 
2026-06-02 14:30:15.287 - [robot_6_log_20260602_143011.csv] - DEBUG - Incoming data. Topic 6/pos, mensaje {"x": 265.52, "y": 98.2, "yaw": 1.68, "timestamp": 1780403415.2801518}
2026-06-02 14:30:15.292 - [robot_6_log_20260602_143011.csv] - DEBUG - Posición actualizada por visión: x=265.52, y=98.20, θ=1.68
2026-06-02 14:30:15.297 - [robot_6_log_20260602_143011.csv] - DEBUG - Frecuencia: 15.00 Hz | Latencia Red/Proc: 17.41 ms
2026-06-02 14:30:15.307 - [robot_6_log_20260602_143011.csv] - INFO - Usando posición VISION: x=265.52, y=98.20, θ=1.68
2026-06-02 14:30:15.307 - [robot_6_log_20260602_143011.csv] - INFO - Distancias a paredes: Left: 265.52, Right: 184.48, Top: 41.80, Bottom: 98.20
2026-06-02 14:30:15.307 - [robot_6_log_20260602_143011.csv] - INFO - Posicion: 265.52, 98.2, 1.68 | Velocidad: -0.994043202198076, -0.10898675223987112
2026-06-02 14:30:15.307 - [robot_6_log_20260602_143011.csv] - INFO - None
2026-06-02 14:30:15.307 - [robot_6_log_20260602_143011.csv] - DEBUG - Incoming data. Topic 6/pos, mensaje {"x": 265.52, "y": 98.2, "yaw": 1.68, "timestamp": 1780403415.2801518}
2026-06-02 14:30:15.307 - [robot_6_log_20260602_143011.csv] - WARNING - Estado FSM: AVANZA | Target Wall: None | Target Theta: 0.00° |theta: 96.2569095819783 
2026-06-02 14:30:15.307 - [robot_6_log_20260602_143011.csv] - DEBUG - Posición actualizada por visión: x=265.52, y=98.20, θ=1.68
2026-06-02 14:30:15.312 - [robot_6_log_20260602_143011.csv] - DEBUG - Frecuencia: 65.02 Hz | Latencia Red/Proc: 32.79 ms
2026-06-02 14:30:15.312 - [robot_6_log_20260602_143011.csv] - DEBUG - Incoming data. Topic 6/pos, mensaje {"x": 265.52, "y": 98.2, "yaw": 1.68, "timestamp": 1780403415.291078}
2026-06-02 14:30:15.313 - [robot_6_log_20260602_143011.csv] - DEBUG - Posición actualizada por visión: x=265.52, y=98.20, θ=1.68
2026-06-02 14:30:15.313 - [robot_6_log_20260602_143011.csv] - DEBUG - Frecuencia: 11305.40 Hz | Latencia Red/Proc: 21.95 ms
2026-06-02 14:30:15.313 - [robot_6_log_20260602_143011.csv] - DEBUG - Incoming data. Topic agent/6/wheel, mensaje {"Wleft":1.657007864e-15,"Wright":-3.719247132e-16}
2026-06-02 14:30:15.348 - [robot_6_log_20260602_143011.csv] - DEBUG - Incoming data. Topic 6/pos, mensaje {"x": 265.52, "y": 98.2, "yaw": 1.68, "timestamp": 1780403415.291078}
2026-06-02 14:30:15.353 - [robot_6_log_20260602_143011.csv] - DEBUG - Posición actualizada por visión: x=265.52, y=98.20, θ=1.68
2026-06-02 14:30:15.353 - [robot_6_log_20260602_143011.csv] - DEBUG - Frecuencia: 24.50 Hz | Latencia Red/Proc: 62.77 ms
2026-06-02 14:30:15.357 - [robot_6_log_20260602_143011.csv] - INFO - Usando posición VISION: x=265.52, y=98.20, θ=1.68
2026-06-02 14:30:15.357 - [robot_6_log_20260602_143011.csv] - INFO - Distancias a paredes: Left: 265.52, Right: 184.48, Top: 41.80, Bottom: 98.20
2026-06-02 14:30:15.357 - [robot_6_log_20260602_143011.csv] - INFO - Posicion: 265.52, 98.2, 1.68 | Velocidad: -0.994043202198076, -0.10898675223987112
2026-06-02 14:30:15.357 - [robot_6_log_20260602_143011.csv] - INFO - None
2026-06-02 14:30:15.357 - [robot_6_log_20260602_143011.csv] - DEBUG - Incoming data. Topic agent/6/wheel, mensaje {"Wleft":1.657007864e-15,"Wright":-3.719247132e-16}
2026-06-02 14:30:15.357 - [robot_6_log_20260602_143011.csv] - WARNING - Estado FSM: AVANZA | Target Wall: None | Target Theta: 0.00° |theta: 96.2569095819783 
2026-06-02 14:30:15.382 - [robot_6_log_20260602_143011.csv] - DEBUG - Incoming data. Topic 6/pos, mensaje {"x": 265.5, "y": 98.23, "yaw": 1.673, "timestamp": 1780403415.3767114}
2026-06-02 14:30:15.382 - [robot_6_log_20260602_143011.csv] - DEBUG - Posición actualizada por visión: x=265.50, y=98.23, θ=1.67
2026-06-02 14:30:15.382 - [robot_6_log_20260602_143011.csv] - DEBUG - Frecuencia: 35.08 Hz | Latencia Red/Proc: 5.64 ms
2026-06-02 14:30:15.387 - [robot_6_log_20260602_143011.csv] - DEBUG - Incoming data. Topic 6/pos, mensaje {"x": 265.5, "y": 98.23, "yaw": 1.673, "timestamp": 1780403415.3767114}
2026-06-02 14:30:15.392 - [robot_6_log_20260602_143011.csv] - DEBUG - Posición actualizada por visión: x=265.50, y=98.23, θ=1.67
2026-06-02 14:30:15.397 - [robot_6_log_20260602_143011.csv] - DEBUG - Frecuencia: 64.59 Hz | Latencia Red/Proc: 21.13 ms
2026-06-02 14:30:15.404 - [robot_6_log_20260602_143011.csv] - DEBUG - Incoming data. Topic 6/pos, mensaje {"x": 265.5, "y": 98.23, "yaw": 1.673, "timestamp": 1780403415.387514}
2026-06-02 14:30:15.407 - [robot_6_log_20260602_143011.csv] - INFO - Usando posición VISION: x=265.50, y=98.23, θ=1.67
2026-06-02 14:30:15.407 - [robot_6_log_20260602_143011.csv] - DEBUG - Posición actualizada por visión: x=265.50, y=98.23, θ=1.67
2026-06-02 14:30:15.407 - [robot_6_log_20260602_143011.csv] - INFO - Distancias a paredes: Left: 265.50, Right: 184.50, Top: 41.77, Bottom: 98.23
2026-06-02 14:30:15.407 - [robot_6_log_20260602_143011.csv] - DEBUG - Frecuencia: 101.95 Hz | Latencia Red/Proc: 20.13 ms
2026-06-02 14:30:15.407 - [robot_6_log_20260602_143011.csv] - INFO - Posicion: 265.5, 98.23, 1.673 | Velocidad: -0.9947817492743527, -0.10202583648595517
2026-06-02 14:30:15.407 - [robot_6_log_20260602_143011.csv] - INFO - None
2026-06-02 14:30:15.407 - [robot_6_log_20260602_143011.csv] - DEBUG - Incoming data. Topic 6/pos, mensaje {"x": 265.5, "y": 98.23, "yaw": 1.673, "timestamp": 1780403415.387514}
2026-06-02 14:30:15.407 - [robot_6_log_20260602_143011.csv] - WARNING - Estado FSM: AVANZA | Target Wall: None | Target Theta: 0.00° |theta: 95.85583912538672 
2026-06-02 14:30:15.407 - [robot_6_log_20260602_143011.csv] - DEBUG - Posición actualizada por visión: x=265.50, y=98.23, θ=1.67
2026-06-02 14:30:15.412 - [robot_6_log_20260602_143011.csv] - DEBUG - Frecuencia: 187.98 Hz | Latencia Red/Proc: 25.45 ms
2026-06-02 14:30:15.457 - [robot_6_log_20260602_143011.csv] - INFO - Usando posición VISION: x=265.50, y=98.23, θ=1.67
2026-06-02 14:30:15.457 - [robot_6_log_20260602_143011.csv] - INFO - Distancias a paredes: Left: 265.50, Right: 184.50, Top: 41.77, Bottom: 98.23
2026-06-02 14:30:15.457 - [robot_6_log_20260602_143011.csv] - INFO - Posicion: 265.5, 98.23, 1.673 | Velocidad: -0.9947817492743527, -0.10202583648595517
2026-06-02 14:30:15.457 - [robot_6_log_20260602_143011.csv] - INFO - None
2026-06-02 14:30:15.457 - [robot_6_log_20260602_143011.csv] - WARNING - Estado FSM: AVANZA | Target Wall: None | Target Theta: 0.00° |theta: 95.85583912538672 
2026-06-02 14:30:15.486 - [robot_6_log_20260602_143011.csv] - DEBUG - Incoming data. Topic 6/pos, mensaje {"x": 265.52, "y": 98.18, "yaw": 1.677, "timestamp": 1780403415.478156}
2026-06-02 14:30:15.486 - [robot_6_log_20260602_143011.csv] - DEBUG - Posición actualizada por visión: x=265.52, y=98.18, θ=1.68
2026-06-02 14:30:15.491 - [robot_6_log_20260602_143011.csv] - DEBUG - Frecuencia: 12.73 Hz | Latencia Red/Proc: 13.39 ms
2026-06-02 14:30:15.491 - [robot_6_log_20260602_143011.csv] - DEBUG - Incoming data. Topic 6/pos, mensaje {"x": 265.52, "y": 98.18, "yaw": 1.677, "timestamp": 1780403415.478156}
2026-06-02 14:30:15.496 - [robot_6_log_20260602_143011.csv] - DEBUG - Posición actualizada por visión: x=265.52, y=98.18, θ=1.68
2026-06-02 14:30:15.496 - [robot_6_log_20260602_143011.csv] - DEBUG - Frecuencia: 190.88 Hz | Latencia Red/Proc: 18.63 ms
2026-06-02 14:30:15.501 - [robot_6_log_20260602_143011.csv] - DEBUG - Incoming data. Topic 6/pos, mensaje {"x": 265.52, "y": 98.18, "yaw": 1.677, "timestamp": 1780403415.4891868}
2026-06-02 14:30:15.501 - [robot_6_log_20260602_143011.csv] - DEBUG - Posición actualizada por visión: x=265.52, y=98.18, θ=1.68
2026-06-02 14:30:15.507 - [robot_6_log_20260602_143011.csv] - DEBUG - Frecuencia: 97.73 Hz | Latencia Red/Proc: 17.83 ms
2026-06-02 14:30:15.507 - [robot_6_log_20260602_143011.csv] - INFO - Usando posición VISION: x=265.52, y=98.18, θ=1.68
2026-06-02 14:30:15.507 - [robot_6_log_20260602_143011.csv] - DEBUG - Incoming data. Topic agent/6/wheel, mensaje {"Wleft":1.657007864e-15,"Wright":-3.719247132e-16}
2026-06-02 14:30:15.507 - [robot_6_log_20260602_143011.csv] - INFO - Distancias a paredes: Left: 265.52, Right: 184.48, Top: 41.82, Bottom: 98.18
2026-06-02 14:30:15.507 - [robot_6_log_20260602_143011.csv] - INFO - Posicion: 265.52, 98.18, 1.677 | Velocidad: -0.9943656887733004, -0.10600413666645214
2026-06-02 14:30:15.507 - [robot_6_log_20260602_143011.csv] - INFO - None
2026-06-02 14:30:15.507 - [robot_6_log_20260602_143011.csv] - WARNING - Estado FSM: AVANZA | Target Wall: None | Target Theta: 0.00° |theta: 96.08502224343906 
2026-06-02 14:30:15.531 - [robot_6_log_20260602_143011.csv] - DEBUG - Incoming data. Topic 6/pos, mensaje {"x": 265.52, "y": 98.18, "yaw": 1.677, "timestamp": 1780403415.4891868}
2026-06-02 14:30:15.536 - [robot_6_log_20260602_143011.csv] - DEBUG - Posición actualizada por visión: x=265.52, y=98.18, θ=1.68
2026-06-02 14:30:15.536 - [robot_6_log_20260602_143011.csv] - DEBUG - Frecuencia: 33.57 Hz | Latencia Red/Proc: 47.62 ms
2026-06-02 14:30:15.554 - [robot_6_log_20260602_143011.csv] - DEBUG - Incoming data. Topic agent/6/wheel, mensaje {"Wleft":1.657007864e-15,"Wright":-3.719247132e-16}
2026-06-02 14:30:15.557 - [robot_6_log_20260602_143011.csv] - INFO - Usando posición VISION: x=265.52, y=98.18, θ=1.68
2026-06-02 14:30:15.557 - [robot_6_log_20260602_143011.csv] - INFO - Distancias a paredes: Left: 265.52, Right: 184.48, Top: 41.82, Bottom: 98.18
2026-06-02 14:30:15.557 - [robot_6_log_20260602_143011.csv] - INFO - Posicion: 265.52, 98.18, 1.677 | Velocidad: -0.9943656887733004, -0.10600413666645214
2026-06-02 14:30:15.557 - [robot_6_log_20260602_143011.csv] - INFO - None
2026-06-02 14:30:15.557 - [robot_6_log_20260602_143011.csv] - WARNING - Estado FSM: AVANZA | Target Wall: None | Target Theta: 0.00° |theta: 96.08502224343906 
2026-06-02 14:30:15.587 - [robot_6_log_20260602_143011.csv] - DEBUG - Incoming data. Topic 6/pos, mensaje {"x": 265.48, "y": 98.23, "yaw": 1.674, "timestamp": 1780403415.5783622}
2026-06-02 14:30:15.592 - [robot_6_log_20260602_143011.csv] - DEBUG - Posición actualizada por visión: x=265.48, y=98.23, θ=1.67
2026-06-02 14:30:15.592 - [robot_6_log_20260602_143011.csv] - DEBUG - Frecuencia: 17.92 Hz | Latencia Red/Proc: 14.25 ms
2026-06-02 14:30:15.597 - [robot_6_log_20260602_143011.csv] - DEBUG - Incoming data. Topic 6/pos, mensaje {"x": 265.48, "y": 98.23, "yaw": 1.674, "timestamp": 1780403415.5783622}
2026-06-02 14:30:15.597 - [robot_6_log_20260602_143011.csv] - DEBUG - Posición actualizada por visión: x=265.48, y=98.23, θ=1.67
2026-06-02 14:30:15.597 - [robot_6_log_20260602_143011.csv] - DEBUG - Frecuencia: 190.51 Hz | Latencia Red/Proc: 19.50 ms
2026-06-02 14:30:15.597 - [robot_6_log_20260602_143011.csv] - DEBUG - Incoming data. Topic 6/pos, mensaje {"x": 265.48, "y": 98.23, "yaw": 1.674, "timestamp": 1780403415.5869741}
2026-06-02 14:30:15.597 - [robot_6_log_20260602_143011.csv] - DEBUG - Posición actualizada por visión: x=265.48, y=98.23, θ=1.67
2026-06-02 14:30:15.597 - [robot_6_log_20260602_143011.csv] - DEBUG - Frecuencia: 10591.68 Hz | Latencia Red/Proc: 10.98 ms
2026-06-02 14:30:15.598 - [robot_6_log_20260602_143011.csv] - DEBUG - Incoming data. Topic 6/pos, mensaje {"x": 265.48, "y": 98.23, "yaw": 1.674, "timestamp": 1780403415.5869741}
2026-06-02 14:30:15.598 - [robot_6_log_20260602_143011.csv] - DEBUG - Posición actualizada por visión: x=265.48, y=98.23, θ=1.67
2026-06-02 14:30:15.603 - [robot_6_log_20260602_143011.csv] - DEBUG - Frecuencia: 191.09 Hz | Latencia Red/Proc: 16.22 ms
2026-06-02 14:30:15.607 - [robot_6_log_20260602_143011.csv] - INFO - Usando posición VISION: x=265.48, y=98.23, θ=1.67
2026-06-02 14:30:15.607 - [robot_6_log_20260602_143011.csv] - INFO - Distancias a paredes: Left: 265.48, Right: 184.52, Top: 41.77, Bottom: 98.23
2026-06-02 14:30:15.607 - [robot_6_log_20260602_143011.csv] - INFO - Posicion: 265.48, 98.23, 1.674 | Velocidad: -0.9946792260640379, -0.10302056705651848
2026-06-02 14:30:15.607 - [robot_6_log_20260602_143011.csv] - INFO - None
2026-06-02 14:30:15.607 - [robot_6_log_20260602_143011.csv] - WARNING - Estado FSM: AVANZA | Target Wall: None | Target Theta: 0.00° |theta: 95.9131349048998 
2026-06-02 14:30:15.657 - [robot_6_log_20260602_143011.csv] - INFO - Usando posición VISION: x=265.48, y=98.23, θ=1.67
2026-06-02 14:30:15.657 - [robot_6_log_20260602_143011.csv] - INFO - Distancias a paredes: Left: 265.48, Right: 184.52, Top: 41.77, Bottom: 98.23
2026-06-02 14:30:15.657 - [robot_6_log_20260602_143011.csv] - INFO - Posicion: 265.48, 98.23, 1.674 | Velocidad: -0.9946792260640379, -0.10302056705651848
2026-06-02 14:30:15.657 - [robot_6_log_20260602_143011.csv] - INFO - None
2026-06-02 14:30:15.657 - [robot_6_log_20260602_143011.csv] - WARNING - Estado FSM: AVANZA | Target Wall: None | Target Theta: 0.00° |theta: 95.9131349048998 
2026-06-02 14:30:15.686 - [robot_6_log_20260602_143011.csv] - DEBUG - Incoming data. Topic 6/pos, mensaje {"x": 265.51, "y": 98.2, "yaw": 1.681, "timestamp": 1780403415.681245}
2026-06-02 14:30:15.692 - [robot_6_log_20260602_143011.csv] - DEBUG - Posición actualizada por visión: x=265.51, y=98.20, θ=1.68
2026-06-02 14:30:15.698 - [robot_6_log_20260602_143011.csv] - DEBUG - Frecuencia: 10.51 Hz | Latencia Red/Proc: 17.07 ms
2026-06-02 14:30:15.707 - [robot_6_log_20260602_143011.csv] - INFO - Usando posición VISION: x=265.51, y=98.20, θ=1.68
2026-06-02 14:30:15.707 - [robot_6_log_20260602_143011.csv] - INFO - Distancias a paredes: Left: 265.51, Right: 184.49, Top: 41.80, Bottom: 98.20
2026-06-02 14:30:15.707 - [robot_6_log_20260602_143011.csv] - INFO - Posicion: 265.51, 98.2, 1.681 | Velocidad: -0.9939337184424408, -0.10998074078302386
2026-06-02 14:30:15.707 - [robot_6_log_20260602_143011.csv] - INFO - None
2026-06-02 14:30:15.707 - [robot_6_log_20260602_143011.csv] - DEBUG - Incoming data. Topic 6/pos, mensaje {"x": 265.51, "y": 98.2, "yaw": 1.681, "timestamp": 1780403415.681245}
2026-06-02 14:30:15.707 - [robot_6_log_20260602_143011.csv] - WARNING - Estado FSM: AVANZA | Target Wall: None | Target Theta: 0.00° |theta: 96.31420536149139 
2026-06-02 14:30:15.707 - [robot_6_log_20260602_143011.csv] - DEBUG - Posición actualizada por visión: x=265.51, y=98.20, θ=1.68
2026-06-02 14:30:15.712 - [robot_6_log_20260602_143011.csv] - DEBUG - Frecuencia: 69.24 Hz | Latencia Red/Proc: 31.51 ms
2026-06-02 14:30:15.728 - [robot_6_log_20260602_143011.csv] - DEBUG - Incoming data. Topic 6/pos, mensaje {"x": 265.51, "y": 98.2, "yaw": 1.681, "timestamp": 1780403415.6923842}
2026-06-02 14:30:15.733 - [robot_6_log_20260602_143011.csv] - DEBUG - Posición actualizada por visión: x=265.51, y=98.20, θ=1.68
2026-06-02 14:30:15.733 - [robot_6_log_20260602_143011.csv] - DEBUG - Frecuencia: 48.37 Hz | Latencia Red/Proc: 41.04 ms
2026-06-02 14:30:15.743 - [robot_6_log_20260602_143011.csv] - DEBUG - Incoming data. Topic 6/pos, mensaje {"x": 265.51, "y": 98.2, "yaw": 1.681, "timestamp": 1780403415.6923842}
2026-06-02 14:30:15.748 - [robot_6_log_20260602_143011.csv] - DEBUG - Posición actualizada por visión: x=265.51, y=98.20, θ=1.68
2026-06-02 14:30:15.753 - [robot_6_log_20260602_143011.csv] - DEBUG - Frecuencia: 48.93 Hz | Latencia Red/Proc: 61.48 ms
2026-06-02 14:30:15.757 - [robot_6_log_20260602_143011.csv] - INFO - Usando posición VISION: x=265.51, y=98.20, θ=1.68
2026-06-02 14:30:15.757 - [robot_6_log_20260602_143011.csv] - INFO - Distancias a paredes: Left: 265.51, Right: 184.49, Top: 41.80, Bottom: 98.20
2026-06-02 14:30:15.757 - [robot_6_log_20260602_143011.csv] - INFO - Posicion: 265.51, 98.2, 1.681 | Velocidad: -0.9939337184424408, -0.10998074078302386
2026-06-02 14:30:15.757 - [robot_6_log_20260602_143011.csv] - INFO - None
2026-06-02 14:30:15.757 - [robot_6_log_20260602_143011.csv] - WARNING - Estado FSM: AVANZA | Target Wall: None | Target Theta: 0.00° |theta: 96.31420536149139 
2026-06-02 14:30:15.763 - [robot_6_log_20260602_143011.csv] - DEBUG - Incoming data. Topic agent/6/wheel, mensaje {"Wleft":1.657007864e-15,"Wright":-3.719247132e-16}
2026-06-02 14:30:15.781 - [robot_6_log_20260602_143011.csv] - DEBUG - Incoming data. Topic 6/pos, mensaje {"x": 265.49, "y": 98.24, "yaw": 1.667, "timestamp": 1780403415.7797592}
2026-06-02 14:30:15.786 - [robot_6_log_20260602_143011.csv] - DEBUG - Posición actualizada por visión: x=265.49, y=98.24, θ=1.67
2026-06-02 14:30:15.786 - [robot_6_log_20260602_143011.csv] - DEBUG - Frecuencia: 30.23 Hz | Latencia Red/Proc: 7.18 ms
2026-06-02 14:30:15.786 - [robot_6_log_20260602_143011.csv] - DEBUG - Incoming data. Topic 6/pos, mensaje {"x": 265.49, "y": 98.24, "yaw": 1.667, "timestamp": 1780403415.7797592}
2026-06-02 14:30:15.787 - [robot_6_log_20260602_143011.csv] - DEBUG - Posición actualizada por visión: x=265.49, y=98.24, θ=1.67
2026-06-02 14:30:15.787 - [robot_6_log_20260602_143011.csv] - DEBUG - Frecuencia: 9362.29 Hz | Latencia Red/Proc: 7.29 ms
2026-06-02 14:30:15.792 - [robot_6_log_20260602_143011.csv] - DEBUG - Incoming data. Topic 6/pos, mensaje {"x": 265.49, "y": 98.24, "yaw": 1.667, "timestamp": 1780403415.7906168}
2026-06-02 14:30:15.798 - [robot_6_log_20260602_143011.csv] - DEBUG - Posición actualizada por visión: x=265.49, y=98.24, θ=1.67
2026-06-02 14:30:15.798 - [robot_6_log_20260602_143011.csv] - DEBUG - Frecuencia: 90.60 Hz | Latencia Red/Proc: 7.47 ms
2026-06-02 14:30:15.807 - [robot_6_log_20260602_143011.csv] - INFO - Usando posición VISION: x=265.49, y=98.24, θ=1.67
2026-06-02 14:30:15.807 - [robot_6_log_20260602_143011.csv] - INFO - Distancias a paredes: Left: 265.49, Right: 184.51, Top: 41.76, Bottom: 98.24
2026-06-02 14:30:15.807 - [robot_6_log_20260602_143011.csv] - INFO - Posicion: 265.49, 98.24, 1.667 | Velocidad: -0.9953759946025762, -0.09605534534284021
2026-06-02 14:30:15.807 - [robot_6_log_20260602_143011.csv] - INFO - None
2026-06-02 14:30:15.807 - [robot_6_log_20260602_143011.csv] - WARNING - Estado FSM: AVANZA | Target Wall: None | Target Theta: 0.00° |theta: 95.51206444830824 
2026-06-02 14:30:15.812 - [robot_6_log_20260602_143011.csv] - DEBUG - Incoming data. Topic agent/6/wheel, mensaje {"Wleft":1.657007864e-15,"Wright":-3.719247132e-16}
2026-06-02 14:30:15.841 - [robot_6_log_20260602_143011.csv] - DEBUG - Incoming data. Topic 6/pos, mensaje {"x": 265.49, "y": 98.24, "yaw": 1.667, "timestamp": 1780403415.7906168}
2026-06-02 14:30:15.846 - [robot_6_log_20260602_143011.csv] - DEBUG - Posición actualizada por visión: x=265.49, y=98.24, θ=1.67
2026-06-02 14:30:15.852 - [robot_6_log_20260602_143011.csv] - DEBUG - Frecuencia: 18.53 Hz | Latencia Red/Proc: 61.43 ms
2026-06-02 14:30:15.857 - [robot_6_log_20260602_143011.csv] - INFO - Usando posición VISION: x=265.49, y=98.24, θ=1.67
2026-06-02 14:30:15.857 - [robot_6_log_20260602_143011.csv] - DEBUG - Incoming data. Topic agent/6/wheel, mensaje {"Wleft":1.657007864e-15,"Wright":-3.719247132e-16}
2026-06-02 14:30:15.857 - [robot_6_log_20260602_143011.csv] - INFO - Distancias a paredes: Left: 265.49, Right: 184.51, Top: 41.76, Bottom: 98.24
2026-06-02 14:30:15.857 - [robot_6_log_20260602_143011.csv] - INFO - Posicion: 265.49, 98.24, 1.667 | Velocidad: -0.9953759946025762, -0.09605534534284021
2026-06-02 14:30:15.857 - [robot_6_log_20260602_143011.csv] - INFO - None
2026-06-02 14:30:15.857 - [robot_6_log_20260602_143011.csv] - WARNING - Estado FSM: AVANZA | Target Wall: None | Target Theta: 0.00° |theta: 95.51206444830824 
2026-06-02 14:30:15.881 - [robot_6_log_20260602_143011.csv] - DEBUG - Incoming data. Topic 6/pos, mensaje {"x": 265.5, "y": 98.23, "yaw": 1.667, "timestamp": 1780403415.877349}
2026-06-02 14:30:15.881 - [robot_6_log_20260602_143011.csv] - DEBUG - Posición actualizada por visión: x=265.50, y=98.23, θ=1.67
2026-06-02 14:30:15.881 - [robot_6_log_20260602_143011.csv] - DEBUG - Frecuencia: 33.46 Hz | Latencia Red/Proc: 4.58 ms
2026-06-02 14:30:15.881 - [robot_6_log_20260602_143011.csv] - DEBUG - Incoming data. Topic 6/pos, mensaje {"x": 265.5, "y": 98.23, "yaw": 1.667, "timestamp": 1780403415.877349}
2026-06-02 14:30:15.882 - [robot_6_log_20260602_143011.csv] - DEBUG - Posición actualizada por visión: x=265.50, y=98.23, θ=1.67
2026-06-02 14:30:15.882 - [robot_6_log_20260602_143011.csv] - DEBUG - Frecuencia: 10305.42 Hz | Latencia Red/Proc: 4.68 ms
2026-06-02 14:30:15.894 - [robot_6_log_20260602_143011.csv] - DEBUG - Incoming data. Topic 6/pos, mensaje {"x": 265.5, "y": 98.23, "yaw": 1.667, "timestamp": 1780403415.888964}
2026-06-02 14:30:15.894 - [robot_6_log_20260602_143011.csv] - DEBUG - Posición actualizada por visión: x=265.50, y=98.23, θ=1.67
2026-06-02 14:30:15.894 - [robot_6_log_20260602_143011.csv] - DEBUG - Frecuencia: 81.54 Hz | Latencia Red/Proc: 5.33 ms
2026-06-02 14:30:15.894 - [robot_6_log_20260602_143011.csv] - DEBUG - Incoming data. Topic 6/pos, mensaje {"x": 265.5, "y": 98.23, "yaw": 1.667, "timestamp": 1780403415.888964}
2026-06-02 14:30:15.905 - [robot_6_log_20260602_143011.csv] - DEBUG - Posición actualizada por visión: x=265.50, y=98.23, θ=1.67
2026-06-02 14:30:15.905 - [robot_6_log_20260602_143011.csv] - DEBUG - Frecuencia: 85.53 Hz | Latencia Red/Proc: 17.02 ms
2026-06-02 14:30:15.907 - [robot_6_log_20260602_143011.csv] - INFO - Usando posición VISION: x=265.50, y=98.23, θ=1.67
2026-06-02 14:30:15.907 - [robot_6_log_20260602_143011.csv] - INFO - Distancias a paredes: Left: 265.50, Right: 184.50, Top: 41.77, Bottom: 98.23
2026-06-02 14:30:15.907 - [robot_6_log_20260602_143011.csv] - INFO - Posicion: 265.5, 98.23, 1.667 | Velocidad: -0.9953759946025762, -0.09605534534284021
2026-06-02 14:30:15.907 - [robot_6_log_20260602_143011.csv] - INFO - None
2026-06-02 14:30:15.907 - [robot_6_log_20260602_143011.csv] - WARNING - Estado FSM: AVANZA | Target Wall: None | Target Theta: 0.00° |theta: 95.51206444830824 
2026-06-02 14:30:15.957 - [robot_6_log_20260602_143011.csv] - INFO - Usando posición VISION: x=265.50, y=98.23, θ=1.67
2026-06-02 14:30:15.957 - [robot_6_log_20260602_143011.csv] - INFO - Distancias a paredes: Left: 265.50, Right: 184.50, Top: 41.77, Bottom: 98.23
2026-06-02 14:30:15.957 - [robot_6_log_20260602_143011.csv] - INFO - Posicion: 265.5, 98.23, 1.667 | Velocidad: -0.9953759946025762, -0.09605534534284021
2026-06-02 14:30:15.957 - [robot_6_log_20260602_143011.csv] - INFO - None
2026-06-02 14:30:15.957 - [robot_6_log_20260602_143011.csv] - WARNING - Estado FSM: AVANZA | Target Wall: None | Target Theta: 0.00° |theta: 95.51206444830824 
2026-06-02 14:30:15.993 - [robot_6_log_20260602_143011.csv] - DEBUG - Incoming data. Topic 6/pos, mensaje {"x": 265.48, "y": 98.24, "yaw": 1.677, "timestamp": 1780403415.9867983}
2026-06-02 14:30:16.003 - [robot_6_log_20260602_143011.csv] - DEBUG - Posición actualizada por visión: x=265.48, y=98.24, θ=1.68
2026-06-02 14:30:16.003 - [robot_6_log_20260602_143011.csv] - DEBUG - Frecuencia: 10.23 Hz | Latencia Red/Proc: 16.96 ms
2026-06-02 14:30:16.003 - [robot_6_log_20260602_143011.csv] - DEBUG - Incoming data. Topic 6/pos, mensaje {"x": 265.48, "y": 98.24, "yaw": 1.677, "timestamp": 1780403415.9867983}
2026-06-02 14:30:16.003 - [robot_6_log_20260602_143011.csv] - DEBUG - Posición actualizada por visión: x=265.48, y=98.24, θ=1.68
2026-06-02 14:30:16.003 - [robot_6_log_20260602_143011.csv] - DEBUG - Frecuencia: 9362.29 Hz | Latencia Red/Proc: 17.07 ms
2026-06-02 14:30:16.003 - [robot_6_log_20260602_143011.csv] - DEBUG - Incoming data. Topic 6/pos, mensaje {"x": 265.48, "y": 98.24, "yaw": 1.677, "timestamp": 1780403415.9964516}
2026-06-02 14:30:16.003 - [robot_6_log_20260602_143011.csv] - DEBUG - Posición actualizada por visión: x=265.48, y=98.24, θ=1.68
2026-06-02 14:30:16.007 - [robot_6_log_20260602_143011.csv] - DEBUG - Frecuencia: 273.94 Hz | Latencia Red/Proc: 11.06 ms
2026-06-02 14:30:16.007 - [robot_6_log_20260602_143011.csv] - INFO - Usando posición VISION: x=265.48, y=98.24, θ=1.68
2026-06-02 14:30:16.007 - [robot_6_log_20260602_143011.csv] - DEBUG - Incoming data. Topic agent/6/wheel, mensaje {"Wleft":1.657007864e-15,"Wright":-3.719247132e-16}
2026-06-02 14:30:16.007 - [robot_6_log_20260602_143011.csv] - INFO - Distancias a paredes: Left: 265.48, Right: 184.52, Top: 41.76, Bottom: 98.24
2026-06-02 14:30:16.007 - [robot_6_log_20260602_143011.csv] - INFO - Posicion: 265.48, 98.24, 1.677 | Velocidad: -0.9943656887733004, -0.10600413666645214
2026-06-02 14:30:16.007 - [robot_6_log_20260602_143011.csv] - INFO - None
2026-06-02 14:30:16.007 - [robot_6_log_20260602_143011.csv] - WARNING - Estado FSM: AVANZA | Target Wall: None | Target Theta: 0.00° |theta: 96.08502224343906 
2026-06-02 14:30:16.043 - [robot_6_log_20260602_143011.csv] - DEBUG - Incoming data. Topic 6/pos, mensaje {"x": 265.48, "y": 98.24, "yaw": 1.677, "timestamp": 1780403415.9964516}
2026-06-02 14:30:16.053 - [robot_6_log_20260602_143011.csv] - DEBUG - Posición actualizada por visión: x=265.48, y=98.24, θ=1.68
2026-06-02 14:30:16.057 - [robot_6_log_20260602_143011.csv] - INFO - Usando posición VISION: x=265.48, y=98.24, θ=1.68
2026-06-02 14:30:16.057 - [robot_6_log_20260602_143011.csv] - DEBUG - Frecuencia: 20.02 Hz | Latencia Red/Proc: 61.02 ms
2026-06-02 14:30:16.057 - [robot_6_log_20260602_143011.csv] - INFO - Distancias a paredes: Left: 265.48, Right: 184.52, Top: 41.76, Bottom: 98.24
2026-06-02 14:30:16.057 - [robot_6_log_20260602_143011.csv] - INFO - Posicion: 265.48, 98.24, 1.677 | Velocidad: -0.9943656887733004, -0.10600413666645214
2026-06-02 14:30:16.057 - [robot_6_log_20260602_143011.csv] - INFO - None
2026-06-02 14:30:16.057 - [robot_6_log_20260602_143011.csv] - DEBUG - Incoming data. Topic agent/6/wheel, mensaje {"Wleft":1.657007864e-15,"Wright":-3.719247132e-16}
2026-06-02 14:30:16.057 - [robot_6_log_20260602_143011.csv] - WARNING - Estado FSM: AVANZA | Target Wall: None | Target Theta: 0.00° |theta: 96.08502224343906 
2026-06-02 14:30:16.076 - [robot_6_log_20260602_143011.csv] - DEBUG - Incoming data. Topic 6/pos, mensaje {"x": 265.52, "y": 98.2, "yaw": 1.683, "timestamp": 1780403416.0746388}
2026-06-02 14:30:16.076 - [robot_6_log_20260602_143011.csv] - DEBUG - Posición actualizada por visión: x=265.52, y=98.20, θ=1.68
2026-06-02 14:30:16.076 - [robot_6_log_20260602_143011.csv] - DEBUG - Frecuencia: 53.33 Hz | Latencia Red/Proc: 1.58 ms
2026-06-02 14:30:16.076 - [robot_6_log_20260602_143011.csv] - DEBUG - Incoming data. Topic 6/pos, mensaje {"x": 265.52, "y": 98.2, "yaw": 1.683, "timestamp": 1780403416.0746388}
2026-06-02 14:30:16.081 - [robot_6_log_20260602_143011.csv] - DEBUG - Posición actualizada por visión: x=265.52, y=98.20, θ=1.68
2026-06-02 14:30:16.086 - [robot_6_log_20260602_143011.csv] - DEBUG - Frecuencia: 97.28 Hz | Latencia Red/Proc: 11.86 ms
2026-06-02 14:30:16.091 - [robot_6_log_20260602_143011.csv] - DEBUG - Incoming data. Topic 6/pos, mensaje {"x": 265.52, "y": 98.2, "yaw": 1.683, "timestamp": 1780403416.0834708}
2026-06-02 14:30:16.091 - [robot_6_log_20260602_143011.csv] - DEBUG - Posición actualizada por visión: x=265.52, y=98.20, θ=1.68
2026-06-02 14:30:16.096 - [robot_6_log_20260602_143011.csv] - DEBUG - Frecuencia: 96.81 Hz | Latencia Red/Proc: 13.36 ms
2026-06-02 14:30:16.107 - [robot_6_log_20260602_143011.csv] - INFO - Usando posición VISION: x=265.52, y=98.20, θ=1.68
2026-06-02 14:30:16.107 - [robot_6_log_20260602_143011.csv] - INFO - Distancias a paredes: Left: 265.52, Right: 184.48, Top: 41.80, Bottom: 98.20
2026-06-02 14:30:16.107 - [robot_6_log_20260602_143011.csv] - INFO - Posicion: 265.52, 98.2, 1.683 | Velocidad: -0.9937117692407416, -0.11196838693325581
2026-06-02 14:30:16.107 - [robot_6_log_20260602_143011.csv] - INFO - None
2026-06-02 14:30:16.107 - [robot_6_log_20260602_143011.csv] - WARNING - Estado FSM: AVANZA | Target Wall: None | Target Theta: 0.00° |theta: 96.42879692051756 
2026-06-02 14:30:16.112 - [robot_6_log_20260602_143011.csv] - DEBUG - Incoming data. Topic 6/pos, mensaje {"x": 265.52, "y": 98.2, "yaw": 1.683, "timestamp": 1780403416.0834708}
2026-06-02 14:30:16.112 - [robot_6_log_20260602_143011.csv] - DEBUG - Posición actualizada por visión: x=265.52, y=98.20, θ=1.68
2026-06-02 14:30:16.112 - [robot_6_log_20260602_143011.csv] - DEBUG - Frecuencia: 62.53 Hz | Latencia Red/Proc: 29.35 ms
2026-06-02 14:30:16.157 - [robot_6_log_20260602_143011.csv] - INFO - Usando posición VISION: x=265.52, y=98.20, θ=1.68
2026-06-02 14:30:16.157 - [robot_6_log_20260602_143011.csv] - INFO - Distancias a paredes: Left: 265.52, Right: 184.48, Top: 41.80, Bottom: 98.20
2026-06-02 14:30:16.157 - [robot_6_log_20260602_143011.csv] - INFO - Posicion: 265.52, 98.2, 1.683 | Velocidad: -0.9937117692407416, -0.11196838693325581
2026-06-02 14:30:16.157 - [robot_6_log_20260602_143011.csv] - INFO - None
2026-06-02 14:30:16.157 - [robot_6_log_20260602_143011.csv] - WARNING - Estado FSM: AVANZA | Target Wall: None | Target Theta: 0.00° |theta: 96.42879692051756 
2026-06-02 14:30:16.187 - [robot_6_log_20260602_143011.csv] - DEBUG - Incoming data. Topic 6/pos, mensaje {"x": 265.48, "y": 98.23, "yaw": 1.674, "timestamp": 1780403416.1772926}
2026-06-02 14:30:16.192 - [robot_6_log_20260602_143011.csv] - DEBUG - Posición actualizada por visión: x=265.48, y=98.23, θ=1.67
2026-06-02 14:30:16.197 - [robot_6_log_20260602_143011.csv] - DEBUG - Frecuencia: 11.81 Hz | Latencia Red/Proc: 20.23 ms
2026-06-02 14:30:16.207 - [robot_6_log_20260602_143011.csv] - INFO - Usando posición VISION: x=265.48, y=98.23, θ=1.67
2026-06-02 14:30:16.207 - [robot_6_log_20260602_143011.csv] - INFO - Distancias a paredes: Left: 265.48, Right: 184.52, Top: 41.77, Bottom: 98.23
2026-06-02 14:30:16.207 - [robot_6_log_20260602_143011.csv] - INFO - Posicion: 265.48, 98.23, 1.674 | Velocidad: -0.9946792260640379, -0.10302056705651848
2026-06-02 14:30:16.207 - [robot_6_log_20260602_143011.csv] - INFO - None
2026-06-02 14:30:16.207 - [robot_6_log_20260602_143011.csv] - WARNING - Estado FSM: AVANZA | Target Wall: None | Target Theta: 0.00° |theta: 95.9131349048998 
2026-06-02 14:30:16.212 - [robot_6_log_20260602_143011.csv] - DEBUG - Incoming data. Topic 6/pos, mensaje {"x": 265.48, "y": 98.23, "yaw": 1.674, "timestamp": 1780403416.1772926}
2026-06-02 14:30:16.218 - [robot_6_log_20260602_143011.csv] - DEBUG - Posición actualizada por visión: x=265.48, y=98.23, θ=1.67
2026-06-02 14:30:16.223 - [robot_6_log_20260602_143011.csv] - DEBUG - Frecuencia: 38.88 Hz | Latencia Red/Proc: 45.95 ms
2026-06-02 14:30:16.233 - [robot_6_log_20260602_143011.csv] - DEBUG - Incoming data. Topic 6/pos, mensaje {"x": 265.48, "y": 98.23, "yaw": 1.674, "timestamp": 1780403416.1877847}
2026-06-02 14:30:16.238 - [robot_6_log_20260602_143011.csv] - DEBUG - Posición actualizada por visión: x=265.48, y=98.23, θ=1.67
2026-06-02 14:30:16.244 - [robot_6_log_20260602_143011.csv] - DEBUG - Frecuencia: 47.98 Hz | Latencia Red/Proc: 56.29 ms
2026-06-02 14:30:16.249 - [robot_6_log_20260602_143011.csv] - DEBUG - Incoming data. Topic 6/pos, mensaje {"x": 265.48, "y": 98.23, "yaw": 1.674, "timestamp": 1780403416.1877847}
2026-06-02 14:30:16.254 - [robot_6_log_20260602_143011.csv] - DEBUG - Posición actualizada por visión: x=265.48, y=98.23, θ=1.67
2026-06-02 14:30:16.257 - [robot_6_log_20260602_143011.csv] - INFO - Usando posición VISION: x=265.48, y=98.23, θ=1.67
2026-06-02 14:30:16.257 - [robot_6_log_20260602_143011.csv] - DEBUG - Frecuencia: 74.43 Hz | Latencia Red/Proc: 69.73 ms
2026-06-02 14:30:16.257 - [robot_6_log_20260602_143011.csv] - INFO - Distancias a paredes: Left: 265.48, Right: 184.52, Top: 41.77, Bottom: 98.23
2026-06-02 14:30:16.257 - [robot_6_log_20260602_143011.csv] - DEBUG - Incoming data. Topic agent/6/wheel, mensaje {"Wleft":1.657007864e-15,"Wright":-3.719247132e-16}
2026-06-02 14:30:16.257 - [robot_6_log_20260602_143011.csv] - INFO - Posicion: 265.48, 98.23, 1.674 | Velocidad: -0.9946792260640379, -0.10302056705651848
2026-06-02 14:30:16.257 - [robot_6_log_20260602_143011.csv] - INFO - None
2026-06-02 14:30:16.257 - [robot_6_log_20260602_143011.csv] - WARNING - Estado FSM: AVANZA | Target Wall: None | Target Theta: 0.00° |theta: 95.9131349048998 
2026-06-02 14:30:16.263 - [robot_6_log_20260602_143011.csv] - DEBUG - Incoming data. Topic agent/6/wheel, mensaje {"Wleft":1.657007864e-15,"Wright":-3.719247132e-16}
2026-06-02 14:30:16.282 - [robot_6_log_20260602_143011.csv] - DEBUG - Incoming data. Topic 6/pos, mensaje {"x": 265.49, "y": 98.25, "yaw": 1.668, "timestamp": 1780403416.2785614}
2026-06-02 14:30:16.287 - [robot_6_log_20260602_143011.csv] - DEBUG - Posición actualizada por visión: x=265.49, y=98.25, θ=1.67
2026-06-02 14:30:16.298 - [robot_6_log_20260602_143011.csv] - DEBUG - Frecuencia: 24.38 Hz | Latencia Red/Proc: 19.96 ms
2026-06-02 14:30:16.303 - [robot_6_log_20260602_143011.csv] - DEBUG - Incoming data. Topic 6/pos, mensaje {"x": 265.49, "y": 98.25, "yaw": 1.668, "timestamp": 1780403416.2785614}
2026-06-02 14:30:16.303 - [robot_6_log_20260602_143011.csv] - DEBUG - Posición actualizada por visión: x=265.49, y=98.25, θ=1.67
2026-06-02 14:30:16.303 - [robot_6_log_20260602_143011.csv] - DEBUG - Frecuencia: 188.67 Hz | Latencia Red/Proc: 25.26 ms
2026-06-02 14:30:16.303 - [robot_6_log_20260602_143011.csv] - DEBUG - Incoming data. Topic 6/pos, mensaje {"x": 265.49, "y": 98.25, "yaw": 1.668, "timestamp": 1780403416.2939086}
2026-06-02 14:30:16.307 - [robot_6_log_20260602_143011.csv] - DEBUG - Posición actualizada por visión: x=265.49, y=98.25, θ=1.67
2026-06-02 14:30:16.307 - [robot_6_log_20260602_143011.csv] - INFO - Usando posición VISION: x=265.49, y=98.25, θ=1.67
2026-06-02 14:30:16.307 - [robot_6_log_20260602_143011.csv] - DEBUG - Frecuencia: 265.56 Hz | Latencia Red/Proc: 13.68 ms
2026-06-02 14:30:16.307 - [robot_6_log_20260602_143011.csv] - DEBUG - Incoming data. Topic 6/pos, mensaje {"x": 265.49, "y": 98.25, "yaw": 1.668, "timestamp": 1780403416.2939086}
2026-06-02 14:30:16.307 - [robot_6_log_20260602_143011.csv] - DEBUG - Posición actualizada por visión: x=265.49, y=98.25, θ=1.67
2026-06-02 14:30:16.307 - [robot_6_log_20260602_143011.csv] - INFO - Distancias a paredes: Left: 265.49, Right: 184.51, Top: 41.75, Bottom: 98.25
2026-06-02 14:30:16.307 - [robot_6_log_20260602_143011.csv] - DEBUG - Frecuencia: 6177.18 Hz | Latencia Red/Proc: 13.84 ms
2026-06-02 14:30:16.307 - [robot_6_log_20260602_143011.csv] - INFO - Posicion: 265.49, 98.25, 1.668 | Velocidad: -0.9952794415852867, -0.09705067314387801
2026-06-02 14:30:16.307 - [robot_6_log_20260602_143011.csv] - INFO - None
2026-06-02 14:30:16.307 - [robot_6_log_20260602_143011.csv] - WARNING - Estado FSM: AVANZA | Target Wall: None | Target Theta: 0.00° |theta: 95.5693602278213 
2026-06-02 14:30:16.357 - [robot_6_log_20260602_143011.csv] - INFO - Usando posición VISION: x=265.49, y=98.25, θ=1.67
2026-06-02 14:30:16.357 - [robot_6_log_20260602_143011.csv] - INFO - Distancias a paredes: Left: 265.49, Right: 184.51, Top: 41.75, Bottom: 98.25
2026-06-02 14:30:16.357 - [robot_6_log_20260602_143011.csv] - INFO - Posicion: 265.49, 98.25, 1.668 | Velocidad: -0.9952794415852867, -0.09705067314387801
2026-06-02 14:30:16.357 - [robot_6_log_20260602_143011.csv] - INFO - None
2026-06-02 14:30:16.357 - [robot_6_log_20260602_143011.csv] - WARNING - Estado FSM: AVANZA | Target Wall: None | Target Theta: 0.00° |theta: 95.5693602278213 
2026-06-02 14:30:16.381 - [robot_6_log_20260602_143011.csv] - DEBUG - Incoming data. Topic 6/pos, mensaje {"x": 265.52, "y": 98.19, "yaw": 1.68, "timestamp": 1780403416.381004}
2026-06-02 14:30:16.386 - [robot_6_log_20260602_143011.csv] - DEBUG - Posición actualizada por visión: x=265.52, y=98.19, θ=1.68
2026-06-02 14:30:16.391 - [robot_6_log_20260602_143011.csv] - DEBUG - Frecuencia: 11.89 Hz | Latencia Red/Proc: 10.87 ms
2026-06-02 14:30:16.391 - [robot_6_log_20260602_143011.csv] - DEBUG - Incoming data. Topic 6/pos, mensaje {"x": 265.52, "y": 98.19, "yaw": 1.68, "timestamp": 1780403416.381004}
2026-06-02 14:30:16.407 - [robot_6_log_20260602_143011.csv] - DEBUG - Posición actualizada por visión: x=265.52, y=98.19, θ=1.68
2026-06-02 14:30:16.407 - [robot_6_log_20260602_143011.csv] - DEBUG - Frecuencia: 65.01 Hz | Latencia Red/Proc: 26.25 ms
2026-06-02 14:30:16.407 - [robot_6_log_20260602_143011.csv] - DEBUG - Incoming data. Topic 6/pos, mensaje {"x": 265.52, "y": 98.19, "yaw": 1.68, "timestamp": 1780403416.3898284}
2026-06-02 14:30:16.407 - [robot_6_log_20260602_143011.csv] - INFO - Usando posición VISION: x=265.52, y=98.19, θ=1.68
2026-06-02 14:30:16.407 - [robot_6_log_20260602_143011.csv] - DEBUG - Posición actualizada por visión: x=265.52, y=98.19, θ=1.68
2026-06-02 14:30:16.407 - [robot_6_log_20260602_143011.csv] - INFO - Distancias a paredes: Left: 265.52, Right: 184.48, Top: 41.81, Bottom: 98.19
2026-06-02 14:30:16.407 - [robot_6_log_20260602_143011.csv] - DEBUG - Frecuencia: 3151.24 Hz | Latencia Red/Proc: 17.74 ms
2026-06-02 14:30:16.407 - [robot_6_log_20260602_143011.csv] - INFO - Posicion: 265.52, 98.19, 1.68 | Velocidad: -0.994043202198076, -0.10898675223987112
2026-06-02 14:30:16.407 - [robot_6_log_20260602_143011.csv] - DEBUG - Incoming data. Topic 6/pos, mensaje {"x": 265.52, "y": 98.19, "yaw": 1.68, "timestamp": 1780403416.3898284}
2026-06-02 14:30:16.407 - [robot_6_log_20260602_143011.csv] - INFO - None
2026-06-02 14:30:16.407 - [robot_6_log_20260602_143011.csv] - DEBUG - Posición actualizada por visión: x=265.52, y=98.19, θ=1.68
2026-06-02 14:30:16.407 - [robot_6_log_20260602_143011.csv] - WARNING - Estado FSM: AVANZA | Target Wall: None | Target Theta: 0.00° |theta: 96.2569095819783 
2026-06-02 14:30:16.407 - [robot_6_log_20260602_143011.csv] - DEBUG - Frecuencia: 4128.25 Hz | Latencia Red/Proc: 17.98 ms
2026-06-02 14:30:16.437 - [robot_6_log_20260602_143011.csv] - DEBUG - Incoming data. Topic agent/6/wheel, mensaje {"Wleft":1.657007864e-15,"Wright":-3.719247132e-16}
2026-06-02 14:30:16.457 - [robot_6_log_20260602_143011.csv] - INFO - Usando posición VISION: x=265.52, y=98.19, θ=1.68
2026-06-02 14:30:16.457 - [robot_6_log_20260602_143011.csv] - INFO - Distancias a paredes: Left: 265.52, Right: 184.48, Top: 41.81, Bottom: 98.19
2026-06-02 14:30:16.457 - [robot_6_log_20260602_143011.csv] - INFO - Posicion: 265.52, 98.19, 1.68 | Velocidad: -0.994043202198076, -0.10898675223987112
2026-06-02 14:30:16.457 - [robot_6_log_20260602_143011.csv] - INFO - None
2026-06-02 14:30:16.457 - [robot_6_log_20260602_143011.csv] - WARNING - Estado FSM: AVANZA | Target Wall: None | Target Theta: 0.00° |theta: 96.2569095819783 
2026-06-02 14:30:16.481 - [robot_6_log_20260602_143011.csv] - DEBUG - Incoming data. Topic 6/pos, mensaje {"x": 265.49, "y": 98.23, "yaw": 1.666, "timestamp": 1780403416.478989}
2026-06-02 14:30:16.486 - [robot_6_log_20260602_143011.csv] - DEBUG - Posición actualizada por visión: x=265.49, y=98.23, θ=1.67
2026-06-02 14:30:16.491 - [robot_6_log_20260602_143011.csv] - DEBUG - Frecuencia: 11.92 Hz | Latencia Red/Proc: 12.70 ms
2026-06-02 14:30:16.491 - [robot_6_log_20260602_143011.csv] - DEBUG - Incoming data. Topic 6/pos, mensaje {"x": 265.49, "y": 98.23, "yaw": 1.666, "timestamp": 1780403416.478989}
2026-06-02 14:30:16.491 - [robot_6_log_20260602_143011.csv] - DEBUG - Posición actualizada por visión: x=265.49, y=98.23, θ=1.67
2026-06-02 14:30:16.491 - [robot_6_log_20260602_143011.csv] - DEBUG - Frecuencia: 11915.64 Hz | Latencia Red/Proc: 12.78 ms
2026-06-02 14:30:16.496 - [robot_6_log_20260602_143011.csv] - DEBUG - Incoming data. Topic 6/pos, mensaje {"x": 265.49, "y": 98.23, "yaw": 1.666, "timestamp": 1780403416.4903615}
2026-06-02 14:30:16.502 - [robot_6_log_20260602_143011.csv] - DEBUG - Posición actualizada por visión: x=265.49, y=98.23, θ=1.67
2026-06-02 14:30:16.502 - [robot_6_log_20260602_143011.csv] - DEBUG - Frecuencia: 96.53 Hz | Latencia Red/Proc: 11.77 ms
2026-06-02 14:30:16.507 - [robot_6_log_20260602_143011.csv] - DEBUG - Incoming data. Topic 6/pos, mensaje {"x": 265.49, "y": 98.23, "yaw": 1.666, "timestamp": 1780403416.4903615}
2026-06-02 14:30:16.507 - [robot_6_log_20260602_143011.csv] - INFO - Usando posición VISION: x=265.49, y=98.23, θ=1.67
2026-06-02 14:30:16.507 - [robot_6_log_20260602_143011.csv] - DEBUG - Posición actualizada por visión: x=265.49, y=98.23, θ=1.67
2026-06-02 14:30:16.507 - [robot_6_log_20260602_143011.csv] - INFO - Distancias a paredes: Left: 265.49, Right: 184.51, Top: 41.77, Bottom: 98.23
2026-06-02 14:30:16.507 - [robot_6_log_20260602_143011.csv] - DEBUG - Frecuencia: 179.50 Hz | Latencia Red/Proc: 17.34 ms
2026-06-02 14:30:16.507 - [robot_6_log_20260602_143011.csv] - INFO - Posicion: 265.49, 98.23, 1.666 | Velocidad: -0.995471552243954, -0.09505992148646485
2026-06-02 14:30:16.507 - [robot_6_log_20260602_143011.csv] - INFO - None
2026-06-02 14:30:16.507 - [robot_6_log_20260602_143011.csv] - WARNING - Estado FSM: AVANZA | Target Wall: None | Target Theta: 0.00° |theta: 95.45476866879514 
2026-06-02 14:30:16.537 - [robot_6_log_20260602_143011.csv] - DEBUG - Incoming data. Topic agent/6/wheel, mensaje {"Wleft":1.657007864e-15,"Wright":-3.719247132e-16}
2026-06-02 14:30:16.557 - [robot_6_log_20260602_143011.csv] - INFO - Usando posición VISION: x=265.49, y=98.23, θ=1.67
2026-06-02 14:30:16.557 - [robot_6_log_20260602_143011.csv] - INFO - Distancias a paredes: Left: 265.49, Right: 184.51, Top: 41.77, Bottom: 98.23
2026-06-02 14:30:16.557 - [robot_6_log_20260602_143011.csv] - INFO - Posicion: 265.49, 98.23, 1.666 | Velocidad: -0.995471552243954, -0.09505992148646485
2026-06-02 14:30:16.557 - [robot_6_log_20260602_143011.csv] - INFO - None
2026-06-02 14:30:16.557 - [robot_6_log_20260602_143011.csv] - WARNING - Estado FSM: AVANZA | Target Wall: None | Target Theta: 0.00° |theta: 95.45476866879514 
2026-06-02 14:30:16.582 - [robot_6_log_20260602_143011.csv] - DEBUG - Incoming data. Topic 6/pos, mensaje {"x": 265.49, "y": 98.24, "yaw": 1.667, "timestamp": 1780403416.581127}
2026-06-02 14:30:16.587 - [robot_6_log_20260602_143011.csv] - DEBUG - Posición actualizada por visión: x=265.49, y=98.24, θ=1.67
2026-06-02 14:30:16.587 - [robot_6_log_20260602_143011.csv] - DEBUG - Frecuencia: 12.57 Hz | Latencia Red/Proc: 6.13 ms
2026-06-02 14:30:16.587 - [robot_6_log_20260602_143011.csv] - DEBUG - Incoming data. Topic agent/6/wheel, mensaje {"Wleft":1.657007864e-15,"Wright":-3.719247132e-16}
2026-06-02 14:30:16.593 - [robot_6_log_20260602_143011.csv] - DEBUG - Incoming data. Topic 6/pos, mensaje {"x": 265.49, "y": 98.24, "yaw": 1.667, "timestamp": 1780403416.5917854}
2026-06-02 14:30:16.607 - [robot_6_log_20260602_143011.csv] - DEBUG - Posición actualizada por visión: x=265.49, y=98.24, θ=1.67
2026-06-02 14:30:16.607 - [robot_6_log_20260602_143011.csv] - DEBUG - Frecuencia: 49.08 Hz | Latencia Red/Proc: 15.85 ms
2026-06-02 14:30:16.607 - [robot_6_log_20260602_143011.csv] - DEBUG - Incoming data. Topic 6/pos, mensaje {"x": 265.49, "y": 98.24, "yaw": 1.667, "timestamp": 1780403416.581127}
2026-06-02 14:30:16.607 - [robot_6_log_20260602_143011.csv] - DEBUG - Posición actualizada por visión: x=265.49, y=98.24, θ=1.67
2026-06-02 14:30:16.607 - [robot_6_log_20260602_143011.csv] - DEBUG - Frecuencia: 16578.28 Hz | Latencia Red/Proc: 26.57 ms
2026-06-02 14:30:16.607 - [robot_6_log_20260602_143011.csv] - INFO - Usando posición VISION: x=265.49, y=98.24, θ=1.67
2026-06-02 14:30:16.607 - [robot_6_log_20260602_143011.csv] - INFO - Distancias a paredes: Left: 265.49, Right: 184.51, Top: 41.76, Bottom: 98.24
2026-06-02 14:30:16.607 - [robot_6_log_20260602_143011.csv] - INFO - Posicion: 265.49, 98.24, 1.667 | Velocidad: -0.9953759946025762, -0.09605534534284021
2026-06-02 14:30:16.607 - [robot_6_log_20260602_143011.csv] - INFO - None
2026-06-02 14:30:16.607 - [robot_6_log_20260602_143011.csv] - WARNING - Estado FSM: AVANZA | Target Wall: None | Target Theta: 0.00° |theta: 95.51206444830824 
2026-06-02 14:30:16.657 - [robot_6_log_20260602_143011.csv] - INFO - Usando posición VISION: x=265.49, y=98.24, θ=1.67
2026-06-02 14:30:16.657 - [robot_6_log_20260602_143011.csv] - INFO - Distancias a paredes: Left: 265.49, Right: 184.51, Top: 41.76, Bottom: 98.24
2026-06-02 14:30:16.657 - [robot_6_log_20260602_143011.csv] - INFO - Posicion: 265.49, 98.24, 1.667 | Velocidad: -0.9953759946025762, -0.09605534534284021
2026-06-02 14:30:16.657 - [robot_6_log_20260602_143011.csv] - INFO - None
2026-06-02 14:30:16.657 - [robot_6_log_20260602_143011.csv] - WARNING - Estado FSM: AVANZA | Target Wall: None | Target Theta: 0.00° |theta: 95.51206444830824 
2026-06-02 14:30:16.662 - [robot_6_log_20260602_143011.csv] - DEBUG - Incoming data. Topic 6/pos, mensaje {"x": 265.49, "y": 98.24, "yaw": 1.667, "timestamp": 1780403416.5917854}
2026-06-02 14:30:16.668 - [robot_6_log_20260602_143011.csv] - DEBUG - Posición actualizada por visión: x=265.49, y=98.24, θ=1.67
2026-06-02 14:30:16.668 - [robot_6_log_20260602_143011.csv] - DEBUG - Frecuencia: 16.53 Hz | Latencia Red/Proc: 76.40 ms
2026-06-02 14:30:16.686 - [robot_6_log_20260602_143011.csv] - DEBUG - Incoming data. Topic 6/pos, mensaje {"x": 265.48, "y": 98.27, "yaw": 1.666, "timestamp": 1780403416.6802816}
2026-06-02 14:30:16.686 - [robot_6_log_20260602_143011.csv] - DEBUG - Posición actualizada por visión: x=265.48, y=98.27, θ=1.67
2026-06-02 14:30:16.686 - [robot_6_log_20260602_143011.csv] - DEBUG - Frecuencia: 55.60 Hz | Latencia Red/Proc: 5.89 ms
2026-06-02 14:30:16.686 - [robot_6_log_20260602_143011.csv] - DEBUG - Incoming data. Topic 6/pos, mensaje {"x": 265.48, "y": 98.27, "yaw": 1.666, "timestamp": 1780403416.6802816}
2026-06-02 14:30:16.686 - [robot_6_log_20260602_143011.csv] - DEBUG - Posición actualizada por visión: x=265.48, y=98.27, θ=1.67
2026-06-02 14:30:16.691 - [robot_6_log_20260602_143011.csv] - DEBUG - Frecuencia: 193.91 Hz | Latencia Red/Proc: 11.05 ms
2026-06-02 14:30:16.701 - [robot_6_log_20260602_143011.csv] - DEBUG - Incoming data. Topic 6/pos, mensaje {"x": 265.48, "y": 98.27, "yaw": 1.666, "timestamp": 1780403416.691528}
2026-06-02 14:30:16.706 - [robot_6_log_20260602_143011.csv] - DEBUG - Posición actualizada por visión: x=265.48, y=98.27, θ=1.67
2026-06-02 14:30:16.706 - [robot_6_log_20260602_143011.csv] - DEBUG - Frecuencia: 64.71 Hz | Latencia Red/Proc: 15.25 ms
2026-06-02 14:30:16.707 - [robot_6_log_20260602_143011.csv] - INFO - Usando posición VISION: x=265.48, y=98.27, θ=1.67
2026-06-02 14:30:16.707 - [robot_6_log_20260602_143011.csv] - DEBUG - Incoming data. Topic 6/pos, mensaje {"x": 265.48, "y": 98.27, "yaw": 1.666, "timestamp": 1780403416.691528}
2026-06-02 14:30:16.707 - [robot_6_log_20260602_143011.csv] - INFO - Distancias a paredes: Left: 265.48, Right: 184.52, Top: 41.73, Bottom: 98.27
2026-06-02 14:30:16.707 - [robot_6_log_20260602_143011.csv] - DEBUG - Posición actualizada por visión: x=265.48, y=98.27, θ=1.67
2026-06-02 14:30:16.707 - [robot_6_log_20260602_143011.csv] - INFO - Posicion: 265.48, 98.27, 1.666 | Velocidad: -0.995471552243954, -0.09505992148646485
2026-06-02 14:30:16.707 - [robot_6_log_20260602_143011.csv] - DEBUG - Frecuencia: 1175.53 Hz | Latencia Red/Proc: 16.10 ms
2026-06-02 14:30:16.707 - [robot_6_log_20260602_143011.csv] - INFO - None
2026-06-02 14:30:16.707 - [robot_6_log_20260602_143011.csv] - WARNING - Estado FSM: AVANZA | Target Wall: None | Target Theta: 0.00° |theta: 95.45476866879514 
2026-06-02 14:30:16.742 - [robot_6_log_20260602_143011.csv] - DEBUG - Incoming data. Topic agent/6/wheel, mensaje {"Wleft":1.657007864e-15,"Wright":-3.719247132e-16}
2026-06-02 14:30:16.757 - [robot_6_log_20260602_143011.csv] - INFO - Usando posición VISION: x=265.48, y=98.27, θ=1.67
2026-06-02 14:30:16.757 - [robot_6_log_20260602_143011.csv] - INFO - Distancias a paredes: Left: 265.48, Right: 184.52, Top: 41.73, Bottom: 98.27
2026-06-02 14:30:16.757 - [robot_6_log_20260602_143011.csv] - INFO - Posicion: 265.48, 98.27, 1.666 | Velocidad: -0.995471552243954, -0.09505992148646485
2026-06-02 14:30:16.757 - [robot_6_log_20260602_143011.csv] - INFO - None
2026-06-02 14:30:16.757 - [robot_6_log_20260602_143011.csv] - WARNING - Estado FSM: AVANZA | Target Wall: None | Target Theta: 0.00° |theta: 95.45476866879514 
2026-06-02 14:30:16.782 - [robot_6_log_20260602_143011.csv] - DEBUG - Incoming data. Topic 6/pos, mensaje {"x": 265.49, "y": 98.23, "yaw": 1.666, "timestamp": 1780403416.777848}
2026-06-02 14:30:16.787 - [robot_6_log_20260602_143011.csv] - DEBUG - Posición actualizada por visión: x=265.49, y=98.23, θ=1.67
2026-06-02 14:30:16.792 - [robot_6_log_20260602_143011.csv] - DEBUG - Frecuencia: 11.80 Hz | Latencia Red/Proc: 14.55 ms
2026-06-02 14:30:16.802 - [robot_6_log_20260602_143011.csv] - DEBUG - Incoming data. Topic 6/pos, mensaje {"x": 265.49, "y": 98.23, "yaw": 1.666, "timestamp": 1780403416.777848}
2026-06-02 14:30:16.807 - [robot_6_log_20260602_143011.csv] - INFO - Usando posición VISION: x=265.49, y=98.23, θ=1.67
2026-06-02 14:30:16.807 - [robot_6_log_20260602_143011.csv] - DEBUG - Posición actualizada por visión: x=265.49, y=98.23, θ=1.67
2026-06-02 14:30:16.807 - [robot_6_log_20260602_143011.csv] - INFO - Distancias a paredes: Left: 265.49, Right: 184.51, Top: 41.77, Bottom: 98.23
2026-06-02 14:30:16.807 - [robot_6_log_20260602_143011.csv] - DEBUG - Frecuencia: 66.00 Hz | Latencia Red/Proc: 29.71 ms
2026-06-02 14:30:16.807 - [robot_6_log_20260602_143011.csv] - INFO - Posicion: 265.49, 98.23, 1.666 | Velocidad: -0.995471552243954, -0.09505992148646485
2026-06-02 14:30:16.807 - [robot_6_log_20260602_143011.csv] - INFO - None
2026-06-02 14:30:16.807 - [robot_6_log_20260602_143011.csv] - DEBUG - Incoming data. Topic 6/pos, mensaje {"x": 265.49, "y": 98.23, "yaw": 1.666, "timestamp": 1780403416.7873237}
2026-06-02 14:30:16.807 - [robot_6_log_20260602_143011.csv] - WARNING - Estado FSM: AVANZA | Target Wall: None | Target Theta: 0.00° |theta: 95.45476866879514 
2026-06-02 14:30:16.807 - [robot_6_log_20260602_143011.csv] - DEBUG - Posición actualizada por visión: x=265.49, y=98.23, θ=1.67
2026-06-02 14:30:16.812 - [robot_6_log_20260602_143011.csv] - DEBUG - Frecuencia: 189.53 Hz | Latencia Red/Proc: 25.51 ms
2026-06-02 14:30:16.829 - [robot_6_log_20260602_143011.csv] - DEBUG - Incoming data. Topic agent/6/wheel, mensaje {"Wleft":1.657007864e-15,"Wright":-3.719247132e-16}
2026-06-02 14:30:16.839 - [robot_6_log_20260602_143011.csv] - DEBUG - Incoming data. Topic 6/pos, mensaje {"x": 265.49, "y": 98.23, "yaw": 1.666, "timestamp": 1780403416.7873237}
2026-06-02 14:30:16.844 - [robot_6_log_20260602_143011.csv] - DEBUG - Posición actualizada por visión: x=265.49, y=98.23, θ=1.67
2026-06-02 14:30:16.844 - [robot_6_log_20260602_143011.csv] - DEBUG - Frecuencia: 31.45 Hz | Latencia Red/Proc: 57.30 ms
2026-06-02 14:30:16.857 - [robot_6_log_20260602_143011.csv] - INFO - Usando posición VISION: x=265.49, y=98.23, θ=1.67
2026-06-02 14:30:16.857 - [robot_6_log_20260602_143011.csv] - INFO - Distancias a paredes: Left: 265.49, Right: 184.51, Top: 41.77, Bottom: 98.23
2026-06-02 14:30:16.857 - [robot_6_log_20260602_143011.csv] - INFO - Posicion: 265.49, 98.23, 1.666 | Velocidad: -0.995471552243954, -0.09505992148646485
2026-06-02 14:30:16.857 - [robot_6_log_20260602_143011.csv] - INFO - None
2026-06-02 14:30:16.857 - [robot_6_log_20260602_143011.csv] - WARNING - Estado FSM: AVANZA | Target Wall: None | Target Theta: 0.00° |theta: 95.45476866879514 
2026-06-02 14:30:16.882 - [robot_6_log_20260602_143011.csv] - DEBUG - Incoming data. Topic 6/pos, mensaje {"x": 265.49, "y": 98.24, "yaw": 1.666, "timestamp": 1780403416.8777108}
2026-06-02 14:30:16.887 - [robot_6_log_20260602_143011.csv] - DEBUG - Posición actualizada por visión: x=265.49, y=98.24, θ=1.67
2026-06-02 14:30:16.887 - [robot_6_log_20260602_143011.csv] - DEBUG - Frecuencia: 23.30 Hz | Latencia Red/Proc: 9.83 ms
2026-06-02 14:30:16.887 - [robot_6_log_20260602_143011.csv] - DEBUG - Incoming data. Topic 6/pos, mensaje {"x": 265.49, "y": 98.24, "yaw": 1.666, "timestamp": 1780403416.8777108}
2026-06-02 14:30:16.887 - [robot_6_log_20260602_143011.csv] - DEBUG - Posición actualizada por visión: x=265.49, y=98.24, θ=1.67
2026-06-02 14:30:16.887 - [robot_6_log_20260602_143011.csv] - DEBUG - Frecuencia: 8473.34 Hz | Latencia Red/Proc: 9.95 ms
2026-06-02 14:30:16.893 - [robot_6_log_20260602_143011.csv] - DEBUG - Incoming data. Topic 6/pos, mensaje {"x": 265.49, "y": 98.24, "yaw": 1.666, "timestamp": 1780403416.8889446}
2026-06-02 14:30:16.893 - [robot_6_log_20260602_143011.csv] - DEBUG - Posición actualizada por visión: x=265.49, y=98.24, θ=1.67
2026-06-02 14:30:16.893 - [robot_6_log_20260602_143011.csv] - DEBUG - Frecuencia: 162.52 Hz | Latencia Red/Proc: 4.87 ms
2026-06-02 14:30:16.893 - [robot_6_log_20260602_143011.csv] - DEBUG - Incoming data. Topic agent/6/wheel, mensaje {"Wleft":1.657007864e-15,"Wright":-3.719247132e-16}
2026-06-02 14:30:16.907 - [robot_6_log_20260602_143011.csv] - INFO - Usando posición VISION: x=265.49, y=98.24, θ=1.67
2026-06-02 14:30:16.907 - [robot_6_log_20260602_143011.csv] - INFO - Distancias a paredes: Left: 265.49, Right: 184.51, Top: 41.76, Bottom: 98.24
2026-06-02 14:30:16.907 - [robot_6_log_20260602_143011.csv] - INFO - Posicion: 265.49, 98.24, 1.666 | Velocidad: -0.995471552243954, -0.09505992148646485
2026-06-02 14:30:16.907 - [robot_6_log_20260602_143011.csv] - INFO - None
2026-06-02 14:30:16.907 - [robot_6_log_20260602_143011.csv] - WARNING - Estado FSM: AVANZA | Target Wall: None | Target Theta: 0.00° |theta: 95.45476866879514 
2026-06-02 14:30:16.952 - [robot_6_log_20260602_143011.csv] - DEBUG - Incoming data. Topic 6/pos, mensaje {"x": 265.49, "y": 98.24, "yaw": 1.666, "timestamp": 1780403416.8889446}
2026-06-02 14:30:16.957 - [robot_6_log_20260602_143011.csv] - INFO - Usando posición VISION: x=265.49, y=98.24, θ=1.67
2026-06-02 14:30:16.957 - [robot_6_log_20260602_143011.csv] - INFO - Distancias a paredes: Left: 265.49, Right: 184.51, Top: 41.76, Bottom: 98.24
2026-06-02 14:30:16.957 - [robot_6_log_20260602_143011.csv] - INFO - Posicion: 265.49, 98.24, 1.666 | Velocidad: -0.995471552243954, -0.09505992148646485
2026-06-02 14:30:16.957 - [robot_6_log_20260602_143011.csv] - INFO - None
2026-06-02 14:30:16.957 - [robot_6_log_20260602_143011.csv] - DEBUG - Posición actualizada por visión: x=265.49, y=98.24, θ=1.67
2026-06-02 14:30:16.957 - [robot_6_log_20260602_143011.csv] - WARNING - Estado FSM: AVANZA | Target Wall: None | Target Theta: 0.00° |theta: 95.45476866879514 
2026-06-02 14:30:16.957 - [robot_6_log_20260602_143011.csv] - DEBUG - Frecuencia: 15.62 Hz | Latencia Red/Proc: 68.88 ms
2026-06-02 14:30:16.985 - [robot_6_log_20260602_143011.csv] - DEBUG - Incoming data. Topic 6/pos, mensaje {"x": 265.5, "y": 98.22, "yaw": 1.668, "timestamp": 1780403416.980955}
2026-06-02 14:30:16.990 - [robot_6_log_20260602_143011.csv] - DEBUG - Posición actualizada por visión: x=265.50, y=98.22, θ=1.67
2026-06-02 14:30:16.990 - [robot_6_log_20260602_143011.csv] - DEBUG - Frecuencia: 30.23 Hz | Latencia Red/Proc: 9.94 ms
2026-06-02 14:30:16.990 - [robot_6_log_20260602_143011.csv] - DEBUG - Incoming data. Topic 6/pos, mensaje {"x": 265.5, "y": 98.22, "yaw": 1.668, "timestamp": 1780403416.980955}
2026-06-02 14:30:16.990 - [robot_6_log_20260602_143011.csv] - DEBUG - Posición actualizada por visión: x=265.50, y=98.22, θ=1.67
2026-06-02 14:30:16.991 - [robot_6_log_20260602_143011.csv] - DEBUG - Frecuencia: 9078.58 Hz | Latencia Red/Proc: 10.05 ms
2026-06-02 14:30:16.996 - [robot_6_log_20260602_143011.csv] - DEBUG - Incoming data. Topic 6/pos, mensaje {"x": 265.5, "y": 98.22, "yaw": 1.668, "timestamp": 1780403416.9900386}
2026-06-02 14:30:16.996 - [robot_6_log_20260602_143011.csv] - DEBUG - Posición actualizada por visión: x=265.50, y=98.22, θ=1.67
2026-06-02 14:30:16.996 - [robot_6_log_20260602_143011.csv] - DEBUG - Frecuencia: 193.46 Hz | Latencia Red/Proc: 6.14 ms
2026-06-02 14:30:16.996 - [robot_6_log_20260602_143011.csv] - DEBUG - Incoming data. Topic 6/pos, mensaje {"x": 265.5, "y": 98.22, "yaw": 1.668, "timestamp": 1780403416.9900386}
2026-06-02 14:30:16.996 - [robot_6_log_20260602_143011.csv] - DEBUG - Posición actualizada por visión: x=265.50, y=98.22, θ=1.67
2026-06-02 14:30:17.001 - [robot_6_log_20260602_143011.csv] - DEBUG - Frecuencia: 192.56 Hz | Latencia Red/Proc: 11.33 ms
2026-06-02 14:30:17.007 - [robot_6_log_20260602_143011.csv] - INFO - Usando posición VISION: x=265.50, y=98.22, θ=1.67
2026-06-02 14:30:17.007 - [robot_6_log_20260602_143011.csv] - INFO - Distancias a paredes: Left: 265.50, Right: 184.50, Top: 41.78, Bottom: 98.22
2026-06-02 14:30:17.007 - [robot_6_log_20260602_143011.csv] - INFO - Posicion: 265.5, 98.22, 1.668 | Velocidad: -0.9952794415852867, -0.09705067314387801
2026-06-02 14:30:17.007 - [robot_6_log_20260602_143011.csv] - INFO - None
2026-06-02 14:30:17.007 - [robot_6_log_20260602_143011.csv] - WARNING - Estado FSM: AVANZA | Target Wall: None | Target Theta: 0.00° |theta: 95.5693602278213 
2026-06-02 14:30:17.048 - [robot_6_log_20260602_143011.csv] - DEBUG - Incoming data. Topic agent/6/wheel, mensaje {"Wleft":1.657007864e-15,"Wright":-3.719247132e-16}
2026-06-02 14:30:17.057 - [robot_6_log_20260602_143011.csv] - INFO - Usando posición VISION: x=265.50, y=98.22, θ=1.67
2026-06-02 14:30:17.057 - [robot_6_log_20260602_143011.csv] - INFO - Distancias a paredes: Left: 265.50, Right: 184.50, Top: 41.78, Bottom: 98.22
2026-06-02 14:30:17.057 - [robot_6_log_20260602_143011.csv] - INFO - Posicion: 265.5, 98.22, 1.668 | Velocidad: -0.9952794415852867, -0.09705067314387801
2026-06-02 14:30:17.057 - [robot_6_log_20260602_143011.csv] - INFO - None
2026-06-02 14:30:17.057 - [robot_6_log_20260602_143011.csv] - WARNING - Estado FSM: AVANZA | Target Wall: None | Target Theta: 0.00° |theta: 95.5693602278213 
2026-06-02 14:30:17.088 - [robot_6_log_20260602_143011.csv] - DEBUG - Incoming data. Topic 6/pos, mensaje {"x": 265.49, "y": 98.24, "yaw": 1.669, "timestamp": 1780403417.081172}
2026-06-02 14:30:17.093 - [robot_6_log_20260602_143011.csv] - DEBUG - Posición actualizada por visión: x=265.49, y=98.24, θ=1.67
2026-06-02 14:30:17.098 - [robot_6_log_20260602_143011.csv] - DEBUG - Frecuencia: 10.30 Hz | Latencia Red/Proc: 17.24 ms
2026-06-02 14:30:17.103 - [robot_6_log_20260602_143011.csv] - DEBUG - Incoming data. Topic 6/pos, mensaje {"x": 265.49, "y": 98.24, "yaw": 1.669, "timestamp": 1780403417.081172}
2026-06-02 14:30:17.107 - [robot_6_log_20260602_143011.csv] - INFO - Usando posición VISION: x=265.49, y=98.24, θ=1.67
2026-06-02 14:30:17.107 - [robot_6_log_20260602_143011.csv] - DEBUG - Posición actualizada por visión: x=265.49, y=98.24, θ=1.67
2026-06-02 14:30:17.107 - [robot_6_log_20260602_143011.csv] - INFO - Distancias a paredes: Left: 265.49, Right: 184.51, Top: 41.76, Bottom: 98.24
2026-06-02 14:30:17.107 - [robot_6_log_20260602_143011.csv] - DEBUG - Frecuencia: 108.78 Hz | Latencia Red/Proc: 26.43 ms
2026-06-02 14:30:17.107 - [robot_6_log_20260602_143011.csv] - INFO - Posicion: 265.49, 98.24, 1.669 | Velocidad: -0.9951818932886386, -0.09804590389425098
2026-06-02 14:30:17.107 - [robot_6_log_20260602_143011.csv] - DEBUG - Incoming data. Topic 6/pos, mensaje {"x": 265.49, "y": 98.24, "yaw": 1.669, "timestamp": 1780403417.0895338}
2026-06-02 14:30:17.107 - [robot_6_log_20260602_143011.csv] - INFO - None
2026-06-02 14:30:17.107 - [robot_6_log_20260602_143011.csv] - DEBUG - Posición actualizada por visión: x=265.49, y=98.24, θ=1.67
2026-06-02 14:30:17.107 - [robot_6_log_20260602_143011.csv] - WARNING - Estado FSM: AVANZA | Target Wall: None | Target Theta: 0.00° |theta: 95.6266560073344 
2026-06-02 14:30:17.107 - [robot_6_log_20260602_143011.csv] - DEBUG - Frecuencia: 3192.01 Hz | Latencia Red/Proc: 18.39 ms
2026-06-02 14:30:17.143 - [robot_6_log_20260602_143011.csv] - DEBUG - Incoming data. Topic agent/6/wheel, mensaje {"Wleft":1.657007864e-15,"Wright":-3.719247132e-16}
2026-06-02 14:30:17.148 - [robot_6_log_20260602_143011.csv] - DEBUG - Incoming data. Topic 6/pos, mensaje {"x": 265.49, "y": 98.24, "yaw": 1.669, "timestamp": 1780403417.0895338}
2026-06-02 14:30:17.154 - [robot_6_log_20260602_143011.csv] - DEBUG - Posición actualizada por visión: x=265.49, y=98.24, θ=1.67
2026-06-02 14:30:17.157 - [robot_6_log_20260602_143011.csv] - INFO - Usando posición VISION: x=265.49, y=98.24, θ=1.67
2026-06-02 14:30:17.157 - [robot_6_log_20260602_143011.csv] - INFO - Distancias a paredes: Left: 265.49, Right: 184.51, Top: 41.76, Bottom: 98.24
2026-06-02 14:30:17.157 - [robot_6_log_20260602_143011.csv] - INFO - Posicion: 265.49, 98.24, 1.669 | Velocidad: -0.9951818932886386, -0.09804590389425098
2026-06-02 14:30:17.157 - [robot_6_log_20260602_143011.csv] - INFO - None
2026-06-02 14:30:17.157 - [robot_6_log_20260602_143011.csv] - DEBUG - Frecuencia: 20.14 Hz | Latencia Red/Proc: 68.04 ms
2026-06-02 14:30:17.157 - [robot_6_log_20260602_143011.csv] - WARNING - Estado FSM: AVANZA | Target Wall: None | Target Theta: 0.00° |theta: 95.6266560073344 
2026-06-02 14:30:17.182 - [robot_6_log_20260602_143011.csv] - DEBUG - Incoming data. Topic 6/pos, mensaje {"x": 265.49, "y": 98.24, "yaw": 1.667, "timestamp": 1780403417.1783707}
2026-06-02 14:30:17.182 - [robot_6_log_20260602_143011.csv] - DEBUG - Posición actualizada por visión: x=265.49, y=98.24, θ=1.67
2026-06-02 14:30:17.182 - [robot_6_log_20260602_143011.csv] - DEBUG - Frecuencia: 40.49 Hz | Latencia Red/Proc: 3.90 ms
2026-06-02 14:30:17.193 - [robot_6_log_20260602_143011.csv] - DEBUG - Incoming data. Topic 6/pos, mensaje {"x": 265.49, "y": 98.24, "yaw": 1.667, "timestamp": 1780403417.1783707}
2026-06-02 14:30:17.198 - [robot_6_log_20260602_143011.csv] - DEBUG - Posición actualizada por visión: x=265.49, y=98.24, θ=1.67
2026-06-02 14:30:17.198 - [robot_6_log_20260602_143011.csv] - DEBUG - Frecuencia: 60.68 Hz | Latencia Red/Proc: 20.38 ms
2026-06-02 14:30:17.198 - [robot_6_log_20260602_143011.csv] - DEBUG - Incoming data. Topic 6/pos, mensaje {"x": 265.49, "y": 98.24, "yaw": 1.667, "timestamp": 1780403417.1887102}
2026-06-02 14:30:17.198 - [robot_6_log_20260602_143011.csv] - DEBUG - Posición actualizada por visión: x=265.49, y=98.24, θ=1.67
2026-06-02 14:30:17.198 - [robot_6_log_20260602_143011.csv] - DEBUG - Frecuencia: 17476.27 Hz | Latencia Red/Proc: 10.09 ms
2026-06-02 14:30:17.198 - [robot_6_log_20260602_143011.csv] - DEBUG - Incoming data. Topic 6/pos, mensaje {"x": 265.49, "y": 98.24, "yaw": 1.667, "timestamp": 1780403417.1887102}
2026-06-02 14:30:17.198 - [robot_6_log_20260602_143011.csv] - DEBUG - Posición actualizada por visión: x=265.49, y=98.24, θ=1.67
2026-06-02 14:30:17.198 - [robot_6_log_20260602_143011.csv] - DEBUG - Frecuencia: 25890.77 Hz | Latencia Red/Proc: 10.13 ms
2026-06-02 14:30:17.207 - [robot_6_log_20260602_143011.csv] - INFO - Usando posición VISION: x=265.49, y=98.24, θ=1.67
2026-06-02 14:30:17.207 - [robot_6_log_20260602_143011.csv] - INFO - Distancias a paredes: Left: 265.49, Right: 184.51, Top: 41.76, Bottom: 98.24
2026-06-02 14:30:17.207 - [robot_6_log_20260602_143011.csv] - INFO - Posicion: 265.49, 98.24, 1.667 | Velocidad: -0.9953759946025762, -0.09605534534284021
2026-06-02 14:30:17.207 - [robot_6_log_20260602_143011.csv] - INFO - None
2026-06-02 14:30:17.207 - [robot_6_log_20260602_143011.csv] - WARNING - Estado FSM: AVANZA | Target Wall: None | Target Theta: 0.00° |theta: 95.51206444830824 
2026-06-02 14:30:17.232 - [robot_6_log_20260602_143011.csv] - DEBUG - Incoming data. Topic agent/6/wheel, mensaje {"Wleft":1.657007864e-15,"Wright":-3.719247132e-16}
2026-06-02 14:30:17.257 - [robot_6_log_20260602_143011.csv] - INFO - Usando posición VISION: x=265.49, y=98.24, θ=1.67
2026-06-02 14:30:17.257 - [robot_6_log_20260602_143011.csv] - INFO - Distancias a paredes: Left: 265.49, Right: 184.51, Top: 41.76, Bottom: 98.24
2026-06-02 14:30:17.257 - [robot_6_log_20260602_143011.csv] - INFO - Posicion: 265.49, 98.24, 1.667 | Velocidad: -0.9953759946025762, -0.09605534534284021
2026-06-02 14:30:17.257 - [robot_6_log_20260602_143011.csv] - INFO - None
2026-06-02 14:30:17.257 - [robot_6_log_20260602_143011.csv] - WARNING - Estado FSM: AVANZA | Target Wall: None | Target Theta: 0.00° |theta: 95.51206444830824 
2026-06-02 14:30:17.281 - [robot_6_log_20260602_143011.csv] - DEBUG - Incoming data. Topic 6/pos, mensaje {"x": 265.5, "y": 98.24, "yaw": 1.667, "timestamp": 1780403417.2751799}
2026-06-02 14:30:17.281 - [robot_6_log_20260602_143011.csv] - DEBUG - Posición actualizada por visión: x=265.50, y=98.24, θ=1.67
2026-06-02 14:30:17.282 - [robot_6_log_20260602_143011.csv] - DEBUG - Frecuencia: 12.02 Hz | Latencia Red/Proc: 6.85 ms
2026-06-02 14:30:17.282 - [robot_6_log_20260602_143011.csv] - DEBUG - Incoming data. Topic 6/pos, mensaje {"x": 265.5, "y": 98.24, "yaw": 1.667, "timestamp": 1780403417.2751799}
2026-06-02 14:30:17.287 - [robot_6_log_20260602_143011.csv] - DEBUG - Posición actualizada por visión: x=265.50, y=98.24, θ=1.67
2026-06-02 14:30:17.287 - [robot_6_log_20260602_143011.csv] - DEBUG - Frecuencia: 193.15 Hz | Latencia Red/Proc: 12.03 ms
2026-06-02 14:30:17.297 - [robot_6_log_20260602_143011.csv] - DEBUG - Incoming data. Topic 6/pos, mensaje {"x": 265.5, "y": 98.24, "yaw": 1.667, "timestamp": 1780403417.2836134}
2026-06-02 14:30:17.297 - [robot_6_log_20260602_143011.csv] - DEBUG - Posición actualizada por visión: x=265.50, y=98.24, θ=1.67
2026-06-02 14:30:17.302 - [robot_6_log_20260602_143011.csv] - DEBUG - Frecuencia: 64.23 Hz | Latencia Red/Proc: 19.16 ms
2026-06-02 14:30:17.302 - [robot_6_log_20260602_143011.csv] - DEBUG - Incoming data. Topic 6/pos, mensaje {"x": 265.5, "y": 98.24, "yaw": 1.667, "timestamp": 1780403417.2836134}
2026-06-02 14:30:17.302 - [robot_6_log_20260602_143011.csv] - DEBUG - Posición actualizada por visión: x=265.50, y=98.24, θ=1.67
2026-06-02 14:30:17.302 - [robot_6_log_20260602_143011.csv] - DEBUG - Frecuencia: 11008.67 Hz | Latencia Red/Proc: 19.25 ms
2026-06-02 14:30:17.307 - [robot_6_log_20260602_143011.csv] - INFO - Usando posición VISION: x=265.50, y=98.24, θ=1.67
2026-06-02 14:30:17.307 - [robot_6_log_20260602_143011.csv] - INFO - Distancias a paredes: Left: 265.50, Right: 184.50, Top: 41.76, Bottom: 98.24
2026-06-02 14:30:17.307 - [robot_6_log_20260602_143011.csv] - INFO - Posicion: 265.5, 98.24, 1.667 | Velocidad: -0.9953759946025762, -0.09605534534284021
2026-06-02 14:30:17.307 - [robot_6_log_20260602_143011.csv] - INFO - None
2026-06-02 14:30:17.307 - [robot_6_log_20260602_143011.csv] - WARNING - Estado FSM: AVANZA | Target Wall: None | Target Theta: 0.00° |theta: 95.51206444830824 
2026-06-02 14:30:17.325 - [robot_6_log_20260602_143011.csv] - DEBUG - Incoming data. Topic agent/6/wheel, mensaje {"Wleft":1.657007864e-15,"Wright":-3.719247132e-16}
2026-06-02 14:30:17.357 - [robot_6_log_20260602_143011.csv] - INFO - Usando posición VISION: x=265.50, y=98.24, θ=1.67
2026-06-02 14:30:17.357 - [robot_6_log_20260602_143011.csv] - INFO - Distancias a paredes: Left: 265.50, Right: 184.50, Top: 41.76, Bottom: 98.24
2026-06-02 14:30:17.357 - [robot_6_log_20260602_143011.csv] - INFO - Posicion: 265.5, 98.24, 1.667 | Velocidad: -0.9953759946025762, -0.09605534534284021
2026-06-02 14:30:17.357 - [robot_6_log_20260602_143011.csv] - INFO - None
2026-06-02 14:30:17.357 - [robot_6_log_20260602_143011.csv] - WARNING - Estado FSM: AVANZA | Target Wall: None | Target Theta: 0.00° |theta: 95.51206444830824 
2026-06-02 14:30:17.381 - [robot_6_log_20260602_143011.csv] - DEBUG - Incoming data. Topic 6/pos, mensaje {"x": 265.53, "y": 98.18, "yaw": 1.68, "timestamp": 1780403417.3749306}
2026-06-02 14:30:17.381 - [robot_6_log_20260602_143011.csv] - DEBUG - Posición actualizada por visión: x=265.53, y=98.18, θ=1.68
2026-06-02 14:30:17.387 - [robot_6_log_20260602_143011.csv] - DEBUG - Frecuencia: 11.82 Hz | Latencia Red/Proc: 12.51 ms
2026-06-02 14:30:17.387 - [robot_6_log_20260602_143011.csv] - DEBUG - Incoming data. Topic 6/pos, mensaje {"x": 265.53, "y": 98.18, "yaw": 1.68, "timestamp": 1780403417.3749306}
2026-06-02 14:30:17.387 - [robot_6_log_20260602_143011.csv] - DEBUG - Posición actualizada por visión: x=265.53, y=98.18, θ=1.68
2026-06-02 14:30:17.392 - [robot_6_log_20260602_143011.csv] - DEBUG - Frecuencia: 190.81 Hz | Latencia Red/Proc: 17.75 ms
2026-06-02 14:30:17.397 - [robot_6_log_20260602_143011.csv] - DEBUG - Incoming data. Topic 6/pos, mensaje {"x": 265.53, "y": 98.18, "yaw": 1.68, "timestamp": 1780403417.383441}
2026-06-02 14:30:17.403 - [robot_6_log_20260602_143011.csv] - DEBUG - Posición actualizada por visión: x=265.53, y=98.18, θ=1.68
2026-06-02 14:30:17.407 - [robot_6_log_20260602_143011.csv] - INFO - Usando posición VISION: x=265.53, y=98.18, θ=1.68
2026-06-02 14:30:17.407 - [robot_6_log_20260602_143011.csv] - DEBUG - Frecuencia: 67.59 Hz | Latencia Red/Proc: 24.04 ms
2026-06-02 14:30:17.407 - [robot_6_log_20260602_143011.csv] - INFO - Distancias a paredes: Left: 265.53, Right: 184.47, Top: 41.82, Bottom: 98.18
2026-06-02 14:30:17.407 - [robot_6_log_20260602_143011.csv] - DEBUG - Incoming data. Topic 6/pos, mensaje {"x": 265.53, "y": 98.18, "yaw": 1.68, "timestamp": 1780403417.383441}
2026-06-02 14:30:17.407 - [robot_6_log_20260602_143011.csv] - INFO - Posicion: 265.53, 98.18, 1.68 | Velocidad: -0.994043202198076, -0.10898675223987112
2026-06-02 14:30:17.407 - [robot_6_log_20260602_143011.csv] - DEBUG - Posición actualizada por visión: x=265.53, y=98.18, θ=1.68
2026-06-02 14:30:17.407 - [robot_6_log_20260602_143011.csv] - INFO - None
2026-06-02 14:30:17.407 - [robot_6_log_20260602_143011.csv] - DEBUG - Frecuencia: 4629.47 Hz | Latencia Red/Proc: 24.25 ms
2026-06-02 14:30:17.407 - [robot_6_log_20260602_143011.csv] - WARNING - Estado FSM: AVANZA | Target Wall: None | Target Theta: 0.00° |theta: 96.2569095819783 
2026-06-02 14:30:17.456 - [robot_6_log_20260602_143011.csv] - DEBUG - Incoming data. Topic agent/6/wheel, mensaje {"Wleft":1.657007864e-15,"Wright":-3.719247132e-16}
2026-06-02 14:30:17.457 - [robot_6_log_20260602_143011.csv] - INFO - Usando posición VISION: x=265.53, y=98.18, θ=1.68
2026-06-02 14:30:17.457 - [robot_6_log_20260602_143011.csv] - INFO - Distancias a paredes: Left: 265.53, Right: 184.47, Top: 41.82, Bottom: 98.18
2026-06-02 14:30:17.457 - [robot_6_log_20260602_143011.csv] - INFO - Posicion: 265.53, 98.18, 1.68 | Velocidad: -0.994043202198076, -0.10898675223987112
2026-06-02 14:30:17.457 - [robot_6_log_20260602_143011.csv] - INFO - None
2026-06-02 14:30:17.457 - [robot_6_log_20260602_143011.csv] - WARNING - Estado FSM: AVANZA | Target Wall: None | Target Theta: 0.00° |theta: 96.2569095819783 
2026-06-02 14:30:17.485 - [robot_6_log_20260602_143011.csv] - DEBUG - Incoming data. Topic 6/pos, mensaje {"x": 265.49, "y": 98.23, "yaw": 1.669, "timestamp": 1780403417.4749033}
2026-06-02 14:30:17.490 - [robot_6_log_20260602_143011.csv] - DEBUG - Posición actualizada por visión: x=265.49, y=98.23, θ=1.67
2026-06-02 14:30:17.490 - [robot_6_log_20260602_143011.csv] - DEBUG - Frecuencia: 12.04 Hz | Latencia Red/Proc: 15.84 ms
2026-06-02 14:30:17.505 - [robot_6_log_20260602_143011.csv] - DEBUG - Incoming data. Topic 6/pos, mensaje {"x": 265.49, "y": 98.23, "yaw": 1.669, "timestamp": 1780403417.4749033}
2026-06-02 14:30:17.507 - [robot_6_log_20260602_143011.csv] - INFO - Usando posición VISION: x=265.49, y=98.23, θ=1.67
2026-06-02 14:30:17.507 - [robot_6_log_20260602_143011.csv] - DEBUG - Posición actualizada por visión: x=265.49, y=98.23, θ=1.67
2026-06-02 14:30:17.507 - [robot_6_log_20260602_143011.csv] - INFO - Distancias a paredes: Left: 265.49, Right: 184.51, Top: 41.77, Bottom: 98.23
2026-06-02 14:30:17.507 - [robot_6_log_20260602_143011.csv] - DEBUG - Frecuencia: 59.49 Hz | Latencia Red/Proc: 32.65 ms
2026-06-02 14:30:17.507 - [robot_6_log_20260602_143011.csv] - INFO - Posicion: 265.49, 98.23, 1.669 | Velocidad: -0.9951818932886386, -0.09804590389425098
2026-06-02 14:30:17.507 - [robot_6_log_20260602_143011.csv] - INFO - None
2026-06-02 14:30:17.507 - [robot_6_log_20260602_143011.csv] - DEBUG - Incoming data. Topic 6/pos, mensaje {"x": 265.49, "y": 98.23, "yaw": 1.669, "timestamp": 1780403417.483905}
2026-06-02 14:30:17.507 - [robot_6_log_20260602_143011.csv] - WARNING - Estado FSM: AVANZA | Target Wall: None | Target Theta: 0.00° |theta: 95.6266560073344 
2026-06-02 14:30:17.507 - [robot_6_log_20260602_143011.csv] - DEBUG - Posición actualizada por visión: x=265.49, y=98.23, θ=1.67
2026-06-02 14:30:17.512 - [robot_6_log_20260602_143011.csv] - DEBUG - Frecuencia: 189.19 Hz | Latencia Red/Proc: 28.94 ms
2026-06-02 14:30:17.523 - [robot_6_log_20260602_143011.csv] - DEBUG - Incoming data. Topic 6/pos, mensaje {"x": 265.49, "y": 98.23, "yaw": 1.669, "timestamp": 1780403417.483905}
2026-06-02 14:30:17.523 - [robot_6_log_20260602_143011.csv] - DEBUG - Posición actualizada por visión: x=265.49, y=98.23, θ=1.67
2026-06-02 14:30:17.529 - [robot_6_log_20260602_143011.csv] - DEBUG - Frecuencia: 60.06 Hz | Latencia Red/Proc: 45.59 ms
2026-06-02 14:30:17.541 - [robot_6_log_20260602_143011.csv] - DEBUG - Incoming data. Topic agent/6/wheel, mensaje {"Wleft":1.657007864e-15,"Wright":-3.719247132e-16}
2026-06-02 14:30:17.557 - [robot_6_log_20260602_143011.csv] - INFO - Usando posición VISION: x=265.49, y=98.23, θ=1.67
2026-06-02 14:30:17.557 - [robot_6_log_20260602_143011.csv] - INFO - Distancias a paredes: Left: 265.49, Right: 184.51, Top: 41.77, Bottom: 98.23
2026-06-02 14:30:17.557 - [robot_6_log_20260602_143011.csv] - INFO - Posicion: 265.49, 98.23, 1.669 | Velocidad: -0.9951818932886386, -0.09804590389425098
2026-06-02 14:30:17.557 - [robot_6_log_20260602_143011.csv] - INFO - None
2026-06-02 14:30:17.557 - [robot_6_log_20260602_143011.csv] - WARNING - Estado FSM: AVANZA | Target Wall: None | Target Theta: 0.00° |theta: 95.6266560073344 
2026-06-02 14:30:17.586 - [robot_6_log_20260602_143011.csv] - DEBUG - Incoming data. Topic 6/pos, mensaje {"x": 265.51, "y": 98.21, "yaw": 1.682, "timestamp": 1780403417.5798156}
2026-06-02 14:30:17.591 - [robot_6_log_20260602_143011.csv] - DEBUG - Posición actualizada por visión: x=265.51, y=98.21, θ=1.68
2026-06-02 14:30:17.596 - [robot_6_log_20260602_143011.csv] - DEBUG - Frecuencia: 14.88 Hz | Latencia Red/Proc: 16.88 ms
2026-06-02 14:30:17.596 - [robot_6_log_20260602_143011.csv] - DEBUG - Incoming data. Topic 6/pos, mensaje {"x": 265.51, "y": 98.21, "yaw": 1.682, "timestamp": 1780403417.5798156}
2026-06-02 14:30:17.596 - [robot_6_log_20260602_143011.csv] - DEBUG - Posición actualizada por visión: x=265.51, y=98.21, θ=1.68
2026-06-02 14:30:17.601 - [robot_6_log_20260602_143011.csv] - DEBUG - Frecuencia: 192.49 Hz | Latencia Red/Proc: 22.08 ms
2026-06-02 14:30:17.607 - [robot_6_log_20260602_143011.csv] - DEBUG - Incoming data. Topic 6/pos, mensaje {"x": 265.51, "y": 98.21, "yaw": 1.682, "timestamp": 1780403417.5893354}
2026-06-02 14:30:17.607 - [robot_6_log_20260602_143011.csv] - INFO - Usando posición VISION: x=265.51, y=98.21, θ=1.68
2026-06-02 14:30:17.607 - [robot_6_log_20260602_143011.csv] - DEBUG - Posición actualizada por visión: x=265.51, y=98.21, θ=1.68
2026-06-02 14:30:17.607 - [robot_6_log_20260602_143011.csv] - INFO - Distancias a paredes: Left: 265.51, Right: 184.49, Top: 41.79, Bottom: 98.21
2026-06-02 14:30:17.607 - [robot_6_log_20260602_143011.csv] - DEBUG - Frecuencia: 176.22 Hz | Latencia Red/Proc: 18.23 ms
2026-06-02 14:30:17.607 - [robot_6_log_20260602_143011.csv] - INFO - Posicion: 265.51, 98.21, 1.682 | Velocidad: -0.9938232407531702, -0.11097461934544478
2026-06-02 14:30:17.607 - [robot_6_log_20260602_143011.csv] - DEBUG - Incoming data. Topic 6/pos, mensaje {"x": 265.51, "y": 98.21, "yaw": 1.682, "timestamp": 1780403417.5893354}
2026-06-02 14:30:17.607 - [robot_6_log_20260602_143011.csv] - INFO - None
2026-06-02 14:30:17.607 - [robot_6_log_20260602_143011.csv] - DEBUG - Posición actualizada por visión: x=265.51, y=98.21, θ=1.68
2026-06-02 14:30:17.607 - [robot_6_log_20260602_143011.csv] - WARNING - Estado FSM: AVANZA | Target Wall: None | Target Theta: 0.00° |theta: 96.37150114100446 
2026-06-02 14:30:17.607 - [robot_6_log_20260602_143011.csv] - DEBUG - Frecuencia: 4148.67 Hz | Latencia Red/Proc: 18.48 ms
2026-06-02 14:30:17.636 - [robot_6_log_20260602_143011.csv] - DEBUG - Incoming data. Topic agent/6/wheel, mensaje {"Wleft":1.657007864e-15,"Wright":-3.719247132e-16}
2026-06-02 14:30:17.657 - [robot_6_log_20260602_143011.csv] - INFO - Usando posición VISION: x=265.51, y=98.21, θ=1.68
2026-06-02 14:30:17.657 - [robot_6_log_20260602_143011.csv] - INFO - Distancias a paredes: Left: 265.51, Right: 184.49, Top: 41.79, Bottom: 98.21
2026-06-02 14:30:17.657 - [robot_6_log_20260602_143011.csv] - INFO - Posicion: 265.51, 98.21, 1.682 | Velocidad: -0.9938232407531702, -0.11097461934544478
2026-06-02 14:30:17.657 - [robot_6_log_20260602_143011.csv] - INFO - None
2026-06-02 14:30:17.657 - [robot_6_log_20260602_143011.csv] - WARNING - Estado FSM: AVANZA | Target Wall: None | Target Theta: 0.00° |theta: 96.37150114100446 
2026-06-02 14:30:17.682 - [robot_6_log_20260602_143011.csv] - DEBUG - Incoming data. Topic 6/pos, mensaje {"x": 265.52, "y": 98.19, "yaw": 1.68, "timestamp": 1780403417.6815634}
2026-06-02 14:30:17.687 - [robot_6_log_20260602_143011.csv] - DEBUG - Posición actualizada por visión: x=265.52, y=98.19, θ=1.68
2026-06-02 14:30:17.687 - [robot_6_log_20260602_143011.csv] - DEBUG - Frecuencia: 12.51 Hz | Latencia Red/Proc: 6.18 ms
2026-06-02 14:30:17.687 - [robot_6_log_20260602_143011.csv] - DEBUG - Incoming data. Topic 6/pos, mensaje {"x": 265.52, "y": 98.19, "yaw": 1.68, "timestamp": 1780403417.6815634}
2026-06-02 14:30:17.687 - [robot_6_log_20260602_143011.csv] - DEBUG - Posición actualizada por visión: x=265.52, y=98.19, θ=1.68
2026-06-02 14:30:17.687 - [robot_6_log_20260602_143011.csv] - DEBUG - Frecuencia: 11335.96 Hz | Latencia Red/Proc: 6.27 ms
2026-06-02 14:30:17.698 - [robot_6_log_20260602_143011.csv] - DEBUG - Incoming data. Topic 6/pos, mensaje {"x": 265.52, "y": 98.19, "yaw": 1.68, "timestamp": 1780403417.692884}
2026-06-02 14:30:17.698 - [robot_6_log_20260602_143011.csv] - DEBUG - Posición actualizada por visión: x=265.52, y=98.19, θ=1.68
2026-06-02 14:30:17.698 - [robot_6_log_20260602_143011.csv] - DEBUG - Frecuencia: 97.95 Hz | Latencia Red/Proc: 5.16 ms
2026-06-02 14:30:17.698 - [robot_6_log_20260602_143011.csv] - DEBUG - Incoming data. Topic 6/pos, mensaje {"x": 265.52, "y": 98.19, "yaw": 1.68, "timestamp": 1780403417.692884}
2026-06-02 14:30:17.698 - [robot_6_log_20260602_143011.csv] - DEBUG - Posición actualizada por visión: x=265.52, y=98.19, θ=1.68
2026-06-02 14:30:17.698 - [robot_6_log_20260602_143011.csv] - DEBUG - Frecuencia: 29330.80 Hz | Latencia Red/Proc: 5.19 ms
2026-06-02 14:30:17.707 - [robot_6_log_20260602_143011.csv] - INFO - Usando posición VISION: x=265.52, y=98.19, θ=1.68
2026-06-02 14:30:17.707 - [robot_6_log_20260602_143011.csv] - INFO - Distancias a paredes: Left: 265.52, Right: 184.48, Top: 41.81, Bottom: 98.19
2026-06-02 14:30:17.707 - [robot_6_log_20260602_143011.csv] - INFO - Posicion: 265.52, 98.19, 1.68 | Velocidad: -0.994043202198076, -0.10898675223987112
2026-06-02 14:30:17.707 - [robot_6_log_20260602_143011.csv] - INFO - None
2026-06-02 14:30:17.707 - [robot_6_log_20260602_143011.csv] - WARNING - Estado FSM: AVANZA | Target Wall: None | Target Theta: 0.00° |theta: 96.2569095819783 
2026-06-02 14:30:17.744 - [robot_6_log_20260602_143011.csv] - DEBUG - Incoming data. Topic agent/6/wheel, mensaje {"Wleft":1.657007864e-15,"Wright":-3.719247132e-16}
2026-06-02 14:30:17.757 - [robot_6_log_20260602_143011.csv] - INFO - Usando posición VISION: x=265.52, y=98.19, θ=1.68
2026-06-02 14:30:17.757 - [robot_6_log_20260602_143011.csv] - INFO - Distancias a paredes: Left: 265.52, Right: 184.48, Top: 41.81, Bottom: 98.19
2026-06-02 14:30:17.757 - [robot_6_log_20260602_143011.csv] - INFO - Posicion: 265.52, 98.19, 1.68 | Velocidad: -0.994043202198076, -0.10898675223987112
2026-06-02 14:30:17.757 - [robot_6_log_20260602_143011.csv] - INFO - None
2026-06-02 14:30:17.757 - [robot_6_log_20260602_143011.csv] - WARNING - Estado FSM: AVANZA | Target Wall: None | Target Theta: 0.00° |theta: 96.2569095819783 
2026-06-02 14:30:17.782 - [robot_6_log_20260602_143011.csv] - DEBUG - Incoming data. Topic 6/pos, mensaje {"x": 265.49, "y": 98.24, "yaw": 1.669, "timestamp": 1780403417.781364}
2026-06-02 14:30:17.787 - [robot_6_log_20260602_143011.csv] - DEBUG - Posición actualizada por visión: x=265.49, y=98.24, θ=1.67
2026-06-02 14:30:17.792 - [robot_6_log_20260602_143011.csv] - DEBUG - Frecuencia: 10.61 Hz | Latencia Red/Proc: 10.94 ms
2026-06-02 14:30:17.802 - [robot_6_log_20260602_143011.csv] - DEBUG - Incoming data. Topic 6/pos, mensaje {"x": 265.49, "y": 98.24, "yaw": 1.669, "timestamp": 1780403417.781364}
2026-06-02 14:30:17.807 - [robot_6_log_20260602_143011.csv] - INFO - Usando posición VISION: x=265.49, y=98.24, θ=1.67
2026-06-02 14:30:17.807 - [robot_6_log_20260602_143011.csv] - DEBUG - Posición actualizada por visión: x=265.49, y=98.24, θ=1.67
2026-06-02 14:30:17.807 - [robot_6_log_20260602_143011.csv] - INFO - Distancias a paredes: Left: 265.49, Right: 184.51, Top: 41.76, Bottom: 98.24
2026-06-02 14:30:17.807 - [robot_6_log_20260602_143011.csv] - DEBUG - Frecuencia: 65.68 Hz | Latencia Red/Proc: 26.17 ms
2026-06-02 14:30:17.807 - [robot_6_log_20260602_143011.csv] - INFO - Posicion: 265.49, 98.24, 1.669 | Velocidad: -0.9951818932886386, -0.09804590389425098
2026-06-02 14:30:17.807 - [robot_6_log_20260602_143011.csv] - INFO - None
2026-06-02 14:30:17.807 - [robot_6_log_20260602_143011.csv] - DEBUG - Incoming data. Topic 6/pos, mensaje {"x": 265.49, "y": 98.24, "yaw": 1.669, "timestamp": 1780403417.792894}
2026-06-02 14:30:17.807 - [robot_6_log_20260602_143011.csv] - DEBUG - Posición actualizada por visión: x=265.49, y=98.24, θ=1.67
2026-06-02 14:30:17.807 - [robot_6_log_20260602_143011.csv] - DEBUG - Frecuencia: 7639.90 Hz | Latencia Red/Proc: 14.77 ms
2026-06-02 14:30:17.807 - [robot_6_log_20260602_143011.csv] - WARNING - Estado FSM: AVANZA | Target Wall: None | Target Theta: 0.00° |theta: 95.6266560073344 
2026-06-02 14:30:17.812 - [robot_6_log_20260602_143011.csv] - DEBUG - Incoming data. Topic 6/pos, mensaje {"x": 265.49, "y": 98.24, "yaw": 1.669, "timestamp": 1780403417.792894}
2026-06-02 14:30:17.817 - [robot_6_log_20260602_143011.csv] - DEBUG - Posición actualizada por visión: x=265.49, y=98.24, θ=1.67
2026-06-02 14:30:17.822 - [robot_6_log_20260602_143011.csv] - DEBUG - Frecuencia: 65.52 Hz | Latencia Red/Proc: 30.03 ms
2026-06-02 14:30:17.834 - [robot_6_log_20260602_143011.csv] - DEBUG - Incoming data. Topic agent/6/wheel, mensaje {"Wleft":1.657007864e-15,"Wright":-3.719247132e-16}
2026-06-02 14:30:17.857 - [robot_6_log_20260602_143011.csv] - INFO - Usando posición VISION: x=265.49, y=98.24, θ=1.67
2026-06-02 14:30:17.857 - [robot_6_log_20260602_143011.csv] - INFO - Distancias a paredes: Left: 265.49, Right: 184.51, Top: 41.76, Bottom: 98.24
2026-06-02 14:30:17.857 - [robot_6_log_20260602_143011.csv] - INFO - Posicion: 265.49, 98.24, 1.669 | Velocidad: -0.9951818932886386, -0.09804590389425098
2026-06-02 14:30:17.857 - [robot_6_log_20260602_143011.csv] - INFO - None
2026-06-02 14:30:17.857 - [robot_6_log_20260602_143011.csv] - WARNING - Estado FSM: AVANZA | Target Wall: None | Target Theta: 0.00° |theta: 95.6266560073344 
2026-06-02 14:30:17.887 - [robot_6_log_20260602_143011.csv] - DEBUG - Incoming data. Topic 6/pos, mensaje {"x": 265.49, "y": 98.24, "yaw": 1.667, "timestamp": 1780403417.8821425}
2026-06-02 14:30:17.892 - [robot_6_log_20260602_143011.csv] - DEBUG - Posición actualizada por visión: x=265.49, y=98.24, θ=1.67
2026-06-02 14:30:17.903 - [robot_6_log_20260602_143011.csv] - DEBUG - Frecuencia: 12.47 Hz | Latencia Red/Proc: 20.99 ms
2026-06-02 14:30:17.907 - [robot_6_log_20260602_143011.csv] - INFO - Usando posición VISION: x=265.49, y=98.24, θ=1.67
2026-06-02 14:30:17.907 - [robot_6_log_20260602_143011.csv] - INFO - Distancias a paredes: Left: 265.49, Right: 184.51, Top: 41.76, Bottom: 98.24
2026-06-02 14:30:17.907 - [robot_6_log_20260602_143011.csv] - INFO - Posicion: 265.49, 98.24, 1.667 | Velocidad: -0.9953759946025762, -0.09605534534284021
2026-06-02 14:30:17.907 - [robot_6_log_20260602_143011.csv] - INFO - None
2026-06-02 14:30:17.907 - [robot_6_log_20260602_143011.csv] - WARNING - Estado FSM: AVANZA | Target Wall: None | Target Theta: 0.00° |theta: 95.51206444830824 
2026-06-02 14:30:17.907 - [robot_6_log_20260602_143011.csv] - DEBUG - Incoming data. Topic 6/pos, mensaje {"x": 265.49, "y": 98.24, "yaw": 1.667, "timestamp": 1780403417.8821425}
2026-06-02 14:30:17.918 - [robot_6_log_20260602_143011.csv] - DEBUG - Posición actualizada por visión: x=265.49, y=98.24, θ=1.67
2026-06-02 14:30:17.923 - [robot_6_log_20260602_143011.csv] - DEBUG - Frecuencia: 49.76 Hz | Latencia Red/Proc: 41.08 ms
2026-06-02 14:30:17.949 - [robot_6_log_20260602_143011.csv] - DEBUG - Incoming data. Topic 6/pos, mensaje {"x": 265.49, "y": 98.24, "yaw": 1.667, "timestamp": 1780403417.8913333}
2026-06-02 14:30:17.954 - [robot_6_log_20260602_143011.csv] - DEBUG - Posición actualizada por visión: x=265.49, y=98.24, θ=1.67
2026-06-02 14:30:17.957 - [robot_6_log_20260602_143011.csv] - INFO - Usando posición VISION: x=265.49, y=98.24, θ=1.67
2026-06-02 14:30:17.957 - [robot_6_log_20260602_143011.csv] - INFO - Distancias a paredes: Left: 265.49, Right: 184.51, Top: 41.76, Bottom: 98.24
2026-06-02 14:30:17.957 - [robot_6_log_20260602_143011.csv] - INFO - Posicion: 265.49, 98.24, 1.667 | Velocidad: -0.9953759946025762, -0.09605534534284021
2026-06-02 14:30:17.957 - [robot_6_log_20260602_143011.csv] - INFO - None
2026-06-02 14:30:17.957 - [robot_6_log_20260602_143011.csv] - DEBUG - Frecuencia: 29.14 Hz | Latencia Red/Proc: 66.20 ms
2026-06-02 14:30:17.957 - [robot_6_log_20260602_143011.csv] - DEBUG - Incoming data. Topic 6/pos, mensaje {"x": 265.49, "y": 98.24, "yaw": 1.667, "timestamp": 1780403417.8913333}
2026-06-02 14:30:17.957 - [robot_6_log_20260602_143011.csv] - DEBUG - Posición actualizada por visión: x=265.49, y=98.24, θ=1.67
2026-06-02 14:30:17.957 - [robot_6_log_20260602_143011.csv] - DEBUG - Frecuencia: 3692.17 Hz | Latencia Red/Proc: 66.47 ms
2026-06-02 14:30:17.957 - [robot_6_log_20260602_143011.csv] - WARNING - Estado FSM: AVANZA | Target Wall: None | Target Theta: 0.00° |theta: 95.51206444830824 
2026-06-02 14:30:17.968 - [robot_6_log_20260602_143011.csv] - DEBUG - Incoming data. Topic agent/6/wheel, mensaje {"Wleft":1.657007864e-15,"Wright":-3.719247132e-16}
2026-06-02 14:30:17.980 - [robot_6_log_20260602_143011.csv] - DEBUG - Incoming data. Topic 6/pos, mensaje {"x": 265.49, "y": 98.24, "yaw": 1.667, "timestamp": 1780403417.9771898}
2026-06-02 14:30:17.985 - [robot_6_log_20260602_143011.csv] - DEBUG - Posición actualizada por visión: x=265.49, y=98.24, θ=1.67
2026-06-02 14:30:17.990 - [robot_6_log_20260602_143011.csv] - DEBUG - Frecuencia: 30.59 Hz | Latencia Red/Proc: 13.31 ms
2026-06-02 14:30:17.995 - [robot_6_log_20260602_143011.csv] - DEBUG - Incoming data. Topic 6/pos, mensaje {"x": 265.49, "y": 98.24, "yaw": 1.667, "timestamp": 1780403417.9771898}
2026-06-02 14:30:18.000 - [robot_6_log_20260602_143011.csv] - DEBUG - Posición actualizada por visión: x=265.49, y=98.24, θ=1.67
2026-06-02 14:30:18.000 - [robot_6_log_20260602_143011.csv] - DEBUG - Frecuencia: 96.18 Hz | Latencia Red/Proc: 23.71 ms
2026-06-02 14:30:18.007 - [robot_6_log_20260602_143011.csv] - INFO - Usando posición VISION: x=265.49, y=98.24, θ=1.67
2026-06-02 14:30:18.007 - [robot_6_log_20260602_143011.csv] - DEBUG - Incoming data. Topic 6/pos, mensaje {"x": 265.49, "y": 98.24, "yaw": 1.667, "timestamp": 1780403417.988656}
2026-06-02 14:30:18.007 - [robot_6_log_20260602_143011.csv] - INFO - Distancias a paredes: Left: 265.49, Right: 184.51, Top: 41.76, Bottom: 98.24
2026-06-02 14:30:18.007 - [robot_6_log_20260602_143011.csv] - DEBUG - Posición actualizada por visión: x=265.49, y=98.24, θ=1.67
2026-06-02 14:30:18.007 - [robot_6_log_20260602_143011.csv] - DEBUG - Frecuencia: 142.09 Hz | Latencia Red/Proc: 19.28 ms
2026-06-02 14:30:18.007 - [robot_6_log_20260602_143011.csv] - INFO - Posicion: 265.49, 98.24, 1.667 | Velocidad: -0.9953759946025762, -0.09605534534284021
2026-06-02 14:30:18.007 - [robot_6_log_20260602_143011.csv] - DEBUG - Incoming data. Topic 6/pos, mensaje {"x": 265.49, "y": 98.24, "yaw": 1.667, "timestamp": 1780403417.988656}
2026-06-02 14:30:18.008 - [robot_6_log_20260602_143011.csv] - DEBUG - Posición actualizada por visión: x=265.49, y=98.24, θ=1.67
2026-06-02 14:30:18.008 - [robot_6_log_20260602_143011.csv] - DEBUG - Frecuencia: 7884.03 Hz | Latencia Red/Proc: 19.40 ms
2026-06-02 14:30:18.008 - [robot_6_log_20260602_143011.csv] - INFO - None
2026-06-02 14:30:18.008 - [robot_6_log_20260602_143011.csv] - WARNING - Estado FSM: AVANZA | Target Wall: None | Target Theta: 0.00° |theta: 95.51206444830824 
2026-06-02 14:30:18.056 - [robot_6_log_20260602_143011.csv] - DEBUG - Incoming data. Topic agent/6/wheel, mensaje {"Wleft":1.657007864e-15,"Wright":-3.719247132e-16}
2026-06-02 14:30:18.057 - [robot_6_log_20260602_143011.csv] - INFO - Usando posición VISION: x=265.49, y=98.24, θ=1.67
2026-06-02 14:30:18.057 - [robot_6_log_20260602_143011.csv] - INFO - Distancias a paredes: Left: 265.49, Right: 184.51, Top: 41.76, Bottom: 98.24
2026-06-02 14:30:18.057 - [robot_6_log_20260602_143011.csv] - INFO - Posicion: 265.49, 98.24, 1.667 | Velocidad: -0.9953759946025762, -0.09605534534284021
2026-06-02 14:30:18.057 - [robot_6_log_20260602_143011.csv] - INFO - None
2026-06-02 14:30:18.057 - [robot_6_log_20260602_143011.csv] - WARNING - Estado FSM: AVANZA | Target Wall: None | Target Theta: 0.00° |theta: 95.51206444830824 
2026-06-02 14:30:18.082 - [robot_6_log_20260602_143011.csv] - DEBUG - Incoming data. Topic 6/pos, mensaje {"x": 265.52, "y": 98.2, "yaw": 1.679, "timestamp": 1780403418.0791097}
2026-06-02 14:30:18.087 - [robot_6_log_20260602_143011.csv] - DEBUG - Posición actualizada por visión: x=265.52, y=98.20, θ=1.68
2026-06-02 14:30:18.093 - [robot_6_log_20260602_143011.csv] - DEBUG - Frecuencia: 11.77 Hz | Latencia Red/Proc: 13.90 ms
2026-06-02 14:30:18.098 - [robot_6_log_20260602_143011.csv] - DEBUG - Incoming data. Topic 6/pos, mensaje {"x": 265.52, "y": 98.2, "yaw": 1.679, "timestamp": 1780403418.0791097}
2026-06-02 14:30:18.103 - [robot_6_log_20260602_143011.csv] - DEBUG - Posición actualizada por visión: x=265.52, y=98.20, θ=1.68
2026-06-02 14:30:18.103 - [robot_6_log_20260602_143011.csv] - DEBUG - Frecuencia: 96.90 Hz | Latencia Red/Proc: 24.22 ms
2026-06-02 14:30:18.107 - [robot_6_log_20260602_143011.csv] - INFO - Usando posición VISION: x=265.52, y=98.20, θ=1.68
2026-06-02 14:30:18.107 - [robot_6_log_20260602_143011.csv] - INFO - Distancias a paredes: Left: 265.52, Right: 184.48, Top: 41.80, Bottom: 98.20
2026-06-02 14:30:18.107 - [robot_6_log_20260602_143011.csv] - INFO - Posicion: 265.52, 98.2, 1.679 | Velocidad: -0.9941516919105917, -0.10799265470997543
2026-06-02 14:30:18.107 - [robot_6_log_20260602_143011.csv] - INFO - None
2026-06-02 14:30:18.107 - [robot_6_log_20260602_143011.csv] - WARNING - Estado FSM: AVANZA | Target Wall: None | Target Theta: 0.00° |theta: 96.19961380246522 
2026-06-02 14:30:18.112 - [robot_6_log_20260602_143011.csv] - DEBUG - Incoming data. Topic 6/pos, mensaje {"x": 265.52, "y": 98.2, "yaw": 1.679, "timestamp": 1780403418.0878315}
2026-06-02 14:30:18.118 - [robot_6_log_20260602_143011.csv] - DEBUG - Posición actualizada por visión: x=265.52, y=98.20, θ=1.68
2026-06-02 14:30:18.118 - [robot_6_log_20260602_143011.csv] - DEBUG - Frecuencia: 67.48 Hz | Latencia Red/Proc: 30.31 ms
2026-06-02 14:30:18.128 - [robot_6_log_20260602_143011.csv] - DEBUG - Incoming data. Topic 6/pos, mensaje {"x": 265.52, "y": 98.2, "yaw": 1.679, "timestamp": 1780403418.0878315}
2026-06-02 14:30:18.128 - [robot_6_log_20260602_143011.csv] - DEBUG - Posición actualizada por visión: x=265.52, y=98.20, θ=1.68
2026-06-02 14:30:18.133 - [robot_6_log_20260602_143011.csv] - DEBUG - Frecuencia: 64.93 Hz | Latencia Red/Proc: 45.71 ms
2026-06-02 14:30:18.138 - [robot_6_log_20260602_143011.csv] - DEBUG - Incoming data. Topic agent/6/wheel, mensaje {"Wleft":1.657007864e-15,"Wright":-3.719247132e-16}
2026-06-02 14:30:18.157 - [robot_6_log_20260602_143011.csv] - INFO - Usando posición VISION: x=265.52, y=98.20, θ=1.68
2026-06-02 14:30:18.157 - [robot_6_log_20260602_143011.csv] - INFO - Distancias a paredes: Left: 265.52, Right: 184.48, Top: 41.80, Bottom: 98.20
2026-06-02 14:30:18.157 - [robot_6_log_20260602_143011.csv] - INFO - Posicion: 265.52, 98.2, 1.679 | Velocidad: -0.9941516919105917, -0.10799265470997543
2026-06-02 14:30:18.157 - [robot_6_log_20260602_143011.csv] - INFO - None
2026-06-02 14:30:18.157 - [robot_6_log_20260602_143011.csv] - WARNING - Estado FSM: AVANZA | Target Wall: None | Target Theta: 0.00° |theta: 96.19961380246522 
2026-06-02 14:30:18.187 - [robot_6_log_20260602_143011.csv] - DEBUG - Incoming data. Topic 6/pos, mensaje {"x": 265.52, "y": 98.21, "yaw": 1.679, "timestamp": 1780403418.1764855}
2026-06-02 14:30:18.192 - [robot_6_log_20260602_143011.csv] - DEBUG - Posición actualizada por visión: x=265.52, y=98.21, θ=1.68
2026-06-02 14:30:18.197 - [robot_6_log_20260602_143011.csv] - DEBUG - Frecuencia: 15.60 Hz | Latencia Red/Proc: 21.16 ms
2026-06-02 14:30:18.207 - [robot_6_log_20260602_143011.csv] - INFO - Usando posición VISION: x=265.52, y=98.21, θ=1.68
2026-06-02 14:30:18.207 - [robot_6_log_20260602_143011.csv] - INFO - Distancias a paredes: Left: 265.52, Right: 184.48, Top: 41.79, Bottom: 98.21
2026-06-02 14:30:18.207 - [robot_6_log_20260602_143011.csv] - INFO - Posicion: 265.52, 98.21, 1.679 | Velocidad: -0.9941516919105917, -0.10799265470997543
2026-06-02 14:30:18.207 - [robot_6_log_20260602_143011.csv] - INFO - None
2026-06-02 14:30:18.207 - [robot_6_log_20260602_143011.csv] - DEBUG - Incoming data. Topic 6/pos, mensaje {"x": 265.52, "y": 98.21, "yaw": 1.679, "timestamp": 1780403418.1764855}
2026-06-02 14:30:18.207 - [robot_6_log_20260602_143011.csv] - WARNING - Estado FSM: AVANZA | Target Wall: None | Target Theta: 0.00° |theta: 96.19961380246522 
2026-06-02 14:30:18.207 - [robot_6_log_20260602_143011.csv] - DEBUG - Posición actualizada por visión: x=265.52, y=98.21, θ=1.68
2026-06-02 14:30:18.212 - [robot_6_log_20260602_143011.csv] - DEBUG - Frecuencia: 65.93 Hz | Latencia Red/Proc: 36.33 ms
2026-06-02 14:30:18.212 - [robot_6_log_20260602_143011.csv] - DEBUG - Incoming data. Topic 6/pos, mensaje {"x": 265.52, "y": 98.21, "yaw": 1.679, "timestamp": 1780403418.1877153}
2026-06-02 14:30:18.212 - [robot_6_log_20260602_143011.csv] - DEBUG - Posición actualizada por visión: x=265.52, y=98.21, θ=1.68
2026-06-02 14:30:18.212 - [robot_6_log_20260602_143011.csv] - DEBUG - Frecuencia: 17189.77 Hz | Latencia Red/Proc: 25.15 ms
2026-06-02 14:30:18.212 - [robot_6_log_20260602_143011.csv] - DEBUG - Incoming data. Topic 6/pos, mensaje {"x": 265.52, "y": 98.21, "yaw": 1.679, "timestamp": 1780403418.1877153}
2026-06-02 14:30:18.212 - [robot_6_log_20260602_143011.csv] - DEBUG - Posición actualizada por visión: x=265.52, y=98.21, θ=1.68
2026-06-02 14:30:18.212 - [robot_6_log_20260602_143011.csv] - DEBUG - Frecuencia: 26214.40 Hz | Latencia Red/Proc: 25.19 ms
2026-06-02 14:30:18.255 - [robot_6_log_20260602_143011.csv] - DEBUG - Incoming data. Topic agent/6/wheel, mensaje {"Wleft":1.657007864e-15,"Wright":-3.719247132e-16}
2026-06-02 14:30:18.257 - [robot_6_log_20260602_143011.csv] - INFO - Usando posición VISION: x=265.52, y=98.21, θ=1.68
2026-06-02 14:30:18.257 - [robot_6_log_20260602_143011.csv] - INFO - Distancias a paredes: Left: 265.52, Right: 184.48, Top: 41.79, Bottom: 98.21
2026-06-02 14:30:18.257 - [robot_6_log_20260602_143011.csv] - INFO - Posicion: 265.52, 98.21, 1.679 | Velocidad: -0.9941516919105917, -0.10799265470997543
2026-06-02 14:30:18.257 - [robot_6_log_20260602_143011.csv] - INFO - None
2026-06-02 14:30:18.257 - [robot_6_log_20260602_143011.csv] - WARNING - Estado FSM: AVANZA | Target Wall: None | Target Theta: 0.00° |theta: 96.19961380246522 
2026-06-02 14:30:18.282 - [robot_6_log_20260602_143011.csv] - DEBUG - Incoming data. Topic 6/pos, mensaje {"x": 265.49, "y": 98.23, "yaw": 1.667, "timestamp": 1780403418.2772148}
2026-06-02 14:30:18.287 - [robot_6_log_20260602_143011.csv] - DEBUG - Posición actualizada por visión: x=265.49, y=98.23, θ=1.67
2026-06-02 14:30:18.293 - [robot_6_log_20260602_143011.csv] - DEBUG - Frecuencia: 12.40 Hz | Latencia Red/Proc: 16.32 ms
2026-06-02 14:30:18.298 - [robot_6_log_20260602_143011.csv] - DEBUG - Incoming data. Topic 6/pos, mensaje {"x": 265.49, "y": 98.23, "yaw": 1.667, "timestamp": 1780403418.2772148}
2026-06-02 14:30:18.298 - [robot_6_log_20260602_143011.csv] - DEBUG - Posición actualizada por visión: x=265.49, y=98.23, θ=1.67
2026-06-02 14:30:18.298 - [robot_6_log_20260602_143011.csv] - DEBUG - Frecuencia: 193.61 Hz | Latencia Red/Proc: 21.48 ms
2026-06-02 14:30:18.307 - [robot_6_log_20260602_143011.csv] - INFO - Usando posición VISION: x=265.49, y=98.23, θ=1.67
2026-06-02 14:30:18.307 - [robot_6_log_20260602_143011.csv] - DEBUG - Incoming data. Topic 6/pos, mensaje {"x": 265.49, "y": 98.23, "yaw": 1.667, "timestamp": 1780403418.288608}
2026-06-02 14:30:18.307 - [robot_6_log_20260602_143011.csv] - INFO - Distancias a paredes: Left: 265.49, Right: 184.51, Top: 41.77, Bottom: 98.23
2026-06-02 14:30:18.307 - [robot_6_log_20260602_143011.csv] - DEBUG - Posición actualizada por visión: x=265.49, y=98.23, θ=1.67
2026-06-02 14:30:18.307 - [robot_6_log_20260602_143011.csv] - INFO - Posicion: 265.49, 98.23, 1.667 | Velocidad: -0.9953759946025762, -0.09605534534284021
2026-06-02 14:30:18.307 - [robot_6_log_20260602_143011.csv] - DEBUG - Frecuencia: 112.14 Hz | Latencia Red/Proc: 19.01 ms
2026-06-02 14:30:18.307 - [robot_6_log_20260602_143011.csv] - INFO - None
2026-06-02 14:30:18.307 - [robot_6_log_20260602_143011.csv] - DEBUG - Incoming data. Topic 6/pos, mensaje {"x": 265.49, "y": 98.23, "yaw": 1.667, "timestamp": 1780403418.288608}
2026-06-02 14:30:18.307 - [robot_6_log_20260602_143011.csv] - WARNING - Estado FSM: AVANZA | Target Wall: None | Target Theta: 0.00° |theta: 95.51206444830824 
2026-06-02 14:30:18.307 - [robot_6_log_20260602_143011.csv] - DEBUG - Posición actualizada por visión: x=265.49, y=98.23, θ=1.67
2026-06-02 14:30:18.319 - [robot_6_log_20260602_143011.csv] - DEBUG - Frecuencia: 87.70 Hz | Latencia Red/Proc: 30.41 ms
2026-06-02 14:30:18.331 - [robot_6_log_20260602_143011.csv] - DEBUG - Incoming data. Topic agent/6/wheel, mensaje {"Wleft":1.657007864e-15,"Wright":-3.719247132e-16}
2026-06-02 14:30:18.357 - [robot_6_log_20260602_143011.csv] - INFO - Usando posición VISION: x=265.49, y=98.23, θ=1.67
2026-06-02 14:30:18.357 - [robot_6_log_20260602_143011.csv] - INFO - Distancias a paredes: Left: 265.49, Right: 184.51, Top: 41.77, Bottom: 98.23
2026-06-02 14:30:18.357 - [robot_6_log_20260602_143011.csv] - INFO - Posicion: 265.49, 98.23, 1.667 | Velocidad: -0.9953759946025762, -0.09605534534284021
2026-06-02 14:30:18.357 - [robot_6_log_20260602_143011.csv] - INFO - None
2026-06-02 14:30:18.357 - [robot_6_log_20260602_143011.csv] - WARNING - Estado FSM: AVANZA | Target Wall: None | Target Theta: 0.00° |theta: 95.51206444830824 
2026-06-02 14:30:18.382 - [robot_6_log_20260602_143011.csv] - DEBUG - Incoming data. Topic 6/pos, mensaje {"x": 265.49, "y": 98.23, "yaw": 1.667, "timestamp": 1780403418.3785255}
2026-06-02 14:30:18.387 - [robot_6_log_20260602_143011.csv] - DEBUG - Posición actualizada por visión: x=265.49, y=98.23, θ=1.67
2026-06-02 14:30:18.392 - [robot_6_log_20260602_143011.csv] - DEBUG - Frecuencia: 13.60 Hz | Latencia Red/Proc: 14.03 ms
2026-06-02 14:30:18.403 - [robot_6_log_20260602_143011.csv] - DEBUG - Incoming data. Topic 6/pos, mensaje {"x": 265.49, "y": 98.23, "yaw": 1.667, "timestamp": 1780403418.3785255}
2026-06-02 14:30:18.407 - [robot_6_log_20260602_143011.csv] - INFO - Usando posición VISION: x=265.49, y=98.23, θ=1.67
2026-06-02 14:30:18.407 - [robot_6_log_20260602_143011.csv] - DEBUG - Posición actualizada por visión: x=265.49, y=98.23, θ=1.67
2026-06-02 14:30:18.407 - [robot_6_log_20260602_143011.csv] - INFO - Distancias a paredes: Left: 265.49, Right: 184.51, Top: 41.77, Bottom: 98.23
2026-06-02 14:30:18.407 - [robot_6_log_20260602_143011.csv] - DEBUG - Frecuencia: 66.62 Hz | Latencia Red/Proc: 29.04 ms
2026-06-02 14:30:18.407 - [robot_6_log_20260602_143011.csv] - INFO - Posicion: 265.49, 98.23, 1.667 | Velocidad: -0.9953759946025762, -0.09605534534284021
2026-06-02 14:30:18.407 - [robot_6_log_20260602_143011.csv] - DEBUG - Incoming data. Topic 6/pos, mensaje {"x": 265.49, "y": 98.23, "yaw": 1.667, "timestamp": 1780403418.3899026}
2026-06-02 14:30:18.407 - [robot_6_log_20260602_143011.csv] - INFO - None
2026-06-02 14:30:18.407 - [robot_6_log_20260602_143011.csv] - DEBUG - Posición actualizada por visión: x=265.49, y=98.23, θ=1.67
2026-06-02 14:30:18.407 - [robot_6_log_20260602_143011.csv] - DEBUG - Frecuencia: 5229.81 Hz | Latencia Red/Proc: 17.86 ms
2026-06-02 14:30:18.407 - [robot_6_log_20260602_143011.csv] - WARNING - Estado FSM: AVANZA | Target Wall: None | Target Theta: 0.00° |theta: 95.51206444830824 
2026-06-02 14:30:18.407 - [robot_6_log_20260602_143011.csv] - DEBUG - Incoming data. Topic 6/pos, mensaje {"x": 265.49, "y": 98.23, "yaw": 1.667, "timestamp": 1780403418.3899026}
2026-06-02 14:30:18.419 - [robot_6_log_20260602_143011.csv] - DEBUG - Posición actualizada por visión: x=265.49, y=98.23, θ=1.67
2026-06-02 14:30:18.424 - [robot_6_log_20260602_143011.csv] - DEBUG - Frecuencia: 61.20 Hz | Latencia Red/Proc: 34.20 ms
2026-06-02 14:30:18.457 - [robot_6_log_20260602_143011.csv] - INFO - Usando posición VISION: x=265.49, y=98.23, θ=1.67
2026-06-02 14:30:18.457 - [robot_6_log_20260602_143011.csv] - INFO - Distancias a paredes: Left: 265.49, Right: 184.51, Top: 41.77, Bottom: 98.23
2026-06-02 14:30:18.457 - [robot_6_log_20260602_143011.csv] - INFO - Posicion: 265.49, 98.23, 1.667 | Velocidad: -0.9953759946025762, -0.09605534534284021
2026-06-02 14:30:18.457 - [robot_6_log_20260602_143011.csv] - INFO - None
2026-06-02 14:30:18.457 - [robot_6_log_20260602_143011.csv] - WARNING - Estado FSM: AVANZA | Target Wall: None | Target Theta: 0.00° |theta: 95.51206444830824 
2026-06-02 14:30:18.463 - [robot_6_log_20260602_143011.csv] - DEBUG - Incoming data. Topic agent/6/wheel, mensaje {"Wleft":1.657007864e-15,"Wright":-3.719247132e-16}
2026-06-02 14:30:18.486 - [robot_6_log_20260602_143011.csv] - DEBUG - Incoming data. Topic 6/pos, mensaje {"x": 265.48, "y": 98.24, "yaw": 1.669, "timestamp": 1780403418.4752996}
2026-06-02 14:30:18.492 - [robot_6_log_20260602_143011.csv] - DEBUG - Posición actualizada por visión: x=265.48, y=98.24, θ=1.67
2026-06-02 14:30:18.497 - [robot_6_log_20260602_143011.csv] - DEBUG - Frecuencia: 13.68 Hz | Latencia Red/Proc: 21.87 ms
2026-06-02 14:30:18.502 - [robot_6_log_20260602_143011.csv] - DEBUG - Incoming data. Topic 6/pos, mensaje {"x": 265.48, "y": 98.24, "yaw": 1.669, "timestamp": 1780403418.4752996}
2026-06-02 14:30:18.507 - [robot_6_log_20260602_143011.csv] - DEBUG - Posición actualizada por visión: x=265.48, y=98.24, θ=1.67
2026-06-02 14:30:18.507 - [robot_6_log_20260602_143011.csv] - INFO - Usando posición VISION: x=265.48, y=98.24, θ=1.67
2026-06-02 14:30:18.507 - [robot_6_log_20260602_143011.csv] - DEBUG - Frecuencia: 97.09 Hz | Latencia Red/Proc: 32.17 ms
2026-06-02 14:30:18.507 - [robot_6_log_20260602_143011.csv] - INFO - Distancias a paredes: Left: 265.48, Right: 184.52, Top: 41.76, Bottom: 98.24
2026-06-02 14:30:18.507 - [robot_6_log_20260602_143011.csv] - INFO - Posicion: 265.48, 98.24, 1.669 | Velocidad: -0.9951818932886386, -0.09804590389425098
2026-06-02 14:30:18.507 - [robot_6_log_20260602_143011.csv] - INFO - None
2026-06-02 14:30:18.507 - [robot_6_log_20260602_143011.csv] - DEBUG - Incoming data. Topic 6/pos, mensaje {"x": 265.48, "y": 98.24, "yaw": 1.669, "timestamp": 1780403418.4838665}
2026-06-02 14:30:18.507 - [robot_6_log_20260602_143011.csv] - WARNING - Estado FSM: AVANZA | Target Wall: None | Target Theta: 0.00° |theta: 95.6266560073344 
2026-06-02 14:30:18.507 - [robot_6_log_20260602_143011.csv] - DEBUG - Posición actualizada por visión: x=265.48, y=98.24, θ=1.67
2026-06-02 14:30:18.518 - [robot_6_log_20260602_143011.csv] - DEBUG - Frecuencia: 87.42 Hz | Latencia Red/Proc: 35.05 ms
2026-06-02 14:30:18.535 - [robot_6_log_20260602_143011.csv] - DEBUG - Incoming data. Topic 6/pos, mensaje {"x": 265.48, "y": 98.24, "yaw": 1.669, "timestamp": 1780403418.4838665}
2026-06-02 14:30:18.540 - [robot_6_log_20260602_143011.csv] - DEBUG - Posición actualizada por visión: x=265.48, y=98.24, θ=1.67
2026-06-02 14:30:18.545 - [robot_6_log_20260602_143011.csv] - DEBUG - Frecuencia: 37.76 Hz | Latencia Red/Proc: 61.53 ms
2026-06-02 14:30:18.556 - [robot_6_log_20260602_143011.csv] - DEBUG - Incoming data. Topic agent/6/wheel, mensaje {"Wleft":1.657007864e-15,"Wright":-3.719247132e-16}
2026-06-02 14:30:18.557 - [robot_6_log_20260602_143011.csv] - INFO - Usando posición VISION: x=265.48, y=98.24, θ=1.67
2026-06-02 14:30:18.557 - [robot_6_log_20260602_143011.csv] - INFO - Distancias a paredes: Left: 265.48, Right: 184.52, Top: 41.76, Bottom: 98.24
2026-06-02 14:30:18.557 - [robot_6_log_20260602_143011.csv] - INFO - Posicion: 265.48, 98.24, 1.669 | Velocidad: -0.9951818932886386, -0.09804590389425098
2026-06-02 14:30:18.557 - [robot_6_log_20260602_143011.csv] - INFO - None
2026-06-02 14:30:18.557 - [robot_6_log_20260602_143011.csv] - WARNING - Estado FSM: AVANZA | Target Wall: None | Target Theta: 0.00° |theta: 95.6266560073344 
2026-06-02 14:30:18.588 - [robot_6_log_20260602_143011.csv] - DEBUG - Incoming data. Topic 6/pos, mensaje {"x": 265.5, "y": 98.23, "yaw": 1.672, "timestamp": 1780403418.5798528}
2026-06-02 14:30:18.588 - [robot_6_log_20260602_143011.csv] - DEBUG - Posición actualizada por visión: x=265.50, y=98.23, θ=1.67
2026-06-02 14:30:18.593 - [robot_6_log_20260602_143011.csv] - DEBUG - Frecuencia: 20.77 Hz | Latencia Red/Proc: 13.69 ms
2026-06-02 14:30:18.598 - [robot_6_log_20260602_143011.csv] - DEBUG - Incoming data. Topic 6/pos, mensaje {"x": 265.5, "y": 98.23, "yaw": 1.672, "timestamp": 1780403418.5798528}
2026-06-02 14:30:18.603 - [robot_6_log_20260602_143011.csv] - DEBUG - Posición actualizada por visión: x=265.50, y=98.23, θ=1.67
2026-06-02 14:30:18.607 - [robot_6_log_20260602_143011.csv] - INFO - Usando posición VISION: x=265.50, y=98.23, θ=1.67
2026-06-02 14:30:18.607 - [robot_6_log_20260602_143011.csv] - DEBUG - Frecuencia: 71.79 Hz | Latencia Red/Proc: 27.62 ms
2026-06-02 14:30:18.607 - [robot_6_log_20260602_143011.csv] - INFO - Distancias a paredes: Left: 265.50, Right: 184.50, Top: 41.77, Bottom: 98.23
2026-06-02 14:30:18.607 - [robot_6_log_20260602_143011.csv] - DEBUG - Incoming data. Topic 6/pos, mensaje {"x": 265.5, "y": 98.23, "yaw": 1.672, "timestamp": 1780403418.5911896}
2026-06-02 14:30:18.607 - [robot_6_log_20260602_143011.csv] - INFO - Posicion: 265.5, 98.23, 1.672 | Velocidad: -0.9948832777030012, -0.10103100388956367
2026-06-02 14:30:18.607 - [robot_6_log_20260602_143011.csv] - DEBUG - Posición actualizada por visión: x=265.50, y=98.23, θ=1.67
2026-06-02 14:30:18.607 - [robot_6_log_20260602_143011.csv] - INFO - None
2026-06-02 14:30:18.607 - [robot_6_log_20260602_143011.csv] - DEBUG - Frecuencia: 6636.56 Hz | Latencia Red/Proc: 16.43 ms
2026-06-02 14:30:18.607 - [robot_6_log_20260602_143011.csv] - WARNING - Estado FSM: AVANZA | Target Wall: None | Target Theta: 0.00° |theta: 95.79854334587364 
2026-06-02 14:30:18.612 - [robot_6_log_20260602_143011.csv] - DEBUG - Incoming data. Topic 6/pos, mensaje {"x": 265.5, "y": 98.23, "yaw": 1.672, "timestamp": 1780403418.5911896}
2026-06-02 14:30:18.612 - [robot_6_log_20260602_143011.csv] - DEBUG - Posición actualizada por visión: x=265.50, y=98.23, θ=1.67
2026-06-02 14:30:18.612 - [robot_6_log_20260602_143011.csv] - DEBUG - Frecuencia: 192.98 Hz | Latencia Red/Proc: 21.62 ms
2026-06-02 14:30:18.657 - [robot_6_log_20260602_143011.csv] - INFO - Usando posición VISION: x=265.50, y=98.23, θ=1.67
2026-06-02 14:30:18.657 - [robot_6_log_20260602_143011.csv] - INFO - Distancias a paredes: Left: 265.50, Right: 184.50, Top: 41.77, Bottom: 98.23
2026-06-02 14:30:18.657 - [robot_6_log_20260602_143011.csv] - INFO - Posicion: 265.5, 98.23, 1.672 | Velocidad: -0.9948832777030012, -0.10103100388956367
2026-06-02 14:30:18.657 - [robot_6_log_20260602_143011.csv] - INFO - None
2026-06-02 14:30:18.657 - [robot_6_log_20260602_143011.csv] - WARNING - Estado FSM: AVANZA | Target Wall: None | Target Theta: 0.00° |theta: 95.79854334587364 
2026-06-02 14:30:18.680 - [robot_6_log_20260602_143011.csv] - DEBUG - Incoming data. Topic agent/6/wheel, mensaje {"Wleft":1.657007864e-15,"Wright":-3.719247132e-16}
2026-06-02 14:30:18.686 - [robot_6_log_20260602_143011.csv] - DEBUG - Incoming data. Topic 6/pos, mensaje {"x": 265.5, "y": 98.22, "yaw": 1.67, "timestamp": 1780403418.680625}
2026-06-02 14:30:18.692 - [robot_6_log_20260602_143011.csv] - DEBUG - Posición actualizada por visión: x=265.50, y=98.22, θ=1.67
2026-06-02 14:30:18.697 - [robot_6_log_20260602_143011.csv] - DEBUG - Frecuencia: 11.77 Hz | Latencia Red/Proc: 17.16 ms
2026-06-02 14:30:18.707 - [robot_6_log_20260602_143011.csv] - INFO - Usando posición VISION: x=265.50, y=98.22, θ=1.67
2026-06-02 14:30:18.707 - [robot_6_log_20260602_143011.csv] - INFO - Distancias a paredes: Left: 265.50, Right: 184.50, Top: 41.78, Bottom: 98.22
2026-06-02 14:30:18.707 - [robot_6_log_20260602_143011.csv] - INFO - Posicion: 265.5, 98.22, 1.67 | Velocidad: -0.9950833498101802, -0.09904103659872801
2026-06-02 14:30:18.707 - [robot_6_log_20260602_143011.csv] - INFO - None
2026-06-02 14:30:18.707 - [robot_6_log_20260602_143011.csv] - WARNING - Estado FSM: AVANZA | Target Wall: None | Target Theta: 0.00° |theta: 95.68395178684747 
2026-06-02 14:30:18.712 - [robot_6_log_20260602_143011.csv] - DEBUG - Incoming data. Topic 6/pos, mensaje {"x": 265.5, "y": 98.22, "yaw": 1.67, "timestamp": 1780403418.680625}
2026-06-02 14:30:18.718 - [robot_6_log_20260602_143011.csv] - DEBUG - Posición actualizada por visión: x=265.50, y=98.22, θ=1.67
2026-06-02 14:30:18.723 - [robot_6_log_20260602_143011.csv] - DEBUG - Frecuencia: 39.18 Hz | Latencia Red/Proc: 42.68 ms
2026-06-02 14:30:18.728 - [robot_6_log_20260602_143011.csv] - DEBUG - Incoming data. Topic 6/pos, mensaje {"x": 265.5, "y": 98.22, "yaw": 1.67, "timestamp": 1780403418.6893778}
2026-06-02 14:30:18.733 - [robot_6_log_20260602_143011.csv] - DEBUG - Posición actualizada por visión: x=265.50, y=98.22, θ=1.67
2026-06-02 14:30:18.733 - [robot_6_log_20260602_143011.csv] - DEBUG - Frecuencia: 95.07 Hz | Latencia Red/Proc: 44.45 ms
2026-06-02 14:30:18.739 - [robot_6_log_20260602_143011.csv] - DEBUG - Incoming data. Topic 6/pos, mensaje {"x": 265.5, "y": 98.22, "yaw": 1.67, "timestamp": 1780403418.6893778}
2026-06-02 14:30:18.744 - [robot_6_log_20260602_143011.csv] - DEBUG - Posición actualizada por visión: x=265.50, y=98.22, θ=1.67
2026-06-02 14:30:18.744 - [robot_6_log_20260602_143011.csv] - DEBUG - Frecuencia: 95.68 Hz | Latencia Red/Proc: 54.90 ms
2026-06-02 14:30:18.757 - [robot_6_log_20260602_143011.csv] - INFO - Usando posición VISION: x=265.50, y=98.22, θ=1.67
2026-06-02 14:30:18.757 - [robot_6_log_20260602_143011.csv] - INFO - Distancias a paredes: Left: 265.50, Right: 184.50, Top: 41.78, Bottom: 98.22
2026-06-02 14:30:18.757 - [robot_6_log_20260602_143011.csv] - INFO - Posicion: 265.5, 98.22, 1.67 | Velocidad: -0.9950833498101802, -0.09904103659872801
2026-06-02 14:30:18.757 - [robot_6_log_20260602_143011.csv] - INFO - None
2026-06-02 14:30:18.757 - [robot_6_log_20260602_143011.csv] - WARNING - Estado FSM: AVANZA | Target Wall: None | Target Theta: 0.00° |theta: 95.68395178684747 
2026-06-02 14:30:18.781 - [robot_6_log_20260602_143011.csv] - DEBUG - Incoming data. Topic agent/6/wheel, mensaje {"Wleft":1.657007864e-15,"Wright":-3.719247132e-16}
2026-06-02 14:30:18.796 - [robot_6_log_20260602_143011.csv] - DEBUG - Incoming data. Topic 6/pos, mensaje {"x": 265.48, "y": 98.22, "yaw": 1.667, "timestamp": 1780403418.7777126}
2026-06-02 14:30:18.807 - [robot_6_log_20260602_143011.csv] - INFO - Usando posición VISION: x=265.50, y=98.22, θ=1.67
2026-06-02 14:30:18.807 - [robot_6_log_20260602_143011.csv] - DEBUG - Posición actualizada por visión: x=265.48, y=98.22, θ=1.67
2026-06-02 14:30:18.807 - [robot_6_log_20260602_143011.csv] - INFO - Distancias a paredes: Left: 265.50, Right: 184.50, Top: 41.78, Bottom: 98.22
2026-06-02 14:30:18.807 - [robot_6_log_20260602_143011.csv] - DEBUG - Frecuencia: 15.79 Hz | Latencia Red/Proc: 29.91 ms
2026-06-02 14:30:18.807 - [robot_6_log_20260602_143011.csv] - INFO - Posicion: 265.5, 98.22, 1.67 | Velocidad: -0.9950833498101802, -0.09904103659872801
2026-06-02 14:30:18.807 - [robot_6_log_20260602_143011.csv] - DEBUG - Incoming data. Topic 6/pos, mensaje {"x": 265.48, "y": 98.22, "yaw": 1.667, "timestamp": 1780403418.7777126}
2026-06-02 14:30:18.807 - [robot_6_log_20260602_143011.csv] - INFO - None
2026-06-02 14:30:18.807 - [robot_6_log_20260602_143011.csv] - DEBUG - Posición actualizada por visión: x=265.48, y=98.22, θ=1.67
2026-06-02 14:30:18.807 - [robot_6_log_20260602_143011.csv] - WARNING - Estado FSM: AVANZA | Target Wall: None | Target Theta: 0.00° |theta: 95.68395178684747 
2026-06-02 14:30:18.807 - [robot_6_log_20260602_143011.csv] - DEBUG - Frecuencia: 5159.05 Hz | Latencia Red/Proc: 30.10 ms
2026-06-02 14:30:18.824 - [robot_6_log_20260602_143011.csv] - DEBUG - Incoming data. Topic 6/pos, mensaje {"x": 265.48, "y": 98.22, "yaw": 1.667, "timestamp": 1780403418.7869148}
2026-06-02 14:30:18.829 - [robot_6_log_20260602_143011.csv] - DEBUG - Posición actualizada por visión: x=265.48, y=98.22, θ=1.67
2026-06-02 14:30:18.834 - [robot_6_log_20260602_143011.csv] - DEBUG - Frecuencia: 37.60 Hz | Latencia Red/Proc: 47.49 ms
2026-06-02 14:30:18.834 - [robot_6_log_20260602_143011.csv] - DEBUG - Incoming data. Topic 6/pos, mensaje {"x": 265.48, "y": 98.22, "yaw": 1.667, "timestamp": 1780403418.7869148}
2026-06-02 14:30:18.834 - [robot_6_log_20260602_143011.csv] - DEBUG - Posición actualizada por visión: x=265.48, y=98.22, θ=1.67
2026-06-02 14:30:18.834 - [robot_6_log_20260602_143011.csv] - DEBUG - Frecuencia: 6462.72 Hz | Latencia Red/Proc: 47.65 ms
2026-06-02 14:30:18.840 - [robot_6_log_20260602_143011.csv] - DEBUG - Incoming data. Topic agent/6/wheel, mensaje {"Wleft":1.657007864e-15,"Wright":-3.719247132e-16}
2026-06-02 14:30:18.857 - [robot_6_log_20260602_143011.csv] - INFO - Usando posición VISION: x=265.48, y=98.22, θ=1.67
2026-06-02 14:30:18.857 - [robot_6_log_20260602_143011.csv] - INFO - Distancias a paredes: Left: 265.48, Right: 184.52, Top: 41.78, Bottom: 98.22
2026-06-02 14:30:18.857 - [robot_6_log_20260602_143011.csv] - INFO - Posicion: 265.48, 98.22, 1.667 | Velocidad: -0.9953759946025762, -0.09605534534284021
2026-06-02 14:30:18.857 - [robot_6_log_20260602_143011.csv] - INFO - None
2026-06-02 14:30:18.857 - [robot_6_log_20260602_143011.csv] - WARNING - Estado FSM: AVANZA | Target Wall: None | Target Theta: 0.00° |theta: 95.51206444830824 
2026-06-02 14:30:18.882 - [robot_6_log_20260602_143011.csv] - DEBUG - Incoming data. Topic 6/pos, mensaje {"x": 265.49, "y": 98.23, "yaw": 1.666, "timestamp": 1780403418.8771677}
2026-06-02 14:30:18.882 - [robot_6_log_20260602_143011.csv] - DEBUG - Posición actualizada por visión: x=265.49, y=98.23, θ=1.67
2026-06-02 14:30:18.882 - [robot_6_log_20260602_143011.csv] - DEBUG - Frecuencia: 20.84 Hz | Latencia Red/Proc: 5.38 ms
2026-06-02 14:30:18.887 - [robot_6_log_20260602_143011.csv] - DEBUG - Incoming data. Topic 6/pos, mensaje {"x": 265.49, "y": 98.23, "yaw": 1.666, "timestamp": 1780403418.8771677}
2026-06-02 14:30:18.887 - [robot_6_log_20260602_143011.csv] - DEBUG - Posición actualizada por visión: x=265.49, y=98.23, θ=1.67
2026-06-02 14:30:18.887 - [robot_6_log_20260602_143011.csv] - DEBUG - Frecuencia: 191.49 Hz | Latencia Red/Proc: 10.60 ms
2026-06-02 14:30:18.887 - [robot_6_log_20260602_143011.csv] - DEBUG - Incoming data. Topic 6/pos, mensaje {"x": 265.49, "y": 98.23, "yaw": 1.666, "timestamp": 1780403418.8873265}
2026-06-02 14:30:18.887 - [robot_6_log_20260602_143011.csv] - DEBUG - Posición actualizada por visión: x=265.49, y=98.23, θ=1.67
2026-06-02 14:30:18.888 - [robot_6_log_20260602_143011.csv] - DEBUG - Frecuencia: 4185.93 Hz | Latencia Red/Proc: 0.68 ms
2026-06-02 14:30:18.888 - [robot_6_log_20260602_143011.csv] - DEBUG - Incoming data. Topic 6/pos, mensaje {"x": 265.49, "y": 98.23, "yaw": 1.666, "timestamp": 1780403418.8873265}
2026-06-02 14:30:18.893 - [robot_6_log_20260602_143011.csv] - DEBUG - Posición actualizada por visión: x=265.49, y=98.23, θ=1.67
2026-06-02 14:30:18.899 - [robot_6_log_20260602_143011.csv] - DEBUG - Frecuencia: 86.94 Hz | Latencia Red/Proc: 12.19 ms
2026-06-02 14:30:18.907 - [robot_6_log_20260602_143011.csv] - INFO - Usando posición VISION: x=265.49, y=98.23, θ=1.67
2026-06-02 14:30:18.907 - [robot_6_log_20260602_143011.csv] - INFO - Distancias a paredes: Left: 265.49, Right: 184.51, Top: 41.77, Bottom: 98.23
2026-06-02 14:30:18.907 - [robot_6_log_20260602_143011.csv] - INFO - Posicion: 265.49, 98.23, 1.666 | Velocidad: -0.995471552243954, -0.09505992148646485
2026-06-02 14:30:18.907 - [robot_6_log_20260602_143011.csv] - INFO - None
2026-06-02 14:30:18.907 - [robot_6_log_20260602_143011.csv] - WARNING - Estado FSM: AVANZA | Target Wall: None | Target Theta: 0.00° |theta: 95.45476866879514 
2026-06-02 14:30:18.949 - [robot_6_log_20260602_143011.csv] - DEBUG - Incoming data. Topic agent/6/wheel, mensaje {"Wleft":1.657007864e-15,"Wright":-3.719247132e-16}
2026-06-02 14:30:18.957 - [robot_6_log_20260602_143011.csv] - INFO - Usando posición VISION: x=265.49, y=98.23, θ=1.67
2026-06-02 14:30:18.957 - [robot_6_log_20260602_143011.csv] - INFO - Distancias a paredes: Left: 265.49, Right: 184.51, Top: 41.77, Bottom: 98.23
2026-06-02 14:30:18.957 - [robot_6_log_20260602_143011.csv] - INFO - Posicion: 265.49, 98.23, 1.666 | Velocidad: -0.995471552243954, -0.09505992148646485
2026-06-02 14:30:18.957 - [robot_6_log_20260602_143011.csv] - INFO - None
2026-06-02 14:30:18.957 - [robot_6_log_20260602_143011.csv] - WARNING - Estado FSM: AVANZA | Target Wall: None | Target Theta: 0.00° |theta: 95.45476866879514 
2026-06-02 14:30:18.987 - [robot_6_log_20260602_143011.csv] - DEBUG - Incoming data. Topic 6/pos, mensaje {"x": 265.5, "y": 98.22, "yaw": 1.671, "timestamp": 1780403418.9778616}
2026-06-02 14:30:18.992 - [robot_6_log_20260602_143011.csv] - DEBUG - Posición actualizada por visión: x=265.50, y=98.22, θ=1.67
2026-06-02 14:30:18.992 - [robot_6_log_20260602_143011.csv] - DEBUG - Frecuencia: 10.77 Hz | Latencia Red/Proc: 14.54 ms
2026-06-02 14:30:18.997 - [robot_6_log_20260602_143011.csv] - DEBUG - Incoming data. Topic 6/pos, mensaje {"x": 265.5, "y": 98.22, "yaw": 1.671, "timestamp": 1780403418.9778616}
2026-06-02 14:30:19.002 - [robot_6_log_20260602_143011.csv] - DEBUG - Posición actualizada por visión: x=265.50, y=98.22, θ=1.67
2026-06-02 14:30:19.002 - [robot_6_log_20260602_143011.csv] - DEBUG - Frecuencia: 96.45 Hz | Latencia Red/Proc: 24.91 ms
2026-06-02 14:30:19.002 - [robot_6_log_20260602_143011.csv] - DEBUG - Incoming data. Topic 6/pos, mensaje {"x": 265.5, "y": 98.22, "yaw": 1.671, "timestamp": 1780403418.9891682}
2026-06-02 14:30:19.002 - [robot_6_log_20260602_143011.csv] - DEBUG - Posición actualizada por visión: x=265.50, y=98.22, θ=1.67
2026-06-02 14:30:19.002 - [robot_6_log_20260602_143011.csv] - DEBUG - Frecuencia: 18893.26 Hz | Latencia Red/Proc: 13.65 ms
2026-06-02 14:30:19.002 - [robot_6_log_20260602_143011.csv] - DEBUG - Incoming data. Topic 6/pos, mensaje {"x": 265.5, "y": 98.22, "yaw": 1.671, "timestamp": 1780403418.9891682}
2026-06-02 14:30:19.002 - [robot_6_log_20260602_143011.csv] - DEBUG - Posición actualizada por visión: x=265.50, y=98.22, θ=1.67
2026-06-02 14:30:19.002 - [robot_6_log_20260602_143011.csv] - DEBUG - Frecuencia: 27235.74 Hz | Latencia Red/Proc: 13.69 ms
2026-06-02 14:30:19.007 - [robot_6_log_20260602_143011.csv] - INFO - Usando posición VISION: x=265.50, y=98.22, θ=1.67
2026-06-02 14:30:19.007 - [robot_6_log_20260602_143011.csv] - INFO - Distancias a paredes: Left: 265.50, Right: 184.50, Top: 41.78, Bottom: 98.22
2026-06-02 14:30:19.007 - [robot_6_log_20260602_143011.csv] - INFO - Posicion: 265.5, 98.22, 1.671 | Velocidad: -0.9949838112484548, -0.10003607026217691
2026-06-02 14:30:19.007 - [robot_6_log_20260602_143011.csv] - INFO - None
2026-06-02 14:30:19.007 - [robot_6_log_20260602_143011.csv] - WARNING - Estado FSM: AVANZA | Target Wall: None | Target Theta: 0.00° |theta: 95.74124756636057 
2026-06-02 14:30:19.043 - [robot_6_log_20260602_143011.csv] - DEBUG - Incoming data. Topic agent/6/wheel, mensaje {"Wleft":1.657007864e-15,"Wright":-3.719247132e-16}
2026-06-02 14:30:19.057 - [robot_6_log_20260602_143011.csv] - INFO - Usando posición VISION: x=265.50, y=98.22, θ=1.67
2026-06-02 14:30:19.057 - [robot_6_log_20260602_143011.csv] - INFO - Distancias a paredes: Left: 265.50, Right: 184.50, Top: 41.78, Bottom: 98.22
2026-06-02 14:30:19.057 - [robot_6_log_20260602_143011.csv] - INFO - Posicion: 265.5, 98.22, 1.671 | Velocidad: -0.9949838112484548, -0.10003607026217691
2026-06-02 14:30:19.057 - [robot_6_log_20260602_143011.csv] - INFO - None
2026-06-02 14:30:19.057 - [robot_6_log_20260602_143011.csv] - WARNING - Estado FSM: AVANZA | Target Wall: None | Target Theta: 0.00° |theta: 95.74124756636057 
2026-06-02 14:30:19.082 - [robot_6_log_20260602_143011.csv] - DEBUG - Incoming data. Topic 6/pos, mensaje {"x": 265.48, "y": 98.24, "yaw": 1.666, "timestamp": 1780403419.0797744}
2026-06-02 14:30:19.087 - [robot_6_log_20260602_143011.csv] - DEBUG - Posición actualizada por visión: x=265.48, y=98.24, θ=1.67
2026-06-02 14:30:19.092 - [robot_6_log_20260602_143011.csv] - DEBUG - Frecuencia: 11.14 Hz | Latencia Red/Proc: 12.83 ms
2026-06-02 14:30:19.107 - [robot_6_log_20260602_143011.csv] - INFO - Usando posición VISION: x=265.48, y=98.24, θ=1.67
2026-06-02 14:30:19.107 - [robot_6_log_20260602_143011.csv] - DEBUG - Incoming data. Topic 6/pos, mensaje {"x": 265.48, "y": 98.24, "yaw": 1.666, "timestamp": 1780403419.0797744}
2026-06-02 14:30:19.107 - [robot_6_log_20260602_143011.csv] - INFO - Distancias a paredes: Left: 265.48, Right: 184.52, Top: 41.76, Bottom: 98.24
2026-06-02 14:30:19.107 - [robot_6_log_20260602_143011.csv] - DEBUG - Posición actualizada por visión: x=265.48, y=98.24, θ=1.67
2026-06-02 14:30:19.107 - [robot_6_log_20260602_143011.csv] - INFO - Posicion: 265.48, 98.24, 1.666 | Velocidad: -0.995471552243954, -0.09505992148646485
2026-06-02 14:30:19.107 - [robot_6_log_20260602_143011.csv] - DEBUG - Frecuencia: 66.38 Hz | Latencia Red/Proc: 27.89 ms
2026-06-02 14:30:19.107 - [robot_6_log_20260602_143011.csv] - INFO - None
2026-06-02 14:30:19.107 - [robot_6_log_20260602_143011.csv] - DEBUG - Incoming data. Topic 6/pos, mensaje {"x": 265.48, "y": 98.24, "yaw": 1.666, "timestamp": 1780403419.088874}
2026-06-02 14:30:19.107 - [robot_6_log_20260602_143011.csv] - DEBUG - Posición actualizada por visión: x=265.48, y=98.24, θ=1.67
2026-06-02 14:30:19.107 - [robot_6_log_20260602_143011.csv] - DEBUG - Frecuencia: 7345.54 Hz | Latencia Red/Proc: 18.93 ms
2026-06-02 14:30:19.107 - [robot_6_log_20260602_143011.csv] - WARNING - Estado FSM: AVANZA | Target Wall: None | Target Theta: 0.00° |theta: 95.45476866879514 
2026-06-02 14:30:19.112 - [robot_6_log_20260602_143011.csv] - DEBUG - Incoming data. Topic 6/pos, mensaje {"x": 265.48, "y": 98.24, "yaw": 1.666, "timestamp": 1780403419.088874}
2026-06-02 14:30:19.117 - [robot_6_log_20260602_143011.csv] - DEBUG - Posición actualizada por visión: x=265.48, y=98.24, θ=1.67
2026-06-02 14:30:19.129 - [robot_6_log_20260602_143011.csv] - DEBUG - Frecuencia: 46.83 Hz | Latencia Red/Proc: 40.28 ms
2026-06-02 14:30:19.140 - [robot_6_log_20260602_143011.csv] - DEBUG - Incoming data. Topic agent/6/wheel, mensaje {"Wleft":1.657007864e-15,"Wright":-3.719247132e-16}
2026-06-02 14:30:19.157 - [robot_6_log_20260602_143011.csv] - INFO - Usando posición VISION: x=265.48, y=98.24, θ=1.67
2026-06-02 14:30:19.157 - [robot_6_log_20260602_143011.csv] - INFO - Distancias a paredes: Left: 265.48, Right: 184.52, Top: 41.76, Bottom: 98.24
2026-06-02 14:30:19.157 - [robot_6_log_20260602_143011.csv] - INFO - Posicion: 265.48, 98.24, 1.666 | Velocidad: -0.995471552243954, -0.09505992148646485
2026-06-02 14:30:19.157 - [robot_6_log_20260602_143011.csv] - INFO - None
2026-06-02 14:30:19.157 - [robot_6_log_20260602_143011.csv] - WARNING - Estado FSM: AVANZA | Target Wall: None | Target Theta: 0.00° |theta: 95.45476866879514 
2026-06-02 14:30:19.187 - [robot_6_log_20260602_143011.csv] - DEBUG - Incoming data. Topic 6/pos, mensaje {"x": 265.52, "y": 98.2, "yaw": 1.679, "timestamp": 1780403419.1785736}
2026-06-02 14:30:19.192 - [robot_6_log_20260602_143011.csv] - DEBUG - Posición actualizada por visión: x=265.52, y=98.20, θ=1.68
2026-06-02 14:30:19.198 - [robot_6_log_20260602_143011.csv] - DEBUG - Frecuencia: 14.41 Hz | Latencia Red/Proc: 19.99 ms
2026-06-02 14:30:19.207 - [robot_6_log_20260602_143011.csv] - INFO - Usando posición VISION: x=265.52, y=98.20, θ=1.68
2026-06-02 14:30:19.207 - [robot_6_log_20260602_143011.csv] - INFO - Distancias a paredes: Left: 265.52, Right: 184.48, Top: 41.80, Bottom: 98.20
2026-06-02 14:30:19.207 - [robot_6_log_20260602_143011.csv] - INFO - Posicion: 265.52, 98.2, 1.679 | Velocidad: -0.9941516919105917, -0.10799265470997543
2026-06-02 14:30:19.207 - [robot_6_log_20260602_143011.csv] - INFO - None
2026-06-02 14:30:19.207 - [robot_6_log_20260602_143011.csv] - DEBUG - Incoming data. Topic 6/pos, mensaje {"x": 265.52, "y": 98.2, "yaw": 1.679, "timestamp": 1780403419.1785736}
2026-06-02 14:30:19.207 - [robot_6_log_20260602_143011.csv] - WARNING - Estado FSM: AVANZA | Target Wall: None | Target Theta: 0.00° |theta: 96.19961380246522 
2026-06-02 14:30:19.207 - [robot_6_log_20260602_143011.csv] - DEBUG - Posición actualizada por visión: x=265.52, y=98.20, θ=1.68
2026-06-02 14:30:19.217 - [robot_6_log_20260602_143011.csv] - DEBUG - Frecuencia: 51.93 Hz | Latencia Red/Proc: 39.25 ms
2026-06-02 14:30:19.217 - [robot_6_log_20260602_143011.csv] - DEBUG - Incoming data. Topic 6/pos, mensaje {"x": 265.52, "y": 98.2, "yaw": 1.679, "timestamp": 1780403419.1880376}
2026-06-02 14:30:19.217 - [robot_6_log_20260602_143011.csv] - DEBUG - Posición actualizada por visión: x=265.52, y=98.20, θ=1.68
2026-06-02 14:30:19.217 - [robot_6_log_20260602_143011.csv] - DEBUG - Frecuencia: 13751.82 Hz | Latencia Red/Proc: 29.85 ms
2026-06-02 14:30:19.217 - [robot_6_log_20260602_143011.csv] - DEBUG - Incoming data. Topic 6/pos, mensaje {"x": 265.52, "y": 98.2, "yaw": 1.679, "timestamp": 1780403419.1880376}
2026-06-02 14:30:19.217 - [robot_6_log_20260602_143011.csv] - DEBUG - Posición actualizada por visión: x=265.52, y=98.20, θ=1.68
2026-06-02 14:30:19.217 - [robot_6_log_20260602_143011.csv] - DEBUG - Frecuencia: 26379.27 Hz | Latencia Red/Proc: 29.89 ms
2026-06-02 14:30:19.257 - [robot_6_log_20260602_143011.csv] - INFO - Usando posición VISION: x=265.52, y=98.20, θ=1.68
2026-06-02 14:30:19.257 - [robot_6_log_20260602_143011.csv] - INFO - Distancias a paredes: Left: 265.52, Right: 184.48, Top: 41.80, Bottom: 98.20
2026-06-02 14:30:19.257 - [robot_6_log_20260602_143011.csv] - INFO - Posicion: 265.52, 98.2, 1.679 | Velocidad: -0.9941516919105917, -0.10799265470997543
2026-06-02 14:30:19.257 - [robot_6_log_20260602_143011.csv] - INFO - None
2026-06-02 14:30:19.257 - [robot_6_log_20260602_143011.csv] - WARNING - Estado FSM: AVANZA | Target Wall: None | Target Theta: 0.00° |theta: 96.19961380246522 
2026-06-02 14:30:19.275 - [robot_6_log_20260602_143011.csv] - DEBUG - Incoming data. Topic agent/6/wheel, mensaje {"Wleft":1.657007864e-15,"Wright":-3.719247132e-16}
2026-06-02 14:30:19.287 - [robot_6_log_20260602_143011.csv] - DEBUG - Incoming data. Topic 6/pos, mensaje {"x": 265.49, "y": 98.23, "yaw": 1.667, "timestamp": 1780403419.2816951}
2026-06-02 14:30:19.292 - [robot_6_log_20260602_143011.csv] - DEBUG - Posición actualizada por visión: x=265.49, y=98.23, θ=1.67
2026-06-02 14:30:19.298 - [robot_6_log_20260602_143011.csv] - DEBUG - Frecuencia: 12.44 Hz | Latencia Red/Proc: 16.64 ms
2026-06-02 14:30:19.307 - [robot_6_log_20260602_143011.csv] - INFO - Usando posición VISION: x=265.49, y=98.23, θ=1.67
2026-06-02 14:30:19.307 - [robot_6_log_20260602_143011.csv] - INFO - Distancias a paredes: Left: 265.49, Right: 184.51, Top: 41.77, Bottom: 98.23
2026-06-02 14:30:19.307 - [robot_6_log_20260602_143011.csv] - INFO - Posicion: 265.49, 98.23, 1.667 | Velocidad: -0.9953759946025762, -0.09605534534284021
2026-06-02 14:30:19.307 - [robot_6_log_20260602_143011.csv] - INFO - None
2026-06-02 14:30:19.307 - [robot_6_log_20260602_143011.csv] - DEBUG - Incoming data. Topic 6/pos, mensaje {"x": 265.49, "y": 98.23, "yaw": 1.667, "timestamp": 1780403419.2816951}
2026-06-02 14:30:19.307 - [robot_6_log_20260602_143011.csv] - DEBUG - Posición actualizada por visión: x=265.49, y=98.23, θ=1.67
2026-06-02 14:30:19.307 - [robot_6_log_20260602_143011.csv] - DEBUG - Frecuencia: 107.93 Hz | Latencia Red/Proc: 25.91 ms
2026-06-02 14:30:19.307 - [robot_6_log_20260602_143011.csv] - DEBUG - Incoming data. Topic 6/pos, mensaje {"x": 265.49, "y": 98.23, "yaw": 1.667, "timestamp": 1780403419.2930608}
2026-06-02 14:30:19.307 - [robot_6_log_20260602_143011.csv] - DEBUG - Posición actualizada por visión: x=265.49, y=98.23, θ=1.67
2026-06-02 14:30:19.307 - [robot_6_log_20260602_143011.csv] - WARNING - Estado FSM: AVANZA | Target Wall: None | Target Theta: 0.00° |theta: 95.51206444830824 
2026-06-02 14:30:19.307 - [robot_6_log_20260602_143011.csv] - DEBUG - Frecuencia: 20971.52 Hz | Latencia Red/Proc: 14.59 ms
2026-06-02 14:30:19.335 - [robot_6_log_20260602_143011.csv] - DEBUG - Incoming data. Topic 6/pos, mensaje {"x": 265.49, "y": 98.23, "yaw": 1.667, "timestamp": 1780403419.2930608}
2026-06-02 14:30:19.340 - [robot_6_log_20260602_143011.csv] - DEBUG - Posición actualizada por visión: x=265.49, y=98.23, θ=1.67
2026-06-02 14:30:19.340 - [robot_6_log_20260602_143011.csv] - DEBUG - Frecuencia: 30.68 Hz | Latencia Red/Proc: 47.18 ms
2026-06-02 14:30:19.345 - [robot_6_log_20260602_143011.csv] - DEBUG - Incoming data. Topic agent/6/wheel, mensaje {"Wleft":1.657007864e-15,"Wright":-3.719247132e-16}
2026-06-02 14:30:19.357 - [robot_6_log_20260602_143011.csv] - INFO - Usando posición VISION: x=265.49, y=98.23, θ=1.67
2026-06-02 14:30:19.357 - [robot_6_log_20260602_143011.csv] - INFO - Distancias a paredes: Left: 265.49, Right: 184.51, Top: 41.77, Bottom: 98.23
2026-06-02 14:30:19.357 - [robot_6_log_20260602_143011.csv] - INFO - Posicion: 265.49, 98.23, 1.667 | Velocidad: -0.9953759946025762, -0.09605534534284021
2026-06-02 14:30:19.357 - [robot_6_log_20260602_143011.csv] - INFO - None
2026-06-02 14:30:19.357 - [robot_6_log_20260602_143011.csv] - WARNING - Estado FSM: AVANZA | Target Wall: None | Target Theta: 0.00° |theta: 95.51206444830824 
2026-06-02 14:30:19.387 - [robot_6_log_20260602_143011.csv] - DEBUG - Incoming data. Topic 6/pos, mensaje {"x": 265.52, "y": 98.2, "yaw": 1.679, "timestamp": 1780403419.3786328}
2026-06-02 14:30:19.392 - [robot_6_log_20260602_143011.csv] - DEBUG - Posición actualizada por visión: x=265.52, y=98.20, θ=1.68
2026-06-02 14:30:19.392 - [robot_6_log_20260602_143011.csv] - DEBUG - Frecuencia: 19.12 Hz | Latencia Red/Proc: 13.92 ms
2026-06-02 14:30:19.402 - [robot_6_log_20260602_143011.csv] - DEBUG - Incoming data. Topic 6/pos, mensaje {"x": 265.52, "y": 98.2, "yaw": 1.679, "timestamp": 1780403419.3786328}
2026-06-02 14:30:19.407 - [robot_6_log_20260602_143011.csv] - INFO - Usando posición VISION: x=265.52, y=98.20, θ=1.68
2026-06-02 14:30:19.407 - [robot_6_log_20260602_143011.csv] - DEBUG - Posición actualizada por visión: x=265.52, y=98.20, θ=1.68
2026-06-02 14:30:19.407 - [robot_6_log_20260602_143011.csv] - INFO - Distancias a paredes: Left: 265.52, Right: 184.48, Top: 41.80, Bottom: 98.20
2026-06-02 14:30:19.407 - [robot_6_log_20260602_143011.csv] - DEBUG - Frecuencia: 66.44 Hz | Latencia Red/Proc: 28.97 ms
2026-06-02 14:30:19.407 - [robot_6_log_20260602_143011.csv] - INFO - Posicion: 265.52, 98.2, 1.679 | Velocidad: -0.9941516919105917, -0.10799265470997543
2026-06-02 14:30:19.407 - [robot_6_log_20260602_143011.csv] - INFO - None
2026-06-02 14:30:19.407 - [robot_6_log_20260602_143011.csv] - DEBUG - Incoming data. Topic 6/pos, mensaje {"x": 265.52, "y": 98.2, "yaw": 1.679, "timestamp": 1780403419.387469}
2026-06-02 14:30:19.407 - [robot_6_log_20260602_143011.csv] - DEBUG - Posición actualizada por visión: x=265.52, y=98.20, θ=1.68
2026-06-02 14:30:19.407 - [robot_6_log_20260602_143011.csv] - DEBUG - Frecuencia: 7061.12 Hz | Latencia Red/Proc: 20.28 ms
2026-06-02 14:30:19.407 - [robot_6_log_20260602_143011.csv] - WARNING - Estado FSM: AVANZA | Target Wall: None | Target Theta: 0.00° |theta: 96.19961380246522 
2026-06-02 14:30:19.412 - [robot_6_log_20260602_143011.csv] - DEBUG - Incoming data. Topic 6/pos, mensaje {"x": 265.52, "y": 98.2, "yaw": 1.679, "timestamp": 1780403419.387469}
2026-06-02 14:30:19.412 - [robot_6_log_20260602_143011.csv] - DEBUG - Posición actualizada por visión: x=265.52, y=98.20, θ=1.68
2026-06-02 14:30:19.412 - [robot_6_log_20260602_143011.csv] - DEBUG - Frecuencia: 195.87 Hz | Latencia Red/Proc: 25.39 ms
2026-06-02 14:30:19.457 - [robot_6_log_20260602_143011.csv] - INFO - Usando posición VISION: x=265.52, y=98.20, θ=1.68
2026-06-02 14:30:19.457 - [robot_6_log_20260602_143011.csv] - INFO - Distancias a paredes: Left: 265.52, Right: 184.48, Top: 41.80, Bottom: 98.20
2026-06-02 14:30:19.457 - [robot_6_log_20260602_143011.csv] - INFO - Posicion: 265.52, 98.2, 1.679 | Velocidad: -0.9941516919105917, -0.10799265470997543
2026-06-02 14:30:19.457 - [robot_6_log_20260602_143011.csv] - INFO - None
2026-06-02 14:30:19.457 - [robot_6_log_20260602_143011.csv] - WARNING - Estado FSM: AVANZA | Target Wall: None | Target Theta: 0.00° |theta: 96.19961380246522 
2026-06-02 14:30:19.482 - [robot_6_log_20260602_143011.csv] - DEBUG - Incoming data. Topic 6/pos, mensaje {"x": 265.49, "y": 98.24, "yaw": 1.669, "timestamp": 1780403419.476818}
2026-06-02 14:30:19.487 - [robot_6_log_20260602_143011.csv] - DEBUG - Posición actualizada por visión: x=265.49, y=98.24, θ=1.67
2026-06-02 14:30:19.493 - [robot_6_log_20260602_143011.csv] - DEBUG - Frecuencia: 12.39 Hz | Latencia Red/Proc: 16.75 ms
2026-06-02 14:30:19.498 - [robot_6_log_20260602_143011.csv] - DEBUG - Incoming data. Topic 6/pos, mensaje {"x": 265.49, "y": 98.24, "yaw": 1.669, "timestamp": 1780403419.476818}
2026-06-02 14:30:19.498 - [robot_6_log_20260602_143011.csv] - DEBUG - Posición actualizada por visión: x=265.49, y=98.24, θ=1.67
2026-06-02 14:30:19.498 - [robot_6_log_20260602_143011.csv] - DEBUG - Frecuencia: 190.18 Hz | Latencia Red/Proc: 22.01 ms
2026-06-02 14:30:19.498 - [robot_6_log_20260602_143011.csv] - DEBUG - Incoming data. Topic 6/pos, mensaje {"x": 265.49, "y": 98.24, "yaw": 1.669, "timestamp": 1780403419.4877315}
2026-06-02 14:30:19.498 - [robot_6_log_20260602_143011.csv] - DEBUG - Posición actualizada por visión: x=265.49, y=98.24, θ=1.67
2026-06-02 14:30:19.498 - [robot_6_log_20260602_143011.csv] - DEBUG - Frecuencia: 16644.06 Hz | Latencia Red/Proc: 11.16 ms
2026-06-02 14:30:19.503 - [robot_6_log_20260602_143011.csv] - DEBUG - Incoming data. Topic agent/6/wheel, mensaje {"Wleft":1.657007864e-15,"Wright":-3.719247132e-16}
2026-06-02 14:30:19.507 - [robot_6_log_20260602_143011.csv] - INFO - Usando posición VISION: x=265.49, y=98.24, θ=1.67
2026-06-02 14:30:19.507 - [robot_6_log_20260602_143011.csv] - INFO - Distancias a paredes: Left: 265.49, Right: 184.51, Top: 41.76, Bottom: 98.24
2026-06-02 14:30:19.507 - [robot_6_log_20260602_143011.csv] - INFO - Posicion: 265.49, 98.24, 1.669 | Velocidad: -0.9951818932886386, -0.09804590389425098
2026-06-02 14:30:19.507 - [robot_6_log_20260602_143011.csv] - INFO - None
2026-06-02 14:30:19.507 - [robot_6_log_20260602_143011.csv] - WARNING - Estado FSM: AVANZA | Target Wall: None | Target Theta: 0.00° |theta: 95.6266560073344 
2026-06-02 14:30:19.537 - [robot_6_log_20260602_143011.csv] - DEBUG - Incoming data. Topic 6/pos, mensaje {"x": 265.49, "y": 98.24, "yaw": 1.669, "timestamp": 1780403419.4877315}
2026-06-02 14:30:19.537 - [robot_6_log_20260602_143011.csv] - DEBUG - Posición actualizada por visión: x=265.49, y=98.24, θ=1.67
2026-06-02 14:30:19.542 - [robot_6_log_20260602_143011.csv] - DEBUG - Frecuencia: 23.04 Hz | Latencia Red/Proc: 54.57 ms
2026-06-02 14:30:19.553 - [robot_6_log_20260602_143011.csv] - DEBUG - Incoming data. Topic agent/6/wheel, mensaje {"Wleft":1.657007864e-15,"Wright":-3.719247132e-16}
2026-06-02 14:30:19.557 - [robot_6_log_20260602_143011.csv] - INFO - Usando posición VISION: x=265.49, y=98.24, θ=1.67
2026-06-02 14:30:19.557 - [robot_6_log_20260602_143011.csv] - INFO - Distancias a paredes: Left: 265.49, Right: 184.51, Top: 41.76, Bottom: 98.24
2026-06-02 14:30:19.557 - [robot_6_log_20260602_143011.csv] - INFO - Posicion: 265.49, 98.24, 1.669 | Velocidad: -0.9951818932886386, -0.09804590389425098
2026-06-02 14:30:19.557 - [robot_6_log_20260602_143011.csv] - INFO - None
2026-06-02 14:30:19.557 - [robot_6_log_20260602_143011.csv] - WARNING - Estado FSM: AVANZA | Target Wall: None | Target Theta: 0.00° |theta: 95.6266560073344 
2026-06-02 14:30:19.588 - [robot_6_log_20260602_143011.csv] - DEBUG - Incoming data. Topic 6/pos, mensaje {"x": 265.52, "y": 98.18, "yaw": 1.679, "timestamp": 1780403419.5831747}
2026-06-02 14:30:19.593 - [robot_6_log_20260602_143011.csv] - DEBUG - Posición actualizada por visión: x=265.52, y=98.18, θ=1.68
2026-06-02 14:30:19.598 - [robot_6_log_20260602_143011.csv] - DEBUG - Frecuencia: 17.71 Hz | Latencia Red/Proc: 15.58 ms
2026-06-02 14:30:19.598 - [robot_6_log_20260602_143011.csv] - DEBUG - Incoming data. Topic 6/pos, mensaje {"x": 265.52, "y": 98.18, "yaw": 1.679, "timestamp": 1780403419.5831747}
2026-06-02 14:30:19.598 - [robot_6_log_20260602_143011.csv] - DEBUG - Posición actualizada por visión: x=265.52, y=98.18, θ=1.68
2026-06-02 14:30:19.598 - [robot_6_log_20260602_143011.csv] - DEBUG - Frecuencia: 14768.68 Hz | Latencia Red/Proc: 15.65 ms
2026-06-02 14:30:19.603 - [robot_6_log_20260602_143011.csv] - DEBUG - Incoming data. Topic 6/pos, mensaje {"x": 265.52, "y": 98.18, "yaw": 1.679, "timestamp": 1780403419.594511}
2026-06-02 14:30:19.607 - [robot_6_log_20260602_143011.csv] - INFO - Usando posición VISION: x=265.52, y=98.18, θ=1.68
2026-06-02 14:30:19.607 - [robot_6_log_20260602_143011.csv] - DEBUG - Posición actualizada por visión: x=265.52, y=98.18, θ=1.68
2026-06-02 14:30:19.607 - [robot_6_log_20260602_143011.csv] - INFO - Distancias a paredes: Left: 265.52, Right: 184.48, Top: 41.82, Bottom: 98.18
2026-06-02 14:30:19.607 - [robot_6_log_20260602_143011.csv] - DEBUG - Frecuencia: 113.17 Hz | Latencia Red/Proc: 13.15 ms
2026-06-02 14:30:19.607 - [robot_6_log_20260602_143011.csv] - INFO - Posicion: 265.52, 98.18, 1.679 | Velocidad: -0.9941516919105917, -0.10799265470997543
2026-06-02 14:30:19.607 - [robot_6_log_20260602_143011.csv] - DEBUG - Incoming data. Topic 6/pos, mensaje {"x": 265.52, "y": 98.18, "yaw": 1.679, "timestamp": 1780403419.594511}
2026-06-02 14:30:19.607 - [robot_6_log_20260602_143011.csv] - INFO - None
2026-06-02 14:30:19.607 - [robot_6_log_20260602_143011.csv] - DEBUG - Posición actualizada por visión: x=265.52, y=98.18, θ=1.68
2026-06-02 14:30:19.607 - [robot_6_log_20260602_143011.csv] - WARNING - Estado FSM: AVANZA | Target Wall: None | Target Theta: 0.00° |theta: 96.19961380246522 
2026-06-02 14:30:19.607 - [robot_6_log_20260602_143011.csv] - DEBUG - Frecuencia: 3806.08 Hz | Latencia Red/Proc: 13.41 ms
2026-06-02 14:30:19.641 - [robot_6_log_20260602_143011.csv] - DEBUG - Incoming data. Topic agent/6/wheel, mensaje {"Wleft":1.657007864e-15,"Wright":-3.719247132e-16}
2026-06-02 14:30:19.657 - [robot_6_log_20260602_143011.csv] - INFO - Usando posición VISION: x=265.52, y=98.18, θ=1.68
2026-06-02 14:30:19.657 - [robot_6_log_20260602_143011.csv] - INFO - Distancias a paredes: Left: 265.52, Right: 184.48, Top: 41.82, Bottom: 98.18
2026-06-02 14:30:19.657 - [robot_6_log_20260602_143011.csv] - INFO - Posicion: 265.52, 98.18, 1.679 | Velocidad: -0.9941516919105917, -0.10799265470997543
2026-06-02 14:30:19.657 - [robot_6_log_20260602_143011.csv] - INFO - None
2026-06-02 14:30:19.657 - [robot_6_log_20260602_143011.csv] - WARNING - Estado FSM: AVANZA | Target Wall: None | Target Theta: 0.00° |theta: 96.19961380246522 
2026-06-02 14:30:19.681 - [robot_6_log_20260602_143011.csv] - DEBUG - Incoming data. Topic 6/pos, mensaje {"x": 265.47, "y": 98.24, "yaw": 1.674, "timestamp": 1780403419.680149}
2026-06-02 14:30:19.687 - [robot_6_log_20260602_143011.csv] - DEBUG - Posición actualizada por visión: x=265.47, y=98.24, θ=1.67
2026-06-02 14:30:19.692 - [robot_6_log_20260602_143011.csv] - DEBUG - Frecuencia: 11.84 Hz | Latencia Red/Proc: 12.22 ms
2026-06-02 14:30:19.707 - [robot_6_log_20260602_143011.csv] - INFO - Usando posición VISION: x=265.47, y=98.24, θ=1.67
2026-06-02 14:30:19.707 - [robot_6_log_20260602_143011.csv] - DEBUG - Incoming data. Topic 6/pos, mensaje {"x": 265.47, "y": 98.24, "yaw": 1.674, "timestamp": 1780403419.680149}
2026-06-02 14:30:19.707 - [robot_6_log_20260602_143011.csv] - INFO - Distancias a paredes: Left: 265.47, Right: 184.53, Top: 41.76, Bottom: 98.24
2026-06-02 14:30:19.707 - [robot_6_log_20260602_143011.csv] - DEBUG - Posición actualizada por visión: x=265.47, y=98.24, θ=1.67
2026-06-02 14:30:19.707 - [robot_6_log_20260602_143011.csv] - INFO - Posicion: 265.47, 98.24, 1.674 | Velocidad: -0.9946792260640379, -0.10302056705651848
2026-06-02 14:30:19.707 - [robot_6_log_20260602_143011.csv] - DEBUG - Frecuencia: 65.50 Hz | Latencia Red/Proc: 27.49 ms
2026-06-02 14:30:19.707 - [robot_6_log_20260602_143011.csv] - INFO - None
2026-06-02 14:30:19.707 - [robot_6_log_20260602_143011.csv] - DEBUG - Incoming data. Topic 6/pos, mensaje {"x": 265.47, "y": 98.24, "yaw": 1.674, "timestamp": 1780403419.6913624}
2026-06-02 14:30:19.707 - [robot_6_log_20260602_143011.csv] - WARNING - Estado FSM: AVANZA | Target Wall: None | Target Theta: 0.00° |theta: 95.9131349048998 
2026-06-02 14:30:19.707 - [robot_6_log_20260602_143011.csv] - DEBUG - Posición actualizada por visión: x=265.47, y=98.24, θ=1.67
2026-06-02 14:30:19.712 - [robot_6_log_20260602_143011.csv] - DEBUG - Frecuencia: 189.16 Hz | Latencia Red/Proc: 21.56 ms
2026-06-02 14:30:19.718 - [robot_6_log_20260602_143011.csv] - DEBUG - Incoming data. Topic 6/pos, mensaje {"x": 265.47, "y": 98.24, "yaw": 1.674, "timestamp": 1780403419.6913624}
2026-06-02 14:30:19.718 - [robot_6_log_20260602_143011.csv] - DEBUG - Posición actualizada por visión: x=265.47, y=98.24, θ=1.67
2026-06-02 14:30:19.723 - [robot_6_log_20260602_143011.csv] - DEBUG - Frecuencia: 97.87 Hz | Latencia Red/Proc: 31.78 ms
2026-06-02 14:30:19.757 - [robot_6_log_20260602_143011.csv] - INFO - Usando posición VISION: x=265.47, y=98.24, θ=1.67
2026-06-02 14:30:19.757 - [robot_6_log_20260602_143011.csv] - INFO - Distancias a paredes: Left: 265.47, Right: 184.53, Top: 41.76, Bottom: 98.24
2026-06-02 14:30:19.757 - [robot_6_log_20260602_143011.csv] - INFO - Posicion: 265.47, 98.24, 1.674 | Velocidad: -0.9946792260640379, -0.10302056705651848
2026-06-02 14:30:19.757 - [robot_6_log_20260602_143011.csv] - INFO - None
2026-06-02 14:30:19.757 - [robot_6_log_20260602_143011.csv] - WARNING - Estado FSM: AVANZA | Target Wall: None | Target Theta: 0.00° |theta: 95.9131349048998 
2026-06-02 14:30:19.782 - [robot_6_log_20260602_143011.csv] - DEBUG - Incoming data. Topic agent/6/wheel, mensaje {"Wleft":1.657007864e-15,"Wright":-3.719247132e-16}
2026-06-02 14:30:19.782 - [robot_6_log_20260602_143011.csv] - DEBUG - Incoming data. Topic 6/pos, mensaje {"x": 265.48, "y": 98.23, "yaw": 1.676, "timestamp": 1780403419.779099}
2026-06-02 14:30:19.782 - [robot_6_log_20260602_143011.csv] - DEBUG - Posición actualizada por visión: x=265.48, y=98.23, θ=1.68
2026-06-02 14:30:19.782 - [robot_6_log_20260602_143011.csv] - DEBUG - Frecuencia: 16.95 Hz | Latencia Red/Proc: 3.04 ms
2026-06-02 14:30:19.782 - [robot_6_log_20260602_143011.csv] - DEBUG - Incoming data. Topic 6/pos, mensaje {"x": 265.48, "y": 98.23, "yaw": 1.676, "timestamp": 1780403419.779099}
2026-06-02 14:30:19.782 - [robot_6_log_20260602_143011.csv] - DEBUG - Posición actualizada por visión: x=265.48, y=98.23, θ=1.68
2026-06-02 14:30:19.782 - [robot_6_log_20260602_143011.csv] - DEBUG - Frecuencia: 29959.31 Hz | Latencia Red/Proc: 3.07 ms
2026-06-02 14:30:19.793 - [robot_6_log_20260602_143011.csv] - DEBUG - Incoming data. Topic 6/pos, mensaje {"x": 265.48, "y": 98.23, "yaw": 1.676, "timestamp": 1780403419.7873366}
2026-06-02 14:30:19.798 - [robot_6_log_20260602_143011.csv] - DEBUG - Posición actualizada por visión: x=265.48, y=98.23, θ=1.68
2026-06-02 14:30:19.803 - [robot_6_log_20260602_143011.csv] - DEBUG - Frecuencia: 46.49 Hz | Latencia Red/Proc: 16.34 ms
2026-06-02 14:30:19.807 - [robot_6_log_20260602_143011.csv] - INFO - Usando posición VISION: x=265.48, y=98.23, θ=1.68
2026-06-02 14:30:19.807 - [robot_6_log_20260602_143011.csv] - DEBUG - Incoming data. Topic 6/pos, mensaje {"x": 265.48, "y": 98.23, "yaw": 1.676, "timestamp": 1780403419.7873366}
2026-06-02 14:30:19.807 - [robot_6_log_20260602_143011.csv] - INFO - Distancias a paredes: Left: 265.48, Right: 184.52, Top: 41.77, Bottom: 98.23
2026-06-02 14:30:19.807 - [robot_6_log_20260602_143011.csv] - DEBUG - Posición actualizada por visión: x=265.48, y=98.23, θ=1.68
2026-06-02 14:30:19.807 - [robot_6_log_20260602_143011.csv] - INFO - Posicion: 265.48, 98.23, 1.676 | Velocidad: -0.9944711957094966, -0.10500971814134243
2026-06-02 14:30:19.807 - [robot_6_log_20260602_143011.csv] - DEBUG - Frecuencia: 251.93 Hz | Latencia Red/Proc: 20.31 ms
2026-06-02 14:30:19.807 - [robot_6_log_20260602_143011.csv] - INFO - None
2026-06-02 14:30:19.807 - [robot_6_log_20260602_143011.csv] - WARNING - Estado FSM: AVANZA | Target Wall: None | Target Theta: 0.00° |theta: 96.02772646392597 
2026-06-02 14:30:19.844 - [robot_6_log_20260602_143011.csv] - DEBUG - Incoming data. Topic agent/6/wheel, mensaje {"Wleft":1.657007864e-15,"Wright":-3.719247132e-16}
2026-06-02 14:30:19.857 - [robot_6_log_20260602_143011.csv] - INFO - Usando posición VISION: x=265.48, y=98.23, θ=1.68
2026-06-02 14:30:19.857 - [robot_6_log_20260602_143011.csv] - INFO - Distancias a paredes: Left: 265.48, Right: 184.52, Top: 41.77, Bottom: 98.23
2026-06-02 14:30:19.857 - [robot_6_log_20260602_143011.csv] - INFO - Posicion: 265.48, 98.23, 1.676 | Velocidad: -0.9944711957094966, -0.10500971814134243
2026-06-02 14:30:19.857 - [robot_6_log_20260602_143011.csv] - INFO - None
2026-06-02 14:30:19.857 - [robot_6_log_20260602_143011.csv] - WARNING - Estado FSM: AVANZA | Target Wall: None | Target Theta: 0.00° |theta: 96.02772646392597 
2026-06-02 14:30:19.892 - [robot_6_log_20260602_143011.csv] - DEBUG - Incoming data. Topic 6/pos, mensaje {"x": 265.48, "y": 98.22, "yaw": 1.674, "timestamp": 1780403419.8826022}
2026-06-02 14:30:19.897 - [robot_6_log_20260602_143011.csv] - DEBUG - Posición actualizada por visión: x=265.48, y=98.22, θ=1.67
2026-06-02 14:30:19.902 - [robot_6_log_20260602_143011.csv] - DEBUG - Frecuencia: 10.50 Hz | Latencia Red/Proc: 20.29 ms
2026-06-02 14:30:19.907 - [robot_6_log_20260602_143011.csv] - INFO - Usando posición VISION: x=265.48, y=98.22, θ=1.67
2026-06-02 14:30:19.907 - [robot_6_log_20260602_143011.csv] - DEBUG - Incoming data. Topic 6/pos, mensaje {"x": 265.48, "y": 98.22, "yaw": 1.674, "timestamp": 1780403419.8826022}
2026-06-02 14:30:19.907 - [robot_6_log_20260602_143011.csv] - INFO - Distancias a paredes: Left: 265.48, Right: 184.52, Top: 41.78, Bottom: 98.22
2026-06-02 14:30:19.907 - [robot_6_log_20260602_143011.csv] - DEBUG - Posición actualizada por visión: x=265.48, y=98.22, θ=1.67
2026-06-02 14:30:19.907 - [robot_6_log_20260602_143011.csv] - INFO - Posicion: 265.48, 98.22, 1.674 | Velocidad: -0.9946792260640379, -0.10302056705651848
2026-06-02 14:30:19.907 - [robot_6_log_20260602_143011.csv] - DEBUG - Frecuencia: 208.32 Hz | Latencia Red/Proc: 25.09 ms
2026-06-02 14:30:19.907 - [robot_6_log_20260602_143011.csv] - INFO - None
2026-06-02 14:30:19.907 - [robot_6_log_20260602_143011.csv] - DEBUG - Incoming data. Topic 6/pos, mensaje {"x": 265.48, "y": 98.22, "yaw": 1.674, "timestamp": 1780403419.8936193}
2026-06-02 14:30:19.907 - [robot_6_log_20260602_143011.csv] - WARNING - Estado FSM: AVANZA | Target Wall: None | Target Theta: 0.00° |theta: 95.9131349048998 
2026-06-02 14:30:19.907 - [robot_6_log_20260602_143011.csv] - DEBUG - Posición actualizada por visión: x=265.48, y=98.22, θ=1.67
2026-06-02 14:30:19.913 - [robot_6_log_20260602_143011.csv] - DEBUG - Frecuencia: 185.88 Hz | Latencia Red/Proc: 19.45 ms
2026-06-02 14:30:19.923 - [robot_6_log_20260602_143011.csv] - DEBUG - Incoming data. Topic 6/pos, mensaje {"x": 265.48, "y": 98.22, "yaw": 1.674, "timestamp": 1780403419.8936193}
2026-06-02 14:30:19.928 - [robot_6_log_20260602_143011.csv] - DEBUG - Posición actualizada por visión: x=265.48, y=98.22, θ=1.67
2026-06-02 14:30:19.928 - [robot_6_log_20260602_143011.csv] - DEBUG - Frecuencia: 65.20 Hz | Latencia Red/Proc: 34.79 ms
2026-06-02 14:30:19.957 - [robot_6_log_20260602_143011.csv] - INFO - Usando posición VISION: x=265.48, y=98.22, θ=1.67
2026-06-02 14:30:19.957 - [robot_6_log_20260602_143011.csv] - INFO - Distancias a paredes: Left: 265.48, Right: 184.52, Top: 41.78, Bottom: 98.22
2026-06-02 14:30:19.957 - [robot_6_log_20260602_143011.csv] - INFO - Posicion: 265.48, 98.22, 1.674 | Velocidad: -0.9946792260640379, -0.10302056705651848
2026-06-02 14:30:19.957 - [robot_6_log_20260602_143011.csv] - INFO - None
2026-06-02 14:30:19.957 - [robot_6_log_20260602_143011.csv] - WARNING - Estado FSM: AVANZA | Target Wall: None | Target Theta: 0.00° |theta: 95.9131349048998 
2026-06-02 14:30:19.992 - [robot_6_log_20260602_143011.csv] - DEBUG - Incoming data. Topic 6/pos, mensaje {"x": 265.48, "y": 98.23, "yaw": 1.674, "timestamp": 1780403419.981866}
2026-06-02 14:30:19.998 - [robot_6_log_20260602_143011.csv] - DEBUG - Posición actualizada por visión: x=265.48, y=98.23, θ=1.67
2026-06-02 14:30:20.003 - [robot_6_log_20260602_143011.csv] - DEBUG - Frecuencia: 13.23 Hz | Latencia Red/Proc: 22.11 ms
2026-06-02 14:30:20.007 - [robot_6_log_20260602_143011.csv] - INFO - Usando posición VISION: x=265.48, y=98.23, θ=1.67
2026-06-02 14:30:20.007 - [robot_6_log_20260602_143011.csv] - INFO - Distancias a paredes: Left: 265.48, Right: 184.52, Top: 41.77, Bottom: 98.23
2026-06-02 14:30:20.007 - [robot_6_log_20260602_143011.csv] - INFO - Posicion: 265.48, 98.23, 1.674 | Velocidad: -0.9946792260640379, -0.10302056705651848
2026-06-02 14:30:20.007 - [robot_6_log_20260602_143011.csv] - INFO - None
2026-06-02 14:30:20.007 - [robot_6_log_20260602_143011.csv] - WARNING - Estado FSM: AVANZA | Target Wall: None | Target Theta: 0.00° |theta: 95.9131349048998 
2026-06-02 14:30:20.012 - [robot_6_log_20260602_143011.csv] - DEBUG - Incoming data. Topic 6/pos, mensaje {"x": 265.48, "y": 98.23, "yaw": 1.674, "timestamp": 1780403419.981866}
2026-06-02 14:30:20.017 - [robot_6_log_20260602_143011.csv] - DEBUG - Posición actualizada por visión: x=265.48, y=98.23, θ=1.67
2026-06-02 14:30:20.017 - [robot_6_log_20260602_143011.csv] - DEBUG - Frecuencia: 72.02 Hz | Latencia Red/Proc: 36.00 ms
2026-06-02 14:30:20.024 - [robot_6_log_20260602_143011.csv] - DEBUG - Incoming data. Topic 6/pos, mensaje {"x": 265.48, "y": 98.23, "yaw": 1.674, "timestamp": 1780403419.9931269}
2026-06-02 14:30:20.030 - [robot_6_log_20260602_143011.csv] - DEBUG - Posición actualizada por visión: x=265.48, y=98.23, θ=1.67
2026-06-02 14:30:20.035 - [robot_6_log_20260602_143011.csv] - DEBUG - Frecuencia: 57.42 Hz | Latencia Red/Proc: 42.15 ms
2026-06-02 14:30:20.040 - [robot_6_log_20260602_143011.csv] - DEBUG - Incoming data. Topic agent/6/wheel, mensaje {"Wleft":1.657007864e-15,"Wright":-3.719247132e-16}
2026-06-02 14:30:20.050 - [robot_6_log_20260602_143011.csv] - DEBUG - Incoming data. Topic 6/pos, mensaje {"x": 265.48, "y": 98.23, "yaw": 1.674, "timestamp": 1780403419.9931269}
2026-06-02 14:30:20.050 - [robot_6_log_20260602_143011.csv] - DEBUG - Posición actualizada por visión: x=265.48, y=98.23, θ=1.67
2026-06-02 14:30:20.050 - [robot_6_log_20260602_143011.csv] - DEBUG - Frecuencia: 64.33 Hz | Latencia Red/Proc: 57.70 ms
2026-06-02 14:30:20.050 - [robot_6_log_20260602_143011.csv] - DEBUG - Incoming data. Topic agent/6/wheel, mensaje {"Wleft":1.657007864e-15,"Wright":-3.719247132e-16}
2026-06-02 14:30:20.057 - [robot_6_log_20260602_143011.csv] - INFO - Usando posición VISION: x=265.48, y=98.23, θ=1.67
2026-06-02 14:30:20.057 - [robot_6_log_20260602_143011.csv] - INFO - Distancias a paredes: Left: 265.48, Right: 184.52, Top: 41.77, Bottom: 98.23
2026-06-02 14:30:20.057 - [robot_6_log_20260602_143011.csv] - INFO - Posicion: 265.48, 98.23, 1.674 | Velocidad: -0.9946792260640379, -0.10302056705651848
2026-06-02 14:30:20.057 - [robot_6_log_20260602_143011.csv] - INFO - None
2026-06-02 14:30:20.057 - [robot_6_log_20260602_143011.csv] - WARNING - Estado FSM: AVANZA | Target Wall: None | Target Theta: 0.00° |theta: 95.9131349048998 
2026-06-02 14:30:20.091 - [robot_6_log_20260602_143011.csv] - DEBUG - Incoming data. Topic 6/pos, mensaje {"x": 265.52, "y": 98.19, "yaw": 1.679, "timestamp": 1780403420.0773678}
2026-06-02 14:30:20.091 - [robot_6_log_20260602_143011.csv] - DEBUG - Posición actualizada por visión: x=265.52, y=98.19, θ=1.68
2026-06-02 14:30:20.091 - [robot_6_log_20260602_143011.csv] - DEBUG - Frecuencia: 24.61 Hz | Latencia Red/Proc: 14.09 ms
2026-06-02 14:30:20.102 - [robot_6_log_20260602_143011.csv] - DEBUG - Incoming data. Topic 6/pos, mensaje {"x": 265.52, "y": 98.19, "yaw": 1.679, "timestamp": 1780403420.0773678}
2026-06-02 14:30:20.107 - [robot_6_log_20260602_143011.csv] - INFO - Usando posición VISION: x=265.52, y=98.19, θ=1.68
2026-06-02 14:30:20.107 - [robot_6_log_20260602_143011.csv] - DEBUG - Posición actualizada por visión: x=265.52, y=98.19, θ=1.68
2026-06-02 14:30:20.107 - [robot_6_log_20260602_143011.csv] - INFO - Distancias a paredes: Left: 265.52, Right: 184.48, Top: 41.81, Bottom: 98.19
2026-06-02 14:30:20.107 - [robot_6_log_20260602_143011.csv] - DEBUG - Frecuencia: 62.01 Hz | Latencia Red/Proc: 30.22 ms
2026-06-02 14:30:20.107 - [robot_6_log_20260602_143011.csv] - INFO - Posicion: 265.52, 98.19, 1.679 | Velocidad: -0.9941516919105917, -0.10799265470997543
2026-06-02 14:30:20.107 - [robot_6_log_20260602_143011.csv] - INFO - None
2026-06-02 14:30:20.107 - [robot_6_log_20260602_143011.csv] - DEBUG - Incoming data. Topic 6/pos, mensaje {"x": 265.52, "y": 98.19, "yaw": 1.679, "timestamp": 1780403420.086333}
2026-06-02 14:30:20.107 - [robot_6_log_20260602_143011.csv] - WARNING - Estado FSM: AVANZA | Target Wall: None | Target Theta: 0.00° |theta: 96.19961380246522 
2026-06-02 14:30:20.107 - [robot_6_log_20260602_143011.csv] - DEBUG - Posición actualizada por visión: x=265.52, y=98.19, θ=1.68
2026-06-02 14:30:20.112 - [robot_6_log_20260602_143011.csv] - DEBUG - Frecuencia: 190.68 Hz | Latencia Red/Proc: 26.50 ms
2026-06-02 14:30:20.112 - [robot_6_log_20260602_143011.csv] - DEBUG - Incoming data. Topic 6/pos, mensaje {"x": 265.52, "y": 98.19, "yaw": 1.679, "timestamp": 1780403420.086333}
2026-06-02 14:30:20.112 - [robot_6_log_20260602_143011.csv] - DEBUG - Posición actualizada por visión: x=265.52, y=98.19, θ=1.68
2026-06-02 14:30:20.112 - [robot_6_log_20260602_143011.csv] - DEBUG - Frecuencia: 24244.53 Hz | Latencia Red/Proc: 26.54 ms
2026-06-02 14:30:20.157 - [robot_6_log_20260602_143011.csv] - INFO - Usando posición VISION: x=265.52, y=98.19, θ=1.68
2026-06-02 14:30:20.157 - [robot_6_log_20260602_143011.csv] - INFO - Distancias a paredes: Left: 265.52, Right: 184.48, Top: 41.81, Bottom: 98.19
2026-06-02 14:30:20.157 - [robot_6_log_20260602_143011.csv] - INFO - Posicion: 265.52, 98.19, 1.679 | Velocidad: -0.9941516919105917, -0.10799265470997543
2026-06-02 14:30:20.157 - [robot_6_log_20260602_143011.csv] - INFO - None
2026-06-02 14:30:20.157 - [robot_6_log_20260602_143011.csv] - WARNING - Estado FSM: AVANZA | Target Wall: None | Target Theta: 0.00° |theta: 96.19961380246522 
2026-06-02 14:30:20.180 - [robot_6_log_20260602_143011.csv] - DEBUG - Incoming data. Topic 6/pos, mensaje {"x": 265.48, "y": 98.23, "yaw": 1.673, "timestamp": 1780403420.175053}
2026-06-02 14:30:20.185 - [robot_6_log_20260602_143011.csv] - DEBUG - Posición actualizada por visión: x=265.48, y=98.23, θ=1.67
2026-06-02 14:30:20.192 - [robot_6_log_20260602_143011.csv] - DEBUG - Frecuencia: 12.64 Hz | Latencia Red/Proc: 16.96 ms
2026-06-02 14:30:20.197 - [robot_6_log_20260602_143011.csv] - DEBUG - Incoming data. Topic 6/pos, mensaje {"x": 265.48, "y": 98.23, "yaw": 1.673, "timestamp": 1780403420.175053}
2026-06-02 14:30:20.202 - [robot_6_log_20260602_143011.csv] - DEBUG - Posición actualizada por visión: x=265.48, y=98.23, θ=1.67
2026-06-02 14:30:20.202 - [robot_6_log_20260602_143011.csv] - DEBUG - Frecuencia: 97.63 Hz | Latencia Red/Proc: 27.20 ms
2026-06-02 14:30:20.207 - [robot_6_log_20260602_143011.csv] - DEBUG - Incoming data. Topic 6/pos, mensaje {"x": 265.48, "y": 98.23, "yaw": 1.673, "timestamp": 1780403420.1828015}
2026-06-02 14:30:20.207 - [robot_6_log_20260602_143011.csv] - DEBUG - Posición actualizada por visión: x=265.48, y=98.23, θ=1.67
2026-06-02 14:30:20.207 - [robot_6_log_20260602_143011.csv] - DEBUG - Frecuencia: 195.67 Hz | Latencia Red/Proc: 24.56 ms
2026-06-02 14:30:20.207 - [robot_6_log_20260602_143011.csv] - INFO - Usando posición VISION: x=265.48, y=98.23, θ=1.67
2026-06-02 14:30:20.207 - [robot_6_log_20260602_143011.csv] - DEBUG - Incoming data. Topic 6/pos, mensaje {"x": 265.48, "y": 98.23, "yaw": 1.673, "timestamp": 1780403420.1828015}
2026-06-02 14:30:20.207 - [robot_6_log_20260602_143011.csv] - INFO - Distancias a paredes: Left: 265.48, Right: 184.52, Top: 41.77, Bottom: 98.23
2026-06-02 14:30:20.207 - [robot_6_log_20260602_143011.csv] - DEBUG - Posición actualizada por visión: x=265.48, y=98.23, θ=1.67
2026-06-02 14:30:20.207 - [robot_6_log_20260602_143011.csv] - INFO - Posicion: 265.48, 98.23, 1.673 | Velocidad: -0.9947817492743527, -0.10202583648595517
2026-06-02 14:30:20.207 - [robot_6_log_20260602_143011.csv] - DEBUG - Frecuencia: 4271.19 Hz | Latencia Red/Proc: 24.79 ms
2026-06-02 14:30:20.207 - [robot_6_log_20260602_143011.csv] - INFO - None
2026-06-02 14:30:20.207 - [robot_6_log_20260602_143011.csv] - WARNING - Estado FSM: AVANZA | Target Wall: None | Target Theta: 0.00° |theta: 95.85583912538672 
2026-06-02 14:30:20.225 - [robot_6_log_20260602_143011.csv] - DEBUG - Incoming data. Topic agent/6/wheel, mensaje {"Wleft":1.657007864e-15,"Wright":-3.719247132e-16}
2026-06-02 14:30:20.257 - [robot_6_log_20260602_143011.csv] - INFO - Usando posición VISION: x=265.48, y=98.23, θ=1.67
2026-06-02 14:30:20.257 - [robot_6_log_20260602_143011.csv] - INFO - Distancias a paredes: Left: 265.48, Right: 184.52, Top: 41.77, Bottom: 98.23
2026-06-02 14:30:20.257 - [robot_6_log_20260602_143011.csv] - INFO - Posicion: 265.48, 98.23, 1.673 | Velocidad: -0.9947817492743527, -0.10202583648595517
2026-06-02 14:30:20.257 - [robot_6_log_20260602_143011.csv] - INFO - None
2026-06-02 14:30:20.257 - [robot_6_log_20260602_143011.csv] - WARNING - Estado FSM: AVANZA | Target Wall: None | Target Theta: 0.00° |theta: 95.85583912538672 
2026-06-02 14:30:20.263 - [robot_6_log_20260602_143011.csv] - DEBUG - Incoming data. Topic agent/6/wheel, mensaje {"Wleft":1.657007864e-15,"Wright":-3.719247132e-16}
2026-06-02 14:30:20.281 - [robot_6_log_20260602_143011.csv] - DEBUG - Incoming data. Topic 6/pos, mensaje {"x": 265.47, "y": 98.22, "yaw": 1.675, "timestamp": 1780403420.2799187}
2026-06-02 14:30:20.281 - [robot_6_log_20260602_143011.csv] - DEBUG - Posición actualizada por visión: x=265.47, y=98.22, θ=1.68
2026-06-02 14:30:20.281 - [robot_6_log_20260602_143011.csv] - DEBUG - Frecuencia: 13.59 Hz | Latencia Red/Proc: 1.25 ms
2026-06-02 14:30:20.281 - [robot_6_log_20260602_143011.csv] - DEBUG - Incoming data. Topic 6/pos, mensaje {"x": 265.47, "y": 98.22, "yaw": 1.675, "timestamp": 1780403420.2799187}
2026-06-02 14:30:20.281 - [robot_6_log_20260602_143011.csv] - DEBUG - Posición actualizada por visión: x=265.47, y=98.22, θ=1.68
2026-06-02 14:30:20.281 - [robot_6_log_20260602_143011.csv] - DEBUG - Frecuencia: 21959.71 Hz | Latencia Red/Proc: 1.30 ms
2026-06-02 14:30:20.293 - [robot_6_log_20260602_143011.csv] - DEBUG - Incoming data. Topic 6/pos, mensaje {"x": 265.47, "y": 98.22, "yaw": 1.675, "timestamp": 1780403420.2885668}
2026-06-02 14:30:20.298 - [robot_6_log_20260602_143011.csv] - DEBUG - Posición actualizada por visión: x=265.47, y=98.22, θ=1.68
2026-06-02 14:30:20.298 - [robot_6_log_20260602_143011.csv] - DEBUG - Frecuencia: 57.51 Hz | Latencia Red/Proc: 10.04 ms
2026-06-02 14:30:20.303 - [robot_6_log_20260602_143011.csv] - DEBUG - Incoming data. Topic 6/pos, mensaje {"x": 265.47, "y": 98.22, "yaw": 1.675, "timestamp": 1780403420.2885668}
2026-06-02 14:30:20.307 - [robot_6_log_20260602_143011.csv] - INFO - Usando posición VISION: x=265.47, y=98.22, θ=1.68
2026-06-02 14:30:20.307 - [robot_6_log_20260602_143011.csv] - INFO - Distancias a paredes: Left: 265.47, Right: 184.53, Top: 41.78, Bottom: 98.22
2026-06-02 14:30:20.307 - [robot_6_log_20260602_143011.csv] - INFO - Posicion: 265.47, 98.22, 1.675 | Velocidad: -0.9945757081745799, -0.10401519460652353
2026-06-02 14:30:20.307 - [robot_6_log_20260602_143011.csv] - INFO - None
2026-06-02 14:30:20.307 - [robot_6_log_20260602_143011.csv] - DEBUG - Posición actualizada por visión: x=265.47, y=98.22, θ=1.68
2026-06-02 14:30:20.307 - [robot_6_log_20260602_143011.csv] - WARNING - Estado FSM: AVANZA | Target Wall: None | Target Theta: 0.00° |theta: 95.97043068441289 
2026-06-02 14:30:20.307 - [robot_6_log_20260602_143011.csv] - DEBUG - Frecuencia: 107.12 Hz | Latencia Red/Proc: 19.37 ms
2026-06-02 14:30:20.357 - [robot_6_log_20260602_143011.csv] - INFO - Usando posición VISION: x=265.47, y=98.22, θ=1.68
2026-06-02 14:30:20.357 - [robot_6_log_20260602_143011.csv] - INFO - Distancias a paredes: Left: 265.47, Right: 184.53, Top: 41.78, Bottom: 98.22
2026-06-02 14:30:20.357 - [robot_6_log_20260602_143011.csv] - INFO - Posicion: 265.47, 98.22, 1.675 | Velocidad: -0.9945757081745799, -0.10401519460652353
2026-06-02 14:30:20.357 - [robot_6_log_20260602_143011.csv] - INFO - None
2026-06-02 14:30:20.357 - [robot_6_log_20260602_143011.csv] - WARNING - Estado FSM: AVANZA | Target Wall: None | Target Theta: 0.00° |theta: 95.97043068441289 
2026-06-02 14:30:20.381 - [robot_6_log_20260602_143011.csv] - DEBUG - Incoming data. Topic 6/pos, mensaje {"x": 265.49, "y": 98.24, "yaw": 1.667, "timestamp": 1780403420.379699}
2026-06-02 14:30:20.386 - [robot_6_log_20260602_143011.csv] - DEBUG - Posición actualizada por visión: x=265.49, y=98.24, θ=1.67
2026-06-02 14:30:20.392 - [robot_6_log_20260602_143011.csv] - DEBUG - Frecuencia: 11.80 Hz | Latencia Red/Proc: 13.01 ms
2026-06-02 14:30:20.392 - [robot_6_log_20260602_143011.csv] - DEBUG - Incoming data. Topic 6/pos, mensaje {"x": 265.49, "y": 98.24, "yaw": 1.667, "timestamp": 1780403420.379699}
2026-06-02 14:30:20.392 - [robot_6_log_20260602_143011.csv] - DEBUG - Posición actualizada por visión: x=265.49, y=98.24, θ=1.67
2026-06-02 14:30:20.392 - [robot_6_log_20260602_143011.csv] - DEBUG - Frecuencia: 9446.63 Hz | Latencia Red/Proc: 13.12 ms
2026-06-02 14:30:20.392 - [robot_6_log_20260602_143011.csv] - DEBUG - Incoming data. Topic 6/pos, mensaje {"x": 265.49, "y": 98.24, "yaw": 1.667, "timestamp": 1780403420.3882337}
2026-06-02 14:30:20.392 - [robot_6_log_20260602_143011.csv] - DEBUG - Posición actualizada por visión: x=265.49, y=98.24, θ=1.67
2026-06-02 14:30:20.392 - [robot_6_log_20260602_143011.csv] - DEBUG - Frecuencia: 28926.23 Hz | Latencia Red/Proc: 4.62 ms
2026-06-02 14:30:20.392 - [robot_6_log_20260602_143011.csv] - DEBUG - Incoming data. Topic 6/pos, mensaje {"x": 265.49, "y": 98.24, "yaw": 1.667, "timestamp": 1780403420.3882337}
2026-06-02 14:30:20.392 - [robot_6_log_20260602_143011.csv] - DEBUG - Posición actualizada por visión: x=265.49, y=98.24, θ=1.67
2026-06-02 14:30:20.392 - [robot_6_log_20260602_143011.csv] - DEBUG - Frecuencia: 32768.00 Hz | Latencia Red/Proc: 4.65 ms
2026-06-02 14:30:20.407 - [robot_6_log_20260602_143011.csv] - INFO - Usando posición VISION: x=265.49, y=98.24, θ=1.67
2026-06-02 14:30:20.407 - [robot_6_log_20260602_143011.csv] - INFO - Distancias a paredes: Left: 265.49, Right: 184.51, Top: 41.76, Bottom: 98.24
2026-06-02 14:30:20.407 - [robot_6_log_20260602_143011.csv] - INFO - Posicion: 265.49, 98.24, 1.667 | Velocidad: -0.9953759946025762, -0.09605534534284021
2026-06-02 14:30:20.407 - [robot_6_log_20260602_143011.csv] - INFO - None
2026-06-02 14:30:20.407 - [robot_6_log_20260602_143011.csv] - WARNING - Estado FSM: AVANZA | Target Wall: None | Target Theta: 0.00° |theta: 95.51206444830824 
2026-06-02 14:30:20.432 - [robot_6_log_20260602_143011.csv] - DEBUG - Incoming data. Topic agent/6/wheel, mensaje {"Wleft":1.657007864e-15,"Wright":-3.719247132e-16}
2026-06-02 14:30:20.457 - [robot_6_log_20260602_143011.csv] - INFO - Usando posición VISION: x=265.49, y=98.24, θ=1.67
2026-06-02 14:30:20.457 - [robot_6_log_20260602_143011.csv] - INFO - Distancias a paredes: Left: 265.49, Right: 184.51, Top: 41.76, Bottom: 98.24
2026-06-02 14:30:20.457 - [robot_6_log_20260602_143011.csv] - INFO - Posicion: 265.49, 98.24, 1.667 | Velocidad: -0.9953759946025762, -0.09605534534284021
2026-06-02 14:30:20.457 - [robot_6_log_20260602_143011.csv] - INFO - None
2026-06-02 14:30:20.457 - [robot_6_log_20260602_143011.csv] - WARNING - Estado FSM: AVANZA | Target Wall: None | Target Theta: 0.00° |theta: 95.51206444830824 
2026-06-02 14:30:20.482 - [robot_6_log_20260602_143011.csv] - DEBUG - Incoming data. Topic 6/pos, mensaje {"x": 265.48, "y": 98.24, "yaw": 1.668, "timestamp": 1780403420.4799252}
2026-06-02 14:30:20.487 - [robot_6_log_20260602_143011.csv] - DEBUG - Posición actualizada por visión: x=265.48, y=98.24, θ=1.67
2026-06-02 14:30:20.493 - [robot_6_log_20260602_143011.csv] - DEBUG - Frecuencia: 9.93 Hz | Latencia Red/Proc: 13.64 ms
2026-06-02 14:30:20.503 - [robot_6_log_20260602_143011.csv] - DEBUG - Incoming data. Topic 6/pos, mensaje {"x": 265.48, "y": 98.24, "yaw": 1.668, "timestamp": 1780403420.4799252}
2026-06-02 14:30:20.507 - [robot_6_log_20260602_143011.csv] - INFO - Usando posición VISION: x=265.48, y=98.24, θ=1.67
2026-06-02 14:30:20.507 - [robot_6_log_20260602_143011.csv] - DEBUG - Posición actualizada por visión: x=265.48, y=98.24, θ=1.67
2026-06-02 14:30:20.507 - [robot_6_log_20260602_143011.csv] - INFO - Distancias a paredes: Left: 265.48, Right: 184.52, Top: 41.76, Bottom: 98.24
2026-06-02 14:30:20.507 - [robot_6_log_20260602_143011.csv] - DEBUG - Frecuencia: 71.04 Hz | Latencia Red/Proc: 27.72 ms
2026-06-02 14:30:20.507 - [robot_6_log_20260602_143011.csv] - INFO - Posicion: 265.48, 98.24, 1.668 | Velocidad: -0.9952794415852867, -0.09705067314387801
2026-06-02 14:30:20.507 - [robot_6_log_20260602_143011.csv] - INFO - None
2026-06-02 14:30:20.507 - [robot_6_log_20260602_143011.csv] - DEBUG - Incoming data. Topic 6/pos, mensaje {"x": 265.48, "y": 98.24, "yaw": 1.668, "timestamp": 1780403420.4913933}
2026-06-02 14:30:20.507 - [robot_6_log_20260602_143011.csv] - DEBUG - Posición actualizada por visión: x=265.48, y=98.24, θ=1.67
2026-06-02 14:30:20.507 - [robot_6_log_20260602_143011.csv] - DEBUG - Frecuencia: 7423.55 Hz | Latencia Red/Proc: 16.38 ms
2026-06-02 14:30:20.507 - [robot_6_log_20260602_143011.csv] - WARNING - Estado FSM: AVANZA | Target Wall: None | Target Theta: 0.00° |theta: 95.5693602278213 
2026-06-02 14:30:20.512 - [robot_6_log_20260602_143011.csv] - DEBUG - Incoming data. Topic 6/pos, mensaje {"x": 265.48, "y": 98.24, "yaw": 1.668, "timestamp": 1780403420.4913933}
2026-06-02 14:30:20.512 - [robot_6_log_20260602_143011.csv] - DEBUG - Posición actualizada por visión: x=265.48, y=98.24, θ=1.67
2026-06-02 14:30:20.518 - [robot_6_log_20260602_143011.csv] - DEBUG - Frecuencia: 97.79 Hz | Latencia Red/Proc: 26.61 ms
2026-06-02 14:30:20.535 - [robot_6_log_20260602_143011.csv] - DEBUG - Incoming data. Topic agent/6/wheel, mensaje {"Wleft":1.657007864e-15,"Wright":-3.719247132e-16}
2026-06-02 14:30:20.557 - [robot_6_log_20260602_143011.csv] - INFO - Usando posición VISION: x=265.48, y=98.24, θ=1.67
2026-06-02 14:30:20.557 - [robot_6_log_20260602_143011.csv] - INFO - Distancias a paredes: Left: 265.48, Right: 184.52, Top: 41.76, Bottom: 98.24
2026-06-02 14:30:20.557 - [robot_6_log_20260602_143011.csv] - INFO - Posicion: 265.48, 98.24, 1.668 | Velocidad: -0.9952794415852867, -0.09705067314387801
2026-06-02 14:30:20.557 - [robot_6_log_20260602_143011.csv] - INFO - None
2026-06-02 14:30:20.557 - [robot_6_log_20260602_143011.csv] - WARNING - Estado FSM: AVANZA | Target Wall: None | Target Theta: 0.00° |theta: 95.5693602278213 
2026-06-02 14:30:20.588 - [robot_6_log_20260602_143011.csv] - DEBUG - Incoming data. Topic 6/pos, mensaje {"x": 265.48, "y": 98.24, "yaw": 1.674, "timestamp": 1780403420.5824745}
2026-06-02 14:30:20.593 - [robot_6_log_20260602_143011.csv] - DEBUG - Posición actualizada por visión: x=265.48, y=98.24, θ=1.67
2026-06-02 14:30:20.598 - [robot_6_log_20260602_143011.csv] - DEBUG - Frecuencia: 12.43 Hz | Latencia Red/Proc: 15.96 ms
2026-06-02 14:30:20.607 - [robot_6_log_20260602_143011.csv] - INFO - Usando posición VISION: x=265.48, y=98.24, θ=1.67
2026-06-02 14:30:20.607 - [robot_6_log_20260602_143011.csv] - DEBUG - Incoming data. Topic agent/6/wheel, mensaje {"Wleft":1.657007864e-15,"Wright":-3.719247132e-16}
2026-06-02 14:30:20.607 - [robot_6_log_20260602_143011.csv] - INFO - Distancias a paredes: Left: 265.48, Right: 184.52, Top: 41.76, Bottom: 98.24
2026-06-02 14:30:20.607 - [robot_6_log_20260602_143011.csv] - INFO - Posicion: 265.48, 98.24, 1.674 | Velocidad: -0.9946792260640379, -0.10302056705651848
2026-06-02 14:30:20.607 - [robot_6_log_20260602_143011.csv] - DEBUG - Incoming data. Topic 6/pos, mensaje {"x": 265.48, "y": 98.24, "yaw": 1.674, "timestamp": 1780403420.593675}
2026-06-02 14:30:20.607 - [robot_6_log_20260602_143011.csv] - INFO - None
2026-06-02 14:30:20.607 - [robot_6_log_20260602_143011.csv] - DEBUG - Posición actualizada por visión: x=265.48, y=98.24, θ=1.67
2026-06-02 14:30:20.607 - [robot_6_log_20260602_143011.csv] - WARNING - Estado FSM: AVANZA | Target Wall: None | Target Theta: 0.00° |theta: 95.9131349048998 
2026-06-02 14:30:20.607 - [robot_6_log_20260602_143011.csv] - DEBUG - Frecuencia: 107.31 Hz | Latencia Red/Proc: 14.08 ms
2026-06-02 14:30:20.629 - [robot_6_log_20260602_143011.csv] - DEBUG - Incoming data. Topic 6/pos, mensaje {"x": 265.48, "y": 98.24, "yaw": 1.674, "timestamp": 1780403420.5824745}
2026-06-02 14:30:20.640 - [robot_6_log_20260602_143011.csv] - DEBUG - Posición actualizada por visión: x=265.48, y=98.24, θ=1.67
2026-06-02 14:30:20.645 - [robot_6_log_20260602_143011.csv] - DEBUG - Frecuencia: 26.50 Hz | Latencia Red/Proc: 63.02 ms
2026-06-02 14:30:20.650 - [robot_6_log_20260602_143011.csv] - DEBUG - Incoming data. Topic 6/pos, mensaje {"x": 265.48, "y": 98.24, "yaw": 1.674, "timestamp": 1780403420.593675}
2026-06-02 14:30:20.657 - [robot_6_log_20260602_143011.csv] - INFO - Usando posición VISION: x=265.48, y=98.24, θ=1.67
2026-06-02 14:30:20.657 - [robot_6_log_20260602_143011.csv] - DEBUG - Posición actualizada por visión: x=265.48, y=98.24, θ=1.67
2026-06-02 14:30:20.657 - [robot_6_log_20260602_143011.csv] - DEBUG - Frecuencia: 81.89 Hz | Latencia Red/Proc: 64.03 ms
2026-06-02 14:30:20.657 - [robot_6_log_20260602_143011.csv] - INFO - Distancias a paredes: Left: 265.48, Right: 184.52, Top: 41.76, Bottom: 98.24
2026-06-02 14:30:20.657 - [robot_6_log_20260602_143011.csv] - INFO - Posicion: 265.48, 98.24, 1.674 | Velocidad: -0.9946792260640379, -0.10302056705651848
2026-06-02 14:30:20.657 - [robot_6_log_20260602_143011.csv] - INFO - None
2026-06-02 14:30:20.657 - [robot_6_log_20260602_143011.csv] - WARNING - Estado FSM: AVANZA | Target Wall: None | Target Theta: 0.00° |theta: 95.9131349048998 
2026-06-02 14:30:20.687 - [robot_6_log_20260602_143011.csv] - DEBUG - Incoming data. Topic 6/pos, mensaje {"x": 265.53, "y": 98.18, "yaw": 1.68, "timestamp": 1780403420.6764233}
2026-06-02 14:30:20.692 - [robot_6_log_20260602_143011.csv] - DEBUG - Posición actualizada por visión: x=265.53, y=98.18, θ=1.68
2026-06-02 14:30:20.692 - [robot_6_log_20260602_143011.csv] - DEBUG - Frecuencia: 28.83 Hz | Latencia Red/Proc: 15.96 ms
2026-06-02 14:30:20.707 - [robot_6_log_20260602_143011.csv] - INFO - Usando posición VISION: x=265.53, y=98.18, θ=1.68
2026-06-02 14:30:20.707 - [robot_6_log_20260602_143011.csv] - DEBUG - Incoming data. Topic 6/pos, mensaje {"x": 265.53, "y": 98.18, "yaw": 1.68, "timestamp": 1780403420.6764233}
2026-06-02 14:30:20.707 - [robot_6_log_20260602_143011.csv] - INFO - Distancias a paredes: Left: 265.53, Right: 184.47, Top: 41.82, Bottom: 98.18
2026-06-02 14:30:20.707 - [robot_6_log_20260602_143011.csv] - DEBUG - Posición actualizada por visión: x=265.53, y=98.18, θ=1.68
2026-06-02 14:30:20.707 - [robot_6_log_20260602_143011.csv] - INFO - Posicion: 265.53, 98.18, 1.68 | Velocidad: -0.994043202198076, -0.10898675223987112
2026-06-02 14:30:20.707 - [robot_6_log_20260602_143011.csv] - DEBUG - Frecuencia: 65.22 Hz | Latencia Red/Proc: 31.30 ms
2026-06-02 14:30:20.707 - [robot_6_log_20260602_143011.csv] - INFO - None
2026-06-02 14:30:20.707 - [robot_6_log_20260602_143011.csv] - DEBUG - Incoming data. Topic 6/pos, mensaje {"x": 265.53, "y": 98.18, "yaw": 1.68, "timestamp": 1780403420.6848652}
2026-06-02 14:30:20.707 - [robot_6_log_20260602_143011.csv] - WARNING - Estado FSM: AVANZA | Target Wall: None | Target Theta: 0.00° |theta: 96.2569095819783 
2026-06-02 14:30:20.707 - [robot_6_log_20260602_143011.csv] - DEBUG - Posición actualizada por visión: x=265.53, y=98.18, θ=1.68
2026-06-02 14:30:20.713 - [robot_6_log_20260602_143011.csv] - DEBUG - Frecuencia: 188.75 Hz | Latencia Red/Proc: 28.15 ms
2026-06-02 14:30:20.724 - [robot_6_log_20260602_143011.csv] - DEBUG - Incoming data. Topic agent/6/wheel, mensaje {"Wleft":1.657007864e-15,"Wright":-3.719247132e-16}
2026-06-02 14:30:20.734 - [robot_6_log_20260602_143011.csv] - DEBUG - Incoming data. Topic 6/pos, mensaje {"x": 265.53, "y": 98.18, "yaw": 1.68, "timestamp": 1780403420.6848652}
2026-06-02 14:30:20.739 - [robot_6_log_20260602_143011.csv] - DEBUG - Posición actualizada por visión: x=265.53, y=98.18, θ=1.68
2026-06-02 14:30:20.739 - [robot_6_log_20260602_143011.csv] - DEBUG - Frecuencia: 37.48 Hz | Latencia Red/Proc: 54.83 ms
2026-06-02 14:30:20.757 - [robot_6_log_20260602_143011.csv] - INFO - Usando posición VISION: x=265.53, y=98.18, θ=1.68
2026-06-02 14:30:20.757 - [robot_6_log_20260602_143011.csv] - INFO - Distancias a paredes: Left: 265.53, Right: 184.47, Top: 41.82, Bottom: 98.18
2026-06-02 14:30:20.757 - [robot_6_log_20260602_143011.csv] - INFO - Posicion: 265.53, 98.18, 1.68 | Velocidad: -0.994043202198076, -0.10898675223987112
2026-06-02 14:30:20.757 - [robot_6_log_20260602_143011.csv] - INFO - None
2026-06-02 14:30:20.757 - [robot_6_log_20260602_143011.csv] - WARNING - Estado FSM: AVANZA | Target Wall: None | Target Theta: 0.00° |theta: 96.2569095819783 
2026-06-02 14:30:20.782 - [robot_6_log_20260602_143011.csv] - DEBUG - Incoming data. Topic 6/pos, mensaje {"x": 265.52, "y": 98.21, "yaw": 1.677, "timestamp": 1780403420.777225}
2026-06-02 14:30:20.782 - [robot_6_log_20260602_143011.csv] - DEBUG - Posición actualizada por visión: x=265.52, y=98.21, θ=1.68
2026-06-02 14:30:20.782 - [robot_6_log_20260602_143011.csv] - DEBUG - Frecuencia: 23.42 Hz | Latencia Red/Proc: 5.17 ms
2026-06-02 14:30:20.782 - [robot_6_log_20260602_143011.csv] - DEBUG - Incoming data. Topic 6/pos, mensaje {"x": 265.52, "y": 98.21, "yaw": 1.677, "timestamp": 1780403420.777225}
2026-06-02 14:30:20.782 - [robot_6_log_20260602_143011.csv] - DEBUG - Posición actualizada por visión: x=265.52, y=98.21, θ=1.68
2026-06-02 14:30:20.782 - [robot_6_log_20260602_143011.csv] - DEBUG - Frecuencia: 10082.46 Hz | Latencia Red/Proc: 5.27 ms
2026-06-02 14:30:20.793 - [robot_6_log_20260602_143011.csv] - DEBUG - Incoming data. Topic 6/pos, mensaje {"x": 265.52, "y": 98.21, "yaw": 1.677, "timestamp": 1780403420.7882245}
2026-06-02 14:30:20.798 - [robot_6_log_20260602_143011.csv] - DEBUG - Posición actualizada por visión: x=265.52, y=98.21, θ=1.68
2026-06-02 14:30:20.798 - [robot_6_log_20260602_143011.csv] - DEBUG - Frecuencia: 61.29 Hz | Latencia Red/Proc: 10.58 ms
2026-06-02 14:30:20.807 - [robot_6_log_20260602_143011.csv] - INFO - Usando posición VISION: x=265.52, y=98.21, θ=1.68
2026-06-02 14:30:20.807 - [robot_6_log_20260602_143011.csv] - INFO - Distancias a paredes: Left: 265.52, Right: 184.48, Top: 41.79, Bottom: 98.21
2026-06-02 14:30:20.807 - [robot_6_log_20260602_143011.csv] - INFO - Posicion: 265.52, 98.21, 1.677 | Velocidad: -0.9943656887733004, -0.10600413666645214
2026-06-02 14:30:20.807 - [robot_6_log_20260602_143011.csv] - INFO - None
2026-06-02 14:30:20.807 - [robot_6_log_20260602_143011.csv] - WARNING - Estado FSM: AVANZA | Target Wall: None | Target Theta: 0.00° |theta: 96.08502224343906 
2026-06-02 14:30:20.812 - [robot_6_log_20260602_143011.csv] - DEBUG - Incoming data. Topic 6/pos, mensaje {"x": 265.52, "y": 98.21, "yaw": 1.677, "timestamp": 1780403420.7882245}
2026-06-02 14:30:20.812 - [robot_6_log_20260602_143011.csv] - DEBUG - Posición actualizada por visión: x=265.52, y=98.21, θ=1.68
2026-06-02 14:30:20.817 - [robot_6_log_20260602_143011.csv] - DEBUG - Frecuencia: 52.51 Hz | Latencia Red/Proc: 29.62 ms
2026-06-02 14:30:20.829 - [robot_6_log_20260602_143011.csv] - DEBUG - Incoming data. Topic agent/6/wheel, mensaje {"Wleft":1.657007864e-15,"Wright":-3.719247132e-16}
2026-06-02 14:30:20.857 - [robot_6_log_20260602_143011.csv] - INFO - Usando posición VISION: x=265.52, y=98.21, θ=1.68
2026-06-02 14:30:20.857 - [robot_6_log_20260602_143011.csv] - INFO - Distancias a paredes: Left: 265.52, Right: 184.48, Top: 41.79, Bottom: 98.21
2026-06-02 14:30:20.857 - [robot_6_log_20260602_143011.csv] - INFO - Posicion: 265.52, 98.21, 1.677 | Velocidad: -0.9943656887733004, -0.10600413666645214
2026-06-02 14:30:20.857 - [robot_6_log_20260602_143011.csv] - INFO - None
2026-06-02 14:30:20.857 - [robot_6_log_20260602_143011.csv] - WARNING - Estado FSM: AVANZA | Target Wall: None | Target Theta: 0.00° |theta: 96.08502224343906 
2026-06-02 14:30:20.887 - [robot_6_log_20260602_143011.csv] - DEBUG - Incoming data. Topic 6/pos, mensaje {"x": 265.48, "y": 98.24, "yaw": 1.666, "timestamp": 1780403420.8810236}
2026-06-02 14:30:20.892 - [robot_6_log_20260602_143011.csv] - DEBUG - Posición actualizada por visión: x=265.48, y=98.24, θ=1.67
2026-06-02 14:30:20.899 - [robot_6_log_20260602_143011.csv] - DEBUG - Frecuencia: 12.32 Hz | Latencia Red/Proc: 17.98 ms
2026-06-02 14:30:20.899 - [robot_6_log_20260602_143011.csv] - DEBUG - Incoming data. Topic agent/6/wheel, mensaje {"Wleft":1.657007864e-15,"Wright":-3.719247132e-16}
2026-06-02 14:30:20.904 - [robot_6_log_20260602_143011.csv] - DEBUG - Incoming data. Topic 6/pos, mensaje {"x": 265.48, "y": 98.24, "yaw": 1.666, "timestamp": 1780403420.8897824}
2026-06-02 14:30:20.904 - [robot_6_log_20260602_143011.csv] - DEBUG - Posición actualizada por visión: x=265.48, y=98.24, θ=1.67
2026-06-02 14:30:20.907 - [robot_6_log_20260602_143011.csv] - INFO - Usando posición VISION: x=265.48, y=98.24, θ=1.67
2026-06-02 14:30:20.907 - [robot_6_log_20260602_143011.csv] - DEBUG - Frecuencia: 116.12 Hz | Latencia Red/Proc: 17.83 ms
2026-06-02 14:30:20.907 - [robot_6_log_20260602_143011.csv] - INFO - Distancias a paredes: Left: 265.48, Right: 184.52, Top: 41.76, Bottom: 98.24
2026-06-02 14:30:20.907 - [robot_6_log_20260602_143011.csv] - INFO - Posicion: 265.48, 98.24, 1.666 | Velocidad: -0.995471552243954, -0.09505992148646485
2026-06-02 14:30:20.908 - [robot_6_log_20260602_143011.csv] - INFO - None
2026-06-02 14:30:20.907 - [robot_6_log_20260602_143011.csv] - DEBUG - Incoming data. Topic 6/pos, mensaje {"x": 265.48, "y": 98.24, "yaw": 1.666, "timestamp": 1780403420.8810236}
2026-06-02 14:30:20.908 - [robot_6_log_20260602_143011.csv] - WARNING - Estado FSM: AVANZA | Target Wall: None | Target Theta: 0.00° |theta: 95.45476866879514 
2026-06-02 14:30:20.908 - [robot_6_log_20260602_143011.csv] - DEBUG - Posición actualizada por visión: x=265.48, y=98.24, θ=1.67
2026-06-02 14:30:20.918 - [robot_6_log_20260602_143011.csv] - DEBUG - Frecuencia: 91.62 Hz | Latencia Red/Proc: 37.50 ms
2026-06-02 14:30:20.936 - [robot_6_log_20260602_143011.csv] - DEBUG - Incoming data. Topic 6/pos, mensaje {"x": 265.48, "y": 98.24, "yaw": 1.666, "timestamp": 1780403420.8897824}
2026-06-02 14:30:20.941 - [robot_6_log_20260602_143011.csv] - DEBUG - Posición actualizada por visión: x=265.48, y=98.24, θ=1.67
2026-06-02 14:30:20.941 - [robot_6_log_20260602_143011.csv] - DEBUG - Frecuencia: 44.11 Hz | Latencia Red/Proc: 51.41 ms
2026-06-02 14:30:20.957 - [robot_6_log_20260602_143011.csv] - INFO - Usando posición VISION: x=265.48, y=98.24, θ=1.67
2026-06-02 14:30:20.957 - [robot_6_log_20260602_143011.csv] - INFO - Distancias a paredes: Left: 265.48, Right: 184.52, Top: 41.76, Bottom: 98.24
2026-06-02 14:30:20.957 - [robot_6_log_20260602_143011.csv] - INFO - Posicion: 265.48, 98.24, 1.666 | Velocidad: -0.995471552243954, -0.09505992148646485
2026-06-02 14:30:20.957 - [robot_6_log_20260602_143011.csv] - INFO - None
2026-06-02 14:30:20.957 - [robot_6_log_20260602_143011.csv] - WARNING - Estado FSM: AVANZA | Target Wall: None | Target Theta: 0.00° |theta: 95.45476866879514 
2026-06-02 14:30:20.986 - [robot_6_log_20260602_143011.csv] - DEBUG - Incoming data. Topic 6/pos, mensaje {"x": 265.48, "y": 98.23, "yaw": 1.676, "timestamp": 1780403420.9793649}
2026-06-02 14:30:20.992 - [robot_6_log_20260602_143011.csv] - DEBUG - Posición actualizada por visión: x=265.48, y=98.23, θ=1.68
2026-06-02 14:30:21.003 - [robot_6_log_20260602_143011.csv] - DEBUG - Frecuencia: 16.08 Hz | Latencia Red/Proc: 24.04 ms
2026-06-02 14:30:21.007 - [robot_6_log_20260602_143011.csv] - INFO - Usando posición VISION: x=265.48, y=98.23, θ=1.68
2026-06-02 14:30:21.007 - [robot_6_log_20260602_143011.csv] - INFO - Distancias a paredes: Left: 265.48, Right: 184.52, Top: 41.77, Bottom: 98.23
2026-06-02 14:30:21.007 - [robot_6_log_20260602_143011.csv] - INFO - Posicion: 265.48, 98.23, 1.676 | Velocidad: -0.9944711957094966, -0.10500971814134243
2026-06-02 14:30:21.007 - [robot_6_log_20260602_143011.csv] - INFO - None
2026-06-02 14:30:21.007 - [robot_6_log_20260602_143011.csv] - DEBUG - Incoming data. Topic 6/pos, mensaje {"x": 265.48, "y": 98.23, "yaw": 1.676, "timestamp": 1780403420.9793649}
2026-06-02 14:30:21.007 - [robot_6_log_20260602_143011.csv] - WARNING - Estado FSM: AVANZA | Target Wall: None | Target Theta: 0.00° |theta: 96.02772646392597 
2026-06-02 14:30:21.007 - [robot_6_log_20260602_143011.csv] - DEBUG - Posición actualizada por visión: x=265.48, y=98.23, θ=1.68
2026-06-02 14:30:21.017 - [robot_6_log_20260602_143011.csv] - DEBUG - Frecuencia: 68.88 Hz | Latencia Red/Proc: 38.55 ms
2026-06-02 14:30:21.028 - [robot_6_log_20260602_143011.csv] - DEBUG - Incoming data. Topic 6/pos, mensaje {"x": 265.48, "y": 98.23, "yaw": 1.676, "timestamp": 1780403420.988014}
2026-06-02 14:30:21.033 - [robot_6_log_20260602_143011.csv] - DEBUG - Posición actualizada por visión: x=265.48, y=98.23, θ=1.68
2026-06-02 14:30:21.049 - [robot_6_log_20260602_143011.csv] - DEBUG - Frecuencia: 31.60 Hz | Latencia Red/Proc: 61.55 ms
2026-06-02 14:30:21.054 - [robot_6_log_20260602_143011.csv] - DEBUG - Incoming data. Topic 6/pos, mensaje {"x": 265.48, "y": 98.23, "yaw": 1.676, "timestamp": 1780403420.988014}
2026-06-02 14:30:21.057 - [robot_6_log_20260602_143011.csv] - INFO - Usando posición VISION: x=265.48, y=98.23, θ=1.68
2026-06-02 14:30:21.057 - [robot_6_log_20260602_143011.csv] - DEBUG - Posición actualizada por visión: x=265.48, y=98.23, θ=1.68
2026-06-02 14:30:21.057 - [robot_6_log_20260602_143011.csv] - INFO - Distancias a paredes: Left: 265.48, Right: 184.52, Top: 41.77, Bottom: 98.23
2026-06-02 14:30:21.057 - [robot_6_log_20260602_143011.csv] - DEBUG - Frecuencia: 124.70 Hz | Latencia Red/Proc: 69.57 ms
2026-06-02 14:30:21.057 - [robot_6_log_20260602_143011.csv] - INFO - Posicion: 265.48, 98.23, 1.676 | Velocidad: -0.9944711957094966, -0.10500971814134243
2026-06-02 14:30:21.057 - [robot_6_log_20260602_143011.csv] - INFO - None
2026-06-02 14:30:21.057 - [robot_6_log_20260602_143011.csv] - DEBUG - Incoming data. Topic agent/6/wheel, mensaje {"Wleft":1.657007864e-15,"Wright":-3.719247132e-16}
2026-06-02 14:30:21.057 - [robot_6_log_20260602_143011.csv] - WARNING - Estado FSM: AVANZA | Target Wall: None | Target Theta: 0.00° |theta: 96.02772646392597 
2026-06-02 14:30:21.082 - [robot_6_log_20260602_143011.csv] - DEBUG - Incoming data. Topic 6/pos, mensaje {"x": 265.49, "y": 98.22, "yaw": 1.669, "timestamp": 1780403421.0767906}
2026-06-02 14:30:21.087 - [robot_6_log_20260602_143011.csv] - DEBUG - Posición actualizada por visión: x=265.49, y=98.22, θ=1.67
2026-06-02 14:30:21.092 - [robot_6_log_20260602_143011.csv] - DEBUG - Frecuencia: 28.71 Hz | Latencia Red/Proc: 15.62 ms
2026-06-02 14:30:21.097 - [robot_6_log_20260602_143011.csv] - DEBUG - Incoming data. Topic 6/pos, mensaje {"x": 265.49, "y": 98.22, "yaw": 1.669, "timestamp": 1780403421.0767906}
2026-06-02 14:30:21.097 - [robot_6_log_20260602_143011.csv] - DEBUG - Posición actualizada por visión: x=265.49, y=98.22, θ=1.67
2026-06-02 14:30:21.097 - [robot_6_log_20260602_143011.csv] - DEBUG - Frecuencia: 185.41 Hz | Latencia Red/Proc: 21.01 ms
2026-06-02 14:30:21.097 - [robot_6_log_20260602_143011.csv] - DEBUG - Incoming data. Topic 6/pos, mensaje {"x": 265.49, "y": 98.22, "yaw": 1.669, "timestamp": 1780403421.0859725}
2026-06-02 14:30:21.097 - [robot_6_log_20260602_143011.csv] - DEBUG - Posición actualizada por visión: x=265.49, y=98.22, θ=1.67
2026-06-02 14:30:21.098 - [robot_6_log_20260602_143011.csv] - DEBUG - Frecuencia: 3964.37 Hz | Latencia Red/Proc: 12.08 ms
2026-06-02 14:30:21.098 - [robot_6_log_20260602_143011.csv] - DEBUG - Incoming data. Topic agent/6/wheel, mensaje {"Wleft":1.657007864e-15,"Wright":-3.719247132e-16}
2026-06-02 14:30:21.107 - [robot_6_log_20260602_143011.csv] - INFO - Usando posición VISION: x=265.49, y=98.22, θ=1.67
2026-06-02 14:30:21.107 - [robot_6_log_20260602_143011.csv] - INFO - Distancias a paredes: Left: 265.49, Right: 184.51, Top: 41.78, Bottom: 98.22
2026-06-02 14:30:21.107 - [robot_6_log_20260602_143011.csv] - INFO - Posicion: 265.49, 98.22, 1.669 | Velocidad: -0.9951818932886386, -0.09804590389425098
2026-06-02 14:30:21.107 - [robot_6_log_20260602_143011.csv] - INFO - None
2026-06-02 14:30:21.107 - [robot_6_log_20260602_143011.csv] - WARNING - Estado FSM: AVANZA | Target Wall: None | Target Theta: 0.00° |theta: 95.6266560073344 
2026-06-02 14:30:21.137 - [robot_6_log_20260602_143011.csv] - DEBUG - Incoming data. Topic 6/pos, mensaje {"x": 265.49, "y": 98.22, "yaw": 1.669, "timestamp": 1780403421.0859725}
2026-06-02 14:30:21.137 - [robot_6_log_20260602_143011.csv] - DEBUG - Posición actualizada por visión: x=265.49, y=98.22, θ=1.67
2026-06-02 14:30:21.142 - [robot_6_log_20260602_143011.csv] - DEBUG - Frecuencia: 22.43 Hz | Latencia Red/Proc: 56.67 ms
2026-06-02 14:30:21.157 - [robot_6_log_20260602_143011.csv] - INFO - Usando posición VISION: x=265.49, y=98.22, θ=1.67
2026-06-02 14:30:21.157 - [robot_6_log_20260602_143011.csv] - INFO - Distancias a paredes: Left: 265.49, Right: 184.51, Top: 41.78, Bottom: 98.22
2026-06-02 14:30:21.157 - [robot_6_log_20260602_143011.csv] - INFO - Posicion: 265.49, 98.22, 1.669 | Velocidad: -0.9951818932886386, -0.09804590389425098
2026-06-02 14:30:21.157 - [robot_6_log_20260602_143011.csv] - INFO - None
2026-06-02 14:30:21.157 - [robot_6_log_20260602_143011.csv] - WARNING - Estado FSM: AVANZA | Target Wall: None | Target Theta: 0.00° |theta: 95.6266560073344 
2026-06-02 14:30:21.182 - [robot_6_log_20260602_143011.csv] - DEBUG - Incoming data. Topic 6/pos, mensaje {"x": 265.52, "y": 98.19, "yaw": 1.68, "timestamp": 1780403421.1771479}
2026-06-02 14:30:21.187 - [robot_6_log_20260602_143011.csv] - DEBUG - Posición actualizada por visión: x=265.52, y=98.19, θ=1.68
2026-06-02 14:30:21.192 - [robot_6_log_20260602_143011.csv] - DEBUG - Frecuencia: 20.08 Hz | Latencia Red/Proc: 15.29 ms
2026-06-02 14:30:21.202 - [robot_6_log_20260602_143011.csv] - DEBUG - Incoming data. Topic 6/pos, mensaje {"x": 265.52, "y": 98.19, "yaw": 1.68, "timestamp": 1780403421.1771479}
2026-06-02 14:30:21.207 - [robot_6_log_20260602_143011.csv] - INFO - Usando posición VISION: x=265.52, y=98.19, θ=1.68
2026-06-02 14:30:21.207 - [robot_6_log_20260602_143011.csv] - DEBUG - Posición actualizada por visión: x=265.52, y=98.19, θ=1.68
2026-06-02 14:30:21.207 - [robot_6_log_20260602_143011.csv] - INFO - Distancias a paredes: Left: 265.52, Right: 184.48, Top: 41.81, Bottom: 98.19
2026-06-02 14:30:21.207 - [robot_6_log_20260602_143011.csv] - DEBUG - Frecuencia: 66.06 Hz | Latencia Red/Proc: 30.42 ms
2026-06-02 14:30:21.207 - [robot_6_log_20260602_143011.csv] - INFO - Posicion: 265.52, 98.19, 1.68 | Velocidad: -0.994043202198076, -0.10898675223987112
2026-06-02 14:30:21.207 - [robot_6_log_20260602_143011.csv] - DEBUG - Incoming data. Topic 6/pos, mensaje {"x": 265.52, "y": 98.19, "yaw": 1.68, "timestamp": 1780403421.1860292}
2026-06-02 14:30:21.207 - [robot_6_log_20260602_143011.csv] - INFO - None
2026-06-02 14:30:21.207 - [robot_6_log_20260602_143011.csv] - DEBUG - Posición actualizada por visión: x=265.52, y=98.19, θ=1.68
2026-06-02 14:30:21.207 - [robot_6_log_20260602_143011.csv] - DEBUG - Frecuencia: 6105.25 Hz | Latencia Red/Proc: 21.71 ms
2026-06-02 14:30:21.207 - [robot_6_log_20260602_143011.csv] - WARNING - Estado FSM: AVANZA | Target Wall: None | Target Theta: 0.00° |theta: 96.2569095819783 
2026-06-02 14:30:21.212 - [robot_6_log_20260602_143011.csv] - DEBUG - Incoming data. Topic agent/6/wheel, mensaje {"Wleft":1.657007864e-15,"Wright":-3.719247132e-16}
2026-06-02 14:30:21.230 - [robot_6_log_20260602_143011.csv] - DEBUG - Incoming data. Topic 6/pos, mensaje {"x": 265.52, "y": 98.19, "yaw": 1.68, "timestamp": 1780403421.1860292}
2026-06-02 14:30:21.235 - [robot_6_log_20260602_143011.csv] - DEBUG - Posición actualizada por visión: x=265.52, y=98.19, θ=1.68
2026-06-02 14:30:21.240 - [robot_6_log_20260602_143011.csv] - DEBUG - Frecuencia: 30.61 Hz | Latencia Red/Proc: 54.37 ms
2026-06-02 14:30:21.257 - [robot_6_log_20260602_143011.csv] - INFO - Usando posición VISION: x=265.52, y=98.19, θ=1.68
2026-06-02 14:30:21.257 - [robot_6_log_20260602_143011.csv] - INFO - Distancias a paredes: Left: 265.52, Right: 184.48, Top: 41.81, Bottom: 98.19
2026-06-02 14:30:21.257 - [robot_6_log_20260602_143011.csv] - INFO - Posicion: 265.52, 98.19, 1.68 | Velocidad: -0.994043202198076, -0.10898675223987112
2026-06-02 14:30:21.257 - [robot_6_log_20260602_143011.csv] - INFO - None
2026-06-02 14:30:21.257 - [robot_6_log_20260602_143011.csv] - WARNING - Estado FSM: AVANZA | Target Wall: None | Target Theta: 0.00° |theta: 96.2569095819783 
2026-06-02 14:30:21.275 - [robot_6_log_20260602_143011.csv] - DEBUG - Incoming data. Topic 6/pos, mensaje {"x": 265.52, "y": 98.2, "yaw": 1.682, "timestamp": 1780403421.2753844}
2026-06-02 14:30:21.281 - [robot_6_log_20260602_143011.csv] - DEBUG - Posición actualizada por visión: x=265.52, y=98.20, θ=1.68
2026-06-02 14:30:21.286 - [robot_6_log_20260602_143011.csv] - DEBUG - Frecuencia: 21.87 Hz | Latencia Red/Proc: 10.74 ms
2026-06-02 14:30:21.292 - [robot_6_log_20260602_143011.csv] - DEBUG - Incoming data. Topic 6/pos, mensaje {"x": 265.52, "y": 98.2, "yaw": 1.682, "timestamp": 1780403421.2753844}
2026-06-02 14:30:21.297 - [robot_6_log_20260602_143011.csv] - DEBUG - Posición actualizada por visión: x=265.52, y=98.20, θ=1.68
2026-06-02 14:30:21.297 - [robot_6_log_20260602_143011.csv] - DEBUG - Frecuencia: 88.21 Hz | Latencia Red/Proc: 22.08 ms
2026-06-02 14:30:21.307 - [robot_6_log_20260602_143011.csv] - INFO - Usando posición VISION: x=265.52, y=98.20, θ=1.68
2026-06-02 14:30:21.307 - [robot_6_log_20260602_143011.csv] - INFO - Distancias a paredes: Left: 265.52, Right: 184.48, Top: 41.80, Bottom: 98.20
2026-06-02 14:30:21.307 - [robot_6_log_20260602_143011.csv] - INFO - Posicion: 265.52, 98.2, 1.682 | Velocidad: -0.9938232407531702, -0.11097461934544478
2026-06-02 14:30:21.307 - [robot_6_log_20260602_143011.csv] - INFO - None
2026-06-02 14:30:21.307 - [robot_6_log_20260602_143011.csv] - WARNING - Estado FSM: AVANZA | Target Wall: None | Target Theta: 0.00° |theta: 96.37150114100446 
2026-06-02 14:30:21.312 - [robot_6_log_20260602_143011.csv] - DEBUG - Incoming data. Topic 6/pos, mensaje {"x": 265.52, "y": 98.2, "yaw": 1.682, "timestamp": 1780403421.2844296}
2026-06-02 14:30:21.312 - [robot_6_log_20260602_143011.csv] - DEBUG - Posición actualizada por visión: x=265.52, y=98.20, θ=1.68
2026-06-02 14:30:21.312 - [robot_6_log_20260602_143011.csv] - DEBUG - Frecuencia: 65.51 Hz | Latencia Red/Proc: 28.30 ms
2026-06-02 14:30:21.317 - [robot_6_log_20260602_143011.csv] - DEBUG - Incoming data. Topic 6/pos, mensaje {"x": 265.52, "y": 98.2, "yaw": 1.682, "timestamp": 1780403421.2844296}
2026-06-02 14:30:21.322 - [robot_6_log_20260602_143011.csv] - DEBUG - Posición actualizada por visión: x=265.52, y=98.20, θ=1.68
2026-06-02 14:30:21.322 - [robot_6_log_20260602_143011.csv] - DEBUG - Frecuencia: 97.46 Hz | Latencia Red/Proc: 38.56 ms
2026-06-02 14:30:21.338 - [robot_6_log_20260602_143011.csv] - DEBUG - Incoming data. Topic agent/6/wheel, mensaje {"Wleft":1.657007864e-15,"Wright":-3.719247132e-16}
2026-06-02 14:30:21.357 - [robot_6_log_20260602_143011.csv] - INFO - Usando posición VISION: x=265.52, y=98.20, θ=1.68
2026-06-02 14:30:21.357 - [robot_6_log_20260602_143011.csv] - INFO - Distancias a paredes: Left: 265.52, Right: 184.48, Top: 41.80, Bottom: 98.20
2026-06-02 14:30:21.357 - [robot_6_log_20260602_143011.csv] - INFO - Posicion: 265.52, 98.2, 1.682 | Velocidad: -0.9938232407531702, -0.11097461934544478
2026-06-02 14:30:21.357 - [robot_6_log_20260602_143011.csv] - INFO - None
2026-06-02 14:30:21.357 - [robot_6_log_20260602_143011.csv] - WARNING - Estado FSM: AVANZA | Target Wall: None | Target Theta: 0.00° |theta: 96.37150114100446 
2026-06-02 14:30:21.380 - [robot_6_log_20260602_143011.csv] - DEBUG - Incoming data. Topic 6/pos, mensaje {"x": 265.5, "y": 98.23, "yaw": 1.671, "timestamp": 1780403421.3750305}
2026-06-02 14:30:21.385 - [robot_6_log_20260602_143011.csv] - DEBUG - Posición actualizada por visión: x=265.50, y=98.23, θ=1.67
2026-06-02 14:30:21.391 - [robot_6_log_20260602_143011.csv] - DEBUG - Frecuencia: 14.51 Hz | Latencia Red/Proc: 16.86 ms
2026-06-02 14:30:21.397 - [robot_6_log_20260602_143011.csv] - DEBUG - Incoming data. Topic 6/pos, mensaje {"x": 265.5, "y": 98.23, "yaw": 1.671, "timestamp": 1780403421.3750305}
2026-06-02 14:30:21.397 - [robot_6_log_20260602_143011.csv] - DEBUG - Posición actualizada por visión: x=265.50, y=98.23, θ=1.67
2026-06-02 14:30:21.397 - [robot_6_log_20260602_143011.csv] - DEBUG - Frecuencia: 188.07 Hz | Latencia Red/Proc: 22.18 ms
2026-06-02 14:30:21.397 - [robot_6_log_20260602_143011.csv] - DEBUG - Incoming data. Topic 6/pos, mensaje {"x": 265.5, "y": 98.23, "yaw": 1.671, "timestamp": 1780403421.3838558}
2026-06-02 14:30:21.397 - [robot_6_log_20260602_143011.csv] - DEBUG - Posición actualizada por visión: x=265.50, y=98.23, θ=1.67
2026-06-02 14:30:21.397 - [robot_6_log_20260602_143011.csv] - DEBUG - Frecuencia: 7269.16 Hz | Latencia Red/Proc: 13.49 ms
2026-06-02 14:30:21.397 - [robot_6_log_20260602_143011.csv] - DEBUG - Incoming data. Topic 6/pos, mensaje {"x": 265.5, "y": 98.23, "yaw": 1.671, "timestamp": 1780403421.3838558}
2026-06-02 14:30:21.397 - [robot_6_log_20260602_143011.csv] - DEBUG - Posición actualizada por visión: x=265.50, y=98.23, θ=1.67
2026-06-02 14:30:21.397 - [robot_6_log_20260602_143011.csv] - DEBUG - Frecuencia: 28926.23 Hz | Latencia Red/Proc: 13.53 ms
2026-06-02 14:30:21.407 - [robot_6_log_20260602_143011.csv] - INFO - Usando posición VISION: x=265.50, y=98.23, θ=1.67
2026-06-02 14:30:21.407 - [robot_6_log_20260602_143011.csv] - INFO - Distancias a paredes: Left: 265.50, Right: 184.50, Top: 41.77, Bottom: 98.23
2026-06-02 14:30:21.407 - [robot_6_log_20260602_143011.csv] - INFO - Posicion: 265.5, 98.23, 1.671 | Velocidad: -0.9949838112484548, -0.10003607026217691
2026-06-02 14:30:21.407 - [robot_6_log_20260602_143011.csv] - INFO - None
2026-06-02 14:30:21.407 - [robot_6_log_20260602_143011.csv] - WARNING - Estado FSM: AVANZA | Target Wall: None | Target Theta: 0.00° |theta: 95.74124756636057 
2026-06-02 14:30:21.425 - [robot_6_log_20260602_143011.csv] - DEBUG - Incoming data. Topic agent/6/wheel, mensaje {"Wleft":1.657007864e-15,"Wright":-3.719247132e-16}
2026-06-02 14:30:21.457 - [robot_6_log_20260602_143011.csv] - INFO - Usando posición VISION: x=265.50, y=98.23, θ=1.67
2026-06-02 14:30:21.457 - [robot_6_log_20260602_143011.csv] - INFO - Distancias a paredes: Left: 265.50, Right: 184.50, Top: 41.77, Bottom: 98.23
2026-06-02 14:30:21.457 - [robot_6_log_20260602_143011.csv] - INFO - Posicion: 265.5, 98.23, 1.671 | Velocidad: -0.9949838112484548, -0.10003607026217691
2026-06-02 14:30:21.457 - [robot_6_log_20260602_143011.csv] - INFO - None
2026-06-02 14:30:21.457 - [robot_6_log_20260602_143011.csv] - WARNING - Estado FSM: AVANZA | Target Wall: None | Target Theta: 0.00° |theta: 95.74124756636057 
2026-06-02 14:30:21.480 - [robot_6_log_20260602_143011.csv] - DEBUG - Incoming data. Topic 6/pos, mensaje {"x": 265.49, "y": 98.22, "yaw": 1.667, "timestamp": 1780403421.4748623}
2026-06-02 14:30:21.485 - [robot_6_log_20260602_143011.csv] - DEBUG - Posición actualizada por visión: x=265.49, y=98.22, θ=1.67
2026-06-02 14:30:21.491 - [robot_6_log_20260602_143011.csv] - DEBUG - Frecuencia: 10.59 Hz | Latencia Red/Proc: 16.93 ms
2026-06-02 14:30:21.507 - [robot_6_log_20260602_143011.csv] - INFO - Usando posición VISION: x=265.49, y=98.22, θ=1.67
2026-06-02 14:30:21.507 - [robot_6_log_20260602_143011.csv] - INFO - Distancias a paredes: Left: 265.49, Right: 184.51, Top: 41.78, Bottom: 98.22
2026-06-02 14:30:21.507 - [robot_6_log_20260602_143011.csv] - INFO - Posicion: 265.49, 98.22, 1.667 | Velocidad: -0.9953759946025762, -0.09605534534284021
2026-06-02 14:30:21.507 - [robot_6_log_20260602_143011.csv] - DEBUG - Incoming data. Topic 6/pos, mensaje {"x": 265.49, "y": 98.22, "yaw": 1.667, "timestamp": 1780403421.4748623}
2026-06-02 14:30:21.507 - [robot_6_log_20260602_143011.csv] - INFO - None
2026-06-02 14:30:21.507 - [robot_6_log_20260602_143011.csv] - DEBUG - Posición actualizada por visión: x=265.49, y=98.22, θ=1.67
2026-06-02 14:30:21.507 - [robot_6_log_20260602_143011.csv] - WARNING - Estado FSM: AVANZA | Target Wall: None | Target Theta: 0.00° |theta: 95.51206444830824 
2026-06-02 14:30:21.507 - [robot_6_log_20260602_143011.csv] - DEBUG - Frecuencia: 62.86 Hz | Latencia Red/Proc: 32.84 ms
2026-06-02 14:30:21.522 - [robot_6_log_20260602_143011.csv] - DEBUG - Incoming data. Topic 6/pos, mensaje {"x": 265.49, "y": 98.22, "yaw": 1.667, "timestamp": 1780403421.483652}
2026-06-02 14:30:21.523 - [robot_6_log_20260602_143011.csv] - DEBUG - Posición actualizada por visión: x=265.49, y=98.22, θ=1.67
2026-06-02 14:30:21.523 - [robot_6_log_20260602_143011.csv] - DEBUG - Frecuencia: 65.25 Hz | Latencia Red/Proc: 39.38 ms
2026-06-02 14:30:21.523 - [robot_6_log_20260602_143011.csv] - DEBUG - Incoming data. Topic 6/pos, mensaje {"x": 265.49, "y": 98.22, "yaw": 1.667, "timestamp": 1780403421.483652}
2026-06-02 14:30:21.523 - [robot_6_log_20260602_143011.csv] - DEBUG - Posición actualizada por visión: x=265.49, y=98.22, θ=1.67
2026-06-02 14:30:21.523 - [robot_6_log_20260602_143011.csv] - DEBUG - Frecuencia: 26214.40 Hz | Latencia Red/Proc: 39.42 ms
2026-06-02 14:30:21.529 - [robot_6_log_20260602_143011.csv] - DEBUG - Incoming data. Topic agent/6/wheel, mensaje {"Wleft":1.657007864e-15,"Wright":-3.719247132e-16}
2026-06-02 14:30:21.557 - [robot_6_log_20260602_143011.csv] - INFO - Usando posición VISION: x=265.49, y=98.22, θ=1.67
2026-06-02 14:30:21.557 - [robot_6_log_20260602_143011.csv] - INFO - Distancias a paredes: Left: 265.49, Right: 184.51, Top: 41.78, Bottom: 98.22
2026-06-02 14:30:21.557 - [robot_6_log_20260602_143011.csv] - INFO - Posicion: 265.49, 98.22, 1.667 | Velocidad: -0.9953759946025762, -0.09605534534284021
2026-06-02 14:30:21.557 - [robot_6_log_20260602_143011.csv] - INFO - None
2026-06-02 14:30:21.557 - [robot_6_log_20260602_143011.csv] - WARNING - Estado FSM: AVANZA | Target Wall: None | Target Theta: 0.00° |theta: 95.51206444830824 
2026-06-02 14:30:21.575 - [robot_6_log_20260602_143011.csv] - DEBUG - Incoming data. Topic 6/pos, mensaje {"x": 265.48, "y": 98.22, "yaw": 1.674, "timestamp": 1780403421.574294}
2026-06-02 14:30:21.581 - [robot_6_log_20260602_143011.csv] - DEBUG - Posición actualizada por visión: x=265.48, y=98.22, θ=1.67
2026-06-02 14:30:21.586 - [robot_6_log_20260602_143011.csv] - DEBUG - Frecuencia: 15.85 Hz | Latencia Red/Proc: 11.87 ms
2026-06-02 14:30:21.597 - [robot_6_log_20260602_143011.csv] - DEBUG - Incoming data. Topic 6/pos, mensaje {"x": 265.48, "y": 98.22, "yaw": 1.674, "timestamp": 1780403421.574294}
2026-06-02 14:30:21.602 - [robot_6_log_20260602_143011.csv] - DEBUG - Posición actualizada por visión: x=265.48, y=98.22, θ=1.67
2026-06-02 14:30:21.602 - [robot_6_log_20260602_143011.csv] - DEBUG - Frecuencia: 60.87 Hz | Latencia Red/Proc: 28.30 ms
2026-06-02 14:30:21.607 - [robot_6_log_20260602_143011.csv] - INFO - Usando posición VISION: x=265.48, y=98.22, θ=1.67
2026-06-02 14:30:21.607 - [robot_6_log_20260602_143011.csv] - INFO - Distancias a paredes: Left: 265.48, Right: 184.52, Top: 41.78, Bottom: 98.22
2026-06-02 14:30:21.607 - [robot_6_log_20260602_143011.csv] - INFO - Posicion: 265.48, 98.22, 1.674 | Velocidad: -0.9946792260640379, -0.10302056705651848
2026-06-02 14:30:21.607 - [robot_6_log_20260602_143011.csv] - INFO - None
2026-06-02 14:30:21.607 - [robot_6_log_20260602_143011.csv] - DEBUG - Incoming data. Topic 6/pos, mensaje {"x": 265.48, "y": 98.22, "yaw": 1.674, "timestamp": 1780403421.5826383}
2026-06-02 14:30:21.607 - [robot_6_log_20260602_143011.csv] - WARNING - Estado FSM: AVANZA | Target Wall: None | Target Theta: 0.00° |theta: 95.9131349048998 
2026-06-02 14:30:21.607 - [robot_6_log_20260602_143011.csv] - DEBUG - Posición actualizada por visión: x=265.48, y=98.22, θ=1.67
2026-06-02 14:30:21.612 - [robot_6_log_20260602_143011.csv] - DEBUG - Frecuencia: 98.59 Hz | Latencia Red/Proc: 30.09 ms
2026-06-02 14:30:21.623 - [robot_6_log_20260602_143011.csv] - DEBUG - Incoming data. Topic 6/pos, mensaje {"x": 265.48, "y": 98.22, "yaw": 1.674, "timestamp": 1780403421.5826383}
2026-06-02 14:30:21.629 - [robot_6_log_20260602_143011.csv] - DEBUG - Posición actualizada por visión: x=265.48, y=98.22, θ=1.67
2026-06-02 14:30:21.635 - [robot_6_log_20260602_143011.csv] - DEBUG - Frecuencia: 44.36 Hz | Latencia Red/Proc: 52.64 ms
2026-06-02 14:30:21.652 - [robot_6_log_20260602_143011.csv] - DEBUG - Incoming data. Topic agent/6/wheel, mensaje {"Wleft":1.657007864e-15,"Wright":-3.719247132e-16}
2026-06-02 14:30:21.657 - [robot_6_log_20260602_143011.csv] - INFO - Usando posición VISION: x=265.48, y=98.22, θ=1.67
2026-06-02 14:30:21.657 - [robot_6_log_20260602_143011.csv] - INFO - Distancias a paredes: Left: 265.48, Right: 184.52, Top: 41.78, Bottom: 98.22
2026-06-02 14:30:21.657 - [robot_6_log_20260602_143011.csv] - INFO - Posicion: 265.48, 98.22, 1.674 | Velocidad: -0.9946792260640379, -0.10302056705651848
2026-06-02 14:30:21.657 - [robot_6_log_20260602_143011.csv] - INFO - None
2026-06-02 14:30:21.657 - [robot_6_log_20260602_143011.csv] - WARNING - Estado FSM: AVANZA | Target Wall: None | Target Theta: 0.00° |theta: 95.9131349048998 
2026-06-02 14:30:21.675 - [robot_6_log_20260602_143011.csv] - DEBUG - Incoming data. Topic 6/pos, mensaje {"x": 265.49, "y": 98.25, "yaw": 1.667, "timestamp": 1780403421.6750705}
2026-06-02 14:30:21.676 - [robot_6_log_20260602_143011.csv] - DEBUG - Posición actualizada por visión: x=265.49, y=98.25, θ=1.67
2026-06-02 14:30:21.676 - [robot_6_log_20260602_143011.csv] - DEBUG - Frecuencia: 24.54 Hz | Latencia Red/Proc: 0.96 ms
2026-06-02 14:30:21.676 - [robot_6_log_20260602_143011.csv] - DEBUG - Incoming data. Topic 6/pos, mensaje {"x": 265.49, "y": 98.25, "yaw": 1.667, "timestamp": 1780403421.6750705}
2026-06-02 14:30:21.676 - [robot_6_log_20260602_143011.csv] - DEBUG - Posición actualizada por visión: x=265.49, y=98.25, θ=1.67
2026-06-02 14:30:21.676 - [robot_6_log_20260602_143011.csv] - DEBUG - Frecuencia: 24244.53 Hz | Latencia Red/Proc: 1.00 ms
2026-06-02 14:30:21.688 - [robot_6_log_20260602_143011.csv] - DEBUG - Incoming data. Topic 6/pos, mensaje {"x": 265.49, "y": 98.25, "yaw": 1.667, "timestamp": 1780403421.6839495}
2026-06-02 14:30:21.688 - [robot_6_log_20260602_143011.csv] - DEBUG - Posición actualizada por visión: x=265.49, y=98.25, θ=1.67
2026-06-02 14:30:21.688 - [robot_6_log_20260602_143011.csv] - DEBUG - Frecuencia: 82.10 Hz | Latencia Red/Proc: 4.31 ms
2026-06-02 14:30:21.688 - [robot_6_log_20260602_143011.csv] - DEBUG - Incoming data. Topic 6/pos, mensaje {"x": 265.49, "y": 98.25, "yaw": 1.667, "timestamp": 1780403421.6839495}
2026-06-02 14:30:21.688 - [robot_6_log_20260602_143011.csv] - DEBUG - Posición actualizada por visión: x=265.49, y=98.25, θ=1.67
2026-06-02 14:30:21.688 - [robot_6_log_20260602_143011.csv] - DEBUG - Frecuencia: 28532.68 Hz | Latencia Red/Proc: 4.34 ms
2026-06-02 14:30:21.707 - [robot_6_log_20260602_143011.csv] - INFO - Usando posición VISION: x=265.49, y=98.25, θ=1.67
2026-06-02 14:30:21.707 - [robot_6_log_20260602_143011.csv] - INFO - Distancias a paredes: Left: 265.49, Right: 184.51, Top: 41.75, Bottom: 98.25
2026-06-02 14:30:21.707 - [robot_6_log_20260602_143011.csv] - INFO - Posicion: 265.49, 98.25, 1.667 | Velocidad: -0.9953759946025762, -0.09605534534284021
2026-06-02 14:30:21.707 - [robot_6_log_20260602_143011.csv] - INFO - None
2026-06-02 14:30:21.707 - [robot_6_log_20260602_143011.csv] - WARNING - Estado FSM: AVANZA | Target Wall: None | Target Theta: 0.00° |theta: 95.51206444830824 
2026-06-02 14:30:21.738 - [robot_6_log_20260602_143011.csv] - DEBUG - Incoming data. Topic agent/6/wheel, mensaje {"Wleft":1.657007864e-15,"Wright":-3.719247132e-16}
2026-06-02 14:30:21.757 - [robot_6_log_20260602_143011.csv] - INFO - Usando posición VISION: x=265.49, y=98.25, θ=1.67
2026-06-02 14:30:21.757 - [robot_6_log_20260602_143011.csv] - INFO - Distancias a paredes: Left: 265.49, Right: 184.51, Top: 41.75, Bottom: 98.25
2026-06-02 14:30:21.757 - [robot_6_log_20260602_143011.csv] - INFO - Posicion: 265.49, 98.25, 1.667 | Velocidad: -0.9953759946025762, -0.09605534534284021
2026-06-02 14:30:21.757 - [robot_6_log_20260602_143011.csv] - INFO - None
2026-06-02 14:30:21.757 - [robot_6_log_20260602_143011.csv] - WARNING - Estado FSM: AVANZA | Target Wall: None | Target Theta: 0.00° |theta: 95.51206444830824 
2026-06-02 14:30:21.776 - [robot_6_log_20260602_143011.csv] - DEBUG - Incoming data. Topic 6/pos, mensaje {"x": 265.48, "y": 98.24, "yaw": 1.668, "timestamp": 1780403421.7752914}
2026-06-02 14:30:21.781 - [robot_6_log_20260602_143011.csv] - DEBUG - Posición actualizada por visión: x=265.48, y=98.24, θ=1.67
2026-06-02 14:30:21.786 - [robot_6_log_20260602_143011.csv] - DEBUG - Frecuencia: 10.20 Hz | Latencia Red/Proc: 11.03 ms
2026-06-02 14:30:21.803 - [robot_6_log_20260602_143011.csv] - DEBUG - Incoming data. Topic 6/pos, mensaje {"x": 265.48, "y": 98.24, "yaw": 1.668, "timestamp": 1780403421.7752914}
2026-06-02 14:30:21.807 - [robot_6_log_20260602_143011.csv] - INFO - Usando posición VISION: x=265.48, y=98.24, θ=1.67
2026-06-02 14:30:21.807 - [robot_6_log_20260602_143011.csv] - DEBUG - Posición actualizada por visión: x=265.48, y=98.24, θ=1.67
2026-06-02 14:30:21.807 - [robot_6_log_20260602_143011.csv] - INFO - Distancias a paredes: Left: 265.48, Right: 184.52, Top: 41.76, Bottom: 98.24
2026-06-02 14:30:21.807 - [robot_6_log_20260602_143011.csv] - DEBUG - Frecuencia: 47.04 Hz | Latencia Red/Proc: 32.29 ms
2026-06-02 14:30:21.807 - [robot_6_log_20260602_143011.csv] - INFO - Posicion: 265.48, 98.24, 1.668 | Velocidad: -0.9952794415852867, -0.09705067314387801
2026-06-02 14:30:21.807 - [robot_6_log_20260602_143011.csv] - INFO - None
2026-06-02 14:30:21.807 - [robot_6_log_20260602_143011.csv] - WARNING - Estado FSM: AVANZA | Target Wall: None | Target Theta: 0.00° |theta: 95.5693602278213 
2026-06-02 14:30:21.807 - [robot_6_log_20260602_143011.csv] - DEBUG - Incoming data. Topic 6/pos, mensaje {"x": 265.48, "y": 98.24, "yaw": 1.668, "timestamp": 1780403421.7859612}
2026-06-02 14:30:21.812 - [robot_6_log_20260602_143011.csv] - DEBUG - Posición actualizada por visión: x=265.48, y=98.24, θ=1.67
2026-06-02 14:30:21.812 - [robot_6_log_20260602_143011.csv] - DEBUG - Frecuencia: 191.60 Hz | Latencia Red/Proc: 26.84 ms
2026-06-02 14:30:21.812 - [robot_6_log_20260602_143011.csv] - DEBUG - Incoming data. Topic 6/pos, mensaje {"x": 265.48, "y": 98.24, "yaw": 1.668, "timestamp": 1780403421.7859612}
2026-06-02 14:30:21.812 - [robot_6_log_20260602_143011.csv] - DEBUG - Posición actualizada por visión: x=265.48, y=98.24, θ=1.67
2026-06-02 14:30:21.812 - [robot_6_log_20260602_143011.csv] - DEBUG - Frecuencia: 25266.89 Hz | Latencia Red/Proc: 26.88 ms
2026-06-02 14:30:21.831 - [robot_6_log_20260602_143011.csv] - DEBUG - Incoming data. Topic agent/6/wheel, mensaje {"Wleft":1.657007864e-15,"Wright":-3.719247132e-16}
2026-06-02 14:30:21.857 - [robot_6_log_20260602_143011.csv] - INFO - Usando posición VISION: x=265.48, y=98.24, θ=1.67
2026-06-02 14:30:21.857 - [robot_6_log_20260602_143011.csv] - INFO - Distancias a paredes: Left: 265.48, Right: 184.52, Top: 41.76, Bottom: 98.24
2026-06-02 14:30:21.857 - [robot_6_log_20260602_143011.csv] - INFO - Posicion: 265.48, 98.24, 1.668 | Velocidad: -0.9952794415852867, -0.09705067314387801
2026-06-02 14:30:21.857 - [robot_6_log_20260602_143011.csv] - INFO - None
2026-06-02 14:30:21.857 - [robot_6_log_20260602_143011.csv] - WARNING - Estado FSM: AVANZA | Target Wall: None | Target Theta: 0.00° |theta: 95.5693602278213 
2026-06-02 14:30:21.881 - [robot_6_log_20260602_143011.csv] - DEBUG - Incoming data. Topic 6/pos, mensaje {"x": 265.48, "y": 98.23, "yaw": 1.673, "timestamp": 1780403421.8756237}
2026-06-02 14:30:21.886 - [robot_6_log_20260602_143011.csv] - DEBUG - Posición actualizada por visión: x=265.48, y=98.23, θ=1.67
2026-06-02 14:30:21.891 - [robot_6_log_20260602_143011.csv] - DEBUG - Frecuencia: 12.67 Hz | Latencia Red/Proc: 16.16 ms
2026-06-02 14:30:21.891 - [robot_6_log_20260602_143011.csv] - DEBUG - Incoming data. Topic 6/pos, mensaje {"x": 265.48, "y": 98.23, "yaw": 1.673, "timestamp": 1780403421.8756237}
2026-06-02 14:30:21.896 - [robot_6_log_20260602_143011.csv] - DEBUG - Posición actualizada por visión: x=265.48, y=98.23, θ=1.67
2026-06-02 14:30:21.896 - [robot_6_log_20260602_143011.csv] - DEBUG - Frecuencia: 193.31 Hz | Latencia Red/Proc: 21.33 ms
2026-06-02 14:30:21.897 - [robot_6_log_20260602_143011.csv] - DEBUG - Incoming data. Topic 6/pos, mensaje {"x": 265.48, "y": 98.23, "yaw": 1.673, "timestamp": 1780403421.8848228}
2026-06-02 14:30:21.897 - [robot_6_log_20260602_143011.csv] - DEBUG - Posición actualizada por visión: x=265.48, y=98.23, θ=1.67
2026-06-02 14:30:21.897 - [robot_6_log_20260602_143011.csv] - DEBUG - Frecuencia: 10672.53 Hz | Latencia Red/Proc: 12.22 ms
2026-06-02 14:30:21.907 - [robot_6_log_20260602_143011.csv] - INFO - Usando posición VISION: x=265.48, y=98.23, θ=1.67
2026-06-02 14:30:21.907 - [robot_6_log_20260602_143011.csv] - DEBUG - Incoming data. Topic 6/pos, mensaje {"x": 265.48, "y": 98.23, "yaw": 1.673, "timestamp": 1780403421.8848228}
2026-06-02 14:30:21.907 - [robot_6_log_20260602_143011.csv] - INFO - Distancias a paredes: Left: 265.48, Right: 184.52, Top: 41.77, Bottom: 98.23
2026-06-02 14:30:21.907 - [robot_6_log_20260602_143011.csv] - DEBUG - Posición actualizada por visión: x=265.48, y=98.23, θ=1.67
2026-06-02 14:30:21.907 - [robot_6_log_20260602_143011.csv] - INFO - Posicion: 265.48, 98.23, 1.673 | Velocidad: -0.9947817492743527, -0.10202583648595517
2026-06-02 14:30:21.907 - [robot_6_log_20260602_143011.csv] - DEBUG - Frecuencia: 94.54 Hz | Latencia Red/Proc: 22.80 ms
2026-06-02 14:30:21.907 - [robot_6_log_20260602_143011.csv] - INFO - None
2026-06-02 14:30:21.907 - [robot_6_log_20260602_143011.csv] - WARNING - Estado FSM: AVANZA | Target Wall: None | Target Theta: 0.00° |theta: 95.85583912538672 
2026-06-02 14:30:21.937 - [robot_6_log_20260602_143011.csv] - DEBUG - Incoming data. Topic agent/6/wheel, mensaje {"Wleft":1.657007864e-15,"Wright":-3.719247132e-16}
2026-06-02 14:30:21.957 - [robot_6_log_20260602_143011.csv] - INFO - Usando posición VISION: x=265.48, y=98.23, θ=1.67
2026-06-02 14:30:21.957 - [robot_6_log_20260602_143011.csv] - INFO - Distancias a paredes: Left: 265.48, Right: 184.52, Top: 41.77, Bottom: 98.23
2026-06-02 14:30:21.957 - [robot_6_log_20260602_143011.csv] - INFO - Posicion: 265.48, 98.23, 1.673 | Velocidad: -0.9947817492743527, -0.10202583648595517
2026-06-02 14:30:21.957 - [robot_6_log_20260602_143011.csv] - INFO - None
2026-06-02 14:30:21.957 - [robot_6_log_20260602_143011.csv] - WARNING - Estado FSM: AVANZA | Target Wall: None | Target Theta: 0.00° |theta: 95.85583912538672 
2026-06-02 14:30:21.982 - [robot_6_log_20260602_143011.csv] - DEBUG - Incoming data. Topic 6/pos, mensaje {"x": 265.49, "y": 98.22, "yaw": 1.666, "timestamp": 1780403421.9776158}
2026-06-02 14:30:21.982 - [robot_6_log_20260602_143011.csv] - DEBUG - Posición actualizada por visión: x=265.49, y=98.22, θ=1.67
2026-06-02 14:30:21.987 - [robot_6_log_20260602_143011.csv] - DEBUG - Frecuencia: 12.51 Hz | Latencia Red/Proc: 9.97 ms
2026-06-02 14:30:21.992 - [robot_6_log_20260602_143011.csv] - DEBUG - Incoming data. Topic 6/pos, mensaje {"x": 265.49, "y": 98.22, "yaw": 1.666, "timestamp": 1780403421.9776158}
2026-06-02 14:30:21.992 - [robot_6_log_20260602_143011.csv] - DEBUG - Posición actualizada por visión: x=265.49, y=98.22, θ=1.67
2026-06-02 14:30:21.992 - [robot_6_log_20260602_143011.csv] - DEBUG - Frecuencia: 191.45 Hz | Latencia Red/Proc: 15.19 ms
2026-06-02 14:30:21.992 - [robot_6_log_20260602_143011.csv] - DEBUG - Incoming data. Topic 6/pos, mensaje {"x": 265.49, "y": 98.22, "yaw": 1.666, "timestamp": 1780403421.988631}
2026-06-02 14:30:21.997 - [robot_6_log_20260602_143011.csv] - DEBUG - Posición actualizada por visión: x=265.49, y=98.22, θ=1.67
2026-06-02 14:30:22.003 - [robot_6_log_20260602_143011.csv] - DEBUG - Frecuencia: 96.53 Hz | Latencia Red/Proc: 14.54 ms
2026-06-02 14:30:22.007 - [robot_6_log_20260602_143011.csv] - DEBUG - Incoming data. Topic 6/pos, mensaje {"x": 265.49, "y": 98.22, "yaw": 1.666, "timestamp": 1780403421.988631}
2026-06-02 14:30:22.007 - [robot_6_log_20260602_143011.csv] - DEBUG - Posición actualizada por visión: x=265.49, y=98.22, θ=1.67
2026-06-02 14:30:22.007 - [robot_6_log_20260602_143011.csv] - DEBUG - Frecuencia: 219.85 Hz | Latencia Red/Proc: 19.09 ms
2026-06-02 14:30:22.007 - [robot_6_log_20260602_143011.csv] - INFO - Usando posición VISION: x=265.49, y=98.22, θ=1.67
2026-06-02 14:30:22.007 - [robot_6_log_20260602_143011.csv] - INFO - Distancias a paredes: Left: 265.49, Right: 184.51, Top: 41.78, Bottom: 98.22
2026-06-02 14:30:22.007 - [robot_6_log_20260602_143011.csv] - INFO - Posicion: 265.49, 98.22, 1.666 | Velocidad: -0.995471552243954, -0.09505992148646485
2026-06-02 14:30:22.007 - [robot_6_log_20260602_143011.csv] - INFO - None
2026-06-02 14:30:22.007 - [robot_6_log_20260602_143011.csv] - WARNING - Estado FSM: AVANZA | Target Wall: None | Target Theta: 0.00° |theta: 95.45476866879514 
2026-06-02 14:30:22.055 - [robot_6_log_20260602_143011.csv] - DEBUG - Incoming data. Topic agent/6/wheel, mensaje {"Wleft":1.657007864e-15,"Wright":-3.719247132e-16}
2026-06-02 14:30:22.057 - [robot_6_log_20260602_143011.csv] - INFO - Usando posición VISION: x=265.49, y=98.22, θ=1.67
2026-06-02 14:30:22.057 - [robot_6_log_20260602_143011.csv] - INFO - Distancias a paredes: Left: 265.49, Right: 184.51, Top: 41.78, Bottom: 98.22
2026-06-02 14:30:22.057 - [robot_6_log_20260602_143011.csv] - INFO - Posicion: 265.49, 98.22, 1.666 | Velocidad: -0.995471552243954, -0.09505992148646485
2026-06-02 14:30:22.057 - [robot_6_log_20260602_143011.csv] - INFO - None
2026-06-02 14:30:22.057 - [robot_6_log_20260602_143011.csv] - WARNING - Estado FSM: AVANZA | Target Wall: None | Target Theta: 0.00° |theta: 95.45476866879514 
2026-06-02 14:30:22.082 - [robot_6_log_20260602_143011.csv] - DEBUG - Incoming data. Topic 6/pos, mensaje {"x": 265.51, "y": 98.21, "yaw": 1.679, "timestamp": 1780403422.0778506}
2026-06-02 14:30:22.087 - [robot_6_log_20260602_143011.csv] - DEBUG - Posición actualizada por visión: x=265.51, y=98.21, θ=1.68
2026-06-02 14:30:22.092 - [robot_6_log_20260602_143011.csv] - DEBUG - Frecuencia: 11.80 Hz | Latencia Red/Proc: 14.60 ms
2026-06-02 14:30:22.097 - [robot_6_log_20260602_143011.csv] - DEBUG - Incoming data. Topic 6/pos, mensaje {"x": 265.51, "y": 98.21, "yaw": 1.679, "timestamp": 1780403422.0778506}
2026-06-02 14:30:22.102 - [robot_6_log_20260602_143011.csv] - DEBUG - Posición actualizada por visión: x=265.51, y=98.21, θ=1.68
2026-06-02 14:30:22.102 - [robot_6_log_20260602_143011.csv] - DEBUG - Frecuencia: 96.39 Hz | Latencia Red/Proc: 24.98 ms
2026-06-02 14:30:22.102 - [robot_6_log_20260602_143011.csv] - DEBUG - Incoming data. Topic 6/pos, mensaje {"x": 265.51, "y": 98.21, "yaw": 1.679, "timestamp": 1780403422.0889604}
2026-06-02 14:30:22.102 - [robot_6_log_20260602_143011.csv] - DEBUG - Posición actualizada por visión: x=265.51, y=98.21, θ=1.68
2026-06-02 14:30:22.102 - [robot_6_log_20260602_143011.csv] - DEBUG - Frecuencia: 11814.94 Hz | Latencia Red/Proc: 13.95 ms
2026-06-02 14:30:22.102 - [robot_6_log_20260602_143011.csv] - DEBUG - Incoming data. Topic 6/pos, mensaje {"x": 265.51, "y": 98.21, "yaw": 1.679, "timestamp": 1780403422.0889604}
2026-06-02 14:30:22.102 - [robot_6_log_20260602_143011.csv] - DEBUG - Posición actualizada por visión: x=265.51, y=98.21, θ=1.68
2026-06-02 14:30:22.102 - [robot_6_log_20260602_143011.csv] - DEBUG - Frecuencia: 12905.55 Hz | Latencia Red/Proc: 14.03 ms
2026-06-02 14:30:22.107 - [robot_6_log_20260602_143011.csv] - INFO - Usando posición VISION: x=265.51, y=98.21, θ=1.68
2026-06-02 14:30:22.107 - [robot_6_log_20260602_143011.csv] - INFO - Distancias a paredes: Left: 265.51, Right: 184.49, Top: 41.79, Bottom: 98.21
2026-06-02 14:30:22.107 - [robot_6_log_20260602_143011.csv] - INFO - Posicion: 265.51, 98.21, 1.679 | Velocidad: -0.9941516919105917, -0.10799265470997543
2026-06-02 14:30:22.107 - [robot_6_log_20260602_143011.csv] - INFO - None
2026-06-02 14:30:22.107 - [robot_6_log_20260602_143011.csv] - WARNING - Estado FSM: AVANZA | Target Wall: None | Target Theta: 0.00° |theta: 96.19961380246522 
2026-06-02 14:30:22.137 - [robot_6_log_20260602_143011.csv] - DEBUG - Incoming data. Topic agent/6/wheel, mensaje {"Wleft":1.657007864e-15,"Wright":-3.719247132e-16}
2026-06-02 14:30:22.157 - [robot_6_log_20260602_143011.csv] - INFO - Usando posición VISION: x=265.51, y=98.21, θ=1.68
2026-06-02 14:30:22.157 - [robot_6_log_20260602_143011.csv] - INFO - Distancias a paredes: Left: 265.51, Right: 184.49, Top: 41.79, Bottom: 98.21
2026-06-02 14:30:22.157 - [robot_6_log_20260602_143011.csv] - INFO - Posicion: 265.51, 98.21, 1.679 | Velocidad: -0.9941516919105917, -0.10799265470997543
2026-06-02 14:30:22.157 - [robot_6_log_20260602_143011.csv] - INFO - None
2026-06-02 14:30:22.157 - [robot_6_log_20260602_143011.csv] - WARNING - Estado FSM: AVANZA | Target Wall: None | Target Theta: 0.00° |theta: 96.19961380246522 
2026-06-02 14:30:22.182 - [robot_6_log_20260602_143011.csv] - DEBUG - Incoming data. Topic 6/pos, mensaje {"x": 265.52, "y": 98.19, "yaw": 1.679, "timestamp": 1780403422.176411}
2026-06-02 14:30:22.187 - [robot_6_log_20260602_143011.csv] - DEBUG - Posición actualizada por visión: x=265.52, y=98.19, θ=1.68
2026-06-02 14:30:22.192 - [robot_6_log_20260602_143011.csv] - DEBUG - Frecuencia: 11.19 Hz | Latencia Red/Proc: 15.95 ms
2026-06-02 14:30:22.203 - [robot_6_log_20260602_143011.csv] - DEBUG - Incoming data. Topic 6/pos, mensaje {"x": 265.52, "y": 98.19, "yaw": 1.679, "timestamp": 1780403422.176411}
2026-06-02 14:30:22.203 - [robot_6_log_20260602_143011.csv] - DEBUG - Posición actualizada por visión: x=265.52, y=98.19, θ=1.68
2026-06-02 14:30:22.203 - [robot_6_log_20260602_143011.csv] - DEBUG - Frecuencia: 87.85 Hz | Latencia Red/Proc: 27.33 ms
2026-06-02 14:30:22.203 - [robot_6_log_20260602_143011.csv] - DEBUG - Incoming data. Topic 6/pos, mensaje {"x": 265.52, "y": 98.19, "yaw": 1.679, "timestamp": 1780403422.1855874}
2026-06-02 14:30:22.203 - [robot_6_log_20260602_143011.csv] - DEBUG - Posición actualizada por visión: x=265.52, y=98.19, θ=1.68
2026-06-02 14:30:22.203 - [robot_6_log_20260602_143011.csv] - DEBUG - Frecuencia: 23563.51 Hz | Latencia Red/Proc: 18.20 ms
2026-06-02 14:30:22.203 - [robot_6_log_20260602_143011.csv] - DEBUG - Incoming data. Topic 6/pos, mensaje {"x": 265.52, "y": 98.19, "yaw": 1.679, "timestamp": 1780403422.1855874}
2026-06-02 14:30:22.203 - [robot_6_log_20260602_143011.csv] - DEBUG - Posición actualizada por visión: x=265.52, y=98.19, θ=1.68
2026-06-02 14:30:22.203 - [robot_6_log_20260602_143011.csv] - DEBUG - Frecuencia: 29330.80 Hz | Latencia Red/Proc: 18.23 ms
2026-06-02 14:30:22.207 - [robot_6_log_20260602_143011.csv] - INFO - Usando posición VISION: x=265.52, y=98.19, θ=1.68
2026-06-02 14:30:22.207 - [robot_6_log_20260602_143011.csv] - INFO - Distancias a paredes: Left: 265.52, Right: 184.48, Top: 41.81, Bottom: 98.19
2026-06-02 14:30:22.207 - [robot_6_log_20260602_143011.csv] - INFO - Posicion: 265.52, 98.19, 1.679 | Velocidad: -0.9941516919105917, -0.10799265470997543
2026-06-02 14:30:22.207 - [robot_6_log_20260602_143011.csv] - INFO - None
2026-06-02 14:30:22.207 - [robot_6_log_20260602_143011.csv] - WARNING - Estado FSM: AVANZA | Target Wall: None | Target Theta: 0.00° |theta: 96.19961380246522 
2026-06-02 14:30:22.257 - [robot_6_log_20260602_143011.csv] - INFO - Usando posición VISION: x=265.52, y=98.19, θ=1.68
2026-06-02 14:30:22.257 - [robot_6_log_20260602_143011.csv] - INFO - Distancias a paredes: Left: 265.52, Right: 184.48, Top: 41.81, Bottom: 98.19
2026-06-02 14:30:22.257 - [robot_6_log_20260602_143011.csv] - INFO - Posicion: 265.52, 98.19, 1.679 | Velocidad: -0.9941516919105917, -0.10799265470997543
2026-06-02 14:30:22.257 - [robot_6_log_20260602_143011.csv] - INFO - None
2026-06-02 14:30:22.257 - [robot_6_log_20260602_143011.csv] - WARNING - Estado FSM: AVANZA | Target Wall: None | Target Theta: 0.00° |theta: 96.19961380246522 
2026-06-02 14:30:22.257 - [robot_6_log_20260602_143011.csv] - DEBUG - Incoming data. Topic agent/6/wheel, mensaje {"Wleft":1.657007864e-15,"Wright":-3.719247132e-16}
2026-06-02 14:30:22.286 - [robot_6_log_20260602_143011.csv] - DEBUG - Incoming data. Topic 6/pos, mensaje {"x": 265.49, "y": 98.23, "yaw": 1.666, "timestamp": 1780403422.2813904}
2026-06-02 14:30:22.292 - [robot_6_log_20260602_143011.csv] - DEBUG - Posición actualizada por visión: x=265.49, y=98.23, θ=1.67
2026-06-02 14:30:22.297 - [robot_6_log_20260602_143011.csv] - DEBUG - Frecuencia: 10.71 Hz | Latencia Red/Proc: 15.76 ms
2026-06-02 14:30:22.307 - [robot_6_log_20260602_143011.csv] - INFO - Usando posición VISION: x=265.49, y=98.23, θ=1.67
2026-06-02 14:30:22.307 - [robot_6_log_20260602_143011.csv] - INFO - Distancias a paredes: Left: 265.49, Right: 184.51, Top: 41.77, Bottom: 98.23
2026-06-02 14:30:22.307 - [robot_6_log_20260602_143011.csv] - INFO - Posicion: 265.49, 98.23, 1.666 | Velocidad: -0.995471552243954, -0.09505992148646485
2026-06-02 14:30:22.307 - [robot_6_log_20260602_143011.csv] - INFO - None
2026-06-02 14:30:22.307 - [robot_6_log_20260602_143011.csv] - DEBUG - Incoming data. Topic 6/pos, mensaje {"x": 265.49, "y": 98.23, "yaw": 1.666, "timestamp": 1780403422.2813904}
2026-06-02 14:30:22.307 - [robot_6_log_20260602_143011.csv] - WARNING - Estado FSM: AVANZA | Target Wall: None | Target Theta: 0.00° |theta: 95.45476866879514 
2026-06-02 14:30:22.307 - [robot_6_log_20260602_143011.csv] - DEBUG - Posición actualizada por visión: x=265.49, y=98.23, θ=1.67
2026-06-02 14:30:22.317 - [robot_6_log_20260602_143011.csv] - DEBUG - Frecuencia: 48.24 Hz | Latencia Red/Proc: 36.49 ms
2026-06-02 14:30:22.329 - [robot_6_log_20260602_143011.csv] - DEBUG - Incoming data. Topic 6/pos, mensaje {"x": 265.49, "y": 98.23, "yaw": 1.666, "timestamp": 1780403422.2926478}
2026-06-02 14:30:22.334 - [robot_6_log_20260602_143011.csv] - DEBUG - Posición actualizada por visión: x=265.49, y=98.23, θ=1.67
2026-06-02 14:30:22.355 - [robot_6_log_20260602_143011.csv] - DEBUG - Frecuencia: 26.32 Hz | Latencia Red/Proc: 63.23 ms
2026-06-02 14:30:22.357 - [robot_6_log_20260602_143011.csv] - INFO - Usando posición VISION: x=265.49, y=98.23, θ=1.67
2026-06-02 14:30:22.357 - [robot_6_log_20260602_143011.csv] - DEBUG - Incoming data. Topic 6/pos, mensaje {"x": 265.49, "y": 98.23, "yaw": 1.666, "timestamp": 1780403422.2926478}
2026-06-02 14:30:22.357 - [robot_6_log_20260602_143011.csv] - INFO - Distancias a paredes: Left: 265.49, Right: 184.51, Top: 41.77, Bottom: 98.23
2026-06-02 14:30:22.357 - [robot_6_log_20260602_143011.csv] - DEBUG - Posición actualizada por visión: x=265.49, y=98.23, θ=1.67
2026-06-02 14:30:22.357 - [robot_6_log_20260602_143011.csv] - DEBUG - Frecuencia: 508.65 Hz | Latencia Red/Proc: 65.20 ms
2026-06-02 14:30:22.357 - [robot_6_log_20260602_143011.csv] - DEBUG - Incoming data. Topic agent/6/wheel, mensaje {"Wleft":1.657007864e-15,"Wright":-3.719247132e-16}
2026-06-02 14:30:22.357 - [robot_6_log_20260602_143011.csv] - INFO - Posicion: 265.49, 98.23, 1.666 | Velocidad: -0.995471552243954, -0.09505992148646485
2026-06-02 14:30:22.357 - [robot_6_log_20260602_143011.csv] - INFO - None
2026-06-02 14:30:22.357 - [robot_6_log_20260602_143011.csv] - WARNING - Estado FSM: AVANZA | Target Wall: None | Target Theta: 0.00° |theta: 95.45476866879514 
2026-06-02 14:30:22.382 - [robot_6_log_20260602_143011.csv] - DEBUG - Incoming data. Topic 6/pos, mensaje {"x": 265.48, "y": 98.24, "yaw": 1.667, "timestamp": 1780403422.3776784}
2026-06-02 14:30:22.387 - [robot_6_log_20260602_143011.csv] - DEBUG - Posición actualizada por visión: x=265.48, y=98.24, θ=1.67
2026-06-02 14:30:22.392 - [robot_6_log_20260602_143011.csv] - DEBUG - Frecuencia: 28.78 Hz | Latencia Red/Proc: 14.91 ms
2026-06-02 14:30:22.397 - [robot_6_log_20260602_143011.csv] - DEBUG - Incoming data. Topic 6/pos, mensaje {"x": 265.48, "y": 98.24, "yaw": 1.667, "timestamp": 1780403422.3776784}
2026-06-02 14:30:22.397 - [robot_6_log_20260602_143011.csv] - DEBUG - Posición actualizada por visión: x=265.48, y=98.24, θ=1.67
2026-06-02 14:30:22.397 - [robot_6_log_20260602_143011.csv] - DEBUG - Frecuencia: 190.95 Hz | Latencia Red/Proc: 20.15 ms
2026-06-02 14:30:22.397 - [robot_6_log_20260602_143011.csv] - DEBUG - Incoming data. Topic 6/pos, mensaje {"x": 265.48, "y": 98.24, "yaw": 1.667, "timestamp": 1780403422.3887353}
2026-06-02 14:30:22.397 - [robot_6_log_20260602_143011.csv] - DEBUG - Posición actualizada por visión: x=265.48, y=98.24, θ=1.67
2026-06-02 14:30:22.397 - [robot_6_log_20260602_143011.csv] - DEBUG - Frecuencia: 10618.49 Hz | Latencia Red/Proc: 9.19 ms
2026-06-02 14:30:22.397 - [robot_6_log_20260602_143011.csv] - DEBUG - Incoming data. Topic 6/pos, mensaje {"x": 265.48, "y": 98.24, "yaw": 1.667, "timestamp": 1780403422.3887353}
2026-06-02 14:30:22.397 - [robot_6_log_20260602_143011.csv] - DEBUG - Posición actualizada por visión: x=265.48, y=98.24, θ=1.67
2026-06-02 14:30:22.398 - [robot_6_log_20260602_143011.csv] - DEBUG - Frecuencia: 11748.75 Hz | Latencia Red/Proc: 9.27 ms
2026-06-02 14:30:22.407 - [robot_6_log_20260602_143011.csv] - INFO - Usando posición VISION: x=265.48, y=98.24, θ=1.67
2026-06-02 14:30:22.407 - [robot_6_log_20260602_143011.csv] - INFO - Distancias a paredes: Left: 265.48, Right: 184.52, Top: 41.76, Bottom: 98.24
2026-06-02 14:30:22.407 - [robot_6_log_20260602_143011.csv] - INFO - Posicion: 265.48, 98.24, 1.667 | Velocidad: -0.9953759946025762, -0.09605534534284021
2026-06-02 14:30:22.407 - [robot_6_log_20260602_143011.csv] - INFO - None
2026-06-02 14:30:22.407 - [robot_6_log_20260602_143011.csv] - WARNING - Estado FSM: AVANZA | Target Wall: None | Target Theta: 0.00° |theta: 95.51206444830824 
2026-06-02 14:30:22.457 - [robot_6_log_20260602_143011.csv] - INFO - Usando posición VISION: x=265.48, y=98.24, θ=1.67
2026-06-02 14:30:22.457 - [robot_6_log_20260602_143011.csv] - INFO - Distancias a paredes: Left: 265.48, Right: 184.52, Top: 41.76, Bottom: 98.24
2026-06-02 14:30:22.457 - [robot_6_log_20260602_143011.csv] - INFO - Posicion: 265.48, 98.24, 1.667 | Velocidad: -0.9953759946025762, -0.09605534534284021
2026-06-02 14:30:22.457 - [robot_6_log_20260602_143011.csv] - INFO - None
2026-06-02 14:30:22.457 - [robot_6_log_20260602_143011.csv] - WARNING - Estado FSM: AVANZA | Target Wall: None | Target Theta: 0.00° |theta: 95.51206444830824 
2026-06-02 14:30:22.474 - [robot_6_log_20260602_143011.csv] - DEBUG - Incoming data. Topic agent/6/wheel, mensaje {"Wleft":1.657007864e-15,"Wright":-3.719247132e-16}
2026-06-02 14:30:22.486 - [robot_6_log_20260602_143011.csv] - DEBUG - Incoming data. Topic 6/pos, mensaje {"x": 265.49, "y": 98.24, "yaw": 1.669, "timestamp": 1780403422.4777777}
2026-06-02 14:30:22.491 - [robot_6_log_20260602_143011.csv] - DEBUG - Posición actualizada por visión: x=265.49, y=98.24, θ=1.67
2026-06-02 14:30:22.491 - [robot_6_log_20260602_143011.csv] - DEBUG - Frecuencia: 10.71 Hz | Latencia Red/Proc: 13.56 ms
2026-06-02 14:30:22.501 - [robot_6_log_20260602_143011.csv] - DEBUG - Incoming data. Topic 6/pos, mensaje {"x": 265.49, "y": 98.24, "yaw": 1.669, "timestamp": 1780403422.4777777}
2026-06-02 14:30:22.506 - [robot_6_log_20260602_143011.csv] - DEBUG - Posición actualizada por visión: x=265.49, y=98.24, θ=1.67
2026-06-02 14:30:22.506 - [robot_6_log_20260602_143011.csv] - DEBUG - Frecuencia: 65.04 Hz | Latencia Red/Proc: 28.93 ms
2026-06-02 14:30:22.506 - [robot_6_log_20260602_143011.csv] - DEBUG - Incoming data. Topic 6/pos, mensaje {"x": 265.49, "y": 98.24, "yaw": 1.669, "timestamp": 1780403422.4887266}
2026-06-02 14:30:22.506 - [robot_6_log_20260602_143011.csv] - DEBUG - Posición actualizada por visión: x=265.49, y=98.24, θ=1.67
2026-06-02 14:30:22.506 - [robot_6_log_20260602_143011.csv] - DEBUG - Frecuencia: 12826.62 Hz | Latencia Red/Proc: 18.06 ms
2026-06-02 14:30:22.507 - [robot_6_log_20260602_143011.csv] - INFO - Usando posición VISION: x=265.49, y=98.24, θ=1.67
2026-06-02 14:30:22.507 - [robot_6_log_20260602_143011.csv] - DEBUG - Incoming data. Topic 6/pos, mensaje {"x": 265.49, "y": 98.24, "yaw": 1.669, "timestamp": 1780403422.4887266}
2026-06-02 14:30:22.507 - [robot_6_log_20260602_143011.csv] - INFO - Distancias a paredes: Left: 265.49, Right: 184.51, Top: 41.76, Bottom: 98.24
2026-06-02 14:30:22.507 - [robot_6_log_20260602_143011.csv] - DEBUG - Posición actualizada por visión: x=265.49, y=98.24, θ=1.67
2026-06-02 14:30:22.507 - [robot_6_log_20260602_143011.csv] - INFO - Posicion: 265.49, 98.24, 1.669 | Velocidad: -0.9951818932886386, -0.09804590389425098
2026-06-02 14:30:22.507 - [robot_6_log_20260602_143011.csv] - DEBUG - Frecuencia: 1240.92 Hz | Latencia Red/Proc: 18.87 ms
2026-06-02 14:30:22.507 - [robot_6_log_20260602_143011.csv] - INFO - None
2026-06-02 14:30:22.507 - [robot_6_log_20260602_143011.csv] - WARNING - Estado FSM: AVANZA | Target Wall: None | Target Theta: 0.00° |theta: 95.6266560073344 
2026-06-02 14:30:22.531 - [robot_6_log_20260602_143011.csv] - DEBUG - Incoming data. Topic agent/6/wheel, mensaje {"Wleft":1.657007864e-15,"Wright":-3.719247132e-16}
2026-06-02 14:30:22.557 - [robot_6_log_20260602_143011.csv] - INFO - Usando posición VISION: x=265.49, y=98.24, θ=1.67
2026-06-02 14:30:22.557 - [robot_6_log_20260602_143011.csv] - INFO - Distancias a paredes: Left: 265.49, Right: 184.51, Top: 41.76, Bottom: 98.24
2026-06-02 14:30:22.557 - [robot_6_log_20260602_143011.csv] - INFO - Posicion: 265.49, 98.24, 1.669 | Velocidad: -0.9951818932886386, -0.09804590389425098
2026-06-02 14:30:22.557 - [robot_6_log_20260602_143011.csv] - INFO - None
2026-06-02 14:30:22.557 - [robot_6_log_20260602_143011.csv] - WARNING - Estado FSM: AVANZA | Target Wall: None | Target Theta: 0.00° |theta: 95.6266560073344 
2026-06-02 14:30:22.575 - [robot_6_log_20260602_143011.csv] - DEBUG - Incoming data. Topic 6/pos, mensaje {"x": 265.49, "y": 98.24, "yaw": 1.672, "timestamp": 1780403422.575094}
2026-06-02 14:30:22.581 - [robot_6_log_20260602_143011.csv] - DEBUG - Posición actualizada por visión: x=265.49, y=98.24, θ=1.67
2026-06-02 14:30:22.586 - [robot_6_log_20260602_143011.csv] - DEBUG - Frecuencia: 12.71 Hz | Latencia Red/Proc: 11.15 ms
2026-06-02 14:30:22.597 - [robot_6_log_20260602_143011.csv] - DEBUG - Incoming data. Topic 6/pos, mensaje {"x": 265.49, "y": 98.24, "yaw": 1.672, "timestamp": 1780403422.575094}
2026-06-02 14:30:22.602 - [robot_6_log_20260602_143011.csv] - DEBUG - Posición actualizada por visión: x=265.49, y=98.24, θ=1.67
2026-06-02 14:30:22.602 - [robot_6_log_20260602_143011.csv] - DEBUG - Frecuencia: 60.97 Hz | Latencia Red/Proc: 27.56 ms
2026-06-02 14:30:22.602 - [robot_6_log_20260602_143011.csv] - DEBUG - Incoming data. Topic 6/pos, mensaje {"x": 265.49, "y": 98.24, "yaw": 1.672, "timestamp": 1780403422.5843034}
2026-06-02 14:30:22.602 - [robot_6_log_20260602_143011.csv] - DEBUG - Posición actualizada por visión: x=265.49, y=98.24, θ=1.67
2026-06-02 14:30:22.602 - [robot_6_log_20260602_143011.csv] - DEBUG - Frecuencia: 21290.88 Hz | Latencia Red/Proc: 18.39 ms
2026-06-02 14:30:22.602 - [robot_6_log_20260602_143011.csv] - DEBUG - Incoming data. Topic 6/pos, mensaje {"x": 265.49, "y": 98.24, "yaw": 1.672, "timestamp": 1780403422.5843034}
2026-06-02 14:30:22.602 - [robot_6_log_20260602_143011.csv] - DEBUG - Posición actualizada por visión: x=265.49, y=98.24, θ=1.67
2026-06-02 14:30:22.602 - [robot_6_log_20260602_143011.csv] - DEBUG - Frecuencia: 9892.23 Hz | Latencia Red/Proc: 18.49 ms
2026-06-02 14:30:22.607 - [robot_6_log_20260602_143011.csv] - INFO - Usando posición VISION: x=265.49, y=98.24, θ=1.67
2026-06-02 14:30:22.607 - [robot_6_log_20260602_143011.csv] - INFO - Distancias a paredes: Left: 265.49, Right: 184.51, Top: 41.76, Bottom: 98.24
2026-06-02 14:30:22.607 - [robot_6_log_20260602_143011.csv] - INFO - Posicion: 265.49, 98.24, 1.672 | Velocidad: -0.9948832777030012, -0.10103100388956367
2026-06-02 14:30:22.607 - [robot_6_log_20260602_143011.csv] - INFO - None
2026-06-02 14:30:22.607 - [robot_6_log_20260602_143011.csv] - WARNING - Estado FSM: AVANZA | Target Wall: None | Target Theta: 0.00° |theta: 95.79854334587364 
2026-06-02 14:30:22.632 - [robot_6_log_20260602_143011.csv] - DEBUG - Incoming data. Topic agent/6/wheel, mensaje {"Wleft":1.657007864e-15,"Wright":-3.719247132e-16}
2026-06-02 14:30:22.657 - [robot_6_log_20260602_143011.csv] - INFO - Usando posición VISION: x=265.49, y=98.24, θ=1.67
2026-06-02 14:30:22.657 - [robot_6_log_20260602_143011.csv] - INFO - Distancias a paredes: Left: 265.49, Right: 184.51, Top: 41.76, Bottom: 98.24
2026-06-02 14:30:22.657 - [robot_6_log_20260602_143011.csv] - INFO - Posicion: 265.49, 98.24, 1.672 | Velocidad: -0.9948832777030012, -0.10103100388956367
2026-06-02 14:30:22.657 - [robot_6_log_20260602_143011.csv] - INFO - None
2026-06-02 14:30:22.657 - [robot_6_log_20260602_143011.csv] - WARNING - Estado FSM: AVANZA | Target Wall: None | Target Theta: 0.00° |theta: 95.79854334587364 
2026-06-02 14:30:22.682 - [robot_6_log_20260602_143011.csv] - DEBUG - Incoming data. Topic 6/pos, mensaje {"x": 265.49, "y": 98.23, "yaw": 1.667, "timestamp": 1780403422.6771095}
2026-06-02 14:30:22.687 - [robot_6_log_20260602_143011.csv] - DEBUG - Posición actualizada por visión: x=265.49, y=98.23, θ=1.67
2026-06-02 14:30:22.694 - [robot_6_log_20260602_143011.csv] - DEBUG - Frecuencia: 10.96 Hz | Latencia Red/Proc: 16.90 ms
2026-06-02 14:30:22.694 - [robot_6_log_20260602_143011.csv] - DEBUG - Incoming data. Topic 6/pos, mensaje {"x": 265.49, "y": 98.23, "yaw": 1.667, "timestamp": 1780403422.6771095}
2026-06-02 14:30:22.694 - [robot_6_log_20260602_143011.csv] - DEBUG - Posición actualizada por visión: x=265.49, y=98.23, θ=1.67
2026-06-02 14:30:22.694 - [robot_6_log_20260602_143011.csv] - DEBUG - Frecuencia: 6887.20 Hz | Latencia Red/Proc: 17.04 ms
2026-06-02 14:30:22.694 - [robot_6_log_20260602_143011.csv] - DEBUG - Incoming data. Topic 6/pos, mensaje {"x": 265.49, "y": 98.23, "yaw": 1.667, "timestamp": 1780403422.6882815}
2026-06-02 14:30:22.694 - [robot_6_log_20260602_143011.csv] - DEBUG - Posición actualizada por visión: x=265.49, y=98.23, θ=1.67
2026-06-02 14:30:22.694 - [robot_6_log_20260602_143011.csv] - DEBUG - Frecuencia: 12052.60 Hz | Latencia Red/Proc: 5.95 ms
2026-06-02 14:30:22.699 - [robot_6_log_20260602_143011.csv] - DEBUG - Incoming data. Topic 6/pos, mensaje {"x": 265.49, "y": 98.23, "yaw": 1.667, "timestamp": 1780403422.6882815}
2026-06-02 14:30:22.705 - [robot_6_log_20260602_143011.csv] - DEBUG - Posición actualizada por visión: x=265.49, y=98.23, θ=1.67
2026-06-02 14:30:22.707 - [robot_6_log_20260602_143011.csv] - INFO - Usando posición VISION: x=265.49, y=98.23, θ=1.67
2026-06-02 14:30:22.707 - [robot_6_log_20260602_143011.csv] - DEBUG - Frecuencia: 75.31 Hz | Latencia Red/Proc: 19.23 ms
2026-06-02 14:30:22.707 - [robot_6_log_20260602_143011.csv] - INFO - Distancias a paredes: Left: 265.49, Right: 184.51, Top: 41.77, Bottom: 98.23
2026-06-02 14:30:22.707 - [robot_6_log_20260602_143011.csv] - INFO - Posicion: 265.49, 98.23, 1.667 | Velocidad: -0.9953759946025762, -0.09605534534284021
2026-06-02 14:30:22.707 - [robot_6_log_20260602_143011.csv] - INFO - None
2026-06-02 14:30:22.707 - [robot_6_log_20260602_143011.csv] - WARNING - Estado FSM: AVANZA | Target Wall: None | Target Theta: 0.00° |theta: 95.51206444830824 
2026-06-02 14:30:22.757 - [robot_6_log_20260602_143011.csv] - INFO - Usando posición VISION: x=265.49, y=98.23, θ=1.67
2026-06-02 14:30:22.757 - [robot_6_log_20260602_143011.csv] - INFO - Distancias a paredes: Left: 265.49, Right: 184.51, Top: 41.77, Bottom: 98.23
2026-06-02 14:30:22.757 - [robot_6_log_20260602_143011.csv] - INFO - Posicion: 265.49, 98.23, 1.667 | Velocidad: -0.9953759946025762, -0.09605534534284021
2026-06-02 14:30:22.757 - [robot_6_log_20260602_143011.csv] - INFO - None
2026-06-02 14:30:22.757 - [robot_6_log_20260602_143011.csv] - WARNING - Estado FSM: AVANZA | Target Wall: None | Target Theta: 0.00° |theta: 95.51206444830824 
2026-06-02 14:30:22.768 - [robot_6_log_20260602_143011.csv] - DEBUG - Incoming data. Topic agent/6/wheel, mensaje {"Wleft":1.657007864e-15,"Wright":-3.719247132e-16}
2026-06-02 14:30:22.786 - [robot_6_log_20260602_143011.csv] - DEBUG - Incoming data. Topic 6/pos, mensaje {"x": 265.48, "y": 98.22, "yaw": 1.674, "timestamp": 1780403422.7819986}
2026-06-02 14:30:22.786 - [robot_6_log_20260602_143011.csv] - DEBUG - Posición actualizada por visión: x=265.48, y=98.22, θ=1.67
2026-06-02 14:30:22.786 - [robot_6_log_20260602_143011.csv] - DEBUG - Frecuencia: 12.60 Hz | Latencia Red/Proc: 4.86 ms
2026-06-02 14:30:22.786 - [robot_6_log_20260602_143011.csv] - DEBUG - Incoming data. Topic 6/pos, mensaje {"x": 265.48, "y": 98.22, "yaw": 1.674, "timestamp": 1780403422.7819986}
2026-06-02 14:30:22.786 - [robot_6_log_20260602_143011.csv] - DEBUG - Posición actualizada por visión: x=265.48, y=98.22, θ=1.67
2026-06-02 14:30:22.786 - [robot_6_log_20260602_143011.csv] - DEBUG - Frecuencia: 10565.00 Hz | Latencia Red/Proc: 4.95 ms
2026-06-02 14:30:22.792 - [robot_6_log_20260602_143011.csv] - DEBUG - Incoming data. Topic 6/pos, mensaje {"x": 265.48, "y": 98.22, "yaw": 1.674, "timestamp": 1780403422.791928}
2026-06-02 14:30:22.792 - [robot_6_log_20260602_143011.csv] - DEBUG - Posición actualizada por visión: x=265.48, y=98.22, θ=1.67
2026-06-02 14:30:22.792 - [robot_6_log_20260602_143011.csv] - DEBUG - Frecuencia: 168.83 Hz | Latencia Red/Proc: 0.94 ms
2026-06-02 14:30:22.792 - [robot_6_log_20260602_143011.csv] - DEBUG - Incoming data. Topic 6/pos, mensaje {"x": 265.48, "y": 98.22, "yaw": 1.674, "timestamp": 1780403422.791928}
2026-06-02 14:30:22.792 - [robot_6_log_20260602_143011.csv] - DEBUG - Posición actualizada por visión: x=265.48, y=98.22, θ=1.67
2026-06-02 14:30:22.798 - [robot_6_log_20260602_143011.csv] - DEBUG - Frecuencia: 194.37 Hz | Latencia Red/Proc: 6.09 ms
2026-06-02 14:30:22.807 - [robot_6_log_20260602_143011.csv] - INFO - Usando posición VISION: x=265.48, y=98.22, θ=1.67
2026-06-02 14:30:22.807 - [robot_6_log_20260602_143011.csv] - INFO - Distancias a paredes: Left: 265.48, Right: 184.52, Top: 41.78, Bottom: 98.22
2026-06-02 14:30:22.807 - [robot_6_log_20260602_143011.csv] - INFO - Posicion: 265.48, 98.22, 1.674 | Velocidad: -0.9946792260640379, -0.10302056705651848
2026-06-02 14:30:22.807 - [robot_6_log_20260602_143011.csv] - INFO - None
2026-06-02 14:30:22.807 - [robot_6_log_20260602_143011.csv] - WARNING - Estado FSM: AVANZA | Target Wall: None | Target Theta: 0.00° |theta: 95.9131349048998 
2026-06-02 14:30:22.838 - [robot_6_log_20260602_143011.csv] - DEBUG - Incoming data. Topic agent/6/wheel, mensaje {"Wleft":1.657007864e-15,"Wright":-3.719247132e-16}
2026-06-02 14:30:22.857 - [robot_6_log_20260602_143011.csv] - INFO - Usando posición VISION: x=265.48, y=98.22, θ=1.67
2026-06-02 14:30:22.857 - [robot_6_log_20260602_143011.csv] - INFO - Distancias a paredes: Left: 265.48, Right: 184.52, Top: 41.78, Bottom: 98.22
2026-06-02 14:30:22.857 - [robot_6_log_20260602_143011.csv] - INFO - Posicion: 265.48, 98.22, 1.674 | Velocidad: -0.9946792260640379, -0.10302056705651848
2026-06-02 14:30:22.857 - [robot_6_log_20260602_143011.csv] - INFO - None
2026-06-02 14:30:22.857 - [robot_6_log_20260602_143011.csv] - WARNING - Estado FSM: AVANZA | Target Wall: None | Target Theta: 0.00° |theta: 95.9131349048998 
2026-06-02 14:30:22.887 - [robot_6_log_20260602_143011.csv] - DEBUG - Incoming data. Topic 6/pos, mensaje {"x": 265.49, "y": 98.24, "yaw": 1.666, "timestamp": 1780403422.8796334}
2026-06-02 14:30:22.892 - [robot_6_log_20260602_143011.csv] - DEBUG - Posición actualizada por visión: x=265.49, y=98.24, θ=1.67
2026-06-02 14:30:22.903 - [robot_6_log_20260602_143011.csv] - DEBUG - Frecuencia: 9.50 Hz | Latencia Red/Proc: 23.69 ms
2026-06-02 14:30:22.907 - [robot_6_log_20260602_143011.csv] - INFO - Usando posición VISION: x=265.49, y=98.24, θ=1.67
2026-06-02 14:30:22.907 - [robot_6_log_20260602_143011.csv] - DEBUG - Incoming data. Topic 6/pos, mensaje {"x": 265.49, "y": 98.24, "yaw": 1.666, "timestamp": 1780403422.8796334}
2026-06-02 14:30:22.907 - [robot_6_log_20260602_143011.csv] - INFO - Distancias a paredes: Left: 265.49, Right: 184.51, Top: 41.76, Bottom: 98.24
2026-06-02 14:30:22.908 - [robot_6_log_20260602_143011.csv] - INFO - Posicion: 265.49, 98.24, 1.666 | Velocidad: -0.995471552243954, -0.09505992148646485
2026-06-02 14:30:22.907 - [robot_6_log_20260602_143011.csv] - DEBUG - Posición actualizada por visión: x=265.49, y=98.24, θ=1.67
2026-06-02 14:30:22.908 - [robot_6_log_20260602_143011.csv] - DEBUG - Frecuencia: 203.69 Hz | Latencia Red/Proc: 28.60 ms
2026-06-02 14:30:22.908 - [robot_6_log_20260602_143011.csv] - INFO - None
2026-06-02 14:30:22.908 - [robot_6_log_20260602_143011.csv] - DEBUG - Incoming data. Topic 6/pos, mensaje {"x": 265.49, "y": 98.24, "yaw": 1.666, "timestamp": 1780403422.8892782}
2026-06-02 14:30:22.908 - [robot_6_log_20260602_143011.csv] - WARNING - Estado FSM: AVANZA | Target Wall: None | Target Theta: 0.00° |theta: 95.45476866879514 
2026-06-02 14:30:22.908 - [robot_6_log_20260602_143011.csv] - DEBUG - Posición actualizada por visión: x=265.49, y=98.24, θ=1.67
2026-06-02 14:30:22.919 - [robot_6_log_20260602_143011.csv] - DEBUG - Frecuencia: 87.13 Hz | Latencia Red/Proc: 30.43 ms
2026-06-02 14:30:22.929 - [robot_6_log_20260602_143011.csv] - DEBUG - Incoming data. Topic 6/pos, mensaje {"x": 265.49, "y": 98.24, "yaw": 1.666, "timestamp": 1780403422.8892782}
2026-06-02 14:30:22.930 - [robot_6_log_20260602_143011.csv] - DEBUG - Posición actualizada por visión: x=265.49, y=98.24, θ=1.67
2026-06-02 14:30:22.935 - [robot_6_log_20260602_143011.csv] - DEBUG - Frecuencia: 64.86 Hz | Latencia Red/Proc: 45.85 ms
2026-06-02 14:30:22.957 - [robot_6_log_20260602_143011.csv] - INFO - Usando posición VISION: x=265.49, y=98.24, θ=1.67
2026-06-02 14:30:22.957 - [robot_6_log_20260602_143011.csv] - INFO - Distancias a paredes: Left: 265.49, Right: 184.51, Top: 41.76, Bottom: 98.24
2026-06-02 14:30:22.957 - [robot_6_log_20260602_143011.csv] - INFO - Posicion: 265.49, 98.24, 1.666 | Velocidad: -0.995471552243954, -0.09505992148646485
2026-06-02 14:30:22.957 - [robot_6_log_20260602_143011.csv] - INFO - None
2026-06-02 14:30:22.957 - [robot_6_log_20260602_143011.csv] - WARNING - Estado FSM: AVANZA | Target Wall: None | Target Theta: 0.00° |theta: 95.45476866879514 
2026-06-02 14:30:22.981 - [robot_6_log_20260602_143011.csv] - DEBUG - Incoming data. Topic agent/6/wheel, mensaje {"Wleft":1.657007864e-15,"Wright":-3.719247132e-16}
2026-06-02 14:30:22.997 - [robot_6_log_20260602_143011.csv] - DEBUG - Incoming data. Topic 6/pos, mensaje {"x": 265.48, "y": 98.26, "yaw": 1.669, "timestamp": 1780403422.979061}
2026-06-02 14:30:23.002 - [robot_6_log_20260602_143011.csv] - DEBUG - Posición actualizada por visión: x=265.48, y=98.26, θ=1.67
2026-06-02 14:30:23.007 - [robot_6_log_20260602_143011.csv] - INFO - Usando posición VISION: x=265.48, y=98.26, θ=1.67
2026-06-02 14:30:23.007 - [robot_6_log_20260602_143011.csv] - DEBUG - Frecuencia: 13.82 Hz | Latencia Red/Proc: 28.44 ms
2026-06-02 14:30:23.007 - [robot_6_log_20260602_143011.csv] - INFO - Distancias a paredes: Left: 265.48, Right: 184.52, Top: 41.74, Bottom: 98.26
2026-06-02 14:30:23.007 - [robot_6_log_20260602_143011.csv] - INFO - Posicion: 265.48, 98.26, 1.669 | Velocidad: -0.9951818932886386, -0.09804590389425098
2026-06-02 14:30:23.007 - [robot_6_log_20260602_143011.csv] - INFO - None
2026-06-02 14:30:23.007 - [robot_6_log_20260602_143011.csv] - DEBUG - Incoming data. Topic 6/pos, mensaje {"x": 265.48, "y": 98.26, "yaw": 1.669, "timestamp": 1780403422.979061}
2026-06-02 14:30:23.007 - [robot_6_log_20260602_143011.csv] - WARNING - Estado FSM: AVANZA | Target Wall: None | Target Theta: 0.00° |theta: 95.6266560073344 
2026-06-02 14:30:23.007 - [robot_6_log_20260602_143011.csv] - DEBUG - Posición actualizada por visión: x=265.48, y=98.26, θ=1.67
2026-06-02 14:30:23.012 - [robot_6_log_20260602_143011.csv] - DEBUG - Frecuencia: 185.94 Hz | Latencia Red/Proc: 33.82 ms
2026-06-02 14:30:23.017 - [robot_6_log_20260602_143011.csv] - DEBUG - Incoming data. Topic 6/pos, mensaje {"x": 265.48, "y": 98.26, "yaw": 1.669, "timestamp": 1780403422.987991}
2026-06-02 14:30:23.024 - [robot_6_log_20260602_143011.csv] - DEBUG - Posición actualizada por visión: x=265.48, y=98.26, θ=1.67
2026-06-02 14:30:23.029 - [robot_6_log_20260602_143011.csv] - DEBUG - Frecuencia: 60.96 Hz | Latencia Red/Proc: 41.29 ms
2026-06-02 14:30:23.035 - [robot_6_log_20260602_143011.csv] - DEBUG - Incoming data. Topic 6/pos, mensaje {"x": 265.48, "y": 98.26, "yaw": 1.669, "timestamp": 1780403422.987991}
2026-06-02 14:30:23.040 - [robot_6_log_20260602_143011.csv] - DEBUG - Posición actualizada por visión: x=265.48, y=98.26, θ=1.67
2026-06-02 14:30:23.046 - [robot_6_log_20260602_143011.csv] - DEBUG - Frecuencia: 57.22 Hz | Latencia Red/Proc: 58.77 ms
2026-06-02 14:30:23.057 - [robot_6_log_20260602_143011.csv] - INFO - Usando posición VISION: x=265.48, y=98.26, θ=1.67
2026-06-02 14:30:23.057 - [robot_6_log_20260602_143011.csv] - INFO - Distancias a paredes: Left: 265.48, Right: 184.52, Top: 41.74, Bottom: 98.26
2026-06-02 14:30:23.057 - [robot_6_log_20260602_143011.csv] - INFO - Posicion: 265.48, 98.26, 1.669 | Velocidad: -0.9951818932886386, -0.09804590389425098
2026-06-02 14:30:23.057 - [robot_6_log_20260602_143011.csv] - INFO - None
2026-06-02 14:30:23.057 - [robot_6_log_20260602_143011.csv] - WARNING - Estado FSM: AVANZA | Target Wall: None | Target Theta: 0.00° |theta: 95.6266560073344 
2026-06-02 14:30:23.062 - [robot_6_log_20260602_143011.csv] - DEBUG - Incoming data. Topic agent/6/wheel, mensaje {"Wleft":1.657007864e-15,"Wright":-3.719247132e-16}
2026-06-02 14:30:23.085 - [robot_6_log_20260602_143011.csv] - DEBUG - Incoming data. Topic 6/pos, mensaje {"x": 265.49, "y": 98.24, "yaw": 1.668, "timestamp": 1780403423.07947}
2026-06-02 14:30:23.090 - [robot_6_log_20260602_143011.csv] - DEBUG - Posición actualizada por visión: x=265.49, y=98.24, θ=1.67
2026-06-02 14:30:23.090 - [robot_6_log_20260602_143011.csv] - DEBUG - Frecuencia: 22.72 Hz | Latencia Red/Proc: 11.30 ms
2026-06-02 14:30:23.095 - [robot_6_log_20260602_143011.csv] - DEBUG - Incoming data. Topic 6/pos, mensaje {"x": 265.49, "y": 98.24, "yaw": 1.668, "timestamp": 1780403423.07947}
2026-06-02 14:30:23.095 - [robot_6_log_20260602_143011.csv] - DEBUG - Posición actualizada por visión: x=265.49, y=98.24, θ=1.67
2026-06-02 14:30:23.101 - [robot_6_log_20260602_143011.csv] - DEBUG - Frecuencia: 97.13 Hz | Latencia Red/Proc: 21.60 ms
2026-06-02 14:30:23.107 - [robot_6_log_20260602_143011.csv] - INFO - Usando posición VISION: x=265.49, y=98.24, θ=1.67
2026-06-02 14:30:23.107 - [robot_6_log_20260602_143011.csv] - INFO - Distancias a paredes: Left: 265.49, Right: 184.51, Top: 41.76, Bottom: 98.24
2026-06-02 14:30:23.107 - [robot_6_log_20260602_143011.csv] - INFO - Posicion: 265.49, 98.24, 1.668 | Velocidad: -0.9952794415852867, -0.09705067314387801
2026-06-02 14:30:23.107 - [robot_6_log_20260602_143011.csv] - INFO - None
2026-06-02 14:30:23.107 - [robot_6_log_20260602_143011.csv] - DEBUG - Incoming data. Topic 6/pos, mensaje {"x": 265.49, "y": 98.24, "yaw": 1.668, "timestamp": 1780403423.0889487}
2026-06-02 14:30:23.107 - [robot_6_log_20260602_143011.csv] - WARNING - Estado FSM: AVANZA | Target Wall: None | Target Theta: 0.00° |theta: 95.5693602278213 
2026-06-02 14:30:23.107 - [robot_6_log_20260602_143011.csv] - DEBUG - Posición actualizada por visión: x=265.49, y=98.24, θ=1.67
2026-06-02 14:30:23.112 - [robot_6_log_20260602_143011.csv] - DEBUG - Frecuencia: 84.70 Hz | Latencia Red/Proc: 23.93 ms
2026-06-02 14:30:23.124 - [robot_6_log_20260602_143011.csv] - DEBUG - Incoming data. Topic 6/pos, mensaje {"x": 265.49, "y": 98.24, "yaw": 1.668, "timestamp": 1780403423.0889487}
2026-06-02 14:30:23.124 - [robot_6_log_20260602_143011.csv] - DEBUG - Posición actualizada por visión: x=265.49, y=98.24, θ=1.67
2026-06-02 14:30:23.129 - [robot_6_log_20260602_143011.csv] - DEBUG - Frecuencia: 60.90 Hz | Latencia Red/Proc: 40.35 ms
2026-06-02 14:30:23.152 - [robot_6_log_20260602_143011.csv] - DEBUG - Incoming data. Topic agent/6/wheel, mensaje {"Wleft":1.657007864e-15,"Wright":-3.719247132e-16}
2026-06-02 14:30:23.157 - [robot_6_log_20260602_143011.csv] - INFO - Usando posición VISION: x=265.49, y=98.24, θ=1.67
2026-06-02 14:30:23.158 - [robot_6_log_20260602_143011.csv] - INFO - Distancias a paredes: Left: 265.49, Right: 184.51, Top: 41.76, Bottom: 98.24
2026-06-02 14:30:23.158 - [robot_6_log_20260602_143011.csv] - INFO - Posicion: 265.49, 98.24, 1.668 | Velocidad: -0.9952794415852867, -0.09705067314387801
2026-06-02 14:30:23.158 - [robot_6_log_20260602_143011.csv] - INFO - None
2026-06-02 14:30:23.158 - [robot_6_log_20260602_143011.csv] - WARNING - Estado FSM: AVANZA | Target Wall: None | Target Theta: 0.00° |theta: 95.5693602278213 
2026-06-02 14:30:23.188 - [robot_6_log_20260602_143011.csv] - DEBUG - Incoming data. Topic 6/pos, mensaje {"x": 265.49, "y": 98.21, "yaw": 1.666, "timestamp": 1780403423.1820946}
2026-06-02 14:30:23.198 - [robot_6_log_20260602_143011.csv] - DEBUG - Posición actualizada por visión: x=265.49, y=98.21, θ=1.67
2026-06-02 14:30:23.203 - [robot_6_log_20260602_143011.csv] - DEBUG - Frecuencia: 13.49 Hz | Latencia Red/Proc: 21.33 ms
2026-06-02 14:30:23.207 - [robot_6_log_20260602_143011.csv] - INFO - Usando posición VISION: x=265.49, y=98.21, θ=1.67
2026-06-02 14:30:23.207 - [robot_6_log_20260602_143011.csv] - INFO - Distancias a paredes: Left: 265.49, Right: 184.51, Top: 41.79, Bottom: 98.21
2026-06-02 14:30:23.207 - [robot_6_log_20260602_143011.csv] - INFO - Posicion: 265.49, 98.21, 1.666 | Velocidad: -0.995471552243954, -0.09505992148646485
2026-06-02 14:30:23.207 - [robot_6_log_20260602_143011.csv] - INFO - None
2026-06-02 14:30:23.207 - [robot_6_log_20260602_143011.csv] - DEBUG - Incoming data. Topic 6/pos, mensaje {"x": 265.49, "y": 98.21, "yaw": 1.666, "timestamp": 1780403423.1820946}
2026-06-02 14:30:23.207 - [robot_6_log_20260602_143011.csv] - DEBUG - Posición actualizada por visión: x=265.49, y=98.21, θ=1.67
2026-06-02 14:30:23.207 - [robot_6_log_20260602_143011.csv] - DEBUG - Frecuencia: 232.11 Hz | Latencia Red/Proc: 25.63 ms
2026-06-02 14:30:23.207 - [robot_6_log_20260602_143011.csv] - WARNING - Estado FSM: AVANZA | Target Wall: None | Target Theta: 0.00° |theta: 95.45476866879514 
2026-06-02 14:30:23.207 - [robot_6_log_20260602_143011.csv] - DEBUG - Incoming data. Topic 6/pos, mensaje {"x": 265.49, "y": 98.21, "yaw": 1.666, "timestamp": 1780403423.1925187}
2026-06-02 14:30:23.218 - [robot_6_log_20260602_143011.csv] - DEBUG - Posición actualizada por visión: x=265.49, y=98.21, θ=1.67
2026-06-02 14:30:23.224 - [robot_6_log_20260602_143011.csv] - DEBUG - Frecuencia: 60.63 Hz | Latencia Red/Proc: 31.70 ms
2026-06-02 14:30:23.230 - [robot_6_log_20260602_143011.csv] - DEBUG - Incoming data. Topic 6/pos, mensaje {"x": 265.49, "y": 98.21, "yaw": 1.666, "timestamp": 1780403423.1925187}
2026-06-02 14:30:23.235 - [robot_6_log_20260602_143011.csv] - DEBUG - Posición actualizada por visión: x=265.49, y=98.21, θ=1.67
2026-06-02 14:30:23.241 - [robot_6_log_20260602_143011.csv] - DEBUG - Frecuencia: 56.51 Hz | Latencia Red/Proc: 49.40 ms
2026-06-02 14:30:23.257 - [robot_6_log_20260602_143011.csv] - INFO - Usando posición VISION: x=265.49, y=98.21, θ=1.67
2026-06-02 14:30:23.257 - [robot_6_log_20260602_143011.csv] - INFO - Distancias a paredes: Left: 265.49, Right: 184.51, Top: 41.79, Bottom: 98.21
2026-06-02 14:30:23.257 - [robot_6_log_20260602_143011.csv] - INFO - Posicion: 265.49, 98.21, 1.666 | Velocidad: -0.995471552243954, -0.09505992148646485
2026-06-02 14:30:23.257 - [robot_6_log_20260602_143011.csv] - INFO - None
2026-06-02 14:30:23.257 - [robot_6_log_20260602_143011.csv] - WARNING - Estado FSM: AVANZA | Target Wall: None | Target Theta: 0.00° |theta: 95.45476866879514 
2026-06-02 14:30:23.281 - [robot_6_log_20260602_143011.csv] - DEBUG - Incoming data. Topic agent/6/wheel, mensaje {"Wleft":1.657007864e-15,"Wright":-3.719247132e-16}
2026-06-02 14:30:23.291 - [robot_6_log_20260602_143011.csv] - DEBUG - Incoming data. Topic 6/pos, mensaje {"x": 265.49, "y": 98.23, "yaw": 1.666, "timestamp": 1780403423.2783618}
2026-06-02 14:30:23.302 - [robot_6_log_20260602_143011.csv] - DEBUG - Posición actualizada por visión: x=265.49, y=98.23, θ=1.67
2026-06-02 14:30:23.307 - [robot_6_log_20260602_143011.csv] - INFO - Usando posición VISION: x=265.49, y=98.23, θ=1.67
2026-06-02 14:30:23.307 - [robot_6_log_20260602_143011.csv] - DEBUG - Frecuencia: 15.25 Hz | Latencia Red/Proc: 29.14 ms
2026-06-02 14:30:23.307 - [robot_6_log_20260602_143011.csv] - INFO - Distancias a paredes: Left: 265.49, Right: 184.51, Top: 41.77, Bottom: 98.23
2026-06-02 14:30:23.307 - [robot_6_log_20260602_143011.csv] - DEBUG - Incoming data. Topic 6/pos, mensaje {"x": 265.49, "y": 98.23, "yaw": 1.666, "timestamp": 1780403423.2783618}
2026-06-02 14:30:23.307 - [robot_6_log_20260602_143011.csv] - INFO - Posicion: 265.49, 98.23, 1.666 | Velocidad: -0.995471552243954, -0.09505992148646485
2026-06-02 14:30:23.307 - [robot_6_log_20260602_143011.csv] - DEBUG - Posición actualizada por visión: x=265.49, y=98.23, θ=1.67
2026-06-02 14:30:23.307 - [robot_6_log_20260602_143011.csv] - INFO - None
2026-06-02 14:30:23.307 - [robot_6_log_20260602_143011.csv] - DEBUG - Frecuencia: 5555.37 Hz | Latencia Red/Proc: 29.32 ms
2026-06-02 14:30:23.307 - [robot_6_log_20260602_143011.csv] - DEBUG - Incoming data. Topic 6/pos, mensaje {"x": 265.49, "y": 98.23, "yaw": 1.666, "timestamp": 1780403423.2891579}
2026-06-02 14:30:23.307 - [robot_6_log_20260602_143011.csv] - DEBUG - Posición actualizada por visión: x=265.49, y=98.23, θ=1.67
2026-06-02 14:30:23.307 - [robot_6_log_20260602_143011.csv] - DEBUG - Frecuencia: 7869.24 Hz | Latencia Red/Proc: 18.65 ms
2026-06-02 14:30:23.307 - [robot_6_log_20260602_143011.csv] - WARNING - Estado FSM: AVANZA | Target Wall: None | Target Theta: 0.00° |theta: 95.45476866879514 
2026-06-02 14:30:23.307 - [robot_6_log_20260602_143011.csv] - DEBUG - Incoming data. Topic 6/pos, mensaje {"x": 265.49, "y": 98.23, "yaw": 1.666, "timestamp": 1780403423.2891579}
2026-06-02 14:30:23.312 - [robot_6_log_20260602_143011.csv] - DEBUG - Posición actualizada por visión: x=265.49, y=98.23, θ=1.67
2026-06-02 14:30:23.312 - [robot_6_log_20260602_143011.csv] - DEBUG - Frecuencia: 195.48 Hz | Latencia Red/Proc: 23.76 ms
2026-06-02 14:30:23.341 - [robot_6_log_20260602_143011.csv] - DEBUG - Incoming data. Topic agent/6/wheel, mensaje {"Wleft":1.657007864e-15,"Wright":-3.719247132e-16}
2026-06-02 14:30:23.357 - [robot_6_log_20260602_143011.csv] - INFO - Usando posición VISION: x=265.49, y=98.23, θ=1.67
2026-06-02 14:30:23.357 - [robot_6_log_20260602_143011.csv] - INFO - Distancias a paredes: Left: 265.49, Right: 184.51, Top: 41.77, Bottom: 98.23
2026-06-02 14:30:23.357 - [robot_6_log_20260602_143011.csv] - INFO - Posicion: 265.49, 98.23, 1.666 | Velocidad: -0.995471552243954, -0.09505992148646485
2026-06-02 14:30:23.357 - [robot_6_log_20260602_143011.csv] - INFO - None
2026-06-02 14:30:23.357 - [robot_6_log_20260602_143011.csv] - WARNING - Estado FSM: AVANZA | Target Wall: None | Target Theta: 0.00° |theta: 95.45476866879514 
2026-06-02 14:30:23.387 - [robot_6_log_20260602_143011.csv] - DEBUG - Incoming data. Topic 6/pos, mensaje {"x": 265.48, "y": 98.23, "yaw": 1.674, "timestamp": 1780403423.3771045}
2026-06-02 14:30:23.393 - [robot_6_log_20260602_143011.csv] - DEBUG - Posición actualizada por visión: x=265.48, y=98.23, θ=1.67
2026-06-02 14:30:23.399 - [robot_6_log_20260602_143011.csv] - DEBUG - Frecuencia: 11.60 Hz | Latencia Red/Proc: 22.06 ms
2026-06-02 14:30:23.407 - [robot_6_log_20260602_143011.csv] - INFO - Usando posición VISION: x=265.48, y=98.23, θ=1.67
2026-06-02 14:30:23.407 - [robot_6_log_20260602_143011.csv] - INFO - Distancias a paredes: Left: 265.48, Right: 184.52, Top: 41.77, Bottom: 98.23
2026-06-02 14:30:23.407 - [robot_6_log_20260602_143011.csv] - INFO - Posicion: 265.48, 98.23, 1.674 | Velocidad: -0.9946792260640379, -0.10302056705651848
2026-06-02 14:30:23.407 - [robot_6_log_20260602_143011.csv] - DEBUG - Incoming data. Topic 6/pos, mensaje {"x": 265.48, "y": 98.23, "yaw": 1.674, "timestamp": 1780403423.3771045}
2026-06-02 14:30:23.407 - [robot_6_log_20260602_143011.csv] - INFO - None
2026-06-02 14:30:23.407 - [robot_6_log_20260602_143011.csv] - WARNING - Estado FSM: AVANZA | Target Wall: None | Target Theta: 0.00° |theta: 95.9131349048998 
2026-06-02 14:30:23.407 - [robot_6_log_20260602_143011.csv] - DEBUG - Posición actualizada por visión: x=265.48, y=98.23, θ=1.67
2026-06-02 14:30:23.418 - [robot_6_log_20260602_143011.csv] - DEBUG - Frecuencia: 51.91 Hz | Latencia Red/Proc: 41.32 ms
2026-06-02 14:30:23.428 - [robot_6_log_20260602_143011.csv] - DEBUG - Incoming data. Topic 6/pos, mensaje {"x": 265.48, "y": 98.23, "yaw": 1.674, "timestamp": 1780403423.388322}
2026-06-02 14:30:23.434 - [robot_6_log_20260602_143011.csv] - DEBUG - Posición actualizada por visión: x=265.48, y=98.23, θ=1.67
2026-06-02 14:30:23.434 - [robot_6_log_20260602_143011.csv] - DEBUG - Frecuencia: 63.62 Hz | Latencia Red/Proc: 45.82 ms
2026-06-02 14:30:23.444 - [robot_6_log_20260602_143011.csv] - DEBUG - Incoming data. Topic 6/pos, mensaje {"x": 265.48, "y": 98.23, "yaw": 1.674, "timestamp": 1780403423.388322}
2026-06-02 14:30:23.456 - [robot_6_log_20260602_143011.csv] - DEBUG - Posición actualizada por visión: x=265.48, y=98.23, θ=1.67
2026-06-02 14:30:23.456 - [robot_6_log_20260602_143011.csv] - DEBUG - Frecuencia: 44.43 Hz | Latencia Red/Proc: 68.33 ms
2026-06-02 14:30:23.457 - [robot_6_log_20260602_143011.csv] - INFO - Usando posición VISION: x=265.48, y=98.23, θ=1.67
2026-06-02 14:30:23.457 - [robot_6_log_20260602_143011.csv] - INFO - Distancias a paredes: Left: 265.48, Right: 184.52, Top: 41.77, Bottom: 98.23
2026-06-02 14:30:23.457 - [robot_6_log_20260602_143011.csv] - INFO - Posicion: 265.48, 98.23, 1.674 | Velocidad: -0.9946792260640379, -0.10302056705651848
2026-06-02 14:30:23.457 - [robot_6_log_20260602_143011.csv] - INFO - None
2026-06-02 14:30:23.457 - [robot_6_log_20260602_143011.csv] - WARNING - Estado FSM: AVANZA | Target Wall: None | Target Theta: 0.00° |theta: 95.9131349048998 
2026-06-02 14:30:23.481 - [robot_6_log_20260602_143011.csv] - DEBUG - Incoming data. Topic 6/pos, mensaje {"x": 265.49, "y": 98.24, "yaw": 1.669, "timestamp": 1780403423.4752035}
2026-06-02 14:30:23.486 - [robot_6_log_20260602_143011.csv] - DEBUG - Posición actualizada por visión: x=265.49, y=98.24, θ=1.67
2026-06-02 14:30:23.486 - [robot_6_log_20260602_143011.csv] - DEBUG - Frecuencia: 33.22 Hz | Latencia Red/Proc: 11.55 ms
2026-06-02 14:30:23.503 - [robot_6_log_20260602_143011.csv] - DEBUG - Incoming data. Topic 6/pos, mensaje {"x": 265.49, "y": 98.24, "yaw": 1.669, "timestamp": 1780403423.4752035}
2026-06-02 14:30:23.507 - [robot_6_log_20260602_143011.csv] - INFO - Usando posición VISION: x=265.49, y=98.24, θ=1.67
2026-06-02 14:30:23.507 - [robot_6_log_20260602_143011.csv] - INFO - Distancias a paredes: Left: 265.49, Right: 184.51, Top: 41.76, Bottom: 98.24
2026-06-02 14:30:23.507 - [robot_6_log_20260602_143011.csv] - INFO - Posicion: 265.49, 98.24, 1.669 | Velocidad: -0.9951818932886386, -0.09804590389425098
2026-06-02 14:30:23.507 - [robot_6_log_20260602_143011.csv] - INFO - None
2026-06-02 14:30:23.507 - [robot_6_log_20260602_143011.csv] - DEBUG - Posición actualizada por visión: x=265.49, y=98.24, θ=1.67
2026-06-02 14:30:23.508 - [robot_6_log_20260602_143011.csv] - DEBUG - Frecuencia: 47.04 Hz | Latencia Red/Proc: 32.81 ms
2026-06-02 14:30:23.507 - [robot_6_log_20260602_143011.csv] - WARNING - Estado FSM: AVANZA | Target Wall: None | Target Theta: 0.00° |theta: 95.6266560073344 
2026-06-02 14:30:23.508 - [robot_6_log_20260602_143011.csv] - DEBUG - Incoming data. Topic 6/pos, mensaje {"x": 265.49, "y": 98.24, "yaw": 1.669, "timestamp": 1780403423.4845574}
2026-06-02 14:30:23.529 - [robot_6_log_20260602_143011.csv] - DEBUG - Posición actualizada por visión: x=265.49, y=98.24, θ=1.67
2026-06-02 14:30:23.545 - [robot_6_log_20260602_143011.csv] - DEBUG - Frecuencia: 26.71 Hz | Latencia Red/Proc: 60.89 ms
2026-06-02 14:30:23.552 - [robot_6_log_20260602_143011.csv] - DEBUG - Incoming data. Topic agent/6/wheel, mensaje {"Wleft":1.657007864e-15,"Wright":-3.719247132e-16}
2026-06-02 14:30:23.557 - [robot_6_log_20260602_143011.csv] - INFO - Usando posición VISION: x=265.49, y=98.24, θ=1.67
2026-06-02 14:30:23.557 - [robot_6_log_20260602_143011.csv] - INFO - Distancias a paredes: Left: 265.49, Right: 184.51, Top: 41.76, Bottom: 98.24
2026-06-02 14:30:23.557 - [robot_6_log_20260602_143011.csv] - INFO - Posicion: 265.49, 98.24, 1.669 | Velocidad: -0.9951818932886386, -0.09804590389425098
2026-06-02 14:30:23.557 - [robot_6_log_20260602_143011.csv] - INFO - None
2026-06-02 14:30:23.557 - [robot_6_log_20260602_143011.csv] - WARNING - Estado FSM: AVANZA | Target Wall: None | Target Theta: 0.00° |theta: 95.6266560073344 
2026-06-02 14:30:23.562 - [robot_6_log_20260602_143011.csv] - DEBUG - Incoming data. Topic 6/pos, mensaje {"x": 265.49, "y": 98.24, "yaw": 1.669, "timestamp": 1780403423.4845574}
2026-06-02 14:30:23.567 - [robot_6_log_20260602_143011.csv] - DEBUG - Posición actualizada por visión: x=265.49, y=98.24, θ=1.67
2026-06-02 14:30:23.574 - [robot_6_log_20260602_143011.csv] - DEBUG - Frecuencia: 34.85 Hz | Latencia Red/Proc: 89.59 ms
2026-06-02 14:30:23.574 - [robot_6_log_20260602_143011.csv] - DEBUG - Incoming data. Topic agent/6/wheel, mensaje {"Wleft":1.657007864e-15,"Wright":-3.719247132e-16}
2026-06-02 14:30:23.580 - [robot_6_log_20260602_143011.csv] - DEBUG - Incoming data. Topic 6/pos, mensaje {"x": 265.48, "y": 98.23, "yaw": 1.667, "timestamp": 1780403423.5768228}
2026-06-02 14:30:23.585 - [robot_6_log_20260602_143011.csv] - DEBUG - Posición actualizada por visión: x=265.48, y=98.23, θ=1.67
2026-06-02 14:30:23.590 - [robot_6_log_20260602_143011.csv] - DEBUG - Frecuencia: 60.82 Hz | Latencia Red/Proc: 13.76 ms
2026-06-02 14:30:23.595 - [robot_6_log_20260602_143011.csv] - DEBUG - Incoming data. Topic 6/pos, mensaje {"x": 265.48, "y": 98.23, "yaw": 1.667, "timestamp": 1780403423.5768228}
2026-06-02 14:30:23.600 - [robot_6_log_20260602_143011.csv] - DEBUG - Posición actualizada por visión: x=265.48, y=98.23, θ=1.67
2026-06-02 14:30:23.607 - [robot_6_log_20260602_143011.csv] - DEBUG - Frecuencia: 60.93 Hz | Latencia Red/Proc: 30.17 ms
2026-06-02 14:30:23.607 - [robot_6_log_20260602_143011.csv] - INFO - Usando posición VISION: x=265.48, y=98.23, θ=1.67
2026-06-02 14:30:23.607 - [robot_6_log_20260602_143011.csv] - DEBUG - Incoming data. Topic 6/pos, mensaje {"x": 265.48, "y": 98.23, "yaw": 1.667, "timestamp": 1780403423.587897}
2026-06-02 14:30:23.607 - [robot_6_log_20260602_143011.csv] - INFO - Distancias a paredes: Left: 265.48, Right: 184.52, Top: 41.77, Bottom: 98.23
2026-06-02 14:30:23.607 - [robot_6_log_20260602_143011.csv] - DEBUG - Posición actualizada por visión: x=265.48, y=98.23, θ=1.67
2026-06-02 14:30:23.607 - [robot_6_log_20260602_143011.csv] - INFO - Posicion: 265.48, 98.23, 1.667 | Velocidad: -0.9953759946025762, -0.09605534534284021
2026-06-02 14:30:23.607 - [robot_6_log_20260602_143011.csv] - DEBUG - Frecuencia: 1508.20 Hz | Latencia Red/Proc: 19.76 ms
2026-06-02 14:30:23.607 - [robot_6_log_20260602_143011.csv] - INFO - None
2026-06-02 14:30:23.607 - [robot_6_log_20260602_143011.csv] - DEBUG - Incoming data. Topic 6/pos, mensaje {"x": 265.48, "y": 98.23, "yaw": 1.667, "timestamp": 1780403423.587897}
2026-06-02 14:30:23.607 - [robot_6_log_20260602_143011.csv] - WARNING - Estado FSM: AVANZA | Target Wall: None | Target Theta: 0.00° |theta: 95.51206444830824 
2026-06-02 14:30:23.607 - [robot_6_log_20260602_143011.csv] - DEBUG - Posición actualizada por visión: x=265.48, y=98.23, θ=1.67
2026-06-02 14:30:23.619 - [robot_6_log_20260602_143011.csv] - DEBUG - Frecuencia: 87.11 Hz | Latencia Red/Proc: 31.24 ms
2026-06-02 14:30:23.655 - [robot_6_log_20260602_143011.csv] - DEBUG - Incoming data. Topic agent/6/wheel, mensaje {"Wleft":1.657007864e-15,"Wright":-3.719247132e-16}
2026-06-02 14:30:23.657 - [robot_6_log_20260602_143011.csv] - INFO - Usando posición VISION: x=265.48, y=98.23, θ=1.67
2026-06-02 14:30:23.657 - [robot_6_log_20260602_143011.csv] - INFO - Distancias a paredes: Left: 265.48, Right: 184.52, Top: 41.77, Bottom: 98.23
2026-06-02 14:30:23.657 - [robot_6_log_20260602_143011.csv] - INFO - Posicion: 265.48, 98.23, 1.667 | Velocidad: -0.9953759946025762, -0.09605534534284021
2026-06-02 14:30:23.657 - [robot_6_log_20260602_143011.csv] - INFO - None
2026-06-02 14:30:23.657 - [robot_6_log_20260602_143011.csv] - WARNING - Estado FSM: AVANZA | Target Wall: None | Target Theta: 0.00° |theta: 95.51206444830824 
2026-06-02 14:30:23.675 - [robot_6_log_20260602_143011.csv] - DEBUG - Incoming data. Topic 6/pos, mensaje {"x": 265.49, "y": 98.22, "yaw": 1.667, "timestamp": 1780403423.6747108}
2026-06-02 14:30:23.680 - [robot_6_log_20260602_143011.csv] - DEBUG - Posición actualizada por visión: x=265.49, y=98.22, θ=1.67
2026-06-02 14:30:23.686 - [robot_6_log_20260602_143011.csv] - DEBUG - Frecuencia: 14.84 Hz | Latencia Red/Proc: 11.82 ms
2026-06-02 14:30:23.696 - [robot_6_log_20260602_143011.csv] - DEBUG - Incoming data. Topic 6/pos, mensaje {"x": 265.49, "y": 98.22, "yaw": 1.667, "timestamp": 1780403423.6747108}
2026-06-02 14:30:23.701 - [robot_6_log_20260602_143011.csv] - DEBUG - Posición actualizada por visión: x=265.49, y=98.22, θ=1.67
2026-06-02 14:30:23.706 - [robot_6_log_20260602_143011.csv] - DEBUG - Frecuencia: 48.91 Hz | Latencia Red/Proc: 32.27 ms
2026-06-02 14:30:23.707 - [robot_6_log_20260602_143011.csv] - INFO - Usando posición VISION: x=265.49, y=98.22, θ=1.67
2026-06-02 14:30:23.707 - [robot_6_log_20260602_143011.csv] - DEBUG - Incoming data. Topic 6/pos, mensaje {"x": 265.49, "y": 98.22, "yaw": 1.667, "timestamp": 1780403423.6831234}
2026-06-02 14:30:23.707 - [robot_6_log_20260602_143011.csv] - INFO - Distancias a paredes: Left: 265.49, Right: 184.51, Top: 41.78, Bottom: 98.22
2026-06-02 14:30:23.707 - [robot_6_log_20260602_143011.csv] - DEBUG - Posición actualizada por visión: x=265.49, y=98.22, θ=1.67
2026-06-02 14:30:23.707 - [robot_6_log_20260602_143011.csv] - INFO - Posicion: 265.49, 98.22, 1.667 | Velocidad: -0.9953759946025762, -0.09605534534284021
2026-06-02 14:30:23.707 - [robot_6_log_20260602_143011.csv] - DEBUG - Frecuencia: 1497.97 Hz | Latencia Red/Proc: 24.52 ms
2026-06-02 14:30:23.707 - [robot_6_log_20260602_143011.csv] - INFO - None
2026-06-02 14:30:23.707 - [robot_6_log_20260602_143011.csv] - DEBUG - Incoming data. Topic 6/pos, mensaje {"x": 265.49, "y": 98.22, "yaw": 1.667, "timestamp": 1780403423.6831234}
2026-06-02 14:30:23.707 - [robot_6_log_20260602_143011.csv] - WARNING - Estado FSM: AVANZA | Target Wall: None | Target Theta: 0.00° |theta: 95.51206444830824 
2026-06-02 14:30:23.707 - [robot_6_log_20260602_143011.csv] - DEBUG - Posición actualizada por visión: x=265.49, y=98.22, θ=1.67
2026-06-02 14:30:23.712 - [robot_6_log_20260602_143011.csv] - DEBUG - Frecuencia: 189.47 Hz | Latencia Red/Proc: 29.80 ms
2026-06-02 14:30:23.757 - [robot_6_log_20260602_143011.csv] - INFO - Usando posición VISION: x=265.49, y=98.22, θ=1.67
2026-06-02 14:30:23.757 - [robot_6_log_20260602_143011.csv] - INFO - Distancias a paredes: Left: 265.49, Right: 184.51, Top: 41.78, Bottom: 98.22
2026-06-02 14:30:23.757 - [robot_6_log_20260602_143011.csv] - INFO - Posicion: 265.49, 98.22, 1.667 | Velocidad: -0.9953759946025762, -0.09605534534284021
2026-06-02 14:30:23.757 - [robot_6_log_20260602_143011.csv] - INFO - None
2026-06-02 14:30:23.757 - [robot_6_log_20260602_143011.csv] - WARNING - Estado FSM: AVANZA | Target Wall: None | Target Theta: 0.00° |theta: 95.51206444830824 
2026-06-02 14:30:23.786 - [robot_6_log_20260602_143011.csv] - DEBUG - Incoming data. Topic 6/pos, mensaje {"x": 265.47, "y": 98.23, "yaw": 1.675, "timestamp": 1780403423.7774246}
2026-06-02 14:30:23.791 - [robot_6_log_20260602_143011.csv] - DEBUG - Posición actualizada por visión: x=265.47, y=98.23, θ=1.68
2026-06-02 14:30:23.796 - [robot_6_log_20260602_143011.csv] - DEBUG - Frecuencia: 11.90 Hz | Latencia Red/Proc: 19.51 ms
2026-06-02 14:30:23.802 - [robot_6_log_20260602_143011.csv] - DEBUG - Incoming data. Topic 6/pos, mensaje {"x": 265.47, "y": 98.23, "yaw": 1.675, "timestamp": 1780403423.7774246}
2026-06-02 14:30:23.807 - [robot_6_log_20260602_143011.csv] - DEBUG - Posición actualizada por visión: x=265.47, y=98.23, θ=1.68
2026-06-02 14:30:23.807 - [robot_6_log_20260602_143011.csv] - INFO - Usando posición VISION: x=265.47, y=98.23, θ=1.68
2026-06-02 14:30:23.807 - [robot_6_log_20260602_143011.csv] - DEBUG - Frecuencia: 93.91 Hz | Latencia Red/Proc: 30.16 ms
2026-06-02 14:30:23.807 - [robot_6_log_20260602_143011.csv] - INFO - Distancias a paredes: Left: 265.47, Right: 184.53, Top: 41.77, Bottom: 98.23
2026-06-02 14:30:23.807 - [robot_6_log_20260602_143011.csv] - INFO - Posicion: 265.47, 98.23, 1.675 | Velocidad: -0.9945757081745799, -0.10401519460652353
2026-06-02 14:30:23.807 - [robot_6_log_20260602_143011.csv] - INFO - None
2026-06-02 14:30:23.807 - [robot_6_log_20260602_143011.csv] - DEBUG - Incoming data. Topic 6/pos, mensaje {"x": 265.47, "y": 98.23, "yaw": 1.675, "timestamp": 1780403423.786319}
2026-06-02 14:30:23.807 - [robot_6_log_20260602_143011.csv] - WARNING - Estado FSM: AVANZA | Target Wall: None | Target Theta: 0.00° |theta: 95.97043068441289 
2026-06-02 14:30:23.807 - [robot_6_log_20260602_143011.csv] - DEBUG - Posición actualizada por visión: x=265.47, y=98.23, θ=1.68
2026-06-02 14:30:23.819 - [robot_6_log_20260602_143011.csv] - DEBUG - Frecuencia: 86.64 Hz | Latencia Red/Proc: 32.81 ms
2026-06-02 14:30:23.824 - [robot_6_log_20260602_143011.csv] - DEBUG - Incoming data. Topic agent/6/wheel, mensaje {"Wleft":1.657007864e-15,"Wright":-3.719247132e-16}
2026-06-02 14:30:23.829 - [robot_6_log_20260602_143011.csv] - DEBUG - Incoming data. Topic 6/pos, mensaje {"x": 265.47, "y": 98.23, "yaw": 1.675, "timestamp": 1780403423.786319}
2026-06-02 14:30:23.834 - [robot_6_log_20260602_143011.csv] - DEBUG - Posición actualizada por visión: x=265.47, y=98.23, θ=1.68
2026-06-02 14:30:23.841 - [robot_6_log_20260602_143011.csv] - DEBUG - Frecuencia: 45.57 Hz | Latencia Red/Proc: 54.75 ms
2026-06-02 14:30:23.852 - [robot_6_log_20260602_143011.csv] - DEBUG - Incoming data. Topic agent/6/wheel, mensaje {"Wleft":1.657007864e-15,"Wright":-3.719247132e-16}
2026-06-02 14:30:23.857 - [robot_6_log_20260602_143011.csv] - INFO - Usando posición VISION: x=265.47, y=98.23, θ=1.68
2026-06-02 14:30:23.857 - [robot_6_log_20260602_143011.csv] - INFO - Distancias a paredes: Left: 265.47, Right: 184.53, Top: 41.77, Bottom: 98.23
2026-06-02 14:30:23.857 - [robot_6_log_20260602_143011.csv] - INFO - Posicion: 265.47, 98.23, 1.675 | Velocidad: -0.9945757081745799, -0.10401519460652353
2026-06-02 14:30:23.857 - [robot_6_log_20260602_143011.csv] - INFO - None
2026-06-02 14:30:23.857 - [robot_6_log_20260602_143011.csv] - WARNING - Estado FSM: AVANZA | Target Wall: None | Target Theta: 0.00° |theta: 95.97043068441289 
2026-06-02 14:30:23.881 - [robot_6_log_20260602_143011.csv] - DEBUG - Incoming data. Topic 6/pos, mensaje {"x": 265.48, "y": 98.24, "yaw": 1.666, "timestamp": 1780403423.875784}
2026-06-02 14:30:23.886 - [robot_6_log_20260602_143011.csv] - DEBUG - Posición actualizada por visión: x=265.48, y=98.24, θ=1.67
2026-06-02 14:30:23.891 - [robot_6_log_20260602_143011.csv] - DEBUG - Frecuencia: 19.78 Hz | Latencia Red/Proc: 15.84 ms
2026-06-02 14:30:23.891 - [robot_6_log_20260602_143011.csv] - DEBUG - Incoming data. Topic 6/pos, mensaje {"x": 265.48, "y": 98.24, "yaw": 1.666, "timestamp": 1780403423.875784}
2026-06-02 14:30:23.898 - [robot_6_log_20260602_143011.csv] - DEBUG - Posición actualizada por visión: x=265.48, y=98.24, θ=1.67
2026-06-02 14:30:23.898 - [robot_6_log_20260602_143011.csv] - DEBUG - Frecuencia: 154.37 Hz | Latencia Red/Proc: 22.32 ms
2026-06-02 14:30:23.903 - [robot_6_log_20260602_143011.csv] - DEBUG - Incoming data. Topic 6/pos, mensaje {"x": 265.48, "y": 98.24, "yaw": 1.666, "timestamp": 1780403423.8851988}
2026-06-02 14:30:23.907 - [robot_6_log_20260602_143011.csv] - INFO - Usando posición VISION: x=265.48, y=98.24, θ=1.67
2026-06-02 14:30:23.907 - [robot_6_log_20260602_143011.csv] - DEBUG - Posición actualizada por visión: x=265.48, y=98.24, θ=1.67
2026-06-02 14:30:23.907 - [robot_6_log_20260602_143011.csv] - INFO - Distancias a paredes: Left: 265.48, Right: 184.52, Top: 41.76, Bottom: 98.24
2026-06-02 14:30:23.907 - [robot_6_log_20260602_143011.csv] - DEBUG - Frecuencia: 104.86 Hz | Latencia Red/Proc: 22.44 ms
2026-06-02 14:30:23.907 - [robot_6_log_20260602_143011.csv] - DEBUG - Incoming data. Topic 6/pos, mensaje {"x": 265.48, "y": 98.24, "yaw": 1.666, "timestamp": 1780403423.8851988}
2026-06-02 14:30:23.907 - [robot_6_log_20260602_143011.csv] - INFO - Posicion: 265.48, 98.24, 1.666 | Velocidad: -0.995471552243954, -0.09505992148646485
2026-06-02 14:30:23.907 - [robot_6_log_20260602_143011.csv] - DEBUG - Posición actualizada por visión: x=265.48, y=98.24, θ=1.67
2026-06-02 14:30:23.907 - [robot_6_log_20260602_143011.csv] - INFO - None
2026-06-02 14:30:23.907 - [robot_6_log_20260602_143011.csv] - DEBUG - Frecuencia: 4544.21 Hz | Latencia Red/Proc: 22.66 ms
2026-06-02 14:30:23.907 - [robot_6_log_20260602_143011.csv] - WARNING - Estado FSM: AVANZA | Target Wall: None | Target Theta: 0.00° |theta: 95.45476866879514 
2026-06-02 14:30:23.957 - [robot_6_log_20260602_143011.csv] - INFO - Usando posición VISION: x=265.48, y=98.24, θ=1.67
2026-06-02 14:30:23.957 - [robot_6_log_20260602_143011.csv] - INFO - Distancias a paredes: Left: 265.48, Right: 184.52, Top: 41.76, Bottom: 98.24
2026-06-02 14:30:23.957 - [robot_6_log_20260602_143011.csv] - INFO - Posicion: 265.48, 98.24, 1.666 | Velocidad: -0.995471552243954, -0.09505992148646485
2026-06-02 14:30:23.957 - [robot_6_log_20260602_143011.csv] - INFO - None
2026-06-02 14:30:23.957 - [robot_6_log_20260602_143011.csv] - WARNING - Estado FSM: AVANZA | Target Wall: None | Target Theta: 0.00° |theta: 95.45476866879514 
2026-06-02 14:30:23.986 - [robot_6_log_20260602_143011.csv] - DEBUG - Incoming data. Topic 6/pos, mensaje {"x": 265.48, "y": 98.23, "yaw": 1.669, "timestamp": 1780403423.9778783}
2026-06-02 14:30:23.991 - [robot_6_log_20260602_143011.csv] - DEBUG - Posición actualizada por visión: x=265.48, y=98.23, θ=1.67
2026-06-02 14:30:23.996 - [robot_6_log_20260602_143011.csv] - DEBUG - Frecuencia: 11.23 Hz | Latencia Red/Proc: 19.03 ms
2026-06-02 14:30:24.007 - [robot_6_log_20260602_143011.csv] - INFO - Usando posición VISION: x=265.48, y=98.23, θ=1.67
2026-06-02 14:30:24.007 - [robot_6_log_20260602_143011.csv] - INFO - Distancias a paredes: Left: 265.48, Right: 184.52, Top: 41.77, Bottom: 98.23
2026-06-02 14:30:24.007 - [robot_6_log_20260602_143011.csv] - INFO - Posicion: 265.48, 98.23, 1.669 | Velocidad: -0.9951818932886386, -0.09804590389425098
2026-06-02 14:30:24.007 - [robot_6_log_20260602_143011.csv] - INFO - None
2026-06-02 14:30:24.007 - [robot_6_log_20260602_143011.csv] - DEBUG - Incoming data. Topic 6/pos, mensaje {"x": 265.48, "y": 98.23, "yaw": 1.669, "timestamp": 1780403423.9778783}
2026-06-02 14:30:24.007 - [robot_6_log_20260602_143011.csv] - DEBUG - Posición actualizada por visión: x=265.48, y=98.23, θ=1.67
2026-06-02 14:30:24.007 - [robot_6_log_20260602_143011.csv] - WARNING - Estado FSM: AVANZA | Target Wall: None | Target Theta: 0.00° |theta: 95.6266560073344 
2026-06-02 14:30:24.007 - [robot_6_log_20260602_143011.csv] - DEBUG - Frecuencia: 92.32 Hz | Latencia Red/Proc: 29.86 ms
2026-06-02 14:30:24.017 - [robot_6_log_20260602_143011.csv] - DEBUG - Incoming data. Topic 6/pos, mensaje {"x": 265.48, "y": 98.23, "yaw": 1.669, "timestamp": 1780403423.9893954}
2026-06-02 14:30:24.024 - [robot_6_log_20260602_143011.csv] - DEBUG - Posición actualizada por visión: x=265.48, y=98.23, θ=1.67
2026-06-02 14:30:24.024 - [robot_6_log_20260602_143011.csv] - DEBUG - Frecuencia: 60.73 Hz | Latencia Red/Proc: 34.81 ms
2026-06-02 14:30:24.034 - [robot_6_log_20260602_143011.csv] - DEBUG - Incoming data. Topic 6/pos, mensaje {"x": 265.48, "y": 98.23, "yaw": 1.669, "timestamp": 1780403423.9893954}
2026-06-02 14:30:24.039 - [robot_6_log_20260602_143011.csv] - DEBUG - Posición actualizada por visión: x=265.48, y=98.23, θ=1.67
2026-06-02 14:30:24.044 - [robot_6_log_20260602_143011.csv] - DEBUG - Frecuencia: 48.82 Hz | Latencia Red/Proc: 55.30 ms
2026-06-02 14:30:24.044 - [robot_6_log_20260602_143011.csv] - DEBUG - Incoming data. Topic agent/6/wheel, mensaje {"Wleft":1.657007864e-15,"Wright":-3.719247132e-16}
2026-06-02 14:30:24.056 - [robot_6_log_20260602_143011.csv] - DEBUG - Incoming data. Topic agent/6/wheel, mensaje {"Wleft":1.657007864e-15,"Wright":-3.719247132e-16}
2026-06-02 14:30:24.057 - [robot_6_log_20260602_143011.csv] - INFO - Usando posición VISION: x=265.48, y=98.23, θ=1.67
2026-06-02 14:30:24.057 - [robot_6_log_20260602_143011.csv] - INFO - Distancias a paredes: Left: 265.48, Right: 184.52, Top: 41.77, Bottom: 98.23
2026-06-02 14:30:24.057 - [robot_6_log_20260602_143011.csv] - INFO - Posicion: 265.48, 98.23, 1.669 | Velocidad: -0.9951818932886386, -0.09804590389425098
2026-06-02 14:30:24.057 - [robot_6_log_20260602_143011.csv] - INFO - None
2026-06-02 14:30:24.057 - [robot_6_log_20260602_143011.csv] - WARNING - Estado FSM: AVANZA | Target Wall: None | Target Theta: 0.00° |theta: 95.6266560073344 
2026-06-02 14:30:24.081 - [robot_6_log_20260602_143011.csv] - DEBUG - Incoming data. Topic 6/pos, mensaje {"x": 265.5, "y": 98.23, "yaw": 1.668, "timestamp": 1780403424.0790496}
2026-06-02 14:30:24.087 - [robot_6_log_20260602_143011.csv] - DEBUG - Posición actualizada por visión: x=265.50, y=98.23, θ=1.67
2026-06-02 14:30:24.092 - [robot_6_log_20260602_143011.csv] - DEBUG - Frecuencia: 21.07 Hz | Latencia Red/Proc: 13.11 ms
2026-06-02 14:30:24.092 - [robot_6_log_20260602_143011.csv] - DEBUG - Incoming data. Topic 6/pos, mensaje {"x": 265.5, "y": 98.23, "yaw": 1.668, "timestamp": 1780403424.0790496}
2026-06-02 14:30:24.097 - [robot_6_log_20260602_143011.csv] - DEBUG - Posición actualizada por visión: x=265.50, y=98.23, θ=1.67
2026-06-02 14:30:24.103 - [robot_6_log_20260602_143011.csv] - DEBUG - Frecuencia: 88.30 Hz | Latencia Red/Proc: 24.43 ms
2026-06-02 14:30:24.107 - [robot_6_log_20260602_143011.csv] - INFO - Usando posición VISION: x=265.50, y=98.23, θ=1.67
2026-06-02 14:30:24.107 - [robot_6_log_20260602_143011.csv] - DEBUG - Incoming data. Topic 6/pos, mensaje {"x": 265.5, "y": 98.23, "yaw": 1.668, "timestamp": 1780403424.0907516}
2026-06-02 14:30:24.107 - [robot_6_log_20260602_143011.csv] - INFO - Distancias a paredes: Left: 265.50, Right: 184.50, Top: 41.77, Bottom: 98.23
2026-06-02 14:30:24.107 - [robot_6_log_20260602_143011.csv] - DEBUG - Posición actualizada por visión: x=265.50, y=98.23, θ=1.67
2026-06-02 14:30:24.107 - [robot_6_log_20260602_143011.csv] - INFO - Posicion: 265.5, 98.23, 1.668 | Velocidad: -0.9952794415852867, -0.09705067314387801
2026-06-02 14:30:24.107 - [robot_6_log_20260602_143011.csv] - DEBUG - Frecuencia: 237.93 Hz | Latencia Red/Proc: 16.94 ms
2026-06-02 14:30:24.107 - [robot_6_log_20260602_143011.csv] - INFO - None
2026-06-02 14:30:24.107 - [robot_6_log_20260602_143011.csv] - DEBUG - Incoming data. Topic 6/pos, mensaje {"x": 265.5, "y": 98.23, "yaw": 1.668, "timestamp": 1780403424.0907516}
2026-06-02 14:30:24.107 - [robot_6_log_20260602_143011.csv] - WARNING - Estado FSM: AVANZA | Target Wall: None | Target Theta: 0.00° |theta: 95.5693602278213 
2026-06-02 14:30:24.107 - [robot_6_log_20260602_143011.csv] - DEBUG - Posición actualizada por visión: x=265.50, y=98.23, θ=1.67
2026-06-02 14:30:24.119 - [robot_6_log_20260602_143011.csv] - DEBUG - Frecuencia: 87.62 Hz | Latencia Red/Proc: 28.35 ms
2026-06-02 14:30:24.155 - [robot_6_log_20260602_143011.csv] - DEBUG - Incoming data. Topic agent/6/wheel, mensaje {"Wleft":1.657007864e-15,"Wright":-3.719247132e-16}
2026-06-02 14:30:24.157 - [robot_6_log_20260602_143011.csv] - INFO - Usando posición VISION: x=265.50, y=98.23, θ=1.67
2026-06-02 14:30:24.157 - [robot_6_log_20260602_143011.csv] - INFO - Distancias a paredes: Left: 265.50, Right: 184.50, Top: 41.77, Bottom: 98.23
2026-06-02 14:30:24.157 - [robot_6_log_20260602_143011.csv] - INFO - Posicion: 265.5, 98.23, 1.668 | Velocidad: -0.9952794415852867, -0.09705067314387801
2026-06-02 14:30:24.157 - [robot_6_log_20260602_143011.csv] - INFO - None
2026-06-02 14:30:24.157 - [robot_6_log_20260602_143011.csv] - WARNING - Estado FSM: AVANZA | Target Wall: None | Target Theta: 0.00° |theta: 95.5693602278213 
2026-06-02 14:30:24.182 - [robot_6_log_20260602_143011.csv] - DEBUG - Incoming data. Topic 6/pos, mensaje {"x": 265.49, "y": 98.22, "yaw": 1.666, "timestamp": 1780403424.1777124}
2026-06-02 14:30:24.187 - [robot_6_log_20260602_143011.csv] - DEBUG - Posición actualizada por visión: x=265.49, y=98.22, θ=1.67
2026-06-02 14:30:24.187 - [robot_6_log_20260602_143011.csv] - DEBUG - Frecuencia: 14.58 Hz | Latencia Red/Proc: 10.00 ms
2026-06-02 14:30:24.187 - [robot_6_log_20260602_143011.csv] - DEBUG - Incoming data. Topic 6/pos, mensaje {"x": 265.49, "y": 98.22, "yaw": 1.666, "timestamp": 1780403424.1777124}
2026-06-02 14:30:24.187 - [robot_6_log_20260602_143011.csv] - DEBUG - Posición actualizada por visión: x=265.49, y=98.22, θ=1.67
2026-06-02 14:30:24.187 - [robot_6_log_20260602_143011.csv] - DEBUG - Frecuencia: 12826.62 Hz | Latencia Red/Proc: 10.07 ms
2026-06-02 14:30:24.187 - [robot_6_log_20260602_143011.csv] - DEBUG - Incoming data. Topic 6/pos, mensaje {"x": 265.49, "y": 98.22, "yaw": 1.666, "timestamp": 1780403424.1870797}
2026-06-02 14:30:24.187 - [robot_6_log_20260602_143011.csv] - DEBUG - Posición actualizada por visión: x=265.49, y=98.22, θ=1.67
2026-06-02 14:30:24.187 - [robot_6_log_20260602_143011.csv] - DEBUG - Frecuencia: 28532.68 Hz | Latencia Red/Proc: 0.74 ms
2026-06-02 14:30:24.187 - [robot_6_log_20260602_143011.csv] - DEBUG - Incoming data. Topic 6/pos, mensaje {"x": 265.49, "y": 98.22, "yaw": 1.666, "timestamp": 1780403424.1870797}
2026-06-02 14:30:24.187 - [robot_6_log_20260602_143011.csv] - DEBUG - Posición actualizada por visión: x=265.49, y=98.22, θ=1.67
2026-06-02 14:30:24.187 - [robot_6_log_20260602_143011.csv] - DEBUG - Frecuencia: 31775.03 Hz | Latencia Red/Proc: 0.77 ms
2026-06-02 14:30:24.207 - [robot_6_log_20260602_143011.csv] - INFO - Usando posición VISION: x=265.49, y=98.22, θ=1.67
2026-06-02 14:30:24.207 - [robot_6_log_20260602_143011.csv] - INFO - Distancias a paredes: Left: 265.49, Right: 184.51, Top: 41.78, Bottom: 98.22
2026-06-02 14:30:24.207 - [robot_6_log_20260602_143011.csv] - INFO - Posicion: 265.49, 98.22, 1.666 | Velocidad: -0.995471552243954, -0.09505992148646485
2026-06-02 14:30:24.207 - [robot_6_log_20260602_143011.csv] - INFO - None
2026-06-02 14:30:24.207 - [robot_6_log_20260602_143011.csv] - WARNING - Estado FSM: AVANZA | Target Wall: None | Target Theta: 0.00° |theta: 95.45476866879514 
2026-06-02 14:30:24.257 - [robot_6_log_20260602_143011.csv] - INFO - Usando posición VISION: x=265.49, y=98.22, θ=1.67
2026-06-02 14:30:24.257 - [robot_6_log_20260602_143011.csv] - INFO - Distancias a paredes: Left: 265.49, Right: 184.51, Top: 41.78, Bottom: 98.22
2026-06-02 14:30:24.257 - [robot_6_log_20260602_143011.csv] - INFO - Posicion: 265.49, 98.22, 1.666 | Velocidad: -0.995471552243954, -0.09505992148646485
2026-06-02 14:30:24.257 - [robot_6_log_20260602_143011.csv] - INFO - None
2026-06-02 14:30:24.257 - [robot_6_log_20260602_143011.csv] - WARNING - Estado FSM: AVANZA | Target Wall: None | Target Theta: 0.00° |theta: 95.45476866879514 
2026-06-02 14:30:24.275 - [robot_6_log_20260602_143011.csv] - DEBUG - Incoming data. Topic 6/pos, mensaje {"x": 265.47, "y": 98.23, "yaw": 1.675, "timestamp": 1780403424.2749243}
2026-06-02 14:30:24.280 - [robot_6_log_20260602_143011.csv] - DEBUG - Posición actualizada por visión: x=265.47, y=98.23, θ=1.68
2026-06-02 14:30:24.286 - [robot_6_log_20260602_143011.csv] - DEBUG - Frecuencia: 10.10 Hz | Latencia Red/Proc: 11.94 ms
2026-06-02 14:30:24.293 - [robot_6_log_20260602_143011.csv] - DEBUG - Incoming data. Topic 6/pos, mensaje {"x": 265.47, "y": 98.23, "yaw": 1.675, "timestamp": 1780403424.2749243}
2026-06-02 14:30:24.293 - [robot_6_log_20260602_143011.csv] - DEBUG - Posición actualizada por visión: x=265.47, y=98.23, θ=1.68
2026-06-02 14:30:24.293 - [robot_6_log_20260602_143011.csv] - DEBUG - Frecuencia: 159.19 Hz | Latencia Red/Proc: 18.22 ms
2026-06-02 14:30:24.293 - [robot_6_log_20260602_143011.csv] - DEBUG - Incoming data. Topic 6/pos, mensaje {"x": 265.47, "y": 98.23, "yaw": 1.675, "timestamp": 1780403424.2838643}
2026-06-02 14:30:24.293 - [robot_6_log_20260602_143011.csv] - DEBUG - Posición actualizada por visión: x=265.47, y=98.23, θ=1.68
2026-06-02 14:30:24.293 - [robot_6_log_20260602_143011.csv] - DEBUG - Frecuencia: 10591.68 Hz | Latencia Red/Proc: 9.37 ms
2026-06-02 14:30:24.293 - [robot_6_log_20260602_143011.csv] - DEBUG - Incoming data. Topic 6/pos, mensaje {"x": 265.47, "y": 98.23, "yaw": 1.675, "timestamp": 1780403424.2838643}
2026-06-02 14:30:24.293 - [robot_6_log_20260602_143011.csv] - DEBUG - Posición actualizada por visión: x=265.47, y=98.23, θ=1.68
2026-06-02 14:30:24.298 - [robot_6_log_20260602_143011.csv] - DEBUG - Frecuencia: 193.79 Hz | Latencia Red/Proc: 14.53 ms
2026-06-02 14:30:24.307 - [robot_6_log_20260602_143011.csv] - INFO - Usando posición VISION: x=265.47, y=98.23, θ=1.68
2026-06-02 14:30:24.307 - [robot_6_log_20260602_143011.csv] - INFO - Distancias a paredes: Left: 265.47, Right: 184.53, Top: 41.77, Bottom: 98.23
2026-06-02 14:30:24.307 - [robot_6_log_20260602_143011.csv] - INFO - Posicion: 265.47, 98.23, 1.675 | Velocidad: -0.9945757081745799, -0.10401519460652353
2026-06-02 14:30:24.307 - [robot_6_log_20260602_143011.csv] - INFO - None
2026-06-02 14:30:24.307 - [robot_6_log_20260602_143011.csv] - WARNING - Estado FSM: AVANZA | Target Wall: None | Target Theta: 0.00° |theta: 95.97043068441289 
2026-06-02 14:30:24.331 - [robot_6_log_20260602_143011.csv] - DEBUG - Incoming data. Topic agent/6/wheel, mensaje {"Wleft":1.657007864e-15,"Wright":-3.719247132e-16}
2026-06-02 14:30:24.357 - [robot_6_log_20260602_143011.csv] - INFO - Usando posición VISION: x=265.47, y=98.23, θ=1.68
2026-06-02 14:30:24.357 - [robot_6_log_20260602_143011.csv] - INFO - Distancias a paredes: Left: 265.47, Right: 184.53, Top: 41.77, Bottom: 98.23
2026-06-02 14:30:24.357 - [robot_6_log_20260602_143011.csv] - INFO - Posicion: 265.47, 98.23, 1.675 | Velocidad: -0.9945757081745799, -0.10401519460652353
2026-06-02 14:30:24.357 - [robot_6_log_20260602_143011.csv] - INFO - None
2026-06-02 14:30:24.357 - [robot_6_log_20260602_143011.csv] - WARNING - Estado FSM: AVANZA | Target Wall: None | Target Theta: 0.00° |theta: 95.97043068441289 
2026-06-02 14:30:24.367 - [robot_6_log_20260602_143011.csv] - DEBUG - Incoming data. Topic agent/6/wheel, mensaje {"Wleft":1.657007864e-15,"Wright":-3.719247132e-16}
2026-06-02 14:30:24.384 - [robot_6_log_20260602_143011.csv] - DEBUG - Incoming data. Topic 6/pos, mensaje {"x": 265.5, "y": 98.22, "yaw": 1.668, "timestamp": 1780403424.3771553}
2026-06-02 14:30:24.389 - [robot_6_log_20260602_143011.csv] - DEBUG - Posición actualizada por visión: x=265.50, y=98.22, θ=1.67
2026-06-02 14:30:24.399 - [robot_6_log_20260602_143011.csv] - DEBUG - Frecuencia: 9.85 Hz | Latencia Red/Proc: 22.79 ms
2026-06-02 14:30:24.405 - [robot_6_log_20260602_143011.csv] - DEBUG - Incoming data. Topic 6/pos, mensaje {"x": 265.5, "y": 98.22, "yaw": 1.668, "timestamp": 1780403424.3771553}
2026-06-02 14:30:24.405 - [robot_6_log_20260602_143011.csv] - DEBUG - Posición actualizada por visión: x=265.50, y=98.22, θ=1.67
2026-06-02 14:30:24.405 - [robot_6_log_20260602_143011.csv] - DEBUG - Frecuencia: 192.03 Hz | Latencia Red/Proc: 28.00 ms
2026-06-02 14:30:24.405 - [robot_6_log_20260602_143011.csv] - DEBUG - Incoming data. Topic 6/pos, mensaje {"x": 265.5, "y": 98.22, "yaw": 1.668, "timestamp": 1780403424.3867466}
2026-06-02 14:30:24.405 - [robot_6_log_20260602_143011.csv] - DEBUG - Posición actualizada por visión: x=265.50, y=98.22, θ=1.67
2026-06-02 14:30:24.405 - [robot_6_log_20260602_143011.csv] - DEBUG - Frecuencia: 23045.63 Hz | Latencia Red/Proc: 18.45 ms
2026-06-02 14:30:24.407 - [robot_6_log_20260602_143011.csv] - INFO - Usando posición VISION: x=265.50, y=98.22, θ=1.67
2026-06-02 14:30:24.407 - [robot_6_log_20260602_143011.csv] - DEBUG - Incoming data. Topic 6/pos, mensaje {"x": 265.5, "y": 98.22, "yaw": 1.668, "timestamp": 1780403424.3867466}
2026-06-02 14:30:24.407 - [robot_6_log_20260602_143011.csv] - INFO - Distancias a paredes: Left: 265.50, Right: 184.50, Top: 41.78, Bottom: 98.22
2026-06-02 14:30:24.407 - [robot_6_log_20260602_143011.csv] - DEBUG - Posición actualizada por visión: x=265.50, y=98.22, θ=1.67
2026-06-02 14:30:24.407 - [robot_6_log_20260602_143011.csv] - INFO - Posicion: 265.5, 98.22, 1.668 | Velocidad: -0.9952794415852867, -0.09705067314387801
2026-06-02 14:30:24.407 - [robot_6_log_20260602_143011.csv] - DEBUG - Frecuencia: 407.25 Hz | Latencia Red/Proc: 20.91 ms
2026-06-02 14:30:24.407 - [robot_6_log_20260602_143011.csv] - INFO - None
2026-06-02 14:30:24.407 - [robot_6_log_20260602_143011.csv] - WARNING - Estado FSM: AVANZA | Target Wall: None | Target Theta: 0.00° |theta: 95.5693602278213 
2026-06-02 14:30:24.457 - [robot_6_log_20260602_143011.csv] - INFO - Usando posición VISION: x=265.50, y=98.22, θ=1.67
2026-06-02 14:30:24.457 - [robot_6_log_20260602_143011.csv] - INFO - Distancias a paredes: Left: 265.50, Right: 184.50, Top: 41.78, Bottom: 98.22
2026-06-02 14:30:24.457 - [robot_6_log_20260602_143011.csv] - INFO - Posicion: 265.5, 98.22, 1.668 | Velocidad: -0.9952794415852867, -0.09705067314387801
2026-06-02 14:30:24.457 - [robot_6_log_20260602_143011.csv] - INFO - None
2026-06-02 14:30:24.457 - [robot_6_log_20260602_143011.csv] - WARNING - Estado FSM: AVANZA | Target Wall: None | Target Theta: 0.00° |theta: 95.5693602278213 
2026-06-02 14:30:24.481 - [robot_6_log_20260602_143011.csv] - DEBUG - Incoming data. Topic 6/pos, mensaje {"x": 265.48, "y": 98.24, "yaw": 1.666, "timestamp": 1780403424.4770257}
2026-06-02 14:30:24.486 - [robot_6_log_20260602_143011.csv] - DEBUG - Posición actualizada por visión: x=265.48, y=98.24, θ=1.67
2026-06-02 14:30:24.491 - [robot_6_log_20260602_143011.csv] - DEBUG - Frecuencia: 11.90 Hz | Latencia Red/Proc: 14.66 ms
2026-06-02 14:30:24.497 - [robot_6_log_20260602_143011.csv] - DEBUG - Incoming data. Topic 6/pos, mensaje {"x": 265.48, "y": 98.24, "yaw": 1.666, "timestamp": 1780403424.4770257}
2026-06-02 14:30:24.497 - [robot_6_log_20260602_143011.csv] - DEBUG - Posición actualizada por visión: x=265.48, y=98.24, θ=1.67
2026-06-02 14:30:24.497 - [robot_6_log_20260602_143011.csv] - DEBUG - Frecuencia: 158.62 Hz | Latencia Red/Proc: 20.97 ms
2026-06-02 14:30:24.498 - [robot_6_log_20260602_143011.csv] - DEBUG - Incoming data. Topic 6/pos, mensaje {"x": 265.48, "y": 98.24, "yaw": 1.666, "timestamp": 1780403424.487981}
2026-06-02 14:30:24.498 - [robot_6_log_20260602_143011.csv] - DEBUG - Posición actualizada por visión: x=265.48, y=98.24, θ=1.67
2026-06-02 14:30:24.498 - [robot_6_log_20260602_143011.csv] - DEBUG - Frecuencia: 11459.85 Hz | Latencia Red/Proc: 10.10 ms
2026-06-02 14:30:24.498 - [robot_6_log_20260602_143011.csv] - DEBUG - Incoming data. Topic 6/pos, mensaje {"x": 265.48, "y": 98.24, "yaw": 1.666, "timestamp": 1780403424.487981}
2026-06-02 14:30:24.503 - [robot_6_log_20260602_143011.csv] - DEBUG - Posición actualizada por visión: x=265.48, y=98.24, θ=1.67
2026-06-02 14:30:24.507 - [robot_6_log_20260602_143011.csv] - INFO - Usando posición VISION: x=265.48, y=98.24, θ=1.67
2026-06-02 14:30:24.507 - [robot_6_log_20260602_143011.csv] - DEBUG - Frecuencia: 106.06 Hz | Latencia Red/Proc: 19.53 ms
2026-06-02 14:30:24.507 - [robot_6_log_20260602_143011.csv] - INFO - Distancias a paredes: Left: 265.48, Right: 184.52, Top: 41.76, Bottom: 98.24
2026-06-02 14:30:24.507 - [robot_6_log_20260602_143011.csv] - INFO - Posicion: 265.48, 98.24, 1.666 | Velocidad: -0.995471552243954, -0.09505992148646485
2026-06-02 14:30:24.507 - [robot_6_log_20260602_143011.csv] - INFO - None
2026-06-02 14:30:24.507 - [robot_6_log_20260602_143011.csv] - WARNING - Estado FSM: AVANZA | Target Wall: None | Target Theta: 0.00° |theta: 95.45476866879514 
2026-06-02 14:30:24.532 - [robot_6_log_20260602_143011.csv] - DEBUG - Incoming data. Topic agent/6/wheel, mensaje {"Wleft":1.657007864e-15,"Wright":-3.719247132e-16}
2026-06-02 14:30:24.557 - [robot_6_log_20260602_143011.csv] - INFO - Usando posición VISION: x=265.48, y=98.24, θ=1.67
2026-06-02 14:30:24.557 - [robot_6_log_20260602_143011.csv] - INFO - Distancias a paredes: Left: 265.48, Right: 184.52, Top: 41.76, Bottom: 98.24
2026-06-02 14:30:24.557 - [robot_6_log_20260602_143011.csv] - INFO - Posicion: 265.48, 98.24, 1.666 | Velocidad: -0.995471552243954, -0.09505992148646485
2026-06-02 14:30:24.557 - [robot_6_log_20260602_143011.csv] - INFO - None
2026-06-02 14:30:24.557 - [robot_6_log_20260602_143011.csv] - WARNING - Estado FSM: AVANZA | Target Wall: None | Target Theta: 0.00° |theta: 95.45476866879514 
2026-06-02 14:30:24.582 - [robot_6_log_20260602_143011.csv] - DEBUG - Incoming data. Topic 6/pos, mensaje {"x": 265.52, "y": 98.2, "yaw": 1.68, "timestamp": 1780403424.5776517}
2026-06-02 14:30:24.587 - [robot_6_log_20260602_143011.csv] - DEBUG - Posición actualizada por visión: x=265.52, y=98.20, θ=1.68
2026-06-02 14:30:24.593 - [robot_6_log_20260602_143011.csv] - DEBUG - Frecuencia: 11.63 Hz | Latencia Red/Proc: 15.87 ms
2026-06-02 14:30:24.604 - [robot_6_log_20260602_143011.csv] - DEBUG - Incoming data. Topic agent/6/wheel, mensaje {"Wleft":1.657007864e-15,"Wright":-3.719247132e-16}
2026-06-02 14:30:24.607 - [robot_6_log_20260602_143011.csv] - INFO - Usando posición VISION: x=265.52, y=98.20, θ=1.68
2026-06-02 14:30:24.607 - [robot_6_log_20260602_143011.csv] - DEBUG - Incoming data. Topic 6/pos, mensaje {"x": 265.52, "y": 98.2, "yaw": 1.68, "timestamp": 1780403424.5890732}
2026-06-02 14:30:24.607 - [robot_6_log_20260602_143011.csv] - INFO - Distancias a paredes: Left: 265.52, Right: 184.48, Top: 41.80, Bottom: 98.20
2026-06-02 14:30:24.607 - [robot_6_log_20260602_143011.csv] - DEBUG - Posición actualizada por visión: x=265.52, y=98.20, θ=1.68
2026-06-02 14:30:24.607 - [robot_6_log_20260602_143011.csv] - INFO - Posicion: 265.52, 98.2, 1.68 | Velocidad: -0.994043202198076, -0.10898675223987112
2026-06-02 14:30:24.607 - [robot_6_log_20260602_143011.csv] - DEBUG - Frecuencia: 70.95 Hz | Latencia Red/Proc: 18.54 ms
2026-06-02 14:30:24.607 - [robot_6_log_20260602_143011.csv] - INFO - None
2026-06-02 14:30:24.607 - [robot_6_log_20260602_143011.csv] - DEBUG - Incoming data. Topic 6/pos, mensaje {"x": 265.52, "y": 98.2, "yaw": 1.68, "timestamp": 1780403424.5776517}
2026-06-02 14:30:24.607 - [robot_6_log_20260602_143011.csv] - DEBUG - Posición actualizada por visión: x=265.52, y=98.20, θ=1.68
2026-06-02 14:30:24.607 - [robot_6_log_20260602_143011.csv] - DEBUG - Frecuencia: 6452.78 Hz | Latencia Red/Proc: 30.12 ms
2026-06-02 14:30:24.607 - [robot_6_log_20260602_143011.csv] - WARNING - Estado FSM: AVANZA | Target Wall: None | Target Theta: 0.00° |theta: 96.2569095819783 
2026-06-02 14:30:24.637 - [robot_6_log_20260602_143011.csv] - DEBUG - Incoming data. Topic 6/pos, mensaje {"x": 265.52, "y": 98.2, "yaw": 1.68, "timestamp": 1780403424.5890732}
2026-06-02 14:30:24.642 - [robot_6_log_20260602_143011.csv] - DEBUG - Posición actualizada por visión: x=265.52, y=98.20, θ=1.68
2026-06-02 14:30:24.647 - [robot_6_log_20260602_143011.csv] - DEBUG - Frecuencia: 24.99 Hz | Latencia Red/Proc: 58.71 ms
2026-06-02 14:30:24.657 - [robot_6_log_20260602_143011.csv] - INFO - Usando posición VISION: x=265.52, y=98.20, θ=1.68
2026-06-02 14:30:24.657 - [robot_6_log_20260602_143011.csv] - INFO - Distancias a paredes: Left: 265.52, Right: 184.48, Top: 41.80, Bottom: 98.20
2026-06-02 14:30:24.657 - [robot_6_log_20260602_143011.csv] - INFO - Posicion: 265.52, 98.2, 1.68 | Velocidad: -0.994043202198076, -0.10898675223987112
2026-06-02 14:30:24.657 - [robot_6_log_20260602_143011.csv] - INFO - None
2026-06-02 14:30:24.657 - [robot_6_log_20260602_143011.csv] - WARNING - Estado FSM: AVANZA | Target Wall: None | Target Theta: 0.00° |theta: 96.2569095819783 
2026-06-02 14:30:24.682 - [robot_6_log_20260602_143011.csv] - DEBUG - Incoming data. Topic 6/pos, mensaje {"x": 265.48, "y": 98.23, "yaw": 1.676, "timestamp": 1780403424.6774807}
2026-06-02 14:30:24.687 - [robot_6_log_20260602_143011.csv] - DEBUG - Posición actualizada por visión: x=265.48, y=98.23, θ=1.68
2026-06-02 14:30:24.692 - [robot_6_log_20260602_143011.csv] - DEBUG - Frecuencia: 22.22 Hz | Latencia Red/Proc: 15.31 ms
2026-06-02 14:30:24.697 - [robot_6_log_20260602_143011.csv] - DEBUG - Incoming data. Topic 6/pos, mensaje {"x": 265.48, "y": 98.23, "yaw": 1.676, "timestamp": 1780403424.6774807}
2026-06-02 14:30:24.697 - [robot_6_log_20260602_143011.csv] - DEBUG - Posición actualizada por visión: x=265.48, y=98.23, θ=1.68
2026-06-02 14:30:24.703 - [robot_6_log_20260602_143011.csv] - DEBUG - Frecuencia: 97.39 Hz | Latencia Red/Proc: 25.58 ms
2026-06-02 14:30:24.707 - [robot_6_log_20260602_143011.csv] - INFO - Usando posición VISION: x=265.48, y=98.23, θ=1.68
2026-06-02 14:30:24.707 - [robot_6_log_20260602_143011.csv] - DEBUG - Incoming data. Topic 6/pos, mensaje {"x": 265.48, "y": 98.23, "yaw": 1.676, "timestamp": 1780403424.688801}
2026-06-02 14:30:24.707 - [robot_6_log_20260602_143011.csv] - INFO - Distancias a paredes: Left: 265.48, Right: 184.52, Top: 41.77, Bottom: 98.23
2026-06-02 14:30:24.707 - [robot_6_log_20260602_143011.csv] - DEBUG - Posición actualizada por visión: x=265.48, y=98.23, θ=1.68
2026-06-02 14:30:24.707 - [robot_6_log_20260602_143011.csv] - INFO - Posicion: 265.48, 98.23, 1.676 | Velocidad: -0.9944711957094966, -0.10500971814134243
2026-06-02 14:30:24.707 - [robot_6_log_20260602_143011.csv] - DEBUG - Frecuencia: 218.57 Hz | Latencia Red/Proc: 18.84 ms
2026-06-02 14:30:24.707 - [robot_6_log_20260602_143011.csv] - INFO - None
2026-06-02 14:30:24.707 - [robot_6_log_20260602_143011.csv] - DEBUG - Incoming data. Topic 6/pos, mensaje {"x": 265.48, "y": 98.23, "yaw": 1.676, "timestamp": 1780403424.688801}
2026-06-02 14:30:24.707 - [robot_6_log_20260602_143011.csv] - DEBUG - Posición actualizada por visión: x=265.48, y=98.23, θ=1.68
2026-06-02 14:30:24.707 - [robot_6_log_20260602_143011.csv] - DEBUG - Frecuencia: 7013.89 Hz | Latencia Red/Proc: 18.98 ms
2026-06-02 14:30:24.707 - [robot_6_log_20260602_143011.csv] - WARNING - Estado FSM: AVANZA | Target Wall: None | Target Theta: 0.00° |theta: 96.02772646392597 
2026-06-02 14:30:24.737 - [robot_6_log_20260602_143011.csv] - DEBUG - Incoming data. Topic agent/6/wheel, mensaje {"Wleft":1.657007864e-15,"Wright":-3.719247132e-16}
2026-06-02 14:30:24.757 - [robot_6_log_20260602_143011.csv] - INFO - Usando posición VISION: x=265.48, y=98.23, θ=1.68
2026-06-02 14:30:24.757 - [robot_6_log_20260602_143011.csv] - INFO - Distancias a paredes: Left: 265.48, Right: 184.52, Top: 41.77, Bottom: 98.23
2026-06-02 14:30:24.757 - [robot_6_log_20260602_143011.csv] - INFO - Posicion: 265.48, 98.23, 1.676 | Velocidad: -0.9944711957094966, -0.10500971814134243
2026-06-02 14:30:24.757 - [robot_6_log_20260602_143011.csv] - INFO - None
2026-06-02 14:30:24.757 - [robot_6_log_20260602_143011.csv] - WARNING - Estado FSM: AVANZA | Target Wall: None | Target Theta: 0.00° |theta: 96.02772646392597 
2026-06-02 14:30:24.770 - [robot_6_log_20260602_143011.csv] - DEBUG - Incoming data. Topic agent/6/wheel, mensaje {"Wleft":1.657007864e-15,"Wright":-3.719247132e-16}
2026-06-02 14:30:24.781 - [robot_6_log_20260602_143011.csv] - DEBUG - Incoming data. Topic 6/pos, mensaje {"x": 265.49, "y": 98.24, "yaw": 1.667, "timestamp": 1780403424.779099}
2026-06-02 14:30:24.786 - [robot_6_log_20260602_143011.csv] - DEBUG - Posición actualizada por visión: x=265.49, y=98.24, θ=1.67
2026-06-02 14:30:24.786 - [robot_6_log_20260602_143011.csv] - DEBUG - Frecuencia: 12.67 Hz | Latencia Red/Proc: 7.64 ms
2026-06-02 14:30:24.786 - [robot_6_log_20260602_143011.csv] - DEBUG - Incoming data. Topic 6/pos, mensaje {"x": 265.49, "y": 98.24, "yaw": 1.667, "timestamp": 1780403424.779099}
2026-06-02 14:30:24.786 - [robot_6_log_20260602_143011.csv] - DEBUG - Posición actualizada por visión: x=265.49, y=98.24, θ=1.67
2026-06-02 14:30:24.786 - [robot_6_log_20260602_143011.csv] - DEBUG - Frecuencia: 8160.12 Hz | Latencia Red/Proc: 7.76 ms
2026-06-02 14:30:24.792 - [robot_6_log_20260602_143011.csv] - DEBUG - Incoming data. Topic 6/pos, mensaje {"x": 265.49, "y": 98.24, "yaw": 1.667, "timestamp": 1780403424.7911472}
2026-06-02 14:30:24.792 - [robot_6_log_20260602_143011.csv] - DEBUG - Posición actualizada por visión: x=265.49, y=98.24, θ=1.67
2026-06-02 14:30:24.792 - [robot_6_log_20260602_143011.csv] - DEBUG - Frecuencia: 165.10 Hz | Latencia Red/Proc: 1.77 ms
2026-06-02 14:30:24.792 - [robot_6_log_20260602_143011.csv] - DEBUG - Incoming data. Topic 6/pos, mensaje {"x": 265.49, "y": 98.24, "yaw": 1.667, "timestamp": 1780403424.7911472}
2026-06-02 14:30:24.792 - [robot_6_log_20260602_143011.csv] - DEBUG - Posición actualizada por visión: x=265.49, y=98.24, θ=1.67
2026-06-02 14:30:24.792 - [robot_6_log_20260602_143011.csv] - DEBUG - Frecuencia: 19784.45 Hz | Latencia Red/Proc: 1.82 ms
2026-06-02 14:30:24.807 - [robot_6_log_20260602_143011.csv] - INFO - Usando posición VISION: x=265.49, y=98.24, θ=1.67
2026-06-02 14:30:24.807 - [robot_6_log_20260602_143011.csv] - INFO - Distancias a paredes: Left: 265.49, Right: 184.51, Top: 41.76, Bottom: 98.24
2026-06-02 14:30:24.807 - [robot_6_log_20260602_143011.csv] - INFO - Posicion: 265.49, 98.24, 1.667 | Velocidad: -0.9953759946025762, -0.09605534534284021
2026-06-02 14:30:24.807 - [robot_6_log_20260602_143011.csv] - INFO - None
2026-06-02 14:30:24.807 - [robot_6_log_20260602_143011.csv] - WARNING - Estado FSM: AVANZA | Target Wall: None | Target Theta: 0.00° |theta: 95.51206444830824 
2026-06-02 14:30:24.857 - [robot_6_log_20260602_143011.csv] - INFO - Usando posición VISION: x=265.49, y=98.24, θ=1.67
2026-06-02 14:30:24.857 - [robot_6_log_20260602_143011.csv] - INFO - Distancias a paredes: Left: 265.49, Right: 184.51, Top: 41.76, Bottom: 98.24
2026-06-02 14:30:24.857 - [robot_6_log_20260602_143011.csv] - INFO - Posicion: 265.49, 98.24, 1.667 | Velocidad: -0.9953759946025762, -0.09605534534284021
2026-06-02 14:30:24.857 - [robot_6_log_20260602_143011.csv] - INFO - None
2026-06-02 14:30:24.857 - [robot_6_log_20260602_143011.csv] - WARNING - Estado FSM: AVANZA | Target Wall: None | Target Theta: 0.00° |theta: 95.51206444830824 
2026-06-02 14:30:24.881 - [robot_6_log_20260602_143011.csv] - DEBUG - Incoming data. Topic agent/6/wheel, mensaje {"Wleft":1.657007864e-15,"Wright":-3.719247132e-16}
2026-06-02 14:30:24.892 - [robot_6_log_20260602_143011.csv] - DEBUG - Incoming data. Topic 6/pos, mensaje {"x": 265.49, "y": 98.24, "yaw": 1.669, "timestamp": 1780403424.879565}
2026-06-02 14:30:24.897 - [robot_6_log_20260602_143011.csv] - DEBUG - Posición actualizada por visión: x=265.49, y=98.24, θ=1.67
2026-06-02 14:30:24.903 - [robot_6_log_20260602_143011.csv] - DEBUG - Frecuencia: 9.02 Hz | Latencia Red/Proc: 24.29 ms
2026-06-02 14:30:24.903 - [robot_6_log_20260602_143011.csv] - DEBUG - Incoming data. Topic 6/pos, mensaje {"x": 265.49, "y": 98.24, "yaw": 1.669, "timestamp": 1780403424.879565}
2026-06-02 14:30:24.903 - [robot_6_log_20260602_143011.csv] - DEBUG - Posición actualizada por visión: x=265.49, y=98.24, θ=1.67
2026-06-02 14:30:24.903 - [robot_6_log_20260602_143011.csv] - DEBUG - Frecuencia: 7869.24 Hz | Latencia Red/Proc: 24.42 ms
2026-06-02 14:30:24.904 - [robot_6_log_20260602_143011.csv] - DEBUG - Incoming data. Topic 6/pos, mensaje {"x": 265.49, "y": 98.24, "yaw": 1.669, "timestamp": 1780403424.8916478}
2026-06-02 14:30:24.904 - [robot_6_log_20260602_143011.csv] - DEBUG - Posición actualizada por visión: x=265.49, y=98.24, θ=1.67
2026-06-02 14:30:24.904 - [robot_6_log_20260602_143011.csv] - DEBUG - Frecuencia: 26886.56 Hz | Latencia Red/Proc: 12.37 ms
2026-06-02 14:30:24.904 - [robot_6_log_20260602_143011.csv] - DEBUG - Incoming data. Topic 6/pos, mensaje {"x": 265.49, "y": 98.24, "yaw": 1.669, "timestamp": 1780403424.8916478}
2026-06-02 14:30:24.904 - [robot_6_log_20260602_143011.csv] - DEBUG - Posición actualizada por visión: x=265.49, y=98.24, θ=1.67
2026-06-02 14:30:24.904 - [robot_6_log_20260602_143011.csv] - DEBUG - Frecuencia: 31300.78 Hz | Latencia Red/Proc: 12.41 ms
2026-06-02 14:30:24.907 - [robot_6_log_20260602_143011.csv] - INFO - Usando posición VISION: x=265.49, y=98.24, θ=1.67
2026-06-02 14:30:24.907 - [robot_6_log_20260602_143011.csv] - INFO - Distancias a paredes: Left: 265.49, Right: 184.51, Top: 41.76, Bottom: 98.24
2026-06-02 14:30:24.907 - [robot_6_log_20260602_143011.csv] - INFO - Posicion: 265.49, 98.24, 1.669 | Velocidad: -0.9951818932886386, -0.09804590389425098
2026-06-02 14:30:24.907 - [robot_6_log_20260602_143011.csv] - INFO - None
2026-06-02 14:30:24.907 - [robot_6_log_20260602_143011.csv] - WARNING - Estado FSM: AVANZA | Target Wall: None | Target Theta: 0.00° |theta: 95.6266560073344 
2026-06-02 14:30:24.957 - [robot_6_log_20260602_143011.csv] - INFO - Usando posición VISION: x=265.49, y=98.24, θ=1.67
2026-06-02 14:30:24.957 - [robot_6_log_20260602_143011.csv] - INFO - Distancias a paredes: Left: 265.49, Right: 184.51, Top: 41.76, Bottom: 98.24
2026-06-02 14:30:24.957 - [robot_6_log_20260602_143011.csv] - INFO - Posicion: 265.49, 98.24, 1.669 | Velocidad: -0.9951818932886386, -0.09804590389425098
2026-06-02 14:30:24.957 - [robot_6_log_20260602_143011.csv] - INFO - None
2026-06-02 14:30:24.957 - [robot_6_log_20260602_143011.csv] - WARNING - Estado FSM: AVANZA | Target Wall: None | Target Theta: 0.00° |theta: 95.6266560073344 
2026-06-02 14:30:24.986 - [robot_6_log_20260602_143011.csv] - DEBUG - Incoming data. Topic 6/pos, mensaje {"x": 265.47, "y": 98.25, "yaw": 1.674, "timestamp": 1780403424.9796286}
2026-06-02 14:30:24.986 - [robot_6_log_20260602_143011.csv] - DEBUG - Posición actualizada por visión: x=265.47, y=98.25, θ=1.67
2026-06-02 14:30:24.986 - [robot_6_log_20260602_143011.csv] - DEBUG - Frecuencia: 12.13 Hz | Latencia Red/Proc: 6.85 ms
2026-06-02 14:30:24.986 - [robot_6_log_20260602_143011.csv] - DEBUG - Incoming data. Topic 6/pos, mensaje {"x": 265.47, "y": 98.25, "yaw": 1.674, "timestamp": 1780403424.9796286}
2026-06-02 14:30:24.986 - [robot_6_log_20260602_143011.csv] - DEBUG - Posición actualizada por visión: x=265.47, y=98.25, θ=1.67
2026-06-02 14:30:24.986 - [robot_6_log_20260602_143011.csv] - DEBUG - Frecuencia: 20867.18 Hz | Latencia Red/Proc: 6.90 ms
2026-06-02 14:30:24.992 - [robot_6_log_20260602_143011.csv] - DEBUG - Incoming data. Topic 6/pos, mensaje {"x": 265.47, "y": 98.25, "yaw": 1.674, "timestamp": 1780403424.9902332}
2026-06-02 14:30:24.997 - [robot_6_log_20260602_143011.csv] - DEBUG - Posición actualizada por visión: x=265.47, y=98.25, θ=1.67
2026-06-02 14:30:24.997 - [robot_6_log_20260602_143011.csv] - DEBUG - Frecuencia: 89.15 Hz | Latencia Red/Proc: 7.51 ms
2026-06-02 14:30:24.997 - [robot_6_log_20260602_143011.csv] - DEBUG - Incoming data. Topic 6/pos, mensaje {"x": 265.47, "y": 98.25, "yaw": 1.674, "timestamp": 1780403424.9902332}
2026-06-02 14:30:24.997 - [robot_6_log_20260602_143011.csv] - DEBUG - Posición actualizada por visión: x=265.47, y=98.25, θ=1.67
2026-06-02 14:30:24.997 - [robot_6_log_20260602_143011.csv] - DEBUG - Frecuencia: 13573.80 Hz | Latencia Red/Proc: 7.58 ms
2026-06-02 14:30:25.007 - [robot_6_log_20260602_143011.csv] - INFO - Usando posición VISION: x=265.47, y=98.25, θ=1.67
2026-06-02 14:30:25.007 - [robot_6_log_20260602_143011.csv] - INFO - Distancias a paredes: Left: 265.47, Right: 184.53, Top: 41.75, Bottom: 98.25
2026-06-02 14:30:25.007 - [robot_6_log_20260602_143011.csv] - INFO - Posicion: 265.47, 98.25, 1.674 | Velocidad: -0.9946792260640379, -0.10302056705651848
2026-06-02 14:30:25.007 - [robot_6_log_20260602_143011.csv] - INFO - None
2026-06-02 14:30:25.007 - [robot_6_log_20260602_143011.csv] - WARNING - Estado FSM: AVANZA | Target Wall: None | Target Theta: 0.00° |theta: 95.9131349048998 
2026-06-02 14:30:25.032 - [robot_6_log_20260602_143011.csv] - DEBUG - Incoming data. Topic agent/6/wheel, mensaje {"Wleft":1.657007864e-15,"Wright":-3.719247132e-16}
2026-06-02 14:30:25.057 - [robot_6_log_20260602_143011.csv] - INFO - Usando posición VISION: x=265.47, y=98.25, θ=1.67
2026-06-02 14:30:25.057 - [robot_6_log_20260602_143011.csv] - INFO - Distancias a paredes: Left: 265.47, Right: 184.53, Top: 41.75, Bottom: 98.25
2026-06-02 14:30:25.057 - [robot_6_log_20260602_143011.csv] - INFO - Posicion: 265.47, 98.25, 1.674 | Velocidad: -0.9946792260640379, -0.10302056705651848
2026-06-02 14:30:25.057 - [robot_6_log_20260602_143011.csv] - INFO - None
2026-06-02 14:30:25.057 - [robot_6_log_20260602_143011.csv] - WARNING - Estado FSM: AVANZA | Target Wall: None | Target Theta: 0.00° |theta: 95.9131349048998 
2026-06-02 14:30:25.082 - [robot_6_log_20260602_143011.csv] - DEBUG - Incoming data. Topic 6/pos, mensaje {"x": 265.49, "y": 98.22, "yaw": 1.667, "timestamp": 1780403425.079304}
2026-06-02 14:30:25.087 - [robot_6_log_20260602_143011.csv] - DEBUG - Posición actualizada por visión: x=265.49, y=98.22, θ=1.67
2026-06-02 14:30:25.092 - [robot_6_log_20260602_143011.csv] - DEBUG - Frecuencia: 10.57 Hz | Latencia Red/Proc: 13.12 ms
2026-06-02 14:30:25.092 - [robot_6_log_20260602_143011.csv] - DEBUG - Incoming data. Topic 6/pos, mensaje {"x": 265.49, "y": 98.22, "yaw": 1.667, "timestamp": 1780403425.079304}
2026-06-02 14:30:25.092 - [robot_6_log_20260602_143011.csv] - DEBUG - Posición actualizada por visión: x=265.49, y=98.22, θ=1.67
2026-06-02 14:30:25.092 - [robot_6_log_20260602_143011.csv] - DEBUG - Frecuencia: 21959.71 Hz | Latencia Red/Proc: 13.16 ms
2026-06-02 14:30:25.092 - [robot_6_log_20260602_143011.csv] - DEBUG - Incoming data. Topic 6/pos, mensaje {"x": 265.49, "y": 98.22, "yaw": 1.667, "timestamp": 1780403425.088901}
2026-06-02 14:30:25.092 - [robot_6_log_20260602_143011.csv] - DEBUG - Posición actualizada por visión: x=265.49, y=98.22, θ=1.67
2026-06-02 14:30:25.092 - [robot_6_log_20260602_143011.csv] - DEBUG - Frecuencia: 25266.89 Hz | Latencia Red/Proc: 3.60 ms
2026-06-02 14:30:25.092 - [robot_6_log_20260602_143011.csv] - DEBUG - Incoming data. Topic agent/6/wheel, mensaje {"Wleft":1.657007864e-15,"Wright":-3.719247132e-16}
2026-06-02 14:30:25.107 - [robot_6_log_20260602_143011.csv] - INFO - Usando posición VISION: x=265.49, y=98.22, θ=1.67
2026-06-02 14:30:25.107 - [robot_6_log_20260602_143011.csv] - INFO - Distancias a paredes: Left: 265.49, Right: 184.51, Top: 41.78, Bottom: 98.22
2026-06-02 14:30:25.107 - [robot_6_log_20260602_143011.csv] - INFO - Posicion: 265.49, 98.22, 1.667 | Velocidad: -0.9953759946025762, -0.09605534534284021
2026-06-02 14:30:25.107 - [robot_6_log_20260602_143011.csv] - INFO - None
2026-06-02 14:30:25.107 - [robot_6_log_20260602_143011.csv] - WARNING - Estado FSM: AVANZA | Target Wall: None | Target Theta: 0.00° |theta: 95.51206444830824 
2026-06-02 14:30:25.132 - [robot_6_log_20260602_143011.csv] - DEBUG - Incoming data. Topic 6/pos, mensaje {"x": 265.49, "y": 98.22, "yaw": 1.667, "timestamp": 1780403425.088901}
2026-06-02 14:30:25.132 - [robot_6_log_20260602_143011.csv] - DEBUG - Posición actualizada por visión: x=265.49, y=98.22, θ=1.67
2026-06-02 14:30:25.132 - [robot_6_log_20260602_143011.csv] - DEBUG - Frecuencia: 25.22 Hz | Latencia Red/Proc: 43.26 ms
2026-06-02 14:30:25.157 - [robot_6_log_20260602_143011.csv] - INFO - Usando posición VISION: x=265.49, y=98.22, θ=1.67
2026-06-02 14:30:25.157 - [robot_6_log_20260602_143011.csv] - INFO - Distancias a paredes: Left: 265.49, Right: 184.51, Top: 41.78, Bottom: 98.22
2026-06-02 14:30:25.157 - [robot_6_log_20260602_143011.csv] - INFO - Posicion: 265.49, 98.22, 1.667 | Velocidad: -0.9953759946025762, -0.09605534534284021
2026-06-02 14:30:25.157 - [robot_6_log_20260602_143011.csv] - INFO - None
2026-06-02 14:30:25.157 - [robot_6_log_20260602_143011.csv] - WARNING - Estado FSM: AVANZA | Target Wall: None | Target Theta: 0.00° |theta: 95.51206444830824 
2026-06-02 14:30:25.186 - [robot_6_log_20260602_143011.csv] - DEBUG - Incoming data. Topic 6/pos, mensaje {"x": 265.53, "y": 98.18, "yaw": 1.68, "timestamp": 1780403425.1779897}
2026-06-02 14:30:25.191 - [robot_6_log_20260602_143011.csv] - DEBUG - Posición actualizada por visión: x=265.53, y=98.18, θ=1.68
2026-06-02 14:30:25.197 - [robot_6_log_20260602_143011.csv] - DEBUG - Frecuencia: 15.40 Hz | Latencia Red/Proc: 19.09 ms
2026-06-02 14:30:25.207 - [robot_6_log_20260602_143011.csv] - INFO - Usando posición VISION: x=265.53, y=98.18, θ=1.68
2026-06-02 14:30:25.207 - [robot_6_log_20260602_143011.csv] - INFO - Distancias a paredes: Left: 265.53, Right: 184.47, Top: 41.82, Bottom: 98.18
2026-06-02 14:30:25.207 - [robot_6_log_20260602_143011.csv] - INFO - Posicion: 265.53, 98.18, 1.68 | Velocidad: -0.994043202198076, -0.10898675223987112
2026-06-02 14:30:25.207 - [robot_6_log_20260602_143011.csv] - INFO - None
2026-06-02 14:30:25.207 - [robot_6_log_20260602_143011.csv] - WARNING - Estado FSM: AVANZA | Target Wall: None | Target Theta: 0.00° |theta: 96.2569095819783 
2026-06-02 14:30:25.212 - [robot_6_log_20260602_143011.csv] - DEBUG - Incoming data. Topic agent/6/wheel, mensaje {"Wleft":1.657007864e-15,"Wright":-3.719247132e-16}
2026-06-02 14:30:25.213 - [robot_6_log_20260602_143011.csv] - DEBUG - Incoming data. Topic 6/pos, mensaje {"x": 265.53, "y": 98.18, "yaw": 1.68, "timestamp": 1780403425.189708}
2026-06-02 14:30:25.213 - [robot_6_log_20260602_143011.csv] - DEBUG - Posición actualizada por visión: x=265.53, y=98.18, θ=1.68
2026-06-02 14:30:25.213 - [robot_6_log_20260602_143011.csv] - DEBUG - Frecuencia: 62.41 Hz | Latencia Red/Proc: 23.39 ms
2026-06-02 14:30:25.213 - [robot_6_log_20260602_143011.csv] - DEBUG - Incoming data. Topic 6/pos, mensaje {"x": 265.53, "y": 98.18, "yaw": 1.68, "timestamp": 1780403425.1779897}
2026-06-02 14:30:25.213 - [robot_6_log_20260602_143011.csv] - DEBUG - Posición actualizada por visión: x=265.53, y=98.18, θ=1.68
2026-06-02 14:30:25.213 - [robot_6_log_20260602_143011.csv] - DEBUG - Frecuencia: 11008.67 Hz | Latencia Red/Proc: 35.20 ms
2026-06-02 14:30:25.236 - [robot_6_log_20260602_143011.csv] - DEBUG - Incoming data. Topic 6/pos, mensaje {"x": 265.53, "y": 98.18, "yaw": 1.68, "timestamp": 1780403425.189708}
2026-06-02 14:30:25.241 - [robot_6_log_20260602_143011.csv] - DEBUG - Posición actualizada por visión: x=265.53, y=98.18, θ=1.68
2026-06-02 14:30:25.247 - [robot_6_log_20260602_143011.csv] - DEBUG - Frecuencia: 29.52 Hz | Latencia Red/Proc: 57.36 ms
2026-06-02 14:30:25.257 - [robot_6_log_20260602_143011.csv] - INFO - Usando posición VISION: x=265.53, y=98.18, θ=1.68
2026-06-02 14:30:25.257 - [robot_6_log_20260602_143011.csv] - INFO - Distancias a paredes: Left: 265.53, Right: 184.47, Top: 41.82, Bottom: 98.18
2026-06-02 14:30:25.257 - [robot_6_log_20260602_143011.csv] - INFO - Posicion: 265.53, 98.18, 1.68 | Velocidad: -0.994043202198076, -0.10898675223987112
2026-06-02 14:30:25.257 - [robot_6_log_20260602_143011.csv] - INFO - None
2026-06-02 14:30:25.257 - [robot_6_log_20260602_143011.csv] - WARNING - Estado FSM: AVANZA | Target Wall: None | Target Theta: 0.00° |theta: 96.2569095819783 
2026-06-02 14:30:25.287 - [robot_6_log_20260602_143011.csv] - DEBUG - Incoming data. Topic 6/pos, mensaje {"x": 265.49, "y": 98.24, "yaw": 1.666, "timestamp": 1780403425.2773893}
2026-06-02 14:30:25.292 - [robot_6_log_20260602_143011.csv] - DEBUG - Posición actualizada por visión: x=265.49, y=98.24, θ=1.67
2026-06-02 14:30:25.292 - [robot_6_log_20260602_143011.csv] - DEBUG - Frecuencia: 21.90 Hz | Latencia Red/Proc: 15.33 ms
2026-06-02 14:30:25.292 - [robot_6_log_20260602_143011.csv] - DEBUG - Incoming data. Topic 6/pos, mensaje {"x": 265.49, "y": 98.24, "yaw": 1.666, "timestamp": 1780403425.2773893}
2026-06-02 14:30:25.292 - [robot_6_log_20260602_143011.csv] - DEBUG - Posición actualizada por visión: x=265.49, y=98.24, θ=1.67
2026-06-02 14:30:25.292 - [robot_6_log_20260602_143011.csv] - DEBUG - Frecuencia: 14563.56 Hz | Latencia Red/Proc: 15.40 ms
2026-06-02 14:30:25.292 - [robot_6_log_20260602_143011.csv] - DEBUG - Incoming data. Topic 6/pos, mensaje {"x": 265.49, "y": 98.24, "yaw": 1.666, "timestamp": 1780403425.286398}
2026-06-02 14:30:25.292 - [robot_6_log_20260602_143011.csv] - DEBUG - Posición actualizada por visión: x=265.49, y=98.24, θ=1.67
2026-06-02 14:30:25.292 - [robot_6_log_20260602_143011.csv] - DEBUG - Frecuencia: 13530.01 Hz | Latencia Red/Proc: 6.47 ms
2026-06-02 14:30:25.292 - [robot_6_log_20260602_143011.csv] - DEBUG - Incoming data. Topic 6/pos, mensaje {"x": 265.49, "y": 98.24, "yaw": 1.666, "timestamp": 1780403425.286398}
2026-06-02 14:30:25.292 - [robot_6_log_20260602_143011.csv] - DEBUG - Posición actualizada por visión: x=265.49, y=98.24, θ=1.67
2026-06-02 14:30:25.292 - [robot_6_log_20260602_143011.csv] - DEBUG - Frecuencia: 29330.80 Hz | Latencia Red/Proc: 6.50 ms
2026-06-02 14:30:25.307 - [robot_6_log_20260602_143011.csv] - INFO - Usando posición VISION: x=265.49, y=98.24, θ=1.67
2026-06-02 14:30:25.307 - [robot_6_log_20260602_143011.csv] - INFO - Distancias a paredes: Left: 265.49, Right: 184.51, Top: 41.76, Bottom: 98.24
2026-06-02 14:30:25.307 - [robot_6_log_20260602_143011.csv] - INFO - Posicion: 265.49, 98.24, 1.666 | Velocidad: -0.995471552243954, -0.09505992148646485
2026-06-02 14:30:25.307 - [robot_6_log_20260602_143011.csv] - INFO - None
2026-06-02 14:30:25.307 - [robot_6_log_20260602_143011.csv] - WARNING - Estado FSM: AVANZA | Target Wall: None | Target Theta: 0.00° |theta: 95.45476866879514 
2026-06-02 14:30:25.331 - [robot_6_log_20260602_143011.csv] - DEBUG - Incoming data. Topic agent/6/wheel, mensaje {"Wleft":1.657007864e-15,"Wright":-3.719247132e-16}
2026-06-02 14:30:25.357 - [robot_6_log_20260602_143011.csv] - INFO - Usando posición VISION: x=265.49, y=98.24, θ=1.67
2026-06-02 14:30:25.357 - [robot_6_log_20260602_143011.csv] - INFO - Distancias a paredes: Left: 265.49, Right: 184.51, Top: 41.76, Bottom: 98.24
2026-06-02 14:30:25.357 - [robot_6_log_20260602_143011.csv] - INFO - Posicion: 265.49, 98.24, 1.666 | Velocidad: -0.995471552243954, -0.09505992148646485
2026-06-02 14:30:25.357 - [robot_6_log_20260602_143011.csv] - INFO - None
2026-06-02 14:30:25.357 - [robot_6_log_20260602_143011.csv] - WARNING - Estado FSM: AVANZA | Target Wall: None | Target Theta: 0.00° |theta: 95.45476866879514 
2026-06-02 14:30:25.386 - [robot_6_log_20260602_143011.csv] - DEBUG - Incoming data. Topic 6/pos, mensaje {"x": 265.49, "y": 98.24, "yaw": 1.679, "timestamp": 1780403425.3759725}
2026-06-02 14:30:25.391 - [robot_6_log_20260602_143011.csv] - DEBUG - Posición actualizada por visión: x=265.49, y=98.24, θ=1.68
2026-06-02 14:30:25.396 - [robot_6_log_20260602_143011.csv] - DEBUG - Frecuencia: 9.65 Hz | Latencia Red/Proc: 20.55 ms
2026-06-02 14:30:25.401 - [robot_6_log_20260602_143011.csv] - DEBUG - Incoming data. Topic 6/pos, mensaje {"x": 265.49, "y": 98.24, "yaw": 1.679, "timestamp": 1780403425.3759725}
2026-06-02 14:30:25.401 - [robot_6_log_20260602_143011.csv] - DEBUG - Posición actualizada por visión: x=265.49, y=98.24, θ=1.68
2026-06-02 14:30:25.401 - [robot_6_log_20260602_143011.csv] - DEBUG - Frecuencia: 187.08 Hz | Latencia Red/Proc: 25.90 ms
2026-06-02 14:30:25.401 - [robot_6_log_20260602_143011.csv] - DEBUG - Incoming data. Topic 6/pos, mensaje {"x": 265.49, "y": 98.24, "yaw": 1.679, "timestamp": 1780403425.3843}
2026-06-02 14:30:25.401 - [robot_6_log_20260602_143011.csv] - DEBUG - Posición actualizada por visión: x=265.49, y=98.24, θ=1.68
2026-06-02 14:30:25.401 - [robot_6_log_20260602_143011.csv] - DEBUG - Frecuencia: 24105.20 Hz | Latencia Red/Proc: 17.61 ms
2026-06-02 14:30:25.401 - [robot_6_log_20260602_143011.csv] - DEBUG - Incoming data. Topic agent/6/wheel, mensaje {"Wleft":1.657007864e-15,"Wright":-3.719247132e-16}
2026-06-02 14:30:25.407 - [robot_6_log_20260602_143011.csv] - INFO - Usando posición VISION: x=265.49, y=98.24, θ=1.68
2026-06-02 14:30:25.407 - [robot_6_log_20260602_143011.csv] - INFO - Distancias a paredes: Left: 265.49, Right: 184.51, Top: 41.76, Bottom: 98.24
2026-06-02 14:30:25.407 - [robot_6_log_20260602_143011.csv] - INFO - Posicion: 265.49, 98.24, 1.679 | Velocidad: -0.9941516919105917, -0.10799265470997543
2026-06-02 14:30:25.407 - [robot_6_log_20260602_143011.csv] - INFO - None
2026-06-02 14:30:25.407 - [robot_6_log_20260602_143011.csv] - WARNING - Estado FSM: AVANZA | Target Wall: None | Target Theta: 0.00° |theta: 96.19961380246522 
2026-06-02 14:30:25.446 - [robot_6_log_20260602_143011.csv] - DEBUG - Incoming data. Topic 6/pos, mensaje {"x": 265.49, "y": 98.24, "yaw": 1.679, "timestamp": 1780403425.3843}
2026-06-02 14:30:25.452 - [robot_6_log_20260602_143011.csv] - DEBUG - Posición actualizada por visión: x=265.49, y=98.24, θ=1.68
2026-06-02 14:30:25.457 - [robot_6_log_20260602_143011.csv] - INFO - Usando posición VISION: x=265.49, y=98.24, θ=1.68
2026-06-02 14:30:25.457 - [robot_6_log_20260602_143011.csv] - DEBUG - Frecuencia: 17.99 Hz | Latencia Red/Proc: 73.21 ms
2026-06-02 14:30:25.457 - [robot_6_log_20260602_143011.csv] - INFO - Distancias a paredes: Left: 265.49, Right: 184.51, Top: 41.76, Bottom: 98.24
2026-06-02 14:30:25.457 - [robot_6_log_20260602_143011.csv] - INFO - Posicion: 265.49, 98.24, 1.679 | Velocidad: -0.9941516919105917, -0.10799265470997543
2026-06-02 14:30:25.457 - [robot_6_log_20260602_143011.csv] - INFO - None
2026-06-02 14:30:25.457 - [robot_6_log_20260602_143011.csv] - WARNING - Estado FSM: AVANZA | Target Wall: None | Target Theta: 0.00° |theta: 96.19961380246522 
2026-06-02 14:30:25.486 - [robot_6_log_20260602_143011.csv] - DEBUG - Incoming data. Topic 6/pos, mensaje {"x": 265.52, "y": 98.21, "yaw": 1.679, "timestamp": 1780403425.4755776}
2026-06-02 14:30:25.491 - [robot_6_log_20260602_143011.csv] - DEBUG - Posición actualizada por visión: x=265.52, y=98.21, θ=1.68
2026-06-02 14:30:25.497 - [robot_6_log_20260602_143011.csv] - DEBUG - Frecuencia: 25.07 Hz | Latencia Red/Proc: 21.82 ms
2026-06-02 14:30:25.502 - [robot_6_log_20260602_143011.csv] - DEBUG - Incoming data. Topic 6/pos, mensaje {"x": 265.52, "y": 98.21, "yaw": 1.679, "timestamp": 1780403425.4755776}
2026-06-02 14:30:25.507 - [robot_6_log_20260602_143011.csv] - INFO - Usando posición VISION: x=265.52, y=98.21, θ=1.68
2026-06-02 14:30:25.507 - [robot_6_log_20260602_143011.csv] - DEBUG - Posición actualizada por visión: x=265.52, y=98.21, θ=1.68
2026-06-02 14:30:25.507 - [robot_6_log_20260602_143011.csv] - INFO - Distancias a paredes: Left: 265.52, Right: 184.48, Top: 41.79, Bottom: 98.21
2026-06-02 14:30:25.507 - [robot_6_log_20260602_143011.csv] - DEBUG - Frecuencia: 98.31 Hz | Latencia Red/Proc: 31.99 ms
2026-06-02 14:30:25.507 - [robot_6_log_20260602_143011.csv] - INFO - Posicion: 265.52, 98.21, 1.679 | Velocidad: -0.9941516919105917, -0.10799265470997543
2026-06-02 14:30:25.507 - [robot_6_log_20260602_143011.csv] - DEBUG - Incoming data. Topic 6/pos, mensaje {"x": 265.52, "y": 98.21, "yaw": 1.679, "timestamp": 1780403425.4838364}
2026-06-02 14:30:25.507 - [robot_6_log_20260602_143011.csv] - INFO - None
2026-06-02 14:30:25.507 - [robot_6_log_20260602_143011.csv] - DEBUG - Posición actualizada por visión: x=265.52, y=98.21, θ=1.68
2026-06-02 14:30:25.507 - [robot_6_log_20260602_143011.csv] - DEBUG - Frecuencia: 5302.53 Hz | Latencia Red/Proc: 23.92 ms
2026-06-02 14:30:25.507 - [robot_6_log_20260602_143011.csv] - DEBUG - Incoming data. Topic 6/pos, mensaje {"x": 265.52, "y": 98.21, "yaw": 1.679, "timestamp": 1780403425.4838364}
2026-06-02 14:30:25.507 - [robot_6_log_20260602_143011.csv] - DEBUG - Posición actualizada por visión: x=265.52, y=98.21, θ=1.68
2026-06-02 14:30:25.507 - [robot_6_log_20260602_143011.csv] - DEBUG - Frecuencia: 19691.57 Hz | Latencia Red/Proc: 23.97 ms
2026-06-02 14:30:25.507 - [robot_6_log_20260602_143011.csv] - WARNING - Estado FSM: AVANZA | Target Wall: None | Target Theta: 0.00° |theta: 96.19961380246522 
2026-06-02 14:30:25.525 - [robot_6_log_20260602_143011.csv] - DEBUG - Incoming data. Topic agent/6/wheel, mensaje {"Wleft":1.657007864e-15,"Wright":-3.719247132e-16}
2026-06-02 14:30:25.557 - [robot_6_log_20260602_143011.csv] - INFO - Usando posición VISION: x=265.52, y=98.21, θ=1.68
2026-06-02 14:30:25.557 - [robot_6_log_20260602_143011.csv] - INFO - Distancias a paredes: Left: 265.52, Right: 184.48, Top: 41.79, Bottom: 98.21
2026-06-02 14:30:25.557 - [robot_6_log_20260602_143011.csv] - INFO - Posicion: 265.52, 98.21, 1.679 | Velocidad: -0.9941516919105917, -0.10799265470997543
2026-06-02 14:30:25.557 - [robot_6_log_20260602_143011.csv] - INFO - None
2026-06-02 14:30:25.557 - [robot_6_log_20260602_143011.csv] - WARNING - Estado FSM: AVANZA | Target Wall: None | Target Theta: 0.00° |theta: 96.19961380246522 
2026-06-02 14:30:25.582 - [robot_6_log_20260602_143011.csv] - DEBUG - Incoming data. Topic 6/pos, mensaje {"x": 265.52, "y": 98.2, "yaw": 1.679, "timestamp": 1780403425.5776002}
2026-06-02 14:30:25.587 - [robot_6_log_20260602_143011.csv] - DEBUG - Posición actualizada por visión: x=265.52, y=98.20, θ=1.68
2026-06-02 14:30:25.598 - [robot_6_log_20260602_143011.csv] - DEBUG - Frecuencia: 11.03 Hz | Latencia Red/Proc: 20.85 ms
2026-06-02 14:30:25.603 - [robot_6_log_20260602_143011.csv] - DEBUG - Incoming data. Topic 6/pos, mensaje {"x": 265.52, "y": 98.2, "yaw": 1.679, "timestamp": 1780403425.5776002}
2026-06-02 14:30:25.607 - [robot_6_log_20260602_143011.csv] - INFO - Usando posición VISION: x=265.52, y=98.20, θ=1.68
2026-06-02 14:30:25.607 - [robot_6_log_20260602_143011.csv] - DEBUG - Posición actualizada por visión: x=265.52, y=98.20, θ=1.68
2026-06-02 14:30:25.607 - [robot_6_log_20260602_143011.csv] - INFO - Distancias a paredes: Left: 265.52, Right: 184.48, Top: 41.80, Bottom: 98.20
2026-06-02 14:30:25.607 - [robot_6_log_20260602_143011.csv] - DEBUG - Frecuencia: 109.98 Hz | Latencia Red/Proc: 29.95 ms
2026-06-02 14:30:25.607 - [robot_6_log_20260602_143011.csv] - INFO - Posicion: 265.52, 98.2, 1.679 | Velocidad: -0.9941516919105917, -0.10799265470997543
2026-06-02 14:30:25.607 - [robot_6_log_20260602_143011.csv] - DEBUG - Incoming data. Topic 6/pos, mensaje {"x": 265.52, "y": 98.2, "yaw": 1.679, "timestamp": 1780403425.5866785}
2026-06-02 14:30:25.607 - [robot_6_log_20260602_143011.csv] - INFO - None
2026-06-02 14:30:25.607 - [robot_6_log_20260602_143011.csv] - DEBUG - Posición actualizada por visión: x=265.52, y=98.20, θ=1.68
2026-06-02 14:30:25.607 - [robot_6_log_20260602_143011.csv] - WARNING - Estado FSM: AVANZA | Target Wall: None | Target Theta: 0.00° |theta: 96.19961380246522 
2026-06-02 14:30:25.607 - [robot_6_log_20260602_143011.csv] - DEBUG - Frecuencia: 5761.41 Hz | Latencia Red/Proc: 21.04 ms
2026-06-02 14:30:25.612 - [robot_6_log_20260602_143011.csv] - DEBUG - Incoming data. Topic agent/6/wheel, mensaje {"Wleft":1.657007864e-15,"Wright":-3.719247132e-16}
2026-06-02 14:30:25.631 - [robot_6_log_20260602_143011.csv] - DEBUG - Incoming data. Topic 6/pos, mensaje {"x": 265.52, "y": 98.2, "yaw": 1.679, "timestamp": 1780403425.5866785}
2026-06-02 14:30:25.636 - [robot_6_log_20260602_143011.csv] - DEBUG - Posición actualizada por visión: x=265.52, y=98.20, θ=1.68
2026-06-02 14:30:25.636 - [robot_6_log_20260602_143011.csv] - DEBUG - Frecuencia: 35.00 Hz | Latencia Red/Proc: 49.61 ms
2026-06-02 14:30:25.657 - [robot_6_log_20260602_143011.csv] - INFO - Usando posición VISION: x=265.52, y=98.20, θ=1.68
2026-06-02 14:30:25.657 - [robot_6_log_20260602_143011.csv] - INFO - Distancias a paredes: Left: 265.52, Right: 184.48, Top: 41.80, Bottom: 98.20
2026-06-02 14:30:25.657 - [robot_6_log_20260602_143011.csv] - INFO - Posicion: 265.52, 98.2, 1.679 | Velocidad: -0.9941516919105917, -0.10799265470997543
2026-06-02 14:30:25.657 - [robot_6_log_20260602_143011.csv] - INFO - None
2026-06-02 14:30:25.657 - [robot_6_log_20260602_143011.csv] - WARNING - Estado FSM: AVANZA | Target Wall: None | Target Theta: 0.00° |theta: 96.19961380246522 
2026-06-02 14:30:25.687 - [robot_6_log_20260602_143011.csv] - DEBUG - Incoming data. Topic 6/pos, mensaje {"x": 265.49, "y": 98.21, "yaw": 1.669, "timestamp": 1780403425.6793919}
2026-06-02 14:30:25.692 - [robot_6_log_20260602_143011.csv] - DEBUG - Posición actualizada por visión: x=265.49, y=98.21, θ=1.67
2026-06-02 14:30:25.692 - [robot_6_log_20260602_143011.csv] - DEBUG - Frecuencia: 17.82 Hz | Latencia Red/Proc: 13.03 ms
2026-06-02 14:30:25.697 - [robot_6_log_20260602_143011.csv] - DEBUG - Incoming data. Topic 6/pos, mensaje {"x": 265.49, "y": 98.21, "yaw": 1.669, "timestamp": 1780403425.6793919}
2026-06-02 14:30:25.707 - [robot_6_log_20260602_143011.csv] - INFO - Usando posición VISION: x=265.49, y=98.21, θ=1.67
2026-06-02 14:30:25.707 - [robot_6_log_20260602_143011.csv] - DEBUG - Posición actualizada por visión: x=265.49, y=98.21, θ=1.67
2026-06-02 14:30:25.707 - [robot_6_log_20260602_143011.csv] - INFO - Distancias a paredes: Left: 265.49, Right: 184.51, Top: 41.79, Bottom: 98.21
2026-06-02 14:30:25.707 - [robot_6_log_20260602_143011.csv] - DEBUG - Frecuencia: 66.08 Hz | Latencia Red/Proc: 28.16 ms
2026-06-02 14:30:25.707 - [robot_6_log_20260602_143011.csv] - INFO - Posicion: 265.49, 98.21, 1.669 | Velocidad: -0.9951818932886386, -0.09804590389425098
2026-06-02 14:30:25.707 - [robot_6_log_20260602_143011.csv] - DEBUG - Incoming data. Topic 6/pos, mensaje {"x": 265.49, "y": 98.21, "yaw": 1.669, "timestamp": 1780403425.6905167}
2026-06-02 14:30:25.707 - [robot_6_log_20260602_143011.csv] - INFO - None
2026-06-02 14:30:25.707 - [robot_6_log_20260602_143011.csv] - DEBUG - Posición actualizada por visión: x=265.49, y=98.21, θ=1.67
2026-06-02 14:30:25.707 - [robot_6_log_20260602_143011.csv] - WARNING - Estado FSM: AVANZA | Target Wall: None | Target Theta: 0.00° |theta: 95.6266560073344 
2026-06-02 14:30:25.707 - [robot_6_log_20260602_143011.csv] - DEBUG - Frecuencia: 5777.28 Hz | Latencia Red/Proc: 17.21 ms
2026-06-02 14:30:25.712 - [robot_6_log_20260602_143011.csv] - DEBUG - Incoming data. Topic 6/pos, mensaje {"x": 265.49, "y": 98.21, "yaw": 1.669, "timestamp": 1780403425.6905167}
2026-06-02 14:30:25.712 - [robot_6_log_20260602_143011.csv] - DEBUG - Posición actualizada por visión: x=265.49, y=98.21, θ=1.67
2026-06-02 14:30:25.712 - [robot_6_log_20260602_143011.csv] - DEBUG - Frecuencia: 195.29 Hz | Latencia Red/Proc: 22.33 ms
2026-06-02 14:30:25.736 - [robot_6_log_20260602_143011.csv] - DEBUG - Incoming data. Topic agent/6/wheel, mensaje {"Wleft":1.657007864e-15,"Wright":-3.719247132e-16}
2026-06-02 14:30:25.757 - [robot_6_log_20260602_143011.csv] - INFO - Usando posición VISION: x=265.49, y=98.21, θ=1.67
2026-06-02 14:30:25.757 - [robot_6_log_20260602_143011.csv] - INFO - Distancias a paredes: Left: 265.49, Right: 184.51, Top: 41.79, Bottom: 98.21
2026-06-02 14:30:25.757 - [robot_6_log_20260602_143011.csv] - INFO - Posicion: 265.49, 98.21, 1.669 | Velocidad: -0.9951818932886386, -0.09804590389425098
2026-06-02 14:30:25.757 - [robot_6_log_20260602_143011.csv] - INFO - None
2026-06-02 14:30:25.757 - [robot_6_log_20260602_143011.csv] - WARNING - Estado FSM: AVANZA | Target Wall: None | Target Theta: 0.00° |theta: 95.6266560073344 
2026-06-02 14:30:25.782 - [robot_6_log_20260602_143011.csv] - DEBUG - Incoming data. Topic 6/pos, mensaje {"x": 265.51, "y": 98.2, "yaw": 1.679, "timestamp": 1780403425.7773514}
2026-06-02 14:30:25.787 - [robot_6_log_20260602_143011.csv] - DEBUG - Posición actualizada por visión: x=265.51, y=98.20, θ=1.68
2026-06-02 14:30:25.793 - [robot_6_log_20260602_143011.csv] - DEBUG - Frecuencia: 12.40 Hz | Latencia Red/Proc: 16.11 ms
2026-06-02 14:30:25.804 - [robot_6_log_20260602_143011.csv] - DEBUG - Incoming data. Topic 6/pos, mensaje {"x": 265.51, "y": 98.2, "yaw": 1.679, "timestamp": 1780403425.7773514}
2026-06-02 14:30:25.807 - [robot_6_log_20260602_143011.csv] - INFO - Usando posición VISION: x=265.51, y=98.20, θ=1.68
2026-06-02 14:30:25.807 - [robot_6_log_20260602_143011.csv] - DEBUG - Posición actualizada por visión: x=265.51, y=98.20, θ=1.68
2026-06-02 14:30:25.807 - [robot_6_log_20260602_143011.csv] - INFO - Distancias a paredes: Left: 265.51, Right: 184.49, Top: 41.80, Bottom: 98.20
2026-06-02 14:30:25.807 - [robot_6_log_20260602_143011.csv] - DEBUG - Frecuencia: 70.91 Hz | Latencia Red/Proc: 30.21 ms
2026-06-02 14:30:25.807 - [robot_6_log_20260602_143011.csv] - INFO - Posicion: 265.51, 98.2, 1.679 | Velocidad: -0.9941516919105917, -0.10799265470997543
2026-06-02 14:30:25.807 - [robot_6_log_20260602_143011.csv] - DEBUG - Incoming data. Topic 6/pos, mensaje {"x": 265.51, "y": 98.2, "yaw": 1.679, "timestamp": 1780403425.7890053}
2026-06-02 14:30:25.807 - [robot_6_log_20260602_143011.csv] - INFO - None
2026-06-02 14:30:25.807 - [robot_6_log_20260602_143011.csv] - DEBUG - Posición actualizada por visión: x=265.51, y=98.20, θ=1.68
2026-06-02 14:30:25.807 - [robot_6_log_20260602_143011.csv] - WARNING - Estado FSM: AVANZA | Target Wall: None | Target Theta: 0.00° |theta: 96.19961380246522 
2026-06-02 14:30:25.807 - [robot_6_log_20260602_143011.csv] - DEBUG - Frecuencia: 5461.33 Hz | Latencia Red/Proc: 18.74 ms
2026-06-02 14:30:25.829 - [robot_6_log_20260602_143011.csv] - DEBUG - Incoming data. Topic 6/pos, mensaje {"x": 265.51, "y": 98.2, "yaw": 1.679, "timestamp": 1780403425.7890053}
2026-06-02 14:30:25.829 - [robot_6_log_20260602_143011.csv] - DEBUG - Posición actualizada por visión: x=265.51, y=98.20, θ=1.68
2026-06-02 14:30:25.829 - [robot_6_log_20260602_143011.csv] - DEBUG - Frecuencia: 46.79 Hz | Latencia Red/Proc: 40.11 ms
2026-06-02 14:30:25.845 - [robot_6_log_20260602_143011.csv] - DEBUG - Incoming data. Topic agent/6/wheel, mensaje {"Wleft":1.657007864e-15,"Wright":-3.719247132e-16}
2026-06-02 14:30:25.857 - [robot_6_log_20260602_143011.csv] - INFO - Usando posición VISION: x=265.51, y=98.20, θ=1.68
2026-06-02 14:30:25.857 - [robot_6_log_20260602_143011.csv] - INFO - Distancias a paredes: Left: 265.51, Right: 184.49, Top: 41.80, Bottom: 98.20
2026-06-02 14:30:25.857 - [robot_6_log_20260602_143011.csv] - INFO - Posicion: 265.51, 98.2, 1.679 | Velocidad: -0.9941516919105917, -0.10799265470997543
2026-06-02 14:30:25.857 - [robot_6_log_20260602_143011.csv] - INFO - None
2026-06-02 14:30:25.857 - [robot_6_log_20260602_143011.csv] - WARNING - Estado FSM: AVANZA | Target Wall: None | Target Theta: 0.00° |theta: 96.19961380246522 
2026-06-02 14:30:25.887 - [robot_6_log_20260602_143011.csv] - DEBUG - Incoming data. Topic 6/pos, mensaje {"x": 265.49, "y": 98.23, "yaw": 1.667, "timestamp": 1780403425.881477}
2026-06-02 14:30:25.892 - [robot_6_log_20260602_143011.csv] - DEBUG - Posición actualizada por visión: x=265.49, y=98.23, θ=1.67
2026-06-02 14:30:25.898 - [robot_6_log_20260602_143011.csv] - DEBUG - Frecuencia: 14.43 Hz | Latencia Red/Proc: 16.95 ms
2026-06-02 14:30:25.907 - [robot_6_log_20260602_143011.csv] - INFO - Usando posición VISION: x=265.49, y=98.23, θ=1.67
2026-06-02 14:30:25.907 - [robot_6_log_20260602_143011.csv] - DEBUG - Incoming data. Topic 6/pos, mensaje {"x": 265.49, "y": 98.23, "yaw": 1.667, "timestamp": 1780403425.881477}
2026-06-02 14:30:25.907 - [robot_6_log_20260602_143011.csv] - INFO - Distancias a paredes: Left: 265.49, Right: 184.51, Top: 41.77, Bottom: 98.23
2026-06-02 14:30:25.907 - [robot_6_log_20260602_143011.csv] - DEBUG - Posición actualizada por visión: x=265.49, y=98.23, θ=1.67
2026-06-02 14:30:25.907 - [robot_6_log_20260602_143011.csv] - INFO - Posicion: 265.49, 98.23, 1.667 | Velocidad: -0.9953759946025762, -0.09605534534284021
2026-06-02 14:30:25.907 - [robot_6_log_20260602_143011.csv] - DEBUG - Frecuencia: 108.66 Hz | Latencia Red/Proc: 26.16 ms
2026-06-02 14:30:25.907 - [robot_6_log_20260602_143011.csv] - INFO - None
2026-06-02 14:30:25.907 - [robot_6_log_20260602_143011.csv] - DEBUG - Incoming data. Topic 6/pos, mensaje {"x": 265.49, "y": 98.23, "yaw": 1.667, "timestamp": 1780403425.893365}
2026-06-02 14:30:25.907 - [robot_6_log_20260602_143011.csv] - DEBUG - Posición actualizada por visión: x=265.49, y=98.23, θ=1.67
2026-06-02 14:30:25.907 - [robot_6_log_20260602_143011.csv] - DEBUG - Frecuencia: 6413.31 Hz | Latencia Red/Proc: 14.42 ms
2026-06-02 14:30:25.907 - [robot_6_log_20260602_143011.csv] - DEBUG - Incoming data. Topic 6/pos, mensaje {"x": 265.49, "y": 98.23, "yaw": 1.667, "timestamp": 1780403425.893365}
2026-06-02 14:30:25.907 - [robot_6_log_20260602_143011.csv] - DEBUG - Posición actualizada por visión: x=265.49, y=98.23, θ=1.67
2026-06-02 14:30:25.907 - [robot_6_log_20260602_143011.csv] - DEBUG - Frecuencia: 22429.43 Hz | Latencia Red/Proc: 14.47 ms
2026-06-02 14:30:25.907 - [robot_6_log_20260602_143011.csv] - WARNING - Estado FSM: AVANZA | Target Wall: None | Target Theta: 0.00° |theta: 95.51206444830824 
2026-06-02 14:30:25.938 - [robot_6_log_20260602_143011.csv] - DEBUG - Incoming data. Topic agent/6/wheel, mensaje {"Wleft":1.657007864e-15,"Wright":-3.719247132e-16}
2026-06-02 14:30:25.957 - [robot_6_log_20260602_143011.csv] - INFO - Usando posición VISION: x=265.49, y=98.23, θ=1.67
2026-06-02 14:30:25.957 - [robot_6_log_20260602_143011.csv] - INFO - Distancias a paredes: Left: 265.49, Right: 184.51, Top: 41.77, Bottom: 98.23
2026-06-02 14:30:25.957 - [robot_6_log_20260602_143011.csv] - INFO - Posicion: 265.49, 98.23, 1.667 | Velocidad: -0.9953759946025762, -0.09605534534284021
2026-06-02 14:30:25.957 - [robot_6_log_20260602_143011.csv] - INFO - None
2026-06-02 14:30:25.957 - [robot_6_log_20260602_143011.csv] - WARNING - Estado FSM: AVANZA | Target Wall: None | Target Theta: 0.00° |theta: 95.51206444830824 
2026-06-02 14:30:25.987 - [robot_6_log_20260602_143011.csv] - DEBUG - Incoming data. Topic 6/pos, mensaje {"x": 265.48, "y": 98.24, "yaw": 1.674, "timestamp": 1780403425.9855657}
2026-06-02 14:30:25.992 - [robot_6_log_20260602_143011.csv] - DEBUG - Posición actualizada por visión: x=265.48, y=98.24, θ=1.67
2026-06-02 14:30:25.998 - [robot_6_log_20260602_143011.csv] - DEBUG - Frecuencia: 11.01 Hz | Latencia Red/Proc: 13.12 ms
2026-06-02 14:30:26.003 - [robot_6_log_20260602_143011.csv] - DEBUG - Incoming data. Topic 6/pos, mensaje {"x": 265.48, "y": 98.24, "yaw": 1.674, "timestamp": 1780403425.9855657}
2026-06-02 14:30:26.003 - [robot_6_log_20260602_143011.csv] - DEBUG - Posición actualizada por visión: x=265.48, y=98.24, θ=1.67
2026-06-02 14:30:26.003 - [robot_6_log_20260602_143011.csv] - DEBUG - Frecuencia: 195.08 Hz | Latencia Red/Proc: 18.25 ms
2026-06-02 14:30:26.007 - [robot_6_log_20260602_143011.csv] - INFO - Usando posición VISION: x=265.48, y=98.24, θ=1.67
2026-06-02 14:30:26.007 - [robot_6_log_20260602_143011.csv] - DEBUG - Incoming data. Topic 6/pos, mensaje {"x": 265.48, "y": 98.24, "yaw": 1.674, "timestamp": 1780403425.9948378}
2026-06-02 14:30:26.007 - [robot_6_log_20260602_143011.csv] - INFO - Distancias a paredes: Left: 265.48, Right: 184.52, Top: 41.76, Bottom: 98.24
2026-06-02 14:30:26.007 - [robot_6_log_20260602_143011.csv] - DEBUG - Posición actualizada por visión: x=265.48, y=98.24, θ=1.67
2026-06-02 14:30:26.007 - [robot_6_log_20260602_143011.csv] - INFO - Posicion: 265.48, 98.24, 1.674 | Velocidad: -0.9946792260640379, -0.10302056705651848
2026-06-02 14:30:26.007 - [robot_6_log_20260602_143011.csv] - DEBUG - Frecuencia: 264.37 Hz | Latencia Red/Proc: 12.76 ms
2026-06-02 14:30:26.007 - [robot_6_log_20260602_143011.csv] - INFO - None
2026-06-02 14:30:26.007 - [robot_6_log_20260602_143011.csv] - DEBUG - Incoming data. Topic 6/pos, mensaje {"x": 265.48, "y": 98.24, "yaw": 1.674, "timestamp": 1780403425.9948378}
2026-06-02 14:30:26.007 - [robot_6_log_20260602_143011.csv] - WARNING - Estado FSM: AVANZA | Target Wall: None | Target Theta: 0.00° |theta: 95.9131349048998 
2026-06-02 14:30:26.007 - [robot_6_log_20260602_143011.csv] - DEBUG - Posición actualizada por visión: x=265.48, y=98.24, θ=1.67
2026-06-02 14:30:26.018 - [robot_6_log_20260602_143011.csv] - DEBUG - Frecuencia: 87.99 Hz | Latencia Red/Proc: 24.12 ms
2026-06-02 14:30:26.042 - [robot_6_log_20260602_143011.csv] - DEBUG - Incoming data. Topic agent/6/wheel, mensaje {"Wleft":1.657007864e-15,"Wright":-3.719247132e-16}
2026-06-02 14:30:26.057 - [robot_6_log_20260602_143011.csv] - INFO - Usando posición VISION: x=265.48, y=98.24, θ=1.67
2026-06-02 14:30:26.057 - [robot_6_log_20260602_143011.csv] - INFO - Distancias a paredes: Left: 265.48, Right: 184.52, Top: 41.76, Bottom: 98.24
2026-06-02 14:30:26.057 - [robot_6_log_20260602_143011.csv] - INFO - Posicion: 265.48, 98.24, 1.674 | Velocidad: -0.9946792260640379, -0.10302056705651848
2026-06-02 14:30:26.057 - [robot_6_log_20260602_143011.csv] - INFO - None
2026-06-02 14:30:26.057 - [robot_6_log_20260602_143011.csv] - WARNING - Estado FSM: AVANZA | Target Wall: None | Target Theta: 0.00° |theta: 95.9131349048998 
2026-06-02 14:30:26.082 - [robot_6_log_20260602_143011.csv] - DEBUG - Incoming data. Topic 6/pos, mensaje {"x": 265.5, "y": 98.23, "yaw": 1.671, "timestamp": 1780403426.079356}
2026-06-02 14:30:26.082 - [robot_6_log_20260602_143011.csv] - DEBUG - Posición actualizada por visión: x=265.50, y=98.23, θ=1.67
2026-06-02 14:30:26.082 - [robot_6_log_20260602_143011.csv] - DEBUG - Frecuencia: 15.84 Hz | Latencia Red/Proc: 2.72 ms
2026-06-02 14:30:26.082 - [robot_6_log_20260602_143011.csv] - DEBUG - Incoming data. Topic 6/pos, mensaje {"x": 265.5, "y": 98.23, "yaw": 1.671, "timestamp": 1780403426.079356}
2026-06-02 14:30:26.082 - [robot_6_log_20260602_143011.csv] - DEBUG - Posición actualizada por visión: x=265.50, y=98.23, θ=1.67
2026-06-02 14:30:26.082 - [robot_6_log_20260602_143011.csv] - DEBUG - Frecuencia: 19152.07 Hz | Latencia Red/Proc: 2.77 ms
2026-06-02 14:30:26.093 - [robot_6_log_20260602_143011.csv] - DEBUG - Incoming data. Topic 6/pos, mensaje {"x": 265.5, "y": 98.23, "yaw": 1.671, "timestamp": 1780403426.0881953}
2026-06-02 14:30:26.098 - [robot_6_log_20260602_143011.csv] - DEBUG - Posición actualizada por visión: x=265.50, y=98.23, θ=1.67
2026-06-02 14:30:26.104 - [robot_6_log_20260602_143011.csv] - DEBUG - Frecuencia: 45.74 Hz | Latencia Red/Proc: 15.79 ms
2026-06-02 14:30:26.107 - [robot_6_log_20260602_143011.csv] - INFO - Usando posición VISION: x=265.50, y=98.23, θ=1.67
2026-06-02 14:30:26.107 - [robot_6_log_20260602_143011.csv] - DEBUG - Incoming data. Topic 6/pos, mensaje {"x": 265.5, "y": 98.23, "yaw": 1.671, "timestamp": 1780403426.0881953}
2026-06-02 14:30:26.107 - [robot_6_log_20260602_143011.csv] - INFO - Distancias a paredes: Left: 265.50, Right: 184.50, Top: 41.77, Bottom: 98.23
2026-06-02 14:30:26.107 - [robot_6_log_20260602_143011.csv] - DEBUG - Posición actualizada por visión: x=265.50, y=98.23, θ=1.67
2026-06-02 14:30:26.107 - [robot_6_log_20260602_143011.csv] - INFO - Posicion: 265.5, 98.23, 1.671 | Velocidad: -0.9949838112484548, -0.10003607026217691
2026-06-02 14:30:26.107 - [robot_6_log_20260602_143011.csv] - DEBUG - Frecuencia: 269.35 Hz | Latencia Red/Proc: 19.51 ms
2026-06-02 14:30:26.107 - [robot_6_log_20260602_143011.csv] - INFO - None
2026-06-02 14:30:26.107 - [robot_6_log_20260602_143011.csv] - WARNING - Estado FSM: AVANZA | Target Wall: None | Target Theta: 0.00° |theta: 95.74124756636057 
2026-06-02 14:30:26.137 - [robot_6_log_20260602_143011.csv] - DEBUG - Incoming data. Topic agent/6/wheel, mensaje {"Wleft":1.657007864e-15,"Wright":-3.719247132e-16}
2026-06-02 14:30:26.157 - [robot_6_log_20260602_143011.csv] - INFO - Usando posición VISION: x=265.50, y=98.23, θ=1.67
2026-06-02 14:30:26.157 - [robot_6_log_20260602_143011.csv] - INFO - Distancias a paredes: Left: 265.50, Right: 184.50, Top: 41.77, Bottom: 98.23
2026-06-02 14:30:26.157 - [robot_6_log_20260602_143011.csv] - INFO - Posicion: 265.5, 98.23, 1.671 | Velocidad: -0.9949838112484548, -0.10003607026217691
2026-06-02 14:30:26.157 - [robot_6_log_20260602_143011.csv] - INFO - None
2026-06-02 14:30:26.157 - [robot_6_log_20260602_143011.csv] - WARNING - Estado FSM: AVANZA | Target Wall: None | Target Theta: 0.00° |theta: 95.74124756636057 
2026-06-02 14:30:26.186 - [robot_6_log_20260602_143011.csv] - DEBUG - Incoming data. Topic 6/pos, mensaje {"x": 265.49, "y": 98.23, "yaw": 1.667, "timestamp": 1780403426.175926}
2026-06-02 14:30:26.191 - [robot_6_log_20260602_143011.csv] - DEBUG - Posición actualizada por visión: x=265.49, y=98.23, θ=1.67
2026-06-02 14:30:26.196 - [robot_6_log_20260602_143011.csv] - DEBUG - Frecuencia: 11.21 Hz | Latencia Red/Proc: 20.98 ms
2026-06-02 14:30:26.207 - [robot_6_log_20260602_143011.csv] - INFO - Usando posición VISION: x=265.49, y=98.23, θ=1.67
2026-06-02 14:30:26.207 - [robot_6_log_20260602_143011.csv] - INFO - Distancias a paredes: Left: 265.49, Right: 184.51, Top: 41.77, Bottom: 98.23
2026-06-02 14:30:26.207 - [robot_6_log_20260602_143011.csv] - INFO - Posicion: 265.49, 98.23, 1.667 | Velocidad: -0.9953759946025762, -0.09605534534284021
2026-06-02 14:30:26.207 - [robot_6_log_20260602_143011.csv] - INFO - None
2026-06-02 14:30:26.207 - [robot_6_log_20260602_143011.csv] - DEBUG - Incoming data. Topic 6/pos, mensaje {"x": 265.49, "y": 98.23, "yaw": 1.667, "timestamp": 1780403426.175926}
2026-06-02 14:30:26.207 - [robot_6_log_20260602_143011.csv] - WARNING - Estado FSM: AVANZA | Target Wall: None | Target Theta: 0.00° |theta: 95.51206444830824 
2026-06-02 14:30:26.207 - [robot_6_log_20260602_143011.csv] - DEBUG - Posición actualizada por visión: x=265.49, y=98.23, θ=1.67
2026-06-02 14:30:26.217 - [robot_6_log_20260602_143011.csv] - DEBUG - Frecuencia: 47.87 Hz | Latencia Red/Proc: 41.88 ms
2026-06-02 14:30:26.235 - [robot_6_log_20260602_143011.csv] - DEBUG - Incoming data. Topic 6/pos, mensaje {"x": 265.49, "y": 98.23, "yaw": 1.667, "timestamp": 1780403426.184951}
2026-06-02 14:30:26.240 - [robot_6_log_20260602_143011.csv] - DEBUG - Posición actualizada por visión: x=265.49, y=98.23, θ=1.67
2026-06-02 14:30:26.250 - [robot_6_log_20260602_143011.csv] - DEBUG - Frecuencia: 30.54 Hz | Latencia Red/Proc: 65.59 ms
2026-06-02 14:30:26.257 - [robot_6_log_20260602_143011.csv] - INFO - Usando posición VISION: x=265.49, y=98.23, θ=1.67
2026-06-02 14:30:26.257 - [robot_6_log_20260602_143011.csv] - INFO - Distancias a paredes: Left: 265.49, Right: 184.51, Top: 41.77, Bottom: 98.23
2026-06-02 14:30:26.257 - [robot_6_log_20260602_143011.csv] - INFO - Posicion: 265.49, 98.23, 1.667 | Velocidad: -0.9953759946025762, -0.09605534534284021
2026-06-02 14:30:26.257 - [robot_6_log_20260602_143011.csv] - INFO - None
2026-06-02 14:30:26.257 - [robot_6_log_20260602_143011.csv] - DEBUG - Incoming data. Topic 6/pos, mensaje {"x": 265.49, "y": 98.23, "yaw": 1.667, "timestamp": 1780403426.184951}
2026-06-02 14:30:26.257 - [robot_6_log_20260602_143011.csv] - WARNING - Estado FSM: AVANZA | Target Wall: None | Target Theta: 0.00° |theta: 95.51206444830824 
2026-06-02 14:30:26.257 - [robot_6_log_20260602_143011.csv] - DEBUG - Posición actualizada por visión: x=265.49, y=98.23, θ=1.67
2026-06-02 14:30:26.268 - [robot_6_log_20260602_143011.csv] - DEBUG - Frecuencia: 57.26 Hz | Latencia Red/Proc: 83.06 ms
2026-06-02 14:30:26.283 - [robot_6_log_20260602_143011.csv] - DEBUG - Incoming data. Topic agent/6/wheel, mensaje {"Wleft":1.657007864e-15,"Wright":-3.719247132e-16}
2026-06-02 14:30:26.294 - [robot_6_log_20260602_143011.csv] - DEBUG - Incoming data. Topic 6/pos, mensaje {"x": 265.48, "y": 98.23, "yaw": 1.674, "timestamp": 1780403426.2754493}
2026-06-02 14:30:26.300 - [robot_6_log_20260602_143011.csv] - DEBUG - Posición actualizada por visión: x=265.48, y=98.23, θ=1.67
2026-06-02 14:30:26.300 - [robot_6_log_20260602_143011.csv] - DEBUG - Frecuencia: 31.19 Hz | Latencia Red/Proc: 24.62 ms
2026-06-02 14:30:26.305 - [robot_6_log_20260602_143011.csv] - DEBUG - Incoming data. Topic 6/pos, mensaje {"x": 265.48, "y": 98.23, "yaw": 1.674, "timestamp": 1780403426.2754493}
2026-06-02 14:30:26.307 - [robot_6_log_20260602_143011.csv] - INFO - Usando posición VISION: x=265.48, y=98.23, θ=1.67
2026-06-02 14:30:26.307 - [robot_6_log_20260602_143011.csv] - DEBUG - Posición actualizada por visión: x=265.48, y=98.23, θ=1.67
2026-06-02 14:30:26.307 - [robot_6_log_20260602_143011.csv] - INFO - Distancias a paredes: Left: 265.48, Right: 184.52, Top: 41.77, Bottom: 98.23
2026-06-02 14:30:26.307 - [robot_6_log_20260602_143011.csv] - DEBUG - Frecuencia: 132.13 Hz | Latencia Red/Proc: 32.19 ms
2026-06-02 14:30:26.307 - [robot_6_log_20260602_143011.csv] - INFO - Posicion: 265.48, 98.23, 1.674 | Velocidad: -0.9946792260640379, -0.10302056705651848
2026-06-02 14:30:26.307 - [robot_6_log_20260602_143011.csv] - INFO - None
2026-06-02 14:30:26.307 - [robot_6_log_20260602_143011.csv] - WARNING - Estado FSM: AVANZA | Target Wall: None | Target Theta: 0.00° |theta: 95.9131349048998 
2026-06-02 14:30:26.312 - [robot_6_log_20260602_143011.csv] - DEBUG - Incoming data. Topic 6/pos, mensaje {"x": 265.48, "y": 98.23, "yaw": 1.674, "timestamp": 1780403426.2841437}
2026-06-02 14:30:26.317 - [robot_6_log_20260602_143011.csv] - DEBUG - Posición actualizada por visión: x=265.48, y=98.23, θ=1.67
2026-06-02 14:30:26.317 - [robot_6_log_20260602_143011.csv] - DEBUG - Frecuencia: 96.74 Hz | Latencia Red/Proc: 33.84 ms
2026-06-02 14:30:26.323 - [robot_6_log_20260602_143011.csv] - DEBUG - Incoming data. Topic 6/pos, mensaje {"x": 265.48, "y": 98.23, "yaw": 1.674, "timestamp": 1780403426.2841437}
2026-06-02 14:30:26.323 - [robot_6_log_20260602_143011.csv] - DEBUG - Posición actualizada por visión: x=265.48, y=98.23, θ=1.67
2026-06-02 14:30:26.328 - [robot_6_log_20260602_143011.csv] - DEBUG - Frecuencia: 97.75 Hz | Latencia Red/Proc: 44.07 ms
2026-06-02 14:30:26.339 - [robot_6_log_20260602_143011.csv] - DEBUG - Incoming data. Topic agent/6/wheel, mensaje {"Wleft":1.657007864e-15,"Wright":-3.719247132e-16}
2026-06-02 14:30:26.357 - [robot_6_log_20260602_143011.csv] - INFO - Usando posición VISION: x=265.48, y=98.23, θ=1.67
2026-06-02 14:30:26.357 - [robot_6_log_20260602_143011.csv] - INFO - Distancias a paredes: Left: 265.48, Right: 184.52, Top: 41.77, Bottom: 98.23
2026-06-02 14:30:26.357 - [robot_6_log_20260602_143011.csv] - INFO - Posicion: 265.48, 98.23, 1.674 | Velocidad: -0.9946792260640379, -0.10302056705651848
2026-06-02 14:30:26.357 - [robot_6_log_20260602_143011.csv] - INFO - None
2026-06-02 14:30:26.357 - [robot_6_log_20260602_143011.csv] - WARNING - Estado FSM: AVANZA | Target Wall: None | Target Theta: 0.00° |theta: 95.9131349048998 
2026-06-02 14:30:26.380 - [robot_6_log_20260602_143011.csv] - DEBUG - Incoming data. Topic 6/pos, mensaje {"x": 265.49, "y": 98.25, "yaw": 1.666, "timestamp": 1780403426.375135}
2026-06-02 14:30:26.385 - [robot_6_log_20260602_143011.csv] - DEBUG - Posición actualizada por visión: x=265.49, y=98.25, θ=1.67
2026-06-02 14:30:26.392 - [robot_6_log_20260602_143011.csv] - DEBUG - Frecuencia: 15.65 Hz | Latencia Red/Proc: 16.99 ms
2026-06-02 14:30:26.397 - [robot_6_log_20260602_143011.csv] - DEBUG - Incoming data. Topic 6/pos, mensaje {"x": 265.49, "y": 98.25, "yaw": 1.666, "timestamp": 1780403426.375135}
2026-06-02 14:30:26.397 - [robot_6_log_20260602_143011.csv] - DEBUG - Posición actualizada por visión: x=265.49, y=98.25, θ=1.67
2026-06-02 14:30:26.402 - [robot_6_log_20260602_143011.csv] - DEBUG - Frecuencia: 97.32 Hz | Latencia Red/Proc: 27.27 ms
2026-06-02 14:30:26.407 - [robot_6_log_20260602_143011.csv] - INFO - Usando posición VISION: x=265.49, y=98.25, θ=1.67
2026-06-02 14:30:26.407 - [robot_6_log_20260602_143011.csv] - INFO - Distancias a paredes: Left: 265.49, Right: 184.51, Top: 41.75, Bottom: 98.25
2026-06-02 14:30:26.407 - [robot_6_log_20260602_143011.csv] - INFO - Posicion: 265.49, 98.25, 1.666 | Velocidad: -0.995471552243954, -0.09505992148646485
2026-06-02 14:30:26.407 - [robot_6_log_20260602_143011.csv] - INFO - None
2026-06-02 14:30:26.407 - [robot_6_log_20260602_143011.csv] - WARNING - Estado FSM: AVANZA | Target Wall: None | Target Theta: 0.00° |theta: 95.45476866879514 
2026-06-02 14:30:26.418 - [robot_6_log_20260602_143011.csv] - DEBUG - Incoming data. Topic 6/pos, mensaje {"x": 265.49, "y": 98.25, "yaw": 1.666, "timestamp": 1780403426.3859868}
2026-06-02 14:30:26.424 - [robot_6_log_20260602_143011.csv] - DEBUG - Posición actualizada por visión: x=265.49, y=98.25, θ=1.67
2026-06-02 14:30:26.430 - [robot_6_log_20260602_143011.csv] - DEBUG - Frecuencia: 36.01 Hz | Latencia Red/Proc: 44.18 ms
2026-06-02 14:30:26.446 - [robot_6_log_20260602_143011.csv] - DEBUG - Incoming data. Topic 6/pos, mensaje {"x": 265.49, "y": 98.25, "yaw": 1.666, "timestamp": 1780403426.3859868}
2026-06-02 14:30:26.451 - [robot_6_log_20260602_143011.csv] - DEBUG - Posición actualizada por visión: x=265.49, y=98.25, θ=1.67
2026-06-02 14:30:26.457 - [robot_6_log_20260602_143011.csv] - INFO - Usando posición VISION: x=265.49, y=98.25, θ=1.67
2026-06-02 14:30:26.457 - [robot_6_log_20260602_143011.csv] - INFO - Distancias a paredes: Left: 265.49, Right: 184.51, Top: 41.75, Bottom: 98.25
2026-06-02 14:30:26.457 - [robot_6_log_20260602_143011.csv] - INFO - Posicion: 265.49, 98.25, 1.666 | Velocidad: -0.995471552243954, -0.09505992148646485
2026-06-02 14:30:26.457 - [robot_6_log_20260602_143011.csv] - INFO - None
2026-06-02 14:30:26.457 - [robot_6_log_20260602_143011.csv] - DEBUG - Frecuencia: 36.39 Hz | Latencia Red/Proc: 71.66 ms
2026-06-02 14:30:26.457 - [robot_6_log_20260602_143011.csv] - WARNING - Estado FSM: AVANZA | Target Wall: None | Target Theta: 0.00° |theta: 95.45476866879514 
2026-06-02 14:30:26.463 - [robot_6_log_20260602_143011.csv] - DEBUG - Incoming data. Topic agent/6/wheel, mensaje {"Wleft":1.657007864e-15,"Wright":-3.719247132e-16}
2026-06-02 14:30:26.482 - [robot_6_log_20260602_143011.csv] - DEBUG - Incoming data. Topic 6/pos, mensaje {"x": 265.47, "y": 98.24, "yaw": 1.672, "timestamp": 1780403426.480917}
2026-06-02 14:30:26.487 - [robot_6_log_20260602_143011.csv] - DEBUG - Posición actualizada por visión: x=265.47, y=98.24, θ=1.67
2026-06-02 14:30:26.487 - [robot_6_log_20260602_143011.csv] - DEBUG - Frecuencia: 33.84 Hz | Latencia Red/Proc: 6.28 ms
2026-06-02 14:30:26.497 - [robot_6_log_20260602_143011.csv] - DEBUG - Incoming data. Topic 6/pos, mensaje {"x": 265.47, "y": 98.24, "yaw": 1.672, "timestamp": 1780403426.480917}
2026-06-02 14:30:26.497 - [robot_6_log_20260602_143011.csv] - DEBUG - Posición actualizada por visión: x=265.47, y=98.24, θ=1.67
2026-06-02 14:30:26.502 - [robot_6_log_20260602_143011.csv] - DEBUG - Frecuencia: 63.94 Hz | Latencia Red/Proc: 21.92 ms
2026-06-02 14:30:26.507 - [robot_6_log_20260602_143011.csv] - INFO - Usando posición VISION: x=265.47, y=98.24, θ=1.67
2026-06-02 14:30:26.507 - [robot_6_log_20260602_143011.csv] - INFO - Distancias a paredes: Left: 265.47, Right: 184.53, Top: 41.76, Bottom: 98.24
2026-06-02 14:30:26.507 - [robot_6_log_20260602_143011.csv] - INFO - Posicion: 265.47, 98.24, 1.672 | Velocidad: -0.9948832777030012, -0.10103100388956367
2026-06-02 14:30:26.507 - [robot_6_log_20260602_143011.csv] - INFO - None
2026-06-02 14:30:26.507 - [robot_6_log_20260602_143011.csv] - DEBUG - Incoming data. Topic 6/pos, mensaje {"x": 265.47, "y": 98.24, "yaw": 1.672, "timestamp": 1780403426.4919565}
2026-06-02 14:30:26.507 - [robot_6_log_20260602_143011.csv] - WARNING - Estado FSM: AVANZA | Target Wall: None | Target Theta: 0.00° |theta: 95.79854334587364 
2026-06-02 14:30:26.508 - [robot_6_log_20260602_143011.csv] - DEBUG - Posición actualizada por visión: x=265.47, y=98.24, θ=1.67
2026-06-02 14:30:26.513 - [robot_6_log_20260602_143011.csv] - DEBUG - Frecuencia: 95.45 Hz | Latencia Red/Proc: 21.36 ms
2026-06-02 14:30:26.513 - [robot_6_log_20260602_143011.csv] - DEBUG - Incoming data. Topic 6/pos, mensaje {"x": 265.47, "y": 98.24, "yaw": 1.672, "timestamp": 1780403426.4919565}
2026-06-02 14:30:26.518 - [robot_6_log_20260602_143011.csv] - DEBUG - Posición actualizada por visión: x=265.47, y=98.24, θ=1.67
2026-06-02 14:30:26.518 - [robot_6_log_20260602_143011.csv] - DEBUG - Frecuencia: 189.19 Hz | Latencia Red/Proc: 26.64 ms
2026-06-02 14:30:26.536 - [robot_6_log_20260602_143011.csv] - DEBUG - Incoming data. Topic agent/6/wheel, mensaje {"Wleft":1.657007864e-15,"Wright":-3.719247132e-16}
2026-06-02 14:30:26.557 - [robot_6_log_20260602_143011.csv] - INFO - Usando posición VISION: x=265.47, y=98.24, θ=1.67
2026-06-02 14:30:26.557 - [robot_6_log_20260602_143011.csv] - INFO - Distancias a paredes: Left: 265.47, Right: 184.53, Top: 41.76, Bottom: 98.24
2026-06-02 14:30:26.557 - [robot_6_log_20260602_143011.csv] - INFO - Posicion: 265.47, 98.24, 1.672 | Velocidad: -0.9948832777030012, -0.10103100388956367
2026-06-02 14:30:26.557 - [robot_6_log_20260602_143011.csv] - INFO - None
2026-06-02 14:30:26.557 - [robot_6_log_20260602_143011.csv] - WARNING - Estado FSM: AVANZA | Target Wall: None | Target Theta: 0.00° |theta: 95.79854334587364 
2026-06-02 14:30:26.586 - [robot_6_log_20260602_143011.csv] - DEBUG - Incoming data. Topic 6/pos, mensaje {"x": 265.49, "y": 98.23, "yaw": 1.67, "timestamp": 1780403426.5780027}
2026-06-02 14:30:26.591 - [robot_6_log_20260602_143011.csv] - DEBUG - Posición actualizada por visión: x=265.49, y=98.23, θ=1.67
2026-06-02 14:30:26.601 - [robot_6_log_20260602_143011.csv] - DEBUG - Frecuencia: 12.01 Hz | Latencia Red/Proc: 23.87 ms
2026-06-02 14:30:26.607 - [robot_6_log_20260602_143011.csv] - DEBUG - Incoming data. Topic 6/pos, mensaje {"x": 265.49, "y": 98.23, "yaw": 1.67, "timestamp": 1780403426.5780027}
2026-06-02 14:30:26.607 - [robot_6_log_20260602_143011.csv] - INFO - Usando posición VISION: x=265.49, y=98.23, θ=1.67
2026-06-02 14:30:26.607 - [robot_6_log_20260602_143011.csv] - DEBUG - Posición actualizada por visión: x=265.49, y=98.23, θ=1.67
2026-06-02 14:30:26.607 - [robot_6_log_20260602_143011.csv] - INFO - Distancias a paredes: Left: 265.49, Right: 184.51, Top: 41.77, Bottom: 98.23
2026-06-02 14:30:26.607 - [robot_6_log_20260602_143011.csv] - DEBUG - Frecuencia: 174.97 Hz | Latencia Red/Proc: 29.59 ms
2026-06-02 14:30:26.607 - [robot_6_log_20260602_143011.csv] - INFO - Posicion: 265.49, 98.23, 1.67 | Velocidad: -0.9950833498101802, -0.09904103659872801
2026-06-02 14:30:26.607 - [robot_6_log_20260602_143011.csv] - DEBUG - Incoming data. Topic 6/pos, mensaje {"x": 265.49, "y": 98.23, "yaw": 1.67, "timestamp": 1780403426.5876224}
2026-06-02 14:30:26.607 - [robot_6_log_20260602_143011.csv] - INFO - None
2026-06-02 14:30:26.607 - [robot_6_log_20260602_143011.csv] - DEBUG - Posición actualizada por visión: x=265.49, y=98.23, θ=1.67
2026-06-02 14:30:26.607 - [robot_6_log_20260602_143011.csv] - WARNING - Estado FSM: AVANZA | Target Wall: None | Target Theta: 0.00° |theta: 95.68395178684747 
2026-06-02 14:30:26.607 - [robot_6_log_20260602_143011.csv] - DEBUG - Frecuencia: 4161.02 Hz | Latencia Red/Proc: 20.21 ms
2026-06-02 14:30:26.618 - [robot_6_log_20260602_143011.csv] - DEBUG - Incoming data. Topic 6/pos, mensaje {"x": 265.49, "y": 98.23, "yaw": 1.67, "timestamp": 1780403426.5876224}
2026-06-02 14:30:26.623 - [robot_6_log_20260602_143011.csv] - DEBUG - Posición actualizada por visión: x=265.49, y=98.23, θ=1.67
2026-06-02 14:30:26.628 - [robot_6_log_20260602_143011.csv] - DEBUG - Frecuencia: 48.94 Hz | Latencia Red/Proc: 40.64 ms
2026-06-02 14:30:26.633 - [robot_6_log_20260602_143011.csv] - DEBUG - Incoming data. Topic agent/6/wheel, mensaje {"Wleft":1.657007864e-15,"Wright":-3.719247132e-16}
2026-06-02 14:30:26.657 - [robot_6_log_20260602_143011.csv] - INFO - Usando posición VISION: x=265.49, y=98.23, θ=1.67
2026-06-02 14:30:26.657 - [robot_6_log_20260602_143011.csv] - INFO - Distancias a paredes: Left: 265.49, Right: 184.51, Top: 41.77, Bottom: 98.23
2026-06-02 14:30:26.657 - [robot_6_log_20260602_143011.csv] - INFO - Posicion: 265.49, 98.23, 1.67 | Velocidad: -0.9950833498101802, -0.09904103659872801
2026-06-02 14:30:26.657 - [robot_6_log_20260602_143011.csv] - INFO - None
2026-06-02 14:30:26.657 - [robot_6_log_20260602_143011.csv] - WARNING - Estado FSM: AVANZA | Target Wall: None | Target Theta: 0.00° |theta: 95.68395178684747 
2026-06-02 14:30:26.682 - [robot_6_log_20260602_143011.csv] - DEBUG - Incoming data. Topic 6/pos, mensaje {"x": 265.49, "y": 98.22, "yaw": 1.666, "timestamp": 1780403426.6781652}
2026-06-02 14:30:26.687 - [robot_6_log_20260602_143011.csv] - DEBUG - Posición actualizada por visión: x=265.49, y=98.22, θ=1.67
2026-06-02 14:30:26.687 - [robot_6_log_20260602_143011.csv] - DEBUG - Frecuencia: 16.91 Hz | Latencia Red/Proc: 9.22 ms
2026-06-02 14:30:26.697 - [robot_6_log_20260602_143011.csv] - DEBUG - Incoming data. Topic 6/pos, mensaje {"x": 265.49, "y": 98.22, "yaw": 1.666, "timestamp": 1780403426.6781652}
2026-06-02 14:30:26.702 - [robot_6_log_20260602_143011.csv] - DEBUG - Posición actualizada por visión: x=265.49, y=98.22, θ=1.67
2026-06-02 14:30:26.707 - [robot_6_log_20260602_143011.csv] - INFO - Usando posición VISION: x=265.49, y=98.22, θ=1.67
2026-06-02 14:30:26.707 - [robot_6_log_20260602_143011.csv] - DEBUG - Frecuencia: 49.71 Hz | Latencia Red/Proc: 29.34 ms
2026-06-02 14:30:26.707 - [robot_6_log_20260602_143011.csv] - INFO - Distancias a paredes: Left: 265.49, Right: 184.51, Top: 41.78, Bottom: 98.22
2026-06-02 14:30:26.707 - [robot_6_log_20260602_143011.csv] - INFO - Posicion: 265.49, 98.22, 1.666 | Velocidad: -0.995471552243954, -0.09505992148646485
2026-06-02 14:30:26.707 - [robot_6_log_20260602_143011.csv] - INFO - None
2026-06-02 14:30:26.707 - [robot_6_log_20260602_143011.csv] - DEBUG - Incoming data. Topic 6/pos, mensaje {"x": 265.49, "y": 98.22, "yaw": 1.666, "timestamp": 1780403426.6908538}
2026-06-02 14:30:26.707 - [robot_6_log_20260602_143011.csv] - WARNING - Estado FSM: AVANZA | Target Wall: None | Target Theta: 0.00° |theta: 95.45476866879514 
2026-06-02 14:30:26.707 - [robot_6_log_20260602_143011.csv] - DEBUG - Posición actualizada por visión: x=265.49, y=98.22, θ=1.67
2026-06-02 14:30:26.717 - [robot_6_log_20260602_143011.csv] - DEBUG - Frecuencia: 96.49 Hz | Latencia Red/Proc: 27.02 ms
2026-06-02 14:30:26.717 - [robot_6_log_20260602_143011.csv] - DEBUG - Incoming data. Topic 6/pos, mensaje {"x": 265.49, "y": 98.22, "yaw": 1.666, "timestamp": 1780403426.6908538}
2026-06-02 14:30:26.723 - [robot_6_log_20260602_143011.csv] - DEBUG - Posición actualizada por visión: x=265.49, y=98.22, θ=1.67
2026-06-02 14:30:26.728 - [robot_6_log_20260602_143011.csv] - DEBUG - Frecuencia: 96.31 Hz | Latencia Red/Proc: 37.40 ms
2026-06-02 14:30:26.757 - [robot_6_log_20260602_143011.csv] - INFO - Usando posición VISION: x=265.49, y=98.22, θ=1.67
2026-06-02 14:30:26.757 - [robot_6_log_20260602_143011.csv] - INFO - Distancias a paredes: Left: 265.49, Right: 184.51, Top: 41.78, Bottom: 98.22
2026-06-02 14:30:26.757 - [robot_6_log_20260602_143011.csv] - INFO - Posicion: 265.49, 98.22, 1.666 | Velocidad: -0.995471552243954, -0.09505992148646485
2026-06-02 14:30:26.757 - [robot_6_log_20260602_143011.csv] - INFO - None
2026-06-02 14:30:26.757 - [robot_6_log_20260602_143011.csv] - WARNING - Estado FSM: AVANZA | Target Wall: None | Target Theta: 0.00° |theta: 95.45476866879514 
2026-06-02 14:30:26.767 - [robot_6_log_20260602_143011.csv] - DEBUG - Incoming data. Topic agent/6/wheel, mensaje {"Wleft":1.657007864e-15,"Wright":-3.719247132e-16}
2026-06-02 14:30:26.785 - [robot_6_log_20260602_143011.csv] - DEBUG - Incoming data. Topic 6/pos, mensaje {"x": 265.48, "y": 98.23, "yaw": 1.674, "timestamp": 1780403426.780216}
2026-06-02 14:30:26.785 - [robot_6_log_20260602_143011.csv] - DEBUG - Posición actualizada por visión: x=265.48, y=98.23, θ=1.67
2026-06-02 14:30:26.785 - [robot_6_log_20260602_143011.csv] - DEBUG - Frecuencia: 17.52 Hz | Latencia Red/Proc: 5.12 ms
2026-06-02 14:30:26.785 - [robot_6_log_20260602_143011.csv] - DEBUG - Incoming data. Topic 6/pos, mensaje {"x": 265.48, "y": 98.23, "yaw": 1.674, "timestamp": 1780403426.780216}
2026-06-02 14:30:26.785 - [robot_6_log_20260602_143011.csv] - DEBUG - Posición actualizada por visión: x=265.48, y=98.23, θ=1.67
2026-06-02 14:30:26.785 - [robot_6_log_20260602_143011.csv] - DEBUG - Frecuencia: 22192.08 Hz | Latencia Red/Proc: 5.16 ms
2026-06-02 14:30:26.796 - [robot_6_log_20260602_143011.csv] - DEBUG - Incoming data. Topic 6/pos, mensaje {"x": 265.48, "y": 98.23, "yaw": 1.674, "timestamp": 1780403426.7913997}
2026-06-02 14:30:26.802 - [robot_6_log_20260602_143011.csv] - DEBUG - Posición actualizada por visión: x=265.48, y=98.23, θ=1.67
2026-06-02 14:30:26.807 - [robot_6_log_20260602_143011.csv] - DEBUG - Frecuencia: 45.57 Hz | Latencia Red/Proc: 15.92 ms
2026-06-02 14:30:26.807 - [robot_6_log_20260602_143011.csv] - INFO - Usando posición VISION: x=265.48, y=98.23, θ=1.67
2026-06-02 14:30:26.807 - [robot_6_log_20260602_143011.csv] - INFO - Distancias a paredes: Left: 265.48, Right: 184.52, Top: 41.77, Bottom: 98.23
2026-06-02 14:30:26.807 - [robot_6_log_20260602_143011.csv] - INFO - Posicion: 265.48, 98.23, 1.674 | Velocidad: -0.9946792260640379, -0.10302056705651848
2026-06-02 14:30:26.807 - [robot_6_log_20260602_143011.csv] - INFO - None
2026-06-02 14:30:26.807 - [robot_6_log_20260602_143011.csv] - DEBUG - Incoming data. Topic 6/pos, mensaje {"x": 265.48, "y": 98.23, "yaw": 1.674, "timestamp": 1780403426.7913997}
2026-06-02 14:30:26.807 - [robot_6_log_20260602_143011.csv] - WARNING - Estado FSM: AVANZA | Target Wall: None | Target Theta: 0.00° |theta: 95.9131349048998 
2026-06-02 14:30:26.807 - [robot_6_log_20260602_143011.csv] - DEBUG - Posición actualizada por visión: x=265.48, y=98.23, θ=1.67
2026-06-02 14:30:26.817 - [robot_6_log_20260602_143011.csv] - DEBUG - Frecuencia: 94.04 Hz | Latencia Red/Proc: 26.56 ms
2026-06-02 14:30:26.834 - [robot_6_log_20260602_143011.csv] - DEBUG - Incoming data. Topic agent/6/wheel, mensaje {"Wleft":1.657007864e-15,"Wright":-3.719247132e-16}
2026-06-02 14:30:26.857 - [robot_6_log_20260602_143011.csv] - INFO - Usando posición VISION: x=265.48, y=98.23, θ=1.67
2026-06-02 14:30:26.857 - [robot_6_log_20260602_143011.csv] - INFO - Distancias a paredes: Left: 265.48, Right: 184.52, Top: 41.77, Bottom: 98.23
2026-06-02 14:30:26.857 - [robot_6_log_20260602_143011.csv] - INFO - Posicion: 265.48, 98.23, 1.674 | Velocidad: -0.9946792260640379, -0.10302056705651848
2026-06-02 14:30:26.857 - [robot_6_log_20260602_143011.csv] - INFO - None
2026-06-02 14:30:26.857 - [robot_6_log_20260602_143011.csv] - WARNING - Estado FSM: AVANZA | Target Wall: None | Target Theta: 0.00° |theta: 95.9131349048998 
2026-06-02 14:30:26.882 - [robot_6_log_20260602_143011.csv] - DEBUG - Incoming data. Topic 6/pos, mensaje {"x": 265.52, "y": 98.21, "yaw": 1.68, "timestamp": 1780403426.8809402}
2026-06-02 14:30:26.887 - [robot_6_log_20260602_143011.csv] - DEBUG - Posición actualizada por visión: x=265.52, y=98.21, θ=1.68
2026-06-02 14:30:26.893 - [robot_6_log_20260602_143011.csv] - DEBUG - Frecuencia: 13.23 Hz | Latencia Red/Proc: 12.60 ms
2026-06-02 14:30:26.898 - [robot_6_log_20260602_143011.csv] - DEBUG - Incoming data. Topic 6/pos, mensaje {"x": 265.52, "y": 98.21, "yaw": 1.68, "timestamp": 1780403426.8809402}
2026-06-02 14:30:26.903 - [robot_6_log_20260602_143011.csv] - DEBUG - Posición actualizada por visión: x=265.52, y=98.21, θ=1.68
2026-06-02 14:30:26.903 - [robot_6_log_20260602_143011.csv] - DEBUG - Frecuencia: 97.61 Hz | Latencia Red/Proc: 22.85 ms
2026-06-02 14:30:26.903 - [robot_6_log_20260602_143011.csv] - DEBUG - Incoming data. Topic 6/pos, mensaje {"x": 265.52, "y": 98.21, "yaw": 1.68, "timestamp": 1780403426.8927495}
2026-06-02 14:30:26.903 - [robot_6_log_20260602_143011.csv] - DEBUG - Posición actualizada por visión: x=265.52, y=98.21, θ=1.68
2026-06-02 14:30:26.903 - [robot_6_log_20260602_143011.csv] - DEBUG - Frecuencia: 20971.52 Hz | Latencia Red/Proc: 11.08 ms
2026-06-02 14:30:26.903 - [robot_6_log_20260602_143011.csv] - DEBUG - Incoming data. Topic 6/pos, mensaje {"x": 265.52, "y": 98.21, "yaw": 1.68, "timestamp": 1780403426.8927495}
2026-06-02 14:30:26.903 - [robot_6_log_20260602_143011.csv] - DEBUG - Posición actualizada por visión: x=265.52, y=98.21, θ=1.68
2026-06-02 14:30:26.903 - [robot_6_log_20260602_143011.csv] - DEBUG - Frecuencia: 23831.27 Hz | Latencia Red/Proc: 11.13 ms
2026-06-02 14:30:26.907 - [robot_6_log_20260602_143011.csv] - INFO - Usando posición VISION: x=265.52, y=98.21, θ=1.68
2026-06-02 14:30:26.907 - [robot_6_log_20260602_143011.csv] - INFO - Distancias a paredes: Left: 265.52, Right: 184.48, Top: 41.79, Bottom: 98.21
2026-06-02 14:30:26.907 - [robot_6_log_20260602_143011.csv] - INFO - Posicion: 265.52, 98.21, 1.68 | Velocidad: -0.994043202198076, -0.10898675223987112
2026-06-02 14:30:26.907 - [robot_6_log_20260602_143011.csv] - INFO - None
2026-06-02 14:30:26.907 - [robot_6_log_20260602_143011.csv] - WARNING - Estado FSM: AVANZA | Target Wall: None | Target Theta: 0.00° |theta: 96.2569095819783 
2026-06-02 14:30:26.957 - [robot_6_log_20260602_143011.csv] - INFO - Usando posición VISION: x=265.52, y=98.21, θ=1.68
2026-06-02 14:30:26.957 - [robot_6_log_20260602_143011.csv] - INFO - Distancias a paredes: Left: 265.52, Right: 184.48, Top: 41.79, Bottom: 98.21
2026-06-02 14:30:26.957 - [robot_6_log_20260602_143011.csv] - INFO - Posicion: 265.52, 98.21, 1.68 | Velocidad: -0.994043202198076, -0.10898675223987112
2026-06-02 14:30:26.957 - [robot_6_log_20260602_143011.csv] - INFO - None
2026-06-02 14:30:26.957 - [robot_6_log_20260602_143011.csv] - WARNING - Estado FSM: AVANZA | Target Wall: None | Target Theta: 0.00° |theta: 96.2569095819783 
2026-06-02 14:30:26.969 - [robot_6_log_20260602_143011.csv] - DEBUG - Incoming data. Topic agent/6/wheel, mensaje {"Wleft":1.657007864e-15,"Wright":-3.719247132e-16}
2026-06-02 14:30:26.975 - [robot_6_log_20260602_143011.csv] - DEBUG - Incoming data. Topic 6/pos, mensaje {"x": 265.48, "y": 98.25, "yaw": 1.674, "timestamp": 1780403426.9748533}
2026-06-02 14:30:26.980 - [robot_6_log_20260602_143011.csv] - DEBUG - Posición actualizada por visión: x=265.48, y=98.25, θ=1.67
2026-06-02 14:30:26.985 - [robot_6_log_20260602_143011.csv] - DEBUG - Frecuencia: 12.20 Hz | Latencia Red/Proc: 10.97 ms
2026-06-02 14:30:26.998 - [robot_6_log_20260602_143011.csv] - DEBUG - Incoming data. Topic 6/pos, mensaje {"x": 265.48, "y": 98.25, "yaw": 1.674, "timestamp": 1780403426.9748533}
2026-06-02 14:30:26.998 - [robot_6_log_20260602_143011.csv] - DEBUG - Posición actualizada por visión: x=265.48, y=98.25, θ=1.67
2026-06-02 14:30:27.003 - [robot_6_log_20260602_143011.csv] - DEBUG - Frecuencia: 56.42 Hz | Latencia Red/Proc: 28.69 ms
2026-06-02 14:30:27.007 - [robot_6_log_20260602_143011.csv] - INFO - Usando posición VISION: x=265.48, y=98.25, θ=1.67
2026-06-02 14:30:27.007 - [robot_6_log_20260602_143011.csv] - INFO - Distancias a paredes: Left: 265.48, Right: 184.52, Top: 41.75, Bottom: 98.25
2026-06-02 14:30:27.007 - [robot_6_log_20260602_143011.csv] - INFO - Posicion: 265.48, 98.25, 1.674 | Velocidad: -0.9946792260640379, -0.10302056705651848
2026-06-02 14:30:27.007 - [robot_6_log_20260602_143011.csv] - INFO - None
2026-06-02 14:30:27.007 - [robot_6_log_20260602_143011.csv] - DEBUG - Incoming data. Topic 6/pos, mensaje {"x": 265.48, "y": 98.25, "yaw": 1.674, "timestamp": 1780403426.9838314}
2026-06-02 14:30:27.007 - [robot_6_log_20260602_143011.csv] - WARNING - Estado FSM: AVANZA | Target Wall: None | Target Theta: 0.00° |theta: 95.9131349048998 
2026-06-02 14:30:27.007 - [robot_6_log_20260602_143011.csv] - DEBUG - Posición actualizada por visión: x=265.48, y=98.25, θ=1.67
2026-06-02 14:30:27.018 - [robot_6_log_20260602_143011.csv] - DEBUG - Frecuencia: 68.04 Hz | Latencia Red/Proc: 34.41 ms
2026-06-02 14:30:27.018 - [robot_6_log_20260602_143011.csv] - DEBUG - Incoming data. Topic 6/pos, mensaje {"x": 265.48, "y": 98.25, "yaw": 1.674, "timestamp": 1780403426.9838314}
2026-06-02 14:30:27.023 - [robot_6_log_20260602_143011.csv] - DEBUG - Posición actualizada por visión: x=265.48, y=98.25, θ=1.67
2026-06-02 14:30:27.023 - [robot_6_log_20260602_143011.csv] - DEBUG - Frecuencia: 191.82 Hz | Latencia Red/Proc: 39.62 ms
2026-06-02 14:30:27.039 - [robot_6_log_20260602_143011.csv] - DEBUG - Incoming data. Topic agent/6/wheel, mensaje {"Wleft":1.657007864e-15,"Wright":-3.719247132e-16}
2026-06-02 14:30:27.057 - [robot_6_log_20260602_143011.csv] - INFO - Usando posición VISION: x=265.48, y=98.25, θ=1.67
2026-06-02 14:30:27.057 - [robot_6_log_20260602_143011.csv] - INFO - Distancias a paredes: Left: 265.48, Right: 184.52, Top: 41.75, Bottom: 98.25
2026-06-02 14:30:27.057 - [robot_6_log_20260602_143011.csv] - INFO - Posicion: 265.48, 98.25, 1.674 | Velocidad: -0.9946792260640379, -0.10302056705651848
2026-06-02 14:30:27.057 - [robot_6_log_20260602_143011.csv] - INFO - None
2026-06-02 14:30:27.057 - [robot_6_log_20260602_143011.csv] - WARNING - Estado FSM: AVANZA | Target Wall: None | Target Theta: 0.00° |theta: 95.9131349048998 
2026-06-02 14:30:27.081 - [robot_6_log_20260602_143011.csv] - DEBUG - Incoming data. Topic 6/pos, mensaje {"x": 265.49, "y": 98.22, "yaw": 1.667, "timestamp": 1780403427.077618}
2026-06-02 14:30:27.086 - [robot_6_log_20260602_143011.csv] - DEBUG - Posición actualizada por visión: x=265.49, y=98.22, θ=1.67
2026-06-02 14:30:27.091 - [robot_6_log_20260602_143011.csv] - DEBUG - Frecuencia: 14.63 Hz | Latencia Red/Proc: 14.17 ms
2026-06-02 14:30:27.097 - [robot_6_log_20260602_143011.csv] - DEBUG - Incoming data. Topic 6/pos, mensaje {"x": 265.49, "y": 98.22, "yaw": 1.667, "timestamp": 1780403427.077618}
2026-06-02 14:30:27.098 - [robot_6_log_20260602_143011.csv] - DEBUG - Posición actualizada por visión: x=265.49, y=98.22, θ=1.67
2026-06-02 14:30:27.098 - [robot_6_log_20260602_143011.csv] - DEBUG - Frecuencia: 160.08 Hz | Latencia Red/Proc: 20.42 ms
2026-06-02 14:30:27.098 - [robot_6_log_20260602_143011.csv] - DEBUG - Incoming data. Topic 6/pos, mensaje {"x": 265.49, "y": 98.22, "yaw": 1.667, "timestamp": 1780403427.08903}
2026-06-02 14:30:27.098 - [robot_6_log_20260602_143011.csv] - DEBUG - Posición actualizada por visión: x=265.49, y=98.22, θ=1.67
2026-06-02 14:30:27.098 - [robot_6_log_20260602_143011.csv] - DEBUG - Frecuencia: 24105.20 Hz | Latencia Red/Proc: 9.05 ms
2026-06-02 14:30:27.098 - [robot_6_log_20260602_143011.csv] - DEBUG - Incoming data. Topic 6/pos, mensaje {"x": 265.49, "y": 98.22, "yaw": 1.667, "timestamp": 1780403427.08903}
2026-06-02 14:30:27.098 - [robot_6_log_20260602_143011.csv] - DEBUG - Posición actualizada por visión: x=265.49, y=98.22, θ=1.67
2026-06-02 14:30:27.098 - [robot_6_log_20260602_143011.csv] - DEBUG - Frecuencia: 24966.10 Hz | Latencia Red/Proc: 9.09 ms
2026-06-02 14:30:27.107 - [robot_6_log_20260602_143011.csv] - INFO - Usando posición VISION: x=265.49, y=98.22, θ=1.67
2026-06-02 14:30:27.107 - [robot_6_log_20260602_143011.csv] - INFO - Distancias a paredes: Left: 265.49, Right: 184.51, Top: 41.78, Bottom: 98.22
2026-06-02 14:30:27.107 - [robot_6_log_20260602_143011.csv] - INFO - Posicion: 265.49, 98.22, 1.667 | Velocidad: -0.9953759946025762, -0.09605534534284021
2026-06-02 14:30:27.107 - [robot_6_log_20260602_143011.csv] - INFO - None
2026-06-02 14:30:27.107 - [robot_6_log_20260602_143011.csv] - WARNING - Estado FSM: AVANZA | Target Wall: None | Target Theta: 0.00° |theta: 95.51206444830824 
2026-06-02 14:30:27.157 - [robot_6_log_20260602_143011.csv] - INFO - Usando posición VISION: x=265.49, y=98.22, θ=1.67
2026-06-02 14:30:27.157 - [robot_6_log_20260602_143011.csv] - INFO - Distancias a paredes: Left: 265.49, Right: 184.51, Top: 41.78, Bottom: 98.22
2026-06-02 14:30:27.157 - [robot_6_log_20260602_143011.csv] - INFO - Posicion: 265.49, 98.22, 1.667 | Velocidad: -0.9953759946025762, -0.09605534534284021
2026-06-02 14:30:27.157 - [robot_6_log_20260602_143011.csv] - INFO - None
2026-06-02 14:30:27.157 - [robot_6_log_20260602_143011.csv] - WARNING - Estado FSM: AVANZA | Target Wall: None | Target Theta: 0.00° |theta: 95.51206444830824 
2026-06-02 14:30:27.169 - [robot_6_log_20260602_143011.csv] - DEBUG - Incoming data. Topic agent/6/wheel, mensaje {"Wleft":1.657007864e-15,"Wright":-3.719247132e-16}
2026-06-02 14:30:27.181 - [robot_6_log_20260602_143011.csv] - DEBUG - Incoming data. Topic 6/pos, mensaje {"x": 265.48, "y": 98.23, "yaw": 1.667, "timestamp": 1780403427.1780787}
2026-06-02 14:30:27.186 - [robot_6_log_20260602_143011.csv] - DEBUG - Posición actualizada por visión: x=265.48, y=98.23, θ=1.67
2026-06-02 14:30:27.192 - [robot_6_log_20260602_143011.csv] - DEBUG - Frecuencia: 10.60 Hz | Latencia Red/Proc: 14.36 ms
2026-06-02 14:30:27.207 - [robot_6_log_20260602_143011.csv] - INFO - Usando posición VISION: x=265.48, y=98.23, θ=1.67
2026-06-02 14:30:27.207 - [robot_6_log_20260602_143011.csv] - DEBUG - Incoming data. Topic 6/pos, mensaje {"x": 265.48, "y": 98.23, "yaw": 1.667, "timestamp": 1780403427.1780787}
2026-06-02 14:30:27.207 - [robot_6_log_20260602_143011.csv] - INFO - Distancias a paredes: Left: 265.48, Right: 184.52, Top: 41.77, Bottom: 98.23
2026-06-02 14:30:27.207 - [robot_6_log_20260602_143011.csv] - DEBUG - Posición actualizada por visión: x=265.48, y=98.23, θ=1.67
2026-06-02 14:30:27.207 - [robot_6_log_20260602_143011.csv] - INFO - Posicion: 265.48, 98.23, 1.667 | Velocidad: -0.9953759946025762, -0.09605534534284021
2026-06-02 14:30:27.207 - [robot_6_log_20260602_143011.csv] - DEBUG - Frecuencia: 65.45 Hz | Latencia Red/Proc: 29.64 ms
2026-06-02 14:30:27.207 - [robot_6_log_20260602_143011.csv] - INFO - None
2026-06-02 14:30:27.207 - [robot_6_log_20260602_143011.csv] - DEBUG - Incoming data. Topic 6/pos, mensaje {"x": 265.48, "y": 98.23, "yaw": 1.667, "timestamp": 1780403427.1866455}
2026-06-02 14:30:27.207 - [robot_6_log_20260602_143011.csv] - WARNING - Estado FSM: AVANZA | Target Wall: None | Target Theta: 0.00° |theta: 95.51206444830824 
2026-06-02 14:30:27.207 - [robot_6_log_20260602_143011.csv] - DEBUG - Posición actualizada por visión: x=265.48, y=98.23, θ=1.67
2026-06-02 14:30:27.213 - [robot_6_log_20260602_143011.csv] - DEBUG - Frecuencia: 189.01 Hz | Latencia Red/Proc: 26.37 ms
2026-06-02 14:30:27.218 - [robot_6_log_20260602_143011.csv] - DEBUG - Incoming data. Topic 6/pos, mensaje {"x": 265.48, "y": 98.23, "yaw": 1.667, "timestamp": 1780403427.1866455}
2026-06-02 14:30:27.224 - [robot_6_log_20260602_143011.csv] - DEBUG - Posición actualizada por visión: x=265.48, y=98.23, θ=1.67
2026-06-02 14:30:27.229 - [robot_6_log_20260602_143011.csv] - DEBUG - Frecuencia: 61.04 Hz | Latencia Red/Proc: 42.75 ms
2026-06-02 14:30:27.257 - [robot_6_log_20260602_143011.csv] - INFO - Usando posición VISION: x=265.48, y=98.23, θ=1.67
2026-06-02 14:30:27.257 - [robot_6_log_20260602_143011.csv] - INFO - Distancias a paredes: Left: 265.48, Right: 184.52, Top: 41.77, Bottom: 98.23
2026-06-02 14:30:27.257 - [robot_6_log_20260602_143011.csv] - INFO - Posicion: 265.48, 98.23, 1.667 | Velocidad: -0.9953759946025762, -0.09605534534284021
2026-06-02 14:30:27.257 - [robot_6_log_20260602_143011.csv] - INFO - None
2026-06-02 14:30:27.257 - [robot_6_log_20260602_143011.csv] - WARNING - Estado FSM: AVANZA | Target Wall: None | Target Theta: 0.00° |theta: 95.51206444830824 
2026-06-02 14:30:27.275 - [robot_6_log_20260602_143011.csv] - DEBUG - Incoming data. Topic agent/6/wheel, mensaje {"Wleft":1.657007864e-15,"Wright":-3.719247132e-16}
2026-06-02 14:30:27.282 - [robot_6_log_20260602_143011.csv] - DEBUG - Incoming data. Topic 6/pos, mensaje {"x": 265.53, "y": 98.19, "yaw": 1.677, "timestamp": 1780403427.2787676}
2026-06-02 14:30:27.282 - [robot_6_log_20260602_143011.csv] - DEBUG - Posición actualizada por visión: x=265.53, y=98.19, θ=1.68
2026-06-02 14:30:27.282 - [robot_6_log_20260602_143011.csv] - DEBUG - Frecuencia: 18.94 Hz | Latencia Red/Proc: 3.43 ms
2026-06-02 14:30:27.282 - [robot_6_log_20260602_143011.csv] - DEBUG - Incoming data. Topic 6/pos, mensaje {"x": 265.53, "y": 98.19, "yaw": 1.677, "timestamp": 1780403427.2787676}
2026-06-02 14:30:27.282 - [robot_6_log_20260602_143011.csv] - DEBUG - Posición actualizada por visión: x=265.53, y=98.19, θ=1.68
2026-06-02 14:30:27.282 - [robot_6_log_20260602_143011.csv] - DEBUG - Frecuencia: 11214.72 Hz | Latencia Red/Proc: 3.52 ms
2026-06-02 14:30:27.294 - [robot_6_log_20260602_143011.csv] - DEBUG - Incoming data. Topic 6/pos, mensaje {"x": 265.53, "y": 98.19, "yaw": 1.677, "timestamp": 1780403427.289861}
2026-06-02 14:30:27.299 - [robot_6_log_20260602_143011.csv] - DEBUG - Posición actualizada por visión: x=265.53, y=98.19, θ=1.68
2026-06-02 14:30:27.305 - [robot_6_log_20260602_143011.csv] - DEBUG - Frecuencia: 42.70 Hz | Latencia Red/Proc: 15.85 ms
2026-06-02 14:30:27.305 - [robot_6_log_20260602_143011.csv] - DEBUG - Incoming data. Topic 6/pos, mensaje {"x": 265.53, "y": 98.19, "yaw": 1.677, "timestamp": 1780403427.289861}
2026-06-02 14:30:27.305 - [robot_6_log_20260602_143011.csv] - DEBUG - Posición actualizada por visión: x=265.53, y=98.19, θ=1.68
2026-06-02 14:30:27.305 - [robot_6_log_20260602_143011.csv] - DEBUG - Frecuencia: 8305.55 Hz | Latencia Red/Proc: 15.97 ms
2026-06-02 14:30:27.307 - [robot_6_log_20260602_143011.csv] - INFO - Usando posición VISION: x=265.53, y=98.19, θ=1.68
2026-06-02 14:30:27.307 - [robot_6_log_20260602_143011.csv] - INFO - Distancias a paredes: Left: 265.53, Right: 184.47, Top: 41.81, Bottom: 98.19
2026-06-02 14:30:27.307 - [robot_6_log_20260602_143011.csv] - INFO - Posicion: 265.53, 98.19, 1.677 | Velocidad: -0.9943656887733004, -0.10600413666645214
2026-06-02 14:30:27.307 - [robot_6_log_20260602_143011.csv] - INFO - None
2026-06-02 14:30:27.307 - [robot_6_log_20260602_143011.csv] - WARNING - Estado FSM: AVANZA | Target Wall: None | Target Theta: 0.00° |theta: 96.08502224343906 
2026-06-02 14:30:27.337 - [robot_6_log_20260602_143011.csv] - DEBUG - Incoming data. Topic agent/6/wheel, mensaje {"Wleft":1.657007864e-15,"Wright":-3.719247132e-16}
2026-06-02 14:30:27.357 - [robot_6_log_20260602_143011.csv] - INFO - Usando posición VISION: x=265.53, y=98.19, θ=1.68
2026-06-02 14:30:27.357 - [robot_6_log_20260602_143011.csv] - INFO - Distancias a paredes: Left: 265.53, Right: 184.47, Top: 41.81, Bottom: 98.19
2026-06-02 14:30:27.357 - [robot_6_log_20260602_143011.csv] - INFO - Posicion: 265.53, 98.19, 1.677 | Velocidad: -0.9943656887733004, -0.10600413666645214
2026-06-02 14:30:27.357 - [robot_6_log_20260602_143011.csv] - INFO - None
2026-06-02 14:30:27.357 - [robot_6_log_20260602_143011.csv] - WARNING - Estado FSM: AVANZA | Target Wall: None | Target Theta: 0.00° |theta: 96.08502224343906 
2026-06-02 14:30:27.387 - [robot_6_log_20260602_143011.csv] - DEBUG - Incoming data. Topic 6/pos, mensaje {"x": 265.47, "y": 98.24, "yaw": 1.675, "timestamp": 1780403427.3820837}
2026-06-02 14:30:27.392 - [robot_6_log_20260602_143011.csv] - DEBUG - Posición actualizada por visión: x=265.47, y=98.24, θ=1.68
2026-06-02 14:30:27.398 - [robot_6_log_20260602_143011.csv] - DEBUG - Frecuencia: 10.84 Hz | Latencia Red/Proc: 15.98 ms
2026-06-02 14:30:27.403 - [robot_6_log_20260602_143011.csv] - DEBUG - Incoming data. Topic 6/pos, mensaje {"x": 265.47, "y": 98.24, "yaw": 1.675, "timestamp": 1780403427.3820837}
2026-06-02 14:30:27.407 - [robot_6_log_20260602_143011.csv] - INFO - Usando posición VISION: x=265.47, y=98.24, θ=1.68
2026-06-02 14:30:27.407 - [robot_6_log_20260602_143011.csv] - DEBUG - Posición actualizada por visión: x=265.47, y=98.24, θ=1.68
2026-06-02 14:30:27.407 - [robot_6_log_20260602_143011.csv] - DEBUG - Frecuencia: 102.19 Hz | Latencia Red/Proc: 25.77 ms
2026-06-02 14:30:27.407 - [robot_6_log_20260602_143011.csv] - DEBUG - Incoming data. Topic 6/pos, mensaje {"x": 265.47, "y": 98.24, "yaw": 1.675, "timestamp": 1780403427.3933177}
2026-06-02 14:30:27.407 - [robot_6_log_20260602_143011.csv] - DEBUG - Posición actualizada por visión: x=265.47, y=98.24, θ=1.68
2026-06-02 14:30:27.407 - [robot_6_log_20260602_143011.csv] - DEBUG - Frecuencia: 17924.38 Hz | Latencia Red/Proc: 14.59 ms
2026-06-02 14:30:27.407 - [robot_6_log_20260602_143011.csv] - INFO - Distancias a paredes: Left: 265.47, Right: 184.53, Top: 41.76, Bottom: 98.24
2026-06-02 14:30:27.407 - [robot_6_log_20260602_143011.csv] - DEBUG - Incoming data. Topic 6/pos, mensaje {"x": 265.47, "y": 98.24, "yaw": 1.675, "timestamp": 1780403427.3933177}
2026-06-02 14:30:27.407 - [robot_6_log_20260602_143011.csv] - INFO - Posicion: 265.47, 98.24, 1.675 | Velocidad: -0.9945757081745799, -0.10401519460652353
2026-06-02 14:30:27.407 - [robot_6_log_20260602_143011.csv] - DEBUG - Posición actualizada por visión: x=265.47, y=98.24, θ=1.68
2026-06-02 14:30:27.408 - [robot_6_log_20260602_143011.csv] - INFO - None
2026-06-02 14:30:27.408 - [robot_6_log_20260602_143011.csv] - DEBUG - Frecuencia: 8112.77 Hz | Latencia Red/Proc: 14.71 ms
2026-06-02 14:30:27.408 - [robot_6_log_20260602_143011.csv] - WARNING - Estado FSM: AVANZA | Target Wall: None | Target Theta: 0.00° |theta: 95.97043068441289 
2026-06-02 14:30:27.457 - [robot_6_log_20260602_143011.csv] - INFO - Usando posición VISION: x=265.47, y=98.24, θ=1.68
2026-06-02 14:30:27.457 - [robot_6_log_20260602_143011.csv] - INFO - Distancias a paredes: Left: 265.47, Right: 184.53, Top: 41.76, Bottom: 98.24
2026-06-02 14:30:27.457 - [robot_6_log_20260602_143011.csv] - INFO - Posicion: 265.47, 98.24, 1.675 | Velocidad: -0.9945757081745799, -0.10401519460652353
2026-06-02 14:30:27.457 - [robot_6_log_20260602_143011.csv] - INFO - None
2026-06-02 14:30:27.457 - [robot_6_log_20260602_143011.csv] - WARNING - Estado FSM: AVANZA | Target Wall: None | Target Theta: 0.00° |theta: 95.97043068441289 
2026-06-02 14:30:27.474 - [robot_6_log_20260602_143011.csv] - DEBUG - Incoming data. Topic agent/6/wheel, mensaje {"Wleft":1.657007864e-15,"Wright":-3.719247132e-16}
2026-06-02 14:30:27.490 - [robot_6_log_20260602_143011.csv] - DEBUG - Incoming data. Topic 6/pos, mensaje {"x": 265.51, "y": 98.22, "yaw": 1.679, "timestamp": 1780403427.4797075}
2026-06-02 14:30:27.495 - [robot_6_log_20260602_143011.csv] - DEBUG - Posición actualizada por visión: x=265.51, y=98.22, θ=1.68
2026-06-02 14:30:27.495 - [robot_6_log_20260602_143011.csv] - DEBUG - Frecuencia: 11.42 Hz | Latencia Red/Proc: 15.90 ms
2026-06-02 14:30:27.507 - [robot_6_log_20260602_143011.csv] - INFO - Usando posición VISION: x=265.51, y=98.22, θ=1.68
2026-06-02 14:30:27.507 - [robot_6_log_20260602_143011.csv] - INFO - Distancias a paredes: Left: 265.51, Right: 184.49, Top: 41.78, Bottom: 98.22
2026-06-02 14:30:27.507 - [robot_6_log_20260602_143011.csv] - INFO - Posicion: 265.51, 98.22, 1.679 | Velocidad: -0.9941516919105917, -0.10799265470997543
2026-06-02 14:30:27.507 - [robot_6_log_20260602_143011.csv] - INFO - None
2026-06-02 14:30:27.507 - [robot_6_log_20260602_143011.csv] - DEBUG - Incoming data. Topic 6/pos, mensaje {"x": 265.51, "y": 98.22, "yaw": 1.679, "timestamp": 1780403427.4797075}
2026-06-02 14:30:27.507 - [robot_6_log_20260602_143011.csv] - DEBUG - Posición actualizada por visión: x=265.51, y=98.22, θ=1.68
2026-06-02 14:30:27.507 - [robot_6_log_20260602_143011.csv] - DEBUG - Frecuencia: 82.45 Hz | Latencia Red/Proc: 28.03 ms
2026-06-02 14:30:27.507 - [robot_6_log_20260602_143011.csv] - DEBUG - Incoming data. Topic 6/pos, mensaje {"x": 265.51, "y": 98.22, "yaw": 1.679, "timestamp": 1780403427.4912343}
2026-06-02 14:30:27.507 - [robot_6_log_20260602_143011.csv] - DEBUG - Posición actualizada por visión: x=265.51, y=98.22, θ=1.68
2026-06-02 14:30:27.507 - [robot_6_log_20260602_143011.csv] - DEBUG - Frecuencia: 23831.27 Hz | Latencia Red/Proc: 16.54 ms
2026-06-02 14:30:27.507 - [robot_6_log_20260602_143011.csv] - DEBUG - Incoming data. Topic 6/pos, mensaje {"x": 265.51, "y": 98.22, "yaw": 1.679, "timestamp": 1780403427.4912343}
2026-06-02 14:30:27.507 - [robot_6_log_20260602_143011.csv] - DEBUG - Posición actualizada por visión: x=265.51, y=98.22, θ=1.68
2026-06-02 14:30:27.507 - [robot_6_log_20260602_143011.csv] - DEBUG - Frecuencia: 32017.59 Hz | Latencia Red/Proc: 16.57 ms
2026-06-02 14:30:27.507 - [robot_6_log_20260602_143011.csv] - WARNING - Estado FSM: AVANZA | Target Wall: None | Target Theta: 0.00° |theta: 96.19961380246522 
2026-06-02 14:30:27.537 - [robot_6_log_20260602_143011.csv] - DEBUG - Incoming data. Topic agent/6/wheel, mensaje {"Wleft":1.657007864e-15,"Wright":-3.719247132e-16}
2026-06-02 14:30:27.557 - [robot_6_log_20260602_143011.csv] - INFO - Usando posición VISION: x=265.51, y=98.22, θ=1.68
2026-06-02 14:30:27.557 - [robot_6_log_20260602_143011.csv] - INFO - Distancias a paredes: Left: 265.51, Right: 184.49, Top: 41.78, Bottom: 98.22
2026-06-02 14:30:27.557 - [robot_6_log_20260602_143011.csv] - INFO - Posicion: 265.51, 98.22, 1.679 | Velocidad: -0.9941516919105917, -0.10799265470997543
2026-06-02 14:30:27.557 - [robot_6_log_20260602_143011.csv] - INFO - None
2026-06-02 14:30:27.557 - [robot_6_log_20260602_143011.csv] - WARNING - Estado FSM: AVANZA | Target Wall: None | Target Theta: 0.00° |theta: 96.19961380246522 
2026-06-02 14:30:27.586 - [robot_6_log_20260602_143011.csv] - DEBUG - Incoming data. Topic 6/pos, mensaje {"x": 265.53, "y": 98.19, "yaw": 1.68, "timestamp": 1780403427.5785828}
2026-06-02 14:30:27.591 - [robot_6_log_20260602_143011.csv] - DEBUG - Posición actualizada por visión: x=265.53, y=98.19, θ=1.68
2026-06-02 14:30:27.596 - [robot_6_log_20260602_143011.csv] - DEBUG - Frecuencia: 11.28 Hz | Latencia Red/Proc: 17.91 ms
2026-06-02 14:30:27.607 - [robot_6_log_20260602_143011.csv] - INFO - Usando posición VISION: x=265.53, y=98.19, θ=1.68
2026-06-02 14:30:27.607 - [robot_6_log_20260602_143011.csv] - INFO - Distancias a paredes: Left: 265.53, Right: 184.47, Top: 41.81, Bottom: 98.19
2026-06-02 14:30:27.607 - [robot_6_log_20260602_143011.csv] - DEBUG - Incoming data. Topic 6/pos, mensaje {"x": 265.53, "y": 98.19, "yaw": 1.68, "timestamp": 1780403427.5785828}
2026-06-02 14:30:27.607 - [robot_6_log_20260602_143011.csv] - INFO - Posicion: 265.53, 98.19, 1.68 | Velocidad: -0.994043202198076, -0.10898675223987112
2026-06-02 14:30:27.607 - [robot_6_log_20260602_143011.csv] - DEBUG - Posición actualizada por visión: x=265.53, y=98.19, θ=1.68
2026-06-02 14:30:27.607 - [robot_6_log_20260602_143011.csv] - INFO - None
2026-06-02 14:30:27.607 - [robot_6_log_20260602_143011.csv] - WARNING - Estado FSM: AVANZA | Target Wall: None | Target Theta: 0.00° |theta: 96.2569095819783 
2026-06-02 14:30:27.607 - [robot_6_log_20260602_143011.csv] - DEBUG - Frecuencia: 88.24 Hz | Latencia Red/Proc: 29.25 ms
2026-06-02 14:30:27.629 - [robot_6_log_20260602_143011.csv] - DEBUG - Incoming data. Topic 6/pos, mensaje {"x": 265.53, "y": 98.19, "yaw": 1.68, "timestamp": 1780403427.589954}
2026-06-02 14:30:27.634 - [robot_6_log_20260602_143011.csv] - DEBUG - Posición actualizada por visión: x=265.53, y=98.19, θ=1.68
2026-06-02 14:30:27.634 - [robot_6_log_20260602_143011.csv] - DEBUG - Frecuencia: 37.29 Hz | Latencia Red/Proc: 44.69 ms
2026-06-02 14:30:27.644 - [robot_6_log_20260602_143011.csv] - DEBUG - Incoming data. Topic 6/pos, mensaje {"x": 265.53, "y": 98.19, "yaw": 1.68, "timestamp": 1780403427.589954}
2026-06-02 14:30:27.644 - [robot_6_log_20260602_143011.csv] - DEBUG - Posición actualizada por visión: x=265.53, y=98.19, θ=1.68
2026-06-02 14:30:27.655 - [robot_6_log_20260602_143011.csv] - DEBUG - Frecuencia: 48.83 Hz | Latencia Red/Proc: 65.17 ms
2026-06-02 14:30:27.657 - [robot_6_log_20260602_143011.csv] - INFO - Usando posición VISION: x=265.53, y=98.19, θ=1.68
2026-06-02 14:30:27.657 - [robot_6_log_20260602_143011.csv] - INFO - Distancias a paredes: Left: 265.53, Right: 184.47, Top: 41.81, Bottom: 98.19
2026-06-02 14:30:27.657 - [robot_6_log_20260602_143011.csv] - INFO - Posicion: 265.53, 98.19, 1.68 | Velocidad: -0.994043202198076, -0.10898675223987112
2026-06-02 14:30:27.657 - [robot_6_log_20260602_143011.csv] - INFO - None
2026-06-02 14:30:27.657 - [robot_6_log_20260602_143011.csv] - WARNING - Estado FSM: AVANZA | Target Wall: None | Target Theta: 0.00° |theta: 96.2569095819783 
2026-06-02 14:30:27.681 - [robot_6_log_20260602_143011.csv] - DEBUG - Incoming data. Topic 6/pos, mensaje {"x": 265.48, "y": 98.2, "yaw": 1.676, "timestamp": 1780403427.676922}
2026-06-02 14:30:27.686 - [robot_6_log_20260602_143011.csv] - DEBUG - Posición actualizada por visión: x=265.48, y=98.20, θ=1.68
2026-06-02 14:30:27.691 - [robot_6_log_20260602_143011.csv] - DEBUG - Frecuencia: 27.48 Hz | Latencia Red/Proc: 14.60 ms
2026-06-02 14:30:27.696 - [robot_6_log_20260602_143011.csv] - DEBUG - Incoming data. Topic 6/pos, mensaje {"x": 265.48, "y": 98.2, "yaw": 1.676, "timestamp": 1780403427.676922}
2026-06-02 14:30:27.702 - [robot_6_log_20260602_143011.csv] - DEBUG - Posición actualizada por visión: x=265.48, y=98.20, θ=1.68
2026-06-02 14:30:27.707 - [robot_6_log_20260602_143011.csv] - INFO - Usando posición VISION: x=265.48, y=98.20, θ=1.68
2026-06-02 14:30:27.707 - [robot_6_log_20260602_143011.csv] - DEBUG - Frecuencia: 62.57 Hz | Latencia Red/Proc: 30.58 ms
2026-06-02 14:30:27.707 - [robot_6_log_20260602_143011.csv] - INFO - Distancias a paredes: Left: 265.48, Right: 184.52, Top: 41.80, Bottom: 98.20
2026-06-02 14:30:27.707 - [robot_6_log_20260602_143011.csv] - INFO - Posicion: 265.48, 98.2, 1.676 | Velocidad: -0.9944711957094966, -0.10500971814134243
2026-06-02 14:30:27.707 - [robot_6_log_20260602_143011.csv] - INFO - None
2026-06-02 14:30:27.707 - [robot_6_log_20260602_143011.csv] - DEBUG - Incoming data. Topic 6/pos, mensaje {"x": 265.48, "y": 98.2, "yaw": 1.676, "timestamp": 1780403427.6881638}
2026-06-02 14:30:27.707 - [robot_6_log_20260602_143011.csv] - DEBUG - Posición actualizada por visión: x=265.48, y=98.20, θ=1.68
2026-06-02 14:30:27.707 - [robot_6_log_20260602_143011.csv] - WARNING - Estado FSM: AVANZA | Target Wall: None | Target Theta: 0.00° |theta: 96.02772646392597 
2026-06-02 14:30:27.707 - [robot_6_log_20260602_143011.csv] - DEBUG - Frecuencia: 5349.88 Hz | Latencia Red/Proc: 19.52 ms
2026-06-02 14:30:27.717 - [robot_6_log_20260602_143011.csv] - DEBUG - Incoming data. Topic agent/6/wheel, mensaje {"Wleft":1.657007864e-15,"Wright":-3.719247132e-16}
2026-06-02 14:30:27.729 - [robot_6_log_20260602_143011.csv] - DEBUG - Incoming data. Topic 6/pos, mensaje {"x": 265.48, "y": 98.2, "yaw": 1.676, "timestamp": 1780403427.6881638}
2026-06-02 14:30:27.734 - [robot_6_log_20260602_143011.csv] - DEBUG - Posición actualizada por visión: x=265.48, y=98.20, θ=1.68
2026-06-02 14:30:27.734 - [robot_6_log_20260602_143011.csv] - DEBUG - Frecuencia: 37.73 Hz | Latencia Red/Proc: 46.03 ms
2026-06-02 14:30:27.757 - [robot_6_log_20260602_143011.csv] - INFO - Usando posición VISION: x=265.48, y=98.20, θ=1.68
2026-06-02 14:30:27.757 - [robot_6_log_20260602_143011.csv] - DEBUG - Incoming data. Topic agent/6/wheel, mensaje {"Wleft":1.657007864e-15,"Wright":-3.719247132e-16}
2026-06-02 14:30:27.757 - [robot_6_log_20260602_143011.csv] - INFO - Distancias a paredes: Left: 265.48, Right: 184.52, Top: 41.80, Bottom: 98.20
2026-06-02 14:30:27.757 - [robot_6_log_20260602_143011.csv] - INFO - Posicion: 265.48, 98.2, 1.676 | Velocidad: -0.9944711957094966, -0.10500971814134243
2026-06-02 14:30:27.757 - [robot_6_log_20260602_143011.csv] - INFO - None
2026-06-02 14:30:27.757 - [robot_6_log_20260602_143011.csv] - WARNING - Estado FSM: AVANZA | Target Wall: None | Target Theta: 0.00° |theta: 96.02772646392597 
2026-06-02 14:30:27.782 - [robot_6_log_20260602_143011.csv] - DEBUG - Incoming data. Topic 6/pos, mensaje {"x": 265.48, "y": 98.23, "yaw": 1.674, "timestamp": 1780403427.7771814}
2026-06-02 14:30:27.787 - [robot_6_log_20260602_143011.csv] - DEBUG - Posición actualizada por visión: x=265.48, y=98.23, θ=1.67
2026-06-02 14:30:27.792 - [robot_6_log_20260602_143011.csv] - DEBUG - Frecuencia: 17.18 Hz | Latencia Red/Proc: 15.20 ms
2026-06-02 14:30:27.802 - [robot_6_log_20260602_143011.csv] - DEBUG - Incoming data. Topic 6/pos, mensaje {"x": 265.48, "y": 98.23, "yaw": 1.674, "timestamp": 1780403427.7771814}
2026-06-02 14:30:27.807 - [robot_6_log_20260602_143011.csv] - INFO - Usando posición VISION: x=265.48, y=98.23, θ=1.67
2026-06-02 14:30:27.807 - [robot_6_log_20260602_143011.csv] - INFO - Distancias a paredes: Left: 265.48, Right: 184.52, Top: 41.77, Bottom: 98.23
2026-06-02 14:30:27.807 - [robot_6_log_20260602_143011.csv] - INFO - Posicion: 265.48, 98.23, 1.674 | Velocidad: -0.9946792260640379, -0.10302056705651848
2026-06-02 14:30:27.807 - [robot_6_log_20260602_143011.csv] - DEBUG - Posición actualizada por visión: x=265.48, y=98.23, θ=1.67
2026-06-02 14:30:27.807 - [robot_6_log_20260602_143011.csv] - INFO - None
2026-06-02 14:30:27.807 - [robot_6_log_20260602_143011.csv] - DEBUG - Frecuencia: 64.20 Hz | Latencia Red/Proc: 30.78 ms
2026-06-02 14:30:27.808 - [robot_6_log_20260602_143011.csv] - DEBUG - Incoming data. Topic 6/pos, mensaje {"x": 265.48, "y": 98.23, "yaw": 1.674, "timestamp": 1780403427.7886314}
2026-06-02 14:30:27.808 - [robot_6_log_20260602_143011.csv] - DEBUG - Posición actualizada por visión: x=265.48, y=98.23, θ=1.67
2026-06-02 14:30:27.808 - [robot_6_log_20260602_143011.csv] - DEBUG - Frecuencia: 5165.40 Hz | Latencia Red/Proc: 19.52 ms
2026-06-02 14:30:27.808 - [robot_6_log_20260602_143011.csv] - WARNING - Estado FSM: AVANZA | Target Wall: None | Target Theta: 0.00° |theta: 95.9131349048998 
2026-06-02 14:30:27.808 - [robot_6_log_20260602_143011.csv] - DEBUG - Incoming data. Topic 6/pos, mensaje {"x": 265.48, "y": 98.23, "yaw": 1.674, "timestamp": 1780403427.7886314}
2026-06-02 14:30:27.824 - [robot_6_log_20260602_143011.csv] - DEBUG - Posición actualizada por visión: x=265.48, y=98.23, θ=1.67
2026-06-02 14:30:27.824 - [robot_6_log_20260602_143011.csv] - DEBUG - Frecuencia: 60.98 Hz | Latencia Red/Proc: 35.92 ms
2026-06-02 14:30:27.854 - [robot_6_log_20260602_143011.csv] - DEBUG - Incoming data. Topic agent/6/wheel, mensaje {"Wleft":1.657007864e-15,"Wright":-3.719247132e-16}
2026-06-02 14:30:27.857 - [robot_6_log_20260602_143011.csv] - INFO - Usando posición VISION: x=265.48, y=98.23, θ=1.67
2026-06-02 14:30:27.857 - [robot_6_log_20260602_143011.csv] - INFO - Distancias a paredes: Left: 265.48, Right: 184.52, Top: 41.77, Bottom: 98.23
2026-06-02 14:30:27.857 - [robot_6_log_20260602_143011.csv] - INFO - Posicion: 265.48, 98.23, 1.674 | Velocidad: -0.9946792260640379, -0.10302056705651848
2026-06-02 14:30:27.857 - [robot_6_log_20260602_143011.csv] - INFO - None
2026-06-02 14:30:27.857 - [robot_6_log_20260602_143011.csv] - WARNING - Estado FSM: AVANZA | Target Wall: None | Target Theta: 0.00° |theta: 95.9131349048998 
2026-06-02 14:30:27.892 - [robot_6_log_20260602_143011.csv] - DEBUG - Incoming data. Topic 6/pos, mensaje {"x": 265.48, "y": 98.24, "yaw": 1.676, "timestamp": 1780403427.8785868}
2026-06-02 14:30:27.892 - [robot_6_log_20260602_143011.csv] - DEBUG - Posición actualizada por visión: x=265.48, y=98.24, θ=1.68
2026-06-02 14:30:27.892 - [robot_6_log_20260602_143011.csv] - DEBUG - Frecuencia: 14.66 Hz | Latencia Red/Proc: 14.17 ms
2026-06-02 14:30:27.897 - [robot_6_log_20260602_143011.csv] - DEBUG - Incoming data. Topic 6/pos, mensaje {"x": 265.48, "y": 98.24, "yaw": 1.676, "timestamp": 1780403427.8785868}
2026-06-02 14:30:27.903 - [robot_6_log_20260602_143011.csv] - DEBUG - Posición actualizada por visión: x=265.48, y=98.24, θ=1.68
2026-06-02 14:30:27.907 - [robot_6_log_20260602_143011.csv] - INFO - Usando posición VISION: x=265.48, y=98.24, θ=1.68
2026-06-02 14:30:27.907 - [robot_6_log_20260602_143011.csv] - INFO - Distancias a paredes: Left: 265.48, Right: 184.52, Top: 41.76, Bottom: 98.24
2026-06-02 14:30:27.907 - [robot_6_log_20260602_143011.csv] - INFO - Posicion: 265.48, 98.24, 1.676 | Velocidad: -0.9944711957094966, -0.10500971814134243
2026-06-02 14:30:27.907 - [robot_6_log_20260602_143011.csv] - INFO - None
2026-06-02 14:30:27.907 - [robot_6_log_20260602_143011.csv] - DEBUG - Frecuencia: 67.25 Hz | Latencia Red/Proc: 29.04 ms
2026-06-02 14:30:27.907 - [robot_6_log_20260602_143011.csv] - WARNING - Estado FSM: AVANZA | Target Wall: None | Target Theta: 0.00° |theta: 96.02772646392597 
2026-06-02 14:30:27.913 - [robot_6_log_20260602_143011.csv] - DEBUG - Incoming data. Topic 6/pos, mensaje {"x": 265.48, "y": 98.24, "yaw": 1.676, "timestamp": 1780403427.8899786}
2026-06-02 14:30:27.918 - [robot_6_log_20260602_143011.csv] - DEBUG - Posición actualizada por visión: x=265.48, y=98.24, θ=1.68
2026-06-02 14:30:27.918 - [robot_6_log_20260602_143011.csv] - DEBUG - Frecuencia: 93.94 Hz | Latencia Red/Proc: 28.29 ms
2026-06-02 14:30:27.928 - [robot_6_log_20260602_143011.csv] - DEBUG - Incoming data. Topic 6/pos, mensaje {"x": 265.48, "y": 98.24, "yaw": 1.676, "timestamp": 1780403427.8899786}
2026-06-02 14:30:27.928 - [robot_6_log_20260602_143011.csv] - DEBUG - Posición actualizada por visión: x=265.48, y=98.24, θ=1.68
2026-06-02 14:30:27.933 - [robot_6_log_20260602_143011.csv] - DEBUG - Frecuencia: 64.26 Hz | Latencia Red/Proc: 43.85 ms
2026-06-02 14:30:27.957 - [robot_6_log_20260602_143011.csv] - INFO - Usando posición VISION: x=265.48, y=98.24, θ=1.68
2026-06-02 14:30:27.957 - [robot_6_log_20260602_143011.csv] - INFO - Distancias a paredes: Left: 265.48, Right: 184.52, Top: 41.76, Bottom: 98.24
2026-06-02 14:30:27.957 - [robot_6_log_20260602_143011.csv] - INFO - Posicion: 265.48, 98.24, 1.676 | Velocidad: -0.9944711957094966, -0.10500971814134243
2026-06-02 14:30:27.957 - [robot_6_log_20260602_143011.csv] - INFO - None
2026-06-02 14:30:27.957 - [robot_6_log_20260602_143011.csv] - WARNING - Estado FSM: AVANZA | Target Wall: None | Target Theta: 0.00° |theta: 96.02772646392597 
2026-06-02 14:30:27.982 - [robot_6_log_20260602_143011.csv] - DEBUG - Incoming data. Topic 6/pos, mensaje {"x": 265.47, "y": 98.24, "yaw": 1.672, "timestamp": 1780403427.9772127}
2026-06-02 14:30:27.987 - [robot_6_log_20260602_143011.csv] - DEBUG - Posición actualizada por visión: x=265.47, y=98.24, θ=1.67
2026-06-02 14:30:27.987 - [robot_6_log_20260602_143011.csv] - DEBUG - Frecuencia: 18.65 Hz | Latencia Red/Proc: 10.24 ms
2026-06-02 14:30:27.997 - [robot_6_log_20260602_143011.csv] - DEBUG - Incoming data. Topic 6/pos, mensaje {"x": 265.47, "y": 98.24, "yaw": 1.672, "timestamp": 1780403427.9772127}
2026-06-02 14:30:28.002 - [robot_6_log_20260602_143011.csv] - DEBUG - Posición actualizada por visión: x=265.47, y=98.24, θ=1.67
2026-06-02 14:30:28.002 - [robot_6_log_20260602_143011.csv] - DEBUG - Frecuencia: 64.86 Hz | Latencia Red/Proc: 25.66 ms
2026-06-02 14:30:28.002 - [robot_6_log_20260602_143011.csv] - DEBUG - Incoming data. Topic 6/pos, mensaje {"x": 265.47, "y": 98.24, "yaw": 1.672, "timestamp": 1780403427.9884841}
2026-06-02 14:30:28.002 - [robot_6_log_20260602_143011.csv] - DEBUG - Posición actualizada por visión: x=265.47, y=98.24, θ=1.67
2026-06-02 14:30:28.002 - [robot_6_log_20260602_143011.csv] - DEBUG - Frecuencia: 18157.16 Hz | Latencia Red/Proc: 14.44 ms
2026-06-02 14:30:28.007 - [robot_6_log_20260602_143011.csv] - INFO - Usando posición VISION: x=265.47, y=98.24, θ=1.67
2026-06-02 14:30:28.007 - [robot_6_log_20260602_143011.csv] - INFO - Distancias a paredes: Left: 265.47, Right: 184.53, Top: 41.76, Bottom: 98.24
2026-06-02 14:30:28.007 - [robot_6_log_20260602_143011.csv] - INFO - Posicion: 265.47, 98.24, 1.672 | Velocidad: -0.9948832777030012, -0.10103100388956367
2026-06-02 14:30:28.007 - [robot_6_log_20260602_143011.csv] - INFO - None
2026-06-02 14:30:28.007 - [robot_6_log_20260602_143011.csv] - WARNING - Estado FSM: AVANZA | Target Wall: None | Target Theta: 0.00° |theta: 95.79854334587364 
2026-06-02 14:30:28.012 - [robot_6_log_20260602_143011.csv] - DEBUG - Incoming data. Topic 6/pos, mensaje {"x": 265.47, "y": 98.24, "yaw": 1.672, "timestamp": 1780403427.9884841}
2026-06-02 14:30:28.013 - [robot_6_log_20260602_143011.csv] - DEBUG - Posición actualizada por visión: x=265.47, y=98.24, θ=1.67
2026-06-02 14:30:28.013 - [robot_6_log_20260602_143011.csv] - DEBUG - Frecuencia: 98.92 Hz | Latencia Red/Proc: 24.55 ms
2026-06-02 14:30:28.031 - [robot_6_log_20260602_143011.csv] - DEBUG - Incoming data. Topic agent/6/wheel, mensaje {"Wleft":1.657007864e-15,"Wright":-3.719247132e-16}
2026-06-02 14:30:28.057 - [robot_6_log_20260602_143011.csv] - INFO - Usando posición VISION: x=265.47, y=98.24, θ=1.67
2026-06-02 14:30:28.057 - [robot_6_log_20260602_143011.csv] - INFO - Distancias a paredes: Left: 265.47, Right: 184.53, Top: 41.76, Bottom: 98.24
2026-06-02 14:30:28.057 - [robot_6_log_20260602_143011.csv] - INFO - Posicion: 265.47, 98.24, 1.672 | Velocidad: -0.9948832777030012, -0.10103100388956367
2026-06-02 14:30:28.057 - [robot_6_log_20260602_143011.csv] - INFO - None
2026-06-02 14:30:28.057 - [robot_6_log_20260602_143011.csv] - WARNING - Estado FSM: AVANZA | Target Wall: None | Target Theta: 0.00° |theta: 95.79854334587364 
2026-06-02 14:30:28.086 - [robot_6_log_20260602_143011.csv] - DEBUG - Incoming data. Topic 6/pos, mensaje {"x": 265.52, "y": 98.2, "yaw": 1.679, "timestamp": 1780403428.0768414}
2026-06-02 14:30:28.091 - [robot_6_log_20260602_143011.csv] - DEBUG - Posición actualizada por visión: x=265.52, y=98.20, θ=1.68
2026-06-02 14:30:28.091 - [robot_6_log_20260602_143011.csv] - DEBUG - Frecuencia: 12.76 Hz | Latencia Red/Proc: 14.56 ms
2026-06-02 14:30:28.097 - [robot_6_log_20260602_143011.csv] - DEBUG - Incoming data. Topic 6/pos, mensaje {"x": 265.52, "y": 98.2, "yaw": 1.679, "timestamp": 1780403428.0768414}
2026-06-02 14:30:28.102 - [robot_6_log_20260602_143011.csv] - DEBUG - Posición actualizada por visión: x=265.52, y=98.20, θ=1.68
2026-06-02 14:30:28.107 - [robot_6_log_20260602_143011.csv] - INFO - Usando posición VISION: x=265.52, y=98.20, θ=1.68
2026-06-02 14:30:28.107 - [robot_6_log_20260602_143011.csv] - DEBUG - Frecuencia: 62.08 Hz | Latencia Red/Proc: 30.67 ms
2026-06-02 14:30:28.107 - [robot_6_log_20260602_143011.csv] - INFO - Distancias a paredes: Left: 265.52, Right: 184.48, Top: 41.80, Bottom: 98.20
2026-06-02 14:30:28.107 - [robot_6_log_20260602_143011.csv] - INFO - Posicion: 265.52, 98.2, 1.679 | Velocidad: -0.9941516919105917, -0.10799265470997543
2026-06-02 14:30:28.107 - [robot_6_log_20260602_143011.csv] - INFO - None
2026-06-02 14:30:28.107 - [robot_6_log_20260602_143011.csv] - WARNING - Estado FSM: AVANZA | Target Wall: None | Target Theta: 0.00° |theta: 96.19961380246522 
2026-06-02 14:30:28.107 - [robot_6_log_20260602_143011.csv] - DEBUG - Incoming data. Topic 6/pos, mensaje {"x": 265.52, "y": 98.2, "yaw": 1.679, "timestamp": 1780403428.0878062}
2026-06-02 14:30:28.112 - [robot_6_log_20260602_143011.csv] - DEBUG - Posición actualizada por visión: x=265.52, y=98.20, θ=1.68
2026-06-02 14:30:28.112 - [robot_6_log_20260602_143011.csv] - DEBUG - Frecuencia: 189.57 Hz | Latencia Red/Proc: 24.98 ms
2026-06-02 14:30:28.117 - [robot_6_log_20260602_143011.csv] - DEBUG - Incoming data. Topic agent/6/wheel, mensaje {"Wleft":1.657007864e-15,"Wright":-3.719247132e-16}
2026-06-02 14:30:28.135 - [robot_6_log_20260602_143011.csv] - DEBUG - Incoming data. Topic 6/pos, mensaje {"x": 265.52, "y": 98.2, "yaw": 1.679, "timestamp": 1780403428.0878062}
2026-06-02 14:30:28.135 - [robot_6_log_20260602_143011.csv] - DEBUG - Posición actualizada por visión: x=265.52, y=98.20, θ=1.68
2026-06-02 14:30:28.135 - [robot_6_log_20260602_143011.csv] - DEBUG - Frecuencia: 44.78 Hz | Latencia Red/Proc: 47.31 ms
2026-06-02 14:30:28.151 - [robot_6_log_20260602_143011.csv] - DEBUG - Incoming data. Topic agent/6/wheel, mensaje {"Wleft":1.657007864e-15,"Wright":-3.719247132e-16}
2026-06-02 14:30:28.157 - [robot_6_log_20260602_143011.csv] - INFO - Usando posición VISION: x=265.52, y=98.20, θ=1.68
2026-06-02 14:30:28.157 - [robot_6_log_20260602_143011.csv] - INFO - Distancias a paredes: Left: 265.52, Right: 184.48, Top: 41.80, Bottom: 98.20
2026-06-02 14:30:28.157 - [robot_6_log_20260602_143011.csv] - INFO - Posicion: 265.52, 98.2, 1.679 | Velocidad: -0.9941516919105917, -0.10799265470997543
2026-06-02 14:30:28.157 - [robot_6_log_20260602_143011.csv] - INFO - None
2026-06-02 14:30:28.157 - [robot_6_log_20260602_143011.csv] - WARNING - Estado FSM: AVANZA | Target Wall: None | Target Theta: 0.00° |theta: 96.19961380246522 
2026-06-02 14:30:28.182 - [robot_6_log_20260602_143011.csv] - DEBUG - Incoming data. Topic 6/pos, mensaje {"x": 265.5, "y": 98.21, "yaw": 1.667, "timestamp": 1780403428.1768181}
2026-06-02 14:30:28.182 - [robot_6_log_20260602_143011.csv] - DEBUG - Posición actualizada por visión: x=265.50, y=98.21, θ=1.67
2026-06-02 14:30:28.187 - [robot_6_log_20260602_143011.csv] - DEBUG - Frecuencia: 19.05 Hz | Latencia Red/Proc: 10.79 ms
2026-06-02 14:30:28.193 - [robot_6_log_20260602_143011.csv] - DEBUG - Incoming data. Topic 6/pos, mensaje {"x": 265.5, "y": 98.21, "yaw": 1.667, "timestamp": 1780403428.1768181}
2026-06-02 14:30:28.193 - [robot_6_log_20260602_143011.csv] - DEBUG - Posición actualizada por visión: x=265.50, y=98.21, θ=1.67
2026-06-02 14:30:28.193 - [robot_6_log_20260602_143011.csv] - DEBUG - Frecuencia: 158.31 Hz | Latencia Red/Proc: 17.11 ms
2026-06-02 14:30:28.193 - [robot_6_log_20260602_143011.csv] - DEBUG - Incoming data. Topic 6/pos, mensaje {"x": 265.5, "y": 98.21, "yaw": 1.667, "timestamp": 1780403428.1872804}
2026-06-02 14:30:28.199 - [robot_6_log_20260602_143011.csv] - DEBUG - Posición actualizada por visión: x=265.50, y=98.21, θ=1.67
2026-06-02 14:30:28.204 - [robot_6_log_20260602_143011.csv] - DEBUG - Frecuencia: 97.50 Hz | Latencia Red/Proc: 16.90 ms
2026-06-02 14:30:28.207 - [robot_6_log_20260602_143011.csv] - INFO - Usando posición VISION: x=265.50, y=98.21, θ=1.67
2026-06-02 14:30:28.207 - [robot_6_log_20260602_143011.csv] - INFO - Distancias a paredes: Left: 265.50, Right: 184.50, Top: 41.79, Bottom: 98.21
2026-06-02 14:30:28.207 - [robot_6_log_20260602_143011.csv] - INFO - Posicion: 265.5, 98.21, 1.667 | Velocidad: -0.9953759946025762, -0.09605534534284021
2026-06-02 14:30:28.207 - [robot_6_log_20260602_143011.csv] - INFO - None
2026-06-02 14:30:28.207 - [robot_6_log_20260602_143011.csv] - DEBUG - Incoming data. Topic 6/pos, mensaje {"x": 265.5, "y": 98.21, "yaw": 1.667, "timestamp": 1780403428.1872804}
2026-06-02 14:30:28.207 - [robot_6_log_20260602_143011.csv] - WARNING - Estado FSM: AVANZA | Target Wall: None | Target Theta: 0.00° |theta: 95.51206444830824 
2026-06-02 14:30:28.207 - [robot_6_log_20260602_143011.csv] - DEBUG - Posición actualizada por visión: x=265.50, y=98.21, θ=1.67
2026-06-02 14:30:28.212 - [robot_6_log_20260602_143011.csv] - DEBUG - Frecuencia: 115.52 Hz | Latencia Red/Proc: 25.56 ms
2026-06-02 14:30:28.257 - [robot_6_log_20260602_143011.csv] - INFO - Usando posición VISION: x=265.50, y=98.21, θ=1.67
2026-06-02 14:30:28.257 - [robot_6_log_20260602_143011.csv] - INFO - Distancias a paredes: Left: 265.50, Right: 184.50, Top: 41.79, Bottom: 98.21
2026-06-02 14:30:28.257 - [robot_6_log_20260602_143011.csv] - INFO - Posicion: 265.5, 98.21, 1.667 | Velocidad: -0.9953759946025762, -0.09605534534284021
2026-06-02 14:30:28.257 - [robot_6_log_20260602_143011.csv] - INFO - None
2026-06-02 14:30:28.257 - [robot_6_log_20260602_143011.csv] - WARNING - Estado FSM: AVANZA | Target Wall: None | Target Theta: 0.00° |theta: 95.51206444830824 
2026-06-02 14:30:28.287 - [robot_6_log_20260602_143011.csv] - DEBUG - Incoming data. Topic 6/pos, mensaje {"x": 265.47, "y": 98.23, "yaw": 1.676, "timestamp": 1780403428.2766504}
2026-06-02 14:30:28.292 - [robot_6_log_20260602_143011.csv] - DEBUG - Posición actualizada por visión: x=265.47, y=98.23, θ=1.68
2026-06-02 14:30:28.298 - [robot_6_log_20260602_143011.csv] - DEBUG - Frecuencia: 11.65 Hz | Latencia Red/Proc: 22.00 ms
2026-06-02 14:30:28.303 - [robot_6_log_20260602_143011.csv] - DEBUG - Incoming data. Topic 6/pos, mensaje {"x": 265.47, "y": 98.23, "yaw": 1.676, "timestamp": 1780403428.2766504}
2026-06-02 14:30:28.303 - [robot_6_log_20260602_143011.csv] - DEBUG - Posición actualizada por visión: x=265.47, y=98.23, θ=1.68
2026-06-02 14:30:28.303 - [robot_6_log_20260602_143011.csv] - DEBUG - Frecuencia: 193.01 Hz | Latencia Red/Proc: 27.18 ms
2026-06-02 14:30:28.303 - [robot_6_log_20260602_143011.csv] - DEBUG - Incoming data. Topic 6/pos, mensaje {"x": 265.47, "y": 98.23, "yaw": 1.676, "timestamp": 1780403428.2872555}
2026-06-02 14:30:28.303 - [robot_6_log_20260602_143011.csv] - DEBUG - Posición actualizada por visión: x=265.47, y=98.23, θ=1.68
2026-06-02 14:30:28.303 - [robot_6_log_20260602_143011.csv] - DEBUG - Frecuencia: 27060.03 Hz | Latencia Red/Proc: 16.61 ms
2026-06-02 14:30:28.303 - [robot_6_log_20260602_143011.csv] - DEBUG - Incoming data. Topic 6/pos, mensaje {"x": 265.47, "y": 98.23, "yaw": 1.676, "timestamp": 1780403428.2872555}
2026-06-02 14:30:28.303 - [robot_6_log_20260602_143011.csv] - DEBUG - Posición actualizada por visión: x=265.47, y=98.23, θ=1.68
2026-06-02 14:30:28.303 - [robot_6_log_20260602_143011.csv] - DEBUG - Frecuencia: 24105.20 Hz | Latencia Red/Proc: 16.65 ms
2026-06-02 14:30:28.307 - [robot_6_log_20260602_143011.csv] - INFO - Usando posición VISION: x=265.47, y=98.23, θ=1.68
2026-06-02 14:30:28.307 - [robot_6_log_20260602_143011.csv] - INFO - Distancias a paredes: Left: 265.47, Right: 184.53, Top: 41.77, Bottom: 98.23
2026-06-02 14:30:28.307 - [robot_6_log_20260602_143011.csv] - INFO - Posicion: 265.47, 98.23, 1.676 | Velocidad: -0.9944711957094966, -0.10500971814134243
2026-06-02 14:30:28.307 - [robot_6_log_20260602_143011.csv] - INFO - None
2026-06-02 14:30:28.307 - [robot_6_log_20260602_143011.csv] - WARNING - Estado FSM: AVANZA | Target Wall: None | Target Theta: 0.00° |theta: 96.02772646392597 
2026-06-02 14:30:28.337 - [robot_6_log_20260602_143011.csv] - DEBUG - Incoming data. Topic agent/6/wheel, mensaje {"Wleft":1.657007864e-15,"Wright":-3.719247132e-16}
2026-06-02 14:30:28.349 - [robot_6_log_20260602_143011.csv] - DEBUG - Incoming data. Topic agent/6/wheel, mensaje {"Wleft":1.657007864e-15,"Wright":-3.719247132e-16}
2026-06-02 14:30:28.357 - [robot_6_log_20260602_143011.csv] - INFO - Usando posición VISION: x=265.47, y=98.23, θ=1.68
2026-06-02 14:30:28.357 - [robot_6_log_20260602_143011.csv] - INFO - Distancias a paredes: Left: 265.47, Right: 184.53, Top: 41.77, Bottom: 98.23
2026-06-02 14:30:28.357 - [robot_6_log_20260602_143011.csv] - INFO - Posicion: 265.47, 98.23, 1.676 | Velocidad: -0.9944711957094966, -0.10500971814134243
2026-06-02 14:30:28.357 - [robot_6_log_20260602_143011.csv] - INFO - None
2026-06-02 14:30:28.357 - [robot_6_log_20260602_143011.csv] - WARNING - Estado FSM: AVANZA | Target Wall: None | Target Theta: 0.00° |theta: 96.02772646392597 
2026-06-02 14:30:28.382 - [robot_6_log_20260602_143011.csv] - DEBUG - Incoming data. Topic 6/pos, mensaje {"x": 265.47, "y": 98.23, "yaw": 1.672, "timestamp": 1780403428.3768637}
2026-06-02 14:30:28.387 - [robot_6_log_20260602_143011.csv] - DEBUG - Posición actualizada por visión: x=265.47, y=98.23, θ=1.67
2026-06-02 14:30:28.392 - [robot_6_log_20260602_143011.csv] - DEBUG - Frecuencia: 11.30 Hz | Latencia Red/Proc: 15.56 ms
2026-06-02 14:30:28.397 - [robot_6_log_20260602_143011.csv] - DEBUG - Incoming data. Topic 6/pos, mensaje {"x": 265.47, "y": 98.23, "yaw": 1.672, "timestamp": 1780403428.3768637}
2026-06-02 14:30:28.402 - [robot_6_log_20260602_143011.csv] - DEBUG - Posición actualizada por visión: x=265.47, y=98.23, θ=1.67
2026-06-02 14:30:28.402 - [robot_6_log_20260602_143011.csv] - DEBUG - Frecuencia: 97.70 Hz | Latencia Red/Proc: 25.79 ms
2026-06-02 14:30:28.407 - [robot_6_log_20260602_143011.csv] - INFO - Usando posición VISION: x=265.47, y=98.23, θ=1.67
2026-06-02 14:30:28.407 - [robot_6_log_20260602_143011.csv] - DEBUG - Incoming data. Topic 6/pos, mensaje {"x": 265.47, "y": 98.23, "yaw": 1.672, "timestamp": 1780403428.3877337}
2026-06-02 14:30:28.407 - [robot_6_log_20260602_143011.csv] - INFO - Distancias a paredes: Left: 265.47, Right: 184.53, Top: 41.77, Bottom: 98.23
2026-06-02 14:30:28.407 - [robot_6_log_20260602_143011.csv] - DEBUG - Posición actualizada por visión: x=265.47, y=98.23, θ=1.67
2026-06-02 14:30:28.407 - [robot_6_log_20260602_143011.csv] - INFO - Posicion: 265.47, 98.23, 1.672 | Velocidad: -0.9948832777030012, -0.10103100388956367
2026-06-02 14:30:28.407 - [robot_6_log_20260602_143011.csv] - DEBUG - Frecuencia: 197.92 Hz | Latencia Red/Proc: 19.98 ms
2026-06-02 14:30:28.407 - [robot_6_log_20260602_143011.csv] - INFO - None
2026-06-02 14:30:28.407 - [robot_6_log_20260602_143011.csv] - DEBUG - Incoming data. Topic 6/pos, mensaje {"x": 265.47, "y": 98.23, "yaw": 1.672, "timestamp": 1780403428.3877337}
2026-06-02 14:30:28.407 - [robot_6_log_20260602_143011.csv] - WARNING - Estado FSM: AVANZA | Target Wall: None | Target Theta: 0.00° |theta: 95.79854334587364 
2026-06-02 14:30:28.407 - [robot_6_log_20260602_143011.csv] - DEBUG - Posición actualizada por visión: x=265.47, y=98.23, θ=1.67
2026-06-02 14:30:28.412 - [robot_6_log_20260602_143011.csv] - DEBUG - Frecuencia: 191.92 Hz | Latencia Red/Proc: 25.19 ms
2026-06-02 14:30:28.457 - [robot_6_log_20260602_143011.csv] - INFO - Usando posición VISION: x=265.47, y=98.23, θ=1.67
2026-06-02 14:30:28.457 - [robot_6_log_20260602_143011.csv] - INFO - Distancias a paredes: Left: 265.47, Right: 184.53, Top: 41.77, Bottom: 98.23
2026-06-02 14:30:28.457 - [robot_6_log_20260602_143011.csv] - INFO - Posicion: 265.47, 98.23, 1.672 | Velocidad: -0.9948832777030012, -0.10103100388956367
2026-06-02 14:30:28.457 - [robot_6_log_20260602_143011.csv] - INFO - None
2026-06-02 14:30:28.457 - [robot_6_log_20260602_143011.csv] - WARNING - Estado FSM: AVANZA | Target Wall: None | Target Theta: 0.00° |theta: 95.79854334587364 
2026-06-02 14:30:28.482 - [robot_6_log_20260602_143011.csv] - DEBUG - Incoming data. Topic 6/pos, mensaje {"x": 265.49, "y": 98.25, "yaw": 1.667, "timestamp": 1780403428.4776614}
2026-06-02 14:30:28.487 - [robot_6_log_20260602_143011.csv] - DEBUG - Posición actualizada por visión: x=265.49, y=98.25, θ=1.67
2026-06-02 14:30:28.493 - [robot_6_log_20260602_143011.csv] - DEBUG - Frecuencia: 12.39 Hz | Latencia Red/Proc: 15.96 ms
2026-06-02 14:30:28.499 - [robot_6_log_20260602_143011.csv] - DEBUG - Incoming data. Topic 6/pos, mensaje {"x": 265.49, "y": 98.25, "yaw": 1.667, "timestamp": 1780403428.4776614}
2026-06-02 14:30:28.499 - [robot_6_log_20260602_143011.csv] - DEBUG - Posición actualizada por visión: x=265.49, y=98.25, θ=1.67
2026-06-02 14:30:28.499 - [robot_6_log_20260602_143011.csv] - DEBUG - Frecuencia: 158.41 Hz | Latencia Red/Proc: 22.27 ms
2026-06-02 14:30:28.499 - [robot_6_log_20260602_143011.csv] - DEBUG - Incoming data. Topic 6/pos, mensaje {"x": 265.49, "y": 98.25, "yaw": 1.667, "timestamp": 1780403428.486913}
2026-06-02 14:30:28.499 - [robot_6_log_20260602_143011.csv] - DEBUG - Posición actualizada por visión: x=265.49, y=98.25, θ=1.67
2026-06-02 14:30:28.499 - [robot_6_log_20260602_143011.csv] - DEBUG - Frecuencia: 27776.85 Hz | Latencia Red/Proc: 13.05 ms
2026-06-02 14:30:28.499 - [robot_6_log_20260602_143011.csv] - DEBUG - Incoming data. Topic 6/pos, mensaje {"x": 265.49, "y": 98.25, "yaw": 1.667, "timestamp": 1780403428.486913}
2026-06-02 14:30:28.499 - [robot_6_log_20260602_143011.csv] - DEBUG - Posición actualizada por visión: x=265.49, y=98.25, θ=1.67
2026-06-02 14:30:28.500 - [robot_6_log_20260602_143011.csv] - DEBUG - Frecuencia: 30393.51 Hz | Latencia Red/Proc: 13.09 ms
2026-06-02 14:30:28.507 - [robot_6_log_20260602_143011.csv] - INFO - Usando posición VISION: x=265.49, y=98.25, θ=1.67
2026-06-02 14:30:28.507 - [robot_6_log_20260602_143011.csv] - INFO - Distancias a paredes: Left: 265.49, Right: 184.51, Top: 41.75, Bottom: 98.25
2026-06-02 14:30:28.507 - [robot_6_log_20260602_143011.csv] - INFO - Posicion: 265.49, 98.25, 1.667 | Velocidad: -0.9953759946025762, -0.09605534534284021
2026-06-02 14:30:28.507 - [robot_6_log_20260602_143011.csv] - INFO - None
2026-06-02 14:30:28.507 - [robot_6_log_20260602_143011.csv] - WARNING - Estado FSM: AVANZA | Target Wall: None | Target Theta: 0.00° |theta: 95.51206444830824 
2026-06-02 14:30:28.537 - [robot_6_log_20260602_143011.csv] - DEBUG - Incoming data. Topic agent/6/wheel, mensaje {"Wleft":1.657007864e-15,"Wright":-3.719247132e-16}
2026-06-02 14:30:28.555 - [robot_6_log_20260602_143011.csv] - DEBUG - Incoming data. Topic agent/6/wheel, mensaje {"Wleft":1.657007864e-15,"Wright":-3.719247132e-16}
2026-06-02 14:30:28.557 - [robot_6_log_20260602_143011.csv] - INFO - Usando posición VISION: x=265.49, y=98.25, θ=1.67
2026-06-02 14:30:28.557 - [robot_6_log_20260602_143011.csv] - INFO - Distancias a paredes: Left: 265.49, Right: 184.51, Top: 41.75, Bottom: 98.25
2026-06-02 14:30:28.557 - [robot_6_log_20260602_143011.csv] - INFO - Posicion: 265.49, 98.25, 1.667 | Velocidad: -0.9953759946025762, -0.09605534534284021
2026-06-02 14:30:28.557 - [robot_6_log_20260602_143011.csv] - INFO - None
2026-06-02 14:30:28.557 - [robot_6_log_20260602_143011.csv] - WARNING - Estado FSM: AVANZA | Target Wall: None | Target Theta: 0.00° |theta: 95.51206444830824 
2026-06-02 14:30:28.576 - [robot_6_log_20260602_143011.csv] - DEBUG - Incoming data. Topic 6/pos, mensaje {"x": 265.5, "y": 98.23, "yaw": 1.67, "timestamp": 1780403428.574975}
2026-06-02 14:30:28.581 - [robot_6_log_20260602_143011.csv] - DEBUG - Posición actualizada por visión: x=265.50, y=98.23, θ=1.67
2026-06-02 14:30:28.587 - [robot_6_log_20260602_143011.csv] - DEBUG - Frecuencia: 11.45 Hz | Latencia Red/Proc: 12.39 ms
2026-06-02 14:30:28.597 - [robot_6_log_20260602_143011.csv] - DEBUG - Incoming data. Topic 6/pos, mensaje {"x": 265.5, "y": 98.23, "yaw": 1.67, "timestamp": 1780403428.574975}
2026-06-02 14:30:28.597 - [robot_6_log_20260602_143011.csv] - DEBUG - Posición actualizada por visión: x=265.50, y=98.23, θ=1.67
2026-06-02 14:30:28.597 - [robot_6_log_20260602_143011.csv] - DEBUG - Frecuencia: 97.64 Hz | Latencia Red/Proc: 22.63 ms
2026-06-02 14:30:28.597 - [robot_6_log_20260602_143011.csv] - DEBUG - Incoming data. Topic 6/pos, mensaje {"x": 265.5, "y": 98.23, "yaw": 1.67, "timestamp": 1780403428.585947}
2026-06-02 14:30:28.597 - [robot_6_log_20260602_143011.csv] - DEBUG - Posición actualizada por visión: x=265.50, y=98.23, θ=1.67
2026-06-02 14:30:28.597 - [robot_6_log_20260602_143011.csv] - DEBUG - Frecuencia: 22310.13 Hz | Latencia Red/Proc: 11.70 ms
2026-06-02 14:30:28.597 - [robot_6_log_20260602_143011.csv] - DEBUG - Incoming data. Topic 6/pos, mensaje {"x": 265.5, "y": 98.23, "yaw": 1.67, "timestamp": 1780403428.585947}
2026-06-02 14:30:28.597 - [robot_6_log_20260602_143011.csv] - DEBUG - Posición actualizada por visión: x=265.50, y=98.23, θ=1.67
2026-06-02 14:30:28.597 - [robot_6_log_20260602_143011.csv] - DEBUG - Frecuencia: 25890.77 Hz | Latencia Red/Proc: 11.74 ms
2026-06-02 14:30:28.607 - [robot_6_log_20260602_143011.csv] - INFO - Usando posición VISION: x=265.50, y=98.23, θ=1.67
2026-06-02 14:30:28.607 - [robot_6_log_20260602_143011.csv] - INFO - Distancias a paredes: Left: 265.50, Right: 184.50, Top: 41.77, Bottom: 98.23
2026-06-02 14:30:28.607 - [robot_6_log_20260602_143011.csv] - INFO - Posicion: 265.5, 98.23, 1.67 | Velocidad: -0.9950833498101802, -0.09904103659872801
2026-06-02 14:30:28.607 - [robot_6_log_20260602_143011.csv] - INFO - None
2026-06-02 14:30:28.607 - [robot_6_log_20260602_143011.csv] - WARNING - Estado FSM: AVANZA | Target Wall: None | Target Theta: 0.00° |theta: 95.68395178684747 
2026-06-02 14:30:28.657 - [robot_6_log_20260602_143011.csv] - INFO - Usando posición VISION: x=265.50, y=98.23, θ=1.67
2026-06-02 14:30:28.657 - [robot_6_log_20260602_143011.csv] - INFO - Distancias a paredes: Left: 265.50, Right: 184.50, Top: 41.77, Bottom: 98.23
2026-06-02 14:30:28.657 - [robot_6_log_20260602_143011.csv] - INFO - Posicion: 265.5, 98.23, 1.67 | Velocidad: -0.9950833498101802, -0.09904103659872801
2026-06-02 14:30:28.657 - [robot_6_log_20260602_143011.csv] - INFO - None
2026-06-02 14:30:28.657 - [robot_6_log_20260602_143011.csv] - WARNING - Estado FSM: AVANZA | Target Wall: None | Target Theta: 0.00° |theta: 95.68395178684747 
2026-06-02 14:30:28.681 - [robot_6_log_20260602_143011.csv] - DEBUG - Incoming data. Topic 6/pos, mensaje {"x": 265.48, "y": 98.21, "yaw": 1.674, "timestamp": 1780403428.6789308}
2026-06-02 14:30:28.686 - [robot_6_log_20260602_143011.csv] - DEBUG - Posición actualizada por visión: x=265.48, y=98.21, θ=1.67
2026-06-02 14:30:28.691 - [robot_6_log_20260602_143011.csv] - DEBUG - Frecuencia: 10.66 Hz | Latencia Red/Proc: 12.59 ms
2026-06-02 14:30:28.697 - [robot_6_log_20260602_143011.csv] - DEBUG - Incoming data. Topic 6/pos, mensaje {"x": 265.48, "y": 98.21, "yaw": 1.674, "timestamp": 1780403428.6789308}
2026-06-02 14:30:28.697 - [robot_6_log_20260602_143011.csv] - DEBUG - Posición actualizada por visión: x=265.48, y=98.21, θ=1.67
2026-06-02 14:30:28.697 - [robot_6_log_20260602_143011.csv] - DEBUG - Frecuencia: 158.33 Hz | Latencia Red/Proc: 18.91 ms
2026-06-02 14:30:28.697 - [robot_6_log_20260602_143011.csv] - DEBUG - Incoming data. Topic 6/pos, mensaje {"x": 265.48, "y": 98.21, "yaw": 1.674, "timestamp": 1780403428.6903427}
2026-06-02 14:30:28.697 - [robot_6_log_20260602_143011.csv] - DEBUG - Posición actualizada por visión: x=265.48, y=98.21, θ=1.67
2026-06-02 14:30:28.697 - [robot_6_log_20260602_143011.csv] - DEBUG - Frecuencia: 11554.56 Hz | Latencia Red/Proc: 7.58 ms
2026-06-02 14:30:28.697 - [robot_6_log_20260602_143011.csv] - DEBUG - Incoming data. Topic 6/pos, mensaje {"x": 265.48, "y": 98.21, "yaw": 1.674, "timestamp": 1780403428.6903427}
2026-06-02 14:30:28.697 - [robot_6_log_20260602_143011.csv] - DEBUG - Posición actualizada por visión: x=265.48, y=98.21, θ=1.67
2026-06-02 14:30:28.698 - [robot_6_log_20260602_143011.csv] - DEBUG - Frecuencia: 12372.58 Hz | Latencia Red/Proc: 7.66 ms
2026-06-02 14:30:28.707 - [robot_6_log_20260602_143011.csv] - INFO - Usando posición VISION: x=265.48, y=98.21, θ=1.67
2026-06-02 14:30:28.707 - [robot_6_log_20260602_143011.csv] - INFO - Distancias a paredes: Left: 265.48, Right: 184.52, Top: 41.79, Bottom: 98.21
2026-06-02 14:30:28.707 - [robot_6_log_20260602_143011.csv] - INFO - Posicion: 265.48, 98.21, 1.674 | Velocidad: -0.9946792260640379, -0.10302056705651848
2026-06-02 14:30:28.707 - [robot_6_log_20260602_143011.csv] - INFO - None
2026-06-02 14:30:28.707 - [robot_6_log_20260602_143011.csv] - WARNING - Estado FSM: AVANZA | Target Wall: None | Target Theta: 0.00° |theta: 95.9131349048998 
2026-06-02 14:30:28.742 - [robot_6_log_20260602_143011.csv] - DEBUG - Incoming data. Topic agent/6/wheel, mensaje {"Wleft":1.657007864e-15,"Wright":-3.719247132e-16}
2026-06-02 14:30:28.757 - [robot_6_log_20260602_143011.csv] - INFO - Usando posición VISION: x=265.48, y=98.21, θ=1.67
2026-06-02 14:30:28.757 - [robot_6_log_20260602_143011.csv] - INFO - Distancias a paredes: Left: 265.48, Right: 184.52, Top: 41.79, Bottom: 98.21
2026-06-02 14:30:28.757 - [robot_6_log_20260602_143011.csv] - INFO - Posicion: 265.48, 98.21, 1.674 | Velocidad: -0.9946792260640379, -0.10302056705651848
2026-06-02 14:30:28.757 - [robot_6_log_20260602_143011.csv] - INFO - None
2026-06-02 14:30:28.757 - [robot_6_log_20260602_143011.csv] - WARNING - Estado FSM: AVANZA | Target Wall: None | Target Theta: 0.00° |theta: 95.9131349048998 
2026-06-02 14:30:28.763 - [robot_6_log_20260602_143011.csv] - DEBUG - Incoming data. Topic agent/6/wheel, mensaje {"Wleft":1.657007864e-15,"Wright":-3.719247132e-16}
2026-06-02 14:30:28.782 - [robot_6_log_20260602_143011.csv] - DEBUG - Incoming data. Topic 6/pos, mensaje {"x": 265.49, "y": 98.22, "yaw": 1.678, "timestamp": 1780403428.7770348}
2026-06-02 14:30:28.787 - [robot_6_log_20260602_143011.csv] - DEBUG - Posición actualizada por visión: x=265.49, y=98.22, θ=1.68
2026-06-02 14:30:28.792 - [robot_6_log_20260602_143011.csv] - DEBUG - Frecuencia: 10.57 Hz | Latencia Red/Proc: 15.56 ms
2026-06-02 14:30:28.792 - [robot_6_log_20260602_143011.csv] - DEBUG - Incoming data. Topic 6/pos, mensaje {"x": 265.49, "y": 98.22, "yaw": 1.678, "timestamp": 1780403428.7770348}
2026-06-02 14:30:28.792 - [robot_6_log_20260602_143011.csv] - DEBUG - Posición actualizada por visión: x=265.49, y=98.22, θ=1.68
2026-06-02 14:30:28.792 - [robot_6_log_20260602_143011.csv] - DEBUG - Frecuencia: 4660.34 Hz | Latencia Red/Proc: 15.77 ms
2026-06-02 14:30:28.797 - [robot_6_log_20260602_143011.csv] - DEBUG - Incoming data. Topic 6/pos, mensaje {"x": 265.49, "y": 98.22, "yaw": 1.678, "timestamp": 1780403428.7882123}
2026-06-02 14:30:28.802 - [robot_6_log_20260602_143011.csv] - DEBUG - Posición actualizada por visión: x=265.49, y=98.22, θ=1.68
2026-06-02 14:30:28.802 - [robot_6_log_20260602_143011.csv] - DEBUG - Frecuencia: 98.20 Hz | Latencia Red/Proc: 14.78 ms
2026-06-02 14:30:28.803 - [robot_6_log_20260602_143011.csv] - DEBUG - Incoming data. Topic 6/pos, mensaje {"x": 265.49, "y": 98.22, "yaw": 1.678, "timestamp": 1780403428.7882123}
2026-06-02 14:30:28.803 - [robot_6_log_20260602_143011.csv] - DEBUG - Posición actualizada por visión: x=265.49, y=98.22, θ=1.68
2026-06-02 14:30:28.803 - [robot_6_log_20260602_143011.csv] - DEBUG - Frecuencia: 21845.33 Hz | Latencia Red/Proc: 14.83 ms
2026-06-02 14:30:28.807 - [robot_6_log_20260602_143011.csv] - INFO - Usando posición VISION: x=265.49, y=98.22, θ=1.68
2026-06-02 14:30:28.807 - [robot_6_log_20260602_143011.csv] - INFO - Distancias a paredes: Left: 265.49, Right: 184.51, Top: 41.78, Bottom: 98.22
2026-06-02 14:30:28.807 - [robot_6_log_20260602_143011.csv] - INFO - Posicion: 265.49, 98.22, 1.678 | Velocidad: -0.9942591874714983, -0.10699844918743381
2026-06-02 14:30:28.807 - [robot_6_log_20260602_143011.csv] - INFO - None
2026-06-02 14:30:28.807 - [robot_6_log_20260602_143011.csv] - WARNING - Estado FSM: AVANZA | Target Wall: None | Target Theta: 0.00° |theta: 96.14231802295214 
2026-06-02 14:30:28.857 - [robot_6_log_20260602_143011.csv] - INFO - Usando posición VISION: x=265.49, y=98.22, θ=1.68
2026-06-02 14:30:28.857 - [robot_6_log_20260602_143011.csv] - INFO - Distancias a paredes: Left: 265.49, Right: 184.51, Top: 41.78, Bottom: 98.22
2026-06-02 14:30:28.857 - [robot_6_log_20260602_143011.csv] - INFO - Posicion: 265.49, 98.22, 1.678 | Velocidad: -0.9942591874714983, -0.10699844918743381
2026-06-02 14:30:28.857 - [robot_6_log_20260602_143011.csv] - INFO - None
2026-06-02 14:30:28.857 - [robot_6_log_20260602_143011.csv] - WARNING - Estado FSM: AVANZA | Target Wall: None | Target Theta: 0.00° |theta: 96.14231802295214 
2026-06-02 14:30:28.881 - [robot_6_log_20260602_143011.csv] - DEBUG - Incoming data. Topic 6/pos, mensaje {"x": 265.47, "y": 98.25, "yaw": 1.674, "timestamp": 1780403428.8771217}
2026-06-02 14:30:28.886 - [robot_6_log_20260602_143011.csv] - DEBUG - Posición actualizada por visión: x=265.47, y=98.25, θ=1.67
2026-06-02 14:30:28.892 - [robot_6_log_20260602_143011.csv] - DEBUG - Frecuencia: 11.15 Hz | Latencia Red/Proc: 15.58 ms
2026-06-02 14:30:28.904 - [robot_6_log_20260602_143011.csv] - DEBUG - Incoming data. Topic 6/pos, mensaje {"x": 265.47, "y": 98.25, "yaw": 1.674, "timestamp": 1780403428.8771217}
2026-06-02 14:30:28.907 - [robot_6_log_20260602_143011.csv] - INFO - Usando posición VISION: x=265.47, y=98.25, θ=1.67
2026-06-02 14:30:28.907 - [robot_6_log_20260602_143011.csv] - DEBUG - Posición actualizada por visión: x=265.47, y=98.25, θ=1.67
2026-06-02 14:30:28.907 - [robot_6_log_20260602_143011.csv] - INFO - Distancias a paredes: Left: 265.47, Right: 184.53, Top: 41.75, Bottom: 98.25
2026-06-02 14:30:28.907 - [robot_6_log_20260602_143011.csv] - DEBUG - Frecuencia: 66.81 Hz | Latencia Red/Proc: 30.55 ms
2026-06-02 14:30:28.907 - [robot_6_log_20260602_143011.csv] - INFO - Posicion: 265.47, 98.25, 1.674 | Velocidad: -0.9946792260640379, -0.10302056705651848
2026-06-02 14:30:28.907 - [robot_6_log_20260602_143011.csv] - INFO - None
2026-06-02 14:30:28.907 - [robot_6_log_20260602_143011.csv] - DEBUG - Incoming data. Topic 6/pos, mensaje {"x": 265.47, "y": 98.25, "yaw": 1.674, "timestamp": 1780403428.8883674}
2026-06-02 14:30:28.907 - [robot_6_log_20260602_143011.csv] - DEBUG - Posición actualizada por visión: x=265.47, y=98.25, θ=1.67
2026-06-02 14:30:28.907 - [robot_6_log_20260602_143011.csv] - DEBUG - Frecuencia: 5722.11 Hz | Latencia Red/Proc: 19.47 ms
2026-06-02 14:30:28.907 - [robot_6_log_20260602_143011.csv] - DEBUG - Incoming data. Topic 6/pos, mensaje {"x": 265.47, "y": 98.25, "yaw": 1.674, "timestamp": 1780403428.8883674}
2026-06-02 14:30:28.907 - [robot_6_log_20260602_143011.csv] - DEBUG - Posición actualizada por visión: x=265.47, y=98.25, θ=1.67
2026-06-02 14:30:28.907 - [robot_6_log_20260602_143011.csv] - DEBUG - Frecuencia: 28926.23 Hz | Latencia Red/Proc: 19.51 ms
2026-06-02 14:30:28.907 - [robot_6_log_20260602_143011.csv] - WARNING - Estado FSM: AVANZA | Target Wall: None | Target Theta: 0.00° |theta: 95.9131349048998 
2026-06-02 14:30:28.932 - [robot_6_log_20260602_143011.csv] - DEBUG - Incoming data. Topic agent/6/wheel, mensaje {"Wleft":1.657007864e-15,"Wright":-3.719247132e-16}
2026-06-02 14:30:28.957 - [robot_6_log_20260602_143011.csv] - INFO - Usando posición VISION: x=265.47, y=98.25, θ=1.67
2026-06-02 14:30:28.957 - [robot_6_log_20260602_143011.csv] - INFO - Distancias a paredes: Left: 265.47, Right: 184.53, Top: 41.75, Bottom: 98.25
2026-06-02 14:30:28.957 - [robot_6_log_20260602_143011.csv] - INFO - Posicion: 265.47, 98.25, 1.674 | Velocidad: -0.9946792260640379, -0.10302056705651848
2026-06-02 14:30:28.957 - [robot_6_log_20260602_143011.csv] - INFO - None
2026-06-02 14:30:28.957 - [robot_6_log_20260602_143011.csv] - WARNING - Estado FSM: AVANZA | Target Wall: None | Target Theta: 0.00° |theta: 95.9131349048998 
2026-06-02 14:30:28.981 - [robot_6_log_20260602_143011.csv] - DEBUG - Incoming data. Topic 6/pos, mensaje {"x": 265.47, "y": 98.24, "yaw": 1.675, "timestamp": 1780403428.978994}
2026-06-02 14:30:28.986 - [robot_6_log_20260602_143011.csv] - DEBUG - Posición actualizada por visión: x=265.47, y=98.24, θ=1.68
2026-06-02 14:30:28.991 - [robot_6_log_20260602_143011.csv] - DEBUG - Frecuencia: 11.94 Hz | Latencia Red/Proc: 12.61 ms
2026-06-02 14:30:28.996 - [robot_6_log_20260602_143011.csv] - DEBUG - Incoming data. Topic 6/pos, mensaje {"x": 265.47, "y": 98.24, "yaw": 1.675, "timestamp": 1780403428.978994}
2026-06-02 14:30:28.996 - [robot_6_log_20260602_143011.csv] - DEBUG - Posición actualizada por visión: x=265.47, y=98.24, θ=1.68
2026-06-02 14:30:28.996 - [robot_6_log_20260602_143011.csv] - DEBUG - Frecuencia: 193.01 Hz | Latencia Red/Proc: 17.79 ms
2026-06-02 14:30:29.007 - [robot_6_log_20260602_143011.csv] - INFO - Usando posición VISION: x=265.47, y=98.24, θ=1.68
2026-06-02 14:30:29.007 - [robot_6_log_20260602_143011.csv] - INFO - Distancias a paredes: Left: 265.47, Right: 184.53, Top: 41.76, Bottom: 98.24
2026-06-02 14:30:29.007 - [robot_6_log_20260602_143011.csv] - INFO - Posicion: 265.47, 98.24, 1.675 | Velocidad: -0.9945757081745799, -0.10401519460652353
2026-06-02 14:30:29.007 - [robot_6_log_20260602_143011.csv] - INFO - None
2026-06-02 14:30:29.007 - [robot_6_log_20260602_143011.csv] - WARNING - Estado FSM: AVANZA | Target Wall: None | Target Theta: 0.00° |theta: 95.97043068441289 
2026-06-02 14:30:29.012 - [robot_6_log_20260602_143011.csv] - DEBUG - Incoming data. Topic 6/pos, mensaje {"x": 265.47, "y": 98.24, "yaw": 1.675, "timestamp": 1780403428.990055}
2026-06-02 14:30:29.017 - [robot_6_log_20260602_143011.csv] - DEBUG - Posición actualizada por visión: x=265.47, y=98.24, θ=1.68
2026-06-02 14:30:29.023 - [robot_6_log_20260602_143011.csv] - DEBUG - Frecuencia: 37.96 Hz | Latencia Red/Proc: 33.07 ms
2026-06-02 14:30:29.033 - [robot_6_log_20260602_143011.csv] - DEBUG - Incoming data. Topic 6/pos, mensaje {"x": 265.47, "y": 98.24, "yaw": 1.675, "timestamp": 1780403428.990055}
2026-06-02 14:30:29.038 - [robot_6_log_20260602_143011.csv] - DEBUG - Posición actualizada por visión: x=265.47, y=98.24, θ=1.68
2026-06-02 14:30:29.043 - [robot_6_log_20260602_143011.csv] - DEBUG - Frecuencia: 48.60 Hz | Latencia Red/Proc: 53.65 ms
2026-06-02 14:30:29.053 - [robot_6_log_20260602_143011.csv] - DEBUG - Incoming data. Topic agent/6/wheel, mensaje {"Wleft":1.657007864e-15,"Wright":-3.719247132e-16}
2026-06-02 14:30:29.057 - [robot_6_log_20260602_143011.csv] - INFO - Usando posición VISION: x=265.47, y=98.24, θ=1.68
2026-06-02 14:30:29.057 - [robot_6_log_20260602_143011.csv] - INFO - Distancias a paredes: Left: 265.47, Right: 184.53, Top: 41.76, Bottom: 98.24
2026-06-02 14:30:29.057 - [robot_6_log_20260602_143011.csv] - INFO - Posicion: 265.47, 98.24, 1.675 | Velocidad: -0.9945757081745799, -0.10401519460652353
2026-06-02 14:30:29.057 - [robot_6_log_20260602_143011.csv] - INFO - None
2026-06-02 14:30:29.057 - [robot_6_log_20260602_143011.csv] - WARNING - Estado FSM: AVANZA | Target Wall: None | Target Theta: 0.00° |theta: 95.97043068441289 
2026-06-02 14:30:29.086 - [robot_6_log_20260602_143011.csv] - DEBUG - Incoming data. Topic 6/pos, mensaje {"x": 265.48, "y": 98.22, "yaw": 1.674, "timestamp": 1780403429.0769162}
2026-06-02 14:30:29.092 - [robot_6_log_20260602_143011.csv] - DEBUG - Posición actualizada por visión: x=265.48, y=98.22, θ=1.67
2026-06-02 14:30:29.097 - [robot_6_log_20260602_143011.csv] - DEBUG - Frecuencia: 18.61 Hz | Latencia Red/Proc: 20.52 ms
2026-06-02 14:30:29.103 - [robot_6_log_20260602_143011.csv] - DEBUG - Incoming data. Topic agent/6/wheel, mensaje {"Wleft":1.657007864e-15,"Wright":-3.719247132e-16}
2026-06-02 14:30:29.103 - [robot_6_log_20260602_143011.csv] - DEBUG - Incoming data. Topic 6/pos, mensaje {"x": 265.48, "y": 98.22, "yaw": 1.674, "timestamp": 1780403429.087871}
2026-06-02 14:30:29.103 - [robot_6_log_20260602_143011.csv] - DEBUG - Posición actualizada por visión: x=265.48, y=98.22, θ=1.67
2026-06-02 14:30:29.103 - [robot_6_log_20260602_143011.csv] - DEBUG - Frecuencia: 155.37 Hz | Latencia Red/Proc: 16.00 ms
2026-06-02 14:30:29.103 - [robot_6_log_20260602_143011.csv] - DEBUG - Incoming data. Topic 6/pos, mensaje {"x": 265.48, "y": 98.22, "yaw": 1.674, "timestamp": 1780403429.0769162}
2026-06-02 14:30:29.103 - [robot_6_log_20260602_143011.csv] - DEBUG - Posición actualizada por visión: x=265.48, y=98.22, θ=1.67
2026-06-02 14:30:29.103 - [robot_6_log_20260602_143011.csv] - DEBUG - Frecuencia: 11037.64 Hz | Latencia Red/Proc: 27.05 ms
2026-06-02 14:30:29.107 - [robot_6_log_20260602_143011.csv] - INFO - Usando posición VISION: x=265.48, y=98.22, θ=1.67
2026-06-02 14:30:29.107 - [robot_6_log_20260602_143011.csv] - INFO - Distancias a paredes: Left: 265.48, Right: 184.52, Top: 41.78, Bottom: 98.22
2026-06-02 14:30:29.107 - [robot_6_log_20260602_143011.csv] - INFO - Posicion: 265.48, 98.22, 1.674 | Velocidad: -0.9946792260640379, -0.10302056705651848
2026-06-02 14:30:29.107 - [robot_6_log_20260602_143011.csv] - INFO - None
2026-06-02 14:30:29.107 - [robot_6_log_20260602_143011.csv] - WARNING - Estado FSM: AVANZA | Target Wall: None | Target Theta: 0.00° |theta: 95.9131349048998 
2026-06-02 14:30:29.132 - [robot_6_log_20260602_143011.csv] - DEBUG - Incoming data. Topic 6/pos, mensaje {"x": 265.48, "y": 98.22, "yaw": 1.674, "timestamp": 1780403429.087871}
2026-06-02 14:30:29.137 - [robot_6_log_20260602_143011.csv] - DEBUG - Posición actualizada por visión: x=265.48, y=98.22, θ=1.67
2026-06-02 14:30:29.142 - [robot_6_log_20260602_143011.csv] - DEBUG - Frecuencia: 25.88 Hz | Latencia Red/Proc: 54.73 ms
2026-06-02 14:30:29.157 - [robot_6_log_20260602_143011.csv] - INFO - Usando posición VISION: x=265.48, y=98.22, θ=1.67
2026-06-02 14:30:29.157 - [robot_6_log_20260602_143011.csv] - INFO - Distancias a paredes: Left: 265.48, Right: 184.52, Top: 41.78, Bottom: 98.22
2026-06-02 14:30:29.157 - [robot_6_log_20260602_143011.csv] - INFO - Posicion: 265.48, 98.22, 1.674 | Velocidad: -0.9946792260640379, -0.10302056705651848
2026-06-02 14:30:29.157 - [robot_6_log_20260602_143011.csv] - INFO - None
2026-06-02 14:30:29.157 - [robot_6_log_20260602_143011.csv] - WARNING - Estado FSM: AVANZA | Target Wall: None | Target Theta: 0.00° |theta: 95.9131349048998 
2026-06-02 14:30:29.182 - [robot_6_log_20260602_143011.csv] - DEBUG - Incoming data. Topic 6/pos, mensaje {"x": 265.47, "y": 98.23, "yaw": 1.672, "timestamp": 1780403429.1786966}
2026-06-02 14:30:29.187 - [robot_6_log_20260602_143011.csv] - DEBUG - Posición actualizada por visión: x=265.47, y=98.23, θ=1.67
2026-06-02 14:30:29.192 - [robot_6_log_20260602_143011.csv] - DEBUG - Frecuencia: 19.98 Hz | Latencia Red/Proc: 13.97 ms
2026-06-02 14:30:29.192 - [robot_6_log_20260602_143011.csv] - DEBUG - Incoming data. Topic 6/pos, mensaje {"x": 265.47, "y": 98.23, "yaw": 1.672, "timestamp": 1780403429.1786966}
2026-06-02 14:30:29.193 - [robot_6_log_20260602_143011.csv] - DEBUG - Posición actualizada por visión: x=265.47, y=98.23, θ=1.67
2026-06-02 14:30:29.193 - [robot_6_log_20260602_143011.csv] - DEBUG - Frecuencia: 2571.61 Hz | Latencia Red/Proc: 14.36 ms
2026-06-02 14:30:29.193 - [robot_6_log_20260602_143011.csv] - DEBUG - Incoming data. Topic 6/pos, mensaje {"x": 265.47, "y": 98.23, "yaw": 1.672, "timestamp": 1780403429.1893952}
2026-06-02 14:30:29.193 - [robot_6_log_20260602_143011.csv] - DEBUG - Posición actualizada por visión: x=265.47, y=98.23, θ=1.67
2026-06-02 14:30:29.193 - [robot_6_log_20260602_143011.csv] - DEBUG - Frecuencia: 10922.67 Hz | Latencia Red/Proc: 3.75 ms
2026-06-02 14:30:29.193 - [robot_6_log_20260602_143011.csv] - DEBUG - Incoming data. Topic 6/pos, mensaje {"x": 265.47, "y": 98.23, "yaw": 1.672, "timestamp": 1780403429.1893952}
2026-06-02 14:30:29.193 - [robot_6_log_20260602_143011.csv] - DEBUG - Posición actualizada por visión: x=265.47, y=98.23, θ=1.67
2026-06-02 14:30:29.193 - [robot_6_log_20260602_143011.csv] - DEBUG - Frecuencia: 11781.75 Hz | Latencia Red/Proc: 3.83 ms
2026-06-02 14:30:29.207 - [robot_6_log_20260602_143011.csv] - INFO - Usando posición VISION: x=265.47, y=98.23, θ=1.67
2026-06-02 14:30:29.207 - [robot_6_log_20260602_143011.csv] - INFO - Distancias a paredes: Left: 265.47, Right: 184.53, Top: 41.77, Bottom: 98.23
2026-06-02 14:30:29.207 - [robot_6_log_20260602_143011.csv] - INFO - Posicion: 265.47, 98.23, 1.672 | Velocidad: -0.9948832777030012, -0.10103100388956367
2026-06-02 14:30:29.207 - [robot_6_log_20260602_143011.csv] - INFO - None
2026-06-02 14:30:29.207 - [robot_6_log_20260602_143011.csv] - WARNING - Estado FSM: AVANZA | Target Wall: None | Target Theta: 0.00° |theta: 95.79854334587364 
2026-06-02 14:30:29.231 - [robot_6_log_20260602_143011.csv] - DEBUG - Incoming data. Topic agent/6/wheel, mensaje {"Wleft":1.657007864e-15,"Wright":-3.719247132e-16}
2026-06-02 14:30:29.257 - [robot_6_log_20260602_143011.csv] - INFO - Usando posición VISION: x=265.47, y=98.23, θ=1.67
2026-06-02 14:30:29.257 - [robot_6_log_20260602_143011.csv] - INFO - Distancias a paredes: Left: 265.47, Right: 184.53, Top: 41.77, Bottom: 98.23
2026-06-02 14:30:29.257 - [robot_6_log_20260602_143011.csv] - INFO - Posicion: 265.47, 98.23, 1.672 | Velocidad: -0.9948832777030012, -0.10103100388956367
2026-06-02 14:30:29.257 - [robot_6_log_20260602_143011.csv] - INFO - None
2026-06-02 14:30:29.257 - [robot_6_log_20260602_143011.csv] - WARNING - Estado FSM: AVANZA | Target Wall: None | Target Theta: 0.00° |theta: 95.79854334587364 
2026-06-02 14:30:29.282 - [robot_6_log_20260602_143011.csv] - DEBUG - Incoming data. Topic 6/pos, mensaje {"x": 265.52, "y": 98.18, "yaw": 1.681, "timestamp": 1780403429.2774508}
2026-06-02 14:30:29.282 - [robot_6_log_20260602_143011.csv] - DEBUG - Posición actualizada por visión: x=265.52, y=98.18, θ=1.68
2026-06-02 14:30:29.282 - [robot_6_log_20260602_143011.csv] - DEBUG - Frecuencia: 11.22 Hz | Latencia Red/Proc: 4.93 ms
2026-06-02 14:30:29.282 - [robot_6_log_20260602_143011.csv] - DEBUG - Incoming data. Topic agent/6/wheel, mensaje {"Wleft":1.657007864e-15,"Wright":-3.719247132e-16}
2026-06-02 14:30:29.288 - [robot_6_log_20260602_143011.csv] - DEBUG - Incoming data. Topic 6/pos, mensaje {"x": 265.52, "y": 98.18, "yaw": 1.681, "timestamp": 1780403429.287914}
2026-06-02 14:30:29.293 - [robot_6_log_20260602_143011.csv] - DEBUG - Posición actualizada por visión: x=265.52, y=98.18, θ=1.68
2026-06-02 14:30:29.299 - [robot_6_log_20260602_143011.csv] - DEBUG - Frecuencia: 59.95 Hz | Latencia Red/Proc: 11.15 ms
2026-06-02 14:30:29.299 - [robot_6_log_20260602_143011.csv] - DEBUG - Incoming data. Topic 6/pos, mensaje {"x": 265.52, "y": 98.18, "yaw": 1.681, "timestamp": 1780403429.2774508}
2026-06-02 14:30:29.299 - [robot_6_log_20260602_143011.csv] - DEBUG - Posición actualizada por visión: x=265.52, y=98.18, θ=1.68
2026-06-02 14:30:29.299 - [robot_6_log_20260602_143011.csv] - DEBUG - Frecuencia: 8338.58 Hz | Latencia Red/Proc: 21.73 ms
2026-06-02 14:30:29.307 - [robot_6_log_20260602_143011.csv] - INFO - Usando posición VISION: x=265.52, y=98.18, θ=1.68
2026-06-02 14:30:29.307 - [robot_6_log_20260602_143011.csv] - INFO - Distancias a paredes: Left: 265.52, Right: 184.48, Top: 41.82, Bottom: 98.18
2026-06-02 14:30:29.307 - [robot_6_log_20260602_143011.csv] - INFO - Posicion: 265.52, 98.18, 1.681 | Velocidad: -0.9939337184424408, -0.10998074078302386
2026-06-02 14:30:29.307 - [robot_6_log_20260602_143011.csv] - INFO - None
2026-06-02 14:30:29.307 - [robot_6_log_20260602_143011.csv] - WARNING - Estado FSM: AVANZA | Target Wall: None | Target Theta: 0.00° |theta: 96.31420536149139 
2026-06-02 14:30:29.336 - [robot_6_log_20260602_143011.csv] - DEBUG - Incoming data. Topic 6/pos, mensaje {"x": 265.52, "y": 98.18, "yaw": 1.681, "timestamp": 1780403429.287914}
2026-06-02 14:30:29.336 - [robot_6_log_20260602_143011.csv] - DEBUG - Posición actualizada por visión: x=265.52, y=98.18, θ=1.68
2026-06-02 14:30:29.342 - [robot_6_log_20260602_143011.csv] - DEBUG - Frecuencia: 23.30 Hz | Latencia Red/Proc: 54.18 ms
2026-06-02 14:30:29.357 - [robot_6_log_20260602_143011.csv] - INFO - Usando posición VISION: x=265.52, y=98.18, θ=1.68
2026-06-02 14:30:29.357 - [robot_6_log_20260602_143011.csv] - INFO - Distancias a paredes: Left: 265.52, Right: 184.48, Top: 41.82, Bottom: 98.18
2026-06-02 14:30:29.357 - [robot_6_log_20260602_143011.csv] - INFO - Posicion: 265.52, 98.18, 1.681 | Velocidad: -0.9939337184424408, -0.10998074078302386
2026-06-02 14:30:29.357 - [robot_6_log_20260602_143011.csv] - INFO - None
2026-06-02 14:30:29.357 - [robot_6_log_20260602_143011.csv] - WARNING - Estado FSM: AVANZA | Target Wall: None | Target Theta: 0.00° |theta: 96.31420536149139 
2026-06-02 14:30:29.386 - [robot_6_log_20260602_143011.csv] - DEBUG - Incoming data. Topic 6/pos, mensaje {"x": 265.5, "y": 98.23, "yaw": 1.667, "timestamp": 1780403429.3783207}
2026-06-02 14:30:29.397 - [robot_6_log_20260602_143011.csv] - DEBUG - Posición actualizada por visión: x=265.50, y=98.23, θ=1.67
2026-06-02 14:30:29.397 - [robot_6_log_20260602_143011.csv] - DEBUG - Frecuencia: 18.20 Hz | Latencia Red/Proc: 18.73 ms
2026-06-02 14:30:29.407 - [robot_6_log_20260602_143011.csv] - INFO - Usando posición VISION: x=265.50, y=98.23, θ=1.67
2026-06-02 14:30:29.407 - [robot_6_log_20260602_143011.csv] - INFO - Distancias a paredes: Left: 265.50, Right: 184.50, Top: 41.77, Bottom: 98.23
2026-06-02 14:30:29.407 - [robot_6_log_20260602_143011.csv] - INFO - Posicion: 265.5, 98.23, 1.667 | Velocidad: -0.9953759946025762, -0.09605534534284021
2026-06-02 14:30:29.407 - [robot_6_log_20260602_143011.csv] - INFO - None
2026-06-02 14:30:29.407 - [robot_6_log_20260602_143011.csv] - DEBUG - Incoming data. Topic 6/pos, mensaje {"x": 265.5, "y": 98.23, "yaw": 1.667, "timestamp": 1780403429.3783207}
2026-06-02 14:30:29.407 - [robot_6_log_20260602_143011.csv] - WARNING - Estado FSM: AVANZA | Target Wall: None | Target Theta: 0.00° |theta: 95.51206444830824 
2026-06-02 14:30:29.407 - [robot_6_log_20260602_143011.csv] - DEBUG - Posición actualizada por visión: x=265.50, y=98.23, θ=1.67
2026-06-02 14:30:29.424 - [robot_6_log_20260602_143011.csv] - DEBUG - Frecuencia: 36.74 Hz | Latencia Red/Proc: 45.95 ms
2026-06-02 14:30:29.439 - [robot_6_log_20260602_143011.csv] - DEBUG - Incoming data. Topic 6/pos, mensaje {"x": 265.5, "y": 98.23, "yaw": 1.667, "timestamp": 1780403429.3880312}
2026-06-02 14:30:29.445 - [robot_6_log_20260602_143011.csv] - DEBUG - Posición actualizada por visión: x=265.50, y=98.23, θ=1.67
2026-06-02 14:30:29.450 - [robot_6_log_20260602_143011.csv] - DEBUG - Frecuencia: 38.13 Hz | Latencia Red/Proc: 62.47 ms
2026-06-02 14:30:29.457 - [robot_6_log_20260602_143011.csv] - INFO - Usando posición VISION: x=265.50, y=98.23, θ=1.67
2026-06-02 14:30:29.457 - [robot_6_log_20260602_143011.csv] - DEBUG - Incoming data. Topic agent/6/wheel, mensaje {"Wleft":1.657007864e-15,"Wright":-3.719247132e-16}
2026-06-02 14:30:29.457 - [robot_6_log_20260602_143011.csv] - INFO - Distancias a paredes: Left: 265.50, Right: 184.50, Top: 41.77, Bottom: 98.23
2026-06-02 14:30:29.457 - [robot_6_log_20260602_143011.csv] - INFO - Posicion: 265.5, 98.23, 1.667 | Velocidad: -0.9953759946025762, -0.09605534534284021
2026-06-02 14:30:29.457 - [robot_6_log_20260602_143011.csv] - INFO - None
2026-06-02 14:30:29.457 - [robot_6_log_20260602_143011.csv] - DEBUG - Incoming data. Topic 6/pos, mensaje {"x": 265.5, "y": 98.23, "yaw": 1.667, "timestamp": 1780403429.3880312}
2026-06-02 14:30:29.458 - [robot_6_log_20260602_143011.csv] - DEBUG - Posición actualizada por visión: x=265.50, y=98.23, θ=1.67
2026-06-02 14:30:29.458 - [robot_6_log_20260602_143011.csv] - DEBUG - Frecuencia: 132.24 Hz | Latencia Red/Proc: 70.03 ms
2026-06-02 14:30:29.457 - [robot_6_log_20260602_143011.csv] - WARNING - Estado FSM: AVANZA | Target Wall: None | Target Theta: 0.00° |theta: 95.51206444830824 
2026-06-02 14:30:29.482 - [robot_6_log_20260602_143011.csv] - DEBUG - Incoming data. Topic 6/pos, mensaje {"x": 265.49, "y": 98.23, "yaw": 1.674, "timestamp": 1780403429.4783762}
2026-06-02 14:30:29.482 - [robot_6_log_20260602_143011.csv] - DEBUG - Posición actualizada por visión: x=265.49, y=98.23, θ=1.67
2026-06-02 14:30:29.487 - [robot_6_log_20260602_143011.csv] - DEBUG - Frecuencia: 34.00 Hz | Latencia Red/Proc: 9.09 ms
2026-06-02 14:30:29.504 - [robot_6_log_20260602_143011.csv] - DEBUG - Incoming data. Topic 6/pos, mensaje {"x": 265.49, "y": 98.23, "yaw": 1.674, "timestamp": 1780403429.4783762}
2026-06-02 14:30:29.504 - [robot_6_log_20260602_143011.csv] - DEBUG - Posición actualizada por visión: x=265.49, y=98.23, θ=1.67
2026-06-02 14:30:29.507 - [robot_6_log_20260602_143011.csv] - INFO - Usando posición VISION: x=265.49, y=98.23, θ=1.67
2026-06-02 14:30:29.507 - [robot_6_log_20260602_143011.csv] - INFO - Distancias a paredes: Left: 265.49, Right: 184.51, Top: 41.77, Bottom: 98.23
2026-06-02 14:30:29.507 - [robot_6_log_20260602_143011.csv] - INFO - Posicion: 265.49, 98.23, 1.674 | Velocidad: -0.9946792260640379, -0.10302056705651848
2026-06-02 14:30:29.507 - [robot_6_log_20260602_143011.csv] - INFO - None
2026-06-02 14:30:29.507 - [robot_6_log_20260602_143011.csv] - DEBUG - Frecuencia: 49.49 Hz | Latencia Red/Proc: 29.30 ms
2026-06-02 14:30:29.508 - [robot_6_log_20260602_143011.csv] - DEBUG - Incoming data. Topic 6/pos, mensaje {"x": 265.49, "y": 98.23, "yaw": 1.674, "timestamp": 1780403429.4897165}
2026-06-02 14:30:29.507 - [robot_6_log_20260602_143011.csv] - WARNING - Estado FSM: AVANZA | Target Wall: None | Target Theta: 0.00° |theta: 95.9131349048998 
2026-06-02 14:30:29.508 - [robot_6_log_20260602_143011.csv] - DEBUG - Posición actualizada por visión: x=265.49, y=98.23, θ=1.67
2026-06-02 14:30:29.524 - [robot_6_log_20260602_143011.csv] - DEBUG - Frecuencia: 60.73 Hz | Latencia Red/Proc: 34.42 ms
2026-06-02 14:30:29.524 - [robot_6_log_20260602_143011.csv] - DEBUG - Incoming data. Topic 6/pos, mensaje {"x": 265.49, "y": 98.23, "yaw": 1.674, "timestamp": 1780403429.4897165}
2026-06-02 14:30:29.529 - [robot_6_log_20260602_143011.csv] - DEBUG - Posición actualizada por visión: x=265.49, y=98.23, θ=1.67
2026-06-02 14:30:29.535 - [robot_6_log_20260602_143011.csv] - DEBUG - Frecuencia: 86.61 Hz | Latencia Red/Proc: 45.97 ms
2026-06-02 14:30:29.535 - [robot_6_log_20260602_143011.csv] - DEBUG - Incoming data. Topic agent/6/wheel, mensaje {"Wleft":1.657007864e-15,"Wright":-3.719247132e-16}
2026-06-02 14:30:29.557 - [robot_6_log_20260602_143011.csv] - INFO - Usando posición VISION: x=265.49, y=98.23, θ=1.67
2026-06-02 14:30:29.557 - [robot_6_log_20260602_143011.csv] - INFO - Distancias a paredes: Left: 265.49, Right: 184.51, Top: 41.77, Bottom: 98.23
2026-06-02 14:30:29.557 - [robot_6_log_20260602_143011.csv] - INFO - Posicion: 265.49, 98.23, 1.674 | Velocidad: -0.9946792260640379, -0.10302056705651848
2026-06-02 14:30:29.557 - [robot_6_log_20260602_143011.csv] - INFO - None
2026-06-02 14:30:29.557 - [robot_6_log_20260602_143011.csv] - WARNING - Estado FSM: AVANZA | Target Wall: None | Target Theta: 0.00° |theta: 95.9131349048998 
2026-06-02 14:30:29.592 - [robot_6_log_20260602_143011.csv] - DEBUG - Incoming data. Topic 6/pos, mensaje {"x": 265.52, "y": 98.19, "yaw": 1.679, "timestamp": 1780403429.5769749}
2026-06-02 14:30:29.597 - [robot_6_log_20260602_143011.csv] - DEBUG - Posición actualizada por visión: x=265.52, y=98.19, θ=1.68
2026-06-02 14:30:29.607 - [robot_6_log_20260602_143011.csv] - INFO - Usando posición VISION: x=265.52, y=98.19, θ=1.68
2026-06-02 14:30:29.607 - [robot_6_log_20260602_143011.csv] - DEBUG - Frecuencia: 13.89 Hz | Latencia Red/Proc: 30.68 ms
2026-06-02 14:30:29.607 - [robot_6_log_20260602_143011.csv] - DEBUG - Incoming data. Topic 6/pos, mensaje {"x": 265.52, "y": 98.19, "yaw": 1.679, "timestamp": 1780403429.5769749}
2026-06-02 14:30:29.607 - [robot_6_log_20260602_143011.csv] - INFO - Distancias a paredes: Left: 265.52, Right: 184.48, Top: 41.81, Bottom: 98.19
2026-06-02 14:30:29.607 - [robot_6_log_20260602_143011.csv] - DEBUG - Posición actualizada por visión: x=265.52, y=98.19, θ=1.68
2026-06-02 14:30:29.608 - [robot_6_log_20260602_143011.csv] - DEBUG - Frecuencia: 2115.13 Hz | Latencia Red/Proc: 31.15 ms
2026-06-02 14:30:29.608 - [robot_6_log_20260602_143011.csv] - DEBUG - Incoming data. Topic 6/pos, mensaje {"x": 265.52, "y": 98.19, "yaw": 1.679, "timestamp": 1780403429.5861504}
2026-06-02 14:30:29.608 - [robot_6_log_20260602_143011.csv] - INFO - Posicion: 265.52, 98.19, 1.679 | Velocidad: -0.9941516919105917, -0.10799265470997543
2026-06-02 14:30:29.608 - [robot_6_log_20260602_143011.csv] - DEBUG - Posición actualizada por visión: x=265.52, y=98.19, θ=1.68
2026-06-02 14:30:29.608 - [robot_6_log_20260602_143011.csv] - DEBUG - Frecuencia: 6754.11 Hz | Latencia Red/Proc: 22.13 ms
2026-06-02 14:30:29.608 - [robot_6_log_20260602_143011.csv] - DEBUG - Incoming data. Topic agent/6/wheel, mensaje {"Wleft":1.657007864e-15,"Wright":-3.719247132e-16}
2026-06-02 14:30:29.608 - [robot_6_log_20260602_143011.csv] - INFO - None
2026-06-02 14:30:29.608 - [robot_6_log_20260602_143011.csv] - WARNING - Estado FSM: AVANZA | Target Wall: None | Target Theta: 0.00° |theta: 96.19961380246522 
2026-06-02 14:30:29.642 - [robot_6_log_20260602_143011.csv] - DEBUG - Incoming data. Topic 6/pos, mensaje {"x": 265.52, "y": 98.19, "yaw": 1.679, "timestamp": 1780403429.5861504}
2026-06-02 14:30:29.642 - [robot_6_log_20260602_143011.csv] - DEBUG - Posición actualizada por visión: x=265.52, y=98.19, θ=1.68
2026-06-02 14:30:29.647 - [robot_6_log_20260602_143011.csv] - DEBUG - Frecuencia: 25.51 Hz | Latencia Red/Proc: 61.32 ms
2026-06-02 14:30:29.657 - [robot_6_log_20260602_143011.csv] - INFO - Usando posición VISION: x=265.52, y=98.19, θ=1.68
2026-06-02 14:30:29.657 - [robot_6_log_20260602_143011.csv] - INFO - Distancias a paredes: Left: 265.52, Right: 184.48, Top: 41.81, Bottom: 98.19
2026-06-02 14:30:29.657 - [robot_6_log_20260602_143011.csv] - INFO - Posicion: 265.52, 98.19, 1.679 | Velocidad: -0.9941516919105917, -0.10799265470997543
2026-06-02 14:30:29.657 - [robot_6_log_20260602_143011.csv] - INFO - None
2026-06-02 14:30:29.657 - [robot_6_log_20260602_143011.csv] - WARNING - Estado FSM: AVANZA | Target Wall: None | Target Theta: 0.00° |theta: 96.19961380246522 
2026-06-02 14:30:29.682 - [robot_6_log_20260602_143011.csv] - DEBUG - Incoming data. Topic 6/pos, mensaje {"x": 265.52, "y": 98.19, "yaw": 1.682, "timestamp": 1780403429.6784167}
2026-06-02 14:30:29.687 - [robot_6_log_20260602_143011.csv] - DEBUG - Posición actualizada por visión: x=265.52, y=98.19, θ=1.68
2026-06-02 14:30:29.697 - [robot_6_log_20260602_143011.csv] - DEBUG - Frecuencia: 19.84 Hz | Latencia Red/Proc: 19.44 ms
2026-06-02 14:30:29.697 - [robot_6_log_20260602_143011.csv] - DEBUG - Incoming data. Topic 6/pos, mensaje {"x": 265.52, "y": 98.19, "yaw": 1.682, "timestamp": 1780403429.6784167}
2026-06-02 14:30:29.703 - [robot_6_log_20260602_143011.csv] - DEBUG - Posición actualizada por visión: x=265.52, y=98.19, θ=1.68
2026-06-02 14:30:29.703 - [robot_6_log_20260602_143011.csv] - DEBUG - Frecuencia: 188.49 Hz | Latencia Red/Proc: 24.75 ms
2026-06-02 14:30:29.703 - [robot_6_log_20260602_143011.csv] - DEBUG - Incoming data. Topic 6/pos, mensaje {"x": 265.52, "y": 98.19, "yaw": 1.682, "timestamp": 1780403429.68959}
2026-06-02 14:30:29.703 - [robot_6_log_20260602_143011.csv] - DEBUG - Posición actualizada por visión: x=265.52, y=98.19, θ=1.68
2026-06-02 14:30:29.703 - [robot_6_log_20260602_143011.csv] - DEBUG - Frecuencia: 11275.01 Hz | Latencia Red/Proc: 13.66 ms
2026-06-02 14:30:29.703 - [robot_6_log_20260602_143011.csv] - DEBUG - Incoming data. Topic 6/pos, mensaje {"x": 265.52, "y": 98.19, "yaw": 1.682, "timestamp": 1780403429.68959}
2026-06-02 14:30:29.707 - [robot_6_log_20260602_143011.csv] - DEBUG - Posición actualizada por visión: x=265.52, y=98.19, θ=1.68
2026-06-02 14:30:29.707 - [robot_6_log_20260602_143011.csv] - INFO - Usando posición VISION: x=265.52, y=98.19, θ=1.68
2026-06-02 14:30:29.707 - [robot_6_log_20260602_143011.csv] - DEBUG - Frecuencia: 228.77 Hz | Latencia Red/Proc: 18.04 ms
2026-06-02 14:30:29.707 - [robot_6_log_20260602_143011.csv] - INFO - Distancias a paredes: Left: 265.52, Right: 184.48, Top: 41.81, Bottom: 98.19
2026-06-02 14:30:29.707 - [robot_6_log_20260602_143011.csv] - INFO - Posicion: 265.52, 98.19, 1.682 | Velocidad: -0.9938232407531702, -0.11097461934544478
2026-06-02 14:30:29.707 - [robot_6_log_20260602_143011.csv] - INFO - None
2026-06-02 14:30:29.708 - [robot_6_log_20260602_143011.csv] - WARNING - Estado FSM: AVANZA | Target Wall: None | Target Theta: 0.00° |theta: 96.37150114100446 
2026-06-02 14:30:29.748 - [robot_6_log_20260602_143011.csv] - DEBUG - Incoming data. Topic agent/6/wheel, mensaje {"Wleft":1.657007864e-15,"Wright":-3.719247132e-16}
2026-06-02 14:30:29.757 - [robot_6_log_20260602_143011.csv] - INFO - Usando posición VISION: x=265.52, y=98.19, θ=1.68
2026-06-02 14:30:29.757 - [robot_6_log_20260602_143011.csv] - INFO - Distancias a paredes: Left: 265.52, Right: 184.48, Top: 41.81, Bottom: 98.19
2026-06-02 14:30:29.757 - [robot_6_log_20260602_143011.csv] - INFO - Posicion: 265.52, 98.19, 1.682 | Velocidad: -0.9938232407531702, -0.11097461934544478
2026-06-02 14:30:29.757 - [robot_6_log_20260602_143011.csv] - INFO - None
2026-06-02 14:30:29.757 - [robot_6_log_20260602_143011.csv] - WARNING - Estado FSM: AVANZA | Target Wall: None | Target Theta: 0.00° |theta: 96.37150114100446 
2026-06-02 14:30:29.786 - [robot_6_log_20260602_143011.csv] - DEBUG - Incoming data. Topic 6/pos, mensaje {"x": 265.48, "y": 98.23, "yaw": 1.672, "timestamp": 1780403429.7771945}
2026-06-02 14:30:29.786 - [robot_6_log_20260602_143011.csv] - DEBUG - Posición actualizada por visión: x=265.48, y=98.23, θ=1.67
2026-06-02 14:30:29.786 - [robot_6_log_20260602_143011.csv] - DEBUG - Frecuencia: 12.65 Hz | Latencia Red/Proc: 9.47 ms
2026-06-02 14:30:29.786 - [robot_6_log_20260602_143011.csv] - DEBUG - Incoming data. Topic 6/pos, mensaje {"x": 265.48, "y": 98.23, "yaw": 1.672, "timestamp": 1780403429.7771945}
2026-06-02 14:30:29.791 - [robot_6_log_20260602_143011.csv] - DEBUG - Posición actualizada por visión: x=265.48, y=98.23, θ=1.67
2026-06-02 14:30:29.791 - [robot_6_log_20260602_143011.csv] - DEBUG - Frecuencia: 192.62 Hz | Latencia Red/Proc: 14.66 ms
2026-06-02 14:30:29.791 - [robot_6_log_20260602_143011.csv] - DEBUG - Incoming data. Topic 6/pos, mensaje {"x": 265.48, "y": 98.23, "yaw": 1.672, "timestamp": 1780403429.7881036}
2026-06-02 14:30:29.792 - [robot_6_log_20260602_143011.csv] - DEBUG - Posición actualizada por visión: x=265.48, y=98.23, θ=1.67
2026-06-02 14:30:29.797 - [robot_6_log_20260602_143011.csv] - DEBUG - Frecuencia: 186.08 Hz | Latencia Red/Proc: 9.12 ms
2026-06-02 14:30:29.807 - [robot_6_log_20260602_143011.csv] - INFO - Usando posición VISION: x=265.48, y=98.23, θ=1.67
2026-06-02 14:30:29.807 - [robot_6_log_20260602_143011.csv] - INFO - Distancias a paredes: Left: 265.48, Right: 184.52, Top: 41.77, Bottom: 98.23
2026-06-02 14:30:29.807 - [robot_6_log_20260602_143011.csv] - INFO - Posicion: 265.48, 98.23, 1.672 | Velocidad: -0.9948832777030012, -0.10103100388956367
2026-06-02 14:30:29.807 - [robot_6_log_20260602_143011.csv] - INFO - None
2026-06-02 14:30:29.807 - [robot_6_log_20260602_143011.csv] - WARNING - Estado FSM: AVANZA | Target Wall: None | Target Theta: 0.00° |theta: 95.79854334587364 
2026-06-02 14:30:29.812 - [robot_6_log_20260602_143011.csv] - DEBUG - Incoming data. Topic 6/pos, mensaje {"x": 265.48, "y": 98.23, "yaw": 1.672, "timestamp": 1780403429.7881036}
2026-06-02 14:30:29.817 - [robot_6_log_20260602_143011.csv] - DEBUG - Posición actualizada por visión: x=265.48, y=98.23, θ=1.67
2026-06-02 14:30:29.824 - [robot_6_log_20260602_143011.csv] - DEBUG - Frecuencia: 37.27 Hz | Latencia Red/Proc: 35.95 ms
2026-06-02 14:30:29.835 - [robot_6_log_20260602_143011.csv] - DEBUG - Incoming data. Topic agent/6/wheel, mensaje {"Wleft":1.657007864e-15,"Wright":-3.719247132e-16}
2026-06-02 14:30:29.857 - [robot_6_log_20260602_143011.csv] - INFO - Usando posición VISION: x=265.48, y=98.23, θ=1.67
2026-06-02 14:30:29.857 - [robot_6_log_20260602_143011.csv] - INFO - Distancias a paredes: Left: 265.48, Right: 184.52, Top: 41.77, Bottom: 98.23
2026-06-02 14:30:29.857 - [robot_6_log_20260602_143011.csv] - INFO - Posicion: 265.48, 98.23, 1.672 | Velocidad: -0.9948832777030012, -0.10103100388956367
2026-06-02 14:30:29.857 - [robot_6_log_20260602_143011.csv] - INFO - None
2026-06-02 14:30:29.857 - [robot_6_log_20260602_143011.csv] - WARNING - Estado FSM: AVANZA | Target Wall: None | Target Theta: 0.00° |theta: 95.79854334587364 
2026-06-02 14:30:29.881 - [robot_6_log_20260602_143011.csv] - DEBUG - Incoming data. Topic 6/pos, mensaje {"x": 265.49, "y": 98.23, "yaw": 1.669, "timestamp": 1780403429.8783073}
2026-06-02 14:30:29.886 - [robot_6_log_20260602_143011.csv] - DEBUG - Posición actualizada por visión: x=265.49, y=98.23, θ=1.67
2026-06-02 14:30:29.891 - [robot_6_log_20260602_143011.csv] - DEBUG - Frecuencia: 14.73 Hz | Latencia Red/Proc: 13.64 ms
2026-06-02 14:30:29.907 - [robot_6_log_20260602_143011.csv] - INFO - Usando posición VISION: x=265.49, y=98.23, θ=1.67
2026-06-02 14:30:29.907 - [robot_6_log_20260602_143011.csv] - INFO - Distancias a paredes: Left: 265.49, Right: 184.51, Top: 41.77, Bottom: 98.23
2026-06-02 14:30:29.907 - [robot_6_log_20260602_143011.csv] - INFO - Posicion: 265.49, 98.23, 1.669 | Velocidad: -0.9951818932886386, -0.09804590389425098
2026-06-02 14:30:29.907 - [robot_6_log_20260602_143011.csv] - INFO - None
2026-06-02 14:30:29.907 - [robot_6_log_20260602_143011.csv] - DEBUG - Incoming data. Topic 6/pos, mensaje {"x": 265.49, "y": 98.23, "yaw": 1.669, "timestamp": 1780403429.8783073}
2026-06-02 14:30:29.907 - [robot_6_log_20260602_143011.csv] - WARNING - Estado FSM: AVANZA | Target Wall: None | Target Theta: 0.00° |theta: 95.6266560073344 
2026-06-02 14:30:29.907 - [robot_6_log_20260602_143011.csv] - DEBUG - Posición actualizada por visión: x=265.49, y=98.23, θ=1.67
2026-06-02 14:30:29.912 - [robot_6_log_20260602_143011.csv] - DEBUG - Frecuencia: 47.85 Hz | Latencia Red/Proc: 34.54 ms
2026-06-02 14:30:29.928 - [robot_6_log_20260602_143011.csv] - DEBUG - Incoming data. Topic 6/pos, mensaje {"x": 265.49, "y": 98.23, "yaw": 1.669, "timestamp": 1780403429.889421}
2026-06-02 14:30:29.933 - [robot_6_log_20260602_143011.csv] - DEBUG - Posición actualizada por visión: x=265.49, y=98.23, θ=1.67
2026-06-02 14:30:29.938 - [robot_6_log_20260602_143011.csv] - DEBUG - Frecuencia: 38.60 Hz | Latencia Red/Proc: 49.33 ms
2026-06-02 14:30:29.957 - [robot_6_log_20260602_143011.csv] - INFO - Usando posición VISION: x=265.49, y=98.23, θ=1.67
2026-06-02 14:30:29.957 - [robot_6_log_20260602_143011.csv] - DEBUG - Incoming data. Topic 6/pos, mensaje {"x": 265.49, "y": 98.23, "yaw": 1.669, "timestamp": 1780403429.889421}
2026-06-02 14:30:29.957 - [robot_6_log_20260602_143011.csv] - INFO - Distancias a paredes: Left: 265.49, Right: 184.51, Top: 41.77, Bottom: 98.23
2026-06-02 14:30:29.957 - [robot_6_log_20260602_143011.csv] - DEBUG - Posición actualizada por visión: x=265.49, y=98.23, θ=1.67
2026-06-02 14:30:29.957 - [robot_6_log_20260602_143011.csv] - INFO - Posicion: 265.49, 98.23, 1.669 | Velocidad: -0.9951818932886386, -0.09804590389425098
2026-06-02 14:30:29.958 - [robot_6_log_20260602_143011.csv] - INFO - None
2026-06-02 14:30:29.958 - [robot_6_log_20260602_143011.csv] - WARNING - Estado FSM: AVANZA | Target Wall: None | Target Theta: 0.00° |theta: 95.6266560073344 
2026-06-02 14:30:29.958 - [robot_6_log_20260602_143011.csv] - DEBUG - Frecuencia: 51.96 Hz | Latencia Red/Proc: 68.58 ms
2026-06-02 14:30:29.973 - [robot_6_log_20260602_143011.csv] - DEBUG - Incoming data. Topic agent/6/wheel, mensaje {"Wleft":1.657007864e-15,"Wright":-3.719247132e-16}
2026-06-02 14:30:29.978 - [robot_6_log_20260602_143011.csv] - DEBUG - Incoming data. Topic 6/pos, mensaje {"x": 265.49, "y": 98.24, "yaw": 1.667, "timestamp": 1780403429.9755614}
2026-06-02 14:30:29.983 - [robot_6_log_20260602_143011.csv] - DEBUG - Posición actualizada por visión: x=265.49, y=98.24, θ=1.67
2026-06-02 14:30:29.988 - [robot_6_log_20260602_143011.csv] - DEBUG - Frecuencia: 32.43 Hz | Latencia Red/Proc: 13.27 ms
2026-06-02 14:30:29.988 - [robot_6_log_20260602_143011.csv] - DEBUG - Incoming data. Topic 6/pos, mensaje {"x": 265.49, "y": 98.24, "yaw": 1.667, "timestamp": 1780403429.9755614}
2026-06-02 14:30:29.988 - [robot_6_log_20260602_143011.csv] - DEBUG - Posición actualizada por visión: x=265.49, y=98.24, θ=1.67
2026-06-02 14:30:29.994 - [robot_6_log_20260602_143011.csv] - DEBUG - Frecuencia: 192.27 Hz | Latencia Red/Proc: 18.47 ms
2026-06-02 14:30:29.999 - [robot_6_log_20260602_143011.csv] - DEBUG - Incoming data. Topic 6/pos, mensaje {"x": 265.49, "y": 98.24, "yaw": 1.667, "timestamp": 1780403429.986615}
2026-06-02 14:30:30.004 - [robot_6_log_20260602_143011.csv] - DEBUG - Posición actualizada por visión: x=265.49, y=98.24, θ=1.67
2026-06-02 14:30:30.004 - [robot_6_log_20260602_143011.csv] - DEBUG - Frecuencia: 97.61 Hz | Latencia Red/Proc: 17.66 ms
2026-06-02 14:30:30.007 - [robot_6_log_20260602_143011.csv] - INFO - Usando posición VISION: x=265.49, y=98.24, θ=1.67
2026-06-02 14:30:30.007 - [robot_6_log_20260602_143011.csv] - INFO - Distancias a paredes: Left: 265.49, Right: 184.51, Top: 41.76, Bottom: 98.24
2026-06-02 14:30:30.007 - [robot_6_log_20260602_143011.csv] - INFO - Posicion: 265.49, 98.24, 1.667 | Velocidad: -0.9953759946025762, -0.09605534534284021
2026-06-02 14:30:30.007 - [robot_6_log_20260602_143011.csv] - INFO - None
2026-06-02 14:30:30.007 - [robot_6_log_20260602_143011.csv] - WARNING - Estado FSM: AVANZA | Target Wall: None | Target Theta: 0.00° |theta: 95.51206444830824 
2026-06-02 14:30:30.024 - [robot_6_log_20260602_143011.csv] - DEBUG - Incoming data. Topic 6/pos, mensaje {"x": 265.49, "y": 98.24, "yaw": 1.667, "timestamp": 1780403429.986615}
2026-06-02 14:30:30.034 - [robot_6_log_20260602_143011.csv] - DEBUG - Posición actualizada por visión: x=265.49, y=98.24, θ=1.67
2026-06-02 14:30:30.034 - [robot_6_log_20260602_143011.csv] - DEBUG - Frecuencia: 32.99 Hz | Latencia Red/Proc: 47.98 ms
2026-06-02 14:30:30.057 - [robot_6_log_20260602_143011.csv] - INFO - Usando posición VISION: x=265.49, y=98.24, θ=1.67
2026-06-02 14:30:30.057 - [robot_6_log_20260602_143011.csv] - INFO - Distancias a paredes: Left: 265.49, Right: 184.51, Top: 41.76, Bottom: 98.24
2026-06-02 14:30:30.057 - [robot_6_log_20260602_143011.csv] - INFO - Posicion: 265.49, 98.24, 1.667 | Velocidad: -0.9953759946025762, -0.09605534534284021
2026-06-02 14:30:30.057 - [robot_6_log_20260602_143011.csv] - INFO - None
2026-06-02 14:30:30.057 - [robot_6_log_20260602_143011.csv] - WARNING - Estado FSM: AVANZA | Target Wall: None | Target Theta: 0.00° |theta: 95.51206444830824 
2026-06-02 14:30:30.057 - [robot_6_log_20260602_143011.csv] - DEBUG - Incoming data. Topic agent/6/wheel, mensaje {"Wleft":1.657007864e-15,"Wright":-3.719247132e-16}
2026-06-02 14:30:30.085 - [robot_6_log_20260602_143011.csv] - DEBUG - Incoming data. Topic 6/pos, mensaje {"x": 265.51, "y": 98.21, "yaw": 1.681, "timestamp": 1780403430.07738}
2026-06-02 14:30:30.090 - [robot_6_log_20260602_143011.csv] - DEBUG - Posición actualizada por visión: x=265.51, y=98.21, θ=1.68
2026-06-02 14:30:30.095 - [robot_6_log_20260602_143011.csv] - DEBUG - Frecuencia: 16.38 Hz | Latencia Red/Proc: 18.27 ms
2026-06-02 14:30:30.107 - [robot_6_log_20260602_143011.csv] - INFO - Usando posición VISION: x=265.51, y=98.21, θ=1.68
2026-06-02 14:30:30.107 - [robot_6_log_20260602_143011.csv] - INFO - Distancias a paredes: Left: 265.51, Right: 184.49, Top: 41.79, Bottom: 98.21
2026-06-02 14:30:30.107 - [robot_6_log_20260602_143011.csv] - INFO - Posicion: 265.51, 98.21, 1.681 | Velocidad: -0.9939337184424408, -0.10998074078302386
2026-06-02 14:30:30.107 - [robot_6_log_20260602_143011.csv] - INFO - None
2026-06-02 14:30:30.107 - [robot_6_log_20260602_143011.csv] - DEBUG - Incoming data. Topic 6/pos, mensaje {"x": 265.51, "y": 98.21, "yaw": 1.681, "timestamp": 1780403430.07738}
2026-06-02 14:30:30.107 - [robot_6_log_20260602_143011.csv] - WARNING - Estado FSM: AVANZA | Target Wall: None | Target Theta: 0.00° |theta: 96.31420536149139 
2026-06-02 14:30:30.107 - [robot_6_log_20260602_143011.csv] - DEBUG - Posición actualizada por visión: x=265.51, y=98.21, θ=1.68
2026-06-02 14:30:30.118 - [robot_6_log_20260602_143011.csv] - DEBUG - Frecuencia: 42.96 Hz | Latencia Red/Proc: 41.55 ms
2026-06-02 14:30:30.129 - [robot_6_log_20260602_143011.csv] - DEBUG - Incoming data. Topic 6/pos, mensaje {"x": 265.51, "y": 98.21, "yaw": 1.681, "timestamp": 1780403430.0883281}
2026-06-02 14:30:30.134 - [robot_6_log_20260602_143011.csv] - DEBUG - Posición actualizada por visión: x=265.51, y=98.21, θ=1.68
2026-06-02 14:30:30.134 - [robot_6_log_20260602_143011.csv] - DEBUG - Frecuencia: 64.96 Hz | Latencia Red/Proc: 45.99 ms
2026-06-02 14:30:30.134 - [robot_6_log_20260602_143011.csv] - DEBUG - Incoming data. Topic 6/pos, mensaje {"x": 265.51, "y": 98.21, "yaw": 1.681, "timestamp": 1780403430.0883281}
2026-06-02 14:30:30.134 - [robot_6_log_20260602_143011.csv] - DEBUG - Posición actualizada por visión: x=265.51, y=98.21, θ=1.68
2026-06-02 14:30:30.134 - [robot_6_log_20260602_143011.csv] - DEBUG - Frecuencia: 17549.39 Hz | Latencia Red/Proc: 46.05 ms
2026-06-02 14:30:30.139 - [robot_6_log_20260602_143011.csv] - DEBUG - Incoming data. Topic agent/6/wheel, mensaje {"Wleft":1.657007864e-15,"Wright":-3.719247132e-16}
2026-06-02 14:30:30.157 - [robot_6_log_20260602_143011.csv] - INFO - Usando posición VISION: x=265.51, y=98.21, θ=1.68
2026-06-02 14:30:30.157 - [robot_6_log_20260602_143011.csv] - INFO - Distancias a paredes: Left: 265.51, Right: 184.49, Top: 41.79, Bottom: 98.21
2026-06-02 14:30:30.157 - [robot_6_log_20260602_143011.csv] - INFO - Posicion: 265.51, 98.21, 1.681 | Velocidad: -0.9939337184424408, -0.10998074078302386
2026-06-02 14:30:30.157 - [robot_6_log_20260602_143011.csv] - INFO - None
2026-06-02 14:30:30.157 - [robot_6_log_20260602_143011.csv] - WARNING - Estado FSM: AVANZA | Target Wall: None | Target Theta: 0.00° |theta: 96.31420536149139 
2026-06-02 14:30:30.182 - [robot_6_log_20260602_143011.csv] - DEBUG - Incoming data. Topic 6/pos, mensaje {"x": 265.52, "y": 98.19, "yaw": 1.68, "timestamp": 1780403430.1772985}
2026-06-02 14:30:30.182 - [robot_6_log_20260602_143011.csv] - DEBUG - Posición actualizada por visión: x=265.52, y=98.19, θ=1.68
2026-06-02 14:30:30.182 - [robot_6_log_20260602_143011.csv] - DEBUG - Frecuencia: 20.82 Hz | Latencia Red/Proc: 5.12 ms
2026-06-02 14:30:30.182 - [robot_6_log_20260602_143011.csv] - DEBUG - Incoming data. Topic 6/pos, mensaje {"x": 265.52, "y": 98.19, "yaw": 1.68, "timestamp": 1780403430.1772985}
2026-06-02 14:30:30.187 - [robot_6_log_20260602_143011.csv] - DEBUG - Posición actualizada por visión: x=265.52, y=98.19, θ=1.68
2026-06-02 14:30:30.192 - [robot_6_log_20260602_143011.csv] - DEBUG - Frecuencia: 96.92 Hz | Latencia Red/Proc: 15.43 ms
2026-06-02 14:30:30.192 - [robot_6_log_20260602_143011.csv] - DEBUG - Incoming data. Topic 6/pos, mensaje {"x": 265.52, "y": 98.19, "yaw": 1.68, "timestamp": 1780403430.1883614}
2026-06-02 14:30:30.192 - [robot_6_log_20260602_143011.csv] - DEBUG - Posición actualizada por visión: x=265.52, y=98.19, θ=1.68
2026-06-02 14:30:30.192 - [robot_6_log_20260602_143011.csv] - DEBUG - Frecuencia: 8719.97 Hz | Latencia Red/Proc: 4.49 ms
2026-06-02 14:30:30.192 - [robot_6_log_20260602_143011.csv] - DEBUG - Incoming data. Topic 6/pos, mensaje {"x": 265.52, "y": 98.19, "yaw": 1.68, "timestamp": 1780403430.1883614}
2026-06-02 14:30:30.192 - [robot_6_log_20260602_143011.csv] - DEBUG - Posición actualizada por visión: x=265.52, y=98.19, θ=1.68
2026-06-02 14:30:30.192 - [robot_6_log_20260602_143011.csv] - DEBUG - Frecuencia: 13025.79 Hz | Latencia Red/Proc: 4.56 ms
2026-06-02 14:30:30.207 - [robot_6_log_20260602_143011.csv] - INFO - Usando posición VISION: x=265.52, y=98.19, θ=1.68
2026-06-02 14:30:30.207 - [robot_6_log_20260602_143011.csv] - INFO - Distancias a paredes: Left: 265.52, Right: 184.48, Top: 41.81, Bottom: 98.19
2026-06-02 14:30:30.207 - [robot_6_log_20260602_143011.csv] - INFO - Posicion: 265.52, 98.19, 1.68 | Velocidad: -0.994043202198076, -0.10898675223987112
2026-06-02 14:30:30.207 - [robot_6_log_20260602_143011.csv] - INFO - None
2026-06-02 14:30:30.207 - [robot_6_log_20260602_143011.csv] - WARNING - Estado FSM: AVANZA | Target Wall: None | Target Theta: 0.00° |theta: 96.2569095819783 
2026-06-02 14:30:30.255 - [robot_6_log_20260602_143011.csv] - DEBUG - Incoming data. Topic agent/6/wheel, mensaje {"Wleft":1.657007864e-15,"Wright":-3.719247132e-16}
2026-06-02 14:30:30.257 - [robot_6_log_20260602_143011.csv] - INFO - Usando posición VISION: x=265.52, y=98.19, θ=1.68
2026-06-02 14:30:30.257 - [robot_6_log_20260602_143011.csv] - INFO - Distancias a paredes: Left: 265.52, Right: 184.48, Top: 41.81, Bottom: 98.19
2026-06-02 14:30:30.257 - [robot_6_log_20260602_143011.csv] - INFO - Posicion: 265.52, 98.19, 1.68 | Velocidad: -0.994043202198076, -0.10898675223987112
2026-06-02 14:30:30.257 - [robot_6_log_20260602_143011.csv] - INFO - None
2026-06-02 14:30:30.257 - [robot_6_log_20260602_143011.csv] - WARNING - Estado FSM: AVANZA | Target Wall: None | Target Theta: 0.00° |theta: 96.2569095819783 
2026-06-02 14:30:30.280 - [robot_6_log_20260602_143011.csv] - DEBUG - Incoming data. Topic 6/pos, mensaje {"x": 265.48, "y": 98.24, "yaw": 1.674, "timestamp": 1780403430.2750118}
2026-06-02 14:30:30.285 - [robot_6_log_20260602_143011.csv] - DEBUG - Posición actualizada por visión: x=265.48, y=98.24, θ=1.67
2026-06-02 14:30:30.291 - [robot_6_log_20260602_143011.csv] - DEBUG - Frecuencia: 10.10 Hz | Latencia Red/Proc: 16.93 ms
2026-06-02 14:30:30.302 - [robot_6_log_20260602_143011.csv] - DEBUG - Incoming data. Topic 6/pos, mensaje {"x": 265.48, "y": 98.24, "yaw": 1.674, "timestamp": 1780403430.2750118}
2026-06-02 14:30:30.307 - [robot_6_log_20260602_143011.csv] - DEBUG - Posición actualizada por visión: x=265.48, y=98.24, θ=1.67
2026-06-02 14:30:30.307 - [robot_6_log_20260602_143011.csv] - DEBUG - Frecuencia: 65.39 Hz | Latencia Red/Proc: 32.22 ms
2026-06-02 14:30:30.307 - [robot_6_log_20260602_143011.csv] - DEBUG - Incoming data. Topic 6/pos, mensaje {"x": 265.48, "y": 98.24, "yaw": 1.674, "timestamp": 1780403430.2839928}
2026-06-02 14:30:30.307 - [robot_6_log_20260602_143011.csv] - DEBUG - Posición actualizada por visión: x=265.48, y=98.24, θ=1.67
2026-06-02 14:30:30.307 - [robot_6_log_20260602_143011.csv] - DEBUG - Frecuencia: 23563.51 Hz | Latencia Red/Proc: 23.28 ms
2026-06-02 14:30:30.307 - [robot_6_log_20260602_143011.csv] - DEBUG - Incoming data. Topic 6/pos, mensaje {"x": 265.48, "y": 98.24, "yaw": 1.674, "timestamp": 1780403430.2839928}
2026-06-02 14:30:30.307 - [robot_6_log_20260602_143011.csv] - DEBUG - Posición actualizada por visión: x=265.48, y=98.24, θ=1.67
2026-06-02 14:30:30.307 - [robot_6_log_20260602_143011.csv] - INFO - Usando posición VISION: x=265.48, y=98.24, θ=1.67
2026-06-02 14:30:30.307 - [robot_6_log_20260602_143011.csv] - DEBUG - Frecuencia: 3998.38 Hz | Latencia Red/Proc: 23.53 ms
2026-06-02 14:30:30.307 - [robot_6_log_20260602_143011.csv] - INFO - Distancias a paredes: Left: 265.48, Right: 184.52, Top: 41.76, Bottom: 98.24
2026-06-02 14:30:30.307 - [robot_6_log_20260602_143011.csv] - INFO - Posicion: 265.48, 98.24, 1.674 | Velocidad: -0.9946792260640379, -0.10302056705651848
2026-06-02 14:30:30.307 - [robot_6_log_20260602_143011.csv] - INFO - None
2026-06-02 14:30:30.307 - [robot_6_log_20260602_143011.csv] - WARNING - Estado FSM: AVANZA | Target Wall: None | Target Theta: 0.00° |theta: 95.9131349048998 
2026-06-02 14:30:30.325 - [robot_6_log_20260602_143011.csv] - DEBUG - Incoming data. Topic agent/6/wheel, mensaje {"Wleft":1.657007864e-15,"Wright":-3.719247132e-16}
2026-06-02 14:30:30.357 - [robot_6_log_20260602_143011.csv] - INFO - Usando posición VISION: x=265.48, y=98.24, θ=1.67
2026-06-02 14:30:30.357 - [robot_6_log_20260602_143011.csv] - INFO - Distancias a paredes: Left: 265.48, Right: 184.52, Top: 41.76, Bottom: 98.24
2026-06-02 14:30:30.357 - [robot_6_log_20260602_143011.csv] - INFO - Posicion: 265.48, 98.24, 1.674 | Velocidad: -0.9946792260640379, -0.10302056705651848
2026-06-02 14:30:30.357 - [robot_6_log_20260602_143011.csv] - INFO - None
2026-06-02 14:30:30.357 - [robot_6_log_20260602_143011.csv] - WARNING - Estado FSM: AVANZA | Target Wall: None | Target Theta: 0.00° |theta: 95.9131349048998 
2026-06-02 14:30:30.393 - [robot_6_log_20260602_143011.csv] - DEBUG - Incoming data. Topic 6/pos, mensaje {"x": 265.52, "y": 98.2, "yaw": 1.679, "timestamp": 1780403430.378047}
2026-06-02 14:30:30.398 - [robot_6_log_20260602_143011.csv] - DEBUG - Posición actualizada por visión: x=265.52, y=98.20, θ=1.68
2026-06-02 14:30:30.398 - [robot_6_log_20260602_143011.csv] - DEBUG - Frecuencia: 10.96 Hz | Latencia Red/Proc: 20.72 ms
2026-06-02 14:30:30.398 - [robot_6_log_20260602_143011.csv] - DEBUG - Incoming data. Topic 6/pos, mensaje {"x": 265.52, "y": 98.2, "yaw": 1.679, "timestamp": 1780403430.378047}
2026-06-02 14:30:30.398 - [robot_6_log_20260602_143011.csv] - DEBUG - Posición actualizada por visión: x=265.52, y=98.20, θ=1.68
2026-06-02 14:30:30.398 - [robot_6_log_20260602_143011.csv] - DEBUG - Frecuencia: 21845.33 Hz | Latencia Red/Proc: 20.77 ms
2026-06-02 14:30:30.398 - [robot_6_log_20260602_143011.csv] - DEBUG - Incoming data. Topic 6/pos, mensaje {"x": 265.52, "y": 98.2, "yaw": 1.679, "timestamp": 1780403430.3886068}
2026-06-02 14:30:30.398 - [robot_6_log_20260602_143011.csv] - DEBUG - Posición actualizada por visión: x=265.52, y=98.20, θ=1.68
2026-06-02 14:30:30.398 - [robot_6_log_20260602_143011.csv] - DEBUG - Frecuencia: 25890.77 Hz | Latencia Red/Proc: 10.25 ms
2026-06-02 14:30:30.398 - [robot_6_log_20260602_143011.csv] - DEBUG - Incoming data. Topic 6/pos, mensaje {"x": 265.52, "y": 98.2, "yaw": 1.679, "timestamp": 1780403430.3886068}
2026-06-02 14:30:30.398 - [robot_6_log_20260602_143011.csv] - DEBUG - Posición actualizada por visión: x=265.52, y=98.20, θ=1.68
2026-06-02 14:30:30.398 - [robot_6_log_20260602_143011.csv] - DEBUG - Frecuencia: 26214.40 Hz | Latencia Red/Proc: 10.29 ms
2026-06-02 14:30:30.407 - [robot_6_log_20260602_143011.csv] - INFO - Usando posición VISION: x=265.52, y=98.20, θ=1.68
2026-06-02 14:30:30.407 - [robot_6_log_20260602_143011.csv] - INFO - Distancias a paredes: Left: 265.52, Right: 184.48, Top: 41.80, Bottom: 98.20
2026-06-02 14:30:30.407 - [robot_6_log_20260602_143011.csv] - INFO - Posicion: 265.52, 98.2, 1.679 | Velocidad: -0.9941516919105917, -0.10799265470997543
2026-06-02 14:30:30.407 - [robot_6_log_20260602_143011.csv] - INFO - None
2026-06-02 14:30:30.407 - [robot_6_log_20260602_143011.csv] - WARNING - Estado FSM: AVANZA | Target Wall: None | Target Theta: 0.00° |theta: 96.19961380246522 
2026-06-02 14:30:30.447 - [robot_6_log_20260602_143011.csv] - DEBUG - Incoming data. Topic agent/6/wheel, mensaje {"Wleft":1.657007864e-15,"Wright":-3.719247132e-16}
2026-06-02 14:30:30.457 - [robot_6_log_20260602_143011.csv] - INFO - Usando posición VISION: x=265.52, y=98.20, θ=1.68
2026-06-02 14:30:30.457 - [robot_6_log_20260602_143011.csv] - INFO - Distancias a paredes: Left: 265.52, Right: 184.48, Top: 41.80, Bottom: 98.20
2026-06-02 14:30:30.457 - [robot_6_log_20260602_143011.csv] - INFO - Posicion: 265.52, 98.2, 1.679 | Velocidad: -0.9941516919105917, -0.10799265470997543
2026-06-02 14:30:30.457 - [robot_6_log_20260602_143011.csv] - INFO - None
2026-06-02 14:30:30.457 - [robot_6_log_20260602_143011.csv] - WARNING - Estado FSM: AVANZA | Target Wall: None | Target Theta: 0.00° |theta: 96.19961380246522 
2026-06-02 14:30:30.476 - [robot_6_log_20260602_143011.csv] - DEBUG - Incoming data. Topic 6/pos, mensaje {"x": 265.48, "y": 98.22, "yaw": 1.674, "timestamp": 1780403430.4743621}
2026-06-02 14:30:30.476 - [robot_6_log_20260602_143011.csv] - DEBUG - Posición actualizada por visión: x=265.48, y=98.22, θ=1.67
2026-06-02 14:30:30.476 - [robot_6_log_20260602_143011.csv] - DEBUG - Frecuencia: 12.94 Hz | Latencia Red/Proc: 1.78 ms
2026-06-02 14:30:30.476 - [robot_6_log_20260602_143011.csv] - DEBUG - Incoming data. Topic 6/pos, mensaje {"x": 265.48, "y": 98.22, "yaw": 1.674, "timestamp": 1780403430.4743621}
2026-06-02 14:30:30.476 - [robot_6_log_20260602_143011.csv] - DEBUG - Posición actualizada por visión: x=265.48, y=98.22, θ=1.67
2026-06-02 14:30:30.481 - [robot_6_log_20260602_143011.csv] - DEBUG - Frecuencia: 193.76 Hz | Latencia Red/Proc: 6.94 ms
2026-06-02 14:30:30.487 - [robot_6_log_20260602_143011.csv] - DEBUG - Incoming data. Topic 6/pos, mensaje {"x": 265.48, "y": 98.22, "yaw": 1.674, "timestamp": 1780403430.4825332}
2026-06-02 14:30:30.492 - [robot_6_log_20260602_143011.csv] - DEBUG - Posición actualizada por visión: x=265.48, y=98.22, θ=1.67
2026-06-02 14:30:30.492 - [robot_6_log_20260602_143011.csv] - DEBUG - Frecuencia: 87.77 Hz | Latencia Red/Proc: 10.17 ms
2026-06-02 14:30:30.492 - [robot_6_log_20260602_143011.csv] - DEBUG - Incoming data. Topic 6/pos, mensaje {"x": 265.48, "y": 98.22, "yaw": 1.674, "timestamp": 1780403430.4825332}
2026-06-02 14:30:30.492 - [robot_6_log_20260602_143011.csv] - DEBUG - Posición actualizada por visión: x=265.48, y=98.22, θ=1.67
2026-06-02 14:30:30.492 - [robot_6_log_20260602_143011.csv] - DEBUG - Frecuencia: 11491.24 Hz | Latencia Red/Proc: 10.25 ms
2026-06-02 14:30:30.507 - [robot_6_log_20260602_143011.csv] - INFO - Usando posición VISION: x=265.48, y=98.22, θ=1.67
2026-06-02 14:30:30.507 - [robot_6_log_20260602_143011.csv] - INFO - Distancias a paredes: Left: 265.48, Right: 184.52, Top: 41.78, Bottom: 98.22
2026-06-02 14:30:30.507 - [robot_6_log_20260602_143011.csv] - INFO - Posicion: 265.48, 98.22, 1.674 | Velocidad: -0.9946792260640379, -0.10302056705651848
2026-06-02 14:30:30.507 - [robot_6_log_20260602_143011.csv] - INFO - None
2026-06-02 14:30:30.507 - [robot_6_log_20260602_143011.csv] - WARNING - Estado FSM: AVANZA | Target Wall: None | Target Theta: 0.00° |theta: 95.9131349048998 
2026-06-02 14:30:30.555 - [robot_6_log_20260602_143011.csv] - DEBUG - Incoming data. Topic agent/6/wheel, mensaje {"Wleft":1.657007864e-15,"Wright":-3.719247132e-16}
2026-06-02 14:30:30.557 - [robot_6_log_20260602_143011.csv] - INFO - Usando posición VISION: x=265.48, y=98.22, θ=1.67
2026-06-02 14:30:30.557 - [robot_6_log_20260602_143011.csv] - INFO - Distancias a paredes: Left: 265.48, Right: 184.52, Top: 41.78, Bottom: 98.22
2026-06-02 14:30:30.557 - [robot_6_log_20260602_143011.csv] - INFO - Posicion: 265.48, 98.22, 1.674 | Velocidad: -0.9946792260640379, -0.10302056705651848
2026-06-02 14:30:30.557 - [robot_6_log_20260602_143011.csv] - INFO - None
2026-06-02 14:30:30.557 - [robot_6_log_20260602_143011.csv] - WARNING - Estado FSM: AVANZA | Target Wall: None | Target Theta: 0.00° |theta: 95.9131349048998 
2026-06-02 14:30:30.576 - [robot_6_log_20260602_143011.csv] - DEBUG - Incoming data. Topic 6/pos, mensaje {"x": 265.49, "y": 98.26, "yaw": 1.668, "timestamp": 1780403430.5747874}
2026-06-02 14:30:30.576 - [robot_6_log_20260602_143011.csv] - DEBUG - Posición actualizada por visión: x=265.49, y=98.26, θ=1.67
2026-06-02 14:30:30.576 - [robot_6_log_20260602_143011.csv] - DEBUG - Frecuencia: 11.99 Hz | Latencia Red/Proc: 1.38 ms
2026-06-02 14:30:30.576 - [robot_6_log_20260602_143011.csv] - DEBUG - Incoming data. Topic 6/pos, mensaje {"x": 265.49, "y": 98.26, "yaw": 1.668, "timestamp": 1780403430.5747874}
2026-06-02 14:30:30.576 - [robot_6_log_20260602_143011.csv] - DEBUG - Posición actualizada por visión: x=265.49, y=98.26, θ=1.67
2026-06-02 14:30:30.576 - [robot_6_log_20260602_143011.csv] - DEBUG - Frecuencia: 11184.81 Hz | Latencia Red/Proc: 1.47 ms
2026-06-02 14:30:30.588 - [robot_6_log_20260602_143011.csv] - DEBUG - Incoming data. Topic 6/pos, mensaje {"x": 265.49, "y": 98.26, "yaw": 1.668, "timestamp": 1780403430.5833902}
2026-06-02 14:30:30.593 - [robot_6_log_20260602_143011.csv] - DEBUG - Posición actualizada por visión: x=265.49, y=98.26, θ=1.67
2026-06-02 14:30:30.599 - [robot_6_log_20260602_143011.csv] - DEBUG - Frecuencia: 42.64 Hz | Latencia Red/Proc: 16.31 ms
2026-06-02 14:30:30.604 - [robot_6_log_20260602_143011.csv] - DEBUG - Incoming data. Topic 6/pos, mensaje {"x": 265.49, "y": 98.26, "yaw": 1.668, "timestamp": 1780403430.5833902}
2026-06-02 14:30:30.607 - [robot_6_log_20260602_143011.csv] - INFO - Usando posición VISION: x=265.49, y=98.26, θ=1.67
2026-06-02 14:30:30.607 - [robot_6_log_20260602_143011.csv] - INFO - Distancias a paredes: Left: 265.49, Right: 184.51, Top: 41.74, Bottom: 98.26
2026-06-02 14:30:30.607 - [robot_6_log_20260602_143011.csv] - INFO - Posicion: 265.49, 98.26, 1.668 | Velocidad: -0.9952794415852867, -0.09705067314387801
2026-06-02 14:30:30.607 - [robot_6_log_20260602_143011.csv] - INFO - None
2026-06-02 14:30:30.607 - [robot_6_log_20260602_143011.csv] - DEBUG - Posición actualizada por visión: x=265.49, y=98.26, θ=1.67
2026-06-02 14:30:30.607 - [robot_6_log_20260602_143011.csv] - WARNING - Estado FSM: AVANZA | Target Wall: None | Target Theta: 0.00° |theta: 95.5693602278213 
2026-06-02 14:30:30.607 - [robot_6_log_20260602_143011.csv] - DEBUG - Frecuencia: 122.92 Hz | Latencia Red/Proc: 24.45 ms
2026-06-02 14:30:30.634 - [robot_6_log_20260602_143011.csv] - DEBUG - Incoming data. Topic agent/6/wheel, mensaje {"Wleft":1.657007864e-15,"Wright":-3.719247132e-16}
2026-06-02 14:30:30.657 - [robot_6_log_20260602_143011.csv] - INFO - Usando posición VISION: x=265.49, y=98.26, θ=1.67
2026-06-02 14:30:30.657 - [robot_6_log_20260602_143011.csv] - INFO - Distancias a paredes: Left: 265.49, Right: 184.51, Top: 41.74, Bottom: 98.26
2026-06-02 14:30:30.657 - [robot_6_log_20260602_143011.csv] - INFO - Posicion: 265.49, 98.26, 1.668 | Velocidad: -0.9952794415852867, -0.09705067314387801
2026-06-02 14:30:30.657 - [robot_6_log_20260602_143011.csv] - INFO - None
2026-06-02 14:30:30.657 - [robot_6_log_20260602_143011.csv] - WARNING - Estado FSM: AVANZA | Target Wall: None | Target Theta: 0.00° |theta: 95.5693602278213 
2026-06-02 14:30:30.687 - [robot_6_log_20260602_143011.csv] - DEBUG - Incoming data. Topic 6/pos, mensaje {"x": 265.48, "y": 98.25, "yaw": 1.669, "timestamp": 1780403430.6780102}
2026-06-02 14:30:30.687 - [robot_6_log_20260602_143011.csv] - DEBUG - Posición actualizada por visión: x=265.48, y=98.25, θ=1.67
2026-06-02 14:30:30.687 - [robot_6_log_20260602_143011.csv] - DEBUG - Frecuencia: 12.58 Hz | Latencia Red/Proc: 9.31 ms
2026-06-02 14:30:30.687 - [robot_6_log_20260602_143011.csv] - DEBUG - Incoming data. Topic 6/pos, mensaje {"x": 265.48, "y": 98.25, "yaw": 1.669, "timestamp": 1780403430.6780102}
2026-06-02 14:30:30.692 - [robot_6_log_20260602_143011.csv] - DEBUG - Posición actualizada por visión: x=265.48, y=98.25, θ=1.67
2026-06-02 14:30:30.693 - [robot_6_log_20260602_143011.csv] - DEBUG - Frecuencia: 176.21 Hz | Latencia Red/Proc: 14.99 ms
2026-06-02 14:30:30.707 - [robot_6_log_20260602_143011.csv] - INFO - Usando posición VISION: x=265.48, y=98.25, θ=1.67
2026-06-02 14:30:30.707 - [robot_6_log_20260602_143011.csv] - INFO - Distancias a paredes: Left: 265.48, Right: 184.52, Top: 41.75, Bottom: 98.25
2026-06-02 14:30:30.707 - [robot_6_log_20260602_143011.csv] - INFO - Posicion: 265.48, 98.25, 1.669 | Velocidad: -0.9951818932886386, -0.09804590389425098
2026-06-02 14:30:30.707 - [robot_6_log_20260602_143011.csv] - INFO - None
2026-06-02 14:30:30.707 - [robot_6_log_20260602_143011.csv] - WARNING - Estado FSM: AVANZA | Target Wall: None | Target Theta: 0.00° |theta: 95.6266560073344 
2026-06-02 14:30:30.719 - [robot_6_log_20260602_143011.csv] - DEBUG - Incoming data. Topic 6/pos, mensaje {"x": 265.48, "y": 98.25, "yaw": 1.669, "timestamp": 1780403430.6889353}
2026-06-02 14:30:30.719 - [robot_6_log_20260602_143011.csv] - DEBUG - Posición actualizada por visión: x=265.48, y=98.25, θ=1.67
2026-06-02 14:30:30.724 - [robot_6_log_20260602_143011.csv] - DEBUG - Frecuencia: 31.62 Hz | Latencia Red/Proc: 35.69 ms
2026-06-02 14:30:30.724 - [robot_6_log_20260602_143011.csv] - DEBUG - Incoming data. Topic 6/pos, mensaje {"x": 265.48, "y": 98.25, "yaw": 1.669, "timestamp": 1780403430.6889353}
2026-06-02 14:30:30.724 - [robot_6_log_20260602_143011.csv] - DEBUG - Posición actualizada por visión: x=265.48, y=98.25, θ=1.67
2026-06-02 14:30:30.724 - [robot_6_log_20260602_143011.csv] - DEBUG - Frecuencia: 3938.31 Hz | Latencia Red/Proc: 35.94 ms
2026-06-02 14:30:30.749 - [robot_6_log_20260602_143011.csv] - DEBUG - Incoming data. Topic agent/6/wheel, mensaje {"Wleft":1.657007864e-15,"Wright":-3.719247132e-16}
2026-06-02 14:30:30.757 - [robot_6_log_20260602_143011.csv] - INFO - Usando posición VISION: x=265.48, y=98.25, θ=1.67
2026-06-02 14:30:30.757 - [robot_6_log_20260602_143011.csv] - INFO - Distancias a paredes: Left: 265.48, Right: 184.52, Top: 41.75, Bottom: 98.25
2026-06-02 14:30:30.757 - [robot_6_log_20260602_143011.csv] - INFO - Posicion: 265.48, 98.25, 1.669 | Velocidad: -0.9951818932886386, -0.09804590389425098
2026-06-02 14:30:30.757 - [robot_6_log_20260602_143011.csv] - INFO - None
2026-06-02 14:30:30.757 - [robot_6_log_20260602_143011.csv] - WARNING - Estado FSM: AVANZA | Target Wall: None | Target Theta: 0.00° |theta: 95.6266560073344 
2026-06-02 14:30:30.782 - [robot_6_log_20260602_143011.csv] - DEBUG - Incoming data. Topic 6/pos, mensaje {"x": 265.47, "y": 98.25, "yaw": 1.675, "timestamp": 1780403430.7773209}
2026-06-02 14:30:30.787 - [robot_6_log_20260602_143011.csv] - DEBUG - Posición actualizada por visión: x=265.47, y=98.25, θ=1.68
2026-06-02 14:30:30.793 - [robot_6_log_20260602_143011.csv] - DEBUG - Frecuencia: 14.51 Hz | Latencia Red/Proc: 16.45 ms
2026-06-02 14:30:30.807 - [robot_6_log_20260602_143011.csv] - INFO - Usando posición VISION: x=265.47, y=98.25, θ=1.68
2026-06-02 14:30:30.807 - [robot_6_log_20260602_143011.csv] - DEBUG - Incoming data. Topic 6/pos, mensaje {"x": 265.47, "y": 98.25, "yaw": 1.675, "timestamp": 1780403430.7773209}
2026-06-02 14:30:30.807 - [robot_6_log_20260602_143011.csv] - INFO - Distancias a paredes: Left: 265.47, Right: 184.53, Top: 41.75, Bottom: 98.25
2026-06-02 14:30:30.807 - [robot_6_log_20260602_143011.csv] - DEBUG - Posición actualizada por visión: x=265.47, y=98.25, θ=1.68
2026-06-02 14:30:30.807 - [robot_6_log_20260602_143011.csv] - INFO - Posicion: 265.47, 98.25, 1.675 | Velocidad: -0.9945757081745799, -0.10401519460652353
2026-06-02 14:30:30.807 - [robot_6_log_20260602_143011.csv] - DEBUG - Frecuencia: 71.91 Hz | Latencia Red/Proc: 30.36 ms
2026-06-02 14:30:30.807 - [robot_6_log_20260602_143011.csv] - INFO - None
2026-06-02 14:30:30.807 - [robot_6_log_20260602_143011.csv] - WARNING - Estado FSM: AVANZA | Target Wall: None | Target Theta: 0.00° |theta: 95.97043068441289 
2026-06-02 14:30:30.807 - [robot_6_log_20260602_143011.csv] - DEBUG - Incoming data. Topic 6/pos, mensaje {"x": 265.47, "y": 98.25, "yaw": 1.675, "timestamp": 1780403430.7872086}
2026-06-02 14:30:30.812 - [robot_6_log_20260602_143011.csv] - DEBUG - Posición actualizada por visión: x=265.47, y=98.25, θ=1.68
2026-06-02 14:30:30.812 - [robot_6_log_20260602_143011.csv] - DEBUG - Frecuencia: 190.61 Hz | Latencia Red/Proc: 25.72 ms
2026-06-02 14:30:30.819 - [robot_6_log_20260602_143011.csv] - DEBUG - Incoming data. Topic 6/pos, mensaje {"x": 265.47, "y": 98.25, "yaw": 1.675, "timestamp": 1780403430.7872086}
2026-06-02 14:30:30.824 - [robot_6_log_20260602_143011.csv] - DEBUG - Posición actualizada por visión: x=265.47, y=98.25, θ=1.68
2026-06-02 14:30:30.829 - [robot_6_log_20260602_143011.csv] - DEBUG - Frecuencia: 60.65 Hz | Latencia Red/Proc: 42.21 ms
2026-06-02 14:30:30.835 - [robot_6_log_20260602_143011.csv] - DEBUG - Incoming data. Topic agent/6/wheel, mensaje {"Wleft":1.657007864e-15,"Wright":-3.719247132e-16}
2026-06-02 14:30:30.857 - [robot_6_log_20260602_143011.csv] - INFO - Usando posición VISION: x=265.47, y=98.25, θ=1.68
2026-06-02 14:30:30.857 - [robot_6_log_20260602_143011.csv] - INFO - Distancias a paredes: Left: 265.47, Right: 184.53, Top: 41.75, Bottom: 98.25
2026-06-02 14:30:30.857 - [robot_6_log_20260602_143011.csv] - INFO - Posicion: 265.47, 98.25, 1.675 | Velocidad: -0.9945757081745799, -0.10401519460652353
2026-06-02 14:30:30.857 - [robot_6_log_20260602_143011.csv] - INFO - None
2026-06-02 14:30:30.857 - [robot_6_log_20260602_143011.csv] - WARNING - Estado FSM: AVANZA | Target Wall: None | Target Theta: 0.00° |theta: 95.97043068441289 
2026-06-02 14:30:30.882 - [robot_6_log_20260602_143011.csv] - DEBUG - Incoming data. Topic 6/pos, mensaje {"x": 265.48, "y": 98.22, "yaw": 1.674, "timestamp": 1780403430.877382}
2026-06-02 14:30:30.887 - [robot_6_log_20260602_143011.csv] - DEBUG - Posición actualizada por visión: x=265.48, y=98.22, θ=1.67
2026-06-02 14:30:30.893 - [robot_6_log_20260602_143011.csv] - DEBUG - Frecuencia: 15.54 Hz | Latencia Red/Proc: 16.37 ms
2026-06-02 14:30:30.907 - [robot_6_log_20260602_143011.csv] - INFO - Usando posición VISION: x=265.48, y=98.22, θ=1.67
2026-06-02 14:30:30.907 - [robot_6_log_20260602_143011.csv] - INFO - Distancias a paredes: Left: 265.48, Right: 184.52, Top: 41.78, Bottom: 98.22
2026-06-02 14:30:30.907 - [robot_6_log_20260602_143011.csv] - INFO - Posicion: 265.48, 98.22, 1.674 | Velocidad: -0.9946792260640379, -0.10302056705651848
2026-06-02 14:30:30.907 - [robot_6_log_20260602_143011.csv] - INFO - None
2026-06-02 14:30:30.907 - [robot_6_log_20260602_143011.csv] - DEBUG - Incoming data. Topic 6/pos, mensaje {"x": 265.48, "y": 98.22, "yaw": 1.674, "timestamp": 1780403430.877382}
2026-06-02 14:30:30.907 - [robot_6_log_20260602_143011.csv] - WARNING - Estado FSM: AVANZA | Target Wall: None | Target Theta: 0.00° |theta: 95.9131349048998 
2026-06-02 14:30:30.907 - [robot_6_log_20260602_143011.csv] - DEBUG - Posición actualizada por visión: x=265.48, y=98.22, θ=1.67
2026-06-02 14:30:30.912 - [robot_6_log_20260602_143011.csv] - DEBUG - Frecuencia: 52.34 Hz | Latencia Red/Proc: 35.47 ms
2026-06-02 14:30:30.929 - [robot_6_log_20260602_143011.csv] - DEBUG - Incoming data. Topic 6/pos, mensaje {"x": 265.48, "y": 98.22, "yaw": 1.674, "timestamp": 1780403430.8886216}
2026-06-02 14:30:30.929 - [robot_6_log_20260602_143011.csv] - DEBUG - Posición actualizada por visión: x=265.48, y=98.22, θ=1.67
2026-06-02 14:30:30.934 - [robot_6_log_20260602_143011.csv] - DEBUG - Frecuencia: 46.46 Hz | Latencia Red/Proc: 45.76 ms
2026-06-02 14:30:30.945 - [robot_6_log_20260602_143011.csv] - DEBUG - Incoming data. Topic 6/pos, mensaje {"x": 265.48, "y": 98.22, "yaw": 1.674, "timestamp": 1780403430.8886216}
2026-06-02 14:30:30.950 - [robot_6_log_20260602_143011.csv] - DEBUG - Posición actualizada por visión: x=265.48, y=98.22, θ=1.67
2026-06-02 14:30:30.950 - [robot_6_log_20260602_143011.csv] - DEBUG - Frecuencia: 60.61 Hz | Latencia Red/Proc: 62.26 ms
2026-06-02 14:30:30.956 - [robot_6_log_20260602_143011.csv] - DEBUG - Incoming data. Topic agent/6/wheel, mensaje {"Wleft":1.657007864e-15,"Wright":-3.719247132e-16}
2026-06-02 14:30:30.957 - [robot_6_log_20260602_143011.csv] - INFO - Usando posición VISION: x=265.48, y=98.22, θ=1.67
2026-06-02 14:30:30.957 - [robot_6_log_20260602_143011.csv] - INFO - Distancias a paredes: Left: 265.48, Right: 184.52, Top: 41.78, Bottom: 98.22
2026-06-02 14:30:30.957 - [robot_6_log_20260602_143011.csv] - INFO - Posicion: 265.48, 98.22, 1.674 | Velocidad: -0.9946792260640379, -0.10302056705651848
2026-06-02 14:30:30.957 - [robot_6_log_20260602_143011.csv] - INFO - None
2026-06-02 14:30:30.957 - [robot_6_log_20260602_143011.csv] - WARNING - Estado FSM: AVANZA | Target Wall: None | Target Theta: 0.00° |theta: 95.9131349048998 
2026-06-02 14:30:30.982 - [robot_6_log_20260602_143011.csv] - DEBUG - Incoming data. Topic 6/pos, mensaje {"x": 265.48, "y": 98.23, "yaw": 1.675, "timestamp": 1780403430.9784741}
2026-06-02 14:30:30.987 - [robot_6_log_20260602_143011.csv] - DEBUG - Posición actualizada por visión: x=265.48, y=98.23, θ=1.68
2026-06-02 14:30:30.993 - [robot_6_log_20260602_143011.csv] - DEBUG - Frecuencia: 23.44 Hz | Latencia Red/Proc: 15.06 ms
2026-06-02 14:30:30.998 - [robot_6_log_20260602_143011.csv] - DEBUG - Incoming data. Topic 6/pos, mensaje {"x": 265.48, "y": 98.23, "yaw": 1.675, "timestamp": 1780403430.9784741}
2026-06-02 14:30:30.998 - [robot_6_log_20260602_143011.csv] - DEBUG - Posición actualizada por visión: x=265.48, y=98.23, θ=1.68
2026-06-02 14:30:30.998 - [robot_6_log_20260602_143011.csv] - DEBUG - Frecuencia: 187.13 Hz | Latencia Red/Proc: 20.40 ms
2026-06-02 14:30:30.998 - [robot_6_log_20260602_143011.csv] - DEBUG - Incoming data. Topic 6/pos, mensaje {"x": 265.48, "y": 98.23, "yaw": 1.675, "timestamp": 1780403430.9924562}
2026-06-02 14:30:30.998 - [robot_6_log_20260602_143011.csv] - DEBUG - Posición actualizada por visión: x=265.48, y=98.23, θ=1.68
2026-06-02 14:30:30.998 - [robot_6_log_20260602_143011.csv] - DEBUG - Frecuencia: 21183.35 Hz | Latencia Red/Proc: 6.47 ms
2026-06-02 14:30:30.998 - [robot_6_log_20260602_143011.csv] - DEBUG - Incoming data. Topic 6/pos, mensaje {"x": 265.48, "y": 98.23, "yaw": 1.675, "timestamp": 1780403430.9924562}
2026-06-02 14:30:30.998 - [robot_6_log_20260602_143011.csv] - DEBUG - Posición actualizada por visión: x=265.48, y=98.23, θ=1.68
2026-06-02 14:30:30.998 - [robot_6_log_20260602_143011.csv] - DEBUG - Frecuencia: 29746.84 Hz | Latencia Red/Proc: 6.50 ms
2026-06-02 14:30:31.007 - [robot_6_log_20260602_143011.csv] - INFO - Usando posición VISION: x=265.48, y=98.23, θ=1.68
2026-06-02 14:30:31.007 - [robot_6_log_20260602_143011.csv] - INFO - Distancias a paredes: Left: 265.48, Right: 184.52, Top: 41.77, Bottom: 98.23
2026-06-02 14:30:31.007 - [robot_6_log_20260602_143011.csv] - INFO - Posicion: 265.48, 98.23, 1.675 | Velocidad: -0.9945757081745799, -0.10401519460652353
2026-06-02 14:30:31.007 - [robot_6_log_20260602_143011.csv] - INFO - None
2026-06-02 14:30:31.007 - [robot_6_log_20260602_143011.csv] - WARNING - Estado FSM: AVANZA | Target Wall: None | Target Theta: 0.00° |theta: 95.97043068441289 
2026-06-02 14:30:31.056 - [robot_6_log_20260602_143011.csv] - DEBUG - Incoming data. Topic agent/6/wheel, mensaje {"Wleft":1.657007864e-15,"Wright":-3.719247132e-16}
2026-06-02 14:30:31.057 - [robot_6_log_20260602_143011.csv] - INFO - Usando posición VISION: x=265.48, y=98.23, θ=1.68
2026-06-02 14:30:31.057 - [robot_6_log_20260602_143011.csv] - INFO - Distancias a paredes: Left: 265.48, Right: 184.52, Top: 41.77, Bottom: 98.23
2026-06-02 14:30:31.057 - [robot_6_log_20260602_143011.csv] - INFO - Posicion: 265.48, 98.23, 1.675 | Velocidad: -0.9945757081745799, -0.10401519460652353
2026-06-02 14:30:31.057 - [robot_6_log_20260602_143011.csv] - INFO - None
2026-06-02 14:30:31.057 - [robot_6_log_20260602_143011.csv] - WARNING - Estado FSM: AVANZA | Target Wall: None | Target Theta: 0.00° |theta: 95.97043068441289 
2026-06-02 14:30:31.087 - [robot_6_log_20260602_143011.csv] - DEBUG - Incoming data. Topic 6/pos, mensaje {"x": 265.52, "y": 98.2, "yaw": 1.68, "timestamp": 1780403431.08055}
2026-06-02 14:30:31.092 - [robot_6_log_20260602_143011.csv] - DEBUG - Posición actualizada por visión: x=265.52, y=98.20, θ=1.68
2026-06-02 14:30:31.103 - [robot_6_log_20260602_143011.csv] - DEBUG - Frecuencia: 9.54 Hz | Latencia Red/Proc: 23.27 ms
2026-06-02 14:30:31.103 - [robot_6_log_20260602_143011.csv] - DEBUG - Incoming data. Topic 6/pos, mensaje {"x": 265.52, "y": 98.2, "yaw": 1.68, "timestamp": 1780403431.08055}
2026-06-02 14:30:31.103 - [robot_6_log_20260602_143011.csv] - DEBUG - Posición actualizada por visión: x=265.52, y=98.20, θ=1.68
2026-06-02 14:30:31.103 - [robot_6_log_20260602_143011.csv] - DEBUG - Frecuencia: 7973.96 Hz | Latencia Red/Proc: 23.39 ms
2026-06-02 14:30:31.103 - [robot_6_log_20260602_143011.csv] - DEBUG - Incoming data. Topic 6/pos, mensaje {"x": 265.52, "y": 98.2, "yaw": 1.68, "timestamp": 1780403431.0918877}
2026-06-02 14:30:31.104 - [robot_6_log_20260602_143011.csv] - DEBUG - Posición actualizada por visión: x=265.52, y=98.20, θ=1.68
2026-06-02 14:30:31.107 - [robot_6_log_20260602_143011.csv] - INFO - Usando posición VISION: x=265.52, y=98.20, θ=1.68
2026-06-02 14:30:31.107 - [robot_6_log_20260602_143011.csv] - DEBUG - Frecuencia: 278.16 Hz | Latencia Red/Proc: 15.65 ms
2026-06-02 14:30:31.107 - [robot_6_log_20260602_143011.csv] - INFO - Distancias a paredes: Left: 265.52, Right: 184.48, Top: 41.80, Bottom: 98.20
2026-06-02 14:30:31.107 - [robot_6_log_20260602_143011.csv] - DEBUG - Incoming data. Topic 6/pos, mensaje {"x": 265.52, "y": 98.2, "yaw": 1.68, "timestamp": 1780403431.0918877}
2026-06-02 14:30:31.107 - [robot_6_log_20260602_143011.csv] - INFO - Posicion: 265.52, 98.2, 1.68 | Velocidad: -0.994043202198076, -0.10898675223987112
2026-06-02 14:30:31.107 - [robot_6_log_20260602_143011.csv] - DEBUG - Posición actualizada por visión: x=265.52, y=98.20, θ=1.68
2026-06-02 14:30:31.107 - [robot_6_log_20260602_143011.csv] - INFO - None
2026-06-02 14:30:31.107 - [robot_6_log_20260602_143011.csv] - DEBUG - Frecuencia: 4415.06 Hz | Latencia Red/Proc: 15.88 ms
2026-06-02 14:30:31.107 - [robot_6_log_20260602_143011.csv] - WARNING - Estado FSM: AVANZA | Target Wall: None | Target Theta: 0.00° |theta: 96.2569095819783 
2026-06-02 14:30:31.143 - [robot_6_log_20260602_143011.csv] - DEBUG - Incoming data. Topic agent/6/wheel, mensaje {"Wleft":1.657007864e-15,"Wright":-3.719247132e-16}
2026-06-02 14:30:31.157 - [robot_6_log_20260602_143011.csv] - INFO - Usando posición VISION: x=265.52, y=98.20, θ=1.68
2026-06-02 14:30:31.157 - [robot_6_log_20260602_143011.csv] - INFO - Distancias a paredes: Left: 265.52, Right: 184.48, Top: 41.80, Bottom: 98.20
2026-06-02 14:30:31.157 - [robot_6_log_20260602_143011.csv] - INFO - Posicion: 265.52, 98.2, 1.68 | Velocidad: -0.994043202198076, -0.10898675223987112
2026-06-02 14:30:31.157 - [robot_6_log_20260602_143011.csv] - INFO - None
2026-06-02 14:30:31.157 - [robot_6_log_20260602_143011.csv] - WARNING - Estado FSM: AVANZA | Target Wall: None | Target Theta: 0.00° |theta: 96.2569095819783 
2026-06-02 14:30:31.193 - [robot_6_log_20260602_143011.csv] - DEBUG - Incoming data. Topic 6/pos, mensaje {"x": 265.47, "y": 98.25, "yaw": 1.674, "timestamp": 1780403431.1821437}
2026-06-02 14:30:31.198 - [robot_6_log_20260602_143011.csv] - DEBUG - Posición actualizada por visión: x=265.47, y=98.25, θ=1.67
2026-06-02 14:30:31.198 - [robot_6_log_20260602_143011.csv] - DEBUG - Frecuencia: 11.05 Hz | Latencia Red/Proc: 16.08 ms
2026-06-02 14:30:31.207 - [robot_6_log_20260602_143011.csv] - INFO - Usando posición VISION: x=265.47, y=98.25, θ=1.67
2026-06-02 14:30:31.207 - [robot_6_log_20260602_143011.csv] - INFO - Distancias a paredes: Left: 265.47, Right: 184.53, Top: 41.75, Bottom: 98.25
2026-06-02 14:30:31.207 - [robot_6_log_20260602_143011.csv] - INFO - Posicion: 265.47, 98.25, 1.674 | Velocidad: -0.9946792260640379, -0.10302056705651848
2026-06-02 14:30:31.207 - [robot_6_log_20260602_143011.csv] - INFO - None
2026-06-02 14:30:31.207 - [robot_6_log_20260602_143011.csv] - DEBUG - Incoming data. Topic 6/pos, mensaje {"x": 265.47, "y": 98.25, "yaw": 1.674, "timestamp": 1780403431.1821437}
2026-06-02 14:30:31.207 - [robot_6_log_20260602_143011.csv] - DEBUG - Posición actualizada por visión: x=265.47, y=98.25, θ=1.67
2026-06-02 14:30:31.207 - [robot_6_log_20260602_143011.csv] - DEBUG - Frecuencia: 104.28 Hz | Latencia Red/Proc: 25.67 ms
2026-06-02 14:30:31.207 - [robot_6_log_20260602_143011.csv] - DEBUG - Incoming data. Topic 6/pos, mensaje {"x": 265.47, "y": 98.25, "yaw": 1.674, "timestamp": 1780403431.192377}
2026-06-02 14:30:31.207 - [robot_6_log_20260602_143011.csv] - DEBUG - Posición actualizada por visión: x=265.47, y=98.25, θ=1.67
2026-06-02 14:30:31.207 - [robot_6_log_20260602_143011.csv] - DEBUG - Frecuencia: 9892.23 Hz | Latencia Red/Proc: 15.54 ms
2026-06-02 14:30:31.207 - [robot_6_log_20260602_143011.csv] - DEBUG - Incoming data. Topic 6/pos, mensaje {"x": 265.47, "y": 98.25, "yaw": 1.674, "timestamp": 1780403431.192377}
2026-06-02 14:30:31.207 - [robot_6_log_20260602_143011.csv] - DEBUG - Posición actualizada por visión: x=265.47, y=98.25, θ=1.67
2026-06-02 14:30:31.207 - [robot_6_log_20260602_143011.csv] - DEBUG - Frecuencia: 12595.51 Hz | Latencia Red/Proc: 15.61 ms
2026-06-02 14:30:31.207 - [robot_6_log_20260602_143011.csv] - WARNING - Estado FSM: AVANZA | Target Wall: None | Target Theta: 0.00° |theta: 95.9131349048998 
2026-06-02 14:30:31.257 - [robot_6_log_20260602_143011.csv] - INFO - Usando posición VISION: x=265.47, y=98.25, θ=1.67
2026-06-02 14:30:31.257 - [robot_6_log_20260602_143011.csv] - INFO - Distancias a paredes: Left: 265.47, Right: 184.53, Top: 41.75, Bottom: 98.25
2026-06-02 14:30:31.257 - [robot_6_log_20260602_143011.csv] - INFO - Posicion: 265.47, 98.25, 1.674 | Velocidad: -0.9946792260640379, -0.10302056705651848
2026-06-02 14:30:31.257 - [robot_6_log_20260602_143011.csv] - DEBUG - Incoming data. Topic agent/6/wheel, mensaje {"Wleft":1.657007864e-15,"Wright":-3.719247132e-16}
2026-06-02 14:30:31.257 - [robot_6_log_20260602_143011.csv] - INFO - None
2026-06-02 14:30:31.257 - [robot_6_log_20260602_143011.csv] - WARNING - Estado FSM: AVANZA | Target Wall: None | Target Theta: 0.00° |theta: 95.9131349048998 
2026-06-02 14:30:31.281 - [robot_6_log_20260602_143011.csv] - DEBUG - Incoming data. Topic 6/pos, mensaje {"x": 265.52, "y": 98.19, "yaw": 1.678, "timestamp": 1780403431.2782502}
2026-06-02 14:30:31.281 - [robot_6_log_20260602_143011.csv] - DEBUG - Posición actualizada por visión: x=265.52, y=98.19, θ=1.68
2026-06-02 14:30:31.286 - [robot_6_log_20260602_143011.csv] - DEBUG - Frecuencia: 12.66 Hz | Latencia Red/Proc: 8.70 ms
2026-06-02 14:30:31.293 - [robot_6_log_20260602_143011.csv] - DEBUG - Incoming data. Topic 6/pos, mensaje {"x": 265.52, "y": 98.19, "yaw": 1.678, "timestamp": 1780403431.2782502}
2026-06-02 14:30:31.293 - [robot_6_log_20260602_143011.csv] - DEBUG - Posición actualizada por visión: x=265.52, y=98.19, θ=1.68
2026-06-02 14:30:31.293 - [robot_6_log_20260602_143011.csv] - DEBUG - Frecuencia: 159.67 Hz | Latencia Red/Proc: 14.97 ms
2026-06-02 14:30:31.293 - [robot_6_log_20260602_143011.csv] - DEBUG - Incoming data. Topic 6/pos, mensaje {"x": 265.52, "y": 98.19, "yaw": 1.678, "timestamp": 1780403431.2896483}
2026-06-02 14:30:31.293 - [robot_6_log_20260602_143011.csv] - DEBUG - Posición actualizada por visión: x=265.52, y=98.19, θ=1.68
2026-06-02 14:30:31.293 - [robot_6_log_20260602_143011.csv] - DEBUG - Frecuencia: 23967.45 Hz | Latencia Red/Proc: 3.61 ms
2026-06-02 14:30:31.298 - [robot_6_log_20260602_143011.csv] - DEBUG - Incoming data. Topic 6/pos, mensaje {"x": 265.52, "y": 98.19, "yaw": 1.678, "timestamp": 1780403431.2896483}
2026-06-02 14:30:31.303 - [robot_6_log_20260602_143011.csv] - DEBUG - Posición actualizada por visión: x=265.52, y=98.19, θ=1.68
2026-06-02 14:30:31.303 - [robot_6_log_20260602_143011.csv] - DEBUG - Frecuencia: 98.35 Hz | Latencia Red/Proc: 13.78 ms
2026-06-02 14:30:31.307 - [robot_6_log_20260602_143011.csv] - INFO - Usando posición VISION: x=265.52, y=98.19, θ=1.68
2026-06-02 14:30:31.307 - [robot_6_log_20260602_143011.csv] - INFO - Distancias a paredes: Left: 265.52, Right: 184.48, Top: 41.81, Bottom: 98.19
2026-06-02 14:30:31.307 - [robot_6_log_20260602_143011.csv] - INFO - Posicion: 265.52, 98.19, 1.678 | Velocidad: -0.9942591874714983, -0.10699844918743381
2026-06-02 14:30:31.307 - [robot_6_log_20260602_143011.csv] - INFO - None
2026-06-02 14:30:31.307 - [robot_6_log_20260602_143011.csv] - WARNING - Estado FSM: AVANZA | Target Wall: None | Target Theta: 0.00° |theta: 96.14231802295214 
2026-06-02 14:30:31.337 - [robot_6_log_20260602_143011.csv] - DEBUG - Incoming data. Topic agent/6/wheel, mensaje {"Wleft":1.657007864e-15,"Wright":-3.719247132e-16}
2026-06-02 14:30:31.357 - [robot_6_log_20260602_143011.csv] - INFO - Usando posición VISION: x=265.52, y=98.19, θ=1.68
2026-06-02 14:30:31.357 - [robot_6_log_20260602_143011.csv] - INFO - Distancias a paredes: Left: 265.52, Right: 184.48, Top: 41.81, Bottom: 98.19
2026-06-02 14:30:31.357 - [robot_6_log_20260602_143011.csv] - INFO - Posicion: 265.52, 98.19, 1.678 | Velocidad: -0.9942591874714983, -0.10699844918743381
2026-06-02 14:30:31.357 - [robot_6_log_20260602_143011.csv] - INFO - None
2026-06-02 14:30:31.357 - [robot_6_log_20260602_143011.csv] - WARNING - Estado FSM: AVANZA | Target Wall: None | Target Theta: 0.00° |theta: 96.14231802295214 
2026-06-02 14:30:31.387 - [robot_6_log_20260602_143011.csv] - DEBUG - Incoming data. Topic 6/pos, mensaje {"x": 265.48, "y": 98.23, "yaw": 1.678, "timestamp": 1780403431.3773036}
2026-06-02 14:30:31.393 - [robot_6_log_20260602_143011.csv] - DEBUG - Posición actualizada por visión: x=265.48, y=98.23, θ=1.68
2026-06-02 14:30:31.398 - [robot_6_log_20260602_143011.csv] - DEBUG - Frecuencia: 10.47 Hz | Latencia Red/Proc: 21.60 ms
2026-06-02 14:30:31.398 - [robot_6_log_20260602_143011.csv] - DEBUG - Incoming data. Topic 6/pos, mensaje {"x": 265.48, "y": 98.23, "yaw": 1.678, "timestamp": 1780403431.3773036}
2026-06-02 14:30:31.404 - [robot_6_log_20260602_143011.csv] - DEBUG - Posición actualizada por visión: x=265.48, y=98.23, θ=1.68
2026-06-02 14:30:31.407 - [robot_6_log_20260602_143011.csv] - INFO - Usando posición VISION: x=265.48, y=98.23, θ=1.68
2026-06-02 14:30:31.407 - [robot_6_log_20260602_143011.csv] - DEBUG - Frecuencia: 116.02 Hz | Latencia Red/Proc: 30.22 ms
2026-06-02 14:30:31.407 - [robot_6_log_20260602_143011.csv] - INFO - Distancias a paredes: Left: 265.48, Right: 184.52, Top: 41.77, Bottom: 98.23
2026-06-02 14:30:31.407 - [robot_6_log_20260602_143011.csv] - INFO - Posicion: 265.48, 98.23, 1.678 | Velocidad: -0.9942591874714983, -0.10699844918743381
2026-06-02 14:30:31.407 - [robot_6_log_20260602_143011.csv] - INFO - None
2026-06-02 14:30:31.407 - [robot_6_log_20260602_143011.csv] - DEBUG - Incoming data. Topic 6/pos, mensaje {"x": 265.48, "y": 98.23, "yaw": 1.678, "timestamp": 1780403431.3860106}
2026-06-02 14:30:31.407 - [robot_6_log_20260602_143011.csv] - WARNING - Estado FSM: AVANZA | Target Wall: None | Target Theta: 0.00° |theta: 96.14231802295214 
2026-06-02 14:30:31.407 - [robot_6_log_20260602_143011.csv] - DEBUG - Posición actualizada por visión: x=265.48, y=98.23, θ=1.68
2026-06-02 14:30:31.412 - [robot_6_log_20260602_143011.csv] - DEBUG - Frecuencia: 186.82 Hz | Latencia Red/Proc: 26.87 ms
2026-06-02 14:30:31.418 - [robot_6_log_20260602_143011.csv] - DEBUG - Incoming data. Topic 6/pos, mensaje {"x": 265.48, "y": 98.23, "yaw": 1.678, "timestamp": 1780403431.3860106}
2026-06-02 14:30:31.423 - [robot_6_log_20260602_143011.csv] - DEBUG - Posición actualizada por visión: x=265.48, y=98.23, θ=1.68
2026-06-02 14:30:31.423 - [robot_6_log_20260602_143011.csv] - DEBUG - Frecuencia: 97.42 Hz | Latencia Red/Proc: 37.13 ms
2026-06-02 14:30:31.457 - [robot_6_log_20260602_143011.csv] - INFO - Usando posición VISION: x=265.48, y=98.23, θ=1.68
2026-06-02 14:30:31.457 - [robot_6_log_20260602_143011.csv] - INFO - Distancias a paredes: Left: 265.48, Right: 184.52, Top: 41.77, Bottom: 98.23
2026-06-02 14:30:31.457 - [robot_6_log_20260602_143011.csv] - INFO - Posicion: 265.48, 98.23, 1.678 | Velocidad: -0.9942591874714983, -0.10699844918743381
2026-06-02 14:30:31.457 - [robot_6_log_20260602_143011.csv] - INFO - None
2026-06-02 14:30:31.457 - [robot_6_log_20260602_143011.csv] - WARNING - Estado FSM: AVANZA | Target Wall: None | Target Theta: 0.00° |theta: 96.14231802295214 
2026-06-02 14:30:31.480 - [robot_6_log_20260602_143011.csv] - DEBUG - Incoming data. Topic agent/6/wheel, mensaje {"Wleft":1.657007864e-15,"Wright":-3.719247132e-16}
2026-06-02 14:30:31.495 - [robot_6_log_20260602_143011.csv] - DEBUG - Incoming data. Topic 6/pos, mensaje {"x": 265.49, "y": 98.23, "yaw": 1.667, "timestamp": 1780403431.4777198}
2026-06-02 14:30:31.500 - [robot_6_log_20260602_143011.csv] - DEBUG - Posición actualizada por visión: x=265.49, y=98.23, θ=1.67
2026-06-02 14:30:31.505 - [robot_6_log_20260602_143011.csv] - DEBUG - Frecuencia: 12.09 Hz | Latencia Red/Proc: 28.12 ms
2026-06-02 14:30:31.507 - [robot_6_log_20260602_143011.csv] - INFO - Usando posición VISION: x=265.49, y=98.23, θ=1.67
2026-06-02 14:30:31.507 - [robot_6_log_20260602_143011.csv] - DEBUG - Incoming data. Topic 6/pos, mensaje {"x": 265.49, "y": 98.23, "yaw": 1.667, "timestamp": 1780403431.4777198}
2026-06-02 14:30:31.507 - [robot_6_log_20260602_143011.csv] - INFO - Distancias a paredes: Left: 265.49, Right: 184.51, Top: 41.77, Bottom: 98.23
2026-06-02 14:30:31.507 - [robot_6_log_20260602_143011.csv] - DEBUG - Posición actualizada por visión: x=265.49, y=98.23, θ=1.67
2026-06-02 14:30:31.507 - [robot_6_log_20260602_143011.csv] - INFO - Posicion: 265.49, 98.23, 1.667 | Velocidad: -0.9953759946025762, -0.09605534534284021
2026-06-02 14:30:31.507 - [robot_6_log_20260602_143011.csv] - DEBUG - Frecuencia: 546.77 Hz | Latencia Red/Proc: 29.95 ms
2026-06-02 14:30:31.507 - [robot_6_log_20260602_143011.csv] - INFO - None
2026-06-02 14:30:31.507 - [robot_6_log_20260602_143011.csv] - WARNING - Estado FSM: AVANZA | Target Wall: None | Target Theta: 0.00° |theta: 95.51206444830824 
2026-06-02 14:30:31.512 - [robot_6_log_20260602_143011.csv] - DEBUG - Incoming data. Topic 6/pos, mensaje {"x": 265.49, "y": 98.23, "yaw": 1.667, "timestamp": 1780403431.4872184}
2026-06-02 14:30:31.517 - [robot_6_log_20260602_143011.csv] - DEBUG - Posición actualizada por visión: x=265.49, y=98.23, θ=1.67
2026-06-02 14:30:31.523 - [robot_6_log_20260602_143011.csv] - DEBUG - Frecuencia: 64.92 Hz | Latencia Red/Proc: 35.86 ms
2026-06-02 14:30:31.528 - [robot_6_log_20260602_143011.csv] - DEBUG - Incoming data. Topic 6/pos, mensaje {"x": 265.49, "y": 98.23, "yaw": 1.667, "timestamp": 1780403431.4872184}
2026-06-02 14:30:31.533 - [robot_6_log_20260602_143011.csv] - DEBUG - Posición actualizada por visión: x=265.49, y=98.23, θ=1.67
2026-06-02 14:30:31.538 - [robot_6_log_20260602_143011.csv] - DEBUG - Frecuencia: 65.08 Hz | Latencia Red/Proc: 51.22 ms
2026-06-02 14:30:31.549 - [robot_6_log_20260602_143011.csv] - DEBUG - Incoming data. Topic agent/6/wheel, mensaje {"Wleft":1.657007864e-15,"Wright":-3.719247132e-16}
2026-06-02 14:30:31.557 - [robot_6_log_20260602_143011.csv] - INFO - Usando posición VISION: x=265.49, y=98.23, θ=1.67
2026-06-02 14:30:31.557 - [robot_6_log_20260602_143011.csv] - INFO - Distancias a paredes: Left: 265.49, Right: 184.51, Top: 41.77, Bottom: 98.23
2026-06-02 14:30:31.557 - [robot_6_log_20260602_143011.csv] - INFO - Posicion: 265.49, 98.23, 1.667 | Velocidad: -0.9953759946025762, -0.09605534534284021
2026-06-02 14:30:31.557 - [robot_6_log_20260602_143011.csv] - INFO - None
2026-06-02 14:30:31.557 - [robot_6_log_20260602_143011.csv] - WARNING - Estado FSM: AVANZA | Target Wall: None | Target Theta: 0.00° |theta: 95.51206444830824 
2026-06-02 14:30:31.581 - [robot_6_log_20260602_143011.csv] - DEBUG - Incoming data. Topic 6/pos, mensaje {"x": 265.52, "y": 98.2, "yaw": 1.679, "timestamp": 1780403431.575729}
2026-06-02 14:30:31.581 - [robot_6_log_20260602_143011.csv] - DEBUG - Posición actualizada por visión: x=265.52, y=98.20, θ=1.68
2026-06-02 14:30:31.587 - [robot_6_log_20260602_143011.csv] - DEBUG - Frecuencia: 20.35 Hz | Latencia Red/Proc: 11.85 ms
2026-06-02 14:30:31.592 - [robot_6_log_20260602_143011.csv] - DEBUG - Incoming data. Topic 6/pos, mensaje {"x": 265.52, "y": 98.2, "yaw": 1.679, "timestamp": 1780403431.575729}
2026-06-02 14:30:31.592 - [robot_6_log_20260602_143011.csv] - DEBUG - Posición actualizada por visión: x=265.52, y=98.20, θ=1.68
2026-06-02 14:30:31.592 - [robot_6_log_20260602_143011.csv] - DEBUG - Frecuencia: 189.77 Hz | Latencia Red/Proc: 17.12 ms
2026-06-02 14:30:31.597 - [robot_6_log_20260602_143011.csv] - DEBUG - Incoming data. Topic 6/pos, mensaje {"x": 265.52, "y": 98.2, "yaw": 1.679, "timestamp": 1780403431.584509}
2026-06-02 14:30:31.597 - [robot_6_log_20260602_143011.csv] - DEBUG - Posición actualizada por visión: x=265.52, y=98.20, θ=1.68
2026-06-02 14:30:31.598 - [robot_6_log_20260602_143011.csv] - DEBUG - Frecuencia: 193.27 Hz | Latencia Red/Proc: 13.51 ms
2026-06-02 14:30:31.598 - [robot_6_log_20260602_143011.csv] - DEBUG - Incoming data. Topic 6/pos, mensaje {"x": 265.52, "y": 98.2, "yaw": 1.679, "timestamp": 1780403431.584509}
2026-06-02 14:30:31.598 - [robot_6_log_20260602_143011.csv] - DEBUG - Posición actualizada por visión: x=265.52, y=98.20, θ=1.68
2026-06-02 14:30:31.603 - [robot_6_log_20260602_143011.csv] - DEBUG - Frecuencia: 191.50 Hz | Latencia Red/Proc: 18.73 ms
2026-06-02 14:30:31.607 - [robot_6_log_20260602_143011.csv] - INFO - Usando posición VISION: x=265.52, y=98.20, θ=1.68
2026-06-02 14:30:31.607 - [robot_6_log_20260602_143011.csv] - INFO - Distancias a paredes: Left: 265.52, Right: 184.48, Top: 41.80, Bottom: 98.20
2026-06-02 14:30:31.607 - [robot_6_log_20260602_143011.csv] - INFO - Posicion: 265.52, 98.2, 1.679 | Velocidad: -0.9941516919105917, -0.10799265470997543
2026-06-02 14:30:31.607 - [robot_6_log_20260602_143011.csv] - INFO - None
2026-06-02 14:30:31.607 - [robot_6_log_20260602_143011.csv] - WARNING - Estado FSM: AVANZA | Target Wall: None | Target Theta: 0.00° |theta: 96.19961380246522 
2026-06-02 14:30:31.644 - [robot_6_log_20260602_143011.csv] - DEBUG - Incoming data. Topic agent/6/wheel, mensaje {"Wleft":1.657007864e-15,"Wright":-3.719247132e-16}
2026-06-02 14:30:31.657 - [robot_6_log_20260602_143011.csv] - INFO - Usando posición VISION: x=265.52, y=98.20, θ=1.68
2026-06-02 14:30:31.657 - [robot_6_log_20260602_143011.csv] - INFO - Distancias a paredes: Left: 265.52, Right: 184.48, Top: 41.80, Bottom: 98.20
2026-06-02 14:30:31.657 - [robot_6_log_20260602_143011.csv] - INFO - Posicion: 265.52, 98.2, 1.679 | Velocidad: -0.9941516919105917, -0.10799265470997543
2026-06-02 14:30:31.657 - [robot_6_log_20260602_143011.csv] - INFO - None
2026-06-02 14:30:31.657 - [robot_6_log_20260602_143011.csv] - WARNING - Estado FSM: AVANZA | Target Wall: None | Target Theta: 0.00° |theta: 96.19961380246522 
2026-06-02 14:30:31.682 - [robot_6_log_20260602_143011.csv] - DEBUG - Incoming data. Topic 6/pos, mensaje {"x": 265.48, "y": 98.24, "yaw": 1.668, "timestamp": 1780403431.6774867}
2026-06-02 14:30:31.687 - [robot_6_log_20260602_143011.csv] - DEBUG - Posición actualizada por visión: x=265.48, y=98.24, θ=1.67
2026-06-02 14:30:31.692 - [robot_6_log_20260602_143011.csv] - DEBUG - Frecuencia: 11.19 Hz | Latencia Red/Proc: 15.12 ms
2026-06-02 14:30:31.702 - [robot_6_log_20260602_143011.csv] - DEBUG - Incoming data. Topic 6/pos, mensaje {"x": 265.48, "y": 98.24, "yaw": 1.668, "timestamp": 1780403431.6774867}
2026-06-02 14:30:31.707 - [robot_6_log_20260602_143011.csv] - INFO - Usando posición VISION: x=265.48, y=98.24, θ=1.67
2026-06-02 14:30:31.707 - [robot_6_log_20260602_143011.csv] - DEBUG - Posición actualizada por visión: x=265.48, y=98.24, θ=1.67
2026-06-02 14:30:31.707 - [robot_6_log_20260602_143011.csv] - INFO - Distancias a paredes: Left: 265.48, Right: 184.52, Top: 41.76, Bottom: 98.24
2026-06-02 14:30:31.707 - [robot_6_log_20260602_143011.csv] - DEBUG - Frecuencia: 66.44 Hz | Latencia Red/Proc: 30.17 ms
2026-06-02 14:30:31.707 - [robot_6_log_20260602_143011.csv] - INFO - Posicion: 265.48, 98.24, 1.668 | Velocidad: -0.9952794415852867, -0.09705067314387801
2026-06-02 14:30:31.707 - [robot_6_log_20260602_143011.csv] - INFO - None
2026-06-02 14:30:31.707 - [robot_6_log_20260602_143011.csv] - DEBUG - Incoming data. Topic 6/pos, mensaje {"x": 265.48, "y": 98.24, "yaw": 1.668, "timestamp": 1780403431.6891341}
2026-06-02 14:30:31.707 - [robot_6_log_20260602_143011.csv] - DEBUG - Posición actualizada por visión: x=265.48, y=98.24, θ=1.67
2026-06-02 14:30:31.707 - [robot_6_log_20260602_143011.csv] - WARNING - Estado FSM: AVANZA | Target Wall: None | Target Theta: 0.00° |theta: 95.5693602278213 
2026-06-02 14:30:31.707 - [robot_6_log_20260602_143011.csv] - DEBUG - Frecuencia: 3318.28 Hz | Latencia Red/Proc: 18.82 ms
2026-06-02 14:30:31.718 - [robot_6_log_20260602_143011.csv] - DEBUG - Incoming data. Topic 6/pos, mensaje {"x": 265.48, "y": 98.24, "yaw": 1.668, "timestamp": 1780403431.6891341}
2026-06-02 14:30:31.718 - [robot_6_log_20260602_143011.csv] - DEBUG - Posición actualizada por visión: x=265.48, y=98.24, θ=1.67
2026-06-02 14:30:31.723 - [robot_6_log_20260602_143011.csv] - DEBUG - Frecuencia: 64.90 Hz | Latencia Red/Proc: 34.23 ms
2026-06-02 14:30:31.757 - [robot_6_log_20260602_143011.csv] - INFO - Usando posición VISION: x=265.48, y=98.24, θ=1.67
2026-06-02 14:30:31.757 - [robot_6_log_20260602_143011.csv] - INFO - Distancias a paredes: Left: 265.48, Right: 184.52, Top: 41.76, Bottom: 98.24
2026-06-02 14:30:31.757 - [robot_6_log_20260602_143011.csv] - INFO - Posicion: 265.48, 98.24, 1.668 | Velocidad: -0.9952794415852867, -0.09705067314387801
2026-06-02 14:30:31.757 - [robot_6_log_20260602_143011.csv] - INFO - None
2026-06-02 14:30:31.757 - [robot_6_log_20260602_143011.csv] - WARNING - Estado FSM: AVANZA | Target Wall: None | Target Theta: 0.00° |theta: 95.5693602278213 
2026-06-02 14:30:31.780 - [robot_6_log_20260602_143011.csv] - DEBUG - Incoming data. Topic agent/6/wheel, mensaje {"Wleft":1.657007864e-15,"Wright":-3.719247132e-16}
2026-06-02 14:30:31.785 - [robot_6_log_20260602_143011.csv] - DEBUG - Incoming data. Topic 6/pos, mensaje {"x": 265.52, "y": 98.21, "yaw": 1.68, "timestamp": 1780403431.7778938}
2026-06-02 14:30:31.785 - [robot_6_log_20260602_143011.csv] - DEBUG - Posición actualizada por visión: x=265.52, y=98.21, θ=1.68
2026-06-02 14:30:31.785 - [robot_6_log_20260602_143011.csv] - DEBUG - Frecuencia: 15.99 Hz | Latencia Red/Proc: 8.03 ms
2026-06-02 14:30:31.785 - [robot_6_log_20260602_143011.csv] - DEBUG - Incoming data. Topic 6/pos, mensaje {"x": 265.52, "y": 98.21, "yaw": 1.68, "timestamp": 1780403431.7778938}
2026-06-02 14:30:31.785 - [robot_6_log_20260602_143011.csv] - DEBUG - Posición actualizada por visión: x=265.52, y=98.21, θ=1.68
2026-06-02 14:30:31.785 - [robot_6_log_20260602_143011.csv] - DEBUG - Frecuencia: 25420.02 Hz | Latencia Red/Proc: 8.07 ms
2026-06-02 14:30:31.792 - [robot_6_log_20260602_143011.csv] - DEBUG - Incoming data. Topic 6/pos, mensaje {"x": 265.52, "y": 98.21, "yaw": 1.68, "timestamp": 1780403431.7886808}
2026-06-02 14:30:31.792 - [robot_6_log_20260602_143011.csv] - DEBUG - Posición actualizada por visión: x=265.52, y=98.21, θ=1.68
2026-06-02 14:30:31.792 - [robot_6_log_20260602_143011.csv] - DEBUG - Frecuencia: 161.75 Hz | Latencia Red/Proc: 3.46 ms
2026-06-02 14:30:31.792 - [robot_6_log_20260602_143011.csv] - DEBUG - Incoming data. Topic 6/pos, mensaje {"x": 265.52, "y": 98.21, "yaw": 1.68, "timestamp": 1780403431.7886808}
2026-06-02 14:30:31.792 - [robot_6_log_20260602_143011.csv] - DEBUG - Posición actualizada por visión: x=265.52, y=98.21, θ=1.68
2026-06-02 14:30:31.792 - [robot_6_log_20260602_143011.csv] - DEBUG - Frecuencia: 23831.27 Hz | Latencia Red/Proc: 3.51 ms
2026-06-02 14:30:31.807 - [robot_6_log_20260602_143011.csv] - INFO - Usando posición VISION: x=265.52, y=98.21, θ=1.68
2026-06-02 14:30:31.807 - [robot_6_log_20260602_143011.csv] - INFO - Distancias a paredes: Left: 265.52, Right: 184.48, Top: 41.79, Bottom: 98.21
2026-06-02 14:30:31.807 - [robot_6_log_20260602_143011.csv] - INFO - Posicion: 265.52, 98.21, 1.68 | Velocidad: -0.994043202198076, -0.10898675223987112
2026-06-02 14:30:31.807 - [robot_6_log_20260602_143011.csv] - INFO - None
2026-06-02 14:30:31.807 - [robot_6_log_20260602_143011.csv] - WARNING - Estado FSM: AVANZA | Target Wall: None | Target Theta: 0.00° |theta: 96.2569095819783 
2026-06-02 14:30:31.857 - [robot_6_log_20260602_143011.csv] - INFO - Usando posición VISION: x=265.52, y=98.21, θ=1.68
2026-06-02 14:30:31.857 - [robot_6_log_20260602_143011.csv] - INFO - Distancias a paredes: Left: 265.52, Right: 184.48, Top: 41.79, Bottom: 98.21
2026-06-02 14:30:31.857 - [robot_6_log_20260602_143011.csv] - INFO - Posicion: 265.52, 98.21, 1.68 | Velocidad: -0.994043202198076, -0.10898675223987112
2026-06-02 14:30:31.857 - [robot_6_log_20260602_143011.csv] - INFO - None
2026-06-02 14:30:31.857 - [robot_6_log_20260602_143011.csv] - WARNING - Estado FSM: AVANZA | Target Wall: None | Target Theta: 0.00° |theta: 96.2569095819783 
2026-06-02 14:30:31.887 - [robot_6_log_20260602_143011.csv] - DEBUG - Incoming data. Topic 6/pos, mensaje {"x": 265.48, "y": 98.23, "yaw": 1.673, "timestamp": 1780403431.8773923}
2026-06-02 14:30:31.892 - [robot_6_log_20260602_143011.csv] - DEBUG - Posición actualizada por visión: x=265.48, y=98.23, θ=1.67
2026-06-02 14:30:31.897 - [robot_6_log_20260602_143011.csv] - DEBUG - Frecuencia: 9.46 Hz | Latencia Red/Proc: 20.52 ms
2026-06-02 14:30:31.907 - [robot_6_log_20260602_143011.csv] - INFO - Usando posición VISION: x=265.48, y=98.23, θ=1.67
2026-06-02 14:30:31.907 - [robot_6_log_20260602_143011.csv] - DEBUG - Incoming data. Topic agent/6/wheel, mensaje {"Wleft":1.657007864e-15,"Wright":-3.719247132e-16}
2026-06-02 14:30:31.907 - [robot_6_log_20260602_143011.csv] - DEBUG - Incoming data. Topic 6/pos, mensaje {"x": 265.48, "y": 98.23, "yaw": 1.673, "timestamp": 1780403431.8869717}
2026-06-02 14:30:31.907 - [robot_6_log_20260602_143011.csv] - DEBUG - Posición actualizada por visión: x=265.48, y=98.23, θ=1.67
2026-06-02 14:30:31.907 - [robot_6_log_20260602_143011.csv] - INFO - Distancias a paredes: Left: 265.48, Right: 184.52, Top: 41.77, Bottom: 98.23
2026-06-02 14:30:31.907 - [robot_6_log_20260602_143011.csv] - DEBUG - Frecuencia: 101.22 Hz | Latencia Red/Proc: 20.82 ms
2026-06-02 14:30:31.907 - [robot_6_log_20260602_143011.csv] - DEBUG - Incoming data. Topic 6/pos, mensaje {"x": 265.48, "y": 98.23, "yaw": 1.673, "timestamp": 1780403431.8773923}
2026-06-02 14:30:31.907 - [robot_6_log_20260602_143011.csv] - DEBUG - Posición actualizada por visión: x=265.48, y=98.23, θ=1.67
2026-06-02 14:30:31.907 - [robot_6_log_20260602_143011.csv] - INFO - Posicion: 265.48, 98.23, 1.673 | Velocidad: -0.9947817492743527, -0.10202583648595517
2026-06-02 14:30:31.907 - [robot_6_log_20260602_143011.csv] - DEBUG - Frecuencia: 6831.11 Hz | Latencia Red/Proc: 30.55 ms
2026-06-02 14:30:31.907 - [robot_6_log_20260602_143011.csv] - INFO - None
2026-06-02 14:30:31.908 - [robot_6_log_20260602_143011.csv] - WARNING - Estado FSM: AVANZA | Target Wall: None | Target Theta: 0.00° |theta: 95.85583912538672 
2026-06-02 14:30:31.937 - [robot_6_log_20260602_143011.csv] - DEBUG - Incoming data. Topic 6/pos, mensaje {"x": 265.48, "y": 98.23, "yaw": 1.673, "timestamp": 1780403431.8869717}
2026-06-02 14:30:31.942 - [robot_6_log_20260602_143011.csv] - DEBUG - Posición actualizada por visión: x=265.48, y=98.23, θ=1.67
2026-06-02 14:30:31.942 - [robot_6_log_20260602_143011.csv] - DEBUG - Frecuencia: 28.65 Hz | Latencia Red/Proc: 55.87 ms
2026-06-02 14:30:31.957 - [robot_6_log_20260602_143011.csv] - INFO - Usando posición VISION: x=265.48, y=98.23, θ=1.67
2026-06-02 14:30:31.957 - [robot_6_log_20260602_143011.csv] - INFO - Distancias a paredes: Left: 265.48, Right: 184.52, Top: 41.77, Bottom: 98.23
2026-06-02 14:30:31.957 - [robot_6_log_20260602_143011.csv] - INFO - Posicion: 265.48, 98.23, 1.673 | Velocidad: -0.9947817492743527, -0.10202583648595517
2026-06-02 14:30:31.957 - [robot_6_log_20260602_143011.csv] - INFO - None
2026-06-02 14:30:31.957 - [robot_6_log_20260602_143011.csv] - WARNING - Estado FSM: AVANZA | Target Wall: None | Target Theta: 0.00° |theta: 95.85583912538672 
2026-06-02 14:30:31.982 - [robot_6_log_20260602_143011.csv] - DEBUG - Incoming data. Topic 6/pos, mensaje {"x": 265.51, "y": 98.19, "yaw": 1.679, "timestamp": 1780403431.9775317}
2026-06-02 14:30:31.987 - [robot_6_log_20260602_143011.csv] - DEBUG - Posición actualizada por visión: x=265.51, y=98.19, θ=1.68
2026-06-02 14:30:31.987 - [robot_6_log_20260602_143011.csv] - DEBUG - Frecuencia: 22.42 Hz | Latencia Red/Proc: 9.91 ms
2026-06-02 14:30:32.003 - [robot_6_log_20260602_143011.csv] - DEBUG - Incoming data. Topic agent/6/wheel, mensaje {"Wleft":1.657007864e-15,"Wright":-3.719247132e-16}
2026-06-02 14:30:32.007 - [robot_6_log_20260602_143011.csv] - INFO - Usando posición VISION: x=265.51, y=98.19, θ=1.68
2026-06-02 14:30:32.007 - [robot_6_log_20260602_143011.csv] - DEBUG - Incoming data. Topic 6/pos, mensaje {"x": 265.51, "y": 98.19, "yaw": 1.679, "timestamp": 1780403431.9883115}
2026-06-02 14:30:32.007 - [robot_6_log_20260602_143011.csv] - INFO - Distancias a paredes: Left: 265.51, Right: 184.49, Top: 41.81, Bottom: 98.19
2026-06-02 14:30:32.007 - [robot_6_log_20260602_143011.csv] - DEBUG - Posición actualizada por visión: x=265.51, y=98.19, θ=1.68
2026-06-02 14:30:32.007 - [robot_6_log_20260602_143011.csv] - INFO - Posicion: 265.51, 98.19, 1.679 | Velocidad: -0.9941516919105917, -0.10799265470997543
2026-06-02 14:30:32.007 - [robot_6_log_20260602_143011.csv] - DEBUG - Frecuencia: 49.36 Hz | Latencia Red/Proc: 19.39 ms
2026-06-02 14:30:32.007 - [robot_6_log_20260602_143011.csv] - INFO - None
2026-06-02 14:30:32.007 - [robot_6_log_20260602_143011.csv] - DEBUG - Incoming data. Topic 6/pos, mensaje {"x": 265.51, "y": 98.19, "yaw": 1.679, "timestamp": 1780403431.9775317}
2026-06-02 14:30:32.007 - [robot_6_log_20260602_143011.csv] - WARNING - Estado FSM: AVANZA | Target Wall: None | Target Theta: 0.00° |theta: 96.19961380246522 
2026-06-02 14:30:32.007 - [robot_6_log_20260602_143011.csv] - DEBUG - Posición actualizada por visión: x=265.51, y=98.19, θ=1.68
2026-06-02 14:30:32.018 - [robot_6_log_20260602_143011.csv] - DEBUG - Frecuencia: 96.77 Hz | Latencia Red/Proc: 40.51 ms
2026-06-02 14:30:32.055 - [robot_6_log_20260602_143011.csv] - DEBUG - Incoming data. Topic 6/pos, mensaje {"x": 265.51, "y": 98.19, "yaw": 1.679, "timestamp": 1780403431.9883115}
2026-06-02 14:30:32.057 - [robot_6_log_20260602_143011.csv] - INFO - Usando posición VISION: x=265.51, y=98.19, θ=1.68
2026-06-02 14:30:32.057 - [robot_6_log_20260602_143011.csv] - INFO - Distancias a paredes: Left: 265.51, Right: 184.49, Top: 41.81, Bottom: 98.19
2026-06-02 14:30:32.057 - [robot_6_log_20260602_143011.csv] - INFO - Posicion: 265.51, 98.19, 1.679 | Velocidad: -0.9941516919105917, -0.10799265470997543
2026-06-02 14:30:32.057 - [robot_6_log_20260602_143011.csv] - INFO - None
2026-06-02 14:30:32.057 - [robot_6_log_20260602_143011.csv] - WARNING - Estado FSM: AVANZA | Target Wall: None | Target Theta: 0.00° |theta: 96.19961380246522 
2026-06-02 14:30:32.057 - [robot_6_log_20260602_143011.csv] - DEBUG - Posición actualizada por visión: x=265.51, y=98.19, θ=1.68
2026-06-02 14:30:32.068 - [robot_6_log_20260602_143011.csv] - DEBUG - Frecuencia: 20.01 Hz | Latencia Red/Proc: 79.69 ms
2026-06-02 14:30:32.083 - [robot_6_log_20260602_143011.csv] - DEBUG - Incoming data. Topic agent/6/wheel, mensaje {"Wleft":1.657007864e-15,"Wright":-3.719247132e-16}
2026-06-02 14:30:32.088 - [robot_6_log_20260602_143011.csv] - DEBUG - Incoming data. Topic 6/pos, mensaje {"x": 265.48, "y": 98.24, "yaw": 1.676, "timestamp": 1780403432.0776925}
2026-06-02 14:30:32.093 - [robot_6_log_20260602_143011.csv] - DEBUG - Posición actualizada por visión: x=265.48, y=98.24, θ=1.68
2026-06-02 14:30:32.099 - [robot_6_log_20260602_143011.csv] - DEBUG - Frecuencia: 32.16 Hz | Latencia Red/Proc: 21.40 ms
2026-06-02 14:30:32.104 - [robot_6_log_20260602_143011.csv] - DEBUG - Incoming data. Topic 6/pos, mensaje {"x": 265.48, "y": 98.24, "yaw": 1.676, "timestamp": 1780403432.0776925}
2026-06-02 14:30:32.107 - [robot_6_log_20260602_143011.csv] - INFO - Usando posición VISION: x=265.48, y=98.24, θ=1.68
2026-06-02 14:30:32.107 - [robot_6_log_20260602_143011.csv] - DEBUG - Posición actualizada por visión: x=265.48, y=98.24, θ=1.68
2026-06-02 14:30:32.107 - [robot_6_log_20260602_143011.csv] - INFO - Distancias a paredes: Left: 265.48, Right: 184.52, Top: 41.76, Bottom: 98.24
2026-06-02 14:30:32.107 - [robot_6_log_20260602_143011.csv] - DEBUG - Frecuencia: 116.03 Hz | Latencia Red/Proc: 30.02 ms
2026-06-02 14:30:32.107 - [robot_6_log_20260602_143011.csv] - INFO - Posicion: 265.48, 98.24, 1.676 | Velocidad: -0.9944711957094966, -0.10500971814134243
2026-06-02 14:30:32.107 - [robot_6_log_20260602_143011.csv] - INFO - None
2026-06-02 14:30:32.107 - [robot_6_log_20260602_143011.csv] - DEBUG - Incoming data. Topic 6/pos, mensaje {"x": 265.48, "y": 98.24, "yaw": 1.676, "timestamp": 1780403432.0888355}
2026-06-02 14:30:32.107 - [robot_6_log_20260602_143011.csv] - WARNING - Estado FSM: AVANZA | Target Wall: None | Target Theta: 0.00° |theta: 96.02772646392597 
2026-06-02 14:30:32.107 - [robot_6_log_20260602_143011.csv] - DEBUG - Posición actualizada por visión: x=265.48, y=98.24, θ=1.68
2026-06-02 14:30:32.113 - [robot_6_log_20260602_143011.csv] - DEBUG - Frecuencia: 188.39 Hz | Latencia Red/Proc: 24.19 ms
2026-06-02 14:30:32.123 - [robot_6_log_20260602_143011.csv] - DEBUG - Incoming data. Topic 6/pos, mensaje {"x": 265.48, "y": 98.24, "yaw": 1.676, "timestamp": 1780403432.0888355}
2026-06-02 14:30:32.123 - [robot_6_log_20260602_143011.csv] - DEBUG - Posición actualizada por visión: x=265.48, y=98.24, θ=1.68
2026-06-02 14:30:32.128 - [robot_6_log_20260602_143011.csv] - DEBUG - Frecuencia: 64.48 Hz | Latencia Red/Proc: 39.70 ms
2026-06-02 14:30:32.157 - [robot_6_log_20260602_143011.csv] - INFO - Usando posición VISION: x=265.48, y=98.24, θ=1.68
2026-06-02 14:30:32.157 - [robot_6_log_20260602_143011.csv] - INFO - Distancias a paredes: Left: 265.48, Right: 184.52, Top: 41.76, Bottom: 98.24
2026-06-02 14:30:32.157 - [robot_6_log_20260602_143011.csv] - INFO - Posicion: 265.48, 98.24, 1.676 | Velocidad: -0.9944711957094966, -0.10500971814134243
2026-06-02 14:30:32.157 - [robot_6_log_20260602_143011.csv] - INFO - None
2026-06-02 14:30:32.157 - [robot_6_log_20260602_143011.csv] - WARNING - Estado FSM: AVANZA | Target Wall: None | Target Theta: 0.00° |theta: 96.02772646392597 
2026-06-02 14:30:32.181 - [robot_6_log_20260602_143011.csv] - DEBUG - Incoming data. Topic 6/pos, mensaje {"x": 265.52, "y": 98.2, "yaw": 1.68, "timestamp": 1780403432.1773744}
2026-06-02 14:30:32.186 - [robot_6_log_20260602_143011.csv] - DEBUG - Posición actualizada por visión: x=265.52, y=98.20, θ=1.68
2026-06-02 14:30:32.186 - [robot_6_log_20260602_143011.csv] - DEBUG - Frecuencia: 17.12 Hz | Latencia Red/Proc: 9.57 ms
2026-06-02 14:30:32.186 - [robot_6_log_20260602_143011.csv] - DEBUG - Incoming data. Topic 6/pos, mensaje {"x": 265.52, "y": 98.2, "yaw": 1.68, "timestamp": 1780403432.1773744}
2026-06-02 14:30:32.186 - [robot_6_log_20260602_143011.csv] - DEBUG - Posición actualizada por visión: x=265.52, y=98.20, θ=1.68
2026-06-02 14:30:32.187 - [robot_6_log_20260602_143011.csv] - DEBUG - Frecuencia: 16710.37 Hz | Latencia Red/Proc: 9.63 ms
2026-06-02 14:30:32.198 - [robot_6_log_20260602_143011.csv] - DEBUG - Incoming data. Topic 6/pos, mensaje {"x": 265.52, "y": 98.2, "yaw": 1.68, "timestamp": 1780403432.1876948}
2026-06-02 14:30:32.203 - [robot_6_log_20260602_143011.csv] - DEBUG - Posición actualizada por visión: x=265.52, y=98.20, θ=1.68
2026-06-02 14:30:32.207 - [robot_6_log_20260602_143011.csv] - INFO - Usando posición VISION: x=265.52, y=98.20, θ=1.68
2026-06-02 14:30:32.207 - [robot_6_log_20260602_143011.csv] - INFO - Distancias a paredes: Left: 265.52, Right: 184.48, Top: 41.80, Bottom: 98.20
2026-06-02 14:30:32.207 - [robot_6_log_20260602_143011.csv] - INFO - Posicion: 265.52, 98.2, 1.68 | Velocidad: -0.994043202198076, -0.10898675223987112
2026-06-02 14:30:32.207 - [robot_6_log_20260602_143011.csv] - INFO - None
2026-06-02 14:30:32.207 - [robot_6_log_20260602_143011.csv] - DEBUG - Frecuencia: 48.74 Hz | Latencia Red/Proc: 19.83 ms
2026-06-02 14:30:32.207 - [robot_6_log_20260602_143011.csv] - WARNING - Estado FSM: AVANZA | Target Wall: None | Target Theta: 0.00° |theta: 96.2569095819783 
2026-06-02 14:30:32.207 - [robot_6_log_20260602_143011.csv] - DEBUG - Incoming data. Topic agent/6/wheel, mensaje {"Wleft":1.657007864e-15,"Wright":-3.719247132e-16}
2026-06-02 14:30:32.253 - [robot_6_log_20260602_143011.csv] - DEBUG - Incoming data. Topic 6/pos, mensaje {"x": 265.52, "y": 98.2, "yaw": 1.68, "timestamp": 1780403432.1876948}
2026-06-02 14:30:32.257 - [robot_6_log_20260602_143011.csv] - INFO - Usando posición VISION: x=265.52, y=98.20, θ=1.68
2026-06-02 14:30:32.257 - [robot_6_log_20260602_143011.csv] - INFO - Distancias a paredes: Left: 265.52, Right: 184.48, Top: 41.80, Bottom: 98.20
2026-06-02 14:30:32.257 - [robot_6_log_20260602_143011.csv] - INFO - Posicion: 265.52, 98.2, 1.68 | Velocidad: -0.994043202198076, -0.10898675223987112
2026-06-02 14:30:32.257 - [robot_6_log_20260602_143011.csv] - INFO - None
2026-06-02 14:30:32.257 - [robot_6_log_20260602_143011.csv] - DEBUG - Posición actualizada por visión: x=265.52, y=98.20, θ=1.68
2026-06-02 14:30:32.257 - [robot_6_log_20260602_143011.csv] - WARNING - Estado FSM: AVANZA | Target Wall: None | Target Theta: 0.00° |theta: 96.2569095819783 
2026-06-02 14:30:32.258 - [robot_6_log_20260602_143011.csv] - DEBUG - Frecuencia: 19.80 Hz | Latencia Red/Proc: 70.33 ms
2026-06-02 14:30:32.280 - [robot_6_log_20260602_143011.csv] - DEBUG - Incoming data. Topic 6/pos, mensaje {"x": 265.48, "y": 98.23, "yaw": 1.669, "timestamp": 1780403432.275038}
2026-06-02 14:30:32.280 - [robot_6_log_20260602_143011.csv] - DEBUG - Posición actualizada por visión: x=265.48, y=98.23, θ=1.67
2026-06-02 14:30:32.285 - [robot_6_log_20260602_143011.csv] - DEBUG - Frecuencia: 35.95 Hz | Latencia Red/Proc: 10.80 ms
2026-06-02 14:30:32.285 - [robot_6_log_20260602_143011.csv] - DEBUG - Incoming data. Topic 6/pos, mensaje {"x": 265.48, "y": 98.23, "yaw": 1.669, "timestamp": 1780403432.275038}
2026-06-02 14:30:32.285 - [robot_6_log_20260602_143011.csv] - DEBUG - Posición actualizada por visión: x=265.48, y=98.23, θ=1.67
2026-06-02 14:30:32.285 - [robot_6_log_20260602_143011.csv] - DEBUG - Frecuencia: 6853.44 Hz | Latencia Red/Proc: 10.95 ms
2026-06-02 14:30:32.291 - [robot_6_log_20260602_143011.csv] - DEBUG - Incoming data. Topic 6/pos, mensaje {"x": 265.48, "y": 98.23, "yaw": 1.669, "timestamp": 1780403432.2859037}
2026-06-02 14:30:32.296 - [robot_6_log_20260602_143011.csv] - DEBUG - Posición actualizada por visión: x=265.48, y=98.23, θ=1.67
2026-06-02 14:30:32.301 - [robot_6_log_20260602_143011.csv] - DEBUG - Frecuencia: 63.79 Hz | Latencia Red/Proc: 15.76 ms
2026-06-02 14:30:32.306 - [robot_6_log_20260602_143011.csv] - DEBUG - Incoming data. Topic agent/6/wheel, mensaje {"Wleft":1.657007864e-15,"Wright":-3.719247132e-16}
2026-06-02 14:30:32.307 - [robot_6_log_20260602_143011.csv] - INFO - Usando posición VISION: x=265.48, y=98.23, θ=1.67
2026-06-02 14:30:32.307 - [robot_6_log_20260602_143011.csv] - INFO - Distancias a paredes: Left: 265.48, Right: 184.52, Top: 41.77, Bottom: 98.23
2026-06-02 14:30:32.307 - [robot_6_log_20260602_143011.csv] - INFO - Posicion: 265.48, 98.23, 1.669 | Velocidad: -0.9951818932886386, -0.09804590389425098
2026-06-02 14:30:32.307 - [robot_6_log_20260602_143011.csv] - INFO - None
2026-06-02 14:30:32.307 - [robot_6_log_20260602_143011.csv] - WARNING - Estado FSM: AVANZA | Target Wall: None | Target Theta: 0.00° |theta: 95.6266560073344 
2026-06-02 14:30:32.337 - [robot_6_log_20260602_143011.csv] - DEBUG - Incoming data. Topic 6/pos, mensaje {"x": 265.48, "y": 98.23, "yaw": 1.669, "timestamp": 1780403432.2859037}
2026-06-02 14:30:32.337 - [robot_6_log_20260602_143011.csv] - DEBUG - Posición actualizada por visión: x=265.48, y=98.23, θ=1.67
2026-06-02 14:30:32.342 - [robot_6_log_20260602_143011.csv] - DEBUG - Frecuencia: 24.48 Hz | Latencia Red/Proc: 56.61 ms
2026-06-02 14:30:32.357 - [robot_6_log_20260602_143011.csv] - INFO - Usando posición VISION: x=265.48, y=98.23, θ=1.67
2026-06-02 14:30:32.357 - [robot_6_log_20260602_143011.csv] - INFO - Distancias a paredes: Left: 265.48, Right: 184.52, Top: 41.77, Bottom: 98.23
2026-06-02 14:30:32.357 - [robot_6_log_20260602_143011.csv] - INFO - Posicion: 265.48, 98.23, 1.669 | Velocidad: -0.9951818932886386, -0.09804590389425098
2026-06-02 14:30:32.357 - [robot_6_log_20260602_143011.csv] - INFO - None
2026-06-02 14:30:32.357 - [robot_6_log_20260602_143011.csv] - DEBUG - Incoming data. Topic agent/6/wheel, mensaje {"Wleft":1.657007864e-15,"Wright":-3.719247132e-16}
2026-06-02 14:30:32.357 - [robot_6_log_20260602_143011.csv] - WARNING - Estado FSM: AVANZA | Target Wall: None | Target Theta: 0.00° |theta: 95.6266560073344 
2026-06-02 14:30:32.392 - [robot_6_log_20260602_143011.csv] - DEBUG - Incoming data. Topic 6/pos, mensaje {"x": 265.49, "y": 98.22, "yaw": 1.669, "timestamp": 1780403432.3772845}
2026-06-02 14:30:32.397 - [robot_6_log_20260602_143011.csv] - DEBUG - Posición actualizada por visión: x=265.49, y=98.22, θ=1.67
2026-06-02 14:30:32.402 - [robot_6_log_20260602_143011.csv] - DEBUG - Frecuencia: 16.55 Hz | Latencia Red/Proc: 25.67 ms
2026-06-02 14:30:32.407 - [robot_6_log_20260602_143011.csv] - INFO - Usando posición VISION: x=265.49, y=98.22, θ=1.67
2026-06-02 14:30:32.407 - [robot_6_log_20260602_143011.csv] - INFO - Distancias a paredes: Left: 265.49, Right: 184.51, Top: 41.78, Bottom: 98.22
2026-06-02 14:30:32.407 - [robot_6_log_20260602_143011.csv] - INFO - Posicion: 265.49, 98.22, 1.669 | Velocidad: -0.9951818932886386, -0.09804590389425098
2026-06-02 14:30:32.407 - [robot_6_log_20260602_143011.csv] - INFO - None
2026-06-02 14:30:32.407 - [robot_6_log_20260602_143011.csv] - WARNING - Estado FSM: AVANZA | Target Wall: None | Target Theta: 0.00° |theta: 95.6266560073344 
2026-06-02 14:30:32.418 - [robot_6_log_20260602_143011.csv] - DEBUG - Incoming data. Topic 6/pos, mensaje {"x": 265.49, "y": 98.22, "yaw": 1.669, "timestamp": 1780403432.3772845}
2026-06-02 14:30:32.418 - [robot_6_log_20260602_143011.csv] - DEBUG - Posición actualizada por visión: x=265.49, y=98.22, θ=1.67
2026-06-02 14:30:32.428 - [robot_6_log_20260602_143011.csv] - DEBUG - Frecuencia: 39.01 Hz | Latencia Red/Proc: 51.31 ms
2026-06-02 14:30:32.443 - [robot_6_log_20260602_143011.csv] - DEBUG - Incoming data. Topic 6/pos, mensaje {"x": 265.49, "y": 98.22, "yaw": 1.669, "timestamp": 1780403432.388157}
2026-06-02 14:30:32.449 - [robot_6_log_20260602_143011.csv] - DEBUG - Posición actualizada por visión: x=265.49, y=98.22, θ=1.67
2026-06-02 14:30:32.455 - [robot_6_log_20260602_143011.csv] - DEBUG - Frecuencia: 37.51 Hz | Latencia Red/Proc: 67.09 ms
2026-06-02 14:30:32.457 - [robot_6_log_20260602_143011.csv] - INFO - Usando posición VISION: x=265.49, y=98.22, θ=1.67
2026-06-02 14:30:32.457 - [robot_6_log_20260602_143011.csv] - DEBUG - Incoming data. Topic 6/pos, mensaje {"x": 265.49, "y": 98.22, "yaw": 1.669, "timestamp": 1780403432.388157}
2026-06-02 14:30:32.457 - [robot_6_log_20260602_143011.csv] - INFO - Distancias a paredes: Left: 265.49, Right: 184.51, Top: 41.78, Bottom: 98.22
2026-06-02 14:30:32.457 - [robot_6_log_20260602_143011.csv] - DEBUG - Posición actualizada por visión: x=265.49, y=98.22, θ=1.67
2026-06-02 14:30:32.457 - [robot_6_log_20260602_143011.csv] - INFO - Posicion: 265.49, 98.22, 1.669 | Velocidad: -0.9951818932886386, -0.09804590389425098
2026-06-02 14:30:32.457 - [robot_6_log_20260602_143011.csv] - DEBUG - Frecuencia: 407.97 Hz | Latencia Red/Proc: 69.54 ms
2026-06-02 14:30:32.457 - [robot_6_log_20260602_143011.csv] - INFO - None
2026-06-02 14:30:32.457 - [robot_6_log_20260602_143011.csv] - WARNING - Estado FSM: AVANZA | Target Wall: None | Target Theta: 0.00° |theta: 95.6266560073344 
2026-06-02 14:30:32.482 - [robot_6_log_20260602_143011.csv] - DEBUG - Incoming data. Topic 6/pos, mensaje {"x": 265.48, "y": 98.23, "yaw": 1.675, "timestamp": 1780403432.4771297}
2026-06-02 14:30:32.482 - [robot_6_log_20260602_143011.csv] - DEBUG - Posición actualizada por visión: x=265.48, y=98.23, θ=1.68
2026-06-02 14:30:32.482 - [robot_6_log_20260602_143011.csv] - DEBUG - Frecuencia: 40.62 Hz | Latencia Red/Proc: 5.19 ms
2026-06-02 14:30:32.492 - [robot_6_log_20260602_143011.csv] - DEBUG - Incoming data. Topic 6/pos, mensaje {"x": 265.48, "y": 98.23, "yaw": 1.675, "timestamp": 1780403432.4771297}
2026-06-02 14:30:32.497 - [robot_6_log_20260602_143011.csv] - DEBUG - Posición actualizada por visión: x=265.48, y=98.23, θ=1.68
2026-06-02 14:30:32.497 - [robot_6_log_20260602_143011.csv] - DEBUG - Frecuencia: 64.99 Hz | Latencia Red/Proc: 20.58 ms
2026-06-02 14:30:32.497 - [robot_6_log_20260602_143011.csv] - DEBUG - Incoming data. Topic 6/pos, mensaje {"x": 265.48, "y": 98.23, "yaw": 1.675, "timestamp": 1780403432.4883537}
2026-06-02 14:30:32.497 - [robot_6_log_20260602_143011.csv] - DEBUG - Posición actualizada por visión: x=265.48, y=98.23, θ=1.68
2026-06-02 14:30:32.497 - [robot_6_log_20260602_143011.csv] - DEBUG - Frecuencia: 13573.80 Hz | Latencia Red/Proc: 9.43 ms
2026-06-02 14:30:32.497 - [robot_6_log_20260602_143011.csv] - DEBUG - Incoming data. Topic 6/pos, mensaje {"x": 265.48, "y": 98.23, "yaw": 1.675, "timestamp": 1780403432.4883537}
2026-06-02 14:30:32.497 - [robot_6_log_20260602_143011.csv] - DEBUG - Posición actualizada por visión: x=265.48, y=98.23, θ=1.68
2026-06-02 14:30:32.497 - [robot_6_log_20260602_143011.csv] - DEBUG - Frecuencia: 22075.28 Hz | Latencia Red/Proc: 9.47 ms
2026-06-02 14:30:32.507 - [robot_6_log_20260602_143011.csv] - INFO - Usando posición VISION: x=265.48, y=98.23, θ=1.68
2026-06-02 14:30:32.507 - [robot_6_log_20260602_143011.csv] - INFO - Distancias a paredes: Left: 265.48, Right: 184.52, Top: 41.77, Bottom: 98.23
2026-06-02 14:30:32.507 - [robot_6_log_20260602_143011.csv] - INFO - Posicion: 265.48, 98.23, 1.675 | Velocidad: -0.9945757081745799, -0.10401519460652353
2026-06-02 14:30:32.507 - [robot_6_log_20260602_143011.csv] - INFO - None
2026-06-02 14:30:32.507 - [robot_6_log_20260602_143011.csv] - WARNING - Estado FSM: AVANZA | Target Wall: None | Target Theta: 0.00° |theta: 95.97043068441289 
2026-06-02 14:30:32.537 - [robot_6_log_20260602_143011.csv] - DEBUG - Incoming data. Topic agent/6/wheel, mensaje {"Wleft":1.657007864e-15,"Wright":-3.719247132e-16}
2026-06-02 14:30:32.557 - [robot_6_log_20260602_143011.csv] - INFO - Usando posición VISION: x=265.48, y=98.23, θ=1.68
2026-06-02 14:30:32.557 - [robot_6_log_20260602_143011.csv] - INFO - Distancias a paredes: Left: 265.48, Right: 184.52, Top: 41.77, Bottom: 98.23
2026-06-02 14:30:32.557 - [robot_6_log_20260602_143011.csv] - INFO - Posicion: 265.48, 98.23, 1.675 | Velocidad: -0.9945757081745799, -0.10401519460652353
2026-06-02 14:30:32.557 - [robot_6_log_20260602_143011.csv] - INFO - None
2026-06-02 14:30:32.557 - [robot_6_log_20260602_143011.csv] - WARNING - Estado FSM: AVANZA | Target Wall: None | Target Theta: 0.00° |theta: 95.97043068441289 
2026-06-02 14:30:32.562 - [robot_6_log_20260602_143011.csv] - DEBUG - Incoming data. Topic agent/6/wheel, mensaje {"Wleft":1.657007864e-15,"Wright":-3.719247132e-16}
2026-06-02 14:30:32.580 - [robot_6_log_20260602_143011.csv] - DEBUG - Incoming data. Topic 6/pos, mensaje {"x": 265.51, "y": 98.22, "yaw": 1.681, "timestamp": 1780403432.5753462}
2026-06-02 14:30:32.580 - [robot_6_log_20260602_143011.csv] - DEBUG - Posición actualizada por visión: x=265.51, y=98.22, θ=1.68
2026-06-02 14:30:32.580 - [robot_6_log_20260602_143011.csv] - DEBUG - Frecuencia: 12.11 Hz | Latencia Red/Proc: 5.08 ms
2026-06-02 14:30:32.580 - [robot_6_log_20260602_143011.csv] - DEBUG - Incoming data. Topic 6/pos, mensaje {"x": 265.51, "y": 98.22, "yaw": 1.681, "timestamp": 1780403432.5753462}
2026-06-02 14:30:32.580 - [robot_6_log_20260602_143011.csv] - DEBUG - Posición actualizada por visión: x=265.51, y=98.22, θ=1.68
2026-06-02 14:30:32.580 - [robot_6_log_20260602_143011.csv] - DEBUG - Frecuencia: 26214.40 Hz | Latencia Red/Proc: 5.12 ms
2026-06-02 14:30:32.596 - [robot_6_log_20260602_143011.csv] - DEBUG - Incoming data. Topic 6/pos, mensaje {"x": 265.51, "y": 98.22, "yaw": 1.681, "timestamp": 1780403432.58641}
2026-06-02 14:30:32.602 - [robot_6_log_20260602_143011.csv] - DEBUG - Posición actualizada por visión: x=265.51, y=98.22, θ=1.68
2026-06-02 14:30:32.607 - [robot_6_log_20260602_143011.csv] - DEBUG - Frecuencia: 37.48 Hz | Latencia Red/Proc: 20.73 ms
2026-06-02 14:30:32.607 - [robot_6_log_20260602_143011.csv] - INFO - Usando posición VISION: x=265.51, y=98.22, θ=1.68
2026-06-02 14:30:32.607 - [robot_6_log_20260602_143011.csv] - INFO - Distancias a paredes: Left: 265.51, Right: 184.49, Top: 41.78, Bottom: 98.22
2026-06-02 14:30:32.607 - [robot_6_log_20260602_143011.csv] - DEBUG - Incoming data. Topic 6/pos, mensaje {"x": 265.51, "y": 98.22, "yaw": 1.681, "timestamp": 1780403432.58641}
2026-06-02 14:30:32.607 - [robot_6_log_20260602_143011.csv] - INFO - Posicion: 265.51, 98.22, 1.681 | Velocidad: -0.9939337184424408, -0.10998074078302386
2026-06-02 14:30:32.607 - [robot_6_log_20260602_143011.csv] - DEBUG - Posición actualizada por visión: x=265.51, y=98.22, θ=1.68
2026-06-02 14:30:32.607 - [robot_6_log_20260602_143011.csv] - INFO - None
2026-06-02 14:30:32.607 - [robot_6_log_20260602_143011.csv] - DEBUG - Frecuencia: 1808.67 Hz | Latencia Red/Proc: 21.28 ms
2026-06-02 14:30:32.607 - [robot_6_log_20260602_143011.csv] - WARNING - Estado FSM: AVANZA | Target Wall: None | Target Theta: 0.00° |theta: 96.31420536149139 
2026-06-02 14:30:32.657 - [robot_6_log_20260602_143011.csv] - INFO - Usando posición VISION: x=265.51, y=98.22, θ=1.68
2026-06-02 14:30:32.657 - [robot_6_log_20260602_143011.csv] - INFO - Distancias a paredes: Left: 265.51, Right: 184.49, Top: 41.78, Bottom: 98.22
2026-06-02 14:30:32.657 - [robot_6_log_20260602_143011.csv] - INFO - Posicion: 265.51, 98.22, 1.681 | Velocidad: -0.9939337184424408, -0.10998074078302386
2026-06-02 14:30:32.657 - [robot_6_log_20260602_143011.csv] - INFO - None
2026-06-02 14:30:32.657 - [robot_6_log_20260602_143011.csv] - WARNING - Estado FSM: AVANZA | Target Wall: None | Target Theta: 0.00° |theta: 96.31420536149139 
2026-06-02 14:30:32.682 - [robot_6_log_20260602_143011.csv] - DEBUG - Incoming data. Topic 6/pos, mensaje {"x": 265.47, "y": 98.24, "yaw": 1.672, "timestamp": 1780403432.677553}
2026-06-02 14:30:32.687 - [robot_6_log_20260602_143011.csv] - DEBUG - Posición actualizada por visión: x=265.47, y=98.24, θ=1.67
2026-06-02 14:30:32.687 - [robot_6_log_20260602_143011.csv] - DEBUG - Frecuencia: 12.52 Hz | Latencia Red/Proc: 10.01 ms
2026-06-02 14:30:32.698 - [robot_6_log_20260602_143011.csv] - DEBUG - Incoming data. Topic 6/pos, mensaje {"x": 265.47, "y": 98.24, "yaw": 1.672, "timestamp": 1780403432.677553}
2026-06-02 14:30:32.704 - [robot_6_log_20260602_143011.csv] - DEBUG - Posición actualizada por visión: x=265.47, y=98.24, θ=1.67
2026-06-02 14:30:32.707 - [robot_6_log_20260602_143011.csv] - INFO - Usando posición VISION: x=265.47, y=98.24, θ=1.67
2026-06-02 14:30:32.707 - [robot_6_log_20260602_143011.csv] - DEBUG - Frecuencia: 49.98 Hz | Latencia Red/Proc: 30.02 ms
2026-06-02 14:30:32.707 - [robot_6_log_20260602_143011.csv] - DEBUG - Incoming data. Topic 6/pos, mensaje {"x": 265.47, "y": 98.24, "yaw": 1.672, "timestamp": 1780403432.6887825}
2026-06-02 14:30:32.707 - [robot_6_log_20260602_143011.csv] - DEBUG - Posición actualizada por visión: x=265.47, y=98.24, θ=1.67
2026-06-02 14:30:32.707 - [robot_6_log_20260602_143011.csv] - DEBUG - Frecuencia: 6423.13 Hz | Latencia Red/Proc: 18.95 ms
2026-06-02 14:30:32.707 - [robot_6_log_20260602_143011.csv] - DEBUG - Incoming data. Topic 6/pos, mensaje {"x": 265.47, "y": 98.24, "yaw": 1.672, "timestamp": 1780403432.6887825}
2026-06-02 14:30:32.707 - [robot_6_log_20260602_143011.csv] - DEBUG - Posición actualizada por visión: x=265.47, y=98.24, θ=1.67
2026-06-02 14:30:32.707 - [robot_6_log_20260602_143011.csv] - DEBUG - Frecuencia: 27060.03 Hz | Latencia Red/Proc: 18.99 ms
2026-06-02 14:30:32.707 - [robot_6_log_20260602_143011.csv] - INFO - Distancias a paredes: Left: 265.47, Right: 184.53, Top: 41.76, Bottom: 98.24
2026-06-02 14:30:32.707 - [robot_6_log_20260602_143011.csv] - INFO - Posicion: 265.47, 98.24, 1.672 | Velocidad: -0.9948832777030012, -0.10103100388956367
2026-06-02 14:30:32.707 - [robot_6_log_20260602_143011.csv] - INFO - None
2026-06-02 14:30:32.707 - [robot_6_log_20260602_143011.csv] - WARNING - Estado FSM: AVANZA | Target Wall: None | Target Theta: 0.00° |theta: 95.79854334587364 
2026-06-02 14:30:32.732 - [robot_6_log_20260602_143011.csv] - DEBUG - Incoming data. Topic agent/6/wheel, mensaje {"Wleft":1.657007864e-15,"Wright":-3.719247132e-16}
2026-06-02 14:30:32.755 - [robot_6_log_20260602_143011.csv] - DEBUG - Incoming data. Topic agent/6/wheel, mensaje {"Wleft":1.657007864e-15,"Wright":-3.719247132e-16}
2026-06-02 14:30:32.757 - [robot_6_log_20260602_143011.csv] - INFO - Usando posición VISION: x=265.47, y=98.24, θ=1.67
2026-06-02 14:30:32.757 - [robot_6_log_20260602_143011.csv] - INFO - Distancias a paredes: Left: 265.47, Right: 184.53, Top: 41.76, Bottom: 98.24
2026-06-02 14:30:32.757 - [robot_6_log_20260602_143011.csv] - INFO - Posicion: 265.47, 98.24, 1.672 | Velocidad: -0.9948832777030012, -0.10103100388956367
2026-06-02 14:30:32.757 - [robot_6_log_20260602_143011.csv] - INFO - None
2026-06-02 14:30:32.757 - [robot_6_log_20260602_143011.csv] - WARNING - Estado FSM: AVANZA | Target Wall: None | Target Theta: 0.00° |theta: 95.79854334587364 
2026-06-02 14:30:32.787 - [robot_6_log_20260602_143011.csv] - DEBUG - Incoming data. Topic 6/pos, mensaje {"x": 265.49, "y": 98.21, "yaw": 1.67, "timestamp": 1780403432.7779648}
2026-06-02 14:30:32.787 - [robot_6_log_20260602_143011.csv] - DEBUG - Posición actualizada por visión: x=265.49, y=98.21, θ=1.67
2026-06-02 14:30:32.792 - [robot_6_log_20260602_143011.csv] - DEBUG - Frecuencia: 11.78 Hz | Latencia Red/Proc: 14.66 ms
2026-06-02 14:30:32.807 - [robot_6_log_20260602_143011.csv] - INFO - Usando posición VISION: x=265.49, y=98.21, θ=1.67
2026-06-02 14:30:32.807 - [robot_6_log_20260602_143011.csv] - DEBUG - Incoming data. Topic 6/pos, mensaje {"x": 265.49, "y": 98.21, "yaw": 1.67, "timestamp": 1780403432.7779648}
2026-06-02 14:30:32.807 - [robot_6_log_20260602_143011.csv] - INFO - Distancias a paredes: Left: 265.49, Right: 184.51, Top: 41.79, Bottom: 98.21
2026-06-02 14:30:32.807 - [robot_6_log_20260602_143011.csv] - DEBUG - Posición actualizada por visión: x=265.49, y=98.21, θ=1.67
2026-06-02 14:30:32.807 - [robot_6_log_20260602_143011.csv] - INFO - Posicion: 265.49, 98.21, 1.67 | Velocidad: -0.9950833498101802, -0.09904103659872801
2026-06-02 14:30:32.807 - [robot_6_log_20260602_143011.csv] - DEBUG - Frecuencia: 65.99 Hz | Latencia Red/Proc: 29.81 ms
2026-06-02 14:30:32.807 - [robot_6_log_20260602_143011.csv] - INFO - None
2026-06-02 14:30:32.807 - [robot_6_log_20260602_143011.csv] - DEBUG - Incoming data. Topic 6/pos, mensaje {"x": 265.49, "y": 98.21, "yaw": 1.67, "timestamp": 1780403432.789087}
2026-06-02 14:30:32.807 - [robot_6_log_20260602_143011.csv] - DEBUG - Posición actualizada por visión: x=265.49, y=98.21, θ=1.67
2026-06-02 14:30:32.807 - [robot_6_log_20260602_143011.csv] - DEBUG - Frecuencia: 4554.08 Hz | Latencia Red/Proc: 18.91 ms
2026-06-02 14:30:32.808 - [robot_6_log_20260602_143011.csv] - DEBUG - Incoming data. Topic 6/pos, mensaje {"x": 265.49, "y": 98.21, "yaw": 1.67, "timestamp": 1780403432.789087}
2026-06-02 14:30:32.808 - [robot_6_log_20260602_143011.csv] - DEBUG - Posición actualizada por visión: x=265.49, y=98.21, θ=1.67
2026-06-02 14:30:32.808 - [robot_6_log_20260602_143011.csv] - DEBUG - Frecuencia: 28728.11 Hz | Latencia Red/Proc: 18.95 ms
2026-06-02 14:30:32.807 - [robot_6_log_20260602_143011.csv] - WARNING - Estado FSM: AVANZA | Target Wall: None | Target Theta: 0.00° |theta: 95.68395178684747 
2026-06-02 14:30:32.857 - [robot_6_log_20260602_143011.csv] - INFO - Usando posición VISION: x=265.49, y=98.21, θ=1.67
2026-06-02 14:30:32.857 - [robot_6_log_20260602_143011.csv] - INFO - Distancias a paredes: Left: 265.49, Right: 184.51, Top: 41.79, Bottom: 98.21
2026-06-02 14:30:32.857 - [robot_6_log_20260602_143011.csv] - INFO - Posicion: 265.49, 98.21, 1.67 | Velocidad: -0.9950833498101802, -0.09904103659872801
2026-06-02 14:30:32.857 - [robot_6_log_20260602_143011.csv] - INFO - None
2026-06-02 14:30:32.857 - [robot_6_log_20260602_143011.csv] - WARNING - Estado FSM: AVANZA | Target Wall: None | Target Theta: 0.00° |theta: 95.68395178684747 
2026-06-02 14:30:32.881 - [robot_6_log_20260602_143011.csv] - DEBUG - Incoming data. Topic 6/pos, mensaje {"x": 265.49, "y": 98.23, "yaw": 1.666, "timestamp": 1780403432.8778183}
2026-06-02 14:30:32.886 - [robot_6_log_20260602_143011.csv] - DEBUG - Posición actualizada por visión: x=265.49, y=98.23, θ=1.67
2026-06-02 14:30:32.891 - [robot_6_log_20260602_143011.csv] - DEBUG - Frecuencia: 11.96 Hz | Latencia Red/Proc: 13.86 ms
2026-06-02 14:30:32.891 - [robot_6_log_20260602_143011.csv] - DEBUG - Incoming data. Topic 6/pos, mensaje {"x": 265.49, "y": 98.23, "yaw": 1.666, "timestamp": 1780403432.8778183}
2026-06-02 14:30:32.891 - [robot_6_log_20260602_143011.csv] - DEBUG - Posición actualizada por visión: x=265.49, y=98.23, θ=1.67
2026-06-02 14:30:32.891 - [robot_6_log_20260602_143011.csv] - DEBUG - Frecuencia: 7084.97 Hz | Latencia Red/Proc: 14.00 ms
2026-06-02 14:30:32.891 - [robot_6_log_20260602_143011.csv] - DEBUG - Incoming data. Topic 6/pos, mensaje {"x": 265.49, "y": 98.23, "yaw": 1.666, "timestamp": 1780403432.8888896}
2026-06-02 14:30:32.891 - [robot_6_log_20260602_143011.csv] - DEBUG - Posición actualizada por visión: x=265.49, y=98.23, θ=1.67
2026-06-02 14:30:32.896 - [robot_6_log_20260602_143011.csv] - DEBUG - Frecuencia: 193.90 Hz | Latencia Red/Proc: 8.09 ms
2026-06-02 14:30:32.897 - [robot_6_log_20260602_143011.csv] - DEBUG - Incoming data. Topic 6/pos, mensaje {"x": 265.49, "y": 98.23, "yaw": 1.666, "timestamp": 1780403432.8888896}
2026-06-02 14:30:32.897 - [robot_6_log_20260602_143011.csv] - DEBUG - Posición actualizada por visión: x=265.49, y=98.23, θ=1.67
2026-06-02 14:30:32.897 - [robot_6_log_20260602_143011.csv] - DEBUG - Frecuencia: 10010.27 Hz | Latencia Red/Proc: 8.19 ms
2026-06-02 14:30:32.907 - [robot_6_log_20260602_143011.csv] - INFO - Usando posición VISION: x=265.49, y=98.23, θ=1.67
2026-06-02 14:30:32.907 - [robot_6_log_20260602_143011.csv] - INFO - Distancias a paredes: Left: 265.49, Right: 184.51, Top: 41.77, Bottom: 98.23
2026-06-02 14:30:32.907 - [robot_6_log_20260602_143011.csv] - INFO - Posicion: 265.49, 98.23, 1.666 | Velocidad: -0.995471552243954, -0.09505992148646485
2026-06-02 14:30:32.907 - [robot_6_log_20260602_143011.csv] - INFO - None
2026-06-02 14:30:32.907 - [robot_6_log_20260602_143011.csv] - WARNING - Estado FSM: AVANZA | Target Wall: None | Target Theta: 0.00° |theta: 95.45476866879514 
2026-06-02 14:30:32.932 - [robot_6_log_20260602_143011.csv] - DEBUG - Incoming data. Topic agent/6/wheel, mensaje {"Wleft":1.657007864e-15,"Wright":-3.719247132e-16}
2026-06-02 14:30:32.957 - [robot_6_log_20260602_143011.csv] - INFO - Usando posición VISION: x=265.49, y=98.23, θ=1.67
2026-06-02 14:30:32.957 - [robot_6_log_20260602_143011.csv] - INFO - Distancias a paredes: Left: 265.49, Right: 184.51, Top: 41.77, Bottom: 98.23
2026-06-02 14:30:32.957 - [robot_6_log_20260602_143011.csv] - INFO - Posicion: 265.49, 98.23, 1.666 | Velocidad: -0.995471552243954, -0.09505992148646485
2026-06-02 14:30:32.957 - [robot_6_log_20260602_143011.csv] - INFO - None
2026-06-02 14:30:32.957 - [robot_6_log_20260602_143011.csv] - WARNING - Estado FSM: AVANZA | Target Wall: None | Target Theta: 0.00° |theta: 95.45476866879514 
2026-06-02 14:30:32.987 - [robot_6_log_20260602_143011.csv] - DEBUG - Incoming data. Topic 6/pos, mensaje {"x": 265.47, "y": 98.24, "yaw": 1.674, "timestamp": 1780403432.9777744}
2026-06-02 14:30:32.987 - [robot_6_log_20260602_143011.csv] - DEBUG - Posición actualizada por visión: x=265.47, y=98.24, θ=1.67
2026-06-02 14:30:32.992 - [robot_6_log_20260602_143011.csv] - DEBUG - Frecuencia: 10.45 Hz | Latencia Red/Proc: 14.96 ms
2026-06-02 14:30:33.002 - [robot_6_log_20260602_143011.csv] - DEBUG - Incoming data. Topic 6/pos, mensaje {"x": 265.47, "y": 98.24, "yaw": 1.674, "timestamp": 1780403432.9777744}
2026-06-02 14:30:33.007 - [robot_6_log_20260602_143011.csv] - INFO - Usando posición VISION: x=265.47, y=98.24, θ=1.67
2026-06-02 14:30:33.007 - [robot_6_log_20260602_143011.csv] - DEBUG - Posición actualizada por visión: x=265.47, y=98.24, θ=1.67
2026-06-02 14:30:33.007 - [robot_6_log_20260602_143011.csv] - DEBUG - Frecuencia: 66.71 Hz | Latencia Red/Proc: 29.95 ms
2026-06-02 14:30:33.007 - [robot_6_log_20260602_143011.csv] - DEBUG - Incoming data. Topic 6/pos, mensaje {"x": 265.47, "y": 98.24, "yaw": 1.674, "timestamp": 1780403432.9875052}
2026-06-02 14:30:33.007 - [robot_6_log_20260602_143011.csv] - DEBUG - Posición actualizada por visión: x=265.47, y=98.24, θ=1.67
2026-06-02 14:30:33.007 - [robot_6_log_20260602_143011.csv] - INFO - Distancias a paredes: Left: 265.47, Right: 184.53, Top: 41.76, Bottom: 98.24
2026-06-02 14:30:33.007 - [robot_6_log_20260602_143011.csv] - DEBUG - Frecuencia: 9686.61 Hz | Latencia Red/Proc: 20.32 ms
2026-06-02 14:30:33.007 - [robot_6_log_20260602_143011.csv] - DEBUG - Incoming data. Topic 6/pos, mensaje {"x": 265.47, "y": 98.24, "yaw": 1.674, "timestamp": 1780403432.9875052}
2026-06-02 14:30:33.007 - [robot_6_log_20260602_143011.csv] - DEBUG - Posición actualizada por visión: x=265.47, y=98.24, θ=1.67
2026-06-02 14:30:33.007 - [robot_6_log_20260602_143011.csv] - DEBUG - Frecuencia: 6462.72 Hz | Latencia Red/Proc: 20.47 ms
2026-06-02 14:30:33.007 - [robot_6_log_20260602_143011.csv] - INFO - Posicion: 265.47, 98.24, 1.674 | Velocidad: -0.9946792260640379, -0.10302056705651848
2026-06-02 14:30:33.008 - [robot_6_log_20260602_143011.csv] - INFO - None
2026-06-02 14:30:33.008 - [robot_6_log_20260602_143011.csv] - WARNING - Estado FSM: AVANZA | Target Wall: None | Target Theta: 0.00° |theta: 95.9131349048998 
2026-06-02 14:30:33.032 - [robot_6_log_20260602_143011.csv] - DEBUG - Incoming data. Topic agent/6/wheel, mensaje {"Wleft":1.657007864e-15,"Wright":-3.719247132e-16}
2026-06-02 14:30:33.057 - [robot_6_log_20260602_143011.csv] - INFO - Usando posición VISION: x=265.47, y=98.24, θ=1.67
2026-06-02 14:30:33.057 - [robot_6_log_20260602_143011.csv] - INFO - Distancias a paredes: Left: 265.47, Right: 184.53, Top: 41.76, Bottom: 98.24
2026-06-02 14:30:33.057 - [robot_6_log_20260602_143011.csv] - INFO - Posicion: 265.47, 98.24, 1.674 | Velocidad: -0.9946792260640379, -0.10302056705651848
2026-06-02 14:30:33.057 - [robot_6_log_20260602_143011.csv] - INFO - None
2026-06-02 14:30:33.057 - [robot_6_log_20260602_143011.csv] - WARNING - Estado FSM: AVANZA | Target Wall: None | Target Theta: 0.00° |theta: 95.9131349048998 
2026-06-02 14:30:33.073 - [robot_6_log_20260602_143011.csv] - DEBUG - Incoming data. Topic agent/6/wheel, mensaje {"Wleft":1.657007864e-15,"Wright":-3.719247132e-16}
2026-06-02 14:30:33.078 - [robot_6_log_20260602_143011.csv] - DEBUG - Incoming data. Topic 6/pos, mensaje {"x": 265.53, "y": 98.19, "yaw": 1.68, "timestamp": 1780403433.0753188}
2026-06-02 14:30:33.083 - [robot_6_log_20260602_143011.csv] - DEBUG - Posición actualizada por visión: x=265.53, y=98.19, θ=1.68
2026-06-02 14:30:33.084 - [robot_6_log_20260602_143011.csv] - DEBUG - Frecuencia: 13.15 Hz | Latencia Red/Proc: 8.72 ms
2026-06-02 14:30:33.084 - [robot_6_log_20260602_143011.csv] - DEBUG - Incoming data. Topic 6/pos, mensaje {"x": 265.53, "y": 98.19, "yaw": 1.68, "timestamp": 1780403433.0753188}
2026-06-02 14:30:33.090 - [robot_6_log_20260602_143011.csv] - DEBUG - Posición actualizada por visión: x=265.53, y=98.19, θ=1.68
2026-06-02 14:30:33.090 - [robot_6_log_20260602_143011.csv] - DEBUG - Frecuencia: 156.09 Hz | Latencia Red/Proc: 15.13 ms
2026-06-02 14:30:33.090 - [robot_6_log_20260602_143011.csv] - DEBUG - Incoming data. Topic 6/pos, mensaje {"x": 265.53, "y": 98.19, "yaw": 1.68, "timestamp": 1780403433.0862632}
2026-06-02 14:30:33.100 - [robot_6_log_20260602_143011.csv] - DEBUG - Posición actualizada por visión: x=265.53, y=98.19, θ=1.68
2026-06-02 14:30:33.105 - [robot_6_log_20260602_143011.csv] - DEBUG - Frecuencia: 64.57 Hz | Latencia Red/Proc: 19.67 ms
2026-06-02 14:30:33.107 - [robot_6_log_20260602_143011.csv] - INFO - Usando posición VISION: x=265.53, y=98.19, θ=1.68
2026-06-02 14:30:33.107 - [robot_6_log_20260602_143011.csv] - INFO - Distancias a paredes: Left: 265.53, Right: 184.47, Top: 41.81, Bottom: 98.19
2026-06-02 14:30:33.107 - [robot_6_log_20260602_143011.csv] - INFO - Posicion: 265.53, 98.19, 1.68 | Velocidad: -0.994043202198076, -0.10898675223987112
2026-06-02 14:30:33.107 - [robot_6_log_20260602_143011.csv] - INFO - None
2026-06-02 14:30:33.107 - [robot_6_log_20260602_143011.csv] - DEBUG - Incoming data. Topic 6/pos, mensaje {"x": 265.53, "y": 98.19, "yaw": 1.68, "timestamp": 1780403433.0862632}
2026-06-02 14:30:33.107 - [robot_6_log_20260602_143011.csv] - WARNING - Estado FSM: AVANZA | Target Wall: None | Target Theta: 0.00° |theta: 96.2569095819783 
2026-06-02 14:30:33.107 - [robot_6_log_20260602_143011.csv] - DEBUG - Posición actualizada por visión: x=265.53, y=98.19, θ=1.68
2026-06-02 14:30:33.112 - [robot_6_log_20260602_143011.csv] - DEBUG - Frecuencia: 144.39 Hz | Latencia Red/Proc: 26.60 ms
2026-06-02 14:30:33.157 - [robot_6_log_20260602_143011.csv] - INFO - Usando posición VISION: x=265.53, y=98.19, θ=1.68
2026-06-02 14:30:33.157 - [robot_6_log_20260602_143011.csv] - INFO - Distancias a paredes: Left: 265.53, Right: 184.47, Top: 41.81, Bottom: 98.19
2026-06-02 14:30:33.157 - [robot_6_log_20260602_143011.csv] - INFO - Posicion: 265.53, 98.19, 1.68 | Velocidad: -0.994043202198076, -0.10898675223987112
2026-06-02 14:30:33.157 - [robot_6_log_20260602_143011.csv] - INFO - None
2026-06-02 14:30:33.157 - [robot_6_log_20260602_143011.csv] - WARNING - Estado FSM: AVANZA | Target Wall: None | Target Theta: 0.00° |theta: 96.2569095819783 
2026-06-02 14:30:33.175 - [robot_6_log_20260602_143011.csv] - DEBUG - Incoming data. Topic agent/6/wheel, mensaje {"Wleft":1.657007864e-15,"Wright":-3.719247132e-16}
2026-06-02 14:30:33.185 - [robot_6_log_20260602_143011.csv] - DEBUG - Incoming data. Topic 6/pos, mensaje {"x": 265.48, "y": 98.23, "yaw": 1.672, "timestamp": 1780403433.1761117}
2026-06-02 14:30:33.190 - [robot_6_log_20260602_143011.csv] - DEBUG - Posición actualizada por visión: x=265.48, y=98.23, θ=1.67
2026-06-02 14:30:33.190 - [robot_6_log_20260602_143011.csv] - DEBUG - Frecuencia: 12.84 Hz | Latencia Red/Proc: 14.65 ms
2026-06-02 14:30:33.195 - [robot_6_log_20260602_143011.csv] - DEBUG - Incoming data. Topic 6/pos, mensaje {"x": 265.48, "y": 98.23, "yaw": 1.672, "timestamp": 1780403433.1761117}
2026-06-02 14:30:33.195 - [robot_6_log_20260602_143011.csv] - DEBUG - Posición actualizada por visión: x=265.48, y=98.23, θ=1.67
2026-06-02 14:30:33.195 - [robot_6_log_20260602_143011.csv] - DEBUG - Frecuencia: 193.99 Hz | Latencia Red/Proc: 19.80 ms
2026-06-02 14:30:33.201 - [robot_6_log_20260602_143011.csv] - DEBUG - Incoming data. Topic 6/pos, mensaje {"x": 265.48, "y": 98.23, "yaw": 1.672, "timestamp": 1780403433.187277}
2026-06-02 14:30:33.201 - [robot_6_log_20260602_143011.csv] - DEBUG - Posición actualizada por visión: x=265.48, y=98.23, θ=1.67
2026-06-02 14:30:33.201 - [robot_6_log_20260602_143011.csv] - DEBUG - Frecuencia: 194.99 Hz | Latencia Red/Proc: 13.77 ms
2026-06-02 14:30:33.207 - [robot_6_log_20260602_143011.csv] - DEBUG - Incoming data. Topic 6/pos, mensaje {"x": 265.48, "y": 98.23, "yaw": 1.672, "timestamp": 1780403433.187277}
2026-06-02 14:30:33.207 - [robot_6_log_20260602_143011.csv] - INFO - Usando posición VISION: x=265.48, y=98.23, θ=1.67
2026-06-02 14:30:33.207 - [robot_6_log_20260602_143011.csv] - DEBUG - Posición actualizada por visión: x=265.48, y=98.23, θ=1.67
2026-06-02 14:30:33.207 - [robot_6_log_20260602_143011.csv] - INFO - Distancias a paredes: Left: 265.48, Right: 184.52, Top: 41.77, Bottom: 98.23
2026-06-02 14:30:33.207 - [robot_6_log_20260602_143011.csv] - DEBUG - Frecuencia: 152.69 Hz | Latencia Red/Proc: 20.32 ms
2026-06-02 14:30:33.207 - [robot_6_log_20260602_143011.csv] - INFO - Posicion: 265.48, 98.23, 1.672 | Velocidad: -0.9948832777030012, -0.10103100388956367
2026-06-02 14:30:33.207 - [robot_6_log_20260602_143011.csv] - INFO - None
2026-06-02 14:30:33.207 - [robot_6_log_20260602_143011.csv] - WARNING - Estado FSM: AVANZA | Target Wall: None | Target Theta: 0.00° |theta: 95.79854334587364 
2026-06-02 14:30:33.257 - [robot_6_log_20260602_143011.csv] - INFO - Usando posición VISION: x=265.48, y=98.23, θ=1.67
2026-06-02 14:30:33.257 - [robot_6_log_20260602_143011.csv] - INFO - Distancias a paredes: Left: 265.48, Right: 184.52, Top: 41.77, Bottom: 98.23
2026-06-02 14:30:33.257 - [robot_6_log_20260602_143011.csv] - INFO - Posicion: 265.48, 98.23, 1.672 | Velocidad: -0.9948832777030012, -0.10103100388956367
2026-06-02 14:30:33.257 - [robot_6_log_20260602_143011.csv] - INFO - None
2026-06-02 14:30:33.257 - [robot_6_log_20260602_143011.csv] - WARNING - Estado FSM: AVANZA | Target Wall: None | Target Theta: 0.00° |theta: 95.79854334587364 
2026-06-02 14:30:33.281 - [robot_6_log_20260602_143011.csv] - DEBUG - Incoming data. Topic 6/pos, mensaje {"x": 265.48, "y": 98.23, "yaw": 1.673, "timestamp": 1780403433.2770982}
2026-06-02 14:30:33.286 - [robot_6_log_20260602_143011.csv] - DEBUG - Posición actualizada por visión: x=265.48, y=98.23, θ=1.67
2026-06-02 14:30:33.296 - [robot_6_log_20260602_143011.csv] - DEBUG - Frecuencia: 11.20 Hz | Latencia Red/Proc: 19.77 ms
2026-06-02 14:30:33.307 - [robot_6_log_20260602_143011.csv] - INFO - Usando posición VISION: x=265.48, y=98.23, θ=1.67
2026-06-02 14:30:33.307 - [robot_6_log_20260602_143011.csv] - INFO - Distancias a paredes: Left: 265.48, Right: 184.52, Top: 41.77, Bottom: 98.23
2026-06-02 14:30:33.307 - [robot_6_log_20260602_143011.csv] - INFO - Posicion: 265.48, 98.23, 1.673 | Velocidad: -0.9947817492743527, -0.10202583648595517
2026-06-02 14:30:33.307 - [robot_6_log_20260602_143011.csv] - INFO - None
2026-06-02 14:30:33.307 - [robot_6_log_20260602_143011.csv] - DEBUG - Incoming data. Topic 6/pos, mensaje {"x": 265.48, "y": 98.23, "yaw": 1.673, "timestamp": 1780403433.2770982}
2026-06-02 14:30:33.307 - [robot_6_log_20260602_143011.csv] - WARNING - Estado FSM: AVANZA | Target Wall: None | Target Theta: 0.00° |theta: 95.85583912538672 
2026-06-02 14:30:33.307 - [robot_6_log_20260602_143011.csv] - DEBUG - Posición actualizada por visión: x=265.48, y=98.23, θ=1.67
2026-06-02 14:30:33.318 - [robot_6_log_20260602_143011.csv] - DEBUG - Frecuencia: 45.24 Hz | Latencia Red/Proc: 41.87 ms
2026-06-02 14:30:33.324 - [robot_6_log_20260602_143011.csv] - DEBUG - Incoming data. Topic 6/pos, mensaje {"x": 265.48, "y": 98.23, "yaw": 1.673, "timestamp": 1780403433.2882867}
2026-06-02 14:30:33.329 - [robot_6_log_20260602_143011.csv] - DEBUG - Posición actualizada por visión: x=265.48, y=98.23, θ=1.67
2026-06-02 14:30:33.329 - [robot_6_log_20260602_143011.csv] - DEBUG - Frecuencia: 97.91 Hz | Latencia Red/Proc: 40.90 ms
2026-06-02 14:30:33.329 - [robot_6_log_20260602_143011.csv] - DEBUG - Incoming data. Topic 6/pos, mensaje {"x": 265.48, "y": 98.23, "yaw": 1.673, "timestamp": 1780403433.2882867}
2026-06-02 14:30:33.329 - [robot_6_log_20260602_143011.csv] - DEBUG - Posición actualizada por visión: x=265.48, y=98.23, θ=1.67
2026-06-02 14:30:33.329 - [robot_6_log_20260602_143011.csv] - DEBUG - Frecuencia: 22550.02 Hz | Latencia Red/Proc: 40.94 ms
2026-06-02 14:30:33.340 - [robot_6_log_20260602_143011.csv] - DEBUG - Incoming data. Topic agent/6/wheel, mensaje {"Wleft":1.657007864e-15,"Wright":-3.719247132e-16}
2026-06-02 14:30:33.357 - [robot_6_log_20260602_143011.csv] - INFO - Usando posición VISION: x=265.48, y=98.23, θ=1.67
2026-06-02 14:30:33.357 - [robot_6_log_20260602_143011.csv] - INFO - Distancias a paredes: Left: 265.48, Right: 184.52, Top: 41.77, Bottom: 98.23
2026-06-02 14:30:33.357 - [robot_6_log_20260602_143011.csv] - INFO - Posicion: 265.48, 98.23, 1.673 | Velocidad: -0.9947817492743527, -0.10202583648595517
2026-06-02 14:30:33.357 - [robot_6_log_20260602_143011.csv] - INFO - None
2026-06-02 14:30:33.357 - [robot_6_log_20260602_143011.csv] - WARNING - Estado FSM: AVANZA | Target Wall: None | Target Theta: 0.00° |theta: 95.85583912538672 
2026-06-02 14:30:33.380 - [robot_6_log_20260602_143011.csv] - DEBUG - Incoming data. Topic 6/pos, mensaje {"x": 265.48, "y": 98.26, "yaw": 1.667, "timestamp": 1780403433.3750618}
2026-06-02 14:30:33.386 - [robot_6_log_20260602_143011.csv] - DEBUG - Posición actualizada por visión: x=265.48, y=98.26, θ=1.67
2026-06-02 14:30:33.391 - [robot_6_log_20260602_143011.csv] - DEBUG - Frecuencia: 16.11 Hz | Latencia Red/Proc: 16.22 ms
2026-06-02 14:30:33.396 - [robot_6_log_20260602_143011.csv] - DEBUG - Incoming data. Topic agent/6/wheel, mensaje {"Wleft":1.657007864e-15,"Wright":-3.719247132e-16}
2026-06-02 14:30:33.401 - [robot_6_log_20260602_143011.csv] - DEBUG - Incoming data. Topic 6/pos, mensaje {"x": 265.48, "y": 98.26, "yaw": 1.667, "timestamp": 1780403433.3837447}
2026-06-02 14:30:33.406 - [robot_6_log_20260602_143011.csv] - DEBUG - Posición actualizada por visión: x=265.48, y=98.26, θ=1.67
2026-06-02 14:30:33.407 - [robot_6_log_20260602_143011.csv] - INFO - Usando posición VISION: x=265.48, y=98.26, θ=1.67
2026-06-02 14:30:33.407 - [robot_6_log_20260602_143011.csv] - DEBUG - Frecuencia: 61.57 Hz | Latencia Red/Proc: 23.78 ms
2026-06-02 14:30:33.407 - [robot_6_log_20260602_143011.csv] - INFO - Distancias a paredes: Left: 265.48, Right: 184.52, Top: 41.74, Bottom: 98.26
2026-06-02 14:30:33.407 - [robot_6_log_20260602_143011.csv] - INFO - Posicion: 265.48, 98.26, 1.667 | Velocidad: -0.9953759946025762, -0.09605534534284021
2026-06-02 14:30:33.407 - [robot_6_log_20260602_143011.csv] - INFO - None
2026-06-02 14:30:33.407 - [robot_6_log_20260602_143011.csv] - DEBUG - Incoming data. Topic 6/pos, mensaje {"x": 265.48, "y": 98.26, "yaw": 1.667, "timestamp": 1780403433.3750618}
2026-06-02 14:30:33.407 - [robot_6_log_20260602_143011.csv] - WARNING - Estado FSM: AVANZA | Target Wall: None | Target Theta: 0.00° |theta: 95.51206444830824 
2026-06-02 14:30:33.407 - [robot_6_log_20260602_143011.csv] - DEBUG - Posición actualizada por visión: x=265.48, y=98.26, θ=1.67
2026-06-02 14:30:33.418 - [robot_6_log_20260602_143011.csv] - DEBUG - Frecuencia: 87.67 Hz | Latencia Red/Proc: 43.87 ms
2026-06-02 14:30:33.430 - [robot_6_log_20260602_143011.csv] - DEBUG - Incoming data. Topic 6/pos, mensaje {"x": 265.48, "y": 98.26, "yaw": 1.667, "timestamp": 1780403433.3837447}
2026-06-02 14:30:33.435 - [robot_6_log_20260602_143011.csv] - DEBUG - Posición actualizada por visión: x=265.48, y=98.26, θ=1.67
2026-06-02 14:30:33.435 - [robot_6_log_20260602_143011.csv] - DEBUG - Frecuencia: 61.40 Hz | Latencia Red/Proc: 51.47 ms
2026-06-02 14:30:33.457 - [robot_6_log_20260602_143011.csv] - INFO - Usando posición VISION: x=265.48, y=98.26, θ=1.67
2026-06-02 14:30:33.457 - [robot_6_log_20260602_143011.csv] - INFO - Distancias a paredes: Left: 265.48, Right: 184.52, Top: 41.74, Bottom: 98.26
2026-06-02 14:30:33.457 - [robot_6_log_20260602_143011.csv] - INFO - Posicion: 265.48, 98.26, 1.667 | Velocidad: -0.9953759946025762, -0.09605534534284021
2026-06-02 14:30:33.457 - [robot_6_log_20260602_143011.csv] - INFO - None
2026-06-02 14:30:33.457 - [robot_6_log_20260602_143011.csv] - WARNING - Estado FSM: AVANZA | Target Wall: None | Target Theta: 0.00° |theta: 95.51206444830824 
2026-06-02 14:30:33.482 - [robot_6_log_20260602_143011.csv] - DEBUG - Incoming data. Topic 6/pos, mensaje {"x": 265.48, "y": 98.25, "yaw": 1.669, "timestamp": 1780403433.4773731}
2026-06-02 14:30:33.487 - [robot_6_log_20260602_143011.csv] - DEBUG - Posición actualizada por visión: x=265.48, y=98.25, θ=1.67
2026-06-02 14:30:33.493 - [robot_6_log_20260602_143011.csv] - DEBUG - Frecuencia: 17.16 Hz | Latencia Red/Proc: 16.10 ms
2026-06-02 14:30:33.498 - [robot_6_log_20260602_143011.csv] - DEBUG - Incoming data. Topic 6/pos, mensaje {"x": 265.48, "y": 98.25, "yaw": 1.669, "timestamp": 1780403433.4773731}
2026-06-02 14:30:33.503 - [robot_6_log_20260602_143011.csv] - DEBUG - Posición actualizada por visión: x=265.48, y=98.25, θ=1.67
2026-06-02 14:30:33.507 - [robot_6_log_20260602_143011.csv] - INFO - Usando posición VISION: x=265.48, y=98.25, θ=1.67
2026-06-02 14:30:33.507 - [robot_6_log_20260602_143011.csv] - DEBUG - Frecuencia: 71.18 Hz | Latencia Red/Proc: 30.15 ms
2026-06-02 14:30:33.507 - [robot_6_log_20260602_143011.csv] - INFO - Distancias a paredes: Left: 265.48, Right: 184.52, Top: 41.75, Bottom: 98.25
2026-06-02 14:30:33.507 - [robot_6_log_20260602_143011.csv] - DEBUG - Incoming data. Topic 6/pos, mensaje {"x": 265.48, "y": 98.25, "yaw": 1.669, "timestamp": 1780403433.486858}
2026-06-02 14:30:33.507 - [robot_6_log_20260602_143011.csv] - INFO - Posicion: 265.48, 98.25, 1.669 | Velocidad: -0.9951818932886386, -0.09804590389425098
2026-06-02 14:30:33.507 - [robot_6_log_20260602_143011.csv] - DEBUG - Posición actualizada por visión: x=265.48, y=98.25, θ=1.67
2026-06-02 14:30:33.507 - [robot_6_log_20260602_143011.csv] - INFO - None
2026-06-02 14:30:33.507 - [robot_6_log_20260602_143011.csv] - DEBUG - Frecuencia: 6034.97 Hz | Latencia Red/Proc: 20.83 ms
2026-06-02 14:30:33.507 - [robot_6_log_20260602_143011.csv] - DEBUG - Incoming data. Topic 6/pos, mensaje {"x": 265.48, "y": 98.25, "yaw": 1.669, "timestamp": 1780403433.486858}
2026-06-02 14:30:33.507 - [robot_6_log_20260602_143011.csv] - DEBUG - Posición actualizada por visión: x=265.48, y=98.25, θ=1.67
2026-06-02 14:30:33.507 - [robot_6_log_20260602_143011.csv] - DEBUG - Frecuencia: 11096.04 Hz | Latencia Red/Proc: 20.92 ms
2026-06-02 14:30:33.507 - [robot_6_log_20260602_143011.csv] - WARNING - Estado FSM: AVANZA | Target Wall: None | Target Theta: 0.00° |theta: 95.6266560073344 
2026-06-02 14:30:33.532 - [robot_6_log_20260602_143011.csv] - DEBUG - Incoming data. Topic agent/6/wheel, mensaje {"Wleft":1.657007864e-15,"Wright":-3.719247132e-16}
2026-06-02 14:30:33.557 - [robot_6_log_20260602_143011.csv] - INFO - Usando posición VISION: x=265.48, y=98.25, θ=1.67
2026-06-02 14:30:33.557 - [robot_6_log_20260602_143011.csv] - INFO - Distancias a paredes: Left: 265.48, Right: 184.52, Top: 41.75, Bottom: 98.25
2026-06-02 14:30:33.557 - [robot_6_log_20260602_143011.csv] - INFO - Posicion: 265.48, 98.25, 1.669 | Velocidad: -0.9951818932886386, -0.09804590389425098
2026-06-02 14:30:33.557 - [robot_6_log_20260602_143011.csv] - INFO - None
2026-06-02 14:30:33.557 - [robot_6_log_20260602_143011.csv] - WARNING - Estado FSM: AVANZA | Target Wall: None | Target Theta: 0.00° |theta: 95.6266560073344 
2026-06-02 14:30:33.575 - [robot_6_log_20260602_143011.csv] - DEBUG - Incoming data. Topic 6/pos, mensaje {"x": 265.48, "y": 98.24, "yaw": 1.676, "timestamp": 1780403433.5741}
2026-06-02 14:30:33.580 - [robot_6_log_20260602_143011.csv] - DEBUG - Posición actualizada por visión: x=265.48, y=98.24, θ=1.68
2026-06-02 14:30:33.580 - [robot_6_log_20260602_143011.csv] - DEBUG - Frecuencia: 13.77 Hz | Latencia Red/Proc: 6.31 ms
2026-06-02 14:30:33.585 - [robot_6_log_20260602_143011.csv] - DEBUG - Incoming data. Topic agent/6/wheel, mensaje {"Wleft":1.657007864e-15,"Wright":-3.719247132e-16}
2026-06-02 14:30:33.596 - [robot_6_log_20260602_143011.csv] - DEBUG - Incoming data. Topic 6/pos, mensaje {"x": 265.48, "y": 98.24, "yaw": 1.676, "timestamp": 1780403433.5854352}
2026-06-02 14:30:33.601 - [robot_6_log_20260602_143011.csv] - DEBUG - Posición actualizada por visión: x=265.48, y=98.24, θ=1.68
2026-06-02 14:30:33.607 - [robot_6_log_20260602_143011.csv] - DEBUG - Frecuencia: 36.97 Hz | Latencia Red/Proc: 22.03 ms
2026-06-02 14:30:33.607 - [robot_6_log_20260602_143011.csv] - INFO - Usando posición VISION: x=265.48, y=98.24, θ=1.68
2026-06-02 14:30:33.607 - [robot_6_log_20260602_143011.csv] - DEBUG - Incoming data. Topic 6/pos, mensaje {"x": 265.48, "y": 98.24, "yaw": 1.676, "timestamp": 1780403433.5741}
2026-06-02 14:30:33.607 - [robot_6_log_20260602_143011.csv] - INFO - Distancias a paredes: Left: 265.48, Right: 184.52, Top: 41.76, Bottom: 98.24
2026-06-02 14:30:33.607 - [robot_6_log_20260602_143011.csv] - INFO - Posicion: 265.48, 98.24, 1.676 | Velocidad: -0.9944711957094966, -0.10500971814134243
2026-06-02 14:30:33.607 - [robot_6_log_20260602_143011.csv] - INFO - None
2026-06-02 14:30:33.607 - [robot_6_log_20260602_143011.csv] - DEBUG - Posición actualizada por visión: x=265.48, y=98.24, θ=1.68
2026-06-02 14:30:33.607 - [robot_6_log_20260602_143011.csv] - WARNING - Estado FSM: AVANZA | Target Wall: None | Target Theta: 0.00° |theta: 96.02772646392597 
2026-06-02 14:30:33.607 - [robot_6_log_20260602_143011.csv] - DEBUG - Frecuencia: 3509.88 Hz | Latencia Red/Proc: 33.65 ms
2026-06-02 14:30:33.634 - [robot_6_log_20260602_143011.csv] - DEBUG - Incoming data. Topic 6/pos, mensaje {"x": 265.48, "y": 98.24, "yaw": 1.676, "timestamp": 1780403433.5854352}
2026-06-02 14:30:33.644 - [robot_6_log_20260602_143011.csv] - DEBUG - Posición actualizada por visión: x=265.48, y=98.24, θ=1.68
2026-06-02 14:30:33.645 - [robot_6_log_20260602_143011.csv] - DEBUG - Frecuencia: 26.82 Hz | Latencia Red/Proc: 59.59 ms
2026-06-02 14:30:33.657 - [robot_6_log_20260602_143011.csv] - INFO - Usando posición VISION: x=265.48, y=98.24, θ=1.68
2026-06-02 14:30:33.657 - [robot_6_log_20260602_143011.csv] - INFO - Distancias a paredes: Left: 265.48, Right: 184.52, Top: 41.76, Bottom: 98.24
2026-06-02 14:30:33.657 - [robot_6_log_20260602_143011.csv] - INFO - Posicion: 265.48, 98.24, 1.676 | Velocidad: -0.9944711957094966, -0.10500971814134243
2026-06-02 14:30:33.657 - [robot_6_log_20260602_143011.csv] - INFO - None
2026-06-02 14:30:33.657 - [robot_6_log_20260602_143011.csv] - WARNING - Estado FSM: AVANZA | Target Wall: None | Target Theta: 0.00° |theta: 96.02772646392597 
2026-06-02 14:30:33.681 - [robot_6_log_20260602_143011.csv] - DEBUG - Incoming data. Topic 6/pos, mensaje {"x": 265.49, "y": 98.24, "yaw": 1.68, "timestamp": 1780403433.677322}
2026-06-02 14:30:33.687 - [robot_6_log_20260602_143011.csv] - DEBUG - Posición actualizada por visión: x=265.49, y=98.24, θ=1.68
2026-06-02 14:30:33.692 - [robot_6_log_20260602_143011.csv] - DEBUG - Frecuencia: 21.17 Hz | Latencia Red/Proc: 14.94 ms
2026-06-02 14:30:33.692 - [robot_6_log_20260602_143011.csv] - DEBUG - Incoming data. Topic 6/pos, mensaje {"x": 265.49, "y": 98.24, "yaw": 1.68, "timestamp": 1780403433.677322}
2026-06-02 14:30:33.697 - [robot_6_log_20260602_143011.csv] - DEBUG - Posición actualizada por visión: x=265.49, y=98.24, θ=1.68
2026-06-02 14:30:33.697 - [robot_6_log_20260602_143011.csv] - DEBUG - Frecuencia: 193.38 Hz | Latencia Red/Proc: 20.11 ms
2026-06-02 14:30:33.697 - [robot_6_log_20260602_143011.csv] - DEBUG - Incoming data. Topic 6/pos, mensaje {"x": 265.49, "y": 98.24, "yaw": 1.68, "timestamp": 1780403433.688356}
2026-06-02 14:30:33.697 - [robot_6_log_20260602_143011.csv] - DEBUG - Posición actualizada por visión: x=265.49, y=98.24, θ=1.68
2026-06-02 14:30:33.697 - [robot_6_log_20260602_143011.csv] - DEBUG - Frecuencia: 24528.09 Hz | Latencia Red/Proc: 9.11 ms
2026-06-02 14:30:33.697 - [robot_6_log_20260602_143011.csv] - DEBUG - Incoming data. Topic 6/pos, mensaje {"x": 265.49, "y": 98.24, "yaw": 1.68, "timestamp": 1780403433.688356}
2026-06-02 14:30:33.697 - [robot_6_log_20260602_143011.csv] - DEBUG - Posición actualizada por visión: x=265.49, y=98.24, θ=1.68
2026-06-02 14:30:33.697 - [robot_6_log_20260602_143011.csv] - DEBUG - Frecuencia: 27962.03 Hz | Latencia Red/Proc: 9.15 ms
2026-06-02 14:30:33.707 - [robot_6_log_20260602_143011.csv] - INFO - Usando posición VISION: x=265.49, y=98.24, θ=1.68
2026-06-02 14:30:33.707 - [robot_6_log_20260602_143011.csv] - INFO - Distancias a paredes: Left: 265.49, Right: 184.51, Top: 41.76, Bottom: 98.24
2026-06-02 14:30:33.707 - [robot_6_log_20260602_143011.csv] - INFO - Posicion: 265.49, 98.24, 1.68 | Velocidad: -0.994043202198076, -0.10898675223987112
2026-06-02 14:30:33.707 - [robot_6_log_20260602_143011.csv] - INFO - None
2026-06-02 14:30:33.707 - [robot_6_log_20260602_143011.csv] - WARNING - Estado FSM: AVANZA | Target Wall: None | Target Theta: 0.00° |theta: 96.2569095819783 
2026-06-02 14:30:33.732 - [robot_6_log_20260602_143011.csv] - DEBUG - Incoming data. Topic agent/6/wheel, mensaje {"Wleft":1.657007864e-15,"Wright":-3.719247132e-16}
2026-06-02 14:30:33.757 - [robot_6_log_20260602_143011.csv] - INFO - Usando posición VISION: x=265.49, y=98.24, θ=1.68
2026-06-02 14:30:33.757 - [robot_6_log_20260602_143011.csv] - INFO - Distancias a paredes: Left: 265.49, Right: 184.51, Top: 41.76, Bottom: 98.24
2026-06-02 14:30:33.757 - [robot_6_log_20260602_143011.csv] - INFO - Posicion: 265.49, 98.24, 1.68 | Velocidad: -0.994043202198076, -0.10898675223987112
2026-06-02 14:30:33.757 - [robot_6_log_20260602_143011.csv] - INFO - None
2026-06-02 14:30:33.757 - [robot_6_log_20260602_143011.csv] - WARNING - Estado FSM: AVANZA | Target Wall: None | Target Theta: 0.00° |theta: 96.2569095819783 
2026-06-02 14:30:33.786 - [robot_6_log_20260602_143011.csv] - DEBUG - Incoming data. Topic 6/pos, mensaje {"x": 265.47, "y": 98.23, "yaw": 1.672, "timestamp": 1780403433.777287}
2026-06-02 14:30:33.791 - [robot_6_log_20260602_143011.csv] - DEBUG - Posición actualizada por visión: x=265.47, y=98.23, θ=1.67
2026-06-02 14:30:33.797 - [robot_6_log_20260602_143011.csv] - DEBUG - Frecuencia: 9.98 Hz | Latencia Red/Proc: 20.43 ms
2026-06-02 14:30:33.802 - [robot_6_log_20260602_143011.csv] - DEBUG - Incoming data. Topic 6/pos, mensaje {"x": 265.47, "y": 98.23, "yaw": 1.672, "timestamp": 1780403433.777287}
2026-06-02 14:30:33.802 - [robot_6_log_20260602_143011.csv] - DEBUG - Posición actualizada por visión: x=265.47, y=98.23, θ=1.67
2026-06-02 14:30:33.802 - [robot_6_log_20260602_143011.csv] - DEBUG - Frecuencia: 192.06 Hz | Latencia Red/Proc: 25.64 ms
2026-06-02 14:30:33.802 - [robot_6_log_20260602_143011.csv] - DEBUG - Incoming data. Topic 6/pos, mensaje {"x": 265.47, "y": 98.23, "yaw": 1.672, "timestamp": 1780403433.7883492}
2026-06-02 14:30:33.802 - [robot_6_log_20260602_143011.csv] - DEBUG - Posición actualizada por visión: x=265.47, y=98.23, θ=1.67
2026-06-02 14:30:33.802 - [robot_6_log_20260602_143011.csv] - DEBUG - Frecuencia: 27594.11 Hz | Latencia Red/Proc: 14.61 ms
2026-06-02 14:30:33.802 - [robot_6_log_20260602_143011.csv] - DEBUG - Incoming data. Topic 6/pos, mensaje {"x": 265.47, "y": 98.23, "yaw": 1.672, "timestamp": 1780403433.7883492}
2026-06-02 14:30:33.802 - [robot_6_log_20260602_143011.csv] - DEBUG - Posición actualizada por visión: x=265.47, y=98.23, θ=1.67
2026-06-02 14:30:33.802 - [robot_6_log_20260602_143011.csv] - DEBUG - Frecuencia: 27776.85 Hz | Latencia Red/Proc: 14.65 ms
2026-06-02 14:30:33.807 - [robot_6_log_20260602_143011.csv] - INFO - Usando posición VISION: x=265.47, y=98.23, θ=1.67
2026-06-02 14:30:33.807 - [robot_6_log_20260602_143011.csv] - INFO - Distancias a paredes: Left: 265.47, Right: 184.53, Top: 41.77, Bottom: 98.23
2026-06-02 14:30:33.807 - [robot_6_log_20260602_143011.csv] - INFO - Posicion: 265.47, 98.23, 1.672 | Velocidad: -0.9948832777030012, -0.10103100388956367
2026-06-02 14:30:33.807 - [robot_6_log_20260602_143011.csv] - INFO - None
2026-06-02 14:30:33.807 - [robot_6_log_20260602_143011.csv] - WARNING - Estado FSM: AVANZA | Target Wall: None | Target Theta: 0.00° |theta: 95.79854334587364 
2026-06-02 14:30:33.832 - [robot_6_log_20260602_143011.csv] - DEBUG - Incoming data. Topic agent/6/wheel, mensaje {"Wleft":1.657007864e-15,"Wright":-3.719247132e-16}
2026-06-02 14:30:33.857 - [robot_6_log_20260602_143011.csv] - INFO - Usando posición VISION: x=265.47, y=98.23, θ=1.67
2026-06-02 14:30:33.857 - [robot_6_log_20260602_143011.csv] - INFO - Distancias a paredes: Left: 265.47, Right: 184.53, Top: 41.77, Bottom: 98.23
2026-06-02 14:30:33.857 - [robot_6_log_20260602_143011.csv] - INFO - Posicion: 265.47, 98.23, 1.672 | Velocidad: -0.9948832777030012, -0.10103100388956367
2026-06-02 14:30:33.857 - [robot_6_log_20260602_143011.csv] - INFO - None
2026-06-02 14:30:33.857 - [robot_6_log_20260602_143011.csv] - WARNING - Estado FSM: AVANZA | Target Wall: None | Target Theta: 0.00° |theta: 95.79854334587364 
2026-06-02 14:30:33.881 - [robot_6_log_20260602_143011.csv] - DEBUG - Incoming data. Topic 6/pos, mensaje {"x": 265.48, "y": 98.23, "yaw": 1.676, "timestamp": 1780403433.8799787}
2026-06-02 14:30:33.886 - [robot_6_log_20260602_143011.csv] - DEBUG - Posición actualizada por visión: x=265.48, y=98.23, θ=1.68
2026-06-02 14:30:33.892 - [robot_6_log_20260602_143011.csv] - DEBUG - Frecuencia: 11.12 Hz | Latencia Red/Proc: 12.91 ms
2026-06-02 14:30:33.904 - [robot_6_log_20260602_143011.csv] - DEBUG - Incoming data. Topic 6/pos, mensaje {"x": 265.48, "y": 98.23, "yaw": 1.676, "timestamp": 1780403433.8799787}
2026-06-02 14:30:33.907 - [robot_6_log_20260602_143011.csv] - INFO - Usando posición VISION: x=265.48, y=98.23, θ=1.68
2026-06-02 14:30:33.907 - [robot_6_log_20260602_143011.csv] - DEBUG - Posición actualizada por visión: x=265.48, y=98.23, θ=1.68
2026-06-02 14:30:33.907 - [robot_6_log_20260602_143011.csv] - INFO - Distancias a paredes: Left: 265.48, Right: 184.52, Top: 41.77, Bottom: 98.23
2026-06-02 14:30:33.907 - [robot_6_log_20260602_143011.csv] - DEBUG - Frecuencia: 67.37 Hz | Latencia Red/Proc: 27.75 ms
2026-06-02 14:30:33.907 - [robot_6_log_20260602_143011.csv] - INFO - Posicion: 265.48, 98.23, 1.676 | Velocidad: -0.9944711957094966, -0.10500971814134243
2026-06-02 14:30:33.907 - [robot_6_log_20260602_143011.csv] - INFO - None
2026-06-02 14:30:33.907 - [robot_6_log_20260602_143011.csv] - DEBUG - Incoming data. Topic 6/pos, mensaje {"x": 265.48, "y": 98.23, "yaw": 1.676, "timestamp": 1780403433.8910818}
2026-06-02 14:30:33.907 - [robot_6_log_20260602_143011.csv] - WARNING - Estado FSM: AVANZA | Target Wall: None | Target Theta: 0.00° |theta: 96.02772646392597 
2026-06-02 14:30:33.907 - [robot_6_log_20260602_143011.csv] - DEBUG - Posición actualizada por visión: x=265.48, y=98.23, θ=1.68
2026-06-02 14:30:33.913 - [robot_6_log_20260602_143011.csv] - DEBUG - Frecuencia: 188.14 Hz | Latencia Red/Proc: 21.96 ms
2026-06-02 14:30:33.929 - [robot_6_log_20260602_143011.csv] - DEBUG - Incoming data. Topic agent/6/wheel, mensaje {"Wleft":1.657007864e-15,"Wright":-3.719247132e-16}
2026-06-02 14:30:33.947 - [robot_6_log_20260602_143011.csv] - DEBUG - Incoming data. Topic 6/pos, mensaje {"x": 265.48, "y": 98.23, "yaw": 1.676, "timestamp": 1780403433.8910818}
2026-06-02 14:30:33.952 - [robot_6_log_20260602_143011.csv] - DEBUG - Posición actualizada por visión: x=265.48, y=98.23, θ=1.68
2026-06-02 14:30:33.957 - [robot_6_log_20260602_143011.csv] - DEBUG - Frecuencia: 22.25 Hz | Latencia Red/Proc: 66.90 ms
2026-06-02 14:30:33.957 - [robot_6_log_20260602_143011.csv] - INFO - Usando posición VISION: x=265.48, y=98.23, θ=1.68
2026-06-02 14:30:33.958 - [robot_6_log_20260602_143011.csv] - INFO - Distancias a paredes: Left: 265.48, Right: 184.52, Top: 41.77, Bottom: 98.23
2026-06-02 14:30:33.958 - [robot_6_log_20260602_143011.csv] - INFO - Posicion: 265.48, 98.23, 1.676 | Velocidad: -0.9944711957094966, -0.10500971814134243
2026-06-02 14:30:33.958 - [robot_6_log_20260602_143011.csv] - INFO - None
2026-06-02 14:30:33.958 - [robot_6_log_20260602_143011.csv] - WARNING - Estado FSM: AVANZA | Target Wall: None | Target Theta: 0.00° |theta: 96.02772646392597 
2026-06-02 14:30:33.982 - [robot_6_log_20260602_143011.csv] - DEBUG - Incoming data. Topic 6/pos, mensaje {"x": 265.48, "y": 98.24, "yaw": 1.669, "timestamp": 1780403433.981931}
2026-06-02 14:30:33.988 - [robot_6_log_20260602_143011.csv] - DEBUG - Posición actualizada por visión: x=265.48, y=98.24, θ=1.67
2026-06-02 14:30:33.993 - [robot_6_log_20260602_143011.csv] - DEBUG - Frecuencia: 28.44 Hz | Latencia Red/Proc: 11.21 ms
2026-06-02 14:30:34.007 - [robot_6_log_20260602_143011.csv] - INFO - Usando posición VISION: x=265.48, y=98.24, θ=1.67
2026-06-02 14:30:34.007 - [robot_6_log_20260602_143011.csv] - DEBUG - Incoming data. Topic 6/pos, mensaje {"x": 265.48, "y": 98.24, "yaw": 1.669, "timestamp": 1780403433.981931}
2026-06-02 14:30:34.007 - [robot_6_log_20260602_143011.csv] - DEBUG - Posición actualizada por visión: x=265.48, y=98.24, θ=1.67
2026-06-02 14:30:34.007 - [robot_6_log_20260602_143011.csv] - DEBUG - Frecuencia: 68.33 Hz | Latencia Red/Proc: 25.85 ms
2026-06-02 14:30:34.007 - [robot_6_log_20260602_143011.csv] - DEBUG - Incoming data. Topic 6/pos, mensaje {"x": 265.48, "y": 98.24, "yaw": 1.669, "timestamp": 1780403433.992766}
2026-06-02 14:30:34.007 - [robot_6_log_20260602_143011.csv] - DEBUG - Posición actualizada por visión: x=265.48, y=98.24, θ=1.67
2026-06-02 14:30:34.007 - [robot_6_log_20260602_143011.csv] - INFO - Distancias a paredes: Left: 265.48, Right: 184.52, Top: 41.76, Bottom: 98.24
2026-06-02 14:30:34.007 - [robot_6_log_20260602_143011.csv] - DEBUG - Frecuencia: 10180.35 Hz | Latencia Red/Proc: 15.11 ms
2026-06-02 14:30:34.007 - [robot_6_log_20260602_143011.csv] - DEBUG - Incoming data. Topic 6/pos, mensaje {"x": 265.48, "y": 98.24, "yaw": 1.669, "timestamp": 1780403433.992766}
2026-06-02 14:30:34.008 - [robot_6_log_20260602_143011.csv] - DEBUG - Posición actualizada por visión: x=265.48, y=98.24, θ=1.67
2026-06-02 14:30:34.007 - [robot_6_log_20260602_143011.csv] - INFO - Posicion: 265.48, 98.24, 1.669 | Velocidad: -0.9951818932886386, -0.09804590389425098
2026-06-02 14:30:34.008 - [robot_6_log_20260602_143011.csv] - DEBUG - Frecuencia: 5957.82 Hz | Latencia Red/Proc: 15.28 ms
2026-06-02 14:30:34.008 - [robot_6_log_20260602_143011.csv] - INFO - None
2026-06-02 14:30:34.008 - [robot_6_log_20260602_143011.csv] - WARNING - Estado FSM: AVANZA | Target Wall: None | Target Theta: 0.00° |theta: 95.6266560073344 
2026-06-02 14:30:34.043 - [robot_6_log_20260602_143011.csv] - DEBUG - Incoming data. Topic agent/6/wheel, mensaje {"Wleft":1.657007864e-15,"Wright":-3.719247132e-16}
2026-06-02 14:30:34.057 - [robot_6_log_20260602_143011.csv] - INFO - Usando posición VISION: x=265.48, y=98.24, θ=1.67
2026-06-02 14:30:34.057 - [robot_6_log_20260602_143011.csv] - INFO - Distancias a paredes: Left: 265.48, Right: 184.52, Top: 41.76, Bottom: 98.24
2026-06-02 14:30:34.057 - [robot_6_log_20260602_143011.csv] - INFO - Posicion: 265.48, 98.24, 1.669 | Velocidad: -0.9951818932886386, -0.09804590389425098
2026-06-02 14:30:34.057 - [robot_6_log_20260602_143011.csv] - INFO - None
2026-06-02 14:30:34.057 - [robot_6_log_20260602_143011.csv] - WARNING - Estado FSM: AVANZA | Target Wall: None | Target Theta: 0.00° |theta: 95.6266560073344 
2026-06-02 14:30:34.092 - [robot_6_log_20260602_143011.csv] - DEBUG - Incoming data. Topic 6/pos, mensaje {"x": 265.47, "y": 98.25, "yaw": 1.673, "timestamp": 1780403434.0814614}
2026-06-02 14:30:34.098 - [robot_6_log_20260602_143011.csv] - DEBUG - Posición actualizada por visión: x=265.47, y=98.25, θ=1.67
2026-06-02 14:30:34.098 - [robot_6_log_20260602_143011.csv] - DEBUG - Frecuencia: 11.03 Hz | Latencia Red/Proc: 17.23 ms
2026-06-02 14:30:34.103 - [robot_6_log_20260602_143011.csv] - DEBUG - Incoming data. Topic 6/pos, mensaje {"x": 265.47, "y": 98.25, "yaw": 1.673, "timestamp": 1780403434.0814614}
2026-06-02 14:30:34.107 - [robot_6_log_20260602_143011.csv] - INFO - Usando posición VISION: x=265.47, y=98.25, θ=1.67
2026-06-02 14:30:34.107 - [robot_6_log_20260602_143011.csv] - DEBUG - Posición actualizada por visión: x=265.47, y=98.25, θ=1.67
2026-06-02 14:30:34.107 - [robot_6_log_20260602_143011.csv] - INFO - Distancias a paredes: Left: 265.47, Right: 184.53, Top: 41.75, Bottom: 98.25
2026-06-02 14:30:34.107 - [robot_6_log_20260602_143011.csv] - DEBUG - Frecuencia: 109.07 Hz | Latencia Red/Proc: 26.40 ms
2026-06-02 14:30:34.107 - [robot_6_log_20260602_143011.csv] - INFO - Posicion: 265.47, 98.25, 1.673 | Velocidad: -0.9947817492743527, -0.10202583648595517
2026-06-02 14:30:34.107 - [robot_6_log_20260602_143011.csv] - INFO - None
2026-06-02 14:30:34.108 - [robot_6_log_20260602_143011.csv] - DEBUG - Incoming data. Topic 6/pos, mensaje {"x": 265.47, "y": 98.25, "yaw": 1.673, "timestamp": 1780403434.0920374}
2026-06-02 14:30:34.107 - [robot_6_log_20260602_143011.csv] - WARNING - Estado FSM: AVANZA | Target Wall: None | Target Theta: 0.00° |theta: 95.85583912538672 
2026-06-02 14:30:34.108 - [robot_6_log_20260602_143011.csv] - DEBUG - Posición actualizada por visión: x=265.47, y=98.25, θ=1.67
2026-06-02 14:30:34.119 - [robot_6_log_20260602_143011.csv] - DEBUG - Frecuencia: 87.69 Hz | Latencia Red/Proc: 27.23 ms
2026-06-02 14:30:34.125 - [robot_6_log_20260602_143011.csv] - DEBUG - Incoming data. Topic agent/6/wheel, mensaje {"Wleft":1.657007864e-15,"Wright":-3.719247132e-16}
2026-06-02 14:30:34.142 - [robot_6_log_20260602_143011.csv] - DEBUG - Incoming data. Topic 6/pos, mensaje {"x": 265.47, "y": 98.25, "yaw": 1.673, "timestamp": 1780403434.0920374}
2026-06-02 14:30:34.142 - [robot_6_log_20260602_143011.csv] - DEBUG - Posición actualizada por visión: x=265.47, y=98.25, θ=1.67
2026-06-02 14:30:34.147 - [robot_6_log_20260602_143011.csv] - DEBUG - Frecuencia: 35.66 Hz | Latencia Red/Proc: 55.27 ms
2026-06-02 14:30:34.157 - [robot_6_log_20260602_143011.csv] - INFO - Usando posición VISION: x=265.47, y=98.25, θ=1.67
2026-06-02 14:30:34.157 - [robot_6_log_20260602_143011.csv] - INFO - Distancias a paredes: Left: 265.47, Right: 184.53, Top: 41.75, Bottom: 98.25
2026-06-02 14:30:34.157 - [robot_6_log_20260602_143011.csv] - INFO - Posicion: 265.47, 98.25, 1.673 | Velocidad: -0.9947817492743527, -0.10202583648595517
2026-06-02 14:30:34.157 - [robot_6_log_20260602_143011.csv] - INFO - None
2026-06-02 14:30:34.157 - [robot_6_log_20260602_143011.csv] - WARNING - Estado FSM: AVANZA | Target Wall: None | Target Theta: 0.00° |theta: 95.85583912538672 
2026-06-02 14:30:34.192 - [robot_6_log_20260602_143011.csv] - DEBUG - Incoming data. Topic 6/pos, mensaje {"x": 265.48, "y": 98.26, "yaw": 1.67, "timestamp": 1780403434.1819568}
2026-06-02 14:30:34.192 - [robot_6_log_20260602_143011.csv] - DEBUG - Posición actualizada por visión: x=265.48, y=98.26, θ=1.67
2026-06-02 14:30:34.197 - [robot_6_log_20260602_143011.csv] - DEBUG - Frecuencia: 19.74 Hz | Latencia Red/Proc: 16.02 ms
2026-06-02 14:30:34.207 - [robot_6_log_20260602_143011.csv] - INFO - Usando posición VISION: x=265.48, y=98.26, θ=1.67
2026-06-02 14:30:34.207 - [robot_6_log_20260602_143011.csv] - INFO - Distancias a paredes: Left: 265.48, Right: 184.52, Top: 41.74, Bottom: 98.26
2026-06-02 14:30:34.207 - [robot_6_log_20260602_143011.csv] - INFO - Posicion: 265.48, 98.26, 1.67 | Velocidad: -0.9950833498101802, -0.09904103659872801
2026-06-02 14:30:34.207 - [robot_6_log_20260602_143011.csv] - INFO - None
2026-06-02 14:30:34.207 - [robot_6_log_20260602_143011.csv] - DEBUG - Incoming data. Topic 6/pos, mensaje {"x": 265.48, "y": 98.26, "yaw": 1.67, "timestamp": 1780403434.1819568}
2026-06-02 14:30:34.207 - [robot_6_log_20260602_143011.csv] - WARNING - Estado FSM: AVANZA | Target Wall: None | Target Theta: 0.00° |theta: 95.68395178684747 
2026-06-02 14:30:34.207 - [robot_6_log_20260602_143011.csv] - DEBUG - Posición actualizada por visión: x=265.48, y=98.26, θ=1.67
2026-06-02 14:30:34.217 - [robot_6_log_20260602_143011.csv] - DEBUG - Frecuencia: 50.18 Hz | Latencia Red/Proc: 35.95 ms
2026-06-02 14:30:34.228 - [robot_6_log_20260602_143011.csv] - DEBUG - Incoming data. Topic 6/pos, mensaje {"x": 265.48, "y": 98.26, "yaw": 1.67, "timestamp": 1780403434.1929624}
2026-06-02 14:30:34.233 - [robot_6_log_20260602_143011.csv] - DEBUG - Posición actualizada por visión: x=265.48, y=98.26, θ=1.67
2026-06-02 14:30:34.239 - [robot_6_log_20260602_143011.csv] - DEBUG - Frecuencia: 46.42 Hz | Latencia Red/Proc: 46.48 ms
2026-06-02 14:30:34.249 - [robot_6_log_20260602_143011.csv] - DEBUG - Incoming data. Topic 6/pos, mensaje {"x": 265.48, "y": 98.26, "yaw": 1.67, "timestamp": 1780403434.1929624}
2026-06-02 14:30:34.254 - [robot_6_log_20260602_143011.csv] - DEBUG - Posición actualizada por visión: x=265.48, y=98.26, θ=1.67
2026-06-02 14:30:34.254 - [robot_6_log_20260602_143011.csv] - DEBUG - Frecuencia: 64.94 Hz | Latencia Red/Proc: 61.88 ms
2026-06-02 14:30:34.257 - [robot_6_log_20260602_143011.csv] - INFO - Usando posición VISION: x=265.48, y=98.26, θ=1.67
2026-06-02 14:30:34.257 - [robot_6_log_20260602_143011.csv] - INFO - Distancias a paredes: Left: 265.48, Right: 184.52, Top: 41.74, Bottom: 98.26
2026-06-02 14:30:34.257 - [robot_6_log_20260602_143011.csv] - INFO - Posicion: 265.48, 98.26, 1.67 | Velocidad: -0.9950833498101802, -0.09904103659872801
2026-06-02 14:30:34.257 - [robot_6_log_20260602_143011.csv] - INFO - None
2026-06-02 14:30:34.257 - [robot_6_log_20260602_143011.csv] - DEBUG - Incoming data. Topic agent/6/wheel, mensaje {"Wleft":1.657007864e-15,"Wright":-3.719247132e-16}
2026-06-02 14:30:34.257 - [robot_6_log_20260602_143011.csv] - WARNING - Estado FSM: AVANZA | Target Wall: None | Target Theta: 0.00° |theta: 95.68395178684747 
2026-06-02 14:30:34.286 - [robot_6_log_20260602_143011.csv] - DEBUG - Incoming data. Topic 6/pos, mensaje {"x": 265.47, "y": 98.23, "yaw": 1.672, "timestamp": 1780403434.275906}
2026-06-02 14:30:34.286 - [robot_6_log_20260602_143011.csv] - DEBUG - Posición actualizada por visión: x=265.47, y=98.23, θ=1.67
2026-06-02 14:30:34.286 - [robot_6_log_20260602_143011.csv] - DEBUG - Frecuencia: 31.13 Hz | Latencia Red/Proc: 11.07 ms
2026-06-02 14:30:34.287 - [robot_6_log_20260602_143011.csv] - DEBUG - Incoming data. Topic 6/pos, mensaje {"x": 265.47, "y": 98.23, "yaw": 1.672, "timestamp": 1780403434.275906}
2026-06-02 14:30:34.292 - [robot_6_log_20260602_143011.csv] - DEBUG - Posición actualizada por visión: x=265.47, y=98.23, θ=1.67
2026-06-02 14:30:34.292 - [robot_6_log_20260602_143011.csv] - DEBUG - Frecuencia: 193.26 Hz | Latencia Red/Proc: 16.24 ms
2026-06-02 14:30:34.292 - [robot_6_log_20260602_143011.csv] - DEBUG - Incoming data. Topic 6/pos, mensaje {"x": 265.47, "y": 98.23, "yaw": 1.672, "timestamp": 1780403434.2849016}
2026-06-02 14:30:34.297 - [robot_6_log_20260602_143011.csv] - DEBUG - Posición actualizada por visión: x=265.47, y=98.23, θ=1.67
2026-06-02 14:30:34.302 - [robot_6_log_20260602_143011.csv] - DEBUG - Frecuencia: 95.77 Hz | Latencia Red/Proc: 17.69 ms
2026-06-02 14:30:34.302 - [robot_6_log_20260602_143011.csv] - DEBUG - Incoming data. Topic 6/pos, mensaje {"x": 265.47, "y": 98.23, "yaw": 1.672, "timestamp": 1780403434.2849016}
2026-06-02 14:30:34.307 - [robot_6_log_20260602_143011.csv] - INFO - Usando posición VISION: x=265.47, y=98.23, θ=1.67
2026-06-02 14:30:34.307 - [robot_6_log_20260602_143011.csv] - DEBUG - Posición actualizada por visión: x=265.47, y=98.23, θ=1.67
2026-06-02 14:30:34.307 - [robot_6_log_20260602_143011.csv] - INFO - Distancias a paredes: Left: 265.47, Right: 184.53, Top: 41.77, Bottom: 98.23
2026-06-02 14:30:34.307 - [robot_6_log_20260602_143011.csv] - DEBUG - Frecuencia: 195.07 Hz | Latencia Red/Proc: 22.81 ms
2026-06-02 14:30:34.307 - [robot_6_log_20260602_143011.csv] - INFO - Posicion: 265.47, 98.23, 1.672 | Velocidad: -0.9948832777030012, -0.10103100388956367
2026-06-02 14:30:34.307 - [robot_6_log_20260602_143011.csv] - INFO - None
2026-06-02 14:30:34.307 - [robot_6_log_20260602_143011.csv] - WARNING - Estado FSM: AVANZA | Target Wall: None | Target Theta: 0.00° |theta: 95.79854334587364 
2026-06-02 14:30:34.336 - [robot_6_log_20260602_143011.csv] - DEBUG - Incoming data. Topic agent/6/wheel, mensaje {"Wleft":1.657007864e-15,"Wright":-3.719247132e-16}
2026-06-02 14:30:34.357 - [robot_6_log_20260602_143011.csv] - INFO - Usando posición VISION: x=265.47, y=98.23, θ=1.67
2026-06-02 14:30:34.357 - [robot_6_log_20260602_143011.csv] - INFO - Distancias a paredes: Left: 265.47, Right: 184.53, Top: 41.77, Bottom: 98.23
2026-06-02 14:30:34.357 - [robot_6_log_20260602_143011.csv] - INFO - Posicion: 265.47, 98.23, 1.672 | Velocidad: -0.9948832777030012, -0.10103100388956367
2026-06-02 14:30:34.357 - [robot_6_log_20260602_143011.csv] - INFO - None
2026-06-02 14:30:34.357 - [robot_6_log_20260602_143011.csv] - WARNING - Estado FSM: AVANZA | Target Wall: None | Target Theta: 0.00° |theta: 95.79854334587364 
2026-06-02 14:30:34.382 - [robot_6_log_20260602_143011.csv] - DEBUG - Incoming data. Topic 6/pos, mensaje {"x": 265.48, "y": 98.22, "yaw": 1.674, "timestamp": 1780403434.3769672}
2026-06-02 14:30:34.387 - [robot_6_log_20260602_143011.csv] - DEBUG - Posición actualizada por visión: x=265.48, y=98.22, θ=1.67
2026-06-02 14:30:34.392 - [robot_6_log_20260602_143011.csv] - DEBUG - Frecuencia: 11.73 Hz | Latencia Red/Proc: 16.02 ms
2026-06-02 14:30:34.398 - [robot_6_log_20260602_143011.csv] - DEBUG - Incoming data. Topic 6/pos, mensaje {"x": 265.48, "y": 98.22, "yaw": 1.674, "timestamp": 1780403434.3769672}
2026-06-02 14:30:34.404 - [robot_6_log_20260602_143011.csv] - DEBUG - Posición actualizada por visión: x=265.48, y=98.22, θ=1.67
2026-06-02 14:30:34.407 - [robot_6_log_20260602_143011.csv] - INFO - Usando posición VISION: x=265.48, y=98.22, θ=1.67
2026-06-02 14:30:34.407 - [robot_6_log_20260602_143011.csv] - DEBUG - Frecuencia: 68.72 Hz | Latencia Red/Proc: 30.57 ms
2026-06-02 14:30:34.407 - [robot_6_log_20260602_143011.csv] - INFO - Distancias a paredes: Left: 265.48, Right: 184.52, Top: 41.78, Bottom: 98.22
2026-06-02 14:30:34.407 - [robot_6_log_20260602_143011.csv] - INFO - Posicion: 265.48, 98.22, 1.674 | Velocidad: -0.9946792260640379, -0.10302056705651848
2026-06-02 14:30:34.407 - [robot_6_log_20260602_143011.csv] - DEBUG - Incoming data. Topic 6/pos, mensaje {"x": 265.48, "y": 98.22, "yaw": 1.674, "timestamp": 1780403434.3885841}
2026-06-02 14:30:34.407 - [robot_6_log_20260602_143011.csv] - INFO - None
2026-06-02 14:30:34.407 - [robot_6_log_20260602_143011.csv] - DEBUG - Posición actualizada por visión: x=265.48, y=98.22, θ=1.67
2026-06-02 14:30:34.407 - [robot_6_log_20260602_143011.csv] - WARNING - Estado FSM: AVANZA | Target Wall: None | Target Theta: 0.00° |theta: 95.9131349048998 
2026-06-02 14:30:34.407 - [robot_6_log_20260602_143011.csv] - DEBUG - Frecuencia: 3887.21 Hz | Latencia Red/Proc: 19.21 ms
2026-06-02 14:30:34.418 - [robot_6_log_20260602_143011.csv] - DEBUG - Incoming data. Topic 6/pos, mensaje {"x": 265.48, "y": 98.22, "yaw": 1.674, "timestamp": 1780403434.3885841}
2026-06-02 14:30:34.423 - [robot_6_log_20260602_143011.csv] - DEBUG - Posición actualizada por visión: x=265.48, y=98.22, θ=1.67
2026-06-02 14:30:34.423 - [robot_6_log_20260602_143011.csv] - DEBUG - Frecuencia: 65.14 Hz | Latencia Red/Proc: 34.56 ms
2026-06-02 14:30:34.446 - [robot_6_log_20260602_143011.csv] - DEBUG - Incoming data. Topic agent/6/wheel, mensaje {"Wleft":1.657007864e-15,"Wright":-3.719247132e-16}
2026-06-02 14:30:34.457 - [robot_6_log_20260602_143011.csv] - INFO - Usando posición VISION: x=265.48, y=98.22, θ=1.67
2026-06-02 14:30:34.457 - [robot_6_log_20260602_143011.csv] - INFO - Distancias a paredes: Left: 265.48, Right: 184.52, Top: 41.78, Bottom: 98.22
2026-06-02 14:30:34.457 - [robot_6_log_20260602_143011.csv] - INFO - Posicion: 265.48, 98.22, 1.674 | Velocidad: -0.9946792260640379, -0.10302056705651848
2026-06-02 14:30:34.457 - [robot_6_log_20260602_143011.csv] - INFO - None
2026-06-02 14:30:34.457 - [robot_6_log_20260602_143011.csv] - WARNING - Estado FSM: AVANZA | Target Wall: None | Target Theta: 0.00° |theta: 95.9131349048998 
2026-06-02 14:30:34.482 - [robot_6_log_20260602_143011.csv] - DEBUG - Incoming data. Topic 6/pos, mensaje {"x": 265.49, "y": 98.22, "yaw": 1.666, "timestamp": 1780403434.47911}
2026-06-02 14:30:34.487 - [robot_6_log_20260602_143011.csv] - DEBUG - Posición actualizada por visión: x=265.49, y=98.22, θ=1.67
2026-06-02 14:30:34.487 - [robot_6_log_20260602_143011.csv] - DEBUG - Frecuencia: 15.49 Hz | Latencia Red/Proc: 8.59 ms
2026-06-02 14:30:34.487 - [robot_6_log_20260602_143011.csv] - DEBUG - Incoming data. Topic 6/pos, mensaje {"x": 265.49, "y": 98.22, "yaw": 1.666, "timestamp": 1780403434.47911}
2026-06-02 14:30:34.487 - [robot_6_log_20260602_143011.csv] - DEBUG - Posición actualizada por visión: x=265.49, y=98.22, θ=1.67
2026-06-02 14:30:34.487 - [robot_6_log_20260602_143011.csv] - DEBUG - Frecuencia: 14768.68 Hz | Latencia Red/Proc: 8.65 ms
2026-06-02 14:30:34.493 - [robot_6_log_20260602_143011.csv] - DEBUG - Incoming data. Topic 6/pos, mensaje {"x": 265.49, "y": 98.22, "yaw": 1.666, "timestamp": 1780403434.490172}
2026-06-02 14:30:34.493 - [robot_6_log_20260602_143011.csv] - DEBUG - Posición actualizada por visión: x=265.49, y=98.22, θ=1.67
2026-06-02 14:30:34.493 - [robot_6_log_20260602_143011.csv] - DEBUG - Frecuencia: 163.43 Hz | Latencia Red/Proc: 3.71 ms
2026-06-02 14:30:34.494 - [robot_6_log_20260602_143011.csv] - DEBUG - Incoming data. Topic 6/pos, mensaje {"x": 265.49, "y": 98.22, "yaw": 1.666, "timestamp": 1780403434.490172}
2026-06-02 14:30:34.494 - [robot_6_log_20260602_143011.csv] - DEBUG - Posición actualizada por visión: x=265.49, y=98.22, θ=1.67
2026-06-02 14:30:34.494 - [robot_6_log_20260602_143011.csv] - DEBUG - Frecuencia: 5249.44 Hz | Latencia Red/Proc: 3.90 ms
2026-06-02 14:30:34.507 - [robot_6_log_20260602_143011.csv] - INFO - Usando posición VISION: x=265.49, y=98.22, θ=1.67
2026-06-02 14:30:34.507 - [robot_6_log_20260602_143011.csv] - INFO - Distancias a paredes: Left: 265.49, Right: 184.51, Top: 41.78, Bottom: 98.22
2026-06-02 14:30:34.507 - [robot_6_log_20260602_143011.csv] - INFO - Posicion: 265.49, 98.22, 1.666 | Velocidad: -0.995471552243954, -0.09505992148646485
2026-06-02 14:30:34.507 - [robot_6_log_20260602_143011.csv] - INFO - None
2026-06-02 14:30:34.507 - [robot_6_log_20260602_143011.csv] - WARNING - Estado FSM: AVANZA | Target Wall: None | Target Theta: 0.00° |theta: 95.45476866879514 
2026-06-02 14:30:34.532 - [robot_6_log_20260602_143011.csv] - DEBUG - Incoming data. Topic agent/6/wheel, mensaje {"Wleft":1.657007864e-15,"Wright":-3.719247132e-16}
2026-06-02 14:30:34.557 - [robot_6_log_20260602_143011.csv] - INFO - Usando posición VISION: x=265.49, y=98.22, θ=1.67
2026-06-02 14:30:34.557 - [robot_6_log_20260602_143011.csv] - INFO - Distancias a paredes: Left: 265.49, Right: 184.51, Top: 41.78, Bottom: 98.22
2026-06-02 14:30:34.557 - [robot_6_log_20260602_143011.csv] - INFO - Posicion: 265.49, 98.22, 1.666 | Velocidad: -0.995471552243954, -0.09505992148646485
2026-06-02 14:30:34.557 - [robot_6_log_20260602_143011.csv] - INFO - None
2026-06-02 14:30:34.557 - [robot_6_log_20260602_143011.csv] - WARNING - Estado FSM: AVANZA | Target Wall: None | Target Theta: 0.00° |theta: 95.45476866879514 
2026-06-02 14:30:34.581 - [robot_6_log_20260602_143011.csv] - DEBUG - Incoming data. Topic 6/pos, mensaje {"x": 265.52, "y": 98.21, "yaw": 1.68, "timestamp": 1780403434.5779626}
2026-06-02 14:30:34.586 - [robot_6_log_20260602_143011.csv] - DEBUG - Posición actualizada por visión: x=265.52, y=98.21, θ=1.68
2026-06-02 14:30:34.592 - [robot_6_log_20260602_143011.csv] - DEBUG - Frecuencia: 10.14 Hz | Latencia Red/Proc: 14.75 ms
2026-06-02 14:30:34.607 - [robot_6_log_20260602_143011.csv] - INFO - Usando posición VISION: x=265.52, y=98.21, θ=1.68
2026-06-02 14:30:34.607 - [robot_6_log_20260602_143011.csv] - INFO - Distancias a paredes: Left: 265.52, Right: 184.48, Top: 41.79, Bottom: 98.21
2026-06-02 14:30:34.607 - [robot_6_log_20260602_143011.csv] - INFO - Posicion: 265.52, 98.21, 1.68 | Velocidad: -0.994043202198076, -0.10898675223987112
2026-06-02 14:30:34.607 - [robot_6_log_20260602_143011.csv] - INFO - None
2026-06-02 14:30:34.607 - [robot_6_log_20260602_143011.csv] - DEBUG - Incoming data. Topic 6/pos, mensaje {"x": 265.52, "y": 98.21, "yaw": 1.68, "timestamp": 1780403434.5779626}
2026-06-02 14:30:34.607 - [robot_6_log_20260602_143011.csv] - DEBUG - Posición actualizada por visión: x=265.52, y=98.21, θ=1.68
2026-06-02 14:30:34.607 - [robot_6_log_20260602_143011.csv] - DEBUG - Frecuencia: 66.24 Hz | Latencia Red/Proc: 29.85 ms
2026-06-02 14:30:34.607 - [robot_6_log_20260602_143011.csv] - DEBUG - Incoming data. Topic 6/pos, mensaje {"x": 265.52, "y": 98.21, "yaw": 1.68, "timestamp": 1780403434.5895503}
2026-06-02 14:30:34.607 - [robot_6_log_20260602_143011.csv] - DEBUG - Posición actualizada por visión: x=265.52, y=98.21, θ=1.68
2026-06-02 14:30:34.607 - [robot_6_log_20260602_143011.csv] - DEBUG - Frecuencia: 8272.79 Hz | Latencia Red/Proc: 18.38 ms
2026-06-02 14:30:34.607 - [robot_6_log_20260602_143011.csv] - DEBUG - Incoming data. Topic 6/pos, mensaje {"x": 265.52, "y": 98.21, "yaw": 1.68, "timestamp": 1780403434.5895503}
2026-06-02 14:30:34.607 - [robot_6_log_20260602_143011.csv] - DEBUG - Posición actualizada por visión: x=265.52, y=98.21, θ=1.68
2026-06-02 14:30:34.607 - [robot_6_log_20260602_143011.csv] - DEBUG - Frecuencia: 28339.89 Hz | Latencia Red/Proc: 18.41 ms
2026-06-02 14:30:34.607 - [robot_6_log_20260602_143011.csv] - WARNING - Estado FSM: AVANZA | Target Wall: None | Target Theta: 0.00° |theta: 96.2569095819783 
2026-06-02 14:30:34.632 - [robot_6_log_20260602_143011.csv] - DEBUG - Incoming data. Topic agent/6/wheel, mensaje {"Wleft":1.657007864e-15,"Wright":-3.719247132e-16}
2026-06-02 14:30:34.657 - [robot_6_log_20260602_143011.csv] - INFO - Usando posición VISION: x=265.52, y=98.21, θ=1.68
2026-06-02 14:30:34.657 - [robot_6_log_20260602_143011.csv] - INFO - Distancias a paredes: Left: 265.52, Right: 184.48, Top: 41.79, Bottom: 98.21
2026-06-02 14:30:34.657 - [robot_6_log_20260602_143011.csv] - INFO - Posicion: 265.52, 98.21, 1.68 | Velocidad: -0.994043202198076, -0.10898675223987112
2026-06-02 14:30:34.657 - [robot_6_log_20260602_143011.csv] - INFO - None
2026-06-02 14:30:34.657 - [robot_6_log_20260602_143011.csv] - WARNING - Estado FSM: AVANZA | Target Wall: None | Target Theta: 0.00° |theta: 96.2569095819783 
2026-06-02 14:30:34.682 - [robot_6_log_20260602_143011.csv] - DEBUG - Incoming data. Topic 6/pos, mensaje {"x": 265.48, "y": 98.25, "yaw": 1.669, "timestamp": 1780403434.680129}
2026-06-02 14:30:34.687 - [robot_6_log_20260602_143011.csv] - DEBUG - Posición actualizada por visión: x=265.48, y=98.25, θ=1.67
2026-06-02 14:30:34.692 - [robot_6_log_20260602_143011.csv] - DEBUG - Frecuencia: 11.81 Hz | Latencia Red/Proc: 12.48 ms
2026-06-02 14:30:34.692 - [robot_6_log_20260602_143011.csv] - DEBUG - Incoming data. Topic 6/pos, mensaje {"x": 265.48, "y": 98.25, "yaw": 1.669, "timestamp": 1780403434.680129}
2026-06-02 14:30:34.692 - [robot_6_log_20260602_143011.csv] - DEBUG - Posición actualizada por visión: x=265.48, y=98.25, θ=1.67
2026-06-02 14:30:34.692 - [robot_6_log_20260602_143011.csv] - DEBUG - Frecuencia: 4599.02 Hz | Latencia Red/Proc: 12.70 ms
2026-06-02 14:30:34.698 - [robot_6_log_20260602_143011.csv] - DEBUG - Incoming data. Topic 6/pos, mensaje {"x": 265.48, "y": 98.25, "yaw": 1.669, "timestamp": 1780403434.6892638}
2026-06-02 14:30:34.704 - [robot_6_log_20260602_143011.csv] - DEBUG - Posición actualizada por visión: x=265.48, y=98.25, θ=1.67
2026-06-02 14:30:34.704 - [robot_6_log_20260602_143011.csv] - DEBUG - Frecuencia: 88.59 Hz | Latencia Red/Proc: 14.85 ms
2026-06-02 14:30:34.704 - [robot_6_log_20260602_143011.csv] - DEBUG - Incoming data. Topic 6/pos, mensaje {"x": 265.48, "y": 98.25, "yaw": 1.669, "timestamp": 1780403434.6892638}
2026-06-02 14:30:34.704 - [robot_6_log_20260602_143011.csv] - DEBUG - Posición actualizada por visión: x=265.48, y=98.25, θ=1.67
2026-06-02 14:30:34.704 - [robot_6_log_20260602_143011.csv] - DEBUG - Frecuencia: 20867.18 Hz | Latencia Red/Proc: 14.90 ms
2026-06-02 14:30:34.707 - [robot_6_log_20260602_143011.csv] - INFO - Usando posición VISION: x=265.48, y=98.25, θ=1.67
2026-06-02 14:30:34.707 - [robot_6_log_20260602_143011.csv] - INFO - Distancias a paredes: Left: 265.48, Right: 184.52, Top: 41.75, Bottom: 98.25
2026-06-02 14:30:34.707 - [robot_6_log_20260602_143011.csv] - INFO - Posicion: 265.48, 98.25, 1.669 | Velocidad: -0.9951818932886386, -0.09804590389425098
2026-06-02 14:30:34.707 - [robot_6_log_20260602_143011.csv] - INFO - None
2026-06-02 14:30:34.707 - [robot_6_log_20260602_143011.csv] - WARNING - Estado FSM: AVANZA | Target Wall: None | Target Theta: 0.00° |theta: 95.6266560073344 
2026-06-02 14:30:34.748 - [robot_6_log_20260602_143011.csv] - DEBUG - Incoming data. Topic agent/6/wheel, mensaje {"Wleft":1.657007864e-15,"Wright":-3.719247132e-16}
2026-06-02 14:30:34.757 - [robot_6_log_20260602_143011.csv] - INFO - Usando posición VISION: x=265.48, y=98.25, θ=1.67
2026-06-02 14:30:34.757 - [robot_6_log_20260602_143011.csv] - INFO - Distancias a paredes: Left: 265.48, Right: 184.52, Top: 41.75, Bottom: 98.25
2026-06-02 14:30:34.757 - [robot_6_log_20260602_143011.csv] - INFO - Posicion: 265.48, 98.25, 1.669 | Velocidad: -0.9951818932886386, -0.09804590389425098
2026-06-02 14:30:34.757 - [robot_6_log_20260602_143011.csv] - INFO - None
2026-06-02 14:30:34.757 - [robot_6_log_20260602_143011.csv] - WARNING - Estado FSM: AVANZA | Target Wall: None | Target Theta: 0.00° |theta: 95.6266560073344 
2026-06-02 14:30:34.787 - [robot_6_log_20260602_143011.csv] - DEBUG - Incoming data. Topic 6/pos, mensaje {"x": 265.48, "y": 98.23, "yaw": 1.669, "timestamp": 1780403434.7787952}
2026-06-02 14:30:34.792 - [robot_6_log_20260602_143011.csv] - DEBUG - Posición actualizada por visión: x=265.48, y=98.23, θ=1.67
2026-06-02 14:30:34.798 - [robot_6_log_20260602_143011.csv] - DEBUG - Frecuencia: 10.56 Hz | Latencia Red/Proc: 20.05 ms
2026-06-02 14:30:34.807 - [robot_6_log_20260602_143011.csv] - INFO - Usando posición VISION: x=265.48, y=98.23, θ=1.67
2026-06-02 14:30:34.807 - [robot_6_log_20260602_143011.csv] - INFO - Distancias a paredes: Left: 265.48, Right: 184.52, Top: 41.77, Bottom: 98.23
2026-06-02 14:30:34.807 - [robot_6_log_20260602_143011.csv] - INFO - Posicion: 265.48, 98.23, 1.669 | Velocidad: -0.9951818932886386, -0.09804590389425098
2026-06-02 14:30:34.807 - [robot_6_log_20260602_143011.csv] - DEBUG - Incoming data. Topic 6/pos, mensaje {"x": 265.48, "y": 98.23, "yaw": 1.669, "timestamp": 1780403434.7787952}
2026-06-02 14:30:34.807 - [robot_6_log_20260602_143011.csv] - INFO - None
2026-06-02 14:30:34.807 - [robot_6_log_20260602_143011.csv] - DEBUG - Posición actualizada por visión: x=265.48, y=98.23, θ=1.67
2026-06-02 14:30:34.807 - [robot_6_log_20260602_143011.csv] - DEBUG - Frecuencia: 112.43 Hz | Latencia Red/Proc: 28.95 ms
2026-06-02 14:30:34.807 - [robot_6_log_20260602_143011.csv] - WARNING - Estado FSM: AVANZA | Target Wall: None | Target Theta: 0.00° |theta: 95.6266560073344 
2026-06-02 14:30:34.812 - [robot_6_log_20260602_143011.csv] - DEBUG - Incoming data. Topic 6/pos, mensaje {"x": 265.48, "y": 98.23, "yaw": 1.669, "timestamp": 1780403434.7898076}
2026-06-02 14:30:34.812 - [robot_6_log_20260602_143011.csv] - DEBUG - Posición actualizada por visión: x=265.48, y=98.23, θ=1.67
2026-06-02 14:30:34.812 - [robot_6_log_20260602_143011.csv] - DEBUG - Frecuencia: 195.58 Hz | Latencia Red/Proc: 23.05 ms
2026-06-02 14:30:34.812 - [robot_6_log_20260602_143011.csv] - DEBUG - Incoming data. Topic 6/pos, mensaje {"x": 265.48, "y": 98.23, "yaw": 1.669, "timestamp": 1780403434.7898076}
2026-06-02 14:30:34.812 - [robot_6_log_20260602_143011.csv] - DEBUG - Posición actualizada por visión: x=265.48, y=98.23, θ=1.67
2026-06-02 14:30:34.812 - [robot_6_log_20260602_143011.csv] - DEBUG - Frecuencia: 22795.13 Hz | Latencia Red/Proc: 23.09 ms
2026-06-02 14:30:34.831 - [robot_6_log_20260602_143011.csv] - DEBUG - Incoming data. Topic agent/6/wheel, mensaje {"Wleft":1.657007864e-15,"Wright":-3.719247132e-16}
2026-06-02 14:30:34.857 - [robot_6_log_20260602_143011.csv] - INFO - Usando posición VISION: x=265.48, y=98.23, θ=1.67
2026-06-02 14:30:34.857 - [robot_6_log_20260602_143011.csv] - INFO - Distancias a paredes: Left: 265.48, Right: 184.52, Top: 41.77, Bottom: 98.23
2026-06-02 14:30:34.857 - [robot_6_log_20260602_143011.csv] - INFO - Posicion: 265.48, 98.23, 1.669 | Velocidad: -0.9951818932886386, -0.09804590389425098
2026-06-02 14:30:34.857 - [robot_6_log_20260602_143011.csv] - INFO - None
2026-06-02 14:30:34.857 - [robot_6_log_20260602_143011.csv] - WARNING - Estado FSM: AVANZA | Target Wall: None | Target Theta: 0.00° |theta: 95.6266560073344 
2026-06-02 14:30:34.881 - [robot_6_log_20260602_143011.csv] - DEBUG - Incoming data. Topic 6/pos, mensaje {"x": 265.49, "y": 98.21, "yaw": 1.669, "timestamp": 1780403434.8774261}
2026-06-02 14:30:34.886 - [robot_6_log_20260602_143011.csv] - DEBUG - Posición actualizada por visión: x=265.49, y=98.21, θ=1.67
2026-06-02 14:30:34.891 - [robot_6_log_20260602_143011.csv] - DEBUG - Frecuencia: 12.73 Hz | Latencia Red/Proc: 14.02 ms
2026-06-02 14:30:34.896 - [robot_6_log_20260602_143011.csv] - DEBUG - Incoming data. Topic 6/pos, mensaje {"x": 265.49, "y": 98.21, "yaw": 1.669, "timestamp": 1780403434.8774261}
2026-06-02 14:30:34.902 - [robot_6_log_20260602_143011.csv] - DEBUG - Posición actualizada por visión: x=265.49, y=98.21, θ=1.67
2026-06-02 14:30:34.902 - [robot_6_log_20260602_143011.csv] - DEBUG - Frecuencia: 87.33 Hz | Latencia Red/Proc: 25.48 ms
2026-06-02 14:30:34.907 - [robot_6_log_20260602_143011.csv] - INFO - Usando posición VISION: x=265.49, y=98.21, θ=1.67
2026-06-02 14:30:34.907 - [robot_6_log_20260602_143011.csv] - DEBUG - Incoming data. Topic 6/pos, mensaje {"x": 265.49, "y": 98.21, "yaw": 1.669, "timestamp": 1780403434.887869}
2026-06-02 14:30:34.907 - [robot_6_log_20260602_143011.csv] - DEBUG - Posición actualizada por visión: x=265.49, y=98.21, θ=1.67
2026-06-02 14:30:34.907 - [robot_6_log_20260602_143011.csv] - DEBUG - Frecuencia: 203.86 Hz | Latencia Red/Proc: 19.94 ms
2026-06-02 14:30:34.907 - [robot_6_log_20260602_143011.csv] - DEBUG - Incoming data. Topic 6/pos, mensaje {"x": 265.49, "y": 98.21, "yaw": 1.669, "timestamp": 1780403434.887869}
2026-06-02 14:30:34.907 - [robot_6_log_20260602_143011.csv] - DEBUG - Posición actualizada por visión: x=265.49, y=98.21, θ=1.67
2026-06-02 14:30:34.907 - [robot_6_log_20260602_143011.csv] - DEBUG - Frecuencia: 23045.63 Hz | Latencia Red/Proc: 19.98 ms
2026-06-02 14:30:34.907 - [robot_6_log_20260602_143011.csv] - INFO - Distancias a paredes: Left: 265.49, Right: 184.51, Top: 41.79, Bottom: 98.21
2026-06-02 14:30:34.907 - [robot_6_log_20260602_143011.csv] - INFO - Posicion: 265.49, 98.21, 1.669 | Velocidad: -0.9951818932886386, -0.09804590389425098
2026-06-02 14:30:34.907 - [robot_6_log_20260602_143011.csv] - INFO - None
2026-06-02 14:30:34.907 - [robot_6_log_20260602_143011.csv] - WARNING - Estado FSM: AVANZA | Target Wall: None | Target Theta: 0.00° |theta: 95.6266560073344 
2026-06-02 14:30:34.951 - [robot_6_log_20260602_143011.csv] - DEBUG - Incoming data. Topic agent/6/wheel, mensaje {"Wleft":1.657007864e-15,"Wright":-3.719247132e-16}
2026-06-02 14:30:34.957 - [robot_6_log_20260602_143011.csv] - INFO - Usando posición VISION: x=265.49, y=98.21, θ=1.67
2026-06-02 14:30:34.957 - [robot_6_log_20260602_143011.csv] - INFO - Distancias a paredes: Left: 265.49, Right: 184.51, Top: 41.79, Bottom: 98.21
2026-06-02 14:30:34.957 - [robot_6_log_20260602_143011.csv] - INFO - Posicion: 265.49, 98.21, 1.669 | Velocidad: -0.9951818932886386, -0.09804590389425098
2026-06-02 14:30:34.957 - [robot_6_log_20260602_143011.csv] - INFO - None
2026-06-02 14:30:34.957 - [robot_6_log_20260602_143011.csv] - WARNING - Estado FSM: AVANZA | Target Wall: None | Target Theta: 0.00° |theta: 95.6266560073344 
2026-06-02 14:30:34.981 - [robot_6_log_20260602_143011.csv] - DEBUG - Incoming data. Topic 6/pos, mensaje {"x": 265.48, "y": 98.25, "yaw": 1.666, "timestamp": 1780403434.9783597}
2026-06-02 14:30:34.986 - [robot_6_log_20260602_143011.csv] - DEBUG - Posición actualizada por visión: x=265.48, y=98.25, θ=1.67
2026-06-02 14:30:34.991 - [robot_6_log_20260602_143011.csv] - DEBUG - Frecuencia: 11.92 Hz | Latencia Red/Proc: 13.36 ms
2026-06-02 14:30:35.003 - [robot_6_log_20260602_143011.csv] - DEBUG - Incoming data. Topic 6/pos, mensaje {"x": 265.48, "y": 98.25, "yaw": 1.666, "timestamp": 1780403434.9783597}
2026-06-02 14:30:35.007 - [robot_6_log_20260602_143011.csv] - INFO - Usando posición VISION: x=265.48, y=98.25, θ=1.67
2026-06-02 14:30:35.007 - [robot_6_log_20260602_143011.csv] - DEBUG - Posición actualizada por visión: x=265.48, y=98.25, θ=1.67
2026-06-02 14:30:35.007 - [robot_6_log_20260602_143011.csv] - INFO - Distancias a paredes: Left: 265.48, Right: 184.52, Top: 41.75, Bottom: 98.25
2026-06-02 14:30:35.007 - [robot_6_log_20260602_143011.csv] - DEBUG - Frecuencia: 62.44 Hz | Latencia Red/Proc: 29.37 ms
2026-06-02 14:30:35.007 - [robot_6_log_20260602_143011.csv] - INFO - Posicion: 265.48, 98.25, 1.666 | Velocidad: -0.995471552243954, -0.09505992148646485
2026-06-02 14:30:35.007 - [robot_6_log_20260602_143011.csv] - INFO - None
2026-06-02 14:30:35.007 - [robot_6_log_20260602_143011.csv] - DEBUG - Incoming data. Topic 6/pos, mensaje {"x": 265.48, "y": 98.25, "yaw": 1.666, "timestamp": 1780403434.9897425}
2026-06-02 14:30:35.007 - [robot_6_log_20260602_143011.csv] - WARNING - Estado FSM: AVANZA | Target Wall: None | Target Theta: 0.00° |theta: 95.45476866879514 
2026-06-02 14:30:35.007 - [robot_6_log_20260602_143011.csv] - DEBUG - Posición actualizada por visión: x=265.48, y=98.25, θ=1.67
2026-06-02 14:30:35.019 - [robot_6_log_20260602_143011.csv] - DEBUG - Frecuencia: 87.32 Hz | Latencia Red/Proc: 29.44 ms
2026-06-02 14:30:35.029 - [robot_6_log_20260602_143011.csv] - DEBUG - Incoming data. Topic 6/pos, mensaje {"x": 265.48, "y": 98.25, "yaw": 1.666, "timestamp": 1780403434.9897425}
2026-06-02 14:30:35.034 - [robot_6_log_20260602_143011.csv] - DEBUG - Posición actualizada por visión: x=265.48, y=98.25, θ=1.67
2026-06-02 14:30:35.039 - [robot_6_log_20260602_143011.csv] - DEBUG - Frecuencia: 48.83 Hz | Latencia Red/Proc: 49.92 ms
2026-06-02 14:30:35.044 - [robot_6_log_20260602_143011.csv] - DEBUG - Incoming data. Topic agent/6/wheel, mensaje {"Wleft":1.657007864e-15,"Wright":-3.719247132e-16}
2026-06-02 14:30:35.057 - [robot_6_log_20260602_143011.csv] - INFO - Usando posición VISION: x=265.48, y=98.25, θ=1.67
2026-06-02 14:30:35.057 - [robot_6_log_20260602_143011.csv] - INFO - Distancias a paredes: Left: 265.48, Right: 184.52, Top: 41.75, Bottom: 98.25
2026-06-02 14:30:35.057 - [robot_6_log_20260602_143011.csv] - INFO - Posicion: 265.48, 98.25, 1.666 | Velocidad: -0.995471552243954, -0.09505992148646485
2026-06-02 14:30:35.057 - [robot_6_log_20260602_143011.csv] - INFO - None
2026-06-02 14:30:35.057 - [robot_6_log_20260602_143011.csv] - WARNING - Estado FSM: AVANZA | Target Wall: None | Target Theta: 0.00° |theta: 95.45476866879514 
2026-06-02 14:30:35.081 - [robot_6_log_20260602_143011.csv] - DEBUG - Incoming data. Topic 6/pos, mensaje {"x": 265.48, "y": 98.26, "yaw": 1.666, "timestamp": 1780403435.0780404}
2026-06-02 14:30:35.086 - [robot_6_log_20260602_143011.csv] - DEBUG - Posición actualizada por visión: x=265.48, y=98.26, θ=1.67
2026-06-02 14:30:35.091 - [robot_6_log_20260602_143011.csv] - DEBUG - Frecuencia: 19.32 Hz | Latencia Red/Proc: 13.40 ms
2026-06-02 14:30:35.096 - [robot_6_log_20260602_143011.csv] - DEBUG - Incoming data. Topic 6/pos, mensaje {"x": 265.48, "y": 98.26, "yaw": 1.666, "timestamp": 1780403435.0780404}
2026-06-02 14:30:35.101 - [robot_6_log_20260602_143011.csv] - DEBUG - Posición actualizada por visión: x=265.48, y=98.26, θ=1.67
2026-06-02 14:30:35.107 - [robot_6_log_20260602_143011.csv] - DEBUG - Frecuencia: 64.11 Hz | Latencia Red/Proc: 28.99 ms
2026-06-02 14:30:35.107 - [robot_6_log_20260602_143011.csv] - INFO - Usando posición VISION: x=265.48, y=98.26, θ=1.67
2026-06-02 14:30:35.107 - [robot_6_log_20260602_143011.csv] - DEBUG - Incoming data. Topic 6/pos, mensaje {"x": 265.48, "y": 98.26, "yaw": 1.666, "timestamp": 1780403435.08959}
2026-06-02 14:30:35.107 - [robot_6_log_20260602_143011.csv] - INFO - Distancias a paredes: Left: 265.48, Right: 184.52, Top: 41.74, Bottom: 98.26
2026-06-02 14:30:35.107 - [robot_6_log_20260602_143011.csv] - DEBUG - Posición actualizada por visión: x=265.48, y=98.26, θ=1.67
2026-06-02 14:30:35.107 - [robot_6_log_20260602_143011.csv] - INFO - Posicion: 265.48, 98.26, 1.666 | Velocidad: -0.995471552243954, -0.09505992148646485
2026-06-02 14:30:35.107 - [robot_6_log_20260602_143011.csv] - DEBUG - Frecuencia: 1488.93 Hz | Latencia Red/Proc: 18.12 ms
2026-06-02 14:30:35.107 - [robot_6_log_20260602_143011.csv] - INFO - None
2026-06-02 14:30:35.107 - [robot_6_log_20260602_143011.csv] - DEBUG - Incoming data. Topic 6/pos, mensaje {"x": 265.48, "y": 98.26, "yaw": 1.666, "timestamp": 1780403435.08959}
2026-06-02 14:30:35.107 - [robot_6_log_20260602_143011.csv] - WARNING - Estado FSM: AVANZA | Target Wall: None | Target Theta: 0.00° |theta: 95.45476866879514 
2026-06-02 14:30:35.107 - [robot_6_log_20260602_143011.csv] - DEBUG - Posición actualizada por visión: x=265.48, y=98.26, θ=1.67
2026-06-02 14:30:35.112 - [robot_6_log_20260602_143011.csv] - DEBUG - Frecuencia: 189.25 Hz | Latencia Red/Proc: 23.40 ms
2026-06-02 14:30:35.157 - [robot_6_log_20260602_143011.csv] - INFO - Usando posición VISION: x=265.48, y=98.26, θ=1.67
2026-06-02 14:30:35.157 - [robot_6_log_20260602_143011.csv] - INFO - Distancias a paredes: Left: 265.48, Right: 184.52, Top: 41.74, Bottom: 98.26
2026-06-02 14:30:35.157 - [robot_6_log_20260602_143011.csv] - INFO - Posicion: 265.48, 98.26, 1.666 | Velocidad: -0.995471552243954, -0.09505992148646485
2026-06-02 14:30:35.157 - [robot_6_log_20260602_143011.csv] - INFO - None
2026-06-02 14:30:35.157 - [robot_6_log_20260602_143011.csv] - WARNING - Estado FSM: AVANZA | Target Wall: None | Target Theta: 0.00° |theta: 95.45476866879514 
2026-06-02 14:30:35.163 - [robot_6_log_20260602_143011.csv] - DEBUG - Incoming data. Topic agent/6/wheel, mensaje {"Wleft":1.657007864e-15,"Wright":-3.719247132e-16}
2026-06-02 14:30:35.186 - [robot_6_log_20260602_143011.csv] - DEBUG - Incoming data. Topic 6/pos, mensaje {"x": 265.49, "y": 98.24, "yaw": 1.669, "timestamp": 1780403435.1797838}
2026-06-02 14:30:35.191 - [robot_6_log_20260602_143011.csv] - DEBUG - Posición actualizada por visión: x=265.49, y=98.24, θ=1.67
2026-06-02 14:30:35.196 - [robot_6_log_20260602_143011.csv] - DEBUG - Frecuencia: 11.96 Hz | Latencia Red/Proc: 16.85 ms
2026-06-02 14:30:35.202 - [robot_6_log_20260602_143011.csv] - DEBUG - Incoming data. Topic 6/pos, mensaje {"x": 265.49, "y": 98.24, "yaw": 1.669, "timestamp": 1780403435.1797838}
2026-06-02 14:30:35.207 - [robot_6_log_20260602_143011.csv] - INFO - Usando posición VISION: x=265.49, y=98.24, θ=1.67
2026-06-02 14:30:35.207 - [robot_6_log_20260602_143011.csv] - DEBUG - Posición actualizada por visión: x=265.49, y=98.24, θ=1.67
2026-06-02 14:30:35.207 - [robot_6_log_20260602_143011.csv] - INFO - Distancias a paredes: Left: 265.49, Right: 184.51, Top: 41.76, Bottom: 98.24
2026-06-02 14:30:35.207 - [robot_6_log_20260602_143011.csv] - DEBUG - Frecuencia: 90.93 Hz | Latencia Red/Proc: 27.85 ms
2026-06-02 14:30:35.207 - [robot_6_log_20260602_143011.csv] - INFO - Posicion: 265.49, 98.24, 1.669 | Velocidad: -0.9951818932886386, -0.09804590389425098
2026-06-02 14:30:35.207 - [robot_6_log_20260602_143011.csv] - DEBUG - Incoming data. Topic 6/pos, mensaje {"x": 265.49, "y": 98.24, "yaw": 1.669, "timestamp": 1780403435.1903112}
2026-06-02 14:30:35.207 - [robot_6_log_20260602_143011.csv] - INFO - None
2026-06-02 14:30:35.207 - [robot_6_log_20260602_143011.csv] - DEBUG - Posición actualizada por visión: x=265.49, y=98.24, θ=1.67
2026-06-02 14:30:35.207 - [robot_6_log_20260602_143011.csv] - WARNING - Estado FSM: AVANZA | Target Wall: None | Target Theta: 0.00° |theta: 95.6266560073344 
2026-06-02 14:30:35.207 - [robot_6_log_20260602_143011.csv] - DEBUG - Frecuencia: 4185.93 Hz | Latencia Red/Proc: 17.56 ms
2026-06-02 14:30:35.218 - [robot_6_log_20260602_143011.csv] - DEBUG - Incoming data. Topic 6/pos, mensaje {"x": 265.49, "y": 98.24, "yaw": 1.669, "timestamp": 1780403435.1903112}
2026-06-02 14:30:35.223 - [robot_6_log_20260602_143011.csv] - DEBUG - Posición actualizada por visión: x=265.49, y=98.24, θ=1.67
2026-06-02 14:30:35.229 - [robot_6_log_20260602_143011.csv] - DEBUG - Frecuencia: 46.50 Hz | Latencia Red/Proc: 39.07 ms
2026-06-02 14:30:35.257 - [robot_6_log_20260602_143011.csv] - INFO - Usando posición VISION: x=265.49, y=98.24, θ=1.67
2026-06-02 14:30:35.257 - [robot_6_log_20260602_143011.csv] - INFO - Distancias a paredes: Left: 265.49, Right: 184.51, Top: 41.76, Bottom: 98.24
2026-06-02 14:30:35.257 - [robot_6_log_20260602_143011.csv] - INFO - Posicion: 265.49, 98.24, 1.669 | Velocidad: -0.9951818932886386, -0.09804590389425098
2026-06-02 14:30:35.257 - [robot_6_log_20260602_143011.csv] - INFO - None
2026-06-02 14:30:35.257 - [robot_6_log_20260602_143011.csv] - WARNING - Estado FSM: AVANZA | Target Wall: None | Target Theta: 0.00° |theta: 95.6266560073344 
2026-06-02 14:30:35.268 - [robot_6_log_20260602_143011.csv] - DEBUG - Incoming data. Topic agent/6/wheel, mensaje {"Wleft":1.657007864e-15,"Wright":-3.719247132e-16}
2026-06-02 14:30:35.279 - [robot_6_log_20260602_143011.csv] - DEBUG - Incoming data. Topic 6/pos, mensaje {"x": 265.52, "y": 98.18, "yaw": 1.68, "timestamp": 1780403435.2778182}
2026-06-02 14:30:35.284 - [robot_6_log_20260602_143011.csv] - DEBUG - Posición actualizada por visión: x=265.52, y=98.18, θ=1.68
2026-06-02 14:30:35.284 - [robot_6_log_20260602_143011.csv] - DEBUG - Frecuencia: 18.06 Hz | Latencia Red/Proc: 6.94 ms
2026-06-02 14:30:35.289 - [robot_6_log_20260602_143011.csv] - DEBUG - Incoming data. Topic 6/pos, mensaje {"x": 265.52, "y": 98.18, "yaw": 1.68, "timestamp": 1780403435.2778182}
2026-06-02 14:30:35.289 - [robot_6_log_20260602_143011.csv] - DEBUG - Posición actualizada por visión: x=265.52, y=98.18, θ=1.68
2026-06-02 14:30:35.295 - [robot_6_log_20260602_143011.csv] - DEBUG - Frecuencia: 97.37 Hz | Latencia Red/Proc: 17.21 ms
2026-06-02 14:30:35.295 - [robot_6_log_20260602_143011.csv] - DEBUG - Incoming data. Topic 6/pos, mensaje {"x": 265.52, "y": 98.18, "yaw": 1.68, "timestamp": 1780403435.288498}
2026-06-02 14:30:35.300 - [robot_6_log_20260602_143011.csv] - DEBUG - Posición actualizada por visión: x=265.52, y=98.18, θ=1.68
2026-06-02 14:30:35.305 - [robot_6_log_20260602_143011.csv] - DEBUG - Frecuencia: 94.96 Hz | Latencia Red/Proc: 17.06 ms
2026-06-02 14:30:35.307 - [robot_6_log_20260602_143011.csv] - INFO - Usando posición VISION: x=265.52, y=98.18, θ=1.68
2026-06-02 14:30:35.307 - [robot_6_log_20260602_143011.csv] - DEBUG - Incoming data. Topic 6/pos, mensaje {"x": 265.52, "y": 98.18, "yaw": 1.68, "timestamp": 1780403435.288498}
2026-06-02 14:30:35.307 - [robot_6_log_20260602_143011.csv] - INFO - Distancias a paredes: Left: 265.52, Right: 184.48, Top: 41.82, Bottom: 98.18
2026-06-02 14:30:35.307 - [robot_6_log_20260602_143011.csv] - DEBUG - Posición actualizada por visión: x=265.52, y=98.18, θ=1.68
2026-06-02 14:30:35.307 - [robot_6_log_20260602_143011.csv] - INFO - Posicion: 265.52, 98.18, 1.68 | Velocidad: -0.994043202198076, -0.10898675223987112
2026-06-02 14:30:35.307 - [robot_6_log_20260602_143011.csv] - DEBUG - Frecuencia: 453.88 Hz | Latencia Red/Proc: 19.26 ms
2026-06-02 14:30:35.307 - [robot_6_log_20260602_143011.csv] - INFO - None
2026-06-02 14:30:35.307 - [robot_6_log_20260602_143011.csv] - WARNING - Estado FSM: AVANZA | Target Wall: None | Target Theta: 0.00° |theta: 96.2569095819783 
2026-06-02 14:30:35.337 - [robot_6_log_20260602_143011.csv] - DEBUG - Incoming data. Topic agent/6/wheel, mensaje {"Wleft":1.657007864e-15,"Wright":-3.719247132e-16}
2026-06-02 14:30:35.357 - [robot_6_log_20260602_143011.csv] - INFO - Usando posición VISION: x=265.52, y=98.18, θ=1.68
2026-06-02 14:30:35.357 - [robot_6_log_20260602_143011.csv] - INFO - Distancias a paredes: Left: 265.52, Right: 184.48, Top: 41.82, Bottom: 98.18
2026-06-02 14:30:35.357 - [robot_6_log_20260602_143011.csv] - INFO - Posicion: 265.52, 98.18, 1.68 | Velocidad: -0.994043202198076, -0.10898675223987112
2026-06-02 14:30:35.357 - [robot_6_log_20260602_143011.csv] - INFO - None
2026-06-02 14:30:35.357 - [robot_6_log_20260602_143011.csv] - WARNING - Estado FSM: AVANZA | Target Wall: None | Target Theta: 0.00° |theta: 96.2569095819783 
2026-06-02 14:30:35.387 - [robot_6_log_20260602_143011.csv] - DEBUG - Incoming data. Topic 6/pos, mensaje {"x": 265.48, "y": 98.22, "yaw": 1.676, "timestamp": 1780403435.3762443}
2026-06-02 14:30:35.397 - [robot_6_log_20260602_143011.csv] - DEBUG - Posición actualizada por visión: x=265.48, y=98.22, θ=1.68
2026-06-02 14:30:35.402 - [robot_6_log_20260602_143011.csv] - DEBUG - Frecuencia: 10.56 Hz | Latencia Red/Proc: 26.20 ms
2026-06-02 14:30:35.407 - [robot_6_log_20260602_143011.csv] - INFO - Usando posición VISION: x=265.48, y=98.22, θ=1.68
2026-06-02 14:30:35.407 - [robot_6_log_20260602_143011.csv] - DEBUG - Incoming data. Topic 6/pos, mensaje {"x": 265.48, "y": 98.22, "yaw": 1.676, "timestamp": 1780403435.3762443}
2026-06-02 14:30:35.407 - [robot_6_log_20260602_143011.csv] - INFO - Distancias a paredes: Left: 265.48, Right: 184.52, Top: 41.78, Bottom: 98.22
2026-06-02 14:30:35.407 - [robot_6_log_20260602_143011.csv] - DEBUG - Posición actualizada por visión: x=265.48, y=98.22, θ=1.68
2026-06-02 14:30:35.407 - [robot_6_log_20260602_143011.csv] - INFO - Posicion: 265.48, 98.22, 1.676 | Velocidad: -0.9944711957094966, -0.10500971814134243
2026-06-02 14:30:35.407 - [robot_6_log_20260602_143011.csv] - DEBUG - Frecuencia: 190.20 Hz | Latencia Red/Proc: 31.46 ms
2026-06-02 14:30:35.407 - [robot_6_log_20260602_143011.csv] - INFO - None
2026-06-02 14:30:35.407 - [robot_6_log_20260602_143011.csv] - DEBUG - Incoming data. Topic 6/pos, mensaje {"x": 265.48, "y": 98.22, "yaw": 1.676, "timestamp": 1780403435.3875394}
2026-06-02 14:30:35.407 - [robot_6_log_20260602_143011.csv] - DEBUG - Posición actualizada por visión: x=265.48, y=98.22, θ=1.68
2026-06-02 14:30:35.407 - [robot_6_log_20260602_143011.csv] - DEBUG - Frecuencia: 7989.15 Hz | Latencia Red/Proc: 20.29 ms
2026-06-02 14:30:35.407 - [robot_6_log_20260602_143011.csv] - WARNING - Estado FSM: AVANZA | Target Wall: None | Target Theta: 0.00° |theta: 96.02772646392597 
2026-06-02 14:30:35.412 - [robot_6_log_20260602_143011.csv] - DEBUG - Incoming data. Topic 6/pos, mensaje {"x": 265.48, "y": 98.22, "yaw": 1.676, "timestamp": 1780403435.3875394}
2026-06-02 14:30:35.417 - [robot_6_log_20260602_143011.csv] - DEBUG - Posición actualizada por visión: x=265.48, y=98.22, θ=1.68
2026-06-02 14:30:35.424 - [robot_6_log_20260602_143011.csv] - DEBUG - Frecuencia: 61.35 Hz | Latencia Red/Proc: 36.59 ms
2026-06-02 14:30:35.435 - [robot_6_log_20260602_143011.csv] - DEBUG - Incoming data. Topic agent/6/wheel, mensaje {"Wleft":1.657007864e-15,"Wright":-3.719247132e-16}
2026-06-02 14:30:35.457 - [robot_6_log_20260602_143011.csv] - INFO - Usando posición VISION: x=265.48, y=98.22, θ=1.68
2026-06-02 14:30:35.457 - [robot_6_log_20260602_143011.csv] - INFO - Distancias a paredes: Left: 265.48, Right: 184.52, Top: 41.78, Bottom: 98.22
2026-06-02 14:30:35.457 - [robot_6_log_20260602_143011.csv] - INFO - Posicion: 265.48, 98.22, 1.676 | Velocidad: -0.9944711957094966, -0.10500971814134243
2026-06-02 14:30:35.457 - [robot_6_log_20260602_143011.csv] - INFO - None
2026-06-02 14:30:35.457 - [robot_6_log_20260602_143011.csv] - WARNING - Estado FSM: AVANZA | Target Wall: None | Target Theta: 0.00° |theta: 96.02772646392597 
2026-06-02 14:30:35.487 - [robot_6_log_20260602_143011.csv] - DEBUG - Incoming data. Topic 6/pos, mensaje {"x": 265.48, "y": 98.23, "yaw": 1.674, "timestamp": 1780403435.4781058}
2026-06-02 14:30:35.492 - [robot_6_log_20260602_143011.csv] - DEBUG - Posición actualizada por visión: x=265.48, y=98.23, θ=1.67
2026-06-02 14:30:35.497 - [robot_6_log_20260602_143011.csv] - DEBUG - Frecuencia: 13.60 Hz | Latencia Red/Proc: 19.53 ms
2026-06-02 14:30:35.497 - [robot_6_log_20260602_143011.csv] - DEBUG - Incoming data. Topic 6/pos, mensaje {"x": 265.48, "y": 98.23, "yaw": 1.674, "timestamp": 1780403435.4781058}
2026-06-02 14:30:35.503 - [robot_6_log_20260602_143011.csv] - DEBUG - Posición actualizada por visión: x=265.48, y=98.23, θ=1.67
2026-06-02 14:30:35.507 - [robot_6_log_20260602_143011.csv] - INFO - Usando posición VISION: x=265.48, y=98.23, θ=1.67
2026-06-02 14:30:35.507 - [robot_6_log_20260602_143011.csv] - DEBUG - Frecuencia: 100.65 Hz | Latencia Red/Proc: 29.47 ms
2026-06-02 14:30:35.507 - [robot_6_log_20260602_143011.csv] - INFO - Distancias a paredes: Left: 265.48, Right: 184.52, Top: 41.77, Bottom: 98.23
2026-06-02 14:30:35.507 - [robot_6_log_20260602_143011.csv] - DEBUG - Incoming data. Topic 6/pos, mensaje {"x": 265.48, "y": 98.23, "yaw": 1.674, "timestamp": 1780403435.4888165}
2026-06-02 14:30:35.507 - [robot_6_log_20260602_143011.csv] - DEBUG - Posición actualizada por visión: x=265.48, y=98.23, θ=1.67
2026-06-02 14:30:35.507 - [robot_6_log_20260602_143011.csv] - DEBUG - Frecuencia: 2904.64 Hz | Latencia Red/Proc: 19.10 ms
2026-06-02 14:30:35.507 - [robot_6_log_20260602_143011.csv] - INFO - Posicion: 265.48, 98.23, 1.674 | Velocidad: -0.9946792260640379, -0.10302056705651848
2026-06-02 14:30:35.507 - [robot_6_log_20260602_143011.csv] - DEBUG - Incoming data. Topic 6/pos, mensaje {"x": 265.48, "y": 98.23, "yaw": 1.674, "timestamp": 1780403435.4888165}
2026-06-02 14:30:35.508 - [robot_6_log_20260602_143011.csv] - INFO - None
2026-06-02 14:30:35.508 - [robot_6_log_20260602_143011.csv] - DEBUG - Posición actualizada por visión: x=265.48, y=98.23, θ=1.67
2026-06-02 14:30:35.508 - [robot_6_log_20260602_143011.csv] - WARNING - Estado FSM: AVANZA | Target Wall: None | Target Theta: 0.00° |theta: 95.9131349048998 
2026-06-02 14:30:35.508 - [robot_6_log_20260602_143011.csv] - DEBUG - Frecuencia: 3201.76 Hz | Latencia Red/Proc: 19.41 ms
2026-06-02 14:30:35.557 - [robot_6_log_20260602_143011.csv] - INFO - Usando posición VISION: x=265.48, y=98.23, θ=1.67
2026-06-02 14:30:35.557 - [robot_6_log_20260602_143011.csv] - INFO - Distancias a paredes: Left: 265.48, Right: 184.52, Top: 41.77, Bottom: 98.23
2026-06-02 14:30:35.557 - [robot_6_log_20260602_143011.csv] - INFO - Posicion: 265.48, 98.23, 1.674 | Velocidad: -0.9946792260640379, -0.10302056705651848
2026-06-02 14:30:35.557 - [robot_6_log_20260602_143011.csv] - INFO - None
2026-06-02 14:30:35.557 - [robot_6_log_20260602_143011.csv] - WARNING - Estado FSM: AVANZA | Target Wall: None | Target Theta: 0.00° |theta: 95.9131349048998 
2026-06-02 14:30:35.581 - [robot_6_log_20260602_143011.csv] - DEBUG - Incoming data. Topic agent/6/wheel, mensaje {"Wleft":1.657007864e-15,"Wright":-3.719247132e-16}
2026-06-02 14:30:35.597 - [robot_6_log_20260602_143011.csv] - DEBUG - Incoming data. Topic 6/pos, mensaje {"x": 265.47, "y": 98.25, "yaw": 1.675, "timestamp": 1780403435.5814168}
2026-06-02 14:30:35.602 - [robot_6_log_20260602_143011.csv] - DEBUG - Posición actualizada por visión: x=265.47, y=98.25, θ=1.68
2026-06-02 14:30:35.602 - [robot_6_log_20260602_143011.csv] - DEBUG - Frecuencia: 10.56 Hz | Latencia Red/Proc: 21.53 ms
2026-06-02 14:30:35.607 - [robot_6_log_20260602_143011.csv] - INFO - Usando posición VISION: x=265.47, y=98.25, θ=1.68
2026-06-02 14:30:35.607 - [robot_6_log_20260602_143011.csv] - INFO - Distancias a paredes: Left: 265.47, Right: 184.53, Top: 41.75, Bottom: 98.25
2026-06-02 14:30:35.607 - [robot_6_log_20260602_143011.csv] - INFO - Posicion: 265.47, 98.25, 1.675 | Velocidad: -0.9945757081745799, -0.10401519460652353
2026-06-02 14:30:35.607 - [robot_6_log_20260602_143011.csv] - INFO - None
2026-06-02 14:30:35.607 - [robot_6_log_20260602_143011.csv] - DEBUG - Incoming data. Topic 6/pos, mensaje {"x": 265.47, "y": 98.25, "yaw": 1.675, "timestamp": 1780403435.5814168}
2026-06-02 14:30:35.607 - [robot_6_log_20260602_143011.csv] - WARNING - Estado FSM: AVANZA | Target Wall: None | Target Theta: 0.00° |theta: 95.97043068441289 
2026-06-02 14:30:35.607 - [robot_6_log_20260602_143011.csv] - DEBUG - Posición actualizada por visión: x=265.47, y=98.25, θ=1.68
2026-06-02 14:30:35.612 - [robot_6_log_20260602_143011.csv] - DEBUG - Frecuencia: 100.71 Hz | Latencia Red/Proc: 31.46 ms
2026-06-02 14:30:35.618 - [robot_6_log_20260602_143011.csv] - DEBUG - Incoming data. Topic 6/pos, mensaje {"x": 265.47, "y": 98.25, "yaw": 1.675, "timestamp": 1780403435.5920765}
2026-06-02 14:30:35.623 - [robot_6_log_20260602_143011.csv] - DEBUG - Posición actualizada por visión: x=265.47, y=98.25, θ=1.68
2026-06-02 14:30:35.628 - [robot_6_log_20260602_143011.csv] - DEBUG - Frecuencia: 65.14 Hz | Latencia Red/Proc: 36.15 ms
2026-06-02 14:30:35.639 - [robot_6_log_20260602_143011.csv] - DEBUG - Incoming data. Topic 6/pos, mensaje {"x": 265.47, "y": 98.25, "yaw": 1.675, "timestamp": 1780403435.5920765}
2026-06-02 14:30:35.639 - [robot_6_log_20260602_143011.csv] - DEBUG - Posición actualizada por visión: x=265.47, y=98.25, θ=1.68
2026-06-02 14:30:35.639 - [robot_6_log_20260602_143011.csv] - DEBUG - Frecuencia: 85.27 Hz | Latencia Red/Proc: 47.88 ms
2026-06-02 14:30:35.639 - [robot_6_log_20260602_143011.csv] - DEBUG - Incoming data. Topic agent/6/wheel, mensaje {"Wleft":1.657007864e-15,"Wright":-3.719247132e-16}
2026-06-02 14:30:35.657 - [robot_6_log_20260602_143011.csv] - INFO - Usando posición VISION: x=265.47, y=98.25, θ=1.68
2026-06-02 14:30:35.657 - [robot_6_log_20260602_143011.csv] - INFO - Distancias a paredes: Left: 265.47, Right: 184.53, Top: 41.75, Bottom: 98.25
2026-06-02 14:30:35.657 - [robot_6_log_20260602_143011.csv] - INFO - Posicion: 265.47, 98.25, 1.675 | Velocidad: -0.9945757081745799, -0.10401519460652353
2026-06-02 14:30:35.657 - [robot_6_log_20260602_143011.csv] - INFO - None
2026-06-02 14:30:35.657 - [robot_6_log_20260602_143011.csv] - WARNING - Estado FSM: AVANZA | Target Wall: None | Target Theta: 0.00° |theta: 95.97043068441289 
2026-06-02 14:30:35.686 - [robot_6_log_20260602_143011.csv] - DEBUG - Incoming data. Topic 6/pos, mensaje {"x": 265.49, "y": 98.24, "yaw": 1.667, "timestamp": 1780403435.6759408}
2026-06-02 14:30:35.692 - [robot_6_log_20260602_143011.csv] - DEBUG - Posición actualizada por visión: x=265.49, y=98.24, θ=1.67
2026-06-02 14:30:35.697 - [robot_6_log_20260602_143011.csv] - DEBUG - Frecuencia: 17.47 Hz | Latencia Red/Proc: 21.25 ms
2026-06-02 14:30:35.707 - [robot_6_log_20260602_143011.csv] - INFO - Usando posición VISION: x=265.49, y=98.24, θ=1.67
2026-06-02 14:30:35.707 - [robot_6_log_20260602_143011.csv] - INFO - Distancias a paredes: Left: 265.49, Right: 184.51, Top: 41.76, Bottom: 98.24
2026-06-02 14:30:35.707 - [robot_6_log_20260602_143011.csv] - INFO - Posicion: 265.49, 98.24, 1.667 | Velocidad: -0.9953759946025762, -0.09605534534284021
2026-06-02 14:30:35.707 - [robot_6_log_20260602_143011.csv] - DEBUG - Incoming data. Topic 6/pos, mensaje {"x": 265.49, "y": 98.24, "yaw": 1.667, "timestamp": 1780403435.6759408}
2026-06-02 14:30:35.708 - [robot_6_log_20260602_143011.csv] - DEBUG - Posición actualizada por visión: x=265.49, y=98.24, θ=1.67
2026-06-02 14:30:35.708 - [robot_6_log_20260602_143011.csv] - DEBUG - Frecuencia: 92.22 Hz | Latencia Red/Proc: 32.09 ms
2026-06-02 14:30:35.707 - [robot_6_log_20260602_143011.csv] - INFO - None
2026-06-02 14:30:35.708 - [robot_6_log_20260602_143011.csv] - DEBUG - Incoming data. Topic 6/pos, mensaje {"x": 265.49, "y": 98.24, "yaw": 1.667, "timestamp": 1780403435.6873705}
2026-06-02 14:30:35.708 - [robot_6_log_20260602_143011.csv] - DEBUG - Posición actualizada por visión: x=265.49, y=98.24, θ=1.67
2026-06-02 14:30:35.708 - [robot_6_log_20260602_143011.csv] - DEBUG - Frecuencia: 3017.48 Hz | Latencia Red/Proc: 20.99 ms
2026-06-02 14:30:35.708 - [robot_6_log_20260602_143011.csv] - WARNING - Estado FSM: AVANZA | Target Wall: None | Target Theta: 0.00° |theta: 95.51206444830824 
2026-06-02 14:30:35.708 - [robot_6_log_20260602_143011.csv] - DEBUG - Incoming data. Topic 6/pos, mensaje {"x": 265.49, "y": 98.24, "yaw": 1.667, "timestamp": 1780403435.6873705}
2026-06-02 14:30:35.713 - [robot_6_log_20260602_143011.csv] - DEBUG - Posición actualizada por visión: x=265.49, y=98.24, θ=1.67
2026-06-02 14:30:35.713 - [robot_6_log_20260602_143011.csv] - DEBUG - Frecuencia: 192.74 Hz | Latencia Red/Proc: 26.18 ms
2026-06-02 14:30:35.757 - [robot_6_log_20260602_143011.csv] - INFO - Usando posición VISION: x=265.49, y=98.24, θ=1.67
2026-06-02 14:30:35.757 - [robot_6_log_20260602_143011.csv] - INFO - Distancias a paredes: Left: 265.49, Right: 184.51, Top: 41.76, Bottom: 98.24
2026-06-02 14:30:35.757 - [robot_6_log_20260602_143011.csv] - INFO - Posicion: 265.49, 98.24, 1.667 | Velocidad: -0.9953759946025762, -0.09605534534284021
2026-06-02 14:30:35.757 - [robot_6_log_20260602_143011.csv] - INFO - None
2026-06-02 14:30:35.757 - [robot_6_log_20260602_143011.csv] - WARNING - Estado FSM: AVANZA | Target Wall: None | Target Theta: 0.00° |theta: 95.51206444830824 
2026-06-02 14:30:35.775 - [robot_6_log_20260602_143011.csv] - DEBUG - Incoming data. Topic agent/6/wheel, mensaje {"Wleft":1.657007864e-15,"Wright":-3.719247132e-16}
2026-06-02 14:30:35.785 - [robot_6_log_20260602_143011.csv] - DEBUG - Incoming data. Topic 6/pos, mensaje {"x": 265.49, "y": 98.23, "yaw": 1.668, "timestamp": 1780403435.7782102}
2026-06-02 14:30:35.795 - [robot_6_log_20260602_143011.csv] - DEBUG - Posición actualizada por visión: x=265.49, y=98.23, θ=1.67
2026-06-02 14:30:35.795 - [robot_6_log_20260602_143011.csv] - DEBUG - Frecuencia: 12.15 Hz | Latencia Red/Proc: 17.63 ms
2026-06-02 14:30:35.807 - [robot_6_log_20260602_143011.csv] - INFO - Usando posición VISION: x=265.49, y=98.23, θ=1.67
2026-06-02 14:30:35.807 - [robot_6_log_20260602_143011.csv] - INFO - Distancias a paredes: Left: 265.49, Right: 184.51, Top: 41.77, Bottom: 98.23
2026-06-02 14:30:35.807 - [robot_6_log_20260602_143011.csv] - INFO - Posicion: 265.49, 98.23, 1.668 | Velocidad: -0.9952794415852867, -0.09705067314387801
2026-06-02 14:30:35.807 - [robot_6_log_20260602_143011.csv] - INFO - None
2026-06-02 14:30:35.807 - [robot_6_log_20260602_143011.csv] - DEBUG - Incoming data. Topic 6/pos, mensaje {"x": 265.49, "y": 98.23, "yaw": 1.668, "timestamp": 1780403435.7782102}
2026-06-02 14:30:35.807 - [robot_6_log_20260602_143011.csv] - WARNING - Estado FSM: AVANZA | Target Wall: None | Target Theta: 0.00° |theta: 95.5693602278213 
2026-06-02 14:30:35.807 - [robot_6_log_20260602_143011.csv] - DEBUG - Posición actualizada por visión: x=265.49, y=98.23, θ=1.67
2026-06-02 14:30:35.812 - [robot_6_log_20260602_143011.csv] - DEBUG - Frecuencia: 58.82 Hz | Latencia Red/Proc: 34.63 ms
2026-06-02 14:30:35.828 - [robot_6_log_20260602_143011.csv] - DEBUG - Incoming data. Topic 6/pos, mensaje {"x": 265.49, "y": 98.23, "yaw": 1.668, "timestamp": 1780403435.787168}
2026-06-02 14:30:35.828 - [robot_6_log_20260602_143011.csv] - DEBUG - Posición actualizada por visión: x=265.49, y=98.23, θ=1.67
2026-06-02 14:30:35.833 - [robot_6_log_20260602_143011.csv] - DEBUG - Frecuencia: 48.87 Hz | Latencia Red/Proc: 46.13 ms
2026-06-02 14:30:35.833 - [robot_6_log_20260602_143011.csv] - DEBUG - Incoming data. Topic 6/pos, mensaje {"x": 265.49, "y": 98.23, "yaw": 1.668, "timestamp": 1780403435.787168}
2026-06-02 14:30:35.838 - [robot_6_log_20260602_143011.csv] - DEBUG - Posición actualizada por visión: x=265.49, y=98.23, θ=1.67
2026-06-02 14:30:35.843 - [robot_6_log_20260602_143011.csv] - DEBUG - Frecuencia: 96.33 Hz | Latencia Red/Proc: 56.51 ms
2026-06-02 14:30:35.857 - [robot_6_log_20260602_143011.csv] - INFO - Usando posición VISION: x=265.49, y=98.23, θ=1.67
2026-06-02 14:30:35.857 - [robot_6_log_20260602_143011.csv] - INFO - Distancias a paredes: Left: 265.49, Right: 184.51, Top: 41.77, Bottom: 98.23
2026-06-02 14:30:35.857 - [robot_6_log_20260602_143011.csv] - INFO - Posicion: 265.49, 98.23, 1.668 | Velocidad: -0.9952794415852867, -0.09705067314387801
2026-06-02 14:30:35.857 - [robot_6_log_20260602_143011.csv] - INFO - None
2026-06-02 14:30:35.857 - [robot_6_log_20260602_143011.csv] - DEBUG - Incoming data. Topic agent/6/wheel, mensaje {"Wleft":1.657007864e-15,"Wright":-3.719247132e-16}
2026-06-02 14:30:35.857 - [robot_6_log_20260602_143011.csv] - WARNING - Estado FSM: AVANZA | Target Wall: None | Target Theta: 0.00° |theta: 95.5693602278213 
2026-06-02 14:30:35.882 - [robot_6_log_20260602_143011.csv] - DEBUG - Incoming data. Topic 6/pos, mensaje {"x": 265.48, "y": 98.23, "yaw": 1.673, "timestamp": 1780403435.8792777}
2026-06-02 14:30:35.887 - [robot_6_log_20260602_143011.csv] - DEBUG - Posición actualizada por visión: x=265.48, y=98.23, θ=1.67
2026-06-02 14:30:35.892 - [robot_6_log_20260602_143011.csv] - DEBUG - Frecuencia: 20.39 Hz | Latencia Red/Proc: 13.44 ms
2026-06-02 14:30:35.907 - [robot_6_log_20260602_143011.csv] - INFO - Usando posición VISION: x=265.48, y=98.23, θ=1.67
2026-06-02 14:30:35.907 - [robot_6_log_20260602_143011.csv] - INFO - Distancias a paredes: Left: 265.48, Right: 184.52, Top: 41.77, Bottom: 98.23
2026-06-02 14:30:35.907 - [robot_6_log_20260602_143011.csv] - INFO - Posicion: 265.48, 98.23, 1.673 | Velocidad: -0.9947817492743527, -0.10202583648595517
2026-06-02 14:30:35.907 - [robot_6_log_20260602_143011.csv] - INFO - None
2026-06-02 14:30:35.907 - [robot_6_log_20260602_143011.csv] - DEBUG - Incoming data. Topic 6/pos, mensaje {"x": 265.48, "y": 98.23, "yaw": 1.673, "timestamp": 1780403435.8792777}
2026-06-02 14:30:35.907 - [robot_6_log_20260602_143011.csv] - WARNING - Estado FSM: AVANZA | Target Wall: None | Target Theta: 0.00° |theta: 95.85583912538672 
2026-06-02 14:30:35.907 - [robot_6_log_20260602_143011.csv] - DEBUG - Posición actualizada por visión: x=265.48, y=98.23, θ=1.67
2026-06-02 14:30:35.918 - [robot_6_log_20260602_143011.csv] - DEBUG - Frecuencia: 39.39 Hz | Latencia Red/Proc: 38.83 ms
2026-06-02 14:30:35.918 - [robot_6_log_20260602_143011.csv] - DEBUG - Incoming data. Topic 6/pos, mensaje {"x": 265.48, "y": 98.23, "yaw": 1.673, "timestamp": 1780403435.890207}
2026-06-02 14:30:35.918 - [robot_6_log_20260602_143011.csv] - DEBUG - Posición actualizada por visión: x=265.48, y=98.23, θ=1.67
2026-06-02 14:30:35.923 - [robot_6_log_20260602_143011.csv] - DEBUG - Frecuencia: 192.26 Hz | Latencia Red/Proc: 33.10 ms
2026-06-02 14:30:35.934 - [robot_6_log_20260602_143011.csv] - DEBUG - Incoming data. Topic 6/pos, mensaje {"x": 265.48, "y": 98.23, "yaw": 1.673, "timestamp": 1780403435.890207}
2026-06-02 14:30:35.940 - [robot_6_log_20260602_143011.csv] - DEBUG - Posición actualizada por visión: x=265.48, y=98.23, θ=1.67
2026-06-02 14:30:35.945 - [robot_6_log_20260602_143011.csv] - DEBUG - Frecuencia: 45.15 Hz | Latencia Red/Proc: 55.24 ms
2026-06-02 14:30:35.950 - [robot_6_log_20260602_143011.csv] - DEBUG - Incoming data. Topic agent/6/wheel, mensaje {"Wleft":1.657007864e-15,"Wright":-3.719247132e-16}
2026-06-02 14:30:35.957 - [robot_6_log_20260602_143011.csv] - INFO - Usando posición VISION: x=265.48, y=98.23, θ=1.67
2026-06-02 14:30:35.957 - [robot_6_log_20260602_143011.csv] - INFO - Distancias a paredes: Left: 265.48, Right: 184.52, Top: 41.77, Bottom: 98.23
2026-06-02 14:30:35.957 - [robot_6_log_20260602_143011.csv] - INFO - Posicion: 265.48, 98.23, 1.673 | Velocidad: -0.9947817492743527, -0.10202583648595517
2026-06-02 14:30:35.957 - [robot_6_log_20260602_143011.csv] - INFO - None
2026-06-02 14:30:35.957 - [robot_6_log_20260602_143011.csv] - WARNING - Estado FSM: AVANZA | Target Wall: None | Target Theta: 0.00° |theta: 95.85583912538672 
2026-06-02 14:30:35.991 - [robot_6_log_20260602_143011.csv] - DEBUG - Incoming data. Topic 6/pos, mensaje {"x": 265.51, "y": 98.21, "yaw": 1.681, "timestamp": 1780403435.9751377}
2026-06-02 14:30:35.991 - [robot_6_log_20260602_143011.csv] - DEBUG - Posición actualizada por visión: x=265.51, y=98.21, θ=1.68
2026-06-02 14:30:35.991 - [robot_6_log_20260602_143011.csv] - DEBUG - Frecuencia: 21.87 Hz | Latencia Red/Proc: 16.03 ms
2026-06-02 14:30:35.991 - [robot_6_log_20260602_143011.csv] - DEBUG - Incoming data. Topic 6/pos, mensaje {"x": 265.51, "y": 98.21, "yaw": 1.681, "timestamp": 1780403435.9751377}
2026-06-02 14:30:35.991 - [robot_6_log_20260602_143011.csv] - DEBUG - Posición actualizada por visión: x=265.51, y=98.21, θ=1.68
2026-06-02 14:30:35.991 - [robot_6_log_20260602_143011.csv] - DEBUG - Frecuencia: 10356.31 Hz | Latencia Red/Proc: 16.13 ms
2026-06-02 14:30:35.991 - [robot_6_log_20260602_143011.csv] - DEBUG - Incoming data. Topic 6/pos, mensaje {"x": 265.51, "y": 98.21, "yaw": 1.681, "timestamp": 1780403435.984164}
2026-06-02 14:30:35.991 - [robot_6_log_20260602_143011.csv] - DEBUG - Posición actualizada por visión: x=265.51, y=98.21, θ=1.68
2026-06-02 14:30:35.991 - [robot_6_log_20260602_143011.csv] - DEBUG - Frecuencia: 12409.18 Hz | Latencia Red/Proc: 7.18 ms
2026-06-02 14:30:35.996 - [robot_6_log_20260602_143011.csv] - DEBUG - Incoming data. Topic 6/pos, mensaje {"x": 265.51, "y": 98.21, "yaw": 1.681, "timestamp": 1780403435.984164}
2026-06-02 14:30:36.002 - [robot_6_log_20260602_143011.csv] - DEBUG - Posición actualizada por visión: x=265.51, y=98.21, θ=1.68
2026-06-02 14:30:36.002 - [robot_6_log_20260602_143011.csv] - DEBUG - Frecuencia: 87.72 Hz | Latencia Red/Proc: 18.58 ms
2026-06-02 14:30:36.007 - [robot_6_log_20260602_143011.csv] - INFO - Usando posición VISION: x=265.51, y=98.21, θ=1.68
2026-06-02 14:30:36.007 - [robot_6_log_20260602_143011.csv] - INFO - Distancias a paredes: Left: 265.51, Right: 184.49, Top: 41.79, Bottom: 98.21
2026-06-02 14:30:36.007 - [robot_6_log_20260602_143011.csv] - INFO - Posicion: 265.51, 98.21, 1.681 | Velocidad: -0.9939337184424408, -0.10998074078302386
2026-06-02 14:30:36.007 - [robot_6_log_20260602_143011.csv] - INFO - None
2026-06-02 14:30:36.007 - [robot_6_log_20260602_143011.csv] - WARNING - Estado FSM: AVANZA | Target Wall: None | Target Theta: 0.00° |theta: 96.31420536149139 
2026-06-02 14:30:36.049 - [robot_6_log_20260602_143011.csv] - DEBUG - Incoming data. Topic agent/6/wheel, mensaje {"Wleft":1.657007864e-15,"Wright":-3.719247132e-16}
2026-06-02 14:30:36.057 - [robot_6_log_20260602_143011.csv] - INFO - Usando posición VISION: x=265.51, y=98.21, θ=1.68
2026-06-02 14:30:36.057 - [robot_6_log_20260602_143011.csv] - INFO - Distancias a paredes: Left: 265.51, Right: 184.49, Top: 41.79, Bottom: 98.21
2026-06-02 14:30:36.057 - [robot_6_log_20260602_143011.csv] - INFO - Posicion: 265.51, 98.21, 1.681 | Velocidad: -0.9939337184424408, -0.10998074078302386
2026-06-02 14:30:36.057 - [robot_6_log_20260602_143011.csv] - INFO - None
2026-06-02 14:30:36.057 - [robot_6_log_20260602_143011.csv] - WARNING - Estado FSM: AVANZA | Target Wall: None | Target Theta: 0.00° |theta: 96.31420536149139 
2026-06-02 14:30:36.076 - [robot_6_log_20260602_143011.csv] - DEBUG - Incoming data. Topic 6/pos, mensaje {"x": 265.5, "y": 98.22, "yaw": 1.671, "timestamp": 1780403436.0748062}
2026-06-02 14:30:36.081 - [robot_6_log_20260602_143011.csv] - DEBUG - Posición actualizada por visión: x=265.50, y=98.22, θ=1.67
2026-06-02 14:30:36.086 - [robot_6_log_20260602_143011.csv] - DEBUG - Frecuencia: 11.95 Hz | Latencia Red/Proc: 11.65 ms
2026-06-02 14:30:36.096 - [robot_6_log_20260602_143011.csv] - DEBUG - Incoming data. Topic 6/pos, mensaje {"x": 265.5, "y": 98.22, "yaw": 1.671, "timestamp": 1780403436.0748062}
2026-06-02 14:30:36.101 - [robot_6_log_20260602_143011.csv] - DEBUG - Posición actualizada por visión: x=265.50, y=98.22, θ=1.67
2026-06-02 14:30:36.107 - [robot_6_log_20260602_143011.csv] - INFO - Usando posición VISION: x=265.50, y=98.22, θ=1.67
2026-06-02 14:30:36.107 - [robot_6_log_20260602_143011.csv] - DEBUG - Frecuencia: 47.13 Hz | Latencia Red/Proc: 32.87 ms
2026-06-02 14:30:36.107 - [robot_6_log_20260602_143011.csv] - INFO - Distancias a paredes: Left: 265.50, Right: 184.50, Top: 41.78, Bottom: 98.22
2026-06-02 14:30:36.107 - [robot_6_log_20260602_143011.csv] - DEBUG - Incoming data. Topic 6/pos, mensaje {"x": 265.5, "y": 98.22, "yaw": 1.671, "timestamp": 1780403436.0839143}
2026-06-02 14:30:36.107 - [robot_6_log_20260602_143011.csv] - INFO - Posicion: 265.5, 98.22, 1.671 | Velocidad: -0.9949838112484548, -0.10003607026217691
2026-06-02 14:30:36.107 - [robot_6_log_20260602_143011.csv] - DEBUG - Posición actualizada por visión: x=265.50, y=98.22, θ=1.67
2026-06-02 14:30:36.107 - [robot_6_log_20260602_143011.csv] - INFO - None
2026-06-02 14:30:36.107 - [robot_6_log_20260602_143011.csv] - DEBUG - Frecuencia: 5210.32 Hz | Latencia Red/Proc: 23.96 ms
2026-06-02 14:30:36.107 - [robot_6_log_20260602_143011.csv] - WARNING - Estado FSM: AVANZA | Target Wall: None | Target Theta: 0.00° |theta: 95.74124756636057 
2026-06-02 14:30:36.107 - [robot_6_log_20260602_143011.csv] - DEBUG - Incoming data. Topic 6/pos, mensaje {"x": 265.5, "y": 98.22, "yaw": 1.671, "timestamp": 1780403436.0839143}
2026-06-02 14:30:36.113 - [robot_6_log_20260602_143011.csv] - DEBUG - Posición actualizada por visión: x=265.50, y=98.22, θ=1.67
2026-06-02 14:30:36.118 - [robot_6_log_20260602_143011.csv] - DEBUG - Frecuencia: 97.02 Hz | Latencia Red/Proc: 34.26 ms
2026-06-02 14:30:36.141 - [robot_6_log_20260602_143011.csv] - DEBUG - Incoming data. Topic agent/6/wheel, mensaje {"Wleft":1.657007864e-15,"Wright":-3.719247132e-16}
2026-06-02 14:30:36.157 - [robot_6_log_20260602_143011.csv] - INFO - Usando posición VISION: x=265.50, y=98.22, θ=1.67
2026-06-02 14:30:36.157 - [robot_6_log_20260602_143011.csv] - INFO - Distancias a paredes: Left: 265.50, Right: 184.50, Top: 41.78, Bottom: 98.22
2026-06-02 14:30:36.157 - [robot_6_log_20260602_143011.csv] - INFO - Posicion: 265.5, 98.22, 1.671 | Velocidad: -0.9949838112484548, -0.10003607026217691
2026-06-02 14:30:36.157 - [robot_6_log_20260602_143011.csv] - INFO - None
2026-06-02 14:30:36.157 - [robot_6_log_20260602_143011.csv] - WARNING - Estado FSM: AVANZA | Target Wall: None | Target Theta: 0.00° |theta: 95.74124756636057 
2026-06-02 14:30:36.182 - [robot_6_log_20260602_143011.csv] - DEBUG - Incoming data. Topic 6/pos, mensaje {"x": 265.48, "y": 98.23, "yaw": 1.674, "timestamp": 1780403436.1769965}
2026-06-02 14:30:36.182 - [robot_6_log_20260602_143011.csv] - DEBUG - Posición actualizada por visión: x=265.48, y=98.23, θ=1.67
2026-06-02 14:30:36.182 - [robot_6_log_20260602_143011.csv] - DEBUG - Frecuencia: 15.59 Hz | Latencia Red/Proc: 5.31 ms
2026-06-02 14:30:36.182 - [robot_6_log_20260602_143011.csv] - DEBUG - Incoming data. Topic 6/pos, mensaje {"x": 265.48, "y": 98.23, "yaw": 1.674, "timestamp": 1780403436.1769965}
2026-06-02 14:30:36.182 - [robot_6_log_20260602_143011.csv] - DEBUG - Posición actualizada por visión: x=265.48, y=98.23, θ=1.67
2026-06-02 14:30:36.182 - [robot_6_log_20260602_143011.csv] - DEBUG - Frecuencia: 25575.02 Hz | Latencia Red/Proc: 5.34 ms
2026-06-02 14:30:36.193 - [robot_6_log_20260602_143011.csv] - DEBUG - Incoming data. Topic 6/pos, mensaje {"x": 265.48, "y": 98.23, "yaw": 1.674, "timestamp": 1780403436.188189}
2026-06-02 14:30:36.199 - [robot_6_log_20260602_143011.csv] - DEBUG - Posición actualizada por visión: x=265.48, y=98.23, θ=1.67
2026-06-02 14:30:36.199 - [robot_6_log_20260602_143011.csv] - DEBUG - Frecuencia: 59.06 Hz | Latencia Red/Proc: 11.08 ms
2026-06-02 14:30:36.204 - [robot_6_log_20260602_143011.csv] - DEBUG - Incoming data. Topic 6/pos, mensaje {"x": 265.48, "y": 98.23, "yaw": 1.674, "timestamp": 1780403436.188189}
2026-06-02 14:30:36.204 - [robot_6_log_20260602_143011.csv] - DEBUG - Posición actualizada por visión: x=265.48, y=98.23, θ=1.67
2026-06-02 14:30:36.204 - [robot_6_log_20260602_143011.csv] - DEBUG - Frecuencia: 180.93 Hz | Latencia Red/Proc: 16.61 ms
2026-06-02 14:30:36.207 - [robot_6_log_20260602_143011.csv] - INFO - Usando posición VISION: x=265.48, y=98.23, θ=1.67
2026-06-02 14:30:36.207 - [robot_6_log_20260602_143011.csv] - INFO - Distancias a paredes: Left: 265.48, Right: 184.52, Top: 41.77, Bottom: 98.23
2026-06-02 14:30:36.207 - [robot_6_log_20260602_143011.csv] - INFO - Posicion: 265.48, 98.23, 1.674 | Velocidad: -0.9946792260640379, -0.10302056705651848
2026-06-02 14:30:36.207 - [robot_6_log_20260602_143011.csv] - INFO - None
2026-06-02 14:30:36.207 - [robot_6_log_20260602_143011.csv] - WARNING - Estado FSM: AVANZA | Target Wall: None | Target Theta: 0.00° |theta: 95.9131349048998 
2026-06-02 14:30:36.257 - [robot_6_log_20260602_143011.csv] - INFO - Usando posición VISION: x=265.48, y=98.23, θ=1.67
2026-06-02 14:30:36.257 - [robot_6_log_20260602_143011.csv] - INFO - Distancias a paredes: Left: 265.48, Right: 184.52, Top: 41.77, Bottom: 98.23
2026-06-02 14:30:36.257 - [robot_6_log_20260602_143011.csv] - INFO - Posicion: 265.48, 98.23, 1.674 | Velocidad: -0.9946792260640379, -0.10302056705651848
2026-06-02 14:30:36.257 - [robot_6_log_20260602_143011.csv] - INFO - None
2026-06-02 14:30:36.257 - [robot_6_log_20260602_143011.csv] - WARNING - Estado FSM: AVANZA | Target Wall: None | Target Theta: 0.00° |theta: 95.9131349048998 
2026-06-02 14:30:36.285 - [robot_6_log_20260602_143011.csv] - DEBUG - Incoming data. Topic agent/6/wheel, mensaje {"Wleft":1.657007864e-15,"Wright":-3.719247132e-16}
2026-06-02 14:30:36.291 - [robot_6_log_20260602_143011.csv] - DEBUG - Incoming data. Topic 6/pos, mensaje {"x": 265.49, "y": 98.21, "yaw": 1.666, "timestamp": 1780403436.2782035}
2026-06-02 14:30:36.291 - [robot_6_log_20260602_143011.csv] - DEBUG - Posición actualizada por visión: x=265.49, y=98.21, θ=1.67
2026-06-02 14:30:36.291 - [robot_6_log_20260602_143011.csv] - DEBUG - Frecuencia: 11.57 Hz | Latencia Red/Proc: 13.02 ms
2026-06-02 14:30:36.291 - [robot_6_log_20260602_143011.csv] - DEBUG - Incoming data. Topic 6/pos, mensaje {"x": 265.49, "y": 98.21, "yaw": 1.666, "timestamp": 1780403436.2782035}
2026-06-02 14:30:36.291 - [robot_6_log_20260602_143011.csv] - DEBUG - Posición actualizada por visión: x=265.49, y=98.21, θ=1.67
2026-06-02 14:30:36.291 - [robot_6_log_20260602_143011.csv] - DEBUG - Frecuencia: 11491.24 Hz | Latencia Red/Proc: 13.10 ms
2026-06-02 14:30:36.291 - [robot_6_log_20260602_143011.csv] - DEBUG - Incoming data. Topic 6/pos, mensaje {"x": 265.49, "y": 98.21, "yaw": 1.666, "timestamp": 1780403436.2889602}
2026-06-02 14:30:36.296 - [robot_6_log_20260602_143011.csv] - DEBUG - Posición actualizada por visión: x=265.49, y=98.21, θ=1.67
2026-06-02 14:30:36.302 - [robot_6_log_20260602_143011.csv] - DEBUG - Frecuencia: 87.26 Hz | Latencia Red/Proc: 13.81 ms
2026-06-02 14:30:36.302 - [robot_6_log_20260602_143011.csv] - DEBUG - Incoming data. Topic 6/pos, mensaje {"x": 265.49, "y": 98.21, "yaw": 1.666, "timestamp": 1780403436.2889602}
2026-06-02 14:30:36.307 - [robot_6_log_20260602_143011.csv] - INFO - Usando posición VISION: x=265.49, y=98.21, θ=1.67
2026-06-02 14:30:36.307 - [robot_6_log_20260602_143011.csv] - INFO - Distancias a paredes: Left: 265.49, Right: 184.51, Top: 41.79, Bottom: 98.21
2026-06-02 14:30:36.307 - [robot_6_log_20260602_143011.csv] - INFO - Posicion: 265.49, 98.21, 1.666 | Velocidad: -0.995471552243954, -0.09505992148646485
2026-06-02 14:30:36.307 - [robot_6_log_20260602_143011.csv] - DEBUG - Posición actualizada por visión: x=265.49, y=98.21, θ=1.67
2026-06-02 14:30:36.307 - [robot_6_log_20260602_143011.csv] - DEBUG - Frecuencia: 192.32 Hz | Latencia Red/Proc: 19.01 ms
2026-06-02 14:30:36.307 - [robot_6_log_20260602_143011.csv] - INFO - None
2026-06-02 14:30:36.308 - [robot_6_log_20260602_143011.csv] - WARNING - Estado FSM: AVANZA | Target Wall: None | Target Theta: 0.00° |theta: 95.45476866879514 
2026-06-02 14:30:36.343 - [robot_6_log_20260602_143011.csv] - DEBUG - Incoming data. Topic agent/6/wheel, mensaje {"Wleft":1.657007864e-15,"Wright":-3.719247132e-16}
2026-06-02 14:30:36.357 - [robot_6_log_20260602_143011.csv] - INFO - Usando posición VISION: x=265.49, y=98.21, θ=1.67
2026-06-02 14:30:36.357 - [robot_6_log_20260602_143011.csv] - INFO - Distancias a paredes: Left: 265.49, Right: 184.51, Top: 41.79, Bottom: 98.21
2026-06-02 14:30:36.357 - [robot_6_log_20260602_143011.csv] - INFO - Posicion: 265.49, 98.21, 1.666 | Velocidad: -0.995471552243954, -0.09505992148646485
2026-06-02 14:30:36.357 - [robot_6_log_20260602_143011.csv] - INFO - None
2026-06-02 14:30:36.357 - [robot_6_log_20260602_143011.csv] - WARNING - Estado FSM: AVANZA | Target Wall: None | Target Theta: 0.00° |theta: 95.45476866879514 
2026-06-02 14:30:36.387 - [robot_6_log_20260602_143011.csv] - DEBUG - Incoming data. Topic 6/pos, mensaje {"x": 265.48, "y": 98.24, "yaw": 1.674, "timestamp": 1780403436.3776972}
2026-06-02 14:30:36.392 - [robot_6_log_20260602_143011.csv] - DEBUG - Posición actualizada por visión: x=265.48, y=98.24, θ=1.67
2026-06-02 14:30:36.397 - [robot_6_log_20260602_143011.csv] - DEBUG - Frecuencia: 11.14 Hz | Latencia Red/Proc: 20.03 ms
2026-06-02 14:30:36.407 - [robot_6_log_20260602_143011.csv] - INFO - Usando posición VISION: x=265.48, y=98.24, θ=1.67
2026-06-02 14:30:36.407 - [robot_6_log_20260602_143011.csv] - DEBUG - Incoming data. Topic 6/pos, mensaje {"x": 265.48, "y": 98.24, "yaw": 1.674, "timestamp": 1780403436.3776972}
2026-06-02 14:30:36.407 - [robot_6_log_20260602_143011.csv] - INFO - Distancias a paredes: Left: 265.48, Right: 184.52, Top: 41.76, Bottom: 98.24
2026-06-02 14:30:36.407 - [robot_6_log_20260602_143011.csv] - DEBUG - Posición actualizada por visión: x=265.48, y=98.24, θ=1.67
2026-06-02 14:30:36.407 - [robot_6_log_20260602_143011.csv] - INFO - Posicion: 265.48, 98.24, 1.674 | Velocidad: -0.9946792260640379, -0.10302056705651848
2026-06-02 14:30:36.407 - [robot_6_log_20260602_143011.csv] - DEBUG - Frecuencia: 100.19 Hz | Latencia Red/Proc: 30.01 ms
2026-06-02 14:30:36.407 - [robot_6_log_20260602_143011.csv] - INFO - None
2026-06-02 14:30:36.407 - [robot_6_log_20260602_143011.csv] - DEBUG - Incoming data. Topic 6/pos, mensaje {"x": 265.48, "y": 98.24, "yaw": 1.674, "timestamp": 1780403436.3870347}
2026-06-02 14:30:36.407 - [robot_6_log_20260602_143011.csv] - WARNING - Estado FSM: AVANZA | Target Wall: None | Target Theta: 0.00° |theta: 95.9131349048998 
2026-06-02 14:30:36.407 - [robot_6_log_20260602_143011.csv] - DEBUG - Posición actualizada por visión: x=265.48, y=98.24, θ=1.67
2026-06-02 14:30:36.413 - [robot_6_log_20260602_143011.csv] - DEBUG - Frecuencia: 189.09 Hz | Latencia Red/Proc: 25.97 ms
2026-06-02 14:30:36.429 - [robot_6_log_20260602_143011.csv] - DEBUG - Incoming data. Topic 6/pos, mensaje {"x": 265.48, "y": 98.24, "yaw": 1.674, "timestamp": 1780403436.3870347}
2026-06-02 14:30:36.429 - [robot_6_log_20260602_143011.csv] - DEBUG - Posición actualizada por visión: x=265.48, y=98.24, θ=1.67
2026-06-02 14:30:36.434 - [robot_6_log_20260602_143011.csv] - DEBUG - Frecuencia: 46.36 Hz | Latencia Red/Proc: 47.54 ms
2026-06-02 14:30:36.457 - [robot_6_log_20260602_143011.csv] - INFO - Usando posición VISION: x=265.48, y=98.24, θ=1.67
2026-06-02 14:30:36.457 - [robot_6_log_20260602_143011.csv] - INFO - Distancias a paredes: Left: 265.48, Right: 184.52, Top: 41.76, Bottom: 98.24
2026-06-02 14:30:36.457 - [robot_6_log_20260602_143011.csv] - INFO - Posicion: 265.48, 98.24, 1.674 | Velocidad: -0.9946792260640379, -0.10302056705651848
2026-06-02 14:30:36.457 - [robot_6_log_20260602_143011.csv] - INFO - None
2026-06-02 14:30:36.457 - [robot_6_log_20260602_143011.csv] - WARNING - Estado FSM: AVANZA | Target Wall: None | Target Theta: 0.00° |theta: 95.9131349048998 
2026-06-02 14:30:36.482 - [robot_6_log_20260602_143011.csv] - DEBUG - Incoming data. Topic 6/pos, mensaje {"x": 265.48, "y": 98.25, "yaw": 1.673, "timestamp": 1780403436.4777052}
2026-06-02 14:30:36.487 - [robot_6_log_20260602_143011.csv] - DEBUG - Posición actualizada por visión: x=265.48, y=98.25, θ=1.67
2026-06-02 14:30:36.492 - [robot_6_log_20260602_143011.csv] - DEBUG - Frecuencia: 17.24 Hz | Latencia Red/Proc: 14.87 ms
2026-06-02 14:30:36.507 - [robot_6_log_20260602_143011.csv] - INFO - Usando posición VISION: x=265.48, y=98.25, θ=1.67
2026-06-02 14:30:36.507 - [robot_6_log_20260602_143011.csv] - INFO - Distancias a paredes: Left: 265.48, Right: 184.52, Top: 41.75, Bottom: 98.25
2026-06-02 14:30:36.507 - [robot_6_log_20260602_143011.csv] - INFO - Posicion: 265.48, 98.25, 1.673 | Velocidad: -0.9947817492743527, -0.10202583648595517
2026-06-02 14:30:36.507 - [robot_6_log_20260602_143011.csv] - INFO - None
2026-06-02 14:30:36.507 - [robot_6_log_20260602_143011.csv] - DEBUG - Incoming data. Topic 6/pos, mensaje {"x": 265.48, "y": 98.25, "yaw": 1.673, "timestamp": 1780403436.4777052}
2026-06-02 14:30:36.507 - [robot_6_log_20260602_143011.csv] - DEBUG - Posición actualizada por visión: x=265.48, y=98.25, θ=1.67
2026-06-02 14:30:36.507 - [robot_6_log_20260602_143011.csv] - DEBUG - Frecuencia: 66.06 Hz | Latencia Red/Proc: 30.01 ms
2026-06-02 14:30:36.507 - [robot_6_log_20260602_143011.csv] - WARNING - Estado FSM: AVANZA | Target Wall: None | Target Theta: 0.00° |theta: 95.85583912538672 
2026-06-02 14:30:36.512 - [robot_6_log_20260602_143011.csv] - DEBUG - Incoming data. Topic 6/pos, mensaje {"x": 265.48, "y": 98.25, "yaw": 1.673, "timestamp": 1780403436.4866745}
2026-06-02 14:30:36.518 - [robot_6_log_20260602_143011.csv] - DEBUG - Posición actualizada por visión: x=265.48, y=98.25, θ=1.67
2026-06-02 14:30:36.523 - [robot_6_log_20260602_143011.csv] - DEBUG - Frecuencia: 64.89 Hz | Latencia Red/Proc: 36.45 ms
2026-06-02 14:30:36.528 - [robot_6_log_20260602_143011.csv] - DEBUG - Incoming data. Topic agent/6/wheel, mensaje {"Wleft":1.657007864e-15,"Wright":-3.719247132e-16}
2026-06-02 14:30:36.533 - [robot_6_log_20260602_143011.csv] - DEBUG - Incoming data. Topic 6/pos, mensaje {"x": 265.48, "y": 98.25, "yaw": 1.673, "timestamp": 1780403436.4866745}
2026-06-02 14:30:36.538 - [robot_6_log_20260602_143011.csv] - DEBUG - Posición actualizada por visión: x=265.48, y=98.25, θ=1.67
2026-06-02 14:30:36.538 - [robot_6_log_20260602_143011.csv] - DEBUG - Frecuencia: 64.53 Hz | Latencia Red/Proc: 51.95 ms
2026-06-02 14:30:36.550 - [robot_6_log_20260602_143011.csv] - DEBUG - Incoming data. Topic agent/6/wheel, mensaje {"Wleft":1.657007864e-15,"Wright":-3.719247132e-16}
2026-06-02 14:30:36.557 - [robot_6_log_20260602_143011.csv] - INFO - Usando posición VISION: x=265.48, y=98.25, θ=1.67
2026-06-02 14:30:36.557 - [robot_6_log_20260602_143011.csv] - INFO - Distancias a paredes: Left: 265.48, Right: 184.52, Top: 41.75, Bottom: 98.25
2026-06-02 14:30:36.557 - [robot_6_log_20260602_143011.csv] - INFO - Posicion: 265.48, 98.25, 1.673 | Velocidad: -0.9947817492743527, -0.10202583648595517
2026-06-02 14:30:36.557 - [robot_6_log_20260602_143011.csv] - INFO - None
2026-06-02 14:30:36.557 - [robot_6_log_20260602_143011.csv] - WARNING - Estado FSM: AVANZA | Target Wall: None | Target Theta: 0.00° |theta: 95.85583912538672 
2026-06-02 14:30:36.587 - [robot_6_log_20260602_143011.csv] - DEBUG - Incoming data. Topic 6/pos, mensaje {"x": 265.52, "y": 98.21, "yaw": 1.677, "timestamp": 1780403436.5768037}
2026-06-02 14:30:36.587 - [robot_6_log_20260602_143011.csv] - DEBUG - Posición actualizada por visión: x=265.52, y=98.21, θ=1.68
2026-06-02 14:30:36.587 - [robot_6_log_20260602_143011.csv] - DEBUG - Frecuencia: 20.52 Hz | Latencia Red/Proc: 10.56 ms
2026-06-02 14:30:36.592 - [robot_6_log_20260602_143011.csv] - DEBUG - Incoming data. Topic 6/pos, mensaje {"x": 265.52, "y": 98.21, "yaw": 1.677, "timestamp": 1780403436.5768037}
2026-06-02 14:30:36.592 - [robot_6_log_20260602_143011.csv] - DEBUG - Posición actualizada por visión: x=265.52, y=98.21, θ=1.68
2026-06-02 14:30:36.592 - [robot_6_log_20260602_143011.csv] - DEBUG - Frecuencia: 191.26 Hz | Latencia Red/Proc: 15.79 ms
2026-06-02 14:30:36.592 - [robot_6_log_20260602_143011.csv] - DEBUG - Incoming data. Topic 6/pos, mensaje {"x": 265.52, "y": 98.21, "yaw": 1.677, "timestamp": 1780403436.587964}
2026-06-02 14:30:36.592 - [robot_6_log_20260602_143011.csv] - DEBUG - Posición actualizada por visión: x=265.52, y=98.21, θ=1.68
2026-06-02 14:30:36.592 - [robot_6_log_20260602_143011.csv] - DEBUG - Frecuencia: 23172.95 Hz | Latencia Red/Proc: 4.67 ms
2026-06-02 14:30:36.592 - [robot_6_log_20260602_143011.csv] - DEBUG - Incoming data. Topic 6/pos, mensaje {"x": 265.52, "y": 98.21, "yaw": 1.677, "timestamp": 1780403436.587964}
2026-06-02 14:30:36.592 - [robot_6_log_20260602_143011.csv] - DEBUG - Posición actualizada por visión: x=265.52, y=98.21, θ=1.68
2026-06-02 14:30:36.592 - [robot_6_log_20260602_143011.csv] - DEBUG - Frecuencia: 26051.58 Hz | Latencia Red/Proc: 4.71 ms
2026-06-02 14:30:36.607 - [robot_6_log_20260602_143011.csv] - INFO - Usando posición VISION: x=265.52, y=98.21, θ=1.68
2026-06-02 14:30:36.607 - [robot_6_log_20260602_143011.csv] - INFO - Distancias a paredes: Left: 265.52, Right: 184.48, Top: 41.79, Bottom: 98.21
2026-06-02 14:30:36.607 - [robot_6_log_20260602_143011.csv] - INFO - Posicion: 265.52, 98.21, 1.677 | Velocidad: -0.9943656887733004, -0.10600413666645214
2026-06-02 14:30:36.607 - [robot_6_log_20260602_143011.csv] - INFO - None
2026-06-02 14:30:36.607 - [robot_6_log_20260602_143011.csv] - WARNING - Estado FSM: AVANZA | Target Wall: None | Target Theta: 0.00° |theta: 96.08502224343906 
2026-06-02 14:30:36.657 - [robot_6_log_20260602_143011.csv] - INFO - Usando posición VISION: x=265.52, y=98.21, θ=1.68
2026-06-02 14:30:36.657 - [robot_6_log_20260602_143011.csv] - INFO - Distancias a paredes: Left: 265.52, Right: 184.48, Top: 41.79, Bottom: 98.21
2026-06-02 14:30:36.657 - [robot_6_log_20260602_143011.csv] - INFO - Posicion: 265.52, 98.21, 1.677 | Velocidad: -0.9943656887733004, -0.10600413666645214
2026-06-02 14:30:36.657 - [robot_6_log_20260602_143011.csv] - INFO - None
2026-06-02 14:30:36.657 - [robot_6_log_20260602_143011.csv] - WARNING - Estado FSM: AVANZA | Target Wall: None | Target Theta: 0.00° |theta: 96.08502224343906 
2026-06-02 14:30:36.686 - [robot_6_log_20260602_143011.csv] - DEBUG - Incoming data. Topic 6/pos, mensaje {"x": 265.49, "y": 98.23, "yaw": 1.667, "timestamp": 1780403436.6770785}
2026-06-02 14:30:36.691 - [robot_6_log_20260602_143011.csv] - DEBUG - Posición actualizada por visión: x=265.49, y=98.23, θ=1.67
2026-06-02 14:30:36.691 - [robot_6_log_20260602_143011.csv] - DEBUG - Frecuencia: 10.10 Hz | Latencia Red/Proc: 14.64 ms
2026-06-02 14:30:36.691 - [robot_6_log_20260602_143011.csv] - DEBUG - Incoming data. Topic 6/pos, mensaje {"x": 265.49, "y": 98.23, "yaw": 1.667, "timestamp": 1780403436.6770785}
2026-06-02 14:30:36.691 - [robot_6_log_20260602_143011.csv] - DEBUG - Posición actualizada por visión: x=265.49, y=98.23, θ=1.67
2026-06-02 14:30:36.691 - [robot_6_log_20260602_143011.csv] - DEBUG - Frecuencia: 8594.89 Hz | Latencia Red/Proc: 14.76 ms
2026-06-02 14:30:36.691 - [robot_6_log_20260602_143011.csv] - DEBUG - Incoming data. Topic 6/pos, mensaje {"x": 265.49, "y": 98.23, "yaw": 1.667, "timestamp": 1780403436.6884398}
2026-06-02 14:30:36.691 - [robot_6_log_20260602_143011.csv] - DEBUG - Posición actualizada por visión: x=265.49, y=98.23, θ=1.67
2026-06-02 14:30:36.691 - [robot_6_log_20260602_143011.csv] - DEBUG - Frecuencia: 11155.06 Hz | Latencia Red/Proc: 3.49 ms
2026-06-02 14:30:36.691 - [robot_6_log_20260602_143011.csv] - DEBUG - Incoming data. Topic 6/pos, mensaje {"x": 265.49, "y": 98.23, "yaw": 1.667, "timestamp": 1780403436.6884398}
2026-06-02 14:30:36.697 - [robot_6_log_20260602_143011.csv] - DEBUG - Posición actualizada por visión: x=265.49, y=98.23, θ=1.67
2026-06-02 14:30:36.697 - [robot_6_log_20260602_143011.csv] - DEBUG - Frecuencia: 192.74 Hz | Latencia Red/Proc: 8.68 ms
2026-06-02 14:30:36.707 - [robot_6_log_20260602_143011.csv] - INFO - Usando posición VISION: x=265.49, y=98.23, θ=1.67
2026-06-02 14:30:36.707 - [robot_6_log_20260602_143011.csv] - INFO - Distancias a paredes: Left: 265.49, Right: 184.51, Top: 41.77, Bottom: 98.23
2026-06-02 14:30:36.707 - [robot_6_log_20260602_143011.csv] - INFO - Posicion: 265.49, 98.23, 1.667 | Velocidad: -0.9953759946025762, -0.09605534534284021
2026-06-02 14:30:36.707 - [robot_6_log_20260602_143011.csv] - INFO - None
2026-06-02 14:30:36.707 - [robot_6_log_20260602_143011.csv] - WARNING - Estado FSM: AVANZA | Target Wall: None | Target Theta: 0.00° |theta: 95.51206444830824 
2026-06-02 14:30:36.737 - [robot_6_log_20260602_143011.csv] - DEBUG - Incoming data. Topic agent/6/wheel, mensaje {"Wleft":1.657007864e-15,"Wright":-3.719247132e-16}
2026-06-02 14:30:36.754 - [robot_6_log_20260602_143011.csv] - DEBUG - Incoming data. Topic agent/6/wheel, mensaje {"Wleft":1.657007864e-15,"Wright":-3.719247132e-16}
2026-06-02 14:30:36.757 - [robot_6_log_20260602_143011.csv] - INFO - Usando posición VISION: x=265.49, y=98.23, θ=1.67
2026-06-02 14:30:36.757 - [robot_6_log_20260602_143011.csv] - INFO - Distancias a paredes: Left: 265.49, Right: 184.51, Top: 41.77, Bottom: 98.23
2026-06-02 14:30:36.757 - [robot_6_log_20260602_143011.csv] - INFO - Posicion: 265.49, 98.23, 1.667 | Velocidad: -0.9953759946025762, -0.09605534534284021
2026-06-02 14:30:36.757 - [robot_6_log_20260602_143011.csv] - INFO - None
2026-06-02 14:30:36.757 - [robot_6_log_20260602_143011.csv] - WARNING - Estado FSM: AVANZA | Target Wall: None | Target Theta: 0.00° |theta: 95.51206444830824 
2026-06-02 14:30:36.782 - [robot_6_log_20260602_143011.csv] - DEBUG - Incoming data. Topic 6/pos, mensaje {"x": 265.51, "y": 98.2, "yaw": 1.679, "timestamp": 1780403436.7773275}
2026-06-02 14:30:36.787 - [robot_6_log_20260602_143011.csv] - DEBUG - Posición actualizada por visión: x=265.51, y=98.20, θ=1.68
2026-06-02 14:30:36.792 - [robot_6_log_20260602_143011.csv] - DEBUG - Frecuencia: 10.44 Hz | Latencia Red/Proc: 15.54 ms
2026-06-02 14:30:36.803 - [robot_6_log_20260602_143011.csv] - DEBUG - Incoming data. Topic 6/pos, mensaje {"x": 265.51, "y": 98.2, "yaw": 1.679, "timestamp": 1780403436.7773275}
2026-06-02 14:30:36.807 - [robot_6_log_20260602_143011.csv] - INFO - Usando posición VISION: x=265.51, y=98.20, θ=1.68
2026-06-02 14:30:36.807 - [robot_6_log_20260602_143011.csv] - DEBUG - Posición actualizada por visión: x=265.51, y=98.20, θ=1.68
2026-06-02 14:30:36.807 - [robot_6_log_20260602_143011.csv] - INFO - Distancias a paredes: Left: 265.51, Right: 184.49, Top: 41.80, Bottom: 98.20
2026-06-02 14:30:36.807 - [robot_6_log_20260602_143011.csv] - DEBUG - Frecuencia: 67.30 Hz | Latencia Red/Proc: 30.40 ms
2026-06-02 14:30:36.807 - [robot_6_log_20260602_143011.csv] - INFO - Posicion: 265.51, 98.2, 1.679 | Velocidad: -0.9941516919105917, -0.10799265470997543
2026-06-02 14:30:36.807 - [robot_6_log_20260602_143011.csv] - DEBUG - Incoming data. Topic 6/pos, mensaje {"x": 265.51, "y": 98.2, "yaw": 1.679, "timestamp": 1780403436.7882953}
2026-06-02 14:30:36.807 - [robot_6_log_20260602_143011.csv] - INFO - None
2026-06-02 14:30:36.807 - [robot_6_log_20260602_143011.csv] - DEBUG - Posición actualizada por visión: x=265.51, y=98.20, θ=1.68
2026-06-02 14:30:36.807 - [robot_6_log_20260602_143011.csv] - WARNING - Estado FSM: AVANZA | Target Wall: None | Target Theta: 0.00° |theta: 96.19961380246522 
2026-06-02 14:30:36.807 - [robot_6_log_20260602_143011.csv] - DEBUG - Frecuencia: 5133.79 Hz | Latencia Red/Proc: 19.63 ms
2026-06-02 14:30:36.824 - [robot_6_log_20260602_143011.csv] - DEBUG - Incoming data. Topic 6/pos, mensaje {"x": 265.51, "y": 98.2, "yaw": 1.679, "timestamp": 1780403436.7882953}
2026-06-02 14:30:36.829 - [robot_6_log_20260602_143011.csv] - DEBUG - Posición actualizada por visión: x=265.51, y=98.20, θ=1.68
2026-06-02 14:30:36.829 - [robot_6_log_20260602_143011.csv] - DEBUG - Frecuencia: 46.78 Hz | Latencia Red/Proc: 41.01 ms
2026-06-02 14:30:36.857 - [robot_6_log_20260602_143011.csv] - INFO - Usando posición VISION: x=265.51, y=98.20, θ=1.68
2026-06-02 14:30:36.857 - [robot_6_log_20260602_143011.csv] - INFO - Distancias a paredes: Left: 265.51, Right: 184.49, Top: 41.80, Bottom: 98.20
2026-06-02 14:30:36.857 - [robot_6_log_20260602_143011.csv] - INFO - Posicion: 265.51, 98.2, 1.679 | Velocidad: -0.9941516919105917, -0.10799265470997543
2026-06-02 14:30:36.857 - [robot_6_log_20260602_143011.csv] - INFO - None
2026-06-02 14:30:36.857 - [robot_6_log_20260602_143011.csv] - WARNING - Estado FSM: AVANZA | Target Wall: None | Target Theta: 0.00° |theta: 96.19961380246522 
2026-06-02 14:30:36.869 - [robot_6_log_20260602_143011.csv] - DEBUG - Incoming data. Topic agent/6/wheel, mensaje {"Wleft":1.657007864e-15,"Wright":-3.719247132e-16}
2026-06-02 14:30:36.882 - [robot_6_log_20260602_143011.csv] - DEBUG - Incoming data. Topic 6/pos, mensaje {"x": 265.48, "y": 98.24, "yaw": 1.672, "timestamp": 1780403436.8779402}
2026-06-02 14:30:36.882 - [robot_6_log_20260602_143011.csv] - DEBUG - Posición actualizada por visión: x=265.48, y=98.24, θ=1.67
2026-06-02 14:30:36.887 - [robot_6_log_20260602_143011.csv] - DEBUG - Frecuencia: 17.22 Hz | Latencia Red/Proc: 9.43 ms
2026-06-02 14:30:36.898 - [robot_6_log_20260602_143011.csv] - DEBUG - Incoming data. Topic 6/pos, mensaje {"x": 265.48, "y": 98.24, "yaw": 1.672, "timestamp": 1780403436.8779402}
2026-06-02 14:30:36.903 - [robot_6_log_20260602_143011.csv] - DEBUG - Posición actualizada por visión: x=265.48, y=98.24, θ=1.67
2026-06-02 14:30:36.903 - [robot_6_log_20260602_143011.csv] - DEBUG - Frecuencia: 60.75 Hz | Latencia Red/Proc: 25.89 ms
2026-06-02 14:30:36.907 - [robot_6_log_20260602_143011.csv] - INFO - Usando posición VISION: x=265.48, y=98.24, θ=1.67
2026-06-02 14:30:36.907 - [robot_6_log_20260602_143011.csv] - DEBUG - Incoming data. Topic 6/pos, mensaje {"x": 265.48, "y": 98.24, "yaw": 1.672, "timestamp": 1780403436.8899915}
2026-06-02 14:30:36.907 - [robot_6_log_20260602_143011.csv] - INFO - Distancias a paredes: Left: 265.48, Right: 184.52, Top: 41.76, Bottom: 98.24
2026-06-02 14:30:36.907 - [robot_6_log_20260602_143011.csv] - DEBUG - Posición actualizada por visión: x=265.48, y=98.24, θ=1.67
2026-06-02 14:30:36.907 - [robot_6_log_20260602_143011.csv] - INFO - Posicion: 265.48, 98.24, 1.672 | Velocidad: -0.9948832777030012, -0.10103100388956367
2026-06-02 14:30:36.907 - [robot_6_log_20260602_143011.csv] - DEBUG - Frecuencia: 256.22 Hz | Latencia Red/Proc: 17.74 ms
2026-06-02 14:30:36.907 - [robot_6_log_20260602_143011.csv] - INFO - None
2026-06-02 14:30:36.907 - [robot_6_log_20260602_143011.csv] - DEBUG - Incoming data. Topic 6/pos, mensaje {"x": 265.48, "y": 98.24, "yaw": 1.672, "timestamp": 1780403436.8899915}
2026-06-02 14:30:36.907 - [robot_6_log_20260602_143011.csv] - WARNING - Estado FSM: AVANZA | Target Wall: None | Target Theta: 0.00° |theta: 95.79854334587364 
2026-06-02 14:30:36.907 - [robot_6_log_20260602_143011.csv] - DEBUG - Posición actualizada por visión: x=265.48, y=98.24, θ=1.67
2026-06-02 14:30:36.918 - [robot_6_log_20260602_143011.csv] - DEBUG - Frecuencia: 96.61 Hz | Latencia Red/Proc: 28.10 ms
2026-06-02 14:30:36.957 - [robot_6_log_20260602_143011.csv] - INFO - Usando posición VISION: x=265.48, y=98.24, θ=1.67
2026-06-02 14:30:36.957 - [robot_6_log_20260602_143011.csv] - INFO - Distancias a paredes: Left: 265.48, Right: 184.52, Top: 41.76, Bottom: 98.24
2026-06-02 14:30:36.957 - [robot_6_log_20260602_143011.csv] - INFO - Posicion: 265.48, 98.24, 1.672 | Velocidad: -0.9948832777030012, -0.10103100388956367
2026-06-02 14:30:36.957 - [robot_6_log_20260602_143011.csv] - INFO - None
2026-06-02 14:30:36.957 - [robot_6_log_20260602_143011.csv] - WARNING - Estado FSM: AVANZA | Target Wall: None | Target Theta: 0.00° |theta: 95.79854334587364 
2026-06-02 14:30:36.992 - [robot_6_log_20260602_143011.csv] - DEBUG - Incoming data. Topic 6/pos, mensaje {"x": 265.52, "y": 98.19, "yaw": 1.679, "timestamp": 1780403436.9821732}
2026-06-02 14:30:36.998 - [robot_6_log_20260602_143011.csv] - DEBUG - Posición actualizada por visión: x=265.52, y=98.19, θ=1.68
2026-06-02 14:30:36.998 - [robot_6_log_20260602_143011.csv] - DEBUG - Frecuencia: 12.49 Hz | Latencia Red/Proc: 15.99 ms
2026-06-02 14:30:36.998 - [robot_6_log_20260602_143011.csv] - DEBUG - Incoming data. Topic 6/pos, mensaje {"x": 265.52, "y": 98.19, "yaw": 1.679, "timestamp": 1780403436.9821732}
2026-06-02 14:30:36.998 - [robot_6_log_20260602_143011.csv] - DEBUG - Posición actualizada por visión: x=265.52, y=98.19, θ=1.68
2026-06-02 14:30:36.998 - [robot_6_log_20260602_143011.csv] - DEBUG - Frecuencia: 8867.45 Hz | Latencia Red/Proc: 16.10 ms
2026-06-02 14:30:36.998 - [robot_6_log_20260602_143011.csv] - DEBUG - Incoming data. Topic 6/pos, mensaje {"x": 265.52, "y": 98.19, "yaw": 1.679, "timestamp": 1780403436.994182}
2026-06-02 14:30:36.998 - [robot_6_log_20260602_143011.csv] - DEBUG - Posición actualizada por visión: x=265.52, y=98.19, θ=1.68
2026-06-02 14:30:37.003 - [robot_6_log_20260602_143011.csv] - DEBUG - Frecuencia: 193.84 Hz | Latencia Red/Proc: 9.25 ms
2026-06-02 14:30:37.007 - [robot_6_log_20260602_143011.csv] - INFO - Usando posición VISION: x=265.52, y=98.19, θ=1.68
2026-06-02 14:30:37.007 - [robot_6_log_20260602_143011.csv] - DEBUG - Incoming data. Topic 6/pos, mensaje {"x": 265.52, "y": 98.19, "yaw": 1.679, "timestamp": 1780403436.994182}
2026-06-02 14:30:37.007 - [robot_6_log_20260602_143011.csv] - INFO - Distancias a paredes: Left: 265.52, Right: 184.48, Top: 41.81, Bottom: 98.19
2026-06-02 14:30:37.007 - [robot_6_log_20260602_143011.csv] - DEBUG - Posición actualizada por visión: x=265.52, y=98.19, θ=1.68
2026-06-02 14:30:37.007 - [robot_6_log_20260602_143011.csv] - INFO - Posicion: 265.52, 98.19, 1.679 | Velocidad: -0.9941516919105917, -0.10799265470997543
2026-06-02 14:30:37.007 - [robot_6_log_20260602_143011.csv] - DEBUG - Frecuencia: 229.62 Hz | Latencia Red/Proc: 13.61 ms
2026-06-02 14:30:37.007 - [robot_6_log_20260602_143011.csv] - INFO - None
2026-06-02 14:30:37.007 - [robot_6_log_20260602_143011.csv] - WARNING - Estado FSM: AVANZA | Target Wall: None | Target Theta: 0.00° |theta: 96.19961380246522 
2026-06-02 14:30:37.043 - [robot_6_log_20260602_143011.csv] - DEBUG - Incoming data. Topic agent/6/wheel, mensaje {"Wleft":1.657007864e-15,"Wright":-3.719247132e-16}
2026-06-02 14:30:37.057 - [robot_6_log_20260602_143011.csv] - INFO - Usando posición VISION: x=265.52, y=98.19, θ=1.68
2026-06-02 14:30:37.057 - [robot_6_log_20260602_143011.csv] - INFO - Distancias a paredes: Left: 265.52, Right: 184.48, Top: 41.81, Bottom: 98.19
2026-06-02 14:30:37.057 - [robot_6_log_20260602_143011.csv] - INFO - Posicion: 265.52, 98.19, 1.679 | Velocidad: -0.9941516919105917, -0.10799265470997543
2026-06-02 14:30:37.057 - [robot_6_log_20260602_143011.csv] - INFO - None
2026-06-02 14:30:37.057 - [robot_6_log_20260602_143011.csv] - WARNING - Estado FSM: AVANZA | Target Wall: None | Target Theta: 0.00° |theta: 96.19961380246522 
2026-06-02 14:30:37.082 - [robot_6_log_20260602_143011.csv] - DEBUG - Incoming data. Topic 6/pos, mensaje {"x": 265.47, "y": 98.24, "yaw": 1.674, "timestamp": 1780403437.078226}
2026-06-02 14:30:37.087 - [robot_6_log_20260602_143011.csv] - DEBUG - Posición actualizada por visión: x=265.47, y=98.24, θ=1.67
2026-06-02 14:30:37.092 - [robot_6_log_20260602_143011.csv] - DEBUG - Frecuencia: 11.81 Hz | Latencia Red/Proc: 14.26 ms
2026-06-02 14:30:37.097 - [robot_6_log_20260602_143011.csv] - DEBUG - Incoming data. Topic agent/6/wheel, mensaje {"Wleft":1.657007864e-15,"Wright":-3.719247132e-16}
2026-06-02 14:30:37.107 - [robot_6_log_20260602_143011.csv] - INFO - Usando posición VISION: x=265.47, y=98.24, θ=1.67
2026-06-02 14:30:37.107 - [robot_6_log_20260602_143011.csv] - INFO - Distancias a paredes: Left: 265.47, Right: 184.53, Top: 41.76, Bottom: 98.24
2026-06-02 14:30:37.107 - [robot_6_log_20260602_143011.csv] - INFO - Posicion: 265.47, 98.24, 1.674 | Velocidad: -0.9946792260640379, -0.10302056705651848
2026-06-02 14:30:37.107 - [robot_6_log_20260602_143011.csv] - INFO - None
2026-06-02 14:30:37.107 - [robot_6_log_20260602_143011.csv] - DEBUG - Incoming data. Topic 6/pos, mensaje {"x": 265.47, "y": 98.24, "yaw": 1.674, "timestamp": 1780403437.08929}
2026-06-02 14:30:37.107 - [robot_6_log_20260602_143011.csv] - WARNING - Estado FSM: AVANZA | Target Wall: None | Target Theta: 0.00° |theta: 95.9131349048998 
2026-06-02 14:30:37.107 - [robot_6_log_20260602_143011.csv] - DEBUG - Posición actualizada por visión: x=265.47, y=98.24, θ=1.67
2026-06-02 14:30:37.118 - [robot_6_log_20260602_143011.csv] - DEBUG - Frecuencia: 39.05 Hz | Latencia Red/Proc: 28.81 ms
2026-06-02 14:30:37.129 - [robot_6_log_20260602_143011.csv] - DEBUG - Incoming data. Topic 6/pos, mensaje {"x": 265.47, "y": 98.24, "yaw": 1.674, "timestamp": 1780403437.078226}
2026-06-02 14:30:37.134 - [robot_6_log_20260602_143011.csv] - DEBUG - Posición actualizada por visión: x=265.47, y=98.24, θ=1.67
2026-06-02 14:30:37.140 - [robot_6_log_20260602_143011.csv] - DEBUG - Frecuencia: 44.48 Hz | Latencia Red/Proc: 62.35 ms
2026-06-02 14:30:37.145 - [robot_6_log_20260602_143011.csv] - DEBUG - Incoming data. Topic 6/pos, mensaje {"x": 265.47, "y": 98.24, "yaw": 1.674, "timestamp": 1780403437.08929}
2026-06-02 14:30:37.150 - [robot_6_log_20260602_143011.csv] - DEBUG - Posición actualizada por visión: x=265.47, y=98.24, θ=1.67
2026-06-02 14:30:37.150 - [robot_6_log_20260602_143011.csv] - DEBUG - Frecuencia: 98.09 Hz | Latencia Red/Proc: 61.49 ms
2026-06-02 14:30:37.157 - [robot_6_log_20260602_143011.csv] - INFO - Usando posición VISION: x=265.47, y=98.24, θ=1.67
2026-06-02 14:30:37.157 - [robot_6_log_20260602_143011.csv] - INFO - Distancias a paredes: Left: 265.47, Right: 184.53, Top: 41.76, Bottom: 98.24
2026-06-02 14:30:37.157 - [robot_6_log_20260602_143011.csv] - INFO - Posicion: 265.47, 98.24, 1.674 | Velocidad: -0.9946792260640379, -0.10302056705651848
2026-06-02 14:30:37.157 - [robot_6_log_20260602_143011.csv] - INFO - None
2026-06-02 14:30:37.157 - [robot_6_log_20260602_143011.csv] - WARNING - Estado FSM: AVANZA | Target Wall: None | Target Theta: 0.00° |theta: 95.9131349048998 
2026-06-02 14:30:37.181 - [robot_6_log_20260602_143011.csv] - DEBUG - Incoming data. Topic 6/pos, mensaje {"x": 265.49, "y": 98.25, "yaw": 1.667, "timestamp": 1780403437.1789405}
2026-06-02 14:30:37.186 - [robot_6_log_20260602_143011.csv] - DEBUG - Posición actualizada por visión: x=265.49, y=98.25, θ=1.67
2026-06-02 14:30:37.192 - [robot_6_log_20260602_143011.csv] - DEBUG - Frecuencia: 23.77 Hz | Latencia Red/Proc: 13.90 ms
2026-06-02 14:30:37.197 - [robot_6_log_20260602_143011.csv] - DEBUG - Incoming data. Topic 6/pos, mensaje {"x": 265.49, "y": 98.25, "yaw": 1.667, "timestamp": 1780403437.1789405}
2026-06-02 14:30:37.203 - [robot_6_log_20260602_143011.csv] - DEBUG - Posición actualizada por visión: x=265.49, y=98.25, θ=1.67
2026-06-02 14:30:37.203 - [robot_6_log_20260602_143011.csv] - DEBUG - Frecuencia: 98.22 Hz | Latencia Red/Proc: 24.08 ms
2026-06-02 14:30:37.207 - [robot_6_log_20260602_143011.csv] - INFO - Usando posición VISION: x=265.49, y=98.25, θ=1.67
2026-06-02 14:30:37.207 - [robot_6_log_20260602_143011.csv] - DEBUG - Incoming data. Topic 6/pos, mensaje {"x": 265.49, "y": 98.25, "yaw": 1.667, "timestamp": 1780403437.1877034}
2026-06-02 14:30:37.207 - [robot_6_log_20260602_143011.csv] - INFO - Distancias a paredes: Left: 265.49, Right: 184.51, Top: 41.75, Bottom: 98.25
2026-06-02 14:30:37.207 - [robot_6_log_20260602_143011.csv] - DEBUG - Posición actualizada por visión: x=265.49, y=98.25, θ=1.67
2026-06-02 14:30:37.207 - [robot_6_log_20260602_143011.csv] - INFO - Posicion: 265.49, 98.25, 1.667 | Velocidad: -0.9953759946025762, -0.09605534534284021
2026-06-02 14:30:37.207 - [robot_6_log_20260602_143011.csv] - DEBUG - Frecuencia: 216.78 Hz | Latencia Red/Proc: 19.93 ms
2026-06-02 14:30:37.207 - [robot_6_log_20260602_143011.csv] - INFO - None
2026-06-02 14:30:37.207 - [robot_6_log_20260602_143011.csv] - DEBUG - Incoming data. Topic 6/pos, mensaje {"x": 265.49, "y": 98.25, "yaw": 1.667, "timestamp": 1780403437.1877034}
2026-06-02 14:30:37.207 - [robot_6_log_20260602_143011.csv] - DEBUG - Posición actualizada por visión: x=265.49, y=98.25, θ=1.67
2026-06-02 14:30:37.207 - [robot_6_log_20260602_143011.csv] - DEBUG - Frecuencia: 6553.60 Hz | Latencia Red/Proc: 20.09 ms
2026-06-02 14:30:37.207 - [robot_6_log_20260602_143011.csv] - WARNING - Estado FSM: AVANZA | Target Wall: None | Target Theta: 0.00° |theta: 95.51206444830824 
2026-06-02 14:30:37.237 - [robot_6_log_20260602_143011.csv] - DEBUG - Incoming data. Topic agent/6/wheel, mensaje {"Wleft":1.657007864e-15,"Wright":-3.719247132e-16}
2026-06-02 14:30:37.257 - [robot_6_log_20260602_143011.csv] - INFO - Usando posición VISION: x=265.49, y=98.25, θ=1.67
2026-06-02 14:30:37.257 - [robot_6_log_20260602_143011.csv] - INFO - Distancias a paredes: Left: 265.49, Right: 184.51, Top: 41.75, Bottom: 98.25
2026-06-02 14:30:37.257 - [robot_6_log_20260602_143011.csv] - INFO - Posicion: 265.49, 98.25, 1.667 | Velocidad: -0.9953759946025762, -0.09605534534284021
2026-06-02 14:30:37.257 - [robot_6_log_20260602_143011.csv] - INFO - None
2026-06-02 14:30:37.257 - [robot_6_log_20260602_143011.csv] - WARNING - Estado FSM: AVANZA | Target Wall: None | Target Theta: 0.00° |theta: 95.51206444830824 
2026-06-02 14:30:37.282 - [robot_6_log_20260602_143011.csv] - DEBUG - Incoming data. Topic 6/pos, mensaje {"x": 265.48, "y": 98.25, "yaw": 1.676, "timestamp": 1780403437.2795584}
2026-06-02 14:30:37.287 - [robot_6_log_20260602_143011.csv] - DEBUG - Posición actualizada por visión: x=265.48, y=98.25, θ=1.68
2026-06-02 14:30:37.293 - [robot_6_log_20260602_143011.csv] - DEBUG - Frecuencia: 11.68 Hz | Latencia Red/Proc: 13.86 ms
2026-06-02 14:30:37.299 - [robot_6_log_20260602_143011.csv] - DEBUG - Incoming data. Topic agent/6/wheel, mensaje {"Wleft":1.657007864e-15,"Wright":-3.719247132e-16}
2026-06-02 14:30:37.305 - [robot_6_log_20260602_143011.csv] - DEBUG - Incoming data. Topic 6/pos, mensaje {"x": 265.48, "y": 98.25, "yaw": 1.676, "timestamp": 1780403437.2906222}
2026-06-02 14:30:37.307 - [robot_6_log_20260602_143011.csv] - INFO - Usando posición VISION: x=265.48, y=98.25, θ=1.68
2026-06-02 14:30:37.307 - [robot_6_log_20260602_143011.csv] - DEBUG - Posición actualizada por visión: x=265.48, y=98.25, θ=1.68
2026-06-02 14:30:37.307 - [robot_6_log_20260602_143011.csv] - INFO - Distancias a paredes: Left: 265.48, Right: 184.52, Top: 41.75, Bottom: 98.25
2026-06-02 14:30:37.307 - [robot_6_log_20260602_143011.csv] - DEBUG - Frecuencia: 70.55 Hz | Latencia Red/Proc: 16.97 ms
2026-06-02 14:30:37.307 - [robot_6_log_20260602_143011.csv] - INFO - Posicion: 265.48, 98.25, 1.676 | Velocidad: -0.9944711957094966, -0.10500971814134243
2026-06-02 14:30:37.307 - [robot_6_log_20260602_143011.csv] - INFO - None
2026-06-02 14:30:37.307 - [robot_6_log_20260602_143011.csv] - DEBUG - Incoming data. Topic 6/pos, mensaje {"x": 265.48, "y": 98.25, "yaw": 1.676, "timestamp": 1780403437.2795584}
2026-06-02 14:30:37.307 - [robot_6_log_20260602_143011.csv] - WARNING - Estado FSM: AVANZA | Target Wall: None | Target Theta: 0.00° |theta: 96.02772646392597 
2026-06-02 14:30:37.307 - [robot_6_log_20260602_143011.csv] - DEBUG - Posición actualizada por visión: x=265.48, y=98.25, θ=1.68
2026-06-02 14:30:37.312 - [robot_6_log_20260602_143011.csv] - DEBUG - Frecuencia: 191.33 Hz | Latencia Red/Proc: 33.26 ms
2026-06-02 14:30:37.337 - [robot_6_log_20260602_143011.csv] - DEBUG - Incoming data. Topic 6/pos, mensaje {"x": 265.48, "y": 98.25, "yaw": 1.676, "timestamp": 1780403437.2906222}
2026-06-02 14:30:37.342 - [robot_6_log_20260602_143011.csv] - DEBUG - Posición actualizada por visión: x=265.48, y=98.25, θ=1.68
2026-06-02 14:30:37.348 - [robot_6_log_20260602_143011.csv] - DEBUG - Frecuencia: 28.20 Hz | Latencia Red/Proc: 57.66 ms
2026-06-02 14:30:37.357 - [robot_6_log_20260602_143011.csv] - INFO - Usando posición VISION: x=265.48, y=98.25, θ=1.68
2026-06-02 14:30:37.357 - [robot_6_log_20260602_143011.csv] - INFO - Distancias a paredes: Left: 265.48, Right: 184.52, Top: 41.75, Bottom: 98.25
2026-06-02 14:30:37.357 - [robot_6_log_20260602_143011.csv] - INFO - Posicion: 265.48, 98.25, 1.676 | Velocidad: -0.9944711957094966, -0.10500971814134243
2026-06-02 14:30:37.357 - [robot_6_log_20260602_143011.csv] - INFO - None
2026-06-02 14:30:37.357 - [robot_6_log_20260602_143011.csv] - WARNING - Estado FSM: AVANZA | Target Wall: None | Target Theta: 0.00° |theta: 96.02772646392597 
2026-06-02 14:30:37.382 - [robot_6_log_20260602_143011.csv] - DEBUG - Incoming data. Topic 6/pos, mensaje {"x": 265.47, "y": 98.24, "yaw": 1.674, "timestamp": 1780403437.376996}
2026-06-02 14:30:37.387 - [robot_6_log_20260602_143011.csv] - DEBUG - Posición actualizada por visión: x=265.47, y=98.24, θ=1.67
2026-06-02 14:30:37.393 - [robot_6_log_20260602_143011.csv] - DEBUG - Frecuencia: 22.11 Hz | Latencia Red/Proc: 16.51 ms
2026-06-02 14:30:37.404 - [robot_6_log_20260602_143011.csv] - DEBUG - Incoming data. Topic agent/6/wheel, mensaje {"Wleft":1.657007864e-15,"Wright":-3.719247132e-16}
2026-06-02 14:30:37.407 - [robot_6_log_20260602_143011.csv] - INFO - Usando posición VISION: x=265.47, y=98.24, θ=1.67
2026-06-02 14:30:37.407 - [robot_6_log_20260602_143011.csv] - DEBUG - Incoming data. Topic 6/pos, mensaje {"x": 265.47, "y": 98.24, "yaw": 1.674, "timestamp": 1780403437.3860416}
2026-06-02 14:30:37.407 - [robot_6_log_20260602_143011.csv] - INFO - Distancias a paredes: Left: 265.47, Right: 184.53, Top: 41.76, Bottom: 98.24
2026-06-02 14:30:37.407 - [robot_6_log_20260602_143011.csv] - DEBUG - Posición actualizada por visión: x=265.47, y=98.24, θ=1.67
2026-06-02 14:30:37.407 - [robot_6_log_20260602_143011.csv] - INFO - Posicion: 265.47, 98.24, 1.674 | Velocidad: -0.9946792260640379, -0.10302056705651848
2026-06-02 14:30:37.407 - [robot_6_log_20260602_143011.csv] - DEBUG - Frecuencia: 70.52 Hz | Latencia Red/Proc: 21.65 ms
2026-06-02 14:30:37.407 - [robot_6_log_20260602_143011.csv] - INFO - None
2026-06-02 14:30:37.407 - [robot_6_log_20260602_143011.csv] - DEBUG - Incoming data. Topic 6/pos, mensaje {"x": 265.47, "y": 98.24, "yaw": 1.674, "timestamp": 1780403437.376996}
2026-06-02 14:30:37.407 - [robot_6_log_20260602_143011.csv] - WARNING - Estado FSM: AVANZA | Target Wall: None | Target Theta: 0.00° |theta: 95.9131349048998 
2026-06-02 14:30:37.407 - [robot_6_log_20260602_143011.csv] - DEBUG - Posición actualizada por visión: x=265.47, y=98.24, θ=1.67
2026-06-02 14:30:37.412 - [robot_6_log_20260602_143011.csv] - DEBUG - Frecuencia: 191.32 Hz | Latencia Red/Proc: 35.92 ms
2026-06-02 14:30:37.431 - [robot_6_log_20260602_143011.csv] - DEBUG - Incoming data. Topic 6/pos, mensaje {"x": 265.47, "y": 98.24, "yaw": 1.674, "timestamp": 1780403437.3860416}
2026-06-02 14:30:37.436 - [robot_6_log_20260602_143011.csv] - DEBUG - Posición actualizada por visión: x=265.47, y=98.24, θ=1.67
2026-06-02 14:30:37.441 - [robot_6_log_20260602_143011.csv] - DEBUG - Frecuencia: 35.04 Hz | Latencia Red/Proc: 55.42 ms
2026-06-02 14:30:37.457 - [robot_6_log_20260602_143011.csv] - INFO - Usando posición VISION: x=265.47, y=98.24, θ=1.67
2026-06-02 14:30:37.457 - [robot_6_log_20260602_143011.csv] - INFO - Distancias a paredes: Left: 265.47, Right: 184.53, Top: 41.76, Bottom: 98.24
2026-06-02 14:30:37.457 - [robot_6_log_20260602_143011.csv] - INFO - Posicion: 265.47, 98.24, 1.674 | Velocidad: -0.9946792260640379, -0.10302056705651848
2026-06-02 14:30:37.457 - [robot_6_log_20260602_143011.csv] - INFO - None
2026-06-02 14:30:37.457 - [robot_6_log_20260602_143011.csv] - WARNING - Estado FSM: AVANZA | Target Wall: None | Target Theta: 0.00° |theta: 95.9131349048998 
2026-06-02 14:30:37.476 - [robot_6_log_20260602_143011.csv] - DEBUG - Incoming data. Topic 6/pos, mensaje {"x": 265.48, "y": 98.22, "yaw": 1.675, "timestamp": 1780403437.475088}
2026-06-02 14:30:37.481 - [robot_6_log_20260602_143011.csv] - DEBUG - Posición actualizada por visión: x=265.48, y=98.22, θ=1.68
2026-06-02 14:30:37.487 - [robot_6_log_20260602_143011.csv] - DEBUG - Frecuencia: 21.83 Hz | Latencia Red/Proc: 12.19 ms
2026-06-02 14:30:37.497 - [robot_6_log_20260602_143011.csv] - DEBUG - Incoming data. Topic 6/pos, mensaje {"x": 265.48, "y": 98.22, "yaw": 1.675, "timestamp": 1780403437.475088}
2026-06-02 14:30:37.502 - [robot_6_log_20260602_143011.csv] - DEBUG - Posición actualizada por visión: x=265.48, y=98.22, θ=1.68
2026-06-02 14:30:37.507 - [robot_6_log_20260602_143011.csv] - INFO - Usando posición VISION: x=265.48, y=98.22, θ=1.68
2026-06-02 14:30:37.507 - [robot_6_log_20260602_143011.csv] - DEBUG - Frecuencia: 49.34 Hz | Latencia Red/Proc: 32.45 ms
2026-06-02 14:30:37.507 - [robot_6_log_20260602_143011.csv] - INFO - Distancias a paredes: Left: 265.48, Right: 184.52, Top: 41.78, Bottom: 98.22
2026-06-02 14:30:37.507 - [robot_6_log_20260602_143011.csv] - DEBUG - Incoming data. Topic 6/pos, mensaje {"x": 265.48, "y": 98.22, "yaw": 1.675, "timestamp": 1780403437.486182}
2026-06-02 14:30:37.507 - [robot_6_log_20260602_143011.csv] - INFO - Posicion: 265.48, 98.22, 1.675 | Velocidad: -0.9945757081745799, -0.10401519460652353
2026-06-02 14:30:37.507 - [robot_6_log_20260602_143011.csv] - DEBUG - Posición actualizada por visión: x=265.48, y=98.22, θ=1.68
2026-06-02 14:30:37.507 - [robot_6_log_20260602_143011.csv] - INFO - None
2026-06-02 14:30:37.507 - [robot_6_log_20260602_143011.csv] - DEBUG - Frecuencia: 6678.83 Hz | Latencia Red/Proc: 21.51 ms
2026-06-02 14:30:37.507 - [robot_6_log_20260602_143011.csv] - WARNING - Estado FSM: AVANZA | Target Wall: None | Target Theta: 0.00° |theta: 95.97043068441289 
2026-06-02 14:30:37.507 - [robot_6_log_20260602_143011.csv] - DEBUG - Incoming data. Topic 6/pos, mensaje {"x": 265.48, "y": 98.22, "yaw": 1.675, "timestamp": 1780403437.486182}
2026-06-02 14:30:37.512 - [robot_6_log_20260602_143011.csv] - DEBUG - Posición actualizada por visión: x=265.48, y=98.22, θ=1.68
2026-06-02 14:30:37.512 - [robot_6_log_20260602_143011.csv] - DEBUG - Frecuencia: 192.63 Hz | Latencia Red/Proc: 26.70 ms
2026-06-02 14:30:37.530 - [robot_6_log_20260602_143011.csv] - DEBUG - Incoming data. Topic agent/6/wheel, mensaje {"Wleft":1.657007864e-15,"Wright":-3.719247132e-16}
2026-06-02 14:30:37.557 - [robot_6_log_20260602_143011.csv] - INFO - Usando posición VISION: x=265.48, y=98.22, θ=1.68
2026-06-02 14:30:37.557 - [robot_6_log_20260602_143011.csv] - INFO - Distancias a paredes: Left: 265.48, Right: 184.52, Top: 41.78, Bottom: 98.22
2026-06-02 14:30:37.557 - [robot_6_log_20260602_143011.csv] - INFO - Posicion: 265.48, 98.22, 1.675 | Velocidad: -0.9945757081745799, -0.10401519460652353
2026-06-02 14:30:37.557 - [robot_6_log_20260602_143011.csv] - INFO - None
2026-06-02 14:30:37.557 - [robot_6_log_20260602_143011.csv] - WARNING - Estado FSM: AVANZA | Target Wall: None | Target Theta: 0.00° |theta: 95.97043068441289 
2026-06-02 14:30:37.582 - [robot_6_log_20260602_143011.csv] - DEBUG - Incoming data. Topic 6/pos, mensaje {"x": 265.48, "y": 98.24, "yaw": 1.667, "timestamp": 1780403437.578029}
2026-06-02 14:30:37.587 - [robot_6_log_20260602_143011.csv] - DEBUG - Posición actualizada por visión: x=265.48, y=98.24, θ=1.67
2026-06-02 14:30:37.592 - [robot_6_log_20260602_143011.csv] - DEBUG - Frecuencia: 12.59 Hz | Latencia Red/Proc: 14.27 ms
2026-06-02 14:30:37.592 - [robot_6_log_20260602_143011.csv] - DEBUG - Incoming data. Topic 6/pos, mensaje {"x": 265.48, "y": 98.24, "yaw": 1.667, "timestamp": 1780403437.578029}
2026-06-02 14:30:37.592 - [robot_6_log_20260602_143011.csv] - DEBUG - Posición actualizada por visión: x=265.48, y=98.24, θ=1.67
2026-06-02 14:30:37.592 - [robot_6_log_20260602_143011.csv] - DEBUG - Frecuencia: 19508.39 Hz | Latencia Red/Proc: 14.32 ms
2026-06-02 14:30:37.592 - [robot_6_log_20260602_143011.csv] - DEBUG - Incoming data. Topic 6/pos, mensaje {"x": 265.48, "y": 98.24, "yaw": 1.667, "timestamp": 1780403437.5869524}
2026-06-02 14:30:37.592 - [robot_6_log_20260602_143011.csv] - DEBUG - Posición actualizada por visión: x=265.48, y=98.24, θ=1.67
2026-06-02 14:30:37.592 - [robot_6_log_20260602_143011.csv] - DEBUG - Frecuencia: 22919.69 Hz | Latencia Red/Proc: 5.44 ms
2026-06-02 14:30:37.597 - [robot_6_log_20260602_143011.csv] - DEBUG - Incoming data. Topic agent/6/wheel, mensaje {"Wleft":1.657007864e-15,"Wright":-3.719247132e-16}
2026-06-02 14:30:37.607 - [robot_6_log_20260602_143011.csv] - INFO - Usando posición VISION: x=265.48, y=98.24, θ=1.67
2026-06-02 14:30:37.607 - [robot_6_log_20260602_143011.csv] - INFO - Distancias a paredes: Left: 265.48, Right: 184.52, Top: 41.76, Bottom: 98.24
2026-06-02 14:30:37.607 - [robot_6_log_20260602_143011.csv] - INFO - Posicion: 265.48, 98.24, 1.667 | Velocidad: -0.9953759946025762, -0.09605534534284021
2026-06-02 14:30:37.607 - [robot_6_log_20260602_143011.csv] - INFO - None
2026-06-02 14:30:37.607 - [robot_6_log_20260602_143011.csv] - WARNING - Estado FSM: AVANZA | Target Wall: None | Target Theta: 0.00° |theta: 95.51206444830824 
2026-06-02 14:30:37.631 - [robot_6_log_20260602_143011.csv] - DEBUG - Incoming data. Topic 6/pos, mensaje {"x": 265.48, "y": 98.24, "yaw": 1.667, "timestamp": 1780403437.5869524}
2026-06-02 14:30:37.636 - [robot_6_log_20260602_143011.csv] - DEBUG - Posición actualizada por visión: x=265.48, y=98.24, θ=1.67
2026-06-02 14:30:37.636 - [robot_6_log_20260602_143011.csv] - DEBUG - Frecuencia: 22.84 Hz | Latencia Red/Proc: 49.22 ms
2026-06-02 14:30:37.657 - [robot_6_log_20260602_143011.csv] - INFO - Usando posición VISION: x=265.48, y=98.24, θ=1.67
2026-06-02 14:30:37.657 - [robot_6_log_20260602_143011.csv] - INFO - Distancias a paredes: Left: 265.48, Right: 184.52, Top: 41.76, Bottom: 98.24
2026-06-02 14:30:37.657 - [robot_6_log_20260602_143011.csv] - INFO - Posicion: 265.48, 98.24, 1.667 | Velocidad: -0.9953759946025762, -0.09605534534284021
2026-06-02 14:30:37.657 - [robot_6_log_20260602_143011.csv] - INFO - None
2026-06-02 14:30:37.657 - [robot_6_log_20260602_143011.csv] - WARNING - Estado FSM: AVANZA | Target Wall: None | Target Theta: 0.00° |theta: 95.51206444830824 
2026-06-02 14:30:37.676 - [robot_6_log_20260602_143011.csv] - DEBUG - Incoming data. Topic 6/pos, mensaje {"x": 265.47, "y": 98.23, "yaw": 1.674, "timestamp": 1780403437.6747217}
2026-06-02 14:30:37.681 - [robot_6_log_20260602_143011.csv] - DEBUG - Posición actualizada por visión: x=265.47, y=98.23, θ=1.67
2026-06-02 14:30:37.687 - [robot_6_log_20260602_143011.csv] - DEBUG - Frecuencia: 19.56 Hz | Latencia Red/Proc: 12.59 ms
2026-06-02 14:30:37.697 - [robot_6_log_20260602_143011.csv] - DEBUG - Incoming data. Topic 6/pos, mensaje {"x": 265.47, "y": 98.23, "yaw": 1.674, "timestamp": 1780403437.6747217}
2026-06-02 14:30:37.702 - [robot_6_log_20260602_143011.csv] - DEBUG - Posición actualizada por visión: x=265.47, y=98.23, θ=1.67
2026-06-02 14:30:37.702 - [robot_6_log_20260602_143011.csv] - DEBUG - Frecuencia: 65.55 Hz | Latencia Red/Proc: 27.85 ms
2026-06-02 14:30:37.702 - [robot_6_log_20260602_143011.csv] - DEBUG - Incoming data. Topic 6/pos, mensaje {"x": 265.47, "y": 98.23, "yaw": 1.674, "timestamp": 1780403437.6828036}
2026-06-02 14:30:37.707 - [robot_6_log_20260602_143011.csv] - INFO - Usando posición VISION: x=265.47, y=98.23, θ=1.67
2026-06-02 14:30:37.707 - [robot_6_log_20260602_143011.csv] - DEBUG - Posición actualizada por visión: x=265.47, y=98.23, θ=1.67
2026-06-02 14:30:37.707 - [robot_6_log_20260602_143011.csv] - INFO - Distancias a paredes: Left: 265.47, Right: 184.53, Top: 41.77, Bottom: 98.23
2026-06-02 14:30:37.707 - [robot_6_log_20260602_143011.csv] - DEBUG - Frecuencia: 198.70 Hz | Latencia Red/Proc: 24.80 ms
2026-06-02 14:30:37.707 - [robot_6_log_20260602_143011.csv] - INFO - Posicion: 265.47, 98.23, 1.674 | Velocidad: -0.9946792260640379, -0.10302056705651848
2026-06-02 14:30:37.707 - [robot_6_log_20260602_143011.csv] - INFO - None
2026-06-02 14:30:37.707 - [robot_6_log_20260602_143011.csv] - DEBUG - Incoming data. Topic agent/6/wheel, mensaje {"Wleft":1.657007864e-15,"Wright":-3.719247132e-16}
2026-06-02 14:30:37.707 - [robot_6_log_20260602_143011.csv] - WARNING - Estado FSM: AVANZA | Target Wall: None | Target Theta: 0.00° |theta: 95.9131349048998 
2026-06-02 14:30:37.725 - [robot_6_log_20260602_143011.csv] - DEBUG - Incoming data. Topic 6/pos, mensaje {"x": 265.47, "y": 98.23, "yaw": 1.674, "timestamp": 1780403437.6828036}
2026-06-02 14:30:37.730 - [robot_6_log_20260602_143011.csv] - DEBUG - Posición actualizada por visión: x=265.47, y=98.23, θ=1.67
2026-06-02 14:30:37.730 - [robot_6_log_20260602_143011.csv] - DEBUG - Frecuencia: 42.81 Hz | Latencia Red/Proc: 48.15 ms
2026-06-02 14:30:37.757 - [robot_6_log_20260602_143011.csv] - INFO - Usando posición VISION: x=265.47, y=98.23, θ=1.67
2026-06-02 14:30:37.757 - [robot_6_log_20260602_143011.csv] - INFO - Distancias a paredes: Left: 265.47, Right: 184.53, Top: 41.77, Bottom: 98.23
2026-06-02 14:30:37.757 - [robot_6_log_20260602_143011.csv] - INFO - Posicion: 265.47, 98.23, 1.674 | Velocidad: -0.9946792260640379, -0.10302056705651848
2026-06-02 14:30:37.757 - [robot_6_log_20260602_143011.csv] - INFO - None
2026-06-02 14:30:37.757 - [robot_6_log_20260602_143011.csv] - WARNING - Estado FSM: AVANZA | Target Wall: None | Target Theta: 0.00° |theta: 95.9131349048998 
2026-06-02 14:30:37.775 - [robot_6_log_20260602_143011.csv] - DEBUG - Incoming data. Topic 6/pos, mensaje {"x": 265.52, "y": 98.2, "yaw": 1.679, "timestamp": 1780403437.7753453}
2026-06-02 14:30:37.781 - [robot_6_log_20260602_143011.csv] - DEBUG - Posición actualizada por visión: x=265.52, y=98.20, θ=1.68
2026-06-02 14:30:37.786 - [robot_6_log_20260602_143011.csv] - DEBUG - Frecuencia: 18.11 Hz | Latencia Red/Proc: 10.83 ms
2026-06-02 14:30:37.792 - [robot_6_log_20260602_143011.csv] - DEBUG - Incoming data. Topic 6/pos, mensaje {"x": 265.52, "y": 98.2, "yaw": 1.679, "timestamp": 1780403437.7753453}
2026-06-02 14:30:37.797 - [robot_6_log_20260602_143011.csv] - DEBUG - Posición actualizada por visión: x=265.52, y=98.20, θ=1.68
2026-06-02 14:30:37.797 - [robot_6_log_20260602_143011.csv] - DEBUG - Frecuencia: 88.89 Hz | Latencia Red/Proc: 22.08 ms
2026-06-02 14:30:37.797 - [robot_6_log_20260602_143011.csv] - DEBUG - Incoming data. Topic 6/pos, mensaje {"x": 265.52, "y": 98.2, "yaw": 1.679, "timestamp": 1780403437.7859492}
2026-06-02 14:30:37.797 - [robot_6_log_20260602_143011.csv] - DEBUG - Posición actualizada por visión: x=265.52, y=98.20, θ=1.68
2026-06-02 14:30:37.797 - [robot_6_log_20260602_143011.csv] - DEBUG - Frecuencia: 18236.10 Hz | Latencia Red/Proc: 11.53 ms
2026-06-02 14:30:37.802 - [robot_6_log_20260602_143011.csv] - DEBUG - Incoming data. Topic agent/6/wheel, mensaje {"Wleft":1.657007864e-15,"Wright":-3.719247132e-16}
2026-06-02 14:30:37.807 - [robot_6_log_20260602_143011.csv] - INFO - Usando posición VISION: x=265.52, y=98.20, θ=1.68
2026-06-02 14:30:37.807 - [robot_6_log_20260602_143011.csv] - INFO - Distancias a paredes: Left: 265.52, Right: 184.48, Top: 41.80, Bottom: 98.20
2026-06-02 14:30:37.807 - [robot_6_log_20260602_143011.csv] - INFO - Posicion: 265.52, 98.2, 1.679 | Velocidad: -0.9941516919105917, -0.10799265470997543
2026-06-02 14:30:37.807 - [robot_6_log_20260602_143011.csv] - INFO - None
2026-06-02 14:30:37.807 - [robot_6_log_20260602_143011.csv] - WARNING - Estado FSM: AVANZA | Target Wall: None | Target Theta: 0.00° |theta: 96.19961380246522 
2026-06-02 14:30:37.832 - [robot_6_log_20260602_143011.csv] - DEBUG - Incoming data. Topic 6/pos, mensaje {"x": 265.52, "y": 98.2, "yaw": 1.679, "timestamp": 1780403437.7859492}
2026-06-02 14:30:37.837 - [robot_6_log_20260602_143011.csv] - DEBUG - Posición actualizada por visión: x=265.52, y=98.20, θ=1.68
2026-06-02 14:30:37.837 - [robot_6_log_20260602_143011.csv] - DEBUG - Frecuencia: 25.19 Hz | Latencia Red/Proc: 51.23 ms
2026-06-02 14:30:37.857 - [robot_6_log_20260602_143011.csv] - INFO - Usando posición VISION: x=265.52, y=98.20, θ=1.68
2026-06-02 14:30:37.857 - [robot_6_log_20260602_143011.csv] - INFO - Distancias a paredes: Left: 265.52, Right: 184.48, Top: 41.80, Bottom: 98.20
2026-06-02 14:30:37.857 - [robot_6_log_20260602_143011.csv] - INFO - Posicion: 265.52, 98.2, 1.679 | Velocidad: -0.9941516919105917, -0.10799265470997543
2026-06-02 14:30:37.857 - [robot_6_log_20260602_143011.csv] - INFO - None
2026-06-02 14:30:37.857 - [robot_6_log_20260602_143011.csv] - WARNING - Estado FSM: AVANZA | Target Wall: None | Target Theta: 0.00° |theta: 96.19961380246522 
2026-06-02 14:30:37.881 - [robot_6_log_20260602_143011.csv] - DEBUG - Incoming data. Topic 6/pos, mensaje {"x": 265.48, "y": 98.22, "yaw": 1.673, "timestamp": 1780403437.8771029}
2026-06-02 14:30:37.892 - [robot_6_log_20260602_143011.csv] - DEBUG - Posición actualizada por visión: x=265.48, y=98.22, θ=1.67
2026-06-02 14:30:37.897 - [robot_6_log_20260602_143011.csv] - DEBUG - Frecuencia: 16.55 Hz | Latencia Red/Proc: 20.51 ms
2026-06-02 14:30:37.903 - [robot_6_log_20260602_143011.csv] - DEBUG - Incoming data. Topic 6/pos, mensaje {"x": 265.48, "y": 98.22, "yaw": 1.673, "timestamp": 1780403437.8771029}
2026-06-02 14:30:37.907 - [robot_6_log_20260602_143011.csv] - INFO - Usando posición VISION: x=265.48, y=98.22, θ=1.67
2026-06-02 14:30:37.907 - [robot_6_log_20260602_143011.csv] - DEBUG - Posición actualizada por visión: x=265.48, y=98.22, θ=1.67
2026-06-02 14:30:37.907 - [robot_6_log_20260602_143011.csv] - INFO - Distancias a paredes: Left: 265.48, Right: 184.52, Top: 41.78, Bottom: 98.22
2026-06-02 14:30:37.907 - [robot_6_log_20260602_143011.csv] - DEBUG - Frecuencia: 99.81 Hz | Latencia Red/Proc: 30.53 ms
2026-06-02 14:30:37.907 - [robot_6_log_20260602_143011.csv] - INFO - Posicion: 265.48, 98.22, 1.673 | Velocidad: -0.9947817492743527, -0.10202583648595517
2026-06-02 14:30:37.907 - [robot_6_log_20260602_143011.csv] - DEBUG - Incoming data. Topic 6/pos, mensaje {"x": 265.48, "y": 98.22, "yaw": 1.673, "timestamp": 1780403437.8861523}
2026-06-02 14:30:37.907 - [robot_6_log_20260602_143011.csv] - INFO - None
2026-06-02 14:30:37.907 - [robot_6_log_20260602_143011.csv] - DEBUG - Posición actualizada por visión: x=265.48, y=98.22, θ=1.67
2026-06-02 14:30:37.907 - [robot_6_log_20260602_143011.csv] - DEBUG - Frecuencia: 5533.38 Hz | Latencia Red/Proc: 21.66 ms
2026-06-02 14:30:37.907 - [robot_6_log_20260602_143011.csv] - WARNING - Estado FSM: AVANZA | Target Wall: None | Target Theta: 0.00° |theta: 95.85583912538672 
2026-06-02 14:30:37.912 - [robot_6_log_20260602_143011.csv] - DEBUG - Incoming data. Topic agent/6/wheel, mensaje {"Wleft":1.657007864e-15,"Wright":-3.719247132e-16}
2026-06-02 14:30:37.930 - [robot_6_log_20260602_143011.csv] - DEBUG - Incoming data. Topic 6/pos, mensaje {"x": 265.48, "y": 98.22, "yaw": 1.673, "timestamp": 1780403437.8861523}
2026-06-02 14:30:37.935 - [robot_6_log_20260602_143011.csv] - DEBUG - Posición actualizada por visión: x=265.48, y=98.22, θ=1.67
2026-06-02 14:30:37.941 - [robot_6_log_20260602_143011.csv] - DEBUG - Frecuencia: 29.52 Hz | Latencia Red/Proc: 55.54 ms
2026-06-02 14:30:37.957 - [robot_6_log_20260602_143011.csv] - INFO - Usando posición VISION: x=265.48, y=98.22, θ=1.67
2026-06-02 14:30:37.957 - [robot_6_log_20260602_143011.csv] - INFO - Distancias a paredes: Left: 265.48, Right: 184.52, Top: 41.78, Bottom: 98.22
2026-06-02 14:30:37.957 - [robot_6_log_20260602_143011.csv] - INFO - Posicion: 265.48, 98.22, 1.673 | Velocidad: -0.9947817492743527, -0.10202583648595517
2026-06-02 14:30:37.957 - [robot_6_log_20260602_143011.csv] - INFO - None
2026-06-02 14:30:37.957 - [robot_6_log_20260602_143011.csv] - WARNING - Estado FSM: AVANZA | Target Wall: None | Target Theta: 0.00° |theta: 95.85583912538672 
2026-06-02 14:30:37.976 - [robot_6_log_20260602_143011.csv] - DEBUG - Incoming data. Topic 6/pos, mensaje {"x": 265.47, "y": 98.24, "yaw": 1.674, "timestamp": 1780403437.9749901}
2026-06-02 14:30:37.981 - [robot_6_log_20260602_143011.csv] - DEBUG - Posición actualizada por visión: x=265.47, y=98.24, θ=1.67
2026-06-02 14:30:37.986 - [robot_6_log_20260602_143011.csv] - DEBUG - Frecuencia: 22.42 Hz | Latencia Red/Proc: 11.31 ms
2026-06-02 14:30:37.991 - [robot_6_log_20260602_143011.csv] - DEBUG - Incoming data. Topic 6/pos, mensaje {"x": 265.47, "y": 98.24, "yaw": 1.674, "timestamp": 1780403437.9749901}
2026-06-02 14:30:37.996 - [robot_6_log_20260602_143011.csv] - DEBUG - Posición actualizada por visión: x=265.47, y=98.24, θ=1.67
2026-06-02 14:30:38.001 - [robot_6_log_20260602_143011.csv] - DEBUG - Frecuencia: 64.92 Hz | Latencia Red/Proc: 26.71 ms
2026-06-02 14:30:38.001 - [robot_6_log_20260602_143011.csv] - DEBUG - Incoming data. Topic 6/pos, mensaje {"x": 265.47, "y": 98.24, "yaw": 1.674, "timestamp": 1780403437.9834156}
2026-06-02 14:30:38.001 - [robot_6_log_20260602_143011.csv] - DEBUG - Posición actualizada por visión: x=265.47, y=98.24, θ=1.67
2026-06-02 14:30:38.001 - [robot_6_log_20260602_143011.csv] - DEBUG - Frecuencia: 6087.52 Hz | Latencia Red/Proc: 18.45 ms
2026-06-02 14:30:38.006 - [robot_6_log_20260602_143011.csv] - DEBUG - Incoming data. Topic 6/pos, mensaje {"x": 265.47, "y": 98.24, "yaw": 1.674, "timestamp": 1780403437.9834156}
2026-06-02 14:30:38.007 - [robot_6_log_20260602_143011.csv] - DEBUG - Posición actualizada por visión: x=265.47, y=98.24, θ=1.67
2026-06-02 14:30:38.007 - [robot_6_log_20260602_143011.csv] - INFO - Usando posición VISION: x=265.47, y=98.24, θ=1.67
2026-06-02 14:30:38.007 - [robot_6_log_20260602_143011.csv] - DEBUG - Frecuencia: 175.40 Hz | Latencia Red/Proc: 24.15 ms
2026-06-02 14:30:38.007 - [robot_6_log_20260602_143011.csv] - INFO - Distancias a paredes: Left: 265.47, Right: 184.53, Top: 41.76, Bottom: 98.24
2026-06-02 14:30:38.007 - [robot_6_log_20260602_143011.csv] - INFO - Posicion: 265.47, 98.24, 1.674 | Velocidad: -0.9946792260640379, -0.10302056705651848
2026-06-02 14:30:38.007 - [robot_6_log_20260602_143011.csv] - INFO - None
2026-06-02 14:30:38.007 - [robot_6_log_20260602_143011.csv] - WARNING - Estado FSM: AVANZA | Target Wall: None | Target Theta: 0.00° |theta: 95.9131349048998 
2026-06-02 14:30:38.030 - [robot_6_log_20260602_143011.csv] - DEBUG - Incoming data. Topic agent/6/wheel, mensaje {"Wleft":1.657007864e-15,"Wright":-3.719247132e-16}
2026-06-02 14:30:38.057 - [robot_6_log_20260602_143011.csv] - INFO - Usando posición VISION: x=265.47, y=98.24, θ=1.67
2026-06-02 14:30:38.057 - [robot_6_log_20260602_143011.csv] - INFO - Distancias a paredes: Left: 265.47, Right: 184.53, Top: 41.76, Bottom: 98.24
2026-06-02 14:30:38.057 - [robot_6_log_20260602_143011.csv] - INFO - Posicion: 265.47, 98.24, 1.674 | Velocidad: -0.9946792260640379, -0.10302056705651848
2026-06-02 14:30:38.057 - [robot_6_log_20260602_143011.csv] - INFO - None
2026-06-02 14:30:38.057 - [robot_6_log_20260602_143011.csv] - WARNING - Estado FSM: AVANZA | Target Wall: None | Target Theta: 0.00° |theta: 95.9131349048998 
2026-06-02 14:30:38.086 - [robot_6_log_20260602_143011.csv] - DEBUG - Incoming data. Topic agent/6/wheel, mensaje {"Wleft":1.657007864e-15,"Wright":-3.719247132e-16}
2026-06-02 14:30:38.102 - [robot_6_log_20260602_143011.csv] - DEBUG - Incoming data. Topic 6/pos, mensaje {"x": 265.48, "y": 98.23, "yaw": 1.673, "timestamp": 1780403438.0773487}
2026-06-02 14:30:38.107 - [robot_6_log_20260602_143011.csv] - INFO - Usando posición VISION: x=265.47, y=98.24, θ=1.67
2026-06-02 14:30:38.107 - [robot_6_log_20260602_143011.csv] - DEBUG - Posición actualizada por visión: x=265.48, y=98.23, θ=1.67
2026-06-02 14:30:38.107 - [robot_6_log_20260602_143011.csv] - INFO - Distancias a paredes: Left: 265.47, Right: 184.53, Top: 41.76, Bottom: 98.24
2026-06-02 14:30:38.107 - [robot_6_log_20260602_143011.csv] - DEBUG - Frecuencia: 9.99 Hz | Latencia Red/Proc: 30.36 ms
2026-06-02 14:30:38.107 - [robot_6_log_20260602_143011.csv] - INFO - Posicion: 265.47, 98.24, 1.674 | Velocidad: -0.9946792260640379, -0.10302056705651848
2026-06-02 14:30:38.107 - [robot_6_log_20260602_143011.csv] - INFO - None
2026-06-02 14:30:38.107 - [robot_6_log_20260602_143011.csv] - DEBUG - Incoming data. Topic 6/pos, mensaje {"x": 265.48, "y": 98.23, "yaw": 1.673, "timestamp": 1780403438.0773487}
2026-06-02 14:30:38.107 - [robot_6_log_20260602_143011.csv] - WARNING - Estado FSM: AVANZA | Target Wall: None | Target Theta: 0.00° |theta: 95.9131349048998 
2026-06-02 14:30:38.107 - [robot_6_log_20260602_143011.csv] - DEBUG - Posición actualizada por visión: x=265.48, y=98.23, θ=1.67
2026-06-02 14:30:38.113 - [robot_6_log_20260602_143011.csv] - DEBUG - Frecuencia: 187.72 Hz | Latencia Red/Proc: 35.69 ms
2026-06-02 14:30:38.113 - [robot_6_log_20260602_143011.csv] - DEBUG - Incoming data. Topic 6/pos, mensaje {"x": 265.48, "y": 98.23, "yaw": 1.673, "timestamp": 1780403438.0883799}
2026-06-02 14:30:38.118 - [robot_6_log_20260602_143011.csv] - DEBUG - Posición actualizada por visión: x=265.48, y=98.23, θ=1.67
2026-06-02 14:30:38.118 - [robot_6_log_20260602_143011.csv] - DEBUG - Frecuencia: 193.77 Hz | Latencia Red/Proc: 29.82 ms
2026-06-02 14:30:38.129 - [robot_6_log_20260602_143011.csv] - DEBUG - Incoming data. Topic 6/pos, mensaje {"x": 265.48, "y": 98.23, "yaw": 1.673, "timestamp": 1780403438.0883799}
2026-06-02 14:30:38.129 - [robot_6_log_20260602_143011.csv] - DEBUG - Posición actualizada por visión: x=265.48, y=98.23, θ=1.67
2026-06-02 14:30:38.134 - [robot_6_log_20260602_143011.csv] - DEBUG - Frecuencia: 60.15 Hz | Latencia Red/Proc: 46.44 ms
2026-06-02 14:30:38.157 - [robot_6_log_20260602_143011.csv] - INFO - Usando posición VISION: x=265.48, y=98.23, θ=1.67
2026-06-02 14:30:38.157 - [robot_6_log_20260602_143011.csv] - INFO - Distancias a paredes: Left: 265.48, Right: 184.52, Top: 41.77, Bottom: 98.23
2026-06-02 14:30:38.157 - [robot_6_log_20260602_143011.csv] - INFO - Posicion: 265.48, 98.23, 1.673 | Velocidad: -0.9947817492743527, -0.10202583648595517
2026-06-02 14:30:38.157 - [robot_6_log_20260602_143011.csv] - INFO - None
2026-06-02 14:30:38.157 - [robot_6_log_20260602_143011.csv] - WARNING - Estado FSM: AVANZA | Target Wall: None | Target Theta: 0.00° |theta: 95.85583912538672 
2026-06-02 14:30:38.181 - [robot_6_log_20260602_143011.csv] - DEBUG - Incoming data. Topic 6/pos, mensaje {"x": 265.47, "y": 98.25, "yaw": 1.672, "timestamp": 1780403438.1760292}
2026-06-02 14:30:38.191 - [robot_6_log_20260602_143011.csv] - DEBUG - Posición actualizada por visión: x=265.47, y=98.25, θ=1.67
2026-06-02 14:30:38.191 - [robot_6_log_20260602_143011.csv] - DEBUG - Frecuencia: 17.50 Hz | Latencia Red/Proc: 15.94 ms
2026-06-02 14:30:38.198 - [robot_6_log_20260602_143011.csv] - DEBUG - Incoming data. Topic 6/pos, mensaje {"x": 265.47, "y": 98.25, "yaw": 1.672, "timestamp": 1780403438.1760292}
2026-06-02 14:30:38.198 - [robot_6_log_20260602_143011.csv] - DEBUG - Posición actualizada por visión: x=265.47, y=98.25, θ=1.67
2026-06-02 14:30:38.203 - [robot_6_log_20260602_143011.csv] - DEBUG - Frecuencia: 88.11 Hz | Latencia Red/Proc: 27.29 ms
2026-06-02 14:30:38.207 - [robot_6_log_20260602_143011.csv] - INFO - Usando posición VISION: x=265.47, y=98.25, θ=1.67
2026-06-02 14:30:38.207 - [robot_6_log_20260602_143011.csv] - DEBUG - Incoming data. Topic 6/pos, mensaje {"x": 265.47, "y": 98.25, "yaw": 1.672, "timestamp": 1780403438.1849709}
2026-06-02 14:30:38.207 - [robot_6_log_20260602_143011.csv] - INFO - Distancias a paredes: Left: 265.47, Right: 184.53, Top: 41.75, Bottom: 98.25
2026-06-02 14:30:38.207 - [robot_6_log_20260602_143011.csv] - DEBUG - Posición actualizada por visión: x=265.47, y=98.25, θ=1.67
2026-06-02 14:30:38.207 - [robot_6_log_20260602_143011.csv] - INFO - Posicion: 265.47, 98.25, 1.672 | Velocidad: -0.9948832777030012, -0.10103100388956367
2026-06-02 14:30:38.207 - [robot_6_log_20260602_143011.csv] - DEBUG - Frecuencia: 226.55 Hz | Latencia Red/Proc: 22.76 ms
2026-06-02 14:30:38.207 - [robot_6_log_20260602_143011.csv] - INFO - None
2026-06-02 14:30:38.207 - [robot_6_log_20260602_143011.csv] - DEBUG - Incoming data. Topic 6/pos, mensaje {"x": 265.47, "y": 98.25, "yaw": 1.672, "timestamp": 1780403438.1849709}
2026-06-02 14:30:38.207 - [robot_6_log_20260602_143011.csv] - WARNING - Estado FSM: AVANZA | Target Wall: None | Target Theta: 0.00° |theta: 95.79854334587364 
2026-06-02 14:30:38.207 - [robot_6_log_20260602_143011.csv] - DEBUG - Posición actualizada por visión: x=265.47, y=98.25, θ=1.67
2026-06-02 14:30:38.213 - [robot_6_log_20260602_143011.csv] - DEBUG - Frecuencia: 189.17 Hz | Latencia Red/Proc: 28.04 ms
2026-06-02 14:30:38.235 - [robot_6_log_20260602_143011.csv] - DEBUG - Incoming data. Topic agent/6/wheel, mensaje {"Wleft":1.657007864e-15,"Wright":-3.719247132e-16}
2026-06-02 14:30:38.257 - [robot_6_log_20260602_143011.csv] - INFO - Usando posición VISION: x=265.47, y=98.25, θ=1.67
2026-06-02 14:30:38.257 - [robot_6_log_20260602_143011.csv] - INFO - Distancias a paredes: Left: 265.47, Right: 184.53, Top: 41.75, Bottom: 98.25
2026-06-02 14:30:38.257 - [robot_6_log_20260602_143011.csv] - INFO - Posicion: 265.47, 98.25, 1.672 | Velocidad: -0.9948832777030012, -0.10103100388956367
2026-06-02 14:30:38.257 - [robot_6_log_20260602_143011.csv] - INFO - None
2026-06-02 14:30:38.257 - [robot_6_log_20260602_143011.csv] - WARNING - Estado FSM: AVANZA | Target Wall: None | Target Theta: 0.00° |theta: 95.79854334587364 
2026-06-02 14:30:38.287 - [robot_6_log_20260602_143011.csv] - DEBUG - Incoming data. Topic 6/pos, mensaje {"x": 265.49, "y": 98.25, "yaw": 1.666, "timestamp": 1780403438.2762856}
2026-06-02 14:30:38.298 - [robot_6_log_20260602_143011.csv] - DEBUG - Posición actualizada por visión: x=265.49, y=98.25, θ=1.67
2026-06-02 14:30:38.307 - [robot_6_log_20260602_143011.csv] - DEBUG - Frecuencia: 10.57 Hz | Latencia Red/Proc: 31.31 ms
2026-06-02 14:30:38.307 - [robot_6_log_20260602_143011.csv] - DEBUG - Incoming data. Topic 6/pos, mensaje {"x": 265.49, "y": 98.25, "yaw": 1.666, "timestamp": 1780403438.2762856}
2026-06-02 14:30:38.307 - [robot_6_log_20260602_143011.csv] - DEBUG - Posición actualizada por visión: x=265.49, y=98.25, θ=1.67
2026-06-02 14:30:38.307 - [robot_6_log_20260602_143011.csv] - INFO - Usando posición VISION: x=265.49, y=98.25, θ=1.67
2026-06-02 14:30:38.307 - [robot_6_log_20260602_143011.csv] - DEBUG - Frecuencia: 5629.94 Hz | Latencia Red/Proc: 31.49 ms
2026-06-02 14:30:38.307 - [robot_6_log_20260602_143011.csv] - DEBUG - Incoming data. Topic 6/pos, mensaje {"x": 265.49, "y": 98.25, "yaw": 1.666, "timestamp": 1780403438.2874901}
2026-06-02 14:30:38.307 - [robot_6_log_20260602_143011.csv] - DEBUG - Posición actualizada por visión: x=265.49, y=98.25, θ=1.67
2026-06-02 14:30:38.307 - [robot_6_log_20260602_143011.csv] - INFO - Distancias a paredes: Left: 265.49, Right: 184.51, Top: 41.75, Bottom: 98.25
2026-06-02 14:30:38.308 - [robot_6_log_20260602_143011.csv] - DEBUG - Frecuencia: 4433.73 Hz | Latencia Red/Proc: 20.51 ms
2026-06-02 14:30:38.308 - [robot_6_log_20260602_143011.csv] - INFO - Posicion: 265.49, 98.25, 1.666 | Velocidad: -0.995471552243954, -0.09505992148646485
2026-06-02 14:30:38.308 - [robot_6_log_20260602_143011.csv] - INFO - None
2026-06-02 14:30:38.308 - [robot_6_log_20260602_143011.csv] - DEBUG - Incoming data. Topic agent/6/wheel, mensaje {"Wleft":1.657007864e-15,"Wright":-3.719247132e-16}
2026-06-02 14:30:38.308 - [robot_6_log_20260602_143011.csv] - WARNING - Estado FSM: AVANZA | Target Wall: None | Target Theta: 0.00° |theta: 95.45476866879514 
2026-06-02 14:30:38.353 - [robot_6_log_20260602_143011.csv] - DEBUG - Incoming data. Topic 6/pos, mensaje {"x": 265.49, "y": 98.25, "yaw": 1.666, "timestamp": 1780403438.2874901}
2026-06-02 14:30:38.357 - [robot_6_log_20260602_143011.csv] - INFO - Usando posición VISION: x=265.49, y=98.25, θ=1.67
2026-06-02 14:30:38.357 - [robot_6_log_20260602_143011.csv] - DEBUG - Posición actualizada por visión: x=265.49, y=98.25, θ=1.67
2026-06-02 14:30:38.357 - [robot_6_log_20260602_143011.csv] - INFO - Distancias a paredes: Left: 265.49, Right: 184.51, Top: 41.75, Bottom: 98.25
2026-06-02 14:30:38.357 - [robot_6_log_20260602_143011.csv] - DEBUG - Frecuencia: 20.14 Hz | Latencia Red/Proc: 70.16 ms
2026-06-02 14:30:38.357 - [robot_6_log_20260602_143011.csv] - INFO - Posicion: 265.49, 98.25, 1.666 | Velocidad: -0.995471552243954, -0.09505992148646485
2026-06-02 14:30:38.357 - [robot_6_log_20260602_143011.csv] - INFO - None
2026-06-02 14:30:38.357 - [robot_6_log_20260602_143011.csv] - WARNING - Estado FSM: AVANZA | Target Wall: None | Target Theta: 0.00° |theta: 95.45476866879514 
2026-06-02 14:30:38.381 - [robot_6_log_20260602_143011.csv] - DEBUG - Incoming data. Topic 6/pos, mensaje {"x": 265.52, "y": 98.19, "yaw": 1.679, "timestamp": 1780403438.3754182}
2026-06-02 14:30:38.381 - [robot_6_log_20260602_143011.csv] - DEBUG - Posición actualizada por visión: x=265.52, y=98.19, θ=1.68
2026-06-02 14:30:38.381 - [robot_6_log_20260602_143011.csv] - DEBUG - Frecuencia: 42.42 Hz | Latencia Red/Proc: 5.81 ms
2026-06-02 14:30:38.386 - [robot_6_log_20260602_143011.csv] - DEBUG - Incoming data. Topic 6/pos, mensaje {"x": 265.52, "y": 98.19, "yaw": 1.679, "timestamp": 1780403438.3754182}
2026-06-02 14:30:38.386 - [robot_6_log_20260602_143011.csv] - DEBUG - Posición actualizada por visión: x=265.52, y=98.19, θ=1.68
2026-06-02 14:30:38.386 - [robot_6_log_20260602_143011.csv] - DEBUG - Frecuencia: 191.13 Hz | Latencia Red/Proc: 11.04 ms
2026-06-02 14:30:38.406 - [robot_6_log_20260602_143011.csv] - DEBUG - Incoming data. Topic 6/pos, mensaje {"x": 265.52, "y": 98.19, "yaw": 1.679, "timestamp": 1780403438.3838365}
2026-06-02 14:30:38.407 - [robot_6_log_20260602_143011.csv] - INFO - Usando posición VISION: x=265.52, y=98.19, θ=1.68
2026-06-02 14:30:38.407 - [robot_6_log_20260602_143011.csv] - INFO - Distancias a paredes: Left: 265.52, Right: 184.48, Top: 41.81, Bottom: 98.19
2026-06-02 14:30:38.407 - [robot_6_log_20260602_143011.csv] - INFO - Posicion: 265.52, 98.19, 1.679 | Velocidad: -0.9941516919105917, -0.10799265470997543
2026-06-02 14:30:38.407 - [robot_6_log_20260602_143011.csv] - INFO - None
2026-06-02 14:30:38.407 - [robot_6_log_20260602_143011.csv] - DEBUG - Posición actualizada por visión: x=265.52, y=98.19, θ=1.68
2026-06-02 14:30:38.407 - [robot_6_log_20260602_143011.csv] - WARNING - Estado FSM: AVANZA | Target Wall: None | Target Theta: 0.00° |theta: 96.19961380246522 
2026-06-02 14:30:38.407 - [robot_6_log_20260602_143011.csv] - DEBUG - Frecuencia: 46.77 Hz | Latencia Red/Proc: 24.00 ms
2026-06-02 14:30:38.428 - [robot_6_log_20260602_143011.csv] - DEBUG - Incoming data. Topic 6/pos, mensaje {"x": 265.52, "y": 98.19, "yaw": 1.679, "timestamp": 1780403438.3838365}
2026-06-02 14:30:38.433 - [robot_6_log_20260602_143011.csv] - DEBUG - Posición actualizada por visión: x=265.52, y=98.19, θ=1.68
2026-06-02 14:30:38.433 - [robot_6_log_20260602_143011.csv] - DEBUG - Frecuencia: 39.29 Hz | Latencia Red/Proc: 49.46 ms
2026-06-02 14:30:38.444 - [robot_6_log_20260602_143011.csv] - DEBUG - Incoming data. Topic agent/6/wheel, mensaje {"Wleft":1.657007864e-15,"Wright":-3.719247132e-16}
2026-06-02 14:30:38.457 - [robot_6_log_20260602_143011.csv] - INFO - Usando posición VISION: x=265.52, y=98.19, θ=1.68
2026-06-02 14:30:38.457 - [robot_6_log_20260602_143011.csv] - INFO - Distancias a paredes: Left: 265.52, Right: 184.48, Top: 41.81, Bottom: 98.19
2026-06-02 14:30:38.457 - [robot_6_log_20260602_143011.csv] - INFO - Posicion: 265.52, 98.19, 1.679 | Velocidad: -0.9941516919105917, -0.10799265470997543
2026-06-02 14:30:38.457 - [robot_6_log_20260602_143011.csv] - INFO - None
2026-06-02 14:30:38.457 - [robot_6_log_20260602_143011.csv] - WARNING - Estado FSM: AVANZA | Target Wall: None | Target Theta: 0.00° |theta: 96.19961380246522 
2026-06-02 14:30:38.482 - [robot_6_log_20260602_143011.csv] - DEBUG - Incoming data. Topic 6/pos, mensaje {"x": 265.48, "y": 98.23, "yaw": 1.676, "timestamp": 1780403438.4785426}
2026-06-02 14:30:38.487 - [robot_6_log_20260602_143011.csv] - DEBUG - Posición actualizada por visión: x=265.48, y=98.23, θ=1.68
2026-06-02 14:30:38.493 - [robot_6_log_20260602_143011.csv] - DEBUG - Frecuencia: 16.57 Hz | Latencia Red/Proc: 15.11 ms
2026-06-02 14:30:38.493 - [robot_6_log_20260602_143011.csv] - DEBUG - Incoming data. Topic 6/pos, mensaje {"x": 265.48, "y": 98.23, "yaw": 1.676, "timestamp": 1780403438.4785426}
2026-06-02 14:30:38.493 - [robot_6_log_20260602_143011.csv] - DEBUG - Posición actualizada por visión: x=265.48, y=98.23, θ=1.68
2026-06-02 14:30:38.493 - [robot_6_log_20260602_143011.csv] - DEBUG - Frecuencia: 12710.01 Hz | Latencia Red/Proc: 15.19 ms
2026-06-02 14:30:38.493 - [robot_6_log_20260602_143011.csv] - DEBUG - Incoming data. Topic 6/pos, mensaje {"x": 265.48, "y": 98.23, "yaw": 1.676, "timestamp": 1780403438.490097}
2026-06-02 14:30:38.493 - [robot_6_log_20260602_143011.csv] - DEBUG - Posición actualizada por visión: x=265.48, y=98.23, θ=1.68
2026-06-02 14:30:38.493 - [robot_6_log_20260602_143011.csv] - DEBUG - Frecuencia: 22795.13 Hz | Latencia Red/Proc: 3.68 ms
2026-06-02 14:30:38.493 - [robot_6_log_20260602_143011.csv] - DEBUG - Incoming data. Topic 6/pos, mensaje {"x": 265.48, "y": 98.23, "yaw": 1.676, "timestamp": 1780403438.490097}
2026-06-02 14:30:38.493 - [robot_6_log_20260602_143011.csv] - DEBUG - Posición actualizada por visión: x=265.48, y=98.23, θ=1.68
2026-06-02 14:30:38.493 - [robot_6_log_20260602_143011.csv] - DEBUG - Frecuencia: 30174.85 Hz | Latencia Red/Proc: 3.71 ms
2026-06-02 14:30:38.507 - [robot_6_log_20260602_143011.csv] - INFO - Usando posición VISION: x=265.48, y=98.23, θ=1.68
2026-06-02 14:30:38.507 - [robot_6_log_20260602_143011.csv] - INFO - Distancias a paredes: Left: 265.48, Right: 184.52, Top: 41.77, Bottom: 98.23
2026-06-02 14:30:38.507 - [robot_6_log_20260602_143011.csv] - INFO - Posicion: 265.48, 98.23, 1.676 | Velocidad: -0.9944711957094966, -0.10500971814134243
2026-06-02 14:30:38.507 - [robot_6_log_20260602_143011.csv] - INFO - None
2026-06-02 14:30:38.507 - [robot_6_log_20260602_143011.csv] - WARNING - Estado FSM: AVANZA | Target Wall: None | Target Theta: 0.00° |theta: 96.02772646392597 
2026-06-02 14:30:38.532 - [robot_6_log_20260602_143011.csv] - DEBUG - Incoming data. Topic agent/6/wheel, mensaje {"Wleft":1.657007864e-15,"Wright":-3.719247132e-16}
2026-06-02 14:30:38.557 - [robot_6_log_20260602_143011.csv] - INFO - Usando posición VISION: x=265.48, y=98.23, θ=1.68
2026-06-02 14:30:38.557 - [robot_6_log_20260602_143011.csv] - INFO - Distancias a paredes: Left: 265.48, Right: 184.52, Top: 41.77, Bottom: 98.23
2026-06-02 14:30:38.557 - [robot_6_log_20260602_143011.csv] - INFO - Posicion: 265.48, 98.23, 1.676 | Velocidad: -0.9944711957094966, -0.10500971814134243
2026-06-02 14:30:38.557 - [robot_6_log_20260602_143011.csv] - INFO - None
2026-06-02 14:30:38.557 - [robot_6_log_20260602_143011.csv] - WARNING - Estado FSM: AVANZA | Target Wall: None | Target Theta: 0.00° |theta: 96.02772646392597 
2026-06-02 14:30:38.582 - [robot_6_log_20260602_143011.csv] - DEBUG - Incoming data. Topic 6/pos, mensaje {"x": 265.5, "y": 98.23, "yaw": 1.671, "timestamp": 1780403438.5794895}
2026-06-02 14:30:38.587 - [robot_6_log_20260602_143011.csv] - DEBUG - Posición actualizada por visión: x=265.50, y=98.23, θ=1.67
2026-06-02 14:30:38.593 - [robot_6_log_20260602_143011.csv] - DEBUG - Frecuencia: 10.03 Hz | Latencia Red/Proc: 14.06 ms
2026-06-02 14:30:38.607 - [robot_6_log_20260602_143011.csv] - DEBUG - Incoming data. Topic 6/pos, mensaje {"x": 265.5, "y": 98.23, "yaw": 1.671, "timestamp": 1780403438.5794895}
2026-06-02 14:30:38.607 - [robot_6_log_20260602_143011.csv] - DEBUG - Posición actualizada por visión: x=265.50, y=98.23, θ=1.67
2026-06-02 14:30:38.607 - [robot_6_log_20260602_143011.csv] - DEBUG - Frecuencia: 70.50 Hz | Latencia Red/Proc: 28.24 ms
2026-06-02 14:30:38.607 - [robot_6_log_20260602_143011.csv] - INFO - Usando posición VISION: x=265.50, y=98.23, θ=1.67
2026-06-02 14:30:38.607 - [robot_6_log_20260602_143011.csv] - DEBUG - Incoming data. Topic 6/pos, mensaje {"x": 265.5, "y": 98.23, "yaw": 1.671, "timestamp": 1780403438.5908582}
2026-06-02 14:30:38.607 - [robot_6_log_20260602_143011.csv] - DEBUG - Posición actualizada por visión: x=265.50, y=98.23, θ=1.67
2026-06-02 14:30:38.607 - [robot_6_log_20260602_143011.csv] - DEBUG - Frecuencia: 4240.95 Hz | Latencia Red/Proc: 17.11 ms
2026-06-02 14:30:38.607 - [robot_6_log_20260602_143011.csv] - DEBUG - Incoming data. Topic agent/6/wheel, mensaje {"Wleft":1.657007864e-15,"Wright":-3.719247132e-16}
2026-06-02 14:30:38.607 - [robot_6_log_20260602_143011.csv] - INFO - Distancias a paredes: Left: 265.50, Right: 184.50, Top: 41.77, Bottom: 98.23
2026-06-02 14:30:38.608 - [robot_6_log_20260602_143011.csv] - INFO - Posicion: 265.5, 98.23, 1.671 | Velocidad: -0.9949838112484548, -0.10003607026217691
2026-06-02 14:30:38.608 - [robot_6_log_20260602_143011.csv] - INFO - None
2026-06-02 14:30:38.608 - [robot_6_log_20260602_143011.csv] - WARNING - Estado FSM: AVANZA | Target Wall: None | Target Theta: 0.00° |theta: 95.74124756636057 
2026-06-02 14:30:38.632 - [robot_6_log_20260602_143011.csv] - DEBUG - Incoming data. Topic 6/pos, mensaje {"x": 265.5, "y": 98.23, "yaw": 1.671, "timestamp": 1780403438.5908582}
2026-06-02 14:30:38.637 - [robot_6_log_20260602_143011.csv] - DEBUG - Posición actualizada por visión: x=265.50, y=98.23, θ=1.67
2026-06-02 14:30:38.643 - [robot_6_log_20260602_143011.csv] - DEBUG - Frecuencia: 28.07 Hz | Latencia Red/Proc: 52.74 ms
2026-06-02 14:30:38.657 - [robot_6_log_20260602_143011.csv] - INFO - Usando posición VISION: x=265.50, y=98.23, θ=1.67
2026-06-02 14:30:38.657 - [robot_6_log_20260602_143011.csv] - INFO - Distancias a paredes: Left: 265.50, Right: 184.50, Top: 41.77, Bottom: 98.23
2026-06-02 14:30:38.657 - [robot_6_log_20260602_143011.csv] - INFO - Posicion: 265.5, 98.23, 1.671 | Velocidad: -0.9949838112484548, -0.10003607026217691
2026-06-02 14:30:38.657 - [robot_6_log_20260602_143011.csv] - INFO - None
2026-06-02 14:30:38.657 - [robot_6_log_20260602_143011.csv] - WARNING - Estado FSM: AVANZA | Target Wall: None | Target Theta: 0.00° |theta: 95.74124756636057 
2026-06-02 14:30:38.682 - [robot_6_log_20260602_143011.csv] - DEBUG - Incoming data. Topic 6/pos, mensaje {"x": 265.51, "y": 98.2, "yaw": 1.679, "timestamp": 1780403438.6800704}
2026-06-02 14:30:38.687 - [robot_6_log_20260602_143011.csv] - DEBUG - Posición actualizada por visión: x=265.51, y=98.20, θ=1.68
2026-06-02 14:30:38.692 - [robot_6_log_20260602_143011.csv] - DEBUG - Frecuencia: 20.40 Hz | Latencia Red/Proc: 12.55 ms
2026-06-02 14:30:38.703 - [robot_6_log_20260602_143011.csv] - DEBUG - Incoming data. Topic 6/pos, mensaje {"x": 265.51, "y": 98.2, "yaw": 1.679, "timestamp": 1780403438.6800704}
2026-06-02 14:30:38.703 - [robot_6_log_20260602_143011.csv] - DEBUG - Posición actualizada por visión: x=265.51, y=98.20, θ=1.68
2026-06-02 14:30:38.707 - [robot_6_log_20260602_143011.csv] - INFO - Usando posición VISION: x=265.51, y=98.20, θ=1.68
2026-06-02 14:30:38.707 - [robot_6_log_20260602_143011.csv] - DEBUG - Frecuencia: 66.76 Hz | Latencia Red/Proc: 27.53 ms
2026-06-02 14:30:38.707 - [robot_6_log_20260602_143011.csv] - DEBUG - Incoming data. Topic 6/pos, mensaje {"x": 265.51, "y": 98.2, "yaw": 1.679, "timestamp": 1780403438.6911654}
2026-06-02 14:30:38.707 - [robot_6_log_20260602_143011.csv] - DEBUG - Posición actualizada por visión: x=265.51, y=98.20, θ=1.68
2026-06-02 14:30:38.707 - [robot_6_log_20260602_143011.csv] - INFO - Distancias a paredes: Left: 265.51, Right: 184.49, Top: 41.80, Bottom: 98.20
2026-06-02 14:30:38.707 - [robot_6_log_20260602_143011.csv] - DEBUG - Frecuencia: 3111.50 Hz | Latencia Red/Proc: 16.76 ms
2026-06-02 14:30:38.708 - [robot_6_log_20260602_143011.csv] - DEBUG - Incoming data. Topic 6/pos, mensaje {"x": 265.51, "y": 98.2, "yaw": 1.679, "timestamp": 1780403438.6911654}
2026-06-02 14:30:38.708 - [robot_6_log_20260602_143011.csv] - DEBUG - Posición actualizada por visión: x=265.51, y=98.20, θ=1.68
2026-06-02 14:30:38.707 - [robot_6_log_20260602_143011.csv] - INFO - Posicion: 265.51, 98.2, 1.679 | Velocidad: -0.9941516919105917, -0.10799265470997543
2026-06-02 14:30:38.708 - [robot_6_log_20260602_143011.csv] - DEBUG - Frecuencia: 6423.13 Hz | Latencia Red/Proc: 16.92 ms
2026-06-02 14:30:38.708 - [robot_6_log_20260602_143011.csv] - INFO - None
2026-06-02 14:30:38.708 - [robot_6_log_20260602_143011.csv] - WARNING - Estado FSM: AVANZA | Target Wall: None | Target Theta: 0.00° |theta: 96.19961380246522 
2026-06-02 14:30:38.732 - [robot_6_log_20260602_143011.csv] - DEBUG - Incoming data. Topic agent/6/wheel, mensaje {"Wleft":1.657007864e-15,"Wright":-3.719247132e-16}
2026-06-02 14:30:38.757 - [robot_6_log_20260602_143011.csv] - INFO - Usando posición VISION: x=265.51, y=98.20, θ=1.68
2026-06-02 14:30:38.757 - [robot_6_log_20260602_143011.csv] - INFO - Distancias a paredes: Left: 265.51, Right: 184.49, Top: 41.80, Bottom: 98.20
2026-06-02 14:30:38.757 - [robot_6_log_20260602_143011.csv] - INFO - Posicion: 265.51, 98.2, 1.679 | Velocidad: -0.9941516919105917, -0.10799265470997543
2026-06-02 14:30:38.757 - [robot_6_log_20260602_143011.csv] - INFO - None
2026-06-02 14:30:38.757 - [robot_6_log_20260602_143011.csv] - WARNING - Estado FSM: AVANZA | Target Wall: None | Target Theta: 0.00° |theta: 96.19961380246522 
2026-06-02 14:30:38.787 - [robot_6_log_20260602_143011.csv] - DEBUG - Incoming data. Topic 6/pos, mensaje {"x": 265.48, "y": 98.21, "yaw": 1.674, "timestamp": 1780403438.7815557}
2026-06-02 14:30:38.787 - [robot_6_log_20260602_143011.csv] - DEBUG - Posición actualizada por visión: x=265.48, y=98.21, θ=1.67
2026-06-02 14:30:38.787 - [robot_6_log_20260602_143011.csv] - DEBUG - Frecuencia: 12.63 Hz | Latencia Red/Proc: 5.72 ms
2026-06-02 14:30:38.787 - [robot_6_log_20260602_143011.csv] - DEBUG - Incoming data. Topic 6/pos, mensaje {"x": 265.48, "y": 98.21, "yaw": 1.674, "timestamp": 1780403438.7815557}
2026-06-02 14:30:38.787 - [robot_6_log_20260602_143011.csv] - DEBUG - Posición actualizada por visión: x=265.48, y=98.21, θ=1.67
2026-06-02 14:30:38.793 - [robot_6_log_20260602_143011.csv] - DEBUG - Frecuencia: 160.17 Hz | Latencia Red/Proc: 11.96 ms
2026-06-02 14:30:38.798 - [robot_6_log_20260602_143011.csv] - DEBUG - Incoming data. Topic 6/pos, mensaje {"x": 265.48, "y": 98.21, "yaw": 1.674, "timestamp": 1780403438.7918198}
2026-06-02 14:30:38.804 - [robot_6_log_20260602_143011.csv] - DEBUG - Posición actualizada por visión: x=265.48, y=98.21, θ=1.67
2026-06-02 14:30:38.804 - [robot_6_log_20260602_143011.csv] - DEBUG - Frecuencia: 87.39 Hz | Latencia Red/Proc: 13.14 ms
2026-06-02 14:30:38.807 - [robot_6_log_20260602_143011.csv] - INFO - Usando posición VISION: x=265.48, y=98.21, θ=1.67
2026-06-02 14:30:38.807 - [robot_6_log_20260602_143011.csv] - DEBUG - Incoming data. Topic 6/pos, mensaje {"x": 265.48, "y": 98.21, "yaw": 1.674, "timestamp": 1780403438.7918198}
2026-06-02 14:30:38.807 - [robot_6_log_20260602_143011.csv] - INFO - Distancias a paredes: Left: 265.48, Right: 184.52, Top: 41.79, Bottom: 98.21
2026-06-02 14:30:38.807 - [robot_6_log_20260602_143011.csv] - DEBUG - Posición actualizada por visión: x=265.48, y=98.21, θ=1.67
2026-06-02 14:30:38.807 - [robot_6_log_20260602_143011.csv] - INFO - Posicion: 265.48, 98.21, 1.674 | Velocidad: -0.9946792260640379, -0.10302056705651848
2026-06-02 14:30:38.807 - [robot_6_log_20260602_143011.csv] - DEBUG - Frecuencia: 353.03 Hz | Latencia Red/Proc: 15.97 ms
2026-06-02 14:30:38.807 - [robot_6_log_20260602_143011.csv] - INFO - None
2026-06-02 14:30:38.807 - [robot_6_log_20260602_143011.csv] - WARNING - Estado FSM: AVANZA | Target Wall: None | Target Theta: 0.00° |theta: 95.9131349048998 
2026-06-02 14:30:38.848 - [robot_6_log_20260602_143011.csv] - DEBUG - Incoming data. Topic agent/6/wheel, mensaje {"Wleft":1.657007864e-15,"Wright":-3.719247132e-16}
2026-06-02 14:30:38.857 - [robot_6_log_20260602_143011.csv] - INFO - Usando posición VISION: x=265.48, y=98.21, θ=1.67
2026-06-02 14:30:38.857 - [robot_6_log_20260602_143011.csv] - INFO - Distancias a paredes: Left: 265.48, Right: 184.52, Top: 41.79, Bottom: 98.21
2026-06-02 14:30:38.857 - [robot_6_log_20260602_143011.csv] - INFO - Posicion: 265.48, 98.21, 1.674 | Velocidad: -0.9946792260640379, -0.10302056705651848
2026-06-02 14:30:38.857 - [robot_6_log_20260602_143011.csv] - INFO - None
2026-06-02 14:30:38.857 - [robot_6_log_20260602_143011.csv] - WARNING - Estado FSM: AVANZA | Target Wall: None | Target Theta: 0.00° |theta: 95.9131349048998 
2026-06-02 14:30:38.882 - [robot_6_log_20260602_143011.csv] - DEBUG - Incoming data. Topic 6/pos, mensaje {"x": 265.52, "y": 98.2, "yaw": 1.679, "timestamp": 1780403438.8777368}
2026-06-02 14:30:38.887 - [robot_6_log_20260602_143011.csv] - DEBUG - Posición actualizada por visión: x=265.52, y=98.20, θ=1.68
2026-06-02 14:30:38.892 - [robot_6_log_20260602_143011.csv] - DEBUG - Frecuencia: 11.81 Hz | Latencia Red/Proc: 14.76 ms
2026-06-02 14:30:38.907 - [robot_6_log_20260602_143011.csv] - INFO - Usando posición VISION: x=265.52, y=98.20, θ=1.68
2026-06-02 14:30:38.907 - [robot_6_log_20260602_143011.csv] - DEBUG - Incoming data. Topic 6/pos, mensaje {"x": 265.52, "y": 98.2, "yaw": 1.679, "timestamp": 1780403438.8777368}
2026-06-02 14:30:38.907 - [robot_6_log_20260602_143011.csv] - INFO - Distancias a paredes: Left: 265.52, Right: 184.48, Top: 41.80, Bottom: 98.20
2026-06-02 14:30:38.907 - [robot_6_log_20260602_143011.csv] - DEBUG - Posición actualizada por visión: x=265.52, y=98.20, θ=1.68
2026-06-02 14:30:38.907 - [robot_6_log_20260602_143011.csv] - INFO - Posicion: 265.52, 98.2, 1.679 | Velocidad: -0.9941516919105917, -0.10799265470997543
2026-06-02 14:30:38.907 - [robot_6_log_20260602_143011.csv] - DEBUG - Frecuencia: 65.47 Hz | Latencia Red/Proc: 30.03 ms
2026-06-02 14:30:38.907 - [robot_6_log_20260602_143011.csv] - INFO - None
2026-06-02 14:30:38.907 - [robot_6_log_20260602_143011.csv] - DEBUG - Incoming data. Topic 6/pos, mensaje {"x": 265.52, "y": 98.2, "yaw": 1.679, "timestamp": 1780403438.8884237}
2026-06-02 14:30:38.907 - [robot_6_log_20260602_143011.csv] - WARNING - Estado FSM: AVANZA | Target Wall: None | Target Theta: 0.00° |theta: 96.19961380246522 
2026-06-02 14:30:38.907 - [robot_6_log_20260602_143011.csv] - DEBUG - Posición actualizada por visión: x=265.52, y=98.20, θ=1.68
2026-06-02 14:30:38.913 - [robot_6_log_20260602_143011.csv] - DEBUG - Frecuencia: 188.52 Hz | Latencia Red/Proc: 24.65 ms
2026-06-02 14:30:38.918 - [robot_6_log_20260602_143011.csv] - DEBUG - Incoming data. Topic 6/pos, mensaje {"x": 265.52, "y": 98.2, "yaw": 1.679, "timestamp": 1780403438.8884237}
2026-06-02 14:30:38.918 - [robot_6_log_20260602_143011.csv] - DEBUG - Posición actualizada por visión: x=265.52, y=98.20, θ=1.68
2026-06-02 14:30:38.923 - [robot_6_log_20260602_143011.csv] - DEBUG - Frecuencia: 97.58 Hz | Latencia Red/Proc: 34.90 ms
2026-06-02 14:30:38.934 - [robot_6_log_20260602_143011.csv] - DEBUG - Incoming data. Topic agent/6/wheel, mensaje {"Wleft":1.657007864e-15,"Wright":-3.719247132e-16}
2026-06-02 14:30:38.957 - [robot_6_log_20260602_143011.csv] - INFO - Usando posición VISION: x=265.52, y=98.20, θ=1.68
2026-06-02 14:30:38.957 - [robot_6_log_20260602_143011.csv] - INFO - Distancias a paredes: Left: 265.52, Right: 184.48, Top: 41.80, Bottom: 98.20
2026-06-02 14:30:38.957 - [robot_6_log_20260602_143011.csv] - INFO - Posicion: 265.52, 98.2, 1.679 | Velocidad: -0.9941516919105917, -0.10799265470997543
2026-06-02 14:30:38.957 - [robot_6_log_20260602_143011.csv] - INFO - None
2026-06-02 14:30:38.957 - [robot_6_log_20260602_143011.csv] - WARNING - Estado FSM: AVANZA | Target Wall: None | Target Theta: 0.00° |theta: 96.19961380246522 
2026-06-02 14:30:38.992 - [robot_6_log_20260602_143011.csv] - DEBUG - Incoming data. Topic 6/pos, mensaje {"x": 265.47, "y": 98.24, "yaw": 1.674, "timestamp": 1780403438.9823644}
2026-06-02 14:30:38.997 - [robot_6_log_20260602_143011.csv] - DEBUG - Posición actualizada por visión: x=265.47, y=98.24, θ=1.67
2026-06-02 14:30:38.997 - [robot_6_log_20260602_143011.csv] - DEBUG - Frecuencia: 13.41 Hz | Latencia Red/Proc: 15.55 ms
2026-06-02 14:30:38.997 - [robot_6_log_20260602_143011.csv] - DEBUG - Incoming data. Topic 6/pos, mensaje {"x": 265.47, "y": 98.24, "yaw": 1.674, "timestamp": 1780403438.9823644}
2026-06-02 14:30:38.998 - [robot_6_log_20260602_143011.csv] - DEBUG - Posición actualizada por visión: x=265.47, y=98.24, θ=1.67
2026-06-02 14:30:38.998 - [robot_6_log_20260602_143011.csv] - DEBUG - Frecuencia: 9137.92 Hz | Latencia Red/Proc: 15.66 ms
2026-06-02 14:30:38.998 - [robot_6_log_20260602_143011.csv] - DEBUG - Incoming data. Topic 6/pos, mensaje {"x": 265.47, "y": 98.24, "yaw": 1.674, "timestamp": 1780403438.9946086}
2026-06-02 14:30:38.998 - [robot_6_log_20260602_143011.csv] - DEBUG - Posición actualizada por visión: x=265.47, y=98.24, θ=1.67
2026-06-02 14:30:38.998 - [robot_6_log_20260602_143011.csv] - DEBUG - Frecuencia: 11715.93 Hz | Latencia Red/Proc: 3.50 ms
2026-06-02 14:30:39.007 - [robot_6_log_20260602_143011.csv] - INFO - Usando posición VISION: x=265.47, y=98.24, θ=1.67
2026-06-02 14:30:39.007 - [robot_6_log_20260602_143011.csv] - INFO - Distancias a paredes: Left: 265.47, Right: 184.53, Top: 41.76, Bottom: 98.24
2026-06-02 14:30:39.007 - [robot_6_log_20260602_143011.csv] - INFO - Posicion: 265.47, 98.24, 1.674 | Velocidad: -0.9946792260640379, -0.10302056705651848
2026-06-02 14:30:39.007 - [robot_6_log_20260602_143011.csv] - DEBUG - Incoming data. Topic 6/pos, mensaje {"x": 265.47, "y": 98.24, "yaw": 1.674, "timestamp": 1780403438.9946086}
2026-06-02 14:30:39.007 - [robot_6_log_20260602_143011.csv] - INFO - None
2026-06-02 14:30:39.007 - [robot_6_log_20260602_143011.csv] - DEBUG - Posición actualizada por visión: x=265.47, y=98.24, θ=1.67
2026-06-02 14:30:39.008 - [robot_6_log_20260602_143011.csv] - WARNING - Estado FSM: AVANZA | Target Wall: None | Target Theta: 0.00° |theta: 95.9131349048998 
2026-06-02 14:30:39.008 - [robot_6_log_20260602_143011.csv] - DEBUG - Frecuencia: 100.13 Hz | Latencia Red/Proc: 13.49 ms
2026-06-02 14:30:39.043 - [robot_6_log_20260602_143011.csv] - DEBUG - Incoming data. Topic agent/6/wheel, mensaje {"Wleft":1.657007864e-15,"Wright":-3.719247132e-16}
2026-06-02 14:30:39.057 - [robot_6_log_20260602_143011.csv] - INFO - Usando posición VISION: x=265.47, y=98.24, θ=1.67
2026-06-02 14:30:39.057 - [robot_6_log_20260602_143011.csv] - INFO - Distancias a paredes: Left: 265.47, Right: 184.53, Top: 41.76, Bottom: 98.24
2026-06-02 14:30:39.057 - [robot_6_log_20260602_143011.csv] - INFO - Posicion: 265.47, 98.24, 1.674 | Velocidad: -0.9946792260640379, -0.10302056705651848
2026-06-02 14:30:39.057 - [robot_6_log_20260602_143011.csv] - INFO - None
2026-06-02 14:30:39.057 - [robot_6_log_20260602_143011.csv] - WARNING - Estado FSM: AVANZA | Target Wall: None | Target Theta: 0.00° |theta: 95.9131349048998 
2026-06-02 14:30:39.092 - [robot_6_log_20260602_143011.csv] - DEBUG - Incoming data. Topic 6/pos, mensaje {"x": 265.47, "y": 98.24, "yaw": 1.674, "timestamp": 1780403439.0819917}
2026-06-02 14:30:39.098 - [robot_6_log_20260602_143011.csv] - DEBUG - Posición actualizada por visión: x=265.47, y=98.24, θ=1.67
2026-06-02 14:30:39.103 - [robot_6_log_20260602_143011.csv] - DEBUG - Frecuencia: 10.52 Hz | Latencia Red/Proc: 21.20 ms
2026-06-02 14:30:39.107 - [robot_6_log_20260602_143011.csv] - INFO - Usando posición VISION: x=265.47, y=98.24, θ=1.67
2026-06-02 14:30:39.107 - [robot_6_log_20260602_143011.csv] - DEBUG - Incoming data. Topic 6/pos, mensaje {"x": 265.47, "y": 98.24, "yaw": 1.674, "timestamp": 1780403439.0819917}
2026-06-02 14:30:39.107 - [robot_6_log_20260602_143011.csv] - INFO - Distancias a paredes: Left: 265.47, Right: 184.53, Top: 41.76, Bottom: 98.24
2026-06-02 14:30:39.107 - [robot_6_log_20260602_143011.csv] - DEBUG - Posición actualizada por visión: x=265.47, y=98.24, θ=1.67
2026-06-02 14:30:39.107 - [robot_6_log_20260602_143011.csv] - INFO - Posicion: 265.47, 98.24, 1.674 | Velocidad: -0.9946792260640379, -0.10302056705651848
2026-06-02 14:30:39.107 - [robot_6_log_20260602_143011.csv] - DEBUG - Frecuencia: 213.54 Hz | Latencia Red/Proc: 25.89 ms
2026-06-02 14:30:39.107 - [robot_6_log_20260602_143011.csv] - INFO - None
2026-06-02 14:30:39.107 - [robot_6_log_20260602_143011.csv] - DEBUG - Incoming data. Topic 6/pos, mensaje {"x": 265.47, "y": 98.24, "yaw": 1.674, "timestamp": 1780403439.0933993}
2026-06-02 14:30:39.108 - [robot_6_log_20260602_143011.csv] - DEBUG - Posición actualizada por visión: x=265.47, y=98.24, θ=1.67
2026-06-02 14:30:39.108 - [robot_6_log_20260602_143011.csv] - DEBUG - Frecuencia: 7219.11 Hz | Latencia Red/Proc: 14.62 ms
2026-06-02 14:30:39.108 - [robot_6_log_20260602_143011.csv] - DEBUG - Incoming data. Topic 6/pos, mensaje {"x": 265.47, "y": 98.24, "yaw": 1.674, "timestamp": 1780403439.0933993}
2026-06-02 14:30:39.108 - [robot_6_log_20260602_143011.csv] - DEBUG - Posición actualizada por visión: x=265.47, y=98.24, θ=1.67
2026-06-02 14:30:39.108 - [robot_6_log_20260602_143011.csv] - DEBUG - Frecuencia: 28728.11 Hz | Latencia Red/Proc: 14.65 ms
2026-06-02 14:30:39.107 - [robot_6_log_20260602_143011.csv] - WARNING - Estado FSM: AVANZA | Target Wall: None | Target Theta: 0.00° |theta: 95.9131349048998 
2026-06-02 14:30:39.143 - [robot_6_log_20260602_143011.csv] - DEBUG - Incoming data. Topic agent/6/wheel, mensaje {"Wleft":1.657007864e-15,"Wright":-3.719247132e-16}
2026-06-02 14:30:39.157 - [robot_6_log_20260602_143011.csv] - INFO - Usando posición VISION: x=265.47, y=98.24, θ=1.67
2026-06-02 14:30:39.157 - [robot_6_log_20260602_143011.csv] - INFO - Distancias a paredes: Left: 265.47, Right: 184.53, Top: 41.76, Bottom: 98.24
2026-06-02 14:30:39.157 - [robot_6_log_20260602_143011.csv] - INFO - Posicion: 265.47, 98.24, 1.674 | Velocidad: -0.9946792260640379, -0.10302056705651848
2026-06-02 14:30:39.157 - [robot_6_log_20260602_143011.csv] - INFO - None
2026-06-02 14:30:39.157 - [robot_6_log_20260602_143011.csv] - WARNING - Estado FSM: AVANZA | Target Wall: None | Target Theta: 0.00° |theta: 95.9131349048998 
2026-06-02 14:30:39.187 - [robot_6_log_20260602_143011.csv] - DEBUG - Incoming data. Topic 6/pos, mensaje {"x": 265.47, "y": 98.25, "yaw": 1.672, "timestamp": 1780403439.1804981}
2026-06-02 14:30:39.192 - [robot_6_log_20260602_143011.csv] - DEBUG - Posición actualizada por visión: x=265.47, y=98.25, θ=1.67
2026-06-02 14:30:39.197 - [robot_6_log_20260602_143011.csv] - DEBUG - Frecuencia: 11.13 Hz | Latencia Red/Proc: 17.43 ms
2026-06-02 14:30:39.207 - [robot_6_log_20260602_143011.csv] - INFO - Usando posición VISION: x=265.47, y=98.25, θ=1.67
2026-06-02 14:30:39.207 - [robot_6_log_20260602_143011.csv] - INFO - Distancias a paredes: Left: 265.47, Right: 184.53, Top: 41.75, Bottom: 98.25
2026-06-02 14:30:39.207 - [robot_6_log_20260602_143011.csv] - INFO - Posicion: 265.47, 98.25, 1.672 | Velocidad: -0.9948832777030012, -0.10103100388956367
2026-06-02 14:30:39.207 - [robot_6_log_20260602_143011.csv] - INFO - None
2026-06-02 14:30:39.207 - [robot_6_log_20260602_143011.csv] - DEBUG - Incoming data. Topic 6/pos, mensaje {"x": 265.47, "y": 98.25, "yaw": 1.672, "timestamp": 1780403439.1804981}
2026-06-02 14:30:39.207 - [robot_6_log_20260602_143011.csv] - WARNING - Estado FSM: AVANZA | Target Wall: None | Target Theta: 0.00° |theta: 95.79854334587364 
2026-06-02 14:30:39.207 - [robot_6_log_20260602_143011.csv] - DEBUG - Posición actualizada por visión: x=265.47, y=98.25, θ=1.67
2026-06-02 14:30:39.212 - [robot_6_log_20260602_143011.csv] - DEBUG - Frecuencia: 66.80 Hz | Latencia Red/Proc: 32.40 ms
2026-06-02 14:30:39.217 - [robot_6_log_20260602_143011.csv] - DEBUG - Incoming data. Topic 6/pos, mensaje {"x": 265.47, "y": 98.25, "yaw": 1.672, "timestamp": 1780403439.19169}
2026-06-02 14:30:39.218 - [robot_6_log_20260602_143011.csv] - DEBUG - Posición actualizada por visión: x=265.47, y=98.25, θ=1.67
2026-06-02 14:30:39.223 - [robot_6_log_20260602_143011.csv] - DEBUG - Frecuencia: 97.85 Hz | Latencia Red/Proc: 31.43 ms
2026-06-02 14:30:39.233 - [robot_6_log_20260602_143011.csv] - DEBUG - Incoming data. Topic 6/pos, mensaje {"x": 265.47, "y": 98.25, "yaw": 1.672, "timestamp": 1780403439.19169}
2026-06-02 14:30:39.238 - [robot_6_log_20260602_143011.csv] - DEBUG - Posición actualizada por visión: x=265.47, y=98.25, θ=1.67
2026-06-02 14:30:39.238 - [robot_6_log_20260602_143011.csv] - DEBUG - Frecuencia: 64.45 Hz | Latencia Red/Proc: 46.94 ms
2026-06-02 14:30:39.255 - [robot_6_log_20260602_143011.csv] - DEBUG - Incoming data. Topic agent/6/wheel, mensaje {"Wleft":1.657007864e-15,"Wright":-3.719247132e-16}
2026-06-02 14:30:39.257 - [robot_6_log_20260602_143011.csv] - INFO - Usando posición VISION: x=265.47, y=98.25, θ=1.67
2026-06-02 14:30:39.257 - [robot_6_log_20260602_143011.csv] - INFO - Distancias a paredes: Left: 265.47, Right: 184.53, Top: 41.75, Bottom: 98.25
2026-06-02 14:30:39.257 - [robot_6_log_20260602_143011.csv] - INFO - Posicion: 265.47, 98.25, 1.672 | Velocidad: -0.9948832777030012, -0.10103100388956367
2026-06-02 14:30:39.257 - [robot_6_log_20260602_143011.csv] - INFO - None
2026-06-02 14:30:39.257 - [robot_6_log_20260602_143011.csv] - WARNING - Estado FSM: AVANZA | Target Wall: None | Target Theta: 0.00° |theta: 95.79854334587364 
2026-06-02 14:30:39.282 - [robot_6_log_20260602_143011.csv] - DEBUG - Incoming data. Topic 6/pos, mensaje {"x": 265.49, "y": 98.23, "yaw": 1.668, "timestamp": 1780403439.2776875}
2026-06-02 14:30:39.287 - [robot_6_log_20260602_143011.csv] - DEBUG - Posición actualizada por visión: x=265.49, y=98.23, θ=1.67
2026-06-02 14:30:39.292 - [robot_6_log_20260602_143011.csv] - DEBUG - Frecuencia: 18.54 Hz | Latencia Red/Proc: 14.90 ms
2026-06-02 14:30:39.297 - [robot_6_log_20260602_143011.csv] - DEBUG - Incoming data. Topic 6/pos, mensaje {"x": 265.49, "y": 98.23, "yaw": 1.668, "timestamp": 1780403439.2776875}
2026-06-02 14:30:39.302 - [robot_6_log_20260602_143011.csv] - DEBUG - Posición actualizada por visión: x=265.49, y=98.23, θ=1.67
2026-06-02 14:30:39.307 - [robot_6_log_20260602_143011.csv] - INFO - Usando posición VISION: x=265.49, y=98.23, θ=1.67
2026-06-02 14:30:39.307 - [robot_6_log_20260602_143011.csv] - DEBUG - Frecuencia: 66.74 Hz | Latencia Red/Proc: 29.88 ms
2026-06-02 14:30:39.307 - [robot_6_log_20260602_143011.csv] - INFO - Distancias a paredes: Left: 265.49, Right: 184.51, Top: 41.77, Bottom: 98.23
2026-06-02 14:30:39.307 - [robot_6_log_20260602_143011.csv] - INFO - Posicion: 265.49, 98.23, 1.668 | Velocidad: -0.9952794415852867, -0.09705067314387801
2026-06-02 14:30:39.307 - [robot_6_log_20260602_143011.csv] - INFO - None
2026-06-02 14:30:39.307 - [robot_6_log_20260602_143011.csv] - DEBUG - Incoming data. Topic 6/pos, mensaje {"x": 265.49, "y": 98.23, "yaw": 1.668, "timestamp": 1780403439.286843}
2026-06-02 14:30:39.307 - [robot_6_log_20260602_143011.csv] - WARNING - Estado FSM: AVANZA | Target Wall: None | Target Theta: 0.00° |theta: 95.5693602278213 
2026-06-02 14:30:39.307 - [robot_6_log_20260602_143011.csv] - DEBUG - Posición actualizada por visión: x=265.49, y=98.23, θ=1.67
2026-06-02 14:30:39.312 - [robot_6_log_20260602_143011.csv] - DEBUG - Frecuencia: 187.92 Hz | Latencia Red/Proc: 26.04 ms
2026-06-02 14:30:39.317 - [robot_6_log_20260602_143011.csv] - DEBUG - Incoming data. Topic 6/pos, mensaje {"x": 265.49, "y": 98.23, "yaw": 1.668, "timestamp": 1780403439.286843}
2026-06-02 14:30:39.318 - [robot_6_log_20260602_143011.csv] - DEBUG - Posición actualizada por visión: x=265.49, y=98.23, θ=1.67
2026-06-02 14:30:39.323 - [robot_6_log_20260602_143011.csv] - DEBUG - Frecuencia: 97.52 Hz | Latencia Red/Proc: 36.30 ms
2026-06-02 14:30:39.328 - [robot_6_log_20260602_143011.csv] - DEBUG - Incoming data. Topic agent/6/wheel, mensaje {"Wleft":1.657007864e-15,"Wright":-3.719247132e-16}
2026-06-02 14:30:39.357 - [robot_6_log_20260602_143011.csv] - INFO - Usando posición VISION: x=265.49, y=98.23, θ=1.67
2026-06-02 14:30:39.357 - [robot_6_log_20260602_143011.csv] - INFO - Distancias a paredes: Left: 265.49, Right: 184.51, Top: 41.77, Bottom: 98.23
2026-06-02 14:30:39.357 - [robot_6_log_20260602_143011.csv] - INFO - Posicion: 265.49, 98.23, 1.668 | Velocidad: -0.9952794415852867, -0.09705067314387801
2026-06-02 14:30:39.357 - [robot_6_log_20260602_143011.csv] - INFO - None
2026-06-02 14:30:39.357 - [robot_6_log_20260602_143011.csv] - WARNING - Estado FSM: AVANZA | Target Wall: None | Target Theta: 0.00° |theta: 95.5693602278213 
2026-06-02 14:30:39.392 - [robot_6_log_20260602_143011.csv] - DEBUG - Incoming data. Topic 6/pos, mensaje {"x": 265.48, "y": 98.24, "yaw": 1.667, "timestamp": 1780403439.3775604}
2026-06-02 14:30:39.397 - [robot_6_log_20260602_143011.csv] - DEBUG - Posición actualizada por visión: x=265.48, y=98.24, θ=1.67
2026-06-02 14:30:39.402 - [robot_6_log_20260602_143011.csv] - DEBUG - Frecuencia: 12.60 Hz | Latencia Red/Proc: 24.97 ms
2026-06-02 14:30:39.407 - [robot_6_log_20260602_143011.csv] - INFO - Usando posición VISION: x=265.48, y=98.24, θ=1.67
2026-06-02 14:30:39.407 - [robot_6_log_20260602_143011.csv] - INFO - Distancias a paredes: Left: 265.48, Right: 184.52, Top: 41.76, Bottom: 98.24
2026-06-02 14:30:39.407 - [robot_6_log_20260602_143011.csv] - INFO - Posicion: 265.48, 98.24, 1.667 | Velocidad: -0.9953759946025762, -0.09605534534284021
2026-06-02 14:30:39.407 - [robot_6_log_20260602_143011.csv] - DEBUG - Incoming data. Topic 6/pos, mensaje {"x": 265.48, "y": 98.24, "yaw": 1.667, "timestamp": 1780403439.3775604}
2026-06-02 14:30:39.407 - [robot_6_log_20260602_143011.csv] - INFO - None
2026-06-02 14:30:39.407 - [robot_6_log_20260602_143011.csv] - WARNING - Estado FSM: AVANZA | Target Wall: None | Target Theta: 0.00° |theta: 95.51206444830824 
2026-06-02 14:30:39.407 - [robot_6_log_20260602_143011.csv] - DEBUG - Posición actualizada por visión: x=265.48, y=98.24, θ=1.67
2026-06-02 14:30:39.424 - [robot_6_log_20260602_143011.csv] - DEBUG - Frecuencia: 46.06 Hz | Latencia Red/Proc: 46.67 ms
2026-06-02 14:30:39.434 - [robot_6_log_20260602_143011.csv] - DEBUG - Incoming data. Topic 6/pos, mensaje {"x": 265.48, "y": 98.24, "yaw": 1.667, "timestamp": 1780403439.3866212}
2026-06-02 14:30:39.439 - [robot_6_log_20260602_143011.csv] - DEBUG - Posición actualizada por visión: x=265.48, y=98.24, θ=1.67
2026-06-02 14:30:39.449 - [robot_6_log_20260602_143011.csv] - DEBUG - Frecuencia: 39.30 Hz | Latencia Red/Proc: 63.06 ms
2026-06-02 14:30:39.457 - [robot_6_log_20260602_143011.csv] - INFO - Usando posición VISION: x=265.48, y=98.24, θ=1.67
2026-06-02 14:30:39.457 - [robot_6_log_20260602_143011.csv] - INFO - Distancias a paredes: Left: 265.48, Right: 184.52, Top: 41.76, Bottom: 98.24
2026-06-02 14:30:39.457 - [robot_6_log_20260602_143011.csv] - INFO - Posicion: 265.48, 98.24, 1.667 | Velocidad: -0.9953759946025762, -0.09605534534284021
2026-06-02 14:30:39.457 - [robot_6_log_20260602_143011.csv] - INFO - None
2026-06-02 14:30:39.457 - [robot_6_log_20260602_143011.csv] - DEBUG - Incoming data. Topic 6/pos, mensaje {"x": 265.48, "y": 98.24, "yaw": 1.667, "timestamp": 1780403439.3866212}
2026-06-02 14:30:39.457 - [robot_6_log_20260602_143011.csv] - WARNING - Estado FSM: AVANZA | Target Wall: None | Target Theta: 0.00° |theta: 95.51206444830824 
2026-06-02 14:30:39.457 - [robot_6_log_20260602_143011.csv] - DEBUG - Posición actualizada por visión: x=265.48, y=98.24, θ=1.67
2026-06-02 14:30:39.468 - [robot_6_log_20260602_143011.csv] - DEBUG - Frecuencia: 54.08 Hz | Latencia Red/Proc: 81.55 ms
2026-06-02 14:30:39.468 - [robot_6_log_20260602_143011.csv] - DEBUG - Incoming data. Topic agent/6/wheel, mensaje {"Wleft":1.657007864e-15,"Wright":-3.719247132e-16}
2026-06-02 14:30:39.480 - [robot_6_log_20260602_143011.csv] - DEBUG - Incoming data. Topic 6/pos, mensaje {"x": 265.51, "y": 98.19, "yaw": 1.679, "timestamp": 1780403439.475256}
2026-06-02 14:30:39.485 - [robot_6_log_20260602_143011.csv] - DEBUG - Posición actualizada por visión: x=265.51, y=98.19, θ=1.68
2026-06-02 14:30:39.490 - [robot_6_log_20260602_143011.csv] - DEBUG - Frecuencia: 44.22 Hz | Latencia Red/Proc: 15.53 ms
2026-06-02 14:30:39.500 - [robot_6_log_20260602_143011.csv] - DEBUG - Incoming data. Topic 6/pos, mensaje {"x": 265.51, "y": 98.19, "yaw": 1.679, "timestamp": 1780403439.475256}
2026-06-02 14:30:39.506 - [robot_6_log_20260602_143011.csv] - DEBUG - Posición actualizada por visión: x=265.51, y=98.19, θ=1.68
2026-06-02 14:30:39.507 - [robot_6_log_20260602_143011.csv] - INFO - Usando posición VISION: x=265.51, y=98.19, θ=1.68
2026-06-02 14:30:39.507 - [robot_6_log_20260602_143011.csv] - DEBUG - Frecuencia: 59.59 Hz | Latencia Red/Proc: 32.31 ms
2026-06-02 14:30:39.507 - [robot_6_log_20260602_143011.csv] - INFO - Distancias a paredes: Left: 265.51, Right: 184.49, Top: 41.81, Bottom: 98.19
2026-06-02 14:30:39.507 - [robot_6_log_20260602_143011.csv] - INFO - Posicion: 265.51, 98.19, 1.679 | Velocidad: -0.9941516919105917, -0.10799265470997543
2026-06-02 14:30:39.507 - [robot_6_log_20260602_143011.csv] - INFO - None
2026-06-02 14:30:39.507 - [robot_6_log_20260602_143011.csv] - DEBUG - Incoming data. Topic 6/pos, mensaje {"x": 265.51, "y": 98.19, "yaw": 1.679, "timestamp": 1780403439.4839606}
2026-06-02 14:30:39.507 - [robot_6_log_20260602_143011.csv] - WARNING - Estado FSM: AVANZA | Target Wall: None | Target Theta: 0.00° |theta: 96.19961380246522 
2026-06-02 14:30:39.507 - [robot_6_log_20260602_143011.csv] - DEBUG - Posición actualizada por visión: x=265.51, y=98.19, θ=1.68
2026-06-02 14:30:39.518 - [robot_6_log_20260602_143011.csv] - DEBUG - Frecuencia: 95.36 Hz | Latencia Red/Proc: 34.09 ms
2026-06-02 14:30:39.523 - [robot_6_log_20260602_143011.csv] - DEBUG - Incoming data. Topic 6/pos, mensaje {"x": 265.51, "y": 98.19, "yaw": 1.679, "timestamp": 1780403439.4839606}
2026-06-02 14:30:39.528 - [robot_6_log_20260602_143011.csv] - DEBUG - Posición actualizada por visión: x=265.51, y=98.19, θ=1.68
2026-06-02 14:30:39.533 - [robot_6_log_20260602_143011.csv] - DEBUG - Frecuencia: 65.19 Hz | Latencia Red/Proc: 49.43 ms
2026-06-02 14:30:39.544 - [robot_6_log_20260602_143011.csv] - DEBUG - Incoming data. Topic agent/6/wheel, mensaje {"Wleft":1.657007864e-15,"Wright":-3.719247132e-16}
2026-06-02 14:30:39.557 - [robot_6_log_20260602_143011.csv] - INFO - Usando posición VISION: x=265.51, y=98.19, θ=1.68
2026-06-02 14:30:39.557 - [robot_6_log_20260602_143011.csv] - INFO - Distancias a paredes: Left: 265.51, Right: 184.49, Top: 41.81, Bottom: 98.19
2026-06-02 14:30:39.557 - [robot_6_log_20260602_143011.csv] - INFO - Posicion: 265.51, 98.19, 1.679 | Velocidad: -0.9941516919105917, -0.10799265470997543
2026-06-02 14:30:39.557 - [robot_6_log_20260602_143011.csv] - INFO - None
2026-06-02 14:30:39.557 - [robot_6_log_20260602_143011.csv] - WARNING - Estado FSM: AVANZA | Target Wall: None | Target Theta: 0.00° |theta: 96.19961380246522 
2026-06-02 14:30:39.587 - [robot_6_log_20260602_143011.csv] - DEBUG - Incoming data. Topic 6/pos, mensaje {"x": 265.49, "y": 98.25, "yaw": 1.667, "timestamp": 1780403439.5770779}
2026-06-02 14:30:39.592 - [robot_6_log_20260602_143011.csv] - DEBUG - Posición actualizada por visión: x=265.49, y=98.25, θ=1.67
2026-06-02 14:30:39.597 - [robot_6_log_20260602_143011.csv] - DEBUG - Frecuencia: 15.52 Hz | Latencia Red/Proc: 20.75 ms
2026-06-02 14:30:39.607 - [robot_6_log_20260602_143011.csv] - INFO - Usando posición VISION: x=265.49, y=98.25, θ=1.67
2026-06-02 14:30:39.607 - [robot_6_log_20260602_143011.csv] - DEBUG - Incoming data. Topic 6/pos, mensaje {"x": 265.49, "y": 98.25, "yaw": 1.667, "timestamp": 1780403439.5770779}
2026-06-02 14:30:39.607 - [robot_6_log_20260602_143011.csv] - INFO - Distancias a paredes: Left: 265.49, Right: 184.51, Top: 41.75, Bottom: 98.25
2026-06-02 14:30:39.607 - [robot_6_log_20260602_143011.csv] - DEBUG - Posición actualizada por visión: x=265.49, y=98.25, θ=1.67
2026-06-02 14:30:39.607 - [robot_6_log_20260602_143011.csv] - INFO - Posicion: 265.49, 98.25, 1.667 | Velocidad: -0.9953759946025762, -0.09605534534284021
2026-06-02 14:30:39.607 - [robot_6_log_20260602_143011.csv] - DEBUG - Frecuencia: 100.41 Hz | Latencia Red/Proc: 30.71 ms
2026-06-02 14:30:39.607 - [robot_6_log_20260602_143011.csv] - INFO - None
2026-06-02 14:30:39.607 - [robot_6_log_20260602_143011.csv] - DEBUG - Incoming data. Topic 6/pos, mensaje {"x": 265.49, "y": 98.25, "yaw": 1.667, "timestamp": 1780403439.5881486}
2026-06-02 14:30:39.607 - [robot_6_log_20260602_143011.csv] - WARNING - Estado FSM: AVANZA | Target Wall: None | Target Theta: 0.00° |theta: 95.51206444830824 
2026-06-02 14:30:39.607 - [robot_6_log_20260602_143011.csv] - DEBUG - Posición actualizada por visión: x=265.49, y=98.25, θ=1.67
2026-06-02 14:30:39.613 - [robot_6_log_20260602_143011.csv] - DEBUG - Frecuencia: 188.90 Hz | Latencia Red/Proc: 24.93 ms
2026-06-02 14:30:39.629 - [robot_6_log_20260602_143011.csv] - DEBUG - Incoming data. Topic 6/pos, mensaje {"x": 265.49, "y": 98.25, "yaw": 1.667, "timestamp": 1780403439.5881486}
2026-06-02 14:30:39.634 - [robot_6_log_20260602_143011.csv] - DEBUG - Posición actualizada por visión: x=265.49, y=98.25, θ=1.67
2026-06-02 14:30:39.639 - [robot_6_log_20260602_143011.csv] - DEBUG - Frecuencia: 37.66 Hz | Latencia Red/Proc: 51.49 ms
2026-06-02 14:30:39.657 - [robot_6_log_20260602_143011.csv] - INFO - Usando posición VISION: x=265.49, y=98.25, θ=1.67
2026-06-02 14:30:39.657 - [robot_6_log_20260602_143011.csv] - INFO - Distancias a paredes: Left: 265.49, Right: 184.51, Top: 41.75, Bottom: 98.25
2026-06-02 14:30:39.657 - [robot_6_log_20260602_143011.csv] - INFO - Posicion: 265.49, 98.25, 1.667 | Velocidad: -0.9953759946025762, -0.09605534534284021
2026-06-02 14:30:39.657 - [robot_6_log_20260602_143011.csv] - INFO - None
2026-06-02 14:30:39.657 - [robot_6_log_20260602_143011.csv] - WARNING - Estado FSM: AVANZA | Target Wall: None | Target Theta: 0.00° |theta: 95.51206444830824 
2026-06-02 14:30:39.668 - [robot_6_log_20260602_143011.csv] - DEBUG - Incoming data. Topic agent/6/wheel, mensaje {"Wleft":1.657007864e-15,"Wright":-3.719247132e-16}
2026-06-02 14:30:39.679 - [robot_6_log_20260602_143011.csv] - DEBUG - Incoming data. Topic 6/pos, mensaje {"x": 265.48, "y": 98.23, "yaw": 1.673, "timestamp": 1780403439.6774096}
2026-06-02 14:30:39.684 - [robot_6_log_20260602_143011.csv] - DEBUG - Posición actualizada por visión: x=265.48, y=98.23, θ=1.67
2026-06-02 14:30:39.690 - [robot_6_log_20260602_143011.csv] - DEBUG - Frecuencia: 19.51 Hz | Latencia Red/Proc: 13.47 ms
2026-06-02 14:30:39.702 - [robot_6_log_20260602_143011.csv] - DEBUG - Incoming data. Topic 6/pos, mensaje {"x": 265.48, "y": 98.23, "yaw": 1.673, "timestamp": 1780403439.6774096}
2026-06-02 14:30:39.707 - [robot_6_log_20260602_143011.csv] - DEBUG - Posición actualizada por visión: x=265.48, y=98.23, θ=1.67
2026-06-02 14:30:39.707 - [robot_6_log_20260602_143011.csv] - INFO - Usando posición VISION: x=265.48, y=98.23, θ=1.67
2026-06-02 14:30:39.707 - [robot_6_log_20260602_143011.csv] - DEBUG - Frecuencia: 59.97 Hz | Latencia Red/Proc: 30.15 ms
2026-06-02 14:30:39.707 - [robot_6_log_20260602_143011.csv] - INFO - Distancias a paredes: Left: 265.48, Right: 184.52, Top: 41.77, Bottom: 98.23
2026-06-02 14:30:39.707 - [robot_6_log_20260602_143011.csv] - INFO - Posicion: 265.48, 98.23, 1.673 | Velocidad: -0.9947817492743527, -0.10202583648595517
2026-06-02 14:30:39.707 - [robot_6_log_20260602_143011.csv] - INFO - None
2026-06-02 14:30:39.707 - [robot_6_log_20260602_143011.csv] - DEBUG - Incoming data. Topic 6/pos, mensaje {"x": 265.48, "y": 98.23, "yaw": 1.673, "timestamp": 1780403439.6887457}
2026-06-02 14:30:39.707 - [robot_6_log_20260602_143011.csv] - WARNING - Estado FSM: AVANZA | Target Wall: None | Target Theta: 0.00° |theta: 95.85583912538672 
2026-06-02 14:30:39.707 - [robot_6_log_20260602_143011.csv] - DEBUG - Posición actualizada por visión: x=265.48, y=98.23, θ=1.67
2026-06-02 14:30:39.719 - [robot_6_log_20260602_143011.csv] - DEBUG - Frecuencia: 87.24 Hz | Latencia Red/Proc: 30.28 ms
2026-06-02 14:30:39.730 - [robot_6_log_20260602_143011.csv] - DEBUG - Incoming data. Topic 6/pos, mensaje {"x": 265.48, "y": 98.23, "yaw": 1.673, "timestamp": 1780403439.6887457}
2026-06-02 14:30:39.735 - [robot_6_log_20260602_143011.csv] - DEBUG - Posición actualizada por visión: x=265.48, y=98.23, θ=1.67
2026-06-02 14:30:39.741 - [robot_6_log_20260602_143011.csv] - DEBUG - Frecuencia: 44.44 Hz | Latencia Red/Proc: 52.78 ms
2026-06-02 14:30:39.757 - [robot_6_log_20260602_143011.csv] - INFO - Usando posición VISION: x=265.48, y=98.23, θ=1.67
2026-06-02 14:30:39.757 - [robot_6_log_20260602_143011.csv] - INFO - Distancias a paredes: Left: 265.48, Right: 184.52, Top: 41.77, Bottom: 98.23
2026-06-02 14:30:39.757 - [robot_6_log_20260602_143011.csv] - INFO - Posicion: 265.48, 98.23, 1.673 | Velocidad: -0.9947817492743527, -0.10202583648595517
2026-06-02 14:30:39.757 - [robot_6_log_20260602_143011.csv] - INFO - None
2026-06-02 14:30:39.757 - [robot_6_log_20260602_143011.csv] - WARNING - Estado FSM: AVANZA | Target Wall: None | Target Theta: 0.00° |theta: 95.85583912538672 
2026-06-02 14:30:39.763 - [robot_6_log_20260602_143011.csv] - DEBUG - Incoming data. Topic agent/6/wheel, mensaje {"Wleft":1.657007864e-15,"Wright":-3.719247132e-16}
2026-06-02 14:30:39.786 - [robot_6_log_20260602_143011.csv] - DEBUG - Incoming data. Topic 6/pos, mensaje {"x": 265.47, "y": 98.24, "yaw": 1.674, "timestamp": 1780403439.7788358}
2026-06-02 14:30:39.796 - [robot_6_log_20260602_143011.csv] - DEBUG - Posición actualizada por visión: x=265.47, y=98.24, θ=1.67
2026-06-02 14:30:39.796 - [robot_6_log_20260602_143011.csv] - DEBUG - Frecuencia: 18.09 Hz | Latencia Red/Proc: 17.98 ms
2026-06-02 14:30:39.796 - [robot_6_log_20260602_143011.csv] - DEBUG - Incoming data. Topic 6/pos, mensaje {"x": 265.47, "y": 98.24, "yaw": 1.674, "timestamp": 1780403439.7788358}
2026-06-02 14:30:39.796 - [robot_6_log_20260602_143011.csv] - DEBUG - Posición actualizada por visión: x=265.47, y=98.24, θ=1.67
2026-06-02 14:30:39.796 - [robot_6_log_20260602_143011.csv] - DEBUG - Frecuencia: 12446.01 Hz | Latencia Red/Proc: 18.06 ms
2026-06-02 14:30:39.796 - [robot_6_log_20260602_143011.csv] - DEBUG - Incoming data. Topic 6/pos, mensaje {"x": 265.47, "y": 98.24, "yaw": 1.674, "timestamp": 1780403439.7898023}
2026-06-02 14:30:39.796 - [robot_6_log_20260602_143011.csv] - DEBUG - Posición actualizada por visión: x=265.47, y=98.24, θ=1.67
2026-06-02 14:30:39.796 - [robot_6_log_20260602_143011.csv] - DEBUG - Frecuencia: 26715.31 Hz | Latencia Red/Proc: 7.13 ms
2026-06-02 14:30:39.796 - [robot_6_log_20260602_143011.csv] - DEBUG - Incoming data. Topic 6/pos, mensaje {"x": 265.47, "y": 98.24, "yaw": 1.674, "timestamp": 1780403439.7898023}
2026-06-02 14:30:39.796 - [robot_6_log_20260602_143011.csv] - DEBUG - Posición actualizada por visión: x=265.47, y=98.24, θ=1.67
2026-06-02 14:30:39.796 - [robot_6_log_20260602_143011.csv] - DEBUG - Frecuencia: 28728.11 Hz | Latencia Red/Proc: 7.16 ms
2026-06-02 14:30:39.807 - [robot_6_log_20260602_143011.csv] - INFO - Usando posición VISION: x=265.47, y=98.24, θ=1.67
2026-06-02 14:30:39.807 - [robot_6_log_20260602_143011.csv] - INFO - Distancias a paredes: Left: 265.47, Right: 184.53, Top: 41.76, Bottom: 98.24
2026-06-02 14:30:39.807 - [robot_6_log_20260602_143011.csv] - INFO - Posicion: 265.47, 98.24, 1.674 | Velocidad: -0.9946792260640379, -0.10302056705651848
2026-06-02 14:30:39.807 - [robot_6_log_20260602_143011.csv] - INFO - None
2026-06-02 14:30:39.807 - [robot_6_log_20260602_143011.csv] - WARNING - Estado FSM: AVANZA | Target Wall: None | Target Theta: 0.00° |theta: 95.9131349048998 
2026-06-02 14:30:39.832 - [robot_6_log_20260602_143011.csv] - DEBUG - Incoming data. Topic agent/6/wheel, mensaje {"Wleft":1.657007864e-15,"Wright":-3.719247132e-16}
2026-06-02 14:30:39.857 - [robot_6_log_20260602_143011.csv] - INFO - Usando posición VISION: x=265.47, y=98.24, θ=1.67
2026-06-02 14:30:39.857 - [robot_6_log_20260602_143011.csv] - INFO - Distancias a paredes: Left: 265.47, Right: 184.53, Top: 41.76, Bottom: 98.24
2026-06-02 14:30:39.857 - [robot_6_log_20260602_143011.csv] - INFO - Posicion: 265.47, 98.24, 1.674 | Velocidad: -0.9946792260640379, -0.10302056705651848
2026-06-02 14:30:39.857 - [robot_6_log_20260602_143011.csv] - INFO - None
2026-06-02 14:30:39.857 - [robot_6_log_20260602_143011.csv] - WARNING - Estado FSM: AVANZA | Target Wall: None | Target Theta: 0.00° |theta: 95.9131349048998 
2026-06-02 14:30:39.876 - [robot_6_log_20260602_143011.csv] - DEBUG - Incoming data. Topic 6/pos, mensaje {"x": 265.47, "y": 98.24, "yaw": 1.672, "timestamp": 1780403439.8754692}
2026-06-02 14:30:39.881 - [robot_6_log_20260602_143011.csv] - DEBUG - Posición actualizada por visión: x=265.47, y=98.24, θ=1.67
2026-06-02 14:30:39.881 - [robot_6_log_20260602_143011.csv] - DEBUG - Frecuencia: 11.85 Hz | Latencia Red/Proc: 5.87 ms
2026-06-02 14:30:39.886 - [robot_6_log_20260602_143011.csv] - DEBUG - Incoming data. Topic 6/pos, mensaje {"x": 265.47, "y": 98.24, "yaw": 1.672, "timestamp": 1780403439.8754692}
2026-06-02 14:30:39.886 - [robot_6_log_20260602_143011.csv] - DEBUG - Posición actualizada por visión: x=265.47, y=98.24, θ=1.67
2026-06-02 14:30:39.891 - [robot_6_log_20260602_143011.csv] - DEBUG - Frecuencia: 97.38 Hz | Latencia Red/Proc: 16.14 ms
2026-06-02 14:30:39.902 - [robot_6_log_20260602_143011.csv] - DEBUG - Incoming data. Topic 6/pos, mensaje {"x": 265.47, "y": 98.24, "yaw": 1.672, "timestamp": 1780403439.8846626}
2026-06-02 14:30:39.907 - [robot_6_log_20260602_143011.csv] - INFO - Usando posición VISION: x=265.47, y=98.24, θ=1.67
2026-06-02 14:30:39.907 - [robot_6_log_20260602_143011.csv] - DEBUG - Posición actualizada por visión: x=265.47, y=98.24, θ=1.67
2026-06-02 14:30:39.907 - [robot_6_log_20260602_143011.csv] - INFO - Distancias a paredes: Left: 265.47, Right: 184.53, Top: 41.76, Bottom: 98.24
2026-06-02 14:30:39.907 - [robot_6_log_20260602_143011.csv] - DEBUG - Frecuencia: 61.77 Hz | Latencia Red/Proc: 23.13 ms
2026-06-02 14:30:39.907 - [robot_6_log_20260602_143011.csv] - INFO - Posicion: 265.47, 98.24, 1.672 | Velocidad: -0.9948832777030012, -0.10103100388956367
2026-06-02 14:30:39.908 - [robot_6_log_20260602_143011.csv] - INFO - None
2026-06-02 14:30:39.907 - [robot_6_log_20260602_143011.csv] - DEBUG - Incoming data. Topic 6/pos, mensaje {"x": 265.47, "y": 98.24, "yaw": 1.672, "timestamp": 1780403439.8846626}
2026-06-02 14:30:39.908 - [robot_6_log_20260602_143011.csv] - WARNING - Estado FSM: AVANZA | Target Wall: None | Target Theta: 0.00° |theta: 95.79854334587364 
2026-06-02 14:30:39.908 - [robot_6_log_20260602_143011.csv] - DEBUG - Posición actualizada por visión: x=265.47, y=98.24, θ=1.67
2026-06-02 14:30:39.919 - [robot_6_log_20260602_143011.csv] - DEBUG - Frecuencia: 85.49 Hz | Latencia Red/Proc: 34.83 ms
2026-06-02 14:30:39.935 - [robot_6_log_20260602_143011.csv] - DEBUG - Incoming data. Topic agent/6/wheel, mensaje {"Wleft":1.657007864e-15,"Wright":-3.719247132e-16}
2026-06-02 14:30:39.957 - [robot_6_log_20260602_143011.csv] - INFO - Usando posición VISION: x=265.47, y=98.24, θ=1.67
2026-06-02 14:30:39.957 - [robot_6_log_20260602_143011.csv] - INFO - Distancias a paredes: Left: 265.47, Right: 184.53, Top: 41.76, Bottom: 98.24
2026-06-02 14:30:39.957 - [robot_6_log_20260602_143011.csv] - INFO - Posicion: 265.47, 98.24, 1.672 | Velocidad: -0.9948832777030012, -0.10103100388956367
2026-06-02 14:30:39.957 - [robot_6_log_20260602_143011.csv] - INFO - None
2026-06-02 14:30:39.957 - [robot_6_log_20260602_143011.csv] - WARNING - Estado FSM: AVANZA | Target Wall: None | Target Theta: 0.00° |theta: 95.79854334587364 
2026-06-02 14:30:39.981 - [robot_6_log_20260602_143011.csv] - DEBUG - Incoming data. Topic 6/pos, mensaje {"x": 265.47, "y": 98.22, "yaw": 1.672, "timestamp": 1780403439.9774656}
2026-06-02 14:30:39.986 - [robot_6_log_20260602_143011.csv] - DEBUG - Posición actualizada por visión: x=265.47, y=98.22, θ=1.67
2026-06-02 14:30:39.991 - [robot_6_log_20260602_143011.csv] - DEBUG - Frecuencia: 13.88 Hz | Latencia Red/Proc: 14.06 ms
2026-06-02 14:30:39.996 - [robot_6_log_20260602_143011.csv] - DEBUG - Incoming data. Topic 6/pos, mensaje {"x": 265.47, "y": 98.22, "yaw": 1.672, "timestamp": 1780403439.9774656}
2026-06-02 14:30:39.996 - [robot_6_log_20260602_143011.csv] - DEBUG - Posición actualizada por visión: x=265.47, y=98.22, θ=1.67
2026-06-02 14:30:39.996 - [robot_6_log_20260602_143011.csv] - DEBUG - Frecuencia: 190.00 Hz | Latencia Red/Proc: 19.32 ms
2026-06-02 14:30:39.996 - [robot_6_log_20260602_143011.csv] - DEBUG - Incoming data. Topic 6/pos, mensaje {"x": 265.47, "y": 98.22, "yaw": 1.672, "timestamp": 1780403439.986467}
2026-06-02 14:30:39.996 - [robot_6_log_20260602_143011.csv] - DEBUG - Posición actualizada por visión: x=265.47, y=98.22, θ=1.67
2026-06-02 14:30:39.996 - [robot_6_log_20260602_143011.csv] - DEBUG - Frecuencia: 10280.16 Hz | Latencia Red/Proc: 10.42 ms
2026-06-02 14:30:39.996 - [robot_6_log_20260602_143011.csv] - DEBUG - Incoming data. Topic 6/pos, mensaje {"x": 265.47, "y": 98.22, "yaw": 1.672, "timestamp": 1780403439.986467}
2026-06-02 14:30:39.996 - [robot_6_log_20260602_143011.csv] - DEBUG - Posición actualizada por visión: x=265.47, y=98.22, θ=1.67
2026-06-02 14:30:40.002 - [robot_6_log_20260602_143011.csv] - DEBUG - Frecuencia: 194.05 Hz | Latencia Red/Proc: 15.57 ms
2026-06-02 14:30:40.007 - [robot_6_log_20260602_143011.csv] - INFO - Usando posición VISION: x=265.47, y=98.22, θ=1.67
2026-06-02 14:30:40.007 - [robot_6_log_20260602_143011.csv] - INFO - Distancias a paredes: Left: 265.47, Right: 184.53, Top: 41.78, Bottom: 98.22
2026-06-02 14:30:40.007 - [robot_6_log_20260602_143011.csv] - INFO - Posicion: 265.47, 98.22, 1.672 | Velocidad: -0.9948832777030012, -0.10103100388956367
2026-06-02 14:30:40.007 - [robot_6_log_20260602_143011.csv] - INFO - None
2026-06-02 14:30:40.007 - [robot_6_log_20260602_143011.csv] - WARNING - Estado FSM: AVANZA | Target Wall: None | Target Theta: 0.00° |theta: 95.79854334587364 
2026-06-02 14:30:40.057 - [robot_6_log_20260602_143011.csv] - INFO - Usando posición VISION: x=265.47, y=98.22, θ=1.67
2026-06-02 14:30:40.057 - [robot_6_log_20260602_143011.csv] - INFO - Distancias a paredes: Left: 265.47, Right: 184.53, Top: 41.78, Bottom: 98.22
2026-06-02 14:30:40.057 - [robot_6_log_20260602_143011.csv] - INFO - Posicion: 265.47, 98.22, 1.672 | Velocidad: -0.9948832777030012, -0.10103100388956367
2026-06-02 14:30:40.057 - [robot_6_log_20260602_143011.csv] - INFO - None
2026-06-02 14:30:40.057 - [robot_6_log_20260602_143011.csv] - WARNING - Estado FSM: AVANZA | Target Wall: None | Target Theta: 0.00° |theta: 95.79854334587364 
2026-06-02 14:30:40.069 - [robot_6_log_20260602_143011.csv] - DEBUG - Incoming data. Topic agent/6/wheel, mensaje {"Wleft":1.657007864e-15,"Wright":-3.719247132e-16}
2026-06-02 14:30:40.080 - [robot_6_log_20260602_143011.csv] - DEBUG - Incoming data. Topic 6/pos, mensaje {"x": 265.49, "y": 98.23, "yaw": 1.669, "timestamp": 1780403440.0763822}
2026-06-02 14:30:40.086 - [robot_6_log_20260602_143011.csv] - DEBUG - Posición actualizada por visión: x=265.49, y=98.23, θ=1.67
2026-06-02 14:30:40.086 - [robot_6_log_20260602_143011.csv] - DEBUG - Frecuencia: 11.88 Hz | Latencia Red/Proc: 9.85 ms
2026-06-02 14:30:40.086 - [robot_6_log_20260602_143011.csv] - DEBUG - Incoming data. Topic 6/pos, mensaje {"x": 265.49, "y": 98.23, "yaw": 1.669, "timestamp": 1780403440.0763822}
2026-06-02 14:30:40.086 - [robot_6_log_20260602_143011.csv] - DEBUG - Posición actualizada por visión: x=265.49, y=98.23, θ=1.67
2026-06-02 14:30:40.091 - [robot_6_log_20260602_143011.csv] - DEBUG - Frecuencia: 193.88 Hz | Latencia Red/Proc: 15.00 ms
2026-06-02 14:30:40.097 - [robot_6_log_20260602_143011.csv] - DEBUG - Incoming data. Topic 6/pos, mensaje {"x": 265.49, "y": 98.23, "yaw": 1.669, "timestamp": 1780403440.085502}
2026-06-02 14:30:40.097 - [robot_6_log_20260602_143011.csv] - DEBUG - Posición actualizada por visión: x=265.49, y=98.23, θ=1.67
2026-06-02 14:30:40.097 - [robot_6_log_20260602_143011.csv] - DEBUG - Frecuencia: 154.97 Hz | Latencia Red/Proc: 12.34 ms
2026-06-02 14:30:40.107 - [robot_6_log_20260602_143011.csv] - INFO - Usando posición VISION: x=265.49, y=98.23, θ=1.67
2026-06-02 14:30:40.107 - [robot_6_log_20260602_143011.csv] - DEBUG - Incoming data. Topic 6/pos, mensaje {"x": 265.49, "y": 98.23, "yaw": 1.669, "timestamp": 1780403440.085502}
2026-06-02 14:30:40.107 - [robot_6_log_20260602_143011.csv] - DEBUG - Posición actualizada por visión: x=265.49, y=98.23, θ=1.67
2026-06-02 14:30:40.107 - [robot_6_log_20260602_143011.csv] - INFO - Distancias a paredes: Left: 265.49, Right: 184.51, Top: 41.77, Bottom: 98.23
2026-06-02 14:30:40.107 - [robot_6_log_20260602_143011.csv] - DEBUG - Frecuencia: 98.69 Hz | Latencia Red/Proc: 22.47 ms
2026-06-02 14:30:40.108 - [robot_6_log_20260602_143011.csv] - INFO - Posicion: 265.49, 98.23, 1.669 | Velocidad: -0.9951818932886386, -0.09804590389425098
2026-06-02 14:30:40.108 - [robot_6_log_20260602_143011.csv] - INFO - None
2026-06-02 14:30:40.108 - [robot_6_log_20260602_143011.csv] - WARNING - Estado FSM: AVANZA | Target Wall: None | Target Theta: 0.00° |theta: 95.6266560073344 
2026-06-02 14:30:40.132 - [robot_6_log_20260602_143011.csv] - DEBUG - Incoming data. Topic agent/6/wheel, mensaje {"Wleft":1.657007864e-15,"Wright":-3.719247132e-16}
2026-06-02 14:30:40.157 - [robot_6_log_20260602_143011.csv] - INFO - Usando posición VISION: x=265.49, y=98.23, θ=1.67
2026-06-02 14:30:40.157 - [robot_6_log_20260602_143011.csv] - INFO - Distancias a paredes: Left: 265.49, Right: 184.51, Top: 41.77, Bottom: 98.23
2026-06-02 14:30:40.157 - [robot_6_log_20260602_143011.csv] - INFO - Posicion: 265.49, 98.23, 1.669 | Velocidad: -0.9951818932886386, -0.09804590389425098
2026-06-02 14:30:40.157 - [robot_6_log_20260602_143011.csv] - INFO - None
2026-06-02 14:30:40.157 - [robot_6_log_20260602_143011.csv] - WARNING - Estado FSM: AVANZA | Target Wall: None | Target Theta: 0.00° |theta: 95.6266560073344 
2026-06-02 14:30:40.187 - [robot_6_log_20260602_143011.csv] - DEBUG - Incoming data. Topic 6/pos, mensaje {"x": 265.51, "y": 98.21, "yaw": 1.681, "timestamp": 1780403440.1817856}
2026-06-02 14:30:40.192 - [robot_6_log_20260602_143011.csv] - DEBUG - Posición actualizada por visión: x=265.51, y=98.21, θ=1.68
2026-06-02 14:30:40.198 - [robot_6_log_20260602_143011.csv] - DEBUG - Frecuencia: 11.02 Hz | Latencia Red/Proc: 16.96 ms
2026-06-02 14:30:40.207 - [robot_6_log_20260602_143011.csv] - INFO - Usando posición VISION: x=265.51, y=98.21, θ=1.68
2026-06-02 14:30:40.207 - [robot_6_log_20260602_143011.csv] - DEBUG - Incoming data. Topic 6/pos, mensaje {"x": 265.51, "y": 98.21, "yaw": 1.681, "timestamp": 1780403440.1817856}
2026-06-02 14:30:40.207 - [robot_6_log_20260602_143011.csv] - INFO - Distancias a paredes: Left: 265.51, Right: 184.49, Top: 41.79, Bottom: 98.21
2026-06-02 14:30:40.207 - [robot_6_log_20260602_143011.csv] - DEBUG - Posición actualizada por visión: x=265.51, y=98.21, θ=1.68
2026-06-02 14:30:40.207 - [robot_6_log_20260602_143011.csv] - INFO - Posicion: 265.51, 98.21, 1.681 | Velocidad: -0.9939337184424408, -0.10998074078302386
2026-06-02 14:30:40.207 - [robot_6_log_20260602_143011.csv] - DEBUG - Frecuencia: 110.50 Hz | Latencia Red/Proc: 26.01 ms
2026-06-02 14:30:40.207 - [robot_6_log_20260602_143011.csv] - INFO - None
2026-06-02 14:30:40.207 - [robot_6_log_20260602_143011.csv] - DEBUG - Incoming data. Topic 6/pos, mensaje {"x": 265.51, "y": 98.21, "yaw": 1.681, "timestamp": 1780403440.192982}
2026-06-02 14:30:40.207 - [robot_6_log_20260602_143011.csv] - WARNING - Estado FSM: AVANZA | Target Wall: None | Target Theta: 0.00° |theta: 96.31420536149139 
2026-06-02 14:30:40.207 - [robot_6_log_20260602_143011.csv] - DEBUG - Posición actualizada por visión: x=265.51, y=98.21, θ=1.68
2026-06-02 14:30:40.219 - [robot_6_log_20260602_143011.csv] - DEBUG - Frecuencia: 87.61 Hz | Latencia Red/Proc: 26.22 ms
2026-06-02 14:30:40.230 - [robot_6_log_20260602_143011.csv] - DEBUG - Incoming data. Topic 6/pos, mensaje {"x": 265.51, "y": 98.21, "yaw": 1.681, "timestamp": 1780403440.192982}
2026-06-02 14:30:40.235 - [robot_6_log_20260602_143011.csv] - DEBUG - Posición actualizada por visión: x=265.51, y=98.21, θ=1.68
2026-06-02 14:30:40.241 - [robot_6_log_20260602_143011.csv] - DEBUG - Frecuencia: 44.34 Hz | Latencia Red/Proc: 48.77 ms
2026-06-02 14:30:40.257 - [robot_6_log_20260602_143011.csv] - INFO - Usando posición VISION: x=265.51, y=98.21, θ=1.68
2026-06-02 14:30:40.257 - [robot_6_log_20260602_143011.csv] - INFO - Distancias a paredes: Left: 265.51, Right: 184.49, Top: 41.79, Bottom: 98.21
2026-06-02 14:30:40.257 - [robot_6_log_20260602_143011.csv] - INFO - Posicion: 265.51, 98.21, 1.681 | Velocidad: -0.9939337184424408, -0.10998074078302386
2026-06-02 14:30:40.257 - [robot_6_log_20260602_143011.csv] - INFO - None
2026-06-02 14:30:40.257 - [robot_6_log_20260602_143011.csv] - WARNING - Estado FSM: AVANZA | Target Wall: None | Target Theta: 0.00° |theta: 96.31420536149139 
2026-06-02 14:30:40.269 - [robot_6_log_20260602_143011.csv] - DEBUG - Incoming data. Topic agent/6/wheel, mensaje {"Wleft":1.657007864e-15,"Wright":-3.719247132e-16}
2026-06-02 14:30:40.281 - [robot_6_log_20260602_143011.csv] - DEBUG - Incoming data. Topic 6/pos, mensaje {"x": 265.47, "y": 98.23, "yaw": 1.674, "timestamp": 1780403440.2788076}
2026-06-02 14:30:40.286 - [robot_6_log_20260602_143011.csv] - DEBUG - Posición actualizada por visión: x=265.47, y=98.23, θ=1.67
2026-06-02 14:30:40.291 - [robot_6_log_20260602_143011.csv] - DEBUG - Frecuencia: 20.04 Hz | Latencia Red/Proc: 12.85 ms
2026-06-02 14:30:40.307 - [robot_6_log_20260602_143011.csv] - INFO - Usando posición VISION: x=265.47, y=98.23, θ=1.67
2026-06-02 14:30:40.307 - [robot_6_log_20260602_143011.csv] - INFO - Distancias a paredes: Left: 265.47, Right: 184.53, Top: 41.77, Bottom: 98.23
2026-06-02 14:30:40.307 - [robot_6_log_20260602_143011.csv] - INFO - Posicion: 265.47, 98.23, 1.674 | Velocidad: -0.9946792260640379, -0.10302056705651848
2026-06-02 14:30:40.307 - [robot_6_log_20260602_143011.csv] - INFO - None
2026-06-02 14:30:40.307 - [robot_6_log_20260602_143011.csv] - DEBUG - Incoming data. Topic 6/pos, mensaje {"x": 265.47, "y": 98.23, "yaw": 1.674, "timestamp": 1780403440.2788076}
2026-06-02 14:30:40.307 - [robot_6_log_20260602_143011.csv] - WARNING - Estado FSM: AVANZA | Target Wall: None | Target Theta: 0.00° |theta: 95.9131349048998 
2026-06-02 14:30:40.307 - [robot_6_log_20260602_143011.csv] - DEBUG - Posición actualizada por visión: x=265.47, y=98.23, θ=1.67
2026-06-02 14:30:40.313 - [robot_6_log_20260602_143011.csv] - DEBUG - Frecuencia: 46.66 Hz | Latencia Red/Proc: 34.28 ms
2026-06-02 14:30:40.313 - [robot_6_log_20260602_143011.csv] - DEBUG - Incoming data. Topic 6/pos, mensaje {"x": 265.47, "y": 98.23, "yaw": 1.674, "timestamp": 1780403440.289485}
2026-06-02 14:30:40.313 - [robot_6_log_20260602_143011.csv] - DEBUG - Posición actualizada por visión: x=265.47, y=98.23, θ=1.67
2026-06-02 14:30:40.313 - [robot_6_log_20260602_143011.csv] - DEBUG - Frecuencia: 8793.09 Hz | Latencia Red/Proc: 23.72 ms
2026-06-02 14:30:40.318 - [robot_6_log_20260602_143011.csv] - DEBUG - Incoming data. Topic 6/pos, mensaje {"x": 265.47, "y": 98.23, "yaw": 1.674, "timestamp": 1780403440.289485}
2026-06-02 14:30:40.323 - [robot_6_log_20260602_143011.csv] - DEBUG - Posición actualizada por visión: x=265.47, y=98.23, θ=1.67
2026-06-02 14:30:40.329 - [robot_6_log_20260602_143011.csv] - DEBUG - Frecuencia: 61.14 Hz | Latencia Red/Proc: 40.07 ms
2026-06-02 14:30:40.335 - [robot_6_log_20260602_143011.csv] - DEBUG - Incoming data. Topic agent/6/wheel, mensaje {"Wleft":1.657007864e-15,"Wright":-3.719247132e-16}
2026-06-02 14:30:40.357 - [robot_6_log_20260602_143011.csv] - INFO - Usando posición VISION: x=265.47, y=98.23, θ=1.67
2026-06-02 14:30:40.357 - [robot_6_log_20260602_143011.csv] - INFO - Distancias a paredes: Left: 265.47, Right: 184.53, Top: 41.77, Bottom: 98.23
2026-06-02 14:30:40.357 - [robot_6_log_20260602_143011.csv] - INFO - Posicion: 265.47, 98.23, 1.674 | Velocidad: -0.9946792260640379, -0.10302056705651848
2026-06-02 14:30:40.357 - [robot_6_log_20260602_143011.csv] - INFO - None
2026-06-02 14:30:40.357 - [robot_6_log_20260602_143011.csv] - WARNING - Estado FSM: AVANZA | Target Wall: None | Target Theta: 0.00° |theta: 95.9131349048998 
2026-06-02 14:30:40.382 - [robot_6_log_20260602_143011.csv] - DEBUG - Incoming data. Topic 6/pos, mensaje {"x": 265.47, "y": 98.22, "yaw": 1.674, "timestamp": 1780403440.377875}
2026-06-02 14:30:40.387 - [robot_6_log_20260602_143011.csv] - DEBUG - Posición actualizada por visión: x=265.47, y=98.22, θ=1.67
2026-06-02 14:30:40.392 - [robot_6_log_20260602_143011.csv] - DEBUG - Frecuencia: 15.90 Hz | Latencia Red/Proc: 14.58 ms
2026-06-02 14:30:40.397 - [robot_6_log_20260602_143011.csv] - DEBUG - Incoming data. Topic 6/pos, mensaje {"x": 265.47, "y": 98.22, "yaw": 1.674, "timestamp": 1780403440.377875}
2026-06-02 14:30:40.402 - [robot_6_log_20260602_143011.csv] - DEBUG - Posición actualizada por visión: x=265.47, y=98.22, θ=1.67
2026-06-02 14:30:40.402 - [robot_6_log_20260602_143011.csv] - DEBUG - Frecuencia: 95.76 Hz | Latencia Red/Proc: 25.02 ms
2026-06-02 14:30:40.402 - [robot_6_log_20260602_143011.csv] - DEBUG - Incoming data. Topic 6/pos, mensaje {"x": 265.47, "y": 98.22, "yaw": 1.674, "timestamp": 1780403440.3889623}
2026-06-02 14:30:40.402 - [robot_6_log_20260602_143011.csv] - DEBUG - Posición actualizada por visión: x=265.47, y=98.22, θ=1.67
2026-06-02 14:30:40.402 - [robot_6_log_20260602_143011.csv] - DEBUG - Frecuencia: 15768.06 Hz | Latencia Red/Proc: 14.00 ms
2026-06-02 14:30:40.407 - [robot_6_log_20260602_143011.csv] - INFO - Usando posición VISION: x=265.47, y=98.22, θ=1.67
2026-06-02 14:30:40.407 - [robot_6_log_20260602_143011.csv] - INFO - Distancias a paredes: Left: 265.47, Right: 184.53, Top: 41.78, Bottom: 98.22
2026-06-02 14:30:40.407 - [robot_6_log_20260602_143011.csv] - INFO - Posicion: 265.47, 98.22, 1.674 | Velocidad: -0.9946792260640379, -0.10302056705651848
2026-06-02 14:30:40.407 - [robot_6_log_20260602_143011.csv] - INFO - None
2026-06-02 14:30:40.407 - [robot_6_log_20260602_143011.csv] - WARNING - Estado FSM: AVANZA | Target Wall: None | Target Theta: 0.00° |theta: 95.9131349048998 
2026-06-02 14:30:40.412 - [robot_6_log_20260602_143011.csv] - DEBUG - Incoming data. Topic 6/pos, mensaje {"x": 265.47, "y": 98.22, "yaw": 1.674, "timestamp": 1780403440.3889623}
2026-06-02 14:30:40.418 - [robot_6_log_20260602_143011.csv] - DEBUG - Posición actualizada por visión: x=265.47, y=98.22, θ=1.67
2026-06-02 14:30:40.418 - [robot_6_log_20260602_143011.csv] - DEBUG - Frecuencia: 65.91 Hz | Latencia Red/Proc: 29.17 ms
2026-06-02 14:30:40.457 - [robot_6_log_20260602_143011.csv] - INFO - Usando posición VISION: x=265.47, y=98.22, θ=1.67
2026-06-02 14:30:40.457 - [robot_6_log_20260602_143011.csv] - INFO - Distancias a paredes: Left: 265.47, Right: 184.53, Top: 41.78, Bottom: 98.22
2026-06-02 14:30:40.457 - [robot_6_log_20260602_143011.csv] - INFO - Posicion: 265.47, 98.22, 1.674 | Velocidad: -0.9946792260640379, -0.10302056705651848
2026-06-02 14:30:40.457 - [robot_6_log_20260602_143011.csv] - INFO - None
2026-06-02 14:30:40.457 - [robot_6_log_20260602_143011.csv] - WARNING - Estado FSM: AVANZA | Target Wall: None | Target Theta: 0.00° |theta: 95.9131349048998 
2026-06-02 14:30:40.482 - [robot_6_log_20260602_143011.csv] - DEBUG - Incoming data. Topic 6/pos, mensaje {"x": 265.47, "y": 98.24, "yaw": 1.673, "timestamp": 1780403440.4784229}
2026-06-02 14:30:40.487 - [robot_6_log_20260602_143011.csv] - DEBUG - Posición actualizada por visión: x=265.47, y=98.24, θ=1.67
2026-06-02 14:30:40.493 - [robot_6_log_20260602_143011.csv] - DEBUG - Frecuencia: 13.25 Hz | Latencia Red/Proc: 15.18 ms
2026-06-02 14:30:40.504 - [robot_6_log_20260602_143011.csv] - DEBUG - Incoming data. Topic 6/pos, mensaje {"x": 265.47, "y": 98.24, "yaw": 1.673, "timestamp": 1780403440.4784229}
2026-06-02 14:30:40.505 - [robot_6_log_20260602_143011.csv] - DEBUG - Posición actualizada por visión: x=265.47, y=98.24, θ=1.67
2026-06-02 14:30:40.505 - [robot_6_log_20260602_143011.csv] - DEBUG - Frecuencia: 87.33 Hz | Latencia Red/Proc: 26.63 ms
2026-06-02 14:30:40.505 - [robot_6_log_20260602_143011.csv] - DEBUG - Incoming data. Topic 6/pos, mensaje {"x": 265.47, "y": 98.24, "yaw": 1.673, "timestamp": 1780403440.4869545}
2026-06-02 14:30:40.505 - [robot_6_log_20260602_143011.csv] - DEBUG - Posición actualizada por visión: x=265.47, y=98.24, θ=1.67
2026-06-02 14:30:40.505 - [robot_6_log_20260602_143011.csv] - DEBUG - Frecuencia: 11522.81 Hz | Latencia Red/Proc: 18.19 ms
2026-06-02 14:30:40.505 - [robot_6_log_20260602_143011.csv] - DEBUG - Incoming data. Topic agent/6/wheel, mensaje {"Wleft":1.657007864e-15,"Wright":-3.719247132e-16}
2026-06-02 14:30:40.507 - [robot_6_log_20260602_143011.csv] - INFO - Usando posición VISION: x=265.47, y=98.24, θ=1.67
2026-06-02 14:30:40.507 - [robot_6_log_20260602_143011.csv] - INFO - Distancias a paredes: Left: 265.47, Right: 184.53, Top: 41.76, Bottom: 98.24
2026-06-02 14:30:40.507 - [robot_6_log_20260602_143011.csv] - INFO - Posicion: 265.47, 98.24, 1.673 | Velocidad: -0.9947817492743527, -0.10202583648595517
2026-06-02 14:30:40.507 - [robot_6_log_20260602_143011.csv] - INFO - None
2026-06-02 14:30:40.507 - [robot_6_log_20260602_143011.csv] - WARNING - Estado FSM: AVANZA | Target Wall: None | Target Theta: 0.00° |theta: 95.85583912538672 
2026-06-02 14:30:40.537 - [robot_6_log_20260602_143011.csv] - DEBUG - Incoming data. Topic 6/pos, mensaje {"x": 265.47, "y": 98.24, "yaw": 1.673, "timestamp": 1780403440.4869545}
2026-06-02 14:30:40.542 - [robot_6_log_20260602_143011.csv] - DEBUG - Posición actualizada por visión: x=265.47, y=98.24, θ=1.67
2026-06-02 14:30:40.542 - [robot_6_log_20260602_143011.csv] - DEBUG - Frecuencia: 26.54 Hz | Latencia Red/Proc: 55.87 ms
2026-06-02 14:30:40.557 - [robot_6_log_20260602_143011.csv] - INFO - Usando posición VISION: x=265.47, y=98.24, θ=1.67
2026-06-02 14:30:40.557 - [robot_6_log_20260602_143011.csv] - DEBUG - Incoming data. Topic agent/6/wheel, mensaje {"Wleft":1.657007864e-15,"Wright":-3.719247132e-16}
2026-06-02 14:30:40.557 - [robot_6_log_20260602_143011.csv] - INFO - Distancias a paredes: Left: 265.47, Right: 184.53, Top: 41.76, Bottom: 98.24
2026-06-02 14:30:40.557 - [robot_6_log_20260602_143011.csv] - INFO - Posicion: 265.47, 98.24, 1.673 | Velocidad: -0.9947817492743527, -0.10202583648595517
2026-06-02 14:30:40.557 - [robot_6_log_20260602_143011.csv] - INFO - None
2026-06-02 14:30:40.557 - [robot_6_log_20260602_143011.csv] - WARNING - Estado FSM: AVANZA | Target Wall: None | Target Theta: 0.00° |theta: 95.85583912538672 
2026-06-02 14:30:40.586 - [robot_6_log_20260602_143011.csv] - DEBUG - Incoming data. Topic 6/pos, mensaje {"x": 265.47, "y": 98.25, "yaw": 1.675, "timestamp": 1780403440.5755997}
2026-06-02 14:30:40.596 - [robot_6_log_20260602_143011.csv] - DEBUG - Posición actualizada por visión: x=265.47, y=98.25, θ=1.68
2026-06-02 14:30:40.596 - [robot_6_log_20260602_143011.csv] - DEBUG - Frecuencia: 18.47 Hz | Latencia Red/Proc: 21.35 ms
2026-06-02 14:30:40.596 - [robot_6_log_20260602_143011.csv] - DEBUG - Incoming data. Topic 6/pos, mensaje {"x": 265.47, "y": 98.25, "yaw": 1.675, "timestamp": 1780403440.5755997}
2026-06-02 14:30:40.597 - [robot_6_log_20260602_143011.csv] - DEBUG - Posición actualizada por visión: x=265.47, y=98.25, θ=1.68
2026-06-02 14:30:40.597 - [robot_6_log_20260602_143011.csv] - DEBUG - Frecuencia: 9709.04 Hz | Latencia Red/Proc: 21.46 ms
2026-06-02 14:30:40.597 - [robot_6_log_20260602_143011.csv] - DEBUG - Incoming data. Topic 6/pos, mensaje {"x": 265.47, "y": 98.25, "yaw": 1.675, "timestamp": 1780403440.5845008}
2026-06-02 14:30:40.602 - [robot_6_log_20260602_143011.csv] - DEBUG - Posición actualizada por visión: x=265.47, y=98.25, θ=1.68
2026-06-02 14:30:40.607 - [robot_6_log_20260602_143011.csv] - DEBUG - Frecuencia: 95.85 Hz | Latencia Red/Proc: 22.99 ms
2026-06-02 14:30:40.607 - [robot_6_log_20260602_143011.csv] - INFO - Usando posición VISION: x=265.47, y=98.25, θ=1.68
2026-06-02 14:30:40.607 - [robot_6_log_20260602_143011.csv] - INFO - Distancias a paredes: Left: 265.47, Right: 184.53, Top: 41.75, Bottom: 98.25
2026-06-02 14:30:40.607 - [robot_6_log_20260602_143011.csv] - INFO - Posicion: 265.47, 98.25, 1.675 | Velocidad: -0.9945757081745799, -0.10401519460652353
2026-06-02 14:30:40.607 - [robot_6_log_20260602_143011.csv] - INFO - None
2026-06-02 14:30:40.607 - [robot_6_log_20260602_143011.csv] - WARNING - Estado FSM: AVANZA | Target Wall: None | Target Theta: 0.00° |theta: 95.97043068441289 
2026-06-02 14:30:40.623 - [robot_6_log_20260602_143011.csv] - DEBUG - Incoming data. Topic 6/pos, mensaje {"x": 265.47, "y": 98.25, "yaw": 1.675, "timestamp": 1780403440.5845008}
2026-06-02 14:30:40.633 - [robot_6_log_20260602_143011.csv] - DEBUG - Posición actualizada por visión: x=265.47, y=98.25, θ=1.68
2026-06-02 14:30:40.638 - [robot_6_log_20260602_143011.csv] - DEBUG - Frecuencia: 31.82 Hz | Latencia Red/Proc: 54.42 ms
2026-06-02 14:30:40.657 - [robot_6_log_20260602_143011.csv] - INFO - Usando posición VISION: x=265.47, y=98.25, θ=1.68
2026-06-02 14:30:40.657 - [robot_6_log_20260602_143011.csv] - INFO - Distancias a paredes: Left: 265.47, Right: 184.53, Top: 41.75, Bottom: 98.25
2026-06-02 14:30:40.657 - [robot_6_log_20260602_143011.csv] - INFO - Posicion: 265.47, 98.25, 1.675 | Velocidad: -0.9945757081745799, -0.10401519460652353
2026-06-02 14:30:40.657 - [robot_6_log_20260602_143011.csv] - INFO - None
2026-06-02 14:30:40.657 - [robot_6_log_20260602_143011.csv] - WARNING - Estado FSM: AVANZA | Target Wall: None | Target Theta: 0.00° |theta: 95.97043068441289 
2026-06-02 14:30:40.687 - [robot_6_log_20260602_143011.csv] - DEBUG - Incoming data. Topic 6/pos, mensaje {"x": 265.52, "y": 98.21, "yaw": 1.68, "timestamp": 1780403440.6760044}
2026-06-02 14:30:40.688 - [robot_6_log_20260602_143011.csv] - DEBUG - Posición actualizada por visión: x=265.52, y=98.21, θ=1.68
2026-06-02 14:30:40.693 - [robot_6_log_20260602_143011.csv] - DEBUG - Frecuencia: 18.40 Hz | Latencia Red/Proc: 17.27 ms
2026-06-02 14:30:40.707 - [robot_6_log_20260602_143011.csv] - INFO - Usando posición VISION: x=265.52, y=98.21, θ=1.68
2026-06-02 14:30:40.707 - [robot_6_log_20260602_143011.csv] - INFO - Distancias a paredes: Left: 265.52, Right: 184.48, Top: 41.79, Bottom: 98.21
2026-06-02 14:30:40.707 - [robot_6_log_20260602_143011.csv] - INFO - Posicion: 265.52, 98.21, 1.68 | Velocidad: -0.994043202198076, -0.10898675223987112
2026-06-02 14:30:40.707 - [robot_6_log_20260602_143011.csv] - INFO - None
2026-06-02 14:30:40.707 - [robot_6_log_20260602_143011.csv] - WARNING - Estado FSM: AVANZA | Target Wall: None | Target Theta: 0.00° |theta: 96.2569095819783 
2026-06-02 14:30:40.712 - [robot_6_log_20260602_143011.csv] - DEBUG - Incoming data. Topic 6/pos, mensaje {"x": 265.52, "y": 98.21, "yaw": 1.68, "timestamp": 1780403440.6760044}
2026-06-02 14:30:40.713 - [robot_6_log_20260602_143011.csv] - DEBUG - Posición actualizada por visión: x=265.52, y=98.21, θ=1.68
2026-06-02 14:30:40.713 - [robot_6_log_20260602_143011.csv] - DEBUG - Frecuencia: 50.45 Hz | Latencia Red/Proc: 37.09 ms
2026-06-02 14:30:40.713 - [robot_6_log_20260602_143011.csv] - DEBUG - Incoming data. Topic 6/pos, mensaje {"x": 265.52, "y": 98.21, "yaw": 1.68, "timestamp": 1780403440.6847649}
2026-06-02 14:30:40.713 - [robot_6_log_20260602_143011.csv] - DEBUG - Posición actualizada por visión: x=265.52, y=98.21, θ=1.68
2026-06-02 14:30:40.713 - [robot_6_log_20260602_143011.csv] - DEBUG - Frecuencia: 4279.90 Hz | Latencia Red/Proc: 28.56 ms
2026-06-02 14:30:40.730 - [robot_6_log_20260602_143011.csv] - DEBUG - Incoming data. Topic 6/pos, mensaje {"x": 265.52, "y": 98.21, "yaw": 1.68, "timestamp": 1780403440.6847649}
2026-06-02 14:30:40.730 - [robot_6_log_20260602_143011.csv] - DEBUG - Posición actualizada por visión: x=265.52, y=98.21, θ=1.68
2026-06-02 14:30:40.730 - [robot_6_log_20260602_143011.csv] - DEBUG - Frecuencia: 58.71 Hz | Latencia Red/Proc: 45.60 ms
2026-06-02 14:30:40.741 - [robot_6_log_20260602_143011.csv] - DEBUG - Incoming data. Topic agent/6/wheel, mensaje {"Wleft":1.657007864e-15,"Wright":-3.719247132e-16}
2026-06-02 14:30:40.757 - [robot_6_log_20260602_143011.csv] - INFO - Usando posición VISION: x=265.52, y=98.21, θ=1.68
2026-06-02 14:30:40.757 - [robot_6_log_20260602_143011.csv] - INFO - Distancias a paredes: Left: 265.52, Right: 184.48, Top: 41.79, Bottom: 98.21
2026-06-02 14:30:40.757 - [robot_6_log_20260602_143011.csv] - INFO - Posicion: 265.52, 98.21, 1.68 | Velocidad: -0.994043202198076, -0.10898675223987112
2026-06-02 14:30:40.757 - [robot_6_log_20260602_143011.csv] - INFO - None
2026-06-02 14:30:40.757 - [robot_6_log_20260602_143011.csv] - WARNING - Estado FSM: AVANZA | Target Wall: None | Target Theta: 0.00° |theta: 96.2569095819783 
2026-06-02 14:30:40.773 - [robot_6_log_20260602_143011.csv] - DEBUG - Incoming data. Topic agent/6/wheel, mensaje {"Wleft":1.657007864e-15,"Wright":-3.719247132e-16}
2026-06-02 14:30:40.790 - [robot_6_log_20260602_143011.csv] - DEBUG - Incoming data. Topic 6/pos, mensaje {"x": 265.48, "y": 98.23, "yaw": 1.674, "timestamp": 1780403440.7761052}
2026-06-02 14:30:40.796 - [robot_6_log_20260602_143011.csv] - DEBUG - Posición actualizada por visión: x=265.48, y=98.23, θ=1.67
2026-06-02 14:30:40.801 - [robot_6_log_20260602_143011.csv] - DEBUG - Frecuencia: 13.98 Hz | Latencia Red/Proc: 25.76 ms
2026-06-02 14:30:40.807 - [robot_6_log_20260602_143011.csv] - DEBUG - Incoming data. Topic 6/pos, mensaje {"x": 265.48, "y": 98.23, "yaw": 1.674, "timestamp": 1780403440.7761052}
2026-06-02 14:30:40.807 - [robot_6_log_20260602_143011.csv] - DEBUG - Posición actualizada por visión: x=265.48, y=98.23, θ=1.67
2026-06-02 14:30:40.807 - [robot_6_log_20260602_143011.csv] - INFO - Usando posición VISION: x=265.48, y=98.23, θ=1.67
2026-06-02 14:30:40.807 - [robot_6_log_20260602_143011.csv] - DEBUG - Frecuencia: 172.93 Hz | Latencia Red/Proc: 31.55 ms
2026-06-02 14:30:40.807 - [robot_6_log_20260602_143011.csv] - INFO - Distancias a paredes: Left: 265.48, Right: 184.52, Top: 41.77, Bottom: 98.23
2026-06-02 14:30:40.807 - [robot_6_log_20260602_143011.csv] - DEBUG - Incoming data. Topic 6/pos, mensaje {"x": 265.48, "y": 98.23, "yaw": 1.674, "timestamp": 1780403440.7875893}
2026-06-02 14:30:40.807 - [robot_6_log_20260602_143011.csv] - INFO - Posicion: 265.48, 98.23, 1.674 | Velocidad: -0.9946792260640379, -0.10302056705651848
2026-06-02 14:30:40.807 - [robot_6_log_20260602_143011.csv] - DEBUG - Posición actualizada por visión: x=265.48, y=98.23, θ=1.67
2026-06-02 14:30:40.807 - [robot_6_log_20260602_143011.csv] - INFO - None
2026-06-02 14:30:40.807 - [robot_6_log_20260602_143011.csv] - DEBUG - Frecuencia: 4036.87 Hz | Latencia Red/Proc: 20.31 ms
2026-06-02 14:30:40.807 - [robot_6_log_20260602_143011.csv] - WARNING - Estado FSM: AVANZA | Target Wall: None | Target Theta: 0.00° |theta: 95.9131349048998 
2026-06-02 14:30:40.808 - [robot_6_log_20260602_143011.csv] - DEBUG - Incoming data. Topic 6/pos, mensaje {"x": 265.48, "y": 98.23, "yaw": 1.674, "timestamp": 1780403440.7875893}
2026-06-02 14:30:40.819 - [robot_6_log_20260602_143011.csv] - DEBUG - Posición actualizada por visión: x=265.48, y=98.23, θ=1.67
2026-06-02 14:30:40.824 - [robot_6_log_20260602_143011.csv] - DEBUG - Frecuencia: 60.70 Hz | Latencia Red/Proc: 36.78 ms
2026-06-02 14:30:40.857 - [robot_6_log_20260602_143011.csv] - INFO - Usando posición VISION: x=265.48, y=98.23, θ=1.67
2026-06-02 14:30:40.857 - [robot_6_log_20260602_143011.csv] - INFO - Distancias a paredes: Left: 265.48, Right: 184.52, Top: 41.77, Bottom: 98.23
2026-06-02 14:30:40.857 - [robot_6_log_20260602_143011.csv] - INFO - Posicion: 265.48, 98.23, 1.674 | Velocidad: -0.9946792260640379, -0.10302056705651848
2026-06-02 14:30:40.857 - [robot_6_log_20260602_143011.csv] - INFO - None
2026-06-02 14:30:40.857 - [robot_6_log_20260602_143011.csv] - WARNING - Estado FSM: AVANZA | Target Wall: None | Target Theta: 0.00° |theta: 95.9131349048998 
2026-06-02 14:30:40.862 - [robot_6_log_20260602_143011.csv] - DEBUG - Incoming data. Topic agent/6/wheel, mensaje {"Wleft":1.657007864e-15,"Wright":-3.719247132e-16}
2026-06-02 14:30:40.880 - [robot_6_log_20260602_143011.csv] - DEBUG - Incoming data. Topic 6/pos, mensaje {"x": 265.47, "y": 98.23, "yaw": 1.675, "timestamp": 1780403440.8777971}
2026-06-02 14:30:40.885 - [robot_6_log_20260602_143011.csv] - DEBUG - Posición actualizada por visión: x=265.47, y=98.23, θ=1.68
2026-06-02 14:30:40.891 - [robot_6_log_20260602_143011.csv] - DEBUG - Frecuencia: 14.87 Hz | Latencia Red/Proc: 13.81 ms
2026-06-02 14:30:40.896 - [robot_6_log_20260602_143011.csv] - DEBUG - Incoming data. Topic 6/pos, mensaje {"x": 265.47, "y": 98.23, "yaw": 1.675, "timestamp": 1780403440.8777971}
2026-06-02 14:30:40.896 - [robot_6_log_20260602_143011.csv] - DEBUG - Posición actualizada por visión: x=265.47, y=98.23, θ=1.68
2026-06-02 14:30:40.896 - [robot_6_log_20260602_143011.csv] - DEBUG - Frecuencia: 193.56 Hz | Latencia Red/Proc: 18.97 ms
2026-06-02 14:30:40.896 - [robot_6_log_20260602_143011.csv] - DEBUG - Incoming data. Topic 6/pos, mensaje {"x": 265.47, "y": 98.23, "yaw": 1.675, "timestamp": 1780403440.8888648}
2026-06-02 14:30:40.896 - [robot_6_log_20260602_143011.csv] - DEBUG - Posición actualizada por visión: x=265.47, y=98.23, θ=1.68
2026-06-02 14:30:40.896 - [robot_6_log_20260602_143011.csv] - DEBUG - Frecuencia: 28926.23 Hz | Latencia Red/Proc: 7.94 ms
2026-06-02 14:30:40.896 - [robot_6_log_20260602_143011.csv] - DEBUG - Incoming data. Topic 6/pos, mensaje {"x": 265.47, "y": 98.23, "yaw": 1.675, "timestamp": 1780403440.8888648}
2026-06-02 14:30:40.896 - [robot_6_log_20260602_143011.csv] - DEBUG - Posición actualizada por visión: x=265.47, y=98.23, θ=1.68
2026-06-02 14:30:40.896 - [robot_6_log_20260602_143011.csv] - DEBUG - Frecuencia: 29127.11 Hz | Latencia Red/Proc: 7.97 ms
2026-06-02 14:30:40.907 - [robot_6_log_20260602_143011.csv] - INFO - Usando posición VISION: x=265.47, y=98.23, θ=1.68
2026-06-02 14:30:40.907 - [robot_6_log_20260602_143011.csv] - INFO - Distancias a paredes: Left: 265.47, Right: 184.53, Top: 41.77, Bottom: 98.23
2026-06-02 14:30:40.907 - [robot_6_log_20260602_143011.csv] - INFO - Posicion: 265.47, 98.23, 1.675 | Velocidad: -0.9945757081745799, -0.10401519460652353
2026-06-02 14:30:40.907 - [robot_6_log_20260602_143011.csv] - INFO - None
2026-06-02 14:30:40.907 - [robot_6_log_20260602_143011.csv] - WARNING - Estado FSM: AVANZA | Target Wall: None | Target Theta: 0.00° |theta: 95.97043068441289 
2026-06-02 14:30:40.957 - [robot_6_log_20260602_143011.csv] - INFO - Usando posición VISION: x=265.47, y=98.23, θ=1.68
2026-06-02 14:30:40.957 - [robot_6_log_20260602_143011.csv] - INFO - Distancias a paredes: Left: 265.47, Right: 184.53, Top: 41.77, Bottom: 98.23
2026-06-02 14:30:40.957 - [robot_6_log_20260602_143011.csv] - INFO - Posicion: 265.47, 98.23, 1.675 | Velocidad: -0.9945757081745799, -0.10401519460652353
2026-06-02 14:30:40.957 - [robot_6_log_20260602_143011.csv] - INFO - None
2026-06-02 14:30:40.957 - [robot_6_log_20260602_143011.csv] - WARNING - Estado FSM: AVANZA | Target Wall: None | Target Theta: 0.00° |theta: 95.97043068441289 
2026-06-02 14:30:40.981 - [robot_6_log_20260602_143011.csv] - DEBUG - Incoming data. Topic 6/pos, mensaje {"x": 265.48, "y": 98.24, "yaw": 1.667, "timestamp": 1780403440.9779637}
2026-06-02 14:30:40.986 - [robot_6_log_20260602_143011.csv] - DEBUG - Posición actualizada por visión: x=265.48, y=98.24, θ=1.67
2026-06-02 14:30:40.991 - [robot_6_log_20260602_143011.csv] - DEBUG - Frecuencia: 10.56 Hz | Latencia Red/Proc: 13.55 ms
2026-06-02 14:30:40.996 - [robot_6_log_20260602_143011.csv] - DEBUG - Incoming data. Topic 6/pos, mensaje {"x": 265.48, "y": 98.24, "yaw": 1.667, "timestamp": 1780403440.9779637}
2026-06-02 14:30:40.996 - [robot_6_log_20260602_143011.csv] - DEBUG - Posición actualizada por visión: x=265.48, y=98.24, θ=1.67
2026-06-02 14:30:40.996 - [robot_6_log_20260602_143011.csv] - DEBUG - Frecuencia: 191.07 Hz | Latencia Red/Proc: 18.78 ms
2026-06-02 14:30:40.996 - [robot_6_log_20260602_143011.csv] - DEBUG - Incoming data. Topic 6/pos, mensaje {"x": 265.48, "y": 98.24, "yaw": 1.667, "timestamp": 1780403440.98861}
2026-06-02 14:30:40.996 - [robot_6_log_20260602_143011.csv] - DEBUG - Posición actualizada por visión: x=265.48, y=98.24, θ=1.67
2026-06-02 14:30:40.996 - [robot_6_log_20260602_143011.csv] - DEBUG - Frecuencia: 24672.38 Hz | Latencia Red/Proc: 8.18 ms
2026-06-02 14:30:40.996 - [robot_6_log_20260602_143011.csv] - DEBUG - Incoming data. Topic 6/pos, mensaje {"x": 265.48, "y": 98.24, "yaw": 1.667, "timestamp": 1780403440.98861}
2026-06-02 14:30:40.996 - [robot_6_log_20260602_143011.csv] - DEBUG - Posición actualizada por visión: x=265.48, y=98.24, θ=1.67
2026-06-02 14:30:40.996 - [robot_6_log_20260602_143011.csv] - DEBUG - Frecuencia: 29746.84 Hz | Latencia Red/Proc: 8.21 ms
2026-06-02 14:30:41.007 - [robot_6_log_20260602_143011.csv] - INFO - Usando posición VISION: x=265.48, y=98.24, θ=1.67
2026-06-02 14:30:41.007 - [robot_6_log_20260602_143011.csv] - INFO - Distancias a paredes: Left: 265.48, Right: 184.52, Top: 41.76, Bottom: 98.24
2026-06-02 14:30:41.007 - [robot_6_log_20260602_143011.csv] - INFO - Posicion: 265.48, 98.24, 1.667 | Velocidad: -0.9953759946025762, -0.09605534534284021
2026-06-02 14:30:41.007 - [robot_6_log_20260602_143011.csv] - INFO - None
2026-06-02 14:30:41.007 - [robot_6_log_20260602_143011.csv] - WARNING - Estado FSM: AVANZA | Target Wall: None | Target Theta: 0.00° |theta: 95.51206444830824 
2026-06-02 14:30:41.032 - [robot_6_log_20260602_143011.csv] - DEBUG - Incoming data. Topic agent/6/wheel, mensaje {"Wleft":1.657007864e-15,"Wright":-3.719247132e-16}
2026-06-02 14:30:41.057 - [robot_6_log_20260602_143011.csv] - INFO - Usando posición VISION: x=265.48, y=98.24, θ=1.67
2026-06-02 14:30:41.057 - [robot_6_log_20260602_143011.csv] - INFO - Distancias a paredes: Left: 265.48, Right: 184.52, Top: 41.76, Bottom: 98.24
2026-06-02 14:30:41.057 - [robot_6_log_20260602_143011.csv] - INFO - Posicion: 265.48, 98.24, 1.667 | Velocidad: -0.9953759946025762, -0.09605534534284021
2026-06-02 14:30:41.057 - [robot_6_log_20260602_143011.csv] - INFO - None
2026-06-02 14:30:41.057 - [robot_6_log_20260602_143011.csv] - WARNING - Estado FSM: AVANZA | Target Wall: None | Target Theta: 0.00° |theta: 95.51206444830824 
2026-06-02 14:30:41.076 - [robot_6_log_20260602_143011.csv] - DEBUG - Incoming data. Topic agent/6/wheel, mensaje {"Wleft":1.657007864e-15,"Wright":-3.719247132e-16}
2026-06-02 14:30:41.091 - [robot_6_log_20260602_143011.csv] - DEBUG - Incoming data. Topic 6/pos, mensaje {"x": 265.48, "y": 98.23, "yaw": 1.669, "timestamp": 1780403441.0752912}
2026-06-02 14:30:41.091 - [robot_6_log_20260602_143011.csv] - DEBUG - Posición actualizada por visión: x=265.48, y=98.23, θ=1.67
2026-06-02 14:30:41.096 - [robot_6_log_20260602_143011.csv] - DEBUG - Frecuencia: 10.03 Hz | Latencia Red/Proc: 21.21 ms
2026-06-02 14:30:41.096 - [robot_6_log_20260602_143011.csv] - DEBUG - Incoming data. Topic 6/pos, mensaje {"x": 265.48, "y": 98.23, "yaw": 1.669, "timestamp": 1780403441.0752912}
2026-06-02 14:30:41.101 - [robot_6_log_20260602_143011.csv] - DEBUG - Posición actualizada por visión: x=265.48, y=98.23, θ=1.67
2026-06-02 14:30:41.106 - [robot_6_log_20260602_143011.csv] - DEBUG - Frecuencia: 97.69 Hz | Latencia Red/Proc: 31.44 ms
2026-06-02 14:30:41.107 - [robot_6_log_20260602_143011.csv] - INFO - Usando posición VISION: x=265.48, y=98.23, θ=1.67
2026-06-02 14:30:41.107 - [robot_6_log_20260602_143011.csv] - DEBUG - Incoming data. Topic 6/pos, mensaje {"x": 265.48, "y": 98.23, "yaw": 1.669, "timestamp": 1780403441.0838234}
2026-06-02 14:30:41.107 - [robot_6_log_20260602_143011.csv] - INFO - Distancias a paredes: Left: 265.48, Right: 184.52, Top: 41.77, Bottom: 98.23
2026-06-02 14:30:41.107 - [robot_6_log_20260602_143011.csv] - DEBUG - Posición actualizada por visión: x=265.48, y=98.23, θ=1.67
2026-06-02 14:30:41.107 - [robot_6_log_20260602_143011.csv] - INFO - Posicion: 265.48, 98.23, 1.669 | Velocidad: -0.9951818932886386, -0.09804590389425098
2026-06-02 14:30:41.107 - [robot_6_log_20260602_143011.csv] - DEBUG - Frecuencia: 1050.15 Hz | Latencia Red/Proc: 23.86 ms
2026-06-02 14:30:41.107 - [robot_6_log_20260602_143011.csv] - INFO - None
2026-06-02 14:30:41.107 - [robot_6_log_20260602_143011.csv] - DEBUG - Incoming data. Topic 6/pos, mensaje {"x": 265.48, "y": 98.23, "yaw": 1.669, "timestamp": 1780403441.0838234}
2026-06-02 14:30:41.107 - [robot_6_log_20260602_143011.csv] - WARNING - Estado FSM: AVANZA | Target Wall: None | Target Theta: 0.00° |theta: 95.6266560073344 
2026-06-02 14:30:41.107 - [robot_6_log_20260602_143011.csv] - DEBUG - Posición actualizada por visión: x=265.48, y=98.23, θ=1.67
2026-06-02 14:30:41.118 - [robot_6_log_20260602_143011.csv] - DEBUG - Frecuencia: 96.98 Hz | Latencia Red/Proc: 34.18 ms
2026-06-02 14:30:41.157 - [robot_6_log_20260602_143011.csv] - INFO - Usando posición VISION: x=265.48, y=98.23, θ=1.67
2026-06-02 14:30:41.157 - [robot_6_log_20260602_143011.csv] - INFO - Distancias a paredes: Left: 265.48, Right: 184.52, Top: 41.77, Bottom: 98.23
2026-06-02 14:30:41.157 - [robot_6_log_20260602_143011.csv] - INFO - Posicion: 265.48, 98.23, 1.669 | Velocidad: -0.9951818932886386, -0.09804590389425098
2026-06-02 14:30:41.157 - [robot_6_log_20260602_143011.csv] - INFO - None
2026-06-02 14:30:41.157 - [robot_6_log_20260602_143011.csv] - WARNING - Estado FSM: AVANZA | Target Wall: None | Target Theta: 0.00° |theta: 95.6266560073344 
2026-06-02 14:30:41.169 - [robot_6_log_20260602_143011.csv] - DEBUG - Incoming data. Topic agent/6/wheel, mensaje {"Wleft":1.657007864e-15,"Wright":-3.719247132e-16}
2026-06-02 14:30:41.180 - [robot_6_log_20260602_143011.csv] - DEBUG - Incoming data. Topic 6/pos, mensaje {"x": 265.48, "y": 98.23, "yaw": 1.679, "timestamp": 1780403441.17561}
2026-06-02 14:30:41.181 - [robot_6_log_20260602_143011.csv] - DEBUG - Posición actualizada por visión: x=265.48, y=98.23, θ=1.68
2026-06-02 14:30:41.181 - [robot_6_log_20260602_143011.csv] - DEBUG - Frecuencia: 15.85 Hz | Latencia Red/Proc: 5.49 ms
2026-06-02 14:30:41.181 - [robot_6_log_20260602_143011.csv] - DEBUG - Incoming data. Topic 6/pos, mensaje {"x": 265.48, "y": 98.23, "yaw": 1.679, "timestamp": 1780403441.17561}
2026-06-02 14:30:41.181 - [robot_6_log_20260602_143011.csv] - DEBUG - Posición actualizada por visión: x=265.48, y=98.23, θ=1.68
2026-06-02 14:30:41.181 - [robot_6_log_20260602_143011.csv] - DEBUG - Frecuencia: 8905.10 Hz | Latencia Red/Proc: 5.60 ms
2026-06-02 14:30:41.192 - [robot_6_log_20260602_143011.csv] - DEBUG - Incoming data. Topic 6/pos, mensaje {"x": 265.48, "y": 98.23, "yaw": 1.679, "timestamp": 1780403441.1869116}
2026-06-02 14:30:41.197 - [robot_6_log_20260602_143011.csv] - DEBUG - Posición actualizada por visión: x=265.48, y=98.23, θ=1.68
2026-06-02 14:30:41.203 - [robot_6_log_20260602_143011.csv] - DEBUG - Frecuencia: 44.63 Hz | Latencia Red/Proc: 16.71 ms
2026-06-02 14:30:41.207 - [robot_6_log_20260602_143011.csv] - INFO - Usando posición VISION: x=265.48, y=98.23, θ=1.68
2026-06-02 14:30:41.207 - [robot_6_log_20260602_143011.csv] - DEBUG - Incoming data. Topic 6/pos, mensaje {"x": 265.48, "y": 98.23, "yaw": 1.679, "timestamp": 1780403441.1869116}
2026-06-02 14:30:41.207 - [robot_6_log_20260602_143011.csv] - INFO - Distancias a paredes: Left: 265.48, Right: 184.52, Top: 41.77, Bottom: 98.23
2026-06-02 14:30:41.207 - [robot_6_log_20260602_143011.csv] - DEBUG - Posición actualizada por visión: x=265.48, y=98.23, θ=1.68
2026-06-02 14:30:41.207 - [robot_6_log_20260602_143011.csv] - INFO - Posicion: 265.48, 98.23, 1.679 | Velocidad: -0.9941516919105917, -0.10799265470997543
2026-06-02 14:30:41.207 - [robot_6_log_20260602_143011.csv] - DEBUG - Frecuencia: 233.06 Hz | Latencia Red/Proc: 21.00 ms
2026-06-02 14:30:41.207 - [robot_6_log_20260602_143011.csv] - INFO - None
2026-06-02 14:30:41.208 - [robot_6_log_20260602_143011.csv] - WARNING - Estado FSM: AVANZA | Target Wall: None | Target Theta: 0.00° |theta: 96.19961380246522 
2026-06-02 14:30:41.257 - [robot_6_log_20260602_143011.csv] - INFO - Usando posición VISION: x=265.48, y=98.23, θ=1.68
2026-06-02 14:30:41.257 - [robot_6_log_20260602_143011.csv] - INFO - Distancias a paredes: Left: 265.48, Right: 184.52, Top: 41.77, Bottom: 98.23
2026-06-02 14:30:41.257 - [robot_6_log_20260602_143011.csv] - INFO - Posicion: 265.48, 98.23, 1.679 | Velocidad: -0.9941516919105917, -0.10799265470997543
2026-06-02 14:30:41.257 - [robot_6_log_20260602_143011.csv] - INFO - None
2026-06-02 14:30:41.257 - [robot_6_log_20260602_143011.csv] - WARNING - Estado FSM: AVANZA | Target Wall: None | Target Theta: 0.00° |theta: 96.19961380246522 
2026-06-02 14:30:41.280 - [robot_6_log_20260602_143011.csv] - DEBUG - Incoming data. Topic 6/pos, mensaje {"x": 265.47, "y": 98.23, "yaw": 1.674, "timestamp": 1780403441.2751129}
2026-06-02 14:30:41.285 - [robot_6_log_20260602_143011.csv] - DEBUG - Posición actualizada por visión: x=265.47, y=98.23, θ=1.67
2026-06-02 14:30:41.292 - [robot_6_log_20260602_143011.csv] - DEBUG - Frecuencia: 11.88 Hz | Latencia Red/Proc: 16.98 ms
2026-06-02 14:30:41.303 - [robot_6_log_20260602_143011.csv] - DEBUG - Incoming data. Topic 6/pos, mensaje {"x": 265.47, "y": 98.23, "yaw": 1.674, "timestamp": 1780403441.2751129}
2026-06-02 14:30:41.307 - [robot_6_log_20260602_143011.csv] - INFO - Usando posición VISION: x=265.47, y=98.23, θ=1.67
2026-06-02 14:30:41.307 - [robot_6_log_20260602_143011.csv] - DEBUG - Posición actualizada por visión: x=265.47, y=98.23, θ=1.67
2026-06-02 14:30:41.307 - [robot_6_log_20260602_143011.csv] - INFO - Distancias a paredes: Left: 265.47, Right: 184.53, Top: 41.77, Bottom: 98.23
2026-06-02 14:30:41.307 - [robot_6_log_20260602_143011.csv] - DEBUG - Frecuencia: 64.11 Hz | Latencia Red/Proc: 32.58 ms
2026-06-02 14:30:41.307 - [robot_6_log_20260602_143011.csv] - INFO - Posicion: 265.47, 98.23, 1.674 | Velocidad: -0.9946792260640379, -0.10302056705651848
2026-06-02 14:30:41.307 - [robot_6_log_20260602_143011.csv] - DEBUG - Incoming data. Topic 6/pos, mensaje {"x": 265.47, "y": 98.23, "yaw": 1.674, "timestamp": 1780403441.2848625}
2026-06-02 14:30:41.307 - [robot_6_log_20260602_143011.csv] - INFO - None
2026-06-02 14:30:41.307 - [robot_6_log_20260602_143011.csv] - DEBUG - Posición actualizada por visión: x=265.47, y=98.23, θ=1.67
2026-06-02 14:30:41.307 - [robot_6_log_20260602_143011.csv] - DEBUG - Frecuencia: 6316.72 Hz | Latencia Red/Proc: 22.99 ms
2026-06-02 14:30:41.307 - [robot_6_log_20260602_143011.csv] - WARNING - Estado FSM: AVANZA | Target Wall: None | Target Theta: 0.00° |theta: 95.9131349048998 
2026-06-02 14:30:41.312 - [robot_6_log_20260602_143011.csv] - DEBUG - Incoming data. Topic 6/pos, mensaje {"x": 265.47, "y": 98.23, "yaw": 1.674, "timestamp": 1780403441.2848625}
2026-06-02 14:30:41.318 - [robot_6_log_20260602_143011.csv] - DEBUG - Posición actualizada por visión: x=265.47, y=98.23, θ=1.67
2026-06-02 14:30:41.318 - [robot_6_log_20260602_143011.csv] - DEBUG - Frecuencia: 97.88 Hz | Latencia Red/Proc: 33.20 ms
2026-06-02 14:30:41.330 - [robot_6_log_20260602_143011.csv] - DEBUG - Incoming data. Topic agent/6/wheel, mensaje {"Wleft":1.657007864e-15,"Wright":-3.719247132e-16}
2026-06-02 14:30:41.357 - [robot_6_log_20260602_143011.csv] - INFO - Usando posición VISION: x=265.47, y=98.23, θ=1.67
2026-06-02 14:30:41.357 - [robot_6_log_20260602_143011.csv] - INFO - Distancias a paredes: Left: 265.47, Right: 184.53, Top: 41.77, Bottom: 98.23
2026-06-02 14:30:41.357 - [robot_6_log_20260602_143011.csv] - INFO - Posicion: 265.47, 98.23, 1.674 | Velocidad: -0.9946792260640379, -0.10302056705651848
2026-06-02 14:30:41.357 - [robot_6_log_20260602_143011.csv] - INFO - None
2026-06-02 14:30:41.357 - [robot_6_log_20260602_143011.csv] - WARNING - Estado FSM: AVANZA | Target Wall: None | Target Theta: 0.00° |theta: 95.9131349048998 
2026-06-02 14:30:41.369 - [robot_6_log_20260602_143011.csv] - DEBUG - Incoming data. Topic agent/6/wheel, mensaje {"Wleft":1.657007864e-15,"Wright":-3.719247132e-16}
2026-06-02 14:30:41.381 - [robot_6_log_20260602_143011.csv] - DEBUG - Incoming data. Topic 6/pos, mensaje {"x": 265.47, "y": 98.22, "yaw": 1.672, "timestamp": 1780403441.377323}
2026-06-02 14:30:41.381 - [robot_6_log_20260602_143011.csv] - DEBUG - Posición actualizada por visión: x=265.47, y=98.22, θ=1.67
2026-06-02 14:30:41.381 - [robot_6_log_20260602_143011.csv] - DEBUG - Frecuencia: 15.82 Hz | Latencia Red/Proc: 3.94 ms
2026-06-02 14:30:41.381 - [robot_6_log_20260602_143011.csv] - DEBUG - Incoming data. Topic 6/pos, mensaje {"x": 265.47, "y": 98.22, "yaw": 1.672, "timestamp": 1780403441.377323}
2026-06-02 14:30:41.381 - [robot_6_log_20260602_143011.csv] - DEBUG - Posición actualizada por visión: x=265.47, y=98.22, θ=1.67
2026-06-02 14:30:41.381 - [robot_6_log_20260602_143011.csv] - DEBUG - Frecuencia: 11096.04 Hz | Latencia Red/Proc: 4.03 ms
2026-06-02 14:30:41.393 - [robot_6_log_20260602_143011.csv] - DEBUG - Incoming data. Topic 6/pos, mensaje {"x": 265.47, "y": 98.22, "yaw": 1.672, "timestamp": 1780403441.3890202}
2026-06-02 14:30:41.398 - [robot_6_log_20260602_143011.csv] - DEBUG - Posición actualizada por visión: x=265.47, y=98.22, θ=1.67
2026-06-02 14:30:41.403 - [robot_6_log_20260602_143011.csv] - DEBUG - Frecuencia: 44.62 Hz | Latencia Red/Proc: 14.74 ms
2026-06-02 14:30:41.407 - [robot_6_log_20260602_143011.csv] - DEBUG - Incoming data. Topic 6/pos, mensaje {"x": 265.47, "y": 98.22, "yaw": 1.672, "timestamp": 1780403441.3890202}
2026-06-02 14:30:41.407 - [robot_6_log_20260602_143011.csv] - INFO - Usando posición VISION: x=265.47, y=98.22, θ=1.67
2026-06-02 14:30:41.407 - [robot_6_log_20260602_143011.csv] - INFO - Distancias a paredes: Left: 265.47, Right: 184.53, Top: 41.78, Bottom: 98.22
2026-06-02 14:30:41.407 - [robot_6_log_20260602_143011.csv] - DEBUG - Posición actualizada por visión: x=265.47, y=98.22, θ=1.67
2026-06-02 14:30:41.408 - [robot_6_log_20260602_143011.csv] - DEBUG - Frecuencia: 236.51 Hz | Latencia Red/Proc: 18.97 ms
2026-06-02 14:30:41.407 - [robot_6_log_20260602_143011.csv] - INFO - Posicion: 265.47, 98.22, 1.672 | Velocidad: -0.9948832777030012, -0.10103100388956367
2026-06-02 14:30:41.408 - [robot_6_log_20260602_143011.csv] - INFO - None
2026-06-02 14:30:41.408 - [robot_6_log_20260602_143011.csv] - WARNING - Estado FSM: AVANZA | Target Wall: None | Target Theta: 0.00° |theta: 95.79854334587364 
2026-06-02 14:30:41.457 - [robot_6_log_20260602_143011.csv] - INFO - Usando posición VISION: x=265.47, y=98.22, θ=1.67
2026-06-02 14:30:41.457 - [robot_6_log_20260602_143011.csv] - INFO - Distancias a paredes: Left: 265.47, Right: 184.53, Top: 41.78, Bottom: 98.22
2026-06-02 14:30:41.457 - [robot_6_log_20260602_143011.csv] - INFO - Posicion: 265.47, 98.22, 1.672 | Velocidad: -0.9948832777030012, -0.10103100388956367
2026-06-02 14:30:41.457 - [robot_6_log_20260602_143011.csv] - INFO - None
2026-06-02 14:30:41.457 - [robot_6_log_20260602_143011.csv] - WARNING - Estado FSM: AVANZA | Target Wall: None | Target Theta: 0.00° |theta: 95.79854334587364 
2026-06-02 14:30:41.481 - [robot_6_log_20260602_143011.csv] - DEBUG - Incoming data. Topic 6/pos, mensaje {"x": 265.48, "y": 98.23, "yaw": 1.674, "timestamp": 1780403441.477549}
2026-06-02 14:30:41.486 - [robot_6_log_20260602_143011.csv] - DEBUG - Posición actualizada por visión: x=265.48, y=98.23, θ=1.67
2026-06-02 14:30:41.491 - [robot_6_log_20260602_143011.csv] - DEBUG - Frecuencia: 11.93 Hz | Latencia Red/Proc: 14.26 ms
2026-06-02 14:30:41.496 - [robot_6_log_20260602_143011.csv] - DEBUG - Incoming data. Topic 6/pos, mensaje {"x": 265.48, "y": 98.23, "yaw": 1.674, "timestamp": 1780403441.477549}
2026-06-02 14:30:41.497 - [robot_6_log_20260602_143011.csv] - DEBUG - Posición actualizada por visión: x=265.48, y=98.23, θ=1.67
2026-06-02 14:30:41.502 - [robot_6_log_20260602_143011.csv] - DEBUG - Frecuencia: 96.72 Hz | Latencia Red/Proc: 24.60 ms
2026-06-02 14:30:41.507 - [robot_6_log_20260602_143011.csv] - INFO - Usando posición VISION: x=265.48, y=98.23, θ=1.67
2026-06-02 14:30:41.507 - [robot_6_log_20260602_143011.csv] - DEBUG - Incoming data. Topic 6/pos, mensaje {"x": 265.48, "y": 98.23, "yaw": 1.674, "timestamp": 1780403441.4892588}
2026-06-02 14:30:41.507 - [robot_6_log_20260602_143011.csv] - INFO - Distancias a paredes: Left: 265.48, Right: 184.52, Top: 41.77, Bottom: 98.23
2026-06-02 14:30:41.507 - [robot_6_log_20260602_143011.csv] - DEBUG - Posición actualizada por visión: x=265.48, y=98.23, θ=1.67
2026-06-02 14:30:41.507 - [robot_6_log_20260602_143011.csv] - DEBUG - Frecuencia: 174.46 Hz | Latencia Red/Proc: 18.62 ms
2026-06-02 14:30:41.507 - [robot_6_log_20260602_143011.csv] - DEBUG - Incoming data. Topic 6/pos, mensaje {"x": 265.48, "y": 98.23, "yaw": 1.674, "timestamp": 1780403441.4892588}
2026-06-02 14:30:41.507 - [robot_6_log_20260602_143011.csv] - DEBUG - Posición actualizada por visión: x=265.48, y=98.23, θ=1.67
2026-06-02 14:30:41.507 - [robot_6_log_20260602_143011.csv] - DEBUG - Frecuencia: 20560.31 Hz | Latencia Red/Proc: 18.67 ms
2026-06-02 14:30:41.507 - [robot_6_log_20260602_143011.csv] - INFO - Posicion: 265.48, 98.23, 1.674 | Velocidad: -0.9946792260640379, -0.10302056705651848
2026-06-02 14:30:41.507 - [robot_6_log_20260602_143011.csv] - INFO - None
2026-06-02 14:30:41.508 - [robot_6_log_20260602_143011.csv] - WARNING - Estado FSM: AVANZA | Target Wall: None | Target Theta: 0.00° |theta: 95.9131349048998 
2026-06-02 14:30:41.531 - [robot_6_log_20260602_143011.csv] - DEBUG - Incoming data. Topic agent/6/wheel, mensaje {"Wleft":1.657007864e-15,"Wright":-3.719247132e-16}
2026-06-02 14:30:41.557 - [robot_6_log_20260602_143011.csv] - INFO - Usando posición VISION: x=265.48, y=98.23, θ=1.67
2026-06-02 14:30:41.557 - [robot_6_log_20260602_143011.csv] - INFO - Distancias a paredes: Left: 265.48, Right: 184.52, Top: 41.77, Bottom: 98.23
2026-06-02 14:30:41.557 - [robot_6_log_20260602_143011.csv] - INFO - Posicion: 265.48, 98.23, 1.674 | Velocidad: -0.9946792260640379, -0.10302056705651848
2026-06-02 14:30:41.557 - [robot_6_log_20260602_143011.csv] - INFO - None
2026-06-02 14:30:41.557 - [robot_6_log_20260602_143011.csv] - WARNING - Estado FSM: AVANZA | Target Wall: None | Target Theta: 0.00° |theta: 95.9131349048998 
2026-06-02 14:30:41.587 - [robot_6_log_20260602_143011.csv] - DEBUG - Incoming data. Topic 6/pos, mensaje {"x": 265.51, "y": 98.22, "yaw": 1.679, "timestamp": 1780403441.5779505}
2026-06-02 14:30:41.592 - [robot_6_log_20260602_143011.csv] - DEBUG - Posición actualizada por visión: x=265.51, y=98.22, θ=1.68
2026-06-02 14:30:41.592 - [robot_6_log_20260602_143011.csv] - DEBUG - Frecuencia: 11.80 Hz | Latencia Red/Proc: 14.70 ms
2026-06-02 14:30:41.592 - [robot_6_log_20260602_143011.csv] - DEBUG - Incoming data. Topic agent/6/wheel, mensaje {"Wleft":1.657007864e-15,"Wright":-3.719247132e-16}
2026-06-02 14:30:41.592 - [robot_6_log_20260602_143011.csv] - DEBUG - Incoming data. Topic 6/pos, mensaje {"x": 265.51, "y": 98.22, "yaw": 1.679, "timestamp": 1780403441.5894983}
2026-06-02 14:30:41.592 - [robot_6_log_20260602_143011.csv] - DEBUG - Posición actualizada por visión: x=265.51, y=98.22, θ=1.68
2026-06-02 14:30:41.592 - [robot_6_log_20260602_143011.csv] - DEBUG - Frecuencia: 6232.25 Hz | Latencia Red/Proc: 3.32 ms
2026-06-02 14:30:41.592 - [robot_6_log_20260602_143011.csv] - DEBUG - Incoming data. Topic 6/pos, mensaje {"x": 265.51, "y": 98.22, "yaw": 1.679, "timestamp": 1780403441.5779505}
2026-06-02 14:30:41.592 - [robot_6_log_20260602_143011.csv] - DEBUG - Posición actualizada por visión: x=265.51, y=98.22, θ=1.68
2026-06-02 14:30:41.592 - [robot_6_log_20260602_143011.csv] - DEBUG - Frecuencia: 11983.73 Hz | Latencia Red/Proc: 14.95 ms
2026-06-02 14:30:41.607 - [robot_6_log_20260602_143011.csv] - INFO - Usando posición VISION: x=265.51, y=98.22, θ=1.68
2026-06-02 14:30:41.607 - [robot_6_log_20260602_143011.csv] - INFO - Distancias a paredes: Left: 265.51, Right: 184.49, Top: 41.78, Bottom: 98.22
2026-06-02 14:30:41.607 - [robot_6_log_20260602_143011.csv] - INFO - Posicion: 265.51, 98.22, 1.679 | Velocidad: -0.9941516919105917, -0.10799265470997543
2026-06-02 14:30:41.607 - [robot_6_log_20260602_143011.csv] - INFO - None
2026-06-02 14:30:41.607 - [robot_6_log_20260602_143011.csv] - WARNING - Estado FSM: AVANZA | Target Wall: None | Target Theta: 0.00° |theta: 96.19961380246522 
2026-06-02 14:30:41.637 - [robot_6_log_20260602_143011.csv] - DEBUG - Incoming data. Topic 6/pos, mensaje {"x": 265.51, "y": 98.22, "yaw": 1.679, "timestamp": 1780403441.5894983}
2026-06-02 14:30:41.642 - [robot_6_log_20260602_143011.csv] - DEBUG - Posición actualizada por visión: x=265.51, y=98.22, θ=1.68
2026-06-02 14:30:41.647 - [robot_6_log_20260602_143011.csv] - DEBUG - Frecuencia: 18.25 Hz | Latencia Red/Proc: 58.18 ms
2026-06-02 14:30:41.657 - [robot_6_log_20260602_143011.csv] - INFO - Usando posición VISION: x=265.51, y=98.22, θ=1.68
2026-06-02 14:30:41.657 - [robot_6_log_20260602_143011.csv] - INFO - Distancias a paredes: Left: 265.51, Right: 184.49, Top: 41.78, Bottom: 98.22
2026-06-02 14:30:41.657 - [robot_6_log_20260602_143011.csv] - INFO - Posicion: 265.51, 98.22, 1.679 | Velocidad: -0.9941516919105917, -0.10799265470997543
2026-06-02 14:30:41.657 - [robot_6_log_20260602_143011.csv] - INFO - None
2026-06-02 14:30:41.657 - [robot_6_log_20260602_143011.csv] - WARNING - Estado FSM: AVANZA | Target Wall: None | Target Theta: 0.00° |theta: 96.19961380246522 
2026-06-02 14:30:41.682 - [robot_6_log_20260602_143011.csv] - DEBUG - Incoming data. Topic 6/pos, mensaje {"x": 265.48, "y": 98.24, "yaw": 1.673, "timestamp": 1780403441.6786017}
2026-06-02 14:30:41.687 - [robot_6_log_20260602_143011.csv] - DEBUG - Posición actualizada por visión: x=265.48, y=98.24, θ=1.67
2026-06-02 14:30:41.687 - [robot_6_log_20260602_143011.csv] - DEBUG - Frecuencia: 25.11 Hz | Latencia Red/Proc: 8.90 ms
2026-06-02 14:30:41.698 - [robot_6_log_20260602_143011.csv] - DEBUG - Incoming data. Topic agent/6/wheel, mensaje {"Wleft":1.657007864e-15,"Wright":-3.719247132e-16}
2026-06-02 14:30:41.703 - [robot_6_log_20260602_143011.csv] - DEBUG - Incoming data. Topic 6/pos, mensaje {"x": 265.48, "y": 98.24, "yaw": 1.673, "timestamp": 1780403441.6899326}
2026-06-02 14:30:41.703 - [robot_6_log_20260602_143011.csv] - DEBUG - Posición actualizada por visión: x=265.48, y=98.24, θ=1.67
2026-06-02 14:30:41.707 - [robot_6_log_20260602_143011.csv] - INFO - Usando posición VISION: x=265.48, y=98.24, θ=1.67
2026-06-02 14:30:41.707 - [robot_6_log_20260602_143011.csv] - DEBUG - Frecuencia: 49.84 Hz | Latencia Red/Proc: 17.63 ms
2026-06-02 14:30:41.707 - [robot_6_log_20260602_143011.csv] - INFO - Distancias a paredes: Left: 265.48, Right: 184.52, Top: 41.76, Bottom: 98.24
2026-06-02 14:30:41.707 - [robot_6_log_20260602_143011.csv] - INFO - Posicion: 265.48, 98.24, 1.673 | Velocidad: -0.9947817492743527, -0.10202583648595517
2026-06-02 14:30:41.707 - [robot_6_log_20260602_143011.csv] - INFO - None
2026-06-02 14:30:41.707 - [robot_6_log_20260602_143011.csv] - DEBUG - Incoming data. Topic 6/pos, mensaje {"x": 265.48, "y": 98.24, "yaw": 1.673, "timestamp": 1780403441.6786017}
2026-06-02 14:30:41.707 - [robot_6_log_20260602_143011.csv] - WARNING - Estado FSM: AVANZA | Target Wall: None | Target Theta: 0.00° |theta: 95.85583912538672 
2026-06-02 14:30:41.707 - [robot_6_log_20260602_143011.csv] - DEBUG - Posición actualizada por visión: x=265.48, y=98.24, θ=1.67
2026-06-02 14:30:41.712 - [robot_6_log_20260602_143011.csv] - DEBUG - Frecuencia: 187.39 Hz | Latencia Red/Proc: 34.30 ms
2026-06-02 14:30:41.736 - [robot_6_log_20260602_143011.csv] - DEBUG - Incoming data. Topic 6/pos, mensaje {"x": 265.48, "y": 98.24, "yaw": 1.673, "timestamp": 1780403441.6899326}
2026-06-02 14:30:41.741 - [robot_6_log_20260602_143011.csv] - DEBUG - Posición actualizada por visión: x=265.48, y=98.24, θ=1.67
2026-06-02 14:30:41.746 - [robot_6_log_20260602_143011.csv] - DEBUG - Frecuencia: 29.82 Hz | Latencia Red/Proc: 56.51 ms
2026-06-02 14:30:41.757 - [robot_6_log_20260602_143011.csv] - INFO - Usando posición VISION: x=265.48, y=98.24, θ=1.67
2026-06-02 14:30:41.757 - [robot_6_log_20260602_143011.csv] - INFO - Distancias a paredes: Left: 265.48, Right: 184.52, Top: 41.76, Bottom: 98.24
2026-06-02 14:30:41.757 - [robot_6_log_20260602_143011.csv] - INFO - Posicion: 265.48, 98.24, 1.673 | Velocidad: -0.9947817492743527, -0.10202583648595517
2026-06-02 14:30:41.757 - [robot_6_log_20260602_143011.csv] - INFO - None
2026-06-02 14:30:41.757 - [robot_6_log_20260602_143011.csv] - WARNING - Estado FSM: AVANZA | Target Wall: None | Target Theta: 0.00° |theta: 95.85583912538672 
2026-06-02 14:30:41.782 - [robot_6_log_20260602_143011.csv] - DEBUG - Incoming data. Topic 6/pos, mensaje {"x": 265.5, "y": 98.22, "yaw": 1.668, "timestamp": 1780403441.777252}
2026-06-02 14:30:41.787 - [robot_6_log_20260602_143011.csv] - DEBUG - Posición actualizada por visión: x=265.50, y=98.22, θ=1.67
2026-06-02 14:30:41.792 - [robot_6_log_20260602_143011.csv] - DEBUG - Frecuencia: 21.71 Hz | Latencia Red/Proc: 15.26 ms
2026-06-02 14:30:41.797 - [robot_6_log_20260602_143011.csv] - DEBUG - Incoming data. Topic 6/pos, mensaje {"x": 265.5, "y": 98.22, "yaw": 1.668, "timestamp": 1780403441.777252}
2026-06-02 14:30:41.797 - [robot_6_log_20260602_143011.csv] - DEBUG - Posición actualizada por visión: x=265.50, y=98.22, θ=1.67
2026-06-02 14:30:41.797 - [robot_6_log_20260602_143011.csv] - DEBUG - Frecuencia: 189.94 Hz | Latencia Red/Proc: 20.52 ms
2026-06-02 14:30:41.802 - [robot_6_log_20260602_143011.csv] - DEBUG - Incoming data. Topic 6/pos, mensaje {"x": 265.5, "y": 98.22, "yaw": 1.668, "timestamp": 1780403441.7882562}
2026-06-02 14:30:41.802 - [robot_6_log_20260602_143011.csv] - DEBUG - Posición actualizada por visión: x=265.50, y=98.22, θ=1.67
2026-06-02 14:30:41.802 - [robot_6_log_20260602_143011.csv] - DEBUG - Frecuencia: 193.54 Hz | Latencia Red/Proc: 14.69 ms
2026-06-02 14:30:41.803 - [robot_6_log_20260602_143011.csv] - DEBUG - Incoming data. Topic 6/pos, mensaje {"x": 265.5, "y": 98.22, "yaw": 1.668, "timestamp": 1780403441.7882562}
2026-06-02 14:30:41.803 - [robot_6_log_20260602_143011.csv] - DEBUG - Posición actualizada por visión: x=265.50, y=98.22, θ=1.67
2026-06-02 14:30:41.803 - [robot_6_log_20260602_143011.csv] - DEBUG - Frecuencia: 5584.96 Hz | Latencia Red/Proc: 14.86 ms
2026-06-02 14:30:41.807 - [robot_6_log_20260602_143011.csv] - INFO - Usando posición VISION: x=265.50, y=98.22, θ=1.67
2026-06-02 14:30:41.807 - [robot_6_log_20260602_143011.csv] - INFO - Distancias a paredes: Left: 265.50, Right: 184.50, Top: 41.78, Bottom: 98.22
2026-06-02 14:30:41.807 - [robot_6_log_20260602_143011.csv] - INFO - Posicion: 265.5, 98.22, 1.668 | Velocidad: -0.9952794415852867, -0.09705067314387801
2026-06-02 14:30:41.807 - [robot_6_log_20260602_143011.csv] - INFO - None
2026-06-02 14:30:41.807 - [robot_6_log_20260602_143011.csv] - WARNING - Estado FSM: AVANZA | Target Wall: None | Target Theta: 0.00° |theta: 95.5693602278213 
2026-06-02 14:30:41.832 - [robot_6_log_20260602_143011.csv] - DEBUG - Incoming data. Topic agent/6/wheel, mensaje {"Wleft":1.657007864e-15,"Wright":-3.719247132e-16}
2026-06-02 14:30:41.857 - [robot_6_log_20260602_143011.csv] - INFO - Usando posición VISION: x=265.50, y=98.22, θ=1.67
2026-06-02 14:30:41.857 - [robot_6_log_20260602_143011.csv] - INFO - Distancias a paredes: Left: 265.50, Right: 184.50, Top: 41.78, Bottom: 98.22
2026-06-02 14:30:41.857 - [robot_6_log_20260602_143011.csv] - INFO - Posicion: 265.5, 98.22, 1.668 | Velocidad: -0.9952794415852867, -0.09705067314387801
2026-06-02 14:30:41.857 - [robot_6_log_20260602_143011.csv] - INFO - None
2026-06-02 14:30:41.857 - [robot_6_log_20260602_143011.csv] - WARNING - Estado FSM: AVANZA | Target Wall: None | Target Theta: 0.00° |theta: 95.5693602278213 
2026-06-02 14:30:41.882 - [robot_6_log_20260602_143011.csv] - DEBUG - Incoming data. Topic 6/pos, mensaje {"x": 265.49, "y": 98.23, "yaw": 1.666, "timestamp": 1780403441.8776271}
2026-06-02 14:30:41.887 - [robot_6_log_20260602_143011.csv] - DEBUG - Posición actualizada por visión: x=265.49, y=98.23, θ=1.67
2026-06-02 14:30:41.887 - [robot_6_log_20260602_143011.csv] - DEBUG - Frecuencia: 11.82 Hz | Latencia Red/Proc: 10.07 ms
2026-06-02 14:30:41.887 - [robot_6_log_20260602_143011.csv] - DEBUG - Incoming data. Topic 6/pos, mensaje {"x": 265.49, "y": 98.23, "yaw": 1.666, "timestamp": 1780403441.8776271}
2026-06-02 14:30:41.887 - [robot_6_log_20260602_143011.csv] - DEBUG - Posición actualizada por visión: x=265.49, y=98.23, θ=1.67
2026-06-02 14:30:41.887 - [robot_6_log_20260602_143011.csv] - DEBUG - Frecuencia: 16578.28 Hz | Latencia Red/Proc: 10.13 ms
2026-06-02 14:30:41.893 - [robot_6_log_20260602_143011.csv] - DEBUG - Incoming data. Topic 6/pos, mensaje {"x": 265.49, "y": 98.23, "yaw": 1.666, "timestamp": 1780403441.8878827}
2026-06-02 14:30:41.898 - [robot_6_log_20260602_143011.csv] - DEBUG - Posición actualizada por visión: x=265.49, y=98.23, θ=1.67
2026-06-02 14:30:41.904 - [robot_6_log_20260602_143011.csv] - DEBUG - Frecuencia: 59.53 Hz | Latencia Red/Proc: 16.67 ms
2026-06-02 14:30:41.907 - [robot_6_log_20260602_143011.csv] - INFO - Usando posición VISION: x=265.49, y=98.23, θ=1.67
2026-06-02 14:30:41.907 - [robot_6_log_20260602_143011.csv] - DEBUG - Incoming data. Topic 6/pos, mensaje {"x": 265.49, "y": 98.23, "yaw": 1.666, "timestamp": 1780403441.8878827}
2026-06-02 14:30:41.907 - [robot_6_log_20260602_143011.csv] - INFO - Distancias a paredes: Left: 265.49, Right: 184.51, Top: 41.77, Bottom: 98.23
2026-06-02 14:30:41.907 - [robot_6_log_20260602_143011.csv] - DEBUG - Posición actualizada por visión: x=265.49, y=98.23, θ=1.67
2026-06-02 14:30:41.907 - [robot_6_log_20260602_143011.csv] - INFO - Posicion: 265.49, 98.23, 1.666 | Velocidad: -0.995471552243954, -0.09505992148646485
2026-06-02 14:30:41.907 - [robot_6_log_20260602_143011.csv] - DEBUG - Frecuencia: 318.72 Hz | Latencia Red/Proc: 19.81 ms
2026-06-02 14:30:41.907 - [robot_6_log_20260602_143011.csv] - INFO - None
2026-06-02 14:30:41.907 - [robot_6_log_20260602_143011.csv] - WARNING - Estado FSM: AVANZA | Target Wall: None | Target Theta: 0.00° |theta: 95.45476866879514 
2026-06-02 14:30:41.937 - [robot_6_log_20260602_143011.csv] - DEBUG - Incoming data. Topic agent/6/wheel, mensaje {"Wleft":1.657007864e-15,"Wright":-3.719247132e-16}
2026-06-02 14:30:41.957 - [robot_6_log_20260602_143011.csv] - INFO - Usando posición VISION: x=265.49, y=98.23, θ=1.67
2026-06-02 14:30:41.957 - [robot_6_log_20260602_143011.csv] - INFO - Distancias a paredes: Left: 265.49, Right: 184.51, Top: 41.77, Bottom: 98.23
2026-06-02 14:30:41.957 - [robot_6_log_20260602_143011.csv] - INFO - Posicion: 265.49, 98.23, 1.666 | Velocidad: -0.995471552243954, -0.09505992148646485
2026-06-02 14:30:41.957 - [robot_6_log_20260602_143011.csv] - INFO - None
2026-06-02 14:30:41.957 - [robot_6_log_20260602_143011.csv] - WARNING - Estado FSM: AVANZA | Target Wall: None | Target Theta: 0.00° |theta: 95.45476866879514 
2026-06-02 14:30:41.987 - [robot_6_log_20260602_143011.csv] - DEBUG - Incoming data. Topic 6/pos, mensaje {"x": 265.51, "y": 98.19, "yaw": 1.679, "timestamp": 1780403441.9778829}
2026-06-02 14:30:41.992 - [robot_6_log_20260602_143011.csv] - DEBUG - Posición actualizada por visión: x=265.51, y=98.19, θ=1.68
2026-06-02 14:30:41.997 - [robot_6_log_20260602_143011.csv] - DEBUG - Frecuencia: 11.10 Hz | Latencia Red/Proc: 19.93 ms
2026-06-02 14:30:42.007 - [robot_6_log_20260602_143011.csv] - INFO - Usando posición VISION: x=265.51, y=98.19, θ=1.68
2026-06-02 14:30:42.007 - [robot_6_log_20260602_143011.csv] - INFO - Distancias a paredes: Left: 265.51, Right: 184.49, Top: 41.81, Bottom: 98.19
2026-06-02 14:30:42.007 - [robot_6_log_20260602_143011.csv] - INFO - Posicion: 265.51, 98.19, 1.679 | Velocidad: -0.9941516919105917, -0.10799265470997543
2026-06-02 14:30:42.007 - [robot_6_log_20260602_143011.csv] - INFO - None
2026-06-02 14:30:42.007 - [robot_6_log_20260602_143011.csv] - WARNING - Estado FSM: AVANZA | Target Wall: None | Target Theta: 0.00° |theta: 96.19961380246522 
2026-06-02 14:30:42.012 - [robot_6_log_20260602_143011.csv] - DEBUG - Incoming data. Topic 6/pos, mensaje {"x": 265.51, "y": 98.19, "yaw": 1.679, "timestamp": 1780403441.9778829}
2026-06-02 14:30:42.018 - [robot_6_log_20260602_143011.csv] - DEBUG - Posición actualizada por visión: x=265.51, y=98.19, θ=1.68
2026-06-02 14:30:42.018 - [robot_6_log_20260602_143011.csv] - DEBUG - Frecuencia: 49.33 Hz | Latencia Red/Proc: 40.20 ms
2026-06-02 14:30:42.024 - [robot_6_log_20260602_143011.csv] - DEBUG - Incoming data. Topic 6/pos, mensaje {"x": 265.51, "y": 98.19, "yaw": 1.679, "timestamp": 1780403441.9869583}
2026-06-02 14:30:42.029 - [robot_6_log_20260602_143011.csv] - DEBUG - Posición actualizada por visión: x=265.51, y=98.19, θ=1.68
2026-06-02 14:30:42.029 - [robot_6_log_20260602_143011.csv] - DEBUG - Frecuencia: 88.50 Hz | Latencia Red/Proc: 42.43 ms
2026-06-02 14:30:42.034 - [robot_6_log_20260602_143011.csv] - DEBUG - Incoming data. Topic 6/pos, mensaje {"x": 265.51, "y": 98.19, "yaw": 1.679, "timestamp": 1780403441.9869583}
2026-06-02 14:30:42.039 - [robot_6_log_20260602_143011.csv] - DEBUG - Posición actualizada por visión: x=265.51, y=98.19, θ=1.68
2026-06-02 14:30:42.045 - [robot_6_log_20260602_143011.csv] - DEBUG - Frecuencia: 61.26 Hz | Latencia Red/Proc: 58.75 ms
2026-06-02 14:30:42.057 - [robot_6_log_20260602_143011.csv] - INFO - Usando posición VISION: x=265.51, y=98.19, θ=1.68
2026-06-02 14:30:42.057 - [robot_6_log_20260602_143011.csv] - INFO - Distancias a paredes: Left: 265.51, Right: 184.49, Top: 41.81, Bottom: 98.19
2026-06-02 14:30:42.057 - [robot_6_log_20260602_143011.csv] - INFO - Posicion: 265.51, 98.19, 1.679 | Velocidad: -0.9941516919105917, -0.10799265470997543
2026-06-02 14:30:42.057 - [robot_6_log_20260602_143011.csv] - INFO - None
2026-06-02 14:30:42.057 - [robot_6_log_20260602_143011.csv] - WARNING - Estado FSM: AVANZA | Target Wall: None | Target Theta: 0.00° |theta: 96.19961380246522 
2026-06-02 14:30:42.062 - [robot_6_log_20260602_143011.csv] - DEBUG - Incoming data. Topic agent/6/wheel, mensaje {"Wleft":1.657007864e-15,"Wright":-3.719247132e-16}
2026-06-02 14:30:42.081 - [robot_6_log_20260602_143011.csv] - DEBUG - Incoming data. Topic 6/pos, mensaje {"x": 265.47, "y": 98.25, "yaw": 1.676, "timestamp": 1780403442.0775852}
2026-06-02 14:30:42.086 - [robot_6_log_20260602_143011.csv] - DEBUG - Posición actualizada por visión: x=265.47, y=98.25, θ=1.68
2026-06-02 14:30:42.091 - [robot_6_log_20260602_143011.csv] - DEBUG - Frecuencia: 21.75 Hz | Latencia Red/Proc: 14.11 ms
2026-06-02 14:30:42.103 - [robot_6_log_20260602_143011.csv] - DEBUG - Incoming data. Topic agent/6/wheel, mensaje {"Wleft":1.657007864e-15,"Wright":-3.719247132e-16}
2026-06-02 14:30:42.107 - [robot_6_log_20260602_143011.csv] - INFO - Usando posición VISION: x=265.47, y=98.25, θ=1.68
2026-06-02 14:30:42.107 - [robot_6_log_20260602_143011.csv] - INFO - Distancias a paredes: Left: 265.47, Right: 184.53, Top: 41.75, Bottom: 98.25
2026-06-02 14:30:42.107 - [robot_6_log_20260602_143011.csv] - INFO - Posicion: 265.47, 98.25, 1.676 | Velocidad: -0.9944711957094966, -0.10500971814134243
2026-06-02 14:30:42.107 - [robot_6_log_20260602_143011.csv] - INFO - None
2026-06-02 14:30:42.107 - [robot_6_log_20260602_143011.csv] - WARNING - Estado FSM: AVANZA | Target Wall: None | Target Theta: 0.00° |theta: 96.02772646392597 
2026-06-02 14:30:42.107 - [robot_6_log_20260602_143011.csv] - DEBUG - Incoming data. Topic 6/pos, mensaje {"x": 265.47, "y": 98.25, "yaw": 1.676, "timestamp": 1780403442.0889976}
2026-06-02 14:30:42.129 - [robot_6_log_20260602_143011.csv] - DEBUG - Posición actualizada por visión: x=265.47, y=98.25, θ=1.68
2026-06-02 14:30:42.134 - [robot_6_log_20260602_143011.csv] - DEBUG - Frecuencia: 23.18 Hz | Latencia Red/Proc: 45.83 ms
2026-06-02 14:30:42.146 - [robot_6_log_20260602_143011.csv] - DEBUG - Incoming data. Topic 6/pos, mensaje {"x": 265.47, "y": 98.25, "yaw": 1.676, "timestamp": 1780403442.0775852}
2026-06-02 14:30:42.151 - [robot_6_log_20260602_143011.csv] - DEBUG - Posición actualizada por visión: x=265.47, y=98.25, θ=1.68
2026-06-02 14:30:42.157 - [robot_6_log_20260602_143011.csv] - DEBUG - Frecuencia: 44.51 Hz | Latencia Red/Proc: 79.71 ms
2026-06-02 14:30:42.157 - [robot_6_log_20260602_143011.csv] - DEBUG - Incoming data. Topic 6/pos, mensaje {"x": 265.47, "y": 98.25, "yaw": 1.676, "timestamp": 1780403442.0889976}
2026-06-02 14:30:42.157 - [robot_6_log_20260602_143011.csv] - DEBUG - Posición actualizada por visión: x=265.47, y=98.25, θ=1.68
2026-06-02 14:30:42.157 - [robot_6_log_20260602_143011.csv] - DEBUG - Frecuencia: 10010.27 Hz | Latencia Red/Proc: 68.40 ms
2026-06-02 14:30:42.157 - [robot_6_log_20260602_143011.csv] - INFO - Usando posición VISION: x=265.47, y=98.25, θ=1.68
2026-06-02 14:30:42.157 - [robot_6_log_20260602_143011.csv] - INFO - Distancias a paredes: Left: 265.47, Right: 184.53, Top: 41.75, Bottom: 98.25
2026-06-02 14:30:42.157 - [robot_6_log_20260602_143011.csv] - INFO - Posicion: 265.47, 98.25, 1.676 | Velocidad: -0.9944711957094966, -0.10500971814134243
2026-06-02 14:30:42.157 - [robot_6_log_20260602_143011.csv] - INFO - None
2026-06-02 14:30:42.157 - [robot_6_log_20260602_143011.csv] - WARNING - Estado FSM: AVANZA | Target Wall: None | Target Theta: 0.00° |theta: 96.02772646392597 
2026-06-02 14:30:42.181 - [robot_6_log_20260602_143011.csv] - DEBUG - Incoming data. Topic 6/pos, mensaje {"x": 265.48, "y": 98.24, "yaw": 1.666, "timestamp": 1780403442.179833}
2026-06-02 14:30:42.181 - [robot_6_log_20260602_143011.csv] - DEBUG - Posición actualizada por visión: x=265.48, y=98.24, θ=1.67
2026-06-02 14:30:42.181 - [robot_6_log_20260602_143011.csv] - DEBUG - Frecuencia: 40.99 Hz | Latencia Red/Proc: 1.96 ms
2026-06-02 14:30:42.181 - [robot_6_log_20260602_143011.csv] - DEBUG - Incoming data. Topic 6/pos, mensaje {"x": 265.48, "y": 98.24, "yaw": 1.666, "timestamp": 1780403442.179833}
2026-06-02 14:30:42.181 - [robot_6_log_20260602_143011.csv] - DEBUG - Posición actualizada por visión: x=265.48, y=98.24, θ=1.67
2026-06-02 14:30:42.181 - [robot_6_log_20260602_143011.csv] - DEBUG - Frecuencia: 24105.20 Hz | Latencia Red/Proc: 2.00 ms
2026-06-02 14:30:42.194 - [robot_6_log_20260602_143011.csv] - DEBUG - Incoming data. Topic 6/pos, mensaje {"x": 265.48, "y": 98.24, "yaw": 1.666, "timestamp": 1780403442.191127}
2026-06-02 14:30:42.207 - [robot_6_log_20260602_143011.csv] - DEBUG - Posición actualizada por visión: x=265.48, y=98.24, θ=1.67
2026-06-02 14:30:42.207 - [robot_6_log_20260602_143011.csv] - INFO - Usando posición VISION: x=265.48, y=98.24, θ=1.67
2026-06-02 14:30:42.208 - [robot_6_log_20260602_143011.csv] - INFO - Distancias a paredes: Left: 265.48, Right: 184.52, Top: 41.76, Bottom: 98.24
2026-06-02 14:30:42.207 - [robot_6_log_20260602_143011.csv] - DEBUG - Frecuencia: 38.60 Hz | Latencia Red/Proc: 16.62 ms
2026-06-02 14:30:42.208 - [robot_6_log_20260602_143011.csv] - DEBUG - Incoming data. Topic 6/pos, mensaje {"x": 265.48, "y": 98.24, "yaw": 1.666, "timestamp": 1780403442.191127}
2026-06-02 14:30:42.208 - [robot_6_log_20260602_143011.csv] - DEBUG - Posición actualizada por visión: x=265.48, y=98.24, θ=1.67
2026-06-02 14:30:42.208 - [robot_6_log_20260602_143011.csv] - DEBUG - Frecuencia: 2425.86 Hz | Latencia Red/Proc: 17.03 ms
2026-06-02 14:30:42.208 - [robot_6_log_20260602_143011.csv] - INFO - Posicion: 265.48, 98.24, 1.666 | Velocidad: -0.995471552243954, -0.09505992148646485
2026-06-02 14:30:42.208 - [robot_6_log_20260602_143011.csv] - INFO - None
2026-06-02 14:30:42.208 - [robot_6_log_20260602_143011.csv] - WARNING - Estado FSM: AVANZA | Target Wall: None | Target Theta: 0.00° |theta: 95.45476866879514 
2026-06-02 14:30:42.232 - [robot_6_log_20260602_143011.csv] - DEBUG - Incoming data. Topic agent/6/wheel, mensaje {"Wleft":1.657007864e-15,"Wright":-3.719247132e-16}
2026-06-02 14:30:42.257 - [robot_6_log_20260602_143011.csv] - INFO - Usando posición VISION: x=265.48, y=98.24, θ=1.67
2026-06-02 14:30:42.257 - [robot_6_log_20260602_143011.csv] - INFO - Distancias a paredes: Left: 265.48, Right: 184.52, Top: 41.76, Bottom: 98.24
2026-06-02 14:30:42.257 - [robot_6_log_20260602_143011.csv] - INFO - Posicion: 265.48, 98.24, 1.666 | Velocidad: -0.995471552243954, -0.09505992148646485
2026-06-02 14:30:42.257 - [robot_6_log_20260602_143011.csv] - INFO - None
2026-06-02 14:30:42.257 - [robot_6_log_20260602_143011.csv] - WARNING - Estado FSM: AVANZA | Target Wall: None | Target Theta: 0.00° |theta: 95.45476866879514 
2026-06-02 14:30:42.286 - [robot_6_log_20260602_143011.csv] - DEBUG - Incoming data. Topic 6/pos, mensaje {"x": 265.47, "y": 98.23, "yaw": 1.674, "timestamp": 1780403442.2808802}
2026-06-02 14:30:42.291 - [robot_6_log_20260602_143011.csv] - DEBUG - Posición actualizada por visión: x=265.47, y=98.23, θ=1.67
2026-06-02 14:30:42.291 - [robot_6_log_20260602_143011.csv] - DEBUG - Frecuencia: 11.96 Hz | Latencia Red/Proc: 10.91 ms
2026-06-02 14:30:42.297 - [robot_6_log_20260602_143011.csv] - DEBUG - Incoming data. Topic 6/pos, mensaje {"x": 265.47, "y": 98.23, "yaw": 1.674, "timestamp": 1780403442.292033}
2026-06-02 14:30:42.302 - [robot_6_log_20260602_143011.csv] - DEBUG - Posición actualizada por visión: x=265.47, y=98.23, θ=1.67
2026-06-02 14:30:42.307 - [robot_6_log_20260602_143011.csv] - DEBUG - Frecuencia: 63.70 Hz | Latencia Red/Proc: 15.46 ms
2026-06-02 14:30:42.307 - [robot_6_log_20260602_143011.csv] - DEBUG - Incoming data. Topic 6/pos, mensaje {"x": 265.47, "y": 98.23, "yaw": 1.674, "timestamp": 1780403442.2808802}
2026-06-02 14:30:42.307 - [robot_6_log_20260602_143011.csv] - DEBUG - Posición actualizada por visión: x=265.47, y=98.23, θ=1.67
2026-06-02 14:30:42.307 - [robot_6_log_20260602_143011.csv] - DEBUG - Frecuencia: 15650.39 Hz | Latencia Red/Proc: 26.67 ms
2026-06-02 14:30:42.307 - [robot_6_log_20260602_143011.csv] - INFO - Usando posición VISION: x=265.47, y=98.23, θ=1.67
2026-06-02 14:30:42.307 - [robot_6_log_20260602_143011.csv] - DEBUG - Incoming data. Topic agent/6/wheel, mensaje {"Wleft":1.657007864e-15,"Wright":-3.719247132e-16}
2026-06-02 14:30:42.307 - [robot_6_log_20260602_143011.csv] - INFO - Distancias a paredes: Left: 265.47, Right: 184.53, Top: 41.77, Bottom: 98.23
2026-06-02 14:30:42.307 - [robot_6_log_20260602_143011.csv] - INFO - Posicion: 265.47, 98.23, 1.674 | Velocidad: -0.9946792260640379, -0.10302056705651848
2026-06-02 14:30:42.307 - [robot_6_log_20260602_143011.csv] - INFO - None
2026-06-02 14:30:42.307 - [robot_6_log_20260602_143011.csv] - WARNING - Estado FSM: AVANZA | Target Wall: None | Target Theta: 0.00° |theta: 95.9131349048998 
2026-06-02 14:30:42.338 - [robot_6_log_20260602_143011.csv] - DEBUG - Incoming data. Topic 6/pos, mensaje {"x": 265.47, "y": 98.23, "yaw": 1.674, "timestamp": 1780403442.292033}
2026-06-02 14:30:42.343 - [robot_6_log_20260602_143011.csv] - DEBUG - Posición actualizada por visión: x=265.47, y=98.23, θ=1.67
2026-06-02 14:30:42.348 - [robot_6_log_20260602_143011.csv] - DEBUG - Frecuencia: 24.58 Hz | Latencia Red/Proc: 56.20 ms
2026-06-02 14:30:42.357 - [robot_6_log_20260602_143011.csv] - INFO - Usando posición VISION: x=265.47, y=98.23, θ=1.67
2026-06-02 14:30:42.357 - [robot_6_log_20260602_143011.csv] - INFO - Distancias a paredes: Left: 265.47, Right: 184.53, Top: 41.77, Bottom: 98.23
2026-06-02 14:30:42.357 - [robot_6_log_20260602_143011.csv] - INFO - Posicion: 265.47, 98.23, 1.674 | Velocidad: -0.9946792260640379, -0.10302056705651848
2026-06-02 14:30:42.357 - [robot_6_log_20260602_143011.csv] - INFO - None
2026-06-02 14:30:42.357 - [robot_6_log_20260602_143011.csv] - WARNING - Estado FSM: AVANZA | Target Wall: None | Target Theta: 0.00° |theta: 95.9131349048998 
2026-06-02 14:30:42.382 - [robot_6_log_20260602_143011.csv] - DEBUG - Incoming data. Topic 6/pos, mensaje {"x": 265.47, "y": 98.24, "yaw": 1.672, "timestamp": 1780403442.3773825}
2026-06-02 14:30:42.387 - [robot_6_log_20260602_143011.csv] - DEBUG - Posición actualizada por visión: x=265.47, y=98.24, θ=1.67
2026-06-02 14:30:42.393 - [robot_6_log_20260602_143011.csv] - DEBUG - Frecuencia: 22.15 Hz | Latencia Red/Proc: 16.01 ms
2026-06-02 14:30:42.403 - [robot_6_log_20260602_143011.csv] - DEBUG - Incoming data. Topic 6/pos, mensaje {"x": 265.47, "y": 98.24, "yaw": 1.672, "timestamp": 1780403442.3773825}
2026-06-02 14:30:42.407 - [robot_6_log_20260602_143011.csv] - DEBUG - Posición actualizada por visión: x=265.47, y=98.24, θ=1.67
2026-06-02 14:30:42.407 - [robot_6_log_20260602_143011.csv] - INFO - Usando posición VISION: x=265.47, y=98.24, θ=1.67
2026-06-02 14:30:42.407 - [robot_6_log_20260602_143011.csv] - DEBUG - Frecuencia: 69.88 Hz | Latencia Red/Proc: 30.32 ms
2026-06-02 14:30:42.407 - [robot_6_log_20260602_143011.csv] - INFO - Distancias a paredes: Left: 265.47, Right: 184.53, Top: 41.76, Bottom: 98.24
2026-06-02 14:30:42.407 - [robot_6_log_20260602_143011.csv] - INFO - Posicion: 265.47, 98.24, 1.672 | Velocidad: -0.9948832777030012, -0.10103100388956367
2026-06-02 14:30:42.407 - [robot_6_log_20260602_143011.csv] - INFO - None
2026-06-02 14:30:42.407 - [robot_6_log_20260602_143011.csv] - DEBUG - Incoming data. Topic 6/pos, mensaje {"x": 265.47, "y": 98.24, "yaw": 1.672, "timestamp": 1780403442.3886993}
2026-06-02 14:30:42.407 - [robot_6_log_20260602_143011.csv] - WARNING - Estado FSM: AVANZA | Target Wall: None | Target Theta: 0.00° |theta: 95.79854334587364 
2026-06-02 14:30:42.407 - [robot_6_log_20260602_143011.csv] - DEBUG - Posición actualizada por visión: x=265.47, y=98.24, θ=1.67
2026-06-02 14:30:42.412 - [robot_6_log_20260602_143011.csv] - DEBUG - Frecuencia: 189.24 Hz | Latencia Red/Proc: 24.29 ms
2026-06-02 14:30:42.413 - [robot_6_log_20260602_143011.csv] - DEBUG - Incoming data. Topic 6/pos, mensaje {"x": 265.47, "y": 98.24, "yaw": 1.672, "timestamp": 1780403442.3886993}
2026-06-02 14:30:42.413 - [robot_6_log_20260602_143011.csv] - DEBUG - Posición actualizada por visión: x=265.47, y=98.24, θ=1.67
2026-06-02 14:30:42.413 - [robot_6_log_20260602_143011.csv] - DEBUG - Frecuencia: 24818.37 Hz | Latencia Red/Proc: 24.33 ms
2026-06-02 14:30:42.437 - [robot_6_log_20260602_143011.csv] - DEBUG - Incoming data. Topic agent/6/wheel, mensaje {"Wleft":1.657007864e-15,"Wright":-3.719247132e-16}
2026-06-02 14:30:42.457 - [robot_6_log_20260602_143011.csv] - INFO - Usando posición VISION: x=265.47, y=98.24, θ=1.67
2026-06-02 14:30:42.457 - [robot_6_log_20260602_143011.csv] - INFO - Distancias a paredes: Left: 265.47, Right: 184.53, Top: 41.76, Bottom: 98.24
2026-06-02 14:30:42.457 - [robot_6_log_20260602_143011.csv] - INFO - Posicion: 265.47, 98.24, 1.672 | Velocidad: -0.9948832777030012, -0.10103100388956367
2026-06-02 14:30:42.457 - [robot_6_log_20260602_143011.csv] - INFO - None
2026-06-02 14:30:42.457 - [robot_6_log_20260602_143011.csv] - WARNING - Estado FSM: AVANZA | Target Wall: None | Target Theta: 0.00° |theta: 95.79854334587364 
2026-06-02 14:30:42.482 - [robot_6_log_20260602_143011.csv] - DEBUG - Incoming data. Topic 6/pos, mensaje {"x": 265.48, "y": 98.24, "yaw": 1.675, "timestamp": 1780403442.4811797}
2026-06-02 14:30:42.487 - [robot_6_log_20260602_143011.csv] - DEBUG - Posición actualizada por visión: x=265.48, y=98.24, θ=1.68
2026-06-02 14:30:42.492 - [robot_6_log_20260602_143011.csv] - DEBUG - Frecuencia: 12.57 Hz | Latencia Red/Proc: 11.39 ms
2026-06-02 14:30:42.503 - [robot_6_log_20260602_143011.csv] - DEBUG - Incoming data. Topic 6/pos, mensaje {"x": 265.48, "y": 98.24, "yaw": 1.675, "timestamp": 1780403442.4811797}
2026-06-02 14:30:42.507 - [robot_6_log_20260602_143011.csv] - INFO - Usando posición VISION: x=265.48, y=98.24, θ=1.68
2026-06-02 14:30:42.507 - [robot_6_log_20260602_143011.csv] - DEBUG - Posición actualizada por visión: x=265.48, y=98.24, θ=1.68
2026-06-02 14:30:42.507 - [robot_6_log_20260602_143011.csv] - INFO - Distancias a paredes: Left: 265.48, Right: 184.52, Top: 41.76, Bottom: 98.24
2026-06-02 14:30:42.507 - [robot_6_log_20260602_143011.csv] - DEBUG - Frecuencia: 65.92 Hz | Latencia Red/Proc: 26.56 ms
2026-06-02 14:30:42.507 - [robot_6_log_20260602_143011.csv] - INFO - Posicion: 265.48, 98.24, 1.675 | Velocidad: -0.9945757081745799, -0.10401519460652353
2026-06-02 14:30:42.507 - [robot_6_log_20260602_143011.csv] - DEBUG - Incoming data. Topic 6/pos, mensaje {"x": 265.48, "y": 98.24, "yaw": 1.675, "timestamp": 1780403442.4927533}
2026-06-02 14:30:42.507 - [robot_6_log_20260602_143011.csv] - INFO - None
2026-06-02 14:30:42.507 - [robot_6_log_20260602_143011.csv] - DEBUG - Posición actualizada por visión: x=265.48, y=98.24, θ=1.68
2026-06-02 14:30:42.507 - [robot_6_log_20260602_143011.csv] - DEBUG - Frecuencia: 5924.16 Hz | Latencia Red/Proc: 15.16 ms
2026-06-02 14:30:42.507 - [robot_6_log_20260602_143011.csv] - WARNING - Estado FSM: AVANZA | Target Wall: None | Target Theta: 0.00° |theta: 95.97043068441289 
2026-06-02 14:30:42.512 - [robot_6_log_20260602_143011.csv] - DEBUG - Incoming data. Topic 6/pos, mensaje {"x": 265.48, "y": 98.24, "yaw": 1.675, "timestamp": 1780403442.4927533}
2026-06-02 14:30:42.518 - [robot_6_log_20260602_143011.csv] - DEBUG - Posición actualizada por visión: x=265.48, y=98.24, θ=1.68
2026-06-02 14:30:42.518 - [robot_6_log_20260602_143011.csv] - DEBUG - Frecuencia: 97.88 Hz | Latencia Red/Proc: 25.37 ms
2026-06-02 14:30:42.536 - [robot_6_log_20260602_143011.csv] - DEBUG - Incoming data. Topic agent/6/wheel, mensaje {"Wleft":1.657007864e-15,"Wright":-3.719247132e-16}
2026-06-02 14:30:42.557 - [robot_6_log_20260602_143011.csv] - INFO - Usando posición VISION: x=265.48, y=98.24, θ=1.68
2026-06-02 14:30:42.557 - [robot_6_log_20260602_143011.csv] - INFO - Distancias a paredes: Left: 265.48, Right: 184.52, Top: 41.76, Bottom: 98.24
2026-06-02 14:30:42.557 - [robot_6_log_20260602_143011.csv] - INFO - Posicion: 265.48, 98.24, 1.675 | Velocidad: -0.9945757081745799, -0.10401519460652353
2026-06-02 14:30:42.557 - [robot_6_log_20260602_143011.csv] - INFO - None
2026-06-02 14:30:42.557 - [robot_6_log_20260602_143011.csv] - WARNING - Estado FSM: AVANZA | Target Wall: None | Target Theta: 0.00° |theta: 95.97043068441289 
2026-06-02 14:30:42.593 - [robot_6_log_20260602_143011.csv] - DEBUG - Incoming data. Topic 6/pos, mensaje {"x": 265.47, "y": 98.23, "yaw": 1.676, "timestamp": 1780403442.5817049}
2026-06-02 14:30:42.598 - [robot_6_log_20260602_143011.csv] - DEBUG - Posición actualizada por visión: x=265.47, y=98.23, θ=1.68
2026-06-02 14:30:42.598 - [robot_6_log_20260602_143011.csv] - DEBUG - Frecuencia: 12.39 Hz | Latencia Red/Proc: 17.14 ms
2026-06-02 14:30:42.604 - [robot_6_log_20260602_143011.csv] - DEBUG - Incoming data. Topic 6/pos, mensaje {"x": 265.47, "y": 98.23, "yaw": 1.676, "timestamp": 1780403442.5817049}
2026-06-02 14:30:42.607 - [robot_6_log_20260602_143011.csv] - INFO - Usando posición VISION: x=265.47, y=98.23, θ=1.68
2026-06-02 14:30:42.607 - [robot_6_log_20260602_143011.csv] - INFO - Distancias a paredes: Left: 265.47, Right: 184.53, Top: 41.77, Bottom: 98.23
2026-06-02 14:30:42.607 - [robot_6_log_20260602_143011.csv] - INFO - Posicion: 265.47, 98.23, 1.676 | Velocidad: -0.9944711957094966, -0.10500971814134243
2026-06-02 14:30:42.607 - [robot_6_log_20260602_143011.csv] - INFO - None
2026-06-02 14:30:42.607 - [robot_6_log_20260602_143011.csv] - WARNING - Estado FSM: AVANZA | Target Wall: None | Target Theta: 0.00° |theta: 96.02772646392597 
2026-06-02 14:30:42.607 - [robot_6_log_20260602_143011.csv] - DEBUG - Posición actualizada por visión: x=265.47, y=98.23, θ=1.68
2026-06-02 14:30:42.618 - [robot_6_log_20260602_143011.csv] - DEBUG - Frecuencia: 52.16 Hz | Latencia Red/Proc: 36.31 ms
2026-06-02 14:30:42.628 - [robot_6_log_20260602_143011.csv] - DEBUG - Incoming data. Topic 6/pos, mensaje {"x": 265.47, "y": 98.23, "yaw": 1.676, "timestamp": 1780403442.59102}
2026-06-02 14:30:42.633 - [robot_6_log_20260602_143011.csv] - DEBUG - Posición actualizada por visión: x=265.47, y=98.23, θ=1.68
2026-06-02 14:30:42.639 - [robot_6_log_20260602_143011.csv] - DEBUG - Frecuencia: 46.16 Hz | Latencia Red/Proc: 48.66 ms
2026-06-02 14:30:42.650 - [robot_6_log_20260602_143011.csv] - DEBUG - Incoming data. Topic 6/pos, mensaje {"x": 265.47, "y": 98.23, "yaw": 1.676, "timestamp": 1780403442.59102}
2026-06-02 14:30:42.655 - [robot_6_log_20260602_143011.csv] - DEBUG - Posición actualizada por visión: x=265.47, y=98.23, θ=1.68
2026-06-02 14:30:42.656 - [robot_6_log_20260602_143011.csv] - DEBUG - Frecuencia: 61.24 Hz | Latencia Red/Proc: 64.99 ms
2026-06-02 14:30:42.657 - [robot_6_log_20260602_143011.csv] - INFO - Usando posición VISION: x=265.47, y=98.23, θ=1.68
2026-06-02 14:30:42.657 - [robot_6_log_20260602_143011.csv] - INFO - Distancias a paredes: Left: 265.47, Right: 184.53, Top: 41.77, Bottom: 98.23
2026-06-02 14:30:42.657 - [robot_6_log_20260602_143011.csv] - INFO - Posicion: 265.47, 98.23, 1.676 | Velocidad: -0.9944711957094966, -0.10500971814134243
2026-06-02 14:30:42.657 - [robot_6_log_20260602_143011.csv] - INFO - None
2026-06-02 14:30:42.657 - [robot_6_log_20260602_143011.csv] - DEBUG - Incoming data. Topic agent/6/wheel, mensaje {"Wleft":1.657007864e-15,"Wright":-3.719247132e-16}
2026-06-02 14:30:42.657 - [robot_6_log_20260602_143011.csv] - WARNING - Estado FSM: AVANZA | Target Wall: None | Target Theta: 0.00° |theta: 96.02772646392597 
2026-06-02 14:30:42.682 - [robot_6_log_20260602_143011.csv] - DEBUG - Incoming data. Topic 6/pos, mensaje {"x": 265.48, "y": 98.25, "yaw": 1.669, "timestamp": 1780403442.6766841}
2026-06-02 14:30:42.687 - [robot_6_log_20260602_143011.csv] - DEBUG - Posición actualizada por visión: x=265.48, y=98.25, θ=1.67
2026-06-02 14:30:42.693 - [robot_6_log_20260602_143011.csv] - DEBUG - Frecuencia: 26.63 Hz | Latencia Red/Proc: 16.88 ms
2026-06-02 14:30:42.698 - [robot_6_log_20260602_143011.csv] - DEBUG - Incoming data. Topic 6/pos, mensaje {"x": 265.48, "y": 98.25, "yaw": 1.669, "timestamp": 1780403442.6766841}
2026-06-02 14:30:42.698 - [robot_6_log_20260602_143011.csv] - DEBUG - Posición actualizada por visión: x=265.48, y=98.25, θ=1.67
2026-06-02 14:30:42.698 - [robot_6_log_20260602_143011.csv] - DEBUG - Frecuencia: 190.46 Hz | Latencia Red/Proc: 22.13 ms
2026-06-02 14:30:42.698 - [robot_6_log_20260602_143011.csv] - DEBUG - Incoming data. Topic 6/pos, mensaje {"x": 265.48, "y": 98.25, "yaw": 1.669, "timestamp": 1780403442.6873202}
2026-06-02 14:30:42.698 - [robot_6_log_20260602_143011.csv] - DEBUG - Posición actualizada por visión: x=265.48, y=98.25, θ=1.67
2026-06-02 14:30:42.698 - [robot_6_log_20260602_143011.csv] - DEBUG - Frecuencia: 10951.19 Hz | Latencia Red/Proc: 11.59 ms
2026-06-02 14:30:42.698 - [robot_6_log_20260602_143011.csv] - DEBUG - Incoming data. Topic 6/pos, mensaje {"x": 265.48, "y": 98.25, "yaw": 1.669, "timestamp": 1780403442.6873202}
2026-06-02 14:30:42.698 - [robot_6_log_20260602_143011.csv] - DEBUG - Posición actualizada por visión: x=265.48, y=98.25, θ=1.67
2026-06-02 14:30:42.699 - [robot_6_log_20260602_143011.csv] - DEBUG - Frecuencia: 10538.45 Hz | Latencia Red/Proc: 11.68 ms
2026-06-02 14:30:42.707 - [robot_6_log_20260602_143011.csv] - INFO - Usando posición VISION: x=265.48, y=98.25, θ=1.67
2026-06-02 14:30:42.707 - [robot_6_log_20260602_143011.csv] - INFO - Distancias a paredes: Left: 265.48, Right: 184.52, Top: 41.75, Bottom: 98.25
2026-06-02 14:30:42.707 - [robot_6_log_20260602_143011.csv] - INFO - Posicion: 265.48, 98.25, 1.669 | Velocidad: -0.9951818932886386, -0.09804590389425098
2026-06-02 14:30:42.707 - [robot_6_log_20260602_143011.csv] - INFO - None
2026-06-02 14:30:42.707 - [robot_6_log_20260602_143011.csv] - WARNING - Estado FSM: AVANZA | Target Wall: None | Target Theta: 0.00° |theta: 95.6266560073344 
2026-06-02 14:30:42.744 - [robot_6_log_20260602_143011.csv] - DEBUG - Incoming data. Topic agent/6/wheel, mensaje {"Wleft":1.657007864e-15,"Wright":-3.719247132e-16}
2026-06-02 14:30:42.757 - [robot_6_log_20260602_143011.csv] - INFO - Usando posición VISION: x=265.48, y=98.25, θ=1.67
2026-06-02 14:30:42.757 - [robot_6_log_20260602_143011.csv] - INFO - Distancias a paredes: Left: 265.48, Right: 184.52, Top: 41.75, Bottom: 98.25
2026-06-02 14:30:42.757 - [robot_6_log_20260602_143011.csv] - INFO - Posicion: 265.48, 98.25, 1.669 | Velocidad: -0.9951818932886386, -0.09804590389425098
2026-06-02 14:30:42.757 - [robot_6_log_20260602_143011.csv] - INFO - None
2026-06-02 14:30:42.757 - [robot_6_log_20260602_143011.csv] - WARNING - Estado FSM: AVANZA | Target Wall: None | Target Theta: 0.00° |theta: 95.6266560073344 
2026-06-02 14:30:42.793 - [robot_6_log_20260602_143011.csv] - DEBUG - Incoming data. Topic 6/pos, mensaje {"x": 265.49, "y": 98.25, "yaw": 1.667, "timestamp": 1780403442.776109}
2026-06-02 14:30:42.799 - [robot_6_log_20260602_143011.csv] - DEBUG - Posición actualizada por visión: x=265.49, y=98.25, θ=1.67
2026-06-02 14:30:42.807 - [robot_6_log_20260602_143011.csv] - INFO - Usando posición VISION: x=265.49, y=98.25, θ=1.67
2026-06-02 14:30:42.807 - [robot_6_log_20260602_143011.csv] - INFO - Distancias a paredes: Left: 265.49, Right: 184.51, Top: 41.75, Bottom: 98.25
2026-06-02 14:30:42.808 - [robot_6_log_20260602_143011.csv] - INFO - Posicion: 265.49, 98.25, 1.667 | Velocidad: -0.9953759946025762, -0.09605534534284021
2026-06-02 14:30:42.808 - [robot_6_log_20260602_143011.csv] - INFO - None
2026-06-02 14:30:42.807 - [robot_6_log_20260602_143011.csv] - DEBUG - Frecuencia: 9.18 Hz | Latencia Red/Proc: 31.81 ms
2026-06-02 14:30:42.808 - [robot_6_log_20260602_143011.csv] - WARNING - Estado FSM: AVANZA | Target Wall: None | Target Theta: 0.00° |theta: 95.51206444830824 
2026-06-02 14:30:42.818 - [robot_6_log_20260602_143011.csv] - DEBUG - Incoming data. Topic 6/pos, mensaje {"x": 265.49, "y": 98.25, "yaw": 1.667, "timestamp": 1780403442.776109}
2026-06-02 14:30:42.823 - [robot_6_log_20260602_143011.csv] - DEBUG - Posición actualizada por visión: x=265.49, y=98.25, θ=1.67
2026-06-02 14:30:42.828 - [robot_6_log_20260602_143011.csv] - DEBUG - Frecuencia: 47.97 Hz | Latencia Red/Proc: 52.65 ms
2026-06-02 14:30:42.844 - [robot_6_log_20260602_143011.csv] - DEBUG - Incoming data. Topic 6/pos, mensaje {"x": 265.49, "y": 98.25, "yaw": 1.667, "timestamp": 1780403442.783173}
2026-06-02 14:30:42.849 - [robot_6_log_20260602_143011.csv] - DEBUG - Posición actualizada por visión: x=265.49, y=98.25, θ=1.67
2026-06-02 14:30:42.854 - [robot_6_log_20260602_143011.csv] - DEBUG - Frecuencia: 38.64 Hz | Latencia Red/Proc: 71.47 ms
2026-06-02 14:30:42.854 - [robot_6_log_20260602_143011.csv] - DEBUG - Incoming data. Topic 6/pos, mensaje {"x": 265.49, "y": 98.25, "yaw": 1.667, "timestamp": 1780403442.783173}
2026-06-02 14:30:42.854 - [robot_6_log_20260602_143011.csv] - DEBUG - Posición actualizada por visión: x=265.49, y=98.25, θ=1.67
2026-06-02 14:30:42.854 - [robot_6_log_20260602_143011.csv] - DEBUG - Frecuencia: 9939.11 Hz | Latencia Red/Proc: 71.57 ms
2026-06-02 14:30:42.854 - [robot_6_log_20260602_143011.csv] - DEBUG - Incoming data. Topic agent/6/wheel, mensaje {"Wleft":1.657007864e-15,"Wright":-3.719247132e-16}
2026-06-02 14:30:42.857 - [robot_6_log_20260602_143011.csv] - INFO - Usando posición VISION: x=265.49, y=98.25, θ=1.67
2026-06-02 14:30:42.857 - [robot_6_log_20260602_143011.csv] - INFO - Distancias a paredes: Left: 265.49, Right: 184.51, Top: 41.75, Bottom: 98.25
2026-06-02 14:30:42.857 - [robot_6_log_20260602_143011.csv] - INFO - Posicion: 265.49, 98.25, 1.667 | Velocidad: -0.9953759946025762, -0.09605534534284021
2026-06-02 14:30:42.857 - [robot_6_log_20260602_143011.csv] - INFO - None
2026-06-02 14:30:42.857 - [robot_6_log_20260602_143011.csv] - WARNING - Estado FSM: AVANZA | Target Wall: None | Target Theta: 0.00° |theta: 95.51206444830824 
2026-06-02 14:30:42.881 - [robot_6_log_20260602_143011.csv] - DEBUG - Incoming data. Topic 6/pos, mensaje {"x": 265.48, "y": 98.24, "yaw": 1.677, "timestamp": 1780403442.8757694}
2026-06-02 14:30:42.881 - [robot_6_log_20260602_143011.csv] - DEBUG - Posición actualizada por visión: x=265.48, y=98.24, θ=1.68
2026-06-02 14:30:42.886 - [robot_6_log_20260602_143011.csv] - DEBUG - Frecuencia: 31.41 Hz | Latencia Red/Proc: 10.82 ms
2026-06-02 14:30:42.886 - [robot_6_log_20260602_143011.csv] - DEBUG - Incoming data. Topic 6/pos, mensaje {"x": 265.48, "y": 98.24, "yaw": 1.677, "timestamp": 1780403442.8757694}
2026-06-02 14:30:42.886 - [robot_6_log_20260602_143011.csv] - DEBUG - Posición actualizada por visión: x=265.48, y=98.24, θ=1.68
2026-06-02 14:30:42.886 - [robot_6_log_20260602_143011.csv] - DEBUG - Frecuencia: 3382.50 Hz | Latencia Red/Proc: 11.11 ms
2026-06-02 14:30:42.897 - [robot_6_log_20260602_143011.csv] - DEBUG - Incoming data. Topic 6/pos, mensaje {"x": 265.48, "y": 98.24, "yaw": 1.677, "timestamp": 1780403442.8869555}
2026-06-02 14:30:42.903 - [robot_6_log_20260602_143011.csv] - DEBUG - Posición actualizada por visión: x=265.48, y=98.24, θ=1.68
2026-06-02 14:30:42.907 - [robot_6_log_20260602_143011.csv] - INFO - Usando posición VISION: x=265.48, y=98.24, θ=1.68
2026-06-02 14:30:42.907 - [robot_6_log_20260602_143011.csv] - DEBUG - Frecuencia: 48.08 Hz | Latencia Red/Proc: 20.73 ms
2026-06-02 14:30:42.907 - [robot_6_log_20260602_143011.csv] - DEBUG - Incoming data. Topic 6/pos, mensaje {"x": 265.48, "y": 98.24, "yaw": 1.677, "timestamp": 1780403442.8869555}
2026-06-02 14:30:42.908 - [robot_6_log_20260602_143011.csv] - DEBUG - Posición actualizada por visión: x=265.48, y=98.24, θ=1.68
2026-06-02 14:30:42.907 - [robot_6_log_20260602_143011.csv] - INFO - Distancias a paredes: Left: 265.48, Right: 184.52, Top: 41.76, Bottom: 98.24
2026-06-02 14:30:42.908 - [robot_6_log_20260602_143011.csv] - INFO - Posicion: 265.48, 98.24, 1.677 | Velocidad: -0.9943656887733004, -0.10600413666645214
2026-06-02 14:30:42.908 - [robot_6_log_20260602_143011.csv] - INFO - None
2026-06-02 14:30:42.908 - [robot_6_log_20260602_143011.csv] - DEBUG - Frecuencia: 2794.34 Hz | Latencia Red/Proc: 21.08 ms
2026-06-02 14:30:42.908 - [robot_6_log_20260602_143011.csv] - WARNING - Estado FSM: AVANZA | Target Wall: None | Target Theta: 0.00° |theta: 96.08502224343906 
2026-06-02 14:30:42.933 - [robot_6_log_20260602_143011.csv] - DEBUG - Incoming data. Topic agent/6/wheel, mensaje {"Wleft":1.657007864e-15,"Wright":-3.719247132e-16}
2026-06-02 14:30:42.957 - [robot_6_log_20260602_143011.csv] - INFO - Usando posición VISION: x=265.48, y=98.24, θ=1.68
2026-06-02 14:30:42.957 - [robot_6_log_20260602_143011.csv] - INFO - Distancias a paredes: Left: 265.48, Right: 184.52, Top: 41.76, Bottom: 98.24
2026-06-02 14:30:42.957 - [robot_6_log_20260602_143011.csv] - INFO - Posicion: 265.48, 98.24, 1.677 | Velocidad: -0.9943656887733004, -0.10600413666645214
2026-06-02 14:30:42.957 - [robot_6_log_20260602_143011.csv] - INFO - None
2026-06-02 14:30:42.957 - [robot_6_log_20260602_143011.csv] - WARNING - Estado FSM: AVANZA | Target Wall: None | Target Theta: 0.00° |theta: 96.08502224343906 
2026-06-02 14:30:42.986 - [robot_6_log_20260602_143011.csv] - DEBUG - Incoming data. Topic 6/pos, mensaje {"x": 265.49, "y": 98.24, "yaw": 1.669, "timestamp": 1780403442.9809499}
2026-06-02 14:30:42.991 - [robot_6_log_20260602_143011.csv] - DEBUG - Posición actualizada por visión: x=265.49, y=98.24, θ=1.67
2026-06-02 14:30:42.996 - [robot_6_log_20260602_143011.csv] - DEBUG - Frecuencia: 11.26 Hz | Latencia Red/Proc: 15.91 ms
2026-06-02 14:30:42.996 - [robot_6_log_20260602_143011.csv] - DEBUG - Incoming data. Topic 6/pos, mensaje {"x": 265.49, "y": 98.24, "yaw": 1.669, "timestamp": 1780403442.9809499}
2026-06-02 14:30:42.996 - [robot_6_log_20260602_143011.csv] - DEBUG - Posición actualizada por visión: x=265.49, y=98.24, θ=1.67
2026-06-02 14:30:42.996 - [robot_6_log_20260602_143011.csv] - DEBUG - Frecuencia: 17260.51 Hz | Latencia Red/Proc: 15.97 ms
2026-06-02 14:30:42.996 - [robot_6_log_20260602_143011.csv] - DEBUG - Incoming data. Topic 6/pos, mensaje {"x": 265.49, "y": 98.24, "yaw": 1.669, "timestamp": 1780403442.9898708}
2026-06-02 14:30:42.996 - [robot_6_log_20260602_143011.csv] - DEBUG - Posición actualizada por visión: x=265.49, y=98.24, θ=1.67
2026-06-02 14:30:42.996 - [robot_6_log_20260602_143011.csv] - DEBUG - Frecuencia: 29127.11 Hz | Latencia Red/Proc: 7.08 ms
2026-06-02 14:30:42.996 - [robot_6_log_20260602_143011.csv] - DEBUG - Incoming data. Topic 6/pos, mensaje {"x": 265.49, "y": 98.24, "yaw": 1.669, "timestamp": 1780403442.9898708}
2026-06-02 14:30:42.996 - [robot_6_log_20260602_143011.csv] - DEBUG - Posición actualizada por visión: x=265.49, y=98.24, θ=1.67
2026-06-02 14:30:42.996 - [robot_6_log_20260602_143011.csv] - DEBUG - Frecuencia: 29746.84 Hz | Latencia Red/Proc: 7.11 ms
2026-06-02 14:30:43.007 - [robot_6_log_20260602_143011.csv] - INFO - Usando posición VISION: x=265.49, y=98.24, θ=1.67
2026-06-02 14:30:43.007 - [robot_6_log_20260602_143011.csv] - INFO - Distancias a paredes: Left: 265.49, Right: 184.51, Top: 41.76, Bottom: 98.24
2026-06-02 14:30:43.007 - [robot_6_log_20260602_143011.csv] - INFO - Posicion: 265.49, 98.24, 1.669 | Velocidad: -0.9951818932886386, -0.09804590389425098
2026-06-02 14:30:43.007 - [robot_6_log_20260602_143011.csv] - INFO - None
2026-06-02 14:30:43.007 - [robot_6_log_20260602_143011.csv] - WARNING - Estado FSM: AVANZA | Target Wall: None | Target Theta: 0.00° |theta: 95.6266560073344 
2026-06-02 14:30:43.052 - [robot_6_log_20260602_143011.csv] - DEBUG - Incoming data. Topic agent/6/wheel, mensaje {"Wleft":1.657007864e-15,"Wright":-3.719247132e-16}
2026-06-02 14:30:43.057 - [robot_6_log_20260602_143011.csv] - INFO - Usando posición VISION: x=265.49, y=98.24, θ=1.67
2026-06-02 14:30:43.057 - [robot_6_log_20260602_143011.csv] - INFO - Distancias a paredes: Left: 265.49, Right: 184.51, Top: 41.76, Bottom: 98.24
2026-06-02 14:30:43.057 - [robot_6_log_20260602_143011.csv] - INFO - Posicion: 265.49, 98.24, 1.669 | Velocidad: -0.9951818932886386, -0.09804590389425098
2026-06-02 14:30:43.057 - [robot_6_log_20260602_143011.csv] - INFO - None
2026-06-02 14:30:43.057 - [robot_6_log_20260602_143011.csv] - WARNING - Estado FSM: AVANZA | Target Wall: None | Target Theta: 0.00° |theta: 95.6266560073344 
2026-06-02 14:30:43.083 - [robot_6_log_20260602_143011.csv] - DEBUG - Incoming data. Topic 6/pos, mensaje {"x": 265.47, "y": 98.23, "yaw": 1.672, "timestamp": 1780403443.0778089}
2026-06-02 14:30:43.083 - [robot_6_log_20260602_143011.csv] - DEBUG - Posición actualizada por visión: x=265.47, y=98.23, θ=1.67
2026-06-02 14:30:43.083 - [robot_6_log_20260602_143011.csv] - DEBUG - Frecuencia: 11.58 Hz | Latencia Red/Proc: 5.52 ms
2026-06-02 14:30:43.083 - [robot_6_log_20260602_143011.csv] - DEBUG - Incoming data. Topic 6/pos, mensaje {"x": 265.47, "y": 98.23, "yaw": 1.672, "timestamp": 1780403443.0778089}
2026-06-02 14:30:43.083 - [robot_6_log_20260602_143011.csv] - DEBUG - Posición actualizada por visión: x=265.47, y=98.23, θ=1.67
2026-06-02 14:30:43.083 - [robot_6_log_20260602_143011.csv] - DEBUG - Frecuencia: 22310.13 Hz | Latencia Red/Proc: 5.57 ms
2026-06-02 14:30:43.094 - [robot_6_log_20260602_143011.csv] - DEBUG - Incoming data. Topic 6/pos, mensaje {"x": 265.47, "y": 98.23, "yaw": 1.672, "timestamp": 1780403443.0892649}
2026-06-02 14:30:43.099 - [robot_6_log_20260602_143011.csv] - DEBUG - Posición actualizada por visión: x=265.47, y=98.23, θ=1.67
2026-06-02 14:30:43.099 - [robot_6_log_20260602_143011.csv] - DEBUG - Frecuencia: 61.17 Hz | Latencia Red/Proc: 10.46 ms
2026-06-02 14:30:43.099 - [robot_6_log_20260602_143011.csv] - DEBUG - Incoming data. Topic 6/pos, mensaje {"x": 265.47, "y": 98.23, "yaw": 1.672, "timestamp": 1780403443.0892649}
2026-06-02 14:30:43.099 - [robot_6_log_20260602_143011.csv] - DEBUG - Posición actualizada por visión: x=265.47, y=98.23, θ=1.67
2026-06-02 14:30:43.099 - [robot_6_log_20260602_143011.csv] - DEBUG - Frecuencia: 20661.60 Hz | Latencia Red/Proc: 10.50 ms
2026-06-02 14:30:43.107 - [robot_6_log_20260602_143011.csv] - INFO - Usando posición VISION: x=265.47, y=98.23, θ=1.67
2026-06-02 14:30:43.107 - [robot_6_log_20260602_143011.csv] - INFO - Distancias a paredes: Left: 265.47, Right: 184.53, Top: 41.77, Bottom: 98.23
2026-06-02 14:30:43.107 - [robot_6_log_20260602_143011.csv] - INFO - Posicion: 265.47, 98.23, 1.672 | Velocidad: -0.9948832777030012, -0.10103100388956367
2026-06-02 14:30:43.107 - [robot_6_log_20260602_143011.csv] - INFO - None
2026-06-02 14:30:43.107 - [robot_6_log_20260602_143011.csv] - WARNING - Estado FSM: AVANZA | Target Wall: None | Target Theta: 0.00° |theta: 95.79854334587364 
2026-06-02 14:30:43.135 - [robot_6_log_20260602_143011.csv] - DEBUG - Incoming data. Topic agent/6/wheel, mensaje {"Wleft":1.657007864e-15,"Wright":-3.719247132e-16}
2026-06-02 14:30:43.157 - [robot_6_log_20260602_143011.csv] - INFO - Usando posición VISION: x=265.47, y=98.23, θ=1.67
2026-06-02 14:30:43.157 - [robot_6_log_20260602_143011.csv] - INFO - Distancias a paredes: Left: 265.47, Right: 184.53, Top: 41.77, Bottom: 98.23
2026-06-02 14:30:43.157 - [robot_6_log_20260602_143011.csv] - INFO - Posicion: 265.47, 98.23, 1.672 | Velocidad: -0.9948832777030012, -0.10103100388956367
2026-06-02 14:30:43.157 - [robot_6_log_20260602_143011.csv] - INFO - None
2026-06-02 14:30:43.157 - [robot_6_log_20260602_143011.csv] - WARNING - Estado FSM: AVANZA | Target Wall: None | Target Theta: 0.00° |theta: 95.79854334587364 
2026-06-02 14:30:43.188 - [robot_6_log_20260602_143011.csv] - DEBUG - Incoming data. Topic 6/pos, mensaje {"x": 265.48, "y": 98.25, "yaw": 1.666, "timestamp": 1780403443.1780171}
2026-06-02 14:30:43.188 - [robot_6_log_20260602_143011.csv] - DEBUG - Posición actualizada por visión: x=265.48, y=98.25, θ=1.67
2026-06-02 14:30:43.188 - [robot_6_log_20260602_143011.csv] - DEBUG - Frecuencia: 11.22 Hz | Latencia Red/Proc: 10.85 ms
2026-06-02 14:30:43.188 - [robot_6_log_20260602_143011.csv] - DEBUG - Incoming data. Topic 6/pos, mensaje {"x": 265.48, "y": 98.25, "yaw": 1.666, "timestamp": 1780403443.1780171}
2026-06-02 14:30:43.188 - [robot_6_log_20260602_143011.csv] - DEBUG - Posición actualizada por visión: x=265.48, y=98.25, θ=1.67
2026-06-02 14:30:43.188 - [robot_6_log_20260602_143011.csv] - DEBUG - Frecuencia: 20560.31 Hz | Latencia Red/Proc: 10.90 ms
2026-06-02 14:30:43.188 - [robot_6_log_20260602_143011.csv] - DEBUG - Incoming data. Topic 6/pos, mensaje {"x": 265.48, "y": 98.25, "yaw": 1.666, "timestamp": 1780403443.1869626}
2026-06-02 14:30:43.188 - [robot_6_log_20260602_143011.csv] - DEBUG - Posición actualizada por visión: x=265.48, y=98.25, θ=1.67
2026-06-02 14:30:43.188 - [robot_6_log_20260602_143011.csv] - DEBUG - Frecuencia: 28728.11 Hz | Latencia Red/Proc: 1.99 ms
2026-06-02 14:30:43.194 - [robot_6_log_20260602_143011.csv] - DEBUG - Incoming data. Topic 6/pos, mensaje {"x": 265.48, "y": 98.25, "yaw": 1.666, "timestamp": 1780403443.1869626}
2026-06-02 14:30:43.199 - [robot_6_log_20260602_143011.csv] - DEBUG - Posición actualizada por visión: x=265.48, y=98.25, θ=1.67
2026-06-02 14:30:43.199 - [robot_6_log_20260602_143011.csv] - DEBUG - Frecuencia: 98.42 Hz | Latencia Red/Proc: 12.15 ms
2026-06-02 14:30:43.207 - [robot_6_log_20260602_143011.csv] - INFO - Usando posición VISION: x=265.48, y=98.25, θ=1.67
2026-06-02 14:30:43.207 - [robot_6_log_20260602_143011.csv] - INFO - Distancias a paredes: Left: 265.48, Right: 184.52, Top: 41.75, Bottom: 98.25
2026-06-02 14:30:43.207 - [robot_6_log_20260602_143011.csv] - INFO - Posicion: 265.48, 98.25, 1.666 | Velocidad: -0.995471552243954, -0.09505992148646485
2026-06-02 14:30:43.207 - [robot_6_log_20260602_143011.csv] - INFO - None
2026-06-02 14:30:43.207 - [robot_6_log_20260602_143011.csv] - WARNING - Estado FSM: AVANZA | Target Wall: None | Target Theta: 0.00° |theta: 95.45476866879514 
2026-06-02 14:30:43.251 - [robot_6_log_20260602_143011.csv] - DEBUG - Incoming data. Topic agent/6/wheel, mensaje {"Wleft":1.657007864e-15,"Wright":-3.719247132e-16}
2026-06-02 14:30:43.257 - [robot_6_log_20260602_143011.csv] - INFO - Usando posición VISION: x=265.48, y=98.25, θ=1.67
2026-06-02 14:30:43.257 - [robot_6_log_20260602_143011.csv] - INFO - Distancias a paredes: Left: 265.48, Right: 184.52, Top: 41.75, Bottom: 98.25
2026-06-02 14:30:43.257 - [robot_6_log_20260602_143011.csv] - INFO - Posicion: 265.48, 98.25, 1.666 | Velocidad: -0.995471552243954, -0.09505992148646485
2026-06-02 14:30:43.257 - [robot_6_log_20260602_143011.csv] - INFO - None
2026-06-02 14:30:43.257 - [robot_6_log_20260602_143011.csv] - WARNING - Estado FSM: AVANZA | Target Wall: None | Target Theta: 0.00° |theta: 95.45476866879514 
2026-06-02 14:30:43.283 - [robot_6_log_20260602_143011.csv] - DEBUG - Incoming data. Topic 6/pos, mensaje {"x": 265.48, "y": 98.23, "yaw": 1.675, "timestamp": 1780403443.2776697}
2026-06-02 14:30:43.283 - [robot_6_log_20260602_143011.csv] - DEBUG - Posición actualizada por visión: x=265.48, y=98.23, θ=1.68
2026-06-02 14:30:43.288 - [robot_6_log_20260602_143011.csv] - DEBUG - Frecuencia: 11.18 Hz | Latencia Red/Proc: 10.93 ms
2026-06-02 14:30:43.303 - [robot_6_log_20260602_143011.csv] - DEBUG - Incoming data. Topic 6/pos, mensaje {"x": 265.48, "y": 98.23, "yaw": 1.675, "timestamp": 1780403443.2776697}
2026-06-02 14:30:43.307 - [robot_6_log_20260602_143011.csv] - INFO - Usando posición VISION: x=265.48, y=98.23, θ=1.68
2026-06-02 14:30:43.307 - [robot_6_log_20260602_143011.csv] - DEBUG - Posición actualizada por visión: x=265.48, y=98.23, θ=1.68
2026-06-02 14:30:43.307 - [robot_6_log_20260602_143011.csv] - INFO - Distancias a paredes: Left: 265.48, Right: 184.52, Top: 41.77, Bottom: 98.23
2026-06-02 14:30:43.307 - [robot_6_log_20260602_143011.csv] - DEBUG - Frecuencia: 52.19 Hz | Latencia Red/Proc: 30.09 ms
2026-06-02 14:30:43.307 - [robot_6_log_20260602_143011.csv] - INFO - Posicion: 265.48, 98.23, 1.675 | Velocidad: -0.9945757081745799, -0.10401519460652353
2026-06-02 14:30:43.307 - [robot_6_log_20260602_143011.csv] - INFO - None
2026-06-02 14:30:43.307 - [robot_6_log_20260602_143011.csv] - DEBUG - Incoming data. Topic 6/pos, mensaje {"x": 265.48, "y": 98.23, "yaw": 1.675, "timestamp": 1780403443.2884734}
2026-06-02 14:30:43.307 - [robot_6_log_20260602_143011.csv] - WARNING - Estado FSM: AVANZA | Target Wall: None | Target Theta: 0.00° |theta: 95.97043068441289 
2026-06-02 14:30:43.307 - [robot_6_log_20260602_143011.csv] - DEBUG - Posición actualizada por visión: x=265.48, y=98.23, θ=1.68
2026-06-02 14:30:43.318 - [robot_6_log_20260602_143011.csv] - DEBUG - Frecuencia: 96.43 Hz | Latencia Red/Proc: 29.65 ms
2026-06-02 14:30:43.328 - [robot_6_log_20260602_143011.csv] - DEBUG - Incoming data. Topic 6/pos, mensaje {"x": 265.48, "y": 98.23, "yaw": 1.675, "timestamp": 1780403443.2884734}
2026-06-02 14:30:43.333 - [robot_6_log_20260602_143011.csv] - DEBUG - Posición actualizada por visión: x=265.48, y=98.23, θ=1.68
2026-06-02 14:30:43.338 - [robot_6_log_20260602_143011.csv] - DEBUG - Frecuencia: 49.05 Hz | Latencia Red/Proc: 50.04 ms
2026-06-02 14:30:43.353 - [robot_6_log_20260602_143011.csv] - DEBUG - Incoming data. Topic agent/6/wheel, mensaje {"Wleft":1.657007864e-15,"Wright":-3.719247132e-16}
2026-06-02 14:30:43.357 - [robot_6_log_20260602_143011.csv] - INFO - Usando posición VISION: x=265.48, y=98.23, θ=1.68
2026-06-02 14:30:43.357 - [robot_6_log_20260602_143011.csv] - INFO - Distancias a paredes: Left: 265.48, Right: 184.52, Top: 41.77, Bottom: 98.23
2026-06-02 14:30:43.357 - [robot_6_log_20260602_143011.csv] - INFO - Posicion: 265.48, 98.23, 1.675 | Velocidad: -0.9945757081745799, -0.10401519460652353
2026-06-02 14:30:43.357 - [robot_6_log_20260602_143011.csv] - INFO - None
2026-06-02 14:30:43.357 - [robot_6_log_20260602_143011.csv] - WARNING - Estado FSM: AVANZA | Target Wall: None | Target Theta: 0.00° |theta: 95.97043068441289 
2026-06-02 14:30:43.380 - [robot_6_log_20260602_143011.csv] - DEBUG - Incoming data. Topic 6/pos, mensaje {"x": 265.48, "y": 98.24, "yaw": 1.669, "timestamp": 1780403443.374964}
2026-06-02 14:30:43.380 - [robot_6_log_20260602_143011.csv] - DEBUG - Posición actualizada por visión: x=265.48, y=98.24, θ=1.67
2026-06-02 14:30:43.380 - [robot_6_log_20260602_143011.csv] - DEBUG - Frecuencia: 23.75 Hz | Latencia Red/Proc: 5.66 ms
2026-06-02 14:30:43.390 - [robot_6_log_20260602_143011.csv] - DEBUG - Incoming data. Topic 6/pos, mensaje {"x": 265.48, "y": 98.24, "yaw": 1.669, "timestamp": 1780403443.374964}
2026-06-02 14:30:43.390 - [robot_6_log_20260602_143011.csv] - DEBUG - Posición actualizada por visión: x=265.48, y=98.24, θ=1.67
2026-06-02 14:30:43.390 - [robot_6_log_20260602_143011.csv] - DEBUG - Frecuencia: 97.34 Hz | Latencia Red/Proc: 15.93 ms
2026-06-02 14:30:43.390 - [robot_6_log_20260602_143011.csv] - DEBUG - Incoming data. Topic 6/pos, mensaje {"x": 265.48, "y": 98.24, "yaw": 1.669, "timestamp": 1780403443.3829834}
2026-06-02 14:30:43.396 - [robot_6_log_20260602_143011.csv] - DEBUG - Posición actualizada por visión: x=265.48, y=98.24, θ=1.67
2026-06-02 14:30:43.401 - [robot_6_log_20260602_143011.csv] - DEBUG - Frecuencia: 96.43 Hz | Latencia Red/Proc: 18.28 ms
2026-06-02 14:30:43.407 - [robot_6_log_20260602_143011.csv] - INFO - Usando posición VISION: x=265.48, y=98.24, θ=1.67
2026-06-02 14:30:43.407 - [robot_6_log_20260602_143011.csv] - INFO - Distancias a paredes: Left: 265.48, Right: 184.52, Top: 41.76, Bottom: 98.24
2026-06-02 14:30:43.407 - [robot_6_log_20260602_143011.csv] - INFO - Posicion: 265.48, 98.24, 1.669 | Velocidad: -0.9951818932886386, -0.09804590389425098
2026-06-02 14:30:43.407 - [robot_6_log_20260602_143011.csv] - INFO - None
2026-06-02 14:30:43.407 - [robot_6_log_20260602_143011.csv] - WARNING - Estado FSM: AVANZA | Target Wall: None | Target Theta: 0.00° |theta: 95.6266560073344 
2026-06-02 14:30:43.418 - [robot_6_log_20260602_143011.csv] - DEBUG - Incoming data. Topic 6/pos, mensaje {"x": 265.48, "y": 98.24, "yaw": 1.669, "timestamp": 1780403443.3829834}
2026-06-02 14:30:43.423 - [robot_6_log_20260602_143011.csv] - DEBUG - Posición actualizada por visión: x=265.48, y=98.24, θ=1.67
2026-06-02 14:30:43.428 - [robot_6_log_20260602_143011.csv] - DEBUG - Frecuencia: 36.75 Hz | Latencia Red/Proc: 45.50 ms
2026-06-02 14:30:43.457 - [robot_6_log_20260602_143011.csv] - INFO - Usando posición VISION: x=265.48, y=98.24, θ=1.67
2026-06-02 14:30:43.457 - [robot_6_log_20260602_143011.csv] - INFO - Distancias a paredes: Left: 265.48, Right: 184.52, Top: 41.76, Bottom: 98.24
2026-06-02 14:30:43.457 - [robot_6_log_20260602_143011.csv] - INFO - Posicion: 265.48, 98.24, 1.669 | Velocidad: -0.9951818932886386, -0.09804590389425098
2026-06-02 14:30:43.457 - [robot_6_log_20260602_143011.csv] - INFO - None
2026-06-02 14:30:43.457 - [robot_6_log_20260602_143011.csv] - WARNING - Estado FSM: AVANZA | Target Wall: None | Target Theta: 0.00° |theta: 95.6266560073344 
2026-06-02 14:30:43.480 - [robot_6_log_20260602_143011.csv] - DEBUG - Incoming data. Topic agent/6/wheel, mensaje {"Wleft":1.657007864e-15,"Wright":-3.719247132e-16}
2026-06-02 14:30:43.486 - [robot_6_log_20260602_143011.csv] - DEBUG - Incoming data. Topic 6/pos, mensaje {"x": 265.48, "y": 98.24, "yaw": 1.674, "timestamp": 1780403443.477532}
2026-06-02 14:30:43.491 - [robot_6_log_20260602_143011.csv] - DEBUG - Posición actualizada por visión: x=265.48, y=98.24, θ=1.67
2026-06-02 14:30:43.491 - [robot_6_log_20260602_143011.csv] - DEBUG - Frecuencia: 15.94 Hz | Latencia Red/Proc: 13.69 ms
2026-06-02 14:30:43.491 - [robot_6_log_20260602_143011.csv] - DEBUG - Incoming data. Topic 6/pos, mensaje {"x": 265.48, "y": 98.24, "yaw": 1.674, "timestamp": 1780403443.477532}
2026-06-02 14:30:43.501 - [robot_6_log_20260602_143011.csv] - DEBUG - Posición actualizada por visión: x=265.48, y=98.24, θ=1.67
2026-06-02 14:30:43.506 - [robot_6_log_20260602_143011.csv] - DEBUG - Frecuencia: 65.16 Hz | Latencia Red/Proc: 29.04 ms
2026-06-02 14:30:43.506 - [robot_6_log_20260602_143011.csv] - DEBUG - Incoming data. Topic 6/pos, mensaje {"x": 265.48, "y": 98.24, "yaw": 1.674, "timestamp": 1780403443.4862528}
2026-06-02 14:30:43.506 - [robot_6_log_20260602_143011.csv] - DEBUG - Posición actualizada por visión: x=265.48, y=98.24, θ=1.67
2026-06-02 14:30:43.506 - [robot_6_log_20260602_143011.csv] - DEBUG - Frecuencia: 13400.33 Hz | Latencia Red/Proc: 20.39 ms
2026-06-02 14:30:43.506 - [robot_6_log_20260602_143011.csv] - DEBUG - Incoming data. Topic 6/pos, mensaje {"x": 265.48, "y": 98.24, "yaw": 1.674, "timestamp": 1780403443.4862528}
2026-06-02 14:30:43.506 - [robot_6_log_20260602_143011.csv] - DEBUG - Posición actualizada por visión: x=265.48, y=98.24, θ=1.67
2026-06-02 14:30:43.506 - [robot_6_log_20260602_143011.csv] - DEBUG - Frecuencia: 24105.20 Hz | Latencia Red/Proc: 20.43 ms
