timestamp,x,y,theta,x_estimate,y_estimate,theta_estimate,status,x_min,x_max,y_min,y_max,dist_to_wall,decision_v,decision_w
1779201461.6507068,0.0,0.0,0.0,0.0,0.0,0.0,ESTIMA,0.0,450.0,0,140.0,0.0,450.0,140.0,0.0,20.0,0.0
1779201461.7012703,0.0,0.0,0.0,0.0,0.0,0.0,ESTIMA,0.0,450.0,0,140.0,0.0,450.0,140.0,0.0,20.0,0.0
1779201461.751742,1.716873475794395,0.0,0.037789679795449664,1.716873475794395,0.0,0.037789679795449664,ESTIMA,0.0,450.0,0,140.0,1.717,448.283,140.0,0.0,20.0,0.0
1779201461.8022234,1.716873475794395,0.0,0.037789679795449664,1.716873475794395,0.0,0.037789679795449664,ESTIMA,0.0,450.0,0,140.0,1.717,448.283,140.0,0.0,20.0,0.0
1779201461.8525763,4.658412517667038,0.11121276303463513,0.09909956773979875,4.658412517667038,0.11121276303463513,0.09909956773979875,ESTIMA,0.0,450.0,0,140.0,4.658,445.342,139.889,0.111,20.0,0.0
1779201461.9030588,7.37126959875397,0.3809392756529978,0.1578391002356323,7.37126959875397,0.3809392756529978,0.1578391002356323,ESTIMA,0.0,450.0,0,140.0,7.371,442.629,139.619,0.381,20.0,0.0
1779201461.9534588,7.37126959875397,0.3809392756529978,0.1578391002356323,7.37126959875397,0.3809392756529978,0.1578391002356323,ESTIMA,0.0,450.0,0,140.0,7.371,442.629,139.619,0.381,20.0,0.0
1779201462.0039372,10.195104513614533,0.8303894630304833,0.2120586371021709,10.195104513614533,0.8303894630304833,0.2120586371021709,ESTIMA,0.0,450.0,0,140.0,10.195,439.805,139.17,0.83,20.0,0.0
1779201462.0544198,10.195104513614533,0.8303894630304833,0.2120586371021709,10.195104513614533,0.8303894630304833,0.2120586371021709,ESTIMA,0.0,450.0,0,140.0,10.195,439.805,139.17,0.83,20.0,0.0
1779201462.1048992,13.02311436046649,1.4392474056050057,0.27315183629306566,13.02311436046649,1.4392474056050057,0.27315183629306566,ESTIMA,0.0,450.0,0,140.0,13.023,436.977,138.561,1.439,20.0,0.0
1779201462.155261,13.02311436046649,1.4392474056050057,0.27315183629306566,13.02311436046649,1.4392474056050057,0.27315183629306566,ESTIMA,0.0,450.0,0,140.0,13.023,436.977,138.561,1.439,20.0,0.0
1779201462.2056735,13.02311436046649,1.4392474056050057,0.27315183629306566,13.02311436046649,1.4392474056050057,0.27315183629306566,ESTIMA,0.0,450.0,0,140.0,13.023,436.977,138.561,1.439,20.0,0.0
1779201462.2561026,17.51734691866147,2.6983262562985244,0.37029008438637045,17.51734691866147,2.6983262562985244,0.37029008438637045,ESTIMA,0.0,450.0,0,140.0,17.517,432.483,137.302,2.698,20.0,0.0
1779201462.3064857,18.966507218483798,3.26088582601509,0.4039803581525173,18.966507218483798,3.26088582601509,0.4039803581525173,ESTIMA,0.0,450.0,0,140.0,18.967,431.033,136.739,3.261,20.0,0.0
1779201462.3569052,18.966507218483798,3.26088582601509,0.4039803581525173,18.966507218483798,3.26088582601509,0.4039803581525173,ESTIMA,0.0,450.0,0,140.0,18.967,431.033,136.739,3.261,20.0,0.0
1779201462.407228,18.966507218483798,3.26088582601509,0.4039803581525173,18.966507218483798,3.26088582601509,0.4039803581525173,ESTIMA,0.0,450.0,0,140.0,18.967,431.033,136.739,3.261,20.0,0.0
1779201462.4576368,22.8267347483608,4.911106136034191,0.4958941864115852,22.8267347483608,4.911106136034191,0.4958941864115852,ESTIMA,0.0,450.0,0,140.0,22.827,427.173,135.089,4.911,20.0,0.0
1779201462.5080554,22.8267347483608,4.911106136034191,0.4958941864115852,22.8267347483608,4.911106136034191,0.4958941864115852,ESTIMA,0.0,450.0,0,140.0,22.827,427.173,135.089,4.911,20.0,0.0
1779201462.5583503,24.591877792693964,5.866018890262137,0.5375695208869993,24.591877792693964,5.866018890262137,0.5375695208869993,ESTIMA,0.0,450.0,0,140.0,24.592,425.408,134.134,5.866,20.0,0.0
1779201462.6087916,27.015624903319026,7.310888792289656,0.5931227533582618,27.015624903319026,7.310888792289656,0.5931227533582618,ESTIMA,0.0,450.0,0,140.0,27.016,422.984,132.689,7.311,20.0,0.0
1779201462.6591032,27.015624903319026,7.310888792289656,0.5931227533582618,27.015624903319026,7.310888792289656,0.5931227533582618,ESTIMA,0.0,450.0,0,140.0,27.016,422.984,132.689,7.311,20.0,0.0
1779201462.7092814,29.758339798586384,9.159719538417539,0.6694220063263143,29.758339798586384,9.159719538417539,0.6694220063263143,ESTIMA,0.0,450.0,0,140.0,29.758,420.242,130.84,9.16,20.0,0.0
1779201462.7595773,29.758339798586384,9.159719538417539,0.6694220063263143,29.758339798586384,9.159719538417539,0.6694220063263143,ESTIMA,0.0,450.0,0,140.0,29.758,420.242,130.84,9.16,20.0,0.0
1779201462.8098583,29.758339798586384,9.159719538417539,0.6694220063263143,29.758339798586384,9.159719538417539,0.6694220063263143,ESTIMA,0.0,450.0,0,140.0,29.758,420.242,130.84,9.16,20.0,0.0
1779201462.8601418,31.258970555547744,10.347189401397507,0.7678084289809518,31.258970555547744,10.347189401397507,0.7678084289809518,ESTIMA,0.0,450.0,0,140.0,31.259,418.741,129.653,10.347,20.0,0.0
1779201462.9104707,31.258970555547744,10.347189401397507,0.7678084289809518,31.258970555547744,10.347189401397507,0.7678084289809518,ESTIMA,0.0,450.0,0,140.0,31.259,418.741,129.653,10.347,20.0,0.0
1779201462.9607656,72.25,67.96,1.649,72.25,67.96,1.649,VISION,0.0,450.0,0,140.0,72.25,377.75,72.04,67.96,20.0,0.0
1779201463.011038,72.25,67.96,1.649,71.97546363053515,71.46337086154082,1.7601776304606267,VISION,0.0,450.0,0,140.0,72.25,377.75,72.04,67.96,20.0,0.0
1779201463.0613165,72.25,67.96,1.649,71.47258324822079,74.08693489378537,1.8216220565359462,VISION,0.0,450.0,0,140.0,72.25,377.75,72.04,67.96,20.0,0.0
1779201463.1116438,72.25,67.96,1.649,71.47258324822079,74.08693489378537,1.8216220565359462,VISION,0.0,450.0,0,140.0,72.25,377.75,72.04,67.96,20.0,0.0
1779201463.162001,72.25,67.96,1.649,70.87607656791657,76.41502319100509,1.8728442013348847,VISION,0.0,450.0,0,140.0,72.25,377.75,72.04,67.96,20.0,0.0
1779201463.2122965,72.25,67.96,1.649,70.87607656791657,76.41502319100509,1.8728442013348847,VISION,0.0,450.0,0,140.0,72.25,377.75,72.04,67.96,20.0,0.0
1779201463.2626023,72.25,67.96,1.649,69.93984757654724,79.4197874847494,1.9404773251163363,VISION,0.0,450.0,0,140.0,72.25,377.75,72.04,67.96,20.0,0.0
1779201463.312951,72.25,67.96,1.649,69.93984757654724,79.4197874847494,1.9404773251163363,VISION,0.0,450.0,0,140.0,72.25,377.75,72.04,67.96,20.0,0.0
1779201463.363175,72.25,67.96,1.649,68.75857202706312,82.46827028896274,2.008542875057486,VISION,0.0,450.0,0,140.0,72.25,377.75,72.04,67.96,20.0,0.0
1779201463.4134421,72.25,67.96,1.649,68.75857202706312,82.46827028896274,2.008542875057486,VISION,0.0,450.0,0,140.0,72.25,377.75,72.04,67.96,20.0,0.0
1779201463.4637475,67.61479989402554,84.91206833295554,2.062106100913946,67.61479989402554,84.91206833295554,2.062106100913946,ESTIMA,0.0,450.0,0,140.0,67.615,382.385,55.088,84.912,20.0,0.0
1779201463.5140579,67.61479989402554,84.91206833295554,2.062106100913946,67.61479989402554,84.91206833295554,2.062106100913946,ESTIMA,0.0,450.0,0,140.0,67.615,382.385,55.088,84.912,20.0,0.0
1779201463.5644484,57.48,62.91,1.989,57.48,62.91,1.989,VISION,0.0,450.0,0,140.0,57.48,392.52,77.09,62.91,20.0,0.0
1779201463.6146715,57.48,62.91,1.989,55.93064382099941,66.3962454365098,2.0614285269595847,VISION,0.0,450.0,0,140.0,57.48,392.52,77.09,62.91,20.0,0.0
1779201463.6648686,57.48,62.91,1.989,54.811599566558336,68.49104746073199,2.114951297106612,VISION,0.0,450.0,0,140.0,57.48,392.52,77.09,62.91,20.0,0.0
1779201463.7151957,57.48,62.91,1.989,54.811599566558336,68.49104746073199,2.114951297106612,VISION,0.0,450.0,0,140.0,57.48,392.52,77.09,62.91,20.0,0.0
1779201463.7654295,57.48,62.91,1.989,53.13467772479091,71.2623991609058,2.1828384846291504,VISION,0.0,450.0,0,140.0,57.48,392.52,77.09,62.91,20.0,0.0
1779201463.8156333,57.48,62.91,1.989,53.13467772479091,71.2623991609058,2.1828384846291504,VISION,0.0,450.0,0,140.0,57.48,392.52,77.09,62.91,20.0,0.0
1779201463.8658078,57.48,62.91,1.989,51.418164500564686,73.70770379391652,2.245747882405114,VISION,0.0,450.0,0,140.0,57.48,392.52,77.09,62.91,20.0,0.0
1779201463.916181,57.48,62.91,1.989,51.418164500564686,73.70770379391652,2.245747882405114,VISION,0.0,450.0,0,140.0,57.48,392.52,77.09,62.91,20.0,0.0
1779201463.9665537,57.48,62.91,1.989,49.49720973513802,76.1078607904038,2.3035259743835845,VISION,0.0,450.0,0,140.0,57.48,392.52,77.09,62.91,20.0,0.0
1779201464.016933,57.48,62.91,1.989,49.49720973513802,76.1078607904038,2.3035259743835845,VISION,0.0,450.0,0,140.0,57.48,392.52,77.09,62.91,20.0,0.0
1779201464.067196,47.37336739524109,78.46809120553016,2.366611937154598,47.37336739524109,78.46809120553016,2.366611937154598,ESTIMA,0.0,450.0,0,140.0,47.373,402.627,61.532,78.468,20.0,0.0
1779201464.117478,44.49,52.86,2.328,44.49,52.86,2.328,VISION,0.0,450.0,0,140.0,44.49,405.51,87.14,52.86,20.0,0.0
1779201464.1676908,44.49,52.86,2.328,44.49,52.86,2.328,VISION,0.0,450.0,0,140.0,44.49,405.51,87.14,52.86,20.0,0.0
1779201464.217868,44.49,52.86,2.328,42.16545488037095,55.31946355745536,2.396521901012357,VISION,0.0,450.0,0,140.0,44.49,405.51,87.14,52.86,20.0,0.0
1779201464.2680473,44.49,52.86,2.328,42.16545488037095,55.31946355745536,2.396521901012357,VISION,0.0,450.0,0,140.0,44.49,405.51,87.14,52.86,20.0,0.0
1779201464.3182452,44.49,52.86,2.328,40.05387564933004,57.26725026890793,2.458142575744529,VISION,0.0,450.0,0,140.0,44.49,405.51,87.14,52.86,20.0,0.0
1779201464.3684776,44.49,52.86,2.328,40.05387564933004,57.26725026890793,2.458142575744529,VISION,0.0,450.0,0,140.0,44.49,405.51,87.14,52.86,20.0,0.0
1779201464.4187372,44.49,52.86,2.328,37.698666008792415,59.18529428236768,2.523849473567695,VISION,0.0,450.0,0,140.0,44.49,405.51,87.14,52.86,20.0,0.0
1779201464.4689236,44.49,52.86,2.328,37.698666008792415,59.18529428236768,2.523849473567695,VISION,0.0,450.0,0,140.0,44.49,405.51,87.14,52.86,20.0,0.0
1779201464.5191088,44.49,52.86,2.328,35.20716460300486,60.955524560040196,2.579858021927651,VISION,0.0,450.0,0,140.0,44.49,405.51,87.14,52.86,20.0,0.0
1779201464.5693264,44.49,52.86,2.328,35.20716460300486,60.955524560040196,2.579858021927651,VISION,0.0,450.0,0,140.0,44.49,405.51,87.14,52.86,20.0,0.0
1779201464.6196282,32.6638926841431,62.55618010859875,2.6428583527533958,32.6638926841431,62.55618010859875,2.6428583527533958,ESTIMA,0.0,450.0,0,140.0,32.664,417.336,77.444,62.556,20.0,0.0
1779201464.6700838,32.6638926841431,62.55618010859875,2.6428583527533958,32.6638926841431,62.55618010859875,2.6428583527533958,ESTIMA,0.0,450.0,0,140.0,32.664,417.336,77.444,62.556,20.0,0.0
1779201464.7205012,36.92,45.75,2.444,36.92,45.75,2.444,VISION,0.0,450.0,0,140.0,36.92,413.08,94.25,45.75,20.0,0.0
1779201464.7709801,36.92,45.75,2.444,36.92,45.75,2.444,VISION,0.0,450.0,0,140.0,36.92,413.08,94.25,45.75,20.0,0.0
1779201464.8214502,36.92,45.75,2.444,33.79035329202741,48.37321185450811,2.5355153855167556,VISION,0.0,450.0,0,140.0,36.92,413.08,94.25,45.75,20.0,0.0
1779201464.8718932,36.92,45.75,2.444,33.79035329202741,48.37321185450811,2.5355153855167556,VISION,0.0,450.0,0,140.0,36.92,413.08,94.25,45.75,20.0,0.0
1779201464.922286,36.92,45.75,2.444,32.0260676293775,49.59603094214621,2.5823818365700646,VISION,0.0,450.0,0,140.0,36.92,413.08,94.25,45.75,20.0,0.0
1779201464.9726818,36.92,45.75,2.444,32.0260676293775,49.59603094214621,2.5823818365700646,VISION,0.0,450.0,0,140.0,36.92,413.08,94.25,45.75,20.0,0.0
1779201465.0230932,36.92,45.75,2.444,29.257203251429587,51.32892663675411,2.651414003137263,VISION,0.0,450.0,0,140.0,36.92,413.08,94.25,45.75,20.0,0.0
1779201465.0735636,36.92,45.75,2.444,29.257203251429587,51.32892663675411,2.651414003137263,VISION,0.0,450.0,0,140.0,36.92,413.08,94.25,45.75,20.0,0.0
1779201465.1240556,36.92,45.75,2.444,26.709727051047338,52.688304888860166,2.7132155035321075,VISION,0.0,450.0,0,140.0,36.92,413.08,94.25,45.75,20.0,0.0
1779201465.1744254,36.92,45.75,2.444,26.709727051047338,52.688304888860166,2.7132155035321075,VISION,0.0,450.0,0,140.0,36.92,413.08,94.25,45.75,20.0,0.0
1779201465.2248986,23.63458604709426,54.09259353149259,2.759305012175505,23.63458604709426,54.09259353149259,2.759305012175505,ESTIMA,0.0,450.0,0,140.0,23.635,426.365,85.907,54.093,20.0,0.0
1779201465.2752204,29.19,30.49,2.811,29.19,30.49,2.811,VISION,0.0,450.0,0,140.0,29.19,420.81,109.51,30.49,20.0,0.0
1779201465.325629,29.19,30.49,2.811,25.49852308075598,31.756867582424242,2.8996087293952204,VISION,0.0,450.0,0,140.0,29.19,420.81,109.51,30.49,0.0,0.0
1779201465.3760555,29.19,30.49,2.811,25.49852308075598,31.756867582424242,2.8996087293952204,VISION,0.0,450.0,0,140.0,29.19,420.81,109.51,30.49,0.0,0.0
1779201465.4265206,29.19,30.49,2.811,22.829248443823246,32.41569917845163,2.973735134446638,VISION,0.0,450.0,0,140.0,29.19,420.81,109.51,30.49,0.0,0.0
1779201465.4769962,29.19,30.49,2.811,22.829248443823246,32.41569917845163,2.973735134446638,VISION,0.0,450.0,0,140.0,29.19,420.81,109.51,30.49,0.0,0.0
1779201465.527423,29.19,30.49,2.811,19.8017355651591,32.92871734624431,3.052718591830995,VISION,0.0,450.0,0,140.0,29.19,420.81,109.51,30.49,0.0,0.0
1779201465.577909,29.19,30.49,2.811,19.8017355651591,32.92871734624431,3.052718591830995,VISION,0.0,450.0,0,140.0,29.19,420.81,109.51,30.49,0.0,0.0
1779201465.6281128,29.19,30.49,2.811,17.560301154425037,33.12844887000269,3.131812700527015,VISION,0.0,450.0,0,140.0,29.19,420.81,109.51,30.49,0.0,0.0
1779201465.678451,29.19,30.49,2.811,17.560301154425037,33.12844887000269,3.131812700527015,VISION,0.0,450.0,0,140.0,29.19,420.81,109.51,30.49,0.0,0.0
1779201465.7287352,29.19,30.49,2.811,15.579344802242584,33.14782314785069,3.233839953341419,VISION,0.0,450.0,0,140.0,29.19,420.81,109.51,30.49,0.0,0.0
1779201465.7790272,29.19,30.49,2.811,15.579344802242584,33.14782314785069,3.233839953341419,VISION,0.0,450.0,0,140.0,29.19,420.81,109.51,30.49,0.0,0.0
1779201465.829286,14.558312095739286,33.05336756030026,3.322906528851779,14.558312095739286,33.05336756030026,3.322906528851779,ESTIMA,0.0,450.0,0,140.0,14.558,435.442,106.947,33.053,-20.0,0.0
1779201465.8795779,26.34,13.18,-3.137,26.34,13.18,-3.137,VISION,0.0,450.0,0,140.0,26.34,423.66,126.82,13.18,-20.0,0.0
1779201465.929867,26.34,13.18,-3.137,26.34,13.18,-3.137,VISION,0.0,450.0,0,140.0,26.34,423.66,126.82,13.18,-20.0,0.0
1779201465.9801905,26.34,13.18,-3.137,25.149791341545086,13.174533745499826,-3.09326792298433,VISION,0.0,450.0,0,140.0,26.34,423.66,126.82,13.18,-20.0,0.0
1779201466.0304024,26.34,13.18,-3.137,22.41825550581092,13.042430163152542,-3.048589638314463,VISION,0.0,450.0,0,140.0,26.34,423.66,126.82,13.18,-20.0,0.0
1779201466.0807045,26.34,13.18,-3.137,22.41825550581092,13.042430163152542,-3.048589638314463,VISION,0.0,450.0,0,140.0,26.34,423.66,126.82,13.18,-20.0,0.0
1779201466.131025,26.34,13.18,-3.137,18.365865999058528,12.66445531889456,-3.422117939070274,VISION,0.0,450.0,0,140.0,26.34,423.66,126.82,13.18,-20.0,0.0
1779201466.1813164,26.34,13.18,-3.137,18.365865999058528,12.66445531889456,-3.422117939070274,VISION,0.0,450.0,0,140.0,26.34,423.66,126.82,13.18,-20.0,0.0
1779201466.2315621,26.34,13.18,-3.137,16.30836553851375,13.257268795122416,-3.6325099413756377,VISION,0.0,450.0,0,140.0,26.34,423.66,126.82,13.18,-20.0,0.0
1779201466.2818422,26.34,13.18,-3.137,16.30836553851375,13.257268795122416,-3.6325099413756377,VISION,0.0,450.0,0,140.0,26.34,423.66,126.82,13.18,-20.0,0.0
1779201466.3320215,26.34,13.18,-3.137,13.606222973657118,14.701744992497696,-3.8658573487304535,VISION,0.0,450.0,0,140.0,26.34,423.66,126.82,13.18,0.0,0.0
1779201466.3822968,13.606222973657118,14.701744992497696,-3.8658573487304535,13.606222973657118,14.701744992497696,-3.8658573487304535,ESTIMA,0.0,450.0,0,140.0,13.606,436.394,125.298,14.702,0.0,0.0
1779201466.4326868,13.606222973657118,14.701744992497696,-3.8658573487304535,13.606222973657118,14.701744992497696,-3.8658573487304535,ESTIMA,0.0,450.0,0,140.0,13.606,436.394,125.298,14.702,0.0,0.0
1779201466.483037,29.11,-4.1,-2.796,29.11,-4.1,-2.796,VISION,0.0,450.0,0,140.0,29.11,420.89,144.1,-4.1,0.0,0.0
1779201466.533352,29.11,-4.1,-2.796,27.071880917555674,-4.833808222497349,-2.700071155222154,VISION,0.0,450.0,0,140.0,29.11,420.89,144.1,-4.1,0.0,0.0
1779201466.5837862,29.11,-4.1,-2.796,27.071880917555674,-4.833808222497349,-2.700071155222154,VISION,0.0,450.0,0,140.0,29.11,420.89,144.1,-4.1,0.0,0.0
1779201466.6341043,29.11,-4.1,-2.796,27.071880917555674,-4.833808222497349,-2.700071155222154,VISION,0.0,450.0,0,140.0,29.11,420.89,144.1,-4.1,0.0,0.0
1779201466.6844509,29.11,-4.1,-2.796,26.75186507375099,-4.985060695130647,-2.6512491312327686,VISION,0.0,450.0,0,140.0,29.11,420.89,144.1,-4.1,0.0,0.0
1779201466.7348032,29.11,-4.1,-2.796,26.75186507375099,-4.985060695130647,-2.6512491312327686,VISION,0.0,450.0,0,140.0,29.11,420.89,144.1,-4.1,0.0,0.0
1779201483.5122395,47.1,12.58,-0.946,49.77147779793387,8.875658385666522,-1.283512317389801,VISION,0.0,450.0,0,140.0,47.1,402.9,127.42,12.58,20.0,0.0
1779201483.5625405,47.1,12.58,-0.946,49.77147779793387,8.875658385666522,-1.283512317389801,VISION,0.0,450.0,0,140.0,47.1,402.9,127.42,12.58,20.0,0.0
1779201483.6127262,47.1,12.58,-0.946,50.43019051193681,6.646190170846462,-1.3269376302263636,VISION,0.0,450.0,0,140.0,47.1,402.9,127.42,12.58,20.0,0.0
1779201483.6629066,47.1,12.58,-0.946,50.43019051193681,6.646190170846462,-1.3269376302263636,VISION,0.0,450.0,0,140.0,47.1,402.9,127.42,12.58,20.0,0.0
1779201483.713176,47.1,12.58,-0.946,50.79465069821346,5.181379081869315,-1.2465907073411835,VISION,0.0,450.0,0,140.0,47.1,402.9,127.42,12.58,20.0,0.0
1779201483.7634597,47.1,12.58,-0.946,50.79465069821346,5.181379081869315,-1.2465907073411835,VISION,0.0,450.0,0,140.0,47.1,402.9,127.42,12.58,20.0,0.0
1779201483.813691,47.1,12.58,-0.946,51.40662566119427,3.360368757685784,-1.3267460736900298,VISION,0.0,450.0,0,140.0,47.1,402.9,127.42,12.58,20.0,0.0
1779201483.8638797,47.1,12.58,-0.946,51.40662566119427,3.360368757685784,-1.3267460736900298,VISION,0.0,450.0,0,140.0,47.1,402.9,127.42,12.58,20.0,0.0
1779201483.9140668,47.1,12.58,-0.946,51.926363492585665,1.2731838463854377,-1.435034582739217,VISION,0.0,450.0,0,140.0,47.1,402.9,127.42,12.58,20.0,0.0
1779201483.9642417,51.926363492585665,1.2731838463854377,-1.435034582739217,51.926363492585665,1.2731838463854377,-1.435034582739217,ESTIMA,0.0,450.0,0,140.0,51.926,398.074,138.727,1.273,20.0,0.0
1779201484.0144467,37.79,7.05,-2.414,37.79,7.05,-2.414,VISION,0.0,450.0,0,140.0,37.79,412.21,132.95,7.05,20.0,0.0
1779201484.0647354,37.79,7.05,-2.414,37.79,7.05,-2.414,VISION,0.0,450.0,0,140.0,37.79,412.21,132.95,7.05,20.0,0.0
1779201484.1149788,37.79,7.05,-2.414,35.85786560800445,5.32925752383944,-2.482344661749086,VISION,0.0,450.0,0,140.0,37.79,412.21,132.95,7.05,20.0,0.0
1779201484.165306,37.79,7.05,-2.414,35.85786560800445,5.32925752383944,-2.482344661749086,VISION,0.0,450.0,0,140.0,37.79,412.21,132.95,7.05,20.0,0.0
1779201484.2156227,37.79,7.05,-2.414,33.431994749080424,3.449448633981854,-2.6424902558868597,VISION,0.0,450.0,0,140.0,37.79,412.21,132.95,7.05,20.0,0.0
1779201484.2660055,37.79,7.05,-2.414,33.431994749080424,3.449448633981854,-2.6424902558868597,VISION,0.0,450.0,0,140.0,37.79,412.21,132.95,7.05,20.0,0.0
1779201484.3163471,37.79,7.05,-2.414,31.9473809482161,2.640129870802218,-2.685807566460293,VISION,0.0,450.0,0,140.0,37.79,412.21,132.95,7.05,20.0,0.0
1779201484.366754,37.79,7.05,-2.414,31.9473809482161,2.640129870802218,-2.685807566460293,VISION,0.0,450.0,0,140.0,37.79,412.21,132.95,7.05,20.0,0.0
1779201484.4170244,37.79,7.05,-2.414,29.26899121820609,1.327156086501797,-2.7037593853538926,VISION,0.0,450.0,0,140.0,37.79,412.21,132.95,7.05,20.0,0.0
1779201484.4674911,37.79,7.05,-2.414,29.26899121820609,1.327156086501797,-2.7037593853538926,VISION,0.0,450.0,0,140.0,37.79,412.21,132.95,7.05,20.0,0.0
1779201484.5179765,27.238064048369807,0.3764054235211859,-2.8165622308072447,27.238064048369807,0.3764054235211859,-2.8165622308072447,ESTIMA,0.0,450.0,0,140.0,27.238,422.762,139.624,0.376,20.0,0.0
1779201484.5683758,27.238064048369807,0.3764054235211859,-2.8165622308072447,27.238064048369807,0.3764054235211859,-2.8165622308072447,ESTIMA,0.0,450.0,0,140.0,27.238,422.762,139.624,0.376,0.0,0.0
1779201484.6188376,32.82,16.59,2.415,31.1506699362693,18.073700471815943,2.3076486995404304,VISION,0.0,450.0,0,140.0,32.82,417.18,123.41,16.59,0.0,0.0
1779201484.6690469,32.82,16.59,2.415,32.82,16.59,2.415,VISION,0.0,450.0,0,140.0,32.82,417.18,123.41,16.59,0.0,0.0
1779201484.7192242,32.82,16.59,2.415,32.82,16.59,2.415,VISION,0.0,450.0,0,140.0,32.82,417.18,123.41,16.59,0.0,0.0
1779201484.7693827,32.82,16.59,2.415,31.272544407163256,17.965378448570544,2.3432900324143793,VISION,0.0,450.0,0,140.0,32.82,417.18,123.41,16.59,0.0,0.0
1779201484.819547,32.82,16.59,2.415,31.073917504484715,18.169199005797648,2.3700375701279968,VISION,0.0,450.0,0,140.0,32.82,417.18,123.41,16.59,0.0,0.0
1779201484.8697517,32.82,16.59,2.415,31.073917504484715,18.169199005797648,2.3700375701279968,VISION,0.0,450.0,0,140.0,32.82,417.18,123.41,16.59,0.0,0.0
1779201484.9199035,32.82,16.59,2.415,31.073917504484715,18.169199005797648,2.3700375701279968,VISION,0.0,450.0,0,140.0,32.82,417.18,123.41,16.59,0.0,0.0
1779201484.9700556,32.82,16.59,2.415,30.68542685290931,18.547080035213664,2.441788718703658,VISION,0.0,450.0,0,140.0,32.82,417.18,123.41,16.59,0.0,0.0
1779201485.0202405,32.82,16.59,2.415,30.482172800387108,18.718210449852414,2.478437342034296,VISION,0.0,450.0,0,140.0,32.82,417.18,123.41,16.59,0.0,0.0
1779201485.0704803,32.82,16.59,2.415,30.482172800387108,18.718210449852414,2.478437342034296,VISION,0.0,450.0,0,140.0,32.82,417.18,123.41,16.59,-20.0,0.0
1779201485.1207047,32.82,16.59,2.415,30.48217280038711,18.71821044985241,2.478437342034295,VISION,0.0,450.0,0,140.0,32.82,417.18,123.41,16.59,-20.0,0.0
1779201485.1710777,30.48217280038711,18.71821044985241,2.478437342034295,30.48217280038711,18.71821044985241,2.478437342034295,ESTIMA,0.0,450.0,0,140.0,30.482,419.518,121.282,18.718,-20.0,0.0
1779201485.2214737,30.48217280038711,18.71821044985241,2.478437342034295,30.48217280038711,18.71821044985241,2.478437342034295,ESTIMA,0.0,450.0,0,140.0,30.482,419.518,121.282,18.718,-20.0,0.0
1779201485.271806,24.98117049582687,23.01544613027858,2.478437342034295,24.98117049582687,23.01544613027858,2.478437342034295,ESTIMA,0.0,450.0,0,140.0,24.981,425.019,116.985,23.015,-20.0,0.0
1779201485.3220673,21.063029269366616,26.076193126391633,2.478437342034295,21.063029269366616,26.076193126391633,2.478437342034295,ESTIMA,0.0,450.0,0,140.0,21.063,428.937,113.924,26.076,-20.0,0.0
1779201485.3723702,21.063029269366616,26.076193126391633,2.478437342034295,21.063029269366616,26.076193126391633,2.478437342034295,ESTIMA,0.0,450.0,0,140.0,21.063,428.937,113.924,26.076,-20.0,0.0
1779201485.422599,21.063029269366616,26.076193126391633,2.478437342034295,21.063029269366616,26.076193126391633,2.478437342034295,ESTIMA,0.0,450.0,0,140.0,21.063,428.937,113.924,26.076,-20.0,0.0
1779201485.4728432,14.630782040709622,31.10089240226602,2.478437342034295,14.630782040709622,31.10089240226602,2.478437342034295,ESTIMA,0.0,450.0,0,140.0,14.631,435.369,108.899,31.101,-20.0,0.0
1779201485.5230706,14.630782040709622,31.10089240226602,2.478437342034295,14.630782040709622,31.10089240226602,2.478437342034295,ESTIMA,0.0,450.0,0,140.0,14.631,435.369,108.899,31.101,-20.0,0.0
1779201485.573258,10.332113456016659,34.45889717989652,2.666533592371041,10.332113456016659,34.45889717989652,2.666533592371041,ESTIMA,0.0,450.0,0,140.0,10.332,439.668,105.541,34.459,0.0,0.0
1779201485.6234286,10.332113456016659,34.45889717989652,2.666533592371041,10.332113456016659,34.45889717989652,2.666533592371041,ESTIMA,0.0,450.0,0,140.0,10.332,439.668,105.541,34.459,0.0,0.0
1779201485.673611,4.282245076749265,37.5706276025857,2.666533592371041,4.282245076749265,37.5706276025857,2.666533592371041,ESTIMA,0.0,450.0,0,140.0,4.282,445.718,102.429,37.571,0.0,0.0
1779201485.7237477,4.282245076749265,37.5706276025857,2.666533592371041,4.282245076749265,37.5706276025857,2.666533592371041,ESTIMA,0.0,450.0,0,140.0,4.282,445.718,102.429,37.571,0.0,0.0
1779201485.7739558,72.89,17.41,0.208,72.89,17.41,0.208,VISION,0.0,450.0,0,140.0,72.89,377.11,122.59,17.41,0.0,0.0
1779201485.8241656,72.89,17.41,0.208,72.89,17.41,0.208,VISION,0.0,450.0,0,140.0,72.89,377.11,122.59,17.41,0.0,0.0
1779201485.8743577,72.89,17.41,0.208,72.88999999999999,17.41,0.20799999999999866,VISION,0.0,450.0,0,140.0,72.89,377.11,122.59,17.41,0.0,0.0
1779201485.9245808,72.89,17.41,0.208,72.88999999999999,17.41,0.20799999999999866,VISION,0.0,450.0,0,140.0,72.89,377.11,122.59,17.41,0.0,0.0
1779201485.9747698,72.89,17.41,0.208,72.88999999999999,17.41,0.20799999999999746,VISION,0.0,450.0,0,140.0,72.89,377.11,122.59,17.41,0.0,0.0
1779201486.2256205,72.89,17.41,0.208,75.93729881537448,18.053139951308204,0.6375762160728676,VISION,0.0,450.0,0,140.0,72.89,377.11,122.59,17.41,20.0,0.0
1779201486.275908,77.58218577973882,19.2716445864472,0.9199277033312525,77.58218577973882,19.2716445864472,0.9199277033312525,ESTIMA,0.0,450.0,0,140.0,77.582,372.418,120.728,19.272,20.0,0.0
1779201486.3263006,77.58218577973882,19.2716445864472,0.9199277033312525,77.58218577973882,19.2716445864472,0.9199277033312525,ESTIMA,0.0,450.0,0,140.0,77.582,372.418,120.728,19.272,20.0,0.0
1779201486.3765616,77.58218577973882,19.2716445864472,0.9199277033312525,77.58218577973882,19.2716445864472,0.9199277033312525,ESTIMA,0.0,450.0,0,140.0,77.582,372.418,120.728,19.272,20.0,0.0
1779201486.4267962,78.12421168167285,19.983360767279745,0.9286610317650545,78.12421168167285,19.983360767279745,0.9286610317650545,ESTIMA,0.0,450.0,0,140.0,78.124,371.876,120.017,19.983,20.0,0.0
1779201486.4769866,79.10661629321147,21.29696755636918,0.9582769627127924,79.10661629321147,21.29696755636918,0.9582769627127924,ESTIMA,0.0,450.0,0,140.0,79.107,370.893,118.703,21.297,20.0,0.0
1779201486.5271556,79.10661629321147,21.29696755636918,0.9582769627127924,79.10661629321147,21.29696755636918,0.9582769627127924,ESTIMA,0.0,450.0,0,140.0,79.107,370.893,118.703,21.297,20.0,0.0
1779201486.5773582,80.40251046858751,23.141195973594378,0.9833181996475471,80.40251046858751,23.141195973594378,0.9833181996475471,ESTIMA,0.0,450.0,0,140.0,80.403,369.597,116.859,23.141,20.0,0.0
1779201486.627594,80.40251046858751,23.141195973594378,0.9833181996475471,80.40251046858751,23.141195973594378,0.9833181996475471,ESTIMA,0.0,450.0,0,140.0,80.403,369.597,116.859,23.141,20.0,0.0
1779201486.677807,80.40251046858751,23.141195973594378,0.9833181996475471,80.40251046858751,23.141195973594378,0.9833181996475471,ESTIMA,0.0,450.0,0,140.0,80.403,369.597,116.859,23.141,20.0,0.0
1779201486.7279844,81.98591767125082,25.519007896903638,1.0070893733264712,81.98591767125082,25.519007896903638,1.0070893733264712,ESTIMA,0.0,450.0,0,140.0,81.986,368.014,114.481,25.519,20.0,0.0
1779201486.7781565,83.03761150958113,27.18274973574575,1.0214417555681647,83.03761150958113,27.18274973574575,1.0214417555681647,ESTIMA,0.0,450.0,0,140.0,83.038,366.962,112.817,27.183,20.0,0.0
1779201486.8283176,83.03761150958113,27.18274973574575,1.0214417555681647,83.03761150958113,27.18274973574575,1.0214417555681647,ESTIMA,0.0,450.0,0,140.0,83.038,366.962,112.817,27.183,20.0,0.0
1779201486.8784862,84.3931830816516,29.396948982204158,1.0448674429621052,84.3931830816516,29.396948982204158,1.0448674429621052,ESTIMA,0.0,450.0,0,140.0,84.393,365.607,110.603,29.397,20.0,0.0
1779201486.92876,84.3931830816516,29.396948982204158,1.0448674429621052,84.3931830816516,29.396948982204158,1.0448674429621052,ESTIMA,0.0,450.0,0,140.0,84.393,365.607,110.603,29.397,20.0,0.0
1779201486.979029,72.23,20.03,-0.037,72.23,20.03,-0.037,VISION,0.0,450.0,0,140.0,72.23,377.77,119.97,20.03,20.0,0.0
1779201487.0292454,72.23,20.03,-0.037,75.84840439122374,19.896057909705036,0.006211452749845595,VISION,0.0,450.0,0,140.0,72.23,377.77,119.97,20.03,20.0,0.0
1779201487.079426,72.23,20.03,-0.037,75.84840439122374,19.896057909705036,0.006211452749845595,VISION,0.0,450.0,0,140.0,72.23,377.77,119.97,20.03,20.0,0.0
1779201487.129618,72.23,20.03,-0.037,77.39632756132012,19.905672884992256,0.028269359355155337,VISION,0.0,450.0,0,140.0,72.23,377.77,119.97,20.03,20.0,0.0
1779201487.1797996,72.23,20.03,-0.037,77.39632756132012,19.905672884992256,0.028269359355155337,VISION,0.0,450.0,0,140.0,72.23,377.77,119.97,20.03,20.0,0.0
1779201487.2300227,72.23,20.03,-0.037,81.2618479863227,20.01497778978096,0.0878010039780838,VISION,0.0,450.0,0,140.0,72.23,377.77,119.97,20.03,20.0,0.0
1779201487.2802815,72.23,20.03,-0.037,81.2618479863227,20.01497778978096,0.0878010039780838,VISION,0.0,450.0,0,140.0,72.23,377.77,119.97,20.03,20.0,0.0
1779201487.3305223,72.23,20.03,-0.037,82.85523950276165,20.155239777342675,0.10993116201796412,VISION,0.0,450.0,0,140.0,72.23,377.77,119.97,20.03,20.0,0.0
1779201487.3807445,72.23,20.03,-0.037,82.85523950276165,20.155239777342675,0.10993116201796412,VISION,0.0,450.0,0,140.0,72.23,377.77,119.97,20.03,20.0,0.0
1779201487.4309633,72.23,20.03,-0.037,85.65942793616482,20.464755293274482,0.14232604082795425,VISION,0.0,450.0,0,140.0,72.23,377.77,119.97,20.03,20.0,0.0
1779201487.4811502,85.65942793616482,20.464755293274482,0.14232604082795425,85.65942793616482,20.464755293274482,0.14232604082795425,ESTIMA,0.0,450.0,0,140.0,85.659,364.341,119.535,20.465,20.0,0.0
1779201487.5313702,72.44,19.1,-0.107,72.44,19.1,-0.107,VISION,0.0,450.0,0,140.0,72.44,377.56,120.9,19.1,20.0,0.0
1779201487.5816233,72.44,19.1,-0.107,72.44,19.1,-0.107,VISION,0.0,450.0,0,140.0,72.44,377.56,120.9,19.1,20.0,0.0
1779201487.631937,72.44,19.1,-0.107,76.03720256565822,18.713623657864343,-0.07230006271418613,VISION,0.0,450.0,0,140.0,72.44,377.56,120.9,19.1,20.0,0.0
1779201487.6821191,72.44,19.1,-0.107,76.03720256565822,18.713623657864343,-0.07230006271418613,VISION,0.0,450.0,0,140.0,72.44,377.56,120.9,19.1,20.0,0.0
1779201487.7323496,72.44,19.1,-0.107,78.11144262807424,18.563394115084037,-0.04602737460958111,VISION,0.0,450.0,0,140.0,72.44,377.56,120.9,19.1,20.0,0.0
1779201487.782635,72.44,19.1,-0.107,78.11144262807424,18.563394115084037,-0.04602737460958111,VISION,0.0,450.0,0,140.0,72.44,377.56,120.9,19.1,20.0,0.0
1779201487.832916,72.44,19.1,-0.107,81.32795295382346,18.41524195353918,0.00017801543423585225,VISION,0.0,450.0,0,140.0,72.44,377.56,120.9,19.1,20.0,0.0
1779201487.8831944,72.44,19.1,-0.107,81.32795295382346,18.41524195353918,0.00017801543423585225,VISION,0.0,450.0,0,140.0,72.44,377.56,120.9,19.1,20.0,0.0
1779201487.9334877,72.44,19.1,-0.107,81.32795295382346,18.41524195353918,0.00017801543423585225,VISION,0.0,450.0,0,140.0,72.44,377.56,120.9,19.1,20.0,0.0
1779201487.9837568,72.44,19.1,-0.107,84.47032817409239,18.415801344834456,0.05289823831992194,VISION,0.0,450.0,0,140.0,72.44,377.56,120.9,19.1,20.0,0.0
1779201488.0339367,87.05787614204222,18.552805887534966,0.0926886604093626,87.05787614204222,18.552805887534966,0.0926886604093626,ESTIMA,0.0,450.0,0,140.0,87.058,362.942,121.447,18.553,20.0,0.0
1779201488.084224,87.05787614204222,18.552805887534966,0.0926886604093626,87.05787614204222,18.552805887534966,0.0926886604093626,ESTIMA,0.0,450.0,0,140.0,87.058,362.942,121.447,18.553,20.0,0.0
1779201488.1344423,73.02,24.61,-0.09,73.02,24.61,-0.09,VISION,0.0,450.0,0,140.0,73.02,376.98,115.39,24.61,20.0,0.0
1779201488.1847486,73.02,24.61,-0.09,75.88955376483825,24.3510405929111,-0.050704812317277186,VISION,0.0,450.0,0,140.0,73.02,376.98,115.39,24.61,20.0,0.0
1779201488.235099,73.02,24.61,-0.09,75.88955376483825,24.3510405929111,-0.050704812317277186,VISION,0.0,450.0,0,140.0,73.02,376.98,115.39,24.61,20.0,0.0
1779201488.2854831,73.02,24.61,-0.09,78.69556971661551,24.2086400235517,-0.01802085302811266,VISION,0.0,450.0,0,140.0,73.02,376.98,115.39,24.61,20.0,0.0
1779201488.3358717,73.02,24.61,-0.09,78.69556971661551,24.2086400235517,-0.01802085302811266,VISION,0.0,450.0,0,140.0,73.02,376.98,115.39,24.61,20.0,0.0
1779201488.3860974,73.02,24.61,-0.09,82.68835393839367,24.136678855925577,0.029993858404091293,VISION,0.0,450.0,0,140.0,73.02,376.98,115.39,24.61,20.0,0.0
1779201488.436297,73.02,24.61,-0.09,82.68835393839367,24.136678855925577,0.029993858404091293,VISION,0.0,450.0,0,140.0,73.02,376.98,115.39,24.61,20.0,0.0
1779201488.4865034,73.02,24.61,-0.09,84.50385609819583,24.191149106003774,0.05732468730427277,VISION,0.0,450.0,0,140.0,73.02,376.98,115.39,24.61,20.0,0.0
1779201488.5368123,73.02,24.61,-0.09,84.50385609819583,24.191149106003774,0.05732468730427277,VISION,0.0,450.0,0,140.0,73.02,376.98,115.39,24.61,20.0,0.0
1779201488.5870733,73.02,24.61,-0.09,87.56078289326999,24.36657868162003,0.1033652134735879,VISION,0.0,450.0,0,140.0,73.02,376.98,115.39,24.61,20.0,0.0
1779201488.637368,87.56078289326999,24.36657868162003,0.1033652134735879,87.56078289326999,24.36657868162003,0.1033652134735879,ESTIMA,0.0,450.0,0,140.0,87.561,362.439,115.633,24.367,20.0,0.0
1779201488.6875954,73.45,39.17,0.087,73.45,39.17,0.087,VISION,0.0,450.0,0,140.0,73.45,376.55,100.83,39.17,20.0,0.0
1779201488.737798,73.45,39.17,0.087,78.70051244965578,39.62795057586308,0.17303656200662876,VISION,0.0,450.0,0,140.0,73.45,376.55,100.83,39.17,20.0,0.0
1779201488.788129,73.45,39.17,0.087,78.70051244965578,39.62795057586308,0.17303656200662876,VISION,0.0,450.0,0,140.0,73.45,376.55,100.83,39.17,20.0,0.0
1779201488.8384101,73.45,39.17,0.087,80.10860068208346,39.87406257297938,0.19569437734284778,VISION,0.0,450.0,0,140.0,73.45,376.55,100.83,39.17,20.0,0.0
1779201488.8887112,73.45,39.17,0.087,82.27027700942489,40.302574633361345,0.22914259580974283,VISION,0.0,450.0,0,140.0,73.45,376.55,100.83,39.17,20.0,0.0
1779201488.93901,73.45,39.17,0.087,82.27027700942489,40.302574633361345,0.22914259580974283,VISION,0.0,450.0,0,140.0,73.45,376.55,100.83,39.17,20.0,0.0
1779201488.9892008,73.45,39.17,0.087,85.06185502939366,40.95367987295504,0.27148034039077196,VISION,0.0,450.0,0,140.0,73.45,376.55,100.83,39.17,20.0,0.0
1779201489.0394828,73.45,39.17,0.087,85.06185502939366,40.95367987295504,0.27148034039077196,VISION,0.0,450.0,0,140.0,73.45,376.55,100.83,39.17,20.0,0.0
1779201489.0898376,73.45,39.17,0.087,87.94072080522992,41.75501940895083,0.3169868684591972,VISION,0.0,450.0,0,140.0,73.45,376.55,100.83,39.17,20.0,0.0
1779201489.1402147,73.45,39.17,0.087,87.94072080522992,41.75501940895083,0.3169868684591972,VISION,0.0,450.0,0,140.0,73.45,376.55,100.83,39.17,20.0,0.0
1779201489.1905062,73.45,39.17,0.087,87.94072080522992,41.75501940895083,0.3169868684591972,VISION,0.0,450.0,0,140.0,73.45,376.55,100.83,39.17,20.0,0.0
1779201489.240893,91.39658594527816,42.88871147699791,0.37956055016869417,91.39658594527816,42.88871147699791,0.37956055016869417,ESTIMA,0.0,450.0,0,140.0,91.397,358.603,97.111,42.889,20.0,0.0
1779201489.2911878,70.95,53.98,0.283,70.95,53.98,0.283,VISION,0.0,450.0,0,140.0,70.95,379.05,86.02,53.98,20.0,0.0
1779201489.341495,70.95,53.98,0.283,73.77394456044846,54.80121776940062,0.3350180288487864,VISION,0.0,450.0,0,140.0,70.95,379.05,86.02,53.98,20.0,0.0
1779201489.3917093,70.95,53.98,0.283,76.24011211451541,55.65979261852125,0.37942934444427645,VISION,0.0,450.0,0,140.0,70.95,379.05,86.02,53.98,20.0,0.0
1779201489.442095,70.95,53.98,0.283,76.24011211451541,55.65979261852125,0.37942934444427645,VISION,0.0,450.0,0,140.0,70.95,379.05,86.02,53.98,20.0,0.0
1779201489.4923458,70.95,53.98,0.283,78.98857542034413,56.75574560389098,0.4250718855892668,VISION,0.0,450.0,0,140.0,70.95,379.05,86.02,53.98,20.0,0.0
1779201489.542633,70.95,53.98,0.283,78.98857542034413,56.75574560389098,0.4250718855892668,VISION,0.0,450.0,0,140.0,70.95,379.05,86.02,53.98,20.0,0.0
1779201489.5929759,70.95,53.98,0.283,78.98857542034413,56.75574560389098,0.4250718855892668,VISION,0.0,450.0,0,140.0,70.95,379.05,86.02,53.98,20.0,0.0
1779201489.6432893,70.95,53.98,0.283,81.70411338284816,57.98498753595421,0.4712829869674331,VISION,0.0,450.0,0,140.0,70.95,379.05,86.02,53.98,20.0,0.0
1779201489.6935837,70.95,53.98,0.283,81.70411338284816,57.98498753595421,0.4712829869674331,VISION,0.0,450.0,0,140.0,70.95,379.05,86.02,53.98,20.0,0.0
1779201489.7439194,70.95,53.98,0.283,84.66153550680019,59.492033617512924,0.529388259440804,VISION,0.0,450.0,0,140.0,70.95,379.05,86.02,53.98,20.0,0.0
1779201489.7941403,86.85435042007228,60.77503987972337,0.5761166477638289,86.85435042007228,60.77503987972337,0.5761166477638289,ESTIMA,0.0,450.0,0,140.0,86.854,363.146,79.225,60.775,20.0,0.0
1779201489.844434,86.85435042007228,60.77503987972337,0.5761166477638289,86.85435042007228,60.77503987972337,0.5761166477638289,ESTIMA,0.0,450.0,0,140.0,86.854,363.146,79.225,60.775,20.0,0.0
1779201489.894733,65.52,68.12,0.493,65.52,68.12,0.493,VISION,0.0,450.0,0,140.0,65.52,384.48,71.88,68.12,20.0,0.0
1779201489.9449255,65.52,68.12,0.493,68.4464405984395,69.69222389950194,0.552503931644888,VISION,0.0,450.0,0,140.0,65.52,384.48,71.88,68.12,20.0,0.0
1779201489.9951096,65.52,68.12,0.493,68.4464405984395,69.69222389950194,0.552503931644888,VISION,0.0,450.0,0,140.0,65.52,384.48,71.88,68.12,20.0,0.0
1779201490.0452785,65.52,68.12,0.493,71.73106729000193,71.7173791169193,0.6254148161633359,VISION,0.0,450.0,0,140.0,65.52,384.48,71.88,68.12,20.0,0.0
1779201490.0954545,65.52,68.12,0.493,71.73106729000193,71.7173791169193,0.6254148161633359,VISION,0.0,450.0,0,140.0,65.52,384.48,71.88,68.12,20.0,0.0
1779201490.1456475,65.52,68.12,0.493,73.46064925246772,72.96633684319774,0.6586805368163103,VISION,0.0,450.0,0,140.0,65.52,384.48,71.88,68.12,20.0,0.0
1779201490.1959941,65.52,68.12,0.493,73.46064925246772,72.96633684319774,0.6586805368163103,VISION,0.0,450.0,0,140.0,65.52,384.48,71.88,68.12,20.0,0.0
1779201490.2462683,65.52,68.12,0.493,75.76710146242118,74.7515143564791,0.714202963872151,VISION,0.0,450.0,0,140.0,65.52,384.48,71.88,68.12,20.0,0.0
1779201490.2966034,65.52,68.12,0.493,75.76710146242118,74.7515143564791,0.714202963872151,VISION,0.0,450.0,0,140.0,65.52,384.48,71.88,68.12,20.0,0.0
1779201490.3468976,65.52,68.12,0.493,78.1253871120052,76.79582557745209,0.7723591251636336,VISION,0.0,450.0,0,140.0,65.52,384.48,71.88,68.12,20.0,0.0
1779201490.3970692,78.1253871120052,76.79582557745209,0.7723591251636336,78.1253871120052,76.79582557745209,0.7723591251636336,ESTIMA,0.0,450.0,0,140.0,78.125,371.875,63.204,76.796,20.0,0.0
1779201490.4473333,56.8,80.55,0.746,56.8,80.55,0.746,VISION,0.0,450.0,0,140.0,56.8,393.2,59.45,80.55,20.0,0.0
1779201490.4975548,56.8,80.55,0.746,60.64532765576958,84.10366982324784,0.8462030885826618,VISION,0.0,450.0,0,140.0,56.8,393.2,59.45,80.55,20.0,0.0
1779201490.5478382,56.8,80.55,0.746,61.64276461069724,85.23042770221132,0.8769916108813873,VISION,0.0,450.0,0,140.0,56.8,393.2,59.45,80.55,20.0,0.0
1779201490.5980952,56.8,80.55,0.746,61.64276461069724,85.23042770221132,0.8769916108813873,VISION,0.0,450.0,0,140.0,56.8,393.2,59.45,80.55,20.0,0.0
1779201490.648334,56.8,80.55,0.746,63.352075818436184,87.2854991373708,0.9243936778060494,VISION,0.0,450.0,0,140.0,56.8,393.2,59.45,80.55,20.0,0.0
1779201490.6985245,56.8,80.55,0.746,63.352075818436184,87.2854991373708,0.9243936778060494,VISION,0.0,450.0,0,140.0,56.8,393.2,59.45,80.55,20.0,0.0
1779201490.7487435,56.8,80.55,0.746,65.30332313941952,89.87149606680264,0.9828837326110832,VISION,0.0,450.0,0,140.0,56.8,393.2,59.45,80.55,20.0,0.0
1779201490.7989066,56.8,80.55,0.746,65.30332313941952,89.87149606680264,0.9828837326110832,VISION,0.0,450.0,0,140.0,56.8,393.2,59.45,80.55,20.0,0.0
1779201490.8490834,56.8,80.55,0.746,65.30332313941952,89.87149606680264,0.9828837326110832,VISION,0.0,450.0,0,140.0,56.8,393.2,59.45,80.55,20.0,0.0
1779201490.8992856,56.8,80.55,0.746,67.03847098670533,92.47472548982259,1.0387369559823303,VISION,0.0,450.0,0,140.0,56.8,393.2,59.45,80.55,20.0,0.0
1779201490.9495046,56.8,80.55,0.746,67.03847098670533,92.47472548982259,1.0387369559823303,VISION,0.0,450.0,0,140.0,56.8,393.2,59.45,80.55,20.0,0.0
1779201490.9998991,68.5498106441558,95.04203274353867,1.1011578626404985,68.5498106441558,95.04203274353867,1.1011578626404985,ESTIMA,0.0,450.0,0,140.0,68.55,381.45,44.958,95.042,20.0,0.0
1779201491.0501537,45.12,89.75,1.015,45.12,89.75,1.015,VISION,0.0,450.0,0,140.0,45.12,404.88,50.25,89.75,20.0,0.0
1779201491.1003978,45.12,89.75,1.015,47.37299220559167,93.37737066493948,1.1064397895498994,VISION,0.0,450.0,0,140.0,45.12,404.88,50.25,89.75,0.0,0.0
1779201491.1506984,45.12,89.75,1.015,47.37299220559167,93.37737066493948,1.1064397895498994,VISION,0.0,450.0,0,140.0,45.12,404.88,50.25,89.75,0.0,0.0
1779201491.2009022,45.12,89.75,1.015,47.37299220559167,93.37737066493948,1.1064397895498994,VISION,0.0,450.0,0,140.0,45.12,404.88,50.25,89.75,0.0,0.0
1779201491.251151,45.12,89.75,1.015,48.85735942944939,96.34085101208657,1.1746523488618357,VISION,0.0,450.0,0,140.0,45.12,404.88,50.25,89.75,0.0,0.0
1779201491.301429,45.12,89.75,1.015,49.24684208532403,97.27205896756323,1.1261918521415881,VISION,0.0,450.0,0,140.0,45.12,404.88,50.25,89.75,0.0,0.0
1779201491.3517487,45.12,89.75,1.015,49.24684208532403,97.27205896756323,1.1261918521415881,VISION,0.0,450.0,0,140.0,45.12,404.88,50.25,89.75,0.0,0.0
1779201491.4019613,45.12,89.75,1.015,49.7924336031726,98.41725453097979,1.1453702259924767,VISION,0.0,450.0,0,140.0,45.12,404.88,50.25,89.75,0.0,0.0
1779201491.4522533,45.12,89.75,1.015,49.7924336031726,98.41725453097979,1.1453702259924767,VISION,0.0,450.0,0,140.0,45.12,404.88,50.25,89.75,0.0,0.0
1779201491.5025387,45.12,89.75,1.015,49.7924336031726,98.41725453097979,1.1453702259924756,VISION,0.0,450.0,0,140.0,45.12,404.88,50.25,89.75,0.0,0.0
1779201491.552878,49.7924336031726,98.41725453097979,1.1453702259924756,49.7924336031726,98.41725453097979,1.1453702259924756,ESTIMA,0.0,450.0,0,140.0,49.792,400.208,41.583,98.417,0.0,0.0
1779201491.6031203,49.7924336031726,98.41725453097979,1.1453702259924743,49.7924336031726,98.41725453097979,1.1453702259924743,ESTIMA,0.0,450.0,0,140.0,49.792,400.208,41.583,98.417,-20.0,0.0
1779201491.653361,31.36,94.88,1.306,31.36,94.88,1.306,VISION,0.0,450.0,0,140.0,31.36,418.64,45.12,94.88,-20.0,0.0
1779201491.703615,31.36,94.88,1.306,31.36,94.88,1.305999999999999,VISION,0.0,450.0,0,140.0,31.36,418.64,45.12,94.88,-20.0,0.0
1779201491.7539177,31.36,94.88,1.306,31.36,94.88,1.305999999999999,VISION,0.0,450.0,0,140.0,31.36,418.64,45.12,94.88,-20.0,0.0
1779201491.8041961,31.36,94.88,1.306,32.40741847529171,98.74267678702869,1.0322866093230247,VISION,0.0,450.0,0,140.0,31.36,418.64,45.12,94.88,-20.0,0.0
1779201491.8544297,31.36,94.88,1.306,32.40741847529171,98.74267678702869,1.0322866093230247,VISION,0.0,450.0,0,140.0,31.36,418.64,45.12,94.88,-20.0,0.0
1779201491.9047189,31.36,94.88,1.306,35.373382925607075,103.70741787341984,0.6931507259607277,VISION,0.0,450.0,0,140.0,31.36,418.64,45.12,94.88,-20.0,0.0
1779201491.9549017,31.36,94.88,1.306,35.373382925607075,103.70741787341984,0.6931507259607277,VISION,0.0,450.0,0,140.0,31.36,418.64,45.12,94.88,-20.0,0.0
1779201492.005209,31.36,94.88,1.306,38.07239392699328,105.94934291241086,0.3720047537866874,VISION,0.0,450.0,0,140.0,31.36,418.64,45.12,94.88,-20.0,0.0
1779201492.0554998,31.36,94.88,1.306,38.07239392699328,105.94934291241086,0.3720047537866874,VISION,0.0,450.0,0,140.0,31.36,418.64,45.12,94.88,-20.0,0.0
1779201492.105799,31.36,94.88,1.306,42.02788895604855,107.49266356622303,-0.016951643496939894,VISION,0.0,450.0,0,140.0,31.36,418.64,45.12,94.88,0.0,0.0
1779201492.1561193,42.02788895604855,107.49266356622303,-0.016951643496939894,42.02788895604855,107.49266356622303,-0.016951643496939894,ESTIMA,0.0,450.0,0,140.0,42.028,407.972,32.507,107.493,0.0,0.0
1779201492.2064233,16.39,95.36,1.615,16.39,95.36,1.615,VISION,3.07,423.66,-6.98,148.52,13.32,407.27,53.16,102.34,0.0,0.0
1779201492.2568645,16.39,95.36,1.615,16.39,95.36,1.615,VISION,3.07,423.66,-6.98,148.52,13.32,407.27,53.16,102.34,0.0,0.0
1779201492.30736,16.39,95.36,1.615,16.339557127767716,96.50040326890549,1.667161751995705,VISION,3.07,423.66,-6.98,148.52,13.32,407.27,53.16,102.34,0.0,0.0
1779201492.357797,16.39,95.36,1.615,16.339557127767716,96.50040326890549,1.667161751995705,VISION,3.07,423.66,-6.98,148.52,13.32,407.27,53.16,102.34,0.0,0.0
1779201492.4081585,16.39,95.36,1.615,16.28237724784914,97.091930507149,1.749132021511254,VISION,3.07,423.66,-6.98,148.52,13.32,407.27,53.16,102.34,0.0,0.0
1779201492.4585137,16.39,95.36,1.615,16.28237724784914,97.091930507149,1.749132021511254,VISION,3.07,423.66,-6.98,148.52,13.32,407.27,53.16,102.34,0.0,0.0
1779201492.5089104,16.39,95.36,1.615,16.222433870577124,97.42448621781064,1.7957409792622978,VISION,3.07,423.66,-6.98,148.52,13.32,407.27,53.16,102.34,0.0,0.0
1779201495.0742753,15.54,93.78,0.546,19.25774311650523,98.02738154031853,1.0304297143009364,VISION,3.07,423.66,-6.98,148.52,12.47,408.12,54.74,100.76,20.0,0.0
1779201495.1246443,21.3318733778911,101.48467975345935,0.6614715413380556,21.3318733778911,101.48467975345935,0.6614715413380556,ESTIMA,3.07,423.66,-6.98,148.52,18.262,402.328,47.035,108.465,20.0,0.0
1779201495.1750078,21.3318733778911,101.48467975345935,0.6614715413380556,21.3318733778911,101.48467975345935,0.6614715413380556,ESTIMA,3.07,423.66,-6.98,148.52,18.262,402.328,47.035,108.465,20.0,0.0
1779201495.2254355,23.501325596972862,103.17352349974358,0.47346341238697653,23.501325596972862,103.17352349974358,0.47346341238697653,ESTIMA,3.07,423.66,-6.98,148.52,20.431,400.159,45.346,110.154,20.0,0.0
1779201495.275907,23.501325596972862,103.17352349974358,0.47346341238697653,23.501325596972862,103.17352349974358,0.47346341238697653,ESTIMA,3.07,423.66,-6.98,148.52,20.431,400.159,45.346,110.154,0.0,0.0
1779201495.3263812,24.047492586929202,103.45334159852636,0.4798461834302633,24.047492586929202,103.45334159852636,0.4798461834302633,ESTIMA,3.07,423.66,-6.98,148.52,20.977,399.613,45.067,110.433,0.0,0.0
1779201495.376948,24.047492586929202,103.45334159852636,0.4798461834302633,24.047492586929202,103.45334159852636,0.4798461834302633,ESTIMA,3.07,423.66,-6.98,148.52,20.977,399.613,45.067,110.433,0.0,0.0
1779201495.427155,24.047492586929202,103.45334159852636,0.4798461834302633,24.047492586929202,103.45334159852636,0.4798461834302633,ESTIMA,3.07,423.66,-6.98,148.52,20.977,399.613,45.067,110.433,0.0,0.0
1779201495.4774091,24.865322655266027,103.87895292264318,0.46184585867741557,24.865322655266027,103.87895292264318,0.46184585867741557,ESTIMA,3.07,423.66,-6.98,148.52,21.795,398.795,44.641,110.859,0.0,0.0
1779201495.5276399,25.50306461725042,104.19638888012676,0.5267107729922121,25.50306461725042,104.19638888012676,0.5267107729922121,ESTIMA,3.07,423.66,-6.98,148.52,22.433,398.157,44.324,111.176,0.0,0.0
1779201495.5779088,25.50306461725042,104.19638888012676,0.5267107729922121,25.50306461725042,104.19638888012676,0.5267107729922121,ESTIMA,3.07,423.66,-6.98,148.52,22.433,398.157,44.324,111.176,0.0,0.0
1779201495.6280894,25.503064617250413,104.19638888012676,0.526710772992211,25.503064617250413,104.19638888012676,0.526710772992211,ESTIMA,3.07,423.66,-6.98,148.52,22.433,398.157,44.324,111.176,0.0,0.0
1779201495.6782625,25.503064617250413,104.19638888012676,0.526710772992211,25.503064617250413,104.19638888012676,0.526710772992211,ESTIMA,3.07,423.66,-6.98,148.52,22.433,398.157,44.324,111.176,0.0,0.0
1779201495.7284837,13.57,80.85,-1.919,13.57,80.85,-1.919,VISION,3.07,423.66,-6.98,148.52,10.5,410.09,67.67,87.83,0.0,0.0
1779201495.7788231,13.57,80.85,-1.919,13.570000000000004,80.85000000000001,-1.9190000000000014,VISION,3.07,423.66,-6.98,148.52,10.5,410.09,67.67,87.83,-20.0,0.0
1779201495.8291292,13.57,80.85,-1.919,13.570000000000004,80.85000000000001,-1.9190000000000014,VISION,3.07,423.66,-6.98,148.52,10.5,410.09,67.67,87.83,-20.0,0.0
1779201495.8793607,13.57,80.85,-1.919,13.570000000000006,80.85000000000001,-1.9190000000000025,VISION,3.07,423.66,-6.98,148.52,10.5,410.09,67.67,87.83,-20.0,0.0
1779201495.9295375,13.57,80.85,-1.919,13.570000000000006,80.85000000000001,-1.9190000000000025,VISION,3.07,423.66,-6.98,148.52,10.5,410.09,67.67,87.83,-20.0,0.0
1779201495.9798322,13.57,80.85,-1.919,12.1092798235506,76.82591258872336,-2.3768637035729303,VISION,3.07,423.66,-6.98,148.52,10.5,410.09,67.67,87.83,-20.0,0.0
1779201496.0300114,13.57,80.85,-1.919,12.1092798235506,76.82591258872336,-2.3768637035729303,VISION,3.07,423.66,-6.98,148.52,10.5,410.09,67.67,87.83,-20.0,0.0
1779201496.0801973,13.57,80.85,-1.919,9.199933664587387,74.03441516500142,-2.745171516315019,VISION,3.07,423.66,-6.98,148.52,10.5,410.09,67.67,87.83,-20.0,0.0
1779201496.130442,13.57,80.85,-1.919,9.199933664587387,74.03441516500142,-2.745171516315019,VISION,3.07,423.66,-6.98,148.52,10.5,410.09,67.67,87.83,-20.0,0.0
1779201496.1807652,13.57,80.85,-1.919,6.57396804017009,72.93523591296506,-2.954502177938269,VISION,3.07,423.66,-6.98,148.52,10.5,410.09,67.67,87.83,-20.0,0.0
1779201496.2309709,6.57396804017009,72.93523591296506,-2.954502177938269,6.57396804017009,72.93523591296506,-2.954502177938269,ESTIMA,3.07,423.66,-6.98,148.52,3.504,417.086,75.585,79.915,-20.0,0.0
1779201496.281351,2.0270972080353538,72.07449335968559,-3.295598708074975,2.0270972080353538,72.07449335968559,-3.295598708074975,ESTIMA,3.07,423.66,-6.98,148.52,-1.043,421.633,76.446,79.054,0.0,0.0
1779201496.3317218,5.68,83.73,3.14,5.68,83.73,3.14,VISION,3.07,423.66,-6.98,148.52,2.61,417.98,64.79,90.71,0.0,0.0
1779201496.3819761,5.68,83.73,3.14,0.41721748476904974,83.73838179655212,2.657193358529088,VISION,3.07,423.66,-6.98,148.52,2.61,417.98,64.79,90.71,0.0,0.0
1779201496.432245,5.68,83.73,3.14,0.41721748476904974,83.73838179655212,2.657193358529088,VISION,3.07,423.66,-6.98,148.52,2.61,417.98,64.79,90.71,0.0,0.0
1779201496.4824903,5.68,83.73,3.14,-2.538171206568454,85.29355277209233,2.3520729830560967,VISION,3.07,423.66,-6.98,148.52,2.61,417.98,64.79,90.71,0.0,0.0
1779201496.5327973,5.68,83.73,3.14,-2.538171206568454,85.29355277209233,2.3520729830560967,VISION,3.07,423.66,-6.98,148.52,2.61,417.98,64.79,90.71,0.0,0.0
1779201496.5831187,5.68,83.73,3.14,-4.67173359966276,87.44477503572173,2.249854105062626,VISION,3.07,423.66,-6.98,148.52,2.61,417.98,64.79,90.71,0.0,0.0
1779201496.6334171,5.68,83.73,3.14,-4.67173359966276,87.44477503572173,2.249854105062626,VISION,3.07,423.66,-6.98,148.52,2.61,417.98,64.79,90.71,0.0,0.0
1779201496.6836128,5.68,83.73,3.14,-4.674381563858507,87.44805585650141,2.2504356360997315,VISION,3.07,423.66,-6.98,148.52,2.61,417.98,64.79,90.71,0.0,0.0
1779201496.834246,-4.674381563858502,87.44805585650141,2.25043563609973,-4.674381563858502,87.44805585650141,2.25043563609973,ESTIMA,3.07,423.66,-6.98,148.52,-7.744,428.334,61.072,94.428,20.0,0.0
1779201496.8846853,-4.674381563858502,87.44805585650141,2.25043563609973,-4.674381563858502,87.44805585650141,2.25043563609973,ESTIMA,3.07,423.66,-6.98,148.52,-7.744,428.334,61.072,94.428,20.0,0.0
1779201496.934973,5.29,84.19,2.963,5.29,84.19,2.963,VISION,3.07,423.66,-6.98,148.52,2.22,418.37,64.33,91.17,20.0,0.0
1779201496.9851665,5.29,84.19,2.963,4.407423563929072,84.34931912608947,3.0206938519591637,VISION,3.07,423.66,-6.98,148.52,2.22,418.37,64.33,91.17,20.0,0.0
1779201497.035391,5.29,84.19,2.963,4.407423563929072,84.34931912608947,3.0206938519591637,VISION,3.07,423.66,-6.98,148.52,2.22,418.37,64.33,91.17,20.0,0.0
1779201497.0856166,5.29,84.19,2.963,2.679981191002671,84.55918835591105,3.0586292623470874,VISION,3.07,423.66,-6.98,148.52,2.22,418.37,64.33,91.17,20.0,0.0
1779201497.1357512,5.29,84.19,2.963,2.679981191002671,84.55918835591105,3.0586292623470874,VISION,3.07,423.66,-6.98,148.52,2.22,418.37,64.33,91.17,20.0,0.0
1779201497.1861186,5.29,84.19,2.963,2.679981191002671,84.55918835591105,3.0586292623470874,VISION,3.07,423.66,-6.98,148.52,2.22,418.37,64.33,91.17,20.0,0.0
1779201497.236425,5.29,84.19,2.963,0.5898642263944174,84.73299048611689,3.1003062580052796,VISION,3.07,423.66,-6.98,148.52,2.22,418.37,64.33,91.17,20.0,0.0
1779201497.286777,5.29,84.19,2.963,0.5898642263944174,84.73299048611689,3.1003062580052796,VISION,3.07,423.66,-6.98,148.52,2.22,418.37,64.33,91.17,20.0,0.0
1779201497.3371582,5.29,84.19,2.963,-1.3540186346754377,84.81329203451675,3.119740004224455,VISION,3.07,423.66,-6.98,148.52,2.22,418.37,64.33,91.17,20.0,0.0
1779201497.3875425,5.29,84.19,2.963,-1.3540186346754377,84.81329203451675,3.119740004224455,VISION,3.07,423.66,-6.98,148.52,2.22,418.37,64.33,91.17,20.0,0.0
1779201497.4378047,-3.110901159145227,84.85169068476986,3.097022469629543,-3.110901159145227,84.85169068476986,3.097022469629543,ESTIMA,3.07,423.66,-6.98,148.52,-6.181,426.771,63.668,91.832,20.0,0.0
1779201497.488058,5.36,84.37,2.968,5.36,84.37,2.968,VISION,3.07,423.66,-6.98,148.52,2.29,418.3,64.15,91.35,20.0,0.0
1779201497.5382874,5.36,84.37,2.968,1.8943970577508602,84.97771993701296,2.984310795937238,VISION,3.07,423.66,-6.98,148.52,2.29,418.3,64.15,91.35,20.0,0.0
1779201497.5885718,5.36,84.37,2.968,1.8943970577508602,84.97771993701296,2.984310795937238,VISION,3.07,423.66,-6.98,148.52,2.29,418.3,64.15,91.35,20.0,0.0
1779201497.638902,5.36,84.37,2.968,-0.1450994254744784,85.30116724296691,2.990618065204793,VISION,3.07,423.66,-6.98,148.52,2.29,418.3,64.15,91.35,20.0,0.0
1779201497.6891909,5.36,84.37,2.968,-0.1450994254744784,85.30116724296691,2.990618065204793,VISION,3.07,423.66,-6.98,148.52,2.29,418.3,64.15,91.35,20.0,0.0
1779201497.7394855,5.36,84.37,2.968,-1.947610798198476,85.57538729069272,2.88541553927544,VISION,3.07,423.66,-6.98,148.52,2.29,418.3,64.15,91.35,20.0,0.0
1779201497.7897146,5.36,84.37,2.968,-1.947610798198476,85.57538729069272,2.88541553927544,VISION,3.07,423.66,-6.98,148.52,2.29,418.3,64.15,91.35,20.0,0.0
1779201497.8399005,5.36,84.37,2.968,-4.041670999871405,86.12388920955827,2.9050001232848643,VISION,3.07,423.66,-6.98,148.52,2.29,418.3,64.15,91.35,20.0,0.0
1779201497.8901935,5.36,84.37,2.968,-4.041670999871405,86.12388920955827,2.9050001232848643,VISION,3.07,423.66,-6.98,148.52,2.29,418.3,64.15,91.35,20.0,0.0
1779201497.9404762,5.36,84.37,2.968,-4.041670999871405,86.12388920955827,2.9050001232848643,VISION,3.07,423.66,-6.98,148.52,2.29,418.3,64.15,91.35,20.0,0.0
1779201497.9907625,-7.934577271220514,87.06250070670544,3.016208382883313,-7.934577271220514,87.06250070670544,3.016208382883313,ESTIMA,3.07,423.66,-6.98,148.52,-11.005,431.595,61.457,94.043,20.0,0.0
1779201498.0410142,-9.902190811799622,87.31050952640882,3.0639283707263556,-9.902190811799622,87.31050952640882,3.0639283707263556,ESTIMA,3.07,423.66,-6.98,148.52,-12.972,433.562,61.209,94.291,20.0,0.0
1779201498.0912929,6.72,91.29,2.415,6.72,91.29,2.415,VISION,3.07,423.66,-6.98,148.52,3.65,416.94,57.23,98.27,20.0,0.0
1779201498.141565,6.72,91.29,2.415,3.2591620372493417,94.36599259713569,2.519932621215868,VISION,3.07,423.66,-6.98,148.52,3.65,416.94,57.23,98.27,20.0,0.0
1779201498.1918092,6.72,91.29,2.415,3.2591620372493417,94.36599259713569,2.519932621215868,VISION,3.07,423.66,-6.98,148.52,3.65,416.94,57.23,98.27,20.0,0.0
1779201498.2420602,6.72,91.29,2.415,0.5688570666659238,96.29337571082094,2.5953554506069594,VISION,3.07,423.66,-6.98,148.52,3.65,416.94,57.23,98.27,20.0,0.0
1779201498.2923152,6.72,91.29,2.415,0.5688570666659238,96.29337571082094,2.5953554506069594,VISION,3.07,423.66,-6.98,148.52,3.65,416.94,57.23,98.27,20.0,0.0
1779201498.3425813,6.72,91.29,2.415,-1.5338540481341978,97.5716976544344,2.655077816377724,VISION,3.07,423.66,-6.98,148.52,3.65,416.94,57.23,98.27,20.0,0.0
1779201498.3929682,6.72,91.29,2.415,-1.5338540481341978,97.5716976544344,2.655077816377724,VISION,3.07,423.66,-6.98,148.52,3.65,416.94,57.23,98.27,20.0,0.0
1779201498.4432676,6.72,91.29,2.415,-4.511071721747008,99.14640683239054,2.740613340802522,VISION,3.07,423.66,-6.98,148.52,3.65,416.94,57.23,98.27,20.0,0.0
1779201498.4935462,6.72,91.29,2.415,-4.511071721747008,99.14640683239054,2.740613340802522,VISION,3.07,423.66,-6.98,148.52,3.65,416.94,57.23,98.27,20.0,0.0
1779201498.5437224,6.72,91.29,2.415,-8.055519248966325,100.64906850743417,2.841822617079734,VISION,3.07,423.66,-6.98,148.52,3.65,416.94,57.23,98.27,20.0,0.0
1779201498.5940766,-8.055519248966325,100.64906850743417,2.841822617079734,-8.055519248966325,100.64906850743417,2.841822617079734,ESTIMA,3.07,423.66,-6.98,148.52,-11.126,431.716,47.871,107.629,20.0,0.0
1779201498.6443498,5.99,90.42,2.465,5.99,90.42,2.465,VISION,3.07,423.66,-6.98,148.52,2.92,417.67,58.1,97.4,20.0,0.0
1779201498.644379,5.99,90.42,2.465,5.99,90.42,2.465,VISION,3.07,423.66,-6.98,148.52,2.92,417.67,58.1,97.4,20.0,0.0
1779201498.694784,5.99,90.42,2.465,5.99,90.42,2.465,VISION,3.07,423.66,-6.98,148.52,2.92,417.67,58.1,97.4,20.0,0.0
1779201498.7450755,5.99,90.42,2.465,3.2536879839227106,92.61737160081042,2.5545533580987305,VISION,3.07,423.66,-6.98,148.52,2.92,417.67,58.1,97.4,20.0,0.0
1779201498.7953517,5.99,90.42,2.465,3.2536879839227106,92.61737160081042,2.5545533580987305,VISION,3.07,423.66,-6.98,148.52,2.92,417.67,58.1,97.4,20.0,0.0
1779201498.845697,5.99,90.42,2.465,0.22857815208829235,94.62990491502232,2.642327470185244,VISION,3.07,423.66,-6.98,148.52,2.92,417.67,58.1,97.4,20.0,0.0
1779201498.896078,5.99,90.42,2.465,0.22857815208829235,94.62990491502232,2.642327470185244,VISION,3.07,423.66,-6.98,148.52,2.92,417.67,58.1,97.4,20.0,0.0
1779201498.9464867,5.99,90.42,2.465,0.22857815208829235,94.62990491502232,2.642327470185244,VISION,3.07,423.66,-6.98,148.52,2.92,417.67,58.1,97.4,20.0,0.0
1779201498.9969108,5.99,90.42,2.465,-2.9912162799749256,96.38581579205488,2.7281013297174788,VISION,3.07,423.66,-6.98,148.52,2.92,417.67,58.1,97.4,20.0,0.0
1779201499.047363,5.99,90.42,2.465,-5.717279943892049,97.581980849985,2.7966251967592437,VISION,3.07,423.66,-6.98,148.52,2.92,417.67,58.1,97.4,20.0,0.0
1779201499.0978594,5.99,90.42,2.465,-5.717279943892049,97.581980849985,2.7966251967592437,VISION,3.07,423.66,-6.98,148.52,2.92,417.67,58.1,97.4,20.0,0.0
1779201499.1480541,5.99,90.42,2.465,-8.78644203953671,98.68484065456113,2.8755538209459948,VISION,3.07,423.66,-6.98,148.52,2.92,417.67,58.1,97.4,20.0,0.0
1779201499.1987522,-8.78644203953671,98.68484065456113,2.8755538209459948,-8.78644203953671,98.68484065456113,2.8755538209459948,ESTIMA,3.07,423.66,-6.98,148.52,-11.856,432.446,49.835,105.665,20.0,0.0
1779201499.2491806,-8.78644203953671,98.68484065456113,2.8755538209459948,-8.78644203953671,98.68484065456113,2.8755538209459948,ESTIMA,3.07,423.66,-6.98,148.52,-11.856,432.446,49.835,105.665,20.0,0.0
1779201499.2995994,-12.319484967123428,99.64758852979837,2.9705316583487793,-12.319484967123428,99.64758852979837,2.9705316583487793,ESTIMA,3.07,423.66,-6.98,148.52,-15.389,435.979,48.872,106.628,20.0,0.0
1779201499.3501866,-12.319484967123428,99.64758852979837,2.9705316583487793,-12.319484967123428,99.64758852979837,2.9705316583487793,ESTIMA,3.07,423.66,-6.98,148.52,-15.389,435.979,48.872,106.628,20.0,0.0
1779201499.4006753,-15.506177279261108,100.19808733275282,3.0556907952609467,-15.506177279261108,100.19808733275282,3.0556907952609467,ESTIMA,3.07,423.66,-6.98,148.52,-18.576,439.166,48.322,107.178,20.0,0.0
1779201499.4511049,-15.506177279261108,100.19808733275282,3.0556907952609467,-15.506177279261108,100.19808733275282,3.0556907952609467,ESTIMA,3.07,423.66,-6.98,148.52,-18.576,439.166,48.322,107.178,20.0,0.0
1779201499.5015163,-20.193792426769914,100.60175558057715,3.1756262573059484,-20.193792426769914,100.60175558057715,3.1756262573059484,ESTIMA,3.07,423.66,-6.98,148.52,-23.264,443.854,47.918,107.582,20.0,0.0
1779201499.5519426,-22.02917100482616,100.53926690492938,3.220172399959122,-22.02917100482616,100.53926690492938,3.220172399959122,ESTIMA,3.07,423.66,-6.98,148.52,-25.099,445.689,47.981,107.519,20.0,0.0
1779201499.6023,-22.02917100482616,100.53926690492938,3.220172399959122,-22.02917100482616,100.53926690492938,3.220172399959122,ESTIMA,3.07,423.66,-6.98,148.52,-25.099,445.689,47.981,107.519,20.0,0.0
1779201499.652801,-22.02917100482616,100.53926690492938,3.220172399959122,-22.02917100482616,100.53926690492938,3.220172399959122,ESTIMA,3.07,423.66,-6.98,148.52,-25.099,445.689,47.981,107.519,20.0,0.0
1779201499.7030225,-25.536904687343203,100.26306134512633,3.303052997053473,-25.536904687343203,100.26306134512633,3.303052997053473,ESTIMA,3.07,423.66,-6.98,148.52,-28.607,449.197,48.257,107.243,20.0,0.0
1779201499.7532609,-28.587506876182967,99.76618478013471,3.3735709505710636,-28.587506876182967,99.76618478013471,3.3735709505710636,ESTIMA,3.07,423.66,-6.98,148.52,-31.658,452.248,48.754,106.746,20.0,0.0
1779201499.8035936,-28.587506876182967,99.76618478013471,3.3735709505710636,-28.587506876182967,99.76618478013471,3.3735709505710636,ESTIMA,3.07,423.66,-6.98,148.52,-31.658,452.248,48.754,106.746,20.0,0.0
1779201499.8539321,-28.587506876182967,99.76618478013471,3.3735709505710636,-28.587506876182967,99.76618478013471,3.3735709505710636,ESTIMA,3.07,423.66,-6.98,148.52,-31.658,452.248,48.754,106.746,20.0,0.0
1779201499.904116,-32.440527353562324,98.85598157030387,3.4686366325668136,-32.440527353562324,98.85598157030387,3.4686366325668136,ESTIMA,3.07,423.66,-6.98,148.52,-35.511,456.101,49.664,105.836,20.0,0.0
1779201499.9542766,-32.440527353562324,98.85598157030387,3.4686366325668136,-32.440527353562324,98.85598157030387,3.4686366325668136,ESTIMA,3.07,423.66,-6.98,148.52,-35.511,456.101,49.664,105.836,20.0,0.0
1779201500.004423,-35.495385801025044,97.81969609056121,3.5502415449280345,-35.495385801025044,97.81969609056121,3.5502415449280345,ESTIMA,3.07,423.66,-6.98,148.52,-38.565,459.155,50.7,104.8,20.0,0.0
1779201500.0545824,-35.495385801025044,97.81969609056121,3.5502415449280345,-35.495385801025044,97.81969609056121,3.5502415449280345,ESTIMA,3.07,423.66,-6.98,148.52,-38.565,459.155,50.7,104.8,20.0,0.0
1779201500.1047964,-38.559222399563886,96.4929757734596,3.6375713304313932,-38.559222399563886,96.4929757734596,3.6375713304313932,ESTIMA,3.07,423.66,-6.98,148.52,-41.629,462.219,52.027,103.473,20.0,0.0
1779201500.1549683,-38.559222399563886,96.4929757734596,3.6375713304313932,-38.559222399563886,96.4929757734596,3.6375713304313932,ESTIMA,3.07,423.66,-6.98,148.52,-41.629,462.219,52.027,103.473,20.0,0.0
1779201500.2051332,-41.45418270242229,94.92653465426164,3.7224846672763428,-41.45418270242229,94.92653465426164,3.7224846672763428,ESTIMA,3.07,423.66,-6.98,148.52,-44.524,465.114,53.593,101.907,20.0,0.0
1779201500.2553377,-41.45418270242229,94.92653465426164,3.7224846672763428,-41.45418270242229,94.92653465426164,3.7224846672763428,ESTIMA,3.07,423.66,-6.98,148.52,-44.524,465.114,53.593,101.907,20.0,0.0
1779201500.3055558,-44.43215251961725,92.97166393380071,3.812284667246471,-44.43215251961725,92.97166393380071,3.812284667246471,ESTIMA,3.07,423.66,-6.98,148.52,-47.502,468.092,55.548,99.952,20.0,0.0
1779201500.355807,-44.43215251961725,92.97166393380071,3.812284667246471,-44.43215251961725,92.97166393380071,3.812284667246471,ESTIMA,3.07,423.66,-6.98,148.52,-47.502,468.092,55.548,99.952,20.0,0.0
1779201500.4061491,-47.12156457220068,90.83793507886794,3.8966819783278863,-47.12156457220068,90.83793507886794,3.8966819783278863,ESTIMA,3.07,423.66,-6.98,148.52,-50.192,470.782,57.682,97.818,20.0,0.0
1779201500.4564903,-47.12156457220068,90.83793507886794,3.8966819783278863,-47.12156457220068,90.83793507886794,3.8966819783278863,ESTIMA,3.07,423.66,-6.98,148.52,-50.192,470.782,57.682,97.818,20.0,0.0
1779201500.5068042,-49.60486681855965,88.50078004863988,3.974870585651838,-49.60486681855965,88.50078004863988,3.974870585651838,ESTIMA,3.07,423.66,-6.98,148.52,-52.675,473.265,60.019,95.481,20.0,0.0
1779201500.556989,-49.60486681855965,88.50078004863988,3.974870585651838,-49.60486681855965,88.50078004863988,3.974870585651838,ESTIMA,3.07,423.66,-6.98,148.52,-52.675,473.265,60.019,95.481,20.0,0.0
1779201500.6072423,-51.789336051419774,86.09643122025518,4.049086038286905,-51.789336051419774,86.09643122025518,4.049086038286905,ESTIMA,3.07,423.66,-6.98,148.52,-54.859,475.449,62.424,93.076,20.0,0.0
1779201500.6575184,-51.789336051419774,86.09643122025518,4.049086038286905,-51.789336051419774,86.09643122025518,4.049086038286905,ESTIMA,3.07,423.66,-6.98,148.52,-54.859,475.449,62.424,93.076,20.0,0.0
1779201500.7078092,-51.789336051419774,86.09643122025518,4.049086038286905,-51.789336051419774,86.09643122025518,4.049086038286905,ESTIMA,3.07,423.66,-6.98,148.52,-54.859,475.449,62.424,93.076,20.0,0.0
1779201500.7579885,-51.789336051419774,86.09643122025518,4.049086038286905,-51.789336051419774,86.09643122025518,4.049086038286905,ESTIMA,3.07,423.66,-6.98,148.52,-54.859,475.449,62.424,93.076,20.0,0.0
1779201500.8082333,-55.32757560981263,81.56841752284168,4.189558698106197,-55.32757560981263,81.56841752284168,4.189558698106197,ESTIMA,3.07,423.66,-6.98,148.52,-58.398,478.988,66.952,88.548,20.0,0.0
1779201500.858396,-56.142159833778976,80.15500891180166,4.232470874887532,-56.142159833778976,80.15500891180166,4.232470874887532,ESTIMA,3.07,423.66,-6.98,148.52,-59.212,479.802,68.365,87.135,20.0,0.0
1779201500.9085882,-57.47080291497484,77.60241365478383,4.308541802648973,-57.47080291497484,77.60241365478383,4.308541802648973,ESTIMA,3.07,423.66,-6.98,148.52,-60.541,481.131,70.918,84.582,20.0,0.0
1779201500.958831,-57.47080291497484,77.60241365478383,4.308541802648973,-57.47080291497484,77.60241365478383,4.308541802648973,ESTIMA,3.07,423.66,-6.98,148.52,-60.541,481.131,70.918,84.582,20.0,0.0
1779201501.0091002,-57.47080291497484,77.60241365478383,4.308541802648973,-57.47080291497484,77.60241365478383,4.308541802648973,ESTIMA,3.07,423.66,-6.98,148.52,-60.541,481.131,70.918,84.582,20.0,0.0
1779201501.0593035,-58.941111470599964,74.16177150134153,4.404720927858087,-58.941111470599964,74.16177150134153,4.404720927858087,ESTIMA,3.07,423.66,-6.98,148.52,-62.011,482.601,74.358,81.142,20.0,0.0
1779201501.1094816,-59.853295994738666,71.29108382793625,4.4782989638836685,-59.853295994738666,71.29108382793625,4.4782989638836685,ESTIMA,3.07,423.66,-6.98,148.52,-62.923,483.513,77.229,78.271,20.0,0.0
1779201501.159709,-59.853295994738666,71.29108382793625,4.4782989638836685,-59.853295994738666,71.29108382793625,4.4782989638836685,ESTIMA,3.07,423.66,-6.98,148.52,-62.923,483.513,77.229,78.271,20.0,0.0
1779201501.2099314,-59.853295994738666,71.29108382793625,4.4782989638836685,-59.853295994738666,71.29108382793625,4.4782989638836685,ESTIMA,3.07,423.66,-6.98,148.52,-62.923,483.513,77.229,78.271,20.0,0.0
1779201501.2601361,-61.02130013367088,66.39300662652691,4.597820219081164,-61.02130013367088,66.39300662652691,4.597820219081164,ESTIMA,3.07,423.66,-6.98,148.52,-64.091,484.681,82.127,73.373,20.0,0.0
1779201501.3103237,-61.21134358640881,64.74149867154715,4.636422124074637,-61.21134358640881,64.74149867154715,4.636422124074637,ESTIMA,3.07,423.66,-6.98,148.52,-64.281,484.871,83.779,71.721,20.0,0.0
1779201501.3605688,-61.21134358640881,64.74149867154715,4.636422124074637,-61.21134358640881,64.74149867154715,4.636422124074637,ESTIMA,3.07,423.66,-6.98,148.52,-64.281,484.871,83.779,71.721,20.0,0.0
1779201501.410821,-61.21134358640881,64.74149867154715,4.636422124074637,-61.21134358640881,64.74149867154715,4.636422124074637,ESTIMA,3.07,423.66,-6.98,148.52,-64.281,484.871,83.779,71.721,20.0,0.0
1779201501.461027,-61.55948173532804,60.16755405262795,4.748003259566378,-61.55948173532804,60.16755405262795,4.748003259566378,ESTIMA,3.07,423.66,-6.98,148.52,-64.629,485.219,88.352,67.148,20.0,0.0
1779201501.5112193,-61.55948173532804,60.16755405262795,4.748003259566378,-61.55948173532804,60.16755405262795,4.748003259566378,ESTIMA,3.07,423.66,-6.98,148.52,-64.629,485.219,88.352,67.148,20.0,0.0
1779201501.5614958,-61.479431519328614,57.92080442407076,4.806320148994686,-61.479431519328614,57.92080442407076,4.806320148994686,ESTIMA,3.07,423.66,-6.98,148.52,-64.549,485.139,90.599,64.901,20.0,0.0
1779201501.6117685,-61.176139028491775,54.70142601679216,4.892202566092233,-61.176139028491775,54.70142601679216,4.892202566092233,ESTIMA,3.07,423.66,-6.98,148.52,-64.246,484.836,93.819,61.681,20.0,0.0
1779201501.661974,-61.176139028491775,54.70142601679216,4.892202566092233,-61.176139028491775,54.70142601679216,4.892202566092233,ESTIMA,3.07,423.66,-6.98,148.52,-64.246,484.836,93.819,61.681,20.0,0.0
1779201501.712152,-60.59565563779336,51.50804316323765,4.977358573262679,-60.59565563779336,51.50804316323765,4.977358573262679,ESTIMA,3.07,423.66,-6.98,148.52,-63.666,484.256,97.012,58.488,20.0,0.0
1779201501.7623367,-60.59565563779336,51.50804316323765,4.977358573262679,-60.59565563779336,51.50804316323765,4.977358573262679,ESTIMA,3.07,423.66,-6.98,148.52,-63.666,484.256,97.012,58.488,20.0,0.0
1779201501.8125024,-60.59565563779336,51.50804316323765,4.977358573262679,-60.59565563779336,51.50804316323765,4.977358573262679,ESTIMA,3.07,423.66,-6.98,148.52,-63.666,484.256,97.012,58.488,20.0,0.0
1779201501.8626823,-59.62501104461542,47.93094745003406,5.072090825751005,-59.62501104461542,47.93094745003406,5.072090825751005,ESTIMA,3.07,423.66,-6.98,148.52,-62.695,483.285,100.589,54.911,20.0,0.0
1779201501.9128578,-59.62501104461542,47.93094745003406,5.072090825751005,-59.62501104461542,47.93094745003406,5.072090825751005,ESTIMA,3.07,423.66,-6.98,148.52,-62.695,483.285,100.589,54.911,20.0,0.0
1779201501.9630437,-58.44513852068279,44.79351006617689,5.154816185032497,-58.44513852068279,44.79351006617689,5.154816185032497,ESTIMA,3.07,423.66,-6.98,148.52,-61.515,482.105,103.726,51.774,20.0,0.0
1779201502.0132127,-58.44513852068279,44.79351006617689,5.154816185032497,-58.44513852068279,44.79351006617689,5.154816185032497,ESTIMA,3.07,423.66,-6.98,148.52,-61.515,482.105,103.726,51.774,20.0,0.0
1779201502.0633798,-57.14152590003768,42.04181582325992,5.225565126596967,-57.14152590003768,42.04181582325992,5.225565126596967,ESTIMA,3.07,423.66,-6.98,148.52,-60.212,480.802,106.478,49.022,20.0,0.0
1779201502.1135526,-57.14152590003768,42.04181582325992,5.225565126596967,-57.14152590003768,42.04181582325992,5.225565126596967,ESTIMA,3.07,423.66,-6.98,148.52,-60.212,480.802,106.478,49.022,20.0,0.0
1779201502.163822,-55.51698135354881,39.159046341969876,5.302818849529627,-55.51698135354881,39.159046341969876,5.302818849529627,ESTIMA,3.07,423.66,-6.98,148.52,-58.587,479.177,109.361,46.139,20.0,0.0
1779201502.2141197,-55.51698135354881,39.159046341969876,5.302818849529627,-55.51698135354881,39.159046341969876,5.302818849529627,ESTIMA,3.07,423.66,-6.98,148.52,-58.587,479.177,109.361,46.139,20.0,0.0
1779201502.2643437,-53.509708609231815,36.16391441159688,5.391598689929412,-53.509708609231815,36.16391441159688,5.391598689929412,ESTIMA,3.07,423.66,-6.98,148.52,-56.58,477.17,112.356,43.144,20.0,0.0
1779201502.314551,-53.509708609231815,36.16391441159688,5.391598689929412,-53.509708609231815,36.16391441159688,5.391598689929412,ESTIMA,3.07,423.66,-6.98,148.52,-56.58,477.17,112.356,43.144,20.0,0.0
1779201502.3648796,-51.30722186549738,33.43588719824891,5.484882473723767,-51.30722186549738,33.43588719824891,5.484882473723767,ESTIMA,3.07,423.66,-6.98,148.52,-54.377,474.967,115.084,40.416,20.0,0.0
1779201502.4151568,-51.30722186549738,33.43588719824891,5.484882473723767,-51.30722186549738,33.43588719824891,5.484882473723767,ESTIMA,3.07,423.66,-6.98,148.52,-54.377,474.967,115.084,40.416,20.0,0.0
1779201502.4653926,-51.30722186549738,33.43588719824891,5.484882473723767,-51.30722186549738,33.43588719824891,5.484882473723767,ESTIMA,3.07,423.66,-6.98,148.52,-54.377,474.967,115.084,40.416,20.0,0.0
1779201502.5156305,-47.27044235582612,29.293553066241806,5.6407641518695835,-47.27044235582612,29.293553066241806,5.6407641518695835,ESTIMA,3.07,423.66,-6.98,148.52,-50.34,470.93,119.226,36.274,20.0,0.0
1779201502.5658917,-45.942445257683865,28.299794328505293,5.682780056171202,-45.942445257683865,28.299794328505293,5.682780056171202,ESTIMA,3.07,423.66,-6.98,148.52,-49.012,469.602,120.22,35.28,20.0,0.0
1779201502.6162717,-45.942445257683865,28.299794328505293,5.682780056171202,-45.942445257683865,28.299794328505293,5.682780056171202,ESTIMA,3.07,423.66,-6.98,148.52,-49.012,469.602,120.22,35.28,20.0,0.0
1779201502.6665266,-43.81675052281537,26.844263335286936,5.745572520333331,-43.81675052281537,26.844263335286936,5.745572520333331,ESTIMA,3.07,423.66,-6.98,148.52,-46.887,467.477,121.676,33.824,20.0,0.0
1779201502.7168136,-43.81675052281537,26.844263335286936,5.745572520333331,-43.81675052281537,26.844263335286936,5.745572520333331,ESTIMA,3.07,423.66,-6.98,148.52,-46.887,467.477,121.676,33.824,20.0,0.0
1779201502.7671702,-43.81675052281537,26.844263335286936,5.745572520333331,-40.234689607613106,24.70867702772191,5.844896736723331,ESTIMA,3.07,423.66,-6.98,148.52,-46.887,467.477,121.676,33.824,20.0,0.0
1779201502.8174505,-40.234689607613106,24.70867702772191,5.844896736723331,-40.234689607613106,24.70867702772191,5.844896736723331,ESTIMA,3.07,423.66,-6.98,148.52,-43.305,463.895,123.811,31.689,20.0,0.0
1779201502.867765,-37.604612405815914,23.47598228471869,5.913851471652182,-37.604612405815914,23.47598228471869,5.913851471652182,ESTIMA,3.07,423.66,-6.98,148.52,-40.675,461.265,125.044,30.456,20.0,0.0
1779201502.9180472,-37.604612405815914,23.47598228471869,5.913851471652182,-37.604612405815914,23.47598228471869,5.913851471652182,ESTIMA,3.07,423.66,-6.98,148.52,-40.675,461.265,125.044,30.456,20.0,0.0
1779201502.9683194,-34.396241851049695,22.234031736426193,5.9967299134732714,-34.396241851049695,22.234031736426193,5.9967299134732714,ESTIMA,3.07,423.66,-6.98,148.52,-37.466,458.056,126.286,29.214,20.0,0.0
1779201503.0185874,-34.396241851049695,22.234031736426193,5.9967299134732714,-34.396241851049695,22.234031736426193,5.9967299134732714,ESTIMA,3.07,423.66,-6.98,148.52,-37.466,458.056,126.286,29.214,20.0,0.0
1779201503.0687518,-30.9968885799137,21.232729811112115,6.0813477205997595,-30.9968885799137,21.232729811112115,6.0813477205997595,ESTIMA,3.07,423.66,-6.98,148.52,-34.067,454.657,127.287,28.213,20.0,0.0
1779201503.1189358,-30.9968885799137,21.232729811112115,6.0813477205997595,-30.9968885799137,21.232729811112115,6.0813477205997595,ESTIMA,3.07,423.66,-6.98,148.52,-34.067,454.657,127.287,28.213,20.0,0.0
1779201503.1691136,-30.9968885799137,21.232729811112115,6.0813477205997595,-30.9968885799137,21.232729811112115,6.0813477205997595,ESTIMA,3.07,423.66,-6.98,148.52,-34.067,454.657,127.287,28.213,20.0,0.0
1779201503.2194145,-27.382495208972436,20.493138738373794,6.166894775509486,-27.382495208972436,20.493138738373794,6.166894775509486,ESTIMA,3.07,423.66,-6.98,148.52,-30.452,451.042,128.027,27.473,20.0,0.0
1779201503.269713,-27.382495208972436,20.493138738373794,6.166894775509486,-27.382495208972436,20.493138738373794,6.166894775509486,ESTIMA,3.07,423.66,-6.98,148.52,-30.452,451.042,128.027,27.473,20.0,0.0
1779201503.3200266,-24.067554176384878,20.105895280022175,6.233555858999541,-24.067554176384878,20.105895280022175,6.233555858999541,ESTIMA,3.07,423.66,-6.98,148.52,-27.138,447.728,128.414,27.086,20.0,0.0
1779201503.3703573,-24.067554176384878,20.105895280022175,6.233555858999541,-24.067554176384878,20.105895280022175,6.233555858999541,ESTIMA,3.07,423.66,-6.98,148.52,-27.138,447.728,128.414,27.086,20.0,0.0
1779201503.4206982,-20.885800220248985,19.9478568117143,6.274760599139167,-20.885800220248985,19.9478568117143,6.274760599139167,ESTIMA,3.07,423.66,-6.98,148.52,-23.956,444.546,128.572,26.928,20.0,0.0
1779201503.470934,-20.885800220248985,19.9478568117143,6.274760599139167,-20.885800220248985,19.9478568117143,6.274760599139167,ESTIMA,3.07,423.66,-6.98,148.52,-23.956,444.546,128.572,26.928,20.0,0.0
1779201503.5211236,-17.710550930370182,19.921105630593875,6.320611149671337,-17.710550930370182,19.921105630593875,6.320611149671337,ESTIMA,3.07,423.66,-6.98,148.52,-20.781,441.371,128.599,26.901,20.0,0.0
1779201503.5713305,-17.710550930370182,19.921105630593875,6.320611149671337,-17.710550930370182,19.921105630593875,6.320611149671337,ESTIMA,3.07,423.66,-6.98,148.52,-20.781,441.371,128.599,26.901,20.0,0.0
1779201503.621489,-14.334286657575603,20.047524195552352,6.4376263758833945,-14.334286657575603,20.047524195552352,6.4376263758833945,ESTIMA,3.07,423.66,-6.98,148.52,-17.404,437.994,128.472,27.028,20.0,0.0
1779201503.671696,-14.334286657575603,20.047524195552352,6.4376263758833945,-14.334286657575603,20.047524195552352,6.4376263758833945,ESTIMA,3.07,423.66,-6.98,148.52,-17.404,437.994,128.472,27.028,20.0,0.0
1779201503.7218616,-11.036489737785818,20.560927890910573,6.566208146793764,-11.036489737785818,20.560927890910573,6.566208146793764,ESTIMA,3.07,423.66,-6.98,148.52,-14.106,434.696,127.959,27.541,20.0,0.0
1779201503.7721527,-11.036489737785818,20.560927890910573,6.566208146793764,-11.036489737785818,20.560927890910573,6.566208146793764,ESTIMA,3.07,423.66,-6.98,148.52,-14.106,434.696,127.959,27.541,20.0,0.0
1779201503.8223226,-7.844826876903996,21.48915911663367,6.641382093523902,-7.844826876903996,21.48915911663367,6.641382093523902,ESTIMA,3.07,423.66,-6.98,148.52,-10.915,431.505,127.031,28.469,20.0,0.0
1779201503.8725922,-7.844826876903996,21.48915911663367,6.641382093523902,-7.844826876903996,21.48915911663367,6.641382093523902,ESTIMA,3.07,423.66,-6.98,148.52,-10.915,431.505,127.031,28.469,20.0,0.0
1779201503.9228299,-7.844826876903996,21.48915911663367,6.641382093523902,-7.844826876903996,21.48915911663367,6.641382093523902,ESTIMA,3.07,423.66,-6.98,148.52,-10.915,431.505,127.031,28.469,20.0,0.0
1779201503.973147,-2.6225054040791402,23.444111943715267,6.7324667120711315,-2.6225054040791402,23.444111943715267,6.7324667120711315,ESTIMA,3.07,423.66,-6.98,148.52,-5.693,426.283,125.076,30.424,20.0,0.0
1779201504.0235126,-1.0390552592947278,24.2076026738634,6.762623099654035,-1.0390552592947278,24.2076026738634,6.762623099654035,ESTIMA,3.07,423.66,-6.98,148.52,-4.109,424.699,124.312,31.188,20.0,0.0
1779201504.0739002,-1.0390552592947278,24.2076026738634,6.762623099654035,-1.0390552592947278,24.2076026738634,6.762623099654035,ESTIMA,3.07,423.66,-6.98,148.52,-4.109,424.699,124.312,31.188,20.0,0.0
1779201504.124116,1.8557152520975015,25.712583636668757,6.82512524982778,1.8557152520975015,25.712583636668757,6.82512524982778,ESTIMA,3.07,423.66,-6.98,148.52,-1.214,421.804,122.807,32.693,20.0,0.0
1779201504.174389,1.8557152520975015,25.712583636668757,6.82512524982778,1.8557152520975015,25.712583636668757,6.82512524982778,ESTIMA,3.07,423.66,-6.98,148.52,-1.214,421.804,122.807,32.693,20.0,0.0
1779201504.2247257,4.64129357284454,27.389695916433915,6.950209262113043,4.64129357284454,27.389695916433915,6.950209262113043,ESTIMA,3.07,423.66,-6.98,148.52,1.571,419.019,121.13,34.37,20.0,0.0
1779201504.2750797,4.64129357284454,27.389695916433915,6.950209262113043,4.64129357284454,27.389695916433915,6.950209262113043,ESTIMA,3.07,423.66,-6.98,148.52,1.571,419.019,121.13,34.37,20.0,0.0
1779201504.3253722,7.077460985738632,29.307986625481306,7.050817795254595,7.077460985738632,29.307986625481306,7.050817795254595,ESTIMA,3.07,423.66,-6.98,148.52,4.007,416.583,119.212,36.288,20.0,0.0
1779201504.3756878,7.077460985738632,29.307986625481306,7.050817795254595,7.077460985738632,29.307986625481306,7.050817795254595,ESTIMA,3.07,423.66,-6.98,148.52,4.007,416.583,119.212,36.288,20.0,0.0
1779201504.4259772,7.077460985738632,29.307986625481306,7.050817795254595,7.077460985738632,29.307986625481306,7.050817795254595,ESTIMA,3.07,423.66,-6.98,148.52,4.007,416.583,119.212,36.288,20.0,0.0
1779201504.4762673,9.882809781798368,32.01538739760236,7.143775308264998,9.882809781798368,32.01538739760236,7.143775308264998,ESTIMA,3.07,423.66,-6.98,148.52,6.813,413.777,116.505,38.995,20.0,0.0
1779201504.5265777,11.885862192456308,34.34482286869031,7.195130622935917,11.885862192456308,34.34482286869031,7.195130622935917,ESTIMA,3.07,423.66,-6.98,148.52,8.816,411.774,114.175,41.325,20.0,0.0
1779201504.576952,11.885862192456308,34.34482286869031,7.195130622935917,11.885862192456308,34.34482286869031,7.195130622935917,ESTIMA,3.07,423.66,-6.98,148.52,8.816,411.774,114.175,41.325,20.0,0.0
1779201504.6271913,13.826340457063594,36.85104109486875,7.208043658356702,13.826340457063594,36.85104109486875,7.208043658356702,ESTIMA,3.07,423.66,-6.98,148.52,10.756,409.834,111.669,43.831,20.0,0.0
1779201504.6774907,13.826340457063594,36.85104109486875,7.208043658356702,13.826340457063594,36.85104109486875,7.208043658356702,ESTIMA,3.07,423.66,-6.98,148.52,10.756,409.834,111.669,43.831,20.0,0.0
1779201504.7278123,13.826340457063594,36.85104109486875,7.208043658356702,13.826340457063594,36.85104109486875,7.208043658356702,ESTIMA,3.07,423.66,-6.98,148.52,10.756,409.834,111.669,43.831,20.0,0.0
1779201504.7781448,15.321613993615465,38.834650285918926,7.096590151772046,15.321613993615465,38.834650285918926,7.096590151772046,ESTIMA,3.07,423.66,-6.98,148.52,12.252,408.338,109.685,45.815,20.0,0.0
1779201504.8283703,16.69152798959741,40.28352998558921,6.971464710473149,16.69152798959741,40.28352998558921,6.971464710473149,ESTIMA,3.07,423.66,-6.98,148.52,13.622,406.968,108.236,47.264,20.0,0.0
1779201504.8786733,16.69152798959741,40.28352998558921,6.971464710473149,16.69152798959741,40.28352998558921,6.971464710473149,ESTIMA,3.07,423.66,-6.98,148.52,13.622,406.968,108.236,47.264,20.0,0.0
1779201504.9289882,16.69152798959741,40.28352998558921,6.971464710473149,16.69152798959741,40.28352998558921,6.971464710473149,ESTIMA,3.07,423.66,-6.98,148.52,13.622,406.968,108.236,47.264,20.0,0.0
1779201504.979275,17.95212511002441,41.32030502669041,7.067985251477769,17.95212511002441,41.32030502669041,7.067985251477769,ESTIMA,3.07,423.66,-6.98,148.52,14.882,405.708,107.2,48.3,20.0,0.0
1779201505.0295584,17.95212511002441,41.32030502669041,7.067985251477769,17.95212511002441,41.32030502669041,7.067985251477769,ESTIMA,3.07,423.66,-6.98,148.52,14.882,405.708,107.2,48.3,20.0,0.0
1779201505.0797772,100.67,20.64,0.159,100.67,20.64,0.159,VISION,3.07,423.66,-6.98,148.52,97.6,322.99,127.88,27.62,20.0,0.0
1779201505.130084,100.67,20.64,0.159,100.67,20.64,0.159,VISION,3.07,423.66,-6.98,148.52,97.6,322.99,127.88,27.62,20.0,0.0
1779201505.180373,100.67,20.64,0.159,102.7344963586112,20.97104938740628,0.2728765227804612,VISION,3.07,423.66,-6.98,148.52,97.6,322.99,127.88,27.62,20.0,0.0
1779201505.2306478,100.67,20.64,0.159,102.7344963586112,20.97104938740628,0.2728765227804612,VISION,3.07,423.66,-6.98,148.52,97.6,322.99,127.88,27.62,20.0,0.0
1779201505.2808537,100.67,20.64,0.159,104.76089584487843,21.538152404696604,0.4286728777669294,VISION,3.07,423.66,-6.98,148.52,97.6,322.99,127.88,27.62,20.0,0.0
1779201505.3312032,100.67,20.64,0.159,104.76089584487843,21.538152404696604,0.4286728777669294,VISION,3.07,423.66,-6.98,148.52,97.6,322.99,127.88,27.62,20.0,0.0
1779201505.3815463,100.67,20.64,0.159,106.8024295744791,22.471165451714878,0.5933201626941945,VISION,3.07,423.66,-6.98,148.52,97.6,322.99,127.88,27.62,20.0,0.0
1779201505.431817,100.67,20.64,0.159,106.8024295744791,22.471165451714878,0.5933201626941945,VISION,3.07,423.66,-6.98,148.52,97.6,322.99,127.88,27.62,20.0,0.0
1779201505.4821086,100.67,20.64,0.159,106.8024295744791,22.471165451714878,0.5933201626941945,VISION,3.07,423.66,-6.98,148.52,97.6,322.99,127.88,27.62,20.0,0.0
1779201505.5323167,100.67,20.64,0.159,109.65458857746441,24.394590134799444,0.768267481333415,VISION,3.07,423.66,-6.98,148.52,97.6,322.99,127.88,27.62,20.0,0.0
1779201505.5825007,100.67,20.64,0.159,110.7639933784899,25.466621785609235,0.8236619467466093,VISION,3.07,423.66,-6.98,148.52,97.6,322.99,127.88,27.62,20.0,0.0
1779201505.6326866,110.7639933784899,25.466621785609235,0.8236619467466093,110.7639933784899,25.466621785609235,0.8236619467466093,ESTIMA,3.07,423.66,-6.98,148.52,107.694,312.896,123.053,32.447,20.0,0.0
1779201505.6829956,110.7639933784899,25.466621785609235,0.8236619467466093,110.7639933784899,25.466621785609235,0.8236619467466093,ESTIMA,3.07,423.66,-6.98,148.52,107.694,312.896,123.053,32.447,20.0,0.0
1779201505.733188,113.31374120987529,28.219361946598973,0.9284000603423815,113.31374120987529,28.219361946598973,0.9284000603423815,ESTIMA,3.07,423.66,-6.98,148.52,110.244,310.346,120.301,35.199,20.0,0.0
1779201505.7833753,114.90273174438926,30.34289981135334,0.9950862948815714,114.90273174438926,30.34289981135334,0.9950862948815714,ESTIMA,3.07,423.66,-6.98,148.52,111.833,308.757,118.177,37.323,20.0,0.0
1779201505.833554,114.90273174438926,30.34289981135334,0.9950862948815714,114.90273174438926,30.34289981135334,0.9950862948815714,ESTIMA,3.07,423.66,-6.98,148.52,111.833,308.757,118.177,37.323,20.0,0.0
1779201505.8838065,116.12856502279341,32.23154535145936,1.0470845597440044,116.12856502279341,32.23154535145936,1.0470845597440044,ESTIMA,3.07,423.66,-6.98,148.52,113.059,307.531,116.288,39.212,20.0,0.0
1779201505.9341588,116.12856502279341,32.23154535145936,1.0470845597440044,116.12856502279341,32.23154535145936,1.0470845597440044,ESTIMA,3.07,423.66,-6.98,148.52,113.059,307.531,116.288,39.212,20.0,0.0
1779201505.984467,117.59842281069213,34.77674952451933,1.1177960269214418,117.59842281069213,34.77674952451933,1.1177960269214418,ESTIMA,3.07,423.66,-6.98,148.52,114.528,306.062,113.743,41.757,20.0,0.0
1779201506.034768,117.59842281069213,34.77674952451933,1.1177960269214418,117.59842281069213,34.77674952451933,1.1177960269214418,ESTIMA,3.07,423.66,-6.98,148.52,114.528,306.062,113.743,41.757,20.0,0.0
1779201506.0849948,119.09945549680081,37.860466517432776,1.2023657646275763,119.09945549680081,37.860466517432776,1.2023657646275763,ESTIMA,3.07,423.66,-6.98,148.52,116.029,304.561,110.66,44.84,20.0,0.0
1779201506.1351748,119.09945549680081,37.860466517432776,1.2023657646275763,119.09945549680081,37.860466517432776,1.2023657646275763,ESTIMA,3.07,423.66,-6.98,148.52,116.029,304.561,110.66,44.84,20.0,0.0
1779201506.1854043,119.09945549680081,37.860466517432776,1.2023657646275763,119.09945549680081,37.860466517432776,1.2023657646275763,ESTIMA,3.07,423.66,-6.98,148.52,116.029,304.561,110.66,44.84,20.0,0.0
1779201506.2357981,120.37250192902022,41.158012649908855,1.2867719118796455,120.37250192902022,41.158012649908855,1.2867719118796455,ESTIMA,3.07,423.66,-6.98,148.52,117.303,303.287,107.362,48.138,20.0,0.0
1779201506.286075,120.37250192902022,41.158012649908855,1.2867719118796455,120.37250192902022,41.158012649908855,1.2867719118796455,ESTIMA,3.07,423.66,-6.98,148.52,117.303,303.287,107.362,48.138,20.0,0.0
1779201506.3362896,121.17197194674657,43.896706062230535,1.3526284438447256,121.17197194674657,43.896706062230535,1.3526284438447256,ESTIMA,3.07,423.66,-6.98,148.52,118.102,302.488,104.623,50.877,20.0,0.0
1779201506.3865964,121.69566914211153,46.25893215469468,1.405154407411449,121.69566914211153,46.25893215469468,1.405154407411449,ESTIMA,3.07,423.66,-6.98,148.52,118.626,301.964,102.261,53.239,20.0,0.0
1779201506.4368901,121.69566914211153,46.25893215469468,1.405154407411449,121.69566914211153,46.25893215469468,1.405154407411449,ESTIMA,3.07,423.66,-6.98,148.52,118.626,301.964,102.261,53.239,20.0,0.0
1779201506.4872074,122.20857590565873,49.327039831253536,1.4670224552424287,122.20857590565873,49.327039831253536,1.4670224552424287,ESTIMA,3.07,423.66,-6.98,148.52,119.139,301.451,99.193,56.307,20.0,0.0
1779201506.5374854,122.20857590565873,49.327039831253536,1.4670224552424287,122.20857590565873,49.327039831253536,1.4670224552424287,ESTIMA,3.07,423.66,-6.98,148.52,119.139,301.451,99.193,56.307,20.0,0.0
1779201506.587779,122.53363872459575,52.44820228333738,1.5300249058059527,122.53363872459575,52.44820228333738,1.5300249058059527,ESTIMA,3.07,423.66,-6.98,148.52,119.464,301.126,96.072,59.428,20.0,0.0
1779201506.6381307,122.53363872459575,52.44820228333738,1.5300249058059527,122.53363872459575,52.44820228333738,1.5300249058059527,ESTIMA,3.07,423.66,-6.98,148.52,119.464,301.126,96.072,59.428,20.0,0.0
1779201506.688461,122.53363872459575,52.44820228333738,1.5300249058059527,122.53363872459575,52.44820228333738,1.5300249058059527,ESTIMA,3.07,423.66,-6.98,148.52,119.464,301.126,96.072,59.428,20.0,0.0
1779201506.738779,122.66709345720007,55.719630492494574,1.5938951870465352,122.66709345720007,55.719630492494574,1.5938951870465352,ESTIMA,3.07,423.66,-6.98,148.52,119.597,300.993,92.8,62.7,20.0,0.0
1779201506.7890298,122.66709345720007,55.719630492494574,1.5938951870465352,122.66709345720007,55.719630492494574,1.5938951870465352,ESTIMA,3.07,423.66,-6.98,148.52,119.597,300.993,92.8,62.7,20.0,0.0
1779201506.8393247,122.59913343210901,58.66124480004161,1.6511004864587049,122.59913343210901,58.66124480004161,1.6511004864587049,ESTIMA,3.07,423.66,-6.98,148.52,119.529,301.061,89.859,65.641,20.0,0.0
1779201506.889557,122.59913343210901,58.66124480004161,1.6511004864587049,122.59913343210901,58.66124480004161,1.6511004864587049,ESTIMA,3.07,423.66,-6.98,148.52,119.529,301.061,89.859,65.641,20.0,0.0
1779201506.9398792,122.35170417953887,61.73576988492853,1.7202921481917561,122.35170417953887,61.73576988492853,1.7202921481917561,ESTIMA,3.07,423.66,-6.98,148.52,119.282,301.308,86.784,68.716,20.0,0.0
1779201506.990104,122.35170417953887,61.73576988492853,1.7202921481917561,122.35170417953887,61.73576988492853,1.7202921481917561,ESTIMA,3.07,423.66,-6.98,148.52,119.282,301.308,86.784,68.716,20.0,0.0
1779201507.0403907,121.90414664496959,64.70721348525639,1.8120040790092198,121.90414664496959,64.70721348525639,1.8120040790092198,ESTIMA,3.07,423.66,-6.98,148.52,118.834,301.756,83.813,71.687,20.0,0.0
1779201507.0906775,121.90414664496959,64.70721348525639,1.8120040790092198,121.90414664496959,64.70721348525639,1.8120040790092198,ESTIMA,3.07,423.66,-6.98,148.52,118.834,301.756,83.813,71.687,20.0,0.0
1779201507.1409864,121.21133430212805,67.52355631563634,1.902115971811795,121.21133430212805,67.52355631563634,1.902115971811795,ESTIMA,3.07,423.66,-6.98,148.52,118.141,302.449,80.996,74.504,20.0,0.0
1779201507.1912234,121.21133430212805,67.52355631563634,1.902115971811795,121.21133430212805,67.52355631563634,1.902115971811795,ESTIMA,3.07,423.66,-6.98,148.52,118.141,302.449,80.996,74.504,20.0,0.0
1779201507.241515,120.28247436964163,70.223730496612,1.9695234395928976,120.28247436964163,70.223730496612,1.9695234395928976,ESTIMA,3.07,423.66,-6.98,148.52,117.212,303.378,78.296,77.204,20.0,0.0
1779201507.291855,120.28247436964163,70.223730496612,1.9695234395928976,120.28247436964163,70.223730496612,1.9695234395928976,ESTIMA,3.07,423.66,-6.98,148.52,117.212,303.378,78.296,77.204,20.0,0.0
1779201507.3422146,119.12531441185433,72.97041344389011,2.023982080242584,119.12531441185433,72.97041344389011,2.023982080242584,ESTIMA,3.07,423.66,-6.98,148.52,116.055,304.535,75.55,79.95,20.0,0.0
1779201507.3932896,119.12531441185433,72.97041344389011,2.023982080242584,119.12531441185433,72.97041344389011,2.023982080242584,ESTIMA,3.07,423.66,-6.98,148.52,116.055,304.535,75.55,79.95,20.0,0.0
1779201507.443681,78.98,31.85,1.393,78.98,31.85,1.393,VISION,3.07,423.66,-6.98,148.52,75.91,344.68,116.67,38.83,20.0,0.0
1779201507.4939566,78.98,31.85,1.393,79.71650142624026,35.94864696496936,1.4800867048120228,VISION,3.07,423.66,-6.98,148.52,75.91,344.68,116.67,38.83,20.0,0.0
1779201507.5441852,78.98,31.85,1.393,79.97042704343565,38.74028886646283,1.5338894987603569,VISION,3.07,423.66,-6.98,148.52,75.91,344.68,116.67,38.83,20.0,0.0
1779201507.5943608,78.98,31.85,1.393,79.97042704343565,38.74028886646283,1.5338894987603569,VISION,3.07,423.66,-6.98,148.52,75.91,344.68,116.67,38.83,20.0,0.0
1779201507.6445248,78.98,31.85,1.393,80.05452076435981,41.01779523016971,1.5839936781957655,VISION,3.07,423.66,-6.98,148.52,75.91,344.68,116.67,38.83,20.0,0.0
1779201507.6947312,78.98,31.85,1.393,80.05452076435981,41.01779523016971,1.5839936781957655,VISION,3.07,423.66,-6.98,148.52,75.91,344.68,116.67,38.83,20.0,0.0
1779201507.7448955,78.98,31.85,1.393,80.01377849317069,44.104771136363006,1.6394873184852266,VISION,3.07,423.66,-6.98,148.52,75.91,344.68,116.67,38.83,20.0,0.0
1779201507.7950706,78.98,31.85,1.393,80.01377849317069,44.104771136363006,1.6394873184852266,VISION,3.07,423.66,-6.98,148.52,75.91,344.68,116.67,38.83,20.0,0.0
1779201507.8452933,78.98,31.85,1.393,79.81443776150942,47.00219773502981,1.6988857010080745,VISION,3.07,423.66,-6.98,148.52,75.91,344.68,116.67,38.83,20.0,0.0
1779201507.8955653,78.98,31.85,1.393,79.81443776150942,47.00219773502981,1.6988857010080745,VISION,3.07,423.66,-6.98,148.52,75.91,344.68,116.67,38.83,20.0,0.0
1779201507.945897,79.41376252317725,50.11316273375759,1.7561457944015213,79.41376252317725,50.11316273375759,1.7561457944015213,ESTIMA,3.07,423.66,-6.98,148.52,76.344,344.246,98.407,57.093,20.0,0.0
1779201507.9961505,79.41376252317725,50.11316273375759,1.7561457944015213,79.41376252317725,50.11316273375759,1.7561457944015213,ESTIMA,3.07,423.66,-6.98,148.52,76.344,344.246,98.407,57.093,20.0,0.0
1779201508.0464818,63.0,30.47,1.745,63.0,30.47,1.745,VISION,3.07,423.66,-6.98,148.52,59.93,360.66,118.05,37.45,20.0,0.0
1779201508.0967908,63.0,30.47,1.745,62.30511816717387,34.418472403697656,1.8310353725895738,VISION,3.07,423.66,-6.98,148.52,59.93,360.66,118.05,37.45,20.0,0.0
1779201508.1470797,63.0,30.47,1.745,61.70086583966701,36.68773015570575,1.8774174561379815,VISION,3.07,423.66,-6.98,148.52,59.93,360.66,118.05,37.45,20.0,0.0
1779201508.1973648,63.0,30.47,1.745,61.70086583966701,36.68773015570575,1.8774174561379815,VISION,3.07,423.66,-6.98,148.52,59.93,360.66,118.05,37.45,20.0,0.0
1779201508.247737,63.0,30.47,1.745,60.796685133788145,39.54358528072579,1.9430593569049843,VISION,3.07,423.66,-6.98,148.52,59.93,360.66,118.05,37.45,20.0,0.0
1779201508.298132,63.0,30.47,1.745,60.796685133788145,39.54358528072579,1.9430593569049843,VISION,3.07,423.66,-6.98,148.52,59.93,360.66,118.05,37.45,20.0,0.0
1779201508.348473,63.0,30.47,1.745,59.766980156444404,42.180683655273,1.9949795024095962,VISION,3.07,423.66,-6.98,148.52,59.93,360.66,118.05,37.45,20.0,0.0
1779201508.3987415,63.0,30.47,1.745,59.766980156444404,42.180683655273,1.9949795024095962,VISION,3.07,423.66,-6.98,148.52,59.93,360.66,118.05,37.45,20.0,0.0
1779201508.4490576,63.0,30.47,1.745,59.766980156444404,42.180683655273,1.9949795024095962,VISION,3.07,423.66,-6.98,148.52,59.93,360.66,118.05,37.45,20.0,0.0
1779201508.4992766,63.0,30.47,1.745,59.766980156444404,42.180683655273,1.9949795024095962,VISION,3.07,423.66,-6.98,148.52,59.93,360.66,118.05,37.45,20.0,0.0
1779201508.549456,57.12852545979969,47.51227049727259,2.1657013557375464,57.12852545979969,47.51227049727259,2.1657013557375464,ESTIMA,3.07,423.66,-6.98,148.52,54.059,366.531,101.008,54.492,20.0,0.0
1779201508.5997343,48.73,23.38,2.146,48.73,23.38,2.146,VISION,3.07,423.66,-6.98,148.52,45.66,374.93,125.14,30.36,20.0,0.0
1779201508.6499705,48.73,23.38,2.146,47.24394096144618,25.6721169330462,2.2968929787708103,VISION,3.07,423.66,-6.98,148.52,45.66,374.93,125.14,30.36,0.0,0.0
1779201508.7001753,48.73,23.38,2.146,47.24394096144618,25.6721169330462,2.2968929787708103,VISION,3.07,423.66,-6.98,148.52,45.66,374.93,125.14,30.36,0.0,0.0
1779201508.7504802,48.73,23.38,2.146,45.57171351195468,27.55544150212728,2.415137211545664,VISION,3.07,423.66,-6.98,148.52,45.66,374.93,125.14,30.36,0.0,0.0
1779201508.8007617,48.73,23.38,2.146,45.57171351195468,27.55544150212728,2.415137211545664,VISION,3.07,423.66,-6.98,148.52,45.66,374.93,125.14,30.36,0.0,0.0
1779201508.8510394,48.73,23.38,2.146,44.47204665847693,28.53255529343416,2.557180264550755,VISION,3.07,423.66,-6.98,148.52,45.66,374.93,125.14,30.36,0.0,0.0
1779201508.901212,48.73,23.38,2.146,44.47204665847693,28.53255529343416,2.557180264550755,VISION,3.07,423.66,-6.98,148.52,45.66,374.93,125.14,30.36,0.0,0.0
1779201508.9514332,48.73,23.38,2.146,43.68739998866668,29.051593699863506,2.6662367297659513,VISION,3.07,423.66,-6.98,148.52,45.66,374.93,125.14,30.36,0.0,0.0
1779201509.0016456,48.73,23.38,2.146,43.68739998866668,29.051593699863506,2.6662367297659513,VISION,3.07,423.66,-6.98,148.52,45.66,374.93,125.14,30.36,0.0,0.0
1779201509.0518584,48.73,23.38,2.146,43.16796000555783,29.318961018086267,2.746817638379142,VISION,3.07,423.66,-6.98,148.52,45.66,374.93,125.14,30.36,0.0,0.0
1779201509.102127,43.16796000555783,29.318961018086267,2.746817638379142,43.16796000555783,29.318961018086267,2.746817638379142,ESTIMA,3.07,423.66,-6.98,148.52,40.098,380.492,119.201,36.299,0.0,0.0
1779201509.15236,42.85342870718098,29.450009781013513,2.793816252657475,42.85342870718098,29.450009781013513,2.793816252657475,ESTIMA,3.07,423.66,-6.98,148.52,39.783,380.807,119.07,36.43,-20.0,0.0
1779201509.202655,36.96,10.88,2.472,36.96,10.88,2.472,VISION,3.07,423.66,-6.98,148.52,33.89,386.7,137.64,17.86,-20.0,0.0
1779201509.252926,36.96,10.88,2.472,36.96,10.88,2.472,VISION,3.07,423.66,-6.98,148.52,33.89,386.7,137.64,17.86,-20.0,0.0
1779201509.303137,36.96,10.88,2.472,36.96000000000001,10.879999999999997,2.471999999999999,VISION,3.07,423.66,-6.98,148.52,33.89,386.7,137.64,17.86,-20.0,0.0
1779201509.353436,36.96,10.88,2.472,36.96000000000001,10.879999999999997,2.471999999999999,VISION,3.07,423.66,-6.98,148.52,33.89,386.7,137.64,17.86,-20.0,0.0
1779201509.4037375,36.96,10.88,2.472,33.50919558300104,13.61162697678827,2.331911372743803,VISION,3.07,423.66,-6.98,148.52,33.89,386.7,137.64,17.86,-20.0,0.0
1779201509.4540527,36.96,10.88,2.472,33.50919558300104,13.61162697678827,2.331911372743803,VISION,3.07,423.66,-6.98,148.52,33.89,386.7,137.64,17.86,-20.0,0.0
1779201509.5042953,36.96,10.88,2.472,30.56426577294768,16.703169984166415,1.9392962320261977,VISION,3.07,423.66,-6.98,148.52,33.89,386.7,137.64,17.86,-20.0,0.0
1779201509.5544977,36.96,10.88,2.472,30.56426577294768,16.703169984166415,1.9392962320261977,VISION,3.07,423.66,-6.98,148.52,33.89,386.7,137.64,17.86,-20.0,0.0
1779201509.6046877,36.96,10.88,2.472,29.461206014027997,19.55981352005508,1.7981541225196065,VISION,3.07,423.66,-6.98,148.52,33.89,386.7,137.64,17.86,-20.0,0.0
1779201509.6548488,36.96,10.88,2.472,29.461206014027997,19.55981352005508,1.7981541225196065,VISION,3.07,423.66,-6.98,148.52,33.89,386.7,137.64,17.86,0.0,0.0
1779201509.7050564,28.811931545658545,22.366175996124106,1.4008450362790346,28.811931545658545,22.366175996124106,1.4008450362790346,ESTIMA,3.07,423.66,-6.98,148.52,25.742,394.848,126.154,29.346,0.0,0.0
1779201509.7553382,28.811931545658545,22.366175996124106,1.4008450362790346,28.811931545658545,22.366175996124106,1.4008450362790346,ESTIMA,3.07,423.66,-6.98,148.52,25.742,394.848,126.154,29.346,0.0,0.0
1779201509.805592,28.811931545658545,22.366175996124106,1.4008450362790346,28.811931545658545,22.366175996124106,1.4008450362790346,ESTIMA,3.07,423.66,-6.98,148.52,25.742,394.848,126.154,29.346,0.0,0.0
1779201509.8559492,28.963925783484008,23.251888835209677,1.2768919569238593,28.963925783484008,23.251888835209677,1.2768919569238593,ESTIMA,3.07,423.66,-6.98,148.52,25.894,394.696,125.268,30.232,0.0,0.0
1779201509.9062374,28.963925783484008,23.25188883520967,1.2768919569238584,28.963925783484008,23.25188883520967,1.2768919569238584,ESTIMA,3.07,423.66,-6.98,148.52,25.894,394.696,125.268,30.232,0.0,0.0
1779201509.9565256,28.963925783484008,23.25188883520967,1.2768919569238584,28.963925783484008,23.25188883520967,1.2768919569238584,ESTIMA,3.07,423.66,-6.98,148.52,25.894,394.696,125.268,30.232,0.0,0.0
1779201510.0067549,28.963925783484008,23.251888835209666,1.2768919569238577,28.963925783484008,23.251888835209666,1.2768919569238577,ESTIMA,3.07,423.66,-6.98,148.52,25.894,394.696,125.268,30.232,0.0,0.0
1779201510.0569298,28.963925783484008,23.251888835209666,1.2768919569238577,28.963925783484008,23.251888835209666,1.2768919569238577,ESTIMA,3.07,423.66,-6.98,148.52,25.894,394.696,125.268,30.232,0.0,0.0
1779201510.8098488,29.489039599515756,25.534783926181685,1.1838923900893041,29.489039599515756,25.534783926181685,1.1838923900893041,ESTIMA,3.07,423.66,-6.98,148.52,26.419,394.171,122.985,32.515,20.0,0.0
1779201510.8600779,29.489039599515756,25.534783926181685,1.1838923900893041,29.489039599515756,25.534783926181685,1.1838923900893041,ESTIMA,3.07,423.66,-6.98,148.52,26.419,394.171,122.985,32.515,0.0,0.0
1779201510.9103498,29.869245198576078,26.467940487274504,1.0449076244116868,29.869245198576078,26.467940487274504,1.0449076244116868,ESTIMA,3.07,423.66,-6.98,148.52,26.799,393.791,122.052,33.448,0.0,0.0
1779201510.9606185,29.869245198576078,26.467940487274504,1.0449076244116868,29.869245198576078,26.467940487274504,1.0449076244116868,ESTIMA,3.07,423.66,-6.98,148.52,26.799,393.791,122.052,33.448,0.0,0.0
1779201511.0108316,30.043046466644363,26.767387431744197,0.9971517343696186,30.043046466644363,26.767387431744197,0.9971517343696186,ESTIMA,3.07,423.66,-6.98,148.52,26.973,393.617,121.753,33.747,0.0,0.0
1779201511.0610123,30.043046466644363,26.767387431744197,0.9971517343696186,30.043046466644363,26.767387431744197,0.9971517343696186,ESTIMA,3.07,423.66,-6.98,148.52,26.973,393.617,121.753,33.747,0.0,0.0
1779201511.1111786,30.04304646664436,26.76738743174419,0.9971517343696177,30.04304646664436,26.76738743174419,0.9971517343696177,ESTIMA,3.07,423.66,-6.98,148.52,26.973,393.617,121.753,33.747,0.0,0.0
1779201511.1613488,30.04304646664436,26.76738743174419,0.9971517343696177,30.04304646664436,26.76738743174419,0.9971517343696177,ESTIMA,3.07,423.66,-6.98,148.52,26.973,393.617,121.753,33.747,0.0,0.0
1779201511.2115095,30.04304646664436,26.76738743174419,0.9971517343696177,30.04304646664436,26.76738743174419,0.9971517343696177,ESTIMA,3.07,423.66,-6.98,148.52,26.973,393.617,121.753,33.747,0.0,0.0
1779201511.2617888,30.043046466644356,26.767387431744183,0.9971517343696166,30.043046466644356,26.767387431744183,0.9971517343696166,ESTIMA,3.07,423.66,-6.98,148.52,26.973,393.617,121.753,33.747,0.0,0.0
1779201511.31214,30.043046466644352,26.76738743174418,0.9971517343696159,30.043046466644352,26.76738743174418,0.9971517343696159,ESTIMA,3.07,423.66,-6.98,148.52,26.973,393.617,121.753,33.747,0.0,0.0
1779201511.3624518,30.043046466644352,26.76738743174418,0.9971517343696159,30.043046466644352,26.76738743174418,0.9971517343696159,ESTIMA,3.07,423.66,-6.98,148.52,26.973,393.617,121.753,33.747,-20.0,0.0
1779201511.412823,30.043046466644352,26.76738743174418,0.9971517343696159,30.043046466644352,26.76738743174418,0.9971517343696159,ESTIMA,3.07,423.66,-6.98,148.52,26.973,393.617,121.753,33.747,-20.0,0.0
1779201511.4631035,30.04304646664435,26.767387431744172,0.9971517343696147,30.04304646664435,26.767387431744172,0.9971517343696147,ESTIMA,3.07,423.66,-6.98,148.52,26.973,393.617,121.753,33.747,-20.0,0.0
1779201511.5133874,30.043046466644345,26.76738743174417,0.9971517343696141,30.043046466644345,26.76738743174417,0.9971517343696141,ESTIMA,3.07,423.66,-6.98,148.52,26.973,393.617,121.753,33.747,-20.0,0.0
1779201511.563657,29.97,-11.23,-2.22,29.97,-11.23,-2.22,VISION,3.07,423.66,-6.98,148.52,26.9,393.69,159.75,-4.25,-20.0,0.0
1779201511.614116,29.97,-11.23,-2.22,29.97,-11.23,-2.22,VISION,3.07,423.66,-6.98,148.52,26.9,393.69,159.75,-4.25,-20.0,0.0
1779201511.6644273,29.97,-11.23,-2.22,29.970000000000002,-11.229999999999995,-2.220000000000001,VISION,3.07,423.66,-6.98,148.52,26.9,393.69,159.75,-4.25,-20.0,0.0
1779201511.7147028,29.97,-11.23,-2.22,29.970000000000002,-11.229999999999995,-2.220000000000001,VISION,3.07,423.66,-6.98,148.52,26.9,393.69,159.75,-4.25,-20.0,0.0
1779201511.7649856,29.97,-11.23,-2.22,29.970000000000006,-11.22999999999999,-2.220000000000002,VISION,3.07,423.66,-6.98,148.52,26.9,393.69,159.75,-4.25,-20.0,0.0
1779201511.815265,29.97,-11.23,-2.22,29.970000000000006,-11.22999999999999,-2.220000000000002,VISION,3.07,423.66,-6.98,148.52,26.9,393.69,159.75,-4.25,-20.0,0.0
1779201511.865554,29.97,-11.23,-2.22,29.97000000000001,-11.229999999999984,-2.220000000000003,VISION,3.07,423.66,-6.98,148.52,26.9,393.69,159.75,-4.25,0.0,0.0
1779201511.9158556,29.97,-11.23,-2.22,29.97000000000001,-11.229999999999984,-2.220000000000003,VISION,3.07,423.66,-6.98,148.52,26.9,393.69,159.75,-4.25,0.0,0.0
1779201511.966045,29.97,-11.23,-2.22,29.970000000000013,-11.229999999999979,-2.2200000000000037,VISION,3.07,423.66,-6.98,148.52,26.9,393.69,159.75,-4.25,0.0,0.0
1779201512.016231,29.97,-11.23,-2.22,29.970000000000013,-11.229999999999979,-2.2200000000000037,VISION,3.07,423.66,-6.98,148.52,26.9,393.69,159.75,-4.25,0.0,0.0
1779201512.0665226,29.970000000000017,-11.229999999999974,-2.2200000000000046,29.970000000000017,-11.229999999999974,-2.2200000000000046,ESTIMA,3.07,423.66,-6.98,148.52,26.9,393.69,159.75,-4.25,0.0,0.0
1779201512.1167903,43.36,11.9,-0.491,43.36,11.9,-0.491,VISION,3.07,423.66,-6.98,148.52,40.29,380.3,136.62,18.88,0.0,0.0
1779201512.167132,43.36,11.9,-0.491,43.36,11.9,-0.491,VISION,3.07,423.66,-6.98,148.52,40.29,380.3,136.62,18.88,0.0,0.0
1779201512.2175214,43.36,11.9,-0.491,43.35999999999999,11.900000000000004,-0.4910000000000011,VISION,3.07,423.66,-6.98,148.52,40.29,380.3,136.62,18.88,0.0,0.0
1779201512.26792,43.36,11.9,-0.491,43.359999999999985,11.900000000000006,-0.4910000000000017,VISION,3.07,423.66,-6.98,148.52,40.29,380.3,136.62,18.88,0.0,0.0
1779201512.9721022,44.71,12.33,-0.532,49.018848171258405,9.930710448463257,0.15362142602328588,VISION,3.07,423.66,-6.98,148.52,41.64,378.95,136.19,19.31,20.0,0.0
1779201513.0224407,44.71,12.33,-0.532,51.7071643837081,10.346973118258548,0.5288424844412967,VISION,3.07,423.66,-6.98,148.52,41.64,378.95,136.19,19.31,20.0,0.0
1779201513.0728378,44.71,12.33,-0.532,51.89187647056876,10.454912060080035,0.49933382626481704,VISION,3.07,423.66,-6.98,148.52,41.64,378.95,136.19,19.31,20.0,0.0
1779201513.123117,44.71,12.33,-0.532,51.89187647056876,10.454912060080035,0.49933382626481704,VISION,3.07,423.66,-6.98,148.52,41.64,378.95,136.19,19.31,20.0,0.0
1779201513.1735194,44.71,12.33,-0.532,51.89187647056876,10.454912060080035,0.49933382626481704,VISION,3.07,423.66,-6.98,148.52,41.64,378.95,136.19,19.31,20.0,0.0
1779201513.2239223,53.59740625446174,11.385172496273308,0.32306669117827813,53.59740625446174,11.385172496273308,0.32306669117827813,ESTIMA,3.07,423.66,-6.98,148.52,50.527,370.063,137.135,18.365,20.0,0.0
1779201513.2742655,44.71,12.33,-0.532,44.71,12.33,-0.532,VISION,3.07,423.66,-6.98,148.52,41.64,378.95,136.19,19.31,20.0,0.0
1779201513.3246853,44.71,12.33,-0.532,44.71,12.33,-0.532,VISION,3.07,423.66,-6.98,148.52,41.64,378.95,136.19,19.31,20.0,0.0
1779201513.3750193,44.71,12.33,-0.532,46.623061013984,11.203959344124733,-0.585141786742241,VISION,3.07,423.66,-6.98,148.52,41.64,378.95,136.19,19.31,20.0,0.0
1779201513.4254968,44.71,12.33,-0.532,46.623061013984,11.203959344124733,-0.585141786742241,VISION,3.07,423.66,-6.98,148.52,41.64,378.95,136.19,19.31,20.0,0.0
1779201513.475988,44.71,12.33,-0.532,47.947332828295735,10.326573342291148,-0.6143096366701085,VISION,3.07,423.66,-6.98,148.52,41.64,378.95,136.19,19.31,20.0,0.0
1779201513.5264053,44.71,12.33,-0.532,47.947332828295735,10.326573342291148,-0.6143096366701085,VISION,3.07,423.66,-6.98,148.52,41.64,378.95,136.19,19.31,20.0,0.0
1779201513.5767734,44.71,12.33,-0.532,48.55127384587343,9.900581659252245,-0.6535219054466409,VISION,3.07,423.66,-6.98,148.52,41.64,378.95,136.19,19.31,20.0,0.0
1779201513.627189,44.71,12.33,-0.532,48.55127384587343,9.900581659252245,-0.6535219054466409,VISION,3.07,423.66,-6.98,148.52,41.64,378.95,136.19,19.31,20.0,0.0
1779201513.6775477,44.71,12.33,-0.532,48.55127384587343,9.900581659252245,-0.6535219054466409,VISION,3.07,423.66,-6.98,148.52,41.64,378.95,136.19,19.31,20.0,0.0
1779201513.727937,44.71,12.33,-0.532,49.71344333713936,9.010619465305059,-0.6697442381306307,VISION,3.07,423.66,-6.98,148.52,41.64,378.95,136.19,19.31,20.0,0.0
1779201513.7782116,50.78770644705961,8.159977151563561,-0.6748028655451582,50.78770644705961,8.159977151563561,-0.6748028655451582,ESTIMA,3.07,423.66,-6.98,148.52,47.718,372.872,140.36,15.14,20.0,0.0
1779201513.828694,50.78770644705961,8.159977151563561,-0.6748028655451582,50.78770644705961,8.159977151563561,-0.6748028655451582,ESTIMA,3.07,423.66,-6.98,148.52,47.718,372.872,140.36,15.14,20.0,0.0
1779201513.879054,44.71,12.33,-0.532,44.71,12.33,-0.532,VISION,3.07,423.66,-6.98,148.52,41.64,378.95,136.19,19.31,20.0,0.0
1779201513.9294598,44.71,12.33,-0.532,46.5492852829878,11.24738423852767,-0.5524693620030674,VISION,3.07,423.66,-6.98,148.52,41.64,378.95,136.19,19.31,20.0,0.0
1779201513.9798894,44.71,12.33,-0.532,46.5492852829878,11.24738423852767,-0.5524693620030674,VISION,3.07,423.66,-6.98,148.52,41.64,378.95,136.19,19.31,20.0,0.0
1779201514.0303032,44.71,12.33,-0.532,48.3147260655483,10.158975939389851,-0.5717438246257839,VISION,3.07,423.66,-6.98,148.52,41.64,378.95,136.19,19.31,20.0,0.0
1779201514.08071,44.71,12.33,-0.532,48.3147260655483,10.158975939389851,-0.5717438246257839,VISION,3.07,423.66,-6.98,148.52,41.64,378.95,136.19,19.31,20.0,0.0
1779201514.131104,44.71,12.33,-0.532,50.096527644326564,9.012508559366495,-0.5881613670633207,VISION,3.07,423.66,-6.98,148.52,41.64,378.95,136.19,19.31,20.0,0.0
1779201514.1815033,44.71,12.33,-0.532,50.096527644326564,9.012508559366495,-0.5881613670633207,VISION,3.07,423.66,-6.98,148.52,41.64,378.95,136.19,19.31,20.0,0.0
1779201514.2318969,44.71,12.33,-0.532,51.94107746406323,7.782385633230425,-0.6005498097509713,VISION,3.07,423.66,-6.98,148.52,41.64,378.95,136.19,19.31,20.0,0.0
1779201514.2823226,44.71,12.33,-0.532,51.94107746406323,7.782385633230425,-0.6005498097509713,VISION,3.07,423.66,-6.98,148.52,41.64,378.95,136.19,19.31,20.0,0.0
1779201514.3327963,44.71,12.33,-0.532,53.72262441643884,6.562125280352035,-0.6103168729497699,VISION,3.07,423.66,-6.98,148.52,41.64,378.95,136.19,19.31,20.0,0.0
1779201514.3832912,53.72262441643884,6.562125280352035,-0.6103168729497699,53.72262441643884,6.562125280352035,-0.6103168729497699,ESTIMA,3.07,423.66,-6.98,148.52,50.653,369.937,141.958,13.542,20.0,0.0
1779201514.4337578,55.56790391928856,5.271554089606232,-0.6168608029199069,55.56790391928856,5.271554089606232,-0.6168608029199069,ESTIMA,3.07,423.66,-6.98,148.52,52.498,368.092,143.248,12.252,20.0,0.0
1779201514.4841583,55.56790391928856,5.271554089606232,-0.6168608029199069,55.56790391928856,5.271554089606232,-0.6168608029199069,ESTIMA,3.07,423.66,-6.98,148.52,52.498,368.092,143.248,12.252,20.0,0.0
1779201514.5346425,57.47478970266896,3.919227973587169,-0.6281754690667141,57.47478970266896,3.919227973587169,-0.6281754690667141,ESTIMA,3.07,423.66,-6.98,148.52,54.405,366.185,144.601,10.899,20.0,0.0
1779201514.5851576,57.47478970266896,3.919227973587169,-0.6281754690667141,57.47478970266896,3.919227973587169,-0.6281754690667141,ESTIMA,3.07,423.66,-6.98,148.52,54.405,366.185,144.601,10.899,20.0,0.0
1779201514.635591,59.3766617829165,2.537852690087659,-0.6345172103780573,59.3766617829165,2.537852690087659,-0.6345172103780573,ESTIMA,3.07,423.66,-6.98,148.52,56.307,364.283,145.982,9.518,20.0,0.0
1779201514.685976,59.3766617829165,2.537852690087659,-0.6345172103780573,59.3766617829165,2.537852690087659,-0.6345172103780573,ESTIMA,3.07,423.66,-6.98,148.52,56.307,364.283,145.982,9.518,20.0,0.0
1779201514.7363894,61.278426659371675,1.138046794107708,-0.6355049053826486,61.278426659371675,1.138046794107708,-0.6355049053826486,ESTIMA,3.07,423.66,-6.98,148.52,58.208,362.382,147.382,8.118,20.0,0.0
1779201514.7867417,61.278426659371675,1.138046794107708,-0.6355049053826486,61.278426659371675,1.138046794107708,-0.6355049053826486,ESTIMA,3.07,423.66,-6.98,148.52,58.208,362.382,147.382,8.118,20.0,0.0
1779201514.837174,63.264202916434975,-0.32662235781141513,-0.6380414268443039,63.264202916434975,-0.32662235781141513,-0.6380414268443039,ESTIMA,3.07,423.66,-6.98,148.52,60.194,360.396,148.847,6.653,20.0,0.0
1779201514.8875256,63.264202916434975,-0.32662235781141513,-0.6380414268443039,63.264202916434975,-0.32662235781141513,-0.6380414268443039,ESTIMA,3.07,423.66,-6.98,148.52,60.194,360.396,148.847,6.653,20.0,0.0
1779201514.9379466,65.33392211883654,-1.8613273255666574,-0.6377555644609979,65.33392211883654,-1.8613273255666574,-0.6377555644609979,ESTIMA,3.07,423.66,-6.98,148.52,62.264,358.326,150.381,5.119,20.0,0.0
1779201514.98834,65.33392211883654,-1.8613273255666574,-0.6377555644609979,65.33392211883654,-1.8613273255666574,-0.6377555644609979,ESTIMA,3.07,423.66,-6.98,148.52,62.264,358.326,150.381,5.119,20.0,0.0
1779201515.0386446,73.63,29.9,-0.41,73.63,29.9,-0.41,VISION,3.07,423.66,-6.98,148.52,70.56,350.03,118.62,36.88,20.0,0.0
1779201515.0890894,73.63,29.9,-0.41,73.63,29.9,-0.41,VISION,3.07,423.66,-6.98,148.52,70.56,350.03,118.62,36.88,20.0,0.0
1779201515.1394956,73.63,29.9,-0.41,76.04467652968832,28.850506231182482,-0.40347964976180944,VISION,3.07,423.66,-6.98,148.52,70.56,350.03,118.62,36.88,20.0,0.0
1779201515.1899207,73.63,29.9,-0.41,76.04467652968832,28.850506231182482,-0.40347964976180944,VISION,3.07,423.66,-6.98,148.52,70.56,350.03,118.62,36.88,20.0,0.0
1779201515.2403314,73.63,29.9,-0.41,78.33367216979389,27.873331863858382,-0.39764972458593595,VISION,3.07,423.66,-6.98,148.52,70.56,350.03,118.62,36.88,20.0,0.0
1779201515.290735,73.63,29.9,-0.41,78.33367216979389,27.873331863858382,-0.39764972458593595,VISION,3.07,423.66,-6.98,148.52,70.56,350.03,118.62,36.88,20.0,0.0
1779201515.3410785,73.63,29.9,-0.41,81.22100529774785,26.660578129643806,-0.39247561175484896,VISION,3.07,423.66,-6.98,148.52,70.56,350.03,118.62,36.88,20.0,0.0
1779201515.3915443,73.63,29.9,-0.41,81.22100529774785,26.660578129643806,-0.39247561175484896,VISION,3.07,423.66,-6.98,148.52,70.56,350.03,118.62,36.88,20.0,0.0
1779201515.4420488,73.63,29.9,-0.41,81.22100529774785,26.660578129643806,-0.39247561175484896,VISION,3.07,423.66,-6.98,148.52,70.56,350.03,118.62,36.88,20.0,0.0
1779201515.4925263,73.63,29.9,-0.41,83.81590685885445,25.586414021756767,-0.3901073480852857,VISION,3.07,423.66,-6.98,148.52,70.56,350.03,118.62,36.88,20.0,0.0
1779201515.542935,85.51652074341857,24.887154912607308,-0.3924645991319709,85.51652074341857,24.887154912607308,-0.3924645991319709,ESTIMA,3.07,423.66,-6.98,148.52,82.447,338.143,123.633,31.867,20.0,0.0
1779201515.593341,85.51652074341857,24.887154912607308,-0.3924645991319709,85.51652074341857,24.887154912607308,-0.3924645991319709,ESTIMA,3.07,423.66,-6.98,148.52,82.447,338.143,123.633,31.867,20.0,0.0
1779201515.6437306,78.99,39.29,-0.496,78.99,39.29,-0.496,VISION,3.07,423.66,-6.98,148.52,75.92,344.67,109.23,46.27,20.0,0.0
1779201515.6941373,78.99,39.29,-0.496,78.99,39.29,-0.496,VISION,3.07,423.66,-6.98,148.52,75.92,344.67,109.23,46.27,20.0,0.0
1779201515.7445364,78.99,39.29,-0.496,81.61388594068582,37.87016283613525,-0.4923282311060091,VISION,3.07,423.66,-6.98,148.52,75.92,344.67,109.23,46.27,20.0,0.0
1779201515.7948897,78.99,39.29,-0.496,81.61388594068582,37.87016283613525,-0.4923282311060091,VISION,3.07,423.66,-6.98,148.52,75.92,344.67,109.23,46.27,20.0,0.0
1779201515.8451703,78.99,39.29,-0.496,83.55749476796416,36.82764509334954,-0.49032029378985753,VISION,3.07,423.66,-6.98,148.52,75.92,344.67,109.23,46.27,20.0,0.0
1779201515.8955183,78.99,39.29,-0.496,83.55749476796416,36.82764509334954,-0.49032029378985753,VISION,3.07,423.66,-6.98,148.52,75.92,344.67,109.23,46.27,20.0,0.0
1779201515.9459589,78.99,39.29,-0.496,83.55749476796416,36.82764509334954,-0.49032029378985753,VISION,3.07,423.66,-6.98,148.52,75.92,344.67,109.23,46.27,20.0,0.0
1779201515.9962645,78.99,39.29,-0.496,87.34342333904456,34.80671780299744,-0.48784855142426736,VISION,3.07,423.66,-6.98,148.52,75.92,344.67,109.23,46.27,20.0,0.0
1779201516.0465672,78.99,39.29,-0.496,88.47835576860815,34.20449114094992,-0.48626193219032926,VISION,3.07,423.66,-6.98,148.52,75.92,344.67,109.23,46.27,20.0,0.0
1779201516.096882,78.99,39.29,-0.496,88.47835576860815,34.20449114094992,-0.48626193219032926,VISION,3.07,423.66,-6.98,148.52,75.92,344.67,109.23,46.27,20.0,0.0
1779201516.1472752,78.99,39.29,-0.496,90.39122739125627,33.193354623429464,-0.4858110469598646,VISION,3.07,423.66,-6.98,148.52,75.92,344.67,109.23,46.27,20.0,0.0
1779201516.1976798,90.39122739125627,33.193354623429464,-0.4858110469598646,90.39122739125627,33.193354623429464,-0.4858110469598646,ESTIMA,3.07,423.66,-6.98,148.52,87.321,333.269,115.327,40.173,20.0,0.0
1779201516.2481656,90.39122739125627,33.193354623429464,-0.4858110469598646,90.39122739125627,33.193354623429464,-0.4858110469598646,ESTIMA,3.07,423.66,-6.98,148.52,87.321,333.269,115.327,40.173,20.0,0.0
1779201516.2985096,92.99827616713955,31.816782323092195,-0.490671743652015,92.99827616713955,31.816782323092195,-0.490671743652015,ESTIMA,3.07,423.66,-6.98,148.52,89.928,330.662,116.703,38.797,20.0,0.0
1779201516.3489466,94.9757447637201,30.76031712950912,-0.49252802465764856,94.9757447637201,30.76031712950912,-0.49252802465764856,ESTIMA,3.07,423.66,-6.98,148.52,91.906,328.684,117.76,37.74,20.0,0.0
1779201516.3994503,94.9757447637201,30.76031712950912,-0.49252802465764856,94.9757447637201,30.76031712950912,-0.49252802465764856,ESTIMA,3.07,423.66,-6.98,148.52,91.906,328.684,117.76,37.74,20.0,0.0
1779201516.4499295,97.35791602367978,29.48194923723057,-0.4985362319637116,97.35791602367978,29.48194923723057,-0.4985362319637116,ESTIMA,3.07,423.66,-6.98,148.52,94.288,326.302,119.038,36.462,20.0,0.0
1779201516.5003622,97.35791602367978,29.48194923723057,-0.4985362319637116,97.35791602367978,29.48194923723057,-0.4985362319637116,ESTIMA,3.07,423.66,-6.98,148.52,94.288,326.302,119.038,36.462,20.0,0.0
1779201516.5508735,99.49737426456767,28.317220933584842,-0.49720893157348456,99.49737426456767,28.317220933584842,-0.49720893157348456,ESTIMA,3.07,423.66,-6.98,148.52,96.427,324.163,120.203,35.297,20.0,0.0
1779201516.6011658,99.49737426456767,28.317220933584842,-0.49720893157348456,99.49737426456767,28.317220933584842,-0.49720893157348456,ESTIMA,3.07,423.66,-6.98,148.52,96.427,324.163,120.203,35.297,20.0,0.0
1779201516.651421,99.49737426456767,28.317220933584842,-0.49720893157348456,99.49737426456767,28.317220933584842,-0.49720893157348456,ESTIMA,3.07,423.66,-6.98,148.52,96.427,324.163,120.203,35.297,20.0,0.0
1779201516.701681,102.1043856807141,26.902437693329365,-0.4942478657869424,102.1043856807141,26.902437693329365,-0.4942478657869424,ESTIMA,3.07,423.66,-6.98,148.52,99.034,321.556,121.618,33.882,20.0,0.0
1779201516.7518878,104.07186284423491,25.8422489172242,-0.4956302385136599,104.07186284423491,25.8422489172242,-0.4956302385136599,ESTIMA,3.07,423.66,-6.98,148.52,101.002,319.588,122.678,32.822,20.0,0.0
1779201516.8021324,104.07186284423491,25.8422489172242,-0.4956302385136599,104.07186284423491,25.8422489172242,-0.4956302385136599,ESTIMA,3.07,423.66,-6.98,148.52,101.002,319.588,122.678,32.822,20.0,0.0
1779201516.8524764,104.07186284423491,25.8422489172242,-0.4956302385136599,104.07186284423491,25.8422489172242,-0.4956302385136599,ESTIMA,3.07,423.66,-6.98,148.52,101.002,319.588,122.678,32.822,20.0,0.0
1779201516.9027617,106.65241422589528,24.44709428855276,-0.49373133880418885,106.65241422589528,24.44709428855276,-0.49373133880418885,ESTIMA,3.07,423.66,-6.98,148.52,103.582,317.008,124.073,31.427,20.0,0.0
1779201516.9529977,106.65241422589528,24.44709428855276,-0.49373133880418885,106.65241422589528,24.44709428855276,-0.49373133880418885,ESTIMA,3.07,423.66,-6.98,148.52,103.582,317.008,124.073,31.427,20.0,0.0
1779201517.0032706,108.72137145835751,23.33360086595102,-0.49668522183212427,108.72137145835751,23.33360086595102,-0.49668522183212427,ESTIMA,3.07,423.66,-6.98,148.52,105.651,314.939,125.186,30.314,20.0,0.0
1779201517.053536,110.86725068913127,22.170521034862485,-0.5020887268943857,110.86725068913127,22.170521034862485,-0.5020887268943857,ESTIMA,3.07,423.66,-6.98,148.52,107.797,312.793,126.349,29.151,20.0,0.0
1779201517.103821,110.86725068913127,22.170521034862485,-0.5020887268943857,110.86725068913127,22.170521034862485,-0.5020887268943857,ESTIMA,3.07,423.66,-6.98,148.52,107.797,312.793,126.349,29.151,20.0,0.0
1779201517.154007,110.86725068913127,22.170521034862485,-0.5020887268943857,110.86725068913127,22.170521034862485,-0.5020887268943857,ESTIMA,3.07,423.66,-6.98,148.52,107.797,312.793,126.349,29.151,20.0,0.0
1779201517.2042484,113.9517615086727,20.477070023816168,-0.5064429403108547,113.9517615086727,20.477070023816168,-0.5064429403108547,ESTIMA,3.07,423.66,-6.98,148.52,110.882,309.708,128.043,27.457,20.0,0.0
1779201517.2545264,113.9517615086727,20.477070023816168,-0.5064429403108547,113.9517615086727,20.477070023816168,-0.5064429403108547,ESTIMA,3.07,423.66,-6.98,148.52,110.882,309.708,128.043,27.457,20.0,0.0
1779201517.3048286,115.49746194064556,19.61967313337449,-0.511587807149634,115.49746194064556,19.61967313337449,-0.511587807149634,ESTIMA,3.07,423.66,-6.98,148.52,112.427,308.163,128.9,26.6,20.0,0.0
1779201517.3551037,115.49746194064556,19.61967313337449,-0.511587807149634,115.49746194064556,19.61967313337449,-0.511587807149634,ESTIMA,3.07,423.66,-6.98,148.52,112.427,308.163,128.9,26.6,20.0,0.0
1779201517.4053674,113.71,86.07,-0.694,115.94561539830623,84.20978213236312,-0.6926212154093371,VISION,3.07,423.66,-6.98,148.52,110.64,309.95,62.45,93.05,20.0,0.0
1779201517.4556987,113.71,86.07,-0.694,113.71,86.07,-0.694,VISION,3.07,423.66,-6.98,148.52,110.64,309.95,62.45,93.05,20.0,0.0
1779201517.5060325,113.71,86.07,-0.694,116.09744393686053,84.08344816613177,-0.6929613293849722,VISION,3.07,423.66,-6.98,148.52,110.64,309.95,62.45,93.05,20.0,0.0
1779201517.5563562,113.71,86.07,-0.694,116.09744393686053,84.08344816613177,-0.6929613293849722,VISION,3.07,423.66,-6.98,148.52,110.64,309.95,62.45,93.05,20.0,0.0
1779201517.606674,113.71,86.07,-0.694,117.64776447794016,82.79617540330695,-0.6925425645772618,VISION,3.07,423.66,-6.98,148.52,110.64,309.95,62.45,93.05,20.0,0.0
1779201517.6569815,113.71,86.07,-0.694,117.64776447794016,82.79617540330695,-0.6925425645772618,VISION,3.07,423.66,-6.98,148.52,110.64,309.95,62.45,93.05,20.0,0.0
1779201517.7073033,113.71,86.07,-0.694,117.64776447794016,82.79617540330695,-0.6925425645772618,VISION,3.07,423.66,-6.98,148.52,110.64,309.95,62.45,93.05,20.0,0.0
1779201517.7575603,113.71,86.07,-0.694,120.35956662974324,80.54641115639808,-0.697480799637186,VISION,3.07,423.66,-6.98,148.52,110.64,309.95,62.45,93.05,20.0,0.0
1779201517.8078692,113.71,86.07,-0.694,121.6088202814205,79.49954778521057,-0.6999106027506001,VISION,3.07,423.66,-6.98,148.52,110.64,309.95,62.45,93.05,20.0,0.0
1779201517.8581786,113.71,86.07,-0.694,121.6088202814205,79.49954778521057,-0.6999106027506001,VISION,3.07,423.66,-6.98,148.52,110.64,309.95,62.45,93.05,20.0,0.0
1779201517.9084752,123.59856570177662,77.8239123877706,-0.7062682277911054,123.59856570177662,77.8239123877706,-0.7062682277911054,ESTIMA,3.07,423.66,-6.98,148.52,120.529,300.061,70.696,84.804,20.0,0.0
1779201517.9587846,123.59856570177662,77.8239123877706,-0.7062682277911054,123.59856570177662,77.8239123877706,-0.7062682277911054,ESTIMA,3.07,423.66,-6.98,148.52,120.529,300.061,70.696,84.804,20.0,0.0
1779201518.0090454,125.870803464462,75.88555584348155,-0.7106383536836274,125.870803464462,75.88555584348155,-0.7106383536836274,ESTIMA,3.07,423.66,-6.98,148.52,122.801,297.789,72.634,82.866,20.0,0.0
1779201518.0592582,125.870803464462,75.88555584348155,-0.7106383536836274,125.870803464462,75.88555584348155,-0.7106383536836274,ESTIMA,3.07,423.66,-6.98,148.52,122.801,297.789,72.634,82.866,20.0,0.0
1779201518.109526,127.50610872478765,74.47814797128697,-0.7101816638545174,127.50610872478765,74.47814797128697,-0.7101816638545174,ESTIMA,3.07,423.66,-6.98,148.52,124.436,296.154,74.042,81.458,20.0,0.0
1779201518.1598215,127.50610872478765,74.47814797128697,-0.7101816638545174,127.50610872478765,74.47814797128697,-0.7101816638545174,ESTIMA,3.07,423.66,-6.98,148.52,124.436,296.154,74.042,81.458,20.0,0.0
1779201518.2101095,127.50610872478765,74.47814797128697,-0.7101816638545174,127.50610872478765,74.47814797128697,-0.7101816638545174,ESTIMA,3.07,423.66,-6.98,148.52,124.436,296.154,74.042,81.458,20.0,0.0
1779201518.260377,129.94712613842557,72.3792523546651,-0.7144022189974025,129.94712613842557,72.3792523546651,-0.7144022189974025,ESTIMA,3.07,423.66,-6.98,148.52,126.877,293.713,76.141,79.359,20.0,0.0
1779201518.3106427,131.41175221083122,71.10911057929488,-0.7183567553355081,131.41175221083122,71.10911057929488,-0.7183567553355081,ESTIMA,3.07,423.66,-6.98,148.52,128.342,292.248,77.411,78.089,20.0,0.0
1779201518.3610237,131.41175221083122,71.10911057929488,-0.7183567553355081,131.41175221083122,71.10911057929488,-0.7183567553355081,ESTIMA,3.07,423.66,-6.98,148.52,128.342,292.248,77.411,78.089,20.0,0.0
1779201518.4114017,133.3539402919002,69.41131817462777,-0.7164943804768491,133.3539402919002,69.41131817462777,-0.7164943804768491,ESTIMA,3.07,423.66,-6.98,148.52,130.284,290.306,79.109,76.391,20.0,0.0
1779201518.4617813,133.3539402919002,69.41131817462777,-0.7164943804768491,133.3539402919002,69.41131817462777,-0.7164943804768491,ESTIMA,3.07,423.66,-6.98,148.52,130.284,290.306,79.109,76.391,20.0,0.0
1779201518.512494,135.22430350277236,67.78244770365856,-0.7207151936965533,135.22430350277236,67.78244770365856,-0.7207151936965533,ESTIMA,3.07,423.66,-6.98,148.52,132.154,288.436,80.738,74.762,20.0,0.0
1779201518.562788,132.4,104.45,-0.814,132.4,104.45,-0.814,VISION,3.07,423.66,-6.98,148.52,129.33,291.26,44.07,111.43,20.0,0.0
1779201518.613061,132.4,104.45,-0.814,134.21450544373266,102.52861199506484,-0.8179014610840569,VISION,3.07,423.66,-6.98,148.52,129.33,291.26,44.07,111.43,20.0,0.0
1779201518.66337,132.4,104.45,-0.814,134.21450544373266,102.52861199506484,-0.8179014610840569,VISION,3.07,423.66,-6.98,148.52,129.33,291.26,44.07,111.43,20.0,0.0
1779201518.7136443,132.4,104.45,-0.814,134.21450544373266,102.52861199506484,-0.8179014610840569,VISION,3.07,423.66,-6.98,148.52,129.33,291.26,44.07,111.43,20.0,0.0
1779201518.7639282,132.4,104.45,-0.814,136.3355436635068,100.26500824337205,-0.8293313570331393,VISION,3.07,423.66,-6.98,148.52,129.33,291.26,44.07,111.43,20.0,0.0
1779201518.8141038,132.4,104.45,-0.814,137.61380768370137,98.86918749649485,-0.8363145660443878,VISION,3.07,423.66,-6.98,148.52,129.33,291.26,44.07,111.43,20.0,0.0
1779201518.8643737,132.4,104.45,-0.814,137.61380768370137,98.86918749649485,-0.8363145660443878,VISION,3.07,423.66,-6.98,148.52,129.33,291.26,44.07,111.43,20.0,0.0
1779201518.9146633,132.4,104.45,-0.814,137.61380768370137,98.86918749649485,-0.8363145660443878,VISION,3.07,423.66,-6.98,148.52,129.33,291.26,44.07,111.43,20.0,0.0
1779201518.964978,132.4,104.45,-0.814,139.86802815226721,96.37287788569785,-0.8514783685414035,VISION,3.07,423.66,-6.98,148.52,129.33,291.26,44.07,111.43,20.0,0.0
1779201519.0152192,132.4,104.45,-0.814,140.95921069610156,95.1270393364104,-0.8535342072809654,VISION,3.07,423.66,-6.98,148.52,129.33,291.26,44.07,111.43,20.0,0.0
1779201519.0655146,140.95921069610156,95.1270393364104,-0.8535342072809654,140.95921069610156,95.1270393364104,-0.8535342072809654,ESTIMA,3.07,423.66,-6.98,148.52,137.889,282.701,53.393,102.107,20.0,0.0
1779201519.1158912,142.6579166253679,93.17950805004246,-0.8569085776449814,142.6579166253679,93.17950805004246,-0.8569085776449814,ESTIMA,3.07,423.66,-6.98,148.52,139.588,281.002,55.34,100.16,20.0,0.0
1779201519.1662538,142.22,112.26,-0.857,142.22,112.26,-0.857,VISION,3.07,423.66,-6.98,148.52,139.15,281.44,36.26,119.24,20.0,0.0
1779201519.2165544,142.22,112.26,-0.857,142.22,112.26,-0.857,VISION,3.07,423.66,-6.98,148.52,139.15,281.44,36.26,119.24,20.0,0.0
1779201519.266845,142.22,112.26,-0.857,144.05109959775655,110.14593568502742,-0.8612455686845698,VISION,3.07,423.66,-6.98,148.52,139.15,281.44,36.26,119.24,20.0,0.0
1779201519.3171463,142.22,112.26,-0.857,144.05109959775655,110.14593568502742,-0.8612455686845698,VISION,3.07,423.66,-6.98,148.52,139.15,281.44,36.26,119.24,20.0,0.0
1779201519.3674426,142.22,112.26,-0.857,145.5664293142815,108.3813551360849,-0.8647645302160278,VISION,3.07,423.66,-6.98,148.52,139.15,281.44,36.26,119.24,20.0,0.0
1779201519.417814,142.22,112.26,-0.857,145.5664293142815,108.3813551360849,-0.8647645302160278,VISION,3.07,423.66,-6.98,148.52,139.15,281.44,36.26,119.24,20.0,0.0
1779201519.4682353,142.22,112.26,-0.857,147.28265209489888,106.36854996756965,-0.870935809388003,VISION,3.07,423.66,-6.98,148.52,139.15,281.44,36.26,119.24,20.0,0.0
1779201519.5185819,142.22,112.26,-0.857,147.28265209489888,106.36854996756965,-0.870935809388003,VISION,3.07,423.66,-6.98,148.52,139.15,281.44,36.26,119.24,20.0,0.0
1779201519.5688715,142.22,112.26,-0.857,148.8851263563935,104.46548682571124,-0.8800288047397752,VISION,3.07,423.66,-6.98,148.52,139.15,281.44,36.26,119.24,20.0,0.0
1779201519.6191535,142.22,112.26,-0.857,148.8851263563935,104.46548682571124,-0.8800288047397752,VISION,3.07,423.66,-6.98,148.52,139.15,281.44,36.26,119.24,20.0,0.0
1779201519.6694262,150.55367619412618,102.44698355762985,-0.8865483374892372,150.55367619412618,102.44698355762985,-0.8865483374892372,ESTIMA,3.07,423.66,-6.98,148.52,147.484,273.106,46.073,109.427,20.0,0.0
1779201519.719636,152.2,119.62,-0.919,152.2,119.62,-0.919,VISION,3.07,423.66,-6.98,148.52,149.13,271.46,28.9,126.6,20.0,0.0
1779201519.7698479,152.2,119.62,-0.919,154.29744773169196,116.87120537457993,-0.9289700082870028,VISION,3.07,423.66,-6.98,148.52,149.13,271.46,28.9,126.6,20.0,0.0
1779201519.8201346,152.2,119.62,-0.919,154.29744773169196,116.87120537457993,-0.9289700082870028,VISION,3.07,423.66,-6.98,148.52,149.13,271.46,28.9,126.6,20.0,0.0
1779201519.8704154,152.2,119.62,-0.919,155.23529958283925,115.61636340092939,-0.9316242377385581,VISION,3.07,423.66,-6.98,148.52,149.13,271.46,28.9,126.6,20.0,0.0
1779201519.9206412,152.2,119.62,-0.919,155.23529958283925,115.61636340092939,-0.9316242377385581,VISION,3.07,423.66,-6.98,148.52,149.13,271.46,28.9,126.6,20.0,0.0
1779201519.9708931,152.2,119.62,-0.919,156.73475545969185,113.59895306553665,-0.9394926387881906,VISION,3.07,423.66,-6.98,148.52,149.13,271.46,28.9,126.6,20.0,0.0
1779201520.0211747,152.2,119.62,-0.919,156.73475545969185,113.59895306553665,-0.9394926387881906,VISION,3.07,423.66,-6.98,148.52,149.13,271.46,28.9,126.6,20.0,0.0
1779201520.071457,152.2,119.62,-0.919,158.22925258792256,111.55481437166354,-0.9484648882306533,VISION,3.07,423.66,-6.98,148.52,149.13,271.46,28.9,126.6,20.0,0.0
1779201520.1217508,152.2,119.62,-0.919,158.22925258792256,111.55481437166354,-0.9484648882306533,VISION,3.07,423.66,-6.98,148.52,149.13,271.46,28.9,126.6,20.0,0.0
1779201520.171931,152.2,119.62,-0.919,159.7104143358586,109.49028918717974,-0.9549993655482877,VISION,3.07,423.66,-6.98,148.52,149.13,271.46,28.9,126.6,20.0,0.0
1779201520.2221112,159.7104143358586,109.49028918717974,-0.9549993655482877,159.7104143358586,109.49028918717974,-0.9549993655482877,ESTIMA,3.07,423.66,-6.98,148.52,156.64,263.95,39.03,116.47,20.0,0.0
1779201520.2723815,161.22470365330088,107.35020128736639,-0.9690761106360097,161.22470365330088,107.35020128736639,-0.9690761106360097,ESTIMA,3.07,423.66,-6.98,148.52,158.155,262.435,41.17,114.33,20.0,0.0
1779201520.3227625,162.92,126.07,-1.012,162.92,126.07,-1.012,VISION,3.07,423.66,-6.98,148.52,159.85,260.74,22.45,133.05,20.0,0.0
1779201520.3731792,162.92,126.07,-1.012,164.52836828686213,123.49773843198118,-1.0213594738036857,VISION,3.07,423.66,-6.98,148.52,159.85,260.74,22.45,133.05,20.0,0.0
1779201520.4235144,162.92,126.07,-1.012,164.52836828686213,123.49773843198118,-1.0213594738036857,VISION,3.07,423.66,-6.98,148.52,159.85,260.74,22.45,133.05,20.0,0.0
1779201520.473817,162.92,126.07,-1.012,164.52836828686213,123.49773843198118,-1.0213594738036857,VISION,3.07,423.66,-6.98,148.52,159.85,260.74,22.45,133.05,20.0,0.0
1779201520.524053,162.92,126.07,-1.012,166.47148009258146,120.3244335962401,-1.0468337143329016,VISION,3.07,423.66,-6.98,148.52,159.85,260.74,22.45,133.05,20.0,0.0
1779201520.5743544,162.92,126.07,-1.012,167.0851805016756,119.26236589193834,-1.0527420529538205,VISION,3.07,423.66,-6.98,148.52,159.85,260.74,22.45,133.05,20.0,0.0
1779201520.6247072,162.92,126.07,-1.012,167.0851805016756,119.26236589193834,-1.0527420529538205,VISION,3.07,423.66,-6.98,148.52,159.85,260.74,22.45,133.05,20.0,0.0
1779201520.6750374,162.92,126.07,-1.012,167.0851805016756,119.26236589193834,-1.0527420529538205,VISION,3.07,423.66,-6.98,148.52,159.85,260.74,22.45,133.05,20.0,0.0
1779201520.7253528,162.92,126.07,-1.012,168.5657158497526,116.66484939330707,-1.0730954993249158,VISION,3.07,423.66,-6.98,148.52,159.85,260.74,22.45,133.05,20.0,0.0
1779201520.7755811,162.92,126.07,-1.012,169.27985156060825,115.35045905661464,-1.0788404696916538,VISION,3.07,423.66,-6.98,148.52,159.85,260.74,22.45,133.05,20.0,0.0
1779201520.8258736,169.27985156060825,115.35045905661464,-1.0788404696916538,169.27985156060825,115.35045905661464,-1.0788404696916538,ESTIMA,3.07,423.66,-6.98,148.52,166.21,254.38,33.17,122.33,20.0,0.0
1779201520.876264,170.41905880264383,113.22468801787664,-1.1029233113199666,170.41905880264383,113.22468801787664,-1.1029233113199666,ESTIMA,3.07,423.66,-6.98,148.52,167.349,253.241,35.295,120.205,20.0,0.0
1779201520.9265652,174.11,131.03,-1.086,174.11,131.03,-1.086,VISION,3.07,423.66,-6.98,148.52,171.04,249.55,17.49,138.01,20.0,0.0
1779201520.9768882,174.11,131.03,-1.086,174.11,131.03,-1.086,VISION,3.07,423.66,-6.98,148.52,171.04,249.55,17.49,138.01,20.0,0.0
1779201521.0271723,174.11,131.03,-1.086,175.32353310627462,128.72606726169306,-1.1462639794024652,VISION,3.07,423.66,-6.98,148.52,171.04,249.55,17.49,138.01,20.0,0.0
1779201521.0773952,174.11,131.03,-1.086,176.10827438301985,126.98999015540377,-1.1801433284935885,VISION,3.07,423.66,-6.98,148.52,171.04,249.55,17.49,138.01,20.0,0.0
1779201521.1276128,174.11,131.03,-1.086,176.10827438301985,126.98999015540377,-1.1801433284935885,VISION,3.07,423.66,-6.98,148.52,171.04,249.55,17.49,138.01,20.0,0.0
1779201521.1778445,174.11,131.03,-1.086,176.10827438301985,126.98999015540377,-1.1801433284935885,VISION,3.07,423.66,-6.98,148.52,171.04,249.55,17.49,138.01,20.0,0.0
1779201521.2281158,174.11,131.03,-1.086,177.24147415269758,124.23829274818746,-1.2185064094646616,VISION,3.07,423.66,-6.98,148.52,171.04,249.55,17.49,138.01,20.0,0.0
1779201521.2784014,174.11,131.03,-1.086,177.24147415269758,124.23829274818746,-1.2185064094646616,VISION,3.07,423.66,-6.98,148.52,171.04,249.55,17.49,138.01,20.0,0.0
1779201521.328632,174.11,131.03,-1.086,177.97128756175084,122.2530849944717,-1.2463251917766707,VISION,3.07,423.66,-6.98,148.52,171.04,249.55,17.49,138.01,20.0,0.0
1779201521.3788574,174.11,131.03,-1.086,177.97128756175084,122.2530849944717,-1.2463251917766707,VISION,3.07,423.66,-6.98,148.52,171.04,249.55,17.49,138.01,20.0,0.0
1779201521.4291804,178.77318542773676,119.86903111009379,-1.2868240558638582,178.77318542773676,119.86903111009379,-1.2868240558638582,ESTIMA,3.07,423.66,-6.98,148.52,175.703,244.887,28.651,126.849,20.0,0.0
1779201521.4794211,185.38,135.3,-1.18,185.38,135.3,-1.18,VISION,3.07,423.66,-6.98,148.52,182.31,238.28,13.22,142.28,20.0,0.0
1779201521.5298133,185.38,135.3,-1.18,186.2891477887645,133.09325615479057,-1.2004380204912417,VISION,3.07,423.66,-6.98,148.52,182.31,238.28,13.22,142.28,20.0,0.0
1779201521.580029,185.38,135.3,-1.18,186.2891477887645,133.09325615479057,-1.2004380204912417,VISION,3.07,423.66,-6.98,148.52,182.31,238.28,13.22,142.28,20.0,0.0
1779201521.6302216,185.38,135.3,-1.18,187.17291710452898,130.8171159413843,-1.216312445376406,VISION,3.07,423.66,-6.98,148.52,182.31,238.28,13.22,142.28,20.0,0.0
1779201521.6804523,185.38,135.3,-1.18,187.17291710452898,130.8171159413843,-1.216312445376406,VISION,3.07,423.66,-6.98,148.52,182.31,238.28,13.22,142.28,20.0,0.0
1779201521.7306309,185.38,135.3,-1.18,187.17291710452898,130.8171159413843,-1.216312445376406,VISION,3.07,423.66,-6.98,148.52,182.31,238.28,13.22,142.28,20.0,0.0
1779201521.7808115,185.38,135.3,-1.18,188.74128090683897,126.57964854486185,-1.2251393677430562,VISION,3.07,423.66,-6.98,148.52,182.31,238.28,13.22,142.28,20.0,0.0
1779201521.830996,185.38,135.3,-1.18,189.16779718324756,125.39525788249962,-1.2258862516803841,VISION,3.07,423.66,-6.98,148.52,182.31,238.28,13.22,142.28,20.0,0.0
1779201521.88123,185.38,135.3,-1.18,189.16779718324756,125.39525788249962,-1.2258862516803841,VISION,3.07,423.66,-6.98,148.52,182.31,238.28,13.22,142.28,20.0,0.0
1779201521.9314125,185.38,135.3,-1.18,189.16779718324756,125.39525788249962,-1.2258862516803841,VISION,3.07,423.66,-6.98,148.52,182.31,238.28,13.22,142.28,20.0,0.0
1779201521.9816391,190.29158671371817,122.26728621020524,-1.222388087678088,190.29158671371817,122.26728621020524,-1.222388087678088,ESTIMA,3.07,423.66,-6.98,148.52,187.222,233.368,26.253,129.247,20.0,0.0
1779201522.0320237,190.94264439367024,120.4748532744644,-1.225608724547687,190.94264439367024,120.4748532744644,-1.225608724547687,ESTIMA,3.07,423.66,-6.98,148.52,187.873,232.717,28.045,127.455,20.0,0.0
1779201522.082313,196.9,136.59,-1.45,196.9,136.59,-1.45,VISION,3.07,423.66,-6.98,148.52,193.83,226.76,11.93,143.57,20.0,0.0
1779201522.1325755,196.9,136.59,-1.45,197.20185089378612,134.1033243394245,-1.4476248532074782,VISION,3.07,423.66,-6.98,148.52,193.83,226.76,11.93,143.57,20.0,0.0
1779201522.1828854,196.9,136.59,-1.45,197.20185089378612,134.1033243394245,-1.4476248532074782,VISION,3.07,423.66,-6.98,148.52,193.83,226.76,11.93,143.57,20.0,0.0
1779201522.233064,196.9,136.59,-1.45,197.51587768485,131.56672135990263,-1.4589163719257536,VISION,3.07,423.66,-6.98,148.52,193.83,226.76,11.93,143.57,20.0,0.0
1779201522.2832422,196.9,136.59,-1.45,197.51587768485,131.56672135990263,-1.4589163719257536,VISION,3.07,423.66,-6.98,148.52,193.83,226.76,11.93,143.57,20.0,0.0
1779201522.3334754,196.9,136.59,-1.45,197.80640912651722,128.98075121729448,-1.4585365098494214,VISION,3.07,423.66,-6.98,148.52,193.83,226.76,11.93,143.57,20.0,0.0
1779201522.3837,196.9,136.59,-1.45,197.80640912651722,128.98075121729448,-1.4585365098494214,VISION,3.07,423.66,-6.98,148.52,193.83,226.76,11.93,143.57,20.0,0.0
1779201522.433999,196.9,136.59,-1.45,197.80640912651722,128.98075121729448,-1.4585365098494214,VISION,3.07,423.66,-6.98,148.52,193.83,226.76,11.93,143.57,20.0,0.0
1779201522.4843857,196.9,136.59,-1.45,198.10552121581497,126.3274907387709,-1.4693904737335481,VISION,3.07,423.66,-6.98,148.52,193.83,226.76,11.93,143.57,20.0,0.0
1779201522.534689,196.9,136.59,-1.45,198.3432606210127,123.99109756461236,-1.469928001218334,VISION,3.07,423.66,-6.98,148.52,193.83,226.76,11.93,143.57,20.0,0.0
1779201522.5849214,198.3432606210127,123.99109756461236,-1.469928001218334,198.3432606210127,123.99109756461236,-1.469928001218334,ESTIMA,3.07,423.66,-6.98,148.52,195.273,225.317,24.529,130.971,20.0,0.0
1779201522.635218,198.3432606210127,123.99109756461236,-1.469928001218334,198.3432606210127,123.99109756461236,-1.469928001218334,ESTIMA,3.07,423.66,-6.98,148.52,195.273,225.317,24.529,130.971,20.0,0.0
1779201522.685516,209.78,136.42,-1.496,209.78,136.42,-1.496,VISION,3.07,423.66,-6.98,148.52,206.71,213.88,12.1,143.4,20.0,0.0
1779201522.7357652,209.78,136.42,-1.496,209.78,136.42,-1.496,VISION,3.07,423.66,-6.98,148.52,206.71,213.88,12.1,143.4,20.0,0.0
1779201522.7859955,209.78,136.42,-1.496,209.96858731212785,133.9033590678947,-1.491914329812907,VISION,3.07,423.66,-6.98,148.52,206.71,213.88,12.1,143.4,20.0,0.0
1779201522.8361773,209.78,136.42,-1.496,209.96858731212785,133.9033590678947,-1.491914329812907,VISION,3.07,423.66,-6.98,148.52,206.71,213.88,12.1,143.4,20.0,0.0
1779201522.886395,209.78,136.42,-1.496,210.18172009146144,131.20704634316692,-1.490802357722894,VISION,3.07,423.66,-6.98,148.52,206.71,213.88,12.1,143.4,20.0,0.0
1779201522.9366128,209.78,136.42,-1.496,210.18172009146144,131.20704634316692,-1.490802357722894,VISION,3.07,423.66,-6.98,148.52,206.71,213.88,12.1,143.4,20.0,0.0
1779201522.9867568,209.78,136.42,-1.496,210.405736721546,128.4126032292926,-1.4931292306868036,VISION,3.07,423.66,-6.98,148.52,206.71,213.88,12.1,143.4,20.0,0.0
1779201523.0369432,209.78,136.42,-1.496,210.405736721546,128.4126032292926,-1.4931292306868036,VISION,3.07,423.66,-6.98,148.52,206.71,213.88,12.1,143.4,20.0,0.0
1779201523.0871296,209.78,136.42,-1.496,210.602189649337,125.88826839930879,-1.491558097622651,VISION,3.07,423.66,-6.98,148.52,206.71,213.88,12.1,143.4,20.0,0.0
1779201523.1373005,209.78,136.42,-1.496,210.602189649337,125.88826839930879,-1.491558097622651,VISION,3.07,423.66,-6.98,148.52,206.71,213.88,12.1,143.4,20.0,0.0
1779201523.1874788,209.78,136.42,-1.496,210.602189649337,125.88826839930879,-1.491558097622651,VISION,3.07,423.66,-6.98,148.52,206.71,213.88,12.1,143.4,20.0,0.0
1779201523.2377589,222.71,136.27,-1.51,222.71,136.27,-1.51,VISION,3.07,423.66,-6.98,148.52,219.64,200.95,12.25,143.25,20.0,0.0
1779201523.2879794,222.71,136.27,-1.51,222.84130577488412,134.11289668895392,-1.5107613334559113,VISION,3.07,423.66,-6.98,148.52,219.64,200.95,12.25,143.25,20.0,0.0
1779201523.3381665,222.71,136.27,-1.51,222.84130577488412,134.11289668895392,-1.5107613334559113,VISION,3.07,423.66,-6.98,148.52,219.64,200.95,12.25,143.25,20.0,0.0
1779201523.3884053,222.71,136.27,-1.51,222.9761931015663,131.86878493705515,-1.5103823571745352,VISION,3.07,423.66,-6.98,148.52,219.64,200.95,12.25,143.25,20.0,0.0
1779201523.4387074,222.71,136.27,-1.51,222.9761931015663,131.86878493705515,-1.5103823571745352,VISION,3.07,423.66,-6.98,148.52,219.64,200.95,12.25,143.25,20.0,0.0
1779201523.489089,222.71,136.27,-1.51,223.13691900113486,129.211612907231,-1.5048399408890043,VISION,3.07,423.66,-6.98,148.52,219.64,200.95,12.25,143.25,20.0,0.0
1779201523.5394545,222.71,136.27,-1.51,223.13691900113486,129.211612907231,-1.5048399408890043,VISION,3.07,423.66,-6.98,148.52,219.64,200.95,12.25,143.25,20.0,0.0
1779201523.5897717,222.71,136.27,-1.51,223.3167805501273,126.48859136915254,-1.5004699492872582,VISION,3.07,423.66,-6.98,148.52,219.64,200.95,12.25,143.25,20.0,0.0
1779201523.6400852,222.71,136.27,-1.51,223.3167805501273,126.48859136915254,-1.5004699492872582,VISION,3.07,423.66,-6.98,148.52,219.64,200.95,12.25,143.25,20.0,0.0
1779201523.6903627,222.71,136.27,-1.51,223.3167805501273,126.48859136915254,-1.5004699492872582,VISION,3.07,423.66,-6.98,148.52,219.64,200.95,12.25,143.25,20.0,0.0
1779201523.7406328,223.53789910942663,123.34959984334505,-1.4927486880987328,223.53789910942663,123.34959984334505,-1.4927486880987328,ESTIMA,3.07,423.66,-6.98,148.52,220.468,200.122,25.17,130.33,20.0,0.0
1779201523.7909553,223.70688484904244,121.18883647893534,-1.4918805794470584,223.70688484904244,121.18883647893534,-1.4918805794470584,ESTIMA,3.07,423.66,-6.98,148.52,220.637,199.953,27.331,128.169,20.0,0.0
1779201523.8411782,235.33,135.84,-1.525,235.33,135.84,-1.525,VISION,3.07,423.66,-6.98,148.52,232.26,188.33,12.68,142.82,20.0,0.0
1779201523.891506,235.33,135.84,-1.525,235.45122926976646,133.1947112865453,-1.5320574903705528,VISION,3.07,423.66,-6.98,148.52,232.26,188.33,12.68,142.82,20.0,0.0
1779201523.9418218,235.33,135.84,-1.525,235.45122926976646,133.1947112865453,-1.5320574903705528,VISION,3.07,423.66,-6.98,148.52,232.26,188.33,12.68,142.82,20.0,0.0
1779201523.992102,235.33,135.84,-1.525,235.54679088961336,130.72912840245667,-1.531690053020605,VISION,3.07,423.66,-6.98,148.52,232.26,188.33,12.68,142.82,20.0,0.0
1779201524.0423894,235.33,135.84,-1.525,235.54679088961336,130.72912840245667,-1.531690053020605,VISION,3.07,423.66,-6.98,148.52,232.26,188.33,12.68,142.82,20.0,0.0
1779201524.0926223,235.33,135.84,-1.525,235.54679088961336,130.72912840245667,-1.531690053020605,VISION,3.07,423.66,-6.98,148.52,232.26,188.33,12.68,142.82,20.0,0.0
1779201524.1428733,235.33,135.84,-1.525,235.6544670852618,127.97710705381098,-1.5391544307081093,VISION,3.07,423.66,-6.98,148.52,232.26,188.33,12.68,142.82,20.0,0.0
1779201524.193053,235.33,135.84,-1.525,235.6544670852618,127.97710705381098,-1.5391544307081093,VISION,3.07,423.66,-6.98,148.52,232.26,188.33,12.68,142.82,20.0,0.0
1779201524.2432377,235.33,135.84,-1.525,235.73762626553182,125.34984903699859,-1.536222212129985,VISION,3.07,423.66,-6.98,148.52,232.26,188.33,12.68,142.82,20.0,0.0
1779201524.2934196,235.33,135.84,-1.525,235.73762626553182,125.34984903699859,-1.536222212129985,VISION,3.07,423.66,-6.98,148.52,232.26,188.33,12.68,142.82,20.0,0.0
1779201524.3436468,235.82502280078282,122.82305378547963,-1.541980147019862,235.82502280078282,122.82305378547963,-1.541980147019862,ESTIMA,3.07,423.66,-6.98,148.52,232.755,187.835,25.697,129.803,20.0,0.0
1779201524.3939068,235.82502280078282,122.82305378547963,-1.541980147019862,235.82502280078282,122.82305378547963,-1.541980147019862,ESTIMA,3.07,423.66,-6.98,148.52,232.755,187.835,25.697,129.803,20.0,0.0
1779201524.4443033,248.21,134.86,-1.547,248.21,134.86,-1.547,VISION,3.07,423.66,-6.98,148.52,245.14,175.45,13.66,141.84,20.0,0.0
1779201524.4945738,248.21,134.86,-1.547,248.2959044772762,131.25069245855167,-1.5516160720522347,VISION,3.07,423.66,-6.98,148.52,245.14,175.45,13.66,141.84,20.0,0.0
1779201524.5448818,248.21,134.86,-1.547,248.32708224322425,129.62537814315493,-1.5523346926714576,VISION,3.07,423.66,-6.98,148.52,245.14,175.45,13.66,141.84,20.0,0.0
1779201524.5952337,248.21,134.86,-1.547,248.32708224322425,129.62537814315493,-1.5523346926714576,VISION,3.07,423.66,-6.98,148.52,245.14,175.45,13.66,141.84,20.0,0.0
1779201524.64559,248.21,134.86,-1.547,248.37640608076467,126.95398766004134,-1.566969816544031,VISION,3.07,423.66,-6.98,148.52,245.14,175.45,13.66,141.84,20.0,0.0
1779201524.6959012,248.21,134.86,-1.547,248.37640608076467,126.95398766004134,-1.566969816544031,VISION,3.07,423.66,-6.98,148.52,245.14,175.45,13.66,141.84,20.0,0.0
1779201524.7461753,248.21,134.86,-1.547,248.38623464444896,124.38545521942203,-1.5738498453221847,VISION,3.07,423.66,-6.98,148.52,245.14,175.45,13.66,141.84,20.0,0.0
1779201524.796548,248.21,134.86,-1.547,248.38623464444896,124.38545521942203,-1.5738498453221847,VISION,3.07,423.66,-6.98,148.52,245.14,175.45,13.66,141.84,20.0,0.0
1779201524.8468425,248.21,134.86,-1.547,248.37870303520265,121.91892823724832,-1.5892816827309137,VISION,3.07,423.66,-6.98,148.52,245.14,175.45,13.66,141.84,20.0,0.0
1779201524.897124,248.21,134.86,-1.547,248.37870303520265,121.91892823724832,-1.5892816827309137,VISION,3.07,423.66,-6.98,148.52,245.14,175.45,13.66,141.84,20.0,0.0
1779201524.9475203,248.37870303520265,121.91892823724832,-1.5892816827309137,248.37870303520265,121.91892823724832,-1.5892816827309137,ESTIMA,3.07,423.66,-6.98,148.52,245.309,175.281,26.601,128.899,20.0,0.0
1779201524.9978507,260.78,133.51,-1.579,260.78,133.51,-1.579,VISION,3.07,423.66,-6.98,148.52,257.71,162.88,15.01,140.49,20.0,0.0
1779201525.0481398,260.78,133.51,-1.579,260.76476653726695,131.65313410444116,-1.5822659643430015,VISION,3.07,423.66,-6.98,148.52,257.71,162.88,15.01,140.49,20.0,0.0
1779201525.098435,260.78,133.51,-1.579,260.76476653726695,131.65313410444116,-1.5822659643430015,VISION,3.07,423.66,-6.98,148.52,257.71,162.88,15.01,140.49,20.0,0.0
1779201525.1487348,260.78,133.51,-1.579,260.7383975369268,129.3542084482448,-1.5845950045569888,VISION,3.07,423.66,-6.98,148.52,257.71,162.88,15.01,140.49,20.0,0.0
1779201525.1991272,260.78,133.51,-1.579,260.7383975369268,129.3542084482448,-1.5845950045569888,VISION,3.07,423.66,-6.98,148.52,257.71,162.88,15.01,140.49,20.0,0.0
1779201525.249373,260.78,133.51,-1.579,260.7042922811413,126.88273315479746,-1.5860538277435048,VISION,3.07,423.66,-6.98,148.52,257.71,162.88,15.01,140.49,20.0,0.0
1779201525.2995708,260.78,133.51,-1.579,260.7042922811413,126.88273315479746,-1.5860538277435048,VISION,3.07,423.66,-6.98,148.52,257.71,162.88,15.01,140.49,20.0,0.0
1779201525.3498983,260.78,133.51,-1.579,260.66552546051986,124.34209347127343,-1.5953749631320706,VISION,3.07,423.66,-6.98,148.52,257.71,162.88,15.01,140.49,20.0,0.0
1779201525.400159,260.78,133.51,-1.579,260.66552546051986,124.34209347127343,-1.5953749631320706,VISION,3.07,423.66,-6.98,148.52,257.71,162.88,15.01,140.49,20.0,0.0
1779201525.4505348,260.78,133.51,-1.579,260.66552546051986,124.34209347127343,-1.5953749631320706,VISION,3.07,423.66,-6.98,148.52,257.71,162.88,15.01,140.49,20.0,0.0
1779201525.500842,260.56285033462257,120.1655212649078,-1.5932281480180723,260.56285033462257,120.1655212649078,-1.5932281480180723,ESTIMA,3.07,423.66,-6.98,148.52,257.493,163.097,28.354,127.146,20.0,0.0
1779201525.5511594,260.53416052148094,118.88675746838251,-1.5995284565490617,260.53416052148094,118.88675746838251,-1.5995284565490617,ESTIMA,3.07,423.66,-6.98,148.52,257.464,163.126,29.633,125.867,20.0,0.0
1779201525.6014185,273.29,131.49,-1.665,273.29,131.49,-1.665,VISION,3.07,423.66,-6.98,148.52,270.22,150.37,17.03,138.47,20.0,0.0
1779201525.6516511,273.29,131.49,-1.665,273.29,131.49,-1.665,VISION,3.07,423.66,-6.98,148.52,270.22,150.37,17.03,138.47,20.0,0.0
1779201525.7018769,273.29,131.49,-1.665,273.0504028177843,128.95413277280906,-1.664025700071765,VISION,3.07,423.66,-6.98,148.52,270.22,150.37,17.03,138.47,20.0,0.0
1779201525.752185,273.29,131.49,-1.665,273.0504028177843,128.95413277280906,-1.664025700071765,VISION,3.07,423.66,-6.98,148.52,270.22,150.37,17.03,138.47,20.0,0.0
1779201525.802471,273.29,131.49,-1.665,272.80890988028244,126.37133230333349,-1.6734517119211334,VISION,3.07,423.66,-6.98,148.52,270.22,150.37,17.03,138.47,20.0,0.0
1779201525.852725,273.29,131.49,-1.665,272.80890988028244,126.37133230333349,-1.6734517119211334,VISION,3.07,423.66,-6.98,148.52,270.22,150.37,17.03,138.47,20.0,0.0
1779201525.9029016,273.29,131.49,-1.665,272.5595251884472,123.95053324314877,-1.6747848786688195,VISION,3.07,423.66,-6.98,148.52,270.22,150.37,17.03,138.47,20.0,0.0
1779201525.953208,273.29,131.49,-1.665,272.5595251884472,123.95053324314877,-1.6747848786688195,VISION,3.07,423.66,-6.98,148.52,270.22,150.37,17.03,138.47,20.0,0.0
1779201526.0034878,273.29,131.49,-1.665,272.26574693227593,121.13562187699794,-1.6844582366358445,VISION,3.07,423.66,-6.98,148.52,270.22,150.37,17.03,138.47,20.0,0.0
1779201526.0537748,273.29,131.49,-1.665,272.26574693227593,121.13562187699794,-1.6844582366358445,VISION,3.07,423.66,-6.98,148.52,270.22,150.37,17.03,138.47,20.0,0.0
1779201526.1040635,271.9917666443359,118.73552656155,-1.6849611936660454,271.9917666443359,118.73552656155,-1.6849611936660454,ESTIMA,3.07,423.66,-6.98,148.52,268.922,151.668,29.784,125.716,20.0,0.0
1779201526.1543314,285.73,128.24,-1.744,285.73,128.24,-1.744,VISION,3.07,423.66,-6.98,148.52,282.66,137.93,20.28,135.22,20.0,0.0
1779201526.2046702,285.73,128.24,-1.744,285.73,128.24,-1.744,VISION,3.07,423.66,-6.98,148.52,282.66,137.93,20.28,135.22,20.0,0.0
1779201526.2549815,285.73,128.24,-1.744,285.09704835801557,124.62223877158314,-1.7563348936635526,VISION,3.07,423.66,-6.98,148.52,282.66,137.93,20.28,135.22,20.0,0.0
1779201526.3053255,285.73,128.24,-1.744,284.8473279773872,123.29179690073512,-1.7582453781754745,VISION,3.07,423.66,-6.98,148.52,282.66,137.93,20.28,135.22,20.0,0.0
1779201526.355659,285.73,128.24,-1.744,284.8473279773872,123.29179690073512,-1.7582453781754745,VISION,3.07,423.66,-6.98,148.52,282.66,137.93,20.28,135.22,20.0,0.0
1779201526.4061244,285.73,128.24,-1.744,284.36561901948323,120.75215354489167,-1.7702019418318737,VISION,3.07,423.66,-6.98,148.52,282.66,137.93,20.28,135.22,20.0,0.0
1779201526.4565394,285.73,128.24,-1.744,284.36561901948323,120.75215354489167,-1.7702019418318737,VISION,3.07,423.66,-6.98,148.52,282.66,137.93,20.28,135.22,20.0,0.0
1779201526.5069199,285.73,128.24,-1.744,283.85120327676304,118.20669146743099,-1.7761316772260705,VISION,3.07,423.66,-6.98,148.52,282.66,137.93,20.28,135.22,20.0,0.0
1779201526.5572984,285.73,128.24,-1.744,283.85120327676304,118.20669146743099,-1.7761316772260705,VISION,3.07,423.66,-6.98,148.52,282.66,137.93,20.28,135.22,20.0,0.0
1779201526.6077332,285.73,128.24,-1.744,283.3246238463339,115.67834995346318,-1.787455182336767,VISION,3.07,423.66,-6.98,148.52,282.66,137.93,20.28,135.22,20.0,0.0
1779201526.6580899,285.73,128.24,-1.744,283.3246238463339,115.67834995346318,-1.787455182336767,VISION,3.07,423.66,-6.98,148.52,282.66,137.93,20.28,135.22,20.0,0.0
1779201526.7085133,282.79937363270096,113.29208341035964,-1.7970449988354584,282.79937363270096,113.29208341035964,-1.7970449988354584,ESTIMA,3.07,423.66,-6.98,148.52,279.729,140.861,35.228,120.272,20.0,0.0
1779201526.7589123,298.14,124.14,-1.81,298.14,124.14,-1.81,VISION,3.07,423.66,-6.98,148.52,295.07,125.52,24.38,131.12,20.0,0.0
1779201526.809141,298.14,124.14,-1.81,297.3783990596469,121.01705729947284,-1.8060863623766439,VISION,3.07,423.66,-6.98,148.52,295.07,125.52,24.38,131.12,20.0,0.0
1779201526.8593264,298.14,124.14,-1.81,297.3783990596469,121.01705729947284,-1.8060863623766439,VISION,3.07,423.66,-6.98,148.52,295.07,125.52,24.38,131.12,20.0,0.0
1779201526.9095042,298.14,124.14,-1.81,296.89466681324956,118.99923947739445,-1.8124668573203753,VISION,3.07,423.66,-6.98,148.52,295.07,125.52,24.38,131.12,20.0,0.0
1779201526.9598324,298.14,124.14,-1.81,296.89466681324956,118.99923947739445,-1.8124668573203753,VISION,3.07,423.66,-6.98,148.52,295.07,125.52,24.38,131.12,20.0,0.0
1779201527.0100107,298.14,124.14,-1.81,296.26876555974997,116.45996271191923,-1.8103646305602763,VISION,3.07,423.66,-6.98,148.52,295.07,125.52,24.38,131.12,20.0,0.0
1779201527.0601761,298.14,124.14,-1.81,296.26876555974997,116.45996271191923,-1.8103646305602763,VISION,3.07,423.66,-6.98,148.52,295.07,125.52,24.38,131.12,20.0,0.0
1779201527.1103637,298.14,124.14,-1.81,295.64218159160356,113.89472069549579,-1.8215697513595717,VISION,3.07,423.66,-6.98,148.52,295.07,125.52,24.38,131.12,20.0,0.0
1779201527.1606984,298.14,124.14,-1.81,295.64218159160356,113.89472069549579,-1.8215697513595717,VISION,3.07,423.66,-6.98,148.52,295.07,125.52,24.38,131.12,20.0,0.0
1779201527.2110622,298.14,124.14,-1.81,294.9246805565291,111.09379779579945,-1.826253234614626,VISION,3.07,423.66,-6.98,148.52,295.07,125.52,24.38,131.12,20.0,0.0
1779201527.2613266,294.9246805565291,111.09379779579945,-1.826253234614626,294.9246805565291,111.09379779579945,-1.826253234614626,ESTIMA,3.07,423.66,-6.98,148.52,291.855,128.735,37.426,118.074,20.0,0.0
1779201527.3117082,294.3186809797926,108.77340755928914,-1.838844775464977,294.3186809797926,108.77340755928914,-1.838844775464977,ESTIMA,3.07,423.66,-6.98,148.52,291.249,129.341,39.747,115.753,20.0,0.0
1779201527.362054,310.61,119.45,-1.862,310.61,119.45,-1.862,VISION,3.07,423.66,-6.98,148.52,307.54,113.05,29.07,126.43,20.0,0.0
1779201527.4125004,310.61,119.45,-1.862,310.61,119.45,-1.862,VISION,3.07,423.66,-6.98,148.52,307.54,113.05,29.07,126.43,20.0,0.0
1779201527.4628575,310.61,119.45,-1.862,309.5869757345427,116.03678030415895,-1.8645162261576884,VISION,3.07,423.66,-6.98,148.52,307.54,113.05,29.07,126.43,20.0,0.0
1779201527.5133657,310.61,119.45,-1.862,309.5869757345427,116.03678030415895,-1.8645162261576884,VISION,3.07,423.66,-6.98,148.52,307.54,113.05,29.07,126.43,20.0,0.0
1779201527.5638669,310.61,119.45,-1.862,309.11751295106126,114.4846754117554,-1.8709803232667803,VISION,3.07,423.66,-6.98,148.52,307.54,113.05,29.07,126.43,20.0,0.0
1779201527.6142042,310.61,119.45,-1.862,309.11751295106126,114.4846754117554,-1.8709803232667803,VISION,3.07,423.66,-6.98,148.52,307.54,113.05,29.07,126.43,20.0,0.0
1779201527.6646597,310.61,119.45,-1.862,308.3707764517969,112.07225164666751,-1.871152721498242,VISION,3.07,423.66,-6.98,148.52,307.54,113.05,29.07,126.43,20.0,0.0
1779201527.7151196,310.61,119.45,-1.862,308.3707764517969,112.07225164666751,-1.871152721498242,VISION,3.07,423.66,-6.98,148.52,307.54,113.05,29.07,126.43,20.0,0.0
1779201527.765509,310.61,119.45,-1.862,307.58281206205965,109.52818889800967,-1.8707003628448162,VISION,3.07,423.66,-6.98,148.52,307.54,113.05,29.07,126.43,20.0,0.0
1779201527.8158944,310.61,119.45,-1.862,307.58281206205965,109.52818889800967,-1.8707003628448162,VISION,3.07,423.66,-6.98,148.52,307.54,113.05,29.07,126.43,20.0,0.0
1779201527.8663235,306.79033879897725,106.96546720712917,-1.8774041675393582,306.79033879897725,106.96546720712917,-1.8774041675393582,ESTIMA,3.07,423.66,-6.98,148.52,303.72,116.87,41.555,113.945,20.0,0.0
1779201527.916644,322.71,114.28,-1.918,322.71,114.28,-1.918,VISION,3.07,423.66,-6.98,148.52,319.64,100.95,34.24,121.26,20.0,0.0
1779201527.9670484,322.71,114.28,-1.918,321.55916792818044,111.09970046050253,-1.9248417897355345,VISION,3.07,423.66,-6.98,148.52,319.64,100.95,34.24,121.26,20.0,0.0
1779201528.017437,322.71,114.28,-1.918,321.55916792818044,111.09970046050253,-1.9248417897355345,VISION,3.07,423.66,-6.98,148.52,319.64,100.95,34.24,121.26,20.0,0.0
1779201528.0678682,322.71,114.28,-1.918,320.9550742899618,109.46533554821326,-1.9361463495595463,VISION,3.07,423.66,-6.98,148.52,319.64,100.95,34.24,121.26,20.0,0.0
1779201528.118198,322.71,114.28,-1.918,320.9550742899618,109.46533554821326,-1.9361463495595463,VISION,3.07,423.66,-6.98,148.52,319.64,100.95,34.24,121.26,20.0,0.0
1779201528.168576,322.71,114.28,-1.918,320.00082224918765,106.97071056773902,-1.944235600459898,VISION,3.07,423.66,-6.98,148.52,319.64,100.95,34.24,121.26,20.0,0.0
1779201528.2189221,322.71,114.28,-1.918,320.00082224918765,106.97071056773902,-1.944235600459898,VISION,3.07,423.66,-6.98,148.52,319.64,100.95,34.24,121.26,20.0,0.0
1779201528.269305,322.71,114.28,-1.918,319.1064788215432,104.68820402995549,-1.9561253444183409,VISION,3.07,423.66,-6.98,148.52,319.64,100.95,34.24,121.26,20.0,0.0
1779201528.3197172,322.71,114.28,-1.918,319.1064788215432,104.68820402995549,-1.9561253444183409,VISION,3.07,423.66,-6.98,148.52,319.64,100.95,34.24,121.26,20.0,0.0
1779201528.3701067,322.71,114.28,-1.918,318.12304659094593,102.26359895363808,-1.9615114959569078,VISION,3.07,423.66,-6.98,148.52,319.64,100.95,34.24,121.26,20.0,0.0
1779201528.4203925,318.12304659094593,102.26359895363808,-1.9615114959569078,318.12304659094593,102.26359895363808,-1.9615114959569078,ESTIMA,3.07,423.66,-6.98,148.52,315.053,105.537,46.256,109.244,20.0,0.0
1779201528.4708583,318.12304659094593,102.26359895363808,-1.9615114959569078,318.12304659094593,102.26359895363808,-1.9615114959569078,ESTIMA,3.07,423.66,-6.98,148.52,315.053,105.537,46.256,109.244,20.0,0.0
1779201528.5211875,334.73,108.06,-1.968,334.73,108.06,-1.968,VISION,3.07,423.66,-6.98,148.52,331.66,88.93,40.46,115.04,20.0,0.0
1779201528.571635,334.73,108.06,-1.968,333.84776017210913,105.95692993732989,-1.968912097341131,VISION,3.07,423.66,-6.98,148.52,331.66,88.93,40.46,115.04,20.0,0.0
1779201528.6219926,334.73,108.06,-1.968,333.84776017210913,105.95692993732989,-1.968912097341131,VISION,3.07,423.66,-6.98,148.52,331.66,88.93,40.46,115.04,20.0,0.0
1779201528.6723337,334.73,108.06,-1.968,333.12964166483806,104.24945727322795,-1.961406237603152,VISION,3.07,423.66,-6.98,148.52,331.66,88.93,40.46,115.04,20.0,0.0
1779201528.7228844,334.73,108.06,-1.968,333.12964166483806,104.24945727322795,-1.961406237603152,VISION,3.07,423.66,-6.98,148.52,331.66,88.93,40.46,115.04,20.0,0.0
1779201528.7730818,334.73,108.06,-1.968,332.0805341673768,101.7016455276701,-1.9696035449029021,VISION,3.07,423.66,-6.98,148.52,331.66,88.93,40.46,115.04,20.0,0.0
1779201528.8232625,334.73,108.06,-1.968,332.0805341673768,101.7016455276701,-1.9696035449029021,VISION,3.07,423.66,-6.98,148.52,331.66,88.93,40.46,115.04,20.0,0.0
1779201528.8734984,334.73,108.06,-1.968,331.0889745728714,99.34856532905137,-1.9654740201053789,VISION,3.07,423.66,-6.98,148.52,331.66,88.93,40.46,115.04,20.0,0.0
1779201528.9237943,334.73,108.06,-1.968,331.0889745728714,99.34856532905137,-1.9654740201053789,VISION,3.07,423.66,-6.98,148.52,331.66,88.93,40.46,115.04,20.0,0.0
1779201528.9739845,334.73,108.06,-1.968,330.0847260875882,96.93759873472365,-1.9784779950103246,VISION,3.07,423.66,-6.98,148.52,331.66,88.93,40.46,115.04,20.0,0.0
1779201529.0241683,330.0847260875882,96.93759873472365,-1.9784779950103246,330.0847260875882,96.93759873472365,-1.9784779950103246,ESTIMA,3.07,423.66,-6.98,148.52,327.015,93.575,51.582,103.918,20.0,0.0
1779201529.0746465,329.07674338427904,94.60364469094448,-1.9769260112247637,329.07674338427904,94.60364469094448,-1.9769260112247637,ESTIMA,3.07,423.66,-6.98,148.52,326.007,94.583,53.916,101.584,20.0,0.0
1779201529.124937,347.07,101.18,-2.013,347.07,101.18,-2.013,VISION,3.07,423.66,-6.98,148.52,344.0,76.59,47.34,108.16,20.0,0.0
1779201529.1752524,347.07,101.18,-2.013,347.07,101.18,-2.013,VISION,3.07,423.66,-6.98,148.52,344.0,76.59,47.34,108.16,20.0,0.0
1779201529.225528,347.07,101.18,-2.013,345.6989710529925,98.28432914273512,-2.019652380376872,VISION,3.07,423.66,-6.98,148.52,344.0,76.59,47.34,108.16,20.0,0.0
1779201529.2758348,347.07,101.18,-2.013,345.6989710529925,98.28432914273512,-2.019652380376872,VISION,3.07,423.66,-6.98,148.52,344.0,76.59,47.34,108.16,20.0,0.0
1779201529.3261168,347.07,101.18,-2.013,344.70459994151776,96.21979783860435,-2.0188595737553454,VISION,3.07,423.66,-6.98,148.52,344.0,76.59,47.34,108.16,20.0,0.0
1779201529.3763998,347.07,101.18,-2.013,344.70459994151776,96.21979783860435,-2.0188595737553454,VISION,3.07,423.66,-6.98,148.52,344.0,76.59,47.34,108.16,20.0,0.0
1779201529.4266233,347.07,101.18,-2.013,343.5699347864628,93.85920029349232,-2.01496343429377,VISION,3.07,423.66,-6.98,148.52,344.0,76.59,47.34,108.16,20.0,0.0
1779201529.476944,347.07,101.18,-2.013,343.5699347864628,93.85920029349232,-2.01496343429377,VISION,3.07,423.66,-6.98,148.52,344.0,76.59,47.34,108.16,20.0,0.0
1779201529.5272887,347.07,101.18,-2.013,342.4425880502972,91.490233774176,-2.0214659352896365,VISION,3.07,423.66,-6.98,148.52,344.0,76.59,47.34,108.16,20.0,0.0
1779201529.5775433,347.07,101.18,-2.013,342.4425880502972,91.490233774176,-2.0214659352896365,VISION,3.07,423.66,-6.98,148.52,344.0,76.59,47.34,108.16,20.0,0.0
1779201529.6278489,341.18270380946456,88.88652801227478,-2.017592680177747,341.18270380946456,88.88652801227478,-2.017592680177747,ESTIMA,3.07,423.66,-6.98,148.52,338.113,82.477,59.633,95.867,20.0,0.0
1779201529.67811,359.25,94.09,-2.018,359.25,94.09,-2.018,VISION,3.07,423.66,-6.98,148.52,356.18,64.41,54.43,101.07,20.0,0.0
1779201529.7284029,359.25,94.09,-2.018,359.25,94.09,-2.018,VISION,3.07,423.66,-6.98,148.52,356.18,64.41,54.43,101.07,20.0,0.0
1779201529.7786853,359.25,94.09,-2.018,357.7622924617146,90.9880946913892,-2.0226888981315576,VISION,3.07,423.66,-6.98,148.52,356.18,64.41,54.43,101.07,20.0,0.0
1779201529.8289583,359.25,94.09,-2.018,357.1025837945789,89.6289674438504,-2.0257841180469476,VISION,3.07,423.66,-6.98,148.52,356.18,64.41,54.43,101.07,20.0,0.0
1779201529.879254,359.25,94.09,-2.018,357.1025837945789,89.6289674438504,-2.0257841180469476,VISION,3.07,423.66,-6.98,148.52,356.18,64.41,54.43,101.07,20.0,0.0
1779201529.9296339,359.25,94.09,-2.018,355.92727093728337,87.2265535058149,-2.026761235734002,VISION,3.07,423.66,-6.98,148.52,356.18,64.41,54.43,101.07,20.0,0.0
1779201529.9799206,359.25,94.09,-2.018,355.92727093728337,87.2265535058149,-2.026761235734002,VISION,3.07,423.66,-6.98,148.52,356.18,64.41,54.43,101.07,20.0,0.0
1779201530.030198,359.25,94.09,-2.018,354.7802011735877,84.88766250899627,-2.0291155099172955,VISION,3.07,423.66,-6.98,148.52,356.18,64.41,54.43,101.07,20.0,0.0
1779201530.080503,359.25,94.09,-2.018,354.7802011735877,84.88766250899627,-2.0291155099172955,VISION,3.07,423.66,-6.98,148.52,356.18,64.41,54.43,101.07,20.0,0.0
1779201530.130825,359.25,94.09,-2.018,353.55977477814844,82.41394440840412,-2.0211456975620434,VISION,3.07,423.66,-6.98,148.52,356.18,64.41,54.43,101.07,20.0,0.0
1779201530.181025,353.55977477814844,82.41394440840412,-2.0211456975620434,353.55977477814844,82.41394440840412,-2.0211456975620434,ESTIMA,3.07,423.66,-6.98,148.52,350.49,70.1,66.106,89.394,20.0,0.0
1779201530.2312942,352.37765492699526,79.96895164185341,-2.024983946744158,352.37765492699526,79.96895164185341,-2.024983946744158,ESTIMA,3.07,423.66,-6.98,148.52,349.308,71.282,68.551,86.949,20.0,0.0
1779201530.281637,371.02,86.25,-2.077,371.02,86.25,-2.077,VISION,3.07,423.66,-6.98,148.52,367.95,52.64,62.27,93.23,20.0,0.0
1779201530.3318639,371.02,86.25,-2.077,369.56407334419316,83.62379919800621,-2.0700178508743234,VISION,3.07,423.66,-6.98,148.52,367.95,52.64,62.27,93.23,20.0,0.0
1779201530.3820543,371.02,86.25,-2.077,369.56407334419316,83.62379919800621,-2.0700178508743234,VISION,3.07,423.66,-6.98,148.52,367.95,52.64,62.27,93.23,20.0,0.0
1779201530.4322941,371.02,86.25,-2.077,369.56407334419316,83.62379919800621,-2.0700178508743234,VISION,3.07,423.66,-6.98,148.52,367.95,52.64,62.27,93.23,20.0,0.0
1779201530.482556,371.02,86.25,-2.077,368.1849625426887,81.09467622697962,-2.0823947619337737,VISION,3.07,423.66,-6.98,148.52,367.95,52.64,62.27,93.23,20.0,0.0
1779201530.5329022,371.02,86.25,-2.077,367.1404358865077,79.23429751258698,-2.0801373396923326,VISION,3.07,423.66,-6.98,148.52,367.95,52.64,62.27,93.23,20.0,0.0
1779201530.5832603,371.02,86.25,-2.077,367.1404358865077,79.23429751258698,-2.0801373396923326,VISION,3.07,423.66,-6.98,148.52,367.95,52.64,62.27,93.23,20.0,0.0
1779201530.6335456,371.02,86.25,-2.077,367.1404358865077,79.23429751258698,-2.0801373396923326,VISION,3.07,423.66,-6.98,148.52,367.95,52.64,62.27,93.23,20.0,0.0
1779201530.6838138,371.02,86.25,-2.077,365.8178099833215,76.86609618858428,-2.0880967373698303,VISION,3.07,423.66,-6.98,148.52,367.95,52.64,62.27,93.23,20.0,0.0
1779201530.734117,371.02,86.25,-2.077,365.8178099833215,76.86609618858428,-2.0880967373698303,VISION,3.07,423.66,-6.98,148.52,367.95,52.64,62.27,93.23,20.0,0.0
1779201530.7844007,364.49966483284095,74.5494264584428,-2.0876759508250426,364.49966483284095,74.5494264584428,-2.0876759508250426,ESTIMA,3.07,423.66,-6.98,148.52,361.43,59.16,73.971,81.529,20.0,0.0
1779201530.8346405,383.14,77.74,-2.089,383.14,77.74,-2.089,VISION,3.07,423.66,-6.98,148.52,380.07,40.52,70.78,84.72,20.0,0.0
1779201530.8848836,383.14,77.74,-2.089,381.3690614321494,74.63406596958376,-2.084974218505747,VISION,3.07,423.66,-6.98,148.52,380.07,40.52,70.78,84.72,0.0,0.0
1779201530.9351954,383.14,77.74,-2.089,381.3690614321494,74.63406596958376,-2.084974218505747,VISION,3.07,423.66,-6.98,148.52,380.07,40.52,70.78,84.72,0.0,0.0
1779201530.9854867,383.14,77.74,-2.089,380.4929400461151,73.08301519174024,-2.0931139568073904,VISION,3.07,423.66,-6.98,148.52,380.07,40.52,70.78,84.72,0.0,0.0
1779201531.035756,383.14,77.74,-2.089,380.4929400461151,73.08301519174024,-2.0931139568073904,VISION,3.07,423.66,-6.98,148.52,380.07,40.52,70.78,84.72,0.0,0.0
1779201531.0859325,383.14,77.74,-2.089,379.96226061018075,72.16112588616865,-2.1763704773106145,VISION,3.07,423.66,-6.98,148.52,380.07,40.52,70.78,84.72,0.0,0.0
1779201531.1362016,383.14,77.74,-2.089,379.96226061018075,72.16112588616865,-2.1763704773106145,VISION,3.07,423.66,-6.98,148.52,380.07,40.52,70.78,84.72,0.0,0.0
1779201531.1864128,383.14,77.74,-2.089,379.96226061018075,72.16112588616865,-2.1763704773106145,VISION,3.07,423.66,-6.98,148.52,380.07,40.52,70.78,84.72,0.0,0.0
1779201531.2367156,383.14,77.74,-2.089,379.8513830943945,72.00097956489768,-2.2032371867406315,VISION,3.07,423.66,-6.98,148.52,380.07,40.52,70.78,84.72,0.0,0.0
1779201531.2869256,383.14,77.74,-2.089,379.8513830943945,72.00097956489768,-2.2032371867406324,VISION,3.07,423.66,-6.98,148.52,380.07,40.52,70.78,84.72,0.0,0.0
1779201531.3371692,383.14,77.74,-2.089,379.8513830943945,72.00097956489768,-2.2032371867406324,VISION,3.07,423.66,-6.98,148.52,380.07,40.52,70.78,84.72,0.0,0.0
1779201531.387399,379.8513830943945,72.00097956489768,-2.2032371867406337,379.8513830943945,72.00097956489768,-2.2032371867406337,ESTIMA,3.07,423.66,-6.98,148.52,376.781,43.809,76.519,78.981,-20.0,0.0
1779201531.4377432,395.15,69.07,-2.108,395.15,69.07,-2.108,VISION,3.07,423.66,-6.98,148.52,392.08,28.51,79.45,76.05,-20.0,0.0
1779201531.4881258,395.15,69.07,-2.108,395.15,69.07,-2.108,VISION,3.07,423.66,-6.98,148.52,392.08,28.51,79.45,76.05,-20.0,0.0
1779201531.5385253,395.15,69.07,-2.108,394.11315833580244,67.32926638205807,-2.3874659137725844,VISION,3.07,423.66,-6.98,148.52,392.08,28.51,79.45,76.05,-20.0,0.0
1779201531.588768,395.15,69.07,-2.108,391.8977632590149,65.24826941304755,-2.57826330228673,VISION,3.07,423.66,-6.98,148.52,392.08,28.51,79.45,76.05,-20.0,0.0
1779201531.639128,395.15,69.07,-2.108,391.8977632590149,65.24826941304755,-2.57826330228673,VISION,3.07,423.66,-6.98,148.52,392.08,28.51,79.45,76.05,-20.0,0.0
1779201531.6893756,395.15,69.07,-2.108,391.8977632590149,65.24826941304755,-2.57826330228673,VISION,3.07,423.66,-6.98,148.52,392.08,28.51,79.45,76.05,-20.0,0.0
1779201531.7396147,395.15,69.07,-2.108,388.90599711927,63.358678120359436,-2.7007954510989225,VISION,3.07,423.66,-6.98,148.52,392.08,28.51,79.45,76.05,-20.0,0.0
1779201531.7897696,395.15,69.07,-2.108,387.7571011451793,62.81668094936655,-2.876012545191457,VISION,3.07,423.66,-6.98,148.52,392.08,28.51,79.45,76.05,-20.0,0.0
1779201531.840025,395.15,69.07,-2.108,387.7571011451793,62.81668094936655,-2.876012545191457,VISION,3.07,423.66,-6.98,148.52,392.08,28.51,79.45,76.05,-20.0,0.0
1779201531.8903184,395.15,69.07,-2.108,385.32318642225516,62.15464279452848,-3.2239225038006776,VISION,3.07,423.66,-6.98,148.52,392.08,28.51,79.45,76.05,0.0,0.0
1779201531.9406009,385.32318642225516,62.15464279452848,-3.2239225038006776,385.32318642225516,62.15464279452848,-3.2239225038006776,ESTIMA,3.07,423.66,-6.98,148.52,382.253,38.337,86.365,69.135,0.0,0.0
1779201531.990933,385.32318642225516,62.15464279452848,-3.2239225038006776,385.32318642225516,62.15464279452848,-3.2239225038006776,ESTIMA,3.07,423.66,-6.98,148.52,382.253,38.337,86.365,69.135,0.0,0.0
1779201532.041218,398.22,66.07,-2.249,398.22,66.07,-2.249,VISION,3.07,423.66,-6.98,148.52,395.15,25.44,82.45,73.05,0.0,0.0
1779201532.0914693,398.22,66.07,-2.249,398.22,66.07,-2.249,VISION,3.07,423.66,-6.98,148.52,395.15,25.44,82.45,73.05,0.0,0.0
1779201532.1417813,398.22,66.07,-2.249,397.97851034603315,65.77027150371316,-2.302090804488399,VISION,3.07,423.66,-6.98,148.52,395.15,25.44,82.45,73.05,0.0,0.0
1779201532.1920729,398.22,66.07,-2.249,397.97851034603315,65.77027150371316,-2.302090804488399,VISION,3.07,423.66,-6.98,148.52,395.15,25.44,82.45,73.05,0.0,0.0
1779201532.2423532,398.22,66.07,-2.249,397.97851034603315,65.77027150371316,-2.302090804488399,VISION,3.07,423.66,-6.98,148.52,395.15,25.44,82.45,73.05,0.0,0.0
1779201532.292628,398.22,66.07,-2.249,397.97851034603315,65.77027150371318,-2.302090804488401,VISION,3.07,423.66,-6.98,148.52,395.15,25.44,82.45,73.05,0.0,0.0
1779201602.5062983,397.98,66.42,-2.219,395.60459472307537,63.08364955874862,-1.654077905654909,VISION,3.07,423.37,-6.98,148.52,394.91,25.39,82.1,73.4,20.0,0.0
1779201602.5565083,397.98,66.42,-2.219,395.60459472307537,63.08364955874862,-1.654077905654909,VISION,3.07,423.37,-6.98,148.52,394.91,25.39,82.1,73.4,20.0,0.0
1779201602.6067245,397.98,66.42,-2.219,395.3896049483876,60.50814001526455,-1.297599689746727,VISION,3.07,423.37,-6.98,148.52,394.91,25.39,82.1,73.4,20.0,0.0
1779201602.6569643,397.98,66.42,-2.219,395.3896049483876,60.50814001526455,-1.297599689746727,VISION,3.07,423.37,-6.98,148.52,394.91,25.39,82.1,73.4,20.0,0.0
1779201602.7071636,397.98,66.42,-2.219,395.5068504418625,60.08970899226686,-1.3575371961227425,VISION,3.07,423.37,-6.98,148.52,394.91,25.39,82.1,73.4,20.0,0.0
1779201602.7573438,395.5068504418625,60.08970899226686,-1.3575371961227425,395.5068504418625,60.08970899226686,-1.3575371961227425,ESTIMA,3.07,423.37,-6.98,148.52,392.437,27.863,88.43,67.07,20.0,0.0
1779201602.807604,395.792687571477,58.769762248576356,-1.542727548133421,395.792687571477,58.769762248576356,-1.542727548133421,ESTIMA,3.07,423.37,-6.98,148.52,392.723,27.577,89.75,65.75,0.0,0.0
1779201602.857824,395.792687571477,58.769762248576356,-1.542727548133421,395.792687571477,58.769762248576356,-1.542727548133421,ESTIMA,3.07,423.37,-6.98,148.52,392.723,27.577,89.75,65.75,0.0,0.0
1779201602.908028,395.8330454112299,57.3323202794705,-1.739000827361033,395.8330454112299,57.3323202794705,-1.739000827361033,ESTIMA,3.07,423.37,-6.98,148.52,392.763,27.537,91.188,64.312,0.0,0.0
1779201602.9581864,395.8330454112299,57.3323202794705,-1.739000827361033,395.8330454112299,57.3323202794705,-1.739000827361033,ESTIMA,3.07,423.37,-6.98,148.52,392.763,27.537,91.188,64.312,0.0,0.0
1779201603.008367,395.6105442553997,56.02201766397702,-1.92231940783117,395.6105442553997,56.02201766397702,-1.92231940783117,ESTIMA,3.07,423.37,-6.98,148.52,392.541,27.759,92.498,63.002,0.0,0.0
1779201603.0585318,395.6105442553997,56.02201766397702,-1.92231940783117,395.6105442553997,56.02201766397702,-1.92231940783117,ESTIMA,3.07,423.37,-6.98,148.52,392.541,27.759,92.498,63.002,0.0,0.0
1779201603.1086934,395.3077853147663,55.19651141826124,-2.043598640700251,395.3077853147663,55.19651141826124,-2.043598640700251,ESTIMA,3.07,423.37,-6.98,148.52,392.238,28.062,93.323,62.177,0.0,0.0
1779201603.1589208,395.3077853147663,55.19651141826124,-2.043598640700251,395.3077853147663,55.19651141826124,-2.043598640700251,ESTIMA,3.07,423.37,-6.98,148.52,392.238,28.062,93.323,62.177,0.0,0.0
1779201603.209172,395.0298410447968,54.653116957011875,-2.127785235753679,395.0298410447968,54.653116957011875,-2.127785235753679,ESTIMA,3.07,423.37,-6.98,148.52,391.96,28.34,93.867,61.633,0.0,0.0
1779201603.2594652,395.0298410447968,54.653116957011875,-2.127785235753679,395.0298410447968,54.653116957011875,-2.127785235753679,ESTIMA,3.07,423.37,-6.98,148.52,391.96,28.34,93.867,61.633,0.0,0.0
1779201603.3097358,394.9018626425357,54.44761591120812,-2.161177410895457,394.9018626425357,54.44761591120812,-2.161177410895457,ESTIMA,3.07,423.37,-6.98,148.52,391.832,28.468,94.072,61.428,-20.0,0.0
1779201603.3599706,394.9018626425357,54.44761591120812,-2.161177410895457,394.9018626425357,54.44761591120812,-2.161177410895457,ESTIMA,3.07,423.37,-6.98,148.52,391.832,28.468,94.072,61.428,-20.0,0.0
1779201603.4102228,394.51762169881397,53.87421414823235,-2.256382870886958,394.51762169881397,53.87421414823235,-2.256382870886958,ESTIMA,3.07,423.37,-6.98,148.52,391.448,28.852,94.646,60.854,-20.0,0.0
1779201603.4605296,394.51762169881397,53.87421414823235,-2.256382870886958,394.51762169881397,53.87421414823235,-2.256382870886958,ESTIMA,3.07,423.37,-6.98,148.52,391.448,28.852,94.646,60.854,-20.0,0.0
1779201603.5108943,392.57894902536566,51.50403400058451,-2.584879627933888,392.57894902536566,51.50403400058451,-2.584879627933888,ESTIMA,3.07,423.37,-6.98,148.52,389.509,30.791,97.016,58.484,-20.0,0.0
1779201603.561182,392.57894902536566,51.50403400058451,-2.584879627933888,392.57894902536566,51.50403400058451,-2.584879627933888,ESTIMA,3.07,423.37,-6.98,148.52,389.509,30.791,97.016,58.484,-20.0,0.0
1779201603.6114807,389.2047434666568,49.4039960659634,-3.0333951121847127,389.2047434666568,49.4039960659634,-3.0333951121847127,ESTIMA,3.07,423.37,-6.98,148.52,386.135,34.165,99.116,56.384,-20.0,0.0
1779201603.6617553,389.2047434666568,49.4039960659634,-3.0333951121847127,389.2047434666568,49.4039960659634,-3.0333951121847127,ESTIMA,3.07,423.37,-6.98,148.52,386.135,34.165,99.116,56.384,-20.0,0.0
1779201603.7119505,385.8187699173989,49.03620572662081,-3.503173041556515,385.8187699173989,49.03620572662081,-3.503173041556515,ESTIMA,3.07,423.37,-6.98,148.52,382.749,37.551,99.484,56.016,-20.0,0.0
1779201603.7622514,385.8187699173989,49.03620572662081,-3.503173041556515,385.8187699173989,49.03620572662081,-3.503173041556515,ESTIMA,3.07,423.37,-6.98,148.52,382.749,37.551,99.484,56.016,-20.0,0.0
1779201603.8124578,380.298650014154,51.12396046605678,-3.646825753622113,380.298650014154,51.12396046605678,-3.646825753622113,ESTIMA,3.07,423.37,-6.98,148.52,377.229,43.071,97.396,58.104,0.0,0.0
1779201603.8627858,380.298650014154,51.12396046605678,-3.646825753622113,380.298650014154,51.12396046605678,-3.646825753622113,ESTIMA,3.07,423.37,-6.98,148.52,377.229,43.071,97.396,58.104,0.0,0.0
1779201603.912972,380.298650014154,51.12396046605678,-3.646825753622113,380.298650014154,51.12396046605678,-3.646825753622113,ESTIMA,3.07,423.37,-6.98,148.52,377.229,43.071,97.396,58.104,0.0,0.0
1779201603.9631565,373.6461655743421,54.803562259640145,-3.646825753622113,373.6461655743421,54.803562259640145,-3.646825753622113,ESTIMA,3.07,423.37,-6.98,148.52,370.576,49.724,93.716,61.784,0.0,0.0
1779201604.0134244,373.6461655743421,54.803562259640145,-3.646825753622113,373.6461655743421,54.803562259640145,-3.646825753622113,ESTIMA,3.07,423.37,-6.98,148.52,370.576,49.724,93.716,61.784,0.0,0.0
1779201604.0637665,369.42525648184903,57.138218553511756,-4.070209989267275,369.42525648184903,57.138218553511756,-4.070209989267275,ESTIMA,3.07,423.37,-6.98,148.52,366.355,53.945,91.382,64.118,0.0,0.0
1779201604.114068,369.42525648184903,57.138218553511756,-4.070209989267275,369.42525648184903,57.138218553511756,-4.070209989267275,ESTIMA,3.07,423.37,-6.98,148.52,366.355,53.945,91.382,64.118,0.0,0.0
1779201604.1643429,369.4237399229529,57.14024621151585,-4.070559239467826,369.4237399229529,57.14024621151585,-4.070559239467826,ESTIMA,3.07,423.37,-6.98,148.52,366.354,53.946,91.38,64.12,0.0,0.0
1779201604.2147212,369.4237399229529,57.14024621151585,-4.070559239467826,369.4237399229529,57.14024621151585,-4.070559239467826,ESTIMA,3.07,423.37,-6.98,148.52,366.354,53.946,91.38,64.12,0.0,0.0
1779201604.6165519,367.8828665876588,58.98889440760245,-3.7384963044608,367.8828665876588,58.98889440760245,-3.7384963044608,ESTIMA,3.07,423.37,-6.98,148.52,364.813,55.487,89.531,65.969,20.0,0.0
1779201604.666872,364.1644084954859,61.51596160716583,-3.118373970408024,364.1644084954859,61.51596160716583,-3.118373970408024,ESTIMA,3.07,423.37,-6.98,148.52,361.094,59.206,87.004,68.496,20.0,0.0
1779201604.7170684,364.1644084954859,61.51596160716583,-3.118373970408024,364.1644084954859,61.51596160716583,-3.118373970408024,ESTIMA,3.07,423.37,-6.98,148.52,361.094,59.206,87.004,68.496,20.0,0.0
1779201604.7673483,363.1170477829372,61.49163889959771,-3.064075057971125,363.1170477829372,61.49163889959771,-3.064075057971125,ESTIMA,3.07,423.37,-6.98,148.52,360.047,60.253,87.028,68.472,20.0,0.0
1779201604.817577,363.1170477829372,61.49163889959771,-3.064075057971125,363.1170477829372,61.49163889959771,-3.064075057971125,ESTIMA,3.07,423.37,-6.98,148.52,360.047,60.253,87.028,68.472,20.0,0.0
1779201604.8678591,361.1414154918775,61.33818514464005,-3.1368954739805828,361.1414154918775,61.33818514464005,-3.1368954739805828,ESTIMA,3.07,423.37,-6.98,148.52,358.071,62.229,87.182,68.318,20.0,0.0
1779201604.9180412,361.1414154918775,61.33818514464005,-3.1368954739805828,361.1414154918775,61.33818514464005,-3.1368954739805828,ESTIMA,3.07,423.37,-6.98,148.52,358.071,62.229,87.182,68.318,20.0,0.0
1779201604.9683235,361.1414154918775,61.33818514464005,-3.1368954739805828,361.1414154918775,61.33818514464005,-3.1368954739805828,ESTIMA,3.07,423.37,-6.98,148.52,358.071,62.229,87.182,68.318,20.0,0.0
1779201605.0185695,357.7327298755421,61.32217381831334,-3.2171780519424185,357.7327298755421,61.32217381831334,-3.2171780519424185,ESTIMA,3.07,423.37,-6.98,148.52,354.663,65.637,87.198,68.302,20.0,0.0
1779201605.0688636,356.1282587790582,61.44367988769945,-3.243741658210391,356.1282587790582,61.44367988769945,-3.243741658210391,ESTIMA,3.07,423.37,-6.98,148.52,353.058,67.242,87.076,68.424,20.0,0.0
1779201605.1191733,356.1282587790582,61.44367988769945,-3.243741658210391,356.1282587790582,61.44367988769945,-3.243741658210391,ESTIMA,3.07,423.37,-6.98,148.52,353.058,67.242,87.076,68.424,20.0,0.0
1779201605.169579,353.48857482265794,61.71426275670572,-3.2661890747177598,353.48857482265794,61.71426275670572,-3.2661890747177598,ESTIMA,3.07,423.37,-6.98,148.52,350.419,69.881,86.806,68.694,20.0,0.0
1779201605.2199173,353.48857482265794,61.71426275670572,-3.2661890747177598,353.48857482265794,61.71426275670572,-3.2661890747177598,ESTIMA,3.07,423.37,-6.98,148.52,350.419,69.881,86.806,68.694,20.0,0.0
1779201605.2702167,350.6968290747151,62.06391552877757,-3.290542796983834,350.6968290747151,62.06391552877757,-3.290542796983834,ESTIMA,3.07,423.37,-6.98,148.52,347.627,72.673,86.456,69.044,20.0,0.0
1779201605.3205903,350.6968290747151,62.06391552877757,-3.290542796983834,350.6968290747151,62.06391552877757,-3.290542796983834,ESTIMA,3.07,423.37,-6.98,148.52,347.627,72.673,86.456,69.044,20.0,0.0
1779201605.3709338,347.84172504949055,62.49235686634258,-3.311693941115218,347.84172504949055,62.49235686634258,-3.311693941115218,ESTIMA,3.07,423.37,-6.98,148.52,344.772,75.528,86.028,69.472,20.0,0.0
1779201605.4212935,347.84172504949055,62.49235686634258,-3.311693941115218,347.84172504949055,62.49235686634258,-3.311693941115218,ESTIMA,3.07,423.37,-6.98,148.52,344.772,75.528,86.028,69.472,20.0,0.0
1779201605.4716353,347.84172504949055,62.49235686634258,-3.311693941115218,347.84172504949055,62.49235686634258,-3.311693941115218,ESTIMA,3.07,423.37,-6.98,148.52,344.772,75.528,86.028,69.472,20.0,0.0
1779201605.5219076,343.0607752504827,63.31353804399774,-3.317203118784577,343.0607752504827,63.31353804399774,-3.317203118784577,ESTIMA,3.07,423.37,-6.98,148.52,339.991,80.309,85.206,70.294,20.0,0.0
1779201605.5721269,341.602992393671,63.57220446008476,-3.3148270183645097,341.602992393671,63.57220446008476,-3.3148270183645097,ESTIMA,3.07,423.37,-6.98,148.52,338.533,81.767,84.948,70.552,20.0,0.0
1779201605.6223269,341.602992393671,63.57220446008476,-3.3148270183645097,341.602992393671,63.57220446008476,-3.3148270183645097,ESTIMA,3.07,423.37,-6.98,148.52,338.533,81.767,84.948,70.552,20.0,0.0
1779201605.6726213,341.602992393671,63.57220446008476,-3.3148270183645097,341.602992393671,63.57220446008476,-3.3148270183645097,ESTIMA,3.07,423.37,-6.98,148.52,338.533,81.767,84.948,70.552,20.0,0.0
1779201605.7228737,338.01674756781534,64.19975553286002,-3.309237896835194,338.01674756781534,64.19975553286002,-3.309237896835194,ESTIMA,3.07,423.37,-6.98,148.52,334.947,85.353,84.32,71.18,20.0,0.0
1779201605.7732403,338.01674756781534,64.19975553286002,-3.309237896835194,338.01674756781534,64.19975553286002,-3.309237896835194,ESTIMA,3.07,423.37,-6.98,148.52,334.947,85.353,84.32,71.18,20.0,0.0
1779201605.8234982,335.57826561058863,64.61242874711046,-3.298007237860946,335.57826561058863,64.61242874711046,-3.298007237860946,ESTIMA,3.07,423.37,-6.98,148.52,332.508,87.792,83.908,71.592,20.0,0.0
1779201605.8737879,333.27327186774875,64.97593266929523,-3.257505980220923,333.27327186774875,64.97593266929523,-3.257505980220923,ESTIMA,3.07,423.37,-6.98,148.52,330.203,90.097,83.544,71.956,20.0,0.0
1779201605.923989,333.27327186774875,64.97593266929523,-3.257505980220923,333.27327186774875,64.97593266929523,-3.257505980220923,ESTIMA,3.07,423.37,-6.98,148.52,330.203,90.097,83.544,71.956,20.0,0.0
1779201605.9742756,330.97780515051335,65.24320594517587,-3.2504881312296146,330.97780515051335,65.24320594517587,-3.2504881312296146,ESTIMA,3.07,423.37,-6.98,148.52,327.908,92.392,83.277,72.223,20.0,0.0
1779201606.0246084,330.97780515051335,65.24320594517587,-3.2504881312296146,330.97780515051335,65.24320594517587,-3.2504881312296146,ESTIMA,3.07,423.37,-6.98,148.52,327.908,92.392,83.277,72.223,20.0,0.0
1779201606.0749085,327.980190584781,65.57092904508704,-3.2516035870844626,327.980190584781,65.57092904508704,-3.2516035870844626,ESTIMA,3.07,423.37,-6.98,148.52,324.91,95.39,82.949,72.551,20.0,0.0
1779201606.1252093,327.980190584781,65.57092904508704,-3.2516035870844626,327.980190584781,65.57092904508704,-3.2516035870844626,ESTIMA,3.07,423.37,-6.98,148.52,324.91,95.39,82.949,72.551,20.0,0.0
1779201606.1755,327.980190584781,65.57092904508704,-3.2516035870844626,327.980190584781,65.57092904508704,-3.2516035870844626,ESTIMA,3.07,423.37,-6.98,148.52,324.91,95.39,82.949,72.551,20.0,0.0
1779201606.2258923,324.4392893445448,65.96204598905005,-3.2510507072062467,324.4392893445448,65.96204598905005,-3.2510507072062467,ESTIMA,3.07,423.37,-6.98,148.52,321.369,98.931,82.558,72.942,20.0,0.0
1779201606.2762825,324.4392893445448,65.96204598905005,-3.2510507072062467,324.4392893445448,65.96204598905005,-3.2510507072062467,ESTIMA,3.07,423.37,-6.98,148.52,321.369,98.931,82.558,72.942,20.0,0.0
1779201606.3267035,321.76548728332824,66.2558896167488,-3.245745275407121,321.76548728332824,66.2558896167488,-3.245745275407121,ESTIMA,3.07,423.37,-6.98,148.52,318.695,101.605,82.264,73.236,20.0,0.0
1779201606.377209,321.76548728332824,66.2558896167488,-3.245745275407121,321.76548728332824,66.2558896167488,-3.245745275407121,ESTIMA,3.07,423.37,-6.98,148.52,318.695,101.605,82.264,73.236,20.0,0.0
1779201606.4274244,318.73261808983534,66.57291807521615,-3.2300882048390225,318.73261808983534,66.57291807521615,-3.2300882048390225,ESTIMA,3.07,423.37,-6.98,148.52,315.663,104.637,81.947,73.553,20.0,0.0
1779201606.477721,318.73261808983534,66.57291807521615,-3.2300882048390225,318.73261808983534,66.57291807521615,-3.2300882048390225,ESTIMA,3.07,423.37,-6.98,148.52,315.663,104.637,81.947,73.553,20.0,0.0
1779201606.5279996,315.8936784543795,66.82480950622514,-3.223931584985082,315.8936784543795,66.82480950622514,-3.223931584985082,ESTIMA,3.07,423.37,-6.98,148.52,312.824,107.476,81.695,73.805,20.0,0.0
1779201606.5782785,315.8936784543795,66.82480950622514,-3.223931584985082,315.8936784543795,66.82480950622514,-3.223931584985082,ESTIMA,3.07,423.37,-6.98,148.52,312.824,107.476,81.695,73.805,20.0,0.0
1779201606.6285791,312.94093862110884,67.06848588205514,-3.2225269308072138,312.94093862110884,67.06848588205514,-3.2225269308072138,ESTIMA,3.07,423.37,-6.98,148.52,309.871,110.429,81.452,74.048,20.0,0.0
1779201606.6788735,312.94093862110884,67.06848588205514,-3.2225269308072138,312.94093862110884,67.06848588205514,-3.2225269308072138,ESTIMA,3.07,423.37,-6.98,148.52,309.871,110.429,81.452,74.048,20.0,0.0
1779201606.729105,309.8442464141073,67.3196631007422,-3.2067715299976456,309.8442464141073,67.3196631007422,-3.2067715299976456,ESTIMA,3.07,423.37,-6.98,148.52,306.774,113.526,81.2,74.3,20.0,0.0
1779201606.779395,309.8442464141073,67.3196631007422,-3.2067715299976456,309.8442464141073,67.3196631007422,-3.2067715299976456,ESTIMA,3.07,423.37,-6.98,148.52,306.774,113.526,81.2,74.3,20.0,0.0
1779201606.8296218,307.0338755456652,67.50309975362026,-3.1776070625853223,307.0338755456652,67.50309975362026,-3.1776070625853223,ESTIMA,3.07,423.37,-6.98,148.52,303.964,116.336,81.017,74.483,20.0,0.0
1779201606.8799202,307.0338755456652,67.50309975362026,-3.1776070625853223,307.0338755456652,67.50309975362026,-3.1776070625853223,ESTIMA,3.07,423.37,-6.98,148.52,303.964,116.336,81.017,74.483,20.0,0.0
1779201606.930184,307.0338755456652,67.50309975362026,-3.1776070625853223,307.0338755456652,67.50309975362026,-3.1776070625853223,ESTIMA,3.07,423.37,-6.98,148.52,303.964,116.336,81.017,74.483,20.0,0.0
1779201606.9804773,302.33706827003994,67.67232566227028,-3.167962967268226,302.33706827003994,67.67232566227028,-3.167962967268226,ESTIMA,3.07,423.37,-6.98,148.52,299.267,121.033,80.848,74.652,20.0,0.0
1779201607.0308435,301.2015679466249,67.70227610474969,-3.2113628464116646,301.2015679466249,67.70227610474969,-3.2113628464116646,ESTIMA,3.07,423.37,-6.98,148.52,298.132,122.168,80.818,74.682,20.0,0.0
1779201607.0811265,301.2015679466249,67.70227610474969,-3.2113628464116646,301.2015679466249,67.70227610474969,-3.2113628464116646,ESTIMA,3.07,423.37,-6.98,148.52,298.132,122.168,80.818,74.682,20.0,0.0
1779201607.1313586,298.6116049688937,67.88327210538671,-3.235051173726722,298.6116049688937,67.88327210538671,-3.235051173726722,ESTIMA,3.07,423.37,-6.98,148.52,295.542,124.758,80.637,74.863,20.0,0.0
1779201607.1816802,298.6116049688937,67.88327210538671,-3.235051173726722,298.6116049688937,67.88327210538671,-3.235051173726722,ESTIMA,3.07,423.37,-6.98,148.52,295.542,124.758,80.637,74.863,20.0,0.0
1779201607.2319186,295.7570997059435,68.1508293895556,-3.2221161380296373,295.7570997059435,68.1508293895556,-3.2221161380296373,ESTIMA,3.07,423.37,-6.98,148.52,292.687,127.613,80.369,75.131,20.0,0.0
1779201607.2821896,295.7570997059435,68.1508293895556,-3.2221161380296373,295.7570997059435,68.1508293895556,-3.2221161380296373,ESTIMA,3.07,423.37,-6.98,148.52,292.687,127.613,80.369,75.131,20.0,0.0
1779201607.3324254,292.95770778338766,68.3767346516106,-3.1901611795360747,292.95770778338766,68.3767346516106,-3.1901611795360747,ESTIMA,3.07,423.37,-6.98,148.52,289.888,130.412,80.143,75.357,20.0,0.0
1779201607.3826764,292.95770778338766,68.3767346516106,-3.1901611795360747,292.95770778338766,68.3767346516106,-3.1901611795360747,ESTIMA,3.07,423.37,-6.98,148.52,289.888,130.412,80.143,75.357,20.0,0.0
1779201607.4328434,292.95770778338766,68.3767346516106,-3.1901611795360747,292.95770778338766,68.3767346516106,-3.1901611795360747,ESTIMA,3.07,423.37,-6.98,148.52,289.888,130.412,80.143,75.357,20.0,0.0
1779201607.4830587,289.1466577364193,68.56197741410037,-3.1484424242795606,289.1466577364193,68.56197741410037,-3.1484424242795606,ESTIMA,3.07,423.37,-6.98,148.52,286.077,134.223,79.958,75.542,20.0,0.0
1779201607.5333483,289.1466577364193,68.56197741410037,-3.1484424242795606,289.1466577364193,68.56197741410037,-3.1484424242795606,ESTIMA,3.07,423.37,-6.98,148.52,286.077,134.223,79.958,75.542,20.0,0.0
1779201607.5836983,286.1774431193045,68.58231617145113,-3.1179793213174682,286.1774431193045,68.58231617145113,-3.1179793213174682,ESTIMA,3.07,423.37,-6.98,148.52,283.107,137.193,79.938,75.562,20.0,0.0
1779201607.6339073,283.31039856901066,68.51460311001448,-3.0878423862452093,283.31039856901066,68.51460311001448,-3.0878423862452093,ESTIMA,3.07,423.37,-6.98,148.52,280.24,140.06,80.005,75.495,20.0,0.0
1779201607.684126,283.31039856901066,68.51460311001448,-3.0878423862452093,283.31039856901066,68.51460311001448,-3.0878423862452093,ESTIMA,3.07,423.37,-6.98,148.52,280.24,140.06,80.005,75.495,20.0,0.0
1779201607.7343967,283.31039856901066,68.51460311001448,-3.0878423862452093,283.31039856901066,68.51460311001448,-3.0878423862452093,ESTIMA,3.07,423.37,-6.98,148.52,280.24,140.06,80.005,75.495,20.0,0.0
1779201607.7846828,280.00401919569504,68.33671298815347,-3.0533263546311815,280.00401919569504,68.33671298815347,-3.0533263546311815,ESTIMA,3.07,423.37,-6.98,148.52,276.934,143.366,80.183,75.317,20.0,0.0
1779201607.834848,280.00401919569504,68.33671298815347,-3.0533263546311815,280.00401919569504,68.33671298815347,-3.0533263546311815,ESTIMA,3.07,423.37,-6.98,148.52,276.934,143.366,80.183,75.317,20.0,0.0
1779201607.8850355,276.92728185117954,68.0644332974766,-3.0207754661855404,276.92728185117954,68.0644332974766,-3.0207754661855404,ESTIMA,3.07,423.37,-6.98,148.52,273.857,146.443,80.456,75.044,20.0,0.0
1779201607.935214,276.92728185117954,68.0644332974766,-3.0207754661855404,276.92728185117954,68.0644332974766,-3.0207754661855404,ESTIMA,3.07,423.37,-6.98,148.52,273.857,146.443,80.456,75.044,20.0,0.0
1779201607.9854326,276.92728185117954,68.0644332974766,-3.0207754661855404,276.92728185117954,68.0644332974766,-3.0207754661855404,ESTIMA,3.07,423.37,-6.98,148.52,273.857,146.443,80.456,75.044,20.0,0.0
1779201608.0356834,272.3758200162083,67.51184719837347,-2.968807285292974,272.3758200162083,67.51184719837347,-2.968807285292974,ESTIMA,3.07,423.37,-6.98,148.52,269.306,150.994,81.008,74.492,20.0,0.0
1779201608.08605,270.71582734704583,67.22213590976455,-2.9497079232391363,270.71582734704583,67.22213590976455,-2.9497079232391363,ESTIMA,3.07,423.37,-6.98,148.52,267.646,152.654,81.298,74.202,20.0,0.0
1779201608.1364233,270.71582734704583,67.22213590976455,-2.9497079232391363,270.71582734704583,67.22213590976455,-2.9497079232391363,ESTIMA,3.07,423.37,-6.98,148.52,267.646,152.654,81.298,74.202,20.0,0.0
1779201608.1866624,270.71582734704583,67.22213590976455,-2.9497079232391363,270.71582734704583,67.22213590976455,-2.9497079232391363,ESTIMA,3.07,423.37,-6.98,148.52,267.646,152.654,81.298,74.202,20.0,0.0
1779201608.2369199,266.22690263098355,66.35005010868386,-2.9005445482570105,266.22690263098355,66.35005010868386,-2.9005445482570105,ESTIMA,3.07,423.37,-6.98,148.52,263.157,157.143,82.17,73.33,20.0,0.0
1779201608.287195,264.56404277037706,65.94127282672817,-2.8820237652053167,264.56404277037706,65.94127282672817,-2.8820237652053167,ESTIMA,3.07,423.37,-6.98,148.52,261.494,158.806,82.579,72.921,20.0,0.0
1779201608.337499,264.56404277037706,65.94127282672817,-2.8820237652053167,264.56404277037706,65.94127282672817,-2.8820237652053167,ESTIMA,3.07,423.37,-6.98,148.52,261.494,158.806,82.579,72.921,20.0,0.0
1779201608.3877318,261.3779707079839,65.09517961158505,-2.8470234728789805,261.3779707079839,65.09517961158505,-2.8470234728789805,ESTIMA,3.07,423.37,-6.98,148.52,258.308,161.992,83.425,72.075,20.0,0.0
1779201608.4378834,261.3779707079839,65.09517961158505,-2.8470234728789805,261.3779707079839,65.09517961158505,-2.8470234728789805,ESTIMA,3.07,423.37,-6.98,148.52,258.308,161.992,83.425,72.075,20.0,0.0
1779201608.488052,258.38124712662153,64.18598661517034,-2.808720325397628,258.38124712662153,64.18598661517034,-2.808720325397628,ESTIMA,3.07,423.37,-6.98,148.52,255.311,164.989,84.334,71.166,20.0,0.0
1779201608.538202,258.38124712662153,64.18598661517034,-2.808720325397628,258.38124712662153,64.18598661517034,-2.808720325397628,ESTIMA,3.07,423.37,-6.98,148.52,255.311,164.989,84.334,71.166,20.0,0.0
1779201608.5883608,255.49593146747242,63.18842520759675,-2.769443687649823,255.49593146747242,63.18842520759675,-2.769443687649823,ESTIMA,3.07,423.37,-6.98,148.52,252.426,167.874,85.332,70.168,20.0,0.0
1779201608.6385467,255.49593146747242,63.18842520759675,-2.769443687649823,255.49593146747242,63.18842520759675,-2.769443687649823,ESTIMA,3.07,423.37,-6.98,148.52,252.426,167.874,85.332,70.168,20.0,0.0
1779201608.6887965,255.49593146747242,63.18842520759675,-2.769443687649823,255.49593146747242,63.18842520759675,-2.769443687649823,ESTIMA,3.07,423.37,-6.98,148.52,252.426,167.874,85.332,70.168,20.0,0.0
1779201608.7390718,251.00315651083508,61.43472675489273,-2.7066310701695637,251.00315651083508,61.43472675489273,-2.7066310701695637,ESTIMA,3.07,423.37,-6.98,148.52,247.933,172.367,87.085,68.415,20.0,0.0
1779201608.7893524,249.55473063563576,60.76173024577204,-2.687139161458958,249.55473063563576,60.76173024577204,-2.687139161458958,ESTIMA,3.07,423.37,-6.98,148.52,246.485,173.815,87.758,67.742,20.0,0.0
1779201608.839644,249.55473063563576,60.76173024577204,-2.687139161458958,249.55473063563576,60.76173024577204,-2.687139161458958,ESTIMA,3.07,423.37,-6.98,148.52,246.485,173.815,87.758,67.742,20.0,0.0
1779201608.889868,246.7833515768591,59.40774633587748,-2.6449873750557438,246.7833515768591,59.40774633587748,-2.6449873750557438,ESTIMA,3.07,423.37,-6.98,148.52,243.713,176.587,89.112,66.388,20.0,0.0
1779201608.940142,246.7833515768591,59.40774633587748,-2.6449873750557438,246.7833515768591,59.40774633587748,-2.6449873750557438,ESTIMA,3.07,423.37,-6.98,148.52,243.713,176.587,89.112,66.388,20.0,0.0
1779201608.9903183,243.94316222061622,57.86863986060492,-2.6035275079254263,243.94316222061622,57.86863986060492,-2.6035275079254263,ESTIMA,3.07,423.37,-6.98,148.52,240.873,179.427,90.651,64.849,20.0,0.0
1779201609.04049,243.94316222061622,57.86863986060492,-2.6035275079254263,243.94316222061622,57.86863986060492,-2.6035275079254263,ESTIMA,3.07,423.37,-6.98,148.52,240.873,179.427,90.651,64.849,20.0,0.0
1779201609.0906763,241.3633891722686,56.32902462752582,-2.5641632546806385,241.3633891722686,56.32902462752582,-2.5641632546806385,ESTIMA,3.07,423.37,-6.98,148.52,238.293,182.007,92.191,63.309,20.0,0.0
1779201609.1408343,241.3633891722686,56.32902462752582,-2.5641632546806385,241.3633891722686,56.32902462752582,-2.5641632546806385,ESTIMA,3.07,423.37,-6.98,148.52,238.293,182.007,92.191,63.309,20.0,0.0
1779201609.191038,241.3633891722686,56.32902462752582,-2.5641632546806385,241.3633891722686,56.32902462752582,-2.5641632546806385,ESTIMA,3.07,423.37,-6.98,148.52,238.293,182.007,92.191,63.309,20.0,0.0
1779201609.2412992,238.49762646959365,54.461978514593426,-2.522018717385889,238.49762646959365,54.461978514593426,-2.522018717385889,ESTIMA,3.07,423.37,-6.98,148.52,235.428,184.872,94.058,61.442,20.0,0.0
1779201609.2915688,238.49762646959365,54.461978514593426,-2.522018717385889,238.49762646959365,54.461978514593426,-2.522018717385889,ESTIMA,3.07,423.37,-6.98,148.52,235.428,184.872,94.058,61.442,20.0,0.0
1779201609.3418167,236.02479732831907,52.69819359361303,-2.4828411367975125,236.02479732831907,52.69819359361303,-2.4828411367975125,ESTIMA,3.07,423.37,-6.98,148.52,232.955,187.345,95.822,59.678,20.0,0.0
1779201609.3919835,236.02479732831907,52.69819359361303,-2.4828411367975125,236.02479732831907,52.69819359361303,-2.4828411367975125,ESTIMA,3.07,423.37,-6.98,148.52,232.955,187.345,95.822,59.678,20.0,0.0
1779201609.4421325,233.65295019478108,50.86213165401131,-2.4444682758690934,233.65295019478108,50.86213165401131,-2.4444682758690934,ESTIMA,3.07,423.37,-6.98,148.52,230.583,189.717,97.658,57.842,20.0,0.0
1779201609.4922814,233.65295019478108,50.86213165401131,-2.4444682758690934,233.65295019478108,50.86213165401131,-2.4444682758690934,ESTIMA,3.07,423.37,-6.98,148.52,230.583,189.717,97.658,57.842,20.0,0.0
1779201609.5425138,231.09771605543241,48.72241815880773,-2.400012828770061,231.09771605543241,48.72241815880773,-2.400012828770061,ESTIMA,3.07,423.37,-6.98,148.52,228.028,192.272,99.798,55.702,20.0,0.0
1779201609.5927746,231.09771605543241,48.72241815880773,-2.400012828770061,231.09771605543241,48.72241815880773,-2.400012828770061,ESTIMA,3.07,423.37,-6.98,148.52,228.028,192.272,99.798,55.702,20.0,0.0
1779201609.642946,228.83943435026268,46.65385312614512,-2.364040696019042,228.83943435026268,46.65385312614512,-2.364040696019042,ESTIMA,3.07,423.37,-6.98,148.52,225.769,194.531,101.866,53.634,20.0,0.0
1779201609.6930923,228.83943435026268,46.65385312614512,-2.364040696019042,228.83943435026268,46.65385312614512,-2.364040696019042,ESTIMA,3.07,423.37,-6.98,148.52,225.769,194.531,101.866,53.634,20.0,0.0
1779201609.7432377,226.58335733102328,44.43290449254127,-2.3259836831896354,226.58335733102328,44.43290449254127,-2.3259836831896354,ESTIMA,3.07,423.37,-6.98,148.52,223.513,196.787,104.087,51.413,20.0,0.0
1779201609.7934127,226.58335733102328,44.43290449254127,-2.3259836831896354,226.58335733102328,44.43290449254127,-2.3259836831896354,ESTIMA,3.07,423.37,-6.98,148.52,223.513,196.787,104.087,51.413,20.0,0.0
1779201609.8436787,224.43342547164073,42.148981534264045,-2.2903388548428767,224.43342547164073,42.148981534264045,-2.2903388548428767,ESTIMA,3.07,423.37,-6.98,148.52,221.363,198.937,106.371,49.129,20.0,0.0
1779201609.89394,224.43342547164073,42.148981534264045,-2.2903388548428767,224.43342547164073,42.148981534264045,-2.2903388548428767,ESTIMA,3.07,423.37,-6.98,148.52,221.363,198.937,106.371,49.129,20.0,0.0
1779201609.9441478,224.43342547164073,42.148981534264045,-2.2903388548428767,224.43342547164073,42.148981534264045,-2.2903388548428767,ESTIMA,3.07,423.37,-6.98,148.52,221.363,198.937,106.371,49.129,20.0,0.0
1779201609.9943328,221.71414929174344,39.04570194805152,-2.2383446254241073,221.71414929174344,39.04570194805152,-2.2383446254241073,ESTIMA,3.07,423.37,-6.98,148.52,218.644,201.656,109.474,46.026,20.0,0.0
1779201610.0445054,220.36655963838274,37.336151483048496,-2.2145760127845078,220.36655963838274,37.336151483048496,-2.2145760127845078,ESTIMA,3.07,423.37,-6.98,148.52,217.297,203.003,111.184,44.316,20.0,0.0
1779201610.0947287,220.36655963838274,37.336151483048496,-2.2145760127845078,220.36655963838274,37.336151483048496,-2.2145760127845078,ESTIMA,3.07,423.37,-6.98,148.52,217.297,203.003,111.184,44.316,20.0,0.0
1779201610.144879,218.54331471203258,34.90656859759586,-2.179414450120741,218.54331471203258,34.90656859759586,-2.179414450120741,ESTIMA,3.07,423.37,-6.98,148.52,215.473,204.827,113.613,41.887,20.0,0.0
1779201610.1950302,218.54331471203258,34.90656859759586,-2.179414450120741,218.54331471203258,34.90656859759586,-2.179414450120741,ESTIMA,3.07,423.37,-6.98,148.52,215.473,204.827,113.613,41.887,20.0,0.0
1779201610.2452564,218.54331471203258,34.90656859759586,-2.179414450120741,218.54331471203258,34.90656859759586,-2.179414450120741,ESTIMA,3.07,423.37,-6.98,148.52,215.473,204.827,113.613,41.887,20.0,0.0
1779201610.295507,216.30633510011833,31.696502061706404,-2.1385891020336953,216.30633510011833,31.696502061706404,-2.1385891020336953,ESTIMA,3.07,423.37,-6.98,148.52,213.236,207.064,116.823,38.677,20.0,0.0
1779201610.3457263,215.10628637734288,29.81513187773525,-2.115235815153293,215.10628637734288,29.81513187773525,-2.115235815153293,ESTIMA,3.07,423.37,-6.98,148.52,212.036,208.264,118.705,36.795,20.0,0.0
1779201610.3959017,215.10628637734288,29.81513187773525,-2.115235815153293,215.10628637734288,29.81513187773525,-2.115235815153293,ESTIMA,3.07,423.37,-6.98,148.52,212.036,208.264,118.705,36.795,20.0,0.0
1779201610.44639,213.55723366732278,27.25674579630947,-2.0844266703590417,213.55723366732278,27.25674579630947,-2.0844266703590417,ESTIMA,3.07,423.37,-6.98,148.52,210.487,209.813,121.263,34.237,20.0,0.0
1779201610.496599,213.55723366732278,27.25674579630947,-2.0844266703590417,213.55723366732278,27.25674579630947,-2.0844266703590417,ESTIMA,3.07,423.37,-6.98,148.52,210.487,209.813,121.263,34.237,20.0,0.0
1779201610.5467262,211.85462473839883,24.238656171626786,-2.0446668004477035,211.85462473839883,24.238656171626786,-2.0446668004477035,ESTIMA,3.07,423.37,-6.98,148.52,208.785,211.515,124.281,31.219,20.0,0.0
1779201610.5968575,211.85462473839883,24.238656171626786,-2.0446668004477035,211.85462473839883,24.238656171626786,-2.0446668004477035,ESTIMA,3.07,423.37,-6.98,148.52,208.785,211.515,124.281,31.219,20.0,0.0
1779201610.6470032,210.5783321703174,21.7500029586928,-2.0130816079822953,210.5783321703174,21.7500029586928,-2.0130816079822953,ESTIMA,3.07,423.37,-6.98,148.52,207.508,212.792,126.77,28.73,20.0,0.0
1779201610.69713,210.5783321703174,21.7500029586928,-2.0130816079822953,210.5783321703174,21.7500029586928,-2.0130816079822953,ESTIMA,3.07,423.37,-6.98,148.52,207.508,212.792,126.77,28.73,20.0,0.0
1779201610.747269,209.2448518241362,18.93423047495621,-1.975290834788472,209.2448518241362,18.93423047495621,-1.975290834788472,ESTIMA,3.07,423.37,-6.98,148.52,206.175,214.125,129.586,25.914,20.0,0.0
1779201610.7974586,209.2448518241362,18.93423047495621,-1.975290834788472,209.2448518241362,18.93423047495621,-1.975290834788472,ESTIMA,3.07,423.37,-6.98,148.52,206.175,214.125,129.586,25.914,20.0,0.0
1779201610.847726,208.08048045348852,16.214380109637816,-1.9394851938383566,208.08048045348852,16.214380109637816,-1.9394851938383566,ESTIMA,3.07,423.37,-6.98,148.52,205.01,215.29,132.306,23.194,20.0,0.0
1779201610.897935,208.08048045348852,16.214380109637816,-1.9394851938383566,208.08048045348852,16.214380109637816,-1.9394851938383566,ESTIMA,3.07,423.37,-6.98,148.52,205.01,215.29,132.306,23.194,20.0,0.0
1779201610.948109,208.08048045348852,16.214380109637816,-1.9394851938383566,208.08048045348852,16.214380109637816,-1.9394851938383566,ESTIMA,3.07,423.37,-6.98,148.52,205.01,215.29,132.306,23.194,20.0,0.0
1779201610.9982877,206.33524157614,11.697196714666376,-1.8835893069913339,206.33524157614,11.697196714666376,-1.8835893069913339,ESTIMA,3.07,423.37,-6.98,148.52,203.265,217.035,136.823,18.677,20.0,0.0
1779201611.048537,206.33524157614,11.697196714666376,-1.8835893069913339,206.33524157614,11.697196714666376,-1.8835893069913339,ESTIMA,3.07,423.37,-6.98,148.52,203.265,217.035,136.823,18.677,20.0,0.0
1779201611.098783,205.78343674313146,9.990987538450025,-1.8620569595188086,205.78343674313146,9.990987538450025,-1.8620569595188086,ESTIMA,3.07,423.37,-6.98,148.52,202.713,217.587,138.529,16.971,20.0,0.0
1779201611.1489434,204.9894457951048,7.342463497275611,-1.8297624913130248,204.9894457951048,7.342463497275611,-1.8297624913130248,ESTIMA,3.07,423.37,-6.98,148.52,201.919,218.381,141.178,14.322,20.0,0.0
1779201611.1991057,204.9894457951048,7.342463497275611,-1.8297624913130248,204.9894457951048,7.342463497275611,-1.8297624913130248,ESTIMA,3.07,423.37,-6.98,148.52,201.919,218.381,141.178,14.322,20.0,0.0
1779201611.2493272,204.9894457951048,7.342463497275611,-1.8297624913130248,204.9894457951048,7.342463497275611,-1.8297624913130248,ESTIMA,3.07,423.37,-6.98,148.52,201.919,218.381,141.178,14.322,20.0,0.0
1779201611.299698,204.1850030844925,4.305854882233252,-1.793504422124497,204.1850030844925,4.305854882233252,-1.793504422124497,ESTIMA,3.07,423.37,-6.98,148.52,201.115,219.185,144.214,11.286,20.0,0.0
1779201611.3500881,204.1850030844925,4.305854882233252,-1.793504422124497,204.1850030844925,4.305854882233252,-1.793504422124497,ESTIMA,3.07,423.37,-6.98,148.52,201.115,219.185,144.214,11.286,20.0,0.0
1779201611.400413,203.49689595754546,1.2673803316791683,-1.7557473558010925,203.49689595754546,1.2673803316791683,-1.7557473558010925,ESTIMA,3.07,423.37,-6.98,148.52,200.427,219.873,147.253,8.247,20.0,0.0
1779201611.4506502,203.49689595754546,1.2673803316791683,-1.7557473558010925,203.49689595754546,1.2673803316791683,-1.7557473558010925,ESTIMA,3.07,423.37,-6.98,148.52,200.427,219.873,147.253,8.247,20.0,0.0
1779201611.500831,202.92182554352772,-1.8063970503400344,-1.7179038985575186,202.92182554352772,-1.8063970503400344,-1.7179038985575186,ESTIMA,3.07,423.37,-6.98,148.52,199.852,220.448,150.326,5.174,20.0,0.0
1779201611.5511086,202.92182554352772,-1.8063970503400344,-1.7179038985575186,202.92182554352772,-1.8063970503400344,-1.7179038985575186,ESTIMA,3.07,423.37,-6.98,148.52,199.852,220.448,150.326,5.174,20.0,0.0
1779201611.6014104,202.44474495564543,-5.02604213208015,-1.6775013068017648,202.44474495564543,-5.02604213208015,-1.6775013068017648,ESTIMA,3.07,423.37,-6.98,148.52,199.375,220.925,153.546,1.954,20.0,0.0
1779201611.651841,202.44474495564543,-5.02604213208015,-1.6775013068017648,202.44474495564543,-5.02604213208015,-1.6775013068017648,ESTIMA,3.07,423.37,-6.98,148.52,199.375,220.925,153.546,1.954,20.0,0.0
1779201611.7021372,202.44474495564543,-5.02604213208015,-1.6775013068017648,202.44474495564543,-5.02604213208015,-1.6775013068017648,ESTIMA,3.07,423.37,-6.98,148.52,199.375,220.925,153.546,1.954,20.0,0.0
1779201611.7524147,201.96797719205844,-9.477164314695928,-1.617605908658104,201.96797719205844,-9.477164314695928,-1.617605908658104,ESTIMA,3.07,423.37,-6.98,148.52,198.898,221.402,157.997,-2.497,20.0,0.0
1779201611.8027048,201.85649588455928,-11.857016207498827,-1.5862534908799142,201.85649588455928,-11.857016207498827,-1.5862534908799142,ESTIMA,3.07,423.37,-6.98,148.52,198.786,221.514,160.377,-4.877,20.0,0.0
1779201611.8530095,201.85649588455928,-11.857016207498827,-1.5862534908799142,201.85649588455928,-11.857016207498827,-1.5862534908799142,ESTIMA,3.07,423.37,-6.98,148.52,198.786,221.514,160.377,-4.877,20.0,0.0
1779201611.9032815,201.80943665104084,-14.901267102491403,-1.5447850161727101,201.80943665104084,-14.901267102491403,-1.5447850161727101,ESTIMA,3.07,423.37,-6.98,148.52,198.739,221.561,163.421,-7.921,20.0,0.0
1779201611.9535558,201.80943665104084,-14.901267102491403,-1.5447850161727101,201.80943665104084,-14.901267102491403,-1.5447850161727101,ESTIMA,3.07,423.37,-6.98,148.52,198.739,221.561,163.421,-7.921,20.0,0.0
1779201612.0038717,201.89273150596918,-18.10280007596024,-1.5013979241752924,201.89273150596918,-18.10280007596024,-1.5013979241752924,ESTIMA,3.07,423.37,-6.98,148.52,198.823,221.477,166.623,-11.123,20.0,0.0
1779201612.0541563,201.89273150596918,-18.10280007596024,-1.5013979241752924,201.89273150596918,-18.10280007596024,-1.5013979241752924,ESTIMA,3.07,423.37,-6.98,148.52,198.823,221.477,166.623,-11.123,20.0,0.0
1779201612.104327,202.10952022470977,-21.221612190164116,-1.455910242223976,202.10952022470977,-21.221612190164116,-1.455910242223976,ESTIMA,3.07,423.37,-6.98,148.52,199.04,221.26,169.742,-14.242,20.0,0.0
1779201612.154598,202.10952022470977,-21.221612190164116,-1.455910242223976,202.10952022470977,-21.221612190164116,-1.455910242223976,ESTIMA,3.07,423.37,-6.98,148.52,199.04,221.26,169.742,-14.242,20.0,0.0
1779201612.2048357,202.10952022470977,-21.221612190164116,-1.455910242223976,202.10952022470977,-21.221612190164116,-1.455910242223976,ESTIMA,3.07,423.37,-6.98,148.52,199.04,221.26,169.742,-14.242,20.0,0.0
1779201612.2551022,202.6466419825119,-25.8762799396143,-1.391264151684265,202.6466419825119,-25.8762799396143,-1.391264151684265,ESTIMA,3.07,423.37,-6.98,148.52,199.577,220.723,174.396,-18.896,20.0,0.0
1779201612.3053484,202.95030694373563,-27.549491845054373,-1.3665028522045104,202.95030694373563,-27.549491845054373,-1.3665028522045104,ESTIMA,3.07,423.37,-6.98,148.52,199.88,220.42,176.069,-20.569,20.0,0.0
1779201612.3555937,202.95030694373563,-27.549491845054373,-1.3665028522045104,202.95030694373563,-27.549491845054373,-1.3665028522045104,ESTIMA,3.07,423.37,-6.98,148.52,199.88,220.42,176.069,-20.569,20.0,0.0
1779201612.4058218,203.5808049007951,-30.592672762953047,-1.3201454169141742,203.5808049007951,-30.592672762953047,-1.3201454169141742,ESTIMA,3.07,423.37,-6.98,148.52,200.511,219.789,179.113,-23.613,20.0,0.0
1779201612.4560037,203.5808049007951,-30.592672762953047,-1.3201454169141742,203.5808049007951,-30.592672762953047,-1.3201454169141742,ESTIMA,3.07,423.37,-6.98,148.52,200.511,219.789,179.113,-23.613,20.0,0.0
1779201612.506183,204.36460698379364,-33.65397650271126,-1.2728770604342907,204.36460698379364,-33.65397650271126,-1.2728770604342907,ESTIMA,3.07,423.37,-6.98,148.52,201.295,219.005,182.174,-26.674,20.0,0.0
1779201612.556359,204.36460698379364,-33.65397650271126,-1.2728770604342907,204.36460698379364,-33.65397650271126,-1.2728770604342907,ESTIMA,3.07,423.37,-6.98,148.52,201.295,219.005,182.174,-26.674,20.0,0.0
1779201612.60664,204.36460698379364,-33.65397650271126,-1.2728770604342907,204.36460698379364,-33.65397650271126,-1.2728770604342907,ESTIMA,3.07,423.37,-6.98,148.52,201.295,219.005,182.174,-26.674,20.0,0.0
1779201612.6569402,205.32069265851243,-36.76767508996501,-1.217395376680388,205.32069265851243,-36.76767508996501,-1.217395376680388,ESTIMA,3.07,423.37,-6.98,148.52,202.251,218.049,185.288,-29.788,20.0,0.0
1779201612.707114,205.32069265851243,-36.76767508996501,-1.217395376680388,205.32069265851243,-36.76767508996501,-1.217395376680388,ESTIMA,3.07,423.37,-6.98,148.52,202.251,218.049,185.288,-29.788,20.0,0.0
1779201612.757366,206.43397746783074,-39.78562791447137,-1.1700741395409766,206.43397746783074,-39.78562791447137,-1.1700741395409766,ESTIMA,3.07,423.37,-6.98,148.52,203.364,216.936,188.306,-32.806,20.0,0.0
1779201612.8076413,206.43397746783074,-39.78562791447137,-1.1700741395409766,206.43397746783074,-39.78562791447137,-1.1700741395409766,ESTIMA,3.07,423.37,-6.98,148.52,203.364,216.936,188.306,-32.806,20.0,0.0
1779201612.8578446,207.60610664085777,-42.55240159720793,-1.1247653328621745,207.60610664085777,-42.55240159720793,-1.1247653328621745,ESTIMA,3.07,423.37,-6.98,148.52,204.536,215.764,191.072,-35.572,20.0,0.0
1779201612.9079905,207.60610664085777,-42.55240159720793,-1.1247653328621745,207.60610664085777,-42.55240159720793,-1.1247653328621745,ESTIMA,3.07,423.37,-6.98,148.52,204.536,215.764,191.072,-35.572,20.0,0.0
1779201612.9581428,209.3818098035575,-46.2659467666219,-1.0713760179000407,209.3818098035575,-46.2659467666219,-1.0713760179000407,ESTIMA,3.07,423.37,-6.98,148.52,206.312,213.988,194.786,-39.286,20.0,0.0
1779201613.0082948,209.3818098035575,-46.2659467666219,-1.0713760179000407,209.3818098035575,-46.2659467666219,-1.0713760179000407,ESTIMA,3.07,423.37,-6.98,148.52,206.312,213.988,194.786,-39.286,20.0,0.0
1779201613.0584404,210.4680879503051,-48.25710813877297,-1.0360997111164807,210.4680879503051,-48.25710813877297,-1.0360997111164807,ESTIMA,3.07,423.37,-6.98,148.52,207.398,212.902,196.777,-41.277,20.0,0.0
1779201613.10871,210.4680879503051,-48.25710813877297,-1.0360997111164807,210.4680879503051,-48.25710813877297,-1.0360997111164807,ESTIMA,3.07,423.37,-6.98,148.52,207.398,212.902,196.777,-41.277,20.0,0.0
1779201613.159032,212.08608682794548,-50.98909097876174,-0.989274429408702,212.08608682794548,-50.98909097876174,-0.989274429408702,ESTIMA,3.07,423.37,-6.98,148.52,209.016,211.284,199.509,-44.009,20.0,0.0
1779201613.209321,212.08608682794548,-50.98909097876174,-0.989274429408702,212.08608682794548,-50.98909097876174,-0.989274429408702,ESTIMA,3.07,423.37,-6.98,148.52,209.016,211.284,199.509,-44.009,20.0,0.0
1779201613.259703,213.85846048934008,-53.6853487126818,-0.9319569377457653,213.85846048934008,-53.6853487126818,-0.9319569377457653,ESTIMA,3.07,423.37,-6.98,148.52,210.788,209.512,202.205,-46.705,20.0,0.0
1779201613.3100753,213.85846048934008,-53.6853487126818,-0.9319569377457653,213.85846048934008,-53.6853487126818,-0.9319569377457653,ESTIMA,3.07,423.37,-6.98,148.52,210.788,209.512,202.205,-46.705,20.0,0.0
1779201613.3605092,215.80784300355768,-56.30992645175148,-0.8755786125736325,215.80784300355768,-56.30992645175148,-0.8755786125736325,ESTIMA,3.07,423.37,-6.98,148.52,212.738,207.562,204.83,-49.33,20.0,0.0
1779201613.4108276,215.80784300355768,-56.30992645175148,-0.8755786125736325,215.80784300355768,-56.30992645175148,-0.8755786125736325,ESTIMA,3.07,423.37,-6.98,148.52,212.738,207.562,204.83,-49.33,20.0,0.0
1779201613.4611678,217.8808945384441,-58.79516457251055,-0.809927133748715,217.8808945384441,-58.79516457251055,-0.809927133748715,ESTIMA,3.07,423.37,-6.98,148.52,214.811,205.489,207.315,-51.815,20.0,0.0
1779201613.5114071,217.8808945384441,-58.79516457251055,-0.809927133748715,217.8808945384441,-58.79516457251055,-0.809927133748715,ESTIMA,3.07,423.37,-6.98,148.52,214.811,205.489,207.315,-51.815,20.0,0.0
1779201613.56164,220.2501111562116,-61.28355724711554,-0.74226472697015,220.2501111562116,-61.28355724711554,-0.74226472697015,ESTIMA,3.07,423.37,-6.98,148.52,217.18,203.12,209.804,-54.304,20.0,0.0
1779201613.6118734,220.2501111562116,-61.28355724711554,-0.74226472697015,220.2501111562116,-61.28355724711554,-0.74226472697015,ESTIMA,3.07,423.37,-6.98,148.52,217.18,203.12,209.804,-54.304,20.0,0.0
1779201613.6620624,222.816050635544,-63.63716792728468,-0.6707148815252603,222.816050635544,-63.63716792728468,-0.6707148815252603,ESTIMA,3.07,423.37,-6.98,148.52,219.746,200.554,212.157,-56.657,20.0,0.0
1779201613.712246,222.816050635544,-63.63716792728468,-0.6707148815252603,222.816050635544,-63.63716792728468,-0.6707148815252603,ESTIMA,3.07,423.37,-6.98,148.52,219.746,200.554,212.157,-56.657,20.0,0.0
1779201613.762516,225.30013527092947,-65.60808644167933,-0.6114544898710251,225.30013527092947,-65.60808644167933,-0.6114544898710251,ESTIMA,3.07,423.37,-6.98,148.52,222.23,198.07,214.128,-58.628,20.0,0.0
1779201613.8127027,225.30013527092947,-65.60808644167933,-0.6114544898710251,225.30013527092947,-65.60808644167933,-0.6114544898710251,ESTIMA,3.07,423.37,-6.98,148.52,222.23,198.07,214.128,-58.628,20.0,0.0
1779201613.8628862,228.1149508305557,-67.58151438359988,-0.5408279397020211,228.1149508305557,-67.58151438359988,-0.5408279397020211,ESTIMA,3.07,423.37,-6.98,148.52,225.045,195.255,216.102,-60.602,20.0,0.0
1779201613.9130566,228.1149508305557,-67.58151438359988,-0.5408279397020211,228.1149508305557,-67.58151438359988,-0.5408279397020211,ESTIMA,3.07,423.37,-6.98,148.52,225.045,195.255,216.102,-60.602,20.0,0.0
1779201613.9633014,228.1149508305557,-67.58151438359988,-0.5408279397020211,228.1149508305557,-67.58151438359988,-0.5408279397020211,ESTIMA,3.07,423.37,-6.98,148.52,225.045,195.255,216.102,-60.602,20.0,0.0
1779201614.013514,232.5864707427543,-70.26691076917153,-0.43583127048673376,232.5864707427543,-70.26691076917153,-0.43583127048673376,ESTIMA,3.07,423.37,-6.98,148.52,229.516,190.784,218.787,-63.287,20.0,0.0
1779201614.0637233,234.06270278050488,-70.95438879616582,-0.40043992455708366,234.06270278050488,-70.95438879616582,-0.40043992455708366,ESTIMA,3.07,423.37,-6.98,148.52,230.993,189.307,219.474,-63.974,20.0,0.0
1779201614.113885,234.06270278050488,-70.95438879616582,-0.40043992455708366,234.06270278050488,-70.95438879616582,-0.40043992455708366,ESTIMA,3.07,423.37,-6.98,148.52,230.993,189.307,219.474,-63.974,20.0,0.0
1779201614.1640384,234.06270278050488,-70.95438879616582,-0.40043992455708366,234.06270278050488,-70.95438879616582,-0.40043992455708366,ESTIMA,3.07,423.37,-6.98,148.52,230.993,189.307,219.474,-63.974,20.0,0.0
1779201614.21424,238.31518182706287,-72.75451368802462,-0.3021438008807064,238.31518182706287,-72.75451368802462,-0.3021438008807064,ESTIMA,3.07,423.37,-6.98,148.52,235.245,185.055,221.275,-65.775,20.0,0.0
1779201614.2644858,240.20616912914574,-73.34390937605183,-0.2578639592038341,240.20616912914574,-73.34390937605183,-0.2578639592038341,ESTIMA,3.07,423.37,-6.98,148.52,237.136,183.164,221.864,-66.364,20.0,0.0
1779201614.3148687,240.20616912914574,-73.34390937605183,-0.2578639592038341,240.20616912914574,-73.34390937605183,-0.2578639592038341,ESTIMA,3.07,423.37,-6.98,148.52,237.136,183.164,221.864,-66.364,20.0,0.0
1779201614.3652306,243.38725462830297,-74.18287497761094,-0.18840951557160013,243.38725462830297,-74.18287497761094,-0.18840951557160013,ESTIMA,3.07,423.37,-6.98,148.52,240.317,179.983,222.703,-67.203,20.0,0.0
1779201614.4155385,243.38725462830297,-74.18287497761094,-0.18840951557160013,243.38725462830297,-74.18287497761094,-0.18840951557160013,ESTIMA,3.07,423.37,-6.98,148.52,240.317,179.983,222.703,-67.203,20.0,0.0
1779201614.4658341,246.63746643025178,-74.8025962062165,-0.11976941670536624,246.63746643025178,-74.8025962062165,-0.11976941670536624,ESTIMA,3.07,423.37,-6.98,148.52,243.567,176.733,223.323,-67.823,20.0,0.0
1779201614.5161119,246.63746643025178,-74.8025962062165,-0.11976941670536624,246.63746643025178,-74.8025962062165,-0.11976941670536624,ESTIMA,3.07,423.37,-6.98,148.52,243.567,176.733,223.323,-67.823,20.0,0.0
1779201614.5663776,246.63746643025178,-74.8025962062165,-0.11976941670536624,246.63746643025178,-74.8025962062165,-0.11976941670536624,ESTIMA,3.07,423.37,-6.98,148.52,243.567,176.733,223.323,-67.823,20.0,0.0
1779201614.6167424,250.16857965386237,-75.22754946737973,-0.05088913609968927,250.16857965386237,-75.22754946737973,-0.05088913609968927,ESTIMA,3.07,423.37,-6.98,148.52,247.099,173.201,223.748,-68.248,20.0,0.0
1779201614.6671083,250.16857965386237,-75.22754946737973,-0.05088913609968927,250.16857965386237,-75.22754946737973,-0.05088913609968927,ESTIMA,3.07,423.37,-6.98,148.52,247.099,173.201,223.748,-68.248,20.0,0.0
1779201614.717346,253.52260044206903,-75.39838018022128,0.017873029453085346,253.52260044206903,-75.39838018022128,0.017873029453085346,ESTIMA,3.07,423.37,-6.98,148.52,250.453,169.847,223.918,-68.418,20.0,0.0
1779201614.7676408,253.52260044206903,-75.39838018022128,0.017873029453085346,253.52260044206903,-75.39838018022128,0.017873029453085346,ESTIMA,3.07,423.37,-6.98,148.52,250.453,169.847,223.918,-68.418,20.0,0.0
1779201614.8179584,256.61600188452763,-75.34308583716745,0.08159288160123375,256.61600188452763,-75.34308583716745,0.08159288160123375,ESTIMA,3.07,423.37,-6.98,148.52,253.546,166.754,223.863,-68.363,20.0,0.0
1779201614.8682485,256.61600188452763,-75.34308583716745,0.08159288160123375,256.61600188452763,-75.34308583716745,0.08159288160123375,ESTIMA,3.07,423.37,-6.98,148.52,253.546,166.754,223.863,-68.363,20.0,0.0
1779201614.9185653,259.86938651682414,-75.07704216162563,0.14728501639721786,259.86938651682414,-75.07704216162563,0.14728501639721786,ESTIMA,3.07,423.37,-6.98,148.52,256.799,163.501,223.597,-68.097,20.0,0.0
1779201614.9688873,263.02312348689935,-74.60915579027167,0.20969382746380652,263.02312348689935,-74.60915579027167,0.20969382746380652,ESTIMA,3.07,423.37,-6.98,148.52,259.953,160.347,223.129,-67.629,20.0,0.0
1779201615.0191712,263.02312348689935,-74.60915579027167,0.20969382746380652,263.02312348689935,-74.60915579027167,0.20969382746380652,ESTIMA,3.07,423.37,-6.98,148.52,259.953,160.347,223.129,-67.629,20.0,0.0
1779201615.0694647,263.02312348689935,-74.60915579027167,0.20969382746380652,263.02312348689935,-74.60915579027167,0.20969382746380652,ESTIMA,3.07,423.37,-6.98,148.52,259.953,160.347,223.129,-67.629,20.0,0.0
1779201615.1198459,266.32893196727275,-73.9056057504274,0.27995237899721037,266.32893196727275,-73.9056057504274,0.27995237899721037,ESTIMA,3.07,423.37,-6.98,148.52,263.259,157.041,222.426,-66.926,20.0,0.0
1779201615.170142,266.32893196727275,-73.9056057504274,0.27995237899721037,266.32893196727275,-73.9056057504274,0.27995237899721037,ESTIMA,3.07,423.37,-6.98,148.52,263.259,157.041,222.426,-66.926,20.0,0.0
1779201615.2203581,269.7086288422592,-72.93393354459799,0.3491938074550663,269.7086288422592,-72.93393354459799,0.3491938074550663,ESTIMA,3.07,423.37,-6.98,148.52,266.639,153.661,221.454,-65.954,20.0,0.0
1779201615.2705743,269.7086288422592,-72.93393354459799,0.3491938074550663,269.7086288422592,-72.93393354459799,0.3491938074550663,ESTIMA,3.07,423.37,-6.98,148.52,266.639,153.661,221.454,-65.954,20.0,0.0
1779201615.3208323,272.6973434498656,-71.84569727963884,0.41109213448236903,272.6973434498656,-71.84569727963884,0.41109213448236903,ESTIMA,3.07,423.37,-6.98,148.52,269.627,150.673,220.366,-64.866,20.0,0.0
1779201615.3711078,272.6973434498656,-71.84569727963884,0.41109213448236903,272.6973434498656,-71.84569727963884,0.41109213448236903,ESTIMA,3.07,423.37,-6.98,148.52,269.627,150.673,220.366,-64.866,20.0,0.0
1779201615.4213173,275.6211064543255,-70.5711404979751,0.46588881875318167,275.6211064543255,-70.5711404979751,0.46588881875318167,ESTIMA,3.07,423.37,-6.98,148.52,272.551,147.749,219.091,-63.591,20.0,0.0
1779201615.4716053,275.6211064543255,-70.5711404979751,0.46588881875318167,275.6211064543255,-70.5711404979751,0.46588881875318167,ESTIMA,3.07,423.37,-6.98,148.52,272.551,147.749,219.091,-63.591,20.0,0.0
1779201615.5218453,277.87564141825806,-69.43754981242355,0.5665991363150785,277.87564141825806,-69.43754981242355,0.5665991363150785,ESTIMA,3.07,423.37,-6.98,148.52,274.806,145.494,217.958,-62.458,20.0,0.0
1779201615.5720417,277.87564141825806,-69.43754981242355,0.5665991363150785,277.87564141825806,-69.43754981242355,0.5665991363150785,ESTIMA,3.07,423.37,-6.98,148.52,274.806,145.494,217.958,-62.458,20.0,0.0
1779201615.622271,280.31266872777826,-67.88715960295461,0.6421472757354583,280.31266872777826,-67.88715960295461,0.6421472757354583,ESTIMA,3.07,423.37,-6.98,148.52,277.243,143.057,216.407,-60.907,20.0,0.0
1779201615.672444,280.31266872777826,-67.88715960295461,0.6421472757354583,280.31266872777826,-67.88715960295461,0.6421472757354583,ESTIMA,3.07,423.37,-6.98,148.52,277.243,143.057,216.407,-60.907,20.0,0.0
1779201615.7227318,280.31266872777826,-67.88715960295461,0.6421472757354583,280.31266872777826,-67.88715960295461,0.6421472757354583,ESTIMA,3.07,423.37,-6.98,148.52,277.243,143.057,216.407,-60.907,20.0,0.0
1779201615.7729583,284.5024690952442,-64.75366329617272,0.7167755131302461,284.5024690952442,-64.75366329617272,0.7167755131302461,ESTIMA,3.07,423.37,-6.98,148.52,281.432,138.868,213.274,-57.774,20.0,0.0
1779201615.8231485,285.6835239053915,-63.72451687595458,0.7372539406318596,285.6835239053915,-63.72451687595458,0.7372539406318596,ESTIMA,3.07,423.37,-6.98,148.52,282.614,137.686,212.245,-56.745,20.0,0.0
1779201615.8733304,285.6835239053915,-63.72451687595458,0.7372539406318596,285.6835239053915,-63.72451687595458,0.7372539406318596,ESTIMA,3.07,423.37,-6.98,148.52,282.614,137.686,212.245,-56.745,20.0,0.0
1779201615.9235182,285.6835239053915,-63.72451687595458,0.7372539406318596,285.6835239053915,-63.72451687595458,0.7372539406318596,ESTIMA,3.07,423.37,-6.98,148.52,282.614,137.686,212.245,-56.745,20.0,0.0
1779201615.9737399,288.290740844228,-61.35699031506718,0.7838459349701263,288.290740844228,-61.35699031506718,0.7838459349701263,ESTIMA,3.07,423.37,-6.98,148.52,285.221,135.079,209.877,-54.377,20.0,0.0
1779201616.0239184,288.290740844228,-61.35699031506718,0.7838459349701263,288.290740844228,-61.35699031506718,0.7838459349701263,ESTIMA,3.07,423.37,-6.98,148.52,285.221,135.079,209.877,-54.377,20.0,0.0
1779201616.074132,290.00407644974354,-59.64896544680444,0.7187361588445761,290.00407644974354,-59.64896544680444,0.7187361588445761,ESTIMA,3.07,423.37,-6.98,148.52,286.934,133.366,208.169,-52.669,20.0,0.0
1779201616.1243575,290.00407644974354,-59.64896544680444,0.7187361588445761,290.00407644974354,-59.64896544680444,0.7187361588445761,ESTIMA,3.07,423.37,-6.98,148.52,286.934,133.366,208.169,-52.669,20.0,0.0
1779201616.1746526,291.5374288028458,-58.30753617448663,0.6177425809681922,291.5374288028458,-58.30753617448663,0.6177425809681922,ESTIMA,3.07,423.37,-6.98,148.52,288.467,131.833,206.828,-51.328,20.0,0.0
1779201616.224874,291.5374288028458,-58.30753617448663,0.6177425809681922,291.5374288028458,-58.30753617448663,0.6177425809681922,ESTIMA,3.07,423.37,-6.98,148.52,288.467,131.833,206.828,-51.328,20.0,0.0
1779201616.2751694,293.3221600242001,-57.03947297785907,0.514729477751882,293.3221600242001,-57.03947297785907,0.514729477751882,ESTIMA,3.07,423.37,-6.98,148.52,290.252,130.048,205.559,-50.059,20.0,0.0
1779201616.3254697,293.3221600242001,-57.03947297785907,0.514729477751882,293.3221600242001,-57.03947297785907,0.514729477751882,ESTIMA,3.07,423.37,-6.98,148.52,290.252,130.048,205.559,-50.059,20.0,0.0
1779201616.375787,295.9992186949772,-55.5253701437852,0.49111861846047217,295.9992186949772,-55.5253701437852,0.49111861846047217,ESTIMA,3.07,423.37,-6.98,148.52,292.929,127.371,204.045,-48.545,20.0,0.0
1779201616.426066,295.9992186949772,-55.5253701437852,0.49111861846047217,295.9992186949772,-55.5253701437852,0.49111861846047217,ESTIMA,3.07,423.37,-6.98,148.52,292.929,127.371,204.045,-48.545,20.0,0.0
1779201616.4762752,297.53714057738733,-54.702849729279414,0.48071201488748183,297.53714057738733,-54.702849729279414,0.48071201488748183,ESTIMA,3.07,423.37,-6.98,148.52,294.467,125.833,203.223,-47.723,20.0,0.0
1779201616.5264685,297.53714057738733,-54.702849729279414,0.48071201488748183,297.53714057738733,-54.702849729279414,0.48071201488748183,ESTIMA,3.07,423.37,-6.98,148.52,294.467,125.833,203.223,-47.723,20.0,0.0
1779201616.5766509,299.8039360406607,-53.52067922695209,0.5090336274338246,299.8039360406607,-53.52067922695209,0.5090336274338246,ESTIMA,3.07,423.37,-6.98,148.52,296.734,123.566,202.041,-46.541,20.0,0.0
1779201616.6268694,299.8039360406607,-53.52067922695209,0.5090336274338246,299.8039360406607,-53.52067922695209,0.5090336274338246,ESTIMA,3.07,423.37,-6.98,148.52,296.734,123.566,202.041,-46.541,20.0,0.0
1779201616.6770647,302.0084620500533,-52.29035383511813,0.5847646476586952,302.0084620500533,-52.29035383511813,0.5847646476586952,ESTIMA,3.07,423.37,-6.98,148.52,298.938,121.362,200.81,-45.31,20.0,0.0
1779201616.7272837,302.0084620500533,-52.29035383511813,0.5847646476586952,302.0084620500533,-52.29035383511813,0.5847646476586952,ESTIMA,3.07,423.37,-6.98,148.52,298.938,121.362,200.81,-45.31,20.0,0.0
1779201616.7775772,304.72254231063073,-50.493633578453306,0.6641573658844194,304.72254231063073,-50.493633578453306,0.6641573658844194,ESTIMA,3.07,423.37,-6.98,148.52,301.653,118.647,199.014,-43.514,20.0,0.0
1779201616.8278873,304.72254231063073,-50.493633578453306,0.6641573658844194,304.72254231063073,-50.493633578453306,0.6641573658844194,ESTIMA,3.07,423.37,-6.98,148.52,301.653,118.647,199.014,-43.514,20.0,0.0
1779201616.878168,307.02725287239434,-48.68953375292681,0.7298990673083399,307.02725287239434,-48.68953375292681,0.7298990673083399,ESTIMA,3.07,423.37,-6.98,148.52,303.957,116.343,197.21,-41.71,20.0,0.0
1779201616.9285903,307.02725287239434,-48.68953375292681,0.7298990673083399,307.02725287239434,-48.68953375292681,0.7298990673083399,ESTIMA,3.07,423.37,-6.98,148.52,303.957,116.343,197.21,-41.71,20.0,0.0
1779201616.9790142,309.2271219314969,-46.72123219825971,0.802335671398693,309.2271219314969,-46.72123219825971,0.802335671398693,ESTIMA,3.07,423.37,-6.98,148.52,306.157,114.143,195.241,-39.741,20.0,0.0
1779201617.029352,309.2271219314969,-46.72123219825971,0.802335671398693,309.2271219314969,-46.72123219825971,0.802335671398693,ESTIMA,3.07,423.37,-6.98,148.52,306.157,114.143,195.241,-39.741,20.0,0.0
1779201617.079646,311.4330144227641,-44.439320213157046,0.8801491747453216,311.4330144227641,-44.439320213157046,0.8801491747453216,ESTIMA,3.07,423.37,-6.98,148.52,308.363,111.937,192.959,-37.459,20.0,0.0
1779201617.1298933,311.4330144227641,-44.439320213157046,0.8801491747453216,311.4330144227641,-44.439320213157046,0.8801491747453216,ESTIMA,3.07,423.37,-6.98,148.52,308.363,111.937,192.959,-37.459,20.0,0.0
1779201617.1802137,311.4330144227641,-44.439320213157046,0.8801491747453216,311.4330144227641,-44.439320213157046,0.8801491747453216,ESTIMA,3.07,423.37,-6.98,148.52,308.363,111.937,192.959,-37.459,20.0,0.0
1779201617.2305064,313.4728031548395,-41.97111129262969,0.9644962156374929,313.4728031548395,-41.97111129262969,0.9644962156374929,ESTIMA,3.07,423.37,-6.98,148.52,310.403,109.897,190.491,-34.991,20.0,0.0
1779201617.280852,314.85181553948877,-39.982416354878275,1.0305679459635175,314.85181553948877,-39.982416354878275,1.0305679459635175,ESTIMA,3.07,423.37,-6.98,148.52,311.782,108.518,188.502,-33.002,20.0,0.0
1779201617.3312323,314.85181553948877,-39.982416354878275,1.0305679459635175,314.85181553948877,-39.982416354878275,1.0305679459635175,ESTIMA,3.07,423.37,-6.98,148.52,311.782,108.518,188.502,-33.002,20.0,0.0
1779201617.3815641,316.46830715797887,-37.28709616760449,1.1117522641173205,316.46830715797887,-37.28709616760449,1.1117522641173205,ESTIMA,3.07,423.37,-6.98,148.52,313.398,106.902,185.807,-30.307,20.0,0.0
1779201617.431829,316.46830715797887,-37.28709616760449,1.1117522641173205,316.46830715797887,-37.28709616760449,1.1117522641173205,ESTIMA,3.07,423.37,-6.98,148.52,313.398,106.902,185.807,-30.307,20.0,0.0
1779201617.4821017,382.6,63.05,0.969,382.6,63.05,0.969,VISION,3.07,423.37,-6.98,148.52,379.53,40.77,85.47,70.03,20.0,0.0
1779201617.53231,382.6,63.05,0.969,384.3154026358513,65.54775732590686,1.0406126845555348,VISION,3.07,423.37,-6.98,148.52,379.53,40.77,85.47,70.03,20.0,0.0
1779201617.5825486,382.6,63.05,0.969,384.3154026358513,65.54775732590686,1.0406126845555348,VISION,3.07,423.37,-6.98,148.52,379.53,40.77,85.47,70.03,20.0,0.0
1779201617.6327984,382.6,63.05,0.969,385.754772116735,68.00333316278552,1.0993430434025098,VISION,3.07,423.37,-6.98,148.52,379.53,40.77,85.47,70.03,20.0,0.0
1779201617.683098,382.6,63.05,0.969,385.754772116735,68.00333316278552,1.0993430434025098,VISION,3.07,423.37,-6.98,148.52,379.53,40.77,85.47,70.03,20.0,0.0
1779201617.7333803,382.6,63.05,0.969,387.12774698226923,70.6965205400388,1.1619321381428425,VISION,3.07,423.37,-6.98,148.52,379.53,40.77,85.47,70.03,20.0,0.0
1779201617.7836697,382.6,63.05,0.969,387.12774698226923,70.6965205400388,1.1619321381428425,VISION,3.07,423.37,-6.98,148.52,379.53,40.77,85.47,70.03,20.0,0.0
1779201617.83383,382.6,63.05,0.969,388.32870483309875,73.468293285169,1.2258330993848716,VISION,3.07,423.37,-6.98,148.52,379.53,40.77,85.47,70.03,20.0,0.0
1779201617.8841188,382.6,63.05,0.969,388.32870483309875,73.468293285169,1.2258330993848716,VISION,3.07,423.37,-6.98,148.52,379.53,40.77,85.47,70.03,20.0,0.0
1779201617.934342,382.6,63.05,0.969,389.3516884958571,76.31520491977888,1.2984543839465956,VISION,3.07,423.37,-6.98,148.52,379.53,40.77,85.47,70.03,20.0,0.0
1779201617.9846404,389.3516884958571,76.31520491977888,1.2984543839465956,389.3516884958571,76.31520491977888,1.2984543839465956,ESTIMA,3.07,423.37,-6.98,148.52,386.282,34.018,72.205,83.295,20.0,0.0
1779201618.034921,390.14316994829335,79.14920067823269,1.370964207438881,390.14316994829335,79.14920067823269,1.370964207438881,ESTIMA,3.07,423.37,-6.98,148.52,387.073,33.227,69.371,86.129,20.0,0.0
1779201618.0851674,367.41,68.73,1.423,367.41,68.73,1.423,VISION,3.07,423.37,-6.98,148.52,364.34,55.96,79.79,75.71,20.0,0.0
1779201618.135434,367.41,68.73,1.423,367.97385625112827,72.51727058331124,1.514954370733035,VISION,3.07,423.37,-6.98,148.52,364.34,55.96,79.79,75.71,20.0,0.0
1779201618.185663,367.41,68.73,1.423,367.97385625112827,72.51727058331124,1.514954370733035,VISION,3.07,423.37,-6.98,148.52,364.34,55.96,79.79,75.71,20.0,0.0
1779201618.2359083,367.41,68.73,1.423,368.07985718510724,74.41352810687003,1.558350481756246,VISION,3.07,423.37,-6.98,148.52,364.34,55.96,79.79,75.71,20.0,0.0
1779201618.286196,367.41,68.73,1.423,368.07985718510724,74.41352810687003,1.558350481756246,VISION,3.07,423.37,-6.98,148.52,364.34,55.96,79.79,75.71,20.0,0.0
1779201618.3365953,367.41,68.73,1.423,368.1171612268956,77.410682219933,1.6237256320822144,VISION,3.07,423.37,-6.98,148.52,364.34,55.96,79.79,75.71,20.0,0.0
1779201618.3868344,367.41,68.73,1.423,368.1171612268956,77.410682219933,1.6237256320822144,VISION,3.07,423.37,-6.98,148.52,364.34,55.96,79.79,75.71,20.0,0.0
1779201618.4370732,367.41,68.73,1.423,368.1171612268956,77.410682219933,1.6237256320822144,VISION,3.07,423.37,-6.98,148.52,364.34,55.96,79.79,75.71,20.0,0.0
1779201618.4872494,367.41,68.73,1.423,367.8980923832481,81.54571156942868,1.712344094642838,VISION,3.07,423.37,-6.98,148.52,364.34,55.96,79.79,75.71,20.0,0.0
1779201618.5374117,367.41,68.73,1.423,367.6490027046049,83.2937001687086,1.7492732905632304,VISION,3.07,423.37,-6.98,148.52,364.34,55.96,79.79,75.71,20.0,0.0
1779201618.5876772,367.6490027046049,83.2937001687086,1.7492732905632304,367.6490027046049,83.2937001687086,1.7492732905632304,ESTIMA,3.07,423.37,-6.98,148.52,364.579,55.721,65.226,90.274,20.0,0.0
1779201618.637917,367.09198806963514,86.38142442721248,1.8143340883069696,367.09198806963514,86.38142442721248,1.8143340883069696,ESTIMA,3.07,423.37,-6.98,148.52,364.022,56.278,62.139,93.361,20.0,0.0
1779201618.6882071,352.08,68.21,1.815,352.08,68.21,1.815,VISION,3.07,423.37,-6.98,148.52,349.01,71.29,80.31,75.19,20.0,0.0
1779201618.738508,352.08,68.21,1.815,351.33910115352745,71.1833869566892,1.87830514865658,VISION,3.07,423.37,-6.98,148.52,349.01,71.29,80.31,75.19,20.0,0.0
1779201618.7888136,352.08,68.21,1.815,351.33910115352745,71.1833869566892,1.87830514865658,VISION,3.07,423.37,-6.98,148.52,349.01,71.29,80.31,75.19,20.0,0.0
1779201618.8391204,352.08,68.21,1.815,350.5071261895208,73.80309659464511,1.9374336620858508,VISION,3.07,423.37,-6.98,148.52,349.01,71.29,80.31,75.19,20.0,0.0
1779201618.8894396,352.08,68.21,1.815,350.5071261895208,73.80309659464511,1.9374336620858508,VISION,3.07,423.37,-6.98,148.52,349.01,71.29,80.31,75.19,20.0,0.0
1779201618.9397516,352.08,68.21,1.815,350.5071261895208,73.80309659464511,1.9374336620858508,VISION,3.07,423.37,-6.98,148.52,349.01,71.29,80.31,75.19,20.0,0.0
1779201618.990064,352.08,68.21,1.815,349.02606616317826,77.66002726807884,2.030320159459614,VISION,3.07,423.37,-6.98,148.52,349.01,71.29,80.31,75.19,20.0,0.0
1779201619.0402648,352.08,68.21,1.815,348.2754319968719,79.17690163782835,2.0713309864602625,VISION,3.07,423.37,-6.98,148.52,349.01,71.29,80.31,75.19,20.0,0.0
1779201619.0906067,352.08,68.21,1.815,348.2754319968719,79.17690163782835,2.0713309864602625,VISION,3.07,423.37,-6.98,148.52,349.01,71.29,80.31,75.19,20.0,0.0
1779201619.1409733,352.08,68.21,1.815,346.8369952682133,81.80659967988649,2.141132760765015,VISION,3.07,423.37,-6.98,148.52,349.01,71.29,80.31,75.19,20.0,0.0
1779201619.191294,346.8369952682133,81.80659967988649,2.141132760765015,346.8369952682133,81.80659967988649,2.141132760765015,ESTIMA,3.07,423.37,-6.98,148.52,343.767,76.533,66.713,88.787,20.0,0.0
1779201619.241505,338.85,61.91,2.153,338.85,61.91,2.153,VISION,3.07,423.37,-6.98,148.52,335.78,84.52,86.61,68.89,20.0,0.0
1779201619.2918456,338.85,61.91,2.153,338.85,61.91,2.153,VISION,3.07,423.37,-6.98,148.52,335.78,84.52,86.61,68.89,20.0,0.0
1779201619.3420959,338.85,61.91,2.153,337.0767970845335,64.60351670490061,2.2175661162483338,VISION,3.07,423.37,-6.98,148.52,335.78,84.52,86.61,68.89,20.0,0.0
1779201619.392359,338.85,61.91,2.153,337.0767970845335,64.60351670490061,2.2175661162483338,VISION,3.07,423.37,-6.98,148.52,335.78,84.52,86.61,68.89,20.0,0.0
1779201619.4426155,338.85,61.91,2.153,337.0767970845335,64.60351670490061,2.2175661162483338,VISION,3.07,423.37,-6.98,148.52,335.78,84.52,86.61,68.89,20.0,0.0
1779201619.492864,338.85,61.91,2.153,335.06799481333053,67.26375955621529,2.278732449820643,VISION,3.07,423.37,-6.98,148.52,335.78,84.52,86.61,68.89,20.0,0.0
1779201619.5430386,338.85,61.91,2.153,333.48594890499606,69.11205983381741,2.32592614198362,VISION,3.07,423.37,-6.98,148.52,335.78,84.52,86.61,68.89,20.0,0.0
1779201619.5932171,338.85,61.91,2.153,333.48594890499606,69.11205983381741,2.32592614198362,VISION,3.07,423.37,-6.98,148.52,335.78,84.52,86.61,68.89,20.0,0.0
1779201619.6434445,338.85,61.91,2.153,331.37733858272327,71.35234423028952,2.392827563374572,VISION,3.07,423.37,-6.98,148.52,335.78,84.52,86.61,68.89,20.0,0.0
1779201619.6937168,338.85,61.91,2.153,331.37733858272327,71.35234423028952,2.392827563374572,VISION,3.07,423.37,-6.98,148.52,335.78,84.52,86.61,68.89,20.0,0.0
1779201619.7438893,329.0542192449658,73.51120150530241,2.465323388619829,329.0542192449658,73.51120150530241,2.465323388619829,ESTIMA,3.07,423.37,-6.98,148.52,325.984,94.316,75.009,80.491,20.0,0.0
1779201619.7941494,329.0542192449658,73.51120150530241,2.465323388619829,329.0542192449658,73.51120150530241,2.465323388619829,ESTIMA,3.07,423.37,-6.98,148.52,325.984,94.316,75.009,80.491,20.0,0.0
1779201619.844387,329.17,50.66,2.485,329.17,50.66,2.485,VISION,3.07,423.37,-6.98,148.52,326.1,94.2,97.86,57.64,20.0,0.0
1779201619.894703,329.17,50.66,2.485,326.6145820438749,52.6293572988342,2.5590861362604174,VISION,3.07,423.37,-6.98,148.52,326.1,94.2,97.86,57.64,20.0,0.0
1779201619.9449737,329.17,50.66,2.485,326.6145820438749,52.6293572988342,2.5590861362604174,VISION,3.07,423.37,-6.98,148.52,326.1,94.2,97.86,57.64,20.0,0.0
1779201619.9951894,329.17,50.66,2.485,324.21984722818365,54.20690509043298,2.6187589841579153,VISION,3.07,423.37,-6.98,148.52,326.1,94.2,97.86,57.64,20.0,0.0
1779201620.0454347,329.17,50.66,2.485,324.21984722818365,54.20690509043298,2.6187589841579153,VISION,3.07,423.37,-6.98,148.52,326.1,94.2,97.86,57.64,20.0,0.0
1779201620.0957453,329.17,50.66,2.485,321.4313437913274,55.8140048875833,2.6800429882718277,VISION,3.07,423.37,-6.98,148.52,326.1,94.2,97.86,57.64,20.0,0.0
1779201620.1460452,329.17,50.66,2.485,321.4313437913274,55.8140048875833,2.6800429882718277,VISION,3.07,423.37,-6.98,148.52,326.1,94.2,97.86,57.64,20.0,0.0
1779201620.1963863,329.17,50.66,2.485,321.4313437913274,55.8140048875833,2.6800429882718277,VISION,3.07,423.37,-6.98,148.52,326.1,94.2,97.86,57.64,20.0,0.0
1779201620.2467065,329.17,50.66,2.485,317.45180923671626,57.79334703603616,2.7620532570668006,VISION,3.07,423.37,-6.98,148.52,326.1,94.2,97.86,57.64,20.0,0.0
1779201620.2970598,329.17,50.66,2.485,315.6960831785808,58.493668826627164,2.8012482239970877,VISION,3.07,423.37,-6.98,148.52,326.1,94.2,97.86,57.64,20.0,0.0
1779201620.3474686,315.6960831785808,58.493668826627164,2.8012482239970877,315.6960831785808,58.493668826627164,2.8012482239970877,ESTIMA,3.07,423.37,-6.98,148.52,312.626,107.674,90.026,65.474,20.0,0.0
1779201620.3977067,324.48,35.56,2.83,324.48,35.56,2.83,VISION,3.07,423.66,-6.98,148.52,321.41,99.18,112.96,42.54,20.0,0.0
1779201620.4479914,324.48,35.56,2.83,324.48,35.56,2.83,VISION,3.07,423.66,-6.98,148.52,321.41,99.18,112.96,42.54,0.0,0.0
1779201620.4982088,324.48,35.56,2.83,321.17860553791155,36.623327912764296,2.905489424909756,VISION,3.07,423.66,-6.98,148.52,321.41,99.18,112.96,42.54,0.0,0.0
1779201620.5484483,324.48,35.56,2.83,321.17860553791155,36.623327912764296,2.905489424909756,VISION,3.07,423.66,-6.98,148.52,321.41,99.18,112.96,42.54,0.0,0.0
1779201620.598743,324.48,35.56,2.83,318.9745505315777,37.153602569567596,2.950952020558709,VISION,3.07,423.66,-6.98,148.52,321.41,99.18,112.96,42.54,0.0,0.0
1779201620.6489224,324.48,35.56,2.83,318.9745505315777,37.153602569567596,2.950952020558709,VISION,3.07,423.66,-6.98,148.52,321.41,99.18,112.96,42.54,0.0,0.0
1779201620.6991916,324.48,35.56,2.83,318.9745505315777,37.153602569567596,2.950952020558709,VISION,3.07,423.66,-6.98,148.52,321.41,99.18,112.96,42.54,0.0,0.0
1779201620.749362,324.48,35.56,2.83,316.9242448542341,37.54927926801798,2.981519935929641,VISION,3.07,423.66,-6.98,148.52,321.41,99.18,112.96,42.54,0.0,0.0
1779201620.7996194,324.48,35.56,2.83,316.27766548600283,37.65367214058914,2.9571658348581624,VISION,3.07,423.66,-6.98,148.52,321.41,99.18,112.96,42.54,0.0,0.0
1779201620.8498716,324.48,35.56,2.83,316.27766548600283,37.65367214058914,2.9571658348581624,VISION,3.07,423.66,-6.98,148.52,321.41,99.18,112.96,42.54,0.0,0.0
1779201620.9000363,324.48,35.56,2.83,316.273763743739,37.65439999753606,2.9566183795028445,VISION,3.07,423.66,-6.98,148.52,321.41,99.18,112.96,42.54,0.0,0.0
1779201620.9502249,316.273763743739,37.65439999753606,2.9566183795028445,316.273763743739,37.65439999753606,2.9566183795028445,ESTIMA,3.07,423.66,-6.98,148.52,313.204,107.386,110.866,44.634,-20.0,0.0
1779201621.0004485,325.79,18.46,-3.103,325.79,18.46,-3.103,VISION,3.07,423.66,-6.98,148.52,322.72,97.87,130.06,25.44,-20.0,0.0
1779201621.050781,325.79,18.46,-3.103,325.79,18.46,-3.1030000000000024,VISION,3.07,423.66,-6.98,148.52,322.72,97.87,130.06,25.44,-20.0,0.0
1779201621.1010482,325.79,18.46,-3.103,325.79,18.46,-3.1030000000000024,VISION,3.07,423.66,-6.98,148.52,322.72,97.87,130.06,25.44,-20.0,0.0
1779201621.1512713,325.79,18.46,-3.103,322.2641014299456,18.32385862184655,-3.1030000000000024,VISION,3.07,423.66,-6.98,148.52,322.72,97.87,130.06,25.44,-20.0,0.0
1779201621.2014666,325.79,18.46,-3.103,322.2641014299456,18.32385862184655,-3.1030000000000024,VISION,3.07,423.66,-6.98,148.52,322.72,97.87,130.06,25.44,-20.0,0.0
1779201621.2516973,325.79,18.46,-3.103,315.60118058424365,18.066591088921687,-3.1030000000000024,VISION,3.07,423.66,-6.98,148.52,322.72,97.87,130.06,25.44,-20.0,0.0
1779201621.3020172,325.79,18.46,-3.103,315.60118058424365,18.066591088921687,-3.1030000000000024,VISION,3.07,423.66,-6.98,148.52,322.72,97.87,130.06,25.44,-20.0,0.0
1779201621.3523993,325.79,18.46,-3.103,313.15383095305504,17.97209445352692,-3.2477787169752474,VISION,3.07,423.66,-6.98,148.52,322.72,97.87,130.06,25.44,-20.0,0.0
1779201621.402691,325.79,18.46,-3.103,313.15383095305504,17.97209445352692,-3.2477787169752474,VISION,3.07,423.66,-6.98,148.52,322.72,97.87,130.06,25.44,-20.0,0.0
1779201621.4530628,325.79,18.46,-3.103,304.8265625906761,18.859672767204366,-3.186984256612846,VISION,3.07,423.66,-6.98,148.52,322.72,97.87,130.06,25.44,0.0,0.0
1779201621.503247,304.8265625906761,18.859672767204366,-3.186984256612846,304.8265625906761,18.859672767204366,-3.186984256612846,ESTIMA,3.07,423.66,-6.98,148.52,301.757,118.833,129.66,25.84,0.0,0.0
1779201621.55356,301.4930840271123,19.01108870948397,-3.186984256612846,301.4930840271123,19.01108870948397,-3.186984256612846,ESTIMA,3.07,423.66,-6.98,148.52,298.423,122.167,129.509,25.991,0.0,0.0
1779201621.6039178,327.83,11.77,-2.987,327.83,11.77,-2.987,VISION,3.07,423.66,-6.98,148.52,324.76,95.83,136.75,18.75,0.0,0.0
1779201621.6542647,327.83,11.77,-2.987,327.83,11.770000000000001,-2.987000000000002,VISION,3.07,423.66,-6.98,148.52,324.76,95.83,136.75,18.75,0.0,0.0
1779201621.7045689,327.83,11.77,-2.987,327.83,11.770000000000001,-2.987000000000002,VISION,3.07,423.66,-6.98,148.52,324.76,95.83,136.75,18.75,0.0,0.0
1779201621.7549152,327.83,11.77,-2.987,327.83,11.770000000000003,-2.9870000000000028,VISION,3.07,423.66,-6.98,148.52,324.76,95.83,136.75,18.75,0.0,0.0
1779201621.805104,327.83,11.77,-2.987,327.83,11.770000000000003,-2.9870000000000028,VISION,3.07,423.66,-6.98,148.52,324.76,95.83,136.75,18.75,0.0,0.0
1779201621.8553953,327.83,11.77,-2.987,327.83,11.770000000000005,-2.987000000000004,VISION,3.07,423.66,-6.98,148.52,324.76,95.83,136.75,18.75,0.0,0.0
1779201624.1169863,326.89,13.64,-3.082,324.75230859268464,13.457927986567503,-2.785159503279061,VISION,3.07,423.66,-6.98,148.52,323.82,96.77,134.88,20.62,20.0,0.0
1779201624.167409,326.89,13.64,-3.082,324.75230859268464,13.457927986567503,-2.785159503279061,VISION,3.07,423.66,-6.98,148.52,323.82,96.77,134.88,20.62,0.0,0.0
1779201624.2178483,326.89,13.64,-3.082,322.3012424411098,12.545307583324487,-2.424407183811582,VISION,3.07,423.66,-6.98,148.52,323.82,96.77,134.88,20.62,0.0,0.0
1779201624.2682714,326.89,13.64,-3.082,322.15908230094533,12.42132964738381,-2.424177759811909,VISION,3.07,423.66,-6.98,148.52,323.82,96.77,134.88,20.62,0.0,0.0
1779201624.3187447,326.89,13.64,-3.082,322.15908230094533,12.42132964738381,-2.424177759811909,VISION,3.07,423.66,-6.98,148.52,323.82,96.77,134.88,20.62,0.0,0.0
1779201624.3691108,326.89,13.64,-3.082,322.15908230094533,12.42132964738381,-2.424177759811909,VISION,3.07,423.66,-6.98,148.52,323.82,96.77,134.88,20.62,0.0,0.0
1779201624.4195576,321.8783417618415,12.176382251892509,-2.475567849281397,321.8783417618415,12.176382251892509,-2.475567849281397,ESTIMA,3.07,423.66,-6.98,148.52,318.808,101.782,136.344,19.156,0.0,0.0
1779201624.4701102,321.8783417618415,12.176382251892509,-2.475567849281397,321.8783417618415,12.176382251892509,-2.475567849281397,ESTIMA,3.07,423.66,-6.98,148.52,318.808,101.782,136.344,19.156,0.0,0.0
1779201624.5205266,326.69,13.89,-3.123,326.69,13.89,-3.123,VISION,3.07,423.66,-6.98,148.52,323.62,96.97,134.63,20.87,0.0,0.0
1779201624.570949,326.69,13.89,-3.123,326.69,13.89,-3.1230000000000016,VISION,3.07,423.66,-6.98,148.52,323.62,96.97,134.63,20.87,0.0,0.0
1779201624.621241,326.69,13.89,-3.123,326.69,13.89,-3.1230000000000016,VISION,3.07,423.66,-6.98,148.52,323.62,96.97,134.63,20.87,0.0,0.0
1779201624.6716053,326.69,13.89,-3.123,326.69,13.89,-3.1230000000000016,VISION,3.07,423.66,-6.98,148.52,323.62,96.97,134.63,20.87,-20.0,0.0
1779201624.721955,326.69,13.89,-3.123,326.69,13.89,-3.123000000000003,VISION,3.07,423.66,-6.98,148.52,323.62,96.97,134.63,20.87,-20.0,0.0
1779201624.7722352,326.69,13.89,-3.123,322.81644459446323,13.817972026286915,-3.123000000000003,VISION,3.07,423.66,-6.98,148.52,323.62,96.97,134.63,20.87,-20.0,0.0
1779201624.822583,326.69,13.89,-3.123,322.81644459446323,13.817972026286915,-3.123000000000003,VISION,3.07,423.66,-6.98,148.52,323.62,96.97,134.63,20.87,-20.0,0.0
1779201624.8730197,326.69,13.89,-3.123,322.81644459446323,13.817972026286915,-3.123000000000003,VISION,3.07,423.66,-6.98,148.52,323.62,96.97,134.63,20.87,-20.0,0.0
1779201624.9234388,326.69,13.89,-3.123,317.6851617639536,13.722556867308663,-3.4263794995011985,VISION,3.07,423.66,-6.98,148.52,323.62,96.97,134.63,20.87,-20.0,0.0
1779201624.973928,326.69,13.89,-3.123,317.6851617639536,13.722556867308663,-3.4263794995011985,VISION,3.07,423.66,-6.98,148.52,323.62,96.97,134.63,20.87,-20.0,0.0
1779201625.0241427,313.2843572869736,15.010866709248571,-3.1553153824641815,313.2843572869736,15.010866709248571,-3.1553153824641815,ESTIMA,3.07,423.66,-6.98,148.52,310.214,110.376,133.509,21.991,-20.0,0.0
1779201625.0744138,313.2843572869736,15.010866709248571,-3.1553153824641815,313.2843572869736,15.010866709248571,-3.1553153824641815,ESTIMA,3.07,423.66,-6.98,148.52,310.214,110.376,133.509,21.991,-20.0,0.0
1779201625.12466,326.53,13.85,3.137,326.53,13.85,3.137,VISION,3.07,423.66,-6.98,148.52,323.46,97.13,134.67,20.83,-20.0,0.0
1779201625.1749673,326.53,13.85,3.137,326.53,13.85,3.137,VISION,3.07,423.66,-6.98,148.52,323.46,97.13,134.67,20.83,0.0,0.0
1779201625.225159,326.53,13.85,3.137,322.82733932860765,13.867005157384664,3.3691441831259894,VISION,3.07,423.66,-6.98,148.52,323.46,97.13,134.67,20.83,0.0,0.0
1779201625.275342,326.53,13.85,3.137,322.82733932860765,13.867005157384664,3.3691441831259894,VISION,3.07,423.66,-6.98,148.52,323.46,97.13,134.67,20.83,0.0,0.0
1779201625.3255134,326.53,13.85,3.137,320.6502852685502,13.362881873939141,3.3685806284812814,VISION,3.07,423.66,-6.98,148.52,323.46,97.13,134.67,20.83,0.0,0.0
1779201625.375779,326.53,13.85,3.137,320.6502852685502,13.362881873939141,3.3685806284812814,VISION,3.07,423.66,-6.98,148.52,323.46,97.13,134.67,20.83,0.0,0.0
1779201625.4260368,326.53,13.85,3.137,320.6502852685502,13.362881873939143,3.36858062848128,VISION,3.07,423.66,-6.98,148.52,323.46,97.13,134.67,20.83,0.0,0.0
1779201625.4763331,326.53,13.85,3.137,320.6502852685502,13.362881873939143,3.36858062848128,VISION,3.07,423.66,-6.98,148.52,323.46,97.13,134.67,20.83,0.0,0.0
1779201625.5265465,326.53,13.85,3.137,320.6502852685502,13.362881873939145,3.3685806284812787,VISION,3.07,423.66,-6.98,148.52,323.46,97.13,134.67,20.83,0.0,0.0
1779201625.5767524,326.53,13.85,3.137,320.6502852685502,13.362881873939145,3.3685806284812787,VISION,3.07,423.66,-6.98,148.52,323.46,97.13,134.67,20.83,0.0,0.0
1779201625.9780407,326.45,14.96,-3.14,324.2029129879897,14.900066794486571,-2.951111326875359,VISION,3.07,423.66,-6.98,148.52,323.38,97.21,133.56,21.94,20.0,0.0
1779201626.028223,326.45,14.96,-3.14,324.2029129879897,14.900066794486571,-2.951111326875359,VISION,3.07,423.66,-6.98,148.52,323.38,97.21,133.56,21.94,0.0,0.0
1779201626.0783925,326.45,14.96,-3.14,323.0284013613219,14.673598621512436,-2.7861256635600133,VISION,3.07,423.66,-6.98,148.52,323.38,97.21,133.56,21.94,0.0,0.0
1779201626.128559,326.45,14.96,-3.14,322.79893744068943,14.588413264280792,-2.8182669562694094,VISION,3.07,423.66,-6.98,148.52,323.38,97.21,133.56,21.94,0.0,0.0
1779201626.178843,322.79893744068943,14.588413264280792,-2.8182669562694094,322.79893744068943,14.588413264280792,-2.8182669562694094,ESTIMA,3.07,423.66,-6.98,148.52,319.729,100.861,133.932,21.568,0.0,0.0
1779201626.2292235,322.2093473003375,14.39085079819868,-2.9040338290312566,322.2093473003375,14.39085079819868,-2.9040338290312566,ESTIMA,3.07,423.66,-6.98,148.52,319.139,101.451,134.129,21.371,0.0,0.0
1779201626.2795575,326.33,15.25,3.12,326.33,15.25,3.12,VISION,3.07,423.66,-6.98,148.52,323.26,97.33,133.27,22.23,0.0,0.0
1779201626.3299084,326.33,15.25,3.12,326.33,15.25,3.1199999999999988,VISION,3.07,423.66,-6.98,148.52,323.26,97.33,133.27,22.23,0.0,0.0
1779201626.380187,326.33,15.25,3.12,326.33,15.25,3.1199999999999988,VISION,3.07,423.66,-6.98,148.52,323.26,97.33,133.27,22.23,0.0,0.0
1779201626.4305234,326.33,15.25,3.12,326.33,15.25,3.1199999999999988,VISION,3.07,423.66,-6.98,148.52,323.26,97.33,133.27,22.23,0.0,0.0
1779201626.480895,326.33,15.25,3.12,326.33,15.25,3.1199999999999974,VISION,3.07,423.66,-6.98,148.52,323.26,97.33,133.27,22.23,0.0,0.0
1779201626.5312142,326.33,15.25,3.12,326.33,15.25,3.1199999999999966,VISION,3.07,423.66,-6.98,148.52,323.26,97.33,133.27,22.23,-20.0,0.0
1779201626.5815194,326.33,15.25,3.12,326.33,15.25,3.1199999999999966,VISION,3.07,423.66,-6.98,148.52,323.26,97.33,133.27,22.23,-20.0,0.0
1779201626.631867,326.33,15.25,3.12,326.33,15.25,3.119999999999995,VISION,3.07,423.66,-6.98,148.52,323.26,97.33,133.27,22.23,-20.0,0.0
1779201626.6821856,326.33,15.25,3.12,326.33,15.25,3.119999999999995,VISION,3.07,423.66,-6.98,148.52,323.26,97.33,133.27,22.23,-20.0,0.0
1779201626.7324946,326.33,15.25,3.12,326.33,15.25,3.119999999999995,VISION,3.07,423.66,-6.98,148.52,323.26,97.33,133.27,22.23,-20.0,0.0
1779201626.7828112,319.8683082871714,15.38954675898537,3.0605682909077565,319.8683082871714,15.38954675898537,3.0605682909077565,ESTIMA,3.07,423.66,-6.98,148.52,316.798,103.792,133.13,22.37,-20.0,0.0
1779201626.833026,326.29,15.18,3.111,326.29,15.18,3.111,VISION,3.07,423.66,-6.98,148.52,323.22,97.37,133.34,22.16,-20.0,0.0
1779201626.8833468,326.29,15.18,3.111,318.55201169114315,15.416799474792418,2.9225632270944533,VISION,3.07,423.66,-6.98,148.52,323.22,97.37,133.34,22.16,-20.0,0.0
1779201626.9336498,326.29,15.18,3.111,318.55201169114315,15.416799474792418,2.9225632270944533,VISION,3.07,423.66,-6.98,148.52,323.22,97.37,133.34,22.16,-20.0,0.0
1779201626.9839642,326.29,15.18,3.111,316.1430771514523,15.953029591330882,2.837121496353374,VISION,3.07,423.66,-6.98,148.52,323.22,97.37,133.34,22.16,-20.0,0.0
1779201627.034245,326.29,15.18,3.111,316.1430771514523,15.953029591330882,2.837121496353374,VISION,3.07,423.66,-6.98,148.52,323.22,97.37,133.34,22.16,0.0,0.0
1779201627.0845313,326.29,15.18,3.111,314.44573662187605,16.486405384204495,2.6528976692815425,VISION,3.07,423.66,-6.98,148.52,323.22,97.37,133.34,22.16,0.0,0.0
1779201627.134847,326.29,15.18,3.111,314.1748360968066,16.63044671922236,2.695216879925969,VISION,3.07,423.66,-6.98,148.52,323.22,97.37,133.34,22.16,0.0,0.0
1779201627.1851413,326.29,15.18,3.111,314.1748360968066,16.63044671922236,2.695216879925969,VISION,3.07,423.66,-6.98,148.52,323.22,97.37,133.34,22.16,0.0,0.0
1779201627.2354105,326.29,15.18,3.111,314.1748360968066,16.63044671922236,2.695216879925969,VISION,3.07,423.66,-6.98,148.52,323.22,97.37,133.34,22.16,0.0,0.0
1779201627.2857382,326.29,15.18,3.111,314.1748360968066,16.630446719222356,2.6952168799259675,VISION,3.07,423.66,-6.98,148.52,323.22,97.37,133.34,22.16,0.0,0.0
1779201627.3360333,326.29,15.18,3.111,314.1748360968066,16.630446719222356,2.6952168799259675,VISION,3.07,423.66,-6.98,148.52,323.22,97.37,133.34,22.16,0.0,0.0
1779201627.3864002,314.1748360968066,16.630446719222352,2.695216879925966,314.1748360968066,16.630446719222352,2.695216879925966,ESTIMA,3.07,423.66,-6.98,148.52,311.105,109.485,131.89,23.61,0.0,0.0
1779201627.4366534,326.25,15.74,3.13,326.25,15.74,3.13,VISION,3.07,423.66,-6.98,148.52,323.18,97.41,132.78,22.72,0.0,0.0
1779201627.637805,326.25,15.74,3.13,326.25,15.74,3.1299999999999972,VISION,3.07,423.66,-6.98,148.52,323.18,97.41,132.78,22.72,20.0,0.0
1779201627.68811,326.25,15.74,3.13,326.25,15.74,3.1299999999999972,VISION,3.07,423.66,-6.98,148.52,323.18,97.41,132.78,22.72,0.0,0.0
1779201627.7383895,326.25,15.74,3.13,326.25,15.74,3.1299999999999955,VISION,3.07,423.66,-6.98,148.52,323.18,97.41,132.78,22.72,0.0,0.0
1779201627.7886868,326.25,15.74,3.13,325.98285758960435,15.743097028160246,3.094580747608169,VISION,3.07,423.66,-6.98,148.52,323.18,97.41,132.78,22.72,0.0,0.0
1779201627.8389897,326.25,15.74,3.13,325.98285758960435,15.743097028160246,3.094580747608169,VISION,3.07,423.66,-6.98,148.52,323.18,97.41,132.78,22.72,0.0,0.0
1779201627.8892963,326.25,15.74,3.13,325.6105694329295,15.76061190920708,3.0431738598166636,VISION,3.07,423.66,-6.98,148.52,323.18,97.41,132.78,22.72,0.0,0.0
1779201627.9395678,325.6105694329295,15.76061190920708,3.0431738598166636,325.6105694329295,15.76061190920708,3.0431738598166636,ESTIMA,3.07,423.66,-6.98,148.52,322.541,98.049,132.759,22.741,0.0,0.0
1779201627.9898376,325.6105694329295,15.76061190920708,3.0431738598166636,325.6105694329295,15.76061190920708,3.0431738598166636,ESTIMA,3.07,423.66,-6.98,148.52,322.541,98.049,132.759,22.741,0.0,0.0
1779201628.0400834,326.3,15.84,3.134,326.3,15.84,3.134,VISION,3.07,423.66,-6.98,148.52,323.23,97.36,132.68,22.82,0.0,0.0
1779201628.0902922,326.3,15.84,3.134,326.3,15.84,3.1339999999999986,VISION,3.07,423.66,-6.98,148.52,323.23,97.36,132.68,22.82,0.0,0.0
1779201628.1405847,326.3,15.84,3.134,326.3,15.84,3.1339999999999986,VISION,3.07,423.66,-6.98,148.52,323.23,97.36,132.68,22.82,0.0,0.0
1779201628.1907585,326.3,15.84,3.134,326.3,15.84,3.1339999999999986,VISION,3.07,423.66,-6.98,148.52,323.23,97.36,132.68,22.82,-20.0,0.0
1779201628.2410479,326.3,15.84,3.134,326.3,15.84,3.1339999999999972,VISION,3.07,423.66,-6.98,148.52,323.23,97.36,132.68,22.82,-20.0,0.0
1779201628.2912269,326.3,15.84,3.134,326.3,15.84,3.1339999999999963,VISION,3.07,423.66,-6.98,148.52,323.23,97.36,132.68,22.82,-20.0,0.0
1779201628.3415685,326.3,15.84,3.134,326.3,15.84,3.1339999999999963,VISION,3.07,423.66,-6.98,148.52,323.23,97.36,132.68,22.82,-20.0,0.0
1779201628.3919067,326.3,15.84,3.134,322.1218182906099,15.871724095971304,2.9418941542526733,VISION,3.07,423.66,-6.98,148.52,323.23,97.36,132.68,22.82,-20.0,0.0
1779201628.4422827,326.3,15.84,3.134,322.1218182906099,15.871724095971304,2.9418941542526733,VISION,3.07,423.66,-6.98,148.52,323.23,97.36,132.68,22.82,-20.0,0.0
1779201628.4925978,326.3,15.84,3.134,315.37451967544473,17.2373514594353,2.9418941542526733,VISION,3.07,423.66,-6.98,148.52,323.23,97.36,132.68,22.82,-20.0,0.0
1779201628.5428858,315.37451967544473,17.2373514594353,2.9418941542526733,315.37451967544473,17.2373514594353,2.9418941542526733,ESTIMA,3.07,423.66,-6.98,148.52,312.305,108.285,131.283,24.217,-20.0,0.0
1779201628.593131,325.83,15.28,3.032,325.83,15.28,3.032,VISION,3.07,423.66,-6.98,148.52,322.76,97.83,133.24,22.26,-20.0,0.0
1779201628.6433504,325.83,15.28,3.032,325.83,15.28,3.032,VISION,3.07,423.66,-6.98,148.52,322.76,97.83,133.24,22.26,-20.0,0.0
1779201628.6935368,325.83,15.28,3.032,325.83,15.28,3.032,VISION,3.07,423.66,-6.98,148.52,322.76,97.83,133.24,22.26,0.0,0.0
1779201628.7437544,325.83,15.28,3.032,323.1265200094944,15.577473440617707,2.656855616997026,VISION,3.07,423.66,-6.98,148.52,322.76,97.83,133.24,22.26,0.0,0.0
1779201628.7939079,325.83,15.28,3.032,322.85104360358736,15.722552185430581,2.6988543149528677,VISION,3.07,423.66,-6.98,148.52,322.76,97.83,133.24,22.26,0.0,0.0
1779201628.8440564,325.83,15.28,3.032,322.85104360358736,15.722552185430581,2.6988543149528677,VISION,3.07,423.66,-6.98,148.52,322.76,97.83,133.24,22.26,0.0,0.0
1779201628.8942108,325.83,15.28,3.032,322.85104360358736,15.722552185430576,2.6988543149528663,VISION,3.07,423.66,-6.98,148.52,322.76,97.83,133.24,22.26,0.0,0.0
1779201628.9443731,325.83,15.28,3.032,322.85104360358736,15.722552185430576,2.6988543149528663,VISION,3.07,423.66,-6.98,148.52,322.76,97.83,133.24,22.26,0.0,0.0
1779201628.994529,325.83,15.28,3.032,322.85104360358736,15.72255218543057,2.698854314952865,VISION,3.07,423.66,-6.98,148.52,322.76,97.83,133.24,22.26,0.0,0.0
1779201629.0447423,325.83,15.28,3.032,322.85104360358736,15.72255218543057,2.698854314952865,VISION,3.07,423.66,-6.98,148.52,322.76,97.83,133.24,22.26,0.0,0.0
1779201629.0948966,322.85104360358736,15.722552185430565,2.6988543149528637,322.85104360358736,15.722552185430565,2.6988543149528637,ESTIMA,3.07,423.66,-6.98,148.52,319.781,100.809,132.797,22.703,0.0,0.0
1779201629.3959389,325.79,16.0,3.028,325.5513637772058,16.027224517933377,3.0611288469248787,VISION,3.07,423.66,-6.98,148.52,322.72,97.87,132.52,22.98,20.0,0.0
1779201629.4462078,325.79,16.0,3.028,322.6509174167773,16.261110450035115,3.3623077239188395,VISION,3.07,423.66,-6.98,148.52,322.72,97.87,132.52,22.98,0.0,0.0
1779201629.4964483,325.79,16.0,3.028,322.3018493854103,16.182789926818778,3.353123835656408,VISION,3.07,423.66,-6.98,148.52,322.72,97.87,132.52,22.98,0.0,0.0
1779201629.5467017,325.79,16.0,3.028,322.3018493854103,16.182789926818778,3.353123835656408,VISION,3.07,423.66,-6.98,148.52,322.72,97.87,132.52,22.98,0.0,0.0
1779201629.5968661,325.79,16.0,3.028,321.81321545183886,16.07785886239087,3.3152405831573732,VISION,3.07,423.66,-6.98,148.52,322.72,97.87,132.52,22.98,0.0,0.0
1779201629.6470256,325.79,16.0,3.028,321.81321545183886,16.07785886239087,3.3152405831573732,VISION,3.07,423.66,-6.98,148.52,322.72,97.87,132.52,22.98,0.0,0.0
1779201629.6971986,321.81321545183886,16.07785886239087,3.3152405831573732,321.81321545183886,16.07785886239087,3.3152405831573732,ESTIMA,3.07,423.66,-6.98,148.52,318.743,101.847,132.442,23.058,0.0,0.0
1779201629.7475176,321.42810874429864,16.010305518850632,3.2613113777177225,321.42810874429864,16.010305518850632,3.2613113777177225,ESTIMA,3.07,423.66,-6.98,148.52,318.358,102.232,132.51,22.99,0.0,0.0
1779201629.7977777,325.8,16.02,3.027,325.8,16.02,3.027,VISION,3.07,423.66,-6.98,148.52,322.73,97.86,132.5,23.0,0.0,0.0
1779201629.847965,325.8,16.02,3.027,325.8,16.02,3.026999999999999,VISION,3.07,423.66,-6.98,148.52,322.73,97.86,132.5,23.0,0.0,0.0
1779201629.8981175,325.8,16.02,3.027,325.8,16.02,3.0269999999999975,VISION,3.07,423.66,-6.98,148.52,322.73,97.86,132.5,23.0,0.0,0.0
1779201629.9482708,325.8,16.02,3.027,325.8,16.02,3.0269999999999975,VISION,3.07,423.66,-6.98,148.52,322.73,97.86,132.5,23.0,-20.0,0.0
1779201629.9984195,325.8,16.02,3.027,325.8,16.02,3.0269999999999975,VISION,3.07,423.66,-6.98,148.52,322.73,97.86,132.5,23.0,-20.0,0.0
1779201630.0485811,325.8,16.02,3.027,325.8,16.02,3.026999999999996,VISION,3.07,423.66,-6.98,148.52,322.73,97.86,132.5,23.0,-20.0,0.0
1779201630.0987885,325.8,16.02,3.027,325.8,16.02,3.026999999999996,VISION,3.07,423.66,-6.98,148.52,322.73,97.86,132.5,23.0,-20.0,0.0
1779201630.148934,325.8,16.02,3.027,320.1759405278509,16.667311768777086,3.026999999999996,VISION,3.07,423.66,-6.98,148.52,322.73,97.86,132.5,23.0,-20.0,0.0
1779201630.1991236,325.8,16.02,3.027,320.1759405278509,16.667311768777086,3.026999999999996,VISION,3.07,423.66,-6.98,148.52,322.73,97.86,132.5,23.0,-20.0,0.0
1779201630.2493055,325.8,16.02,3.027,312.1515130896175,17.590898431434013,3.026999999999996,VISION,3.07,423.66,-6.98,148.52,322.73,97.86,132.5,23.0,-20.0,0.0
1779201630.2994692,312.1515130896175,17.590898431434013,3.026999999999996,312.1515130896175,17.590898431434013,3.026999999999996,ESTIMA,3.07,423.66,-6.98,148.52,309.082,111.508,130.929,24.571,-20.0,0.0
1779201630.349722,325.58,15.34,2.984,325.58,15.34,2.984,VISION,3.07,423.66,-6.98,148.52,322.51,98.08,133.18,22.32,-20.0,0.0
1779201630.4000654,325.58,15.34,2.984,325.58,15.34,2.984,VISION,3.07,423.66,-6.98,148.52,322.51,98.08,133.18,22.32,-20.0,0.0
1779201630.450337,325.58,15.34,2.984,325.58,15.34,2.984,VISION,3.07,423.66,-6.98,148.52,322.51,98.08,133.18,22.32,0.0,0.0
1779201630.5005808,325.58,15.34,2.984,322.0578346878303,15.899708605175212,2.614894336493607,VISION,3.07,423.66,-6.98,148.52,322.51,98.08,133.18,22.32,0.0,0.0
1779201630.550831,325.58,15.34,2.984,321.4354518731114,16.26161824534967,2.647507687250697,VISION,3.07,423.66,-6.98,148.52,322.51,98.08,133.18,22.32,0.0,0.0
1779201630.6010373,325.58,15.34,2.984,321.4354518731114,16.26161824534967,2.647507687250697,VISION,3.07,423.66,-6.98,148.52,322.51,98.08,133.18,22.32,0.0,0.0
1779201630.6512053,325.58,15.34,2.984,321.4354518731114,16.261618245349663,2.6475076872506955,VISION,3.07,423.66,-6.98,148.52,322.51,98.08,133.18,22.32,0.0,0.0
1779201630.701359,325.58,15.34,2.984,321.4354518731114,16.261618245349663,2.6475076872506955,VISION,3.07,423.66,-6.98,148.52,322.51,98.08,133.18,22.32,0.0,0.0
1779201630.7515197,325.58,15.34,2.984,321.4354518731114,16.26161824534966,2.647507687250694,VISION,3.07,423.66,-6.98,148.52,322.51,98.08,133.18,22.32,0.0,0.0
1779201630.8017275,325.58,15.34,2.984,321.4354518731114,16.26161824534966,2.647507687250694,VISION,3.07,423.66,-6.98,148.52,322.51,98.08,133.18,22.32,0.0,0.0
1779201630.851879,325.58,15.34,2.984,321.4354518731114,16.261618245349652,2.647507687250693,VISION,3.07,423.66,-6.98,148.52,322.51,98.08,133.18,22.32,0.0,0.0
1779201631.0025425,325.67,16.18,2.998,325.67,16.18,2.998,VISION,3.07,423.66,-6.98,148.52,322.6,97.99,132.34,23.16,20.0,0.0
1779201631.0527196,325.67,16.18,2.998,325.67,16.18,2.998,VISION,3.07,423.66,-6.98,148.52,322.6,97.99,132.34,23.16,0.0,0.0
1779201631.10286,325.67,16.18,2.998,323.78153007731333,16.453049648730854,3.2611872604633203,VISION,3.07,423.66,-6.98,148.52,322.6,97.99,132.34,23.16,0.0,0.0
1779201631.1529884,325.67,16.18,2.998,323.33199447550186,16.39902982306373,3.2393765182428775,VISION,3.07,423.66,-6.98,148.52,322.6,97.99,132.34,23.16,0.0,0.0
1779201631.2031534,325.67,16.18,2.998,323.33199447550186,16.39902982306373,3.2393765182428775,VISION,3.07,423.66,-6.98,148.52,322.6,97.99,132.34,23.16,0.0,0.0
1779201631.2533019,325.67,16.18,2.998,323.33199447550186,16.39902982306373,3.2393765182428775,VISION,3.07,423.66,-6.98,148.52,322.6,97.99,132.34,23.16,0.0,0.0
1779201631.3035185,325.67,16.18,2.998,322.3071876449939,16.298499633580967,3.213402364440164,VISION,3.07,423.66,-6.98,148.52,322.6,97.99,132.34,23.16,0.0,0.0
1779201631.3536925,325.67,16.18,2.998,322.1771649682914,16.289146660612246,3.2071927135110663,VISION,3.07,423.66,-6.98,148.52,322.6,97.99,132.34,23.16,0.0,0.0
1779201631.4038548,325.67,16.18,2.998,322.1771649682914,16.289146660612246,3.2071927135110663,VISION,3.07,423.66,-6.98,148.52,322.6,97.99,132.34,23.16,0.0,0.0
1779201631.4540477,325.67,16.18,2.998,322.1771649682914,16.289146660612246,3.207192713511065,VISION,3.07,423.66,-6.98,148.52,322.6,97.99,132.34,23.16,0.0,0.0
1779201631.5043087,322.1771649682914,16.289146660612246,3.207192713511065,322.1771649682914,16.289146660612246,3.207192713511065,ESTIMA,3.07,423.66,-6.98,148.52,319.107,101.483,132.231,23.269,0.0,0.0
1779201631.5545654,325.69,16.21,3.0,325.69,16.21,3.0,VISION,3.07,423.66,-6.98,148.52,322.62,97.97,132.31,23.19,-20.0,0.0
1779201631.6047528,325.69,16.21,3.0,325.69,16.21,2.9999999999999987,VISION,3.07,423.66,-6.98,148.52,322.62,97.97,132.31,23.19,-20.0,0.0
1779201631.654899,325.69,16.21,3.0,325.69,16.21,2.9999999999999987,VISION,3.07,423.66,-6.98,148.52,322.62,97.97,132.31,23.19,-20.0,0.0
1779201631.7050457,325.69,16.21,3.0,325.69,16.21,2.9999999999999973,VISION,3.07,423.66,-6.98,148.52,322.62,97.97,132.31,23.19,-20.0,0.0
1779201631.7552497,325.69,16.21,3.0,325.69,16.21,2.9999999999999973,VISION,3.07,423.66,-6.98,148.52,322.62,97.97,132.31,23.19,-20.0,0.0
1779201631.8054357,325.69,16.21,3.0,320.5934362502337,16.936497544086876,2.9526613038161678,VISION,3.07,423.66,-6.98,148.52,322.62,97.97,132.31,23.19,-20.0,0.0
1779201631.8556378,325.69,16.21,3.0,320.5934362502337,16.936497544086876,2.9526613038161678,VISION,3.07,423.66,-6.98,148.52,322.62,97.97,132.31,23.19,-20.0,0.0
1779201631.9058132,325.69,16.21,3.0,315.0043556307236,18.005196204520885,2.814154106995152,VISION,3.07,423.66,-6.98,148.52,322.62,97.97,132.31,23.19,-20.0,0.0
1779201631.9559672,325.69,16.21,3.0,315.0043556307236,18.005196204520885,2.814154106995152,VISION,3.07,423.66,-6.98,148.52,322.62,97.97,132.31,23.19,-20.0,0.0
1779201632.0061371,325.69,16.21,3.0,311.83788250553005,19.080737560528647,2.814154106995152,VISION,3.07,423.66,-6.98,148.52,322.62,97.97,132.31,23.19,-20.0,0.0
1779201632.0563047,311.83788250553005,19.080737560528647,2.814154106995152,311.83788250553005,19.080737560528647,2.814154106995152,ESTIMA,3.07,423.66,-6.98,148.52,308.768,111.822,129.439,26.061,0.0,0.0
1779201632.1065018,325.28,14.88,2.931,325.28,14.88,2.931,VISION,3.07,423.66,-6.98,148.52,322.21,98.38,133.64,21.86,0.0,0.0
1779201632.156727,325.28,14.88,2.931,325.28,14.88,2.931,VISION,3.07,423.66,-6.98,148.52,322.21,98.38,133.64,21.86,0.0,0.0
1779201632.206974,325.28,14.88,2.931,325.2741062116288,14.88125986858151,2.930168697880187,VISION,3.07,423.66,-6.98,148.52,322.21,98.38,133.64,21.86,0.0,0.0
1779201632.257329,325.28,14.88,2.931,325.2741062116288,14.88125986858151,2.930168697880187,VISION,3.07,423.66,-6.98,148.52,322.21,98.38,133.64,21.86,0.0,0.0
1779201632.3076382,325.28,14.88,2.931,325.2741062116288,14.88125986858151,2.930168697880187,VISION,3.07,423.66,-6.98,148.52,322.21,98.38,133.64,21.86,0.0,0.0
1779201632.3580017,325.28,14.88,2.931,325.2741062116288,14.88125986858151,2.930168697880187,VISION,3.07,423.66,-6.98,148.52,322.21,98.38,133.64,21.86,0.0,0.0
1779201632.4084284,325.28,14.88,2.931,325.2741062116288,14.88125986858151,2.930168697880187,VISION,3.07,423.66,-6.98,148.52,322.21,98.38,133.64,21.86,0.0,0.0
1779201632.458838,325.28,14.88,2.931,325.2741062116288,14.88125986858151,2.930168697880187,VISION,3.07,423.66,-6.98,148.52,322.21,98.38,133.64,21.86,0.0,0.0
1779201647.5683496,325.48,15.71,2.966,325.48000000000167,15.709999999999708,2.9659999999998083,VISION,3.07,423.66,-6.98,148.52,322.41,98.18,132.81,22.69,20.0,0.0
1779201647.6187975,325.48,15.71,2.966,325.48000000000167,15.709999999999708,2.9659999999998083,VISION,3.07,423.66,-6.98,148.52,322.41,98.18,132.81,22.69,0.0,0.0
1779201647.6691937,325.48,15.71,2.966,322.66621883717363,16.209220665478025,3.3601688093643904,VISION,3.07,423.66,-6.98,148.52,322.41,98.18,132.81,22.69,0.0,0.0
1779201647.7196026,325.48,15.71,2.966,322.66454377312925,16.20884859212524,3.3604054838327015,VISION,3.07,423.66,-6.98,148.52,322.41,98.18,132.81,22.69,0.0,0.0
1779201647.7700148,325.48,15.71,2.966,322.66454377312925,16.20884859212524,3.3604054838327015,VISION,3.07,423.66,-6.98,148.52,322.41,98.18,132.81,22.69,0.0,0.0
1779201647.820417,325.48,15.71,2.966,322.66454377312925,16.208848592125243,3.3604054838327,VISION,3.07,423.66,-6.98,148.52,322.41,98.18,132.81,22.69,0.0,0.0
1779201647.8708844,322.66454377312925,16.208848592125243,3.3604054838327,322.66454377312925,16.208848592125243,3.3604054838327,ESTIMA,3.07,423.66,-6.98,148.52,319.595,100.995,132.311,23.189,0.0,0.0
1779201647.921241,322.66454377312925,16.208848592125246,3.3604054838326984,322.66454377312925,16.208848592125246,3.3604054838326984,ESTIMA,3.07,423.66,-6.98,148.52,319.595,100.995,132.311,23.189,0.0,0.0
1779201647.9716196,322.66454377312925,16.208848592125246,3.3604054838326984,322.66454377312925,16.208848592125246,3.3604054838326984,ESTIMA,3.07,423.66,-6.98,148.52,319.595,100.995,132.311,23.189,0.0,0.0
1779201648.0219085,322.66225757142905,16.208340202098878,3.360728524635746,322.66225757142905,16.208340202098878,3.360728524635746,ESTIMA,3.07,423.66,-6.98,148.52,319.592,100.998,132.312,23.188,0.0,0.0
1779201648.0722013,322.66225757142905,16.208340202098878,3.360728524635746,322.66225757142905,16.208340202098878,3.360728524635746,ESTIMA,3.07,423.66,-6.98,148.52,319.592,100.998,132.312,23.188,0.0,0.0
1779201648.1226017,322.3436631586467,16.137385321580503,3.315707827601106,322.3436631586467,16.137385321580503,3.315707827601106,ESTIMA,3.07,423.66,-6.98,148.52,319.274,101.316,132.383,23.117,-20.0,0.0
1779201648.1729107,322.3436631586467,16.137385321580503,3.315707827601106,322.3436631586467,16.137385321580503,3.315707827601106,ESTIMA,3.07,423.66,-6.98,148.52,319.274,101.316,132.383,23.117,-20.0,0.0
1779201648.2231998,322.3383318696259,16.136447567712345,3.314961188361947,322.3383318696259,16.136447567712345,3.314961188361947,ESTIMA,3.07,423.66,-6.98,148.52,319.268,101.322,132.384,23.116,-20.0,0.0
1779201648.273553,322.3383318696259,16.136447567712345,3.314961188361947,322.3383318696259,16.136447567712345,3.314961188361947,ESTIMA,3.07,423.66,-6.98,148.52,319.268,101.322,132.384,23.116,-20.0,0.0
1779201648.3238428,322.3383318696259,16.136447567712345,3.3149611883619463,322.3383318696259,16.136447567712345,3.3149611883619463,ESTIMA,3.07,423.66,-6.98,148.52,319.268,101.322,132.384,23.116,-20.0,0.0
1779201648.3742564,322.3383318696259,16.136447567712345,3.3149611883619463,322.3383318696259,16.136447567712345,3.3149611883619463,ESTIMA,3.07,423.66,-6.98,148.52,319.268,101.322,132.384,23.116,-20.0,0.0
1779201648.424647,322.3383318696259,16.13644756771235,3.314961188361945,322.3383318696259,16.13644756771235,3.314961188361945,ESTIMA,3.07,423.66,-6.98,148.52,319.268,101.322,132.384,23.116,-20.0,0.0
1779201648.4750206,322.3383318696259,16.13644756771235,3.314961188361945,322.3383318696259,16.13644756771235,3.314961188361945,ESTIMA,3.07,423.66,-6.98,148.52,319.268,101.322,132.384,23.116,-20.0,0.0
1779201648.5254674,322.3383318696259,16.136447567712352,3.3149611883619436,322.3383318696259,16.136447567712352,3.3149611883619436,ESTIMA,3.07,423.66,-6.98,148.52,319.268,101.322,132.384,23.116,-20.0,0.0
1779201648.5759852,322.3383318696259,16.136447567712352,3.3149611883619436,322.3383318696259,16.136447567712352,3.3149611883619436,ESTIMA,3.07,423.66,-6.98,148.52,319.268,101.322,132.384,23.116,-20.0,0.0
1779201648.6263828,322.3383318696259,16.136447567712352,3.3149611883619436,322.3383318696259,16.136447567712352,3.3149611883619436,ESTIMA,3.07,423.66,-6.98,148.52,319.268,101.322,132.384,23.116,0.0,0.0
1779201648.676793,322.3383318696259,16.136447567712356,3.314961188361942,322.3383318696259,16.136447567712356,3.314961188361942,ESTIMA,3.07,423.66,-6.98,148.52,319.268,101.322,132.384,23.116,0.0,0.0
1779201648.7271912,322.3383318696259,16.136447567712356,3.314961188361942,322.3383318696259,16.136447567712356,3.314961188361942,ESTIMA,3.07,423.66,-6.98,148.52,319.268,101.322,132.384,23.116,0.0,0.0
1779201648.777602,322.3383318696259,16.13644756771236,3.3149611883619405,322.3383318696259,16.13644756771236,3.3149611883619405,ESTIMA,3.07,423.66,-6.98,148.52,319.268,101.322,132.384,23.116,0.0,0.0
1779201648.8279505,322.3383318696259,16.13644756771236,3.3149611883619396,322.3383318696259,16.13644756771236,3.3149611883619396,ESTIMA,3.07,423.66,-6.98,148.52,319.268,101.322,132.384,23.116,0.0,0.0
1779201648.878302,322.3383318696259,16.13644756771236,3.3149611883619396,322.3383318696259,16.13644756771236,3.3149611883619396,ESTIMA,3.07,423.66,-6.98,148.52,319.268,101.322,132.384,23.116,0.0,0.0
1779201648.928665,322.3383318696259,16.13644756771236,3.3149611883619388,322.3383318696259,16.13644756771236,3.3149611883619388,ESTIMA,3.07,423.66,-6.98,148.52,319.268,101.322,132.384,23.116,0.0,0.0
1779201648.9790843,322.3383318696259,16.13644756771236,3.3149611883619388,322.3383318696259,16.13644756771236,3.3149611883619388,ESTIMA,3.07,423.66,-6.98,148.52,319.268,101.322,132.384,23.116,0.0,0.0
1779201649.0294843,322.3383318696259,16.136447567712363,3.314961188361937,322.3383318696259,16.136447567712363,3.314961188361937,ESTIMA,3.07,423.66,-6.98,148.52,319.268,101.322,132.384,23.116,0.0,0.0
