timestamp,x,y,theta,x_estimate,y_estimate,theta_estimate,status,x_min,x_max,y_min,y_max,dist_to_wall,decision_v,decision_w
1779273701.2320313,0.0,0.0,0.0,0.0,0.0,0.0,ESTIMA,0.0,450.0,0,140.0,0.0,450.0,140.0,0.0,20.0,0.0
1779273701.2818558,233.15,15.31,-0.789,233.15,15.31,-0.789,VISION,0.0,450.0,0,140.0,233.15,216.85,124.69,15.31,20.0,0.0
1779273701.3319628,233.15,15.31,-0.789,233.15,15.309999999999999,-0.7889999999999998,VISION,0.0,450.0,0,140.0,233.15,216.85,124.69,15.31,20.0,0.0
1779273701.3818054,233.15,15.31,-0.789,233.15,15.309999999999999,-0.7889999999999998,VISION,0.0,450.0,0,140.0,233.15,216.85,124.69,15.31,20.0,0.0
1779273701.4318123,233.15,15.31,-0.789,233.89887246935467,14.555713373782384,-0.824348882995132,VISION,0.0,450.0,0,140.0,233.15,216.85,124.69,15.31,20.0,0.0
1779273701.4818244,233.15,15.31,-0.789,233.89887246935467,14.555713373782384,-0.824348882995132,VISION,0.0,450.0,0,140.0,233.15,216.85,124.69,15.31,20.0,0.0
1779273701.5318239,233.15,15.31,-0.789,235.17861360684643,13.172183417357662,-0.7747628499782081,VISION,0.0,450.0,0,140.0,233.15,216.85,124.69,15.31,20.0,0.0
1779273701.5818098,233.15,15.31,-0.789,235.17861360684643,13.172183417357662,-0.7747628499782081,VISION,0.0,450.0,0,140.0,233.15,216.85,124.69,15.31,20.0,0.0
1779273701.6318505,233.15,15.31,-0.789,236.71373564297966,11.66937197414911,-0.7533487652776121,VISION,0.0,450.0,0,140.0,233.15,216.85,124.69,15.31,20.0,0.0
1779273701.6817899,233.15,15.31,-0.789,236.71373564297966,11.66937197414911,-0.7533487652776121,VISION,0.0,450.0,0,140.0,233.15,216.85,124.69,15.31,20.0,0.0
1779273701.7318137,233.15,15.31,-0.789,238.0309811448947,10.433965455698818,-0.6813075616259161,VISION,0.0,450.0,0,140.0,233.15,216.85,124.69,15.31,20.0,0.0
1779273701.781815,233.15,15.31,-0.789,238.0309811448947,10.433965455698818,-0.6813075616259161,VISION,0.0,450.0,0,140.0,233.15,216.85,124.69,15.31,20.0,0.0
1779273701.8319175,240.20016775042086,8.675131938636234,-0.692290302801469,240.20016775042086,8.675131938636234,-0.692290302801469,ESTIMA,0.0,450.0,0,140.0,240.2,209.8,131.325,8.675,20.0,0.0
1779273701.8820643,233.13,15.34,-0.786,233.13,15.34,-0.786,VISION,0.0,450.0,0,140.0,233.13,216.87,124.66,15.34,20.0,0.0
1779273701.9318135,233.13,15.34,-0.786,234.29702877383286,14.171565658810888,-0.6517251208921873,VISION,0.0,450.0,0,140.0,233.13,216.87,124.66,15.34,20.0,0.0
1779273701.9817853,233.13,15.34,-0.786,234.29702877383286,14.171565658810888,-0.6517251208921873,VISION,0.0,450.0,0,140.0,233.13,216.87,124.66,15.34,20.0,0.0
1779273702.0321689,233.13,15.34,-0.786,234.29702877383286,14.171565658810888,-0.6517251208921873,VISION,0.0,450.0,0,140.0,233.13,216.87,124.66,15.34,20.0,0.0
1779273702.081807,233.13,15.34,-0.786,236.69790973112438,12.339861398428855,-0.5860033304009282,VISION,0.0,450.0,0,140.0,233.13,216.87,124.66,15.34,20.0,0.0
1779273702.1318595,233.13,15.34,-0.786,236.69790973112438,12.339861398428855,-0.5860033304009282,VISION,0.0,450.0,0,140.0,233.13,216.87,124.66,15.34,20.0,0.0
1779273702.1817904,233.13,15.34,-0.786,238.09709446595434,11.411106822441887,-0.44249798272919055,VISION,0.0,450.0,0,140.0,233.13,216.87,124.66,15.34,20.0,0.0
1779273702.231792,233.13,15.34,-0.786,238.09709446595434,11.411106822441887,-0.44249798272919055,VISION,0.0,450.0,0,140.0,233.13,216.87,124.66,15.34,20.0,0.0
1779273702.2817907,233.13,15.34,-0.786,240.15292564210364,10.436980519387358,-0.32933064558727015,VISION,0.0,450.0,0,140.0,233.13,216.87,124.66,15.34,20.0,0.0
1779273702.331785,233.13,15.34,-0.786,240.15292564210364,10.436980519387358,-0.32933064558727015,VISION,0.0,450.0,0,140.0,233.13,216.87,124.66,15.34,20.0,0.0
1779273702.3818116,233.13,15.34,-0.786,242.89190291758314,9.50086066246471,-0.2609849112034685,VISION,0.0,450.0,0,140.0,233.13,216.87,124.66,15.34,20.0,0.0
1779273702.4324944,242.89190291758314,9.50086066246471,-0.2609849112034685,242.89190291758314,9.50086066246471,-0.2609849112034685,ESTIMA,0.0,450.0,0,140.0,242.892,207.108,130.499,9.501,20.0,0.0
1779273702.4820042,237.88,24.16,-0.605,237.88,24.16,-0.605,VISION,0.0,450.0,0,140.0,237.88,212.12,115.84,24.16,20.0,0.0
1779273702.5317745,237.88,24.16,-0.605,240.3782321565285,22.432466766450755,-0.45803955189251444,VISION,0.0,450.0,0,140.0,237.88,212.12,115.84,24.16,20.0,0.0
1779273702.5817828,237.88,24.16,-0.605,241.51786971680522,21.87061467166855,-0.4276302128522943,VISION,0.0,450.0,0,140.0,237.88,212.12,115.84,24.16,20.0,0.0
1779273702.6317983,237.88,24.16,-0.605,241.51786971680522,21.87061467166855,-0.4276302128522943,VISION,0.0,450.0,0,140.0,237.88,212.12,115.84,24.16,20.0,0.0
1779273702.6817808,237.88,24.16,-0.605,243.32341619952263,21.047726209676302,-0.3253918628995992,VISION,0.0,450.0,0,140.0,237.88,212.12,115.84,24.16,20.0,0.0
1779273702.7318234,237.88,24.16,-0.605,243.32341619952263,21.047726209676302,-0.3253918628995992,VISION,0.0,450.0,0,140.0,237.88,212.12,115.84,24.16,20.0,0.0
1779273702.781779,237.88,24.16,-0.605,245.4694459316056,20.323689757552938,-0.2023556478960188,VISION,0.0,450.0,0,140.0,237.88,212.12,115.84,24.16,20.0,0.0
1779273702.8318038,237.88,24.16,-0.605,245.4694459316056,20.323689757552938,-0.2023556478960188,VISION,0.0,450.0,0,140.0,237.88,212.12,115.84,24.16,20.0,0.0
1779273702.8818116,237.88,24.16,-0.605,245.4694459316056,20.323689757552938,-0.2023556478960188,VISION,0.0,450.0,0,140.0,237.88,212.12,115.84,24.16,20.0,0.0
1779273702.9318047,237.88,24.16,-0.605,249.34553008177255,19.528458160975404,-0.16048478759947982,VISION,0.0,450.0,0,140.0,237.88,212.12,115.84,24.16,20.0,0.0
1779273702.9818192,237.88,24.16,-0.605,251.34045083238885,19.205526548634243,-0.10180416784264211,VISION,0.0,450.0,0,140.0,237.88,212.12,115.84,24.16,20.0,0.0
1779273703.0321963,251.34045083238885,19.205526548634243,-0.10180416784264211,243.46,37.73,-0.445,ESTIMA,0.0,450.0,0,140.0,251.34,198.66,120.794,19.206,20.0,0.0
1779273703.0818424,243.46,37.73,-0.445,245.92880131610698,36.552620846221544,-0.3703379789153486,VISION,0.0,450.0,0,140.0,243.46,206.54,102.27,37.73,20.0,0.0
1779273703.1318052,243.46,37.73,-0.445,245.92880131610698,36.552620846221544,-0.3703379789153486,VISION,0.0,450.0,0,140.0,243.46,206.54,102.27,37.73,20.0,0.0
1779273703.181805,243.46,37.73,-0.445,245.92880131610698,36.552620846221544,-0.3703379789153486,VISION,0.0,450.0,0,140.0,243.46,206.54,102.27,37.73,20.0,0.0
1779273703.2319858,243.46,37.73,-0.445,249.5323148987466,35.153549359643165,-0.2684884907459739,VISION,0.0,450.0,0,140.0,243.46,206.54,102.27,37.73,20.0,0.0
1779273703.2818263,243.46,37.73,-0.445,249.5323148987466,35.153549359643165,-0.2684884907459739,VISION,0.0,450.0,0,140.0,243.46,206.54,102.27,37.73,20.0,0.0
1779273703.3318229,243.46,37.73,-0.445,251.48469698169856,34.61638748674256,-0.25100578591679046,VISION,0.0,450.0,0,140.0,243.46,206.54,102.27,37.73,20.0,0.0
1779273703.3818126,243.46,37.73,-0.445,251.48469698169856,34.61638748674256,-0.25100578591679046,VISION,0.0,450.0,0,140.0,243.46,206.54,102.27,37.73,20.0,0.0
1779273703.4318042,243.46,37.73,-0.445,253.40920499123098,34.12291753782414,-0.14206631420788146,VISION,0.0,450.0,0,140.0,243.46,206.54,102.27,37.73,20.0,0.0
1779273703.4818506,243.46,37.73,-0.445,253.40920499123098,34.12291753782414,-0.14206631420788146,VISION,0.0,450.0,0,140.0,243.46,206.54,102.27,37.73,20.0,0.0
1779273703.5318258,243.46,37.73,-0.445,256.5916045530349,33.66773937111875,-0.04025541277284593,VISION,0.0,450.0,0,140.0,243.46,206.54,102.27,37.73,20.0,0.0
1779273703.5819032,256.5916045530349,33.66773937111875,-0.04025541277284593,256.5916045530349,33.66773937111875,-0.04025541277284593,ESTIMA,0.0,450.0,0,140.0,256.592,193.408,106.332,33.668,20.0,0.0
1779273703.6318445,247.03,52.72,-0.266,247.03,52.72,-0.266,VISION,0.0,450.0,0,140.0,247.03,202.97,87.28,52.72,20.0,0.0
1779273703.6818264,247.03,52.72,-0.266,247.03,52.72,-0.266,VISION,0.0,450.0,0,140.0,247.03,202.97,87.28,52.72,20.0,0.0
1779273703.7320352,247.03,52.72,-0.266,247.03,52.72,-0.266,VISION,0.0,450.0,0,140.0,247.03,202.97,87.28,52.72,20.0,0.0
1779273703.7818148,247.03,52.72,-0.266,250.4122913407002,51.79847275716879,-0.15692078661401535,VISION,0.0,450.0,0,140.0,247.03,202.97,87.28,52.72,20.0,0.0
1779273703.8318152,247.03,52.72,-0.266,250.4122913407002,51.79847275716879,-0.15692078661401535,VISION,0.0,450.0,0,140.0,247.03,202.97,87.28,52.72,20.0,0.0
1779273703.8817916,247.03,52.72,-0.266,251.9788501143782,51.55060930019754,0.06184421240980578,VISION,0.0,450.0,0,140.0,247.03,202.97,87.28,52.72,20.0,0.0
1779273703.9318159,247.03,52.72,-0.266,253.9979650275309,51.675639313464664,0.1749991667347913,VISION,0.0,450.0,0,140.0,247.03,202.97,87.28,52.72,20.0,0.0
1779273703.981789,247.03,52.72,-0.266,253.9979650275309,51.675639313464664,0.1749991667347913,VISION,0.0,450.0,0,140.0,247.03,202.97,87.28,52.72,20.0,0.0
1779273704.0317776,247.03,52.72,-0.266,253.9979650275309,51.675639313464664,0.1749991667347913,VISION,0.0,450.0,0,140.0,247.03,202.97,87.28,52.72,20.0,0.0
1779273704.0818286,247.03,52.72,-0.266,257.1990525278805,52.241616416969684,0.28271968809630466,VISION,0.0,450.0,0,140.0,247.03,202.97,87.28,52.72,20.0,0.0
1779273704.1319304,257.1990525278805,52.241616416969684,0.28271968809630466,257.1990525278805,52.241616416969684,0.28271968809630466,ESTIMA,0.0,450.0,0,140.0,257.199,192.801,87.758,52.242,20.0,0.0
1779273704.1818812,259.41789029019714,52.886191471542304,0.3635183467695056,259.41789029019714,52.886191471542304,0.3635183467695056,ESTIMA,0.0,450.0,0,140.0,259.418,190.582,87.114,52.886,20.0,0.0
1779273704.2318563,247.43,68.69,-0.074,247.43,68.69,-0.074,VISION,0.0,450.0,0,140.0,247.43,202.57,71.31,68.69,20.0,0.0
1779273704.2817824,247.43,68.69,-0.074,251.21600462325853,68.40932314192214,0.06411996949847205,VISION,0.0,450.0,0,140.0,247.43,202.57,71.31,68.69,20.0,0.0
1779273704.3318067,247.43,68.69,-0.074,252.9985456486442,68.52377651451478,0.09222244666672448,VISION,0.0,450.0,0,140.0,247.43,202.57,71.31,68.69,20.0,0.0
1779273704.3817706,247.43,68.69,-0.074,252.9985456486442,68.52377651451478,0.09222244666672448,VISION,0.0,450.0,0,140.0,247.43,202.57,71.31,68.69,20.0,0.0
1779273704.4318254,247.43,68.69,-0.074,256.1116174493234,68.81168830376932,0.1370651890414113,VISION,0.0,450.0,0,140.0,247.43,202.57,71.31,68.69,20.0,0.0
1779273704.4817789,247.43,68.69,-0.074,256.1116174493234,68.81168830376932,0.1370651890414113,VISION,0.0,450.0,0,140.0,247.43,202.57,71.31,68.69,20.0,0.0
1779273704.531965,247.43,68.69,-0.074,256.1116174493234,68.81168830376932,0.1370651890414113,VISION,0.0,450.0,0,140.0,247.43,202.57,71.31,68.69,20.0,0.0
1779273704.5817916,247.43,68.69,-0.074,259.7011726045658,69.30679575570353,0.18530368291811822,VISION,0.0,450.0,0,140.0,247.43,202.57,71.31,68.69,20.0,0.0
1779273704.6319866,247.43,68.69,-0.074,259.7011726045658,69.30679575570353,0.18530368291811822,VISION,0.0,450.0,0,140.0,247.43,202.57,71.31,68.69,20.0,0.0
1779273704.6817827,247.43,68.69,-0.074,261.458256155988,69.63616840682289,0.34725374446088864,VISION,0.0,450.0,0,140.0,247.43,202.57,71.31,68.69,20.0,0.0
1779273704.7317908,261.458256155988,69.63616840682289,0.34725374446088864,261.458256155988,69.63616840682289,0.34725374446088864,ESTIMA,0.0,450.0,0,140.0,261.458,188.542,70.364,69.636,20.0,0.0
1779273704.7819061,264.82218710705854,70.85364034952377,0.3979985360581939,264.82218710705854,70.85364034952377,0.3979985360581939,ESTIMA,0.0,450.0,0,140.0,264.822,185.178,69.146,70.854,20.0,0.0
1779273704.8318584,264.82218710705854,70.85364034952377,0.3979985360581939,264.82218710705854,70.85364034952377,0.3979985360581939,ESTIMA,0.0,450.0,0,140.0,264.822,185.178,69.146,70.854,20.0,0.0
1779273704.881843,266.8812755629776,71.71935521511102,0.47184814192874286,266.8812755629776,71.71935521511102,0.47184814192874286,ESTIMA,0.0,450.0,0,140.0,266.881,183.119,68.281,71.719,20.0,0.0
1779273704.9318686,266.8812755629776,71.71935521511102,0.47184814192874286,266.8812755629776,71.71935521511102,0.47184814192874286,ESTIMA,0.0,450.0,0,140.0,266.881,183.119,68.281,71.719,20.0,0.0
1779273704.9818258,269.21747378522446,72.91150105131426,0.619602414116916,269.21747378522446,72.91150105131426,0.619602414116916,ESTIMA,0.0,450.0,0,140.0,269.217,180.783,67.088,72.912,20.0,0.0
1779273705.0318308,269.21747378522446,72.91150105131426,0.619602414116916,269.21747378522446,72.91150105131426,0.619602414116916,ESTIMA,0.0,450.0,0,140.0,269.217,180.783,67.088,72.912,20.0,0.0
1779273705.081842,270.928223766559,74.13179433281562,0.7361514469577171,270.928223766559,74.13179433281562,0.7361514469577171,ESTIMA,0.0,450.0,0,140.0,270.928,179.072,65.868,74.132,20.0,0.0
1779273705.131862,270.928223766559,74.13179433281562,0.7361514469577171,270.928223766559,74.13179433281562,0.7361514469577171,ESTIMA,0.0,450.0,0,140.0,270.928,179.072,65.868,74.132,20.0,0.0
1779273705.1818402,273.1382516524642,76.1342055571809,0.7704853398727354,273.1382516524642,76.1342055571809,0.7704853398727354,ESTIMA,0.0,450.0,0,140.0,273.138,176.862,63.866,76.134,20.0,0.0
1779273705.2318337,273.1382516524642,76.1342055571809,0.7704853398727354,273.1382516524642,76.1342055571809,0.7704853398727354,ESTIMA,0.0,450.0,0,140.0,273.138,176.862,63.866,76.134,20.0,0.0
1779273705.2818294,274.6945707555162,77.64478515045124,0.9654938787159717,274.6945707555162,77.64478515045124,0.9654938787159717,ESTIMA,0.0,450.0,0,140.0,274.695,175.305,62.355,77.645,20.0,0.0
1779273705.331788,274.6945707555162,77.64478515045124,0.9654938787159717,274.6945707555162,77.64478515045124,0.9654938787159717,ESTIMA,0.0,450.0,0,140.0,274.695,175.305,62.355,77.645,20.0,0.0
1779273705.3825166,240.91,100.93,0.406,240.91,100.93,0.406,VISION,0.0,450.0,0,140.0,240.91,209.09,39.07,100.93,0.0,0.0
1779273705.4325538,240.91,100.93,0.406,240.91,100.93,0.406,VISION,0.0,450.0,0,140.0,240.91,209.09,39.07,100.93,0.0,0.0
1779273705.4828255,240.91,100.93,0.406,240.91,100.93,0.406,VISION,0.0,450.0,0,140.0,240.91,209.09,39.07,100.93,0.0,0.0
1779273705.5325282,240.91,100.93,0.406,243.464865333643,102.02829525796554,0.5616974851976365,VISION,0.0,450.0,0,140.0,240.91,209.09,39.07,100.93,0.0,0.0
1779273705.5824394,240.91,100.93,0.406,244.7095338354647,102.81158601310362,0.5595117240088109,VISION,0.0,450.0,0,140.0,240.91,209.09,39.07,100.93,0.0,0.0
1779273705.6324866,240.91,100.93,0.406,244.7095338354647,102.81158601310362,0.5595117240088109,VISION,0.0,450.0,0,140.0,240.91,209.09,39.07,100.93,0.0,0.0
1779273705.6824782,240.91,100.93,0.406,244.7095338354647,102.81158601310362,0.5595117240088109,VISION,0.0,450.0,0,140.0,240.91,209.09,39.07,100.93,0.0,0.0
1779273705.7324853,240.91,100.93,0.406,244.7095338354647,102.81158601310362,0.5595117240088109,VISION,0.0,450.0,0,140.0,240.91,209.09,39.07,100.93,0.0,0.0
1779273705.782478,240.91,100.93,0.406,246.83888730192083,104.1451352346088,0.3779291543459675,VISION,0.0,450.0,0,140.0,240.91,209.09,39.07,100.93,0.0,0.0
1779273705.8325577,240.91,100.93,0.406,247.42289109984705,104.37699262277832,0.40638583673129575,VISION,0.0,450.0,0,140.0,240.91,209.09,39.07,100.93,0.0,0.0
1779273705.8826022,240.91,100.93,0.406,247.42289109984705,104.37699262277832,0.40638583673129575,VISION,0.0,450.0,0,140.0,240.91,209.09,39.07,100.93,-20.0,0.0
1779273705.93261,247.42289109984705,104.37699262277832,0.406385836731296,247.42289109984705,104.37699262277832,0.406385836731296,ESTIMA,0.0,450.0,0,140.0,247.423,202.577,35.623,104.377,-20.0,0.0
1779273705.9825766,230.64,112.29,0.768,230.64,112.29,0.768,VISION,0.0,450.0,0,140.0,230.64,219.36,27.71,112.29,-20.0,0.0
1779273706.032455,230.64,112.29,0.768,232.76779328981465,114.34501280235868,0.9702815411127275,VISION,0.0,450.0,0,140.0,230.64,219.36,27.71,112.29,-20.0,0.0
1779273706.0824533,230.64,112.29,0.768,232.76779328981465,114.34501280235868,0.9702815411127275,VISION,0.0,450.0,0,140.0,230.64,219.36,27.71,112.29,-20.0,0.0
1779273706.1324599,230.64,112.29,0.768,234.46334434944674,116.82065724485958,1.2449109573114574,VISION,0.0,450.0,0,140.0,230.64,219.36,27.71,112.29,-20.0,0.0
1779273706.1824834,230.64,112.29,0.768,234.46334434944674,116.82065724485958,1.2449109573114574,VISION,0.0,450.0,0,140.0,230.64,219.36,27.71,112.29,-20.0,0.0
1779273706.2325182,230.64,112.29,0.768,236.36583698804438,122.45043400492786,1.6830389825007757,VISION,0.0,450.0,0,140.0,230.64,219.36,27.71,112.29,-20.0,0.0
1779273706.2825239,230.64,112.29,0.768,236.36583698804438,122.45043400492786,1.6830389825007757,VISION,0.0,450.0,0,140.0,230.64,219.36,27.71,112.29,-20.0,0.0
1779273706.3324726,230.64,112.29,0.768,236.0077189722482,125.62759372732691,1.9187968854846968,VISION,0.0,450.0,0,140.0,230.64,219.36,27.71,112.29,-20.0,0.0
1779273706.3824503,230.64,112.29,0.768,236.0077189722482,125.62759372732691,1.9187968854846968,VISION,0.0,450.0,0,140.0,230.64,219.36,27.71,112.29,-20.0,0.0
1779273706.43247,230.64,112.29,0.768,234.41494992848018,130.01823830220968,2.2622499972028676,VISION,0.0,450.0,0,140.0,230.64,219.36,27.71,112.29,-20.0,0.0
1779273706.4824462,230.64,112.29,0.768,234.41494992848018,130.01823830220968,2.2622499972028676,VISION,0.0,450.0,0,140.0,230.64,219.36,27.71,112.29,-20.0,0.0
1779273706.533118,232.07241266618485,132.8481314964802,2.675901069339357,226.84,115.24,0.882,ESTIMA,0.0,450.0,0,140.0,232.072,217.928,7.152,132.848,-20.0,0.0
1779273706.582682,226.84,115.24,0.882,226.84,115.24,0.882,VISION,0.0,450.0,0,140.0,226.84,223.16,24.76,115.24,-20.0,0.0
1779273706.6324928,226.84,115.24,0.882,230.06534741820394,119.15751552212409,1.1796836816277785,VISION,0.0,450.0,0,140.0,226.84,223.16,24.76,115.24,-20.0,0.0
1779273706.6824272,226.84,115.24,0.882,230.06534741820394,119.15751552212409,1.1796836816277785,VISION,0.0,450.0,0,140.0,226.84,223.16,24.76,115.24,-20.0,0.0
1779273706.7324712,226.84,115.24,0.882,231.6472782584866,122.99383715756169,1.5594305810125968,VISION,0.0,450.0,0,140.0,226.84,223.16,24.76,115.24,-20.0,0.0
1779273706.7824435,226.84,115.24,0.882,231.6472782584866,122.99383715756169,1.5594305810125968,VISION,0.0,450.0,0,140.0,226.84,223.16,24.76,115.24,-20.0,0.0
1779273706.83243,226.84,115.24,0.882,231.69041686437677,126.78916648741759,1.9068234117192757,VISION,0.0,450.0,0,140.0,226.84,223.16,24.76,115.24,-20.0,0.0
1779273706.8824399,226.84,115.24,0.882,231.69041686437677,126.78916648741759,1.9068234117192757,VISION,0.0,450.0,0,140.0,226.84,223.16,24.76,115.24,-20.0,0.0
1779273706.9324718,226.84,115.24,0.882,231.69041686437677,126.78916648741759,1.9068234117192757,VISION,0.0,450.0,0,140.0,226.84,223.16,24.76,115.24,-20.0,0.0
1779273706.9824705,226.84,115.24,0.882,229.51598514888684,133.0147585035477,2.39302738334763,VISION,0.0,450.0,0,140.0,226.84,223.16,24.76,115.24,-20.0,0.0
1779273707.0324636,226.84,115.24,0.882,227.94551672458132,134.47359825801172,2.589212197981734,VISION,0.0,450.0,0,140.0,226.84,223.16,24.76,115.24,-20.0,0.0
1779273707.0824804,226.84,115.24,0.882,227.94551672458132,134.47359825801172,2.589212197981734,VISION,0.0,450.0,0,140.0,226.84,223.16,24.76,115.24,-20.0,0.0
1779273707.1326911,232.24,110.12,1.084,232.24,110.12,1.084,VISION,0.0,450.0,0,140.0,232.24,217.76,29.88,110.12,-20.0,0.0
1779273707.1825235,232.24,110.12,1.084,232.24,110.12,1.084,VISION,0.0,450.0,0,140.0,232.24,217.76,29.88,110.12,-20.0,0.0
1779273707.2325158,232.24,110.12,1.084,234.48528701330048,114.36215331648594,1.3648213909947882,VISION,0.0,450.0,0,140.0,232.24,217.76,29.88,110.12,-20.0,0.0
1779273707.2824762,232.24,110.12,1.084,234.48528701330048,114.36215331648594,1.3648213909947882,VISION,0.0,450.0,0,140.0,232.24,217.76,29.88,110.12,-20.0,0.0
1779273707.3325121,232.24,110.12,1.084,235.18900775671256,117.73023563348498,1.67896519123917,VISION,0.0,450.0,0,140.0,232.24,217.76,29.88,110.12,-20.0,0.0
1779273707.382471,232.24,110.12,1.084,235.18900775671256,117.73023563348498,1.67896519123917,VISION,0.0,450.0,0,140.0,232.24,217.76,29.88,110.12,-20.0,0.0
1779273707.4324508,232.24,110.12,1.084,235.18900775671256,117.73023563348498,1.67896519123917,VISION,0.0,450.0,0,140.0,232.24,217.76,29.88,110.12,0.0,0.0
1779273707.4824622,232.24,110.12,1.084,234.71669096634776,122.0796687125538,2.1715849494641355,VISION,0.0,450.0,0,140.0,232.24,217.76,29.88,110.12,0.0,0.0
1779273707.5325162,232.24,110.12,1.084,232.82410941046675,124.84137148048234,2.4630474098633544,VISION,0.0,450.0,0,140.0,232.24,217.76,29.88,110.12,0.0,0.0
1779273707.5824606,232.24,110.12,1.084,232.82410941046675,124.84137148048234,2.4630474098633544,VISION,0.0,450.0,0,140.0,232.24,217.76,29.88,110.12,0.0,0.0
1779273707.6324637,232.24,110.12,1.084,231.20643797793815,126.1456322260976,2.4619906730710657,VISION,0.0,450.0,0,140.0,232.24,217.76,29.88,110.12,0.0,0.0
1779273707.6825433,231.20643797793815,126.1456322260976,2.4619906730710657,231.20643797793815,126.1456322260976,2.4619906730710657,ESTIMA,0.0,450.0,0,140.0,231.206,218.794,13.854,126.146,0.0,0.0
1779273707.7326653,238.2,105.67,1.881,238.2,105.67,1.881,VISION,0.0,450.0,0,140.0,238.2,211.8,34.33,105.67,0.0,0.0
1779273707.7824712,238.2,105.67,1.881,237.96733227185734,106.39583437794893,1.775867067586369,VISION,0.0,450.0,0,140.0,238.2,211.8,34.33,105.67,0.0,0.0
1779273707.8326967,238.2,105.67,1.881,237.83702283371395,107.02233827455883,1.6876033095652694,VISION,0.0,450.0,0,140.0,238.2,211.8,34.33,105.67,0.0,0.0
1779273707.8824458,238.2,105.67,1.881,237.83702283371395,107.02233827455883,1.6876033095652694,VISION,0.0,450.0,0,140.0,238.2,211.8,34.33,105.67,0.0,0.0
1779273708.0325058,238.2,105.67,1.881,237.83702283371395,107.02233827455883,1.6876033095652696,VISION,0.0,450.0,0,140.0,238.2,211.8,34.33,105.67,20.0,0.0
1779273708.0826354,238.2,105.67,1.881,237.83702283371395,107.02233827455883,1.6876033095652698,VISION,0.0,450.0,0,140.0,238.2,211.8,34.33,105.67,20.0,0.0
1779273708.1324708,238.2,105.67,1.881,237.83702283371395,107.02233827455883,1.6876033095652698,VISION,0.0,450.0,0,140.0,238.2,211.8,34.33,105.67,20.0,0.0
1779273708.182466,238.2,105.67,1.881,237.74766382566196,107.78387011854295,1.6226223994132527,VISION,0.0,450.0,0,140.0,238.2,211.8,34.33,105.67,20.0,0.0
1779273708.2324564,238.2,105.67,1.881,237.74766382566196,107.78387011854295,1.6226223994132527,VISION,0.0,450.0,0,140.0,238.2,211.8,34.33,105.67,20.0,0.0
1779273708.282857,237.67139306383038,109.25422006935275,1.6047731914229137,237.67139306383038,109.25422006935275,1.6047731914229137,ESTIMA,0.0,450.0,0,140.0,237.671,212.329,30.746,109.254,20.0,0.0
1779273708.3326561,244.69,106.1,2.735,244.69,106.1,2.735,VISION,0.0,450.0,0,140.0,244.69,205.31,33.9,106.1,20.0,0.0
1779273708.382515,244.69,106.1,2.735,242.03023679227644,107.24525725445001,2.7020833586187134,VISION,0.0,450.0,0,140.0,244.69,205.31,33.9,106.1,20.0,0.0
1779273708.4324825,244.69,106.1,2.735,242.03023679227644,107.24525725445001,2.7020833586187134,VISION,0.0,450.0,0,140.0,244.69,205.31,33.9,106.1,20.0,0.0
1779273708.4824646,244.69,106.1,2.735,240.58111660554854,107.92660632798507,2.82852499155353,VISION,0.0,450.0,0,140.0,244.69,205.31,33.9,106.1,20.0,0.0
1779273708.5324502,244.69,106.1,2.735,240.58111660554854,107.92660632798507,2.82852499155353,VISION,0.0,450.0,0,140.0,244.69,205.31,33.9,106.1,20.0,0.0
1779273708.5824645,244.69,106.1,2.735,240.58111660554854,107.92660632798507,2.82852499155353,VISION,0.0,450.0,0,140.0,244.69,205.31,33.9,106.1,20.0,0.0
1779273708.6324682,244.69,106.1,2.735,238.0749167454928,108.73789649674607,2.8726531616178463,VISION,0.0,450.0,0,140.0,244.69,205.31,33.9,106.1,20.0,0.0
1779273708.6825118,244.69,106.1,2.735,235.80031569935298,109.3648146053782,2.86551622327285,VISION,0.0,450.0,0,140.0,244.69,205.31,33.9,106.1,20.0,0.0
1779273708.7325008,244.69,106.1,2.735,235.80031569935298,109.3648146053782,2.86551622327285,VISION,0.0,450.0,0,140.0,244.69,205.31,33.9,106.1,20.0,0.0
1779273708.7825766,244.69,106.1,2.735,233.49652043563705,110.0175053562242,2.9038267123499644,VISION,0.0,450.0,0,140.0,244.69,205.31,33.9,106.1,20.0,0.0
1779273708.832499,244.69,106.1,2.735,233.49652043563705,110.0175053562242,2.9038267123499644,VISION,0.0,450.0,0,140.0,244.69,205.31,33.9,106.1,20.0,0.0
1779273708.883372,233.49652043563705,110.0175053562242,2.9038267123499644,242.18196474492217,104.8762657100053,2.870357356330385,ESTIMA,0.0,450.0,0,140.0,233.497,216.503,29.982,110.018,20.0,0.0
1779273708.9326606,244.53,104.12,2.83,244.53,104.12,2.83,VISION,0.0,450.0,0,140.0,244.53,205.47,35.88,104.12,20.0,0.0
1779273708.9825041,244.53,104.12,2.83,244.53,104.12,2.83,VISION,0.0,450.0,0,140.0,244.53,205.47,35.88,104.12,20.0,0.0
1779273709.0325434,244.53,104.12,2.83,242.25178630568615,104.8537772690372,2.9339039987491864,VISION,0.0,450.0,0,140.0,244.53,205.47,35.88,104.12,20.0,0.0
1779273709.0828068,244.53,104.12,2.83,242.25178630568615,104.8537772690372,2.9339039987491864,VISION,0.0,450.0,0,140.0,244.53,205.47,35.88,104.12,20.0,0.0
1779273709.1325476,244.53,104.12,2.83,239.8777859571957,105.35404390761867,3.0479041889345395,VISION,0.0,450.0,0,140.0,244.53,205.47,35.88,104.12,20.0,0.0
1779273709.182602,244.53,104.12,2.83,239.8777859571957,105.35404390761867,3.0479041889345395,VISION,0.0,450.0,0,140.0,244.53,205.47,35.88,104.12,20.0,0.0
1779273709.2325516,244.53,104.12,2.83,237.64027450748432,105.56428842265508,3.1005563045430575,VISION,0.0,450.0,0,140.0,244.53,205.47,35.88,104.12,20.0,0.0
1779273709.282551,244.53,104.12,2.83,237.64027450748432,105.56428842265508,3.1005563045430575,VISION,0.0,450.0,0,140.0,244.53,205.47,35.88,104.12,20.0,0.0
1779273709.3325515,244.53,104.12,2.83,236.22607989800406,105.62235440395084,3.221244939138014,VISION,0.0,450.0,0,140.0,244.53,205.47,35.88,104.12,20.0,0.0
1779273709.3825502,244.53,104.12,2.83,236.22607989800406,105.62235440395084,3.221244939138014,VISION,0.0,450.0,0,140.0,244.53,205.47,35.88,104.12,20.0,0.0
1779273709.4326777,244.53,104.12,2.83,233.30094811171648,105.38886697671187,3.2347497788493205,VISION,0.0,450.0,0,140.0,244.53,205.47,35.88,104.12,20.0,0.0
1779273709.4827316,244.69,92.46,3.092,244.69,92.46,3.092,VISION,0.0,450.0,0,140.0,244.69,205.31,47.54,92.46,20.0,0.0
1779273709.532564,244.69,92.46,3.092,242.26385118252017,92.58041789389804,3.2119549299915877,VISION,0.0,450.0,0,140.0,244.69,205.31,47.54,92.46,20.0,0.0
1779273709.5825691,244.69,92.46,3.092,242.26385118252017,92.58041789389804,3.2119549299915877,VISION,0.0,450.0,0,140.0,244.69,205.31,47.54,92.46,20.0,0.0
1779273709.63384,244.69,92.46,3.092,240.22354108677823,92.43661964478306,3.259181273334869,VISION,0.0,450.0,0,140.0,244.69,205.31,47.54,92.46,20.0,0.0
1779273709.6825557,244.69,92.46,3.092,240.22354108677823,92.43661964478306,3.259181273334869,VISION,0.0,450.0,0,140.0,244.69,205.31,47.54,92.46,20.0,0.0
1779273709.7325325,244.69,92.46,3.092,237.88103460414217,92.15989091305205,3.377893006349393,VISION,0.0,450.0,0,140.0,244.69,205.31,47.54,92.46,20.0,0.0
1779273709.7825432,244.69,92.46,3.092,237.88103460414217,92.15989091305205,3.377893006349393,VISION,0.0,450.0,0,140.0,244.69,205.31,47.54,92.46,20.0,0.0
1779273709.832534,244.69,92.46,3.092,235.68451890993444,91.63097207224959,3.4373142695524384,VISION,0.0,450.0,0,140.0,244.69,205.31,47.54,92.46,20.0,0.0
1779273709.8825269,244.69,92.46,3.092,235.68451890993444,91.63097207224959,3.4373142695524384,VISION,0.0,450.0,0,140.0,244.69,205.31,47.54,92.46,20.0,0.0
1779273709.932769,244.69,92.46,3.092,232.9463104568616,90.7967641644709,3.5176202016345366,VISION,0.0,450.0,0,140.0,244.69,205.31,47.54,92.46,20.0,0.0
1779273709.982589,244.69,92.46,3.092,232.9463104568616,90.7967641644709,3.5176202016345366,VISION,0.0,450.0,0,140.0,244.69,205.31,47.54,92.46,20.0,0.0
1779273710.0326285,230.47012953789275,89.81913372967288,3.5940669342749367,230.47012953789275,89.81913372967288,3.5940669342749367,ESTIMA,0.0,450.0,0,140.0,230.47,219.53,50.181,89.819,20.0,0.0
1779273710.0828495,247.91,79.21,-2.968,247.91,79.21,-2.968,VISION,0.0,450.0,0,140.0,247.91,202.09,60.79,79.21,20.0,0.0
1779273710.1325529,247.91,79.21,-2.968,245.83112059227403,78.84545262288447,-2.7818821821691255,VISION,0.0,450.0,0,140.0,247.91,202.09,60.79,79.21,20.0,0.0
1779273710.182602,247.91,79.21,-2.968,245.83112059227403,78.84545262288447,-2.7818821821691255,VISION,0.0,450.0,0,140.0,247.91,202.09,60.79,79.21,20.0,0.0
1779273710.2325306,247.91,79.21,-2.968,243.1361761572421,77.83195856593707,-2.7616077862161257,VISION,0.0,450.0,0,140.0,247.91,202.09,60.79,79.21,20.0,0.0
1779273710.2825584,247.91,79.21,-2.968,243.1361761572421,77.83195856593707,-2.7616077862161257,VISION,0.0,450.0,0,140.0,247.91,202.09,60.79,79.21,20.0,0.0
1779273710.3325434,247.91,79.21,-2.968,243.1361761572421,77.83195856593707,-2.7616077862161257,VISION,0.0,450.0,0,140.0,247.91,202.09,60.79,79.21,20.0,0.0
1779273710.3825502,247.91,79.21,-2.968,240.54609854994408,76.79749406718025,-2.6852114800909828,VISION,0.0,450.0,0,140.0,247.91,202.09,60.79,79.21,20.0,0.0
1779273710.432524,247.91,79.21,-2.968,240.54609854994408,76.79749406718025,-2.6852114800909828,VISION,0.0,450.0,0,140.0,247.91,202.09,60.79,79.21,20.0,0.0
1779273710.482567,247.91,79.21,-2.968,240.54609854994408,76.79749406718025,-2.6852114800909828,VISION,0.0,450.0,0,140.0,247.91,202.09,60.79,79.21,20.0,0.0
1779273710.532522,247.91,79.21,-2.968,235.41671831260913,74.27922649068965,-2.7210354479036347,VISION,0.0,450.0,0,140.0,247.91,202.09,60.79,79.21,20.0,0.0
1779273710.5825536,247.91,79.21,-2.968,234.38574805629932,73.81813428077713,-2.7090749860596146,VISION,0.0,450.0,0,140.0,247.91,202.09,60.79,79.21,20.0,0.0
1779273710.6327004,253.91,64.96,-2.748,253.91,64.96,-2.748,VISION,0.0,450.0,0,140.0,253.91,196.09,75.04,64.96,20.0,0.0
1779273710.682577,253.91,64.96,-2.748,253.91,64.96,-2.748,VISION,0.0,450.0,0,140.0,253.91,196.09,75.04,64.96,20.0,0.0
1779273710.732556,253.91,64.96,-2.748,253.91,64.96,-2.748,VISION,0.0,450.0,0,140.0,253.91,196.09,75.04,64.96,20.0,0.0
1779273710.7825518,253.91,64.96,-2.748,251.97271727145667,64.15552235676965,-2.6868212416232287,VISION,0.0,450.0,0,140.0,253.91,196.09,75.04,64.96,20.0,0.0
1779273710.8325174,253.91,64.96,-2.748,251.97271727145667,64.15552235676965,-2.6868212416232287,VISION,0.0,450.0,0,140.0,253.91,196.09,75.04,64.96,20.0,0.0
1779273710.8825736,253.91,64.96,-2.748,249.42591616822475,62.910255071293996,-2.664669204388918,VISION,0.0,450.0,0,140.0,253.91,196.09,75.04,64.96,20.0,0.0
1779273710.9325707,253.91,64.96,-2.748,249.42591616822475,62.910255071293996,-2.664669204388918,VISION,0.0,450.0,0,140.0,253.91,196.09,75.04,64.96,20.0,0.0
1779273710.9827762,253.91,64.96,-2.748,246.40238454479703,61.34797608618152,-2.5721008116835486,VISION,0.0,450.0,0,140.0,253.91,196.09,75.04,64.96,20.0,0.0
1779273711.032558,253.91,64.96,-2.748,246.40238454479703,61.34797608618152,-2.5721008116835486,VISION,0.0,450.0,0,140.0,253.91,196.09,75.04,64.96,20.0,0.0
1779273711.0825508,253.91,64.96,-2.748,244.52358984574622,60.14507429499807,-2.5536678311789713,VISION,0.0,450.0,0,140.0,253.91,196.09,75.04,64.96,20.0,0.0
1779273711.1325548,253.91,64.96,-2.748,244.52358984574622,60.14507429499807,-2.5536678311789713,VISION,0.0,450.0,0,140.0,253.91,196.09,75.04,64.96,20.0,0.0
1779273711.1825411,244.52358984574622,60.14507429499807,-2.5536678311789713,244.52358984574622,60.14507429499807,-2.5536678311789713,ESTIMA,0.0,450.0,0,140.0,244.524,205.476,79.855,60.145,20.0,0.0
1779273711.23322,263.17,52.39,-2.385,263.17,52.39,-2.385,ESTIMA,0.0,450.0,0,140.0,263.17,186.83,87.61,52.39,20.0,0.0
1779273711.2825954,263.17,52.39,-2.385,261.929718226647,51.219190165615565,-2.289160750386709,VISION,0.0,450.0,0,140.0,263.17,186.83,87.61,52.39,20.0,0.0
1779273711.332565,263.17,52.39,-2.385,261.929718226647,51.219190165615565,-2.289160750386709,VISION,0.0,450.0,0,140.0,263.17,186.83,87.61,52.39,20.0,0.0
1779273711.3825533,263.17,52.39,-2.385,261.929718226647,51.219190165615565,-2.289160750386709,VISION,0.0,450.0,0,140.0,263.17,186.83,87.61,52.39,20.0,0.0
1779273711.4325345,263.17,52.39,-2.385,259.8065084088539,48.790383807779776,-2.1892167175981343,VISION,0.0,450.0,0,140.0,263.17,186.83,87.61,52.39,20.0,0.0
1779273711.482521,263.17,52.39,-2.385,258.9201336166155,47.5446478318847,-2.1036122032327693,VISION,0.0,450.0,0,140.0,263.17,186.83,87.61,52.39,20.0,0.0
1779273711.5325434,263.17,52.39,-2.385,258.9201336166155,47.5446478318847,-2.1036122032327693,VISION,0.0,450.0,0,140.0,263.17,186.83,87.61,52.39,20.0,0.0
1779273711.5825431,263.17,52.39,-2.385,257.35480077003996,44.890217862822475,-2.0135279420183756,VISION,0.0,450.0,0,140.0,263.17,186.83,87.61,52.39,20.0,0.0
1779273711.6325479,263.17,52.39,-2.385,257.35480077003996,44.890217862822475,-2.0135279420183756,VISION,0.0,450.0,0,140.0,263.17,186.83,87.61,52.39,20.0,0.0
1779273711.6825168,263.17,52.39,-2.385,257.35480077003996,44.890217862822475,-2.0135279420183756,VISION,0.0,450.0,0,140.0,263.17,186.83,87.61,52.39,20.0,0.0
1779273711.7326145,263.17,52.39,-2.385,255.69659283063575,41.39278808059727,-1.9015916611784034,VISION,0.0,450.0,0,140.0,263.17,186.83,87.61,52.39,20.0,0.0
1779273711.7826517,255.3012311397847,40.24151884771476,-1.8625877826371915,255.3012311397847,40.24151884771476,-1.8625877826371915,ESTIMA,0.0,450.0,0,140.0,255.301,194.699,99.758,40.242,20.0,0.0
1779273711.8328671,276.18,46.23,-1.852,276.18,46.23,-1.852,VISION,0.0,450.0,0,140.0,276.18,173.82,93.77,46.23,20.0,0.0
1779273711.8825552,276.18,46.23,-1.852,276.18,46.23,-1.852,VISION,0.0,450.0,0,140.0,276.18,173.82,93.77,46.23,20.0,0.0
1779273711.9326112,276.18,46.23,-1.852,275.39294814298813,43.505298199026,-1.68428576801529,VISION,0.0,450.0,0,140.0,276.18,173.82,93.77,46.23,20.0,0.0
1779273711.9828506,276.18,46.23,-1.852,275.39294814298813,43.505298199026,-1.68428576801529,VISION,0.0,450.0,0,140.0,276.18,173.82,93.77,46.23,20.0,0.0
1779273712.032551,276.18,46.23,-1.852,275.06792937843954,40.65373629661602,-1.5136296516618504,VISION,0.0,450.0,0,140.0,276.18,173.82,93.77,46.23,20.0,0.0
1779273712.0825171,276.18,46.23,-1.852,275.06792937843954,40.65373629661602,-1.5136296516618504,VISION,0.0,450.0,0,140.0,276.18,173.82,93.77,46.23,20.0,0.0
1779273712.132515,276.18,46.23,-1.852,275.1759640807589,38.76597582108771,-1.4468876293671373,VISION,0.0,450.0,0,140.0,276.18,173.82,93.77,46.23,20.0,0.0
1779273712.1825318,276.18,46.23,-1.852,275.1759640807589,38.76597582108771,-1.4468876293671373,VISION,0.0,450.0,0,140.0,276.18,173.82,93.77,46.23,20.0,0.0
1779273712.2325468,276.18,46.23,-1.852,275.1759640807589,38.76597582108771,-1.4468876293671373,VISION,0.0,450.0,0,140.0,276.18,173.82,93.77,46.23,20.0,0.0
1779273712.2825575,276.18,46.23,-1.852,275.6602805198347,34.877344278077324,-1.2147281926514486,VISION,0.0,450.0,0,140.0,276.18,173.82,93.77,46.23,20.0,0.0
1779273712.3325593,276.18,46.23,-1.852,276.07992686664903,33.74902166762077,-1.1432447819471543,VISION,0.0,450.0,0,140.0,276.18,173.82,93.77,46.23,20.0,0.0
1779273712.3826962,276.07992686664903,33.74902166762077,-1.1432447819471543,276.07992686664903,33.74902166762077,-1.1432447819471543,ESTIMA,0.0,450.0,0,140.0,276.08,173.92,106.251,33.749,20.0,0.0
1779273712.4329436,291.14,45.57,-1.418,291.14,45.57,-1.418,VISION,0.0,450.0,0,140.0,291.14,158.86,94.43,45.57,20.0,0.0
1779273712.4825318,291.14,45.57,-1.418,291.57709692210545,42.73164627633985,-1.1526738148699212,VISION,0.0,450.0,0,140.0,291.14,158.86,94.43,45.57,20.0,0.0
1779273712.532561,291.14,45.57,-1.418,292.2824234425361,41.14422612903717,-1.0456700539709955,VISION,0.0,450.0,0,140.0,291.14,158.86,94.43,45.57,20.0,0.0
1779273712.5825555,291.14,45.57,-1.418,292.2824234425361,41.14422612903717,-1.0456700539709955,VISION,0.0,450.0,0,140.0,291.14,158.86,94.43,45.57,20.0,0.0
1779273712.6325555,291.14,45.57,-1.418,293.53906038446104,38.97532488246131,-0.8918147861156607,VISION,0.0,450.0,0,140.0,291.14,158.86,94.43,45.57,20.0,0.0
1779273712.682526,291.14,45.57,-1.418,293.53906038446104,38.97532488246131,-0.8918147861156607,VISION,0.0,450.0,0,140.0,291.14,158.86,94.43,45.57,20.0,0.0
1779273712.732555,291.14,45.57,-1.418,295.10824025521447,37.03081178149501,-0.7420694010689302,VISION,0.0,450.0,0,140.0,291.14,158.86,94.43,45.57,20.0,0.0
1779273712.7825453,291.14,45.57,-1.418,295.10824025521447,37.03081178149501,-0.7420694010689302,VISION,0.0,450.0,0,140.0,291.14,158.86,94.43,45.57,20.0,0.0
1779273712.8325777,291.14,45.57,-1.418,297.442169896643,34.89085164697816,-0.6923289164389713,VISION,0.0,450.0,0,140.0,291.14,158.86,94.43,45.57,20.0,0.0
1779273712.8825264,291.14,45.57,-1.418,297.442169896643,34.89085164697816,-0.6923289164389713,VISION,0.0,450.0,0,140.0,291.14,158.86,94.43,45.57,20.0,0.0
1779273712.932587,291.14,45.57,-1.418,297.442169896643,34.89085164697816,-0.6923289164389713,VISION,0.0,450.0,0,140.0,291.14,158.86,94.43,45.57,20.0,0.0
1779273712.9828284,297.442169896643,34.89085164697816,-0.6923289164389713,300.7622678540025,32.137630602421495,-0.54112508310409,ESTIMA,0.0,450.0,0,140.0,297.442,152.558,105.109,34.891,20.0,0.0
1779273713.0325718,300.7622678540025,32.137630602421495,-0.54112508310409,300.7622678540025,32.137630602421495,-0.54112508310409,ESTIMA,0.0,450.0,0,140.0,300.762,149.238,107.862,32.138,20.0,0.0
1779273713.0825224,301.9744789310867,31.40914023447249,-0.4550979424413232,301.9744789310867,31.40914023447249,-0.4550979424413232,ESTIMA,0.0,450.0,0,140.0,301.974,148.026,108.591,31.409,20.0,0.0
1779273713.1328778,301.9744789310867,31.40914023447249,-0.4550979424413232,301.9744789310867,31.40914023447249,-0.4550979424413232,ESTIMA,0.0,450.0,0,140.0,301.974,148.026,108.591,31.409,20.0,0.0
1779273713.1825294,304.5516979274762,30.147957115181256,-0.403070339172544,304.5516979274762,30.147957115181256,-0.403070339172544,ESTIMA,0.0,450.0,0,140.0,304.552,145.448,109.852,30.148,20.0,0.0
1779273713.2331216,304.5516979274762,30.147957115181256,-0.403070339172544,306.4749443484039,29.32785193595323,-0.20907404444561112,ESTIMA,0.0,450.0,0,140.0,304.552,145.448,109.852,30.148,20.0,0.0
1779273713.2825677,306.4749443484039,29.32785193595323,-0.20907404444561112,306.4749443484039,29.32785193595323,-0.20907404444561112,ESTIMA,0.0,450.0,0,140.0,306.475,143.525,110.672,29.328,20.0,0.0
1779273713.3325517,306.4749443484039,29.32785193595323,-0.20907404444561112,306.4749443484039,29.32785193595323,-0.20907404444561112,ESTIMA,0.0,450.0,0,140.0,306.475,143.525,110.672,29.328,20.0,0.0
1779273713.3825762,309.46358974755685,28.693737252965597,-0.10248662015855152,309.46358974755685,28.693737252965597,-0.10248662015855152,ESTIMA,0.0,450.0,0,140.0,309.464,140.536,111.306,28.694,20.0,0.0
1779273713.4325247,309.46358974755685,28.693737252965597,-0.10248662015855152,309.46358974755685,28.693737252965597,-0.10248662015855152,ESTIMA,0.0,450.0,0,140.0,309.464,140.536,111.306,28.694,20.0,0.0
1779273713.4827907,309.46358974755685,28.693737252965597,-0.10248662015855152,309.46358974755685,28.693737252965597,-0.10248662015855152,ESTIMA,0.0,450.0,0,140.0,309.464,140.536,111.306,28.694,20.0,0.0
1779273713.5326736,314.13165298177427,28.21364115357417,0.05958406221576397,314.13165298177427,28.21364115357417,0.05958406221576397,ESTIMA,0.0,450.0,0,140.0,314.132,135.868,111.786,28.214,20.0,0.0
1779273713.5830584,312.93,65.35,-0.557,312.93,65.35,-0.557,ESTIMA,0.0,450.0,0,140.0,312.93,137.07,74.65,65.35,20.0,0.0
1779273713.6327848,312.93,65.35,-0.557,312.93,65.35,-0.557,VISION,0.0,450.0,0,140.0,312.93,137.07,74.65,65.35,20.0,0.0
1779273713.6825628,312.93,65.35,-0.557,315.37870108771443,63.82500241506133,-0.45109454146177186,VISION,0.0,450.0,0,140.0,312.93,137.07,74.65,65.35,20.0,0.0
1779273713.7325857,312.93,65.35,-0.557,315.37870108771443,63.82500241506133,-0.45109454146177186,VISION,0.0,450.0,0,140.0,312.93,137.07,74.65,65.35,20.0,0.0
1779273713.7825851,312.93,65.35,-0.557,318.2248359935543,62.44631837411,-0.39473140614106345,VISION,0.0,450.0,0,140.0,312.93,137.07,74.65,65.35,20.0,0.0
1779273713.832612,312.93,65.35,-0.557,318.2248359935543,62.44631837411,-0.39473140614106345,VISION,0.0,450.0,0,140.0,312.93,137.07,74.65,65.35,20.0,0.0
1779273713.882568,312.93,65.35,-0.557,321.0876839020924,61.25366570369566,-0.2835563129836667,VISION,0.0,450.0,0,140.0,312.93,137.07,74.65,65.35,20.0,0.0
1779273713.9326274,312.93,65.35,-0.557,321.0876839020924,61.25366570369566,-0.2835563129836667,VISION,0.0,450.0,0,140.0,312.93,137.07,74.65,65.35,20.0,0.0
1779273713.9825368,312.93,65.35,-0.557,323.45468836892843,60.563900105838705,-0.19857756221229178,VISION,0.0,450.0,0,140.0,312.93,137.07,74.65,65.35,20.0,0.0
1779273714.032525,312.93,65.35,-0.557,323.45468836892843,60.563900105838705,-0.19857756221229178,VISION,0.0,450.0,0,140.0,312.93,137.07,74.65,65.35,20.0,0.0
1779273714.0825334,312.93,65.35,-0.557,325.4702498755893,60.15830952308452,-0.0114075799556419,VISION,0.0,450.0,0,140.0,312.93,137.07,74.65,65.35,20.0,0.0
1779273714.1326194,325.4702498755893,60.15830952308452,-0.0114075799556419,325.4702498755893,60.15830952308452,-0.0114075799556419,ESTIMA,0.0,450.0,0,140.0,325.47,124.53,79.842,60.158,20.0,0.0
1779273714.1826537,315.79,81.16,-0.192,315.79,81.16,-0.192,VISION,0.0,450.0,0,140.0,315.79,134.21,58.84,81.16,20.0,0.0
1779273714.2325735,315.79,81.16,-0.192,319.4964206496672,80.43949179514942,-0.06565497330777759,VISION,0.0,450.0,0,140.0,315.79,134.21,58.84,81.16,20.0,0.0
1779273714.2825458,315.79,81.16,-0.192,321.0707494684731,80.33598050473623,0.02771265619288353,VISION,0.0,450.0,0,140.0,315.79,134.21,58.84,81.16,20.0,0.0
1779273714.332553,315.79,81.16,-0.192,321.0707494684731,80.33598050473623,0.02771265619288353,VISION,0.0,450.0,0,140.0,315.79,134.21,58.84,81.16,20.0,0.0
1779273714.3825855,315.79,81.16,-0.192,321.0707494684731,80.33598050473623,0.02771265619288353,VISION,0.0,450.0,0,140.0,315.79,134.21,58.84,81.16,20.0,0.0
1779273714.432564,315.79,81.16,-0.192,324.3503138714522,80.42688921905766,0.07771527643962864,VISION,0.0,450.0,0,140.0,315.79,134.21,58.84,81.16,20.0,0.0
1779273714.4826174,315.79,81.16,-0.192,326.3886366616376,80.58561772253097,0.196357687778206,VISION,0.0,450.0,0,140.0,315.79,134.21,58.84,81.16,20.0,0.0
1779273714.5325665,315.79,81.16,-0.192,326.3886366616376,80.58561772253097,0.196357687778206,VISION,0.0,450.0,0,140.0,315.79,134.21,58.84,81.16,20.0,0.0
1779273714.5825858,315.79,81.16,-0.192,329.1315159478738,81.13123356501929,0.28693259376597113,VISION,0.0,450.0,0,140.0,315.79,134.21,58.84,81.16,20.0,0.0
1779273714.6325886,315.79,81.16,-0.192,329.1315159478738,81.13123356501929,0.28693259376597113,VISION,0.0,450.0,0,140.0,315.79,134.21,58.84,81.16,20.0,0.0
1779273714.682532,329.1315159478738,81.13123356501929,0.28693259376597113,329.1315159478738,81.13123356501929,0.28693259376597113,ESTIMA,0.0,450.0,0,140.0,329.132,120.868,58.869,81.131,20.0,0.0
1779273714.7329798,331.515701336052,81.8347477163652,0.510901015056421,312.32,96.34,0.242,ESTIMA,0.0,450.0,0,140.0,331.516,118.484,58.165,81.835,20.0,0.0
1779273714.782582,312.32,96.34,0.242,312.32,96.34,0.242,VISION,0.0,450.0,0,140.0,312.32,137.68,43.66,96.34,0.0,0.0
1779273714.832594,312.32,96.34,0.242,314.66056481633433,96.9177392054608,0.32311458744325283,VISION,0.0,450.0,0,140.0,312.32,137.68,43.66,96.34,0.0,0.0
1779273714.8825803,312.32,96.34,0.242,314.66056481633433,96.9177392054608,0.32311458744325283,VISION,0.0,450.0,0,140.0,312.32,137.68,43.66,96.34,0.0,0.0
1779273714.9326415,312.32,96.34,0.242,316.8075118920092,97.63664360925333,0.4578265611373521,VISION,0.0,450.0,0,140.0,312.32,137.68,43.66,96.34,0.0,0.0
1779273714.9825642,312.32,96.34,0.242,316.8075118920092,97.63664360925333,0.4578265611373521,VISION,0.0,450.0,0,140.0,312.32,137.68,43.66,96.34,0.0,0.0
1779273715.032557,312.32,96.34,0.242,316.8075118920092,97.63664360925333,0.4578265611373521,VISION,0.0,450.0,0,140.0,312.32,137.68,43.66,96.34,0.0,0.0
1779273715.0825377,312.32,96.34,0.242,319.96420195287334,99.19208598480954,0.6229711265727009,VISION,0.0,450.0,0,140.0,312.32,137.68,43.66,96.34,0.0,0.0
1779273715.1325982,312.32,96.34,0.242,320.41503945077847,99.51596943005336,0.6477869451495155,VISION,0.0,450.0,0,140.0,312.32,137.68,43.66,96.34,0.0,0.0
1779273715.1825576,312.32,96.34,0.242,320.41503945077847,99.51596943005336,0.6477869451495155,VISION,0.0,450.0,0,140.0,312.32,137.68,43.66,96.34,0.0,0.0
1779273715.2325506,312.32,96.34,0.242,320.46370341713254,99.552794341776,0.6562044183353093,VISION,0.0,450.0,0,140.0,312.32,137.68,43.66,96.34,0.0,0.0
1779273715.2825744,320.46370341713254,99.552794341776,0.6562044183353093,320.46370341713254,99.552794341776,0.6562044183353093,ESTIMA,0.0,450.0,0,140.0,320.464,129.536,40.447,99.553,-20.0,0.0
1779273715.332691,302.45,108.24,0.711,302.45,108.24,0.711,VISION,0.0,450.0,0,140.0,302.45,147.55,31.76,108.24,-20.0,0.0
1779273715.3825996,302.45,108.24,0.711,302.45,108.24,0.711,VISION,0.0,450.0,0,140.0,302.45,147.55,31.76,108.24,-20.0,0.0
1779273715.4325628,302.45,108.24,0.711,304.57646935892654,110.07146203441317,0.9037317653106945,VISION,0.0,450.0,0,140.0,302.45,147.55,31.76,108.24,-20.0,0.0
1779273715.4825613,302.45,108.24,0.711,304.57646935892654,110.07146203441317,0.9037317653106945,VISION,0.0,450.0,0,140.0,302.45,147.55,31.76,108.24,-20.0,0.0
1779273715.5325835,302.45,108.24,0.711,307.5462927464548,113.84272700471965,1.257799473063299,VISION,0.0,450.0,0,140.0,302.45,147.55,31.76,108.24,-20.0,0.0
1779273715.5825922,302.45,108.24,0.711,307.5462927464548,113.84272700471965,1.257799473063299,VISION,0.0,450.0,0,140.0,302.45,147.55,31.76,108.24,-20.0,0.0
1779273715.6325746,302.45,108.24,0.711,308.7585326393763,117.5884272689663,1.5479631804942304,VISION,0.0,450.0,0,140.0,302.45,147.55,31.76,108.24,-20.0,0.0
1779273715.6825366,302.45,108.24,0.711,308.7585326393763,117.5884272689663,1.5479631804942304,VISION,0.0,450.0,0,140.0,302.45,147.55,31.76,108.24,-20.0,0.0
1779273715.7325737,302.45,108.24,0.711,308.7585326393763,117.5884272689663,1.5479631804942304,VISION,0.0,450.0,0,140.0,302.45,147.55,31.76,108.24,-20.0,0.0
1779273715.7825925,302.45,108.24,0.711,308.8810933331365,122.95516001334568,2.151023257016323,VISION,0.0,450.0,0,140.0,302.45,147.55,31.76,108.24,-20.0,0.0
1779273715.832608,302.45,108.24,0.711,308.8810933331365,122.95516001334568,2.151023257016323,VISION,0.0,450.0,0,140.0,302.45,147.55,31.76,108.24,-20.0,0.0
1779273715.8826687,306.78651820999244,126.15058032610263,2.5822024960263112,306.78651820999244,126.15058032610263,2.5822024960263112,ESTIMA,0.0,450.0,0,140.0,306.787,143.213,13.849,126.151,-20.0,0.0
1779273715.9327815,296.42,112.73,0.96,296.42,112.73,0.96,VISION,0.0,450.0,0,140.0,296.42,153.58,27.27,112.73,-20.0,0.0
1779273715.9825773,296.42,112.73,0.96,298.8463854043878,116.19574576822501,1.435308747999456,VISION,0.0,450.0,0,140.0,296.42,153.58,27.27,112.73,-20.0,0.0
1779273716.0325718,296.42,112.73,0.96,298.8463854043878,116.19574576822501,1.435308747999456,VISION,0.0,450.0,0,140.0,296.42,153.58,27.27,112.73,-20.0,0.0
1779273716.0825713,296.42,112.73,0.96,299.36240830693873,119.9810485391481,1.717658104333744,VISION,0.0,450.0,0,140.0,296.42,153.58,27.27,112.73,-20.0,0.0
1779273716.1325607,296.42,112.73,0.96,299.36240830693873,119.9810485391481,1.717658104333744,VISION,0.0,450.0,0,140.0,296.42,153.58,27.27,112.73,-20.0,0.0
1779273716.1825843,296.42,112.73,0.96,298.74004409972275,124.18829229994812,2.195473552467577,VISION,0.0,450.0,0,140.0,296.42,153.58,27.27,112.73,-20.0,0.0
1779273716.2326007,296.42,112.73,0.96,297.0229785582313,126.56981850329966,2.4124585152564255,VISION,0.0,450.0,0,140.0,296.42,153.58,27.27,112.73,-20.0,0.0
1779273716.2825587,296.42,112.73,0.96,297.0229785582313,126.56981850329966,2.4124585152564255,VISION,0.0,450.0,0,140.0,296.42,153.58,27.27,112.73,-20.0,0.0
1779273716.3325686,296.42,112.73,0.96,297.0229785582313,126.56981850329966,2.4124585152564255,VISION,0.0,450.0,0,140.0,296.42,153.58,27.27,112.73,-20.0,0.0
1779273716.3825727,296.42,112.73,0.96,293.6732970477594,129.56228805309775,2.823576456846494,VISION,0.0,450.0,0,140.0,296.42,153.58,27.27,112.73,-20.0,0.0
1779273716.4325736,296.42,112.73,0.96,293.6732970477594,129.56228805309775,2.823576456846494,VISION,0.0,450.0,0,140.0,296.42,153.58,27.27,112.73,-20.0,0.0
1779273716.4831092,290.3417604676723,130.65899386923687,3.2184987238624085,290.3417604676723,130.65899386923687,3.2184987238624085,ESTIMA,0.0,450.0,0,140.0,290.342,159.658,9.341,130.659,-20.0,0.0
1779273716.5325959,301.8,108.29,1.16,301.8,108.29,1.16,VISION,0.0,450.0,0,140.0,301.8,148.2,31.71,108.29,-20.0,0.0
1779273716.582578,301.8,108.29,1.16,303.8524092532375,113.00191816807536,1.539113075352518,VISION,0.0,450.0,0,140.0,301.8,148.2,31.71,108.29,-20.0,0.0
1779273716.6325824,301.8,108.29,1.16,303.8524092532375,113.00191816807536,1.539113075352518,VISION,0.0,450.0,0,140.0,301.8,148.2,31.71,108.29,-20.0,0.0
1779273716.6825712,301.8,108.29,1.16,303.9662898825957,116.59506331851564,1.8681312254746212,VISION,0.0,450.0,0,140.0,301.8,148.2,31.71,108.29,-20.0,0.0
1779273716.7325602,301.8,108.29,1.16,303.9662898825957,116.59506331851564,1.8681312254746212,VISION,0.0,450.0,0,140.0,301.8,148.2,31.71,108.29,-20.0,0.0
1779273716.7825725,301.8,108.29,1.16,302.7428682710149,120.58771228466954,2.2493296325108347,VISION,0.0,450.0,0,140.0,301.8,148.2,31.71,108.29,-20.0,0.0
1779273716.8325765,301.8,108.29,1.16,302.7428682710149,120.58771228466954,2.2493296325108347,VISION,0.0,450.0,0,140.0,301.8,148.2,31.71,108.29,0.0,0.0
1779273716.8825736,301.8,108.29,1.16,299.9386186074359,124.06590130374786,2.659140194347266,VISION,0.0,450.0,0,140.0,301.8,148.2,31.71,108.29,0.0,0.0
1779273716.9326906,301.8,108.29,1.16,299.9386186074359,124.06590130374786,2.659140194347266,VISION,0.0,450.0,0,140.0,301.8,148.2,31.71,108.29,0.0,0.0
1779273716.982575,301.8,108.29,1.16,299.9386186074359,124.06590130374786,2.659140194347266,VISION,0.0,450.0,0,140.0,301.8,148.2,31.71,108.29,0.0,0.0
1779273717.0325944,293.48471669205264,127.44601625263783,3.196228269948736,293.48471669205264,127.44601625263783,3.196228269948736,ESTIMA,0.0,450.0,0,140.0,293.485,156.515,12.554,127.446,0.0,0.0
1779273717.0829875,309.38,104.17,1.85,309.38,104.17,1.85,VISION,0.0,450.0,0,140.0,309.38,140.62,35.83,104.17,0.0,0.0
1779273717.1325796,309.38,104.17,1.85,309.38,104.17,1.85,VISION,0.0,450.0,0,140.0,309.38,140.62,35.83,104.17,0.0,0.0
1779273717.18258,309.38,104.17,1.85,308.7903607285111,106.22669691476284,1.9460910684820298,VISION,0.0,450.0,0,140.0,309.38,140.62,35.83,104.17,0.0,0.0
1779273717.2325995,309.38,104.17,1.85,308.7903607285111,106.22669691476284,1.9460910684820298,VISION,0.0,450.0,0,140.0,309.38,140.62,35.83,104.17,0.0,0.0
1779273717.282583,309.38,104.17,1.85,308.65694306092666,106.56534877934605,1.895886187997811,VISION,0.0,450.0,0,140.0,309.38,140.62,35.83,104.17,0.0,0.0
1779273717.3325732,309.38,104.17,1.85,308.65694306092666,106.56534877934605,1.895886187997811,VISION,0.0,450.0,0,140.0,309.38,140.62,35.83,104.17,0.0,0.0
1779273717.4826145,309.38,104.17,1.85,308.65694306092666,106.56534877934605,1.8958861879978115,VISION,0.0,450.0,0,140.0,309.38,140.62,35.83,104.17,20.0,0.0
1779273717.5325553,309.38,104.17,1.85,308.65694306092666,106.56534877934605,1.895886187997812,VISION,0.0,450.0,0,140.0,309.38,140.62,35.83,104.17,20.0,0.0
1779273717.5825784,309.38,104.17,1.85,308.65694306092666,106.56534877934605,1.8958861879978124,VISION,0.0,450.0,0,140.0,309.38,140.62,35.83,104.17,20.0,0.0
1779273717.6326833,308.65694306092666,106.56534877934605,1.8958861879978124,308.65694306092666,106.56534877934605,1.8958861879978124,ESTIMA,0.0,450.0,0,140.0,308.657,141.343,33.435,106.565,20.0,0.0
1779273717.6826108,316.55,105.16,2.608,316.55,105.16,2.608,VISION,0.0,450.0,0,140.0,316.55,133.45,34.84,105.16,20.0,0.0
1779273717.7325811,316.55,105.16,2.608,315.4008821568653,105.83884506676034,2.5431363223318746,VISION,0.0,450.0,0,140.0,316.55,133.45,34.84,105.16,20.0,0.0
1779273717.7825778,316.55,105.16,2.608,314.58522562794747,106.39501925143246,2.5358560796334593,VISION,0.0,450.0,0,140.0,316.55,133.45,34.84,105.16,20.0,0.0
1779273717.8325691,316.55,105.16,2.608,314.58522562794747,106.39501925143246,2.5358560796334593,VISION,0.0,450.0,0,140.0,316.55,133.45,34.84,105.16,20.0,0.0
1779273717.8827348,316.55,105.16,2.608,312.5962788865188,107.77254709933335,2.5501933915815402,VISION,0.0,450.0,0,140.0,316.55,133.45,34.84,105.16,20.0,0.0
1779273717.9326026,316.55,105.16,2.608,312.5962788865188,107.77254709933335,2.5501933915815402,VISION,0.0,450.0,0,140.0,316.55,133.45,34.84,105.16,20.0,0.0
1779273717.9825683,316.55,105.16,2.608,312.5962788865188,107.77254709933335,2.5501933915815402,VISION,0.0,450.0,0,140.0,316.55,133.45,34.84,105.16,20.0,0.0
1779273718.032558,316.55,105.16,2.608,309.7492796772484,109.6845465159694,2.595778241703927,VISION,0.0,450.0,0,140.0,316.55,133.45,34.84,105.16,20.0,0.0
1779273718.082539,316.55,105.16,2.608,309.7492796772484,109.6845465159694,2.595778241703927,VISION,0.0,450.0,0,140.0,316.55,133.45,34.84,105.16,20.0,0.0
1779273718.1325798,316.55,105.16,2.608,308.8183128094697,110.24997946355512,2.6831456662185063,VISION,0.0,450.0,0,140.0,316.55,133.45,34.84,105.16,20.0,0.0
1779273718.1827009,307.1824392009396,111.05730930400617,2.7194896864490374,307.1824392009396,111.05730930400617,2.7194896864490374,ESTIMA,0.0,450.0,0,140.0,307.182,142.818,28.943,111.057,20.0,0.0
1779273718.2327023,307.1824392009396,111.05730930400617,2.7194896864490374,307.1824392009396,111.05730930400617,2.7194896864490374,ESTIMA,0.0,450.0,0,140.0,307.182,142.818,28.943,111.057,20.0,0.0
1779273718.2828586,316.66,104.78,2.655,314.26922163226294,106.04476795449911,2.711429845402812,ESTIMA,0.0,450.0,0,140.0,316.66,133.34,35.22,104.78,20.0,0.0
1779273718.3325856,316.66,104.78,2.655,314.26922163226294,106.04476795449911,2.711429845402812,VISION,0.0,450.0,0,140.0,316.66,133.34,35.22,104.78,20.0,0.0
1779273718.3827212,316.66,104.78,2.655,314.26922163226294,106.04476795449911,2.711429845402812,VISION,0.0,450.0,0,140.0,316.66,133.34,35.22,104.78,20.0,0.0
1779273718.4325986,316.66,104.78,2.655,311.7670281850133,107.19281957368426,2.7662506340179034,VISION,0.0,450.0,0,140.0,316.66,133.34,35.22,104.78,20.0,0.0
1779273718.48258,316.66,104.78,2.655,311.7670281850133,107.19281957368426,2.7662506340179034,VISION,0.0,450.0,0,140.0,316.66,133.34,35.22,104.78,20.0,0.0
1779273718.5325475,316.66,104.78,2.655,309.7447833312029,107.98962781121702,2.8639548334873552,VISION,0.0,450.0,0,140.0,316.66,133.34,35.22,104.78,20.0,0.0
1779273718.582611,316.66,104.78,2.655,308.27586682956274,108.40826689069543,2.9329643811299335,VISION,0.0,450.0,0,140.0,316.66,133.34,35.22,104.78,20.0,0.0
1779273718.6325781,316.66,104.78,2.655,308.27586682956274,108.40826689069543,2.9329643811299335,VISION,0.0,450.0,0,140.0,316.66,133.34,35.22,104.78,20.0,0.0
1779273718.682649,316.66,104.78,2.655,306.2687521864142,108.83319075923572,3.0279331643542142,VISION,0.0,450.0,0,140.0,316.66,133.34,35.22,104.78,20.0,0.0
1779273718.7325592,316.66,104.78,2.655,306.2687521864142,108.83319075923572,3.0279331643542142,VISION,0.0,450.0,0,140.0,316.66,133.34,35.22,104.78,20.0,0.0
1779273718.7827284,316.66,104.78,2.655,303.85756651495916,109.10843114220113,3.083571527269601,VISION,0.0,450.0,0,140.0,316.66,133.34,35.22,104.78,20.0,0.0
1779273718.8333514,314.63,94.36,2.866,314.63,94.36,2.866,VISION,0.0,450.0,0,140.0,314.63,135.37,45.64,94.36,20.0,0.0
1779273718.8826637,314.63,94.36,2.866,314.63,94.36,2.866,VISION,0.0,450.0,0,140.0,314.63,135.37,45.64,94.36,20.0,0.0
1779273718.9326453,314.63,94.36,2.866,311.9797257470366,95.10946722890966,2.9323171029582156,VISION,0.0,450.0,0,140.0,314.63,135.37,45.64,94.36,20.0,0.0
1779273718.9827156,314.63,94.36,2.866,309.88415973342603,95.55453443643098,2.986189735608295,VISION,0.0,450.0,0,140.0,314.63,135.37,45.64,94.36,20.0,0.0
1779273719.032597,314.63,94.36,2.866,309.88415973342603,95.55453443643098,2.986189735608295,VISION,0.0,450.0,0,140.0,314.63,135.37,45.64,94.36,20.0,0.0
1779273719.0825698,314.63,94.36,2.866,309.88415973342603,95.55453443643098,2.986189735608295,VISION,0.0,450.0,0,140.0,314.63,135.37,45.64,94.36,20.0,0.0
1779273719.1326272,314.63,94.36,2.866,307.08147711979746,95.99361984400852,3.056815484065896,VISION,0.0,450.0,0,140.0,314.63,135.37,45.64,94.36,20.0,0.0
1779273719.1825972,314.63,94.36,2.866,307.08147711979746,95.99361984400852,3.056815484065896,VISION,0.0,450.0,0,140.0,314.63,135.37,45.64,94.36,20.0,0.0
1779273719.2326021,314.63,94.36,2.866,304.972953435909,96.17280399518934,3.235883885589632,VISION,0.0,450.0,0,140.0,314.63,135.37,45.64,94.36,20.0,0.0
1779273719.2826474,314.63,94.36,2.866,304.972953435909,96.17280399518934,3.235883885589632,VISION,0.0,450.0,0,140.0,314.63,135.37,45.64,94.36,20.0,0.0
1779273719.3326106,314.63,94.36,2.866,302.85100568141957,95.97212784810638,3.2454913725666876,VISION,0.0,450.0,0,140.0,314.63,135.37,45.64,94.36,20.0,0.0
1779273719.382785,302.85100568141957,95.97212784810638,3.2454913725666876,302.85100568141957,95.97212784810638,3.2454913725666876,ESTIMA,0.0,450.0,0,140.0,302.851,147.149,44.028,95.972,20.0,0.0
1779273719.432801,314.49,80.7,3.045,314.49,80.7,3.045,VISION,0.0,450.0,0,140.0,314.49,135.51,59.3,80.7,20.0,0.0
1779273719.4826121,314.49,80.7,3.045,314.49,80.7,3.045,VISION,0.0,450.0,0,140.0,314.49,135.51,59.3,80.7,20.0,0.0
1779273719.5326335,314.49,80.7,3.045,311.7648020286883,80.96405584092307,3.1165107338386884,VISION,0.0,450.0,0,140.0,314.49,135.51,59.3,80.7,20.0,0.0
1779273719.582702,314.49,80.7,3.045,311.7648020286883,80.96405584092307,3.1165107338386884,VISION,0.0,450.0,0,140.0,314.49,135.51,59.3,80.7,20.0,0.0
1779273719.6326337,314.49,80.7,3.045,309.7163164507141,81.015446568935,3.226978439357141,VISION,0.0,450.0,0,140.0,314.49,135.51,59.3,80.7,20.0,0.0
1779273719.6825738,314.49,80.7,3.045,309.7163164507141,81.015446568935,3.226978439357141,VISION,0.0,450.0,0,140.0,314.49,135.51,59.3,80.7,20.0,0.0
1779273719.7325602,314.49,80.7,3.045,307.4764601533675,80.82372853072377,3.3486612188435085,VISION,0.0,450.0,0,140.0,314.49,135.51,59.3,80.7,20.0,0.0
1779273719.7826025,314.49,80.7,3.045,307.4764601533675,80.82372853072377,3.3486612188435085,VISION,0.0,450.0,0,140.0,314.49,135.51,59.3,80.7,20.0,0.0
1779273719.8326457,314.49,80.7,3.045,305.17116566413324,80.33943286316686,3.414658825751402,VISION,0.0,450.0,0,140.0,314.49,135.51,59.3,80.7,20.0,0.0
1779273719.882557,314.49,80.7,3.045,305.17116566413324,80.33943286316686,3.414658825751402,VISION,0.0,450.0,0,140.0,314.49,135.51,59.3,80.7,20.0,0.0
1779273719.932607,314.49,80.7,3.045,302.6802271177956,79.6418156926625,3.550470589528583,VISION,0.0,450.0,0,140.0,314.49,135.51,59.3,80.7,20.0,0.0
1779273719.9826598,302.6802271177956,79.6418156926625,3.550470589528583,302.6802271177956,79.6418156926625,3.550470589528583,ESTIMA,0.0,450.0,0,140.0,302.68,147.32,60.358,79.642,20.0,0.0
1779273720.032722,317.06,65.97,-3.057,317.06,65.97,-3.057,VISION,0.0,450.0,0,140.0,317.06,132.94,74.03,65.97,20.0,0.0
1779273720.0826046,317.06,65.97,-3.057,317.06,65.97,-3.057,VISION,0.0,450.0,0,140.0,317.06,132.94,74.03,65.97,20.0,0.0
1779273720.132576,317.06,65.97,-3.057,317.06,65.97,-3.057,VISION,0.0,450.0,0,140.0,317.06,132.94,74.03,65.97,20.0,0.0
1779273720.1825833,317.06,65.97,-3.057,313.75588588061737,65.68982760303206,-2.875946067999068,VISION,0.0,450.0,0,140.0,317.06,132.94,74.03,65.97,20.0,0.0
1779273720.2326415,317.06,65.97,-3.057,313.75588588061737,65.68982760303206,-2.875946067999068,VISION,0.0,450.0,0,140.0,317.06,132.94,74.03,65.97,20.0,0.0
1779273720.282572,317.06,65.97,-3.057,311.8711443257988,65.1770329974125,-2.8151895704871683,VISION,0.0,450.0,0,140.0,317.06,132.94,74.03,65.97,20.0,0.0
1779273720.3326051,317.06,65.97,-3.057,309.7466087878394,64.45785461011697,-2.6884646120528224,VISION,0.0,450.0,0,140.0,317.06,132.94,74.03,65.97,20.0,0.0
1779273720.3826208,317.06,65.97,-3.057,309.7466087878394,64.45785461011697,-2.6884646120528224,VISION,0.0,450.0,0,140.0,317.06,132.94,74.03,65.97,20.0,0.0
1779273720.4325995,317.06,65.97,-3.057,309.7466087878394,64.45785461011697,-2.6884646120528224,VISION,0.0,450.0,0,140.0,317.06,132.94,74.03,65.97,20.0,0.0
1779273720.48261,317.06,65.97,-3.057,306.70005334506095,62.97442930060161,-2.5821203115300273,VISION,0.0,450.0,0,140.0,317.06,132.94,74.03,65.97,20.0,0.0
1779273720.532573,317.06,65.97,-3.057,306.70005334506095,62.97442930060161,-2.5821203115300273,VISION,0.0,450.0,0,140.0,317.06,132.94,74.03,65.97,20.0,0.0
1779273720.5826705,304.91164462399223,61.85450144145047,-2.3927938452226356,304.91164462399223,61.85450144145047,-2.3927938452226356,ESTIMA,0.0,450.0,0,140.0,304.912,145.088,78.145,61.855,20.0,0.0
1779273720.633237,322.67,50.28,-2.898,321.05310840350484,49.87815736900329,-2.8493270149657315,VISION,0.0,450.0,0,140.0,322.67,127.33,89.72,50.28,20.0,0.0
1779273720.6826055,322.67,50.28,-2.898,321.05310840350484,49.87815736900329,-2.8493270149657315,VISION,0.0,450.0,0,140.0,322.67,127.33,89.72,50.28,20.0,0.0
1779273720.7326052,322.67,50.28,-2.898,318.64712732344736,49.15424132023337,-2.772515270078224,VISION,0.0,450.0,0,140.0,322.67,127.33,89.72,50.28,20.0,0.0
1779273720.7825682,322.67,50.28,-2.898,318.64712732344736,49.15424132023337,-2.772515270078224,VISION,0.0,450.0,0,140.0,322.67,127.33,89.72,50.28,20.0,0.0
1779273720.8326058,322.67,50.28,-2.898,318.64712732344736,49.15424132023337,-2.772515270078224,VISION,0.0,450.0,0,140.0,322.67,127.33,89.72,50.28,20.0,0.0
1779273720.882602,322.67,50.28,-2.898,315.84514811023814,48.07042979758341,-2.67689950015922,VISION,0.0,450.0,0,140.0,322.67,127.33,89.72,50.28,20.0,0.0
1779273720.9326272,322.67,50.28,-2.898,315.84514811023814,48.07042979758341,-2.67689950015922,VISION,0.0,450.0,0,140.0,322.67,127.33,89.72,50.28,20.0,0.0
1779273720.9825974,322.67,50.28,-2.898,313.2760601144193,46.78252642270641,-2.5110784509066453,VISION,0.0,450.0,0,140.0,322.67,127.33,89.72,50.28,20.0,0.0
1779273721.0328746,322.67,50.28,-2.898,313.2760601144193,46.78252642270641,-2.5110784509066453,VISION,0.0,450.0,0,140.0,322.67,127.33,89.72,50.28,20.0,0.0
1779273721.0826273,322.67,50.28,-2.898,311.83160531285426,45.72821513378278,-2.4077769211469575,VISION,0.0,450.0,0,140.0,322.67,127.33,89.72,50.28,20.0,0.0
1779273721.1327474,322.67,50.28,-2.898,311.83160531285426,45.72821513378278,-2.4077769211469575,VISION,0.0,450.0,0,140.0,322.67,127.33,89.72,50.28,20.0,0.0
1779273721.18292,309.9738963480659,44.05290945781231,-2.3290655014455175,309.9738963480659,44.05290945781231,-2.3290655014455175,ESTIMA,0.0,450.0,0,140.0,309.974,140.026,95.947,44.053,20.0,0.0
1779273721.2332933,330.76,34.21,-2.749,330.76,34.21,-2.749,VISION,0.0,450.0,0,140.0,330.76,119.24,105.79,34.21,0.0,0.0
1779273721.2826762,330.76,34.21,-2.749,327.8676160372447,33.012295965537255,-2.7118857889297323,VISION,0.0,450.0,0,140.0,330.76,119.24,105.79,34.21,0.0,0.0
1779273721.3328974,330.76,34.21,-2.749,326.2756468721522,32.28275017882172,-2.5544272998117505,VISION,0.0,450.0,0,140.0,330.76,119.24,105.79,34.21,0.0,0.0
1779273721.3825917,330.76,34.21,-2.749,326.2756468721522,32.28275017882172,-2.5544272998117505,VISION,0.0,450.0,0,140.0,330.76,119.24,105.79,34.21,0.0,0.0
1779273721.4325862,330.76,34.21,-2.749,326.2756468721522,32.28275017882172,-2.5544272998117505,VISION,0.0,450.0,0,140.0,330.76,119.24,105.79,34.21,0.0,0.0
1779273721.4827278,330.76,34.21,-2.749,323.2888387894125,30.29515490467449,-2.478253021155169,VISION,0.0,450.0,0,140.0,330.76,119.24,105.79,34.21,0.0,0.0
1779273721.5326598,330.76,34.21,-2.749,323.2888387894125,30.29515490467449,-2.478253021155169,VISION,0.0,450.0,0,140.0,330.76,119.24,105.79,34.21,0.0,0.0
1779273721.5826259,330.76,34.21,-2.749,322.561099716309,29.72644860646524,-2.4762539251332862,VISION,0.0,450.0,0,140.0,330.76,119.24,105.79,34.21,0.0,0.0
1779273721.6326563,330.76,34.21,-2.749,322.561099716309,29.72644860646524,-2.4762539251332862,VISION,0.0,450.0,0,140.0,330.76,119.24,105.79,34.21,0.0,0.0
1779273721.682629,330.76,34.21,-2.749,321.8995780734612,29.207355855238507,-2.3613629529621805,VISION,0.0,450.0,0,140.0,330.76,119.24,105.79,34.21,0.0,0.0
1779273721.7327282,330.76,34.21,-2.749,321.8995780734612,29.207355855238507,-2.3613629529621805,VISION,0.0,450.0,0,140.0,330.76,119.24,105.79,34.21,0.0,0.0
1779273721.782667,341.11,18.09,-2.611,341.11,18.09,-2.611,VISION,0.0,450.0,0,140.0,341.11,108.89,121.91,18.09,-20.0,0.0
1779273721.832857,341.11,18.09,-2.611,341.11,18.09,-2.611,VISION,0.0,450.0,0,140.0,341.11,108.89,121.91,18.09,-20.0,0.0
1779273721.8826096,341.11,18.09,-2.611,341.11,18.09,-2.611,VISION,0.0,450.0,0,140.0,341.11,108.89,121.91,18.09,-20.0,0.0
1779273721.9326203,341.11,18.09,-2.611,341.11,18.089999999999996,-2.6109999999999993,VISION,0.0,450.0,0,140.0,341.11,108.89,121.91,18.09,-20.0,0.0
1779273721.9826407,341.11,18.09,-2.611,339.39579281410136,17.084251673558033,-2.5206399861547473,VISION,0.0,450.0,0,140.0,341.11,108.89,121.91,18.09,-20.0,0.0
1779273722.0326085,341.11,18.09,-2.611,339.39579281410136,17.084251673558033,-2.5206399861547473,VISION,0.0,450.0,0,140.0,341.11,108.89,121.91,18.09,-20.0,0.0
1779273722.0826132,341.11,18.09,-2.611,336.3780194081961,14.925492912868108,-2.1030010646600457,VISION,0.0,450.0,0,140.0,341.11,108.89,121.91,18.09,-20.0,0.0
1779273722.1325786,341.11,18.09,-2.611,336.3780194081961,14.925492912868108,-2.1030010646600457,VISION,0.0,450.0,0,140.0,341.11,108.89,121.91,18.09,-20.0,0.0
1779273722.1825933,341.11,18.09,-2.611,336.3780194081961,14.925492912868108,-2.1030010646600457,VISION,0.0,450.0,0,140.0,341.11,108.89,121.91,18.09,-20.0,0.0
1779273722.2326124,341.11,18.09,-2.611,333.0538348515655,9.28058968128125,-1.6200330786464838,VISION,0.0,450.0,0,140.0,341.11,108.89,121.91,18.09,-20.0,0.0
1779273722.2828236,332.95219145458685,7.21787751436119,-1.4310516738748484,332.95219145458685,7.21787751436119,-1.4310516738748484,ESTIMA,0.0,450.0,0,140.0,332.952,117.048,132.782,7.218,-20.0,0.0
1779273722.3327005,332.95219145458685,7.21787751436119,-1.4310516738748484,332.95219145458685,7.21787751436119,-1.4310516738748484,ESTIMA,0.0,450.0,0,140.0,332.952,117.048,132.782,7.218,-20.0,0.0
1779273722.3826358,347.23,11.66,-2.353,347.23,11.66,-2.353,VISION,0.0,450.0,0,140.0,347.23,102.77,128.34,11.66,-20.0,0.0
1779273722.4326243,347.23,11.66,-2.353,343.35234738710557,7.757493661096927,-1.9475658186613667,VISION,0.0,450.0,0,140.0,347.23,102.77,128.34,11.66,-20.0,0.0
1779273722.4826097,347.23,11.66,-2.353,342.22348597494096,4.904467987562825,-1.6665117605933084,VISION,0.0,450.0,0,140.0,347.23,102.77,128.34,11.66,-20.0,0.0
1779273722.5326157,347.23,11.66,-2.353,342.22348597494096,4.904467987562825,-1.6665117605933084,VISION,0.0,450.0,0,140.0,347.23,102.77,128.34,11.66,-20.0,0.0
1779273722.582609,347.23,11.66,-2.353,341.7802708285091,0.28806701067763907,-1.3251623745978989,VISION,0.0,450.0,0,140.0,347.23,102.77,128.34,11.66,-20.0,0.0
1779273722.6326442,347.23,11.66,-2.353,341.7802708285091,0.28806701067763907,-1.3251623745978989,VISION,0.0,450.0,0,140.0,347.23,102.77,128.34,11.66,-20.0,0.0
1779273722.6826262,347.23,11.66,-2.353,341.7802708285091,0.28806701067763907,-1.3251623745978989,VISION,0.0,450.0,0,140.0,347.23,102.77,128.34,11.66,-20.0,0.0
1779273722.7325873,347.23,11.66,-2.353,343.1137444825313,-5.031011656125282,-0.7063144388226682,VISION,0.0,450.0,0,140.0,347.23,102.77,128.34,11.66,-20.0,0.0
1779273722.782615,347.23,11.66,-2.353,343.1137444825313,-5.031011656125282,-0.7063144388226682,VISION,0.0,450.0,0,140.0,347.23,102.77,128.34,11.66,-20.0,0.0
1779273722.8326132,347.23,11.66,-2.353,345.6239256261429,-7.172548746579123,-0.5134063042112892,VISION,0.0,450.0,0,140.0,347.23,102.77,128.34,11.66,-20.0,0.0
1779273722.8826094,345.6239256261429,-7.172548746579123,-0.5134063042112892,345.6239256261429,-7.172548746579123,-0.5134063042112892,ESTIMA,0.0,450.0,0,140.0,345.624,104.376,147.173,-7.173,-20.0,0.0
1779273722.9328287,343.67,15.98,-2.199,343.67,15.98,-2.199,VISION,0.0,450.0,0,140.0,343.67,106.33,124.02,15.98,-20.0,0.0
1779273722.9826694,343.67,15.98,-2.199,343.67,15.98,-2.199,VISION,0.0,450.0,0,140.0,343.67,106.33,124.02,15.98,-20.0,0.0
1779273723.0326197,343.67,15.98,-2.199,341.0744712359116,12.40669812361645,-1.8743263758434054,VISION,0.0,450.0,0,140.0,343.67,106.33,124.02,15.98,-20.0,0.0
1779273723.0825832,343.67,15.98,-2.199,341.0744712359116,12.40669812361645,-1.8743263758434054,VISION,0.0,450.0,0,140.0,343.67,106.33,124.02,15.98,-20.0,0.0
1779273723.1325767,343.67,15.98,-2.199,340.0950465607558,9.279627152390336,-1.5744238158740012,VISION,0.0,450.0,0,140.0,343.67,106.33,124.02,15.98,-20.0,0.0
1779273723.1825705,343.67,15.98,-2.199,340.0950465607558,9.279627152390336,-1.5744238158740012,VISION,0.0,450.0,0,140.0,343.67,106.33,124.02,15.98,-20.0,0.0
1779273723.2325852,343.67,15.98,-2.199,340.07729744272814,4.386699899149174,-1.0259673402114924,VISION,0.0,450.0,0,140.0,343.67,106.33,124.02,15.98,-20.0,0.0
1779273723.2826402,343.67,15.98,-2.199,340.07729744272814,4.386699899149174,-1.0259673402114924,VISION,0.0,450.0,0,140.0,343.67,106.33,124.02,15.98,-20.0,0.0
1779273723.3326232,343.67,15.98,-2.199,341.7312525604401,1.6574588908002985,-0.790116915703353,VISION,0.0,450.0,0,140.0,343.67,106.33,124.02,15.98,0.0,0.0
1779273723.3825774,343.67,15.98,-2.199,341.7312525604401,1.6574588908002985,-0.790116915703353,VISION,0.0,450.0,0,140.0,343.67,106.33,124.02,15.98,0.0,0.0
1779273723.4325783,343.67,15.98,-2.199,341.7312525604401,1.6574588908002985,-0.790116915703353,VISION,0.0,450.0,0,140.0,343.67,106.33,124.02,15.98,0.0,0.0
1779273723.4826965,346.95767853925327,-3.6185257300828404,-0.3552476625207742,346.95767853925327,-3.6185257300828404,-0.3552476625207742,ESTIMA,0.0,450.0,0,140.0,346.958,103.042,143.619,-3.619,0.0,0.0
1779273723.5327537,337.65,21.54,-1.681,337.65,21.54,-1.681,VISION,0.0,450.0,0,140.0,337.65,112.35,118.46,21.54,0.0,0.0
1779273723.5826197,337.65,21.54,-1.681,337.65,21.54,-1.681,VISION,0.0,450.0,0,140.0,337.65,112.35,118.46,21.54,0.0,0.0
1779273723.6326544,337.65,21.54,-1.681,337.38713961160636,19.16444041195591,-1.4618834339471316,VISION,0.0,450.0,0,140.0,337.65,112.35,118.46,21.54,0.0,0.0
1779273723.6825964,337.65,21.54,-1.681,337.38713961160636,19.16444041195591,-1.4618834339471316,VISION,0.0,450.0,0,140.0,337.65,112.35,118.46,21.54,0.0,0.0
1779273723.7325788,337.65,21.54,-1.681,337.38713961160636,19.16444041195591,-1.4618834339471312,VISION,0.0,450.0,0,140.0,337.65,112.35,118.46,21.54,0.0,0.0
1779273723.7825809,337.65,21.54,-1.681,337.38713961160636,19.16444041195591,-1.4618834339471312,VISION,0.0,450.0,0,140.0,337.65,112.35,118.46,21.54,0.0,0.0
1779273723.8326194,337.65,21.54,-1.681,337.38713961160636,19.164440411955905,-1.4618834339471307,VISION,0.0,450.0,0,140.0,337.65,112.35,118.46,21.54,0.0,0.0
1779273723.9826465,337.65,21.54,-1.681,337.38713961160636,19.1644404119559,-1.4618834339471303,VISION,0.0,450.0,0,140.0,337.65,112.35,118.46,21.54,20.0,0.0
1779273724.0326512,337.65,21.54,-1.681,337.38713961160636,19.164440411955898,-1.4618834339471298,VISION,0.0,450.0,0,140.0,337.65,112.35,118.46,21.54,20.0,0.0
1779273724.0827212,337.38713961160636,19.164440411955898,-1.4618834339471298,337.38713961160636,19.164440411955898,-1.4618834339471298,ESTIMA,0.0,450.0,0,140.0,337.387,112.613,120.836,19.164,20.0,0.0
1779273724.1331189,330.73,23.81,-1.092,330.73,23.81,-1.092,VISION,0.0,450.0,0,140.0,330.73,119.27,116.19,23.81,20.0,0.0
1779273724.1825902,330.73,23.81,-1.092,331.44419550628476,22.434117851091866,-1.2033569870397978,VISION,0.0,450.0,0,140.0,330.73,119.27,116.19,23.81,20.0,0.0
1779273724.232586,330.73,23.81,-1.092,331.44419550628476,22.434117851091866,-1.2033569870397978,VISION,0.0,450.0,0,140.0,330.73,119.27,116.19,23.81,20.0,0.0
1779273724.2825887,330.73,23.81,-1.092,332.08084788975304,20.78013246073839,-1.1643967159189639,VISION,0.0,450.0,0,140.0,330.73,119.27,116.19,23.81,20.0,0.0
1779273724.3325815,330.73,23.81,-1.092,332.08084788975304,20.78013246073839,-1.1643967159189639,VISION,0.0,450.0,0,140.0,330.73,119.27,116.19,23.81,20.0,0.0
1779273724.382685,330.73,23.81,-1.092,332.75378451137254,19.216463076964455,-1.1523184605156094,VISION,0.0,450.0,0,140.0,330.73,119.27,116.19,23.81,20.0,0.0
1779273724.4326687,330.73,23.81,-1.092,332.75378451137254,19.216463076964455,-1.1523184605156094,VISION,0.0,450.0,0,140.0,330.73,119.27,116.19,23.81,20.0,0.0
1779273724.482584,330.73,23.81,-1.092,333.93739793023155,16.555151139565417,-1.1142528131614464,VISION,0.0,450.0,0,140.0,330.73,119.27,116.19,23.81,20.0,0.0
1779273724.5328805,330.73,23.81,-1.092,334.60439682772613,15.197119341671472,-1.0882320863498018,VISION,0.0,450.0,0,140.0,330.73,119.27,116.19,23.81,20.0,0.0
1779273724.5826414,330.73,23.81,-1.092,334.60439682772613,15.197119341671472,-1.0882320863498018,VISION,0.0,450.0,0,140.0,330.73,119.27,116.19,23.81,20.0,0.0
1779273724.6326215,330.73,23.81,-1.092,334.60439682772613,15.197119341671472,-1.0882320863498018,VISION,0.0,450.0,0,140.0,330.73,119.27,116.19,23.81,20.0,0.0
1779273724.6827223,335.8081073628962,12.899411299148374,-0.9670721571383287,335.8081073628962,12.899411299148374,-0.9670721571383287,ESTIMA,0.0,450.0,0,140.0,335.808,114.192,127.101,12.899,20.0,0.0
1779273724.732784,330.92,24.07,-1.068,330.92,24.07,-1.068,VISION,0.0,450.0,0,140.0,330.92,119.08,115.93,24.07,20.0,0.0
1779273724.782628,330.92,24.07,-1.068,331.950896233858,22.19543508330785,-0.888125548716673,VISION,0.0,450.0,0,140.0,330.92,119.08,115.93,24.07,20.0,0.0
1779273724.832703,330.92,24.07,-1.068,331.950896233858,22.19543508330785,-0.888125548716673,VISION,0.0,450.0,0,140.0,330.92,119.08,115.93,24.07,20.0,0.0
1779273724.8826888,330.92,24.07,-1.068,332.99183991798094,20.91520049243001,-0.8510709048087942,VISION,0.0,450.0,0,140.0,330.92,119.08,115.93,24.07,20.0,0.0
1779273724.932632,330.92,24.07,-1.068,332.99183991798094,20.91520049243001,-0.8510709048087942,VISION,0.0,450.0,0,140.0,330.92,119.08,115.93,24.07,20.0,0.0
1779273724.98311,330.92,24.07,-1.068,334.801651474235,18.85057778556152,-0.7214522256436334,VISION,0.0,450.0,0,140.0,330.92,119.08,115.93,24.07,20.0,0.0
1779273725.0326583,330.92,24.07,-1.068,334.801651474235,18.85057778556152,-0.7214522256436334,VISION,0.0,450.0,0,140.0,330.92,119.08,115.93,24.07,20.0,0.0
1779273725.0825996,330.92,24.07,-1.068,336.0760045741071,17.729605154606936,-0.6878816661434363,VISION,0.0,450.0,0,140.0,330.92,119.08,115.93,24.07,20.0,0.0
1779273725.1326048,330.92,24.07,-1.068,336.0760045741071,17.729605154606936,-0.6878816661434363,VISION,0.0,450.0,0,140.0,330.92,119.08,115.93,24.07,20.0,0.0
1779273725.1826236,330.92,24.07,-1.068,337.64061073212775,16.44384151705713,-0.593671436843023,VISION,0.0,450.0,0,140.0,330.92,119.08,115.93,24.07,20.0,0.0
1779273725.2326028,330.92,24.07,-1.068,337.64061073212775,16.44384151705713,-0.593671436843023,VISION,0.0,450.0,0,140.0,330.92,119.08,115.93,24.07,20.0,0.0
1779273725.2827244,339.84887691543,14.953513292721526,-0.5358155742833279,339.84887691543,14.953513292721526,-0.5358155742833279,ESTIMA,0.0,450.0,0,140.0,339.849,110.151,125.046,14.954,20.0,0.0
1779273725.3326576,339.84887691543,14.953513292721526,-0.5358155742833279,339.84887691543,14.953513292721526,-0.5358155742833279,ESTIMA,0.0,450.0,0,140.0,339.849,110.151,125.046,14.954,20.0,0.0
1779273725.3826199,341.5777325654728,13.926995110664503,-0.43594161251368835,341.5777325654728,13.926995110664503,-0.43594161251368835,ESTIMA,0.0,450.0,0,140.0,341.578,108.422,126.073,13.927,20.0,0.0
1779273725.4326003,341.5777325654728,13.926995110664503,-0.43594161251368835,341.5777325654728,13.926995110664503,-0.43594161251368835,ESTIMA,0.0,450.0,0,140.0,341.578,108.422,126.073,13.927,20.0,0.0
1779273725.4828644,343.998267066185,12.799432467051773,-0.2988235801579457,343.998267066185,12.799432467051773,-0.2988235801579457,ESTIMA,0.0,450.0,0,140.0,343.998,106.002,127.201,12.799,20.0,0.0
1779273725.5327537,343.998267066185,12.799432467051773,-0.2988235801579457,343.998267066185,12.799432467051773,-0.2988235801579457,ESTIMA,0.0,450.0,0,140.0,343.998,106.002,127.201,12.799,20.0,0.0
1779273725.5827441,345.7174271857573,12.269849098597005,-0.2523739728792866,345.7174271857573,12.269849098597005,-0.2523739728792866,ESTIMA,0.0,450.0,0,140.0,345.717,104.283,127.73,12.27,20.0,0.0
1779273725.6327326,345.7174271857573,12.269849098597005,-0.2523739728792866,345.7174271857573,12.269849098597005,-0.2523739728792866,ESTIMA,0.0,450.0,0,140.0,345.717,104.283,127.73,12.27,20.0,0.0
1779273725.6827128,347.8335082444758,11.724170589943474,-0.14113549632093308,347.8335082444758,11.724170589943474,-0.14113549632093308,ESTIMA,0.0,450.0,0,140.0,347.834,102.166,128.276,11.724,20.0,0.0
1779273725.7326994,347.8335082444758,11.724170589943474,-0.14113549632093308,347.8335082444758,11.724170589943474,-0.14113549632093308,ESTIMA,0.0,450.0,0,140.0,347.834,102.166,128.276,11.724,20.0,0.0
1779273725.7827477,350.6938782263688,11.31776885978467,-0.073013510966569,350.6938782263688,11.31776885978467,-0.073013510966569,ESTIMA,0.0,450.0,0,140.0,350.694,99.306,128.682,11.318,20.0,0.0
1779273725.832832,350.6938782263688,11.31776885978467,-0.073013510966569,350.6938782263688,11.31776885978467,-0.073013510966569,ESTIMA,0.0,450.0,0,140.0,350.694,99.306,128.682,11.318,20.0,0.0
1779273725.882946,348.32,41.66,-0.7,348.32,41.66,-0.7,VISION,0.0,450.0,0,140.0,348.32,101.68,98.34,41.66,20.0,0.0
1779273725.9327388,348.32,41.66,-0.7,348.32,41.66,-0.7,VISION,0.0,450.0,0,140.0,348.32,101.68,98.34,41.66,20.0,0.0
1779273725.9827318,348.32,41.66,-0.7,348.32,41.66,-0.7,VISION,0.0,450.0,0,140.0,348.32,101.68,98.34,41.66,20.0,0.0
1779273726.032701,348.32,41.66,-0.7,350.4120809795433,39.89786449994286,-0.6310725274102444,VISION,0.0,450.0,0,140.0,348.32,101.68,98.34,41.66,20.0,0.0
1779273726.0827065,348.32,41.66,-0.7,350.4120809795433,39.89786449994286,-0.6310725274102444,VISION,0.0,450.0,0,140.0,348.32,101.68,98.34,41.66,20.0,0.0
1779273726.1327028,348.32,41.66,-0.7,352.3635079868695,38.47184222262829,-0.5035605224666972,VISION,0.0,450.0,0,140.0,348.32,101.68,98.34,41.66,20.0,0.0
1779273726.1827066,348.32,41.66,-0.7,352.3635079868695,38.47184222262829,-0.5035605224666972,VISION,0.0,450.0,0,140.0,348.32,101.68,98.34,41.66,20.0,0.0
1779273726.2327087,348.32,41.66,-0.7,352.3635079868695,38.47184222262829,-0.5035605224666972,VISION,0.0,450.0,0,140.0,348.32,101.68,98.34,41.66,20.0,0.0
1779273726.2827199,348.32,41.66,-0.7,355.86848656480515,36.54082801629996,-0.38674613099503696,VISION,0.0,450.0,0,140.0,348.32,101.68,98.34,41.66,20.0,0.0
1779273726.3327117,348.32,41.66,-0.7,355.86848656480515,36.54082801629996,-0.38674613099503696,VISION,0.0,450.0,0,140.0,348.32,101.68,98.34,41.66,20.0,0.0
1779273726.382835,348.32,41.66,-0.7,358.5663461294763,35.46951246031768,-0.29322133285725366,VISION,0.0,450.0,0,140.0,348.32,101.68,98.34,41.66,20.0,0.0
1779273726.4330947,358.5663461294763,35.46951246031768,-0.29322133285725366,358.5663461294763,35.46951246031768,-0.29322133285725366,ESTIMA,0.0,450.0,0,140.0,358.566,91.434,104.53,35.47,20.0,0.0
1779273726.4828284,358.5663461294763,35.46951246031768,-0.29322133285725366,358.5663461294763,35.46951246031768,-0.29322133285725366,ESTIMA,0.0,450.0,0,140.0,358.566,91.434,104.53,35.47,20.0,0.0
1779273726.5327833,361.94171473175095,34.45040642993962,-0.19972661948675352,361.94171473175095,34.45040642993962,-0.19972661948675352,ESTIMA,0.0,450.0,0,140.0,361.942,88.058,105.55,34.45,20.0,0.0
1779273726.583051,361.94171473175095,34.45040642993962,-0.19972661948675352,363.89369725513524,34.05527551426952,-0.18393020714936104,ESTIMA,0.0,450.0,0,140.0,361.942,88.058,105.55,34.45,20.0,0.0
1779273726.6327658,363.89369725513524,34.05527551426952,-0.18393020714936104,363.89369725513524,34.05527551426952,-0.18393020714936104,ESTIMA,0.0,450.0,0,140.0,363.894,86.106,105.945,34.055,20.0,0.0
1779273726.682749,363.89369725513524,34.05527551426952,-0.18393020714936104,363.89369725513524,34.05527551426952,-0.18393020714936104,ESTIMA,0.0,450.0,0,140.0,363.894,86.106,105.945,34.055,20.0,0.0
1779273726.732758,367.5546742849526,33.37421369324556,-0.07608007978299491,367.5546742849526,33.37421369324556,-0.07608007978299491,ESTIMA,0.0,450.0,0,140.0,367.555,82.445,106.626,33.374,20.0,0.0
1779273726.7827554,367.5546742849526,33.37421369324556,-0.07608007978299491,367.5546742849526,33.37421369324556,-0.07608007978299491,ESTIMA,0.0,450.0,0,140.0,367.555,82.445,106.626,33.374,20.0,0.0
1779273726.832748,369.2231657903132,33.24702924288927,0.07395667132953565,369.2231657903132,33.24702924288927,0.07395667132953565,ESTIMA,0.0,450.0,0,140.0,369.223,80.777,106.753,33.247,20.0,0.0
1779273726.8827329,369.2231657903132,33.24702924288927,0.07395667132953565,369.2231657903132,33.24702924288927,0.07395667132953565,ESTIMA,0.0,450.0,0,140.0,369.223,80.777,106.753,33.247,20.0,0.0
1779273726.93276,371.18958089772894,33.392724486641406,0.18603472343038052,371.18958089772894,33.392724486641406,0.18603472343038052,ESTIMA,0.0,450.0,0,140.0,371.19,78.81,106.607,33.393,20.0,0.0
1779273726.982723,371.18958089772894,33.392724486641406,0.18603472343038052,371.18958089772894,33.392724486641406,0.18603472343038052,ESTIMA,0.0,450.0,0,140.0,371.19,78.81,106.607,33.393,20.0,0.0
1779273727.0330658,373.6700449230842,33.85957512483666,0.4119683249981362,361.45,67.47,-0.441,ESTIMA,0.0,450.0,0,140.0,373.67,76.33,106.14,33.86,20.0,0.0
1779273727.0827646,361.45,67.47,-0.441,361.45,67.47,-0.441,VISION,0.0,450.0,0,140.0,361.45,88.55,72.53,67.47,20.0,0.0
1779273727.1327608,361.45,67.47,-0.441,363.25643673717707,66.61735691514392,-0.3315625407142254,VISION,0.0,450.0,0,140.0,361.45,88.55,72.53,67.47,20.0,0.0
1779273727.1827142,361.45,67.47,-0.441,363.25643673717707,66.61735691514392,-0.3315625407142254,VISION,0.0,450.0,0,140.0,361.45,88.55,72.53,67.47,20.0,0.0
1779273727.2327507,361.45,67.47,-0.441,365.1605046892573,65.96184026724164,-0.22186559476670284,VISION,0.0,450.0,0,140.0,361.45,88.55,72.53,67.47,20.0,0.0
1779273727.282738,361.45,67.47,-0.441,365.1605046892573,65.96184026724164,-0.22186559476670284,VISION,0.0,450.0,0,140.0,361.45,88.55,72.53,67.47,20.0,0.0
1779273727.3327951,361.45,67.47,-0.441,368.23943014542334,65.26729895263267,-0.12473696036463125,VISION,0.0,450.0,0,140.0,361.45,88.55,72.53,67.47,20.0,0.0
1779273727.3827627,361.45,67.47,-0.441,368.23943014542334,65.26729895263267,-0.12473696036463125,VISION,0.0,450.0,0,140.0,361.45,88.55,72.53,67.47,20.0,0.0
1779273727.4329407,361.45,67.47,-0.441,368.23943014542334,65.26729895263267,-0.12473696036463125,VISION,0.0,450.0,0,140.0,361.45,88.55,72.53,67.47,20.0,0.0
1779273727.4827294,361.45,67.47,-0.441,370.7291083043276,64.95512330571518,0.018899921659579322,VISION,0.0,450.0,0,140.0,361.45,88.55,72.53,67.47,20.0,0.0
1779273727.5327475,361.45,67.47,-0.441,373.02491514154906,64.99851904229476,0.09449016145443621,VISION,0.0,450.0,0,140.0,361.45,88.55,72.53,67.47,20.0,0.0
1779273727.5828779,373.02491514154906,64.99851904229476,0.09449016145443621,373.02491514154906,64.99851904229476,0.09449016145443621,ESTIMA,0.0,450.0,0,140.0,373.025,76.975,75.001,64.999,20.0,0.0
1779273727.6330407,365.31,82.38,-0.332,365.31,82.38,-0.332,ESTIMA,0.0,450.0,0,140.0,365.31,84.69,57.62,82.38,20.0,0.0
1779273727.682775,365.31,82.38,-0.332,365.31,82.38,-0.332,VISION,0.0,450.0,0,140.0,365.31,84.69,57.62,82.38,20.0,0.0
1779273727.732718,365.31,82.38,-0.332,365.31,82.38,-0.332,VISION,0.0,450.0,0,140.0,365.31,84.69,57.62,82.38,20.0,0.0
1779273727.782715,365.31,82.38,-0.332,367.60836069759694,81.58761475496924,-0.19529960005418687,VISION,0.0,450.0,0,140.0,365.31,84.69,57.62,82.38,20.0,0.0
1779273727.832751,365.31,82.38,-0.332,370.1311095764909,81.08856176646442,-0.16602942311577,VISION,0.0,450.0,0,140.0,365.31,84.69,57.62,82.38,20.0,0.0
1779273727.8827531,365.31,82.38,-0.332,370.1311095764909,81.08856176646442,-0.16602942311577,VISION,0.0,450.0,0,140.0,365.31,84.69,57.62,82.38,20.0,0.0
1779273727.932758,365.31,82.38,-0.332,370.1311095764909,81.08856176646442,-0.16602942311577,VISION,0.0,450.0,0,140.0,365.31,84.69,57.62,82.38,20.0,0.0
1779273727.9827564,365.31,82.38,-0.332,373.8572317479967,80.46416798223315,-0.044931782518716504,VISION,0.0,450.0,0,140.0,365.31,84.69,57.62,82.38,20.0,0.0
1779273728.0328543,365.31,82.38,-0.332,375.57996150083454,80.38671053124216,0.013641313306991615,VISION,0.0,450.0,0,140.0,365.31,84.69,57.62,82.38,20.0,0.0
1779273728.0827165,365.31,82.38,-0.332,375.57996150083454,80.38671053124216,0.013641313306991615,VISION,0.0,450.0,0,140.0,365.31,84.69,57.62,82.38,20.0,0.0
1779273728.1327052,365.31,82.38,-0.332,375.57996150083454,80.38671053124216,0.013641313306991615,VISION,0.0,450.0,0,140.0,365.31,84.69,57.62,82.38,20.0,0.0
1779273728.1828232,379.2687504692399,80.43703357878424,0.07261829078515293,379.2687504692399,80.43703357878424,0.07261829078515293,ESTIMA,0.0,450.0,0,140.0,379.269,70.731,59.563,80.437,20.0,0.0
1779273728.232983,368.51,97.91,-0.291,368.51,97.91,-0.291,VISION,0.0,450.0,0,140.0,368.51,81.49,42.09,97.91,0.0,0.0
1779273728.2827463,368.51,97.91,-0.291,371.75952049617723,96.93676158525777,-0.17472721232145555,VISION,0.0,450.0,0,140.0,368.51,81.49,42.09,97.91,0.0,0.0
1779273728.3327756,368.51,97.91,-0.291,371.75952049617723,96.93676158525777,-0.17472721232145555,VISION,0.0,450.0,0,140.0,368.51,81.49,42.09,97.91,0.0,0.0
1779273728.3827755,368.51,97.91,-0.291,373.28697286254015,96.66712451974966,-0.10343563660832591,VISION,0.0,450.0,0,140.0,368.51,81.49,42.09,97.91,0.0,0.0
1779273728.432814,368.51,97.91,-0.291,373.28697286254015,96.66712451974966,-0.10343563660832591,VISION,0.0,450.0,0,140.0,368.51,81.49,42.09,97.91,0.0,0.0
1779273728.4827998,368.51,97.91,-0.291,373.28697286254015,96.66712451974966,-0.10343563660832591,VISION,0.0,450.0,0,140.0,368.51,81.49,42.09,97.91,0.0,0.0
1779273728.5327783,368.51,97.91,-0.291,376.1326224181271,96.37172872115335,-0.25006674321538863,VISION,0.0,450.0,0,140.0,368.51,81.49,42.09,97.91,0.0,0.0
1779273728.5828218,368.51,97.91,-0.291,376.8763876452525,96.18176140035108,-0.2125664285125023,VISION,0.0,450.0,0,140.0,368.51,81.49,42.09,97.91,0.0,0.0
1779273728.6327732,368.51,97.91,-0.291,376.8763876452525,96.18176140035108,-0.2125664285125023,VISION,0.0,450.0,0,140.0,368.51,81.49,42.09,97.91,0.0,0.0
1779273728.6827729,368.51,97.91,-0.291,376.8763876452525,96.18176140035108,-0.21256642851250146,VISION,0.0,450.0,0,140.0,368.51,81.49,42.09,97.91,0.0,0.0
1779273728.732773,368.51,97.91,-0.291,376.8763876452525,96.18176140035108,-0.21256642851250146,VISION,0.0,450.0,0,140.0,368.51,81.49,42.09,97.91,0.0,0.0
1779273728.7829964,370.26,113.47,-0.185,370.26,113.47,-0.185,VISION,0.0,450.0,0,140.0,370.26,79.74,26.53,113.47,-20.0,0.0
1779273728.832791,370.26,113.47,-0.185,370.26,113.47,-0.18499999999999894,VISION,0.0,450.0,0,140.0,370.26,79.74,26.53,113.47,-20.0,0.0
1779273728.8827865,370.26,113.47,-0.185,370.26,113.47,-0.18499999999999894,VISION,0.0,450.0,0,140.0,370.26,79.74,26.53,113.47,-20.0,0.0
1779273728.9327617,370.26,113.47,-0.185,370.26,113.47,-0.1849999999999983,VISION,0.0,450.0,0,140.0,370.26,79.74,26.53,113.47,-20.0,0.0
1779273728.9827778,370.26,113.47,-0.185,370.26,113.47,-0.1849999999999983,VISION,0.0,450.0,0,140.0,370.26,79.74,26.53,113.47,-20.0,0.0
1779273729.0327566,370.26,113.47,-0.185,373.9814718527093,112.77356434968277,0.05071814620635484,VISION,0.0,450.0,0,140.0,370.26,79.74,26.53,113.47,-20.0,0.0
1779273729.0827565,370.26,113.47,-0.185,373.9814718527093,112.77356434968277,0.05071814620635484,VISION,0.0,450.0,0,140.0,370.26,79.74,26.53,113.47,-20.0,0.0
1779273729.1327846,370.26,113.47,-0.185,377.7866526583158,112.96672171605123,0.3986065533012113,VISION,0.0,450.0,0,140.0,370.26,79.74,26.53,113.47,-20.0,0.0
1779273729.1827564,370.26,113.47,-0.185,377.7866526583158,112.96672171605123,0.3986065533012113,VISION,0.0,450.0,0,140.0,370.26,79.74,26.53,113.47,-20.0,0.0
1779273729.2327924,370.26,113.47,-0.185,382.986941108956,115.15683179711701,0.7294144576432765,VISION,0.0,450.0,0,140.0,370.26,79.74,26.53,113.47,-20.0,0.0
1779273729.2829416,370.26,113.47,-0.185,382.986941108956,115.15683179711701,0.7294144576432765,VISION,0.0,450.0,0,140.0,370.26,79.74,26.53,113.47,-20.0,0.0
1779273729.332799,385.0760143929119,117.02417834544059,0.985200513630671,385.0760143929119,117.02417834544059,0.985200513630671,ESTIMA,0.0,450.0,0,140.0,385.076,64.924,22.976,117.024,-20.0,0.0
1779273729.3833477,385.0760143929119,117.02417834544059,0.985200513630671,369.5,118.27,-0.051,ESTIMA,0.0,450.0,0,140.0,385.076,64.924,22.976,117.024,-20.0,0.0
1779273729.4327626,369.5,118.27,-0.051,374.1656472792628,118.03184547297016,0.3755752553342147,VISION,0.0,450.0,0,140.0,369.5,80.5,21.73,118.27,-20.0,0.0
1779273729.4827745,369.5,118.27,-0.051,369.5,118.27,-0.051,VISION,0.0,450.0,0,140.0,369.5,80.5,21.73,118.27,-20.0,0.0
1779273729.5327575,369.5,118.27,-0.051,369.5,118.27,-0.051,VISION,0.0,450.0,0,140.0,369.5,80.5,21.73,118.27,-20.0,0.0
1779273729.582761,369.5,118.27,-0.051,376.7681916292076,117.89900051456748,0.3757285450895811,VISION,0.0,450.0,0,140.0,369.5,80.5,21.73,118.27,-20.0,0.0
1779273729.632756,369.5,118.27,-0.051,378.6297189110021,118.63331391384129,0.5588781046912326,VISION,0.0,450.0,0,140.0,369.5,80.5,21.73,118.27,-20.0,0.0
1779273729.682732,369.5,118.27,-0.051,378.6297189110021,118.63331391384129,0.5588781046912326,VISION,0.0,450.0,0,140.0,369.5,80.5,21.73,118.27,-20.0,0.0
1779273729.732782,369.5,118.27,-0.051,381.7666268392771,120.59509773332924,0.8318305028453823,VISION,0.0,450.0,0,140.0,369.5,80.5,21.73,118.27,-20.0,0.0
1779273729.7827437,369.5,118.27,-0.051,381.7666268392771,120.59509773332924,0.8318305028453823,VISION,0.0,450.0,0,140.0,369.5,80.5,21.73,118.27,-20.0,0.0
1779273729.8327968,369.5,118.27,-0.051,385.1768069407036,124.33763407616621,1.293998975615787,VISION,0.0,450.0,0,140.0,369.5,80.5,21.73,118.27,-20.0,0.0
1779273729.8827312,369.5,118.27,-0.051,385.1768069407036,124.33763407616621,1.293998975615787,VISION,0.0,450.0,0,140.0,369.5,80.5,21.73,118.27,-20.0,0.0
1779273729.9329145,369.5,118.27,-0.051,386.528850908535,129.09684346143192,1.6595592961330072,VISION,0.0,450.0,0,140.0,369.5,80.5,21.73,118.27,-20.0,0.0
1779273729.9829552,370.0,113.07,0.005,370.0,113.07,0.005,VISION,0.0,450.0,0,140.0,370.0,80.0,26.93,113.07,-20.0,0.0
1779273730.032786,370.0,113.07,0.005,373.0241532342255,113.08512089217876,0.28188406052091003,VISION,0.0,450.0,0,140.0,370.0,80.0,26.93,113.07,-20.0,0.0
1779273730.0827267,370.0,113.07,0.005,373.0241532342255,113.08512089217876,0.28188406052091003,VISION,0.0,450.0,0,140.0,370.0,80.0,26.93,113.07,-20.0,0.0
1779273730.1327238,370.0,113.07,0.005,376.95320525174384,114.222955821709,0.65666358046068,VISION,0.0,450.0,0,140.0,370.0,80.0,26.93,113.07,-20.0,0.0
1779273730.182722,370.0,113.07,0.005,376.95320525174384,114.222955821709,0.65666358046068,VISION,0.0,450.0,0,140.0,370.0,80.0,26.93,113.07,-20.0,0.0
1779273730.2327588,370.0,113.07,0.005,381.23885679968674,117.52621871919455,1.054755009749908,VISION,0.0,450.0,0,140.0,370.0,80.0,26.93,113.07,-20.0,0.0
1779273730.2827635,370.0,113.07,0.005,381.23885679968674,117.52621871919455,1.054755009749908,VISION,0.0,450.0,0,140.0,370.0,80.0,26.93,113.07,-20.0,0.0
1779273730.3327758,370.0,113.07,0.005,382.6449187150706,120.00465901085798,1.3737987451972795,VISION,0.0,450.0,0,140.0,370.0,80.0,26.93,113.07,0.0,0.0
1779273730.3827682,370.0,113.07,0.005,382.6449187150706,120.00465901085798,1.3737987451972795,VISION,0.0,450.0,0,140.0,370.0,80.0,26.93,113.07,0.0,0.0
1779273730.4327998,370.0,113.07,0.005,383.66703329303857,125.12582925254233,1.6799733547170903,VISION,0.0,450.0,0,140.0,370.0,80.0,26.93,113.07,0.0,0.0
1779273730.482785,370.0,113.07,0.005,383.66703329303857,125.12582925254233,1.6799733547170903,VISION,0.0,450.0,0,140.0,370.0,80.0,26.93,113.07,0.0,0.0
1779273730.533144,383.66703329303857,125.12582925254233,1.6799733547170903,383.66703329303857,125.12582925254233,1.6799733547170903,ESTIMA,0.0,450.0,0,140.0,383.667,66.333,14.874,125.126,0.0,0.0
1779273730.5828145,370.41,106.45,0.487,370.41,106.45,0.487,VISION,0.0,450.0,0,140.0,370.41,79.59,33.55,106.45,0.0,0.0
1779273730.6327922,370.41,106.45,0.487,370.70083314433356,106.60400801090441,0.4416078237993969,VISION,0.0,450.0,0,140.0,370.41,79.59,33.55,106.45,0.0,0.0
1779273730.6827312,370.41,106.45,0.487,370.70083314433356,106.60400801090441,0.4416078237993969,VISION,0.0,450.0,0,140.0,370.41,79.59,33.55,106.45,0.0,0.0
1779273730.7329376,370.41,106.45,0.487,370.70083314433356,106.60400801090441,0.4416078237993969,VISION,0.0,450.0,0,140.0,370.41,79.59,33.55,106.45,0.0,0.0
1779273730.7827337,370.41,106.45,0.487,370.70083314433356,106.60400801090441,0.4416078237993977,VISION,0.0,450.0,0,140.0,370.41,79.59,33.55,106.45,0.0,0.0
1779273730.9327836,370.41,106.45,0.487,370.70083314433356,106.60400801090441,0.44160782379939867,VISION,0.0,450.0,0,140.0,370.41,79.59,33.55,106.45,20.0,0.0
1779273730.9828186,370.41,106.45,0.487,370.70083314433356,106.60400801090441,0.44160782379939867,VISION,0.0,450.0,0,140.0,370.41,79.59,33.55,106.45,0.0,0.0
1779273731.0328228,370.41,106.45,0.487,370.70083314433356,106.60400801090441,0.4416078237993997,VISION,0.0,450.0,0,140.0,370.41,79.59,33.55,106.45,0.0,0.0
1779273731.0828106,371.209440638158,106.84445026558848,0.4014104000225705,371.209440638158,106.84445026558848,0.4014104000225705,ESTIMA,0.0,450.0,0,140.0,371.209,78.791,33.156,106.844,0.0,0.0
1779273731.1331427,372.73,101.24,1.173,373.21049731337723,102.38350202404399,1.1205774942601872,ESTIMA,0.0,450.0,0,140.0,372.73,77.27,38.76,101.24,0.0,0.0
1779273731.1827512,372.73,101.24,1.173,372.73,101.24,1.173,VISION,0.0,450.0,0,140.0,372.73,77.27,38.76,101.24,0.0,0.0
1779273731.2328875,372.73,101.24,1.173,372.73,101.24,1.173,VISION,0.0,450.0,0,140.0,372.73,77.27,38.76,101.24,0.0,0.0
1779273731.2828698,372.73,101.24,1.173,373.0814841796934,102.07647267052113,1.074230719272625,VISION,0.0,450.0,0,140.0,372.73,77.27,38.76,101.24,0.0,0.0
1779273731.3327749,372.73,101.24,1.173,373.0814841796934,102.07647267052113,1.074230719272625,VISION,0.0,450.0,0,140.0,372.73,77.27,38.76,101.24,0.0,0.0
1779273731.3827872,372.73,101.24,1.173,373.0814841796934,102.07647267052113,1.074230719272625,VISION,0.0,450.0,0,140.0,372.73,77.27,38.76,101.24,0.0,0.0
1779273731.4328105,372.73,101.24,1.173,373.0814841796934,102.07647267052113,1.0742307192726261,VISION,0.0,450.0,0,140.0,372.73,77.27,38.76,101.24,0.0,0.0
1779273731.4828079,372.73,101.24,1.173,373.0814841796934,102.07647267052113,1.0742307192726261,VISION,0.0,450.0,0,140.0,372.73,77.27,38.76,101.24,-20.0,0.0
1779273731.532841,372.73,101.24,1.173,373.0814841796934,102.07647267052113,1.0742307192726268,VISION,0.0,450.0,0,140.0,372.73,77.27,38.76,101.24,-20.0,0.0
1779273731.582781,372.73,101.24,1.173,373.0814841796934,102.07647267052113,1.0742307192726273,VISION,0.0,450.0,0,140.0,372.73,77.27,38.76,101.24,-20.0,0.0
1779273731.6327677,372.73,101.24,1.173,373.0814841796934,102.07647267052113,1.0742307192726273,VISION,0.0,450.0,0,140.0,372.73,77.27,38.76,101.24,-20.0,0.0
1779273731.6828814,374.7301299504004,105.11908845408932,1.3579309794911594,374.7301299504004,105.11908845408932,1.3579309794911594,ESTIMA,0.0,450.0,0,140.0,374.73,75.27,34.881,105.119,-20.0,0.0
1779273731.732941,371.64,101.6,1.206,371.64,101.6,1.206,VISION,0.0,450.0,0,140.0,371.64,78.36,38.4,101.6,-20.0,0.0
1779273731.7827816,371.64,101.6,1.206,373.3525127209828,106.08432457975434,1.5597631271075283,VISION,0.0,450.0,0,140.0,371.64,78.36,38.4,101.6,-20.0,0.0
1779273731.8327763,371.64,101.6,1.206,373.3525127209828,106.08432457975434,1.5597631271075283,VISION,0.0,450.0,0,140.0,371.64,78.36,38.4,101.6,-20.0,0.0
1779273731.8827734,371.64,101.6,1.206,373.40266384567735,110.62961435140538,1.9767793046541178,VISION,0.0,450.0,0,140.0,371.64,78.36,38.4,101.6,-20.0,0.0
1779273731.9327688,371.64,101.6,1.206,373.40266384567735,110.62961435140538,1.9767793046541178,VISION,0.0,450.0,0,140.0,371.64,78.36,38.4,101.6,-20.0,0.0
1779273731.982837,371.64,101.6,1.206,371.8213490086207,114.30825720650428,2.4264407959437193,VISION,0.0,450.0,0,140.0,371.64,78.36,38.4,101.6,-20.0,0.0
1779273732.032773,371.64,101.6,1.206,371.8213490086207,114.30825720650428,2.4264407959437193,VISION,0.0,450.0,0,140.0,371.64,78.36,38.4,101.6,-20.0,0.0
1779273732.082781,371.64,101.6,1.206,371.8213490086207,114.30825720650428,2.4264407959437193,VISION,0.0,450.0,0,140.0,371.64,78.36,38.4,101.6,-20.0,0.0
1779273732.13276,371.64,101.6,1.206,368.00958754071917,117.61887337802062,2.722479455654212,VISION,0.0,450.0,0,140.0,371.64,78.36,38.4,101.6,-20.0,0.0
1779273732.1827734,371.64,101.6,1.206,368.00958754071917,117.61887337802062,2.722479455654212,VISION,0.0,450.0,0,140.0,371.64,78.36,38.4,101.6,-20.0,0.0
1779273732.2327764,371.64,101.6,1.206,363.64275626414343,119.56433737870205,3.1589467948319085,VISION,0.0,450.0,0,140.0,371.64,78.36,38.4,101.6,-20.0,0.0
1779273732.28306,360.99195572840705,119.51833039312419,3.4575243427927567,360.99195572840705,119.51833039312419,3.4575243427927567,ESTIMA,0.0,450.0,0,140.0,360.992,89.008,20.482,119.518,-20.0,0.0
1779273732.3332782,372.37,101.3,1.21,372.37,101.3,1.21,VISION,0.0,450.0,0,140.0,372.37,77.63,38.7,101.3,-20.0,0.0
1779273732.3828657,372.37,101.3,1.21,372.37,101.3,1.21,VISION,0.0,450.0,0,140.0,372.37,77.63,38.7,101.3,-20.0,0.0
1779273732.4327767,372.37,101.3,1.21,374.1529559049746,106.02541188670214,1.5057165603083495,VISION,0.0,450.0,0,140.0,372.37,77.63,38.7,101.3,-20.0,0.0
1779273732.4827418,372.37,101.3,1.21,374.1529559049746,106.02541188670214,1.5057165603083495,VISION,0.0,450.0,0,140.0,372.37,77.63,38.7,101.3,-20.0,0.0
1779273732.5327756,372.37,101.3,1.21,374.50502968580815,111.42765292814897,2.0013215039776595,VISION,0.0,450.0,0,140.0,372.37,77.63,38.7,101.3,-20.0,0.0
1779273732.5827763,372.37,101.3,1.21,374.50502968580815,111.42765292814897,2.0013215039776595,VISION,0.0,450.0,0,140.0,372.37,77.63,38.7,101.3,-20.0,0.0
1779273732.6327996,372.37,101.3,1.21,373.2016380805417,114.26569813428316,2.2316106821364046,VISION,0.0,450.0,0,140.0,372.37,77.63,38.7,101.3,-20.0,0.0
1779273732.6828902,372.37,101.3,1.21,373.2016380805417,114.26569813428316,2.2316106821364046,VISION,0.0,450.0,0,140.0,372.37,77.63,38.7,101.3,-20.0,0.0
1779273732.732782,372.37,101.3,1.21,373.2016380805417,114.26569813428316,2.2316106821364046,VISION,0.0,450.0,0,140.0,372.37,77.63,38.7,101.3,-20.0,0.0
1779273732.782776,372.37,101.3,1.21,368.95490014925275,119.72836852771405,2.8649613636673816,VISION,0.0,450.0,0,140.0,372.37,77.63,38.7,101.3,-20.0,0.0
1779273732.8327825,372.37,101.3,1.21,367.5036735530051,120.14038711432202,2.975883941894008,VISION,0.0,450.0,0,140.0,372.37,77.63,38.7,101.3,-20.0,0.0
1779273732.8832448,379.74,97.59,1.562,379.74,97.59,1.562,ESTIMA,0.0,450.0,0,140.0,379.74,70.26,42.41,97.59,-20.0,0.0
1779273732.9327836,379.74,97.59,1.562,379.78192583280213,102.3561657453012,1.9133079850154433,VISION,0.0,450.0,0,140.0,379.74,70.26,42.41,97.59,-20.0,0.0
1779273732.9827726,379.74,97.59,1.562,379.78192583280213,102.3561657453012,1.9133079850154433,VISION,0.0,450.0,0,140.0,379.74,70.26,42.41,97.59,-20.0,0.0
1779273733.0331094,379.74,97.59,1.562,379.78192583280213,102.3561657453012,1.9133079850154433,VISION,0.0,450.0,0,140.0,379.74,70.26,42.41,97.59,0.0,0.0
1779273733.0827901,379.74,97.59,1.562,377.74422995475413,108.07095531790357,2.361694580646911,VISION,0.0,450.0,0,140.0,379.74,70.26,42.41,97.59,0.0,0.0
1779273733.132778,379.74,97.59,1.562,375.8393831044574,109.95496291587915,2.5587704474103967,VISION,0.0,450.0,0,140.0,379.74,70.26,42.41,97.59,0.0,0.0
1779273733.1827428,379.74,97.59,1.562,375.8393831044574,109.95496291587915,2.5587704474103967,VISION,0.0,450.0,0,140.0,379.74,70.26,42.41,97.59,0.0,0.0
1779273733.2327437,379.74,97.59,1.562,375.8393831044574,109.95496291587915,2.5587704474103967,VISION,0.0,450.0,0,140.0,379.74,70.26,42.41,97.59,0.0,0.0
1779273733.2827837,379.74,97.59,1.562,371.9412517487098,112.524648362443,2.8134289970137223,VISION,0.0,450.0,0,140.0,379.74,70.26,42.41,97.59,0.0,0.0
1779273733.3327775,379.74,97.59,1.562,371.3910310090961,112.71198441976372,2.786853280086404,VISION,0.0,450.0,0,140.0,379.74,70.26,42.41,97.59,0.0,0.0
1779273733.382752,379.74,97.59,1.562,371.3910310090961,112.71198441976372,2.786853280086404,VISION,0.0,450.0,0,140.0,379.74,70.26,42.41,97.59,0.0,0.0
1779273733.4328458,371.3910310090961,112.71198441976372,2.786853280086405,371.3910310090961,112.71198441976372,2.786853280086405,ESTIMA,0.0,450.0,0,140.0,371.391,78.609,27.288,112.712,0.0,0.0
1779273733.4832926,386.92,95.93,2.248,386.92,95.93,2.248,VISION,0.0,450.0,0,140.0,386.92,63.08,44.07,95.93,0.0,0.0
1779273733.6327903,386.92,95.93,2.248,386.92,95.93,2.2480000000000016,VISION,0.0,450.0,0,140.0,386.92,63.08,44.07,95.93,20.0,0.0
1779273733.6827412,386.92,95.93,2.248,386.92,95.93,2.2480000000000016,VISION,0.0,450.0,0,140.0,386.92,63.08,44.07,95.93,20.0,0.0
1779273733.7327557,386.92,95.93,2.248,386.69151620469285,96.21416726270408,2.2069798833282146,VISION,0.0,450.0,0,140.0,386.92,63.08,44.07,95.93,20.0,0.0
1779273733.7827797,386.92,95.93,2.248,386.69151620469285,96.21416726270408,2.2069798833282146,VISION,0.0,450.0,0,140.0,386.92,63.08,44.07,95.93,20.0,0.0
1779273733.8327873,386.92,95.93,2.248,385.7992982011314,97.42210598586367,2.156940421786621,VISION,0.0,450.0,0,140.0,386.92,63.08,44.07,95.93,20.0,0.0
1779273733.8827503,386.92,95.93,2.248,385.7992982011314,97.42210598586367,2.156940421786621,VISION,0.0,450.0,0,140.0,386.92,63.08,44.07,95.93,20.0,0.0
1779273733.9327471,386.92,95.93,2.248,384.8301165549657,98.88174883233064,2.205715583046107,VISION,0.0,450.0,0,140.0,386.92,63.08,44.07,95.93,20.0,0.0
1779273733.982774,386.92,95.93,2.248,384.8301165549657,98.88174883233064,2.205715583046107,VISION,0.0,450.0,0,140.0,386.92,63.08,44.07,95.93,20.0,0.0
1779273734.032826,383.3718451487485,100.86127693177835,2.2317021170086364,383.3718451487485,100.86127693177835,2.2317021170086364,ESTIMA,0.0,450.0,0,140.0,383.372,66.628,39.139,100.861,20.0,0.0
1779273734.0830457,389.88,96.97,2.609,389.88,96.97,2.609,ESTIMA,0.0,450.0,0,140.0,389.88,60.12,43.03,96.97,20.0,0.0
1779273734.1327953,389.88,96.97,2.609,389.88,96.97,2.609,VISION,0.0,450.0,0,140.0,389.88,60.12,43.03,96.97,20.0,0.0
1779273734.1827755,389.88,96.97,2.609,387.64452615182444,98.28759952451617,2.720294175953403,VISION,0.0,450.0,0,140.0,389.88,60.12,43.03,96.97,20.0,0.0
1779273734.232859,389.88,96.97,2.609,387.64452615182444,98.28759952451617,2.720294175953403,VISION,0.0,450.0,0,140.0,389.88,60.12,43.03,96.97,20.0,0.0
1779273734.2827795,389.88,96.97,2.609,385.8569989248619,99.08864567370428,2.809675631763513,VISION,0.0,450.0,0,140.0,389.88,60.12,43.03,96.97,20.0,0.0
1779273734.332778,389.88,96.97,2.609,385.8569989248619,99.08864567370428,2.809675631763513,VISION,0.0,450.0,0,140.0,389.88,60.12,43.03,96.97,20.0,0.0
1779273734.382813,389.88,96.97,2.609,384.02482287559616,99.72013851421531,2.9029382573508404,VISION,0.0,450.0,0,140.0,389.88,60.12,43.03,96.97,20.0,0.0
1779273734.432852,389.88,96.97,2.609,382.4177189131193,100.11113241925902,2.9827473896668018,VISION,0.0,450.0,0,140.0,389.88,60.12,43.03,96.97,20.0,0.0
1779273734.4827468,389.88,96.97,2.609,382.4177189131193,100.11113241925902,2.9827473896668018,VISION,0.0,450.0,0,140.0,389.88,60.12,43.03,96.97,20.0,0.0
1779273734.5327635,389.88,96.97,2.609,382.4177189131193,100.11113241925902,2.9827473896668018,VISION,0.0,450.0,0,140.0,389.88,60.12,43.03,96.97,20.0,0.0
1779273734.582793,389.88,96.97,2.609,379.2934305088841,100.61162739935286,3.051354711260606,VISION,0.0,450.0,0,140.0,389.88,60.12,43.03,96.97,20.0,0.0
1779273734.633237,379.2934305088841,100.61162739935286,3.051354711260606,379.2934305088841,100.61162739935286,3.051354711260606,ESTIMA,0.0,450.0,0,140.0,379.293,70.707,39.388,100.612,20.0,0.0
1779273734.683086,388.86,91.88,2.722,388.86,91.88,2.722,VISION,0.0,450.0,0,140.0,388.86,61.14,48.12,91.88,20.0,0.0
1779273734.7327645,388.86,91.88,2.722,388.86,91.88,2.722,VISION,0.0,450.0,0,140.0,388.86,61.14,48.12,91.88,20.0,0.0
1779273734.7827883,388.86,91.88,2.722,388.86,91.88,2.722,VISION,0.0,450.0,0,140.0,388.86,61.14,48.12,91.88,20.0,0.0
1779273734.832754,388.86,91.88,2.722,385.24370788984197,93.49317024068249,2.728889466670011,VISION,0.0,450.0,0,140.0,388.86,61.14,48.12,91.88,20.0,0.0
1779273734.882786,388.86,91.88,2.722,384.23139521767837,93.93641015299356,2.7826920608669177,VISION,0.0,450.0,0,140.0,388.86,61.14,48.12,91.88,20.0,0.0
1779273734.9327812,388.86,91.88,2.722,384.23139521767837,93.93641015299356,2.7826920608669177,VISION,0.0,450.0,0,140.0,388.86,61.14,48.12,91.88,20.0,0.0
1779273734.9828076,388.86,91.88,2.722,381.9732537734066,94.78354785119913,2.904144864563274,VISION,0.0,450.0,0,140.0,388.86,61.14,48.12,91.88,20.0,0.0
1779273735.0329158,388.86,91.88,2.722,381.9732537734066,94.78354785119913,2.904144864563274,VISION,0.0,450.0,0,140.0,388.86,61.14,48.12,91.88,20.0,0.0
1779273735.082786,388.86,91.88,2.722,380.1981871372252,95.21313764221965,2.999118755799064,VISION,0.0,450.0,0,140.0,388.86,61.14,48.12,91.88,20.0,0.0
1779273735.1328382,388.86,91.88,2.722,380.1981871372252,95.21313764221965,2.999118755799064,VISION,0.0,450.0,0,140.0,388.86,61.14,48.12,91.88,20.0,0.0
1779273735.1828723,388.86,91.88,2.722,377.3201558669397,95.62597916015116,3.0766482792942216,VISION,0.0,450.0,0,140.0,388.86,61.14,48.12,91.88,20.0,0.0
1779273735.2331398,387.2,78.88,2.865,387.2,78.88,2.865,VISION,0.0,450.0,0,140.0,387.2,62.8,61.12,78.88,20.0,0.0
1779273735.2829099,387.2,78.88,2.865,384.8503673822007,79.54698746492424,2.989061858119961,VISION,0.0,450.0,0,140.0,387.2,62.8,61.12,78.88,20.0,0.0
1779273735.332793,387.2,78.88,2.865,384.8503673822007,79.54698746492424,2.989061858119961,VISION,0.0,450.0,0,140.0,387.2,62.8,61.12,78.88,20.0,0.0
1779273735.3827956,387.2,78.88,2.865,384.8503673822007,79.54698746492424,2.989061858119961,VISION,0.0,450.0,0,140.0,387.2,62.8,61.12,78.88,20.0,0.0
1779273735.43279,387.2,78.88,2.865,381.9382106085423,79.99465823383512,3.063255392208529,VISION,0.0,450.0,0,140.0,387.2,62.8,61.12,78.88,20.0,0.0
1779273735.4827907,387.2,78.88,2.865,380.1546743372099,80.13466208659189,3.1092497779816064,VISION,0.0,450.0,0,140.0,387.2,62.8,61.12,78.88,20.0,0.0
1779273735.5328143,387.2,78.88,2.865,380.1546743372099,80.13466208659189,3.1092497779816064,VISION,0.0,450.0,0,140.0,387.2,62.8,61.12,78.88,20.0,0.0
1779273735.5828712,387.2,78.88,2.865,377.8185759558481,80.21024458243576,3.1728135460806124,VISION,0.0,450.0,0,140.0,387.2,62.8,61.12,78.88,20.0,0.0
1779273735.632846,387.2,78.88,2.865,377.8185759558481,80.21024458243576,3.1728135460806124,VISION,0.0,450.0,0,140.0,387.2,62.8,61.12,78.88,20.0,0.0
1779273735.6827846,387.2,78.88,2.865,377.8185759558481,80.21024458243576,3.1728135460806124,VISION,0.0,450.0,0,140.0,387.2,62.8,61.12,78.88,20.0,0.0
1779273735.7328286,387.2,78.88,2.865,374.2702579210773,80.09942691791969,3.276200992417206,VISION,0.0,450.0,0,140.0,387.2,62.8,61.12,78.88,20.0,0.0
1779273735.7829053,372.6761312901874,79.88353868031709,3.36445683244329,372.6761312901874,79.88353868031709,3.36445683244329,ESTIMA,0.0,450.0,0,140.0,372.676,77.324,60.116,79.884,20.0,0.0
1779273735.8328307,387.43,64.14,2.993,387.43,64.14,2.993,VISION,0.0,450.0,0,140.0,387.43,62.57,75.86,64.14,20.0,0.0
1779273735.8827944,387.43,64.14,2.993,387.43,64.14,2.993,VISION,0.0,450.0,0,140.0,387.43,62.57,75.86,64.14,20.0,0.0
1779273735.932753,387.43,64.14,2.993,384.56336476042986,64.56912391600036,3.1529304426437004,VISION,0.0,450.0,0,140.0,387.43,62.57,75.86,64.14,20.0,0.0
1779273735.982818,387.43,64.14,2.993,383.1361849691325,64.55294215921491,3.2788001489657668,VISION,0.0,450.0,0,140.0,387.43,62.57,75.86,64.14,20.0,0.0
1779273736.0327957,387.43,64.14,2.993,383.1361849691325,64.55294215921491,3.2788001489657668,VISION,0.0,450.0,0,140.0,387.43,62.57,75.86,64.14,20.0,0.0
1779273736.082758,387.43,64.14,2.993,383.1361849691325,64.55294215921491,3.2788001489657668,VISION,0.0,450.0,0,140.0,387.43,62.57,75.86,64.14,20.0,0.0
1779273736.1327639,387.43,64.14,2.993,381.0339823353429,64.26268043178084,3.4655456334147705,VISION,0.0,450.0,0,140.0,387.43,62.57,75.86,64.14,20.0,0.0
1779273736.1827588,387.43,64.14,2.993,381.0339823353429,64.26268043178084,3.4655456334147705,VISION,0.0,450.0,0,140.0,387.43,62.57,75.86,64.14,20.0,0.0
1779273736.2328131,387.43,64.14,2.993,378.682518850996,63.47310067453743,3.599970569943258,VISION,0.0,450.0,0,140.0,387.43,62.57,75.86,64.14,20.0,0.0
1779273736.283067,387.43,64.14,2.993,377.08076333407723,62.68274623524698,3.6991320342056,VISION,0.0,450.0,0,140.0,387.43,62.57,75.86,64.14,20.0,0.0
1779273736.3328083,377.08076333407723,62.68274623524698,3.6991320342056,377.08076333407723,62.68274623524698,3.6991320342056,ESTIMA,0.0,450.0,0,140.0,377.081,72.919,77.317,62.683,20.0,0.0
1779273736.3828943,375.1832102582186,61.49957065184109,3.8265192592185095,375.1832102582186,61.49957065184109,3.8265192592185095,ESTIMA,0.0,450.0,0,140.0,375.183,74.817,78.5,61.5,20.0,0.0
1779273736.433048,389.2,47.59,3.087,389.2,47.59,3.087,VISION,0.0,450.0,0,140.0,389.2,60.8,92.41,47.59,0.0,0.0
1779273736.4828372,389.2,47.59,3.087,386.46940102072136,47.739218915551945,3.1757734187450035,VISION,0.0,450.0,0,140.0,389.2,60.8,92.41,47.59,0.0,0.0
1779273736.532809,389.2,47.59,3.087,386.46940102072136,47.739218915551945,3.1757734187450035,VISION,0.0,450.0,0,140.0,389.2,60.8,92.41,47.59,0.0,0.0
1779273736.5828135,389.2,47.59,3.087,386.46940102072136,47.739218915551945,3.1757734187450035,VISION,0.0,450.0,0,140.0,389.2,60.8,92.41,47.59,0.0,0.0
1779273736.6328242,389.2,47.59,3.087,384.2401306691848,47.6629910605907,3.277475041360897,VISION,0.0,450.0,0,140.0,389.2,60.8,92.41,47.59,0.0,0.0
1779273736.6828332,389.2,47.59,3.087,384.2401306691848,47.6629910605907,3.277475041360897,VISION,0.0,450.0,0,140.0,389.2,60.8,92.41,47.59,0.0,0.0
1779273736.732769,389.2,47.59,3.087,382.1873841847881,47.38232945595985,3.2269646253612154,VISION,0.0,450.0,0,140.0,389.2,60.8,92.41,47.59,0.0,0.0
1779273736.7830229,389.2,47.59,3.087,382.1873841847881,47.38232945595985,3.2269646253612154,VISION,0.0,450.0,0,140.0,389.2,60.8,92.41,47.59,0.0,0.0
1779273736.832811,389.2,47.59,3.087,381.8005868263862,47.349227343507366,3.2008104776527584,VISION,0.0,450.0,0,140.0,389.2,60.8,92.41,47.59,0.0,0.0
1779273736.8828187,389.2,47.59,3.087,381.8005868263862,47.349227343507366,3.2008104776527584,VISION,0.0,450.0,0,140.0,389.2,60.8,92.41,47.59,0.0,0.0
1779273736.932826,389.2,47.59,3.087,381.8005868263862,47.349227343507366,3.2008104776527593,VISION,0.0,450.0,0,140.0,389.2,60.8,92.41,47.59,0.0,0.0
1779273736.9834638,381.8005868263862,47.349227343507366,3.2008104776527593,392.04,29.69,3.135,ESTIMA,0.0,450.0,0,140.0,381.801,68.199,92.651,47.349,-20.0,0.0
1779273737.0330727,392.04,29.69,3.135,392.04,29.69,3.1350000000000007,VISION,0.0,450.0,0,140.0,392.04,57.96,110.31,29.69,-20.0,0.0
1779273737.0827992,392.04,29.69,3.135,392.04,29.69,3.1350000000000007,VISION,0.0,450.0,0,140.0,392.04,57.96,110.31,29.69,-20.0,0.0
1779273737.1329515,392.04,29.69,3.135,392.04,29.69,3.135000000000001,VISION,0.0,450.0,0,140.0,392.04,57.96,110.31,29.69,-20.0,0.0
1779273737.1828017,392.04,29.69,3.135,392.04,29.69,3.135000000000001,VISION,0.0,450.0,0,140.0,392.04,57.96,110.31,29.69,-20.0,0.0
1779273737.232803,392.04,29.69,3.135,387.9036357848336,29.717270011472525,3.32305295996408,VISION,0.0,450.0,0,140.0,392.04,57.96,110.31,29.69,-20.0,0.0
1779273737.282776,392.04,29.69,3.135,387.9036357848336,29.717270011472525,3.32305295996408,VISION,0.0,450.0,0,140.0,392.04,57.96,110.31,29.69,-20.0,0.0
1779273737.3327835,392.04,29.69,3.135,387.9036357848336,29.717270011472525,3.32305295996408,VISION,0.0,450.0,0,140.0,392.04,57.96,110.31,29.69,-20.0,0.0
1779273737.3828487,392.04,29.69,3.135,381.84909828496615,28.606391992847232,3.885303125288937,VISION,0.0,450.0,0,140.0,392.04,57.96,110.31,29.69,-20.0,0.0
1779273737.4327848,392.04,29.69,3.135,381.84909828496615,28.606391992847232,3.885303125288937,VISION,0.0,450.0,0,140.0,392.04,57.96,110.31,29.69,-20.0,0.0
1779273737.482775,392.04,29.69,3.135,378.448246851814,25.47789193958582,4.226798494084305,VISION,0.0,450.0,0,140.0,392.04,57.96,110.31,29.69,-20.0,0.0
1779273737.5328765,392.04,29.69,3.135,378.448246851814,25.47789193958582,4.226798494084305,VISION,0.0,450.0,0,140.0,392.04,57.96,110.31,29.69,-20.0,0.0
1779273737.5829434,393.42,22.61,3.127,393.42,22.61,3.127,ESTIMA,0.0,450.0,0,140.0,393.42,56.58,117.39,22.61,-20.0,0.0
1779273737.633204,393.42,22.61,3.127,390.90299432102296,22.64673239932739,3.410193945740456,VISION,0.0,450.0,0,140.0,393.42,56.58,117.39,22.61,-20.0,0.0
1779273737.6828105,393.42,22.61,3.127,390.90299432102296,22.64673239932739,3.410193945740456,VISION,0.0,450.0,0,140.0,393.42,56.58,117.39,22.61,-20.0,0.0
1779273737.7328033,393.42,22.61,3.127,387.5299731853468,21.718298632218026,3.6687457132646117,VISION,0.0,450.0,0,140.0,393.42,56.58,117.39,22.61,-20.0,0.0
1779273737.7827678,393.42,22.61,3.127,387.5299731853468,21.718298632218026,3.6687457132646117,VISION,0.0,450.0,0,140.0,393.42,56.58,117.39,22.61,-20.0,0.0
1779273737.8327594,393.42,22.61,3.127,383.69296218180324,19.484778059029924,3.9959350253231194,VISION,0.0,450.0,0,140.0,393.42,56.58,117.39,22.61,-20.0,0.0
1779273737.8827984,393.42,22.61,3.127,383.69296218180324,19.484778059029924,3.9959350253231194,VISION,0.0,450.0,0,140.0,393.42,56.58,117.39,22.61,-20.0,0.0
1779273737.93282,393.42,22.61,3.127,383.69296218180324,19.484778059029924,3.9959350253231194,VISION,0.0,450.0,0,140.0,393.42,56.58,117.39,22.61,-20.0,0.0
1779273737.9829133,393.42,22.61,3.127,380.07596247810994,15.331190941425925,4.615334048763995,VISION,0.0,450.0,0,140.0,393.42,56.58,117.39,22.61,-20.0,0.0
1779273738.0328016,393.42,22.61,3.127,380.07596247810994,15.331190941425925,4.615334048763995,VISION,0.0,450.0,0,140.0,393.42,56.58,117.39,22.61,-20.0,0.0
1779273738.0827725,393.42,22.61,3.127,379.73958489747815,11.876232767508737,4.871243915204887,VISION,0.0,450.0,0,140.0,393.42,56.58,117.39,22.61,-20.0,0.0
1779273738.1328428,393.42,22.61,3.127,379.73958489747815,11.876232767508737,4.871243915204887,VISION,0.0,450.0,0,140.0,393.42,56.58,117.39,22.61,-20.0,0.0
1779273738.182792,392.54,28.01,-3.098,392.54,28.01,-3.098,VISION,0.0,450.0,0,140.0,392.54,57.46,111.99,28.01,-20.0,0.0
1779273738.232812,392.54,28.01,-3.098,392.54,28.01,-3.098,VISION,0.0,450.0,0,140.0,392.54,57.46,111.99,28.01,-20.0,0.0
1779273738.282804,392.54,28.01,-3.098,387.61733781531996,27.795272058180917,-2.7348853575574976,VISION,0.0,450.0,0,140.0,392.54,57.46,111.99,28.01,-20.0,0.0
1779273738.332763,392.54,28.01,-3.098,387.61733781531996,27.795272058180917,-2.7348853575574976,VISION,0.0,450.0,0,140.0,392.54,57.46,111.99,28.01,-20.0,0.0
1779273738.3827941,392.54,28.01,-3.098,387.61733781531996,27.795272058180917,-2.7348853575574976,VISION,0.0,450.0,0,140.0,392.54,57.46,111.99,28.01,-20.0,0.0
1779273738.4328249,392.54,28.01,-3.098,382.900753818955,25.763735212255504,-2.1580283255482606,VISION,0.0,450.0,0,140.0,392.54,57.46,111.99,28.01,-20.0,0.0
1779273738.482804,392.54,28.01,-3.098,381.0821707750013,23.03130079601851,-2.0089025466126205,VISION,0.0,450.0,0,140.0,392.54,57.46,111.99,28.01,-20.0,0.0
1779273738.5328095,392.54,28.01,-3.098,381.0821707750013,23.03130079601851,-2.0089025466126205,VISION,0.0,450.0,0,140.0,392.54,57.46,111.99,28.01,0.0,0.0
1779273738.582843,392.54,28.01,-3.098,379.8821342432123,20.469687688637244,-1.6187271382821635,VISION,0.0,450.0,0,140.0,392.54,57.46,111.99,28.01,0.0,0.0
1779273738.632785,392.54,28.01,-3.098,379.8821342432123,20.469687688637244,-1.6187271382821635,VISION,0.0,450.0,0,140.0,392.54,57.46,111.99,28.01,0.0,0.0
1779273738.6827688,392.54,28.01,-3.098,379.7146776620936,16.978648832529295,-1.225189975212841,VISION,0.0,450.0,0,140.0,392.54,57.46,111.99,28.01,0.0,0.0
1779273738.7331471,379.7146776620936,16.978648832529295,-1.225189975212841,392.05,35.41,-2.476,ESTIMA,0.0,450.0,0,140.0,379.715,70.285,123.021,16.979,0.0,0.0
1779273738.7831306,392.05,35.41,-2.476,392.05,35.41,-2.476,VISION,0.0,450.0,0,140.0,392.05,57.95,104.59,35.41,0.0,0.0
1779273738.8328197,392.05,35.41,-2.476,389.7290897480158,33.58784083008901,-2.341850921138789,VISION,0.0,450.0,0,140.0,392.05,57.95,104.59,35.41,0.0,0.0
1779273738.882807,392.05,35.41,-2.476,389.72707024848876,33.585762549742185,-2.3422506267983807,VISION,0.0,450.0,0,140.0,392.05,57.95,104.59,35.41,0.0,0.0
1779273738.932781,392.05,35.41,-2.476,389.72707024848876,33.585762549742185,-2.3422506267983807,VISION,0.0,450.0,0,140.0,392.05,57.95,104.59,35.41,0.0,0.0
1779273738.9827864,392.05,35.41,-2.476,389.72707024848876,33.585762549742185,-2.3422506267983807,VISION,0.0,450.0,0,140.0,392.05,57.95,104.59,35.41,0.0,0.0
1779273739.0327668,392.05,35.41,-2.476,389.72707024848876,33.58576254974218,-2.34225062679838,VISION,0.0,450.0,0,140.0,392.05,57.95,104.59,35.41,0.0,0.0
1779273739.2329931,392.05,35.41,-2.476,389.72707024848876,33.58576254974217,-2.3422506267983785,VISION,0.0,450.0,0,140.0,392.05,57.95,104.59,35.41,20.0,0.0
1779273739.2827942,392.05,35.41,-2.476,389.72707024848876,33.58576254974217,-2.342250626798378,VISION,0.0,450.0,0,140.0,392.05,57.95,104.59,35.41,20.0,0.0
1779273739.3331487,389.26,40.67,-1.749,389.26,40.67,-1.749,VISION,0.0,450.0,0,140.0,389.26,60.74,99.33,40.67,20.0,0.0
1779273739.38279,389.26,40.67,-1.749,389.26,40.67,-1.749,VISION,0.0,450.0,0,140.0,389.26,60.74,99.33,40.67,20.0,0.0
1779273739.4327648,389.26,40.67,-1.749,388.90082092332455,38.67582726252769,-1.8772338640357586,VISION,0.0,450.0,0,140.0,389.26,60.74,99.33,40.67,20.0,0.0
1779273739.4828238,389.26,40.67,-1.749,388.90082092332455,38.67582726252769,-1.8772338640357586,VISION,0.0,450.0,0,140.0,389.26,60.74,99.33,40.67,20.0,0.0
1779273739.5328007,389.26,40.67,-1.749,388.5092008653304,37.43810552789465,-1.8401624056069825,VISION,0.0,450.0,0,140.0,389.26,60.74,99.33,40.67,20.0,0.0
1779273739.5829878,389.26,40.67,-1.749,388.0742402285719,35.862593767263405,-1.7759842867070594,VISION,0.0,450.0,0,140.0,389.26,60.74,99.33,40.67,20.0,0.0
1779273739.6327643,389.26,40.67,-1.749,388.0742402285719,35.862593767263405,-1.7759842867070594,VISION,0.0,450.0,0,140.0,389.26,60.74,99.33,40.67,20.0,0.0
1779273739.6828747,389.26,40.67,-1.749,388.0742402285719,35.862593767263405,-1.7759842867070594,VISION,0.0,450.0,0,140.0,389.26,60.74,99.33,40.67,20.0,0.0
1779273739.7327778,389.26,40.67,-1.749,387.64677418316796,33.80862302271568,-1.607807987914012,VISION,0.0,450.0,0,140.0,389.26,60.74,99.33,40.67,20.0,0.0
1779273739.7827618,389.26,40.67,-1.749,387.64677418316796,33.80862302271568,-1.607807987914012,VISION,0.0,450.0,0,140.0,389.26,60.74,99.33,40.67,20.0,0.0
1779273739.8328092,389.26,40.67,-1.749,387.5777846769234,31.945480455655048,-1.5285033160496568,VISION,0.0,450.0,0,140.0,389.26,60.74,99.33,40.67,20.0,0.0
1779273739.8828666,387.5777846769234,31.945480455655048,-1.5285033160496568,387.5777846769234,31.945480455655048,-1.5285033160496568,ESTIMA,0.0,450.0,0,140.0,387.578,62.422,108.055,31.945,20.0,0.0
1779273739.9333591,389.26,40.72,-1.732,389.26,40.72,-1.732,ESTIMA,0.0,450.0,0,140.0,389.26,60.74,99.28,40.72,20.0,0.0
1779273739.9828253,389.26,40.72,-1.732,389.26,40.72,-1.732,VISION,0.0,450.0,0,140.0,389.26,60.74,99.28,40.72,20.0,0.0
1779273740.0327811,389.26,40.72,-1.732,388.8402701468507,38.138869290443395,-1.680438136559236,VISION,0.0,450.0,0,140.0,389.26,60.74,99.28,40.72,20.0,0.0
1779273740.0827603,389.26,40.72,-1.732,388.8402701468507,38.138869290443395,-1.680438136559236,VISION,0.0,450.0,0,140.0,389.26,60.74,99.28,40.72,20.0,0.0
1779273740.132769,389.26,40.72,-1.732,388.51787747529056,35.210244040455784,-1.6164315270781593,VISION,0.0,450.0,0,140.0,389.26,60.74,99.28,40.72,20.0,0.0
1779273740.1827857,389.26,40.72,-1.732,388.51787747529056,35.210244040455784,-1.6164315270781593,VISION,0.0,450.0,0,140.0,389.26,60.74,99.28,40.72,20.0,0.0
1779273740.2328024,389.26,40.72,-1.732,388.42921055042666,33.26864273204755,-1.5185544995974791,VISION,0.0,450.0,0,140.0,389.26,60.74,99.28,40.72,20.0,0.0
1779273740.2828212,389.26,40.72,-1.732,388.42921055042666,33.26864273204755,-1.5185544995974791,VISION,0.0,450.0,0,140.0,389.26,60.74,99.28,40.72,20.0,0.0
1779273740.3331628,389.26,40.72,-1.732,388.5530183862422,30.900900455666765,-1.3998844634935748,VISION,0.0,450.0,0,140.0,389.26,60.74,99.28,40.72,20.0,0.0
1779273740.3827744,389.26,40.72,-1.732,388.5530183862422,30.900900455666765,-1.3998844634935748,VISION,0.0,450.0,0,140.0,389.26,60.74,99.28,40.72,20.0,0.0
1779273740.4328284,389.26,40.72,-1.732,388.5530183862422,30.900900455666765,-1.3998844634935748,VISION,0.0,450.0,0,140.0,389.26,60.74,99.28,40.72,20.0,0.0
1779273740.482941,388.9987773911819,28.318223132245365,-1.1750229617488783,388.9987773911819,28.318223132245365,-1.1750229617488783,ESTIMA,0.0,450.0,0,140.0,388.999,61.001,111.682,28.318,20.0,0.0
1779273740.532834,401.38,39.01,-1.55,401.404934502524,37.81118695727306,-1.5220143645208566,VISION,0.0,450.0,0,140.0,401.38,48.62,100.99,39.01,0.0,0.0
1779273740.582828,401.38,39.01,-1.55,401.404934502524,37.81118695727306,-1.5220143645208566,VISION,0.0,450.0,0,140.0,401.38,48.62,100.99,39.01,0.0,0.0
1779273740.6327946,401.38,39.01,-1.55,401.47338815752363,36.409042723342466,-1.4037616229026544,VISION,0.0,450.0,0,140.0,401.38,48.62,100.99,39.01,0.0,0.0
1779273740.6827807,401.38,39.01,-1.55,401.47338815752363,36.409042723342466,-1.4037616229026544,VISION,0.0,450.0,0,140.0,401.38,48.62,100.99,39.01,0.0,0.0
1779273740.732821,401.38,39.01,-1.55,401.9340420169974,33.67690570609453,-1.4418890753121696,VISION,0.0,450.0,0,140.0,401.38,48.62,100.99,39.01,0.0,0.0
1779273740.782786,401.38,39.01,-1.55,401.9340420169974,33.67690570609453,-1.4418890753121696,VISION,0.0,450.0,0,140.0,401.38,48.62,100.99,39.01,0.0,0.0
1779273740.8327854,401.38,39.01,-1.55,401.9340420169974,33.67690570609453,-1.4418890753121696,VISION,0.0,450.0,0,140.0,401.38,48.62,100.99,39.01,0.0,0.0
1779273740.8828003,401.38,39.01,-1.55,402.0584526956462,32.71713968388804,-1.4230529541856975,VISION,0.0,450.0,0,140.0,401.38,48.62,100.99,39.01,0.0,0.0
1779273740.932775,401.38,39.01,-1.55,402.0584526956462,32.71713968388804,-1.4230529541856975,VISION,0.0,450.0,0,140.0,401.38,48.62,100.99,39.01,0.0,0.0
1779273740.9827936,401.38,39.01,-1.55,402.0584526956462,32.71713968388804,-1.4230529541856975,VISION,0.0,450.0,0,140.0,401.38,48.62,100.99,39.01,0.0,0.0
1779273741.0327775,402.2437038006355,31.47240536708002,-1.5764263865152721,402.2437038006355,31.47240536708002,-1.5764263865152721,ESTIMA,0.0,450.0,0,140.0,402.244,47.756,108.528,31.472,0.0,0.0
1779273741.0831063,415.39,38.34,-1.422,415.39,38.34,-1.422,VISION,0.0,450.0,0,140.0,415.39,34.61,101.66,38.34,-20.0,0.0
1779273741.1328306,415.39,38.34,-1.422,415.39,38.34,-1.422,VISION,0.0,450.0,0,140.0,415.39,34.61,101.66,38.34,-20.0,0.0
1779273741.1827717,415.39,38.34,-1.422,415.39,38.34,-1.4219999999999993,VISION,0.0,450.0,0,140.0,415.39,34.61,101.66,38.34,-20.0,0.0
1779273741.2327669,415.39,38.34,-1.422,415.39,38.34,-1.4219999999999993,VISION,0.0,450.0,0,140.0,415.39,34.61,101.66,38.34,-20.0,0.0
1779273741.282819,415.39,38.34,-1.422,415.8765150794196,35.09449494374391,-1.1520508918183208,VISION,0.0,450.0,0,140.0,415.39,34.61,101.66,38.34,-20.0,0.0
1779273741.3328092,415.39,38.34,-1.422,415.8765150794196,35.09449494374391,-1.1520508918183208,VISION,0.0,450.0,0,140.0,415.39,34.61,101.66,38.34,-20.0,0.0
1779273741.3827891,415.39,38.34,-1.422,417.7374507209397,30.91326193640952,-0.7341430950130312,VISION,0.0,450.0,0,140.0,415.39,34.61,101.66,38.34,-20.0,0.0
1779273741.4327774,415.39,38.34,-1.422,417.7374507209397,30.91326193640952,-0.7341430950130312,VISION,0.0,450.0,0,140.0,415.39,34.61,101.66,38.34,-20.0,0.0
1779273741.48284,415.39,38.34,-1.422,420.93900374435844,28.024159532493155,-0.4154363881913467,VISION,0.0,450.0,0,140.0,415.39,34.61,101.66,38.34,-20.0,0.0
1779273741.5328608,415.39,38.34,-1.422,420.93900374435844,28.024159532493155,-0.4154363881913467,VISION,0.0,450.0,0,140.0,415.39,34.61,101.66,38.34,-20.0,0.0
1779273741.5828142,415.39,38.34,-1.422,424.62228894344855,26.39942588671319,-0.11934536983738331,VISION,0.0,450.0,0,140.0,415.39,34.61,101.66,38.34,-20.0,0.0
1779273741.6328764,424.62228894344855,26.39942588671319,-0.11934536983738331,424.62228894344855,26.39942588671319,-0.11934536983738331,ESTIMA,0.0,450.0,0,140.0,424.622,25.378,113.601,26.399,-20.0,0.0
1779273741.6829832,429.04429894383424,25.86915948977976,0.20900187201825549,429.04429894383424,25.86915948977976,0.20900187201825549,ESTIMA,0.0,450.0,0,140.0,429.044,20.956,114.131,25.869,-20.0,0.0
1779273741.7327952,429.04429894383424,25.86915948977976,0.20900187201825549,429.04429894383424,25.86915948977976,0.20900187201825549,ESTIMA,0.0,450.0,0,140.0,429.044,20.956,114.131,25.869,-20.0,0.0
1779273741.7827885,433.3006159153336,26.771920886046463,0.4611660829381134,433.3006159153336,26.771920886046463,0.4611660829381134,ESTIMA,0.0,450.0,0,140.0,433.301,16.699,113.228,26.772,-20.0,0.0
1779273741.8327694,433.3006159153336,26.771920886046463,0.4611660829381134,433.3006159153336,26.771920886046463,0.4611660829381134,ESTIMA,0.0,450.0,0,140.0,433.301,16.699,113.228,26.772,-20.0,0.0
1779273741.8828228,437.32665020022455,28.77246509258797,0.7925019667069836,437.32665020022455,28.77246509258797,0.7925019667069836,ESTIMA,0.0,450.0,0,140.0,437.327,12.673,111.228,28.772,-20.0,0.0
1779273741.9328108,437.32665020022455,28.77246509258797,0.7925019667069836,437.32665020022455,28.77246509258797,0.7925019667069836,ESTIMA,0.0,450.0,0,140.0,437.327,12.673,111.228,28.772,-20.0,0.0
1779273741.9828095,440.7496025000302,32.244398125563876,1.0783986521133138,440.7496025000302,32.244398125563876,1.0783986521133138,ESTIMA,0.0,450.0,0,140.0,440.75,9.25,107.756,32.244,-20.0,0.0
1779273742.0327759,440.7496025000302,32.244398125563876,1.0783986521133138,440.7496025000302,32.244398125563876,1.0783986521133138,ESTIMA,0.0,450.0,0,140.0,440.75,9.25,107.756,32.244,-20.0,0.0
1779273742.0828185,442.60104666665023,35.69554647047789,1.4368752318657187,442.60104666665023,35.69554647047789,1.4368752318657187,ESTIMA,0.0,450.0,0,140.0,442.601,7.399,104.304,35.696,-20.0,0.0
1779273742.1328096,442.60104666665023,35.69554647047789,1.4368752318657187,442.60104666665023,35.69554647047789,1.4368752318657187,ESTIMA,0.0,450.0,0,140.0,442.601,7.399,104.304,35.696,-20.0,0.0
1779273742.1828125,442.60104666665023,35.69554647047789,1.4368752318657187,442.60104666665023,35.69554647047789,1.4368752318657187,ESTIMA,0.0,450.0,0,140.0,442.601,7.399,104.304,35.696,-20.0,0.0
1779273742.2329001,443.3466150549344,41.22944558305123,1.9470825810596115,443.3466150549344,41.22944558305123,1.9470825810596115,ESTIMA,0.0,450.0,0,140.0,443.347,6.653,98.771,41.229,-20.0,0.0
1779273742.2828476,443.3466150549344,41.22944558305123,1.9470825810596115,443.3466150549344,41.22944558305123,1.9470825810596115,ESTIMA,0.0,450.0,0,140.0,443.347,6.653,98.771,41.229,-20.0,0.0
1779273742.3328276,441.96651655383806,44.72236767516805,2.2916289184311993,441.96651655383806,44.72236767516805,2.2916289184311993,ESTIMA,0.0,450.0,0,140.0,441.967,8.033,95.278,44.722,-20.0,0.0
1779273742.382802,441.96651655383806,44.72236767516805,2.2916289184311993,441.96651655383806,44.72236767516805,2.2916289184311993,ESTIMA,0.0,450.0,0,140.0,441.967,8.033,95.278,44.722,-20.0,0.0
1779273742.432859,438.98940377861385,48.11106468330921,2.7036530915209367,438.98940377861385,48.11106468330921,2.7036530915209367,ESTIMA,0.0,450.0,0,140.0,438.989,11.011,91.889,48.111,-20.0,0.0
1779273742.4829645,438.98940377861385,48.11106468330921,2.7036530915209367,438.98940377861385,48.11106468330921,2.7036530915209367,ESTIMA,0.0,450.0,0,140.0,438.989,11.011,91.889,48.111,-20.0,0.0
1779273742.532824,435.00959384105266,49.974673811613684,3.1068608334825165,435.00959384105266,49.974673811613684,3.1068608334825165,ESTIMA,0.0,450.0,0,140.0,435.01,14.99,90.025,49.975,-20.0,0.0
1779273742.582795,435.00959384105266,49.974673811613684,3.1068608334825165,435.00959384105266,49.974673811613684,3.1068608334825165,ESTIMA,0.0,450.0,0,140.0,435.01,14.99,90.025,49.975,-20.0,0.0
1779273742.6328135,431.10851447618097,50.110219905776354,3.3939133277073203,431.10851447618097,50.110219905776354,3.3939133277073203,ESTIMA,0.0,450.0,0,140.0,431.109,18.891,89.89,50.11,0.0,0.0
1779273742.682784,431.10851447618097,50.110219905776354,3.3939133277073203,431.10851447618097,50.110219905776354,3.3939133277073203,ESTIMA,0.0,450.0,0,140.0,431.109,18.891,89.89,50.11,0.0,0.0
1779273742.7328234,431.10851447618097,50.110219905776354,3.3939133277073203,431.10851447618097,50.110219905776354,3.3939133277073203,ESTIMA,0.0,450.0,0,140.0,431.109,18.891,89.89,50.11,0.0,0.0
1779273742.7828305,424.62353417362516,48.43829229507239,3.8885073350059334,424.62353417362516,48.43829229507239,3.8885073350059334,ESTIMA,0.0,450.0,0,140.0,424.624,25.376,91.562,48.438,0.0,0.0
1779273742.8333025,409.14,38.27,-0.819,409.14,38.27,-0.819,VISION,0.0,450.0,0,140.0,409.14,40.86,101.73,38.27,0.0,0.0
1779273742.882834,409.14,38.27,-0.819,409.14,38.27,-0.819,VISION,0.0,450.0,0,140.0,409.14,40.86,101.73,38.27,0.0,0.0
1779273742.9329362,409.14,38.27,-0.819,409.5994462120996,37.7785912856807,-0.9117911335222328,VISION,0.0,450.0,0,140.0,409.14,40.86,101.73,38.27,0.0,0.0
1779273742.982852,409.14,38.27,-0.819,409.5994462120996,37.7785912856807,-0.9117911335222328,VISION,0.0,450.0,0,140.0,409.14,40.86,101.73,38.27,0.0,0.0
1779273743.0328248,409.14,38.27,-0.819,409.5994462120996,37.7785912856807,-0.9117911335222323,VISION,0.0,450.0,0,140.0,409.14,40.86,101.73,38.27,0.0,0.0
1779273743.0827847,409.14,38.27,-0.819,409.5994462120996,37.7785912856807,-0.9117911335222323,VISION,0.0,450.0,0,140.0,409.14,40.86,101.73,38.27,0.0,0.0
1779273743.132936,409.14,38.27,-0.819,409.5994462120996,37.7785912856807,-0.9117911335222317,VISION,0.0,450.0,0,140.0,409.14,40.86,101.73,38.27,0.0,0.0
1779273743.2827845,409.14,38.27,-0.819,409.5994462120996,37.77859128568069,-0.9117911335222308,VISION,0.0,450.0,0,140.0,409.14,40.86,101.73,38.27,20.0,0.0
1779273743.3327818,409.14,38.27,-0.819,409.5994462120996,37.77859128568069,-0.9117911335222305,VISION,0.0,450.0,0,140.0,409.14,40.86,101.73,38.27,20.0,0.0
1779273743.3828075,409.5994462120996,37.77859128568069,-0.9117911335222305,409.5994462120996,37.77859128568069,-0.9117911335222305,ESTIMA,0.0,450.0,0,140.0,409.599,40.401,102.221,37.779,20.0,0.0
1779273743.4334648,404.35,35.53,-0.213,404.35,35.53,-0.213,ESTIMA,0.0,450.0,0,140.0,404.35,45.65,104.47,35.53,20.0,0.0
1779273743.4828634,404.35,35.53,-0.213,404.35,35.53,-0.213,VISION,0.0,450.0,0,140.0,404.35,45.65,104.47,35.53,20.0,0.0
1779273743.5328922,404.35,35.53,-0.213,406.013116007672,35.170300023154844,-0.1820231642963776,VISION,0.0,450.0,0,140.0,404.35,45.65,104.47,35.53,20.0,0.0
1779273743.582829,404.35,35.53,-0.213,406.013116007672,35.170300023154844,-0.1820231642963776,VISION,0.0,450.0,0,140.0,404.35,45.65,104.47,35.53,20.0,0.0
1779273743.6328287,404.35,35.53,-0.213,407.9575961892241,34.812398108751786,-0.1687086050167989,VISION,0.0,450.0,0,140.0,404.35,45.65,104.47,35.53,20.0,0.0
1779273743.682846,404.35,35.53,-0.213,407.9575961892241,34.812398108751786,-0.1687086050167989,VISION,0.0,450.0,0,140.0,404.35,45.65,104.47,35.53,20.0,0.0
1779273743.732833,404.35,35.53,-0.213,410.30414446570813,34.412716011179626,-0.07765743505624902,VISION,0.0,450.0,0,140.0,404.35,45.65,104.47,35.53,20.0,0.0
1779273743.7828255,404.35,35.53,-0.213,410.30414446570813,34.412716011179626,-0.07765743505624902,VISION,0.0,450.0,0,140.0,404.35,45.65,104.47,35.53,20.0,0.0
1779273743.8328254,404.35,35.53,-0.213,410.30414446570813,34.412716011179626,-0.07765743505624902,VISION,0.0,450.0,0,140.0,404.35,45.65,104.47,35.53,20.0,0.0
1779273743.882817,404.35,35.53,-0.213,412.36371170051086,34.25245300798555,0.005354819096974217,VISION,0.0,450.0,0,140.0,404.35,45.65,104.47,35.53,20.0,0.0
1779273743.932778,404.35,35.53,-0.213,412.36371170051086,34.25245300798555,0.005354819096974217,VISION,0.0,450.0,0,140.0,404.35,45.65,104.47,35.53,20.0,0.0
1779273743.9829266,415.7146202016097,34.270396688325995,0.06227728937484489,415.7146202016097,34.270396688325995,0.06227728937484489,ESTIMA,0.0,450.0,0,140.0,415.715,34.285,105.73,34.27,20.0,0.0
1779273744.0328543,416.945428574171,34.34714734798199,0.08625294896004299,416.945428574171,34.34714734798199,0.08625294896004299,ESTIMA,0.0,450.0,0,140.0,416.945,33.055,105.653,34.347,20.0,0.0
1779273744.0828252,416.945428574171,34.34714734798199,0.08625294896004299,416.945428574171,34.34714734798199,0.08625294896004299,ESTIMA,0.0,450.0,0,140.0,416.945,33.055,105.653,34.347,20.0,0.0
1779273744.1328146,418.4504680703499,34.47728432410275,0.21329980790606726,418.4504680703499,34.47728432410275,0.21329980790606726,ESTIMA,0.0,450.0,0,140.0,418.45,31.55,105.523,34.477,20.0,0.0
1779273744.182778,418.4504680703499,34.47728432410275,0.21329980790606726,418.4504680703499,34.47728432410275,0.21329980790606726,ESTIMA,0.0,450.0,0,140.0,418.45,31.55,105.523,34.477,20.0,0.0
1779273744.2328222,420.96767752304874,35.02249830393799,0.21975075604361607,420.96767752304874,35.02249830393799,0.21975075604361607,ESTIMA,0.0,450.0,0,140.0,420.968,29.032,104.978,35.022,20.0,0.0
1779273744.2828224,420.96767752304874,35.02249830393799,0.21975075604361607,420.96767752304874,35.02249830393799,0.21975075604361607,ESTIMA,0.0,450.0,0,140.0,420.968,29.032,104.978,35.022,20.0,0.0
1779273744.3329027,420.96767752304874,35.02249830393799,0.21975075604361607,420.96767752304874,35.02249830393799,0.21975075604361607,ESTIMA,0.0,450.0,0,140.0,420.968,29.032,104.978,35.022,20.0,0.0
1779273744.3827949,424.14246063583835,35.73161064861012,0.3756274856334278,424.14246063583835,35.73161064861012,0.3756274856334278,ESTIMA,0.0,450.0,0,140.0,424.142,25.858,104.268,35.732,20.0,0.0
1779273744.4328265,424.14246063583835,35.73161064861012,0.3756274856334278,424.14246063583835,35.73161064861012,0.3756274856334278,ESTIMA,0.0,450.0,0,140.0,424.142,25.858,104.268,35.732,20.0,0.0
1779273744.482877,426.0116201638385,36.46871644586594,0.4177545239155035,426.0116201638385,36.46871644586594,0.4177545239155035,ESTIMA,0.0,450.0,0,140.0,426.012,23.988,103.531,36.469,20.0,0.0
1779273744.5328438,427.4051683686159,37.0872873474865,0.48988819621357865,427.4051683686159,37.0872873474865,0.48988819621357865,ESTIMA,0.0,450.0,0,140.0,427.405,22.595,102.913,37.087,20.0,0.0
1779273744.5830224,427.4051683686159,37.0872873474865,0.48988819621357865,427.4051683686159,37.0872873474865,0.48988819621357865,ESTIMA,0.0,450.0,0,140.0,427.405,22.595,102.913,37.087,20.0,0.0
1779273744.6328697,427.4051683686159,37.0872873474865,0.48988819621357865,427.4051683686159,37.0872873474865,0.48988819621357865,ESTIMA,0.0,450.0,0,140.0,427.405,22.595,102.913,37.087,20.0,0.0
1779273744.6828873,430.2957010698528,38.62864813652637,0.5639129060312837,430.2957010698528,38.62864813652637,0.5639129060312837,ESTIMA,0.0,450.0,0,140.0,430.296,19.704,101.371,38.629,20.0,0.0
1779273744.7328029,430.2957010698528,38.62864813652637,0.5639129060312837,430.2957010698528,38.62864813652637,0.5639129060312837,ESTIMA,0.0,450.0,0,140.0,430.296,19.704,101.371,38.629,20.0,0.0
1779273744.7828267,430.2957010698528,38.62864813652637,0.5639129060312837,430.2957010698528,38.62864813652637,0.5639129060312837,ESTIMA,0.0,450.0,0,140.0,430.296,19.704,101.371,38.629,20.0,0.0
1779273744.8327882,433.2787493783222,40.5151693611834,0.6520250576001814,433.2787493783222,40.5151693611834,0.6520250576001814,ESTIMA,0.0,450.0,0,140.0,433.279,16.721,99.485,40.515,20.0,0.0
1779273744.8829138,434.3437281602707,41.32817915842945,0.7683736933580807,434.3437281602707,41.32817915842945,0.7683736933580807,ESTIMA,0.0,450.0,0,140.0,434.344,15.656,98.672,41.328,20.0,0.0
1779273744.932826,434.3437281602707,41.32817915842945,0.7683736933580807,434.3437281602707,41.32817915842945,0.7683736933580807,ESTIMA,0.0,450.0,0,140.0,434.344,15.656,98.672,41.328,20.0,0.0
1779273744.9828234,436.08135777849196,43.00762918571472,0.8359060145831162,436.08135777849196,43.00762918571472,0.8359060145831162,ESTIMA,0.0,450.0,0,140.0,436.081,13.919,96.992,43.008,20.0,0.0
1779273745.0328584,436.08135777849196,43.00762918571472,0.8359060145831162,436.08135777849196,43.00762918571472,0.8359060145831162,ESTIMA,0.0,450.0,0,140.0,436.081,13.919,96.992,43.008,20.0,0.0
1779273745.0828445,437.51855693455923,44.5978678812175,0.8931393701996484,437.51855693455923,44.5978678812175,0.8931393701996484,ESTIMA,0.0,450.0,0,140.0,437.519,12.481,95.402,44.598,20.0,0.0
1779273745.1327875,437.51855693455923,44.5978678812175,0.8931393701996484,437.51855693455923,44.5978678812175,0.8931393701996484,ESTIMA,0.0,450.0,0,140.0,437.519,12.481,95.402,44.598,20.0,0.0
1779273745.182904,438.87697043142316,46.28577113267789,0.9487752646601582,438.87697043142316,46.28577113267789,0.9487752646601582,ESTIMA,0.0,450.0,0,140.0,438.877,11.123,93.714,46.286,20.0,0.0
1779273745.232834,438.87697043142316,46.28577113267789,0.9487752646601582,438.87697043142316,46.28577113267789,0.9487752646601582,ESTIMA,0.0,450.0,0,140.0,438.877,11.123,93.714,46.286,20.0,0.0
1779273745.282826,439.98859812605383,47.836235094991885,1.113936112055469,439.98859812605383,47.836235094991885,1.113936112055469,ESTIMA,0.0,450.0,0,140.0,439.989,10.011,92.164,47.836,20.0,0.0
1779273745.3328059,439.98859812605383,47.836235094991885,1.113936112055469,439.98859812605383,47.836235094991885,1.113936112055469,ESTIMA,0.0,450.0,0,140.0,439.989,10.011,92.164,47.836,20.0,0.0
1779273745.3828468,440.98238837550167,49.858006484218926,1.2316664939256141,440.98238837550167,49.858006484218926,1.2316664939256141,ESTIMA,0.0,450.0,0,140.0,440.982,9.018,90.142,49.858,20.0,0.0
1779273745.432802,440.98238837550167,49.858006484218926,1.2316664939256141,440.98238837550167,49.858006484218926,1.2316664939256141,ESTIMA,0.0,450.0,0,140.0,440.982,9.018,90.142,49.858,20.0,0.0
1779273745.4828432,440.98238837550167,49.858006484218926,1.2316664939256141,440.98238837550167,49.858006484218926,1.2316664939256141,ESTIMA,0.0,450.0,0,140.0,440.982,9.018,90.142,49.858,20.0,0.0
1779273745.5327938,442.3984579439437,53.87228554854355,1.3559914382623872,442.3984579439437,53.87228554854355,1.3559914382623872,ESTIMA,0.0,450.0,0,140.0,442.398,7.602,86.128,53.872,20.0,0.0
1779273745.582897,442.67896048585686,55.1579870919143,1.3959167162522903,442.67896048585686,55.1579870919143,1.3959167162522903,ESTIMA,0.0,450.0,0,140.0,442.679,7.321,84.842,55.158,20.0,0.0
1779273745.6328356,442.67896048585686,55.1579870919143,1.3959167162522903,442.67896048585686,55.1579870919143,1.3959167162522903,ESTIMA,0.0,450.0,0,140.0,442.679,7.321,84.842,55.158,20.0,0.0
1779273745.6828268,442.67896048585686,55.1579870919143,1.3959167162522903,442.67896048585686,55.1579870919143,1.3959167162522903,ESTIMA,0.0,450.0,0,140.0,442.679,7.321,84.842,55.158,20.0,0.0
1779273745.732944,443.26563432266425,58.47844784031234,1.5801192831319442,443.26563432266425,58.47844784031234,1.5801192831319442,ESTIMA,0.0,450.0,0,140.0,443.266,6.734,81.522,58.478,20.0,0.0
1779273745.7829113,443.26563432266425,58.47844784031234,1.5801192831319442,443.26563432266425,58.47844784031234,1.5801192831319442,ESTIMA,0.0,450.0,0,140.0,443.266,6.734,81.522,58.478,20.0,0.0
1779273745.8327982,443.2433587617264,60.86770235894522,1.710001106534127,443.2433587617264,60.86770235894522,1.710001106534127,ESTIMA,0.0,450.0,0,140.0,443.243,6.757,79.132,60.868,20.0,0.0
1779273745.8830285,443.06009970911686,62.17565881983055,1.780305853992086,443.06009970911686,62.17565881983055,1.780305853992086,ESTIMA,0.0,450.0,0,140.0,443.06,6.94,77.824,62.176,20.0,0.0
1779273745.9328294,443.06009970911686,62.17565881983055,1.780305853992086,443.06009970911686,62.17565881983055,1.780305853992086,ESTIMA,0.0,450.0,0,140.0,443.06,6.94,77.824,62.176,20.0,0.0
1779273745.9828272,443.06009970911686,62.17565881983055,1.780305853992086,443.06009970911686,62.17565881983055,1.780305853992086,ESTIMA,0.0,450.0,0,140.0,443.06,6.94,77.824,62.176,20.0,0.0
1779273746.0328417,443.06009970911686,62.17565881983055,1.780305853992086,443.06009970911686,62.17565881983055,1.780305853992086,ESTIMA,0.0,450.0,0,140.0,443.06,6.94,77.824,62.176,20.0,0.0
1779273746.0828273,442.2788041472812,65.85010036517184,1.984204638634273,442.2788041472812,65.85010036517184,1.984204638634273,ESTIMA,0.0,450.0,0,140.0,442.279,7.721,74.15,65.85,20.0,0.0
1779273746.1328387,441.73010002063944,67.10088085141561,2.0596647679302604,441.73010002063944,67.10088085141561,2.0596647679302604,ESTIMA,0.0,450.0,0,140.0,441.73,8.27,72.899,67.101,20.0,0.0
1779273746.1827848,441.73010002063944,67.10088085141561,2.0596647679302604,441.73010002063944,67.10088085141561,2.0596647679302604,ESTIMA,0.0,450.0,0,140.0,441.73,8.27,72.899,67.101,20.0,0.0
1779273746.2328281,441.73010002063944,67.10088085141561,2.0596647679302604,441.73010002063944,67.10088085141561,2.0596647679302604,ESTIMA,0.0,450.0,0,140.0,441.73,8.27,72.899,67.101,20.0,0.0
1779273746.2828043,440.36814388478615,69.66125904326799,2.3218859874266626,440.36814388478615,69.66125904326799,2.3218859874266626,ESTIMA,0.0,450.0,0,140.0,440.368,9.632,70.339,69.661,20.0,0.0
1779273746.3329425,439.42700253485356,70.66930017652696,2.339971061728625,439.42700253485356,70.66930017652696,2.339971061728625,ESTIMA,0.0,450.0,0,140.0,439.427,10.573,69.331,70.669,20.0,0.0
1779273746.3828874,439.42700253485356,70.66930017652696,2.339971061728625,439.42700253485356,70.66930017652696,2.339971061728625,ESTIMA,0.0,450.0,0,140.0,439.427,10.573,69.331,70.669,20.0,0.0
1779273746.4329674,437.9692870622438,72.1750982171317,2.4573098837946583,437.9692870622438,72.1750982171317,2.4573098837946583,ESTIMA,0.0,450.0,0,140.0,437.969,12.031,67.825,72.175,20.0,0.0
1779273746.4828804,437.9692870622438,72.1750982171317,2.4573098837946583,437.9692870622438,72.1750982171317,2.4573098837946583,ESTIMA,0.0,450.0,0,140.0,437.969,12.031,67.825,72.175,20.0,0.0
1779273746.5328724,435.3616287506256,74.30234620721194,2.5586267508192626,435.3616287506256,74.30234620721194,2.5586267508192626,ESTIMA,0.0,450.0,0,140.0,435.362,14.638,65.698,74.302,20.0,0.0
1779273746.5832818,435.3616287506256,74.30234620721194,2.5586267508192626,435.3616287506256,74.30234620721194,2.5586267508192626,ESTIMA,0.0,450.0,0,140.0,435.362,14.638,65.698,74.302,20.0,0.0
1779273746.632789,433.96060223903237,75.22620511047992,2.6089818936966447,433.96060223903237,75.22620511047992,2.6089818936966447,ESTIMA,0.0,450.0,0,140.0,433.961,16.039,64.774,75.226,20.0,0.0
1779273746.682784,433.96060223903237,75.22620511047992,2.6089818936966447,433.96060223903237,75.22620511047992,2.6089818936966447,ESTIMA,0.0,450.0,0,140.0,433.961,16.039,64.774,75.226,20.0,0.0
1779273746.73279,433.96060223903237,75.22620511047992,2.6089818936966447,433.96060223903237,75.22620511047992,2.6089818936966447,ESTIMA,0.0,450.0,0,140.0,433.961,16.039,64.774,75.226,20.0,0.0
1779273746.782839,430.3885630191095,77.3316701302565,2.841944022479101,430.3885630191095,77.3316701302565,2.841944022479101,ESTIMA,0.0,450.0,0,140.0,430.389,19.611,62.668,77.332,20.0,0.0
1779273746.832828,429.51782879744724,77.60068460037418,2.8725458568777573,429.51782879744724,77.60068460037418,2.8725458568777573,ESTIMA,0.0,450.0,0,140.0,429.518,20.482,62.399,77.601,20.0,0.0
1779273746.8828301,429.51782879744724,77.60068460037418,2.8725458568777573,429.51782879744724,77.60068460037418,2.8725458568777573,ESTIMA,0.0,450.0,0,140.0,429.518,20.482,62.399,77.601,20.0,0.0
1779273746.9334931,429.51782879744724,77.60068460037418,2.8725458568777573,379.81,110.33,0.297,ESTIMA,0.0,450.0,0,140.0,429.518,20.482,62.399,77.601,20.0,0.0
1779273746.982901,379.81,110.33,0.297,379.81,110.33,0.297,VISION,0.0,450.0,0,140.0,379.81,70.19,29.67,110.33,0.0,0.0
1779273747.032856,379.81,110.33,0.297,381.70539411630307,110.91008957824312,0.36153102428573586,VISION,0.0,450.0,0,140.0,379.81,70.19,29.67,110.33,0.0,0.0
1779273747.0828586,379.81,110.33,0.297,381.70539411630307,110.91008957824312,0.36153102428573586,VISION,0.0,450.0,0,140.0,379.81,70.19,29.67,110.33,0.0,0.0
1779273747.1328602,379.81,110.33,0.297,381.70539411630307,110.91008957824312,0.36153102428573586,VISION,0.0,450.0,0,140.0,379.81,70.19,29.67,110.33,0.0,0.0
1779273747.182984,379.81,110.33,0.297,384.50250743913847,111.96782301421548,0.5020063616572373,VISION,0.0,450.0,0,140.0,379.81,70.19,29.67,110.33,0.0,0.0
1779273747.2328467,379.81,110.33,0.297,384.50250743913847,111.96782301421548,0.5020063616572373,VISION,0.0,450.0,0,140.0,379.81,70.19,29.67,110.33,0.0,0.0
1779273747.2828174,379.81,110.33,0.297,385.7515051850828,112.65341099772235,0.5083193590502805,VISION,0.0,450.0,0,140.0,379.81,70.19,29.67,110.33,0.0,0.0
1779273747.3328638,379.81,110.33,0.297,386.66403045498765,113.16182837785765,0.4601910278687225,VISION,0.0,450.0,0,140.0,379.81,70.19,29.67,110.33,0.0,0.0
1779273747.3828225,379.81,110.33,0.297,386.66403045498765,113.16182837785765,0.4601910278687225,VISION,0.0,450.0,0,140.0,379.81,70.19,29.67,110.33,0.0,0.0
1779273747.4328544,379.81,110.33,0.297,386.66403045498765,113.16182837785765,0.4601910278687225,VISION,0.0,450.0,0,140.0,379.81,70.19,29.67,110.33,0.0,0.0
1779273747.482971,379.81,110.33,0.297,386.66403045498765,113.16182837785765,0.46019102786872285,VISION,0.0,450.0,0,140.0,379.81,70.19,29.67,110.33,-20.0,0.0
1779273747.5329537,386.66403045498765,113.16182837785765,0.46019102786872296,386.66403045498765,113.16182837785765,0.46019102786872296,ESTIMA,0.0,450.0,0,140.0,386.664,63.336,26.838,113.162,-20.0,0.0
1779273747.5828934,386.66403045498765,113.16182837785765,0.46019102786872296,386.66403045498765,113.16182837785765,0.46019102786872296,ESTIMA,0.0,450.0,0,140.0,386.664,63.336,26.838,113.162,-20.0,0.0
1779273747.6328425,386.66403045498765,113.16182837785765,0.46019102786872296,386.66403045498765,113.16182837785765,0.46019102786872296,ESTIMA,0.0,450.0,0,140.0,386.664,63.336,26.838,113.162,-20.0,0.0
1779273747.6828437,390.5998692676092,115.11277137400351,0.8214786754688236,390.5998692676092,115.11277137400351,0.8214786754688236,ESTIMA,0.0,450.0,0,140.0,390.6,59.4,24.887,115.113,-20.0,0.0
1779273747.7328384,390.5998692676092,115.11277137400351,0.8214786754688236,390.5998692676092,115.11277137400351,0.8214786754688236,ESTIMA,0.0,450.0,0,140.0,390.6,59.4,24.887,115.113,-20.0,0.0
1779273747.7830124,390.5998692676092,115.11277137400351,0.8214786754688236,390.5998692676092,115.11277137400351,0.8214786754688236,ESTIMA,0.0,450.0,0,140.0,390.6,59.4,24.887,115.113,-20.0,0.0
1779273747.8328464,394.3273330292184,119.11940653785796,1.4362426613957566,394.3273330292184,119.11940653785796,1.4362426613957566,ESTIMA,0.0,450.0,0,140.0,394.327,55.673,20.881,119.119,-20.0,0.0
1779273747.8828075,394.68107865605333,121.73255146028336,1.6776269428705464,394.68107865605333,121.73255146028336,1.6776269428705464,ESTIMA,0.0,450.0,0,140.0,394.681,55.319,18.267,121.733,-20.0,0.0
1779273747.9328341,394.68107865605333,121.73255146028336,1.6776269428705464,394.68107865605333,121.73255146028336,1.6776269428705464,ESTIMA,0.0,450.0,0,140.0,394.681,55.319,18.267,121.733,-20.0,0.0
1779273747.9829032,394.68107865605333,121.73255146028336,1.6776269428705464,394.68107865605333,121.73255146028336,1.6776269428705464,ESTIMA,0.0,450.0,0,140.0,394.681,55.319,18.267,121.733,-20.0,0.0
1779273748.0328376,394.0877900736427,127.26495275931262,2.18807658727688,394.0877900736427,127.26495275931262,2.18807658727688,ESTIMA,0.0,450.0,0,140.0,394.088,55.912,12.735,127.265,-20.0,0.0
1779273748.0829399,392.87898471569656,128.96794871812392,2.4227277087026717,392.87898471569656,128.96794871812392,2.4227277087026717,ESTIMA,0.0,450.0,0,140.0,392.879,57.121,11.032,128.968,-20.0,0.0
1779273748.1331205,368.16,131.78,0.343,368.16,131.78,0.343,VISION,0.0,450.0,0,140.0,368.16,81.84,8.22,131.78,-20.0,0.0
1779273748.182855,368.16,131.78,0.343,372.96683859151926,133.49659831348805,0.6424635901431597,VISION,0.0,450.0,0,140.0,368.16,81.84,8.22,131.78,-20.0,0.0
1779273748.2328124,368.16,131.78,0.343,372.96683859151926,133.49659831348805,0.6424635901431597,VISION,0.0,450.0,0,140.0,368.16,81.84,8.22,131.78,-20.0,0.0
1779273748.2828383,368.16,131.78,0.343,376.23795984656664,135.94464048650528,1.0163979201924966,VISION,0.0,450.0,0,140.0,368.16,81.84,8.22,131.78,-20.0,0.0
1779273748.3328376,368.16,131.78,0.343,376.23795984656664,135.94464048650528,1.0163979201924966,VISION,0.0,450.0,0,140.0,368.16,81.84,8.22,131.78,-20.0,0.0
1779273748.3828423,368.16,131.78,0.343,378.53745573038736,139.6584563188744,1.3376425901237539,VISION,0.0,450.0,0,140.0,368.16,81.84,8.22,131.78,-20.0,0.0
1779273748.4328327,368.16,131.78,0.343,378.53745573038736,139.6584563188744,1.3376425901237539,VISION,0.0,450.0,0,140.0,368.16,81.84,8.22,131.78,-20.0,0.0
1779273748.482883,368.16,131.78,0.343,379.57970123431966,144.04736725825288,1.8456095508445312,VISION,0.0,450.0,0,140.0,368.16,81.84,8.22,131.78,-20.0,0.0
1779273748.5329802,368.16,131.78,0.343,379.57970123431966,144.04736725825288,1.8456095508445312,VISION,0.0,450.0,0,140.0,368.16,81.84,8.22,131.78,-20.0,0.0
1779273748.5828788,368.16,131.78,0.343,378.8420979828751,146.66347347843887,2.094967011556951,VISION,0.0,450.0,0,140.0,368.16,81.84,8.22,131.78,-20.0,0.0
1779273748.6330004,368.16,131.78,0.343,378.8420979828751,146.66347347843887,2.094967011556951,VISION,0.0,450.0,0,140.0,368.16,81.84,8.22,131.78,-20.0,0.0
1779273748.6836915,377.13710149342853,149.61271747182704,2.40604305114206,371.36,125.8,0.554,ESTIMA,0.0,450.0,0,140.0,377.137,72.863,-9.613,149.613,-20.0,0.0
1779273748.7329533,371.36,125.8,0.554,371.36,125.8,0.554,VISION,0.0,450.0,0,140.0,371.36,78.64,14.2,125.8,-20.0,0.0
1779273748.7828183,371.36,125.8,0.554,374.81618748265583,127.93807487475432,1.011495409412262,VISION,0.0,450.0,0,140.0,371.36,78.64,14.2,125.8,-20.0,0.0
1779273748.8328,371.36,125.8,0.554,374.81618748265583,127.93807487475432,1.011495409412262,VISION,0.0,450.0,0,140.0,371.36,78.64,14.2,125.8,-20.0,0.0
1779273748.8827937,371.36,125.8,0.554,376.8744647765954,131.22618334289908,1.449273030582832,VISION,0.0,450.0,0,140.0,371.36,78.64,14.2,125.8,-20.0,0.0
1779273748.93279,371.36,125.8,0.554,376.8744647765954,131.22618334289908,1.449273030582832,VISION,0.0,450.0,0,140.0,371.36,78.64,14.2,125.8,-20.0,0.0
1779273748.9829829,371.36,125.8,0.554,377.58599937448435,137.0524614311912,1.8819561338844502,VISION,0.0,450.0,0,140.0,371.36,78.64,14.2,125.8,-20.0,0.0
1779273749.0328436,371.36,125.8,0.554,377.58599937448435,137.0524614311912,1.8819561338844502,VISION,0.0,450.0,0,140.0,371.36,78.64,14.2,125.8,0.0,0.0
1779273749.0828218,371.36,125.8,0.554,376.504462697168,140.41537755262254,2.1417794515437887,VISION,0.0,450.0,0,140.0,371.36,78.64,14.2,125.8,0.0,0.0
1779273749.1327949,371.36,125.8,0.554,376.504462697168,140.41537755262254,2.1417794515437887,VISION,0.0,450.0,0,140.0,371.36,78.64,14.2,125.8,0.0,0.0
1779273749.182795,371.36,125.8,0.554,374.3675362569919,143.74207631894632,2.4332634532617003,VISION,0.0,450.0,0,140.0,371.36,78.64,14.2,125.8,0.0,0.0
1779273749.232818,371.36,125.8,0.554,374.3675362569919,143.74207631894632,2.4332634532617003,VISION,0.0,450.0,0,140.0,371.36,78.64,14.2,125.8,0.0,0.0
1779273749.2832613,375.41,119.27,1.31,375.41,119.27,1.31,ESTIMA,0.0,450.0,0,140.0,375.41,74.59,20.73,119.27,0.0,0.0
1779273749.332829,375.41,119.27,1.31,375.41,119.27,1.31,VISION,0.0,450.0,0,140.0,375.41,74.59,20.73,119.27,0.0,0.0
1779273749.382848,375.41,119.27,1.31,375.41,119.27,1.3100000000000003,VISION,0.0,450.0,0,140.0,375.41,74.59,20.73,119.27,0.0,0.0
1779273749.4328468,375.41,119.27,1.31,375.41,119.27,1.3100000000000003,VISION,0.0,450.0,0,140.0,375.41,74.59,20.73,119.27,0.0,0.0
1779273749.4828978,375.41,119.27,1.31,375.41,119.27,1.3100000000000003,VISION,0.0,450.0,0,140.0,375.41,74.59,20.73,119.27,0.0,0.0
1779273749.6329904,375.41,119.27,1.31,375.41,119.27,1.3100000000000007,VISION,0.0,450.0,0,140.0,375.41,74.59,20.73,119.27,20.0,0.0
1779273749.6828446,375.41,119.27,1.31,375.41,119.27,1.3100000000000007,VISION,0.0,450.0,0,140.0,375.41,74.59,20.73,119.27,20.0,0.0
1779273749.7328439,375.41,119.27,1.31,375.41,119.27,1.310000000000001,VISION,0.0,450.0,0,140.0,375.41,74.59,20.73,119.27,20.0,0.0
1779273749.7828448,375.41,119.27,1.31,375.60932771916833,120.01689710452264,1.280708135545271,VISION,0.0,450.0,0,140.0,375.41,74.59,20.73,119.27,20.0,0.0
1779273749.8329716,375.60932771916833,120.01689710452264,1.280708135545271,375.60932771916833,120.01689710452264,1.280708135545271,ESTIMA,0.0,450.0,0,140.0,375.609,74.391,19.983,120.017,20.0,0.0
1779273749.8829212,378.99,116.94,1.851,378.5417712225176,118.4975675659862,1.8904778117040784,VISION,0.0,450.0,0,140.0,378.99,71.01,23.06,116.94,20.0,0.0
1779273749.932868,378.99,116.94,1.851,378.99,116.94,1.851,VISION,0.0,450.0,0,140.0,378.99,71.01,23.06,116.94,20.0,0.0
1779273749.9828987,378.99,116.94,1.851,378.5654380535267,118.41532677685933,1.9664859509390633,VISION,0.0,450.0,0,140.0,378.99,71.01,23.06,116.94,20.0,0.0
1779273750.0328715,378.99,116.94,1.851,378.5654380535267,118.41532677685933,1.9664859509390633,VISION,0.0,450.0,0,140.0,378.99,71.01,23.06,116.94,20.0,0.0
1779273750.0828922,378.99,116.94,1.851,378.5654380535267,118.41532677685933,1.9664859509390633,VISION,0.0,450.0,0,140.0,378.99,71.01,23.06,116.94,20.0,0.0
1779273750.1328082,378.99,116.94,1.851,377.35617524074195,121.31022840081813,1.9421580307527566,VISION,0.0,450.0,0,140.0,378.99,71.01,23.06,116.94,20.0,0.0
1779273750.1828034,378.99,116.94,1.851,377.35617524074195,121.31022840081813,1.9421580307527566,VISION,0.0,450.0,0,140.0,378.99,71.01,23.06,116.94,20.0,0.0
1779273750.2328541,378.99,116.94,1.851,377.35617524074195,121.31022840081813,1.9421580307527566,VISION,0.0,450.0,0,140.0,378.99,71.01,23.06,116.94,20.0,0.0
1779273750.2828665,378.99,116.94,1.851,376.0891236075509,124.56382944873016,1.9902237479128175,VISION,0.0,450.0,0,140.0,378.99,71.01,23.06,116.94,20.0,0.0
1779273750.3328478,378.99,116.94,1.851,376.0891236075509,124.56382944873016,1.9902237479128175,VISION,0.0,450.0,0,140.0,378.99,71.01,23.06,116.94,20.0,0.0
1779273750.3828483,378.99,116.94,1.851,375.2400079340881,126.46816319955879,2.0755610233633797,VISION,0.0,450.0,0,140.0,378.99,71.01,23.06,116.94,20.0,0.0
1779273750.4330175,374.94339614742364,127.00501187878051,2.102059786537839,374.94339614742364,127.00501187878051,2.102059786537839,ESTIMA,0.0,450.0,0,140.0,374.943,75.057,12.995,127.005,20.0,0.0
1779273750.4831705,377.55,116.47,1.899,377.55,116.47,1.899,VISION,0.0,450.0,0,140.0,377.55,72.45,23.53,116.47,20.0,0.0
1779273750.5328982,377.55,116.47,1.899,376.7360000786138,118.86046828313296,1.9478591399138732,VISION,0.0,450.0,0,140.0,377.55,72.45,23.53,116.47,20.0,0.0
1779273750.5829308,377.55,116.47,1.899,376.05650612348074,120.57631468675436,2.037167468011812,VISION,0.0,450.0,0,140.0,377.55,72.45,23.53,116.47,20.0,0.0
1779273750.6328173,377.55,116.47,1.899,376.05650612348074,120.57631468675436,2.037167468011812,VISION,0.0,450.0,0,140.0,377.55,72.45,23.53,116.47,20.0,0.0
1779273750.6828828,377.55,116.47,1.899,374.956994312306,122.7604466091341,2.0940623142345047,VISION,0.0,450.0,0,140.0,377.55,72.45,23.53,116.47,20.0,0.0
1779273750.732827,377.55,116.47,1.899,374.956994312306,122.7604466091341,2.0940623142345047,VISION,0.0,450.0,0,140.0,377.55,72.45,23.53,116.47,20.0,0.0
1779273750.782805,377.55,116.47,1.899,374.956994312306,122.7604466091341,2.0940623142345047,VISION,0.0,450.0,0,140.0,377.55,72.45,23.53,116.47,20.0,0.0
1779273750.8328285,377.55,116.47,1.899,373.21174759503583,125.78562712491353,2.1045428127486003,VISION,0.0,450.0,0,140.0,377.55,72.45,23.53,116.47,20.0,0.0
1779273750.8828046,377.55,116.47,1.899,373.21174759503583,125.78562712491353,2.1045428127486003,VISION,0.0,450.0,0,140.0,377.55,72.45,23.53,116.47,20.0,0.0
1779273750.9328556,377.55,116.47,1.899,372.08759124995646,127.68787922935239,2.2096986201585707,VISION,0.0,450.0,0,140.0,377.55,72.45,23.53,116.47,20.0,0.0
1779273750.9829204,377.55,116.47,1.899,372.08759124995646,127.68787922935239,2.2096986201585707,VISION,0.0,450.0,0,140.0,377.55,72.45,23.53,116.47,20.0,0.0
1779273751.0335064,367.18,112.18,2.043,367.18,112.18,2.043,ESTIMA,0.0,450.0,0,140.0,367.18,82.82,27.82,112.18,20.0,0.0
1779273751.0828846,367.18,112.18,2.043,367.18,112.18,2.043,VISION,0.0,450.0,0,140.0,367.18,82.82,27.82,112.18,20.0,0.0
1779273751.1328664,367.18,112.18,2.043,367.18,112.18,2.043,VISION,0.0,450.0,0,140.0,367.18,82.82,27.82,112.18,20.0,0.0
1779273751.1828644,367.18,112.18,2.043,365.6106881446389,115.25261596800246,2.121644647940111,VISION,0.0,450.0,0,140.0,367.18,82.82,27.82,112.18,20.0,0.0
1779273751.23285,367.18,112.18,2.043,365.0184829433667,116.21669086274531,2.2191229965460137,VISION,0.0,450.0,0,140.0,367.18,82.82,27.82,112.18,20.0,0.0
1779273751.2828565,367.18,112.18,2.043,365.0184829433667,116.21669086274531,2.2191229965460137,VISION,0.0,450.0,0,140.0,367.18,82.82,27.82,112.18,20.0,0.0
1779273751.3328514,367.18,112.18,2.043,363.3675714823072,118.39591807459234,2.2925050831639977,VISION,0.0,450.0,0,140.0,367.18,82.82,27.82,112.18,20.0,0.0
1779273751.3828554,367.18,112.18,2.043,363.3675714823072,118.39591807459234,2.2925050831639977,VISION,0.0,450.0,0,140.0,367.18,82.82,27.82,112.18,20.0,0.0
1779273751.43285,367.18,112.18,2.043,361.61282504859537,120.38973138887287,2.366383142363015,VISION,0.0,450.0,0,140.0,367.18,82.82,27.82,112.18,20.0,0.0
1779273751.4828467,367.18,112.18,2.043,361.61282504859537,120.38973138887287,2.366383142363015,VISION,0.0,450.0,0,140.0,367.18,82.82,27.82,112.18,20.0,0.0
1779273751.5328794,367.18,112.18,2.043,359.49956647534805,122.46036031257383,2.4462546682685278,VISION,0.0,450.0,0,140.0,367.18,82.82,27.82,112.18,20.0,0.0
1779273751.5828984,359.49956647534805,122.46036031257383,2.4462546682685278,359.49956647534805,122.46036031257383,2.4462546682685278,ESTIMA,0.0,450.0,0,140.0,359.5,90.5,17.54,122.46,20.0,0.0
1779273751.633145,357.19,104.98,2.241,357.19,104.98,2.241,VISION,0.0,450.0,0,140.0,357.19,92.81,35.02,104.98,20.0,0.0
1779273751.6829093,357.19,104.98,2.241,357.19,104.98,2.241,VISION,0.0,450.0,0,140.0,357.19,92.81,35.02,104.98,20.0,0.0
1779273751.7328537,357.19,104.98,2.241,357.19,104.98,2.241,VISION,0.0,450.0,0,140.0,357.19,92.81,35.02,104.98,20.0,0.0
1779273751.7828538,357.19,104.98,2.241,355.4429976906367,107.18418084818185,2.384718471212045,VISION,0.0,450.0,0,140.0,357.19,92.81,35.02,104.98,20.0,0.0
1779273751.8328779,357.19,104.98,2.241,354.46941262522967,108.10375094179565,2.454785487181281,VISION,0.0,450.0,0,140.0,357.19,92.81,35.02,104.98,20.0,0.0
1779273751.8828232,357.19,104.98,2.241,354.46941262522967,108.10375094179565,2.454785487181281,VISION,0.0,450.0,0,140.0,357.19,92.81,35.02,104.98,20.0,0.0
1779273751.9328346,357.19,104.98,2.241,354.46941262522967,108.10375094179565,2.454785487181281,VISION,0.0,450.0,0,140.0,357.19,92.81,35.02,104.98,20.0,0.0
1779273751.9828622,357.19,104.98,2.241,352.0681803812359,110.07271928297688,2.621764817263215,VISION,0.0,450.0,0,140.0,357.19,92.81,35.02,104.98,20.0,0.0
1779273752.0328937,357.19,104.98,2.241,350.59179473127676,110.91770387908896,2.6737275123596325,VISION,0.0,450.0,0,140.0,357.19,92.81,35.02,104.98,20.0,0.0
1779273752.0828307,357.19,104.98,2.241,350.59179473127676,110.91770387908896,2.6737275123596325,VISION,0.0,450.0,0,140.0,357.19,92.81,35.02,104.98,20.0,0.0
1779273752.1330645,357.19,104.98,2.241,348.4826700740247,111.98340889763124,2.803803136179129,VISION,0.0,450.0,0,140.0,357.19,92.81,35.02,104.98,20.0,0.0
1779273752.1829045,348.4826700740247,111.98340889763124,2.803803136179129,348.4826700740247,111.98340889763124,2.803803136179129,ESTIMA,0.0,450.0,0,140.0,348.483,101.517,28.017,111.983,20.0,0.0
1779273752.2330923,348.28,95.16,2.445,348.28,95.16,2.445,VISION,0.0,450.0,0,140.0,348.28,101.72,44.84,95.16,20.0,0.0
1779273752.282857,348.28,95.16,2.445,346.04624571800485,97.02849154022196,2.6035411890664752,VISION,0.0,450.0,0,140.0,348.28,101.72,44.84,95.16,20.0,0.0
1779273752.3328574,348.28,95.16,2.445,346.04624571800485,97.02849154022196,2.6035411890664752,VISION,0.0,450.0,0,140.0,348.28,101.72,44.84,95.16,20.0,0.0
1779273752.3828723,348.28,95.16,2.445,343.9706124380657,98.26719634355038,2.6707279542096587,VISION,0.0,450.0,0,140.0,348.28,101.72,44.84,95.16,20.0,0.0
1779273752.4328196,348.28,95.16,2.445,343.9706124380657,98.26719634355038,2.6707279542096587,VISION,0.0,450.0,0,140.0,348.28,101.72,44.84,95.16,20.0,0.0
1779273752.482863,348.28,95.16,2.445,343.9706124380657,98.26719634355038,2.6707279542096587,VISION,0.0,450.0,0,140.0,348.28,101.72,44.84,95.16,20.0,0.0
1779273752.532871,348.28,95.16,2.445,341.2139204120967,99.67050197718186,2.836748530140251,VISION,0.0,450.0,0,140.0,348.28,101.72,44.84,95.16,20.0,0.0
1779273752.5828385,348.28,95.16,2.445,340.0827813255564,100.02641704996451,2.9017842602100816,VISION,0.0,450.0,0,140.0,348.28,101.72,44.84,95.16,20.0,0.0
1779273752.6328874,348.28,95.16,2.445,340.0827813255564,100.02641704996451,2.9017842602100816,VISION,0.0,450.0,0,140.0,348.28,101.72,44.84,95.16,20.0,0.0
1779273752.6828585,348.28,95.16,2.445,338.08680376266585,100.51446077127903,3.018068524365741,VISION,0.0,450.0,0,140.0,348.28,101.72,44.84,95.16,20.0,0.0
1779273752.7328558,348.28,95.16,2.445,338.08680376266585,100.51446077127903,3.018068524365741,VISION,0.0,450.0,0,140.0,348.28,101.72,44.84,95.16,20.0,0.0
1779273752.783419,334.8941435398302,100.91084945964532,3.1212419538971443,340.72,82.82,2.572,ESTIMA,0.0,450.0,0,140.0,334.894,115.106,39.089,100.911,20.0,0.0
1779273752.8328507,340.72,82.82,2.572,340.72,82.82,2.572,VISION,0.0,450.0,0,140.0,340.72,109.28,57.18,82.82,20.0,0.0
1779273752.8828714,340.72,82.82,2.572,340.72,82.82,2.572,VISION,0.0,450.0,0,140.0,340.72,109.28,57.18,82.82,20.0,0.0
1779273752.932817,340.72,82.82,2.572,338.6512402012595,84.14482136421861,2.9092657776719717,VISION,0.0,450.0,0,140.0,340.72,109.28,57.18,82.82,20.0,0.0
1779273752.9831302,340.72,82.82,2.572,338.6512402012595,84.14482136421861,2.9092657776719717,VISION,0.0,450.0,0,140.0,340.72,109.28,57.18,82.82,20.0,0.0
1779273753.032879,340.72,82.82,2.572,336.55035973097324,84.6418878919677,3.0278215207189767,VISION,0.0,450.0,0,140.0,340.72,109.28,57.18,82.82,20.0,0.0
1779273753.0829017,340.72,82.82,2.572,334.9776996564656,84.82158721507956,3.0758631516811645,VISION,0.0,450.0,0,140.0,340.72,109.28,57.18,82.82,20.0,0.0
1779273753.1328218,340.72,82.82,2.572,334.9776996564656,84.82158721507956,3.0758631516811645,VISION,0.0,450.0,0,140.0,340.72,109.28,57.18,82.82,20.0,0.0
1779273753.1828392,340.72,82.82,2.572,334.9776996564656,84.82158721507956,3.0758631516811645,VISION,0.0,450.0,0,140.0,340.72,109.28,57.18,82.82,20.0,0.0
1779273753.232816,340.72,82.82,2.572,331.0826784846005,85.07797435189826,3.1962829313432133,VISION,0.0,450.0,0,140.0,340.72,109.28,57.18,82.82,20.0,0.0
1779273753.282824,340.72,82.82,2.572,331.0826784846005,85.07797435189826,3.1962829313432133,VISION,0.0,450.0,0,140.0,340.72,109.28,57.18,82.82,20.0,0.0
1779273753.3328092,329.2324495447053,84.97668380956034,3.3035854572004926,329.2324495447053,84.97668380956034,3.3035854572004926,ESTIMA,0.0,450.0,0,140.0,329.232,120.768,55.023,84.977,20.0,0.0
1779273753.3831801,329.2324495447053,84.97668380956034,3.3035854572004926,334.37,68.73,2.657,ESTIMA,0.0,450.0,0,140.0,329.232,120.768,55.023,84.977,20.0,0.0
1779273753.4328227,334.37,68.73,2.657,334.37,68.73,2.657,VISION,0.0,450.0,0,140.0,334.37,115.63,71.27,68.73,20.0,0.0
1779273753.4828534,334.37,68.73,2.657,334.37,68.73,2.657,VISION,0.0,450.0,0,140.0,334.37,115.63,71.27,68.73,20.0,0.0
1779273753.5328598,334.37,68.73,2.657,331.93202130726615,70.01350387609152,2.81813562195747,VISION,0.0,450.0,0,140.0,334.37,115.63,71.27,68.73,20.0,0.0
1779273753.5829036,334.37,68.73,2.657,329.93413365109313,70.68325675431319,2.886564076729318,VISION,0.0,450.0,0,140.0,334.37,115.63,71.27,68.73,20.0,0.0
1779273753.6328878,334.37,68.73,2.657,329.93413365109313,70.68325675431319,2.886564076729318,VISION,0.0,450.0,0,140.0,334.37,115.63,71.27,68.73,20.0,0.0
1779273753.6832228,334.37,68.73,2.657,327.59067706078883,71.29420828562725,3.026991525179336,VISION,0.0,450.0,0,140.0,334.37,115.63,71.27,68.73,20.0,0.0
1779273753.7328546,334.37,68.73,2.657,327.59067706078883,71.29420828562725,3.026991525179336,VISION,0.0,450.0,0,140.0,334.37,115.63,71.27,68.73,20.0,0.0
1779273753.7828512,334.37,68.73,2.657,327.59067706078883,71.29420828562725,3.026991525179336,VISION,0.0,450.0,0,140.0,334.37,115.63,71.27,68.73,20.0,0.0
1779273753.8328466,334.37,68.73,2.657,327.59067706078883,71.29420828562725,3.026991525179336,VISION,0.0,450.0,0,140.0,334.37,115.63,71.27,68.73,20.0,0.0
1779273753.8828602,334.37,68.73,2.657,322.28359461684244,71.90508255588185,3.1065738953850834,VISION,0.0,450.0,0,140.0,334.37,115.63,71.27,68.73,20.0,0.0
1779273753.9330094,320.30576828325763,71.97437190383029,3.1767794160379275,320.30576828325763,71.97437190383029,3.1767794160379275,ESTIMA,0.0,450.0,0,140.0,320.306,129.694,68.026,71.974,20.0,0.0
1779273753.98307,328.76,52.98,2.709,328.76,52.98,2.709,VISION,0.0,450.0,0,140.0,328.76,121.24,87.02,52.98,20.0,0.0
1779273754.032884,328.76,52.98,2.709,326.9806700627546,53.80162826896156,2.827223312104431,VISION,0.0,450.0,0,140.0,328.76,121.24,87.02,52.98,20.0,0.0
1779273754.0828574,328.76,52.98,2.709,326.9806700627546,53.80162826896156,2.827223312104431,VISION,0.0,450.0,0,140.0,328.76,121.24,87.02,52.98,20.0,0.0
1779273754.1328583,328.76,52.98,2.709,325.2259194980492,54.37218886586926,2.93674515949883,VISION,0.0,450.0,0,140.0,328.76,121.24,87.02,52.98,20.0,0.0
1779273754.1828578,328.76,52.98,2.709,325.2259194980492,54.37218886586926,2.93674515949883,VISION,0.0,450.0,0,140.0,328.76,121.24,87.02,52.98,20.0,0.0
1779273754.2328606,328.76,52.98,2.709,322.3206046059709,54.975802094444234,3.0358040695438895,VISION,0.0,450.0,0,140.0,328.76,121.24,87.02,52.98,20.0,0.0
1779273754.2828348,328.76,52.98,2.709,322.3206046059709,54.975802094444234,3.0358040695438895,VISION,0.0,450.0,0,140.0,328.76,121.24,87.02,52.98,20.0,0.0
1779273754.332879,328.76,52.98,2.709,320.37078735599414,55.182843425992615,3.2137043539185455,VISION,0.0,450.0,0,140.0,328.76,121.24,87.02,52.98,20.0,0.0
1779273754.3828256,328.76,52.98,2.709,320.37078735599414,55.182843425992615,3.2137043539185455,VISION,0.0,450.0,0,140.0,328.76,121.24,87.02,52.98,20.0,0.0
1779273754.4328613,328.76,52.98,2.709,317.717171107927,54.99115426364581,3.303304111049681,VISION,0.0,450.0,0,140.0,328.76,121.24,87.02,52.98,20.0,0.0
1779273754.4828217,328.76,52.98,2.709,317.717171107927,54.99115426364581,3.303304111049681,VISION,0.0,450.0,0,140.0,328.76,121.24,87.02,52.98,20.0,0.0
1779273754.5331666,314.9986966551398,54.54767327756484,3.3951562943316573,314.9986966551398,54.54767327756484,3.3951562943316573,ESTIMA,0.0,450.0,0,140.0,314.999,135.001,85.452,54.548,20.0,0.0
1779273754.5831094,324.96,36.05,2.878,324.96,36.05,2.878,VISION,0.0,450.0,0,140.0,324.96,125.04,103.95,36.05,0.0,0.0
1779273754.6328716,324.96,36.05,2.878,321.1930474970747,37.06659551424179,2.9408926781526796,VISION,0.0,450.0,0,140.0,324.96,125.04,103.95,36.05,0.0,0.0
1779273754.6828792,324.96,36.05,2.878,321.1930474970747,37.06659551424179,2.9408926781526796,VISION,0.0,450.0,0,140.0,324.96,125.04,103.95,36.05,0.0,0.0
1779273754.73297,324.96,36.05,2.878,321.1930474970747,37.06659551424179,2.9408926781526796,VISION,0.0,450.0,0,140.0,324.96,125.04,103.95,36.05,0.0,0.0
1779273754.782953,324.96,36.05,2.878,318.309302890607,37.653261279757125,3.032698936779328,VISION,0.0,450.0,0,140.0,324.96,125.04,103.95,36.05,0.0,0.0
1779273754.8329933,324.96,36.05,2.878,317.19901658806106,37.77464464323627,3.1056620139535918,VISION,0.0,450.0,0,140.0,324.96,125.04,103.95,36.05,0.0,0.0
1779273754.8829644,324.96,36.05,2.878,317.19901658806106,37.77464464323627,3.1056620139535918,VISION,0.0,450.0,0,140.0,324.96,125.04,103.95,36.05,0.0,0.0
1779273754.9329839,324.96,36.05,2.878,316.2559421966943,37.80854449895902,3.0464086754327635,VISION,0.0,450.0,0,140.0,324.96,125.04,103.95,36.05,0.0,0.0
1779273754.9830332,324.96,36.05,2.878,316.2559421966943,37.80854449895902,3.0464086754327635,VISION,0.0,450.0,0,140.0,324.96,125.04,103.95,36.05,0.0,0.0
1779273755.0329788,324.96,36.05,2.878,316.2559421966943,37.80854449895902,3.046408675432764,VISION,0.0,450.0,0,140.0,324.96,125.04,103.95,36.05,0.0,0.0
1779273755.0829704,324.96,36.05,2.878,316.2559421966943,37.80854449895902,3.046408675432764,VISION,0.0,450.0,0,140.0,324.96,125.04,103.95,36.05,0.0,0.0
1779273755.1331646,327.69,18.76,-3.011,327.69,18.76,-3.011,VISION,0.0,450.0,0,140.0,327.69,122.31,121.24,18.76,-20.0,0.0
1779273755.1829622,327.69,18.76,-3.011,327.69,18.76,-3.011,VISION,0.0,450.0,0,140.0,327.69,122.31,121.24,18.76,-20.0,0.0
1779273755.232991,327.69,18.76,-3.011,327.69,18.76,-3.011,VISION,0.0,450.0,0,140.0,327.69,122.31,121.24,18.76,-20.0,0.0
1779273755.2829144,327.69,18.76,-3.011,324.8067265654241,18.381310439933102,-2.7266817159892525,VISION,0.0,450.0,0,140.0,327.69,122.31,121.24,18.76,-20.0,0.0
1779273755.332954,327.69,18.76,-3.011,324.8067265654241,18.381310439933102,-2.7266817159892525,VISION,0.0,450.0,0,140.0,327.69,122.31,121.24,18.76,-20.0,0.0
1779273755.3829203,327.69,18.76,-3.011,321.37579571655726,16.870045869783258,-2.4502887457591185,VISION,0.0,450.0,0,140.0,327.69,122.31,121.24,18.76,-20.0,0.0
1779273755.4329093,327.69,18.76,-3.011,321.37579571655726,16.870045869783258,-2.4502887457591185,VISION,0.0,450.0,0,140.0,327.69,122.31,121.24,18.76,-20.0,0.0
1779273755.4830155,327.69,18.76,-3.011,318.7340477703776,14.683918682194898,-2.0641888229678402,VISION,0.0,450.0,0,140.0,327.69,122.31,121.24,18.76,-20.0,0.0
1779273755.5329294,327.69,18.76,-3.011,318.7340477703776,14.683918682194898,-2.0641888229678402,VISION,0.0,450.0,0,140.0,327.69,122.31,121.24,18.76,-20.0,0.0
1779273755.5830562,327.69,18.76,-3.011,316.76171860230994,11.01620046365128,-1.7572139377281668,VISION,0.0,450.0,0,140.0,327.69,122.31,121.24,18.76,-20.0,0.0
1779273755.6329591,327.69,18.76,-3.011,316.76171860230994,11.01620046365128,-1.7572139377281668,VISION,0.0,450.0,0,140.0,327.69,122.31,121.24,18.76,-20.0,0.0
1779273755.6830873,315.75403090922936,5.673423780837376,-1.438383184453285,315.75403090922936,5.673423780837376,-1.438383184453285,ESTIMA,0.0,450.0,0,140.0,315.754,134.246,134.327,5.673,-20.0,0.0
1779273755.7329752,331.03,12.18,-2.828,331.03,12.18,-2.828,VISION,0.0,450.0,0,140.0,331.03,118.97,127.82,12.18,-20.0,0.0
1779273755.7829666,331.03,12.18,-2.828,326.96304395216015,10.861113073244457,-2.5122927157496333,VISION,0.0,450.0,0,140.0,331.03,118.97,127.82,12.18,-20.0,0.0
1779273755.8329208,331.03,12.18,-2.828,326.96304395216015,10.861113073244457,-2.5122927157496333,VISION,0.0,450.0,0,140.0,331.03,118.97,127.82,12.18,-20.0,0.0
1779273755.8829165,331.03,12.18,-2.828,323.3526297316101,8.232576074048948,-2.183043451155828,VISION,0.0,450.0,0,140.0,331.03,118.97,127.82,12.18,-20.0,0.0
1779273755.9329236,331.03,12.18,-2.828,323.3526297316101,8.232576074048948,-2.183043451155828,VISION,0.0,450.0,0,140.0,331.03,118.97,127.82,12.18,-20.0,0.0
1779273755.9829724,331.03,12.18,-2.828,321.11340164769837,5.044014061847459,-1.826493421693183,VISION,0.0,450.0,0,140.0,331.03,118.97,127.82,12.18,-20.0,0.0
1779273756.0329165,331.03,12.18,-2.828,321.11340164769837,5.044014061847459,-1.826493421693183,VISION,0.0,450.0,0,140.0,331.03,118.97,127.82,12.18,-20.0,0.0
1779273756.082973,331.03,12.18,-2.828,319.978292649243,0.701914253853479,-1.4947640173064447,VISION,0.0,450.0,0,140.0,331.03,118.97,127.82,12.18,-20.0,0.0
1779273756.1329494,331.03,12.18,-2.828,319.978292649243,0.701914253853479,-1.4947640173064447,VISION,0.0,450.0,0,140.0,331.03,118.97,127.82,12.18,-20.0,0.0
1779273756.1829202,331.03,12.18,-2.828,320.27434573753345,-3.184359682452975,-1.1386589075063185,VISION,0.0,450.0,0,140.0,331.03,118.97,127.82,12.18,-20.0,0.0
1779273756.232918,320.27434573753345,-3.184359682452975,-1.1386589075063185,320.27434573753345,-3.184359682452975,-1.1386589075063185,ESTIMA,0.0,450.0,0,140.0,320.274,129.726,143.184,-3.184,-20.0,0.0
1779273756.28305,321.84583542514474,-6.591674777366677,-0.81023549986156,321.84583542514474,-6.591674777366677,-0.81023549986156,ESTIMA,0.0,450.0,0,140.0,321.846,128.154,146.592,-6.592,-20.0,0.0
1779273756.3330238,328.22,18.86,-2.656,328.22,18.86,-2.656,VISION,0.0,450.0,0,140.0,328.22,121.78,121.14,18.86,-20.0,0.0
1779273756.3829846,328.22,18.86,-2.656,325.4949748236738,17.421894836731234,-2.3387472593006065,VISION,0.0,450.0,0,140.0,328.22,121.78,121.14,18.86,-20.0,0.0
1779273756.4329786,328.22,18.86,-2.656,325.4949748236738,17.421894836731234,-2.3387472593006065,VISION,0.0,450.0,0,140.0,328.22,121.78,121.14,18.86,-20.0,0.0
1779273756.4829526,328.22,18.86,-2.656,322.40366303711073,14.220786604105466,-2.009866027808759,VISION,0.0,450.0,0,140.0,328.22,121.78,121.14,18.86,-20.0,0.0
1779273756.5329657,328.22,18.86,-2.656,322.40366303711073,14.220786604105466,-2.009866027808759,VISION,0.0,450.0,0,140.0,328.22,121.78,121.14,18.86,-20.0,0.0
1779273756.5830164,328.22,18.86,-2.656,320.53370307957005,10.239137077741926,-1.6082073692047791,VISION,0.0,450.0,0,140.0,328.22,121.78,121.14,18.86,-20.0,0.0
1779273756.63298,328.22,18.86,-2.656,320.53370307957005,10.239137077741926,-1.6082073692047791,VISION,0.0,450.0,0,140.0,328.22,121.78,121.14,18.86,-20.0,0.0
1779273756.6830392,328.22,18.86,-2.656,320.38979641169203,6.3942956684430055,-1.3238552131044306,VISION,0.0,450.0,0,140.0,328.22,121.78,121.14,18.86,0.0,0.0
1779273756.7329774,328.22,18.86,-2.656,320.38979641169203,6.3942956684430055,-1.3238552131044306,VISION,0.0,450.0,0,140.0,328.22,121.78,121.14,18.86,0.0,0.0
1779273756.7829397,328.22,18.86,-2.656,320.38979641169203,6.3942956684430055,-1.3238552131044306,VISION,0.0,450.0,0,140.0,328.22,121.78,121.14,18.86,0.0,0.0
1779273756.8329818,321.1582806452258,3.3457969910715692,-1.1089809081943942,321.1582806452258,3.3457969910715692,-1.1089809081943942,ESTIMA,0.0,450.0,0,140.0,321.158,128.842,136.654,3.346,0.0,0.0
1779273756.8835719,325.19,26.37,-1.855,325.19,26.37,-1.855,ESTIMA,0.0,450.0,0,140.0,325.19,124.81,113.63,26.37,0.0,0.0
1779273756.9330473,325.19,26.37,-1.855,325.19,26.37,-1.855,VISION,0.0,450.0,0,140.0,325.19,124.81,113.63,26.37,0.0,0.0
1779273756.9831908,325.19,26.37,-1.855,325.19,26.37,-1.855,VISION,0.0,450.0,0,140.0,325.19,124.81,113.63,26.37,0.0,0.0
1779273757.0330083,325.19,26.37,-1.855,324.40155514672045,23.67087358761551,-1.7286841761281537,VISION,0.0,450.0,0,140.0,325.19,124.81,113.63,26.37,0.0,0.0
1779273757.0831962,325.19,26.37,-1.855,324.40155514672045,23.67087358761551,-1.7286841761281537,VISION,0.0,450.0,0,140.0,325.19,124.81,113.63,26.37,0.0,0.0
1779273757.1329832,325.19,26.37,-1.855,324.40155514672045,23.670873587615507,-1.7286841761281533,VISION,0.0,450.0,0,140.0,325.19,124.81,113.63,26.37,0.0,0.0
1779273757.1829817,325.19,26.37,-1.855,324.40155514672045,23.670873587615507,-1.7286841761281533,VISION,0.0,450.0,0,140.0,325.19,124.81,113.63,26.37,0.0,0.0
1779273757.3329954,325.19,26.37,-1.855,324.40155514672045,23.6708735876155,-1.7286841761281524,VISION,0.0,450.0,0,140.0,325.19,124.81,113.63,26.37,20.0,0.0
1779273757.3829796,325.19,26.37,-1.855,324.40155514672045,23.6708735876155,-1.7286841761281524,VISION,0.0,450.0,0,140.0,325.19,124.81,113.63,26.37,20.0,0.0
1779273757.4330523,325.19,26.37,-1.855,324.40155514672045,23.670873587615496,-1.728684176128152,VISION,0.0,450.0,0,140.0,325.19,124.81,113.63,26.37,20.0,0.0
1779273757.4832666,318.79,29.94,-1.089,318.79,29.94,-1.089,VISION,0.0,450.0,0,140.0,318.79,131.21,110.06,29.94,20.0,0.0
1779273757.532993,318.79,29.94,-1.089,319.51918935931945,28.5454796568843,-1.187561954002645,VISION,0.0,450.0,0,140.0,318.79,131.21,110.06,29.94,20.0,0.0
1779273757.583074,318.79,29.94,-1.089,319.51918935931945,28.5454796568843,-1.187561954002645,VISION,0.0,450.0,0,140.0,318.79,131.21,110.06,29.94,20.0,0.0
1779273757.632994,318.79,29.94,-1.089,320.34322944941675,26.501566912444737,-1.186547609170741,VISION,0.0,450.0,0,140.0,318.79,131.21,110.06,29.94,20.0,0.0
1779273757.6829612,318.79,29.94,-1.089,320.34322944941675,26.501566912444737,-1.186547609170741,VISION,0.0,450.0,0,140.0,318.79,131.21,110.06,29.94,20.0,0.0
1779273757.7330139,318.79,29.94,-1.089,321.3099995052469,24.110629135196163,-1.1562913173426266,VISION,0.0,450.0,0,140.0,318.79,131.21,110.06,29.94,20.0,0.0
1779273757.7829933,318.79,29.94,-1.089,321.3099995052469,24.110629135196163,-1.1562913173426266,VISION,0.0,450.0,0,140.0,318.79,131.21,110.06,29.94,20.0,0.0
1779273757.8329523,318.79,29.94,-1.089,322.0061700597634,22.528415324120942,-1.1307582162592973,VISION,0.0,450.0,0,140.0,318.79,131.21,110.06,29.94,20.0,0.0
1779273757.8829865,318.79,29.94,-1.089,322.0061700597634,22.528415324120942,-1.1307582162592973,VISION,0.0,450.0,0,140.0,318.79,131.21,110.06,29.94,20.0,0.0
1779273757.9329834,318.79,29.94,-1.089,322.95732810283886,20.50822984016755,-1.036855072322639,VISION,0.0,450.0,0,140.0,318.79,131.21,110.06,29.94,20.0,0.0
1779273757.9830096,318.79,29.94,-1.089,322.95732810283886,20.50822984016755,-1.036855072322639,VISION,0.0,450.0,0,140.0,318.79,131.21,110.06,29.94,20.0,0.0
1779273758.033417,322.95732810283886,20.50822984016755,-1.036855072322639,324.2257532802812,18.3628059633179,-0.9993757394508694,ESTIMA,0.0,450.0,0,140.0,322.957,127.043,119.492,20.508,20.0,0.0
1779273758.083247,318.73,30.19,-1.039,318.73,30.19,-1.039,VISION,0.0,450.0,0,140.0,318.73,131.27,109.81,30.19,20.0,0.0
1779273758.1329827,318.73,30.19,-1.039,318.73,30.19,-1.039,VISION,0.0,450.0,0,140.0,318.73,131.27,109.81,30.19,20.0,0.0
1779273758.182964,318.73,30.19,-1.039,319.96303410772083,28.09418856736296,-0.9980511924754141,VISION,0.0,450.0,0,140.0,318.73,131.27,109.81,30.19,20.0,0.0
1779273758.233006,318.73,30.19,-1.039,319.96303410772083,28.09418856736296,-0.9980511924754141,VISION,0.0,450.0,0,140.0,318.73,131.27,109.81,30.19,20.0,0.0
1779273758.282957,318.73,30.19,-1.039,321.3286073240045,25.976522844202883,-0.8839321916097101,VISION,0.0,450.0,0,140.0,318.73,131.27,109.81,30.19,20.0,0.0
1779273758.3330224,318.73,30.19,-1.039,322.38418622992646,24.68935353359536,-0.8486944697095525,VISION,0.0,450.0,0,140.0,318.73,131.27,109.81,30.19,20.0,0.0
1779273758.382969,318.73,30.19,-1.039,322.38418622992646,24.68935353359536,-0.8486944697095525,VISION,0.0,450.0,0,140.0,318.73,131.27,109.81,30.19,20.0,0.0
1779273758.4329472,318.73,30.19,-1.039,322.38418622992646,24.68935353359536,-0.8486944697095525,VISION,0.0,450.0,0,140.0,318.73,131.27,109.81,30.19,20.0,0.0
1779273758.4829552,318.73,30.19,-1.039,324.34172640449896,22.46688002648919,-0.7037851106158759,VISION,0.0,450.0,0,140.0,318.73,131.27,109.81,30.19,20.0,0.0
1779273758.5331151,318.73,30.19,-1.039,324.34172640449896,22.46688002648919,-0.7037851106158759,VISION,0.0,450.0,0,140.0,318.73,131.27,109.81,30.19,20.0,0.0
1779273758.5830054,318.73,30.19,-1.039,325.5327384929866,21.45597330694439,-0.6676594752425545,VISION,0.0,450.0,0,140.0,318.73,131.27,109.81,30.19,20.0,0.0
1779273758.6331358,325.5327384929866,21.45597330694439,-0.6676594752425545,325.5327384929866,21.45597330694439,-0.6676594752425545,ESTIMA,0.0,450.0,0,140.0,325.533,124.467,118.544,21.456,20.0,0.0
1779273758.683086,326.92,37.85,-0.833,326.92,37.85,-0.833,VISION,0.0,450.0,0,140.0,326.92,123.08,102.15,37.85,20.0,0.0
1779273758.732998,326.92,37.85,-0.833,326.92,37.85,-0.833,VISION,0.0,450.0,0,140.0,326.92,123.08,102.15,37.85,20.0,0.0
1779273758.7829862,326.92,37.85,-0.833,328.11867520732216,36.531407644990864,-0.7950747746208856,VISION,0.0,450.0,0,140.0,326.92,123.08,102.15,37.85,20.0,0.0
1779273758.832982,326.92,37.85,-0.833,328.11867520732216,36.531407644990864,-0.7950747746208856,VISION,0.0,450.0,0,140.0,326.92,123.08,102.15,37.85,20.0,0.0
1779273758.882986,326.92,37.85,-0.833,329.56398149651733,35.05785581898575,-0.7514565267075587,VISION,0.0,450.0,0,140.0,326.92,123.08,102.15,37.85,20.0,0.0
1779273758.9329867,326.92,37.85,-0.833,329.56398149651733,35.05785581898575,-0.7514565267075587,VISION,0.0,450.0,0,140.0,326.92,123.08,102.15,37.85,20.0,0.0
1779273758.9830325,326.92,37.85,-0.833,332.00698961678887,32.775302605919315,-0.7403897867151069,VISION,0.0,450.0,0,140.0,326.92,123.08,102.15,37.85,20.0,0.0
1779273759.0330083,326.92,37.85,-0.833,332.00698961678887,32.775302605919315,-0.7403897867151069,VISION,0.0,450.0,0,140.0,326.92,123.08,102.15,37.85,20.0,0.0
1779273759.082994,326.92,37.85,-0.833,333.27799428348754,31.613852755420524,-0.6538820472819664,VISION,0.0,450.0,0,140.0,326.92,123.08,102.15,37.85,20.0,0.0
1779273759.1330059,326.92,37.85,-0.833,333.27799428348754,31.613852755420524,-0.6538820472819664,VISION,0.0,450.0,0,140.0,326.92,123.08,102.15,37.85,20.0,0.0
1779273759.183009,326.92,37.85,-0.833,335.9550514099913,29.562295153127177,-0.6296220116530351,VISION,0.0,450.0,0,140.0,326.92,123.08,102.15,37.85,20.0,0.0
1779273759.23307,335.9550514099913,29.562295153127177,-0.6296220116530351,335.9550514099913,29.562295153127177,-0.6296220116530351,ESTIMA,0.0,450.0,0,140.0,335.955,114.045,110.438,29.562,20.0,0.0
1779273759.283016,335.9550514099913,29.562295153127177,-0.6296220116530351,335.9550514099913,29.562295153127177,-0.6296220116530351,ESTIMA,0.0,450.0,0,140.0,335.955,114.045,110.438,29.562,20.0,0.0
1779273759.3329866,335.9550514099913,29.562295153127177,-0.6296220116530351,335.9550514099913,29.562295153127177,-0.6296220116530351,ESTIMA,0.0,450.0,0,140.0,335.955,114.045,110.438,29.562,20.0,0.0
1779273759.383012,339.8842049114939,26.803629543291223,-0.5015560409049331,339.8842049114939,26.803629543291223,-0.5015560409049331,ESTIMA,0.0,450.0,0,140.0,339.884,110.116,113.196,26.804,20.0,0.0
1779273759.432984,339.8842049114939,26.803629543291223,-0.5015560409049331,339.8842049114939,26.803629543291223,-0.5015560409049331,ESTIMA,0.0,450.0,0,140.0,339.884,110.116,113.196,26.804,20.0,0.0
1779273759.4829628,339.8842049114939,26.803629543291223,-0.5015560409049331,339.8842049114939,26.803629543291223,-0.5015560409049331,ESTIMA,0.0,450.0,0,140.0,339.884,110.116,113.196,26.804,20.0,0.0
1779273759.5329838,342.90663271379134,25.146357888004694,-0.41736119441716596,342.90663271379134,25.146357888004694,-0.41736119441716596,ESTIMA,0.0,450.0,0,140.0,342.907,107.093,114.854,25.146,20.0,0.0
1779273759.5831025,342.90663271379134,25.146357888004694,-0.41736119441716596,342.90663271379134,25.146357888004694,-0.41736119441716596,ESTIMA,0.0,450.0,0,140.0,342.907,107.093,114.854,25.146,20.0,0.0
1779273759.6329613,345.4480944289117,24.01944527486199,-0.34820483220540566,345.4480944289117,24.01944527486199,-0.34820483220540566,ESTIMA,0.0,450.0,0,140.0,345.448,104.552,115.981,24.019,20.0,0.0
1779273759.6830106,346.76019572919375,23.54315846176448,-0.3111892381599107,346.76019572919375,23.54315846176448,-0.3111892381599107,ESTIMA,0.0,450.0,0,140.0,346.76,103.24,116.457,23.543,20.0,0.0
1779273759.7329497,346.76019572919375,23.54315846176448,-0.3111892381599107,346.76019572919375,23.54315846176448,-0.3111892381599107,ESTIMA,0.0,450.0,0,140.0,346.76,103.24,116.457,23.543,20.0,0.0
1779273759.7833037,346.76019572919375,23.54315846176448,-0.3111892381599107,346.76019572919375,23.54315846176448,-0.3111892381599107,ESTIMA,0.0,450.0,0,140.0,346.76,103.24,116.457,23.543,20.0,0.0
1779273759.8332803,343.01,59.35,-0.555,343.01,59.35,-0.555,VISION,0.0,450.0,0,140.0,343.01,106.99,80.65,59.35,20.0,0.0
1779273759.8829956,343.01,59.35,-0.555,343.01,59.35,-0.555,VISION,0.0,450.0,0,140.0,343.01,106.99,80.65,59.35,20.0,0.0
1779273759.9329655,343.01,59.35,-0.555,345.4631910111871,57.829007062222935,-0.4663232537274835,VISION,0.0,450.0,0,140.0,343.01,106.99,80.65,59.35,20.0,0.0
1779273759.983011,343.01,59.35,-0.555,345.4631910111871,57.829007062222935,-0.4663232537274835,VISION,0.0,450.0,0,140.0,343.01,106.99,80.65,59.35,20.0,0.0
1779273760.0330195,343.01,59.35,-0.555,347.4503646333172,56.8287651186124,-0.3975895179082408,VISION,0.0,450.0,0,140.0,343.01,106.99,80.65,59.35,20.0,0.0
1779273760.0829875,343.01,59.35,-0.555,347.4503646333172,56.8287651186124,-0.3975895179082408,VISION,0.0,450.0,0,140.0,343.01,106.99,80.65,59.35,20.0,0.0
1779273760.1329877,343.01,59.35,-0.555,350.0690803854211,55.729023024829665,-0.31234698782613407,VISION,0.0,450.0,0,140.0,343.01,106.99,80.65,59.35,20.0,0.0
1779273760.1829755,343.01,59.35,-0.555,350.0690803854211,55.729023024829665,-0.31234698782613407,VISION,0.0,450.0,0,140.0,343.01,106.99,80.65,59.35,20.0,0.0
1779273760.2330377,343.01,59.35,-0.555,350.0690803854211,55.729023024829665,-0.31234698782613407,VISION,0.0,450.0,0,140.0,343.01,106.99,80.65,59.35,20.0,0.0
1779273760.2830288,343.01,59.35,-0.555,352.72871374901746,54.87018148411972,-0.06529127421430139,VISION,0.0,450.0,0,140.0,343.01,106.99,80.65,59.35,20.0,0.0
1779273760.3329701,343.01,59.35,-0.555,353.7117879850069,54.80590395132314,-0.009909846181594517,VISION,0.0,450.0,0,140.0,343.01,106.99,80.65,59.35,20.0,0.0
1779273760.383108,353.7117879850069,54.80590395132314,-0.009909846181594517,353.7117879850069,54.80590395132314,-0.009909846181594517,ESTIMA,0.0,450.0,0,140.0,353.712,96.288,85.194,54.806,20.0,0.0
1779273760.4332345,347.89,73.07,-0.384,347.89,73.07,-0.384,VISION,0.0,450.0,0,140.0,347.89,102.11,66.93,73.07,20.0,0.0
1779273760.4829571,347.89,73.07,-0.384,347.89,73.07,-0.384,VISION,0.0,450.0,0,140.0,347.89,102.11,66.93,73.07,20.0,0.0
1779273760.532952,347.89,73.07,-0.384,350.0568638589474,72.19446069380821,-0.3036543712862403,VISION,0.0,450.0,0,140.0,347.89,102.11,66.93,73.07,20.0,0.0
1779273760.5829465,347.89,73.07,-0.384,350.0568638589474,72.19446069380821,-0.3036543712862403,VISION,0.0,450.0,0,140.0,347.89,102.11,66.93,73.07,20.0,0.0
1779273760.6330009,347.89,73.07,-0.384,352.41086275494297,71.45684725576098,-0.21852023370872686,VISION,0.0,450.0,0,140.0,347.89,102.11,66.93,73.07,20.0,0.0
1779273760.6829464,347.89,73.07,-0.384,352.41086275494297,71.45684725576098,-0.21852023370872686,VISION,0.0,450.0,0,140.0,347.89,102.11,66.93,73.07,20.0,0.0
1779273760.7330198,347.89,73.07,-0.384,354.46600711362066,71.00046921635045,-0.09620923940689717,VISION,0.0,450.0,0,140.0,347.89,102.11,66.93,73.07,20.0,0.0
1779273760.7829826,347.89,73.07,-0.384,354.46600711362066,71.00046921635045,-0.09620923940689717,VISION,0.0,450.0,0,140.0,347.89,102.11,66.93,73.07,20.0,0.0
1779273760.8329902,347.89,73.07,-0.384,357.7841518179164,70.68024440435013,0.010744037281077243,VISION,0.0,450.0,0,140.0,347.89,102.11,66.93,73.07,20.0,0.0
1779273760.8829474,347.89,73.07,-0.384,357.7841518179164,70.68024440435013,0.010744037281077243,VISION,0.0,450.0,0,140.0,347.89,102.11,66.93,73.07,20.0,0.0
1779273760.932962,347.89,73.07,-0.384,357.7841518179164,70.68024440435013,0.010744037281077243,VISION,0.0,450.0,0,140.0,347.89,102.11,66.93,73.07,20.0,0.0
1779273760.983076,351.28,88.72,-0.278,351.28,88.72,-0.278,VISION,0.0,450.0,0,140.0,351.28,98.72,51.28,88.72,20.0,0.0
1779273761.033139,351.28,88.72,-0.278,351.28,88.72,-0.278,VISION,0.0,450.0,0,140.0,351.28,98.72,51.28,88.72,20.0,0.0
1779273761.0829933,351.28,88.72,-0.278,354.034783687553,87.93381175314721,-0.11052418648498485,VISION,0.0,450.0,0,140.0,351.28,98.72,51.28,88.72,20.0,0.0
1779273761.1329932,351.28,88.72,-0.278,354.034783687553,87.93381175314721,-0.11052418648498485,VISION,0.0,450.0,0,140.0,351.28,98.72,51.28,88.72,20.0,0.0
1779273761.1829932,351.28,88.72,-0.278,355.7341243126778,87.74522498700631,-0.008608209107941744,VISION,0.0,450.0,0,140.0,351.28,98.72,51.28,88.72,20.0,0.0
1779273761.2330267,351.28,88.72,-0.278,355.7341243126778,87.74522498700631,-0.008608209107941744,VISION,0.0,450.0,0,140.0,351.28,98.72,51.28,88.72,20.0,0.0
1779273761.2829666,351.28,88.72,-0.278,358.54639482362296,87.72101577639934,0.03679976561024384,VISION,0.0,450.0,0,140.0,351.28,98.72,51.28,88.72,20.0,0.0
1779273761.332949,351.28,88.72,-0.278,358.54639482362296,87.72101577639934,0.03679976561024384,VISION,0.0,450.0,0,140.0,351.28,98.72,51.28,88.72,20.0,0.0
1779273761.382997,351.28,88.72,-0.278,361.7420913759066,87.83866977518753,0.08422288969162982,VISION,0.0,450.0,0,140.0,351.28,98.72,51.28,88.72,20.0,0.0
1779273761.4329946,351.28,88.72,-0.278,361.7420913759066,87.83866977518753,0.08422288969162982,VISION,0.0,450.0,0,140.0,351.28,98.72,51.28,88.72,20.0,0.0
1779273761.4829607,351.28,88.72,-0.278,361.7420913759066,87.83866977518753,0.08422288969162982,VISION,0.0,450.0,0,140.0,351.28,98.72,51.28,88.72,20.0,0.0
1779273761.533118,365.11680920408094,88.12357223275527,0.2821239101218379,365.11680920408094,88.12357223275527,0.2821239101218379,ESTIMA,0.0,450.0,0,140.0,365.117,84.883,51.876,88.124,20.0,0.0
1779273761.5834396,352.79,105.13,-0.16,352.79,105.13,-0.16,ESTIMA,0.0,450.0,0,140.0,352.79,97.21,34.87,105.13,0.0,0.0
1779273761.63305,352.79,105.13,-0.16,352.79,105.13,-0.16,VISION,0.0,450.0,0,140.0,352.79,97.21,34.87,105.13,0.0,0.0
1779273761.682992,352.79,105.13,-0.16,355.55613674031065,104.68360234452881,-0.057617041128434895,VISION,0.0,450.0,0,140.0,352.79,97.21,34.87,105.13,0.0,0.0
1779273761.7331083,352.79,105.13,-0.16,355.55613674031065,104.68360234452881,-0.057617041128434895,VISION,0.0,450.0,0,140.0,352.79,97.21,34.87,105.13,0.0,0.0
1779273761.7830267,352.79,105.13,-0.16,358.5348423666583,104.51178797245637,-0.030773607411605928,VISION,0.0,450.0,0,140.0,352.79,97.21,34.87,105.13,0.0,0.0
1779273761.8330169,352.79,105.13,-0.16,358.5348423666583,104.51178797245637,-0.030773607411605928,VISION,0.0,450.0,0,140.0,352.79,97.21,34.87,105.13,0.0,0.0
1779273761.883017,352.79,105.13,-0.16,360.7824861218916,104.44259802324804,-0.04090967839265399,VISION,0.0,450.0,0,140.0,352.79,97.21,34.87,105.13,0.0,0.0
1779273761.9330082,352.79,105.13,-0.16,360.7824861218916,104.44259802324804,-0.04090967839265399,VISION,0.0,450.0,0,140.0,352.79,97.21,34.87,105.13,0.0,0.0
1779273761.9830627,352.79,105.13,-0.16,361.5744886364535,104.4101793677664,-0.033931984664698184,VISION,0.0,450.0,0,140.0,352.79,97.21,34.87,105.13,0.0,0.0
1779273762.0330114,352.79,105.13,-0.16,361.5744886364535,104.4101793677664,-0.033931984664698184,VISION,0.0,450.0,0,140.0,352.79,97.21,34.87,105.13,0.0,0.0
1779273762.0830123,352.79,105.13,-0.16,362.57289314074177,104.37628851335994,0.10385829829256177,VISION,0.0,450.0,0,140.0,352.79,97.21,34.87,105.13,0.0,0.0
1779273762.1330793,362.57289314074177,104.37628851335994,0.10385829829256177,362.57289314074177,104.37628851335994,0.10385829829256177,ESTIMA,0.0,450.0,0,140.0,362.573,87.427,35.624,104.376,-20.0,0.0
1779273762.1831224,351.69,121.69,-0.028,351.69,121.69,-0.028,VISION,0.0,450.0,0,140.0,351.69,98.31,18.31,121.69,-20.0,0.0
1779273762.2329743,351.69,121.69,-0.028,351.69,121.69,-0.028,VISION,0.0,450.0,0,140.0,351.69,98.31,18.31,121.69,-20.0,0.0
1779273762.2830012,351.69,121.69,-0.028,355.85260329109985,121.57341663913836,0.23051334254946362,VISION,0.0,450.0,0,140.0,351.69,98.31,18.31,121.69,-20.0,0.0
1779273762.3329866,351.69,121.69,-0.028,355.85260329109985,121.57341663913836,0.23051334254946362,VISION,0.0,450.0,0,140.0,351.69,98.31,18.31,121.69,-20.0,0.0
1779273762.3829896,351.69,121.69,-0.028,359.4046630106746,122.40703146567381,0.5644304470418858,VISION,0.0,450.0,0,140.0,351.69,98.31,18.31,121.69,-20.0,0.0
1779273762.4329615,351.69,121.69,-0.028,359.4046630106746,122.40703146567381,0.5644304470418858,VISION,0.0,450.0,0,140.0,351.69,98.31,18.31,121.69,-20.0,0.0
1779273762.4830122,351.69,121.69,-0.028,359.4046630106746,122.40703146567381,0.5644304470418858,VISION,0.0,450.0,0,140.0,351.69,98.31,18.31,121.69,-20.0,0.0
1779273762.533022,351.69,121.69,-0.028,364.324356969304,125.52187995938546,1.0985938688389019,VISION,0.0,450.0,0,140.0,351.69,98.31,18.31,121.69,-20.0,0.0
1779273762.5831566,351.69,121.69,-0.028,364.324356969304,125.52187995938546,1.0985938688389019,VISION,0.0,450.0,0,140.0,351.69,98.31,18.31,121.69,-20.0,0.0
1779273762.63326,351.69,121.69,-0.028,366.05701723879014,128.91433224012232,1.3794556264879585,VISION,0.0,450.0,0,140.0,351.69,98.31,18.31,121.69,-20.0,0.0
1779273762.6830044,351.69,121.69,-0.028,366.05701723879014,128.91433224012232,1.3794556264879585,VISION,0.0,450.0,0,140.0,351.69,98.31,18.31,121.69,-20.0,0.0
1779273762.7334466,367.08787138248937,134.23595507481232,1.7791115606687788,350.82,129.07,-0.013,ESTIMA,0.0,450.0,0,140.0,367.088,82.912,5.764,134.236,-20.0,0.0
1779273762.7831304,350.82,129.07,-0.013,353.1099150582871,129.04022942714775,0.15583055803767557,VISION,0.0,450.0,0,140.0,350.82,99.18,10.93,129.07,-20.0,0.0
1779273762.8329651,350.82,129.07,-0.013,353.1099150582871,129.04022942714775,0.15583055803767557,VISION,0.0,450.0,0,140.0,350.82,99.18,10.93,129.07,-20.0,0.0
1779273762.8829956,350.82,129.07,-0.013,356.8458044340682,129.62715365431356,0.4346402735086684,VISION,0.0,450.0,0,140.0,350.82,99.18,10.93,129.07,-20.0,0.0
1779273762.9330075,350.82,129.07,-0.013,356.8458044340682,129.62715365431356,0.4346402735086684,VISION,0.0,450.0,0,140.0,350.82,99.18,10.93,129.07,-20.0,0.0
1779273762.98316,350.82,129.07,-0.013,356.8458044340682,129.62715365431356,0.4346402735086684,VISION,0.0,450.0,0,140.0,350.82,99.18,10.93,129.07,-20.0,0.0
1779273763.033005,350.82,129.07,-0.013,361.5637138870438,131.8174399044628,0.9124503741516724,VISION,0.0,450.0,0,140.0,350.82,99.18,10.93,129.07,-20.0,0.0
1779273763.0830023,350.82,129.07,-0.013,363.9040528825272,134.84325268846942,1.1937496472870883,VISION,0.0,450.0,0,140.0,350.82,99.18,10.93,129.07,-20.0,0.0
1779273763.1330013,350.82,129.07,-0.013,363.9040528825272,134.84325268846942,1.1937496472870883,VISION,0.0,450.0,0,140.0,350.82,99.18,10.93,129.07,-20.0,0.0
1779273763.1831396,350.82,129.07,-0.013,363.9040528825272,134.84325268846942,1.1937496472870883,VISION,0.0,450.0,0,140.0,350.82,99.18,10.93,129.07,-20.0,0.0
1779273763.2329936,350.82,129.07,-0.013,366.36128960092896,141.04851687260384,1.685874413464424,VISION,0.0,450.0,0,140.0,350.82,99.18,10.93,129.07,-20.0,0.0
1779273763.2832572,366.36128960092896,141.04851687260384,1.685874413464424,366.36128960092896,141.04851687260384,1.685874413464424,ESTIMA,0.0,450.0,0,140.0,366.361,83.639,-1.049,141.049,-20.0,0.0
1779273763.333577,351.04,124.08,0.136,351.04,124.08,0.136,ESTIMA,0.0,450.0,0,140.0,351.04,98.96,15.92,124.08,-20.0,0.0
1779273763.3829844,351.04,124.08,0.136,351.04,124.08,0.136,VISION,0.0,450.0,0,140.0,351.04,98.96,15.92,124.08,-20.0,0.0
1779273763.4330041,351.04,124.08,0.136,355.95336220141445,124.75236775124128,0.42674804820445944,VISION,0.0,450.0,0,140.0,351.04,98.96,15.92,124.08,-20.0,0.0
1779273763.483001,351.04,124.08,0.136,355.95336220141445,124.75236775124128,0.42674804820445944,VISION,0.0,450.0,0,140.0,351.04,98.96,15.92,124.08,-20.0,0.0
1779273763.5330257,351.04,124.08,0.136,359.91500917643856,126.55369268148925,0.7475146636936421,VISION,0.0,450.0,0,140.0,351.04,98.96,15.92,124.08,-20.0,0.0
1779273763.5830405,351.04,124.08,0.136,359.91500917643856,126.55369268148925,0.7475146636936421,VISION,0.0,450.0,0,140.0,351.04,98.96,15.92,124.08,-20.0,0.0
1779273763.6330426,351.04,124.08,0.136,363.1909745858238,129.5903975772818,1.0768373587682614,VISION,0.0,450.0,0,140.0,351.04,98.96,15.92,124.08,-20.0,0.0
1779273763.6830072,351.04,124.08,0.136,363.1909745858238,129.5903975772818,1.0768373587682614,VISION,0.0,450.0,0,140.0,351.04,98.96,15.92,124.08,0.0,0.0
1779273763.7332454,351.04,124.08,0.136,365.806583076145,134.44775141176558,1.400190704455356,VISION,0.0,450.0,0,140.0,351.04,98.96,15.92,124.08,0.0,0.0
1779273763.783002,351.04,124.08,0.136,365.806583076145,134.44775141176558,1.400190704455356,VISION,0.0,450.0,0,140.0,351.04,98.96,15.92,124.08,0.0,0.0
1779273763.8329742,351.04,124.08,0.136,366.1497951353513,136.43992318186903,1.5178438710549222,VISION,0.0,450.0,0,140.0,351.04,98.96,15.92,124.08,0.0,0.0
1779273763.8831124,366.1497951353513,136.43992318186903,1.5178438710549222,366.1497951353513,136.43992318186903,1.5178438710549222,ESTIMA,0.0,450.0,0,140.0,366.15,83.85,3.56,136.44,0.0,0.0
1779273763.9331167,351.26,118.19,0.826,351.26,118.19,0.826,VISION,0.0,450.0,0,140.0,351.26,98.74,21.81,118.19,0.0,0.0
1779273763.9830885,351.26,118.19,0.826,351.26,118.19,0.826,VISION,0.0,450.0,0,140.0,351.26,98.74,21.81,118.19,0.0,0.0
1779273764.0329773,351.26,118.19,0.826,351.26,118.19,0.8260000000000003,VISION,0.0,450.0,0,140.0,351.26,98.74,21.81,118.19,0.0,0.0
1779273764.0829918,351.26,118.19,0.826,351.26,118.19,0.8260000000000003,VISION,0.0,450.0,0,140.0,351.26,98.74,21.81,118.19,0.0,0.0
1779273764.133004,351.26,118.19,0.826,351.26,118.19,0.8260000000000007,VISION,0.0,450.0,0,140.0,351.26,98.74,21.81,118.19,0.0,0.0
1779273764.2829823,351.26,118.19,0.826,351.26,118.19,0.8260000000000013,VISION,0.0,450.0,0,140.0,351.26,98.74,21.81,118.19,20.0,0.0
1779273764.3329992,351.26,118.19,0.826,351.26,118.19,0.8260000000000017,VISION,0.0,450.0,0,140.0,351.26,98.74,21.81,118.19,20.0,0.0
1779273764.383026,351.26,118.19,0.826,351.26,118.19,0.8260000000000017,VISION,0.0,450.0,0,140.0,351.26,98.74,21.81,118.19,20.0,0.0
1779273764.43304,351.26,118.19,0.826,351.26,118.19,0.8260000000000017,VISION,0.0,450.0,0,140.0,351.26,98.74,21.81,118.19,20.0,0.0
1779273764.4831202,352.23325510785236,119.24567884996058,0.7351191672069611,352.23325510785236,119.24567884996058,0.7351191672069611,ESTIMA,0.0,450.0,0,140.0,352.233,97.767,20.754,119.246,20.0,0.0
1779273764.5332658,353.55,114.82,1.377,353.55,114.82,1.377,VISION,0.0,450.0,0,140.0,353.55,96.45,25.18,114.82,20.0,0.0
1779273764.5830266,353.55,114.82,1.377,354.0242560633539,117.23647474899168,1.3795328056315266,VISION,0.0,450.0,0,140.0,353.55,96.45,25.18,114.82,20.0,0.0
1779273764.6333148,353.55,114.82,1.377,354.24287763698425,118.3655410551382,1.4698169239689305,VISION,0.0,450.0,0,140.0,353.55,96.45,25.18,114.82,20.0,0.0
1779273764.6830199,353.55,114.82,1.377,354.24287763698425,118.3655410551382,1.4698169239689305,VISION,0.0,450.0,0,140.0,353.55,96.45,25.18,114.82,20.0,0.0
1779273764.7330153,353.55,114.82,1.377,354.41512562568437,120.06551277019368,1.610293315355035,VISION,0.0,450.0,0,140.0,353.55,96.45,25.18,114.82,20.0,0.0
1779273764.7830067,353.55,114.82,1.377,354.41512562568437,120.06551277019368,1.610293315355035,VISION,0.0,450.0,0,140.0,353.55,96.45,25.18,114.82,20.0,0.0
1779273764.833162,353.55,114.82,1.377,354.30302352346644,122.90228100730592,1.6100502575519844,VISION,0.0,450.0,0,140.0,353.55,96.45,25.18,114.82,20.0,0.0
1779273764.8830013,353.55,114.82,1.377,354.30302352346644,122.90228100730592,1.6100502575519844,VISION,0.0,450.0,0,140.0,353.55,96.45,25.18,114.82,20.0,0.0
1779273764.9330206,353.55,114.82,1.377,354.30302352346644,122.90228100730592,1.6100502575519844,VISION,0.0,450.0,0,140.0,353.55,96.45,25.18,114.82,20.0,0.0
1779273764.9833434,353.55,114.82,1.377,354.30302352346644,122.90228100730592,1.6100502575519844,VISION,0.0,450.0,0,140.0,353.55,96.45,25.18,114.82,20.0,0.0
1779273765.0329971,353.55,114.82,1.377,354.1383067249039,127.09631162398082,1.6918837858833726,VISION,0.0,450.0,0,140.0,353.55,96.45,25.18,114.82,20.0,0.0
1779273765.0831108,353.96641788839935,128.5089098198471,1.7189667273325253,353.96641788839935,128.5089098198471,1.7189667273325253,ESTIMA,0.0,450.0,0,140.0,353.966,96.034,11.491,128.509,20.0,0.0
1779273765.1330388,353.96641788839935,128.5089098198471,1.7189667273325253,353.96641788839935,128.5089098198471,1.7189667273325253,ESTIMA,0.0,450.0,0,140.0,353.966,96.034,11.491,128.509,20.0,0.0
1779273765.1829767,353.6687471334122,130.50316209882243,1.721895287826265,353.6687471334122,130.50316209882243,1.721895287826265,ESTIMA,0.0,450.0,0,140.0,353.669,96.331,9.497,130.503,20.0,0.0
1779273765.233012,353.6687471334122,130.50316209882243,1.721895287826265,353.6687471334122,130.50316209882243,1.721895287826265,ESTIMA,0.0,450.0,0,140.0,353.669,96.331,9.497,130.503,20.0,0.0
1779273765.2830114,353.34396767524146,132.6362278529776,1.8280354783049828,353.34396767524146,132.6362278529776,1.8280354783049828,ESTIMA,0.0,450.0,0,140.0,353.344,96.656,7.364,132.636,20.0,0.0
1779273765.333007,353.34396767524146,132.6362278529776,1.8280354783049828,353.34396767524146,132.6362278529776,1.8280354783049828,ESTIMA,0.0,450.0,0,140.0,353.344,96.656,7.364,132.636,20.0,0.0
1779273765.3830683,352.600335662298,135.46300074471884,1.8455182299253474,352.600335662298,135.46300074471884,1.8455182299253474,ESTIMA,0.0,450.0,0,140.0,352.6,97.4,4.537,135.463,20.0,0.0
1779273765.4330914,352.600335662298,135.46300074471884,1.8455182299253474,352.600335662298,135.46300074471884,1.8455182299253474,ESTIMA,0.0,450.0,0,140.0,352.6,97.4,4.537,135.463,20.0,0.0
1779273765.4830637,351.8356611261362,138.1760710581127,1.91679291214826,351.8356611261362,138.1760710581127,1.91679291214826,ESTIMA,0.0,450.0,0,140.0,351.836,98.164,1.824,138.176,20.0,0.0
1779273765.532998,351.8356611261362,138.1760710581127,1.91679291214826,351.8356611261362,138.1760710581127,1.91679291214826,ESTIMA,0.0,450.0,0,140.0,351.836,98.164,1.824,138.176,20.0,0.0
1779273765.5830684,350.98633145534285,140.53205946797107,1.9781777970183305,350.98633145534285,140.53205946797107,1.9781777970183305,ESTIMA,0.0,450.0,0,140.0,350.986,99.014,-0.532,140.532,20.0,0.0
1779273765.6330786,350.98633145534285,140.53205946797107,1.9781777970183305,350.98633145534285,140.53205946797107,1.9781777970183305,ESTIMA,0.0,450.0,0,140.0,350.986,99.014,-0.532,140.532,20.0,0.0
1779273765.683241,339.74,115.29,1.651,339.74,115.29,1.651,VISION,0.0,450.0,0,140.0,339.74,110.26,24.71,115.29,20.0,0.0
1779273765.733067,339.74,115.29,1.651,339.74,115.29,1.651,VISION,0.0,450.0,0,140.0,339.74,110.26,24.71,115.29,20.0,0.0
1779273765.7830384,339.74,115.29,1.651,339.5418289341459,117.75554746545174,1.7083895785030816,VISION,0.0,450.0,0,140.0,339.74,110.26,24.71,115.29,20.0,0.0
1779273765.8330133,339.74,115.29,1.651,339.5418289341459,117.75554746545174,1.7083895785030816,VISION,0.0,450.0,0,140.0,339.74,110.26,24.71,115.29,20.0,0.0
1779273765.8831842,339.74,115.29,1.651,339.5418289341459,117.75554746545174,1.7083895785030816,VISION,0.0,450.0,0,140.0,339.74,110.26,24.71,115.29,20.0,0.0
1779273765.9330206,339.74,115.29,1.651,339.1034678795219,120.92133659487705,1.78624392589996,VISION,0.0,450.0,0,140.0,339.74,110.26,24.71,115.29,20.0,0.0
1779273765.983063,339.74,115.29,1.651,339.1034678795219,120.92133659487705,1.78624392589996,VISION,0.0,450.0,0,140.0,339.74,110.26,24.71,115.29,20.0,0.0
1779273766.0330184,339.74,115.29,1.651,338.6512112656813,122.9879054482466,1.842199921185015,VISION,0.0,450.0,0,140.0,339.74,110.26,24.71,115.29,20.0,0.0
1779273766.0831108,339.74,115.29,1.651,337.9666801417423,125.44785998803239,1.9151462152341736,VISION,0.0,450.0,0,140.0,339.74,110.26,24.71,115.29,20.0,0.0
1779273766.1329849,339.74,115.29,1.651,337.9666801417423,125.44785998803239,1.9151462152341736,VISION,0.0,450.0,0,140.0,339.74,110.26,24.71,115.29,20.0,0.0
1779273766.1829672,339.74,115.29,1.651,337.34036469970493,127.19422909469249,2.015023294759825,VISION,0.0,450.0,0,140.0,339.74,110.26,24.71,115.29,20.0,0.0
1779273766.2332745,337.34036469970493,127.19422909469249,2.015023294759825,337.34036469970493,127.19422909469249,2.015023294759825,ESTIMA,0.0,450.0,0,140.0,337.34,112.66,12.806,127.194,20.0,0.0
1779273766.2830353,327.26,112.29,1.931,327.26,112.29,1.931,VISION,0.0,450.0,0,140.0,327.26,122.74,27.71,112.29,20.0,0.0
1779273766.3330176,327.26,112.29,1.931,325.942457468084,115.7881909180824,1.9592762860969557,VISION,0.0,450.0,0,140.0,327.26,122.74,27.71,112.29,20.0,0.0
1779273766.3834069,327.26,112.29,1.931,325.942457468084,115.7881909180824,1.9592762860969557,VISION,0.0,450.0,0,140.0,327.26,122.74,27.71,112.29,20.0,0.0
1779273766.433052,327.26,112.29,1.931,325.0601442804807,117.94396453523909,2.0799465389004457,VISION,0.0,450.0,0,140.0,327.26,122.74,27.71,112.29,20.0,0.0
1779273766.4830155,327.26,112.29,1.931,325.0601442804807,117.94396453523909,2.0799465389004457,VISION,0.0,450.0,0,140.0,327.26,122.74,27.71,112.29,20.0,0.0
1779273766.5330179,327.26,112.29,1.931,323.96319111298357,119.90897267587286,2.193336336834336,VISION,0.0,450.0,0,140.0,327.26,122.74,27.71,112.29,20.0,0.0
1779273766.5830197,327.26,112.29,1.931,323.96319111298357,119.90897267587286,2.193336336834336,VISION,0.0,450.0,0,140.0,327.26,122.74,27.71,112.29,20.0,0.0
1779273766.633027,327.26,112.29,1.931,322.8813836030523,121.41619201983215,2.242457343144218,VISION,0.0,450.0,0,140.0,327.26,122.74,27.71,112.29,20.0,0.0
1779273766.6830304,327.26,112.29,1.931,322.8813836030523,121.41619201983215,2.242457343144218,VISION,0.0,450.0,0,140.0,327.26,122.74,27.71,112.29,20.0,0.0
1779273766.7330282,327.26,112.29,1.931,322.8813836030523,121.41619201983215,2.242457343144218,VISION,0.0,450.0,0,140.0,327.26,122.74,27.71,112.29,20.0,0.0
1779273766.783011,320.85816998565497,123.9612386338806,2.5282662956296376,320.85816998565497,123.9612386338806,2.5282662956296376,ESTIMA,0.0,450.0,0,140.0,320.858,129.142,16.039,123.961,20.0,0.0
1779273766.833557,316.53,105.13,2.27,316.53,105.13,2.27,ESTIMA,0.0,450.0,0,140.0,316.53,133.47,34.87,105.13,20.0,0.0
1779273766.883031,316.53,105.13,2.27,316.53,105.13,2.27,VISION,0.0,450.0,0,140.0,316.53,133.47,34.87,105.13,20.0,0.0
1779273766.9329898,316.53,105.13,2.27,314.82310970057455,107.15976981982399,2.348567698400069,VISION,0.0,450.0,0,140.0,316.53,133.47,34.87,105.13,20.0,0.0
1779273766.9830856,316.53,105.13,2.27,314.82310970057455,107.15976981982399,2.348567698400069,VISION,0.0,450.0,0,140.0,316.53,133.47,34.87,105.13,20.0,0.0
1779273767.0330317,316.53,105.13,2.27,313.6894236143087,108.31088192405605,2.489133438340927,VISION,0.0,450.0,0,140.0,316.53,133.47,34.87,105.13,20.0,0.0
1779273767.0830154,316.53,105.13,2.27,313.6894236143087,108.31088192405605,2.489133438340927,VISION,0.0,450.0,0,140.0,316.53,133.47,34.87,105.13,20.0,0.0
1779273767.1330178,316.53,105.13,2.27,311.27223442374054,110.15783708193757,2.5095798561716673,VISION,0.0,450.0,0,140.0,316.53,133.47,34.87,105.13,20.0,0.0
1779273767.183012,316.53,105.13,2.27,311.27223442374054,110.15783708193757,2.5095798561716673,VISION,0.0,450.0,0,140.0,316.53,133.47,34.87,105.13,20.0,0.0
1779273767.2331986,316.53,105.13,2.27,309.10590932562366,111.74402482797186,2.650969248665309,VISION,0.0,450.0,0,140.0,316.53,133.47,34.87,105.13,20.0,0.0
1779273767.283004,316.53,105.13,2.27,309.10590932562366,111.74402482797186,2.650969248665309,VISION,0.0,450.0,0,140.0,316.53,133.47,34.87,105.13,20.0,0.0
1779273767.3329778,316.53,105.13,2.27,307.136999451785,112.7957951760975,2.713140021252536,VISION,0.0,450.0,0,140.0,316.53,133.47,34.87,105.13,20.0,0.0
1779273767.382984,307.136999451785,112.7957951760975,2.713140021252536,307.136999451785,112.7957951760975,2.713140021252536,ESTIMA,0.0,450.0,0,140.0,307.137,142.863,27.204,112.796,20.0,0.0
1779273767.433405,309.17,94.15,2.571,309.17,94.15,2.571,ESTIMA,0.0,450.0,0,140.0,309.17,140.83,45.85,94.15,20.0,0.0
1779273767.483044,309.17,94.15,2.571,305.5145945082777,96.49605755580149,2.7021257863390575,VISION,0.0,450.0,0,140.0,309.17,140.83,45.85,94.15,20.0,0.0
1779273767.5330644,309.17,94.15,2.571,305.5145945082777,96.49605755580149,2.7021257863390575,VISION,0.0,450.0,0,140.0,309.17,140.83,45.85,94.15,20.0,0.0
1779273767.5830588,309.17,94.15,2.571,304.2542202545638,97.08859654418148,2.8270949827726115,VISION,0.0,450.0,0,140.0,309.17,140.83,45.85,94.15,20.0,0.0
1779273767.6330016,309.17,94.15,2.571,302.9628370963327,97.50867556842256,2.9484227659677007,VISION,0.0,450.0,0,140.0,309.17,140.83,45.85,94.15,20.0,0.0
1779273767.6829798,309.17,94.15,2.571,302.9628370963327,97.50867556842256,2.9484227659677007,VISION,0.0,450.0,0,140.0,309.17,140.83,45.85,94.15,20.0,0.0
1779273767.732976,309.17,94.15,2.571,302.9628370963327,97.50867556842256,2.9484227659677007,VISION,0.0,450.0,0,140.0,309.17,140.83,45.85,94.15,20.0,0.0
1779273767.7830935,309.17,94.15,2.571,299.7547793003224,98.13620050011052,3.0393567795210794,VISION,0.0,450.0,0,140.0,309.17,140.83,45.85,94.15,20.0,0.0
1779273767.8333466,309.17,94.15,2.571,298.05552884126365,98.31053266307148,3.127132703235219,VISION,0.0,450.0,0,140.0,309.17,140.83,45.85,94.15,20.0,0.0
1779273767.8832316,309.17,94.15,2.571,298.05552884126365,98.31053266307148,3.127132703235219,VISION,0.0,450.0,0,140.0,309.17,140.83,45.85,94.15,20.0,0.0
1779273767.9332323,309.17,94.15,2.571,298.05552884126365,98.31053266307148,3.127132703235219,VISION,0.0,450.0,0,140.0,309.17,140.83,45.85,94.15,20.0,0.0
1779273767.9834101,294.5092800437689,98.36181481887618,3.2143497766486937,294.5092800437689,98.36181481887618,3.2143497766486937,ESTIMA,0.0,450.0,0,140.0,294.509,155.491,41.638,98.362,20.0,0.0
1779273768.0333917,306.23,80.58,2.909,306.23,80.58,2.909,VISION,0.0,450.0,0,140.0,306.23,143.77,59.42,80.58,20.0,0.0
1779273768.0832179,306.23,80.58,2.909,304.2955953122727,81.03822143537816,2.9673758021562575,VISION,0.0,450.0,0,140.0,306.23,143.77,59.42,80.58,20.0,0.0
1779273768.1332383,306.23,80.58,2.909,304.2955953122727,81.03822143537816,2.9673758021562575,VISION,0.0,450.0,0,140.0,306.23,143.77,59.42,80.58,20.0,0.0
1779273768.1832356,306.23,80.58,2.909,301.7262147932682,81.49043522785125,2.9984643828031667,VISION,0.0,450.0,0,140.0,306.23,143.77,59.42,80.58,20.0,0.0
1779273768.2332125,306.23,80.58,2.909,301.7262147932682,81.49043522785125,2.9984643828031667,VISION,0.0,450.0,0,140.0,306.23,143.77,59.42,80.58,20.0,0.0
1779273768.2832112,306.23,80.58,2.909,298.8824397735432,81.90026218938216,3.0879940986053422,VISION,0.0,450.0,0,140.0,306.23,143.77,59.42,80.58,20.0,0.0
1779273768.3332117,306.23,80.58,2.909,298.8824397735432,81.90026218938216,3.0879940986053422,VISION,0.0,450.0,0,140.0,306.23,143.77,59.42,80.58,20.0,0.0
1779273768.383213,306.23,80.58,2.909,295.84251284943656,82.06335408676988,3.181002012527919,VISION,0.0,450.0,0,140.0,306.23,143.77,59.42,80.58,20.0,0.0
1779273768.4332447,306.23,80.58,2.909,295.84251284943656,82.06335408676988,3.181002012527919,VISION,0.0,450.0,0,140.0,306.23,143.77,59.42,80.58,20.0,0.0
1779273768.4831867,306.23,80.58,2.909,293.87381161386486,81.98572864234401,3.287062202808307,VISION,0.0,450.0,0,140.0,306.23,143.77,59.42,80.58,20.0,0.0
1779273768.533195,306.23,80.58,2.909,293.87381161386486,81.98572864234401,3.287062202808307,VISION,0.0,450.0,0,140.0,306.23,143.77,59.42,80.58,20.0,0.0
1779273768.5834286,290.5820337347629,81.5034686253205,3.3198389544318396,290.5820337347629,81.5034686253205,3.3198389544318396,ESTIMA,0.0,450.0,0,140.0,290.582,159.418,58.497,81.503,20.0,0.0
1779273768.6333494,307.82,65.73,-3.088,307.82,65.73,-3.088,ESTIMA,0.0,450.0,0,140.0,307.82,142.18,74.27,65.73,20.0,0.0
1779273768.6832712,307.82,65.73,-3.088,307.82,65.73,-3.088,VISION,0.0,450.0,0,140.0,307.82,142.18,74.27,65.73,20.0,0.0
1779273768.73322,307.82,65.73,-3.088,304.5771396385,65.556039928328,-2.991216580870747,VISION,0.0,450.0,0,140.0,307.82,142.18,74.27,65.73,20.0,0.0
1779273768.783222,307.82,65.73,-3.088,303.1979037078686,65.34705823410003,-2.863737231943472,VISION,0.0,450.0,0,140.0,307.82,142.18,74.27,65.73,20.0,0.0
1779273768.8331988,307.82,65.73,-3.088,303.1979037078686,65.34705823410003,-2.863737231943472,VISION,0.0,450.0,0,140.0,307.82,142.18,74.27,65.73,20.0,0.0
1779273768.883172,307.82,65.73,-3.088,300.54053787983304,64.58908756131915,-2.767883832395811,VISION,0.0,450.0,0,140.0,307.82,142.18,74.27,65.73,20.0,0.0
1779273768.9332135,307.82,65.73,-3.088,300.54053787983304,64.58908756131915,-2.767883832395811,VISION,0.0,450.0,0,140.0,307.82,142.18,74.27,65.73,20.0,0.0
1779273768.9832706,307.82,65.73,-3.088,300.54053787983304,64.58908756131915,-2.767883832395811,VISION,0.0,450.0,0,140.0,307.82,142.18,74.27,65.73,20.0,0.0
1779273769.033218,307.82,65.73,-3.088,297.8420224124544,63.53090224055999,-2.5028297960670254,VISION,0.0,450.0,0,140.0,307.82,142.18,74.27,65.73,20.0,0.0
1779273769.0831919,307.82,65.73,-3.088,296.79172310675926,62.75092619316824,-2.427419683258368,VISION,0.0,450.0,0,140.0,307.82,142.18,74.27,65.73,20.0,0.0
1779273769.1331947,307.82,65.73,-3.088,296.79172310675926,62.75092619316824,-2.427419683258368,VISION,0.0,450.0,0,140.0,307.82,142.18,74.27,65.73,20.0,0.0
1779273769.1835515,296.79172310675926,62.75092619316824,-2.427419683258368,314.53,51.48,-2.723,ESTIMA,0.0,450.0,0,140.0,296.792,153.208,77.249,62.751,20.0,0.0
1779273769.2333307,314.53,51.48,-2.723,314.53,51.48,-2.723,VISION,0.0,450.0,0,140.0,314.53,135.47,88.52,51.48,20.0,0.0
1779273769.2831774,314.53,51.48,-2.723,314.53,51.48,-2.723,VISION,0.0,450.0,0,140.0,314.53,135.47,88.52,51.48,20.0,0.0
1779273769.3331802,314.53,51.48,-2.723,311.67056490930366,50.20787851530531,-2.538153457144876,VISION,0.0,450.0,0,140.0,314.53,135.47,88.52,51.48,20.0,0.0
1779273769.3832684,314.53,51.48,-2.723,311.67056490930366,50.20787851530531,-2.538153457144876,VISION,0.0,450.0,0,140.0,314.53,135.47,88.52,51.48,20.0,0.0
1779273769.4331799,314.53,51.48,-2.723,310.41838858675675,49.344881568159494,-2.397320764741803,VISION,0.0,450.0,0,140.0,314.53,135.47,88.52,51.48,20.0,0.0
1779273769.4831922,314.53,51.48,-2.723,310.41838858675675,49.344881568159494,-2.397320764741803,VISION,0.0,450.0,0,140.0,314.53,135.47,88.52,51.48,20.0,0.0
1779273769.5332024,314.53,51.48,-2.723,308.4669396110354,47.54768730073705,-2.2366495223552327,VISION,0.0,450.0,0,140.0,314.53,135.47,88.52,51.48,20.0,0.0
1779273769.583248,314.53,51.48,-2.723,308.4669396110354,47.54768730073705,-2.2366495223552327,VISION,0.0,450.0,0,140.0,314.53,135.47,88.52,51.48,20.0,0.0
1779273769.6332035,314.53,51.48,-2.723,307.2361011695826,45.98079140503732,-2.119210220154265,VISION,0.0,450.0,0,140.0,314.53,135.47,88.52,51.48,20.0,0.0
1779273769.6832643,314.53,51.48,-2.723,307.2361011695826,45.98079140503732,-2.119210220154265,VISION,0.0,450.0,0,140.0,314.53,135.47,88.52,51.48,20.0,0.0
1779273769.7333214,314.53,51.48,-2.723,305.91533555848696,43.81888022429766,-1.9719699720349377,VISION,0.0,450.0,0,140.0,314.53,135.47,88.52,51.48,20.0,0.0
1779273769.7834706,326.44,37.85,-2.365,326.44,37.85,-2.365,VISION,0.0,450.0,0,140.0,326.44,123.56,102.15,37.85,20.0,0.0
1779273769.8332403,326.44,37.85,-2.365,324.264983182462,35.71295407462409,-2.259626287544923,VISION,0.0,450.0,0,140.0,326.44,123.56,102.15,37.85,20.0,0.0
1779273769.8831863,326.44,37.85,-2.365,324.264983182462,35.71295407462409,-2.259626287544923,VISION,0.0,450.0,0,140.0,326.44,123.56,102.15,37.85,20.0,0.0
1779273769.9333332,326.44,37.85,-2.365,322.4852292637559,33.55140841156416,-2.161222301417795,VISION,0.0,450.0,0,140.0,326.44,123.56,102.15,37.85,20.0,0.0
1779273769.983276,326.44,37.85,-2.365,322.4852292637559,33.55140841156416,-2.161222301417795,VISION,0.0,450.0,0,140.0,326.44,123.56,102.15,37.85,20.0,0.0
1779273770.033226,326.44,37.85,-2.365,321.0047242683634,31.342269100662747,-2.0650517426418444,VISION,0.0,450.0,0,140.0,326.44,123.56,102.15,37.85,20.0,0.0
1779273770.0832443,326.44,37.85,-2.365,321.0047242683634,31.342269100662747,-2.0650517426418444,VISION,0.0,450.0,0,140.0,326.44,123.56,102.15,37.85,20.0,0.0
1779273770.1332386,326.44,37.85,-2.365,319.5929213128724,28.722320731132953,-1.959064931251305,VISION,0.0,450.0,0,140.0,326.44,123.56,102.15,37.85,20.0,0.0
1779273770.183222,326.44,37.85,-2.365,319.5929213128724,28.722320731132953,-1.959064931251305,VISION,0.0,450.0,0,140.0,326.44,123.56,102.15,37.85,20.0,0.0
1779273770.2332199,326.44,37.85,-2.365,318.80700113651403,26.800907763413296,-1.7701627218993152,VISION,0.0,450.0,0,140.0,326.44,123.56,102.15,37.85,20.0,0.0
1779273770.2832394,326.44,37.85,-2.365,318.80700113651403,26.800907763413296,-1.7701627218993152,VISION,0.0,450.0,0,140.0,326.44,123.56,102.15,37.85,20.0,0.0
1779273770.3334084,318.80700113651403,26.800907763413296,-1.7701627218993152,318.20859428948995,23.83923774731728,-1.6689300346241178,ESTIMA,0.0,450.0,0,140.0,318.807,131.193,113.199,26.801,20.0,0.0
1779273770.3832567,341.24,24.89,-2.207,341.24,24.89,-2.207,VISION,0.0,450.0,0,140.0,341.24,108.76,115.11,24.89,20.0,0.0
1779273770.433234,341.24,24.89,-2.207,341.24,24.89,-2.207,VISION,0.0,450.0,0,140.0,341.24,108.76,115.11,24.89,20.0,0.0
1779273770.4833443,341.24,24.89,-2.207,339.36216150559574,22.347775628190846,-2.0206608123712377,VISION,0.0,450.0,0,140.0,341.24,108.76,115.11,24.89,20.0,0.0
1779273770.533216,341.24,24.89,-2.207,339.36216150559574,22.347775628190846,-2.0206608123712377,VISION,0.0,450.0,0,140.0,341.24,108.76,115.11,24.89,20.0,0.0
1779273770.583201,341.24,24.89,-2.207,338.3284679551728,20.20712670558785,-1.9817291750137256,VISION,0.0,450.0,0,140.0,341.24,108.76,115.11,24.89,20.0,0.0
1779273770.6332204,341.24,24.89,-2.207,338.3284679551728,20.20712670558785,-1.9817291750137256,VISION,0.0,450.0,0,140.0,341.24,108.76,115.11,24.89,20.0,0.0
1779273770.6832325,341.24,24.89,-2.207,337.43420707045107,18.154849193885028,-1.7734252949928928,VISION,0.0,450.0,0,140.0,341.24,108.76,115.11,24.89,20.0,0.0
1779273770.7332556,341.24,24.89,-2.207,337.43420707045107,18.154849193885028,-1.7734252949928928,VISION,0.0,450.0,0,140.0,341.24,108.76,115.11,24.89,20.0,0.0
1779273770.78321,341.24,24.89,-2.207,336.9351629260841,15.72580176347435,-1.6128906782078223,VISION,0.0,450.0,0,140.0,341.24,108.76,115.11,24.89,20.0,0.0
1779273770.8332002,341.24,24.89,-2.207,336.9351629260841,15.72580176347435,-1.6128906782078223,VISION,0.0,450.0,0,140.0,341.24,108.76,115.11,24.89,20.0,0.0
1779273770.8831832,336.83031540555834,13.236498993664732,-1.4788436688938051,336.83031540555834,13.236498993664732,-1.4788436688938051,ESTIMA,0.0,450.0,0,140.0,336.83,113.17,126.764,13.236,20.0,0.0
1779273770.9335012,357.79,13.85,-2.034,357.79,13.85,-2.034,VISION,0.0,450.0,0,140.0,357.79,92.21,126.15,13.85,20.0,0.0
1779273770.983273,357.79,13.85,-2.034,357.79,13.85,-2.034,VISION,0.0,450.0,0,140.0,357.79,92.21,126.15,13.85,20.0,0.0
1779273771.033248,357.79,13.85,-2.034,356.3741052698825,11.015064914879048,-1.7352561692456998,VISION,0.0,450.0,0,140.0,357.79,92.21,126.15,13.85,20.0,0.0
1779273771.0832436,357.79,13.85,-2.034,356.09251045312396,9.318289250412056,-1.6695860532586755,VISION,0.0,450.0,0,140.0,357.79,92.21,126.15,13.85,20.0,0.0
1779273771.133229,357.79,13.85,-2.034,356.09251045312396,9.318289250412056,-1.6695860532586755,VISION,0.0,450.0,0,140.0,357.79,92.21,126.15,13.85,20.0,0.0
1779273771.1831903,357.79,13.85,-2.034,356.09251045312396,9.318289250412056,-1.6695860532586755,VISION,0.0,450.0,0,140.0,357.79,92.21,126.15,13.85,20.0,0.0
1779273771.2332237,357.79,13.85,-2.034,355.6718623912815,5.074135935630827,-1.5836660782693806,VISION,0.0,450.0,0,140.0,357.79,92.21,126.15,13.85,20.0,0.0
1779273771.2832253,357.79,13.85,-2.034,355.6440544881549,2.91353727249856,-1.5393410004709522,VISION,0.0,450.0,0,140.0,357.79,92.21,126.15,13.85,20.0,0.0
1779273771.3331978,357.79,13.85,-2.034,355.6440544881549,2.91353727249856,-1.5393410004709522,VISION,0.0,450.0,0,140.0,357.79,92.21,126.15,13.85,20.0,0.0
1779273771.3832254,357.79,13.85,-2.034,355.7177237043479,0.572282986911913,-1.3903101053117057,VISION,0.0,450.0,0,140.0,357.79,92.21,126.15,13.85,20.0,0.0
1779273771.4332042,357.79,13.85,-2.034,355.7177237043479,0.572282986911913,-1.3903101053117057,VISION,0.0,450.0,0,140.0,357.79,92.21,126.15,13.85,20.0,0.0
1779273771.483463,355.7177237043479,0.572282986911913,-1.3903101053117057,356.3042709248337,-2.6421694074234514,-1.2704954764745222,ESTIMA,0.0,450.0,0,140.0,355.718,94.282,139.428,0.572,20.0,0.0
1779273771.533469,375.48,2.72,-2.014,375.48,2.72,-2.014,VISION,0.0,450.0,0,140.0,375.48,74.52,137.28,2.72,20.0,0.0
1779273771.5832715,375.48,2.72,-2.014,375.48,2.72,-2.014,VISION,0.0,450.0,0,140.0,375.48,74.52,137.28,2.72,20.0,0.0
1779273771.6332347,375.48,2.72,-2.014,374.06909297200895,-0.25220670790491573,-1.8888637484947999,VISION,0.0,450.0,0,140.0,375.48,74.52,137.28,2.72,20.0,0.0
1779273771.6832242,375.48,2.72,-2.014,374.06909297200895,-0.25220670790491573,-1.8888637484947999,VISION,0.0,450.0,0,140.0,375.48,74.52,137.28,2.72,20.0,0.0
1779273771.7332835,375.48,2.72,-2.014,373.10268601777597,-3.187419472722442,-1.7662198114217107,VISION,0.0,450.0,0,140.0,375.48,74.52,137.28,2.72,20.0,0.0
1779273771.7833385,375.48,2.72,-2.014,373.10268601777597,-3.187419472722442,-1.7662198114217107,VISION,0.0,450.0,0,140.0,375.48,74.52,137.28,2.72,20.0,0.0
1779273771.8331854,375.48,2.72,-2.014,372.73531257324896,-5.043310996541445,-1.6455024981571298,VISION,0.0,450.0,0,140.0,375.48,74.52,137.28,2.72,20.0,0.0
1779273771.883372,375.48,2.72,-2.014,372.53809604050406,-7.678294201998843,-1.56133975635766,VISION,0.0,450.0,0,140.0,375.48,74.52,137.28,2.72,20.0,0.0
1779273771.93318,375.48,2.72,-2.014,372.53809604050406,-7.678294201998843,-1.56133975635766,VISION,0.0,450.0,0,140.0,375.48,74.52,137.28,2.72,20.0,0.0
1779273771.9833817,375.48,2.72,-2.014,372.5600717081395,-10.002076666976711,-1.5211404355037184,VISION,0.0,450.0,0,140.0,375.48,74.52,137.28,2.72,20.0,0.0
1779273772.0332084,375.48,2.72,-2.014,372.5600717081395,-10.002076666976711,-1.5211404355037184,VISION,0.0,450.0,0,140.0,375.48,74.52,137.28,2.72,20.0,0.0
1779273772.0832548,372.5600717081395,-10.002076666976711,-1.5211404355037184,372.5600717081395,-10.002076666976711,-1.5211404355037184,ESTIMA,0.0,450.0,0,140.0,372.56,77.44,150.002,-10.002,20.0,0.0
1779273772.133295,372.68330040211305,-12.481689702730206,-1.5099108688546874,372.68330040211305,-12.481689702730206,-1.5099108688546874,ESTIMA,0.0,450.0,0,140.0,372.683,77.317,152.482,-12.482,20.0,0.0
1779273772.1831973,372.68330040211305,-12.481689702730206,-1.5099108688546874,372.68330040211305,-12.481689702730206,-1.5099108688546874,ESTIMA,0.0,450.0,0,140.0,372.683,77.317,152.482,-12.482,20.0,0.0
1779273772.2331915,372.68330040211305,-12.481689702730206,-1.5099108688546874,372.68330040211305,-12.481689702730206,-1.5099108688546874,ESTIMA,0.0,450.0,0,140.0,372.683,77.317,152.482,-12.482,20.0,0.0
1779273772.2832274,372.8293382093091,-14.877291404174773,-1.5928624115357595,372.8293382093091,-14.877291404174773,-1.5928624115357595,ESTIMA,0.0,450.0,0,140.0,372.829,77.171,154.877,-14.877,20.0,0.0
1779273772.333233,372.8293382093091,-14.877291404174773,-1.5928624115357595,372.8293382093091,-14.877291404174773,-1.5928624115357595,ESTIMA,0.0,450.0,0,140.0,372.829,77.171,154.877,-14.877,20.0,0.0
1779273772.3832312,372.8008624535218,-16.16755808454349,-1.671422402251926,372.8008624535218,-16.16755808454349,-1.671422402251926,ESTIMA,0.0,450.0,0,140.0,372.801,77.199,156.168,-16.168,20.0,0.0
1779273772.4332302,372.7404189144285,-16.766204029909467,-1.6948921382912032,372.7404189144285,-16.766204029909467,-1.6948921382912032,ESTIMA,0.0,450.0,0,140.0,372.74,77.26,156.766,-16.766,20.0,0.0
1779273772.4832616,372.7404189144285,-16.766204029909467,-1.6948921382912032,372.7404189144285,-16.766204029909467,-1.6948921382912032,ESTIMA,0.0,450.0,0,140.0,372.74,77.26,156.766,-16.766,20.0,0.0
1779273772.533222,372.57208212929993,-18.115740156162346,-1.7928057610824455,372.57208212929993,-18.115740156162346,-1.7928057610824455,ESTIMA,0.0,450.0,0,140.0,372.572,77.428,158.116,-18.116,20.0,0.0
1779273772.5832946,372.57208212929993,-18.115740156162346,-1.7928057610824455,372.57208212929993,-18.115740156162346,-1.7928057610824455,ESTIMA,0.0,450.0,0,140.0,372.572,77.428,158.116,-18.116,20.0,0.0
1779273772.6332006,372.33463495342335,-19.167646728572166,-1.846130341702376,372.33463495342335,-19.167646728572166,-1.846130341702376,ESTIMA,0.0,450.0,0,140.0,372.335,77.665,159.168,-19.168,20.0,0.0
1779273772.683414,372.33463495342335,-19.167646728572166,-1.846130341702376,400.65,-8.44,-1.58,ESTIMA,0.0,450.0,0,140.0,372.335,77.665,159.168,-19.168,20.0,0.0
1779273772.7333715,400.65,-8.44,-1.58,400.65,-8.44,-1.58,VISION,0.0,450.0,0,140.0,400.65,49.35,148.44,-8.44,0.0,0.0
1779273772.7832391,400.65,-8.44,-1.58,400.6358959733851,-9.972391259327715,-1.6834204227609035,VISION,0.0,450.0,0,140.0,400.65,49.35,148.44,-8.44,0.0,0.0
1779273772.8332777,400.65,-8.44,-1.58,400.5848496265699,-10.423718628628933,-1.7211053360546216,VISION,0.0,450.0,0,140.0,400.65,49.35,148.44,-8.44,0.0,0.0
1779273772.883252,400.65,-8.44,-1.58,400.5848496265699,-10.423718628628933,-1.7211053360546216,VISION,0.0,450.0,0,140.0,400.65,49.35,148.44,-8.44,0.0,0.0
1779273772.9332497,400.65,-8.44,-1.58,400.5848496265699,-10.423718628628933,-1.7211053360546216,VISION,0.0,450.0,0,140.0,400.65,49.35,148.44,-8.44,0.0,0.0
1779273772.9833016,400.65,-8.44,-1.58,400.5848496265699,-10.423718628628933,-1.7211053360546216,VISION,0.0,450.0,0,140.0,400.65,49.35,148.44,-8.44,0.0,0.0
1779273773.0332162,400.65,-8.44,-1.58,399.5341040351359,-17.361563258692932,-1.3955602725467648,VISION,0.0,450.0,0,140.0,400.65,49.35,148.44,-8.44,0.0,0.0
1779273773.0832505,400.65,-8.44,-1.58,400.0755093810271,-20.419451108938897,-1.1106775495505643,VISION,0.0,450.0,0,140.0,400.65,49.35,148.44,-8.44,0.0,0.0
1779273773.1332083,400.65,-8.44,-1.58,400.0764872069491,-20.421424136402123,-1.110981279228999,VISION,0.0,450.0,0,140.0,400.65,49.35,148.44,-8.44,0.0,0.0
1779273773.1832566,400.65,-8.44,-1.58,400.0764872069491,-20.421424136402123,-1.110981279228999,VISION,0.0,450.0,0,140.0,400.65,49.35,148.44,-8.44,0.0,0.0
1779273773.23325,400.65,-8.44,-1.58,400.0764872069491,-20.421424136402127,-1.1109812792289986,VISION,0.0,450.0,0,140.0,400.65,49.35,148.44,-8.44,0.0,0.0
1779273773.2835946,402.07,-9.73,-1.358,402.07,-9.73,-1.358,VISION,0.0,450.0,0,140.0,402.07,47.93,149.73,-9.73,-20.0,0.0
1779273773.3332908,402.07,-9.73,-1.358,402.07,-9.73,-1.358,VISION,0.0,450.0,0,140.0,402.07,47.93,149.73,-9.73,-20.0,0.0
1779273773.383204,402.07,-9.73,-1.358,402.07,-9.73000000000001,-1.3579999999999994,VISION,0.0,450.0,0,140.0,402.07,47.93,149.73,-9.73,-20.0,0.0
1779273773.4332137,402.07,-9.73,-1.358,402.50266793963925,-11.732466000108452,-1.26521188825684,VISION,0.0,450.0,0,140.0,402.07,47.93,149.73,-9.73,-20.0,0.0
1779273773.483209,402.07,-9.73,-1.358,402.50266793963925,-11.732466000108452,-1.26521188825684,VISION,0.0,450.0,0,140.0,402.07,47.93,149.73,-9.73,-20.0,0.0
1779273773.5332468,402.07,-9.73,-1.358,403.89117371494564,-16.133913558049706,-0.9241029601032132,VISION,0.0,450.0,0,140.0,402.07,47.93,149.73,-9.73,-20.0,0.0
1779273773.5832455,402.07,-9.73,-1.358,403.89117371494564,-16.133913558049706,-0.9241029601032132,VISION,0.0,450.0,0,140.0,402.07,47.93,149.73,-9.73,-20.0,0.0
1779273773.633269,402.07,-9.73,-1.358,406.34730689677065,-19.387070561414163,-0.5511499791431544,VISION,0.0,450.0,0,140.0,402.07,47.93,149.73,-9.73,-20.0,0.0
1779273773.6832483,402.07,-9.73,-1.358,406.34730689677065,-19.387070561414163,-0.5511499791431544,VISION,0.0,450.0,0,140.0,402.07,47.93,149.73,-9.73,-20.0,0.0
1779273773.733262,402.07,-9.73,-1.358,406.34730689677065,-19.387070561414163,-0.5511499791431544,VISION,0.0,450.0,0,140.0,402.07,47.93,149.73,-9.73,-20.0,0.0
1779273773.7832434,402.07,-9.73,-1.358,411.08306804204926,-22.298088875677003,-0.04201043242074487,VISION,0.0,450.0,0,140.0,402.07,47.93,149.73,-9.73,-20.0,0.0
1779273773.8334932,411.08306804204926,-22.298088875677003,-0.04201043242074487,413.6865826190536,-22.407528038646877,0.19606676874698775,ESTIMA,0.0,450.0,0,140.0,411.083,38.917,162.298,-22.298,-20.0,0.0
1779273773.8833585,403.07,-9.7,-1.33,403.07,-9.7,-1.33,VISION,0.0,450.0,0,140.0,403.07,46.93,149.7,-9.7,-20.0,0.0
1779273773.9333618,403.07,-9.7,-1.33,403.94847386280503,-13.277417751700057,-0.9152151754082346,VISION,0.0,450.0,0,140.0,403.07,46.93,149.7,-9.7,-20.0,0.0
1779273773.983252,403.07,-9.7,-1.33,403.94847386280503,-13.277417751700057,-0.9152151754082346,VISION,0.0,450.0,0,140.0,403.07,46.93,149.7,-9.7,-20.0,0.0
1779273774.033248,403.07,-9.7,-1.33,406.75411890642295,-16.925620399925624,-0.6454613291069442,VISION,0.0,450.0,0,140.0,403.07,46.93,149.7,-9.7,-20.0,0.0
1779273774.0832438,403.07,-9.7,-1.33,406.75411890642295,-16.925620399925624,-0.6454613291069442,VISION,0.0,450.0,0,140.0,403.07,46.93,149.7,-9.7,-20.0,0.0
1779273774.1332192,403.07,-9.7,-1.33,406.75411890642295,-16.925620399925624,-0.6454613291069442,VISION,0.0,450.0,0,140.0,403.07,46.93,149.7,-9.7,-20.0,0.0
1779273774.1832597,403.07,-9.7,-1.33,410.84991464708713,-20.01003047599158,-0.2670537651180842,VISION,0.0,450.0,0,140.0,403.07,46.93,149.7,-9.7,-20.0,0.0
1779273774.233238,403.07,-9.7,-1.33,410.84991464708713,-20.01003047599158,-0.2670537651180842,VISION,0.0,450.0,0,140.0,403.07,46.93,149.7,-9.7,-20.0,0.0
1779273774.2832456,403.07,-9.7,-1.33,414.85361433235096,-21.105397904556316,0.03933328830295635,VISION,0.0,450.0,0,140.0,403.07,46.93,149.7,-9.7,-20.0,0.0
1779273774.3332443,403.07,-9.7,-1.33,414.85361433235096,-21.105397904556316,0.03933328830295635,VISION,0.0,450.0,0,140.0,403.07,46.93,149.7,-9.7,-20.0,0.0
1779273774.3832421,403.07,-9.7,-1.33,419.1365440100161,-20.936849266839328,0.43254027627508856,VISION,0.0,450.0,0,140.0,403.07,46.93,149.7,-9.7,-20.0,0.0
1779273774.4333334,419.1365440100161,-20.936849266839328,0.43254027627508856,419.1365440100161,-20.936849266839328,0.43254027627508856,ESTIMA,0.0,450.0,0,140.0,419.137,30.863,160.937,-20.937,-20.0,0.0
1779273774.483265,400.38,-10.04,-1.31,400.38,-10.04,-1.31,VISION,0.0,450.0,0,140.0,400.38,49.62,150.04,-10.04,-20.0,0.0
1779273774.5333352,400.38,-10.04,-1.31,400.38,-10.04,-1.31,VISION,0.0,450.0,0,140.0,400.38,49.62,150.04,-10.04,-20.0,0.0
1779273774.5832794,400.38,-10.04,-1.31,401.0838983571888,-12.677564143392477,-1.185634487550122,VISION,0.0,450.0,0,140.0,400.38,49.62,150.04,-10.04,-20.0,0.0
1779273774.6332073,400.38,-10.04,-1.31,401.0838983571888,-12.677564143392477,-1.185634487550122,VISION,0.0,450.0,0,140.0,400.38,49.62,150.04,-10.04,-20.0,0.0
1779273774.683202,400.38,-10.04,-1.31,402.7011635654447,-16.66676868062281,-0.7916431429004975,VISION,0.0,450.0,0,140.0,400.38,49.62,150.04,-10.04,-20.0,0.0
1779273774.7332313,400.38,-10.04,-1.31,402.7011635654447,-16.66676868062281,-0.7916431429004975,VISION,0.0,450.0,0,140.0,400.38,49.62,150.04,-10.04,-20.0,0.0
1779273774.7832463,400.38,-10.04,-1.31,405.621724389679,-19.624036903976336,-0.41087027575050156,VISION,0.0,450.0,0,140.0,400.38,49.62,150.04,-10.04,-20.0,0.0
1779273774.833322,400.38,-10.04,-1.31,405.621724389679,-19.624036903976336,-0.41087027575050156,VISION,0.0,450.0,0,140.0,400.38,49.62,150.04,-10.04,0.0,0.0
1779273774.8832045,400.38,-10.04,-1.31,409.270206514717,-21.213557505990376,-0.1174904912169541,VISION,0.0,450.0,0,140.0,400.38,49.62,150.04,-10.04,0.0,0.0
1779273774.9331963,400.38,-10.04,-1.31,409.270206514717,-21.213557505990376,-0.1174904912169541,VISION,0.0,450.0,0,140.0,400.38,49.62,150.04,-10.04,0.0,0.0
1779273774.9833043,400.38,-10.04,-1.31,409.270206514717,-21.213557505990376,-0.1174904912169541,VISION,0.0,450.0,0,140.0,400.38,49.62,150.04,-10.04,0.0,0.0
1779273775.0338397,414.4015328898669,-21.819229030179358,0.2025561325387602,392.46,-10.09,-0.702,ESTIMA,0.0,450.0,0,140.0,414.402,35.598,161.819,-21.819,0.0,0.0
1779273775.0832694,392.46,-10.09,-0.702,392.46,-10.09,-0.702,VISION,0.0,450.0,0,140.0,392.46,57.54,150.09,-10.09,0.0,0.0
1779273775.1333075,392.46,-10.09,-0.702,392.9717789023438,-10.522818098261949,-0.794449725496851,VISION,0.0,450.0,0,140.0,392.46,57.54,150.09,-10.09,0.0,0.0
1779273775.1832154,392.46,-10.09,-0.702,392.9717789023438,-10.522818098261949,-0.794449725496851,VISION,0.0,450.0,0,140.0,392.46,57.54,150.09,-10.09,0.0,0.0
1779273775.2332654,392.46,-10.09,-0.702,393.458632196787,-11.018565708722246,-0.8902886533499406,VISION,0.0,450.0,0,140.0,392.46,57.54,150.09,-10.09,0.0,0.0
1779273775.2832608,392.46,-10.09,-0.702,393.458632196787,-11.01856570872225,-0.8902886533499403,VISION,0.0,450.0,0,140.0,392.46,57.54,150.09,-10.09,0.0,0.0
1779273775.333209,392.46,-10.09,-0.702,393.458632196787,-11.01856570872225,-0.8902886533499403,VISION,0.0,450.0,0,140.0,392.46,57.54,150.09,-10.09,0.0,0.0
1779273775.4833517,392.46,-10.09,-0.702,393.458632196787,-11.01856570872226,-0.8902886533499395,VISION,0.0,450.0,0,140.0,392.46,57.54,150.09,-10.09,20.0,0.0
1779273775.5332458,392.46,-10.09,-0.702,393.458632196787,-11.01856570872226,-0.8902886533499395,VISION,0.0,450.0,0,140.0,392.46,57.54,150.09,-10.09,20.0,0.0
1779273775.5845296,393.458632196787,-11.01856570872226,-0.8902886533499395,393.458632196787,-11.01856570872226,-0.8902886533499395,ESTIMA,0.0,450.0,0,140.0,393.459,56.541,151.019,-11.019,20.0,0.0
1779273775.633679,387.9,-14.76,0.022,387.9,-14.76,0.022,VISION,0.0,450.0,0,140.0,387.9,62.1,154.76,-14.76,20.0,0.0
1779273775.683228,387.9,-14.76,0.022,387.9,-14.76,0.022,VISION,0.0,450.0,0,140.0,387.9,62.1,154.76,-14.76,20.0,0.0
1779273775.7332766,387.9,-14.76,0.022,389.7043978862088,-14.720296840853704,-0.08881948441881418,VISION,0.0,450.0,0,140.0,387.9,62.1,154.76,-14.76,20.0,0.0
1779273775.7832806,387.9,-14.76,0.022,389.7043978862088,-14.720296840853704,-0.08881948441881418,VISION,0.0,450.0,0,140.0,387.9,62.1,154.76,-14.76,20.0,0.0
1779273775.8332233,387.9,-14.76,0.022,391.2350859243655,-14.8566104066047,-0.08588715298608564,VISION,0.0,450.0,0,140.0,387.9,62.1,154.76,-14.76,20.0,0.0
1779273775.8831995,387.9,-14.76,0.022,391.2350859243655,-14.8566104066047,-0.08588715298608564,VISION,0.0,450.0,0,140.0,387.9,62.1,154.76,-14.76,20.0,0.0
1779273775.933204,387.9,-14.76,0.022,391.2350859243655,-14.8566104066047,-0.08588715298608564,VISION,0.0,450.0,0,140.0,387.9,62.1,154.76,-14.76,20.0,0.0
1779273775.983276,387.9,-14.76,0.022,394.5603429357645,-15.142911587422326,-0.0332864781510028,VISION,0.0,450.0,0,140.0,387.9,62.1,154.76,-14.76,20.0,0.0
1779273776.0332048,387.9,-14.76,0.022,396.21578992713114,-15.198035948107886,0.04115814526175507,VISION,0.0,450.0,0,140.0,387.9,62.1,154.76,-14.76,20.0,0.0
1779273776.0832453,387.9,-14.76,0.022,396.21578992713114,-15.198035948107886,0.04115814526175507,VISION,0.0,450.0,0,140.0,387.9,62.1,154.76,-14.76,20.0,0.0
1779273776.1332445,387.9,-14.76,0.022,397.6802895907522,-15.137725799381888,0.06915664672483246,VISION,0.0,450.0,0,140.0,387.9,62.1,154.76,-14.76,20.0,0.0
1779273776.1833823,397.6802895907522,-15.137725799381888,0.06915664672483246,397.6802895907522,-15.137725799381888,0.06915664672483246,ESTIMA,0.0,450.0,0,140.0,397.68,52.32,155.138,-15.138,20.0,0.0
1779273776.2333095,397.6802895907522,-15.137725799381888,0.06915664672483246,397.6802895907522,-15.137725799381888,0.06915664672483246,ESTIMA,0.0,450.0,0,140.0,397.68,52.32,155.138,-15.138,20.0,0.0
1779273776.2833803,402.01107565549245,-14.83774477097705,0.1623557356370241,402.01107565549245,-14.83774477097705,0.1623557356370241,ESTIMA,0.0,450.0,0,140.0,402.011,47.989,154.838,-14.838,20.0,0.0
1779273776.3332582,402.914308789589,-14.689797467621988,0.1835132392370882,402.914308789589,-14.689797467621988,0.1835132392370882,ESTIMA,0.0,450.0,0,140.0,402.914,47.086,154.69,-14.69,20.0,0.0
1779273776.3832228,402.914308789589,-14.689797467621988,0.1835132392370882,402.914308789589,-14.689797467621988,0.1835132392370882,ESTIMA,0.0,450.0,0,140.0,402.914,47.086,154.69,-14.69,20.0,0.0
1779273776.4332838,405.10424149992537,-14.283342805967246,0.29663822529380013,405.10424149992537,-14.283342805967246,0.29663822529380013,ESTIMA,0.0,450.0,0,140.0,405.104,44.896,154.283,-14.283,20.0,0.0
1779273776.483215,405.10424149992537,-14.283342805967246,0.29663822529380013,405.10424149992537,-14.283342805967246,0.29663822529380013,ESTIMA,0.0,450.0,0,140.0,405.104,44.896,154.283,-14.283,20.0,0.0
1779273776.533219,405.10424149992537,-14.283342805967246,0.29663822529380013,405.10424149992537,-14.283342805967246,0.29663822529380013,ESTIMA,0.0,450.0,0,140.0,405.104,44.896,154.283,-14.283,20.0,0.0
1779273776.5833006,408.343169011037,-13.293343225557777,0.38950170595065975,408.343169011037,-13.293343225557777,0.38950170595065975,ESTIMA,0.0,450.0,0,140.0,408.343,41.657,153.293,-13.293,20.0,0.0
1779273776.6332498,409.78129257368647,-12.703032986031207,0.46593384613823535,409.78129257368647,-12.703032986031207,0.46593384613823535,ESTIMA,0.0,450.0,0,140.0,409.781,40.219,152.703,-12.703,20.0,0.0
1779273776.68321,409.78129257368647,-12.703032986031207,0.46593384613823535,409.78129257368647,-12.703032986031207,0.46593384613823535,ESTIMA,0.0,450.0,0,140.0,409.781,40.219,152.703,-12.703,20.0,0.0
1779273776.733245,410.963183866832,-12.108705863430378,0.5590760866327222,410.963183866832,-12.108705863430378,0.5590760866327222,ESTIMA,0.0,450.0,0,140.0,410.963,39.037,152.109,-12.109,20.0,0.0
1779273776.7836258,410.963183866832,-12.108705863430378,0.5590760866327222,382.14,-1.8,0.249,ESTIMA,0.0,450.0,0,140.0,410.963,39.037,152.109,-12.109,20.0,0.0
1779273776.8333092,382.14,-1.8,0.249,384.91650676721,-1.0939982073842949,0.2095296153529285,VISION,0.0,450.0,0,140.0,382.14,67.86,141.8,-1.8,20.0,0.0
1779273776.8832304,382.14,-1.8,0.249,384.91650676721,-1.0939982073842949,0.2095296153529285,VISION,0.0,450.0,0,140.0,382.14,67.86,141.8,-1.8,20.0,0.0
1779273776.9332073,382.14,-1.8,0.249,384.91650676721,-1.0939982073842949,0.2095296153529285,VISION,0.0,450.0,0,140.0,382.14,67.86,141.8,-1.8,20.0,0.0
1779273776.9832904,382.14,-1.8,0.249,386.78730818531494,-0.6961709022488505,0.3500785231866177,VISION,0.0,450.0,0,140.0,382.14,67.86,141.8,-1.8,20.0,0.0
1779273777.0333023,382.14,-1.8,0.249,386.78730818531494,-0.6961709022488505,0.3500785231866177,VISION,0.0,450.0,0,140.0,382.14,67.86,141.8,-1.8,20.0,0.0
1779273777.083279,382.14,-1.8,0.249,388.85868267145275,0.06012413741834244,0.42576783800646917,VISION,0.0,450.0,0,140.0,382.14,67.86,141.8,-1.8,20.0,0.0
1779273777.1333458,382.14,-1.8,0.249,388.85868267145275,0.06012413741834244,0.42576783800646917,VISION,0.0,450.0,0,140.0,382.14,67.86,141.8,-1.8,20.0,0.0
1779273777.1832602,382.14,-1.8,0.249,390.2695743164552,0.6999756174679814,0.44137819454979604,VISION,0.0,450.0,0,140.0,382.14,67.86,141.8,-1.8,20.0,0.0
1779273777.2332473,382.14,-1.8,0.249,390.2695743164552,0.6999756174679814,0.44137819454979604,VISION,0.0,450.0,0,140.0,382.14,67.86,141.8,-1.8,20.0,0.0
1779273777.2832582,382.14,-1.8,0.249,391.76173313560935,1.4049688386222403,0.5104196713663439,VISION,0.0,450.0,0,140.0,382.14,67.86,141.8,-1.8,20.0,0.0
1779273777.3332212,391.76173313560935,1.4049688386222403,0.5104196713663439,391.76173313560935,1.4049688386222403,0.5104196713663439,ESTIMA,0.0,450.0,0,140.0,391.762,58.238,138.595,1.405,20.0,0.0
1779273777.38368,378.6,5.08,0.271,378.6,5.08,0.271,ESTIMA,0.0,450.0,0,140.0,378.6,71.4,134.92,5.08,20.0,0.0
1779273777.4332697,378.6,5.08,0.271,378.6,5.08,0.271,VISION,0.0,450.0,0,140.0,378.6,71.4,134.92,5.08,20.0,0.0
1779273777.4832568,378.6,5.08,0.271,381.1716484300794,5.79449401702017,0.31966660771092154,VISION,0.0,450.0,0,140.0,378.6,71.4,134.92,5.08,20.0,0.0
1779273777.5332165,378.6,5.08,0.271,381.1716484300794,5.79449401702017,0.31966660771092154,VISION,0.0,450.0,0,140.0,378.6,71.4,134.92,5.08,20.0,0.0
1779273777.5833488,378.6,5.08,0.271,382.8400901354674,6.346780657693786,0.461111871818997,VISION,0.0,450.0,0,140.0,378.6,71.4,134.92,5.08,20.0,0.0
1779273777.6332226,378.6,5.08,0.271,382.8400901354674,6.346780657693786,0.461111871818997,VISION,0.0,450.0,0,140.0,378.6,71.4,134.92,5.08,20.0,0.0
1779273777.6832607,378.6,5.08,0.271,384.5732599839785,7.207878947487157,0.49219536741495457,VISION,0.0,450.0,0,140.0,378.6,71.4,134.92,5.08,20.0,0.0
1779273777.733264,378.6,5.08,0.271,384.5732599839785,7.207878947487157,0.49219536741495457,VISION,0.0,450.0,0,140.0,378.6,71.4,134.92,5.08,20.0,0.0
1779273777.7832704,378.6,5.08,0.271,386.07497136715574,8.013113730199315,0.5649489063223069,VISION,0.0,450.0,0,140.0,378.6,71.4,134.92,5.08,20.0,0.0
1779273777.833216,378.6,5.08,0.271,386.07497136715574,8.013113730199315,0.5649489063223069,VISION,0.0,450.0,0,140.0,378.6,71.4,134.92,5.08,20.0,0.0
1779273777.883273,378.6,5.08,0.271,388.4099317854596,9.493163884126638,0.5566305578491273,VISION,0.0,450.0,0,140.0,378.6,71.4,134.92,5.08,20.0,0.0
1779273777.933354,388.4099317854596,9.493163884126638,0.5566305578491273,388.4099317854596,9.493163884126638,0.5566305578491273,ESTIMA,0.0,450.0,0,140.0,388.41,61.59,130.507,9.493,20.0,0.0
1779273777.9835162,378.45,4.81,0.158,378.45,4.81,0.158,VISION,0.0,450.0,0,140.0,378.45,71.55,135.19,4.81,20.0,0.0
1779273778.03325,378.45,4.81,0.158,378.45,4.81,0.158,VISION,0.0,450.0,0,140.0,378.45,71.55,135.19,4.81,20.0,0.0
1779273778.0832295,378.45,4.81,0.158,381.39133613077803,5.278637301449164,0.16349694413800606,VISION,0.0,450.0,0,140.0,378.45,71.55,135.19,4.81,20.0,0.0
1779273778.133274,378.45,4.81,0.158,381.39133613077803,5.278637301449164,0.16349694413800606,VISION,0.0,450.0,0,140.0,378.45,71.55,135.19,4.81,20.0,0.0
1779273778.1832495,378.45,4.81,0.158,383.22708188904767,5.581479393577612,0.25567452488191006,VISION,0.0,450.0,0,140.0,378.45,71.55,135.19,4.81,20.0,0.0
1779273778.2332416,378.45,4.81,0.158,383.22708188904767,5.581479393577612,0.25567452488191006,VISION,0.0,450.0,0,140.0,378.45,71.55,135.19,4.81,20.0,0.0
1779273778.28321,378.45,4.81,0.158,386.31995098166925,6.389940708589238,0.26762694224498174,VISION,0.0,450.0,0,140.0,378.45,71.55,135.19,4.81,20.0,0.0
1779273778.3332605,378.45,4.81,0.158,386.31995098166925,6.389940708589238,0.26762694224498174,VISION,0.0,450.0,0,140.0,378.45,71.55,135.19,4.81,20.0,0.0
1779273778.3833408,378.45,4.81,0.158,386.31995098166925,6.389940708589238,0.26762694224498174,VISION,0.0,450.0,0,140.0,378.45,71.55,135.19,4.81,20.0,0.0
1779273778.4332342,378.45,4.81,0.158,389.05721995212355,7.140513507290707,0.4051829394656083,VISION,0.0,450.0,0,140.0,378.45,71.55,135.19,4.81,20.0,0.0
1779273778.4832578,378.45,4.81,0.158,390.2601709879253,7.656478576325061,0.46984654841711615,VISION,0.0,450.0,0,140.0,378.45,71.55,135.19,4.81,20.0,0.0
1779273778.5333257,390.2601709879253,7.656478576325061,0.46984654841711615,390.2601709879253,7.656478576325061,0.46984654841711615,ESTIMA,0.0,450.0,0,140.0,390.26,59.74,132.344,7.656,20.0,0.0
1779273778.583469,378.06,5.11,0.088,378.06,5.11,0.088,ESTIMA,0.0,450.0,0,140.0,378.06,71.94,134.89,5.11,20.0,0.0
1779273778.6332273,378.06,5.11,0.088,378.06,5.11,0.088,VISION,0.0,450.0,0,140.0,378.06,71.94,134.89,5.11,20.0,0.0
1779273778.6832197,378.06,5.11,0.088,381.739393570415,5.434625032546792,0.273451511892555,VISION,0.0,450.0,0,140.0,378.06,71.94,134.89,5.11,20.0,0.0
1779273778.7333097,378.06,5.11,0.088,381.739393570415,5.434625032546792,0.273451511892555,VISION,0.0,450.0,0,140.0,378.06,71.94,134.89,5.11,20.0,0.0
1779273778.7834125,378.06,5.11,0.088,384.39851837319634,6.180449933480532,0.2905549213533818,VISION,0.0,450.0,0,140.0,378.06,71.94,134.89,5.11,20.0,0.0
1779273778.8332417,378.06,5.11,0.088,385.06351068523395,6.3792940885605764,0.3511281809673849,VISION,0.0,450.0,0,140.0,378.06,71.94,134.89,5.11,20.0,0.0
1779273778.8834047,378.06,5.11,0.088,385.06351068523395,6.3792940885605764,0.3511281809673849,VISION,0.0,450.0,0,140.0,378.06,71.94,134.89,5.11,20.0,0.0
1779273778.9332433,378.06,5.11,0.088,387.46757122775944,7.259919564131538,0.4249375573276766,VISION,0.0,450.0,0,140.0,378.06,71.94,134.89,5.11,20.0,0.0
1779273778.9832451,378.06,5.11,0.088,387.46757122775944,7.259919564131538,0.4249375573276766,VISION,0.0,450.0,0,140.0,378.06,71.94,134.89,5.11,20.0,0.0
1779273779.0332701,378.06,5.11,0.088,390.24210212564975,8.515416774300054,0.5079516124841142,VISION,0.0,450.0,0,140.0,378.06,71.94,134.89,5.11,20.0,0.0
1779273779.083254,378.06,5.11,0.088,390.24210212564975,8.515416774300054,0.5079516124841142,VISION,0.0,450.0,0,140.0,378.06,71.94,134.89,5.11,20.0,0.0
1779273779.1336114,377.77,5.05,0.044,377.77,5.05,0.044,VISION,0.0,450.0,0,140.0,377.77,72.23,134.95,5.05,20.0,0.0
1779273779.183272,377.77,5.05,0.044,377.77,5.05,0.044,VISION,0.0,450.0,0,140.0,377.77,72.23,134.95,5.05,20.0,0.0
1779273779.233256,377.77,5.05,0.044,380.0676346967855,5.151161217791819,0.10033241990312214,VISION,0.0,450.0,0,140.0,377.77,72.23,134.95,5.05,20.0,0.0
1779273779.283243,377.77,5.05,0.044,380.0676346967855,5.151161217791819,0.10033241990312214,VISION,0.0,450.0,0,140.0,377.77,72.23,134.95,5.05,20.0,0.0
1779273779.3332145,377.77,5.05,0.044,382.2981976613159,5.3757129944858395,0.21231464132985772,VISION,0.0,450.0,0,140.0,377.77,72.23,134.95,5.05,20.0,0.0
1779273779.3832097,377.77,5.05,0.044,382.2981976613159,5.3757129944858395,0.21231464132985772,VISION,0.0,450.0,0,140.0,377.77,72.23,134.95,5.05,20.0,0.0
1779273779.433213,377.77,5.05,0.044,385.65478617135335,6.099270753305107,0.2358887189544609,VISION,0.0,450.0,0,140.0,377.77,72.23,134.95,5.05,20.0,0.0
1779273779.4832108,377.77,5.05,0.044,385.65478617135335,6.099270753305107,0.2358887189544609,VISION,0.0,450.0,0,140.0,377.77,72.23,134.95,5.05,20.0,0.0
1779273779.5332334,377.77,5.05,0.044,388.1975794846886,6.710465625674901,0.25811440413501074,VISION,0.0,450.0,0,140.0,377.77,72.23,134.95,5.05,20.0,0.0
1779273779.5832717,377.77,5.05,0.044,388.1975794846886,6.710465625674901,0.25811440413501074,VISION,0.0,450.0,0,140.0,377.77,72.23,134.95,5.05,20.0,0.0
1779273779.6332703,377.77,5.05,0.044,390.4667017309829,7.309521878968197,0.38463302050185394,VISION,0.0,450.0,0,140.0,377.77,72.23,134.95,5.05,20.0,0.0
1779273779.683394,390.4667017309829,7.309521878968197,0.38463302050185394,390.4667017309829,7.309521878968197,0.38463302050185394,ESTIMA,0.0,450.0,0,140.0,390.467,59.533,132.69,7.31,20.0,0.0
1779273779.7333837,377.89,5.03,0.047,380.7203745878146,5.163125644915992,0.12088812966373913,VISION,0.0,450.0,0,140.0,377.89,72.11,134.97,5.03,20.0,0.0
1779273779.783275,377.89,5.03,0.047,377.89,5.03,0.047,VISION,0.0,450.0,0,140.0,377.89,72.11,134.97,5.03,20.0,0.0
1779273779.8334024,377.89,5.03,0.047,380.36079821373374,5.146213100229449,0.10874726015974924,VISION,0.0,450.0,0,140.0,377.89,72.11,134.97,5.03,20.0,0.0
1779273779.8832128,377.89,5.03,0.047,380.36079821373374,5.146213100229449,0.10874726015974924,VISION,0.0,450.0,0,140.0,377.89,72.11,134.97,5.03,20.0,0.0
1779273779.933368,377.89,5.03,0.047,382.3870504715112,5.3674352251096265,0.21088249980070914,VISION,0.0,450.0,0,140.0,377.89,72.11,134.97,5.03,20.0,0.0
1779273779.983445,377.89,5.03,0.047,382.3870504715112,5.3674352251096265,0.21088249980070914,VISION,0.0,450.0,0,140.0,377.89,72.11,134.97,5.03,20.0,0.0
1779273780.0332599,377.89,5.03,0.047,382.3870504715112,5.3674352251096265,0.21088249980070914,VISION,0.0,450.0,0,140.0,377.89,72.11,134.97,5.03,20.0,0.0
1779273780.0832686,377.89,5.03,0.047,385.9837716350207,6.137368095194225,0.2295809869131322,VISION,0.0,450.0,0,140.0,377.89,72.11,134.97,5.03,20.0,0.0
1779273780.1332617,377.89,5.03,0.047,387.45108311651205,6.480280873460934,0.308223873035833,VISION,0.0,450.0,0,140.0,377.89,72.11,134.97,5.03,20.0,0.0
1779273780.1832564,377.89,5.03,0.047,387.45108311651205,6.480280873460934,0.308223873035833,VISION,0.0,450.0,0,140.0,377.89,72.11,134.97,5.03,20.0,0.0
1779273780.233395,377.89,5.03,0.047,389.66175450570125,7.184092858071173,0.4333461372460919,VISION,0.0,450.0,0,140.0,377.89,72.11,134.97,5.03,20.0,0.0
1779273780.28352,389.66175450570125,7.184092858071173,0.4333461372460919,389.66175450570125,7.184092858071173,0.4333461372460919,ESTIMA,0.0,450.0,0,140.0,389.662,60.338,132.816,7.184,20.0,0.0
1779273780.333678,378.15,5.04,0.062,378.15,5.04,0.062,VISION,0.0,450.0,0,140.0,378.15,71.85,134.96,5.04,20.0,0.0
1779273780.3832402,378.15,5.04,0.062,380.9935143807254,5.216524135849607,0.1420510138514557,VISION,0.0,450.0,0,140.0,378.15,71.85,134.96,5.04,20.0,0.0
1779273780.4333978,378.15,5.04,0.062,382.87072884485184,5.484992549995183,0.23847156448066562,VISION,0.0,450.0,0,140.0,378.15,71.85,134.96,5.04,20.0,0.0
1779273780.483242,378.15,5.04,0.062,382.87072884485184,5.484992549995183,0.23847156448066562,VISION,0.0,450.0,0,140.0,378.15,71.85,134.96,5.04,20.0,0.0
1779273780.533225,378.15,5.04,0.062,382.87072884485184,5.484992549995183,0.23847156448066562,VISION,0.0,450.0,0,140.0,378.15,71.85,134.96,5.04,20.0,0.0
1779273780.5833683,378.15,5.04,0.062,385.4635866526358,6.115309384345808,0.3989677446352943,VISION,0.0,450.0,0,140.0,378.15,71.85,134.96,5.04,20.0,0.0
1779273780.6332355,378.15,5.04,0.062,385.4635866526358,6.115309384345808,0.3989677446352943,VISION,0.0,450.0,0,140.0,378.15,71.85,134.96,5.04,20.0,0.0
1779273780.683272,378.15,5.04,0.062,387.9908520790606,7.180746294967101,0.5845714971859772,VISION,0.0,450.0,0,140.0,378.15,71.85,134.96,5.04,20.0,0.0
1779273780.7333415,378.15,5.04,0.062,387.9908520790606,7.180746294967101,0.5845714971859772,VISION,0.0,450.0,0,140.0,378.15,71.85,134.96,5.04,20.0,0.0
1779273780.7832723,378.15,5.04,0.062,390.5093905802884,8.84731841597145,0.7815558554987898,VISION,0.0,450.0,0,140.0,378.15,71.85,134.96,5.04,20.0,0.0
1779273780.833235,378.15,5.04,0.062,390.5093905802884,8.84731841597145,0.7815558554987898,VISION,0.0,450.0,0,140.0,378.15,71.85,134.96,5.04,20.0,0.0
1779273780.8837483,392.4392855368535,10.762439564083445,0.9008063557663739,378.18,4.9,0.048,ESTIMA,0.0,450.0,0,140.0,392.439,57.561,129.238,10.762,20.0,0.0
1779273780.9334474,378.18,4.9,0.048,378.18,4.9,0.048,VISION,0.0,450.0,0,140.0,378.18,71.82,135.1,4.9,20.0,0.0
1779273780.9833078,378.18,4.9,0.048,380.8849286258997,5.029936380514705,0.30969410352179955,VISION,0.0,450.0,0,140.0,378.18,71.82,135.1,4.9,20.0,0.0
1779273781.0332756,378.18,4.9,0.048,380.8849286258997,5.029936380514705,0.30969410352179955,VISION,0.0,450.0,0,140.0,378.18,71.82,135.1,4.9,20.0,0.0
1779273781.0832694,378.18,4.9,0.048,380.8849286258997,5.029936380514705,0.30969410352179955,VISION,0.0,450.0,0,140.0,378.18,71.82,135.1,4.9,20.0,0.0
1779273781.1332471,378.18,4.9,0.048,383.327073157211,5.811398828627864,0.5580012790404855,VISION,0.0,450.0,0,140.0,378.18,71.82,135.1,4.9,20.0,0.0
1779273781.1832304,378.18,4.9,0.048,383.327073157211,5.811398828627864,0.5580012790404855,VISION,0.0,450.0,0,140.0,378.18,71.82,135.1,4.9,20.0,0.0
1779273781.233239,378.18,4.9,0.048,385.9560896700903,7.452348559406715,0.7515170309355417,VISION,0.0,450.0,0,140.0,378.18,71.82,135.1,4.9,20.0,0.0
1779273781.2835324,378.18,4.9,0.048,387.0665408482043,8.48999199772453,0.8353577743910446,VISION,0.0,450.0,0,140.0,378.18,71.82,135.1,4.9,20.0,0.0
1779273781.3332765,378.18,4.9,0.048,387.0665408482043,8.48999199772453,0.8353577743910446,VISION,0.0,450.0,0,140.0,378.18,71.82,135.1,4.9,20.0,0.0
1779273781.383274,378.18,4.9,0.048,387.0665408482043,8.48999199772453,0.8353577743910446,VISION,0.0,450.0,0,140.0,378.18,71.82,135.1,4.9,20.0,0.0
1779273781.4333537,378.18,4.9,0.048,388.70309707206627,10.298821716253896,0.9571013896631464,VISION,0.0,450.0,0,140.0,378.18,71.82,135.1,4.9,20.0,0.0
1779273781.4833715,388.70309707206627,10.298821716253896,0.9571013896631464,388.70309707206627,10.298821716253896,0.9571013896631464,ESTIMA,0.0,450.0,0,140.0,388.703,61.297,129.701,10.299,20.0,0.0
1779273781.5332725,390.6052626838262,12.999100698248066,1.008293471471424,390.6052626838262,12.999100698248066,1.008293471471424,ESTIMA,0.0,450.0,0,140.0,390.605,59.395,127.001,12.999,20.0,0.0
1779273781.583293,390.6052626838262,12.999100698248066,1.008293471471424,390.6052626838262,12.999100698248066,1.008293471471424,ESTIMA,0.0,450.0,0,140.0,390.605,59.395,127.001,12.999,20.0,0.0
1779273781.633263,391.9296316222157,15.099800912040305,1.1557732676740167,391.9296316222157,15.099800912040305,1.1557732676740167,ESTIMA,0.0,450.0,0,140.0,391.93,58.07,124.9,15.1,20.0,0.0
1779273781.6832242,391.9296316222157,15.099800912040305,1.1557732676740167,391.9296316222157,15.099800912040305,1.1557732676740167,ESTIMA,0.0,450.0,0,140.0,391.93,58.07,124.9,15.1,20.0,0.0
1779273781.7332687,391.9296316222157,15.099800912040305,1.1557732676740167,391.9296316222157,15.099800912040305,1.1557732676740167,ESTIMA,0.0,450.0,0,140.0,391.93,58.07,124.9,15.1,20.0,0.0
1779273781.7834184,392.79688029679886,17.06806390522051,1.4510007373660072,392.79688029679886,17.06806390522051,1.4510007373660072,ESTIMA,0.0,450.0,0,140.0,392.797,57.203,122.932,17.068,20.0,0.0
1779273781.8332775,392.99459251391386,18.710574482696472,1.4681346393327033,392.99459251391386,18.710574482696472,1.4681346393327033,ESTIMA,0.0,450.0,0,140.0,392.995,57.005,121.289,18.711,20.0,0.0
1779273781.8832722,392.99459251391386,18.710574482696472,1.4681346393327033,392.99459251391386,18.710574482696472,1.4681346393327033,ESTIMA,0.0,450.0,0,140.0,392.995,57.005,121.289,18.711,20.0,0.0
1779273781.9332812,393.18484674662164,20.557274818589782,1.634339595335315,393.18484674662164,20.557274818589782,1.634339595335315,ESTIMA,0.0,450.0,0,140.0,393.185,56.815,119.443,20.557,20.0,0.0
1779273781.9832659,393.18484674662164,20.557274818589782,1.634339595335315,393.18484674662164,20.557274818589782,1.634339595335315,ESTIMA,0.0,450.0,0,140.0,393.185,56.815,119.443,20.557,20.0,0.0
1779273782.0333564,393.18484674662164,20.557274818589782,1.634339595335315,393.18484674662164,20.557274818589782,1.634339595335315,ESTIMA,0.0,450.0,0,140.0,393.185,56.815,119.443,20.557,20.0,0.0
1779273782.083509,337.62,34.74,1.34,337.62,34.74,1.34,VISION,0.0,450.0,0,140.0,337.62,112.38,105.26,34.74,20.0,0.0
1779273782.1332715,337.62,34.74,1.34,337.87633207997845,35.83085138578305,1.4419350120123586,VISION,0.0,450.0,0,140.0,337.62,112.38,105.26,34.74,20.0,0.0
1779273782.1832898,337.62,34.74,1.34,337.87633207997845,35.83085138578305,1.4419350120123586,VISION,0.0,450.0,0,140.0,337.62,112.38,105.26,34.74,20.0,0.0
1779273782.233268,337.62,34.74,1.34,338.1949614475751,38.28980327361124,1.5233508764220574,VISION,0.0,450.0,0,140.0,337.62,112.38,105.26,34.74,20.0,0.0
1779273782.2832513,337.62,34.74,1.34,338.1949614475751,38.28980327361124,1.5233508764220574,VISION,0.0,450.0,0,140.0,337.62,112.38,105.26,34.74,20.0,0.0
1779273782.333229,337.62,34.74,1.34,338.3309374083338,41.153595562917204,1.6150424153499405,VISION,0.0,450.0,0,140.0,337.62,112.38,105.26,34.74,20.0,0.0
1779273782.3835323,337.62,34.74,1.34,338.3309374083338,41.153595562917204,1.6150424153499405,VISION,0.0,450.0,0,140.0,337.62,112.38,105.26,34.74,20.0,0.0
1779273782.4332771,337.62,34.74,1.34,338.2262550998987,43.517962452248476,1.6874976446251193,VISION,0.0,450.0,0,140.0,337.62,112.38,105.26,34.74,20.0,0.0
1779273782.4832866,337.62,34.74,1.34,338.2262550998987,43.517962452248476,1.6874976446251193,VISION,0.0,450.0,0,140.0,337.62,112.38,105.26,34.74,20.0,0.0
1779273782.5332372,337.62,34.74,1.34,338.2262550998987,43.517962452248476,1.6874976446251193,VISION,0.0,450.0,0,140.0,337.62,112.38,105.26,34.74,20.0,0.0
1779273782.5833025,337.62,34.74,1.34,337.81295980080785,47.043349747610456,1.7987425126100813,VISION,0.0,450.0,0,140.0,337.62,112.38,105.26,34.74,20.0,0.0
1779273782.633436,337.3265136572325,49.14029930613589,1.8700688091462834,337.3265136572325,49.14029930613589,1.8700688091462834,ESTIMA,0.0,450.0,0,140.0,337.327,112.673,90.86,49.14,20.0,0.0
1779273782.6833901,322.4,37.09,1.6,322.4,37.09,1.6,VISION,0.0,450.0,0,140.0,322.4,127.6,102.91,37.09,20.0,0.0
1779273782.7332404,322.4,37.09,1.6,322.4,37.09,1.6,VISION,0.0,450.0,0,140.0,322.4,127.6,102.91,37.09,20.0,0.0
1779273782.7832675,322.4,37.09,1.6,322.326750778028,39.59750638901079,1.8282246883120763,VISION,0.0,450.0,0,140.0,322.4,127.6,102.91,37.09,20.0,0.0
1779273782.8334432,322.4,37.09,1.6,322.326750778028,39.59750638901079,1.8282246883120763,VISION,0.0,450.0,0,140.0,322.4,127.6,102.91,37.09,20.0,0.0
1779273782.8832672,322.4,37.09,1.6,321.7910338287027,41.632365559776055,1.9519955002182316,VISION,0.0,450.0,0,140.0,322.4,127.6,102.91,37.09,20.0,0.0
1779273782.9332528,322.4,37.09,1.6,321.7910338287027,41.632365559776055,1.9519955002182316,VISION,0.0,450.0,0,140.0,322.4,127.6,102.91,37.09,20.0,0.0
1779273782.983325,322.4,37.09,1.6,320.527854534025,44.783980102180195,2.146312261494422,VISION,0.0,450.0,0,140.0,322.4,127.6,102.91,37.09,20.0,0.0
1779273783.0333161,322.4,37.09,1.6,319.96735957437795,45.6479037542259,2.2389455488558054,VISION,0.0,450.0,0,140.0,322.4,127.6,102.91,37.09,20.0,0.0
1779273783.0832803,322.4,37.09,1.6,319.96735957437795,45.6479037542259,2.2389455488558054,VISION,0.0,450.0,0,140.0,322.4,127.6,102.91,37.09,20.0,0.0
1779273783.1332502,322.4,37.09,1.6,319.96735957437795,45.6479037542259,2.2389455488558054,VISION,0.0,450.0,0,140.0,322.4,127.6,102.91,37.09,20.0,0.0
1779273783.1834548,322.4,37.09,1.6,317.9850393932481,48.159566592768556,2.340361882683244,VISION,0.0,450.0,0,140.0,322.4,127.6,102.91,37.09,20.0,0.0
1779273783.2335398,307.34,34.53,1.878,307.34,34.53,1.878,VISION,0.0,450.0,0,140.0,307.34,142.66,105.47,34.53,20.0,0.0
1779273783.2832787,307.34,34.53,1.878,306.5923987593432,36.886527381807525,2.020301708704359,VISION,0.0,450.0,0,140.0,307.34,142.66,105.47,34.53,20.0,0.0
1779273783.3332403,307.34,34.53,1.878,306.5923987593432,36.886527381807525,2.020301708704359,VISION,0.0,450.0,0,140.0,307.34,142.66,105.47,34.53,20.0,0.0
1779273783.3832743,307.34,34.53,1.878,305.34124462898734,39.479887596827666,2.1168257550750735,VISION,0.0,450.0,0,140.0,307.34,142.66,105.47,34.53,20.0,0.0
1779273783.4332457,307.34,34.53,1.878,305.34124462898734,39.479887596827666,2.1168257550750735,VISION,0.0,450.0,0,140.0,307.34,142.66,105.47,34.53,20.0,0.0
1779273783.4832342,307.34,34.53,1.878,303.83166588173316,41.9641556071523,2.2040753553858803,VISION,0.0,450.0,0,140.0,307.34,142.66,105.47,34.53,20.0,0.0
1779273783.5332716,307.34,34.53,1.878,303.83166588173316,41.9641556071523,2.2040753553858803,VISION,0.0,450.0,0,140.0,307.34,142.66,105.47,34.53,20.0,0.0
1779273783.5833726,307.34,34.53,1.878,303.0031148042249,43.09274273435952,2.3148237488801415,VISION,0.0,450.0,0,140.0,307.34,142.66,105.47,34.53,20.0,0.0
1779273783.6332722,307.34,34.53,1.878,303.0031148042249,43.09274273435952,2.3148237488801415,VISION,0.0,450.0,0,140.0,307.34,142.66,105.47,34.53,20.0,0.0
1779273783.683492,307.34,34.53,1.878,301.6016915324632,44.61519809069967,2.2763071484388977,VISION,0.0,450.0,0,140.0,307.34,142.66,105.47,34.53,20.0,0.0
1779273783.7332458,307.34,34.53,1.878,301.6016915324632,44.61519809069967,2.2763071484388977,VISION,0.0,450.0,0,140.0,307.34,142.66,105.47,34.53,20.0,0.0
1779273783.7834733,301.6016915324632,44.61519809069967,2.2763071484388977,299.86220099791507,46.65744599510735,2.2718846155720476,ESTIMA,0.0,450.0,0,140.0,301.602,148.398,95.385,44.615,20.0,0.0
1779273783.8333154,292.94,27.68,2.075,292.94,27.68,2.075,VISION,0.0,450.0,0,140.0,292.94,157.06,112.32,27.68,20.0,0.0
1779273783.8832889,292.94,27.68,2.075,292.94,27.68,2.075,VISION,0.0,450.0,0,140.0,292.94,157.06,112.32,27.68,20.0,0.0
1779273783.9333165,292.94,27.68,2.075,292.1194378866211,29.167136236201152,2.3092756231941918,VISION,0.0,450.0,0,140.0,292.94,157.06,112.32,27.68,20.0,0.0
1779273783.9832923,292.94,27.68,2.075,292.1194378866211,29.167136236201152,2.3092756231941918,VISION,0.0,450.0,0,140.0,292.94,157.06,112.32,27.68,20.0,0.0
1779273784.0333226,292.94,27.68,2.075,289.68268398011736,31.843991081970355,2.3502530265673935,VISION,0.0,450.0,0,140.0,292.94,157.06,112.32,27.68,20.0,0.0
1779273784.0833282,292.94,27.68,2.075,289.68268398011736,31.843991081970355,2.3502530265673935,VISION,0.0,450.0,0,140.0,292.94,157.06,112.32,27.68,20.0,0.0
1779273784.1332598,292.94,27.68,2.075,288.2555751798789,33.28815967312988,2.5401460348253413,VISION,0.0,450.0,0,140.0,292.94,157.06,112.32,27.68,20.0,0.0
1779273784.183278,292.94,27.68,2.075,288.2555751798789,33.28815967312988,2.5401460348253413,VISION,0.0,450.0,0,140.0,292.94,157.06,112.32,27.68,20.0,0.0
1779273784.2332518,292.94,27.68,2.075,286.19534498941476,34.70201862599287,2.686127678006629,VISION,0.0,450.0,0,140.0,292.94,157.06,112.32,27.68,20.0,0.0
1779273784.2832353,292.94,27.68,2.075,286.19534498941476,34.70201862599287,2.686127678006629,VISION,0.0,450.0,0,140.0,292.94,157.06,112.32,27.68,20.0,0.0
1779273784.3332777,284.04081360323005,35.75733644927612,2.8208804853057288,284.04081360323005,35.75733644927612,2.8208804853057288,ESTIMA,0.0,450.0,0,140.0,284.041,165.959,104.243,35.757,0.0,0.0
1779273784.3833852,284.04081360323005,35.75733644927612,2.8208804853057288,284.04081360323005,35.75733644927612,2.8208804853057288,ESTIMA,0.0,450.0,0,140.0,284.041,165.959,104.243,35.757,0.0,0.0
1779273784.4333599,284.04081360323005,35.75733644927612,2.8208804853057288,284.04081360323005,35.75733644927612,2.8208804853057288,ESTIMA,0.0,450.0,0,140.0,284.041,165.959,104.243,35.757,0.0,0.0
1779273784.4833128,281.0410786272557,36.75378832295444,2.997913084871488,281.0410786272557,36.75378832295444,2.997913084871488,ESTIMA,0.0,450.0,0,140.0,281.041,168.959,103.246,36.754,0.0,0.0
1779273784.533466,281.0410786272557,36.75378832295444,2.997913084871488,279.31569805173774,37.00341034583536,2.98126811152066,ESTIMA,0.0,450.0,0,140.0,281.041,168.959,103.246,36.754,0.0,0.0
1779273784.583324,279.31569805173774,37.00341034583536,2.98126811152066,279.31569805173774,37.00341034583536,2.98126811152066,ESTIMA,0.0,450.0,0,140.0,279.316,170.684,102.997,37.003,0.0,0.0
1779273784.6333416,279.31569805173774,37.00341034583536,2.98126811152066,279.31569805173774,37.00341034583536,2.98126811152066,ESTIMA,0.0,450.0,0,140.0,279.316,170.684,102.997,37.003,0.0,0.0
1779273784.683295,278.3971994751858,37.151943021558,3.0100950981103747,278.3971994751858,37.151943021558,3.0100950981103747,ESTIMA,0.0,450.0,0,140.0,278.397,171.603,102.848,37.152,0.0,0.0
1779273784.7332554,278.3971994751858,37.151943021558,3.0100950981103747,278.3971994751858,37.151943021558,3.0100950981103747,ESTIMA,0.0,450.0,0,140.0,278.397,171.603,102.848,37.152,0.0,0.0
1779273784.7834942,278.3971994751858,37.151943021558,3.0100950981103747,277.2920990279402,37.298104457064426,2.895069637643156,ESTIMA,0.0,450.0,0,140.0,278.397,171.603,102.848,37.152,0.0,0.0
1779273784.833372,277.2920990279402,37.298104457064426,2.895069637643156,277.2920990279402,37.298104457064426,2.895069637643156,ESTIMA,0.0,450.0,0,140.0,277.292,172.708,102.702,37.298,-20.0,0.0
1779273784.883348,276.79270165685017,37.42377356558741,2.9660994947524886,276.79270165685017,37.42377356558741,2.9660994947524886,ESTIMA,0.0,450.0,0,140.0,276.793,173.207,102.576,37.424,-20.0,0.0
1779273784.9333029,276.79270165685017,37.42377356558741,2.9660994947524886,276.79270165685017,37.42377356558741,2.9660994947524886,ESTIMA,0.0,450.0,0,140.0,276.793,173.207,102.576,37.424,-20.0,0.0
1779273784.983573,276.79270165685017,37.42377356558741,2.9660994947524886,276.79270165685017,37.42377356558741,2.9660994947524886,ESTIMA,0.0,450.0,0,140.0,276.793,173.207,102.576,37.424,-20.0,0.0
1779273785.0333464,275.25542860458023,37.69635857593969,3.036652635371425,275.25542860458023,37.69635857593969,3.036652635371425,ESTIMA,0.0,450.0,0,140.0,275.255,174.745,102.304,37.696,-20.0,0.0
1779273785.0832973,273.73787529911493,37.85619781695637,3.208077933057876,273.73787529911493,37.85619781695637,3.208077933057876,ESTIMA,0.0,450.0,0,140.0,273.738,176.262,102.144,37.856,-20.0,0.0
1779273785.1332695,273.73787529911493,37.85619781695637,3.208077933057876,273.73787529911493,37.85619781695637,3.208077933057876,ESTIMA,0.0,450.0,0,140.0,273.738,176.262,102.144,37.856,-20.0,0.0
1779273785.183464,268.16159392058023,37.48490996287273,3.5359847081485993,268.16159392058023,37.48490996287273,3.5359847081485993,ESTIMA,0.0,450.0,0,140.0,268.162,181.838,102.515,37.485,-20.0,0.0
1779273785.2332795,268.16159392058023,37.48490996287273,3.5359847081485993,268.16159392058023,37.48490996287273,3.5359847081485993,ESTIMA,0.0,450.0,0,140.0,268.162,181.838,102.515,37.485,-20.0,0.0
1779273785.2832773,268.16159392058023,37.48490996287273,3.5359847081485993,268.16159392058023,37.48490996287273,3.5359847081485993,ESTIMA,0.0,450.0,0,140.0,268.162,181.838,102.515,37.485,-20.0,0.0
1779273785.333278,262.2018618420601,35.004479023927075,3.9134259974731735,262.2018618420601,35.004479023927075,3.9134259974731735,ESTIMA,0.0,450.0,0,140.0,262.202,187.798,104.996,35.004,-20.0,0.0
1779273785.3833961,260.43696159144304,33.286821932782544,4.09517095660676,260.43696159144304,33.286821932782544,4.09517095660676,ESTIMA,0.0,450.0,0,140.0,260.437,189.563,106.713,33.287,-20.0,0.0
1779273785.4332793,260.43696159144304,33.286821932782544,4.09517095660676,260.43696159144304,33.286821932782544,4.09517095660676,ESTIMA,0.0,450.0,0,140.0,260.437,189.563,106.713,33.287,-20.0,0.0
1779273785.4833262,258.0083529465309,29.864884664653978,4.403742357726903,258.0083529465309,29.864884664653978,4.403742357726903,ESTIMA,0.0,450.0,0,140.0,258.008,191.992,110.135,29.865,-20.0,0.0
1779273785.5333798,258.0083529465309,29.864884664653978,4.403742357726903,258.0083529465309,29.864884664653978,4.403742357726903,ESTIMA,0.0,450.0,0,140.0,258.008,191.992,110.135,29.865,-20.0,0.0
1779273785.583385,254.18,37.11,1.21,255.95898489840312,41.82488743031901,1.5055076541520416,VISION,0.0,450.0,0,140.0,254.18,195.82,102.89,37.11,-20.0,0.0
1779273785.633298,254.18,37.11,1.21,254.18,37.11,1.21,VISION,0.0,450.0,0,140.0,254.18,195.82,102.89,37.11,-20.0,0.0
1779273785.6832836,254.18,37.11,1.21,254.18,37.11,1.21,VISION,0.0,450.0,0,140.0,254.18,195.82,102.89,37.11,-20.0,0.0
1779273785.7332826,254.18,37.11,1.21,256.4876258318647,43.22595749818047,1.593301383568787,VISION,0.0,450.0,0,140.0,254.18,195.82,102.89,37.11,-20.0,0.0
1779273785.783445,254.18,37.11,1.21,256.4165100949907,46.3854132155128,1.8256743150051225,VISION,0.0,450.0,0,140.0,254.18,195.82,102.89,37.11,-20.0,0.0
1779273785.8332455,254.18,37.11,1.21,256.4165100949907,46.3854132155128,1.8256743150051225,VISION,0.0,450.0,0,140.0,254.18,195.82,102.89,37.11,-20.0,0.0
1779273785.8834288,254.18,37.11,1.21,256.4165100949907,46.3854132155128,1.8256743150051225,VISION,0.0,450.0,0,140.0,254.18,195.82,102.89,37.11,-20.0,0.0
1779273785.9333658,254.18,37.11,1.21,255.31158979843684,50.62622586163831,2.147871003817144,VISION,0.0,450.0,0,140.0,254.18,195.82,102.89,37.11,-20.0,0.0
1779273785.9834604,254.18,37.11,1.21,255.31158979843684,50.62622586163831,2.147871003817144,VISION,0.0,450.0,0,140.0,254.18,195.82,102.89,37.11,-20.0,0.0
1779273786.0332835,254.18,37.11,1.21,252.97193910310423,54.22018457362855,2.5408403369839245,VISION,0.0,450.0,0,140.0,254.18,195.82,102.89,37.11,-20.0,0.0
1779273786.0832825,254.18,37.11,1.21,252.97193910310423,54.22018457362855,2.5408403369839245,VISION,0.0,450.0,0,140.0,254.18,195.82,102.89,37.11,-20.0,0.0
1779273786.133346,249.36261132705192,56.693446873714954,2.9412801329820786,249.36261132705192,56.693446873714954,2.9412801329820786,ESTIMA,0.0,450.0,0,140.0,249.363,200.637,83.307,56.693,-20.0,0.0
1779273786.183315,259.63,34.43,1.367,259.63,34.43,1.367,VISION,0.0,450.0,0,140.0,259.63,190.37,105.57,34.43,-20.0,0.0
1779273786.233268,259.63,34.43,1.367,259.63,34.43,1.367,VISION,0.0,450.0,0,140.0,259.63,190.37,105.57,34.43,-20.0,0.0
1779273786.2832873,259.63,34.43,1.367,261.0364659799291,41.23552155421235,1.8810354688591704,VISION,0.0,450.0,0,140.0,259.63,190.37,105.57,34.43,-20.0,0.0
1779273786.3332844,259.63,34.43,1.367,260.45904107209026,43.036646780576305,2.0536964715495443,VISION,0.0,450.0,0,140.0,259.63,190.37,105.57,34.43,-20.0,0.0
1779273786.3832479,259.63,34.43,1.367,260.45904107209026,43.036646780576305,2.0536964715495443,VISION,0.0,450.0,0,140.0,259.63,190.37,105.57,34.43,0.0,0.0
1779273786.4332864,259.63,34.43,1.367,258.47602073435974,46.818852471504115,2.368546049191284,VISION,0.0,450.0,0,140.0,259.63,190.37,105.57,34.43,0.0,0.0
1779273786.4832942,259.63,34.43,1.367,258.47602073435974,46.818852471504115,2.368546049191284,VISION,0.0,450.0,0,140.0,259.63,190.37,105.57,34.43,0.0,0.0
1779273786.5332918,259.63,34.43,1.367,256.0342515247622,49.20103532240254,2.60216981218845,VISION,0.0,450.0,0,140.0,259.63,190.37,105.57,34.43,0.0,0.0
1779273786.5833445,259.63,34.43,1.367,256.0342515247622,49.20103532240254,2.60216981218845,VISION,0.0,450.0,0,140.0,259.63,190.37,105.57,34.43,0.0,0.0
1779273786.6333025,259.63,34.43,1.367,255.5640855937876,49.48249797238342,2.5265869748631684,VISION,0.0,450.0,0,140.0,259.63,190.37,105.57,34.43,0.0,0.0
1779273786.6832654,255.5640855937876,49.48249797238342,2.5265869748631684,255.5640855937876,49.48249797238342,2.5265869748631684,ESTIMA,0.0,450.0,0,140.0,255.564,194.436,90.518,49.482,0.0,0.0
1779273786.7333848,264.61,31.65,1.881,264.61,31.65,1.881,VISION,0.0,450.0,0,140.0,264.61,185.39,108.35,31.65,0.0,0.0
1779273786.7834651,264.61,31.65,1.881,264.61,31.65,1.881,VISION,0.0,450.0,0,140.0,264.61,185.39,108.35,31.65,0.0,0.0
1779273786.833294,264.61,31.65,1.881,264.61,31.65,1.881,VISION,0.0,450.0,0,140.0,264.61,185.39,108.35,31.65,0.0,0.0
1779273786.983378,264.61,31.65,1.881,264.61,31.650000000000013,1.881000000000001,VISION,0.0,450.0,0,140.0,264.61,185.39,108.35,31.65,20.0,0.0
1779273787.0332959,264.61,31.65,1.881,264.61,31.650000000000013,1.881000000000001,VISION,0.0,450.0,0,140.0,264.61,185.39,108.35,31.65,20.0,0.0
1779273787.0832925,264.61,31.65,1.881,264.61,31.65000000000002,1.8810000000000013,VISION,0.0,450.0,0,140.0,264.61,185.39,108.35,31.65,20.0,0.0
1779273787.1332874,264.61,31.65,1.881,264.61,31.65000000000002,1.8810000000000013,VISION,0.0,450.0,0,140.0,264.61,185.39,108.35,31.65,20.0,0.0
1779273787.1832957,264.61,31.65,1.881,264.3813891507294,32.36317846655122,1.8444163155712343,VISION,0.0,450.0,0,140.0,264.61,185.39,108.35,31.65,20.0,0.0
1779273787.2333093,264.61,31.65,1.881,264.3813891507294,32.36317846655122,1.8444163155712343,VISION,0.0,450.0,0,140.0,264.61,185.39,108.35,31.65,20.0,0.0
1779273787.283287,263.97255586655484,33.819867234960036,1.8768252545648552,263.97255586655484,33.819867234960036,1.8768252545648552,ESTIMA,0.0,450.0,0,140.0,263.973,186.027,106.18,33.82,20.0,0.0
1779273787.3336782,268.21,31.27,2.315,267.03910910165297,32.5415635158775,2.3746930884356527,VISION,0.0,450.0,0,140.0,268.21,181.79,108.73,31.27,20.0,0.0
1779273787.3832865,268.21,31.27,2.315,268.21,31.27,2.315,VISION,0.0,450.0,0,140.0,268.21,181.79,108.73,31.27,20.0,0.0
1779273787.4332986,268.21,31.27,2.315,268.21,31.27,2.315,VISION,0.0,450.0,0,140.0,268.21,181.79,108.73,31.27,20.0,0.0
1779273787.4832902,268.21,31.27,2.315,268.21,31.27,2.315,VISION,0.0,450.0,0,140.0,268.21,181.79,108.73,31.27,20.0,0.0
1779273787.5332844,268.21,31.27,2.315,265.8048989136265,33.88189048249265,2.4558460700460403,VISION,0.0,450.0,0,140.0,268.21,181.79,108.73,31.27,20.0,0.0
1779273787.5833476,268.21,31.27,2.315,265.3116974984586,34.28543297022549,2.466338287918143,VISION,0.0,450.0,0,140.0,268.21,181.79,108.73,31.27,20.0,0.0
1779273787.633257,268.21,31.27,2.315,265.3116974984586,34.28543297022549,2.466338287918143,VISION,0.0,450.0,0,140.0,268.21,181.79,108.73,31.27,20.0,0.0
1779273787.6833038,268.21,31.27,2.315,263.5031288030901,35.7338113933852,2.5133094161550518,VISION,0.0,450.0,0,140.0,268.21,181.79,108.73,31.27,20.0,0.0
1779273787.733259,268.21,31.27,2.315,263.5031288030901,35.7338113933852,2.5133094161550518,VISION,0.0,450.0,0,140.0,268.21,181.79,108.73,31.27,20.0,0.0
1779273787.7832422,268.21,31.27,2.315,263.5031288030901,35.7338113933852,2.5133094161550518,VISION,0.0,450.0,0,140.0,268.21,181.79,108.73,31.27,20.0,0.0
1779273787.8332868,268.21,31.27,2.315,260.7343569941475,37.745292565333195,2.5862761859212515,VISION,0.0,450.0,0,140.0,268.21,181.79,108.73,31.27,20.0,0.0
1779273787.88337,259.48629180206655,38.51964727669098,2.617800957774719,259.48629180206655,38.51964727669098,2.617800957774719,ESTIMA,0.0,450.0,0,140.0,259.486,190.514,101.48,38.52,0.0,0.0
1779273787.933406,265.94,27.83,2.388,265.94,27.83,2.388,VISION,0.0,450.0,0,140.0,265.94,184.06,112.17,27.83,0.0,0.0
1779273787.983329,265.94,27.83,2.388,263.61436964053763,30.012207900611696,2.381527810902708,VISION,0.0,450.0,0,140.0,265.94,184.06,112.17,27.83,0.0,0.0
1779273788.0333202,265.94,27.83,2.388,263.61436964053763,30.012207900611696,2.381527810902708,VISION,0.0,450.0,0,140.0,265.94,184.06,112.17,27.83,0.0,0.0
1779273788.08327,265.94,27.83,2.388,262.69816393269116,30.88313003787305,2.394241511463785,VISION,0.0,450.0,0,140.0,265.94,184.06,112.17,27.83,0.0,0.0
1779273788.1332574,265.94,27.83,2.388,262.69816393269116,30.88313003787305,2.394241511463785,VISION,0.0,450.0,0,140.0,265.94,184.06,112.17,27.83,0.0,0.0
1779273788.1832774,265.94,27.83,2.388,262.69816393269116,30.88313003787305,2.394241511463785,VISION,0.0,450.0,0,140.0,265.94,184.06,112.17,27.83,0.0,0.0
1779273788.2332828,265.94,27.83,2.388,261.7990173253332,31.716334042599794,2.2942101094149865,VISION,0.0,450.0,0,140.0,265.94,184.06,112.17,27.83,0.0,0.0
1779273788.2832887,265.94,27.83,2.388,261.7990173253332,31.716334042599797,2.2942101094149865,VISION,0.0,450.0,0,140.0,265.94,184.06,112.17,27.83,0.0,0.0
1779273788.3332577,265.94,27.83,2.388,261.7990173253332,31.716334042599797,2.2942101094149865,VISION,0.0,450.0,0,140.0,265.94,184.06,112.17,27.83,0.0,0.0
1779273788.3834183,265.94,27.83,2.388,261.7990173253332,31.7163340425998,2.294210109414987,VISION,0.0,450.0,0,140.0,265.94,184.06,112.17,27.83,0.0,0.0
1779273788.4332793,261.7990173253332,31.7163340425998,2.294210109414987,261.7990173253332,31.7163340425998,2.294210109414987,ESTIMA,0.0,450.0,0,140.0,261.799,188.201,108.284,31.716,-20.0,0.0
1779273788.48375,261.7990173253332,31.716334042599804,2.2942101094149874,261.7990173253332,31.716334042599804,2.2942101094149874,ESTIMA,0.0,450.0,0,140.0,261.799,188.201,108.284,31.716,-20.0,0.0
1779273788.533451,258.82,16.46,2.562,258.82,16.46,2.562,VISION,0.0,450.0,0,140.0,258.82,191.18,123.54,16.46,-20.0,0.0
1779273788.5835645,258.82,16.46,2.562,255.72533011523655,18.485728837504684,2.8849485594204047,VISION,0.0,450.0,0,140.0,258.82,191.18,123.54,16.46,-20.0,0.0
1779273788.6333265,258.82,16.46,2.562,255.72533011523655,18.485728837504684,2.8849485594204047,VISION,0.0,450.0,0,140.0,258.82,191.18,123.54,16.46,-20.0,0.0
1779273788.6834748,258.82,16.46,2.562,255.72533011523655,18.485728837504684,2.8849485594204047,VISION,0.0,450.0,0,140.0,258.82,191.18,123.54,16.46,-20.0,0.0
1779273788.7334516,258.82,16.46,2.562,251.28443167246454,19.651159760488447,3.2234045142654,VISION,0.0,450.0,0,140.0,258.82,191.18,123.54,16.46,-20.0,0.0
1779273788.7833743,258.82,16.46,2.562,251.28443167246454,19.651159760488447,3.2234045142654,VISION,0.0,450.0,0,140.0,258.82,191.18,123.54,16.46,-20.0,0.0
1779273788.8333647,258.82,16.46,2.562,246.4306243458403,19.253172421572035,3.670169689009012,VISION,0.0,450.0,0,140.0,258.82,191.18,123.54,16.46,-20.0,0.0
1779273788.8834345,258.82,16.46,2.562,246.4306243458403,19.253172421572035,3.670169689009012,VISION,0.0,450.0,0,140.0,258.82,191.18,123.54,16.46,-20.0,0.0
1779273788.9333618,258.82,16.46,2.562,243.71163043457744,17.665260571633397,4.024698068472159,VISION,0.0,450.0,0,140.0,258.82,191.18,123.54,16.46,-20.0,0.0
1779273788.9833477,258.82,16.46,2.562,243.71163043457744,17.665260571633397,4.024698068472159,VISION,0.0,450.0,0,140.0,258.82,191.18,123.54,16.46,-20.0,0.0
1779273789.0333464,258.82,16.46,2.562,240.89500537515207,14.236463127223832,4.3510430211058555,VISION,0.0,450.0,0,140.0,258.82,191.18,123.54,16.46,-20.0,0.0
1779273789.0838952,257.73,13.78,2.586,257.73,13.78,2.586,ESTIMA,0.0,450.0,0,140.0,257.73,192.27,126.22,13.78,-20.0,0.0
1779273789.1333709,257.73,13.78,2.586,253.2390095516586,16.568126738251063,2.8949846533922012,VISION,0.0,450.0,0,140.0,257.73,192.27,126.22,13.78,-20.0,0.0
1779273789.1833355,257.73,13.78,2.586,253.2390095516586,16.568126738251063,2.8949846533922012,VISION,0.0,450.0,0,140.0,257.73,192.27,126.22,13.78,-20.0,0.0
1779273789.2333648,257.73,13.78,2.586,248.44458107582113,17.775037220604307,3.34898389307859,VISION,0.0,450.0,0,140.0,257.73,192.27,126.22,13.78,-20.0,0.0
1779273789.28336,257.73,13.78,2.586,248.44458107582113,17.775037220604307,3.34898389307859,VISION,0.0,450.0,0,140.0,257.73,192.27,126.22,13.78,-20.0,0.0
1779273789.333364,257.73,13.78,2.586,245.37619400032094,17.129397405037626,3.579569656811662,VISION,0.0,450.0,0,140.0,257.73,192.27,126.22,13.78,-20.0,0.0
1779273789.3833497,257.73,13.78,2.586,245.37619400032094,17.129397405037626,3.579569656811662,VISION,0.0,450.0,0,140.0,257.73,192.27,126.22,13.78,-20.0,0.0
1779273789.43333,257.73,13.78,2.586,242.75640512087978,15.902520110891201,3.7996852584172087,VISION,0.0,450.0,0,140.0,257.73,192.27,126.22,13.78,-20.0,0.0
1779273789.4833627,257.73,13.78,2.586,242.75640512087978,15.902520110891201,3.7996852584172087,VISION,0.0,450.0,0,140.0,257.73,192.27,126.22,13.78,-20.0,0.0
1779273789.5333304,257.73,13.78,2.586,239.0550119035295,13.04114648608832,4.119631263694019,VISION,0.0,450.0,0,140.0,257.73,192.27,126.22,13.78,-20.0,0.0
1779273789.5834494,257.73,13.78,2.586,239.0550119035295,13.04114648608832,4.119631263694019,VISION,0.0,450.0,0,140.0,257.73,192.27,126.22,13.78,-20.0,0.0
1779273789.6334617,236.65842636715124,9.483043269136186,4.51226470979697,236.65842636715124,9.483043269136186,4.51226470979697,ESTIMA,0.0,450.0,0,140.0,236.658,213.342,130.517,9.483,-20.0,0.0
1779273789.6835723,261.17,19.7,2.8,261.17,19.7,2.8,VISION,0.0,450.0,0,140.0,261.17,188.83,120.3,19.7,-20.0,0.0
1779273789.7333531,261.17,19.7,2.8,257.7567691719785,20.913505381673104,2.897247907672641,VISION,0.0,450.0,0,140.0,261.17,188.83,120.3,19.7,-20.0,0.0
1779273789.783376,261.17,19.7,2.8,257.7567691719785,20.913505381673104,2.897247907672641,VISION,0.0,450.0,0,140.0,261.17,188.83,120.3,19.7,-20.0,0.0
1779273789.833598,261.17,19.7,2.8,257.7567691719785,20.913505381673104,2.897247907672641,VISION,0.0,450.0,0,140.0,261.17,188.83,120.3,19.7,-20.0,0.0
1779273789.8833687,261.17,19.7,2.8,253.4776597932832,21.980401044003198,3.3008083725560575,VISION,0.0,450.0,0,140.0,261.17,188.83,120.3,19.7,-20.0,0.0
1779273789.9333386,261.17,19.7,2.8,253.4776597932832,21.980401044003198,3.3008083725560575,VISION,0.0,450.0,0,140.0,261.17,188.83,120.3,19.7,0.0,0.0
1779273789.983449,261.17,19.7,2.8,247.7995695717824,21.06864252386092,3.8272562591123798,VISION,0.0,450.0,0,140.0,261.17,188.83,120.3,19.7,0.0,0.0
1779273790.0334132,261.17,19.7,2.8,247.7995695717824,21.06864252386092,3.8272562591123798,VISION,0.0,450.0,0,140.0,261.17,188.83,120.3,19.7,0.0,0.0
1779273790.0833457,261.17,19.7,2.8,246.6871844419567,20.158631618132635,3.911699591899593,VISION,0.0,450.0,0,140.0,261.17,188.83,120.3,19.7,0.0,0.0
1779273790.133399,261.17,19.7,2.8,246.6871844419567,20.158631618132635,3.911699591899593,VISION,0.0,450.0,0,140.0,261.17,188.83,120.3,19.7,0.0,0.0
1779273790.1833334,261.17,19.7,2.8,246.3754187429454,19.85625759977874,3.851794332086659,VISION,0.0,450.0,0,140.0,261.17,188.83,120.3,19.7,0.0,0.0
1779273790.233624,246.3754187429454,19.85625759977874,3.851794332086659,246.3754187429454,19.856257599778736,3.851794332086659,ESTIMA,0.0,450.0,0,140.0,246.375,203.625,120.144,19.856,0.0,0.0
1779273790.2834086,263.88,25.37,-2.801,263.88,25.37,-2.801,VISION,0.0,450.0,0,140.0,263.88,186.12,114.63,25.37,0.0,0.0
1779273790.3333452,263.88,25.37,-2.801,263.88,25.37,-2.801,VISION,0.0,450.0,0,140.0,263.88,186.12,114.63,25.37,0.0,0.0
1779273790.3833685,263.88,25.37,-2.801,263.88,25.369999999999997,-2.8009999999999997,VISION,0.0,450.0,0,140.0,263.88,186.12,114.63,25.37,0.0,0.0
1779273790.5333707,263.88,25.37,-2.801,263.88,25.369999999999994,-2.8009999999999993,VISION,0.0,450.0,0,140.0,263.88,186.12,114.63,25.37,20.0,0.0
1779273790.5833607,263.88,25.37,-2.801,263.88,25.36999999999999,-2.800999999999999,VISION,0.0,450.0,0,140.0,263.88,186.12,114.63,25.37,0.0,0.0
1779273790.6333613,263.88,25.37,-2.801,263.88,25.36999999999999,-2.800999999999999,VISION,0.0,450.0,0,140.0,263.88,186.12,114.63,25.37,0.0,0.0
1779273790.6833932,263.88,25.37,-2.801,263.19996293388084,25.128992259128978,-2.8536649691295577,VISION,0.0,450.0,0,140.0,263.88,186.12,114.63,25.37,0.0,0.0
1779273790.733363,263.88,25.37,-2.801,263.19996293388084,25.128992259128978,-2.8536649691295577,VISION,0.0,450.0,0,140.0,263.88,186.12,114.63,25.37,0.0,0.0
1779273790.78336,261.63369436392935,24.665130353140565,-2.9153895967225143,261.63369436392935,24.665130353140565,-2.9153895967225143,ESTIMA,0.0,450.0,0,140.0,261.634,188.366,115.335,24.665,0.0,0.0
1779273790.8336372,263.42,28.96,-2.425,263.42,28.96,-2.425,ESTIMA,0.0,450.0,0,140.0,263.42,186.58,111.04,28.96,0.0,0.0
1779273790.883629,263.42,28.96,-2.425,262.7441276206203,28.371276364054403,-2.302589258949663,VISION,0.0,450.0,0,140.0,263.42,186.58,111.04,28.96,0.0,0.0
1779273790.9334033,263.42,28.96,-2.425,262.7441276206203,28.371276364054403,-2.302589258949663,VISION,0.0,450.0,0,140.0,263.42,186.58,111.04,28.96,0.0,0.0
1779273790.9834096,263.42,28.96,-2.425,262.7441276206203,28.3712763640544,-2.3025892589496624,VISION,0.0,450.0,0,140.0,263.42,186.58,111.04,28.96,0.0,0.0
1779273791.0334144,263.42,28.96,-2.425,262.7441276206203,28.3712763640544,-2.3025892589496624,VISION,0.0,450.0,0,140.0,263.42,186.58,111.04,28.96,0.0,0.0
1779273791.0833933,263.42,28.96,-2.425,262.7441276206203,28.371276364054395,-2.302589258949662,VISION,0.0,450.0,0,140.0,263.42,186.58,111.04,28.96,-20.0,0.0
1779273791.1333416,263.42,28.96,-2.425,262.7441276206203,28.371276364054395,-2.302589258949662,VISION,0.0,450.0,0,140.0,263.42,186.58,111.04,28.96,-20.0,0.0
1779273791.1833746,263.42,28.96,-2.425,262.7441276206203,28.371276364054392,-2.3025892589496615,VISION,0.0,450.0,0,140.0,263.42,186.58,111.04,28.96,-20.0,0.0
1779273791.2333963,263.42,28.96,-2.425,262.7441276206203,28.371276364054392,-2.3025892589496615,VISION,0.0,450.0,0,140.0,263.42,186.58,111.04,28.96,-20.0,0.0
1779273791.2833538,263.42,28.96,-2.425,260.98277998137775,26.410195748480294,-2.030794018195539,VISION,0.0,450.0,0,140.0,263.42,186.58,111.04,28.96,-20.0,0.0
1779273791.3333735,263.42,28.96,-2.425,260.98277998137775,26.410195748480294,-2.030794018195539,VISION,0.0,450.0,0,140.0,263.42,186.58,111.04,28.96,-20.0,0.0
1779273791.3833935,260.98277998137775,26.410195748480294,-2.030794018195539,260.98277998137775,26.410195748480294,-2.030794018195539,ESTIMA,0.0,450.0,0,140.0,260.983,189.017,113.59,26.41,-20.0,0.0
1779273791.4336362,264.37,28.24,-2.35,264.37,28.24,-2.35,VISION,0.0,450.0,0,140.0,264.37,185.63,111.76,28.24,-20.0,0.0
1779273791.4833908,264.37,28.24,-2.35,264.37,28.24,-2.35,VISION,0.0,450.0,0,140.0,264.37,185.63,111.76,28.24,-20.0,0.0
1779273791.533464,264.37,28.24,-2.35,261.4545106319328,25.28816508432036,-2.0434742852643124,VISION,0.0,450.0,0,140.0,264.37,185.63,111.76,28.24,-20.0,0.0
1779273791.583439,264.37,28.24,-2.35,261.4545106319328,25.28816508432036,-2.0434742852643124,VISION,0.0,450.0,0,140.0,264.37,185.63,111.76,28.24,-20.0,0.0
1779273791.6333442,264.37,28.24,-2.35,258.97776028580176,20.444513040516643,-1.5467211085398813,VISION,0.0,450.0,0,140.0,264.37,185.63,111.76,28.24,-20.0,0.0
1779273791.6833308,264.37,28.24,-2.35,258.97776028580176,20.444513040516643,-1.5467211085398813,VISION,0.0,450.0,0,140.0,264.37,185.63,111.76,28.24,-20.0,0.0
1779273791.7333868,264.37,28.24,-2.35,259.0794816842828,16.220179806106092,-1.2989239607916023,VISION,0.0,450.0,0,140.0,264.37,185.63,111.76,28.24,-20.0,0.0
1779273791.7834098,264.37,28.24,-2.35,259.7739885983037,13.728898287468946,-1.0627656457042784,VISION,0.0,450.0,0,140.0,264.37,185.63,111.76,28.24,-20.0,0.0
1779273791.8333366,264.37,28.24,-2.35,259.7739885983037,13.728898287468946,-1.0627656457042784,VISION,0.0,450.0,0,140.0,264.37,185.63,111.76,28.24,-20.0,0.0
1779273791.8833733,264.37,28.24,-2.35,259.7739885983037,13.728898287468946,-1.0627656457042784,VISION,0.0,450.0,0,140.0,264.37,185.63,111.76,28.24,-20.0,0.0
1779273791.9333496,264.37,28.24,-2.35,262.3009787084118,9.190287111105992,-0.7581127424299403,VISION,0.0,450.0,0,140.0,264.37,185.63,111.76,28.24,-20.0,0.0
1779273791.9836004,264.8598474538996,6.767381908001413,-0.4363342962685336,264.8598474538996,6.767381908001413,-0.4363342962685336,ESTIMA,0.0,450.0,0,140.0,264.86,185.14,133.233,6.767,-20.0,0.0
1779273792.0334938,263.04,29.69,-2.354,263.04,29.69,-2.354,VISION,0.0,450.0,0,140.0,263.04,186.96,110.31,29.69,-20.0,0.0
1779273792.08338,263.04,29.69,-2.354,263.04,29.69,-2.354,VISION,0.0,450.0,0,140.0,263.04,186.96,110.31,29.69,-20.0,0.0
1779273792.133346,263.04,29.69,-2.354,258.96154750591967,25.593607860750037,-1.9266918725734408,VISION,0.0,450.0,0,140.0,263.04,186.96,110.31,29.69,-20.0,0.0
1779273792.183335,263.04,29.69,-2.354,258.96154750591967,25.593607860750037,-1.9266918725734408,VISION,0.0,450.0,0,140.0,263.04,186.96,110.31,29.69,-20.0,0.0
1779273792.2333732,263.04,29.69,-2.354,258.96154750591967,25.593607860750037,-1.9266918725734408,VISION,0.0,450.0,0,140.0,263.04,186.96,110.31,29.69,-20.0,0.0
1779273792.2833824,263.04,29.69,-2.354,257.8283065079697,21.24886175280156,-1.521402814602497,VISION,0.0,450.0,0,140.0,263.04,186.96,110.31,29.69,-20.0,0.0
1779273792.3333952,263.04,29.69,-2.354,257.8283065079697,21.24886175280156,-1.521402814602497,VISION,0.0,450.0,0,140.0,263.04,186.96,110.31,29.69,-20.0,0.0
1779273792.3835206,263.04,29.69,-2.354,258.07154458328716,16.3283727757339,-1.2332142653408855,VISION,0.0,450.0,0,140.0,263.04,186.96,110.31,29.69,-20.0,0.0
1779273792.433377,263.04,29.69,-2.354,258.07154458328716,16.3283727757339,-1.2332142653408855,VISION,0.0,450.0,0,140.0,263.04,186.96,110.31,29.69,-20.0,0.0
1779273792.483348,263.04,29.69,-2.354,258.07154458328716,16.3283727757339,-1.2332142653408855,VISION,0.0,450.0,0,140.0,263.04,186.96,110.31,29.69,-20.0,0.0
1779273792.5333447,263.04,29.69,-2.354,259.94393371475434,10.994215035403798,-0.8175461831794585,VISION,0.0,450.0,0,140.0,263.04,186.96,110.31,29.69,-20.0,0.0
1779273792.5836053,259.94393371475434,10.994215035403798,-0.8175461831794585,261.82059469958585,8.992839901941865,-0.7157708575901474,ESTIMA,0.0,450.0,0,140.0,259.944,190.056,129.006,10.994,0.0,0.0
1779273792.6336315,259.49,35.27,-1.906,259.49,35.27,-1.906,VISION,0.0,450.0,0,140.0,259.49,190.51,104.73,35.27,0.0,0.0
1779273792.683373,259.49,35.27,-1.906,259.49,35.27,-1.906,VISION,0.0,450.0,0,140.0,259.49,190.51,104.73,35.27,0.0,0.0
1779273792.7333853,259.49,35.27,-1.906,259.49,35.27,-1.906,VISION,0.0,450.0,0,140.0,259.49,190.51,104.73,35.27,0.0,0.0
1779273792.7833495,259.49,35.27,-1.906,257.70380153606834,30.142395309239056,-1.3098885807087572,VISION,0.0,450.0,0,140.0,259.49,190.51,104.73,35.27,0.0,0.0
1779273792.8333404,259.49,35.27,-1.906,258.56079183794,26.93261880997722,-1.065586331719025,VISION,0.0,450.0,0,140.0,259.49,190.51,104.73,35.27,0.0,0.0
1779273792.8833432,259.49,35.27,-1.906,258.56079183794,26.93261880997722,-1.065586331719025,VISION,0.0,450.0,0,140.0,259.49,190.51,104.73,35.27,0.0,0.0
1779273792.9334161,259.49,35.27,-1.906,258.98393204048784,26.167566682608424,-1.0259879195766926,VISION,0.0,450.0,0,140.0,259.49,190.51,104.73,35.27,0.0,0.0
1779273792.9833395,259.49,35.27,-1.906,258.98393204048784,26.167566682608424,-1.0259879195766926,VISION,0.0,450.0,0,140.0,259.49,190.51,104.73,35.27,0.0,0.0
1779273793.0334258,259.49,35.27,-1.906,258.98393204048784,26.16756668260842,-1.0259879195766923,VISION,0.0,450.0,0,140.0,259.49,190.51,104.73,35.27,0.0,0.0
1779273793.083343,259.49,35.27,-1.906,258.98393204048784,26.16756668260842,-1.0259879195766923,VISION,0.0,450.0,0,140.0,259.49,190.51,104.73,35.27,0.0,0.0
1779273793.2335837,254.49,38.56,-1.255,254.49,38.559999999999995,-1.2549999999999997,VISION,0.0,450.0,0,140.0,254.49,195.51,101.44,38.56,20.0,0.0
1779273793.2833507,254.49,38.56,-1.255,254.49,38.559999999999995,-1.2549999999999997,VISION,0.0,450.0,0,140.0,254.49,195.51,101.44,38.56,20.0,0.0
1779273793.3333838,254.49,38.56,-1.255,254.49,38.55999999999999,-1.2549999999999994,VISION,0.0,450.0,0,140.0,254.49,195.51,101.44,38.56,20.0,0.0
1779273793.3833435,254.49,38.56,-1.255,254.49,38.55999999999999,-1.2549999999999994,VISION,0.0,450.0,0,140.0,254.49,195.51,101.44,38.56,20.0,0.0
1779273793.4333508,254.49,38.56,-1.255,254.9422418515682,37.17585686051134,-1.3560416450837898,VISION,0.0,450.0,0,140.0,254.49,195.51,101.44,38.56,20.0,0.0
1779273793.4833386,254.49,38.56,-1.255,254.9422418515682,37.17585686051134,-1.3560416450837898,VISION,0.0,450.0,0,140.0,254.49,195.51,101.44,38.56,20.0,0.0
1779273793.5333395,254.49,38.56,-1.255,255.31637984671096,35.46055764145926,-1.3632926687284417,VISION,0.0,450.0,0,140.0,254.49,195.51,101.44,38.56,20.0,0.0
1779273793.583398,254.49,38.56,-1.255,255.31637984671096,35.46055764145926,-1.3632926687284417,VISION,0.0,450.0,0,140.0,254.49,195.51,101.44,38.56,20.0,0.0
1779273793.6333477,254.49,38.56,-1.255,255.87251947982315,32.818991765132765,-1.3343842481418635,VISION,0.0,450.0,0,140.0,254.49,195.51,101.44,38.56,20.0,0.0
1779273793.6833403,254.49,38.56,-1.255,255.87251947982315,32.818991765132765,-1.3343842481418635,VISION,0.0,450.0,0,140.0,254.49,195.51,101.44,38.56,20.0,0.0
1779273793.7334414,255.87251947982315,32.818991765132765,-1.3343842481418635,255.87251947982315,32.818991765132765,-1.3343842481418635,ESTIMA,0.0,450.0,0,140.0,255.873,194.127,107.181,32.819,20.0,0.0
1779273793.7834632,252.53,38.56,-1.115,252.53,38.56,-1.115,VISION,0.0,450.0,0,140.0,252.53,197.47,101.44,38.56,20.0,0.0
1779273793.8333526,252.53,38.56,-1.115,252.53,38.56,-1.115,VISION,0.0,450.0,0,140.0,252.53,197.47,101.44,38.56,20.0,0.0
1779273793.8833425,252.53,38.56,-1.115,253.24116508968177,37.10930606505922,-1.042641452898654,VISION,0.0,450.0,0,140.0,252.53,197.47,101.44,38.56,20.0,0.0
1779273793.9334028,252.53,38.56,-1.115,253.24116508968177,37.10930606505922,-1.042641452898654,VISION,0.0,450.0,0,140.0,252.53,197.47,101.44,38.56,20.0,0.0
1779273793.9833636,252.53,38.56,-1.115,254.61964947515443,34.746626588830686,-0.9180068433092783,VISION,0.0,450.0,0,140.0,252.53,197.47,101.44,38.56,20.0,0.0
1779273794.0335932,252.53,38.56,-1.115,255.43631370634506,33.678554566701074,-0.920200194365795,VISION,0.0,450.0,0,140.0,252.53,197.47,101.44,38.56,20.0,0.0
1779273794.0833678,252.53,38.56,-1.115,255.43631370634506,33.678554566701074,-0.920200194365795,VISION,0.0,450.0,0,140.0,252.53,197.47,101.44,38.56,20.0,0.0
1779273794.1334224,252.53,38.56,-1.115,256.8479114465412,31.823984321192462,-0.8783289526372874,VISION,0.0,450.0,0,140.0,252.53,197.47,101.44,38.56,20.0,0.0
1779273794.183365,252.53,38.56,-1.115,256.8479114465412,31.823984321192462,-0.8783289526372874,VISION,0.0,450.0,0,140.0,252.53,197.47,101.44,38.56,20.0,0.0
1779273794.233489,252.53,38.56,-1.115,256.8479114465412,31.823984321192462,-0.8783289526372874,VISION,0.0,450.0,0,140.0,252.53,197.47,101.44,38.56,20.0,0.0
1779273794.2834086,252.53,38.56,-1.115,258.2606862996003,30.12080490640632,-0.7776206154099919,VISION,0.0,450.0,0,140.0,252.53,197.47,101.44,38.56,20.0,0.0
1779273794.333624,259.644927657463,28.75792980941699,-0.6848530640494249,259.644927657463,28.75792980941699,-0.6848530640494249,ESTIMA,0.0,450.0,0,140.0,259.645,190.355,111.242,28.758,20.0,0.0
1779273794.3834138,258.0,42.75,-0.932,258.0,42.75,-0.932,VISION,0.0,450.0,0,140.0,258.0,192.0,97.25,42.75,20.0,0.0
1779273794.4333968,258.0,42.75,-0.932,258.0,42.75,-0.932,VISION,0.0,450.0,0,140.0,258.0,192.0,97.25,42.75,20.0,0.0
1779273794.4833498,258.0,42.75,-0.932,259.90780112926905,40.18117483759886,-0.857413037597955,VISION,0.0,450.0,0,140.0,258.0,192.0,97.25,42.75,20.0,0.0
1779273794.5333474,258.0,42.75,-0.932,259.90780112926905,40.18117483759886,-0.857413037597955,VISION,0.0,450.0,0,140.0,258.0,192.0,97.25,42.75,20.0,0.0
1779273794.5834208,258.0,42.75,-0.932,261.4701331190357,38.3759053352599,-0.7982161546424259,VISION,0.0,450.0,0,140.0,258.0,192.0,97.25,42.75,20.0,0.0
1779273794.6333547,258.0,42.75,-0.932,261.4701331190357,38.3759053352599,-0.7982161546424259,VISION,0.0,450.0,0,140.0,258.0,192.0,97.25,42.75,20.0,0.0
1779273794.683345,258.0,42.75,-0.932,262.94003315721994,36.86783156417828,-0.7487712327268219,VISION,0.0,450.0,0,140.0,258.0,192.0,97.25,42.75,20.0,0.0
1779273794.7333505,258.0,42.75,-0.932,262.94003315721994,36.86783156417828,-0.7487712327268219,VISION,0.0,450.0,0,140.0,258.0,192.0,97.25,42.75,20.0,0.0
1779273794.7833416,258.0,42.75,-0.932,265.24279440656477,34.7278665470823,-0.7412006358942608,VISION,0.0,450.0,0,140.0,258.0,192.0,97.25,42.75,20.0,0.0
1779273794.8333411,258.0,42.75,-0.932,265.24279440656477,34.7278665470823,-0.7412006358942608,VISION,0.0,450.0,0,140.0,258.0,192.0,97.25,42.75,20.0,0.0
1779273794.8833637,258.0,42.75,-0.932,266.6461296388877,33.4434027963512,-0.6497982044881292,VISION,0.0,450.0,0,140.0,258.0,192.0,97.25,42.75,20.0,0.0
1779273794.9335618,267.11,52.15,-0.752,267.11,52.15,-0.752,ESTIMA,0.0,450.0,0,140.0,267.11,182.89,87.85,52.15,20.0,0.0
1779273794.9834926,267.11,52.15,-0.752,267.11,52.15,-0.752,VISION,0.0,450.0,0,140.0,267.11,182.89,87.85,52.15,20.0,0.0
1779273795.0334382,267.11,52.15,-0.752,267.11,52.15,-0.752,VISION,0.0,450.0,0,140.0,267.11,182.89,87.85,52.15,20.0,0.0
1779273795.0833485,267.11,52.15,-0.752,271.0089588899072,48.503150980184586,-0.7339921225712243,VISION,0.0,450.0,0,140.0,267.11,182.89,87.85,52.15,20.0,0.0
1779273795.1333566,267.11,52.15,-0.752,272.03715202885513,47.575584360752345,-0.7002090197586717,VISION,0.0,450.0,0,140.0,267.11,182.89,87.85,52.15,20.0,0.0
1779273795.183467,267.11,52.15,-0.752,273.3086836163828,46.5041336697946,-0.6561992784623227,VISION,0.0,450.0,0,140.0,267.11,182.89,87.85,52.15,20.0,0.0
1779273795.2333994,267.11,52.15,-0.752,273.3086836163828,46.5041336697946,-0.6561992784623227,VISION,0.0,450.0,0,140.0,267.11,182.89,87.85,52.15,20.0,0.0
1779273795.2833977,267.11,52.15,-0.752,275.0749837573838,45.14402471261101,-0.593772219062769,VISION,0.0,450.0,0,140.0,267.11,182.89,87.85,52.15,20.0,0.0
1779273795.3333738,267.11,52.15,-0.752,275.0749837573838,45.14402471261101,-0.593772219062769,VISION,0.0,450.0,0,140.0,267.11,182.89,87.85,52.15,20.0,0.0
1779273795.3834555,267.11,52.15,-0.752,277.0825339128882,43.78886245325277,-0.4660115113950168,VISION,0.0,450.0,0,140.0,267.11,182.89,87.85,52.15,20.0,0.0
1779273795.43336,267.11,52.15,-0.752,277.0825339128882,43.78886245325277,-0.4660115113950168,VISION,0.0,450.0,0,140.0,267.11,182.89,87.85,52.15,20.0,0.0
1779273795.4835145,279.57694022583405,42.53427989462203,-0.39373077390044525,279.57694022583405,42.53427989462203,-0.39373077390044525,ESTIMA,0.0,450.0,0,140.0,279.577,170.423,97.466,42.534,20.0,0.0
1779273795.5335763,273.41,63.97,-0.509,273.41,63.97,-0.509,ESTIMA,0.0,450.0,0,140.0,273.41,176.59,76.03,63.97,20.0,0.0
1779273795.583451,273.41,63.97,-0.509,275.1251242947426,63.01288077534648,-0.40697156973565035,VISION,0.0,450.0,0,140.0,273.41,176.59,76.03,63.97,20.0,0.0
1779273795.633394,273.41,63.97,-0.509,275.1251242947426,63.01288077534648,-0.40697156973565035,VISION,0.0,450.0,0,140.0,273.41,176.59,76.03,63.97,20.0,0.0
1779273795.68339,273.41,63.97,-0.509,275.1251242947426,63.01288077534648,-0.40697156973565035,VISION,0.0,450.0,0,140.0,273.41,176.59,76.03,63.97,20.0,0.0
1779273795.733411,273.41,63.97,-0.509,278.75474156484773,61.448387196825045,-0.2954771337311946,VISION,0.0,450.0,0,140.0,273.41,176.59,76.03,63.97,20.0,0.0
1779273795.7834017,273.41,63.97,-0.509,279.7601830411875,61.14234339434802,-0.20250011505634877,VISION,0.0,450.0,0,140.0,273.41,176.59,76.03,63.97,20.0,0.0
1779273795.8334007,273.41,63.97,-0.509,279.7601830411875,61.14234339434802,-0.20250011505634877,VISION,0.0,450.0,0,140.0,273.41,176.59,76.03,63.97,20.0,0.0
1779273795.8834317,273.41,63.97,-0.509,279.7601830411875,61.14234339434802,-0.20250011505634877,VISION,0.0,450.0,0,140.0,273.41,176.59,76.03,63.97,20.0,0.0
1779273795.933482,273.41,63.97,-0.509,282.33489375035396,60.61371870193399,-0.0539528899193463,VISION,0.0,450.0,0,140.0,273.41,176.59,76.03,63.97,20.0,0.0
1779273795.9834101,273.41,63.97,-0.509,284.3767618983956,60.50344699658069,0.0621310348189706,VISION,0.0,450.0,0,140.0,273.41,176.59,76.03,63.97,20.0,0.0
1779273796.0334277,273.41,63.97,-0.509,284.3767618983956,60.50344699658069,0.0621310348189706,VISION,0.0,450.0,0,140.0,273.41,176.59,76.03,63.97,20.0,0.0
1779273796.0835865,284.3767618983956,60.50344699658069,0.0621310348189706,284.3767618983956,60.50344699658069,0.0621310348189706,ESTIMA,0.0,450.0,0,140.0,284.377,165.623,79.497,60.503,20.0,0.0
1779273796.1336784,276.17,77.59,-0.198,276.17,77.59,-0.198,ESTIMA,0.0,450.0,0,140.0,276.17,173.83,62.41,77.59,20.0,0.0
1779273796.1833975,276.17,77.59,-0.198,276.17,77.59,-0.198,VISION,0.0,450.0,0,140.0,276.17,173.83,62.41,77.59,20.0,0.0
1779273796.233367,276.17,77.59,-0.198,276.17,77.59,-0.198,VISION,0.0,450.0,0,140.0,276.17,173.83,62.41,77.59,20.0,0.0
1779273796.2835531,276.17,77.59,-0.198,279.1579862018447,76.99052423112914,0.07444392894198382,VISION,0.0,450.0,0,140.0,276.17,173.83,62.41,77.59,20.0,0.0
1779273796.3333561,276.17,77.59,-0.198,279.5273426472132,77.01807148293844,0.08561085939237466,VISION,0.0,450.0,0,140.0,276.17,173.83,62.41,77.59,20.0,0.0
1779273796.383353,276.17,77.59,-0.198,279.5273426472132,77.01807148293844,0.08561085939237466,VISION,0.0,450.0,0,140.0,276.17,173.83,62.41,77.59,20.0,0.0
1779273796.4333503,276.17,77.59,-0.198,282.53629271342595,77.27630146716902,0.18131616581821391,VISION,0.0,450.0,0,140.0,276.17,173.83,62.41,77.59,20.0,0.0
1779273796.4834008,276.17,77.59,-0.198,282.53629271342595,77.27630146716902,0.18131616581821391,VISION,0.0,450.0,0,140.0,276.17,173.83,62.41,77.59,20.0,0.0
1779273796.5333984,276.17,77.59,-0.198,284.7514786062871,77.68241061850637,0.3128788473490959,VISION,0.0,450.0,0,140.0,276.17,173.83,62.41,77.59,20.0,0.0
1779273796.5833921,276.17,77.59,-0.198,284.7514786062871,77.68241061850637,0.3128788473490959,VISION,0.0,450.0,0,140.0,276.17,173.83,62.41,77.59,20.0,0.0
1779273796.633412,276.17,77.59,-0.198,287.68287528805683,78.6307311898314,0.41284190889319106,VISION,0.0,450.0,0,140.0,276.17,173.83,62.41,77.59,20.0,0.0
1779273796.6835015,287.68287528805683,78.6307311898314,0.41284190889319106,287.68287528805683,78.6307311898314,0.41284190889319106,ESTIMA,0.0,450.0,0,140.0,287.683,162.317,61.369,78.631,20.0,0.0
1779273796.7334685,275.38,92.89,0.008,275.38,92.89,0.008,VISION,0.0,450.0,0,140.0,275.38,174.62,47.11,92.89,0.0,0.0
1779273796.7833908,275.38,92.89,0.008,279.1876747610814,92.92046204794845,0.13006618812565848,VISION,0.0,450.0,0,140.0,275.38,174.62,47.11,92.89,0.0,0.0
1779273796.8334148,275.38,92.89,0.008,280.3670708886805,93.0747325314971,0.16677197495550816,VISION,0.0,450.0,0,140.0,275.38,174.62,47.11,92.89,0.0,0.0
1779273796.8834069,275.38,92.89,0.008,280.3670708886805,93.0747325314971,0.16677197495550816,VISION,0.0,450.0,0,140.0,275.38,174.62,47.11,92.89,0.0,0.0
1779273796.9335058,275.38,92.89,0.008,280.3670708886805,93.0747325314971,0.16677197495550816,VISION,0.0,450.0,0,140.0,275.38,174.62,47.11,92.89,0.0,0.0
1779273796.9834182,275.38,92.89,0.008,283.8335643123332,93.65826646563741,0.22006217100961037,VISION,0.0,450.0,0,140.0,275.38,174.62,47.11,92.89,0.0,0.0
1779273797.0334308,275.38,92.89,0.008,284.77288702832675,93.86837858776322,0.19401606440505448,VISION,0.0,450.0,0,140.0,275.38,174.62,47.11,92.89,0.0,0.0
1779273797.0833707,275.38,92.89,0.008,284.77288702832675,93.86837858776322,0.19401606440505448,VISION,0.0,450.0,0,140.0,275.38,174.62,47.11,92.89,0.0,0.0
1779273797.1333642,275.38,92.89,0.008,286.36347974349826,94.18091046868003,0.019173343796826142,VISION,0.0,450.0,0,140.0,275.38,174.62,47.11,92.89,0.0,0.0
1779273797.1833694,275.38,92.89,0.008,286.36347974349826,94.18091046868003,0.019173343796826142,VISION,0.0,450.0,0,140.0,275.38,174.62,47.11,92.89,0.0,0.0
1779273797.2333646,286.36347974349826,94.18091046868003,0.019173343796826142,286.36347974349826,94.18091046868003,0.019173343796826142,ESTIMA,0.0,450.0,0,140.0,286.363,163.637,45.819,94.181,0.0,0.0
1779273797.2838902,271.82,108.48,0.173,271.82,108.48,0.173,ESTIMA,0.0,450.0,0,140.0,271.82,178.18,31.52,108.48,-20.0,0.0
1779273797.333417,271.82,108.48,0.173,271.82,108.48,0.17300000000000015,VISION,0.0,450.0,0,140.0,271.82,178.18,31.52,108.48,-20.0,0.0
1779273797.3834467,271.82,108.48,0.173,271.82,108.48,0.17300000000000015,VISION,0.0,450.0,0,140.0,271.82,178.18,31.52,108.48,-20.0,0.0
1779273797.4333942,271.82,108.48,0.173,271.82,108.48,0.17300000000000015,VISION,0.0,450.0,0,140.0,271.82,178.18,31.52,108.48,-20.0,0.0
1779273797.4833825,271.82,108.48,0.173,277.5804507604983,109.48662045730211,0.43885375984888014,VISION,0.0,450.0,0,140.0,271.82,178.18,31.52,108.48,-20.0,0.0
1779273797.5333726,271.82,108.48,0.173,279.8243563369453,110.53986709080789,0.6653268983695755,VISION,0.0,450.0,0,140.0,271.82,178.18,31.52,108.48,-20.0,0.0
1779273797.5835016,271.82,108.48,0.173,279.8243563369453,110.53986709080789,0.6653268983695755,VISION,0.0,450.0,0,140.0,271.82,178.18,31.52,108.48,-20.0,0.0
1779273797.633416,271.82,108.48,0.173,283.480513836841,113.40876585750841,1.0079476640633382,VISION,0.0,450.0,0,140.0,271.82,178.18,31.52,108.48,-20.0,0.0
1779273797.6833718,271.82,108.48,0.173,283.480513836841,113.40876585750841,1.0079476640633382,VISION,0.0,450.0,0,140.0,271.82,178.18,31.52,108.48,-20.0,0.0
1779273797.7334645,271.82,108.48,0.173,285.67285029778094,116.8835630052321,1.3837377599046696,VISION,0.0,450.0,0,140.0,271.82,178.18,31.52,108.48,-20.0,0.0
1779273797.7833562,271.82,108.48,0.173,285.67285029778094,116.8835630052321,1.3837377599046696,VISION,0.0,450.0,0,140.0,271.82,178.18,31.52,108.48,-20.0,0.0
1779273797.8336165,285.67285029778094,116.8835630052321,1.3837377599046696,286.4480749424202,120.97940077698065,1.7652682684998378,ESTIMA,0.0,450.0,0,140.0,285.673,164.327,23.116,116.884,-20.0,0.0
1779273797.883521,269.12,115.67,0.265,269.12,115.67,0.265,VISION,0.0,450.0,0,140.0,269.12,180.88,24.33,115.67,-20.0,0.0
1779273797.9334087,269.12,115.67,0.265,269.12,115.67,0.265,VISION,0.0,450.0,0,140.0,269.12,180.88,24.33,115.67,-20.0,0.0
1779273797.9834003,269.12,115.67,0.265,274.27925530889956,117.07013188468096,0.7554020350336013,VISION,0.0,450.0,0,140.0,269.12,180.88,24.33,115.67,-20.0,0.0
1779273798.033475,269.12,115.67,0.265,276.3529995621009,119.02305545397594,0.965392145677516,VISION,0.0,450.0,0,140.0,269.12,180.88,24.33,115.67,-20.0,0.0
1779273798.0834463,269.12,115.67,0.265,276.3529995621009,119.02305545397594,0.965392145677516,VISION,0.0,450.0,0,140.0,269.12,180.88,24.33,115.67,-20.0,0.0
1779273798.1334405,269.12,115.67,0.265,276.3529995621009,119.02305545397594,0.965392145677516,VISION,0.0,450.0,0,140.0,269.12,180.88,24.33,115.67,-20.0,0.0
1779273798.1834192,269.12,115.67,0.265,278.4956304076117,122.11889588269109,1.3888326483499738,VISION,0.0,450.0,0,140.0,269.12,180.88,24.33,115.67,-20.0,0.0
1779273798.2336226,269.12,115.67,0.265,278.4956304076117,122.11889588269109,1.3888326483499738,VISION,0.0,450.0,0,140.0,269.12,180.88,24.33,115.67,-20.0,0.0
1779273798.2834413,269.12,115.67,0.265,279.23170979198005,126.1193499660565,1.7547469891839327,VISION,0.0,450.0,0,140.0,269.12,180.88,24.33,115.67,-20.0,0.0
1779273798.333369,269.12,115.67,0.265,279.23170979198005,126.1193499660565,1.7547469891839327,VISION,0.0,450.0,0,140.0,269.12,180.88,24.33,115.67,-20.0,0.0
1779273798.3834033,269.12,115.67,0.265,278.4141626757386,130.51348963331333,2.164767549994727,VISION,0.0,450.0,0,140.0,269.12,180.88,24.33,115.67,-20.0,0.0
1779273798.4335053,278.4141626757386,130.51348963331333,2.164767549994727,278.4141626757386,130.51348963331333,2.164767549994727,ESTIMA,0.0,450.0,0,140.0,278.414,171.586,9.487,130.513,-20.0,0.0
1779273798.4834435,270.36,110.96,0.395,270.36,110.96,0.395,VISION,0.0,450.0,0,140.0,270.36,179.64,29.04,110.96,-20.0,0.0
1779273798.5334065,270.36,110.96,0.395,276.1461384282998,113.37230957378935,0.9688107909391032,VISION,0.0,450.0,0,140.0,270.36,179.64,29.04,110.96,-20.0,0.0
1779273798.583405,270.36,110.96,0.395,277.4181271975402,115.22367169763457,1.1745526121170824,VISION,0.0,450.0,0,140.0,270.36,179.64,29.04,110.96,-20.0,0.0
1779273798.6334088,270.36,110.96,0.395,277.4181271975402,115.22367169763457,1.1745526121170824,VISION,0.0,450.0,0,140.0,270.36,179.64,29.04,110.96,-20.0,0.0
1779273798.683366,270.36,110.96,0.395,277.4181271975402,115.22367169763457,1.1745526121170824,VISION,0.0,450.0,0,140.0,270.36,179.64,29.04,110.96,-20.0,0.0
1779273798.7333665,270.36,110.96,0.395,279.47691627905186,120.14461934718902,1.6615450403886347,VISION,0.0,450.0,0,140.0,270.36,179.64,29.04,110.96,-20.0,0.0
1779273798.783402,270.36,110.96,0.395,279.2174082617454,122.99639804102665,1.8731748857987585,VISION,0.0,450.0,0,140.0,270.36,179.64,29.04,110.96,-20.0,0.0
1779273798.8334067,270.36,110.96,0.395,279.2174082617454,122.99639804102665,1.8731748857987585,VISION,0.0,450.0,0,140.0,270.36,179.64,29.04,110.96,0.0,0.0
1779273798.8834014,270.36,110.96,0.395,279.2174082617454,122.99639804102665,1.8731748857987585,VISION,0.0,450.0,0,140.0,270.36,179.64,29.04,110.96,0.0,0.0
1779273798.9334009,270.36,110.96,0.395,277.40084291270216,128.8197618586604,2.322267988383255,VISION,0.0,450.0,0,140.0,270.36,179.64,29.04,110.96,0.0,0.0
1779273798.9834425,275.36171853118867,131.0021628017551,2.4852392465944986,275.36171853118867,131.0021628017551,2.4852392465944986,ESTIMA,0.0,450.0,0,140.0,275.362,174.638,8.998,131.002,0.0,0.0
1779273799.0337303,272.77,104.65,1.087,272.77,104.65,1.087,ESTIMA,0.0,450.0,0,140.0,272.77,177.23,35.35,104.65,0.0,0.0
1779273799.0834904,272.77,104.65,1.087,273.7146884859584,106.44788036021218,1.0859062133806423,VISION,0.0,450.0,0,140.0,272.77,177.23,35.35,104.65,0.0,0.0
1779273799.133376,272.77,104.65,1.087,273.7146884859584,106.44788036021218,1.0859062133806423,VISION,0.0,450.0,0,140.0,272.77,177.23,35.35,104.65,0.0,0.0
1779273799.1834102,272.77,104.65,1.087,273.7146884859584,106.44788036021218,1.0859062133806423,VISION,0.0,450.0,0,140.0,272.77,177.23,35.35,104.65,0.0,0.0
1779273799.233419,272.77,104.65,1.087,273.9212888090151,106.84002870547144,1.0247693005895873,VISION,0.0,450.0,0,140.0,272.77,177.23,35.35,104.65,0.0,0.0
1779273799.2833898,272.77,104.65,1.087,273.9212888090151,106.84002870547144,1.0247693005895875,VISION,0.0,450.0,0,140.0,272.77,177.23,35.35,104.65,0.0,0.0
1779273799.3334026,272.77,104.65,1.087,273.9212888090151,106.84002870547144,1.0247693005895875,VISION,0.0,450.0,0,140.0,272.77,177.23,35.35,104.65,0.0,0.0
1779273799.4834094,272.77,104.65,1.087,273.9212888090151,106.84002870547144,1.0247693005895877,VISION,0.0,450.0,0,140.0,272.77,177.23,35.35,104.65,20.0,0.0
1779273799.533404,272.77,104.65,1.087,273.9212888090151,106.84002870547144,1.024769300589588,VISION,0.0,450.0,0,140.0,272.77,177.23,35.35,104.65,20.0,0.0
1779273799.5835013,274.2631088050197,107.40255456190947,0.9739970516950543,274.2631088050197,107.40255456190947,0.9739970516950543,ESTIMA,0.0,450.0,0,140.0,274.263,175.737,32.597,107.403,20.0,0.0
1779273799.6336088,278.99,100.35,1.986,278.99,100.35,1.986,ESTIMA,0.0,450.0,0,140.0,278.99,171.01,39.65,100.35,20.0,0.0
1779273799.6834157,278.99,100.35,1.986,278.99,100.35,1.986,VISION,0.0,450.0,0,140.0,278.99,171.01,39.65,100.35,20.0,0.0
1779273799.7335548,278.99,100.35,1.986,277.852668105661,102.92996700085286,1.935458893197016,VISION,0.0,450.0,0,140.0,278.99,171.01,39.65,100.35,20.0,0.0
1779273799.783405,278.99,100.35,1.986,277.852668105661,102.92996700085286,1.935458893197016,VISION,0.0,450.0,0,140.0,278.99,171.01,39.65,100.35,20.0,0.0
1779273799.8333805,278.99,100.35,1.986,277.4147858277331,104.07705022610858,1.9731421062006718,VISION,0.0,450.0,0,140.0,278.99,171.01,39.65,100.35,20.0,0.0
1779273799.8834062,278.99,100.35,1.986,277.4147858277331,104.07705022610858,1.9731421062006718,VISION,0.0,450.0,0,140.0,278.99,171.01,39.65,100.35,20.0,0.0
1779273799.933406,278.99,100.35,1.986,276.44957860002984,106.34513183597147,1.948324616021891,VISION,0.0,450.0,0,140.0,278.99,171.01,39.65,100.35,20.0,0.0
1779273799.9833713,278.99,100.35,1.986,276.44957860002984,106.34513183597147,1.948324616021891,VISION,0.0,450.0,0,140.0,278.99,171.01,39.65,100.35,20.0,0.0
1779273800.0334117,278.99,100.35,1.986,275.68567171914356,108.27151642566412,1.9771464813123205,VISION,0.0,450.0,0,140.0,278.99,171.01,39.65,100.35,20.0,0.0
1779273800.0833988,278.99,100.35,1.986,275.68567171914356,108.27151642566412,1.9771464813123205,VISION,0.0,450.0,0,140.0,278.99,171.01,39.65,100.35,20.0,0.0
1779273800.1334095,278.99,100.35,1.986,274.71021380073176,110.53844826874283,2.02132652832518,VISION,0.0,450.0,0,140.0,278.99,171.01,39.65,100.35,20.0,0.0
1779273800.1834595,274.71021380073176,110.53844826874283,2.02132652832518,274.71021380073176,110.53844826874283,2.02132652832518,ESTIMA,0.0,450.0,0,140.0,274.71,175.29,29.462,110.538,20.0,0.0
1779273800.2334518,278.7,100.0,2.035,277.2728662698716,102.85030397783933,2.1002549537022883,VISION,0.0,450.0,0,140.0,278.7,171.3,40.0,100.0,20.0,0.0
1779273800.2833803,278.7,100.0,2.035,277.2728662698716,102.85030397783933,2.1002549537022883,VISION,0.0,450.0,0,140.0,278.7,171.3,40.0,100.0,20.0,0.0
1779273800.333453,278.7,100.0,2.035,276.3134533056738,104.48979360647111,2.1909281397926157,VISION,0.0,450.0,0,140.0,278.7,171.3,40.0,100.0,20.0,0.0
1779273800.383421,278.7,100.0,2.035,276.3134533056738,104.48979360647111,2.1909281397926157,VISION,0.0,450.0,0,140.0,278.7,171.3,40.0,100.0,20.0,0.0
1779273800.433374,278.7,100.0,2.035,275.1795066808365,106.07771391358116,2.284184518859067,VISION,0.0,450.0,0,140.0,278.7,171.3,40.0,100.0,20.0,0.0
1779273800.4833705,278.7,100.0,2.035,275.1795066808365,106.07771391358116,2.284184518859067,VISION,0.0,450.0,0,140.0,278.7,171.3,40.0,100.0,20.0,0.0
1779273800.533385,278.7,100.0,2.035,273.51087085867994,108.00579804225548,2.3364735717120446,VISION,0.0,450.0,0,140.0,278.7,171.3,40.0,100.0,20.0,0.0
1779273800.5834165,278.7,100.0,2.035,273.51087085867994,108.00579804225548,2.3364735717120446,VISION,0.0,450.0,0,140.0,278.7,171.3,40.0,100.0,20.0,0.0
1779273800.6334896,278.7,100.0,2.035,271.98260006593165,109.59556742387436,2.4392095899659485,VISION,0.0,450.0,0,140.0,278.7,171.3,40.0,100.0,20.0,0.0
1779273800.6834073,278.7,100.0,2.035,271.98260006593165,109.59556742387436,2.4392095899659485,VISION,0.0,450.0,0,140.0,278.7,171.3,40.0,100.0,20.0,0.0
1779273800.7335424,278.7,100.0,2.035,269.8838462906517,111.37189030513338,2.445449857733031,VISION,0.0,450.0,0,140.0,278.7,171.3,40.0,100.0,20.0,0.0
1779273800.7838612,270.16,93.7,2.261,270.16,93.7,2.261,ESTIMA,0.0,450.0,0,140.0,270.16,179.84,46.3,93.7,20.0,0.0
1779273800.8334286,270.16,93.7,2.261,270.16,93.7,2.261,VISION,0.0,450.0,0,140.0,270.16,179.84,46.3,93.7,20.0,0.0
1779273800.8833911,270.16,93.7,2.261,268.65663427956895,95.52076387542729,2.379390382099028,VISION,0.0,450.0,0,140.0,270.16,179.84,46.3,93.7,20.0,0.0
1779273800.9334328,270.16,93.7,2.261,268.65663427956895,95.52076387542729,2.379390382099028,VISION,0.0,450.0,0,140.0,270.16,179.84,46.3,93.7,20.0,0.0
1779273800.9834251,270.16,93.7,2.261,268.65663427956895,95.52076387542729,2.379390382099028,VISION,0.0,450.0,0,140.0,270.16,179.84,46.3,93.7,20.0,0.0
1779273801.0334973,270.16,93.7,2.261,265.71674861322697,98.32733152049285,2.4901015531043798,VISION,0.0,450.0,0,140.0,270.16,179.84,46.3,93.7,20.0,0.0
1779273801.0834422,270.16,93.7,2.261,265.0015432940605,98.87271841313883,2.51465985528181,VISION,0.0,450.0,0,140.0,270.16,179.84,46.3,93.7,20.0,0.0
1779273801.1334355,270.16,93.7,2.261,265.0015432940605,98.87271841313883,2.51465985528181,VISION,0.0,450.0,0,140.0,270.16,179.84,46.3,93.7,20.0,0.0
1779273801.183459,270.16,93.7,2.261,263.17901395350225,100.19300868744563,2.6332499630576307,VISION,0.0,450.0,0,140.0,270.16,179.84,46.3,93.7,20.0,0.0
1779273801.233402,270.16,93.7,2.261,263.17901395350225,100.19300868744563,2.6332499630576307,VISION,0.0,450.0,0,140.0,270.16,179.84,46.3,93.7,20.0,0.0
1779273801.2834575,270.16,93.7,2.261,260.6074822937371,101.62582723851637,2.7096216384625977,VISION,0.0,450.0,0,140.0,270.16,179.84,46.3,93.7,20.0,0.0
1779273801.3334653,260.6074822937371,101.62582723851637,2.7096216384625977,260.6074822937371,101.62582723851637,2.7096216384625977,ESTIMA,0.0,450.0,0,140.0,260.607,189.393,38.374,101.626,20.0,0.0
1779273801.383819,261.74,83.71,2.436,261.74,83.71,2.436,ESTIMA,0.0,450.0,0,140.0,261.74,188.26,56.29,83.71,20.0,0.0
1779273801.433447,261.74,83.71,2.436,261.74,83.71,2.436,VISION,0.0,450.0,0,140.0,261.74,188.26,56.29,83.71,20.0,0.0
1779273801.4834416,261.74,83.71,2.436,259.241163914642,85.83874369203534,2.5264849150800974,VISION,0.0,450.0,0,140.0,261.74,188.26,56.29,83.71,20.0,0.0
1779273801.533439,261.74,83.71,2.436,259.241163914642,85.83874369203534,2.5264849150800974,VISION,0.0,450.0,0,140.0,261.74,188.26,56.29,83.71,20.0,0.0
1779273801.583527,261.74,83.71,2.436,257.737985102612,86.90081313736343,2.6267781624708264,VISION,0.0,450.0,0,140.0,261.74,188.26,56.29,83.71,20.0,0.0
1779273801.6334424,261.74,83.71,2.436,257.737985102612,86.90081313736343,2.6267781624708264,VISION,0.0,450.0,0,140.0,261.74,188.26,56.29,83.71,20.0,0.0
1779273801.683448,261.74,83.71,2.436,255.81699134346582,87.98751295326886,2.7502644776736966,VISION,0.0,450.0,0,140.0,261.74,188.26,56.29,83.71,20.0,0.0
1779273801.7334547,261.74,83.71,2.436,255.81699134346582,87.98751295326886,2.7502644776736966,VISION,0.0,450.0,0,140.0,261.74,188.26,56.29,83.71,20.0,0.0
1779273801.783454,261.74,83.71,2.436,253.0575612615175,89.12607686522517,2.8435953702214234,VISION,0.0,450.0,0,140.0,261.74,188.26,56.29,83.71,20.0,0.0
1779273801.8334432,261.74,83.71,2.436,253.0575612615175,89.12607686522517,2.8435953702214234,VISION,0.0,450.0,0,140.0,261.74,188.26,56.29,83.71,20.0,0.0
1779273801.883441,261.74,83.71,2.436,250.9960379062959,89.75925985026099,2.9633835032017846,VISION,0.0,450.0,0,140.0,261.74,188.26,56.29,83.71,20.0,0.0
1779273801.9335504,250.9960379062959,89.75925985026099,2.9633835032017846,250.9960379062959,89.75925985026099,2.9633835032017846,ESTIMA,0.0,450.0,0,140.0,250.996,199.004,50.241,89.759,20.0,0.0
1779273801.9836047,254.7,71.03,2.61,254.7,71.03,2.61,VISION,0.0,450.0,0,140.0,254.7,195.3,68.97,71.03,20.0,0.0
1779273802.0334957,254.7,71.03,2.61,251.704043621981,72.79179738082483,2.7985265903399688,VISION,0.0,450.0,0,140.0,254.7,195.3,68.97,71.03,20.0,0.0
1779273802.0835488,254.7,71.03,2.61,250.97764052854174,73.05126155855126,2.8407788805271386,VISION,0.0,450.0,0,140.0,254.7,195.3,68.97,71.03,20.0,0.0
1779273802.1334395,254.7,71.03,2.61,250.97764052854174,73.05126155855126,2.8407788805271386,VISION,0.0,450.0,0,140.0,254.7,195.3,68.97,71.03,20.0,0.0
1779273802.18342,254.7,71.03,2.61,250.97764052854174,73.05126155855126,2.8407788805271386,VISION,0.0,450.0,0,140.0,254.7,195.3,68.97,71.03,20.0,0.0
1779273802.2334678,254.7,71.03,2.61,247.80710182546602,74.03485180850667,3.028059036561058,VISION,0.0,450.0,0,140.0,254.7,195.3,68.97,71.03,20.0,0.0
1779273802.283421,254.7,71.03,2.61,246.2685561260795,74.21028287718127,3.1176755857507894,VISION,0.0,450.0,0,140.0,254.7,195.3,68.97,71.03,20.0,0.0
1779273802.3334105,254.7,71.03,2.61,246.2685561260795,74.21028287718127,3.1176755857507894,VISION,0.0,450.0,0,140.0,254.7,195.3,68.97,71.03,20.0,0.0
1779273802.3834138,254.7,71.03,2.61,243.8550877070209,74.26801697397775,3.25831841011943,VISION,0.0,450.0,0,140.0,254.7,195.3,68.97,71.03,20.0,0.0
1779273802.4334292,254.7,71.03,2.61,243.8550877070209,74.26801697397775,3.25831841011943,VISION,0.0,450.0,0,140.0,254.7,195.3,68.97,71.03,20.0,0.0
1779273802.483556,254.7,71.03,2.61,243.8550877070209,74.26801697397775,3.25831841011943,VISION,0.0,450.0,0,140.0,254.7,195.3,68.97,71.03,20.0,0.0
1779273802.5336895,240.94162470994996,73.9263878358375,3.354085335190109,240.94162470994996,73.9263878358375,3.354085335190109,ESTIMA,0.0,450.0,0,140.0,240.942,209.058,66.074,73.926,20.0,0.0
1779273802.583738,249.2,56.04,2.753,249.2,56.04,2.753,VISION,0.0,450.0,0,140.0,249.2,200.8,83.96,56.04,20.0,0.0
1779273802.6334596,249.2,56.04,2.753,247.2072626720997,56.85584803399056,2.9456797075025505,VISION,0.0,450.0,0,140.0,249.2,200.8,83.96,56.04,20.0,0.0
1779273802.6835842,249.2,56.04,2.753,247.2072626720997,56.85584803399056,2.9456797075025505,VISION,0.0,450.0,0,140.0,249.2,200.8,83.96,56.04,20.0,0.0
1779273802.733453,249.2,56.04,2.753,244.37360397795422,57.4182117945904,3.0357284868734187,VISION,0.0,450.0,0,140.0,249.2,200.8,83.96,56.04,20.0,0.0
1779273802.7834373,249.2,56.04,2.753,244.37360397795422,57.4182117945904,3.0357284868734187,VISION,0.0,450.0,0,140.0,249.2,200.8,83.96,56.04,20.0,0.0
1779273802.833498,249.2,56.04,2.753,241.95207020083942,57.67552743353355,3.113785206856733,VISION,0.0,450.0,0,140.0,249.2,200.8,83.96,56.04,20.0,0.0
1779273802.8834562,249.2,56.04,2.753,241.95207020083942,57.67552743353355,3.113785206856733,VISION,0.0,450.0,0,140.0,249.2,200.8,83.96,56.04,20.0,0.0
1779273802.9334397,249.2,56.04,2.753,238.61549903280954,57.768332880523424,3.163486201250242,VISION,0.0,450.0,0,140.0,249.2,200.8,83.96,56.04,20.0,0.0
1779273802.9834106,249.2,56.04,2.753,238.61549903280954,57.768332880523424,3.163486201250242,VISION,0.0,450.0,0,140.0,249.2,200.8,83.96,56.04,20.0,0.0
1779273803.0337741,249.2,56.04,2.753,235.62853097753066,57.702927102449834,3.337349268064024,VISION,0.0,450.0,0,140.0,249.2,200.8,83.96,56.04,20.0,0.0
1779273803.0834942,249.2,56.04,2.753,235.62853097753066,57.702927102449834,3.337349268064024,VISION,0.0,450.0,0,140.0,249.2,200.8,83.96,56.04,20.0,0.0
1779273803.1337485,245.19,39.22,2.854,245.19,39.22,2.854,VISION,0.0,450.0,0,140.0,245.19,204.81,100.78,39.22,0.0,0.0
1779273803.1834934,245.19,39.22,2.854,245.19,39.22,2.854,VISION,0.0,450.0,0,140.0,245.19,204.81,100.78,39.22,0.0,0.0
1779273803.2334378,245.19,39.22,2.854,243.06006734778111,39.85001904650858,2.975022560982689,VISION,0.0,450.0,0,140.0,245.19,204.81,100.78,39.22,0.0,0.0
1779273803.2834723,245.19,39.22,2.854,243.06006734778111,39.85001904650858,2.975022560982689,VISION,0.0,450.0,0,140.0,245.19,204.81,100.78,39.22,0.0,0.0
1779273803.3334713,245.19,39.22,2.854,243.06006734778111,39.85001904650858,2.975022560982689,VISION,0.0,450.0,0,140.0,245.19,204.81,100.78,39.22,0.0,0.0
1779273803.3834357,245.19,39.22,2.854,240.52960024195113,40.27546119934872,2.9805988380028663,VISION,0.0,450.0,0,140.0,245.19,204.81,100.78,39.22,0.0,0.0
1779273803.433428,245.19,39.22,2.854,240.52960024195113,40.27546119934872,2.9805988380028663,VISION,0.0,450.0,0,140.0,245.19,204.81,100.78,39.22,0.0,0.0
1779273803.4834332,245.19,39.22,2.854,238.37939269635604,40.62465344797144,2.8332242789055213,VISION,0.0,450.0,0,140.0,245.19,204.81,100.78,39.22,0.0,0.0
1779273803.5334878,245.19,39.22,2.854,237.70723551871924,40.83875526869144,2.866933709694778,VISION,0.0,450.0,0,140.0,245.19,204.81,100.78,39.22,0.0,0.0
1779273803.583557,245.19,39.22,2.854,237.70723551871924,40.83875526869144,2.866933709694778,VISION,0.0,450.0,0,140.0,245.19,204.81,100.78,39.22,0.0,0.0
1779273803.633524,245.19,39.22,2.854,237.70723551871924,40.83875526869144,2.866933709694778,VISION,0.0,450.0,0,140.0,245.19,204.81,100.78,39.22,0.0,0.0
1779273803.683555,237.70723551871924,40.83875526869144,2.866933709694778,237.70723551871924,40.83875526869144,2.866933709694778,ESTIMA,0.0,450.0,0,140.0,237.707,212.293,99.161,40.839,-20.0,0.0
1779273803.7334957,242.69,21.32,2.97,242.69,21.32,2.97,VISION,0.0,450.0,0,140.0,242.69,207.31,118.68,21.32,-20.0,0.0
1779273803.7834334,242.69,21.32,2.97,242.69,21.32,2.9699999999999998,VISION,0.0,450.0,0,140.0,242.69,207.31,118.68,21.32,-20.0,0.0
1779273803.8334386,242.69,21.32,2.97,242.69,21.32,2.9699999999999998,VISION,0.0,450.0,0,140.0,242.69,207.31,118.68,21.32,-20.0,0.0
1779273803.8834598,242.69,21.32,2.97,238.113638887966,22.113068986908537,3.213290977631143,VISION,0.0,450.0,0,140.0,242.69,207.31,118.68,21.32,-20.0,0.0
1779273803.9334521,242.69,21.32,2.97,238.113638887966,22.113068986908537,3.213290977631143,VISION,0.0,450.0,0,140.0,242.69,207.31,118.68,21.32,-20.0,0.0
1779273803.9834306,242.69,21.32,2.97,234.06314801558034,21.822156916545513,3.5848821503590402,VISION,0.0,450.0,0,140.0,242.69,207.31,118.68,21.32,-20.0,0.0
1779273804.0335217,242.69,21.32,2.97,234.06314801558034,21.822156916545513,3.5848821503590402,VISION,0.0,450.0,0,140.0,242.69,207.31,118.68,21.32,-20.0,0.0
1779273804.083467,242.69,21.32,2.97,231.18725465515516,20.456667400836253,3.943345329894813,VISION,0.0,450.0,0,140.0,242.69,207.31,118.68,21.32,-20.0,0.0
1779273804.1334555,242.69,21.32,2.97,231.18725465515516,20.456667400836253,3.943345329894813,VISION,0.0,450.0,0,140.0,242.69,207.31,118.68,21.32,-20.0,0.0
1779273804.1834273,242.69,21.32,2.97,228.19818046753124,17.368188937216136,4.259481989169704,VISION,0.0,450.0,0,140.0,242.69,207.31,118.68,21.32,-20.0,0.0
1779273804.2334194,228.19818046753124,17.368188937216136,4.259481989169704,228.19818046753124,17.368188937216136,4.259481989169704,ESTIMA,0.0,450.0,0,140.0,228.198,221.802,122.632,17.368,-20.0,0.0
1779273804.2835624,226.2703239556569,13.406667090757558,4.662538374676477,226.2703239556569,13.406667090757558,4.662538374676477,ESTIMA,0.0,450.0,0,140.0,226.27,223.73,126.593,13.407,-20.0,0.0
1779273804.333673,242.28,15.3,2.978,242.28,15.3,2.978,ESTIMA,0.0,450.0,0,140.0,242.28,207.72,124.7,15.3,-20.0,0.0
1779273804.3834767,242.28,15.3,2.978,237.57350293810612,16.076891272461165,3.3305481620488884,VISION,0.0,450.0,0,140.0,242.28,207.72,124.7,15.3,-20.0,0.0
1779273804.4334333,242.28,15.3,2.978,237.57350293810612,16.076891272461165,3.3305481620488884,VISION,0.0,450.0,0,140.0,242.28,207.72,124.7,15.3,-20.0,0.0
1779273804.4834611,242.28,15.3,2.978,234.60762869393653,15.509706585382755,3.6063418389216135,VISION,0.0,450.0,0,140.0,242.28,207.72,124.7,15.3,-20.0,0.0
1779273804.533458,242.28,15.3,2.978,234.60762869393653,15.509706585382755,3.6063418389216135,VISION,0.0,450.0,0,140.0,242.28,207.72,124.7,15.3,-20.0,0.0
1779273804.5835207,242.28,15.3,2.978,230.59537588336264,13.49805237980016,4.0171344220796055,VISION,0.0,450.0,0,140.0,242.28,207.72,124.7,15.3,-20.0,0.0
1779273804.6334352,242.28,15.3,2.978,230.59537588336264,13.49805237980016,4.0171344220796055,VISION,0.0,450.0,0,140.0,242.28,207.72,124.7,15.3,-20.0,0.0
1779273804.6834235,242.28,15.3,2.978,230.59537588336264,13.49805237980016,4.0171344220796055,VISION,0.0,450.0,0,140.0,242.28,207.72,124.7,15.3,-20.0,0.0
1779273804.7334654,242.28,15.3,2.978,227.348804429658,9.606253901581344,4.587782052065864,VISION,0.0,450.0,0,140.0,242.28,207.72,124.7,15.3,-20.0,0.0
1779273804.7834618,242.28,15.3,2.978,227.348804429658,9.606253901581344,4.587782052065864,VISION,0.0,450.0,0,140.0,242.28,207.72,124.7,15.3,-20.0,0.0
1779273804.8334262,242.28,15.3,2.978,226.8612982515435,5.714171671762886,4.946787647584861,VISION,0.0,450.0,0,140.0,242.28,207.72,124.7,15.3,-20.0,0.0
1779273804.8840961,226.8612982515435,5.714171671762886,4.946787647584861,243.3,21.45,-3.135,ESTIMA,0.0,450.0,0,140.0,226.861,223.139,134.286,5.714,-20.0,0.0
1779273804.9334686,243.3,21.45,-3.135,243.3,21.45,-3.135,VISION,0.0,450.0,0,140.0,243.3,206.7,118.55,21.45,-20.0,0.0
1779273804.9834704,243.3,21.45,-3.135,239.27362883361985,21.42345514510128,-2.83793027594101,VISION,0.0,450.0,0,140.0,243.3,206.7,118.55,21.45,-20.0,0.0
1779273805.0335143,243.3,21.45,-3.135,239.27362883361985,21.42345514510128,-2.83793027594101,VISION,0.0,450.0,0,140.0,243.3,206.7,118.55,21.45,-20.0,0.0
1779273805.0834682,243.3,21.45,-3.135,235.37695878652806,20.20241938054415,-2.536984535817635,VISION,0.0,450.0,0,140.0,243.3,206.7,118.55,21.45,-20.0,0.0
1779273805.1335285,243.3,21.45,-3.135,235.37695878652806,20.20241938054415,-2.536984535817635,VISION,0.0,450.0,0,140.0,243.3,206.7,118.55,21.45,-20.0,0.0
1779273805.1834655,243.3,21.45,-3.135,235.37695878652806,20.20241938054415,-2.536984535817635,VISION,0.0,450.0,0,140.0,243.3,206.7,118.55,21.45,-20.0,0.0
1779273805.2334685,243.3,21.45,-3.135,235.37695878652806,20.20241938054415,-2.536984535817635,VISION,0.0,450.0,0,140.0,243.3,206.7,118.55,21.45,0.0,0.0
1779273805.2835298,243.3,21.45,-3.135,229.10543945210463,15.869281381551115,-1.9749935215760703,VISION,0.0,450.0,0,140.0,243.3,206.7,118.55,21.45,0.0,0.0
1779273805.3334672,243.3,21.45,-3.135,228.21970744858677,13.798602173013412,-1.8088697033801433,VISION,0.0,450.0,0,140.0,243.3,206.7,118.55,21.45,0.0,0.0
1779273805.3834898,243.3,21.45,-3.135,228.21970744858677,13.798602173013412,-1.8088697033801433,VISION,0.0,450.0,0,140.0,243.3,206.7,118.55,21.45,0.0,0.0
1779273805.4335485,228.21970744858677,13.798602173013412,-1.8088697033801433,228.21970744858677,13.798602173013412,-1.8088697033801433,ESTIMA,0.0,450.0,0,140.0,228.22,221.78,126.201,13.799,0.0,0.0
1779273805.4838424,243.6,28.83,-2.381,243.6,28.83,-2.381,VISION,0.0,450.0,0,140.0,243.6,206.4,111.17,28.83,0.0,0.0
1779273805.533468,243.6,28.83,-2.381,243.27851355271906,28.52407988520296,-2.4422110288917214,VISION,0.0,450.0,0,140.0,243.6,206.4,111.17,28.83,0.0,0.0
1779273805.5836344,243.6,28.83,-2.381,243.27851355271906,28.52407988520296,-2.4422110288917214,VISION,0.0,450.0,0,140.0,243.6,206.4,111.17,28.83,0.0,0.0
1779273805.6334653,243.6,28.83,-2.381,243.07715641150048,28.354691844958328,-2.4785047196718346,VISION,0.0,450.0,0,140.0,243.6,206.4,111.17,28.83,0.0,0.0
1779273805.6834602,243.6,28.83,-2.381,243.07715641150048,28.354691844958328,-2.4785047196718346,VISION,0.0,450.0,0,140.0,243.6,206.4,111.17,28.83,0.0,0.0
1779273805.8834538,243.6,28.83,-2.381,243.07715641150048,28.354691844958328,-2.478504719671835,VISION,0.0,450.0,0,140.0,243.6,206.4,111.17,28.83,20.0,0.0
1779273805.9334662,243.6,28.83,-2.381,243.07715641150048,28.354691844958328,-2.478504719671835,VISION,0.0,450.0,0,140.0,243.6,206.4,111.17,28.83,20.0,0.0
1779273805.9834642,243.6,28.83,-2.381,243.07715641150048,28.354691844958328,-2.4785047196718355,VISION,0.0,450.0,0,140.0,243.6,206.4,111.17,28.83,20.0,0.0
1779273806.033584,242.51476473779704,27.91542754330913,-2.5224509567488753,242.51476473779704,27.91542754330913,-2.5224509567488753,ESTIMA,0.0,450.0,0,140.0,242.515,207.485,112.085,27.915,0.0,0.0
1779273806.0837622,240.07,34.57,-1.55,240.07,34.57,-1.55,VISION,0.0,450.0,0,140.0,240.07,209.93,105.43,34.57,0.0,0.0
1779273806.1334965,240.07,34.57,-1.55,240.10249939836788,33.007478244984206,-1.5166480164017682,VISION,0.0,450.0,0,140.0,240.07,209.93,105.43,34.57,0.0,0.0
1779273806.1834466,240.07,34.57,-1.55,240.10249939836788,33.007478244984206,-1.5166480164017682,VISION,0.0,450.0,0,140.0,240.07,209.93,105.43,34.57,0.0,0.0
1779273806.23348,240.07,34.57,-1.55,240.22017433180264,30.836405853082304,-1.5806618384249378,VISION,0.0,450.0,0,140.0,240.07,209.93,105.43,34.57,0.0,0.0
1779273806.2835782,240.07,34.57,-1.55,240.22017433180264,30.836405853082304,-1.5806618384249378,VISION,0.0,450.0,0,140.0,240.07,209.93,105.43,34.57,0.0,0.0
1779273806.3334906,240.07,34.57,-1.55,240.20459871456364,29.257662397742425,-1.7017035556518616,VISION,0.0,450.0,0,140.0,240.07,209.93,105.43,34.57,0.0,0.0
1779273806.3834815,240.07,34.57,-1.55,240.20459871456364,29.257662397742425,-1.7017035556518616,VISION,0.0,450.0,0,140.0,240.07,209.93,105.43,34.57,0.0,0.0
1779273806.4335082,240.07,34.57,-1.55,240.20459871456364,29.257662397742425,-1.7017035556518616,VISION,0.0,450.0,0,140.0,240.07,209.93,105.43,34.57,0.0,0.0
1779273806.4835298,240.07,34.57,-1.55,239.86904167530898,26.709002034398658,-1.3484157136509847,VISION,0.0,450.0,0,140.0,240.07,209.93,105.43,34.57,0.0,0.0
1779273806.5334976,240.07,34.57,-1.55,239.86904167530898,26.709002034398658,-1.3484157136509847,VISION,0.0,450.0,0,140.0,240.07,209.93,105.43,34.57,0.0,0.0
1779273806.5834978,240.07,34.57,-1.55,239.86904167530898,26.709002034398658,-1.3484157136509847,VISION,0.0,450.0,0,140.0,240.07,209.93,105.43,34.57,-20.0,0.0
1779273806.633777,239.86904167530898,26.709002034398658,-1.3484157136509847,239.86904167530898,26.709002034398655,-1.3484157136509847,ESTIMA,0.0,450.0,0,140.0,239.869,210.131,113.291,26.709,-20.0,0.0
1779273806.6837716,241.2,34.77,-1.512,241.2,34.77,-1.512,VISION,0.0,450.0,0,140.0,241.2,208.8,105.23,34.77,-20.0,0.0
1779273806.733475,241.2,34.77,-1.512,241.2,34.77,-1.512,VISION,0.0,450.0,0,140.0,241.2,208.8,105.23,34.77,-20.0,0.0
1779273806.7834768,241.2,34.77,-1.512,241.41847863993925,31.05842764525866,-1.2061452687295875,VISION,0.0,450.0,0,140.0,241.2,208.8,105.23,34.77,-20.0,0.0
1779273806.833471,241.2,34.77,-1.512,241.41847863993925,31.05842764525866,-1.2061452687295875,VISION,0.0,450.0,0,140.0,241.2,208.8,105.23,34.77,-20.0,0.0
1779273806.8835697,241.2,34.77,-1.512,242.97125324705044,26.99061463162694,-0.8851520107448665,VISION,0.0,450.0,0,140.0,241.2,208.8,105.23,34.77,-20.0,0.0
1779273806.933477,241.2,34.77,-1.512,242.97125324705044,26.99061463162694,-0.8851520107448665,VISION,0.0,450.0,0,140.0,241.2,208.8,105.23,34.77,-20.0,0.0
1779273806.9834754,241.2,34.77,-1.512,246.7194464185977,22.40869321545536,-0.4483819197748486,VISION,0.0,450.0,0,140.0,241.2,208.8,105.23,34.77,-20.0,0.0
1779273807.033446,241.2,34.77,-1.512,246.7194464185977,22.40869321545536,-0.4483819197748486,VISION,0.0,450.0,0,140.0,241.2,208.8,105.23,34.77,-20.0,0.0
1779273807.0834968,241.2,34.77,-1.512,249.26080810900055,21.186143280602256,-0.24047625644587012,VISION,0.0,450.0,0,140.0,241.2,208.8,105.23,34.77,-20.0,0.0
1779273807.133523,241.2,34.77,-1.512,249.26080810900055,21.186143280602256,-0.24047625644587012,VISION,0.0,450.0,0,140.0,241.2,208.8,105.23,34.77,-20.0,0.0
1779273807.1834345,241.2,34.77,-1.512,253.5098765392635,20.144180179730483,0.08285769253495634,VISION,0.0,450.0,0,140.0,241.2,208.8,105.23,34.77,-20.0,0.0
1779273807.2337034,244.12,35.2,-1.462,244.12,35.2,-1.462,VISION,0.0,450.0,0,140.0,244.12,205.88,104.8,35.2,-20.0,0.0
1779273807.2834783,244.12,35.2,-1.462,244.68445014303379,30.03235017487193,-1.1580105841566626,VISION,0.0,450.0,0,140.0,244.12,205.88,104.8,35.2,-20.0,0.0
1779273807.3334737,244.12,35.2,-1.462,244.68445014303379,30.03235017487193,-1.1580105841566626,VISION,0.0,450.0,0,140.0,244.12,205.88,104.8,35.2,-20.0,0.0
1779273807.3834696,244.12,35.2,-1.462,246.18893423021154,26.597040953363436,-0.7347781570200111,VISION,0.0,450.0,0,140.0,244.12,205.88,104.8,35.2,-20.0,0.0
1779273807.4334714,244.12,35.2,-1.462,246.18893423021154,26.597040953363436,-0.7347781570200111,VISION,0.0,450.0,0,140.0,244.12,205.88,104.8,35.2,-20.0,0.0
1779273807.4834766,244.12,35.2,-1.462,249.562015730562,23.549261378653156,-0.3185920649811017,VISION,0.0,450.0,0,140.0,244.12,205.88,104.8,35.2,-20.0,0.0
1779273807.533477,244.12,35.2,-1.462,249.562015730562,23.549261378653156,-0.3185920649811017,VISION,0.0,450.0,0,140.0,244.12,205.88,104.8,35.2,-20.0,0.0
1779273807.5835638,244.12,35.2,-1.462,253.61981587477712,22.210886977153034,0.0725601955555511,VISION,0.0,450.0,0,140.0,244.12,205.88,104.8,35.2,-20.0,0.0
1779273807.6334333,244.12,35.2,-1.462,253.61981587477712,22.210886977153034,0.0725601955555511,VISION,0.0,450.0,0,140.0,244.12,205.88,104.8,35.2,-20.0,0.0
1779273807.683436,244.12,35.2,-1.462,257.25517794982426,22.47513347410623,0.34127728161911086,VISION,0.0,450.0,0,140.0,244.12,205.88,104.8,35.2,-20.0,0.0
1779273807.7334318,244.12,35.2,-1.462,257.25517794982426,22.47513347410623,0.34127728161911086,VISION,0.0,450.0,0,140.0,244.12,205.88,104.8,35.2,-20.0,0.0
1779273807.7835908,262.4421613886213,24.31741842900619,0.6640714997138737,262.4421613886213,24.31741842900619,0.6640714997138737,ESTIMA,0.0,450.0,0,140.0,262.442,187.558,115.683,24.317,-20.0,0.0
1779273807.8336248,238.07,34.97,-1.317,238.07,34.97,-1.317,VISION,0.0,450.0,0,140.0,238.07,211.93,105.03,34.97,-20.0,0.0
1779273807.8834567,238.07,34.97,-1.317,238.07,34.97,-1.317,VISION,0.0,450.0,0,140.0,238.07,211.93,105.03,34.97,-20.0,0.0
1779273807.9334903,238.07,34.97,-1.317,238.98696581298205,31.434910602699425,-1.0682689950275854,VISION,0.0,450.0,0,140.0,238.07,211.93,105.03,34.97,-20.0,0.0
1779273807.9834807,238.07,34.97,-1.317,238.98696581298205,31.434910602699425,-1.0682689950275854,VISION,0.0,450.0,0,140.0,238.07,211.93,105.03,34.97,-20.0,0.0
1779273808.0334556,238.07,34.97,-1.317,240.60021090558203,28.499542258869287,-0.8212639933526239,VISION,0.0,450.0,0,140.0,238.07,211.93,105.03,34.97,-20.0,0.0
1779273808.0834816,238.07,34.97,-1.317,240.60021090558203,28.499542258869287,-0.8212639933526239,VISION,0.0,450.0,0,140.0,238.07,211.93,105.03,34.97,-20.0,0.0
1779273808.1334944,238.07,34.97,-1.317,244.04997173428495,24.793004738808172,-0.4471307793968433,VISION,0.0,450.0,0,140.0,238.07,211.93,105.03,34.97,0.0,0.0
1779273808.1834805,238.07,34.97,-1.317,244.04997173428495,24.793004738808172,-0.4471307793968433,VISION,0.0,450.0,0,140.0,238.07,211.93,105.03,34.97,0.0,0.0
1779273808.2335956,238.07,34.97,-1.317,247.75812935820247,23.014864460078982,-0.07158766517517817,VISION,0.0,450.0,0,140.0,238.07,211.93,105.03,34.97,0.0,0.0
1779273808.2835176,238.07,34.97,-1.317,247.75812935820247,23.014864460078982,-0.07158766517517817,VISION,0.0,450.0,0,140.0,238.07,211.93,105.03,34.97,0.0,0.0
1779273808.333483,238.07,34.97,-1.317,249.83320875758835,22.86606008669055,-0.11306910957252944,VISION,0.0,450.0,0,140.0,238.07,211.93,105.03,34.97,0.0,0.0
1779273808.3838549,249.83320875758835,22.86606008669055,-0.11306910957252944,249.83320875758835,22.86606008669055,-0.11306910957252944,ESTIMA,0.0,450.0,0,140.0,249.833,200.167,117.134,22.866,0.0,0.0
1779273808.433654,232.21,34.98,-0.652,232.21,34.98,-0.652,VISION,0.0,450.0,0,140.0,232.21,217.79,105.02,34.98,0.0,0.0
1779273808.4835637,232.21,34.98,-0.652,232.21,34.98,-0.652,VISION,0.0,450.0,0,140.0,232.21,217.79,105.02,34.98,0.0,0.0
1779273808.5335655,232.21,34.98,-0.652,232.21,34.98,-0.652,VISION,0.0,450.0,0,140.0,232.21,217.79,105.02,34.98,0.0,0.0
1779273808.583522,232.21,34.98,-0.652,232.21,34.98,-0.652,VISION,0.0,450.0,0,140.0,232.21,217.79,105.02,34.98,0.0,0.0
1779273808.6334841,232.21,34.98,-0.652,232.21,34.98,-0.6520000000000001,VISION,0.0,450.0,0,140.0,232.21,217.79,105.02,34.98,0.0,0.0
1779273808.7834952,232.21,34.98,-0.652,232.21,34.98,-0.6520000000000001,VISION,0.0,450.0,0,140.0,232.21,217.79,105.02,34.98,20.0,0.0
1779273808.8334506,232.21,34.98,-0.652,232.21,34.98,-0.6520000000000001,VISION,0.0,450.0,0,140.0,232.21,217.79,105.02,34.98,20.0,0.0
1779273808.8834572,232.21,34.98,-0.652,232.21,34.98,-0.6520000000000001,VISION,0.0,450.0,0,140.0,232.21,217.79,105.02,34.98,20.0,0.0
1779273808.933525,232.21,34.98,-0.652,232.786749190611,34.539729836659035,-0.7042205927960616,VISION,0.0,450.0,0,140.0,232.21,217.79,105.02,34.98,20.0,0.0
1779273808.983723,232.786749190611,34.539729836659035,-0.7042205927960616,227.71,30.83,-0.057,ESTIMA,0.0,450.0,0,140.0,232.787,217.213,105.46,34.54,20.0,0.0
1779273809.0334888,227.71,30.83,-0.057,229.9395147359588,30.70277985077648,-0.07056672944965431,VISION,0.0,450.0,0,140.0,227.71,222.29,109.17,30.83,20.0,0.0
1779273809.0836327,227.71,30.83,-0.057,229.9395147359588,30.70277985077648,-0.07056672944965431,VISION,0.0,450.0,0,140.0,227.71,222.29,109.17,30.83,20.0,0.0
1779273809.1334522,227.71,30.83,-0.057,231.5793612410922,30.586868782843307,-0.009446352576125062,VISION,0.0,450.0,0,140.0,227.71,222.29,109.17,30.83,20.0,0.0
1779273809.1834648,227.71,30.83,-0.057,231.5793612410922,30.586868782843307,-0.009446352576125062,VISION,0.0,450.0,0,140.0,227.71,222.29,109.17,30.83,20.0,0.0
1779273809.2334356,227.71,30.83,-0.057,233.1274035792258,30.57224499413428,0.11245566266009505,VISION,0.0,450.0,0,140.0,227.71,222.29,109.17,30.83,20.0,0.0
1779273809.2834554,227.71,30.83,-0.057,233.1274035792258,30.57224499413428,0.11245566266009505,VISION,0.0,450.0,0,140.0,227.71,222.29,109.17,30.83,20.0,0.0
1779273809.333434,227.71,30.83,-0.057,235.9399016443195,30.88986636713923,0.15585881769418813,VISION,0.0,450.0,0,140.0,227.71,222.29,109.17,30.83,20.0,0.0
1779273809.3834877,227.71,30.83,-0.057,235.9399016443195,30.88986636713923,0.15585881769418813,VISION,0.0,450.0,0,140.0,227.71,222.29,109.17,30.83,20.0,0.0
1779273809.4335103,227.71,30.83,-0.057,235.9399016443195,30.88986636713923,0.15585881769418813,VISION,0.0,450.0,0,140.0,227.71,222.29,109.17,30.83,20.0,0.0
1779273809.4834828,227.71,30.83,-0.057,239.72243054902935,31.484227395884535,0.1451189516248175,VISION,0.0,450.0,0,140.0,227.71,222.29,109.17,30.83,20.0,0.0
1779273809.533692,239.72243054902935,31.484227395884535,0.1451189516248175,239.72243054902935,31.484227395884535,0.1451189516248175,ESTIMA,0.0,450.0,0,140.0,239.722,210.278,108.516,31.484,20.0,0.0
1779273809.5837865,227.42,32.25,0.005,227.42,32.25,0.005,ESTIMA,0.0,450.0,0,140.0,227.42,222.58,107.75,32.25,20.0,0.0
1779273809.6334558,227.42,32.25,0.005,228.65109895375977,32.2561555460651,0.10779784826456092,VISION,0.0,450.0,0,140.0,227.42,222.58,107.75,32.25,20.0,0.0
1779273809.6834433,227.42,32.25,0.005,228.65109895375977,32.2561555460651,0.10779784826456092,VISION,0.0,450.0,0,140.0,227.42,222.58,107.75,32.25,20.0,0.0
1779273809.7334461,227.42,32.25,0.005,228.65109895375977,32.2561555460651,0.10779784826456092,VISION,0.0,450.0,0,140.0,227.42,222.58,107.75,32.25,20.0,0.0
1779273809.783481,227.42,32.25,0.005,228.65109895375977,32.2561555460651,0.10779784826456092,VISION,0.0,450.0,0,140.0,227.42,222.58,107.75,32.25,20.0,0.0
1779273809.8335042,227.42,32.25,0.005,232.50019312919088,32.67269431296139,0.1993090147895425,VISION,0.0,450.0,0,140.0,227.42,222.58,107.75,32.25,20.0,0.0
1779273809.8834798,227.42,32.25,0.005,234.0352211682458,32.98275578921839,0.20757300677275312,VISION,0.0,450.0,0,140.0,227.42,222.58,107.75,32.25,20.0,0.0
1779273809.9334843,227.42,32.25,0.005,234.0352211682458,32.98275578921839,0.20757300677275312,VISION,0.0,450.0,0,140.0,227.42,222.58,107.75,32.25,20.0,0.0
1779273809.983504,227.42,32.25,0.005,236.78073818011165,33.56097951895837,0.34490494439121056,VISION,0.0,450.0,0,140.0,227.42,222.58,107.75,32.25,20.0,0.0
1779273810.0334792,227.42,32.25,0.005,236.78073818011165,33.56097951895837,0.34490494439121056,VISION,0.0,450.0,0,140.0,227.42,222.58,107.75,32.25,20.0,0.0
1779273810.0835612,227.42,32.25,0.005,238.79027467890415,34.28293607795957,0.3514177749895619,VISION,0.0,450.0,0,140.0,227.42,222.58,107.75,32.25,20.0,0.0
1779273810.133573,238.79027467890415,34.28293607795957,0.3514177749895619,238.79027467890415,34.28293607795957,0.3514177749895619,ESTIMA,0.0,450.0,0,140.0,238.79,211.21,105.717,34.283,20.0,0.0
1779273810.1835942,224.66,45.67,0.185,224.66,45.67,0.185,VISION,0.0,450.0,0,140.0,224.66,225.34,94.33,45.67,20.0,0.0
1779273810.233487,224.66,45.67,0.185,224.66,45.67,0.185,VISION,0.0,450.0,0,140.0,224.66,225.34,94.33,45.67,20.0,0.0
1779273810.2836375,224.66,45.67,0.185,227.81800225546888,46.26098803955473,0.26070827111638206,VISION,0.0,450.0,0,140.0,224.66,225.34,94.33,45.67,20.0,0.0
1779273810.3334801,224.66,45.67,0.185,227.81800225546888,46.26098803955473,0.26070827111638206,VISION,0.0,450.0,0,140.0,224.66,225.34,94.33,45.67,20.0,0.0
1779273810.383499,224.66,45.67,0.185,230.2129593265829,46.89991487484177,0.3258232090099956,VISION,0.0,450.0,0,140.0,224.66,225.34,94.33,45.67,20.0,0.0
1779273810.4335275,224.66,45.67,0.185,230.2129593265829,46.89991487484177,0.3258232090099956,VISION,0.0,450.0,0,140.0,224.66,225.34,94.33,45.67,20.0,0.0
1779273810.483565,224.66,45.67,0.185,231.70767974999526,47.40492811495544,0.3699363231485318,VISION,0.0,450.0,0,140.0,224.66,225.34,94.33,45.67,20.0,0.0
1779273810.5335073,224.66,45.67,0.185,231.70767974999526,47.40492811495544,0.3699363231485318,VISION,0.0,450.0,0,140.0,224.66,225.34,94.33,45.67,20.0,0.0
1779273810.583498,224.66,45.67,0.185,233.73764970074927,48.19212997378934,0.5617329083107612,VISION,0.0,450.0,0,140.0,224.66,225.34,94.33,45.67,20.0,0.0
1779273810.6334507,224.66,45.67,0.185,233.73764970074927,48.19212997378934,0.5617329083107612,VISION,0.0,450.0,0,140.0,224.66,225.34,94.33,45.67,20.0,0.0
1779273810.6834478,224.66,45.67,0.185,236.23461524542054,49.76363573569085,0.5867214493822362,VISION,0.0,450.0,0,140.0,224.66,225.34,94.33,45.67,20.0,0.0
1779273810.7340055,236.23461524542054,49.76363573569085,0.5867214493822362,219.45,59.9,0.328,ESTIMA,0.0,450.0,0,140.0,236.235,213.765,90.236,49.764,20.0,0.0
1779273810.783605,219.45,59.9,0.328,221.96805551171397,60.75687351109045,0.46803007387753437,VISION,0.0,450.0,0,140.0,219.45,230.55,80.1,59.9,20.0,0.0
1779273810.8334932,219.45,59.9,0.328,221.96805551171397,60.75687351109045,0.46803007387753437,VISION,0.0,450.0,0,140.0,219.45,230.55,80.1,59.9,20.0,0.0
1779273810.8834941,219.45,59.9,0.328,221.96805551171397,60.75687351109045,0.46803007387753437,VISION,0.0,450.0,0,140.0,219.45,230.55,80.1,59.9,20.0,0.0
1779273810.933506,219.45,59.9,0.328,224.6468728032188,62.110989256034635,0.5480606785529267,VISION,0.0,450.0,0,140.0,219.45,230.55,80.1,59.9,20.0,0.0
1779273810.9836495,219.45,59.9,0.328,224.6468728032188,62.110989256034635,0.5480606785529267,VISION,0.0,450.0,0,140.0,219.45,230.55,80.1,59.9,20.0,0.0
1779273811.0334976,219.45,59.9,0.328,226.41267149567545,63.1889035340256,0.6060460059597156,VISION,0.0,450.0,0,140.0,219.45,230.55,80.1,59.9,20.0,0.0
1779273811.0840144,219.45,59.9,0.328,228.27557839303995,64.47999037788328,0.7312824174729566,VISION,0.0,450.0,0,140.0,219.45,230.55,80.1,59.9,20.0,0.0
1779273811.1335027,219.45,59.9,0.328,228.27557839303995,64.47999037788328,0.7312824174729566,VISION,0.0,450.0,0,140.0,219.45,230.55,80.1,59.9,20.0,0.0
1779273811.1834533,219.45,59.9,0.328,228.27557839303995,64.47999037788328,0.7312824174729566,VISION,0.0,450.0,0,140.0,219.45,230.55,80.1,59.9,20.0,0.0
1779273811.233773,219.45,59.9,0.328,228.27557839303995,64.47999037788328,0.7312824174729566,VISION,0.0,450.0,0,140.0,219.45,230.55,80.1,59.9,20.0,0.0
1779273811.2835913,231.2887121835905,67.18346338634205,0.8572248335033499,231.2887121835905,67.18346338634205,0.8572248335033499,ESTIMA,0.0,450.0,0,140.0,231.289,218.711,72.817,67.183,20.0,0.0
1779273811.33383,232.5893968492671,68.6858287493824,0.8801079651414143,211.99,73.75,0.488,ESTIMA,0.0,450.0,0,140.0,232.589,217.411,71.314,68.686,20.0,0.0
1779273811.3840625,211.99,73.75,0.488,211.99,73.75,0.488,VISION,0.0,450.0,0,140.0,211.99,238.01,66.25,73.75,20.0,0.0
1779273811.4335341,211.99,73.75,0.488,214.64825285095898,75.16105876263202,0.51656501652921,VISION,0.0,450.0,0,140.0,211.99,238.01,66.25,73.75,20.0,0.0
1779273811.4834588,211.99,73.75,0.488,214.64825285095898,75.16105876263202,0.51656501652921,VISION,0.0,450.0,0,140.0,211.99,238.01,66.25,73.75,20.0,0.0
1779273811.5335143,211.99,73.75,0.488,216.8632294260296,76.41918694528513,0.6516185709506348,VISION,0.0,450.0,0,140.0,211.99,238.01,66.25,73.75,20.0,0.0
1779273811.5835586,211.99,73.75,0.488,216.8632294260296,76.41918694528513,0.6516185709506348,VISION,0.0,450.0,0,140.0,211.99,238.01,66.25,73.75,20.0,0.0
1779273811.6335027,211.99,73.75,0.488,218.61111860806173,77.75240953396629,0.7142630127240799,VISION,0.0,450.0,0,140.0,211.99,238.01,66.25,73.75,20.0,0.0
1779273811.683475,211.99,73.75,0.488,218.61111860806173,77.75240953396629,0.7142630127240799,VISION,0.0,450.0,0,140.0,211.99,238.01,66.25,73.75,20.0,0.0
1779273811.733502,211.99,73.75,0.488,220.77103280322538,79.62498700213123,0.8019995215430944,VISION,0.0,450.0,0,140.0,211.99,238.01,66.25,73.75,20.0,0.0
1779273811.783519,211.99,73.75,0.488,220.77103280322538,79.62498700213123,0.8019995215430944,VISION,0.0,450.0,0,140.0,211.99,238.01,66.25,73.75,20.0,0.0
1779273811.8335044,211.99,73.75,0.488,222.250927315237,81.15485220389343,0.8694501400790171,VISION,0.0,450.0,0,140.0,211.99,238.01,66.25,73.75,20.0,0.0
1779273811.8835776,222.250927315237,81.15485220389343,0.8694501400790171,222.250927315237,81.15485220389343,0.8694501400790171,ESTIMA,0.0,450.0,0,140.0,222.251,227.749,58.845,81.155,20.0,0.0
1779273811.933748,202.63,87.0,0.637,202.63,87.0,0.637,VISION,0.0,450.0,0,140.0,202.63,247.37,53.0,87.0,20.0,0.0
1779273811.983466,202.63,87.0,0.637,202.63,87.0,0.637,VISION,0.0,450.0,0,140.0,202.63,247.37,53.0,87.0,20.0,0.0
1779273812.0334542,202.63,87.0,0.637,204.24537027414607,88.19519819255332,0.8183478550486839,VISION,0.0,450.0,0,140.0,202.63,247.37,53.0,87.0,20.0,0.0
1779273812.0834942,202.63,87.0,0.637,204.24537027414607,88.19519819255332,0.8183478550486839,VISION,0.0,450.0,0,140.0,202.63,247.37,53.0,87.0,20.0,0.0
1779273812.1335073,202.63,87.0,0.637,206.2674611293761,90.35513547480431,0.9080361877698138,VISION,0.0,450.0,0,140.0,202.63,247.37,53.0,87.0,20.0,0.0
1779273812.1835258,202.63,87.0,0.637,206.2674611293761,90.35513547480431,0.9080361877698138,VISION,0.0,450.0,0,140.0,202.63,247.37,53.0,87.0,20.0,0.0
1779273812.2335033,202.63,87.0,0.637,207.58172407214897,92.0389285304956,0.97314442273436,VISION,0.0,450.0,0,140.0,202.63,247.37,53.0,87.0,20.0,0.0
1779273812.2834952,202.63,87.0,0.637,207.58172407214897,92.0389285304956,0.97314442273436,VISION,0.0,450.0,0,140.0,202.63,247.37,53.0,87.0,20.0,0.0
1779273812.3335238,202.63,87.0,0.637,209.2499413328649,94.4896835833374,1.1424481720706394,VISION,0.0,450.0,0,140.0,202.63,247.37,53.0,87.0,20.0,0.0
1779273812.3834786,202.63,87.0,0.637,209.2499413328649,94.4896835833374,1.1424481720706394,VISION,0.0,450.0,0,140.0,202.63,247.37,53.0,87.0,20.0,0.0
1779273812.4334671,202.63,87.0,0.637,209.2499413328649,94.4896835833374,1.1424481720706394,VISION,0.0,450.0,0,140.0,202.63,247.37,53.0,87.0,20.0,0.0
1779273812.483729,210.51665892918945,97.26378146628603,1.3189637561691374,210.51665892918945,97.26378146628603,1.3189637561691374,ESTIMA,0.0,450.0,0,140.0,210.517,239.483,42.736,97.264,20.0,0.0
1779273812.533678,191.05,98.35,0.797,191.05,98.35,0.797,VISION,0.0,450.0,0,140.0,191.05,258.95,41.65,98.35,20.0,0.0
1779273812.58349,191.05,98.35,0.797,192.88182258657758,100.22482847613551,0.8867860899680391,VISION,0.0,450.0,0,140.0,191.05,258.95,41.65,98.35,20.0,0.0
1779273812.6335042,191.05,98.35,0.797,192.88182258657758,100.22482847613551,0.8867860899680391,VISION,0.0,450.0,0,140.0,191.05,258.95,41.65,98.35,20.0,0.0
1779273812.6834955,191.05,98.35,0.797,194.6746296248454,102.42374006257056,0.9809431555661946,VISION,0.0,450.0,0,140.0,191.05,258.95,41.65,98.35,20.0,0.0
1779273812.7334716,191.05,98.35,0.797,194.6746296248454,102.42374006257056,0.9809431555661946,VISION,0.0,450.0,0,140.0,191.05,258.95,41.65,98.35,20.0,0.0
1779273812.7834542,191.05,98.35,0.797,195.9072994407825,104.26535159892818,1.0525622929453662,VISION,0.0,450.0,0,140.0,191.05,258.95,41.65,98.35,20.0,0.0
1779273812.833505,191.05,98.35,0.797,196.78975327846356,105.81292082284097,1.1541896832611638,VISION,0.0,450.0,0,140.0,191.05,258.95,41.65,98.35,20.0,0.0
1779273812.8835013,191.05,98.35,0.797,196.78975327846356,105.81292082284097,1.1541896832611638,VISION,0.0,450.0,0,140.0,191.05,258.95,41.65,98.35,20.0,0.0
1779273812.9334652,191.05,98.35,0.797,196.78975327846356,105.81292082284097,1.1541896832611638,VISION,0.0,450.0,0,140.0,191.05,258.95,41.65,98.35,20.0,0.0
1779273812.9835227,191.05,98.35,0.797,197.83499043929913,108.17499276360316,1.3897386489337553,VISION,0.0,450.0,0,140.0,191.05,258.95,41.65,98.35,20.0,0.0
1779273813.0334651,191.05,98.35,0.797,198.19385659724674,110.13534114020237,1.4238411350196185,VISION,0.0,450.0,0,140.0,191.05,258.95,41.65,98.35,20.0,0.0
1779273813.0839806,178.01,109.2,0.89,178.01,109.2,0.89,ESTIMA,0.0,450.0,0,140.0,178.01,271.99,30.8,109.2,20.0,0.0
1779273813.1335542,178.01,109.2,0.89,178.01,109.2,0.89,VISION,0.0,450.0,0,140.0,178.01,271.99,30.8,109.2,20.0,0.0
1779273813.1835034,178.01,109.2,0.89,180.67658711522438,112.49216700996307,1.0452882451927392,VISION,0.0,450.0,0,140.0,178.01,271.99,30.8,109.2,20.0,0.0
1779273813.2335026,178.01,109.2,0.89,180.67658711522438,112.49216700996307,1.0452882451927392,VISION,0.0,450.0,0,140.0,178.01,271.99,30.8,109.2,20.0,0.0
1779273813.2836792,178.01,109.2,0.89,181.5496038163201,113.9976308365476,1.1507419615296002,VISION,0.0,450.0,0,140.0,178.01,271.99,30.8,109.2,20.0,0.0
1779273813.3335059,178.01,109.2,0.89,181.5496038163201,113.9976308365476,1.1507419615296002,VISION,0.0,450.0,0,140.0,178.01,271.99,30.8,109.2,20.0,0.0
1779273813.383506,178.01,109.2,0.89,182.56138824132705,116.26296647733594,1.2988053663084982,VISION,0.0,450.0,0,140.0,178.01,271.99,30.8,109.2,20.0,0.0
1779273813.433498,178.01,109.2,0.89,182.56138824132705,116.26296647733594,1.2988053663084982,VISION,0.0,450.0,0,140.0,178.01,271.99,30.8,109.2,20.0,0.0
1779273813.483517,178.01,109.2,0.89,183.23287522313603,118.6705688146155,1.4460479781768771,VISION,0.0,450.0,0,140.0,178.01,271.99,30.8,109.2,20.0,0.0
1779273813.5336175,178.01,109.2,0.89,183.4695431642386,120.55788019590206,1.5608528384423739,VISION,0.0,450.0,0,140.0,178.01,271.99,30.8,109.2,20.0,0.0
1779273813.5835009,178.01,109.2,0.89,183.4695431642386,120.55788019590206,1.5608528384423739,VISION,0.0,450.0,0,140.0,178.01,271.99,30.8,109.2,20.0,0.0
1779273813.6341164,183.4695431642386,120.55788019590206,1.5608528384423739,183.49387974322178,123.00528859410181,1.7105978568882945,ESTIMA,0.0,450.0,0,140.0,183.47,266.53,19.442,120.558,20.0,0.0
1779273813.6840396,163.93,119.15,0.97,163.93,119.15,0.97,ESTIMA,0.0,450.0,0,140.0,163.93,286.07,20.85,119.15,20.0,0.0
1779273813.733525,163.93,119.15,0.97,163.93,119.15,0.97,VISION,0.0,450.0,0,140.0,163.93,286.07,20.85,119.15,20.0,0.0
1779273813.7834914,163.93,119.15,0.97,165.5195939684132,121.46953731124016,1.1426230572016391,VISION,0.0,450.0,0,140.0,163.93,286.07,20.85,119.15,20.0,0.0
1779273813.8334966,163.93,119.15,0.97,165.5195939684132,121.46953731124016,1.1426230572016391,VISION,0.0,450.0,0,140.0,163.93,286.07,20.85,119.15,20.0,0.0
1779273813.8835044,163.93,119.15,0.97,166.30054974204143,123.18061395216185,1.3163500526983083,VISION,0.0,450.0,0,140.0,163.93,286.07,20.85,119.15,20.0,0.0
1779273813.9335048,163.93,119.15,0.97,166.30054974204143,123.18061395216185,1.3163500526983083,VISION,0.0,450.0,0,140.0,163.93,286.07,20.85,119.15,20.0,0.0
1779273813.9835992,163.93,119.15,0.97,167.3965757911428,127.39474529714991,1.3833407384130456,VISION,0.0,450.0,0,140.0,163.93,286.07,20.85,119.15,20.0,0.0
1779273814.033487,163.93,119.15,0.97,167.3965757911428,127.39474529714991,1.3833407384130456,VISION,0.0,450.0,0,140.0,163.93,286.07,20.85,119.15,20.0,0.0
1779273814.0834818,163.93,119.15,0.97,167.7088156934325,129.04086308003917,1.4822491929724018,VISION,0.0,450.0,0,140.0,163.93,286.07,20.85,119.15,20.0,0.0
1779273814.1335108,163.93,119.15,0.97,167.7088156934325,129.04086308003917,1.4822491929724018,VISION,0.0,450.0,0,140.0,163.93,286.07,20.85,119.15,20.0,0.0
1779273814.183527,163.93,119.15,0.97,167.9732175663536,132.01905647157682,1.5826876708984279,VISION,0.0,450.0,0,140.0,163.93,286.07,20.85,119.15,20.0,0.0
1779273814.2336159,167.9732175663536,132.01905647157682,1.5826876708984279,167.9732175663536,132.01905647157682,1.5826876708984279,ESTIMA,0.0,450.0,0,140.0,167.973,282.027,7.981,132.019,20.0,0.0
1779273814.2837167,148.75,127.84,1.071,148.75,127.84,1.071,VISION,0.0,450.0,0,140.0,148.75,301.25,12.16,127.84,20.0,0.0
1779273814.3334894,148.75,127.84,1.071,148.75,127.84,1.071,VISION,0.0,450.0,0,140.0,148.75,301.25,12.16,127.84,20.0,0.0
1779273814.38348,148.75,127.84,1.071,149.98153955890362,130.09540973779366,1.167352546664473,VISION,0.0,450.0,0,140.0,148.75,301.25,12.16,127.84,20.0,0.0
1779273814.4334717,148.75,127.84,1.071,149.98153955890362,130.09540973779366,1.167352546664473,VISION,0.0,450.0,0,140.0,148.75,301.25,12.16,127.84,20.0,0.0
1779273814.4835045,148.75,127.84,1.071,151.0480899873498,132.5940137687671,1.3423849633598528,VISION,0.0,450.0,0,140.0,148.75,301.25,12.16,127.84,20.0,0.0
1779273814.5335886,148.75,127.84,1.071,151.0480899873498,132.5940137687671,1.3423849633598528,VISION,0.0,450.0,0,140.0,148.75,301.25,12.16,127.84,20.0,0.0
1779273814.5835102,148.75,127.84,1.071,151.41858556007588,134.18776073081034,1.4811545068592775,VISION,0.0,450.0,0,140.0,148.75,301.25,12.16,127.84,20.0,0.0
1779273814.6335123,148.75,127.84,1.071,151.41858556007588,134.18776073081034,1.4811545068592775,VISION,0.0,450.0,0,140.0,148.75,301.25,12.16,127.84,20.0,0.0
1779273814.6835184,148.75,127.84,1.071,151.69464975293857,137.2591435333878,1.5005227807310983,VISION,0.0,450.0,0,140.0,148.75,301.25,12.16,127.84,20.0,0.0
1779273814.7335048,148.75,127.84,1.071,151.69464975293857,137.2591435333878,1.5005227807310983,VISION,0.0,450.0,0,140.0,148.75,301.25,12.16,127.84,20.0,0.0
1779273814.783508,148.75,127.84,1.071,151.69464975293857,137.2591435333878,1.5005227807310983,VISION,0.0,450.0,0,140.0,148.75,301.25,12.16,127.84,20.0,0.0
1779273814.833811,151.89777398978387,140.14486327343096,1.680961250643503,136.8,133.74,1.118,ESTIMA,0.0,450.0,0,140.0,151.898,298.102,-0.145,140.145,20.0,0.0
1779273814.8836179,136.8,133.74,1.118,136.8,133.74,1.118,VISION,0.0,450.0,0,140.0,136.8,313.2,6.26,133.74,20.0,0.0
1779273814.933516,136.8,133.74,1.118,137.95340995393525,136.11079063205645,1.2930277683521234,VISION,0.0,450.0,0,140.0,136.8,313.2,6.26,133.74,20.0,0.0
1779273814.9835157,136.8,133.74,1.118,137.95340995393525,136.11079063205645,1.2930277683521234,VISION,0.0,450.0,0,140.0,136.8,313.2,6.26,133.74,20.0,0.0
1779273815.033511,136.8,133.74,1.118,138.5352714549213,138.15140811869497,1.4979027770090954,VISION,0.0,450.0,0,140.0,136.8,313.2,6.26,133.74,20.0,0.0
1779273815.083468,136.8,133.74,1.118,138.5352714549213,138.15140811869497,1.4979027770090954,VISION,0.0,450.0,0,140.0,136.8,313.2,6.26,133.74,20.0,0.0
1779273815.1335711,136.8,133.74,1.118,138.78404032137374,141.55813069459685,1.7266408023132336,VISION,0.0,450.0,0,140.0,136.8,313.2,6.26,133.74,20.0,0.0
1779273815.1835225,136.8,133.74,1.118,138.78404032137374,141.55813069459685,1.7266408023132336,VISION,0.0,450.0,0,140.0,136.8,313.2,6.26,133.74,20.0,0.0
1779273815.2334874,136.8,133.74,1.118,138.30661166649776,144.5967831557002,1.8557492559611628,VISION,0.0,450.0,0,140.0,136.8,313.2,6.26,133.74,20.0,0.0
1779273815.2834873,136.8,133.74,1.118,138.30661166649776,144.5967831557002,1.8557492559611628,VISION,0.0,450.0,0,140.0,136.8,313.2,6.26,133.74,20.0,0.0
1779273815.3335116,136.8,133.74,1.118,137.79918856239337,146.32904903689197,2.030999319039908,VISION,0.0,450.0,0,140.0,136.8,313.2,6.26,133.74,20.0,0.0
1779273815.3834772,136.8,133.74,1.118,137.79918856239337,146.32904903689197,2.030999319039908,VISION,0.0,450.0,0,140.0,136.8,313.2,6.26,133.74,20.0,0.0
1779273815.4335961,137.79918856239337,146.32904903689197,2.030999319039908,137.79918856239337,146.32904903689197,2.030999319039908,ESTIMA,0.0,450.0,0,140.0,137.799,312.201,-6.329,146.329,20.0,0.0
1779273815.4835644,137.79918856239337,146.32904903689197,2.030999319039908,135.78407332197017,150.3942269153528,2.3321116758742533,ESTIMA,0.0,450.0,0,140.0,137.799,312.201,-6.329,146.329,20.0,0.0
1779273815.5335588,135.78407332197017,150.3942269153528,2.3321116758742533,135.78407332197017,150.3942269153528,2.3321116758742533,ESTIMA,0.0,450.0,0,140.0,135.784,314.216,-10.394,150.394,20.0,0.0
1779273815.583485,134.3320390492449,151.91793940264995,2.4722586286933113,134.3320390492449,151.91793940264995,2.4722586286933113,ESTIMA,0.0,450.0,0,140.0,134.332,315.668,-11.918,151.918,20.0,0.0
1779273815.6334722,134.3320390492449,151.91793940264995,2.4722586286933113,134.3320390492449,151.91793940264995,2.4722586286933113,ESTIMA,0.0,450.0,0,140.0,134.332,315.668,-11.918,151.918,20.0,0.0
1779273815.6834676,132.17139302141115,153.62737936413072,2.655271376802381,132.17139302141115,153.62737936413072,2.655271376802381,ESTIMA,0.0,450.0,0,140.0,132.171,317.829,-13.627,153.627,20.0,0.0
1779273815.7335835,132.17139302141115,153.62737936413072,2.655271376802381,132.17139302141115,153.62737936413072,2.655271376802381,ESTIMA,0.0,450.0,0,140.0,132.171,317.829,-13.627,153.627,20.0,0.0
1779273815.7834883,129.4292664742976,155.0770650231518,2.7874315808052015,129.4292664742976,155.0770650231518,2.7874315808052015,ESTIMA,0.0,450.0,0,140.0,129.429,320.571,-15.077,155.077,20.0,0.0
1779273815.8335512,129.4292664742976,155.0770650231518,2.7874315808052015,129.4292664742976,155.0770650231518,2.7874315808052015,ESTIMA,0.0,450.0,0,140.0,129.429,320.571,-15.077,155.077,20.0,0.0
1779273815.8835227,127.07091290443,155.94906911803463,2.850504713376264,127.07091290443,155.94906911803463,2.850504713376264,ESTIMA,0.0,450.0,0,140.0,127.071,322.929,-15.949,155.949,20.0,0.0
1779273815.9334779,127.07091290443,155.94906911803463,2.850504713376264,127.07091290443,155.94906911803463,2.850504713376264,ESTIMA,0.0,450.0,0,140.0,127.071,322.929,-15.949,155.949,20.0,0.0
1779273815.9837084,124.22774568883862,156.80087631049392,3.0462634391148002,124.22774568883862,156.80087631049392,3.0462634391148002,ESTIMA,0.0,450.0,0,140.0,124.228,325.772,-16.801,156.801,20.0,0.0
1779273816.0335617,124.22774568883862,156.80087631049392,3.0462634391148002,124.22774568883862,156.80087631049392,3.0462634391148002,ESTIMA,0.0,450.0,0,140.0,124.228,325.772,-16.801,156.801,20.0,0.0
1779273816.0835187,121.24908070301855,157.0856934004782,3.1761744952997026,121.24908070301855,157.0856934004782,3.1761744952997026,ESTIMA,0.0,450.0,0,140.0,121.249,328.751,-17.086,157.086,20.0,0.0
1779273816.133573,121.24908070301855,157.0856934004782,3.1761744952997026,121.24908070301855,157.0856934004782,3.1761744952997026,ESTIMA,0.0,450.0,0,140.0,121.249,328.751,-17.086,157.086,20.0,0.0
1779273816.1834965,118.20938730746934,156.9805332808227,3.3067651719776188,118.20938730746934,156.9805332808227,3.3067651719776188,ESTIMA,0.0,450.0,0,140.0,118.209,331.791,-16.981,156.981,20.0,0.0
1779273816.2335281,118.20938730746934,156.9805332808227,3.3067651719776188,118.20938730746934,156.9805332808227,3.3067651719776188,ESTIMA,0.0,450.0,0,140.0,118.209,331.791,-16.981,156.981,20.0,0.0
1779273816.2835314,118.20938730746934,156.9805332808227,3.3067651719776188,118.20938730746934,156.9805332808227,3.3067651719776188,ESTIMA,0.0,450.0,0,140.0,118.209,331.791,-16.981,156.981,20.0,0.0
1779273816.3335178,115.13303203121598,156.46773202052992,3.5123310455896775,115.13303203121598,156.46773202052992,3.5123310455896775,ESTIMA,0.0,450.0,0,140.0,115.133,334.867,-16.468,156.468,20.0,0.0
1779273816.383481,115.13303203121598,156.46773202052992,3.5123310455896775,115.13303203121598,156.46773202052992,3.5123310455896775,ESTIMA,0.0,450.0,0,140.0,115.133,334.867,-16.468,156.468,20.0,0.0
1779273816.4335506,112.4291602715821,155.4167022437014,3.7073699590158276,112.4291602715821,155.4167022437014,3.7073699590158276,ESTIMA,0.0,450.0,0,140.0,112.429,337.571,-15.417,155.417,20.0,0.0
1779273816.4835193,110.97248171379613,154.49167195860625,3.8208107356206087,110.97248171379613,154.49167195860625,3.8208107356206087,ESTIMA,0.0,450.0,0,140.0,110.972,339.028,-14.492,154.492,20.0,0.0
1779273816.5335224,110.97248171379613,154.49167195860625,3.8208107356206087,110.97248171379613,154.49167195860625,3.8208107356206087,ESTIMA,0.0,450.0,0,140.0,110.972,339.028,-14.492,154.492,20.0,0.0
1779273816.5836303,108.3502230419482,152.37454172288824,3.905199610470789,108.3502230419482,152.37454172288824,3.905199610470789,ESTIMA,0.0,450.0,0,140.0,108.35,341.65,-12.375,152.375,20.0,0.0
1779273816.6335711,108.3502230419482,152.37454172288824,3.905199610470789,108.3502230419482,152.37454172288824,3.905199610470789,ESTIMA,0.0,450.0,0,140.0,108.35,341.65,-12.375,152.375,20.0,0.0
1779273816.6835248,108.3502230419482,152.37454172288824,3.905199610470789,108.3502230419482,152.37454172288824,3.905199610470789,ESTIMA,0.0,450.0,0,140.0,108.35,341.65,-12.375,152.375,20.0,0.0
1779273816.7335198,105.47189741850157,149.61900421071562,4.073745460219884,105.47189741850157,149.61900421071562,4.073745460219884,ESTIMA,0.0,450.0,0,140.0,105.472,344.528,-9.619,149.619,20.0,0.0
1779273816.7835178,105.47189741850157,149.61900421071562,4.073745460219884,105.47189741850157,149.61900421071562,4.073745460219884,ESTIMA,0.0,450.0,0,140.0,105.472,344.528,-9.619,149.619,20.0,0.0
1779273816.833481,104.04858775292563,147.70192749163186,4.232674867789788,104.04858775292563,147.70192749163186,4.232674867789788,ESTIMA,0.0,450.0,0,140.0,104.049,345.951,-7.702,147.702,20.0,0.0
1779273816.8835218,104.04858775292563,147.70192749163186,4.232674867789788,104.04858775292563,147.70192749163186,4.232674867789788,ESTIMA,0.0,450.0,0,140.0,104.049,345.951,-7.702,147.702,20.0,0.0
1779273816.9334922,102.56989147094295,144.859633755601,4.446206487774985,102.56989147094295,144.859633755601,4.446206487774985,ESTIMA,0.0,450.0,0,140.0,102.57,347.43,-4.86,144.86,20.0,0.0
1779273816.9834776,102.56989147094295,144.859633755601,4.446206487774985,102.56989147094295,144.859633755601,4.446206487774985,ESTIMA,0.0,450.0,0,140.0,102.57,347.43,-4.86,144.86,20.0,0.0
1779273817.0334735,101.8081980465355,142.06599239323356,4.516635779336203,101.8081980465355,142.06599239323356,4.516635779336203,ESTIMA,0.0,450.0,0,140.0,101.808,348.192,-2.066,142.066,20.0,0.0
1779273817.0835876,101.8081980465355,142.06599239323356,4.516635779336203,101.40476911329552,140.03147812427622,4.654036845307876,ESTIMA,0.0,450.0,0,140.0,101.808,348.192,-2.066,142.066,20.0,0.0
1779273817.1335342,101.40476911329552,140.03147812427622,4.654036845307876,101.40476911329552,140.03147812427622,4.654036845307876,ESTIMA,0.0,450.0,0,140.0,101.405,348.595,-0.031,140.031,20.0,0.0
1779273817.1836185,101.40476911329552,140.03147812427622,4.654036845307876,101.40476911329552,140.03147812427622,4.654036845307876,ESTIMA,0.0,450.0,0,140.0,101.405,348.595,-0.031,140.031,20.0,0.0
1779273817.2335663,101.40476911329552,140.03147812427622,4.654036845307876,101.40476911329552,140.03147812427622,4.654036845307876,ESTIMA,0.0,450.0,0,140.0,101.405,348.595,-0.031,140.031,20.0,0.0
1779273817.2835233,101.10892242355811,134.96721046890022,4.874235977295235,101.10892242355811,134.96721046890022,4.874235977295235,ESTIMA,0.0,450.0,0,140.0,101.109,348.891,5.033,134.967,20.0,0.0
1779273817.3334823,101.31478049234497,133.70640563698106,4.997860454320837,101.31478049234497,133.70640563698106,4.997860454320837,ESTIMA,0.0,450.0,0,140.0,101.315,348.685,6.294,133.706,20.0,0.0
1779273817.3834736,101.31478049234497,133.70640563698106,4.997860454320837,101.31478049234497,133.70640563698106,4.997860454320837,ESTIMA,0.0,450.0,0,140.0,101.315,348.685,6.294,133.706,20.0,0.0
1779273817.433478,102.13077353149188,130.92607354322126,5.123268022821327,102.13077353149188,130.92607354322126,5.123268022821327,ESTIMA,0.0,450.0,0,140.0,102.131,347.869,9.074,130.926,20.0,0.0
1779273817.4834695,102.13077353149188,130.92607354322126,5.123268022821327,102.13077353149188,130.92607354322126,5.123268022821327,ESTIMA,0.0,450.0,0,140.0,102.131,347.869,9.074,130.926,20.0,0.0
1779273817.5335617,103.07072919406775,128.76861215256227,5.223904940565162,103.07072919406775,128.76861215256227,5.223904940565162,ESTIMA,0.0,450.0,0,140.0,103.071,346.929,11.231,128.769,20.0,0.0
1779273817.5837052,103.07072919406775,128.76861215256227,5.223904940565162,103.97487883352476,127.15794405111353,5.477573115953051,ESTIMA,0.0,450.0,0,140.0,103.071,346.929,11.231,128.769,20.0,0.0
1779273817.6335444,103.97487883352476,127.15794405111353,5.477573115953051,103.97487883352476,127.15794405111353,5.477573115953051,ESTIMA,0.0,450.0,0,140.0,103.975,346.025,12.842,127.158,20.0,0.0
1779273817.6835191,103.97487883352476,127.15794405111353,5.477573115953051,103.97487883352476,127.15794405111353,5.477573115953051,ESTIMA,0.0,450.0,0,140.0,103.975,346.025,12.842,127.158,20.0,0.0
1779273817.7336192,105.79683788036549,125.26079664176055,5.731307032980873,105.79683788036549,125.26079664176055,5.731307032980873,ESTIMA,0.0,450.0,0,140.0,105.797,344.203,14.739,125.261,0.0,0.0
1779273817.783618,105.79683788036549,125.26079664176055,5.731307032980873,105.79683788036549,125.26079664176055,5.731307032980873,ESTIMA,0.0,450.0,0,140.0,105.797,344.203,14.739,125.261,0.0,0.0
1779273817.8335066,108.3450414500833,123.69188679113576,5.861272822377589,108.3450414500833,123.69188679113576,5.861272822377589,ESTIMA,0.0,450.0,0,140.0,108.345,341.655,16.308,123.692,0.0,0.0
1779273817.883493,108.3450414500833,123.69188679113576,5.861272822377589,108.3450414500833,123.69188679113576,5.861272822377589,ESTIMA,0.0,450.0,0,140.0,108.345,341.655,16.308,123.692,0.0,0.0
1779273817.9335115,111.1743002609118,122.42192192722453,5.974073222644987,111.1743002609118,122.42192192722453,5.974073222644987,ESTIMA,0.0,450.0,0,140.0,111.174,338.826,17.578,122.422,0.0,0.0
1779273817.9835002,111.1743002609118,122.42192192722453,5.974073222644987,111.1743002609118,122.42192192722453,5.974073222644987,ESTIMA,0.0,450.0,0,140.0,111.174,338.826,17.578,122.422,0.0,0.0
1779273818.0335279,113.72239249326172,121.60819183504407,6.014977796815498,113.72239249326172,121.60819183504407,6.014977796815498,ESTIMA,0.0,450.0,0,140.0,113.722,336.278,18.392,121.608,0.0,0.0
1779273818.0834868,113.72239249326172,121.60819183504407,6.014977796815498,113.72239249326172,121.60819183504407,6.014977796815498,ESTIMA,0.0,450.0,0,140.0,113.722,336.278,18.392,121.608,0.0,0.0
1779273818.1336927,115.7758032768777,121.04385437613819,5.946460404256234,115.7758032768777,121.04385437613819,5.946460404256234,ESTIMA,0.0,450.0,0,140.0,115.776,334.224,18.956,121.044,0.0,0.0
1779273818.1835039,115.7758032768777,121.04385437613819,5.946460404256234,115.7758032768777,121.04385437613819,5.946460404256234,ESTIMA,0.0,450.0,0,140.0,115.776,334.224,18.956,121.044,0.0,0.0
1779273818.2334871,116.82881897161751,120.67523968269445,5.918480649779638,116.82881897161751,120.67523968269445,5.918480649779638,ESTIMA,0.0,450.0,0,140.0,116.829,333.171,19.325,120.675,0.0,0.0
1779273818.2835531,116.82881897161751,120.67523968269445,5.918480649779638,116.82881897161751,120.67523968269445,5.918480649779638,ESTIMA,0.0,450.0,0,140.0,116.829,333.171,19.325,120.675,-20.0,0.0
1779273818.3336518,117.6488783947732,120.36215442018437,5.839251394828602,117.6488783947732,120.36215442018437,5.839251394828602,ESTIMA,0.0,450.0,0,140.0,117.649,332.351,19.638,120.362,-20.0,0.0
1779273818.3835788,117.6488783947732,120.36215442018437,5.839251394828602,117.6488783947732,120.36215442018437,5.839251394828602,ESTIMA,0.0,450.0,0,140.0,117.649,332.351,19.638,120.362,-20.0,0.0
1779273818.4334838,117.6488783947732,120.36215442018437,5.839251394828602,117.6488783947732,120.36215442018437,5.839251394828602,ESTIMA,0.0,450.0,0,140.0,117.649,332.351,19.638,120.362,-20.0,0.0
1779273818.48353,121.18421688787453,118.68076415025787,6.181080053876832,121.18421688787453,118.68076415025787,6.181080053876832,ESTIMA,0.0,450.0,0,140.0,121.184,328.816,21.319,118.681,-20.0,0.0
1779273818.5335228,121.18421688787453,118.68076415025787,6.181080053876832,121.18421688787453,118.68076415025787,6.181080053876832,ESTIMA,0.0,450.0,0,140.0,121.184,328.816,21.319,118.681,-20.0,0.0
1779273818.5835385,125.82093775872758,118.20567844332595,6.524771860519188,125.82093775872758,118.20567844332595,6.524771860519188,ESTIMA,0.0,450.0,0,140.0,125.821,324.179,21.794,118.206,-20.0,0.0
1779273818.6335862,125.82093775872758,118.20567844332595,6.524771860519188,125.82093775872758,118.20567844332595,6.524771860519188,ESTIMA,0.0,450.0,0,140.0,125.821,324.179,21.794,118.206,-20.0,0.0
1779273818.6835582,130.12256720505874,119.26559530755708,6.930136227677814,130.12256720505874,119.26559530755708,6.930136227677814,ESTIMA,0.0,450.0,0,140.0,130.123,319.877,20.734,119.266,-20.0,0.0
1779273818.7335043,130.12256720505874,119.26559530755708,6.930136227677814,130.12256720505874,119.26559530755708,6.930136227677814,ESTIMA,0.0,450.0,0,140.0,130.123,319.877,20.734,119.266,-20.0,0.0
1779273818.7835286,132.91504279298942,121.37504347257102,7.250446041099951,132.91504279298942,121.37504347257102,7.250446041099951,ESTIMA,0.0,450.0,0,140.0,132.915,317.085,18.625,121.375,-20.0,0.0
1779273818.8334904,132.91504279298942,121.37504347257102,7.250446041099951,132.91504279298942,121.37504347257102,7.250446041099951,ESTIMA,0.0,450.0,0,140.0,132.915,317.085,18.625,121.375,-20.0,0.0
1779273818.8834813,135.6885181076497,125.3984224236457,7.610575026534257,135.6885181076497,125.3984224236457,7.610575026534257,ESTIMA,0.0,450.0,0,140.0,135.689,314.311,14.602,125.398,-20.0,0.0
1779273818.9337165,135.6885181076497,125.3984224236457,7.610575026534257,135.6885181076497,125.3984224236457,7.610575026534257,ESTIMA,0.0,450.0,0,140.0,135.689,314.311,14.602,125.398,-20.0,0.0
1779273818.9835353,136.87772973547527,130.18725169334013,7.973347721634536,136.87772973547527,130.18725169334013,7.973347721634536,ESTIMA,0.0,450.0,0,140.0,136.878,313.122,9.813,130.187,-20.0,0.0
1779273819.0334916,136.87772973547527,130.18725169334013,7.973347721634536,136.87772973547527,130.18725169334013,7.973347721634536,ESTIMA,0.0,450.0,0,140.0,136.878,313.122,9.813,130.187,-20.0,0.0
1779273819.0835292,136.3021727702715,134.9861088396356,8.256760571389938,136.3021727702715,134.9861088396356,8.256760571389938,ESTIMA,0.0,450.0,0,140.0,136.302,313.698,5.014,134.986,-20.0,0.0
1779273819.1335151,136.3021727702715,134.9861088396356,8.256760571389938,136.3021727702715,134.9861088396356,8.256760571389938,ESTIMA,0.0,450.0,0,140.0,136.302,313.698,5.014,134.986,-20.0,0.0
1779273819.1838923,134.5636234788474,139.0665134964529,8.661722935385994,134.5636234788474,139.0665134964529,8.661722935385994,ESTIMA,0.0,450.0,0,140.0,134.564,315.436,0.933,139.067,-20.0,0.0
1779273819.2336013,134.5636234788474,139.0665134964529,8.661722935385994,134.5636234788474,139.0665134964529,8.661722935385994,ESTIMA,0.0,450.0,0,140.0,134.564,315.436,0.933,139.067,-20.0,0.0
1779273819.283555,132.10845722399432,141.41434778606015,8.972642589015415,132.10845722399432,141.41434778606015,8.972642589015415,ESTIMA,0.0,450.0,0,140.0,132.108,317.892,-1.414,141.414,-20.0,0.0
1779273819.333554,132.10845722399432,141.41434778606015,8.972642589015415,132.10845722399432,141.41434778606015,8.972642589015415,ESTIMA,0.0,450.0,0,140.0,132.108,317.892,-1.414,141.414,-20.0,0.0
1779273819.383551,128.15980629702244,143.33217371371768,9.296274244880431,128.15980629702244,143.33217371371768,9.296274244880431,ESTIMA,0.0,450.0,0,140.0,128.16,321.84,-3.332,143.332,-20.0,0.0
1779273819.43353,128.15980629702244,143.33217371371768,9.296274244880431,128.15980629702244,143.33217371371768,9.296274244880431,ESTIMA,0.0,450.0,0,140.0,128.16,321.84,-3.332,143.332,-20.0,0.0
1779273819.4836137,123.72902407117905,143.9047005867058,9.621477430249417,123.72902407117905,143.9047005867058,9.621477430249417,ESTIMA,0.0,450.0,0,140.0,123.729,326.271,-3.905,143.905,-20.0,0.0
1779273819.5336142,123.72902407117905,143.9047005867058,9.621477430249417,123.72902407117905,143.9047005867058,9.621477430249417,ESTIMA,0.0,450.0,0,140.0,123.729,326.271,-3.905,143.905,-20.0,0.0
1779273819.5838218,123.72902407117905,143.9047005867058,9.621477430249417,123.72902407117905,143.9047005867058,9.621477430249417,ESTIMA,0.0,450.0,0,140.0,123.729,326.271,-3.905,143.905,-20.0,0.0
1779273819.6335278,118.49629674298741,142.86194274351894,10.014743578418983,118.49629674298741,142.86194274351894,10.014743578418983,ESTIMA,0.0,450.0,0,140.0,118.496,331.504,-2.862,142.862,-20.0,0.0
1779273819.6834874,118.49629674298741,142.86194274351894,10.014743578418983,118.49629674298741,142.86194274351894,10.014743578418983,ESTIMA,0.0,450.0,0,140.0,118.496,331.504,-2.862,142.862,-20.0,0.0
1779273819.733493,118.49629674298741,142.86194274351894,10.014743578418983,118.49629674298741,142.86194274351894,10.014743578418983,ESTIMA,0.0,450.0,0,140.0,118.496,331.504,-2.862,142.862,-20.0,0.0
1779273819.7835352,112.66053418276583,138.9548655661559,10.534220472005064,112.66053418276583,138.9548655661559,10.534220472005064,ESTIMA,0.0,450.0,0,140.0,112.661,337.339,1.045,138.955,-20.0,0.0
1779273819.8335273,111.87547997947118,137.375711886814,10.664404119041361,111.87547997947118,137.375711886814,10.664404119041361,ESTIMA,0.0,450.0,0,140.0,111.875,338.125,2.624,137.376,0.0,0.0
1779273819.8834956,111.87547997947118,137.375711886814,10.664404119041361,111.87547997947118,137.375711886814,10.664404119041361,ESTIMA,0.0,450.0,0,140.0,111.875,338.125,2.624,137.376,0.0,0.0
1779273819.9335127,110.18131656342096,132.4484240451345,11.04752417649234,110.18131656342096,132.4484240451345,11.04752417649234,ESTIMA,0.0,450.0,0,140.0,110.181,339.819,7.552,132.448,0.0,0.0
1779273819.9835236,110.18131656342096,132.4484240451345,11.04752417649234,110.18131656342096,132.4484240451345,11.04752417649234,ESTIMA,0.0,450.0,0,140.0,110.181,339.819,7.552,132.448,0.0,0.0
1779273820.033487,110.18131656342096,132.4484240451345,11.04752417649234,110.18131656342096,132.4484240451345,11.04752417649234,ESTIMA,0.0,450.0,0,140.0,110.181,339.819,7.552,132.448,0.0,0.0
1779273820.0836592,110.42444772242837,127.77252570156546,11.433791271273018,110.42444772242837,127.77252570156546,11.433791271273018,ESTIMA,0.0,450.0,0,140.0,110.424,339.576,12.227,127.773,0.0,0.0
1779273820.133602,110.57191229926775,127.4578366952223,11.385856521303275,110.57191229926775,127.4578366952223,11.385856521303275,ESTIMA,0.0,450.0,0,140.0,110.572,339.428,12.542,127.458,0.0,0.0
1779273820.1835966,110.77208570750875,126.97125242743755,11.313284131035335,110.77208570750875,126.97125242743755,11.313284131035335,ESTIMA,0.0,450.0,0,140.0,110.772,339.228,13.029,126.971,0.0,0.0
1779273820.23356,110.77208570750875,126.97125242743755,11.313284131035335,110.77208570750875,126.97125242743755,11.313284131035335,ESTIMA,0.0,450.0,0,140.0,110.772,339.228,13.029,126.971,0.0,0.0
1779273820.2835443,110.77208570750875,126.97125242743755,11.313284131035335,110.77208570750875,126.97125242743755,11.313284131035335,ESTIMA,0.0,450.0,0,140.0,110.772,339.228,13.029,126.971,0.0,0.0
1779273820.4835386,111.05460428181836,126.11214080051474,11.188543103142198,111.05460428181836,126.11214080051474,11.188543103142198,ESTIMA,0.0,450.0,0,140.0,111.055,338.945,13.888,126.112,20.0,0.0
1779273820.5335457,111.05460428181836,126.11214080051474,11.188543103142198,111.05460428181836,126.11214080051474,11.188543103142198,ESTIMA,0.0,450.0,0,140.0,111.055,338.945,13.888,126.112,20.0,0.0
1779273820.5835662,111.05460428181836,126.11214080051474,11.188543103142198,111.05460428181836,126.11214080051474,11.188543103142198,ESTIMA,0.0,450.0,0,140.0,111.055,338.945,13.888,126.112,20.0,0.0
1779273820.633539,111.31150735892949,124.79738759204653,11.178842965968126,111.31150735892949,124.79738759204653,11.178842965968126,ESTIMA,0.0,450.0,0,140.0,111.312,338.688,15.203,124.797,20.0,0.0
1779273820.6836858,111.31150735892949,124.79738759204653,11.178842965968126,111.31150735892949,124.79738759204653,11.178842965968126,ESTIMA,0.0,450.0,0,140.0,111.312,338.688,15.203,124.797,20.0,0.0
1779273820.7335916,111.31150735892949,124.79738759204653,11.178842965968126,111.31150735892949,124.79738759204653,11.178842965968126,ESTIMA,0.0,450.0,0,140.0,111.312,338.688,15.203,124.797,20.0,0.0
1779273820.7835352,111.95724628779446,121.31346918010496,11.364983149118558,111.95724628779446,121.31346918010496,11.364983149118558,ESTIMA,0.0,450.0,0,140.0,111.957,338.043,18.687,121.313,20.0,0.0
1779273820.8335495,112.50298542677064,119.90395794796395,11.417282190207077,112.50298542677064,119.90395794796395,11.417282190207077,ESTIMA,0.0,450.0,0,140.0,112.503,337.497,20.096,119.904,20.0,0.0
1779273820.883495,112.50298542677064,119.90395794796395,11.417282190207077,112.50298542677064,119.90395794796395,11.417282190207077,ESTIMA,0.0,450.0,0,140.0,112.503,337.497,20.096,119.904,20.0,0.0
1779273820.9334915,113.74005809171797,117.14646730995285,11.469637466704645,113.74005809171797,117.14646730995285,11.469637466704645,ESTIMA,0.0,450.0,0,140.0,113.74,336.26,22.854,117.146,20.0,0.0
1779273820.9835336,113.74005809171797,117.14646730995285,11.469637466704645,113.74005809171797,117.14646730995285,11.469637466704645,ESTIMA,0.0,450.0,0,140.0,113.74,336.26,22.854,117.146,20.0,0.0
1779273821.0335329,113.74005809171797,117.14646730995285,11.469637466704645,113.74005809171797,117.14646730995285,11.469637466704645,ESTIMA,0.0,450.0,0,140.0,113.74,336.26,22.854,117.146,20.0,0.0
1779273821.0835378,115.1161197075863,114.46454655068224,11.654878582860343,115.1161197075863,114.46454655068224,11.654878582860343,ESTIMA,0.0,450.0,0,140.0,115.116,334.884,25.535,114.465,20.0,0.0
1779273821.1335342,116.25517411367814,112.99478140571783,11.769474687135567,116.25517411367814,112.99478140571783,11.769474687135567,ESTIMA,0.0,450.0,0,140.0,116.255,333.745,27.005,112.995,20.0,0.0
1779273821.1835606,116.25517411367814,112.99478140571783,11.769474687135567,116.25517411367814,112.99478140571783,11.769474687135567,ESTIMA,0.0,450.0,0,140.0,116.255,333.745,27.005,112.995,20.0,0.0
1779273821.2335324,117.54553330743622,111.67440324764317,12.022992593271907,117.54553330743622,111.67440324764317,12.022992593271907,ESTIMA,0.0,450.0,0,140.0,117.546,332.454,28.326,111.674,0.0,0.0
1779273821.283645,117.54553330743622,111.67440324764317,12.022992593271907,117.54553330743622,111.67440324764317,12.022992593271907,ESTIMA,0.0,450.0,0,140.0,117.546,332.454,28.326,111.674,0.0,0.0
1779273821.333572,120.33176468214972,109.99143380645089,12.083558844420413,120.33176468214972,109.99143380645089,12.083558844420413,ESTIMA,0.0,450.0,0,140.0,120.332,329.668,30.009,109.991,0.0,0.0
1779273821.3835084,120.33176468214972,109.99143380645089,12.083558844420413,120.33176468214972,109.99143380645089,12.083558844420413,ESTIMA,0.0,450.0,0,140.0,120.332,329.668,30.009,109.991,0.0,0.0
1779273821.4335017,122.08801835404786,109.07082327726161,12.26081415119339,122.08801835404786,109.07082327726161,12.26081415119339,ESTIMA,0.0,450.0,0,140.0,122.088,327.912,30.929,109.071,0.0,0.0
1779273821.4835148,122.08801835404786,109.07082327726161,12.26081415119339,122.08801835404786,109.07082327726161,12.26081415119339,ESTIMA,0.0,450.0,0,140.0,122.088,327.912,30.929,109.071,0.0,0.0
1779273821.5338764,122.08801835404786,109.07082327726161,12.26081415119339,123.53498548584572,108.61439927237123,12.372699526092578,ESTIMA,0.0,450.0,0,140.0,122.088,327.912,30.929,109.071,0.0,0.0
1779273821.5836463,123.53498548584572,108.61439927237123,12.372699526092578,123.53498548584572,108.61439927237123,12.372699526092578,ESTIMA,0.0,450.0,0,140.0,123.535,326.465,31.386,108.614,0.0,0.0
1779273821.6336322,123.53498548584572,108.61439927237123,12.372699526092578,123.53498548584572,108.61439927237123,12.372699526092578,ESTIMA,0.0,450.0,0,140.0,123.535,326.465,31.386,108.614,0.0,0.0
1779273821.6835167,125.58255379252502,108.21281089855147,12.286256444448519,125.58255379252502,108.21281089855147,12.286256444448519,ESTIMA,0.0,450.0,0,140.0,125.583,324.417,31.787,108.213,0.0,0.0
1779273821.7338505,125.58255379252502,108.21281089855147,12.286256444448519,125.58255379252502,108.21281089855147,12.286256444448519,ESTIMA,0.0,450.0,0,140.0,125.583,324.417,31.787,108.213,-20.0,0.0
1779273821.783522,126.98209992590841,107.8101923497761,12.232718616426359,126.98209992590841,107.8101923497761,12.232718616426359,ESTIMA,0.0,450.0,0,140.0,126.982,323.018,32.19,107.81,-20.0,0.0
1779273821.8339417,126.98209992590841,107.8101923497761,12.232718616426359,126.98209992590841,107.8101923497761,12.232718616426359,ESTIMA,0.0,450.0,0,140.0,126.982,323.018,32.19,107.81,-20.0,0.0
1779273821.8836126,127.56375204426512,107.60858564223656,12.242701259385768,127.56375204426512,107.60858564223656,12.242701259385768,ESTIMA,0.0,450.0,0,140.0,127.564,322.436,32.391,107.609,-20.0,0.0
1779273821.933547,127.56375204426512,107.60858564223656,12.242701259385768,127.56375204426512,107.60858564223656,12.242701259385768,ESTIMA,0.0,450.0,0,140.0,127.564,322.436,32.391,107.609,-20.0,0.0
1779273821.983603,127.56375204426512,107.60858564223656,12.242701259385768,132.25604175910877,106.0344786910168,12.547763749949661,ESTIMA,0.0,450.0,0,140.0,127.564,322.436,32.391,107.609,-20.0,0.0
1779273822.0335345,132.25604175910877,106.0344786910168,12.547763749949661,132.25604175910877,106.0344786910168,12.547763749949661,ESTIMA,0.0,450.0,0,140.0,132.256,317.744,33.966,106.034,-20.0,0.0
1779273822.0835443,135.14278686329573,105.98075921663212,12.76124526470673,135.14278686329573,105.98075921663212,12.76124526470673,ESTIMA,0.0,450.0,0,140.0,135.143,314.857,34.019,105.981,-20.0,0.0
1779273822.1335444,135.14278686329573,105.98075921663212,12.76124526470673,135.14278686329573,105.98075921663212,12.76124526470673,ESTIMA,0.0,450.0,0,140.0,135.143,314.857,34.019,105.981,-20.0,0.0
1779273822.1836128,139.0962552768675,106.76109311108422,13.129524764497345,139.0962552768675,106.76109311108422,13.129524764497345,ESTIMA,0.0,450.0,0,140.0,139.096,310.904,33.239,106.761,-20.0,0.0
1779273822.2339728,139.0962552768675,106.76109311108422,13.129524764497345,139.0962552768675,106.76109311108422,13.129524764497345,ESTIMA,0.0,450.0,0,140.0,139.096,310.904,33.239,106.761,-20.0,0.0
1779273822.2835371,142.44722709771634,108.87673652325566,13.36150157327671,142.44722709771634,108.87673652325566,13.36150157327671,ESTIMA,0.0,450.0,0,140.0,142.447,307.553,31.123,108.877,-20.0,0.0
1779273822.333504,142.44722709771634,108.87673652325566,13.36150157327671,142.44722709771634,108.87673652325566,13.36150157327671,ESTIMA,0.0,450.0,0,140.0,142.447,307.553,31.123,108.877,-20.0,0.0
1779273822.383541,145.72655381147413,112.2205267150577,13.889093071937841,145.72655381147413,112.2205267150577,13.889093071937841,ESTIMA,0.0,450.0,0,140.0,145.727,304.273,27.779,112.221,-20.0,0.0
1779273822.4337194,145.72655381147413,112.2205267150577,13.889093071937841,145.72655381147413,112.2205267150577,13.889093071937841,ESTIMA,0.0,450.0,0,140.0,145.727,304.273,27.779,112.221,-20.0,0.0
1779273822.4835923,145.72655381147413,112.2205267150577,13.889093071937841,145.72655381147413,112.2205267150577,13.889093071937841,ESTIMA,0.0,450.0,0,140.0,145.727,304.273,27.779,112.221,-20.0,0.0
1779273822.533611,147.27295823388448,118.32576976577248,14.353256210415433,147.27295823388448,118.32576976577248,14.353256210415433,ESTIMA,0.0,450.0,0,140.0,147.273,302.727,21.674,118.326,-20.0,0.0
1779273822.5835462,146.8073106213017,120.44700980993089,14.597375392452863,146.8073106213017,120.44700980993089,14.597375392452863,ESTIMA,0.0,450.0,0,140.0,146.807,303.193,19.553,120.447,-20.0,0.0
1779273822.6335022,146.8073106213017,120.44700980993089,14.597375392452863,146.8073106213017,120.44700980993089,14.597375392452863,ESTIMA,0.0,450.0,0,140.0,146.807,303.193,19.553,120.447,-20.0,0.0
1779273822.6835394,145.2739797374072,123.54022113219928,14.91331876313831,145.2739797374072,123.54022113219928,14.91331876313831,ESTIMA,0.0,450.0,0,140.0,145.274,304.726,16.46,123.54,-20.0,0.0
1779273822.7335076,145.2739797374072,123.54022113219928,14.91331876313831,145.2739797374072,123.54022113219928,14.91331876313831,ESTIMA,0.0,450.0,0,140.0,145.274,304.726,16.46,123.54,-20.0,0.0
1779273822.7835093,141.21647511038955,127.67346235010248,15.34033713031577,141.21647511038955,127.67346235010248,15.34033713031577,ESTIMA,0.0,450.0,0,140.0,141.216,308.784,12.327,127.673,-20.0,0.0
1779273822.8335743,141.21647511038955,127.67346235010248,15.34033713031577,141.21647511038955,127.67346235010248,15.34033713031577,ESTIMA,0.0,450.0,0,140.0,141.216,308.784,12.327,127.673,-20.0,0.0
1779273822.8835502,141.21647511038955,127.67346235010248,15.34033713031577,141.21647511038955,127.67346235010248,15.34033713031577,ESTIMA,0.0,450.0,0,140.0,141.216,308.784,12.327,127.673,-20.0,0.0
1779273822.933547,137.15663253827577,129.23704855103657,15.738524857092889,137.15663253827577,129.23704855103657,15.738524857092889,ESTIMA,0.0,450.0,0,140.0,137.157,312.843,10.763,129.237,-20.0,0.0
1779273822.9835103,137.15663253827577,129.23704855103657,15.738524857092889,137.15663253827577,129.23704855103657,15.738524857092889,ESTIMA,0.0,450.0,0,140.0,137.157,312.843,10.763,129.237,-20.0,0.0
1779273823.0336199,132.52802163232042,129.0955467887568,16.009223006006536,132.52802163232042,129.0955467887568,16.009223006006536,ESTIMA,0.0,450.0,0,140.0,132.528,317.472,10.904,129.096,-20.0,0.0
1779273823.0835621,132.52802163232042,129.0955467887568,16.009223006006536,132.52802163232042,129.0955467887568,16.009223006006536,ESTIMA,0.0,450.0,0,140.0,132.528,317.472,10.904,129.096,-20.0,0.0
1779273823.133512,128.33257501296967,127.79194991016884,16.33311103775939,128.33257501296967,127.79194991016884,16.33311103775939,ESTIMA,0.0,450.0,0,140.0,128.333,321.667,12.208,127.792,-20.0,0.0
1779273823.1835444,128.33257501296967,127.79194991016884,16.33311103775939,128.33257501296967,127.79194991016884,16.33311103775939,ESTIMA,0.0,450.0,0,140.0,128.333,321.667,12.208,127.792,-20.0,0.0
1779273823.2335672,128.33257501296967,127.79194991016884,16.33311103775939,128.33257501296967,127.79194991016884,16.33311103775939,ESTIMA,0.0,450.0,0,140.0,128.333,321.667,12.208,127.792,-20.0,0.0
1779273823.28366,122.60269978916784,122.73384319748826,17.02652396505586,122.60269978916784,122.73384319748826,17.02652396505586,ESTIMA,0.0,450.0,0,140.0,122.603,327.397,17.266,122.734,0.0,0.0
1779273823.333511,122.60269978916784,122.73384319748826,17.02652396505586,122.60269978916784,122.73384319748826,17.02652396505586,ESTIMA,0.0,450.0,0,140.0,122.603,327.397,17.266,122.734,0.0,0.0
1779273823.3835423,122.60269978916784,122.73384319748826,17.02652396505586,122.60269978916784,122.73384319748826,17.02652396505586,ESTIMA,0.0,450.0,0,140.0,122.603,327.397,17.266,122.734,0.0,0.0
1779273823.4335444,120.97206604685455,116.40680551813058,17.410012954508243,120.97206604685455,116.40680551813058,17.410012954508243,ESTIMA,0.0,450.0,0,140.0,120.972,329.028,23.593,116.407,0.0,0.0
1779273823.4835165,120.97206604685455,116.40680551813058,17.410012954508243,120.97206604685455,116.40680551813058,17.410012954508243,ESTIMA,0.0,450.0,0,140.0,120.972,329.028,23.593,116.407,0.0,0.0
1779273823.533582,121.4864295418814,112.51047573896211,17.753123963730545,121.4864295418814,112.51047573896211,17.753123963730545,ESTIMA,0.0,450.0,0,140.0,121.486,328.514,27.49,112.51,0.0,0.0
1779273823.5836709,121.4864295418814,112.51047573896211,17.753123963730545,121.4864295418814,112.51047573896211,17.753123963730545,ESTIMA,0.0,450.0,0,140.0,121.486,328.514,27.49,112.51,0.0,0.0
1779273823.6336298,121.71191345235923,112.0713371142982,17.68503495077855,121.71191345235923,112.0713371142982,17.68503495077855,ESTIMA,0.0,450.0,0,140.0,121.712,328.288,27.929,112.071,0.0,0.0
1779273823.6835546,121.71191345235923,112.0713371142982,17.68503495077855,121.71191345235923,112.0713371142982,17.68503495077855,ESTIMA,0.0,450.0,0,140.0,121.712,328.288,27.929,112.071,0.0,0.0
1779273823.733584,122.22512165727915,110.87841251863935,17.505912940798055,122.22512165727915,110.87841251863935,17.505912940798055,ESTIMA,0.0,450.0,0,140.0,122.225,327.775,29.122,110.878,0.0,0.0
1779273823.7835438,122.22512165727915,110.87841251863935,17.505912940798055,122.22512165727915,110.87841251863935,17.505912940798055,ESTIMA,0.0,450.0,0,140.0,122.225,327.775,29.122,110.878,0.0,0.0
1779273823.9835608,122.22571874965011,110.87582929826802,17.505547240211992,122.22571874965011,110.87582929826802,17.505547240211992,ESTIMA,0.0,450.0,0,140.0,122.226,327.774,29.124,110.876,20.0,0.0
1779273824.0335445,122.22571874965011,110.87582929826802,17.505547240211992,122.22571874965011,110.87582929826802,17.505547240211992,ESTIMA,0.0,450.0,0,140.0,122.226,327.774,29.124,110.876,20.0,0.0
1779273824.0835664,122.22571874965011,110.87582929826802,17.505547240211992,122.22571874965011,110.87582929826802,17.505547240211992,ESTIMA,0.0,450.0,0,140.0,122.226,327.774,29.124,110.876,20.0,0.0
1779273824.133505,122.40956422641791,110.07912483041228,17.52607535346344,122.40956422641791,110.07912483041228,17.52607535346344,ESTIMA,0.0,450.0,0,140.0,122.41,327.59,29.921,110.079,20.0,0.0
1779273824.1836085,122.40956422641791,110.07912483041228,17.52607535346344,122.40956422641791,110.07912483041228,17.52607535346344,ESTIMA,0.0,450.0,0,140.0,122.41,327.59,29.921,110.079,20.0,0.0
1779273824.233605,122.96352762629856,107.88507673653243,17.64125907618879,122.96352762629856,107.88507673653243,17.64125907618879,ESTIMA,0.0,450.0,0,140.0,122.964,327.036,32.115,107.885,20.0,0.0
1779273824.283556,122.96352762629856,107.88507673653243,17.64125907618879,122.96352762629856,107.88507673653243,17.64125907618879,ESTIMA,0.0,450.0,0,140.0,122.964,327.036,32.115,107.885,20.0,0.0
1779273824.3335435,123.91723093694738,105.37042861477637,17.734539140437917,123.91723093694738,105.37042861477637,17.734539140437917,ESTIMA,0.0,450.0,0,140.0,123.917,326.083,34.63,105.37,20.0,0.0
1779273824.3835292,123.91723093694738,105.37042861477637,17.734539140437917,123.91723093694738,105.37042861477637,17.734539140437917,ESTIMA,0.0,450.0,0,140.0,123.917,326.083,34.63,105.37,20.0,0.0
1779273824.4335504,124.93535879798648,103.29347820383903,17.87491030785579,124.93535879798648,103.29347820383903,17.87491030785579,ESTIMA,0.0,450.0,0,140.0,124.935,325.065,36.707,103.293,20.0,0.0
1779273824.4835093,124.93535879798648,103.29347820383903,17.87491030785579,124.93535879798648,103.29347820383903,17.87491030785579,ESTIMA,0.0,450.0,0,140.0,124.935,325.065,36.707,103.293,20.0,0.0
1779273824.533586,126.69524522725168,100.6996910195837,17.991587539474672,126.69524522725168,100.6996910195837,17.991587539474672,ESTIMA,0.0,450.0,0,140.0,126.695,323.305,39.3,100.7,20.0,0.0
1779273824.5835483,126.69524522725168,100.6996910195837,17.991587539474672,126.69524522725168,100.6996910195837,17.991587539474672,ESTIMA,0.0,450.0,0,140.0,126.695,323.305,39.3,100.7,20.0,0.0
1779273824.6335459,128.54197830307874,98.56340056476445,18.0434635179988,128.54197830307874,98.56340056476445,18.0434635179988,ESTIMA,0.0,450.0,0,140.0,128.542,321.458,41.437,98.563,20.0,0.0
1779273824.6835084,128.54197830307874,98.56340056476445,18.0434635179988,128.54197830307874,98.56340056476445,18.0434635179988,ESTIMA,0.0,450.0,0,140.0,128.542,321.458,41.437,98.563,20.0,0.0
1779273824.7335353,128.54197830307874,98.56340056476445,18.0434635179988,128.54197830307874,98.56340056476445,18.0434635179988,ESTIMA,0.0,450.0,0,140.0,128.542,321.458,41.437,98.563,20.0,0.0
1779273824.783712,131.23532685060633,95.75620620947903,18.281881030756796,131.23532685060633,95.75620620947903,18.281881030756796,ESTIMA,0.0,450.0,0,140.0,131.235,318.765,44.244,95.756,0.0,0.0
1779273824.8338966,131.23532685060633,95.75620620947903,18.281881030756796,131.23532685060633,95.75620620947903,18.281881030756796,ESTIMA,0.0,450.0,0,140.0,131.235,318.765,44.244,95.756,0.0,0.0
1779273824.8835812,133.21793789543307,94.49190888835918,18.325826639040166,133.21793789543307,94.49190888835918,18.325826639040166,ESTIMA,0.0,450.0,0,140.0,133.218,316.782,45.508,94.492,0.0,0.0
1779273824.933528,133.21793789543307,94.49190888835918,18.325826639040166,133.21793789543307,94.49190888835918,18.325826639040166,ESTIMA,0.0,450.0,0,140.0,133.218,316.782,45.508,94.492,0.0,0.0
1779273824.9836473,136.24146263370494,92.7457499060461,18.42833355574766,136.24146263370494,92.7457499060461,18.42833355574766,ESTIMA,0.0,450.0,0,140.0,136.241,313.759,47.254,92.746,0.0,0.0
1779273825.0335433,137.15134809492983,92.33808529135007,18.46278572021554,137.15134809492983,92.33808529135007,18.46278572021554,ESTIMA,0.0,450.0,0,140.0,137.151,312.849,47.662,92.338,0.0,0.0
1779273825.0835636,137.15134809492983,92.33808529135007,18.46278572021554,137.15134809492983,92.33808529135007,18.46278572021554,ESTIMA,0.0,450.0,0,140.0,137.151,312.849,47.662,92.338,0.0,0.0
1779273825.133575,138.5742716113297,91.75855076549973,18.431092687832354,138.5742716113297,91.75855076549973,18.431092687832354,ESTIMA,0.0,450.0,0,140.0,138.574,311.426,48.241,91.759,0.0,0.0
1779273825.1835852,138.5742716113297,91.75855076549973,18.431092687832354,138.5742716113297,91.75855076549973,18.431092687832354,ESTIMA,0.0,450.0,0,140.0,138.574,311.426,48.241,91.759,0.0,0.0
1779273825.2335927,138.5742716113297,91.75855076549973,18.431092687832354,138.5742716113297,91.75855076549973,18.431092687832354,ESTIMA,0.0,450.0,0,140.0,138.574,311.426,48.241,91.759,0.0,0.0
1779273825.283663,139.43165119245904,91.3772478557665,18.442700561463212,139.43165119245904,91.3772478557665,18.442700561463212,ESTIMA,0.0,450.0,0,140.0,139.432,310.568,48.623,91.377,-20.0,0.0
1779273825.333573,139.43165119245904,91.3772478557665,18.442700561463212,139.43165119245904,91.3772478557665,18.442700561463212,ESTIMA,0.0,450.0,0,140.0,139.432,310.568,48.623,91.377,-20.0,0.0
1779273825.3836358,139.5337433770648,91.33325657646817,18.458033906604907,139.5337433770648,91.33325657646817,18.458033906604907,ESTIMA,0.0,450.0,0,140.0,139.534,310.466,48.667,91.333,-20.0,0.0
1779273825.4335847,139.5337433770648,91.33325657646817,18.458033906604907,139.5337433770648,91.33325657646817,18.458033906604907,ESTIMA,0.0,450.0,0,140.0,139.534,310.466,48.667,91.333,-20.0,0.0
1779273825.4836066,143.01158164181538,89.89748247125829,18.690836180372134,143.01158164181538,89.89748247125829,18.690836180372134,ESTIMA,0.0,450.0,0,140.0,143.012,306.988,50.103,89.897,-20.0,0.0
1779273825.533608,143.01158164181538,89.89748247125829,18.690836180372134,143.01158164181538,89.89748247125829,18.690836180372134,ESTIMA,0.0,450.0,0,140.0,143.012,306.988,50.103,89.897,-20.0,0.0
1779273825.5836024,148.43270972196777,89.02974347747507,19.0966031876375,148.43270972196777,89.02974347747507,19.0966031876375,ESTIMA,0.0,450.0,0,140.0,148.433,301.567,50.97,89.03,-20.0,0.0
1779273825.6336963,148.43270972196777,89.02974347747507,19.0966031876375,148.43270972196777,89.02974347747507,19.0966031876375,ESTIMA,0.0,450.0,0,140.0,148.433,301.567,50.97,89.03,-20.0,0.0
1779273825.6835535,151.92966528762312,89.91167228267007,19.427088551026678,151.92966528762312,89.91167228267007,19.427088551026678,ESTIMA,0.0,450.0,0,140.0,151.93,298.07,50.088,89.912,-20.0,0.0
1779273825.733561,151.92966528762312,89.91167228267007,19.427088551026678,151.92966528762312,89.91167228267007,19.427088551026678,ESTIMA,0.0,450.0,0,140.0,151.93,298.07,50.088,89.912,-20.0,0.0
1779273825.7835486,155.26260829974922,92.08357677893017,19.71983799208603,155.26260829974922,92.08357677893017,19.71983799208603,ESTIMA,0.0,450.0,0,140.0,155.263,294.737,47.916,92.084,-20.0,0.0
1779273825.833549,155.26260829974922,92.08357677893017,19.71983799208603,155.26260829974922,92.08357677893017,19.71983799208603,ESTIMA,0.0,450.0,0,140.0,155.263,294.737,47.916,92.084,-20.0,0.0
1779273825.8835213,158.40021199159125,95.80478563072609,20.079551070144355,158.40021199159125,95.80478563072609,20.079551070144355,ESTIMA,0.0,450.0,0,140.0,158.4,291.6,44.195,95.805,-20.0,0.0
1779273825.9336493,158.40021199159125,95.80478563072609,20.079551070144355,158.40021199159125,95.80478563072609,20.079551070144355,ESTIMA,0.0,450.0,0,140.0,158.4,291.6,44.195,95.805,-20.0,0.0
1779273825.9836273,158.40021199159125,95.80478563072609,20.079551070144355,158.40021199159125,95.80478563072609,20.079551070144355,ESTIMA,0.0,450.0,0,140.0,158.4,291.6,44.195,95.805,-20.0,0.0
1779273826.0335662,160.1519608819694,100.74431864287573,20.55814463279947,160.1519608819694,100.74431864287573,20.55814463279947,ESTIMA,0.0,450.0,0,140.0,160.152,289.848,39.256,100.744,-20.0,0.0
1779273826.0835612,159.87489497608865,102.7423256962065,20.707264599644578,159.87489497608865,102.7423256962065,20.707264599644578,ESTIMA,0.0,450.0,0,140.0,159.875,290.125,37.258,102.742,-20.0,0.0
1779273826.1335258,159.87489497608865,102.7423256962065,20.707264599644578,159.87489497608865,102.7423256962065,20.707264599644578,ESTIMA,0.0,450.0,0,140.0,159.875,290.125,37.258,102.742,-20.0,0.0
1779273826.1835897,158.63798166482752,106.93449521221878,21.028705674916008,158.63798166482752,106.93449521221878,21.028705674916008,ESTIMA,0.0,450.0,0,140.0,158.638,291.362,33.066,106.934,-20.0,0.0
1779273826.233569,158.63798166482752,106.93449521221878,21.028705674916008,158.63798166482752,106.93449521221878,21.028705674916008,ESTIMA,0.0,450.0,0,140.0,158.638,291.362,33.066,106.934,-20.0,0.0
1779273826.28367,155.74152796230712,111.09325364623913,21.493646810062746,155.74152796230712,111.09325364623913,21.493646810062746,ESTIMA,0.0,450.0,0,140.0,155.742,294.258,28.907,111.093,-20.0,0.0
1779273826.333591,155.74152796230712,111.09325364623913,21.493646810062746,155.74152796230712,111.09325364623913,21.493646810062746,ESTIMA,0.0,450.0,0,140.0,155.742,294.258,28.907,111.093,-20.0,0.0
1779273826.383573,151.51252762764298,113.38986759348197,21.775022083396944,151.51252762764298,113.38986759348197,21.775022083396944,ESTIMA,0.0,450.0,0,140.0,151.513,298.487,26.61,113.39,-20.0,0.0
1779273826.4335191,151.51252762764298,113.38986759348197,21.775022083396944,151.51252762764298,113.38986759348197,21.775022083396944,ESTIMA,0.0,450.0,0,140.0,151.513,298.487,26.61,113.39,-20.0,0.0
1779273826.4835575,147.28468309793752,114.31811502461521,22.093349070913366,147.28468309793752,114.31811502461521,22.093349070913366,ESTIMA,0.0,450.0,0,140.0,147.285,302.715,25.682,114.318,-20.0,0.0
1779273826.5336444,147.28468309793752,114.31811502461521,22.093349070913366,147.28468309793752,114.31811502461521,22.093349070913366,ESTIMA,0.0,450.0,0,140.0,147.285,302.715,25.682,114.318,-20.0,0.0
1779273826.5836046,147.28468309793752,114.31811502461521,22.093349070913366,147.28468309793752,114.31811502461521,22.093349070913366,ESTIMA,0.0,450.0,0,140.0,147.285,302.715,25.682,114.318,-20.0,0.0
1779273826.6335733,142.38381760163497,113.81549296873175,22.226394899117373,142.38381760163497,113.81549296873175,22.226394899117373,ESTIMA,0.0,450.0,0,140.0,142.384,307.616,26.185,113.815,-20.0,0.0
1779273826.6835647,142.38381760163497,113.81549296873175,22.226394899117373,142.38381760163497,113.81549296873175,22.226394899117373,ESTIMA,0.0,450.0,0,140.0,142.384,307.616,26.185,113.815,-20.0,0.0
1779273826.7335603,138.66836255802485,112.92495723543963,22.5080668256312,138.66836255802485,112.92495723543963,22.5080668256312,ESTIMA,0.0,450.0,0,140.0,138.668,311.332,27.075,112.925,-20.0,0.0
1779273826.783555,136.33158785656602,111.59655457600763,22.70625968152805,136.33158785656602,111.59655457600763,22.70625968152805,ESTIMA,0.0,450.0,0,140.0,136.332,313.668,28.403,111.597,-20.0,0.0
1779273826.8335207,136.33158785656602,111.59655457600763,22.70625968152805,136.33158785656602,111.59655457600763,22.70625968152805,ESTIMA,0.0,450.0,0,140.0,136.332,313.668,28.403,111.597,0.0,0.0
1779273826.883744,136.33158785656602,111.59655457600763,22.70625968152805,132.9276645574901,108.64040003949205,23.01545250883455,ESTIMA,0.0,450.0,0,140.0,136.332,313.668,28.403,111.597,0.0,0.0
1779273826.9335313,132.9276645574901,108.64040003949205,23.01545250883455,132.9276645574901,108.64040003949205,23.01545250883455,ESTIMA,0.0,450.0,0,140.0,132.928,317.072,31.36,108.64,0.0,0.0
1779273826.983512,132.9276645574901,108.64040003949205,23.01545250883455,132.9276645574901,108.64040003949205,23.01545250883455,ESTIMA,0.0,450.0,0,140.0,132.928,317.072,31.36,108.64,0.0,0.0
1779273827.0335112,131.99469715328945,107.10664432745031,22.89291421094999,131.99469715328945,107.10664432745031,22.89291421094999,ESTIMA,0.0,450.0,0,140.0,131.995,318.005,32.893,107.107,0.0,0.0
1779273827.0835629,131.99469715328945,107.10664432745031,22.89291421094999,131.99469715328945,107.10664432745031,22.89291421094999,ESTIMA,0.0,450.0,0,140.0,131.995,318.005,32.893,107.107,0.0,0.0
1779273827.1337273,131.99469715328945,107.10664432745031,22.89291421094999,131.99469715328945,107.10664432745031,22.89291421094999,ESTIMA,0.0,450.0,0,140.0,131.995,318.005,32.893,107.107,0.0,0.0
1779273827.1835942,131.99469715328945,107.10664432745031,22.89291421094999,131.99469715328945,107.10664432745031,22.89291421094999,ESTIMA,0.0,450.0,0,140.0,131.995,318.005,32.893,107.107,0.0,0.0
1779273827.233564,131.99469715328945,107.10664432745031,22.89291421094999,131.99469715328945,107.10664432745031,22.89291421094999,ESTIMA,0.0,450.0,0,140.0,131.995,318.005,32.893,107.107,0.0,0.0
1779273827.2835865,131.99469715328945,107.10664432745031,22.89291421094999,131.99469715328945,107.10664432745031,22.89291421094999,ESTIMA,0.0,450.0,0,140.0,131.995,318.005,32.893,107.107,0.0,0.0
1779273827.3335178,131.99469715328945,107.10664432745031,22.89291421094999,131.99469715328945,107.10664432745031,22.89291421094999,ESTIMA,0.0,450.0,0,140.0,131.995,318.005,32.893,107.107,0.0,0.0
1779273827.483568,131.99469715328945,107.10664432745031,22.89291421094999,131.99469715328945,107.10664432745031,22.89291421094999,ESTIMA,0.0,450.0,0,140.0,131.995,318.005,32.893,107.107,20.0,0.0
1779273827.5336761,131.99469715328945,107.10664432745031,22.89291421094999,131.99469715328945,107.10664432745031,22.89291421094999,ESTIMA,0.0,450.0,0,140.0,131.995,318.005,32.893,107.107,20.0,0.0
1779273827.5835807,131.99469715328945,107.10664432745031,22.89291421094999,131.99469715328945,107.10664432745031,22.89291421094999,ESTIMA,0.0,450.0,0,140.0,131.995,318.005,32.893,107.107,20.0,0.0
1779273827.6335597,131.40844603354788,106.36519033191855,22.845777968981384,131.40844603354788,106.36519033191855,22.845777968981384,ESTIMA,0.0,450.0,0,140.0,131.408,318.592,33.635,106.365,20.0,0.0
1779273827.6836462,131.40844603354788,106.36519033191855,22.845777968981384,131.40844603354788,106.36519033191855,22.845777968981384,ESTIMA,0.0,450.0,0,140.0,131.408,318.592,33.635,106.365,20.0,0.0
1779273827.7337906,153.52,110.48,1.866,153.52,110.48,1.866,ESTIMA,0.0,450.0,0,140.0,153.52,296.48,29.52,110.48,20.0,0.0
1779273827.783526,153.52,110.48,1.866,153.52,110.48,1.866,VISION,0.0,450.0,0,140.0,153.52,296.48,29.52,110.48,20.0,0.0
1779273827.8336034,153.52,110.48,1.866,152.87528860843776,112.60014245899242,1.8913839861727426,VISION,0.0,450.0,0,140.0,153.52,296.48,29.52,110.48,20.0,0.0
1779273827.8835227,153.52,110.48,1.866,152.87528860843776,112.60014245899242,1.8913839861727426,VISION,0.0,450.0,0,140.0,153.52,296.48,29.52,110.48,20.0,0.0
1779273827.9335618,153.52,110.48,1.866,152.21094099503102,114.60093801479415,1.8858216973569353,VISION,0.0,450.0,0,140.0,153.52,296.48,29.52,110.48,20.0,0.0
1779273827.9835563,153.52,110.48,1.866,152.21094099503102,114.60093801479415,1.8858216973569353,VISION,0.0,450.0,0,140.0,153.52,296.48,29.52,110.48,20.0,0.0
1779273828.0335293,153.52,110.48,1.866,151.51648859327258,116.73196081908979,1.9847800701084732,VISION,0.0,450.0,0,140.0,153.52,296.48,29.52,110.48,20.0,0.0
1779273828.0835876,153.52,110.48,1.866,151.51648859327258,116.73196081908979,1.9847800701084732,VISION,0.0,450.0,0,140.0,153.52,296.48,29.52,110.48,20.0,0.0
1779273828.1335611,153.52,110.48,1.866,151.51648859327258,116.73196081908979,1.9847800701084732,VISION,0.0,450.0,0,140.0,153.52,296.48,29.52,110.48,20.0,0.0
1779273828.183556,153.52,110.48,1.866,150.7093094411726,118.56906535027608,2.1471196998060793,VISION,0.0,450.0,0,140.0,153.52,296.48,29.52,110.48,20.0,0.0
1779273828.2335718,153.52,110.48,1.866,150.7093094411726,118.56906535027608,2.1471196998060793,VISION,0.0,450.0,0,140.0,153.52,296.48,29.52,110.48,20.0,0.0
1779273828.283823,153.52,110.48,1.866,148.69999966898365,121.66066193426428,2.1459631055662394,VISION,0.0,450.0,0,140.0,153.52,296.48,29.52,110.48,20.0,0.0
1779273828.3337953,151.94,109.85,1.914,151.94,109.85,1.914,VISION,0.0,450.0,0,140.0,151.94,298.06,30.15,109.85,20.0,0.0
1779273828.3835647,151.94,109.85,1.914,151.4986523571039,111.085072522995,1.976303676838684,VISION,0.0,450.0,0,140.0,151.94,298.06,30.15,109.85,20.0,0.0
1779273828.433568,151.94,109.85,1.914,151.4986523571039,111.085072522995,1.976303676838684,VISION,0.0,450.0,0,140.0,151.94,298.06,30.15,109.85,20.0,0.0
1779273828.4835823,151.94,109.85,1.914,150.31702012901795,113.83753361560497,2.0471205340958734,VISION,0.0,450.0,0,140.0,151.94,298.06,30.15,109.85,20.0,0.0
1779273828.5336688,151.94,109.85,1.914,150.31702012901795,113.83753361560497,2.0471205340958734,VISION,0.0,450.0,0,140.0,151.94,298.06,30.15,109.85,20.0,0.0
1779273828.5835686,151.94,109.85,1.914,149.44024205074388,115.53688823357611,2.094829871932162,VISION,0.0,450.0,0,140.0,151.94,298.06,30.15,109.85,20.0,0.0
1779273828.6339989,151.94,109.85,1.914,149.44024205074388,115.53688823357611,2.094829871932162,VISION,0.0,450.0,0,140.0,151.94,298.06,30.15,109.85,20.0,0.0
1779273828.683566,151.94,109.85,1.914,148.33700874538135,117.44582720571098,2.205814012631529,VISION,0.0,450.0,0,140.0,151.94,298.06,30.15,109.85,20.0,0.0
1779273828.733526,151.94,109.85,1.914,148.33700874538135,117.44582720571098,2.205814012631529,VISION,0.0,450.0,0,140.0,151.94,298.06,30.15,109.85,20.0,0.0
1779273828.783537,151.94,109.85,1.914,146.31885335945356,120.18480427458138,2.2175902281141093,VISION,0.0,450.0,0,140.0,151.94,298.06,30.15,109.85,20.0,0.0
1779273828.833561,151.94,109.85,1.914,146.31885335945356,120.18480427458138,2.2175902281141093,VISION,0.0,450.0,0,140.0,151.94,298.06,30.15,109.85,20.0,0.0
1779273828.884013,145.06839070978307,121.84070022318095,2.2639384792907986,141.09,103.53,2.124,ESTIMA,0.0,450.0,0,140.0,145.068,304.932,18.159,121.841,20.0,0.0
1779273828.9339907,141.09,103.53,2.124,141.09,103.53,2.124,VISION,0.0,450.0,0,140.0,141.09,308.91,36.47,103.53,20.0,0.0
1779273828.9835935,141.09,103.53,2.124,139.80595858603002,105.60934578089727,2.132080674646744,VISION,0.0,450.0,0,140.0,141.09,308.91,36.47,103.53,20.0,0.0
1779273829.0335698,141.09,103.53,2.124,139.80595858603002,105.60934578089727,2.132080674646744,VISION,0.0,450.0,0,140.0,141.09,308.91,36.47,103.53,20.0,0.0
1779273829.0835662,141.09,103.53,2.124,138.2937050843718,108.01455798242773,2.2023715076375248,VISION,0.0,450.0,0,140.0,141.09,308.91,36.47,103.53,20.0,0.0
1779273829.1335602,141.09,103.53,2.124,138.2937050843718,108.01455798242773,2.2023715076375248,VISION,0.0,450.0,0,140.0,141.09,308.91,36.47,103.53,20.0,0.0
1779273829.1836085,141.09,103.53,2.124,136.84697248125659,109.99223828816939,2.26719919503097,VISION,0.0,450.0,0,140.0,141.09,308.91,36.47,103.53,20.0,0.0
1779273829.23361,141.09,103.53,2.124,136.84697248125659,109.99223828816939,2.26719919503097,VISION,0.0,450.0,0,140.0,141.09,308.91,36.47,103.53,20.0,0.0
1779273829.2835324,141.09,103.53,2.124,134.83949424857718,112.39307483150607,2.2933568119028833,VISION,0.0,450.0,0,140.0,141.09,308.91,36.47,103.53,20.0,0.0
1779273829.3335366,141.09,103.53,2.124,134.83949424857718,112.39307483150607,2.2933568119028833,VISION,0.0,450.0,0,140.0,141.09,308.91,36.47,103.53,20.0,0.0
1779273829.3835304,141.09,103.53,2.124,133.34336831262627,114.09011652060235,2.4118813278004945,VISION,0.0,450.0,0,140.0,141.09,308.91,36.47,103.53,20.0,0.0
1779273829.4336631,141.09,103.53,2.124,133.34336831262627,114.09011652060235,2.4118813278004945,VISION,0.0,450.0,0,140.0,141.09,308.91,36.47,103.53,20.0,0.0
1779273829.4836917,131.11,94.44,2.39,131.11,94.44,2.39,VISION,0.0,450.0,0,140.0,131.11,318.89,45.56,94.44,20.0,0.0
1779273829.5335345,131.11,94.44,2.39,131.11,94.44,2.39,VISION,0.0,450.0,0,140.0,131.11,318.89,45.56,94.44,20.0,0.0
1779273829.583652,131.11,94.44,2.39,130.06601612580403,95.4156820183372,2.51364418259444,VISION,0.0,450.0,0,140.0,131.11,318.89,45.56,94.44,20.0,0.0
1779273829.6335678,131.11,94.44,2.39,130.06601612580403,95.4156820183372,2.51364418259444,VISION,0.0,450.0,0,140.0,131.11,318.89,45.56,94.44,20.0,0.0
1779273829.683588,131.11,94.44,2.39,130.06601612580403,95.4156820183372,2.51364418259444,VISION,0.0,450.0,0,140.0,131.11,318.89,45.56,94.44,20.0,0.0
1779273829.7335374,131.11,94.44,2.39,127.63861765748214,97.1779181534427,2.668403932077771,VISION,0.0,450.0,0,140.0,131.11,318.89,45.56,94.44,20.0,0.0
1779273829.7835288,131.11,94.44,2.39,126.62332281038502,97.69773279355022,2.7679942935808377,VISION,0.0,450.0,0,140.0,131.11,318.89,45.56,94.44,20.0,0.0
1779273829.8335803,131.11,94.44,2.39,126.62332281038502,97.69773279355022,2.7679942935808377,VISION,0.0,450.0,0,140.0,131.11,318.89,45.56,94.44,20.0,0.0
1779273829.8835886,131.11,94.44,2.39,123.51373666886191,98.9167174738171,2.80415682844317,VISION,0.0,450.0,0,140.0,131.11,318.89,45.56,94.44,20.0,0.0
1779273829.9335728,131.11,94.44,2.39,123.51373666886191,98.9167174738171,2.80415682844317,VISION,0.0,450.0,0,140.0,131.11,318.89,45.56,94.44,20.0,0.0
1779273829.9835942,131.11,94.44,2.39,120.83053725102111,99.8581299478262,2.8912694199945648,VISION,0.0,450.0,0,140.0,131.11,318.89,45.56,94.44,20.0,0.0
1779273830.033663,120.83053725102111,99.8581299478262,2.8912694199945648,120.83053725102111,99.8581299478262,2.8912694199945648,ESTIMA,0.0,450.0,0,140.0,120.831,329.169,40.142,99.858,20.0,0.0
1779273830.0836315,120.83053725102111,99.8581299478262,2.8912694199945648,120.83053725102111,99.8581299478262,2.8912694199945648,ESTIMA,0.0,450.0,0,140.0,120.831,329.169,40.142,99.858,20.0,0.0
1779273830.1336033,118.61386532248132,100.42490249826166,3.09411111981727,118.61386532248132,100.42490249826166,3.09411111981727,ESTIMA,0.0,450.0,0,140.0,118.614,331.386,39.575,100.425,20.0,0.0
1779273830.1835513,118.61386532248132,100.42490249826166,3.09411111981727,118.61386532248132,100.42490249826166,3.09411111981727,ESTIMA,0.0,450.0,0,140.0,118.614,331.386,39.575,100.425,20.0,0.0
1779273830.233613,114.79065869110731,100.60657075702966,3.0702899406298765,114.79065869110731,100.60657075702966,3.0702899406298765,ESTIMA,0.0,450.0,0,140.0,114.791,335.209,39.393,100.607,20.0,0.0
1779273830.2838678,114.79065869110731,100.60657075702966,3.0702899406298765,113.40507927835414,100.70553409746229,3.144366118916532,ESTIMA,0.0,450.0,0,140.0,114.791,335.209,39.393,100.607,20.0,0.0
1779273830.3336165,113.40507927835414,100.70553409746229,3.144366118916532,113.40507927835414,100.70553409746229,3.144366118916532,ESTIMA,0.0,450.0,0,140.0,113.405,336.595,39.294,100.706,20.0,0.0
1779273830.3835878,113.40507927835414,100.70553409746229,3.144366118916532,113.40507927835414,100.70553409746229,3.144366118916532,ESTIMA,0.0,450.0,0,140.0,113.405,336.595,39.294,100.706,20.0,0.0
1779273830.4335723,110.52709414587893,100.69755208502032,3.229644808403492,110.52709414587893,100.69755208502032,3.229644808403492,ESTIMA,0.0,450.0,0,140.0,110.527,339.473,39.302,100.698,20.0,0.0
1779273830.4835696,110.52709414587893,100.69755208502032,3.229644808403492,110.52709414587893,100.69755208502032,3.229644808403492,ESTIMA,0.0,450.0,0,140.0,110.527,339.473,39.302,100.698,20.0,0.0
1779273830.5336652,107.31359779600632,100.41386326400747,3.266777558646911,107.31359779600632,100.41386326400747,3.266777558646911,ESTIMA,0.0,450.0,0,140.0,107.314,342.686,39.586,100.414,20.0,0.0
1779273830.5835495,107.31359779600632,100.41386326400747,3.266777558646911,107.31359779600632,100.41386326400747,3.266777558646911,ESTIMA,0.0,450.0,0,140.0,107.314,342.686,39.586,100.414,20.0,0.0
1779273830.6339495,104.64692970515611,100.07828184344038,3.3517338089878037,104.64692970515611,100.07828184344038,3.3517338089878037,ESTIMA,0.0,450.0,0,140.0,104.647,345.353,39.922,100.078,20.0,0.0
1779273830.6836,104.64692970515611,100.07828184344038,3.3517338089878037,104.64692970515611,100.07828184344038,3.3517338089878037,ESTIMA,0.0,450.0,0,140.0,104.647,345.353,39.922,100.078,20.0,0.0
1779273830.7335773,102.11173883768872,99.53755094055177,3.4332506141994177,102.11173883768872,99.53755094055177,3.4332506141994177,ESTIMA,0.0,450.0,0,140.0,102.112,347.888,40.462,99.538,20.0,0.0
1779273830.7835326,102.11173883768872,99.53755094055177,3.4332506141994177,102.11173883768872,99.53755094055177,3.4332506141994177,ESTIMA,0.0,450.0,0,140.0,102.112,347.888,40.462,99.538,20.0,0.0
1779273830.833527,100.27526307260177,98.9862055006857,3.604042128118172,100.27526307260177,98.9862055006857,3.604042128118172,ESTIMA,0.0,450.0,0,140.0,100.275,349.725,41.014,98.986,20.0,0.0
1779273830.8835247,100.27526307260177,98.9862055006857,3.604042128118172,100.27526307260177,98.9862055006857,3.604042128118172,ESTIMA,0.0,450.0,0,140.0,100.275,349.725,41.014,98.986,20.0,0.0
1779273830.933678,97.7782127054001,97.74141783250568,3.686963337309971,97.7782127054001,97.74141783250568,3.686963337309971,ESTIMA,0.0,450.0,0,140.0,97.778,352.222,42.259,97.741,20.0,0.0
1779273830.9835782,97.7782127054001,97.74141783250568,3.686963337309971,97.7782127054001,97.74141783250568,3.686963337309971,ESTIMA,0.0,450.0,0,140.0,97.778,352.222,42.259,97.741,20.0,0.0
1779273831.0335746,95.28033346992333,96.2258202941692,3.7762055772860728,95.28033346992333,96.2258202941692,3.7762055772860728,ESTIMA,0.0,450.0,0,140.0,95.28,354.72,43.774,96.226,20.0,0.0
1779273831.0835662,95.28033346992333,96.2258202941692,3.7762055772860728,95.28033346992333,96.2258202941692,3.7762055772860728,ESTIMA,0.0,450.0,0,140.0,95.28,354.72,43.774,96.226,20.0,0.0
1779273831.1335719,93.63862431972072,95.01718775504526,3.8932726248072838,93.63862431972072,95.01718775504526,3.8932726248072838,ESTIMA,0.0,450.0,0,140.0,93.639,356.361,44.983,95.017,20.0,0.0
1779273831.1836376,93.63862431972072,95.01718775504526,3.8932726248072838,93.63862431972072,95.01718775504526,3.8932726248072838,ESTIMA,0.0,450.0,0,140.0,93.639,356.361,44.983,95.017,20.0,0.0
1779273831.2336607,93.63862431972072,95.01718775504526,3.8932726248072838,93.63862431972072,95.01718775504526,3.8932726248072838,ESTIMA,0.0,450.0,0,140.0,93.639,356.361,44.983,95.017,20.0,0.0
1779273831.2835808,90.51849920976083,92.10068402898284,3.957900049549025,90.51849920976083,92.10068402898284,3.957900049549025,ESTIMA,0.0,450.0,0,140.0,90.518,359.482,47.899,92.101,20.0,0.0
1779273831.3336098,89.27417853124811,90.7769618280436,4.019270722211935,89.27417853124811,90.7769618280436,4.019270722211935,ESTIMA,0.0,450.0,0,140.0,89.274,360.726,49.223,90.777,20.0,0.0
1779273831.383583,89.27417853124811,90.7769618280436,4.019270722211935,89.27417853124811,90.7769618280436,4.019270722211935,ESTIMA,0.0,450.0,0,140.0,89.274,360.726,49.223,90.777,20.0,0.0
1779273831.4335895,89.27417853124811,90.7769618280436,4.019270722211935,87.37979004693975,88.49619283256365,4.11468007575749,ESTIMA,0.0,450.0,0,140.0,89.274,360.726,49.223,90.777,20.0,0.0
1779273831.4835312,87.37979004693975,88.49619283256365,4.11468007575749,87.37979004693975,88.49619283256365,4.11468007575749,ESTIMA,0.0,450.0,0,140.0,87.38,362.62,51.504,88.496,20.0,0.0
1779273831.5336206,87.37979004693975,88.49619283256365,4.11468007575749,87.37979004693975,88.49619283256365,4.11468007575749,ESTIMA,0.0,450.0,0,140.0,87.38,362.62,51.504,88.496,20.0,0.0
1779273831.5836172,85.5890746942116,85.86579985374073,4.215882711732786,85.5890746942116,85.86579985374073,4.215882711732786,ESTIMA,0.0,450.0,0,140.0,85.589,364.411,54.134,85.866,20.0,0.0
1779273831.633735,85.5890746942116,85.86579985374073,4.215882711732786,85.5890746942116,85.86579985374073,4.215882711732786,ESTIMA,0.0,450.0,0,140.0,85.589,364.411,54.134,85.866,20.0,0.0
1779273831.6835322,84.5092001363851,83.87258278961943,4.290317239377226,84.5092001363851,83.87258278961943,4.290317239377226,ESTIMA,0.0,450.0,0,140.0,84.509,365.491,56.127,83.873,20.0,0.0
1779273831.7336297,84.5092001363851,83.87258278961943,4.290317239377226,83.71695668734955,82.10835554929074,4.468495442607682,ESTIMA,0.0,450.0,0,140.0,84.509,365.491,56.127,83.873,20.0,0.0
1779273831.783682,83.71695668734955,82.10835554929074,4.468495442607682,83.71695668734955,82.10835554929074,4.468495442607682,ESTIMA,0.0,450.0,0,140.0,83.717,366.283,57.892,82.108,20.0,0.0
1779273831.8337727,130.52,38.03,-2.572,130.52,38.03,-2.572,VISION,0.0,450.0,0,140.0,130.52,319.48,101.97,38.03,0.0,0.0
1779273831.8835773,130.52,38.03,-2.572,127.24292221270962,35.93137904485006,-2.431700135722768,VISION,0.0,450.0,0,140.0,130.52,319.48,101.97,38.03,0.0,0.0
1779273831.933597,130.52,38.03,-2.572,127.24292221270962,35.93137904485006,-2.431700135722768,VISION,0.0,450.0,0,140.0,130.52,319.48,101.97,38.03,0.0,0.0
1779273831.9835565,130.52,38.03,-2.572,127.24292221270962,35.93137904485006,-2.431700135722768,VISION,0.0,450.0,0,140.0,130.52,319.48,101.97,38.03,0.0,0.0
1779273832.03355,130.52,38.03,-2.572,124.79137979266673,33.824666184344785,-2.3175097932936453,VISION,0.0,450.0,0,140.0,130.52,319.48,101.97,38.03,0.0,0.0
1779273832.083591,130.52,38.03,-2.572,123.86732750926791,32.82620492576695,-2.3032333051178386,VISION,0.0,450.0,0,140.0,130.52,319.48,101.97,38.03,0.0,0.0
1779273832.1335883,130.52,38.03,-2.572,123.86732750926791,32.82620492576695,-2.3032333051178386,VISION,0.0,450.0,0,140.0,130.52,319.48,101.97,38.03,0.0,0.0
1779273832.1836605,130.52,38.03,-2.572,122.8706662933082,31.717961099231516,-2.3748392578908497,VISION,0.0,450.0,0,140.0,130.52,319.48,101.97,38.03,0.0,0.0
1779273832.2336006,130.52,38.03,-2.572,122.8706662933082,31.717961099231516,-2.3748392578908497,VISION,0.0,450.0,0,140.0,130.52,319.48,101.97,38.03,0.0,0.0
1779273832.2835722,130.52,38.03,-2.572,121.72345089160908,30.61274659685119,-2.3720053845610956,VISION,0.0,450.0,0,140.0,130.52,319.48,101.97,38.03,0.0,0.0
1779273832.3335478,121.72345089160908,30.61274659685119,-2.3720053845610956,121.72345089160908,30.61274659685119,-2.3720053845610956,ESTIMA,0.0,450.0,0,140.0,121.723,328.277,109.387,30.613,0.0,0.0
1779273832.3838203,121.71919379082024,30.608622028787114,-2.3719209189540496,121.71919379082024,30.608622028787114,-2.3719209189540496,ESTIMA,0.0,450.0,0,140.0,121.719,328.281,109.391,30.609,-20.0,0.0
1779273832.4336329,143.25,28.13,-2.123,143.25,28.13,-2.123,VISION,0.0,450.0,0,140.0,143.25,306.75,111.87,28.13,-20.0,0.0
1779273832.4835515,143.25,28.13,-2.123,143.25,28.13,-2.123,VISION,0.0,450.0,0,140.0,143.25,306.75,111.87,28.13,-20.0,0.0
1779273832.5335972,143.25,28.13,-2.123,143.25,28.130000000000003,-2.123000000000001,VISION,0.0,450.0,0,140.0,143.25,306.75,111.87,28.13,-20.0,0.0
1779273832.5835552,143.25,28.13,-2.123,142.06372169870903,26.204665331903644,-1.9825907236294533,VISION,0.0,450.0,0,140.0,143.25,306.75,111.87,28.13,-20.0,0.0
1779273832.6335354,143.25,28.13,-2.123,142.06372169870903,26.204665331903644,-1.9825907236294533,VISION,0.0,450.0,0,140.0,143.25,306.75,111.87,28.13,-20.0,0.0
1779273832.683537,143.25,28.13,-2.123,142.06372169870903,26.204665331903644,-1.9825907236294533,VISION,0.0,450.0,0,140.0,143.25,306.75,111.87,28.13,-20.0,0.0
1779273832.7335353,143.25,28.13,-2.123,139.71221778947975,20.82076954473311,-1.5494971516162186,VISION,0.0,450.0,0,140.0,143.25,306.75,111.87,28.13,-20.0,0.0
1779273832.783536,143.25,28.13,-2.123,139.76447818785738,18.367505745909085,-1.3686180059510589,VISION,0.0,450.0,0,140.0,143.25,306.75,111.87,28.13,-20.0,0.0
1779273832.8335338,143.25,28.13,-2.123,139.76447818785738,18.367505745909085,-1.3686180059510589,VISION,0.0,450.0,0,140.0,143.25,306.75,111.87,28.13,-20.0,0.0
1779273832.8835552,143.25,28.13,-2.123,140.55547389671122,14.508592379201046,-1.0080866268181743,VISION,0.0,450.0,0,140.0,143.25,306.75,111.87,28.13,-20.0,0.0
1779273832.933547,140.55547389671122,14.508592379201046,-1.0080866268181743,140.55547389671122,14.508592379201046,-1.0080866268181743,ESTIMA,0.0,450.0,0,140.0,140.555,309.445,125.491,14.509,-20.0,0.0
1779273832.9839642,149.59,25.63,-1.979,149.59,25.63,-1.979,ESTIMA,0.0,450.0,0,140.0,149.59,300.41,114.37,25.63,-20.0,0.0
1779273833.0336475,149.59,25.63,-1.979,149.59,25.63,-1.979,VISION,0.0,450.0,0,140.0,149.59,300.41,114.37,25.63,-20.0,0.0
1779273833.0835989,149.59,25.63,-1.979,147.84845375525595,21.603277483827174,-1.5785190185992506,VISION,0.0,450.0,0,140.0,149.59,300.41,114.37,25.63,-20.0,0.0
1779273833.1335623,149.59,25.63,-1.979,147.84845375525595,21.603277483827174,-1.5785190185992506,VISION,0.0,450.0,0,140.0,149.59,300.41,114.37,25.63,-20.0,0.0
1779273833.1835876,149.59,25.63,-1.979,147.8127315470514,16.97775325606367,-1.3072679096459703,VISION,0.0,450.0,0,140.0,149.59,300.41,114.37,25.63,-20.0,0.0
1779273833.2335584,149.59,25.63,-1.979,147.8127315470514,16.97775325606367,-1.3072679096459703,VISION,0.0,450.0,0,140.0,149.59,300.41,114.37,25.63,-20.0,0.0
1779273833.2835732,149.59,25.63,-1.979,147.8127315470514,16.97775325606367,-1.3072679096459703,VISION,0.0,450.0,0,140.0,149.59,300.41,114.37,25.63,-20.0,0.0
1779273833.3335927,149.59,25.63,-1.979,149.38057471526113,11.166691547412388,-0.8642149560423174,VISION,0.0,450.0,0,140.0,149.59,300.41,114.37,25.63,-20.0,0.0
1779273833.383573,149.59,25.63,-1.979,149.38057471526113,11.166691547412388,-0.8642149560423174,VISION,0.0,450.0,0,140.0,149.59,300.41,114.37,25.63,-20.0,0.0
1779273833.4335775,149.59,25.63,-1.979,151.69793015401487,8.451894682761491,-0.5374759832488631,VISION,0.0,450.0,0,140.0,149.59,300.41,114.37,25.63,-20.0,0.0
1779273833.4836605,149.59,25.63,-1.979,151.69793015401487,8.451894682761491,-0.5374759832488631,VISION,0.0,450.0,0,140.0,149.59,300.41,114.37,25.63,-20.0,0.0
1779273833.533677,153.6698258866418,7.276637208825159,-0.31219770322106694,153.6698258866418,7.276637208825159,-0.31219770322106694,ESTIMA,0.0,450.0,0,140.0,153.67,296.33,132.723,7.277,-20.0,0.0
1779273833.5840285,144.88,27.89,-1.894,144.88,27.89,-1.894,VISION,0.0,450.0,0,140.0,144.88,305.12,112.11,27.89,-20.0,0.0
1779273833.6335962,144.88,27.89,-1.894,143.39108941178287,23.444809982156983,-1.4640005324856507,VISION,0.0,450.0,0,140.0,144.88,305.12,112.11,27.89,-20.0,0.0
1779273833.6835701,144.88,27.89,-1.894,143.65153739709422,21.015341039074453,-1.1888899775525374,VISION,0.0,450.0,0,140.0,144.88,305.12,112.11,27.89,-20.0,0.0
1779273833.7335548,144.88,27.89,-1.894,143.65153739709422,21.015341039074453,-1.1888899775525374,VISION,0.0,450.0,0,140.0,144.88,305.12,112.11,27.89,-20.0,0.0
1779273833.7835813,144.88,27.89,-1.894,143.65153739709422,21.015341039074453,-1.1888899775525374,VISION,0.0,450.0,0,140.0,144.88,305.12,112.11,27.89,-20.0,0.0
1779273833.8335779,144.88,27.89,-1.894,146.04322603103563,15.060309961311193,-0.813654137826268,VISION,0.0,450.0,0,140.0,144.88,305.12,112.11,27.89,-20.0,0.0
1779273833.883584,144.88,27.89,-1.894,146.04322603103563,15.060309961311193,-0.813654137826268,VISION,0.0,450.0,0,140.0,144.88,305.12,112.11,27.89,-20.0,0.0
1779273833.933583,144.88,27.89,-1.894,147.43019452727594,13.59265996475226,-0.5982053693086085,VISION,0.0,450.0,0,140.0,144.88,305.12,112.11,27.89,0.0,0.0
1779273833.9836328,144.88,27.89,-1.894,150.4742199461373,11.518140079546018,-0.3695284334271146,VISION,0.0,450.0,0,140.0,144.88,305.12,112.11,27.89,0.0,0.0
1779273834.0335631,144.88,27.89,-1.894,150.4742199461373,11.518140079546018,-0.3695284334271146,VISION,0.0,450.0,0,140.0,144.88,305.12,112.11,27.89,0.0,0.0
1779273834.0835426,144.88,27.89,-1.894,150.4742199461373,11.518140079546018,-0.3695284334271146,VISION,0.0,450.0,0,140.0,144.88,305.12,112.11,27.89,0.0,0.0
1779273834.1336694,152.14649111495982,10.870434751554994,-0.4182186496075225,152.14649111495982,10.870434751554994,-0.4182186496075225,ESTIMA,0.0,450.0,0,140.0,152.146,297.854,129.13,10.87,0.0,0.0
1779273834.1840005,140.39,30.34,-1.393,140.39,30.34,-1.393,ESTIMA,0.0,450.0,0,140.0,140.39,309.61,109.66,30.34,0.0,0.0
1779273834.233597,140.39,30.34,-1.393,140.4588814774247,29.956673032351453,-1.4467195291828412,VISION,0.0,450.0,0,140.0,140.39,309.61,109.66,30.34,0.0,0.0
1779273834.283583,140.39,30.34,-1.393,140.4588814774247,29.956673032351453,-1.4467195291828412,VISION,0.0,450.0,0,140.0,140.39,309.61,109.66,30.34,0.0,0.0
1779273834.3335807,140.39,30.34,-1.393,140.4588814774247,29.956673032351453,-1.4467195291828419,VISION,0.0,450.0,0,140.0,140.39,309.61,109.66,30.34,0.0,0.0
1779273834.3836052,140.39,30.34,-1.393,140.4588814774247,29.956673032351453,-1.4467195291828419,VISION,0.0,450.0,0,140.0,140.39,309.61,109.66,30.34,0.0,0.0
1779273834.433559,140.39,30.34,-1.393,140.4588814774247,29.956673032351453,-1.4467195291828423,VISION,0.0,450.0,0,140.0,140.39,309.61,109.66,30.34,0.0,0.0
1779273834.6838589,140.39,30.34,-1.393,140.4588814774247,29.956673032351453,-1.4467195291828434,VISION,0.0,450.0,0,140.0,140.39,309.61,109.66,30.34,20.0,0.0
1779273834.733975,140.4588814774247,29.956673032351453,-1.4467195291828434,140.4588814774247,29.956673032351457,-1.446719529182844,ESTIMA,0.0,450.0,0,140.0,140.459,309.541,110.043,29.957,20.0,0.0
1779273834.783681,134.68,30.82,-0.725,134.68,30.82,-0.725,VISION,0.0,450.0,0,140.0,134.68,315.32,109.18,30.82,20.0,0.0
1779273834.833635,134.68,30.82,-0.725,135.6013773392418,30.003702816879795,-0.8082153359154827,VISION,0.0,450.0,0,140.0,134.68,315.32,109.18,30.82,20.0,0.0
1779273834.883594,134.68,30.82,-0.725,135.6013773392418,30.003702816879795,-0.8082153359154827,VISION,0.0,450.0,0,140.0,134.68,315.32,109.18,30.82,20.0,0.0
1779273834.9335666,134.68,30.82,-0.725,135.6013773392418,30.003702816879795,-0.8082153359154827,VISION,0.0,450.0,0,140.0,134.68,315.32,109.18,30.82,20.0,0.0
1779273834.9836075,134.68,30.82,-0.725,137.2543755326888,28.273496052929037,-0.7486553231486374,VISION,0.0,450.0,0,140.0,134.68,315.32,109.18,30.82,20.0,0.0
1779273835.0336318,134.68,30.82,-0.725,138.07006888729705,27.515645213443754,-0.7079665474655514,VISION,0.0,450.0,0,140.0,134.68,315.32,109.18,30.82,20.0,0.0
1779273835.0835881,134.68,30.82,-0.725,138.07006888729705,27.515645213443754,-0.7079665474655514,VISION,0.0,450.0,0,140.0,134.68,315.32,109.18,30.82,20.0,0.0
1779273835.1335943,134.68,30.82,-0.725,139.4867560267526,26.30296232057141,-0.6823171485663956,VISION,0.0,450.0,0,140.0,134.68,315.32,109.18,30.82,20.0,0.0
1779273835.1836252,134.68,30.82,-0.725,139.4867560267526,26.30296232057141,-0.6823171485663956,VISION,0.0,450.0,0,140.0,134.68,315.32,109.18,30.82,20.0,0.0
1779273835.2335932,134.68,30.82,-0.725,141.32160713389888,24.812143987546587,-0.6482506336312449,VISION,0.0,450.0,0,140.0,134.68,315.32,109.18,30.82,20.0,0.0
1779273835.2835748,134.68,30.82,-0.725,141.32160713389888,24.812143987546587,-0.6482506336312449,VISION,0.0,450.0,0,140.0,134.68,315.32,109.18,30.82,20.0,0.0
1779273835.3340044,143.3278948138086,23.292485961937114,-0.6559062399242686,134.66,30.85,-0.719,ESTIMA,0.0,450.0,0,140.0,143.328,306.672,116.708,23.292,20.0,0.0
1779273835.3841746,134.66,30.85,-0.719,134.66,30.85,-0.719,VISION,0.0,450.0,0,140.0,134.66,315.34,109.15,30.85,20.0,0.0
1779273835.4335897,134.66,30.85,-0.719,134.66,30.85,-0.719,VISION,0.0,450.0,0,140.0,134.66,315.34,109.15,30.85,20.0,0.0
1779273835.4836059,134.66,30.85,-0.719,136.5429226506078,29.20187742437087,-0.5153473875038428,VISION,0.0,450.0,0,140.0,134.66,315.34,109.15,30.85,20.0,0.0
1779273835.53362,134.66,30.85,-0.719,137.64970335697248,28.574996461814457,-0.4550913519895773,VISION,0.0,450.0,0,140.0,134.66,315.34,109.15,30.85,20.0,0.0
1779273835.583662,134.66,30.85,-0.719,137.64970335697248,28.574996461814457,-0.4550913519895773,VISION,0.0,450.0,0,140.0,134.66,315.34,109.15,30.85,20.0,0.0
1779273835.633582,134.66,30.85,-0.719,140.1044686350964,27.373757119628877,-0.44062912360462947,VISION,0.0,450.0,0,140.0,134.66,315.34,109.15,30.85,20.0,0.0
1779273835.6835988,134.66,30.85,-0.719,140.1044686350964,27.373757119628877,-0.44062912360462947,VISION,0.0,450.0,0,140.0,134.66,315.34,109.15,30.85,20.0,0.0
1779273835.734006,134.66,30.85,-0.719,142.68430405336346,26.157237497770062,-0.36655949700079227,VISION,0.0,450.0,0,140.0,134.66,315.34,109.15,30.85,20.0,0.0
1779273835.7835865,134.66,30.85,-0.719,142.68430405336346,26.157237497770062,-0.36655949700079227,VISION,0.0,450.0,0,140.0,134.66,315.34,109.15,30.85,20.0,0.0
1779273835.833609,134.66,30.85,-0.719,144.61093034019692,25.417585752504582,-0.26218183882650953,VISION,0.0,450.0,0,140.0,134.66,315.34,109.15,30.85,20.0,0.0
1779273835.8836992,134.66,30.85,-0.719,144.61093034019692,25.417585752504582,-0.26218183882650953,VISION,0.0,450.0,0,140.0,134.66,315.34,109.15,30.85,20.0,0.0
1779273835.9336636,139.54,40.99,-0.47,139.54,40.99,-0.47,VISION,0.0,450.0,0,140.0,139.54,310.46,99.01,40.99,20.0,0.0
1779273835.9836283,139.54,40.99,-0.47,142.89205394729416,39.28727090938468,-0.38179399684224535,VISION,0.0,450.0,0,140.0,139.54,310.46,99.01,40.99,20.0,0.0
1779273836.0335658,139.54,40.99,-0.47,142.89205394729416,39.28727090938468,-0.38179399684224535,VISION,0.0,450.0,0,140.0,139.54,310.46,99.01,40.99,20.0,0.0
1779273836.0835674,139.54,40.99,-0.47,144.14417251823886,38.78455230323824,-0.3500101905174734,VISION,0.0,450.0,0,140.0,139.54,310.46,99.01,40.99,20.0,0.0
1779273836.1335433,139.54,40.99,-0.47,144.14417251823886,38.78455230323824,-0.3500101905174734,VISION,0.0,450.0,0,140.0,139.54,310.46,99.01,40.99,20.0,0.0
1779273836.1836467,139.54,40.99,-0.47,146.6628065847187,37.86515001471848,-0.2854026854321375,VISION,0.0,450.0,0,140.0,139.54,310.46,99.01,40.99,20.0,0.0
1779273836.233569,139.54,40.99,-0.47,146.6628065847187,37.86515001471848,-0.2854026854321375,VISION,0.0,450.0,0,140.0,139.54,310.46,99.01,40.99,20.0,0.0
1779273836.2836018,139.54,40.99,-0.47,149.50767328274452,37.03042941433004,-0.206719368969287,VISION,0.0,450.0,0,140.0,139.54,310.46,99.01,40.99,20.0,0.0
1779273836.333555,139.54,40.99,-0.47,149.50767328274452,37.03042941433004,-0.206719368969287,VISION,0.0,450.0,0,140.0,139.54,310.46,99.01,40.99,20.0,0.0
1779273836.3836954,139.54,40.99,-0.47,152.40287447252823,36.42326183512172,-0.22636307801850838,VISION,0.0,450.0,0,140.0,139.54,310.46,99.01,40.99,20.0,0.0
1779273836.4336002,152.40287447252823,36.42326183512172,-0.22636307801850838,152.40287447252823,36.42326183512172,-0.22636307801850838,ESTIMA,0.0,450.0,0,140.0,152.403,297.597,103.577,36.423,20.0,0.0
1779273836.4838784,154.9876679947738,35.82795726314194,-0.15000926293667893,154.9876679947738,35.82795726314194,-0.15000926293667893,ESTIMA,0.0,450.0,0,140.0,154.988,295.012,104.172,35.828,20.0,0.0
1779273836.5337803,143.36,55.0,-0.227,143.36,55.0,-0.227,VISION,0.0,450.0,0,140.0,143.36,306.64,85.0,55.0,20.0,0.0
1779273836.5836258,143.36,55.0,-0.227,146.64561395711735,54.24108525828098,-0.20037979029242958,VISION,0.0,450.0,0,140.0,143.36,306.64,85.0,55.0,20.0,0.0
1779273836.6336005,143.36,55.0,-0.227,146.64561395711735,54.24108525828098,-0.20037979029242958,VISION,0.0,450.0,0,140.0,143.36,306.64,85.0,55.0,20.0,0.0
1779273836.6835957,143.36,55.0,-0.227,149.18645464373674,53.72502663583691,-0.13150138525986066,VISION,0.0,450.0,0,140.0,143.36,306.64,85.0,55.0,20.0,0.0
1779273836.7335987,143.36,55.0,-0.227,149.18645464373674,53.72502663583691,-0.13150138525986066,VISION,0.0,450.0,0,140.0,143.36,306.64,85.0,55.0,20.0,0.0
1779273836.7836018,143.36,55.0,-0.227,151.31664073741257,53.443278283090805,-0.0753458772399366,VISION,0.0,450.0,0,140.0,143.36,306.64,85.0,55.0,20.0,0.0
1779273836.8335664,143.36,55.0,-0.227,151.31664073741257,53.443278283090805,-0.0753458772399366,VISION,0.0,450.0,0,140.0,143.36,306.64,85.0,55.0,20.0,0.0
1779273836.8836932,143.36,55.0,-0.227,154.3082860235153,53.21744262635827,0.008570433668566926,VISION,0.0,450.0,0,140.0,143.36,306.64,85.0,55.0,20.0,0.0
1779273836.9335783,143.36,55.0,-0.227,154.3082860235153,53.21744262635827,0.008570433668566926,VISION,0.0,450.0,0,140.0,143.36,306.64,85.0,55.0,20.0,0.0
1779273836.9835753,143.36,55.0,-0.227,156.82337514856513,53.23899855865547,0.03525620702953686,VISION,0.0,450.0,0,140.0,143.36,306.64,85.0,55.0,20.0,0.0
1779273837.0335674,143.36,55.0,-0.227,156.82337514856513,53.23899855865547,0.03525620702953686,VISION,0.0,450.0,0,140.0,143.36,306.64,85.0,55.0,20.0,0.0
1779273837.0841522,143.05,69.49,0.105,143.05,69.49,0.105,ESTIMA,0.0,450.0,0,140.0,143.05,306.95,70.51,69.49,20.0,0.0
1779273837.1338499,143.05,69.49,0.105,143.05,69.49,0.105,VISION,0.0,450.0,0,140.0,143.05,306.95,70.51,69.49,20.0,0.0
1779273837.183655,143.05,69.49,0.105,143.05,69.49,0.105,VISION,0.0,450.0,0,140.0,143.05,306.95,70.51,69.49,20.0,0.0
1779273837.233614,143.05,69.49,0.105,146.45424384622294,69.84876503544652,0.1450507618444904,VISION,0.0,450.0,0,140.0,143.05,306.95,70.51,69.49,20.0,0.0
1779273837.2836607,143.05,69.49,0.105,146.45424384622294,69.84876503544652,0.1450507618444904,VISION,0.0,450.0,0,140.0,143.05,306.95,70.51,69.49,20.0,0.0
1779273837.3336215,143.05,69.49,0.105,149.25357030795706,70.25768133060102,0.22644707960661595,VISION,0.0,450.0,0,140.0,143.05,306.95,70.51,69.49,20.0,0.0
1779273837.383677,143.05,69.49,0.105,151.26073915062221,70.72013054135492,0.24439084180584636,VISION,0.0,450.0,0,140.0,143.05,306.95,70.51,69.49,20.0,0.0
1779273837.4336388,143.05,69.49,0.105,151.26073915062221,70.72013054135492,0.24439084180584636,VISION,0.0,450.0,0,140.0,143.05,306.95,70.51,69.49,20.0,0.0
1779273837.4836164,143.05,69.49,0.105,151.26073915062221,70.72013054135492,0.24439084180584636,VISION,0.0,450.0,0,140.0,143.05,306.95,70.51,69.49,20.0,0.0
1779273837.5336845,143.05,69.49,0.105,154.24042694761448,71.46319176956344,0.33007592038932215,VISION,0.0,450.0,0,140.0,143.05,306.95,70.51,69.49,20.0,0.0
1779273837.5839837,143.05,69.49,0.105,156.5380235873306,72.25037065894034,0.35499459714042036,VISION,0.0,450.0,0,140.0,143.05,306.95,70.51,69.49,20.0,0.0
1779273837.6337242,143.05,69.49,0.105,156.5380235873306,72.25037065894034,0.35499459714042036,VISION,0.0,450.0,0,140.0,143.05,306.95,70.51,69.49,20.0,0.0
1779273837.6838105,137.55,83.17,0.489,137.55,83.17,0.489,VISION,0.0,450.0,0,140.0,137.55,312.45,56.83,83.17,20.0,0.0
1779273837.7336102,137.55,83.17,0.489,137.55,83.17,0.489,VISION,0.0,450.0,0,140.0,137.55,312.45,56.83,83.17,20.0,0.0
1779273837.7837648,137.55,83.17,0.489,141.52741731338114,85.28640096698228,0.6308445034949701,VISION,0.0,450.0,0,140.0,137.55,312.45,56.83,83.17,20.0,0.0
1779273837.8336132,137.55,83.17,0.489,142.2924189977531,85.84516506315293,0.6843244103786907,VISION,0.0,450.0,0,140.0,137.55,312.45,56.83,83.17,20.0,0.0
1779273837.8838003,137.55,83.17,0.489,144.05688787724097,87.28468724564128,0.7541019250775935,VISION,0.0,450.0,0,140.0,137.55,312.45,56.83,83.17,20.0,0.0
1779273837.9336364,137.55,83.17,0.489,144.05688787724097,87.28468724564128,0.7541019250775935,VISION,0.0,450.0,0,140.0,137.55,312.45,56.83,83.17,20.0,0.0
1779273837.9838288,137.55,83.17,0.489,144.05688787724097,87.28468724564128,0.7541019250775935,VISION,0.0,450.0,0,140.0,137.55,312.45,56.83,83.17,20.0,0.0
1779273838.0336857,137.55,83.17,0.489,146.03290157545246,89.14073273587589,0.8332439156990423,VISION,0.0,450.0,0,140.0,137.55,312.45,56.83,83.17,20.0,0.0
1779273838.0836227,137.55,83.17,0.489,146.03290157545246,89.14073273587589,0.8332439156990423,VISION,0.0,450.0,0,140.0,137.55,312.45,56.83,83.17,20.0,0.0
1779273838.1336205,137.55,83.17,0.489,148.11011882713538,91.42687779098563,0.8644195142820192,VISION,0.0,450.0,0,140.0,137.55,312.45,56.83,83.17,20.0,0.0
1779273838.18365,137.55,83.17,0.489,148.11011882713538,91.42687779098563,0.8644195142820192,VISION,0.0,450.0,0,140.0,137.55,312.45,56.83,83.17,20.0,0.0
1779273838.2340248,149.7919337095033,93.3979511684655,1.0080975772247287,149.7919337095033,93.3979511684655,1.0080975772247287,ESTIMA,0.0,450.0,0,140.0,149.792,300.208,46.602,93.398,20.0,0.0
1779273838.2839038,127.28,93.08,0.891,127.28,93.08,0.891,VISION,0.0,450.0,0,140.0,127.28,322.72,46.92,93.08,20.0,0.0
1779273838.3336298,127.28,93.08,0.891,128.43730739230782,94.51173600936659,1.058468940671019,VISION,0.0,450.0,0,140.0,127.28,322.72,46.92,93.08,20.0,0.0
1779273838.3835852,127.28,93.08,0.891,128.43730739230782,94.51173600936659,1.058468940671019,VISION,0.0,450.0,0,140.0,127.28,322.72,46.92,93.08,20.0,0.0
1779273838.4335892,127.28,93.08,0.891,128.43730739230782,94.51173600936659,1.058468940671019,VISION,0.0,450.0,0,140.0,127.28,322.72,46.92,93.08,20.0,0.0
1779273838.4836137,127.28,93.08,0.891,130.8483858849108,98.79872052609262,1.126626821223446,VISION,0.0,450.0,0,140.0,127.28,322.72,46.92,93.08,20.0,0.0
1779273838.5336168,127.28,93.08,0.891,131.42979776849788,100.02047132328045,1.170706223729835,VISION,0.0,450.0,0,140.0,127.28,322.72,46.92,93.08,20.0,0.0
1779273838.583624,127.28,93.08,0.891,131.42979776849788,100.02047132328045,1.170706223729835,VISION,0.0,450.0,0,140.0,127.28,322.72,46.92,93.08,20.0,0.0
1779273838.6336255,127.28,93.08,0.891,132.4734504981357,102.48832218879325,1.2541071330691274,VISION,0.0,450.0,0,140.0,127.28,322.72,46.92,93.08,20.0,0.0
1779273838.6836276,127.28,93.08,0.891,132.4734504981357,102.48832218879325,1.2541071330691274,VISION,0.0,450.0,0,140.0,127.28,322.72,46.92,93.08,20.0,0.0
1779273838.733588,127.28,93.08,0.891,132.4734504981357,102.48832218879325,1.2541071330691274,VISION,0.0,450.0,0,140.0,127.28,322.72,46.92,93.08,20.0,0.0
1779273838.7836154,127.28,93.08,0.891,133.4706865881026,105.53128283183555,1.35755500858801,VISION,0.0,450.0,0,140.0,127.28,322.72,46.92,93.08,20.0,0.0
1779273838.8370216,134.00781298265343,108.0118538238269,1.4417404466680044,113.83,98.04,1.313,ESTIMA,0.0,450.0,0,140.0,134.008,315.992,31.988,108.012,20.0,0.0
1779273838.8838785,113.83,98.04,1.313,113.83,98.04,1.313,VISION,0.0,450.0,0,140.0,113.83,336.17,41.96,98.04,20.0,0.0
1779273838.9337244,113.83,98.04,1.313,113.83,98.04,1.313,VISION,0.0,450.0,0,140.0,113.83,336.17,41.96,98.04,20.0,0.0
1779273838.9836955,113.83,98.04,1.313,114.80850334105513,101.75118523314842,1.4488012132113213,VISION,0.0,450.0,0,140.0,113.83,336.17,41.96,98.04,20.0,0.0
1779273839.0337622,113.83,98.04,1.313,114.80850334105513,101.75118523314842,1.4488012132113213,VISION,0.0,450.0,0,140.0,113.83,336.17,41.96,98.04,20.0,0.0
1779273839.0836763,113.83,98.04,1.313,115.10790104603544,104.19317596230121,1.489733198286018,VISION,0.0,450.0,0,140.0,113.83,336.17,41.96,98.04,20.0,0.0
1779273839.13366,113.83,98.04,1.313,115.10790104603544,104.19317596230121,1.489733198286018,VISION,0.0,450.0,0,140.0,113.83,336.17,41.96,98.04,20.0,0.0
1779273839.1837792,113.83,98.04,1.313,115.30604909426611,106.6321865962388,1.5753984260705067,VISION,0.0,450.0,0,140.0,113.83,336.17,41.96,98.04,20.0,0.0
1779273839.2338507,113.83,98.04,1.313,115.2936189350609,109.3331434219341,1.6136602438136,VISION,0.0,450.0,0,140.0,113.83,336.17,41.96,98.04,20.0,0.0
1779273839.2836678,113.83,98.04,1.313,115.2936189350609,109.3331434219341,1.6136602438136,VISION,0.0,450.0,0,140.0,113.83,336.17,41.96,98.04,20.0,0.0
1779273839.3336694,113.83,98.04,1.313,115.2936189350609,109.3331434219341,1.6136602438136,VISION,0.0,450.0,0,140.0,113.83,336.17,41.96,98.04,20.0,0.0
1779273839.3837438,113.83,98.04,1.313,115.16162172214126,112.41070543728891,1.7142786453575751,VISION,0.0,450.0,0,140.0,113.83,336.17,41.96,98.04,20.0,0.0
1779273839.4343948,115.16162172214126,112.41070543728891,1.7142786453575751,99.47,96.96,1.754,ESTIMA,0.0,450.0,0,140.0,115.162,334.838,27.589,112.411,20.0,0.0
1779273839.483832,99.47,96.96,1.754,99.47,96.96,1.754,VISION,0.0,450.0,0,140.0,99.47,350.53,43.04,96.96,20.0,0.0
1779273839.533751,99.47,96.96,1.754,98.58033417159763,101.76170518155813,1.828030994410827,VISION,0.0,450.0,0,140.0,99.47,350.53,43.04,96.96,20.0,0.0
1779273839.5837393,99.47,96.96,1.754,98.19716717677194,103.2182667531358,1.881369319234077,VISION,0.0,450.0,0,140.0,99.47,350.53,43.04,96.96,20.0,0.0
1779273839.6337075,99.47,96.96,1.754,98.19716717677194,103.2182667531358,1.881369319234077,VISION,0.0,450.0,0,140.0,99.47,350.53,43.04,96.96,20.0,0.0
1779273839.6836977,99.47,96.96,1.754,98.19716717677194,103.2182667531358,1.881369319234077,VISION,0.0,450.0,0,140.0,99.47,350.53,43.04,96.96,20.0,0.0
1779273839.7336588,99.47,96.96,1.754,96.93582978197084,107.14816368945695,2.028437246136663,VISION,0.0,450.0,0,140.0,99.47,350.53,43.04,96.96,20.0,0.0
1779273839.7837002,99.47,96.96,1.754,96.3702238620953,108.29656938849881,2.073155313255596,VISION,0.0,450.0,0,140.0,99.47,350.53,43.04,96.96,20.0,0.0
1779273839.8336937,99.47,96.96,1.754,96.3702238620953,108.29656938849881,2.073155313255596,VISION,0.0,450.0,0,140.0,99.47,350.53,43.04,96.96,20.0,0.0
1779273839.8837621,99.47,96.96,1.754,94.88606709898335,110.99813337465623,2.1756955531237465,VISION,0.0,450.0,0,140.0,99.47,350.53,43.04,96.96,20.0,0.0
1779273839.933717,99.47,96.96,1.754,94.88606709898335,110.99813337465623,2.1756955531237465,VISION,0.0,450.0,0,140.0,99.47,350.53,43.04,96.96,20.0,0.0
1779273839.983975,94.88606709898335,110.99813337465623,2.1756955531237465,93.25867747494169,113.35205220892512,2.270664914823103,ESTIMA,0.0,450.0,0,140.0,94.886,355.114,29.002,110.998,20.0,0.0
1779273840.0337424,93.25867747494169,113.35205220892512,2.270664914823103,93.25867747494169,113.35205220892512,2.270664914823103,ESTIMA,0.0,450.0,0,140.0,93.259,356.741,26.648,113.352,20.0,0.0
1779273840.083938,91.47807802397735,115.46661826538312,2.312648906771803,91.47807802397735,115.46661826538312,2.312648906771803,ESTIMA,0.0,450.0,0,140.0,91.478,358.522,24.533,115.467,20.0,0.0
1779273840.1337063,91.47807802397735,115.46661826538312,2.312648906771803,91.47807802397735,115.46661826538312,2.312648906771803,ESTIMA,0.0,450.0,0,140.0,91.478,358.522,24.533,115.467,20.0,0.0
1779273840.183695,91.47807802397735,115.46661826538312,2.312648906771803,91.47807802397735,115.46661826538312,2.312648906771803,ESTIMA,0.0,450.0,0,140.0,91.478,358.522,24.533,115.467,20.0,0.0
1779273840.2337458,91.47807802397735,115.46661826538312,2.312648906771803,91.47807802397735,115.46661826538312,2.312648906771803,ESTIMA,0.0,450.0,0,140.0,91.478,358.522,24.533,115.467,20.0,0.0
1779273840.2837079,88.31750551250835,118.91517104082227,2.4781395616592143,88.31750551250835,118.91517104082227,2.4781395616592143,ESTIMA,0.0,450.0,0,140.0,88.318,361.682,21.085,118.915,20.0,0.0
1779273840.3337295,87.4931867633358,119.55950212096222,2.541399907837196,87.4931867633358,119.55950212096222,2.541399907837196,ESTIMA,0.0,450.0,0,140.0,87.493,362.507,20.44,119.56,20.0,0.0
1779273840.384003,87.4931867633358,119.55950212096222,2.541399907837196,85.35933151892252,121.01995491070512,2.6316084259013,ESTIMA,0.0,450.0,0,140.0,87.493,362.507,20.44,119.56,20.0,0.0
1779273840.4337003,85.35933151892252,121.01995491070512,2.6316084259013,85.35933151892252,121.01995491070512,2.6316084259013,ESTIMA,0.0,450.0,0,140.0,85.359,364.641,18.98,121.02,20.0,0.0
1779273840.4836621,85.35933151892252,121.01995491070512,2.6316084259013,85.35933151892252,121.01995491070512,2.6316084259013,ESTIMA,0.0,450.0,0,140.0,85.359,364.641,18.98,121.02,20.0,0.0
1779273840.5337882,82.74939729930252,122.47979031979145,2.731891915787878,82.74939729930252,122.47979031979145,2.731891915787878,ESTIMA,0.0,450.0,0,140.0,82.749,367.251,17.52,122.48,20.0,0.0
1779273840.5841582,82.74939729930252,122.47979031979145,2.731891915787878,82.74939729930252,122.47979031979145,2.731891915787878,ESTIMA,0.0,450.0,0,140.0,82.749,367.251,17.52,122.48,20.0,0.0
1779273840.633734,80.25866582597902,123.56145386801454,2.8912034273572025,80.25866582597902,123.56145386801454,2.8912034273572025,ESTIMA,0.0,450.0,0,140.0,80.259,369.741,16.439,123.561,20.0,0.0
1779273840.6836705,80.25866582597902,123.56145386801454,2.8912034273572025,80.25866582597902,123.56145386801454,2.8912034273572025,ESTIMA,0.0,450.0,0,140.0,80.259,369.741,16.439,123.561,20.0,0.0
1779273840.7337425,80.25866582597902,123.56145386801454,2.8912034273572025,76.6256276661282,124.49062723206606,2.949004659766812,ESTIMA,0.0,450.0,0,140.0,80.259,369.741,16.439,123.561,20.0,0.0
1779273840.7837012,76.6256276661282,124.49062723206606,2.949004659766812,76.6256276661282,124.49062723206606,2.949004659766812,ESTIMA,0.0,450.0,0,140.0,76.626,373.374,15.509,124.491,20.0,0.0
1779273840.8337042,75.27504133697121,124.75399817832698,3.0759408255081997,75.27504133697121,124.75399817832698,3.0759408255081997,ESTIMA,0.0,450.0,0,140.0,75.275,374.725,15.246,124.754,20.0,0.0
1779273840.8836615,75.27504133697121,124.75399817832698,3.0759408255081997,75.27504133697121,124.75399817832698,3.0759408255081997,ESTIMA,0.0,450.0,0,140.0,75.275,374.725,15.246,124.754,20.0,0.0
1779273840.9337082,71.93105713750803,124.97385281463683,3.1331163190972697,71.93105713750803,124.97385281463683,3.1331163190972697,ESTIMA,0.0,450.0,0,140.0,71.931,378.069,15.026,124.974,20.0,0.0
1779273840.9837184,71.93105713750803,124.97385281463683,3.1331163190972697,71.93105713750803,124.97385281463683,3.1331163190972697,ESTIMA,0.0,450.0,0,140.0,71.931,378.069,15.026,124.974,20.0,0.0
1779273841.0337086,69.34562214197976,124.9957683513344,3.1745664122111736,69.34562214197976,124.9957683513344,3.1745664122111736,ESTIMA,0.0,450.0,0,140.0,69.346,380.654,15.004,124.996,20.0,0.0
1779273841.0836995,69.34562214197976,124.9957683513344,3.1745664122111736,69.34562214197976,124.9957683513344,3.1745664122111736,ESTIMA,0.0,450.0,0,140.0,69.346,380.654,15.004,124.996,20.0,0.0
1779273841.1337063,65.93841880706306,124.88337931567973,3.223770792369271,65.93841880706306,124.88337931567973,3.223770792369271,ESTIMA,0.0,450.0,0,140.0,65.938,384.062,15.117,124.883,20.0,0.0
1779273841.1837938,65.93841880706306,124.88337931567973,3.223770792369271,65.93841880706306,124.88337931567973,3.223770792369271,ESTIMA,0.0,450.0,0,140.0,65.938,384.062,15.117,124.883,20.0,0.0
1779273841.2336724,65.93841880706306,124.88337931567973,3.223770792369271,65.93841880706306,124.88337931567973,3.223770792369271,ESTIMA,0.0,450.0,0,140.0,65.938,384.062,15.117,124.883,20.0,0.0
1779273841.2839203,62.2249606514817,124.5775254236027,3.3481144017178943,62.2249606514817,124.5775254236027,3.3481144017178943,ESTIMA,0.0,450.0,0,140.0,62.225,387.775,15.422,124.578,20.0,0.0
1779273841.333996,60.644790222199454,124.24646572511905,3.4041404648027482,60.644790222199454,124.24646572511905,3.4041404648027482,ESTIMA,0.0,450.0,0,140.0,60.645,389.355,15.754,124.246,20.0,0.0
1779273841.3837416,60.644790222199454,124.24646572511905,3.4041404648027482,60.644790222199454,124.24646572511905,3.4041404648027482,ESTIMA,0.0,450.0,0,140.0,60.645,389.355,15.754,124.246,20.0,0.0
1779273841.4336753,57.359254900603055,123.36347314209326,3.4600473877862052,57.359254900603055,123.36347314209326,3.4600473877862052,ESTIMA,0.0,450.0,0,140.0,57.359,392.641,16.637,123.363,20.0,0.0
1779273841.4836607,57.359254900603055,123.36347314209326,3.4600473877862052,57.359254900603055,123.36347314209326,3.4600473877862052,ESTIMA,0.0,450.0,0,140.0,57.359,392.641,16.637,123.363,20.0,0.0
1779273841.5337045,55.1485143292413,122.63464654482706,3.601122364589429,55.1485143292413,122.63464654482706,3.601122364589429,ESTIMA,0.0,450.0,0,140.0,55.149,394.851,17.365,122.635,20.0,0.0
1779273841.583715,55.1485143292413,122.63464654482706,3.601122364589429,55.1485143292413,122.63464654482706,3.601122364589429,ESTIMA,0.0,450.0,0,140.0,55.149,394.851,17.365,122.635,20.0,0.0
1779273841.6336715,52.776977213175535,121.46106015812025,3.69118185386307,52.776977213175535,121.46106015812025,3.69118185386307,ESTIMA,0.0,450.0,0,140.0,52.777,397.223,18.539,121.461,20.0,0.0
1779273841.6837087,52.776977213175535,121.46106015812025,3.69118185386307,52.776977213175535,121.46106015812025,3.69118185386307,ESTIMA,0.0,450.0,0,140.0,52.777,397.223,18.539,121.461,20.0,0.0
1779273841.7339046,52.776977213175535,121.46106015812025,3.69118185386307,49.93564875705083,119.72063243618749,3.8018580494506096,ESTIMA,0.0,450.0,0,140.0,52.777,397.223,18.539,121.461,20.0,0.0
1779273841.783891,80.08,71.6,2.955,80.08,71.6,2.955,ESTIMA,0.0,450.0,0,140.0,80.08,369.92,68.4,71.6,20.0,0.0
1779273841.8337052,80.08,71.6,2.955,77.22702939301217,72.1386087950342,2.9958132960004376,VISION,0.0,450.0,0,140.0,80.08,369.92,68.4,71.6,20.0,0.0
1779273841.883713,80.08,71.6,2.955,77.22702939301217,72.1386087950342,2.9958132960004376,VISION,0.0,450.0,0,140.0,80.08,369.92,68.4,71.6,20.0,0.0
1779273841.9337032,80.08,71.6,2.955,74.27520476216085,72.57199832858393,3.04088367866766,VISION,0.0,450.0,0,140.0,80.08,369.92,68.4,71.6,20.0,0.0
1779273841.9837053,80.08,71.6,2.955,74.27520476216085,72.57199832858393,3.04088367866766,VISION,0.0,450.0,0,140.0,80.08,369.92,68.4,71.6,20.0,0.0
1779273842.0337415,80.08,71.6,2.955,71.47982999632582,72.85447328380224,3.1394542437777178,VISION,0.0,450.0,0,140.0,80.08,369.92,68.4,71.6,20.0,0.0
1779273842.0837016,80.08,71.6,2.955,71.47982999632582,72.85447328380224,3.1394542437777178,VISION,0.0,450.0,0,140.0,80.08,369.92,68.4,71.6,20.0,0.0
1779273842.133927,80.08,71.6,2.955,71.47982999632582,72.85447328380224,3.1394542437777178,VISION,0.0,450.0,0,140.0,80.08,369.92,68.4,71.6,20.0,0.0
1779273842.1837533,80.08,71.6,2.955,68.53595007361189,72.86076851511015,3.243291415902685,VISION,0.0,450.0,0,140.0,80.08,369.92,68.4,71.6,20.0,0.0
1779273842.2337077,80.08,71.6,2.955,68.53595007361189,72.86076851511015,3.243291415902685,VISION,0.0,450.0,0,140.0,80.08,369.92,68.4,71.6,20.0,0.0
1779273842.2837155,80.08,71.6,2.955,68.53595007361189,72.86076851511015,3.243291415902685,VISION,0.0,450.0,0,140.0,80.08,369.92,68.4,71.6,20.0,0.0
1779273842.3342414,64.66281220168001,72.46551158027154,3.4719610459044237,64.0049574673661,72.23990915859648,3.512151899492775,ESTIMA,0.0,450.0,0,140.0,64.663,385.337,67.534,72.466,20.0,0.0
1779273842.3841536,81.46,54.89,-2.926,81.46,54.89,-2.926,VISION,0.0,450.0,0,140.0,81.46,368.54,85.11,54.89,20.0,0.0
1779273842.433718,81.46,54.89,-2.926,81.46,54.89,-2.926,VISION,0.0,450.0,0,140.0,81.46,368.54,85.11,54.89,20.0,0.0
1779273842.483712,81.46,54.89,-2.926,81.46,54.89,-2.926,VISION,0.0,450.0,0,140.0,81.46,368.54,85.11,54.89,20.0,0.0
1779273842.5337405,81.46,54.89,-2.926,76.93836110465783,53.89977822136567,-2.771694232033792,VISION,0.0,450.0,0,140.0,81.46,368.54,85.11,54.89,20.0,0.0
1779273842.5837104,81.46,54.89,-2.926,75.68979565249535,53.4156515787732,-2.7717273072073754,VISION,0.0,450.0,0,140.0,81.46,368.54,85.11,54.89,20.0,0.0
1779273842.633676,81.46,54.89,-2.926,75.68979565249535,53.4156515787732,-2.7717273072073754,VISION,0.0,450.0,0,140.0,81.46,368.54,85.11,54.89,20.0,0.0
1779273842.6836708,81.46,54.89,-2.926,73.05834049762575,52.395414681702334,-2.6033461864142806,VISION,0.0,450.0,0,140.0,81.46,368.54,85.11,54.89,20.0,0.0
1779273842.7336721,81.46,54.89,-2.926,73.05834049762575,52.395414681702334,-2.6033461864142806,VISION,0.0,450.0,0,140.0,81.46,368.54,85.11,54.89,20.0,0.0
1779273842.7839344,81.46,54.89,-2.926,73.05834049762575,52.395414681702334,-2.6033461864142806,VISION,0.0,450.0,0,140.0,81.46,368.54,85.11,54.89,20.0,0.0
1779273842.8337145,81.46,54.89,-2.926,69.91357260782179,50.5178356719266,-2.4759816230499117,VISION,0.0,450.0,0,140.0,81.46,368.54,85.11,54.89,20.0,0.0
1779273842.884003,81.46,54.89,-2.926,68.58439839692716,49.47425433966915,-2.322588835012583,VISION,0.0,450.0,0,140.0,81.46,368.54,85.11,54.89,20.0,0.0
1779273842.9339347,68.58439839692716,49.47425433966915,-2.322588835012583,110.95,28.96,-1.723,ESTIMA,0.0,450.0,0,140.0,68.584,381.416,90.526,49.474,20.0,0.0
1779273842.983699,110.95,28.96,-1.723,110.95,28.96,-1.723,VISION,0.0,450.0,0,140.0,110.95,339.05,111.04,28.96,20.0,0.0
1779273843.033695,110.95,28.96,-1.723,110.57247303577675,26.498776915744028,-1.49709493497934,VISION,0.0,450.0,0,140.0,110.95,339.05,111.04,28.96,20.0,0.0
1779273843.0837016,110.95,28.96,-1.723,110.57247303577675,26.498776915744028,-1.49709493497934,VISION,0.0,450.0,0,140.0,110.95,339.05,111.04,28.96,20.0,0.0
1779273843.1336644,110.95,28.96,-1.723,110.736797890896,24.273212221727796,-1.4665067989751848,VISION,0.0,450.0,0,140.0,110.95,339.05,111.04,28.96,20.0,0.0
1779273843.1837256,110.95,28.96,-1.723,110.96747285108704,22.069366247375214,-1.335024123053115,VISION,0.0,450.0,0,140.0,110.95,339.05,111.04,28.96,20.0,0.0
1779273843.2336814,110.95,28.96,-1.723,110.96747285108704,22.069366247375214,-1.335024123053115,VISION,0.0,450.0,0,140.0,110.95,339.05,111.04,28.96,20.0,0.0
1779273843.2837496,110.95,28.96,-1.723,110.96747285108704,22.069366247375214,-1.335024123053115,VISION,0.0,450.0,0,140.0,110.95,339.05,111.04,28.96,20.0,0.0
1779273843.3337507,110.95,28.96,-1.723,111.68014828265024,19.102855799950234,-1.1543729457099463,VISION,0.0,450.0,0,140.0,110.95,339.05,111.04,28.96,20.0,0.0
1779273843.383685,110.95,28.96,-1.723,111.68014828265024,19.102855799950234,-1.1543729457099463,VISION,0.0,450.0,0,140.0,110.95,339.05,111.04,28.96,20.0,0.0
1779273843.4336805,110.95,28.96,-1.723,112.77203542893228,16.634139706667618,-1.0595721758401173,VISION,0.0,450.0,0,140.0,110.95,339.05,111.04,28.96,20.0,0.0
1779273843.4839091,112.77203542893228,16.634139706667618,-1.0595721758401173,113.68563524158495,15.005523693128321,-0.9508870173414168,ESTIMA,0.0,450.0,0,140.0,112.772,337.228,123.366,16.634,20.0,0.0
1779273843.5342536,126.12,32.48,-1.303,126.12,32.48,-1.303,ESTIMA,0.0,450.0,0,140.0,126.12,323.88,107.52,32.48,20.0,0.0
1779273843.5837805,126.12,32.48,-1.303,126.12,32.48,-1.303,VISION,0.0,450.0,0,140.0,126.12,323.88,107.52,32.48,20.0,0.0
1779273843.6337342,126.12,32.48,-1.303,127.06032090644182,29.053013610560964,-1.2540229589189904,VISION,0.0,450.0,0,140.0,126.12,323.88,107.52,32.48,20.0,0.0
1779273843.6838863,126.12,32.48,-1.303,127.06032090644182,29.053013610560964,-1.2540229589189904,VISION,0.0,450.0,0,140.0,126.12,323.88,107.52,32.48,20.0,0.0
1779273843.733712,126.12,32.48,-1.303,127.8167045745252,26.745645016539086,-1.1735510489425907,VISION,0.0,450.0,0,140.0,126.12,323.88,107.52,32.48,20.0,0.0
1779273843.7837152,126.12,32.48,-1.303,127.8167045745252,26.745645016539086,-1.1735510489425907,VISION,0.0,450.0,0,140.0,126.12,323.88,107.52,32.48,20.0,0.0
1779273843.8337102,126.12,32.48,-1.303,129.1308599990106,23.61334636160946,-1.120948773026783,VISION,0.0,450.0,0,140.0,126.12,323.88,107.52,32.48,20.0,0.0
1779273843.883681,126.12,32.48,-1.303,129.1308599990106,23.61334636160946,-1.120948773026783,VISION,0.0,450.0,0,140.0,126.12,323.88,107.52,32.48,20.0,0.0
1779273843.9337132,126.12,32.48,-1.303,130.19733191785997,21.404722073915167,-0.9745954462104579,VISION,0.0,450.0,0,140.0,126.12,323.88,107.52,32.48,20.0,0.0
1779273843.9837222,126.12,32.48,-1.303,130.19733191785997,21.404722073915167,-0.9745954462104579,VISION,0.0,450.0,0,140.0,126.12,323.88,107.52,32.48,20.0,0.0
1779273844.0337749,126.12,32.48,-1.303,131.64692939395667,19.268481158565333,-0.8195336163260086,VISION,0.0,450.0,0,140.0,126.12,323.88,107.52,32.48,20.0,0.0
1779273844.0838091,131.64692939395667,19.268481158565333,-0.8195336163260086,131.64692939395667,19.268481158565333,-0.8195336163260086,ESTIMA,0.0,450.0,0,140.0,131.647,318.353,120.732,19.268,20.0,0.0
1779273844.133999,139.43,42.21,-0.91,139.43,42.21,-0.91,ESTIMA,0.0,450.0,0,140.0,139.43,310.57,97.79,42.21,20.0,0.0
1779273844.1838543,139.43,42.21,-0.91,139.43,42.21,-0.91,VISION,0.0,450.0,0,140.0,139.43,310.57,97.79,42.21,20.0,0.0
1779273844.2337255,139.43,42.21,-0.91,139.43,42.21,-0.91,VISION,0.0,450.0,0,140.0,139.43,310.57,97.79,42.21,20.0,0.0
1779273844.283718,139.43,42.21,-0.91,140.7900961389406,40.4604139720302,-0.7807341028116445,VISION,0.0,450.0,0,140.0,139.43,310.57,97.79,42.21,20.0,0.0
1779273844.333716,139.43,42.21,-0.91,140.7900961389406,40.4604139720302,-0.7807341028116445,VISION,0.0,450.0,0,140.0,139.43,310.57,97.79,42.21,20.0,0.0
1779273844.383741,139.43,42.21,-0.91,142.70038728599593,38.56785965522944,-0.6904804234941834,VISION,0.0,450.0,0,140.0,139.43,310.57,97.79,42.21,20.0,0.0
1779273844.4337976,139.43,42.21,-0.91,142.70038728599593,38.56785965522944,-0.6904804234941834,VISION,0.0,450.0,0,140.0,139.43,310.57,97.79,42.21,20.0,0.0
1779273844.4836817,139.43,42.21,-0.91,145.03831415077244,36.636395160472794,-0.5104498602157097,VISION,0.0,450.0,0,140.0,139.43,310.57,97.79,42.21,20.0,0.0
1779273844.5340364,139.43,42.21,-0.91,146.45469577826648,35.843293007795346,-0.4123115338692272,VISION,0.0,450.0,0,140.0,139.43,310.57,97.79,42.21,20.0,0.0
1779273844.58372,139.43,42.21,-0.91,146.45469577826648,35.843293007795346,-0.4123115338692272,VISION,0.0,450.0,0,140.0,139.43,310.57,97.79,42.21,20.0,0.0
1779273844.6340685,139.43,42.21,-0.91,148.34178949654532,35.017911870202354,-0.22111305962081745,VISION,0.0,450.0,0,140.0,139.43,310.57,97.79,42.21,20.0,0.0
1779273844.6839085,148.34178949654532,35.017911870202354,-0.22111305962081745,148.34178949654532,35.017911870202354,-0.22111305962081745,ESTIMA,0.0,450.0,0,140.0,148.342,301.658,104.982,35.018,20.0,0.0
1779273844.7341197,148.32,56.33,-0.489,148.32,56.33,-0.489,VISION,0.0,450.0,0,140.0,148.32,301.68,83.67,56.33,20.0,0.0
1779273844.7837477,148.32,56.33,-0.489,150.56682861496682,55.13445276954935,-0.2552945921846653,VISION,0.0,450.0,0,140.0,148.32,301.68,83.67,56.33,20.0,0.0
1779273844.8337014,148.32,56.33,-0.489,150.56682861496682,55.13445276954935,-0.2552945921846653,VISION,0.0,450.0,0,140.0,148.32,301.68,83.67,56.33,20.0,0.0
1779273844.8837166,148.32,56.33,-0.489,152.7197712628822,54.57255754685853,-0.12483907612365397,VISION,0.0,450.0,0,140.0,148.32,301.68,83.67,56.33,20.0,0.0
1779273844.933715,148.32,56.33,-0.489,152.7197712628822,54.57255754685853,-0.12483907612365397,VISION,0.0,450.0,0,140.0,148.32,301.68,83.67,56.33,20.0,0.0
1779273844.9837344,148.32,56.33,-0.489,155.29440279401294,54.249462723145335,0.11304022395471838,VISION,0.0,450.0,0,140.0,148.32,301.68,83.67,56.33,20.0,0.0
1779273845.0337167,148.32,56.33,-0.489,155.29440279401294,54.249462723145335,0.11304022395471838,VISION,0.0,450.0,0,140.0,148.32,301.68,83.67,56.33,20.0,0.0
1779273845.0837574,148.32,56.33,-0.489,156.91249810767837,54.43315566221841,0.2101273009475755,VISION,0.0,450.0,0,140.0,148.32,301.68,83.67,56.33,20.0,0.0
1779273845.1337173,148.32,56.33,-0.489,156.91249810767837,54.43315566221841,0.2101273009475755,VISION,0.0,450.0,0,140.0,148.32,301.68,83.67,56.33,20.0,0.0
1779273845.1837873,148.32,56.33,-0.489,159.95149309563345,55.08129893558543,0.26521785808128423,VISION,0.0,450.0,0,140.0,148.32,301.68,83.67,56.33,20.0,0.0
1779273845.2337422,148.32,56.33,-0.489,159.95149309563345,55.08129893558543,0.26521785808128423,VISION,0.0,450.0,0,140.0,148.32,301.68,83.67,56.33,20.0,0.0
1779273845.2838268,153.47,72.71,-0.258,153.47,72.71,-0.258,VISION,0.0,450.0,0,140.0,153.47,296.53,67.29,72.71,20.0,0.0
1779273845.333799,153.47,72.71,-0.258,153.47,72.71,-0.258,VISION,0.0,450.0,0,140.0,153.47,296.53,67.29,72.71,20.0,0.0
1779273845.3837314,153.47,72.71,-0.258,156.53755249244793,71.90053074289155,-0.14815289720309868,VISION,0.0,450.0,0,140.0,153.47,296.53,67.29,72.71,20.0,0.0
1779273845.4337277,153.47,72.71,-0.258,156.53755249244793,71.90053074289155,-0.14815289720309868,VISION,0.0,450.0,0,140.0,153.47,296.53,67.29,72.71,20.0,0.0
1779273845.483752,153.47,72.71,-0.258,158.4756692458728,71.61127369943625,0.030451112081311488,VISION,0.0,450.0,0,140.0,153.47,296.53,67.29,72.71,20.0,0.0
1779273845.533761,153.47,72.71,-0.258,158.4756692458728,71.61127369943625,0.030451112081311488,VISION,0.0,450.0,0,140.0,153.47,296.53,67.29,72.71,20.0,0.0
1779273845.583777,153.47,72.71,-0.258,161.13661976748705,71.69232765653534,0.12220057529754012,VISION,0.0,450.0,0,140.0,153.47,296.53,67.29,72.71,20.0,0.0
1779273845.633733,153.47,72.71,-0.258,161.13661976748705,71.69232765653534,0.12220057529754012,VISION,0.0,450.0,0,140.0,153.47,296.53,67.29,72.71,20.0,0.0
1779273845.6837282,153.47,72.71,-0.258,161.13661976748705,71.69232765653534,0.12220057529754012,VISION,0.0,450.0,0,140.0,153.47,296.53,67.29,72.71,20.0,0.0
1779273845.7336977,153.47,72.71,-0.258,164.90818353469308,72.15552284551282,0.2561168887559477,VISION,0.0,450.0,0,140.0,153.47,296.53,67.29,72.71,20.0,0.0
1779273845.7837312,166.69613261925227,72.62372932180585,0.32351662180839025,166.69613261925227,72.62372932180585,0.32351662180839025,ESTIMA,0.0,450.0,0,140.0,166.696,283.304,67.376,72.624,20.0,0.0
1779273845.83384,166.69613261925227,72.62372932180585,0.32351662180839025,166.69613261925227,72.62372932180585,0.32351662180839025,ESTIMA,0.0,450.0,0,140.0,166.696,283.304,67.376,72.624,20.0,0.0
1779273845.8840842,155.92,89.96,-0.1,159.14917035738398,89.63600225108381,0.017736014363784955,ESTIMA,0.0,450.0,0,140.0,155.92,294.08,50.04,89.96,20.0,0.0
1779273845.9337265,155.92,89.96,-0.1,155.92,89.96,-0.1,VISION,0.0,450.0,0,140.0,155.92,294.08,50.04,89.96,20.0,0.0
1779273845.9839156,155.92,89.96,-0.1,155.92,89.96,-0.1,VISION,0.0,450.0,0,140.0,155.92,294.08,50.04,89.96,20.0,0.0
1779273846.0336897,155.92,89.96,-0.1,159.037092253393,89.6472475708957,0.007434164635697849,VISION,0.0,450.0,0,140.0,155.92,294.08,50.04,89.96,20.0,0.0
1779273846.0837631,155.92,89.96,-0.1,161.0167634690304,89.66196504376752,0.12196601537877708,VISION,0.0,450.0,0,140.0,155.92,294.08,50.04,89.96,20.0,0.0
1779273846.133686,155.92,89.96,-0.1,161.0167634690304,89.66196504376752,0.12196601537877708,VISION,0.0,450.0,0,140.0,155.92,294.08,50.04,89.96,20.0,0.0
1779273846.1839445,155.92,89.96,-0.1,163.56792736228445,89.97467245981912,0.21078471049792125,VISION,0.0,450.0,0,140.0,155.92,294.08,50.04,89.96,20.0,0.0
1779273846.2337408,155.92,89.96,-0.1,163.56792736228445,89.97467245981912,0.21078471049792125,VISION,0.0,450.0,0,140.0,155.92,294.08,50.04,89.96,20.0,0.0
1779273846.2837017,155.92,89.96,-0.1,163.56792736228445,89.97467245981912,0.21078471049792125,VISION,0.0,450.0,0,140.0,155.92,294.08,50.04,89.96,20.0,0.0
1779273846.3337247,155.92,89.96,-0.1,166.36869060573574,90.5739320016792,0.31230221721217616,VISION,0.0,450.0,0,140.0,155.92,294.08,50.04,89.96,20.0,0.0
1779273846.383915,155.92,89.96,-0.1,168.98930067032754,91.42004268655404,0.412054100134068,VISION,0.0,450.0,0,140.0,155.92,294.08,50.04,89.96,20.0,0.0
1779273846.4338322,168.98930067032754,91.42004268655404,0.412054100134068,168.98930067032754,91.42004268655404,0.412054100134068,ESTIMA,0.0,450.0,0,140.0,168.989,281.011,48.58,91.42,0.0,0.0
1779273846.483779,155.75,107.11,0.045,155.75,107.11,0.045,VISION,0.0,450.0,0,140.0,155.75,294.25,32.89,107.11,0.0,0.0
1779273846.533837,155.75,107.11,0.045,155.75,107.11,0.045,VISION,0.0,450.0,0,140.0,155.75,294.25,32.89,107.11,0.0,0.0
1779273846.5837197,155.75,107.11,0.045,160.08186301151207,107.30506552252452,0.20048425023050742,VISION,0.0,450.0,0,140.0,155.75,294.25,32.89,107.11,0.0,0.0
1779273846.633702,155.75,107.11,0.045,161.10890378736562,107.51377482684191,0.24995398509047936,VISION,0.0,450.0,0,140.0,155.75,294.25,32.89,107.11,0.0,0.0
1779273846.6837492,155.75,107.11,0.045,161.10890378736562,107.51377482684191,0.24995398509047936,VISION,0.0,450.0,0,140.0,155.75,294.25,32.89,107.11,0.0,0.0
1779273846.733742,155.75,107.11,0.045,161.10890378736562,107.51377482684191,0.24995398509047936,VISION,0.0,450.0,0,140.0,155.75,294.25,32.89,107.11,0.0,0.0
1779273846.7837,155.75,107.11,0.045,163.614416395957,108.153414423559,0.19410783105825238,VISION,0.0,450.0,0,140.0,155.75,294.25,32.89,107.11,0.0,0.0
1779273846.8336995,155.75,107.11,0.045,163.7309240381033,108.17631784497672,0.20981206110687117,VISION,0.0,450.0,0,140.0,155.75,294.25,32.89,107.11,0.0,0.0
1779273846.8836908,155.75,107.11,0.045,163.7309240381033,108.17631784497672,0.20981206110687117,VISION,0.0,450.0,0,140.0,155.75,294.25,32.89,107.11,0.0,0.0
1779273846.933694,155.75,107.11,0.045,164.060313582291,108.24646002273369,0.1633603377275193,VISION,0.0,450.0,0,140.0,155.75,294.25,32.89,107.11,0.0,0.0
1779273846.983693,164.060313582291,108.24646002273369,0.1633603377275193,164.060313582291,108.24646002273369,0.1633603377275193,ESTIMA,0.0,450.0,0,140.0,164.06,285.94,31.754,108.246,-20.0,0.0
1779273847.0340376,153.04,123.76,0.172,153.04,123.76,0.172,VISION,0.0,450.0,0,140.0,153.04,296.96,16.24,123.76,-20.0,0.0
1779273847.083908,153.04,123.76,0.172,153.04,123.76,0.172,VISION,0.0,450.0,0,140.0,153.04,296.96,16.24,123.76,-20.0,0.0
1779273847.1336958,153.04,123.76,0.172,154.57686547263035,124.0269788357776,0.2144540291305162,VISION,0.0,450.0,0,140.0,153.04,296.96,16.24,123.76,-20.0,0.0
1779273847.1837356,153.04,123.76,0.172,154.57686547263035,124.0269788357776,0.2144540291305162,VISION,0.0,450.0,0,140.0,153.04,296.96,16.24,123.76,-20.0,0.0
1779273847.233693,153.04,123.76,0.172,159.16302916236225,125.02586030375423,0.6428606116950192,VISION,0.0,450.0,0,140.0,153.04,296.96,16.24,123.76,-20.0,0.0
1779273847.2836924,153.04,123.76,0.172,159.16302916236225,125.02586030375423,0.6428606116950192,VISION,0.0,450.0,0,140.0,153.04,296.96,16.24,123.76,-20.0,0.0
1779273847.3337085,153.04,123.76,0.172,162.54806732026773,127.5612528809112,1.0299487873697675,VISION,0.0,450.0,0,140.0,153.04,296.96,16.24,123.76,-20.0,0.0
1779273847.3837216,153.04,123.76,0.172,162.54806732026773,127.5612528809112,1.0299487873697675,VISION,0.0,450.0,0,140.0,153.04,296.96,16.24,123.76,-20.0,0.0
1779273847.4336932,153.04,123.76,0.172,164.60250343252463,130.9819933372853,1.2640149119130821,VISION,0.0,450.0,0,140.0,153.04,296.96,16.24,123.76,-20.0,0.0
1779273847.483685,153.04,123.76,0.172,164.60250343252463,130.9819933372853,1.2640149119130821,VISION,0.0,450.0,0,140.0,153.04,296.96,16.24,123.76,-20.0,0.0
1779273847.533757,153.04,123.76,0.172,165.74493096289683,134.58834228193697,1.6890147217279623,VISION,0.0,450.0,0,140.0,153.04,296.96,16.24,123.76,-20.0,0.0
1779273847.5838466,165.74493096289683,134.58834228193697,1.6890147217279623,165.74493096289683,134.58834228193697,1.6890147217279623,ESTIMA,0.0,450.0,0,140.0,165.745,284.255,5.412,134.588,-20.0,0.0
1779273847.6342595,151.56,129.39,0.185,151.56,129.39,0.185,ESTIMA,0.0,450.0,0,140.0,151.56,298.44,10.61,129.39,-20.0,0.0
1779273847.683703,151.56,129.39,0.185,151.56,129.39,0.185,VISION,0.0,450.0,0,140.0,151.56,298.44,10.61,129.39,-20.0,0.0
1779273847.7337356,151.56,129.39,0.185,156.27070119271352,130.2715598715893,0.5386331501227846,VISION,0.0,450.0,0,140.0,151.56,298.44,10.61,129.39,-20.0,0.0
1779273847.7837014,151.56,129.39,0.185,156.27070119271352,130.2715598715893,0.5386331501227846,VISION,0.0,450.0,0,140.0,151.56,298.44,10.61,129.39,-20.0,0.0
1779273847.8336904,151.56,129.39,0.185,159.99552040576174,132.4974118678258,0.9367153047852077,VISION,0.0,450.0,0,140.0,151.56,298.44,10.61,129.39,-20.0,0.0
1779273847.883705,151.56,129.39,0.185,159.99552040576174,132.4974118678258,0.9367153047852077,VISION,0.0,450.0,0,140.0,151.56,298.44,10.61,129.39,-20.0,0.0
1779273847.9336889,151.56,129.39,0.185,159.99552040576174,132.4974118678258,0.9367153047852077,VISION,0.0,450.0,0,140.0,151.56,298.44,10.61,129.39,-20.0,0.0
1779273847.9837394,151.56,129.39,0.185,163.31422520781985,137.01029907814626,1.348666755735427,VISION,0.0,450.0,0,140.0,151.56,298.44,10.61,129.39,-20.0,0.0
1779273848.0336993,151.56,129.39,0.185,163.31422520781985,137.01029907814626,1.348666755735427,VISION,0.0,450.0,0,140.0,151.56,298.44,10.61,129.39,-20.0,0.0
1779273848.0837364,151.56,129.39,0.185,164.15597395801439,140.73721664223848,1.6310954855587705,VISION,0.0,450.0,0,140.0,151.56,298.44,10.61,129.39,-20.0,0.0
1779273848.1337783,151.56,129.39,0.185,163.97288069055136,143.76995058184247,1.909174898418987,VISION,0.0,450.0,0,140.0,151.56,298.44,10.61,129.39,-20.0,0.0
1779273848.1838017,163.97288069055136,143.76995058184247,1.909174898418987,163.97288069055136,143.76995058184247,1.909174898418987,ESTIMA,0.0,450.0,0,140.0,163.973,286.027,-3.77,143.77,-20.0,0.0
1779273848.2339048,152.67,123.8,0.31,152.67,123.8,0.31,VISION,0.0,450.0,0,140.0,152.67,297.33,16.2,123.8,-20.0,0.0
1779273848.2838688,152.67,123.8,0.31,158.98441571548727,125.82268103216687,0.9154064109448767,VISION,0.0,450.0,0,140.0,152.67,297.33,16.2,123.8,-20.0,0.0
1779273848.3336902,152.67,123.8,0.31,158.98441571548727,125.82268103216687,0.9154064109448767,VISION,0.0,450.0,0,140.0,152.67,297.33,16.2,123.8,-20.0,0.0
1779273848.3837204,152.67,123.8,0.31,160.88989026449633,128.30136555679928,1.145281002871996,VISION,0.0,450.0,0,140.0,152.67,297.33,16.2,123.8,-20.0,0.0
1779273848.4337425,152.67,123.8,0.31,160.88989026449633,128.30136555679928,1.145281002871996,VISION,0.0,450.0,0,140.0,152.67,297.33,16.2,123.8,-20.0,0.0
1779273848.4837463,152.67,123.8,0.31,162.91315650614106,132.76572477850672,1.4328849250864057,VISION,0.0,450.0,0,140.0,152.67,297.33,16.2,123.8,0.0,0.0
1779273848.5337374,152.67,123.8,0.31,162.91315650614106,132.76572477850672,1.4328849250864057,VISION,0.0,450.0,0,140.0,152.67,297.33,16.2,123.8,0.0,0.0
1779273848.5837069,152.67,123.8,0.31,163.4952256956473,136.95953517037597,1.7449435788595578,VISION,0.0,450.0,0,140.0,152.67,297.33,16.2,123.8,0.0,0.0
1779273848.6338398,152.67,123.8,0.31,163.4952256956473,136.95953517037597,1.7449435788595578,VISION,0.0,450.0,0,140.0,152.67,297.33,16.2,123.8,0.0,0.0
1779273848.683744,152.67,123.8,0.31,163.178278187284,138.76109653565138,1.7933762643465818,VISION,0.0,450.0,0,140.0,152.67,297.33,16.2,123.8,0.0,0.0
1779273848.7337146,152.67,123.8,0.31,163.178278187284,138.76109653565138,1.7933762643465818,VISION,0.0,450.0,0,140.0,152.67,297.33,16.2,123.8,0.0,0.0
1779273848.7838564,152.67,123.8,0.31,163.178278187284,138.76109653565138,1.7933762643465812,VISION,0.0,450.0,0,140.0,152.67,297.33,16.2,123.8,0.0,0.0
1779273848.8340957,153.75,117.26,0.968,153.75,117.26,0.968,VISION,0.0,450.0,0,140.0,153.75,296.25,22.74,117.26,0.0,0.0
1779273848.8837118,153.75,117.26,0.968,153.75,117.26,0.9679999999999995,VISION,0.0,450.0,0,140.0,153.75,296.25,22.74,117.26,0.0,0.0
1779273848.9337053,153.75,117.26,0.968,153.75,117.26,0.9679999999999995,VISION,0.0,450.0,0,140.0,153.75,296.25,22.74,117.26,0.0,0.0
1779273848.9837067,153.75,117.26,0.968,153.75,117.26,0.9679999999999995,VISION,0.0,450.0,0,140.0,153.75,296.25,22.74,117.26,0.0,0.0
1779273849.2337453,153.75,117.26,0.968,153.75,117.25999999999999,0.9679999999999974,VISION,0.0,450.0,0,140.0,153.75,296.25,22.74,117.26,20.0,0.0
1779273849.2838387,153.75,117.26,0.968,153.75,117.25999999999999,0.9679999999999965,VISION,0.0,450.0,0,140.0,153.75,296.25,22.74,117.26,20.0,0.0
1779273849.3337083,153.75,117.26,0.968,153.75,117.25999999999999,0.9679999999999965,VISION,0.0,450.0,0,140.0,153.75,296.25,22.74,117.26,20.0,0.0
1779273849.3840115,155.33,114.91,1.35,155.33,114.91,1.35,VISION,0.0,450.0,0,140.0,155.33,294.67,25.09,114.91,20.0,0.0
1779273849.4340231,155.33,114.91,1.35,155.33,114.91,1.35,VISION,0.0,450.0,0,140.0,155.33,294.67,25.09,114.91,20.0,0.0
1779273849.483797,155.33,114.91,1.35,155.7197505330174,116.64642505550022,1.3476153928348042,VISION,0.0,450.0,0,140.0,155.33,294.67,25.09,114.91,20.0,0.0
1779273849.5337422,155.33,114.91,1.35,155.7197505330174,116.64642505550022,1.3476153928348042,VISION,0.0,450.0,0,140.0,155.33,294.67,25.09,114.91,20.0,0.0
1779273849.5837986,155.33,114.91,1.35,156.2971694368784,119.19054869741163,1.3813932564079365,VISION,0.0,450.0,0,140.0,155.33,294.67,25.09,114.91,20.0,0.0
1779273849.6336937,155.33,114.91,1.35,156.2971694368784,119.19054869741163,1.3813932564079365,VISION,0.0,450.0,0,140.0,155.33,294.67,25.09,114.91,20.0,0.0
1779273849.6836948,155.33,114.91,1.35,156.2971694368784,119.19054869741163,1.3813932564079365,VISION,0.0,450.0,0,140.0,155.33,294.67,25.09,114.91,20.0,0.0
1779273849.733726,155.33,114.91,1.35,156.7462562796613,121.53319206526184,1.4806333462279355,VISION,0.0,450.0,0,140.0,155.33,294.67,25.09,114.91,20.0,0.0
1779273849.7839592,155.33,114.91,1.35,156.8853283380979,123.0714619562376,1.506579482912973,VISION,0.0,450.0,0,140.0,155.33,294.67,25.09,114.91,20.0,0.0
1779273849.833784,155.33,114.91,1.35,156.8853283380979,123.0714619562376,1.506579482912973,VISION,0.0,450.0,0,140.0,155.33,294.67,25.09,114.91,20.0,0.0
1779273849.88372,155.33,114.91,1.35,156.99831241744252,124.82845781246627,1.6496698131224647,VISION,0.0,450.0,0,140.0,155.33,294.67,25.09,114.91,20.0,0.0
1779273849.9338088,156.99831241744252,124.82845781246627,1.6496698131224647,156.99831241744252,124.82845781246627,1.6496698131224647,ESTIMA,0.0,450.0,0,140.0,156.998,293.002,15.172,124.828,20.0,0.0
1779273849.983921,154.91,114.91,1.377,154.91,114.91,1.377,VISION,0.0,450.0,0,140.0,154.91,295.09,25.09,114.91,20.0,0.0
1779273850.033789,154.91,114.91,1.377,154.91,114.91,1.377,VISION,0.0,450.0,0,140.0,154.91,295.09,25.09,114.91,20.0,0.0
1779273850.0837114,154.91,114.91,1.377,155.77353175309173,119.73530427837031,1.4785686112306737,VISION,0.0,450.0,0,140.0,154.91,295.09,25.09,114.91,20.0,0.0
1779273850.1337087,154.91,114.91,1.377,155.77353175309173,119.73530427837031,1.4785686112306737,VISION,0.0,450.0,0,140.0,154.91,295.09,25.09,114.91,20.0,0.0
1779273850.1840017,154.91,114.91,1.377,155.77353175309173,119.73530427837031,1.4785686112306737,VISION,0.0,450.0,0,140.0,154.91,295.09,25.09,114.91,20.0,0.0
1779273850.2337906,154.91,114.91,1.377,156.07369128732324,122.98061944127201,1.5574103931532923,VISION,0.0,450.0,0,140.0,154.91,295.09,25.09,114.91,20.0,0.0
1779273850.2839348,154.91,114.91,1.377,156.07369128732324,122.98061944127201,1.5574103931532923,VISION,0.0,450.0,0,140.0,154.91,295.09,25.09,114.91,20.0,0.0
1779273850.3337252,154.91,114.91,1.377,156.09764187357726,124.76974796706233,1.6454621880739617,VISION,0.0,450.0,0,140.0,154.91,295.09,25.09,114.91,20.0,0.0
1779273850.3840508,154.91,114.91,1.377,155.9567118948335,126.65371454158755,1.738208056373792,VISION,0.0,450.0,0,140.0,154.91,295.09,25.09,114.91,20.0,0.0
1779273850.4337218,154.91,114.91,1.377,155.9567118948335,126.65371454158755,1.738208056373792,VISION,0.0,450.0,0,140.0,154.91,295.09,25.09,114.91,20.0,0.0
1779273850.4840205,154.91,114.91,1.377,155.55257864965682,129.04512802034543,1.792391113918506,VISION,0.0,450.0,0,140.0,154.91,295.09,25.09,114.91,20.0,0.0
1779273850.534225,155.55257864965682,129.04512802034543,1.792391113918506,142.99,114.97,1.62,ESTIMA,0.0,450.0,0,140.0,155.553,294.447,10.955,129.045,20.0,0.0
1779273850.5837758,142.99,114.97,1.62,142.99,114.97,1.62,VISION,0.0,450.0,0,140.0,142.99,307.01,25.03,114.97,20.0,0.0
1779273850.6337533,142.99,114.97,1.62,142.8524046006876,117.76418858139566,1.6838735870678998,VISION,0.0,450.0,0,140.0,142.99,307.01,25.03,114.97,20.0,0.0
1779273850.6836996,142.99,114.97,1.62,142.8524046006876,117.76418858139566,1.6838735870678998,VISION,0.0,450.0,0,140.0,142.99,307.01,25.03,114.97,20.0,0.0
1779273850.733766,142.99,114.97,1.62,142.5590195258107,120.3476748995824,1.7477356992977926,VISION,0.0,450.0,0,140.0,142.99,307.01,25.03,114.97,20.0,0.0
1779273850.7837632,142.99,114.97,1.62,142.5590195258107,120.3476748995824,1.7477356992977926,VISION,0.0,450.0,0,140.0,142.99,307.01,25.03,114.97,20.0,0.0
1779273850.8337493,142.99,114.97,1.62,142.17700449904274,122.48411307768744,1.859353201703456,VISION,0.0,450.0,0,140.0,142.99,307.01,25.03,114.97,20.0,0.0
1779273850.8839686,142.99,114.97,1.62,142.17700449904274,122.48411307768744,1.859353201703456,VISION,0.0,450.0,0,140.0,142.99,307.01,25.03,114.97,20.0,0.0
1779273850.9337504,142.99,114.97,1.62,141.2433001365288,125.6295739919746,1.8876105079331709,VISION,0.0,450.0,0,140.0,142.99,307.01,25.03,114.97,20.0,0.0
1779273850.9837043,142.99,114.97,1.62,141.2433001365288,125.6295739919746,1.8876105079331709,VISION,0.0,450.0,0,140.0,142.99,307.01,25.03,114.97,20.0,0.0
1779273851.0337043,142.99,114.97,1.62,140.36861857660435,128.29744561277602,1.910502429740869,VISION,0.0,450.0,0,140.0,142.99,307.01,25.03,114.97,20.0,0.0
1779273851.0836961,140.36861857660435,128.29744561277602,1.910502429740869,140.36861857660435,128.29744561277602,1.910502429740869,ESTIMA,0.0,450.0,0,140.0,140.369,309.631,11.703,128.297,20.0,0.0
1779273851.133947,139.6297813055031,130.3880631155747,2.0244556995675618,129.83,112.45,1.797,ESTIMA,0.0,450.0,0,140.0,139.63,310.37,9.612,130.388,20.0,0.0
1779273851.1839523,129.83,112.45,1.797,129.83,112.45,1.797,VISION,0.0,450.0,0,140.0,129.83,320.17,27.55,112.45,20.0,0.0
1779273851.2337992,129.83,112.45,1.797,129.10391046294706,115.6049570665501,1.8130867046785708,VISION,0.0,450.0,0,140.0,129.83,320.17,27.55,112.45,20.0,0.0
1779273851.2837114,129.83,112.45,1.797,129.10391046294706,115.6049570665501,1.8130867046785708,VISION,0.0,450.0,0,140.0,129.83,320.17,27.55,112.45,20.0,0.0
1779273851.3337617,129.83,112.45,1.797,128.55736106776726,117.81640398928158,1.870199687109566,VISION,0.0,450.0,0,140.0,129.83,320.17,27.55,112.45,20.0,0.0
1779273851.3838098,129.83,112.45,1.797,128.55736106776726,117.81640398928158,1.870199687109566,VISION,0.0,450.0,0,140.0,129.83,320.17,27.55,112.45,20.0,0.0
1779273851.4337142,129.83,112.45,1.797,128.55736106776726,117.81640398928158,1.870199687109566,VISION,0.0,450.0,0,140.0,129.83,320.17,27.55,112.45,20.0,0.0
1779273851.483704,129.83,112.45,1.797,127.74136625714462,120.45987889971711,2.1111383386272444,VISION,0.0,450.0,0,140.0,129.83,320.17,27.55,112.45,20.0,0.0
1779273851.5338075,129.83,112.45,1.797,127.74136625714462,120.45987889971711,2.1111383386272444,VISION,0.0,450.0,0,140.0,129.83,320.17,27.55,112.45,20.0,0.0
1779273851.5837674,129.83,112.45,1.797,126.73996598144657,122.12917254108656,2.1674994678822843,VISION,0.0,450.0,0,140.0,129.83,320.17,27.55,112.45,20.0,0.0
1779273851.6337082,129.83,112.45,1.797,126.73996598144657,122.12917254108656,2.1674994678822843,VISION,0.0,450.0,0,140.0,129.83,320.17,27.55,112.45,20.0,0.0
1779273851.6838078,129.83,112.45,1.797,125.39860677604194,124.10376977229576,2.2979372255579844,VISION,0.0,450.0,0,140.0,129.83,320.17,27.55,112.45,20.0,0.0
1779273851.733811,116.78,107.39,2.015,116.78,107.39,2.015,VISION,0.0,450.0,0,140.0,116.78,333.22,32.61,107.39,20.0,0.0
1779273851.7837555,116.78,107.39,2.015,115.68149553683405,109.69814086770955,2.0877699128293243,VISION,0.0,450.0,0,140.0,116.78,333.22,32.61,107.39,20.0,0.0
1779273851.8337185,116.78,107.39,2.015,115.68149553683405,109.69814086770955,2.0877699128293243,VISION,0.0,450.0,0,140.0,116.78,333.22,32.61,107.39,20.0,0.0
1779273851.8837445,116.78,107.39,2.015,114.46847107458433,111.83168058005,2.154470189977296,VISION,0.0,450.0,0,140.0,116.78,333.22,32.61,107.39,20.0,0.0
1779273851.9337392,116.78,107.39,2.015,114.46847107458433,111.83168058005,2.154470189977296,VISION,0.0,450.0,0,140.0,116.78,333.22,32.61,107.39,20.0,0.0
1779273851.9837599,116.78,107.39,2.015,112.41736334636447,114.93738676016523,2.1831979540250455,VISION,0.0,450.0,0,140.0,116.78,333.22,32.61,107.39,20.0,0.0
1779273852.0337121,116.78,107.39,2.015,112.41736334636447,114.93738676016523,2.1831979540250455,VISION,0.0,450.0,0,140.0,116.78,333.22,32.61,107.39,20.0,0.0
1779273852.0837288,116.78,107.39,2.015,111.41322834833484,116.3667610902258,2.276749185069385,VISION,0.0,450.0,0,140.0,116.78,333.22,32.61,107.39,20.0,0.0
1779273852.1337187,116.78,107.39,2.015,111.41322834833484,116.3667610902258,2.276749185069385,VISION,0.0,450.0,0,140.0,116.78,333.22,32.61,107.39,20.0,0.0
1779273852.183778,116.78,107.39,2.015,111.41322834833484,116.3667610902258,2.276749185069385,VISION,0.0,450.0,0,140.0,116.78,333.22,32.61,107.39,20.0,0.0
1779273852.2337067,109.02257820871792,119.17099049640937,2.3892500701059647,109.02257820871792,119.17099049640937,2.3892500701059647,ESTIMA,0.0,450.0,0,140.0,109.023,340.977,20.829,119.171,20.0,0.0
1779273852.2839255,107.99685987070622,120.13104407377197,2.4682472888087212,107.99685987070622,120.13104407377197,2.4682472888087212,ESTIMA,0.0,450.0,0,140.0,107.997,342.003,19.869,120.131,20.0,0.0
1779273852.3338828,106.82,98.16,2.411,106.82,98.16,2.411,VISION,0.0,450.0,0,140.0,106.82,343.18,41.84,98.16,20.0,0.0
1779273852.3837583,106.82,98.16,2.411,104.77689607984837,99.99059126717441,2.4965185209220735,VISION,0.0,450.0,0,140.0,106.82,343.18,41.84,98.16,20.0,0.0
1779273852.4337249,106.82,98.16,2.411,104.77689607984837,99.99059126717441,2.4965185209220735,VISION,0.0,450.0,0,140.0,106.82,343.18,41.84,98.16,20.0,0.0
1779273852.4838037,106.82,98.16,2.411,104.77689607984837,99.99059126717441,2.4965185209220735,VISION,0.0,450.0,0,140.0,106.82,343.18,41.84,98.16,20.0,0.0
1779273852.533788,106.82,98.16,2.411,103.01441439967606,101.31678956282798,2.6927056785172385,VISION,0.0,450.0,0,140.0,106.82,343.18,41.84,98.16,20.0,0.0
1779273852.5837538,106.82,98.16,2.411,103.01441439967606,101.31678956282798,2.6927056785172385,VISION,0.0,450.0,0,140.0,106.82,343.18,41.84,98.16,20.0,0.0
1779273852.6337357,106.82,98.16,2.411,99.57136645208082,102.97524744119042,2.730724162365855,VISION,0.0,450.0,0,140.0,106.82,343.18,41.84,98.16,20.0,0.0
1779273852.6837149,106.82,98.16,2.411,99.57136645208082,102.97524744119042,2.730724162365855,VISION,0.0,450.0,0,140.0,106.82,343.18,41.84,98.16,20.0,0.0
1779273852.7337108,106.82,98.16,2.411,99.57136645208082,102.97524744119042,2.730724162365855,VISION,0.0,450.0,0,140.0,106.82,343.18,41.84,98.16,20.0,0.0
1779273852.7837648,106.82,98.16,2.411,95.90860494737792,104.57098131038312,2.7731124438809607,VISION,0.0,450.0,0,140.0,106.82,343.18,41.84,98.16,20.0,0.0
1779273852.8337486,106.82,98.16,2.411,94.53381478094303,105.10180946872424,2.8563302414176115,VISION,0.0,450.0,0,140.0,106.82,343.18,41.84,98.16,20.0,0.0
1779273852.8839412,94.53381478094303,105.10180946872424,2.8563302414176115,94.53381478094303,105.10180946872424,2.8563302414176115,ESTIMA,0.0,450.0,0,140.0,94.534,355.466,34.898,105.102,20.0,0.0
1779273852.9338026,92.47799872623891,105.70469923841776,2.979621437054282,92.47799872623891,105.70469923841776,2.979621437054282,ESTIMA,0.0,450.0,0,140.0,92.478,357.522,34.295,105.705,20.0,0.0
1779273852.983752,92.47799872623891,105.70469923841776,2.979621437054282,92.47799872623891,105.70469923841776,2.979621437054282,ESTIMA,0.0,450.0,0,140.0,92.478,357.522,34.295,105.705,20.0,0.0
1779273853.0339077,90.17701503685697,106.0806860951278,3.0512046443377567,90.17701503685697,106.0806860951278,3.0512046443377567,ESTIMA,0.0,450.0,0,140.0,90.177,359.823,33.919,106.081,20.0,0.0
1779273853.0837684,90.17701503685697,106.0806860951278,3.0512046443377567,90.17701503685697,106.0806860951278,3.0512046443377567,ESTIMA,0.0,450.0,0,140.0,90.177,359.823,33.919,106.081,20.0,0.0
1779273853.133747,87.3574365039662,106.33623851877392,3.1401614994730767,87.3574365039662,106.33623851877392,3.1401614994730767,ESTIMA,0.0,450.0,0,140.0,87.357,362.643,33.664,106.336,20.0,0.0
1779273853.1837645,87.3574365039662,106.33623851877392,3.1401614994730767,87.3574365039662,106.33623851877392,3.1401614994730767,ESTIMA,0.0,450.0,0,140.0,87.357,362.643,33.664,106.336,20.0,0.0
1779273853.2337575,87.3574365039662,106.33623851877392,3.1401614994730767,87.3574365039662,106.33623851877392,3.1401614994730767,ESTIMA,0.0,450.0,0,140.0,87.357,362.643,33.664,106.336,20.0,0.0
1779273853.283764,83.96983427760236,106.341086702956,3.3304736752698436,83.96983427760236,106.341086702956,3.3304736752698436,ESTIMA,0.0,450.0,0,140.0,83.97,366.03,33.659,106.341,20.0,0.0
1779273853.3337307,83.96983427760236,106.341086702956,3.3304736752698436,83.96983427760236,106.341086702956,3.3304736752698436,ESTIMA,0.0,450.0,0,140.0,83.97,366.03,33.659,106.341,20.0,0.0
1779273853.3837304,81.70323838006296,105.90780486390511,3.463194524752326,81.70323838006296,105.90780486390511,3.463194524752326,ESTIMA,0.0,450.0,0,140.0,81.703,368.297,34.092,105.908,20.0,0.0
1779273853.4338381,79.87093014412883,105.29733814083261,3.529858273151075,79.87093014412883,105.29733814083261,3.529858273151075,ESTIMA,0.0,450.0,0,140.0,79.871,370.129,34.703,105.297,20.0,0.0
1779273853.4841287,98.48,69.85,-3.11,98.48,69.85,-3.11,ESTIMA,0.0,450.0,0,140.0,98.48,351.52,70.15,69.85,20.0,0.0
1779273853.5338566,98.48,69.85,-3.11,95.78045053055992,69.76468568292188,-2.9486203313541064,VISION,0.0,450.0,0,140.0,98.48,351.52,70.15,69.85,20.0,0.0
1779273853.5838256,98.48,69.85,-3.11,95.78045053055992,69.76468568292188,-2.9486203313541064,VISION,0.0,450.0,0,140.0,98.48,351.52,70.15,69.85,20.0,0.0
1779273853.6337936,98.48,69.85,-3.11,93.63959532654646,69.34635429338272,-2.8187441075763036,VISION,0.0,450.0,0,140.0,98.48,351.52,70.15,69.85,20.0,0.0
1779273853.683716,98.48,69.85,-3.11,93.63959532654646,69.34635429338272,-2.8187441075763036,VISION,0.0,450.0,0,140.0,98.48,351.52,70.15,69.85,20.0,0.0
1779273853.733755,98.48,69.85,-3.11,93.63959532654646,69.34635429338272,-2.8187441075763036,VISION,0.0,450.0,0,140.0,98.48,351.52,70.15,69.85,20.0,0.0
1779273853.783757,98.48,69.85,-3.11,90.32427562046449,68.2372015830257,-2.703364988749626,VISION,0.0,450.0,0,140.0,98.48,351.52,70.15,69.85,20.0,0.0
1779273853.8337324,98.48,69.85,-3.11,88.60586641641748,67.43192549977732,-2.6784368440035826,VISION,0.0,450.0,0,140.0,98.48,351.52,70.15,69.85,20.0,0.0
1779273853.8837287,98.48,69.85,-3.11,88.60586641641748,67.43192549977732,-2.6784368440035826,VISION,0.0,450.0,0,140.0,98.48,351.52,70.15,69.85,20.0,0.0
1779273853.9337206,98.48,69.85,-3.11,88.60586641641748,67.43192549977732,-2.6784368440035826,VISION,0.0,450.0,0,140.0,98.48,351.52,70.15,69.85,20.0,0.0
1779273853.9837785,98.48,69.85,-3.11,85.50605966272536,65.8839272585461,-2.5644298800587997,VISION,0.0,450.0,0,140.0,98.48,351.52,70.15,69.85,20.0,0.0
1779273854.033841,85.50605966272536,65.8839272585461,-2.5644298800587997,85.50605966272536,65.8839272585461,-2.5644298800587997,ESTIMA,0.0,450.0,0,140.0,85.506,364.494,74.116,65.884,20.0,0.0
1779273854.0838213,83.25475939790795,64.41805867582852,-2.527967674089053,83.25475939790795,64.41805867582852,-2.527967674089053,ESTIMA,0.0,450.0,0,140.0,83.255,366.745,75.582,64.418,20.0,0.0
1779273854.13377,81.33042336586361,63.06269429555332,-2.4482592104401464,81.33042336586361,63.06269429555332,-2.4482592104401464,ESTIMA,0.0,450.0,0,140.0,81.33,368.67,76.937,63.063,20.0,0.0
1779273854.183805,81.33042336586361,63.06269429555332,-2.4482592104401464,81.33042336586361,63.06269429555332,-2.4482592104401464,ESTIMA,0.0,450.0,0,140.0,81.33,368.67,76.937,63.063,20.0,0.0
1779273854.2337823,81.33042336586361,63.06269429555332,-2.4482592104401464,81.33042336586361,63.06269429555332,-2.4482592104401464,ESTIMA,0.0,450.0,0,140.0,81.33,368.67,76.937,63.063,20.0,0.0
1779273854.2837772,79.00020253694231,61.12638400689347,-2.2693838596931335,79.00020253694231,61.12638400689347,-2.2693838596931335,ESTIMA,0.0,450.0,0,140.0,79.0,371.0,78.874,61.126,20.0,0.0
1779273854.3337924,77.94008394084965,59.864152791500615,-2.1747571079504913,77.94008394084965,59.864152791500615,-2.1747571079504913,ESTIMA,0.0,450.0,0,140.0,77.94,372.06,80.136,59.864,20.0,0.0
1779273854.3837903,77.94008394084965,59.864152791500615,-2.1747571079504913,77.94008394084965,59.864152791500615,-2.1747571079504913,ESTIMA,0.0,450.0,0,140.0,77.94,372.06,80.136,59.864,20.0,0.0
1779273854.4340372,77.94008394084965,59.864152791500615,-2.1747571079504913,77.94008394084965,59.864152791500615,-2.1747571079504913,ESTIMA,0.0,450.0,0,140.0,77.94,372.06,80.136,59.864,20.0,0.0
1779273854.483787,76.0717762779886,57.15633194567587,-2.0701684546472334,76.0717762779886,57.15633194567587,-2.0701684546472334,ESTIMA,0.0,450.0,0,140.0,76.072,373.928,82.844,57.156,20.0,0.0
1779273854.533806,75.24306142475831,55.63711319803668,-1.972108814896443,75.24306142475831,55.63711319803668,-1.972108814896443,ESTIMA,0.0,450.0,0,140.0,75.243,374.757,84.363,55.637,20.0,0.0
1779273854.5837612,75.24306142475831,55.63711319803668,-1.972108814896443,75.24306142475831,55.63711319803668,-1.972108814896443,ESTIMA,0.0,450.0,0,140.0,75.243,374.757,84.363,55.637,20.0,0.0
1779273854.6342826,75.24306142475831,55.63711319803668,-1.972108814896443,111.44767264136968,40.63712217804851,-2.24041855631638,ESTIMA,0.0,450.0,0,140.0,75.243,374.757,84.363,55.637,20.0,0.0
1779273854.6838105,113.6,43.11,-2.287,113.6,43.11,-2.287,VISION,0.0,450.0,0,140.0,113.6,336.4,96.89,43.11,20.0,0.0
1779273854.7337646,113.6,43.11,-2.287,113.6,43.11,-2.287,VISION,0.0,450.0,0,140.0,113.6,336.4,96.89,43.11,20.0,0.0
1779273854.7838118,113.6,43.11,-2.287,111.26391721395728,40.425999683466415,-2.0777060567626444,VISION,0.0,450.0,0,140.0,113.6,336.4,96.89,43.11,20.0,0.0
1779273854.8338275,113.6,43.11,-2.287,111.26391721395728,40.425999683466415,-2.0777060567626444,VISION,0.0,450.0,0,140.0,113.6,336.4,96.89,43.11,20.0,0.0
1779273854.8837721,113.6,43.11,-2.287,110.0287882103199,38.20177853922043,-1.9890348782032956,VISION,0.0,450.0,0,140.0,113.6,336.4,96.89,43.11,20.0,0.0
1779273854.9337544,113.6,43.11,-2.287,110.0287882103199,38.20177853922043,-1.9890348782032956,VISION,0.0,450.0,0,140.0,113.6,336.4,96.89,43.11,20.0,0.0
1779273854.983722,113.6,43.11,-2.287,108.95475452155809,35.78529533955532,-1.9000255035106806,VISION,0.0,450.0,0,140.0,113.6,336.4,96.89,43.11,20.0,0.0
1779273855.0337615,113.6,43.11,-2.287,108.95475452155809,35.78529533955532,-1.9000255035106806,VISION,0.0,450.0,0,140.0,113.6,336.4,96.89,43.11,20.0,0.0
1779273855.0837612,113.6,43.11,-2.287,108.22122335737973,33.63835707122282,-1.825864490999231,VISION,0.0,450.0,0,140.0,113.6,336.4,96.89,43.11,20.0,0.0
1779273855.1337626,113.6,43.11,-2.287,108.22122335737973,33.63835707122282,-1.825864490999231,VISION,0.0,450.0,0,140.0,113.6,336.4,96.89,43.11,20.0,0.0
1779273855.183822,107.6196226374084,31.33114200381502,-1.7491079144125066,107.6196226374084,31.33114200381502,-1.7491079144125066,ESTIMA,0.0,450.0,0,140.0,107.62,342.38,108.669,31.331,20.0,0.0
1779273855.2344053,127.95,37.93,-1.799,127.95,37.93,-1.799,ESTIMA,0.0,450.0,0,140.0,127.95,322.05,102.07,37.93,20.0,0.0
1779273855.2837915,127.95,37.93,-1.799,127.32544089767958,35.24082518608996,-1.6378141014160623,VISION,0.0,450.0,0,140.0,127.95,322.05,102.07,37.93,20.0,0.0
1779273855.333762,127.95,37.93,-1.799,127.32544089767958,35.24082518608996,-1.6378141014160623,VISION,0.0,450.0,0,140.0,127.95,322.05,102.07,37.93,20.0,0.0
1779273855.3837593,127.95,37.93,-1.799,127.19684643594586,33.32488747403841,-1.5711207651122643,VISION,0.0,450.0,0,140.0,127.95,322.05,102.07,37.93,20.0,0.0
1779273855.4338224,127.95,37.93,-1.799,127.19684643594586,33.32488747403841,-1.5711207651122643,VISION,0.0,450.0,0,140.0,127.95,322.05,102.07,37.93,20.0,0.0
1779273855.4838092,127.95,37.93,-1.799,127.19582238609945,30.168509957379996,-1.4602628873028476,VISION,0.0,450.0,0,140.0,127.95,322.05,102.07,37.93,20.0,0.0
1779273855.5337615,127.95,37.93,-1.799,127.19582238609945,30.168509957379996,-1.4602628873028476,VISION,0.0,450.0,0,140.0,127.95,322.05,102.07,37.93,20.0,0.0
1779273855.5838456,127.95,37.93,-1.799,127.51810307959884,27.26470888700026,-1.2889677116909164,VISION,0.0,450.0,0,140.0,127.95,322.05,102.07,37.93,20.0,0.0
1779273855.6337295,127.95,37.93,-1.799,127.51810307959884,27.26470888700026,-1.2889677116909164,VISION,0.0,450.0,0,140.0,127.95,322.05,102.07,37.93,20.0,0.0
1779273855.683723,127.95,37.93,-1.799,128.0480496247346,25.43437334691273,-1.1794014236871295,VISION,0.0,450.0,0,140.0,127.95,322.05,102.07,37.93,20.0,0.0
1779273855.7337189,127.95,37.93,-1.799,128.0480496247346,25.43437334691273,-1.1794014236871295,VISION,0.0,450.0,0,140.0,127.95,322.05,102.07,37.93,20.0,0.0
1779273855.7838223,128.0480496247346,25.43437334691273,-1.1794014236871295,128.0480496247346,25.43437334691273,-1.1794014236871295,ESTIMA,0.0,450.0,0,140.0,128.048,321.952,114.566,25.434,20.0,0.0
1779273855.8341486,143.79,39.82,-1.399,143.79,39.82,-1.399,ESTIMA,0.0,450.0,0,140.0,143.79,306.21,100.18,39.82,20.0,0.0
1779273855.8837748,143.79,39.82,-1.399,144.01495460667536,38.52348137066916,-1.354919510553591,VISION,0.0,450.0,0,140.0,143.79,306.21,100.18,39.82,20.0,0.0
1779273855.933782,143.79,39.82,-1.399,144.01495460667536,38.52348137066916,-1.354919510553591,VISION,0.0,450.0,0,140.0,143.79,306.21,100.18,39.82,20.0,0.0
1779273855.9837608,143.79,39.82,-1.399,144.01495460667536,38.52348137066916,-1.354919510553591,VISION,0.0,450.0,0,140.0,143.79,306.21,100.18,39.82,20.0,0.0
1779273856.0337608,143.79,39.82,-1.399,144.83372404487395,34.78982077071842,-1.12915397492311,VISION,0.0,450.0,0,140.0,143.79,306.21,100.18,39.82,20.0,0.0
1779273856.0837655,143.79,39.82,-1.399,145.2021526842768,34.01055331796251,-1.0774455225757584,VISION,0.0,450.0,0,140.0,143.79,306.21,100.18,39.82,20.0,0.0
1779273856.133779,143.79,39.82,-1.399,145.2021526842768,34.01055331796251,-1.0774455225757584,VISION,0.0,450.0,0,140.0,143.79,306.21,100.18,39.82,20.0,0.0
1779273856.183818,143.79,39.82,-1.399,145.2021526842768,34.01055331796251,-1.0774455225757584,VISION,0.0,450.0,0,140.0,143.79,306.21,100.18,39.82,20.0,0.0
1779273856.23378,143.79,39.82,-1.399,146.88610308368004,30.878787574910813,-0.868405453859152,VISION,0.0,450.0,0,140.0,143.79,306.21,100.18,39.82,20.0,0.0
1779273856.2837415,143.79,39.82,-1.399,147.83791616164464,29.754223073161544,-0.7832951810541925,VISION,0.0,450.0,0,140.0,143.79,306.21,100.18,39.82,20.0,0.0
1779273856.333722,143.79,39.82,-1.399,147.83791616164464,29.754223073161544,-0.7832951810541925,VISION,0.0,450.0,0,140.0,143.79,306.21,100.18,39.82,20.0,0.0
1779273856.383847,149.37871455847252,28.21989162962462,-0.7116041614440436,149.37871455847252,28.21989162962462,-0.7116041614440436,ESTIMA,0.0,450.0,0,140.0,149.379,300.621,111.78,28.22,20.0,0.0
1779273856.4341974,158.28,47.51,-1.075,158.28,47.51,-1.075,ESTIMA,0.0,450.0,0,140.0,158.28,291.72,92.49,47.51,20.0,0.0
1779273856.4837775,158.28,47.51,-1.075,158.28,47.51,-1.075,VISION,0.0,450.0,0,140.0,158.28,291.72,92.49,47.51,20.0,0.0
1779273856.5337634,158.28,47.51,-1.075,159.90066061214148,44.51353059544224,-0.8769876465248849,VISION,0.0,450.0,0,140.0,158.28,291.72,92.49,47.51,20.0,0.0
1779273856.5837677,158.28,47.51,-1.075,160.90623664610584,43.304555945149666,-0.7313440864571619,VISION,0.0,450.0,0,140.0,158.28,291.72,92.49,47.51,20.0,0.0
1779273856.63377,158.28,47.51,-1.075,160.90623664610584,43.304555945149666,-0.7313440864571619,VISION,0.0,450.0,0,140.0,158.28,291.72,92.49,47.51,20.0,0.0
1779273856.6837397,158.28,47.51,-1.075,160.90623664610584,43.304555945149666,-0.7313440864571619,VISION,0.0,450.0,0,140.0,158.28,291.72,92.49,47.51,20.0,0.0
1779273856.7337646,158.28,47.51,-1.075,162.71431507534194,41.6820930743698,-0.5066386726913648,VISION,0.0,450.0,0,140.0,158.28,291.72,92.49,47.51,20.0,0.0
1779273856.7837892,158.28,47.51,-1.075,164.41635243023694,40.73754071418702,-0.39169042400657317,VISION,0.0,450.0,0,140.0,158.28,291.72,92.49,47.51,20.0,0.0
1779273856.833735,158.28,47.51,-1.075,164.41635243023694,40.73754071418702,-0.39169042400657317,VISION,0.0,450.0,0,140.0,158.28,291.72,92.49,47.51,20.0,0.0
1779273856.8839562,158.28,47.51,-1.075,166.5988753021774,39.83608818638915,-0.2541263005219354,VISION,0.0,450.0,0,140.0,158.28,291.72,92.49,47.51,20.0,0.0
1779273856.9337964,158.28,47.51,-1.075,166.5988753021774,39.83608818638915,-0.2541263005219354,VISION,0.0,450.0,0,140.0,158.28,291.72,92.49,47.51,20.0,0.0
1779273856.9842808,171.0,58.78,-0.831,172.80609725376362,56.801184009878476,-0.7431176950105538,ESTIMA,0.0,450.0,0,140.0,171.0,279.0,81.22,58.78,20.0,0.0
1779273857.0337825,171.0,58.78,-0.831,171.0,58.78,-0.831,VISION,0.0,450.0,0,140.0,171.0,279.0,81.22,58.78,20.0,0.0
1779273857.083775,171.0,58.78,-0.831,171.0,58.78,-0.831,VISION,0.0,450.0,0,140.0,171.0,279.0,81.22,58.78,20.0,0.0
1779273857.133773,171.0,58.78,-0.831,173.5000181623271,56.04090280858456,-0.7762187647353778,VISION,0.0,450.0,0,140.0,171.0,279.0,81.22,58.78,20.0,0.0
1779273857.1837778,171.0,58.78,-0.831,173.5000181623271,56.04090280858456,-0.7762187647353778,VISION,0.0,450.0,0,140.0,171.0,279.0,81.22,58.78,20.0,0.0
1779273857.2337918,171.0,58.78,-0.831,173.5000181623271,56.04090280858456,-0.7762187647353778,VISION,0.0,450.0,0,140.0,171.0,279.0,81.22,58.78,20.0,0.0
1779273857.2837763,171.0,58.78,-0.831,175.74969805835775,53.83214979516261,-0.5888724413751999,VISION,0.0,450.0,0,140.0,171.0,279.0,81.22,58.78,20.0,0.0
1779273857.3337743,171.0,58.78,-0.831,177.39468958749595,52.733420755303264,-0.5185958073398022,VISION,0.0,450.0,0,140.0,171.0,279.0,81.22,58.78,20.0,0.0
1779273857.3837407,171.0,58.78,-0.831,177.39468958749595,52.733420755303264,-0.5185958073398022,VISION,0.0,450.0,0,140.0,171.0,279.0,81.22,58.78,20.0,0.0
1779273857.433774,171.0,58.78,-0.831,179.33350868228575,51.62693902084245,-0.3139158836949423,VISION,0.0,450.0,0,140.0,171.0,279.0,81.22,58.78,20.0,0.0
1779273857.4837794,171.0,58.78,-0.831,179.33350868228575,51.62693902084245,-0.3139158836949423,VISION,0.0,450.0,0,140.0,171.0,279.0,81.22,58.78,20.0,0.0
1779273857.53385,181.6726507151637,50.867535059649704,-0.2793038572292093,181.6726507151637,50.867535059649704,-0.2793038572292093,ESTIMA,0.0,450.0,0,140.0,181.673,268.327,89.132,50.868,20.0,0.0
1779273857.5841475,181.63,72.45,-0.637,181.63,72.45,-0.637,ESTIMA,0.0,450.0,0,140.0,181.63,268.37,67.55,72.45,20.0,0.0
1779273857.6337988,181.63,72.45,-0.637,184.36297307919432,70.42789736704383,-0.5262306565329804,VISION,0.0,450.0,0,140.0,181.63,268.37,67.55,72.45,20.0,0.0
1779273857.6837366,181.63,72.45,-0.637,184.36297307919432,70.42789736704383,-0.5262306565329804,VISION,0.0,450.0,0,140.0,181.63,268.37,67.55,72.45,20.0,0.0
1779273857.73374,181.63,72.45,-0.637,186.0896819354138,69.4249129859787,-0.4105968678857085,VISION,0.0,450.0,0,140.0,181.63,268.37,67.55,72.45,20.0,0.0
1779273857.7837477,181.63,72.45,-0.637,186.0896819354138,69.4249129859787,-0.4105968678857085,VISION,0.0,450.0,0,140.0,181.63,268.37,67.55,72.45,20.0,0.0
1779273857.8337295,181.63,72.45,-0.637,187.90237334842735,68.6357740797591,-0.23072593317121579,VISION,0.0,450.0,0,140.0,181.63,268.37,67.55,72.45,20.0,0.0
1779273857.8837287,181.63,72.45,-0.637,187.90237334842735,68.6357740797591,-0.23072593317121579,VISION,0.0,450.0,0,140.0,181.63,268.37,67.55,72.45,20.0,0.0
1779273857.933732,181.63,72.45,-0.637,187.90237334842735,68.6357740797591,-0.23072593317121579,VISION,0.0,450.0,0,140.0,181.63,268.37,67.55,72.45,20.0,0.0
1779273857.9837656,181.63,72.45,-0.637,191.62170209589493,67.76206945082178,-0.10182081510375804,VISION,0.0,450.0,0,140.0,181.63,268.37,67.55,72.45,20.0,0.0
1779273858.033769,181.63,72.45,-0.637,192.79983169391184,67.64169505406413,-0.03315894798260856,VISION,0.0,450.0,0,140.0,181.63,268.37,67.55,72.45,20.0,0.0
1779273858.083735,181.63,72.45,-0.637,192.79983169391184,67.64169505406413,-0.03315894798260856,VISION,0.0,450.0,0,140.0,181.63,268.37,67.55,72.45,20.0,0.0
1779273858.1338449,195.514062288146,67.55166102261043,0.12139823173520438,195.514062288146,67.55166102261043,0.12139823173520438,ESTIMA,0.0,450.0,0,140.0,195.514,254.486,72.448,67.552,20.0,0.0
1779273858.1840177,190.29,87.12,-0.505,190.29,87.12,-0.505,VISION,0.0,450.0,0,140.0,190.29,259.71,52.88,87.12,20.0,0.0
1779273858.233744,190.29,87.12,-0.505,192.14121762304256,86.09662364950253,-0.38661573437765046,VISION,0.0,450.0,0,140.0,190.29,259.71,52.88,87.12,20.0,0.0
1779273858.2837605,190.29,87.12,-0.505,192.14121762304256,86.09662364950253,-0.38661573437765046,VISION,0.0,450.0,0,140.0,190.29,259.71,52.88,87.12,20.0,0.0
1779273858.3338158,190.29,87.12,-0.505,194.30288741017637,85.21659857553286,-0.2537035411734697,VISION,0.0,450.0,0,140.0,190.29,259.71,52.88,87.12,20.0,0.0
1779273858.383753,190.29,87.12,-0.505,194.30288741017637,85.21659857553286,-0.2537035411734697,VISION,0.0,450.0,0,140.0,190.29,259.71,52.88,87.12,20.0,0.0
1779273858.4337668,190.29,87.12,-0.505,194.30288741017637,85.21659857553286,-0.2537035411734697,VISION,0.0,450.0,0,140.0,190.29,259.71,52.88,87.12,20.0,0.0
1779273858.4837945,190.29,87.12,-0.505,194.30288741017637,85.21659857553286,-0.2537035411734697,VISION,0.0,450.0,0,140.0,190.29,259.71,52.88,87.12,20.0,0.0
1779273858.5339682,190.29,87.12,-0.505,199.11240358968377,83.96953583711725,-0.09092852485857394,VISION,0.0,450.0,0,140.0,190.29,259.71,52.88,87.12,20.0,0.0
1779273858.5837345,190.29,87.12,-0.505,200.98071394722243,83.79918338216623,-0.028277615061546885,VISION,0.0,450.0,0,140.0,190.29,259.71,52.88,87.12,20.0,0.0
1779273858.6338887,190.29,87.12,-0.505,200.98071394722243,83.79918338216623,-0.028277615061546885,VISION,0.0,450.0,0,140.0,190.29,259.71,52.88,87.12,20.0,0.0
1779273858.6837254,190.29,87.12,-0.505,202.71882459518756,83.75002065373889,0.07181936582181006,VISION,0.0,450.0,0,140.0,190.29,259.71,52.88,87.12,20.0,0.0
1779273858.7340283,202.71882459518756,83.75002065373889,0.07181936582181006,204.94233620181484,83.90998697841744,0.1423691001886872,ESTIMA,0.0,450.0,0,140.0,202.719,247.281,56.25,83.75,20.0,0.0
1779273858.7840402,192.97,101.6,-0.136,192.97,101.6,-0.136,VISION,0.0,450.0,0,140.0,192.97,257.03,38.4,101.6,0.0,0.0
1779273858.8337996,192.97,101.6,-0.136,192.97,101.6,-0.136,VISION,0.0,450.0,0,140.0,192.97,257.03,38.4,101.6,0.0,0.0
1779273858.8837912,192.97,101.6,-0.136,195.90807883835137,101.19793937826459,0.029410099516361282,VISION,0.0,450.0,0,140.0,192.97,257.03,38.4,101.6,0.0,0.0
1779273858.933769,192.97,101.6,-0.136,195.90807883835137,101.19793937826459,0.029410099516361282,VISION,0.0,450.0,0,140.0,192.97,257.03,38.4,101.6,0.0,0.0
1779273858.983818,192.97,101.6,-0.136,198.1366999800767,101.26350225187268,0.126658638715655,VISION,0.0,450.0,0,140.0,192.97,257.03,38.4,101.6,0.0,0.0
1779273859.0337894,192.97,101.6,-0.136,198.1366999800767,101.26350225187268,0.126658638715655,VISION,0.0,450.0,0,140.0,192.97,257.03,38.4,101.6,0.0,0.0
1779273859.0838044,192.97,101.6,-0.136,199.623901886864,101.45288301361435,0.03966331090156608,VISION,0.0,450.0,0,140.0,192.97,257.03,38.4,101.6,0.0,0.0
1779273859.1338518,192.97,101.6,-0.136,199.623901886864,101.45288301361435,0.03966331090156608,VISION,0.0,450.0,0,140.0,192.97,257.03,38.4,101.6,0.0,0.0
1779273859.1838434,192.97,101.6,-0.136,200.5082464645257,101.48797745274189,0.08383585286065733,VISION,0.0,450.0,0,140.0,192.97,257.03,38.4,101.6,0.0,0.0
1779273859.2337825,192.97,101.6,-0.136,200.5082464645257,101.48797745274189,0.08383585286065733,VISION,0.0,450.0,0,140.0,192.97,257.03,38.4,101.6,0.0,0.0
1779273859.2838361,192.97,101.6,-0.136,200.5082464645257,101.48797745274189,0.08383585286065733,VISION,0.0,450.0,0,140.0,192.97,257.03,38.4,101.6,0.0,0.0
1779273859.333888,190.75,116.55,0.186,190.75,116.55,0.186,VISION,0.0,450.0,0,140.0,190.75,259.25,23.45,116.55,-20.0,0.0
1779273859.3837821,190.75,116.55,0.186,190.75,116.55,0.1859999999999994,VISION,0.0,450.0,0,140.0,190.75,259.25,23.45,116.55,-20.0,0.0
1779273859.4337626,190.75,116.55,0.186,190.75,116.55,0.1859999999999994,VISION,0.0,450.0,0,140.0,190.75,259.25,23.45,116.55,-20.0,0.0
1779273859.4838512,190.75,116.55,0.186,190.75,116.55,0.1859999999999994,VISION,0.0,450.0,0,140.0,190.75,259.25,23.45,116.55,-20.0,0.0
1779273859.533793,190.75,116.55,0.186,192.10155032017084,116.80432805754299,0.2481954052366747,VISION,0.0,450.0,0,140.0,190.75,259.25,23.45,116.55,-20.0,0.0
1779273859.5837927,190.75,116.55,0.186,194.47278795627983,117.40524840594982,0.42804410156113964,VISION,0.0,450.0,0,140.0,190.75,259.25,23.45,116.55,-20.0,0.0
1779273859.6338375,190.75,116.55,0.186,194.47278795627983,117.40524840594982,0.42804410156113964,VISION,0.0,450.0,0,140.0,190.75,259.25,23.45,116.55,-20.0,0.0
1779273859.683795,190.75,116.55,0.186,198.98766971266355,119.4651896336462,0.7943252094404619,VISION,0.0,450.0,0,140.0,190.75,259.25,23.45,116.55,-20.0,0.0
1779273859.7337706,190.75,116.55,0.186,198.98766971266355,119.4651896336462,0.7943252094404619,VISION,0.0,450.0,0,140.0,190.75,259.25,23.45,116.55,-20.0,0.0
1779273859.7837408,190.75,116.55,0.186,201.56858000302503,122.09259604211654,1.0667489035753,VISION,0.0,450.0,0,140.0,190.75,259.25,23.45,116.55,-20.0,0.0
1779273859.8337488,201.56858000302503,122.09259604211654,1.0667489035753,201.56858000302503,122.09259604211654,1.0667489035753,ESTIMA,0.0,450.0,0,140.0,201.569,248.431,17.907,122.093,-20.0,0.0
1779273859.8838475,201.56858000302503,122.09259604211654,1.0667489035753,201.56858000302503,122.09259604211654,1.0667489035753,ESTIMA,0.0,450.0,0,140.0,201.569,248.431,17.907,122.093,-20.0,0.0
1779273859.9338944,188.22,121.95,0.337,188.22,121.95,0.337,VISION,0.0,450.0,0,140.0,188.22,261.78,18.05,121.95,-20.0,0.0
1779273859.9837852,188.22,121.95,0.337,188.22,121.95,0.337,VISION,0.0,450.0,0,140.0,188.22,261.78,18.05,121.95,-20.0,0.0
1779273860.0338366,188.22,121.95,0.337,193.68371066007418,123.86429329575321,0.7637984361160978,VISION,0.0,450.0,0,140.0,188.22,261.78,18.05,121.95,-20.0,0.0
1779273860.083805,188.22,121.95,0.337,195.96898951481376,126.05292193755638,0.9493438712296733,VISION,0.0,450.0,0,140.0,188.22,261.78,18.05,121.95,-20.0,0.0
1779273860.1337419,188.22,121.95,0.337,195.96898951481376,126.05292193755638,0.9493438712296733,VISION,0.0,450.0,0,140.0,188.22,261.78,18.05,121.95,-20.0,0.0
1779273860.1838279,188.22,121.95,0.337,195.96898951481376,126.05292193755638,0.9493438712296733,VISION,0.0,450.0,0,140.0,188.22,261.78,18.05,121.95,-20.0,0.0
1779273860.23379,188.22,121.95,0.337,198.91813703356107,130.17124481996518,1.413387610924777,VISION,0.0,450.0,0,140.0,188.22,261.78,18.05,121.95,-20.0,0.0
1779273860.2839456,188.22,121.95,0.337,199.38649235411424,133.12203879573588,1.6874721368519057,VISION,0.0,450.0,0,140.0,188.22,261.78,18.05,121.95,-20.0,0.0
1779273860.3337827,188.22,121.95,0.337,199.38649235411424,133.12203879573588,1.6874721368519057,VISION,0.0,450.0,0,140.0,188.22,261.78,18.05,121.95,-20.0,0.0
1779273860.3837445,188.22,121.95,0.337,199.38649235411424,133.12203879573588,1.6874721368519057,VISION,0.0,450.0,0,140.0,188.22,261.78,18.05,121.95,-20.0,0.0
1779273860.4337828,188.22,121.95,0.337,198.81286804156997,138.01610367669733,2.0511243756685746,VISION,0.0,450.0,0,140.0,188.22,261.78,18.05,121.95,-20.0,0.0
1779273860.4838781,198.81286804156997,138.01610367669733,2.0511243756685746,198.81286804156997,138.01610367669733,2.0511243756685746,ESTIMA,0.0,450.0,0,140.0,198.813,251.187,1.984,138.016,-20.0,0.0
1779273860.5341449,189.83,117.69,0.393,189.83,117.69,0.393,VISION,0.0,450.0,0,140.0,189.83,260.17,22.31,117.69,-20.0,0.0
1779273860.5838144,189.83,117.69,0.393,189.83,117.69,0.393,VISION,0.0,450.0,0,140.0,189.83,260.17,22.31,117.69,-20.0,0.0
1779273860.633778,189.83,117.69,0.393,192.467028945822,118.78322294819262,0.6034632929971786,VISION,0.0,450.0,0,140.0,189.83,260.17,22.31,117.69,-20.0,0.0
1779273860.6837463,189.83,117.69,0.393,192.467028945822,118.78322294819262,0.6034632929971786,VISION,0.0,450.0,0,140.0,189.83,260.17,22.31,117.69,-20.0,0.0
1779273860.7337456,189.83,117.69,0.393,195.99152172964676,121.21242027341137,0.9953591808617634,VISION,0.0,450.0,0,140.0,189.83,260.17,22.31,117.69,-20.0,0.0
1779273860.7837412,189.83,117.69,0.393,195.99152172964676,121.21242027341137,0.9953591808617634,VISION,0.0,450.0,0,140.0,189.83,260.17,22.31,117.69,-20.0,0.0
1779273860.833747,189.83,117.69,0.393,195.99152172964676,121.21242027341137,0.9953591808617634,VISION,0.0,450.0,0,140.0,189.83,260.17,22.31,117.69,-20.0,0.0
1779273860.8837795,189.83,117.69,0.393,199.14695610908225,126.07691513827686,1.5248305386758982,VISION,0.0,450.0,0,140.0,189.83,260.17,22.31,117.69,0.0,0.0
1779273860.9337873,189.83,117.69,0.393,199.14695610908225,126.07691513827686,1.5248305386758982,VISION,0.0,450.0,0,140.0,189.83,260.17,22.31,117.69,0.0,0.0
1779273860.9837675,189.83,117.69,0.393,199.37296919407916,130.99043656992308,1.888659116495915,VISION,0.0,450.0,0,140.0,189.83,260.17,22.31,117.69,0.0,0.0
1779273861.0337522,189.83,117.69,0.393,198.82475360266793,132.65664830348777,1.9844283787687442,VISION,0.0,450.0,0,140.0,189.83,260.17,22.31,117.69,0.0,0.0
1779273861.0843923,198.82475360266793,132.65664830348777,1.9844283787687442,191.91,111.71,0.917,ESTIMA,0.0,450.0,0,140.0,198.825,251.175,7.343,132.657,0.0,0.0
1779273861.1338115,191.91,111.71,0.917,192.860422260463,112.95041678070534,0.7026695285185359,VISION,0.0,450.0,0,140.0,191.91,258.09,28.29,111.71,0.0,0.0
1779273861.1838024,191.91,111.71,0.917,192.860422260463,112.95041678070534,0.7026695285185359,VISION,0.0,450.0,0,140.0,191.91,258.09,28.29,111.71,0.0,0.0
1779273861.233915,191.91,111.71,0.917,192.860422260463,112.95041678070534,0.7026695285185359,VISION,0.0,450.0,0,140.0,191.91,258.09,28.29,111.71,0.0,0.0
1779273861.2837832,191.91,111.71,0.917,192.860422260463,112.95041678070534,0.7026695285185347,VISION,0.0,450.0,0,140.0,191.91,258.09,28.29,111.71,0.0,0.0
1779273861.3338099,191.91,111.71,0.917,192.860422260463,112.95041678070534,0.7026695285185347,VISION,0.0,450.0,0,140.0,191.91,258.09,28.29,111.71,0.0,0.0
1779273861.3837469,191.91,111.71,0.917,192.860422260463,112.95041678070534,0.7026695285185341,VISION,0.0,450.0,0,140.0,191.91,258.09,28.29,111.71,0.0,0.0
1779273861.6338675,192.860422260463,112.95041678070534,0.7026695285185327,192.860422260463,112.95041678070534,0.7026695285185327,ESTIMA,0.0,450.0,0,140.0,192.86,257.14,27.05,112.95,20.0,0.0
1779273861.6840503,196.24,107.16,1.658,196.24,107.16,1.658,VISION,0.0,450.0,0,140.0,196.24,253.76,32.84,107.16,20.0,0.0
1779273861.7337534,196.24,107.16,1.658,196.24,107.16,1.658,VISION,0.0,450.0,0,140.0,196.24,253.76,32.84,107.16,20.0,0.0
1779273861.7838864,196.24,107.16,1.658,196.24,107.16,1.6579999999999984,VISION,0.0,450.0,0,140.0,196.24,253.76,32.84,107.16,20.0,0.0
1779273861.8337812,196.24,107.16,1.658,196.16775855546132,107.98632106461463,1.6176061798707015,VISION,0.0,450.0,0,140.0,196.24,253.76,32.84,107.16,20.0,0.0
1779273861.8837695,196.24,107.16,1.658,196.16775855546132,107.98632106461463,1.6176061798707015,VISION,0.0,450.0,0,140.0,196.24,253.76,32.84,107.16,20.0,0.0
1779273861.933991,196.24,107.16,1.658,196.0589108085944,110.3099394286149,1.6125971261508179,VISION,0.0,450.0,0,140.0,196.24,253.76,32.84,107.16,20.0,0.0
1779273861.9837935,196.24,107.16,1.658,196.0589108085944,110.3099394286149,1.6125971261508179,VISION,0.0,450.0,0,140.0,196.24,253.76,32.84,107.16,20.0,0.0
1779273862.0337884,196.24,107.16,1.658,196.0589108085944,110.3099394286149,1.6125971261508179,VISION,0.0,450.0,0,140.0,196.24,253.76,32.84,107.16,20.0,0.0
1779273862.0837774,196.24,107.16,1.658,195.96518314613803,112.55087900899149,1.6928482744178575,VISION,0.0,450.0,0,140.0,196.24,253.76,32.84,107.16,20.0,0.0
1779273862.1337838,196.24,107.16,1.658,195.79855823870597,113.90928993112036,1.747523428079025,VISION,0.0,450.0,0,140.0,196.24,253.76,32.84,107.16,20.0,0.0
1779273862.1837838,196.24,107.16,1.658,195.79855823870597,113.90928993112036,1.747523428079025,VISION,0.0,450.0,0,140.0,196.24,253.76,32.84,107.16,20.0,0.0
1779273862.2338452,195.3511428097854,116.4145521992253,1.7914029335027795,195.3511428097854,116.4145521992253,1.7914029335027795,ESTIMA,0.0,450.0,0,140.0,195.351,254.649,23.585,116.415,20.0,0.0
1779273862.2840343,196.27,107.12,1.671,196.27,107.12,1.671,VISION,0.0,450.0,0,140.0,196.27,253.73,32.88,107.12,20.0,0.0
1779273862.3337843,196.27,107.12,1.671,196.01248273005427,109.6813312682254,1.7240460021650843,VISION,0.0,450.0,0,140.0,196.27,253.73,32.88,107.12,20.0,0.0
1779273862.3837867,196.27,107.12,1.671,196.01248273005427,109.6813312682254,1.7240460021650843,VISION,0.0,450.0,0,140.0,196.27,253.73,32.88,107.12,20.0,0.0
1779273862.4337637,196.27,107.12,1.671,195.67391900092804,111.87323886765533,1.7720808651815567,VISION,0.0,450.0,0,140.0,196.27,253.73,32.88,107.12,20.0,0.0
1779273862.4837594,196.27,107.12,1.671,195.67391900092804,111.87323886765533,1.7720808651815567,VISION,0.0,450.0,0,140.0,196.27,253.73,32.88,107.12,20.0,0.0
1779273862.5337934,196.27,107.12,1.671,195.67391900092804,111.87323886765533,1.7720808651815567,VISION,0.0,450.0,0,140.0,196.27,253.73,32.88,107.12,20.0,0.0
1779273862.5838554,196.27,107.12,1.671,195.1928560475071,114.23083926401388,1.8901878678608866,VISION,0.0,450.0,0,140.0,196.27,253.73,32.88,107.12,20.0,0.0
1779273862.633768,196.27,107.12,1.671,195.1928560475071,114.23083926401388,1.8901878678608866,VISION,0.0,450.0,0,140.0,196.27,253.73,32.88,107.12,20.0,0.0
1779273862.6837478,196.27,107.12,1.671,194.46732869605995,116.42465862638666,2.0022837535810347,VISION,0.0,450.0,0,140.0,196.27,253.73,32.88,107.12,20.0,0.0
1779273862.7337663,196.27,107.12,1.671,194.46732869605995,116.42465862638666,2.0022837535810347,VISION,0.0,450.0,0,140.0,196.27,253.73,32.88,107.12,20.0,0.0
1779273862.783785,196.27,107.12,1.671,193.40665952821246,118.72834509980662,2.057701654733198,VISION,0.0,450.0,0,140.0,196.27,253.73,32.88,107.12,20.0,0.0
1779273862.834467,192.78561856917426,119.90140517325696,2.086387129116766,186.97,104.74,1.861,ESTIMA,0.0,450.0,0,140.0,192.786,257.214,20.099,119.901,20.0,0.0
1779273862.8838634,186.97,104.74,1.861,186.97,104.74,1.861,VISION,0.0,450.0,0,140.0,186.97,263.03,35.26,104.74,20.0,0.0
1779273862.9337611,186.97,104.74,1.861,186.33532570850215,106.86525363571491,1.9690215522776218,VISION,0.0,450.0,0,140.0,186.97,263.03,35.26,104.74,20.0,0.0
1779273862.9839816,186.97,104.74,1.861,186.33532570850215,106.86525363571491,1.9690215522776218,VISION,0.0,450.0,0,140.0,186.97,263.03,35.26,104.74,20.0,0.0
1779273863.0338526,186.97,104.74,1.861,186.33532570850215,106.86525363571491,1.9690215522776218,VISION,0.0,450.0,0,140.0,186.97,263.03,35.26,104.74,20.0,0.0
1779273863.0837564,186.97,104.74,1.861,184.99074857387717,110.06128003442956,1.987719442325069,VISION,0.0,450.0,0,140.0,186.97,263.03,35.26,104.74,20.0,0.0
1779273863.1337554,186.97,104.74,1.861,184.99074857387717,110.06128003442956,1.987719442325069,VISION,0.0,450.0,0,140.0,186.97,263.03,35.26,104.74,20.0,0.0
1779273863.183769,186.97,104.74,1.861,184.12758379849166,112.01022994730056,2.1732131729146724,VISION,0.0,450.0,0,140.0,186.97,263.03,35.26,104.74,20.0,0.0
1779273863.2337632,186.97,104.74,1.861,183.05034326373294,113.57669070374094,2.1881951670969055,VISION,0.0,450.0,0,140.0,186.97,263.03,35.26,104.74,20.0,0.0
1779273863.283766,186.97,104.74,1.861,183.05034326373294,113.57669070374094,2.1881951670969055,VISION,0.0,450.0,0,140.0,186.97,263.03,35.26,104.74,20.0,0.0
1779273863.3337963,186.97,104.74,1.861,181.8079712438931,115.32653658932071,2.2991121970974198,VISION,0.0,450.0,0,140.0,186.97,263.03,35.26,104.74,20.0,0.0
1779273863.3838406,186.97,104.74,1.861,181.8079712438931,115.32653658932071,2.2991121970974198,VISION,0.0,450.0,0,140.0,186.97,263.03,35.26,104.74,20.0,0.0
1779273863.433898,174.79,99.2,2.056,174.79,99.2,2.056,VISION,0.0,450.0,0,140.0,174.79,275.21,40.8,99.2,20.0,0.0
1779273863.4838562,174.79,99.2,2.056,174.79,99.2,2.056,VISION,0.0,450.0,0,140.0,174.79,275.21,40.8,99.2,20.0,0.0
1779273863.533896,174.79,99.2,2.056,172.45056658311245,103.63710727157671,2.0841959299163393,VISION,0.0,450.0,0,140.0,174.79,275.21,40.8,99.2,20.0,0.0
1779273863.5838108,174.79,99.2,2.056,171.7573110243783,104.86665327977735,2.119065430922166,VISION,0.0,450.0,0,140.0,174.79,275.21,40.8,99.2,20.0,0.0
1779273863.6338532,174.79,99.2,2.056,170.74254087179256,106.52823281179208,2.1689666345499785,VISION,0.0,450.0,0,140.0,174.79,275.21,40.8,99.2,20.0,0.0
1779273863.6837666,174.79,99.2,2.056,170.74254087179256,106.52823281179208,2.1689666345499785,VISION,0.0,450.0,0,140.0,174.79,275.21,40.8,99.2,20.0,0.0
1779273863.733775,174.79,99.2,2.056,170.74254087179256,106.52823281179208,2.1689666345499785,VISION,0.0,450.0,0,140.0,174.79,275.21,40.8,99.2,20.0,0.0
1779273863.7837777,174.79,99.2,2.056,168.9707442745771,109.12825621316634,2.194189963128268,VISION,0.0,450.0,0,140.0,174.79,275.21,40.8,99.2,20.0,0.0
1779273863.833773,174.79,99.2,2.056,168.9707442745771,109.12825621316634,2.194189963128268,VISION,0.0,450.0,0,140.0,174.79,275.21,40.8,99.2,20.0,0.0
1779273863.8838077,174.79,99.2,2.056,167.45534675363066,111.23577117709678,2.270213729835743,VISION,0.0,450.0,0,140.0,174.79,275.21,40.8,99.2,20.0,0.0
1779273863.9338007,174.79,99.2,2.056,167.45534675363066,111.23577117709678,2.270213729835743,VISION,0.0,450.0,0,140.0,174.79,275.21,40.8,99.2,20.0,0.0
1779273863.9839177,165.39860082350876,113.68051522672016,2.301773671662292,165.39860082350876,113.68051522672016,2.301773671662292,ESTIMA,0.0,450.0,0,140.0,165.399,284.601,26.319,113.681,20.0,0.0
1779273864.0338194,163.08,91.11,2.255,163.08,91.11,2.255,VISION,0.0,450.0,0,140.0,163.08,286.92,48.89,91.11,20.0,0.0
1779273864.0837924,163.08,91.11,2.255,161.39450078339902,93.1764802065809,2.32887909918705,VISION,0.0,450.0,0,140.0,163.08,286.92,48.89,91.11,20.0,0.0
1779273864.133759,163.08,91.11,2.255,161.39450078339902,93.1764802065809,2.32887909918705,VISION,0.0,450.0,0,140.0,163.08,286.92,48.89,91.11,20.0,0.0
1779273864.1838276,163.08,91.11,2.255,159.5759397522253,95.09720675082718,2.464611710250543,VISION,0.0,450.0,0,140.0,163.08,286.92,48.89,91.11,20.0,0.0
1779273864.2338057,163.08,91.11,2.255,159.5759397522253,95.09720675082718,2.464611710250543,VISION,0.0,450.0,0,140.0,163.08,286.92,48.89,91.11,20.0,0.0
1779273864.2837756,163.08,91.11,2.255,157.79246089046308,96.53055340433737,2.4803353400995074,VISION,0.0,450.0,0,140.0,163.08,286.92,48.89,91.11,20.0,0.0
1779273864.333764,163.08,91.11,2.255,157.79246089046308,96.53055340433737,2.4803353400995074,VISION,0.0,450.0,0,140.0,163.08,286.92,48.89,91.11,20.0,0.0
1779273864.383776,163.08,91.11,2.255,155.65676167461964,98.19238693289837,2.5566623112822042,VISION,0.0,450.0,0,140.0,163.08,286.92,48.89,91.11,20.0,0.0
1779273864.4337692,163.08,91.11,2.255,155.65676167461964,98.19238693289837,2.5566623112822042,VISION,0.0,450.0,0,140.0,163.08,286.92,48.89,91.11,20.0,0.0
1779273864.4838316,163.08,91.11,2.255,152.92896769791645,99.99883579510602,2.5908316439445147,VISION,0.0,450.0,0,140.0,163.08,286.92,48.89,91.11,20.0,0.0
1779273864.5338242,152.92896769791645,99.99883579510602,2.5908316439445147,152.92896769791645,99.99883579510602,2.5908316439445147,ESTIMA,0.0,450.0,0,140.0,152.929,297.071,40.001,99.999,20.0,0.0
1779273864.5838723,151.32285390072016,100.98523503887084,2.696647596355119,151.32285390072016,100.98523503887084,2.696647596355119,ESTIMA,0.0,450.0,0,140.0,151.323,298.677,39.015,100.985,20.0,0.0
1779273864.633859,153.73,80.24,2.525,153.73,80.24,2.525,VISION,0.0,450.0,0,140.0,153.73,296.27,59.76,80.24,20.0,0.0
1779273864.6838164,153.73,80.24,2.525,151.46800373751483,81.84325208776808,2.607868315931718,VISION,0.0,450.0,0,140.0,153.73,296.27,59.76,80.24,20.0,0.0
1779273864.7337666,153.73,80.24,2.525,151.46800373751483,81.84325208776808,2.607868315931718,VISION,0.0,450.0,0,140.0,153.73,296.27,59.76,80.24,20.0,0.0
1779273864.7838893,153.73,80.24,2.525,149.32185521981933,83.11147750899202,2.7435087730886565,VISION,0.0,450.0,0,140.0,153.73,296.27,59.76,80.24,20.0,0.0
1779273864.83378,153.73,80.24,2.525,149.32185521981933,83.11147750899202,2.7435087730886565,VISION,0.0,450.0,0,140.0,153.73,296.27,59.76,80.24,20.0,0.0
1779273864.8837638,153.73,80.24,2.525,149.32185521981933,83.11147750899202,2.7435087730886565,VISION,0.0,450.0,0,140.0,153.73,296.27,59.76,80.24,20.0,0.0
1779273864.9337974,153.73,80.24,2.525,147.21967689351084,83.99552003665362,2.943087227742814,VISION,0.0,450.0,0,140.0,153.73,296.27,59.76,80.24,20.0,0.0
1779273864.9838183,153.73,80.24,2.525,147.21967689351084,83.99552003665362,2.943087227742814,VISION,0.0,450.0,0,140.0,153.73,296.27,59.76,80.24,20.0,0.0
1779273865.0337682,153.73,80.24,2.525,144.39142207838128,84.564436269027,3.0992456278012432,VISION,0.0,450.0,0,140.0,153.73,296.27,59.76,80.24,20.0,0.0
1779273865.0839534,153.73,80.24,2.525,142.55329230940967,84.64232216014928,3.0927627397130784,VISION,0.0,450.0,0,140.0,153.73,296.27,59.76,80.24,20.0,0.0
1779273865.1337883,142.55329230940967,84.64232216014928,3.0927627397130784,142.55329230940967,84.64232216014928,3.0927627397130784,ESTIMA,0.0,450.0,0,140.0,142.553,307.447,55.358,84.642,20.0,0.0
1779273865.1842937,142.55329230940967,84.64232216014928,3.0927627397130784,145.06271602341232,67.32067289748127,2.8840521475020626,ESTIMA,0.0,450.0,0,140.0,142.553,307.447,55.358,84.642,20.0,0.0
1779273865.233801,147.56,66.43,2.799,147.56,66.43,2.799,VISION,0.0,450.0,0,140.0,147.56,302.44,73.57,66.43,20.0,0.0
1779273865.2837982,147.56,66.43,2.799,147.56,66.43,2.799,VISION,0.0,450.0,0,140.0,147.56,302.44,73.57,66.43,20.0,0.0
1779273865.3338056,147.56,66.43,2.799,144.2290025199748,67.6180223494209,2.8424237633138203,VISION,0.0,450.0,0,140.0,147.56,302.44,73.57,66.43,20.0,0.0
1779273865.3837864,147.56,66.43,2.799,142.07084684119215,68.28365333990065,2.867845763245592,VISION,0.0,450.0,0,140.0,147.56,302.44,73.57,66.43,20.0,0.0
1779273865.433813,147.56,66.43,2.799,142.07084684119215,68.28365333990065,2.867845763245592,VISION,0.0,450.0,0,140.0,147.56,302.44,73.57,66.43,20.0,0.0
1779273865.48384,147.56,66.43,2.799,139.12603058455866,69.11054663060557,2.9009302000803663,VISION,0.0,450.0,0,140.0,147.56,302.44,73.57,66.43,20.0,0.0
1779273865.5337894,147.56,66.43,2.799,139.12603058455866,69.11054663060557,2.9009302000803663,VISION,0.0,450.0,0,140.0,147.56,302.44,73.57,66.43,20.0,0.0
1779273865.5837924,147.56,66.43,2.799,139.12603058455866,69.11054663060557,2.9009302000803663,VISION,0.0,450.0,0,140.0,147.56,302.44,73.57,66.43,20.0,0.0
1779273865.6338592,147.56,66.43,2.799,136.16503627771405,69.83723072076359,2.998140955010019,VISION,0.0,450.0,0,140.0,147.56,302.44,73.57,66.43,20.0,0.0
1779273865.6837752,147.56,66.43,2.799,136.16503627771405,69.83723072076359,2.998140955010019,VISION,0.0,450.0,0,140.0,147.56,302.44,73.57,66.43,20.0,0.0
1779273865.7339132,136.16503627771405,69.83723072076359,2.998140955010019,133.51670652721654,70.21976571350098,3.24097373630071,ESTIMA,0.0,450.0,0,140.0,136.165,313.835,70.163,69.837,20.0,0.0
1779273865.7838745,133.51670652721654,70.21976571350098,3.24097373630071,133.51670652721654,70.21976571350098,3.24097373630071,ESTIMA,0.0,450.0,0,140.0,133.517,316.483,69.78,70.22,20.0,0.0
1779273865.8338256,133.51670652721654,70.21976571350098,3.24097373630071,133.51670652721654,70.21976571350098,3.24097373630071,ESTIMA,0.0,450.0,0,140.0,133.517,316.483,69.78,70.22,20.0,0.0
1779273865.883811,130.4126123406833,69.91025783906673,3.348728314735232,130.4126123406833,69.91025783906673,3.348728314735232,ESTIMA,0.0,450.0,0,140.0,130.413,319.587,70.09,69.91,20.0,0.0
1779273865.9340053,130.4126123406833,69.91025783906673,3.348728314735232,128.1655809774819,69.43804465124609,3.4270744592370717,ESTIMA,0.0,450.0,0,140.0,130.413,319.587,70.09,69.91,20.0,0.0
1779273865.9837885,128.1655809774819,69.43804465124609,3.4270744592370717,128.1655809774819,69.43804465124609,3.4270744592370717,ESTIMA,0.0,450.0,0,140.0,128.166,321.834,70.562,69.438,20.0,0.0
1779273866.033809,128.1655809774819,69.43804465124609,3.4270744592370717,128.1655809774819,69.43804465124609,3.4270744592370717,ESTIMA,0.0,450.0,0,140.0,128.166,321.834,70.562,69.438,20.0,0.0
1779273866.083803,125.2890014043825,68.59377188878034,3.527164573081788,125.2890014043825,68.59377188878034,3.527164573081788,ESTIMA,0.0,450.0,0,140.0,125.289,324.711,71.406,68.594,20.0,0.0
1779273866.1338086,123.27940205555218,67.77809960837217,3.595621021701563,123.27940205555218,67.77809960837217,3.595621021701563,ESTIMA,0.0,450.0,0,140.0,123.279,326.721,72.222,67.778,20.0,0.0
1779273866.1838279,123.27940205555218,67.77809960837217,3.595621021701563,123.27940205555218,67.77809960837217,3.595621021701563,ESTIMA,0.0,450.0,0,140.0,123.279,326.721,72.222,67.778,20.0,0.0
1779273866.2338126,123.27940205555218,67.77809960837217,3.595621021701563,123.27940205555218,67.77809960837217,3.595621021701563,ESTIMA,0.0,450.0,0,140.0,123.279,326.721,72.222,67.778,20.0,0.0
1779273866.2837777,120.19202563312129,66.27135761134166,3.7927687363206153,120.19202563312129,66.27135761134166,3.7927687363206153,ESTIMA,0.0,450.0,0,140.0,120.192,329.808,73.729,66.271,20.0,0.0
1779273866.3339498,120.19202563312129,66.27135761134166,3.7927687363206153,120.19202563312129,66.27135761134166,3.7927687363206153,ESTIMA,0.0,450.0,0,140.0,120.192,329.808,73.729,66.271,20.0,0.0
1779273866.3838565,118.8348131238934,65.2370777843111,3.8917565757575225,118.8348131238934,65.2370777843111,3.8917565757575225,ESTIMA,0.0,450.0,0,140.0,118.835,331.165,74.763,65.237,20.0,0.0
1779273866.4338038,118.8348131238934,65.2370777843111,3.8917565757575225,118.8348131238934,65.2370777843111,3.8917565757575225,ESTIMA,0.0,450.0,0,140.0,118.835,331.165,74.763,65.237,20.0,0.0
1779273866.4838054,116.49729378907112,63.05873722281033,4.0013305702165605,116.49729378907112,63.05873722281033,4.0013305702165605,ESTIMA,0.0,450.0,0,140.0,116.497,333.503,76.941,63.059,20.0,0.0
1779273866.5338397,115.62631427594468,62.0475819571209,4.0803757600748325,115.62631427594468,62.0475819571209,4.0803757600748325,ESTIMA,0.0,450.0,0,140.0,115.626,334.374,77.952,62.048,20.0,0.0
1779273866.58379,115.62631427594468,62.0475819571209,4.0803757600748325,115.62631427594468,62.0475819571209,4.0803757600748325,ESTIMA,0.0,450.0,0,140.0,115.626,334.374,77.952,62.048,20.0,0.0
1779273866.6338668,113.79484624365746,59.54626919976637,4.125305987246822,113.79484624365746,59.54626919976637,4.125305987246822,ESTIMA,0.0,450.0,0,140.0,113.795,336.205,80.454,59.546,20.0,0.0
1779273866.683774,113.79484624365746,59.54626919976637,4.125305987246822,113.79484624365746,59.54626919976637,4.125305987246822,ESTIMA,0.0,450.0,0,140.0,113.795,336.205,80.454,59.546,20.0,0.0
1779273866.7338119,112.60067176936664,57.75143348763823,4.247708689850714,112.60067176936664,57.75143348763823,4.247708689850714,ESTIMA,0.0,450.0,0,140.0,112.601,337.399,82.249,57.751,20.0,0.0
1779273866.7837996,112.60067176936664,57.75143348763823,4.247708689850714,112.60067176936664,57.75143348763823,4.247708689850714,ESTIMA,0.0,450.0,0,140.0,112.601,337.399,82.249,57.751,20.0,0.0
1779273866.8338506,111.28622291345837,55.12930882472326,4.342617251042004,111.28622291345837,55.12930882472326,4.342617251042004,ESTIMA,0.0,450.0,0,140.0,111.286,338.714,84.871,55.129,20.0,0.0
1779273866.8837776,111.28622291345837,55.12930882472326,4.342617251042004,111.28622291345837,55.12930882472326,4.342617251042004,ESTIMA,0.0,450.0,0,140.0,111.286,338.714,84.871,55.129,20.0,0.0
1779273866.9339259,111.28622291345837,55.12930882472326,4.342617251042004,111.28622291345837,55.12930882472326,4.342617251042004,ESTIMA,0.0,450.0,0,140.0,111.286,338.714,84.871,55.129,20.0,0.0
1779273866.9838455,166.97,28.1,-2.082,166.97,28.1,-2.082,VISION,0.0,450.0,0,140.0,166.97,283.03,111.9,28.1,20.0,0.0
1779273867.0338051,166.97,28.1,-2.082,166.97,28.1,-2.082,VISION,0.0,450.0,0,140.0,166.97,283.03,111.9,28.1,20.0,0.0
1779273867.0838072,166.97,28.1,-2.082,165.48764467427142,25.45737304995,-1.9781372391166925,VISION,0.0,450.0,0,140.0,166.97,283.03,111.9,28.1,20.0,0.0
1779273867.1337762,166.97,28.1,-2.082,165.48764467427142,25.45737304995,-1.9781372391166925,VISION,0.0,450.0,0,140.0,166.97,283.03,111.9,28.1,20.0,0.0
1779273867.1838033,166.97,28.1,-2.082,164.48393507347203,23.13113580338133,-1.8287501175108924,VISION,0.0,450.0,0,140.0,166.97,283.03,111.9,28.1,20.0,0.0
1779273867.233806,166.97,28.1,-2.082,164.48393507347203,23.13113580338133,-1.8287501175108924,VISION,0.0,450.0,0,140.0,166.97,283.03,111.9,28.1,20.0,0.0
1779273867.2837598,166.97,28.1,-2.082,163.95974303858495,21.14429342469915,-1.7598060570756027,VISION,0.0,450.0,0,140.0,166.97,283.03,111.9,28.1,20.0,0.0
1779273867.33376,166.97,28.1,-2.082,163.95974303858495,21.14429342469915,-1.7598060570756027,VISION,0.0,450.0,0,140.0,166.97,283.03,111.9,28.1,20.0,0.0
1779273867.3838077,166.97,28.1,-2.082,163.47397295565858,18.604891891194598,-1.612797492166944,VISION,0.0,450.0,0,140.0,166.97,283.03,111.9,28.1,20.0,0.0
1779273867.433842,166.97,28.1,-2.082,163.47397295565858,18.604891891194598,-1.612797492166944,VISION,0.0,450.0,0,140.0,166.97,283.03,111.9,28.1,20.0,0.0
1779273867.4838648,166.97,28.1,-2.082,163.47397295565858,18.604891891194598,-1.612797492166944,VISION,0.0,450.0,0,140.0,166.97,283.03,111.9,28.1,20.0,0.0
1779273867.5338466,183.13,24.32,-1.705,183.13,24.32,-1.705,VISION,0.0,450.0,0,140.0,183.13,266.87,115.68,24.32,20.0,0.0
1779273867.5838287,183.13,24.32,-1.705,182.86766157324985,22.376971419254538,-1.5913080588762734,VISION,0.0,450.0,0,140.0,183.13,266.87,115.68,24.32,20.0,0.0
1779273867.633864,183.13,24.32,-1.705,182.86766157324985,22.376971419254538,-1.5913080588762734,VISION,0.0,450.0,0,140.0,183.13,266.87,115.68,24.32,20.0,0.0
1779273867.6838183,183.13,24.32,-1.705,182.86766157324985,22.376971419254538,-1.5913080588762734,VISION,0.0,450.0,0,140.0,183.13,266.87,115.68,24.32,20.0,0.0
1779273867.7338064,183.13,24.32,-1.705,182.82574257648227,20.33359850659918,-1.3106654338575718,VISION,0.0,450.0,0,140.0,183.13,266.87,115.68,24.32,20.0,0.0
1779273867.783801,183.13,24.32,-1.705,183.2974792097678,18.56122994701816,-1.2468598917389255,VISION,0.0,450.0,0,140.0,183.13,266.87,115.68,24.32,20.0,0.0
1779273867.8337743,183.13,24.32,-1.705,183.2974792097678,18.56122994701816,-1.2468598917389255,VISION,0.0,450.0,0,140.0,183.13,266.87,115.68,24.32,20.0,0.0
1779273867.8838072,183.13,24.32,-1.705,184.22075423336838,15.811455116029329,-1.1477198038483634,VISION,0.0,450.0,0,140.0,183.13,266.87,115.68,24.32,20.0,0.0
1779273867.933808,183.13,24.32,-1.705,184.22075423336838,15.811455116029329,-1.1477198038483634,VISION,0.0,450.0,0,140.0,183.13,266.87,115.68,24.32,20.0,0.0
1779273867.9837973,183.13,24.32,-1.705,185.09325143886574,13.873725168956078,-1.0258408200218825,VISION,0.0,450.0,0,140.0,183.13,266.87,115.68,24.32,20.0,0.0
1779273868.033785,185.09325143886574,13.873725168956078,-1.0258408200218825,185.09325143886574,13.873725168956078,-1.0258408200218825,ESTIMA,0.0,450.0,0,140.0,185.093,264.907,126.126,13.874,20.0,0.0
1779273868.08389,186.3895310917439,11.735305639781123,-0.8832930003397036,186.3895310917439,11.735305639781123,-0.8832930003397036,ESTIMA,0.0,450.0,0,140.0,186.39,263.61,128.265,11.735,20.0,0.0
1779273868.1340177,199.59,26.2,-1.41,199.59,26.2,-1.41,VISION,0.0,450.0,0,140.0,199.59,250.41,113.8,26.2,20.0,0.0
1779273868.1838193,199.59,26.2,-1.41,199.96859522481435,23.86582560439277,-1.2726273784746014,VISION,0.0,450.0,0,140.0,199.59,250.41,113.8,26.2,20.0,0.0
1779273868.2339115,199.59,26.2,-1.41,199.96859522481435,23.86582560439277,-1.2726273784746014,VISION,0.0,450.0,0,140.0,199.59,250.41,113.8,26.2,20.0,0.0
1779273868.2838314,199.59,26.2,-1.41,200.7810368842866,21.22228706753351,-1.108983307839768,VISION,0.0,450.0,0,140.0,199.59,250.41,113.8,26.2,20.0,0.0
1779273868.3337798,199.59,26.2,-1.41,200.7810368842866,21.22228706753351,-1.108983307839768,VISION,0.0,450.0,0,140.0,199.59,250.41,113.8,26.2,20.0,0.0
1779273868.3838253,199.59,26.2,-1.41,201.7121005733447,19.351587626478345,-0.917183295939098,VISION,0.0,450.0,0,140.0,199.59,250.41,113.8,26.2,20.0,0.0
1779273868.43379,199.59,26.2,-1.41,201.7121005733447,19.351587626478345,-0.917183295939098,VISION,0.0,450.0,0,140.0,199.59,250.41,113.8,26.2,20.0,0.0
1779273868.4840677,199.59,26.2,-1.41,201.7121005733447,19.351587626478345,-0.917183295939098,VISION,0.0,450.0,0,140.0,199.59,250.41,113.8,26.2,20.0,0.0
1779273868.533893,199.59,26.2,-1.41,203.93834748858865,16.44496092145496,-0.7916140340812904,VISION,0.0,450.0,0,140.0,199.59,250.41,113.8,26.2,20.0,0.0
1779273868.5838594,199.59,26.2,-1.41,204.8978507888293,15.473454560281699,-0.7468985063541608,VISION,0.0,450.0,0,140.0,199.59,250.41,113.8,26.2,20.0,0.0
1779273868.6337893,199.59,26.2,-1.41,204.8978507888293,15.473454560281699,-0.7468985063541608,VISION,0.0,450.0,0,140.0,199.59,250.41,113.8,26.2,20.0,0.0
1779273868.68434,204.8978507888293,15.473454560281699,-0.7468985063541608,215.85,31.53,-1.245,ESTIMA,0.0,450.0,0,140.0,204.898,245.102,124.527,15.473,20.0,0.0
1779273868.7338393,215.85,31.53,-1.245,215.85,31.53,-1.245,VISION,0.0,450.0,0,140.0,215.85,234.15,108.47,31.53,20.0,0.0
1779273868.7838233,215.85,31.53,-1.245,216.54432608969995,29.47477587477278,-1.1732126579765008,VISION,0.0,450.0,0,140.0,215.85,234.15,108.47,31.53,20.0,0.0
1779273868.833793,215.85,31.53,-1.245,216.54432608969995,29.47477587477278,-1.1732126579765008,VISION,0.0,450.0,0,140.0,215.85,234.15,108.47,31.53,20.0,0.0
1779273868.8839345,215.85,31.53,-1.245,216.54432608969995,29.47477587477278,-1.1732126579765008,VISION,0.0,450.0,0,140.0,215.85,234.15,108.47,31.53,20.0,0.0
1779273868.9337902,215.85,31.53,-1.245,217.68267329677505,26.76408886764122,-1.001023286651394,VISION,0.0,450.0,0,140.0,215.85,234.15,108.47,31.53,20.0,0.0
1779273868.9840379,215.85,31.53,-1.245,218.89505753916086,24.871655742721206,-0.8672992710378385,VISION,0.0,450.0,0,140.0,215.85,234.15,108.47,31.53,20.0,0.0
1779273869.0337858,215.85,31.53,-1.245,218.89505753916086,24.871655742721206,-0.8672992710378385,VISION,0.0,450.0,0,140.0,215.85,234.15,108.47,31.53,20.0,0.0
1779273869.083988,215.85,31.53,-1.245,220.64748763851367,22.805802939393853,-0.7752406006830791,VISION,0.0,450.0,0,140.0,215.85,234.15,108.47,31.53,20.0,0.0
1779273869.1338108,215.85,31.53,-1.245,220.64748763851367,22.805802939393853,-0.7752406006830791,VISION,0.0,450.0,0,140.0,215.85,234.15,108.47,31.53,20.0,0.0
1779273869.1837904,215.85,31.53,-1.245,220.64748763851367,22.805802939393853,-0.7752406006830791,VISION,0.0,450.0,0,140.0,215.85,234.15,108.47,31.53,20.0,0.0
1779273869.2338107,222.96255160289311,20.537298460221475,-0.6678142479813315,222.96255160289311,20.537298460221475,-0.6678142479813315,ESTIMA,0.0,450.0,0,140.0,222.963,227.037,119.463,20.537,20.0,0.0
1779273869.2839508,231.32,38.99,-1.109,231.32,38.99,-1.109,VISION,0.0,450.0,0,140.0,231.32,218.68,101.01,38.99,20.0,0.0
1779273869.3337939,231.32,38.99,-1.109,232.60373000064502,36.4106130924087,-1.0183126152451503,VISION,0.0,450.0,0,140.0,231.32,218.68,101.01,38.99,20.0,0.0
1779273869.383799,231.32,38.99,-1.109,232.60373000064502,36.4106130924087,-1.0183126152451503,VISION,0.0,450.0,0,140.0,231.32,218.68,101.01,38.99,20.0,0.0
1779273869.4338303,231.32,38.99,-1.109,233.45473590494424,35.03029260822076,-0.8718183675803817,VISION,0.0,450.0,0,140.0,231.32,218.68,101.01,38.99,20.0,0.0
1779273869.483855,231.32,38.99,-1.109,233.45473590494424,35.03029260822076,-0.8718183675803817,VISION,0.0,450.0,0,140.0,231.32,218.68,101.01,38.99,20.0,0.0
1779273869.5338163,231.32,38.99,-1.109,234.71562232604433,33.530206606382094,-0.693019670177147,VISION,0.0,450.0,0,140.0,231.32,218.68,101.01,38.99,20.0,0.0
1779273869.5838077,231.32,38.99,-1.109,234.71562232604433,33.530206606382094,-0.693019670177147,VISION,0.0,450.0,0,140.0,231.32,218.68,101.01,38.99,20.0,0.0
1779273869.633823,231.32,38.99,-1.109,236.74577398529073,31.8443170769292,-0.5406890845996046,VISION,0.0,450.0,0,140.0,231.32,218.68,101.01,38.99,20.0,0.0
1779273869.6837766,231.32,38.99,-1.109,236.74577398529073,31.8443170769292,-0.5406890845996046,VISION,0.0,450.0,0,140.0,231.32,218.68,101.01,38.99,20.0,0.0
1779273869.7337768,231.32,38.99,-1.109,236.74577398529073,31.8443170769292,-0.5406890845996046,VISION,0.0,450.0,0,140.0,231.32,218.68,101.01,38.99,20.0,0.0
1779273869.7837887,231.32,38.99,-1.109,239.74963349667945,30.040899872808275,-0.33843113649087264,VISION,0.0,450.0,0,140.0,231.32,218.68,101.01,38.99,20.0,0.0
1779273869.8339653,239.74963349667945,30.040899872808275,-0.33843113649087264,241.35644861673606,29.47534484776339,-0.24161330374917794,ESTIMA,0.0,450.0,0,140.0,239.75,210.25,109.959,30.041,20.0,0.0
1779273869.884131,241.35644861673606,29.47534484776339,-0.24161330374917794,245.23,48.16,-0.945,ESTIMA,0.0,450.0,0,140.0,241.356,208.644,110.525,29.475,20.0,0.0
1779273869.9339998,245.23,48.16,-0.945,245.23,48.16,-0.945,VISION,0.0,450.0,0,140.0,245.23,204.77,91.84,48.16,20.0,0.0
1779273869.983851,245.23,48.16,-0.945,247.24056769868412,45.37796198754027,-0.7526885317377642,VISION,0.0,450.0,0,140.0,245.23,204.77,91.84,48.16,20.0,0.0
1779273870.0337772,245.23,48.16,-0.945,247.24056769868412,45.37796198754027,-0.7526885317377642,VISION,0.0,450.0,0,140.0,245.23,204.77,91.84,48.16,20.0,0.0
1779273870.0837762,245.23,48.16,-0.945,248.78175437151435,43.934438904657945,-0.7257351914940647,VISION,0.0,450.0,0,140.0,245.23,204.77,91.84,48.16,20.0,0.0
1779273870.1337748,245.23,48.16,-0.945,248.78175437151435,43.934438904657945,-0.7257351914940647,VISION,0.0,450.0,0,140.0,245.23,204.77,91.84,48.16,20.0,0.0
1779273870.1837876,245.23,48.16,-0.945,250.60635975403534,42.315528060215236,-0.5851193250919248,VISION,0.0,450.0,0,140.0,245.23,204.77,91.84,48.16,20.0,0.0
1779273870.2338767,245.23,48.16,-0.945,252.13733848435504,41.30123947990059,-0.558506817546905,VISION,0.0,450.0,0,140.0,245.23,204.77,91.84,48.16,20.0,0.0
1779273870.2837973,245.23,48.16,-0.945,252.13733848435504,41.30123947990059,-0.558506817546905,VISION,0.0,450.0,0,140.0,245.23,204.77,91.84,48.16,20.0,0.0
1779273870.3338182,245.23,48.16,-0.945,254.3021341345848,39.94852063953078,-0.41108471369769206,VISION,0.0,450.0,0,140.0,245.23,204.77,91.84,48.16,20.0,0.0
1779273870.3838143,245.23,48.16,-0.945,254.3021341345848,39.94852063953078,-0.41108471369769206,VISION,0.0,450.0,0,140.0,245.23,204.77,91.84,48.16,20.0,0.0
1779273870.4340205,245.23,48.16,-0.945,254.3021341345848,39.94852063953078,-0.41108471369769206,VISION,0.0,450.0,0,140.0,245.23,204.77,91.84,48.16,20.0,0.0
1779273870.4838452,253.95,60.3,-0.581,253.95,60.3,-0.581,VISION,0.0,450.0,0,140.0,253.95,196.05,79.7,60.3,20.0,0.0
1779273870.5339186,253.95,60.3,-0.581,258.5499893452243,57.45436375170525,-0.4076507074741427,VISION,0.0,450.0,0,140.0,253.95,196.05,79.7,60.3,20.0,0.0
1779273870.5838165,253.95,60.3,-0.581,258.5499893452243,57.45436375170525,-0.4076507074741427,VISION,0.0,450.0,0,140.0,253.95,196.05,79.7,60.3,20.0,0.0
1779273870.633982,253.95,60.3,-0.581,260.665915309595,56.540620242303454,-0.27761361856012157,VISION,0.0,450.0,0,140.0,253.95,196.05,79.7,60.3,20.0,0.0
1779273870.6837842,253.95,60.3,-0.581,260.665915309595,56.540620242303454,-0.27761361856012157,VISION,0.0,450.0,0,140.0,253.95,196.05,79.7,60.3,20.0,0.0
1779273870.7337797,253.95,60.3,-0.581,260.665915309595,56.540620242303454,-0.27761361856012157,VISION,0.0,450.0,0,140.0,253.95,196.05,79.7,60.3,20.0,0.0
1779273870.7837808,253.95,60.3,-0.581,263.9023988422846,55.618311803626575,-0.16529654694796267,VISION,0.0,450.0,0,140.0,253.95,196.05,79.7,60.3,20.0,0.0
1779273870.8337998,253.95,60.3,-0.581,263.9023988422846,55.618311803626575,-0.16529654694796267,VISION,0.0,450.0,0,140.0,253.95,196.05,79.7,60.3,20.0,0.0
1779273870.8838167,253.95,60.3,-0.581,266.19252517505845,55.23627602634094,0.04694256706748953,VISION,0.0,450.0,0,140.0,253.95,196.05,79.7,60.3,20.0,0.0
1779273870.9338357,253.95,60.3,-0.581,266.19252517505845,55.23627602634094,0.04694256706748953,VISION,0.0,450.0,0,140.0,253.95,196.05,79.7,60.3,20.0,0.0
1779273870.9840026,269.4562974437261,55.38959851221599,0.09634988599429424,269.4562974437261,55.38959851221599,0.09634988599429424,ESTIMA,0.0,450.0,0,140.0,269.456,180.544,84.61,55.39,20.0,0.0
1779273871.034058,269.4562974437261,55.38959851221599,0.09634988599429424,257.81,75.04,-0.256,ESTIMA,0.0,450.0,0,140.0,269.456,180.544,84.61,55.39,20.0,0.0
1779273871.0840433,257.81,75.04,-0.256,257.81,75.04,-0.256,VISION,0.0,450.0,0,140.0,257.81,192.19,64.96,75.04,20.0,0.0
1779273871.1338103,257.81,75.04,-0.256,260.72731022961995,74.27641446331783,-0.15611667642105498,VISION,0.0,450.0,0,140.0,257.81,192.19,64.96,75.04,20.0,0.0
1779273871.1837995,257.81,75.04,-0.256,260.72731022961995,74.27641446331783,-0.15611667642105498,VISION,0.0,450.0,0,140.0,257.81,192.19,64.96,75.04,20.0,0.0
1779273871.2338245,257.81,75.04,-0.256,263.2325602940426,73.88209442160736,-0.011999867472234804,VISION,0.0,450.0,0,140.0,257.81,192.19,64.96,75.04,20.0,0.0
1779273871.2838013,257.81,75.04,-0.256,263.2325602940426,73.88209442160736,-0.011999867472234804,VISION,0.0,450.0,0,140.0,257.81,192.19,64.96,75.04,20.0,0.0
1779273871.3337822,257.81,75.04,-0.256,265.48941262542144,73.85501119274767,0.062334577237818364,VISION,0.0,450.0,0,140.0,257.81,192.19,64.96,75.04,20.0,0.0
1779273871.383828,257.81,75.04,-0.256,267.6694254832219,73.99107765153565,0.1359465333848784,VISION,0.0,450.0,0,140.0,257.81,192.19,64.96,75.04,20.0,0.0
1779273871.4337895,257.81,75.04,-0.256,267.6694254832219,73.99107765153565,0.1359465333848784,VISION,0.0,450.0,0,140.0,257.81,192.19,64.96,75.04,20.0,0.0
1779273871.4838443,257.81,75.04,-0.256,270.35921666809344,74.35901490889478,0.22967350420228333,VISION,0.0,450.0,0,140.0,257.81,192.19,64.96,75.04,20.0,0.0
1779273871.5338433,257.81,75.04,-0.256,270.35921666809344,74.35901490889478,0.22967350420228333,VISION,0.0,450.0,0,140.0,257.81,192.19,64.96,75.04,20.0,0.0
1779273871.583888,257.81,75.04,-0.256,270.35921666809344,74.35901490889478,0.22967350420228333,VISION,0.0,450.0,0,140.0,257.81,192.19,64.96,75.04,20.0,0.0
1779273871.634229,257.42,91.08,0.017,257.42,91.08,0.017,ESTIMA,0.0,450.0,0,140.0,257.42,192.58,48.92,91.08,0.0,0.0
1779273871.6839797,257.42,91.08,0.017,257.42,91.08,0.017,VISION,0.0,450.0,0,140.0,257.42,192.58,48.92,91.08,0.0,0.0
1779273871.7338068,257.42,91.08,0.017,258.88511575335525,91.10490936745568,0.10119153219554686,VISION,0.0,450.0,0,140.0,257.42,192.58,48.92,91.08,0.0,0.0
1779273871.783863,257.42,91.08,0.017,260.62446306066903,91.28151981261496,0.17824936338185332,VISION,0.0,450.0,0,140.0,257.42,192.58,48.92,91.08,0.0,0.0
1779273871.8337944,257.42,91.08,0.017,260.62446306066903,91.28151981261496,0.17824936338185332,VISION,0.0,450.0,0,140.0,257.42,192.58,48.92,91.08,0.0,0.0
1779273871.8837984,257.42,91.08,0.017,260.62446306066903,91.28151981261496,0.17824936338185332,VISION,0.0,450.0,0,140.0,257.42,192.58,48.92,91.08,0.0,0.0
1779273871.9338393,257.42,91.08,0.017,262.59268902744236,91.63611835094349,0.1751942820847569,VISION,0.0,450.0,0,140.0,257.42,192.58,48.92,91.08,0.0,0.0
1779273871.9838219,257.42,91.08,0.017,262.59268902744236,91.63611835094349,0.1751942820847569,VISION,0.0,450.0,0,140.0,257.42,192.58,48.92,91.08,0.0,0.0
1779273872.033804,257.42,91.08,0.017,263.34761255402657,91.7697465940651,0.10299369904371054,VISION,0.0,450.0,0,140.0,257.42,192.58,48.92,91.08,0.0,0.0
1779273872.0838876,257.42,91.08,0.017,263.34761255402657,91.7697465940651,0.1029936990437103,VISION,0.0,450.0,0,140.0,257.42,192.58,48.92,91.08,0.0,0.0
1779273872.1337972,257.42,91.08,0.017,263.34761255402657,91.7697465940651,0.1029936990437103,VISION,0.0,450.0,0,140.0,257.42,192.58,48.92,91.08,0.0,0.0
1779273872.184081,263.34761255402657,91.7697465940651,0.10299369904370996,263.34761255402657,91.7697465940651,0.10299369904370996,ESTIMA,0.0,450.0,0,140.0,263.348,186.652,48.23,91.77,-20.0,0.0
1779273872.2341266,253.15,106.47,0.265,253.15,106.47,0.265,ESTIMA,0.0,450.0,0,140.0,253.15,196.85,33.53,106.47,-20.0,0.0
1779273872.2838194,253.15,106.47,0.265,253.15,106.47,0.265,VISION,0.0,450.0,0,140.0,253.15,196.85,33.53,106.47,-20.0,0.0
1779273872.3338532,253.15,106.47,0.265,253.15,106.47,0.26499999999999946,VISION,0.0,450.0,0,140.0,253.15,196.85,33.53,106.47,-20.0,0.0
1779273872.383977,253.15,106.47,0.265,253.15,106.47,0.26499999999999946,VISION,0.0,450.0,0,140.0,253.15,196.85,33.53,106.47,-20.0,0.0
1779273872.4338272,253.15,106.47,0.265,255.69612264059907,107.16097326609548,0.4820363119933887,VISION,0.0,450.0,0,140.0,253.15,196.85,33.53,106.47,-20.0,0.0
1779273872.4838085,253.15,106.47,0.265,255.69612264059907,107.16097326609548,0.4820363119933887,VISION,0.0,450.0,0,140.0,253.15,196.85,33.53,106.47,-20.0,0.0
1779273872.5338595,253.15,106.47,0.265,259.6692649298257,109.23972854164086,0.8134853278574522,VISION,0.0,450.0,0,140.0,253.15,196.85,33.53,106.47,-20.0,0.0
1779273872.5838614,253.15,106.47,0.265,259.6692649298257,109.23972854164086,0.8134853278574522,VISION,0.0,450.0,0,140.0,253.15,196.85,33.53,106.47,-20.0,0.0
1779273872.6338387,253.15,106.47,0.265,262.89975824974846,112.65698748777008,1.160156485284543,VISION,0.0,450.0,0,140.0,253.15,196.85,33.53,106.47,-20.0,0.0
1779273872.6838117,253.15,106.47,0.265,262.89975824974846,112.65698748777008,1.160156485284543,VISION,0.0,450.0,0,140.0,253.15,196.85,33.53,106.47,-20.0,0.0
1779273872.7338028,253.15,106.47,0.265,264.44264002629336,116.20064774755517,1.594682945166158,VISION,0.0,450.0,0,140.0,253.15,196.85,33.53,106.47,-20.0,0.0
1779273872.784488,264.44264002629336,116.20064774755517,1.594682945166158,250.59,111.52,0.324,ESTIMA,0.0,450.0,0,140.0,264.443,185.557,23.799,116.201,-20.0,0.0
1779273872.8341398,250.59,111.52,0.324,254.94797650926,112.9835592849033,0.7457501890702916,VISION,0.0,450.0,0,140.0,250.59,199.41,28.48,111.52,-20.0,0.0
1779273872.883807,250.59,111.52,0.324,254.94797650926,112.9835592849033,0.7457501890702916,VISION,0.0,450.0,0,140.0,250.59,199.41,28.48,111.52,-20.0,0.0
1779273872.9338295,250.59,111.52,0.324,257.52544955074785,115.36434436296476,1.004437644770274,VISION,0.0,450.0,0,140.0,250.59,199.41,28.48,111.52,-20.0,0.0
1779273872.9837952,250.59,111.52,0.324,257.52544955074785,115.36434436296476,1.004437644770274,VISION,0.0,450.0,0,140.0,250.59,199.41,28.48,111.52,-20.0,0.0
1779273873.0337884,250.59,111.52,0.324,259.84266216053834,119.00865904909713,1.3988015633315893,VISION,0.0,450.0,0,140.0,250.59,199.41,28.48,111.52,-20.0,0.0
1779273873.083783,250.59,111.52,0.324,259.84266216053834,119.00865904909713,1.3988015633315893,VISION,0.0,450.0,0,140.0,250.59,199.41,28.48,111.52,-20.0,0.0
1779273873.1338465,250.59,111.52,0.324,259.84266216053834,119.00865904909713,1.3988015633315893,VISION,0.0,450.0,0,140.0,250.59,199.41,28.48,111.52,-20.0,0.0
1779273873.1837945,250.59,111.52,0.324,260.68128517799795,123.83634803535564,1.9505345555379978,VISION,0.0,450.0,0,140.0,250.59,199.41,28.48,111.52,-20.0,0.0
1779273873.2338188,250.59,111.52,0.324,259.61318759256136,126.51255176135761,2.1629655227256706,VISION,0.0,450.0,0,140.0,250.59,199.41,28.48,111.52,-20.0,0.0
1779273873.2837844,250.59,111.52,0.324,259.61318759256136,126.51255176135761,2.1629655227256706,VISION,0.0,450.0,0,140.0,250.59,199.41,28.48,111.52,-20.0,0.0
1779273873.3342423,250.59,111.52,0.324,256.8451873382358,130.6273020675824,2.5284177490289728,VISION,0.0,450.0,0,140.0,250.59,199.41,28.48,111.52,-20.0,0.0
1779273873.384143,252.51,107.13,0.412,252.51,107.13,0.412,ESTIMA,0.0,450.0,0,140.0,252.51,197.49,32.87,107.13,-20.0,0.0
1779273873.4338126,252.51,107.13,0.412,252.51,107.13,0.412,VISION,0.0,450.0,0,140.0,252.51,197.49,32.87,107.13,-20.0,0.0
1779273873.483799,252.51,107.13,0.412,257.90439686840926,109.48741122882502,0.9507129555391611,VISION,0.0,450.0,0,140.0,252.51,197.49,32.87,107.13,-20.0,0.0
1779273873.5338297,252.51,107.13,0.412,257.90439686840926,109.48741122882502,0.9507129555391611,VISION,0.0,450.0,0,140.0,252.51,197.49,32.87,107.13,-20.0,0.0
1779273873.5838861,252.51,107.13,0.412,259.52231145240955,111.75328735942541,1.2049513182899791,VISION,0.0,450.0,0,140.0,252.51,197.49,32.87,107.13,-20.0,0.0
1779273873.6340237,252.51,107.13,0.412,259.52231145240955,111.75328735942541,1.2049513182899791,VISION,0.0,450.0,0,140.0,252.51,197.49,32.87,107.13,-20.0,0.0
1779273873.6838603,252.51,107.13,0.412,260.779472806603,115.0349152824732,1.5997640587157225,VISION,0.0,450.0,0,140.0,252.51,197.49,32.87,107.13,-20.0,0.0
1779273873.7338083,252.51,107.13,0.412,260.779472806603,115.0349152824732,1.5997640587157225,VISION,0.0,450.0,0,140.0,252.51,197.49,32.87,107.13,0.0,0.0
1779273873.7838101,252.51,107.13,0.412,260.64530141199424,119.66537319397538,2.024820135193376,VISION,0.0,450.0,0,140.0,252.51,197.49,32.87,107.13,0.0,0.0
1779273873.833793,252.51,107.13,0.412,260.64530141199424,119.66537319397538,2.024820135193376,VISION,0.0,450.0,0,140.0,252.51,197.49,32.87,107.13,0.0,0.0
1779273873.883808,252.51,107.13,0.412,258.69693301086033,123.65770649582805,2.4303586940459434,VISION,0.0,450.0,0,140.0,252.51,197.49,32.87,107.13,0.0,0.0
1779273873.9339242,258.69693301086033,123.65770649582805,2.4303586940459434,258.69693301086033,123.65770649582805,2.4303586940459434,ESTIMA,0.0,450.0,0,140.0,258.697,191.303,16.342,123.658,0.0,0.0
1779273873.9839087,255.32,100.05,1.094,255.32,100.05,1.094,VISION,0.0,450.0,0,140.0,255.32,194.68,39.95,100.05,0.0,0.0
1779273874.0338156,255.32,100.05,1.094,255.32,100.05,1.094,VISION,0.0,450.0,0,140.0,255.32,194.68,39.95,100.05,0.0,0.0
1779273874.0837946,255.32,100.05,1.094,255.85431482729805,101.08440005815656,0.9334139262373173,VISION,0.0,450.0,0,140.0,255.32,194.68,39.95,100.05,0.0,0.0
1779273874.13379,255.32,100.05,1.094,255.85431482729805,101.08440005815656,0.9334139262373173,VISION,0.0,450.0,0,140.0,255.32,194.68,39.95,100.05,0.0,0.0
1779273874.1837995,255.32,100.05,1.094,256.2312608735563,101.59345429579881,0.8460452538150296,VISION,0.0,450.0,0,140.0,255.32,194.68,39.95,100.05,0.0,0.0
1779273874.4338355,255.32,100.05,1.094,256.2312608735563,101.59345429579881,0.8460452538150289,VISION,0.0,450.0,0,140.0,255.32,194.68,39.95,100.05,20.0,0.0
1779273874.4838364,255.32,100.05,1.094,256.2312608735563,101.59345429579881,0.8460452538150289,VISION,0.0,450.0,0,140.0,255.32,194.68,39.95,100.05,20.0,0.0
1779273874.5340242,256.2312608735563,101.59345429579881,0.8460452538150284,256.2312608735563,101.59345429579881,0.8460452538150284,ESTIMA,0.0,450.0,0,140.0,256.231,193.769,38.407,101.593,20.0,0.0
1779273874.5842788,261.14,96.0,2.049,260.58234637159745,97.07586646646624,1.9812744410389986,VISION,0.0,450.0,0,140.0,261.14,188.86,44.0,96.0,20.0,0.0
1779273874.633821,261.14,96.0,2.049,260.58234637159745,97.07586646646624,1.9812744410389986,VISION,0.0,450.0,0,140.0,261.14,188.86,44.0,96.0,20.0,0.0
1779273874.6839468,261.14,96.0,2.049,259.6537883490225,99.20950283045599,1.931007510722216,VISION,0.0,450.0,0,140.0,261.14,188.86,44.0,96.0,20.0,0.0
1779273874.7338336,261.14,96.0,2.049,259.6537883490225,99.20950283045599,1.931007510722216,VISION,0.0,450.0,0,140.0,261.14,188.86,44.0,96.0,20.0,0.0
1779273874.7838004,261.14,96.0,2.049,259.0424140171155,100.83271831335539,1.990511812643592,VISION,0.0,450.0,0,140.0,261.14,188.86,44.0,96.0,20.0,0.0
1779273874.8338056,261.14,96.0,2.049,259.0424140171155,100.83271831335539,1.990511812643592,VISION,0.0,450.0,0,140.0,261.14,188.86,44.0,96.0,20.0,0.0
1779273874.8840575,261.14,96.0,2.049,259.0424140171155,100.83271831335539,1.990511812643592,VISION,0.0,450.0,0,140.0,261.14,188.86,44.0,96.0,20.0,0.0
1779273874.9338582,261.14,96.0,2.049,258.33205760511714,102.42461999131382,2.1239956560460382,VISION,0.0,450.0,0,140.0,261.14,188.86,44.0,96.0,20.0,0.0
1779273874.9840896,261.14,96.0,2.049,257.4367100664164,103.87453834859599,2.1910737618767056,VISION,0.0,450.0,0,140.0,261.14,188.86,44.0,96.0,20.0,0.0
1779273875.033819,261.14,96.0,2.049,257.4367100664164,103.87453834859599,2.1910737618767056,VISION,0.0,450.0,0,140.0,261.14,188.86,44.0,96.0,20.0,0.0
1779273875.083945,261.14,96.0,2.049,255.90508668688483,106.0186843747174,2.1812740662683785,VISION,0.0,450.0,0,140.0,261.14,188.86,44.0,96.0,20.0,0.0
1779273875.1342378,261.69,95.71,2.147,261.69,95.71,2.147,ESTIMA,0.0,450.0,0,140.0,261.69,188.31,44.29,95.71,20.0,0.0
1779273875.1838396,261.69,95.71,2.147,261.69,95.71,2.147,VISION,0.0,450.0,0,140.0,261.69,188.31,44.29,95.71,20.0,0.0
1779273875.2341757,261.69,95.71,2.147,261.69,95.71,2.147,VISION,0.0,450.0,0,140.0,261.69,188.31,44.29,95.71,20.0,0.0
1779273875.2838495,261.69,95.71,2.147,259.88192898190624,98.49269229553393,2.2970935887288784,VISION,0.0,450.0,0,140.0,261.69,188.31,44.29,95.71,20.0,0.0
1779273875.3338535,261.69,95.71,2.147,259.04916413388156,99.43020407385272,2.355898042822259,VISION,0.0,450.0,0,140.0,261.69,188.31,44.29,95.71,20.0,0.0
1779273875.383821,261.69,95.71,2.147,259.04916413388156,99.43020407385272,2.355898042822259,VISION,0.0,450.0,0,140.0,261.69,188.31,44.29,95.71,20.0,0.0
1779273875.4338233,261.69,95.71,2.147,257.23331976514265,101.24712536644962,2.414492716507573,VISION,0.0,450.0,0,140.0,261.69,188.31,44.29,95.71,20.0,0.0
1779273875.483868,261.69,95.71,2.147,257.23331976514265,101.24712536644962,2.414492716507573,VISION,0.0,450.0,0,140.0,261.69,188.31,44.29,95.71,20.0,0.0
1779273875.5339854,261.69,95.71,2.147,255.0452342498145,103.19388337755204,2.424141991001478,VISION,0.0,450.0,0,140.0,261.69,188.31,44.29,95.71,20.0,0.0
1779273875.5838554,261.69,95.71,2.147,255.0452342498145,103.19388337755204,2.424141991001478,VISION,0.0,450.0,0,140.0,261.69,188.31,44.29,95.71,20.0,0.0
1779273875.6339054,261.69,95.71,2.147,253.28255952121106,104.73193613334547,2.4729157534388437,VISION,0.0,450.0,0,140.0,261.69,188.31,44.29,95.71,20.0,0.0
1779273875.683965,253.28255952121106,104.73193613334547,2.4729157534388437,253.28255952121106,104.73193613334547,2.4729157534388437,ESTIMA,0.0,450.0,0,140.0,253.283,196.717,35.268,104.732,20.0,0.0
1779273875.7339172,254.69,88.16,2.37,254.69,88.16,2.37,VISION,0.0,450.0,0,140.0,254.69,195.31,51.84,88.16,20.0,0.0
1779273875.7838488,254.69,88.16,2.37,254.69,88.16,2.37,VISION,0.0,450.0,0,140.0,254.69,195.31,51.84,88.16,20.0,0.0
1779273875.8338423,254.69,88.16,2.37,254.69,88.16,2.37,VISION,0.0,450.0,0,140.0,254.69,195.31,51.84,88.16,20.0,0.0
1779273875.8838418,254.69,88.16,2.37,251.98231405105201,90.79393742965131,2.3736493389996265,VISION,0.0,450.0,0,140.0,254.69,195.31,51.84,88.16,20.0,0.0
1779273875.9338434,254.69,88.16,2.37,251.98231405105201,90.79393742965131,2.3736493389996265,VISION,0.0,450.0,0,140.0,254.69,195.31,51.84,88.16,20.0,0.0
1779273875.9838576,254.69,88.16,2.37,249.85005787935654,92.85302686668416,2.3827808432343813,VISION,0.0,450.0,0,140.0,254.69,195.31,51.84,88.16,20.0,0.0
1779273876.0338397,254.69,88.16,2.37,249.85005787935654,92.85302686668416,2.3827808432343813,VISION,0.0,450.0,0,140.0,254.69,195.31,51.84,88.16,20.0,0.0
1779273876.083819,254.69,88.16,2.37,247.43536664119156,95.14261889298224,2.3999614242086755,VISION,0.0,450.0,0,140.0,254.69,195.31,51.84,88.16,20.0,0.0
1779273876.1338286,254.69,88.16,2.37,247.43536664119156,95.14261889298224,2.3999614242086755,VISION,0.0,450.0,0,140.0,254.69,195.31,51.84,88.16,20.0,0.0
1779273876.1838431,254.69,88.16,2.37,246.0956008699512,96.36995853602289,2.492772985284125,VISION,0.0,450.0,0,140.0,254.69,195.31,51.84,88.16,20.0,0.0
1779273876.2338486,254.69,88.16,2.37,246.0956008699512,96.36995853602289,2.492772985284125,VISION,0.0,450.0,0,140.0,254.69,195.31,51.84,88.16,20.0,0.0
1779273876.2841089,244.22706541960565,97.78695045466351,2.61229484904564,244.22706541960565,97.78695045466351,2.61229484904564,ESTIMA,0.0,450.0,0,140.0,244.227,205.773,42.213,97.787,20.0,0.0
1779273876.334008,247.98,77.29,2.609,247.98,77.29,2.609,VISION,0.0,450.0,0,140.0,247.98,202.02,62.71,77.29,20.0,0.0
1779273876.3838456,247.98,77.29,2.609,245.96602916589677,78.47704453445944,2.7261430480757864,VISION,0.0,450.0,0,140.0,247.98,202.02,62.71,77.29,20.0,0.0
1779273876.4338071,247.98,77.29,2.609,245.96602916589677,78.47704453445944,2.7261430480757864,VISION,0.0,450.0,0,140.0,247.98,202.02,62.71,77.29,20.0,0.0
1779273876.483799,247.98,77.29,2.609,243.86347660973107,79.40453452553903,2.7835411879042486,VISION,0.0,450.0,0,140.0,247.98,202.02,62.71,77.29,20.0,0.0
1779273876.5338542,247.98,77.29,2.609,243.86347660973107,79.40453452553903,2.7835411879042486,VISION,0.0,450.0,0,140.0,247.98,202.02,62.71,77.29,20.0,0.0
1779273876.5839648,247.98,77.29,2.609,243.86347660973107,79.40453452553903,2.7835411879042486,VISION,0.0,450.0,0,140.0,247.98,202.02,62.71,77.29,20.0,0.0
1779273876.6338913,247.98,77.29,2.609,240.84517256290033,80.53392316650596,2.8045080633082375,VISION,0.0,450.0,0,140.0,247.98,202.02,62.71,77.29,20.0,0.0
1779273876.6838582,247.98,77.29,2.609,240.84517256290033,80.53392316650596,2.8045080633082375,VISION,0.0,450.0,0,140.0,247.98,202.02,62.71,77.29,20.0,0.0
1779273876.7338564,247.98,77.29,2.609,238.37443715963124,81.39981717952843,3.034576158146116,VISION,0.0,450.0,0,140.0,247.98,202.02,62.71,77.29,20.0,0.0
1779273876.783996,247.98,77.29,2.609,238.37443715963124,81.39981717952843,3.034576158146116,VISION,0.0,450.0,0,140.0,247.98,202.02,62.71,77.29,20.0,0.0
1779273876.8338335,247.98,77.29,2.609,236.31746728645697,81.62079110153849,3.0949878255055636,VISION,0.0,450.0,0,140.0,247.98,202.02,62.71,77.29,20.0,0.0
1779273876.8840876,236.31746728645697,81.62079110153849,3.0949878255055636,246.08,64.51,2.971,ESTIMA,0.0,450.0,0,140.0,236.317,213.683,58.379,81.621,20.0,0.0
1779273876.933862,246.08,64.51,2.971,246.08,64.51,2.971,VISION,0.0,450.0,0,140.0,246.08,203.92,75.49,64.51,20.0,0.0
1779273876.9838245,246.08,64.51,2.971,246.08,64.51,2.971,VISION,0.0,450.0,0,140.0,246.08,203.92,75.49,64.51,20.0,0.0
1779273877.0338194,246.08,64.51,2.971,242.7761350801889,65.07914690169503,3.0666735517577814,VISION,0.0,450.0,0,140.0,246.08,203.92,75.49,64.51,20.0,0.0
1779273877.0838242,246.08,64.51,2.971,242.7761350801889,65.07914690169503,3.0666735517577814,VISION,0.0,450.0,0,140.0,246.08,203.92,75.49,64.51,20.0,0.0
1779273877.1338418,246.08,64.51,2.971,240.66259408243207,65.23778841755374,3.17812148242597,VISION,0.0,450.0,0,140.0,246.08,203.92,75.49,64.51,20.0,0.0
1779273877.183843,246.08,64.51,2.971,240.66259408243207,65.23778841755374,3.17812148242597,VISION,0.0,450.0,0,140.0,246.08,203.92,75.49,64.51,20.0,0.0
1779273877.2338927,246.08,64.51,2.971,238.85850258715433,65.17185774052538,3.2744790759851266,VISION,0.0,450.0,0,140.0,246.08,203.92,75.49,64.51,20.0,0.0
1779273877.2838526,246.08,64.51,2.971,238.85850258715433,65.17185774052538,3.2744790759851266,VISION,0.0,450.0,0,140.0,246.08,203.92,75.49,64.51,20.0,0.0
1779273877.3338437,246.08,64.51,2.971,236.47108613413533,64.85272177456426,3.4051377469955924,VISION,0.0,450.0,0,140.0,246.08,203.92,75.49,64.51,20.0,0.0
1779273877.3838196,246.08,64.51,2.971,236.47108613413533,64.85272177456426,3.4051377469955924,VISION,0.0,450.0,0,140.0,246.08,203.92,75.49,64.51,20.0,0.0
1779273877.433876,233.77509724300913,64.12528705517366,3.5615902530472794,233.77509724300913,64.12528705517366,3.5615902530472794,ESTIMA,0.0,450.0,0,140.0,233.775,216.225,75.875,64.125,20.0,0.0
1779273877.4844518,248.36,49.63,-2.955,248.36,49.63,-2.955,VISION,0.0,450.0,0,140.0,248.36,201.64,90.37,49.63,0.0,0.0
1779273877.5339139,248.36,49.63,-2.955,245.88831659248186,49.16337394413784,-2.8138820242639375,VISION,0.0,450.0,0,140.0,248.36,201.64,90.37,49.63,0.0,0.0
1779273877.583871,248.36,49.63,-2.955,245.88831659248186,49.16337394413784,-2.8138820242639375,VISION,0.0,450.0,0,140.0,248.36,201.64,90.37,49.63,0.0,0.0
1779273877.6339238,248.36,49.63,-2.955,244.0137190200864,48.52606906912114,-2.7220103719347795,VISION,0.0,450.0,0,140.0,248.36,201.64,90.37,49.63,0.0,0.0
1779273877.6839519,248.36,49.63,-2.955,244.0137190200864,48.52606906912114,-2.7220103719347795,VISION,0.0,450.0,0,140.0,248.36,201.64,90.37,49.63,0.0,0.0
1779273877.7338471,248.36,49.63,-2.955,242.45102439999908,47.82899535302741,-2.7653337974529513,VISION,0.0,450.0,0,140.0,248.36,201.64,90.37,49.63,0.0,0.0
1779273877.7838414,248.36,49.63,-2.955,242.45102439999908,47.82899535302741,-2.7653337974529513,VISION,0.0,450.0,0,140.0,248.36,201.64,90.37,49.63,0.0,0.0
1779273877.8338923,248.36,49.63,-2.955,241.20758197478983,47.337734623609656,-2.7516143895934078,VISION,0.0,450.0,0,140.0,248.36,201.64,90.37,49.63,0.0,0.0
1779273877.8838665,248.36,49.63,-2.955,241.20758197478983,47.337734623609656,-2.7516143895934078,VISION,0.0,450.0,0,140.0,248.36,201.64,90.37,49.63,0.0,0.0
1779273877.9338274,248.36,49.63,-2.955,241.20758197478983,47.337734623609656,-2.7516143895934078,VISION,0.0,450.0,0,140.0,248.36,201.64,90.37,49.63,0.0,0.0
1779273877.9838672,248.36,49.63,-2.955,241.20291517461996,47.33581643103784,-2.752310339986876,VISION,0.0,450.0,0,140.0,248.36,201.64,90.37,49.63,0.0,0.0
1779273878.0343022,241.20291517461996,47.33581643103784,-2.752310339986876,241.20291517461996,47.33581643103784,-2.7523103399868765,ESTIMA,0.0,450.0,0,140.0,241.203,208.797,92.664,47.336,-20.0,0.0
1779273878.0839288,241.20291517461996,47.33581643103784,-2.7523103399868765,241.20291517461996,47.33581643103784,-2.7523103399868765,ESTIMA,0.0,450.0,0,140.0,241.203,208.797,92.664,47.336,-20.0,0.0
1779273878.1339715,241.20291517461996,47.33581643103784,-2.7523103399868765,241.20291517461996,47.33581643103784,-2.7523103399868765,ESTIMA,0.0,450.0,0,140.0,241.203,208.797,92.664,47.336,-20.0,0.0
1779273878.183855,241.20291517461996,47.33581643103784,-2.752310339986877,241.20291517461996,47.33581643103784,-2.752310339986877,ESTIMA,0.0,450.0,0,140.0,241.203,208.797,92.664,47.336,-20.0,0.0
1779273878.2338479,241.20291517461996,47.33581643103784,-2.752310339986877,241.20291517461996,47.33581643103784,-2.752310339986877,ESTIMA,0.0,450.0,0,140.0,241.203,208.797,92.664,47.336,-20.0,0.0
1779273878.283859,237.5965479370178,45.8564261261521,-2.509569776503117,237.5965479370178,45.8564261261521,-2.509569776503117,ESTIMA,0.0,450.0,0,140.0,237.597,212.403,94.144,45.856,-20.0,0.0
1779273878.3338473,237.5965479370178,45.8564261261521,-2.509569776503117,235.40610367407785,44.25254436126267,-2.204352396473702,ESTIMA,0.0,450.0,0,140.0,237.597,212.403,94.144,45.856,-20.0,0.0
1779273878.3838089,235.40610367407785,44.25254436126267,-2.204352396473702,235.40610367407785,44.25254436126267,-2.204352396473702,ESTIMA,0.0,450.0,0,140.0,235.406,214.594,95.747,44.253,-20.0,0.0
1779273878.433816,235.40610367407785,44.25254436126267,-2.204352396473702,235.40610367407785,44.25254436126267,-2.204352396473702,ESTIMA,0.0,450.0,0,140.0,235.406,214.594,95.747,44.253,-20.0,0.0
1779273878.4838521,232.6660767702728,40.52246186391224,-1.8620593612982528,232.6660767702728,40.52246186391224,-1.8620593612982528,ESTIMA,0.0,450.0,0,140.0,232.666,217.334,99.478,40.522,-20.0,0.0
1779273878.533866,232.6660767702728,40.52246186391224,-1.8620593612982528,232.6660767702728,40.52246186391224,-1.8620593612982528,ESTIMA,0.0,450.0,0,140.0,232.666,217.334,99.478,40.522,-20.0,0.0
1779273878.5838513,231.07316665819778,35.2090210742194,-1.5386441396599644,231.07316665819778,35.2090210742194,-1.5386441396599644,ESTIMA,0.0,450.0,0,140.0,231.073,218.927,104.791,35.209,-20.0,0.0
1779273878.6340177,231.07316665819778,35.2090210742194,-1.5386441396599644,231.07316665819778,35.2090210742194,-1.5386441396599644,ESTIMA,0.0,450.0,0,140.0,231.073,218.927,104.791,35.209,-20.0,0.0
1779273878.6840396,259.32,31.27,-2.52,259.32,31.27,-2.52,VISION,0.0,450.0,0,140.0,259.32,190.68,108.73,31.27,-20.0,0.0
1779273878.73386,259.32,31.27,-2.52,259.32,31.27,-2.52,VISION,0.0,450.0,0,140.0,259.32,190.68,108.73,31.27,-20.0,0.0
1779273878.7838526,259.32,31.27,-2.52,255.9740204053303,28.87322087683148,-2.278355451142736,VISION,0.0,450.0,0,140.0,259.32,190.68,108.73,31.27,-20.0,0.0
1779273878.8338516,259.32,31.27,-2.52,255.9740204053303,28.87322087683148,-2.278355451142736,VISION,0.0,450.0,0,140.0,259.32,190.68,108.73,31.27,-20.0,0.0
1779273878.88398,259.32,31.27,-2.52,253.2013122428616,25.63139970929787,-1.9638598868763124,VISION,0.0,450.0,0,140.0,259.32,190.68,108.73,31.27,-20.0,0.0
1779273878.9338589,259.32,31.27,-2.52,253.2013122428616,25.63139970929787,-1.9638598868763124,VISION,0.0,450.0,0,140.0,259.32,190.68,108.73,31.27,-20.0,0.0
1779273878.9838164,259.32,31.27,-2.52,251.58388930660448,21.730617246631237,-1.6525152465701067,VISION,0.0,450.0,0,140.0,259.32,190.68,108.73,31.27,-20.0,0.0
1779273879.0338671,259.32,31.27,-2.52,251.58388930660448,21.730617246631237,-1.6525152465701067,VISION,0.0,450.0,0,140.0,259.32,190.68,108.73,31.27,-20.0,0.0
1779273879.083816,259.32,31.27,-2.52,251.25264560845923,17.68619247802503,-1.2811308609276688,VISION,0.0,450.0,0,140.0,259.32,190.68,108.73,31.27,-20.0,0.0
1779273879.1338563,259.32,31.27,-2.52,251.25264560845923,17.68619247802503,-1.2811308609276688,VISION,0.0,450.0,0,140.0,259.32,190.68,108.73,31.27,-20.0,0.0
1779273879.1838553,259.32,31.27,-2.52,251.25264560845923,17.68619247802503,-1.2811308609276688,VISION,0.0,450.0,0,140.0,259.32,190.68,108.73,31.27,-20.0,0.0
1779273879.2341094,256.22,36.02,-2.402,256.22,36.02,-2.402,VISION,0.0,450.0,0,140.0,256.22,193.78,103.98,36.02,-20.0,0.0
1779273879.283923,256.22,36.02,-2.402,256.22,36.02,-2.402,VISION,0.0,450.0,0,140.0,256.22,193.78,103.98,36.02,-20.0,0.0
1779273879.3338525,256.22,36.02,-2.402,254.90100716148717,34.816626319054286,-2.2274525332364825,VISION,0.0,450.0,0,140.0,256.22,193.78,103.98,36.02,-20.0,0.0
1779273879.3838522,256.22,36.02,-2.402,254.90100716148717,34.816626319054286,-2.2274525332364825,VISION,0.0,450.0,0,140.0,256.22,193.78,103.98,36.02,-20.0,0.0
1779273879.4338171,256.22,36.02,-2.402,252.12757293552332,31.218319334682082,-1.811664811662226,VISION,0.0,450.0,0,140.0,256.22,193.78,103.98,36.02,-20.0,0.0
1779273879.48381,256.22,36.02,-2.402,252.12757293552332,31.218319334682082,-1.811664811662226,VISION,0.0,450.0,0,140.0,256.22,193.78,103.98,36.02,-20.0,0.0
1779273879.5338655,256.22,36.02,-2.402,250.98358142082049,26.561082515064463,-1.4581584805671688,VISION,0.0,450.0,0,140.0,256.22,193.78,103.98,36.02,-20.0,0.0
1779273879.58399,256.22,36.02,-2.402,251.2825733082934,23.917864790253876,-1.261606760171736,VISION,0.0,450.0,0,140.0,256.22,193.78,103.98,36.02,0.0,0.0
1779273879.6339102,256.22,36.02,-2.402,251.2825733082934,23.917864790253876,-1.261606760171736,VISION,0.0,450.0,0,140.0,256.22,193.78,103.98,36.02,0.0,0.0
1779273879.6838253,256.22,36.02,-2.402,251.2825733082934,23.917864790253876,-1.261606760171736,VISION,0.0,450.0,0,140.0,256.22,193.78,103.98,36.02,0.0,0.0
1779273879.7339172,256.22,36.02,-2.402,251.2825733082934,23.917864790253876,-1.261606760171736,VISION,0.0,450.0,0,140.0,256.22,193.78,103.98,36.02,0.0,0.0
1779273879.7839715,252.63165335501262,19.694521520754847,-0.9594947997906778,252.63165335501262,19.694521520754847,-0.9594947997906778,ESTIMA,0.0,450.0,0,140.0,252.632,197.368,120.305,19.695,0.0,0.0
1779273879.8340688,253.24,41.07,-1.85,253.24,41.07,-1.85,ESTIMA,0.0,450.0,0,140.0,253.24,196.76,98.93,41.07,0.0,0.0
1779273879.883868,253.24,41.07,-1.85,253.24,41.07,-1.85,VISION,0.0,450.0,0,140.0,253.24,196.76,98.93,41.07,0.0,0.0
1779273879.93382,253.24,41.07,-1.85,253.15799125659686,40.78394861621928,-1.8910448154264041,VISION,0.0,450.0,0,140.0,253.24,196.76,98.93,41.07,0.0,0.0
1779273879.9838116,253.24,41.07,-1.85,253.15799125659686,40.78394861621928,-1.8910448154264041,VISION,0.0,450.0,0,140.0,253.24,196.76,98.93,41.07,0.0,0.0
1779273880.0338573,253.24,41.07,-1.85,253.15799125659686,40.78394861621928,-1.8910448154264046,VISION,0.0,450.0,0,140.0,253.24,196.76,98.93,41.07,0.0,0.0
1779273880.0838523,253.24,41.07,-1.85,253.15799125659686,40.78394861621928,-1.8910448154264046,VISION,0.0,450.0,0,140.0,253.24,196.76,98.93,41.07,0.0,0.0
1779273880.2838714,253.24,41.07,-1.85,253.15799125659686,40.78394861621928,-1.8910448154264055,VISION,0.0,450.0,0,140.0,253.24,196.76,98.93,41.07,20.0,0.0
1779273880.3338606,253.24,41.07,-1.85,253.15799125659686,40.78394861621928,-1.891044815426406,VISION,0.0,450.0,0,140.0,253.24,196.76,98.93,41.07,20.0,0.0
1779273880.3839173,253.15799125659686,40.78394861621928,-1.891044815426406,253.15799125659686,40.78394861621928,-1.891044815426406,ESTIMA,0.0,450.0,0,140.0,253.158,196.842,99.216,40.784,20.0,0.0
1779273880.4339426,248.32,44.26,-1.267,248.32,44.26,-1.267,VISION,0.0,450.0,0,140.0,248.32,201.68,95.74,44.26,20.0,0.0
1779273880.483831,248.32,44.26,-1.267,248.32,44.26,-1.267,VISION,0.0,450.0,0,140.0,248.32,201.68,95.74,44.26,20.0,0.0
1779273880.5338988,248.32,44.26,-1.267,248.95556384712467,42.23268797498677,-1.3022606547758262,VISION,0.0,450.0,0,140.0,248.32,201.68,95.74,44.26,20.0,0.0
1779273880.5838735,248.32,44.26,-1.267,248.95556384712467,42.23268797498677,-1.3022606547758262,VISION,0.0,450.0,0,140.0,248.32,201.68,95.74,44.26,20.0,0.0
1779273880.6339204,248.32,44.26,-1.267,249.62787052999752,39.789555843087705,-1.2707497975734046,VISION,0.0,450.0,0,140.0,248.32,201.68,95.74,44.26,20.0,0.0
1779273880.683838,248.32,44.26,-1.267,249.62787052999752,39.789555843087705,-1.2707497975734046,VISION,0.0,450.0,0,140.0,248.32,201.68,95.74,44.26,20.0,0.0
1779273880.733835,248.32,44.26,-1.267,249.62787052999752,39.789555843087705,-1.2707497975734046,VISION,0.0,450.0,0,140.0,248.32,201.68,95.74,44.26,20.0,0.0
1779273880.7838297,248.32,44.26,-1.267,250.34917535047038,37.45815769180245,-1.1692731434945423,VISION,0.0,450.0,0,140.0,248.32,201.68,95.74,44.26,20.0,0.0
1779273880.8338914,248.32,44.26,-1.267,250.34917535047038,37.45815769180245,-1.1692731434945423,VISION,0.0,450.0,0,140.0,248.32,201.68,95.74,44.26,20.0,0.0
1779273880.8838704,248.32,44.26,-1.267,251.4497161908435,34.866148303374636,-1.1248214506906558,VISION,0.0,450.0,0,140.0,248.32,201.68,95.74,44.26,20.0,0.0
1779273880.9339075,248.32,44.26,-1.267,251.92543269928368,33.871134305226015,-1.0774115876354733,VISION,0.0,450.0,0,140.0,248.32,201.68,95.74,44.26,20.0,0.0
1779273880.9840963,251.92543269928368,33.871134305226015,-1.0774115876354733,251.92543269928368,33.871134305226015,-1.0774115876354733,ESTIMA,0.0,450.0,0,140.0,251.925,198.075,106.129,33.871,20.0,0.0
1779273881.0339153,248.62,44.46,-1.23,248.62,44.46,-1.23,VISION,0.0,450.0,0,140.0,248.62,201.38,95.54,44.46,20.0,0.0
1779273881.083829,248.62,44.46,-1.23,249.32258418188397,42.47884206927569,-1.1368527085215225,VISION,0.0,450.0,0,140.0,248.62,201.38,95.54,44.46,20.0,0.0
1779273881.1338267,248.62,44.46,-1.23,249.32258418188397,42.47884206927569,-1.1368527085215225,VISION,0.0,450.0,0,140.0,248.62,201.38,95.54,44.46,20.0,0.0
1779273881.183841,248.62,44.46,-1.23,250.266267028571,40.44242176906109,-0.9502544256183463,VISION,0.0,450.0,0,140.0,248.62,201.38,95.54,44.46,20.0,0.0
1779273881.233851,248.62,44.46,-1.23,250.266267028571,40.44242176906109,-0.9502544256183463,VISION,0.0,450.0,0,140.0,248.62,201.38,95.54,44.46,20.0,0.0
1779273881.283823,248.62,44.46,-1.23,251.36918190578018,38.899295177188776,-0.8575309783116208,VISION,0.0,450.0,0,140.0,248.62,201.38,95.54,44.46,20.0,0.0
1779273881.333818,248.62,44.46,-1.23,251.36918190578018,38.899295177188776,-0.8575309783116208,VISION,0.0,450.0,0,140.0,248.62,201.38,95.54,44.46,20.0,0.0
1779273881.3838456,248.62,44.46,-1.23,252.7562407546417,37.296171151055816,-0.8046187731667277,VISION,0.0,450.0,0,140.0,248.62,201.38,95.54,44.46,20.0,0.0
1779273881.4338295,248.62,44.46,-1.23,252.7562407546417,37.296171151055816,-0.8046187731667277,VISION,0.0,450.0,0,140.0,248.62,201.38,95.54,44.46,20.0,0.0
1779273881.4838676,248.62,44.46,-1.23,252.7562407546417,37.296171151055816,-0.8046187731667277,VISION,0.0,450.0,0,140.0,248.62,201.38,95.54,44.46,20.0,0.0
1779273881.5340924,248.62,44.46,-1.23,255.39834784108683,34.550494827935346,-0.7098244660167938,VISION,0.0,450.0,0,140.0,248.62,201.38,95.54,44.46,20.0,0.0
1779273881.5839477,256.1366298038358,33.9161456198981,-0.6275644881890716,256.1366298038358,33.9161456198981,-0.6275644881890716,ESTIMA,0.0,450.0,0,140.0,256.137,193.863,106.084,33.916,20.0,0.0
1779273881.6338937,256.1366298038358,33.9161456198981,-0.6275644881890716,256.1366298038358,33.9161456198981,-0.6275644881890716,ESTIMA,0.0,450.0,0,140.0,256.137,193.863,106.084,33.916,20.0,0.0
1779273881.6838732,258.2097180508339,32.41234588891009,-0.6201824841660674,258.2097180508339,32.41234588891009,-0.6201824841660674,ESTIMA,0.0,450.0,0,140.0,258.21,191.79,107.588,32.412,20.0,0.0
1779273881.7338731,258.2097180508339,32.41234588891009,-0.6201824841660674,258.2097180508339,32.41234588891009,-0.6201824841660674,ESTIMA,0.0,450.0,0,140.0,258.21,191.79,107.588,32.412,20.0,0.0
1779273881.7838392,260.2175370573094,30.978392610002473,-0.49885082897316874,260.2175370573094,30.978392610002473,-0.49885082897316874,ESTIMA,0.0,450.0,0,140.0,260.218,189.782,109.022,30.978,20.0,0.0
1779273881.8338416,260.2175370573094,30.978392610002473,-0.49885082897316874,260.2175370573094,30.978392610002473,-0.49885082897316874,ESTIMA,0.0,450.0,0,140.0,260.218,189.782,109.022,30.978,20.0,0.0
1779273881.8838296,262.8117711113043,29.565024612734348,-0.4836518911922757,262.8117711113043,29.565024612734348,-0.4836518911922757,ESTIMA,0.0,450.0,0,140.0,262.812,187.188,110.435,29.565,20.0,0.0
1779273881.933859,262.8117711113043,29.565024612734348,-0.4836518911922757,262.8117711113043,29.565024612734348,-0.4836518911922757,ESTIMA,0.0,450.0,0,140.0,262.812,187.188,110.435,29.565,20.0,0.0
1779273881.9838395,262.8117711113043,29.565024612734348,-0.4836518911922757,262.8117711113043,29.565024612734348,-0.4836518911922757,ESTIMA,0.0,450.0,0,140.0,262.812,187.188,110.435,29.565,20.0,0.0
1779273882.033825,265.2223341413299,28.298848923819023,-0.34222265695074355,265.2223341413299,28.298848923819023,-0.34222265695074355,ESTIMA,0.0,450.0,0,140.0,265.222,184.778,111.701,28.299,20.0,0.0
1779273882.083862,267.30520699570604,27.556847074181555,-0.3232200388243223,267.30520699570604,27.556847074181555,-0.3232200388243223,ESTIMA,0.0,450.0,0,140.0,267.305,182.695,112.443,27.557,20.0,0.0
1779273882.13392,267.30520699570604,27.556847074181555,-0.3232200388243223,267.30520699570604,27.556847074181555,-0.3232200388243223,ESTIMA,0.0,450.0,0,140.0,267.305,182.695,112.443,27.557,20.0,0.0
1779273882.1844757,267.34,60.43,-0.783,267.34,60.43,-0.783,VISION,0.0,450.0,0,140.0,267.34,182.66,79.57,60.43,20.0,0.0
1779273882.2338943,267.34,60.43,-0.783,269.20354212370086,58.57537466649463,-0.5548704328565011,VISION,0.0,450.0,0,140.0,267.34,182.66,79.57,60.43,20.0,0.0
1779273882.2840016,267.34,60.43,-0.783,270.6062495101072,57.70593937839482,-0.5127894335742808,VISION,0.0,450.0,0,140.0,267.34,182.66,79.57,60.43,20.0,0.0
1779273882.333836,267.34,60.43,-0.783,270.6062495101072,57.70593937839482,-0.5127894335742808,VISION,0.0,450.0,0,140.0,267.34,182.66,79.57,60.43,20.0,0.0
1779273882.383842,267.34,60.43,-0.783,272.1307164770726,56.84762385532177,-0.4240284790785036,VISION,0.0,450.0,0,140.0,267.34,182.66,79.57,60.43,20.0,0.0
1779273882.4338396,267.34,60.43,-0.783,272.1307164770726,56.84762385532177,-0.4240284790785036,VISION,0.0,450.0,0,140.0,267.34,182.66,79.57,60.43,20.0,0.0
1779273882.4838634,267.34,60.43,-0.783,275.3013749161105,55.41634694975792,-0.40299898397091083,VISION,0.0,450.0,0,140.0,267.34,182.66,79.57,60.43,20.0,0.0
1779273882.533862,267.34,60.43,-0.783,275.3013749161105,55.41634694975792,-0.40299898397091083,VISION,0.0,450.0,0,140.0,267.34,182.66,79.57,60.43,20.0,0.0
1779273882.583837,267.34,60.43,-0.783,275.3013749161105,55.41634694975792,-0.40299898397091083,VISION,0.0,450.0,0,140.0,267.34,182.66,79.57,60.43,20.0,0.0
1779273882.6338363,267.34,60.43,-0.783,277.5367310158294,54.463341364985794,-0.2751144866395956,VISION,0.0,450.0,0,140.0,267.34,182.66,79.57,60.43,20.0,0.0
1779273882.6838572,267.34,60.43,-0.783,277.5367310158294,54.463341364985794,-0.2751144866395956,VISION,0.0,450.0,0,140.0,267.34,182.66,79.57,60.43,20.0,0.0
1779273882.7341652,274.51,71.98,-0.529,274.51,71.98,-0.529,ESTIMA,0.0,450.0,0,140.0,274.51,175.49,68.02,71.98,20.0,0.0
1779273882.784054,274.51,71.98,-0.529,275.38230128450505,71.47007491275562,-0.4394536631765066,VISION,0.0,450.0,0,140.0,274.51,175.49,68.02,71.98,20.0,0.0
1779273882.83384,274.51,71.98,-0.529,275.38230128450505,71.47007491275562,-0.4394536631765066,VISION,0.0,450.0,0,140.0,274.51,175.49,68.02,71.98,20.0,0.0
1779273882.8841696,274.51,71.98,-0.529,277.8911394635556,70.2906367798917,-0.411842375304389,VISION,0.0,450.0,0,140.0,274.51,175.49,68.02,71.98,20.0,0.0
1779273882.9338672,274.51,71.98,-0.529,277.8911394635556,70.2906367798917,-0.411842375304389,VISION,0.0,450.0,0,140.0,274.51,175.49,68.02,71.98,20.0,0.0
1779273882.9838662,274.51,71.98,-0.529,277.8911394635556,70.2906367798917,-0.411842375304389,VISION,0.0,450.0,0,140.0,274.51,175.49,68.02,71.98,20.0,0.0
1779273883.03387,274.51,71.98,-0.529,280.6546975991439,69.08345000092537,-0.3875921435249351,VISION,0.0,450.0,0,140.0,274.51,175.49,68.02,71.98,20.0,0.0
1779273883.084314,274.51,71.98,-0.529,282.3722956754013,68.38225262638944,-0.22646863676220289,VISION,0.0,450.0,0,140.0,274.51,175.49,68.02,71.98,20.0,0.0
1779273883.1339743,274.51,71.98,-0.529,282.3722956754013,68.38225262638944,-0.22646863676220289,VISION,0.0,450.0,0,140.0,274.51,175.49,68.02,71.98,20.0,0.0
1779273883.1838708,274.51,71.98,-0.529,282.3722956754013,68.38225262638944,-0.22646863676220289,VISION,0.0,450.0,0,140.0,274.51,175.49,68.02,71.98,20.0,0.0
1779273883.2339025,274.51,71.98,-0.529,286.3757740666648,67.45976528739676,-0.19244837721175112,VISION,0.0,450.0,0,140.0,274.51,175.49,68.02,71.98,20.0,0.0
1779273883.2838295,274.51,71.98,-0.529,286.3757740666648,67.45976528739676,-0.19244837721175112,VISION,0.0,450.0,0,140.0,274.51,175.49,68.02,71.98,20.0,0.0
1779273883.3341417,277.76,85.43,-0.214,277.76,85.43,-0.214,ESTIMA,0.0,450.0,0,140.0,277.76,172.24,54.57,85.43,20.0,0.0
1779273883.3838725,277.76,85.43,-0.214,277.76,85.43,-0.214,VISION,0.0,450.0,0,140.0,277.76,172.24,54.57,85.43,20.0,0.0
1779273883.4338305,277.76,85.43,-0.214,277.76,85.43,-0.214,VISION,0.0,450.0,0,140.0,277.76,172.24,54.57,85.43,20.0,0.0
1779273883.4838758,277.76,85.43,-0.214,281.2650206596048,84.66826173309907,-0.10378034628321918,VISION,0.0,450.0,0,140.0,277.76,172.24,54.57,85.43,20.0,0.0
1779273883.533917,277.76,85.43,-0.214,281.2650206596048,84.66826173309907,-0.10378034628321918,VISION,0.0,450.0,0,140.0,277.76,172.24,54.57,85.43,20.0,0.0
1779273883.583908,277.76,85.43,-0.214,283.58053693222894,84.42709019539011,-0.032929764427683236,VISION,0.0,450.0,0,140.0,277.76,172.24,54.57,85.43,20.0,0.0
1779273883.6338887,277.76,85.43,-0.214,283.58053693222894,84.42709019539011,-0.032929764427683236,VISION,0.0,450.0,0,140.0,277.76,172.24,54.57,85.43,20.0,0.0
1779273883.6838706,277.76,85.43,-0.214,286.3030708472592,84.33740537542036,0.04664984322475384,VISION,0.0,450.0,0,140.0,277.76,172.24,54.57,85.43,20.0,0.0
1779273883.733836,277.76,85.43,-0.214,286.3030708472592,84.33740537542036,0.04664984322475384,VISION,0.0,450.0,0,140.0,277.76,172.24,54.57,85.43,20.0,0.0
1779273883.7838423,277.76,85.43,-0.214,288.37882177694917,84.4343091353062,0.1580354434075402,VISION,0.0,450.0,0,140.0,277.76,172.24,54.57,85.43,20.0,0.0
1779273883.8341656,277.76,85.43,-0.214,290.15491298546857,84.7173548039174,0.2564982223844807,VISION,0.0,450.0,0,140.0,277.76,172.24,54.57,85.43,20.0,0.0
1779273883.8839998,290.15491298546857,84.7173548039174,0.2564982223844807,290.15491298546857,84.7173548039174,0.2564982223844807,ESTIMA,0.0,450.0,0,140.0,290.155,159.845,55.283,84.717,20.0,0.0
1779273883.9342885,275.96,99.75,0.141,275.96,99.75,0.141,VISION,0.0,450.0,0,140.0,275.96,174.04,40.25,99.75,0.0,0.0
1779273883.983903,275.96,99.75,0.141,275.96,99.75,0.141,VISION,0.0,450.0,0,140.0,275.96,174.04,40.25,99.75,0.0,0.0
1779273884.03402,275.96,99.75,0.141,280.25807939620285,100.36007754750909,0.2752896846804098,VISION,0.0,450.0,0,140.0,275.96,174.04,40.25,99.75,0.0,0.0
1779273884.0838835,275.96,99.75,0.141,281.2804785779684,100.64886583830005,0.33650481732111404,VISION,0.0,450.0,0,140.0,275.96,174.04,40.25,99.75,0.0,0.0
1779273884.1338813,275.96,99.75,0.141,281.2804785779684,100.64886583830005,0.33650481732111404,VISION,0.0,450.0,0,140.0,275.96,174.04,40.25,99.75,0.0,0.0
1779273884.1839063,275.96,99.75,0.141,283.71574314180975,101.50074374828237,0.3913187885029985,VISION,0.0,450.0,0,140.0,275.96,174.04,40.25,99.75,0.0,0.0
1779273884.233949,275.96,99.75,0.141,283.71574314180975,101.50074374828237,0.3913187885029985,VISION,0.0,450.0,0,140.0,275.96,174.04,40.25,99.75,0.0,0.0
1779273884.2839096,275.96,99.75,0.141,285.0662215940756,102.05794760770287,0.3959341721149446,VISION,0.0,450.0,0,140.0,275.96,174.04,40.25,99.75,0.0,0.0
1779273884.3338895,275.96,99.75,0.141,285.0662215940756,102.05794760770287,0.3959341721149446,VISION,0.0,450.0,0,140.0,275.96,174.04,40.25,99.75,0.0,0.0
1779273884.3838928,275.96,99.75,0.141,286.2932579684408,102.57085961684302,0.4684408571810456,VISION,0.0,450.0,0,140.0,275.96,174.04,40.25,99.75,0.0,0.0
1779273884.433888,275.96,99.75,0.141,286.2932579684408,102.57085961684302,0.4684408571810456,VISION,0.0,450.0,0,140.0,275.96,174.04,40.25,99.75,0.0,0.0
1779273884.4839919,275.96,99.75,0.141,286.2932579684408,102.57085961684302,0.46844085718104506,VISION,0.0,450.0,0,140.0,275.96,174.04,40.25,99.75,-20.0,0.0
1779273884.5341115,268.69,112.51,0.502,268.69,112.51,0.502,VISION,0.0,450.0,0,140.0,268.69,181.31,27.49,112.51,-20.0,0.0
1779273884.583941,268.69,112.51,0.502,268.69,112.51,0.5019999999999992,VISION,0.0,450.0,0,140.0,268.69,181.31,27.49,112.51,-20.0,0.0
1779273884.633996,268.69,112.51,0.502,268.69,112.51,0.5019999999999992,VISION,0.0,450.0,0,140.0,268.69,181.31,27.49,112.51,-20.0,0.0
1779273884.6839235,268.69,112.51,0.502,268.69,112.51,0.5019999999999992,VISION,0.0,450.0,0,140.0,268.69,181.31,27.49,112.51,-20.0,0.0
1779273884.7338822,268.69,112.51,0.502,273.1688153962534,114.96843174360674,0.9223030844725435,VISION,0.0,450.0,0,140.0,268.69,181.31,27.49,112.51,-20.0,0.0
1779273884.7839005,268.69,112.51,0.502,273.1688153962534,114.96843174360674,0.9223030844725435,VISION,0.0,450.0,0,140.0,268.69,181.31,27.49,112.51,-20.0,0.0
1779273884.8338985,268.69,112.51,0.502,276.03323185212855,118.7481950301744,1.2724120888227863,VISION,0.0,450.0,0,140.0,268.69,181.31,27.49,112.51,-20.0,0.0
1779273884.8838801,268.69,112.51,0.502,276.6726636811842,120.82719677008187,1.4710046785501056,VISION,0.0,450.0,0,140.0,268.69,181.31,27.49,112.51,-20.0,0.0
1779273884.9338725,268.69,112.51,0.502,276.6726636811842,120.82719677008187,1.4710046785501056,VISION,0.0,450.0,0,140.0,268.69,181.31,27.49,112.51,-20.0,0.0
1779273884.9840412,268.69,112.51,0.502,277.0797404630347,124.89291386047029,1.9310157812242659,VISION,0.0,450.0,0,140.0,268.69,181.31,27.49,112.51,-20.0,0.0
1779273885.0338776,268.69,112.51,0.502,277.0797404630347,124.89291386047029,1.9310157812242659,VISION,0.0,450.0,0,140.0,268.69,181.31,27.49,112.51,-20.0,0.0
1779273885.0841494,264.0,118.15,0.675,264.0,118.15,0.675,VISION,0.0,450.0,0,140.0,264.0,186.0,21.85,118.15,-20.0,0.0
1779273885.133911,264.0,118.15,0.675,264.0,118.15,0.675,VISION,0.0,450.0,0,140.0,264.0,186.0,21.85,118.15,-20.0,0.0
1779273885.1839988,264.0,118.15,0.675,264.0,118.15,0.675,VISION,0.0,450.0,0,140.0,264.0,186.0,21.85,118.15,-20.0,0.0
1779273885.2339313,264.0,118.15,0.675,267.85943777889577,121.23919026353121,1.127517559348958,VISION,0.0,450.0,0,140.0,264.0,186.0,21.85,118.15,-20.0,0.0
1779273885.283884,264.0,118.15,0.675,267.85943777889577,121.23919026353121,1.127517559348958,VISION,0.0,450.0,0,140.0,264.0,186.0,21.85,118.15,-20.0,0.0
1779273885.3338563,264.0,118.15,0.675,269.4287096915551,124.54436661183809,1.4624096559798458,VISION,0.0,450.0,0,140.0,264.0,186.0,21.85,118.15,-20.0,0.0
1779273885.3838768,264.0,118.15,0.675,269.83750518775213,128.3012256404354,1.7410312802466752,VISION,0.0,450.0,0,140.0,264.0,186.0,21.85,118.15,-20.0,0.0
1779273885.4339023,264.0,118.15,0.675,269.83750518775213,128.3012256404354,1.7410312802466752,VISION,0.0,450.0,0,140.0,264.0,186.0,21.85,118.15,-20.0,0.0
1779273885.4841006,264.0,118.15,0.675,269.83750518775213,128.3012256404354,1.7410312802466752,VISION,0.0,450.0,0,140.0,264.0,186.0,21.85,118.15,-20.0,0.0
1779273885.5339062,264.0,118.15,0.675,269.1117508478779,132.52321396168026,2.2223004731006086,VISION,0.0,450.0,0,140.0,264.0,186.0,21.85,118.15,-20.0,0.0
1779273885.5841281,264.0,118.15,0.675,269.1117508478779,132.52321396168026,2.2223004731006086,VISION,0.0,450.0,0,140.0,264.0,186.0,21.85,118.15,-20.0,0.0
1779273885.6339583,266.40899730504503,136.06743447195174,2.4836163683621177,266.40899730504503,136.06743447195174,2.4836163683621177,ESTIMA,0.0,450.0,0,140.0,266.409,183.591,3.933,136.067,-20.0,0.0
1779273885.6843112,267.08,113.84,0.83,267.08,113.84,0.83,ESTIMA,0.0,450.0,0,140.0,267.08,182.92,26.16,113.84,-20.0,0.0
1779273885.7338705,267.08,113.84,0.83,271.23638519126473,118.38472838486193,1.1900004092142196,VISION,0.0,450.0,0,140.0,267.08,182.92,26.16,113.84,-20.0,0.0
1779273885.7838824,267.08,113.84,0.83,271.23638519126473,118.38472838486193,1.1900004092142196,VISION,0.0,450.0,0,140.0,267.08,182.92,26.16,113.84,-20.0,0.0
1779273885.8338811,267.08,113.84,0.83,273.0803417752115,122.99075186907618,1.4804345129697185,VISION,0.0,450.0,0,140.0,267.08,182.92,26.16,113.84,-20.0,0.0
1779273885.8838952,267.08,113.84,0.83,273.0803417752115,122.99075186907618,1.4804345129697185,VISION,0.0,450.0,0,140.0,267.08,182.92,26.16,113.84,-20.0,0.0
1779273885.9338562,267.08,113.84,0.83,273.37711494033175,126.26608432932657,1.781339557052205,VISION,0.0,450.0,0,140.0,267.08,182.92,26.16,113.84,-20.0,0.0
1779273885.983842,267.08,113.84,0.83,273.37711494033175,126.26608432932657,1.781339557052205,VISION,0.0,450.0,0,140.0,267.08,182.92,26.16,113.84,-20.0,0.0
1779273886.0338466,267.08,113.84,0.83,272.5150729527166,130.29977623190396,2.158863623541218,VISION,0.0,450.0,0,140.0,267.08,182.92,26.16,113.84,0.0,0.0
1779273886.0838404,267.08,113.84,0.83,272.5150729527166,130.29977623190396,2.158863623541218,VISION,0.0,450.0,0,140.0,267.08,182.92,26.16,113.84,0.0,0.0
1779273886.1338818,267.08,113.84,0.83,270.21435599804,133.75036797845246,2.538350099953882,VISION,0.0,450.0,0,140.0,267.08,182.92,26.16,113.84,0.0,0.0
1779273886.1838834,267.08,113.84,0.83,270.21435599804,133.75036797845246,2.538350099953882,VISION,0.0,450.0,0,140.0,267.08,182.92,26.16,113.84,0.0,0.0
1779273886.2342227,270.21435599804,133.75036797845246,2.538350099953882,270.21435599804,133.75036797845246,2.538350099953882,ESTIMA,0.0,450.0,0,140.0,270.214,179.786,6.25,133.75,0.0,0.0
1779273886.2842948,272.05,108.3,1.62,272.05,108.3,1.62,VISION,0.0,450.0,0,140.0,272.05,177.95,31.7,108.3,0.0,0.0
1779273886.3338673,272.05,108.3,1.62,272.05,108.3,1.62,VISION,0.0,450.0,0,140.0,272.05,177.95,31.7,108.3,0.0,0.0
1779273886.3838503,272.05,108.3,1.62,271.94595635849214,110.4128435726834,1.6775645997096176,VISION,0.0,450.0,0,140.0,272.05,177.95,31.7,108.3,0.0,0.0
1779273886.4340827,272.05,108.3,1.62,271.94595635849214,110.4128435726834,1.6775645997096176,VISION,0.0,450.0,0,140.0,272.05,177.95,31.7,108.3,0.0,0.0
1779273886.4838586,272.05,108.3,1.62,271.94537647450557,110.41825415804612,1.6775862371182888,VISION,0.0,450.0,0,140.0,272.05,177.95,31.7,108.3,0.0,0.0
1779273886.5838428,272.05,108.3,1.62,271.94537647450557,110.41825415804612,1.6775862371182881,VISION,0.0,450.0,0,140.0,272.05,177.95,31.7,108.3,20.0,0.0
1779273886.633841,272.05,108.3,1.62,271.94537647450557,110.41825415804612,1.6775862371182875,VISION,0.0,450.0,0,140.0,272.05,177.95,31.7,108.3,20.0,0.0
1779273886.6839032,272.05,108.3,1.62,271.94537647450557,110.41825415804612,1.6775862371182875,VISION,0.0,450.0,0,140.0,272.05,177.95,31.7,108.3,20.0,0.0
1779273886.7340245,272.05,108.3,1.62,271.8495867563376,111.31183398574694,1.5995979182660316,VISION,0.0,450.0,0,140.0,272.05,177.95,31.7,108.3,20.0,0.0
1779273886.7838917,272.05,108.3,1.62,271.8495867563376,111.31183398574694,1.5995979182660316,VISION,0.0,450.0,0,140.0,272.05,177.95,31.7,108.3,20.0,0.0
1779273886.83417,271.8495867563376,111.31183398574694,1.5995979182660316,277.43,106.72,2.222,ESTIMA,0.0,450.0,0,140.0,271.85,178.15,28.688,111.312,20.0,0.0
1779273886.8841062,277.43,106.72,2.222,277.43,106.72,2.222,VISION,0.0,450.0,0,140.0,277.43,172.57,33.28,106.72,20.0,0.0
1779273886.9338791,277.43,106.72,2.222,277.43,106.72,2.222,VISION,0.0,450.0,0,140.0,277.43,172.57,33.28,106.72,20.0,0.0
1779273886.9838572,277.43,106.72,2.222,276.3107304128405,108.18865452653537,2.359841151088932,VISION,0.0,450.0,0,140.0,277.43,172.57,33.28,106.72,20.0,0.0
1779273887.0340078,277.43,106.72,2.222,276.3107304128405,108.18865452653537,2.359841151088932,VISION,0.0,450.0,0,140.0,277.43,172.57,33.28,106.72,20.0,0.0
1779273887.0838387,277.43,106.72,2.222,275.03005319056035,109.46002525409756,2.349957820899583,VISION,0.0,450.0,0,140.0,277.43,172.57,33.28,106.72,20.0,0.0
1779273887.1338415,277.43,106.72,2.222,275.03005319056035,109.46002525409756,2.349957820899583,VISION,0.0,450.0,0,140.0,277.43,172.57,33.28,106.72,20.0,0.0
1779273887.1838503,277.43,106.72,2.222,273.347008811442,111.16419484043871,2.453793378294917,VISION,0.0,450.0,0,140.0,277.43,172.57,33.28,106.72,20.0,0.0
1779273887.233884,277.43,106.72,2.222,273.347008811442,111.16419484043871,2.453793378294917,VISION,0.0,450.0,0,140.0,277.43,172.57,33.28,106.72,20.0,0.0
1779273887.2840538,277.43,106.72,2.222,272.0293416507424,112.24684683089025,2.5257403630209105,VISION,0.0,450.0,0,140.0,277.43,172.57,33.28,106.72,20.0,0.0
1779273887.333839,277.43,106.72,2.222,272.0293416507424,112.24684683089025,2.5257403630209105,VISION,0.0,450.0,0,140.0,277.43,172.57,33.28,106.72,20.0,0.0
1779273887.3838692,277.43,106.72,2.222,269.79338407943067,113.82915753734794,2.571459271332935,VISION,0.0,450.0,0,140.0,277.43,172.57,33.28,106.72,20.0,0.0
1779273887.4341679,276.87,105.88,2.288,276.87,105.88,2.288,VISION,0.0,450.0,0,140.0,276.87,173.13,34.12,105.88,20.0,0.0
1779273887.4839306,276.87,105.88,2.288,276.87,105.88,2.288,VISION,0.0,450.0,0,140.0,276.87,173.13,34.12,105.88,20.0,0.0
1779273887.5338657,276.87,105.88,2.288,274.757471874259,108.30225567201256,2.3407566532497377,VISION,0.0,450.0,0,140.0,276.87,173.13,34.12,105.88,20.0,0.0
1779273887.5838518,276.87,105.88,2.288,274.1271013604071,108.95239607519471,2.3572096691878333,VISION,0.0,450.0,0,140.0,276.87,173.13,34.12,105.88,20.0,0.0
1779273887.633878,276.87,105.88,2.288,274.1271013604071,108.95239607519471,2.3572096691878333,VISION,0.0,450.0,0,140.0,276.87,173.13,34.12,105.88,20.0,0.0
1779273887.6838775,276.87,105.88,2.288,274.1271013604071,108.95239607519471,2.3572096691878333,VISION,0.0,450.0,0,140.0,276.87,173.13,34.12,105.88,20.0,0.0
1779273887.733922,276.87,105.88,2.288,271.33634859383426,111.73748835904574,2.43937695504645,VISION,0.0,450.0,0,140.0,276.87,173.13,34.12,105.88,20.0,0.0
1779273887.7838736,276.87,105.88,2.288,270.5100194991001,112.43663143603943,2.491811062426491,VISION,0.0,450.0,0,140.0,276.87,173.13,34.12,105.88,20.0,0.0
1779273887.8338451,276.87,105.88,2.288,270.5100194991001,112.43663143603943,2.491811062426491,VISION,0.0,450.0,0,140.0,276.87,173.13,34.12,105.88,20.0,0.0
1779273887.8838995,276.87,105.88,2.288,268.98839201211575,113.59285503459034,2.655744837709419,VISION,0.0,450.0,0,140.0,276.87,173.13,34.12,105.88,20.0,0.0
1779273887.9339063,276.87,105.88,2.288,268.98839201211575,113.59285503459034,2.655744837709419,VISION,0.0,450.0,0,140.0,276.87,173.13,34.12,105.88,20.0,0.0
1779273887.9839754,266.5806364918153,114.86430984747864,2.6651474941759856,266.5806364918153,114.86430984747864,2.6651474941759856,ESTIMA,0.0,450.0,0,140.0,266.581,183.419,25.136,114.864,20.0,0.0
1779273888.033938,270.36,96.73,2.525,270.36,96.73,2.525,VISION,0.0,450.0,0,140.0,270.36,179.64,43.27,96.73,20.0,0.0
1779273888.0839424,270.36,96.73,2.525,268.8232217475366,97.81923386946346,2.684106891639403,VISION,0.0,450.0,0,140.0,270.36,179.64,43.27,96.73,20.0,0.0
1779273888.1338534,270.36,96.73,2.525,268.8232217475366,97.81923386946346,2.684106891639403,VISION,0.0,450.0,0,140.0,270.36,179.64,43.27,96.73,20.0,0.0
1779273888.1838467,270.36,96.73,2.525,268.8232217475366,97.81923386946346,2.684106891639403,VISION,0.0,450.0,0,140.0,270.36,179.64,43.27,96.73,20.0,0.0
1779273888.233889,270.36,96.73,2.525,268.8232217475366,97.81923386946346,2.684106891639403,VISION,0.0,450.0,0,140.0,270.36,179.64,43.27,96.73,20.0,0.0
1779273888.2839048,270.36,96.73,2.525,266.039311969582,99.18981181579902,2.944660408388462,VISION,0.0,450.0,0,140.0,270.36,179.64,43.27,96.73,20.0,0.0
1779273888.3338852,270.36,96.73,2.525,265.30784554573603,99.33575267812604,3.0475408605366323,VISION,0.0,450.0,0,140.0,270.36,179.64,43.27,96.73,20.0,0.0
1779273888.3838947,270.36,96.73,2.525,265.30784554573603,99.33575267812604,3.0475408605366323,VISION,0.0,450.0,0,140.0,270.36,179.64,43.27,96.73,20.0,0.0
1779273888.4338946,270.36,96.73,2.525,263.39644944112035,99.51605485816681,3.0991607316498793,VISION,0.0,450.0,0,140.0,270.36,179.64,43.27,96.73,20.0,0.0
1779273888.4839182,270.36,96.73,2.525,263.39644944112035,99.51605485816681,3.0991607316498793,VISION,0.0,450.0,0,140.0,270.36,179.64,43.27,96.73,20.0,0.0
1779273888.5339212,261.1478360737814,99.61152514898924,3.2210857738734147,261.1478360737814,99.61152514898924,3.2210857738734147,ESTIMA,0.0,450.0,0,140.0,261.148,188.852,40.388,99.612,20.0,0.0
1779273888.5840244,261.1478360737814,99.61152514898924,3.2210857738734147,261.1478360737814,99.61152514898924,3.2210857738734147,ESTIMA,0.0,450.0,0,140.0,261.148,188.852,40.388,99.612,20.0,0.0
1779273888.6341288,265.52,85.0,2.719,265.52,85.0,2.719,VISION,0.0,450.0,0,140.0,265.52,184.48,55.0,85.0,20.0,0.0
1779273888.683904,265.52,85.0,2.719,265.52,85.0,2.719,VISION,0.0,450.0,0,140.0,265.52,184.48,55.0,85.0,20.0,0.0
1779273888.7338996,265.52,85.0,2.719,263.3272315698044,85.9860569500649,2.844993379359404,VISION,0.0,450.0,0,140.0,265.52,184.48,55.0,85.0,20.0,0.0
1779273888.7839131,265.52,85.0,2.719,263.3272315698044,85.9860569500649,2.844993379359404,VISION,0.0,450.0,0,140.0,265.52,184.48,55.0,85.0,20.0,0.0
1779273888.8338983,265.52,85.0,2.719,261.869495170421,86.4315616215643,2.924195238043624,VISION,0.0,450.0,0,140.0,265.52,184.48,55.0,85.0,20.0,0.0
1779273888.8838906,265.52,85.0,2.719,261.869495170421,86.4315616215643,2.924195238043624,VISION,0.0,450.0,0,140.0,265.52,184.48,55.0,85.0,20.0,0.0
1779273888.9338913,265.52,85.0,2.719,259.24010278864944,87.01236357295608,2.9954525973815347,VISION,0.0,450.0,0,140.0,265.52,184.48,55.0,85.0,20.0,0.0
1779273888.9838955,265.52,85.0,2.719,259.24010278864944,87.01236357295608,2.9954525973815347,VISION,0.0,450.0,0,140.0,265.52,184.48,55.0,85.0,20.0,0.0
1779273889.0339077,265.52,85.0,2.719,256.89273280153054,87.35787152544866,3.1230630591721007,VISION,0.0,450.0,0,140.0,265.52,184.48,55.0,85.0,20.0,0.0
1779273889.083853,265.52,85.0,2.719,256.89273280153054,87.35787152544866,3.1230630591721007,VISION,0.0,450.0,0,140.0,265.52,184.48,55.0,85.0,20.0,0.0
1779273889.1339154,265.52,85.0,2.719,256.89273280153054,87.35787152544866,3.1230630591721007,VISION,0.0,450.0,0,140.0,265.52,184.48,55.0,85.0,20.0,0.0
1779273889.1844904,261.9,70.68,2.837,261.9,70.68,2.837,ESTIMA,0.0,450.0,0,140.0,261.9,188.1,69.32,70.68,20.0,0.0
1779273889.2339504,261.9,70.68,2.837,261.9,70.68,2.837,VISION,0.0,450.0,0,140.0,261.9,188.1,69.32,70.68,20.0,0.0
1779273889.2839205,261.9,70.68,2.837,258.87674314875176,71.63043807740885,2.8257137392014697,VISION,0.0,450.0,0,140.0,261.9,188.1,69.32,70.68,20.0,0.0
1779273889.3338754,261.9,70.68,2.837,257.5072776550411,72.07800947175161,2.8693509191932165,VISION,0.0,450.0,0,140.0,261.9,188.1,69.32,70.68,20.0,0.0
1779273889.3838496,261.9,70.68,2.837,257.5072776550411,72.07800947175161,2.8693509191932165,VISION,0.0,450.0,0,140.0,261.9,188.1,69.32,70.68,20.0,0.0
1779273889.4341106,261.9,70.68,2.837,254.86397406053976,72.81594867333429,3.0151199800228743,VISION,0.0,450.0,0,140.0,261.9,188.1,69.32,70.68,20.0,0.0
1779273889.483851,261.9,70.68,2.837,254.86397406053976,72.81594867333429,3.0151199800228743,VISION,0.0,450.0,0,140.0,261.9,188.1,69.32,70.68,20.0,0.0
1779273889.5339327,261.9,70.68,2.837,252.7191571147816,73.0886650230113,3.128702554680461,VISION,0.0,450.0,0,140.0,261.9,188.1,69.32,70.68,20.0,0.0
1779273889.5839155,261.9,70.68,2.837,252.7191571147816,73.0886650230113,3.128702554680461,VISION,0.0,450.0,0,140.0,261.9,188.1,69.32,70.68,20.0,0.0
1779273889.6338973,261.9,70.68,2.837,252.7191571147816,73.0886650230113,3.128702554680461,VISION,0.0,450.0,0,140.0,261.9,188.1,69.32,70.68,20.0,0.0
1779273889.6839125,261.9,70.68,2.837,250.00607298220382,73.12363888287418,3.2052375905109947,VISION,0.0,450.0,0,140.0,261.9,188.1,69.32,70.68,20.0,0.0
1779273889.734034,250.00607298220382,73.12363888287418,3.2052375905109947,247.55831660415328,72.96764089315097,3.2769903187807183,ESTIMA,0.0,450.0,0,140.0,250.006,199.994,66.876,73.124,20.0,0.0
1779273889.7842307,259.79,54.61,2.957,259.79,54.61,2.957,VISION,0.0,450.0,0,140.0,259.79,190.21,85.39,54.61,20.0,0.0
1779273889.8338673,259.79,54.61,2.957,259.79,54.61,2.957,VISION,0.0,450.0,0,140.0,259.79,190.21,85.39,54.61,20.0,0.0
1779273889.8839011,259.79,54.61,2.957,257.439132375339,55.048949914164474,3.0905877854662753,VISION,0.0,450.0,0,140.0,259.79,190.21,85.39,54.61,20.0,0.0
1779273889.9338992,259.79,54.61,2.957,257.439132375339,55.048949914164474,3.0905877854662753,VISION,0.0,450.0,0,140.0,259.79,190.21,85.39,54.61,20.0,0.0
1779273889.984015,259.79,54.61,2.957,257.439132375339,55.048949914164474,3.0905877854662753,VISION,0.0,450.0,0,140.0,259.79,190.21,85.39,54.61,20.0,0.0
1779273890.0338724,259.79,54.61,2.957,252.8697969792262,55.282210574147776,3.2314398390909282,VISION,0.0,450.0,0,140.0,259.79,190.21,85.39,54.61,20.0,0.0
1779273890.0839226,259.79,54.61,2.957,251.95657190109262,55.19993837066982,3.258392170152634,VISION,0.0,450.0,0,140.0,259.79,190.21,85.39,54.61,20.0,0.0
1779273890.1339214,259.79,54.61,2.957,251.95657190109262,55.19993837066982,3.258392170152634,VISION,0.0,450.0,0,140.0,259.79,190.21,85.39,54.61,20.0,0.0
1779273890.1838994,259.79,54.61,2.957,249.64702438308186,54.92895093321428,3.325855331955738,VISION,0.0,450.0,0,140.0,259.79,190.21,85.39,54.61,20.0,0.0
1779273890.2339082,259.79,54.61,2.957,249.64702438308186,54.92895093321428,3.325855331955738,VISION,0.0,450.0,0,140.0,259.79,190.21,85.39,54.61,20.0,0.0
1779273890.2838604,259.79,54.61,2.957,247.01371810553917,54.43816372944954,3.403682599098924,VISION,0.0,450.0,0,140.0,259.79,190.21,85.39,54.61,20.0,0.0
1779273890.3339915,247.01371810553917,54.43816372944954,3.403682599098924,247.01371810553917,54.43816372944954,3.403682599098924,ESTIMA,0.0,450.0,0,140.0,247.014,202.986,85.562,54.438,20.0,0.0
1779273890.3839076,243.71454742570245,53.55312610624641,3.510138081956389,243.71454742570245,53.55312610624641,3.510138081956389,ESTIMA,0.0,450.0,0,140.0,243.715,206.285,86.447,53.553,20.0,0.0
1779273890.4338744,243.71454742570245,53.55312610624641,3.510138081956389,243.71454742570245,53.55312610624641,3.510138081956389,ESTIMA,0.0,450.0,0,140.0,243.715,206.285,86.447,53.553,20.0,0.0
1779273890.483863,243.71454742570245,53.55312610624641,3.510138081956389,243.71454742570245,53.55312610624641,3.510138081956389,ESTIMA,0.0,450.0,0,140.0,243.715,206.285,86.447,53.553,20.0,0.0
1779273890.5338788,240.29044700382786,52.23077033391405,3.5629437485187636,240.29044700382786,52.23077033391405,3.5629437485187636,ESTIMA,0.0,450.0,0,140.0,240.29,209.71,87.769,52.231,20.0,0.0
1779273890.5838637,238.88477992159218,51.600758689693684,3.703141152383996,238.88477992159218,51.600758689693684,3.703141152383996,ESTIMA,0.0,450.0,0,140.0,238.885,211.115,88.399,51.601,20.0,0.0
1779273890.6338625,238.88477992159218,51.600758689693684,3.703141152383996,238.88477992159218,51.600758689693684,3.703141152383996,ESTIMA,0.0,450.0,0,140.0,238.885,211.115,88.399,51.601,20.0,0.0
1779273890.6838555,238.88477992159218,51.600758689693684,3.703141152383996,238.88477992159218,51.600758689693684,3.703141152383996,ESTIMA,0.0,450.0,0,140.0,238.885,211.115,88.399,51.601,20.0,0.0
1779273890.7340548,235.17859744087747,49.26916670024243,3.762693731433688,235.17859744087747,49.26916670024243,3.762693731433688,ESTIMA,0.0,450.0,0,140.0,235.179,214.821,90.731,49.269,0.0,0.0
1779273890.783896,234.1274284582812,48.51697900473969,3.835874057177247,234.1274284582812,48.51697900473969,3.835874057177247,ESTIMA,0.0,450.0,0,140.0,234.127,215.873,91.483,48.517,0.0,0.0
1779273890.8338935,234.1274284582812,48.51697900473969,3.835874057177247,234.1274284582812,48.51697900473969,3.835874057177247,ESTIMA,0.0,450.0,0,140.0,234.127,215.873,91.483,48.517,0.0,0.0
1779273890.8838787,232.61917641172334,47.2612694611503,3.9203997008741247,232.61917641172334,47.2612694611503,3.9203997008741247,ESTIMA,0.0,450.0,0,140.0,232.619,217.381,92.739,47.261,0.0,0.0
1779273890.9341712,271.22,26.07,-2.493,271.22,26.07,-2.493,ESTIMA,0.0,450.0,0,140.0,271.22,178.78,113.93,26.07,0.0,0.0
1779273890.9840512,271.22,26.07,-2.493,270.4182502380038,25.46228482155416,-2.4563089436672403,VISION,0.0,450.0,0,140.0,271.22,178.78,113.93,26.07,0.0,0.0
1779273891.033868,271.22,26.07,-2.493,270.4182502380038,25.46228482155416,-2.4563089436672403,VISION,0.0,450.0,0,140.0,271.22,178.78,113.93,26.07,0.0,0.0
1779273891.0838735,271.22,26.07,-2.493,270.4182502380038,25.46228482155416,-2.4563089436672403,VISION,0.0,450.0,0,140.0,271.22,178.78,113.93,26.07,0.0,0.0
1779273891.1338663,271.22,26.07,-2.493,269.741129953256,24.908781065198546,-2.454428684138766,VISION,0.0,450.0,0,140.0,271.22,178.78,113.93,26.07,0.0,0.0
1779273891.1838899,271.22,26.07,-2.493,269.741129953256,24.908781065198546,-2.454428684138766,VISION,0.0,450.0,0,140.0,271.22,178.78,113.93,26.07,0.0,0.0
1779273891.2339616,271.22,26.07,-2.493,269.741129953256,24.908781065198546,-2.454428684138766,VISION,0.0,450.0,0,140.0,271.22,178.78,113.93,26.07,-20.0,0.0
1779273891.2838817,271.22,26.07,-2.493,268.9766104646673,24.281432160494674,-2.3180193751461835,VISION,0.0,450.0,0,140.0,271.22,178.78,113.93,26.07,-20.0,0.0
1779273891.3338614,271.22,26.07,-2.493,268.9766104646673,24.281432160494674,-2.3180193751461835,VISION,0.0,450.0,0,140.0,271.22,178.78,113.93,26.07,-20.0,0.0
1779273891.3838577,271.22,26.07,-2.493,268.9766104646673,24.281432160494674,-2.3180193751461844,VISION,0.0,450.0,0,140.0,271.22,178.78,113.93,26.07,-20.0,0.0
1779273891.4339,271.22,26.07,-2.493,267.0889395778991,22.243841112518226,-2.1450164200356867,VISION,0.0,450.0,0,140.0,271.22,178.78,113.93,26.07,-20.0,0.0
1779273891.4840207,271.22,26.07,-2.493,267.0889395778991,22.243841112518226,-2.1450164200356867,VISION,0.0,450.0,0,140.0,271.22,178.78,113.93,26.07,-20.0,0.0
1779273891.5342937,283.49,17.61,-2.007,283.49,17.61,-2.007,ESTIMA,0.0,450.0,0,140.0,283.49,166.51,122.39,17.61,-20.0,0.0
1779273891.583891,283.49,17.61,-2.007,283.49,17.61,-2.007,VISION,0.0,450.0,0,140.0,283.49,166.51,122.39,17.61,-20.0,0.0
1779273891.6339717,283.49,17.61,-2.007,281.7341543875685,13.843311948977922,-1.5401337135239743,VISION,0.0,450.0,0,140.0,283.49,166.51,122.39,17.61,-20.0,0.0
1779273891.6838691,283.49,17.61,-2.007,281.7341543875685,13.843311948977922,-1.5401337135239743,VISION,0.0,450.0,0,140.0,283.49,166.51,122.39,17.61,-20.0,0.0
1779273891.7338762,283.49,17.61,-2.007,281.8661398009615,9.540219919991745,-1.287697371147016,VISION,0.0,450.0,0,140.0,283.49,166.51,122.39,17.61,-20.0,0.0
1779273891.7838643,283.49,17.61,-2.007,281.8661398009615,9.540219919991745,-1.287697371147016,VISION,0.0,450.0,0,140.0,283.49,166.51,122.39,17.61,-20.0,0.0
1779273891.8339515,283.49,17.61,-2.007,283.189439931769,4.991429488711478,-0.7553437974766309,VISION,0.0,450.0,0,140.0,283.49,166.51,122.39,17.61,-20.0,0.0
1779273891.8838668,283.49,17.61,-2.007,283.189439931769,4.991429488711478,-0.7553437974766309,VISION,0.0,450.0,0,140.0,283.49,166.51,122.39,17.61,-20.0,0.0
1779273891.9338622,283.49,17.61,-2.007,283.189439931769,4.991429488711478,-0.7553437974766309,VISION,0.0,450.0,0,140.0,283.49,166.51,122.39,17.61,-20.0,0.0
1779273891.9838905,283.49,17.61,-2.007,286.7324743179972,1.6552090182110848,-0.3099489891400867,VISION,0.0,450.0,0,140.0,283.49,166.51,122.39,17.61,-20.0,0.0
1779273892.033902,283.49,17.61,-2.007,289.6211026285731,0.7300643868322498,-0.08577605591155962,VISION,0.0,450.0,0,140.0,283.49,166.51,122.39,17.61,-20.0,0.0
1779273892.0839844,289.6211026285731,0.7300643868322498,-0.08577605591155962,289.6211026285731,0.7300643868322498,-0.08577605591155962,ESTIMA,0.0,450.0,0,140.0,289.621,160.379,139.27,0.73,-20.0,0.0
1779273892.1341443,282.43,18.23,-2.008,282.43,18.23,-2.008,VISION,0.0,450.0,0,140.0,282.43,167.57,121.77,18.23,-20.0,0.0
1779273892.183872,282.43,18.23,-2.008,279.75376907209477,12.503836345617344,-1.4310135442355707,VISION,0.0,450.0,0,140.0,282.43,167.57,121.77,18.23,-20.0,0.0
1779273892.2341087,282.43,18.23,-2.008,279.75376907209477,12.503836345617344,-1.4310135442355707,VISION,0.0,450.0,0,140.0,282.43,167.57,121.77,18.23,-20.0,0.0
1779273892.2838602,282.43,18.23,-2.008,280.2198576504415,9.191204145022105,-1.1838114037110352,VISION,0.0,450.0,0,140.0,282.43,167.57,121.77,18.23,-20.0,0.0
1779273892.333923,282.43,18.23,-2.008,280.2198576504415,9.191204145022105,-1.1838114037110352,VISION,0.0,450.0,0,140.0,282.43,167.57,121.77,18.23,-20.0,0.0
1779273892.3839147,282.43,18.23,-2.008,282.1625251356997,4.42432840775191,-0.8041432699224382,VISION,0.0,450.0,0,140.0,282.43,167.57,121.77,18.23,-20.0,0.0
1779273892.4338698,282.43,18.23,-2.008,282.1625251356997,4.42432840775191,-0.8041432699224382,VISION,0.0,450.0,0,140.0,282.43,167.57,121.77,18.23,-20.0,0.0
1779273892.483889,282.43,18.23,-2.008,282.1625251356997,4.42432840775191,-0.8041432699224382,VISION,0.0,450.0,0,140.0,282.43,167.57,121.77,18.23,-20.0,0.0
1779273892.5338836,282.43,18.23,-2.008,282.1625251356997,4.42432840775191,-0.8041432699224382,VISION,0.0,450.0,0,140.0,282.43,167.57,121.77,18.23,-20.0,0.0
1779273892.583909,282.43,18.23,-2.008,287.02351721146755,-0.6224068278134878,-0.16303400266161305,VISION,0.0,450.0,0,140.0,282.43,167.57,121.77,18.23,-20.0,0.0
1779273892.6338706,282.43,18.23,-2.008,288.730352351433,-0.9031709902876187,-0.03519422060675423,VISION,0.0,450.0,0,140.0,282.43,167.57,121.77,18.23,-20.0,0.0
1779273892.684249,292.0668571664749,-1.0206451832864174,0.21094971638540688,275.01,22.92,-1.588,ESTIMA,0.0,450.0,0,140.0,292.067,157.933,141.021,-1.021,-20.0,0.0
1779273892.7340167,275.01,22.92,-1.588,275.01,22.92,-1.588,VISION,0.0,450.0,0,140.0,275.01,174.99,117.08,22.92,0.0,0.0
1779273892.7838953,275.01,22.92,-1.588,275.01,22.92,-1.588,VISION,0.0,450.0,0,140.0,275.01,174.99,117.08,22.92,0.0,0.0
1779273892.8338747,275.01,22.92,-1.588,274.8978903016869,16.404028874250752,-1.1083364020555015,VISION,0.0,450.0,0,140.0,275.01,174.99,117.08,22.92,0.0,0.0
1779273892.883889,275.01,22.92,-1.588,275.8944064976364,14.405064656278812,-0.9856566126302114,VISION,0.0,450.0,0,140.0,275.01,174.99,117.08,22.92,0.0,0.0
1779273892.9338906,275.01,22.92,-1.588,275.8944064976364,14.405064656278812,-0.9856566126302114,VISION,0.0,450.0,0,140.0,275.01,174.99,117.08,22.92,0.0,0.0
1779273892.9838707,275.01,22.92,-1.588,276.33579531619864,13.738856850925414,-1.0958855974319737,VISION,0.0,450.0,0,140.0,275.01,174.99,117.08,22.92,0.0,0.0
1779273893.0338976,275.01,22.92,-1.588,276.33579531619864,13.738856850925414,-1.0958855974319737,VISION,0.0,450.0,0,140.0,275.01,174.99,117.08,22.92,0.0,0.0
1779273893.0838826,275.01,22.92,-1.588,276.33579531619864,13.738856850925416,-1.0958855974319746,VISION,0.0,450.0,0,140.0,275.01,174.99,117.08,22.92,0.0,0.0
1779273893.1338654,275.01,22.92,-1.588,276.33579531619864,13.738856850925416,-1.0958855974319746,VISION,0.0,450.0,0,140.0,275.01,174.99,117.08,22.92,0.0,0.0
1779273893.1838598,275.01,22.92,-1.588,276.33579531619864,13.738856850925416,-1.0958855974319746,VISION,0.0,450.0,0,140.0,275.01,174.99,117.08,22.92,0.0,0.0
1779273893.2339308,275.01,22.92,-1.588,276.33579531619864,13.73885685092542,-1.0958855974319759,VISION,0.0,450.0,0,140.0,275.01,174.99,117.08,22.92,0.0,0.0
1779273893.4338918,267.95,24.34,-0.795,267.95,24.340000000000003,-0.7950000000000009,VISION,0.0,450.0,0,140.0,267.95,182.05,115.66,24.34,20.0,0.0
1779273893.483885,267.95,24.34,-0.795,267.95,24.340000000000003,-0.7950000000000009,VISION,0.0,450.0,0,140.0,267.95,182.05,115.66,24.34,20.0,0.0
1779273893.5338776,267.95,24.34,-0.795,267.95,24.340000000000007,-0.7950000000000019,VISION,0.0,450.0,0,140.0,267.95,182.05,115.66,24.34,20.0,0.0
1779273893.5838814,267.95,24.34,-0.795,268.81186338044677,23.461424698118886,-0.8809831923062853,VISION,0.0,450.0,0,140.0,267.95,182.05,115.66,24.34,20.0,0.0
1779273893.6339302,267.95,24.34,-0.795,268.81186338044677,23.461424698118886,-0.8809831923062853,VISION,0.0,450.0,0,140.0,267.95,182.05,115.66,24.34,20.0,0.0
1779273893.6840532,267.95,24.34,-0.795,268.81186338044677,23.461424698118886,-0.8809831923062853,VISION,0.0,450.0,0,140.0,267.95,182.05,115.66,24.34,20.0,0.0
1779273893.7338696,267.95,24.34,-0.795,270.0393315805854,21.97362412877854,-0.8380642771926917,VISION,0.0,450.0,0,140.0,267.95,182.05,115.66,24.34,20.0,0.0
1779273893.7839668,267.95,24.34,-0.795,270.0393315805854,21.97362412877854,-0.8380642771926917,VISION,0.0,450.0,0,140.0,267.95,182.05,115.66,24.34,20.0,0.0
1779273893.8339837,267.95,24.34,-0.795,271.3891779721216,20.473544269480904,-0.825668976558556,VISION,0.0,450.0,0,140.0,267.95,182.05,115.66,24.34,20.0,0.0
1779273893.8840365,266.08,23.74,-0.581,266.08,23.74,-0.581,VISION,0.0,450.0,0,140.0,266.08,183.92,116.26,23.74,20.0,0.0
1779273893.9338977,266.08,23.74,-0.581,268.583645618788,22.096109711827722,-0.5483229997336028,VISION,0.0,450.0,0,140.0,266.08,183.92,116.26,23.74,20.0,0.0
1779273893.983895,266.08,23.74,-0.581,268.583645618788,22.096109711827722,-0.5483229997336028,VISION,0.0,450.0,0,140.0,266.08,183.92,116.26,23.74,20.0,0.0
1779273894.0339012,266.08,23.74,-0.581,270.41177091448355,20.9794904160054,-0.5193412897395726,VISION,0.0,450.0,0,140.0,266.08,183.92,116.26,23.74,20.0,0.0
1779273894.0839307,266.08,23.74,-0.581,270.41177091448355,20.9794904160054,-0.5193412897395726,VISION,0.0,450.0,0,140.0,266.08,183.92,116.26,23.74,20.0,0.0
1779273894.133877,266.08,23.74,-0.581,272.43865940675727,19.820743587748044,-0.47960337946041537,VISION,0.0,450.0,0,140.0,266.08,183.92,116.26,23.74,20.0,0.0
1779273894.1838696,266.08,23.74,-0.581,272.43865940675727,19.820743587748044,-0.47960337946041537,VISION,0.0,450.0,0,140.0,266.08,183.92,116.26,23.74,20.0,0.0
1779273894.2339745,266.08,23.74,-0.581,274.570604633326,18.711904315523093,-0.516469319542756,VISION,0.0,450.0,0,140.0,266.08,183.92,116.26,23.74,20.0,0.0
1779273894.2838962,266.08,23.74,-0.581,274.570604633326,18.711904315523093,-0.516469319542756,VISION,0.0,450.0,0,140.0,266.08,183.92,116.26,23.74,20.0,0.0
1779273894.3339043,266.08,23.74,-0.581,276.85456047817445,17.41488430802312,-0.4619089072030804,VISION,0.0,450.0,0,140.0,266.08,183.92,116.26,23.74,20.0,0.0
1779273894.383919,266.08,23.74,-0.581,276.85456047817445,17.41488430802312,-0.4619089072030804,VISION,0.0,450.0,0,140.0,266.08,183.92,116.26,23.74,20.0,0.0
1779273894.4341166,276.85456047817445,17.41488430802312,-0.4619089072030804,279.0482065513674,16.32282475555138,-0.3480643538752172,ESTIMA,0.0,450.0,0,140.0,276.855,173.145,122.585,17.415,20.0,0.0
1779273894.4840333,267.78,29.56,-0.439,267.78,29.56,-0.439,VISION,0.0,450.0,0,140.0,267.78,182.22,110.44,29.56,20.0,0.0
1779273894.5339844,267.78,29.56,-0.439,269.84208351225453,28.59172916421648,-0.3934451206106828,VISION,0.0,450.0,0,140.0,267.78,182.22,110.44,29.56,20.0,0.0
1779273894.5838778,267.78,29.56,-0.439,269.84208351225453,28.59172916421648,-0.3934451206106828,VISION,0.0,450.0,0,140.0,267.78,182.22,110.44,29.56,20.0,0.0
1779273894.633894,267.78,29.56,-0.439,269.84208351225453,28.59172916421648,-0.3934451206106828,VISION,0.0,450.0,0,140.0,267.78,182.22,110.44,29.56,20.0,0.0
1779273894.6839213,267.78,29.56,-0.439,271.9776102490848,27.705297916137617,-0.2888771499399786,VISION,0.0,450.0,0,140.0,267.78,182.22,110.44,29.56,20.0,0.0
1779273894.7339816,267.78,29.56,-0.439,273.7415642511835,27.181067799015622,-0.20272757848066317,VISION,0.0,450.0,0,140.0,267.78,182.22,110.44,29.56,20.0,0.0
1779273894.7839124,267.78,29.56,-0.439,273.7415642511835,27.181067799015622,-0.20272757848066317,VISION,0.0,450.0,0,140.0,267.78,182.22,110.44,29.56,20.0,0.0
1779273894.8340795,267.78,29.56,-0.439,273.7415642511835,27.181067799015622,-0.20272757848066317,VISION,0.0,450.0,0,140.0,267.78,182.22,110.44,29.56,20.0,0.0
1779273894.8838933,267.78,29.56,-0.439,276.35699558135434,26.643462562580368,-0.14273048914507958,VISION,0.0,450.0,0,140.0,267.78,182.22,110.44,29.56,20.0,0.0
1779273894.933872,267.78,29.56,-0.439,276.35699558135434,26.643462562580368,-0.14273048914507958,VISION,0.0,450.0,0,140.0,267.78,182.22,110.44,29.56,20.0,0.0
1779273894.9839137,267.78,29.56,-0.439,276.35699558135434,26.643462562580368,-0.14273048914507958,VISION,0.0,450.0,0,140.0,267.78,182.22,110.44,29.56,20.0,0.0
1779273895.0342133,280.4054980269097,26.061661637357062,-0.04418082723531226,268.9,42.18,-0.157,ESTIMA,0.0,450.0,0,140.0,280.405,169.595,113.938,26.062,20.0,0.0
1779273895.0841553,268.9,42.18,-0.157,268.9,42.18,-0.157,VISION,0.0,450.0,0,140.0,268.9,181.1,97.82,42.18,20.0,0.0
1779273895.1338806,268.9,42.18,-0.157,268.9,42.18,-0.157,VISION,0.0,450.0,0,140.0,268.9,181.1,97.82,42.18,20.0,0.0
1779273895.1838744,268.9,42.18,-0.157,270.84557887244847,41.872009395394436,-0.05709133760523452,VISION,0.0,450.0,0,140.0,268.9,181.1,97.82,42.18,20.0,0.0
1779273895.2339282,268.9,42.18,-0.157,270.84557887244847,41.872009395394436,-0.05709133760523452,VISION,0.0,450.0,0,140.0,268.9,181.1,97.82,42.18,20.0,0.0
1779273895.2838864,268.9,42.18,-0.157,272.5270775314731,41.77590595121777,0.08615343082117949,VISION,0.0,450.0,0,140.0,268.9,181.1,97.82,42.18,20.0,0.0
1779273895.333885,268.9,42.18,-0.157,272.5270775314731,41.77590595121777,0.08615343082117949,VISION,0.0,450.0,0,140.0,268.9,181.1,97.82,42.18,20.0,0.0
1779273895.3838801,268.9,42.18,-0.157,272.5270775314731,41.77590595121777,0.08615343082117949,VISION,0.0,450.0,0,140.0,268.9,181.1,97.82,42.18,20.0,0.0
1779273895.4339256,268.9,42.18,-0.157,275.96373851245875,42.072720809823295,0.10017540505696812,VISION,0.0,450.0,0,140.0,268.9,181.1,97.82,42.18,20.0,0.0
1779273895.48399,268.9,42.18,-0.157,277.7831359640933,42.25559180642797,0.19175657875373633,VISION,0.0,450.0,0,140.0,268.9,181.1,97.82,42.18,20.0,0.0
1779273895.533895,268.9,42.18,-0.157,277.7831359640933,42.25559180642797,0.19175657875373633,VISION,0.0,450.0,0,140.0,268.9,181.1,97.82,42.18,20.0,0.0
1779273895.584055,268.9,42.18,-0.157,280.04202845100394,42.69413772109634,0.252181010987255,VISION,0.0,450.0,0,140.0,268.9,181.1,97.82,42.18,20.0,0.0
1779273895.6340008,280.04202845100394,42.69413772109634,0.252181010987255,280.04202845100394,42.69413772109634,0.252181010987255,ESTIMA,0.0,450.0,0,140.0,280.042,169.958,97.306,42.694,20.0,0.0
1779273895.68391,280.04202845100394,42.69413772109634,0.252181010987255,280.04202845100394,42.69413772109634,0.252181010987255,ESTIMA,0.0,450.0,0,140.0,280.042,169.958,97.306,42.694,20.0,0.0
1779273895.733881,282.55710064971515,43.342187398850776,0.3904329939918869,282.55710064971515,43.342187398850776,0.3904329939918869,ESTIMA,0.0,450.0,0,140.0,282.557,167.443,96.658,43.342,20.0,0.0
1779273895.784259,284.7550020649654,44.24675825620512,0.4593198034395193,284.7550020649654,44.24675825620512,0.4593198034395193,ESTIMA,0.0,450.0,0,140.0,284.755,165.245,95.753,44.247,20.0,0.0
1779273895.833911,284.7550020649654,44.24675825620512,0.4593198034395193,284.7550020649654,44.24675825620512,0.4593198034395193,ESTIMA,0.0,450.0,0,140.0,284.755,165.245,95.753,44.247,20.0,0.0
1779273895.884167,286.5030311025235,45.11133672253456,0.5644121774679889,286.5030311025235,45.11133672253456,0.5644121774679889,ESTIMA,0.0,450.0,0,140.0,286.503,163.497,94.889,45.111,20.0,0.0
1779273895.9339108,286.5030311025235,45.11133672253456,0.5644121774679889,286.5030311025235,45.11133672253456,0.5644121774679889,ESTIMA,0.0,450.0,0,140.0,286.503,163.497,94.889,45.111,20.0,0.0
1779273895.9840705,288.55238532497407,46.40880968201266,0.6903136231928476,288.55238532497407,46.40880968201266,0.6903136231928476,ESTIMA,0.0,450.0,0,140.0,288.552,161.448,93.591,46.409,20.0,0.0
1779273896.0338821,288.55238532497407,46.40880968201266,0.6903136231928476,288.55238532497407,46.40880968201266,0.6903136231928476,ESTIMA,0.0,450.0,0,140.0,288.552,161.448,93.591,46.409,20.0,0.0
1779273896.0838792,289.96810840115666,47.57800369495624,0.8503246635406144,289.96810840115666,47.57800369495624,0.8503246635406144,ESTIMA,0.0,450.0,0,140.0,289.968,160.032,92.422,47.578,20.0,0.0
1779273896.1339111,289.96810840115666,47.57800369495624,0.8503246635406144,289.96810840115666,47.57800369495624,0.8503246635406144,ESTIMA,0.0,450.0,0,140.0,289.968,160.032,92.422,47.578,20.0,0.0
1779273896.183975,289.96810840115666,47.57800369495624,0.8503246635406144,289.96810840115666,47.57800369495624,0.8503246635406144,ESTIMA,0.0,450.0,0,140.0,289.968,160.032,92.422,47.578,20.0,0.0
1779273896.2340672,260.95,70.05,0.361,260.95,70.05,0.361,VISION,0.0,450.0,0,140.0,260.95,189.05,69.95,70.05,20.0,0.0
1779273896.2839022,260.95,70.05,0.361,265.70555430009983,71.84543556287245,0.40477722538819294,VISION,0.0,450.0,0,140.0,260.95,189.05,69.95,70.05,20.0,0.0
1779273896.3339138,260.95,70.05,0.361,267.0115217878798,72.40495883076179,0.530529459995082,VISION,0.0,450.0,0,140.0,260.95,189.05,69.95,70.05,20.0,0.0
1779273896.3838785,260.95,70.05,0.361,267.0115217878798,72.40495883076179,0.530529459995082,VISION,0.0,450.0,0,140.0,260.95,189.05,69.95,70.05,20.0,0.0
1779273896.4338884,260.95,70.05,0.361,269.0753463491159,73.61565704722678,0.6049830892989275,VISION,0.0,450.0,0,140.0,260.95,189.05,69.95,70.05,20.0,0.0
1779273896.4839716,260.95,70.05,0.361,269.0753463491159,73.61565704722678,0.6049830892989275,VISION,0.0,450.0,0,140.0,260.95,189.05,69.95,70.05,20.0,0.0
1779273896.5339255,260.95,70.05,0.361,270.7821870836965,74.7958986423331,0.6699065239326192,VISION,0.0,450.0,0,140.0,260.95,189.05,69.95,70.05,20.0,0.0
1779273896.583887,260.95,70.05,0.361,270.7821870836965,74.7958986423331,0.6699065239326192,VISION,0.0,450.0,0,140.0,260.95,189.05,69.95,70.05,20.0,0.0
1779273896.6338782,260.95,70.05,0.361,273.19797622894254,76.70945014793752,0.7623305990168067,VISION,0.0,450.0,0,140.0,260.95,189.05,69.95,70.05,20.0,0.0
1779273896.6838849,260.95,70.05,0.361,273.19797622894254,76.70945014793752,0.7623305990168067,VISION,0.0,450.0,0,140.0,260.95,189.05,69.95,70.05,20.0,0.0
1779273896.7341635,260.95,70.05,0.361,275.0370631467811,78.46558924516388,0.8994431542941668,VISION,0.0,450.0,0,140.0,260.95,189.05,69.95,70.05,20.0,0.0
1779273896.7843387,275.0370631467811,78.46558924516388,0.8994431542941668,252.59,83.39,0.556,ESTIMA,0.0,450.0,0,140.0,275.037,174.963,61.534,78.466,20.0,0.0
1779273896.8339992,252.59,83.39,0.556,252.59,83.39,0.556,VISION,0.0,450.0,0,140.0,252.59,197.41,56.61,83.39,20.0,0.0
1779273896.883914,252.59,83.39,0.556,254.29249753940394,84.44791695795057,0.7353435632802856,VISION,0.0,450.0,0,140.0,252.59,197.41,56.61,83.39,20.0,0.0
1779273896.9339368,252.59,83.39,0.556,255.48384341374,85.52559290458794,0.825553818100593,VISION,0.0,450.0,0,140.0,252.59,197.41,56.61,83.39,20.0,0.0
1779273896.9839044,252.59,83.39,0.556,255.48384341374,85.52559290458794,0.825553818100593,VISION,0.0,450.0,0,140.0,252.59,197.41,56.61,83.39,20.0,0.0
1779273897.033937,252.59,83.39,0.556,257.4571669303209,87.66411924916316,0.8640688223266991,VISION,0.0,450.0,0,140.0,252.59,197.41,56.61,83.39,20.0,0.0
1779273897.0838912,252.59,83.39,0.556,257.4571669303209,87.66411924916316,0.8640688223266991,VISION,0.0,450.0,0,140.0,252.59,197.41,56.61,83.39,20.0,0.0
1779273897.1339326,252.59,83.39,0.556,259.0030225459974,89.47456324437422,1.0004068551498653,VISION,0.0,450.0,0,140.0,252.59,197.41,56.61,83.39,20.0,0.0
1779273897.1838958,252.59,83.39,0.556,259.0030225459974,89.47456324437422,1.0004068551498653,VISION,0.0,450.0,0,140.0,252.59,197.41,56.61,83.39,20.0,0.0
1779273897.2340317,252.59,83.39,0.556,260.553837557573,91.89197724875228,1.1628402860006875,VISION,0.0,450.0,0,140.0,252.59,197.41,56.61,83.39,20.0,0.0
1779273897.2838922,252.59,83.39,0.556,260.553837557573,91.89197724875228,1.1628402860006875,VISION,0.0,450.0,0,140.0,252.59,197.41,56.61,83.39,20.0,0.0
1779273897.3338866,252.59,83.39,0.556,261.3934246835907,93.8345518490169,1.2828441167395752,VISION,0.0,450.0,0,140.0,252.59,197.41,56.61,83.39,20.0,0.0
1779273897.3842564,261.3934246835907,93.8345518490169,1.2828441167395752,242.16,96.16,0.687,ESTIMA,0.0,450.0,0,140.0,261.393,188.607,46.165,93.835,20.0,0.0
1779273897.4342966,242.16,96.16,0.687,242.16,96.16,0.687,VISION,0.0,450.0,0,140.0,242.16,207.84,43.84,96.16,20.0,0.0
1779273897.483908,242.16,96.16,0.687,242.16,96.16,0.687,VISION,0.0,450.0,0,140.0,242.16,207.84,43.84,96.16,20.0,0.0
1779273897.533929,242.16,96.16,0.687,246.15717163969765,99.59041439346956,0.8762518132926188,VISION,0.0,450.0,0,140.0,242.16,207.84,43.84,96.16,20.0,0.0
1779273897.5838916,242.16,96.16,0.687,246.15717163969765,99.59041439346956,0.8762518132926188,VISION,0.0,450.0,0,140.0,242.16,207.84,43.84,96.16,20.0,0.0
1779273897.6343153,242.16,96.16,0.687,247.72931580496342,101.47773084451222,1.019403809248991,VISION,0.0,450.0,0,140.0,242.16,207.84,43.84,96.16,20.0,0.0
1779273897.6839352,242.16,96.16,0.687,247.72931580496342,101.47773084451222,1.019403809248991,VISION,0.0,450.0,0,140.0,242.16,207.84,43.84,96.16,20.0,0.0
1779273897.733894,242.16,96.16,0.687,247.72931580496342,101.47773084451222,1.019403809248991,VISION,0.0,450.0,0,140.0,242.16,207.84,43.84,96.16,20.0,0.0
1779273897.7839568,242.16,96.16,0.687,249.43518182789109,104.25139384469642,1.1309241690506406,VISION,0.0,450.0,0,140.0,242.16,207.84,43.84,96.16,20.0,0.0
1779273897.8339174,242.16,96.16,0.687,249.43518182789109,104.25139384469642,1.1309241690506406,VISION,0.0,450.0,0,140.0,242.16,207.84,43.84,96.16,20.0,0.0
1779273897.8838837,242.16,96.16,0.687,250.32725425812797,106.14690224947952,1.252109488464414,VISION,0.0,450.0,0,140.0,242.16,207.84,43.84,96.16,20.0,0.0
1779273897.93398,242.16,96.16,0.687,250.32725425812797,106.14690224947952,1.252109488464414,VISION,0.0,450.0,0,140.0,242.16,207.84,43.84,96.16,20.0,0.0
1779273897.9841688,230.11,107.64,0.821,230.11,107.64,0.821,VISION,0.0,450.0,0,140.0,230.11,219.89,32.36,107.64,20.0,0.0
1779273898.0339057,230.11,107.64,0.821,230.11,107.64,0.821,VISION,0.0,450.0,0,140.0,230.11,219.89,32.36,107.64,20.0,0.0
1779273898.083894,230.11,107.64,0.821,231.86099715455376,109.5203338568482,0.9021169291076433,VISION,0.0,450.0,0,140.0,230.11,219.89,32.36,107.64,20.0,0.0
1779273898.133887,230.11,107.64,0.821,231.86099715455376,109.5203338568482,0.9021169291076433,VISION,0.0,450.0,0,140.0,230.11,219.89,32.36,107.64,20.0,0.0
1779273898.1839788,230.11,107.64,0.821,233.34567811721828,111.39942252914999,1.0399135344969905,VISION,0.0,450.0,0,140.0,230.11,219.89,32.36,107.64,20.0,0.0
1779273898.2339387,230.11,107.64,0.821,233.34567811721828,111.39942252914999,1.0399135344969905,VISION,0.0,450.0,0,140.0,230.11,219.89,32.36,107.64,20.0,0.0
1779273898.2838962,230.11,107.64,0.821,233.34567811721828,111.39942252914999,1.0399135344969905,VISION,0.0,450.0,0,140.0,230.11,219.89,32.36,107.64,20.0,0.0
1779273898.3338997,230.11,107.64,0.821,234.93687416854323,114.10967055949826,1.2245527525837119,VISION,0.0,450.0,0,140.0,230.11,219.89,32.36,107.64,20.0,0.0
1779273898.3839717,230.11,107.64,0.821,235.54095884806642,115.78406802122866,1.3298355194433686,VISION,0.0,450.0,0,140.0,230.11,219.89,32.36,107.64,20.0,0.0
1779273898.4338965,230.11,107.64,0.821,235.54095884806642,115.78406802122866,1.3298355194433686,VISION,0.0,450.0,0,140.0,230.11,219.89,32.36,107.64,20.0,0.0
1779273898.4839044,230.11,107.64,0.821,235.54095884806642,115.78406802122866,1.3298355194433686,VISION,0.0,450.0,0,140.0,230.11,219.89,32.36,107.64,20.0,0.0
1779273898.5345514,236.23578800306817,118.61161939865045,1.5968490424251771,216.87,118.27,0.899,ESTIMA,0.0,450.0,0,140.0,236.236,213.764,21.388,118.612,20.0,0.0
1779273898.5839775,216.87,118.27,0.899,216.87,118.27,0.899,VISION,0.0,450.0,0,140.0,216.87,233.13,21.73,118.27,20.0,0.0
1779273898.6339464,216.87,118.27,0.899,217.9748412363936,119.65941903312934,1.000310913206327,VISION,0.0,450.0,0,140.0,216.87,233.13,21.73,118.27,20.0,0.0
1779273898.6839042,216.87,118.27,0.899,217.9748412363936,119.65941903312934,1.000310913206327,VISION,0.0,450.0,0,140.0,216.87,233.13,21.73,118.27,20.0,0.0
1779273898.733905,216.87,118.27,0.899,219.38854059056396,121.86263170211993,1.2371552340619698,VISION,0.0,450.0,0,140.0,216.87,233.13,21.73,118.27,20.0,0.0
1779273898.783891,216.87,118.27,0.899,219.38854059056396,121.86263170211993,1.2371552340619698,VISION,0.0,450.0,0,140.0,216.87,233.13,21.73,118.27,20.0,0.0
1779273898.8339052,216.87,118.27,0.899,220.00638775268934,123.64523497233124,1.2992168991765685,VISION,0.0,450.0,0,140.0,216.87,233.13,21.73,118.27,20.0,0.0
1779273898.8839202,216.87,118.27,0.899,220.00638775268934,123.64523497233124,1.2992168991765685,VISION,0.0,450.0,0,140.0,216.87,233.13,21.73,118.27,20.0,0.0
1779273898.9339285,216.87,118.27,0.899,220.99121622576718,127.18194043186746,1.422940907927287,VISION,0.0,450.0,0,140.0,216.87,233.13,21.73,118.27,20.0,0.0
1779273898.9839394,216.87,118.27,0.899,220.99121622576718,127.18194043186746,1.422940907927287,VISION,0.0,450.0,0,140.0,216.87,233.13,21.73,118.27,20.0,0.0
1779273899.0338979,216.87,118.27,0.899,221.33458120530207,129.48729522748138,1.4936773133364516,VISION,0.0,450.0,0,140.0,216.87,233.13,21.73,118.27,20.0,0.0
1779273899.0839012,221.33458120530207,129.48729522748138,1.4936773133364516,221.33458120530207,129.48729522748138,1.4936773133364516,ESTIMA,0.0,450.0,0,140.0,221.335,228.665,10.513,129.487,20.0,0.0
1779273899.134474,221.49286233450624,131.53565157467085,1.5453976216263825,202.97,128.57,0.922,ESTIMA,0.0,450.0,0,140.0,221.493,228.507,8.464,131.536,20.0,0.0
1779273899.1839652,202.97,128.57,0.922,202.97,128.57,0.922,VISION,0.0,450.0,0,140.0,202.97,247.03,11.43,128.57,20.0,0.0
1779273899.2339814,202.97,128.57,0.922,202.97,128.57,0.922,VISION,0.0,450.0,0,140.0,202.97,247.03,11.43,128.57,20.0,0.0
1779273899.283935,202.97,128.57,0.922,205.61651970410963,132.06003799604974,0.9577242387420775,VISION,0.0,450.0,0,140.0,202.97,247.03,11.43,128.57,20.0,0.0
1779273899.3339365,202.97,128.57,0.922,206.87144976664425,133.84387228242431,0.9830642467531573,VISION,0.0,450.0,0,140.0,202.97,247.03,11.43,128.57,20.0,0.0
1779273899.3839326,202.97,128.57,0.922,206.87144976664425,133.84387228242431,0.9830642467531573,VISION,0.0,450.0,0,140.0,202.97,247.03,11.43,128.57,20.0,0.0
1779273899.4339366,202.97,128.57,0.922,206.87144976664425,133.84387228242431,0.9830642467531573,VISION,0.0,450.0,0,140.0,202.97,247.03,11.43,128.57,20.0,0.0
1779273899.4838984,202.97,128.57,0.922,209.05352377352386,137.11890255410705,1.0452833573614413,VISION,0.0,450.0,0,140.0,202.97,247.03,11.43,128.57,20.0,0.0
1779273899.5339782,202.97,128.57,0.922,209.85994195120216,138.50950564368065,1.146071513277651,VISION,0.0,450.0,0,140.0,202.97,247.03,11.43,128.57,20.0,0.0
1779273899.5839584,202.97,128.57,0.922,209.85994195120216,138.50950564368065,1.146071513277651,VISION,0.0,450.0,0,140.0,202.97,247.03,11.43,128.57,20.0,0.0
1779273899.6339943,202.97,128.57,0.922,209.85994195120216,138.50950564368065,1.146071513277651,VISION,0.0,450.0,0,140.0,202.97,247.03,11.43,128.57,20.0,0.0
1779273899.6840074,211.37645779966857,141.86276235548655,1.3002950894921705,211.37645779966857,141.86276235548655,1.3002950894921705,ESTIMA,0.0,450.0,0,140.0,211.376,238.624,-1.863,141.863,20.0,0.0
1779273899.7343612,192.63,135.74,1.029,192.63,135.74,1.029,VISION,0.0,450.0,0,140.0,192.63,257.37,4.26,135.74,20.0,0.0
1779273899.7839453,192.63,135.74,1.029,194.117747850129,138.2118591725132,1.2190734728722377,VISION,0.0,450.0,0,140.0,192.63,257.37,4.26,135.74,20.0,0.0
1779273899.8339684,192.63,135.74,1.029,194.117747850129,138.2118591725132,1.2190734728722377,VISION,0.0,450.0,0,140.0,192.63,257.37,4.26,135.74,20.0,0.0
1779273899.8839493,192.63,135.74,1.029,194.6885857493849,139.7673514794955,1.3790520535721897,VISION,0.0,450.0,0,140.0,192.63,257.37,4.26,135.74,20.0,0.0
1779273899.9339292,192.63,135.74,1.029,194.6885857493849,139.7673514794955,1.3790520535721897,VISION,0.0,450.0,0,140.0,192.63,257.37,4.26,135.74,20.0,0.0
1779273899.9839337,192.63,135.74,1.029,195.38097235370088,143.3339786530254,1.467661693648255,VISION,0.0,450.0,0,140.0,192.63,257.37,4.26,135.74,20.0,0.0
1779273900.034002,192.63,135.74,1.029,195.38097235370088,143.3339786530254,1.467661693648255,VISION,0.0,450.0,0,140.0,192.63,257.37,4.26,135.74,20.0,0.0
1779273900.0838985,192.63,135.74,1.029,195.57795918562456,145.2371987136967,1.6472061794755977,VISION,0.0,450.0,0,140.0,192.63,257.37,4.26,135.74,20.0,0.0
1779273900.1339397,192.63,135.74,1.029,195.33425730706418,148.4203930746619,1.7246694561504374,VISION,0.0,450.0,0,140.0,192.63,257.37,4.26,135.74,20.0,0.0
1779273900.1840112,192.63,135.74,1.029,195.33425730706418,148.4203930746619,1.7246694561504374,VISION,0.0,450.0,0,140.0,192.63,257.37,4.26,135.74,20.0,0.0
1779273900.233963,192.63,135.74,1.029,194.8728963976054,151.39501213928497,1.8543824550239616,VISION,0.0,450.0,0,140.0,192.63,257.37,4.26,135.74,20.0,0.0
1779273900.284203,194.8728963976054,151.39501213928497,1.8543824550239616,194.8728963976054,151.39501213928497,1.8543824550239616,ESTIMA,0.0,450.0,0,140.0,194.873,255.127,-11.395,151.395,20.0,0.0
1779273900.333988,191.65,136.01,1.401,191.65,136.01,1.401,VISION,0.0,450.0,0,140.0,191.65,258.35,3.99,136.01,20.0,0.0
1779273900.383946,191.65,136.01,1.401,192.31262774962502,139.87490957067948,1.570856114068846,VISION,0.0,450.0,0,140.0,191.65,258.35,3.99,136.01,20.0,0.0
1779273900.4339368,191.65,136.01,1.401,192.31262774962502,139.87490957067948,1.570856114068846,VISION,0.0,450.0,0,140.0,191.65,258.35,3.99,136.01,20.0,0.0
1779273900.4839375,191.65,136.01,1.401,192.3124964537969,142.07095931991188,1.716663454929707,VISION,0.0,450.0,0,140.0,191.65,258.35,3.99,136.01,20.0,0.0
1779273900.533956,191.65,136.01,1.401,192.3124964537969,142.07095931991188,1.716663454929707,VISION,0.0,450.0,0,140.0,191.65,258.35,3.99,136.01,20.0,0.0
1779273900.5838985,191.65,136.01,1.401,191.74745475572988,145.91712057498415,1.813293172847761,VISION,0.0,450.0,0,140.0,191.65,258.35,3.99,136.01,20.0,0.0
1779273900.6338913,191.65,136.01,1.401,191.74745475572988,145.91712057498415,1.813293172847761,VISION,0.0,450.0,0,140.0,191.65,258.35,3.99,136.01,20.0,0.0
1779273900.6839507,191.65,136.01,1.401,191.130052123035,148.4130411130035,1.923772738438281,VISION,0.0,450.0,0,140.0,191.65,258.35,3.99,136.01,20.0,0.0
1779273900.7339423,191.65,136.01,1.401,191.130052123035,148.4130411130035,1.923772738438281,VISION,0.0,450.0,0,140.0,191.65,258.35,3.99,136.01,20.0,0.0
1779273900.78394,191.65,136.01,1.401,190.29613246497325,150.67663485298945,2.1580781712808896,VISION,0.0,450.0,0,140.0,191.65,258.35,3.99,136.01,20.0,0.0
1779273900.8339536,190.29613246497325,150.67663485298945,2.1580781712808896,190.29613246497325,150.67663485298945,2.1580781712808896,ESTIMA,0.0,450.0,0,140.0,190.296,259.704,-10.677,150.677,20.0,0.0
1779273900.8841653,189.17900909696226,152.35493956224087,2.351984599662382,189.17900909696226,152.35493956224087,2.351984599662382,ESTIMA,0.0,450.0,0,140.0,189.179,260.821,-12.355,152.355,20.0,0.0
1779273900.9339247,189.17900909696226,152.35493956224087,2.351984599662382,189.17900909696226,152.35493956224087,2.351984599662382,ESTIMA,0.0,450.0,0,140.0,189.179,260.821,-12.355,152.355,20.0,0.0
1779273900.9839501,186.8717229022241,154.68173484797327,2.5707869669985555,186.8717229022241,154.68173484797327,2.5707869669985555,ESTIMA,0.0,450.0,0,140.0,186.872,263.128,-14.682,154.682,20.0,0.0
1779273901.0340602,186.8717229022241,154.68173484797327,2.5707869669985555,186.8717229022241,154.68173484797327,2.5707869669985555,ESTIMA,0.0,450.0,0,140.0,186.872,263.128,-14.682,154.682,20.0,0.0
1779273901.0839474,186.8717229022241,154.68173484797327,2.5707869669985555,186.8717229022241,154.68173484797327,2.5707869669985555,ESTIMA,0.0,450.0,0,140.0,186.872,263.128,-14.682,154.682,20.0,0.0
1779273901.1339185,183.1933613383837,157.04363227023063,2.678894521600473,183.1933613383837,157.04363227023063,2.678894521600473,ESTIMA,0.0,450.0,0,140.0,183.193,266.807,-17.044,157.044,20.0,0.0
1779273901.1839545,183.1933613383837,157.04363227023063,2.678894521600473,183.1933613383837,157.04363227023063,2.678894521600473,ESTIMA,0.0,450.0,0,140.0,183.193,266.807,-17.044,157.044,20.0,0.0
1779273901.2339818,180.76593595748423,158.25446534613363,2.8589797999546107,180.76593595748423,158.25446534613363,2.8589797999546107,ESTIMA,0.0,450.0,0,140.0,180.766,269.234,-18.254,158.254,20.0,0.0
1779273901.2842562,180.76593595748423,158.25446534613363,2.8589797999546107,180.76593595748423,158.25446534613363,2.8589797999546107,ESTIMA,0.0,450.0,0,140.0,180.766,269.234,-18.254,158.254,20.0,0.0
1779273901.3339567,178.2507288989649,158.9848446613283,2.923701076823179,178.2507288989649,158.9848446613283,2.923701076823179,ESTIMA,0.0,450.0,0,140.0,178.251,271.749,-18.985,158.985,20.0,0.0
1779273901.3840215,178.2507288989649,158.9848446613283,2.923701076823179,178.2507288989649,158.9848446613283,2.923701076823179,ESTIMA,0.0,450.0,0,140.0,178.251,271.749,-18.985,158.985,20.0,0.0
1779273901.434012,175.23300148435897,159.65298944376448,3.05817761805819,175.23300148435897,159.65298944376448,3.05817761805819,ESTIMA,0.0,450.0,0,140.0,175.233,274.767,-19.653,159.653,20.0,0.0
1779273901.4840238,175.23300148435897,159.65298944376448,3.05817761805819,175.23300148435897,159.65298944376448,3.05817761805819,ESTIMA,0.0,450.0,0,140.0,175.233,274.767,-19.653,159.653,20.0,0.0
1779273901.5339615,172.05024473525293,159.91909669503303,3.270295287002251,172.05024473525293,159.91909669503303,3.270295287002251,ESTIMA,0.0,450.0,0,140.0,172.05,277.95,-19.919,159.919,20.0,0.0
1779273901.5839326,172.05024473525293,159.91909669503303,3.270295287002251,172.05024473525293,159.91909669503303,3.270295287002251,ESTIMA,0.0,450.0,0,140.0,172.05,277.95,-19.919,159.919,20.0,0.0
1779273901.6339529,169.80729521401355,159.62881865491917,3.4209610123465812,169.80729521401355,159.62881865491917,3.4209610123465812,ESTIMA,0.0,450.0,0,140.0,169.807,280.193,-19.629,159.629,20.0,0.0
1779273901.6839094,169.80729521401355,159.62881865491917,3.4209610123465812,169.80729521401355,159.62881865491917,3.4209610123465812,ESTIMA,0.0,450.0,0,140.0,169.807,280.193,-19.629,159.629,20.0,0.0
1779273901.7339435,167.68247097058523,159.01926909230122,3.634146378104902,167.68247097058523,159.01926909230122,3.634146378104902,ESTIMA,0.0,450.0,0,140.0,167.682,282.318,-19.019,159.019,20.0,0.0
1779273901.783966,167.68247097058523,159.01926909230122,3.634146378104902,167.68247097058523,159.01926909230122,3.634146378104902,ESTIMA,0.0,450.0,0,140.0,167.682,282.318,-19.019,159.019,20.0,0.0
1779273901.8339822,167.68247097058523,159.01926909230122,3.634146378104902,164.19892372199755,157.14974370691436,3.804634691822496,ESTIMA,0.0,450.0,0,140.0,167.682,282.318,-19.019,159.019,20.0,0.0
1779273901.883951,164.19892372199755,157.14974370691436,3.804634691822496,164.19892372199755,157.14974370691436,3.804634691822496,ESTIMA,0.0,450.0,0,140.0,164.199,285.801,-17.15,157.15,20.0,0.0
1779273901.9339912,162.53452610859335,155.8498644178956,3.8948937420726035,162.53452610859335,155.8498644178956,3.8948937420726035,ESTIMA,0.0,450.0,0,140.0,162.535,287.465,-15.85,155.85,20.0,0.0
1779273901.983933,162.53452610859335,155.8498644178956,3.8948937420726035,162.53452610859335,155.8498644178956,3.8948937420726035,ESTIMA,0.0,450.0,0,140.0,162.535,287.465,-15.85,155.85,20.0,0.0
1779273902.0340257,160.45718255162808,153.90177003230806,4.0841226497338114,160.45718255162808,153.90177003230806,4.0841226497338114,ESTIMA,0.0,450.0,0,140.0,160.457,289.543,-13.902,153.902,20.0,0.0
1779273902.0840929,160.45718255162808,153.90177003230806,4.0841226497338114,160.45718255162808,153.90177003230806,4.0841226497338114,ESTIMA,0.0,450.0,0,140.0,160.457,289.543,-13.902,153.902,20.0,0.0
1779273902.1339512,160.45718255162808,153.90177003230806,4.0841226497338114,160.45718255162808,153.90177003230806,4.0841226497338114,ESTIMA,0.0,450.0,0,140.0,160.457,289.543,-13.902,153.902,20.0,0.0
1779273902.1840668,157.907472931665,150.39201054743398,4.191408897263268,157.907472931665,150.39201054743398,4.191408897263268,ESTIMA,0.0,450.0,0,140.0,157.907,292.093,-10.392,150.392,20.0,0.0
1779273902.23395,157.907472931665,150.39201054743398,4.191408897263268,157.907472931665,150.39201054743398,4.191408897263268,ESTIMA,0.0,450.0,0,140.0,157.907,292.093,-10.392,150.392,20.0,0.0
1779273902.2839227,156.1551696896111,147.33849365418243,4.342049099214061,156.1551696896111,147.33849365418243,4.342049099214061,ESTIMA,0.0,450.0,0,140.0,156.155,293.845,-7.338,147.338,20.0,0.0
1779273902.333952,156.1551696896111,147.33849365418243,4.342049099214061,156.1551696896111,147.33849365418243,4.342049099214061,ESTIMA,0.0,450.0,0,140.0,156.155,293.845,-7.338,147.338,20.0,0.0
1779273902.3840222,155.17834962207675,144.82256464767664,4.407395681028647,155.17834962207675,144.82256464767664,4.407395681028647,ESTIMA,0.0,450.0,0,140.0,155.178,294.822,-4.823,144.823,20.0,0.0
1779273902.4339619,155.17834962207675,144.82256464767664,4.407395681028647,155.17834962207675,144.82256464767664,4.407395681028647,ESTIMA,0.0,450.0,0,140.0,155.178,294.822,-4.823,144.823,20.0,0.0
1779273902.4839578,154.2549220626529,141.88933391954038,4.609831054541134,154.2549220626529,141.88933391954038,4.609831054541134,ESTIMA,0.0,450.0,0,140.0,154.255,295.745,-1.889,141.889,20.0,0.0
1779273902.533974,154.2549220626529,141.88933391954038,4.609831054541134,154.2549220626529,141.88933391954038,4.609831054541134,ESTIMA,0.0,450.0,0,140.0,154.255,295.745,-1.889,141.889,20.0,0.0
1779273902.5839283,154.04768992827013,139.87578832582537,4.696235154493472,154.04768992827013,139.87578832582537,4.696235154493472,ESTIMA,0.0,450.0,0,140.0,154.048,295.952,0.124,139.876,20.0,0.0
1779273902.6340082,154.04768992827013,139.87578832582537,4.696235154493472,154.04768992827013,139.87578832582537,4.696235154493472,ESTIMA,0.0,450.0,0,140.0,154.048,295.952,0.124,139.876,20.0,0.0
1779273902.6839912,153.99251071555128,136.46022513931183,4.923874691698757,153.99251071555128,136.46022513931183,4.923874691698757,ESTIMA,0.0,450.0,0,140.0,153.993,296.007,3.54,136.46,20.0,0.0
1779273902.7339332,153.99251071555128,136.46022513931183,4.923874691698757,153.99251071555128,136.46022513931183,4.923874691698757,ESTIMA,0.0,450.0,0,140.0,153.993,296.007,3.54,136.46,20.0,0.0
1779273902.7839644,154.64826659412915,133.40588114626442,5.0575398625314385,154.64826659412915,133.40588114626442,5.0575398625314385,ESTIMA,0.0,450.0,0,140.0,154.648,295.352,6.594,133.406,20.0,0.0
1779273902.8340147,154.64826659412915,133.40588114626442,5.0575398625314385,154.64826659412915,133.40588114626442,5.0575398625314385,ESTIMA,0.0,450.0,0,140.0,154.648,295.352,6.594,133.406,20.0,0.0
1779273902.8839278,155.53293260986,130.94535148916333,5.168550112019622,155.53293260986,130.94535148916333,5.168550112019622,ESTIMA,0.0,450.0,0,140.0,155.533,294.467,9.055,130.945,20.0,0.0
1779273902.9339314,155.53293260986,130.94535148916333,5.168550112019622,155.53293260986,130.94535148916333,5.168550112019622,ESTIMA,0.0,450.0,0,140.0,155.533,294.467,9.055,130.945,20.0,0.0
1779273902.9839542,156.4945269402065,128.98562022405434,5.312145810253454,156.4945269402065,128.98562022405434,5.312145810253454,ESTIMA,0.0,450.0,0,140.0,156.495,293.505,11.014,128.986,20.0,0.0
1779273903.0339196,156.4945269402065,128.98562022405434,5.312145810253454,156.4945269402065,128.98562022405434,5.312145810253454,ESTIMA,0.0,450.0,0,140.0,156.495,293.505,11.014,128.986,20.0,0.0
1779273903.0839593,158.67607890614676,125.79519005975366,5.4036972265453675,158.67607890614676,125.79519005975366,5.4036972265453675,ESTIMA,0.0,450.0,0,140.0,158.676,291.324,14.205,125.795,20.0,0.0
1779273903.1339545,158.67607890614676,125.79519005975366,5.4036972265453675,158.67607890614676,125.79519005975366,5.4036972265453675,ESTIMA,0.0,450.0,0,140.0,158.676,291.324,14.205,125.795,20.0,0.0
1779273903.183987,160.04575402880013,124.14006930393124,5.545765005136268,160.04575402880013,124.14006930393124,5.545765005136268,ESTIMA,0.0,450.0,0,140.0,160.046,289.954,15.86,124.14,20.0,0.0
1779273903.2340698,160.04575402880013,124.14006930393124,5.545765005136268,160.04575402880013,124.14006930393124,5.545765005136268,ESTIMA,0.0,450.0,0,140.0,160.046,289.954,15.86,124.14,20.0,0.0
1779273903.2839859,163.11239953149737,121.35442002790487,5.646560168429734,163.11239953149737,121.35442002790487,5.646560168429734,ESTIMA,0.0,450.0,0,140.0,163.112,286.888,18.646,121.354,0.0,0.0
1779273903.3339326,163.11239953149737,121.35442002790487,5.646560168429734,163.11239953149737,121.35442002790487,5.646560168429734,ESTIMA,0.0,450.0,0,140.0,163.112,286.888,18.646,121.354,0.0,0.0
1779273903.383968,165.11033581884016,119.8773232538907,5.752206579846526,165.11033581884016,119.8773232538907,5.752206579846526,ESTIMA,0.0,450.0,0,140.0,165.11,284.89,20.123,119.877,0.0,0.0
1779273903.4339266,165.11033581884016,119.8773232538907,5.752206579846526,165.11033581884016,119.8773232538907,5.752206579846526,ESTIMA,0.0,450.0,0,140.0,165.11,284.89,20.123,119.877,0.0,0.0
1779273903.4839587,165.11033581884016,119.8773232538907,5.752206579846526,165.11033581884016,119.8773232538907,5.752206579846526,ESTIMA,0.0,450.0,0,140.0,165.11,284.89,20.123,119.877,0.0,0.0
1779273903.5339396,169.25794533670032,117.44171218675551,5.927865713403048,169.25794533670032,117.44171218675551,5.927865713403048,ESTIMA,0.0,450.0,0,140.0,169.258,280.742,22.558,117.442,0.0,0.0
1779273903.5839741,170.38759705410567,117.02253380609373,5.946801352864527,170.38759705410567,117.02253380609373,5.946801352864527,ESTIMA,0.0,450.0,0,140.0,170.388,279.612,22.977,117.023,0.0,0.0
1779273903.6339903,170.38759705410567,117.02253380609373,5.946801352864527,170.38759705410567,117.02253380609373,5.946801352864527,ESTIMA,0.0,450.0,0,140.0,170.388,279.612,22.977,117.023,0.0,0.0
1779273903.6839385,171.90540356520597,116.4917970345984,5.922002428376142,171.90540356520597,116.4917970345984,5.922002428376142,ESTIMA,0.0,450.0,0,140.0,171.905,278.095,23.508,116.492,0.0,0.0
1779273903.7339773,171.90540356520597,116.4917970345984,5.922002428376142,171.90540356520597,116.4917970345984,5.922002428376142,ESTIMA,0.0,450.0,0,140.0,171.905,278.095,23.508,116.492,0.0,0.0
1779273903.78406,172.97950461908997,116.08605114904455,5.869938908368956,172.97950461908997,116.08605114904455,5.869938908368956,ESTIMA,0.0,450.0,0,140.0,172.98,277.02,23.914,116.086,-20.0,0.0
1779273903.834031,172.97950461908997,116.08605114904455,5.869938908368956,172.97950461908997,116.08605114904455,5.869938908368956,ESTIMA,0.0,450.0,0,140.0,172.98,277.02,23.914,116.086,-20.0,0.0
1779273903.883939,172.97950461908997,116.08605114904455,5.869938908368956,172.97950461908997,116.08605114904455,5.869938908368956,ESTIMA,0.0,450.0,0,140.0,172.98,277.02,23.914,116.086,-20.0,0.0
1779273903.9339669,174.65545675541085,115.35115228923654,6.122352396116488,174.65545675541085,115.35115228923654,6.122352396116488,ESTIMA,0.0,450.0,0,140.0,174.655,275.345,24.649,115.351,-20.0,0.0
1779273903.9839334,177.6195354541627,114.87027741605911,6.309395511372964,177.6195354541627,114.87027741605911,6.309395511372964,ESTIMA,0.0,450.0,0,140.0,177.62,272.38,25.13,114.87,-20.0,0.0
1779273904.0339184,177.6195354541627,114.87027741605911,6.309395511372964,177.6195354541627,114.87027741605911,6.309395511372964,ESTIMA,0.0,450.0,0,140.0,177.62,272.38,25.13,114.87,-20.0,0.0
1779273904.0839205,182.5418953282311,114.99932302518584,6.6715783476678565,182.5418953282311,114.99932302518584,6.6715783476678565,ESTIMA,0.0,450.0,0,140.0,182.542,267.458,25.001,114.999,-20.0,0.0
1779273904.1339278,182.5418953282311,114.99932302518584,6.6715783476678565,182.5418953282311,114.99932302518584,6.6715783476678565,ESTIMA,0.0,450.0,0,140.0,182.542,267.458,25.001,114.999,-20.0,0.0
1779273904.1839676,182.5418953282311,114.99932302518584,6.6715783476678565,186.6098396691586,116.6638350215861,6.996421277458637,ESTIMA,0.0,450.0,0,140.0,182.542,267.458,25.001,114.999,-20.0,0.0
1779273904.2339597,186.6098396691586,116.6638350215861,6.996421277458637,186.6098396691586,116.6638350215861,6.996421277458637,ESTIMA,0.0,450.0,0,140.0,186.61,263.39,23.336,116.664,-20.0,0.0
1779273904.2839777,189.3922699806349,119.07111317549874,7.332636401790025,189.3922699806349,119.07111317549874,7.332636401790025,ESTIMA,0.0,450.0,0,140.0,189.392,260.608,20.929,119.071,-20.0,0.0
1779273904.333949,189.3922699806349,119.07111317549874,7.332636401790025,189.3922699806349,119.07111317549874,7.332636401790025,ESTIMA,0.0,450.0,0,140.0,189.392,260.608,20.929,119.071,-20.0,0.0
1779273904.3842432,189.3922699806349,119.07111317549874,7.332636401790025,191.75683429382457,123.18805685564175,7.683497728697662,ESTIMA,0.0,450.0,0,140.0,189.392,260.608,20.929,119.071,-20.0,0.0
1779273904.4340281,191.75683429382457,123.18805685564175,7.683497728697662,191.75683429382457,123.18805685564175,7.683497728697662,ESTIMA,0.0,450.0,0,140.0,191.757,258.243,16.812,123.188,-20.0,0.0
1779273904.4842873,191.75683429382457,123.18805685564175,7.683497728697662,192.4401384280265,127.15717784800808,8.052581242578595,ESTIMA,0.0,450.0,0,140.0,191.757,258.243,16.812,123.188,-20.0,0.0
1779273904.5340421,192.4401384280265,127.15717784800808,8.052581242578595,192.4401384280265,127.15717784800808,8.052581242578595,ESTIMA,0.0,450.0,0,140.0,192.44,257.56,12.843,127.157,-20.0,0.0
1779273904.5841076,192.4401384280265,127.15717784800808,8.052581242578595,191.7790592516914,130.4420023042121,8.513717431086716,ESTIMA,0.0,450.0,0,140.0,192.44,257.56,12.843,127.157,-20.0,0.0
1779273904.6339285,191.7790592516914,130.4420023042121,8.513717431086716,191.7790592516914,130.4420023042121,8.513717431086716,ESTIMA,0.0,450.0,0,140.0,191.779,258.221,9.558,130.442,-20.0,0.0
1779273904.68394,191.7790592516914,130.4420023042121,8.513717431086716,191.7790592516914,130.4420023042121,8.513717431086716,ESTIMA,0.0,450.0,0,140.0,191.779,258.221,9.558,130.442,-20.0,0.0
1779273904.7341282,191.7790592516914,130.4420023042121,8.513717431086716,191.7790592516914,130.4420023042121,8.513717431086716,ESTIMA,0.0,450.0,0,140.0,191.779,258.221,9.558,130.442,-20.0,0.0
1779273904.7841873,188.07050542258833,135.22302786447878,9.067416714177568,188.07050542258833,135.22302786447878,9.067416714177568,ESTIMA,0.0,450.0,0,140.0,188.071,261.929,4.777,135.223,-20.0,0.0
1779273904.8339672,185.22136962625282,136.2868758659065,9.34513050380946,185.22136962625282,136.2868758659065,9.34513050380946,ESTIMA,0.0,450.0,0,140.0,185.221,264.779,3.713,136.287,-20.0,0.0
1779273904.8839586,185.22136962625282,136.2868758659065,9.34513050380946,185.22136962625282,136.2868758659065,9.34513050380946,ESTIMA,0.0,450.0,0,140.0,185.221,264.779,3.713,136.287,-20.0,0.0
1779273904.933972,180.85960567719516,136.63501575084757,9.745632691369781,180.85960567719516,136.63501575084757,9.745632691369781,ESTIMA,0.0,450.0,0,140.0,180.86,269.14,3.365,136.635,-20.0,0.0
1779273904.9843178,180.85960567719516,136.63501575084757,9.745632691369781,205.56,121.06,1.669,ESTIMA,0.0,450.0,0,140.0,180.86,269.14,3.365,136.635,-20.0,0.0
1779273905.0339553,205.56,121.06,1.669,205.22763188981912,124.4335904512168,1.8236997555775938,VISION,0.0,450.0,0,140.0,205.56,244.44,18.94,121.06,-20.0,0.0
1779273905.0839427,205.56,121.06,1.669,205.22763188981912,124.4335904512168,1.8236997555775938,VISION,0.0,450.0,0,140.0,205.56,244.44,18.94,121.06,-20.0,0.0
1779273905.133959,205.56,121.06,1.669,204.45672974170301,127.41653128901032,2.1050126419091755,VISION,0.0,450.0,0,140.0,205.56,244.44,18.94,121.06,-20.0,0.0
1779273905.1839614,205.56,121.06,1.669,204.45672974170301,127.41653128901032,2.1050126419091755,VISION,0.0,450.0,0,140.0,205.56,244.44,18.94,121.06,-20.0,0.0
1779273905.234077,205.56,121.06,1.669,204.45672974170301,127.41653128901032,2.1050126419091755,VISION,0.0,450.0,0,140.0,205.56,244.44,18.94,121.06,-20.0,0.0
1779273905.2839756,205.56,121.06,1.669,201.41002745892837,132.56651242156286,2.456258553841822,VISION,0.0,450.0,0,140.0,205.56,244.44,18.94,121.06,-20.0,0.0
1779273905.3339665,205.56,121.06,1.669,201.41002745892837,132.56651242156286,2.456258553841822,VISION,0.0,450.0,0,140.0,205.56,244.44,18.94,121.06,0.0,0.0
1779273905.3839736,205.56,121.06,1.669,197.50964995032476,135.75515654575227,2.826820899246585,VISION,0.0,450.0,0,140.0,205.56,244.44,18.94,121.06,0.0,0.0
1779273905.433941,205.56,121.06,1.669,195.02339226778028,136.56467454433658,3.0195340642231474,VISION,0.0,450.0,0,140.0,205.56,244.44,18.94,121.06,0.0,0.0
1779273905.4839864,205.56,121.06,1.669,195.02339226778028,136.56467454433658,3.0195340642231474,VISION,0.0,450.0,0,140.0,205.56,244.44,18.94,121.06,0.0,0.0
1779273905.5339634,193.3291322713095,136.7725066711724,3.065782227552613,193.3291322713095,136.7725066711724,3.065782227552613,ESTIMA,0.0,450.0,0,140.0,193.329,256.671,3.227,136.773,0.0,0.0
1779273905.584269,210.91,119.74,2.315,210.91,119.74,2.315,ESTIMA,0.0,450.0,0,140.0,210.91,239.09,20.26,119.74,0.0,0.0
1779273905.6339884,210.91,119.74,2.315,210.15637552439404,120.55842073348225,2.161545147155222,VISION,0.0,450.0,0,140.0,210.91,239.09,20.26,119.74,0.0,0.0
1779273905.6839504,210.91,119.74,2.315,210.15637552439404,120.55842073348225,2.161545147155222,VISION,0.0,450.0,0,140.0,210.91,239.09,20.26,119.74,0.0,0.0
1779273905.7339427,210.91,119.74,2.315,209.96048418257763,120.85051654409422,2.1130347061690338,VISION,0.0,450.0,0,140.0,210.91,239.09,20.26,119.74,0.0,0.0
1779273905.783944,210.91,119.74,2.315,209.96048418257763,120.85051654409422,2.1130347061690338,VISION,0.0,450.0,0,140.0,210.91,239.09,20.26,119.74,0.0,0.0
1779273905.8339336,210.91,119.74,2.315,209.96048418257763,120.85051654409422,2.1130347061690338,VISION,0.0,450.0,0,140.0,210.91,239.09,20.26,119.74,0.0,0.0
1779273905.983967,210.91,119.74,2.315,209.96048418257763,120.85051654409422,2.113034706169033,VISION,0.0,450.0,0,140.0,210.91,239.09,20.26,119.74,20.0,0.0
1779273906.0339303,210.91,119.74,2.315,209.96048418257763,120.85051654409422,2.113034706169033,VISION,0.0,450.0,0,140.0,210.91,239.09,20.26,119.74,20.0,0.0
1779273906.0839427,210.91,119.74,2.315,209.96048418257763,120.85051654409422,2.113034706169033,VISION,0.0,450.0,0,140.0,210.91,239.09,20.26,119.74,20.0,0.0
1779273906.1343997,209.96048418257763,120.85051654409422,2.113034706169033,209.96048418257763,120.85051654409422,2.113034706169033,ESTIMA,0.0,450.0,0,140.0,209.96,240.04,19.149,120.851,20.0,0.0
1779273906.1841404,216.65,123.31,3.047,216.65,123.31,3.047,VISION,0.0,450.0,0,140.0,216.65,233.35,16.69,123.31,20.0,0.0
1779273906.2341595,216.65,123.31,3.047,216.65,123.31,3.047,VISION,0.0,450.0,0,140.0,216.65,233.35,16.69,123.31,20.0,0.0
1779273906.2839768,216.65,123.31,3.047,214.326933033712,123.53040283256895,3.0468495238195374,VISION,0.0,450.0,0,140.0,216.65,233.35,16.69,123.31,20.0,0.0
1779273906.334087,216.65,123.31,3.047,212.55579256164407,123.69871011578415,3.069212340855173,VISION,0.0,450.0,0,140.0,216.65,233.35,16.69,123.31,20.0,0.0
1779273906.3839722,216.65,123.31,3.047,212.55579256164407,123.69871011578415,3.069212340855173,VISION,0.0,450.0,0,140.0,216.65,233.35,16.69,123.31,20.0,0.0
1779273906.434001,216.65,123.31,3.047,212.55579256164407,123.69871011578415,3.069212340855173,VISION,0.0,450.0,0,140.0,216.65,233.35,16.69,123.31,20.0,0.0
1779273906.4841316,216.65,123.31,3.047,212.55579256164407,123.69871011578415,3.069212340855173,VISION,0.0,450.0,0,140.0,216.65,233.35,16.69,123.31,20.0,0.0
1779273906.5339866,216.65,123.31,3.047,208.64029835236312,123.98261076101622,3.1349695294294886,VISION,0.0,450.0,0,140.0,216.65,233.35,16.69,123.31,20.0,0.0
1779273906.5840032,216.65,123.31,3.047,207.55055967780714,123.9898283410953,3.182283719831271,VISION,0.0,450.0,0,140.0,216.65,233.35,16.69,123.31,20.0,0.0
1779273906.6339374,216.65,123.31,3.047,207.55055967780714,123.9898283410953,3.182283719831271,VISION,0.0,450.0,0,140.0,216.65,233.35,16.69,123.31,20.0,0.0
1779273906.6839354,216.65,123.31,3.047,207.55055967780714,123.9898283410953,3.182283719831271,VISION,0.0,450.0,0,140.0,216.65,233.35,16.69,123.31,20.0,0.0
1779273906.7341578,216.88,122.99,3.099,216.88,122.99,3.099,VISION,0.0,450.0,0,140.0,216.88,233.12,17.01,122.99,20.0,0.0
1779273906.7840269,216.88,122.99,3.099,216.88,122.99,3.099,VISION,0.0,450.0,0,140.0,216.88,233.12,17.01,122.99,20.0,0.0
1779273906.8339443,216.88,122.99,3.099,213.98043772402082,123.11357478770243,3.092638011030078,VISION,0.0,450.0,0,140.0,216.88,233.12,17.01,122.99,20.0,0.0
1779273906.8840024,216.88,122.99,3.099,213.98043772402082,123.11357478770243,3.092638011030078,VISION,0.0,450.0,0,140.0,216.88,233.12,17.01,122.99,20.0,0.0
1779273906.9339678,216.88,122.99,3.099,212.21391408738356,123.20012347157515,3.172652269775639,VISION,0.0,450.0,0,140.0,216.88,233.12,17.01,122.99,20.0,0.0
1779273906.98417,216.88,122.99,3.099,212.21391408738356,123.20012347157515,3.172652269775639,VISION,0.0,450.0,0,140.0,216.88,233.12,17.01,122.99,20.0,0.0
1779273907.0339327,216.88,122.99,3.099,209.54132607604868,123.11708721031573,3.174933029243067,VISION,0.0,450.0,0,140.0,216.88,233.12,17.01,122.99,20.0,0.0
1779273907.0840323,216.88,122.99,3.099,209.54132607604868,123.11708721031573,3.174933029243067,VISION,0.0,450.0,0,140.0,216.88,233.12,17.01,122.99,20.0,0.0
1779273907.1339402,216.88,122.99,3.099,207.34162697522902,123.0437212298875,3.2820516282523022,VISION,0.0,450.0,0,140.0,216.88,233.12,17.01,122.99,20.0,0.0
1779273907.1839774,216.88,122.99,3.099,207.34162697522902,123.0437212298875,3.2820516282523022,VISION,0.0,450.0,0,140.0,216.88,233.12,17.01,122.99,20.0,0.0
1779273907.2339756,216.88,122.99,3.099,205.5663857339449,122.79271984461411,3.3710297307051325,VISION,0.0,450.0,0,140.0,216.88,233.12,17.01,122.99,20.0,0.0
1779273907.2839487,205.5663857339449,122.79271984461411,3.3710297307051325,205.5663857339449,122.79271984461411,3.3710297307051325,ESTIMA,0.0,450.0,0,140.0,205.566,244.434,17.207,122.793,20.0,0.0
1779273907.3344676,220.45,112.09,-2.906,220.45,112.09,-2.906,ESTIMA,0.0,450.0,0,140.0,220.45,229.55,27.91,112.09,20.0,0.0
1779273907.383971,220.45,112.09,-2.906,220.45,112.09,-2.906,VISION,0.0,450.0,0,140.0,220.45,229.55,27.91,112.09,20.0,0.0
1779273907.433943,220.45,112.09,-2.906,217.71445508433686,111.43333129569908,-2.7697924138205576,VISION,0.0,450.0,0,140.0,220.45,229.55,27.91,112.09,20.0,0.0
1779273907.4839363,220.45,112.09,-2.906,217.71445508433686,111.43333129569908,-2.7697924138205576,VISION,0.0,450.0,0,140.0,220.45,229.55,27.91,112.09,20.0,0.0
1779273907.5339723,220.45,112.09,-2.906,215.67941748808718,110.63979753704093,-2.723097920360827,VISION,0.0,450.0,0,140.0,220.45,229.55,27.91,112.09,20.0,0.0
1779273907.583938,220.45,112.09,-2.906,215.67941748808718,110.63979753704093,-2.723097920360827,VISION,0.0,450.0,0,140.0,220.45,229.55,27.91,112.09,20.0,0.0
1779273907.634,220.45,112.09,-2.906,213.56012436940327,109.6972031392526,-2.671314194497786,VISION,0.0,450.0,0,140.0,220.45,229.55,27.91,112.09,20.0,0.0
1779273907.683932,220.45,112.09,-2.906,213.56012436940327,109.6972031392526,-2.671314194497786,VISION,0.0,450.0,0,140.0,220.45,229.55,27.91,112.09,20.0,0.0
1779273907.733958,220.45,112.09,-2.906,211.376945073662,108.5874576125418,-2.6124203779565476,VISION,0.0,450.0,0,140.0,220.45,229.55,27.91,112.09,20.0,0.0
1779273907.7839704,220.45,112.09,-2.906,211.376945073662,108.5874576125418,-2.6124203779565476,VISION,0.0,450.0,0,140.0,220.45,229.55,27.91,112.09,20.0,0.0
1779273907.8339827,220.45,112.09,-2.906,209.8642972451852,107.70285258540649,-2.4602145213594278,VISION,0.0,450.0,0,140.0,220.45,229.55,27.91,112.09,20.0,0.0
1779273907.8840542,209.8642972451852,107.70285258540649,-2.4602145213594278,209.8642972451852,107.70285258540649,-2.4602145213594278,ESTIMA,0.0,450.0,0,140.0,209.864,240.136,32.297,107.703,20.0,0.0
1779273907.934322,227.2,100.8,-2.623,227.2,100.8,-2.623,ESTIMA,0.0,450.0,0,140.0,227.2,222.8,39.2,100.8,20.0,0.0
1779273907.9840105,227.2,100.8,-2.623,227.2,100.8,-2.623,VISION,0.0,450.0,0,140.0,227.2,222.8,39.2,100.8,20.0,0.0
1779273908.0339482,227.2,100.8,-2.623,227.2,100.8,-2.623,VISION,0.0,450.0,0,140.0,227.2,222.8,39.2,100.8,20.0,0.0
1779273908.08394,227.2,100.8,-2.623,224.31983908940768,99.15630766079302,-2.4443584549477237,VISION,0.0,450.0,0,140.0,227.2,222.8,39.2,100.8,20.0,0.0
1779273908.1339438,227.2,100.8,-2.623,223.35562541133135,98.34870990020143,-2.4124105323870353,VISION,0.0,450.0,0,140.0,227.2,222.8,39.2,100.8,20.0,0.0
1779273908.1839461,227.2,100.8,-2.623,223.35562541133135,98.34870990020143,-2.4124105323870353,VISION,0.0,450.0,0,140.0,227.2,222.8,39.2,100.8,20.0,0.0
1779273908.233996,227.2,100.8,-2.623,221.44261620153108,96.6395400347021,-2.281382302400439,VISION,0.0,450.0,0,140.0,227.2,222.8,39.2,100.8,20.0,0.0
1779273908.2839606,227.2,100.8,-2.623,221.44261620153108,96.6395400347021,-2.281382302400439,VISION,0.0,450.0,0,140.0,227.2,222.8,39.2,100.8,20.0,0.0
1779273908.3339474,227.2,100.8,-2.623,219.96023179425154,94.91693502970428,-2.2667673578553322,VISION,0.0,450.0,0,140.0,227.2,222.8,39.2,100.8,20.0,0.0
1779273908.3839407,227.2,100.8,-2.623,219.96023179425154,94.91693502970428,-2.2667673578553322,VISION,0.0,450.0,0,140.0,227.2,222.8,39.2,100.8,20.0,0.0
1779273908.4339948,227.2,100.8,-2.623,218.373457905424,93.01757220726333,-2.1345171038263424,VISION,0.0,450.0,0,140.0,227.2,222.8,39.2,100.8,20.0,0.0
1779273908.4840865,218.373457905424,93.01757220726333,-2.1345171038263424,218.373457905424,93.01757220726333,-2.1345171038263424,ESTIMA,0.0,450.0,0,140.0,218.373,231.627,46.982,93.018,20.0,0.0
1779273908.5340817,237.14,90.86,-2.328,237.14,90.86,-2.328,VISION,0.0,450.0,0,140.0,237.14,212.86,49.14,90.86,20.0,0.0
1779273908.5839593,237.14,90.86,-2.328,234.76774080769627,88.35005300734257,-2.224450042842617,VISION,0.0,450.0,0,140.0,237.14,212.86,49.14,90.86,20.0,0.0
1779273908.633951,237.14,90.86,-2.328,233.63926075467026,86.87681398654057,-2.168475267429308,VISION,0.0,450.0,0,140.0,237.14,212.86,49.14,90.86,20.0,0.0
1779273908.6839385,237.14,90.86,-2.328,233.63926075467026,86.87681398654057,-2.168475267429308,VISION,0.0,450.0,0,140.0,237.14,212.86,49.14,90.86,20.0,0.0
1779273908.7342196,237.14,90.86,-2.328,232.08330910605986,84.5911196549032,-2.089397116422529,VISION,0.0,450.0,0,140.0,237.14,212.86,49.14,90.86,20.0,0.0
1779273908.7839408,237.14,90.86,-2.328,232.08330910605986,84.5911196549032,-2.089397116422529,VISION,0.0,450.0,0,140.0,237.14,212.86,49.14,90.86,20.0,0.0
1779273908.8341725,237.14,90.86,-2.328,230.8261382577561,82.3882828969294,-2.019844676763948,VISION,0.0,450.0,0,140.0,237.14,212.86,49.14,90.86,20.0,0.0
1779273908.8839824,237.14,90.86,-2.328,230.8261382577561,82.3882828969294,-2.019844676763948,VISION,0.0,450.0,0,140.0,237.14,212.86,49.14,90.86,20.0,0.0
1779273908.9343166,237.14,90.86,-2.328,229.87245853928627,80.40920933244172,-1.9038964598949375,VISION,0.0,450.0,0,140.0,237.14,212.86,49.14,90.86,20.0,0.0
1779273908.983959,237.14,90.86,-2.328,229.87245853928627,80.40920933244172,-1.9038964598949375,VISION,0.0,450.0,0,140.0,237.14,212.86,49.14,90.86,20.0,0.0
1779273909.0339496,229.87245853928627,80.40920933244172,-1.9038964598949375,229.87245853928627,80.40920933244172,-1.9038964598949375,ESTIMA,0.0,450.0,0,140.0,229.872,220.128,59.591,80.409,20.0,0.0
1779273909.0841799,229.87245853928627,80.40920933244172,-1.9038964598949375,228.61342043882865,76.77029108410878,-1.7939978831103631,ESTIMA,0.0,450.0,0,140.0,229.872,220.128,59.591,80.409,20.0,0.0
1779273909.1339629,249.93,82.31,-2.084,249.93,82.31,-2.084,VISION,0.0,450.0,0,140.0,249.93,200.07,57.69,82.31,20.0,0.0
1779273909.18405,249.93,82.31,-2.084,249.93,82.31,-2.084,VISION,0.0,450.0,0,140.0,249.93,200.07,57.69,82.31,20.0,0.0
1779273909.2339647,249.93,82.31,-2.084,249.93,82.31,-2.084,VISION,0.0,450.0,0,140.0,249.93,200.07,57.69,82.31,20.0,0.0
1779273909.2839525,249.93,82.31,-2.084,247.74898135029795,78.44001109543126,-1.948394577065215,VISION,0.0,450.0,0,140.0,249.93,200.07,57.69,82.31,20.0,0.0
1779273909.33399,249.93,82.31,-2.084,247.21531950734385,77.09452237006953,-1.9025066575255856,VISION,0.0,450.0,0,140.0,249.93,200.07,57.69,82.31,20.0,0.0
1779273909.383993,249.93,82.31,-2.084,246.78609076740733,75.84834741654525,-1.8868871993460012,VISION,0.0,450.0,0,140.0,249.93,200.07,57.69,82.31,20.0,0.0
1779273909.4339576,249.93,82.31,-2.084,246.78609076740733,75.84834741654525,-1.8868871993460012,VISION,0.0,450.0,0,140.0,249.93,200.07,57.69,82.31,20.0,0.0
1779273909.483988,249.93,82.31,-2.084,245.9245139941597,73.214011812548,-1.8038641018474797,VISION,0.0,450.0,0,140.0,249.93,200.07,57.69,82.31,20.0,0.0
1779273909.5339768,249.93,82.31,-2.084,245.9245139941597,73.214011812548,-1.8038641018474797,VISION,0.0,450.0,0,140.0,249.93,200.07,57.69,82.31,20.0,0.0
1779273909.5839562,249.93,82.31,-2.084,245.21731111131126,70.23483099887899,-1.714077787579632,VISION,0.0,450.0,0,140.0,249.93,200.07,57.69,82.31,20.0,0.0
1779273909.6340556,249.93,82.31,-2.084,245.21731111131126,70.23483099887899,-1.714077787579632,VISION,0.0,450.0,0,140.0,249.93,200.07,57.69,82.31,20.0,0.0
1779273909.6841726,263.92,78.73,-1.672,263.64450588156694,76.0171249321229,-1.5870461685401602,VISION,0.0,450.0,0,140.0,263.92,186.08,61.27,78.73,20.0,0.0
1779273909.7341673,263.92,78.73,-1.672,263.92,78.73,-1.672,VISION,0.0,450.0,0,140.0,263.92,186.08,61.27,78.73,20.0,0.0
1779273909.7839978,263.92,78.73,-1.672,263.64926773419575,76.06401635523976,-1.6347614557079029,VISION,0.0,450.0,0,140.0,263.92,186.08,61.27,78.73,20.0,0.0
1779273909.834028,263.92,78.73,-1.672,263.64926773419575,76.06401635523976,-1.6347614557079029,VISION,0.0,450.0,0,140.0,263.92,186.08,61.27,78.73,20.0,0.0
1779273909.8841543,263.92,78.73,-1.672,263.4950701220227,73.65665384973728,-1.493309831974909,VISION,0.0,450.0,0,140.0,263.92,186.08,61.27,78.73,20.0,0.0
1779273909.9339814,263.92,78.73,-1.672,263.4950701220227,73.65665384973728,-1.493309831974909,VISION,0.0,450.0,0,140.0,263.92,186.08,61.27,78.73,20.0,0.0
1779273909.9844334,263.92,78.73,-1.672,263.724727542721,70.69874997133823,-1.3910132603920893,VISION,0.0,450.0,0,140.0,263.92,186.08,61.27,78.73,20.0,0.0
1779273910.034008,263.92,78.73,-1.672,263.724727542721,70.69874997133823,-1.3910132603920893,VISION,0.0,450.0,0,140.0,263.92,186.08,61.27,78.73,20.0,0.0
1779273910.083989,263.92,78.73,-1.672,263.724727542721,70.69874997133823,-1.3910132603920893,VISION,0.0,450.0,0,140.0,263.92,186.08,61.27,78.73,20.0,0.0
1779273910.1340082,263.92,78.73,-1.672,264.30373262814845,67.51294709226835,-1.2810855374680399,VISION,0.0,450.0,0,140.0,263.92,186.08,61.27,78.73,20.0,0.0
1779273910.1839855,263.92,78.73,-1.672,264.30373262814845,67.51294709226835,-1.2810855374680399,VISION,0.0,450.0,0,140.0,263.92,186.08,61.27,78.73,20.0,0.0
1779273910.2340963,263.92,78.73,-1.672,265.16780317656185,64.61433325830308,-1.1812682607965763,VISION,0.0,450.0,0,140.0,263.92,186.08,61.27,78.73,20.0,0.0
1779273910.2841153,277.95,80.95,-1.261,277.95,80.95,-1.261,VISION,0.0,450.0,0,140.0,277.95,172.05,59.05,80.95,20.0,0.0
1779273910.3342676,277.95,80.95,-1.261,278.89791937285423,77.98870464252506,-1.1564112145792498,VISION,0.0,450.0,0,140.0,277.95,172.05,59.05,80.95,20.0,0.0
1779273910.3840504,277.95,80.95,-1.261,278.89791937285423,77.98870464252506,-1.1564112145792498,VISION,0.0,450.0,0,140.0,277.95,172.05,59.05,80.95,20.0,0.0
1779273910.4340057,277.95,80.95,-1.261,279.41554806948386,76.81188709500341,-1.0387733737129625,VISION,0.0,450.0,0,140.0,277.95,172.05,59.05,80.95,20.0,0.0
1779273910.483953,277.95,80.95,-1.261,279.41554806948386,76.81188709500341,-1.0387733737129625,VISION,0.0,450.0,0,140.0,277.95,172.05,59.05,80.95,20.0,0.0
1779273910.5339694,277.95,80.95,-1.261,280.9230707062684,74.25085046748487,-0.9900117500595705,VISION,0.0,450.0,0,140.0,277.95,172.05,59.05,80.95,20.0,0.0
1779273910.583946,277.95,80.95,-1.261,280.9230707062684,74.25085046748487,-0.9900117500595705,VISION,0.0,450.0,0,140.0,277.95,172.05,59.05,80.95,20.0,0.0
1779273910.63412,277.95,80.95,-1.261,282.66705499362064,71.59351410515622,-0.8782268848046058,VISION,0.0,450.0,0,140.0,277.95,172.05,59.05,80.95,20.0,0.0
1779273910.6839583,277.95,80.95,-1.261,282.66705499362064,71.59351410515622,-0.8782268848046058,VISION,0.0,450.0,0,140.0,277.95,172.05,59.05,80.95,20.0,0.0
1779273910.7339494,277.95,80.95,-1.261,284.9637204134582,68.8253300169133,-0.8276452845619353,VISION,0.0,450.0,0,140.0,277.95,172.05,59.05,80.95,20.0,0.0
1779273910.783947,277.95,80.95,-1.261,284.9637204134582,68.8253300169133,-0.8276452845619353,VISION,0.0,450.0,0,140.0,277.95,172.05,59.05,80.95,20.0,0.0
1779273910.8343382,286.41926200724174,67.24129876826689,-0.759097391696824,290.68,88.46,-0.897,ESTIMA,0.0,450.0,0,140.0,286.419,163.581,72.759,67.241,20.0,0.0
1779273910.8840406,290.68,88.46,-0.897,290.68,88.46,-0.897,VISION,0.0,450.0,0,140.0,290.68,159.32,51.54,88.46,20.0,0.0
1779273910.9339783,290.68,88.46,-0.897,291.9265816417184,86.89875193293643,-0.7845329821677133,VISION,0.0,450.0,0,140.0,290.68,159.32,51.54,88.46,20.0,0.0
1779273910.9839532,290.68,88.46,-0.897,291.9265816417184,86.89875193293643,-0.7845329821677133,VISION,0.0,450.0,0,140.0,290.68,159.32,51.54,88.46,20.0,0.0
1779273911.0340009,290.68,88.46,-0.897,294.24649035235353,84.58285403616348,-0.6763913786703131,VISION,0.0,450.0,0,140.0,290.68,159.32,51.54,88.46,20.0,0.0
1779273911.0840082,290.68,88.46,-0.897,294.24649035235353,84.58285403616348,-0.6763913786703131,VISION,0.0,450.0,0,140.0,290.68,159.32,51.54,88.46,20.0,0.0
1779273911.1340268,290.68,88.46,-0.897,296.9965397784601,82.37536104519681,-0.6774599247087552,VISION,0.0,450.0,0,140.0,290.68,159.32,51.54,88.46,20.0,0.0
1779273911.18396,290.68,88.46,-0.897,296.9965397784601,82.37536104519681,-0.6774599247087552,VISION,0.0,450.0,0,140.0,290.68,159.32,51.54,88.46,20.0,0.0
1779273911.234161,290.68,88.46,-0.897,298.5822065361959,81.0997415116687,-0.4927054323750407,VISION,0.0,450.0,0,140.0,290.68,159.32,51.54,88.46,20.0,0.0
1779273911.2840073,290.68,88.46,-0.897,298.5822065361959,81.0997415116687,-0.4927054323750407,VISION,0.0,450.0,0,140.0,290.68,159.32,51.54,88.46,20.0,0.0
1779273911.3339603,290.68,88.46,-0.897,298.5822065361959,81.0997415116687,-0.4927054323750407,VISION,0.0,450.0,0,140.0,290.68,159.32,51.54,88.46,20.0,0.0
1779273911.3839974,301.45649956594934,79.55662466189376,-0.3885527516412143,301.45649956594934,79.55662466189376,-0.3885527516412143,ESTIMA,0.0,450.0,0,140.0,301.456,148.544,60.443,79.557,20.0,0.0
1779273911.434686,299.49,99.91,-0.562,299.49,99.91,-0.562,ESTIMA,0.0,450.0,0,140.0,299.49,150.51,40.09,99.91,0.0,0.0
1779273911.4840183,299.49,99.91,-0.562,301.557869268642,98.60778172696477,-0.34161989465461795,VISION,0.0,450.0,0,140.0,299.49,150.51,40.09,99.91,0.0,0.0
1779273911.5343165,299.49,99.91,-0.562,301.557869268642,98.60778172696477,-0.34161989465461795,VISION,0.0,450.0,0,140.0,299.49,150.51,40.09,99.91,0.0,0.0
1779273911.583994,299.49,99.91,-0.562,303.0414662241514,98.08027322744775,-0.2913258039177226,VISION,0.0,450.0,0,140.0,299.49,150.51,40.09,99.91,0.0,0.0
1779273911.6340432,299.49,99.91,-0.562,303.0414662241514,98.08027322744775,-0.2913258039177226,VISION,0.0,450.0,0,140.0,299.49,150.51,40.09,99.91,0.0,0.0
1779273911.6840215,299.49,99.91,-0.562,306.0572321186287,97.17597403236825,-0.22831237208896227,VISION,0.0,450.0,0,140.0,299.49,150.51,40.09,99.91,0.0,0.0
1779273911.7339692,299.49,99.91,-0.562,306.0572321186287,97.17597403236825,-0.22831237208896227,VISION,0.0,450.0,0,140.0,299.49,150.51,40.09,99.91,0.0,0.0
1779273911.7839859,299.49,99.91,-0.562,307.6942215555389,96.79559675819614,-0.2737784169187422,VISION,0.0,450.0,0,140.0,299.49,150.51,40.09,99.91,0.0,0.0
1779273911.8340092,299.49,99.91,-0.562,307.6942215555389,96.79559675819614,-0.2737784169187422,VISION,0.0,450.0,0,140.0,299.49,150.51,40.09,99.91,0.0,0.0
1779273911.8839722,299.49,99.91,-0.562,308.9400172273494,96.44573966256765,-0.34015336438447125,VISION,0.0,450.0,0,140.0,299.49,150.51,40.09,99.91,0.0,0.0
1779273911.9339972,299.49,99.91,-0.562,308.9400172273494,96.44573966256765,-0.34015336438447125,VISION,0.0,450.0,0,140.0,299.49,150.51,40.09,99.91,0.0,0.0
1779273911.9842796,308.9400172273494,96.44573966256765,-0.34015336438447114,308.9400172273494,96.44573966256765,-0.34015336438447114,ESTIMA,0.0,450.0,0,140.0,308.94,141.06,43.554,96.446,-20.0,0.0
1779273912.0342863,301.66,113.72,-0.148,301.66,113.72,-0.148,VISION,0.0,450.0,0,140.0,301.66,148.34,26.28,113.72,-20.0,0.0
1779273912.0839715,301.66,113.72,-0.148,301.66,113.72,-0.14799999999999988,VISION,0.0,450.0,0,140.0,301.66,148.34,26.28,113.72,-20.0,0.0
1779273912.1339839,301.66,113.72,-0.148,301.66,113.72,-0.14799999999999988,VISION,0.0,450.0,0,140.0,301.66,148.34,26.28,113.72,-20.0,0.0
1779273912.184005,301.66,113.72,-0.148,304.31348960085865,113.32439083794989,0.05616088282920981,VISION,0.0,450.0,0,140.0,301.66,148.34,26.28,113.72,-20.0,0.0
1779273912.2339938,301.66,113.72,-0.148,304.31348960085865,113.32439083794989,0.05616088282920981,VISION,0.0,450.0,0,140.0,301.66,148.34,26.28,113.72,-20.0,0.0
1779273912.2841656,301.66,113.72,-0.148,309.14506354437043,113.5960219350182,0.4138084014070261,VISION,0.0,450.0,0,140.0,301.66,148.34,26.28,113.72,-20.0,0.0
1779273912.333961,301.66,113.72,-0.148,309.14506354437043,113.5960219350182,0.4138084014070261,VISION,0.0,450.0,0,140.0,301.66,148.34,26.28,113.72,-20.0,0.0
1779273912.3840024,301.66,113.72,-0.148,313.0811594553728,115.32462362986254,0.8072666778820724,VISION,0.0,450.0,0,140.0,301.66,148.34,26.28,113.72,-20.0,0.0
1779273912.4339721,301.66,113.72,-0.148,313.0811594553728,115.32462362986254,0.8072666778820724,VISION,0.0,450.0,0,140.0,301.66,148.34,26.28,113.72,-20.0,0.0
1779273912.4840062,301.66,113.72,-0.148,316.0996084553336,118.47806420620009,1.0625669594038556,VISION,0.0,450.0,0,140.0,301.66,148.34,26.28,113.72,-20.0,0.0
1779273912.5340064,301.66,113.72,-0.148,316.0996084553336,118.47806420620009,1.0625669594038556,VISION,0.0,450.0,0,140.0,301.66,148.34,26.28,113.72,-20.0,0.0
1779273912.58424,316.0996084553336,118.47806420620009,1.0625669594038556,316.0996084553336,118.47806420620009,1.0625669594038556,ESTIMA,0.0,450.0,0,140.0,316.1,133.9,21.522,118.478,-20.0,0.0
1779273912.634109,301.0,120.4,0.016,301.0,120.4,0.016,VISION,0.0,450.0,0,140.0,301.0,149.0,19.6,120.4,-20.0,0.0
1779273912.6844327,301.0,120.4,0.016,309.842938374197,120.54215394168082,0.8242189856765973,VISION,0.0,450.0,0,140.0,301.0,149.0,19.6,120.4,-20.0,0.0
1779273912.7339826,301.0,120.4,0.016,309.842938374197,120.54215394168082,0.8242189856765973,VISION,0.0,450.0,0,140.0,301.0,149.0,19.6,120.4,-20.0,0.0
1779273912.7839592,301.0,120.4,0.016,309.842938374197,120.54215394168082,0.8242189856765973,VISION,0.0,450.0,0,140.0,301.0,149.0,19.6,120.4,-20.0,0.0
1779273912.8339562,301.0,120.4,0.016,313.1944686052319,124.1645539653999,1.1880622540522427,VISION,0.0,450.0,0,140.0,301.0,149.0,19.6,120.4,-20.0,0.0
1779273912.883955,301.0,120.4,0.016,314.39083082788744,127.13624430539458,1.4248212765606643,VISION,0.0,450.0,0,140.0,301.0,149.0,19.6,120.4,-20.0,0.0
1779273912.933994,301.0,120.4,0.016,314.39083082788744,127.13624430539458,1.4248212765606643,VISION,0.0,450.0,0,140.0,301.0,149.0,19.6,120.4,-20.0,0.0
1779273912.9840646,301.0,120.4,0.016,315.0141449519965,131.37587621412985,1.8161025047257848,VISION,0.0,450.0,0,140.0,301.0,149.0,19.6,120.4,-20.0,0.0
1779273913.0339549,301.0,120.4,0.016,315.0141449519965,131.37587621412985,1.8161025047257848,VISION,0.0,450.0,0,140.0,301.0,149.0,19.6,120.4,-20.0,0.0
1779273913.0839546,301.0,120.4,0.016,315.0141449519965,131.37587621412985,1.8161025047257848,VISION,0.0,450.0,0,140.0,301.0,149.0,19.6,120.4,-20.0,0.0
1779273913.1339548,301.0,120.4,0.016,313.82627293637626,136.12075915308083,2.1768033597006333,VISION,0.0,450.0,0,140.0,301.0,149.0,19.6,120.4,-20.0,0.0
1779273913.1842802,300.94,115.95,0.143,300.94,115.95,0.143,VISION,0.0,450.0,0,140.0,300.94,149.06,24.05,115.95,-20.0,0.0
1779273913.2340705,300.94,115.95,0.143,300.94,115.95,0.143,VISION,0.0,450.0,0,140.0,300.94,149.06,24.05,115.95,-20.0,0.0
1779273913.2842305,300.94,115.95,0.143,308.95326949375874,117.58064154933678,0.7546648342501998,VISION,0.0,450.0,0,140.0,300.94,149.06,24.05,115.95,-20.0,0.0
1779273913.3339581,300.94,115.95,0.143,308.95326949375874,117.58064154933678,0.7546648342501998,VISION,0.0,450.0,0,140.0,300.94,149.06,24.05,115.95,-20.0,0.0
1779273913.3841975,300.94,115.95,0.143,312.2963943876641,120.72434191546772,1.0921702823540806,VISION,0.0,450.0,0,140.0,300.94,149.06,24.05,115.95,-20.0,0.0
1779273913.433958,300.94,115.95,0.143,312.2963943876641,120.72434191546772,1.0921702823540806,VISION,0.0,450.0,0,140.0,300.94,149.06,24.05,115.95,-20.0,0.0
1779273913.4840968,300.94,115.95,0.143,312.2963943876641,120.72434191546772,1.0921702823540806,VISION,0.0,450.0,0,140.0,300.94,149.06,24.05,115.95,-20.0,0.0
1779273913.533969,300.94,115.95,0.143,314.71753506934635,125.39055992210876,1.4796121089585752,VISION,0.0,450.0,0,140.0,300.94,149.06,24.05,115.95,0.0,0.0
1779273913.5839603,300.94,115.95,0.143,314.71753506934635,125.39055992210876,1.4796121089585752,VISION,0.0,450.0,0,140.0,300.94,149.06,24.05,115.95,0.0,0.0
1779273913.6340606,300.94,115.95,0.143,315.0667011625392,129.2091794554391,1.8305700936426108,VISION,0.0,450.0,0,140.0,300.94,149.06,24.05,115.95,0.0,0.0
1779273913.6839664,300.94,115.95,0.143,315.0667011625392,129.2091794554391,1.8305700936426108,VISION,0.0,450.0,0,140.0,300.94,149.06,24.05,115.95,0.0,0.0
1779273913.7340984,313.6409596157563,134.57356063923146,2.2408935070650036,313.6409596157563,134.57356063923146,2.2408935070650036,ESTIMA,0.0,450.0,0,140.0,313.641,136.359,5.426,134.574,0.0,0.0
1779273913.7842097,301.52,110.34,0.629,301.52,110.34,0.629,ESTIMA,0.0,450.0,0,140.0,301.52,148.48,29.66,110.34,0.0,0.0
1779273913.8340461,301.52,110.34,0.629,303.31323469420795,111.64472929557684,0.7586919165360612,VISION,0.0,450.0,0,140.0,301.52,148.48,29.66,110.34,0.0,0.0
1779273913.883966,301.52,110.34,0.629,303.31323469420795,111.64472929557684,0.7586919165360612,VISION,0.0,450.0,0,140.0,301.52,148.48,29.66,110.34,0.0,0.0
1779273913.9339647,301.52,110.34,0.629,303.3156848130534,111.64705192199739,0.7582262552383742,VISION,0.0,450.0,0,140.0,301.52,148.48,29.66,110.34,0.0,0.0
1779273913.9839885,301.52,110.34,0.629,303.3156848130534,111.64705192199739,0.7582262552383742,VISION,0.0,450.0,0,140.0,301.52,148.48,29.66,110.34,0.0,0.0
1779273914.183986,301.52,110.34,0.629,303.3156848130534,111.64705192199739,0.7582262552383742,VISION,0.0,450.0,0,140.0,301.52,148.48,29.66,110.34,20.0,0.0
1779273914.234077,301.52,110.34,0.629,303.3156848130534,111.64705192199739,0.7582262552383742,VISION,0.0,450.0,0,140.0,301.52,148.48,29.66,110.34,0.0,0.0
1779273914.284012,301.52,110.34,0.629,303.3156848130534,111.64705192199739,0.7582262552383742,VISION,0.0,450.0,0,140.0,301.52,148.48,29.66,110.34,0.0,0.0
1779273914.3341997,303.97878636690393,112.27506284970063,0.6716812743881808,303.97878636690393,112.27506284970063,0.6716812743881808,ESTIMA,0.0,450.0,0,140.0,303.979,146.021,27.725,112.275,0.0,0.0
1779273914.3842738,304.76,104.87,1.294,304.76,104.87,1.294,VISION,0.0,450.0,0,140.0,304.76,145.24,35.13,104.87,0.0,0.0
1779273914.4340303,304.76,104.87,1.294,304.76,104.87,1.294,VISION,0.0,450.0,0,140.0,304.76,145.24,35.13,104.87,0.0,0.0
1779273914.4840207,304.76,104.87,1.294,304.9167160190988,105.4216442313449,1.371781663289646,VISION,0.0,450.0,0,140.0,304.76,145.24,35.13,104.87,0.0,0.0
1779273914.5339875,304.76,104.87,1.294,305.0257583195576,105.96230227182444,1.373343907435493,VISION,0.0,450.0,0,140.0,304.76,145.24,35.13,104.87,0.0,0.0
1779273914.5839748,304.76,104.87,1.294,305.0257583195576,105.96230227182444,1.373343907435493,VISION,0.0,450.0,0,140.0,304.76,145.24,35.13,104.87,0.0,0.0
1779273914.6341877,304.76,104.87,1.294,305.0257583195576,105.96230227182444,1.373343907435493,VISION,0.0,450.0,0,140.0,304.76,145.24,35.13,104.87,0.0,0.0
1779273914.6839805,304.76,104.87,1.294,305.0257583195576,105.96230227182444,1.373343907435493,VISION,0.0,450.0,0,140.0,304.76,145.24,35.13,104.87,0.0,0.0
1779273914.7339964,304.76,104.87,1.294,305.0257583195576,105.96230227182444,1.373343907435493,VISION,0.0,450.0,0,140.0,304.76,145.24,35.13,104.87,-20.0,0.0
1779273914.7839615,304.76,104.87,1.294,305.0257583195576,105.96230227182444,1.373343907435493,VISION,0.0,450.0,0,140.0,304.76,145.24,35.13,104.87,-20.0,0.0
1779273914.8340094,304.76,104.87,1.294,305.0257583195576,105.96230227182444,1.373343907435493,VISION,0.0,450.0,0,140.0,304.76,145.24,35.13,104.87,-20.0,0.0
1779273914.8839786,304.76,104.87,1.294,305.0257583195576,105.96230227182444,1.373343907435493,VISION,0.0,450.0,0,140.0,304.76,145.24,35.13,104.87,-20.0,0.0
1779273914.9344635,305.69791771353346,109.32210583913435,1.6551536177684119,304.08,104.9,1.326,ESTIMA,0.0,450.0,0,140.0,305.698,144.302,30.678,109.322,-20.0,0.0
1779273914.9840288,304.08,104.9,1.326,304.08,104.9,1.326,VISION,0.0,450.0,0,140.0,304.08,145.92,35.1,104.9,-20.0,0.0
1779273915.0340238,304.08,104.9,1.326,304.9536985778117,108.3975045068419,1.6550974969216152,VISION,0.0,450.0,0,140.0,304.08,145.92,35.1,104.9,-20.0,0.0
1779273915.0840142,304.08,104.9,1.326,304.9536985778117,108.3975045068419,1.6550974969216152,VISION,0.0,450.0,0,140.0,304.08,145.92,35.1,104.9,-20.0,0.0
1779273915.1340187,304.08,104.9,1.326,304.51785037197845,113.55538353407026,2.0365819581578277,VISION,0.0,450.0,0,140.0,304.08,145.92,35.1,104.9,-20.0,0.0
1779273915.1840384,304.08,104.9,1.326,304.51785037197845,113.55538353407026,2.0365819581578277,VISION,0.0,450.0,0,140.0,304.08,145.92,35.1,104.9,-20.0,0.0
1779273915.2340622,304.08,104.9,1.326,302.6665123025603,117.23835289896445,2.413849421618303,VISION,0.0,450.0,0,140.0,304.08,145.92,35.1,104.9,-20.0,0.0
1779273915.2840338,304.08,104.9,1.326,302.6665123025603,117.23835289896445,2.413849421618303,VISION,0.0,450.0,0,140.0,304.08,145.92,35.1,104.9,-20.0,0.0
1779273915.3342023,304.08,104.9,1.326,302.6665123025603,117.23835289896445,2.413849421618303,VISION,0.0,450.0,0,140.0,304.08,145.92,35.1,104.9,-20.0,0.0
1779273915.3840268,304.08,104.9,1.326,299.1316849438665,120.38739468364538,2.7620054686004565,VISION,0.0,450.0,0,140.0,304.08,145.92,35.1,104.9,-20.0,0.0
1779273915.434023,304.08,104.9,1.326,299.1316849438665,120.38739468364538,2.7620054686004565,VISION,0.0,450.0,0,140.0,304.08,145.92,35.1,104.9,-20.0,0.0
1779273915.4841595,293.8528981781817,122.49328288278265,3.2823937704594437,293.8528981781817,122.49328288278265,3.2823937704594437,ESTIMA,0.0,450.0,0,140.0,293.853,156.147,17.507,122.493,-20.0,0.0
1779273915.5341008,293.8528981781817,122.49328288278265,3.2823937704594437,293.8528981781817,122.49328288278265,3.2823937704594437,ESTIMA,0.0,450.0,0,140.0,293.853,156.147,17.507,122.493,-20.0,0.0
1779273915.5843182,304.19,104.86,1.345,304.19,104.86,1.345,VISION,0.0,450.0,0,140.0,304.19,145.81,35.14,104.86,-20.0,0.0
1779273915.6343014,304.19,104.86,1.345,304.4316043236964,105.91176341690151,1.4665109733071913,VISION,0.0,450.0,0,140.0,304.19,145.81,35.14,104.86,-20.0,0.0
1779273915.6840167,304.19,104.86,1.345,304.4316043236964,105.91176341690151,1.4665109733071913,VISION,0.0,450.0,0,140.0,304.19,145.81,35.14,104.86,-20.0,0.0
1779273915.7342606,304.19,104.86,1.345,304.83542016522244,109.76993596590864,1.822478951773958,VISION,0.0,450.0,0,140.0,304.19,145.81,35.14,104.86,-20.0,0.0
1779273915.7840312,304.19,104.86,1.345,304.83542016522244,109.76993596590864,1.822478951773958,VISION,0.0,450.0,0,140.0,304.19,145.81,35.14,104.86,-20.0,0.0
1779273915.8342476,304.19,104.86,1.345,304.83542016522244,109.76993596590864,1.822478951773958,VISION,0.0,450.0,0,140.0,304.19,145.81,35.14,104.86,-20.0,0.0
1779273915.8840032,304.19,104.86,1.345,303.7955394690305,113.81403963418175,2.2046139690593987,VISION,0.0,450.0,0,140.0,304.19,145.81,35.14,104.86,-20.0,0.0
1779273915.9340239,304.19,104.86,1.345,303.7955394690305,113.81403963418175,2.2046139690593987,VISION,0.0,450.0,0,140.0,304.19,145.81,35.14,104.86,-20.0,0.0
1779273915.9840264,304.19,104.86,1.345,300.2226675499197,118.67523397216455,2.6495434392338355,VISION,0.0,450.0,0,140.0,304.19,145.81,35.14,104.86,-20.0,0.0
1779273916.0343063,304.19,104.86,1.345,298.0336251179437,119.84861161615048,2.8768774012506766,VISION,0.0,450.0,0,140.0,304.19,145.81,35.14,104.86,-20.0,0.0
1779273916.0841184,304.19,104.86,1.345,298.0336251179437,119.84861161615048,2.8768774012506766,VISION,0.0,450.0,0,140.0,304.19,145.81,35.14,104.86,-20.0,0.0
1779273916.134163,311.69,102.77,1.611,311.69,102.77,1.611,VISION,0.0,450.0,0,140.0,311.69,138.31,37.23,102.77,-20.0,0.0
1779273916.1840143,311.69,102.77,1.611,311.52559096823353,106.85719972772127,2.0705193570885636,VISION,0.0,450.0,0,140.0,311.69,138.31,37.23,102.77,-20.0,0.0
1779273916.2340276,311.69,102.77,1.611,311.52559096823353,106.85719972772127,2.0705193570885636,VISION,0.0,450.0,0,140.0,311.69,138.31,37.23,102.77,0.0,0.0
1779273916.284008,311.69,102.77,1.611,309.22791349142096,111.06584026178633,2.4242989967257174,VISION,0.0,450.0,0,140.0,311.69,138.31,37.23,102.77,0.0,0.0
1779273916.3339787,311.69,102.77,1.611,309.22791349142096,111.06584026178633,2.4242989967257174,VISION,0.0,450.0,0,140.0,311.69,138.31,37.23,102.77,0.0,0.0
1779273916.3840277,311.69,102.77,1.611,306.1973231620206,113.70939703490892,2.79236893314114,VISION,0.0,450.0,0,140.0,311.69,138.31,37.23,102.77,0.0,0.0
1779273916.434019,311.69,102.77,1.611,306.1973231620206,113.70939703490892,2.79236893314114,VISION,0.0,450.0,0,140.0,311.69,138.31,37.23,102.77,0.0,0.0
1779273916.4840536,311.69,102.77,1.611,304.1133297365458,114.46828121582143,2.790611758288163,VISION,0.0,450.0,0,140.0,311.69,138.31,37.23,102.77,0.0,0.0
1779273916.5340583,311.69,102.77,1.611,304.1133297365458,114.46828121582143,2.790611758288163,VISION,0.0,450.0,0,140.0,311.69,138.31,37.23,102.77,0.0,0.0
1779273916.5840323,311.69,102.77,1.611,303.5431570224296,114.67704453208236,2.706861487284136,VISION,0.0,450.0,0,140.0,311.69,138.31,37.23,102.77,0.0,0.0
1779273916.6340187,311.69,102.77,1.611,303.5431570224296,114.67704453208236,2.706861487284136,VISION,0.0,450.0,0,140.0,311.69,138.31,37.23,102.77,0.0,0.0
1779273916.684237,319.41,101.39,2.443,319.41,101.39,2.443,VISION,0.0,450.0,0,140.0,319.41,130.59,38.61,101.39,0.0,0.0
1779273916.734032,319.41,101.39,2.443,319.41,101.39,2.443,VISION,0.0,450.0,0,140.0,319.41,130.59,38.61,101.39,0.0,0.0
1779273916.934158,319.41,101.39,2.443,319.41,101.39,2.443,VISION,0.0,450.0,0,140.0,319.41,130.59,38.61,101.39,20.0,0.0
1779273916.9842,319.41,101.39,2.443,319.41,101.39,2.443,VISION,0.0,450.0,0,140.0,319.41,130.59,38.61,101.39,20.0,0.0
1779273917.0340147,319.41,101.39,2.443,319.41,101.39,2.443,VISION,0.0,450.0,0,140.0,319.41,130.59,38.61,101.39,20.0,0.0
1779273917.0840244,319.41,101.39,2.443,318.50483966749016,102.15023098358085,2.349460628311147,VISION,0.0,450.0,0,140.0,319.41,130.59,38.61,101.39,20.0,0.0
1779273917.1340284,319.41,101.39,2.443,318.50483966749016,102.15023098358085,2.349460628311147,VISION,0.0,450.0,0,140.0,319.41,130.59,38.61,101.39,20.0,0.0
1779273917.1840136,319.41,101.39,2.443,316.9191034219467,103.75746859908836,2.293999030685506,VISION,0.0,450.0,0,140.0,319.41,130.59,38.61,101.39,20.0,0.0
1779273917.2340498,316.9191034219467,103.75746859908836,2.293999030685506,316.9191034219467,103.75746859908836,2.293999030685506,ESTIMA,0.0,450.0,0,140.0,316.919,133.081,36.243,103.757,20.0,0.0
1779273917.284383,323.33,103.81,3.063,323.33,103.81,3.063,ESTIMA,0.0,450.0,0,140.0,323.33,126.67,36.19,103.81,20.0,0.0
1779273917.3342788,323.33,103.81,3.063,323.33,103.81,3.063,VISION,0.0,450.0,0,140.0,323.33,126.67,36.19,103.81,20.0,0.0
1779273917.3840382,323.33,103.81,3.063,320.8270403159684,104.00712026845464,3.0456852456960206,VISION,0.0,450.0,0,140.0,323.33,126.67,36.19,103.81,20.0,0.0
1779273917.4339747,323.33,103.81,3.063,320.8270403159684,104.00712026845464,3.0456852456960206,VISION,0.0,450.0,0,140.0,323.33,126.67,36.19,103.81,20.0,0.0
1779273917.4840481,323.33,103.81,3.063,318.5931647171804,104.22202480495054,3.1350844312217574,VISION,0.0,450.0,0,140.0,323.33,126.67,36.19,103.81,20.0,0.0
1779273917.5339828,323.33,103.81,3.063,318.5931647171804,104.22202480495054,3.1350844312217574,VISION,0.0,450.0,0,140.0,323.33,126.67,36.19,103.81,20.0,0.0
1779273917.5839934,323.33,103.81,3.063,317.12108690661785,104.23160554995552,3.2528879968736697,VISION,0.0,450.0,0,140.0,323.33,126.67,36.19,103.81,20.0,0.0
1779273917.634065,323.33,103.81,3.063,317.12108690661785,104.23160554995552,3.2528879968736697,VISION,0.0,450.0,0,140.0,323.33,126.67,36.19,103.81,20.0,0.0
1779273917.683994,323.33,103.81,3.063,317.12108690661785,104.23160554995552,3.2528879968736697,VISION,0.0,450.0,0,140.0,323.33,126.67,36.19,103.81,20.0,0.0
1779273917.7339776,323.33,103.81,3.063,314.0370759716172,103.88694525519168,3.30654749922031,VISION,0.0,450.0,0,140.0,323.33,126.67,36.19,103.81,20.0,0.0
1779273917.7840235,323.33,103.81,3.063,314.0370759716172,103.88694525519168,3.30654749922031,VISION,0.0,450.0,0,140.0,323.33,126.67,36.19,103.81,20.0,0.0
1779273917.834127,323.33,103.81,3.063,312.68839182085867,103.66243323418469,3.4200294416001906,VISION,0.0,450.0,0,140.0,323.33,126.67,36.19,103.81,20.0,0.0
1779273917.8843699,324.33,100.3,-3.071,322.22474510566747,100.1511371110631,-2.966247317794375,ESTIMA,0.0,450.0,0,140.0,324.33,125.67,39.7,100.3,20.0,0.0
1779273917.9340136,324.33,100.3,-3.071,324.33,100.3,-3.071,VISION,0.0,450.0,0,140.0,324.33,125.67,39.7,100.3,20.0,0.0
1779273917.9840217,324.33,100.3,-3.071,322.2926047712075,100.15593547817852,-2.968418874634827,VISION,0.0,450.0,0,140.0,324.33,125.67,39.7,100.3,20.0,0.0
1779273918.0340767,324.33,100.3,-3.071,322.2926047712075,100.15593547817852,-2.968418874634827,VISION,0.0,450.0,0,140.0,324.33,125.67,39.7,100.3,20.0,0.0
1779273918.0842996,324.33,100.3,-3.071,322.2926047712075,100.15593547817852,-2.968418874634827,VISION,0.0,450.0,0,140.0,324.33,125.67,39.7,100.3,20.0,0.0
1779273918.134019,324.33,100.3,-3.071,320.4707566591081,99.83724703586283,-2.810817745027685,VISION,0.0,450.0,0,140.0,324.33,125.67,39.7,100.3,20.0,0.0
1779273918.183989,324.33,100.3,-3.071,320.4707566591081,99.83724703586283,-2.810817745027685,VISION,0.0,450.0,0,140.0,324.33,125.67,39.7,100.3,20.0,0.0
1779273918.234028,324.33,100.3,-3.071,320.4707566591081,99.83724703586283,-2.810817745027685,VISION,0.0,450.0,0,140.0,324.33,125.67,39.7,100.3,20.0,0.0
1779273918.2841241,324.33,100.3,-3.071,316.44277776564377,98.45407565404436,-2.714417401739909,VISION,0.0,450.0,0,140.0,324.33,125.67,39.7,100.3,20.0,0.0
1779273918.334054,324.33,100.3,-3.071,315.6837623817298,98.10856687880606,-2.6744145723758312,VISION,0.0,450.0,0,140.0,324.33,125.67,39.7,100.3,20.0,0.0
1779273918.38405,324.33,100.3,-3.071,315.6837623817298,98.10856687880606,-2.6744145723758312,VISION,0.0,450.0,0,140.0,324.33,125.67,39.7,100.3,20.0,0.0
1779273918.434214,313.4082955719761,96.9607738340647,-2.6132477086792907,313.4082955719761,96.9607738340647,-2.6132477086792907,ESTIMA,0.0,450.0,0,140.0,313.408,136.592,43.039,96.961,20.0,0.0
1779273918.4843593,329.8,88.42,-2.82,329.8,88.42,-2.82,VISION,0.0,450.0,0,140.0,329.8,120.2,51.58,88.42,20.0,0.0
1779273918.5341477,329.8,88.42,-2.82,327.91562493276376,87.7922055650168,-2.7191249158382593,VISION,0.0,450.0,0,140.0,329.8,120.2,51.58,88.42,20.0,0.0
1779273918.5840309,329.8,88.42,-2.82,327.91562493276376,87.7922055650168,-2.7191249158382593,VISION,0.0,450.0,0,140.0,329.8,120.2,51.58,88.42,20.0,0.0
1779273918.6340277,329.8,88.42,-2.82,325.0498565141251,86.50394038403292,-2.6341173643296925,VISION,0.0,450.0,0,140.0,329.8,120.2,51.58,88.42,20.0,0.0
1779273918.683996,329.8,88.42,-2.82,325.0498565141251,86.50394038403292,-2.6341173643296925,VISION,0.0,450.0,0,140.0,329.8,120.2,51.58,88.42,20.0,0.0
1779273918.734024,329.8,88.42,-2.82,325.0498565141251,86.50394038403292,-2.6341173643296925,VISION,0.0,450.0,0,140.0,329.8,120.2,51.58,88.42,20.0,0.0
1779273918.7840266,329.8,88.42,-2.82,322.4326049257367,85.04862094832846,-2.553309588458502,VISION,0.0,450.0,0,140.0,329.8,120.2,51.58,88.42,20.0,0.0
1779273918.8340437,329.8,88.42,-2.82,322.4326049257367,85.04862094832846,-2.553309588458502,VISION,0.0,450.0,0,140.0,329.8,120.2,51.58,88.42,20.0,0.0
1779273918.8840199,329.8,88.42,-2.82,320.32057480142373,83.63974509841574,-2.423770600484088,VISION,0.0,450.0,0,140.0,329.8,120.2,51.58,88.42,20.0,0.0
1779273918.9340222,329.8,88.42,-2.82,320.32057480142373,83.63974509841574,-2.423770600484088,VISION,0.0,450.0,0,140.0,329.8,120.2,51.58,88.42,20.0,0.0
1779273918.9840598,329.8,88.42,-2.82,318.8853250685758,82.38645358247055,-2.3772853327331473,VISION,0.0,450.0,0,140.0,329.8,120.2,51.58,88.42,20.0,0.0
1779273919.0343153,338.05,75.2,-2.642,338.05,75.2,-2.642,VISION,0.0,450.0,0,140.0,338.05,111.95,64.8,75.2,20.0,0.0
1779273919.0840254,338.05,75.2,-2.642,338.05,75.2,-2.642,VISION,0.0,450.0,0,140.0,338.05,111.95,64.8,75.2,20.0,0.0
1779273919.1339986,338.05,75.2,-2.642,335.239462871471,73.66608278046232,-2.620824229071639,VISION,0.0,450.0,0,140.0,338.05,111.95,64.8,75.2,20.0,0.0
1779273919.1840267,338.05,75.2,-2.642,335.239462871471,73.66608278046232,-2.620824229071639,VISION,0.0,450.0,0,140.0,338.05,111.95,64.8,75.2,20.0,0.0
1779273919.2340262,338.05,75.2,-2.642,332.6540129037576,72.18311362850787,-2.595182708683696,VISION,0.0,450.0,0,140.0,338.05,111.95,64.8,75.2,20.0,0.0
1779273919.2840686,338.05,75.2,-2.642,332.6540129037576,72.18311362850787,-2.595182708683696,VISION,0.0,450.0,0,140.0,338.05,111.95,64.8,75.2,20.0,0.0
1779273919.3340344,338.05,75.2,-2.642,332.6540129037576,72.18311362850787,-2.595182708683696,VISION,0.0,450.0,0,140.0,338.05,111.95,64.8,75.2,20.0,0.0
1779273919.3840232,338.05,75.2,-2.642,329.7026661709567,70.38817392882831,-2.495561521802414,VISION,0.0,450.0,0,140.0,338.05,111.95,64.8,75.2,20.0,0.0
1779273919.434046,338.05,75.2,-2.642,329.7026661709567,70.38817392882831,-2.495561521802414,VISION,0.0,450.0,0,140.0,338.05,111.95,64.8,75.2,20.0,0.0
1779273919.484023,338.05,75.2,-2.642,329.7026661709567,70.38817392882831,-2.495561521802414,VISION,0.0,450.0,0,140.0,338.05,111.95,64.8,75.2,20.0,0.0
1779273919.5340745,338.05,75.2,-2.642,326.36947900893216,67.87508185342544,-2.4543816310827076,VISION,0.0,450.0,0,140.0,338.05,111.95,64.8,75.2,20.0,0.0
1779273919.5842264,325.3203539972679,67.01410892634078,-2.382531938801883,325.3203539972679,67.01410892634078,-2.382531938801883,ESTIMA,0.0,450.0,0,140.0,325.32,124.68,72.986,67.014,20.0,0.0
1779273919.63435,349.2,64.41,-2.276,349.2,64.41,-2.276,ESTIMA,0.0,450.0,0,140.0,349.2,100.8,75.59,64.41,20.0,0.0
1779273919.684017,349.2,64.41,-2.276,347.6429850062923,62.58084956380877,-2.211290833419305,VISION,0.0,450.0,0,140.0,349.2,100.8,75.59,64.41,20.0,0.0
1779273919.7339883,349.2,64.41,-2.276,347.6429850062923,62.58084956380877,-2.211290833419305,VISION,0.0,450.0,0,140.0,349.2,100.8,75.59,64.41,20.0,0.0
1779273919.7840269,349.2,64.41,-2.276,346.27795209360505,60.749359451963194,-2.1478690733617567,VISION,0.0,450.0,0,140.0,349.2,100.8,75.59,64.41,20.0,0.0
1779273919.8339953,349.2,64.41,-2.276,346.27795209360505,60.749359451963194,-2.1478690733617567,VISION,0.0,450.0,0,140.0,349.2,100.8,75.59,64.41,20.0,0.0
1779273919.8840294,349.2,64.41,-2.276,345.0277710476431,58.82893686876826,-2.0814200311329576,VISION,0.0,450.0,0,140.0,349.2,100.8,75.59,64.41,20.0,0.0
1779273919.9342499,349.2,64.41,-2.276,343.96769686774564,56.93654827034725,-1.9608216570270545,VISION,0.0,450.0,0,140.0,349.2,100.8,75.59,64.41,20.0,0.0
1779273919.9840736,349.2,64.41,-2.276,343.96769686774564,56.93654827034725,-1.9608216570270545,VISION,0.0,450.0,0,140.0,349.2,100.8,75.59,64.41,20.0,0.0
1779273920.034015,349.2,64.41,-2.276,343.96769686774564,56.93654827034725,-1.9608216570270545,VISION,0.0,450.0,0,140.0,349.2,100.8,75.59,64.41,20.0,0.0
1779273920.084158,349.2,64.41,-2.276,342.6955882250213,53.84202983589523,-1.9198431157340496,VISION,0.0,450.0,0,140.0,349.2,100.8,75.59,64.41,20.0,0.0
1779273920.134028,349.2,64.41,-2.276,342.6955882250213,53.84202983589523,-1.9198431157340496,VISION,0.0,450.0,0,140.0,349.2,100.8,75.59,64.41,20.0,0.0
1779273920.1841137,341.8944235469678,51.6407174175314,-1.7897647754181931,341.8944235469678,51.6407174175314,-1.7897647754181931,ESTIMA,0.0,450.0,0,140.0,341.894,108.106,88.359,51.641,20.0,0.0
1779273920.2340913,362.86,57.64,-1.849,362.86,57.64,-1.849,VISION,0.0,450.0,0,140.0,362.86,87.14,82.36,57.64,20.0,0.0
1779273920.2840424,362.86,57.64,-1.849,362.05270861682175,54.813453091081485,-1.7617617642183931,VISION,0.0,450.0,0,140.0,362.86,87.14,82.36,57.64,20.0,0.0
1779273920.3341455,362.86,57.64,-1.849,362.05270861682175,54.813453091081485,-1.7617617642183931,VISION,0.0,450.0,0,140.0,362.86,87.14,82.36,57.64,20.0,0.0
1779273920.3840418,362.86,57.64,-1.849,362.05270861682175,54.813453091081485,-1.7617617642183931,VISION,0.0,450.0,0,140.0,362.86,87.14,82.36,57.64,20.0,0.0
1779273920.433999,362.86,57.64,-1.849,361.40792797723503,51.47817097808573,-1.6613249330398938,VISION,0.0,450.0,0,140.0,362.86,87.14,82.36,57.64,20.0,0.0
1779273920.484017,362.86,57.64,-1.849,361.23130575332567,49.532493593679305,-1.599975306440406,VISION,0.0,450.0,0,140.0,362.86,87.14,82.36,57.64,20.0,0.0
1779273920.534043,362.86,57.64,-1.849,361.23130575332567,49.532493593679305,-1.599975306440406,VISION,0.0,450.0,0,140.0,362.86,87.14,82.36,57.64,20.0,0.0
1779273920.5840323,362.86,57.64,-1.849,361.1659069066607,47.29182973453313,-1.471972484294015,VISION,0.0,450.0,0,140.0,362.86,87.14,82.36,57.64,20.0,0.0
1779273920.6340337,362.86,57.64,-1.849,361.1659069066607,47.29182973453313,-1.471972484294015,VISION,0.0,450.0,0,140.0,362.86,87.14,82.36,57.64,20.0,0.0
1779273920.6840315,362.86,57.64,-1.849,361.1659069066607,47.29182973453313,-1.471972484294015,VISION,0.0,450.0,0,140.0,362.86,87.14,82.36,57.64,20.0,0.0
1779273920.734031,362.86,57.64,-1.849,361.5402610064701,43.516074513375685,-1.346006689186936,VISION,0.0,450.0,0,140.0,362.86,87.14,82.36,57.64,20.0,0.0
1779273920.785262,377.78,56.18,-1.42,377.78,56.18,-1.42,ESTIMA,0.0,450.0,0,140.0,377.78,72.22,83.82,56.18,20.0,0.0
1779273920.8347623,377.78,56.18,-1.42,378.1935424379348,53.45842781574493,-1.2621570607792183,VISION,0.0,450.0,0,140.0,377.78,72.22,83.82,56.18,20.0,0.0
1779273920.8850672,377.78,56.18,-1.42,377.78,56.18,-1.42,VISION,0.0,450.0,0,140.0,377.78,72.22,83.82,56.18,20.0,0.0
1779273920.9347556,377.78,56.18,-1.42,378.06170930684846,54.32603739970841,-1.2507593808942816,VISION,0.0,450.0,0,140.0,377.78,72.22,83.82,56.18,20.0,0.0
1779273920.9849923,377.78,56.18,-1.42,378.06170930684846,54.32603739970841,-1.2507593808942816,VISION,0.0,450.0,0,140.0,377.78,72.22,83.82,56.18,20.0,0.0
1779273921.0347478,377.78,56.18,-1.42,378.61945018068803,52.643207886432286,-1.090586436027944,VISION,0.0,450.0,0,140.0,377.78,72.22,83.82,56.18,20.0,0.0
1779273921.0847993,377.78,56.18,-1.42,378.61945018068803,52.643207886432286,-1.090586436027944,VISION,0.0,450.0,0,140.0,377.78,72.22,83.82,56.18,20.0,0.0
1779273921.1347423,377.78,56.18,-1.42,380.08535968182827,49.828901118769494,-1.0437818001796384,VISION,0.0,450.0,0,140.0,377.78,72.22,83.82,56.18,20.0,0.0
1779273921.1847646,377.78,56.18,-1.42,380.08535968182827,49.828901118769494,-1.0437818001796384,VISION,0.0,450.0,0,140.0,377.78,72.22,83.82,56.18,20.0,0.0
1779273921.2347853,377.78,56.18,-1.42,381.6341140236931,47.167416173021806,-0.9366475608062534,VISION,0.0,450.0,0,140.0,377.78,72.22,83.82,56.18,20.0,0.0
1779273921.2848227,377.78,56.18,-1.42,381.6341140236931,47.167416173021806,-0.9366475608062534,VISION,0.0,450.0,0,140.0,377.78,72.22,83.82,56.18,20.0,0.0
1779273921.334797,377.78,56.18,-1.42,383.34421116874637,44.842298185919574,-0.8894588174813939,VISION,0.0,450.0,0,140.0,377.78,72.22,83.82,56.18,20.0,0.0
1779273921.3848505,391.96,60.19,-1.089,391.96,60.19,-1.089,VISION,0.0,450.0,0,140.0,391.96,58.04,79.81,60.19,20.0,0.0
1779273921.4348054,391.96,60.19,-1.089,391.96,60.19,-1.089,VISION,0.0,450.0,0,140.0,391.96,58.04,79.81,60.19,20.0,0.0
1779273921.4848154,391.96,60.19,-1.089,393.35865708948495,57.51517248174041,-0.9874445964795916,VISION,0.0,450.0,0,140.0,391.96,58.04,79.81,60.19,20.0,0.0
1779273921.5347567,391.96,60.19,-1.089,394.55273163522827,55.705884891900425,-0.917387344542292,VISION,0.0,450.0,0,140.0,391.96,58.04,79.81,60.19,20.0,0.0
1779273921.584794,391.96,60.19,-1.089,394.55273163522827,55.705884891900425,-0.917387344542292,VISION,0.0,450.0,0,140.0,391.96,58.04,79.81,60.19,20.0,0.0
1779273921.6348417,391.96,60.19,-1.089,396.0995496252232,53.68547853113761,-0.7732541378300521,VISION,0.0,450.0,0,140.0,391.96,58.04,79.81,60.19,20.0,0.0
1779273921.6847951,391.96,60.19,-1.089,396.0995496252232,53.68547853113761,-0.7732541378300521,VISION,0.0,450.0,0,140.0,391.96,58.04,79.81,60.19,20.0,0.0
1779273921.7347872,391.96,60.19,-1.089,396.0995496252232,53.68547853113761,-0.7732541378300521,VISION,0.0,450.0,0,140.0,391.96,58.04,79.81,60.19,20.0,0.0
1779273921.784769,391.96,60.19,-1.089,398.4752121186625,51.36682671333749,-0.6637822863283112,VISION,0.0,450.0,0,140.0,391.96,58.04,79.81,60.19,20.0,0.0
1779273921.8348103,391.96,60.19,-1.089,398.4752121186625,51.36682671333749,-0.6637822863283112,VISION,0.0,450.0,0,140.0,391.96,58.04,79.81,60.19,20.0,0.0
1779273921.884787,400.59898141596636,49.70564985955944,-0.572461532510012,400.59898141596636,49.70564985955944,-0.572461532510012,ESTIMA,0.0,450.0,0,140.0,400.599,49.401,90.294,49.706,20.0,0.0
1779273921.934949,400.59898141596636,49.70564985955944,-0.572461532510012,400.59898141596636,49.70564985955944,-0.572461532510012,ESTIMA,0.0,450.0,0,140.0,400.599,49.401,90.294,49.706,20.0,0.0
1779273921.984952,403.6,68.96,-0.805,405.720228806647,66.75497746281317,-0.6247593882860928,VISION,0.0,450.0,0,140.0,403.6,46.4,71.04,68.96,20.0,0.0
1779273922.0348897,403.6,68.96,-0.805,403.6,68.96,-0.805,VISION,0.0,450.0,0,140.0,403.6,46.4,71.04,68.96,20.0,0.0
1779273922.0847688,403.6,68.96,-0.805,404.6495691878374,67.86845567881028,-0.6665823272556776,VISION,0.0,450.0,0,140.0,403.6,46.4,71.04,68.96,20.0,0.0
1779273922.1347609,403.6,68.96,-0.805,406.23926915740947,66.61782862966116,-0.6012457827901656,VISION,0.0,450.0,0,140.0,403.6,46.4,71.04,68.96,20.0,0.0
1779273922.184761,403.6,68.96,-0.805,406.23926915740947,66.61782862966116,-0.6012457827901656,VISION,0.0,450.0,0,140.0,403.6,46.4,71.04,68.96,20.0,0.0
1779273922.2349465,403.6,68.96,-0.805,406.23926915740947,66.61782862966116,-0.6012457827901656,VISION,0.0,450.0,0,140.0,403.6,46.4,71.04,68.96,20.0,0.0
1779273922.2849126,403.6,68.96,-0.805,408.9504070381073,64.75807688138373,-0.4958605282209163,VISION,0.0,450.0,0,140.0,403.6,46.4,71.04,68.96,20.0,0.0
1779273922.3348587,403.6,68.96,-0.805,408.9504070381073,64.75807688138373,-0.4958605282209163,VISION,0.0,450.0,0,140.0,403.6,46.4,71.04,68.96,20.0,0.0
1779273922.384855,403.6,68.96,-0.805,411.32409750379196,63.474053462625804,-0.40654668700754526,VISION,0.0,450.0,0,140.0,403.6,46.4,71.04,68.96,20.0,0.0
1779273922.4348545,403.6,68.96,-0.805,411.32409750379196,63.474053462625804,-0.40654668700754526,VISION,0.0,450.0,0,140.0,403.6,46.4,71.04,68.96,20.0,0.0
1779273922.484884,403.6,68.96,-0.805,411.32409750379196,63.474053462625804,-0.40654668700754526,VISION,0.0,450.0,0,140.0,403.6,46.4,71.04,68.96,20.0,0.0
1779273922.5350847,415.0246873311512,61.88083229713169,-0.27133028938745335,415.0246873311512,61.88083229713169,-0.27133028938745335,ESTIMA,0.0,450.0,0,140.0,415.025,34.975,78.119,61.881,20.0,0.0
1779273922.5848994,416.1873645229262,61.55738614414354,-0.20061797149431615,416.1873645229262,61.55738614414354,-0.20061797149431615,ESTIMA,0.0,450.0,0,140.0,416.187,33.813,78.443,61.557,20.0,0.0
1779273922.6348546,416.1873645229262,61.55738614414354,-0.20061797149431615,416.1873645229262,61.55738614414354,-0.20061797149431615,ESTIMA,0.0,450.0,0,140.0,416.187,33.813,78.443,61.557,20.0,0.0
1779273922.6849258,418.8796048702843,61.00990969788183,-0.1089767721734329,418.8796048702843,61.00990969788183,-0.1089767721734329,ESTIMA,0.0,450.0,0,140.0,418.88,31.12,78.99,61.01,20.0,0.0
1779273922.7348597,418.8796048702843,61.00990969788183,-0.1089767721734329,418.8796048702843,61.00990969788183,-0.1089767721734329,ESTIMA,0.0,450.0,0,140.0,418.88,31.12,78.99,61.01,20.0,0.0
1779273922.7848628,422.17021619198516,60.649883150384596,-0.06576500377714165,422.17021619198516,60.649883150384596,-0.06576500377714165,ESTIMA,0.0,450.0,0,140.0,422.17,27.83,79.35,60.65,20.0,0.0
1779273922.83485,422.17021619198516,60.649883150384596,-0.06576500377714165,422.17021619198516,60.649883150384596,-0.06576500377714165,ESTIMA,0.0,450.0,0,140.0,422.17,27.83,79.35,60.65,20.0,0.0
1779273922.885271,424.74252914393463,60.48047067058971,0.07888964201098653,424.74252914393463,60.48047067058971,0.07888964201098653,ESTIMA,0.0,450.0,0,140.0,424.743,25.257,79.52,60.48,20.0,0.0
1779273922.934977,424.74252914393463,60.48047067058971,0.07888964201098653,424.74252914393463,60.48047067058971,0.07888964201098653,ESTIMA,0.0,450.0,0,140.0,424.743,25.257,79.52,60.48,20.0,0.0
1779273922.985012,426.5805883904704,60.62577607140342,0.24479716369700943,426.5805883904704,60.62577607140342,0.24479716369700943,ESTIMA,0.0,450.0,0,140.0,426.581,23.419,79.374,60.626,20.0,0.0
1779273923.034999,426.5805883904704,60.62577607140342,0.24479716369700943,426.5805883904704,60.62577607140342,0.24479716369700943,ESTIMA,0.0,450.0,0,140.0,426.581,23.419,79.374,60.626,20.0,0.0
1779273923.085036,429.1252663806439,61.26145486750227,0.3327525792412987,429.1252663806439,61.26145486750227,0.3327525792412987,ESTIMA,0.0,450.0,0,140.0,429.125,20.875,78.739,61.261,20.0,0.0
1779273923.1350951,429.1252663806439,61.26145486750227,0.3327525792412987,429.1252663806439,61.26145486750227,0.3327525792412987,ESTIMA,0.0,450.0,0,140.0,429.125,20.875,78.739,61.261,20.0,0.0
1779273923.1850164,429.1252663806439,61.26145486750227,0.3327525792412987,429.1252663806439,61.26145486750227,0.3327525792412987,ESTIMA,0.0,450.0,0,140.0,429.125,20.875,78.739,61.261,20.0,0.0
1779273923.2350032,431.92267908669703,62.22824992629346,0.5064871220016257,431.92267908669703,62.22824992629346,0.5064871220016257,ESTIMA,0.0,450.0,0,140.0,431.923,18.077,77.772,62.228,20.0,0.0
1779273923.2850916,433.3849648016194,63.0394613296088,0.6585072310436673,433.3849648016194,63.0394613296088,0.6585072310436673,ESTIMA,0.0,450.0,0,140.0,433.385,16.615,76.961,63.039,20.0,0.0
1779273923.3350515,433.3849648016194,63.0394613296088,0.6585072310436673,433.3849648016194,63.0394613296088,0.6585072310436673,ESTIMA,0.0,450.0,0,140.0,433.385,16.615,76.961,63.039,20.0,0.0
1779273923.3853927,433.3849648016194,63.0394613296088,0.6585072310436673,435.4850709333017,64.66434653578288,0.7434415457757476,ESTIMA,0.0,450.0,0,140.0,433.385,16.615,76.961,63.039,20.0,0.0
1779273923.4350693,435.4850709333017,64.66434653578288,0.7434415457757476,435.4850709333017,64.66434653578288,0.7434415457757476,ESTIMA,0.0,450.0,0,140.0,435.485,14.515,75.336,64.664,20.0,0.0
1779273923.4853234,435.4850709333017,64.66434653578288,0.7434415457757476,437.42342261157665,66.44650646913702,0.8271418996254116,ESTIMA,0.0,450.0,0,140.0,435.485,14.515,75.336,64.664,20.0,0.0
1779273923.5350814,437.42342261157665,66.44650646913702,0.8271418996254116,437.42342261157665,66.44650646913702,0.8271418996254116,ESTIMA,0.0,450.0,0,140.0,437.423,12.577,73.553,66.447,20.0,0.0
1779273923.5850773,437.42342261157665,66.44650646913702,0.8271418996254116,437.42342261157665,66.44650646913702,0.8271418996254116,ESTIMA,0.0,450.0,0,140.0,437.423,12.577,73.553,66.447,20.0,0.0
1779273923.6351495,439.31797380759855,68.5062193672228,0.917805984450689,439.31797380759855,68.5062193672228,0.917805984450689,ESTIMA,0.0,450.0,0,140.0,439.318,10.682,71.494,68.506,20.0,0.0
1779273923.68518,439.31797380759855,68.5062193672228,0.917805984450689,439.31797380759855,68.5062193672228,0.917805984450689,ESTIMA,0.0,450.0,0,140.0,439.318,10.682,71.494,68.506,20.0,0.0
1779273923.7351472,439.31797380759855,68.5062193672228,0.917805984450689,439.31797380759855,68.5062193672228,0.917805984450689,ESTIMA,0.0,450.0,0,140.0,439.318,10.682,71.494,68.506,20.0,0.0
1779273923.7850995,441.81535025388825,71.77104687504722,1.157668926057839,441.81535025388825,71.77104687504722,1.157668926057839,ESTIMA,0.0,450.0,0,140.0,441.815,8.185,68.229,71.771,20.0,0.0
1779273923.83509,442.13820274604507,72.50755699018043,1.2313862127676944,442.13820274604507,72.50755699018043,1.2313862127676944,ESTIMA,0.0,450.0,0,140.0,442.138,7.862,67.492,72.508,20.0,0.0
1779273923.8850589,442.13820274604507,72.50755699018043,1.2313862127676944,442.13820274604507,72.50755699018043,1.2313862127676944,ESTIMA,0.0,450.0,0,140.0,442.138,7.862,67.492,72.508,20.0,0.0
1779273923.9350724,442.85184328117845,74.52878175696236,1.428457922158127,442.85184328117845,74.52878175696236,1.428457922158127,ESTIMA,0.0,450.0,0,140.0,442.852,7.148,65.471,74.529,20.0,0.0
1779273923.9850845,442.85184328117845,74.52878175696236,1.428457922158127,442.85184328117845,74.52878175696236,1.428457922158127,ESTIMA,0.0,450.0,0,140.0,442.852,7.148,65.471,74.529,20.0,0.0
1779273924.0350802,443.1668337296327,76.7267852522473,1.5557034238411445,443.1668337296327,76.7267852522473,1.5557034238411445,ESTIMA,0.0,450.0,0,140.0,443.167,6.833,63.273,76.727,20.0,0.0
1779273924.0850728,443.1668337296327,76.7267852522473,1.5557034238411445,443.1668337296327,76.7267852522473,1.5557034238411445,ESTIMA,0.0,450.0,0,140.0,443.167,6.833,63.273,76.727,20.0,0.0
1779273924.1350844,443.1668337296327,76.7267852522473,1.5557034238411445,443.1668337296327,76.7267852522473,1.5557034238411445,ESTIMA,0.0,450.0,0,140.0,443.167,6.833,63.273,76.727,20.0,0.0
1779273924.1850395,443.2128179729788,79.77330001237897,1.7279102530168131,443.2128179729788,79.77330001237897,1.7279102530168131,ESTIMA,0.0,450.0,0,140.0,443.213,6.787,60.227,79.773,20.0,0.0
1779273924.235072,442.89090535265285,81.80532529107762,1.795197948267463,442.89090535265285,81.80532529107762,1.795197948267463,ESTIMA,0.0,450.0,0,140.0,442.891,7.109,58.195,81.805,20.0,0.0
1779273924.2852917,442.89090535265285,81.80532529107762,1.795197948267463,442.89090535265285,81.80532529107762,1.795197948267463,ESTIMA,0.0,450.0,0,140.0,442.891,7.109,58.195,81.805,20.0,0.0
1779273924.3351278,442.40214849571214,83.94668781194468,1.869221335796351,442.40214849571214,83.94668781194468,1.869221335796351,ESTIMA,0.0,450.0,0,140.0,442.402,7.598,56.053,83.947,20.0,0.0
1779273924.3851051,442.40214849571214,83.94668781194468,1.869221335796351,442.40214849571214,83.94668781194468,1.869221335796351,ESTIMA,0.0,450.0,0,140.0,442.402,7.598,56.053,83.947,20.0,0.0
1779273924.4350815,441.5858854355325,86.60024060961995,1.9633897307970083,441.5858854355325,86.60024060961995,1.9633897307970083,ESTIMA,0.0,450.0,0,140.0,441.586,8.414,53.4,86.6,20.0,0.0
1779273924.4851,441.5858854355325,86.60024060961995,1.9633897307970083,441.5858854355325,86.60024060961995,1.9633897307970083,ESTIMA,0.0,450.0,0,140.0,441.586,8.414,53.4,86.6,20.0,0.0
1779273924.535042,440.4469188643588,89.3507712550397,1.9865864760434155,440.4469188643588,89.3507712550397,1.9865864760434155,ESTIMA,0.0,450.0,0,140.0,440.447,9.553,50.649,89.351,20.0,0.0
1779273924.5850534,440.4469188643588,89.3507712550397,1.9865864760434155,440.4469188643588,89.3507712550397,1.9865864760434155,ESTIMA,0.0,450.0,0,140.0,440.447,9.553,50.649,89.351,20.0,0.0
1779273924.6350546,439.4339530357968,91.64497527968776,2.0456988781413226,439.4339530357968,91.64497527968776,2.0456988781413226,ESTIMA,0.0,450.0,0,140.0,439.434,10.566,48.355,91.645,20.0,0.0
1779273924.685035,439.4339530357968,91.64497527968776,2.0456988781413226,439.4339530357968,91.64497527968776,2.0456988781413226,ESTIMA,0.0,450.0,0,140.0,439.434,10.566,48.355,91.645,20.0,0.0
1779273924.7350461,438.07172729403635,94.29445240074884,2.069207942022703,438.07172729403635,94.29445240074884,2.069207942022703,ESTIMA,0.0,450.0,0,140.0,438.072,11.928,45.706,94.294,20.0,0.0
1779273924.7850304,438.07172729403635,94.29445240074884,2.069207942022703,438.07172729403635,94.29445240074884,2.069207942022703,ESTIMA,0.0,450.0,0,140.0,438.072,11.928,45.706,94.294,20.0,0.0
1779273924.8350334,436.6837905812818,96.84467291172719,2.1567897763651533,436.6837905812818,96.84467291172719,2.1567897763651533,ESTIMA,0.0,450.0,0,140.0,436.684,13.316,43.155,96.845,20.0,0.0
1779273924.885371,387.6,141.56,0.453,387.6,141.56,0.453,VISION,0.0,450.0,0,140.0,387.6,62.4,-1.56,141.56,0.0,0.0
1779273924.9356074,387.6,141.56,0.453,387.6,141.56,0.453,VISION,0.0,450.0,0,140.0,387.6,62.4,-1.56,141.56,0.0,0.0
1779273924.9853652,387.6,141.56,0.453,390.15324105801875,142.80281682526189,0.4968662515615138,VISION,0.0,450.0,0,140.0,387.6,62.4,-1.56,141.56,0.0,0.0
1779273925.0353475,387.6,141.56,0.453,391.8357161946568,143.71512286056682,0.5252954247449348,VISION,0.0,450.0,0,140.0,387.6,62.4,-1.56,141.56,0.0,0.0
1779273925.0853455,387.6,141.56,0.453,391.8357161946568,143.71512286056682,0.5252954247449348,VISION,0.0,450.0,0,140.0,387.6,62.4,-1.56,141.56,0.0,0.0
1779273925.1353447,387.6,141.56,0.453,392.8988609719157,144.33133718932032,0.4237435233291806,VISION,0.0,450.0,0,140.0,387.6,62.4,-1.56,141.56,0.0,0.0
1779273925.1853135,387.6,141.56,0.453,392.8988609719157,144.33133718932032,0.4237435233291806,VISION,0.0,450.0,0,140.0,387.6,62.4,-1.56,141.56,0.0,0.0
1779273925.2353003,387.6,141.56,0.453,392.8988609719157,144.33133718932032,0.4237435233291806,VISION,0.0,450.0,0,140.0,387.6,62.4,-1.56,141.56,0.0,0.0
1779273925.285426,387.6,141.56,0.453,394.43100017491093,145.0224394790366,0.19316171034795634,VISION,0.0,450.0,0,140.0,387.6,62.4,-1.56,141.56,0.0,0.0
1779273925.335309,387.6,141.56,0.453,394.43100017491093,145.0224394790366,0.19316171034795634,VISION,0.0,450.0,0,140.0,387.6,62.4,-1.56,141.56,0.0,0.0
1779273925.3853533,387.6,141.56,0.453,394.43330282766647,145.02288987905678,0.19283808434309022,VISION,0.0,450.0,0,140.0,387.6,62.4,-1.56,141.56,-20.0,0.0
1779273925.4354832,387.6,141.56,0.453,394.43330282766647,145.02288987905678,0.19283808434309002,VISION,0.0,450.0,0,140.0,387.6,62.4,-1.56,141.56,-20.0,0.0
1779273925.4854019,394.43330282766647,145.02288987905678,0.19283808434309002,394.43330282766647,145.02288987905678,0.19283808434309002,ESTIMA,0.0,450.0,0,140.0,394.433,55.567,-5.023,145.023,-20.0,0.0
1779273925.5353515,394.43330282766647,145.02288987905678,0.19283808434309002,394.43330282766647,145.02288987905678,0.19283808434309002,ESTIMA,0.0,450.0,0,140.0,394.433,55.567,-5.023,145.023,-20.0,0.0
1779273925.5852897,399.07840093784364,145.92991268109176,0.5833297699138282,399.07840093784364,145.92991268109176,0.5833297699138282,ESTIMA,0.0,450.0,0,140.0,399.078,50.922,-5.93,145.93,-20.0,0.0
1779273925.6353219,399.07840093784364,145.92991268109176,0.5833297699138282,399.07840093784364,145.92991268109176,0.5833297699138282,ESTIMA,0.0,450.0,0,140.0,399.078,50.922,-5.93,145.93,-20.0,0.0
1779273925.685301,402.7724098018357,148.36772924648335,0.909710051092345,402.7724098018357,148.36772924648335,0.909710051092345,ESTIMA,0.0,450.0,0,140.0,402.772,47.228,-8.368,148.368,-20.0,0.0
1779273925.735289,402.7724098018357,148.36772924648335,0.909710051092345,402.7724098018357,148.36772924648335,0.909710051092345,ESTIMA,0.0,450.0,0,140.0,402.772,47.228,-8.368,148.368,-20.0,0.0
1779273925.7853262,404.4508112969015,150.52548208590784,1.1595689551651893,404.4508112969015,150.52548208590784,1.1595689551651893,ESTIMA,0.0,450.0,0,140.0,404.451,45.549,-10.525,150.525,-20.0,0.0
1779273925.8353262,404.4508112969015,150.52548208590784,1.1595689551651893,404.4508112969015,150.52548208590784,1.1595689551651893,ESTIMA,0.0,450.0,0,140.0,404.451,45.549,-10.525,150.525,-20.0,0.0
1779273925.885313,406.6057819962133,155.46704165451789,1.4044672901041084,406.6057819962133,155.46704165451789,1.4044672901041084,ESTIMA,0.0,450.0,0,140.0,406.606,43.394,-15.467,155.467,-20.0,0.0
1779273925.935326,406.6057819962133,155.46704165451789,1.4044672901041084,406.6057819962133,155.46704165451789,1.4044672901041084,ESTIMA,0.0,450.0,0,140.0,406.606,43.394,-15.467,155.467,-20.0,0.0
1779273925.9853475,407.5360918616017,161.0085568550072,1.8192437063478482,407.5360918616017,161.0085568550072,1.8192437063478482,ESTIMA,0.0,450.0,0,140.0,407.536,42.464,-21.009,161.009,-20.0,0.0
1779273926.0353873,407.5360918616017,161.0085568550072,1.8192437063478482,407.5360918616017,161.0085568550072,1.8192437063478482,ESTIMA,0.0,450.0,0,140.0,407.536,42.464,-21.009,161.009,-20.0,0.0
1779273926.085423,407.5360918616017,161.0085568550072,1.8192437063478482,406.3337990559867,165.7478010080456,2.1059763167760215,ESTIMA,0.0,450.0,0,140.0,407.536,42.464,-21.009,161.009,-20.0,0.0
1779273926.135295,406.3337990559867,165.7478010080456,2.1059763167760215,406.3337990559867,165.7478010080456,2.1059763167760215,ESTIMA,0.0,450.0,0,140.0,406.334,43.666,-25.748,165.748,-20.0,0.0
1779273926.185305,404.44016469633766,168.9416708601112,2.3231264230603554,404.44016469633766,168.9416708601112,2.3231264230603554,ESTIMA,0.0,450.0,0,140.0,404.44,45.56,-28.942,168.942,-20.0,0.0
1779273926.2352982,404.44016469633766,168.9416708601112,2.3231264230603554,404.44016469633766,168.9416708601112,2.3231264230603554,ESTIMA,0.0,450.0,0,140.0,404.44,45.56,-28.942,168.942,-20.0,0.0
1779273926.285353,401.7811841824482,171.78258870289136,2.6792670392925544,401.7811841824482,171.78258870289136,2.6792670392925544,ESTIMA,0.0,450.0,0,140.0,401.781,48.219,-31.783,171.783,-20.0,0.0
1779273926.3353288,401.7811841824482,171.78258870289136,2.6792670392925544,401.7811841824482,171.78258870289136,2.6792670392925544,ESTIMA,0.0,450.0,0,140.0,401.781,48.219,-31.783,171.783,-20.0,0.0
1779273926.385306,397.361853974204,173.98495571287205,2.9680473575778237,397.361853974204,173.98495571287205,2.9680473575778237,ESTIMA,0.0,450.0,0,140.0,397.362,52.638,-33.985,173.985,-20.0,0.0
1779273926.4353046,397.361853974204,173.98495571287205,2.9680473575778237,397.361853974204,173.98495571287205,2.9680473575778237,ESTIMA,0.0,450.0,0,140.0,397.362,52.638,-33.985,173.985,-20.0,0.0
1779273926.4854755,392.8165120315866,174.78179425404332,3.3081339642791994,392.8165120315866,174.78179425404332,3.3081339642791994,ESTIMA,0.0,450.0,0,140.0,392.817,57.183,-34.782,174.782,-20.0,0.0
1779273926.5353374,392.8165120315866,174.78179425404332,3.3081339642791994,392.8165120315866,174.78179425404332,3.3081339642791994,ESTIMA,0.0,450.0,0,140.0,392.817,57.183,-34.782,174.782,-20.0,0.0
1779273926.5853298,388.00146121416327,173.972392313349,3.668978286363292,388.00146121416327,173.972392313349,3.668978286363292,ESTIMA,0.0,450.0,0,140.0,388.001,61.999,-33.972,173.972,-20.0,0.0
1779273926.6355305,388.00146121416327,173.972392313349,3.668978286363292,388.00146121416327,173.972392313349,3.668978286363292,ESTIMA,0.0,450.0,0,140.0,388.001,61.999,-33.972,173.972,-20.0,0.0
1779273926.6853333,388.00146121416327,173.972392313349,3.668978286363292,388.00146121416327,173.972392313349,3.668978286363292,ESTIMA,0.0,450.0,0,140.0,388.001,61.999,-33.972,173.972,-20.0,0.0
1779273926.735299,388.00146121416327,173.972392313349,3.668978286363292,388.00146121416327,173.972392313349,3.668978286363292,ESTIMA,0.0,450.0,0,140.0,388.001,61.999,-33.972,173.972,-20.0,0.0
1779273926.7855017,382.3318103977414,170.67032814835775,4.406863269802292,382.3318103977414,170.67032814835775,4.406863269802292,ESTIMA,0.0,450.0,0,140.0,382.332,67.668,-30.67,170.67,-20.0,0.0
1779273926.835299,381.9336842660657,169.40804312831798,4.555892836351884,381.9336842660657,169.40804312831798,4.555892836351884,ESTIMA,0.0,450.0,0,140.0,381.934,68.066,-29.408,169.408,-20.0,0.0
1779273926.8853135,381.9336842660657,169.40804312831798,4.555892836351884,381.9336842660657,169.40804312831798,4.555892836351884,ESTIMA,0.0,450.0,0,140.0,381.934,68.066,-29.408,169.408,-20.0,0.0
1779273926.935348,381.08684622085315,164.0410520072098,4.873614039446975,381.08684622085315,164.0410520072098,4.873614039446975,ESTIMA,0.0,450.0,0,140.0,381.087,68.913,-24.041,164.041,0.0,0.0
1779273926.985388,381.5340356095654,161.29142992733784,5.128585707725378,381.5340356095654,161.29142992733784,5.128585707725378,ESTIMA,0.0,450.0,0,140.0,381.534,68.466,-21.291,161.291,0.0,0.0
1779273927.0353372,381.5340356095654,161.29142992733784,5.128585707725378,381.5340356095654,161.29142992733784,5.128585707725378,ESTIMA,0.0,450.0,0,140.0,381.534,68.466,-21.291,161.291,0.0,0.0
1779273927.085408,381.5340356095654,161.29142992733784,5.128585707725378,383.2242665826222,157.46753809707383,5.317823878364339,ESTIMA,0.0,450.0,0,140.0,381.534,68.466,-21.291,161.291,0.0,0.0
1779273927.1353505,383.2242665826222,157.46753809707383,5.317823878364339,383.2242665826222,157.46753809707383,5.317823878364339,ESTIMA,0.0,450.0,0,140.0,383.224,66.776,-17.468,157.468,0.0,0.0
1779273927.1853347,383.2242665826222,157.46753809707383,5.317823878364339,383.2242665826222,157.46753809707383,5.317823878364339,ESTIMA,0.0,450.0,0,140.0,383.224,66.776,-17.468,157.468,0.0,0.0
1779273927.2354429,383.87788155754697,156.5232061091157,5.159414697705393,383.87788155754697,156.5232061091157,5.159414697705393,ESTIMA,0.0,450.0,0,140.0,383.878,66.122,-16.523,156.523,0.0,0.0
1779273927.285349,383.87788155754697,156.5232061091157,5.159414697705393,383.87788155754697,156.5232061091157,5.159414697705393,ESTIMA,0.0,450.0,0,140.0,383.878,66.122,-16.523,156.523,0.0,0.0
1779273927.3353503,384.03716007834424,156.19095501253804,5.108593065458894,384.03716007834424,156.19095501253804,5.108593065458894,ESTIMA,0.0,450.0,0,140.0,384.037,65.963,-16.191,156.191,0.0,0.0
1779273927.3853304,384.03716007834424,156.19095501253804,5.108593065458894,384.03716007834424,156.19095501253804,5.108593065458894,ESTIMA,0.0,450.0,0,140.0,384.037,65.963,-16.191,156.191,0.0,0.0
1779273927.435342,384.46541385741904,155.16722264934944,4.955531297244012,384.46541385741904,155.16722264934944,4.955531297244012,ESTIMA,0.0,450.0,0,140.0,384.465,65.535,-15.167,155.167,0.0,0.0
1779273927.585363,384.65831681518875,154.38954422735455,4.845014596688853,384.65831681518875,154.38954422735455,4.845014596688853,ESTIMA,0.0,450.0,0,140.0,384.658,65.342,-14.39,154.39,20.0,0.0
1779273927.635389,384.65831681518875,154.38954422735455,4.845014596688853,384.65831681518875,154.38954422735455,4.845014596688853,ESTIMA,0.0,450.0,0,140.0,384.658,65.342,-14.39,154.39,20.0,0.0
1779273927.685381,384.65831681518875,154.38954422735455,4.845014596688853,384.65831681518875,154.38954422735455,4.845014596688853,ESTIMA,0.0,450.0,0,140.0,384.658,65.342,-14.39,154.39,20.0,0.0
1779273927.7353163,384.65831681518875,154.38954422735455,4.845014596688853,384.65831681518875,154.38954422735455,4.845014596688853,ESTIMA,0.0,450.0,0,140.0,384.658,65.342,-14.39,154.39,20.0,0.0
1779273927.7854354,384.92538870289314,152.38763717505753,4.772773999673314,384.92538870289314,152.38763717505753,4.772773999673314,ESTIMA,0.0,450.0,0,140.0,384.925,65.075,-12.388,152.388,20.0,0.0
1779273927.8354158,384.92538870289314,152.38763717505753,4.772773999673314,384.92538870289314,152.38763717505753,4.772773999673314,ESTIMA,0.0,450.0,0,140.0,384.925,65.075,-12.388,152.388,20.0,0.0
1779273927.8853226,385.0906819039451,149.6536437361223,4.846322906298396,385.0906819039451,149.6536437361223,4.846322906298396,ESTIMA,0.0,450.0,0,140.0,385.091,64.909,-9.654,149.654,20.0,0.0
1779273927.9353259,385.0906819039451,149.6536437361223,4.846322906298396,385.0906819039451,149.6536437361223,4.846322906298396,ESTIMA,0.0,450.0,0,140.0,385.091,64.909,-9.654,149.654,20.0,0.0
1779273927.9853091,385.5686990643824,146.1059580994111,4.970386156907026,385.5686990643824,146.1059580994111,4.970386156907026,ESTIMA,0.0,450.0,0,140.0,385.569,64.431,-6.106,146.106,20.0,0.0
1779273928.0353732,385.5686990643824,146.1059580994111,4.970386156907026,385.5686990643824,146.1059580994111,4.970386156907026,ESTIMA,0.0,450.0,0,140.0,385.569,64.431,-6.106,146.106,20.0,0.0
1779273928.0853431,385.9415196651419,144.69310660186216,5.05815396892717,385.9415196651419,144.69310660186216,5.05815396892717,ESTIMA,0.0,450.0,0,140.0,385.942,64.058,-4.693,144.693,20.0,0.0
1779273928.1353512,385.9415196651419,144.69310660186216,5.05815396892717,385.9415196651419,144.69310660186216,5.05815396892717,ESTIMA,0.0,450.0,0,140.0,385.942,64.058,-4.693,144.693,20.0,0.0
1779273928.185353,386.8639774094187,142.13240667930455,5.157438633710258,386.8639774094187,142.13240667930455,5.157438633710258,ESTIMA,0.0,450.0,0,140.0,386.864,63.136,-2.132,142.132,20.0,0.0
1779273928.235605,386.8639774094187,142.13240667930455,5.157438633710258,387.99307424555786,139.76514924155765,5.254183639247781,ESTIMA,0.0,450.0,0,140.0,386.864,63.136,-2.132,142.132,20.0,0.0
1779273928.2853374,387.99307424555786,139.76514924155765,5.254183639247781,387.99307424555786,139.76514924155765,5.254183639247781,ESTIMA,0.0,450.0,0,140.0,387.993,62.007,0.235,139.765,20.0,0.0
1779273928.3353026,387.99307424555786,139.76514924155765,5.254183639247781,387.99307424555786,139.76514924155765,5.254183639247781,ESTIMA,0.0,450.0,0,140.0,387.993,62.007,0.235,139.765,20.0,0.0
1779273928.3854346,389.89916601112265,136.59820922493986,5.390171567488456,389.89916601112265,136.59820922493986,5.390171567488456,ESTIMA,0.0,450.0,0,140.0,389.899,60.101,3.402,136.598,20.0,0.0
1779273928.4353747,389.89916601112265,136.59820922493986,5.390171567488456,389.89916601112265,136.59820922493986,5.390171567488456,ESTIMA,0.0,450.0,0,140.0,389.899,60.101,3.402,136.598,20.0,0.0
1779273928.4853554,389.89916601112265,136.59820922493986,5.390171567488456,389.89916601112265,136.59820922493986,5.390171567488456,ESTIMA,0.0,450.0,0,140.0,389.899,60.101,3.402,136.598,20.0,0.0
1779273928.535415,392.7909712204238,133.00590676255936,5.402581485423045,392.7909712204238,133.00590676255936,5.402581485423045,ESTIMA,0.0,450.0,0,140.0,392.791,57.209,6.994,133.006,20.0,0.0
1779273928.5853536,393.4939259537048,132.15452131316488,5.470284799439813,393.4939259537048,132.15452131316488,5.470284799439813,ESTIMA,0.0,450.0,0,140.0,393.494,56.506,7.845,132.155,20.0,0.0
1779273928.6353276,393.4939259537048,132.15452131316488,5.470284799439813,393.4939259537048,132.15452131316488,5.470284799439813,ESTIMA,0.0,450.0,0,140.0,393.494,56.506,7.845,132.155,20.0,0.0
1779273928.6853473,395.3853368685878,130.15610402307254,5.63853684433374,395.3853368685878,130.15610402307254,5.63853684433374,ESTIMA,0.0,450.0,0,140.0,395.385,54.615,9.844,130.156,20.0,0.0
1779273928.7353106,395.3853368685878,130.15610402307254,5.63853684433374,395.3853368685878,130.15610402307254,5.63853684433374,ESTIMA,0.0,450.0,0,140.0,395.385,54.615,9.844,130.156,20.0,0.0
1779273928.7853844,397.8320183833758,128.31670284180413,5.693941179537615,397.8320183833758,128.31670284180413,5.693941179537615,ESTIMA,0.0,450.0,0,140.0,397.832,52.168,11.683,128.317,0.0,0.0
1779273928.8353558,397.8320183833758,128.31670284180413,5.693941179537615,397.8320183833758,128.31670284180413,5.693941179537615,ESTIMA,0.0,450.0,0,140.0,397.832,52.168,11.683,128.317,0.0,0.0
1779273928.8853638,399.8485051318315,126.96875915437933,5.920293305220393,399.8485051318315,126.96875915437933,5.920293305220393,ESTIMA,0.0,450.0,0,140.0,399.849,50.151,13.031,126.969,0.0,0.0
1779273928.935345,399.8485051318315,126.96875915437933,5.920293305220393,399.8485051318315,126.96875915437933,5.920293305220393,ESTIMA,0.0,450.0,0,140.0,399.849,50.151,13.031,126.969,0.0,0.0
1779273928.9854863,402.10160216504454,126.11323974193914,5.995730569799207,402.10160216504454,126.11323974193914,5.995730569799207,ESTIMA,0.0,450.0,0,140.0,402.102,47.898,13.887,126.113,0.0,0.0
1779273929.0354567,402.10160216504454,126.11323974193914,5.995730569799207,402.10160216504454,126.11323974193914,5.995730569799207,ESTIMA,0.0,450.0,0,140.0,402.102,47.898,13.887,126.113,0.0,0.0
1779273929.0854087,403.90228583794044,125.58088028071838,6.065480942460191,403.90228583794044,125.58088028071838,6.065480942460191,ESTIMA,0.0,450.0,0,140.0,403.902,46.098,14.419,125.581,0.0,0.0
1779273929.1353924,403.90228583794044,125.58088028071838,6.065480942460191,403.90228583794044,125.58088028071838,6.065480942460191,ESTIMA,0.0,450.0,0,140.0,403.902,46.098,14.419,125.581,0.0,0.0
1779273929.1853924,403.90228583794044,125.58088028071838,6.065480942460191,403.90228583794044,125.58088028071838,6.065480942460191,ESTIMA,0.0,450.0,0,140.0,403.902,46.098,14.419,125.581,0.0,0.0
1779273929.2354112,406.1386113776338,125.08618220705699,6.018060307339035,406.1386113776338,125.08618220705699,6.018060307339035,ESTIMA,0.0,450.0,0,140.0,406.139,43.861,14.914,125.086,0.0,0.0
1779273929.2854373,407.33090832192005,124.76245359797676,5.940344310281535,407.33090832192005,124.76245359797676,5.940344310281535,ESTIMA,0.0,450.0,0,140.0,407.331,42.669,15.238,124.762,-20.0,0.0
1779273929.3354046,407.33090832192005,124.76245359797676,5.940344310281535,407.33090832192005,124.76245359797676,5.940344310281535,ESTIMA,0.0,450.0,0,140.0,407.331,42.669,15.238,124.762,-20.0,0.0
1779273929.3853896,407.33090832192005,124.76245359797676,5.940344310281535,407.33090832192005,124.76245359797676,5.940344310281535,ESTIMA,0.0,450.0,0,140.0,407.331,42.669,15.238,124.762,-20.0,0.0
1779273929.4353836,408.10974674301184,124.48445766587406,5.948960739804108,408.10974674301184,124.48445766587406,5.948960739804108,ESTIMA,0.0,450.0,0,140.0,408.11,41.89,15.516,124.484,-20.0,0.0
1779273929.4854195,408.10974674301184,124.48445766587406,5.948960739804108,408.10974674301184,124.48445766587406,5.948960739804108,ESTIMA,0.0,450.0,0,140.0,408.11,41.89,15.516,124.484,-20.0,0.0
1779273929.5354679,411.48195371082204,123.31345224302868,6.24165817249589,411.48195371082204,123.31345224302868,6.24165817249589,ESTIMA,0.0,450.0,0,140.0,411.482,38.518,16.687,123.313,-20.0,0.0
1779273929.5854492,411.48195371082204,123.31345224302868,6.24165817249589,411.48195371082204,123.31345224302868,6.24165817249589,ESTIMA,0.0,450.0,0,140.0,411.482,38.518,16.687,123.313,-20.0,0.0
1779273929.6354256,417.0136024665441,123.08360658176368,6.566203166495586,417.0136024665441,123.08360658176368,6.566203166495586,ESTIMA,0.0,450.0,0,140.0,417.014,32.986,16.916,123.084,-20.0,0.0
1779273929.6853464,417.0136024665441,123.08360658176368,6.566203166495586,417.0136024665441,123.08360658176368,6.566203166495586,ESTIMA,0.0,450.0,0,140.0,417.014,32.986,16.916,123.084,-20.0,0.0
1779273929.7353783,420.3921897550688,124.06618278429715,6.887502447753713,420.3921897550688,124.06618278429715,6.887502447753713,ESTIMA,0.0,450.0,0,140.0,420.392,29.608,15.934,124.066,-20.0,0.0
1779273929.7853453,420.3921897550688,124.06618278429715,6.887502447753713,420.3921897550688,124.06618278429715,6.887502447753713,ESTIMA,0.0,450.0,0,140.0,420.392,29.608,15.934,124.066,-20.0,0.0
1779273929.8353462,423.89203178514765,126.48280050483707,7.201752185770769,423.89203178514765,126.48280050483707,7.201752185770769,ESTIMA,0.0,450.0,0,140.0,423.892,26.108,13.517,126.483,-20.0,0.0
1779273929.885335,423.89203178514765,126.48280050483707,7.201752185770769,423.89203178514765,126.48280050483707,7.201752185770769,ESTIMA,0.0,450.0,0,140.0,423.892,26.108,13.517,126.483,-20.0,0.0
1779273929.9353948,426.528021794563,129.9342768877591,7.598314305379756,426.528021794563,129.9342768877591,7.598314305379756,ESTIMA,0.0,450.0,0,140.0,426.528,23.472,10.066,129.934,-20.0,0.0
1779273929.9853826,426.528021794563,129.9342768877591,7.598314305379756,426.528021794563,129.9342768877591,7.598314305379756,ESTIMA,0.0,450.0,0,140.0,426.528,23.472,10.066,129.934,-20.0,0.0
1779273930.0354884,427.4948976267957,133.6332891684382,7.8801606999022615,427.4948976267957,133.6332891684382,7.8801606999022615,ESTIMA,0.0,450.0,0,140.0,427.495,22.505,6.367,133.633,-20.0,0.0
1779273930.0853474,427.4948976267957,133.6332891684382,7.8801606999022615,427.4948976267957,133.6332891684382,7.8801606999022615,ESTIMA,0.0,450.0,0,140.0,427.495,22.505,6.367,133.633,-20.0,0.0
1779273930.1354303,427.3770629325245,138.13336469771477,8.293107879058187,427.3770629325245,138.13336469771477,8.293107879058187,ESTIMA,0.0,450.0,0,140.0,427.377,22.623,1.867,138.133,-20.0,0.0
1779273930.1854382,427.3770629325245,138.13336469771477,8.293107879058187,427.3770629325245,138.13336469771477,8.293107879058187,ESTIMA,0.0,450.0,0,140.0,427.377,22.623,1.867,138.133,-20.0,0.0
1779273930.2356296,425.5386156394442,142.04734006842986,8.688207862139826,425.5386156394442,142.04734006842986,8.688207862139826,ESTIMA,0.0,450.0,0,140.0,425.539,24.461,-2.047,142.047,-20.0,0.0
1779273930.285385,425.5386156394442,142.04734006842986,8.688207862139826,425.5386156394442,142.04734006842986,8.688207862139826,ESTIMA,0.0,450.0,0,140.0,425.539,24.461,-2.047,142.047,-20.0,0.0
1779273930.335351,425.5386156394442,142.04734006842986,8.688207862139826,425.5386156394442,142.04734006842986,8.688207862139826,ESTIMA,0.0,450.0,0,140.0,425.539,24.461,-2.047,142.047,-20.0,0.0
1779273930.3853564,421.2411349209318,145.94437991445318,9.115947949805149,421.2411349209318,145.94437991445318,9.115947949805149,ESTIMA,0.0,450.0,0,140.0,421.241,28.759,-5.944,145.944,-20.0,0.0
1779273930.435358,421.2411349209318,145.94437991445318,9.115947949805149,421.2411349209318,145.94437991445318,9.115947949805149,ESTIMA,0.0,450.0,0,140.0,421.241,28.759,-5.944,145.944,-20.0,0.0
1779273930.485372,416.67006448905005,147.402724838429,9.469680517560558,416.67006448905005,147.402724838429,9.469680517560558,ESTIMA,0.0,450.0,0,140.0,416.67,33.33,-7.403,147.403,-20.0,0.0
1779273930.5354629,416.67006448905005,147.402724838429,9.469680517560558,416.67006448905005,147.402724838429,9.469680517560558,ESTIMA,0.0,450.0,0,140.0,416.67,33.33,-7.403,147.403,-20.0,0.0
1779273930.5854344,412.61945283170496,147.22071967999787,9.769436385963589,412.61945283170496,147.22071967999787,9.769436385963589,ESTIMA,0.0,450.0,0,140.0,412.619,37.381,-7.221,147.221,-20.0,0.0
1779273930.6354563,412.61945283170496,147.22071967999787,9.769436385963589,412.61945283170496,147.22071967999787,9.769436385963589,ESTIMA,0.0,450.0,0,140.0,412.619,37.381,-7.221,147.221,-20.0,0.0
1779273930.68543,408.99986442762446,145.9213348587834,10.121431297917603,408.99986442762446,145.9213348587834,10.121431297917603,ESTIMA,0.0,450.0,0,140.0,409.0,41.0,-5.921,145.921,-20.0,0.0
1779273930.7356384,408.99986442762446,145.9213348587834,10.121431297917603,408.99986442762446,145.9213348587834,10.121431297917603,ESTIMA,0.0,450.0,0,140.0,409.0,41.0,-5.921,145.921,-20.0,0.0
1779273930.785493,408.99986442762446,145.9213348587834,10.121431297917603,408.99986442762446,145.9213348587834,10.121431297917603,ESTIMA,0.0,450.0,0,140.0,409.0,41.0,-5.921,145.921,0.0,0.0
1779273930.8354397,404.10229147635147,141.82410619369205,10.591048854731559,404.10229147635147,141.82410619369205,10.591048854731559,ESTIMA,0.0,450.0,0,140.0,404.102,45.898,-1.824,141.824,0.0,0.0
1779273930.885548,403.26509465853616,139.86866868576544,10.748235794971013,403.26509465853616,139.86866868576544,10.748235794971013,ESTIMA,0.0,450.0,0,140.0,403.265,46.735,0.131,139.869,0.0,0.0
1779273930.9354694,403.26509465853616,139.86866868576544,10.748235794971013,403.26509465853616,139.86866868576544,10.748235794971013,ESTIMA,0.0,450.0,0,140.0,403.265,46.735,0.131,139.869,0.0,0.0
1779273930.9854338,402.1347841112737,135.3923473402847,11.26792261801949,402.1347841112737,135.3923473402847,11.26792261801949,ESTIMA,0.0,450.0,0,140.0,402.135,47.865,4.608,135.392,0.0,0.0
1779273931.0355237,402.1347841112737,135.3923473402847,11.26792261801949,402.1347841112737,135.3923473402847,11.26792261801949,ESTIMA,0.0,450.0,0,140.0,402.135,47.865,4.608,135.392,0.0,0.0
1779273931.0854743,402.4436050537151,134.28660359816985,11.188508303575796,402.4436050537151,134.28660359816985,11.188508303575796,ESTIMA,0.0,450.0,0,140.0,402.444,47.556,5.713,134.287,0.0,0.0
1779273931.135467,402.5984589072919,133.49396127884293,11.077111459660223,402.5984589072919,133.49396127884293,11.077111459660223,ESTIMA,0.0,450.0,0,140.0,402.598,47.402,6.506,133.494,0.0,0.0
1779273931.1854656,402.5984589072919,133.49396127884293,11.077111459660223,402.5984589072919,133.49396127884293,11.077111459660223,ESTIMA,0.0,450.0,0,140.0,402.598,47.402,6.506,133.494,0.0,0.0
1779273931.2354546,402.5984589072919,133.49396127884293,11.077111459660223,402.5984589072919,133.49396127884293,11.077111459660223,ESTIMA,0.0,450.0,0,140.0,402.598,47.402,6.506,133.494,0.0,0.0
1779273931.4354358,402.62279735667687,131.3341842562442,10.778742192276344,402.62279735667687,131.3341842562442,10.778742192276344,ESTIMA,0.0,450.0,0,140.0,402.623,47.377,8.666,131.334,20.0,0.0
1779273931.4855494,402.4959302343158,130.75828891240633,10.697403720490577,402.4959302343158,130.75828891240633,10.697403720490577,ESTIMA,0.0,450.0,0,140.0,402.496,47.504,9.242,130.758,0.0,0.0
1779273931.5355072,402.4959302343158,130.75828891240633,10.697403720490577,402.303661195309,130.13268376505889,10.66936459581097,ESTIMA,0.0,450.0,0,140.0,402.496,47.504,9.242,130.758,0.0,0.0
1779273931.5854359,402.303661195309,130.13268376505889,10.66936459581097,402.303661195309,130.13268376505889,10.66936459581097,ESTIMA,0.0,450.0,0,140.0,402.304,47.696,9.867,130.133,0.0,0.0
1779273931.635492,402.303661195309,130.13268376505889,10.66936459581097,402.303661195309,130.13268376505889,10.66936459581097,ESTIMA,0.0,450.0,0,140.0,402.304,47.696,9.867,130.133,0.0,0.0
1779273931.6854796,401.4894742261257,127.72594954194255,10.680682722461741,401.4894742261257,127.72594954194255,10.680682722461741,ESTIMA,0.0,450.0,0,140.0,401.489,48.511,12.274,127.726,0.0,0.0
1779273931.7354355,401.4894742261257,127.72594954194255,10.680682722461741,401.4894742261257,127.72594954194255,10.680682722461741,ESTIMA,0.0,450.0,0,140.0,401.489,48.511,12.274,127.726,0.0,0.0
1779273931.7854464,401.07830123607215,126.46363528924336,10.682439341013458,401.07830123607215,126.46363528924336,10.682439341013458,ESTIMA,0.0,450.0,0,140.0,401.078,48.922,13.536,126.464,0.0,0.0
1779273931.8354542,401.07830123607215,126.46363528924336,10.682439341013458,401.07830123607215,126.46363528924336,10.682439341013458,ESTIMA,0.0,450.0,0,140.0,401.078,48.922,13.536,126.464,0.0,0.0
1779273931.8855774,400.5996725514796,124.98541727072009,10.582127614324467,400.5996725514796,124.98541727072009,10.582127614324467,ESTIMA,0.0,450.0,0,140.0,400.6,49.4,15.015,124.985,0.0,0.0
1779273931.935492,400.5996725514796,124.98541727072009,10.582127614324467,400.5996725514796,124.98541727072009,10.582127614324467,ESTIMA,0.0,450.0,0,140.0,400.6,49.4,15.015,124.985,0.0,0.0
1779273931.9854696,400.5996725514796,124.98541727072009,10.582127614324467,400.5996725514796,124.98541727072009,10.582127614324467,ESTIMA,0.0,450.0,0,140.0,400.6,49.4,15.015,124.985,0.0,0.0
1779273932.035438,400.5543134685511,124.8820312423597,10.596312841363781,400.5543134685511,124.8820312423597,10.596312841363781,ESTIMA,0.0,450.0,0,140.0,400.554,49.446,15.118,124.882,-20.0,0.0
1779273932.085423,400.5543134685511,124.8820312423597,10.596312841363781,400.5543134685511,124.8820312423597,10.596312841363781,ESTIMA,0.0,450.0,0,140.0,400.554,49.446,15.118,124.882,-20.0,0.0
1779273932.1355422,400.5543134685511,124.8820312423597,10.596312841363781,400.5543134685511,124.8820312423597,10.596312841363781,ESTIMA,0.0,450.0,0,140.0,400.554,49.446,15.118,124.882,-20.0,0.0
1779273932.1854396,400.5543134685511,124.8820312423597,10.596312841363781,400.5543134685511,124.8820312423597,10.596312841363781,ESTIMA,0.0,450.0,0,140.0,400.554,49.446,15.118,124.882,-20.0,0.0
1779273932.23544,400.5543134685511,124.8820312423597,10.596312841363781,400.5543134685511,124.8820312423597,10.596312841363781,ESTIMA,0.0,450.0,0,140.0,400.554,49.446,15.118,124.882,-20.0,0.0
1779273932.2854626,400.5543134685511,124.8820312423597,10.596312841363781,400.5543134685511,124.8820312423597,10.596312841363781,ESTIMA,0.0,450.0,0,140.0,400.554,49.446,15.118,124.882,-20.0,0.0
1779273932.3354347,400.5543134685511,124.8820312423597,10.596312841363781,400.5543134685511,124.8820312423597,10.596312841363781,ESTIMA,0.0,450.0,0,140.0,400.554,49.446,15.118,124.882,-20.0,0.0
1779273932.3854177,400.5543134685511,124.8820312423597,10.596312841363781,400.5543134685511,124.8820312423597,10.596312841363781,ESTIMA,0.0,450.0,0,140.0,400.554,49.446,15.118,124.882,-20.0,0.0
1779273932.435438,400.5543134685511,124.8820312423597,10.596312841363781,400.5543134685511,124.8820312423597,10.596312841363781,ESTIMA,0.0,450.0,0,140.0,400.554,49.446,15.118,124.882,-20.0,0.0
1779273932.4856083,400.5543134685511,124.8820312423597,10.596312841363781,400.5543134685511,124.8820312423597,10.596312841363781,ESTIMA,0.0,450.0,0,140.0,400.554,49.446,15.118,124.882,-20.0,0.0
1779273932.5355096,400.5543134685511,124.8820312423597,10.596312841363781,400.5543134685511,124.8820312423597,10.596312841363781,ESTIMA,0.0,450.0,0,140.0,400.554,49.446,15.118,124.882,-20.0,0.0
1779273932.5854335,400.5543134685511,124.8820312423597,10.596312841363781,400.5543134685511,124.8820312423597,10.596312841363781,ESTIMA,0.0,450.0,0,140.0,400.554,49.446,15.118,124.882,-20.0,0.0
1779273932.6354363,400.5543134685511,124.8820312423597,10.596312841363781,400.5543134685511,124.8820312423597,10.596312841363781,ESTIMA,0.0,450.0,0,140.0,400.554,49.446,15.118,124.882,-20.0,0.0
1779273932.6854713,400.5543134685511,124.8820312423597,10.596312841363781,400.5543134685511,124.8820312423597,10.596312841363781,ESTIMA,0.0,450.0,0,140.0,400.554,49.446,15.118,124.882,-20.0,0.0
1779273932.7354662,400.5543134685511,124.8820312423597,10.596312841363781,400.5543134685511,124.8820312423597,10.596312841363781,ESTIMA,0.0,450.0,0,140.0,400.554,49.446,15.118,124.882,-20.0,0.0
1779273932.7854638,400.5543134685511,124.8820312423597,10.596312841363781,400.5543134685511,124.8820312423597,10.596312841363781,ESTIMA,0.0,450.0,0,140.0,400.554,49.446,15.118,124.882,-20.0,0.0
1779273932.8354263,400.5543134685511,124.8820312423597,10.596312841363781,400.5543134685511,124.8820312423597,10.596312841363781,ESTIMA,0.0,450.0,0,140.0,400.554,49.446,15.118,124.882,-20.0,0.0
1779273932.8854823,400.5543134685511,124.8820312423597,10.596312841363781,400.5543134685511,124.8820312423597,10.596312841363781,ESTIMA,0.0,450.0,0,140.0,400.554,49.446,15.118,124.882,-20.0,0.0
1779273932.9354403,400.5543134685511,124.8820312423597,10.596312841363781,400.5543134685511,124.8820312423597,10.596312841363781,ESTIMA,0.0,450.0,0,140.0,400.554,49.446,15.118,124.882,-20.0,0.0
1779273932.9854238,400.5543134685511,124.8820312423597,10.596312841363781,400.5543134685511,124.8820312423597,10.596312841363781,ESTIMA,0.0,450.0,0,140.0,400.554,49.446,15.118,124.882,-20.0,0.0
1779273933.0354407,400.5543134685511,124.8820312423597,10.596312841363781,400.5543134685511,124.8820312423597,10.596312841363781,ESTIMA,0.0,450.0,0,140.0,400.554,49.446,15.118,124.882,-20.0,0.0
1779273933.0855286,400.5543134685511,124.8820312423597,10.596312841363781,400.5543134685511,124.8820312423597,10.596312841363781,ESTIMA,0.0,450.0,0,140.0,400.554,49.446,15.118,124.882,-20.0,0.0
1779273933.1354356,400.5543134685511,124.8820312423597,10.596312841363781,400.5543134685511,124.8820312423597,10.596312841363781,ESTIMA,0.0,450.0,0,140.0,400.554,49.446,15.118,124.882,-20.0,0.0
1779273933.1854262,400.5543134685511,124.8820312423597,10.596312841363781,400.5543134685511,124.8820312423597,10.596312841363781,ESTIMA,0.0,450.0,0,140.0,400.554,49.446,15.118,124.882,-20.0,0.0
1779273933.2354288,400.5543134685511,124.8820312423597,10.596312841363781,400.5543134685511,124.8820312423597,10.596312841363781,ESTIMA,0.0,450.0,0,140.0,400.554,49.446,15.118,124.882,-20.0,0.0
1779273933.2854507,400.5543134685511,124.8820312423597,10.596312841363781,400.5543134685511,124.8820312423597,10.596312841363781,ESTIMA,0.0,450.0,0,140.0,400.554,49.446,15.118,124.882,-20.0,0.0
1779273933.3354905,400.5543134685511,124.8820312423597,10.596312841363781,400.5543134685511,124.8820312423597,10.596312841363781,ESTIMA,0.0,450.0,0,140.0,400.554,49.446,15.118,124.882,-20.0,0.0
1779273933.385423,400.5543134685511,124.8820312423597,10.596312841363781,400.5543134685511,124.8820312423597,10.596312841363781,ESTIMA,0.0,450.0,0,140.0,400.554,49.446,15.118,124.882,-20.0,0.0
1779273933.4354432,400.5543134685511,124.8820312423597,10.596312841363781,400.5543134685511,124.8820312423597,10.596312841363781,ESTIMA,0.0,450.0,0,140.0,400.554,49.446,15.118,124.882,-20.0,0.0
1779273933.485471,400.5543134685511,124.8820312423597,10.596312841363781,400.5543134685511,124.8820312423597,10.596312841363781,ESTIMA,0.0,450.0,0,140.0,400.554,49.446,15.118,124.882,-20.0,0.0
1779273933.535434,400.5543134685511,124.8820312423597,10.596312841363781,400.5543134685511,124.8820312423597,10.596312841363781,ESTIMA,0.0,450.0,0,140.0,400.554,49.446,15.118,124.882,-20.0,0.0
1779273933.58543,400.5543134685511,124.8820312423597,10.596312841363781,400.5543134685511,124.8820312423597,10.596312841363781,ESTIMA,0.0,450.0,0,140.0,400.554,49.446,15.118,124.882,0.0,0.0
1779273933.6355317,400.5543134685511,124.8820312423597,10.596312841363781,400.5543134685511,124.8820312423597,10.596312841363781,ESTIMA,0.0,450.0,0,140.0,400.554,49.446,15.118,124.882,0.0,0.0
1779273933.6855268,400.5543134685511,124.8820312423597,10.596312841363781,400.5543134685511,124.8820312423597,10.596312841363781,ESTIMA,0.0,450.0,0,140.0,400.554,49.446,15.118,124.882,0.0,0.0
1779273933.7354362,400.5543134685511,124.8820312423597,10.596312841363781,400.5543134685511,124.8820312423597,10.596312841363781,ESTIMA,0.0,450.0,0,140.0,400.554,49.446,15.118,124.882,0.0,0.0
1779273933.7854497,400.5543134685511,124.8820312423597,10.596312841363781,400.5543134685511,124.8820312423597,10.596312841363781,ESTIMA,0.0,450.0,0,140.0,400.554,49.446,15.118,124.882,0.0,0.0
1779273933.8354232,400.5543134685511,124.8820312423597,10.596312841363781,400.5543134685511,124.8820312423597,10.596312841363781,ESTIMA,0.0,450.0,0,140.0,400.554,49.446,15.118,124.882,0.0,0.0
1779273933.8854244,400.5543134685511,124.8820312423597,10.596312841363781,400.5543134685511,124.8820312423597,10.596312841363781,ESTIMA,0.0,450.0,0,140.0,400.554,49.446,15.118,124.882,0.0,0.0
1779273933.9354239,400.5543134685511,124.8820312423597,10.596312841363781,400.5543134685511,124.8820312423597,10.596312841363781,ESTIMA,0.0,450.0,0,140.0,400.554,49.446,15.118,124.882,0.0,0.0
1779273933.9854264,400.5543134685511,124.8820312423597,10.596312841363781,400.5543134685511,124.8820312423597,10.596312841363781,ESTIMA,0.0,450.0,0,140.0,400.554,49.446,15.118,124.882,0.0,0.0
1779273934.0354419,400.5543134685511,124.8820312423597,10.596312841363781,400.5543134685511,124.8820312423597,10.596312841363781,ESTIMA,0.0,450.0,0,140.0,400.554,49.446,15.118,124.882,0.0,0.0
1779273934.0854228,400.5543134685511,124.8820312423597,10.596312841363781,400.5543134685511,124.8820312423597,10.596312841363781,ESTIMA,0.0,450.0,0,140.0,400.554,49.446,15.118,124.882,0.0,0.0
