timestamp,x,y,theta,x_estimate,y_estimate,theta_estimate,status,x_min,x_max,y_min,y_max,dist_to_wall,decision_v,decision_w
1779272308.4116926,0.0,0.0,0.0,0.0,0.0,0.0,ESTIMA,0.0,450.0,0,140.0,0.0,450.0,140.0,0.0,20.0,0.0
1779272308.460835,0.0,0.0,0.0,0.0,0.0,0.0,ESTIMA,0.0,450.0,0,140.0,0.0,450.0,140.0,0.0,20.0,0.0
1779272308.510719,0.0,0.0,0.0,0.0,0.0,0.0,ESTIMA,0.0,450.0,0,140.0,0.0,450.0,140.0,0.0,20.0,0.0
1779272308.560707,0.2799003394290333,0.0,0.007246986795241726,0.2799003394290333,0.0,0.007246986795241726,ESTIMA,0.0,450.0,0,140.0,0.28,449.72,140.0,0.0,20.0,0.0
1779272308.6106231,0.2799003394290333,0.0,0.007246986795241726,0.2799003394290333,0.0,0.007246986795241726,ESTIMA,0.0,450.0,0,140.0,0.28,449.72,140.0,0.0,20.0,0.0
1779272308.660795,1.955768826127674,0.012145209411757193,0.04258357797336157,1.955768826127674,0.012145209411757193,0.04258357797336157,ESTIMA,0.0,450.0,0,140.0,1.956,448.044,139.988,0.012,20.0,0.0
1779272308.7111158,317.73,48.24,0.568,317.73,48.24,0.568,VISION,0.0,450.0,0,140.0,317.73,132.27,91.76,48.24,20.0,0.0
1779272308.760608,317.73,48.24,0.568,319.98582779415125,49.67955758777816,0.6015303340256046,VISION,0.0,450.0,0,140.0,317.73,132.27,91.76,48.24,20.0,0.0
1779272308.810578,317.73,48.24,0.568,319.98582779415125,49.67955758777816,0.6015303340256046,VISION,0.0,450.0,0,140.0,317.73,132.27,91.76,48.24,20.0,0.0
1779272308.8610597,317.73,48.24,0.568,319.98582779415125,49.67955758777816,0.6015303340256046,VISION,0.0,450.0,0,140.0,317.73,132.27,91.76,48.24,20.0,0.0
1779272308.910599,317.73,48.24,0.568,322.5394014800355,51.43229420562233,0.6272570167909669,VISION,0.0,450.0,0,140.0,317.73,132.27,91.76,48.24,20.0,0.0
1779272308.960873,317.73,48.24,0.568,322.5394014800355,51.43229420562233,0.6272570167909669,VISION,0.0,450.0,0,140.0,317.73,132.27,91.76,48.24,20.0,0.0
1779272309.0106025,317.73,48.24,0.568,324.469825825715,52.83170114472489,0.6402832383054511,VISION,0.0,450.0,0,140.0,317.73,132.27,91.76,48.24,20.0,0.0
1779272309.0607002,317.73,48.24,0.568,324.469825825715,52.83170114472489,0.6402832383054511,VISION,0.0,450.0,0,140.0,317.73,132.27,91.76,48.24,20.0,0.0
1779272309.1105878,317.73,48.24,0.568,326.20220322287554,54.12229487389873,0.6516226512988157,VISION,0.0,450.0,0,140.0,317.73,132.27,91.76,48.24,20.0,0.0
1779272309.1608243,317.73,48.24,0.568,328.0850333653323,55.558457385491344,0.6739026658586088,VISION,0.0,450.0,0,140.0,317.73,132.27,91.76,48.24,20.0,0.0
1779272309.2106159,317.73,48.24,0.568,328.0850333653323,55.558457385491344,0.6739026658586088,VISION,0.0,450.0,0,140.0,317.73,132.27,91.76,48.24,20.0,0.0
1779272309.2610416,328.0850333653323,55.558457385491344,0.6739026658586088,315.9,50.27,0.612,ESTIMA,0.0,450.0,0,140.0,328.085,121.915,84.442,55.558,20.0,0.0
1779272309.310588,315.9,50.27,0.612,318.6675321702903,52.2125308540254,0.6543139592156921,VISION,0.0,450.0,0,140.0,315.9,134.1,89.73,50.27,20.0,0.0
1779272309.360579,315.9,50.27,0.612,318.6675321702903,52.2125308540254,0.6543139592156921,VISION,0.0,450.0,0,140.0,315.9,134.1,89.73,50.27,20.0,0.0
1779272309.410648,315.9,50.27,0.612,320.8430183197597,53.88120243886293,0.6943574225034741,VISION,0.0,450.0,0,140.0,315.9,134.1,89.73,50.27,20.0,0.0
1779272309.460547,315.9,50.27,0.612,320.8430183197597,53.88120243886293,0.6943574225034741,VISION,0.0,450.0,0,140.0,315.9,134.1,89.73,50.27,20.0,0.0
1779272309.5105927,315.9,50.27,0.612,322.7043184486525,55.431085097741615,0.7305638338995549,VISION,0.0,450.0,0,140.0,315.9,134.1,89.73,50.27,20.0,0.0
1779272309.5606587,315.9,50.27,0.612,322.7043184486525,55.431085097741615,0.7305638338995549,VISION,0.0,450.0,0,140.0,315.9,134.1,89.73,50.27,20.0,0.0
1779272309.6105998,315.9,50.27,0.612,324.7176666765988,57.23491109685972,0.7653517224859552,VISION,0.0,450.0,0,140.0,315.9,134.1,89.73,50.27,20.0,0.0
1779272309.6606207,315.9,50.27,0.612,324.7176666765988,57.23491109685972,0.7653517224859552,VISION,0.0,450.0,0,140.0,315.9,134.1,89.73,50.27,20.0,0.0
1779272309.7106228,315.9,50.27,0.612,326.63712161673084,59.078912033553095,0.795011828117656,VISION,0.0,450.0,0,140.0,315.9,134.1,89.73,50.27,20.0,0.0
1779272309.7606015,315.9,50.27,0.612,326.63712161673084,59.078912033553095,0.795011828117656,VISION,0.0,450.0,0,140.0,315.9,134.1,89.73,50.27,20.0,0.0
1779272309.8107076,326.63712161673084,59.078912033553095,0.795011828117656,326.63712161673084,59.078912033553095,0.795011828117656,ESTIMA,0.0,450.0,0,140.0,326.637,123.363,80.921,59.079,20.0,0.0
1779272309.8609636,305.86,60.57,0.749,305.86,60.57,0.749,ESTIMA,0.0,450.0,0,140.0,305.86,144.14,79.43,60.57,20.0,0.0
1779272309.910627,305.86,60.57,0.749,305.86,60.57,0.749,VISION,0.0,450.0,0,140.0,305.86,144.14,79.43,60.57,20.0,0.0
1779272309.9606183,305.86,60.57,0.749,307.69219401910146,62.27344634238453,0.7749708646702348,VISION,0.0,450.0,0,140.0,305.86,144.14,79.43,60.57,20.0,0.0
1779272310.010644,305.86,60.57,0.749,307.69219401910146,62.27344634238453,0.7749708646702348,VISION,0.0,450.0,0,140.0,305.86,144.14,79.43,60.57,20.0,0.0
1779272310.060583,305.86,60.57,0.749,309.5693103713129,64.11181877887827,0.806334427896638,VISION,0.0,450.0,0,140.0,305.86,144.14,79.43,60.57,20.0,0.0
1779272310.1108685,305.86,60.57,0.749,310.9575250616438,65.55941339920551,0.8344510779530915,VISION,0.0,450.0,0,140.0,305.86,144.14,79.43,60.57,20.0,0.0
1779272310.1605856,305.86,60.57,0.749,310.9575250616438,65.55941339920551,0.8344510779530915,VISION,0.0,450.0,0,140.0,305.86,144.14,79.43,60.57,20.0,0.0
1779272310.21059,305.86,60.57,0.749,310.9575250616438,65.55941339920551,0.8344510779530915,VISION,0.0,450.0,0,140.0,305.86,144.14,79.43,60.57,20.0,0.0
1779272310.2606227,305.86,60.57,0.749,313.5132357021819,68.37901022484685,0.8910932125970843,VISION,0.0,450.0,0,140.0,305.86,144.14,79.43,60.57,20.0,0.0
1779272310.310642,305.86,60.57,0.749,313.5132357021819,68.37901022484685,0.8910932125970843,VISION,0.0,450.0,0,140.0,305.86,144.14,79.43,60.57,20.0,0.0
1779272310.3605945,305.86,60.57,0.749,315.1010584862118,70.34372293752045,0.9282668065091135,VISION,0.0,450.0,0,140.0,305.86,144.14,79.43,60.57,20.0,0.0
1779272310.4111037,315.1010584862118,70.34372293752045,0.9282668065091135,316.31495336853413,71.96552982654576,0.9537721701875229,ESTIMA,0.0,450.0,0,140.0,315.101,134.899,69.656,70.344,20.0,0.0
1779272310.4608347,293.98,69.73,0.932,293.98,69.73,0.932,VISION,0.0,450.0,0,140.0,293.98,156.02,70.27,69.73,20.0,0.0
1779272310.5106173,293.98,69.73,0.932,293.98,69.73,0.932,VISION,0.0,450.0,0,140.0,293.98,156.02,70.27,69.73,20.0,0.0
1779272310.5606484,293.98,69.73,0.932,295.8964953996049,72.31053186498384,0.9717105258656463,VISION,0.0,450.0,0,140.0,293.98,156.02,70.27,69.73,20.0,0.0
1779272310.6105673,293.98,69.73,0.932,295.8964953996049,72.31053186498384,0.9717105258656463,VISION,0.0,450.0,0,140.0,293.98,156.02,70.27,69.73,20.0,0.0
1779272310.6606433,293.98,69.73,0.932,297.6516687500418,74.88110122017216,1.0113972697965872,VISION,0.0,450.0,0,140.0,293.98,156.02,70.27,69.73,20.0,0.0
1779272310.7105782,293.98,69.73,0.932,297.6516687500418,74.88110122017216,1.0113972697965872,VISION,0.0,450.0,0,140.0,293.98,156.02,70.27,69.73,20.0,0.0
1779272310.760593,293.98,69.73,0.932,297.6516687500418,74.88110122017216,1.0113972697965872,VISION,0.0,450.0,0,140.0,293.98,156.02,70.27,69.73,20.0,0.0
1779272310.8106077,293.98,69.73,0.932,299.9931877360816,78.62087362331584,1.0828485218193773,VISION,0.0,450.0,0,140.0,293.98,156.02,70.27,69.73,20.0,0.0
1779272310.8606215,293.98,69.73,0.932,300.75359855351013,80.05357016613776,1.107894725715466,VISION,0.0,450.0,0,140.0,293.98,156.02,70.27,69.73,20.0,0.0
1779272310.910594,293.98,69.73,0.932,300.75359855351013,80.05357016613776,1.107894725715466,VISION,0.0,450.0,0,140.0,293.98,156.02,70.27,69.73,20.0,0.0
1779272310.9607518,293.98,69.73,0.932,302.1419802333453,82.83551998370278,1.159404789471678,VISION,0.0,450.0,0,140.0,293.98,156.02,70.27,69.73,20.0,0.0
1779272311.0111105,302.1419802333453,82.83551998370278,1.159404789471678,280.68,77.12,1.143,ESTIMA,0.0,450.0,0,140.0,302.142,147.858,57.164,82.836,20.0,0.0
1779272311.0606272,280.68,77.12,1.143,280.68,77.12,1.143,VISION,0.0,450.0,0,140.0,280.68,169.32,62.88,77.12,20.0,0.0
1779272311.1105905,280.68,77.12,1.143,282.178775761115,80.4071022834335,1.1945870407516548,VISION,0.0,450.0,0,140.0,280.68,169.32,62.88,77.12,20.0,0.0
1779272311.1606305,280.68,77.12,1.143,282.75259286108746,81.85971592165589,1.217752461111696,VISION,0.0,450.0,0,140.0,280.68,169.32,62.88,77.12,20.0,0.0
1779272311.2106996,280.68,77.12,1.143,282.75259286108746,81.85971592165589,1.217752461111696,VISION,0.0,450.0,0,140.0,280.68,169.32,62.88,77.12,20.0,0.0
1779272311.260619,280.68,77.12,1.143,282.75259286108746,81.85971592165589,1.217752461111696,VISION,0.0,450.0,0,140.0,280.68,169.32,62.88,77.12,20.0,0.0
1779272311.31062,280.68,77.12,1.143,284.2583478381829,85.94609146615477,1.2865058659146704,VISION,0.0,450.0,0,140.0,280.68,169.32,62.88,77.12,20.0,0.0
1779272311.3606157,280.68,77.12,1.143,284.2583478381829,85.94609146615477,1.2865058659146704,VISION,0.0,450.0,0,140.0,280.68,169.32,62.88,77.12,20.0,0.0
1779272311.4105904,280.68,77.12,1.143,285.00207751973466,88.49132123715361,1.329216998324857,VISION,0.0,450.0,0,140.0,280.68,169.32,62.88,77.12,20.0,0.0
1779272311.4605844,280.68,77.12,1.143,285.51710042833514,90.58158575750237,1.365914545974651,VISION,0.0,450.0,0,140.0,280.68,169.32,62.88,77.12,20.0,0.0
1779272311.5105846,280.68,77.12,1.143,285.51710042833514,90.58158575750237,1.365914545974651,VISION,0.0,450.0,0,140.0,280.68,169.32,62.88,77.12,20.0,0.0
1779272311.5607202,286.05008811144876,93.14652377740755,1.4088294807098778,286.05008811144876,93.14652377740755,1.4088294807098778,ESTIMA,0.0,450.0,0,140.0,286.05,163.95,46.853,93.147,20.0,0.0
1779272311.610761,266.23,81.25,1.383,266.23,81.25,1.383,VISION,0.0,450.0,0,140.0,266.23,183.77,58.75,81.25,20.0,0.0
1779272311.6606321,266.23,81.25,1.383,266.23,81.25,1.383,VISION,0.0,450.0,0,140.0,266.23,183.77,58.75,81.25,20.0,0.0
1779272311.7106538,266.23,81.25,1.383,266.9705000305854,85.14663803126207,1.4570411845542768,VISION,0.0,450.0,0,140.0,266.23,183.77,58.75,81.25,20.0,0.0
1779272311.7605755,266.23,81.25,1.383,266.9705000305854,85.14663803126207,1.4570411845542768,VISION,0.0,450.0,0,140.0,266.23,183.77,58.75,81.25,20.0,0.0
1779272311.8106399,266.23,81.25,1.383,267.24424948694724,87.54272876813783,1.4986951958215167,VISION,0.0,450.0,0,140.0,266.23,183.77,58.75,81.25,20.0,0.0
1779272311.8605986,266.23,81.25,1.383,267.24424948694724,87.54272876813783,1.4986951958215167,VISION,0.0,450.0,0,140.0,266.23,183.77,58.75,81.25,20.0,0.0
1779272311.9105864,266.23,81.25,1.383,267.44463401186675,90.31712584000664,1.5489185254303068,VISION,0.0,450.0,0,140.0,266.23,183.77,58.75,81.25,20.0,0.0
1779272311.9606013,266.23,81.25,1.383,267.44463401186675,90.31712584000664,1.5489185254303068,VISION,0.0,450.0,0,140.0,266.23,183.77,58.75,81.25,20.0,0.0
1779272312.0106127,266.23,81.25,1.383,267.5096597108487,93.28887437054138,1.6063769330257054,VISION,0.0,450.0,0,140.0,266.23,183.77,58.75,81.25,20.0,0.0
1779272312.0605931,266.23,81.25,1.383,267.5096597108487,93.28887437054138,1.6063769330257054,VISION,0.0,450.0,0,140.0,266.23,183.77,58.75,81.25,20.0,0.0
1779272312.1106527,266.23,81.25,1.383,267.41306913569025,96.00242597580828,1.660140342930363,VISION,0.0,450.0,0,140.0,266.23,183.77,58.75,81.25,20.0,0.0
1779272312.160683,267.41306913569025,96.00242597580828,1.660140342930363,267.41306913569025,96.00242597580828,1.660140342930363,ESTIMA,0.0,450.0,0,140.0,267.413,182.587,43.998,96.002,20.0,0.0
1779272312.2108667,251.46,81.83,1.655,251.46,81.83,1.655,VISION,0.0,450.0,0,140.0,251.46,198.54,58.17,81.83,20.0,0.0
1779272312.2608013,251.46,81.83,1.655,251.46,81.83,1.655,VISION,0.0,450.0,0,140.0,251.46,198.54,58.17,81.83,20.0,0.0
1779272312.3106058,251.46,81.83,1.655,251.12013144157612,85.85672369968373,1.7251338183167513,VISION,0.0,450.0,0,140.0,251.46,198.54,58.17,81.83,20.0,0.0
1779272312.3605926,251.46,81.83,1.655,251.12013144157612,85.85672369968373,1.7251338183167513,VISION,0.0,450.0,0,140.0,251.46,198.54,58.17,81.83,20.0,0.0
1779272312.4106221,251.46,81.83,1.655,250.67223585322293,88.73569771687524,1.7779395056448148,VISION,0.0,450.0,0,140.0,251.46,198.54,58.17,81.83,20.0,0.0
1779272312.4606164,251.46,81.83,1.655,250.67223585322293,88.73569771687524,1.7779395056448148,VISION,0.0,450.0,0,140.0,251.46,198.54,58.17,81.83,20.0,0.0
1779272312.5106158,251.46,81.83,1.655,250.1773210611157,91.09066693495858,1.8202618109495985,VISION,0.0,450.0,0,140.0,251.46,198.54,58.17,81.83,20.0,0.0
1779272312.560676,251.46,81.83,1.655,250.1773210611157,91.09066693495858,1.8202618109495985,VISION,0.0,450.0,0,140.0,251.46,198.54,58.17,81.83,20.0,0.0
1779272312.6105626,251.46,81.83,1.655,250.1773210611157,91.09066693495858,1.8202618109495985,VISION,0.0,450.0,0,140.0,251.46,198.54,58.17,81.83,20.0,0.0
1779272312.660577,251.46,81.83,1.655,249.1528674750454,95.1117172910537,1.9007839189901554,VISION,0.0,450.0,0,140.0,251.46,198.54,58.17,81.83,20.0,0.0
1779272312.7105904,251.46,81.83,1.655,249.1528674750454,95.1117172910537,1.9007839189901554,VISION,0.0,450.0,0,140.0,251.46,198.54,58.17,81.83,20.0,0.0
1779272312.7608266,251.46,81.83,1.655,248.00912617465502,98.45100066248862,1.9765050028219542,VISION,0.0,450.0,0,140.0,251.46,198.54,58.17,81.83,20.0,0.0
1779272312.8107762,237.08,77.78,1.957,237.08,77.78,1.957,VISION,0.0,450.0,0,140.0,237.08,212.92,62.22,77.78,20.0,0.0
1779272312.8606522,237.08,77.78,1.957,236.24657988862174,79.82960860235643,2.003152950748291,VISION,0.0,450.0,0,140.0,237.08,212.92,62.22,77.78,20.0,0.0
1779272312.9107037,237.08,77.78,1.957,235.2305220725338,82.03136319404808,2.0517734016783513,VISION,0.0,450.0,0,140.0,237.08,212.92,62.22,77.78,20.0,0.0
1779272312.9605796,237.08,77.78,1.957,235.2305220725338,82.03136319404808,2.0517734016783513,VISION,0.0,450.0,0,140.0,237.08,212.92,62.22,77.78,20.0,0.0
1779272313.0106292,237.08,77.78,1.957,233.8238081728969,84.72697458737802,2.111286118135936,VISION,0.0,450.0,0,140.0,237.08,212.92,62.22,77.78,20.0,0.0
1779272313.0606215,237.08,77.78,1.957,233.8238081728969,84.72697458737802,2.111286118135936,VISION,0.0,450.0,0,140.0,237.08,212.92,62.22,77.78,20.0,0.0
1779272313.1107113,237.08,77.78,1.957,232.28027871943195,87.29911384944455,2.1712898409920762,VISION,0.0,450.0,0,140.0,237.08,212.92,62.22,77.78,20.0,0.0
1779272313.1606681,237.08,77.78,1.957,232.28027871943195,87.29911384944455,2.1712898409920762,VISION,0.0,450.0,0,140.0,237.08,212.92,62.22,77.78,20.0,0.0
1779272313.2108395,237.08,77.78,1.957,232.28027871943195,87.29911384944455,2.1712898409920762,VISION,0.0,450.0,0,140.0,237.08,212.92,62.22,77.78,20.0,0.0
1779272313.2608216,237.08,77.78,1.957,232.28027871943195,87.29911384944455,2.1712898409920762,VISION,0.0,450.0,0,140.0,237.08,212.92,62.22,77.78,20.0,0.0
1779272313.3106468,229.25289959441386,91.71953883997712,2.288155914968418,229.25289959441386,91.71953883997712,2.288155914968418,ESTIMA,0.0,450.0,0,140.0,229.253,220.747,48.28,91.72,20.0,0.0
1779272313.360928,228.24579716300872,92.87393383111933,2.3228358354833847,224.8,68.9,2.285,ESTIMA,0.0,450.0,0,140.0,228.246,221.754,47.126,92.874,20.0,0.0
1779272313.4105768,224.8,68.9,2.285,224.8,68.9,2.285,VISION,0.0,450.0,0,140.0,224.8,225.2,71.1,68.9,20.0,0.0
1779272313.4605873,224.8,68.9,2.285,222.71480152598107,71.30544910176326,2.3544758647020685,VISION,0.0,450.0,0,140.0,224.8,225.2,71.1,68.9,20.0,0.0
1779272313.510573,224.8,68.9,2.285,222.71480152598107,71.30544910176326,2.3544758647020685,VISION,0.0,450.0,0,140.0,224.8,225.2,71.1,68.9,20.0,0.0
1779272313.560632,224.8,68.9,2.285,220.25235309257042,73.77637616840913,2.4305433671672163,VISION,0.0,450.0,0,140.0,224.8,225.2,71.1,68.9,20.0,0.0
1779272313.610593,224.8,68.9,2.285,220.25235309257042,73.77637616840913,2.4305433671672163,VISION,0.0,450.0,0,140.0,224.8,225.2,71.1,68.9,20.0,0.0
1779272313.6606157,224.8,68.9,2.285,218.74885475029174,75.07142168398538,2.469536626784202,VISION,0.0,450.0,0,140.0,224.8,225.2,71.1,68.9,20.0,0.0
1779272313.7105706,224.8,68.9,2.285,218.74885475029174,75.07142168398538,2.469536626784202,VISION,0.0,450.0,0,140.0,224.8,225.2,71.1,68.9,20.0,0.0
1779272313.760633,224.8,68.9,2.285,215.69305913567058,77.50263151644843,2.554887529423251,VISION,0.0,450.0,0,140.0,224.8,225.2,71.1,68.9,20.0,0.0
1779272313.8106909,224.8,68.9,2.285,215.69305913567058,77.50263151644843,2.554887529423251,VISION,0.0,450.0,0,140.0,224.8,225.2,71.1,68.9,20.0,0.0
1779272313.8607075,224.8,68.9,2.285,213.75409508577894,78.79164347084169,2.602913358295464,VISION,0.0,450.0,0,140.0,224.8,225.2,71.1,68.9,20.0,0.0
1779272313.9106836,213.75409508577894,78.79164347084169,2.602913358295464,213.75409508577894,78.79164347084169,2.602913358295464,ESTIMA,0.0,450.0,0,140.0,213.754,236.246,61.208,78.792,20.0,0.0
1779272313.9610717,210.98173170043918,80.44850704552749,2.679169095373598,216.68,55.21,2.647,ESTIMA,0.0,450.0,0,140.0,210.982,239.018,59.551,80.449,20.0,0.0
1779272314.0107014,216.68,55.21,2.647,216.68,55.21,2.647,VISION,0.0,450.0,0,140.0,216.68,233.32,84.79,55.21,20.0,0.0
1779272314.0605726,216.68,55.21,2.647,213.7884411978685,56.76942330629342,2.7126056753874566,VISION,0.0,450.0,0,140.0,216.68,233.32,84.79,55.21,20.0,0.0
1779272314.1106293,216.68,55.21,2.647,213.7884411978685,56.76942330629342,2.7126056753874566,VISION,0.0,450.0,0,140.0,216.68,233.32,84.79,55.21,20.0,0.0
1779272314.1606953,216.68,55.21,2.647,210.72361677024574,58.17126020311658,2.7898964430695523,VISION,0.0,450.0,0,140.0,216.68,233.32,84.79,55.21,20.0,0.0
1779272314.2106507,216.68,55.21,2.647,210.72361677024574,58.17126020311658,2.7898964430695523,VISION,0.0,450.0,0,140.0,216.68,233.32,84.79,55.21,20.0,0.0
1779272314.2606502,216.68,55.21,2.647,208.2199630926243,59.08998070469916,2.8453830909646443,VISION,0.0,450.0,0,140.0,216.68,233.32,84.79,55.21,20.0,0.0
1779272314.3105886,216.68,55.21,2.647,208.2199630926243,59.08998070469916,2.8453830909646443,VISION,0.0,450.0,0,140.0,216.68,233.32,84.79,55.21,20.0,0.0
1779272314.3606372,216.68,55.21,2.647,208.2199630926243,59.08998070469916,2.8453830909646443,VISION,0.0,450.0,0,140.0,216.68,233.32,84.79,55.21,20.0,0.0
1779272314.41067,216.68,55.21,2.647,205.01758720223543,60.06730724897935,2.916017161893986,VISION,0.0,450.0,0,140.0,216.68,233.32,84.79,55.21,20.0,0.0
1779272314.4611025,216.68,55.21,2.647,202.02939579677266,60.75304066467224,2.9838094813816327,VISION,0.0,450.0,0,140.0,216.68,233.32,84.79,55.21,20.0,0.0
1779272314.5106933,216.68,55.21,2.647,202.02939579677266,60.75304066467224,2.9838094813816327,VISION,0.0,450.0,0,140.0,216.68,233.32,84.79,55.21,20.0,0.0
1779272314.5611033,214.15,38.41,3.034,214.15,38.41,3.034,VISION,0.0,450.0,0,140.0,214.15,235.85,101.59,38.41,0.0,0.0
1779272314.6106062,214.15,38.41,3.034,210.237739905029,38.83256225703492,3.1262260360847125,VISION,0.0,450.0,0,140.0,214.15,235.85,101.59,38.41,0.0,0.0
1779272314.6610665,214.15,38.41,3.034,208.09307988591078,38.86552102148457,3.1695944236414304,VISION,0.0,450.0,0,140.0,214.15,235.85,101.59,38.41,0.0,0.0
1779272314.7106476,214.15,38.41,3.034,208.09307988591078,38.86552102148457,3.1695944236414304,VISION,0.0,450.0,0,140.0,214.15,235.85,101.59,38.41,0.0,0.0
1779272314.7606475,214.15,38.41,3.034,205.6807991269119,38.7979552300219,3.2129660215453506,VISION,0.0,450.0,0,140.0,214.15,235.85,101.59,38.41,0.0,0.0
1779272314.8105989,214.15,38.41,3.034,205.6807991269119,38.7979552300219,3.2129660215453506,VISION,0.0,450.0,0,140.0,214.15,235.85,101.59,38.41,0.0,0.0
1779272314.8606224,214.15,38.41,3.034,204.381088240836,38.705032645670464,3.223595389917611,VISION,0.0,450.0,0,140.0,214.15,235.85,101.59,38.41,0.0,0.0
1779272314.9106185,214.15,38.41,3.034,204.381088240836,38.705032645670464,3.223595389917611,VISION,0.0,450.0,0,140.0,214.15,235.85,101.59,38.41,0.0,0.0
1779272314.9605894,214.15,38.41,3.034,204.381088240836,38.705032645670464,3.223595389917611,VISION,0.0,450.0,0,140.0,214.15,235.85,101.59,38.41,0.0,0.0
1779272315.0106306,214.15,38.41,3.034,203.29551682309204,38.615812744341085,3.2187564935711617,VISION,0.0,450.0,0,140.0,214.15,235.85,101.59,38.41,0.0,0.0
1779272315.0606637,214.15,38.41,3.034,203.29551682309204,38.615812744341085,3.2187564935711617,VISION,0.0,450.0,0,140.0,214.15,235.85,101.59,38.41,0.0,0.0
1779272315.1111102,203.29551682309204,38.615812744341085,3.2187564935711612,217.96,21.05,-2.855,ESTIMA,0.0,450.0,0,140.0,203.296,246.704,101.384,38.616,-10.0,0.0
1779272315.1607199,217.96,21.05,-2.855,217.96,21.05,-2.855,VISION,0.0,450.0,0,140.0,217.96,232.04,118.95,21.05,-10.0,0.0
1779272315.2107232,217.96,21.05,-2.855,217.96,21.05,-2.8550000000000004,VISION,0.0,450.0,0,140.0,217.96,232.04,118.95,21.05,-10.0,0.0
1779272315.2606208,217.96,21.05,-2.855,217.96,21.05,-2.8550000000000004,VISION,0.0,450.0,0,140.0,217.96,232.04,118.95,21.05,-10.0,0.0
1779272315.3106608,217.96,21.05,-2.855,212.54969673852995,19.45555241008472,-2.8550000000000004,VISION,0.0,450.0,0,140.0,217.96,232.04,118.95,21.05,-10.0,0.0
1779272315.3606117,217.96,21.05,-2.855,212.54969673852995,19.45555241008472,-2.8550000000000004,VISION,0.0,450.0,0,140.0,217.96,232.04,118.95,21.05,-10.0,0.0
1779272315.4106557,217.96,21.05,-2.855,210.0464649783999,18.71783556612093,-2.945749555998486,VISION,0.0,450.0,0,140.0,217.96,232.04,118.95,21.05,-10.0,0.0
1779272315.4606423,217.96,21.05,-2.855,210.0464649783999,18.71783556612093,-2.945749555998486,VISION,0.0,450.0,0,140.0,217.96,232.04,118.95,21.05,-10.0,0.0
1779272315.5106206,217.96,21.05,-2.855,210.0464649783999,18.71783556612093,-2.945749555998486,VISION,0.0,450.0,0,140.0,217.96,232.04,118.95,21.05,-10.0,0.0
1779272315.5606823,217.96,21.05,-2.855,206.27182253065786,17.968999579328315,-2.6803561146995736,VISION,0.0,450.0,0,140.0,217.96,232.04,118.95,21.05,-10.0,0.0
1779272315.6106052,217.96,21.05,-2.855,205.54159954528438,17.60608621449844,-2.624119324733122,VISION,0.0,450.0,0,140.0,217.96,232.04,118.95,21.05,-10.0,0.0
1779272315.6606145,217.96,21.05,-2.855,205.54159954528438,17.60608621449844,-2.624119324733122,VISION,0.0,450.0,0,140.0,217.96,232.04,118.95,21.05,0.0,0.0
1779272315.7109158,221.9,13.76,-2.724,221.9,13.76,-2.724,ESTIMA,0.0,450.0,0,140.0,221.9,228.1,126.24,13.76,0.0,0.0
1779272315.7606218,221.9,13.76,-2.724,221.9,13.76,-2.724,VISION,0.0,450.0,0,140.0,221.9,228.1,126.24,13.76,0.0,0.0
1779272315.8106334,221.9,13.76,-2.724,220.24279468182368,13.02471754679567,-2.874266907873955,VISION,0.0,450.0,0,140.0,221.9,228.1,126.24,13.76,0.0,0.0
1779272315.8606954,221.9,13.76,-2.724,220.24279468182368,13.02471754679567,-2.874266907873955,VISION,0.0,450.0,0,140.0,221.9,228.1,126.24,13.76,0.0,0.0
1779272315.9106514,221.9,13.76,-2.724,219.91212607422767,12.934153641878327,-2.8269777703886234,VISION,0.0,450.0,0,140.0,221.9,228.1,126.24,13.76,0.0,0.0
1779272315.9606037,221.9,13.76,-2.724,219.91212607422767,12.934153641878327,-2.8269777703886234,VISION,0.0,450.0,0,140.0,221.9,228.1,126.24,13.76,0.0,0.0
1779272316.0106635,221.9,13.76,-2.724,219.91212607422767,12.934153641878327,-2.826977770388624,VISION,0.0,450.0,0,140.0,221.9,228.1,126.24,13.76,0.0,0.0
1779272316.0605857,221.9,13.76,-2.724,219.91212607422767,12.934153641878327,-2.826977770388624,VISION,0.0,450.0,0,140.0,221.9,228.1,126.24,13.76,0.0,0.0
1779272316.110602,221.9,13.76,-2.724,219.91212607422767,12.934153641878327,-2.8269777703886243,VISION,0.0,450.0,0,140.0,221.9,228.1,126.24,13.76,0.0,0.0
1779272316.3107057,221.72,13.95,-2.736,221.72,13.95,-2.736,VISION,0.0,450.0,0,140.0,221.72,228.28,126.05,13.95,20.0,0.0
1779272316.3606198,221.72,13.95,-2.736,221.72,13.95,-2.7360000000000007,VISION,0.0,450.0,0,140.0,221.72,228.28,126.05,13.95,0.0,0.0
1779272316.4106066,221.72,13.95,-2.736,221.72,13.95,-2.7360000000000007,VISION,0.0,450.0,0,140.0,221.72,228.28,126.05,13.95,0.0,0.0
1779272316.4606905,221.72,13.95,-2.736,221.72,13.95,-2.736000000000001,VISION,0.0,450.0,0,140.0,221.72,228.28,126.05,13.95,0.0,0.0
1779272316.5106492,221.72,13.95,-2.736,221.72,13.95,-2.736000000000001,VISION,0.0,450.0,0,140.0,221.72,228.28,126.05,13.95,0.0,0.0
1779272316.560634,221.72,13.95,-2.736,221.72,13.95,-2.7360000000000015,VISION,0.0,450.0,0,140.0,221.72,228.28,126.05,13.95,0.0,0.0
1779272316.610636,221.72,13.95,-2.736,221.72,13.95,-2.7360000000000015,VISION,0.0,450.0,0,140.0,221.72,228.28,126.05,13.95,0.0,0.0
1779272316.6606102,221.72,13.95,-2.736,221.72,13.95,-2.7360000000000015,VISION,0.0,450.0,0,140.0,221.72,228.28,126.05,13.95,0.0,0.0
1779272316.7107015,221.72,13.95,-2.736,221.72,13.95,-2.736000000000002,VISION,0.0,450.0,0,140.0,221.72,228.28,126.05,13.95,0.0,0.0
1779272316.760602,221.72,13.95,-2.736,221.72,13.95,-2.736000000000002,VISION,0.0,450.0,0,140.0,221.72,228.28,126.05,13.95,0.0,0.0
1779272316.810831,221.72,13.95,-2.736000000000002,221.72,13.95,-2.7360000000000024,ESTIMA,0.0,450.0,0,140.0,221.72,228.28,126.05,13.95,0.0,0.0
1779272316.8607275,221.72,13.95,-2.7360000000000024,221.72,13.95,-2.7360000000000024,ESTIMA,0.0,450.0,0,140.0,221.72,228.28,126.05,13.95,-10.0,0.0
1779272316.910888,221.72,14.0,-2.72,221.72,14.0,-2.72,VISION,0.0,450.0,0,140.0,221.72,228.28,126.0,14.0,-10.0,0.0
1779272316.9606297,221.72,14.0,-2.72,221.72,14.0,-2.7200000000000006,VISION,0.0,450.0,0,140.0,221.72,228.28,126.0,14.0,-10.0,0.0
1779272317.0106099,221.72,14.0,-2.72,221.72,14.0,-2.7200000000000006,VISION,0.0,450.0,0,140.0,221.72,228.28,126.0,14.0,-10.0,0.0
1779272317.0606215,221.72,14.0,-2.72,218.93810126168756,12.752362427448258,-2.551786918640137,VISION,0.0,450.0,0,140.0,221.72,228.28,126.0,14.0,-10.0,0.0
1779272317.110601,221.72,14.0,-2.72,218.93810126168756,12.752362427448258,-2.551786918640137,VISION,0.0,450.0,0,140.0,221.72,228.28,126.0,14.0,-10.0,0.0
1779272317.160631,221.72,14.0,-2.72,217.3535825832755,11.691884754914295,-2.464777990104699,VISION,0.0,450.0,0,140.0,221.72,228.28,126.0,14.0,-10.0,0.0
1779272317.2106616,221.72,14.0,-2.72,217.3535825832755,11.691884754914295,-2.464777990104699,VISION,0.0,450.0,0,140.0,221.72,228.28,126.0,14.0,-10.0,0.0
1779272317.2607062,221.72,14.0,-2.72,216.10672719055344,10.690152954083164,-2.354473795621435,VISION,0.0,450.0,0,140.0,221.72,228.28,126.0,14.0,-10.0,0.0
1779272317.3106143,221.72,14.0,-2.72,216.10672719055344,10.690152954083164,-2.354473795621435,VISION,0.0,450.0,0,140.0,221.72,228.28,126.0,14.0,-10.0,0.0
1779272317.360598,221.72,14.0,-2.72,214.7184075889137,9.29704736449405,-2.3243317645766393,VISION,0.0,450.0,0,140.0,221.72,228.28,126.0,14.0,-10.0,0.0
1779272317.4106033,221.72,14.0,-2.72,214.7184075889137,9.29704736449405,-2.3243317645766393,VISION,0.0,450.0,0,140.0,221.72,228.28,126.0,14.0,0.0,0.0
1779272317.4612134,221.73,13.94,-2.735,221.73,13.94,-2.735,ESTIMA,0.0,450.0,0,140.0,221.73,228.27,126.06,13.94,0.0,0.0
1779272317.5106094,221.73,13.94,-2.735,221.73,13.94,-2.735,VISION,0.0,450.0,0,140.0,221.73,228.27,126.06,13.94,0.0,0.0
1779272317.5606506,221.73,13.94,-2.735,219.9695471478445,13.181973347780124,-2.4706254359632105,VISION,0.0,450.0,0,140.0,221.73,228.27,126.06,13.94,0.0,0.0
1779272317.6106248,221.73,13.94,-2.735,219.9695471478445,13.181973347780124,-2.4706254359632105,VISION,0.0,450.0,0,140.0,221.73,228.27,126.06,13.94,0.0,0.0
1779272317.6605725,221.73,13.94,-2.735,219.71565228268275,12.980424065572151,-2.4270366743375917,VISION,0.0,450.0,0,140.0,221.73,228.27,126.06,13.94,0.0,0.0
1779272317.7105927,221.73,13.94,-2.735,219.71565228268275,12.980424065572151,-2.4270366743375917,VISION,0.0,450.0,0,140.0,221.73,228.27,126.06,13.94,0.0,0.0
1779272317.760585,221.73,13.94,-2.735,219.71565228268275,12.980424065572151,-2.427036674337592,VISION,0.0,450.0,0,140.0,221.73,228.27,126.06,13.94,0.0,0.0
1779272317.8106644,221.73,13.94,-2.735,219.71565228268275,12.980424065572151,-2.427036674337592,VISION,0.0,450.0,0,140.0,221.73,228.27,126.06,13.94,0.0,0.0
1779272317.8606284,221.73,13.94,-2.735,219.71565228268275,12.980424065572151,-2.427036674337592,VISION,0.0,450.0,0,140.0,221.73,228.27,126.06,13.94,0.0,0.0
1779272318.010747,219.71565228268275,12.980424065572151,-2.4270366743375926,219.71565228268275,12.980424065572151,-2.4270366743375926,ESTIMA,0.0,450.0,0,140.0,219.716,230.284,127.02,12.98,20.0,0.0
1779272318.0609956,221.62,14.1,-2.744,221.62,14.1,-2.744,ESTIMA,0.0,450.0,0,140.0,221.62,228.38,125.9,14.1,0.0,0.0
1779272318.110734,221.62,14.1,-2.744,221.62,14.1,-2.744,VISION,0.0,450.0,0,140.0,221.62,228.38,125.9,14.1,0.0,0.0
1779272318.1606748,221.62,14.1,-2.744,221.08330582763494,13.87461075848074,-2.732937907343713,VISION,0.0,450.0,0,140.0,221.62,228.38,125.9,14.1,0.0,0.0
1779272318.2106545,221.62,14.1,-2.744,221.08330582763494,13.87461075848074,-2.732937907343713,VISION,0.0,450.0,0,140.0,221.62,228.38,125.9,14.1,0.0,0.0
1779272318.2606947,221.62,14.1,-2.744,221.08330582763494,13.87461075848074,-2.732937907343713,VISION,0.0,450.0,0,140.0,221.62,228.38,125.9,14.1,0.0,0.0
1779272318.310602,221.62,14.1,-2.744,219.35619898500727,13.126716915123067,-2.7017667962377527,VISION,0.0,450.0,0,140.0,221.62,228.38,125.9,14.1,0.0,0.0
1779272318.3605921,221.62,14.1,-2.744,219.35619898500727,13.126716915123067,-2.7017667962377527,VISION,0.0,450.0,0,140.0,221.62,228.38,125.9,14.1,0.0,0.0
1779272318.4106376,221.62,14.1,-2.744,218.8868384050396,12.905850936746171,-2.665045450713388,VISION,0.0,450.0,0,140.0,221.62,228.38,125.9,14.1,0.0,0.0
1779272318.4606462,221.62,14.1,-2.744,218.8868384050396,12.905850936746171,-2.665045450713388,VISION,0.0,450.0,0,140.0,221.62,228.38,125.9,14.1,0.0,0.0
1779272318.5106518,221.62,14.1,-2.744,218.2828632056707,12.594060775330696,-2.7587978908042254,VISION,0.0,450.0,0,140.0,221.62,228.38,125.9,14.1,0.0,0.0
1779272318.5607443,221.62,14.1,-2.744,218.2828632056707,12.594060775330696,-2.7587978908042254,VISION,0.0,450.0,0,140.0,221.62,228.38,125.9,14.1,0.0,0.0
1779272318.6108122,221.62,14.1,-2.744,218.2828632056707,12.594060775330696,-2.758797890804226,VISION,0.0,450.0,0,140.0,221.62,228.38,125.9,14.1,-10.0,0.0
1779272318.6608598,221.6,14.08,-2.746,221.6,14.08,-2.746,VISION,0.0,450.0,0,140.0,221.6,228.4,125.92,14.08,-10.0,0.0
1779272318.7106352,221.6,14.08,-2.746,221.6,14.08,-2.7460000000000004,VISION,0.0,450.0,0,140.0,221.6,228.4,125.92,14.08,-10.0,0.0
1779272318.7606053,221.6,14.08,-2.746,218.53145860328482,12.798553576354207,-2.7154219326150835,VISION,0.0,450.0,0,140.0,221.6,228.4,125.92,14.08,-10.0,0.0
1779272318.8106084,221.6,14.08,-2.746,218.53145860328482,12.798553576354207,-2.7154219326150835,VISION,0.0,450.0,0,140.0,221.6,228.4,125.92,14.08,-10.0,0.0
1779272318.8606987,221.6,14.08,-2.746,216.98783275253766,12.097756049918631,-2.668656208893349,VISION,0.0,450.0,0,140.0,221.6,228.4,125.92,14.08,-10.0,0.0
1779272318.9105988,221.6,14.08,-2.746,216.98783275253766,12.097756049918631,-2.668656208893349,VISION,0.0,450.0,0,140.0,221.6,228.4,125.92,14.08,-10.0,0.0
1779272318.9606543,221.6,14.08,-2.746,214.1099791054006,10.625257452340879,-2.668656208893349,VISION,0.0,450.0,0,140.0,221.6,228.4,125.92,14.08,-10.0,0.0
1779272319.0106466,221.6,14.08,-2.746,214.1099791054006,10.625257452340879,-2.668656208893349,VISION,0.0,450.0,0,140.0,221.6,228.4,125.92,14.08,-10.0,0.0
1779272319.0606408,221.6,14.08,-2.746,212.42104619874482,9.761088651078998,-2.511648424214331,VISION,0.0,450.0,0,140.0,221.6,228.4,125.92,14.08,-10.0,0.0
1779272319.1106288,221.6,14.08,-2.746,212.42104619874482,9.761088651078998,-2.511648424214331,VISION,0.0,450.0,0,140.0,221.6,228.4,125.92,14.08,-10.0,0.0
1779272319.1606047,221.6,14.08,-2.746,210.7981175186777,8.577926068838227,-2.4189643151935973,VISION,0.0,450.0,0,140.0,221.6,228.4,125.92,14.08,0.0,0.0
1779272319.2113667,210.7981175186777,8.577926068838227,-2.4189643151935973,222.66,12.29,-2.707,ESTIMA,0.0,450.0,0,140.0,210.798,239.202,131.422,8.578,0.0,0.0
1779272319.2607622,222.66,12.29,-2.707,222.66,12.29,-2.707,VISION,0.0,450.0,0,140.0,222.66,227.34,127.71,12.29,0.0,0.0
1779272319.310661,222.66,12.29,-2.707,220.36631812656287,11.225292515477875,-2.823264386012636,VISION,0.0,450.0,0,140.0,222.66,227.34,127.71,12.29,0.0,0.0
1779272319.3606088,222.66,12.29,-2.707,220.36631812656287,11.225292515477875,-2.823264386012636,VISION,0.0,450.0,0,140.0,222.66,227.34,127.71,12.29,0.0,0.0
1779272319.4105875,222.66,12.29,-2.707,219.06744031404034,10.797266672049265,-2.822739631275638,VISION,0.0,450.0,0,140.0,222.66,227.34,127.71,12.29,0.0,0.0
1779272319.4605978,222.66,12.29,-2.707,219.06744031404034,10.797266672049265,-2.822739631275638,VISION,0.0,450.0,0,140.0,222.66,227.34,127.71,12.29,0.0,0.0
1779272319.5106583,222.66,12.29,-2.707,219.06744031404034,10.797266672049265,-2.8227396312756383,VISION,0.0,450.0,0,140.0,222.66,227.34,127.71,12.29,0.0,0.0
1779272319.5606647,222.66,12.29,-2.707,219.06744031404034,10.797266672049265,-2.8227396312756383,VISION,0.0,450.0,0,140.0,222.66,227.34,127.71,12.29,0.0,0.0
1779272319.6106367,222.66,12.29,-2.707,219.06744031404034,10.797266672049265,-2.8227396312756388,VISION,0.0,450.0,0,140.0,222.66,227.34,127.71,12.29,0.0,0.0
1779272319.7606945,219.06744031404034,10.797266672049265,-2.822739631275639,219.06744031404034,10.797266672049265,-2.822739631275639,ESTIMA,0.0,450.0,0,140.0,219.067,230.933,129.203,10.797,20.0,0.0
1779272319.8109963,222.56,12.54,-2.706,222.56,12.54,-2.706,VISION,0.0,450.0,0,140.0,222.56,227.44,127.46,12.54,0.0,0.0
1779272319.860704,222.56,12.54,-2.706,222.56,12.54,-2.706,VISION,0.0,450.0,0,140.0,222.56,227.44,127.46,12.54,0.0,0.0
1779272319.9107077,222.56,12.54,-2.706,222.22884668396514,12.385878771205121,-2.6996208498316636,VISION,0.0,450.0,0,140.0,222.56,227.44,127.46,12.54,0.0,0.0
1779272319.9606204,222.56,12.54,-2.706,222.22884668396514,12.385878771205121,-2.6996208498316636,VISION,0.0,450.0,0,140.0,222.56,227.44,127.46,12.54,0.0,0.0
1779272320.01083,222.56,12.54,-2.706,221.525276421143,12.05295523868507,-2.668950379163829,VISION,0.0,450.0,0,140.0,222.56,227.44,127.46,12.54,0.0,0.0
1779272320.0606833,222.56,12.54,-2.706,221.525276421143,12.05295523868507,-2.668950379163829,VISION,0.0,450.0,0,140.0,222.56,227.44,127.46,12.54,0.0,0.0
1779272320.1106405,222.56,12.54,-2.706,220.84901596640077,11.70718703414395,-2.6729347039708724,VISION,0.0,450.0,0,140.0,222.56,227.44,127.46,12.54,0.0,0.0
1779272320.1606426,222.56,12.54,-2.706,220.84901596640077,11.70718703414395,-2.6729347039708724,VISION,0.0,450.0,0,140.0,222.56,227.44,127.46,12.54,0.0,0.0
1779272320.210619,222.56,12.54,-2.706,220.84901596640077,11.70718703414395,-2.6729347039708724,VISION,0.0,450.0,0,140.0,222.56,227.44,127.46,12.54,0.0,0.0
1779272320.2606258,222.56,12.54,-2.706,220.84901596640077,11.70718703414395,-2.6729347039708724,VISION,0.0,450.0,0,140.0,222.56,227.44,127.46,12.54,0.0,0.0
1779272320.310658,222.56,12.54,-2.706,220.84901596640077,11.70718703414395,-2.672934703970873,VISION,0.0,450.0,0,140.0,222.56,227.44,127.46,12.54,-10.0,0.0
1779272320.3606808,222.56,12.54,-2.706,220.84901596640077,11.70718703414395,-2.672934703970873,VISION,0.0,450.0,0,140.0,222.56,227.44,127.46,12.54,-10.0,0.0
1779272320.4109745,222.52,12.55,-2.706,222.52,12.55,-2.7060000000000004,VISION,0.0,450.0,0,140.0,222.52,227.48,127.45,12.55,-10.0,0.0
1779272320.461019,222.52,12.55,-2.706,222.52,12.55,-2.706,VISION,0.0,450.0,0,140.0,222.52,227.48,127.45,12.55,-10.0,0.0
1779272320.5106397,222.52,12.55,-2.706,222.52,12.55,-2.706,VISION,0.0,450.0,0,140.0,222.52,227.48,127.45,12.55,-10.0,0.0
1779272320.560639,222.52,12.55,-2.706,216.2903815737265,9.650689015358065,-2.6428160428672003,VISION,0.0,450.0,0,140.0,222.52,227.48,127.45,12.55,-10.0,0.0
1779272320.610895,222.52,12.55,-2.706,215.38699054130592,9.158598328850726,-2.557539577887294,VISION,0.0,450.0,0,140.0,222.52,227.48,127.45,12.55,-10.0,0.0
1779272320.660664,222.52,12.55,-2.706,215.38699054130592,9.158598328850726,-2.557539577887294,VISION,0.0,450.0,0,140.0,222.52,227.48,127.45,12.55,-10.0,0.0
1779272320.7106624,222.52,12.55,-2.706,215.38699054130592,9.158598328850726,-2.557539577887294,VISION,0.0,450.0,0,140.0,222.52,227.48,127.45,12.55,-10.0,0.0
1779272320.7606893,222.52,12.55,-2.706,211.8285684533191,6.806564079098758,-2.3222020179570846,VISION,0.0,450.0,0,140.0,222.52,227.48,127.45,12.55,-10.0,0.0
1779272320.8106773,222.52,12.55,-2.706,211.14747015895168,6.0775128449271305,-2.390660968445413,VISION,0.0,450.0,0,140.0,222.52,227.48,127.45,12.55,0.0,0.0
1779272320.8607621,222.52,12.55,-2.706,211.14747015895168,6.0775128449271305,-2.390660968445413,VISION,0.0,450.0,0,140.0,222.52,227.48,127.45,12.55,0.0,0.0
1779272320.9106479,222.52,12.55,-2.706,211.14747015895168,6.0775128449271305,-2.390660968445413,VISION,0.0,450.0,0,140.0,222.52,227.48,127.45,12.55,0.0,0.0
1779272320.9610605,222.52,12.55,-2.706,223.13,11.47,-2.691,VISION,0.0,450.0,0,140.0,222.52,227.48,127.45,12.55,0.0,0.0
1779272321.010689,223.13,11.47,-2.691,223.13,11.47,-2.691,VISION,0.0,450.0,0,140.0,223.13,226.87,128.53,11.47,0.0,0.0
1779272321.0606718,223.13,11.47,-2.691,223.12600634849818,11.468067926437142,-2.6903880747433178,VISION,0.0,450.0,0,140.0,223.13,226.87,128.53,11.47,0.0,0.0
1779272321.1106534,223.13,11.47,-2.691,223.12600634849818,11.468067926437142,-2.6903880747433178,VISION,0.0,450.0,0,140.0,223.13,226.87,128.53,11.47,0.0,0.0
1779272321.160611,223.13,11.47,-2.691,223.12600634849818,11.468067926437142,-2.690388074743318,VISION,0.0,450.0,0,140.0,223.13,226.87,128.53,11.47,0.0,0.0
1779272321.2106388,223.13,11.47,-2.691,223.12600634849818,11.468067926437142,-2.690388074743318,VISION,0.0,450.0,0,140.0,223.13,226.87,128.53,11.47,0.0,0.0
1779272321.2607107,223.13,11.47,-2.691,223.12600634849818,11.468067926437142,-2.6903880747433186,VISION,0.0,450.0,0,140.0,223.13,226.87,128.53,11.47,0.0,0.0
1779272321.5107126,223.12600634849818,11.468067926437142,-2.690388074743319,223.12600634849818,11.468067926437142,-2.690388074743319,ESTIMA,0.0,450.0,0,140.0,223.126,226.874,128.532,11.468,20.0,0.0
1779272321.5608914,222.97,11.69,-2.696,222.97,11.69,-2.6960000000000006,ESTIMA,0.0,450.0,0,140.0,222.97,227.03,128.31,11.69,0.0,0.0
1779272321.6109989,222.97,11.69,-2.696,222.97,11.69,-2.696,VISION,0.0,450.0,0,140.0,222.97,227.03,128.31,11.69,0.0,0.0
1779272321.6606808,222.97,11.69,-2.696,222.29722983501048,11.368664239551384,-2.6806486674197862,VISION,0.0,450.0,0,140.0,222.97,227.03,128.31,11.69,0.0,0.0
1779272321.7106407,222.97,11.69,-2.696,222.29722983501048,11.368664239551384,-2.6806486674197862,VISION,0.0,450.0,0,140.0,222.97,227.03,128.31,11.69,0.0,0.0
1779272321.7606893,222.97,11.69,-2.696,222.29722983501048,11.368664239551384,-2.6806486674197862,VISION,0.0,450.0,0,140.0,222.97,227.03,128.31,11.69,0.0,0.0
1779272321.810668,222.97,11.69,-2.696,221.01161419974866,10.730195341819822,-2.6394919578460874,VISION,0.0,450.0,0,140.0,222.97,227.03,128.31,11.69,0.0,0.0
1779272321.8607037,222.97,11.69,-2.696,220.2494064926367,10.31171795303813,-2.607859122028196,VISION,0.0,450.0,0,140.0,222.97,227.03,128.31,11.69,0.0,0.0
1779272321.9106617,222.97,11.69,-2.696,220.2494064926367,10.31171795303813,-2.607859122028196,VISION,0.0,450.0,0,140.0,222.97,227.03,128.31,11.69,0.0,0.0
1779272321.9606228,222.97,11.69,-2.696,219.40876373705458,9.814945766272372,-2.742542463021617,VISION,0.0,450.0,0,140.0,222.97,227.03,128.31,11.69,0.0,0.0
1779272322.0106735,222.97,11.69,-2.696,219.40876373705458,9.814945766272372,-2.742542463021617,VISION,0.0,450.0,0,140.0,222.97,227.03,128.31,11.69,0.0,0.0
1779272322.060845,222.97,11.69,-2.696,219.40876373705458,9.814945766272372,-2.7425424630216173,VISION,0.0,450.0,0,140.0,222.97,227.03,128.31,11.69,0.0,0.0
1779272322.1107185,222.97,11.69,-2.696,219.40876373705458,9.814945766272372,-2.7425424630216173,VISION,0.0,450.0,0,140.0,222.97,227.03,128.31,11.69,-10.0,0.0
1779272322.160883,222.97,11.68,-2.699,222.97,11.68,-2.699,VISION,0.0,450.0,0,140.0,222.97,227.03,128.32,11.68,-10.0,0.0
1779272322.210671,222.97,11.68,-2.699,222.97,11.68,-2.6990000000000003,VISION,0.0,450.0,0,140.0,222.97,227.03,128.32,11.68,-10.0,0.0
1779272322.260766,222.97,11.68,-2.699,222.97,11.68,-2.6990000000000003,VISION,0.0,450.0,0,140.0,222.97,227.03,128.32,11.68,-10.0,0.0
1779272322.3106575,222.97,11.68,-2.699,219.28144714524458,9.931804179324974,-2.66146562168516,VISION,0.0,450.0,0,140.0,222.97,227.03,128.32,11.68,-10.0,0.0
1779272322.360624,222.97,11.68,-2.699,219.28144714524458,9.931804179324974,-2.66146562168516,VISION,0.0,450.0,0,140.0,222.97,227.03,128.32,11.68,-10.0,0.0
1779272322.4106321,222.97,11.68,-2.699,217.54975604856003,9.02998739466182,-2.7515659867544464,VISION,0.0,450.0,0,140.0,222.97,227.03,128.32,11.68,-10.0,0.0
1779272322.4606464,222.97,11.68,-2.699,217.54975604856003,9.02998739466182,-2.7515659867544464,VISION,0.0,450.0,0,140.0,222.97,227.03,128.32,11.68,-10.0,0.0
1779272322.5106957,222.97,11.68,-2.699,214.72049317863184,7.866916789195373,-2.5171600992164573,VISION,0.0,450.0,0,140.0,222.97,227.03,128.32,11.68,-10.0,0.0
1779272322.5606418,222.97,11.68,-2.699,214.72049317863184,7.866916789195373,-2.5171600992164573,VISION,0.0,450.0,0,140.0,222.97,227.03,128.32,11.68,-10.0,0.0
1779272322.610698,222.97,11.68,-2.699,214.16518070486305,7.466746420195,-2.5171600992164573,VISION,0.0,450.0,0,140.0,222.97,227.03,128.32,11.68,-10.0,0.0
1779272322.660629,222.97,11.68,-2.699,214.16518070486305,7.466746420195,-2.5171600992164573,VISION,0.0,450.0,0,140.0,222.97,227.03,128.32,11.68,0.0,0.0
1779272322.7107656,210.66950090993018,4.947682758700809,-2.418108021890176,210.66950090993018,4.947682758700809,-2.418108021890176,ESTIMA,0.0,450.0,0,140.0,210.67,239.33,135.052,4.948,0.0,0.0
1779272322.7607422,224.04,10.0,-2.642,224.04,10.0,-2.642,VISION,0.0,450.0,0,140.0,224.04,225.96,130.0,10.0,0.0,0.0
1779272322.8106525,224.04,10.0,-2.642,222.69176115017459,9.264166707920607,-2.6843715394118735,VISION,0.0,450.0,0,140.0,224.04,225.96,130.0,10.0,0.0,0.0
1779272322.8606129,224.04,10.0,-2.642,222.69176115017459,9.264166707920607,-2.6843715394118735,VISION,0.0,450.0,0,140.0,224.04,225.96,130.0,10.0,0.0,0.0
1779272322.91063,224.04,10.0,-2.642,222.6885298948973,9.262576954554365,-2.6848682506206,VISION,0.0,450.0,0,140.0,224.04,225.96,130.0,10.0,0.0,0.0
1779272322.960605,224.04,10.0,-2.642,222.6885298948973,9.262576954554365,-2.6848682506206,VISION,0.0,450.0,0,140.0,224.04,225.96,130.0,10.0,0.0,0.0
1779272323.0106466,224.04,10.0,-2.642,222.6885298948973,9.262576954554365,-2.6848682506206005,VISION,0.0,450.0,0,140.0,224.04,225.96,130.0,10.0,0.0,0.0
1779272323.060718,224.04,10.0,-2.642,222.6885298948973,9.262576954554365,-2.6848682506206005,VISION,0.0,450.0,0,140.0,224.04,225.96,130.0,10.0,0.0,0.0
1779272323.1107576,224.04,10.0,-2.642,222.6885298948973,9.262576954554365,-2.684868250620601,VISION,0.0,450.0,0,140.0,224.04,225.96,130.0,10.0,0.0,0.0
1779272323.311012,222.6885298948973,9.262576954554365,-2.684868250620602,223.83,10.21,-2.657,ESTIMA,0.0,450.0,0,140.0,222.689,227.311,130.737,9.263,20.0,0.0
1779272323.360645,223.83,10.21,-2.657,223.83,10.21,-2.657,VISION,0.0,450.0,0,140.0,223.83,226.17,129.79,10.21,0.0,0.0
1779272323.4107525,223.83,10.21,-2.657,223.83,10.21,-2.6570000000000005,VISION,0.0,450.0,0,140.0,223.83,226.17,129.79,10.21,0.0,0.0
1779272323.460644,223.83,10.21,-2.657,223.83,10.21,-2.6570000000000005,VISION,0.0,450.0,0,140.0,223.83,226.17,129.79,10.21,0.0,0.0
1779272323.5106347,223.83,10.21,-2.657,223.22823604365038,9.893193961961664,-2.6427965216203884,VISION,0.0,450.0,0,140.0,223.83,226.17,129.79,10.21,0.0,0.0
1779272323.5606701,223.83,10.21,-2.657,223.22823604365038,9.893193961961664,-2.6427965216203884,VISION,0.0,450.0,0,140.0,223.83,226.17,129.79,10.21,0.0,0.0
1779272323.610653,223.83,10.21,-2.657,222.8639633899866,9.694759946070388,-2.6167716264751255,VISION,0.0,450.0,0,140.0,223.83,226.17,129.79,10.21,0.0,0.0
1779272323.660651,223.83,10.21,-2.657,222.8639633899866,9.694759946070388,-2.6167716264751255,VISION,0.0,450.0,0,140.0,223.83,226.17,129.79,10.21,0.0,0.0
1779272323.710713,223.83,10.21,-2.657,222.23893976934866,9.332883089226025,-2.6178484421872095,VISION,0.0,450.0,0,140.0,223.83,226.17,129.79,10.21,0.0,0.0
1779272323.760634,223.83,10.21,-2.657,222.23893976934866,9.332883089226025,-2.6178484421872095,VISION,0.0,450.0,0,140.0,223.83,226.17,129.79,10.21,0.0,0.0
1779272323.8106918,223.83,10.21,-2.657,222.23893976934866,9.332883089226025,-2.61784844218721,VISION,0.0,450.0,0,140.0,223.83,226.17,129.79,10.21,0.0,0.0
1779272323.8606985,222.23893976934866,9.332883089226025,-2.61784844218721,222.23893976934866,9.332883089226025,-2.61784844218721,ESTIMA,0.0,450.0,0,140.0,222.239,227.761,130.667,9.333,-10.0,0.0
1779272323.9108233,223.83,10.22,-2.658,223.83,10.22,-2.658,VISION,0.0,450.0,0,140.0,223.83,226.17,129.78,10.22,-10.0,0.0
1779272323.9606326,223.83,10.22,-2.658,223.83,10.22,-2.658,VISION,0.0,450.0,0,140.0,223.83,226.17,129.78,10.22,-10.0,0.0
1779272324.0107179,223.83,10.22,-2.658,221.61172939534296,9.054995752208773,-2.6086288544885043,VISION,0.0,450.0,0,140.0,223.83,226.17,129.78,10.22,-10.0,0.0
1779272324.0606296,223.83,10.22,-2.658,221.61172939534296,9.054995752208773,-2.6086288544885043,VISION,0.0,450.0,0,140.0,223.83,226.17,129.78,10.22,-10.0,0.0
1779272324.1106718,223.83,10.22,-2.658,217.74901979186873,6.776363203161859,-2.299049041892956,VISION,0.0,450.0,0,140.0,223.83,226.17,129.78,10.22,-10.0,0.0
1779272324.160631,223.83,10.22,-2.658,217.74901979186873,6.776363203161859,-2.299049041892956,VISION,0.0,450.0,0,140.0,223.83,226.17,129.78,10.22,-10.0,0.0
1779272324.2107444,223.83,10.22,-2.658,216.36580236122344,5.225281146722074,-2.3945643602892295,VISION,0.0,450.0,0,140.0,223.83,226.17,129.78,10.22,-10.0,0.0
1779272324.2606366,223.83,10.22,-2.658,216.36580236122344,5.225281146722074,-2.3945643602892295,VISION,0.0,450.0,0,140.0,223.83,226.17,129.78,10.22,-10.0,0.0
1779272324.3106387,223.83,10.22,-2.658,214.9572206605471,3.9208485676238016,-2.2180306744077134,VISION,0.0,450.0,0,140.0,223.83,226.17,129.78,10.22,-10.0,0.0
1779272324.360613,223.83,10.22,-2.658,214.9572206605471,3.9208485676238016,-2.2180306744077134,VISION,0.0,450.0,0,140.0,223.83,226.17,129.78,10.22,-10.0,0.0
1779272324.410705,223.83,10.22,-2.658,213.54147186641313,2.0477923266966354,-2.079237927765173,VISION,0.0,450.0,0,140.0,223.83,226.17,129.78,10.22,0.0,0.0
1779272324.460836,213.54147186641313,2.0477923266966354,-2.079237927765173,213.54147186641313,2.0477923266966354,-2.079237927765173,ESTIMA,0.0,450.0,0,140.0,213.541,236.459,137.952,2.048,0.0,0.0
1779272324.510822,224.39,9.39,-2.626,224.39,9.39,-2.626,VISION,0.0,450.0,0,140.0,224.39,225.61,130.61,9.39,0.0,0.0
1779272324.5606685,224.39,9.39,-2.626,224.39,9.39,-2.626,VISION,0.0,450.0,0,140.0,224.39,225.61,130.61,9.39,0.0,0.0
1779272324.6107748,224.39,9.39,-2.626,224.39,9.390000000000002,-2.626000000000001,VISION,0.0,450.0,0,140.0,224.39,225.61,130.61,9.39,0.0,0.0
1779272324.6606152,224.39,9.39,-2.626,224.39,9.390000000000002,-2.626000000000001,VISION,0.0,450.0,0,140.0,224.39,225.61,130.61,9.39,0.0,0.0
1779272324.7106552,224.39,9.39,-2.626,224.39,9.390000000000002,-2.626000000000001,VISION,0.0,450.0,0,140.0,224.39,225.61,130.61,9.39,0.0,0.0
1779272324.7606654,224.39,9.39,-2.626,224.39,9.390000000000002,-2.6260000000000012,VISION,0.0,450.0,0,140.0,224.39,225.61,130.61,9.39,0.0,0.0
1779272324.8106277,224.39,9.39,-2.626,224.39,9.390000000000002,-2.6260000000000012,VISION,0.0,450.0,0,140.0,224.39,225.61,130.61,9.39,0.0,0.0
1779272324.8607543,224.39,9.39,-2.626,224.39,9.390000000000002,-2.6260000000000017,VISION,0.0,450.0,0,140.0,224.39,225.61,130.61,9.39,0.0,0.0
1779272324.9106243,224.39,9.39,-2.626,224.39,9.390000000000002,-2.6260000000000017,VISION,0.0,450.0,0,140.0,224.39,225.61,130.61,9.39,0.0,0.0
1779272325.110787,224.18,9.65,-2.639,224.18,9.65,-2.639,VISION,0.0,450.0,0,140.0,224.18,225.82,130.35,9.65,20.0,0.0
1779272325.1606843,224.18,9.65,-2.639,224.18,9.65,-2.639,VISION,0.0,450.0,0,140.0,224.18,225.82,130.35,9.65,0.0,0.0
1779272325.210742,224.18,9.65,-2.639,224.18,9.650000000000002,-2.6390000000000002,VISION,0.0,450.0,0,140.0,224.18,225.82,130.35,9.65,0.0,0.0
1779272325.2606583,224.18,9.65,-2.639,223.810872075542,9.447100090194493,-2.6312971499802025,VISION,0.0,450.0,0,140.0,224.18,225.82,130.35,9.65,0.0,0.0
1779272325.3106184,224.18,9.65,-2.639,223.810872075542,9.447100090194493,-2.6312971499802025,VISION,0.0,450.0,0,140.0,224.18,225.82,130.35,9.65,0.0,0.0
1779272325.3606427,224.18,9.65,-2.639,223.1566942795892,9.080926200734723,-2.5966959496250066,VISION,0.0,450.0,0,140.0,224.18,225.82,130.35,9.65,0.0,0.0
1779272325.410634,224.18,9.65,-2.639,223.1566942795892,9.080926200734723,-2.5966959496250066,VISION,0.0,450.0,0,140.0,224.18,225.82,130.35,9.65,0.0,0.0
1779272325.4606676,224.18,9.65,-2.639,222.11590195270057,8.450096310542422,-2.4446336224515957,VISION,0.0,450.0,0,140.0,224.18,225.82,130.35,9.65,0.0,0.0
1779272325.5106308,224.18,9.65,-2.639,222.11590195270057,8.450096310542422,-2.4446336224515957,VISION,0.0,450.0,0,140.0,224.18,225.82,130.35,9.65,0.0,0.0
1779272325.5606859,224.18,9.65,-2.639,222.11590195270057,8.450096310542422,-2.444633622451596,VISION,0.0,450.0,0,140.0,224.18,225.82,130.35,9.65,0.0,0.0
1779272325.6107357,222.11590195270057,8.450096310542422,-2.444633622451596,222.11590195270057,8.450096310542422,-2.444633622451596,ESTIMA,0.0,450.0,0,140.0,222.116,227.884,131.55,8.45,0.0,0.0
1779272325.6611204,222.11590195270057,8.450096310542424,-2.4446336224515965,224.16,9.65,-2.641,ESTIMA,0.0,450.0,0,140.0,222.116,227.884,131.55,8.45,-10.0,0.0
1779272325.7106547,224.16,9.65,-2.641,224.16,9.65,-2.641,VISION,0.0,450.0,0,140.0,224.16,225.84,130.35,9.65,-10.0,0.0
1779272325.7606282,224.16,9.65,-2.641,224.16,9.65,-2.641,VISION,0.0,450.0,0,140.0,224.16,225.84,130.35,9.65,-10.0,0.0
1779272325.8106353,224.16,9.65,-2.641,224.16,9.65,-2.6410000000000005,VISION,0.0,450.0,0,140.0,224.16,225.84,130.35,9.65,-10.0,0.0
1779272325.8606248,224.16,9.65,-2.641,224.16,9.65,-2.6410000000000005,VISION,0.0,450.0,0,140.0,224.16,225.84,130.35,9.65,-10.0,0.0
1779272325.910613,224.16,9.65,-2.641,219.56418093659448,7.13575484125212,-2.6410000000000005,VISION,0.0,450.0,0,140.0,224.16,225.84,130.35,9.65,-10.0,0.0
1779272325.9606175,224.16,9.65,-2.641,219.56418093659448,7.13575484125212,-2.6410000000000005,VISION,0.0,450.0,0,140.0,224.16,225.84,130.35,9.65,-10.0,0.0
1779272326.010669,224.16,9.65,-2.641,217.49247967024513,6.002384530665742,-2.640987174946287,VISION,0.0,450.0,0,140.0,224.16,225.84,130.35,9.65,-10.0,0.0
1779272326.0606284,224.16,9.65,-2.641,217.49247967024513,6.002384530665742,-2.640987174946287,VISION,0.0,450.0,0,140.0,224.16,225.84,130.35,9.65,-10.0,0.0
1779272326.1106286,224.16,9.65,-2.641,214.85563197469995,4.559794341996652,-2.7100829608107553,VISION,0.0,450.0,0,140.0,224.16,225.84,130.35,9.65,-10.0,0.0
1779272326.160634,224.16,9.65,-2.641,214.85563197469995,4.559794341996652,-2.7100829608107553,VISION,0.0,450.0,0,140.0,224.16,225.84,130.35,9.65,-10.0,0.0
1779272326.2107594,224.16,9.65,-2.641,212.9928927224391,3.702096943231026,-2.5215112347681066,VISION,0.0,450.0,0,140.0,224.16,225.84,130.35,9.65,0.0,0.0
1779272326.2606938,225.01,8.4,-2.59,225.01,8.4,-2.59,VISION,0.0,450.0,0,140.0,225.01,224.99,131.6,8.4,0.0,0.0
1779272326.3108175,225.01,8.4,-2.59,222.29855049234186,6.7316486810992355,-2.527268824412905,VISION,0.0,450.0,0,140.0,225.01,224.99,131.6,8.4,0.0,0.0
1779272326.3606281,225.01,8.4,-2.59,222.29855049234186,6.7316486810992355,-2.527268824412905,VISION,0.0,450.0,0,140.0,225.01,224.99,131.6,8.4,0.0,0.0
1779272326.4107218,225.01,8.4,-2.59,222.01882862737926,6.534340044834128,-2.48005387692524,VISION,0.0,450.0,0,140.0,225.01,224.99,131.6,8.4,0.0,0.0
1779272326.4606695,225.01,8.4,-2.59,222.01882862737926,6.534340044834128,-2.48005387692524,VISION,0.0,450.0,0,140.0,225.01,224.99,131.6,8.4,0.0,0.0
1779272326.5106835,225.01,8.4,-2.59,222.01882862737926,6.534340044834129,-2.4800538769252403,VISION,0.0,450.0,0,140.0,225.01,224.99,131.6,8.4,0.0,0.0
1779272326.560643,225.01,8.4,-2.59,222.01882862737926,6.534340044834129,-2.4800538769252403,VISION,0.0,450.0,0,140.0,225.01,224.99,131.6,8.4,0.0,0.0
1779272326.610649,225.01,8.4,-2.59,222.01882862737926,6.53434004483413,-2.4800538769252407,VISION,0.0,450.0,0,140.0,225.01,224.99,131.6,8.4,0.0,0.0
1779272326.660626,225.01,8.4,-2.59,222.01882862737926,6.53434004483413,-2.4800538769252407,VISION,0.0,450.0,0,140.0,225.01,224.99,131.6,8.4,0.0,0.0
1779272326.7106833,225.01,8.4,-2.59,222.01882862737926,6.5343400448341304,-2.480053876925241,VISION,0.0,450.0,0,140.0,225.01,224.99,131.6,8.4,0.0,0.0
1779272326.9109414,224.85,8.57,-2.605,224.85,8.57,-2.605,VISION,0.0,450.0,0,140.0,224.85,225.15,131.43,8.57,20.0,0.0
1779272326.9606874,224.85,8.57,-2.605,224.85,8.57,-2.605,VISION,0.0,450.0,0,140.0,224.85,225.15,131.43,8.57,0.0,0.0
1779272327.0107458,224.85,8.57,-2.605,224.85,8.570000000000002,-2.6050000000000004,VISION,0.0,450.0,0,140.0,224.85,225.15,131.43,8.57,0.0,0.0
1779272327.0606573,224.85,8.57,-2.605,224.76086732995233,8.516983229524557,-2.603614505966642,VISION,0.0,450.0,0,140.0,224.85,225.15,131.43,8.57,0.0,0.0
1779272327.1110764,224.85,8.57,-2.605,224.76086732995233,8.516983229524557,-2.603614505966642,VISION,0.0,450.0,0,140.0,224.85,225.15,131.43,8.57,0.0,0.0
1779272327.1606874,224.85,8.57,-2.605,223.96705807549685,8.043329463929618,-2.5585930251942686,VISION,0.0,450.0,0,140.0,224.85,225.15,131.43,8.57,0.0,0.0
1779272327.2110825,224.85,8.57,-2.605,223.96705807549685,8.043329463929618,-2.5585930251942686,VISION,0.0,450.0,0,140.0,224.85,225.15,131.43,8.57,0.0,0.0
1779272327.2606726,224.85,8.57,-2.605,222.70446177850718,7.210692521001188,-2.5939545342660244,VISION,0.0,450.0,0,140.0,224.85,225.15,131.43,8.57,0.0,0.0
1779272327.3106525,224.85,8.57,-2.605,222.70446177850718,7.210692521001188,-2.5939545342660244,VISION,0.0,450.0,0,140.0,224.85,225.15,131.43,8.57,0.0,0.0
1779272327.360647,224.85,8.57,-2.605,222.70446177850718,7.210692521001189,-2.593954534266025,VISION,0.0,450.0,0,140.0,224.85,225.15,131.43,8.57,0.0,0.0
1779272327.411018,224.8,8.6,-2.608,224.8,8.6,-2.608,ESTIMA,0.0,450.0,0,140.0,224.8,225.2,131.4,8.6,0.0,0.0
1779272327.4607701,224.8,8.6,-2.608,224.8,8.6,-2.608,VISION,0.0,450.0,0,140.0,224.8,225.2,131.4,8.6,-10.0,0.0
1779272327.5106382,224.8,8.6,-2.608,224.8,8.600000000000001,-2.6080000000000005,VISION,0.0,450.0,0,140.0,224.8,225.2,131.4,8.6,-10.0,0.0
1779272327.5607114,224.8,8.6,-2.608,224.8,8.600000000000001,-2.6080000000000005,VISION,0.0,450.0,0,140.0,224.8,225.2,131.4,8.6,-10.0,0.0
1779272327.6106837,224.8,8.6,-2.608,224.8,8.600000000000001,-2.6080000000000005,VISION,0.0,450.0,0,140.0,224.8,225.2,131.4,8.6,-10.0,0.0
1779272327.6606317,224.8,8.6,-2.608,221.20951213071726,6.478907727447327,-2.5258284118915433,VISION,0.0,450.0,0,140.0,224.8,225.2,131.4,8.6,-10.0,0.0
1779272327.71063,224.8,8.6,-2.608,221.20951213071726,6.478907727447327,-2.5258284118915433,VISION,0.0,450.0,0,140.0,224.8,225.2,131.4,8.6,-10.0,0.0
1779272327.7606575,224.8,8.6,-2.608,219.56181114554235,5.313103807901305,-2.5253033740148325,VISION,0.0,450.0,0,140.0,224.8,225.2,131.4,8.6,-10.0,0.0
1779272327.8106291,224.8,8.6,-2.608,219.56181114554235,5.313103807901305,-2.5253033740148325,VISION,0.0,450.0,0,140.0,224.8,225.2,131.4,8.6,-10.0,0.0
1779272327.8606963,224.8,8.6,-2.608,217.51985750009646,3.866743458104108,-2.278610779615189,VISION,0.0,450.0,0,140.0,224.8,225.2,131.4,8.6,-10.0,0.0
1779272327.9106355,224.8,8.6,-2.608,217.51985750009646,3.866743458104108,-2.278610779615189,VISION,0.0,450.0,0,140.0,224.8,225.2,131.4,8.6,-10.0,0.0
1779272327.9607651,224.8,8.6,-2.608,217.51985750009646,3.866743458104108,-2.278610779615189,VISION,0.0,450.0,0,140.0,224.8,225.2,131.4,8.6,-10.0,0.0
1779272328.010787,225.43,7.65,-2.576,225.43,7.65,-2.576,VISION,0.0,450.0,0,140.0,225.43,224.57,132.35,7.65,0.0,0.0
1779272328.0606806,225.43,7.65,-2.576,224.7810291854874,7.238054117108039,-2.5406585826216075,VISION,0.0,450.0,0,140.0,225.43,224.57,132.35,7.65,0.0,0.0
1779272328.1106317,225.43,7.65,-2.576,224.7810291854874,7.238054117108039,-2.5406585826216075,VISION,0.0,450.0,0,140.0,225.43,224.57,132.35,7.65,0.0,0.0
1779272328.1607327,225.43,7.65,-2.576,222.05307520585689,5.368017270472032,-2.426610953363879,VISION,0.0,450.0,0,140.0,225.43,224.57,132.35,7.65,0.0,0.0
1779272328.210628,225.43,7.65,-2.576,222.05307520585689,5.368017270472032,-2.426610953363879,VISION,0.0,450.0,0,140.0,225.43,224.57,132.35,7.65,0.0,0.0
1779272328.2608018,225.43,7.65,-2.576,221.55054703666463,4.931708185068761,-2.426610953363879,VISION,0.0,450.0,0,140.0,225.43,224.57,132.35,7.65,0.0,0.0
1779272328.3106987,225.43,7.65,-2.576,221.55054703666463,4.931708185068761,-2.426610953363879,VISION,0.0,450.0,0,140.0,225.43,224.57,132.35,7.65,0.0,0.0
1779272328.3606553,225.43,7.65,-2.576,221.55054703666463,4.931708185068762,-2.4266109533638796,VISION,0.0,450.0,0,140.0,225.43,224.57,132.35,7.65,0.0,0.0
1779272328.4106553,225.43,7.65,-2.576,221.55054703666463,4.931708185068762,-2.4266109533638796,VISION,0.0,450.0,0,140.0,225.43,224.57,132.35,7.65,0.0,0.0
1779272328.46068,225.43,7.65,-2.576,221.55054703666463,4.931708185068762,-2.4266109533638796,VISION,0.0,450.0,0,140.0,225.43,224.57,132.35,7.65,0.0,0.0
1779272328.5106835,221.55054703666463,4.931708185068763,-2.42661095336388,221.55054703666463,4.931708185068763,-2.42661095336388,ESTIMA,0.0,450.0,0,140.0,221.551,228.449,135.068,4.932,0.0,0.0
1779272328.7607634,225.3,7.89,-2.577,225.3,7.8900000000000015,-2.5770000000000004,VISION,0.0,450.0,0,140.0,225.3,224.7,132.11,7.89,20.0,0.0
1779272328.8107166,225.3,7.89,-2.577,225.3,7.890000000000002,-2.577000000000001,VISION,0.0,450.0,0,140.0,225.3,224.7,132.11,7.89,0.0,0.0
1779272328.8607078,225.3,7.89,-2.577,225.3,7.890000000000002,-2.577000000000001,VISION,0.0,450.0,0,140.0,225.3,224.7,132.11,7.89,0.0,0.0
1779272328.9107144,225.3,7.89,-2.577,225.01556087133451,7.709845948579554,-2.5724233075029637,VISION,0.0,450.0,0,140.0,225.3,224.7,132.11,7.89,0.0,0.0
1779272328.9606712,225.3,7.89,-2.577,225.01556087133451,7.709845948579554,-2.5724233075029637,VISION,0.0,450.0,0,140.0,225.3,224.7,132.11,7.89,0.0,0.0
1779272329.0109653,225.3,7.89,-2.577,224.24197510397764,7.214907898324884,-2.5197673714001234,VISION,0.0,450.0,0,140.0,225.3,224.7,132.11,7.89,0.0,0.0
1779272329.0606928,225.3,7.89,-2.577,224.24197510397764,7.214907898324884,-2.5197673714001234,VISION,0.0,450.0,0,140.0,225.3,224.7,132.11,7.89,0.0,0.0
1779272329.1106775,225.3,7.89,-2.577,224.24197510397764,7.214907898324884,-2.5197673714001234,VISION,0.0,450.0,0,140.0,225.3,224.7,132.11,7.89,0.0,0.0
1779272329.1610765,225.3,7.89,-2.577,223.561535872524,6.727258758338359,-2.4043001269294435,VISION,0.0,450.0,0,140.0,225.3,224.7,132.11,7.89,0.0,0.0
1779272329.2108486,225.26,7.98,-2.58,225.26,7.98,-2.58,VISION,0.0,450.0,0,140.0,225.26,224.74,132.02,7.98,0.0,0.0
1779272329.2607331,225.26,7.98,-2.58,225.26,7.980000000000001,-2.5800000000000005,VISION,0.0,450.0,0,140.0,225.26,224.74,132.02,7.98,0.0,0.0
1779272329.3109932,225.26,7.98,-2.58,225.26,7.980000000000002,-2.580000000000001,VISION,0.0,450.0,0,140.0,225.26,224.74,132.02,7.98,-10.0,0.0
1779272329.3607159,225.26,7.98,-2.58,225.26,7.980000000000002,-2.580000000000001,VISION,0.0,450.0,0,140.0,225.26,224.74,132.02,7.98,-10.0,0.0
1779272329.4106529,225.26,7.98,-2.58,225.26,7.980000000000003,-2.5800000000000014,VISION,0.0,450.0,0,140.0,225.26,224.74,132.02,7.98,-10.0,0.0
1779272329.4607005,225.26,7.98,-2.58,225.26,7.980000000000003,-2.5800000000000014,VISION,0.0,450.0,0,140.0,225.26,224.74,132.02,7.98,-10.0,0.0
1779272329.5108554,225.26,7.98,-2.58,220.7128707314942,5.119080742700717,-2.4741425389256984,VISION,0.0,450.0,0,140.0,225.26,224.74,132.02,7.98,-10.0,0.0
1779272329.560669,225.26,7.98,-2.58,220.7128707314942,5.119080742700717,-2.4741425389256984,VISION,0.0,450.0,0,140.0,225.26,224.74,132.02,7.98,-10.0,0.0
1779272329.610716,225.26,7.98,-2.58,218.77157152632736,3.589119213768666,-2.3599315846909157,VISION,0.0,450.0,0,140.0,225.26,224.74,132.02,7.98,-10.0,0.0
1779272329.6607068,225.26,7.98,-2.58,218.77157152632736,3.589119213768666,-2.3599315846909157,VISION,0.0,450.0,0,140.0,225.26,224.74,132.02,7.98,-10.0,0.0
1779272329.7108402,225.26,7.98,-2.58,218.77157152632736,3.589119213768666,-2.3599315846909157,VISION,0.0,450.0,0,140.0,225.26,224.74,132.02,7.98,-10.0,0.0
1779272329.7611997,225.94,7.05,-2.544,225.94,7.05,-2.544,ESTIMA,0.0,450.0,0,140.0,225.94,224.06,132.95,7.05,-10.0,0.0
1779272329.810684,225.94,7.05,-2.544,225.94,7.05,-2.544,VISION,0.0,450.0,0,140.0,225.94,224.06,132.95,7.05,-10.0,0.0
1779272329.860703,225.94,7.05,-2.544,225.0347201933904,6.433858847027755,-2.4684784618246143,VISION,0.0,450.0,0,140.0,225.94,224.06,132.95,7.05,0.0,0.0
1779272329.9106374,225.94,7.05,-2.544,225.0347201933904,6.433858847027755,-2.4684784618246143,VISION,0.0,450.0,0,140.0,225.94,224.06,132.95,7.05,0.0,0.0
1779272329.9607024,225.94,7.05,-2.544,223.0775282210083,4.873320022458776,-2.660292588464145,VISION,0.0,450.0,0,140.0,225.94,224.06,132.95,7.05,0.0,0.0
1779272330.0106897,225.94,7.05,-2.544,223.0775282210083,4.873320022458776,-2.660292588464145,VISION,0.0,450.0,0,140.0,225.94,224.06,132.95,7.05,0.0,0.0
1779272330.0606992,225.94,7.05,-2.544,222.46660696265576,4.554257602041143,-2.5663911872142355,VISION,0.0,450.0,0,140.0,225.94,224.06,132.95,7.05,0.0,0.0
1779272330.1106596,225.94,7.05,-2.544,222.46660696265576,4.554257602041143,-2.5663911872142355,VISION,0.0,450.0,0,140.0,225.94,224.06,132.95,7.05,0.0,0.0
1779272330.160663,225.94,7.05,-2.544,222.46660696265576,4.554257602041144,-2.566391187214236,VISION,0.0,450.0,0,140.0,225.94,224.06,132.95,7.05,0.0,0.0
1779272330.2106404,225.94,7.05,-2.544,222.46660696265576,4.554257602041144,-2.566391187214236,VISION,0.0,450.0,0,140.0,225.94,224.06,132.95,7.05,0.0,0.0
1779272330.2607822,225.94,7.05,-2.544,222.46660696265576,4.554257602041144,-2.566391187214236,VISION,0.0,450.0,0,140.0,225.94,224.06,132.95,7.05,0.0,0.0
1779272330.3108475,225.94,7.05,-2.544,222.46660696265576,4.554257602041146,-2.5663911872142364,VISION,0.0,450.0,0,140.0,225.94,224.06,132.95,7.05,0.0,0.0
1779272330.4611354,225.83,7.17,-2.553,225.83,7.170000000000002,-2.5530000000000004,VISION,0.0,450.0,0,140.0,225.83,224.17,132.83,7.17,20.0,0.0
1779272330.510703,225.83,7.17,-2.553,225.83,7.170000000000002,-2.5530000000000004,VISION,0.0,450.0,0,140.0,225.83,224.17,132.83,7.17,0.0,0.0
1779272330.5606954,225.83,7.17,-2.553,225.83,7.170000000000003,-2.553000000000001,VISION,0.0,450.0,0,140.0,225.83,224.17,132.83,7.17,0.0,0.0
1779272330.6106935,225.83,7.17,-2.553,225.83,7.170000000000003,-2.553000000000001,VISION,0.0,450.0,0,140.0,225.83,224.17,132.83,7.17,0.0,0.0
1779272330.6608214,225.83,7.17,-2.553,225.03331120013303,6.638194852650086,-2.529699597811881,VISION,0.0,450.0,0,140.0,225.83,224.17,132.83,7.17,0.0,0.0
1779272330.7107081,225.83,7.17,-2.553,225.03331120013303,6.638194852650086,-2.529699597811881,VISION,0.0,450.0,0,140.0,225.83,224.17,132.83,7.17,0.0,0.0
1779272330.760745,225.83,7.17,-2.553,223.97677423785325,5.896780193964318,-2.4913188032875944,VISION,0.0,450.0,0,140.0,225.83,224.17,132.83,7.17,0.0,0.0
1779272330.8107586,225.83,7.17,-2.553,223.97677423785325,5.896780193964318,-2.4913188032875944,VISION,0.0,450.0,0,140.0,225.83,224.17,132.83,7.17,0.0,0.0
1779272330.8608286,223.97677423785325,5.896780193964318,-2.4913188032875944,223.97677423785325,5.896780193964318,-2.4913188032875944,ESTIMA,0.0,450.0,0,140.0,223.977,226.023,134.103,5.897,0.0,0.0
1779272330.9110525,223.41554235495724,5.469886682493621,-2.531455203581207,223.41554235495724,5.469886682493621,-2.531455203581207,ESTIMA,0.0,450.0,0,140.0,223.416,226.584,134.53,5.47,0.0,0.0
1779272330.96091,225.76,7.22,-2.56,225.76,7.22,-2.56,ESTIMA,0.0,450.0,0,140.0,225.76,224.24,132.78,7.22,0.0,0.0
1779272331.0106826,225.76,7.22,-2.56,225.76,7.220000000000001,-2.5600000000000005,VISION,0.0,450.0,0,140.0,225.76,224.24,132.78,7.22,0.0,0.0
1779272331.060663,225.76,7.22,-2.56,225.76,7.220000000000001,-2.5600000000000005,VISION,0.0,450.0,0,140.0,225.76,224.24,132.78,7.22,-10.0,0.0
1779272331.1107752,225.76,7.22,-2.56,225.76,7.2200000000000015,-2.560000000000001,VISION,0.0,450.0,0,140.0,225.76,224.24,132.78,7.22,-10.0,0.0
1779272331.1607382,225.76,7.22,-2.56,225.76,7.2200000000000015,-2.560000000000001,VISION,0.0,450.0,0,140.0,225.76,224.24,132.78,7.22,-10.0,0.0
1779272331.2107086,225.76,7.22,-2.56,225.76,7.220000000000002,-2.560000000000001,VISION,0.0,450.0,0,140.0,225.76,224.24,132.78,7.22,-10.0,0.0
1779272331.260718,225.76,7.22,-2.56,225.76,7.220000000000002,-2.560000000000001,VISION,0.0,450.0,0,140.0,225.76,224.24,132.78,7.22,-10.0,0.0
1779272331.3107173,225.76,7.22,-2.56,220.85324670744382,3.99406917105049,-2.5060026609486554,VISION,0.0,450.0,0,140.0,225.76,224.24,132.78,7.22,-10.0,0.0
1779272331.3607793,225.76,7.22,-2.56,220.85324670744382,3.99406917105049,-2.5060026609486554,VISION,0.0,450.0,0,140.0,225.76,224.24,132.78,7.22,-10.0,0.0
1779272331.4107137,225.76,7.22,-2.56,218.38040887447931,2.1698281744013057,-2.3364627423779725,VISION,0.0,450.0,0,140.0,225.76,224.24,132.78,7.22,-10.0,0.0
1779272331.460651,225.76,7.22,-2.56,218.38040887447931,2.1698281744013057,-2.3364627423779725,VISION,0.0,450.0,0,140.0,225.76,224.24,132.78,7.22,-10.0,0.0
1779272331.511245,215.8857989735367,-0.4252226643434498,-2.4362048928277713,227.19,5.54,-2.481,ESTIMA,0.0,450.0,0,140.0,215.886,234.114,140.425,-0.425,-10.0,0.0
1779272331.5607514,227.19,5.54,-2.481,227.19,5.54,-2.481,VISION,0.0,450.0,0,140.0,227.19,222.81,134.46,5.54,0.0,0.0
1779272331.6107743,227.19,5.54,-2.481,225.85304728777575,4.501114234517775,-2.3408779924984633,VISION,0.0,450.0,0,140.0,227.19,222.81,134.46,5.54,0.0,0.0
1779272331.6607456,227.19,5.54,-2.481,225.85304728777575,4.501114234517775,-2.3408779924984633,VISION,0.0,450.0,0,140.0,227.19,222.81,134.46,5.54,0.0,0.0
1779272331.7106757,227.19,5.54,-2.481,225.85304728777575,4.501114234517775,-2.3408779924984633,VISION,0.0,450.0,0,140.0,227.19,222.81,134.46,5.54,0.0,0.0
1779272331.7607205,227.19,5.54,-2.481,222.97833780988637,1.5369669261246885,-2.024465765591325,VISION,0.0,450.0,0,140.0,227.19,222.81,134.46,5.54,0.0,0.0
1779272331.810779,227.19,5.54,-2.481,222.78401893902193,1.1384367045500572,-2.085621680029507,VISION,0.0,450.0,0,140.0,227.19,222.81,134.46,5.54,0.0,0.0
1779272331.860787,227.19,5.54,-2.481,222.78401893902193,1.1384367045500572,-2.085621680029507,VISION,0.0,450.0,0,140.0,227.19,222.81,134.46,5.54,0.0,0.0
1779272331.9107502,227.19,5.54,-2.481,222.78401893902193,1.138436704550059,-2.0856216800295075,VISION,0.0,450.0,0,140.0,227.19,222.81,134.46,5.54,0.0,0.0
1779272331.9606886,227.19,5.54,-2.481,222.78401893902193,1.138436704550059,-2.0856216800295075,VISION,0.0,450.0,0,140.0,227.19,222.81,134.46,5.54,0.0,0.0
1779272332.0108607,227.19,5.54,-2.481,222.78401893902193,1.1384367045500607,-2.085621680029508,VISION,0.0,450.0,0,140.0,227.19,222.81,134.46,5.54,0.0,0.0
1779272332.1607263,226.97,5.76,-2.494,226.97,5.76,-2.494,VISION,0.0,450.0,0,140.0,226.97,223.03,134.24,5.76,20.0,0.0
1779272332.2107031,226.97,5.76,-2.494,226.97,5.76,-2.494,VISION,0.0,450.0,0,140.0,226.97,223.03,134.24,5.76,20.0,0.0
1779272332.2607129,226.97,5.76,-2.494,226.97,5.760000000000002,-2.4940000000000007,VISION,0.0,450.0,0,140.0,226.97,223.03,134.24,5.76,20.0,0.0
1779272332.310702,226.97,5.76,-2.494,226.48141362177904,5.390427032532888,-2.481287084900241,VISION,0.0,450.0,0,140.0,226.97,223.03,134.24,5.76,20.0,0.0
1779272332.360681,226.97,5.76,-2.494,226.48141362177904,5.390427032532888,-2.481287084900241,VISION,0.0,450.0,0,140.0,226.97,223.03,134.24,5.76,20.0,0.0
1779272332.4107478,226.97,5.76,-2.494,224.8961320510908,4.159305840316195,-2.434001489623049,VISION,0.0,450.0,0,140.0,226.97,223.03,134.24,5.76,20.0,0.0
1779272332.4607565,226.97,5.76,-2.494,224.8961320510908,4.159305840316195,-2.434001489623049,VISION,0.0,450.0,0,140.0,226.97,223.03,134.24,5.76,20.0,0.0
1779272332.510879,226.97,5.76,-2.494,223.27536149171834,2.7729816023247764,-2.393609163294278,VISION,0.0,450.0,0,140.0,226.97,223.03,134.24,5.76,20.0,0.0
1779272332.560743,226.97,5.76,-2.494,223.27536149171834,2.7729816023247764,-2.393609163294278,VISION,0.0,450.0,0,140.0,226.97,223.03,134.24,5.76,20.0,0.0
1779272332.6109052,226.97,5.76,-2.494,221.61708723846732,1.2343735010558299,-2.3623991186309756,VISION,0.0,450.0,0,140.0,226.97,223.03,134.24,5.76,20.0,0.0
1779272332.660799,221.61708723846732,1.2343735010558299,-2.3623991186309756,221.61708723846732,1.2343735010558299,-2.3623991186309756,ESTIMA,0.0,450.0,0,140.0,221.617,228.383,138.766,1.234,20.0,0.0
1779272332.7107348,226.91,5.81,-2.499,226.91,5.81,-2.499,VISION,0.0,450.0,0,140.0,226.91,223.09,134.19,5.81,0.0,0.0
1779272332.760729,226.91,5.81,-2.499,223.85550834742898,3.5234640422160926,-2.4536854903408982,VISION,0.0,450.0,0,140.0,226.91,223.09,134.19,5.81,0.0,0.0
1779272332.8107111,226.91,5.81,-2.499,223.85550834742898,3.5234640422160926,-2.4536854903408982,VISION,0.0,450.0,0,140.0,226.91,223.09,134.19,5.81,0.0,0.0
1779272332.8607588,226.91,5.81,-2.499,222.28591614041176,2.233535916287984,-2.4077053004745173,VISION,0.0,450.0,0,140.0,226.91,223.09,134.19,5.81,0.0,0.0
1779272332.9106925,226.91,5.81,-2.499,222.28591614041176,2.233535916287984,-2.4077053004745173,VISION,0.0,450.0,0,140.0,226.91,223.09,134.19,5.81,0.0,0.0
1779272332.960738,226.91,5.81,-2.499,221.19697893846816,1.2513770102934911,-2.380770464898379,VISION,0.0,450.0,0,140.0,226.91,223.09,134.19,5.81,0.0,0.0
1779272333.0106878,226.91,5.81,-2.499,221.19697893846816,1.2513770102934911,-2.380770464898379,VISION,0.0,450.0,0,140.0,226.91,223.09,134.19,5.81,0.0,0.0
1779272333.0606775,226.91,5.81,-2.499,220.5867573241105,0.67043529094251,-2.3743512296365785,VISION,0.0,450.0,0,140.0,226.91,223.09,134.19,5.81,0.0,0.0
1779272333.1106787,226.91,5.81,-2.499,220.5867573241105,0.67043529094251,-2.3743512296365785,VISION,0.0,450.0,0,140.0,226.91,223.09,134.19,5.81,0.0,0.0
1779272333.1608658,226.91,5.81,-2.499,220.51250517939874,0.5988317018397625,-2.374906353650174,VISION,0.0,450.0,0,140.0,226.91,223.09,134.19,5.81,0.0,0.0
1779272333.2107232,220.51250517939874,0.5988317018397625,-2.374906353650174,220.51250517939874,0.5988317018397625,-2.374906353650174,ESTIMA,0.0,450.0,0,140.0,220.513,229.487,139.401,0.599,-10.0,0.0
1779272333.2609413,220.51250517939874,0.5988317018397638,-2.374906353650174,234.47,-2.62,-2.283,ESTIMA,0.0,450.0,0,140.0,220.513,229.487,139.401,0.599,-10.0,0.0
1779272333.310746,234.47,-2.62,-2.283,234.47,-2.62,-2.283,VISION,0.0,450.0,0,140.0,234.47,215.53,142.62,-2.62,-10.0,0.0
1779272333.3608499,234.47,-2.62,-2.283,231.09744669459528,-6.526277053097392,-2.283,VISION,0.0,450.0,0,140.0,234.47,215.53,142.62,-2.62,-10.0,0.0
1779272333.4107118,234.47,-2.62,-2.283,231.09744669459528,-6.526277053097392,-2.283,VISION,0.0,450.0,0,140.0,234.47,215.53,142.62,-2.62,-10.0,0.0
1779272333.4606907,234.47,-2.62,-2.283,231.09744669459528,-6.526277053097392,-2.283,VISION,0.0,450.0,0,140.0,234.47,215.53,142.62,-2.62,-10.0,0.0
1779272333.5106766,234.47,-2.62,-2.283,228.03700097193982,-10.071053907921463,-2.106702314153427,VISION,0.0,450.0,0,140.0,234.47,215.53,142.62,-2.62,-10.0,0.0
1779272333.560761,234.47,-2.62,-2.283,227.02082259289128,-11.782142896193765,-2.2243428916670234,VISION,0.0,450.0,0,140.0,234.47,215.53,142.62,-2.62,-10.0,0.0
1779272333.6106694,234.47,-2.62,-2.283,227.02082259289128,-11.782142896193765,-2.2243428916670234,VISION,0.0,450.0,0,140.0,234.47,215.53,142.62,-2.62,-10.0,0.0
1779272333.6607177,234.47,-2.62,-2.283,224.78121485559825,-14.706616363975462,-1.9934006177049368,VISION,0.0,450.0,0,140.0,234.47,215.53,142.62,-2.62,-10.0,0.0
1779272333.7106817,234.47,-2.62,-2.283,224.78121485559825,-14.706616363975462,-1.9934006177049368,VISION,0.0,450.0,0,140.0,234.47,215.53,142.62,-2.62,-10.0,0.0
1779272333.7608829,234.47,-2.62,-2.283,224.78121485559825,-14.706616363975462,-1.9934006177049368,VISION,0.0,450.0,0,140.0,234.47,215.53,142.62,-2.62,0.0,0.0
1779272333.810915,223.91058425759635,-16.64264236692051,-1.9928695873034323,223.91058425759635,-16.64264236692051,-1.9928695873034323,ESTIMA,0.0,450.0,0,140.0,223.911,226.089,156.643,-16.643,0.0,0.0
1779272333.8611069,238.6,-6.12,-2.231,237.0895520150732,-8.065372307950984,-2.231,VISION,0.0,450.0,0,140.0,238.6,211.4,146.12,-6.12,0.0,0.0
1779272333.910811,238.6,-6.12,-2.231,238.6,-6.12,-2.231,VISION,0.0,450.0,0,140.0,238.6,211.4,146.12,-6.12,0.0,0.0
1779272333.9608452,238.6,-6.12,-2.231,238.6,-6.12,-2.231,VISION,0.0,450.0,0,140.0,238.6,211.4,146.12,-6.12,0.0,0.0
1779272334.010822,238.6,-6.12,-2.231,238.6,-6.12,-2.231,VISION,0.0,450.0,0,140.0,238.6,211.4,146.12,-6.12,0.0,0.0
1779272334.0608318,238.6,-6.12,-2.231,238.59288714382654,-6.1291609599061845,-2.2325997378462237,VISION,0.0,450.0,0,140.0,238.6,211.4,146.12,-6.12,0.0,0.0
1779272334.1108315,238.6,-6.12,-2.231,238.59288714382654,-6.129160959906184,-2.2325997378462237,VISION,0.0,450.0,0,140.0,238.6,211.4,146.12,-6.12,0.0,0.0
1779272334.1608295,238.6,-6.12,-2.231,238.59288714382654,-6.129160959906184,-2.2325997378462237,VISION,0.0,450.0,0,140.0,238.6,211.4,146.12,-6.12,0.0,0.0
1779272334.2108428,238.6,-6.12,-2.231,238.59288714382654,-6.129160959906182,-2.232599737846224,VISION,0.0,450.0,0,140.0,238.6,211.4,146.12,-6.12,0.0,0.0
1779272334.2608602,238.6,-6.12,-2.231,238.59288714382654,-6.129160959906182,-2.232599737846224,VISION,0.0,450.0,0,140.0,238.6,211.4,146.12,-6.12,0.0,0.0
1779272334.4609792,238.26,-5.79,-2.227,238.26,-5.79,-2.227,VISION,0.0,450.0,0,140.0,238.26,211.74,145.79,-5.79,20.0,0.0
1779272334.5108557,238.26,-5.79,-2.227,238.26,-5.79,-2.227,VISION,0.0,450.0,0,140.0,238.26,211.74,145.79,-5.79,20.0,0.0
1779272334.560821,238.26,-5.79,-2.227,238.26,-5.789999999999997,-2.2270000000000003,VISION,0.0,450.0,0,140.0,238.26,211.74,145.79,-5.79,20.0,0.0
1779272334.6108599,238.26,-5.79,-2.227,238.01836532397513,-6.103795067619784,-2.19779314939676,VISION,0.0,450.0,0,140.0,238.26,211.74,145.79,-5.79,20.0,0.0
1779272334.660865,238.26,-5.79,-2.227,238.01836532397513,-6.103795067619784,-2.19779314939676,VISION,0.0,450.0,0,140.0,238.26,211.74,145.79,-5.79,20.0,0.0
1779272334.7108326,238.26,-5.79,-2.227,236.85340300296173,-7.711692934899413,-2.0826534699774784,VISION,0.0,450.0,0,140.0,238.26,211.74,145.79,-5.79,20.0,0.0
1779272334.7607822,238.26,-5.79,-2.227,236.85340300296173,-7.711692934899413,-2.0826534699774784,VISION,0.0,450.0,0,140.0,238.26,211.74,145.79,-5.79,20.0,0.0
1779272334.8108327,238.26,-5.79,-2.227,235.22544953687174,-10.609441277715845,-2.0050936590646082,VISION,0.0,450.0,0,140.0,238.26,211.74,145.79,-5.79,20.0,0.0
1779272334.8608518,238.26,-5.79,-2.227,235.22544953687174,-10.609441277715845,-2.0050936590646082,VISION,0.0,450.0,0,140.0,238.26,211.74,145.79,-5.79,20.0,0.0
1779272334.9108937,238.26,-5.79,-2.227,233.87741968588222,-13.51572697700405,-1.938627563953285,VISION,0.0,450.0,0,140.0,238.26,211.74,145.79,-5.79,20.0,0.0
1779272334.9607866,238.26,-5.79,-2.227,233.87741968588222,-13.51572697700405,-1.938627563953285,VISION,0.0,450.0,0,140.0,238.26,211.74,145.79,-5.79,20.0,0.0
1779272335.0111861,232.60391852011182,-16.82034439018659,-1.8731920775621234,232.60391852011182,-16.82034439018659,-1.8731920775621234,ESTIMA,0.0,450.0,0,140.0,232.604,217.396,156.82,-16.82,20.0,0.0
1779272335.060981,238.46,-5.55,-2.22,238.46,-5.55,-2.22,VISION,0.0,450.0,0,140.0,238.46,211.54,145.55,-5.55,20.0,0.0
1779272335.1108136,238.46,-5.55,-2.22,238.46,-5.55,-2.22,VISION,0.0,450.0,0,140.0,238.46,211.54,145.55,-5.55,20.0,0.0
1779272335.1607969,238.46,-5.55,-2.22,235.79390791489726,-9.062875565049804,-2.142823881723719,VISION,0.0,450.0,0,140.0,238.46,211.54,145.55,-5.55,20.0,0.0
1779272335.2108102,238.46,-5.55,-2.22,234.4015658801811,-11.225458706109883,-2.096255770470538,VISION,0.0,450.0,0,140.0,238.46,211.54,145.55,-5.55,20.0,0.0
1779272335.2608037,238.46,-5.55,-2.22,234.4015658801811,-11.225458706109883,-2.096255770470538,VISION,0.0,450.0,0,140.0,238.46,211.54,145.55,-5.55,20.0,0.0
1779272335.310791,238.46,-5.55,-2.22,234.4015658801811,-11.225458706109883,-2.096255770470538,VISION,0.0,450.0,0,140.0,238.46,211.54,145.55,-5.55,20.0,0.0
1779272335.3608274,238.46,-5.55,-2.22,232.40861546020247,-14.662564845978048,-2.0238924966315257,VISION,0.0,450.0,0,140.0,238.46,211.54,145.55,-5.55,20.0,0.0
1779272335.4108722,238.46,-5.55,-2.22,232.40861546020247,-14.662564845978048,-2.0238924966315257,VISION,0.0,450.0,0,140.0,238.46,211.54,145.55,-5.55,20.0,0.0
1779272335.4608917,238.46,-5.55,-2.22,230.98773237253803,-17.580911744285686,-1.96343362773887,VISION,0.0,450.0,0,140.0,238.46,211.54,145.55,-5.55,20.0,0.0
1779272335.5108292,238.46,-5.55,-2.22,230.98773237253803,-17.580911744285686,-1.96343362773887,VISION,0.0,450.0,0,140.0,238.46,211.54,145.55,-5.55,20.0,0.0
1779272335.5608664,238.46,-5.55,-2.22,229.77258619614113,-20.515046828185735,-1.968247763640766,VISION,0.0,450.0,0,140.0,238.46,211.54,145.55,-5.55,20.0,0.0
1779272335.6109293,229.77258619614113,-20.515046828185735,-1.968247763640766,229.77258619614113,-20.515046828185735,-1.968247763640766,ESTIMA,0.0,450.0,0,140.0,229.773,220.227,160.515,-20.515,20.0,0.0
1779272335.6608295,229.0337783325475,-22.274983431584822,-2.0198404781123096,229.0337783325475,-22.274983431584822,-2.0198404781123096,ESTIMA,0.0,450.0,0,140.0,229.034,220.966,162.275,-22.275,20.0,0.0
1779272335.7108185,229.0337783325475,-22.274983431584822,-2.0198404781123096,229.0337783325475,-22.274983431584822,-2.0198404781123096,ESTIMA,0.0,450.0,0,140.0,229.034,220.966,162.275,-22.275,20.0,0.0
1779272335.760832,228.37062180270243,-23.651178838407702,-1.996295974413944,228.37062180270243,-23.651178838407702,-1.996295974413944,ESTIMA,0.0,450.0,0,140.0,228.371,221.629,163.651,-23.651,20.0,0.0
1779272335.8109074,228.37062180270243,-23.651178838407702,-1.996295974413944,228.37062180270243,-23.651178838407702,-1.996295974413944,ESTIMA,0.0,450.0,0,140.0,228.371,221.629,163.651,-23.651,20.0,0.0
1779272335.860982,228.37062180270243,-23.651178838407702,-1.996295974413944,227.23553827092442,-26.15585756980228,-1.924744011267061,ESTIMA,0.0,450.0,0,140.0,228.371,221.629,163.651,-23.651,20.0,0.0
1779272335.9108555,227.23553827092442,-26.15585756980228,-1.924744011267061,227.23553827092442,-26.15585756980228,-1.924744011267061,ESTIMA,0.0,450.0,0,140.0,227.236,222.764,166.156,-26.156,20.0,0.0
1779272335.9608307,227.23553827092442,-26.15585756980228,-1.924744011267061,227.23553827092442,-26.15585756980228,-1.924744011267061,ESTIMA,0.0,450.0,0,140.0,227.236,222.764,166.156,-26.156,20.0,0.0
1779272336.0108125,226.44054092915584,-28.307356043922937,-1.8180033153681765,226.44054092915584,-28.307356043922937,-1.8180033153681765,ESTIMA,0.0,450.0,0,140.0,226.441,223.559,168.307,-28.307,20.0,0.0
1779272336.0608058,226.04060798323206,-29.892071574237615,-1.7447320187891784,226.04060798323206,-29.892071574237615,-1.7447320187891784,ESTIMA,0.0,450.0,0,140.0,226.041,223.959,169.892,-29.892,20.0,0.0
1779272336.110806,226.04060798323206,-29.892071574237615,-1.7447320187891784,226.04060798323206,-29.892071574237615,-1.7447320187891784,ESTIMA,0.0,450.0,0,140.0,226.041,223.959,169.892,-29.892,20.0,0.0
1779272336.1608686,225.5994498703781,-32.402770968787436,-1.6753604605611285,225.5994498703781,-32.402770968787436,-1.6753604605611285,ESTIMA,0.0,450.0,0,140.0,225.599,224.401,172.403,-32.403,20.0,0.0
1779272336.2109053,225.5994498703781,-32.402770968787436,-1.6753604605611285,225.5994498703781,-32.402770968787436,-1.6753604605611285,ESTIMA,0.0,450.0,0,140.0,225.599,224.401,172.403,-32.403,20.0,0.0
1779272336.2609193,225.5994498703781,-32.402770968787436,-1.6753604605611285,225.3095930745172,-35.164708702799025,-1.619258899365453,ESTIMA,0.0,450.0,0,140.0,225.599,224.401,172.403,-32.403,20.0,0.0
1779272336.3108401,225.3095930745172,-35.164708702799025,-1.619258899365453,225.3095930745172,-35.164708702799025,-1.619258899365453,ESTIMA,0.0,450.0,0,140.0,225.31,224.69,175.165,-35.165,20.0,0.0
1779272336.360928,225.3095930745172,-35.164708702799025,-1.619258899365453,225.18891093378193,-37.65297213321862,-1.5714744276245625,ESTIMA,0.0,450.0,0,140.0,225.31,224.69,175.165,-35.165,20.0,0.0
1779272336.410894,225.18891093378193,-37.65297213321862,-1.5714744276245625,225.18891093378193,-37.65297213321862,-1.5714744276245625,ESTIMA,0.0,450.0,0,140.0,225.189,224.811,177.653,-37.653,20.0,0.0
1779272336.4608705,225.18891093378193,-37.65297213321862,-1.5714744276245625,225.18891093378193,-37.65297213321862,-1.5714744276245625,ESTIMA,0.0,450.0,0,140.0,225.189,224.811,177.653,-37.653,20.0,0.0
1779272336.5109847,225.1864136045233,-41.33580035962713,-1.5053525549307045,225.1864136045233,-41.33580035962713,-1.5053525549307045,ESTIMA,0.0,450.0,0,140.0,225.186,224.814,181.336,-41.336,20.0,0.0
1779272336.5609996,225.26995470882443,-42.61050996371369,-1.4796911730753597,225.26995470882443,-42.61050996371369,-1.4796911730753597,ESTIMA,0.0,450.0,0,140.0,225.27,224.73,182.611,-42.611,20.0,0.0
1779272336.6108599,225.26995470882443,-42.61050996371369,-1.4796911730753597,225.26995470882443,-42.61050996371369,-1.4796911730753597,ESTIMA,0.0,450.0,0,140.0,225.27,224.73,182.611,-42.611,20.0,0.0
1779272336.6608653,225.26995470882443,-42.61050996371369,-1.4796911730753597,225.26995470882443,-42.61050996371369,-1.4796911730753597,ESTIMA,0.0,450.0,0,140.0,225.27,224.73,182.611,-42.611,20.0,0.0
1779272336.7108593,225.58432131601103,-46.05154869202693,-1.4047756475097066,225.58432131601103,-46.05154869202693,-1.4047756475097066,ESTIMA,0.0,450.0,0,140.0,225.584,224.416,186.052,-46.052,20.0,0.0
1779272336.7609456,225.58432131601103,-46.05154869202693,-1.4047756475097066,225.58432131601103,-46.05154869202693,-1.4047756475097066,ESTIMA,0.0,450.0,0,140.0,225.584,224.416,186.052,-46.052,20.0,0.0
1779272336.811771,258.05,29.82,-0.298,258.05,29.82,-0.298,VISION,0.0,450.0,0,140.0,258.05,191.95,110.18,29.82,20.0,0.0
1779272336.861042,258.05,29.82,-0.298,258.05,29.82,-0.298,VISION,0.0,450.0,0,140.0,258.05,191.95,110.18,29.82,20.0,0.0
1779272336.9108272,258.05,29.82,-0.298,260.78106157849305,28.9811647492888,-0.23436556460070682,VISION,0.0,450.0,0,140.0,258.05,191.95,110.18,29.82,20.0,0.0
1779272336.9609559,258.05,29.82,-0.298,260.78106157849305,28.9811647492888,-0.23436556460070682,VISION,0.0,450.0,0,140.0,258.05,191.95,110.18,29.82,20.0,0.0
1779272337.010796,258.05,29.82,-0.298,262.42472595240616,28.58873494588742,-0.20135108932887502,VISION,0.0,450.0,0,140.0,258.05,191.95,110.18,29.82,20.0,0.0
1779272337.0608442,258.05,29.82,-0.298,262.42472595240616,28.58873494588742,-0.20135108932887502,VISION,0.0,450.0,0,140.0,258.05,191.95,110.18,29.82,20.0,0.0
1779272337.1108832,258.05,29.82,-0.298,265.20999960078507,28.02021316344905,-0.15142561415864444,VISION,0.0,450.0,0,140.0,258.05,191.95,110.18,29.82,20.0,0.0
1779272337.1608522,258.05,29.82,-0.298,265.20999960078507,28.02021316344905,-0.15142561415864444,VISION,0.0,450.0,0,140.0,258.05,191.95,110.18,29.82,20.0,0.0
1779272337.2108853,258.05,29.82,-0.298,268.12689301633617,27.575113572218896,-0.09762129018421828,VISION,0.0,450.0,0,140.0,258.05,191.95,110.18,29.82,20.0,0.0
1779272337.260834,258.05,29.82,-0.298,268.12689301633617,27.575113572218896,-0.09762129018421828,VISION,0.0,450.0,0,140.0,258.05,191.95,110.18,29.82,20.0,0.0
1779272337.3108926,258.05,29.82,-0.298,270.9123520492232,27.302326370231413,-0.04493685062108011,VISION,0.0,450.0,0,140.0,258.05,191.95,110.18,29.82,20.0,0.0
1779272337.3612602,257.85,44.16,0.014,257.85,44.16,0.014,ESTIMA,0.0,450.0,0,140.0,257.85,192.15,95.84,44.16,20.0,0.0
1779272337.410902,257.85,44.16,0.014,260.7859099339199,44.20110542466438,0.0788452512441445,VISION,0.0,450.0,0,140.0,257.85,192.15,95.84,44.16,20.0,0.0
1779272337.4608583,257.85,44.16,0.014,260.7859099339199,44.20110542466438,0.0788452512441445,VISION,0.0,450.0,0,140.0,257.85,192.15,95.84,44.16,20.0,0.0
1779272337.5108533,257.85,44.16,0.014,264.0425125531546,44.45840647445499,0.15550369199314806,VISION,0.0,450.0,0,140.0,257.85,192.15,95.84,44.16,20.0,0.0
1779272337.560857,257.85,44.16,0.014,264.0425125531546,44.45840647445499,0.15550369199314806,VISION,0.0,450.0,0,140.0,257.85,192.15,95.84,44.16,20.0,0.0
1779272337.610906,257.85,44.16,0.014,266.6892312540436,44.873330892371854,0.2140025606872592,VISION,0.0,450.0,0,140.0,257.85,192.15,95.84,44.16,20.0,0.0
1779272337.6608636,257.85,44.16,0.014,266.6892312540436,44.873330892371854,0.2140025606872592,VISION,0.0,450.0,0,140.0,257.85,192.15,95.84,44.16,20.0,0.0
1779272337.710817,257.85,44.16,0.014,266.6892312540436,44.873330892371854,0.2140025606872592,VISION,0.0,450.0,0,140.0,257.85,192.15,95.84,44.16,20.0,0.0
1779272337.761025,257.85,44.16,0.014,266.6892312540436,44.873330892371854,0.2140025606872592,VISION,0.0,450.0,0,140.0,257.85,192.15,95.84,44.16,20.0,0.0
1779272337.8108861,257.85,44.16,0.014,270.76153111332525,45.758365593919734,0.30148985153085156,VISION,0.0,450.0,0,140.0,257.85,192.15,95.84,44.16,20.0,0.0
1779272337.8607967,257.85,44.16,0.014,272.42018773726073,46.27415707775872,0.33834977562004814,VISION,0.0,450.0,0,140.0,257.85,192.15,95.84,44.16,20.0,0.0
1779272337.9109044,272.42018773726073,46.27415707775872,0.33834977562004814,272.42018773726073,46.27415707775872,0.33834977562004814,ESTIMA,0.0,450.0,0,140.0,272.42,177.58,93.726,46.274,20.0,0.0
1779272337.9611518,253.66,58.32,0.282,253.66,58.32,0.282,VISION,0.0,450.0,0,140.0,253.66,196.34,81.68,58.32,20.0,0.0
1779272338.011001,253.66,58.32,0.282,255.62040847614682,58.887971405421894,0.3201153731941286,VISION,0.0,450.0,0,140.0,253.66,196.34,81.68,58.32,20.0,0.0
1779272338.0608747,253.66,58.32,0.282,255.62040847614682,58.887971405421894,0.3201153731941286,VISION,0.0,450.0,0,140.0,253.66,196.34,81.68,58.32,20.0,0.0
1779272338.1108656,253.66,58.32,0.282,255.62040847614682,58.887971405421894,0.3201153731941286,VISION,0.0,450.0,0,140.0,253.66,196.34,81.68,58.32,20.0,0.0
1779272338.1608098,253.66,58.32,0.282,258.84312777586007,59.95635910093175,0.3800860477651031,VISION,0.0,450.0,0,140.0,253.66,196.34,81.68,58.32,20.0,0.0
1779272338.210812,253.66,58.32,0.282,258.84312777586007,59.95635910093175,0.3800860477651031,VISION,0.0,450.0,0,140.0,253.66,196.34,81.68,58.32,20.0,0.0
1779272338.2608082,253.66,58.32,0.282,261.7494572077133,61.11747403776318,0.4332948103748183,VISION,0.0,450.0,0,140.0,253.66,196.34,81.68,58.32,20.0,0.0
1779272338.3111203,253.66,58.32,0.282,263.6379995206112,61.99114183489171,0.46912915000276856,VISION,0.0,450.0,0,140.0,253.66,196.34,81.68,58.32,20.0,0.0
1779272338.3608627,253.66,58.32,0.282,263.6379995206112,61.99114183489171,0.46912915000276856,VISION,0.0,450.0,0,140.0,253.66,196.34,81.68,58.32,20.0,0.0
1779272338.411235,253.66,58.32,0.282,266.1429939858848,63.260850449701394,0.5201580854337087,VISION,0.0,450.0,0,140.0,253.66,196.34,81.68,58.32,20.0,0.0
1779272338.460904,253.66,58.32,0.282,266.1429939858848,63.260850449701394,0.5201580854337087,VISION,0.0,450.0,0,140.0,253.66,196.34,81.68,58.32,20.0,0.0
1779272338.5109005,253.66,58.32,0.282,266.1429939858848,63.260850449701394,0.5201580854337087,VISION,0.0,450.0,0,140.0,253.66,196.34,81.68,58.32,20.0,0.0
1779272338.5610063,245.46,71.24,0.616,245.46,71.24,0.616,VISION,0.0,450.0,0,140.0,245.46,204.54,68.76,71.24,20.0,0.0
1779272338.6108708,245.46,71.24,0.616,245.46,71.24,0.616,VISION,0.0,450.0,0,140.0,245.46,204.54,68.76,71.24,20.0,0.0
1779272338.6608706,245.46,71.24,0.616,247.7411844492968,72.85482196935492,0.6713228916104731,VISION,0.0,450.0,0,140.0,245.46,204.54,68.76,71.24,20.0,0.0
1779272338.710829,245.46,71.24,0.616,247.7411844492968,72.85482196935492,0.6713228916104731,VISION,0.0,450.0,0,140.0,245.46,204.54,68.76,71.24,20.0,0.0
1779272338.7608497,245.46,71.24,0.616,250.41040688731573,74.97527806326683,0.7387906421925743,VISION,0.0,450.0,0,140.0,245.46,204.54,68.76,71.24,20.0,0.0
1779272338.810812,245.46,71.24,0.616,250.41040688731573,74.97527806326683,0.7387906421925743,VISION,0.0,450.0,0,140.0,245.46,204.54,68.76,71.24,20.0,0.0
1779272338.8608167,245.46,71.24,0.616,252.59566461300972,76.96577325104863,0.7906333306400583,VISION,0.0,450.0,0,140.0,245.46,204.54,68.76,71.24,20.0,0.0
1779272338.9108295,245.46,71.24,0.616,252.59566461300972,76.96577325104863,0.7906333306400583,VISION,0.0,450.0,0,140.0,245.46,204.54,68.76,71.24,20.0,0.0
1779272338.960859,245.46,71.24,0.616,254.30490371403604,78.69300300561477,0.8324081407683914,VISION,0.0,450.0,0,140.0,245.46,204.54,68.76,71.24,20.0,0.0
1779272339.0108268,245.46,71.24,0.616,254.30490371403604,78.69300300561477,0.8324081407683914,VISION,0.0,450.0,0,140.0,245.46,204.54,68.76,71.24,20.0,0.0
1779272339.0608084,245.46,71.24,0.616,256.56157028585613,81.17247972265652,0.8884805509345799,VISION,0.0,450.0,0,140.0,245.46,204.54,68.76,71.24,20.0,0.0
1779272339.1111557,256.56157028585613,81.17247972265652,0.8884805509345799,233.96,81.62,0.92,ESTIMA,0.0,450.0,0,140.0,256.562,193.438,58.828,81.172,20.0,0.0
1779272339.1608655,233.96,81.62,0.92,233.96,81.62,0.92,VISION,0.0,450.0,0,140.0,233.96,216.04,58.38,81.62,20.0,0.0
1779272339.2108283,233.96,81.62,0.92,236.3323435040281,84.7355126061583,0.9946101049471199,VISION,0.0,450.0,0,140.0,233.96,216.04,58.38,81.62,20.0,0.0
1779272339.2608633,233.96,81.62,0.92,237.31122865483903,86.24211283940122,1.0323857803451073,VISION,0.0,450.0,0,140.0,233.96,216.04,58.38,81.62,20.0,0.0
1779272339.3109093,233.96,81.62,0.92,237.31122865483903,86.24211283940122,1.0323857803451073,VISION,0.0,450.0,0,140.0,233.96,216.04,58.38,81.62,20.0,0.0
1779272339.360895,233.96,81.62,0.92,239.0180529562979,89.09981728429187,1.103796024525736,VISION,0.0,450.0,0,140.0,233.96,216.04,58.38,81.62,20.0,0.0
1779272339.410865,233.96,81.62,0.92,239.0180529562979,89.09981728429187,1.103796024525736,VISION,0.0,450.0,0,140.0,233.96,216.04,58.38,81.62,20.0,0.0
1779272339.461156,233.96,81.62,0.92,240.35833247759652,91.75805816452775,1.163932662098003,VISION,0.0,450.0,0,140.0,233.96,216.04,58.38,81.62,20.0,0.0
1779272339.5109756,233.96,81.62,0.92,240.35833247759652,91.75805816452775,1.163932662098003,VISION,0.0,450.0,0,140.0,233.96,216.04,58.38,81.62,20.0,0.0
1779272339.5609639,233.96,81.62,0.92,240.35833247759652,91.75805816452775,1.163932662098003,VISION,0.0,450.0,0,140.0,233.96,216.04,58.38,81.62,20.0,0.0
1779272339.610998,233.96,81.62,0.92,241.53012343022036,94.47741451197957,1.2201617130440303,VISION,0.0,450.0,0,140.0,233.96,216.04,58.38,81.62,20.0,0.0
1779272339.6609442,241.53012343022036,94.47741451197957,1.2201617130440303,241.53012343022036,94.47741451197957,1.2201617130440303,ESTIMA,0.0,450.0,0,140.0,241.53,208.47,45.523,94.477,20.0,0.0
1779272339.7115963,220.36,88.57,1.205,220.36,88.57,1.205,ESTIMA,0.0,450.0,0,140.0,220.36,229.64,51.43,88.57,20.0,0.0
1779272339.7609804,220.36,88.57,1.205,220.36,88.57,1.205,VISION,0.0,450.0,0,140.0,220.36,229.64,51.43,88.57,20.0,0.0
1779272339.8109279,220.36,88.57,1.205,221.6763138976976,92.00653739602177,1.273471687980704,VISION,0.0,450.0,0,140.0,220.36,229.64,51.43,88.57,20.0,0.0
1779272339.8609297,220.36,88.57,1.205,221.6763138976976,92.00653739602177,1.273471687980704,VISION,0.0,450.0,0,140.0,220.36,229.64,51.43,88.57,20.0,0.0
1779272339.91093,220.36,88.57,1.205,222.42442761906514,94.44810361878389,1.3303328665936325,VISION,0.0,450.0,0,140.0,220.36,229.64,51.43,88.57,20.0,0.0
1779272339.9609404,220.36,88.57,1.205,222.42442761906514,94.44810361878389,1.3303328665936325,VISION,0.0,450.0,0,140.0,220.36,229.64,51.43,88.57,20.0,0.0
1779272340.0110018,220.36,88.57,1.205,223.1577589180476,97.43875391578614,1.393310078483681,VISION,0.0,450.0,0,140.0,220.36,229.64,51.43,88.57,20.0,0.0
1779272340.0609393,220.36,88.57,1.205,223.1577589180476,97.43875391578614,1.393310078483681,VISION,0.0,450.0,0,140.0,220.36,229.64,51.43,88.57,20.0,0.0
1779272340.1110055,220.36,88.57,1.205,223.69499052052032,100.43379464725388,1.4560923109124875,VISION,0.0,450.0,0,140.0,220.36,229.64,51.43,88.57,20.0,0.0
1779272340.160921,220.36,88.57,1.205,223.69499052052032,100.43379464725388,1.4560923109124875,VISION,0.0,450.0,0,140.0,220.36,229.64,51.43,88.57,20.0,0.0
1779272340.2109997,220.36,88.57,1.205,224.07102768298873,103.69773040543508,1.5222337951480276,VISION,0.0,450.0,0,140.0,220.36,229.64,51.43,88.57,20.0,0.0
1779272340.2610612,224.07102768298873,103.69773040543508,1.5222337951480276,224.07102768298873,103.69773040543508,1.5222337951480276,ESTIMA,0.0,450.0,0,140.0,224.071,225.929,36.302,103.698,20.0,0.0
1779272340.3112235,205.05,91.13,1.534,205.05,91.13,1.534,ESTIMA,0.0,450.0,0,140.0,205.05,244.95,48.87,91.13,20.0,0.0
1779272340.3610957,205.05,91.13,1.534,205.22660332716967,95.92731620429112,1.627688782192072,VISION,0.0,450.0,0,140.0,205.05,244.95,48.87,91.13,20.0,0.0
1779272340.4109974,205.05,91.13,1.534,205.22660332716967,95.92731620429112,1.627688782192072,VISION,0.0,450.0,0,140.0,205.05,244.95,48.87,91.13,20.0,0.0
1779272340.4610536,205.05,91.13,1.534,205.11948603335193,97.80808751989578,1.6623505612434262,VISION,0.0,450.0,0,140.0,205.05,244.95,48.87,91.13,20.0,0.0
1779272340.510932,205.05,91.13,1.534,204.91356762559943,100.05094104799967,1.710358153580108,VISION,0.0,450.0,0,140.0,205.05,244.95,48.87,91.13,20.0,0.0
1779272340.5609384,205.05,91.13,1.534,204.91356762559943,100.05094104799967,1.710358153580108,VISION,0.0,450.0,0,140.0,205.05,244.95,48.87,91.13,20.0,0.0
1779272340.6112914,205.05,91.13,1.534,204.50964377015012,102.92635459750693,1.7689757563730004,VISION,0.0,450.0,0,140.0,205.05,244.95,48.87,91.13,20.0,0.0
1779272340.6609998,205.05,91.13,1.534,204.50964377015012,102.92635459750693,1.7689757563730004,VISION,0.0,450.0,0,140.0,205.05,244.95,48.87,91.13,20.0,0.0
1779272340.711263,205.05,91.13,1.534,203.8445640570996,106.23825134611907,1.8401075234592226,VISION,0.0,450.0,0,140.0,205.05,244.95,48.87,91.13,20.0,0.0
1779272340.7609577,205.05,91.13,1.534,203.8445640570996,106.23825134611907,1.8401075234592226,VISION,0.0,450.0,0,140.0,205.05,244.95,48.87,91.13,20.0,0.0
1779272340.8110647,205.05,91.13,1.534,203.06590240596688,109.05931836602663,1.895989937862148,VISION,0.0,450.0,0,140.0,205.05,244.95,48.87,91.13,20.0,0.0
1779272340.861257,203.06590240596688,109.05931836602663,1.895989937862148,203.06590240596688,109.05931836602663,1.895989937862148,ESTIMA,0.0,450.0,0,140.0,203.066,246.934,30.941,109.059,20.0,0.0
1779272340.9114428,190.04,88.3,1.894,190.04,88.3,1.894,VISION,0.0,450.0,0,140.0,190.04,259.96,51.7,88.3,20.0,0.0
1779272340.9610667,190.04,88.3,1.894,189.04653583654772,91.2660189251195,1.9553194907396345,VISION,0.0,450.0,0,140.0,190.04,259.96,51.7,88.3,20.0,0.0
1779272341.0110357,190.04,88.3,1.894,189.04653583654772,91.2660189251195,1.9553194907396345,VISION,0.0,450.0,0,140.0,190.04,259.96,51.7,88.3,20.0,0.0
1779272341.0610118,190.04,88.3,1.894,187.9161518911136,94.0593871899132,2.0123892928786624,VISION,0.0,450.0,0,140.0,190.04,259.96,51.7,88.3,20.0,0.0
1779272341.1110797,190.04,88.3,1.894,187.9161518911136,94.0593871899132,2.0123892928786624,VISION,0.0,450.0,0,140.0,190.04,259.96,51.7,88.3,20.0,0.0
1779272341.1610196,190.04,88.3,1.894,186.5745923283105,96.89729721505294,2.080638246308297,VISION,0.0,450.0,0,140.0,190.04,259.96,51.7,88.3,20.0,0.0
1779272341.210995,190.04,88.3,1.894,186.5745923283105,96.89729721505294,2.080638246308297,VISION,0.0,450.0,0,140.0,190.04,259.96,51.7,88.3,20.0,0.0
1779272341.2610438,190.04,88.3,1.894,184.9056383962201,99.88209623392623,2.151100219177378,VISION,0.0,450.0,0,140.0,190.04,259.96,51.7,88.3,20.0,0.0
1779272341.310996,190.04,88.3,1.894,184.9056383962201,99.88209623392623,2.151100219177378,VISION,0.0,450.0,0,140.0,190.04,259.96,51.7,88.3,20.0,0.0
1779272341.3610246,190.04,88.3,1.894,183.49392737250017,102.03539830701386,2.2059022126016026,VISION,0.0,450.0,0,140.0,190.04,259.96,51.7,88.3,20.0,0.0
1779272341.4110434,190.04,88.3,1.894,183.49392737250017,102.03539830701386,2.2059022126016026,VISION,0.0,450.0,0,140.0,190.04,259.96,51.7,88.3,20.0,0.0
1779272341.461444,181.15438199977643,105.20996941515622,2.2798407424082585,177.11,80.57,2.233,ESTIMA,0.0,450.0,0,140.0,181.154,268.846,34.79,105.21,20.0,0.0
1779272341.511066,177.11,80.57,2.233,177.11,80.57,2.233,VISION,0.0,450.0,0,140.0,177.11,272.89,59.43,80.57,20.0,0.0
1779272341.5610654,177.11,80.57,2.233,175.7665360505826,82.29318057633913,2.2790228383717515,VISION,0.0,450.0,0,140.0,177.11,272.89,59.43,80.57,20.0,0.0
1779272341.6110775,177.11,80.57,2.233,175.7665360505826,82.29318057633913,2.2790228383717515,VISION,0.0,450.0,0,140.0,177.11,272.89,59.43,80.57,20.0,0.0
1779272341.661046,177.11,80.57,2.233,173.96123576258555,84.40106902601966,2.3341343847797216,VISION,0.0,450.0,0,140.0,177.11,272.89,59.43,80.57,20.0,0.0
1779272341.7110603,177.11,80.57,2.233,173.96123576258555,84.40106902601966,2.3341343847797216,VISION,0.0,450.0,0,140.0,177.11,272.89,59.43,80.57,20.0,0.0
1779272341.7610602,177.11,80.57,2.233,171.35027331213624,87.12984579860297,2.414995474420838,VISION,0.0,450.0,0,140.0,177.11,272.89,59.43,80.57,20.0,0.0
1779272341.8110976,177.11,80.57,2.233,171.35027331213624,87.12984579860297,2.414995474420838,VISION,0.0,450.0,0,140.0,177.11,272.89,59.43,80.57,20.0,0.0
1779272341.8610356,177.11,80.57,2.233,169.21202202919238,89.03034074635536,2.4743437773783135,VISION,0.0,450.0,0,140.0,177.11,272.89,59.43,80.57,20.0,0.0
1779272341.9110355,177.11,80.57,2.233,169.21202202919238,89.03034074635536,2.4743437773783135,VISION,0.0,450.0,0,140.0,177.11,272.89,59.43,80.57,20.0,0.0
1779272341.961036,177.11,80.57,2.233,167.33591150843702,90.50831432982487,2.5282185191559243,VISION,0.0,450.0,0,140.0,177.11,272.89,59.43,80.57,20.0,0.0
1779272342.0111668,167.33591150843702,90.50831432982487,2.5282185191559243,167.33591150843702,90.50831432982487,2.5282185191559243,ESTIMA,0.0,450.0,0,140.0,167.336,282.664,49.492,90.508,20.0,0.0
1779272342.0614626,167.09,68.52,2.564,167.09,68.52,2.564,VISION,0.0,450.0,0,140.0,167.09,282.91,71.48,68.52,20.0,0.0
1779272342.1110947,167.09,68.52,2.564,167.09,68.52,2.564,VISION,0.0,450.0,0,140.0,167.09,282.91,71.48,68.52,20.0,0.0
1779272342.1610253,167.09,68.52,2.564,167.09,68.52,2.564,VISION,0.0,450.0,0,140.0,167.09,282.91,71.48,68.52,20.0,0.0
1779272342.2110279,167.09,68.52,2.564,164.36636929080476,70.29508047821756,2.631299315988847,VISION,0.0,450.0,0,140.0,167.09,282.91,71.48,68.52,20.0,0.0
1779272342.2610104,167.09,68.52,2.564,162.5064982664873,71.33613193247497,2.6728938127270223,VISION,0.0,450.0,0,140.0,167.09,282.91,71.48,68.52,20.0,0.0
1779272342.3110378,167.09,68.52,2.564,162.5064982664873,71.33613193247497,2.6728938127270223,VISION,0.0,450.0,0,140.0,167.09,282.91,71.48,68.52,20.0,0.0
1779272342.3611252,167.09,68.52,2.564,159.4089314058181,72.904523211997,2.7570613983431094,VISION,0.0,450.0,0,140.0,167.09,282.91,71.48,68.52,20.0,0.0
1779272342.4110572,167.09,68.52,2.564,159.4089314058181,72.904523211997,2.7570613983431094,VISION,0.0,450.0,0,140.0,167.09,282.91,71.48,68.52,20.0,0.0
1779272342.461083,167.09,68.52,2.564,159.4089314058181,72.904523211997,2.7570613983431094,VISION,0.0,450.0,0,140.0,167.09,282.91,71.48,68.52,20.0,0.0
1779272342.5110261,167.09,68.52,2.564,159.4089314058181,72.904523211997,2.7570613983431094,VISION,0.0,450.0,0,140.0,167.09,282.91,71.48,68.52,20.0,0.0
1779272342.5610714,167.09,68.52,2.564,154.6761501368004,74.81976815796288,2.860998112037385,VISION,0.0,450.0,0,140.0,167.09,282.91,71.48,68.52,20.0,0.0
1779272342.611098,152.80624855986966,75.35867031177565,2.906348070707236,152.80624855986966,75.35867031177565,2.906348070707236,ESTIMA,0.0,450.0,0,140.0,152.806,297.194,64.641,75.359,20.0,0.0
1779272342.6617472,161.52,53.29,2.893,161.52,53.29,2.893,VISION,0.0,450.0,0,140.0,161.52,288.48,86.71,53.29,20.0,0.0
1779272342.7110689,161.52,53.29,2.893,159.2802504505632,53.85854553788497,2.9387634151502136,VISION,0.0,450.0,0,140.0,161.52,288.48,86.71,53.29,20.0,0.0
1779272342.7613163,161.52,53.29,2.893,159.2802504505632,53.85854553788497,2.9387634151502136,VISION,0.0,450.0,0,140.0,161.52,288.48,86.71,53.29,20.0,0.0
1779272342.8110435,161.52,53.29,2.893,156.72717083766568,54.383604817314186,2.992263042347067,VISION,0.0,450.0,0,140.0,161.52,288.48,86.71,53.29,20.0,0.0
1779272342.8610072,161.52,53.29,2.893,156.72717083766568,54.383604817314186,2.992263042347067,VISION,0.0,450.0,0,140.0,161.52,288.48,86.71,53.29,20.0,0.0
1779272342.911037,161.52,53.29,2.893,153.38788354677638,54.88599920690842,3.059717640016777,VISION,0.0,450.0,0,140.0,161.52,288.48,86.71,53.29,20.0,0.0
1779272342.9610288,161.52,53.29,2.893,153.38788354677638,54.88599920690842,3.059717640016777,VISION,0.0,450.0,0,140.0,161.52,288.48,86.71,53.29,20.0,0.0
1779272343.0110807,161.52,53.29,2.893,153.38788354677638,54.88599920690842,3.059717640016777,VISION,0.0,450.0,0,140.0,161.52,288.48,86.71,53.29,20.0,0.0
1779272343.0610023,161.52,53.29,2.893,148.3571150944649,55.2988162969717,3.1790274765271125,VISION,0.0,450.0,0,140.0,161.52,288.48,86.71,53.29,20.0,0.0
1779272343.1110277,161.52,53.29,2.893,147.25927208568552,55.25769952998448,3.200937280025811,VISION,0.0,450.0,0,140.0,161.52,288.48,86.71,53.29,20.0,0.0
1779272343.1610081,161.52,53.29,2.893,147.25927208568552,55.25769952998448,3.200937280025811,VISION,0.0,450.0,0,140.0,161.52,288.48,86.71,53.29,20.0,0.0
1779272343.2112346,143.5033706522215,55.03454493347795,3.2848365399506236,143.5033706522215,55.03454493347795,3.2848365399506236,ESTIMA,0.0,450.0,0,140.0,143.503,306.497,84.965,55.035,20.0,0.0
1779272343.2611008,143.5033706522215,55.03454493347795,3.2848365399506236,143.5033706522215,55.03454493347795,3.2848365399506236,ESTIMA,0.0,450.0,0,140.0,143.503,306.497,84.965,55.035,20.0,0.0
1779272343.3110747,140.79872395182593,54.64444907089314,3.3373004538193975,140.79872395182593,54.64444907089314,3.3373004538193975,ESTIMA,0.0,450.0,0,140.0,140.799,309.201,85.356,54.644,20.0,0.0
1779272343.361057,140.79872395182593,54.64444907089314,3.3373004538193975,140.79872395182593,54.64444907089314,3.3373004538193975,ESTIMA,0.0,450.0,0,140.0,140.799,309.201,85.356,54.644,20.0,0.0
1779272343.411055,137.88766435165178,54.06734512710039,3.4020704386208265,137.88766435165178,54.06734512710039,3.4020704386208265,ESTIMA,0.0,450.0,0,140.0,137.888,312.112,85.933,54.067,20.0,0.0
1779272343.4610567,137.88766435165178,54.06734512710039,3.4020704386208265,137.88766435165178,54.06734512710039,3.4020704386208265,ESTIMA,0.0,450.0,0,140.0,137.888,312.112,85.933,54.067,20.0,0.0
1779272343.5111008,134.72474993166202,53.22432341446311,3.469964324490797,134.72474993166202,53.22432341446311,3.469964324490797,ESTIMA,0.0,450.0,0,140.0,134.725,315.275,86.776,53.224,20.0,0.0
1779272343.5610838,134.72474993166202,53.22432341446311,3.469964324490797,134.72474993166202,53.22432341446311,3.469964324490797,ESTIMA,0.0,450.0,0,140.0,134.725,315.275,86.776,53.224,20.0,0.0
1779272343.611091,132.10991980777285,52.33343376849631,3.534670455124205,132.10991980777285,52.33343376849631,3.534670455124205,ESTIMA,0.0,450.0,0,140.0,132.11,317.89,87.667,52.333,20.0,0.0
1779272343.6610932,132.10991980777285,52.33343376849631,3.534670455124205,132.10991980777285,52.33343376849631,3.534670455124205,ESTIMA,0.0,450.0,0,140.0,132.11,317.89,87.667,52.333,20.0,0.0
1779272343.7113707,132.10991980777285,52.33343376849631,3.534670455124205,128.89846588881306,51.001780861378556,3.6040098733678025,ESTIMA,0.0,450.0,0,140.0,132.11,317.89,87.667,52.333,20.0,0.0
1779272343.7612135,128.89846588881306,51.001780861378556,3.6040098733678025,128.89846588881306,51.001780861378556,3.6040098733678025,ESTIMA,0.0,450.0,0,140.0,128.898,321.102,88.998,51.002,20.0,0.0
1779272343.811285,167.2,20.25,-2.71,164.51938695880915,19.01544346088193,-2.6461691028215757,VISION,0.0,450.0,0,140.0,167.2,282.8,119.75,20.25,0.0,0.0
1779272343.861098,167.2,20.25,-2.71,167.2,20.25,-2.71,VISION,0.0,450.0,0,140.0,167.2,282.8,119.75,20.25,0.0,0.0
1779272343.9110677,167.2,20.25,-2.71,167.2,20.25,-2.71,VISION,0.0,450.0,0,140.0,167.2,282.8,119.75,20.25,0.0,0.0
1779272343.9610877,167.2,20.25,-2.71,163.92221159602693,18.740414302329643,-2.6459123219857488,VISION,0.0,450.0,0,140.0,167.2,282.8,119.75,20.25,0.0,0.0
1779272344.0110824,167.2,20.25,-2.71,163.92221159602693,18.740414302329643,-2.6459123219857488,VISION,0.0,450.0,0,140.0,167.2,282.8,119.75,20.25,0.0,0.0
1779272344.0610192,167.2,20.25,-2.71,161.92282506198842,17.659332403396455,-2.604068926319764,VISION,0.0,450.0,0,140.0,167.2,282.8,119.75,20.25,0.0,0.0
1779272344.111055,167.2,20.25,-2.71,161.92282506198842,17.659332403396455,-2.604068926319764,VISION,0.0,450.0,0,140.0,167.2,282.8,119.75,20.25,0.0,0.0
1779272344.1610637,167.2,20.25,-2.71,160.91257961217394,17.057156844342177,-2.589786097976317,VISION,0.0,450.0,0,140.0,167.2,282.8,119.75,20.25,0.0,0.0
1779272344.2110314,167.2,20.25,-2.71,160.91257961217394,17.057156844342177,-2.589786097976317,VISION,0.0,450.0,0,140.0,167.2,282.8,119.75,20.25,0.0,0.0
1779272344.261098,167.2,20.25,-2.71,160.91257961217394,17.057156844342177,-2.589786097976317,VISION,0.0,450.0,0,140.0,167.2,282.8,119.75,20.25,0.0,0.0
1779272344.3110797,167.2,20.25,-2.71,159.73681456149328,16.333363394135624,-2.5897996330837625,VISION,0.0,450.0,0,140.0,167.2,282.8,119.75,20.25,0.0,0.0
1779272344.3611698,159.73681456149328,16.333363394135624,-2.5897996330837625,159.73681456149328,16.333363394135624,-2.5897996330837625,ESTIMA,0.0,450.0,0,140.0,159.737,290.263,123.667,16.333,-10.0,0.0
1779272344.411072,177.89,6.42,-2.358,177.89,6.42,-2.358,VISION,0.0,450.0,0,140.0,177.89,272.11,133.58,6.42,-10.0,0.0
1779272344.4611251,177.89,6.42,-2.358,177.89,6.420000000000003,-2.358,VISION,0.0,450.0,0,140.0,177.89,272.11,133.58,6.42,-10.0,0.0
1779272344.5110958,177.89,6.42,-2.358,177.89,6.420000000000003,-2.358,VISION,0.0,450.0,0,140.0,177.89,272.11,133.58,6.42,-10.0,0.0
1779272344.5610619,177.89,6.42,-2.358,174.6279916352179,3.169749595073087,-2.358,VISION,0.0,450.0,0,140.0,177.89,272.11,133.58,6.42,-10.0,0.0
1779272344.611055,177.89,6.42,-2.358,174.6279916352179,3.169749595073087,-2.358,VISION,0.0,450.0,0,140.0,177.89,272.11,133.58,6.42,-10.0,0.0
1779272344.6610456,177.89,6.42,-2.358,174.6279916352179,3.169749595073087,-2.358,VISION,0.0,450.0,0,140.0,177.89,272.11,133.58,6.42,-10.0,0.0
1779272344.7110343,177.89,6.42,-2.358,171.21977533409375,-0.22618173741671477,-2.248316515627995,VISION,0.0,450.0,0,140.0,177.89,272.11,133.58,6.42,-10.0,0.0
1779272344.7610457,177.89,6.42,-2.358,171.21977533409375,-0.22618173741671477,-2.248316515627995,VISION,0.0,450.0,0,140.0,177.89,272.11,133.58,6.42,-10.0,0.0
1779272344.8110242,177.89,6.42,-2.358,170.68421466211424,-0.8918316059973018,-2.2476527115915492,VISION,0.0,450.0,0,140.0,177.89,272.11,133.58,6.42,-10.0,0.0
1779272344.8610203,177.89,6.42,-2.358,169.91159158204758,-1.85343324378927,-2.205116804766977,VISION,0.0,450.0,0,140.0,177.89,272.11,133.58,6.42,-10.0,0.0
1779272344.911073,169.91159158204758,-1.85343324378927,-2.205116804766977,169.91159158204758,-1.85343324378927,-2.205116804766977,ESTIMA,0.0,450.0,0,140.0,169.912,280.088,141.853,-1.853,0.0,0.0
1779272344.961633,169.91159158204758,-1.85343324378927,-2.205116804766977,183.72,2.21,-2.204,ESTIMA,0.0,450.0,0,140.0,169.912,280.088,141.853,-1.853,0.0,0.0
1779272345.0111508,183.72,2.21,-2.204,183.72,2.21,-2.204,VISION,0.0,450.0,0,140.0,183.72,266.28,137.79,2.21,0.0,0.0
1779272345.0610714,183.72,2.21,-2.204,180.78076430831763,-1.7942282353852788,-1.8628685196422832,VISION,0.0,450.0,0,140.0,183.72,266.28,137.79,2.21,0.0,0.0
1779272345.111059,183.72,2.21,-2.204,180.47638659334697,-2.806556687189927,-1.9602657551863443,VISION,0.0,450.0,0,140.0,183.72,266.28,137.79,2.21,0.0,0.0
1779272345.161472,183.72,2.21,-2.204,180.47638659334697,-2.8065566871899246,-1.9602657551863443,VISION,0.0,450.0,0,140.0,183.72,266.28,137.79,2.21,0.0,0.0
1779272345.2110481,183.72,2.21,-2.204,180.47638659334697,-2.8065566871899246,-1.9602657551863443,VISION,0.0,450.0,0,140.0,183.72,266.28,137.79,2.21,0.0,0.0
1779272345.2610595,183.72,2.21,-2.204,180.47638659334697,-2.8065566871899224,-1.960265755186344,VISION,0.0,450.0,0,140.0,183.72,266.28,137.79,2.21,0.0,0.0
1779272345.3110578,183.72,2.21,-2.204,180.47638659334697,-2.8065566871899224,-1.960265755186344,VISION,0.0,450.0,0,140.0,183.72,266.28,137.79,2.21,0.0,0.0
1779272345.3610785,183.72,2.21,-2.204,180.47638659334697,-2.8065566871899197,-1.9602657551863438,VISION,0.0,450.0,0,140.0,183.72,266.28,137.79,2.21,0.0,0.0
1779272345.4110563,183.72,2.21,-2.204,180.47638659334697,-2.8065566871899197,-1.9602657551863438,VISION,0.0,450.0,0,140.0,183.72,266.28,137.79,2.21,0.0,0.0
1779272345.6110773,180.47638659334697,-2.8065566871899144,-1.9602657551863434,180.47638659334697,-2.8065566871899144,-1.9602657551863434,ESTIMA,0.0,450.0,0,140.0,180.476,269.524,142.807,-2.807,20.0,0.0
1779272345.6612275,180.47638659334697,-2.8065566871899144,-1.9602657551863434,180.47638659334697,-2.8065566871899117,-1.9602657551863432,ESTIMA,0.0,450.0,0,140.0,180.476,269.524,142.807,-2.807,20.0,0.0
1779272345.7110178,180.47638659334697,-2.8065566871899117,-1.9602657551863432,180.47638659334697,-2.8065566871899117,-1.9602657551863432,ESTIMA,0.0,450.0,0,140.0,180.476,269.524,142.807,-2.807,20.0,0.0
1779272345.7612953,180.27198009265996,-3.3045809426977386,-1.93598757582269,180.27198009265996,-3.3045809426977386,-1.93598757582269,ESTIMA,0.0,450.0,0,140.0,180.272,269.728,143.305,-3.305,20.0,0.0
1779272345.8110518,180.27198009265996,-3.3045809426977386,-1.93598757582269,180.27198009265996,-3.3045809426977386,-1.93598757582269,ESTIMA,0.0,450.0,0,140.0,180.272,269.728,143.305,-3.305,20.0,0.0
1779272345.861049,180.27198009265996,-3.3045809426977386,-1.93598757582269,180.27198009265996,-3.3045809426977386,-1.93598757582269,ESTIMA,0.0,450.0,0,140.0,180.272,269.728,143.305,-3.305,20.0,0.0
1779272345.9110825,179.7891839264054,-4.567317221604339,-1.8155849330350848,179.7891839264054,-4.567317221604339,-1.8155849330350848,ESTIMA,0.0,450.0,0,140.0,179.789,270.211,144.567,-4.567,20.0,0.0
1779272345.9610598,179.7891839264054,-4.567317221604339,-1.8155849330350848,179.7891839264054,-4.567317221604339,-1.8155849330350848,ESTIMA,0.0,450.0,0,140.0,179.789,270.211,144.567,-4.567,20.0,0.0
1779272346.0111964,179.33979260047064,-6.366335598604341,-1.6261663567257498,179.33979260047064,-6.366335598604341,-1.6261663567257498,ESTIMA,0.0,450.0,0,140.0,179.34,270.66,146.366,-6.366,20.0,0.0
1779272346.061079,179.33979260047064,-6.366335598604341,-1.6261663567257498,179.33979260047064,-6.366335598604341,-1.6261663567257498,ESTIMA,0.0,450.0,0,140.0,179.34,270.66,146.366,-6.366,20.0,0.0
1779272346.1111548,179.25449682724846,-7.905229252265003,-1.517890937118979,179.25449682724846,-7.905229252265003,-1.517890937118979,ESTIMA,0.0,450.0,0,140.0,179.254,270.746,147.905,-7.905,20.0,0.0
1779272346.1612592,183.49,2.27,-2.24,183.49,2.27,-2.24,VISION,0.0,450.0,0,140.0,183.49,266.51,137.73,2.27,20.0,0.0
1779272346.2111478,183.49,2.27,-2.24,182.33928130318293,0.8151598201283055,-2.06977939873387,VISION,0.0,450.0,0,140.0,183.49,266.51,137.73,2.27,20.0,0.0
1779272346.261098,183.49,2.27,-2.24,182.33928130318293,0.8151598201283055,-2.06977939873387,VISION,0.0,450.0,0,140.0,183.49,266.51,137.73,2.27,20.0,0.0
1779272346.3110535,183.49,2.27,-2.24,181.52219147187188,-0.6841349050924712,-1.9564421677287864,VISION,0.0,450.0,0,140.0,183.49,266.51,137.73,2.27,20.0,0.0
1779272346.361105,183.49,2.27,-2.24,181.52219147187188,-0.6841349050924712,-1.9564421677287864,VISION,0.0,450.0,0,140.0,183.49,266.51,137.73,2.27,20.0,0.0
1779272346.4111102,183.49,2.27,-2.24,180.8787940786922,-2.2689586018780807,-1.8770184089312243,VISION,0.0,450.0,0,140.0,183.49,266.51,137.73,2.27,20.0,0.0
1779272346.4610848,183.49,2.27,-2.24,180.8787940786922,-2.2689586018780807,-1.8770184089312243,VISION,0.0,450.0,0,140.0,183.49,266.51,137.73,2.27,20.0,0.0
1779272346.511072,183.49,2.27,-2.24,180.10884618358875,-4.704215961422053,-1.802155495141661,VISION,0.0,450.0,0,140.0,183.49,266.51,137.73,2.27,20.0,0.0
1779272346.5610273,183.49,2.27,-2.24,180.10884618358875,-4.704215961422053,-1.802155495141661,VISION,0.0,450.0,0,140.0,183.49,266.51,137.73,2.27,20.0,0.0
1779272346.6111126,183.49,2.27,-2.24,179.5574669694346,-7.0447587122612685,-1.7527567635341041,VISION,0.0,450.0,0,140.0,183.49,266.51,137.73,2.27,20.0,0.0
1779272346.6610637,183.49,2.27,-2.24,179.5574669694346,-7.0447587122612685,-1.7527567635341041,VISION,0.0,450.0,0,140.0,183.49,266.51,137.73,2.27,20.0,0.0
1779272346.711166,179.13782266547892,-9.325488730635621,-1.714764445685024,179.13782266547892,-9.325488730635621,-1.714764445685024,ESTIMA,0.0,450.0,0,140.0,179.138,270.862,149.325,-9.325,20.0,0.0
1779272346.761091,187.56,0.77,-1.765,187.56,0.77,-1.765,VISION,0.0,450.0,0,140.0,187.56,262.44,139.23,0.77,20.0,0.0
1779272346.811072,187.56,0.77,-1.765,186.93258521295743,-2.419987138510353,-1.7221650185403088,VISION,0.0,450.0,0,140.0,187.56,262.44,139.23,0.77,20.0,0.0
1779272346.8610682,187.56,0.77,-1.765,186.93258521295743,-2.419987138510353,-1.7221650185403088,VISION,0.0,450.0,0,140.0,187.56,262.44,139.23,0.77,20.0,0.0
1779272346.9110584,187.56,0.77,-1.765,186.7001028173044,-3.944107430813028,-1.6596023957718244,VISION,0.0,450.0,0,140.0,187.56,262.44,139.23,0.77,20.0,0.0
1779272346.961081,187.56,0.77,-1.765,186.7001028173044,-3.944107430813028,-1.6596023957718244,VISION,0.0,450.0,0,140.0,187.56,262.44,139.23,0.77,20.0,0.0
1779272347.0111084,187.56,0.77,-1.765,186.59723310488195,-5.099424216849048,-1.5826780839277401,VISION,0.0,450.0,0,140.0,187.56,262.44,139.23,0.77,20.0,0.0
1779272347.0610902,187.56,0.77,-1.765,186.59723310488195,-5.099424216849048,-1.5826780839277401,VISION,0.0,450.0,0,140.0,187.56,262.44,139.23,0.77,20.0,0.0
1779272347.1110322,187.56,0.77,-1.765,186.5765321962153,-6.841585268268456,-1.4780202746032163,VISION,0.0,450.0,0,140.0,187.56,262.44,139.23,0.77,20.0,0.0
1779272347.1610696,187.56,0.77,-1.765,186.5765321962153,-6.841585268268456,-1.4780202746032163,VISION,0.0,450.0,0,140.0,187.56,262.44,139.23,0.77,20.0,0.0
1779272347.2110853,187.56,0.77,-1.765,186.5765321962153,-6.841585268268456,-1.4780202746032163,VISION,0.0,450.0,0,140.0,187.56,262.44,139.23,0.77,20.0,0.0
1779272347.2610226,186.88204871819426,-10.125185337001144,-1.3671170534701644,186.88204871819426,-10.125185337001144,-1.3671170534701644,ESTIMA,0.0,450.0,0,140.0,186.882,263.118,150.125,-10.125,20.0,0.0
1779272347.3114166,200.56,3.81,-1.299,200.56,3.81,-1.299,ESTIMA,0.0,450.0,0,140.0,200.56,249.44,136.19,3.81,20.0,0.0
1779272347.361157,200.56,3.81,-1.299,200.56,3.81,-1.299,VISION,0.0,450.0,0,140.0,200.56,249.44,136.19,3.81,20.0,0.0
1779272347.411276,200.56,3.81,-1.299,200.56,3.81,-1.299,VISION,0.0,450.0,0,140.0,200.56,249.44,136.19,3.81,20.0,0.0
1779272347.4610624,200.56,3.81,-1.299,201.59311789342001,0.1029896607786096,-1.2451623337806126,VISION,0.0,450.0,0,140.0,200.56,249.44,136.19,3.81,20.0,0.0
1779272347.5112412,200.56,3.81,-1.299,202.19112996897604,-1.6680904644406216,-1.2158444896326928,VISION,0.0,450.0,0,140.0,200.56,249.44,136.19,3.81,20.0,0.0
1779272347.5610435,200.56,3.81,-1.299,202.19112996897604,-1.6680904644406216,-1.2158444896326928,VISION,0.0,450.0,0,140.0,200.56,249.44,136.19,3.81,20.0,0.0
1779272347.611075,200.56,3.81,-1.299,202.19112996897604,-1.6680904644406216,-1.2158444896326928,VISION,0.0,450.0,0,140.0,200.56,249.44,136.19,3.81,20.0,0.0
1779272347.6610243,200.56,3.81,-1.299,203.35417363471043,-4.805936311947367,-1.157774578274344,VISION,0.0,450.0,0,140.0,200.56,249.44,136.19,3.81,20.0,0.0
1779272347.711013,200.56,3.81,-1.299,203.35417363471043,-4.805936311947367,-1.157774578274344,VISION,0.0,450.0,0,140.0,200.56,249.44,136.19,3.81,20.0,0.0
1779272347.761039,200.56,3.81,-1.299,204.52685273038273,-7.481889768652513,-1.1150399488138547,VISION,0.0,450.0,0,140.0,200.56,249.44,136.19,3.81,20.0,0.0
1779272347.8110275,200.56,3.81,-1.299,204.52685273038273,-7.481889768652513,-1.1150399488138547,VISION,0.0,450.0,0,140.0,200.56,249.44,136.19,3.81,20.0,0.0
1779272347.8611395,200.56,3.81,-1.299,205.67876119479476,-9.831886363903857,-1.074055341148111,VISION,0.0,450.0,0,140.0,200.56,249.44,136.19,3.81,20.0,0.0
1779272347.9112463,209.7,11.41,-0.97,209.7,11.41,-0.97,VISION,0.0,450.0,0,140.0,209.7,240.3,128.59,11.41,20.0,0.0
1779272347.9611104,209.7,11.41,-0.97,211.57697545434675,8.67111530041513,-0.932000002490654,VISION,0.0,450.0,0,140.0,209.7,240.3,128.59,11.41,20.0,0.0
1779272348.011064,209.7,11.41,-0.97,211.57697545434675,8.67111530041513,-0.932000002490654,VISION,0.0,450.0,0,140.0,209.7,240.3,128.59,11.41,20.0,0.0
1779272348.0610774,209.7,11.41,-0.97,213.19386810254707,6.493993965550395,-0.8825650061218157,VISION,0.0,450.0,0,140.0,209.7,240.3,128.59,11.41,20.0,0.0
1779272348.1110694,209.7,11.41,-0.97,213.19386810254707,6.493993965550395,-0.8825650061218157,VISION,0.0,450.0,0,140.0,209.7,240.3,128.59,11.41,20.0,0.0
1779272348.161058,209.7,11.41,-0.97,214.88057118466668,4.4429593952619495,-0.8410289025141844,VISION,0.0,450.0,0,140.0,209.7,240.3,128.59,11.41,20.0,0.0
1779272348.211068,209.7,11.41,-0.97,214.88057118466668,4.4429593952619495,-0.8410289025141844,VISION,0.0,450.0,0,140.0,209.7,240.3,128.59,11.41,20.0,0.0
1779272348.2610948,209.7,11.41,-0.97,214.88057118466668,4.4429593952619495,-0.8410289025141844,VISION,0.0,450.0,0,140.0,209.7,240.3,128.59,11.41,20.0,0.0
1779272348.3110259,209.7,11.41,-0.97,217.80832964893295,1.1698878800408812,-0.75387390018833,VISION,0.0,450.0,0,140.0,209.7,240.3,128.59,11.41,20.0,0.0
1779272348.3610802,209.7,11.41,-0.97,217.80832964893295,1.1698878800408812,-0.75387390018833,VISION,0.0,450.0,0,140.0,209.7,240.3,128.59,11.41,20.0,0.0
1779272348.4110901,209.7,11.41,-0.97,219.98371713781938,-0.8724934906710891,-0.7059885472044876,VISION,0.0,450.0,0,140.0,209.7,240.3,128.59,11.41,20.0,0.0
1779272348.4611764,219.98371713781938,-0.8724934906710891,-0.7059885472044876,219.98371713781938,-0.8724934906710891,-0.7059885472044876,ESTIMA,0.0,450.0,0,140.0,219.984,230.016,140.872,-0.872,20.0,0.0
1779272348.5112557,220.15,23.5,-0.718,222.93793867172855,21.064636333274354,-0.6622656538070963,VISION,0.0,450.0,0,140.0,220.15,229.85,116.5,23.5,20.0,0.0
1779272348.5611453,220.15,23.5,-0.718,221.03241044602677,22.729183065902816,-0.7008380560045165,VISION,0.0,450.0,0,140.0,220.15,229.85,116.5,23.5,20.0,0.0
1779272348.611147,220.15,23.5,-0.718,221.03241044602677,22.729183065902816,-0.7008380560045165,VISION,0.0,450.0,0,140.0,220.15,229.85,116.5,23.5,20.0,0.0
1779272348.6612866,220.15,23.5,-0.718,223.40658619428945,20.726038737722334,-0.6502387236612651,VISION,0.0,450.0,0,140.0,220.15,229.85,116.5,23.5,20.0,0.0
1779272348.7110925,220.15,23.5,-0.718,223.40658619428945,20.726038737722334,-0.6502387236612651,VISION,0.0,450.0,0,140.0,220.15,229.85,116.5,23.5,20.0,0.0
1779272348.7613587,220.15,23.5,-0.718,225.77499349110806,18.92467278717183,-0.6027470819615669,VISION,0.0,450.0,0,140.0,220.15,229.85,116.5,23.5,20.0,0.0
1779272348.8110266,220.15,23.5,-0.718,225.77499349110806,18.92467278717183,-0.6027470819615669,VISION,0.0,450.0,0,140.0,220.15,229.85,116.5,23.5,20.0,0.0
1779272348.8612442,220.15,23.5,-0.718,228.1414227390308,17.29615002225227,-0.5416101083611341,VISION,0.0,450.0,0,140.0,220.15,229.85,116.5,23.5,20.0,0.0
1779272348.9112391,220.15,23.5,-0.718,228.1414227390308,17.29615002225227,-0.5416101083611341,VISION,0.0,450.0,0,140.0,220.15,229.85,116.5,23.5,20.0,0.0
1779272348.9612496,220.15,23.5,-0.718,228.1414227390308,17.29615002225227,-0.5416101083611341,VISION,0.0,450.0,0,140.0,220.15,229.85,116.5,23.5,20.0,0.0
1779272349.0112498,220.15,23.5,-0.718,231.9074777461344,15.030414557760642,-0.4691310916083006,VISION,0.0,450.0,0,140.0,220.15,229.85,116.5,23.5,20.0,0.0
1779272349.0619898,231.9074777461344,15.030414557760642,-0.4691310916083006,226.74,37.88,-0.43,ESTIMA,0.0,450.0,0,140.0,231.907,218.093,124.97,15.03,20.0,0.0
1779272349.1114025,226.74,37.88,-0.43,226.74,37.88,-0.43,VISION,0.0,450.0,0,140.0,226.74,223.26,102.12,37.88,20.0,0.0
1779272349.161279,226.74,37.88,-0.43,226.74,37.88,-0.43,VISION,0.0,450.0,0,140.0,226.74,223.26,102.12,37.88,20.0,0.0
1779272349.2112849,226.74,37.88,-0.43,229.13842046769534,36.78003395035686,-0.38058701456414934,VISION,0.0,450.0,0,140.0,226.74,223.26,102.12,37.88,20.0,0.0
1779272349.2612116,226.74,37.88,-0.43,229.13842046769534,36.78003395035686,-0.38058701456414934,VISION,0.0,450.0,0,140.0,226.74,223.26,102.12,37.88,20.0,0.0
1779272349.3112125,226.74,37.88,-0.43,232.15890110211166,35.571559153396926,-0.32984993585653377,VISION,0.0,450.0,0,140.0,226.74,223.26,102.12,37.88,20.0,0.0
1779272349.361193,226.74,37.88,-0.43,232.15890110211166,35.571559153396926,-0.32984993585653377,VISION,0.0,450.0,0,140.0,226.74,223.26,102.12,37.88,20.0,0.0
1779272349.4113,226.74,37.88,-0.43,234.8228958020452,34.65952137116888,-0.27491318649555196,VISION,0.0,450.0,0,140.0,226.74,223.26,102.12,37.88,20.0,0.0
1779272349.4612048,226.74,37.88,-0.43,234.8228958020452,34.65952137116888,-0.27491318649555196,VISION,0.0,450.0,0,140.0,226.74,223.26,102.12,37.88,20.0,0.0
1779272349.5113254,226.74,37.88,-0.43,238.62486169912114,33.58715828621303,-0.2022905183071555,VISION,0.0,450.0,0,140.0,226.74,223.26,102.12,37.88,20.0,0.0
1779272349.5612245,226.74,37.88,-0.43,238.62486169912114,33.58715828621303,-0.2022905183071555,VISION,0.0,450.0,0,140.0,226.74,223.26,102.12,37.88,20.0,0.0
1779272349.6112964,226.74,37.88,-0.43,240.97059103966689,33.10605908283711,-0.1538623297390646,VISION,0.0,450.0,0,140.0,226.74,223.26,102.12,37.88,20.0,0.0
1779272349.6615152,229.2,53.17,-0.152,229.2,53.17,-0.152,ESTIMA,0.0,450.0,0,140.0,229.2,220.8,86.83,53.17,20.0,0.0
1779272349.7112076,229.2,53.17,-0.152,229.2,53.17,-0.152,VISION,0.0,450.0,0,140.0,229.2,220.8,86.83,53.17,20.0,0.0
1779272349.76127,229.2,53.17,-0.152,233.30052648529858,52.54187510774696,-0.0806341776084153,VISION,0.0,450.0,0,140.0,229.2,220.8,86.83,53.17,20.0,0.0
1779272349.8112493,229.2,53.17,-0.152,234.9509256934433,52.40850735287735,-0.046432591327817685,VISION,0.0,450.0,0,140.0,229.2,220.8,86.83,53.17,20.0,0.0
1779272349.861363,229.2,53.17,-0.152,234.9509256934433,52.40850735287735,-0.046432591327817685,VISION,0.0,450.0,0,140.0,229.2,220.8,86.83,53.17,20.0,0.0
1779272349.9112983,229.2,53.17,-0.152,238.56660251776003,52.24050135165971,0.024290463166262058,VISION,0.0,450.0,0,140.0,229.2,220.8,86.83,53.17,20.0,0.0
1779272349.9612267,229.2,53.17,-0.152,238.56660251776003,52.24050135165971,0.024290463166262058,VISION,0.0,450.0,0,140.0,229.2,220.8,86.83,53.17,20.0,0.0
1779272350.0114727,229.2,53.17,-0.152,238.56660251776003,52.24050135165971,0.024290463166262058,VISION,0.0,450.0,0,140.0,229.2,220.8,86.83,53.17,20.0,0.0
1779272350.061262,229.2,53.17,-0.152,241.57648663500652,52.313627213578066,0.08678562063178995,VISION,0.0,450.0,0,140.0,229.2,220.8,86.83,53.17,20.0,0.0
1779272350.1112425,229.2,53.17,-0.152,244.20485371296948,52.54230608707482,0.147073813387962,VISION,0.0,450.0,0,140.0,229.2,220.8,86.83,53.17,20.0,0.0
1779272350.1612372,229.2,53.17,-0.152,244.20485371296948,52.54230608707482,0.147073813387962,VISION,0.0,450.0,0,140.0,229.2,220.8,86.83,53.17,20.0,0.0
1779272350.2114966,244.20485371296948,52.54230608707482,0.147073813387962,247.59960275447105,53.04521611364673,0.21387718214996693,ESTIMA,0.0,450.0,0,140.0,244.205,205.795,87.458,52.542,20.0,0.0
1779272350.2617662,227.22,69.16,0.137,227.22,69.16,0.137,ESTIMA,0.0,450.0,0,140.0,227.22,222.78,70.84,69.16,20.0,0.0
1779272350.3113225,227.22,69.16,0.137,227.22,69.16,0.137,VISION,0.0,450.0,0,140.0,227.22,222.78,70.84,69.16,20.0,0.0
1779272350.3612301,227.22,69.16,0.137,230.44130659634268,69.60410092995018,0.2099033225634214,VISION,0.0,450.0,0,140.0,227.22,222.78,70.84,69.16,20.0,0.0
1779272350.4112716,227.22,69.16,0.137,230.44130659634268,69.60410092995018,0.2099033225634214,VISION,0.0,450.0,0,140.0,227.22,222.78,70.84,69.16,20.0,0.0
1779272350.4613197,227.22,69.16,0.137,233.36273398254735,70.22648584311641,0.2619861846041322,VISION,0.0,450.0,0,140.0,227.22,222.78,70.84,69.16,20.0,0.0
1779272350.5112731,227.22,69.16,0.137,233.36273398254735,70.22648584311641,0.2619861846041322,VISION,0.0,450.0,0,140.0,227.22,222.78,70.84,69.16,20.0,0.0
1779272350.5612936,227.22,69.16,0.137,236.34031143518075,71.02492148225528,0.3305329064485462,VISION,0.0,450.0,0,140.0,227.22,222.78,70.84,69.16,20.0,0.0
1779272350.6112752,227.22,69.16,0.137,236.34031143518075,71.02492148225528,0.3305329064485462,VISION,0.0,450.0,0,140.0,227.22,222.78,70.84,69.16,20.0,0.0
1779272350.6612647,227.22,69.16,0.137,239.5133677809868,72.11366186095633,0.3949806771532951,VISION,0.0,450.0,0,140.0,227.22,222.78,70.84,69.16,20.0,0.0
1779272350.711211,227.22,69.16,0.137,239.5133677809868,72.11366186095633,0.3949806771532951,VISION,0.0,450.0,0,140.0,227.22,222.78,70.84,69.16,20.0,0.0
1779272350.761268,227.22,69.16,0.137,241.9860434442715,73.14449351886039,0.45553174863127605,VISION,0.0,450.0,0,140.0,227.22,222.78,70.84,69.16,20.0,0.0
1779272350.8115478,241.9860434442715,73.14449351886039,0.45553174863127605,220.22,83.89,0.496,ESTIMA,0.0,450.0,0,140.0,241.986,208.014,66.856,73.144,20.0,0.0
1779272350.8616786,220.22,83.89,0.496,220.22,83.89,0.496,VISION,0.0,450.0,0,140.0,220.22,229.78,56.11,83.89,20.0,0.0
1779272350.9112601,220.22,83.89,0.496,220.22,83.89,0.496,VISION,0.0,450.0,0,140.0,220.22,229.78,56.11,83.89,20.0,0.0
1779272350.9613361,220.22,83.89,0.496,222.5820561964055,85.16815585227647,0.5484762402785452,VISION,0.0,450.0,0,140.0,220.22,229.78,56.11,83.89,20.0,0.0
1779272351.011281,220.22,83.89,0.496,222.5820561964055,85.16815585227647,0.5484762402785452,VISION,0.0,450.0,0,140.0,220.22,229.78,56.11,83.89,20.0,0.0
1779272351.061271,220.22,83.89,0.496,224.6143665762625,86.4099190988884,0.5940215943833791,VISION,0.0,450.0,0,140.0,220.22,229.78,56.11,83.89,20.0,0.0
1779272351.111223,220.22,83.89,0.496,224.6143665762625,86.4099190988884,0.5940215943833791,VISION,0.0,450.0,0,140.0,220.22,229.78,56.11,83.89,20.0,0.0
1779272351.161252,220.22,83.89,0.496,227.00858753643763,88.0269661128493,0.644023268312086,VISION,0.0,450.0,0,140.0,220.22,229.78,56.11,83.89,20.0,0.0
1779272351.2112644,220.22,83.89,0.496,227.00858753643763,88.0269661128493,0.644023268312086,VISION,0.0,450.0,0,140.0,220.22,229.78,56.11,83.89,20.0,0.0
1779272351.2612453,220.22,83.89,0.496,229.6115176967847,89.98128822898447,0.7159976145126223,VISION,0.0,450.0,0,140.0,220.22,229.78,56.11,83.89,20.0,0.0
1779272351.311259,220.22,83.89,0.496,229.6115176967847,89.98128822898447,0.7159976145126223,VISION,0.0,450.0,0,140.0,220.22,229.78,56.11,83.89,20.0,0.0
1779272351.3612747,220.22,83.89,0.496,229.6115176967847,89.98128822898447,0.7159976145126223,VISION,0.0,450.0,0,140.0,220.22,229.78,56.11,83.89,20.0,0.0
1779272351.4119346,209.08,94.99,0.867,209.08,94.99,0.867,ESTIMA,0.0,450.0,0,140.0,209.08,240.92,45.01,94.99,20.0,0.0
1779272351.4612777,209.08,94.99,0.867,209.08,94.99,0.867,VISION,0.0,450.0,0,140.0,209.08,240.92,45.01,94.99,20.0,0.0
1779272351.5113304,209.08,94.99,0.867,211.77596264545292,98.16620908125729,0.9617856308034309,VISION,0.0,450.0,0,140.0,209.08,240.92,45.01,94.99,20.0,0.0
1779272351.561204,209.08,94.99,0.867,211.77596264545292,98.16620908125729,0.9617856308034309,VISION,0.0,450.0,0,140.0,209.08,240.92,45.01,94.99,20.0,0.0
1779272351.6113539,209.08,94.99,0.867,212.97440043496903,99.88452925817363,0.9989139134506677,VISION,0.0,450.0,0,140.0,209.08,240.92,45.01,94.99,20.0,0.0
1779272351.6613488,209.08,94.99,0.867,214.22280963015223,101.824174629483,1.0462030846895811,VISION,0.0,450.0,0,140.0,209.08,240.92,45.01,94.99,20.0,0.0
1779272351.7112205,209.08,94.99,0.867,214.22280963015223,101.824174629483,1.0462030846895811,VISION,0.0,450.0,0,140.0,209.08,240.92,45.01,94.99,20.0,0.0
1779272351.7615662,209.08,94.99,0.867,215.71489095500795,104.40261019737041,1.1044242114819323,VISION,0.0,450.0,0,140.0,209.08,240.92,45.01,94.99,20.0,0.0
1779272351.8112605,209.08,94.99,0.867,215.71489095500795,104.40261019737041,1.1044242114819323,VISION,0.0,450.0,0,140.0,209.08,240.92,45.01,94.99,20.0,0.0
1779272351.8612516,209.08,94.99,0.867,215.71489095500795,104.40261019737041,1.1044242114819323,VISION,0.0,450.0,0,140.0,209.08,240.92,45.01,94.99,20.0,0.0
1779272351.9112778,209.08,94.99,0.867,217.22627350512008,107.40489797164562,1.1765936884160104,VISION,0.0,450.0,0,140.0,209.08,240.92,45.01,94.99,20.0,0.0
1779272351.9613452,217.22627350512008,107.40489797164562,1.1765936884160104,217.22627350512008,107.40489797164562,1.1765936884160104,ESTIMA,0.0,450.0,0,140.0,217.226,232.774,32.595,107.405,20.0,0.0
1779272352.0116806,195.11,101.98,1.219,195.11,101.98,1.219,VISION,0.0,450.0,0,140.0,195.11,254.89,38.02,101.98,20.0,0.0
1779272352.0614371,195.11,101.98,1.219,195.95799062729148,104.29018877660867,1.2740232777563691,VISION,0.0,450.0,0,140.0,195.11,254.89,38.02,101.98,20.0,0.0
1779272352.111234,195.11,101.98,1.219,195.95799062729148,104.29018877660867,1.2740232777563691,VISION,0.0,450.0,0,140.0,195.11,254.89,38.02,101.98,20.0,0.0
1779272352.1612391,195.11,101.98,1.219,195.95799062729148,104.29018877660867,1.2740232777563691,VISION,0.0,450.0,0,140.0,195.11,254.89,38.02,101.98,20.0,0.0
1779272352.2113075,195.11,101.98,1.219,197.02609704722204,107.78296950914917,1.3375941619776905,VISION,0.0,450.0,0,140.0,195.11,254.89,38.02,101.98,20.0,0.0
1779272352.26129,195.11,101.98,1.219,197.02609704722204,107.78296950914917,1.3375941619776905,VISION,0.0,450.0,0,140.0,195.11,254.89,38.02,101.98,20.0,0.0
1779272352.3112826,195.11,101.98,1.219,197.7915794878314,111.00573287894937,1.4055759030242532,VISION,0.0,450.0,0,140.0,195.11,254.89,38.02,101.98,20.0,0.0
1779272352.361263,195.11,101.98,1.219,197.7915794878314,111.00573287894937,1.4055759030242532,VISION,0.0,450.0,0,140.0,195.11,254.89,38.02,101.98,20.0,0.0
1779272352.4112525,195.11,101.98,1.219,198.217295557632,113.55889967169233,1.4573530611210794,VISION,0.0,450.0,0,140.0,195.11,254.89,38.02,101.98,20.0,0.0
1779272352.4613469,195.11,101.98,1.219,198.217295557632,113.55889967169233,1.4573530611210794,VISION,0.0,450.0,0,140.0,195.11,254.89,38.02,101.98,20.0,0.0
1779272352.5113378,195.11,101.98,1.219,198.58298059515576,116.7685655363906,1.5258458505175223,VISION,0.0,450.0,0,140.0,195.11,254.89,38.02,101.98,20.0,0.0
1779272352.5614834,198.58298059515576,116.7685655363906,1.5258458505175223,198.58298059515576,116.7685655363906,1.5258458505175223,ESTIMA,0.0,450.0,0,140.0,198.583,251.417,23.231,116.769,20.0,0.0
1779272352.61152,179.49,104.09,1.578,179.49,104.09,1.578,VISION,0.0,450.0,0,140.0,179.49,270.51,35.91,104.09,20.0,0.0
1779272352.6612616,179.49,104.09,1.578,179.4601296185155,108.23647693548574,1.674762386586523,VISION,0.0,450.0,0,140.0,179.49,270.51,35.91,104.09,20.0,0.0
1779272352.7112854,179.49,104.09,1.578,179.4601296185155,108.23647693548574,1.674762386586523,VISION,0.0,450.0,0,140.0,179.49,270.51,35.91,104.09,20.0,0.0
1779272352.7612643,179.49,104.09,1.578,179.13114233593242,111.3894394834423,1.7329568191929903,VISION,0.0,450.0,0,140.0,179.49,270.51,35.91,104.09,20.0,0.0
1779272352.8112648,179.49,104.09,1.578,178.7721545473722,113.58378165949757,1.7800129556074724,VISION,0.0,450.0,0,140.0,179.49,270.51,35.91,104.09,20.0,0.0
1779272352.8612323,179.49,104.09,1.578,178.7721545473722,113.58378165949757,1.7800129556074724,VISION,0.0,450.0,0,140.0,179.49,270.51,35.91,104.09,20.0,0.0
1779272352.9113507,179.49,104.09,1.578,178.1326804842316,116.59557120435699,1.8314868393170045,VISION,0.0,450.0,0,140.0,179.49,270.51,35.91,104.09,20.0,0.0
1779272352.9612765,179.49,104.09,1.578,178.1326804842316,116.59557120435699,1.8314868393170045,VISION,0.0,450.0,0,140.0,179.49,270.51,35.91,104.09,20.0,0.0
1779272353.011464,179.49,104.09,1.578,177.34881514603413,119.53402612680742,1.9011802599046597,VISION,0.0,450.0,0,140.0,179.49,270.51,35.91,104.09,20.0,0.0
1779272353.0612383,179.49,104.09,1.578,177.34881514603413,119.53402612680742,1.9011802599046597,VISION,0.0,450.0,0,140.0,179.49,270.51,35.91,104.09,20.0,0.0
1779272353.1114752,179.49,104.09,1.578,177.34881514603413,119.53402612680742,1.9011802599046597,VISION,0.0,450.0,0,140.0,179.49,270.51,35.91,104.09,20.0,0.0
1779272353.161696,176.35572890907463,122.42971045340957,1.9629232908030145,164.33,100.42,1.953,ESTIMA,0.0,450.0,0,140.0,176.356,273.644,17.57,122.43,20.0,0.0
1779272353.211806,164.33,100.42,1.953,164.33,100.42,1.953,VISION,0.0,450.0,0,140.0,164.33,285.67,39.58,100.42,20.0,0.0
1779272353.2614539,164.33,100.42,1.953,162.9259069585736,103.91302766987184,2.0421596644217526,VISION,0.0,450.0,0,140.0,164.33,285.67,39.58,100.42,20.0,0.0
1779272353.3113139,164.33,100.42,1.953,161.97667791833766,105.77542158885227,2.080786202782356,VISION,0.0,450.0,0,140.0,164.33,285.67,39.58,100.42,20.0,0.0
1779272353.3612802,164.33,100.42,1.953,161.97667791833766,105.77542158885227,2.080786202782356,VISION,0.0,450.0,0,140.0,164.33,285.67,39.58,100.42,20.0,0.0
1779272353.4115489,164.33,100.42,1.953,161.97667791833766,105.77542158885227,2.080786202782356,VISION,0.0,450.0,0,140.0,164.33,285.67,39.58,100.42,20.0,0.0
1779272353.4613333,164.33,100.42,1.953,160.49279250918173,108.42831789453724,2.145624960075902,VISION,0.0,450.0,0,140.0,164.33,285.67,39.58,100.42,20.0,0.0
1779272353.511407,164.33,100.42,1.953,158.85859556770075,110.95099684456363,2.194827897525295,VISION,0.0,450.0,0,140.0,164.33,285.67,39.58,100.42,20.0,0.0
1779272353.5612755,164.33,100.42,1.953,158.85859556770075,110.95099684456363,2.194827897525295,VISION,0.0,450.0,0,140.0,164.33,285.67,39.58,100.42,20.0,0.0
1779272353.6112564,164.33,100.42,1.953,158.85859556770075,110.95099684456363,2.194827897525295,VISION,0.0,450.0,0,140.0,164.33,285.67,39.58,100.42,20.0,0.0
1779272353.6612365,164.33,100.42,1.953,156.71833183645143,113.92353196422371,2.276277325293879,VISION,0.0,450.0,0,140.0,164.33,285.67,39.58,100.42,20.0,0.0
1779272353.7113256,164.33,100.42,1.953,156.71833183645143,113.92353196422371,2.276277325293879,VISION,0.0,450.0,0,140.0,164.33,285.67,39.58,100.42,20.0,0.0
1779272353.761571,151.71,91.58,2.307,151.71,91.58,2.307,ESTIMA,0.0,450.0,0,140.0,151.71,298.29,48.42,91.58,20.0,0.0
1779272353.811313,151.71,91.58,2.307,151.71,91.58,2.307,VISION,0.0,450.0,0,140.0,151.71,298.29,48.42,91.58,20.0,0.0
1779272353.8612654,151.71,91.58,2.307,149.59199906459958,93.91735697957311,2.380982113554967,VISION,0.0,450.0,0,140.0,151.71,298.29,48.42,91.58,20.0,0.0
1779272353.9112468,151.71,91.58,2.307,149.59199906459958,93.91735697957311,2.380982113554967,VISION,0.0,450.0,0,140.0,151.71,298.29,48.42,91.58,20.0,0.0
1779272353.9612522,151.71,91.58,2.307,147.38707620301852,96.01559291042499,2.4401347329714347,VISION,0.0,450.0,0,140.0,151.71,298.29,48.42,91.58,20.0,0.0
1779272354.0112417,151.71,91.58,2.307,147.38707620301852,96.01559291042499,2.4401347329714347,VISION,0.0,450.0,0,140.0,151.71,298.29,48.42,91.58,20.0,0.0
1779272354.0612774,151.71,91.58,2.307,145.223007983206,97.8437624431725,2.5042649411699123,VISION,0.0,450.0,0,140.0,151.71,298.29,48.42,91.58,20.0,0.0
1779272354.1112487,151.71,91.58,2.307,145.223007983206,97.8437624431725,2.5042649411699123,VISION,0.0,450.0,0,140.0,151.71,298.29,48.42,91.58,20.0,0.0
1779272354.1612337,151.71,91.58,2.307,142.6891082403601,99.71985776371484,2.563172795722753,VISION,0.0,450.0,0,140.0,151.71,298.29,48.42,91.58,20.0,0.0
1779272354.2112253,151.71,91.58,2.307,142.6891082403601,99.71985776371484,2.563172795722753,VISION,0.0,450.0,0,140.0,151.71,298.29,48.42,91.58,20.0,0.0
1779272354.2612386,151.71,91.58,2.307,140.26443726885051,101.30295543702067,2.629090556895936,VISION,0.0,450.0,0,140.0,151.71,298.29,48.42,91.58,20.0,0.0
1779272354.3113375,140.26443726885051,101.30295543702067,2.629090556895936,140.26443726885051,101.30295543702067,2.629090556895936,ESTIMA,0.0,450.0,0,140.0,140.264,309.736,38.697,101.303,20.0,0.0
1779272354.3616052,142.55,78.69,2.653,142.55,78.69,2.653,VISION,0.0,450.0,0,140.0,142.55,307.45,61.31,78.69,20.0,0.0
1779272354.4112573,142.55,78.69,2.653,138.58026233639777,80.800240137383,2.743261576355768,VISION,0.0,450.0,0,140.0,142.55,307.45,61.31,78.69,20.0,0.0
1779272354.4613814,142.55,78.69,2.653,136.905102176452,81.50519335582707,2.7854190329739357,VISION,0.0,450.0,0,140.0,142.55,307.45,61.31,78.69,20.0,0.0
1779272354.5113194,142.55,78.69,2.653,136.905102176452,81.50519335582707,2.7854190329739357,VISION,0.0,450.0,0,140.0,142.55,307.45,61.31,78.69,20.0,0.0
1779272354.5613594,142.55,78.69,2.653,133.79085956185244,82.66381809563214,2.8421060697284353,VISION,0.0,450.0,0,140.0,142.55,307.45,61.31,78.69,20.0,0.0
1779272354.6112564,142.55,78.69,2.653,133.79085956185244,82.66381809563214,2.8421060697284353,VISION,0.0,450.0,0,140.0,142.55,307.45,61.31,78.69,20.0,0.0
1779272354.6612117,142.55,78.69,2.653,133.79085956185244,82.66381809563214,2.8421060697284353,VISION,0.0,450.0,0,140.0,142.55,307.45,61.31,78.69,20.0,0.0
1779272354.7112234,142.55,78.69,2.653,130.30414807129338,83.74042323295551,2.921080584548314,VISION,0.0,450.0,0,140.0,142.55,307.45,61.31,78.69,20.0,0.0
1779272354.7612257,142.55,78.69,2.653,130.30414807129338,83.74042323295551,2.921080584548314,VISION,0.0,450.0,0,140.0,142.55,307.45,61.31,78.69,20.0,0.0
1779272354.8113017,142.55,78.69,2.653,127.5924171380095,84.34827713364672,2.9720974836588914,VISION,0.0,450.0,0,140.0,142.55,307.45,61.31,78.69,20.0,0.0
1779272354.8612995,142.55,78.69,2.653,127.5924171380095,84.34827713364672,2.9720974836588914,VISION,0.0,450.0,0,140.0,142.55,307.45,61.31,78.69,20.0,0.0
1779272354.9113698,124.61003750562338,84.85867311914645,3.0437384190630477,124.61003750562338,84.85867311914645,3.0437384190630477,ESTIMA,0.0,450.0,0,140.0,124.61,325.39,55.141,84.859,20.0,0.0
1779272354.961947,138.44,62.84,3.007,138.44,62.84,3.007,VISION,0.0,450.0,0,140.0,138.44,311.56,77.16,62.84,20.0,0.0
1779272355.0113657,138.44,62.84,3.007,135.05742196216835,63.29803932203922,3.0798442457779323,VISION,0.0,450.0,0,140.0,138.44,311.56,77.16,62.84,20.0,0.0
1779272355.0612338,138.44,62.84,3.007,135.05742196216835,63.29803932203922,3.0798442457779323,VISION,0.0,450.0,0,140.0,138.44,311.56,77.16,62.84,20.0,0.0
1779272355.1112328,138.44,62.84,3.007,131.83996485065248,63.49696506589395,3.147405857575441,VISION,0.0,450.0,0,140.0,138.44,311.56,77.16,62.84,20.0,0.0
1779272355.1612253,138.44,62.84,3.007,131.83996485065248,63.49696506589395,3.147405857575441,VISION,0.0,450.0,0,140.0,138.44,311.56,77.16,62.84,20.0,0.0
1779272355.2112367,138.44,62.84,3.007,131.83996485065248,63.49696506589395,3.147405857575441,VISION,0.0,450.0,0,140.0,138.44,311.56,77.16,62.84,20.0,0.0
1779272355.261227,138.44,62.84,3.007,128.05973356245718,63.4749895627603,3.2269306593380667,VISION,0.0,450.0,0,140.0,138.44,311.56,77.16,62.84,20.0,0.0
1779272355.3112261,138.44,62.84,3.007,126.06786201206705,63.30459337496053,3.259677901004285,VISION,0.0,450.0,0,140.0,138.44,311.56,77.16,62.84,20.0,0.0
1779272355.3612473,138.44,62.84,3.007,126.06786201206705,63.30459337496053,3.259677901004285,VISION,0.0,450.0,0,140.0,138.44,311.56,77.16,62.84,20.0,0.0
1779272355.4112349,138.44,62.84,3.007,122.96944500778105,62.9370058839555,3.3301112045461156,VISION,0.0,450.0,0,140.0,138.44,311.56,77.16,62.84,20.0,0.0
1779272355.4613717,138.44,62.84,3.007,122.96944500778105,62.9370058839555,3.3301112045461156,VISION,0.0,450.0,0,140.0,138.44,311.56,77.16,62.84,20.0,0.0
1779272355.5119479,140.16,46.23,-2.933,140.16,46.23,-2.933,ESTIMA,0.0,450.0,0,140.0,140.16,309.84,93.77,46.23,0.0,0.0
1779272355.5613256,140.16,46.23,-2.933,140.16,46.23,-2.933,VISION,0.0,450.0,0,140.0,140.16,309.84,93.77,46.23,0.0,0.0
1779272355.6113477,140.16,46.23,-2.933,137.0305461253682,45.56758348223248,-2.853240304522589,VISION,0.0,450.0,0,140.0,140.16,309.84,93.77,46.23,0.0,0.0
1779272355.6613016,140.16,46.23,-2.933,137.0305461253682,45.56758348223248,-2.853240304522589,VISION,0.0,450.0,0,140.0,140.16,309.84,93.77,46.23,0.0,0.0
1779272355.7113092,140.16,46.23,-2.933,137.0305461253682,45.56758348223248,-2.853240304522589,VISION,0.0,450.0,0,140.0,140.16,309.84,93.77,46.23,0.0,0.0
1779272355.7614312,140.16,46.23,-2.933,133.74408630848416,44.59275609747636,-2.781161930735198,VISION,0.0,450.0,0,140.0,140.16,309.84,93.77,46.23,0.0,0.0
1779272355.811313,140.16,46.23,-2.933,133.74408630848416,44.59275609747636,-2.781161930735198,VISION,0.0,450.0,0,140.0,140.16,309.84,93.77,46.23,0.0,0.0
1779272355.861321,140.16,46.23,-2.933,132.43717516031901,44.10018824020714,-2.7596892696632995,VISION,0.0,450.0,0,140.0,140.16,309.84,93.77,46.23,0.0,0.0
1779272355.9114153,140.16,46.23,-2.933,131.7284298788155,43.81554094318497,-2.7568702008035766,VISION,0.0,450.0,0,140.0,140.16,309.84,93.77,46.23,0.0,0.0
1779272355.9612372,140.16,46.23,-2.933,131.7284298788155,43.81554094318497,-2.7568702008035766,VISION,0.0,450.0,0,140.0,140.16,309.84,93.77,46.23,0.0,0.0
1779272356.0112822,140.16,46.23,-2.933,131.7284298788155,43.81554094318497,-2.7568702008035766,VISION,0.0,450.0,0,140.0,140.16,309.84,93.77,46.23,0.0,0.0
1779272356.0613992,131.7284298788155,43.81554094318497,-2.7568702008035766,131.7284298788155,43.81554094318497,-2.7568702008035766,ESTIMA,0.0,450.0,0,140.0,131.728,318.272,96.184,43.816,-10.0,0.0
1779272356.1113122,147.55,30.61,-2.593,147.55,30.61,-2.593,VISION,0.0,450.0,0,140.0,147.55,302.45,109.39,30.61,-10.0,0.0
1779272356.1612544,147.55,30.61,-2.593,147.55,30.610000000000003,-2.593,VISION,0.0,450.0,0,140.0,147.55,302.45,109.39,30.61,-10.0,0.0
1779272356.2112834,147.55,30.61,-2.593,147.55,30.610000000000003,-2.593,VISION,0.0,450.0,0,140.0,147.55,302.45,109.39,30.61,-10.0,0.0
1779272356.2612731,147.55,30.61,-2.593,142.73673518379303,27.668274457420203,-2.541128420731117,VISION,0.0,450.0,0,140.0,147.55,302.45,109.39,30.61,-10.0,0.0
1779272356.3114338,147.55,30.61,-2.593,140.00519379115588,25.797664272280763,-2.449799738982628,VISION,0.0,450.0,0,140.0,147.55,302.45,109.39,30.61,-10.0,0.0
1779272356.3613176,147.55,30.61,-2.593,140.00519379115588,25.797664272280763,-2.449799738982628,VISION,0.0,450.0,0,140.0,147.55,302.45,109.39,30.61,-10.0,0.0
1779272356.411319,147.55,30.61,-2.593,140.00519379115588,25.797664272280763,-2.449799738982628,VISION,0.0,450.0,0,140.0,147.55,302.45,109.39,30.61,-10.0,0.0
1779272356.461368,147.55,30.61,-2.593,138.90035994661105,24.88246986827153,-2.5479050300278456,VISION,0.0,450.0,0,140.0,147.55,302.45,109.39,30.61,-10.0,0.0
1779272356.5112991,147.55,30.61,-2.593,138.90035994661105,24.88246986827153,-2.5479050300278456,VISION,0.0,450.0,0,140.0,147.55,302.45,109.39,30.61,-10.0,0.0
1779272356.5613177,147.55,30.61,-2.593,135.90049906044257,22.857834680874582,-2.250101641701551,VISION,0.0,450.0,0,140.0,147.55,302.45,109.39,30.61,-10.0,0.0
1779272356.6113575,135.90049906044257,22.857834680874582,-2.250101641701551,135.90049906044257,22.857834680874582,-2.250101641701551,ESTIMA,0.0,450.0,0,140.0,135.9,314.1,117.142,22.858,0.0,0.0
1779272356.6615932,134.88809275525966,21.60410101546352,-2.205277994226303,134.88809275525966,21.60410101546352,-2.205277994226303,ESTIMA,0.0,450.0,0,140.0,134.888,315.112,118.396,21.604,0.0,0.0
1779272356.7115052,152.12,25.12,-2.445,152.12,25.12,-2.445,VISION,0.0,450.0,0,140.0,152.12,297.88,114.88,25.12,0.0,0.0
1779272356.7613013,152.12,25.12,-2.445,148.82925583243872,22.36735720142362,-2.326099323440521,VISION,0.0,450.0,0,140.0,152.12,297.88,114.88,25.12,0.0,0.0
1779272356.811286,152.12,25.12,-2.445,148.82925583243872,22.36735720142362,-2.326099323440521,VISION,0.0,450.0,0,140.0,152.12,297.88,114.88,25.12,0.0,0.0
1779272356.861375,152.12,25.12,-2.445,148.82925583243872,22.367357201423623,-2.326099323440521,VISION,0.0,450.0,0,140.0,152.12,297.88,114.88,25.12,0.0,0.0
1779272356.9113076,152.12,25.12,-2.445,148.82925583243872,22.367357201423623,-2.326099323440521,VISION,0.0,450.0,0,140.0,152.12,297.88,114.88,25.12,0.0,0.0
1779272356.9613273,152.12,25.12,-2.445,148.82925583243872,22.367357201423626,-2.326099323440521,VISION,0.0,450.0,0,140.0,152.12,297.88,114.88,25.12,0.0,0.0
1779272357.011304,152.12,25.12,-2.445,148.82925583243872,22.367357201423626,-2.326099323440521,VISION,0.0,450.0,0,140.0,152.12,297.88,114.88,25.12,0.0,0.0
1779272357.061362,152.12,25.12,-2.445,148.82925583243872,22.36735720142363,-2.326099323440521,VISION,0.0,450.0,0,140.0,152.12,297.88,114.88,25.12,0.0,0.0
1779272357.11134,152.12,25.12,-2.445,148.82925583243872,22.36735720142363,-2.326099323440521,VISION,0.0,450.0,0,140.0,152.12,297.88,114.88,25.12,0.0,0.0
1779272357.3115299,148.82925583243872,22.367357201423637,-2.326099323440521,148.82925583243872,22.367357201423637,-2.326099323440521,ESTIMA,0.0,450.0,0,140.0,148.829,301.171,117.633,22.367,20.0,0.0
1779272357.3613896,148.82925583243872,22.367357201423637,-2.326099323440521,148.82925583243872,22.367357201423637,-2.326099323440521,ESTIMA,0.0,450.0,0,140.0,148.829,301.171,117.633,22.367,20.0,0.0
1779272357.4113827,148.82925583243872,22.367357201423637,-2.326099323440521,148.82925583243872,22.367357201423637,-2.326099323440521,ESTIMA,0.0,450.0,0,140.0,148.829,301.171,117.633,22.367,20.0,0.0
1779272357.4613714,148.82925583243872,22.367357201423637,-2.326099323440521,148.82925583243872,22.367357201423637,-2.326099323440521,ESTIMA,0.0,450.0,0,140.0,148.829,301.171,117.633,22.367,20.0,0.0
1779272357.5113692,148.1628434865194,21.65957577441612,-2.277713454467342,148.1628434865194,21.65957577441612,-2.277713454467342,ESTIMA,0.0,450.0,0,140.0,148.163,301.837,118.34,21.66,20.0,0.0
1779272357.5613565,147.7464914718995,21.172148218527855,-2.230280713526506,147.7464914718995,21.172148218527855,-2.230280713526506,ESTIMA,0.0,450.0,0,140.0,147.746,302.254,118.828,21.172,20.0,0.0
1779272357.611418,147.7464914718995,21.172148218527855,-2.230280713526506,147.7464914718995,21.172148218527855,-2.230280713526506,ESTIMA,0.0,450.0,0,140.0,147.746,302.254,118.828,21.172,20.0,0.0
1779272357.6613207,146.66217832248853,19.77353807822511,-2.1505244302419766,146.66217832248853,19.77353807822511,-2.1505244302419766,ESTIMA,0.0,450.0,0,140.0,146.662,303.338,120.226,19.774,20.0,0.0
1779272357.7113657,146.66217832248853,19.77353807822511,-2.1505244302419766,146.66217832248853,19.77353807822511,-2.1505244302419766,ESTIMA,0.0,450.0,0,140.0,146.662,303.338,120.226,19.774,20.0,0.0
1779272357.7614946,145.4632872869069,17.942554849411508,-2.0869446177950204,145.4632872869069,17.942554849411508,-2.0869446177950204,ESTIMA,0.0,450.0,0,140.0,145.463,304.537,122.057,17.943,20.0,0.0
1779272357.8113976,145.4632872869069,17.942554849411508,-2.0869446177950204,145.4632872869069,17.942554849411508,-2.0869446177950204,ESTIMA,0.0,450.0,0,140.0,145.463,304.537,122.057,17.943,20.0,0.0
1779272357.8613856,145.4632872869069,17.942554849411508,-2.0869446177950204,145.4632872869069,17.942554849411508,-2.0869446177950204,ESTIMA,0.0,450.0,0,140.0,145.463,304.537,122.057,17.943,20.0,0.0
1779272357.911476,143.86288410484707,15.122255668969792,-2.021092778717348,143.86288410484707,15.122255668969792,-2.021092778717348,ESTIMA,0.0,450.0,0,140.0,143.863,306.137,124.878,15.122,20.0,0.0
1779272357.9613822,143.86288410484707,15.122255668969792,-2.021092778717348,143.86288410484707,15.122255668969792,-2.021092778717348,ESTIMA,0.0,450.0,0,140.0,143.863,306.137,124.878,15.122,20.0,0.0
1779272358.0113423,143.86288410484707,15.122255668969792,-2.021092778717348,143.86288410484707,15.122255668969792,-2.021092778717348,ESTIMA,0.0,450.0,0,140.0,143.863,306.137,124.878,15.122,20.0,0.0
1779272358.061416,142.14921987731017,11.577384567612842,-1.9503352398265645,142.14921987731017,11.577384567612842,-1.9503352398265645,ESTIMA,0.0,450.0,0,140.0,142.149,307.851,128.423,11.577,20.0,0.0
1779272358.1112525,141.50725175064215,9.967950494290523,-1.9241723189967326,141.50725175064215,9.967950494290523,-1.9241723189967326,ESTIMA,0.0,450.0,0,140.0,141.507,308.493,130.032,9.968,20.0,0.0
1779272358.1612759,141.50725175064215,9.967950494290523,-1.9241723189967326,141.50725175064215,9.967950494290523,-1.9241723189967326,ESTIMA,0.0,450.0,0,140.0,141.507,308.493,130.032,9.968,20.0,0.0
1779272358.2113361,140.86707376832356,8.232387907815877,-1.8970528678198704,140.86707376832356,8.232387907815877,-1.8970528678198704,ESTIMA,0.0,450.0,0,140.0,140.867,309.133,131.768,8.232,20.0,0.0
1779272358.2612662,140.86707376832356,8.232387907815877,-1.8970528678198704,140.86707376832356,8.232387907815877,-1.8970528678198704,ESTIMA,0.0,450.0,0,140.0,140.867,309.133,131.768,8.232,20.0,0.0
1779272358.3113165,140.03039941332165,5.7595626901158035,-1.8612587125712994,140.03039941332165,5.7595626901158035,-1.8612587125712994,ESTIMA,0.0,450.0,0,140.0,140.03,309.97,134.24,5.76,20.0,0.0
1779272358.3612738,140.03039941332165,5.7595626901158035,-1.8612587125712994,140.03039941332165,5.7595626901158035,-1.8612587125712994,ESTIMA,0.0,450.0,0,140.0,140.03,309.97,134.24,5.76,20.0,0.0
1779272358.411387,139.25632689155847,3.1699674833480462,-1.818995874986174,139.25632689155847,3.1699674833480462,-1.818995874986174,ESTIMA,0.0,450.0,0,140.0,139.256,310.744,136.83,3.17,20.0,0.0
1779272358.4615655,158.5,21.29,-2.133,158.5,21.29,-2.133,VISION,0.0,450.0,0,140.0,158.5,291.5,118.71,21.29,20.0,0.0
1779272358.511325,158.5,21.29,-2.133,158.5,21.29,-2.133,VISION,0.0,450.0,0,140.0,158.5,291.5,118.71,21.29,20.0,0.0
1779272358.5612545,158.5,21.29,-2.133,156.38781504801983,17.937451320266604,-2.067365358439815,VISION,0.0,450.0,0,140.0,158.5,291.5,118.71,21.29,20.0,0.0
1779272358.611382,158.5,21.29,-2.133,155.80302607828648,16.858217905797254,-2.0469141064765255,VISION,0.0,450.0,0,140.0,158.5,291.5,118.71,21.29,20.0,0.0
1779272358.6612887,158.5,21.29,-2.133,155.80302607828648,16.858217905797254,-2.0469141064765255,VISION,0.0,450.0,0,140.0,158.5,291.5,118.71,21.29,20.0,0.0
1779272358.711326,158.5,21.29,-2.133,155.80302607828648,16.858217905797254,-2.0469141064765255,VISION,0.0,450.0,0,140.0,158.5,291.5,118.71,21.29,20.0,0.0
1779272358.7612877,158.5,21.29,-2.133,153.96869121306122,13.301143088970582,-1.975784205936216,VISION,0.0,450.0,0,140.0,158.5,291.5,118.71,21.29,20.0,0.0
1779272358.8113096,158.5,21.29,-2.133,153.26658640752507,11.663333234239817,-1.9489393088422946,VISION,0.0,450.0,0,140.0,158.5,291.5,118.71,21.29,20.0,0.0
1779272358.8612769,158.5,21.29,-2.133,153.26658640752507,11.663333234239817,-1.9489393088422946,VISION,0.0,450.0,0,140.0,158.5,291.5,118.71,21.29,20.0,0.0
1779272358.9113002,158.5,21.29,-2.133,152.24108020525998,9.081891603341301,-1.9116589974318805,VISION,0.0,450.0,0,140.0,158.5,291.5,118.71,21.29,20.0,0.0
1779272358.9613793,158.5,21.29,-2.133,152.24108020525998,9.081891603341301,-1.9116589974318805,VISION,0.0,450.0,0,140.0,158.5,291.5,118.71,21.29,20.0,0.0
1779272359.011759,151.2699324473072,6.344010500546241,-1.8803761508638037,171.9,16.05,-1.901,ESTIMA,0.0,450.0,0,140.0,151.27,298.73,133.656,6.344,20.0,0.0
1779272359.0613863,171.9,16.05,-1.901,171.9,16.05,-1.901,VISION,0.0,450.0,0,140.0,171.9,278.1,123.95,16.05,20.0,0.0
1779272359.1113045,171.9,16.05,-1.901,170.9766529867192,13.35608196298099,-1.8669812081517323,VISION,0.0,450.0,0,140.0,171.9,278.1,123.95,16.05,20.0,0.0
1779272359.1612718,171.9,16.05,-1.901,170.9766529867192,13.35608196298099,-1.8669812081517323,VISION,0.0,450.0,0,140.0,171.9,278.1,123.95,16.05,20.0,0.0
1779272359.2113972,171.9,16.05,-1.901,170.17064073847158,10.71481286916783,-1.8272803615629625,VISION,0.0,450.0,0,140.0,171.9,278.1,123.95,16.05,20.0,0.0
1779272359.2612696,171.9,16.05,-1.901,170.17064073847158,10.71481286916783,-1.8272803615629625,VISION,0.0,450.0,0,140.0,171.9,278.1,123.95,16.05,20.0,0.0
1779272359.3112922,171.9,16.05,-1.901,170.17064073847158,10.71481286916783,-1.8272803615629625,VISION,0.0,450.0,0,140.0,171.9,278.1,123.95,16.05,20.0,0.0
1779272359.3612845,171.9,16.05,-1.901,169.30685200640465,7.421181108309865,-1.769777538193351,VISION,0.0,450.0,0,140.0,171.9,278.1,123.95,16.05,20.0,0.0
1779272359.4112575,171.9,16.05,-1.901,169.30685200640465,7.421181108309865,-1.769777538193351,VISION,0.0,450.0,0,140.0,171.9,278.1,123.95,16.05,20.0,0.0
1779272359.4613154,171.9,16.05,-1.901,168.78281027563588,4.822407169613676,-1.7225817690104137,VISION,0.0,450.0,0,140.0,171.9,278.1,123.95,16.05,20.0,0.0
1779272359.511307,171.9,16.05,-1.901,168.78281027563588,4.822407169613676,-1.7225817690104137,VISION,0.0,450.0,0,140.0,171.9,278.1,123.95,16.05,20.0,0.0
1779272359.5612943,168.37974194465602,2.187318098616009,-1.6745179904612268,168.37974194465602,2.187318098616009,-1.6745179904612268,ESTIMA,0.0,450.0,0,140.0,168.38,281.62,137.813,2.187,20.0,0.0
1779272359.6118155,186.85,13.81,-1.683,186.85,13.81,-1.683,ESTIMA,0.0,450.0,0,140.0,186.85,263.15,126.19,13.81,20.0,0.0
1779272359.661282,186.85,13.81,-1.683,186.434803860649,10.125162685496774,-1.6275950724166468,VISION,0.0,450.0,0,140.0,186.85,263.15,126.19,13.81,20.0,0.0
1779272359.71129,186.85,13.81,-1.683,186.434803860649,10.125162685496774,-1.6275950724166468,VISION,0.0,450.0,0,140.0,186.85,263.15,126.19,13.81,20.0,0.0
1779272359.7613142,186.85,13.81,-1.683,186.434803860649,10.125162685496774,-1.6275950724166468,VISION,0.0,450.0,0,140.0,186.85,263.15,126.19,13.81,20.0,0.0
1779272359.8112442,186.85,13.81,-1.683,186.22310187380126,6.401941715190807,-1.5787086133434391,VISION,0.0,450.0,0,140.0,186.85,263.15,126.19,13.81,20.0,0.0
1779272359.861255,186.85,13.81,-1.683,186.2087269454116,4.585194012377299,-1.552617147326194,VISION,0.0,450.0,0,140.0,186.85,263.15,126.19,13.81,20.0,0.0
1779272359.9113064,186.85,13.81,-1.683,186.2087269454116,4.585194012377299,-1.552617147326194,VISION,0.0,450.0,0,140.0,186.85,263.15,126.19,13.81,20.0,0.0
1779272359.9612725,186.85,13.81,-1.683,186.25127970982146,2.2447101236016636,-1.5148330985046021,VISION,0.0,450.0,0,140.0,186.85,263.15,126.19,13.81,20.0,0.0
1779272360.0112658,186.85,13.81,-1.683,186.25127970982146,2.2447101236016636,-1.5148330985046021,VISION,0.0,450.0,0,140.0,186.85,263.15,126.19,13.81,20.0,0.0
1779272360.0613487,186.85,13.81,-1.683,186.45064203347758,-1.3139508004860092,-1.454116389147169,VISION,0.0,450.0,0,140.0,186.85,263.15,126.19,13.81,20.0,0.0
1779272360.1112883,186.85,13.81,-1.683,186.45064203347758,-1.3139508004860092,-1.454116389147169,VISION,0.0,450.0,0,140.0,186.85,263.15,126.19,13.81,20.0,0.0
1779272360.1618228,186.45064203347758,-1.3139508004860092,-1.454116389147169,186.45064203347758,-1.3139508004860092,-1.454116389147169,ESTIMA,0.0,450.0,0,140.0,186.451,263.549,141.314,-1.314,20.0,0.0
1779272360.2114353,202.2,15.26,-1.415,202.2,15.26,-1.415,VISION,0.0,450.0,0,140.0,202.2,247.8,124.74,15.26,20.0,0.0
1779272360.2612922,202.2,15.26,-1.415,202.2,15.26,-1.415,VISION,0.0,450.0,0,140.0,202.2,247.8,124.74,15.26,20.0,0.0
1779272360.3112867,202.2,15.26,-1.415,202.6170172707305,12.605009408970083,-1.3669793775061327,VISION,0.0,450.0,0,140.0,202.2,247.8,124.74,15.26,20.0,0.0
1779272360.3612752,202.2,15.26,-1.415,203.11260555492396,10.207236619609889,-1.3258166040607984,VISION,0.0,450.0,0,140.0,202.2,247.8,124.74,15.26,20.0,0.0
1779272360.4112868,202.2,15.26,-1.415,203.11260555492396,10.207236619609889,-1.3258166040607984,VISION,0.0,450.0,0,140.0,202.2,247.8,124.74,15.26,20.0,0.0
1779272360.461294,202.2,15.26,-1.415,203.11260555492396,10.207236619609889,-1.3258166040607984,VISION,0.0,450.0,0,140.0,202.2,247.8,124.74,15.26,20.0,0.0
1779272360.5113232,202.2,15.26,-1.415,204.1069931969592,6.22970396361875,-1.2610641499243966,VISION,0.0,450.0,0,140.0,202.2,247.8,124.74,15.26,20.0,0.0
1779272360.56129,202.2,15.26,-1.415,204.1069931969592,6.22970396361875,-1.2610641499243966,VISION,0.0,450.0,0,140.0,202.2,247.8,124.74,15.26,20.0,0.0
1779272360.611377,202.2,15.26,-1.415,204.83601084452368,3.951753218998504,-1.222526710589331,VISION,0.0,450.0,0,140.0,202.2,247.8,124.74,15.26,20.0,0.0
1779272360.6614776,202.2,15.26,-1.415,205.56055846676955,1.9561323860101214,-1.1850853556219438,VISION,0.0,450.0,0,140.0,202.2,247.8,124.74,15.26,20.0,0.0
1779272360.7112901,202.2,15.26,-1.415,205.56055846676955,1.9561323860101214,-1.1850853556219438,VISION,0.0,450.0,0,140.0,202.2,247.8,124.74,15.26,20.0,0.0
1779272360.7617252,205.56055846676955,1.9561323860101214,-1.1850853556219438,206.77038931102368,-1.0233797612321278,-1.1282832013270785,ESTIMA,0.0,450.0,0,140.0,205.561,244.439,138.044,1.956,20.0,0.0
1779272360.8117502,216.48,21.13,-1.13,216.48,21.13,-1.13,VISION,0.0,450.0,0,140.0,216.48,233.52,118.87,21.13,20.0,0.0
1779272360.8612585,216.48,21.13,-1.13,216.48,21.13,-1.13,VISION,0.0,450.0,0,140.0,216.48,233.52,118.87,21.13,20.0,0.0
1779272360.9112713,216.48,21.13,-1.13,218.01592005337992,17.87423324538791,-1.057513399466978,VISION,0.0,450.0,0,140.0,216.48,233.52,118.87,21.13,20.0,0.0
1779272360.9612901,216.48,21.13,-1.13,218.01592005337992,17.87423324538791,-1.057513399466978,VISION,0.0,450.0,0,140.0,216.48,233.52,118.87,21.13,20.0,0.0
1779272361.0112622,216.48,21.13,-1.13,219.27277437985498,15.644490205205255,-1.0118384919820853,VISION,0.0,450.0,0,140.0,216.48,233.52,118.87,21.13,20.0,0.0
1779272361.0613782,216.48,21.13,-1.13,220.55472719045204,13.595000964233138,-0.9691882916580307,VISION,0.0,450.0,0,140.0,216.48,233.52,118.87,21.13,20.0,0.0
1779272361.111252,216.48,21.13,-1.13,220.55472719045204,13.595000964233138,-0.9691882916580307,VISION,0.0,450.0,0,140.0,216.48,233.52,118.87,21.13,20.0,0.0
1779272361.1613486,216.48,21.13,-1.13,220.55472719045204,13.595000964233138,-0.9691882916580307,VISION,0.0,450.0,0,140.0,216.48,233.52,118.87,21.13,20.0,0.0
1779272361.2112715,216.48,21.13,-1.13,222.6117850643688,10.598558650418827,-0.9025402131078277,VISION,0.0,450.0,0,140.0,216.48,233.52,118.87,21.13,20.0,0.0
1779272361.2612402,216.48,21.13,-1.13,222.6117850643688,10.598558650418827,-0.9025402131078277,VISION,0.0,450.0,0,140.0,216.48,233.52,118.87,21.13,20.0,0.0
1779272361.3113103,216.48,21.13,-1.13,224.274422472165,8.492407041636058,-0.8533395603691082,VISION,0.0,450.0,0,140.0,216.48,233.52,118.87,21.13,20.0,0.0
1779272361.361902,228.43,30.99,-0.856,228.43,30.99,-0.856,ESTIMA,0.0,450.0,0,140.0,228.43,221.57,109.01,30.99,20.0,0.0
1779272361.4113595,228.43,30.99,-0.856,230.6595830927942,28.421068969590113,-0.788415273837162,VISION,0.0,450.0,0,140.0,228.43,221.57,109.01,30.99,20.0,0.0
1779272361.461301,228.43,30.99,-0.856,230.6595830927942,28.421068969590113,-0.788415273837162,VISION,0.0,450.0,0,140.0,228.43,221.57,109.01,30.99,20.0,0.0
1779272361.5113726,228.43,30.99,-0.856,232.58593151385693,26.483061324118452,-0.7369117561826165,VISION,0.0,450.0,0,140.0,228.43,221.57,109.01,30.99,20.0,0.0
1779272361.5613317,228.43,30.99,-0.856,232.58593151385693,26.483061324118452,-0.7369117561826165,VISION,0.0,450.0,0,140.0,228.43,221.57,109.01,30.99,20.0,0.0
1779272361.611384,228.43,30.99,-0.856,234.67785752918078,24.584758905269478,-0.6834082649124519,VISION,0.0,450.0,0,140.0,228.43,221.57,109.01,30.99,20.0,0.0
1779272361.6613498,228.43,30.99,-0.856,234.67785752918078,24.584758905269478,-0.6834082649124519,VISION,0.0,450.0,0,140.0,228.43,221.57,109.01,30.99,20.0,0.0
1779272361.7113812,228.43,30.99,-0.856,237.44602965819007,22.330597533545838,-0.6196286034485803,VISION,0.0,450.0,0,140.0,228.43,221.57,109.01,30.99,20.0,0.0
1779272361.761315,228.43,30.99,-0.856,237.44602965819007,22.330597533545838,-0.6196286034485803,VISION,0.0,450.0,0,140.0,228.43,221.57,109.01,30.99,20.0,0.0
1779272361.811375,228.43,30.99,-0.856,239.71098942900838,20.714891945325288,-0.5641229143034936,VISION,0.0,450.0,0,140.0,228.43,221.57,109.01,30.99,20.0,0.0
1779272361.8613465,228.43,30.99,-0.856,239.71098942900838,20.714891945325288,-0.5641229143034936,VISION,0.0,450.0,0,140.0,228.43,221.57,109.01,30.99,20.0,0.0
1779272361.9115412,239.71098942900838,20.714891945325288,-0.5641229143034936,239.71098942900838,20.714891945325288,-0.5641229143034936,ESTIMA,0.0,450.0,0,140.0,239.711,210.289,119.285,20.715,20.0,0.0
1779272361.9615579,236.89,44.45,-0.521,236.89,44.45,-0.521,VISION,0.0,450.0,0,140.0,236.89,213.11,95.55,44.45,20.0,0.0
1779272362.0114508,236.89,44.45,-0.521,239.01283107540195,43.23172758585403,-0.46877836039110055,VISION,0.0,450.0,0,140.0,236.89,213.11,95.55,44.45,20.0,0.0
1779272362.0614364,236.89,44.45,-0.521,239.01283107540195,43.23172758585403,-0.46877836039110055,VISION,0.0,450.0,0,140.0,236.89,213.11,95.55,44.45,20.0,0.0
1779272362.1114476,236.89,44.45,-0.521,241.46115428280626,41.99182328595597,-0.4089964687590302,VISION,0.0,450.0,0,140.0,236.89,213.11,95.55,44.45,20.0,0.0
1779272362.1614397,236.89,44.45,-0.521,241.46115428280626,41.99182328595597,-0.4089964687590302,VISION,0.0,450.0,0,140.0,236.89,213.11,95.55,44.45,20.0,0.0
1779272362.2115135,236.89,44.45,-0.521,241.46115428280626,41.99182328595597,-0.4089964687590302,VISION,0.0,450.0,0,140.0,236.89,213.11,95.55,44.45,20.0,0.0
1779272362.2615125,236.89,44.45,-0.521,245.83109903986647,40.0977204532356,-0.3190047822550569,VISION,0.0,450.0,0,140.0,236.89,213.11,95.55,44.45,20.0,0.0
1779272362.311497,236.89,44.45,-0.521,247.05799559456412,39.692494608726655,-0.2922273443045067,VISION,0.0,450.0,0,140.0,236.89,213.11,95.55,44.45,20.0,0.0
1779272362.3614633,236.89,44.45,-0.521,247.05799559456412,39.692494608726655,-0.2922273443045067,VISION,0.0,450.0,0,140.0,236.89,213.11,95.55,44.45,20.0,0.0
1779272362.4114594,236.89,44.45,-0.521,250.3554952021989,38.70047451786423,-0.22548916151883613,VISION,0.0,450.0,0,140.0,236.89,213.11,95.55,44.45,20.0,0.0
1779272362.4614007,236.89,44.45,-0.521,250.3554952021989,38.70047451786423,-0.22548916151883613,VISION,0.0,450.0,0,140.0,236.89,213.11,95.55,44.45,20.0,0.0
1779272362.5115495,250.3554952021989,38.70047451786423,-0.22548916151883613,253.26612580292488,38.032804342614455,-0.15462135777768726,ESTIMA,0.0,450.0,0,140.0,250.355,199.645,101.3,38.7,20.0,0.0
1779272362.5614283,240.31,60.06,-0.176,240.31,60.06,-0.176,VISION,0.0,450.0,0,140.0,240.31,209.69,79.94,60.06,20.0,0.0
1779272362.6115658,240.31,60.06,-0.176,243.2247495324971,59.541640764968854,-0.11253196683703501,VISION,0.0,450.0,0,140.0,240.31,209.69,79.94,60.06,20.0,0.0
1779272362.6613827,240.31,60.06,-0.176,243.2247495324971,59.541640764968854,-0.11253196683703501,VISION,0.0,450.0,0,140.0,240.31,209.69,79.94,60.06,20.0,0.0
1779272362.7114525,240.31,60.06,-0.176,243.2247495324971,59.541640764968854,-0.11253196683703501,VISION,0.0,450.0,0,140.0,240.31,209.69,79.94,60.06,20.0,0.0
1779272362.761526,240.31,60.06,-0.176,246.26138896791042,59.198471966088924,-0.04425590040209931,VISION,0.0,450.0,0,140.0,240.31,209.69,79.94,60.06,20.0,0.0
1779272362.8114257,240.31,60.06,-0.176,246.26138896791042,59.198471966088924,-0.04425590040209931,VISION,0.0,450.0,0,140.0,240.31,209.69,79.94,60.06,20.0,0.0
1779272362.8614078,240.31,60.06,-0.176,250.1114997147546,59.02797051995992,0.03707841236309466,VISION,0.0,450.0,0,140.0,240.31,209.69,79.94,60.06,20.0,0.0
1779272362.9114048,240.31,60.06,-0.176,250.1114997147546,59.02797051995992,0.03707841236309466,VISION,0.0,450.0,0,140.0,240.31,209.69,79.94,60.06,20.0,0.0
1779272362.9614377,240.31,60.06,-0.176,253.43253910061642,59.15116584962698,0.09951716217249111,VISION,0.0,450.0,0,140.0,240.31,209.69,79.94,60.06,20.0,0.0
1779272363.0113957,240.31,60.06,-0.176,253.43253910061642,59.15116584962698,0.09951716217249111,VISION,0.0,450.0,0,140.0,240.31,209.69,79.94,60.06,20.0,0.0
1779272363.0614011,256.08474142830056,59.41598028773413,0.1583865564742201,256.08474142830056,59.41598028773413,0.1583865564742201,ESTIMA,0.0,450.0,0,140.0,256.085,193.915,80.584,59.416,20.0,0.0
1779272363.1115968,256.08474142830056,59.41598028773413,0.1583865564742201,256.08474142830056,59.41598028773413,0.1583865564742201,ESTIMA,0.0,450.0,0,140.0,256.085,193.915,80.584,59.416,20.0,0.0
1779272363.1614716,237.86,76.07,0.185,241.35880302701116,76.72476544170942,0.2597551776693974,VISION,0.0,450.0,0,140.0,237.86,212.14,63.93,76.07,20.0,0.0
1779272363.21136,237.86,76.07,0.185,241.35880302701116,76.72476544170942,0.2597551776693974,VISION,0.0,450.0,0,140.0,237.86,212.14,63.93,76.07,20.0,0.0
1779272363.261422,237.86,76.07,0.185,243.76772847827115,77.36496005079805,0.316128233249512,VISION,0.0,450.0,0,140.0,237.86,212.14,63.93,76.07,20.0,0.0
1779272363.3113978,237.86,76.07,0.185,243.76772847827115,77.36496005079805,0.316128233249512,VISION,0.0,450.0,0,140.0,237.86,212.14,63.93,76.07,20.0,0.0
1779272363.361399,237.86,76.07,0.185,246.24755585871776,78.17610645357155,0.36744456215263605,VISION,0.0,450.0,0,140.0,237.86,212.14,63.93,76.07,20.0,0.0
1779272363.411398,237.86,76.07,0.185,246.24755585871776,78.17610645357155,0.36744456215263605,VISION,0.0,450.0,0,140.0,237.86,212.14,63.93,76.07,20.0,0.0
1779272363.461403,237.86,76.07,0.185,249.16137854863263,79.29771313127368,0.4294333704347564,VISION,0.0,450.0,0,140.0,237.86,212.14,63.93,76.07,20.0,0.0
1779272363.5114224,237.86,76.07,0.185,249.16137854863263,79.29771313127368,0.4294333704347564,VISION,0.0,450.0,0,140.0,237.86,212.14,63.93,76.07,20.0,0.0
1779272363.5613973,237.86,76.07,0.185,251.7715685284701,80.49301150024064,0.4847991457450771,VISION,0.0,450.0,0,140.0,237.86,212.14,63.93,76.07,20.0,0.0
1779272363.6114743,237.86,76.07,0.185,251.7715685284701,80.49301150024064,0.4847991457450771,VISION,0.0,450.0,0,140.0,237.86,212.14,63.93,76.07,20.0,0.0
1779272363.6614733,251.7715685284701,80.49301150024064,0.4847991457450771,255.07410042110632,82.23254109639775,0.5578956845322947,ESTIMA,0.0,450.0,0,140.0,251.772,198.228,59.507,80.493,20.0,0.0
1779272363.7116404,230.13,90.47,0.555,230.13,90.47,0.555,ESTIMA,0.0,450.0,0,140.0,230.13,219.87,49.53,90.47,0.0,0.0
1779272363.7615364,230.13,90.47,0.555,232.58895699574182,91.99456788230728,0.6148880249274333,VISION,0.0,450.0,0,140.0,230.13,219.87,49.53,90.47,0.0,0.0
1779272363.811413,230.13,90.47,0.555,232.58895699574182,91.99456788230728,0.6148880249274333,VISION,0.0,450.0,0,140.0,230.13,219.87,49.53,90.47,0.0,0.0
1779272363.8613865,230.13,90.47,0.555,232.58895699574182,91.99456788230728,0.6148880249274333,VISION,0.0,450.0,0,140.0,230.13,219.87,49.53,90.47,0.0,0.0
1779272363.9114168,230.13,90.47,0.555,232.58895699574182,91.99456788230728,0.6148880249274333,VISION,0.0,450.0,0,140.0,230.13,219.87,49.53,90.47,0.0,0.0
1779272363.9614136,230.13,90.47,0.555,232.58895699574182,91.99456788230728,0.6148880249274333,VISION,0.0,450.0,0,140.0,230.13,219.87,49.53,90.47,0.0,0.0
1779272364.011372,230.13,90.47,0.555,235.0668886911007,93.74453187904179,0.6668738833548649,VISION,0.0,450.0,0,140.0,230.13,219.87,49.53,90.47,0.0,0.0
1779272364.06163,230.13,90.47,0.555,235.48315820777526,94.07221027330598,0.6665468946806868,VISION,0.0,450.0,0,140.0,230.13,219.87,49.53,90.47,0.0,0.0
1779272364.1113849,230.13,90.47,0.555,235.48315820777526,94.07221027330598,0.6665468946806868,VISION,0.0,450.0,0,140.0,230.13,219.87,49.53,90.47,0.0,0.0
1779272364.1613624,230.13,90.47,0.555,235.48315820777526,94.07221027330598,0.6665468946806868,VISION,0.0,450.0,0,140.0,230.13,219.87,49.53,90.47,0.0,0.0
1779272364.211427,230.13,90.47,0.555,235.48315820777526,94.07221027330598,0.6665468946806865,VISION,0.0,450.0,0,140.0,230.13,219.87,49.53,90.47,0.0,0.0
1779272364.2615156,235.48315820777526,94.07221027330598,0.6665468946806865,235.48315820777526,94.07221027330598,0.6665468946806865,ESTIMA,0.0,450.0,0,140.0,235.483,214.517,45.928,94.072,-10.0,0.0
1779272364.311462,218.29,101.11,0.927,218.29,101.11,0.927,VISION,0.0,450.0,0,140.0,218.29,231.71,38.89,101.11,-10.0,0.0
1779272364.36137,218.29,101.11,0.927,218.29,101.11,0.927,VISION,0.0,450.0,0,140.0,218.29,231.71,38.89,101.11,-10.0,0.0
1779272364.411365,218.29,101.11,0.927,218.29,101.11,0.9269999999999998,VISION,0.0,450.0,0,140.0,218.29,231.71,38.89,101.11,-10.0,0.0
1779272364.461446,218.29,101.11,0.927,218.29,101.11,0.9269999999999998,VISION,0.0,450.0,0,140.0,218.29,231.71,38.89,101.11,-10.0,0.0
1779272364.5114064,218.29,101.11,0.927,221.5324460914013,105.43060353341457,0.9766731100411249,VISION,0.0,450.0,0,140.0,218.29,231.71,38.89,101.11,-10.0,0.0
1779272364.5613554,218.29,101.11,0.927,221.5324460914013,105.43060353341457,0.9766731100411249,VISION,0.0,450.0,0,140.0,218.29,231.71,38.89,101.11,-10.0,0.0
1779272364.6114786,218.29,101.11,0.927,223.90619828942692,108.94444215650185,1.201632828811119,VISION,0.0,450.0,0,140.0,218.29,231.71,38.89,101.11,-10.0,0.0
1779272364.6614904,218.29,101.11,0.927,223.90619828942692,108.94444215650185,1.201632828811119,VISION,0.0,450.0,0,140.0,218.29,231.71,38.89,101.11,-10.0,0.0
1779272364.7114122,218.29,101.11,0.927,223.90619828942692,108.94444215650185,1.201632828811119,VISION,0.0,450.0,0,140.0,218.29,231.71,38.89,101.11,-10.0,0.0
1779272364.7614274,218.29,101.11,0.927,224.57125333992968,110.66336980737633,1.0745226172085462,VISION,0.0,450.0,0,140.0,218.29,231.71,38.89,101.11,-10.0,0.0
1779272364.811507,218.29,101.11,0.927,224.57125333992968,110.66336980737633,1.0745226172085462,VISION,0.0,450.0,0,140.0,218.29,231.71,38.89,101.11,0.0,0.0
1779272364.861684,226.2872889207192,113.83256328785731,1.2104633205818593,226.2872889207192,113.83256328785731,1.2104633205818593,ESTIMA,0.0,450.0,0,140.0,226.287,223.713,26.167,113.833,0.0,0.0
1779272364.91189,213.87,103.62,1.038,213.87,103.62,1.038,VISION,0.0,450.0,0,140.0,213.87,236.13,36.38,103.62,0.0,0.0
1779272364.9614406,213.87,103.62,1.038,214.66438735437157,104.96715106926106,1.1674284310834162,VISION,0.0,450.0,0,140.0,213.87,236.13,36.38,103.62,0.0,0.0
1779272365.011446,213.87,103.62,1.038,214.98781289168298,105.72499823493739,1.2055774794958352,VISION,0.0,450.0,0,140.0,213.87,236.13,36.38,103.62,0.0,0.0
1779272365.0614283,213.87,103.62,1.038,214.98781289168298,105.72499823493739,1.2055774794958352,VISION,0.0,450.0,0,140.0,213.87,236.13,36.38,103.62,0.0,0.0
1779272365.111439,213.87,103.62,1.038,214.98781289168298,105.72499823493739,1.2055774794958352,VISION,0.0,450.0,0,140.0,213.87,236.13,36.38,103.62,0.0,0.0
1779272365.1614676,213.87,103.62,1.038,214.98781289168298,105.72499823493739,1.205577479495835,VISION,0.0,450.0,0,140.0,213.87,236.13,36.38,103.62,0.0,0.0
1779272365.211502,213.87,103.62,1.038,214.98781289168298,105.72499823493739,1.205577479495835,VISION,0.0,450.0,0,140.0,213.87,236.13,36.38,103.62,0.0,0.0
1779272365.261453,213.87,103.62,1.038,214.98781289168298,105.72499823493739,1.2055774794958347,VISION,0.0,450.0,0,140.0,213.87,236.13,36.38,103.62,0.0,0.0
1779272365.3114452,213.87,103.62,1.038,214.98781289168298,105.72499823493739,1.2055774794958347,VISION,0.0,450.0,0,140.0,213.87,236.13,36.38,103.62,0.0,0.0
1779272365.5115595,214.17,103.49,1.024,214.17,103.49,1.024,VISION,0.0,450.0,0,140.0,214.17,235.83,36.51,103.49,20.0,0.0
1779272365.561487,214.17,103.49,1.024,214.17,103.49,1.0239999999999998,VISION,0.0,450.0,0,140.0,214.17,235.83,36.51,103.49,20.0,0.0
1779272365.611445,214.17,103.49,1.024,214.17,103.49,1.0239999999999998,VISION,0.0,450.0,0,140.0,214.17,235.83,36.51,103.49,20.0,0.0
1779272365.661411,214.17,103.49,1.024,214.17,103.49,1.0239999999999996,VISION,0.0,450.0,0,140.0,214.17,235.83,36.51,103.49,20.0,0.0
1779272365.7114434,214.17,103.49,1.024,214.17,103.49,1.0239999999999996,VISION,0.0,450.0,0,140.0,214.17,235.83,36.51,103.49,20.0,0.0
1779272365.7614534,214.17,103.49,1.024,214.43115729222538,103.91903689152977,1.0558397587597528,VISION,0.0,450.0,0,140.0,214.17,235.83,36.51,103.49,20.0,0.0
1779272365.8113883,214.17,103.49,1.024,214.43115729222538,103.91903689152977,1.0558397587597528,VISION,0.0,450.0,0,140.0,214.17,235.83,36.51,103.49,20.0,0.0
1779272365.8614411,214.17,103.49,1.024,215.05418228012064,105.02001290714003,1.1552684414797243,VISION,0.0,450.0,0,140.0,214.17,235.83,36.51,103.49,20.0,0.0
1779272365.911366,214.17,103.49,1.024,215.05418228012064,105.02001290714003,1.1552684414797243,VISION,0.0,450.0,0,140.0,214.17,235.83,36.51,103.49,20.0,0.0
1779272365.9614305,215.62455295220673,106.31272781562153,1.254156941489731,215.62455295220673,106.31272781562153,1.254156941489731,ESTIMA,0.0,450.0,0,140.0,215.625,234.375,33.687,106.313,20.0,0.0
1779272366.0115082,215.62455295220673,106.31272781562153,1.254156941489731,215.62455295220673,106.31272781562153,1.254156941489731,ESTIMA,0.0,450.0,0,140.0,215.625,234.375,33.687,106.313,20.0,0.0
1779272366.06186,214.25,103.5,1.02,215.4188138155366,105.4029813192893,1.131046955017163,ESTIMA,0.0,450.0,0,140.0,214.25,235.75,36.5,103.5,20.0,0.0
1779272366.1114604,214.25,103.5,1.02,214.25,103.5,1.02,VISION,0.0,450.0,0,140.0,214.25,235.75,36.5,103.5,20.0,0.0
1779272366.1613786,214.25,103.5,1.02,215.14898907023118,104.96367144549006,1.098382875100303,VISION,0.0,450.0,0,140.0,214.25,235.75,36.5,103.5,20.0,0.0
1779272366.2114294,214.25,103.5,1.02,215.14898907023118,104.96367144549006,1.098382875100303,VISION,0.0,450.0,0,140.0,214.25,235.75,36.5,103.5,20.0,0.0
1779272366.2614455,214.25,103.5,1.02,216.01954157100275,106.66727727877753,1.1804229941119815,VISION,0.0,450.0,0,140.0,214.25,235.75,36.5,103.5,20.0,0.0
1779272366.3114493,214.25,103.5,1.02,216.01954157100275,106.66727727877753,1.1804229941119815,VISION,0.0,450.0,0,140.0,214.25,235.75,36.5,103.5,20.0,0.0
1779272366.361425,214.25,103.5,1.02,216.64741464864846,108.19312468319967,1.2669442161863433,VISION,0.0,450.0,0,140.0,214.25,235.75,36.5,103.5,20.0,0.0
1779272366.411391,214.25,103.5,1.02,216.64741464864846,108.19312468319967,1.2669442161863433,VISION,0.0,450.0,0,140.0,214.25,235.75,36.5,103.5,20.0,0.0
1779272366.4614208,214.25,103.5,1.02,216.64741464864846,108.19312468319967,1.2669442161863433,VISION,0.0,450.0,0,140.0,214.25,235.75,36.5,103.5,20.0,0.0
1779272366.511494,214.25,103.5,1.02,217.61013552197204,111.26339725892099,1.4221790593410888,VISION,0.0,450.0,0,140.0,214.25,235.75,36.5,103.5,20.0,0.0
1779272366.5614893,214.25,103.5,1.02,217.7429010799008,112.15014917869692,1.457114400373378,VISION,0.0,450.0,0,140.0,214.25,235.75,36.5,103.5,20.0,0.0
1779272366.61151,214.25,103.5,1.02,217.7429010799008,112.15014917869692,1.457114400373378,VISION,0.0,450.0,0,140.0,214.25,235.75,36.5,103.5,20.0,0.0
1779272366.6616166,209.63,103.79,1.378,209.63,103.79,1.378,VISION,0.0,450.0,0,140.0,209.63,240.37,36.21,103.79,20.0,0.0
1779272366.711452,209.63,103.79,1.378,210.3048920605631,107.24706408826744,1.4845543057730661,VISION,0.0,450.0,0,140.0,209.63,240.37,36.21,103.79,20.0,0.0
1779272366.761464,209.63,103.79,1.378,210.46009668787127,109.04224057847613,1.5223429113467557,VISION,0.0,450.0,0,140.0,209.63,240.37,36.21,103.79,20.0,0.0
1779272366.8114688,209.63,103.79,1.378,210.46009668787127,109.04224057847613,1.5223429113467557,VISION,0.0,450.0,0,140.0,209.63,240.37,36.21,103.79,20.0,0.0
1779272366.8616812,209.63,103.79,1.378,210.5845188245071,111.6081020402085,1.5622569304007228,VISION,0.0,450.0,0,140.0,209.63,240.37,36.21,103.79,20.0,0.0
1779272366.911385,209.63,103.79,1.378,210.5845188245071,111.6081020402085,1.5622569304007228,VISION,0.0,450.0,0,140.0,209.63,240.37,36.21,103.79,20.0,0.0
1779272366.9613774,209.63,103.79,1.378,210.5845188245071,111.6081020402085,1.5622569304007228,VISION,0.0,450.0,0,140.0,209.63,240.37,36.21,103.79,20.0,0.0
1779272367.011442,209.63,103.79,1.378,210.6166238734995,115.36764980285585,1.61241378310127,VISION,0.0,450.0,0,140.0,209.63,240.37,36.21,103.79,20.0,0.0
1779272367.0615997,209.63,103.79,1.378,210.54828421918495,117.00879274552352,1.6335199002066105,VISION,0.0,450.0,0,140.0,209.63,240.37,36.21,103.79,20.0,0.0
1779272367.1114476,209.63,103.79,1.378,210.54828421918495,117.00879274552352,1.6335199002066105,VISION,0.0,450.0,0,140.0,209.63,240.37,36.21,103.79,20.0,0.0
1779272367.1614513,209.63,103.79,1.378,210.3719648808254,119.81615910220488,1.6721950203136702,VISION,0.0,450.0,0,140.0,209.63,240.37,36.21,103.79,20.0,0.0
1779272367.2116723,199.76,101.52,1.931,199.76,101.52,1.931,ESTIMA,0.0,450.0,0,140.0,199.76,250.24,38.48,101.52,20.0,0.0
1779272367.2615736,199.76,101.52,1.931,199.76,101.52,1.931,VISION,0.0,450.0,0,140.0,199.76,250.24,38.48,101.52,20.0,0.0
1779272367.3114152,199.76,101.52,1.931,198.56976814283925,104.68016991654693,1.9809656286586415,VISION,0.0,450.0,0,140.0,199.76,250.24,38.48,101.52,20.0,0.0
1779272367.361428,199.76,101.52,1.931,198.56976814283925,104.68016991654693,1.9809656286586415,VISION,0.0,450.0,0,140.0,199.76,250.24,38.48,101.52,20.0,0.0
1779272367.4114623,199.76,101.52,1.931,197.43822619695203,107.28241776544182,2.026225420009421,VISION,0.0,450.0,0,140.0,199.76,250.24,38.48,101.52,20.0,0.0
1779272367.4614158,199.76,101.52,1.931,197.43822619695203,107.28241776544182,2.026225420009421,VISION,0.0,450.0,0,140.0,199.76,250.24,38.48,101.52,20.0,0.0
1779272367.5114498,199.76,101.52,1.931,197.43822619695203,107.28241776544182,2.026225420009421,VISION,0.0,450.0,0,140.0,199.76,250.24,38.48,101.52,20.0,0.0
1779272367.5614443,199.76,101.52,1.931,195.7567275322596,110.7156685514536,2.0842680245143557,VISION,0.0,450.0,0,140.0,199.76,250.24,38.48,101.52,20.0,0.0
1779272367.6114376,199.76,101.52,1.931,195.08550692161623,111.90593317332079,2.105771201886752,VISION,0.0,450.0,0,140.0,199.76,250.24,38.48,101.52,20.0,0.0
1779272367.661509,199.76,101.52,1.931,193.91823796302054,113.87561061131392,2.1410499154056093,VISION,0.0,450.0,0,140.0,199.76,250.24,38.48,101.52,20.0,0.0
1779272367.7114685,199.76,101.52,1.931,193.91823796302054,113.87561061131392,2.1410499154056093,VISION,0.0,450.0,0,140.0,199.76,250.24,38.48,101.52,20.0,0.0
1779272367.7615025,199.76,101.52,1.931,192.38032527373232,116.27362935813154,2.1861171674662803,VISION,0.0,450.0,0,140.0,199.76,250.24,38.48,101.52,20.0,0.0
1779272367.8116243,187.93,94.88,2.175,187.93,94.88,2.175,ESTIMA,0.0,450.0,0,140.0,187.93,262.07,45.12,94.88,20.0,0.0
1779272367.8614464,187.93,94.88,2.175,187.93,94.88,2.175,VISION,0.0,450.0,0,140.0,187.93,262.07,45.12,94.88,20.0,0.0
1779272367.9114463,187.93,94.88,2.175,186.00515932691485,97.66830752734248,2.2298328756472694,VISION,0.0,450.0,0,140.0,187.93,262.07,45.12,94.88,20.0,0.0
1779272367.961438,187.93,94.88,2.175,186.00515932691485,97.66830752734248,2.2298328756472694,VISION,0.0,450.0,0,140.0,187.93,262.07,45.12,94.88,20.0,0.0
1779272368.0114489,187.93,94.88,2.175,183.85026210387076,100.45039135590228,2.280504604102889,VISION,0.0,450.0,0,140.0,187.93,262.07,45.12,94.88,20.0,0.0
1779272368.0613804,187.93,94.88,2.175,183.85026210387076,100.45039135590228,2.280504604102889,VISION,0.0,450.0,0,140.0,187.93,262.07,45.12,94.88,20.0,0.0
1779272368.1114256,187.93,94.88,2.175,183.85026210387076,100.45039135590228,2.280504604102889,VISION,0.0,450.0,0,140.0,187.93,262.07,45.12,94.88,20.0,0.0
1779272368.161392,187.93,94.88,2.175,181.83848828337725,102.79232774292628,2.3246913757926984,VISION,0.0,450.0,0,140.0,187.93,262.07,45.12,94.88,20.0,0.0
1779272368.2114317,187.93,94.88,2.175,179.93326217826578,104.82154199253343,2.3697159696822836,VISION,0.0,450.0,0,140.0,187.93,262.07,45.12,94.88,20.0,0.0
1779272368.2613878,187.93,94.88,2.175,179.93326217826578,104.82154199253343,2.3697159696822836,VISION,0.0,450.0,0,140.0,187.93,262.07,45.12,94.88,20.0,0.0
1779272368.311509,187.93,94.88,2.175,178.18989552480167,106.51838903200627,2.4126737953704036,VISION,0.0,450.0,0,140.0,187.93,262.07,45.12,94.88,20.0,0.0
1779272368.3614914,178.18989552480167,106.51838903200627,2.4126737953704036,178.18989552480167,106.51838903200627,2.4126737953704036,ESTIMA,0.0,450.0,0,140.0,178.19,271.81,33.482,106.518,20.0,0.0
1779272368.4119709,177.47,85.06,2.431,177.47,85.06,2.431,VISION,0.0,450.0,0,140.0,177.47,272.53,54.94,85.06,20.0,0.0
1779272368.4613926,177.47,85.06,2.431,174.5533053175937,87.56998987288112,2.502882823893363,VISION,0.0,450.0,0,140.0,177.47,272.53,54.94,85.06,20.0,0.0
1779272368.511494,177.47,85.06,2.431,174.5533053175937,87.56998987288112,2.502882823893363,VISION,0.0,450.0,0,140.0,177.47,272.53,54.94,85.06,20.0,0.0
1779272368.561477,177.47,85.06,2.431,172.3723420689627,89.18944314178968,2.5560826891123716,VISION,0.0,450.0,0,140.0,177.47,272.53,54.94,85.06,20.0,0.0
1779272368.611598,177.47,85.06,2.431,170.37731855636707,90.51228767912971,2.5971832735186817,VISION,0.0,450.0,0,140.0,177.47,272.53,54.94,85.06,20.0,0.0
1779272368.6614006,177.47,85.06,2.431,170.37731855636707,90.51228767912971,2.5971832735186817,VISION,0.0,450.0,0,140.0,177.47,272.53,54.94,85.06,20.0,0.0
1779272368.7114327,177.47,85.06,2.431,170.37731855636707,90.51228767912971,2.5971832735186817,VISION,0.0,450.0,0,140.0,177.47,272.53,54.94,85.06,20.0,0.0
1779272368.7614324,177.47,85.06,2.431,167.46309467395795,92.27667330763866,2.6534878367243255,VISION,0.0,450.0,0,140.0,177.47,272.53,54.94,85.06,20.0,0.0
1779272368.8114426,177.47,85.06,2.431,167.46309467395795,92.27667330763866,2.6534878367243255,VISION,0.0,450.0,0,140.0,177.47,272.53,54.94,85.06,20.0,0.0
1779272368.8613882,177.47,85.06,2.431,164.95296632089236,93.6094416043578,2.6959297482701077,VISION,0.0,450.0,0,140.0,177.47,272.53,54.94,85.06,20.0,0.0
1779272368.9114318,177.47,85.06,2.431,164.95296632089236,93.6094416043578,2.6959297482701077,VISION,0.0,450.0,0,140.0,177.47,272.53,54.94,85.06,20.0,0.0
1779272368.961951,162.33934915266963,94.85801120178489,2.7459278747034896,169.84,72.11,2.706,ESTIMA,0.0,450.0,0,140.0,162.339,287.661,45.142,94.858,20.0,0.0
1779272369.0114489,169.84,72.11,2.706,169.84,72.11,2.706,VISION,0.0,450.0,0,140.0,169.84,280.16,67.89,72.11,20.0,0.0
1779272369.0614777,169.84,72.11,2.706,166.45896486720048,73.6835590254843,2.777065653100095,VISION,0.0,450.0,0,140.0,169.84,280.16,67.89,72.11,20.0,0.0
1779272369.1114156,169.84,72.11,2.706,166.45896486720048,73.6835590254843,2.777065653100095,VISION,0.0,450.0,0,140.0,169.84,280.16,67.89,72.11,20.0,0.0
1779272369.161446,169.84,72.11,2.706,163.5120619382518,74.80803851261753,2.8433623451983365,VISION,0.0,450.0,0,140.0,169.84,280.16,67.89,72.11,20.0,0.0
1779272369.2114048,169.84,72.11,2.706,163.5120619382518,74.80803851261753,2.8433623451983365,VISION,0.0,450.0,0,140.0,169.84,280.16,67.89,72.11,20.0,0.0
1779272369.2613978,169.84,72.11,2.706,161.01504044936772,75.57561861596085,2.896477025951413,VISION,0.0,450.0,0,140.0,169.84,280.16,67.89,72.11,20.0,0.0
1779272369.3114092,169.84,72.11,2.706,161.01504044936772,75.57561861596085,2.896477025951413,VISION,0.0,450.0,0,140.0,169.84,280.16,67.89,72.11,20.0,0.0
1779272369.3614607,169.84,72.11,2.706,158.5902351881957,76.18217281262399,2.9434955623916763,VISION,0.0,450.0,0,140.0,169.84,280.16,67.89,72.11,20.0,0.0
1779272369.4114373,169.84,72.11,2.706,158.5902351881957,76.18217281262399,2.9434955623916763,VISION,0.0,450.0,0,140.0,169.84,280.16,67.89,72.11,20.0,0.0
1779272369.4614656,169.84,72.11,2.706,155.43330498869003,76.81586244903117,2.9980139205014122,VISION,0.0,450.0,0,140.0,169.84,280.16,67.89,72.11,20.0,0.0
1779272369.5114253,155.43330498869003,76.81586244903117,2.9980139205014122,155.43330498869003,76.81586244903117,2.9980139205014122,ESTIMA,0.0,450.0,0,140.0,155.433,294.567,63.184,76.816,20.0,0.0
1779272369.5616379,166.12,56.92,2.972,166.12,56.92,2.972,ESTIMA,0.0,450.0,0,140.0,166.12,283.88,83.08,56.92,20.0,0.0
1779272369.6115212,166.12,56.92,2.972,166.12,56.92,2.972,VISION,0.0,450.0,0,140.0,166.12,283.88,83.08,56.92,20.0,0.0
1779272369.6614602,166.12,56.92,2.972,163.22691895329743,57.415403971988276,3.0340710674851903,VISION,0.0,450.0,0,140.0,166.12,283.88,83.08,56.92,20.0,0.0
1779272369.7114105,166.12,56.92,2.972,163.22691895329743,57.415403971988276,3.0340710674851903,VISION,0.0,450.0,0,140.0,166.12,283.88,83.08,56.92,20.0,0.0
1779272369.761408,166.12,56.92,2.972,159.6067414596958,57.80615818227637,3.1113891505590034,VISION,0.0,450.0,0,140.0,166.12,283.88,83.08,56.92,20.0,0.0
1779272369.8114133,166.12,56.92,2.972,159.6067414596958,57.80615818227637,3.1113891505590034,VISION,0.0,450.0,0,140.0,166.12,283.88,83.08,56.92,20.0,0.0
1779272369.8617098,166.12,56.92,2.972,156.57407622717798,57.89778315918982,3.177930367702153,VISION,0.0,450.0,0,140.0,166.12,283.88,83.08,56.92,20.0,0.0
1779272369.911454,166.12,56.92,2.972,156.57407622717798,57.89778315918982,3.177930367702153,VISION,0.0,450.0,0,140.0,166.12,283.88,83.08,56.92,20.0,0.0
1779272369.9613848,166.12,56.92,2.972,156.57407622717798,57.89778315918982,3.177930367702153,VISION,0.0,450.0,0,140.0,166.12,283.88,83.08,56.92,20.0,0.0
1779272370.0115192,166.12,56.92,2.972,152.84042203643878,57.76205095375147,3.2585948805178377,VISION,0.0,450.0,0,140.0,166.12,283.88,83.08,56.92,20.0,0.0
1779272370.0616038,166.12,56.92,2.972,150.67465848704376,57.50748912411658,3.300138739624076,VISION,0.0,450.0,0,140.0,166.12,283.88,83.08,56.92,20.0,0.0
1779272370.1114914,150.67465848704376,57.50748912411658,3.300138739624076,150.67465848704376,57.50748912411658,3.300138739624076,ESTIMA,0.0,450.0,0,140.0,150.675,299.325,82.493,57.507,20.0,0.0
1779272370.1615005,150.67465848704376,57.50748912411658,3.300138739624076,150.67465848704376,57.50748912411658,3.300138739624076,ESTIMA,0.0,450.0,0,140.0,150.675,299.325,82.493,57.507,20.0,0.0
1779272370.2114143,147.40983188656452,56.98548242775613,3.376692187377947,147.40983188656452,56.98548242775613,3.376692187377947,ESTIMA,0.0,450.0,0,140.0,147.41,302.59,83.015,56.985,20.0,0.0
1779272370.2614412,147.40983188656452,56.98548242775613,3.376692187377947,147.40983188656452,56.98548242775613,3.376692187377947,ESTIMA,0.0,450.0,0,140.0,147.41,302.59,83.015,56.985,20.0,0.0
1779272370.3114576,144.48503013631887,56.28490774827884,3.438580989516079,144.48503013631887,56.28490774827884,3.438580989516079,ESTIMA,0.0,450.0,0,140.0,144.485,305.515,83.715,56.285,20.0,0.0
1779272370.3614347,144.48503013631887,56.28490774827884,3.438580989516079,144.48503013631887,56.28490774827884,3.438580989516079,ESTIMA,0.0,450.0,0,140.0,144.485,305.515,83.715,56.285,20.0,0.0
1779272370.411439,141.26373916419982,55.29906558565138,3.523384841525453,141.26373916419982,55.29906558565138,3.523384841525453,ESTIMA,0.0,450.0,0,140.0,141.264,308.736,84.701,55.299,20.0,0.0
1779272370.4614432,141.26373916419982,55.29906558565138,3.523384841525453,141.26373916419982,55.29906558565138,3.523384841525453,ESTIMA,0.0,450.0,0,140.0,141.264,308.736,84.701,55.299,20.0,0.0
1779272370.511493,138.33079005134607,54.121509074421425,3.5880175152686107,138.33079005134607,54.121509074421425,3.5880175152686107,ESTIMA,0.0,450.0,0,140.0,138.331,311.669,85.878,54.122,20.0,0.0
1779272370.5614657,138.33079005134607,54.121509074421425,3.5880175152686107,138.33079005134607,54.121509074421425,3.5880175152686107,ESTIMA,0.0,450.0,0,140.0,138.331,311.669,85.878,54.122,20.0,0.0
1779272370.6114273,135.8975617513537,52.95683636825589,3.6498715370104393,135.8975617513537,52.95683636825589,3.6498715370104393,ESTIMA,0.0,450.0,0,140.0,135.898,314.102,87.043,52.957,20.0,0.0
1779272370.661435,135.8975617513537,52.95683636825589,3.6498715370104393,135.8975617513537,52.95683636825589,3.6498715370104393,ESTIMA,0.0,450.0,0,140.0,135.898,314.102,87.043,52.957,20.0,0.0
1779272370.711509,133.00807569206583,51.34710003393574,3.7163885386013265,133.00807569206583,51.34710003393574,3.7163885386013265,ESTIMA,0.0,450.0,0,140.0,133.008,316.992,88.653,51.347,20.0,0.0
1779272370.76179,173.98,24.39,-2.625,173.98,24.39,-2.625,VISION,0.0,450.0,0,140.0,173.98,276.02,115.61,24.39,0.0,0.0
1779272370.811489,173.98,24.39,-2.625,171.40417719849654,22.92681350263232,-2.5580811511798864,VISION,0.0,450.0,0,140.0,173.98,276.02,115.61,24.39,0.0,0.0
1779272370.8614519,173.98,24.39,-2.625,171.40417719849654,22.92681350263232,-2.5580811511798864,VISION,0.0,450.0,0,140.0,173.98,276.02,115.61,24.39,0.0,0.0
1779272370.9114866,173.98,24.39,-2.625,168.91776225389148,21.285285234984944,-2.4951608484958143,VISION,0.0,450.0,0,140.0,173.98,276.02,115.61,24.39,0.0,0.0
1779272370.9614587,173.98,24.39,-2.625,168.91776225389148,21.285285234984944,-2.4951608484958143,VISION,0.0,450.0,0,140.0,173.98,276.02,115.61,24.39,0.0,0.0
1779272371.0114412,173.98,24.39,-2.625,168.91776225389148,21.285285234984944,-2.4951608484958143,VISION,0.0,450.0,0,140.0,173.98,276.02,115.61,24.39,0.0,0.0
1779272371.061458,173.98,24.39,-2.625,166.0431288080876,19.116117556488017,-2.404954067695377,VISION,0.0,450.0,0,140.0,173.98,276.02,115.61,24.39,0.0,0.0
1779272371.1114724,173.98,24.39,-2.625,165.47704282262293,18.602709021206163,-2.3811331065217627,VISION,0.0,450.0,0,140.0,173.98,276.02,115.61,24.39,0.0,0.0
1779272371.1614015,173.98,24.39,-2.625,165.47704282262293,18.602709021206163,-2.3811331065217627,VISION,0.0,450.0,0,140.0,173.98,276.02,115.61,24.39,0.0,0.0
1779272371.2114127,173.98,24.39,-2.625,165.47704282262293,18.602709021206163,-2.3811331065217627,VISION,0.0,450.0,0,140.0,173.98,276.02,115.61,24.39,0.0,0.0
1779272371.261412,173.98,24.39,-2.625,164.1972661730891,17.385223547843616,-2.294337562548464,VISION,0.0,450.0,0,140.0,173.98,276.02,115.61,24.39,0.0,0.0
1779272371.3116827,186.27,12.47,-2.206,186.27,12.47,-2.206,ESTIMA,0.0,450.0,0,140.0,186.27,263.73,127.53,12.47,-10.0,0.0
1779272371.361457,186.27,12.47,-2.206,186.27,12.47,-2.206,VISION,0.0,450.0,0,140.0,186.27,263.73,127.53,12.47,-10.0,0.0
1779272371.4114997,186.27,12.47,-2.206,186.27,12.47,-2.206,VISION,0.0,450.0,0,140.0,186.27,263.73,127.53,12.47,-10.0,0.0
1779272371.4614148,186.27,12.47,-2.206,184.6285923183853,10.24320043747149,-2.15149005935932,VISION,0.0,450.0,0,140.0,186.27,263.73,127.53,12.47,-10.0,0.0
1779272371.5113842,186.27,12.47,-2.206,184.6285923183853,10.24320043747149,-2.15149005935932,VISION,0.0,450.0,0,140.0,186.27,263.73,127.53,12.47,-10.0,0.0
1779272371.5614228,186.27,12.47,-2.206,182.76996819906213,7.410624622944988,-2.058030329868711,VISION,0.0,450.0,0,140.0,186.27,263.73,127.53,12.47,-10.0,0.0
1779272371.611427,186.27,12.47,-2.206,182.76996819906213,7.410624622944988,-2.058030329868711,VISION,0.0,450.0,0,140.0,186.27,263.73,127.53,12.47,-10.0,0.0
1779272371.6614528,186.27,12.47,-2.206,181.5456028157893,5.099805573487128,-2.2126198644966912,VISION,0.0,450.0,0,140.0,186.27,263.73,127.53,12.47,-10.0,0.0
1779272371.711391,186.27,12.47,-2.206,181.5456028157893,5.099805573487128,-2.2126198644966912,VISION,0.0,450.0,0,140.0,186.27,263.73,127.53,12.47,-10.0,0.0
1779272371.761397,186.27,12.47,-2.206,180.48299430247272,3.678031446854744,-2.0507850221975352,VISION,0.0,450.0,0,140.0,186.27,263.73,127.53,12.47,-10.0,0.0
1779272371.811404,186.27,12.47,-2.206,180.48299430247272,3.678031446854744,-2.0507850221975352,VISION,0.0,450.0,0,140.0,186.27,263.73,127.53,12.47,-10.0,0.0
1779272371.861527,179.69930075923386,2.172655249022048,-1.8166947597516252,179.69930075923386,2.172655249022048,-1.8166947597516252,ESTIMA,0.0,450.0,0,140.0,179.699,270.301,137.827,2.173,0.0,0.0
1779272371.9117339,179.69930075923386,2.172655249022048,-1.8166947597516252,193.68,8.24,-1.988,ESTIMA,0.0,450.0,0,140.0,179.699,270.301,137.827,2.173,0.0,0.0
1779272371.9614718,193.68,8.24,-1.988,191.99395722902207,4.4359469716828634,-2.103302948489165,VISION,0.0,450.0,0,140.0,193.68,256.32,131.76,8.24,0.0,0.0
1779272372.0114508,193.68,8.24,-1.988,191.99395722902207,4.4359469716828634,-2.103302948489165,VISION,0.0,450.0,0,140.0,193.68,256.32,131.76,8.24,0.0,0.0
1779272372.061463,193.68,8.24,-1.988,191.99395722902207,4.435946971682864,-2.1033029484891657,VISION,0.0,450.0,0,140.0,193.68,256.32,131.76,8.24,0.0,0.0
1779272372.1114018,193.68,8.24,-1.988,191.99395722902207,4.435946971682864,-2.1033029484891657,VISION,0.0,450.0,0,140.0,193.68,256.32,131.76,8.24,0.0,0.0
1779272372.1614466,193.68,8.24,-1.988,191.99395722902207,4.435946971682865,-2.103302948489166,VISION,0.0,450.0,0,140.0,193.68,256.32,131.76,8.24,0.0,0.0
1779272372.2114694,193.68,8.24,-1.988,191.99395722902207,4.435946971682865,-2.103302948489166,VISION,0.0,450.0,0,140.0,193.68,256.32,131.76,8.24,0.0,0.0
1779272372.261451,193.68,8.24,-1.988,191.99395722902207,4.435946971682865,-2.103302948489166,VISION,0.0,450.0,0,140.0,193.68,256.32,131.76,8.24,0.0,0.0
1779272372.3114944,193.68,8.24,-1.988,191.99395722902207,4.435946971682867,-2.1033029484891665,VISION,0.0,450.0,0,140.0,193.68,256.32,131.76,8.24,0.0,0.0
1779272372.361447,193.68,8.24,-1.988,191.99395722902207,4.435946971682868,-2.1033029484891665,VISION,0.0,450.0,0,140.0,193.68,256.32,131.76,8.24,0.0,0.0
1779272372.5115151,193.32,8.3,-2.017,193.32,8.3,-2.017,VISION,0.0,450.0,0,140.0,193.32,256.68,131.7,8.3,20.0,0.0
1779272372.561496,193.32,8.3,-2.017,193.32,8.3,-2.017,VISION,0.0,450.0,0,140.0,193.32,256.68,131.7,8.3,20.0,0.0
1779272372.6114624,193.32,8.3,-2.017,193.32,8.300000000000002,-2.0170000000000003,VISION,0.0,450.0,0,140.0,193.32,256.68,131.7,8.3,20.0,0.0
1779272372.6614485,193.32,8.3,-2.017,193.08436156930145,7.807425645876033,-1.9921435001925845,VISION,0.0,450.0,0,140.0,193.32,256.68,131.7,8.3,20.0,0.0
1779272372.711383,193.32,8.3,-2.017,193.08436156930145,7.807425645876033,-1.9921435001925845,VISION,0.0,450.0,0,140.0,193.32,256.68,131.7,8.3,20.0,0.0
1779272372.7614114,193.32,8.3,-2.017,192.4266012877067,6.339831039788876,-1.919541752864219,VISION,0.0,450.0,0,140.0,193.32,256.68,131.7,8.3,20.0,0.0
1779272372.8114536,193.32,8.3,-2.017,192.4266012877067,6.339831039788876,-1.919541752864219,VISION,0.0,450.0,0,140.0,193.32,256.68,131.7,8.3,20.0,0.0
1779272372.8615084,193.32,8.3,-2.017,192.4266012877067,6.339831039788876,-1.919541752864219,VISION,0.0,450.0,0,140.0,193.32,256.68,131.7,8.3,20.0,0.0
1779272372.9114115,193.32,8.3,-2.017,191.6196284625505,4.120479025101708,-1.869642263781298,VISION,0.0,450.0,0,140.0,193.32,256.68,131.7,8.3,20.0,0.0
1779272372.9614246,193.32,8.3,-2.017,191.6196284625505,4.120479025101708,-1.869642263781298,VISION,0.0,450.0,0,140.0,193.32,256.68,131.7,8.3,20.0,0.0
1779272373.0113986,193.32,8.3,-2.017,191.6196284625505,4.120479025101708,-1.869642263781298,VISION,0.0,450.0,0,140.0,193.32,256.68,131.7,8.3,20.0,0.0
1779272373.061964,190.53000673517778,0.5835753211665398,-1.8135594887437674,193.34,8.3,-2.016,ESTIMA,0.0,450.0,0,140.0,190.53,259.47,139.416,0.584,20.0,0.0
1779272373.1114378,193.34,8.3,-2.016,193.34,8.3,-2.016,VISION,0.0,450.0,0,140.0,193.34,256.66,131.7,8.3,20.0,0.0
1779272373.1614654,193.34,8.3,-2.016,193.34,8.3,-2.016,VISION,0.0,450.0,0,140.0,193.34,256.66,131.7,8.3,20.0,0.0
1779272373.2114546,193.34,8.3,-2.016,192.21015814345265,5.932119204452266,-1.978689214983916,VISION,0.0,450.0,0,140.0,193.34,256.66,131.7,8.3,20.0,0.0
1779272373.2614427,193.34,8.3,-2.016,192.21015814345265,5.932119204452266,-1.978689214983916,VISION,0.0,450.0,0,140.0,193.34,256.66,131.7,8.3,20.0,0.0
1779272373.3114011,193.34,8.3,-2.016,191.33569506501115,3.9085002933101136,-1.9410491211805696,VISION,0.0,450.0,0,140.0,193.34,256.66,131.7,8.3,20.0,0.0
1779272373.361419,193.34,8.3,-2.016,191.33569506501115,3.9085002933101136,-1.9410491211805696,VISION,0.0,450.0,0,140.0,193.34,256.66,131.7,8.3,20.0,0.0
1779272373.4114437,193.34,8.3,-2.016,190.25393000143467,1.1215522689943795,-1.884882194071064,VISION,0.0,450.0,0,140.0,193.34,256.66,131.7,8.3,20.0,0.0
1779272373.4614244,193.34,8.3,-2.016,190.25393000143467,1.1215522689943795,-1.884882194071064,VISION,0.0,450.0,0,140.0,193.34,256.66,131.7,8.3,20.0,0.0
1779272373.5114708,193.34,8.3,-2.016,190.25393000143467,1.1215522689943795,-1.884882194071064,VISION,0.0,450.0,0,140.0,193.34,256.66,131.7,8.3,20.0,0.0
1779272373.5614464,193.34,8.3,-2.016,189.11310159361815,-2.3904336189178497,-1.8153311690503156,VISION,0.0,450.0,0,140.0,193.34,256.66,131.7,8.3,20.0,0.0
1779272373.6114647,188.7669677108922,-3.7775853590113555,-1.7900998968321018,188.7669677108922,-3.7775853590113555,-1.7900998968321018,ESTIMA,0.0,450.0,0,140.0,188.767,261.233,143.778,-3.778,20.0,0.0
1779272373.662307,188.7669677108922,-3.7775853590113555,-1.7900998968321018,202.27,6.8,-1.775,ESTIMA,0.0,450.0,0,140.0,188.767,261.233,143.778,-3.778,20.0,0.0
1779272373.7115185,202.27,6.8,-1.775,202.27,6.8,-1.775,VISION,0.0,450.0,0,140.0,202.27,247.73,133.2,6.8,20.0,0.0
1779272373.761483,202.27,6.8,-1.775,201.51466269952823,3.152616905163308,-1.7128905160581052,VISION,0.0,450.0,0,140.0,202.27,247.73,133.2,6.8,20.0,0.0
1779272373.8114583,202.27,6.8,-1.775,201.22384176523153,1.1197329591941472,-1.6792891464940367,VISION,0.0,450.0,0,140.0,202.27,247.73,133.2,6.8,20.0,0.0
1779272373.8614016,202.27,6.8,-1.775,201.22384176523153,1.1197329591941472,-1.6792891464940367,VISION,0.0,450.0,0,140.0,202.27,247.73,133.2,6.8,20.0,0.0
1779272373.9113994,202.27,6.8,-1.775,201.22384176523153,1.1197329591941472,-1.6792891464940367,VISION,0.0,450.0,0,140.0,202.27,247.73,133.2,6.8,20.0,0.0
1779272373.9614198,202.27,6.8,-1.775,200.79915543551746,-2.7793152716575995,-1.6175995935556404,VISION,0.0,450.0,0,140.0,202.27,247.73,133.2,6.8,20.0,0.0
1779272374.0114112,202.27,6.8,-1.775,200.73500167085794,-4.149025514864113,-1.593631037798778,VISION,0.0,450.0,0,140.0,202.27,247.73,133.2,6.8,20.0,0.0
1779272374.061424,202.27,6.8,-1.775,200.73500167085794,-4.149025514864113,-1.593631037798778,VISION,0.0,450.0,0,140.0,202.27,247.73,133.2,6.8,20.0,0.0
1779272374.111497,202.27,6.8,-1.775,200.6784366861693,-6.625744089927065,-1.5519349005213718,VISION,0.0,450.0,0,140.0,202.27,247.73,133.2,6.8,20.0,0.0
1779272374.1614876,202.27,6.8,-1.775,200.6784366861693,-6.625744089927065,-1.5519349005213718,VISION,0.0,450.0,0,140.0,202.27,247.73,133.2,6.8,20.0,0.0
1779272374.2115173,200.6784366861693,-6.625744089927065,-1.5519349005213718,200.6784366861693,-6.625744089927065,-1.5519349005213718,ESTIMA,0.0,450.0,0,140.0,200.678,249.322,146.626,-6.626,20.0,0.0
1779272374.2616608,216.58,6.68,-1.516,216.58,6.68,-1.516,VISION,0.0,450.0,0,140.0,216.58,233.42,133.32,6.68,20.0,0.0
1779272374.3114164,216.58,6.68,-1.516,216.87022769025575,1.3888214446439902,-1.42440479400112,VISION,0.0,450.0,0,140.0,216.58,233.42,133.32,6.68,20.0,0.0
1779272374.3614557,216.58,6.68,-1.516,217.11571221862417,-0.27608632726493143,-1.3950929306391346,VISION,0.0,450.0,0,140.0,216.58,233.42,133.32,6.68,20.0,0.0
1779272374.4114265,216.58,6.68,-1.516,217.11571221862417,-0.27608632726493143,-1.3950929306391346,VISION,0.0,450.0,0,140.0,216.58,233.42,133.32,6.68,20.0,0.0
1779272374.461416,216.58,6.68,-1.516,217.50083159376715,-2.4453562927699566,-1.3551721413507731,VISION,0.0,450.0,0,140.0,216.58,233.42,133.32,6.68,20.0,0.0
1779272374.5114539,216.58,6.68,-1.516,217.50083159376715,-2.4453562927699566,-1.3551721413507731,VISION,0.0,450.0,0,140.0,216.58,233.42,133.32,6.68,20.0,0.0
1779272374.5614214,216.58,6.68,-1.516,218.08824990048748,-5.127273418235696,-1.3029235394662344,VISION,0.0,450.0,0,140.0,216.58,233.42,133.32,6.68,20.0,0.0
1779272374.6114602,216.58,6.68,-1.516,218.08824990048748,-5.127273418235696,-1.3029235394662344,VISION,0.0,450.0,0,140.0,216.58,233.42,133.32,6.68,20.0,0.0
1779272374.66146,216.58,6.68,-1.516,218.88626753230824,-8.034766297070547,-1.2482062505587672,VISION,0.0,450.0,0,140.0,216.58,233.42,133.32,6.68,20.0,0.0
1779272374.7114003,216.58,6.68,-1.516,218.88626753230824,-8.034766297070547,-1.2482062505587672,VISION,0.0,450.0,0,140.0,216.58,233.42,133.32,6.68,20.0,0.0
1779272374.761416,216.58,6.68,-1.516,219.85258855477636,-10.925637267028218,-1.1934972380796358,VISION,0.0,450.0,0,140.0,216.58,233.42,133.32,6.68,20.0,0.0
1779272374.8116508,219.85258855477636,-10.925637267028218,-1.1934972380796358,219.85258855477636,-10.925637267028218,-1.1934972380796358,ESTIMA,0.0,450.0,0,140.0,219.853,230.147,150.926,-10.926,20.0,0.0
1779272374.861738,230.45,10.73,-1.253,231.407035673661,7.82059509499255,-1.2014868882692586,VISION,0.0,450.0,0,140.0,230.45,219.55,129.27,10.73,20.0,0.0
1779272374.9114308,230.45,10.73,-1.253,230.45,10.73,-1.253,VISION,0.0,450.0,0,140.0,230.45,219.55,129.27,10.73,20.0,0.0
1779272374.961469,230.45,10.73,-1.253,231.08109163441165,8.811470579207658,-1.2207628995973743,VISION,0.0,450.0,0,140.0,230.45,219.55,129.27,10.73,20.0,0.0
1779272375.011414,230.45,10.73,-1.253,231.08109163441165,8.811470579207658,-1.2207628995973743,VISION,0.0,450.0,0,140.0,230.45,219.55,129.27,10.73,20.0,0.0
1779272375.0614102,230.45,10.73,-1.253,231.08109163441165,8.811470579207658,-1.2207628995973743,VISION,0.0,450.0,0,140.0,230.45,219.55,129.27,10.73,20.0,0.0
1779272375.111413,230.45,10.73,-1.253,232.62946892383368,4.57011232494912,-1.1495000757270006,VISION,0.0,450.0,0,140.0,230.45,219.55,129.27,10.73,20.0,0.0
1779272375.161481,230.45,10.73,-1.253,233.1422159102611,3.4259152419196623,-1.1265239135868794,VISION,0.0,450.0,0,140.0,230.45,219.55,129.27,10.73,20.0,0.0
1779272375.211451,230.45,10.73,-1.253,233.1422159102611,3.4259152419196623,-1.1265239135868794,VISION,0.0,450.0,0,140.0,230.45,219.55,129.27,10.73,20.0,0.0
1779272375.2614686,230.45,10.73,-1.253,233.1422159102611,3.4259152419196623,-1.1265239135868794,VISION,0.0,450.0,0,140.0,230.45,219.55,129.27,10.73,20.0,0.0
1779272375.3114853,230.45,10.73,-1.253,234.6602616641145,0.2368132004917145,-1.0578304664141862,VISION,0.0,450.0,0,140.0,230.45,219.55,129.27,10.73,20.0,0.0
1779272375.361433,230.45,10.73,-1.253,235.80390933247725,-1.7935984254256625,-1.0083463941748338,VISION,0.0,450.0,0,140.0,230.45,219.55,129.27,10.73,20.0,0.0
1779272375.4116962,242.81,18.87,-0.956,242.81,18.87,-0.956,ESTIMA,0.0,450.0,0,140.0,242.81,207.19,121.13,18.87,20.0,0.0
1779272375.4614968,242.81,18.87,-0.956,242.81,18.87,-0.956,VISION,0.0,450.0,0,140.0,242.81,207.19,121.13,18.87,20.0,0.0
1779272375.511564,242.81,18.87,-0.956,245.03394412921458,15.720304229769205,-0.8771498044909605,VISION,0.0,450.0,0,140.0,242.81,207.19,121.13,18.87,20.0,0.0
1779272375.561851,242.81,18.87,-0.956,246.4251993843116,14.04708692402938,-0.8387286142869158,VISION,0.0,450.0,0,140.0,242.81,207.19,121.13,18.87,20.0,0.0
1779272375.6115074,242.81,18.87,-0.956,246.4251993843116,14.04708692402938,-0.8387286142869158,VISION,0.0,450.0,0,140.0,242.81,207.19,121.13,18.87,20.0,0.0
1779272375.6615853,242.81,18.87,-0.956,248.1117826001386,12.170286482230349,-0.7979132666394644,VISION,0.0,450.0,0,140.0,242.81,207.19,121.13,18.87,20.0,0.0
1779272375.7115057,242.81,18.87,-0.956,248.1117826001386,12.170286482230349,-0.7979132666394644,VISION,0.0,450.0,0,140.0,242.81,207.19,121.13,18.87,20.0,0.0
1779272375.7614548,242.81,18.87,-0.956,250.28797303668253,9.938932289518,-0.7428291335263963,VISION,0.0,450.0,0,140.0,242.81,207.19,121.13,18.87,20.0,0.0
1779272375.8114743,242.81,18.87,-0.956,250.28797303668253,9.938932289518,-0.7428291335263963,VISION,0.0,450.0,0,140.0,242.81,207.19,121.13,18.87,20.0,0.0
1779272375.8615935,242.81,18.87,-0.956,252.44126038775607,7.961588201314313,-0.6912237536644229,VISION,0.0,450.0,0,140.0,242.81,207.19,121.13,18.87,20.0,0.0
1779272375.911431,242.81,18.87,-0.956,252.44126038775607,7.961588201314313,-0.6912237536644229,VISION,0.0,450.0,0,140.0,242.81,207.19,121.13,18.87,20.0,0.0
1779272375.9615076,252.44126038775607,7.961588201314313,-0.6912237536644229,252.44126038775607,7.961588201314313,-0.6912237536644229,ESTIMA,0.0,450.0,0,140.0,252.441,197.559,132.038,7.962,20.0,0.0
1779272376.011725,252.12,30.82,-0.629,252.12,30.82,-0.629,VISION,0.0,450.0,0,140.0,252.12,197.88,109.18,30.82,20.0,0.0
1779272376.0614452,252.12,30.82,-0.629,252.12,30.82,-0.629,VISION,0.0,450.0,0,140.0,252.12,197.88,109.18,30.82,20.0,0.0
1779272376.1115282,252.12,30.82,-0.629,253.7614688578458,29.625693134576352,-0.5851018556941859,VISION,0.0,450.0,0,140.0,252.12,197.88,109.18,30.82,20.0,0.0
1779272376.1614707,252.12,30.82,-0.629,253.7614688578458,29.625693134576352,-0.5851018556941859,VISION,0.0,450.0,0,140.0,252.12,197.88,109.18,30.82,20.0,0.0
1779272376.211497,252.12,30.82,-0.629,256.17402507765416,28.0274113751992,-0.5257363907235749,VISION,0.0,450.0,0,140.0,252.12,197.88,109.18,30.82,20.0,0.0
1779272376.261469,252.12,30.82,-0.629,256.17402507765416,28.0274113751992,-0.5257363907235749,VISION,0.0,450.0,0,140.0,252.12,197.88,109.18,30.82,20.0,0.0
1779272376.311511,252.12,30.82,-0.629,259.0404072519561,26.36432511857547,-0.4628078560793171,VISION,0.0,450.0,0,140.0,252.12,197.88,109.18,30.82,20.0,0.0
1779272376.361508,252.12,30.82,-0.629,259.0404072519561,26.36432511857547,-0.4628078560793171,VISION,0.0,450.0,0,140.0,252.12,197.88,109.18,30.82,20.0,0.0
1779272376.411435,252.12,30.82,-0.629,261.31298676612727,25.230419867460373,-0.4157371189206119,VISION,0.0,450.0,0,140.0,252.12,197.88,109.18,30.82,20.0,0.0
1779272376.4614627,252.12,30.82,-0.629,261.31298676612727,25.230419867460373,-0.4157371189206119,VISION,0.0,450.0,0,140.0,252.12,197.88,109.18,30.82,20.0,0.0
1779272376.5114722,252.12,30.82,-0.629,264.1539620937761,23.976216717802856,-0.3572791542508075,VISION,0.0,450.0,0,140.0,252.12,197.88,109.18,30.82,20.0,0.0
1779272376.561512,264.1539620937761,23.976216717802856,-0.3572791542508075,264.1539620937761,23.976216717802856,-0.3572791542508075,ESTIMA,0.0,450.0,0,140.0,264.154,185.846,116.024,23.976,20.0,0.0
1779272376.611882,257.04,45.79,-0.311,257.04,45.79,-0.311,VISION,0.0,450.0,0,140.0,257.04,192.96,94.21,45.79,20.0,0.0
1779272376.6615138,257.04,45.79,-0.311,257.04,45.79,-0.311,VISION,0.0,450.0,0,140.0,257.04,192.96,94.21,45.79,20.0,0.0
1779272376.711456,257.04,45.79,-0.311,259.49622151005616,45.000495569367374,-0.25132901307928257,VISION,0.0,450.0,0,140.0,257.04,192.96,94.21,45.79,20.0,0.0
1779272376.761447,257.04,45.79,-0.311,259.49622151005616,45.000495569367374,-0.25132901307928257,VISION,0.0,450.0,0,140.0,257.04,192.96,94.21,45.79,20.0,0.0
1779272376.8114808,257.04,45.79,-0.311,261.93372935082,44.374645768629016,-0.19878551028813812,VISION,0.0,450.0,0,140.0,257.04,192.96,94.21,45.79,20.0,0.0
1779272376.861444,257.04,45.79,-0.311,261.93372935082,44.374645768629016,-0.19878551028813812,VISION,0.0,450.0,0,140.0,257.04,192.96,94.21,45.79,20.0,0.0
1779272376.9114978,257.04,45.79,-0.311,265.13623329512126,43.72951431487639,-0.13213780497131605,VISION,0.0,450.0,0,140.0,257.04,192.96,94.21,45.79,20.0,0.0
1779272376.961434,257.04,45.79,-0.311,265.13623329512126,43.72951431487639,-0.13213780497131605,VISION,0.0,450.0,0,140.0,257.04,192.96,94.21,45.79,20.0,0.0
1779272377.0114424,257.04,45.79,-0.311,268.4158152565768,43.29361761841756,-0.06201038598002934,VISION,0.0,450.0,0,140.0,257.04,192.96,94.21,45.79,20.0,0.0
1779272377.0614152,257.04,45.79,-0.311,268.4158152565768,43.29361761841756,-0.06201038598002934,VISION,0.0,450.0,0,140.0,257.04,192.96,94.21,45.79,20.0,0.0
1779272377.1114855,257.04,45.79,-0.311,271.37299294949105,43.11000648201684,0.004806208692301903,VISION,0.0,450.0,0,140.0,257.04,192.96,94.21,45.79,20.0,0.0
1779272377.1621606,271.37299294949105,43.11000648201684,0.004806208692301903,256.92,61.62,0.007,ESTIMA,0.0,450.0,0,140.0,271.373,178.627,96.89,43.11,20.0,0.0
1779272377.2115178,256.92,61.62,0.007,256.92,61.62,0.007,VISION,0.0,450.0,0,140.0,256.92,193.08,78.38,61.62,20.0,0.0
1779272377.26153,256.92,61.62,0.007,261.24702697035974,61.65028968352563,0.10385705072801649,VISION,0.0,450.0,0,140.0,256.92,193.08,78.38,61.62,20.0,0.0
1779272377.3114872,256.92,61.62,0.007,261.24702697035974,61.65028968352563,0.10385705072801649,VISION,0.0,450.0,0,140.0,256.92,193.08,78.38,61.62,20.0,0.0
1779272377.3614635,256.92,61.62,0.007,263.3955396610466,61.874233629172586,0.15314969332650935,VISION,0.0,450.0,0,140.0,256.92,193.08,78.38,61.62,20.0,0.0
1779272377.4114742,256.92,61.62,0.007,263.3955396610466,61.874233629172586,0.15314969332650935,VISION,0.0,450.0,0,140.0,256.92,193.08,78.38,61.62,20.0,0.0
1779272377.4614606,256.92,61.62,0.007,266.2318879527446,62.3120478167524,0.21209604677961186,VISION,0.0,450.0,0,140.0,256.92,193.08,78.38,61.62,20.0,0.0
1779272377.5114563,256.92,61.62,0.007,266.2318879527446,62.3120478167524,0.21209604677961186,VISION,0.0,450.0,0,140.0,256.92,193.08,78.38,61.62,20.0,0.0
1779272377.5615659,256.92,61.62,0.007,269.57506336851714,63.03194948043945,0.2866159558057618,VISION,0.0,450.0,0,140.0,256.92,193.08,78.38,61.62,20.0,0.0
1779272377.6114464,256.92,61.62,0.007,269.57506336851714,63.03194948043945,0.2866159558057618,VISION,0.0,450.0,0,140.0,256.92,193.08,78.38,61.62,20.0,0.0
1779272377.66154,256.92,61.62,0.007,272.74054587546016,63.964915610549234,0.35640288812265164,VISION,0.0,450.0,0,140.0,256.92,193.08,78.38,61.62,20.0,0.0
1779272377.7115445,256.92,61.62,0.007,272.74054587546016,63.964915610549234,0.35640288812265164,VISION,0.0,450.0,0,140.0,256.92,193.08,78.38,61.62,20.0,0.0
1779272377.7617495,251.47,76.97,0.389,251.47,76.97,0.389,VISION,0.0,450.0,0,140.0,251.47,198.53,63.03,76.97,20.0,0.0
1779272377.8114586,251.47,76.97,0.389,251.47,76.97,0.389,VISION,0.0,450.0,0,140.0,251.47,198.53,63.03,76.97,20.0,0.0
1779272377.8614523,251.47,76.97,0.389,254.34309957920422,78.14764452648447,0.46094386751752453,VISION,0.0,450.0,0,140.0,251.47,198.53,63.03,76.97,20.0,0.0
1779272377.9114306,251.47,76.97,0.389,254.34309957920422,78.14764452648447,0.46094386751752453,VISION,0.0,450.0,0,140.0,251.47,198.53,63.03,76.97,20.0,0.0
1779272377.961498,251.47,76.97,0.389,254.34309957920422,78.14764452648447,0.46094386751752453,VISION,0.0,450.0,0,140.0,251.47,198.53,63.03,76.97,20.0,0.0
1779272378.0114613,251.47,76.97,0.389,258.1609471771658,80.04368262271136,0.5548056508613254,VISION,0.0,450.0,0,140.0,251.47,198.53,63.03,76.97,20.0,0.0
1779272378.061616,251.47,76.97,0.389,260.3236197586374,81.38397060055641,0.6032201264211693,VISION,0.0,450.0,0,140.0,251.47,198.53,63.03,76.97,20.0,0.0
1779272378.1114883,251.47,76.97,0.389,260.3236197586374,81.38397060055641,0.6032201264211693,VISION,0.0,450.0,0,140.0,251.47,198.53,63.03,76.97,20.0,0.0
1779272378.16163,251.47,76.97,0.389,262.73988451720913,83.04847389057129,0.6649367695727524,VISION,0.0,450.0,0,140.0,251.47,198.53,63.03,76.97,20.0,0.0
1779272378.211452,251.47,76.97,0.389,262.73988451720913,83.04847389057129,0.6649367695727524,VISION,0.0,450.0,0,140.0,251.47,198.53,63.03,76.97,20.0,0.0
1779272378.2616315,251.47,76.97,0.389,265.1088297942829,84.90583543813194,0.7209315895167612,VISION,0.0,450.0,0,140.0,251.47,198.53,63.03,76.97,20.0,0.0
1779272378.311483,265.1088297942829,84.90583543813194,0.7209315895167612,265.1088297942829,84.90583543813194,0.7209315895167612,ESTIMA,0.0,450.0,0,140.0,265.109,184.891,55.094,84.906,20.0,0.0
1779272378.3619342,240.84,89.4,0.802,240.84,89.4,0.802,VISION,0.0,450.0,0,140.0,240.84,209.16,50.6,89.4,20.0,0.0
1779272378.4114654,240.84,89.4,0.802,243.52378817292595,92.17441265741114,0.8900438469893193,VISION,0.0,450.0,0,140.0,240.84,209.16,50.6,89.4,20.0,0.0
1779272378.4615042,240.84,89.4,0.802,243.52378817292595,92.17441265741114,0.8900438469893193,VISION,0.0,450.0,0,140.0,240.84,209.16,50.6,89.4,20.0,0.0
1779272378.511551,240.84,89.4,0.802,245.36684146845127,94.4500492595076,0.9535812663282771,VISION,0.0,450.0,0,140.0,240.84,209.16,50.6,89.4,20.0,0.0
1779272378.5614853,240.84,89.4,0.802,245.36684146845127,94.4500492595076,0.9535812663282771,VISION,0.0,450.0,0,140.0,240.84,209.16,50.6,89.4,20.0,0.0
1779272378.6114464,240.84,89.4,0.802,246.93651214200105,96.66174701964255,1.0097231360863963,VISION,0.0,450.0,0,140.0,240.84,209.16,50.6,89.4,20.0,0.0
1779272378.661505,240.84,89.4,0.802,246.93651214200105,96.66174701964255,1.0097231360863963,VISION,0.0,450.0,0,140.0,240.84,209.16,50.6,89.4,20.0,0.0
1779272378.711477,240.84,89.4,0.802,248.74867076020504,99.5453040247549,1.0772111699930198,VISION,0.0,450.0,0,140.0,240.84,209.16,50.6,89.4,20.0,0.0
1779272378.7614796,240.84,89.4,0.802,248.74867076020504,99.5453040247549,1.0772111699930198,VISION,0.0,450.0,0,140.0,240.84,209.16,50.6,89.4,20.0,0.0
1779272378.811423,240.84,89.4,0.802,249.96787738054718,101.81147834504397,1.124019999896448,VISION,0.0,450.0,0,140.0,240.84,209.16,50.6,89.4,20.0,0.0
1779272378.8614986,240.84,89.4,0.802,249.96787738054718,101.81147834504397,1.124019999896448,VISION,0.0,450.0,0,140.0,240.84,209.16,50.6,89.4,20.0,0.0
1779272378.9117062,251.49117843813286,104.99108107053965,1.1934810101864073,251.49117843813286,104.99108107053965,1.1934810101864073,ESTIMA,0.0,450.0,0,140.0,251.491,198.509,35.009,104.991,20.0,0.0
1779272378.9620624,227.05,97.13,1.189,227.05,97.13,1.189,VISION,0.0,450.0,0,140.0,227.05,222.95,42.87,97.13,20.0,0.0
1779272379.0115461,227.05,97.13,1.189,227.05,97.13,1.189,VISION,0.0,450.0,0,140.0,227.05,222.95,42.87,97.13,20.0,0.0
1779272379.0615106,227.05,97.13,1.189,228.47925298460476,100.68980885393553,1.2705176773211322,VISION,0.0,450.0,0,140.0,227.05,222.95,42.87,97.13,20.0,0.0
1779272379.1117206,227.05,97.13,1.189,229.22989763919043,103.11404603998284,1.322841010260889,VISION,0.0,450.0,0,140.0,227.05,222.95,42.87,97.13,20.0,0.0
1779272379.1614661,227.05,97.13,1.189,229.22989763919043,103.11404603998284,1.322841010260889,VISION,0.0,450.0,0,140.0,227.05,222.95,42.87,97.13,20.0,0.0
1779272379.211471,227.05,97.13,1.189,229.22989763919043,103.11404603998284,1.322841010260889,VISION,0.0,450.0,0,140.0,227.05,222.95,42.87,97.13,20.0,0.0
1779272379.2615058,227.05,97.13,1.189,230.01460111736887,106.21361863323423,1.3931931982329648,VISION,0.0,450.0,0,140.0,227.05,222.95,42.87,97.13,20.0,0.0
1779272379.3114696,227.05,97.13,1.189,230.49357599745937,108.88208613633715,1.4449091517308037,VISION,0.0,450.0,0,140.0,227.05,222.95,42.87,97.13,20.0,0.0
1779272379.3614702,227.05,97.13,1.189,230.49357599745937,108.88208613633715,1.4449091517308037,VISION,0.0,450.0,0,140.0,227.05,222.95,42.87,97.13,20.0,0.0
1779272379.4115655,227.05,97.13,1.189,230.49357599745937,108.88208613633715,1.4449091517308037,VISION,0.0,450.0,0,140.0,227.05,222.95,42.87,97.13,20.0,0.0
1779272379.4614356,227.05,97.13,1.189,230.86564612051515,111.82204068489524,1.5044474256316531,VISION,0.0,450.0,0,140.0,227.05,222.95,42.87,97.13,20.0,0.0
1779272379.5117433,211.51,99.72,1.564,211.53020194354917,102.69243395070689,1.6245451512823892,VISION,0.0,450.0,0,140.0,211.51,238.49,40.28,99.72,20.0,0.0
1779272379.5614603,211.51,99.72,1.564,211.51,99.72,1.564,VISION,0.0,450.0,0,140.0,211.51,238.49,40.28,99.72,20.0,0.0
1779272379.611431,211.51,99.72,1.564,211.51,99.72,1.564,VISION,0.0,450.0,0,140.0,211.51,238.49,40.28,99.72,20.0,0.0
1779272379.6616163,211.51,99.72,1.564,211.5325441973101,103.03706389104758,1.6362706416901969,VISION,0.0,450.0,0,140.0,211.51,238.49,40.28,99.72,20.0,0.0
1779272379.7121873,211.51,99.72,1.564,211.5325441973101,103.03706389104758,1.6362706416901969,VISION,0.0,450.0,0,140.0,211.51,238.49,40.28,99.72,20.0,0.0
1779272379.761517,211.51,99.72,1.564,211.27199812280145,107.01073903443381,1.7202080058702531,VISION,0.0,450.0,0,140.0,211.51,238.49,40.28,99.72,20.0,0.0
1779272379.8115396,211.51,99.72,1.564,211.27199812280145,107.01073903443381,1.7202080058702531,VISION,0.0,450.0,0,140.0,211.51,238.49,40.28,99.72,20.0,0.0
1779272379.8615124,211.51,99.72,1.564,210.9537547173947,109.12484240386539,1.7652049769901748,VISION,0.0,450.0,0,140.0,211.51,238.49,40.28,99.72,20.0,0.0
1779272379.911475,211.51,99.72,1.564,210.9537547173947,109.12484240386539,1.7652049769901748,VISION,0.0,450.0,0,140.0,211.51,238.49,40.28,99.72,20.0,0.0
1779272379.9614825,211.51,99.72,1.564,210.38936594253107,111.99128115671256,1.8185117293755326,VISION,0.0,450.0,0,140.0,211.51,238.49,40.28,99.72,20.0,0.0
1779272380.011439,211.51,99.72,1.564,210.38936594253107,111.99128115671256,1.8185117293755326,VISION,0.0,450.0,0,140.0,211.51,238.49,40.28,99.72,20.0,0.0
1779272380.06161,211.51,99.72,1.564,209.61874022547948,115.03831913832826,1.8853796145507937,VISION,0.0,450.0,0,140.0,211.51,238.49,40.28,99.72,20.0,0.0
1779272380.1117923,196.54,96.34,1.938,196.54,96.34,1.938,VISION,0.0,450.0,0,140.0,196.54,253.46,43.66,96.34,20.0,0.0
1779272380.1614883,196.54,96.34,1.938,195.2228723334879,99.76422697088259,2.007614084087606,VISION,0.0,450.0,0,140.0,196.54,253.46,43.66,96.34,20.0,0.0
1779272380.2114258,196.54,96.34,1.938,195.2228723334879,99.76422697088259,2.007614084087606,VISION,0.0,450.0,0,140.0,196.54,253.46,43.66,96.34,20.0,0.0
1779272380.2614884,196.54,96.34,1.938,194.18194399444073,101.99367873932356,2.0614198405800055,VISION,0.0,450.0,0,140.0,196.54,253.46,43.66,96.34,20.0,0.0
1779272380.3114731,196.54,96.34,1.938,194.18194399444073,101.99367873932356,2.0614198405800055,VISION,0.0,450.0,0,140.0,196.54,253.46,43.66,96.34,20.0,0.0
1779272380.3614771,196.54,96.34,1.938,192.73596977863872,104.70053596356885,2.124896896905824,VISION,0.0,450.0,0,140.0,196.54,253.46,43.66,96.34,20.0,0.0
1779272380.411512,196.54,96.34,1.938,192.73596977863872,104.70053596356885,2.124896896905824,VISION,0.0,450.0,0,140.0,196.54,253.46,43.66,96.34,20.0,0.0
1779272380.4614704,196.54,96.34,1.938,191.0349606973451,107.44959076071319,2.1901128800531984,VISION,0.0,450.0,0,140.0,196.54,253.46,43.66,96.34,20.0,0.0
1779272380.5115612,196.54,96.34,1.938,191.0349606973451,107.44959076071319,2.1901128800531984,VISION,0.0,450.0,0,140.0,196.54,253.46,43.66,96.34,20.0,0.0
1779272380.561573,196.54,96.34,1.938,189.2403844584297,109.96695966569791,2.2439164968282763,VISION,0.0,450.0,0,140.0,196.54,253.46,43.66,96.34,20.0,0.0
1779272380.6114728,196.54,96.34,1.938,189.2403844584297,109.96695966569791,2.2439164968282763,VISION,0.0,450.0,0,140.0,196.54,253.46,43.66,96.34,20.0,0.0
1779272380.6616502,187.36215013999424,112.32256914345221,2.3038918122081293,187.36215013999424,112.32256914345221,2.3038918122081293,ESTIMA,0.0,450.0,0,140.0,187.362,262.638,27.677,112.323,20.0,0.0
1779272380.7116332,184.07,87.79,2.305,184.07,87.79,2.305,VISION,0.0,450.0,0,140.0,184.07,265.93,52.21,87.79,20.0,0.0
1779272380.76184,184.07,87.79,2.305,181.91975470438098,90.17249980931248,2.3688828428067157,VISION,0.0,450.0,0,140.0,184.07,265.93,52.21,87.79,20.0,0.0
1779272380.811497,184.07,87.79,2.305,181.91975470438098,90.17249980931248,2.3688828428067157,VISION,0.0,450.0,0,140.0,184.07,265.93,52.21,87.79,20.0,0.0
1779272380.8616264,184.07,87.79,2.305,179.7865360384567,92.25225984701288,2.4310447976385903,VISION,0.0,450.0,0,140.0,184.07,265.93,52.21,87.79,20.0,0.0
1779272380.911471,184.07,87.79,2.305,179.7865360384567,92.25225984701288,2.4310447976385903,VISION,0.0,450.0,0,140.0,184.07,265.93,52.21,87.79,20.0,0.0
1779272380.961462,184.07,87.79,2.305,179.7865360384567,92.25225984701288,2.4310447976385903,VISION,0.0,450.0,0,140.0,184.07,265.93,52.21,87.79,20.0,0.0
1779272381.011527,184.07,87.79,2.305,176.43447646649483,95.13664583402195,2.528288614944235,VISION,0.0,450.0,0,140.0,184.07,265.93,52.21,87.79,20.0,0.0
1779272381.0614913,184.07,87.79,2.305,176.43447646649483,95.13664583402195,2.528288614944235,VISION,0.0,450.0,0,140.0,184.07,265.93,52.21,87.79,20.0,0.0
1779272381.1114979,184.07,87.79,2.305,174.47803624126496,96.51368292926159,2.5748446340694886,VISION,0.0,450.0,0,140.0,184.07,265.93,52.21,87.79,20.0,0.0
1779272381.161439,184.07,87.79,2.305,174.47803624126496,96.51368292926159,2.5748446340694886,VISION,0.0,450.0,0,140.0,184.07,265.93,52.21,87.79,20.0,0.0
1779272381.2114456,184.07,87.79,2.305,172.0587762121133,98.05327594672843,2.6286134053939065,VISION,0.0,450.0,0,140.0,184.07,265.93,52.21,87.79,20.0,0.0
1779272381.2617712,172.0587762121133,98.05327594672843,2.6286134053939065,175.13,75.0,2.643,ESTIMA,0.0,450.0,0,140.0,172.059,277.941,41.947,98.053,20.0,0.0
1779272381.3115184,175.13,75.0,2.643,171.86782328079005,76.77617865578785,2.7165800651890533,VISION,0.0,450.0,0,140.0,175.13,274.87,65.0,75.0,20.0,0.0
1779272381.3614497,175.13,75.0,2.643,171.86782328079005,76.77617865578785,2.7165800651890533,VISION,0.0,450.0,0,140.0,175.13,274.87,65.0,75.0,20.0,0.0
1779272381.4115796,175.13,75.0,2.643,169.6645450739938,77.77337866938811,2.763690866027539,VISION,0.0,450.0,0,140.0,175.13,274.87,65.0,75.0,20.0,0.0
1779272381.4614697,175.13,75.0,2.643,169.6645450739938,77.77337866938811,2.763690866027539,VISION,0.0,450.0,0,140.0,175.13,274.87,65.0,75.0,20.0,0.0
1779272381.51152,175.13,75.0,2.643,166.35426437775487,79.08749990420729,2.848160221173439,VISION,0.0,450.0,0,140.0,175.13,274.87,65.0,75.0,20.0,0.0
1779272381.5614839,175.13,75.0,2.643,166.35426437775487,79.08749990420729,2.848160221173439,VISION,0.0,450.0,0,140.0,175.13,274.87,65.0,75.0,20.0,0.0
1779272381.611476,175.13,75.0,2.643,164.19037078939584,79.74133057685394,2.8927203128652073,VISION,0.0,450.0,0,140.0,175.13,274.87,65.0,75.0,20.0,0.0
1779272381.6615615,175.13,75.0,2.643,164.19037078939584,79.74133057685394,2.8927203128652073,VISION,0.0,450.0,0,140.0,175.13,274.87,65.0,75.0,20.0,0.0
1779272381.7116215,175.13,75.0,2.643,160.90466817243473,80.57636260290084,2.97027595088524,VISION,0.0,450.0,0,140.0,175.13,274.87,65.0,75.0,20.0,0.0
1779272381.761461,175.13,75.0,2.643,160.90466817243473,80.57636260290084,2.97027595088524,VISION,0.0,450.0,0,140.0,175.13,274.87,65.0,75.0,20.0,0.0
1779272381.8115826,158.09102267481944,81.06315881074241,3.022394069288947,158.09102267481944,81.06315881074241,3.022394069288947,ESTIMA,0.0,450.0,0,140.0,158.091,291.909,58.937,81.063,20.0,0.0
1779272381.8618333,171.08,59.28,2.977,171.08,59.28,2.977,VISION,0.0,450.0,0,140.0,171.08,278.92,80.72,59.28,20.0,0.0
1779272381.9114847,171.08,59.28,2.977,171.08,59.28,2.977,VISION,0.0,450.0,0,140.0,171.08,278.92,80.72,59.28,20.0,0.0
1779272381.9614577,171.08,59.28,2.977,167.40979685550195,59.889603311149116,3.0551894033839444,VISION,0.0,450.0,0,140.0,171.08,278.92,80.72,59.28,20.0,0.0
1779272382.0114937,171.08,59.28,2.977,167.40979685550195,59.889603311149116,3.0551894033839444,VISION,0.0,450.0,0,140.0,171.08,278.92,80.72,59.28,20.0,0.0
1779272382.0614743,171.08,59.28,2.977,164.0070011686441,60.18434976226352,3.1214188616978045,VISION,0.0,450.0,0,140.0,171.08,278.92,80.72,59.28,20.0,0.0
1779272382.111508,171.08,59.28,2.977,161.84534346841406,60.22796451181446,3.170364401408834,VISION,0.0,450.0,0,140.0,171.08,278.92,80.72,59.28,20.0,0.0
1779272382.161509,171.08,59.28,2.977,161.84534346841406,60.22796451181446,3.170364401408834,VISION,0.0,450.0,0,140.0,171.08,278.92,80.72,59.28,20.0,0.0
1779272382.2115326,171.08,59.28,2.977,161.84534346841406,60.22796451181446,3.170364401408834,VISION,0.0,450.0,0,140.0,171.08,278.92,80.72,59.28,20.0,0.0
1779272382.2614334,171.08,59.28,2.977,158.31368192829797,60.12632438869768,3.2451923568406777,VISION,0.0,450.0,0,140.0,171.08,278.92,80.72,59.28,20.0,0.0
1779272382.311445,171.08,59.28,2.977,158.31368192829797,60.12632438869768,3.2451923568406777,VISION,0.0,450.0,0,140.0,171.08,278.92,80.72,59.28,20.0,0.0
1779272382.3614836,171.08,59.28,2.977,155.15656157398809,59.79807245080259,3.3082014494764365,VISION,0.0,450.0,0,140.0,171.08,278.92,80.72,59.28,20.0,0.0
1779272382.4115705,155.15656157398809,59.79807245080259,3.3082014494764365,155.15656157398809,59.79807245080259,3.3082014494764365,ESTIMA,0.0,450.0,0,140.0,155.157,294.843,80.202,59.798,20.0,0.0
1779272382.461525,151.59198617638936,59.19862596787037,3.382278997852608,151.59198617638936,59.19862596787037,3.382278997852608,ESTIMA,0.0,450.0,0,140.0,151.592,298.408,80.801,59.199,20.0,0.0
1779272382.5117116,151.59198617638936,59.19862596787037,3.382278997852608,151.59198617638936,59.19862596787037,3.382278997852608,ESTIMA,0.0,450.0,0,140.0,151.592,298.408,80.801,59.199,20.0,0.0
1779272382.561535,149.38395283584663,58.65667683229622,3.4269495944205413,149.38395283584663,58.65667683229622,3.4269495944205413,ESTIMA,0.0,450.0,0,140.0,149.384,300.616,81.343,58.657,20.0,0.0
1779272382.6114464,149.38395283584663,58.65667683229622,3.4269495944205413,149.38395283584663,58.65667683229622,3.4269495944205413,ESTIMA,0.0,450.0,0,140.0,149.384,300.616,81.343,58.657,20.0,0.0
1779272382.6614559,146.16813931563036,57.71327541593999,3.502308574541341,146.16813931563036,57.71327541593999,3.502308574541341,ESTIMA,0.0,450.0,0,140.0,146.168,303.832,82.287,57.713,20.0,0.0
1779272382.7114701,146.16813931563036,57.71327541593999,3.502308574541341,146.16813931563036,57.71327541593999,3.502308574541341,ESTIMA,0.0,450.0,0,140.0,146.168,303.832,82.287,57.713,20.0,0.0
1779272382.761475,143.63950115952287,56.7594214583249,3.558205918036907,143.63950115952287,56.7594214583249,3.558205918036907,ESTIMA,0.0,450.0,0,140.0,143.64,306.36,83.241,56.759,20.0,0.0
1779272382.8114522,143.63950115952287,56.7594214583249,3.558205918036907,143.63950115952287,56.7594214583249,3.558205918036907,ESTIMA,0.0,450.0,0,140.0,143.64,306.36,83.241,56.759,20.0,0.0
1779272382.8615162,140.88548849177351,55.540725348283296,3.6280335191138575,140.88548849177351,55.540725348283296,3.6280335191138575,ESTIMA,0.0,450.0,0,140.0,140.885,309.115,84.459,55.541,20.0,0.0
1779272382.9114764,140.88548849177351,55.540725348283296,3.6280335191138575,140.88548849177351,55.540725348283296,3.6280335191138575,ESTIMA,0.0,450.0,0,140.0,140.885,309.115,84.459,55.541,20.0,0.0
1779272382.9615104,138.1331370794131,54.08521291638969,3.6846290321734796,138.1331370794131,54.08521291638969,3.6846290321734796,ESTIMA,0.0,450.0,0,140.0,138.133,311.867,85.915,54.085,20.0,0.0
1779272383.0117157,138.1331370794131,54.08521291638969,3.6846290321734796,138.1331370794131,54.08521291638969,3.6846290321734796,ESTIMA,0.0,450.0,0,140.0,138.133,311.867,85.915,54.085,20.0,0.0
1779272383.061562,180.41,27.24,-2.594,180.41,27.24,-2.594,VISION,0.0,450.0,0,140.0,180.41,269.59,112.76,27.24,0.0,0.0
1779272383.1115067,180.41,27.24,-2.594,176.87749295495365,25.085884885922212,-2.5076406900460895,VISION,0.0,450.0,0,140.0,180.41,269.59,112.76,27.24,0.0,0.0
1779272383.161539,180.41,27.24,-2.594,175.26954704839494,23.90374699391462,-2.46949898916884,VISION,0.0,450.0,0,140.0,180.41,269.59,112.76,27.24,0.0,0.0
1779272383.2114706,180.41,27.24,-2.594,175.26954704839494,23.90374699391462,-2.46949898916884,VISION,0.0,450.0,0,140.0,180.41,269.59,112.76,27.24,0.0,0.0
1779272383.2615216,180.41,27.24,-2.594,175.26954704839494,23.90374699391462,-2.46949898916884,VISION,0.0,450.0,0,140.0,180.41,269.59,112.76,27.24,0.0,0.0
1779272383.3114834,180.41,27.24,-2.594,172.04316524055804,21.336619429095446,-2.378507038040673,VISION,0.0,450.0,0,140.0,180.41,269.59,112.76,27.24,0.0,0.0
1779272383.3618517,180.41,27.24,-2.594,170.71113962692078,20.062747676088712,-2.340980985802697,VISION,0.0,450.0,0,140.0,180.41,269.59,112.76,27.24,0.0,0.0
1779272383.4114907,180.41,27.24,-2.594,170.71113962692078,20.062747676088712,-2.340980985802697,VISION,0.0,450.0,0,140.0,180.41,269.59,112.76,27.24,0.0,0.0
1779272383.4614704,180.41,27.24,-2.594,169.8236291957993,19.14781363226464,-2.310351294930751,VISION,0.0,450.0,0,140.0,180.41,269.59,112.76,27.24,0.0,0.0
1779272383.511482,180.41,27.24,-2.594,169.8236291957993,19.14781363226464,-2.310351294930751,VISION,0.0,450.0,0,140.0,180.41,269.59,112.76,27.24,0.0,0.0
1779272383.561558,180.41,27.24,-2.594,169.22636243589412,18.493112419780918,-2.3040863871236916,VISION,0.0,450.0,0,140.0,180.41,269.59,112.76,27.24,0.0,0.0
1779272383.6119435,192.77,15.22,-2.208,192.77,15.22,-2.208,ESTIMA,0.0,450.0,0,140.0,192.77,257.23,124.78,15.22,-10.0,0.0
1779272383.6614833,192.77,15.22,-2.208,192.77,15.22,-2.208,VISION,0.0,450.0,0,140.0,192.77,257.23,124.78,15.22,-10.0,0.0
1779272383.7115653,192.77,15.22,-2.208,191.81059723287783,13.92387125996543,-1.9855756375543008,VISION,0.0,450.0,0,140.0,192.77,257.23,124.78,15.22,-10.0,0.0
1779272383.7614732,192.77,15.22,-2.208,191.81059723287783,13.92387125996543,-1.9855756375543008,VISION,0.0,450.0,0,140.0,192.77,257.23,124.78,15.22,-10.0,0.0
1779272383.8114865,192.77,15.22,-2.208,189.7324765244556,9.204358001026314,-1.9381569609806462,VISION,0.0,450.0,0,140.0,192.77,257.23,124.78,15.22,-10.0,0.0
1779272383.8616054,192.77,15.22,-2.208,188.98956923548081,7.273875423681894,-1.9385602516206846,VISION,0.0,450.0,0,140.0,192.77,257.23,124.78,15.22,-10.0,0.0
1779272383.9115076,192.77,15.22,-2.208,188.98956923548081,7.273875423681894,-1.9385602516206846,VISION,0.0,450.0,0,140.0,192.77,257.23,124.78,15.22,-10.0,0.0
1779272383.961535,192.77,15.22,-2.208,188.98956923548081,7.273875423681894,-1.9385602516206846,VISION,0.0,450.0,0,140.0,192.77,257.23,124.78,15.22,-10.0,0.0
1779272384.0115094,192.77,15.22,-2.208,188.18066625084617,5.174426042559964,-1.7316736773030155,VISION,0.0,450.0,0,140.0,192.77,257.23,124.78,15.22,-10.0,0.0
1779272384.0614564,192.77,15.22,-2.208,188.18066625084617,5.174426042559964,-1.7316736773030155,VISION,0.0,450.0,0,140.0,192.77,257.23,124.78,15.22,-10.0,0.0
1779272384.1114993,192.77,15.22,-2.208,187.97245576254517,3.8913920260160033,-1.6719119113954648,VISION,0.0,450.0,0,140.0,192.77,257.23,124.78,15.22,-10.0,0.0
1779272384.161542,187.97245576254517,3.8913920260160033,-1.6719119113954648,187.97245576254517,3.8913920260160033,-1.6719119113954648,ESTIMA,0.0,450.0,0,140.0,187.972,262.028,136.109,3.891,0.0,0.0
1779272384.2117984,201.95,10.53,-1.966,201.95,10.53,-1.966,ESTIMA,0.0,450.0,0,140.0,201.95,248.05,129.47,10.53,0.0,0.0
1779272384.2615266,201.95,10.53,-1.966,201.95,10.53,-1.966,VISION,0.0,450.0,0,140.0,201.95,248.05,129.47,10.53,0.0,0.0
1779272384.3114817,201.95,10.53,-1.966,200.8333180064395,7.853074406790967,-1.832643606383225,VISION,0.0,450.0,0,140.0,201.95,248.05,129.47,10.53,0.0,0.0
1779272384.361446,201.95,10.53,-1.966,200.8333180064395,7.853074406790967,-1.832643606383225,VISION,0.0,450.0,0,140.0,201.95,248.05,129.47,10.53,0.0,0.0
1779272384.4114602,201.95,10.53,-1.966,200.59869323295203,6.977610543696816,-1.8743152623012147,VISION,0.0,450.0,0,140.0,201.95,248.05,129.47,10.53,0.0,0.0
1779272384.4614663,201.95,10.53,-1.966,200.59869323295203,6.977610543696816,-1.8743152623012147,VISION,0.0,450.0,0,140.0,201.95,248.05,129.47,10.53,0.0,0.0
1779272384.5115435,201.95,10.53,-1.966,200.59869323295203,6.977610543696813,-1.874315262301215,VISION,0.0,450.0,0,140.0,201.95,248.05,129.47,10.53,0.0,0.0
1779272384.5614707,201.95,10.53,-1.966,200.59869323295203,6.977610543696813,-1.874315262301215,VISION,0.0,450.0,0,140.0,201.95,248.05,129.47,10.53,0.0,0.0
1779272384.6115046,201.95,10.53,-1.966,200.59869323295203,6.9776105436968106,-1.8743152623012151,VISION,0.0,450.0,0,140.0,201.95,248.05,129.47,10.53,0.0,0.0
1779272384.6615088,201.95,10.53,-1.966,200.59869323295203,6.9776105436968106,-1.8743152623012151,VISION,0.0,450.0,0,140.0,201.95,248.05,129.47,10.53,0.0,0.0
1779272384.8615296,201.75,10.54,-1.988,201.75,10.54,-1.988,VISION,0.0,450.0,0,140.0,201.75,248.25,129.46,10.54,20.0,0.0
1779272384.9114876,201.75,10.54,-1.988,201.75,10.539999999999997,-1.9880000000000002,VISION,0.0,450.0,0,140.0,201.75,248.25,129.46,10.54,20.0,0.0
1779272384.9615612,201.75,10.54,-1.988,201.75,10.539999999999997,-1.9880000000000002,VISION,0.0,450.0,0,140.0,201.75,248.25,129.46,10.54,20.0,0.0
1779272385.0114937,201.75,10.54,-1.988,201.494628203889,9.963829649481902,-1.973320619487334,VISION,0.0,450.0,0,140.0,201.75,248.25,129.46,10.54,20.0,0.0
1779272385.0615032,201.75,10.54,-1.988,201.494628203889,9.963829649481902,-1.973320619487334,VISION,0.0,450.0,0,140.0,201.75,248.25,129.46,10.54,20.0,0.0
1779272385.1115003,201.75,10.54,-1.988,201.1268109158708,9.099946272316453,-1.9211469937830892,VISION,0.0,450.0,0,140.0,201.75,248.25,129.46,10.54,20.0,0.0
1779272385.1614864,201.75,10.54,-1.988,201.1268109158708,9.099946272316453,-1.9211469937830892,VISION,0.0,450.0,0,140.0,201.75,248.25,129.46,10.54,20.0,0.0
1779272385.2115276,201.75,10.54,-1.988,200.3884316988926,7.079347456038391,-1.8718640952615502,VISION,0.0,450.0,0,140.0,201.75,248.25,129.46,10.54,20.0,0.0
1779272385.2614973,201.75,10.54,-1.988,200.3884316988926,7.079347456038391,-1.8718640952615502,VISION,0.0,450.0,0,140.0,201.75,248.25,129.46,10.54,20.0,0.0
1779272385.311495,201.75,10.54,-1.988,199.7819153011516,5.126034903671257,-1.8444007620114062,VISION,0.0,450.0,0,140.0,201.75,248.25,129.46,10.54,20.0,0.0
1779272385.3618705,199.7819153011516,5.126034903671257,-1.8444007620114062,201.68,10.56,-1.991,ESTIMA,0.0,450.0,0,140.0,199.782,250.218,134.874,5.126,20.0,0.0
1779272385.4118218,201.68,10.56,-1.991,200.45428075904127,7.816774863207451,-1.9573666166697845,VISION,0.0,450.0,0,140.0,201.68,248.32,129.44,10.56,20.0,0.0
1779272385.461492,201.68,10.56,-1.991,200.45428075904127,7.816774863207451,-1.9573666166697845,VISION,0.0,450.0,0,140.0,201.68,248.32,129.44,10.56,20.0,0.0
1779272385.5115051,201.68,10.56,-1.991,200.45428075904127,7.816774863207451,-1.9573666166697845,VISION,0.0,450.0,0,140.0,201.68,248.32,129.44,10.56,20.0,0.0
1779272385.5615103,201.68,10.56,-1.991,199.2683902553611,4.903406400568338,-1.9238880005111698,VISION,0.0,450.0,0,140.0,201.68,248.32,129.44,10.56,20.0,0.0
1779272385.6116374,201.68,10.56,-1.991,199.2683902553611,4.903406400568338,-1.9238880005111698,VISION,0.0,450.0,0,140.0,201.68,248.32,129.44,10.56,20.0,0.0
1779272385.661507,201.68,10.56,-1.991,198.548262229588,2.9493833243277354,-1.9011764277895102,VISION,0.0,450.0,0,140.0,201.68,248.32,129.44,10.56,20.0,0.0
1779272385.7115877,201.68,10.56,-1.991,198.548262229588,2.9493833243277354,-1.9011764277895102,VISION,0.0,450.0,0,140.0,201.68,248.32,129.44,10.56,20.0,0.0
1779272385.7614958,201.68,10.56,-1.991,197.3678150237235,-0.4926593024625139,-1.8595071332609334,VISION,0.0,450.0,0,140.0,201.68,248.32,129.44,10.56,20.0,0.0
1779272385.8116379,201.68,10.56,-1.991,196.9854145048714,-1.7801626944021538,-1.8446572256631786,VISION,0.0,450.0,0,140.0,201.68,248.32,129.44,10.56,20.0,0.0
1779272385.861462,201.68,10.56,-1.991,196.9854145048714,-1.7801626944021538,-1.8446572256631786,VISION,0.0,450.0,0,140.0,201.68,248.32,129.44,10.56,20.0,0.0
1779272385.9115677,201.68,10.56,-1.991,196.28902232925208,-4.259139238051173,-1.8166118499692614,VISION,0.0,450.0,0,140.0,201.68,248.32,129.44,10.56,20.0,0.0
1779272385.9618337,209.53,8.91,-1.788,209.53,8.91,-1.788,VISION,0.0,450.0,0,140.0,209.53,240.47,131.09,8.91,20.0,0.0
1779272386.011552,209.53,8.91,-1.788,208.96794457072238,6.363133649739893,-1.7556601068306004,VISION,0.0,450.0,0,140.0,209.53,240.47,131.09,8.91,20.0,0.0
1779272386.061454,209.53,8.91,-1.788,208.96794457072238,6.363133649739893,-1.7556601068306004,VISION,0.0,450.0,0,140.0,209.53,240.47,131.09,8.91,20.0,0.0
1779272386.1114683,209.53,8.91,-1.788,208.96794457072238,6.363133649739893,-1.7556601068306004,VISION,0.0,450.0,0,140.0,209.53,240.47,131.09,8.91,20.0,0.0
1779272386.161514,209.53,8.91,-1.788,208.4737913165768,3.720586683001493,-1.7186887514500195,VISION,0.0,450.0,0,140.0,209.53,240.47,131.09,8.91,20.0,0.0
1779272386.2116175,209.53,8.91,-1.788,208.4737913165768,3.720586683001493,-1.7186887514500195,VISION,0.0,450.0,0,140.0,209.53,240.47,131.09,8.91,20.0,0.0
1779272386.2616131,209.53,8.91,-1.788,208.4737913165768,3.720586683001493,-1.7186887514500195,VISION,0.0,450.0,0,140.0,209.53,240.47,131.09,8.91,20.0,0.0
1779272386.3116233,209.53,8.91,-1.788,207.80960462571642,-0.7376349973368161,-1.6485682843490543,VISION,0.0,450.0,0,140.0,209.53,240.47,131.09,8.91,20.0,0.0
1779272386.3615363,209.53,8.91,-1.788,207.70519752214892,-2.0774047624268777,-1.6277437337889242,VISION,0.0,450.0,0,140.0,209.53,240.47,131.09,8.91,20.0,0.0
1779272386.4114785,209.53,8.91,-1.788,207.70519752214892,-2.0774047624268777,-1.6277437337889242,VISION,0.0,450.0,0,140.0,209.53,240.47,131.09,8.91,20.0,0.0
1779272386.4614925,209.53,8.91,-1.788,207.56395254855818,-4.554993503751031,-1.5905862171800482,VISION,0.0,450.0,0,140.0,209.53,240.47,131.09,8.91,20.0,0.0
1779272386.5115907,207.56395254855818,-4.554993503751031,-1.5905862171800482,207.56395254855818,-4.554993503751031,-1.5905862171800482,ESTIMA,0.0,450.0,0,140.0,207.564,242.436,144.555,-4.555,20.0,0.0
1779272386.5616372,223.49,7.23,-1.63,223.49,7.23,-1.63,VISION,0.0,450.0,0,140.0,223.49,226.51,132.77,7.23,20.0,0.0
1779272386.6115146,223.49,7.23,-1.63,223.49,7.23,-1.63,VISION,0.0,450.0,0,140.0,223.49,226.51,132.77,7.23,20.0,0.0
1779272386.6614995,223.49,7.23,-1.63,223.36043793551266,5.0441448463702585,-1.6007801459363755,VISION,0.0,450.0,0,140.0,223.49,226.51,132.77,7.23,20.0,0.0
1779272386.711561,223.49,7.23,-1.63,223.36043793551266,5.0441448463702585,-1.6007801459363755,VISION,0.0,450.0,0,140.0,223.49,226.51,132.77,7.23,20.0,0.0
1779272386.7614791,223.49,7.23,-1.63,223.27421522141213,2.1693651784961805,-1.56214622447462,VISION,0.0,450.0,0,140.0,223.49,226.51,132.77,7.23,20.0,0.0
1779272386.8115046,223.49,7.23,-1.63,223.27421522141213,2.1693651784961805,-1.56214622447462,VISION,0.0,450.0,0,140.0,223.49,226.51,132.77,7.23,20.0,0.0
1779272386.8615553,223.49,7.23,-1.63,223.3001803931387,-0.8322784037005655,-1.5179372904396873,VISION,0.0,450.0,0,140.0,223.49,226.51,132.77,7.23,20.0,0.0
1779272386.9114983,223.49,7.23,-1.63,223.3001803931387,-0.8322784037005655,-1.5179372904396873,VISION,0.0,450.0,0,140.0,223.49,226.51,132.77,7.23,20.0,0.0
1779272386.9615073,223.49,7.23,-1.63,223.4418972636403,-3.5108148726727326,-1.4724989125041847,VISION,0.0,450.0,0,140.0,223.49,226.51,132.77,7.23,20.0,0.0
1779272387.0114799,223.49,7.23,-1.63,223.4418972636403,-3.5108148726727326,-1.4724989125041847,VISION,0.0,450.0,0,140.0,223.49,226.51,132.77,7.23,20.0,0.0
1779272387.06159,223.49,7.23,-1.63,223.70859126799374,-6.2152042610683225,-1.4240238972058967,VISION,0.0,450.0,0,140.0,223.49,226.51,132.77,7.23,20.0,0.0
1779272387.1118102,223.70859126799374,-6.2152042610683225,-1.4240238972058967,223.70859126799374,-6.2152042610683225,-1.4240238972058967,ESTIMA,0.0,450.0,0,140.0,223.709,226.291,146.215,-6.215,20.0,0.0
1779272387.1619258,237.77,8.08,-1.424,238.17713196768662,5.326502581338682,-1.3714089985197122,VISION,0.0,450.0,0,140.0,237.77,212.23,131.92,8.08,20.0,0.0
1779272387.2115247,237.77,8.08,-1.424,238.17713196768662,5.326502581338682,-1.3714089985197122,VISION,0.0,450.0,0,140.0,237.77,212.23,131.92,8.08,20.0,0.0
1779272387.261459,237.77,8.08,-1.424,238.17713196768662,5.326502581338682,-1.3714089985197122,VISION,0.0,450.0,0,140.0,237.77,212.23,131.92,8.08,20.0,0.0
1779272387.3115306,237.77,8.08,-1.424,238.81268014303723,2.1813496935411294,-1.3153361718761716,VISION,0.0,450.0,0,140.0,237.77,212.23,131.92,8.08,20.0,0.0
1779272387.3615115,237.77,8.08,-1.424,238.81268014303723,2.1813496935411294,-1.3153361718761716,VISION,0.0,450.0,0,140.0,237.77,212.23,131.92,8.08,20.0,0.0
1779272387.4115672,237.77,8.08,-1.424,239.49025081847688,-0.41305393193619544,-1.2753246031328342,VISION,0.0,450.0,0,140.0,237.77,212.23,131.92,8.08,20.0,0.0
1779272387.4614482,237.77,8.08,-1.424,239.49025081847688,-0.41305393193619544,-1.2753246031328342,VISION,0.0,450.0,0,140.0,237.77,212.23,131.92,8.08,20.0,0.0
1779272387.5115294,237.77,8.08,-1.424,240.44412061076844,-3.5468500424380798,-1.2321652327010555,VISION,0.0,450.0,0,140.0,237.77,212.23,131.92,8.08,20.0,0.0
1779272387.5616398,237.77,8.08,-1.424,241.1276690601502,-5.48766050680562,-1.2020566432706832,VISION,0.0,450.0,0,140.0,237.77,212.23,131.92,8.08,20.0,0.0
1779272387.6115108,237.77,8.08,-1.424,241.1276690601502,-5.48766050680562,-1.2020566432706832,VISION,0.0,450.0,0,140.0,237.77,212.23,131.92,8.08,20.0,0.0
1779272387.6614668,237.77,8.08,-1.424,241.1276690601502,-5.48766050680562,-1.2020566432706832,VISION,0.0,450.0,0,140.0,237.77,212.23,131.92,8.08,20.0,0.0
1779272387.711937,242.27605304345303,-8.459561424847259,-1.150014385361705,251.68,12.52,-1.181,ESTIMA,0.0,450.0,0,140.0,242.276,207.724,148.46,-8.46,20.0,0.0
1779272387.7615452,251.68,12.52,-1.181,251.68,12.52,-1.181,VISION,0.0,450.0,0,140.0,251.68,198.32,127.48,12.52,20.0,0.0
1779272387.8115284,251.68,12.52,-1.181,253.0496234962993,9.18609706254688,-1.1127586700374963,VISION,0.0,450.0,0,140.0,251.68,198.32,127.48,12.52,20.0,0.0
1779272387.8615253,251.68,12.52,-1.181,253.0496234962993,9.18609706254688,-1.1127586700374963,VISION,0.0,450.0,0,140.0,251.68,198.32,127.48,12.52,20.0,0.0
1779272387.9115152,251.68,12.52,-1.181,254.14321103300708,6.967898716247115,-1.0633775173029953,VISION,0.0,450.0,0,140.0,251.68,198.32,127.48,12.52,20.0,0.0
1779272387.961478,251.68,12.52,-1.181,254.14321103300708,6.967898716247115,-1.0633775173029953,VISION,0.0,450.0,0,140.0,251.68,198.32,127.48,12.52,20.0,0.0
1779272388.0115705,251.68,12.52,-1.181,255.86483452981255,3.8713132007000897,-0.9983032039852137,VISION,0.0,450.0,0,140.0,251.68,198.32,127.48,12.52,20.0,0.0
1779272388.0614796,251.68,12.52,-1.181,255.86483452981255,3.8713132007000897,-0.9983032039852137,VISION,0.0,450.0,0,140.0,251.68,198.32,127.48,12.52,20.0,0.0
1779272388.1115556,251.68,12.52,-1.181,257.09187770162384,1.9674199696108048,-0.9628429265847651,VISION,0.0,450.0,0,140.0,251.68,198.32,127.48,12.52,20.0,0.0
1779272388.1614552,251.68,12.52,-1.181,257.09187770162384,1.9674199696108048,-0.9628429265847651,VISION,0.0,450.0,0,140.0,251.68,198.32,127.48,12.52,20.0,0.0
1779272388.2115197,251.68,12.52,-1.181,259.03744616853965,-0.8284316359220256,-0.912684696814404,VISION,0.0,450.0,0,140.0,251.68,198.32,127.48,12.52,20.0,0.0
1779272388.2615771,259.03744616853965,-0.8284316359220256,-0.912684696814404,259.03744616853965,-0.8284316359220256,-0.912684696814404,ESTIMA,0.0,450.0,0,140.0,259.037,190.963,140.828,-0.828,20.0,0.0
1779272388.3115623,260.47620133969866,-2.6894920747471973,-0.874046937894167,260.47620133969866,-2.6894920747471973,-0.874046937894167,ESTIMA,0.0,450.0,0,140.0,260.476,189.524,142.689,-2.689,20.0,0.0
1779272388.3614988,260.47620133969866,-2.6894920747471973,-0.874046937894167,260.47620133969866,-2.6894920747471973,-0.874046937894167,ESTIMA,0.0,450.0,0,140.0,260.476,189.524,142.689,-2.689,20.0,0.0
1779272388.4116273,260.47620133969866,-2.6894920747471973,-0.874046937894167,262.6964554938817,-5.342928232777842,-0.8141482286270043,ESTIMA,0.0,450.0,0,140.0,260.476,189.524,142.689,-2.689,20.0,0.0
1779272388.4615908,262.6964554938817,-5.342928232777842,-0.8141482286270043,262.6964554938817,-5.342928232777842,-0.8141482286270043,ESTIMA,0.0,450.0,0,140.0,262.696,187.304,145.343,-5.343,20.0,0.0
1779272388.5119054,262.6964554938817,-5.342928232777842,-0.8141482286270043,264.7025416836513,-7.467812835688543,-0.7601539180675232,ESTIMA,0.0,450.0,0,140.0,262.696,187.304,145.343,-5.343,20.0,0.0
1779272388.5614996,264.7025416836513,-7.467812835688543,-0.7601539180675232,264.7025416836513,-7.467812835688543,-0.7601539180675232,ESTIMA,0.0,450.0,0,140.0,264.703,185.297,147.468,-7.468,20.0,0.0
1779272388.6114836,266.62824636552534,-9.298665902544531,-0.7104157381430826,266.62824636552534,-9.298665902544531,-0.7104157381430826,ESTIMA,0.0,450.0,0,140.0,266.628,183.372,149.299,-9.299,20.0,0.0
1779272388.6615088,266.62824636552534,-9.298665902544531,-0.7104157381430826,266.62824636552534,-9.298665902544531,-0.7104157381430826,ESTIMA,0.0,450.0,0,140.0,266.628,183.372,149.299,-9.299,20.0,0.0
1779272388.7116003,266.62824636552534,-9.298665902544531,-0.7104157381430826,266.62824636552534,-9.298665902544531,-0.7104157381430826,ESTIMA,0.0,450.0,0,140.0,266.628,183.372,149.299,-9.299,20.0,0.0
1779272388.7614727,268.95185938252166,-11.29755819405693,-0.6563074147902589,268.95185938252166,-11.29755819405693,-0.6563074147902589,ESTIMA,0.0,450.0,0,140.0,268.952,181.048,151.298,-11.298,20.0,0.0
1779272388.8114753,268.95185938252166,-11.29755819405693,-0.6563074147902589,268.95185938252166,-11.29755819405693,-0.6563074147902589,ESTIMA,0.0,450.0,0,140.0,268.952,181.048,151.298,-11.298,20.0,0.0
1779272388.8616822,271.2272771405836,-13.050096377210401,-0.6081464265485975,271.2272771405836,-13.050096377210401,-0.6081464265485975,ESTIMA,0.0,450.0,0,140.0,271.227,178.773,153.05,-13.05,20.0,0.0
1779272388.9122186,273.19,32.99,-0.654,273.19,32.99,-0.654,VISION,0.0,450.0,0,140.0,273.19,176.81,107.01,32.99,20.0,0.0
1779272388.961607,273.19,32.99,-0.654,276.49390077728054,30.45744333728065,-0.5793663703099813,VISION,0.0,450.0,0,140.0,273.19,176.81,107.01,32.99,20.0,0.0
1779272389.0115347,273.19,32.99,-0.654,276.49390077728054,30.45744333728065,-0.5793663703099813,VISION,0.0,450.0,0,140.0,273.19,176.81,107.01,32.99,20.0,0.0
1779272389.0615551,273.19,32.99,-0.654,278.8587041789921,28.91023946809944,-0.5215362981932584,VISION,0.0,450.0,0,140.0,273.19,176.81,107.01,32.99,20.0,0.0
1779272389.1118639,273.19,32.99,-0.654,278.8587041789921,28.91023946809944,-0.5215362981932584,VISION,0.0,450.0,0,140.0,273.19,176.81,107.01,32.99,20.0,0.0
1779272389.1615217,273.19,32.99,-0.654,281.4827070930546,27.402478036174124,-0.4588966095499205,VISION,0.0,450.0,0,140.0,273.19,176.81,107.01,32.99,20.0,0.0
1779272389.2115955,273.19,32.99,-0.654,283.204178103832,26.551941764032424,-0.41781870165204726,VISION,0.0,450.0,0,140.0,273.19,176.81,107.01,32.99,20.0,0.0
1779272389.261547,273.19,32.99,-0.654,283.204178103832,26.551941764032424,-0.41781870165204726,VISION,0.0,450.0,0,140.0,273.19,176.81,107.01,32.99,20.0,0.0
1779272389.311502,273.19,32.99,-0.654,283.204178103832,26.551941764032424,-0.41781870165204726,VISION,0.0,450.0,0,140.0,273.19,176.81,107.01,32.99,20.0,0.0
1779272389.3615193,273.19,32.99,-0.654,286.5451537045586,25.06868631228814,-0.34884038030895653,VISION,0.0,450.0,0,140.0,273.19,176.81,107.01,32.99,20.0,0.0
1779272389.4115207,273.19,32.99,-0.654,286.5451537045586,25.06868631228814,-0.34884038030895653,VISION,0.0,450.0,0,140.0,273.19,176.81,107.01,32.99,20.0,0.0
1779272389.4617958,278.76,47.5,-0.378,278.76,47.5,-0.378,VISION,0.0,450.0,0,140.0,278.76,171.24,92.5,47.5,20.0,0.0
1779272389.511552,278.76,47.5,-0.378,278.76,47.5,-0.378,VISION,0.0,450.0,0,140.0,278.76,171.24,92.5,47.5,20.0,0.0
1779272389.561512,278.76,47.5,-0.378,281.4271098252543,46.44090266806665,-0.3196857801430393,VISION,0.0,450.0,0,140.0,278.76,171.24,92.5,47.5,20.0,0.0
1779272389.6115267,278.76,47.5,-0.378,281.4271098252543,46.44090266806665,-0.3196857801430393,VISION,0.0,450.0,0,140.0,278.76,171.24,92.5,47.5,20.0,0.0
1779272389.6616516,278.76,47.5,-0.378,284.8417058936075,45.31053234630132,-0.24097150923072047,VISION,0.0,450.0,0,140.0,278.76,171.24,92.5,47.5,20.0,0.0
1779272389.7115276,278.76,47.5,-0.378,284.8417058936075,45.31053234630132,-0.24097150923072047,VISION,0.0,450.0,0,140.0,278.76,171.24,92.5,47.5,20.0,0.0
1779272389.7615337,278.76,47.5,-0.378,287.93307565182954,44.550838623909414,-0.1709326428955527,VISION,0.0,450.0,0,140.0,278.76,171.24,92.5,47.5,20.0,0.0
1779272389.8115957,278.76,47.5,-0.378,287.93307565182954,44.550838623909414,-0.1709326428955527,VISION,0.0,450.0,0,140.0,278.76,171.24,92.5,47.5,20.0,0.0
1779272389.8615365,278.76,47.5,-0.378,290.33441927030265,44.13632565143606,-0.12197252416119062,VISION,0.0,450.0,0,140.0,278.76,171.24,92.5,47.5,20.0,0.0
1779272389.9114773,278.76,47.5,-0.378,290.33441927030265,44.13632565143606,-0.12197252416119062,VISION,0.0,450.0,0,140.0,278.76,171.24,92.5,47.5,20.0,0.0
1779272389.9615026,278.76,47.5,-0.378,293.8523861554844,43.7050896846759,-0.058160549156498695,VISION,0.0,450.0,0,140.0,278.76,171.24,92.5,47.5,20.0,0.0
1779272390.0115874,293.8523861554844,43.7050896846759,-0.058160549156498695,293.8523861554844,43.7050896846759,-0.058160549156498695,ESTIMA,0.0,450.0,0,140.0,293.852,156.148,96.295,43.705,20.0,0.0
1779272390.0615723,296.4881354809771,43.55161997268341,-0.001842858698056081,296.4881354809771,43.55161997268341,-0.001842858698056081,ESTIMA,0.0,450.0,0,140.0,296.488,153.512,96.448,43.552,20.0,0.0
1779272390.1114917,296.4881354809771,43.55161997268341,-0.001842858698056081,296.4881354809771,43.55161997268341,-0.001842858698056081,ESTIMA,0.0,450.0,0,140.0,296.488,153.512,96.448,43.552,20.0,0.0
1779272390.1614852,296.4881354809771,43.55161997268341,-0.001842858698056081,296.4881354809771,43.55161997268341,-0.001842858698056081,ESTIMA,0.0,450.0,0,140.0,296.488,153.512,96.448,43.552,20.0,0.0
1779272390.211468,300.52297459440285,43.54418432591051,0.07630179306832424,300.52297459440285,43.54418432591051,0.07630179306832424,ESTIMA,0.0,450.0,0,140.0,300.523,149.477,96.456,43.544,20.0,0.0
1779272390.2615585,300.52297459440285,43.54418432591051,0.07630179306832424,300.52297459440285,43.54418432591051,0.07630179306832424,ESTIMA,0.0,450.0,0,140.0,300.523,149.477,96.456,43.544,20.0,0.0
1779272390.311472,303.9717925729783,43.80784719890251,0.1576142653542818,303.9717925729783,43.80784719890251,0.1576142653542818,ESTIMA,0.0,450.0,0,140.0,303.972,146.028,96.192,43.808,20.0,0.0
1779272390.3615458,303.9717925729783,43.80784719890251,0.1576142653542818,306.1520111056966,44.15435484857237,0.20146691376484183,ESTIMA,0.0,450.0,0,140.0,303.972,146.028,96.192,43.808,20.0,0.0
1779272390.4114873,306.1520111056966,44.15435484857237,0.20146691376484183,306.1520111056966,44.15435484857237,0.20146691376484183,ESTIMA,0.0,450.0,0,140.0,306.152,143.848,95.846,44.154,20.0,0.0
1779272390.4614727,306.1520111056966,44.15435484857237,0.20146691376484183,306.1520111056966,44.15435484857237,0.20146691376484183,ESTIMA,0.0,450.0,0,140.0,306.152,143.848,95.846,44.154,20.0,0.0
1779272390.5115604,310.3677458683571,45.015366744875244,0.2916996314615723,310.3677458683571,45.015366744875244,0.2916996314615723,ESTIMA,0.0,450.0,0,140.0,310.368,139.632,94.985,45.015,20.0,0.0
1779272390.5616333,310.3677458683571,45.015366744875244,0.2916996314615723,310.3677458683571,45.015366744875244,0.2916996314615723,ESTIMA,0.0,450.0,0,140.0,310.368,139.632,94.985,45.015,20.0,0.0
1779272390.6116438,312.0940135979274,45.53370402684247,0.32519005113033445,312.0940135979274,45.53370402684247,0.32519005113033445,ESTIMA,0.0,450.0,0,140.0,312.094,137.906,94.466,45.534,20.0,0.0
1779272390.661588,312.0940135979274,45.53370402684247,0.32519005113033445,312.0940135979274,45.53370402684247,0.32519005113033445,ESTIMA,0.0,450.0,0,140.0,312.094,137.906,94.466,45.534,20.0,0.0
1779272390.7115204,315.233206453547,46.59211240036654,0.38243017047351496,315.233206453547,46.59211240036654,0.38243017047351496,ESTIMA,0.0,450.0,0,140.0,315.233,134.767,93.408,46.592,20.0,0.0
1779272390.7616038,315.233206453547,46.59211240036654,0.38243017047351496,315.233206453547,46.59211240036654,0.38243017047351496,ESTIMA,0.0,450.0,0,140.0,315.233,134.767,93.408,46.592,20.0,0.0
1779272390.8115776,318.04018667056584,47.72117337681848,0.44552769150954147,318.04018667056584,47.72117337681848,0.44552769150954147,ESTIMA,0.0,450.0,0,140.0,318.04,131.96,92.279,47.721,20.0,0.0
1779272390.861532,318.04018667056584,47.72117337681848,0.44552769150954147,318.04018667056584,47.72117337681848,0.44552769150954147,ESTIMA,0.0,450.0,0,140.0,318.04,131.96,92.279,47.721,20.0,0.0
1779272390.911537,320.9381726081446,49.10510955463203,0.5123810235629004,320.9381726081446,49.10510955463203,0.5123810235629004,ESTIMA,0.0,450.0,0,140.0,320.938,129.062,90.895,49.105,20.0,0.0
1779272390.9615467,320.9381726081446,49.10510955463203,0.5123810235629004,320.9381726081446,49.10510955463203,0.5123810235629004,ESTIMA,0.0,450.0,0,140.0,320.938,129.062,90.895,49.105,20.0,0.0
1779272391.0115263,323.5143289831474,50.55416890443091,0.5800993246501915,323.5143289831474,50.55416890443091,0.5800993246501915,ESTIMA,0.0,450.0,0,140.0,323.514,126.486,89.446,50.554,20.0,0.0
1779272391.0615473,323.5143289831474,50.55416890443091,0.5800993246501915,323.5143289831474,50.55416890443091,0.5800993246501915,ESTIMA,0.0,450.0,0,140.0,323.514,126.486,89.446,50.554,20.0,0.0
1779272391.1115408,325.9332229845093,52.13929534193876,0.635057643829424,325.9332229845093,52.13929534193876,0.635057643829424,ESTIMA,0.0,450.0,0,140.0,325.933,124.067,87.861,52.139,20.0,0.0
1779272391.1614943,325.9332229845093,52.13929534193876,0.635057643829424,325.9332229845093,52.13929534193876,0.635057643829424,ESTIMA,0.0,450.0,0,140.0,325.933,124.067,87.861,52.139,20.0,0.0
1779272391.2120287,264.41,92.34,0.675,264.41,92.34,0.675,ESTIMA,0.0,450.0,0,140.0,264.41,185.59,47.66,92.34,20.0,0.0
1779272391.261551,264.41,92.34,0.675,264.41,92.34,0.675,VISION,0.0,450.0,0,140.0,264.41,185.59,47.66,92.34,20.0,0.0
1779272391.3114703,264.41,92.34,0.675,264.41,92.34,0.675,VISION,0.0,450.0,0,140.0,264.41,185.59,47.66,92.34,20.0,0.0
1779272391.361544,264.41,92.34,0.675,267.5469611157712,94.8509019217532,0.7486516789591087,VISION,0.0,450.0,0,140.0,264.41,185.59,47.66,92.34,20.0,0.0
1779272391.4114761,264.41,92.34,0.675,267.5469611157712,94.8509019217532,0.7486516789591087,VISION,0.0,450.0,0,140.0,264.41,185.59,47.66,92.34,20.0,0.0
1779272391.4614918,264.41,92.34,0.675,270.1156115740309,97.23738658396188,0.8265907147061105,VISION,0.0,450.0,0,140.0,264.41,185.59,47.66,92.34,20.0,0.0
1779272391.511612,264.41,92.34,0.675,271.38380138228274,98.61460936292607,0.8648133341227586,VISION,0.0,450.0,0,140.0,264.41,185.59,47.66,92.34,20.0,0.0
1779272391.5614684,264.41,92.34,0.675,271.38380138228274,98.61460936292607,0.8648133341227586,VISION,0.0,450.0,0,140.0,264.41,185.59,47.66,92.34,20.0,0.0
1779272391.6114724,264.41,92.34,0.675,271.38380138228274,98.61460936292607,0.8648133341227586,VISION,0.0,450.0,0,140.0,264.41,185.59,47.66,92.34,20.0,0.0
1779272391.6615276,264.41,92.34,0.675,273.8187162873574,101.47058695293018,0.9444795768022566,VISION,0.0,450.0,0,140.0,264.41,185.59,47.66,92.34,20.0,0.0
1779272391.7114763,264.41,92.34,0.675,273.8187162873574,101.47058695293018,0.9444795768022566,VISION,0.0,450.0,0,140.0,264.41,185.59,47.66,92.34,20.0,0.0
1779272391.7616231,273.8187162873574,101.47058695293018,0.9444795768022566,273.8187162873574,101.47058695293018,0.9444795768022566,ESTIMA,0.0,450.0,0,140.0,273.819,176.181,38.529,101.471,20.0,0.0
1779272391.8117676,251.4,101.58,1.052,251.4,101.58,1.052,ESTIMA,0.0,450.0,0,140.0,251.4,198.6,38.42,101.58,20.0,0.0
1779272391.8617022,251.4,101.58,1.052,252.49311208683412,103.4945004283097,1.09834563176119,VISION,0.0,450.0,0,140.0,251.4,198.6,38.42,101.58,20.0,0.0
1779272391.911537,251.4,101.58,1.052,252.49311208683412,103.4945004283097,1.09834563176119,VISION,0.0,450.0,0,140.0,251.4,198.6,38.42,101.58,20.0,0.0
1779272391.961637,251.4,101.58,1.052,253.91137144691865,106.26967235026055,1.1556351508973735,VISION,0.0,450.0,0,140.0,251.4,198.6,38.42,101.58,20.0,0.0
1779272392.0114686,251.4,101.58,1.052,253.91137144691865,106.26967235026055,1.1556351508973735,VISION,0.0,450.0,0,140.0,251.4,198.6,38.42,101.58,20.0,0.0
1779272392.0614812,251.4,101.58,1.052,255.1258326435931,109.02491962320461,1.2224639721271209,VISION,0.0,450.0,0,140.0,251.4,198.6,38.42,101.58,20.0,0.0
1779272392.11149,251.4,101.58,1.052,255.1258326435931,109.02491962320461,1.2224639721271209,VISION,0.0,450.0,0,140.0,251.4,198.6,38.42,101.58,20.0,0.0
1779272392.1615114,251.4,101.58,1.052,256.1789371609738,111.92491721160773,1.283043008473952,VISION,0.0,450.0,0,140.0,251.4,198.6,38.42,101.58,20.0,0.0
1779272392.2115674,251.4,101.58,1.052,256.1789371609738,111.92491721160773,1.283043008473952,VISION,0.0,450.0,0,140.0,251.4,198.6,38.42,101.58,20.0,0.0
1779272392.2615495,251.4,101.58,1.052,256.9947124217097,114.68121574061216,1.3472547163812487,VISION,0.0,450.0,0,140.0,251.4,198.6,38.42,101.58,20.0,0.0
1779272392.3116353,251.4,101.58,1.052,256.9947124217097,114.68121574061216,1.3472547163812487,VISION,0.0,450.0,0,140.0,251.4,198.6,38.42,101.58,20.0,0.0
1779272392.361807,256.9947124217097,114.68121574061216,1.3472547163812487,256.9947124217097,114.68121574061216,1.3472547163812487,ESTIMA,0.0,450.0,0,140.0,256.995,193.005,25.319,114.681,20.0,0.0
1779272392.4116209,236.82,105.91,1.42,236.82,105.91,1.42,VISION,0.0,450.0,0,140.0,236.82,213.18,34.09,105.91,20.0,0.0
1779272392.4616506,236.82,105.91,1.42,237.19624774337228,108.38613134425646,1.4711793349172724,VISION,0.0,450.0,0,140.0,236.82,213.18,34.09,105.91,20.0,0.0
1779272392.5116045,236.82,105.91,1.42,237.19624774337228,108.38613134425646,1.4711793349172724,VISION,0.0,450.0,0,140.0,236.82,213.18,34.09,105.91,20.0,0.0
1779272392.5616052,236.82,105.91,1.42,237.4923294344926,111.34849392590783,1.5303388198037688,VISION,0.0,450.0,0,140.0,236.82,213.18,34.09,105.91,20.0,0.0
1779272392.6115093,236.82,105.91,1.42,237.4923294344926,111.34849392590783,1.5303388198037688,VISION,0.0,450.0,0,140.0,236.82,213.18,34.09,105.91,20.0,0.0
1779272392.6615028,236.82,105.91,1.42,237.4923294344926,111.34849392590783,1.5303388198037688,VISION,0.0,450.0,0,140.0,236.82,213.18,34.09,105.91,20.0,0.0
1779272392.711507,236.82,105.91,1.42,237.62943387835335,114.73549528244347,1.5980677048461607,VISION,0.0,450.0,0,140.0,236.82,213.18,34.09,105.91,20.0,0.0
1779272392.761577,236.82,105.91,1.42,237.62943387835335,114.73549528244347,1.5980677048461607,VISION,0.0,450.0,0,140.0,236.82,213.18,34.09,105.91,20.0,0.0
1779272392.8115184,236.82,105.91,1.42,237.54690401091258,117.76098986306465,1.6666241419201828,VISION,0.0,450.0,0,140.0,236.82,213.18,34.09,105.91,20.0,0.0
1779272392.8614986,236.82,105.91,1.42,237.54690401091258,117.76098986306465,1.6666241419201828,VISION,0.0,450.0,0,140.0,236.82,213.18,34.09,105.91,20.0,0.0
1779272392.9115434,237.25475617840308,120.80032685071998,1.7279187127168096,237.25475617840308,120.80032685071998,1.7279187127168096,ESTIMA,0.0,450.0,0,140.0,237.255,212.745,19.2,120.8,20.0,0.0
1779272392.962345,237.25475617840308,120.80032685071998,1.7279187127168096,221.74,105.17,1.773,ESTIMA,0.0,450.0,0,140.0,237.255,212.745,19.2,120.8,20.0,0.0
1779272393.0115497,221.74,105.17,1.773,220.9920313459218,108.8185334369568,1.8474914814580263,VISION,0.0,450.0,0,140.0,221.74,228.26,34.83,105.17,20.0,0.0
1779272393.0615265,221.74,105.17,1.773,220.9920313459218,108.8185334369568,1.8474914814580263,VISION,0.0,450.0,0,140.0,221.74,228.26,34.83,105.17,20.0,0.0
1779272393.1114798,221.74,105.17,1.773,220.22159519901697,111.53153169459627,1.8979360503681955,VISION,0.0,450.0,0,140.0,221.74,228.26,34.83,105.17,20.0,0.0
1779272393.1614885,221.74,105.17,1.773,220.22159519901697,111.53153169459627,1.8979360503681955,VISION,0.0,450.0,0,140.0,221.74,228.26,34.83,105.17,20.0,0.0
1779272393.211523,221.74,105.17,1.773,219.40386232431277,113.94136204767534,1.9542754393753707,VISION,0.0,450.0,0,140.0,221.74,228.26,34.83,105.17,20.0,0.0
1779272393.2615457,221.74,105.17,1.773,219.40386232431277,113.94136204767534,1.9542754393753707,VISION,0.0,450.0,0,140.0,221.74,228.26,34.83,105.17,20.0,0.0
1779272393.3115325,221.74,105.17,1.773,218.30267586041876,116.67077008178167,2.0112163001213323,VISION,0.0,450.0,0,140.0,221.74,228.26,34.83,105.17,20.0,0.0
1779272393.361539,221.74,105.17,1.773,218.30267586041876,116.67077008178167,2.0112163001213323,VISION,0.0,450.0,0,140.0,221.74,228.26,34.83,105.17,20.0,0.0
1779272393.4115374,221.74,105.17,1.773,218.30267586041876,116.67077008178167,2.0112163001213323,VISION,0.0,450.0,0,140.0,221.74,228.26,34.83,105.17,20.0,0.0
1779272393.4615757,221.74,105.17,1.773,216.5665602993314,120.35449346960583,2.1054342739709093,VISION,0.0,450.0,0,140.0,221.74,228.26,34.83,105.17,20.0,0.0
1779272393.5115337,216.5665602993314,120.35449346960583,2.1054342739709093,216.5665602993314,120.35449346960583,2.1054342739709093,ESTIMA,0.0,450.0,0,140.0,216.567,233.433,19.646,120.354,20.0,0.0
1779272393.5618703,207.96,98.96,2.136,207.96,98.96,2.136,VISION,0.0,450.0,0,140.0,207.96,242.04,41.04,98.96,20.0,0.0
1779272393.6115053,207.96,98.96,2.136,207.96,98.96,2.136,VISION,0.0,450.0,0,140.0,207.96,242.04,41.04,98.96,20.0,0.0
1779272393.661557,207.96,98.96,2.136,206.45363407792635,101.33513836417596,2.1941919587725884,VISION,0.0,450.0,0,140.0,207.96,242.04,41.04,98.96,20.0,0.0
1779272393.7114904,207.96,98.96,2.136,206.45363407792635,101.33513836417596,2.1941919587725884,VISION,0.0,450.0,0,140.0,207.96,242.04,41.04,98.96,20.0,0.0
1779272393.761575,207.96,98.96,2.136,206.45363407792635,101.33513836417596,2.1941919587725884,VISION,0.0,450.0,0,140.0,207.96,242.04,41.04,98.96,20.0,0.0
1779272393.8118305,207.96,98.96,2.136,203.26138440853896,105.6448082382691,2.2956698079996527,VISION,0.0,450.0,0,140.0,207.96,242.04,41.04,98.96,20.0,0.0
1779272393.8616023,207.96,98.96,2.136,203.26138440853896,105.6448082382691,2.2956698079996527,VISION,0.0,450.0,0,140.0,207.96,242.04,41.04,98.96,20.0,0.0
1779272393.911611,207.96,98.96,2.136,201.29245976653274,107.8677548099083,2.3532887610431987,VISION,0.0,450.0,0,140.0,207.96,242.04,41.04,98.96,20.0,0.0
1779272393.961492,207.96,98.96,2.136,201.29245976653274,107.8677548099083,2.3532887610431987,VISION,0.0,450.0,0,140.0,207.96,242.04,41.04,98.96,20.0,0.0
1779272394.0117333,207.96,98.96,2.136,199.16944032556918,110.00314807963959,2.4198822089629832,VISION,0.0,450.0,0,140.0,207.96,242.04,41.04,98.96,20.0,0.0
1779272394.0614882,207.96,98.96,2.136,199.16944032556918,110.00314807963959,2.4198822089629832,VISION,0.0,450.0,0,140.0,207.96,242.04,41.04,98.96,20.0,0.0
1779272394.1115751,199.16944032556918,110.00314807963959,2.4198822089629832,199.16944032556918,110.00314807963959,2.4198822089629832,ESTIMA,0.0,450.0,0,140.0,199.169,250.831,29.997,110.003,20.0,0.0
1779272394.1618252,197.76,87.9,2.508,197.76,87.9,2.508,ESTIMA,0.0,450.0,0,140.0,197.76,252.24,52.1,87.9,20.0,0.0
1779272394.211575,197.76,87.9,2.508,197.76,87.9,2.508,VISION,0.0,450.0,0,140.0,197.76,252.24,52.1,87.9,20.0,0.0
1779272394.2615101,197.76,87.9,2.508,197.76,87.9,2.508,VISION,0.0,450.0,0,140.0,197.76,252.24,52.1,87.9,20.0,0.0
1779272394.3115811,197.76,87.9,2.508,194.53718159347943,90.26758470196897,2.5924225165454953,VISION,0.0,450.0,0,140.0,197.76,252.24,52.1,87.9,20.0,0.0
1779272394.361548,197.76,87.9,2.508,193.07848475360788,91.1602546357626,2.6243266326483607,VISION,0.0,450.0,0,140.0,197.76,252.24,52.1,87.9,20.0,0.0
1779272394.411534,197.76,87.9,2.508,193.07848475360788,91.1602546357626,2.6243266326483607,VISION,0.0,450.0,0,140.0,197.76,252.24,52.1,87.9,20.0,0.0
1779272394.4616816,197.76,87.9,2.508,189.74952830373286,93.05422194275417,2.7041868381294454,VISION,0.0,450.0,0,140.0,197.76,252.24,52.1,87.9,20.0,0.0
1779272394.5115676,197.76,87.9,2.508,189.74952830373286,93.05422194275417,2.7041868381294454,VISION,0.0,450.0,0,140.0,197.76,252.24,52.1,87.9,20.0,0.0
1779272394.5615783,197.76,87.9,2.508,189.74952830373286,93.05422194275417,2.7041868381294454,VISION,0.0,450.0,0,140.0,197.76,252.24,52.1,87.9,20.0,0.0
1779272394.6115506,197.76,87.9,2.508,186.46276506534605,94.59116252687022,2.7764296641389055,VISION,0.0,450.0,0,140.0,197.76,252.24,52.1,87.9,20.0,0.0
1779272394.6615455,197.76,87.9,2.508,184.349115631108,95.39922943003126,2.8281238076359156,VISION,0.0,450.0,0,140.0,197.76,252.24,52.1,87.9,20.0,0.0
1779272394.7118347,184.349115631108,95.39922943003126,2.8281238076359156,184.349115631108,95.39922943003126,2.8281238076359156,ESTIMA,0.0,450.0,0,140.0,184.349,265.651,44.601,95.399,20.0,0.0
1779272394.761715,192.02,73.62,2.835,192.02,73.62,2.835,VISION,0.0,450.0,0,140.0,192.02,257.98,66.38,73.62,20.0,0.0
1779272394.811539,192.02,73.62,2.835,188.37219029870676,74.7748039462054,2.9032585392334695,VISION,0.0,450.0,0,140.0,192.02,257.98,66.38,73.62,20.0,0.0
1779272394.861537,192.02,73.62,2.835,186.91979282803118,75.1276664843077,2.9338908709144813,VISION,0.0,450.0,0,140.0,192.02,257.98,66.38,73.62,20.0,0.0
1779272394.911496,192.02,73.62,2.835,186.91979282803118,75.1276664843077,2.9338908709144813,VISION,0.0,450.0,0,140.0,192.02,257.98,66.38,73.62,20.0,0.0
1779272394.9614954,192.02,73.62,2.835,186.91979282803118,75.1276664843077,2.9338908709144813,VISION,0.0,450.0,0,140.0,192.02,257.98,66.38,73.62,20.0,0.0
1779272395.011537,192.02,73.62,2.835,182.4275539161226,76.07436536822414,3.0127654572817613,VISION,0.0,450.0,0,140.0,192.02,257.98,66.38,73.62,20.0,0.0
1779272395.0616457,192.02,73.62,2.835,180.63642097042995,76.30639706018663,3.053624989882205,VISION,0.0,450.0,0,140.0,192.02,257.98,66.38,73.62,20.0,0.0
1779272395.1115744,192.02,73.62,2.835,180.63642097042995,76.30639706018663,3.053624989882205,VISION,0.0,450.0,0,140.0,192.02,257.98,66.38,73.62,20.0,0.0
1779272395.1616595,192.02,73.62,2.835,177.6114283362106,76.57318711827611,3.113583191225766,VISION,0.0,450.0,0,140.0,192.02,257.98,66.38,73.62,20.0,0.0
1779272395.2115428,192.02,73.62,2.835,177.6114283362106,76.57318711827611,3.113583191225766,VISION,0.0,450.0,0,140.0,192.02,257.98,66.38,73.62,20.0,0.0
1779272395.2615488,192.02,73.62,2.835,177.6114283362106,76.57318711827611,3.113583191225766,VISION,0.0,450.0,0,140.0,192.02,257.98,66.38,73.62,20.0,0.0
1779272395.311751,174.01556240110028,76.67393173695433,3.196952414440548,174.01556240110028,76.67393173695433,3.196952414440548,ESTIMA,0.0,450.0,0,140.0,174.016,275.984,63.326,76.674,20.0,0.0
1779272395.3618844,174.01556240110028,76.67393173695433,3.196952414440548,171.35733735146624,76.52662251682148,3.2485095685695455,ESTIMA,0.0,450.0,0,140.0,174.016,275.984,63.326,76.674,20.0,0.0
1779272395.4115481,171.35733735146624,76.52662251682148,3.2485095685695455,171.35733735146624,76.52662251682148,3.2485095685695455,ESTIMA,0.0,450.0,0,140.0,171.357,278.643,63.473,76.527,20.0,0.0
1779272395.461589,171.35733735146624,76.52662251682148,3.2485095685695455,171.35733735146624,76.52662251682148,3.2485095685695455,ESTIMA,0.0,450.0,0,140.0,171.357,278.643,63.473,76.527,20.0,0.0
1779272395.5115457,168.09006533300655,76.17595868022053,3.3110187527985535,168.09006533300655,76.17595868022053,3.3110187527985535,ESTIMA,0.0,450.0,0,140.0,168.09,281.91,63.824,76.176,20.0,0.0
1779272395.561565,168.09006533300655,76.17595868022053,3.3110187527985535,168.09006533300655,76.17595868022053,3.3110187527985535,ESTIMA,0.0,450.0,0,140.0,168.09,281.91,63.824,76.176,20.0,0.0
1779272395.611554,165.34580693084305,75.70650918327898,3.366723008453663,165.34580693084305,75.70650918327898,3.366723008453663,ESTIMA,0.0,450.0,0,140.0,165.346,284.654,64.293,75.707,20.0,0.0
1779272395.6615086,165.34580693084305,75.70650918327898,3.366723008453663,165.34580693084305,75.70650918327898,3.366723008453663,ESTIMA,0.0,450.0,0,140.0,165.346,284.654,64.293,75.707,20.0,0.0
1779272395.711582,162.01703261912127,74.94417806425828,3.433016564970669,162.01703261912127,74.94417806425828,3.433016564970669,ESTIMA,0.0,450.0,0,140.0,162.017,287.983,65.056,74.944,20.0,0.0
1779272395.7615275,162.01703261912127,74.94417806425828,3.433016564970669,162.01703261912127,74.94417806425828,3.433016564970669,ESTIMA,0.0,450.0,0,140.0,162.017,287.983,65.056,74.944,20.0,0.0
1779272395.8115492,159.04142833992236,74.05160343276822,3.5036216860316265,159.04142833992236,74.05160343276822,3.5036216860316265,ESTIMA,0.0,450.0,0,140.0,159.041,290.959,65.948,74.052,20.0,0.0
1779272395.861817,159.04142833992236,74.05160343276822,3.5036216860316265,159.04142833992236,74.05160343276822,3.5036216860316265,ESTIMA,0.0,450.0,0,140.0,159.041,290.959,65.948,74.052,20.0,0.0
1779272395.912267,196.74,41.08,-2.746,196.74,41.08,-2.746,VISION,0.0,450.0,0,140.0,196.74,253.26,98.92,41.08,0.0,0.0
1779272395.9615731,196.74,41.08,-2.746,196.74,41.08,-2.746,VISION,0.0,450.0,0,140.0,196.74,253.26,98.92,41.08,0.0,0.0
1779272396.011577,196.74,41.08,-2.746,193.25476472678562,39.6245390173958,-2.662989684270867,VISION,0.0,450.0,0,140.0,196.74,253.26,98.92,41.08,0.0,0.0
1779272396.0615308,196.74,41.08,-2.746,193.25476472678562,39.6245390173958,-2.662989684270867,VISION,0.0,450.0,0,140.0,196.74,253.26,98.92,41.08,0.0,0.0
1779272396.1116812,196.74,41.08,-2.746,191.86914018499053,38.905626488340815,-2.62852409832556,VISION,0.0,450.0,0,140.0,196.74,253.26,98.92,41.08,0.0,0.0
1779272396.1615467,196.74,41.08,-2.746,191.86914018499053,38.905626488340815,-2.62852409832556,VISION,0.0,450.0,0,140.0,196.74,253.26,98.92,41.08,0.0,0.0
1779272396.2115588,196.74,41.08,-2.746,191.86914018499053,38.905626488340815,-2.62852409832556,VISION,0.0,450.0,0,140.0,196.74,253.26,98.92,41.08,0.0,0.0
1779272396.2616527,196.74,41.08,-2.746,190.7472636182861,38.27356761795653,-2.67637462085271,VISION,0.0,450.0,0,140.0,196.74,253.26,98.92,41.08,0.0,0.0
1779272396.3115647,196.74,41.08,-2.746,190.41589733389932,38.10723348221211,-2.67637462085271,VISION,0.0,450.0,0,140.0,196.74,253.26,98.92,41.08,0.0,0.0
1779272396.3615577,196.74,41.08,-2.746,190.41589733389932,38.10723348221211,-2.67637462085271,VISION,0.0,450.0,0,140.0,196.74,253.26,98.92,41.08,0.0,0.0
1779272396.411709,196.74,41.08,-2.746,190.41589733389932,38.10723348221211,-2.67637462085271,VISION,0.0,450.0,0,140.0,196.74,253.26,98.92,41.08,0.0,0.0
1779272396.4616323,190.41589733389932,38.10723348221211,-2.67637462085271,190.41589733389932,38.10723348221211,-2.67637462085271,ESTIMA,0.0,450.0,0,140.0,190.416,259.584,101.893,38.107,-10.0,0.0
1779272396.5118499,207.32,27.63,-2.375,207.32,27.63,-2.375,VISION,0.0,450.0,0,140.0,207.32,242.68,112.37,27.63,-10.0,0.0
1779272396.5615675,207.32,27.63,-2.375,207.32,27.629999999999995,-2.375,VISION,0.0,450.0,0,140.0,207.32,242.68,112.37,27.63,-10.0,0.0
1779272396.611611,207.32,27.63,-2.375,204.95463423597428,25.35196603033136,-2.348355293273926,VISION,0.0,450.0,0,140.0,207.32,242.68,112.37,27.63,-10.0,0.0
1779272396.6615527,207.32,27.63,-2.375,204.95463423597428,25.35196603033136,-2.348355293273926,VISION,0.0,450.0,0,140.0,207.32,242.68,112.37,27.63,-10.0,0.0
1779272396.7115653,207.32,27.63,-2.375,204.95463423597428,25.35196603033136,-2.348355293273926,VISION,0.0,450.0,0,140.0,207.32,242.68,112.37,27.63,-10.0,0.0
1779272396.7615886,207.32,27.63,-2.375,201.7402506925703,22.086786878495577,-2.096088364766074,VISION,0.0,450.0,0,140.0,207.32,242.68,112.37,27.63,-10.0,0.0
1779272396.811609,207.32,27.63,-2.375,201.7402506925703,22.086786878495577,-2.096088364766074,VISION,0.0,450.0,0,140.0,207.32,242.68,112.37,27.63,-10.0,0.0
1779272396.8616009,207.32,27.63,-2.375,200.43461901108324,19.834183727215027,-2.2956003285117177,VISION,0.0,450.0,0,140.0,207.32,242.68,112.37,27.63,-10.0,0.0
1779272396.9115732,207.32,27.63,-2.375,200.43461901108324,19.834183727215027,-2.2956003285117177,VISION,0.0,450.0,0,140.0,207.32,242.68,112.37,27.63,-10.0,0.0
1779272396.9615483,207.32,27.63,-2.375,199.1111507496213,18.339758275468725,-2.098802126556046,VISION,0.0,450.0,0,140.0,207.32,242.68,112.37,27.63,-10.0,0.0
1779272397.0115557,207.32,27.63,-2.375,199.1111507496213,18.339758275468725,-2.098802126556046,VISION,0.0,450.0,0,140.0,207.32,242.68,112.37,27.63,0.0,0.0
1779272397.0618322,197.73144887624127,15.974181960142115,-2.0050301279350693,197.73144887624127,15.974181960142115,-2.0050301279350693,ESTIMA,0.0,450.0,0,140.0,197.731,252.269,124.026,15.974,0.0,0.0
1779272397.1116116,197.73144887624127,15.974181960142115,-2.0050301279350693,197.73144887624127,15.974181960142115,-2.0050301279350693,ESTIMA,0.0,450.0,0,140.0,197.731,252.269,124.026,15.974,0.0,0.0
1779272397.161612,196.49269206737702,13.303038970170183,-2.063047968813786,196.49269206737702,13.303038970170183,-2.063047968813786,ESTIMA,0.0,450.0,0,140.0,196.493,253.507,126.697,13.303,0.0,0.0
1779272397.211543,196.49269206737702,13.303038970170183,-2.063047968813786,196.49269206737702,13.303038970170183,-2.063047968813786,ESTIMA,0.0,450.0,0,140.0,196.493,253.507,126.697,13.303,0.0,0.0
1779272397.2615602,196.21619393444863,12.787457300869809,-1.9833563869697726,196.21619393444863,12.787457300869809,-1.9833563869697726,ESTIMA,0.0,450.0,0,140.0,196.216,253.784,127.213,12.787,0.0,0.0
1779272397.3115678,196.21619393444863,12.787457300869809,-1.9833563869697726,196.21619393444863,12.787457300869809,-1.9833563869697726,ESTIMA,0.0,450.0,0,140.0,196.216,253.784,127.213,12.787,0.0,0.0
1779272397.3615975,196.21619393444863,12.787457300869805,-1.9833563869697728,196.21619393444863,12.787457300869805,-1.9833563869697728,ESTIMA,0.0,450.0,0,140.0,196.216,253.784,127.213,12.787,0.0,0.0
1779272397.4115605,196.21619393444863,12.787457300869805,-1.9833563869697728,196.21619393444863,12.787457300869805,-1.9833563869697728,ESTIMA,0.0,450.0,0,140.0,196.216,253.784,127.213,12.787,0.0,0.0
1779272397.461587,196.21619393444863,12.787457300869802,-1.983356386969773,196.21619393444863,12.787457300869802,-1.983356386969773,ESTIMA,0.0,450.0,0,140.0,196.216,253.784,127.213,12.787,0.0,0.0
1779272397.611592,196.21619393444863,12.787457300869798,-1.9833563869697732,196.21619393444863,12.787457300869798,-1.9833563869697732,ESTIMA,0.0,450.0,0,140.0,196.216,253.784,127.213,12.787,20.0,0.0
1779272397.6622646,196.21619393444863,12.787457300869798,-1.9833563869697732,211.09,24.7,-2.256,ESTIMA,0.0,450.0,0,140.0,196.216,253.784,127.213,12.787,20.0,0.0
1779272397.7115831,211.09,24.7,-2.256,211.09,24.7,-2.256,VISION,0.0,450.0,0,140.0,211.09,238.91,115.3,24.7,20.0,0.0
1779272397.7616162,211.09,24.7,-2.256,210.76752319858872,24.30543853575097,-2.23748200648631,VISION,0.0,450.0,0,140.0,211.09,238.91,115.3,24.7,20.0,0.0
1779272397.8115218,211.09,24.7,-2.256,210.76752319858872,24.30543853575097,-2.23748200648631,VISION,0.0,450.0,0,140.0,211.09,238.91,115.3,24.7,20.0,0.0
1779272397.861583,211.09,24.7,-2.256,209.72224411665474,22.97704350103686,-2.176885287495369,VISION,0.0,450.0,0,140.0,211.09,238.91,115.3,24.7,20.0,0.0
1779272397.911602,211.09,24.7,-2.256,209.72224411665474,22.97704350103686,-2.176885287495369,VISION,0.0,450.0,0,140.0,211.09,238.91,115.3,24.7,20.0,0.0
1779272397.9615338,211.09,24.7,-2.256,209.72224411665474,22.97704350103686,-2.176885287495369,VISION,0.0,450.0,0,140.0,211.09,238.91,115.3,24.7,20.0,0.0
1779272398.0115092,211.09,24.7,-2.256,209.72224411665474,22.97704350103686,-2.176885287495369,VISION,0.0,450.0,0,140.0,211.09,238.91,115.3,24.7,20.0,0.0
1779272398.0614998,211.09,24.7,-2.256,209.72224411665474,22.97704350103686,-2.176885287495369,VISION,0.0,450.0,0,140.0,211.09,238.91,115.3,24.7,20.0,0.0
1779272398.1115081,211.09,24.7,-2.256,209.72224411665474,22.97704350103686,-2.176885287495369,VISION,0.0,450.0,0,140.0,211.09,238.91,115.3,24.7,20.0,0.0
1779272398.1616313,211.09,24.7,-2.256,206.260612041429,17.95623238797215,-2.053709408058568,VISION,0.0,450.0,0,140.0,211.09,238.91,115.3,24.7,20.0,0.0
1779272398.2116413,205.47108702923344,16.4504222828592,-2.0275604392029125,205.47108702923344,16.4504222828592,-2.0275604392029125,ESTIMA,0.0,450.0,0,140.0,205.471,244.529,123.55,16.45,20.0,0.0
1779272398.261849,211.04,24.72,-2.26,211.04,24.72,-2.26,VISION,0.0,450.0,0,140.0,211.04,238.96,115.28,24.72,20.0,0.0
1779272398.3119326,211.04,24.72,-2.26,209.2836291879562,22.58847740902077,-2.221529504543242,VISION,0.0,450.0,0,140.0,211.04,238.96,115.28,24.72,20.0,0.0
1779272398.3616514,211.04,24.72,-2.26,209.2836291879562,22.58847740902077,-2.221529504543242,VISION,0.0,450.0,0,140.0,211.04,238.96,115.28,24.72,20.0,0.0
1779272398.411592,211.04,24.72,-2.26,208.30702028200673,21.305764335355494,-2.201431765054411,VISION,0.0,450.0,0,140.0,211.04,238.96,115.28,24.72,20.0,0.0
1779272398.4615686,211.04,24.72,-2.26,208.30702028200673,21.305764335355494,-2.201431765054411,VISION,0.0,450.0,0,140.0,211.04,238.96,115.28,24.72,20.0,0.0
1779272398.5116148,211.04,24.72,-2.26,206.61666108524128,18.99048423568273,-2.1711155364967794,VISION,0.0,450.0,0,140.0,211.04,238.96,115.28,24.72,20.0,0.0
1779272398.5616558,211.04,24.72,-2.26,205.55539289039908,17.440294882676547,-2.146966994463412,VISION,0.0,450.0,0,140.0,211.04,238.96,115.28,24.72,20.0,0.0
1779272398.6115522,211.04,24.72,-2.26,205.55539289039908,17.440294882676547,-2.146966994463412,VISION,0.0,450.0,0,140.0,211.04,238.96,115.28,24.72,20.0,0.0
1779272398.661615,211.04,24.72,-2.26,204.0730382991811,15.158728135983969,-2.1076021046029094,VISION,0.0,450.0,0,140.0,211.04,238.96,115.28,24.72,20.0,0.0
1779272398.7115219,211.04,24.72,-2.26,204.0730382991811,15.158728135983969,-2.1076021046029094,VISION,0.0,450.0,0,140.0,211.04,238.96,115.28,24.72,20.0,0.0
1779272398.7618089,211.04,24.72,-2.26,202.73557111171232,12.911246550538904,-2.0620492196608584,VISION,0.0,450.0,0,140.0,211.04,238.96,115.28,24.72,20.0,0.0
1779272398.8118222,211.04,24.72,-2.26,202.73557111171232,12.911246550538904,-2.0620492196608584,VISION,0.0,450.0,0,140.0,211.04,238.96,115.28,24.72,20.0,0.0
1779272398.8618226,220.61,19.31,-2.007,220.61,19.31,-2.007,VISION,0.0,450.0,0,140.0,220.61,229.39,120.69,19.31,20.0,0.0
1779272398.9116008,220.61,19.31,-2.007,219.26947373404877,16.434266374964846,-1.9510475369652933,VISION,0.0,450.0,0,140.0,220.61,229.39,120.69,19.31,20.0,0.0
1779272398.961549,220.61,19.31,-2.007,219.26947373404877,16.434266374964846,-1.9510475369652933,VISION,0.0,450.0,0,140.0,220.61,229.39,120.69,19.31,20.0,0.0
1779272399.0115488,220.61,19.31,-2.007,217.95189816960016,13.137888445373097,-1.8895934018414122,VISION,0.0,450.0,0,140.0,220.61,229.39,120.69,19.31,20.0,0.0
1779272399.061601,220.61,19.31,-2.007,217.95189816960016,13.137888445373097,-1.8895934018414122,VISION,0.0,450.0,0,140.0,220.61,229.39,120.69,19.31,20.0,0.0
1779272399.1115453,220.61,19.31,-2.007,217.32249968058372,11.230937588415596,-1.8612356650151725,VISION,0.0,450.0,0,140.0,220.61,229.39,120.69,19.31,20.0,0.0
1779272399.161535,220.61,19.31,-2.007,217.32249968058372,11.230937588415596,-1.8612356650151725,VISION,0.0,450.0,0,140.0,220.61,229.39,120.69,19.31,20.0,0.0
1779272399.2116961,220.61,19.31,-2.007,216.58269734924843,8.75578255771513,-1.8285960034663198,VISION,0.0,450.0,0,140.0,220.61,229.39,120.69,19.31,20.0,0.0
1779272399.261551,220.61,19.31,-2.007,216.58269734924843,8.75578255771513,-1.8285960034663198,VISION,0.0,450.0,0,140.0,220.61,229.39,120.69,19.31,20.0,0.0
1779272399.3115847,220.61,19.31,-2.007,215.73704850365678,5.548520270641645,-1.7882248275499193,VISION,0.0,450.0,0,140.0,220.61,229.39,120.69,19.31,20.0,0.0
1779272399.3616037,220.61,19.31,-2.007,215.73704850365678,5.548520270641645,-1.7882248275499193,VISION,0.0,450.0,0,140.0,220.61,229.39,120.69,19.31,20.0,0.0
1779272399.4117215,234.64,14.44,-1.774,234.64,14.44,-1.774,VISION,0.0,450.0,0,140.0,234.64,215.36,125.56,14.44,20.0,0.0
1779272399.4615917,234.64,14.44,-1.774,234.64,14.44,-1.774,VISION,0.0,450.0,0,140.0,234.64,215.36,125.56,14.44,20.0,0.0
1779272399.5115786,234.64,14.44,-1.774,234.64,14.44,-1.774,VISION,0.0,450.0,0,140.0,234.64,215.36,125.56,14.44,20.0,0.0
1779272399.5615454,234.64,14.44,-1.774,233.88178719249754,10.760204350877371,-1.7066194251339788,VISION,0.0,450.0,0,140.0,234.64,215.36,125.56,14.44,20.0,0.0
1779272399.6115801,234.64,14.44,-1.774,233.66985807221428,9.209479175770989,-1.6766884076506656,VISION,0.0,450.0,0,140.0,234.64,215.36,125.56,14.44,20.0,0.0
1779272399.6615536,234.64,14.44,-1.774,233.66985807221428,9.209479175770989,-1.6766884076506656,VISION,0.0,450.0,0,140.0,234.64,215.36,125.56,14.44,20.0,0.0
1779272399.7115047,234.64,14.44,-1.774,233.66985807221428,9.209479175770989,-1.6766884076506656,VISION,0.0,450.0,0,140.0,234.64,215.36,125.56,14.44,20.0,0.0
1779272399.7616522,234.64,14.44,-1.774,233.15819535214803,4.395626832495827,-1.5824521003032108,VISION,0.0,450.0,0,140.0,234.64,215.36,125.56,14.44,20.0,0.0
1779272399.8115711,234.64,14.44,-1.774,233.1493913161849,3.6403241272365046,-1.569281134359067,VISION,0.0,450.0,0,140.0,234.64,215.36,125.56,14.44,20.0,0.0
1779272399.861554,234.64,14.44,-1.774,233.1493913161849,3.6403241272365046,-1.569281134359067,VISION,0.0,450.0,0,140.0,234.64,215.36,125.56,14.44,20.0,0.0
1779272399.911637,233.1538614322246,0.6901294766088379,-1.5241909198634198,233.1538614322246,0.6901294766088379,-1.5241909198634198,ESTIMA,0.0,450.0,0,140.0,233.154,216.846,139.31,0.69,20.0,0.0
1779272399.9616501,233.1538614322246,0.6901294766088379,-1.5241909198634198,233.1538614322246,0.6901294766088379,-1.5241909198634198,ESTIMA,0.0,450.0,0,140.0,233.154,216.846,139.31,0.69,20.0,0.0
1779272400.0118065,249.47,13.64,-1.538,249.56822150589412,10.646180346663238,-1.493627653490615,VISION,0.0,450.0,0,140.0,249.47,200.53,126.36,13.64,20.0,0.0
1779272400.0615833,249.47,13.64,-1.538,249.47,13.64,-1.538,VISION,0.0,450.0,0,140.0,249.47,200.53,126.36,13.64,20.0,0.0
1779272400.1116004,249.47,13.64,-1.538,249.47,13.64,-1.538,VISION,0.0,450.0,0,140.0,249.47,200.53,126.36,13.64,20.0,0.0
1779272400.1616244,249.47,13.64,-1.538,249.585664114706,10.114524630421453,-1.4821691650077038,VISION,0.0,450.0,0,140.0,249.47,200.53,126.36,13.64,20.0,0.0
1779272400.2115746,249.47,13.64,-1.538,249.585664114706,10.114524630421453,-1.4821691650077038,VISION,0.0,450.0,0,140.0,249.47,200.53,126.36,13.64,20.0,0.0
1779272400.2615647,249.47,13.64,-1.538,249.585664114706,10.114524630421453,-1.4821691650077038,VISION,0.0,450.0,0,140.0,249.47,200.53,126.36,13.64,20.0,0.0
1779272400.3115747,249.47,13.64,-1.538,249.9644536595712,5.851754066803927,-1.4101511819046135,VISION,0.0,450.0,0,140.0,249.47,200.53,126.36,13.64,20.0,0.0
1779272400.361603,249.47,13.64,-1.538,250.19853779475673,4.4071601243209235,-1.382855488763652,VISION,0.0,450.0,0,140.0,249.47,200.53,126.36,13.64,20.0,0.0
1779272400.4116173,249.47,13.64,-1.538,250.19853779475673,4.4071601243209235,-1.382855488763652,VISION,0.0,450.0,0,140.0,249.47,200.53,126.36,13.64,20.0,0.0
1779272400.4615664,249.47,13.64,-1.538,250.67943072130936,1.8786114644053256,-1.3354768919830196,VISION,0.0,450.0,0,140.0,249.47,200.53,126.36,13.64,20.0,0.0
1779272400.5116124,249.47,13.64,-1.538,250.67943072130936,1.8786114644053256,-1.3354768919830196,VISION,0.0,450.0,0,140.0,249.47,200.53,126.36,13.64,20.0,0.0
1779272400.561652,251.35926019819462,-0.9568293640843701,-1.2823946935421435,251.35926019819462,-0.9568293640843701,-1.2823946935421435,ESTIMA,0.0,450.0,0,140.0,251.359,198.641,140.957,-0.957,20.0,0.0
1779272400.611648,264.0,16.69,-1.26,264.0,16.69,-1.26,VISION,0.0,450.0,0,140.0,264.0,186.0,123.31,16.69,20.0,0.0
1779272400.6615515,264.0,16.69,-1.26,264.911409993891,13.852535397358274,-1.208468481061953,VISION,0.0,450.0,0,140.0,264.0,186.0,123.31,16.69,20.0,0.0
1779272400.7115803,264.0,16.69,-1.26,264.911409993891,13.852535397358274,-1.208468481061953,VISION,0.0,450.0,0,140.0,264.0,186.0,123.31,16.69,20.0,0.0
1779272400.7616196,264.0,16.69,-1.26,264.911409993891,13.852535397358274,-1.208468481061953,VISION,0.0,450.0,0,140.0,264.0,186.0,123.31,16.69,20.0,0.0
1779272400.8116047,264.0,16.69,-1.26,266.3315735293379,10.106023247819518,-1.138668663757481,VISION,0.0,450.0,0,140.0,264.0,186.0,123.31,16.69,20.0,0.0
1779272400.8615274,264.0,16.69,-1.26,267.24457295375737,8.126400631895695,-1.100750665064731,VISION,0.0,450.0,0,140.0,264.0,186.0,123.31,16.69,20.0,0.0
1779272400.9115515,264.0,16.69,-1.26,267.24457295375737,8.126400631895695,-1.100750665064731,VISION,0.0,450.0,0,140.0,264.0,186.0,123.31,16.69,20.0,0.0
1779272400.9616451,264.0,16.69,-1.26,268.6442705476951,5.371217006529331,-1.0466988312361643,VISION,0.0,450.0,0,140.0,264.0,186.0,123.31,16.69,20.0,0.0
1779272401.01152,264.0,16.69,-1.26,268.6442705476951,5.371217006529331,-1.0466988312361643,VISION,0.0,450.0,0,140.0,264.0,186.0,123.31,16.69,20.0,0.0
1779272401.0616684,264.0,16.69,-1.26,270.21917697931144,2.6465380876291635,-0.9844325167168831,VISION,0.0,450.0,0,140.0,264.0,186.0,123.31,16.69,20.0,0.0
1779272401.1115139,264.0,16.69,-1.26,270.21917697931144,2.6465380876291635,-0.9844325167168831,VISION,0.0,450.0,0,140.0,264.0,186.0,123.31,16.69,20.0,0.0
1779272401.1617792,270.21917697931144,2.6465380876291635,-0.9844325167168831,276.93,24.14,-0.975,ESTIMA,0.0,450.0,0,140.0,270.219,179.781,137.353,2.647,20.0,0.0
1779272401.211939,276.93,24.14,-0.975,276.93,24.14,-0.975,VISION,0.0,450.0,0,140.0,276.93,173.07,115.86,24.14,20.0,0.0
1779272401.2615285,276.93,24.14,-0.975,276.93,24.14,-0.975,VISION,0.0,450.0,0,140.0,276.93,173.07,115.86,24.14,20.0,0.0
1779272401.3115332,276.93,24.14,-0.975,278.5857804850322,21.697785720011304,-0.9210519391106571,VISION,0.0,450.0,0,140.0,276.93,173.07,115.86,24.14,20.0,0.0
1779272401.3615537,276.93,24.14,-0.975,278.5857804850322,21.697785720011304,-0.9210519391106571,VISION,0.0,450.0,0,140.0,276.93,173.07,115.86,24.14,20.0,0.0
1779272401.4115117,276.93,24.14,-0.975,280.27495803038704,19.474601984977017,-0.8656846505434669,VISION,0.0,450.0,0,140.0,276.93,173.07,115.86,24.14,20.0,0.0
1779272401.4615867,276.93,24.14,-0.975,280.27495803038704,19.474601984977017,-0.8656846505434669,VISION,0.0,450.0,0,140.0,276.93,173.07,115.86,24.14,20.0,0.0
1779272401.5115643,276.93,24.14,-0.975,282.35770959568566,17.027370522735954,-0.8019770602082572,VISION,0.0,450.0,0,140.0,276.93,173.07,115.86,24.14,20.0,0.0
1779272401.5615296,276.93,24.14,-0.975,282.35770959568566,17.027370522735954,-0.8019770602082572,VISION,0.0,450.0,0,140.0,276.93,173.07,115.86,24.14,20.0,0.0
1779272401.6115212,276.93,24.14,-0.975,283.9261436621776,15.406048981536353,-0.7594859140946224,VISION,0.0,450.0,0,140.0,276.93,173.07,115.86,24.14,20.0,0.0
1779272401.6615162,276.93,24.14,-0.975,283.9261436621776,15.406048981536353,-0.7594859140946224,VISION,0.0,450.0,0,140.0,276.93,173.07,115.86,24.14,20.0,0.0
1779272401.7116265,276.93,24.14,-0.975,286.0929392746119,13.348734078374422,-0.7010813294043813,VISION,0.0,450.0,0,140.0,276.93,173.07,115.86,24.14,20.0,0.0
1779272401.7616572,286.0929392746119,13.348734078374422,-0.7010813294043813,286.0929392746119,13.348734078374422,-0.7010813294043813,ESTIMA,0.0,450.0,0,140.0,286.093,163.907,126.651,13.349,20.0,0.0
1779272401.8115726,288.40881452514907,11.393814515048845,-0.6472570080954444,288.40881452514907,11.393814515048845,-0.6472570080954444,ESTIMA,0.0,450.0,0,140.0,288.409,161.591,128.606,11.394,20.0,0.0
1779272401.8615854,288.40881452514907,11.393814515048845,-0.6472570080954444,288.40881452514907,11.393814515048845,-0.6472570080954444,ESTIMA,0.0,450.0,0,140.0,288.409,161.591,128.606,11.394,20.0,0.0
1779272401.9116864,290.757560356314,9.618432306248971,-0.5931508371757105,290.757560356314,9.618432306248971,-0.5931508371757105,ESTIMA,0.0,450.0,0,140.0,290.758,159.242,130.382,9.618,20.0,0.0
1779272401.9616134,290.757560356314,9.618432306248971,-0.5931508371757105,290.757560356314,9.618432306248971,-0.5931508371757105,ESTIMA,0.0,450.0,0,140.0,290.758,159.242,130.382,9.618,20.0,0.0
1779272402.0116074,293.37505075968795,7.853906953485668,-0.5326285108653819,293.37505075968795,7.853906953485668,-0.5326285108653819,ESTIMA,0.0,450.0,0,140.0,293.375,156.625,132.146,7.854,20.0,0.0
1779272402.0616004,293.37505075968795,7.853906953485668,-0.5326285108653819,293.37505075968795,7.853906953485668,-0.5326285108653819,ESTIMA,0.0,450.0,0,140.0,293.375,156.625,132.146,7.854,20.0,0.0
1779272402.1116087,296.3360983915165,6.108507530033443,-0.4589466814676352,296.3360983915165,6.108507530033443,-0.4589466814676352,ESTIMA,0.0,450.0,0,140.0,296.336,153.664,133.891,6.109,20.0,0.0
1779272402.161531,296.3360983915165,6.108507530033443,-0.4589466814676352,296.3360983915165,6.108507530033443,-0.4589466814676352,ESTIMA,0.0,450.0,0,140.0,296.336,153.664,133.891,6.109,20.0,0.0
1779272402.2116063,298.9025343331816,4.840335092773895,-0.3939921144570834,298.9025343331816,4.840335092773895,-0.3939921144570834,ESTIMA,0.0,450.0,0,140.0,298.903,151.097,135.16,4.84,20.0,0.0
1779272402.2615802,298.9025343331816,4.840335092773895,-0.3939921144570834,298.9025343331816,4.840335092773895,-0.3939921144570834,ESTIMA,0.0,450.0,0,140.0,298.903,151.097,135.16,4.84,20.0,0.0
1779272402.3117235,301.463698790967,3.775584095382142,-0.33811129998104406,301.463698790967,3.775584095382142,-0.33811129998104406,ESTIMA,0.0,450.0,0,140.0,301.464,148.536,136.224,3.776,20.0,0.0
1779272402.361855,292.03,49.97,-0.365,292.03,49.97,-0.365,VISION,0.0,450.0,0,140.0,292.03,157.97,90.03,49.97,20.0,0.0
1779272402.4115527,292.03,49.97,-0.365,294.758061300016,48.927547600420354,-0.3033631233993208,VISION,0.0,450.0,0,140.0,292.03,157.97,90.03,49.97,20.0,0.0
1779272402.4615357,292.03,49.97,-0.365,294.758061300016,48.927547600420354,-0.3033631233993208,VISION,0.0,450.0,0,140.0,292.03,157.97,90.03,49.97,20.0,0.0
1779272402.511669,292.03,49.97,-0.365,297.8474716147957,47.96048481884953,-0.24002320633798735,VISION,0.0,450.0,0,140.0,292.03,157.97,90.03,49.97,20.0,0.0
1779272402.5615695,292.03,49.97,-0.365,297.8474716147957,47.96048481884953,-0.24002320633798735,VISION,0.0,450.0,0,140.0,292.03,157.97,90.03,49.97,20.0,0.0
1779272402.6116407,292.03,49.97,-0.365,300.68236908040353,47.2666683307747,-0.18420228060479032,VISION,0.0,450.0,0,140.0,292.03,157.97,90.03,49.97,20.0,0.0
1779272402.6615572,292.03,49.97,-0.365,300.68236908040353,47.2666683307747,-0.18420228060479032,VISION,0.0,450.0,0,140.0,292.03,157.97,90.03,49.97,20.0,0.0
1779272402.71161,292.03,49.97,-0.365,300.68236908040353,47.2666683307747,-0.18420228060479032,VISION,0.0,450.0,0,140.0,292.03,157.97,90.03,49.97,20.0,0.0
1779272402.7616239,292.03,49.97,-0.365,304.79863975626904,46.499748210923286,-0.0815512872983333,VISION,0.0,450.0,0,140.0,292.03,157.97,90.03,49.97,20.0,0.0
1779272402.8116357,292.03,49.97,-0.365,304.79863975626904,46.499748210923286,-0.0815512872983333,VISION,0.0,450.0,0,140.0,292.03,157.97,90.03,49.97,20.0,0.0
1779272402.8616152,292.03,49.97,-0.365,307.39736460557174,46.28734778091164,-0.024627174747181506,VISION,0.0,450.0,0,140.0,292.03,157.97,90.03,49.97,20.0,0.0
1779272402.911767,307.39736460557174,46.28734778091164,-0.024627174747181506,307.39736460557174,46.28734778091164,-0.024627174747181506,ESTIMA,0.0,450.0,0,140.0,307.397,142.603,93.713,46.287,20.0,0.0
1779272402.9616032,310.58367185868536,46.20886216763381,0.042192814265626884,310.58367185868536,46.20886216763381,0.042192814265626884,ESTIMA,0.0,450.0,0,140.0,310.584,139.416,93.791,46.209,20.0,0.0
1779272403.011583,310.58367185868536,46.20886216763381,0.042192814265626884,310.58367185868536,46.20886216763381,0.042192814265626884,ESTIMA,0.0,450.0,0,140.0,310.584,139.416,93.791,46.209,20.0,0.0
1779272403.0616353,313.5795383871954,46.335341270660216,0.10376411269831719,313.5795383871954,46.335341270660216,0.10376411269831719,ESTIMA,0.0,450.0,0,140.0,313.58,136.42,93.665,46.335,20.0,0.0
1779272403.1116242,313.5795383871954,46.335341270660216,0.10376411269831719,313.5795383871954,46.335341270660216,0.10376411269831719,ESTIMA,0.0,450.0,0,140.0,313.58,136.42,93.665,46.335,20.0,0.0
1779272403.1616414,316.5216792351,46.64173032470448,0.15990881929409262,316.5216792351,46.64173032470448,0.15990881929409262,ESTIMA,0.0,450.0,0,140.0,316.522,133.478,93.358,46.642,20.0,0.0
1779272403.2115605,316.5216792351,46.64173032470448,0.15990881929409262,316.5216792351,46.64173032470448,0.15990881929409262,ESTIMA,0.0,450.0,0,140.0,316.522,133.478,93.358,46.642,20.0,0.0
1779272403.2616122,319.6697140312925,47.14946397130914,0.2268952180205112,319.6697140312925,47.14946397130914,0.2268952180205112,ESTIMA,0.0,450.0,0,140.0,319.67,130.33,92.851,47.149,20.0,0.0
1779272403.311625,319.6697140312925,47.14946397130914,0.2268952180205112,319.6697140312925,47.14946397130914,0.2268952180205112,ESTIMA,0.0,450.0,0,140.0,319.67,130.33,92.851,47.149,20.0,0.0
1779272403.3616016,322.8561852623917,47.885126926877966,0.29755997872005213,322.8561852623917,47.885126926877966,0.29755997872005213,ESTIMA,0.0,450.0,0,140.0,322.856,127.144,92.115,47.885,20.0,0.0
1779272403.4115682,322.8561852623917,47.885126926877966,0.29755997872005213,322.8561852623917,47.885126926877966,0.29755997872005213,ESTIMA,0.0,450.0,0,140.0,322.856,127.144,92.115,47.885,20.0,0.0
1779272403.4615657,326.0794869055804,48.87359994024056,0.3704241987913301,326.0794869055804,48.87359994024056,0.3704241987913301,ESTIMA,0.0,450.0,0,140.0,326.079,123.921,91.126,48.874,20.0,0.0
1779272403.5121753,287.34,81.5,0.343,287.34,81.5,0.343,ESTIMA,0.0,450.0,0,140.0,287.34,162.66,58.5,81.5,20.0,0.0
1779272403.5616205,287.34,81.5,0.343,287.34,81.5,0.343,VISION,0.0,450.0,0,140.0,287.34,162.66,58.5,81.5,20.0,0.0
1779272403.61162,287.34,81.5,0.343,290.7629082272449,82.72237482666462,0.41920099445955217,VISION,0.0,450.0,0,140.0,287.34,162.66,58.5,81.5,20.0,0.0
1779272403.6615274,287.34,81.5,0.343,290.7629082272449,82.72237482666462,0.41920099445955217,VISION,0.0,450.0,0,140.0,287.34,162.66,58.5,81.5,20.0,0.0
1779272403.711545,287.34,81.5,0.343,293.77745723966626,84.06570169531294,0.48763674302075777,VISION,0.0,450.0,0,140.0,287.34,162.66,58.5,81.5,20.0,0.0
1779272403.761868,287.34,81.5,0.343,293.77745723966626,84.06570169531294,0.48763674302075777,VISION,0.0,450.0,0,140.0,287.34,162.66,58.5,81.5,20.0,0.0
1779272403.8115883,287.34,81.5,0.343,295.5567373845257,85.00935422246843,0.5277266974877703,VISION,0.0,450.0,0,140.0,287.34,162.66,58.5,81.5,20.0,0.0
1779272403.862213,287.34,81.5,0.343,298.1526072576837,86.52240200336854,0.5878775162068803,VISION,0.0,450.0,0,140.0,287.34,162.66,58.5,81.5,20.0,0.0
1779272403.91159,287.34,81.5,0.343,298.1526072576837,86.52240200336854,0.5878775162068803,VISION,0.0,450.0,0,140.0,287.34,162.66,58.5,81.5,20.0,0.0
1779272403.9616125,287.34,81.5,0.343,298.1526072576837,86.52240200336854,0.5878775162068803,VISION,0.0,450.0,0,140.0,287.34,162.66,58.5,81.5,20.0,0.0
1779272404.0116034,287.34,81.5,0.343,301.7412489997029,88.91418148350265,0.6848019358259928,VISION,0.0,450.0,0,140.0,287.34,162.66,58.5,81.5,20.0,0.0
1779272404.0616715,301.7412489997029,88.91418148350265,0.6848019358259928,301.7412489997029,88.91418148350265,0.6848019358259928,ESTIMA,0.0,450.0,0,140.0,301.741,148.259,51.086,88.914,20.0,0.0
1779272404.1117344,277.25,94.33,0.72,277.25,94.33,0.72,VISION,0.0,450.0,0,140.0,277.25,172.75,45.67,94.33,20.0,0.0
1779272404.1615386,277.25,94.33,0.72,277.25,94.33,0.72,VISION,0.0,450.0,0,140.0,277.25,172.75,45.67,94.33,20.0,0.0
1779272404.211591,277.25,94.33,0.72,279.5330079785321,96.33235301312867,0.7850888021288057,VISION,0.0,450.0,0,140.0,277.25,172.75,45.67,94.33,20.0,0.0
1779272404.2615254,277.25,94.33,0.72,279.5330079785321,96.33235301312867,0.7850888021288057,VISION,0.0,450.0,0,140.0,277.25,172.75,45.67,94.33,20.0,0.0
1779272404.3115623,277.25,94.33,0.72,281.9713112172477,98.76914808519797,0.8478519968234616,VISION,0.0,450.0,0,140.0,277.25,172.75,45.67,94.33,20.0,0.0
1779272404.3615375,277.25,94.33,0.72,281.9713112172477,98.76914808519797,0.8478519968234616,VISION,0.0,450.0,0,140.0,277.25,172.75,45.67,94.33,20.0,0.0
1779272404.4115448,277.25,94.33,0.72,281.9713112172477,98.76914808519797,0.8478519968234616,VISION,0.0,450.0,0,140.0,277.25,172.75,45.67,94.33,20.0,0.0
1779272404.4617283,277.25,94.33,0.72,284.080825144852,101.16009932345159,0.9192277051897253,VISION,0.0,450.0,0,140.0,277.25,172.75,45.67,94.33,20.0,0.0
1779272404.511737,277.25,94.33,0.72,285.64691120643096,103.21349121238195,0.9764071747260225,VISION,0.0,450.0,0,140.0,277.25,172.75,45.67,94.33,20.0,0.0
1779272404.5615728,277.25,94.33,0.72,285.64691120643096,103.21349121238195,0.9764071747260225,VISION,0.0,450.0,0,140.0,277.25,172.75,45.67,94.33,20.0,0.0
1779272404.6116376,277.25,94.33,0.72,285.64691120643096,103.21349121238195,0.9764071747260225,VISION,0.0,450.0,0,140.0,277.25,172.75,45.67,94.33,20.0,0.0
1779272404.6617503,287.77048946506886,106.35519867046793,1.0577689792585423,287.77048946506886,106.35519867046793,1.0577689792585423,ESTIMA,0.0,450.0,0,140.0,287.77,162.23,33.645,106.355,20.0,0.0
1779272404.7116728,263.7,103.07,1.105,263.72,103.18,1.104,VISION,0.0,450.0,0,140.0,263.7,186.3,36.93,103.07,20.0,0.0
1779272404.7615936,263.72,103.18,1.104,263.72,103.18,1.104,VISION,0.0,450.0,0,140.0,263.72,186.28,36.82,103.18,20.0,0.0
1779272404.8115206,263.72,103.18,1.104,265.867931303422,107.44225797123734,1.2000797395092984,VISION,0.0,450.0,0,140.0,263.72,186.28,36.82,103.18,20.0,0.0
1779272404.86163,263.72,103.18,1.104,266.46382407379036,108.97534648303741,1.2324606844452048,VISION,0.0,450.0,0,140.0,263.72,186.28,36.82,103.18,20.0,0.0
1779272404.9115524,263.72,103.18,1.104,266.46382407379036,108.97534648303741,1.2324606844452048,VISION,0.0,450.0,0,140.0,263.72,186.28,36.82,103.18,20.0,0.0
1779272404.96158,263.72,103.18,1.104,267.31101862195436,111.3830701323328,1.280314004057406,VISION,0.0,450.0,0,140.0,263.72,186.28,36.82,103.18,20.0,0.0
1779272405.0115397,263.72,103.18,1.104,267.31101862195436,111.3830701323328,1.280314004057406,VISION,0.0,450.0,0,140.0,263.72,186.28,36.82,103.18,20.0,0.0
1779272405.0616543,263.72,103.18,1.104,268.12468322012734,114.10491957365636,1.3327261275792401,VISION,0.0,450.0,0,140.0,263.72,186.28,36.82,103.18,20.0,0.0
1779272405.1115692,263.72,103.18,1.104,268.12468322012734,114.10491957365636,1.3327261275792401,VISION,0.0,450.0,0,140.0,263.72,186.28,36.82,103.18,20.0,0.0
1779272405.161565,263.72,103.18,1.104,268.86029391697775,117.13621201218322,1.4015202273012122,VISION,0.0,450.0,0,140.0,263.72,186.28,36.82,103.18,20.0,0.0
1779272405.2115664,263.72,103.18,1.104,268.86029391697775,117.13621201218322,1.4015202273012122,VISION,0.0,450.0,0,140.0,263.72,186.28,36.82,103.18,20.0,0.0
1779272405.2619486,248.62,106.67,1.515,248.62,106.67,1.515,ESTIMA,0.0,450.0,0,140.0,248.62,201.38,33.33,106.67,20.0,0.0
1779272405.3116086,248.62,106.67,1.515,248.62,106.67,1.515,VISION,0.0,450.0,0,140.0,248.62,201.38,33.33,106.67,20.0,0.0
1779272405.3615766,248.62,106.67,1.515,248.79646957236454,109.82946253712493,1.584184994042033,VISION,0.0,450.0,0,140.0,248.62,201.38,33.33,106.67,20.0,0.0
1779272405.4115362,248.62,106.67,1.515,248.79646957236454,109.82946253712493,1.584184994042033,VISION,0.0,450.0,0,140.0,248.62,201.38,33.33,106.67,20.0,0.0
1779272405.4616268,248.62,106.67,1.515,248.75603605584914,112.84926277199739,1.6381665751515873,VISION,0.0,450.0,0,140.0,248.62,201.38,33.33,106.67,20.0,0.0
1779272405.5115569,248.62,106.67,1.515,248.75603605584914,112.84926277199739,1.6381665751515873,VISION,0.0,450.0,0,140.0,248.62,201.38,33.33,106.67,20.0,0.0
1779272405.561548,248.62,106.67,1.515,248.5468863794242,115.94904583166455,1.6983526972004173,VISION,0.0,450.0,0,140.0,248.62,201.38,33.33,106.67,20.0,0.0
1779272405.6115568,248.62,106.67,1.515,248.5468863794242,115.94904583166455,1.6983526972004173,VISION,0.0,450.0,0,140.0,248.62,201.38,33.33,106.67,20.0,0.0
1779272405.6615279,248.62,106.67,1.515,248.23112936851726,118.41103677618986,1.7454870514860585,VISION,0.0,450.0,0,140.0,248.62,201.38,33.33,106.67,20.0,0.0
1779272405.7115462,248.62,106.67,1.515,248.23112936851726,118.41103677618986,1.7454870514860585,VISION,0.0,450.0,0,140.0,248.62,201.38,33.33,106.67,20.0,0.0
1779272405.7616477,248.62,106.67,1.515,247.58073789478638,122.0961895485452,1.8177871057925534,VISION,0.0,450.0,0,140.0,248.62,201.38,33.33,106.67,20.0,0.0
1779272405.8116236,247.58073789478638,122.0961895485452,1.8177871057925534,247.58073789478638,122.0961895485452,1.8177871057925534,ESTIMA,0.0,450.0,0,140.0,247.581,202.419,17.904,122.096,20.0,0.0
1779272405.8618782,233.82,104.68,1.858,232.97737870676247,107.53276553948733,1.9273790697080768,ESTIMA,0.0,450.0,0,140.0,233.82,216.18,35.32,104.68,20.0,0.0
1779272405.9115362,233.82,104.68,1.858,233.82,104.68,1.858,VISION,0.0,450.0,0,140.0,233.82,216.18,35.32,104.68,20.0,0.0
1779272405.9616106,233.82,104.68,1.858,233.82,104.68,1.858,VISION,0.0,450.0,0,140.0,233.82,216.18,35.32,104.68,20.0,0.0
1779272406.0115862,233.82,104.68,1.858,232.8162344880201,108.07833289911292,1.92620348652882,VISION,0.0,450.0,0,140.0,233.82,216.18,35.32,104.68,20.0,0.0
1779272406.0616086,233.82,104.68,1.858,232.8162344880201,108.07833289911292,1.92620348652882,VISION,0.0,450.0,0,140.0,233.82,216.18,35.32,104.68,20.0,0.0
1779272406.1115735,233.82,104.68,1.858,231.77435242635647,110.88536685510317,1.9823586912226727,VISION,0.0,450.0,0,140.0,233.82,216.18,35.32,104.68,20.0,0.0
1779272406.161744,233.82,104.68,1.858,231.77435242635647,110.88536685510317,1.9823586912226727,VISION,0.0,450.0,0,140.0,233.82,216.18,35.32,104.68,20.0,0.0
1779272406.2116427,233.82,104.68,1.858,230.7163193633074,113.30932418652328,2.032785140254111,VISION,0.0,450.0,0,140.0,233.82,216.18,35.32,104.68,20.0,0.0
1779272406.261757,233.82,104.68,1.858,229.55013433632976,115.65139875761618,2.085631981954516,VISION,0.0,450.0,0,140.0,233.82,216.18,35.32,104.68,20.0,0.0
1779272406.3116765,233.82,104.68,1.858,229.55013433632976,115.65139875761618,2.085631981954516,VISION,0.0,450.0,0,140.0,233.82,216.18,35.32,104.68,20.0,0.0
1779272406.362079,233.82,104.68,1.858,229.55013433632976,115.65139875761618,2.085631981954516,VISION,0.0,450.0,0,140.0,233.82,216.18,35.32,104.68,20.0,0.0
1779272406.4117568,227.66707852459396,118.97997190612121,2.167715009034581,227.66707852459396,118.97997190612121,2.167715009034581,ESTIMA,0.0,450.0,0,140.0,227.667,222.333,21.02,118.98,20.0,0.0
1779272406.4618573,220.84,97.53,2.213,220.84,97.53,2.213,VISION,0.0,450.0,0,140.0,220.84,229.16,42.47,97.53,20.0,0.0
1779272406.5121915,220.84,97.53,2.213,220.84,97.53,2.213,VISION,0.0,450.0,0,140.0,220.84,229.16,42.47,97.53,20.0,0.0
1779272406.5616987,220.84,97.53,2.213,218.12767748518627,101.15622214188018,2.3015962111949615,VISION,0.0,450.0,0,140.0,220.84,229.16,42.47,97.53,20.0,0.0
1779272406.6116817,220.84,97.53,2.213,217.21990856209783,102.16895126851206,2.3300742537881267,VISION,0.0,450.0,0,140.0,220.84,229.16,42.47,97.53,20.0,0.0
1779272406.6616282,220.84,97.53,2.213,217.21990856209783,102.16895126851206,2.3300742537881267,VISION,0.0,450.0,0,140.0,220.84,229.16,42.47,97.53,20.0,0.0
1779272406.7116787,220.84,97.53,2.213,215.3685366314421,104.11965695714511,2.377954289333688,VISION,0.0,450.0,0,140.0,220.84,229.16,42.47,97.53,20.0,0.0
1779272406.7618778,220.84,97.53,2.213,215.3685366314421,104.11965695714511,2.377954289333688,VISION,0.0,450.0,0,140.0,220.84,229.16,42.47,97.53,20.0,0.0
1779272406.8117096,220.84,97.53,2.213,212.62841307124185,106.74305298477978,2.455800048523122,VISION,0.0,450.0,0,140.0,220.84,229.16,42.47,97.53,20.0,0.0
1779272406.8616898,220.84,97.53,2.213,212.62841307124185,106.74305298477978,2.455800048523122,VISION,0.0,450.0,0,140.0,220.84,229.16,42.47,97.53,20.0,0.0
1779272406.9117053,220.84,97.53,2.213,210.9797564444113,108.09212752447685,2.496003474290123,VISION,0.0,450.0,0,140.0,220.84,229.16,42.47,97.53,20.0,0.0
1779272406.9616852,220.84,97.53,2.213,210.9797564444113,108.09212752447685,2.496003474290123,VISION,0.0,450.0,0,140.0,220.84,229.16,42.47,97.53,20.0,0.0
1779272407.0123775,220.84,97.53,2.213,211.07,85.88,2.556,VISION,0.0,450.0,0,140.0,220.84,229.16,42.47,97.53,20.0,0.0
1779272407.061711,211.07,85.88,2.556,211.07,85.88,2.556,VISION,0.0,450.0,0,140.0,211.07,238.93,54.12,85.88,20.0,0.0
1779272407.1117013,211.07,85.88,2.556,209.18774444784043,87.12829532757216,2.601663695520729,VISION,0.0,450.0,0,140.0,211.07,238.93,54.12,85.88,20.0,0.0
1779272407.1617343,211.07,85.88,2.556,209.18774444784043,87.12829532757216,2.601663695520729,VISION,0.0,450.0,0,140.0,211.07,238.93,54.12,85.88,20.0,0.0
1779272407.2116494,211.07,85.88,2.556,206.72394263474735,88.60493320461367,2.656292660082278,VISION,0.0,450.0,0,140.0,211.07,238.93,54.12,85.88,20.0,0.0
1779272407.261631,211.07,85.88,2.556,206.72394263474735,88.60493320461367,2.656292660082278,VISION,0.0,450.0,0,140.0,211.07,238.93,54.12,85.88,20.0,0.0
1779272407.3117268,211.07,85.88,2.556,204.03068196579844,90.02526738400604,2.7204949354943895,VISION,0.0,450.0,0,140.0,211.07,238.93,54.12,85.88,20.0,0.0
1779272407.3616335,211.07,85.88,2.556,204.03068196579844,90.02526738400604,2.7204949354943895,VISION,0.0,450.0,0,140.0,211.07,238.93,54.12,85.88,20.0,0.0
1779272407.4116464,211.07,85.88,2.556,201.35185629277188,91.22508614676866,2.7719363775880153,VISION,0.0,450.0,0,140.0,211.07,238.93,54.12,85.88,20.0,0.0
1779272407.4616416,211.07,85.88,2.556,201.35185629277188,91.22508614676866,2.7719363775880153,VISION,0.0,450.0,0,140.0,211.07,238.93,54.12,85.88,20.0,0.0
1779272407.511695,211.07,85.88,2.556,201.35185629277188,91.22508614676866,2.7719363775880153,VISION,0.0,450.0,0,140.0,211.07,238.93,54.12,85.88,20.0,0.0
1779272407.5619378,197.64902905256915,92.65981240191975,2.8608918344239322,197.64902905256915,92.65981240191975,2.8608918344239322,ESTIMA,0.0,450.0,0,140.0,197.649,252.351,47.34,92.66,20.0,0.0
1779272407.61184,206.39,71.06,2.902,204.0528950783011,71.63091968715334,2.9483066994269316,VISION,0.0,450.0,0,140.0,206.39,243.61,68.94,71.06,20.0,0.0
1779272407.6617346,206.39,71.06,2.902,206.39,71.06,2.902,VISION,0.0,450.0,0,140.0,206.39,243.61,68.94,71.06,20.0,0.0
1779272407.7116928,206.39,71.06,2.902,206.39,71.06,2.902,VISION,0.0,450.0,0,140.0,206.39,243.61,68.94,71.06,20.0,0.0
1779272407.761749,206.39,71.06,2.902,202.63323940748566,71.97772027959665,2.993151837220102,VISION,0.0,450.0,0,140.0,206.39,243.61,68.94,71.06,20.0,0.0
1779272407.8116395,206.39,71.06,2.902,202.63323940748566,71.97772027959665,2.993151837220102,VISION,0.0,450.0,0,140.0,206.39,243.61,68.94,71.06,20.0,0.0
1779272407.861705,206.39,71.06,2.902,200.12899897148165,72.35220638329693,3.0405653015585683,VISION,0.0,450.0,0,140.0,206.39,243.61,68.94,71.06,20.0,0.0
1779272407.9116256,206.39,71.06,2.902,200.12899897148165,72.35220638329693,3.0405653015585683,VISION,0.0,450.0,0,140.0,206.39,243.61,68.94,71.06,20.0,0.0
1779272407.961723,206.39,71.06,2.902,196.5701243639883,72.71297830640889,3.1146943336873085,VISION,0.0,450.0,0,140.0,206.39,243.61,68.94,71.06,20.0,0.0
1779272408.0117984,206.39,71.06,2.902,196.5701243639883,72.71297830640889,3.1146943336873085,VISION,0.0,450.0,0,140.0,206.39,243.61,68.94,71.06,20.0,0.0
1779272408.0618923,206.39,71.06,2.902,193.57069985852166,72.79367724964185,3.169023301544003,VISION,0.0,450.0,0,140.0,206.39,243.61,68.94,71.06,20.0,0.0
1779272408.1117907,206.39,71.06,2.902,193.57069985852166,72.79367724964185,3.169023301544003,VISION,0.0,450.0,0,140.0,206.39,243.61,68.94,71.06,20.0,0.0
1779272408.161843,206.39,71.06,2.902,190.7635874753554,72.71665701941005,3.22870769879699,VISION,0.0,450.0,0,140.0,206.39,243.61,68.94,71.06,20.0,0.0
1779272408.212047,207.22,54.7,-3.038,207.22,54.7,-3.038,ESTIMA,0.0,450.0,0,140.0,207.22,242.78,85.3,54.7,20.0,0.0
1779272408.2618685,207.22,54.7,-3.038,207.22,54.7,-3.038,VISION,0.0,450.0,0,140.0,207.22,242.78,85.3,54.7,20.0,0.0
1779272408.3117135,207.22,54.7,-3.038,202.18099632513668,54.17612090379977,-2.934714145096041,VISION,0.0,450.0,0,140.0,207.22,242.78,85.3,54.7,20.0,0.0
1779272408.3616939,207.22,54.7,-3.038,201.13943722570951,53.95751712227028,-2.912194332580687,VISION,0.0,450.0,0,140.0,207.22,242.78,85.3,54.7,20.0,0.0
1779272408.4117122,207.22,54.7,-3.038,201.13943722570951,53.95751712227028,-2.912194332580687,VISION,0.0,450.0,0,140.0,207.22,242.78,85.3,54.7,20.0,0.0
1779272408.4616973,207.22,54.7,-3.038,201.13943722570951,53.95751712227028,-2.912194332580687,VISION,0.0,450.0,0,140.0,207.22,242.78,85.3,54.7,20.0,0.0
1779272408.511775,207.22,54.7,-3.038,196.21736236923397,52.80816939416093,-2.8115940163007664,VISION,0.0,450.0,0,140.0,207.22,242.78,85.3,54.7,20.0,0.0
1779272408.561725,207.22,54.7,-3.038,196.21736236923397,52.80816939416093,-2.8115940163007664,VISION,0.0,450.0,0,140.0,207.22,242.78,85.3,54.7,20.0,0.0
1779272408.611749,207.22,54.7,-3.038,194.6127162750023,52.2585406465165,-2.7786948203917525,VISION,0.0,450.0,0,140.0,207.22,242.78,85.3,54.7,20.0,0.0
1779272408.6619456,207.22,54.7,-3.038,192.1775869117251,51.33388581904512,-2.724100019698902,VISION,0.0,450.0,0,140.0,207.22,242.78,85.3,54.7,20.0,0.0
1779272408.711753,207.22,54.7,-3.038,192.1775869117251,51.33388581904512,-2.724100019698902,VISION,0.0,450.0,0,140.0,207.22,242.78,85.3,54.7,20.0,0.0
1779272408.7618272,189.37338715793743,50.0900311378279,-2.660364913510645,189.37338715793743,50.0900311378279,-2.660364913510645,ESTIMA,0.0,450.0,0,140.0,189.373,260.627,89.91,50.09,20.0,0.0
1779272408.812426,213.73,38.86,-2.675,213.73,38.86,-2.675,VISION,0.0,450.0,0,140.0,213.73,236.27,101.14,38.86,0.0,0.0
1779272408.8621466,213.73,38.86,-2.675,210.8727864660799,37.42085941473128,-2.603962104200534,VISION,0.0,450.0,0,140.0,213.73,236.27,101.14,38.86,0.0,0.0
1779272408.911824,213.73,38.86,-2.675,210.8727864660799,37.42085941473128,-2.603962104200534,VISION,0.0,450.0,0,140.0,213.73,236.27,101.14,38.86,0.0,0.0
1779272408.9617403,213.73,38.86,-2.675,210.8727864660799,37.42085941473128,-2.603962104200534,VISION,0.0,450.0,0,140.0,213.73,236.27,101.14,38.86,0.0,0.0
1779272409.0117745,213.73,38.86,-2.675,210.8727864660799,37.42085941473128,-2.603962104200534,VISION,0.0,450.0,0,140.0,213.73,236.27,101.14,38.86,0.0,0.0
1779272409.061712,213.73,38.86,-2.675,207.16904381585562,35.21263858893892,-2.5130089074367157,VISION,0.0,450.0,0,140.0,213.73,236.27,101.14,38.86,0.0,0.0
1779272409.111725,213.73,38.86,-2.675,206.4860374066204,34.71612856921978,-2.497542421448908,VISION,0.0,450.0,0,140.0,213.73,236.27,101.14,38.86,0.0,0.0
1779272409.1617177,213.73,38.86,-2.675,206.4860374066204,34.71612856921978,-2.497542421448908,VISION,0.0,450.0,0,140.0,213.73,236.27,101.14,38.86,0.0,0.0
1779272409.211712,213.73,38.86,-2.675,206.37586762127466,34.633406665002916,-2.4952858308192396,VISION,0.0,450.0,0,140.0,213.73,236.27,101.14,38.86,0.0,0.0
1779272409.2617972,213.73,38.86,-2.675,206.37586762127466,34.633406665002916,-2.4952858308192396,VISION,0.0,450.0,0,140.0,213.73,236.27,101.14,38.86,0.0,0.0
1779272409.311746,213.73,38.86,-2.675,206.37586762127466,34.633406665002916,-2.49528583081924,VISION,0.0,450.0,0,140.0,213.73,236.27,101.14,38.86,0.0,0.0
1779272409.3619325,206.37586762127466,34.633406665002916,-2.49528583081924,206.37586762127466,34.633406665002916,-2.49528583081924,ESTIMA,0.0,450.0,0,140.0,206.376,243.624,105.367,34.633,-10.0,0.0
1779272409.4117844,206.37586762127466,34.633406665002916,-2.49528583081924,206.37586762127466,34.633406665002916,-2.49528583081924,ESTIMA,0.0,450.0,0,140.0,206.376,243.624,105.367,34.633,-10.0,0.0
1779272409.4617298,206.37586762127466,34.633406665002916,-2.4952858308192405,206.37586762127466,34.633406665002916,-2.4952858308192405,ESTIMA,0.0,450.0,0,140.0,206.376,243.624,105.367,34.633,-10.0,0.0
1779272409.5118268,206.37586762127466,34.633406665002916,-2.4952858308192405,206.37586762127466,34.633406665002916,-2.4952858308192405,ESTIMA,0.0,450.0,0,140.0,206.376,243.624,105.367,34.633,-10.0,0.0
1779272409.5617864,204.6087209731157,33.30028327827215,-2.4952858308192405,204.6087209731157,33.30028327827215,-2.4952858308192405,ESTIMA,0.0,450.0,0,140.0,204.609,245.391,106.7,33.3,-10.0,0.0
1779272409.6119056,201.8789699314671,31.240977698078396,-2.442881269283175,201.8789699314671,31.240977698078396,-2.442881269283175,ESTIMA,0.0,450.0,0,140.0,201.879,248.121,108.759,31.241,-10.0,0.0
1779272409.6617613,201.8789699314671,31.240977698078396,-2.442881269283175,201.8789699314671,31.240977698078396,-2.442881269283175,ESTIMA,0.0,450.0,0,140.0,201.879,248.121,108.759,31.241,-10.0,0.0
1779272409.7117307,201.8789699314671,31.240977698078396,-2.442881269283175,201.8789699314671,31.240977698078396,-2.442881269283175,ESTIMA,0.0,450.0,0,140.0,201.879,248.121,108.759,31.241,-10.0,0.0
1779272409.7618027,200.80779282787378,30.341094727635006,-2.3780234144666266,200.80779282787378,30.341094727635006,-2.3780234144666266,ESTIMA,0.0,450.0,0,140.0,200.808,249.192,109.659,30.341,-10.0,0.0
1779272409.8118114,200.80779282787378,30.341094727635006,-2.3780234144666266,200.80779282787378,30.341094727635006,-2.3780234144666266,ESTIMA,0.0,450.0,0,140.0,200.808,249.192,109.659,30.341,-10.0,0.0
1779272409.8617709,198.96581228728724,28.577825415488363,-2.37846486095111,198.96581228728724,28.577825415488363,-2.37846486095111,ESTIMA,0.0,450.0,0,140.0,198.966,251.034,111.422,28.578,-10.0,0.0
1779272409.9118085,197.91365202042158,27.571515620490754,-2.235024548598436,197.91365202042158,27.571515620490754,-2.235024548598436,ESTIMA,0.0,450.0,0,140.0,197.914,252.086,112.428,27.572,0.0,0.0
1779272409.961991,230.58,22.37,-2.154,230.58,22.37,-2.154,VISION,0.0,450.0,0,140.0,230.58,219.42,117.63,22.37,0.0,0.0
1779272410.0119798,230.58,22.37,-2.154,229.9771518823092,21.45625724287454,-2.304992069573238,VISION,0.0,450.0,0,140.0,230.58,219.42,117.63,22.37,0.0,0.0
1779272410.061771,230.58,22.37,-2.154,229.9771518823092,21.45625724287454,-2.304992069573238,VISION,0.0,450.0,0,140.0,230.58,219.42,117.63,22.37,0.0,0.0
1779272410.1118104,230.58,22.37,-2.154,229.9771518823092,21.45625724287454,-2.3049920695732387,VISION,0.0,450.0,0,140.0,230.58,219.42,117.63,22.37,0.0,0.0
1779272410.161867,230.58,22.37,-2.154,229.9771518823092,21.45625724287454,-2.3049920695732387,VISION,0.0,450.0,0,140.0,230.58,219.42,117.63,22.37,0.0,0.0
1779272410.2117693,230.58,22.37,-2.154,229.9771518823092,21.45625724287454,-2.3049920695732387,VISION,0.0,450.0,0,140.0,230.58,219.42,117.63,22.37,0.0,0.0
1779272410.2617602,230.58,22.37,-2.154,229.9771518823092,21.45625724287454,-2.3049920695732387,VISION,0.0,450.0,0,140.0,230.58,219.42,117.63,22.37,0.0,0.0
1779272410.311814,230.58,22.37,-2.154,229.9771518823092,21.45625724287454,-2.3049920695732395,VISION,0.0,450.0,0,140.0,230.58,219.42,117.63,22.37,0.0,0.0
1779272410.3617504,230.58,22.37,-2.154,229.9771518823092,21.45625724287454,-2.3049920695732395,VISION,0.0,450.0,0,140.0,230.58,219.42,117.63,22.37,0.0,0.0
1779272410.6117666,230.29,22.47,-2.164,230.29,22.47,-2.164,VISION,0.0,450.0,0,140.0,230.29,219.71,117.53,22.47,20.0,0.0
1779272410.6617703,230.29,22.47,-2.164,230.29,22.47,-2.1640000000000006,VISION,0.0,450.0,0,140.0,230.29,219.71,117.53,22.47,20.0,0.0
1779272410.7116997,230.29,22.47,-2.164,230.29,22.47,-2.1640000000000006,VISION,0.0,450.0,0,140.0,230.29,219.71,117.53,22.47,20.0,0.0
1779272410.761751,230.29,22.47,-2.164,230.10836989253272,22.200601279377263,-2.1527837340427487,VISION,0.0,450.0,0,140.0,230.29,219.71,117.53,22.47,20.0,0.0
1779272410.811758,230.29,22.47,-2.164,230.10836989253272,22.200601279377263,-2.1527837340427487,VISION,0.0,450.0,0,140.0,230.29,219.71,117.53,22.47,20.0,0.0
1779272410.8617682,230.29,22.47,-2.164,229.36995789852074,21.078416174032977,-2.1101784377606103,VISION,0.0,450.0,0,140.0,230.29,219.71,117.53,22.47,20.0,0.0
1779272410.9117596,230.29,22.47,-2.164,229.36995789852074,21.078416174032977,-2.1101784377606103,VISION,0.0,450.0,0,140.0,230.29,219.71,117.53,22.47,20.0,0.0
1779272410.9617808,230.29,22.47,-2.164,228.0861324246589,18.933666989196034,-2.075323469476148,VISION,0.0,450.0,0,140.0,230.29,219.71,117.53,22.47,20.0,0.0
1779272411.0117211,230.29,22.47,-2.164,228.0861324246589,18.933666989196034,-2.075323469476148,VISION,0.0,450.0,0,140.0,230.29,219.71,117.53,22.47,20.0,0.0
1779272411.0618005,230.29,22.47,-2.164,227.1269895227017,17.19670399091993,-2.049758688992532,VISION,0.0,450.0,0,140.0,230.29,219.71,117.53,22.47,20.0,0.0
1779272411.1125555,227.1269895227017,17.19670399091993,-2.049758688992532,230.3,22.47,-2.157,ESTIMA,0.0,450.0,0,140.0,227.127,222.873,122.803,17.197,20.0,0.0
1779272411.1617885,230.3,22.47,-2.157,230.3,22.47,-2.157,VISION,0.0,450.0,0,140.0,230.3,219.7,117.53,22.47,20.0,0.0
1779272411.2117698,230.3,22.47,-2.157,228.23277233679147,19.357039695426117,-2.108825700365971,VISION,0.0,450.0,0,140.0,230.3,219.7,117.53,22.47,20.0,0.0
1779272411.2618003,230.3,22.47,-2.157,227.3237227287908,17.833716028378614,-2.0800028702542113,VISION,0.0,450.0,0,140.0,230.3,219.7,117.53,22.47,20.0,0.0
1779272411.3117814,230.3,22.47,-2.157,227.3237227287908,17.833716028378614,-2.0800028702542113,VISION,0.0,450.0,0,140.0,230.3,219.7,117.53,22.47,20.0,0.0
1779272411.361773,230.3,22.47,-2.157,226.26132101935875,15.930852907358792,-2.039082391461601,VISION,0.0,450.0,0,140.0,230.3,219.7,117.53,22.47,20.0,0.0
1779272411.4117754,230.3,22.47,-2.157,226.26132101935875,15.930852907358792,-2.039082391461601,VISION,0.0,450.0,0,140.0,230.3,219.7,117.53,22.47,20.0,0.0
1779272411.4617329,230.3,22.47,-2.157,226.26132101935875,15.930852907358792,-2.039082391461601,VISION,0.0,450.0,0,140.0,230.3,219.7,117.53,22.47,20.0,0.0
1779272411.511754,230.3,22.47,-2.157,224.64144243868853,12.72831936764315,-1.9724587456365712,VISION,0.0,450.0,0,140.0,230.3,219.7,117.53,22.47,20.0,0.0
1779272411.5620308,230.3,22.47,-2.157,224.01089417129973,11.243817756320988,-1.9450188668981783,VISION,0.0,450.0,0,140.0,230.3,219.7,117.53,22.47,20.0,0.0
1779272411.61179,230.3,22.47,-2.157,224.01089417129973,11.243817756320988,-1.9450188668981783,VISION,0.0,450.0,0,140.0,230.3,219.7,117.53,22.47,20.0,0.0
1779272411.662095,223.14218281291,9.031830573212945,-1.9101470150796904,223.14218281291,9.031830573212945,-1.9101470150796904,ESTIMA,0.0,450.0,0,140.0,223.142,226.858,130.968,9.032,20.0,0.0
1779272411.712313,237.77,19.0,-1.994,237.77,19.0,-1.994,VISION,0.0,450.0,0,140.0,237.77,212.23,121.0,19.0,20.0,0.0
1779272411.761896,237.77,19.0,-1.994,237.77,19.0,-1.994,VISION,0.0,450.0,0,140.0,237.77,212.23,121.0,19.0,20.0,0.0
1779272411.8117895,237.77,19.0,-1.994,236.40422320118387,15.967774816694114,-1.9513266447594837,VISION,0.0,450.0,0,140.0,237.77,212.23,121.0,19.0,20.0,0.0
1779272411.8618646,237.77,19.0,-1.994,235.65021986879,14.082897351123984,-1.9252387641652544,VISION,0.0,450.0,0,140.0,237.77,212.23,121.0,19.0,20.0,0.0
1779272411.911768,237.77,19.0,-1.994,235.65021986879,14.082897351123984,-1.9252387641652544,VISION,0.0,450.0,0,140.0,237.77,212.23,121.0,19.0,20.0,0.0
1779272411.9618385,237.77,19.0,-1.994,235.65021986879,14.082897351123984,-1.9252387641652544,VISION,0.0,450.0,0,140.0,237.77,212.23,121.0,19.0,20.0,0.0
1779272412.0117779,237.77,19.0,-1.994,234.43214628423829,10.791438885818414,-1.872545213679063,VISION,0.0,450.0,0,140.0,237.77,212.23,121.0,19.0,20.0,0.0
1779272412.0617816,237.77,19.0,-1.994,233.89323779757584,9.06002560445199,-1.839287909750193,VISION,0.0,450.0,0,140.0,237.77,212.23,121.0,19.0,20.0,0.0
1779272412.1117885,237.77,19.0,-1.994,233.89323779757584,9.06002560445199,-1.839287909750193,VISION,0.0,450.0,0,140.0,237.77,212.23,121.0,19.0,20.0,0.0
1779272412.1618342,237.77,19.0,-1.994,233.89323779757584,9.06002560445199,-1.839287909750193,VISION,0.0,450.0,0,140.0,237.77,212.23,121.0,19.0,20.0,0.0
1779272412.2117348,237.77,19.0,-1.994,233.0903127908058,6.141729417917073,-1.7827513867459848,VISION,0.0,450.0,0,140.0,237.77,212.23,121.0,19.0,20.0,0.0
1779272412.2620413,232.5635521565181,3.693811088556491,-1.7374927134833118,232.5635521565181,3.693811088556491,-1.7374927134833118,ESTIMA,0.0,450.0,0,140.0,232.564,217.436,136.306,3.694,20.0,0.0
1779272412.31195,251.15,14.86,-1.751,251.15,14.86,-1.751,VISION,0.0,450.0,0,140.0,251.15,198.85,125.14,14.86,20.0,0.0
1779272412.3618088,251.15,14.86,-1.751,251.15,14.86,-1.751,VISION,0.0,450.0,0,140.0,251.15,198.85,125.14,14.86,20.0,0.0
1779272412.411801,251.15,14.86,-1.751,250.62228367914724,11.963323892039295,-1.7005129334891655,VISION,0.0,450.0,0,140.0,251.15,198.85,125.14,14.86,20.0,0.0
1779272412.4618053,251.15,14.86,-1.751,250.62228367914724,11.963323892039295,-1.7005129334891655,VISION,0.0,450.0,0,140.0,251.15,198.85,125.14,14.86,20.0,0.0
1779272412.5117826,251.15,14.86,-1.751,250.18631727546367,8.621281425270409,-1.6462735622109077,VISION,0.0,450.0,0,140.0,251.15,198.85,125.14,14.86,20.0,0.0
1779272412.5617821,251.15,14.86,-1.751,250.18631727546367,8.621281425270409,-1.6462735622109077,VISION,0.0,450.0,0,140.0,251.15,198.85,125.14,14.86,20.0,0.0
1779272412.6117733,251.15,14.86,-1.751,250.03137901179295,6.572399627877666,-1.6129509313706882,VISION,0.0,450.0,0,140.0,251.15,198.85,125.14,14.86,20.0,0.0
1779272412.6618094,251.15,14.86,-1.751,250.03137901179295,6.572399627877666,-1.6129509313706882,VISION,0.0,450.0,0,140.0,251.15,198.85,125.14,14.86,20.0,0.0
1779272412.7118347,251.15,14.86,-1.751,249.9012484103994,3.4872441054217918,-1.564553369883096,VISION,0.0,450.0,0,140.0,251.15,198.85,125.14,14.86,20.0,0.0
1779272412.7617793,251.15,14.86,-1.751,249.9012484103994,3.4872441054217918,-1.564553369883096,VISION,0.0,450.0,0,140.0,251.15,198.85,125.14,14.86,20.0,0.0
1779272412.8117912,249.9012484103994,3.4872441054217918,-1.564553369883096,249.9012484103994,3.4872441054217918,-1.564553369883096,ESTIMA,0.0,450.0,0,140.0,249.901,200.099,136.513,3.487,20.0,0.0
1779272412.8619103,249.92643306459863,-0.5467941504325688,-1.4984820428123733,249.92643306459863,-0.5467941504325688,-1.4984820428123733,ESTIMA,0.0,450.0,0,140.0,249.926,200.074,140.547,-0.547,20.0,0.0
1779272412.9118133,265.46,14.11,-1.48,265.60648450499997,12.50110511791365,-1.4543017188040928,VISION,0.0,450.0,0,140.0,265.46,184.54,125.89,14.11,20.0,0.0
1779272412.9617894,265.46,14.11,-1.48,265.60648450499997,12.50110511791365,-1.4543017188040928,VISION,0.0,450.0,0,140.0,265.46,184.54,125.89,14.11,20.0,0.0
1779272413.0117795,265.46,14.11,-1.48,265.9347767286882,9.695775325551338,-1.407093120106148,VISION,0.0,450.0,0,140.0,265.46,184.54,125.89,14.11,20.0,0.0
1779272413.0618317,265.46,14.11,-1.48,265.9347767286882,9.695775325551338,-1.407093120106148,VISION,0.0,450.0,0,140.0,265.46,184.54,125.89,14.11,20.0,0.0
1779272413.1117485,265.46,14.11,-1.48,266.3708869131438,7.055585918937762,-1.36282805610272,VISION,0.0,450.0,0,140.0,265.46,184.54,125.89,14.11,20.0,0.0
1779272413.1617882,265.46,14.11,-1.48,266.3708869131438,7.055585918937762,-1.36282805610272,VISION,0.0,450.0,0,140.0,265.46,184.54,125.89,14.11,20.0,0.0
1779272413.2117891,265.46,14.11,-1.48,266.3708869131438,7.055585918937762,-1.36282805610272,VISION,0.0,450.0,0,140.0,265.46,184.54,125.89,14.11,20.0,0.0
1779272413.2618425,265.46,14.11,-1.48,267.15026065894375,3.3622098514981977,-1.295942166779282,VISION,0.0,450.0,0,140.0,265.46,184.54,125.89,14.11,20.0,0.0
1779272413.3118126,265.46,14.11,-1.48,267.7401963768551,1.270173728798345,-1.2556391573952699,VISION,0.0,450.0,0,140.0,265.46,184.54,125.89,14.11,20.0,0.0
1779272413.361752,265.46,14.11,-1.48,267.7401963768551,1.270173728798345,-1.2556391573952699,VISION,0.0,450.0,0,140.0,265.46,184.54,125.89,14.11,20.0,0.0
1779272413.411811,268.5595438173567,-1.242982279845247,-1.2057963050962954,268.5595438173567,-1.242982279845247,-1.2057963050962954,ESTIMA,0.0,450.0,0,140.0,268.56,181.44,141.243,-1.243,20.0,0.0
1779272413.462228,279.42,17.6,-1.214,279.42,17.6,-1.214,VISION,0.0,450.0,0,140.0,279.42,170.58,122.4,17.6,20.0,0.0
1779272413.5117996,279.42,17.6,-1.214,279.42,17.6,-1.214,VISION,0.0,450.0,0,140.0,279.42,170.58,122.4,17.6,20.0,0.0
1779272413.5619648,279.42,17.6,-1.214,280.8139891818054,13.860253823341017,-1.145689045001686,VISION,0.0,450.0,0,140.0,279.42,170.58,122.4,17.6,20.0,0.0
1779272413.611795,279.42,17.6,-1.214,281.594764670723,12.135592730067595,-1.1120691294432592,VISION,0.0,450.0,0,140.0,279.42,170.58,122.4,17.6,20.0,0.0
1779272413.661828,279.42,17.6,-1.214,281.594764670723,12.135592730067595,-1.1120691294432592,VISION,0.0,450.0,0,140.0,279.42,170.58,122.4,17.6,20.0,0.0
1779272413.711794,279.42,17.6,-1.214,281.594764670723,12.135592730067595,-1.1120691294432592,VISION,0.0,450.0,0,140.0,279.42,170.58,122.4,17.6,20.0,0.0
1779272413.7618926,279.42,17.6,-1.214,283.23843670859833,8.807408710851892,-1.055645711926601,VISION,0.0,450.0,0,140.0,279.42,170.58,122.4,17.6,20.0,0.0
1779272413.8118312,279.42,17.6,-1.214,283.23843670859833,8.807408710851892,-1.055645711926601,VISION,0.0,450.0,0,140.0,279.42,170.58,122.4,17.6,20.0,0.0
1779272413.861786,279.42,17.6,-1.214,284.8388342000923,5.980552847872525,-1.0062064710103318,VISION,0.0,450.0,0,140.0,279.42,170.58,122.4,17.6,20.0,0.0
1779272413.9123018,279.42,17.6,-1.214,285.9378424414434,4.24535522716724,-0.9693886689603864,VISION,0.0,450.0,0,140.0,279.42,170.58,122.4,17.6,20.0,0.0
1779272413.9620638,279.42,17.6,-1.214,285.9378424414434,4.24535522716724,-0.9693886689603864,VISION,0.0,450.0,0,140.0,279.42,170.58,122.4,17.6,20.0,0.0
1779272414.0123425,285.9378424414434,4.24535522716724,-0.9693886689603864,287.5884868401918,1.839887958652358,-0.9110530032175387,ESTIMA,0.0,450.0,0,140.0,285.938,164.062,135.755,4.245,20.0,0.0
1779272414.0619705,292.15,25.31,-0.939,292.15,25.31,-0.939,VISION,0.0,450.0,0,140.0,292.15,157.85,114.69,25.31,20.0,0.0
1779272414.111779,292.15,25.31,-0.939,292.15,25.31,-0.939,VISION,0.0,450.0,0,140.0,292.15,157.85,114.69,25.31,20.0,0.0
1779272414.1617985,292.15,25.31,-0.939,294.2747763363188,22.406782938989075,-0.8708557334629516,VISION,0.0,450.0,0,140.0,292.15,157.85,114.69,25.31,20.0,0.0
1779272414.2117958,292.15,25.31,-0.939,294.2747763363188,22.406782938989075,-0.8708557334629516,VISION,0.0,450.0,0,140.0,292.15,157.85,114.69,25.31,20.0,0.0
1779272414.2619739,292.15,25.31,-0.939,296.65988684864703,19.574738528716136,-0.8011806020045098,VISION,0.0,450.0,0,140.0,292.15,157.85,114.69,25.31,20.0,0.0
1779272414.3117473,292.15,25.31,-0.939,296.65988684864703,19.574738528716136,-0.8011806020045098,VISION,0.0,450.0,0,140.0,292.15,157.85,114.69,25.31,20.0,0.0
1779272414.3618186,292.15,25.31,-0.939,298.10481549232276,18.083465616286237,-0.7662995304704371,VISION,0.0,450.0,0,140.0,292.15,157.85,114.69,25.31,20.0,0.0
1779272414.4118092,292.15,25.31,-0.939,298.10481549232276,18.083465616286237,-0.7662995304704371,VISION,0.0,450.0,0,140.0,292.15,157.85,114.69,25.31,20.0,0.0
1779272414.4620953,292.15,25.31,-0.939,300.44436122224647,15.831619850503936,-0.7132930249223334,VISION,0.0,450.0,0,140.0,292.15,157.85,114.69,25.31,20.0,0.0
1779272414.5118587,292.15,25.31,-0.939,300.44436122224647,15.831619850503936,-0.7132930249223334,VISION,0.0,450.0,0,140.0,292.15,157.85,114.69,25.31,20.0,0.0
1779272414.5619667,292.15,25.31,-0.939,302.96547421040435,13.650174357798512,-0.6545319076105787,VISION,0.0,450.0,0,140.0,292.15,157.85,114.69,25.31,20.0,0.0
1779272414.6118882,302.96547421040435,13.650174357798512,-0.6545319076105787,302.96547421040435,13.650174357798512,-0.6545319076105787,ESTIMA,0.0,450.0,0,140.0,302.965,147.035,126.35,13.65,20.0,0.0
1779272414.6626318,301.75,37.04,-0.644,301.75,37.04,-0.644,VISION,0.0,450.0,0,140.0,301.75,148.25,102.96,37.04,20.0,0.0
1779272414.711809,301.75,37.04,-0.644,304.57450613891365,34.91941781950379,-0.5736876238507117,VISION,0.0,450.0,0,140.0,301.75,148.25,102.96,37.04,20.0,0.0
1779272414.7621708,301.75,37.04,-0.644,306.6197194178553,33.597834639248035,-0.5225424711287954,VISION,0.0,450.0,0,140.0,301.75,148.25,102.96,37.04,20.0,0.0
1779272414.8117995,301.75,37.04,-0.644,306.6197194178553,33.597834639248035,-0.5225424711287954,VISION,0.0,450.0,0,140.0,301.75,148.25,102.96,37.04,20.0,0.0
1779272414.8618264,301.75,37.04,-0.644,308.93037637355116,32.26702858463104,-0.4710764158993391,VISION,0.0,450.0,0,140.0,301.75,148.25,102.96,37.04,20.0,0.0
1779272414.9118314,301.75,37.04,-0.644,308.93037637355116,32.26702858463104,-0.4710764158993391,VISION,0.0,450.0,0,140.0,301.75,148.25,102.96,37.04,20.0,0.0
1779272414.9618232,301.75,37.04,-0.644,308.93037637355116,32.26702858463104,-0.4710764158993391,VISION,0.0,450.0,0,140.0,301.75,148.25,102.96,37.04,20.0,0.0
1779272415.012161,301.75,37.04,-0.644,308.93037637355116,32.26702858463104,-0.4710764158993391,VISION,0.0,450.0,0,140.0,301.75,148.25,102.96,37.04,20.0,0.0
1779272415.0617836,301.75,37.04,-0.644,313.7034413442714,29.836007309071583,-0.3737940292003421,VISION,0.0,450.0,0,140.0,301.75,148.25,102.96,37.04,20.0,0.0
1779272415.111781,301.75,37.04,-0.644,314.8823056983342,29.3736161447673,-0.34940691118440814,VISION,0.0,450.0,0,140.0,301.75,148.25,102.96,37.04,20.0,0.0
1779272415.1617346,301.75,37.04,-0.644,314.8823056983342,29.3736161447673,-0.34940691118440814,VISION,0.0,450.0,0,140.0,301.75,148.25,102.96,37.04,20.0,0.0
1779272415.2123735,317.6806006169265,28.354039132810865,-0.28826751745817036,306.79,51.49,-0.356,ESTIMA,0.0,450.0,0,140.0,317.681,132.319,111.646,28.354,20.0,0.0
1779272415.26184,306.79,51.49,-0.356,306.79,51.49,-0.356,VISION,0.0,450.0,0,140.0,306.79,143.21,88.51,51.49,20.0,0.0
1779272415.3121104,306.79,51.49,-0.356,310.61379975836564,50.068146917089,-0.2722347197824705,VISION,0.0,450.0,0,140.0,306.79,143.21,88.51,51.49,20.0,0.0
1779272415.3617911,306.79,51.49,-0.356,310.61379975836564,50.068146917089,-0.2722347197824705,VISION,0.0,450.0,0,140.0,306.79,143.21,88.51,51.49,20.0,0.0
1779272415.411767,306.79,51.49,-0.356,312.54068911730053,49.53022585283962,-0.22485910532449502,VISION,0.0,450.0,0,140.0,306.79,143.21,88.51,51.49,20.0,0.0
1779272415.4617736,306.79,51.49,-0.356,312.54068911730053,49.53022585283962,-0.22485910532449502,VISION,0.0,450.0,0,140.0,306.79,143.21,88.51,51.49,20.0,0.0
1779272415.5118265,306.79,51.49,-0.356,316.395569941862,48.64851014216757,-0.14242083935369163,VISION,0.0,450.0,0,140.0,306.79,143.21,88.51,51.49,20.0,0.0
1779272415.561734,306.79,51.49,-0.356,316.395569941862,48.64851014216757,-0.14242083935369163,VISION,0.0,450.0,0,140.0,306.79,143.21,88.51,51.49,20.0,0.0
1779272415.6117392,306.79,51.49,-0.356,318.4252590270275,48.357469660774804,-0.10363236213444546,VISION,0.0,450.0,0,140.0,306.79,143.21,88.51,51.49,20.0,0.0
1779272415.661744,306.79,51.49,-0.356,318.4252590270275,48.357469660774804,-0.10363236213444546,VISION,0.0,450.0,0,140.0,306.79,143.21,88.51,51.49,20.0,0.0
1779272415.711735,306.79,51.49,-0.356,318.4252590270275,48.357469660774804,-0.10363236213444546,VISION,0.0,450.0,0,140.0,306.79,143.21,88.51,51.49,20.0,0.0
1779272415.7618885,322.5720719267526,47.926180571075264,-0.022791268418314442,322.5720719267526,47.926180571075264,-0.022791268418314442,ESTIMA,0.0,450.0,0,140.0,322.572,127.428,92.074,47.926,20.0,0.0
1779272415.8118725,324.44659366363123,47.88345044415154,0.012734558390248618,324.44659366363123,47.88345044415154,0.012734558390248618,ESTIMA,0.0,450.0,0,140.0,324.447,125.553,92.117,47.883,20.0,0.0
1779272415.861752,324.44659366363123,47.88345044415154,0.012734558390248618,324.44659366363123,47.88345044415154,0.012734558390248618,ESTIMA,0.0,450.0,0,140.0,324.447,125.553,92.117,47.883,20.0,0.0
1779272415.9117525,324.44659366363123,47.88345044415154,0.012734558390248618,324.44659366363123,47.88345044415154,0.012734558390248618,ESTIMA,0.0,450.0,0,140.0,324.447,125.553,92.117,47.883,20.0,0.0
1779272415.96175,328.879734079979,47.9399075815341,0.10747293627385211,328.879734079979,47.9399075815341,0.10747293627385211,ESTIMA,0.0,450.0,0,140.0,328.88,121.12,92.06,47.94,20.0,0.0
1779272416.0117939,328.879734079979,47.9399075815341,0.10747293627385211,328.879734079979,47.9399075815341,0.10747293627385211,ESTIMA,0.0,450.0,0,140.0,328.88,121.12,92.06,47.94,20.0,0.0
1779272416.0618193,331.85596502922914,48.26100910079534,0.1695403286184042,331.85596502922914,48.26100910079534,0.1695403286184042,ESTIMA,0.0,450.0,0,140.0,331.856,118.144,91.739,48.261,20.0,0.0
1779272416.1117427,334.0633116775664,48.63887074227163,0.2154127156643029,334.0633116775664,48.63887074227163,0.2154127156643029,ESTIMA,0.0,450.0,0,140.0,334.063,115.937,91.361,48.639,20.0,0.0
1779272416.1617503,334.0633116775664,48.63887074227163,0.2154127156643029,334.0633116775664,48.63887074227163,0.2154127156643029,ESTIMA,0.0,450.0,0,140.0,334.063,115.937,91.361,48.639,20.0,0.0
1779272416.2117493,334.0633116775664,48.63887074227163,0.2154127156643029,334.0633116775664,48.63887074227163,0.2154127156643029,ESTIMA,0.0,450.0,0,140.0,334.063,115.937,91.361,48.639,20.0,0.0
1779272416.2617404,338.0462196821091,49.510361479965965,0.2917187171306644,338.0462196821091,49.510361479965965,0.2917187171306644,ESTIMA,0.0,450.0,0,140.0,338.046,111.954,90.49,49.51,20.0,0.0
1779272416.311742,339.3421540343125,49.89951179838395,0.3164476237000844,339.3421540343125,49.89951179838395,0.3164476237000844,ESTIMA,0.0,450.0,0,140.0,339.342,110.658,90.1,49.9,20.0,0.0
1779272416.361829,339.3421540343125,49.89951179838395,0.3164476237000844,339.3421540343125,49.89951179838395,0.3164476237000844,ESTIMA,0.0,450.0,0,140.0,339.342,110.658,90.1,49.9,20.0,0.0
1779272416.4121876,301.53,83.11,0.335,301.53,83.11,0.335,ESTIMA,0.0,450.0,0,140.0,301.53,148.47,56.89,83.11,20.0,0.0
1779272416.4618642,301.53,83.11,0.335,301.53,83.11,0.335,VISION,0.0,450.0,0,140.0,301.53,148.47,56.89,83.11,20.0,0.0
1779272416.51189,301.53,83.11,0.335,301.53,83.11,0.335,VISION,0.0,450.0,0,140.0,301.53,148.47,56.89,83.11,20.0,0.0
1779272416.5617561,301.53,83.11,0.335,305.2210294829834,84.39492529859461,0.42039668397090046,VISION,0.0,450.0,0,140.0,301.53,148.47,56.89,83.11,20.0,0.0
1779272416.6117673,301.53,83.11,0.335,306.88891759305795,85.14055204976376,0.45700620564715966,VISION,0.0,450.0,0,140.0,301.53,148.47,56.89,83.11,20.0,0.0
1779272416.6617649,301.53,83.11,0.335,306.88891759305795,85.14055204976376,0.45700620564715966,VISION,0.0,450.0,0,140.0,301.53,148.47,56.89,83.11,20.0,0.0
1779272416.7117991,301.53,83.11,0.335,309.5315827264958,86.44001815064468,0.5159601170171028,VISION,0.0,450.0,0,140.0,301.53,148.47,56.89,83.11,20.0,0.0
1779272416.7618074,301.53,83.11,0.335,309.5315827264958,86.44001815064468,0.5159601170171028,VISION,0.0,450.0,0,140.0,301.53,148.47,56.89,83.11,20.0,0.0
1779272416.8117323,301.53,83.11,0.335,309.5315827264958,86.44001815064468,0.5159601170171028,VISION,0.0,450.0,0,140.0,301.53,148.47,56.89,83.11,20.0,0.0
1779272416.8618114,301.53,83.11,0.335,313.12237717979497,88.47675236605697,0.5906179679331538,VISION,0.0,450.0,0,140.0,301.53,148.47,56.89,83.11,20.0,0.0
1779272416.9118013,301.53,83.11,0.335,314.8898553906181,89.66175993915687,0.6281704309329564,VISION,0.0,450.0,0,140.0,301.53,148.47,56.89,83.11,20.0,0.0
1779272416.962508,314.8898553906181,89.66175993915687,0.6281704309329564,291.6,95.86,0.704,ESTIMA,0.0,450.0,0,140.0,314.89,135.11,50.338,89.662,20.0,0.0
1779272417.0119376,291.6,95.86,0.704,291.6,95.86,0.704,VISION,0.0,450.0,0,140.0,291.6,158.4,44.14,95.86,20.0,0.0
1779272417.0618474,291.6,95.86,0.704,295.0136770917388,98.75872162046052,0.7960030645334468,VISION,0.0,450.0,0,140.0,291.6,158.4,44.14,95.86,20.0,0.0
1779272417.1117609,291.6,95.86,0.704,295.0136770917388,98.75872162046052,0.7960030645334468,VISION,0.0,450.0,0,140.0,291.6,158.4,44.14,95.86,20.0,0.0
1779272417.1617777,291.6,95.86,0.704,296.9090708142722,100.6947487051387,0.8517068733688811,VISION,0.0,450.0,0,140.0,291.6,158.4,44.14,95.86,20.0,0.0
1779272417.2117462,291.6,95.86,0.704,296.9090708142722,100.6947487051387,0.8517068733688811,VISION,0.0,450.0,0,140.0,291.6,158.4,44.14,95.86,20.0,0.0
1779272417.2618406,291.6,95.86,0.704,298.5568935572548,102.57698904388371,0.9060067933088914,VISION,0.0,450.0,0,140.0,291.6,158.4,44.14,95.86,20.0,0.0
1779272417.3118224,291.6,95.86,0.704,299.74839676044695,104.09713569980595,0.9471696307058074,VISION,0.0,450.0,0,140.0,291.6,158.4,44.14,95.86,20.0,0.0
1779272417.361806,291.6,95.86,0.704,299.74839676044695,104.09713569980595,0.9471696307058074,VISION,0.0,450.0,0,140.0,291.6,158.4,44.14,95.86,20.0,0.0
1779272417.4118469,291.6,95.86,0.704,301.69041604359455,106.79664050273949,1.0072340078355924,VISION,0.0,450.0,0,140.0,291.6,158.4,44.14,95.86,20.0,0.0
1779272417.4618034,291.6,95.86,0.704,301.69041604359455,106.79664050273949,1.0072340078355924,VISION,0.0,450.0,0,140.0,291.6,158.4,44.14,95.86,20.0,0.0
1779272417.5117962,291.6,95.86,0.704,301.69041604359455,106.79664050273949,1.0072340078355924,VISION,0.0,450.0,0,140.0,291.6,158.4,44.14,95.86,20.0,0.0
1779272417.5625398,278.54,104.79,1.061,278.54,104.79,1.061,VISION,0.0,450.0,0,140.0,278.54,171.46,35.21,104.79,20.0,0.0
1779272417.611845,278.54,104.79,1.061,279.5217654083347,106.54600179341706,1.0983848491227068,VISION,0.0,450.0,0,140.0,278.54,171.46,35.21,104.79,20.0,0.0
1779272417.6617637,278.54,104.79,1.061,279.5217654083347,106.54600179341706,1.0983848491227068,VISION,0.0,450.0,0,140.0,278.54,171.46,35.21,104.79,20.0,0.0
1779272417.7117872,278.54,104.79,1.061,279.5217654083347,106.54600179341706,1.0983848491227068,VISION,0.0,450.0,0,140.0,278.54,171.46,35.21,104.79,20.0,0.0
1779272417.761881,278.54,104.79,1.061,281.18676625409495,109.8042992189605,1.171885574007798,VISION,0.0,450.0,0,140.0,278.54,171.46,35.21,104.79,20.0,0.0
1779272417.811751,278.54,104.79,1.061,282.0039169235162,111.74292689384659,1.2163652794451871,VISION,0.0,450.0,0,140.0,278.54,171.46,35.21,104.79,20.0,0.0
1779272417.8617585,278.54,104.79,1.061,282.0039169235162,111.74292689384659,1.2163652794451871,VISION,0.0,450.0,0,140.0,278.54,171.46,35.21,104.79,20.0,0.0
1779272417.911756,278.54,104.79,1.061,283.00525728109994,114.44882707467642,1.2719930662839418,VISION,0.0,450.0,0,140.0,278.54,171.46,35.21,104.79,20.0,0.0
1779272417.9617498,278.54,104.79,1.061,283.00525728109994,114.44882707467642,1.2719930662839418,VISION,0.0,450.0,0,140.0,278.54,171.46,35.21,104.79,20.0,0.0
1779272418.0117598,278.54,104.79,1.061,283.00525728109994,114.44882707467642,1.2719930662839418,VISION,0.0,450.0,0,140.0,278.54,171.46,35.21,104.79,20.0,0.0
1779272418.0617523,278.54,104.79,1.061,284.21948183886207,118.39078849175883,1.3541893951806714,VISION,0.0,450.0,0,140.0,278.54,171.46,35.21,104.79,20.0,0.0
1779272418.1118884,284.6446640384298,120.322913459785,1.3888895847348242,284.6446640384298,120.322913459785,1.3888895847348242,ESTIMA,0.0,450.0,0,140.0,284.645,165.355,19.677,120.323,20.0,0.0
1779272418.1620712,263.55,109.27,1.418,263.55,109.27,1.418,VISION,0.0,450.0,0,140.0,263.55,186.45,30.73,109.27,20.0,0.0
1779272418.2117655,263.55,109.27,1.418,263.55,109.27,1.418,VISION,0.0,450.0,0,140.0,263.55,186.45,30.73,109.27,20.0,0.0
1779272418.2618244,263.55,109.27,1.418,264.17396424383924,113.32180440621931,1.4946440601095734,VISION,0.0,450.0,0,140.0,263.55,186.45,30.73,109.27,20.0,0.0
1779272418.3117738,263.55,109.27,1.418,264.17396424383924,113.32180440621931,1.4946440601095734,VISION,0.0,450.0,0,140.0,263.55,186.45,30.73,109.27,20.0,0.0
1779272418.3618226,263.55,109.27,1.418,264.41932354563926,116.53753042125481,1.5569137884001807,VISION,0.0,450.0,0,140.0,263.55,186.45,30.73,109.27,20.0,0.0
1779272418.4118106,263.55,109.27,1.418,264.43596119456436,117.73591212989936,1.5816624984657974,VISION,0.0,450.0,0,140.0,263.55,186.45,30.73,109.27,20.0,0.0
1779272418.4617682,263.55,109.27,1.418,264.43596119456436,117.73591212989936,1.5816624984657974,VISION,0.0,450.0,0,140.0,263.55,186.45,30.73,109.27,20.0,0.0
1779272418.511796,263.55,109.27,1.418,264.43596119456436,117.73591212989936,1.5816624984657974,VISION,0.0,450.0,0,140.0,263.55,186.45,30.73,109.27,20.0,0.0
1779272418.561755,263.55,109.27,1.418,264.39276126750667,121.71139016341733,1.6632942645628945,VISION,0.0,450.0,0,140.0,263.55,186.45,30.73,109.27,20.0,0.0
1779272418.6117623,263.55,109.27,1.418,264.2214924336433,123.55770271851287,1.698367751673491,VISION,0.0,450.0,0,140.0,263.55,186.45,30.73,109.27,20.0,0.0
1779272418.6617575,263.55,109.27,1.418,264.2214924336433,123.55770271851287,1.698367751673491,VISION,0.0,450.0,0,140.0,263.55,186.45,30.73,109.27,20.0,0.0
1779272418.7118573,264.2214924336433,123.55770271851287,1.698367751673491,264.2214924336433,123.55770271851287,1.698367751673491,ESTIMA,0.0,450.0,0,140.0,264.221,185.779,16.442,123.558,20.0,0.0
1779272418.7619889,248.69,108.36,1.778,247.71643794386637,112.9911401468434,1.8655865786726142,VISION,0.0,450.0,0,140.0,248.69,201.31,31.64,108.36,20.0,0.0
1779272418.8117957,248.69,108.36,1.778,248.69,108.36,1.778,VISION,0.0,450.0,0,140.0,248.69,201.31,31.64,108.36,20.0,0.0
1779272418.8619094,248.69,108.36,1.778,248.22717906395755,110.56159424271121,1.819175839250972,VISION,0.0,450.0,0,140.0,248.69,201.31,31.64,108.36,20.0,0.0
1779272418.9118216,248.69,108.36,1.778,247.76958926391023,112.36585309823812,1.8565404874682638,VISION,0.0,450.0,0,140.0,248.69,201.31,31.64,108.36,20.0,0.0
1779272418.9618473,248.69,108.36,1.778,247.76958926391023,112.36585309823812,1.8565404874682638,VISION,0.0,450.0,0,140.0,248.69,201.31,31.64,108.36,20.0,0.0
1779272419.0118203,248.69,108.36,1.778,247.76958926391023,112.36585309823812,1.8565404874682638,VISION,0.0,450.0,0,140.0,248.69,201.31,31.64,108.36,20.0,0.0
1779272419.061835,248.69,108.36,1.778,246.5539803485439,116.50361989903544,1.9503042997275744,VISION,0.0,450.0,0,140.0,248.69,201.31,31.64,108.36,20.0,0.0
1779272419.111812,248.69,108.36,1.778,245.9483784865789,118.0220191311879,1.9813826380153046,VISION,0.0,450.0,0,140.0,248.69,201.31,31.64,108.36,20.0,0.0
1779272419.161769,248.69,108.36,1.778,245.9483784865789,118.0220191311879,1.9813826380153046,VISION,0.0,450.0,0,140.0,248.69,201.31,31.64,108.36,20.0,0.0
1779272419.2117612,248.69,108.36,1.778,245.9483784865789,118.0220191311879,1.9813826380153046,VISION,0.0,450.0,0,140.0,248.69,201.31,31.64,108.36,20.0,0.0
1779272419.2617779,248.69,108.36,1.778,243.99070050420988,122.51903277941089,2.0773779395056646,VISION,0.0,450.0,0,140.0,248.69,201.31,31.64,108.36,20.0,0.0
1779272419.3124423,243.99070050420988,122.51903277941089,2.0773779395056646,235.57,102.47,2.116,ESTIMA,0.0,450.0,0,140.0,243.991,206.009,17.481,122.519,20.0,0.0
1779272419.3618455,235.57,102.47,2.116,235.57,102.47,2.116,VISION,0.0,450.0,0,140.0,235.57,214.43,37.53,102.47,20.0,0.0
1779272419.4118173,235.57,102.47,2.116,234.28643560693683,104.58625877224848,2.1605069620694084,VISION,0.0,450.0,0,140.0,235.57,214.43,37.53,102.47,20.0,0.0
1779272419.4617896,235.57,102.47,2.116,234.28643560693683,104.58625877224848,2.1605069620694084,VISION,0.0,450.0,0,140.0,235.57,214.43,37.53,102.47,20.0,0.0
1779272419.5117536,235.57,102.47,2.116,234.28643560693683,104.58625877224848,2.1605069620694084,VISION,0.0,450.0,0,140.0,235.57,214.43,37.53,102.47,20.0,0.0
1779272419.5618188,235.57,102.47,2.116,232.1138474793997,107.83311151116844,2.2379730094894437,VISION,0.0,450.0,0,140.0,235.57,214.43,37.53,102.47,20.0,0.0
1779272419.6118295,235.57,102.47,2.116,231.0024116828553,109.24415574144211,2.27228588123782,VISION,0.0,450.0,0,140.0,235.57,214.43,37.53,102.47,20.0,0.0
1779272419.6617815,235.57,102.47,2.116,231.0024116828553,109.24415574144211,2.27228588123782,VISION,0.0,450.0,0,140.0,235.57,214.43,37.53,102.47,20.0,0.0
1779272419.7117546,235.57,102.47,2.116,231.0024116828553,109.24415574144211,2.27228588123782,VISION,0.0,450.0,0,140.0,235.57,214.43,37.53,102.47,20.0,0.0
1779272419.7618961,235.57,102.47,2.116,228.3331227224235,112.40368369593837,2.3615351899873893,VISION,0.0,450.0,0,140.0,235.57,214.43,37.53,102.47,20.0,0.0
1779272419.8117673,235.57,102.47,2.116,228.3331227224235,112.40368369593837,2.3615351899873893,VISION,0.0,450.0,0,140.0,235.57,214.43,37.53,102.47,20.0,0.0
1779272419.862016,226.26960182944896,114.4452801809229,2.4157418103101507,226.26960182944896,114.4452801809229,2.4157418103101507,ESTIMA,0.0,450.0,0,140.0,226.27,223.73,25.555,114.445,20.0,0.0
1779272419.9120142,225.08,92.16,2.437,225.08,92.16,2.437,VISION,0.0,450.0,0,140.0,225.08,224.92,47.84,92.16,20.0,0.0
1779272419.9618156,225.08,92.16,2.437,225.08,92.16,2.437,VISION,0.0,450.0,0,140.0,225.08,224.92,47.84,92.16,20.0,0.0
1779272420.0117888,225.08,92.16,2.437,225.08,92.16,2.437,VISION,0.0,450.0,0,140.0,225.08,224.92,47.84,92.16,20.0,0.0
1779272420.061841,225.08,92.16,2.437,222.10909653081833,94.68577251036513,2.5064010645664534,VISION,0.0,450.0,0,140.0,225.08,224.92,47.84,92.16,20.0,0.0
1779272420.1118407,225.08,92.16,2.437,220.5415657372904,95.8411939637955,2.5409873690403324,VISION,0.0,450.0,0,140.0,225.08,224.92,47.84,92.16,20.0,0.0
1779272420.1617742,225.08,92.16,2.437,220.5415657372904,95.8411939637955,2.5409873690403324,VISION,0.0,450.0,0,140.0,225.08,224.92,47.84,92.16,20.0,0.0
1779272420.2117844,225.08,92.16,2.437,220.5415657372904,95.8411939637955,2.5409873690403324,VISION,0.0,450.0,0,140.0,225.08,224.92,47.84,92.16,20.0,0.0
1779272420.2617738,225.08,92.16,2.437,217.0866259397517,98.20791672578663,2.628110193023945,VISION,0.0,450.0,0,140.0,225.08,224.92,47.84,92.16,20.0,0.0
1779272420.3117807,225.08,92.16,2.437,217.0866259397517,98.20791672578663,2.628110193023945,VISION,0.0,450.0,0,140.0,225.08,224.92,47.84,92.16,20.0,0.0
1779272420.3617823,225.08,92.16,2.437,214.622863248772,99.59733036319635,2.682314926469122,VISION,0.0,450.0,0,140.0,225.08,224.92,47.84,92.16,20.0,0.0
1779272420.4117525,225.08,92.16,2.437,213.0710871115553,100.36476050999707,2.7186087456295818,VISION,0.0,450.0,0,140.0,225.08,224.92,47.84,92.16,20.0,0.0
1779272420.4618454,213.0710871115553,100.36476050999707,2.7186087456295818,213.0710871115553,100.36476050999707,2.7186087456295818,ESTIMA,0.0,450.0,0,140.0,213.071,236.929,39.635,100.365,20.0,0.0
1779272420.5119042,218.73,78.42,2.767,218.73,78.42,2.767,VISION,0.0,450.0,0,140.0,218.73,231.27,61.58,78.42,20.0,0.0
1779272420.5618365,218.73,78.42,2.767,214.83113049846196,79.95286467811508,2.844168432281889,VISION,0.0,450.0,0,140.0,218.73,231.27,61.58,78.42,20.0,0.0
1779272420.6118195,218.73,78.42,2.767,213.1275114852757,80.47505156926985,2.877388661710705,VISION,0.0,450.0,0,140.0,218.73,231.27,61.58,78.42,20.0,0.0
1779272420.661771,218.73,78.42,2.767,213.1275114852757,80.47505156926985,2.877388661710705,VISION,0.0,450.0,0,140.0,218.73,231.27,61.58,78.42,20.0,0.0
1779272420.7117717,218.73,78.42,2.767,213.1275114852757,80.47505156926985,2.877388661710705,VISION,0.0,450.0,0,140.0,218.73,231.27,61.58,78.42,20.0,0.0
1779272420.7619035,218.73,78.42,2.767,209.12082927171878,81.55897171949144,2.9549176574109803,VISION,0.0,450.0,0,140.0,218.73,231.27,61.58,78.42,20.0,0.0
1779272420.8117723,218.73,78.42,2.767,209.12082927171878,81.55897171949144,2.9549176574109803,VISION,0.0,450.0,0,140.0,218.73,231.27,61.58,78.42,20.0,0.0
1779272420.8618226,218.73,78.42,2.767,206.3671849312289,82.07906365864531,3.007114323152459,VISION,0.0,450.0,0,140.0,218.73,231.27,61.58,78.42,20.0,0.0
1779272420.9117756,218.73,78.42,2.767,204.36887254888111,82.34942511665255,3.050810083013023,VISION,0.0,450.0,0,140.0,218.73,231.27,61.58,78.42,20.0,0.0
1779272420.9617765,218.73,78.42,2.767,204.36887254888111,82.34942511665255,3.050810083013023,VISION,0.0,450.0,0,140.0,218.73,231.27,61.58,78.42,20.0,0.0
1779272421.01178,204.36887254888111,82.34942511665255,3.050810083013023,204.36887254888111,82.34942511665255,3.050810083013023,ESTIMA,0.0,450.0,0,140.0,204.369,245.631,57.651,82.349,20.0,0.0
1779272421.062577,199.8443407216305,82.76130587041959,3.135820893680468,217.56,62.83,3.11,ESTIMA,0.0,450.0,0,140.0,199.844,250.156,57.239,82.761,20.0,0.0
1779272421.11228,217.56,62.83,3.11,215.67351470335663,62.889618912927126,3.1495417646097534,VISION,0.0,450.0,0,140.0,217.56,232.44,77.17,62.83,20.0,0.0
