timestamp,x,y,theta,x_estimate,y_estimate,theta_estimate,status,x_min,x_max,y_min,y_max,dist_to_wall,decision_v,decision_w
1779267917.2453353,0.0,0.0,0.0,0.0,0.0,0.0,ESTIMA,0.0,450.0,0,140.0,0.0,450.0,140.0,0.0,20.0,0.0
1779267917.2927816,0.0,0.0,0.0,0.0,0.0,0.0,ESTIMA,0.0,450.0,0,140.0,0.0,450.0,140.0,0.0,20.0,0.0
1779267917.342855,-1.595991576782181e-16,0.0,2.9101125567097766e-16,-1.595991576782181e-16,0.0,2.9101125567097766e-16,ESTIMA,0.0,450.0,0,140.0,-0.0,450.0,140.0,0.0,20.0,0.0
1779267917.3927894,-1.595991576782181e-16,0.0,2.9101125567097766e-16,-1.595991576782181e-16,0.0,2.9101125567097766e-16,ESTIMA,0.0,450.0,0,140.0,-0.0,450.0,140.0,0.0,20.0,0.0
1779267917.4428015,-3.8382221318574603e-16,-6.525143293362903e-32,6.998569781853044e-16,-3.8382221318574603e-16,-6.525143293362903e-32,6.998569781853044e-16,ESTIMA,0.0,450.0,0,140.0,-0.0,450.0,140.0,-0.0,20.0,0.0
1779267917.4928482,-3.8382221318574603e-16,-6.525143293362903e-32,6.998569781853044e-16,-3.8382221318574603e-16,-6.525143293362903e-32,6.998569781853044e-16,ESTIMA,0.0,450.0,0,140.0,-0.0,450.0,140.0,-0.0,20.0,0.0
1779267917.5429685,-3.8382221318574603e-16,-6.525143293362903e-32,6.998569781853044e-16,-5.86806003056717e-16,-2.073110547333276e-31,1.0699752697260562e-15,ESTIMA,0.0,450.0,0,140.0,-0.0,450.0,140.0,-0.0,20.0,0.0
1779267917.592888,-6.663092762132378e-16,-2.9237759087308028e-31,1.2149406172116556e-15,-6.663092762132378e-16,-2.9237759087308028e-31,1.2149406172116556e-15,ESTIMA,0.0,450.0,0,140.0,-0.0,450.0,140.0,-0.0,20.0,0.0
1779267917.6428254,-6.663092762132378e-16,-2.9237759087308028e-31,1.2149406172116556e-15,-6.663092762132378e-16,-2.9237759087308028e-31,1.2149406172116556e-15,ESTIMA,0.0,450.0,0,140.0,-0.0,450.0,140.0,-0.0,20.0,0.0
1779267917.6954033,-6.663092762132378e-16,-2.9237759087308028e-31,1.2149406172116556e-15,-6.663092762132378e-16,-2.9237759087308028e-31,1.2149406172116556e-15,ESTIMA,0.0,450.0,0,140.0,-0.0,450.0,140.0,-0.0,20.0,0.0
1779267917.742789,-9.734579819540773e-16,-6.655450290016169e-31,1.7749920099362444e-15,-9.734579819540773e-16,-6.655450290016169e-31,1.7749920099362444e-15,ESTIMA,0.0,450.0,0,140.0,-0.0,450.0,140.0,-0.0,20.0,0.0
1779267917.794424,258.73,47.71,-1.44,258.73,47.71,-1.44,ESTIMA,0.0,450.0,0,140.0,258.73,191.27,92.29,47.71,20.0,0.0
1779267917.8428829,258.73,47.71,-1.44,258.73,47.71,-1.44,VISION,0.0,450.0,0,140.0,258.73,191.27,92.29,47.71,20.0,0.0
1779267917.8928022,258.73,47.71,-1.44,258.73,47.71,-1.4399999999999995,VISION,0.0,450.0,0,140.0,258.73,191.27,92.29,47.71,20.0,0.0
1779267917.942718,258.73,47.71,-1.44,258.73,47.71,-1.4399999999999995,VISION,0.0,450.0,0,140.0,258.73,191.27,92.29,47.71,20.0,0.0
1779267917.9927328,258.73,47.71,-1.44,258.73,47.71,-1.4399999999999995,VISION,0.0,450.0,0,140.0,258.73,191.27,92.29,47.71,20.0,0.0
1779267918.0427988,258.73,47.71,-1.44,258.73,47.71,-1.439999999999999,VISION,0.0,450.0,0,140.0,258.73,191.27,92.29,47.71,20.0,0.0
1779267918.0927687,258.73,47.71,-1.44,258.73,47.71,-1.439999999999999,VISION,0.0,450.0,0,140.0,258.73,191.27,92.29,47.71,20.0,0.0
1779267918.142805,258.73,47.71,-1.44,258.73,47.71,-1.4399999999999986,VISION,0.0,450.0,0,140.0,258.73,191.27,92.29,47.71,20.0,0.0
1779267918.1927218,258.73,47.71,-1.44,258.73,47.71,-1.4399999999999986,VISION,0.0,450.0,0,140.0,258.73,191.27,92.29,47.71,20.0,0.0
1779267918.2427254,258.73,47.71,-1.44,258.73,47.71,-1.4399999999999986,VISION,0.0,450.0,0,140.0,258.73,191.27,92.29,47.71,20.0,0.0
1779267918.2927437,258.73,47.71,-1.44,258.73,47.71,-1.4399999999999982,VISION,0.0,450.0,0,140.0,258.73,191.27,92.29,47.71,20.0,0.0
1779267918.3427973,258.73,47.71,-1.4399999999999982,258.73,47.71,-1.439999999999998,ESTIMA,0.0,450.0,0,140.0,258.73,191.27,92.29,47.71,20.0,0.0
1779267918.3930163,258.73,47.71,-1.44,258.73,47.71,-1.44,ESTIMA,0.0,450.0,0,140.0,258.73,191.27,92.29,47.71,20.0,0.0
1779267918.442845,258.73,47.71,-1.44,258.73,47.71,-1.4399999999999995,VISION,0.0,450.0,0,140.0,258.73,191.27,92.29,47.71,20.0,0.0
1779267918.4927201,258.73,47.71,-1.44,258.73,47.71,-1.4399999999999995,VISION,0.0,450.0,0,140.0,258.73,191.27,92.29,47.71,20.0,0.0
1779267918.5427241,258.73,47.71,-1.44,258.73,47.71,-1.439999999999999,VISION,0.0,450.0,0,140.0,258.73,191.27,92.29,47.71,20.0,0.0
1779267918.5927124,258.73,47.71,-1.44,258.73,47.71,-1.439999999999999,VISION,0.0,450.0,0,140.0,258.73,191.27,92.29,47.71,20.0,0.0
1779267918.6427236,258.73,47.71,-1.44,258.73,47.71,-1.4399999999999988,VISION,0.0,450.0,0,140.0,258.73,191.27,92.29,47.71,20.0,0.0
1779267918.6927161,258.73,47.71,-1.44,258.73,47.71,-1.4399999999999988,VISION,0.0,450.0,0,140.0,258.73,191.27,92.29,47.71,20.0,0.0
1779267918.742718,258.73,47.71,-1.44,258.73,47.71,-1.4399999999999984,VISION,0.0,450.0,0,140.0,258.73,191.27,92.29,47.71,20.0,0.0
1779267918.7927194,258.73,47.71,-1.44,258.73,47.71,-1.4399999999999984,VISION,0.0,450.0,0,140.0,258.73,191.27,92.29,47.71,20.0,0.0
1779267918.8427072,258.73,47.71,-1.44,258.73,47.71,-1.4399999999999984,VISION,0.0,450.0,0,140.0,258.73,191.27,92.29,47.71,20.0,0.0
1779267918.89271,258.73,47.71,-1.44,258.73,47.71,-1.439999999999998,VISION,0.0,450.0,0,140.0,258.73,191.27,92.29,47.71,20.0,0.0
1779267918.9428039,258.73,47.71,-1.439999999999998,258.73,47.71,-1.4399999999999977,ESTIMA,0.0,450.0,0,140.0,258.73,191.27,92.29,47.71,20.0,0.0
1779267918.9929395,258.72,47.69,-1.439,258.72,47.69,-1.439,VISION,0.0,450.0,0,140.0,258.72,191.28,92.31,47.69,20.0,0.0
1779267919.0428152,258.72,47.69,-1.439,258.72,47.69,-1.439,VISION,0.0,450.0,0,140.0,258.72,191.28,92.31,47.69,20.0,0.0
1779267919.0927186,258.72,47.69,-1.439,258.72,47.69,-1.4389999999999996,VISION,0.0,450.0,0,140.0,258.72,191.28,92.31,47.69,20.0,0.0
1779267919.142712,258.72,47.69,-1.439,258.72,47.69,-1.4389999999999994,VISION,0.0,450.0,0,140.0,258.72,191.28,92.31,47.69,20.0,0.0
1779267919.1927075,258.72,47.69,-1.439,258.72,47.69,-1.4389999999999994,VISION,0.0,450.0,0,140.0,258.72,191.28,92.31,47.69,20.0,0.0
1779267919.2427363,258.72,47.69,-1.439,258.72,47.69,-1.4389999999999994,VISION,0.0,450.0,0,140.0,258.72,191.28,92.31,47.69,20.0,0.0
1779267919.292712,258.72,47.69,-1.439,258.72,47.69,-1.438999999999999,VISION,0.0,450.0,0,140.0,258.72,191.28,92.31,47.69,20.0,0.0
1779267919.3427355,258.72,47.69,-1.439,258.72,47.69,-1.4389999999999987,VISION,0.0,450.0,0,140.0,258.72,191.28,92.31,47.69,20.0,0.0
1779267919.39276,258.72,47.69,-1.439,258.72,47.69,-1.4389999999999987,VISION,0.0,450.0,0,140.0,258.72,191.28,92.31,47.69,20.0,0.0
1779267919.4427109,258.72,47.69,-1.439,258.72,47.69,-1.4389999999999987,VISION,0.0,450.0,0,140.0,258.72,191.28,92.31,47.69,20.0,0.0
1779267919.4927666,258.72,47.69,-1.439,258.72,47.69,-1.4389999999999983,VISION,0.0,450.0,0,140.0,258.72,191.28,92.31,47.69,20.0,0.0
1779267919.5430002,258.72,47.69,-1.438999999999998,258.72,47.69,-1.438999999999998,ESTIMA,0.0,450.0,0,140.0,258.72,191.28,92.31,47.69,20.0,0.0
1779267919.5928957,258.72,47.72,-1.44,258.72,47.72,-1.44,VISION,0.0,450.0,0,140.0,258.72,191.28,92.28,47.72,20.0,0.0
1779267919.6427379,258.72,47.72,-1.44,258.72,47.72,-1.44,VISION,0.0,450.0,0,140.0,258.72,191.28,92.28,47.72,20.0,0.0
1779267919.6927254,258.72,47.72,-1.44,258.72,47.72,-1.4399999999999995,VISION,0.0,450.0,0,140.0,258.72,191.28,92.28,47.72,20.0,0.0
1779267919.7427175,258.72,47.72,-1.44,258.72,47.72,-1.4399999999999995,VISION,0.0,450.0,0,140.0,258.72,191.28,92.28,47.72,20.0,0.0
1779267919.792728,258.72,47.72,-1.44,258.72,47.72,-1.4399999999999993,VISION,0.0,450.0,0,140.0,258.72,191.28,92.28,47.72,20.0,0.0
1779267919.8427193,258.72,47.72,-1.44,258.72,47.72,-1.439999999999999,VISION,0.0,450.0,0,140.0,258.72,191.28,92.28,47.72,20.0,0.0
1779267919.8927186,258.72,47.72,-1.44,258.72,47.72,-1.439999999999999,VISION,0.0,450.0,0,140.0,258.72,191.28,92.28,47.72,20.0,0.0
1779267919.9427218,258.72,47.72,-1.44,258.72,47.72,-1.439999999999999,VISION,0.0,450.0,0,140.0,258.72,191.28,92.28,47.72,20.0,0.0
1779267919.992714,258.72,47.72,-1.44,258.72,47.72,-1.4399999999999986,VISION,0.0,450.0,0,140.0,258.72,191.28,92.28,47.72,20.0,0.0
1779267920.0427535,258.72,47.72,-1.44,258.72,47.72,-1.4399999999999986,VISION,0.0,450.0,0,140.0,258.72,191.28,92.28,47.72,20.0,0.0
1779267920.0927196,258.72,47.72,-1.44,258.72,47.72,-1.4399999999999982,VISION,0.0,450.0,0,140.0,258.72,191.28,92.28,47.72,20.0,0.0
1779267920.1429772,258.72,47.72,-1.4399999999999982,258.72,47.71,-1.44,ESTIMA,0.0,450.0,0,140.0,258.72,191.28,92.28,47.72,20.0,0.0
1779267920.1927679,258.72,47.71,-1.44,258.72,47.71,-1.4399999999999995,VISION,0.0,450.0,0,140.0,258.72,191.28,92.29,47.71,20.0,0.0
1779267920.242715,258.72,47.71,-1.44,258.72,47.71,-1.4399999999999995,VISION,0.0,450.0,0,140.0,258.72,191.28,92.29,47.71,20.0,0.0
1779267920.2927263,258.72,47.71,-1.44,258.72,47.71,-1.439999999999999,VISION,0.0,450.0,0,140.0,258.72,191.28,92.29,47.71,20.0,0.0
1779267920.3428009,258.72,47.71,-1.44,258.72,47.71,-1.4399999999999988,VISION,0.0,450.0,0,140.0,258.72,191.28,92.29,47.71,20.0,0.0
1779267920.392746,258.72,47.71,-1.44,258.72,47.71,-1.4399999999999988,VISION,0.0,450.0,0,140.0,258.72,191.28,92.29,47.71,20.0,0.0
1779267920.4427543,258.72,47.71,-1.44,258.72,47.71,-1.4399999999999988,VISION,0.0,450.0,0,140.0,258.72,191.28,92.29,47.71,20.0,0.0
1779267920.4927313,258.72,47.71,-1.44,258.72,47.71,-1.4399999999999984,VISION,0.0,450.0,0,140.0,258.72,191.28,92.29,47.71,20.0,0.0
1779267920.5427527,258.72,47.71,-1.44,258.72,47.71,-1.4399999999999982,VISION,0.0,450.0,0,140.0,258.72,191.28,92.29,47.71,20.0,0.0
1779267920.5927148,258.72,47.71,-1.44,258.72,47.71,-1.4399999999999982,VISION,0.0,450.0,0,140.0,258.72,191.28,92.29,47.71,20.0,0.0
1779267920.6427567,258.72,47.71,-1.44,258.72,47.71,-1.4399999999999977,VISION,0.0,450.0,0,140.0,258.72,191.28,92.29,47.71,20.0,0.0
1779267920.6927867,258.72,47.71,-1.44,258.72,47.71,-1.4399999999999977,VISION,0.0,450.0,0,140.0,258.72,191.28,92.29,47.71,20.0,0.0
1779267920.742907,258.72,47.7,-1.44,258.72,47.7,-1.44,VISION,0.0,450.0,0,140.0,258.72,191.28,92.3,47.7,20.0,0.0
1779267920.7927358,258.72,47.7,-1.44,258.72,47.7,-1.44,VISION,0.0,450.0,0,140.0,258.72,191.28,92.3,47.7,20.0,0.0
1779267920.8427336,258.72,47.7,-1.44,258.72,47.7,-1.4399999999999993,VISION,0.0,450.0,0,140.0,258.72,191.28,92.3,47.7,20.0,0.0
1779267920.8927252,258.72,47.7,-1.44,258.72,47.7,-1.439999999999999,VISION,0.0,450.0,0,140.0,258.72,191.28,92.3,47.7,20.0,0.0
1779267920.9427342,258.72,47.7,-1.44,258.72,47.7,-1.439999999999999,VISION,0.0,450.0,0,140.0,258.72,191.28,92.3,47.7,20.0,0.0
1779267920.9927342,258.72,47.7,-1.44,258.72,47.7,-1.439999999999999,VISION,0.0,450.0,0,140.0,258.72,191.28,92.3,47.7,20.0,0.0
1779267921.0427358,258.72,47.7,-1.44,258.72,47.7,-1.4399999999999986,VISION,0.0,450.0,0,140.0,258.72,191.28,92.3,47.7,20.0,0.0
1779267921.0928025,258.72,47.7,-1.44,258.72,47.7,-1.4399999999999984,VISION,0.0,450.0,0,140.0,258.72,191.28,92.3,47.7,20.0,0.0
1779267921.1427617,258.72,47.7,-1.44,258.72,47.7,-1.4399999999999984,VISION,0.0,450.0,0,140.0,258.72,191.28,92.3,47.7,20.0,0.0
1779267921.1929038,258.72,47.7,-1.44,258.72,47.7,-1.4399999999999982,VISION,0.0,450.0,0,140.0,258.72,191.28,92.3,47.7,20.0,0.0
1779267921.2428048,258.72,47.7,-1.44,258.72,47.7,-1.4399999999999982,VISION,0.0,450.0,0,140.0,258.72,191.28,92.3,47.7,20.0,0.0
1779267921.2929208,258.72,47.7,-1.4399999999999982,258.72,47.7,-1.4399999999999977,ESTIMA,0.0,450.0,0,140.0,258.72,191.28,92.3,47.7,20.0,0.0
1779267921.3431985,258.72,47.71,-1.44,258.72,47.71,-1.44,VISION,0.0,450.0,0,140.0,258.72,191.28,92.29,47.71,20.0,0.0
1779267921.3927758,258.72,47.71,-1.44,258.72,47.71,-1.4399999999999997,VISION,0.0,450.0,0,140.0,258.72,191.28,92.29,47.71,20.0,0.0
1779267921.4427423,258.72,47.71,-1.44,258.72,47.71,-1.4399999999999997,VISION,0.0,450.0,0,140.0,258.72,191.28,92.29,47.71,20.0,0.0
1779267921.492732,258.72,47.71,-1.44,258.72,47.71,-1.4399999999999997,VISION,0.0,450.0,0,140.0,258.72,191.28,92.29,47.71,20.0,0.0
1779267921.5427275,258.72,47.71,-1.44,258.72,47.71,-1.4399999999999993,VISION,0.0,450.0,0,140.0,258.72,191.28,92.29,47.71,20.0,0.0
1779267921.5927227,258.72,47.71,-1.44,258.72,47.71,-1.439999999999999,VISION,0.0,450.0,0,140.0,258.72,191.28,92.29,47.71,20.0,0.0
1779267921.6427972,258.72,47.71,-1.44,258.72,47.71,-1.439999999999999,VISION,0.0,450.0,0,140.0,258.72,191.28,92.29,47.71,20.0,0.0
1779267921.6927688,258.72,47.71,-1.44,258.72,47.71,-1.439999999999999,VISION,0.0,450.0,0,140.0,258.72,191.28,92.29,47.71,20.0,0.0
1779267921.7427275,258.72,47.71,-1.44,258.72,47.71,-1.4399999999999986,VISION,0.0,450.0,0,140.0,258.72,191.28,92.29,47.71,20.0,0.0
1779267921.7927299,258.72,47.71,-1.44,258.72,47.71,-1.4399999999999984,VISION,0.0,450.0,0,140.0,258.72,191.28,92.29,47.71,20.0,0.0
1779267921.8427234,258.72,47.71,-1.44,258.72,47.71,-1.4399999999999984,VISION,0.0,450.0,0,140.0,258.72,191.28,92.29,47.71,20.0,0.0
1779267921.8933327,258.72,47.72,-1.44,258.72,47.72,-1.44,ESTIMA,0.0,450.0,0,140.0,258.72,191.28,92.28,47.72,20.0,0.0
1779267921.9427829,258.72,47.72,-1.44,258.72,47.72,-1.44,VISION,0.0,450.0,0,140.0,258.72,191.28,92.28,47.72,20.0,0.0
1779267921.9927385,258.72,47.72,-1.44,258.72,47.72,-1.44,VISION,0.0,450.0,0,140.0,258.72,191.28,92.28,47.72,20.0,0.0
1779267922.042804,258.72,47.72,-1.44,258.72,47.72,-1.4399999999999995,VISION,0.0,450.0,0,140.0,258.72,191.28,92.28,47.72,20.0,0.0
1779267922.0927336,258.72,47.72,-1.44,258.72,47.72,-1.4399999999999993,VISION,0.0,450.0,0,140.0,258.72,191.28,92.28,47.72,20.0,0.0
1779267922.1427321,258.72,47.72,-1.44,258.72,47.72,-1.4399999999999993,VISION,0.0,450.0,0,140.0,258.72,191.28,92.28,47.72,20.0,0.0
1779267922.1927247,258.72,47.72,-1.44,258.72,47.72,-1.4399999999999993,VISION,0.0,450.0,0,140.0,258.72,191.28,92.28,47.72,20.0,0.0
1779267922.2427254,258.72,47.72,-1.44,258.72,47.72,-1.4399999999999988,VISION,0.0,450.0,0,140.0,258.72,191.28,92.28,47.72,20.0,0.0
1779267922.2927284,258.72,47.72,-1.44,258.72,47.72,-1.4399999999999986,VISION,0.0,450.0,0,140.0,258.72,191.28,92.28,47.72,20.0,0.0
1779267922.3427384,258.72,47.72,-1.44,258.72,47.72,-1.4399999999999986,VISION,0.0,450.0,0,140.0,258.72,191.28,92.28,47.72,20.0,0.0
1779267922.3927548,258.72,47.72,-1.44,258.72,47.72,-1.4399999999999986,VISION,0.0,450.0,0,140.0,258.72,191.28,92.28,47.72,20.0,0.0
1779267922.4428163,258.72,47.72,-1.4399999999999986,258.72,47.72,-1.4399999999999986,ESTIMA,0.0,450.0,0,140.0,258.72,191.28,92.28,47.72,20.0,0.0
1779267922.4930842,258.73,47.7,-1.44,258.73,47.7,-1.44,VISION,0.0,450.0,0,140.0,258.73,191.27,92.3,47.7,20.0,0.0
1779267922.5427797,258.73,47.7,-1.44,258.73,47.7,-1.4399999999999995,VISION,0.0,450.0,0,140.0,258.73,191.27,92.3,47.7,20.0,0.0
1779267922.5927422,258.73,47.7,-1.44,258.73,47.7,-1.4399999999999995,VISION,0.0,450.0,0,140.0,258.73,191.27,92.3,47.7,20.0,0.0
1779267922.6428137,258.73,47.7,-1.44,258.73,47.7,-1.4399999999999993,VISION,0.0,450.0,0,140.0,258.73,191.27,92.3,47.7,20.0,0.0
1779267922.6927454,258.73,47.7,-1.44,258.73,47.7,-1.4399999999999993,VISION,0.0,450.0,0,140.0,258.73,191.27,92.3,47.7,20.0,0.0
1779267922.7427542,258.73,47.7,-1.44,258.73,47.7,-1.4399999999999993,VISION,0.0,450.0,0,140.0,258.73,191.27,92.3,47.7,20.0,0.0
1779267922.7927442,258.73,47.7,-1.44,258.73,47.7,-1.4399999999999986,VISION,0.0,450.0,0,140.0,258.73,191.27,92.3,47.7,20.0,0.0
1779267922.8427436,258.73,47.7,-1.44,258.73,47.7,-1.4399999999999984,VISION,0.0,450.0,0,140.0,258.73,191.27,92.3,47.7,20.0,0.0
1779267922.8927355,258.73,47.7,-1.44,258.73,47.7,-1.4399999999999984,VISION,0.0,450.0,0,140.0,258.73,191.27,92.3,47.7,20.0,0.0
1779267922.9427323,258.73,47.7,-1.44,258.73,47.7,-1.4399999999999984,VISION,0.0,450.0,0,140.0,258.73,191.27,92.3,47.7,20.0,0.0
1779267922.9927292,258.73,47.7,-1.44,258.73,47.7,-1.439999999999998,VISION,0.0,450.0,0,140.0,258.73,191.27,92.3,47.7,20.0,0.0
1779267923.0428379,258.73,47.7,-1.4399999999999977,258.73,47.7,-1.4399999999999977,ESTIMA,0.0,450.0,0,140.0,258.73,191.27,92.3,47.7,20.0,0.0
1779267923.0929577,258.72,47.7,-1.44,258.72,47.7,-1.44,VISION,0.0,450.0,0,140.0,258.72,191.28,92.3,47.7,20.0,0.0
1779267923.1427906,258.72,47.7,-1.44,258.72,47.7,-1.4399999999999995,VISION,0.0,450.0,0,140.0,258.72,191.28,92.3,47.7,20.0,0.0
1779267923.1927464,258.72,47.7,-1.44,258.72,47.7,-1.4399999999999995,VISION,0.0,450.0,0,140.0,258.72,191.28,92.3,47.7,20.0,0.0
1779267923.2427297,258.72,47.7,-1.44,258.72,47.7,-1.4399999999999995,VISION,0.0,450.0,0,140.0,258.72,191.28,92.3,47.7,20.0,0.0
1779267923.2927303,258.72,47.7,-1.44,258.72,47.7,-1.439999999999999,VISION,0.0,450.0,0,140.0,258.72,191.28,92.3,47.7,20.0,0.0
1779267923.3427472,258.72,47.7,-1.44,258.72,47.7,-1.4399999999999988,VISION,0.0,450.0,0,140.0,258.72,191.28,92.3,47.7,20.0,0.0
1779267923.3927667,258.72,47.7,-1.44,258.72,47.7,-1.4399999999999988,VISION,0.0,450.0,0,140.0,258.72,191.28,92.3,47.7,20.0,0.0
1779267923.4427397,258.72,47.7,-1.44,258.72,47.7,-1.4399999999999984,VISION,0.0,450.0,0,140.0,258.72,191.28,92.3,47.7,20.0,0.0
1779267923.4927337,258.72,47.7,-1.44,258.72,47.7,-1.4399999999999984,VISION,0.0,450.0,0,140.0,258.72,191.28,92.3,47.7,20.0,0.0
1779267923.5427353,258.72,47.7,-1.44,258.72,47.7,-1.4399999999999984,VISION,0.0,450.0,0,140.0,258.72,191.28,92.3,47.7,20.0,0.0
1779267923.5927367,258.72,47.7,-1.44,258.72,47.7,-1.439999999999998,VISION,0.0,450.0,0,140.0,258.72,191.28,92.3,47.7,20.0,0.0
1779267923.642869,258.72,47.7,-1.4399999999999977,258.72,47.7,-1.4399999999999977,ESTIMA,0.0,450.0,0,140.0,258.72,191.28,92.3,47.7,20.0,0.0
1779267923.6928508,258.72,47.71,-1.44,258.72,47.71,-1.44,VISION,0.0,450.0,0,140.0,258.72,191.28,92.29,47.71,20.0,0.0
1779267923.742743,258.72,47.71,-1.44,258.72,47.71,-1.44,VISION,0.0,450.0,0,140.0,258.72,191.28,92.29,47.71,20.0,0.0
1779267923.7927577,258.72,47.71,-1.44,258.72,47.71,-1.4399999999999995,VISION,0.0,450.0,0,140.0,258.72,191.28,92.29,47.71,20.0,0.0
1779267923.8427398,258.72,47.71,-1.44,258.72,47.71,-1.4399999999999993,VISION,0.0,450.0,0,140.0,258.72,191.28,92.29,47.71,20.0,0.0
1779267923.8927367,258.72,47.71,-1.44,258.72,47.71,-1.4399999999999993,VISION,0.0,450.0,0,140.0,258.72,191.28,92.29,47.71,20.0,0.0
1779267923.9427357,258.72,47.71,-1.44,258.72,47.71,-1.4399999999999993,VISION,0.0,450.0,0,140.0,258.72,191.28,92.29,47.71,20.0,0.0
1779267923.992742,258.72,47.71,-1.44,258.72,47.71,-1.4399999999999988,VISION,0.0,450.0,0,140.0,258.72,191.28,92.29,47.71,20.0,0.0
1779267924.0427814,258.72,47.71,-1.44,258.72,47.71,-1.4399999999999986,VISION,0.0,450.0,0,140.0,258.72,191.28,92.29,47.71,20.0,0.0
1779267924.0927525,258.72,47.71,-1.44,258.72,47.71,-1.4399999999999986,VISION,0.0,450.0,0,140.0,258.72,191.28,92.29,47.71,20.0,0.0
1779267924.1427307,258.72,47.71,-1.44,258.72,47.71,-1.4399999999999986,VISION,0.0,450.0,0,140.0,258.72,191.28,92.29,47.71,20.0,0.0
1779267924.1927583,258.72,47.71,-1.44,258.72,47.71,-1.4399999999999982,VISION,0.0,450.0,0,140.0,258.72,191.28,92.29,47.71,20.0,0.0
1779267924.2434037,258.72,47.71,-1.4399999999999982,258.72,47.71,-1.44,ESTIMA,0.0,450.0,0,140.0,258.72,191.28,92.29,47.71,20.0,0.0
1779267924.2929614,258.72,47.71,-1.44,258.72,47.71,-1.4399999999999995,VISION,0.0,450.0,0,140.0,258.72,191.28,92.29,47.71,20.0,0.0
1779267924.3427734,258.72,47.71,-1.44,258.72,47.71,-1.4399999999999995,VISION,0.0,450.0,0,140.0,258.72,191.28,92.29,47.71,20.0,0.0
1779267924.3927946,258.72,47.71,-1.44,258.72,47.71,-1.4399999999999993,VISION,0.0,450.0,0,140.0,258.72,191.28,92.29,47.71,20.0,0.0
1779267924.442765,258.72,47.71,-1.44,258.72,47.71,-1.4399999999999993,VISION,0.0,450.0,0,140.0,258.72,191.28,92.29,47.71,20.0,0.0
1779267924.4927316,258.72,47.71,-1.44,258.72,47.71,-1.439999999999999,VISION,0.0,450.0,0,140.0,258.72,191.28,92.29,47.71,20.0,0.0
1779267924.5427284,258.72,47.71,-1.44,258.72,47.71,-1.439999999999999,VISION,0.0,450.0,0,140.0,258.72,191.28,92.29,47.71,20.0,0.0
1779267924.592733,258.72,47.71,-1.44,258.72,47.71,-1.439999999999999,VISION,0.0,450.0,0,140.0,258.72,191.28,92.29,47.71,20.0,0.0
1779267924.642747,258.72,47.71,-1.44,258.72,47.71,-1.4399999999999986,VISION,0.0,450.0,0,140.0,258.72,191.28,92.29,47.71,20.0,0.0
1779267924.6927385,258.72,47.71,-1.44,258.72,47.71,-1.4399999999999984,VISION,0.0,450.0,0,140.0,258.72,191.28,92.29,47.71,20.0,0.0
1779267924.7427356,258.72,47.71,-1.44,258.72,47.71,-1.4399999999999984,VISION,0.0,450.0,0,140.0,258.72,191.28,92.29,47.71,20.0,0.0
1779267924.7927995,258.72,47.71,-1.4399999999999984,258.72,47.71,-1.4399999999999984,ESTIMA,0.0,450.0,0,140.0,258.72,191.28,92.29,47.71,20.0,0.0
1779267924.8428626,258.72,47.71,-1.44,258.72,47.71,-1.44,VISION,0.0,450.0,0,140.0,258.72,191.28,92.29,47.71,20.0,0.0
1779267924.8928103,258.72,47.71,-1.44,258.72,47.71,-1.44,VISION,0.0,450.0,0,140.0,258.72,191.28,92.29,47.71,20.0,0.0
1779267924.9427454,258.72,47.71,-1.44,258.72,47.71,-1.4399999999999997,VISION,0.0,450.0,0,140.0,258.72,191.28,92.29,47.71,20.0,0.0
1779267924.9927433,258.72,47.71,-1.44,258.72,47.71,-1.4399999999999997,VISION,0.0,450.0,0,140.0,258.72,191.28,92.29,47.71,20.0,0.0
1779267925.0427508,258.72,47.71,-1.44,258.72,47.71,-1.4399999999999993,VISION,0.0,450.0,0,140.0,258.72,191.28,92.29,47.71,20.0,0.0
1779267925.0927393,258.72,47.71,-1.44,258.72,47.71,-1.439999999999999,VISION,0.0,450.0,0,140.0,258.72,191.28,92.29,47.71,20.0,0.0
1779267925.1427798,258.72,47.71,-1.44,258.72,47.71,-1.439999999999999,VISION,0.0,450.0,0,140.0,258.72,191.28,92.29,47.71,20.0,0.0
1779267925.1927562,258.72,47.71,-1.44,258.72,47.71,-1.439999999999999,VISION,0.0,450.0,0,140.0,258.72,191.28,92.29,47.71,20.0,0.0
1779267925.2427335,258.72,47.71,-1.44,258.72,47.71,-1.4399999999999986,VISION,0.0,450.0,0,140.0,258.72,191.28,92.29,47.71,20.0,0.0
1779267925.2927377,258.72,47.71,-1.44,258.72,47.71,-1.4399999999999984,VISION,0.0,450.0,0,140.0,258.72,191.28,92.29,47.71,20.0,0.0
1779267925.3427436,258.72,47.71,-1.4399999999999984,258.72,47.71,-1.4399999999999984,ESTIMA,0.0,450.0,0,140.0,258.72,191.28,92.29,47.71,20.0,0.0
1779267925.3930693,258.72,47.71,-1.439999999999998,258.72,47.71,-1.439999999999998,ESTIMA,0.0,450.0,0,140.0,258.72,191.28,92.29,47.71,20.0,0.0
1779267925.4431608,258.72,47.71,-1.442,258.72,47.71,-1.442,VISION,0.0,450.0,0,140.0,258.72,191.28,92.29,47.71,20.0,0.0
1779267925.4928558,258.72,47.71,-1.442,258.72,47.71,-1.442,VISION,0.0,450.0,0,140.0,258.72,191.28,92.29,47.71,20.0,0.0
1779267925.5427687,258.72,47.71,-1.442,258.72,47.71,-1.4419999999999995,VISION,0.0,450.0,0,140.0,258.72,191.28,92.29,47.71,20.0,0.0
1779267925.5927973,258.72,47.71,-1.442,258.72,47.71,-1.4419999999999993,VISION,0.0,450.0,0,140.0,258.72,191.28,92.29,47.71,20.0,0.0
1779267925.6427498,258.72,47.71,-1.442,258.72,47.71,-1.4419999999999993,VISION,0.0,450.0,0,140.0,258.72,191.28,92.29,47.71,20.0,0.0
1779267925.692746,258.72,47.71,-1.442,258.72,47.71,-1.4419999999999993,VISION,0.0,450.0,0,140.0,258.72,191.28,92.29,47.71,20.0,0.0
1779267925.7427518,258.72,47.71,-1.442,258.72,47.71,-1.4419999999999993,VISION,0.0,450.0,0,140.0,258.72,191.28,92.29,47.71,20.0,0.0
1779267925.7927449,258.72,47.71,-1.442,258.72,47.71,-1.4419999999999986,VISION,0.0,450.0,0,140.0,258.72,191.28,92.29,47.71,20.0,0.0
1779267925.8427386,258.72,47.71,-1.442,258.72,47.71,-1.4419999999999984,VISION,0.0,450.0,0,140.0,258.72,191.28,92.29,47.71,20.0,0.0
1779267925.8927374,258.72,47.71,-1.442,258.72,47.71,-1.4419999999999984,VISION,0.0,450.0,0,140.0,258.72,191.28,92.29,47.71,20.0,0.0
1779267925.9427426,258.72,47.71,-1.442,258.72,47.71,-1.4419999999999982,VISION,0.0,450.0,0,140.0,258.72,191.28,92.29,47.71,20.0,0.0
1779267925.9929929,258.72,47.71,-1.4419999999999982,258.73,47.7,-1.44,ESTIMA,0.0,450.0,0,140.0,258.72,191.28,92.29,47.71,20.0,0.0
1779267926.0428383,258.73,47.7,-1.44,258.73,47.7,-1.4399999999999995,VISION,0.0,450.0,0,140.0,258.73,191.27,92.3,47.7,20.0,0.0
1779267926.092814,258.73,47.7,-1.44,258.73,47.7,-1.4399999999999995,VISION,0.0,450.0,0,140.0,258.73,191.27,92.3,47.7,20.0,0.0
1779267926.142804,258.73,47.7,-1.44,258.73,47.7,-1.4399999999999993,VISION,0.0,450.0,0,140.0,258.73,191.27,92.3,47.7,20.0,0.0
1779267926.1927454,258.73,47.7,-1.44,258.73,47.7,-1.4399999999999993,VISION,0.0,450.0,0,140.0,258.73,191.27,92.3,47.7,20.0,0.0
1779267926.2427914,258.73,47.7,-1.44,258.73,47.7,-1.439999999999999,VISION,0.0,450.0,0,140.0,258.73,191.27,92.3,47.7,20.0,0.0
1779267926.2927446,258.73,47.7,-1.44,258.73,47.7,-1.439999999999999,VISION,0.0,450.0,0,140.0,258.73,191.27,92.3,47.7,20.0,0.0
1779267926.3429234,258.73,47.7,-1.44,258.73,47.7,-1.4399999999999986,VISION,0.0,450.0,0,140.0,258.73,191.27,92.3,47.7,20.0,0.0
1779267926.392916,258.73,47.7,-1.44,258.73,47.7,-1.4399999999999984,VISION,0.0,450.0,0,140.0,258.73,191.27,92.3,47.7,20.0,0.0
1779267926.4428523,258.73,47.7,-1.44,258.73,47.7,-1.4399999999999984,VISION,0.0,450.0,0,140.0,258.73,191.27,92.3,47.7,20.0,0.0
1779267926.492745,258.73,47.7,-1.44,258.73,47.7,-1.4399999999999984,VISION,0.0,450.0,0,140.0,258.73,191.27,92.3,47.7,20.0,0.0
1779267926.542751,258.73,47.7,-1.4399999999999984,258.73,47.7,-1.4399999999999984,ESTIMA,0.0,450.0,0,140.0,258.73,191.27,92.3,47.7,20.0,0.0
1779267926.5929246,258.73,47.72,-1.442,258.73,47.72,-1.442,VISION,0.0,450.0,0,140.0,258.73,191.27,92.28,47.72,20.0,0.0
1779267926.6427743,258.73,47.72,-1.442,258.73,47.72,-1.4419999999999997,VISION,0.0,450.0,0,140.0,258.73,191.27,92.28,47.72,20.0,0.0
1779267926.6927767,258.73,47.72,-1.442,258.73,47.72,-1.4419999999999997,VISION,0.0,450.0,0,140.0,258.73,191.27,92.28,47.72,20.0,0.0
1779267926.7427418,258.73,47.72,-1.442,258.73,47.72,-1.4419999999999997,VISION,0.0,450.0,0,140.0,258.73,191.27,92.28,47.72,20.0,0.0
1779267926.7927477,258.73,47.72,-1.442,258.73,47.72,-1.4419999999999993,VISION,0.0,450.0,0,140.0,258.73,191.27,92.28,47.72,20.0,0.0
1779267926.8427477,258.73,47.72,-1.442,258.73,47.72,-1.4419999999999993,VISION,0.0,450.0,0,140.0,258.73,191.27,92.28,47.72,20.0,0.0
1779267926.8927624,258.73,47.72,-1.442,258.73,47.72,-1.441999999999999,VISION,0.0,450.0,0,140.0,258.73,191.27,92.28,47.72,20.0,0.0
1779267926.9427512,258.73,47.72,-1.442,258.73,47.72,-1.4419999999999988,VISION,0.0,450.0,0,140.0,258.73,191.27,92.28,47.72,20.0,0.0
1779267926.992773,258.73,47.72,-1.442,258.73,47.72,-1.4419999999999988,VISION,0.0,450.0,0,140.0,258.73,191.27,92.28,47.72,20.0,0.0
1779267927.0427496,258.73,47.72,-1.442,258.73,47.72,-1.4419999999999988,VISION,0.0,450.0,0,140.0,258.73,191.27,92.28,47.72,20.0,0.0
1779267927.0927896,258.73,47.72,-1.442,258.73,47.72,-1.4419999999999982,VISION,0.0,450.0,0,140.0,258.73,191.27,92.28,47.72,20.0,0.0
1779267927.1428807,258.73,47.72,-1.4419999999999982,258.73,47.72,-1.4419999999999982,ESTIMA,0.0,450.0,0,140.0,258.73,191.27,92.28,47.72,20.0,0.0
1779267927.1929631,258.72,47.71,-1.44,258.72,47.71,-1.44,VISION,0.0,450.0,0,140.0,258.72,191.28,92.29,47.71,20.0,0.0
1779267927.242818,258.72,47.71,-1.44,258.72,47.71,-1.4399999999999995,VISION,0.0,450.0,0,140.0,258.72,191.28,92.29,47.71,20.0,0.0
1779267927.292762,258.72,47.71,-1.44,258.72,47.71,-1.4399999999999995,VISION,0.0,450.0,0,140.0,258.72,191.28,92.29,47.71,20.0,0.0
1779267927.342766,258.72,47.71,-1.44,258.72,47.71,-1.4399999999999993,VISION,0.0,450.0,0,140.0,258.72,191.28,92.29,47.71,20.0,0.0
1779267927.3927991,258.72,47.71,-1.44,258.72,47.71,-1.4399999999999993,VISION,0.0,450.0,0,140.0,258.72,191.28,92.29,47.71,20.0,0.0
1779267927.4427578,258.72,47.71,-1.44,258.72,47.71,-1.4399999999999988,VISION,0.0,450.0,0,140.0,258.72,191.28,92.29,47.71,20.0,0.0
1779267927.4927547,258.72,47.71,-1.44,258.72,47.71,-1.4399999999999988,VISION,0.0,450.0,0,140.0,258.72,191.28,92.29,47.71,20.0,0.0
1779267927.5427706,258.72,47.71,-1.44,258.72,47.71,-1.4399999999999988,VISION,0.0,450.0,0,140.0,258.72,191.28,92.29,47.71,20.0,0.0
1779267927.5927453,258.72,47.71,-1.44,258.72,47.71,-1.4399999999999984,VISION,0.0,450.0,0,140.0,258.72,191.28,92.29,47.71,20.0,0.0
1779267927.6427515,258.72,47.71,-1.44,258.72,47.71,-1.4399999999999982,VISION,0.0,450.0,0,140.0,258.72,191.28,92.29,47.71,20.0,0.0
1779267927.6927466,258.72,47.71,-1.44,258.72,47.71,-1.4399999999999982,VISION,0.0,450.0,0,140.0,258.72,191.28,92.29,47.71,20.0,0.0
1779267927.742821,258.72,47.71,-1.4399999999999977,258.72,47.71,-1.4399999999999977,ESTIMA,0.0,450.0,0,140.0,258.72,191.28,92.29,47.71,20.0,0.0
1779267927.7929356,258.73,47.7,-1.44,258.73,47.7,-1.44,VISION,0.0,450.0,0,140.0,258.73,191.27,92.3,47.7,20.0,0.0
1779267927.842791,258.73,47.7,-1.44,258.73,47.7,-1.44,VISION,0.0,450.0,0,140.0,258.73,191.27,92.3,47.7,20.0,0.0
1779267927.8928063,258.73,47.7,-1.44,258.73,47.7,-1.4399999999999995,VISION,0.0,450.0,0,140.0,258.73,191.27,92.3,47.7,20.0,0.0
1779267927.9427607,258.73,47.7,-1.44,258.73,47.7,-1.4399999999999995,VISION,0.0,450.0,0,140.0,258.73,191.27,92.3,47.7,20.0,0.0
1779267927.9927754,258.73,47.7,-1.44,258.73,47.7,-1.439999999999999,VISION,0.0,450.0,0,140.0,258.73,191.27,92.3,47.7,20.0,0.0
1779267928.0427592,258.73,47.7,-1.44,258.73,47.7,-1.4399999999999988,VISION,0.0,450.0,0,140.0,258.73,191.27,92.3,47.7,20.0,0.0
1779267928.092778,258.73,47.7,-1.44,258.73,47.7,-1.4399999999999988,VISION,0.0,450.0,0,140.0,258.73,191.27,92.3,47.7,20.0,0.0
1779267928.1427858,258.73,47.7,-1.44,258.73,47.7,-1.4399999999999988,VISION,0.0,450.0,0,140.0,258.73,191.27,92.3,47.7,20.0,0.0
1779267928.1927512,258.73,47.7,-1.44,258.73,47.7,-1.4399999999999982,VISION,0.0,450.0,0,140.0,258.73,191.27,92.3,47.7,20.0,0.0
1779267928.2427554,258.73,47.7,-1.44,258.73,47.7,-1.4399999999999982,VISION,0.0,450.0,0,140.0,258.73,191.27,92.3,47.7,20.0,0.0
1779267928.2927437,258.73,47.7,-1.44,258.73,47.7,-1.439999999999998,VISION,0.0,450.0,0,140.0,258.73,191.27,92.3,47.7,20.0,0.0
1779267928.3431265,258.72,47.71,-1.44,258.72,47.71,-1.44,VISION,0.0,450.0,0,140.0,258.72,191.28,92.29,47.71,20.0,0.0
1779267928.3928216,258.72,47.71,-1.44,258.72,47.71,-1.44,VISION,0.0,450.0,0,140.0,258.72,191.28,92.29,47.71,20.0,0.0
1779267928.44285,258.72,47.71,-1.44,258.72,47.71,-1.44,VISION,0.0,450.0,0,140.0,258.72,191.28,92.29,47.71,20.0,0.0
1779267928.4928162,258.72,47.71,-1.44,258.72,47.71,-1.4399999999999995,VISION,0.0,450.0,0,140.0,258.72,191.28,92.29,47.71,20.0,0.0
1779267928.5427682,258.72,47.71,-1.44,258.72,47.71,-1.4399999999999995,VISION,0.0,450.0,0,140.0,258.72,191.28,92.29,47.71,20.0,0.0
1779267928.592802,258.72,47.71,-1.44,258.72,47.71,-1.439999999999999,VISION,0.0,450.0,0,140.0,258.72,191.28,92.29,47.71,20.0,0.0
1779267928.6427584,258.72,47.71,-1.44,258.72,47.71,-1.439999999999999,VISION,0.0,450.0,0,140.0,258.72,191.28,92.29,47.71,20.0,0.0
1779267928.6927598,258.72,47.71,-1.44,258.72,47.71,-1.4399999999999988,VISION,0.0,450.0,0,140.0,258.72,191.28,92.29,47.71,20.0,0.0
1779267928.742758,258.72,47.71,-1.44,258.72,47.71,-1.4399999999999988,VISION,0.0,450.0,0,140.0,258.72,191.28,92.29,47.71,20.0,0.0
1779267928.7927535,258.72,47.71,-1.44,258.72,47.71,-1.4399999999999988,VISION,0.0,450.0,0,140.0,258.72,191.28,92.29,47.71,20.0,0.0
1779267928.8427508,258.72,47.71,-1.44,258.72,47.71,-1.4399999999999984,VISION,0.0,450.0,0,140.0,258.72,191.28,92.29,47.71,20.0,0.0
1779267928.8928251,258.72,47.71,-1.4399999999999982,258.72,47.71,-1.4399999999999982,ESTIMA,0.0,450.0,0,140.0,258.72,191.28,92.29,47.71,20.0,0.0
1779267928.9429677,258.72,47.71,-1.44,258.72,47.71,-1.44,VISION,0.0,450.0,0,140.0,258.72,191.28,92.29,47.71,20.0,0.0
1779267928.9928756,258.72,47.71,-1.44,258.72,47.71,-1.44,VISION,0.0,450.0,0,140.0,258.72,191.28,92.29,47.71,20.0,0.0
1779267929.0427914,258.72,47.71,-1.44,258.72,47.71,-1.4399999999999995,VISION,0.0,450.0,0,140.0,258.72,191.28,92.29,47.71,20.0,0.0
1779267929.0927582,258.72,47.71,-1.44,258.72,47.71,-1.4399999999999993,VISION,0.0,450.0,0,140.0,258.72,191.28,92.29,47.71,20.0,0.0
1779267929.142778,258.72,47.71,-1.44,258.72,47.71,-1.4399999999999993,VISION,0.0,450.0,0,140.0,258.72,191.28,92.29,47.71,20.0,0.0
1779267929.1927452,258.72,47.71,-1.44,258.72,47.71,-1.4399999999999993,VISION,0.0,450.0,0,140.0,258.72,191.28,92.29,47.71,20.0,0.0
1779267929.24276,258.72,47.71,-1.44,258.72,47.71,-1.4399999999999988,VISION,0.0,450.0,0,140.0,258.72,191.28,92.29,47.71,20.0,0.0
1779267929.2927654,258.72,47.71,-1.44,258.72,47.71,-1.4399999999999988,VISION,0.0,450.0,0,140.0,258.72,191.28,92.29,47.71,20.0,0.0
1779267929.342756,258.72,47.71,-1.44,258.72,47.71,-1.4399999999999986,VISION,0.0,450.0,0,140.0,258.72,191.28,92.29,47.71,20.0,0.0
1779267929.392777,258.72,47.71,-1.44,258.72,47.71,-1.4399999999999984,VISION,0.0,450.0,0,140.0,258.72,191.28,92.29,47.71,20.0,0.0
1779267929.4427752,258.72,47.71,-1.44,258.72,47.71,-1.4399999999999984,VISION,0.0,450.0,0,140.0,258.72,191.28,92.29,47.71,20.0,0.0
1779267929.4930058,258.72,47.71,-1.4399999999999984,258.72,47.71,-1.44,ESTIMA,0.0,450.0,0,140.0,258.72,191.28,92.29,47.71,20.0,0.0
1779267929.5428033,258.72,47.71,-1.44,258.72,47.71,-1.44,VISION,0.0,450.0,0,140.0,258.72,191.28,92.29,47.71,20.0,0.0
1779267929.592767,258.72,47.71,-1.44,258.72,47.71,-1.4399999999999997,VISION,0.0,450.0,0,140.0,258.72,191.28,92.29,47.71,20.0,0.0
1779267929.6427867,258.72,47.71,-1.44,258.72,47.71,-1.4399999999999997,VISION,0.0,450.0,0,140.0,258.72,191.28,92.29,47.71,20.0,0.0
1779267929.6927583,258.72,47.71,-1.44,258.72,47.71,-1.4399999999999995,VISION,0.0,450.0,0,140.0,258.72,191.28,92.29,47.71,20.0,0.0
1779267929.742756,258.72,47.71,-1.44,258.72,47.71,-1.4399999999999995,VISION,0.0,450.0,0,140.0,258.72,191.28,92.29,47.71,20.0,0.0
1779267929.792754,258.72,47.71,-1.44,258.72,47.71,-1.4399999999999995,VISION,0.0,450.0,0,140.0,258.72,191.28,92.29,47.71,20.0,0.0
1779267929.8427544,258.72,47.71,-1.44,258.72,47.71,-1.439999999999999,VISION,0.0,450.0,0,140.0,258.72,191.28,92.29,47.71,20.0,0.0
1779267929.8927662,258.72,47.71,-1.44,258.72,47.71,-1.4399999999999988,VISION,0.0,450.0,0,140.0,258.72,191.28,92.29,47.71,20.0,0.0
1779267929.9427528,258.72,47.71,-1.44,258.72,47.71,-1.4399999999999988,VISION,0.0,450.0,0,140.0,258.72,191.28,92.29,47.71,20.0,0.0
1779267929.9927504,258.72,47.71,-1.44,258.72,47.71,-1.4399999999999988,VISION,0.0,450.0,0,140.0,258.72,191.28,92.29,47.71,20.0,0.0
1779267930.0427554,258.72,47.71,-1.4399999999999984,258.72,47.71,-1.4399999999999984,ESTIMA,0.0,450.0,0,140.0,258.72,191.28,92.29,47.71,20.0,0.0
1779267930.0930686,258.72,47.71,-1.4399999999999982,258.72,47.71,-1.44,ESTIMA,0.0,450.0,0,140.0,258.72,191.28,92.29,47.71,20.0,0.0
1779267930.1428683,258.72,47.71,-1.44,258.72,47.71,-1.44,VISION,0.0,450.0,0,140.0,258.72,191.28,92.29,47.71,20.0,0.0
1779267930.1927757,258.72,47.71,-1.44,258.72,47.71,-1.44,VISION,0.0,450.0,0,140.0,258.72,191.28,92.29,47.71,20.0,0.0
1779267930.2427678,258.72,47.71,-1.44,258.72,47.71,-1.4399999999999995,VISION,0.0,450.0,0,140.0,258.72,191.28,92.29,47.71,20.0,0.0
1779267930.2927642,258.72,47.71,-1.44,258.72,47.71,-1.4399999999999995,VISION,0.0,450.0,0,140.0,258.72,191.28,92.29,47.71,20.0,0.0
1779267930.3427794,258.72,47.71,-1.44,258.72,47.71,-1.439999999999999,VISION,0.0,450.0,0,140.0,258.72,191.28,92.29,47.71,20.0,0.0
1779267930.392839,258.72,47.71,-1.44,258.72,47.71,-1.4399999999999988,VISION,0.0,450.0,0,140.0,258.72,191.28,92.29,47.71,20.0,0.0
1779267930.4427955,258.72,47.71,-1.44,258.72,47.71,-1.4399999999999988,VISION,0.0,450.0,0,140.0,258.72,191.28,92.29,47.71,20.0,0.0
1779267930.4927552,258.72,47.71,-1.44,258.72,47.71,-1.4399999999999988,VISION,0.0,450.0,0,140.0,258.72,191.28,92.29,47.71,20.0,0.0
1779267930.5428073,258.72,47.71,-1.44,258.72,47.71,-1.4399999999999984,VISION,0.0,450.0,0,140.0,258.72,191.28,92.29,47.71,20.0,0.0
1779267930.5927584,258.72,47.71,-1.44,258.72,47.71,-1.4399999999999984,VISION,0.0,450.0,0,140.0,258.72,191.28,92.29,47.71,20.0,0.0
1779267930.6428735,258.72,47.71,-1.4399999999999982,258.72,47.71,-1.4399999999999982,ESTIMA,0.0,450.0,0,140.0,258.72,191.28,92.29,47.71,20.0,0.0
1779267930.692978,258.73,47.7,-1.44,258.73,47.7,-1.44,VISION,0.0,450.0,0,140.0,258.73,191.27,92.3,47.7,20.0,0.0
1779267930.7427754,258.73,47.7,-1.44,258.73,47.7,-1.44,VISION,0.0,450.0,0,140.0,258.73,191.27,92.3,47.7,20.0,0.0
1779267930.7927659,258.73,47.7,-1.44,258.73,47.7,-1.4399999999999995,VISION,0.0,450.0,0,140.0,258.73,191.27,92.3,47.7,20.0,0.0
1779267930.8427608,258.73,47.7,-1.44,258.73,47.7,-1.4399999999999993,VISION,0.0,450.0,0,140.0,258.73,191.27,92.3,47.7,20.0,0.0
1779267930.8927689,258.73,47.7,-1.44,258.73,47.7,-1.4399999999999993,VISION,0.0,450.0,0,140.0,258.73,191.27,92.3,47.7,20.0,0.0
1779267930.9427726,258.73,47.7,-1.44,258.73,47.7,-1.4399999999999988,VISION,0.0,450.0,0,140.0,258.73,191.27,92.3,47.7,20.0,0.0
1779267930.992758,258.73,47.7,-1.44,258.73,47.7,-1.4399999999999988,VISION,0.0,450.0,0,140.0,258.73,191.27,92.3,47.7,20.0,0.0
1779267931.0427697,258.73,47.7,-1.44,258.73,47.7,-1.4399999999999988,VISION,0.0,450.0,0,140.0,258.73,191.27,92.3,47.7,20.0,0.0
1779267931.0927715,258.73,47.7,-1.44,258.73,47.7,-1.4399999999999984,VISION,0.0,450.0,0,140.0,258.73,191.27,92.3,47.7,20.0,0.0
1779267931.1428354,258.73,47.7,-1.44,258.73,47.7,-1.4399999999999982,VISION,0.0,450.0,0,140.0,258.73,191.27,92.3,47.7,20.0,0.0
1779267931.192871,258.73,47.7,-1.44,258.73,47.7,-1.439999999999998,VISION,0.0,450.0,0,140.0,258.73,191.27,92.3,47.7,20.0,0.0
1779267931.2428663,258.73,47.7,-1.439999999999998,258.73,47.7,-1.439999999999998,ESTIMA,0.0,450.0,0,140.0,258.73,191.27,92.3,47.7,20.0,0.0
1779267931.293266,258.73,47.71,-1.442,258.73,47.71,-1.442,VISION,0.0,450.0,0,140.0,258.73,191.27,92.29,47.71,20.0,0.0
1779267931.3427863,258.73,47.71,-1.442,258.73,47.71,-1.4419999999999995,VISION,0.0,450.0,0,140.0,258.73,191.27,92.29,47.71,20.0,0.0
1779267931.3928123,258.73,47.71,-1.442,258.73,47.71,-1.4419999999999995,VISION,0.0,450.0,0,140.0,258.73,191.27,92.29,47.71,20.0,0.0
1779267931.4427667,258.73,47.71,-1.442,258.73,47.71,-1.441999999999999,VISION,0.0,450.0,0,140.0,258.73,191.27,92.29,47.71,20.0,0.0
1779267931.4927826,258.73,47.71,-1.442,258.73,47.71,-1.441999999999999,VISION,0.0,450.0,0,140.0,258.73,191.27,92.29,47.71,20.0,0.0
1779267931.5428035,258.73,47.71,-1.442,258.73,47.71,-1.4419999999999986,VISION,0.0,450.0,0,140.0,258.73,191.27,92.29,47.71,20.0,0.0
1779267931.5928092,258.73,47.71,-1.442,258.73,47.71,-1.4419999999999984,VISION,0.0,450.0,0,140.0,258.73,191.27,92.29,47.71,20.0,0.0
1779267931.6427777,258.73,47.71,-1.442,258.73,47.71,-1.4419999999999984,VISION,0.0,450.0,0,140.0,258.73,191.27,92.29,47.71,20.0,0.0
1779267931.6927621,258.73,47.71,-1.442,258.73,47.71,-1.4419999999999984,VISION,0.0,450.0,0,140.0,258.73,191.27,92.29,47.71,20.0,0.0
1779267931.742774,258.73,47.71,-1.442,258.73,47.71,-1.4419999999999984,VISION,0.0,450.0,0,140.0,258.73,191.27,92.29,47.71,20.0,0.0
1779267931.7927794,258.73,47.71,-1.442,258.73,47.71,-1.441999999999998,VISION,0.0,450.0,0,140.0,258.73,191.27,92.29,47.71,20.0,0.0
1779267931.8433132,258.73,47.71,-1.4419999999999977,258.73,47.7,-1.44,ESTIMA,0.0,450.0,0,140.0,258.73,191.27,92.29,47.71,20.0,0.0
1779267931.8928323,258.73,47.7,-1.44,258.73,47.7,-1.44,VISION,0.0,450.0,0,140.0,258.73,191.27,92.3,47.7,20.0,0.0
1779267931.9428425,258.73,47.7,-1.44,258.73,47.7,-1.4399999999999995,VISION,0.0,450.0,0,140.0,258.73,191.27,92.3,47.7,20.0,0.0
1779267931.992764,258.73,47.7,-1.44,258.73,47.7,-1.4399999999999995,VISION,0.0,450.0,0,140.0,258.73,191.27,92.3,47.7,20.0,0.0
1779267932.04276,258.73,47.7,-1.44,258.73,47.7,-1.4399999999999995,VISION,0.0,450.0,0,140.0,258.73,191.27,92.3,47.7,20.0,0.0
1779267932.09281,258.73,47.7,-1.44,258.73,47.7,-1.439999999999999,VISION,0.0,450.0,0,140.0,258.73,191.27,92.3,47.7,20.0,0.0
1779267932.1428895,258.73,47.7,-1.44,258.73,47.7,-1.4399999999999988,VISION,0.0,450.0,0,140.0,258.73,191.27,92.3,47.7,20.0,0.0
1779267932.1927645,258.73,47.7,-1.44,258.73,47.7,-1.4399999999999988,VISION,0.0,450.0,0,140.0,258.73,191.27,92.3,47.7,20.0,0.0
1779267932.2428632,258.73,47.7,-1.44,258.73,47.7,-1.4399999999999984,VISION,0.0,450.0,0,140.0,258.73,191.27,92.3,47.7,20.0,0.0
1779267932.2927856,258.73,47.7,-1.44,258.73,47.7,-1.4399999999999984,VISION,0.0,450.0,0,140.0,258.73,191.27,92.3,47.7,20.0,0.0
1779267932.3427694,258.73,47.7,-1.44,258.73,47.7,-1.4399999999999982,VISION,0.0,450.0,0,140.0,258.73,191.27,92.3,47.7,20.0,0.0
1779267932.3928366,258.73,47.7,-1.4399999999999982,258.73,47.7,-1.4399999999999982,ESTIMA,0.0,450.0,0,140.0,258.73,191.27,92.3,47.7,20.0,0.0
1779267932.4428797,258.73,47.71,-1.44,258.73,47.71,-1.44,VISION,0.0,450.0,0,140.0,258.73,191.27,92.29,47.71,20.0,0.0
1779267932.4928265,258.73,47.71,-1.44,258.73,47.71,-1.44,VISION,0.0,450.0,0,140.0,258.73,191.27,92.29,47.71,20.0,0.0
1779267932.5427704,258.73,47.71,-1.44,258.73,47.71,-1.44,VISION,0.0,450.0,0,140.0,258.73,191.27,92.29,47.71,20.0,0.0
1779267932.5928013,258.73,47.71,-1.44,258.73,47.71,-1.4399999999999995,VISION,0.0,450.0,0,140.0,258.73,191.27,92.29,47.71,20.0,0.0
1779267932.6427777,258.73,47.71,-1.44,258.73,47.71,-1.4399999999999993,VISION,0.0,450.0,0,140.0,258.73,191.27,92.29,47.71,20.0,0.0
1779267932.6927683,258.73,47.71,-1.44,258.73,47.71,-1.4399999999999993,VISION,0.0,450.0,0,140.0,258.73,191.27,92.29,47.71,20.0,0.0
1779267932.742763,258.73,47.71,-1.44,258.73,47.71,-1.4399999999999993,VISION,0.0,450.0,0,140.0,258.73,191.27,92.29,47.71,20.0,0.0
1779267932.7927668,258.73,47.71,-1.44,258.73,47.71,-1.4399999999999988,VISION,0.0,450.0,0,140.0,258.73,191.27,92.29,47.71,20.0,0.0
1779267932.8427625,258.73,47.71,-1.44,258.73,47.71,-1.4399999999999986,VISION,0.0,450.0,0,140.0,258.73,191.27,92.29,47.71,20.0,0.0
1779267932.892773,258.73,47.71,-1.44,258.73,47.71,-1.4399999999999986,VISION,0.0,450.0,0,140.0,258.73,191.27,92.29,47.71,20.0,0.0
1779267932.9427664,258.73,47.71,-1.4399999999999986,258.73,47.71,-1.4399999999999986,ESTIMA,0.0,450.0,0,140.0,258.73,191.27,92.29,47.71,20.0,0.0
1779267932.9928408,258.73,47.71,-1.4399999999999982,258.73,47.71,-1.4399999999999982,ESTIMA,0.0,450.0,0,140.0,258.73,191.27,92.29,47.71,20.0,0.0
1779267933.0429225,258.72,47.71,-1.44,258.72,47.71,-1.44,VISION,0.0,450.0,0,140.0,258.72,191.28,92.29,47.71,20.0,0.0
1779267933.0927744,258.72,47.71,-1.44,258.72,47.71,-1.4399999999999995,VISION,0.0,450.0,0,140.0,258.72,191.28,92.29,47.71,20.0,0.0
1779267933.1427782,258.72,47.71,-1.44,258.72,47.71,-1.4399999999999993,VISION,0.0,450.0,0,140.0,258.72,191.28,92.29,47.71,20.0,0.0
1779267933.1927664,258.72,47.71,-1.44,258.72,47.71,-1.4399999999999993,VISION,0.0,450.0,0,140.0,258.72,191.28,92.29,47.71,20.0,0.0
1779267933.2428153,258.72,47.71,-1.44,258.72,47.71,-1.4399999999999993,VISION,0.0,450.0,0,140.0,258.72,191.28,92.29,47.71,20.0,0.0
1779267933.2927642,258.72,47.71,-1.44,258.72,47.71,-1.4399999999999988,VISION,0.0,450.0,0,140.0,258.72,191.28,92.29,47.71,20.0,0.0
1779267933.342793,258.72,47.71,-1.44,258.72,47.71,-1.4399999999999986,VISION,0.0,450.0,0,140.0,258.72,191.28,92.29,47.71,20.0,0.0
1779267933.3927987,258.72,47.71,-1.44,258.72,47.71,-1.4399999999999986,VISION,0.0,450.0,0,140.0,258.72,191.28,92.29,47.71,20.0,0.0
1779267933.4427702,258.72,47.71,-1.44,258.72,47.71,-1.4399999999999986,VISION,0.0,450.0,0,140.0,258.72,191.28,92.29,47.71,20.0,0.0
1779267933.4927657,258.72,47.71,-1.44,258.72,47.71,-1.4399999999999982,VISION,0.0,450.0,0,140.0,258.72,191.28,92.29,47.71,20.0,0.0
1779267933.542764,258.72,47.71,-1.44,258.72,47.71,-1.4399999999999982,VISION,0.0,450.0,0,140.0,258.72,191.28,92.29,47.71,20.0,0.0
1779267933.5930629,258.72,47.71,-1.439999999999998,258.73,47.71,-1.442,ESTIMA,0.0,450.0,0,140.0,258.72,191.28,92.29,47.71,20.0,0.0
1779267933.6429112,258.73,47.71,-1.442,258.73,47.71,-1.4419999999999995,VISION,0.0,450.0,0,140.0,258.73,191.27,92.29,47.71,20.0,0.0
1779267933.692774,258.73,47.71,-1.442,258.73,47.71,-1.4419999999999995,VISION,0.0,450.0,0,140.0,258.73,191.27,92.29,47.71,20.0,0.0
1779267933.7427697,258.73,47.71,-1.442,258.73,47.71,-1.4419999999999995,VISION,0.0,450.0,0,140.0,258.73,191.27,92.29,47.71,20.0,0.0
1779267933.7927804,258.73,47.71,-1.442,258.73,47.71,-1.441999999999999,VISION,0.0,450.0,0,140.0,258.73,191.27,92.29,47.71,20.0,0.0
1779267933.8427718,258.73,47.71,-1.442,258.73,47.71,-1.441999999999999,VISION,0.0,450.0,0,140.0,258.73,191.27,92.29,47.71,20.0,0.0
1779267933.892776,258.73,47.71,-1.442,258.73,47.71,-1.4419999999999988,VISION,0.0,450.0,0,140.0,258.73,191.27,92.29,47.71,20.0,0.0
1779267933.94282,258.73,47.71,-1.442,258.73,47.71,-1.4419999999999988,VISION,0.0,450.0,0,140.0,258.73,191.27,92.29,47.71,20.0,0.0
1779267933.992773,258.73,47.71,-1.442,258.73,47.71,-1.4419999999999988,VISION,0.0,450.0,0,140.0,258.73,191.27,92.29,47.71,20.0,0.0
1779267934.0427668,258.73,47.71,-1.442,258.73,47.71,-1.4419999999999984,VISION,0.0,450.0,0,140.0,258.73,191.27,92.29,47.71,20.0,0.0
1779267934.092769,258.73,47.71,-1.442,258.73,47.71,-1.4419999999999982,VISION,0.0,450.0,0,140.0,258.73,191.27,92.29,47.71,20.0,0.0
1779267934.1428127,258.73,47.71,-1.4419999999999982,258.73,47.71,-1.4419999999999982,ESTIMA,0.0,450.0,0,140.0,258.73,191.27,92.29,47.71,20.0,0.0
1779267934.193061,258.72,47.72,-1.44,258.72,47.72,-1.44,ESTIMA,0.0,450.0,0,140.0,258.72,191.28,92.28,47.72,20.0,0.0
1779267934.242788,258.72,47.72,-1.44,258.72,47.72,-1.44,VISION,0.0,450.0,0,140.0,258.72,191.28,92.28,47.72,20.0,0.0
1779267934.2927835,258.72,47.72,-1.44,258.72,47.72,-1.44,VISION,0.0,450.0,0,140.0,258.72,191.28,92.28,47.72,20.0,0.0
1779267934.3427765,258.72,47.72,-1.44,258.72,47.72,-1.4399999999999995,VISION,0.0,450.0,0,140.0,258.72,191.28,92.28,47.72,20.0,0.0
1779267934.3928103,258.72,47.72,-1.44,258.72,47.72,-1.4399999999999993,VISION,0.0,450.0,0,140.0,258.72,191.28,92.28,47.72,20.0,0.0
1779267934.4428115,258.72,47.72,-1.44,258.72,47.72,-1.4399999999999993,VISION,0.0,450.0,0,140.0,258.72,191.28,92.28,47.72,20.0,0.0
1779267934.4927707,258.72,47.72,-1.44,258.72,47.72,-1.4399999999999993,VISION,0.0,450.0,0,140.0,258.72,191.28,92.28,47.72,20.0,0.0
1779267934.542766,258.72,47.72,-1.44,258.72,47.72,-1.4399999999999988,VISION,0.0,450.0,0,140.0,258.72,191.28,92.28,47.72,20.0,0.0
1779267934.5927777,258.72,47.72,-1.44,258.72,47.72,-1.4399999999999986,VISION,0.0,450.0,0,140.0,258.72,191.28,92.28,47.72,20.0,0.0
1779267934.642771,258.72,47.72,-1.44,258.72,47.72,-1.4399999999999986,VISION,0.0,450.0,0,140.0,258.72,191.28,92.28,47.72,20.0,0.0
1779267934.692767,258.72,47.72,-1.44,258.72,47.72,-1.4399999999999986,VISION,0.0,450.0,0,140.0,258.72,191.28,92.28,47.72,20.0,0.0
1779267934.7429328,258.72,47.72,-1.4399999999999982,258.72,47.72,-1.4399999999999982,ESTIMA,0.0,450.0,0,140.0,258.72,191.28,92.28,47.72,20.0,0.0
1779267934.793014,258.73,47.71,-1.442,258.73,47.71,-1.442,VISION,0.0,450.0,0,140.0,258.73,191.27,92.29,47.71,20.0,0.0
1779267934.8427868,258.73,47.71,-1.442,258.73,47.71,-1.442,VISION,0.0,450.0,0,140.0,258.73,191.27,92.29,47.71,20.0,0.0
1779267934.892779,258.73,47.71,-1.442,258.73,47.71,-1.4419999999999995,VISION,0.0,450.0,0,140.0,258.73,191.27,92.29,47.71,20.0,0.0
1779267934.9427934,258.73,47.71,-1.442,258.73,47.71,-1.4419999999999995,VISION,0.0,450.0,0,140.0,258.73,191.27,92.29,47.71,20.0,0.0
1779267934.9927814,258.73,47.71,-1.442,258.73,47.71,-1.4419999999999995,VISION,0.0,450.0,0,140.0,258.73,191.27,92.29,47.71,20.0,0.0
1779267935.042777,258.73,47.71,-1.442,258.73,47.71,-1.441999999999999,VISION,0.0,450.0,0,140.0,258.73,191.27,92.29,47.71,20.0,0.0
1779267935.0927844,258.73,47.71,-1.442,258.73,47.71,-1.4419999999999988,VISION,0.0,450.0,0,140.0,258.73,191.27,92.29,47.71,20.0,0.0
1779267935.1427855,258.73,47.71,-1.442,258.73,47.71,-1.4419999999999988,VISION,0.0,450.0,0,140.0,258.73,191.27,92.29,47.71,20.0,0.0
1779267935.1927972,258.73,47.71,-1.442,258.73,47.71,-1.4419999999999984,VISION,0.0,450.0,0,140.0,258.73,191.27,92.29,47.71,20.0,0.0
1779267935.2427983,258.73,47.71,-1.442,258.73,47.71,-1.4419999999999984,VISION,0.0,450.0,0,140.0,258.73,191.27,92.29,47.71,20.0,0.0
1779267935.2927825,258.73,47.71,-1.442,258.73,47.71,-1.4419999999999984,VISION,0.0,450.0,0,140.0,258.73,191.27,92.29,47.71,20.0,0.0
1779267935.342954,258.73,47.71,-1.441999999999998,258.73,47.71,-1.441999999999998,ESTIMA,0.0,450.0,0,140.0,258.73,191.27,92.29,47.71,20.0,0.0
1779267935.3928907,258.73,47.71,-1.441,258.73,47.71,-1.441,VISION,0.0,450.0,0,140.0,258.73,191.27,92.29,47.71,20.0,0.0
1779267935.4428062,258.73,47.71,-1.441,258.73,47.71,-1.4409999999999998,VISION,0.0,450.0,0,140.0,258.73,191.27,92.29,47.71,20.0,0.0
1779267935.4927893,258.73,47.71,-1.441,258.73,47.71,-1.4409999999999998,VISION,0.0,450.0,0,140.0,258.73,191.27,92.29,47.71,20.0,0.0
1779267935.5427797,258.73,47.71,-1.441,258.73,47.71,-1.4409999999999994,VISION,0.0,450.0,0,140.0,258.73,191.27,92.29,47.71,20.0,0.0
1779267935.5927708,258.73,47.71,-1.441,258.73,47.71,-1.4409999999999994,VISION,0.0,450.0,0,140.0,258.73,191.27,92.29,47.71,20.0,0.0
1779267935.6427958,258.73,47.71,-1.441,258.73,47.71,-1.4409999999999992,VISION,0.0,450.0,0,140.0,258.73,191.27,92.29,47.71,20.0,0.0
1779267935.6927795,258.73,47.71,-1.441,258.73,47.71,-1.4409999999999992,VISION,0.0,450.0,0,140.0,258.73,191.27,92.29,47.71,20.0,0.0
1779267935.7428536,258.73,47.71,-1.441,258.73,47.71,-1.4409999999999987,VISION,0.0,450.0,0,140.0,258.73,191.27,92.29,47.71,20.0,0.0
1779267935.7928293,258.73,47.71,-1.441,258.73,47.71,-1.4409999999999985,VISION,0.0,450.0,0,140.0,258.73,191.27,92.29,47.71,20.0,0.0
1779267935.842808,258.73,47.71,-1.441,258.73,47.71,-1.4409999999999985,VISION,0.0,450.0,0,140.0,258.73,191.27,92.29,47.71,20.0,0.0
1779267935.8927906,258.73,47.71,-1.440999999999998,258.73,47.71,-1.440999999999998,ESTIMA,0.0,450.0,0,140.0,258.73,191.27,92.29,47.71,20.0,0.0
1779267935.9431615,258.72,47.71,-1.44,258.72,47.71,-1.44,ESTIMA,0.0,450.0,0,140.0,258.72,191.28,92.29,47.71,20.0,0.0
1779267935.9928675,258.72,47.71,-1.44,258.72,47.71,-1.44,VISION,0.0,450.0,0,140.0,258.72,191.28,92.29,47.71,20.0,0.0
1779267936.0428398,258.72,47.71,-1.44,258.72,47.71,-1.4399999999999995,VISION,0.0,450.0,0,140.0,258.72,191.28,92.29,47.71,20.0,0.0
1779267936.0928257,258.72,47.71,-1.44,258.72,47.71,-1.4399999999999993,VISION,0.0,450.0,0,140.0,258.72,191.28,92.29,47.71,20.0,0.0
1779267936.1427898,258.72,47.71,-1.44,258.72,47.71,-1.4399999999999993,VISION,0.0,450.0,0,140.0,258.72,191.28,92.29,47.71,20.0,0.0
1779267936.1928847,258.72,47.71,-1.44,258.72,47.71,-1.4399999999999988,VISION,0.0,450.0,0,140.0,258.72,191.28,92.29,47.71,20.0,0.0
1779267936.2427795,258.72,47.71,-1.44,258.72,47.71,-1.4399999999999988,VISION,0.0,450.0,0,140.0,258.72,191.28,92.29,47.71,20.0,0.0
1779267936.2927768,258.72,47.71,-1.44,258.72,47.71,-1.4399999999999988,VISION,0.0,450.0,0,140.0,258.72,191.28,92.29,47.71,20.0,0.0
1779267936.3427832,258.72,47.71,-1.44,258.72,47.71,-1.4399999999999988,VISION,0.0,450.0,0,140.0,258.72,191.28,92.29,47.71,20.0,0.0
1779267936.3927968,258.72,47.71,-1.44,258.72,47.71,-1.4399999999999982,VISION,0.0,450.0,0,140.0,258.72,191.28,92.29,47.71,20.0,0.0
1779267936.4428036,258.72,47.71,-1.44,258.72,47.71,-1.439999999999998,VISION,0.0,450.0,0,140.0,258.72,191.28,92.29,47.71,20.0,0.0
1779267936.4927826,258.72,47.71,-1.439999999999998,258.72,47.71,-1.439999999999998,ESTIMA,0.0,450.0,0,140.0,258.72,191.28,92.29,47.71,20.0,0.0
1779267936.5430973,258.72,47.71,-1.439999999999998,258.72,47.7,-1.44,ESTIMA,0.0,450.0,0,140.0,258.72,191.28,92.29,47.71,20.0,0.0
1779267936.5928528,258.72,47.7,-1.44,258.72,47.7,-1.4399999999999993,VISION,0.0,450.0,0,140.0,258.72,191.28,92.3,47.7,20.0,0.0
1779267936.6428862,258.72,47.7,-1.44,258.72,47.7,-1.4399999999999993,VISION,0.0,450.0,0,140.0,258.72,191.28,92.3,47.7,20.0,0.0
1779267936.6927938,258.72,47.7,-1.44,258.72,47.7,-1.4399999999999993,VISION,0.0,450.0,0,140.0,258.72,191.28,92.3,47.7,20.0,0.0
1779267936.7428308,258.72,47.7,-1.44,258.72,47.7,-1.4399999999999988,VISION,0.0,450.0,0,140.0,258.72,191.28,92.3,47.7,20.0,0.0
1779267936.7927818,258.72,47.7,-1.44,258.72,47.7,-1.4399999999999988,VISION,0.0,450.0,0,140.0,258.72,191.28,92.3,47.7,20.0,0.0
1779267936.8427773,258.72,47.7,-1.44,258.72,47.7,-1.4399999999999988,VISION,0.0,450.0,0,140.0,258.72,191.28,92.3,47.7,20.0,0.0
1779267936.89279,258.72,47.7,-1.44,258.72,47.7,-1.4399999999999982,VISION,0.0,450.0,0,140.0,258.72,191.28,92.3,47.7,20.0,0.0
1779267936.9427807,258.72,47.7,-1.44,258.72,47.7,-1.439999999999998,VISION,0.0,450.0,0,140.0,258.72,191.28,92.3,47.7,20.0,0.0
1779267936.9927857,258.72,47.7,-1.44,258.72,47.7,-1.439999999999998,VISION,0.0,450.0,0,140.0,258.72,191.28,92.3,47.7,20.0,0.0
1779267937.0427804,258.72,47.7,-1.44,258.72,47.7,-1.439999999999998,VISION,0.0,450.0,0,140.0,258.72,191.28,92.3,47.7,20.0,0.0
1779267937.0928488,258.72,47.7,-1.4399999999999975,258.72,47.7,-1.4399999999999975,ESTIMA,0.0,450.0,0,140.0,258.72,191.28,92.3,47.7,20.0,0.0
1779267937.1430085,258.73,47.71,-1.442,258.73,47.71,-1.4419999999999997,VISION,0.0,450.0,0,140.0,258.73,191.27,92.29,47.71,20.0,0.0
1779267937.1928403,258.73,47.71,-1.442,258.73,47.71,-1.442,VISION,0.0,450.0,0,140.0,258.73,191.27,92.29,47.71,20.0,0.0
1779267937.2427838,258.73,47.71,-1.442,258.73,47.71,-1.442,VISION,0.0,450.0,0,140.0,258.73,191.27,92.29,47.71,20.0,0.0
1779267937.292881,258.73,47.71,-1.442,258.73,47.71,-1.4419999999999995,VISION,0.0,450.0,0,140.0,258.73,191.27,92.29,47.71,20.0,0.0
1779267937.342804,258.73,47.71,-1.442,258.73,47.71,-1.4419999999999993,VISION,0.0,450.0,0,140.0,258.73,191.27,92.29,47.71,20.0,0.0
1779267937.3928208,258.73,47.71,-1.442,258.73,47.71,-1.4419999999999993,VISION,0.0,450.0,0,140.0,258.73,191.27,92.29,47.71,20.0,0.0
1779267937.4427884,258.73,47.71,-1.442,258.73,47.71,-1.4419999999999988,VISION,0.0,450.0,0,140.0,258.73,191.27,92.29,47.71,20.0,0.0
1779267937.492789,258.73,47.71,-1.442,258.73,47.71,-1.4419999999999988,VISION,0.0,450.0,0,140.0,258.73,191.27,92.29,47.71,20.0,0.0
1779267937.542779,258.73,47.71,-1.442,258.73,47.71,-1.4419999999999988,VISION,0.0,450.0,0,140.0,258.73,191.27,92.29,47.71,20.0,0.0
1779267937.5929227,258.73,47.71,-1.442,258.73,47.71,-1.4419999999999984,VISION,0.0,450.0,0,140.0,258.73,191.27,92.29,47.71,20.0,0.0
1779267937.6428893,258.73,47.71,-1.442,258.73,47.71,-1.4419999999999982,VISION,0.0,450.0,0,140.0,258.73,191.27,92.29,47.71,20.0,0.0
1779267937.6930964,258.73,47.71,-1.4419999999999982,258.73,47.71,-1.4419999999999982,ESTIMA,0.0,450.0,0,140.0,258.73,191.27,92.29,47.71,20.0,0.0
1779267937.7429905,258.73,47.7,-1.44,258.73,47.7,-1.44,VISION,0.0,450.0,0,140.0,258.73,191.27,92.3,47.7,20.0,0.0
1779267937.792843,258.73,47.7,-1.44,258.73,47.7,-1.4399999999999995,VISION,0.0,450.0,0,140.0,258.73,191.27,92.3,47.7,20.0,0.0
1779267937.8428373,258.73,47.7,-1.44,258.73,47.7,-1.4399999999999993,VISION,0.0,450.0,0,140.0,258.73,191.27,92.3,47.7,20.0,0.0
1779267937.8928478,258.73,47.7,-1.44,258.73,47.7,-1.4399999999999993,VISION,0.0,450.0,0,140.0,258.73,191.27,92.3,47.7,20.0,0.0
1779267937.9428442,258.73,47.7,-1.44,258.73,47.7,-1.4399999999999993,VISION,0.0,450.0,0,140.0,258.73,191.27,92.3,47.7,20.0,0.0
1779267937.9929,258.73,47.7,-1.44,258.73,47.7,-1.4399999999999988,VISION,0.0,450.0,0,140.0,258.73,191.27,92.3,47.7,20.0,0.0
1779267938.0429115,258.73,47.7,-1.44,258.73,47.7,-1.4399999999999988,VISION,0.0,450.0,0,140.0,258.73,191.27,92.3,47.7,20.0,0.0
1779267938.0928884,258.73,47.7,-1.44,258.73,47.7,-1.4399999999999984,VISION,0.0,450.0,0,140.0,258.73,191.27,92.3,47.7,20.0,0.0
1779267938.1428373,258.73,47.7,-1.44,258.73,47.7,-1.4399999999999982,VISION,0.0,450.0,0,140.0,258.73,191.27,92.3,47.7,20.0,0.0
1779267938.1928723,258.73,47.7,-1.44,258.73,47.7,-1.4399999999999982,VISION,0.0,450.0,0,140.0,258.73,191.27,92.3,47.7,20.0,0.0
1779267938.2428722,258.73,47.7,-1.44,258.73,47.7,-1.4399999999999982,VISION,0.0,450.0,0,140.0,258.73,191.27,92.3,47.7,20.0,0.0
1779267938.2930734,258.72,47.71,-1.44,258.72,47.71,-1.44,VISION,0.0,450.0,0,140.0,258.72,191.28,92.29,47.71,20.0,0.0
1779267938.3429077,258.72,47.71,-1.44,258.72,47.71,-1.4399999999999997,VISION,0.0,450.0,0,140.0,258.72,191.28,92.29,47.71,20.0,0.0
1779267938.3929503,258.72,47.71,-1.44,258.72,47.71,-1.4399999999999997,VISION,0.0,450.0,0,140.0,258.72,191.28,92.29,47.71,20.0,0.0
1779267938.4428797,258.72,47.71,-1.44,258.72,47.71,-1.4399999999999997,VISION,0.0,450.0,0,140.0,258.72,191.28,92.29,47.71,20.0,0.0
1779267938.4928672,258.72,47.71,-1.44,258.72,47.71,-1.4399999999999993,VISION,0.0,450.0,0,140.0,258.72,191.28,92.29,47.71,20.0,0.0
1779267938.542837,258.72,47.71,-1.44,258.72,47.71,-1.4399999999999993,VISION,0.0,450.0,0,140.0,258.72,191.28,92.29,47.71,20.0,0.0
1779267938.592839,258.72,47.71,-1.44,258.72,47.71,-1.439999999999999,VISION,0.0,450.0,0,140.0,258.72,191.28,92.29,47.71,20.0,0.0
1779267938.6428494,258.72,47.71,-1.44,258.72,47.71,-1.439999999999999,VISION,0.0,450.0,0,140.0,258.72,191.28,92.29,47.71,20.0,0.0
1779267938.6928506,258.72,47.71,-1.44,258.72,47.71,-1.439999999999999,VISION,0.0,450.0,0,140.0,258.72,191.28,92.29,47.71,20.0,0.0
1779267938.7428358,258.72,47.71,-1.44,258.72,47.71,-1.4399999999999986,VISION,0.0,450.0,0,140.0,258.72,191.28,92.29,47.71,20.0,0.0
1779267938.7928374,258.72,47.71,-1.44,258.72,47.71,-1.4399999999999986,VISION,0.0,450.0,0,140.0,258.72,191.28,92.29,47.71,20.0,0.0
1779267938.8429103,258.72,47.71,-1.4399999999999982,258.72,47.71,-1.4399999999999982,ESTIMA,0.0,450.0,0,140.0,258.72,191.28,92.29,47.71,20.0,0.0
1779267938.893013,258.72,47.7,-1.44,258.72,47.7,-1.44,VISION,0.0,450.0,0,140.0,258.72,191.28,92.3,47.7,20.0,0.0
1779267938.9428513,258.72,47.7,-1.44,258.72,47.7,-1.44,VISION,0.0,450.0,0,140.0,258.72,191.28,92.3,47.7,20.0,0.0
1779267938.9928565,258.72,47.7,-1.44,258.72,47.7,-1.44,VISION,0.0,450.0,0,140.0,258.72,191.28,92.3,47.7,20.0,0.0
1779267939.0428553,258.72,47.7,-1.44,258.72,47.7,-1.4399999999999995,VISION,0.0,450.0,0,140.0,258.72,191.28,92.3,47.7,20.0,0.0
1779267939.0928612,258.72,47.7,-1.44,258.72,47.7,-1.4399999999999993,VISION,0.0,450.0,0,140.0,258.72,191.28,92.3,47.7,20.0,0.0
1779267939.1428413,258.72,47.7,-1.44,258.72,47.7,-1.4399999999999993,VISION,0.0,450.0,0,140.0,258.72,191.28,92.3,47.7,20.0,0.0
1779267939.192897,258.72,47.7,-1.44,258.72,47.7,-1.4399999999999988,VISION,0.0,450.0,0,140.0,258.72,191.28,92.3,47.7,20.0,0.0
1779267939.2428539,258.72,47.7,-1.44,258.72,47.7,-1.4399999999999988,VISION,0.0,450.0,0,140.0,258.72,191.28,92.3,47.7,20.0,0.0
1779267939.292841,258.72,47.7,-1.44,258.72,47.7,-1.4399999999999988,VISION,0.0,450.0,0,140.0,258.72,191.28,92.3,47.7,20.0,0.0
1779267939.342889,258.72,47.7,-1.44,258.72,47.7,-1.4399999999999984,VISION,0.0,450.0,0,140.0,258.72,191.28,92.3,47.7,20.0,0.0
1779267939.3929505,258.72,47.7,-1.44,258.72,47.7,-1.4399999999999982,VISION,0.0,450.0,0,140.0,258.72,191.28,92.3,47.7,20.0,0.0
1779267939.442939,258.72,47.7,-1.4399999999999982,258.72,47.7,-1.4399999999999982,ESTIMA,0.0,450.0,0,140.0,258.72,191.28,92.3,47.7,20.0,0.0
1779267939.4930105,258.73,47.7,-1.442,258.73,47.7,-1.442,VISION,0.0,450.0,0,140.0,258.73,191.27,92.3,47.7,20.0,0.0
1779267939.5428486,258.73,47.7,-1.442,258.73,47.7,-1.4419999999999995,VISION,0.0,450.0,0,140.0,258.73,191.27,92.3,47.7,20.0,0.0
1779267939.5928512,258.73,47.7,-1.442,258.73,47.7,-1.4419999999999993,VISION,0.0,450.0,0,140.0,258.73,191.27,92.3,47.7,20.0,0.0
1779267939.6428616,258.73,47.7,-1.442,258.73,47.7,-1.4419999999999993,VISION,0.0,450.0,0,140.0,258.73,191.27,92.3,47.7,20.0,0.0
1779267939.692857,258.73,47.7,-1.442,258.73,47.7,-1.4419999999999993,VISION,0.0,450.0,0,140.0,258.73,191.27,92.3,47.7,20.0,0.0
1779267939.7428515,258.73,47.7,-1.442,258.73,47.7,-1.4419999999999988,VISION,0.0,450.0,0,140.0,258.73,191.27,92.3,47.7,20.0,0.0
1779267939.7928658,258.73,47.7,-1.442,258.73,47.7,-1.4419999999999986,VISION,0.0,450.0,0,140.0,258.73,191.27,92.3,47.7,20.0,0.0
1779267939.8428566,258.73,47.7,-1.442,258.73,47.7,-1.4419999999999986,VISION,0.0,450.0,0,140.0,258.73,191.27,92.3,47.7,20.0,0.0
1779267939.8928838,258.73,47.7,-1.442,258.73,47.7,-1.4419999999999986,VISION,0.0,450.0,0,140.0,258.73,191.27,92.3,47.7,20.0,0.0
1779267939.9428644,258.73,47.7,-1.442,258.73,47.7,-1.4419999999999982,VISION,0.0,450.0,0,140.0,258.73,191.27,92.3,47.7,20.0,0.0
1779267939.9928422,258.73,47.7,-1.442,258.73,47.7,-1.4419999999999982,VISION,0.0,450.0,0,140.0,258.73,191.27,92.3,47.7,20.0,0.0
1779267940.0432115,258.73,47.7,-1.4419999999999982,258.73,47.7,-1.4419999999999977,ESTIMA,0.0,450.0,0,140.0,258.73,191.27,92.3,47.7,20.0,0.0
1779267940.0930846,258.73,47.7,-1.442,258.73,47.7,-1.442,VISION,0.0,450.0,0,140.0,258.73,191.27,92.3,47.7,20.0,0.0
1779267940.1428928,258.73,47.7,-1.442,258.73,47.7,-1.4419999999999997,VISION,0.0,450.0,0,140.0,258.73,191.27,92.3,47.7,20.0,0.0
1779267940.192866,258.73,47.7,-1.442,258.73,47.7,-1.4419999999999997,VISION,0.0,450.0,0,140.0,258.73,191.27,92.3,47.7,20.0,0.0
1779267940.2428498,258.73,47.7,-1.442,258.73,47.7,-1.4419999999999997,VISION,0.0,450.0,0,140.0,258.73,191.27,92.3,47.7,20.0,0.0
1779267940.2928958,258.73,47.7,-1.442,258.73,47.7,-1.4419999999999993,VISION,0.0,450.0,0,140.0,258.73,191.27,92.3,47.7,20.0,0.0
1779267940.3428593,258.73,47.7,-1.442,258.73,47.7,-1.441999999999999,VISION,0.0,450.0,0,140.0,258.73,191.27,92.3,47.7,20.0,0.0
1779267940.3928776,258.73,47.7,-1.442,258.73,47.7,-1.441999999999999,VISION,0.0,450.0,0,140.0,258.73,191.27,92.3,47.7,20.0,0.0
1779267940.4428728,258.73,47.7,-1.442,258.73,47.7,-1.441999999999999,VISION,0.0,450.0,0,140.0,258.73,191.27,92.3,47.7,20.0,0.0
1779267940.4928489,258.73,47.7,-1.442,258.73,47.7,-1.4419999999999986,VISION,0.0,450.0,0,140.0,258.73,191.27,92.3,47.7,20.0,0.0
1779267940.5428503,258.73,47.7,-1.442,258.73,47.7,-1.4419999999999986,VISION,0.0,450.0,0,140.0,258.73,191.27,92.3,47.7,20.0,0.0
1779267940.5929441,258.73,47.7,-1.442,258.73,47.7,-1.4419999999999982,VISION,0.0,450.0,0,140.0,258.73,191.27,92.3,47.7,20.0,0.0
1779267940.642962,258.72,47.71,-1.44,258.72,47.71,-1.44,VISION,0.0,450.0,0,140.0,258.72,191.28,92.29,47.71,20.0,0.0
1779267940.6928766,258.72,47.71,-1.44,258.72,47.71,-1.4399999999999995,VISION,0.0,450.0,0,140.0,258.72,191.28,92.29,47.71,20.0,0.0
1779267940.7428539,258.72,47.71,-1.44,258.72,47.71,-1.4399999999999995,VISION,0.0,450.0,0,140.0,258.72,191.28,92.29,47.71,20.0,0.0
1779267940.7928581,258.72,47.71,-1.44,258.72,47.71,-1.4399999999999993,VISION,0.0,450.0,0,140.0,258.72,191.28,92.29,47.71,20.0,0.0
1779267940.84287,258.72,47.71,-1.44,258.72,47.71,-1.439999999999999,VISION,0.0,450.0,0,140.0,258.72,191.28,92.29,47.71,20.0,0.0
1779267940.8928506,258.72,47.71,-1.44,258.72,47.71,-1.439999999999999,VISION,0.0,450.0,0,140.0,258.72,191.28,92.29,47.71,20.0,0.0
1779267940.942858,258.72,47.71,-1.44,258.72,47.71,-1.439999999999999,VISION,0.0,450.0,0,140.0,258.72,191.28,92.29,47.71,20.0,0.0
1779267940.992855,258.72,47.71,-1.44,258.72,47.71,-1.4399999999999986,VISION,0.0,450.0,0,140.0,258.72,191.28,92.29,47.71,20.0,0.0
1779267941.0428772,258.72,47.71,-1.44,258.72,47.71,-1.4399999999999984,VISION,0.0,450.0,0,140.0,258.72,191.28,92.29,47.71,20.0,0.0
1779267941.0928476,258.72,47.71,-1.44,258.72,47.71,-1.4399999999999984,VISION,0.0,450.0,0,140.0,258.72,191.28,92.29,47.71,20.0,0.0
1779267941.1428561,258.72,47.71,-1.44,258.72,47.71,-1.4399999999999984,VISION,0.0,450.0,0,140.0,258.72,191.28,92.29,47.71,20.0,0.0
1779267941.1930213,258.72,47.71,-1.4399999999999984,258.72,47.71,-1.439999999999998,ESTIMA,0.0,450.0,0,140.0,258.72,191.28,92.29,47.71,20.0,0.0
1779267941.2429926,258.75,47.69,-1.446,258.75,47.69,-1.446,VISION,0.0,450.0,0,140.0,258.75,191.25,92.31,47.69,20.0,0.0
1779267941.292889,258.75,47.69,-1.446,258.75,47.69,-1.4459999999999995,VISION,0.0,450.0,0,140.0,258.75,191.25,92.31,47.69,20.0,0.0
1779267941.3428502,258.75,47.69,-1.446,258.75,47.69,-1.4459999999999995,VISION,0.0,450.0,0,140.0,258.75,191.25,92.31,47.69,20.0,0.0
1779267941.3928843,258.75,47.69,-1.446,258.75,47.69,-1.4459999999999993,VISION,0.0,450.0,0,140.0,258.75,191.25,92.31,47.69,20.0,0.0
1779267941.4428487,258.75,47.69,-1.446,258.75,47.69,-1.4459999999999993,VISION,0.0,450.0,0,140.0,258.75,191.25,92.31,47.69,20.0,0.0
1779267941.4928439,258.75,47.69,-1.446,258.75,47.69,-1.4459999999999993,VISION,0.0,450.0,0,140.0,258.75,191.25,92.31,47.69,20.0,0.0
1779267941.5428507,258.75,47.69,-1.446,258.75,47.69,-1.4459999999999988,VISION,0.0,450.0,0,140.0,258.75,191.25,92.31,47.69,20.0,0.0
1779267941.5928557,258.75,47.69,-1.446,258.75,47.69,-1.4459999999999986,VISION,0.0,450.0,0,140.0,258.75,191.25,92.31,47.69,20.0,0.0
1779267941.6428607,258.75,47.69,-1.446,258.75,47.69,-1.4459999999999986,VISION,0.0,450.0,0,140.0,258.75,191.25,92.31,47.69,20.0,0.0
1779267941.6928644,258.75,47.69,-1.446,258.75,47.69,-1.4459999999999982,VISION,0.0,450.0,0,140.0,258.75,191.25,92.31,47.69,20.0,0.0
1779267941.7428493,258.75,47.69,-1.446,258.75,47.69,-1.4459999999999982,VISION,0.0,450.0,0,140.0,258.75,191.25,92.31,47.69,20.0,0.0
1779267941.793009,258.75,47.69,-1.4459999999999982,258.75,47.69,-1.4459999999999982,ESTIMA,0.0,450.0,0,140.0,258.75,191.25,92.31,47.69,20.0,0.0
1779267941.8430438,258.75,47.67,-1.443,258.75,47.67,-1.443,VISION,0.0,450.0,0,140.0,258.75,191.25,92.33,47.67,20.0,0.0
1779267941.8928664,258.75,47.67,-1.443,258.75,47.67,-1.4429999999999994,VISION,0.0,450.0,0,140.0,258.75,191.25,92.33,47.67,20.0,0.0
1779267941.9429166,258.75,47.67,-1.443,258.75,47.67,-1.4429999999999994,VISION,0.0,450.0,0,140.0,258.75,191.25,92.33,47.67,20.0,0.0
1779267941.9928722,258.75,47.67,-1.443,258.75,47.67,-1.4429999999999994,VISION,0.0,450.0,0,140.0,258.75,191.25,92.33,47.67,20.0,0.0
1779267942.0428526,258.75,47.67,-1.443,258.75,47.67,-1.442999999999999,VISION,0.0,450.0,0,140.0,258.75,191.25,92.33,47.67,20.0,0.0
1779267942.0928516,258.75,47.67,-1.443,258.75,47.67,-1.4429999999999987,VISION,0.0,450.0,0,140.0,258.75,191.25,92.33,47.67,20.0,0.0
1779267942.142851,258.75,47.67,-1.443,258.75,47.67,-1.4429999999999987,VISION,0.0,450.0,0,140.0,258.75,191.25,92.33,47.67,20.0,0.0
1779267942.1928668,258.75,47.67,-1.443,258.75,47.67,-1.4429999999999987,VISION,0.0,450.0,0,140.0,258.75,191.25,92.33,47.67,20.0,0.0
1779267942.2428467,258.75,47.67,-1.443,258.75,47.67,-1.4429999999999983,VISION,0.0,450.0,0,140.0,258.75,191.25,92.33,47.67,20.0,0.0
1779267942.2929084,258.75,47.67,-1.443,258.75,47.67,-1.442999999999998,VISION,0.0,450.0,0,140.0,258.75,191.25,92.33,47.67,20.0,0.0
1779267942.3428917,258.75,47.67,-1.443,258.75,47.67,-1.442999999999998,VISION,0.0,450.0,0,140.0,258.75,191.25,92.33,47.67,20.0,0.0
1779267942.3931198,258.72,47.73,-1.442,258.72,47.73,-1.442,ESTIMA,0.0,450.0,0,140.0,258.72,191.28,92.27,47.73,20.0,0.0
1779267942.4429545,258.72,47.73,-1.442,258.72,47.73,-1.4419999999999995,VISION,0.0,450.0,0,140.0,258.72,191.28,92.27,47.73,20.0,0.0
1779267942.4928656,258.72,47.73,-1.442,258.72,47.73,-1.4419999999999995,VISION,0.0,450.0,0,140.0,258.72,191.28,92.27,47.73,20.0,0.0
1779267942.5428925,258.72,47.73,-1.442,258.72,47.73,-1.441999999999999,VISION,0.0,450.0,0,140.0,258.72,191.28,92.27,47.73,20.0,0.0
1779267942.592852,258.72,47.73,-1.442,258.72,47.73,-1.441999999999999,VISION,0.0,450.0,0,140.0,258.72,191.28,92.27,47.73,20.0,0.0
1779267942.6428683,258.72,47.73,-1.442,258.72,47.73,-1.4419999999999988,VISION,0.0,450.0,0,140.0,258.72,191.28,92.27,47.73,20.0,0.0
1779267942.6928575,258.72,47.73,-1.442,258.72,47.73,-1.4419999999999988,VISION,0.0,450.0,0,140.0,258.72,191.28,92.27,47.73,20.0,0.0
1779267942.742889,258.72,47.73,-1.442,258.72,47.73,-1.4419999999999984,VISION,0.0,450.0,0,140.0,258.72,191.28,92.27,47.73,20.0,0.0
1779267942.792859,258.72,47.73,-1.442,258.72,47.73,-1.4419999999999984,VISION,0.0,450.0,0,140.0,258.72,191.28,92.27,47.73,20.0,0.0
1779267942.8428514,258.72,47.73,-1.442,258.72,47.73,-1.4419999999999982,VISION,0.0,450.0,0,140.0,258.72,191.28,92.27,47.73,20.0,0.0
1779267942.8928547,258.72,47.73,-1.442,258.72,47.73,-1.4419999999999982,VISION,0.0,450.0,0,140.0,258.72,191.28,92.27,47.73,20.0,0.0
1779267942.942968,258.72,47.73,-1.4419999999999977,258.72,47.73,-1.4419999999999977,ESTIMA,0.0,450.0,0,140.0,258.72,191.28,92.27,47.73,20.0,0.0
1779267942.9930077,258.78,47.68,-1.44,258.78,47.68,-1.44,VISION,0.0,450.0,0,140.0,258.78,191.22,92.32,47.68,20.0,0.0
1779267943.0428712,258.78,47.68,-1.44,258.78,47.68,-1.44,VISION,0.0,450.0,0,140.0,258.78,191.22,92.32,47.68,20.0,0.0
1779267943.0928674,258.78,47.68,-1.44,258.78,47.68,-1.4399999999999995,VISION,0.0,450.0,0,140.0,258.78,191.22,92.32,47.68,20.0,0.0
1779267943.1428661,258.78,47.68,-1.44,258.78,47.68,-1.4399999999999993,VISION,0.0,450.0,0,140.0,258.78,191.22,92.32,47.68,20.0,0.0
1779267943.1928566,258.78,47.68,-1.44,258.78,47.68,-1.4399999999999993,VISION,0.0,450.0,0,140.0,258.78,191.22,92.32,47.68,20.0,0.0
1779267943.242871,258.78,47.68,-1.44,258.78,47.68,-1.4399999999999993,VISION,0.0,450.0,0,140.0,258.78,191.22,92.32,47.68,20.0,0.0
1779267943.292857,258.78,47.68,-1.44,258.78,47.68,-1.4399999999999988,VISION,0.0,450.0,0,140.0,258.78,191.22,92.32,47.68,20.0,0.0
1779267943.3428628,258.78,47.68,-1.44,258.78,47.68,-1.4399999999999986,VISION,0.0,450.0,0,140.0,258.78,191.22,92.32,47.68,20.0,0.0
1779267943.392882,258.78,47.68,-1.44,258.78,47.68,-1.4399999999999986,VISION,0.0,450.0,0,140.0,258.78,191.22,92.32,47.68,20.0,0.0
1779267943.4428647,258.78,47.68,-1.44,258.78,47.68,-1.4399999999999986,VISION,0.0,450.0,0,140.0,258.78,191.22,92.32,47.68,20.0,0.0
1779267943.492858,258.78,47.68,-1.44,258.78,47.68,-1.4399999999999982,VISION,0.0,450.0,0,140.0,258.78,191.22,92.32,47.68,20.0,0.0
1779267943.5429893,258.78,47.68,-1.4399999999999982,258.78,47.68,-1.4399999999999982,ESTIMA,0.0,450.0,0,140.0,258.78,191.22,92.32,47.68,20.0,0.0
1779267943.5930233,259.21,47.6,-1.404,259.21,47.6,-1.404,ESTIMA,0.0,450.0,0,140.0,259.21,190.79,92.4,47.6,20.0,0.0
1779267943.6428773,259.21,47.6,-1.404,259.21,47.6,-1.404,VISION,0.0,450.0,0,140.0,259.21,190.79,92.4,47.6,20.0,0.0
1779267943.6928663,259.21,47.6,-1.404,259.21,47.6,-1.4039999999999995,VISION,0.0,450.0,0,140.0,259.21,190.79,92.4,47.6,20.0,0.0
1779267943.7428744,259.21,47.6,-1.404,259.21,47.6,-1.4039999999999995,VISION,0.0,450.0,0,140.0,259.21,190.79,92.4,47.6,20.0,0.0
1779267943.7928665,259.21,47.6,-1.404,259.21,47.6,-1.403999999999999,VISION,0.0,450.0,0,140.0,259.21,190.79,92.4,47.6,20.0,0.0
1779267943.842869,259.21,47.6,-1.404,259.21,47.6,-1.403999999999999,VISION,0.0,450.0,0,140.0,259.21,190.79,92.4,47.6,20.0,0.0
1779267943.8928695,259.21,47.6,-1.404,259.21,47.6,-1.4039999999999988,VISION,0.0,450.0,0,140.0,259.21,190.79,92.4,47.6,20.0,0.0
1779267943.9428859,259.21,47.6,-1.404,259.21,47.6,-1.4039999999999988,VISION,0.0,450.0,0,140.0,259.21,190.79,92.4,47.6,20.0,0.0
1779267943.99286,259.21,47.6,-1.404,259.21,47.6,-1.4039999999999988,VISION,0.0,450.0,0,140.0,259.21,190.79,92.4,47.6,20.0,0.0
1779267944.0428646,259.21,47.6,-1.404,259.21,47.6,-1.4039999999999984,VISION,0.0,450.0,0,140.0,259.21,190.79,92.4,47.6,20.0,0.0
1779267944.0928679,259.21,47.6,-1.404,259.21,47.6,-1.4039999999999981,VISION,0.0,450.0,0,140.0,259.21,190.79,92.4,47.6,20.0,0.0
1779267944.1431096,259.21,47.6,-1.404,259.2,47.58,-1.407,VISION,0.0,450.0,0,140.0,259.21,190.79,92.4,47.6,20.0,0.0
1779267944.1929383,259.2,47.58,-1.407,259.2,47.58,-1.407,VISION,0.0,450.0,0,140.0,259.2,190.8,92.42,47.58,20.0,0.0
1779267944.2428658,259.2,47.58,-1.407,259.2,47.58,-1.4069999999999996,VISION,0.0,450.0,0,140.0,259.2,190.8,92.42,47.58,20.0,0.0
1779267944.2929082,259.2,47.58,-1.407,259.2,47.58,-1.4069999999999994,VISION,0.0,450.0,0,140.0,259.2,190.8,92.42,47.58,20.0,0.0
1779267944.3429606,259.2,47.58,-1.407,259.2,47.58,-1.4069999999999991,VISION,0.0,450.0,0,140.0,259.2,190.8,92.42,47.58,20.0,0.0
1779267944.392893,259.2,47.58,-1.407,259.2,47.58,-1.4069999999999991,VISION,0.0,450.0,0,140.0,259.2,190.8,92.42,47.58,20.0,0.0
1779267944.4429445,259.2,47.58,-1.407,259.2,47.58,-1.4069999999999987,VISION,0.0,450.0,0,140.0,259.2,190.8,92.42,47.58,20.0,0.0
1779267944.49288,259.2,47.58,-1.407,259.2,47.58,-1.4069999999999987,VISION,0.0,450.0,0,140.0,259.2,190.8,92.42,47.58,20.0,0.0
1779267944.5428677,259.2,47.58,-1.407,259.2,47.58,-1.4069999999999987,VISION,0.0,450.0,0,140.0,259.2,190.8,92.42,47.58,20.0,0.0
1779267944.5928612,259.2,47.58,-1.407,259.2,47.58,-1.4069999999999987,VISION,0.0,450.0,0,140.0,259.2,190.8,92.42,47.58,20.0,0.0
1779267944.6428728,259.2,47.58,-1.407,259.2,47.58,-1.406999999999998,VISION,0.0,450.0,0,140.0,259.2,190.8,92.42,47.58,20.0,0.0
1779267944.6929355,259.2,47.58,-1.407,259.2,47.58,-1.4069999999999978,VISION,0.0,450.0,0,140.0,259.2,190.8,92.42,47.58,20.0,0.0
1779267944.7431936,261.24,46.21,-1.243,261.24,46.21,-1.243,ESTIMA,0.0,450.0,0,140.0,261.24,188.76,93.79,46.21,20.0,0.0
1779267944.793024,261.24,46.21,-1.243,261.24,46.21,-1.243,VISION,0.0,450.0,0,140.0,261.24,188.76,93.79,46.21,20.0,0.0
1779267944.8428617,261.24,46.21,-1.243,261.24,46.21,-1.2429999999999997,VISION,0.0,450.0,0,140.0,261.24,188.76,93.79,46.21,20.0,0.0
1779267944.8929374,261.24,46.21,-1.243,261.29039692431434,46.061801868373706,-1.264590739283068,VISION,0.0,450.0,0,140.0,261.24,188.76,93.79,46.21,20.0,0.0
1779267944.9428654,261.24,46.21,-1.243,261.29039692431434,46.061801868373706,-1.264590739283068,VISION,0.0,450.0,0,140.0,261.24,188.76,93.79,46.21,20.0,0.0
1779267944.992912,261.24,46.21,-1.243,261.29039692431434,46.061801868373706,-1.264590739283068,VISION,0.0,450.0,0,140.0,261.24,188.76,93.79,46.21,20.0,0.0
1779267945.0428839,261.24,46.21,-1.243,261.29039692431434,46.061801868373706,-1.2645907392830675,VISION,0.0,450.0,0,140.0,261.24,188.76,93.79,46.21,20.0,0.0
1779267945.0928812,261.24,46.21,-1.243,261.29039692431434,46.061801868373706,-1.2645907392830673,VISION,0.0,450.0,0,140.0,261.24,188.76,93.79,46.21,20.0,0.0
1779267945.1428754,261.24,46.21,-1.243,261.29039692431434,46.061801868373706,-1.2645907392830673,VISION,0.0,450.0,0,140.0,261.24,188.76,93.79,46.21,20.0,0.0
1779267945.1928692,261.24,46.21,-1.243,261.4416919541084,45.583245486149224,-1.1953627701175562,VISION,0.0,450.0,0,140.0,261.24,188.76,93.79,46.21,20.0,0.0
1779267945.242889,261.24,46.21,-1.243,261.4416919541084,45.583245486149224,-1.1953627701175562,VISION,0.0,450.0,0,140.0,261.24,188.76,93.79,46.21,20.0,0.0
1779267945.2929368,261.24,46.21,-1.243,261.4416919541084,45.583245486149224,-1.1953627701175562,VISION,0.0,450.0,0,140.0,261.24,188.76,93.79,46.21,20.0,0.0
1779267945.3429859,261.4416919541084,45.583245486149224,-1.1953627701175558,261.4416919541084,45.583245486149224,-1.1953627701175558,ESTIMA,0.0,450.0,0,140.0,261.442,188.558,94.417,45.583,20.0,0.0
1779267945.3929641,261.4416919541084,45.583245486149224,-1.1953627701175555,261.4416919541084,45.583245486149224,-1.1953627701175555,ESTIMA,0.0,450.0,0,140.0,261.442,188.558,94.417,45.583,20.0,0.0
1779267945.4428685,261.4416919541084,45.583245486149224,-1.1953627701175555,261.4416919541084,45.583245486149224,-1.1953627701175555,ESTIMA,0.0,450.0,0,140.0,261.442,188.558,94.417,45.583,20.0,0.0
1779267945.4928808,261.4416919541084,45.583245486149224,-1.1953627701175555,261.4416919541084,45.583245486149224,-1.1953627701175555,ESTIMA,0.0,450.0,0,140.0,261.442,188.558,94.417,45.583,20.0,0.0
1779267945.5429292,261.4435986108487,45.57840782003314,-1.196079989658018,261.4435986108487,45.57840782003314,-1.196079989658018,ESTIMA,0.0,450.0,0,140.0,261.444,188.556,94.422,45.578,20.0,0.0
1779267945.5929182,261.4435986108487,45.57840782003314,-1.1960799896580179,261.4435986108487,45.57840782003314,-1.1960799896580179,ESTIMA,0.0,450.0,0,140.0,261.444,188.556,94.422,45.578,20.0,0.0
1779267945.6428792,261.4435986108487,45.57840782003314,-1.1960799896580179,261.4435986108487,45.57840782003314,-1.1960799896580179,ESTIMA,0.0,450.0,0,140.0,261.444,188.556,94.422,45.578,20.0,0.0
1779267945.692893,261.4435986108487,45.57840782003314,-1.1960799896580177,261.4435986108487,45.57840782003314,-1.1960799896580177,ESTIMA,0.0,450.0,0,140.0,261.444,188.556,94.422,45.578,20.0,0.0
1779267945.742868,261.4435986108487,45.57840782003314,-1.1960799896580177,261.4435986108487,45.57840782003314,-1.1960799896580177,ESTIMA,0.0,450.0,0,140.0,261.444,188.556,94.422,45.578,20.0,0.0
1779267945.7928617,261.4435986108487,45.57840782003314,-1.1960799896580177,261.4435986108487,45.57840782003314,-1.1960799896580177,ESTIMA,0.0,450.0,0,140.0,261.444,188.556,94.422,45.578,20.0,0.0
1779267945.8429167,261.4435986108487,45.57840782003314,-1.1960799896580172,261.4435986108487,45.57840782003314,-1.1960799896580172,ESTIMA,0.0,450.0,0,140.0,261.444,188.556,94.422,45.578,20.0,0.0
1779267945.8930585,261.4435986108487,45.57840782003314,-1.196079989658017,261.4435986108487,45.57840782003314,-1.196079989658017,ESTIMA,0.0,450.0,0,140.0,261.444,188.556,94.422,45.578,20.0,0.0
1779267945.942978,261.4435986108487,45.57840782003314,-1.196079989658017,261.4435986108487,45.57840782003314,-1.196079989658017,ESTIMA,0.0,450.0,0,140.0,261.444,188.556,94.422,45.578,20.0,0.0
1779267945.9928756,261.4435986108487,45.57840782003314,-1.196079989658017,261.4435986108487,45.57840782003314,-1.196079989658017,ESTIMA,0.0,450.0,0,140.0,261.444,188.556,94.422,45.578,20.0,0.0
1779267946.0429275,261.4435986108487,45.57840782003314,-1.1960799896580165,261.4435986108487,45.57840782003314,-1.1960799896580165,ESTIMA,0.0,450.0,0,140.0,261.444,188.556,94.422,45.578,20.0,0.0
1779267946.09288,261.4435986108487,45.57840782003314,-1.1960799896580163,261.4435986108487,45.57840782003314,-1.1960799896580163,ESTIMA,0.0,450.0,0,140.0,261.444,188.556,94.422,45.578,20.0,0.0
1779267946.14288,261.4435986108487,45.57840782003314,-1.1960799896580163,261.4435986108487,45.57840782003314,-1.1960799896580163,ESTIMA,0.0,450.0,0,140.0,261.444,188.556,94.422,45.578,20.0,0.0
1779267946.1928933,261.4435986108487,45.57840782003314,-1.1960799896580163,261.4435986108487,45.57840782003314,-1.1960799896580163,ESTIMA,0.0,450.0,0,140.0,261.444,188.556,94.422,45.578,20.0,0.0
1779267946.242871,261.4435986108487,45.57840782003314,-1.1960799896580159,261.4435986108487,45.57840782003314,-1.1960799896580159,ESTIMA,0.0,450.0,0,140.0,261.444,188.556,94.422,45.578,20.0,0.0
1779267946.2928765,261.4435986108487,45.57840782003314,-1.1960799896580159,261.4435986108487,45.57840782003314,-1.1960799896580159,ESTIMA,0.0,450.0,0,140.0,261.444,188.556,94.422,45.578,20.0,0.0
1779267946.3428836,261.4435986108487,45.57840782003314,-1.1960799896580159,261.4435986108487,45.57840782003314,-1.1960799896580159,ESTIMA,0.0,450.0,0,140.0,261.444,188.556,94.422,45.578,20.0,0.0
1779267946.392941,261.4435986108487,45.57840782003314,-1.1960799896580154,261.4435986108487,45.57840782003314,-1.1960799896580152,ESTIMA,0.0,450.0,0,140.0,261.444,188.556,94.422,45.578,20.0,0.0
1779267946.4429076,261.4435986108487,45.57840782003314,-1.1960799896580152,261.4435986108487,45.57840782003314,-1.1960799896580152,ESTIMA,0.0,450.0,0,140.0,261.444,188.556,94.422,45.578,20.0,0.0
1779267946.492978,261.4435986108487,45.57840782003314,-1.1960799896580152,261.4435986108487,45.57840782003314,-1.1960799896580152,ESTIMA,0.0,450.0,0,140.0,261.444,188.556,94.422,45.578,20.0,0.0
1779267946.5428762,261.4435986108487,45.57840782003314,-1.1960799896580152,261.4435986108487,45.57840782003314,-1.1960799896580152,ESTIMA,0.0,450.0,0,140.0,261.444,188.556,94.422,45.578,20.0,0.0
1779267946.5928683,261.4435986108487,45.57840782003314,-1.1960799896580152,261.4435986108487,45.57840782003314,-1.1960799896580152,ESTIMA,0.0,450.0,0,140.0,261.444,188.556,94.422,45.578,20.0,0.0
1779267946.6428785,261.4435986108487,45.57840782003314,-1.1960799896580152,261.4435986108487,45.57840782003314,-1.1960799896580152,ESTIMA,0.0,450.0,0,140.0,261.444,188.556,94.422,45.578,20.0,0.0
1779267946.69287,261.4435986108487,45.57840782003314,-1.1960799896580152,261.4435986108487,45.57840782003314,-1.1960799896580152,ESTIMA,0.0,450.0,0,140.0,261.444,188.556,94.422,45.578,20.0,0.0
1779267946.7428715,261.4435986108487,45.57840782003314,-1.1960799896580152,261.4435986108487,45.57840782003314,-1.1960799896580152,ESTIMA,0.0,450.0,0,140.0,261.444,188.556,94.422,45.578,20.0,0.0
1779267946.7928655,261.4435986108487,45.57840782003314,-1.1960799896580152,261.4435986108487,45.57840782003314,-1.1960799896580152,ESTIMA,0.0,450.0,0,140.0,261.444,188.556,94.422,45.578,20.0,0.0
1779267946.8428743,261.4435986108487,45.57840782003314,-1.1960799896580152,261.4435986108487,45.57840782003314,-1.1960799896580152,ESTIMA,0.0,450.0,0,140.0,261.444,188.556,94.422,45.578,20.0,0.0
1779267946.892873,261.4435986108487,45.57840782003314,-1.1960799896580152,261.4435986108487,45.57840782003314,-1.1960799896580152,ESTIMA,0.0,450.0,0,140.0,261.444,188.556,94.422,45.578,20.0,0.0
1779267946.942869,261.4435986108487,45.57840782003314,-1.1960799896580152,261.4435986108487,45.57840782003314,-1.1960799896580152,ESTIMA,0.0,450.0,0,140.0,261.444,188.556,94.422,45.578,20.0,0.0
1779267946.9928834,261.4435986108487,45.57840782003314,-1.1960799896580152,261.4435986108487,45.57840782003314,-1.1960799896580152,ESTIMA,0.0,450.0,0,140.0,261.444,188.556,94.422,45.578,20.0,0.0
1779267947.0444937,261.4435986108487,45.57840782003314,-1.1960799896580152,261.4435986108487,45.57840782003314,-1.1960799896580152,ESTIMA,0.0,450.0,0,140.0,261.444,188.556,94.422,45.578,20.0,0.0
1779267947.0930111,261.4435986108487,45.57840782003314,-1.1960799896580152,261.4435986108487,45.57840782003314,-1.1960799896580152,ESTIMA,0.0,450.0,0,140.0,261.444,188.556,94.422,45.578,20.0,0.0
1779267947.1429365,261.4435986108487,45.57840782003314,-1.1960799896580152,261.4435986108487,45.57840782003314,-1.1960799896580152,ESTIMA,0.0,450.0,0,140.0,261.444,188.556,94.422,45.578,20.0,0.0
1779267947.1928704,261.4435986108487,45.57840782003314,-1.1960799896580152,261.4435986108487,45.57840782003314,-1.1960799896580152,ESTIMA,0.0,450.0,0,140.0,261.444,188.556,94.422,45.578,20.0,0.0
1779267947.2428873,261.4435986108487,45.57840782003314,-1.1960799896580152,261.4435986108487,45.57840782003314,-1.1960799896580152,ESTIMA,0.0,450.0,0,140.0,261.444,188.556,94.422,45.578,20.0,0.0
1779267947.2928786,261.4435986108487,45.57840782003314,-1.1960799896580152,261.4435986108487,45.57840782003314,-1.1960799896580152,ESTIMA,0.0,450.0,0,140.0,261.444,188.556,94.422,45.578,20.0,0.0
1779267947.342876,261.4435986108487,45.57840782003314,-1.1960799896580152,261.4435986108487,45.57840782003314,-1.1960799896580152,ESTIMA,0.0,450.0,0,140.0,261.444,188.556,94.422,45.578,20.0,0.0
1779267947.3928814,261.4435986108487,45.57840782003314,-1.1960799896580152,261.4435986108487,45.57840782003314,-1.1960799896580152,ESTIMA,0.0,450.0,0,140.0,261.444,188.556,94.422,45.578,20.0,0.0
1779267947.4428706,261.4435986108487,45.57840782003314,-1.1960799896580152,261.4435986108487,45.57840782003314,-1.1960799896580152,ESTIMA,0.0,450.0,0,140.0,261.444,188.556,94.422,45.578,20.0,0.0
1779267947.4928725,261.4435986108487,45.57840782003314,-1.1960799896580152,261.4435986108487,45.57840782003314,-1.1960799896580152,ESTIMA,0.0,450.0,0,140.0,261.444,188.556,94.422,45.578,20.0,0.0
1779267947.5428813,261.4435986108487,45.57840782003314,-1.1960799896580152,261.4435986108487,45.57840782003314,-1.1960799896580152,ESTIMA,0.0,450.0,0,140.0,261.444,188.556,94.422,45.578,20.0,0.0
1779267947.5928693,261.4435986108487,45.57840782003314,-1.1960799896580152,261.4435986108487,45.57840782003314,-1.1960799896580152,ESTIMA,0.0,450.0,0,140.0,261.444,188.556,94.422,45.578,20.0,0.0
1779267947.6431444,261.4435986108487,45.57840782003314,-1.1960799896580152,261.4435986108487,45.57840782003314,-1.1960799896580152,ESTIMA,0.0,450.0,0,140.0,261.444,188.556,94.422,45.578,20.0,0.0
1779267947.6930013,261.4435986108487,45.57840782003314,-1.1960799896580152,261.4435986108487,45.57840782003314,-1.1960799896580152,ESTIMA,0.0,450.0,0,140.0,261.444,188.556,94.422,45.578,20.0,0.0
1779267947.7428854,261.4435986108487,45.57840782003314,-1.1960799896580152,261.4435986108487,45.57840782003314,-1.1960799896580152,ESTIMA,0.0,450.0,0,140.0,261.444,188.556,94.422,45.578,20.0,0.0
1779267947.7928867,261.4435986108487,45.57840782003314,-1.1960799896580152,261.4435986108487,45.57840782003314,-1.1960799896580152,ESTIMA,0.0,450.0,0,140.0,261.444,188.556,94.422,45.578,20.0,0.0
1779267947.8428762,261.4435986108487,45.57840782003314,-1.1960799896580152,261.4435986108487,45.57840782003314,-1.1960799896580152,ESTIMA,0.0,450.0,0,140.0,261.444,188.556,94.422,45.578,20.0,0.0
1779267947.8928702,261.4435986108487,45.57840782003314,-1.1960799896580152,261.4435986108487,45.57840782003314,-1.1960799896580152,ESTIMA,0.0,450.0,0,140.0,261.444,188.556,94.422,45.578,20.0,0.0
1779267947.9428737,261.4435986108487,45.57840782003314,-1.1960799896580152,261.4435986108487,45.57840782003314,-1.1960799896580152,ESTIMA,0.0,450.0,0,140.0,261.444,188.556,94.422,45.578,20.0,0.0
1779267947.9928765,261.4435986108487,45.57840782003314,-1.1960799896580152,261.4435986108487,45.57840782003314,-1.1960799896580152,ESTIMA,0.0,450.0,0,140.0,261.444,188.556,94.422,45.578,20.0,0.0
1779267948.0428858,261.4435986108487,45.57840782003314,-1.1960799896580152,261.4435986108487,45.57840782003314,-1.1960799896580152,ESTIMA,0.0,450.0,0,140.0,261.444,188.556,94.422,45.578,20.0,0.0
1779267948.09287,261.4435986108487,45.57840782003314,-1.1960799896580152,261.4435986108487,45.57840782003314,-1.1960799896580152,ESTIMA,0.0,450.0,0,140.0,261.444,188.556,94.422,45.578,20.0,0.0
1779267948.1428757,261.4435986108487,45.57840782003314,-1.1960799896580152,261.4435986108487,45.57840782003314,-1.1960799896580152,ESTIMA,0.0,450.0,0,140.0,261.444,188.556,94.422,45.578,20.0,0.0
1779267948.192871,261.4435986108487,45.57840782003314,-1.1960799896580152,261.4435986108487,45.57840782003314,-1.1960799896580152,ESTIMA,0.0,450.0,0,140.0,261.444,188.556,94.422,45.578,20.0,0.0
1779267948.243017,261.4435986108487,45.57840782003314,-1.1960799896580152,261.4435986108487,45.57840782003314,-1.1960799896580152,ESTIMA,0.0,450.0,0,140.0,261.444,188.556,94.422,45.578,20.0,0.0
1779267948.293033,261.4435986108487,45.57840782003314,-1.1960799896580152,261.4435986108487,45.57840782003314,-1.1960799896580152,ESTIMA,0.0,450.0,0,140.0,261.444,188.556,94.422,45.578,20.0,0.0
1779267948.342947,261.4435986108487,45.57840782003314,-1.1960799896580152,261.4435986108487,45.57840782003314,-1.1960799896580152,ESTIMA,0.0,450.0,0,140.0,261.444,188.556,94.422,45.578,20.0,0.0
1779267948.3929284,261.4435986108487,45.57840782003314,-1.1960799896580152,261.4435986108487,45.57840782003314,-1.1960799896580152,ESTIMA,0.0,450.0,0,140.0,261.444,188.556,94.422,45.578,20.0,0.0
1779267948.4429052,261.4435986108487,45.57840782003314,-1.1960799896580152,261.4435986108487,45.57840782003314,-1.1960799896580152,ESTIMA,0.0,450.0,0,140.0,261.444,188.556,94.422,45.578,20.0,0.0
1779267948.4928951,261.4435986108487,45.57840782003314,-1.1960799896580152,261.4435986108487,45.57840782003314,-1.1960799896580152,ESTIMA,0.0,450.0,0,140.0,261.444,188.556,94.422,45.578,20.0,0.0
1779267948.5428739,261.4435986108487,45.57840782003314,-1.1960799896580152,261.4435986108487,45.57840782003314,-1.1960799896580152,ESTIMA,0.0,450.0,0,140.0,261.444,188.556,94.422,45.578,20.0,0.0
1779267948.5928743,261.4435986108487,45.57840782003314,-1.1960799896580152,261.4435986108487,45.57840782003314,-1.1960799896580152,ESTIMA,0.0,450.0,0,140.0,261.444,188.556,94.422,45.578,20.0,0.0
1779267948.6428797,261.4435986108487,45.57840782003314,-1.1960799896580152,261.4435986108487,45.57840782003314,-1.1960799896580152,ESTIMA,0.0,450.0,0,140.0,261.444,188.556,94.422,45.578,20.0,0.0
1779267948.6928723,261.4435986108487,45.57840782003314,-1.1960799896580152,261.4435986108487,45.57840782003314,-1.1960799896580152,ESTIMA,0.0,450.0,0,140.0,261.444,188.556,94.422,45.578,20.0,0.0
1779267948.7428734,261.4435986108487,45.57840782003314,-1.1960799896580152,261.4435986108487,45.57840782003314,-1.1960799896580152,ESTIMA,0.0,450.0,0,140.0,261.444,188.556,94.422,45.578,20.0,0.0
1779267948.792947,261.4435986108487,45.57840782003314,-1.1960799896580152,261.4435986108487,45.57840782003314,-1.1960799896580152,ESTIMA,0.0,450.0,0,140.0,261.444,188.556,94.422,45.578,20.0,0.0
1779267948.8431153,271.58,-32.39,-1.761,271.58,-32.39,-1.761,VISION,0.0,450.0,0,140.0,271.58,178.42,172.39,-32.39,20.0,0.0
1779267948.8928905,271.58,-32.39,-1.761,271.58,-32.39,-1.761,VISION,0.0,450.0,0,140.0,271.58,178.42,172.39,-32.39,20.0,0.0
1779267948.9429343,271.58,-32.39,-1.761,271.58,-32.39,-1.761,VISION,0.0,450.0,0,140.0,271.58,178.42,172.39,-32.39,20.0,0.0
1779267948.9928927,271.58,-32.39,-1.761,271.58,-32.39,-1.761,VISION,0.0,450.0,0,140.0,271.58,178.42,172.39,-32.39,20.0,0.0
1779267949.042878,271.58,-32.39,-1.761,271.58,-32.39,-1.761,VISION,0.0,450.0,0,140.0,271.58,178.42,172.39,-32.39,20.0,0.0
1779267949.0928903,271.58,-32.39,-1.761,271.58,-32.39,-1.761,VISION,0.0,450.0,0,140.0,271.58,178.42,172.39,-32.39,20.0,0.0
1779267949.1429172,271.58,-32.39,-1.761,271.58,-32.39,-1.761,VISION,0.0,450.0,0,140.0,271.58,178.42,172.39,-32.39,20.0,0.0
1779267949.192883,271.58,-32.39,-1.761,271.58,-32.39,-1.761,VISION,0.0,450.0,0,140.0,271.58,178.42,172.39,-32.39,20.0,0.0
1779267949.2428777,271.58,-32.39,-1.761,271.58,-32.39,-1.761,VISION,0.0,450.0,0,140.0,271.58,178.42,172.39,-32.39,20.0,0.0
1779267949.2928834,271.58,-32.39,-1.761,271.58,-32.39,-1.761,VISION,0.0,450.0,0,140.0,271.58,178.42,172.39,-32.39,20.0,0.0
1779267949.3428717,271.58,-32.39,-1.761,271.58,-32.39,-1.761,VISION,0.0,450.0,0,140.0,271.58,178.42,172.39,-32.39,20.0,0.0
1779267949.3932722,271.58,-32.39,-1.761,271.58,-32.39,-1.761,ESTIMA,0.0,450.0,0,140.0,271.58,178.42,172.39,-32.39,20.0,0.0
1779267949.4429598,271.58,-32.39,-1.761,271.58,-32.39,-1.761,ESTIMA,0.0,450.0,0,140.0,271.58,178.42,172.39,-32.39,20.0,0.0
1779267949.4928842,271.58,-32.39,-1.761,271.58,-32.39,-1.761,ESTIMA,0.0,450.0,0,140.0,271.58,178.42,172.39,-32.39,20.0,0.0
1779267949.5428813,271.58,-32.39,-1.761,271.58,-32.39,-1.761,ESTIMA,0.0,450.0,0,140.0,271.58,178.42,172.39,-32.39,20.0,0.0
1779267949.5928886,271.58,-32.39,-1.761,271.58,-32.39,-1.761,ESTIMA,0.0,450.0,0,140.0,271.58,178.42,172.39,-32.39,20.0,0.0
1779267949.6428933,271.58,-32.39,-1.761,271.58,-32.39,-1.761,ESTIMA,0.0,450.0,0,140.0,271.58,178.42,172.39,-32.39,20.0,0.0
1779267949.6928887,271.58,-32.39,-1.761,271.58,-32.39,-1.761,ESTIMA,0.0,450.0,0,140.0,271.58,178.42,172.39,-32.39,20.0,0.0
1779267949.7428803,271.58,-32.39,-1.761,271.58,-32.39,-1.761,ESTIMA,0.0,450.0,0,140.0,271.58,178.42,172.39,-32.39,20.0,0.0
1779267949.7928905,271.58,-32.39,-1.761,271.58,-32.39,-1.761,ESTIMA,0.0,450.0,0,140.0,271.58,178.42,172.39,-32.39,20.0,0.0
1779267949.8428843,271.58,-32.39,-1.761,271.58,-32.39,-1.761,ESTIMA,0.0,450.0,0,140.0,271.58,178.42,172.39,-32.39,20.0,0.0
1779267949.8928802,271.58,-32.39,-1.761,271.58,-32.39,-1.761,ESTIMA,0.0,450.0,0,140.0,271.58,178.42,172.39,-32.39,20.0,0.0
1779267949.9428825,271.58,-32.39,-1.761,271.58,-32.39,-1.761,ESTIMA,0.0,450.0,0,140.0,271.58,178.42,172.39,-32.39,20.0,0.0
1779267949.9931986,260.16,56.49,-1.323,260.16,56.49,-1.323,ESTIMA,0.0,450.0,0,140.0,260.16,189.84,83.51,56.49,20.0,0.0
1779267950.042909,260.16,56.49,-1.323,260.16,56.49,-1.323,VISION,0.0,450.0,0,140.0,260.16,189.84,83.51,56.49,20.0,0.0
1779267950.0928912,260.16,56.49,-1.323,260.16,56.49,-1.323,VISION,0.0,450.0,0,140.0,260.16,189.84,83.51,56.49,20.0,0.0
1779267950.1429195,260.16,56.49,-1.323,260.16,56.49,-1.323,VISION,0.0,450.0,0,140.0,260.16,189.84,83.51,56.49,20.0,0.0
1779267950.192889,260.16,56.49,-1.323,260.16,56.49,-1.323,VISION,0.0,450.0,0,140.0,260.16,189.84,83.51,56.49,20.0,0.0
1779267950.2428916,260.16,56.49,-1.323,260.16,56.49,-1.323,VISION,0.0,450.0,0,140.0,260.16,189.84,83.51,56.49,20.0,0.0
1779267950.2929177,260.16,56.49,-1.323,260.16,56.49,-1.323,VISION,0.0,450.0,0,140.0,260.16,189.84,83.51,56.49,20.0,0.0
1779267950.3428822,260.16,56.49,-1.323,260.16,56.49,-1.323,VISION,0.0,450.0,0,140.0,260.16,189.84,83.51,56.49,20.0,0.0
1779267950.392906,260.16,56.49,-1.323,260.16,56.49,-1.323,VISION,0.0,450.0,0,140.0,260.16,189.84,83.51,56.49,20.0,0.0
1779267950.4428852,260.16,56.49,-1.323,260.16,56.49,-1.323,VISION,0.0,450.0,0,140.0,260.16,189.84,83.51,56.49,20.0,0.0
1779267950.4929187,260.16,56.49,-1.323,260.16,56.49,-1.323,VISION,0.0,450.0,0,140.0,260.16,189.84,83.51,56.49,20.0,0.0
1779267950.5429533,260.16,56.49,-1.323,260.16,56.49,-1.323,ESTIMA,0.0,450.0,0,140.0,260.16,189.84,83.51,56.49,20.0,0.0
1779267950.593153,260.8,55.12,-1.367,260.8,55.12,-1.367,VISION,0.0,450.0,0,140.0,260.8,189.2,84.88,55.12,20.0,0.0
1779267950.6429873,260.8,55.12,-1.367,260.8,55.12,-1.367,VISION,0.0,450.0,0,140.0,260.8,189.2,84.88,55.12,20.0,0.0
1779267950.6929128,260.8,55.12,-1.367,260.8,55.12,-1.367,VISION,0.0,450.0,0,140.0,260.8,189.2,84.88,55.12,20.0,0.0
1779267950.742905,260.8,55.12,-1.367,260.8,55.12,-1.367,VISION,0.0,450.0,0,140.0,260.8,189.2,84.88,55.12,20.0,0.0
1779267950.7929077,260.8,55.12,-1.367,260.8,55.12,-1.367,VISION,0.0,450.0,0,140.0,260.8,189.2,84.88,55.12,20.0,0.0
1779267950.8429105,260.8,55.12,-1.367,260.8,55.12,-1.367,VISION,0.0,450.0,0,140.0,260.8,189.2,84.88,55.12,20.0,0.0
1779267950.892912,260.8,55.12,-1.367,260.8,55.12,-1.367,VISION,0.0,450.0,0,140.0,260.8,189.2,84.88,55.12,20.0,0.0
1779267950.942932,260.8,55.12,-1.367,260.8,55.12,-1.367,VISION,0.0,450.0,0,140.0,260.8,189.2,84.88,55.12,20.0,0.0
1779267950.9929092,260.8,55.12,-1.367,260.8,55.12,-1.367,VISION,0.0,450.0,0,140.0,260.8,189.2,84.88,55.12,20.0,0.0
1779267951.0429072,260.8,55.12,-1.367,260.8,55.12,-1.367,VISION,0.0,450.0,0,140.0,260.8,189.2,84.88,55.12,20.0,0.0
1779267951.0929024,260.8,55.12,-1.367,260.8,55.12,-1.367,VISION,0.0,450.0,0,140.0,260.8,189.2,84.88,55.12,20.0,0.0
1779267951.142969,260.8,55.12,-1.367,260.8,55.12,-1.367,ESTIMA,0.0,450.0,0,140.0,260.8,189.2,84.88,55.12,20.0,0.0
1779267951.1931279,260.8,55.14,-1.37,260.8,55.14,-1.37,VISION,0.0,450.0,0,140.0,260.8,189.2,84.86,55.14,20.0,0.0
1779267951.2429147,260.8,55.14,-1.37,260.8,55.14,-1.37,VISION,0.0,450.0,0,140.0,260.8,189.2,84.86,55.14,20.0,0.0
1779267951.2929137,260.8,55.14,-1.37,260.8,55.14,-1.37,VISION,0.0,450.0,0,140.0,260.8,189.2,84.86,55.14,20.0,0.0
1779267951.3429098,260.8,55.14,-1.37,260.8,55.14,-1.37,VISION,0.0,450.0,0,140.0,260.8,189.2,84.86,55.14,20.0,0.0
1779267951.3929617,260.8,55.14,-1.37,260.8,55.14,-1.37,VISION,0.0,450.0,0,140.0,260.8,189.2,84.86,55.14,20.0,0.0
1779267951.4429252,260.8,55.14,-1.37,260.8,55.14,-1.37,VISION,0.0,450.0,0,140.0,260.8,189.2,84.86,55.14,20.0,0.0
1779267951.492905,260.8,55.14,-1.37,260.8,55.14,-1.37,VISION,0.0,450.0,0,140.0,260.8,189.2,84.86,55.14,20.0,0.0
1779267951.5429063,260.8,55.14,-1.37,260.8,55.14,-1.37,VISION,0.0,450.0,0,140.0,260.8,189.2,84.86,55.14,20.0,0.0
1779267951.5929036,260.8,55.14,-1.37,260.8,55.14,-1.37,VISION,0.0,450.0,0,140.0,260.8,189.2,84.86,55.14,20.0,0.0
1779267951.6429088,260.8,55.14,-1.37,260.8,55.14,-1.37,VISION,0.0,450.0,0,140.0,260.8,189.2,84.86,55.14,20.0,0.0
1779267951.6929047,260.8,55.14,-1.37,260.8,55.14,-1.37,VISION,0.0,450.0,0,140.0,260.8,189.2,84.86,55.14,20.0,0.0
1779267951.743248,260.8,55.14,-1.37,260.8,55.14,-1.37,ESTIMA,0.0,450.0,0,140.0,260.8,189.2,84.86,55.14,20.0,0.0
1779267951.7930186,260.8,55.14,-1.37,260.8,55.14,-1.37,VISION,0.0,450.0,0,140.0,260.8,189.2,84.86,55.14,20.0,0.0
1779267951.842911,260.8,55.14,-1.37,260.8,55.14,-1.37,VISION,0.0,450.0,0,140.0,260.8,189.2,84.86,55.14,20.0,0.0
1779267951.8929095,260.8,55.14,-1.37,260.8,55.14,-1.37,VISION,0.0,450.0,0,140.0,260.8,189.2,84.86,55.14,20.0,0.0
1779267951.9429066,260.8,55.14,-1.37,260.8,55.14,-1.37,VISION,0.0,450.0,0,140.0,260.8,189.2,84.86,55.14,20.0,0.0
1779267951.992907,260.8,55.14,-1.37,260.8,55.14,-1.37,VISION,0.0,450.0,0,140.0,260.8,189.2,84.86,55.14,20.0,0.0
1779267952.0429087,260.8,55.14,-1.37,260.8,55.14,-1.37,VISION,0.0,450.0,0,140.0,260.8,189.2,84.86,55.14,20.0,0.0
1779267952.0929077,260.8,55.14,-1.37,260.8,55.14,-1.37,VISION,0.0,450.0,0,140.0,260.8,189.2,84.86,55.14,20.0,0.0
1779267952.142917,260.8,55.14,-1.37,260.8,55.14,-1.37,VISION,0.0,450.0,0,140.0,260.8,189.2,84.86,55.14,20.0,0.0
1779267952.1929119,260.8,55.14,-1.37,260.8,55.14,-1.37,VISION,0.0,450.0,0,140.0,260.8,189.2,84.86,55.14,20.0,0.0
1779267952.2429063,260.8,55.14,-1.37,260.8,55.14,-1.37,VISION,0.0,450.0,0,140.0,260.8,189.2,84.86,55.14,20.0,0.0
1779267952.2929242,260.8,55.14,-1.37,260.8,55.14,-1.37,ESTIMA,0.0,450.0,0,140.0,260.8,189.2,84.86,55.14,20.0,0.0
1779267952.3432007,260.8,55.14,-1.366,260.8,55.14,-1.366,ESTIMA,0.0,450.0,0,140.0,260.8,189.2,84.86,55.14,20.0,0.0
1779267952.3930326,260.8,55.14,-1.366,260.8,55.14,-1.366,VISION,0.0,450.0,0,140.0,260.8,189.2,84.86,55.14,20.0,0.0
1779267952.4430757,260.8,55.14,-1.366,260.8,55.14,-1.366,VISION,0.0,450.0,0,140.0,260.8,189.2,84.86,55.14,20.0,0.0
1779267952.4929574,260.8,55.14,-1.366,260.8,55.14,-1.366,VISION,0.0,450.0,0,140.0,260.8,189.2,84.86,55.14,20.0,0.0
1779267952.5429616,260.8,55.14,-1.366,260.8,55.14,-1.366,VISION,0.0,450.0,0,140.0,260.8,189.2,84.86,55.14,20.0,0.0
1779267952.592956,260.8,55.14,-1.366,260.8,55.14,-1.366,VISION,0.0,450.0,0,140.0,260.8,189.2,84.86,55.14,20.0,0.0
1779267952.6429503,260.8,55.14,-1.366,260.8,55.14,-1.366,VISION,0.0,450.0,0,140.0,260.8,189.2,84.86,55.14,20.0,0.0
1779267952.6929474,260.8,55.14,-1.366,260.8,55.14,-1.366,VISION,0.0,450.0,0,140.0,260.8,189.2,84.86,55.14,20.0,0.0
1779267952.7429483,260.8,55.14,-1.366,260.8,55.14,-1.366,VISION,0.0,450.0,0,140.0,260.8,189.2,84.86,55.14,20.0,0.0
1779267952.7929487,260.8,55.14,-1.366,260.8,55.14,-1.366,VISION,0.0,450.0,0,140.0,260.8,189.2,84.86,55.14,20.0,0.0
1779267952.8429482,260.8,55.14,-1.366,260.8,55.14,-1.366,VISION,0.0,450.0,0,140.0,260.8,189.2,84.86,55.14,20.0,0.0
1779267952.893019,260.8,55.14,-1.366,260.8,55.14,-1.366,ESTIMA,0.0,450.0,0,140.0,260.8,189.2,84.86,55.14,20.0,0.0
1779267952.9430215,260.81,55.13,-1.366,260.81,55.13,-1.366,VISION,0.0,450.0,0,140.0,260.81,189.19,84.87,55.13,20.0,0.0
1779267952.9929624,260.81,55.13,-1.366,260.81,55.13,-1.366,VISION,0.0,450.0,0,140.0,260.81,189.19,84.87,55.13,20.0,0.0
1779267953.0429566,260.81,55.13,-1.366,260.81,55.13,-1.366,VISION,0.0,450.0,0,140.0,260.81,189.19,84.87,55.13,20.0,0.0
1779267953.0929537,260.81,55.13,-1.366,260.81,55.13,-1.366,VISION,0.0,450.0,0,140.0,260.81,189.19,84.87,55.13,20.0,0.0
1779267953.1429706,260.81,55.13,-1.366,260.81,55.13,-1.366,VISION,0.0,450.0,0,140.0,260.81,189.19,84.87,55.13,20.0,0.0
1779267953.1929624,260.81,55.13,-1.366,260.81,55.13,-1.366,VISION,0.0,450.0,0,140.0,260.81,189.19,84.87,55.13,20.0,0.0
1779267953.242957,260.81,55.13,-1.366,260.81,55.13,-1.366,VISION,0.0,450.0,0,140.0,260.81,189.19,84.87,55.13,20.0,0.0
1779267953.2930627,260.81,55.13,-1.366,260.81,55.13,-1.366,VISION,0.0,450.0,0,140.0,260.81,189.19,84.87,55.13,20.0,0.0
1779267953.3429673,260.81,55.13,-1.366,260.81,55.13,-1.366,VISION,0.0,450.0,0,140.0,260.81,189.19,84.87,55.13,20.0,0.0
1779267953.3929815,260.81,55.13,-1.366,260.81,55.13,-1.366,VISION,0.0,450.0,0,140.0,260.81,189.19,84.87,55.13,20.0,0.0
1779267953.4429557,260.81,55.13,-1.366,260.81,55.13,-1.366,VISION,0.0,450.0,0,140.0,260.81,189.19,84.87,55.13,20.0,0.0
1779267953.493174,260.81,55.13,-1.366,260.81,55.13,-1.366,ESTIMA,0.0,450.0,0,140.0,260.81,189.19,84.87,55.13,20.0,0.0
1779267953.5430393,260.78,55.13,-1.369,260.78,55.13,-1.369,VISION,0.0,450.0,0,140.0,260.78,189.22,84.87,55.13,20.0,0.0
1779267953.5931344,260.78,55.13,-1.369,260.78,55.13,-1.369,VISION,0.0,450.0,0,140.0,260.78,189.22,84.87,55.13,20.0,0.0
1779267953.643028,260.78,55.13,-1.369,260.78,55.13,-1.369,VISION,0.0,450.0,0,140.0,260.78,189.22,84.87,55.13,20.0,0.0
1779267953.6929972,260.78,55.13,-1.369,260.78,55.13,-1.369,VISION,0.0,450.0,0,140.0,260.78,189.22,84.87,55.13,20.0,0.0
1779267953.7429972,260.78,55.13,-1.369,260.78,55.13,-1.369,VISION,0.0,450.0,0,140.0,260.78,189.22,84.87,55.13,20.0,0.0
1779267953.79296,260.78,55.13,-1.369,260.78,55.13,-1.369,VISION,0.0,450.0,0,140.0,260.78,189.22,84.87,55.13,20.0,0.0
1779267953.8429813,260.78,55.13,-1.369,260.78,55.13,-1.369,VISION,0.0,450.0,0,140.0,260.78,189.22,84.87,55.13,20.0,0.0
1779267953.8929946,260.78,55.13,-1.369,260.78,55.13,-1.369,VISION,0.0,450.0,0,140.0,260.78,189.22,84.87,55.13,20.0,0.0
1779267953.9429643,260.78,55.13,-1.369,260.78,55.13,-1.369,VISION,0.0,450.0,0,140.0,260.78,189.22,84.87,55.13,20.0,0.0
1779267953.9929886,260.78,55.13,-1.369,260.78,55.13,-1.369,VISION,0.0,450.0,0,140.0,260.78,189.22,84.87,55.13,20.0,0.0
1779267954.042979,260.78,55.13,-1.369,260.78,55.13,-1.369,ESTIMA,0.0,450.0,0,140.0,260.78,189.22,84.87,55.13,20.0,0.0
1779267954.0932813,260.79,55.12,-1.366,260.79,55.12,-1.366,ESTIMA,0.0,450.0,0,140.0,260.79,189.21,84.88,55.12,20.0,0.0
1779267954.1430151,260.79,55.12,-1.366,260.79,55.12,-1.366,VISION,0.0,450.0,0,140.0,260.79,189.21,84.88,55.12,20.0,0.0
1779267954.1929708,260.79,55.12,-1.366,260.79,55.12,-1.366,VISION,0.0,450.0,0,140.0,260.79,189.21,84.88,55.12,20.0,0.0
1779267954.2429662,260.79,55.12,-1.366,260.79,55.12,-1.366,VISION,0.0,450.0,0,140.0,260.79,189.21,84.88,55.12,20.0,0.0
1779267954.2929773,260.79,55.12,-1.366,260.79,55.12,-1.366,VISION,0.0,450.0,0,140.0,260.79,189.21,84.88,55.12,20.0,0.0
1779267954.342966,260.79,55.12,-1.366,260.79,55.12,-1.366,VISION,0.0,450.0,0,140.0,260.79,189.21,84.88,55.12,20.0,0.0
1779267954.393011,260.79,55.12,-1.366,260.79,55.12,-1.366,VISION,0.0,450.0,0,140.0,260.79,189.21,84.88,55.12,20.0,0.0
1779267954.4429805,260.79,55.12,-1.366,260.79,55.12,-1.366,VISION,0.0,450.0,0,140.0,260.79,189.21,84.88,55.12,20.0,0.0
1779267954.493039,260.79,55.12,-1.366,260.79,55.12,-1.366,VISION,0.0,450.0,0,140.0,260.79,189.21,84.88,55.12,20.0,0.0
1779267954.542958,260.79,55.12,-1.366,260.79,55.12,-1.366,VISION,0.0,450.0,0,140.0,260.79,189.21,84.88,55.12,20.0,0.0
1779267954.5929677,260.79,55.12,-1.366,260.79,55.12,-1.366,VISION,0.0,450.0,0,140.0,260.79,189.21,84.88,55.12,20.0,0.0
1779267954.6430447,260.79,55.12,-1.366,260.79,55.12,-1.366,ESTIMA,0.0,450.0,0,140.0,260.79,189.21,84.88,55.12,20.0,0.0
1779267954.6930966,260.79,55.12,-1.366,260.79,55.12,-1.366,ESTIMA,0.0,450.0,0,140.0,260.79,189.21,84.88,55.12,20.0,0.0
1779267954.7430022,260.79,55.12,-1.366,260.79,55.12,-1.366,ESTIMA,0.0,450.0,0,140.0,260.79,189.21,84.88,55.12,20.0,0.0
1779267954.7931302,260.79,55.12,-1.366,260.79,55.12,-1.366,ESTIMA,0.0,450.0,0,140.0,260.79,189.21,84.88,55.12,20.0,0.0
1779267954.8429635,260.79,55.12,-1.366,260.79,55.12,-1.366,ESTIMA,0.0,450.0,0,140.0,260.79,189.21,84.88,55.12,20.0,0.0
1779267954.8930206,260.79,55.12,-1.366,260.79,55.12,-1.366,ESTIMA,0.0,450.0,0,140.0,260.79,189.21,84.88,55.12,20.0,0.0
1779267954.9429624,260.79,55.12,-1.366,260.79,55.12,-1.366,ESTIMA,0.0,450.0,0,140.0,260.79,189.21,84.88,55.12,20.0,0.0
1779267954.9930096,260.79,55.12,-1.366,260.79,55.12,-1.366,ESTIMA,0.0,450.0,0,140.0,260.79,189.21,84.88,55.12,20.0,0.0
1779267955.042977,260.79,55.12,-1.366,260.79,55.12,-1.366,ESTIMA,0.0,450.0,0,140.0,260.79,189.21,84.88,55.12,20.0,0.0
1779267955.0929594,260.79,55.12,-1.366,260.79,55.12,-1.366,ESTIMA,0.0,450.0,0,140.0,260.79,189.21,84.88,55.12,20.0,0.0
1779267955.1429706,260.79,55.12,-1.366,260.79,55.12,-1.366,ESTIMA,0.0,450.0,0,140.0,260.79,189.21,84.88,55.12,20.0,0.0
1779267955.1930006,260.79,55.12,-1.366,260.79,55.12,-1.366,ESTIMA,0.0,450.0,0,140.0,260.79,189.21,84.88,55.12,20.0,0.0
1779267955.2430372,260.79,55.12,-1.366,260.79,55.12,-1.366,ESTIMA,0.0,450.0,0,140.0,260.79,189.21,84.88,55.12,20.0,0.0
1779267955.2931218,260.79,55.12,-1.366,260.79,55.12,-1.366,ESTIMA,0.0,450.0,0,140.0,260.79,189.21,84.88,55.12,20.0,0.0
1779267955.3429987,260.79,55.12,-1.366,260.79,55.12,-1.366,ESTIMA,0.0,450.0,0,140.0,260.79,189.21,84.88,55.12,20.0,0.0
1779267955.393016,260.79,55.12,-1.366,260.79,55.12,-1.366,ESTIMA,0.0,450.0,0,140.0,260.79,189.21,84.88,55.12,20.0,0.0
1779267955.4429653,260.79,55.12,-1.366,260.79,55.12,-1.366,ESTIMA,0.0,450.0,0,140.0,260.79,189.21,84.88,55.12,20.0,0.0
1779267955.4930058,260.79,55.12,-1.366,260.79,55.12,-1.366,ESTIMA,0.0,450.0,0,140.0,260.79,189.21,84.88,55.12,20.0,0.0
1779267955.5429602,260.79,55.12,-1.366,260.79,55.12,-1.366,ESTIMA,0.0,450.0,0,140.0,260.79,189.21,84.88,55.12,20.0,0.0
1779267955.5929935,260.79,55.12,-1.366,260.79,55.12,-1.366,ESTIMA,0.0,450.0,0,140.0,260.79,189.21,84.88,55.12,20.0,0.0
1779267955.6429813,260.79,55.12,-1.366,260.79,55.12,-1.366,ESTIMA,0.0,450.0,0,140.0,260.79,189.21,84.88,55.12,20.0,0.0
1779267955.6929693,260.79,55.12,-1.366,260.79,55.12,-1.366,ESTIMA,0.0,450.0,0,140.0,260.79,189.21,84.88,55.12,20.0,0.0
1779267955.7429614,260.79,55.12,-1.366,260.79,55.12,-1.366,ESTIMA,0.0,450.0,0,140.0,260.79,189.21,84.88,55.12,20.0,0.0
1779267955.792988,260.79,55.12,-1.366,260.79,55.12,-1.366,ESTIMA,0.0,450.0,0,140.0,260.79,189.21,84.88,55.12,20.0,0.0
1779267955.8430853,260.79,55.12,-1.366,260.79,55.12,-1.366,ESTIMA,0.0,450.0,0,140.0,260.79,189.21,84.88,55.12,20.0,0.0
1779267955.8929846,260.79,55.12,-1.366,260.79,55.12,-1.366,ESTIMA,0.0,450.0,0,140.0,260.79,189.21,84.88,55.12,20.0,0.0
1779267955.9429698,260.79,55.12,-1.366,260.79,55.12,-1.366,ESTIMA,0.0,450.0,0,140.0,260.79,189.21,84.88,55.12,20.0,0.0
1779267955.9929774,260.79,55.12,-1.366,260.79,55.12,-1.366,ESTIMA,0.0,450.0,0,140.0,260.79,189.21,84.88,55.12,20.0,0.0
1779267956.042963,260.79,55.12,-1.366,260.79,55.12,-1.366,ESTIMA,0.0,450.0,0,140.0,260.79,189.21,84.88,55.12,20.0,0.0
1779267956.0930126,260.79,55.12,-1.366,260.79,55.12,-1.366,ESTIMA,0.0,450.0,0,140.0,260.79,189.21,84.88,55.12,20.0,0.0
1779267956.1429665,260.79,55.12,-1.366,260.79,55.12,-1.366,ESTIMA,0.0,450.0,0,140.0,260.79,189.21,84.88,55.12,20.0,0.0
1779267956.1929755,260.79,55.12,-1.366,260.79,55.12,-1.366,ESTIMA,0.0,450.0,0,140.0,260.79,189.21,84.88,55.12,20.0,0.0
1779267956.2429786,260.79,55.12,-1.366,260.79,55.12,-1.366,ESTIMA,0.0,450.0,0,140.0,260.79,189.21,84.88,55.12,20.0,0.0
1779267956.293004,260.79,55.12,-1.366,260.79,55.12,-1.366,ESTIMA,0.0,450.0,0,140.0,260.79,189.21,84.88,55.12,20.0,0.0
1779267956.3429656,260.79,55.12,-1.366,260.79,55.12,-1.366,ESTIMA,0.0,450.0,0,140.0,260.79,189.21,84.88,55.12,20.0,0.0
1779267956.393028,260.79,55.12,-1.366,260.79,55.12,-1.366,ESTIMA,0.0,450.0,0,140.0,260.79,189.21,84.88,55.12,20.0,0.0
1779267956.4430878,260.79,55.12,-1.366,260.79,55.12,-1.366,ESTIMA,0.0,450.0,0,140.0,260.79,189.21,84.88,55.12,20.0,0.0
1779267956.4930043,260.79,55.12,-1.366,260.79,55.12,-1.366,ESTIMA,0.0,450.0,0,140.0,260.79,189.21,84.88,55.12,20.0,0.0
1779267956.5429654,260.79,55.12,-1.366,260.79,55.12,-1.366,ESTIMA,0.0,450.0,0,140.0,260.79,189.21,84.88,55.12,20.0,0.0
1779267956.5929966,260.79,55.12,-1.366,260.79,55.12,-1.366,ESTIMA,0.0,450.0,0,140.0,260.79,189.21,84.88,55.12,20.0,0.0
1779267956.6429753,260.79,55.12,-1.366,260.79,55.12,-1.366,ESTIMA,0.0,450.0,0,140.0,260.79,189.21,84.88,55.12,20.0,0.0
1779267956.6929846,260.79,55.12,-1.366,260.79,55.12,-1.366,ESTIMA,0.0,450.0,0,140.0,260.79,189.21,84.88,55.12,20.0,0.0
1779267956.7429686,260.79,55.12,-1.366,260.79,55.12,-1.366,ESTIMA,0.0,450.0,0,140.0,260.79,189.21,84.88,55.12,20.0,0.0
1779267956.7930133,260.79,55.12,-1.366,260.79,55.12,-1.366,ESTIMA,0.0,450.0,0,140.0,260.79,189.21,84.88,55.12,20.0,0.0
1779267956.842968,260.79,55.12,-1.366,260.79,55.12,-1.366,ESTIMA,0.0,450.0,0,140.0,260.79,189.21,84.88,55.12,20.0,0.0
1779267956.8929722,260.79,55.12,-1.366,260.79,55.12,-1.366,ESTIMA,0.0,450.0,0,140.0,260.79,189.21,84.88,55.12,20.0,0.0
1779267956.942966,260.79,55.12,-1.366,260.79,55.12,-1.366,ESTIMA,0.0,450.0,0,140.0,260.79,189.21,84.88,55.12,20.0,0.0
1779267956.9930418,260.79,55.12,-1.366,260.79,55.12,-1.366,ESTIMA,0.0,450.0,0,140.0,260.79,189.21,84.88,55.12,20.0,0.0
1779267957.0430856,260.79,55.12,-1.366,260.79,55.12,-1.366,ESTIMA,0.0,450.0,0,140.0,260.79,189.21,84.88,55.12,20.0,0.0
1779267957.0931194,260.79,55.12,-1.366,260.79,55.12,-1.366,ESTIMA,0.0,450.0,0,140.0,260.79,189.21,84.88,55.12,20.0,0.0
1779267957.1430519,260.79,55.12,-1.366,260.79,55.12,-1.366,ESTIMA,0.0,450.0,0,140.0,260.79,189.21,84.88,55.12,20.0,0.0
1779267957.1930184,260.79,55.12,-1.366,260.79,55.12,-1.366,ESTIMA,0.0,450.0,0,140.0,260.79,189.21,84.88,55.12,20.0,0.0
1779267957.2429683,260.79,55.12,-1.366,260.79,55.12,-1.366,ESTIMA,0.0,450.0,0,140.0,260.79,189.21,84.88,55.12,20.0,0.0
1779267957.2930207,260.79,55.12,-1.366,260.79,55.12,-1.366,ESTIMA,0.0,450.0,0,140.0,260.79,189.21,84.88,55.12,20.0,0.0
1779267957.3430166,260.79,55.12,-1.366,260.79,55.12,-1.366,ESTIMA,0.0,450.0,0,140.0,260.79,189.21,84.88,55.12,20.0,0.0
1779267957.393027,260.79,55.12,-1.366,260.79,55.12,-1.366,ESTIMA,0.0,450.0,0,140.0,260.79,189.21,84.88,55.12,20.0,0.0
1779267957.4430008,260.79,55.12,-1.366,260.79,55.12,-1.366,ESTIMA,0.0,450.0,0,140.0,260.79,189.21,84.88,55.12,20.0,0.0
1779267957.492983,260.79,55.12,-1.366,260.79,55.12,-1.366,ESTIMA,0.0,450.0,0,140.0,260.79,189.21,84.88,55.12,20.0,0.0
1779267957.5429986,260.79,55.12,-1.366,260.79,55.12,-1.366,ESTIMA,0.0,450.0,0,140.0,260.79,189.21,84.88,55.12,20.0,0.0
1779267957.5931463,260.79,55.12,-1.366,260.79,55.12,-1.366,ESTIMA,0.0,450.0,0,140.0,260.79,189.21,84.88,55.12,20.0,0.0
1779267957.6430225,260.79,55.12,-1.366,260.79,55.12,-1.366,ESTIMA,0.0,450.0,0,140.0,260.79,189.21,84.88,55.12,20.0,0.0
1779267957.6930518,260.79,55.12,-1.366,260.79,55.12,-1.366,ESTIMA,0.0,450.0,0,140.0,260.79,189.21,84.88,55.12,20.0,0.0
1779267957.7429729,260.79,55.12,-1.366,260.79,55.12,-1.366,ESTIMA,0.0,450.0,0,140.0,260.79,189.21,84.88,55.12,20.0,0.0
1779267957.7930415,260.79,55.12,-1.366,260.79,55.12,-1.366,ESTIMA,0.0,450.0,0,140.0,260.79,189.21,84.88,55.12,20.0,0.0
1779267957.8429842,260.79,55.12,-1.366,260.79,55.12,-1.366,ESTIMA,0.0,450.0,0,140.0,260.79,189.21,84.88,55.12,20.0,0.0
1779267957.8930185,260.79,55.12,-1.366,260.79,55.12,-1.366,ESTIMA,0.0,450.0,0,140.0,260.79,189.21,84.88,55.12,20.0,0.0
1779267957.942974,260.79,55.12,-1.366,260.79,55.12,-1.366,ESTIMA,0.0,450.0,0,140.0,260.79,189.21,84.88,55.12,20.0,0.0
1779267957.992985,260.79,55.12,-1.366,260.79,55.12,-1.366,ESTIMA,0.0,450.0,0,140.0,260.79,189.21,84.88,55.12,20.0,0.0
1779267958.0429714,260.79,55.12,-1.366,260.79,55.12,-1.366,ESTIMA,0.0,450.0,0,140.0,260.79,189.21,84.88,55.12,20.0,0.0
1779267958.0930374,260.79,55.12,-1.366,260.79,55.12,-1.366,ESTIMA,0.0,450.0,0,140.0,260.79,189.21,84.88,55.12,20.0,0.0
1779267958.1429765,260.79,55.12,-1.366,260.79,55.12,-1.366,ESTIMA,0.0,450.0,0,140.0,260.79,189.21,84.88,55.12,20.0,0.0
1779267958.1931176,260.79,55.12,-1.366,260.79,55.12,-1.366,ESTIMA,0.0,450.0,0,140.0,260.79,189.21,84.88,55.12,20.0,0.0
1779267958.2429917,260.79,55.12,-1.366,260.79,55.12,-1.366,ESTIMA,0.0,450.0,0,140.0,260.79,189.21,84.88,55.12,20.0,0.0
1779267958.2929826,260.79,55.12,-1.366,260.79,55.12,-1.366,ESTIMA,0.0,450.0,0,140.0,260.79,189.21,84.88,55.12,20.0,0.0
1779267958.342994,260.79,55.12,-1.366,260.79,55.12,-1.366,ESTIMA,0.0,450.0,0,140.0,260.79,189.21,84.88,55.12,20.0,0.0
1779267958.393016,260.79,55.12,-1.366,260.79,55.12,-1.366,ESTIMA,0.0,450.0,0,140.0,260.79,189.21,84.88,55.12,20.0,0.0
1779267958.442998,260.79,55.12,-1.366,260.79,55.12,-1.366,ESTIMA,0.0,450.0,0,140.0,260.79,189.21,84.88,55.12,20.0,0.0
1779267958.4929914,260.79,55.12,-1.366,260.79,55.12,-1.366,ESTIMA,0.0,450.0,0,140.0,260.79,189.21,84.88,55.12,20.0,0.0
1779267958.5429783,260.79,55.12,-1.366,260.79,55.12,-1.366,ESTIMA,0.0,450.0,0,140.0,260.79,189.21,84.88,55.12,20.0,0.0
1779267958.593009,260.79,55.12,-1.366,260.79,55.12,-1.366,ESTIMA,0.0,450.0,0,140.0,260.79,189.21,84.88,55.12,20.0,0.0
1779267958.642984,260.79,55.12,-1.366,260.79,55.12,-1.366,ESTIMA,0.0,450.0,0,140.0,260.79,189.21,84.88,55.12,20.0,0.0
1779267958.6929834,260.79,55.12,-1.366,260.79,55.12,-1.366,ESTIMA,0.0,450.0,0,140.0,260.79,189.21,84.88,55.12,20.0,0.0
1779267958.7430537,260.79,55.12,-1.366,260.79,55.12,-1.366,ESTIMA,0.0,450.0,0,140.0,260.79,189.21,84.88,55.12,20.0,0.0
1779267958.7931125,260.79,55.12,-1.366,260.79,55.12,-1.366,ESTIMA,0.0,450.0,0,140.0,260.79,189.21,84.88,55.12,20.0,0.0
1779267958.8429787,260.79,55.12,-1.366,260.79,55.12,-1.366,ESTIMA,0.0,450.0,0,140.0,260.79,189.21,84.88,55.12,20.0,0.0
1779267958.8929858,260.79,55.12,-1.366,260.79,55.12,-1.366,ESTIMA,0.0,450.0,0,140.0,260.79,189.21,84.88,55.12,20.0,0.0
1779267958.942985,260.79,55.12,-1.366,260.79,55.12,-1.366,ESTIMA,0.0,450.0,0,140.0,260.79,189.21,84.88,55.12,20.0,0.0
1779267958.9929888,260.79,55.12,-1.366,260.79,55.12,-1.366,ESTIMA,0.0,450.0,0,140.0,260.79,189.21,84.88,55.12,20.0,0.0
1779267959.042984,260.79,55.12,-1.366,260.79,55.12,-1.366,ESTIMA,0.0,450.0,0,140.0,260.79,189.21,84.88,55.12,20.0,0.0
1779267959.0930047,260.79,55.12,-1.366,260.79,55.12,-1.366,ESTIMA,0.0,450.0,0,140.0,260.79,189.21,84.88,55.12,20.0,0.0
1779267959.1429994,260.79,55.12,-1.366,260.79,55.12,-1.366,ESTIMA,0.0,450.0,0,140.0,260.79,189.21,84.88,55.12,20.0,0.0
1779267959.1929932,260.79,55.12,-1.366,260.79,55.12,-1.366,ESTIMA,0.0,450.0,0,140.0,260.79,189.21,84.88,55.12,20.0,0.0
1779267959.2429779,260.79,55.12,-1.366,260.79,55.12,-1.366,ESTIMA,0.0,450.0,0,140.0,260.79,189.21,84.88,55.12,20.0,0.0
1779267959.2929993,260.79,55.12,-1.366,260.79,55.12,-1.366,ESTIMA,0.0,450.0,0,140.0,260.79,189.21,84.88,55.12,20.0,0.0
1779267959.3431838,260.79,55.12,-1.366,260.79,55.12,-1.366,ESTIMA,0.0,450.0,0,140.0,260.79,189.21,84.88,55.12,20.0,0.0
1779267959.393103,260.8,55.11,-1.367,260.8,55.11,-1.367,VISION,0.0,450.0,0,140.0,260.8,189.2,84.89,55.11,20.0,0.0
1779267959.4430058,260.8,55.11,-1.367,260.8,55.11,-1.367,VISION,0.0,450.0,0,140.0,260.8,189.2,84.89,55.11,20.0,0.0
1779267959.4929914,260.8,55.11,-1.367,260.8,55.11,-1.367,VISION,0.0,450.0,0,140.0,260.8,189.2,84.89,55.11,20.0,0.0
1779267959.5429893,260.8,55.11,-1.367,260.8,55.11,-1.367,VISION,0.0,450.0,0,140.0,260.8,189.2,84.89,55.11,20.0,0.0
1779267959.5929804,260.8,55.11,-1.367,260.8,55.11,-1.367,VISION,0.0,450.0,0,140.0,260.8,189.2,84.89,55.11,20.0,0.0
1779267959.6429896,260.8,55.11,-1.367,260.8,55.11,-1.367,VISION,0.0,450.0,0,140.0,260.8,189.2,84.89,55.11,20.0,0.0
1779267959.6929982,260.8,55.11,-1.367,260.8,55.11,-1.367,VISION,0.0,450.0,0,140.0,260.8,189.2,84.89,55.11,20.0,0.0
1779267959.742988,260.8,55.11,-1.367,260.8,55.11,-1.367,VISION,0.0,450.0,0,140.0,260.8,189.2,84.89,55.11,20.0,0.0
1779267959.7930346,260.8,55.11,-1.367,260.8,55.11,-1.367,VISION,0.0,450.0,0,140.0,260.8,189.2,84.89,55.11,20.0,0.0
1779267959.8429852,260.8,55.11,-1.367,260.8,55.11,-1.367,VISION,0.0,450.0,0,140.0,260.8,189.2,84.89,55.11,20.0,0.0
1779267959.8929858,260.8,55.11,-1.367,260.8,55.11,-1.367,VISION,0.0,450.0,0,140.0,260.8,189.2,84.89,55.11,20.0,0.0
1779267959.9432642,260.78,55.13,-1.367,260.78,55.13,-1.367,ESTIMA,0.0,450.0,0,140.0,260.78,189.22,84.87,55.13,20.0,0.0
1779267959.993063,260.78,55.13,-1.367,260.78,55.13,-1.367,VISION,0.0,450.0,0,140.0,260.78,189.22,84.87,55.13,20.0,0.0
1779267960.0429997,260.78,55.13,-1.367,260.78,55.13,-1.367,VISION,0.0,450.0,0,140.0,260.78,189.22,84.87,55.13,20.0,0.0
1779267960.0930417,260.78,55.13,-1.367,260.78,55.13,-1.367,VISION,0.0,450.0,0,140.0,260.78,189.22,84.87,55.13,20.0,0.0
1779267960.1429899,260.78,55.13,-1.367,260.78,55.13,-1.367,VISION,0.0,450.0,0,140.0,260.78,189.22,84.87,55.13,20.0,0.0
1779267960.192988,260.78,55.13,-1.367,260.78,55.13,-1.367,VISION,0.0,450.0,0,140.0,260.78,189.22,84.87,55.13,20.0,0.0
1779267960.2429905,260.78,55.13,-1.367,260.78,55.13,-1.367,VISION,0.0,450.0,0,140.0,260.78,189.22,84.87,55.13,20.0,0.0
1779267960.2930114,260.78,55.13,-1.367,260.78,55.13,-1.367,VISION,0.0,450.0,0,140.0,260.78,189.22,84.87,55.13,20.0,0.0
1779267960.3430278,260.78,55.13,-1.367,260.78,55.13,-1.367,VISION,0.0,450.0,0,140.0,260.78,189.22,84.87,55.13,20.0,0.0
1779267960.3930235,260.78,55.13,-1.367,260.78,55.13,-1.367,VISION,0.0,450.0,0,140.0,260.78,189.22,84.87,55.13,20.0,0.0
1779267960.442984,260.78,55.13,-1.367,260.78,55.13,-1.367,VISION,0.0,450.0,0,140.0,260.78,189.22,84.87,55.13,20.0,0.0
1779267960.4930456,260.78,55.13,-1.367,260.78,55.13,-1.367,ESTIMA,0.0,450.0,0,140.0,260.78,189.22,84.87,55.13,20.0,0.0
1779267960.543258,260.8,55.13,-1.368,260.8,55.13,-1.368,ESTIMA,0.0,450.0,0,140.0,260.8,189.2,84.87,55.13,20.0,0.0
1779267960.592997,260.8,55.13,-1.368,260.8,55.13,-1.368,VISION,0.0,450.0,0,140.0,260.8,189.2,84.87,55.13,20.0,0.0
1779267960.6430283,260.8,55.13,-1.368,260.8,55.13,-1.368,VISION,0.0,450.0,0,140.0,260.8,189.2,84.87,55.13,20.0,0.0
1779267960.692994,260.8,55.13,-1.368,260.8,55.13,-1.368,VISION,0.0,450.0,0,140.0,260.8,189.2,84.87,55.13,20.0,0.0
1779267960.742997,260.8,55.13,-1.368,260.8,55.13,-1.368,VISION,0.0,450.0,0,140.0,260.8,189.2,84.87,55.13,20.0,0.0
1779267960.7930481,260.8,55.13,-1.368,260.8,55.13,-1.368,VISION,0.0,450.0,0,140.0,260.8,189.2,84.87,55.13,20.0,0.0
1779267960.8429866,260.8,55.13,-1.368,260.8,55.13,-1.368,VISION,0.0,450.0,0,140.0,260.8,189.2,84.87,55.13,20.0,0.0
1779267960.892991,260.8,55.13,-1.368,260.8,55.13,-1.368,VISION,0.0,450.0,0,140.0,260.8,189.2,84.87,55.13,20.0,0.0
1779267960.9429865,260.8,55.13,-1.368,260.8,55.13,-1.368,VISION,0.0,450.0,0,140.0,260.8,189.2,84.87,55.13,20.0,0.0
1779267960.992984,260.8,55.13,-1.368,260.8,55.13,-1.368,VISION,0.0,450.0,0,140.0,260.8,189.2,84.87,55.13,20.0,0.0
1779267961.0429873,260.8,55.13,-1.368,260.8,55.13,-1.368,VISION,0.0,450.0,0,140.0,260.8,189.2,84.87,55.13,20.0,0.0
1779267961.093076,260.8,55.13,-1.368,260.8,55.13,-1.368,ESTIMA,0.0,450.0,0,140.0,260.8,189.2,84.87,55.13,20.0,0.0
1779267961.143072,260.8,55.13,-1.368,260.8,55.13,-1.368,VISION,0.0,450.0,0,140.0,260.8,189.2,84.87,55.13,20.0,0.0
1779267961.192996,260.8,55.13,-1.368,260.8,55.13,-1.368,VISION,0.0,450.0,0,140.0,260.8,189.2,84.87,55.13,20.0,0.0
1779267961.2429981,260.8,55.13,-1.368,260.8,55.13,-1.368,VISION,0.0,450.0,0,140.0,260.8,189.2,84.87,55.13,20.0,0.0
1779267961.292999,260.8,55.13,-1.368,260.8,55.13,-1.368,VISION,0.0,450.0,0,140.0,260.8,189.2,84.87,55.13,20.0,0.0
1779267961.3430228,260.8,55.13,-1.368,260.8,55.13,-1.368,VISION,0.0,450.0,0,140.0,260.8,189.2,84.87,55.13,20.0,0.0
1779267961.3930337,260.8,55.13,-1.368,260.8,55.13,-1.368,VISION,0.0,450.0,0,140.0,260.8,189.2,84.87,55.13,20.0,0.0
1779267961.4429934,260.8,55.13,-1.368,260.8,55.13,-1.368,VISION,0.0,450.0,0,140.0,260.8,189.2,84.87,55.13,20.0,0.0
1779267961.4929936,260.8,55.13,-1.368,260.8,55.13,-1.368,VISION,0.0,450.0,0,140.0,260.8,189.2,84.87,55.13,20.0,0.0
1779267961.5429933,260.8,55.13,-1.368,260.8,55.13,-1.368,VISION,0.0,450.0,0,140.0,260.8,189.2,84.87,55.13,20.0,0.0
1779267961.5929892,260.8,55.13,-1.368,260.8,55.13,-1.368,VISION,0.0,450.0,0,140.0,260.8,189.2,84.87,55.13,20.0,0.0
1779267961.6430037,260.8,55.13,-1.368,260.8,55.13,-1.368,VISION,0.0,450.0,0,140.0,260.8,189.2,84.87,55.13,20.0,0.0
1779267961.6934242,260.8,55.13,-1.368,260.79,55.12,-1.367,ESTIMA,0.0,450.0,0,140.0,260.8,189.2,84.87,55.13,20.0,0.0
1779267961.7430615,260.79,55.12,-1.367,260.79,55.12,-1.367,VISION,0.0,450.0,0,140.0,260.79,189.21,84.88,55.12,20.0,0.0
1779267961.7930465,260.79,55.12,-1.367,260.79,55.12,-1.367,VISION,0.0,450.0,0,140.0,260.79,189.21,84.88,55.12,20.0,0.0
1779267961.8429916,260.79,55.12,-1.367,260.79,55.12,-1.367,VISION,0.0,450.0,0,140.0,260.79,189.21,84.88,55.12,20.0,0.0
1779267961.893025,260.79,55.12,-1.367,260.79,55.12,-1.367,VISION,0.0,450.0,0,140.0,260.79,189.21,84.88,55.12,20.0,0.0
1779267961.942993,260.79,55.12,-1.367,260.79,55.12,-1.367,VISION,0.0,450.0,0,140.0,260.79,189.21,84.88,55.12,20.0,0.0
1779267961.992994,260.79,55.12,-1.367,260.79,55.12,-1.367,VISION,0.0,450.0,0,140.0,260.79,189.21,84.88,55.12,20.0,0.0
1779267962.0429893,260.79,55.12,-1.367,260.79,55.12,-1.367,VISION,0.0,450.0,0,140.0,260.79,189.21,84.88,55.12,20.0,0.0
1779267962.0930083,260.79,55.12,-1.367,260.79,55.12,-1.367,VISION,0.0,450.0,0,140.0,260.79,189.21,84.88,55.12,20.0,0.0
1779267962.1429882,260.79,55.12,-1.367,260.79,55.12,-1.367,VISION,0.0,450.0,0,140.0,260.79,189.21,84.88,55.12,20.0,0.0
1779267962.1930172,260.79,55.12,-1.367,260.79,55.12,-1.367,VISION,0.0,450.0,0,140.0,260.79,189.21,84.88,55.12,20.0,0.0
1779267962.24299,260.79,55.12,-1.367,260.79,55.12,-1.367,ESTIMA,0.0,450.0,0,140.0,260.79,189.21,84.88,55.12,20.0,0.0
1779267962.293204,260.79,55.13,-1.369,260.79,55.13,-1.369,ESTIMA,0.0,450.0,0,140.0,260.79,189.21,84.87,55.13,20.0,0.0
1779267962.3430161,260.79,55.13,-1.369,260.79,55.13,-1.369,VISION,0.0,450.0,0,140.0,260.79,189.21,84.87,55.13,20.0,0.0
1779267962.3930566,260.79,55.13,-1.369,260.79,55.13,-1.369,VISION,0.0,450.0,0,140.0,260.79,189.21,84.87,55.13,20.0,0.0
1779267962.442997,260.79,55.13,-1.369,260.79,55.13,-1.369,VISION,0.0,450.0,0,140.0,260.79,189.21,84.87,55.13,20.0,0.0
1779267962.4930131,260.79,55.13,-1.369,260.79,55.13,-1.369,VISION,0.0,450.0,0,140.0,260.79,189.21,84.87,55.13,20.0,0.0
1779267962.5430117,260.79,55.13,-1.369,260.79,55.13,-1.369,VISION,0.0,450.0,0,140.0,260.79,189.21,84.87,55.13,20.0,0.0
1779267962.593002,260.79,55.13,-1.369,260.79,55.13,-1.369,VISION,0.0,450.0,0,140.0,260.79,189.21,84.87,55.13,20.0,0.0
1779267962.642999,260.79,55.13,-1.369,260.79,55.13,-1.369,VISION,0.0,450.0,0,140.0,260.79,189.21,84.87,55.13,20.0,0.0
1779267962.6930017,260.79,55.13,-1.369,260.79,55.13,-1.369,VISION,0.0,450.0,0,140.0,260.79,189.21,84.87,55.13,20.0,0.0
1779267962.7429898,260.79,55.13,-1.369,260.79,55.13,-1.369,VISION,0.0,450.0,0,140.0,260.79,189.21,84.87,55.13,20.0,0.0
1779267962.7929895,260.79,55.13,-1.369,260.79,55.13,-1.369,VISION,0.0,450.0,0,140.0,260.79,189.21,84.87,55.13,20.0,0.0
1779267962.8430767,260.79,55.13,-1.369,260.79,55.13,-1.369,ESTIMA,0.0,450.0,0,140.0,260.79,189.21,84.87,55.13,20.0,0.0
1779267962.893134,260.79,55.13,-1.367,260.79,55.13,-1.367,VISION,0.0,450.0,0,140.0,260.79,189.21,84.87,55.13,20.0,0.0
1779267962.9430168,260.79,55.13,-1.367,260.79,55.13,-1.367,VISION,0.0,450.0,0,140.0,260.79,189.21,84.87,55.13,20.0,0.0
1779267962.9929957,260.79,55.13,-1.367,260.79,55.13,-1.367,VISION,0.0,450.0,0,140.0,260.79,189.21,84.87,55.13,20.0,0.0
1779267963.0430057,260.79,55.13,-1.367,260.79,55.13,-1.367,VISION,0.0,450.0,0,140.0,260.79,189.21,84.87,55.13,20.0,0.0
1779267963.092998,260.79,55.13,-1.367,260.79,55.13,-1.367,VISION,0.0,450.0,0,140.0,260.79,189.21,84.87,55.13,20.0,0.0
1779267963.1429975,260.79,55.13,-1.367,260.79,55.13,-1.367,VISION,0.0,450.0,0,140.0,260.79,189.21,84.87,55.13,20.0,0.0
1779267963.1929958,260.79,55.13,-1.367,260.79,55.13,-1.367,VISION,0.0,450.0,0,140.0,260.79,189.21,84.87,55.13,20.0,0.0
1779267963.2430046,260.79,55.13,-1.367,260.79,55.13,-1.367,VISION,0.0,450.0,0,140.0,260.79,189.21,84.87,55.13,20.0,0.0
1779267963.2929947,260.79,55.13,-1.367,260.79,55.13,-1.367,VISION,0.0,450.0,0,140.0,260.79,189.21,84.87,55.13,20.0,0.0
1779267963.3429992,260.79,55.13,-1.367,260.79,55.13,-1.367,VISION,0.0,450.0,0,140.0,260.79,189.21,84.87,55.13,20.0,0.0
1779267963.3930516,260.79,55.13,-1.367,260.79,55.13,-1.367,VISION,0.0,450.0,0,140.0,260.79,189.21,84.87,55.13,20.0,0.0
1779267963.4432166,260.79,55.13,-1.367,260.79,55.13,-1.367,ESTIMA,0.0,450.0,0,140.0,260.79,189.21,84.87,55.13,20.0,0.0
1779267963.4931376,260.79,55.12,-1.369,260.79,55.12,-1.369,VISION,0.0,450.0,0,140.0,260.79,189.21,84.88,55.12,20.0,0.0
1779267963.5430074,260.79,55.12,-1.369,260.79,55.12,-1.369,VISION,0.0,450.0,0,140.0,260.79,189.21,84.88,55.12,20.0,0.0
1779267963.593003,260.79,55.12,-1.369,260.79,55.12,-1.369,VISION,0.0,450.0,0,140.0,260.79,189.21,84.88,55.12,20.0,0.0
1779267963.6429985,260.79,55.12,-1.369,260.79,55.12,-1.369,VISION,0.0,450.0,0,140.0,260.79,189.21,84.88,55.12,20.0,0.0
1779267963.6929991,260.79,55.12,-1.369,260.79,55.12,-1.369,VISION,0.0,450.0,0,140.0,260.79,189.21,84.88,55.12,20.0,0.0
1779267963.7429955,260.79,55.12,-1.369,260.79,55.12,-1.369,VISION,0.0,450.0,0,140.0,260.79,189.21,84.88,55.12,20.0,0.0
1779267963.793031,260.79,55.12,-1.369,260.79,55.12,-1.369,VISION,0.0,450.0,0,140.0,260.79,189.21,84.88,55.12,20.0,0.0
1779267963.8430061,260.79,55.12,-1.369,260.79,55.12,-1.369,VISION,0.0,450.0,0,140.0,260.79,189.21,84.88,55.12,20.0,0.0
1779267963.8930018,260.79,55.12,-1.369,260.79,55.12,-1.369,VISION,0.0,450.0,0,140.0,260.79,189.21,84.88,55.12,20.0,0.0
1779267963.942992,260.79,55.12,-1.369,260.79,55.12,-1.369,VISION,0.0,450.0,0,140.0,260.79,189.21,84.88,55.12,20.0,0.0
1779267963.9929953,260.79,55.12,-1.369,260.79,55.12,-1.369,VISION,0.0,450.0,0,140.0,260.79,189.21,84.88,55.12,20.0,0.0
1779267964.0431964,260.79,55.11,-1.368,260.79,55.11,-1.368,ESTIMA,0.0,450.0,0,140.0,260.79,189.21,84.89,55.11,20.0,0.0
1779267964.0930429,260.79,55.11,-1.368,260.79,55.11,-1.368,VISION,0.0,450.0,0,140.0,260.79,189.21,84.89,55.11,20.0,0.0
1779267964.1430035,260.79,55.11,-1.368,260.79,55.11,-1.368,VISION,0.0,450.0,0,140.0,260.79,189.21,84.89,55.11,20.0,0.0
1779267964.193004,260.79,55.11,-1.368,260.79,55.11,-1.368,VISION,0.0,450.0,0,140.0,260.79,189.21,84.89,55.11,20.0,0.0
1779267964.2430327,260.79,55.11,-1.368,260.79,55.11,-1.368,VISION,0.0,450.0,0,140.0,260.79,189.21,84.89,55.11,20.0,0.0
1779267964.2930324,260.79,55.11,-1.368,260.79,55.11,-1.368,VISION,0.0,450.0,0,140.0,260.79,189.21,84.89,55.11,20.0,0.0
1779267964.342997,260.79,55.11,-1.368,260.79,55.11,-1.368,VISION,0.0,450.0,0,140.0,260.79,189.21,84.89,55.11,20.0,0.0
1779267964.393031,260.79,55.11,-1.368,260.79,55.11,-1.368,VISION,0.0,450.0,0,140.0,260.79,189.21,84.89,55.11,20.0,0.0
1779267964.4430084,260.79,55.11,-1.368,260.79,55.11,-1.368,VISION,0.0,450.0,0,140.0,260.79,189.21,84.89,55.11,20.0,0.0
1779267964.4930508,260.79,55.11,-1.368,260.79,55.11,-1.368,VISION,0.0,450.0,0,140.0,260.79,189.21,84.89,55.11,20.0,0.0
1779267964.5429974,260.79,55.11,-1.368,260.79,55.11,-1.368,VISION,0.0,450.0,0,140.0,260.79,189.21,84.89,55.11,20.0,0.0
1779267964.593113,260.79,55.11,-1.368,260.79,55.11,-1.368,ESTIMA,0.0,450.0,0,140.0,260.79,189.21,84.89,55.11,20.0,0.0
1779267964.643306,260.79,55.11,-1.368,260.81,55.12,-1.364,ESTIMA,0.0,450.0,0,140.0,260.79,189.21,84.89,55.11,20.0,0.0
1779267964.6930866,260.81,55.12,-1.364,260.81,55.12,-1.364,VISION,0.0,450.0,0,140.0,260.81,189.19,84.88,55.12,20.0,0.0
1779267964.7430127,260.81,55.12,-1.364,260.81,55.12,-1.364,VISION,0.0,450.0,0,140.0,260.81,189.19,84.88,55.12,20.0,0.0
1779267964.793042,260.81,55.12,-1.364,260.81,55.12,-1.364,VISION,0.0,450.0,0,140.0,260.81,189.19,84.88,55.12,20.0,0.0
1779267964.8430126,260.81,55.12,-1.364,260.81,55.12,-1.364,VISION,0.0,450.0,0,140.0,260.81,189.19,84.88,55.12,20.0,0.0
1779267964.8930068,260.81,55.12,-1.364,260.81,55.12,-1.364,VISION,0.0,450.0,0,140.0,260.81,189.19,84.88,55.12,20.0,0.0
1779267964.9429955,260.81,55.12,-1.364,260.81,55.12,-1.364,VISION,0.0,450.0,0,140.0,260.81,189.19,84.88,55.12,20.0,0.0
1779267964.9930196,260.81,55.12,-1.364,260.81,55.12,-1.364,VISION,0.0,450.0,0,140.0,260.81,189.19,84.88,55.12,20.0,0.0
1779267965.043017,260.81,55.12,-1.364,260.81,55.12,-1.364,VISION,0.0,450.0,0,140.0,260.81,189.19,84.88,55.12,20.0,0.0
1779267965.0930104,260.81,55.12,-1.364,260.81,55.12,-1.364,VISION,0.0,450.0,0,140.0,260.81,189.19,84.88,55.12,20.0,0.0
1779267965.1430075,260.81,55.12,-1.364,260.81,55.12,-1.364,VISION,0.0,450.0,0,140.0,260.81,189.19,84.88,55.12,20.0,0.0
1779267965.1931036,260.81,55.12,-1.364,260.81,55.12,-1.364,VISION,0.0,450.0,0,140.0,260.81,189.19,84.88,55.12,20.0,0.0
1779267965.2432206,260.79,55.13,-1.369,260.79,55.13,-1.369,VISION,0.0,450.0,0,140.0,260.79,189.21,84.87,55.13,20.0,0.0
1779267965.2930973,260.79,55.13,-1.369,260.79,55.13,-1.369,VISION,0.0,450.0,0,140.0,260.79,189.21,84.87,55.13,20.0,0.0
1779267965.3430164,260.79,55.13,-1.369,260.79,55.13,-1.369,VISION,0.0,450.0,0,140.0,260.79,189.21,84.87,55.13,20.0,0.0
1779267965.3931077,260.79,55.13,-1.369,260.79,55.13,-1.369,VISION,0.0,450.0,0,140.0,260.79,189.21,84.87,55.13,20.0,0.0
1779267965.443046,260.79,55.13,-1.369,260.79,55.13,-1.369,VISION,0.0,450.0,0,140.0,260.79,189.21,84.87,55.13,20.0,0.0
1779267965.4930365,260.79,55.13,-1.369,260.79,55.13,-1.369,VISION,0.0,450.0,0,140.0,260.79,189.21,84.87,55.13,20.0,0.0
1779267965.5430112,260.79,55.13,-1.369,260.79,55.13,-1.369,VISION,0.0,450.0,0,140.0,260.79,189.21,84.87,55.13,20.0,0.0
1779267965.5930247,260.79,55.13,-1.369,260.79,55.13,-1.369,VISION,0.0,450.0,0,140.0,260.79,189.21,84.87,55.13,20.0,0.0
1779267965.6430197,260.79,55.13,-1.369,260.79,55.13,-1.369,VISION,0.0,450.0,0,140.0,260.79,189.21,84.87,55.13,20.0,0.0
1779267965.6930158,260.79,55.13,-1.369,260.79,55.13,-1.369,VISION,0.0,450.0,0,140.0,260.79,189.21,84.87,55.13,20.0,0.0
1779267965.7430007,260.79,55.13,-1.369,260.79,55.13,-1.369,VISION,0.0,450.0,0,140.0,260.79,189.21,84.87,55.13,20.0,0.0
1779267965.7932563,260.79,55.13,-1.369,260.79,55.13,-1.367,ESTIMA,0.0,450.0,0,140.0,260.79,189.21,84.87,55.13,20.0,0.0
1779267965.8431478,260.79,55.13,-1.367,260.79,55.13,-1.367,VISION,0.0,450.0,0,140.0,260.79,189.21,84.87,55.13,20.0,0.0
1779267965.8930616,260.79,55.13,-1.367,260.79,55.13,-1.367,VISION,0.0,450.0,0,140.0,260.79,189.21,84.87,55.13,20.0,0.0
1779267965.9430048,260.79,55.13,-1.367,260.79,55.13,-1.367,VISION,0.0,450.0,0,140.0,260.79,189.21,84.87,55.13,20.0,0.0
1779267965.993022,260.79,55.13,-1.367,260.79,55.13,-1.367,VISION,0.0,450.0,0,140.0,260.79,189.21,84.87,55.13,20.0,0.0
1779267966.043008,260.79,55.13,-1.367,260.79,55.13,-1.367,VISION,0.0,450.0,0,140.0,260.79,189.21,84.87,55.13,20.0,0.0
1779267966.0930145,260.79,55.13,-1.367,260.79,55.13,-1.367,VISION,0.0,450.0,0,140.0,260.79,189.21,84.87,55.13,20.0,0.0
1779267966.1430082,260.79,55.13,-1.367,260.79,55.13,-1.367,VISION,0.0,450.0,0,140.0,260.79,189.21,84.87,55.13,20.0,0.0
1779267966.1930196,260.79,55.13,-1.367,260.79,55.13,-1.367,VISION,0.0,450.0,0,140.0,260.79,189.21,84.87,55.13,20.0,0.0
1779267966.243014,260.79,55.13,-1.367,260.79,55.13,-1.367,VISION,0.0,450.0,0,140.0,260.79,189.21,84.87,55.13,20.0,0.0
1779267966.2930055,260.79,55.13,-1.367,260.79,55.13,-1.367,VISION,0.0,450.0,0,140.0,260.79,189.21,84.87,55.13,20.0,0.0
1779267966.3430398,260.79,55.13,-1.367,260.79,55.13,-1.367,VISION,0.0,450.0,0,140.0,260.79,189.21,84.87,55.13,20.0,0.0
1779267966.3931665,260.8,55.11,-1.369,260.8,55.11,-1.369,VISION,0.0,450.0,0,140.0,260.8,189.2,84.89,55.11,20.0,0.0
1779267966.4430509,260.8,55.11,-1.369,260.8,55.11,-1.369,VISION,0.0,450.0,0,140.0,260.8,189.2,84.89,55.11,20.0,0.0
1779267966.4930391,260.8,55.11,-1.369,260.8,55.11,-1.369,VISION,0.0,450.0,0,140.0,260.8,189.2,84.89,55.11,20.0,0.0
1779267966.5430186,260.8,55.11,-1.369,260.8,55.11,-1.369,VISION,0.0,450.0,0,140.0,260.8,189.2,84.89,55.11,20.0,0.0
1779267966.5930114,260.8,55.11,-1.369,260.8,55.11,-1.369,VISION,0.0,450.0,0,140.0,260.8,189.2,84.89,55.11,20.0,0.0
1779267966.6430101,260.8,55.11,-1.369,260.8,55.11,-1.369,VISION,0.0,450.0,0,140.0,260.8,189.2,84.89,55.11,20.0,0.0
1779267966.6930134,260.8,55.11,-1.369,260.8,55.11,-1.369,VISION,0.0,450.0,0,140.0,260.8,189.2,84.89,55.11,20.0,0.0
1779267966.7430093,260.8,55.11,-1.369,260.8,55.11,-1.369,VISION,0.0,450.0,0,140.0,260.8,189.2,84.89,55.11,20.0,0.0
1779267966.7930398,260.8,55.11,-1.369,260.8,55.11,-1.369,VISION,0.0,450.0,0,140.0,260.8,189.2,84.89,55.11,20.0,0.0
1779267966.8430164,260.8,55.11,-1.369,260.8,55.11,-1.369,VISION,0.0,450.0,0,140.0,260.8,189.2,84.89,55.11,20.0,0.0
1779267966.89301,260.8,55.11,-1.369,260.8,55.11,-1.369,VISION,0.0,450.0,0,140.0,260.8,189.2,84.89,55.11,20.0,0.0
1779267966.9430747,260.8,55.11,-1.369,260.8,55.11,-1.369,ESTIMA,0.0,450.0,0,140.0,260.8,189.2,84.89,55.11,20.0,0.0
1779267966.9931653,260.81,55.13,-1.37,260.81,55.13,-1.37,VISION,0.0,450.0,0,140.0,260.81,189.19,84.87,55.13,20.0,0.0
1779267967.043026,260.81,55.13,-1.37,260.81,55.13,-1.37,VISION,0.0,450.0,0,140.0,260.81,189.19,84.87,55.13,20.0,0.0
1779267967.0930166,260.81,55.13,-1.37,260.81,55.13,-1.37,VISION,0.0,450.0,0,140.0,260.81,189.19,84.87,55.13,20.0,0.0
1779267967.1430173,260.81,55.13,-1.37,260.81,55.13,-1.37,VISION,0.0,450.0,0,140.0,260.81,189.19,84.87,55.13,20.0,0.0
1779267967.1930153,260.81,55.13,-1.37,260.81,55.13,-1.37,VISION,0.0,450.0,0,140.0,260.81,189.19,84.87,55.13,20.0,0.0
1779267967.2430243,260.81,55.13,-1.37,260.81,55.13,-1.37,VISION,0.0,450.0,0,140.0,260.81,189.19,84.87,55.13,20.0,0.0
1779267967.293016,260.81,55.13,-1.37,260.81,55.13,-1.37,VISION,0.0,450.0,0,140.0,260.81,189.19,84.87,55.13,20.0,0.0
1779267967.3430262,260.81,55.13,-1.37,260.81,55.13,-1.37,VISION,0.0,450.0,0,140.0,260.81,189.19,84.87,55.13,20.0,0.0
1779267967.393024,260.81,55.13,-1.37,260.81,55.13,-1.37,VISION,0.0,450.0,0,140.0,260.81,189.19,84.87,55.13,20.0,0.0
1779267967.4430387,260.81,55.13,-1.37,260.81,55.13,-1.37,VISION,0.0,450.0,0,140.0,260.81,189.19,84.87,55.13,20.0,0.0
1779267967.4930139,260.81,55.13,-1.37,260.81,55.13,-1.37,VISION,0.0,450.0,0,140.0,260.81,189.19,84.87,55.13,20.0,0.0
1779267967.5430882,260.81,55.13,-1.37,260.81,55.13,-1.37,ESTIMA,0.0,450.0,0,140.0,260.81,189.19,84.87,55.13,20.0,0.0
1779267967.5931277,260.8,55.13,-1.368,260.8,55.13,-1.368,VISION,0.0,450.0,0,140.0,260.8,189.2,84.87,55.13,20.0,0.0
1779267967.6430404,260.8,55.13,-1.368,260.8,55.13,-1.368,VISION,0.0,450.0,0,140.0,260.8,189.2,84.87,55.13,20.0,0.0
1779267967.6930232,260.8,55.13,-1.368,260.8,55.13,-1.368,VISION,0.0,450.0,0,140.0,260.8,189.2,84.87,55.13,20.0,0.0
1779267967.7430089,260.8,55.13,-1.368,260.8,55.13,-1.368,VISION,0.0,450.0,0,140.0,260.8,189.2,84.87,55.13,20.0,0.0
1779267967.793042,260.8,55.13,-1.368,260.8,55.13,-1.368,VISION,0.0,450.0,0,140.0,260.8,189.2,84.87,55.13,20.0,0.0
1779267967.8430183,260.8,55.13,-1.368,260.8,55.13,-1.368,VISION,0.0,450.0,0,140.0,260.8,189.2,84.87,55.13,20.0,0.0
1779267967.8930178,260.8,55.13,-1.368,260.8,55.13,-1.368,VISION,0.0,450.0,0,140.0,260.8,189.2,84.87,55.13,20.0,0.0
1779267967.943017,260.8,55.13,-1.368,260.8,55.13,-1.368,VISION,0.0,450.0,0,140.0,260.8,189.2,84.87,55.13,20.0,0.0
1779267967.9930513,260.8,55.13,-1.368,260.8,55.13,-1.368,VISION,0.0,450.0,0,140.0,260.8,189.2,84.87,55.13,20.0,0.0
1779267968.0430202,260.8,55.13,-1.368,260.8,55.13,-1.368,VISION,0.0,450.0,0,140.0,260.8,189.2,84.87,55.13,20.0,0.0
1779267968.0930173,260.8,55.13,-1.368,260.8,55.13,-1.368,VISION,0.0,450.0,0,140.0,260.8,189.2,84.87,55.13,20.0,0.0
1779267968.1432548,260.8,55.13,-1.366,260.8,55.13,-1.366,VISION,0.0,450.0,0,140.0,260.8,189.2,84.87,55.13,20.0,0.0
1779267968.193106,260.8,55.13,-1.366,260.8,55.13,-1.366,VISION,0.0,450.0,0,140.0,260.8,189.2,84.87,55.13,20.0,0.0
1779267968.2430801,260.8,55.13,-1.366,260.8,55.13,-1.366,VISION,0.0,450.0,0,140.0,260.8,189.2,84.87,55.13,20.0,0.0
1779267968.2930748,260.8,55.13,-1.366,260.8,55.13,-1.366,VISION,0.0,450.0,0,140.0,260.8,189.2,84.87,55.13,20.0,0.0
1779267968.3430786,260.8,55.13,-1.366,260.8,55.13,-1.366,VISION,0.0,450.0,0,140.0,260.8,189.2,84.87,55.13,20.0,0.0
1779267968.3930945,260.8,55.13,-1.366,260.8,55.13,-1.366,VISION,0.0,450.0,0,140.0,260.8,189.2,84.87,55.13,20.0,0.0
1779267968.4431024,260.8,55.13,-1.366,260.8,55.13,-1.366,VISION,0.0,450.0,0,140.0,260.8,189.2,84.87,55.13,20.0,0.0
1779267968.4930935,260.8,55.13,-1.366,260.8,55.13,-1.366,VISION,0.0,450.0,0,140.0,260.8,189.2,84.87,55.13,20.0,0.0
1779267968.543082,260.8,55.13,-1.366,260.8,55.13,-1.366,VISION,0.0,450.0,0,140.0,260.8,189.2,84.87,55.13,20.0,0.0
1779267968.5930789,260.8,55.13,-1.366,260.8,55.13,-1.366,VISION,0.0,450.0,0,140.0,260.8,189.2,84.87,55.13,20.0,0.0
1779267968.6431036,260.8,55.13,-1.366,260.8,55.13,-1.366,VISION,0.0,450.0,0,140.0,260.8,189.2,84.87,55.13,20.0,0.0
1779267968.693163,260.8,55.13,-1.366,260.8,55.13,-1.366,ESTIMA,0.0,450.0,0,140.0,260.8,189.2,84.87,55.13,20.0,0.0
1779267968.7433014,260.8,55.13,-1.368,260.8,55.13,-1.368,VISION,0.0,450.0,0,140.0,260.8,189.2,84.87,55.13,20.0,0.0
1779267968.7931623,260.8,55.13,-1.368,260.8,55.13,-1.368,VISION,0.0,450.0,0,140.0,260.8,189.2,84.87,55.13,20.0,0.0
1779267968.8430862,260.8,55.13,-1.368,260.8,55.13,-1.368,VISION,0.0,450.0,0,140.0,260.8,189.2,84.87,55.13,20.0,0.0
1779267968.8930855,260.8,55.13,-1.368,260.8,55.13,-1.368,VISION,0.0,450.0,0,140.0,260.8,189.2,84.87,55.13,20.0,0.0
1779267968.9430807,260.8,55.13,-1.368,260.8,55.13,-1.368,VISION,0.0,450.0,0,140.0,260.8,189.2,84.87,55.13,20.0,0.0
1779267968.9930897,260.8,55.13,-1.368,260.8,55.13,-1.368,VISION,0.0,450.0,0,140.0,260.8,189.2,84.87,55.13,20.0,0.0
1779267969.0430832,260.8,55.13,-1.368,260.8,55.13,-1.368,VISION,0.0,450.0,0,140.0,260.8,189.2,84.87,55.13,20.0,0.0
1779267969.0930934,260.8,55.13,-1.368,260.8,55.13,-1.368,VISION,0.0,450.0,0,140.0,260.8,189.2,84.87,55.13,20.0,0.0
1779267969.1430767,260.8,55.13,-1.368,260.8,55.13,-1.368,VISION,0.0,450.0,0,140.0,260.8,189.2,84.87,55.13,20.0,0.0
1779267969.1930773,260.8,55.13,-1.368,260.8,55.13,-1.368,VISION,0.0,450.0,0,140.0,260.8,189.2,84.87,55.13,20.0,0.0
1779267969.2430782,260.8,55.13,-1.368,260.8,55.13,-1.368,VISION,0.0,450.0,0,140.0,260.8,189.2,84.87,55.13,20.0,0.0
1779267969.2931843,260.8,55.13,-1.368,260.8,55.13,-1.368,ESTIMA,0.0,450.0,0,140.0,260.8,189.2,84.87,55.13,20.0,0.0
1779267969.3432622,260.8,55.11,-1.367,260.8,55.11,-1.367,VISION,0.0,450.0,0,140.0,260.8,189.2,84.89,55.11,20.0,0.0
1779267969.3930893,260.8,55.11,-1.367,260.8,55.11,-1.367,VISION,0.0,450.0,0,140.0,260.8,189.2,84.89,55.11,20.0,0.0
1779267969.4431422,260.8,55.11,-1.367,260.8,55.11,-1.367,VISION,0.0,450.0,0,140.0,260.8,189.2,84.89,55.11,20.0,0.0
1779267969.4930806,260.8,55.11,-1.367,260.8,55.11,-1.367,VISION,0.0,450.0,0,140.0,260.8,189.2,84.89,55.11,20.0,0.0
1779267969.5430954,260.8,55.11,-1.367,260.8,55.11,-1.367,VISION,0.0,450.0,0,140.0,260.8,189.2,84.89,55.11,20.0,0.0
1779267969.593075,260.8,55.11,-1.367,260.8,55.11,-1.367,VISION,0.0,450.0,0,140.0,260.8,189.2,84.89,55.11,20.0,0.0
1779267969.64309,260.8,55.11,-1.367,260.8,55.11,-1.367,VISION,0.0,450.0,0,140.0,260.8,189.2,84.89,55.11,20.0,0.0
1779267969.693091,260.8,55.11,-1.367,260.8,55.11,-1.367,VISION,0.0,450.0,0,140.0,260.8,189.2,84.89,55.11,20.0,0.0
1779267969.7430775,260.8,55.11,-1.367,260.8,55.11,-1.367,VISION,0.0,450.0,0,140.0,260.8,189.2,84.89,55.11,20.0,0.0
1779267969.7930834,260.8,55.11,-1.367,260.8,55.11,-1.367,VISION,0.0,450.0,0,140.0,260.8,189.2,84.89,55.11,20.0,0.0
1779267969.8430855,260.8,55.11,-1.367,260.8,55.11,-1.367,VISION,0.0,450.0,0,140.0,260.8,189.2,84.89,55.11,20.0,0.0
1779267969.8933434,260.8,55.12,-1.369,260.8,55.12,-1.369,ESTIMA,0.0,450.0,0,140.0,260.8,189.2,84.88,55.12,20.0,0.0
1779267969.9431357,260.8,55.12,-1.369,260.8,55.12,-1.369,VISION,0.0,450.0,0,140.0,260.8,189.2,84.88,55.12,20.0,0.0
1779267969.9931076,260.8,55.12,-1.369,260.8,55.12,-1.369,VISION,0.0,450.0,0,140.0,260.8,189.2,84.88,55.12,20.0,0.0
1779267970.043104,260.8,55.12,-1.369,260.8,55.12,-1.369,VISION,0.0,450.0,0,140.0,260.8,189.2,84.88,55.12,20.0,0.0
1779267970.0931005,260.8,55.12,-1.369,260.8,55.12,-1.369,VISION,0.0,450.0,0,140.0,260.8,189.2,84.88,55.12,20.0,0.0
1779267970.1430922,260.8,55.12,-1.369,260.8,55.12,-1.369,VISION,0.0,450.0,0,140.0,260.8,189.2,84.88,55.12,20.0,0.0
1779267970.1930876,260.8,55.12,-1.369,260.8,55.12,-1.369,VISION,0.0,450.0,0,140.0,260.8,189.2,84.88,55.12,20.0,0.0
1779267970.2430806,260.8,55.12,-1.369,260.8,55.12,-1.369,VISION,0.0,450.0,0,140.0,260.8,189.2,84.88,55.12,20.0,0.0
1779267970.293118,260.8,55.12,-1.369,260.8,55.12,-1.369,VISION,0.0,450.0,0,140.0,260.8,189.2,84.88,55.12,20.0,0.0
1779267970.3430986,260.8,55.12,-1.369,260.8,55.12,-1.369,VISION,0.0,450.0,0,140.0,260.8,189.2,84.88,55.12,20.0,0.0
1779267970.393089,260.8,55.12,-1.369,260.8,55.12,-1.369,VISION,0.0,450.0,0,140.0,260.8,189.2,84.88,55.12,20.0,0.0
1779267970.4431672,260.8,55.12,-1.369,260.8,55.12,-1.369,ESTIMA,0.0,450.0,0,140.0,260.8,189.2,84.88,55.12,20.0,0.0
1779267970.493279,260.8,55.13,-1.37,260.8,55.13,-1.37,VISION,0.0,450.0,0,140.0,260.8,189.2,84.87,55.13,20.0,0.0
1779267970.543158,260.8,55.13,-1.37,260.8,55.13,-1.37,VISION,0.0,450.0,0,140.0,260.8,189.2,84.87,55.13,20.0,0.0
1779267970.59309,260.8,55.13,-1.37,260.8,55.13,-1.37,VISION,0.0,450.0,0,140.0,260.8,189.2,84.87,55.13,20.0,0.0
1779267970.643098,260.8,55.13,-1.37,260.8,55.13,-1.37,VISION,0.0,450.0,0,140.0,260.8,189.2,84.87,55.13,20.0,0.0
1779267970.6930852,260.8,55.13,-1.37,260.8,55.13,-1.37,VISION,0.0,450.0,0,140.0,260.8,189.2,84.87,55.13,20.0,0.0
1779267970.7430816,260.8,55.13,-1.37,260.8,55.13,-1.37,VISION,0.0,450.0,0,140.0,260.8,189.2,84.87,55.13,20.0,0.0
1779267970.7930868,260.8,55.13,-1.37,260.8,55.13,-1.37,VISION,0.0,450.0,0,140.0,260.8,189.2,84.87,55.13,20.0,0.0
1779267970.843096,260.8,55.13,-1.37,260.8,55.13,-1.37,VISION,0.0,450.0,0,140.0,260.8,189.2,84.87,55.13,20.0,0.0
1779267970.893092,260.8,55.13,-1.37,260.8,55.13,-1.37,VISION,0.0,450.0,0,140.0,260.8,189.2,84.87,55.13,20.0,0.0
1779267970.9430816,260.8,55.13,-1.37,260.8,55.13,-1.37,VISION,0.0,450.0,0,140.0,260.8,189.2,84.87,55.13,20.0,0.0
1779267970.993085,260.8,55.13,-1.37,260.8,55.13,-1.37,VISION,0.0,450.0,0,140.0,260.8,189.2,84.87,55.13,20.0,0.0
1779267971.0431547,260.8,55.13,-1.37,260.8,55.13,-1.37,ESTIMA,0.0,450.0,0,140.0,260.8,189.2,84.87,55.13,20.0,0.0
1779267971.0932167,260.8,55.13,-1.368,260.8,55.13,-1.368,ESTIMA,0.0,450.0,0,140.0,260.8,189.2,84.87,55.13,20.0,0.0
1779267971.1431088,260.8,55.13,-1.368,260.8,55.13,-1.368,VISION,0.0,450.0,0,140.0,260.8,189.2,84.87,55.13,20.0,0.0
1779267971.1930943,260.8,55.13,-1.368,260.8,55.13,-1.368,VISION,0.0,450.0,0,140.0,260.8,189.2,84.87,55.13,20.0,0.0
1779267971.243094,260.8,55.13,-1.368,260.8,55.13,-1.368,VISION,0.0,450.0,0,140.0,260.8,189.2,84.87,55.13,20.0,0.0
1779267971.29313,260.8,55.13,-1.368,260.8,55.13,-1.368,VISION,0.0,450.0,0,140.0,260.8,189.2,84.87,55.13,20.0,0.0
1779267971.343101,260.8,55.13,-1.368,260.8,55.13,-1.368,VISION,0.0,450.0,0,140.0,260.8,189.2,84.87,55.13,20.0,0.0
1779267971.3931336,260.8,55.13,-1.368,260.8,55.13,-1.368,VISION,0.0,450.0,0,140.0,260.8,189.2,84.87,55.13,20.0,0.0
1779267971.4431324,260.8,55.13,-1.368,260.8,55.13,-1.368,VISION,0.0,450.0,0,140.0,260.8,189.2,84.87,55.13,20.0,0.0
1779267971.4931095,260.8,55.13,-1.368,260.8,55.13,-1.368,VISION,0.0,450.0,0,140.0,260.8,189.2,84.87,55.13,20.0,0.0
1779267971.5430841,260.8,55.13,-1.368,260.8,55.13,-1.368,VISION,0.0,450.0,0,140.0,260.8,189.2,84.87,55.13,20.0,0.0
1779267971.59309,260.8,55.13,-1.368,260.8,55.13,-1.368,VISION,0.0,450.0,0,140.0,260.8,189.2,84.87,55.13,20.0,0.0
1779267971.6432822,260.8,55.13,-1.368,260.8,55.13,-1.368,ESTIMA,0.0,450.0,0,140.0,260.8,189.2,84.87,55.13,20.0,0.0
1779267971.6931796,260.79,55.13,-1.368,260.79,55.13,-1.368,VISION,0.0,450.0,0,140.0,260.79,189.21,84.87,55.13,20.0,0.0
1779267971.7431138,260.79,55.13,-1.368,260.79,55.13,-1.368,VISION,0.0,450.0,0,140.0,260.79,189.21,84.87,55.13,20.0,0.0
1779267971.7930884,260.79,55.13,-1.368,260.79,55.13,-1.368,VISION,0.0,450.0,0,140.0,260.79,189.21,84.87,55.13,20.0,0.0
1779267971.8430984,260.79,55.13,-1.368,260.79,55.13,-1.368,VISION,0.0,450.0,0,140.0,260.79,189.21,84.87,55.13,20.0,0.0
1779267971.8930929,260.79,55.13,-1.368,260.79,55.13,-1.368,VISION,0.0,450.0,0,140.0,260.79,189.21,84.87,55.13,20.0,0.0
1779267971.943093,260.79,55.13,-1.368,260.79,55.13,-1.368,VISION,0.0,450.0,0,140.0,260.79,189.21,84.87,55.13,20.0,0.0
1779267971.9930925,260.79,55.13,-1.368,260.79,55.13,-1.368,VISION,0.0,450.0,0,140.0,260.79,189.21,84.87,55.13,20.0,0.0
1779267972.0431008,260.79,55.13,-1.368,260.79,55.13,-1.368,VISION,0.0,450.0,0,140.0,260.79,189.21,84.87,55.13,20.0,0.0
1779267972.0930886,260.79,55.13,-1.368,260.79,55.13,-1.368,VISION,0.0,450.0,0,140.0,260.79,189.21,84.87,55.13,20.0,0.0
1779267972.1430933,260.79,55.13,-1.368,260.79,55.13,-1.368,VISION,0.0,450.0,0,140.0,260.79,189.21,84.87,55.13,20.0,0.0
1779267972.1930923,260.79,55.13,-1.368,260.79,55.13,-1.368,VISION,0.0,450.0,0,140.0,260.79,189.21,84.87,55.13,20.0,0.0
1779267972.2433412,260.81,55.1,-1.37,260.81,55.1,-1.37,ESTIMA,0.0,450.0,0,140.0,260.81,189.19,84.9,55.1,20.0,0.0
1779267972.2931116,260.81,55.1,-1.37,260.81,55.1,-1.37,VISION,0.0,450.0,0,140.0,260.81,189.19,84.9,55.1,20.0,0.0
1779267972.3432338,260.81,55.1,-1.37,260.81,55.1,-1.37,VISION,0.0,450.0,0,140.0,260.81,189.19,84.9,55.1,20.0,0.0
1779267972.393122,260.81,55.1,-1.37,260.81,55.1,-1.37,VISION,0.0,450.0,0,140.0,260.81,189.19,84.9,55.1,20.0,0.0
