2026-06-02 14:45:05.432 - [robot_6_log_20260602_144504.csv] - INFO - Agent Bouncer Robot is listening
2026-06-02 14:45:05.432 - [robot_6_log_20260602_144504.csv] - INFO - Suscrito a topic b'6/pos'
2026-06-02 14:45:05.432 - [robot_6_log_20260602_144504.csv] - INFO - Suscrito a topic b'arena/boundaries'
2026-06-02 14:45:05.432 - [robot_6_log_20260602_144504.csv] - INFO - Suscrito a topic b'agent/6/feedback'
2026-06-02 14:45:05.432 - [robot_6_log_20260602_144504.csv] - INFO - Suscrito a topic b'agent/6/wheel'
2026-06-02 14:45:05.431 - [robot_6_log_20260602_144504.csv] - WARNING - Esperando posición inicial... Aún no se han recibido datos de visión.
2026-06-02 14:45:05.442 - [robot_6_log_20260602_144504.csv] - DEBUG - Incoming data. Topic agent/6/wheel, mensaje {"Wleft":-1.440514374e-15,"Wright":-6.111777751e-15}
2026-06-02 14:45:05.481 - [robot_6_log_20260602_144504.csv] - WARNING - Esperando posición inicial... Aún no se han recibido datos de visión.
2026-06-02 14:45:05.493 - [robot_6_log_20260602_144504.csv] - INFO - Agent Bouncer Robot en marcha
2026-06-02 14:45:05.498 - [robot_6_log_20260602_144504.csv] - INFO - Agente Bouncer Robot y despachador en marcha.
2026-06-02 14:45:05.498 - [robot_6_log_20260602_144504.csv] - DEBUG - Incoming data. Topic 6/pos, mensaje {"x": 124.45, "y": 65.41, "yaw": 0.849, "timestamp": 1780404305.4857616}
2026-06-02 14:45:05.524 - [robot_6_log_20260602_144504.csv] - DEBUG - Despachado a ZMQ -> agent/6/move: {'v': 0.0, 'w': 0.0}
2026-06-02 14:45:05.524 - [robot_6_log_20260602_144504.csv] - DEBUG - Posición actualizada por visión: x=124.45, y=65.41, θ=0.85
2026-06-02 14:45:05.532 - [robot_6_log_20260602_144504.csv] - DEBUG - Frecuencia: 0.00 Hz | Latencia Red/Proc: 46.39 ms
2026-06-02 14:45:05.531 - [robot_6_log_20260602_144504.csv] - INFO - Usando posición ESTIMA: x=124.45, y=65.41, θ=0.85
2026-06-02 14:45:05.532 - [robot_6_log_20260602_144504.csv] - INFO - Distancias a paredes: Left: 124.45, Right: 325.55, Top: 74.59, Bottom: 65.41
2026-06-02 14:45:05.532 - [robot_6_log_20260602_144504.csv] - INFO - Posicion: 124.45, 65.41, 0.849 | Velocidad: -0.7506200464642336, 0.6607340961733636
2026-06-02 14:45:05.532 - [robot_6_log_20260602_144504.csv] - INFO - None
2026-06-02 14:45:05.532 - [robot_6_log_20260602_144504.csv] - DEBUG - Incoming data. Topic 6/pos, mensaje {"x": 124.45, "y": 65.41, "yaw": 0.849, "timestamp": 1780404305.4857616}
2026-06-02 14:45:05.532 - [robot_6_log_20260602_144504.csv] - WARNING - Estado FSM: AVANZA | Target Wall: None | Target Theta: 0.00° |theta: 48.64411680660689 
2026-06-02 14:45:05.532 - [robot_6_log_20260602_144504.csv] - DEBUG - Posición actualizada por visión: x=124.45, y=65.41, θ=0.85
2026-06-02 14:45:05.548 - [robot_6_log_20260602_144504.csv] - DEBUG - Despachado a ZMQ -> agent/6/move: {'v': 0.0, 'w': 0.0}
2026-06-02 14:45:05.548 - [robot_6_log_20260602_144504.csv] - DEBUG - Frecuencia: 62.47 Hz | Latencia Red/Proc: 62.40 ms
2026-06-02 14:45:05.582 - [robot_6_log_20260602_144504.csv] - DEBUG - Incoming data. Topic 6/pos, mensaje {"x": 124.45, "y": 65.41, "yaw": 0.849, "timestamp": 1780404305.4950879}
2026-06-02 14:45:05.582 - [robot_6_log_20260602_144504.csv] - DEBUG - Posición actualizada por visión: x=124.45, y=65.41, θ=0.85
2026-06-02 14:45:05.581 - [robot_6_log_20260602_144504.csv] - INFO - Usando posición VISION: x=124.45, y=65.41, θ=0.85
2026-06-02 14:45:05.582 - [robot_6_log_20260602_144504.csv] - DEBUG - Frecuencia: 29.48 Hz | Latencia Red/Proc: 87.00 ms
2026-06-02 14:45:05.582 - [robot_6_log_20260602_144504.csv] - DEBUG - Incoming data. Topic 6/pos, mensaje {"x": 124.45, "y": 65.41, "yaw": 0.849, "timestamp": 1780404305.4950879}
2026-06-02 14:45:05.582 - [robot_6_log_20260602_144504.csv] - DEBUG - Posición actualizada por visión: x=124.45, y=65.41, θ=0.85
2026-06-02 14:45:05.582 - [robot_6_log_20260602_144504.csv] - DEBUG - Frecuencia: 9039.45 Hz | Latencia Red/Proc: 87.11 ms
2026-06-02 14:45:05.582 - [robot_6_log_20260602_144504.csv] - DEBUG - Incoming data. Topic agent/6/wheel, mensaje {"Wleft":-1.440514374e-15,"Wright":-6.111777751e-15}
2026-06-02 14:45:05.582 - [robot_6_log_20260602_144504.csv] - DEBUG - Incoming data. Topic agent/6/wheel, mensaje {"Wleft":-1.440514374e-15,"Wright":-6.111777751e-15}
2026-06-02 14:45:05.582 - [robot_6_log_20260602_144504.csv] - INFO - Distancias a paredes: Left: 124.45, Right: 325.55, Top: 74.59, Bottom: 65.41
2026-06-02 14:45:05.582 - [robot_6_log_20260602_144504.csv] - INFO - Posicion: 124.45, 65.41, 0.849 | Velocidad: -0.7506200464642336, 0.6607340961733636
2026-06-02 14:45:05.569 - [robot_6_log_20260602_144504.csv] - DEBUG - Despachado a ZMQ -> agent/6/move: {'v': 20.0, 'w': 0.0}
2026-06-02 14:45:05.582 - [robot_6_log_20260602_144504.csv] - INFO - None
2026-06-02 14:45:05.582 - [robot_6_log_20260602_144504.csv] - WARNING - Estado FSM: AVANZA | Target Wall: None | Target Theta: 0.00° |theta: 48.64411680660689 
2026-06-02 14:45:05.588 - [robot_6_log_20260602_144504.csv] - DEBUG - Incoming data. Topic 6/pos, mensaje {"x": 124.45, "y": 65.42, "yaw": 0.848, "timestamp": 1780404305.5835083}
2026-06-02 14:45:05.588 - [robot_6_log_20260602_144504.csv] - DEBUG - Posición actualizada por visión: x=124.45, y=65.42, θ=0.85
2026-06-02 14:45:05.588 - [robot_6_log_20260602_144504.csv] - DEBUG - Frecuencia: 150.64 Hz | Latencia Red/Proc: 5.32 ms
2026-06-02 14:45:05.588 - [robot_6_log_20260602_144504.csv] - DEBUG - Incoming data. Topic 6/pos, mensaje {"x": 124.45, "y": 65.42, "yaw": 0.848, "timestamp": 1780404305.5835083}
2026-06-02 14:45:05.588 - [robot_6_log_20260602_144504.csv] - DEBUG - Posición actualizada por visión: x=124.45, y=65.42, θ=0.85
2026-06-02 14:45:05.588 - [robot_6_log_20260602_144504.csv] - DEBUG - Frecuencia: 9619.96 Hz | Latencia Red/Proc: 5.43 ms
2026-06-02 14:45:05.601 - [robot_6_log_20260602_144504.csv] - DEBUG - Incoming data. Topic 6/pos, mensaje {"x": 124.45, "y": 65.42, "yaw": 0.848, "timestamp": 1780404305.5963812}
2026-06-02 14:45:05.607 - [robot_6_log_20260602_144504.csv] - DEBUG - Posición actualizada por visión: x=124.45, y=65.42, θ=0.85
2026-06-02 14:45:05.612 - [robot_6_log_20260602_144504.csv] - DEBUG - Frecuencia: 43.02 Hz | Latencia Red/Proc: 15.80 ms
2026-06-02 14:45:05.617 - [robot_6_log_20260602_144504.csv] - DEBUG - Incoming data. Topic 6/pos, mensaje {"x": 124.45, "y": 65.42, "yaw": 0.848, "timestamp": 1780404305.5963812}
2026-06-02 14:45:05.617 - [robot_6_log_20260602_144504.csv] - DEBUG - Posición actualizada por visión: x=124.45, y=65.42, θ=0.85
2026-06-02 14:45:05.617 - [robot_6_log_20260602_144504.csv] - DEBUG - Frecuencia: 191.16 Hz | Latencia Red/Proc: 21.03 ms
2026-06-02 14:45:05.622 - [robot_6_log_20260602_144504.csv] - DEBUG - Despachado a ZMQ -> agent/6/move: {'v': 20.0, 'w': 0.0}
2026-06-02 14:45:05.631 - [robot_6_log_20260602_144504.csv] - INFO - Usando posición VISION: x=124.45, y=65.42, θ=0.85
2026-06-02 14:45:05.631 - [robot_6_log_20260602_144504.csv] - INFO - Distancias a paredes: Left: 124.45, Right: 325.55, Top: 74.58, Bottom: 65.42
2026-06-02 14:45:05.631 - [robot_6_log_20260602_144504.csv] - INFO - Posicion: 124.45, 65.42, 0.848 | Velocidad: -0.7499589371681906, 0.661484385727704
2026-06-02 14:45:05.632 - [robot_6_log_20260602_144504.csv] - INFO - None
2026-06-02 14:45:05.632 - [robot_6_log_20260602_144504.csv] - WARNING - Estado FSM: AVANZA | Target Wall: None | Target Theta: 0.00° |theta: 48.586821027093805 
2026-06-02 14:45:05.652 - [robot_6_log_20260602_144504.csv] - DEBUG - Despachado a ZMQ -> agent/6/move: {'v': 20.0, 'w': 0.0}
2026-06-02 14:45:05.676 - [robot_6_log_20260602_144504.csv] - DEBUG - Incoming data. Topic agent/6/wheel, mensaje {"Wleft":4.022502956,"Wright":1.323703556}
2026-06-02 14:45:05.681 - [robot_6_log_20260602_144504.csv] - INFO - Usando posición VISION: x=124.45, y=65.42, θ=0.85
2026-06-02 14:45:05.681 - [robot_6_log_20260602_144504.csv] - INFO - Distancias a paredes: Left: 124.45, Right: 325.55, Top: 74.58, Bottom: 65.42
2026-06-02 14:45:05.681 - [robot_6_log_20260602_144504.csv] - INFO - Posicion: 124.45, 65.42, 0.848 | Velocidad: -0.7499589371681906, 0.661484385727704
2026-06-02 14:45:05.681 - [robot_6_log_20260602_144504.csv] - INFO - None
2026-06-02 14:45:05.682 - [robot_6_log_20260602_144504.csv] - WARNING - Estado FSM: AVANZA | Target Wall: None | Target Theta: 0.00° |theta: 48.586821027093805 
2026-06-02 14:45:05.687 - [robot_6_log_20260602_144504.csv] - DEBUG - Incoming data. Topic 6/pos, mensaje {"x": 124.44, "y": 65.4, "yaw": 0.852, "timestamp": 1780404305.6845503}
2026-06-02 14:45:05.692 - [robot_6_log_20260602_144504.csv] - DEBUG - Posición actualizada por visión: x=124.44, y=65.40, θ=0.85
2026-06-02 14:45:05.698 - [robot_6_log_20260602_144504.csv] - DEBUG - Frecuencia: 12.40 Hz | Latencia Red/Proc: 13.53 ms
2026-06-02 14:45:05.698 - [robot_6_log_20260602_144504.csv] - DEBUG - Despachado a ZMQ -> agent/6/move: {'v': 20.0, 'w': 0.0}
2026-06-02 14:45:05.703 - [robot_6_log_20260602_144504.csv] - DEBUG - Incoming data. Topic 6/pos, mensaje {"x": 124.44, "y": 65.4, "yaw": 0.852, "timestamp": 1780404305.6845503}
2026-06-02 14:45:05.724 - [robot_6_log_20260602_144504.csv] - DEBUG - Posición actualizada por visión: x=124.44, y=65.40, θ=0.85
2026-06-02 14:45:05.724 - [robot_6_log_20260602_144504.csv] - DEBUG - Frecuencia: 37.58 Hz | Latencia Red/Proc: 40.14 ms
2026-06-02 14:45:05.729 - [robot_6_log_20260602_144504.csv] - DEBUG - Incoming data. Topic 6/pos, mensaje {"x": 124.44, "y": 65.4, "yaw": 0.852, "timestamp": 1780404305.694535}
2026-06-02 14:45:05.730 - [robot_6_log_20260602_144504.csv] - DEBUG - Posición actualizada por visión: x=124.44, y=65.40, θ=0.85
2026-06-02 14:45:05.731 - [robot_6_log_20260602_144504.csv] - INFO - Usando posición VISION: x=124.44, y=65.40, θ=0.85
2026-06-02 14:45:05.731 - [robot_6_log_20260602_144504.csv] - DEBUG - Frecuencia: 137.88 Hz | Latencia Red/Proc: 37.41 ms
2026-06-02 14:45:05.732 - [robot_6_log_20260602_144504.csv] - INFO - Distancias a paredes: Left: 124.44, Right: 325.56, Top: 74.60, Bottom: 65.40
2026-06-02 14:45:05.732 - [robot_6_log_20260602_144504.csv] - INFO - Posicion: 124.44, 65.4, 0.852 | Velocidad: -0.7525988679917759, 0.6584792661105568
2026-06-02 14:45:05.732 - [robot_6_log_20260602_144504.csv] - INFO - None
2026-06-02 14:45:05.732 - [robot_6_log_20260602_144504.csv] - WARNING - Estado FSM: AVANZA | Target Wall: None | Target Theta: 0.00° |theta: 48.81600414514614 
2026-06-02 14:45:05.738 - [robot_6_log_20260602_144504.csv] - DEBUG - Incoming data. Topic 6/pos, mensaje {"x": 124.44, "y": 65.4, "yaw": 0.852, "timestamp": 1780404305.694535}
2026-06-02 14:45:05.743 - [robot_6_log_20260602_144504.csv] - DEBUG - Posición actualizada por visión: x=124.44, y=65.40, θ=0.85
2026-06-02 14:45:05.748 - [robot_6_log_20260602_144504.csv] - DEBUG - Frecuencia: 59.72 Hz | Latencia Red/Proc: 54.15 ms
2026-06-02 14:45:05.754 - [robot_6_log_20260602_144504.csv] - DEBUG - Despachado a ZMQ -> agent/6/move: {'v': 20.0, 'w': 0.0}
2026-06-02 14:45:05.781 - [robot_6_log_20260602_144504.csv] - INFO - Usando posición VISION: x=124.44, y=65.40, θ=0.85
2026-06-02 14:45:05.782 - [robot_6_log_20260602_144504.csv] - INFO - Distancias a paredes: Left: 124.44, Right: 325.56, Top: 74.60, Bottom: 65.40
2026-06-02 14:45:05.782 - [robot_6_log_20260602_144504.csv] - INFO - Posicion: 124.44, 65.4, 0.852 | Velocidad: -0.7525988679917759, 0.6584792661105568
2026-06-02 14:45:05.782 - [robot_6_log_20260602_144504.csv] - INFO - None
2026-06-02 14:45:05.782 - [robot_6_log_20260602_144504.csv] - WARNING - Estado FSM: AVANZA | Target Wall: None | Target Theta: 0.00° |theta: 48.81600414514614 
2026-06-02 14:45:05.788 - [robot_6_log_20260602_144504.csv] - DEBUG - Incoming data. Topic 6/pos, mensaje {"x": 124.44, "y": 65.39, "yaw": 0.85, "timestamp": 1780404305.7849948}
2026-06-02 14:45:05.793 - [robot_6_log_20260602_144504.csv] - DEBUG - Posición actualizada por visión: x=124.44, y=65.39, θ=0.85
2026-06-02 14:45:05.798 - [robot_6_log_20260602_144504.csv] - DEBUG - Despachado a ZMQ -> agent/6/move: {'v': 20.0, 'w': 0.0}
2026-06-02 14:45:05.798 - [robot_6_log_20260602_144504.csv] - DEBUG - Frecuencia: 20.06 Hz | Latencia Red/Proc: 13.54 ms
2026-06-02 14:45:05.824 - [robot_6_log_20260602_144504.csv] - DEBUG - Incoming data. Topic agent/6/wheel, mensaje {"Wleft":2.046492625,"Wright":3.571403218}
2026-06-02 14:45:05.824 - [robot_6_log_20260602_144504.csv] - DEBUG - Incoming data. Topic 6/pos, mensaje {"x": 124.44, "y": 65.39, "yaw": 0.85, "timestamp": 1780404305.7849948}
2026-06-02 14:45:05.829 - [robot_6_log_20260602_144504.csv] - DEBUG - Posición actualizada por visión: x=124.44, y=65.39, θ=0.85
2026-06-02 14:45:05.829 - [robot_6_log_20260602_144504.csv] - DEBUG - Frecuencia: 31.87 Hz | Latencia Red/Proc: 44.92 ms
2026-06-02 14:45:05.829 - [robot_6_log_20260602_144504.csv] - DEBUG - Incoming data. Topic 6/pos, mensaje {"x": 124.44, "y": 65.39, "yaw": 0.85, "timestamp": 1780404305.7964294}
2026-06-02 14:45:05.829 - [robot_6_log_20260602_144504.csv] - DEBUG - Posición actualizada por visión: x=124.44, y=65.39, θ=0.85
2026-06-02 14:45:05.829 - [robot_6_log_20260602_144504.csv] - DEBUG - Frecuencia: 18978.75 Hz | Latencia Red/Proc: 33.54 ms
2026-06-02 14:45:05.831 - [robot_6_log_20260602_144504.csv] - INFO - Usando posición VISION: x=124.44, y=65.39, θ=0.85
2026-06-02 14:45:05.831 - [robot_6_log_20260602_144504.csv] - INFO - Distancias a paredes: Left: 124.44, Right: 325.56, Top: 74.61, Bottom: 65.39
2026-06-02 14:45:05.831 - [robot_6_log_20260602_144504.csv] - INFO - Posicion: 124.44, 65.39, 0.85 | Velocidad: -0.7512804051402927, 0.6599831458849822
2026-06-02 14:45:05.832 - [robot_6_log_20260602_144504.csv] - INFO - None
2026-06-02 14:45:05.832 - [robot_6_log_20260602_144504.csv] - DEBUG - Despachado a ZMQ -> agent/6/move: {'v': 20.0, 'w': 0.0}
2026-06-02 14:45:05.832 - [robot_6_log_20260602_144504.csv] - WARNING - Estado FSM: AVANZA | Target Wall: None | Target Theta: 0.00° |theta: 48.70141258611997 
2026-06-02 14:45:05.843 - [robot_6_log_20260602_144504.csv] - DEBUG - Incoming data. Topic 6/pos, mensaje {"x": 124.44, "y": 65.39, "yaw": 0.85, "timestamp": 1780404305.7964294}
2026-06-02 14:45:05.848 - [robot_6_log_20260602_144504.csv] - DEBUG - Posición actualizada por visión: x=124.44, y=65.39, θ=0.85
2026-06-02 14:45:05.853 - [robot_6_log_20260602_144504.csv] - DEBUG - Frecuencia: 42.69 Hz | Latencia Red/Proc: 56.96 ms
2026-06-02 14:45:05.881 - [robot_6_log_20260602_144504.csv] - INFO - Usando posición VISION: x=124.44, y=65.39, θ=0.85
2026-06-02 14:45:05.882 - [robot_6_log_20260602_144504.csv] - INFO - Distancias a paredes: Left: 124.44, Right: 325.56, Top: 74.61, Bottom: 65.39
2026-06-02 14:45:05.882 - [robot_6_log_20260602_144504.csv] - INFO - Posicion: 124.44, 65.39, 0.85 | Velocidad: -0.7512804051402927, 0.6599831458849822
2026-06-02 14:45:05.882 - [robot_6_log_20260602_144504.csv] - INFO - None
2026-06-02 14:45:05.882 - [robot_6_log_20260602_144504.csv] - WARNING - Estado FSM: AVANZA | Target Wall: None | Target Theta: 0.00° |theta: 48.70141258611997 
2026-06-02 14:45:05.887 - [robot_6_log_20260602_144504.csv] - DEBUG - Incoming data. Topic 6/pos, mensaje {"x": 123.99, "y": 65.88, "yaw": 0.844, "timestamp": 1780404305.8819184}
2026-06-02 14:45:05.892 - [robot_6_log_20260602_144504.csv] - DEBUG - Posición actualizada por visión: x=123.99, y=65.88, θ=0.84
2026-06-02 14:45:05.892 - [robot_6_log_20260602_144504.csv] - DEBUG - Frecuencia: 25.35 Hz | Latencia Red/Proc: 10.93 ms
2026-06-02 14:45:05.892 - [robot_6_log_20260602_144504.csv] - DEBUG - Despachado a ZMQ -> agent/6/move: {'v': 20.0, 'w': 0.0}
2026-06-02 14:45:05.903 - [robot_6_log_20260602_144504.csv] - DEBUG - Incoming data. Topic agent/6/wheel, mensaje {"Wleft":8.093906609,"Wright":4.852535108}
2026-06-02 14:45:05.928 - [robot_6_log_20260602_144504.csv] - DEBUG - Incoming data. Topic 6/pos, mensaje {"x": 123.99, "y": 65.88, "yaw": 0.844, "timestamp": 1780404305.8920305}
2026-06-02 14:45:05.931 - [robot_6_log_20260602_144504.csv] - INFO - Usando posición VISION: x=123.99, y=65.88, θ=0.84
2026-06-02 14:45:05.931 - [robot_6_log_20260602_144504.csv] - DEBUG - Posición actualizada por visión: x=123.99, y=65.88, θ=0.84
2026-06-02 14:45:05.932 - [robot_6_log_20260602_144504.csv] - INFO - Distancias a paredes: Left: 123.99, Right: 326.01, Top: 74.12, Bottom: 65.88
2026-06-02 14:45:05.932 - [robot_6_log_20260602_144504.csv] - INFO - Posicion: 123.99, 65.88, 0.844 | Velocidad: -0.7473070070176099, 0.6644789216087912
2026-06-02 14:45:05.932 - [robot_6_log_20260602_144504.csv] - INFO - None
2026-06-02 14:45:05.932 - [robot_6_log_20260602_144504.csv] - DEBUG - Frecuencia: 25.47 Hz | Latencia Red/Proc: 40.07 ms
2026-06-02 14:45:05.932 - [robot_6_log_20260602_144504.csv] - WARNING - Estado FSM: AVANZA | Target Wall: None | Target Theta: 0.00° |theta: 48.35763790904148 
2026-06-02 14:45:05.937 - [robot_6_log_20260602_144504.csv] - DEBUG - Incoming data. Topic 6/pos, mensaje {"x": 123.99, "y": 65.88, "yaw": 0.844, "timestamp": 1780404305.8819184}
2026-06-02 14:45:05.942 - [robot_6_log_20260602_144504.csv] - DEBUG - Posición actualizada por visión: x=123.99, y=65.88, θ=0.84
2026-06-02 14:45:05.947 - [robot_6_log_20260602_144504.csv] - DEBUG - Frecuencia: 64.29 Hz | Latencia Red/Proc: 65.74 ms
2026-06-02 14:45:05.947 - [robot_6_log_20260602_144504.csv] - DEBUG - Incoming data. Topic 6/pos, mensaje {"x": 123.99, "y": 65.88, "yaw": 0.844, "timestamp": 1780404305.8920305}
2026-06-02 14:45:05.947 - [robot_6_log_20260602_144504.csv] - DEBUG - Posición actualizada por visión: x=123.99, y=65.88, θ=0.84
2026-06-02 14:45:05.947 - [robot_6_log_20260602_144504.csv] - DEBUG - Frecuencia: 5084.00 Hz | Latencia Red/Proc: 55.82 ms
2026-06-02 14:45:05.963 - [robot_6_log_20260602_144504.csv] - DEBUG - Despachado a ZMQ -> agent/6/move: {'v': 20.0, 'w': 0.0}
2026-06-02 14:45:05.981 - [robot_6_log_20260602_144504.csv] - INFO - Usando posición VISION: x=123.99, y=65.88, θ=0.84
2026-06-02 14:45:05.982 - [robot_6_log_20260602_144504.csv] - INFO - Distancias a paredes: Left: 123.99, Right: 326.01, Top: 74.12, Bottom: 65.88
2026-06-02 14:45:05.982 - [robot_6_log_20260602_144504.csv] - INFO - Posicion: 123.99, 65.88, 0.844 | Velocidad: -0.7473070070176099, 0.6644789216087912
2026-06-02 14:45:05.982 - [robot_6_log_20260602_144504.csv] - INFO - None
2026-06-02 14:45:05.982 - [robot_6_log_20260602_144504.csv] - WARNING - Estado FSM: AVANZA | Target Wall: None | Target Theta: 0.00° |theta: 48.35763790904148 
2026-06-02 14:45:05.987 - [robot_6_log_20260602_144504.csv] - DEBUG - Incoming data. Topic 6/pos, mensaje {"x": 123.07, "y": 66.79, "yaw": 0.851, "timestamp": 1780404305.9854653}
2026-06-02 14:45:05.993 - [robot_6_log_20260602_144504.csv] - DEBUG - Despachado a ZMQ -> agent/6/move: {'v': 20.0, 'w': 0.0}
2026-06-02 14:45:06.003 - [robot_6_log_20260602_144504.csv] - DEBUG - Posición actualizada por visión: x=123.07, y=66.79, θ=0.85
2026-06-02 14:45:06.024 - [robot_6_log_20260602_144504.csv] - DEBUG - Frecuencia: 13.11 Hz | Latencia Red/Proc: 38.67 ms
2026-06-02 14:45:06.031 - [robot_6_log_20260602_144504.csv] - INFO - Usando posición VISION: x=123.07, y=66.79, θ=0.85
2026-06-02 14:45:06.031 - [robot_6_log_20260602_144504.csv] - INFO - Distancias a paredes: Left: 123.07, Right: 326.93, Top: 73.21, Bottom: 66.79
2026-06-02 14:45:06.031 - [robot_6_log_20260602_144504.csv] - INFO - Posicion: 123.07, 66.79, 0.851 | Velocidad: -0.7519400125360092, 0.6592315356135099
2026-06-02 14:45:06.032 - [robot_6_log_20260602_144504.csv] - INFO - None
2026-06-02 14:45:06.032 - [robot_6_log_20260602_144504.csv] - WARNING - Estado FSM: AVANZA | Target Wall: None | Target Theta: 0.00° |theta: 48.758708365633055 
2026-06-02 14:45:06.037 - [robot_6_log_20260602_144504.csv] - DEBUG - Incoming data. Topic 6/pos, mensaje {"x": 123.07, "y": 66.79, "yaw": 0.851, "timestamp": 1780404305.9854653}
2026-06-02 14:45:06.037 - [robot_6_log_20260602_144504.csv] - DEBUG - Posición actualizada por visión: x=123.07, y=66.79, θ=0.85
2026-06-02 14:45:06.037 - [robot_6_log_20260602_144504.csv] - DEBUG - Frecuencia: 76.00 Hz | Latencia Red/Proc: 51.83 ms
2026-06-02 14:45:06.047 - [robot_6_log_20260602_144504.csv] - DEBUG - Incoming data. Topic 6/pos, mensaje {"x": 123.07, "y": 66.79, "yaw": 0.851, "timestamp": 1780404305.9966626}
2026-06-02 14:45:06.053 - [robot_6_log_20260602_144504.csv] - DEBUG - Posición actualizada por visión: x=123.07, y=66.79, θ=0.85
2026-06-02 14:45:06.063 - [robot_6_log_20260602_144504.csv] - DEBUG - Frecuencia: 38.04 Hz | Latencia Red/Proc: 66.92 ms
2026-06-02 14:45:06.053 - [robot_6_log_20260602_144504.csv] - DEBUG - Despachado a ZMQ -> agent/6/move: {'v': 20.0, 'w': 0.0}
2026-06-02 14:45:06.068 - [robot_6_log_20260602_144504.csv] - DEBUG - Incoming data. Topic agent/6/wheel, mensaje {"Wleft":6.071104371,"Wright":5.429467187}
2026-06-02 14:45:06.081 - [robot_6_log_20260602_144504.csv] - INFO - Usando posición VISION: x=123.07, y=66.79, θ=0.85
2026-06-02 14:45:06.082 - [robot_6_log_20260602_144504.csv] - INFO - Distancias a paredes: Left: 123.07, Right: 326.93, Top: 73.21, Bottom: 66.79
2026-06-02 14:45:06.082 - [robot_6_log_20260602_144504.csv] - INFO - Posicion: 123.07, 66.79, 0.851 | Velocidad: -0.7519400125360092, 0.6592315356135099
2026-06-02 14:45:06.082 - [robot_6_log_20260602_144504.csv] - INFO - None
2026-06-02 14:45:06.082 - [robot_6_log_20260602_144504.csv] - WARNING - Estado FSM: AVANZA | Target Wall: None | Target Theta: 0.00° |theta: 48.758708365633055 
2026-06-02 14:45:06.087 - [robot_6_log_20260602_144504.csv] - DEBUG - Incoming data. Topic 6/pos, mensaje {"x": 123.07, "y": 66.79, "yaw": 0.851, "timestamp": 1780404305.9966626}
2026-06-02 14:45:06.092 - [robot_6_log_20260602_144504.csv] - DEBUG - Posición actualizada por visión: x=123.07, y=66.79, θ=0.85
2026-06-02 14:45:06.092 - [robot_6_log_20260602_144504.csv] - DEBUG - Frecuencia: 34.31 Hz | Latencia Red/Proc: 96.07 ms
2026-06-02 14:45:06.097 - [robot_6_log_20260602_144504.csv] - DEBUG - Despachado a ZMQ -> agent/6/move: {'v': 20.0, 'w': 0.0}
2026-06-02 14:45:06.097 - [robot_6_log_20260602_144504.csv] - DEBUG - Incoming data. Topic 6/pos, mensaje {"x": 121.91, "y": 67.9, "yaw": 0.843, "timestamp": 1780404306.0837588}
2026-06-02 14:45:06.109 - [robot_6_log_20260602_144504.csv] - DEBUG - Posición actualizada por visión: x=121.91, y=67.90, θ=0.84
2026-06-02 14:45:06.115 - [robot_6_log_20260602_144504.csv] - DEBUG - Frecuencia: 44.13 Hz | Latencia Red/Proc: 31.63 ms
2026-06-02 14:45:06.120 - [robot_6_log_20260602_144504.csv] - DEBUG - Incoming data. Topic 6/pos, mensaje {"x": 121.91, "y": 67.9, "yaw": 0.843, "timestamp": 1780404306.0837588}
2026-06-02 14:45:06.120 - [robot_6_log_20260602_144504.csv] - DEBUG - Posición actualizada por visión: x=121.91, y=67.90, θ=0.84
2026-06-02 14:45:06.125 - [robot_6_log_20260602_144504.csv] - DEBUG - Frecuencia: 96.99 Hz | Latencia Red/Proc: 41.94 ms
2026-06-02 14:45:06.131 - [robot_6_log_20260602_144504.csv] - DEBUG - Incoming data. Topic agent/6/wheel, mensaje {"Wleft":2.022641456,"Wright":5.596578832}
2026-06-02 14:45:06.131 - [robot_6_log_20260602_144504.csv] - INFO - Usando posición VISION: x=121.91, y=67.90, θ=0.84
2026-06-02 14:45:06.132 - [robot_6_log_20260602_144504.csv] - INFO - Distancias a paredes: Left: 121.91, Right: 328.09, Top: 72.10, Bottom: 67.90
2026-06-02 14:45:06.132 - [robot_6_log_20260602_144504.csv] - DEBUG - Incoming data. Topic 6/pos, mensaje {"x": 121.91, "y": 67.9, "yaw": 0.843, "timestamp": 1780404306.0949662}
2026-06-02 14:45:06.132 - [robot_6_log_20260602_144504.csv] - INFO - Posicion: 121.91, 67.9, 0.843 | Velocidad: -0.7466421545532752, 0.6652258962518245
2026-06-02 14:45:06.132 - [robot_6_log_20260602_144504.csv] - INFO - None
2026-06-02 14:45:06.132 - [robot_6_log_20260602_144504.csv] - DEBUG - Posición actualizada por visión: x=121.91, y=67.90, θ=0.84
2026-06-02 14:45:06.132 - [robot_6_log_20260602_144504.csv] - WARNING - Estado FSM: AVANZA | Target Wall: None | Target Theta: 0.00° |theta: 48.300342129528396 
2026-06-02 14:45:06.132 - [robot_6_log_20260602_144504.csv] - DEBUG - Frecuencia: 149.52 Hz | Latencia Red/Proc: 37.42 ms
2026-06-02 14:45:06.142 - [robot_6_log_20260602_144504.csv] - DEBUG - Incoming data. Topic 6/pos, mensaje {"x": 121.91, "y": 67.9, "yaw": 0.843, "timestamp": 1780404306.0949662}
2026-06-02 14:45:06.147 - [robot_6_log_20260602_144504.csv] - DEBUG - Posición actualizada por visión: x=121.91, y=67.90, θ=0.84
2026-06-02 14:45:06.147 - [robot_6_log_20260602_144504.csv] - DEBUG - Despachado a ZMQ -> agent/6/move: {'v': 20.0, 'w': 0.0}
2026-06-02 14:45:06.158 - [robot_6_log_20260602_144504.csv] - DEBUG - Frecuencia: 38.85 Hz | Latencia Red/Proc: 63.16 ms
2026-06-02 14:45:06.181 - [robot_6_log_20260602_144504.csv] - INFO - Usando posición VISION: x=121.91, y=67.90, θ=0.84
2026-06-02 14:45:06.186 - [robot_6_log_20260602_144504.csv] - INFO - Distancias a paredes: Left: 121.91, Right: 328.09, Top: 72.10, Bottom: 67.90
2026-06-02 14:45:06.186 - [robot_6_log_20260602_144504.csv] - INFO - Posicion: 121.91, 67.9, 0.843 | Velocidad: -0.7466421545532752, 0.6652258962518245
2026-06-02 14:45:06.186 - [robot_6_log_20260602_144504.csv] - INFO - None
2026-06-02 14:45:06.187 - [robot_6_log_20260602_144504.csv] - WARNING - Estado FSM: AVANZA | Target Wall: None | Target Theta: 0.00° |theta: 48.300342129528396 
2026-06-02 14:45:06.192 - [robot_6_log_20260602_144504.csv] - DEBUG - Despachado a ZMQ -> agent/6/move: {'v': 20.0, 'w': 0.0}
2026-06-02 14:45:06.197 - [robot_6_log_20260602_144504.csv] - DEBUG - Incoming data. Topic 6/pos, mensaje {"x": 120.7, "y": 68.95, "yaw": 0.86, "timestamp": 1780404306.1891794}
2026-06-02 14:45:06.197 - [robot_6_log_20260602_144504.csv] - DEBUG - Posición actualizada por visión: x=120.70, y=68.95, θ=0.86
2026-06-02 14:45:06.197 - [robot_6_log_20260602_144504.csv] - DEBUG - Frecuencia: 25.09 Hz | Latencia Red/Proc: 8.80 ms
2026-06-02 14:45:06.198 - [robot_6_log_20260602_144504.csv] - DEBUG - Incoming data. Topic 6/pos, mensaje {"x": 120.7, "y": 68.95, "yaw": 0.86, "timestamp": 1780404306.1891794}
2026-06-02 14:45:06.198 - [robot_6_log_20260602_144504.csv] - DEBUG - Posición actualizada por visión: x=120.70, y=68.95, θ=0.86
2026-06-02 14:45:06.198 - [robot_6_log_20260602_144504.csv] - DEBUG - Frecuencia: 10433.59 Hz | Latencia Red/Proc: 8.90 ms
2026-06-02 14:45:06.204 - [robot_6_log_20260602_144504.csv] - DEBUG - Incoming data. Topic 6/pos, mensaje {"x": 120.7, "y": 68.95, "yaw": 0.86, "timestamp": 1780404306.1998973}
2026-06-02 14:45:06.209 - [robot_6_log_20260602_144504.csv] - DEBUG - Posición actualizada por visión: x=120.70, y=68.95, θ=0.86
2026-06-02 14:45:06.209 - [robot_6_log_20260602_144504.csv] - DEBUG - Frecuencia: 89.44 Hz | Latencia Red/Proc: 9.36 ms
2026-06-02 14:45:06.225 - [robot_6_log_20260602_144504.csv] - DEBUG - Incoming data. Topic 6/pos, mensaje {"x": 120.7, "y": 68.95, "yaw": 0.86, "timestamp": 1780404306.1998973}
2026-06-02 14:45:06.225 - [robot_6_log_20260602_144504.csv] - DEBUG - Posición actualizada por visión: x=120.70, y=68.95, θ=0.86
2026-06-02 14:45:06.225 - [robot_6_log_20260602_144504.csv] - DEBUG - Frecuencia: 60.80 Hz | Latencia Red/Proc: 25.81 ms
2026-06-02 14:45:06.231 - [robot_6_log_20260602_144504.csv] - INFO - Usando posición VISION: x=120.70, y=68.95, θ=0.86
2026-06-02 14:45:06.232 - [robot_6_log_20260602_144504.csv] - INFO - Distancias a paredes: Left: 120.70, Right: 329.30, Top: 71.05, Bottom: 68.95
2026-06-02 14:45:06.232 - [robot_6_log_20260602_144504.csv] - INFO - Posicion: 120.7, 68.95, 0.86 | Velocidad: -0.757842562895277, 0.6524374681640519
2026-06-02 14:45:06.232 - [robot_6_log_20260602_144504.csv] - INFO - None
2026-06-02 14:45:06.232 - [robot_6_log_20260602_144504.csv] - WARNING - Estado FSM: AVANZA | Target Wall: None | Target Theta: 0.00° |theta: 49.2743703812508 
2026-06-02 14:45:06.237 - [robot_6_log_20260602_144504.csv] - DEBUG - Despachado a ZMQ -> agent/6/move: {'v': 20.0, 'w': 0.0}
2026-06-02 14:45:06.243 - [robot_6_log_20260602_144504.csv] - DEBUG - Incoming data. Topic agent/6/wheel, mensaje {"Wleft":8.067947467,"Wright":5.583469808}
2026-06-02 14:45:06.281 - [robot_6_log_20260602_144504.csv] - INFO - Usando posición VISION: x=120.70, y=68.95, θ=0.86
2026-06-02 14:45:06.282 - [robot_6_log_20260602_144504.csv] - INFO - Distancias a paredes: Left: 120.70, Right: 329.30, Top: 71.05, Bottom: 68.95
2026-06-02 14:45:06.282 - [robot_6_log_20260602_144504.csv] - INFO - Posicion: 120.7, 68.95, 0.86 | Velocidad: -0.757842562895277, 0.6524374681640519
2026-06-02 14:45:06.282 - [robot_6_log_20260602_144504.csv] - INFO - None
2026-06-02 14:45:06.282 - [robot_6_log_20260602_144504.csv] - WARNING - Estado FSM: AVANZA | Target Wall: None | Target Theta: 0.00° |theta: 49.2743703812508 
2026-06-02 14:45:06.287 - [robot_6_log_20260602_144504.csv] - DEBUG - Incoming data. Topic 6/pos, mensaje {"x": 119.34, "y": 70.1, "yaw": 0.866, "timestamp": 1780404306.285259}
2026-06-02 14:45:06.292 - [robot_6_log_20260602_144504.csv] - DEBUG - Posición actualizada por visión: x=119.34, y=70.10, θ=0.87
2026-06-02 14:45:06.292 - [robot_6_log_20260602_144504.csv] - DEBUG - Frecuencia: 14.87 Hz | Latencia Red/Proc: 7.72 ms
2026-06-02 14:45:06.303 - [robot_6_log_20260602_144504.csv] - DEBUG - Incoming data. Topic 6/pos, mensaje {"x": 119.34, "y": 70.1, "yaw": 0.866, "timestamp": 1780404306.285259}
2026-06-02 14:45:06.308 - [robot_6_log_20260602_144504.csv] - DEBUG - Posición actualizada por visión: x=119.34, y=70.10, θ=0.87
2026-06-02 14:45:06.313 - [robot_6_log_20260602_144504.csv] - DEBUG - Frecuencia: 48.72 Hz | Latencia Red/Proc: 28.24 ms
2026-06-02 14:45:06.318 - [robot_6_log_20260602_144504.csv] - DEBUG - Despachado a ZMQ -> agent/6/move: {'v': 20.0, 'w': 0.0}
2026-06-02 14:45:06.331 - [robot_6_log_20260602_144504.csv] - INFO - Usando posición VISION: x=119.34, y=70.10, θ=0.87
2026-06-02 14:45:06.331 - [robot_6_log_20260602_144504.csv] - INFO - Distancias a paredes: Left: 119.34, Right: 330.66, Top: 69.90, Bottom: 70.10
2026-06-02 14:45:06.331 - [robot_6_log_20260602_144504.csv] - INFO - Posicion: 119.34, 70.1, 0.866 | Velocidad: -0.7617435230913461, 0.647878696229768
2026-06-02 14:45:06.332 - [robot_6_log_20260602_144504.csv] - INFO - None
2026-06-02 14:45:06.332 - [robot_6_log_20260602_144504.csv] - DEBUG - Incoming data. Topic 6/pos, mensaje {"x": 119.34, "y": 70.1, "yaw": 0.866, "timestamp": 1780404306.2967145}
2026-06-02 14:45:06.332 - [robot_6_log_20260602_144504.csv] - WARNING - Estado FSM: AVANZA | Target Wall: None | Target Theta: 0.00° |theta: 49.61814505832929 
2026-06-02 14:45:06.332 - [robot_6_log_20260602_144504.csv] - DEBUG - Posición actualizada por visión: x=119.34, y=70.10, θ=0.87
2026-06-02 14:45:06.342 - [robot_6_log_20260602_144504.csv] - DEBUG - Despachado a ZMQ -> agent/6/move: {'v': 20.0, 'w': 0.0}
2026-06-02 14:45:06.347 - [robot_6_log_20260602_144504.csv] - DEBUG - Frecuencia: 29.41 Hz | Latencia Red/Proc: 50.79 ms
2026-06-02 14:45:06.357 - [robot_6_log_20260602_144504.csv] - DEBUG - Incoming data. Topic agent/6/wheel, mensaje {"Wleft":4.039549531,"Wright":5.565724025}
2026-06-02 14:45:06.357 - [robot_6_log_20260602_144504.csv] - DEBUG - Incoming data. Topic 6/pos, mensaje {"x": 119.34, "y": 70.1, "yaw": 0.866, "timestamp": 1780404306.2967145}
2026-06-02 14:45:06.357 - [robot_6_log_20260602_144504.csv] - DEBUG - Posición actualizada por visión: x=119.34, y=70.10, θ=0.87
2026-06-02 14:45:06.357 - [robot_6_log_20260602_144504.csv] - DEBUG - Frecuencia: 96.37 Hz | Latencia Red/Proc: 61.16 ms
2026-06-02 14:45:06.381 - [robot_6_log_20260602_144504.csv] - INFO - Usando posición VISION: x=119.34, y=70.10, θ=0.87
2026-06-02 14:45:06.382 - [robot_6_log_20260602_144504.csv] - INFO - Distancias a paredes: Left: 119.34, Right: 330.66, Top: 69.90, Bottom: 70.10
2026-06-02 14:45:06.382 - [robot_6_log_20260602_144504.csv] - INFO - Posicion: 119.34, 70.1, 0.866 | Velocidad: -0.7617435230913461, 0.647878696229768
2026-06-02 14:45:06.382 - [robot_6_log_20260602_144504.csv] - INFO - None
2026-06-02 14:45:06.382 - [robot_6_log_20260602_144504.csv] - WARNING - Estado FSM: AVANZA | Target Wall: None | Target Theta: 0.00° |theta: 49.61814505832929 
2026-06-02 14:45:06.388 - [robot_6_log_20260602_144504.csv] - DEBUG - Incoming data. Topic 6/pos, mensaje {"x": 117.91, "y": 71.31, "yaw": 0.863, "timestamp": 1780404306.3874784}
2026-06-02 14:45:06.388 - [robot_6_log_20260602_144504.csv] - DEBUG - Despachado a ZMQ -> agent/6/move: {'v': 20.0, 'w': 0.0}
2026-06-02 14:45:06.393 - [robot_6_log_20260602_144504.csv] - DEBUG - Posición actualizada por visión: x=117.91, y=71.31, θ=0.86
2026-06-02 14:45:06.408 - [robot_6_log_20260602_144504.csv] - DEBUG - Frecuencia: 19.62 Hz | Latencia Red/Proc: 21.35 ms
2026-06-02 14:45:06.408 - [robot_6_log_20260602_144504.csv] - DEBUG - Incoming data. Topic 6/pos, mensaje {"x": 117.91, "y": 71.31, "yaw": 0.863, "timestamp": 1780404306.3874784}
2026-06-02 14:45:06.414 - [robot_6_log_20260602_144504.csv] - DEBUG - Posición actualizada por visión: x=117.91, y=71.31, θ=0.86
2026-06-02 14:45:06.420 - [robot_6_log_20260602_144504.csv] - DEBUG - Frecuencia: 87.26 Hz | Latencia Red/Proc: 32.81 ms
2026-06-02 14:45:06.420 - [robot_6_log_20260602_144504.csv] - DEBUG - Incoming data. Topic 6/pos, mensaje {"x": 117.91, "y": 71.31, "yaw": 0.863, "timestamp": 1780404306.3975744}
2026-06-02 14:45:06.425 - [robot_6_log_20260602_144504.csv] - DEBUG - Posición actualizada por visión: x=117.91, y=71.31, θ=0.86
2026-06-02 14:45:06.430 - [robot_6_log_20260602_144504.csv] - DEBUG - Frecuencia: 95.92 Hz | Latencia Red/Proc: 33.14 ms
2026-06-02 14:45:06.430 - [robot_6_log_20260602_144504.csv] - DEBUG - Incoming data. Topic 6/pos, mensaje {"x": 117.91, "y": 71.31, "yaw": 0.863, "timestamp": 1780404306.3975744}
2026-06-02 14:45:06.432 - [robot_6_log_20260602_144504.csv] - DEBUG - Posición actualizada por visión: x=117.91, y=71.31, θ=0.86
2026-06-02 14:45:06.432 - [robot_6_log_20260602_144504.csv] - DEBUG - Frecuencia: 736.49 Hz | Latencia Red/Proc: 34.50 ms
2026-06-02 14:45:06.431 - [robot_6_log_20260602_144504.csv] - INFO - Usando posición VISION: x=117.91, y=71.31, θ=0.86
2026-06-02 14:45:06.432 - [robot_6_log_20260602_144504.csv] - INFO - Distancias a paredes: Left: 117.91, Right: 332.09, Top: 68.69, Bottom: 71.31
2026-06-02 14:45:06.432 - [robot_6_log_20260602_144504.csv] - INFO - Posicion: 117.91, 71.31, 0.863 | Velocidad: -0.7597964620748265, 0.6501610079192512
2026-06-02 14:45:06.432 - [robot_6_log_20260602_144504.csv] - INFO - None
2026-06-02 14:45:06.432 - [robot_6_log_20260602_144504.csv] - WARNING - Estado FSM: AVANZA | Target Wall: None | Target Theta: 0.00° |theta: 49.44625771979005 
2026-06-02 14:45:06.438 - [robot_6_log_20260602_144504.csv] - DEBUG - Despachado a ZMQ -> agent/6/move: {'v': 20.0, 'w': 0.0}
2026-06-02 14:45:06.443 - [robot_6_log_20260602_144504.csv] - DEBUG - Incoming data. Topic agent/6/wheel, mensaje {"Wleft":4.056620986,"Wright":5.492267852}
2026-06-02 14:45:06.481 - [robot_6_log_20260602_144504.csv] - INFO - Usando posición VISION: x=117.91, y=71.31, θ=0.86
2026-06-02 14:45:06.482 - [robot_6_log_20260602_144504.csv] - INFO - Distancias a paredes: Left: 117.91, Right: 332.09, Top: 68.69, Bottom: 71.31
2026-06-02 14:45:06.482 - [robot_6_log_20260602_144504.csv] - INFO - Posicion: 117.91, 71.31, 0.863 | Velocidad: -0.7597964620748265, 0.6501610079192512
2026-06-02 14:45:06.482 - [robot_6_log_20260602_144504.csv] - INFO - None
2026-06-02 14:45:06.482 - [robot_6_log_20260602_144504.csv] - WARNING - Estado FSM: AVANZA | Target Wall: None | Target Theta: 0.00° |theta: 49.44625771979005 
2026-06-02 14:45:06.488 - [robot_6_log_20260602_144504.csv] - DEBUG - Incoming data. Topic 6/pos, mensaje {"x": 116.49, "y": 72.51, "yaw": 0.861, "timestamp": 1780404306.4848838}
2026-06-02 14:45:06.493 - [robot_6_log_20260602_144504.csv] - DEBUG - Posición actualizada por visión: x=116.49, y=72.51, θ=0.86
2026-06-02 14:45:06.498 - [robot_6_log_20260602_144504.csv] - DEBUG - Frecuencia: 15.04 Hz | Latencia Red/Proc: 13.67 ms
2026-06-02 14:45:06.498 - [robot_6_log_20260602_144504.csv] - DEBUG - Despachado a ZMQ -> agent/6/move: {'v': 20.0, 'w': 0.0}
2026-06-02 14:45:06.513 - [robot_6_log_20260602_144504.csv] - DEBUG - Incoming data. Topic 6/pos, mensaje {"x": 116.49, "y": 72.51, "yaw": 0.861, "timestamp": 1780404306.4848838}
2026-06-02 14:45:06.531 - [robot_6_log_20260602_144504.csv] - DEBUG - Posición actualizada por visión: x=116.49, y=72.51, θ=0.86
2026-06-02 14:45:06.531 - [robot_6_log_20260602_144504.csv] - INFO - Usando posición VISION: x=116.49, y=72.51, θ=0.86
2026-06-02 14:45:06.531 - [robot_6_log_20260602_144504.csv] - DEBUG - Frecuencia: 29.94 Hz | Latencia Red/Proc: 47.06 ms
2026-06-02 14:45:06.531 - [robot_6_log_20260602_144504.csv] - INFO - Distancias a paredes: Left: 116.49, Right: 333.51, Top: 67.49, Bottom: 72.51
2026-06-02 14:45:06.532 - [robot_6_log_20260602_144504.csv] - INFO - Posicion: 116.49, 72.51, 0.861 | Velocidad: -0.7584946213334516, 0.6516792995087568
2026-06-02 14:45:06.532 - [robot_6_log_20260602_144504.csv] - INFO - None
2026-06-02 14:45:06.532 - [robot_6_log_20260602_144504.csv] - DEBUG - Incoming data. Topic 6/pos, mensaje {"x": 116.49, "y": 72.51, "yaw": 0.861, "timestamp": 1780404306.4969423}
2026-06-02 14:45:06.532 - [robot_6_log_20260602_144504.csv] - WARNING - Estado FSM: AVANZA | Target Wall: None | Target Theta: 0.00° |theta: 49.33166616076388 
2026-06-02 14:45:06.532 - [robot_6_log_20260602_144504.csv] - DEBUG - Posición actualizada por visión: x=116.49, y=72.51, θ=0.86
2026-06-02 14:45:06.542 - [robot_6_log_20260602_144504.csv] - DEBUG - Frecuencia: 94.80 Hz | Latencia Red/Proc: 45.55 ms
2026-06-02 14:45:06.552 - [robot_6_log_20260602_144504.csv] - DEBUG - Incoming data. Topic 6/pos, mensaje {"x": 116.49, "y": 72.51, "yaw": 0.861, "timestamp": 1780404306.4969423}
2026-06-02 14:45:06.557 - [robot_6_log_20260602_144504.csv] - DEBUG - Posición actualizada por visión: x=116.49, y=72.51, θ=0.86
2026-06-02 14:45:06.568 - [robot_6_log_20260602_144504.csv] - DEBUG - Frecuencia: 39.14 Hz | Latencia Red/Proc: 71.10 ms
2026-06-02 14:45:06.557 - [robot_6_log_20260602_144504.csv] - DEBUG - Despachado a ZMQ -> agent/6/move: {'v': 20.0, 'w': 0.0}
2026-06-02 14:45:06.573 - [robot_6_log_20260602_144504.csv] - DEBUG - Incoming data. Topic agent/6/wheel, mensaje {"Wleft":6.067649563,"Wright":5.559751975}
2026-06-02 14:45:06.581 - [robot_6_log_20260602_144504.csv] - INFO - Usando posición VISION: x=116.49, y=72.51, θ=0.86
2026-06-02 14:45:06.582 - [robot_6_log_20260602_144504.csv] - INFO - Distancias a paredes: Left: 116.49, Right: 333.51, Top: 67.49, Bottom: 72.51
2026-06-02 14:45:06.582 - [robot_6_log_20260602_144504.csv] - INFO - Posicion: 116.49, 72.51, 0.861 | Velocidad: -0.7584946213334516, 0.6516792995087568
2026-06-02 14:45:06.582 - [robot_6_log_20260602_144504.csv] - INFO - None
2026-06-02 14:45:06.582 - [robot_6_log_20260602_144504.csv] - WARNING - Estado FSM: AVANZA | Target Wall: None | Target Theta: 0.00° |theta: 49.33166616076388 
2026-06-02 14:45:06.598 - [robot_6_log_20260602_144504.csv] - DEBUG - Despachado a ZMQ -> agent/6/move: {'v': 20.0, 'w': 0.0}
2026-06-02 14:45:06.603 - [robot_6_log_20260602_144504.csv] - DEBUG - Incoming data. Topic 6/pos, mensaje {"x": 115.02, "y": 73.75, "yaw": 0.861, "timestamp": 1780404306.589172}
2026-06-02 14:45:06.609 - [robot_6_log_20260602_144504.csv] - DEBUG - Posición actualizada por visión: x=115.02, y=73.75, θ=0.86
2026-06-02 14:45:06.610 - [robot_6_log_20260602_144504.csv] - DEBUG - Frecuencia: 23.83 Hz | Latencia Red/Proc: 20.83 ms
2026-06-02 14:45:06.610 - [robot_6_log_20260602_144504.csv] - DEBUG - Incoming data. Topic 6/pos, mensaje {"x": 115.02, "y": 73.75, "yaw": 0.861, "timestamp": 1780404306.589172}
2026-06-02 14:45:06.615 - [robot_6_log_20260602_144504.csv] - DEBUG - Posición actualizada por visión: x=115.02, y=73.75, θ=0.86
2026-06-02 14:45:06.620 - [robot_6_log_20260602_144504.csv] - DEBUG - Frecuencia: 96.32 Hz | Latencia Red/Proc: 31.22 ms
2026-06-02 14:45:06.620 - [robot_6_log_20260602_144504.csv] - DEBUG - Incoming data. Topic 6/pos, mensaje {"x": 115.02, "y": 73.75, "yaw": 0.861, "timestamp": 1780404306.6008098}
2026-06-02 14:45:06.625 - [robot_6_log_20260602_144504.csv] - DEBUG - Posición actualizada por visión: x=115.02, y=73.75, θ=0.86
2026-06-02 14:45:06.632 - [robot_6_log_20260602_144504.csv] - DEBUG - Frecuencia: 86.18 Hz | Latencia Red/Proc: 31.18 ms
2026-06-02 14:45:06.631 - [robot_6_log_20260602_144504.csv] - INFO - Usando posición VISION: x=115.02, y=73.75, θ=0.86
2026-06-02 14:45:06.632 - [robot_6_log_20260602_144504.csv] - INFO - Distancias a paredes: Left: 115.02, Right: 334.98, Top: 66.25, Bottom: 73.75
2026-06-02 14:45:06.632 - [robot_6_log_20260602_144504.csv] - INFO - Posicion: 115.02, 73.75, 0.861 | Velocidad: -0.7584946213334516, 0.6516792995087568
2026-06-02 14:45:06.632 - [robot_6_log_20260602_144504.csv] - INFO - None
2026-06-02 14:45:06.632 - [robot_6_log_20260602_144504.csv] - WARNING - Estado FSM: AVANZA | Target Wall: None | Target Theta: 0.00° |theta: 49.33166616076388 
2026-06-02 14:45:06.637 - [robot_6_log_20260602_144504.csv] - DEBUG - Incoming data. Topic 6/pos, mensaje {"x": 115.02, "y": 73.75, "yaw": 0.861, "timestamp": 1780404306.6008098}
2026-06-02 14:45:06.642 - [robot_6_log_20260602_144504.csv] - DEBUG - Posición actualizada por visión: x=115.02, y=73.75, θ=0.86
2026-06-02 14:45:06.642 - [robot_6_log_20260602_144504.csv] - DEBUG - Frecuencia: 94.70 Hz | Latencia Red/Proc: 41.74 ms
2026-06-02 14:45:06.647 - [robot_6_log_20260602_144504.csv] - DEBUG - Despachado a ZMQ -> agent/6/move: {'v': 20.0, 'w': 0.0}
2026-06-02 14:45:06.647 - [robot_6_log_20260602_144504.csv] - DEBUG - Incoming data. Topic agent/6/wheel, mensaje {"Wleft":2.035322001,"Wright":5.710835727}
2026-06-02 14:45:06.681 - [robot_6_log_20260602_144504.csv] - INFO - Usando posición VISION: x=115.02, y=73.75, θ=0.86
2026-06-02 14:45:06.682 - [robot_6_log_20260602_144504.csv] - INFO - Distancias a paredes: Left: 115.02, Right: 334.98, Top: 66.25, Bottom: 73.75
2026-06-02 14:45:06.682 - [robot_6_log_20260602_144504.csv] - INFO - Posicion: 115.02, 73.75, 0.861 | Velocidad: -0.7584946213334516, 0.6516792995087568
2026-06-02 14:45:06.682 - [robot_6_log_20260602_144504.csv] - INFO - None
2026-06-02 14:45:06.682 - [robot_6_log_20260602_144504.csv] - WARNING - Estado FSM: AVANZA | Target Wall: None | Target Theta: 0.00° |theta: 49.33166616076388 
2026-06-02 14:45:06.688 - [robot_6_log_20260602_144504.csv] - DEBUG - Incoming data. Topic 6/pos, mensaje {"x": 113.57, "y": 75.11, "yaw": 0.863, "timestamp": 1780404306.6840012}
2026-06-02 14:45:06.698 - [robot_6_log_20260602_144504.csv] - DEBUG - Posición actualizada por visión: x=113.57, y=75.11, θ=0.86
2026-06-02 14:45:06.698 - [robot_6_log_20260602_144504.csv] - DEBUG - Despachado a ZMQ -> agent/6/move: {'v': 20.0, 'w': 0.0}
2026-06-02 14:45:06.708 - [robot_6_log_20260602_144504.csv] - DEBUG - Frecuencia: 15.11 Hz | Latencia Red/Proc: 24.74 ms
2026-06-02 14:45:06.731 - [robot_6_log_20260602_144504.csv] - INFO - Usando posición VISION: x=113.57, y=75.11, θ=0.86
2026-06-02 14:45:06.732 - [robot_6_log_20260602_144504.csv] - INFO - Distancias a paredes: Left: 113.57, Right: 336.43, Top: 64.89, Bottom: 75.11
2026-06-02 14:45:06.732 - [robot_6_log_20260602_144504.csv] - INFO - Posicion: 113.57, 75.11, 0.863 | Velocidad: -0.7597964620748265, 0.6501610079192512
2026-06-02 14:45:06.732 - [robot_6_log_20260602_144504.csv] - INFO - None
2026-06-02 14:45:06.732 - [robot_6_log_20260602_144504.csv] - WARNING - Estado FSM: AVANZA | Target Wall: None | Target Theta: 0.00° |theta: 49.44625771979005 
2026-06-02 14:45:06.742 - [robot_6_log_20260602_144504.csv] - DEBUG - Incoming data. Topic 6/pos, mensaje {"x": 113.57, "y": 75.11, "yaw": 0.863, "timestamp": 1780404306.6840012}
2026-06-02 14:45:06.747 - [robot_6_log_20260602_144504.csv] - DEBUG - Posición actualizada por visión: x=113.57, y=75.11, θ=0.86
2026-06-02 14:45:06.747 - [robot_6_log_20260602_144504.csv] - DEBUG - Despachado a ZMQ -> agent/6/move: {'v': 20.0, 'w': 0.0}
2026-06-02 14:45:06.747 - [robot_6_log_20260602_144504.csv] - DEBUG - Frecuencia: 25.49 Hz | Latencia Red/Proc: 63.98 ms
2026-06-02 14:45:06.753 - [robot_6_log_20260602_144504.csv] - DEBUG - Incoming data. Topic 6/pos, mensaje {"x": 113.57, "y": 75.11, "yaw": 0.863, "timestamp": 1780404306.6959937}
2026-06-02 14:45:06.753 - [robot_6_log_20260602_144504.csv] - DEBUG - Posición actualizada por visión: x=113.57, y=75.11, θ=0.86
2026-06-02 14:45:06.753 - [robot_6_log_20260602_144504.csv] - DEBUG - Frecuencia: 188.30 Hz | Latencia Red/Proc: 57.30 ms
2026-06-02 14:45:06.753 - [robot_6_log_20260602_144504.csv] - DEBUG - Incoming data. Topic 6/pos, mensaje {"x": 113.57, "y": 75.11, "yaw": 0.863, "timestamp": 1780404306.6959937}
2026-06-02 14:45:06.758 - [robot_6_log_20260602_144504.csv] - DEBUG - Posición actualizada por visión: x=113.57, y=75.11, θ=0.86
2026-06-02 14:45:06.763 - [robot_6_log_20260602_144504.csv] - DEBUG - Frecuencia: 97.40 Hz | Latencia Red/Proc: 67.56 ms
2026-06-02 14:45:06.781 - [robot_6_log_20260602_144504.csv] - DEBUG - Incoming data. Topic agent/6/wheel, mensaje {"Wleft":2.022110501,"Wright":5.94322492}
2026-06-02 14:45:06.781 - [robot_6_log_20260602_144504.csv] - INFO - Usando posición VISION: x=113.57, y=75.11, θ=0.86
2026-06-02 14:45:06.782 - [robot_6_log_20260602_144504.csv] - INFO - Distancias a paredes: Left: 113.57, Right: 336.43, Top: 64.89, Bottom: 75.11
2026-06-02 14:45:06.782 - [robot_6_log_20260602_144504.csv] - INFO - Posicion: 113.57, 75.11, 0.863 | Velocidad: -0.7597964620748265, 0.6501610079192512
2026-06-02 14:45:06.782 - [robot_6_log_20260602_144504.csv] - INFO - None
2026-06-02 14:45:06.782 - [robot_6_log_20260602_144504.csv] - WARNING - Estado FSM: AVANZA | Target Wall: None | Target Theta: 0.00° |theta: 49.44625771979005 
2026-06-02 14:45:06.792 - [robot_6_log_20260602_144504.csv] - DEBUG - Incoming data. Topic 6/pos, mensaje {"x": 112.12, "y": 76.44, "yaw": 0.883, "timestamp": 1780404306.787452}
2026-06-02 14:45:06.797 - [robot_6_log_20260602_144504.csv] - DEBUG - Posición actualizada por visión: x=112.12, y=76.44, θ=0.88
2026-06-02 14:45:06.802 - [robot_6_log_20260602_144504.csv] - DEBUG - Frecuencia: 25.46 Hz | Latencia Red/Proc: 15.39 ms
2026-06-02 14:45:06.807 - [robot_6_log_20260602_144504.csv] - DEBUG - Despachado a ZMQ -> agent/6/move: {'v': 20.0, 'w': 0.0}
2026-06-02 14:45:06.813 - [robot_6_log_20260602_144504.csv] - DEBUG - Incoming data. Topic 6/pos, mensaje {"x": 112.12, "y": 76.44, "yaw": 0.883, "timestamp": 1780404306.787452}
2026-06-02 14:45:06.818 - [robot_6_log_20260602_144504.csv] - DEBUG - Posición actualizada por visión: x=112.12, y=76.44, θ=0.88
2026-06-02 14:45:06.823 - [robot_6_log_20260602_144504.csv] - DEBUG - Frecuencia: 48.73 Hz | Latencia Red/Proc: 35.91 ms
2026-06-02 14:45:06.831 - [robot_6_log_20260602_144504.csv] - INFO - Usando posición VISION: x=112.12, y=76.44, θ=0.88
2026-06-02 14:45:06.831 - [robot_6_log_20260602_144504.csv] - DEBUG - Incoming data. Topic 6/pos, mensaje {"x": 112.12, "y": 76.44, "yaw": 0.883, "timestamp": 1780404306.797172}
2026-06-02 14:45:06.832 - [robot_6_log_20260602_144504.csv] - DEBUG - Posición actualizada por visión: x=112.12, y=76.44, θ=0.88
2026-06-02 14:45:06.832 - [robot_6_log_20260602_144504.csv] - DEBUG - Frecuencia: 114.41 Hz | Latencia Red/Proc: 34.93 ms
2026-06-02 14:45:06.832 - [robot_6_log_20260602_144504.csv] - DEBUG - Incoming data. Topic 6/pos, mensaje {"x": 112.12, "y": 76.44, "yaw": 0.883, "timestamp": 1780404306.797172}
2026-06-02 14:45:06.832 - [robot_6_log_20260602_144504.csv] - DEBUG - Posición actualizada por visión: x=112.12, y=76.44, θ=0.88
2026-06-02 14:45:06.832 - [robot_6_log_20260602_144504.csv] - INFO - Distancias a paredes: Left: 112.12, Right: 337.88, Top: 63.56, Bottom: 76.44
2026-06-02 14:45:06.832 - [robot_6_log_20260602_144504.csv] - DEBUG - Frecuencia: 23831.27 Hz | Latencia Red/Proc: 34.97 ms
2026-06-02 14:45:06.832 - [robot_6_log_20260602_144504.csv] - INFO - Posicion: 112.12, 76.44, 0.883 | Velocidad: -0.7726468611420324, 0.6348360638522081
2026-06-02 14:45:06.832 - [robot_6_log_20260602_144504.csv] - INFO - None
2026-06-02 14:45:06.832 - [robot_6_log_20260602_144504.csv] - WARNING - Estado FSM: AVANZA | Target Wall: None | Target Theta: 0.00° |theta: 50.59217331005169 
2026-06-02 14:45:06.848 - [robot_6_log_20260602_144504.csv] - DEBUG - Despachado a ZMQ -> agent/6/move: {'v': 20.0, 'w': 0.0}
2026-06-02 14:45:06.859 - [robot_6_log_20260602_144504.csv] - DEBUG - Incoming data. Topic agent/6/wheel, mensaje {"Wleft":4.046008281,"Wright":6.244769238}
2026-06-02 14:45:06.881 - [robot_6_log_20260602_144504.csv] - INFO - Usando posición VISION: x=112.12, y=76.44, θ=0.88
2026-06-02 14:45:06.882 - [robot_6_log_20260602_144504.csv] - INFO - Distancias a paredes: Left: 112.12, Right: 337.88, Top: 63.56, Bottom: 76.44
2026-06-02 14:45:06.882 - [robot_6_log_20260602_144504.csv] - INFO - Posicion: 112.12, 76.44, 0.883 | Velocidad: -0.7726468611420324, 0.6348360638522081
2026-06-02 14:45:06.882 - [robot_6_log_20260602_144504.csv] - INFO - None
2026-06-02 14:45:06.882 - [robot_6_log_20260602_144504.csv] - WARNING - Estado FSM: AVANZA | Target Wall: None | Target Theta: 0.00° |theta: 50.59217331005169 
2026-06-02 14:45:06.887 - [robot_6_log_20260602_144504.csv] - DEBUG - Incoming data. Topic 6/pos, mensaje {"x": 110.66, "y": 77.86, "yaw": 0.872, "timestamp": 1780404306.8811293}
2026-06-02 14:45:06.892 - [robot_6_log_20260602_144504.csv] - DEBUG - Posición actualizada por visión: x=110.66, y=77.86, θ=0.87
2026-06-02 14:45:06.892 - [robot_6_log_20260602_144504.csv] - DEBUG - Despachado a ZMQ -> agent/6/move: {'v': 20.0, 'w': 0.0}
2026-06-02 14:45:06.898 - [robot_6_log_20260602_144504.csv] - DEBUG - Frecuencia: 15.16 Hz | Latencia Red/Proc: 16.96 ms
2026-06-02 14:45:06.925 - [robot_6_log_20260602_144504.csv] - DEBUG - Incoming data. Topic 6/pos, mensaje {"x": 110.66, "y": 77.86, "yaw": 0.872, "timestamp": 1780404306.8811293}
2026-06-02 14:45:06.930 - [robot_6_log_20260602_144504.csv] - DEBUG - Posición actualizada por visión: x=110.66, y=77.86, θ=0.87
2026-06-02 14:45:06.930 - [robot_6_log_20260602_144504.csv] - DEBUG - Frecuencia: 30.99 Hz | Latencia Red/Proc: 49.22 ms
2026-06-02 14:45:06.932 - [robot_6_log_20260602_144504.csv] - DEBUG - Incoming data. Topic 6/pos, mensaje {"x": 110.66, "y": 77.86, "yaw": 0.872, "timestamp": 1780404306.8932621}
2026-06-02 14:45:06.932 - [robot_6_log_20260602_144504.csv] - DEBUG - Posición actualizada por visión: x=110.66, y=77.86, θ=0.87
2026-06-02 14:45:06.931 - [robot_6_log_20260602_144504.csv] - INFO - Usando posición VISION: x=110.66, y=77.86, θ=0.87
2026-06-02 14:45:06.932 - [robot_6_log_20260602_144504.csv] - INFO - Distancias a paredes: Left: 110.66, Right: 339.34, Top: 62.14, Bottom: 77.86
2026-06-02 14:45:06.932 - [robot_6_log_20260602_144504.csv] - INFO - Posicion: 110.66, 77.86, 0.872 | Velocidad: -0.7656170606028521, 0.6432966007323906
2026-06-02 14:45:06.932 - [robot_6_log_20260602_144504.csv] - DEBUG - Frecuencia: 552.61 Hz | Latencia Red/Proc: 38.90 ms
2026-06-02 14:45:06.932 - [robot_6_log_20260602_144504.csv] - INFO - None
2026-06-02 14:45:06.932 - [robot_6_log_20260602_144504.csv] - DEBUG - Incoming data. Topic 6/pos, mensaje {"x": 110.66, "y": 77.86, "yaw": 0.872, "timestamp": 1780404306.8932621}
2026-06-02 14:45:06.932 - [robot_6_log_20260602_144504.csv] - WARNING - Estado FSM: AVANZA | Target Wall: None | Target Theta: 0.00° |theta: 49.96191973540778 
2026-06-02 14:45:06.932 - [robot_6_log_20260602_144504.csv] - DEBUG - Posición actualizada por visión: x=110.66, y=77.86, θ=0.87
2026-06-02 14:45:06.937 - [robot_6_log_20260602_144504.csv] - DEBUG - Frecuencia: 175.75 Hz | Latencia Red/Proc: 44.59 ms
2026-06-02 14:45:06.948 - [robot_6_log_20260602_144504.csv] - DEBUG - Incoming data. Topic agent/6/wheel, mensaje {"Wleft":6.067879309,"Wright":6.424549008}
2026-06-02 14:45:06.963 - [robot_6_log_20260602_144504.csv] - DEBUG - Despachado a ZMQ -> agent/6/move: {'v': 20.0, 'w': 0.0}
2026-06-02 14:45:06.981 - [robot_6_log_20260602_144504.csv] - INFO - Usando posición VISION: x=110.66, y=77.86, θ=0.87
2026-06-02 14:45:06.981 - [robot_6_log_20260602_144504.csv] - INFO - Distancias a paredes: Left: 110.66, Right: 339.34, Top: 62.14, Bottom: 77.86
2026-06-02 14:45:06.982 - [robot_6_log_20260602_144504.csv] - INFO - Posicion: 110.66, 77.86, 0.872 | Velocidad: -0.7656170606028521, 0.6432966007323906
2026-06-02 14:45:06.982 - [robot_6_log_20260602_144504.csv] - INFO - None
2026-06-02 14:45:06.982 - [robot_6_log_20260602_144504.csv] - WARNING - Estado FSM: AVANZA | Target Wall: None | Target Theta: 0.00° |theta: 49.96191973540778 
2026-06-02 14:45:06.987 - [robot_6_log_20260602_144504.csv] - DEBUG - Despachado a ZMQ -> agent/6/move: {'v': 20.0, 'w': 0.0}
2026-06-02 14:45:06.992 - [robot_6_log_20260602_144504.csv] - DEBUG - Incoming data. Topic 6/pos, mensaje {"x": 109.19, "y": 79.28, "yaw": 0.886, "timestamp": 1780404306.9881477}
2026-06-02 14:45:06.992 - [robot_6_log_20260602_144504.csv] - DEBUG - Posición actualizada por visión: x=109.19, y=79.28, θ=0.89
2026-06-02 14:45:06.992 - [robot_6_log_20260602_144504.csv] - DEBUG - Frecuencia: 18.27 Hz | Latencia Red/Proc: 4.44 ms
2026-06-02 14:45:06.992 - [robot_6_log_20260602_144504.csv] - DEBUG - Incoming data. Topic 6/pos, mensaje {"x": 109.19, "y": 79.28, "yaw": 0.886, "timestamp": 1780404306.9881477}
2026-06-02 14:45:06.992 - [robot_6_log_20260602_144504.csv] - DEBUG - Posición actualizada por visión: x=109.19, y=79.28, θ=0.89
2026-06-02 14:45:06.992 - [robot_6_log_20260602_144504.csv] - DEBUG - Frecuencia: 22795.13 Hz | Latencia Red/Proc: 4.48 ms
2026-06-02 14:45:07.004 - [robot_6_log_20260602_144504.csv] - DEBUG - Incoming data. Topic 6/pos, mensaje {"x": 109.19, "y": 79.28, "yaw": 0.886, "timestamp": 1780404306.9986591}
2026-06-02 14:45:07.009 - [robot_6_log_20260602_144504.csv] - DEBUG - Posición actualizada por visión: x=109.19, y=79.28, θ=0.89
2026-06-02 14:45:07.015 - [robot_6_log_20260602_144504.csv] - DEBUG - Frecuencia: 43.36 Hz | Latencia Red/Proc: 17.04 ms
2026-06-02 14:45:07.015 - [robot_6_log_20260602_144504.csv] - DEBUG - Incoming data. Topic 6/pos, mensaje {"x": 109.19, "y": 79.28, "yaw": 0.886, "timestamp": 1780404306.9986591}
2026-06-02 14:45:07.015 - [robot_6_log_20260602_144504.csv] - DEBUG - Posición actualizada por visión: x=109.19, y=79.28, θ=0.89
2026-06-02 14:45:07.015 - [robot_6_log_20260602_144504.csv] - DEBUG - Frecuencia: 13617.87 Hz | Latencia Red/Proc: 17.11 ms
2026-06-02 14:45:07.031 - [robot_6_log_20260602_144504.csv] - INFO - Usando posición VISION: x=109.19, y=79.28, θ=0.89
2026-06-02 14:45:07.031 - [robot_6_log_20260602_144504.csv] - INFO - Distancias a paredes: Left: 109.19, Right: 340.81, Top: 60.72, Bottom: 79.28
2026-06-02 14:45:07.031 - [robot_6_log_20260602_144504.csv] - INFO - Posicion: 109.19, 79.28, 0.886 | Velocidad: -0.7745478895685606, 0.6325152699855466
2026-06-02 14:45:07.031 - [robot_6_log_20260602_144504.csv] - INFO - None
2026-06-02 14:45:07.032 - [robot_6_log_20260602_144504.csv] - WARNING - Estado FSM: AVANZA | Target Wall: None | Target Theta: 0.00° |theta: 50.76406064859094 
2026-06-02 14:45:07.043 - [robot_6_log_20260602_144504.csv] - DEBUG - Incoming data. Topic agent/6/wheel, mensaje {"Wleft":6.065505149,"Wright":6.231328464}
2026-06-02 14:45:07.058 - [robot_6_log_20260602_144504.csv] - DEBUG - Despachado a ZMQ -> agent/6/move: {'v': 20.0, 'w': 0.0}
2026-06-02 14:45:07.081 - [robot_6_log_20260602_144504.csv] - INFO - Usando posición VISION: x=109.19, y=79.28, θ=0.89
2026-06-02 14:45:07.082 - [robot_6_log_20260602_144504.csv] - INFO - Distancias a paredes: Left: 109.19, Right: 340.81, Top: 60.72, Bottom: 79.28
2026-06-02 14:45:07.082 - [robot_6_log_20260602_144504.csv] - INFO - Posicion: 109.19, 79.28, 0.886 | Velocidad: -0.7745478895685606, 0.6325152699855466
2026-06-02 14:45:07.082 - [robot_6_log_20260602_144504.csv] - INFO - None
2026-06-02 14:45:07.082 - [robot_6_log_20260602_144504.csv] - WARNING - Estado FSM: AVANZA | Target Wall: None | Target Theta: 0.00° |theta: 50.76406064859094 
2026-06-02 14:45:07.093 - [robot_6_log_20260602_144504.csv] - DEBUG - Incoming data. Topic 6/pos, mensaje {"x": 107.72, "y": 80.75, "yaw": 0.874, "timestamp": 1780404307.083107}
2026-06-02 14:45:07.098 - [robot_6_log_20260602_144504.csv] - DEBUG - Posición actualizada por visión: x=107.72, y=80.75, θ=0.87
2026-06-02 14:45:07.103 - [robot_6_log_20260602_144504.csv] - DEBUG - Frecuencia: 11.39 Hz | Latencia Red/Proc: 20.49 ms
2026-06-02 14:45:07.103 - [robot_6_log_20260602_144504.csv] - DEBUG - Despachado a ZMQ -> agent/6/move: {'v': 20.0, 'w': 0.0}
2026-06-02 14:45:07.124 - [robot_6_log_20260602_144504.csv] - DEBUG - Incoming data. Topic 6/pos, mensaje {"x": 107.72, "y": 80.75, "yaw": 0.874, "timestamp": 1780404307.083107}
2026-06-02 14:45:07.130 - [robot_6_log_20260602_144504.csv] - DEBUG - Posición actualizada por visión: x=107.72, y=80.75, θ=0.87
2026-06-02 14:45:07.130 - [robot_6_log_20260602_144504.csv] - DEBUG - Frecuencia: 37.43 Hz | Latencia Red/Proc: 47.20 ms
2026-06-02 14:45:07.132 - [robot_6_log_20260602_144504.csv] - DEBUG - Incoming data. Topic 6/pos, mensaje {"x": 107.72, "y": 80.75, "yaw": 0.874, "timestamp": 1780404307.0929415}
2026-06-02 14:45:07.131 - [robot_6_log_20260602_144504.csv] - INFO - Usando posición VISION: x=107.72, y=80.75, θ=0.87
2026-06-02 14:45:07.132 - [robot_6_log_20260602_144504.csv] - INFO - Distancias a paredes: Left: 107.72, Right: 342.28, Top: 59.25, Bottom: 80.75
2026-06-02 14:45:07.132 - [robot_6_log_20260602_144504.csv] - INFO - Posicion: 107.72, 80.75, 0.874 | Velocidad: -0.7669021217129773, 0.6417640810392349
2026-06-02 14:45:07.132 - [robot_6_log_20260602_144504.csv] - DEBUG - Posición actualizada por visión: x=107.72, y=80.75, θ=0.87
2026-06-02 14:45:07.132 - [robot_6_log_20260602_144504.csv] - INFO - None
2026-06-02 14:45:07.132 - [robot_6_log_20260602_144504.csv] - WARNING - Estado FSM: AVANZA | Target Wall: None | Target Theta: 0.00° |theta: 50.07651129443395 
2026-06-02 14:45:07.132 - [robot_6_log_20260602_144504.csv] - DEBUG - Frecuencia: 529.25 Hz | Latencia Red/Proc: 39.26 ms
2026-06-02 14:45:07.147 - [robot_6_log_20260602_144504.csv] - DEBUG - Despachado a ZMQ -> agent/6/move: {'v': 20.0, 'w': 0.0}
2026-06-02 14:45:07.152 - [robot_6_log_20260602_144504.csv] - DEBUG - Incoming data. Topic 6/pos, mensaje {"x": 107.72, "y": 80.75, "yaw": 0.874, "timestamp": 1780404307.0929415}
2026-06-02 14:45:07.164 - [robot_6_log_20260602_144504.csv] - DEBUG - Posición actualizada por visión: x=107.72, y=80.75, θ=0.87
2026-06-02 14:45:07.169 - [robot_6_log_20260602_144504.csv] - DEBUG - Frecuencia: 27.02 Hz | Latencia Red/Proc: 76.27 ms
2026-06-02 14:45:07.179 - [robot_6_log_20260602_144504.csv] - DEBUG - Incoming data. Topic agent/6/wheel, mensaje {"Wleft":10.08912345,"Wright":6.368189313}
2026-06-02 14:45:07.181 - [robot_6_log_20260602_144504.csv] - INFO - Usando posición VISION: x=107.72, y=80.75, θ=0.87
2026-06-02 14:45:07.182 - [robot_6_log_20260602_144504.csv] - INFO - Distancias a paredes: Left: 107.72, Right: 342.28, Top: 59.25, Bottom: 80.75
2026-06-02 14:45:07.182 - [robot_6_log_20260602_144504.csv] - INFO - Posicion: 107.72, 80.75, 0.874 | Velocidad: -0.7669021217129773, 0.6417640810392349
2026-06-02 14:45:07.182 - [robot_6_log_20260602_144504.csv] - INFO - None
2026-06-02 14:45:07.182 - [robot_6_log_20260602_144504.csv] - WARNING - Estado FSM: AVANZA | Target Wall: None | Target Theta: 0.00° |theta: 50.07651129443395 
2026-06-02 14:45:07.188 - [robot_6_log_20260602_144504.csv] - DEBUG - Incoming data. Topic 6/pos, mensaje {"x": 106.26, "y": 82.16, "yaw": 0.863, "timestamp": 1780404307.1857288}
2026-06-02 14:45:07.193 - [robot_6_log_20260602_144504.csv] - DEBUG - Posición actualizada por visión: x=106.26, y=82.16, θ=0.86
2026-06-02 14:45:07.198 - [robot_6_log_20260602_144504.csv] - DEBUG - Frecuencia: 34.13 Hz | Latencia Red/Proc: 12.78 ms
2026-06-02 14:45:07.198 - [robot_6_log_20260602_144504.csv] - DEBUG - Despachado a ZMQ -> agent/6/move: {'v': 20.0, 'w': 0.0}
2026-06-02 14:45:07.213 - [robot_6_log_20260602_144504.csv] - DEBUG - Incoming data. Topic 6/pos, mensaje {"x": 106.26, "y": 82.16, "yaw": 0.863, "timestamp": 1780404307.1857288}
2026-06-02 14:45:07.231 - [robot_6_log_20260602_144504.csv] - INFO - Usando posición VISION: x=106.26, y=82.16, θ=0.86
2026-06-02 14:45:07.232 - [robot_6_log_20260602_144504.csv] - DEBUG - Posición actualizada por visión: x=106.26, y=82.16, θ=0.86
2026-06-02 14:45:07.232 - [robot_6_log_20260602_144504.csv] - INFO - Distancias a paredes: Left: 106.26, Right: 343.74, Top: 57.84, Bottom: 82.16
2026-06-02 14:45:07.232 - [robot_6_log_20260602_144504.csv] - DEBUG - Frecuencia: 29.78 Hz | Latencia Red/Proc: 46.36 ms
2026-06-02 14:45:07.232 - [robot_6_log_20260602_144504.csv] - INFO - Posicion: 106.26, 82.16, 0.863 | Velocidad: -0.7597964620748265, 0.6501610079192512
2026-06-02 14:45:07.232 - [robot_6_log_20260602_144504.csv] - INFO - None
2026-06-02 14:45:07.232 - [robot_6_log_20260602_144504.csv] - DEBUG - Incoming data. Topic 6/pos, mensaje {"x": 106.26, "y": 82.16, "yaw": 0.863, "timestamp": 1780404307.1955228}
2026-06-02 14:45:07.232 - [robot_6_log_20260602_144504.csv] - WARNING - Estado FSM: AVANZA | Target Wall: None | Target Theta: 0.00° |theta: 49.44625771979005 
2026-06-02 14:45:07.232 - [robot_6_log_20260602_144504.csv] - DEBUG - Posición actualizada por visión: x=106.26, y=82.16, θ=0.86
2026-06-02 14:45:07.237 - [robot_6_log_20260602_144504.csv] - DEBUG - Frecuencia: 188.59 Hz | Latencia Red/Proc: 41.86 ms
2026-06-02 14:45:07.252 - [robot_6_log_20260602_144504.csv] - DEBUG - Incoming data. Topic 6/pos, mensaje {"x": 106.26, "y": 82.16, "yaw": 0.863, "timestamp": 1780404307.1955228}
2026-06-02 14:45:07.257 - [robot_6_log_20260602_144504.csv] - DEBUG - Posición actualizada por visión: x=106.26, y=82.16, θ=0.86
2026-06-02 14:45:07.262 - [robot_6_log_20260602_144504.csv] - DEBUG - Frecuencia: 39.07 Hz | Latencia Red/Proc: 67.46 ms
2026-06-02 14:45:07.263 - [robot_6_log_20260602_144504.csv] - DEBUG - Despachado a ZMQ -> agent/6/move: {'v': 20.0, 'w': 0.0}
2026-06-02 14:45:07.281 - [robot_6_log_20260602_144504.csv] - INFO - Usando posición VISION: x=106.26, y=82.16, θ=0.86
2026-06-02 14:45:07.282 - [robot_6_log_20260602_144504.csv] - DEBUG - Incoming data. Topic agent/6/wheel, mensaje {"Wleft":2.022386221,"Wright":6.037678412}
2026-06-02 14:45:07.282 - [robot_6_log_20260602_144504.csv] - INFO - Distancias a paredes: Left: 106.26, Right: 343.74, Top: 57.84, Bottom: 82.16
2026-06-02 14:45:07.282 - [robot_6_log_20260602_144504.csv] - INFO - Posicion: 106.26, 82.16, 0.863 | Velocidad: -0.7597964620748265, 0.6501610079192512
2026-06-02 14:45:07.282 - [robot_6_log_20260602_144504.csv] - INFO - None
2026-06-02 14:45:07.282 - [robot_6_log_20260602_144504.csv] - WARNING - Estado FSM: AVANZA | Target Wall: None | Target Theta: 0.00° |theta: 49.44625771979005 
2026-06-02 14:45:07.287 - [robot_6_log_20260602_144504.csv] - DEBUG - Incoming data. Topic 6/pos, mensaje {"x": 104.82, "y": 83.49, "yaw": 0.865, "timestamp": 1780404307.2807763}
2026-06-02 14:45:07.292 - [robot_6_log_20260602_144504.csv] - DEBUG - Posición actualizada por visión: x=104.82, y=83.49, θ=0.86
2026-06-02 14:45:07.297 - [robot_6_log_20260602_144504.csv] - DEBUG - Frecuencia: 28.87 Hz | Latencia Red/Proc: 16.84 ms
2026-06-02 14:45:07.302 - [robot_6_log_20260602_144504.csv] - DEBUG - Incoming data. Topic 6/pos, mensaje {"x": 104.82, "y": 83.49, "yaw": 0.865, "timestamp": 1780404307.2807763}
2026-06-02 14:45:07.307 - [robot_6_log_20260602_144504.csv] - DEBUG - Posición actualizada por visión: x=104.82, y=83.49, θ=0.86
2026-06-02 14:45:07.307 - [robot_6_log_20260602_144504.csv] - DEBUG - Despachado a ZMQ -> agent/6/move: {'v': 20.0, 'w': 0.0}
2026-06-02 14:45:07.317 - [robot_6_log_20260602_144504.csv] - DEBUG - Frecuencia: 49.11 Hz | Latencia Red/Proc: 37.20 ms
2026-06-02 14:45:07.331 - [robot_6_log_20260602_144504.csv] - INFO - Usando posición VISION: x=104.82, y=83.49, θ=0.86
2026-06-02 14:45:07.332 - [robot_6_log_20260602_144504.csv] - INFO - Distancias a paredes: Left: 104.82, Right: 345.18, Top: 56.51, Bottom: 83.49
2026-06-02 14:45:07.332 - [robot_6_log_20260602_144504.csv] - INFO - Posicion: 104.82, 83.49, 0.865 | Velocidad: -0.7610952636313663, 0.648640115686581
2026-06-02 14:45:07.332 - [robot_6_log_20260602_144504.csv] - INFO - None
2026-06-02 14:45:07.332 - [robot_6_log_20260602_144504.csv] - DEBUG - Incoming data. Topic 6/pos, mensaje {"x": 104.82, "y": 83.49, "yaw": 0.865, "timestamp": 1780404307.2925043}
2026-06-02 14:45:07.332 - [robot_6_log_20260602_144504.csv] - DEBUG - Posición actualizada por visión: x=104.82, y=83.49, θ=0.86
2026-06-02 14:45:07.332 - [robot_6_log_20260602_144504.csv] - DEBUG - Frecuencia: 70.44 Hz | Latencia Red/Proc: 39.67 ms
2026-06-02 14:45:07.332 - [robot_6_log_20260602_144504.csv] - DEBUG - Incoming data. Topic 6/pos, mensaje {"x": 104.82, "y": 83.49, "yaw": 0.865, "timestamp": 1780404307.2925043}
2026-06-02 14:45:07.332 - [robot_6_log_20260602_144504.csv] - DEBUG - Posición actualizada por visión: x=104.82, y=83.49, θ=0.86
2026-06-02 14:45:07.332 - [robot_6_log_20260602_144504.csv] - WARNING - Estado FSM: AVANZA | Target Wall: None | Target Theta: 0.00° |theta: 49.56084927881621 
2026-06-02 14:45:07.332 - [robot_6_log_20260602_144504.csv] - DEBUG - Frecuencia: 19878.22 Hz | Latencia Red/Proc: 39.72 ms
2026-06-02 14:45:07.350 - [robot_6_log_20260602_144504.csv] - DEBUG - Incoming data. Topic agent/6/wheel, mensaje {"Wleft":6.073159266,"Wright":5.988542868}
2026-06-02 14:45:07.360 - [robot_6_log_20260602_144504.csv] - DEBUG - Despachado a ZMQ -> agent/6/move: {'v': 20.0, 'w': 0.0}
2026-06-02 14:45:07.381 - [robot_6_log_20260602_144504.csv] - INFO - Usando posición VISION: x=104.82, y=83.49, θ=0.86
2026-06-02 14:45:07.382 - [robot_6_log_20260602_144504.csv] - INFO - Distancias a paredes: Left: 104.82, Right: 345.18, Top: 56.51, Bottom: 83.49
2026-06-02 14:45:07.382 - [robot_6_log_20260602_144504.csv] - INFO - Posicion: 104.82, 83.49, 0.865 | Velocidad: -0.7610952636313663, 0.648640115686581
2026-06-02 14:45:07.382 - [robot_6_log_20260602_144504.csv] - INFO - None
2026-06-02 14:45:07.382 - [robot_6_log_20260602_144504.csv] - WARNING - Estado FSM: AVANZA | Target Wall: None | Target Theta: 0.00° |theta: 49.56084927881621 
2026-06-02 14:45:07.393 - [robot_6_log_20260602_144504.csv] - DEBUG - Incoming data. Topic 6/pos, mensaje {"x": 103.38, "y": 84.65, "yaw": 0.868, "timestamp": 1780404307.3871727}
2026-06-02 14:45:07.398 - [robot_6_log_20260602_144504.csv] - DEBUG - Posición actualizada por visión: x=103.38, y=84.65, θ=0.87
2026-06-02 14:45:07.403 - [robot_6_log_20260602_144504.csv] - DEBUG - Frecuencia: 13.98 Hz | Latencia Red/Proc: 16.61 ms
2026-06-02 14:45:07.403 - [robot_6_log_20260602_144504.csv] - DEBUG - Despachado a ZMQ -> agent/6/move: {'v': 20.0, 'w': 0.0}
2026-06-02 14:45:07.413 - [robot_6_log_20260602_144504.csv] - DEBUG - Incoming data. Topic 6/pos, mensaje {"x": 103.38, "y": 84.65, "yaw": 0.868, "timestamp": 1780404307.3871727}
2026-06-02 14:45:07.425 - [robot_6_log_20260602_144504.csv] - DEBUG - Posición actualizada por visión: x=103.38, y=84.65, θ=0.87
2026-06-02 14:45:07.425 - [robot_6_log_20260602_144504.csv] - DEBUG - Frecuencia: 46.47 Hz | Latencia Red/Proc: 38.13 ms
2026-06-02 14:45:07.425 - [robot_6_log_20260602_144504.csv] - DEBUG - Incoming data. Topic 6/pos, mensaje {"x": 103.38, "y": 84.65, "yaw": 0.868, "timestamp": 1780404307.3990057}
2026-06-02 14:45:07.430 - [robot_6_log_20260602_144504.csv] - DEBUG - Posición actualizada por visión: x=103.38, y=84.65, θ=0.87
2026-06-02 14:45:07.431 - [robot_6_log_20260602_144504.csv] - INFO - Usando posición VISION: x=103.38, y=84.65, θ=0.87
2026-06-02 14:45:07.432 - [robot_6_log_20260602_144504.csv] - DEBUG - Frecuencia: 147.79 Hz | Latencia Red/Proc: 33.06 ms
2026-06-02 14:45:07.432 - [robot_6_log_20260602_144504.csv] - INFO - Distancias a paredes: Left: 103.38, Right: 346.62, Top: 55.35, Bottom: 84.65
2026-06-02 14:45:07.432 - [robot_6_log_20260602_144504.csv] - INFO - Posicion: 103.38, 84.65, 0.868 | Velocidad: -0.7630377561334292, 0.6463539144422825
2026-06-02 14:45:07.432 - [robot_6_log_20260602_144504.csv] - INFO - None
2026-06-02 14:45:07.432 - [robot_6_log_20260602_144504.csv] - DEBUG - Incoming data. Topic 6/pos, mensaje {"x": 103.38, "y": 84.65, "yaw": 0.868, "timestamp": 1780404307.3990057}
2026-06-02 14:45:07.432 - [robot_6_log_20260602_144504.csv] - WARNING - Estado FSM: AVANZA | Target Wall: None | Target Theta: 0.00° |theta: 49.73273661735546 
2026-06-02 14:45:07.432 - [robot_6_log_20260602_144504.csv] - DEBUG - Posición actualizada por visión: x=103.38, y=84.65, θ=0.87
2026-06-02 14:45:07.442 - [robot_6_log_20260602_144504.csv] - DEBUG - Frecuencia: 95.29 Hz | Latencia Red/Proc: 43.56 ms
2026-06-02 14:45:07.452 - [robot_6_log_20260602_144504.csv] - DEBUG - Despachado a ZMQ -> agent/6/move: {'v': 20.0, 'w': 0.0}
2026-06-02 14:45:07.452 - [robot_6_log_20260602_144504.csv] - DEBUG - Incoming data. Topic agent/6/wheel, mensaje {"Wleft":2.022561781,"Wright":5.965313366}
2026-06-02 14:45:07.481 - [robot_6_log_20260602_144504.csv] - INFO - Usando posición VISION: x=103.38, y=84.65, θ=0.87
2026-06-02 14:45:07.482 - [robot_6_log_20260602_144504.csv] - INFO - Distancias a paredes: Left: 103.38, Right: 346.62, Top: 55.35, Bottom: 84.65
2026-06-02 14:45:07.482 - [robot_6_log_20260602_144504.csv] - INFO - Posicion: 103.38, 84.65, 0.868 | Velocidad: -0.7630377561334292, 0.6463539144422825
2026-06-02 14:45:07.482 - [robot_6_log_20260602_144504.csv] - INFO - None
2026-06-02 14:45:07.482 - [robot_6_log_20260602_144504.csv] - WARNING - Estado FSM: AVANZA | Target Wall: None | Target Theta: 0.00° |theta: 49.73273661735546 
2026-06-02 14:45:07.497 - [robot_6_log_20260602_144504.csv] - DEBUG - Incoming data. Topic 6/pos, mensaje {"x": 101.84, "y": 85.84, "yaw": 0.875, "timestamp": 1780404307.4874294}
2026-06-02 14:45:07.502 - [robot_6_log_20260602_144504.csv] - DEBUG - Despachado a ZMQ -> agent/6/move: {'v': 20.0, 'w': 0.0}
2026-06-02 14:45:07.502 - [robot_6_log_20260602_144504.csv] - DEBUG - Posición actualizada por visión: x=101.84, y=85.84, θ=0.88
2026-06-02 14:45:07.502 - [robot_6_log_20260602_144504.csv] - DEBUG - Frecuencia: 16.58 Hz | Latencia Red/Proc: 15.45 ms
2026-06-02 14:45:07.502 - [robot_6_log_20260602_144504.csv] - DEBUG - Incoming data. Topic 6/pos, mensaje {"x": 101.84, "y": 85.84, "yaw": 0.875, "timestamp": 1780404307.4874294}
2026-06-02 14:45:07.502 - [robot_6_log_20260602_144504.csv] - DEBUG - Posición actualizada por visión: x=101.84, y=85.84, θ=0.88
2026-06-02 14:45:07.502 - [robot_6_log_20260602_144504.csv] - DEBUG - Frecuencia: 9642.08 Hz | Latencia Red/Proc: 15.55 ms
2026-06-02 14:45:07.503 - [robot_6_log_20260602_144504.csv] - DEBUG - Incoming data. Topic 6/pos, mensaje {"x": 101.84, "y": 85.84, "yaw": 0.875, "timestamp": 1780404307.499209}
2026-06-02 14:45:07.503 - [robot_6_log_20260602_144504.csv] - DEBUG - Posición actualizada por visión: x=101.84, y=85.84, θ=0.88
2026-06-02 14:45:07.503 - [robot_6_log_20260602_144504.csv] - DEBUG - Frecuencia: 11881.88 Hz | Latencia Red/Proc: 3.86 ms
2026-06-02 14:45:07.503 - [robot_6_log_20260602_144504.csv] - DEBUG - Incoming data. Topic 6/pos, mensaje {"x": 101.84, "y": 85.84, "yaw": 0.875, "timestamp": 1780404307.499209}
2026-06-02 14:45:07.503 - [robot_6_log_20260602_144504.csv] - DEBUG - Posición actualizada por visión: x=101.84, y=85.84, θ=0.88
2026-06-02 14:45:07.503 - [robot_6_log_20260602_144504.csv] - DEBUG - Frecuencia: 12300.01 Hz | Latencia Red/Proc: 3.94 ms
2026-06-02 14:45:07.531 - [robot_6_log_20260602_144504.csv] - INFO - Usando posición VISION: x=101.84, y=85.84, θ=0.88
2026-06-02 14:45:07.531 - [robot_6_log_20260602_144504.csv] - INFO - Distancias a paredes: Left: 101.84, Right: 348.16, Top: 54.16, Bottom: 85.84
2026-06-02 14:45:07.531 - [robot_6_log_20260602_144504.csv] - INFO - Posicion: 101.84, 85.84, 0.875 | Velocidad: -0.7675435022360271, 0.6409968581633251
2026-06-02 14:45:07.532 - [robot_6_log_20260602_144504.csv] - INFO - None
2026-06-02 14:45:07.532 - [robot_6_log_20260602_144504.csv] - WARNING - Estado FSM: AVANZA | Target Wall: None | Target Theta: 0.00° |theta: 50.13380707394703 
2026-06-02 14:45:07.537 - [robot_6_log_20260602_144504.csv] - DEBUG - Despachado a ZMQ -> agent/6/move: {'v': 20.0, 'w': 0.0}
2026-06-02 14:45:07.581 - [robot_6_log_20260602_144504.csv] - INFO - Usando posición VISION: x=101.84, y=85.84, θ=0.88
2026-06-02 14:45:07.582 - [robot_6_log_20260602_144504.csv] - DEBUG - Incoming data. Topic agent/6/wheel, mensaje {"Wleft":4.067082199,"Wright":6.027832391}
2026-06-02 14:45:07.582 - [robot_6_log_20260602_144504.csv] - INFO - Distancias a paredes: Left: 101.84, Right: 348.16, Top: 54.16, Bottom: 85.84
2026-06-02 14:45:07.582 - [robot_6_log_20260602_144504.csv] - INFO - Posicion: 101.84, 85.84, 0.875 | Velocidad: -0.7675435022360271, 0.6409968581633251
2026-06-02 14:45:07.582 - [robot_6_log_20260602_144504.csv] - INFO - None
2026-06-02 14:45:07.582 - [robot_6_log_20260602_144504.csv] - WARNING - Estado FSM: AVANZA | Target Wall: None | Target Theta: 0.00° |theta: 50.13380707394703 
2026-06-02 14:45:07.598 - [robot_6_log_20260602_144504.csv] - DEBUG - Incoming data. Topic 6/pos, mensaje {"x": 100.28, "y": 87.15, "yaw": 0.872, "timestamp": 1780404307.5932806}
2026-06-02 14:45:07.603 - [robot_6_log_20260602_144504.csv] - DEBUG - Posición actualizada por visión: x=100.28, y=87.15, θ=0.87
2026-06-02 14:45:07.608 - [robot_6_log_20260602_144504.csv] - DEBUG - Frecuencia: 9.46 Hz | Latencia Red/Proc: 15.52 ms
2026-06-02 14:45:07.608 - [robot_6_log_20260602_144504.csv] - DEBUG - Despachado a ZMQ -> agent/6/move: {'v': 20.0, 'w': 0.0}
2026-06-02 14:45:07.624 - [robot_6_log_20260602_144504.csv] - DEBUG - Incoming data. Topic 6/pos, mensaje {"x": 100.28, "y": 87.15, "yaw": 0.872, "timestamp": 1780404307.5932806}
2026-06-02 14:45:07.631 - [robot_6_log_20260602_144504.csv] - INFO - Usando posición VISION: x=100.28, y=87.15, θ=0.87
2026-06-02 14:45:07.632 - [robot_6_log_20260602_144504.csv] - DEBUG - Posición actualizada por visión: x=100.28, y=87.15, θ=0.87
2026-06-02 14:45:07.632 - [robot_6_log_20260602_144504.csv] - INFO - Distancias a paredes: Left: 100.28, Right: 349.72, Top: 52.85, Bottom: 87.15
2026-06-02 14:45:07.632 - [robot_6_log_20260602_144504.csv] - DEBUG - Frecuencia: 42.78 Hz | Latencia Red/Proc: 38.90 ms
2026-06-02 14:45:07.632 - [robot_6_log_20260602_144504.csv] - INFO - Posicion: 100.28, 87.15, 0.872 | Velocidad: -0.7656170606028521, 0.6432966007323906
2026-06-02 14:45:07.632 - [robot_6_log_20260602_144504.csv] - INFO - None
2026-06-02 14:45:07.632 - [robot_6_log_20260602_144504.csv] - DEBUG - Incoming data. Topic 6/pos, mensaje {"x": 100.28, "y": 87.15, "yaw": 0.872, "timestamp": 1780404307.6051233}
2026-06-02 14:45:07.632 - [robot_6_log_20260602_144504.csv] - WARNING - Estado FSM: AVANZA | Target Wall: None | Target Theta: 0.00° |theta: 49.96191973540778 
2026-06-02 14:45:07.632 - [robot_6_log_20260602_144504.csv] - DEBUG - Posición actualizada por visión: x=100.28, y=87.15, θ=0.87
2026-06-02 14:45:07.642 - [robot_6_log_20260602_144504.csv] - DEBUG - Frecuencia: 96.05 Hz | Latencia Red/Proc: 37.47 ms
2026-06-02 14:45:07.652 - [robot_6_log_20260602_144504.csv] - DEBUG - Despachado a ZMQ -> agent/6/move: {'v': 20.0, 'w': 0.0}
2026-06-02 14:45:07.652 - [robot_6_log_20260602_144504.csv] - DEBUG - Incoming data. Topic 6/pos, mensaje {"x": 100.28, "y": 87.15, "yaw": 0.872, "timestamp": 1780404307.6051233}
2026-06-02 14:45:07.657 - [robot_6_log_20260602_144504.csv] - DEBUG - Posición actualizada por visión: x=100.28, y=87.15, θ=0.87
2026-06-02 14:45:07.663 - [robot_6_log_20260602_144504.csv] - DEBUG - Frecuencia: 48.86 Hz | Latencia Red/Proc: 57.93 ms
2026-06-02 14:45:07.668 - [robot_6_log_20260602_144504.csv] - DEBUG - Incoming data. Topic agent/6/wheel, mensaje {"Wleft":6.044663747,"Wright":6.177715477}
2026-06-02 14:45:07.681 - [robot_6_log_20260602_144504.csv] - INFO - Usando posición VISION: x=100.28, y=87.15, θ=0.87
2026-06-02 14:45:07.682 - [robot_6_log_20260602_144504.csv] - INFO - Distancias a paredes: Left: 100.28, Right: 349.72, Top: 52.85, Bottom: 87.15
2026-06-02 14:45:07.682 - [robot_6_log_20260602_144504.csv] - INFO - Posicion: 100.28, 87.15, 0.872 | Velocidad: -0.7656170606028521, 0.6432966007323906
2026-06-02 14:45:07.682 - [robot_6_log_20260602_144504.csv] - INFO - None
2026-06-02 14:45:07.682 - [robot_6_log_20260602_144504.csv] - WARNING - Estado FSM: AVANZA | Target Wall: None | Target Theta: 0.00° |theta: 49.96191973540778 
2026-06-02 14:45:07.688 - [robot_6_log_20260602_144504.csv] - DEBUG - Incoming data. Topic 6/pos, mensaje {"x": 98.69, "y": 88.54, "yaw": 0.873, "timestamp": 1780404307.6871178}
2026-06-02 14:45:07.698 - [robot_6_log_20260602_144504.csv] - DEBUG - Despachado a ZMQ -> agent/6/move: {'v': 20.0, 'w': 0.0}
2026-06-02 14:45:07.698 - [robot_6_log_20260602_144504.csv] - DEBUG - Posición actualizada por visión: x=98.69, y=88.54, θ=0.87
2026-06-02 14:45:07.725 - [robot_6_log_20260602_144504.csv] - DEBUG - Frecuencia: 16.13 Hz | Latencia Red/Proc: 37.92 ms
2026-06-02 14:45:07.731 - [robot_6_log_20260602_144504.csv] - INFO - Usando posición VISION: x=98.69, y=88.54, θ=0.87
2026-06-02 14:45:07.731 - [robot_6_log_20260602_144504.csv] - INFO - Distancias a paredes: Left: 98.69, Right: 351.31, Top: 51.46, Bottom: 88.54
2026-06-02 14:45:07.732 - [robot_6_log_20260602_144504.csv] - INFO - Posicion: 98.69, 88.54, 0.873 | Velocidad: -0.76625997428787, 0.6425306621511171
2026-06-02 14:45:07.732 - [robot_6_log_20260602_144504.csv] - INFO - None
2026-06-02 14:45:07.732 - [robot_6_log_20260602_144504.csv] - WARNING - Estado FSM: AVANZA | Target Wall: None | Target Theta: 0.00° |theta: 50.019215514920866 
2026-06-02 14:45:07.737 - [robot_6_log_20260602_144504.csv] - DEBUG - Incoming data. Topic 6/pos, mensaje {"x": 98.69, "y": 88.54, "yaw": 0.873, "timestamp": 1780404307.6871178}
2026-06-02 14:45:07.742 - [robot_6_log_20260602_144504.csv] - DEBUG - Posición actualizada por visión: x=98.69, y=88.54, θ=0.87
2026-06-02 14:45:07.747 - [robot_6_log_20260602_144504.csv] - DEBUG - Frecuencia: 44.40 Hz | Latencia Red/Proc: 60.44 ms
2026-06-02 14:45:07.757 - [robot_6_log_20260602_144504.csv] - DEBUG - Incoming data. Topic 6/pos, mensaje {"x": 98.69, "y": 88.54, "yaw": 0.873, "timestamp": 1780404307.69901}
2026-06-02 14:45:07.762 - [robot_6_log_20260602_144504.csv] - DEBUG - Posición actualizada por visión: x=98.69, y=88.54, θ=0.87
2026-06-02 14:45:07.763 - [robot_6_log_20260602_144504.csv] - DEBUG - Despachado a ZMQ -> agent/6/move: {'v': 20.0, 'w': 0.0}
2026-06-02 14:45:07.773 - [robot_6_log_20260602_144504.csv] - DEBUG - Frecuencia: 39.05 Hz | Latencia Red/Proc: 74.16 ms
2026-06-02 14:45:07.781 - [robot_6_log_20260602_144504.csv] - INFO - Usando posición VISION: x=98.69, y=88.54, θ=0.87
2026-06-02 14:45:07.782 - [robot_6_log_20260602_144504.csv] - INFO - Distancias a paredes: Left: 98.69, Right: 351.31, Top: 51.46, Bottom: 88.54
2026-06-02 14:45:07.782 - [robot_6_log_20260602_144504.csv] - INFO - Posicion: 98.69, 88.54, 0.873 | Velocidad: -0.76625997428787, 0.6425306621511171
2026-06-02 14:45:07.782 - [robot_6_log_20260602_144504.csv] - INFO - None
2026-06-02 14:45:07.782 - [robot_6_log_20260602_144504.csv] - DEBUG - Incoming data. Topic 6/pos, mensaje {"x": 98.69, "y": 88.54, "yaw": 0.873, "timestamp": 1780404307.69901}
2026-06-02 14:45:07.782 - [robot_6_log_20260602_144504.csv] - WARNING - Estado FSM: AVANZA | Target Wall: None | Target Theta: 0.00° |theta: 50.019215514920866 
2026-06-02 14:45:07.782 - [robot_6_log_20260602_144504.csv] - DEBUG - Posición actualizada por visión: x=98.69, y=88.54, θ=0.87
2026-06-02 14:45:07.787 - [robot_6_log_20260602_144504.csv] - DEBUG - Despachado a ZMQ -> agent/6/move: {'v': 20.0, 'w': 0.0}
2026-06-02 14:45:07.787 - [robot_6_log_20260602_144504.csv] - DEBUG - Frecuencia: 67.69 Hz | Latencia Red/Proc: 88.93 ms
2026-06-02 14:45:07.798 - [robot_6_log_20260602_144504.csv] - DEBUG - Incoming data. Topic agent/6/wheel, mensaje {"Wleft":2.048272562,"Wright":6.415913299}
2026-06-02 14:45:07.803 - [robot_6_log_20260602_144504.csv] - DEBUG - Incoming data. Topic 6/pos, mensaje {"x": 97.12, "y": 90.05, "yaw": 0.863, "timestamp": 1780404307.790061}
2026-06-02 14:45:07.808 - [robot_6_log_20260602_144504.csv] - DEBUG - Posición actualizada por visión: x=97.12, y=90.05, θ=0.86
2026-06-02 14:45:07.808 - [robot_6_log_20260602_144504.csv] - DEBUG - Frecuencia: 48.01 Hz | Latencia Red/Proc: 18.71 ms
2026-06-02 14:45:07.813 - [robot_6_log_20260602_144504.csv] - DEBUG - Incoming data. Topic 6/pos, mensaje {"x": 97.12, "y": 90.05, "yaw": 0.863, "timestamp": 1780404307.790061}
2026-06-02 14:45:07.813 - [robot_6_log_20260602_144504.csv] - DEBUG - Posición actualizada por visión: x=97.12, y=90.05, θ=0.86
2026-06-02 14:45:07.814 - [robot_6_log_20260602_144504.csv] - DEBUG - Frecuencia: 190.85 Hz | Latencia Red/Proc: 23.95 ms
2026-06-02 14:45:07.814 - [robot_6_log_20260602_144504.csv] - DEBUG - Incoming data. Topic 6/pos, mensaje {"x": 97.12, "y": 90.05, "yaw": 0.863, "timestamp": 1780404307.800461}
2026-06-02 14:45:07.814 - [robot_6_log_20260602_144504.csv] - DEBUG - Posición actualizada por visión: x=97.12, y=90.05, θ=0.86
2026-06-02 14:45:07.814 - [robot_6_log_20260602_144504.csv] - DEBUG - Frecuencia: 4025.24 Hz | Latencia Red/Proc: 13.80 ms
2026-06-02 14:45:07.814 - [robot_6_log_20260602_144504.csv] - DEBUG - Incoming data. Topic 6/pos, mensaje {"x": 97.12, "y": 90.05, "yaw": 0.863, "timestamp": 1780404307.800461}
2026-06-02 14:45:07.814 - [robot_6_log_20260602_144504.csv] - DEBUG - Posición actualizada por visión: x=97.12, y=90.05, θ=0.86
2026-06-02 14:45:07.819 - [robot_6_log_20260602_144504.csv] - DEBUG - Frecuencia: 193.87 Hz | Latencia Red/Proc: 18.96 ms
2026-06-02 14:45:07.831 - [robot_6_log_20260602_144504.csv] - INFO - Usando posición VISION: x=97.12, y=90.05, θ=0.86
2026-06-02 14:45:07.831 - [robot_6_log_20260602_144504.csv] - INFO - Distancias a paredes: Left: 97.12, Right: 352.88, Top: 49.95, Bottom: 90.05
2026-06-02 14:45:07.832 - [robot_6_log_20260602_144504.csv] - INFO - Posicion: 97.12, 90.05, 0.863 | Velocidad: -0.7597964620748265, 0.6501610079192512
2026-06-02 14:45:07.832 - [robot_6_log_20260602_144504.csv] - INFO - None
2026-06-02 14:45:07.832 - [robot_6_log_20260602_144504.csv] - WARNING - Estado FSM: AVANZA | Target Wall: None | Target Theta: 0.00° |theta: 49.44625771979005 
2026-06-02 14:45:07.852 - [robot_6_log_20260602_144504.csv] - DEBUG - Despachado a ZMQ -> agent/6/move: {'v': 20.0, 'w': 0.0}
2026-06-02 14:45:07.863 - [robot_6_log_20260602_144504.csv] - DEBUG - Incoming data. Topic agent/6/wheel, mensaje {"Wleft":8.091564248,"Wright":6.239879946}
2026-06-02 14:45:07.881 - [robot_6_log_20260602_144504.csv] - INFO - Usando posición VISION: x=97.12, y=90.05, θ=0.86
2026-06-02 14:45:07.882 - [robot_6_log_20260602_144504.csv] - INFO - Distancias a paredes: Left: 97.12, Right: 352.88, Top: 49.95, Bottom: 90.05
2026-06-02 14:45:07.882 - [robot_6_log_20260602_144504.csv] - INFO - Posicion: 97.12, 90.05, 0.863 | Velocidad: -0.7597964620748265, 0.6501610079192512
2026-06-02 14:45:07.882 - [robot_6_log_20260602_144504.csv] - INFO - None
2026-06-02 14:45:07.882 - [robot_6_log_20260602_144504.csv] - WARNING - Estado FSM: AVANZA | Target Wall: None | Target Theta: 0.00° |theta: 49.44625771979005 
2026-06-02 14:45:07.893 - [robot_6_log_20260602_144504.csv] - DEBUG - Incoming data. Topic 6/pos, mensaje {"x": 95.58, "y": 91.6, "yaw": 0.863, "timestamp": 1780404307.8834636}
2026-06-02 14:45:07.898 - [robot_6_log_20260602_144504.csv] - DEBUG - Posición actualizada por visión: x=95.58, y=91.60, θ=0.86
2026-06-02 14:45:07.903 - [robot_6_log_20260602_144504.csv] - DEBUG - Despachado a ZMQ -> agent/6/move: {'v': 20.0, 'w': 0.0}
2026-06-02 14:45:07.903 - [robot_6_log_20260602_144504.csv] - DEBUG - Frecuencia: 11.88 Hz | Latencia Red/Proc: 20.16 ms
2026-06-02 14:45:07.925 - [robot_6_log_20260602_144504.csv] - DEBUG - Incoming data. Topic 6/pos, mensaje {"x": 95.58, "y": 91.6, "yaw": 0.863, "timestamp": 1780404307.8834636}
2026-06-02 14:45:07.925 - [robot_6_log_20260602_144504.csv] - DEBUG - Posición actualizada por visión: x=95.58, y=91.60, θ=0.86
2026-06-02 14:45:07.925 - [robot_6_log_20260602_144504.csv] - DEBUG - Frecuencia: 46.46 Hz | Latencia Red/Proc: 41.68 ms
2026-06-02 14:45:07.925 - [robot_6_log_20260602_144504.csv] - DEBUG - Incoming data. Topic 6/pos, mensaje {"x": 95.58, "y": 91.6, "yaw": 0.863, "timestamp": 1780404307.8929522}
2026-06-02 14:45:07.925 - [robot_6_log_20260602_144504.csv] - DEBUG - Posición actualizada por visión: x=95.58, y=91.60, θ=0.86
2026-06-02 14:45:07.925 - [robot_6_log_20260602_144504.csv] - DEBUG - Frecuencia: 10672.53 Hz | Latencia Red/Proc: 32.29 ms
2026-06-02 14:45:07.925 - [robot_6_log_20260602_144504.csv] - DEBUG - Incoming data. Topic 6/pos, mensaje {"x": 95.58, "y": 91.6, "yaw": 0.863, "timestamp": 1780404307.8929522}
2026-06-02 14:45:07.925 - [robot_6_log_20260602_144504.csv] - DEBUG - Posición actualizada por visión: x=95.58, y=91.60, θ=0.86
2026-06-02 14:45:07.925 - [robot_6_log_20260602_144504.csv] - DEBUG - Frecuencia: 11244.78 Hz | Latencia Red/Proc: 32.38 ms
2026-06-02 14:45:07.931 - [robot_6_log_20260602_144504.csv] - INFO - Usando posición VISION: x=95.58, y=91.60, θ=0.86
2026-06-02 14:45:07.931 - [robot_6_log_20260602_144504.csv] - INFO - Distancias a paredes: Left: 95.58, Right: 354.42, Top: 48.40, Bottom: 91.60
2026-06-02 14:45:07.932 - [robot_6_log_20260602_144504.csv] - INFO - Posicion: 95.58, 91.6, 0.863 | Velocidad: -0.7597964620748265, 0.6501610079192512
2026-06-02 14:45:07.932 - [robot_6_log_20260602_144504.csv] - INFO - None
2026-06-02 14:45:07.932 - [robot_6_log_20260602_144504.csv] - WARNING - Estado FSM: AVANZA | Target Wall: None | Target Theta: 0.00° |theta: 49.44625771979005 
2026-06-02 14:45:07.953 - [robot_6_log_20260602_144504.csv] - DEBUG - Despachado a ZMQ -> agent/6/move: {'v': 20.0, 'w': 0.0}
2026-06-02 14:45:07.953 - [robot_6_log_20260602_144504.csv] - DEBUG - Incoming data. Topic agent/6/wheel, mensaje {"Wleft":0.022195794,"Wright":6.542994047}
2026-06-02 14:45:07.981 - [robot_6_log_20260602_144504.csv] - INFO - Usando posición VISION: x=95.58, y=91.60, θ=0.86
2026-06-02 14:45:07.981 - [robot_6_log_20260602_144504.csv] - INFO - Distancias a paredes: Left: 95.58, Right: 354.42, Top: 48.40, Bottom: 91.60
2026-06-02 14:45:07.982 - [robot_6_log_20260602_144504.csv] - INFO - Posicion: 95.58, 91.6, 0.863 | Velocidad: -0.7597964620748265, 0.6501610079192512
2026-06-02 14:45:07.982 - [robot_6_log_20260602_144504.csv] - INFO - None
2026-06-02 14:45:07.982 - [robot_6_log_20260602_144504.csv] - WARNING - Estado FSM: AVANZA | Target Wall: None | Target Theta: 0.00° |theta: 49.44625771979005 
2026-06-02 14:45:07.992 - [robot_6_log_20260602_144504.csv] - DEBUG - Incoming data. Topic 6/pos, mensaje {"x": 94.08, "y": 93.13, "yaw": 0.852, "timestamp": 1780404307.9878948}
2026-06-02 14:45:07.997 - [robot_6_log_20260602_144504.csv] - DEBUG - Posición actualizada por visión: x=94.08, y=93.13, θ=0.85
2026-06-02 14:45:08.002 - [robot_6_log_20260602_144504.csv] - DEBUG - Frecuencia: 12.94 Hz | Latencia Red/Proc: 14.74 ms
2026-06-02 14:45:08.007 - [robot_6_log_20260602_144504.csv] - DEBUG - Despachado a ZMQ -> agent/6/move: {'v': 20.0, 'w': 0.0}
2026-06-02 14:45:08.012 - [robot_6_log_20260602_144504.csv] - DEBUG - Incoming data. Topic 6/pos, mensaje {"x": 94.08, "y": 93.13, "yaw": 0.852, "timestamp": 1780404307.9878948}
2026-06-02 14:45:08.031 - [robot_6_log_20260602_144504.csv] - INFO - Usando posición VISION: x=94.08, y=93.13, θ=0.85
2026-06-02 14:45:08.032 - [robot_6_log_20260602_144504.csv] - INFO - Distancias a paredes: Left: 94.08, Right: 355.92, Top: 46.87, Bottom: 93.13
2026-06-02 14:45:08.032 - [robot_6_log_20260602_144504.csv] - INFO - Posicion: 94.08, 93.13, 0.852 | Velocidad: -0.7525988679917759, 0.6584792661105568
2026-06-02 14:45:08.032 - [robot_6_log_20260602_144504.csv] - DEBUG - Posición actualizada por visión: x=94.08, y=93.13, θ=0.85
2026-06-02 14:45:08.032 - [robot_6_log_20260602_144504.csv] - DEBUG - Frecuencia: 33.78 Hz | Latencia Red/Proc: 44.34 ms
2026-06-02 14:45:08.032 - [robot_6_log_20260602_144504.csv] - DEBUG - Incoming data. Topic 6/pos, mensaje {"x": 94.08, "y": 93.13, "yaw": 0.852, "timestamp": 1780404307.9974332}
2026-06-02 14:45:08.032 - [robot_6_log_20260602_144504.csv] - INFO - None
2026-06-02 14:45:08.032 - [robot_6_log_20260602_144504.csv] - DEBUG - Posición actualizada por visión: x=94.08, y=93.13, θ=0.85
2026-06-02 14:45:08.032 - [robot_6_log_20260602_144504.csv] - WARNING - Estado FSM: AVANZA | Target Wall: None | Target Theta: 0.00° |theta: 48.81600414514614 
2026-06-02 14:45:08.032 - [robot_6_log_20260602_144504.csv] - DEBUG - Frecuencia: 4391.94 Hz | Latencia Red/Proc: 35.03 ms
2026-06-02 14:45:08.042 - [robot_6_log_20260602_144504.csv] - DEBUG - Incoming data. Topic 6/pos, mensaje {"x": 94.08, "y": 93.13, "yaw": 0.852, "timestamp": 1780404307.9974332}
2026-06-02 14:45:08.042 - [robot_6_log_20260602_144504.csv] - DEBUG - Posición actualizada por visión: x=94.08, y=93.13, θ=0.85
2026-06-02 14:45:08.043 - [robot_6_log_20260602_144504.csv] - DEBUG - Frecuencia: 94.34 Hz | Latencia Red/Proc: 45.63 ms
2026-06-02 14:45:08.053 - [robot_6_log_20260602_144504.csv] - DEBUG - Incoming data. Topic agent/6/wheel, mensaje {"Wleft":2,"Wright":6.223445877}
2026-06-02 14:45:08.058 - [robot_6_log_20260602_144504.csv] - DEBUG - Despachado a ZMQ -> agent/6/move: {'v': 20.0, 'w': 0.0}
2026-06-02 14:45:08.081 - [robot_6_log_20260602_144504.csv] - INFO - Usando posición VISION: x=94.08, y=93.13, θ=0.85
2026-06-02 14:45:08.082 - [robot_6_log_20260602_144504.csv] - INFO - Distancias a paredes: Left: 94.08, Right: 355.92, Top: 46.87, Bottom: 93.13
2026-06-02 14:45:08.082 - [robot_6_log_20260602_144504.csv] - INFO - Posicion: 94.08, 93.13, 0.852 | Velocidad: -0.7525988679917759, 0.6584792661105568
2026-06-02 14:45:08.082 - [robot_6_log_20260602_144504.csv] - INFO - None
2026-06-02 14:45:08.082 - [robot_6_log_20260602_144504.csv] - WARNING - Estado FSM: AVANZA | Target Wall: None | Target Theta: 0.00° |theta: 48.81600414514614 
2026-06-02 14:45:08.087 - [robot_6_log_20260602_144504.csv] - DEBUG - Incoming data. Topic 6/pos, mensaje {"x": 92.65, "y": 94.57, "yaw": 0.847, "timestamp": 1780404308.0833817}
2026-06-02 14:45:08.092 - [robot_6_log_20260602_144504.csv] - DEBUG - Posición actualizada por visión: x=92.65, y=94.57, θ=0.85
2026-06-02 14:45:08.097 - [robot_6_log_20260602_144504.csv] - DEBUG - Frecuencia: 18.28 Hz | Latencia Red/Proc: 14.40 ms
2026-06-02 14:45:08.097 - [robot_6_log_20260602_144504.csv] - DEBUG - Despachado a ZMQ -> agent/6/move: {'v': 20.0, 'w': 0.0}
2026-06-02 14:45:08.118 - [robot_6_log_20260602_144504.csv] - DEBUG - Incoming data. Topic 6/pos, mensaje {"x": 92.65, "y": 94.57, "yaw": 0.847, "timestamp": 1780404308.0833817}
2026-06-02 14:45:08.123 - [robot_6_log_20260602_144504.csv] - DEBUG - Posición actualizada por visión: x=92.65, y=94.57, θ=0.85
2026-06-02 14:45:08.128 - [robot_6_log_20260602_144504.csv] - DEBUG - Frecuencia: 32.46 Hz | Latencia Red/Proc: 45.21 ms
2026-06-02 14:45:08.131 - [robot_6_log_20260602_144504.csv] - INFO - Usando posición VISION: x=92.65, y=94.57, θ=0.85
2026-06-02 14:45:08.131 - [robot_6_log_20260602_144504.csv] - DEBUG - Incoming data. Topic 6/pos, mensaje {"x": 92.65, "y": 94.57, "yaw": 0.847, "timestamp": 1780404308.0919728}
2026-06-02 14:45:08.131 - [robot_6_log_20260602_144504.csv] - INFO - Distancias a paredes: Left: 92.65, Right: 357.35, Top: 45.43, Bottom: 94.57
2026-06-02 14:45:08.132 - [robot_6_log_20260602_144504.csv] - DEBUG - Posición actualizada por visión: x=92.65, y=94.57, θ=0.85
2026-06-02 14:45:08.132 - [robot_6_log_20260602_144504.csv] - INFO - Posicion: 92.65, 94.57, 0.847 | Velocidad: -0.749297077913273, 0.6622340137977137
2026-06-02 14:45:08.132 - [robot_6_log_20260602_144504.csv] - DEBUG - Frecuencia: 288.13 Hz | Latencia Red/Proc: 40.09 ms
2026-06-02 14:45:08.132 - [robot_6_log_20260602_144504.csv] - INFO - None
2026-06-02 14:45:08.132 - [robot_6_log_20260602_144504.csv] - DEBUG - Incoming data. Topic 6/pos, mensaje {"x": 92.65, "y": 94.57, "yaw": 0.847, "timestamp": 1780404308.0919728}
2026-06-02 14:45:08.132 - [robot_6_log_20260602_144504.csv] - DEBUG - Posición actualizada por visión: x=92.65, y=94.57, θ=0.85
2026-06-02 14:45:08.132 - [robot_6_log_20260602_144504.csv] - DEBUG - Frecuencia: 7182.03 Hz | Latencia Red/Proc: 40.23 ms
2026-06-02 14:45:08.132 - [robot_6_log_20260602_144504.csv] - WARNING - Estado FSM: AVANZA | Target Wall: None | Target Theta: 0.00° |theta: 48.52952524758073 
2026-06-02 14:45:08.153 - [robot_6_log_20260602_144504.csv] - DEBUG - Despachado a ZMQ -> agent/6/move: {'v': 20.0, 'w': 0.0}
2026-06-02 14:45:08.153 - [robot_6_log_20260602_144504.csv] - DEBUG - Incoming data. Topic agent/6/wheel, mensaje {"Wleft":4.044954249,"Wright":6.453433361}
2026-06-02 14:45:08.181 - [robot_6_log_20260602_144504.csv] - INFO - Usando posición VISION: x=92.65, y=94.57, θ=0.85
2026-06-02 14:45:08.182 - [robot_6_log_20260602_144504.csv] - INFO - Distancias a paredes: Left: 92.65, Right: 357.35, Top: 45.43, Bottom: 94.57
2026-06-02 14:45:08.182 - [robot_6_log_20260602_144504.csv] - INFO - Posicion: 92.65, 94.57, 0.847 | Velocidad: -0.749297077913273, 0.6622340137977137
2026-06-02 14:45:08.182 - [robot_6_log_20260602_144504.csv] - INFO - None
2026-06-02 14:45:08.182 - [robot_6_log_20260602_144504.csv] - WARNING - Estado FSM: AVANZA | Target Wall: None | Target Theta: 0.00° |theta: 48.52952524758073 
2026-06-02 14:45:08.193 - [robot_6_log_20260602_144504.csv] - DEBUG - Incoming data. Topic 6/pos, mensaje {"x": 91.21, "y": 96.0, "yaw": 0.84, "timestamp": 1780404308.18609}
2026-06-02 14:45:08.198 - [robot_6_log_20260602_144504.csv] - DEBUG - Despachado a ZMQ -> agent/6/move: {'v': 20.0, 'w': 0.0}
2026-06-02 14:45:08.198 - [robot_6_log_20260602_144504.csv] - DEBUG - Posición actualizada por visión: x=91.21, y=96.00, θ=0.84
2026-06-02 14:45:08.208 - [robot_6_log_20260602_144504.csv] - DEBUG - Frecuencia: 13.06 Hz | Latencia Red/Proc: 22.70 ms
2026-06-02 14:45:08.208 - [robot_6_log_20260602_144504.csv] - DEBUG - Incoming data. Topic 6/pos, mensaje {"x": 91.21, "y": 96.0, "yaw": 0.84, "timestamp": 1780404308.18609}
2026-06-02 14:45:08.208 - [robot_6_log_20260602_144504.csv] - DEBUG - Posición actualizada por visión: x=91.21, y=96.00, θ=0.84
2026-06-02 14:45:08.208 - [robot_6_log_20260602_144504.csv] - DEBUG - Frecuencia: 8630.26 Hz | Latencia Red/Proc: 22.82 ms
2026-06-02 14:45:08.208 - [robot_6_log_20260602_144504.csv] - DEBUG - Incoming data. Topic 6/pos, mensaje {"x": 91.21, "y": 96.0, "yaw": 0.84, "timestamp": 1780404308.1967082}
2026-06-02 14:45:08.208 - [robot_6_log_20260602_144504.csv] - DEBUG - Posición actualizada por visión: x=91.21, y=96.00, θ=0.84
2026-06-02 14:45:08.209 - [robot_6_log_20260602_144504.csv] - DEBUG - Frecuencia: 11491.24 Hz | Latencia Red/Proc: 12.29 ms
2026-06-02 14:45:08.209 - [robot_6_log_20260602_144504.csv] - DEBUG - Incoming data. Topic 6/pos, mensaje {"x": 91.21, "y": 96.0, "yaw": 0.84, "timestamp": 1780404308.1967082}
2026-06-02 14:45:08.214 - [robot_6_log_20260602_144504.csv] - DEBUG - Posición actualizada por visión: x=91.21, y=96.00, θ=0.84
2026-06-02 14:45:08.214 - [robot_6_log_20260602_144504.csv] - DEBUG - Frecuencia: 190.28 Hz | Latencia Red/Proc: 17.54 ms
2026-06-02 14:45:08.231 - [robot_6_log_20260602_144504.csv] - INFO - Usando posición VISION: x=91.21, y=96.00, θ=0.84
2026-06-02 14:45:08.231 - [robot_6_log_20260602_144504.csv] - INFO - Distancias a paredes: Left: 91.21, Right: 358.79, Top: 44.00, Bottom: 96.00
2026-06-02 14:45:08.232 - [robot_6_log_20260602_144504.csv] - INFO - Posicion: 91.21, 96.0, 0.84 | Velocidad: -0.7446431199708593, 0.6674628258413081
2026-06-02 14:45:08.232 - [robot_6_log_20260602_144504.csv] - INFO - None
2026-06-02 14:45:08.232 - [robot_6_log_20260602_144504.csv] - DEBUG - Despachado a ZMQ -> agent/6/move: {'v': 20.0, 'w': 0.0}
2026-06-02 14:45:08.232 - [robot_6_log_20260602_144504.csv] - WARNING - Estado FSM: AVANZA | Target Wall: None | Target Theta: 0.00° |theta: 48.12845479098915 
2026-06-02 14:45:08.281 - [robot_6_log_20260602_144504.csv] - INFO - Usando posición VISION: x=91.21, y=96.00, θ=0.84
2026-06-02 14:45:08.282 - [robot_6_log_20260602_144504.csv] - INFO - Distancias a paredes: Left: 91.21, Right: 358.79, Top: 44.00, Bottom: 96.00
2026-06-02 14:45:08.282 - [robot_6_log_20260602_144504.csv] - INFO - Posicion: 91.21, 96.0, 0.84 | Velocidad: -0.7446431199708593, 0.6674628258413081
2026-06-02 14:45:08.282 - [robot_6_log_20260602_144504.csv] - INFO - None
2026-06-02 14:45:08.282 - [robot_6_log_20260602_144504.csv] - WARNING - Estado FSM: AVANZA | Target Wall: None | Target Theta: 0.00° |theta: 48.12845479098915 
2026-06-02 14:45:08.297 - [robot_6_log_20260602_144504.csv] - DEBUG - Incoming data. Topic 6/pos, mensaje {"x": 89.78, "y": 97.43, "yaw": 0.814, "timestamp": 1780404308.2816472}
2026-06-02 14:45:08.297 - [robot_6_log_20260602_144504.csv] - DEBUG - Despachado a ZMQ -> agent/6/move: {'v': 20.0, 'w': 0.0}
2026-06-02 14:45:08.308 - [robot_6_log_20260602_144504.csv] - DEBUG - Posición actualizada por visión: x=89.78, y=97.43, θ=0.81
2026-06-02 14:45:08.329 - [robot_6_log_20260602_144504.csv] - DEBUG - Frecuencia: 8.71 Hz | Latencia Red/Proc: 47.36 ms
2026-06-02 14:45:08.332 - [robot_6_log_20260602_144504.csv] - DEBUG - Incoming data. Topic 6/pos, mensaje {"x": 89.78, "y": 97.43, "yaw": 0.814, "timestamp": 1780404308.2816472}
2026-06-02 14:45:08.332 - [robot_6_log_20260602_144504.csv] - DEBUG - Posición actualizada por visión: x=89.78, y=97.43, θ=0.81
2026-06-02 14:45:08.332 - [robot_6_log_20260602_144504.csv] - DEBUG - Frecuencia: 319.71 Hz | Latencia Red/Proc: 50.49 ms
2026-06-02 14:45:08.332 - [robot_6_log_20260602_144504.csv] - DEBUG - Incoming data. Topic 6/pos, mensaje {"x": 89.78, "y": 97.43, "yaw": 0.814, "timestamp": 1780404308.2913315}
2026-06-02 14:45:08.331 - [robot_6_log_20260602_144504.csv] - INFO - Usando posición VISION: x=89.78, y=97.43, θ=0.81
2026-06-02 14:45:08.332 - [robot_6_log_20260602_144504.csv] - INFO - Distancias a paredes: Left: 89.78, Right: 360.22, Top: 42.57, Bottom: 97.43
2026-06-02 14:45:08.332 - [robot_6_log_20260602_144504.csv] - INFO - Posicion: 89.78, 97.43, 0.814 | Velocidad: -0.7270393664576361, 0.6865957759998812
2026-06-02 14:45:08.332 - [robot_6_log_20260602_144504.csv] - INFO - None
2026-06-02 14:45:08.332 - [robot_6_log_20260602_144504.csv] - DEBUG - Posición actualizada por visión: x=89.78, y=97.43, θ=0.81
2026-06-02 14:45:08.332 - [robot_6_log_20260602_144504.csv] - WARNING - Estado FSM: AVANZA | Target Wall: None | Target Theta: 0.00° |theta: 46.63876452364901 
2026-06-02 14:45:08.332 - [robot_6_log_20260602_144504.csv] - DEBUG - Frecuencia: 3603.35 Hz | Latencia Red/Proc: 41.08 ms
2026-06-02 14:45:08.342 - [robot_6_log_20260602_144504.csv] - DEBUG - Despachado a ZMQ -> agent/6/move: {'v': 20.0, 'w': 0.0}
2026-06-02 14:45:08.357 - [robot_6_log_20260602_144504.csv] - DEBUG - Incoming data. Topic 6/pos, mensaje {"x": 89.78, "y": 97.43, "yaw": 0.814, "timestamp": 1780404308.2913315}
2026-06-02 14:45:08.381 - [robot_6_log_20260602_144504.csv] - INFO - Usando posición VISION: x=89.78, y=97.43, θ=0.81
2026-06-02 14:45:08.382 - [robot_6_log_20260602_144504.csv] - DEBUG - Posición actualizada por visión: x=89.78, y=97.43, θ=0.81
2026-06-02 14:45:08.382 - [robot_6_log_20260602_144504.csv] - INFO - Distancias a paredes: Left: 89.78, Right: 360.22, Top: 42.57, Bottom: 97.43
2026-06-02 14:45:08.382 - [robot_6_log_20260602_144504.csv] - DEBUG - Frecuencia: 20.13 Hz | Latencia Red/Proc: 90.76 ms
2026-06-02 14:45:08.382 - [robot_6_log_20260602_144504.csv] - INFO - Posicion: 89.78, 97.43, 0.814 | Velocidad: -0.7270393664576361, 0.6865957759998812
2026-06-02 14:45:08.382 - [robot_6_log_20260602_144504.csv] - INFO - None
2026-06-02 14:45:08.382 - [robot_6_log_20260602_144504.csv] - DEBUG - Incoming data. Topic agent/6/wheel, mensaje {"Wleft":4.040855756,"Wright":6.130094314}
2026-06-02 14:45:08.382 - [robot_6_log_20260602_144504.csv] - WARNING - Estado FSM: AVANZA | Target Wall: None | Target Theta: 0.00° |theta: 46.63876452364901 
2026-06-02 14:45:08.382 - [robot_6_log_20260602_144504.csv] - DEBUG - Incoming data. Topic agent/6/wheel, mensaje {"Wleft":6.092198108,"Wright":6.222222752}
2026-06-02 14:45:08.392 - [robot_6_log_20260602_144504.csv] - DEBUG - Incoming data. Topic 6/pos, mensaje {"x": 88.25, "y": 99.0, "yaw": 0.788, "timestamp": 1780404308.387269}
2026-06-02 14:45:08.403 - [robot_6_log_20260602_144504.csv] - DEBUG - Posición actualizada por visión: x=88.25, y=99.00, θ=0.79
2026-06-02 14:45:08.408 - [robot_6_log_20260602_144504.csv] - DEBUG - Despachado a ZMQ -> agent/6/move: {'v': 20.0, 'w': 0.0}
2026-06-02 14:45:08.408 - [robot_6_log_20260602_144504.csv] - DEBUG - Frecuencia: 38.04 Hz | Latencia Red/Proc: 21.11 ms
2026-06-02 14:45:08.431 - [robot_6_log_20260602_144504.csv] - INFO - Usando posición VISION: x=88.25, y=99.00, θ=0.79
2026-06-02 14:45:08.432 - [robot_6_log_20260602_144504.csv] - INFO - Distancias a paredes: Left: 88.25, Right: 361.75, Top: 41.00, Bottom: 99.00
2026-06-02 14:45:08.432 - [robot_6_log_20260602_144504.csv] - INFO - Posicion: 88.25, 99.0, 0.788 | Velocidad: -0.7089441620186924, 0.7052646135597717
2026-06-02 14:45:08.432 - [robot_6_log_20260602_144504.csv] - INFO - None
2026-06-02 14:45:08.432 - [robot_6_log_20260602_144504.csv] - DEBUG - Incoming data. Topic 6/pos, mensaje {"x": 88.25, "y": 99.0, "yaw": 0.788, "timestamp": 1780404308.387269}
2026-06-02 14:45:08.432 - [robot_6_log_20260602_144504.csv] - WARNING - Estado FSM: AVANZA | Target Wall: None | Target Theta: 0.00° |theta: 45.14907425630887 
2026-06-02 14:45:08.432 - [robot_6_log_20260602_144504.csv] - DEBUG - Posición actualizada por visión: x=88.25, y=99.00, θ=0.79
2026-06-02 14:45:08.442 - [robot_6_log_20260602_144504.csv] - DEBUG - Frecuencia: 29.20 Hz | Latencia Red/Proc: 55.36 ms
2026-06-02 14:45:08.457 - [robot_6_log_20260602_144504.csv] - DEBUG - Despachado a ZMQ -> agent/6/move: {'v': 20.0, 'w': 0.0}
2026-06-02 14:45:08.457 - [robot_6_log_20260602_144504.csv] - DEBUG - Incoming data. Topic 6/pos, mensaje {"x": 88.25, "y": 99.0, "yaw": 0.788, "timestamp": 1780404308.3998187}
2026-06-02 14:45:08.474 - [robot_6_log_20260602_144504.csv] - DEBUG - Posición actualizada por visión: x=88.25, y=99.00, θ=0.79
2026-06-02 14:45:08.479 - [robot_6_log_20260602_144504.csv] - DEBUG - Frecuencia: 26.98 Hz | Latencia Red/Proc: 79.88 ms
2026-06-02 14:45:08.481 - [robot_6_log_20260602_144504.csv] - INFO - Usando posición VISION: x=88.25, y=99.00, θ=0.79
2026-06-02 14:45:08.481 - [robot_6_log_20260602_144504.csv] - DEBUG - Incoming data. Topic 6/pos, mensaje {"x": 88.25, "y": 99.0, "yaw": 0.788, "timestamp": 1780404308.3998187}
2026-06-02 14:45:08.482 - [robot_6_log_20260602_144504.csv] - DEBUG - Posición actualizada por visión: x=88.25, y=99.00, θ=0.79
2026-06-02 14:45:08.482 - [robot_6_log_20260602_144504.csv] - INFO - Distancias a paredes: Left: 88.25, Right: 361.75, Top: 41.00, Bottom: 99.00
2026-06-02 14:45:08.482 - [robot_6_log_20260602_144504.csv] - DEBUG - Frecuencia: 380.92 Hz | Latencia Red/Proc: 82.50 ms
2026-06-02 14:45:08.482 - [robot_6_log_20260602_144504.csv] - INFO - Posicion: 88.25, 99.0, 0.788 | Velocidad: -0.7089441620186924, 0.7052646135597717
2026-06-02 14:45:08.482 - [robot_6_log_20260602_144504.csv] - INFO - None
2026-06-02 14:45:08.482 - [robot_6_log_20260602_144504.csv] - WARNING - Estado FSM: AVANZA | Target Wall: None | Target Theta: 0.00° |theta: 45.14907425630887 
2026-06-02 14:45:08.488 - [robot_6_log_20260602_144504.csv] - DEBUG - Incoming data. Topic 6/pos, mensaje {"x": 86.81, "y": 100.58, "yaw": 0.774, "timestamp": 1780404308.4847035}
2026-06-02 14:45:08.493 - [robot_6_log_20260602_144504.csv] - DEBUG - Posición actualizada por visión: x=86.81, y=100.58, θ=0.77
2026-06-02 14:45:08.493 - [robot_6_log_20260602_144504.csv] - DEBUG - Frecuencia: 87.87 Hz | Latencia Red/Proc: 9.00 ms
2026-06-02 14:45:08.493 - [robot_6_log_20260602_144504.csv] - DEBUG - Despachado a ZMQ -> agent/6/move: {'v': 20.0, 'w': 0.0}
2026-06-02 14:45:08.494 - [robot_6_log_20260602_144504.csv] - DEBUG - Incoming data. Topic 6/pos, mensaje {"x": 86.81, "y": 100.58, "yaw": 0.774, "timestamp": 1780404308.4847035}
2026-06-02 14:45:08.494 - [robot_6_log_20260602_144504.csv] - DEBUG - Posición actualizada por visión: x=86.81, y=100.58, θ=0.77
2026-06-02 14:45:08.494 - [robot_6_log_20260602_144504.csv] - DEBUG - Frecuencia: 2076.39 Hz | Latencia Red/Proc: 9.48 ms
2026-06-02 14:45:08.500 - [robot_6_log_20260602_144504.csv] - DEBUG - Incoming data. Topic 6/pos, mensaje {"x": 86.81, "y": 100.58, "yaw": 0.774, "timestamp": 1780404308.4974697}
2026-06-02 14:45:08.500 - [robot_6_log_20260602_144504.csv] - DEBUG - Posición actualizada por visión: x=86.81, y=100.58, θ=0.77
2026-06-02 14:45:08.505 - [robot_6_log_20260602_144504.csv] - DEBUG - Frecuencia: 89.36 Hz | Latencia Red/Proc: 7.90 ms
2026-06-02 14:45:08.510 - [robot_6_log_20260602_144504.csv] - DEBUG - Incoming data. Topic agent/6/wheel, mensaje {"Wleft":6.067359315,"Wright":6.270639556}
2026-06-02 14:45:08.531 - [robot_6_log_20260602_144504.csv] - INFO - Usando posición VISION: x=86.81, y=100.58, θ=0.77
2026-06-02 14:45:08.531 - [robot_6_log_20260602_144504.csv] - INFO - Distancias a paredes: Left: 86.81, Right: 363.19, Top: 39.42, Bottom: 100.58
2026-06-02 14:45:08.532 - [robot_6_log_20260602_144504.csv] - INFO - Posicion: 86.81, 100.58, 0.774 | Velocidad: -0.6990013045736093, 0.7151203928041714
2026-06-02 14:45:08.532 - [robot_6_log_20260602_144504.csv] - INFO - None
2026-06-02 14:45:08.532 - [robot_6_log_20260602_144504.csv] - WARNING - Estado FSM: AVANZA | Target Wall: None | Target Theta: 0.00° |theta: 44.34693334312572 
2026-06-02 14:45:08.537 - [robot_6_log_20260602_144504.csv] - DEBUG - Despachado a ZMQ -> agent/6/move: {'v': 20.0, 'w': 0.0}
2026-06-02 14:45:08.548 - [robot_6_log_20260602_144504.csv] - DEBUG - Incoming data. Topic 6/pos, mensaje {"x": 86.81, "y": 100.58, "yaw": 0.774, "timestamp": 1780404308.4974697}
2026-06-02 14:45:08.564 - [robot_6_log_20260602_144504.csv] - DEBUG - Posición actualizada por visión: x=86.81, y=100.58, θ=0.77
2026-06-02 14:45:08.569 - [robot_6_log_20260602_144504.csv] - DEBUG - Frecuencia: 15.60 Hz | Latencia Red/Proc: 71.99 ms
2026-06-02 14:45:08.581 - [robot_6_log_20260602_144504.csv] - INFO - Usando posición VISION: x=86.81, y=100.58, θ=0.77
2026-06-02 14:45:08.582 - [robot_6_log_20260602_144504.csv] - INFO - Distancias a paredes: Left: 86.81, Right: 363.19, Top: 39.42, Bottom: 100.58
2026-06-02 14:45:08.582 - [robot_6_log_20260602_144504.csv] - INFO - Posicion: 86.81, 100.58, 0.774 | Velocidad: -0.6990013045736093, 0.7151203928041714
2026-06-02 14:45:08.582 - [robot_6_log_20260602_144504.csv] - INFO - None
2026-06-02 14:45:08.582 - [robot_6_log_20260602_144504.csv] - WARNING - Estado FSM: AVANZA | Target Wall: None | Target Theta: 0.00° |theta: 44.34693334312572 
2026-06-02 14:45:08.592 - [robot_6_log_20260602_144504.csv] - DEBUG - Incoming data. Topic agent/6/wheel, mensaje {"Wleft":4.022719396,"Wright":6.341720415}
2026-06-02 14:45:08.602 - [robot_6_log_20260602_144504.csv] - DEBUG - Despachado a ZMQ -> agent/6/move: {'v': 20.0, 'w': 0.0}
2026-06-02 14:45:08.602 - [robot_6_log_20260602_144504.csv] - DEBUG - Incoming data. Topic 6/pos, mensaje {"x": 85.29, "y": 102.24, "yaw": 0.754, "timestamp": 1780404308.5898886}
2026-06-02 14:45:08.615 - [robot_6_log_20260602_144504.csv] - DEBUG - Posición actualizada por visión: x=85.29, y=102.24, θ=0.75
2026-06-02 14:45:08.615 - [robot_6_log_20260602_144504.csv] - DEBUG - Frecuencia: 21.90 Hz | Latencia Red/Proc: 25.22 ms
2026-06-02 14:45:08.615 - [robot_6_log_20260602_144504.csv] - DEBUG - Incoming data. Topic 6/pos, mensaje {"x": 85.29, "y": 102.24, "yaw": 0.754, "timestamp": 1780404308.5898886}
2026-06-02 14:45:08.621 - [robot_6_log_20260602_144504.csv] - DEBUG - Posición actualizada por visión: x=85.29, y=102.24, θ=0.75
2026-06-02 14:45:08.626 - [robot_6_log_20260602_144504.csv] - DEBUG - Frecuencia: 89.07 Hz | Latencia Red/Proc: 36.45 ms
2026-06-02 14:45:08.631 - [robot_6_log_20260602_144504.csv] - INFO - Usando posición VISION: x=85.29, y=102.24, θ=0.75
2026-06-02 14:45:08.631 - [robot_6_log_20260602_144504.csv] - DEBUG - Incoming data. Topic 6/pos, mensaje {"x": 85.29, "y": 102.24, "yaw": 0.754, "timestamp": 1780404308.6032217}
2026-06-02 14:45:08.632 - [robot_6_log_20260602_144504.csv] - INFO - Distancias a paredes: Left: 85.29, Right: 364.71, Top: 37.76, Bottom: 102.24
2026-06-02 14:45:08.632 - [robot_6_log_20260602_144504.csv] - DEBUG - Posición actualizada por visión: x=85.29, y=102.24, θ=0.75
2026-06-02 14:45:08.632 - [robot_6_log_20260602_144504.csv] - INFO - Posicion: 85.29, 102.24, 0.754 | Velocidad: -0.6845600545913451, 0.7289564676013889
2026-06-02 14:45:08.632 - [robot_6_log_20260602_144504.csv] - DEBUG - Frecuencia: 174.68 Hz | Latencia Red/Proc: 28.84 ms
2026-06-02 14:45:08.632 - [robot_6_log_20260602_144504.csv] - INFO - None
2026-06-02 14:45:08.632 - [robot_6_log_20260602_144504.csv] - DEBUG - Incoming data. Topic 6/pos, mensaje {"x": 85.29, "y": 102.24, "yaw": 0.754, "timestamp": 1780404308.6032217}
2026-06-02 14:45:08.632 - [robot_6_log_20260602_144504.csv] - DEBUG - Posición actualizada por visión: x=85.29, y=102.24, θ=0.75
2026-06-02 14:45:08.632 - [robot_6_log_20260602_144504.csv] - DEBUG - Frecuencia: 7570.95 Hz | Latencia Red/Proc: 28.98 ms
2026-06-02 14:45:08.632 - [robot_6_log_20260602_144504.csv] - WARNING - Estado FSM: AVANZA | Target Wall: None | Target Theta: 0.00° |theta: 43.20101775286407 
2026-06-02 14:45:08.653 - [robot_6_log_20260602_144504.csv] - DEBUG - Despachado a ZMQ -> agent/6/move: {'v': 20.0, 'w': 0.0}
2026-06-02 14:45:08.675 - [robot_6_log_20260602_144504.csv] - DEBUG - Incoming data. Topic agent/6/wheel, mensaje {"Wleft":2.023650872,"Wright":6.32573686}
2026-06-02 14:45:08.681 - [robot_6_log_20260602_144504.csv] - INFO - Usando posición VISION: x=85.29, y=102.24, θ=0.75
2026-06-02 14:45:08.682 - [robot_6_log_20260602_144504.csv] - INFO - Distancias a paredes: Left: 85.29, Right: 364.71, Top: 37.76, Bottom: 102.24
2026-06-02 14:45:08.682 - [robot_6_log_20260602_144504.csv] - INFO - Posicion: 85.29, 102.24, 0.754 | Velocidad: -0.6845600545913451, 0.7289564676013889
2026-06-02 14:45:08.682 - [robot_6_log_20260602_144504.csv] - INFO - None
2026-06-02 14:45:08.682 - [robot_6_log_20260602_144504.csv] - WARNING - Estado FSM: AVANZA | Target Wall: None | Target Theta: 0.00° |theta: 43.20101775286407 
2026-06-02 14:45:08.692 - [robot_6_log_20260602_144504.csv] - DEBUG - Incoming data. Topic 6/pos, mensaje {"x": 83.8, "y": 103.93, "yaw": 0.738, "timestamp": 1780404308.68126}
2026-06-02 14:45:08.697 - [robot_6_log_20260602_144504.csv] - DEBUG - Despachado a ZMQ -> agent/6/move: {'v': 20.0, 'w': 0.0}
2026-06-02 14:45:08.707 - [robot_6_log_20260602_144504.csv] - DEBUG - Posición actualizada por visión: x=83.80, y=103.93, θ=0.74
2026-06-02 14:45:08.723 - [robot_6_log_20260602_144504.csv] - DEBUG - Frecuencia: 11.00 Hz | Latencia Red/Proc: 41.86 ms
2026-06-02 14:45:08.731 - [robot_6_log_20260602_144504.csv] - INFO - Usando posición VISION: x=83.80, y=103.93, θ=0.74
2026-06-02 14:45:08.731 - [robot_6_log_20260602_144504.csv] - INFO - Distancias a paredes: Left: 83.80, Right: 366.20, Top: 36.07, Bottom: 103.93
2026-06-02 14:45:08.732 - [robot_6_log_20260602_144504.csv] - INFO - Posicion: 83.8, 103.93, 0.738 | Velocidad: -0.6728096269199367, 0.7398156567171686
2026-06-02 14:45:08.732 - [robot_6_log_20260602_144504.csv] - INFO - None
2026-06-02 14:45:08.732 - [robot_6_log_20260602_144504.csv] - WARNING - Estado FSM: AVANZA | Target Wall: None | Target Theta: 0.00° |theta: 42.28428528065476 
2026-06-02 14:45:08.742 - [robot_6_log_20260602_144504.csv] - DEBUG - Incoming data. Topic 6/pos, mensaje {"x": 83.8, "y": 103.93, "yaw": 0.738, "timestamp": 1780404308.68126}
2026-06-02 14:45:08.742 - [robot_6_log_20260602_144504.csv] - DEBUG - Posición actualizada por visión: x=83.80, y=103.93, θ=0.74
2026-06-02 14:45:08.747 - [robot_6_log_20260602_144504.csv] - DEBUG - Frecuencia: 40.40 Hz | Latencia Red/Proc: 66.62 ms
2026-06-02 14:45:08.747 - [robot_6_log_20260602_144504.csv] - DEBUG - Despachado a ZMQ -> agent/6/move: {'v': 20.0, 'w': 0.0}
2026-06-02 14:45:08.748 - [robot_6_log_20260602_144504.csv] - DEBUG - Incoming data. Topic 6/pos, mensaje {"x": 83.8, "y": 103.93, "yaw": 0.738, "timestamp": 1780404308.691873}
2026-06-02 14:45:08.748 - [robot_6_log_20260602_144504.csv] - DEBUG - Posición actualizada por visión: x=83.80, y=103.93, θ=0.74
2026-06-02 14:45:08.748 - [robot_6_log_20260602_144504.csv] - DEBUG - Frecuencia: 2820.65 Hz | Latencia Red/Proc: 56.36 ms
2026-06-02 14:45:08.753 - [robot_6_log_20260602_144504.csv] - DEBUG - Incoming data. Topic 6/pos, mensaje {"x": 83.8, "y": 103.93, "yaw": 0.738, "timestamp": 1780404308.691873}
2026-06-02 14:45:08.759 - [robot_6_log_20260602_144504.csv] - DEBUG - Posición actualizada por visión: x=83.80, y=103.93, θ=0.74
2026-06-02 14:45:08.765 - [robot_6_log_20260602_144504.csv] - DEBUG - Frecuencia: 57.23 Hz | Latencia Red/Proc: 73.83 ms
2026-06-02 14:45:08.777 - [robot_6_log_20260602_144504.csv] - DEBUG - Incoming data. Topic agent/6/wheel, mensaje {"Wleft":4.056519873,"Wright":6.303602926}
2026-06-02 14:45:08.781 - [robot_6_log_20260602_144504.csv] - INFO - Usando posición VISION: x=83.80, y=103.93, θ=0.74
2026-06-02 14:45:08.781 - [robot_6_log_20260602_144504.csv] - INFO - Distancias a paredes: Left: 83.80, Right: 366.20, Top: 36.07, Bottom: 103.93
2026-06-02 14:45:08.782 - [robot_6_log_20260602_144504.csv] - INFO - Posicion: 83.8, 103.93, 0.738 | Velocidad: -0.6728096269199367, 0.7398156567171686
2026-06-02 14:45:08.782 - [robot_6_log_20260602_144504.csv] - INFO - None
2026-06-02 14:45:08.782 - [robot_6_log_20260602_144504.csv] - WARNING - Estado FSM: AVANZA | Target Wall: None | Target Theta: 0.00° |theta: 42.28428528065476 
2026-06-02 14:45:08.793 - [robot_6_log_20260602_144504.csv] - DEBUG - Despachado a ZMQ -> agent/6/move: {'v': 20.0, 'w': 0.0}
2026-06-02 14:45:08.803 - [robot_6_log_20260602_144504.csv] - DEBUG - Incoming data. Topic 6/pos, mensaje {"x": 82.39, "y": 105.49, "yaw": 0.758, "timestamp": 1780404308.7867403}
2026-06-02 14:45:08.808 - [robot_6_log_20260602_144504.csv] - DEBUG - Posición actualizada por visión: x=82.39, y=105.49, θ=0.76
2026-06-02 14:45:08.808 - [robot_6_log_20260602_144504.csv] - DEBUG - Frecuencia: 23.16 Hz | Latencia Red/Proc: 22.14 ms
2026-06-02 14:45:08.814 - [robot_6_log_20260602_144504.csv] - DEBUG - Incoming data. Topic 6/pos, mensaje {"x": 82.39, "y": 105.49, "yaw": 0.758, "timestamp": 1780404308.7867403}
2026-06-02 14:45:08.819 - [robot_6_log_20260602_144504.csv] - DEBUG - Posición actualizada por visión: x=82.39, y=105.49, θ=0.76
2026-06-02 14:45:08.819 - [robot_6_log_20260602_144504.csv] - DEBUG - Frecuencia: 97.30 Hz | Latencia Red/Proc: 32.41 ms
2026-06-02 14:45:08.824 - [robot_6_log_20260602_144504.csv] - DEBUG - Incoming data. Topic 6/pos, mensaje {"x": 82.39, "y": 105.49, "yaw": 0.758, "timestamp": 1780404308.7963772}
2026-06-02 14:45:08.829 - [robot_6_log_20260602_144504.csv] - DEBUG - Posición actualizada por visión: x=82.39, y=105.49, θ=0.76
2026-06-02 14:45:08.831 - [robot_6_log_20260602_144504.csv] - INFO - Usando posición VISION: x=82.39, y=105.49, θ=0.76
2026-06-02 14:45:08.832 - [robot_6_log_20260602_144504.csv] - INFO - Distancias a paredes: Left: 82.39, Right: 367.61, Top: 34.51, Bottom: 105.49
2026-06-02 14:45:08.832 - [robot_6_log_20260602_144504.csv] - INFO - Posicion: 82.39, 105.49, 0.758 | Velocidad: -0.6874703962130864, 0.7262124030410263
2026-06-02 14:45:08.832 - [robot_6_log_20260602_144504.csv] - DEBUG - Frecuencia: 77.48 Hz | Latencia Red/Proc: 35.68 ms
2026-06-02 14:45:08.832 - [robot_6_log_20260602_144504.csv] - INFO - None
2026-06-02 14:45:08.832 - [robot_6_log_20260602_144504.csv] - WARNING - Estado FSM: AVANZA | Target Wall: None | Target Theta: 0.00° |theta: 43.4302008709164 
2026-06-02 14:45:08.837 - [robot_6_log_20260602_144504.csv] - DEBUG - Incoming data. Topic 6/pos, mensaje {"x": 82.39, "y": 105.49, "yaw": 0.758, "timestamp": 1780404308.7963772}
2026-06-02 14:45:08.842 - [robot_6_log_20260602_144504.csv] - DEBUG - Posición actualizada por visión: x=82.39, y=105.49, θ=0.76
2026-06-02 14:45:08.842 - [robot_6_log_20260602_144504.csv] - DEBUG - Despachado a ZMQ -> agent/6/move: {'v': 20.0, 'w': 0.0}
2026-06-02 14:45:08.847 - [robot_6_log_20260602_144504.csv] - DEBUG - Frecuencia: 63.07 Hz | Latencia Red/Proc: 51.54 ms
2026-06-02 14:45:08.873 - [robot_6_log_20260602_144504.csv] - DEBUG - Incoming data. Topic agent/6/wheel, mensaje {"Wleft":6.041236914,"Wright":6.486943093}
2026-06-02 14:45:08.881 - [robot_6_log_20260602_144504.csv] - INFO - Usando posición VISION: x=82.39, y=105.49, θ=0.76
2026-06-02 14:45:08.881 - [robot_6_log_20260602_144504.csv] - INFO - Distancias a paredes: Left: 82.39, Right: 367.61, Top: 34.51, Bottom: 105.49
2026-06-02 14:45:08.882 - [robot_6_log_20260602_144504.csv] - INFO - Posicion: 82.39, 105.49, 0.758 | Velocidad: -0.6874703962130864, 0.7262124030410263
2026-06-02 14:45:08.882 - [robot_6_log_20260602_144504.csv] - INFO - None
2026-06-02 14:45:08.882 - [robot_6_log_20260602_144504.csv] - WARNING - Estado FSM: AVANZA | Target Wall: None | Target Theta: 0.00° |theta: 43.4302008709164 
2026-06-02 14:45:08.888 - [robot_6_log_20260602_144504.csv] - DEBUG - Incoming data. Topic 6/pos, mensaje {"x": 81.04, "y": 107.12, "yaw": 0.746, "timestamp": 1780404308.885554}
2026-06-02 14:45:08.888 - [robot_6_log_20260602_144504.csv] - DEBUG - Posición actualizada por visión: x=81.04, y=107.12, θ=0.75
2026-06-02 14:45:08.888 - [robot_6_log_20260602_144504.csv] - DEBUG - Frecuencia: 24.77 Hz | Latencia Red/Proc: 2.73 ms
2026-06-02 14:45:08.893 - [robot_6_log_20260602_144504.csv] - DEBUG - Despachado a ZMQ -> agent/6/move: {'v': 20.0, 'w': 0.0}
2026-06-02 14:45:08.903 - [robot_6_log_20260602_144504.csv] - DEBUG - Incoming data. Topic 6/pos, mensaje {"x": 81.04, "y": 107.12, "yaw": 0.746, "timestamp": 1780404308.885554}
2026-06-02 14:45:08.903 - [robot_6_log_20260602_144504.csv] - DEBUG - Posición actualizada por visión: x=81.04, y=107.12, θ=0.75
2026-06-02 14:45:08.903 - [robot_6_log_20260602_144504.csv] - DEBUG - Frecuencia: 64.33 Hz | Latencia Red/Proc: 18.27 ms
2026-06-02 14:45:08.908 - [robot_6_log_20260602_144504.csv] - DEBUG - Incoming data. Topic 6/pos, mensaje {"x": 81.04, "y": 107.12, "yaw": 0.746, "timestamp": 1780404308.8946323}
2026-06-02 14:45:08.913 - [robot_6_log_20260602_144504.csv] - DEBUG - Posición actualizada por visión: x=81.04, y=107.12, θ=0.75
2026-06-02 14:45:08.925 - [robot_6_log_20260602_144504.csv] - DEBUG - Frecuencia: 46.80 Hz | Latencia Red/Proc: 30.56 ms
2026-06-02 14:45:08.930 - [robot_6_log_20260602_144504.csv] - DEBUG - Incoming data. Topic 6/pos, mensaje {"x": 81.04, "y": 107.12, "yaw": 0.746, "timestamp": 1780404308.8946323}
2026-06-02 14:45:08.931 - [robot_6_log_20260602_144504.csv] - INFO - Usando posición VISION: x=81.04, y=107.12, θ=0.75
2026-06-02 14:45:08.931 - [robot_6_log_20260602_144504.csv] - DEBUG - Posición actualizada por visión: x=81.04, y=107.12, θ=0.75
2026-06-02 14:45:08.932 - [robot_6_log_20260602_144504.csv] - INFO - Distancias a paredes: Left: 81.04, Right: 368.96, Top: 32.88, Bottom: 107.12
2026-06-02 14:45:08.932 - [robot_6_log_20260602_144504.csv] - DEBUG - Frecuencia: 145.32 Hz | Latencia Red/Proc: 37.44 ms
2026-06-02 14:45:08.932 - [robot_6_log_20260602_144504.csv] - INFO - Posicion: 81.04, 107.12, 0.746 | Velocidad: -0.6787065592497046, 0.7344095631399603
2026-06-02 14:45:08.932 - [robot_6_log_20260602_144504.csv] - INFO - None
2026-06-02 14:45:08.932 - [robot_6_log_20260602_144504.csv] - WARNING - Estado FSM: AVANZA | Target Wall: None | Target Theta: 0.00° |theta: 42.742651516759416 
2026-06-02 14:45:08.953 - [robot_6_log_20260602_144504.csv] - DEBUG - Despachado a ZMQ -> agent/6/move: {'v': 20.0, 'w': 0.0}
2026-06-02 14:45:08.981 - [robot_6_log_20260602_144504.csv] - INFO - Usando posición VISION: x=81.04, y=107.12, θ=0.75
2026-06-02 14:45:08.981 - [robot_6_log_20260602_144504.csv] - INFO - Distancias a paredes: Left: 81.04, Right: 368.96, Top: 32.88, Bottom: 107.12
2026-06-02 14:45:08.982 - [robot_6_log_20260602_144504.csv] - INFO - Posicion: 81.04, 107.12, 0.746 | Velocidad: -0.6787065592497046, 0.7344095631399603
2026-06-02 14:45:08.982 - [robot_6_log_20260602_144504.csv] - INFO - None
2026-06-02 14:45:08.982 - [robot_6_log_20260602_144504.csv] - WARNING - Estado FSM: AVANZA | Target Wall: None | Target Theta: 0.00° |theta: 42.742651516759416 
2026-06-02 14:45:08.993 - [robot_6_log_20260602_144504.csv] - DEBUG - Incoming data. Topic 6/pos, mensaje {"x": 79.68, "y": 108.67, "yaw": 0.744, "timestamp": 1780404308.9879754}
2026-06-02 14:45:08.998 - [robot_6_log_20260602_144504.csv] - DEBUG - Posición actualizada por visión: x=79.68, y=108.67, θ=0.74
2026-06-02 14:45:09.003 - [robot_6_log_20260602_144504.csv] - DEBUG - Frecuencia: 13.99 Hz | Latencia Red/Proc: 15.56 ms
2026-06-02 14:45:09.013 - [robot_6_log_20260602_144504.csv] - DEBUG - Incoming data. Topic 6/pos, mensaje {"x": 79.68, "y": 108.67, "yaw": 0.744, "timestamp": 1780404308.9879754}
2026-06-02 14:45:09.018 - [robot_6_log_20260602_144504.csv] - DEBUG - Posición actualizada por visión: x=79.68, y=108.67, θ=0.74
2026-06-02 14:45:09.018 - [robot_6_log_20260602_144504.csv] - DEBUG - Frecuencia: 65.06 Hz | Latencia Red/Proc: 30.93 ms
2026-06-02 14:45:09.018 - [robot_6_log_20260602_144504.csv] - DEBUG - Incoming data. Topic 6/pos, mensaje {"x": 79.68, "y": 108.67, "yaw": 0.744, "timestamp": 1780404308.9999917}
2026-06-02 14:45:09.018 - [robot_6_log_20260602_144504.csv] - DEBUG - Posición actualizada por visión: x=79.68, y=108.67, θ=0.74
2026-06-02 14:45:09.018 - [robot_6_log_20260602_144504.csv] - DEBUG - Frecuencia: 24244.53 Hz | Latencia Red/Proc: 18.95 ms
2026-06-02 14:45:09.024 - [robot_6_log_20260602_144504.csv] - DEBUG - Incoming data. Topic 6/pos, mensaje {"x": 79.68, "y": 108.67, "yaw": 0.744, "timestamp": 1780404308.9999917}
2026-06-02 14:45:09.029 - [robot_6_log_20260602_144504.csv] - DEBUG - Despachado a ZMQ -> agent/6/move: {'v': 20.0, 'w': 0.0}
2026-06-02 14:45:09.029 - [robot_6_log_20260602_144504.csv] - DEBUG - Posición actualizada por visión: x=79.68, y=108.67, θ=0.74
2026-06-02 14:45:09.031 - [robot_6_log_20260602_144504.csv] - INFO - Usando posición VISION: x=79.68, y=108.67, θ=0.74
2026-06-02 14:45:09.032 - [robot_6_log_20260602_144504.csv] - DEBUG - Frecuencia: 76.20 Hz | Latencia Red/Proc: 32.08 ms
2026-06-02 14:45:09.032 - [robot_6_log_20260602_144504.csv] - INFO - Distancias a paredes: Left: 79.68, Right: 370.32, Top: 31.33, Bottom: 108.67
2026-06-02 14:45:09.032 - [robot_6_log_20260602_144504.csv] - INFO - Posicion: 79.68, 108.67, 0.744 | Velocidad: -0.6772363836899711, 0.7357655065348812
2026-06-02 14:45:09.032 - [robot_6_log_20260602_144504.csv] - INFO - None
2026-06-02 14:45:09.032 - [robot_6_log_20260602_144504.csv] - WARNING - Estado FSM: AVANZA | Target Wall: None | Target Theta: 0.00° |theta: 42.62805995773325 
2026-06-02 14:45:09.038 - [robot_6_log_20260602_144504.csv] - DEBUG - Despachado a ZMQ -> agent/6/move: {'v': 20.0, 'w': 0.0}
2026-06-02 14:45:09.043 - [robot_6_log_20260602_144504.csv] - DEBUG - Incoming data. Topic agent/6/wheel, mensaje {"Wleft":6.067295918,"Wright":6.361501031}
2026-06-02 14:45:09.081 - [robot_6_log_20260602_144504.csv] - INFO - Usando posición VISION: x=79.68, y=108.67, θ=0.74
2026-06-02 14:45:09.082 - [robot_6_log_20260602_144504.csv] - DEBUG - Incoming data. Topic agent/6/wheel, mensaje {"Wleft":4.046382928,"Wright":5.679975182}
2026-06-02 14:45:09.082 - [robot_6_log_20260602_144504.csv] - INFO - Distancias a paredes: Left: 79.68, Right: 370.32, Top: 31.33, Bottom: 108.67
2026-06-02 14:45:09.082 - [robot_6_log_20260602_144504.csv] - INFO - Posicion: 79.68, 108.67, 0.744 | Velocidad: -0.6772363836899711, 0.7357655065348812
2026-06-02 14:45:09.082 - [robot_6_log_20260602_144504.csv] - INFO - None
2026-06-02 14:45:09.082 - [robot_6_log_20260602_144504.csv] - WARNING - Estado FSM: AVANZA | Target Wall: None | Target Theta: 0.00° |theta: 42.62805995773325 
2026-06-02 14:45:09.088 - [robot_6_log_20260602_144504.csv] - DEBUG - Incoming data. Topic 6/pos, mensaje {"x": 78.37, "y": 110.22, "yaw": 0.737, "timestamp": 1780404309.083211}
2026-06-02 14:45:09.093 - [robot_6_log_20260602_144504.csv] - DEBUG - Posición actualizada por visión: x=78.37, y=110.22, θ=0.74
2026-06-02 14:45:09.098 - [robot_6_log_20260602_144504.csv] - DEBUG - Frecuencia: 15.05 Hz | Latencia Red/Proc: 15.32 ms
2026-06-02 14:45:09.103 - [robot_6_log_20260602_144504.csv] - DEBUG - Incoming data. Topic 6/pos, mensaje {"x": 78.37, "y": 110.22, "yaw": 0.737, "timestamp": 1780404309.094832}
2026-06-02 14:45:09.108 - [robot_6_log_20260602_144504.csv] - DEBUG - Posición actualizada por visión: x=78.37, y=110.22, θ=0.74
2026-06-02 14:45:09.108 - [robot_6_log_20260602_144504.csv] - DEBUG - Frecuencia: 96.38 Hz | Latencia Red/Proc: 14.07 ms
2026-06-02 14:45:09.108 - [robot_6_log_20260602_144504.csv] - DEBUG - Despachado a ZMQ -> agent/6/move: {'v': 20.0, 'w': 0.0}
2026-06-02 14:45:09.109 - [robot_6_log_20260602_144504.csv] - DEBUG - Incoming data. Topic 6/pos, mensaje {"x": 78.37, "y": 110.22, "yaw": 0.737, "timestamp": 1780404309.083211}
2026-06-02 14:45:09.120 - [robot_6_log_20260602_144504.csv] - DEBUG - Posición actualizada por visión: x=78.37, y=110.22, θ=0.74
2026-06-02 14:45:09.125 - [robot_6_log_20260602_144504.csv] - DEBUG - Frecuencia: 60.58 Hz | Latencia Red/Proc: 42.20 ms
2026-06-02 14:45:09.131 - [robot_6_log_20260602_144504.csv] - INFO - Usando posición VISION: x=78.37, y=110.22, θ=0.74
2026-06-02 14:45:09.131 - [robot_6_log_20260602_144504.csv] - DEBUG - Incoming data. Topic 6/pos, mensaje {"x": 78.37, "y": 110.22, "yaw": 0.737, "timestamp": 1780404309.094832}
2026-06-02 14:45:09.132 - [robot_6_log_20260602_144504.csv] - INFO - Distancias a paredes: Left: 78.37, Right: 371.63, Top: 29.78, Bottom: 110.22
2026-06-02 14:45:09.132 - [robot_6_log_20260602_144504.csv] - DEBUG - Posición actualizada por visión: x=78.37, y=110.22, θ=0.74
2026-06-02 14:45:09.132 - [robot_6_log_20260602_144504.csv] - INFO - Posicion: 78.37, 110.22, 0.737 | Velocidad: -0.6720694749817367, 0.7404880963241561
2026-06-02 14:45:09.132 - [robot_6_log_20260602_144504.csv] - DEBUG - Frecuencia: 148.68 Hz | Latencia Red/Proc: 37.31 ms
2026-06-02 14:45:09.132 - [robot_6_log_20260602_144504.csv] - INFO - None
2026-06-02 14:45:09.132 - [robot_6_log_20260602_144504.csv] - WARNING - Estado FSM: AVANZA | Target Wall: None | Target Theta: 0.00° |theta: 42.226989501141674 
2026-06-02 14:45:09.153 - [robot_6_log_20260602_144504.csv] - DEBUG - Despachado a ZMQ -> agent/6/move: {'v': 20.0, 'w': 0.0}
2026-06-02 14:45:09.177 - [robot_6_log_20260602_144504.csv] - DEBUG - Incoming data. Topic agent/6/wheel, mensaje {"Wleft":6.066020162,"Wright":6.308697226}
2026-06-02 14:45:09.181 - [robot_6_log_20260602_144504.csv] - INFO - Usando posición VISION: x=78.37, y=110.22, θ=0.74
2026-06-02 14:45:09.182 - [robot_6_log_20260602_144504.csv] - INFO - Distancias a paredes: Left: 78.37, Right: 371.63, Top: 29.78, Bottom: 110.22
2026-06-02 14:45:09.182 - [robot_6_log_20260602_144504.csv] - INFO - Posicion: 78.37, 110.22, 0.737 | Velocidad: -0.6720694749817367, 0.7404880963241561
2026-06-02 14:45:09.182 - [robot_6_log_20260602_144504.csv] - INFO - None
2026-06-02 14:45:09.182 - [robot_6_log_20260602_144504.csv] - WARNING - Estado FSM: AVANZA | Target Wall: None | Target Theta: 0.00° |theta: 42.226989501141674 
2026-06-02 14:45:09.188 - [robot_6_log_20260602_144504.csv] - DEBUG - Incoming data. Topic 6/pos, mensaje {"x": 77.3, "y": 111.58, "yaw": 0.711, "timestamp": 1780404309.1872199}
2026-06-02 14:45:09.188 - [robot_6_log_20260602_144504.csv] - DEBUG - Posición actualizada por visión: x=77.30, y=111.58, θ=0.71
2026-06-02 14:45:09.188 - [robot_6_log_20260602_144504.csv] - DEBUG - Despachado a ZMQ -> agent/6/move: {'v': 20.0, 'w': 0.0}
2026-06-02 14:45:09.198 - [robot_6_log_20260602_144504.csv] - DEBUG - Frecuencia: 15.08 Hz | Latencia Red/Proc: 11.22 ms
2026-06-02 14:45:09.231 - [robot_6_log_20260602_144504.csv] - INFO - Usando posición VISION: x=77.30, y=111.58, θ=0.71
2026-06-02 14:45:09.232 - [robot_6_log_20260602_144504.csv] - INFO - Distancias a paredes: Left: 77.30, Right: 372.70, Top: 28.42, Bottom: 111.58
2026-06-02 14:45:09.232 - [robot_6_log_20260602_144504.csv] - INFO - Posicion: 77.3, 111.58, 0.711 | Velocidad: -0.6525918068542752, 0.7577096631472192
2026-06-02 14:45:09.232 - [robot_6_log_20260602_144504.csv] - INFO - None
2026-06-02 14:45:09.232 - [robot_6_log_20260602_144504.csv] - DEBUG - Incoming data. Topic 6/pos, mensaje {"x": 77.3, "y": 111.58, "yaw": 0.711, "timestamp": 1780404309.1872199}
2026-06-02 14:45:09.232 - [robot_6_log_20260602_144504.csv] - WARNING - Estado FSM: AVANZA | Target Wall: None | Target Theta: 0.00° |theta: 40.73729923380153 
2026-06-02 14:45:09.232 - [robot_6_log_20260602_144504.csv] - DEBUG - Posición actualizada por visión: x=77.30, y=111.58, θ=0.71
2026-06-02 14:45:09.247 - [robot_6_log_20260602_144504.csv] - DEBUG - Frecuencia: 20.36 Hz | Latencia Red/Proc: 60.34 ms
2026-06-02 14:45:09.247 - [robot_6_log_20260602_144504.csv] - DEBUG - Despachado a ZMQ -> agent/6/move: {'v': 20.0, 'w': 0.0}
2026-06-02 14:45:09.268 - [robot_6_log_20260602_144504.csv] - DEBUG - Incoming data. Topic 6/pos, mensaje {"x": 77.3, "y": 111.58, "yaw": 0.711, "timestamp": 1780404309.1973517}
2026-06-02 14:45:09.273 - [robot_6_log_20260602_144504.csv] - DEBUG - Posición actualizada por visión: x=77.30, y=111.58, θ=0.71
2026-06-02 14:45:09.273 - [robot_6_log_20260602_144504.csv] - DEBUG - Frecuencia: 38.99 Hz | Latencia Red/Proc: 75.86 ms
2026-06-02 14:45:09.281 - [robot_6_log_20260602_144504.csv] - INFO - Usando posición VISION: x=77.30, y=111.58, θ=0.71
2026-06-02 14:45:09.281 - [robot_6_log_20260602_144504.csv] - DEBUG - Incoming data. Topic 6/pos, mensaje {"x": 77.3, "y": 111.58, "yaw": 0.711, "timestamp": 1780404309.1973517}
2026-06-02 14:45:09.282 - [robot_6_log_20260602_144504.csv] - DEBUG - Posición actualizada por visión: x=77.30, y=111.58, θ=0.71
2026-06-02 14:45:09.282 - [robot_6_log_20260602_144504.csv] - INFO - Distancias a paredes: Left: 77.30, Right: 372.70, Top: 28.42, Bottom: 111.58
2026-06-02 14:45:09.282 - [robot_6_log_20260602_144504.csv] - DEBUG - Frecuencia: 112.18 Hz | Latencia Red/Proc: 84.77 ms
2026-06-02 14:45:09.282 - [robot_6_log_20260602_144504.csv] - INFO - Posicion: 77.3, 111.58, 0.711 | Velocidad: -0.6525918068542752, 0.7577096631472192
2026-06-02 14:45:09.282 - [robot_6_log_20260602_144504.csv] - INFO - None
2026-06-02 14:45:09.282 - [robot_6_log_20260602_144504.csv] - DEBUG - Incoming data. Topic agent/6/wheel, mensaje {"Wleft":6.069778947,"Wright":6.238685342}
2026-06-02 14:45:09.282 - [robot_6_log_20260602_144504.csv] - WARNING - Estado FSM: AVANZA | Target Wall: None | Target Theta: 0.00° |theta: 40.73729923380153 
2026-06-02 14:45:09.288 - [robot_6_log_20260602_144504.csv] - DEBUG - Incoming data. Topic 6/pos, mensaje {"x": 76.11, "y": 113.02, "yaw": 0.694, "timestamp": 1780404309.2850127}
2026-06-02 14:45:09.293 - [robot_6_log_20260602_144504.csv] - DEBUG - Posición actualizada por visión: x=76.11, y=113.02, θ=0.69
2026-06-02 14:45:09.298 - [robot_6_log_20260602_144504.csv] - DEBUG - Despachado a ZMQ -> agent/6/move: {'v': 20.0, 'w': 0.0}
2026-06-02 14:45:09.298 - [robot_6_log_20260602_144504.csv] - DEBUG - Frecuencia: 60.43 Hz | Latencia Red/Proc: 13.66 ms
2026-06-02 14:45:09.314 - [robot_6_log_20260602_144504.csv] - DEBUG - Incoming data. Topic 6/pos, mensaje {"x": 76.11, "y": 113.02, "yaw": 0.694, "timestamp": 1780404309.2850127}
2026-06-02 14:45:09.314 - [robot_6_log_20260602_144504.csv] - DEBUG - Posición actualizada por visión: x=76.11, y=113.02, θ=0.69
2026-06-02 14:45:09.319 - [robot_6_log_20260602_144504.csv] - DEBUG - Frecuencia: 48.61 Hz | Latencia Red/Proc: 34.23 ms
2026-06-02 14:45:09.324 - [robot_6_log_20260602_144504.csv] - DEBUG - Incoming data. Topic 6/pos, mensaje {"x": 76.11, "y": 113.02, "yaw": 0.694, "timestamp": 1780404309.2949126}
2026-06-02 14:45:09.329 - [robot_6_log_20260602_144504.csv] - DEBUG - Posición actualizada por visión: x=76.11, y=113.02, θ=0.69
2026-06-02 14:45:09.331 - [robot_6_log_20260602_144504.csv] - INFO - Usando posición VISION: x=76.11, y=113.02, θ=0.69
2026-06-02 14:45:09.331 - [robot_6_log_20260602_144504.csv] - DEBUG - Frecuencia: 78.63 Hz | Latencia Red/Proc: 37.05 ms
2026-06-02 14:45:09.332 - [robot_6_log_20260602_144504.csv] - INFO - Distancias a paredes: Left: 76.11, Right: 373.89, Top: 26.98, Bottom: 113.02
2026-06-02 14:45:09.332 - [robot_6_log_20260602_144504.csv] - INFO - Posicion: 76.11, 113.02, 0.694 | Velocidad: -0.6396170657646707, 0.76869370309805
2026-06-02 14:45:09.332 - [robot_6_log_20260602_144504.csv] - INFO - None
2026-06-02 14:45:09.332 - [robot_6_log_20260602_144504.csv] - DEBUG - Incoming data. Topic 6/pos, mensaje {"x": 76.11, "y": 113.02, "yaw": 0.694, "timestamp": 1780404309.2949126}
2026-06-02 14:45:09.332 - [robot_6_log_20260602_144504.csv] - WARNING - Estado FSM: AVANZA | Target Wall: None | Target Theta: 0.00° |theta: 39.76327098207913 
2026-06-02 14:45:09.332 - [robot_6_log_20260602_144504.csv] - DEBUG - Posición actualizada por visión: x=76.11, y=113.02, θ=0.69
2026-06-02 14:45:09.342 - [robot_6_log_20260602_144504.csv] - DEBUG - Frecuencia: 95.50 Hz | Latencia Red/Proc: 47.52 ms
2026-06-02 14:45:09.352 - [robot_6_log_20260602_144504.csv] - DEBUG - Despachado a ZMQ -> agent/6/move: {'v': 20.0, 'w': 0.0}
2026-06-02 14:45:09.381 - [robot_6_log_20260602_144504.csv] - INFO - Usando posición VISION: x=76.11, y=113.02, θ=0.69
2026-06-02 14:45:09.382 - [robot_6_log_20260602_144504.csv] - INFO - Distancias a paredes: Left: 76.11, Right: 373.89, Top: 26.98, Bottom: 113.02
2026-06-02 14:45:09.382 - [robot_6_log_20260602_144504.csv] - INFO - Posicion: 76.11, 113.02, 0.694 | Velocidad: -0.6396170657646707, 0.76869370309805
2026-06-02 14:45:09.382 - [robot_6_log_20260602_144504.csv] - INFO - None
2026-06-02 14:45:09.382 - [robot_6_log_20260602_144504.csv] - WARNING - Estado FSM: AVANZA | Target Wall: None | Target Theta: 0.00° |theta: 39.76327098207913 
2026-06-02 14:45:09.387 - [robot_6_log_20260602_144504.csv] - DEBUG - Incoming data. Topic agent/6/wheel, mensaje {"Wleft":4.044491185,"Wright":6.124924495}
2026-06-02 14:45:09.392 - [robot_6_log_20260602_144504.csv] - DEBUG - Despachado a ZMQ -> agent/6/move: {'v': 20.0, 'w': 0.0}
2026-06-02 14:45:09.397 - [robot_6_log_20260602_144504.csv] - DEBUG - Incoming data. Topic 6/pos, mensaje {"x": 74.76, "y": 114.58, "yaw": 0.689, "timestamp": 1780404309.3875144}
2026-06-02 14:45:09.403 - [robot_6_log_20260602_144504.csv] - DEBUG - Posición actualizada por visión: x=74.76, y=114.58, θ=0.69
2026-06-02 14:45:09.408 - [robot_6_log_20260602_144504.csv] - DEBUG - Frecuencia: 15.21 Hz | Latencia Red/Proc: 20.65 ms
2026-06-02 14:45:09.413 - [robot_6_log_20260602_144504.csv] - DEBUG - Incoming data. Topic 6/pos, mensaje {"x": 74.76, "y": 114.58, "yaw": 0.689, "timestamp": 1780404309.3875144}
2026-06-02 14:45:09.418 - [robot_6_log_20260602_144504.csv] - DEBUG - Posición actualizada por visión: x=74.76, y=114.58, θ=0.69
2026-06-02 14:45:09.423 - [robot_6_log_20260602_144504.csv] - DEBUG - Frecuencia: 65.22 Hz | Latencia Red/Proc: 35.98 ms
2026-06-02 14:45:09.428 - [robot_6_log_20260602_144504.csv] - DEBUG - Incoming data. Topic 6/pos, mensaje {"x": 74.76, "y": 114.58, "yaw": 0.689, "timestamp": 1780404309.3971145}
2026-06-02 14:45:09.431 - [robot_6_log_20260602_144504.csv] - INFO - Usando posición VISION: x=74.76, y=114.58, θ=0.69
2026-06-02 14:45:09.432 - [robot_6_log_20260602_144504.csv] - INFO - Distancias a paredes: Left: 74.76, Right: 375.24, Top: 25.42, Bottom: 114.58
2026-06-02 14:45:09.432 - [robot_6_log_20260602_144504.csv] - INFO - Posicion: 74.76, 114.58, 0.689 | Velocidad: -0.6357656180669472, 0.7718821664502638
2026-06-02 14:45:09.432 - [robot_6_log_20260602_144504.csv] - INFO - None
2026-06-02 14:45:09.432 - [robot_6_log_20260602_144504.csv] - DEBUG - Posición actualizada por visión: x=74.76, y=114.58, θ=0.69
2026-06-02 14:45:09.432 - [robot_6_log_20260602_144504.csv] - WARNING - Estado FSM: AVANZA | Target Wall: None | Target Theta: 0.00° |theta: 39.47679208451372 
2026-06-02 14:45:09.432 - [robot_6_log_20260602_144504.csv] - DEBUG - Frecuencia: 113.94 Hz | Latencia Red/Proc: 35.16 ms
2026-06-02 14:45:09.442 - [robot_6_log_20260602_144504.csv] - DEBUG - Incoming data. Topic 6/pos, mensaje {"x": 74.76, "y": 114.58, "yaw": 0.689, "timestamp": 1780404309.3971145}
2026-06-02 14:45:09.442 - [robot_6_log_20260602_144504.csv] - DEBUG - Posición actualizada por visión: x=74.76, y=114.58, θ=0.69
2026-06-02 14:45:09.442 - [robot_6_log_20260602_144504.csv] - DEBUG - Frecuencia: 95.87 Hz | Latencia Red/Proc: 45.59 ms
2026-06-02 14:45:09.442 - [robot_6_log_20260602_144504.csv] - DEBUG - Despachado a ZMQ -> agent/6/move: {'v': 20.0, 'w': 0.0}
2026-06-02 14:45:09.481 - [robot_6_log_20260602_144504.csv] - INFO - Usando posición VISION: x=74.76, y=114.58, θ=0.69
2026-06-02 14:45:09.482 - [robot_6_log_20260602_144504.csv] - INFO - Distancias a paredes: Left: 74.76, Right: 375.24, Top: 25.42, Bottom: 114.58
2026-06-02 14:45:09.482 - [robot_6_log_20260602_144504.csv] - INFO - Posicion: 74.76, 114.58, 0.689 | Velocidad: -0.6357656180669472, 0.7718821664502638
2026-06-02 14:45:09.482 - [robot_6_log_20260602_144504.csv] - INFO - None
2026-06-02 14:45:09.482 - [robot_6_log_20260602_144504.csv] - WARNING - Estado FSM: AVANZA | Target Wall: None | Target Theta: 0.00° |theta: 39.47679208451372 
2026-06-02 14:45:09.492 - [robot_6_log_20260602_144504.csv] - DEBUG - Despachado a ZMQ -> agent/6/move: {'v': 20.0, 'w': 0.0}
2026-06-02 14:45:09.492 - [robot_6_log_20260602_144504.csv] - DEBUG - Incoming data. Topic 6/pos, mensaje {"x": 73.45, "y": 116.15, "yaw": 0.691, "timestamp": 1780404309.4815102}
2026-06-02 14:45:09.508 - [robot_6_log_20260602_144504.csv] - DEBUG - Posición actualizada por visión: x=73.45, y=116.15, θ=0.69
2026-06-02 14:45:09.508 - [robot_6_log_20260602_144504.csv] - DEBUG - Frecuencia: 15.09 Hz | Latencia Red/Proc: 27.47 ms
2026-06-02 14:45:09.509 - [robot_6_log_20260602_144504.csv] - DEBUG - Incoming data. Topic agent/6/wheel, mensaje {"Wleft":4.063012634,"Wright":6.136840259}
2026-06-02 14:45:09.514 - [robot_6_log_20260602_144504.csv] - DEBUG - Incoming data. Topic 6/pos, mensaje {"x": 73.45, "y": 116.15, "yaw": 0.691, "timestamp": 1780404309.4815102}
2026-06-02 14:45:09.520 - [robot_6_log_20260602_144504.csv] - DEBUG - Posición actualizada por visión: x=73.45, y=116.15, θ=0.69
2026-06-02 14:45:09.525 - [robot_6_log_20260602_144504.csv] - DEBUG - Frecuencia: 61.00 Hz | Latencia Red/Proc: 43.87 ms
2026-06-02 14:45:09.531 - [robot_6_log_20260602_144504.csv] - INFO - Usando posición VISION: x=73.45, y=116.15, θ=0.69
2026-06-02 14:45:09.531 - [robot_6_log_20260602_144504.csv] - INFO - Distancias a paredes: Left: 73.45, Right: 376.55, Top: 23.85, Bottom: 116.15
2026-06-02 14:45:09.532 - [robot_6_log_20260602_144504.csv] - INFO - Posicion: 73.45, 116.15, 0.691 | Velocidad: -0.6373081098398594, 0.7706090922979988
2026-06-02 14:45:09.532 - [robot_6_log_20260602_144504.csv] - INFO - None
2026-06-02 14:45:09.532 - [robot_6_log_20260602_144504.csv] - DEBUG - Incoming data. Topic 6/pos, mensaje {"x": 73.45, "y": 116.15, "yaw": 0.691, "timestamp": 1780404309.490887}
2026-06-02 14:45:09.532 - [robot_6_log_20260602_144504.csv] - WARNING - Estado FSM: AVANZA | Target Wall: None | Target Theta: 0.00° |theta: 39.591383643539885 
2026-06-02 14:45:09.532 - [robot_6_log_20260602_144504.csv] - DEBUG - Posición actualizada por visión: x=73.45, y=116.15, θ=0.69
2026-06-02 14:45:09.542 - [robot_6_log_20260602_144504.csv] - DEBUG - Frecuencia: 58.90 Hz | Latencia Red/Proc: 51.47 ms
2026-06-02 14:45:09.552 - [robot_6_log_20260602_144504.csv] - DEBUG - Incoming data. Topic 6/pos, mensaje {"x": 73.45, "y": 116.15, "yaw": 0.691, "timestamp": 1780404309.490887}
2026-06-02 14:45:09.552 - [robot_6_log_20260602_144504.csv] - DEBUG - Despachado a ZMQ -> agent/6/move: {'v': 20.0, 'w': 0.0}
2026-06-02 14:45:09.562 - [robot_6_log_20260602_144504.csv] - DEBUG - Posición actualizada por visión: x=73.45, y=116.15, θ=0.69
2026-06-02 14:45:09.578 - [robot_6_log_20260602_144504.csv] - DEBUG - Frecuencia: 27.88 Hz | Latencia Red/Proc: 87.34 ms
2026-06-02 14:45:09.581 - [robot_6_log_20260602_144504.csv] - INFO - Usando posición VISION: x=73.45, y=116.15, θ=0.69
2026-06-02 14:45:09.582 - [robot_6_log_20260602_144504.csv] - INFO - Distancias a paredes: Left: 73.45, Right: 376.55, Top: 23.85, Bottom: 116.15
2026-06-02 14:45:09.582 - [robot_6_log_20260602_144504.csv] - INFO - Posicion: 73.45, 116.15, 0.691 | Velocidad: -0.6373081098398594, 0.7706090922979988
2026-06-02 14:45:09.582 - [robot_6_log_20260602_144504.csv] - INFO - None
2026-06-02 14:45:09.582 - [robot_6_log_20260602_144504.csv] - DEBUG - Despachado a ZMQ -> agent/6/move: {'v': 20.0, 'w': 0.0}
2026-06-02 14:45:09.582 - [robot_6_log_20260602_144504.csv] - WARNING - Estado FSM: AVANZA | Target Wall: None | Target Theta: 0.00° |theta: 39.591383643539885 
2026-06-02 14:45:09.588 - [robot_6_log_20260602_144504.csv] - DEBUG - Incoming data. Topic agent/6/wheel, mensaje {"Wleft":6.067323042,"Wright":6.250754555}
2026-06-02 14:45:09.594 - [robot_6_log_20260602_144504.csv] - DEBUG - Incoming data. Topic 6/pos, mensaje {"x": 72.09, "y": 117.7, "yaw": 0.699, "timestamp": 1780404309.5895276}
2026-06-02 14:45:09.599 - [robot_6_log_20260602_144504.csv] - DEBUG - Posición actualizada por visión: x=72.09, y=117.70, θ=0.70
2026-06-02 14:45:09.599 - [robot_6_log_20260602_144504.csv] - DEBUG - Frecuencia: 46.55 Hz | Latencia Red/Proc: 10.18 ms
2026-06-02 14:45:09.605 - [robot_6_log_20260602_144504.csv] - DEBUG - Incoming data. Topic 6/pos, mensaje {"x": 72.09, "y": 117.7, "yaw": 0.699, "timestamp": 1780404309.601962}
2026-06-02 14:45:09.610 - [robot_6_log_20260602_144504.csv] - DEBUG - Posición actualizada por visión: x=72.09, y=117.70, θ=0.70
2026-06-02 14:45:09.617 - [robot_6_log_20260602_144504.csv] - DEBUG - Frecuencia: 57.40 Hz | Latencia Red/Proc: 15.16 ms
2026-06-02 14:45:09.622 - [robot_6_log_20260602_144504.csv] - DEBUG - Incoming data. Topic 6/pos, mensaje {"x": 72.09, "y": 117.7, "yaw": 0.699, "timestamp": 1780404309.5895276}
2026-06-02 14:45:09.628 - [robot_6_log_20260602_144504.csv] - DEBUG - Posición actualizada por visión: x=72.09, y=117.70, θ=0.70
2026-06-02 14:45:09.631 - [robot_6_log_20260602_144504.csv] - INFO - Usando posición VISION: x=72.09, y=117.70, θ=0.70
2026-06-02 14:45:09.632 - [robot_6_log_20260602_144504.csv] - DEBUG - Frecuencia: 67.26 Hz | Latencia Red/Proc: 42.47 ms
2026-06-02 14:45:09.632 - [robot_6_log_20260602_144504.csv] - INFO - Distancias a paredes: Left: 72.09, Right: 377.91, Top: 22.30, Bottom: 117.70
2026-06-02 14:45:09.632 - [robot_6_log_20260602_144504.csv] - INFO - Posicion: 72.09, 117.7, 0.699 | Velocidad: -0.6434525230690634, 0.7654860224432948
2026-06-02 14:45:09.632 - [robot_6_log_20260602_144504.csv] - INFO - None
2026-06-02 14:45:09.632 - [robot_6_log_20260602_144504.csv] - WARNING - Estado FSM: AVANZA | Target Wall: None | Target Theta: 0.00° |theta: 40.049749879644544 
2026-06-02 14:45:09.643 - [robot_6_log_20260602_144504.csv] - DEBUG - Incoming data. Topic 6/pos, mensaje {"x": 72.09, "y": 117.7, "yaw": 0.699, "timestamp": 1780404309.601962}
2026-06-02 14:45:09.653 - [robot_6_log_20260602_144504.csv] - DEBUG - Posición actualizada por visión: x=72.09, y=117.70, θ=0.70
2026-06-02 14:45:09.653 - [robot_6_log_20260602_144504.csv] - DEBUG - Despachado a ZMQ -> agent/6/move: {'v': 20.0, 'w': 0.0}
2026-06-02 14:45:09.664 - [robot_6_log_20260602_144504.csv] - DEBUG - Frecuencia: 31.22 Hz | Latencia Red/Proc: 62.06 ms
2026-06-02 14:45:09.681 - [robot_6_log_20260602_144504.csv] - INFO - Usando posición VISION: x=72.09, y=117.70, θ=0.70
2026-06-02 14:45:09.682 - [robot_6_log_20260602_144504.csv] - INFO - Distancias a paredes: Left: 72.09, Right: 377.91, Top: 22.30, Bottom: 117.70
2026-06-02 14:45:09.682 - [robot_6_log_20260602_144504.csv] - INFO - Posicion: 72.09, 117.7, 0.699 | Velocidad: -0.6434525230690634, 0.7654860224432948
2026-06-02 14:45:09.682 - [robot_6_log_20260602_144504.csv] - INFO - None
2026-06-02 14:45:09.682 - [robot_6_log_20260602_144504.csv] - DEBUG - Incoming data. Topic 6/pos, mensaje {"x": 70.73, "y": 119.35, "yaw": 0.708, "timestamp": 1780404309.6814744}
2026-06-02 14:45:09.682 - [robot_6_log_20260602_144504.csv] - DEBUG - Posición actualizada por visión: x=70.73, y=119.35, θ=0.71
2026-06-02 14:45:09.682 - [robot_6_log_20260602_144504.csv] - DEBUG - Frecuencia: 55.02 Hz | Latencia Red/Proc: 0.72 ms
2026-06-02 14:45:09.682 - [robot_6_log_20260602_144504.csv] - WARNING - Estado FSM: AVANZA | Target Wall: None | Target Theta: 0.00° |theta: 40.049749879644544 
2026-06-02 14:45:09.687 - [robot_6_log_20260602_144504.csv] - DEBUG - Incoming data. Topic agent/6/wheel, mensaje {"Wleft":6.041977627,"Wright":6.345042617}
2026-06-02 14:45:09.697 - [robot_6_log_20260602_144504.csv] - DEBUG - Incoming data. Topic 6/pos, mensaje {"x": 70.73, "y": 119.35, "yaw": 0.708, "timestamp": 1780404309.6933913}
2026-06-02 14:45:09.697 - [robot_6_log_20260602_144504.csv] - DEBUG - Posición actualizada por visión: x=70.73, y=119.35, θ=0.71
2026-06-02 14:45:09.697 - [robot_6_log_20260602_144504.csv] - DEBUG - Frecuencia: 63.49 Hz | Latencia Red/Proc: 4.56 ms
2026-06-02 14:45:09.703 - [robot_6_log_20260602_144504.csv] - DEBUG - Incoming data. Topic 6/pos, mensaje {"x": 70.73, "y": 119.35, "yaw": 0.708, "timestamp": 1780404309.6814744}
2026-06-02 14:45:09.703 - [robot_6_log_20260602_144504.csv] - DEBUG - Posición actualizada por visión: x=70.73, y=119.35, θ=0.71
2026-06-02 14:45:09.713 - [robot_6_log_20260602_144504.csv] - DEBUG - Despachado a ZMQ -> agent/6/move: {'v': 20.0, 'w': 0.0}
2026-06-02 14:45:09.713 - [robot_6_log_20260602_144504.csv] - DEBUG - Frecuencia: 65.07 Hz | Latencia Red/Proc: 31.84 ms
2026-06-02 14:45:09.731 - [robot_6_log_20260602_144504.csv] - INFO - Usando posición VISION: x=70.73, y=119.35, θ=0.71
2026-06-02 14:45:09.732 - [robot_6_log_20260602_144504.csv] - DEBUG - Incoming data. Topic 6/pos, mensaje {"x": 70.73, "y": 119.35, "yaw": 0.708, "timestamp": 1780404309.6933913}
2026-06-02 14:45:09.732 - [robot_6_log_20260602_144504.csv] - INFO - Distancias a paredes: Left: 70.73, Right: 379.27, Top: 20.65, Bottom: 119.35
2026-06-02 14:45:09.732 - [robot_6_log_20260602_144504.csv] - DEBUG - Posición actualizada por visión: x=70.73, y=119.35, θ=0.71
2026-06-02 14:45:09.732 - [robot_6_log_20260602_144504.csv] - INFO - Posicion: 70.73, 119.35, 0.708 | Velocidad: -0.6503157446135971, 0.7596640259401933
2026-06-02 14:45:09.732 - [robot_6_log_20260602_144504.csv] - DEBUG - Frecuencia: 52.71 Hz | Latencia Red/Proc: 38.90 ms
2026-06-02 14:45:09.732 - [robot_6_log_20260602_144504.csv] - INFO - None
2026-06-02 14:45:09.732 - [robot_6_log_20260602_144504.csv] - WARNING - Estado FSM: AVANZA | Target Wall: None | Target Theta: 0.00° |theta: 40.56541189526228 
2026-06-02 14:45:09.753 - [robot_6_log_20260602_144504.csv] - DEBUG - Despachado a ZMQ -> agent/6/move: {'v': 20.0, 'w': 0.0}
2026-06-02 14:45:09.781 - [robot_6_log_20260602_144504.csv] - INFO - Usando posición VISION: x=70.73, y=119.35, θ=0.71
2026-06-02 14:45:09.782 - [robot_6_log_20260602_144504.csv] - INFO - Distancias a paredes: Left: 70.73, Right: 379.27, Top: 20.65, Bottom: 119.35
2026-06-02 14:45:09.782 - [robot_6_log_20260602_144504.csv] - INFO - Posicion: 70.73, 119.35, 0.708 | Velocidad: -0.6503157446135971, 0.7596640259401933
2026-06-02 14:45:09.782 - [robot_6_log_20260602_144504.csv] - INFO - None
2026-06-02 14:45:09.782 - [robot_6_log_20260602_144504.csv] - WARNING - Estado FSM: AVANZA | Target Wall: None | Target Theta: 0.00° |theta: 40.56541189526228 
2026-06-02 14:45:09.788 - [robot_6_log_20260602_144504.csv] - DEBUG - Despachado a ZMQ -> agent/6/move: {'v': 20.0, 'w': 0.0}
2026-06-02 14:45:09.793 - [robot_6_log_20260602_144504.csv] - DEBUG - Incoming data. Topic agent/6/wheel, mensaje {"Wleft":6.066799828,"Wright":6.263980072}
2026-06-02 14:45:09.831 - [robot_6_log_20260602_144504.csv] - INFO - Usando posición VISION: x=70.73, y=119.35, θ=0.71
2026-06-02 14:45:09.832 - [robot_6_log_20260602_144504.csv] - INFO - Distancias a paredes: Left: 70.73, Right: 379.27, Top: 20.65, Bottom: 119.35
2026-06-02 14:45:09.832 - [robot_6_log_20260602_144504.csv] - INFO - Posicion: 70.73, 119.35, 0.708 | Velocidad: -0.6503157446135971, 0.7596640259401933
2026-06-02 14:45:09.832 - [robot_6_log_20260602_144504.csv] - INFO - None
2026-06-02 14:45:09.832 - [robot_6_log_20260602_144504.csv] - WARNING - Estado FSM: AVANZA | Target Wall: None | Target Theta: 0.00° |theta: 40.56541189526228 
2026-06-02 14:45:09.838 - [robot_6_log_20260602_144504.csv] - DEBUG - Despachado a ZMQ -> agent/6/move: {'v': 20.0, 'w': 0.0}
2026-06-02 14:45:09.881 - [robot_6_log_20260602_144504.csv] - INFO - Usando posición VISION: x=70.73, y=119.35, θ=0.71
2026-06-02 14:45:09.882 - [robot_6_log_20260602_144504.csv] - INFO - Distancias a paredes: Left: 70.73, Right: 379.27, Top: 20.65, Bottom: 119.35
2026-06-02 14:45:09.882 - [robot_6_log_20260602_144504.csv] - INFO - Posicion: 70.73, 119.35, 0.708 | Velocidad: -0.6503157446135971, 0.7596640259401933
2026-06-02 14:45:09.882 - [robot_6_log_20260602_144504.csv] - INFO - None
2026-06-02 14:45:09.882 - [robot_6_log_20260602_144504.csv] - WARNING - Estado FSM: AVANZA | Target Wall: None | Target Theta: 0.00° |theta: 40.56541189526228 
2026-06-02 14:45:09.903 - [robot_6_log_20260602_144504.csv] - DEBUG - Despachado a ZMQ -> agent/6/move: {'v': 20.0, 'w': 0.0}
2026-06-02 14:45:09.903 - [robot_6_log_20260602_144504.csv] - DEBUG - Incoming data. Topic agent/6/wheel, mensaje {"Wleft":6.080690774,"Wright":6.520624907}
2026-06-02 14:45:09.931 - [robot_6_log_20260602_144504.csv] - INFO - Usando posición VISION: x=70.73, y=119.35, θ=0.71
2026-06-02 14:45:09.931 - [robot_6_log_20260602_144504.csv] - INFO - Distancias a paredes: Left: 70.73, Right: 379.27, Top: 20.65, Bottom: 119.35
2026-06-02 14:45:09.931 - [robot_6_log_20260602_144504.csv] - INFO - Posicion: 70.73, 119.35, 0.708 | Velocidad: -0.6503157446135971, 0.7596640259401933
2026-06-02 14:45:09.932 - [robot_6_log_20260602_144504.csv] - INFO - None
2026-06-02 14:45:09.932 - [robot_6_log_20260602_144504.csv] - WARNING - Estado FSM: AVANZA | Target Wall: None | Target Theta: 0.00° |theta: 40.56541189526228 
2026-06-02 14:45:09.953 - [robot_6_log_20260602_144504.csv] - DEBUG - Despachado a ZMQ -> agent/6/move: {'v': 20.0, 'w': 0.0}
2026-06-02 14:45:09.981 - [robot_6_log_20260602_144504.csv] - INFO - Usando posición VISION: x=70.73, y=119.35, θ=0.71
2026-06-02 14:45:09.982 - [robot_6_log_20260602_144504.csv] - INFO - Distancias a paredes: Left: 70.73, Right: 379.27, Top: 20.65, Bottom: 119.35
2026-06-02 14:45:09.982 - [robot_6_log_20260602_144504.csv] - INFO - Posicion: 70.73, 119.35, 0.708 | Velocidad: -0.6503157446135971, 0.7596640259401933
2026-06-02 14:45:09.982 - [robot_6_log_20260602_144504.csv] - INFO - None
2026-06-02 14:45:09.982 - [robot_6_log_20260602_144504.csv] - WARNING - Estado FSM: AVANZA | Target Wall: None | Target Theta: 0.00° |theta: 40.56541189526228 
2026-06-02 14:45:10.003 - [robot_6_log_20260602_144504.csv] - DEBUG - Despachado a ZMQ -> agent/6/move: {'v': 20.0, 'w': 0.0}
2026-06-02 14:45:10.031 - [robot_6_log_20260602_144504.csv] - INFO - Usando posición VISION: x=70.73, y=119.35, θ=0.71
2026-06-02 14:45:10.031 - [robot_6_log_20260602_144504.csv] - INFO - Distancias a paredes: Left: 70.73, Right: 379.27, Top: 20.65, Bottom: 119.35
2026-06-02 14:45:10.031 - [robot_6_log_20260602_144504.csv] - INFO - Posicion: 70.73, 119.35, 0.708 | Velocidad: -0.6503157446135971, 0.7596640259401933
2026-06-02 14:45:10.032 - [robot_6_log_20260602_144504.csv] - INFO - None
2026-06-02 14:45:10.032 - [robot_6_log_20260602_144504.csv] - WARNING - Estado FSM: AVANZA | Target Wall: None | Target Theta: 0.00° |theta: 40.56541189526228 
2026-06-02 14:45:10.043 - [robot_6_log_20260602_144504.csv] - DEBUG - Incoming data. Topic agent/6/wheel, mensaje {"Wleft":6.063746974,"Wright":6.23017494}
2026-06-02 14:45:10.048 - [robot_6_log_20260602_144504.csv] - DEBUG - Despachado a ZMQ -> agent/6/move: {'v': 20.0, 'w': 0.0}
2026-06-02 14:45:10.081 - [robot_6_log_20260602_144504.csv] - INFO - Usando posición VISION: x=70.73, y=119.35, θ=0.71
2026-06-02 14:45:10.082 - [robot_6_log_20260602_144504.csv] - INFO - Distancias a paredes: Left: 70.73, Right: 379.27, Top: 20.65, Bottom: 119.35
2026-06-02 14:45:10.082 - [robot_6_log_20260602_144504.csv] - INFO - Posicion: 70.73, 119.35, 0.708 | Velocidad: -0.6503157446135971, 0.7596640259401933
2026-06-02 14:45:10.082 - [robot_6_log_20260602_144504.csv] - INFO - None
2026-06-02 14:45:10.082 - [robot_6_log_20260602_144504.csv] - WARNING - Estado FSM: AVANZA | Target Wall: None | Target Theta: 0.00° |theta: 40.56541189526228 
2026-06-02 14:45:10.093 - [robot_6_log_20260602_144504.csv] - DEBUG - Despachado a ZMQ -> agent/6/move: {'v': 20.0, 'w': 0.0}
2026-06-02 14:45:10.131 - [robot_6_log_20260602_144504.csv] - INFO - Usando posición VISION: x=70.73, y=119.35, θ=0.71
2026-06-02 14:45:10.132 - [robot_6_log_20260602_144504.csv] - DEBUG - Incoming data. Topic agent/6/wheel, mensaje {"Wleft":6.046625706,"Wright":6.419836685}
2026-06-02 14:45:10.132 - [robot_6_log_20260602_144504.csv] - INFO - Distancias a paredes: Left: 70.73, Right: 379.27, Top: 20.65, Bottom: 119.35
2026-06-02 14:45:10.132 - [robot_6_log_20260602_144504.csv] - INFO - Posicion: 70.73, 119.35, 0.708 | Velocidad: -0.6503157446135971, 0.7596640259401933
2026-06-02 14:45:10.132 - [robot_6_log_20260602_144504.csv] - INFO - None
2026-06-02 14:45:10.132 - [robot_6_log_20260602_144504.csv] - WARNING - Estado FSM: AVANZA | Target Wall: None | Target Theta: 0.00° |theta: 40.56541189526228 
2026-06-02 14:45:10.138 - [robot_6_log_20260602_144504.csv] - DEBUG - Despachado a ZMQ -> agent/6/move: {'v': 20.0, 'w': 0.0}
2026-06-02 14:45:10.181 - [robot_6_log_20260602_144504.csv] - INFO - Usando posición VISION: x=70.73, y=119.35, θ=0.71
2026-06-02 14:45:10.182 - [robot_6_log_20260602_144504.csv] - INFO - Distancias a paredes: Left: 70.73, Right: 379.27, Top: 20.65, Bottom: 119.35
2026-06-02 14:45:10.182 - [robot_6_log_20260602_144504.csv] - INFO - Posicion: 70.73, 119.35, 0.708 | Velocidad: -0.6503157446135971, 0.7596640259401933
2026-06-02 14:45:10.182 - [robot_6_log_20260602_144504.csv] - INFO - None
2026-06-02 14:45:10.182 - [robot_6_log_20260602_144504.csv] - WARNING - Estado FSM: AVANZA | Target Wall: None | Target Theta: 0.00° |theta: 40.56541189526228 
2026-06-02 14:45:10.202 - [robot_6_log_20260602_144504.csv] - DEBUG - Despachado a ZMQ -> agent/6/move: {'v': 20.0, 'w': 0.0}
2026-06-02 14:45:10.231 - [robot_6_log_20260602_144504.csv] - INFO - Usando posición VISION: x=70.73, y=119.35, θ=0.71
2026-06-02 14:45:10.232 - [robot_6_log_20260602_144504.csv] - INFO - Distancias a paredes: Left: 70.73, Right: 379.27, Top: 20.65, Bottom: 119.35
2026-06-02 14:45:10.232 - [robot_6_log_20260602_144504.csv] - INFO - Posicion: 70.73, 119.35, 0.708 | Velocidad: -0.6503157446135971, 0.7596640259401933
2026-06-02 14:45:10.232 - [robot_6_log_20260602_144504.csv] - INFO - None
2026-06-02 14:45:10.232 - [robot_6_log_20260602_144504.csv] - WARNING - Estado FSM: AVANZA | Target Wall: None | Target Theta: 0.00° |theta: 40.56541189526228 
2026-06-02 14:45:10.253 - [robot_6_log_20260602_144504.csv] - DEBUG - Despachado a ZMQ -> agent/6/move: {'v': 20.0, 'w': 0.0}
2026-06-02 14:45:10.253 - [robot_6_log_20260602_144504.csv] - DEBUG - Incoming data. Topic agent/6/wheel, mensaje {"Wleft":6.064355583,"Wright":6.145710556}
2026-06-02 14:45:10.281 - [robot_6_log_20260602_144504.csv] - INFO - Usando posición ESTIMA: x=79.61, y=127.17, θ=0.74
2026-06-02 14:45:10.281 - [robot_6_log_20260602_144504.csv] - INFO - Distancias a paredes: Left: 79.61, Right: 370.39, Top: 12.83, Bottom: 127.17
2026-06-02 14:45:10.282 - [robot_6_log_20260602_144504.csv] - INFO - Posicion: 79.60510531654218, 127.16659586262986, 0.738701770545902 | Velocidad: -0.6733286420413288, 0.7393433166038494
2026-06-02 14:45:10.282 - [robot_6_log_20260602_144504.csv] - INFO - None
2026-06-02 14:45:10.282 - [robot_6_log_20260602_144504.csv] - WARNING - Estado FSM: PARANDO_PARA_RETROCEDER | Target Wall: None | Target Theta: 0.00° |theta: 42.32449377112153 
2026-06-02 14:45:10.302 - [robot_6_log_20260602_144504.csv] - DEBUG - Despachado a ZMQ -> agent/6/move: {'v': 0.0, 'w': 0.0}
2026-06-02 14:45:10.331 - [robot_6_log_20260602_144504.csv] - INFO - Usando posición ESTIMA: x=79.61, y=127.17, θ=0.74
2026-06-02 14:45:10.331 - [robot_6_log_20260602_144504.csv] - INFO - Distancias a paredes: Left: 79.61, Right: 370.39, Top: 12.83, Bottom: 127.17
2026-06-02 14:45:10.332 - [robot_6_log_20260602_144504.csv] - INFO - Posicion: 79.60510531654218, 127.16659586262986, 0.738701770545902 | Velocidad: -0.6733286420413288, 0.7393433166038494
2026-06-02 14:45:10.332 - [robot_6_log_20260602_144504.csv] - INFO - None
2026-06-02 14:45:10.332 - [robot_6_log_20260602_144504.csv] - WARNING - Timer: 0.050012826919555664
2026-06-02 14:45:10.332 - [robot_6_log_20260602_144504.csv] - WARNING - Estado FSM: PARANDO_PARA_RETROCEDER | Target Wall: None | Target Theta: 0.00° |theta: 42.32449377112153 
2026-06-02 14:45:10.344 - [robot_6_log_20260602_144504.csv] - DEBUG - Incoming data. Topic agent/6/wheel, mensaje {"Wleft":6.080711061,"Wright":6.289320589}
2026-06-02 14:45:10.381 - [robot_6_log_20260602_144504.csv] - INFO - Usando posición ESTIMA: x=80.99, y=128.43, θ=0.74
2026-06-02 14:45:10.382 - [robot_6_log_20260602_144504.csv] - INFO - Distancias a paredes: Left: 80.99, Right: 369.01, Top: 11.57, Bottom: 128.43
2026-06-02 14:45:10.382 - [robot_6_log_20260602_144504.csv] - INFO - Posicion: 80.99079794335486, 128.4285624128711, 0.7430613648631883 | Velocidad: -0.6765454700997247, 0.7364008601893011
2026-06-02 14:45:10.382 - [robot_6_log_20260602_144504.csv] - INFO - None
2026-06-02 14:45:10.382 - [robot_6_log_20260602_144504.csv] - WARNING - Timer: 0.1000218391418457
2026-06-02 14:45:10.382 - [robot_6_log_20260602_144504.csv] - WARNING - Estado FSM: PARANDO_PARA_RETROCEDER | Target Wall: None | Target Theta: 0.00° |theta: 42.574280125891256 
2026-06-02 14:45:10.431 - [robot_6_log_20260602_144504.csv] - INFO - Usando posición ESTIMA: x=80.99, y=128.43, θ=0.74
2026-06-02 14:45:10.431 - [robot_6_log_20260602_144504.csv] - INFO - Distancias a paredes: Left: 80.99, Right: 369.01, Top: 11.57, Bottom: 128.43
2026-06-02 14:45:10.431 - [robot_6_log_20260602_144504.csv] - INFO - Posicion: 80.99079794335486, 128.4285624128711, 0.7430613648631883 | Velocidad: -0.6765454700997247, 0.7364008601893011
2026-06-02 14:45:10.431 - [robot_6_log_20260602_144504.csv] - INFO - None
2026-06-02 14:45:10.431 - [robot_6_log_20260602_144504.csv] - WARNING - Timer: 0.14997577667236328
2026-06-02 14:45:10.432 - [robot_6_log_20260602_144504.csv] - WARNING - Estado FSM: PARANDO_PARA_RETROCEDER | Target Wall: None | Target Theta: 0.00° |theta: 42.574280125891256 
2026-06-02 14:45:10.450 - [robot_6_log_20260602_144504.csv] - DEBUG - Incoming data. Topic agent/6/wheel, mensaje {"Wleft":10.09304841,"Wright":5.031649284}
2026-06-02 14:45:10.481 - [robot_6_log_20260602_144504.csv] - INFO - Usando posición ESTIMA: x=82.97, y=130.25, θ=0.62
2026-06-02 14:45:10.481 - [robot_6_log_20260602_144504.csv] - INFO - Distancias a paredes: Left: 82.97, Right: 367.03, Top: 9.75, Bottom: 130.25
2026-06-02 14:45:10.482 - [robot_6_log_20260602_144504.csv] - INFO - Posicion: 82.97305308382967, 130.24969789541979, 0.618812868436769 | Velocidad: -0.5800685705387448, 0.8145676481871456
2026-06-02 14:45:10.482 - [robot_6_log_20260602_144504.csv] - CRITICAL - Pared muy cercana [82.97305308382967, 367.02694691617035, 9.750302104580214, 130.24969789541979]
2026-06-02 14:45:10.482 - [robot_6_log_20260602_144504.csv] - INFO - ARRIBA
2026-06-02 14:45:10.482 - [robot_6_log_20260602_144504.csv] - WARNING - Timer: 0.20007586479187012
2026-06-02 14:45:10.482 - [robot_6_log_20260602_144504.csv] - WARNING - Estado FSM: PARANDO_PARA_RETROCEDER | Target Wall: ARRIBA | Target Theta: 0.00° |theta: 35.45536566981114 
2026-06-02 14:45:10.531 - [robot_6_log_20260602_144504.csv] - INFO - Usando posición ESTIMA: x=82.97, y=130.25, θ=0.62
2026-06-02 14:45:10.531 - [robot_6_log_20260602_144504.csv] - INFO - Distancias a paredes: Left: 82.97, Right: 367.03, Top: 9.75, Bottom: 130.25
2026-06-02 14:45:10.531 - [robot_6_log_20260602_144504.csv] - INFO - Posicion: 82.97305308382967, 130.24969789541979, 0.618812868436769 | Velocidad: -0.5800685705387448, 0.8145676481871456
2026-06-02 14:45:10.531 - [robot_6_log_20260602_144504.csv] - CRITICAL - Pared muy cercana [82.97305308382967, 367.02694691617035, 9.750302104580214, 130.24969789541979]
2026-06-02 14:45:10.532 - [robot_6_log_20260602_144504.csv] - INFO - ARRIBA
2026-06-02 14:45:10.532 - [robot_6_log_20260602_144504.csv] - WARNING - Timer: 0.2500035762786865
2026-06-02 14:45:10.532 - [robot_6_log_20260602_144504.csv] - WARNING - Estado FSM: PARANDO_PARA_RETROCEDER | Target Wall: ARRIBA | Target Theta: 0.00° |theta: 35.45536566981114 
2026-06-02 14:45:10.567 - [robot_6_log_20260602_144504.csv] - DEBUG - Incoming data. Topic agent/6/wheel, mensaje {"Wleft":4.037900664,"Wright":2.118882657}
2026-06-02 14:45:10.581 - [robot_6_log_20260602_144504.csv] - INFO - Usando posición ESTIMA: x=83.96, y=130.95, θ=0.57
2026-06-02 14:45:10.582 - [robot_6_log_20260602_144504.csv] - INFO - Distancias a paredes: Left: 83.96, Right: 366.04, Top: 9.05, Bottom: 130.95
2026-06-02 14:45:10.582 - [robot_6_log_20260602_144504.csv] - INFO - Posicion: 83.95902577721802, 130.95182714412843, 0.5667743523670918 | Velocidad: -0.5369135701755852, 0.8436372550814164
2026-06-02 14:45:10.582 - [robot_6_log_20260602_144504.csv] - CRITICAL - Pared muy cercana [83.95902577721802, 366.040974222782, 9.04817285587157, 130.95182714412843]
2026-06-02 14:45:10.582 - [robot_6_log_20260602_144504.csv] - INFO - ARRIBA
2026-06-02 14:45:10.582 - [robot_6_log_20260602_144504.csv] - WARNING - Timer: 0.3001217842102051
2026-06-02 14:45:10.582 - [robot_6_log_20260602_144504.csv] - WARNING - Estado FSM: PARANDO_PARA_RETROCEDER | Target Wall: ARRIBA | Target Theta: 0.00° |theta: 32.47377832689492 
2026-06-02 14:45:10.631 - [robot_6_log_20260602_144504.csv] - INFO - Usando posición ESTIMA: x=83.96, y=130.95, θ=0.57
2026-06-02 14:45:10.631 - [robot_6_log_20260602_144504.csv] - INFO - Distancias a paredes: Left: 83.96, Right: 366.04, Top: 9.05, Bottom: 130.95
2026-06-02 14:45:10.631 - [robot_6_log_20260602_144504.csv] - INFO - Posicion: 83.95902577721802, 130.95182714412843, 0.5667743523670918 | Velocidad: -0.5369135701755852, 0.8436372550814164
2026-06-02 14:45:10.632 - [robot_6_log_20260602_144504.csv] - CRITICAL - Pared muy cercana [83.95902577721802, 366.040974222782, 9.04817285587157, 130.95182714412843]
2026-06-02 14:45:10.632 - [robot_6_log_20260602_144504.csv] - INFO - ARRIBA
2026-06-02 14:45:10.632 - [robot_6_log_20260602_144504.csv] - WARNING - Timer: 0.35002684593200684
2026-06-02 14:45:10.632 - [robot_6_log_20260602_144504.csv] - WARNING - Estado FSM: PARANDO_PARA_RETROCEDER | Target Wall: ARRIBA | Target Theta: 0.00° |theta: 32.47377832689492 
2026-06-02 14:45:10.675 - [robot_6_log_20260602_144504.csv] - DEBUG - Incoming data. Topic agent/6/wheel, mensaje {"Wleft":4.043089339,"Wright":8.044949105}
2026-06-02 14:45:10.681 - [robot_6_log_20260602_144504.csv] - INFO - Usando posición ESTIMA: x=85.79, y=132.12, θ=0.67
2026-06-02 14:45:10.681 - [robot_6_log_20260602_144504.csv] - INFO - Distancias a paredes: Left: 85.79, Right: 364.21, Top: 7.88, Bottom: 132.12
2026-06-02 14:45:10.681 - [robot_6_log_20260602_144504.csv] - INFO - Posicion: 85.79250842134444, 132.1187050959774, 0.6660148835393395 | Velocidad: -0.6178574437011386, 0.7862901368217042
2026-06-02 14:45:10.681 - [robot_6_log_20260602_144504.csv] - CRITICAL - Pared muy cercana [85.79250842134444, 364.20749157865555, 7.88129490402261, 132.1187050959774]
2026-06-02 14:45:10.682 - [robot_6_log_20260602_144504.csv] - INFO - None
2026-06-02 14:45:10.682 - [robot_6_log_20260602_144504.csv] - WARNING - Timer: 0.40000247955322266
2026-06-02 14:45:10.682 - [robot_6_log_20260602_144504.csv] - WARNING - Estado FSM: PARANDO_PARA_RETROCEDER | Target Wall: None | Target Theta: 0.00° |theta: 38.15984191970119 
2026-06-02 14:45:10.731 - [robot_6_log_20260602_144504.csv] - INFO - Usando posición ESTIMA: x=85.79, y=132.12, θ=0.67
2026-06-02 14:45:10.732 - [robot_6_log_20260602_144504.csv] - INFO - Distancias a paredes: Left: 85.79, Right: 364.21, Top: 7.88, Bottom: 132.12
2026-06-02 14:45:10.732 - [robot_6_log_20260602_144504.csv] - INFO - Posicion: 85.79250842134444, 132.1187050959774, 0.6660148835393395 | Velocidad: -0.6178574437011386, 0.7862901368217042
2026-06-02 14:45:10.732 - [robot_6_log_20260602_144504.csv] - CRITICAL - Pared muy cercana [85.79250842134444, 364.20749157865555, 7.88129490402261, 132.1187050959774]
2026-06-02 14:45:10.732 - [robot_6_log_20260602_144504.csv] - INFO - None
2026-06-02 14:45:10.732 - [robot_6_log_20260602_144504.csv] - WARNING - Timer: 0.45010972023010254
2026-06-02 14:45:10.732 - [robot_6_log_20260602_144504.csv] - WARNING - Estado FSM: PARANDO_PARA_RETROCEDER | Target Wall: None | Target Theta: 0.00° |theta: 38.15984191970119 
2026-06-02 14:45:10.763 - [robot_6_log_20260602_144504.csv] - DEBUG - Incoming data. Topic agent/6/wheel, mensaje {"Wleft":-6.394884622e-15,"Wright":-1.98951966e-14}
2026-06-02 14:45:10.781 - [robot_6_log_20260602_144504.csv] - INFO - Usando posición ESTIMA: x=85.79, y=132.12, θ=0.67
2026-06-02 14:45:10.782 - [robot_6_log_20260602_144504.csv] - INFO - Distancias a paredes: Left: 85.79, Right: 364.21, Top: 7.88, Bottom: 132.12
2026-06-02 14:45:10.782 - [robot_6_log_20260602_144504.csv] - INFO - Posicion: 85.79250842134444, 132.1187050959774, 0.6660148835393392 | Velocidad: -0.6178574437011384, 0.7862901368217043
2026-06-02 14:45:10.782 - [robot_6_log_20260602_144504.csv] - CRITICAL - Pared muy cercana [85.79250842134444, 364.20749157865555, 7.88129490402261, 132.1187050959774]
2026-06-02 14:45:10.782 - [robot_6_log_20260602_144504.csv] - INFO - None
2026-06-02 14:45:10.782 - [robot_6_log_20260602_144504.csv] - WARNING - Timer: 0.500133752822876
2026-06-02 14:45:10.782 - [robot_6_log_20260602_144504.csv] - WARNING - Estado FSM: RETROCEDE | Target Wall: None | Target Theta: 0.00° |theta: 38.15984191970118 
2026-06-02 14:45:10.793 - [robot_6_log_20260602_144504.csv] - DEBUG - Incoming data. Topic 6/pos, mensaje {"x": 58.02, "y": 132.34, "yaw": 0.831, "timestamp": 1780404310.7861605}
2026-06-02 14:45:10.798 - [robot_6_log_20260602_144504.csv] - DEBUG - Posición actualizada por visión: x=58.02, y=132.34, θ=0.83
2026-06-02 14:45:10.803 - [robot_6_log_20260602_144504.csv] - DEBUG - Frecuencia: 0.93 Hz | Latencia Red/Proc: 17.48 ms
2026-06-02 14:45:10.803 - [robot_6_log_20260602_144504.csv] - DEBUG - Incoming data. Topic 6/pos, mensaje {"x": 58.02, "y": 132.34, "yaw": 0.831, "timestamp": 1780404310.7861605}
2026-06-02 14:45:10.803 - [robot_6_log_20260602_144504.csv] - DEBUG - Despachado a ZMQ -> agent/6/move: {'v': -30, 'w': 0.0}
2026-06-02 14:45:10.803 - [robot_6_log_20260602_144504.csv] - DEBUG - Posición actualizada por visión: x=58.02, y=132.34, θ=0.83
2026-06-02 14:45:10.814 - [robot_6_log_20260602_144504.csv] - DEBUG - Frecuencia: 95.58 Hz | Latencia Red/Proc: 27.94 ms
2026-06-02 14:45:10.814 - [robot_6_log_20260602_144504.csv] - DEBUG - Incoming data. Topic 6/pos, mensaje {"x": 58.02, "y": 132.34, "yaw": 0.831, "timestamp": 1780404310.7954648}
2026-06-02 14:45:10.814 - [robot_6_log_20260602_144504.csv] - DEBUG - Posición actualizada por visión: x=58.02, y=132.34, θ=0.83
2026-06-02 14:45:10.819 - [robot_6_log_20260602_144504.csv] - DEBUG - Frecuencia: 194.08 Hz | Latencia Red/Proc: 23.79 ms
2026-06-02 14:45:10.825 - [robot_6_log_20260602_144504.csv] - DEBUG - Incoming data. Topic 6/pos, mensaje {"x": 58.02, "y": 132.34, "yaw": 0.831, "timestamp": 1780404310.7954648}
2026-06-02 14:45:10.825 - [robot_6_log_20260602_144504.csv] - DEBUG - Posición actualizada por visión: x=58.02, y=132.34, θ=0.83
2026-06-02 14:45:10.825 - [robot_6_log_20260602_144504.csv] - DEBUG - Frecuencia: 159.01 Hz | Latencia Red/Proc: 30.08 ms
2026-06-02 14:45:10.831 - [robot_6_log_20260602_144504.csv] - INFO - Usando posición VISION: x=58.02, y=132.34, θ=0.83
2026-06-02 14:45:10.831 - [robot_6_log_20260602_144504.csv] - INFO - Distancias a paredes: Left: 58.02, Right: 391.98, Top: 7.66, Bottom: 132.34
2026-06-02 14:45:10.832 - [robot_6_log_20260602_144504.csv] - INFO - Posicion: 58.02, 132.34, 0.831 | Velocidad: -0.7386058777918999, 0.6741374913852938
2026-06-02 14:45:10.832 - [robot_6_log_20260602_144504.csv] - CRITICAL - Pared muy cercana [58.02, 391.98, 7.659999999999997, 132.34]
2026-06-02 14:45:10.832 - [robot_6_log_20260602_144504.csv] - INFO - None
2026-06-02 14:45:10.832 - [robot_6_log_20260602_144504.csv] - WARNING - Estado FSM: RETROCEDE | Target Wall: None | Target Theta: 0.00° |theta: 47.61279277537141 
2026-06-02 14:45:10.843 - [robot_6_log_20260602_144504.csv] - DEBUG - Incoming data. Topic agent/6/wheel, mensaje {"Wleft":-6.394884622e-15,"Wright":-1.98951966e-14}
2026-06-02 14:45:10.881 - [robot_6_log_20260602_144504.csv] - INFO - Usando posición VISION: x=58.02, y=132.34, θ=0.83
2026-06-02 14:45:10.882 - [robot_6_log_20260602_144504.csv] - INFO - Distancias a paredes: Left: 58.02, Right: 391.98, Top: 7.66, Bottom: 132.34
2026-06-02 14:45:10.882 - [robot_6_log_20260602_144504.csv] - INFO - Posicion: 58.02, 132.34, 0.831 | Velocidad: -0.7386058777918999, 0.6741374913852938
2026-06-02 14:45:10.882 - [robot_6_log_20260602_144504.csv] - CRITICAL - Pared muy cercana [58.02, 391.98, 7.659999999999997, 132.34]
2026-06-02 14:45:10.882 - [robot_6_log_20260602_144504.csv] - INFO - None
2026-06-02 14:45:10.882 - [robot_6_log_20260602_144504.csv] - WARNING - Estado FSM: RETROCEDE | Target Wall: None | Target Theta: 0.00° |theta: 47.61279277537141 
2026-06-02 14:45:10.888 - [robot_6_log_20260602_144504.csv] - DEBUG - Incoming data. Topic 6/pos, mensaje {"x": 58.11, "y": 132.28, "yaw": 0.826, "timestamp": 1780404310.8834221}
2026-06-02 14:45:10.893 - [robot_6_log_20260602_144504.csv] - DEBUG - Posición actualizada por visión: x=58.11, y=132.28, θ=0.83
2026-06-02 14:45:10.899 - [robot_6_log_20260602_144504.csv] - DEBUG - Frecuencia: 13.50 Hz | Latencia Red/Proc: 16.20 ms
2026-06-02 14:45:10.904 - [robot_6_log_20260602_144504.csv] - DEBUG - Incoming data. Topic 6/pos, mensaje {"x": 58.11, "y": 132.28, "yaw": 0.826, "timestamp": 1780404310.8834221}
2026-06-02 14:45:10.909 - [robot_6_log_20260602_144504.csv] - DEBUG - Posición actualizada por visión: x=58.11, y=132.28, θ=0.83
2026-06-02 14:45:10.909 - [robot_6_log_20260602_144504.csv] - DEBUG - Frecuencia: 97.94 Hz | Latencia Red/Proc: 26.41 ms
2026-06-02 14:45:10.909 - [robot_6_log_20260602_144504.csv] - DEBUG - Incoming data. Topic 6/pos, mensaje {"x": 58.11, "y": 132.28, "yaw": 0.826, "timestamp": 1780404310.894875}
2026-06-02 14:45:10.909 - [robot_6_log_20260602_144504.csv] - DEBUG - Posición actualizada por visión: x=58.11, y=132.28, θ=0.83
2026-06-02 14:45:10.909 - [robot_6_log_20260602_144504.csv] - DEBUG - Frecuencia: 21959.71 Hz | Latencia Red/Proc: 15.00 ms
2026-06-02 14:45:10.909 - [robot_6_log_20260602_144504.csv] - DEBUG - Incoming data. Topic 6/pos, mensaje {"x": 58.11, "y": 132.28, "yaw": 0.826, "timestamp": 1780404310.894875}
2026-06-02 14:45:10.909 - [robot_6_log_20260602_144504.csv] - DEBUG - Posición actualizada por visión: x=58.11, y=132.28, θ=0.83
2026-06-02 14:45:10.909 - [robot_6_log_20260602_144504.csv] - DEBUG - Frecuencia: 25890.77 Hz | Latencia Red/Proc: 15.04 ms
2026-06-02 14:45:10.931 - [robot_6_log_20260602_144504.csv] - INFO - Usando posición VISION: x=58.11, y=132.28, θ=0.83
2026-06-02 14:45:10.931 - [robot_6_log_20260602_144504.csv] - INFO - Distancias a paredes: Left: 58.11, Right: 391.89, Top: 7.72, Bottom: 132.28
2026-06-02 14:45:10.932 - [robot_6_log_20260602_144504.csv] - INFO - Posicion: 58.11, 132.28, 0.826 | Velocidad: -0.7352259718252491, 0.6778220786855634
2026-06-02 14:45:10.932 - [robot_6_log_20260602_144504.csv] - CRITICAL - Pared muy cercana [58.11, 391.89, 7.719999999999999, 132.28]
2026-06-02 14:45:10.932 - [robot_6_log_20260602_144504.csv] - INFO - None
2026-06-02 14:45:10.932 - [robot_6_log_20260602_144504.csv] - WARNING - Estado FSM: RETROCEDE | Target Wall: None | Target Theta: 0.00° |theta: 47.326313877805994 
2026-06-02 14:45:10.937 - [robot_6_log_20260602_144504.csv] - DEBUG - Incoming data. Topic agent/6/wheel, mensaje {"Wleft":6.069547672,"Wright":16}
2026-06-02 14:45:10.981 - [robot_6_log_20260602_144504.csv] - INFO - Usando posición VISION: x=58.11, y=132.28, θ=0.83
2026-06-02 14:45:10.982 - [robot_6_log_20260602_144504.csv] - INFO - Distancias a paredes: Left: 58.11, Right: 391.89, Top: 7.72, Bottom: 132.28
2026-06-02 14:45:10.982 - [robot_6_log_20260602_144504.csv] - INFO - Posicion: 58.11, 132.28, 0.826 | Velocidad: -0.7352259718252491, 0.6778220786855634
2026-06-02 14:45:10.982 - [robot_6_log_20260602_144504.csv] - CRITICAL - Pared muy cercana [58.11, 391.89, 7.719999999999999, 132.28]
2026-06-02 14:45:10.982 - [robot_6_log_20260602_144504.csv] - INFO - None
2026-06-02 14:45:10.982 - [robot_6_log_20260602_144504.csv] - WARNING - Estado FSM: RETROCEDE | Target Wall: None | Target Theta: 0.00° |theta: 47.326313877805994 
2026-06-02 14:45:10.988 - [robot_6_log_20260602_144504.csv] - DEBUG - Incoming data. Topic 6/pos, mensaje {"x": 58.22, "y": 132.09, "yaw": 0.822, "timestamp": 1780404310.9855196}
2026-06-02 14:45:10.993 - [robot_6_log_20260602_144504.csv] - DEBUG - Posición actualizada por visión: x=58.22, y=132.09, θ=0.82
2026-06-02 14:45:10.999 - [robot_6_log_20260602_144504.csv] - DEBUG - Frecuencia: 11.16 Hz | Latencia Red/Proc: 14.01 ms
2026-06-02 14:45:11.004 - [robot_6_log_20260602_144504.csv] - DEBUG - Incoming data. Topic 6/pos, mensaje {"x": 58.22, "y": 132.09, "yaw": 0.822, "timestamp": 1780404310.9855196}
2026-06-02 14:45:11.004 - [robot_6_log_20260602_144504.csv] - DEBUG - Posición actualizada por visión: x=58.22, y=132.09, θ=0.82
2026-06-02 14:45:11.004 - [robot_6_log_20260602_144504.csv] - DEBUG - Frecuencia: 187.19 Hz | Latencia Red/Proc: 19.35 ms
2026-06-02 14:45:11.005 - [robot_6_log_20260602_144504.csv] - DEBUG - Incoming data. Topic 6/pos, mensaje {"x": 58.22, "y": 132.09, "yaw": 0.822, "timestamp": 1780404310.995106}
2026-06-02 14:45:11.005 - [robot_6_log_20260602_144504.csv] - DEBUG - Posición actualizada por visión: x=58.22, y=132.09, θ=0.82
2026-06-02 14:45:11.005 - [robot_6_log_20260602_144504.csv] - DEBUG - Frecuencia: 3669.56 Hz | Latencia Red/Proc: 10.04 ms
2026-06-02 14:45:11.005 - [robot_6_log_20260602_144504.csv] - DEBUG - Incoming data. Topic 6/pos, mensaje {"x": 58.22, "y": 132.09, "yaw": 0.822, "timestamp": 1780404310.995106}
2026-06-02 14:45:11.005 - [robot_6_log_20260602_144504.csv] - DEBUG - Posición actualizada por visión: x=58.22, y=132.09, θ=0.82
2026-06-02 14:45:11.010 - [robot_6_log_20260602_144504.csv] - DEBUG - Frecuencia: 196.47 Hz | Latencia Red/Proc: 15.13 ms
2026-06-02 14:45:11.031 - [robot_6_log_20260602_144504.csv] - INFO - Usando posición VISION: x=58.22, y=132.09, θ=0.82
2026-06-02 14:45:11.031 - [robot_6_log_20260602_144504.csv] - INFO - Distancias a paredes: Left: 58.22, Right: 391.78, Top: 7.91, Bottom: 132.09
2026-06-02 14:45:11.032 - [robot_6_log_20260602_144504.csv] - INFO - Posicion: 58.22, 132.09, 0.822 | Velocidad: -0.7325088089406709, 0.6807575521610609
2026-06-02 14:45:11.032 - [robot_6_log_20260602_144504.csv] - CRITICAL - Pared muy cercana [58.22, 391.78, 7.909999999999997, 132.09]
2026-06-02 14:45:11.032 - [robot_6_log_20260602_144504.csv] - INFO - None
2026-06-02 14:45:11.032 - [robot_6_log_20260602_144504.csv] - WARNING - Estado FSM: RETROCEDE | Target Wall: None | Target Theta: 0.00° |theta: 47.09713075975367 
2026-06-02 14:45:11.069 - [robot_6_log_20260602_144504.csv] - DEBUG - Incoming data. Topic agent/6/wheel, mensaje {"Wleft":2.051415537,"Wright":20}
2026-06-02 14:45:11.081 - [robot_6_log_20260602_144504.csv] - INFO - Usando posición VISION: x=58.22, y=132.09, θ=0.82
2026-06-02 14:45:11.081 - [robot_6_log_20260602_144504.csv] - INFO - Distancias a paredes: Left: 58.22, Right: 391.78, Top: 7.91, Bottom: 132.09
2026-06-02 14:45:11.081 - [robot_6_log_20260602_144504.csv] - INFO - Posicion: 58.22, 132.09, 0.822 | Velocidad: -0.7325088089406709, 0.6807575521610609
2026-06-02 14:45:11.082 - [robot_6_log_20260602_144504.csv] - CRITICAL - Pared muy cercana [58.22, 391.78, 7.909999999999997, 132.09]
2026-06-02 14:45:11.082 - [robot_6_log_20260602_144504.csv] - INFO - None
2026-06-02 14:45:11.082 - [robot_6_log_20260602_144504.csv] - WARNING - Estado FSM: RETROCEDE | Target Wall: None | Target Theta: 0.00° |theta: 47.09713075975367 
2026-06-02 14:45:11.087 - [robot_6_log_20260602_144504.csv] - DEBUG - Incoming data. Topic 6/pos, mensaje {"x": 58.29, "y": 132.1, "yaw": 0.831, "timestamp": 1780404311.0817223}
2026-06-02 14:45:11.092 - [robot_6_log_20260602_144504.csv] - DEBUG - Posición actualizada por visión: x=58.29, y=132.10, θ=0.83
2026-06-02 14:45:11.097 - [robot_6_log_20260602_144504.csv] - DEBUG - Frecuencia: 11.45 Hz | Latencia Red/Proc: 15.87 ms
2026-06-02 14:45:11.103 - [robot_6_log_20260602_144504.csv] - DEBUG - Incoming data. Topic 6/pos, mensaje {"x": 58.29, "y": 132.1, "yaw": 0.831, "timestamp": 1780404311.0817223}
2026-06-02 14:45:11.103 - [robot_6_log_20260602_144504.csv] - DEBUG - Posición actualizada por visión: x=58.29, y=132.10, θ=0.83
2026-06-02 14:45:11.103 - [robot_6_log_20260602_144504.csv] - DEBUG - Frecuencia: 160.71 Hz | Latencia Red/Proc: 22.09 ms
2026-06-02 14:45:11.103 - [robot_6_log_20260602_144504.csv] - DEBUG - Incoming data. Topic 6/pos, mensaje {"x": 58.29, "y": 132.1, "yaw": 0.831, "timestamp": 1780404311.0919967}
2026-06-02 14:45:11.103 - [robot_6_log_20260602_144504.csv] - DEBUG - Posición actualizada por visión: x=58.29, y=132.10, θ=0.83
2026-06-02 14:45:11.103 - [robot_6_log_20260602_144504.csv] - DEBUG - Frecuencia: 31775.03 Hz | Latencia Red/Proc: 11.85 ms
2026-06-02 14:45:11.103 - [robot_6_log_20260602_144504.csv] - DEBUG - Incoming data. Topic 6/pos, mensaje {"x": 58.29, "y": 132.1, "yaw": 0.831, "timestamp": 1780404311.0919967}
2026-06-02 14:45:11.103 - [robot_6_log_20260602_144504.csv] - DEBUG - Posición actualizada por visión: x=58.29, y=132.10, θ=0.83
2026-06-02 14:45:11.108 - [robot_6_log_20260602_144504.csv] - DEBUG - Frecuencia: 196.39 Hz | Latencia Red/Proc: 16.94 ms
2026-06-02 14:45:11.131 - [robot_6_log_20260602_144504.csv] - INFO - Usando posición VISION: x=58.29, y=132.10, θ=0.83
2026-06-02 14:45:11.131 - [robot_6_log_20260602_144504.csv] - INFO - Distancias a paredes: Left: 58.29, Right: 391.71, Top: 7.90, Bottom: 132.10
2026-06-02 14:45:11.132 - [robot_6_log_20260602_144504.csv] - INFO - Posicion: 58.29, 132.1, 0.831 | Velocidad: -0.7386058777918999, 0.6741374913852938
2026-06-02 14:45:11.132 - [robot_6_log_20260602_144504.csv] - CRITICAL - Pared muy cercana [58.29, 391.71, 7.900000000000006, 132.1]
2026-06-02 14:45:11.132 - [robot_6_log_20260602_144504.csv] - INFO - None
2026-06-02 14:45:11.132 - [robot_6_log_20260602_144504.csv] - WARNING - Estado FSM: RETROCEDE | Target Wall: None | Target Theta: 0.00° |theta: 47.61279277537141 
2026-06-02 14:45:11.138 - [robot_6_log_20260602_144504.csv] - DEBUG - Incoming data. Topic agent/6/wheel, mensaje {"Wleft":8.066265584,"Wright":20}
2026-06-02 14:45:11.181 - [robot_6_log_20260602_144504.csv] - INFO - Usando posición VISION: x=58.29, y=132.10, θ=0.83
2026-06-02 14:45:11.182 - [robot_6_log_20260602_144504.csv] - INFO - Distancias a paredes: Left: 58.29, Right: 391.71, Top: 7.90, Bottom: 132.10
2026-06-02 14:45:11.182 - [robot_6_log_20260602_144504.csv] - INFO - Posicion: 58.29, 132.1, 0.831 | Velocidad: -0.7386058777918999, 0.6741374913852938
2026-06-02 14:45:11.182 - [robot_6_log_20260602_144504.csv] - CRITICAL - Pared muy cercana [58.29, 391.71, 7.900000000000006, 132.1]
2026-06-02 14:45:11.182 - [robot_6_log_20260602_144504.csv] - INFO - None
2026-06-02 14:45:11.182 - [robot_6_log_20260602_144504.csv] - WARNING - Estado FSM: RETROCEDE | Target Wall: None | Target Theta: 0.00° |theta: 47.61279277537141 
2026-06-02 14:45:11.188 - [robot_6_log_20260602_144504.csv] - DEBUG - Incoming data. Topic 6/pos, mensaje {"x": 58.96, "y": 131.32, "yaw": 0.857, "timestamp": 1780404311.1851737}
2026-06-02 14:45:11.188 - [robot_6_log_20260602_144504.csv] - DEBUG - Posición actualizada por visión: x=58.96, y=131.32, θ=0.86
2026-06-02 14:45:11.188 - [robot_6_log_20260602_144504.csv] - DEBUG - Frecuencia: 12.61 Hz | Latencia Red/Proc: 3.08 ms
2026-06-02 14:45:11.188 - [robot_6_log_20260602_144504.csv] - DEBUG - Incoming data. Topic 6/pos, mensaje {"x": 58.96, "y": 131.32, "yaw": 0.857, "timestamp": 1780404311.1851737}
2026-06-02 14:45:11.188 - [robot_6_log_20260602_144504.csv] - DEBUG - Posición actualizada por visión: x=58.96, y=131.32, θ=0.86
2026-06-02 14:45:11.188 - [robot_6_log_20260602_144504.csv] - DEBUG - Frecuencia: 25731.93 Hz | Latencia Red/Proc: 3.11 ms
2026-06-02 14:45:11.199 - [robot_6_log_20260602_144504.csv] - DEBUG - Incoming data. Topic 6/pos, mensaje {"x": 58.96, "y": 131.32, "yaw": 0.857, "timestamp": 1780404311.194012}
2026-06-02 14:45:11.204 - [robot_6_log_20260602_144504.csv] - DEBUG - Posición actualizada por visión: x=58.96, y=131.32, θ=0.86
2026-06-02 14:45:11.210 - [robot_6_log_20260602_144504.csv] - DEBUG - Frecuencia: 44.33 Hz | Latencia Red/Proc: 16.84 ms
2026-06-02 14:45:11.215 - [robot_6_log_20260602_144504.csv] - DEBUG - Incoming data. Topic 6/pos, mensaje {"x": 58.96, "y": 131.32, "yaw": 0.857, "timestamp": 1780404311.194012}
2026-06-02 14:45:11.221 - [robot_6_log_20260602_144504.csv] - DEBUG - Posición actualizada por visión: x=58.96, y=131.32, θ=0.86
2026-06-02 14:45:11.221 - [robot_6_log_20260602_144504.csv] - DEBUG - Frecuencia: 98.01 Hz | Latencia Red/Proc: 27.04 ms
2026-06-02 14:45:11.231 - [robot_6_log_20260602_144504.csv] - INFO - Usando posición VISION: x=58.96, y=131.32, θ=0.86
2026-06-02 14:45:11.231 - [robot_6_log_20260602_144504.csv] - INFO - Distancias a paredes: Left: 58.96, Right: 391.04, Top: 8.68, Bottom: 131.32
2026-06-02 14:45:11.232 - [robot_6_log_20260602_144504.csv] - INFO - Posicion: 58.96, 131.32, 0.857 | Velocidad: -0.7558818431377767, 0.6547080564760429
2026-06-02 14:45:11.232 - [robot_6_log_20260602_144504.csv] - CRITICAL - Pared muy cercana [58.96, 391.04, 8.680000000000007, 131.32]
2026-06-02 14:45:11.232 - [robot_6_log_20260602_144504.csv] - INFO - None
2026-06-02 14:45:11.232 - [robot_6_log_20260602_144504.csv] - WARNING - Estado FSM: RETROCEDE | Target Wall: None | Target Theta: 0.00° |theta: 49.10248304271155 
2026-06-02 14:45:11.267 - [robot_6_log_20260602_144504.csv] - DEBUG - Incoming data. Topic agent/6/wheel, mensaje {"Wleft":6.088548716,"Wright":20}
2026-06-02 14:45:11.281 - [robot_6_log_20260602_144504.csv] - INFO - Usando posición VISION: x=58.96, y=131.32, θ=0.86
2026-06-02 14:45:11.282 - [robot_6_log_20260602_144504.csv] - INFO - Distancias a paredes: Left: 58.96, Right: 391.04, Top: 8.68, Bottom: 131.32
2026-06-02 14:45:11.282 - [robot_6_log_20260602_144504.csv] - INFO - Posicion: 58.96, 131.32, 0.857 | Velocidad: -0.7558818431377767, 0.6547080564760429
2026-06-02 14:45:11.282 - [robot_6_log_20260602_144504.csv] - CRITICAL - Pared muy cercana [58.96, 391.04, 8.680000000000007, 131.32]
2026-06-02 14:45:11.282 - [robot_6_log_20260602_144504.csv] - INFO - None
2026-06-02 14:45:11.282 - [robot_6_log_20260602_144504.csv] - WARNING - Estado FSM: RETROCEDE | Target Wall: None | Target Theta: 0.00° |theta: 49.10248304271155 
2026-06-02 14:45:11.287 - [robot_6_log_20260602_144504.csv] - DEBUG - Incoming data. Topic 6/pos, mensaje {"x": 59.8, "y": 130.1, "yaw": 0.94, "timestamp": 1780404311.281623}
2026-06-02 14:45:11.292 - [robot_6_log_20260602_144504.csv] - DEBUG - Posición actualizada por visión: x=59.80, y=130.10, θ=0.94
2026-06-02 14:45:11.297 - [robot_6_log_20260602_144504.csv] - DEBUG - Frecuencia: 13.08 Hz | Latencia Red/Proc: 15.89 ms
2026-06-02 14:45:11.303 - [robot_6_log_20260602_144504.csv] - DEBUG - Incoming data. Topic 6/pos, mensaje {"x": 59.8, "y": 130.1, "yaw": 0.94, "timestamp": 1780404311.281623}
2026-06-02 14:45:11.308 - [robot_6_log_20260602_144504.csv] - DEBUG - Posición actualizada por visión: x=59.80, y=130.10, θ=0.94
2026-06-02 14:45:11.308 - [robot_6_log_20260602_144504.csv] - DEBUG - Frecuencia: 88.50 Hz | Latencia Red/Proc: 27.19 ms
2026-06-02 14:45:11.308 - [robot_6_log_20260602_144504.csv] - DEBUG - Incoming data. Topic 6/pos, mensaje {"x": 59.8, "y": 130.1, "yaw": 0.94, "timestamp": 1780404311.2913918}
2026-06-02 14:45:11.308 - [robot_6_log_20260602_144504.csv] - DEBUG - Posición actualizada por visión: x=59.80, y=130.10, θ=0.94
2026-06-02 14:45:11.308 - [robot_6_log_20260602_144504.csv] - DEBUG - Frecuencia: 22550.02 Hz | Latencia Red/Proc: 17.46 ms
2026-06-02 14:45:11.308 - [robot_6_log_20260602_144504.csv] - DEBUG - Incoming data. Topic 6/pos, mensaje {"x": 59.8, "y": 130.1, "yaw": 0.94, "timestamp": 1780404311.2913918}
2026-06-02 14:45:11.308 - [robot_6_log_20260602_144504.csv] - DEBUG - Posición actualizada por visión: x=59.80, y=130.10, θ=0.94
2026-06-02 14:45:11.308 - [robot_6_log_20260602_144504.csv] - DEBUG - Frecuencia: 25575.02 Hz | Latencia Red/Proc: 17.50 ms
2026-06-02 14:45:11.331 - [robot_6_log_20260602_144504.csv] - INFO - Usando posición VISION: x=59.80, y=130.10, θ=0.94
2026-06-02 14:45:11.331 - [robot_6_log_20260602_144504.csv] - INFO - Distancias a paredes: Left: 59.80, Right: 390.20, Top: 9.90, Bottom: 130.10
2026-06-02 14:45:11.332 - [robot_6_log_20260602_144504.csv] - INFO - Posicion: 59.8, 130.1, 0.94 | Velocidad: -0.8075581004051142, 0.5897880250310983
2026-06-02 14:45:11.332 - [robot_6_log_20260602_144504.csv] - CRITICAL - Pared muy cercana [59.8, 390.2, 9.900000000000006, 130.1]
2026-06-02 14:45:11.332 - [robot_6_log_20260602_144504.csv] - INFO - None
2026-06-02 14:45:11.332 - [robot_6_log_20260602_144504.csv] - WARNING - Estado FSM: RETROCEDE | Target Wall: None | Target Theta: 0.00° |theta: 53.85803274229738 
2026-06-02 14:45:11.368 - [robot_6_log_20260602_144504.csv] - DEBUG - Incoming data. Topic agent/6/wheel, mensaje {"Wleft":8.060074268,"Wright":20}
2026-06-02 14:45:11.381 - [robot_6_log_20260602_144504.csv] - INFO - Usando posición VISION: x=59.80, y=130.10, θ=0.94
2026-06-02 14:45:11.381 - [robot_6_log_20260602_144504.csv] - INFO - Distancias a paredes: Left: 59.80, Right: 390.20, Top: 9.90, Bottom: 130.10
2026-06-02 14:45:11.382 - [robot_6_log_20260602_144504.csv] - INFO - Posicion: 59.8, 130.1, 0.94 | Velocidad: -0.8075581004051142, 0.5897880250310983
2026-06-02 14:45:11.382 - [robot_6_log_20260602_144504.csv] - CRITICAL - Pared muy cercana [59.8, 390.2, 9.900000000000006, 130.1]
2026-06-02 14:45:11.382 - [robot_6_log_20260602_144504.csv] - INFO - None
2026-06-02 14:45:11.382 - [robot_6_log_20260602_144504.csv] - WARNING - Estado FSM: RETROCEDE | Target Wall: None | Target Theta: 0.00° |theta: 53.85803274229738 
2026-06-02 14:45:11.393 - [robot_6_log_20260602_144504.csv] - DEBUG - Incoming data. Topic 6/pos, mensaje {"x": 60.79, "y": 128.89, "yaw": 1.053, "timestamp": 1780404311.38501}
2026-06-02 14:45:11.398 - [robot_6_log_20260602_144504.csv] - DEBUG - Posición actualizada por visión: x=60.79, y=128.89, θ=1.05
2026-06-02 14:45:11.404 - [robot_6_log_20260602_144504.csv] - DEBUG - Frecuencia: 10.45 Hz | Latencia Red/Proc: 19.57 ms
2026-06-02 14:45:11.409 - [robot_6_log_20260602_144504.csv] - DEBUG - Incoming data. Topic 6/pos, mensaje {"x": 60.79, "y": 128.89, "yaw": 1.053, "timestamp": 1780404311.38501}
2026-06-02 14:45:11.409 - [robot_6_log_20260602_144504.csv] - DEBUG - Posición actualizada por visión: x=60.79, y=128.89, θ=1.05
2026-06-02 14:45:11.409 - [robot_6_log_20260602_144504.csv] - DEBUG - Frecuencia: 194.66 Hz | Latencia Red/Proc: 24.70 ms
2026-06-02 14:45:11.409 - [robot_6_log_20260602_144504.csv] - DEBUG - Incoming data. Topic 6/pos, mensaje {"x": 60.79, "y": 128.89, "yaw": 1.053, "timestamp": 1780404311.3948464}
2026-06-02 14:45:11.409 - [robot_6_log_20260602_144504.csv] - DEBUG - Posición actualizada por visión: x=60.79, y=128.89, θ=1.05
2026-06-02 14:45:11.409 - [robot_6_log_20260602_144504.csv] - DEBUG - Frecuencia: 24818.37 Hz | Latencia Red/Proc: 14.91 ms
2026-06-02 14:45:11.409 - [robot_6_log_20260602_144504.csv] - DEBUG - Incoming data. Topic 6/pos, mensaje {"x": 60.79, "y": 128.89, "yaw": 1.053, "timestamp": 1780404311.3948464}
2026-06-02 14:45:11.409 - [robot_6_log_20260602_144504.csv] - DEBUG - Posición actualizada por visión: x=60.79, y=128.89, θ=1.05
2026-06-02 14:45:11.409 - [robot_6_log_20260602_144504.csv] - DEBUG - Frecuencia: 23172.95 Hz | Latencia Red/Proc: 14.95 ms
2026-06-02 14:45:11.431 - [robot_6_log_20260602_144504.csv] - INFO - Usando posición VISION: x=60.79, y=128.89, θ=1.05
2026-06-02 14:45:11.431 - [robot_6_log_20260602_144504.csv] - INFO - Distancias a paredes: Left: 60.79, Right: 389.21, Top: 11.11, Bottom: 128.89
2026-06-02 14:45:11.431 - [robot_6_log_20260602_144504.csv] - INFO - Posicion: 60.79, 128.89, 1.053 | Velocidad: -0.8689120330970357, 0.49496654305031157
2026-06-02 14:45:11.431 - [robot_6_log_20260602_144504.csv] - INFO - None
2026-06-02 14:45:11.432 - [robot_6_log_20260602_144504.csv] - WARNING - Estado FSM: RETROCEDE | Target Wall: None | Target Theta: 0.00° |theta: 60.33245582727568 
2026-06-02 14:45:11.437 - [robot_6_log_20260602_144504.csv] - DEBUG - Incoming data. Topic agent/6/wheel, mensaje {"Wleft":6.06697754,"Wright":20}
2026-06-02 14:45:11.481 - [robot_6_log_20260602_144504.csv] - INFO - Usando posición VISION: x=60.79, y=128.89, θ=1.05
2026-06-02 14:45:11.481 - [robot_6_log_20260602_144504.csv] - INFO - Distancias a paredes: Left: 60.79, Right: 389.21, Top: 11.11, Bottom: 128.89
2026-06-02 14:45:11.482 - [robot_6_log_20260602_144504.csv] - INFO - Posicion: 60.79, 128.89, 1.053 | Velocidad: -0.8689120330970357, 0.49496654305031157
2026-06-02 14:45:11.482 - [robot_6_log_20260602_144504.csv] - INFO - None
2026-06-02 14:45:11.482 - [robot_6_log_20260602_144504.csv] - DEBUG - Incoming data. Topic 6/pos, mensaje {"x": 61.83, "y": 127.69, "yaw": 1.183, "timestamp": 1780404311.4816587}
2026-06-02 14:45:11.482 - [robot_6_log_20260602_144504.csv] - WARNING - Estado FSM: RETROCEDE | Target Wall: None | Target Theta: 0.00° |theta: 60.33245582727568 
2026-06-02 14:45:11.482 - [robot_6_log_20260602_144504.csv] - DEBUG - Posición actualizada por visión: x=61.83, y=127.69, θ=1.18
2026-06-02 14:45:11.492 - [robot_6_log_20260602_144504.csv] - DEBUG - Frecuencia: 12.12 Hz | Latencia Red/Proc: 10.68 ms
2026-06-02 14:45:11.503 - [robot_6_log_20260602_144504.csv] - DEBUG - Incoming data. Topic 6/pos, mensaje {"x": 61.83, "y": 127.69, "yaw": 1.183, "timestamp": 1780404311.4816587}
2026-06-02 14:45:11.508 - [robot_6_log_20260602_144504.csv] - DEBUG - Posición actualizada por visión: x=61.83, y=127.69, θ=1.18
2026-06-02 14:45:11.513 - [robot_6_log_20260602_144504.csv] - DEBUG - Frecuencia: 46.48 Hz | Latencia Red/Proc: 32.19 ms
2026-06-02 14:45:11.513 - [robot_6_log_20260602_144504.csv] - DEBUG - Incoming data. Topic 6/pos, mensaje {"x": 61.83, "y": 127.69, "yaw": 1.183, "timestamp": 1780404311.4929345}
2026-06-02 14:45:11.513 - [robot_6_log_20260602_144504.csv] - DEBUG - Posición actualizada por visión: x=61.83, y=127.69, θ=1.18
2026-06-02 14:45:11.513 - [robot_6_log_20260602_144504.csv] - DEBUG - Frecuencia: 24105.20 Hz | Latencia Red/Proc: 20.96 ms
2026-06-02 14:45:11.513 - [robot_6_log_20260602_144504.csv] - DEBUG - Incoming data. Topic 6/pos, mensaje {"x": 61.83, "y": 127.69, "yaw": 1.183, "timestamp": 1780404311.4929345}
2026-06-02 14:45:11.513 - [robot_6_log_20260602_144504.csv] - DEBUG - Posición actualizada por visión: x=61.83, y=127.69, θ=1.18
2026-06-02 14:45:11.513 - [robot_6_log_20260602_144504.csv] - DEBUG - Frecuencia: 26379.27 Hz | Latencia Red/Proc: 20.99 ms
2026-06-02 14:45:11.531 - [robot_6_log_20260602_144504.csv] - INFO - Usando posición VISION: x=61.83, y=127.69, θ=1.18
2026-06-02 14:45:11.531 - [robot_6_log_20260602_144504.csv] - INFO - Distancias a paredes: Left: 61.83, Right: 388.17, Top: 12.31, Bottom: 127.69
2026-06-02 14:45:11.531 - [robot_6_log_20260602_144504.csv] - INFO - Posicion: 61.83, 127.69, 1.183 | Velocidad: -0.9257446244430247, 0.3781492963299588
2026-06-02 14:45:11.531 - [robot_6_log_20260602_144504.csv] - INFO - None
2026-06-02 14:45:11.531 - [robot_6_log_20260602_144504.csv] - WARNING - Estado FSM: RETROCEDE | Target Wall: None | Target Theta: 0.00° |theta: 67.7809071639764 
2026-06-02 14:45:11.574 - [robot_6_log_20260602_144504.csv] - DEBUG - Incoming data. Topic agent/6/wheel, mensaje {"Wleft":8.114582174,"Wright":20}
2026-06-02 14:45:11.581 - [robot_6_log_20260602_144504.csv] - INFO - Usando posición VISION: x=61.83, y=127.69, θ=1.18
2026-06-02 14:45:11.581 - [robot_6_log_20260602_144504.csv] - INFO - Distancias a paredes: Left: 61.83, Right: 388.17, Top: 12.31, Bottom: 127.69
2026-06-02 14:45:11.582 - [robot_6_log_20260602_144504.csv] - INFO - Posicion: 61.83, 127.69, 1.183 | Velocidad: -0.9257446244430247, 0.3781492963299588
2026-06-02 14:45:11.582 - [robot_6_log_20260602_144504.csv] - INFO - None
2026-06-02 14:45:11.582 - [robot_6_log_20260602_144504.csv] - WARNING - Estado FSM: RETROCEDE | Target Wall: None | Target Theta: 0.00° |theta: 67.7809071639764 
2026-06-02 14:45:11.588 - [robot_6_log_20260602_144504.csv] - DEBUG - Incoming data. Topic 6/pos, mensaje {"x": 62.93, "y": 126.57, "yaw": 1.34, "timestamp": 1780404311.5867002}
2026-06-02 14:45:11.593 - [robot_6_log_20260602_144504.csv] - DEBUG - Posición actualizada por visión: x=62.93, y=126.57, θ=1.34
2026-06-02 14:45:11.598 - [robot_6_log_20260602_144504.csv] - DEBUG - Frecuencia: 11.84 Hz | Latencia Red/Proc: 11.72 ms
2026-06-02 14:45:11.609 - [robot_6_log_20260602_144504.csv] - DEBUG - Incoming data. Topic 6/pos, mensaje {"x": 62.93, "y": 126.57, "yaw": 1.34, "timestamp": 1780404311.5867002}
2026-06-02 14:45:11.614 - [robot_6_log_20260602_144504.csv] - DEBUG - Posición actualizada por visión: x=62.93, y=126.57, θ=1.34
2026-06-02 14:45:11.614 - [robot_6_log_20260602_144504.csv] - DEBUG - Frecuencia: 61.14 Hz | Latencia Red/Proc: 28.07 ms
2026-06-02 14:45:11.614 - [robot_6_log_20260602_144504.csv] - DEBUG - Incoming data. Topic 6/pos, mensaje {"x": 62.93, "y": 126.57, "yaw": 1.34, "timestamp": 1780404311.5965192}
2026-06-02 14:45:11.614 - [robot_6_log_20260602_144504.csv] - DEBUG - Posición actualizada por visión: x=62.93, y=126.57, θ=1.34
2026-06-02 14:45:11.614 - [robot_6_log_20260602_144504.csv] - DEBUG - Frecuencia: 25575.02 Hz | Latencia Red/Proc: 18.29 ms
2026-06-02 14:45:11.614 - [robot_6_log_20260602_144504.csv] - DEBUG - Incoming data. Topic 6/pos, mensaje {"x": 62.93, "y": 126.57, "yaw": 1.34, "timestamp": 1780404311.5965192}
2026-06-02 14:45:11.619 - [robot_6_log_20260602_144504.csv] - DEBUG - Posición actualizada por visión: x=62.93, y=126.57, θ=1.34
2026-06-02 14:45:11.619 - [robot_6_log_20260602_144504.csv] - DEBUG - Frecuencia: 195.97 Hz | Latencia Red/Proc: 23.40 ms
2026-06-02 14:45:11.631 - [robot_6_log_20260602_144504.csv] - INFO - Usando posición VISION: x=62.93, y=126.57, θ=1.34
2026-06-02 14:45:11.631 - [robot_6_log_20260602_144504.csv] - INFO - Distancias a paredes: Left: 62.93, Right: 387.07, Top: 13.43, Bottom: 126.57
2026-06-02 14:45:11.632 - [robot_6_log_20260602_144504.csv] - INFO - Posicion: 62.93, 126.57, 1.34 | Velocidad: -0.9734845416953194, 0.22875280780845939
2026-06-02 14:45:11.632 - [robot_6_log_20260602_144504.csv] - INFO - None
2026-06-02 14:45:11.632 - [robot_6_log_20260602_144504.csv] - WARNING - Estado FSM: RETROCEDE | Target Wall: None | Target Theta: 0.00° |theta: 76.77634454753031 
2026-06-02 14:45:11.638 - [robot_6_log_20260602_144504.csv] - DEBUG - Incoming data. Topic agent/6/wheel, mensaje {"Wleft":8.064199481,"Wright":20}
2026-06-02 14:45:11.681 - [robot_6_log_20260602_144504.csv] - INFO - Usando posición VISION: x=62.93, y=126.57, θ=1.34
2026-06-02 14:45:11.682 - [robot_6_log_20260602_144504.csv] - INFO - Distancias a paredes: Left: 62.93, Right: 387.07, Top: 13.43, Bottom: 126.57
2026-06-02 14:45:11.682 - [robot_6_log_20260602_144504.csv] - INFO - Posicion: 62.93, 126.57, 1.34 | Velocidad: -0.9734845416953194, 0.22875280780845939
2026-06-02 14:45:11.682 - [robot_6_log_20260602_144504.csv] - INFO - None
2026-06-02 14:45:11.682 - [robot_6_log_20260602_144504.csv] - WARNING - Estado FSM: RETROCEDE | Target Wall: None | Target Theta: 0.00° |theta: 76.77634454753031 
2026-06-02 14:45:11.694 - [robot_6_log_20260602_144504.csv] - DEBUG - Incoming data. Topic 6/pos, mensaje {"x": 64.12, "y": 125.58, "yaw": 1.504, "timestamp": 1780404311.6823266}
2026-06-02 14:45:11.699 - [robot_6_log_20260602_144504.csv] - DEBUG - Posición actualizada por visión: x=64.12, y=125.58, θ=1.50
2026-06-02 14:45:11.705 - [robot_6_log_20260602_144504.csv] - DEBUG - Frecuencia: 11.72 Hz | Latencia Red/Proc: 22.94 ms
2026-06-02 14:45:11.715 - [robot_6_log_20260602_144504.csv] - DEBUG - Incoming data. Topic 6/pos, mensaje {"x": 64.12, "y": 125.58, "yaw": 1.504, "timestamp": 1780404311.6823266}
2026-06-02 14:45:11.715 - [robot_6_log_20260602_144504.csv] - DEBUG - Posición actualizada por visión: x=64.12, y=125.58, θ=1.50
2026-06-02 14:45:11.715 - [robot_6_log_20260602_144504.csv] - DEBUG - Frecuencia: 97.72 Hz | Latencia Red/Proc: 33.17 ms
2026-06-02 14:45:11.720 - [robot_6_log_20260602_144504.csv] - DEBUG - Incoming data. Topic 6/pos, mensaje {"x": 64.12, "y": 125.58, "yaw": 1.504, "timestamp": 1780404311.6927948}
2026-06-02 14:45:11.731 - [robot_6_log_20260602_144504.csv] - DEBUG - Posición actualizada por visión: x=64.12, y=125.58, θ=1.50
2026-06-02 14:45:11.731 - [robot_6_log_20260602_144504.csv] - INFO - Usando posición VISION: x=64.12, y=125.58, θ=1.50
2026-06-02 14:45:11.731 - [robot_6_log_20260602_144504.csv] - DEBUG - Frecuencia: 60.74 Hz | Latencia Red/Proc: 39.17 ms
2026-06-02 14:45:11.732 - [robot_6_log_20260602_144504.csv] - INFO - Distancias a paredes: Left: 64.12, Right: 385.88, Top: 14.42, Bottom: 125.58
2026-06-02 14:45:11.732 - [robot_6_log_20260602_144504.csv] - DEBUG - Incoming data. Topic 6/pos, mensaje {"x": 64.12, "y": 125.58, "yaw": 1.504, "timestamp": 1780404311.6927948}
2026-06-02 14:45:11.732 - [robot_6_log_20260602_144504.csv] - INFO - Posicion: 64.12, 125.58, 1.504 | Velocidad: -0.9977699547069429, 0.06674666646436589
2026-06-02 14:45:11.732 - [robot_6_log_20260602_144504.csv] - DEBUG - Posición actualizada por visión: x=64.12, y=125.58, θ=1.50
2026-06-02 14:45:11.732 - [robot_6_log_20260602_144504.csv] - INFO - None
2026-06-02 14:45:11.732 - [robot_6_log_20260602_144504.csv] - DEBUG - Frecuencia: 7206.71 Hz | Latencia Red/Proc: 39.31 ms
2026-06-02 14:45:11.732 - [robot_6_log_20260602_144504.csv] - WARNING - Estado FSM: RETROCEDE | Target Wall: None | Target Theta: 0.00° |theta: 86.17285238767582 
2026-06-02 14:45:11.780 - [robot_6_log_20260602_144504.csv] - DEBUG - Incoming data. Topic agent/6/wheel, mensaje {"Wleft":4.059041242,"Wright":20}
2026-06-02 14:45:11.781 - [robot_6_log_20260602_144504.csv] - INFO - Usando posición VISION: x=64.12, y=125.58, θ=1.50
2026-06-02 14:45:11.782 - [robot_6_log_20260602_144504.csv] - INFO - Distancias a paredes: Left: 64.12, Right: 385.88, Top: 14.42, Bottom: 125.58
2026-06-02 14:45:11.782 - [robot_6_log_20260602_144504.csv] - INFO - Posicion: 64.12, 125.58, 1.504 | Velocidad: -0.9977699547069429, 0.06674666646436589
2026-06-02 14:45:11.782 - [robot_6_log_20260602_144504.csv] - INFO - None
2026-06-02 14:45:11.782 - [robot_6_log_20260602_144504.csv] - WARNING - Estado FSM: RETROCEDE | Target Wall: None | Target Theta: 0.00° |theta: 86.17285238767582 
2026-06-02 14:45:11.788 - [robot_6_log_20260602_144504.csv] - DEBUG - Incoming data. Topic 6/pos, mensaje {"x": 65.48, "y": 124.69, "yaw": 1.665, "timestamp": 1780404311.787266}
2026-06-02 14:45:11.793 - [robot_6_log_20260602_144504.csv] - DEBUG - Posición actualizada por visión: x=65.48, y=124.69, θ=1.67
2026-06-02 14:45:11.799 - [robot_6_log_20260602_144504.csv] - DEBUG - Frecuencia: 14.85 Hz | Latencia Red/Proc: 12.19 ms
2026-06-02 14:45:11.804 - [robot_6_log_20260602_144504.csv] - DEBUG - Incoming data. Topic 6/pos, mensaje {"x": 65.48, "y": 124.69, "yaw": 1.665, "timestamp": 1780404311.787266}
2026-06-02 14:45:11.804 - [robot_6_log_20260602_144504.csv] - DEBUG - Posición actualizada por visión: x=65.48, y=124.69, θ=1.67
2026-06-02 14:45:11.804 - [robot_6_log_20260602_144504.csv] - DEBUG - Frecuencia: 193.45 Hz | Latencia Red/Proc: 17.36 ms
2026-06-02 14:45:11.810 - [robot_6_log_20260602_144504.csv] - DEBUG - Incoming data. Topic 6/pos, mensaje {"x": 65.48, "y": 124.69, "yaw": 1.665, "timestamp": 1780404311.7963789}
2026-06-02 14:45:11.815 - [robot_6_log_20260602_144504.csv] - DEBUG - Posición actualizada por visión: x=65.48, y=124.69, θ=1.67
2026-06-02 14:45:11.815 - [robot_6_log_20260602_144504.csv] - DEBUG - Frecuencia: 89.12 Hz | Latencia Red/Proc: 19.46 ms
2026-06-02 14:45:11.815 - [robot_6_log_20260602_144504.csv] - DEBUG - Incoming data. Topic 6/pos, mensaje {"x": 65.48, "y": 124.69, "yaw": 1.665, "timestamp": 1780404311.7963789}
2026-06-02 14:45:11.815 - [robot_6_log_20260602_144504.csv] - DEBUG - Posición actualizada por visión: x=65.48, y=124.69, θ=1.67
2026-06-02 14:45:11.815 - [robot_6_log_20260602_144504.csv] - DEBUG - Frecuencia: 25890.77 Hz | Latencia Red/Proc: 19.50 ms
2026-06-02 14:45:11.831 - [robot_6_log_20260602_144504.csv] - INFO - Usando posición VISION: x=65.48, y=124.69, θ=1.67
2026-06-02 14:45:11.831 - [robot_6_log_20260602_144504.csv] - INFO - Distancias a paredes: Left: 65.48, Right: 384.52, Top: 15.31, Bottom: 124.69
2026-06-02 14:45:11.832 - [robot_6_log_20260602_144504.csv] - INFO - Posicion: 65.48, 124.69, 1.665 | Velocidad: -0.9955661144138624, -0.09406440257017613
2026-06-02 14:45:11.832 - [robot_6_log_20260602_144504.csv] - INFO - None
2026-06-02 14:45:11.832 - [robot_6_log_20260602_144504.csv] - WARNING - Estado FSM: RETROCEDE | Target Wall: None | Target Theta: 0.00° |theta: 95.39747288928207 
2026-06-02 14:45:11.838 - [robot_6_log_20260602_144504.csv] - DEBUG - Incoming data. Topic agent/6/wheel, mensaje {"Wleft":4.044520663,"Wright":20}
2026-06-02 14:45:11.881 - [robot_6_log_20260602_144504.csv] - INFO - Usando posición VISION: x=65.48, y=124.69, θ=1.67
2026-06-02 14:45:11.882 - [robot_6_log_20260602_144504.csv] - INFO - Distancias a paredes: Left: 65.48, Right: 384.52, Top: 15.31, Bottom: 124.69
2026-06-02 14:45:11.882 - [robot_6_log_20260602_144504.csv] - INFO - Posicion: 65.48, 124.69, 1.665 | Velocidad: -0.9955661144138624, -0.09406440257017613
2026-06-02 14:45:11.882 - [robot_6_log_20260602_144504.csv] - INFO - None
2026-06-02 14:45:11.882 - [robot_6_log_20260602_144504.csv] - WARNING - Estado FSM: RETROCEDE | Target Wall: None | Target Theta: 0.00° |theta: 95.39747288928207 
2026-06-02 14:45:11.887 - [robot_6_log_20260602_144504.csv] - DEBUG - Incoming data. Topic 6/pos, mensaje {"x": 66.93, "y": 123.97, "yaw": 1.83, "timestamp": 1780404311.884355}
2026-06-02 14:45:11.892 - [robot_6_log_20260602_144504.csv] - DEBUG - Posición actualizada por visión: x=66.93, y=123.97, θ=1.83
2026-06-02 14:45:11.898 - [robot_6_log_20260602_144504.csv] - DEBUG - Frecuencia: 12.08 Hz | Latencia Red/Proc: 14.32 ms
2026-06-02 14:45:11.898 - [robot_6_log_20260602_144504.csv] - DEBUG - Incoming data. Topic 6/pos, mensaje {"x": 66.93, "y": 123.97, "yaw": 1.83, "timestamp": 1780404311.884355}
2026-06-02 14:45:11.898 - [robot_6_log_20260602_144504.csv] - DEBUG - Posición actualizada por visión: x=66.93, y=123.97, θ=1.83
2026-06-02 14:45:11.898 - [robot_6_log_20260602_144504.csv] - DEBUG - Frecuencia: 12446.01 Hz | Latencia Red/Proc: 14.40 ms
2026-06-02 14:45:11.898 - [robot_6_log_20260602_144504.csv] - DEBUG - Incoming data. Topic 6/pos, mensaje {"x": 66.93, "y": 123.97, "yaw": 1.83, "timestamp": 1780404311.8973422}
2026-06-02 14:45:11.898 - [robot_6_log_20260602_144504.csv] - DEBUG - Posición actualizada por visión: x=66.93, y=123.97, θ=1.83
2026-06-02 14:45:11.898 - [robot_6_log_20260602_144504.csv] - DEBUG - Frecuencia: 27235.74 Hz | Latencia Red/Proc: 1.45 ms
2026-06-02 14:45:11.908 - [robot_6_log_20260602_144504.csv] - DEBUG - Incoming data. Topic 6/pos, mensaje {"x": 66.93, "y": 123.97, "yaw": 1.83, "timestamp": 1780404311.8973422}
2026-06-02 14:45:11.914 - [robot_6_log_20260602_144504.csv] - DEBUG - Posición actualizada por visión: x=66.93, y=123.97, θ=1.83
2026-06-02 14:45:11.920 - [robot_6_log_20260602_144504.csv] - DEBUG - Frecuencia: 46.80 Hz | Latencia Red/Proc: 22.82 ms
2026-06-02 14:45:11.931 - [robot_6_log_20260602_144504.csv] - INFO - Usando posición VISION: x=66.93, y=123.97, θ=1.83
2026-06-02 14:45:11.931 - [robot_6_log_20260602_144504.csv] - INFO - Distancias a paredes: Left: 66.93, Right: 383.07, Top: 16.03, Bottom: 123.97
2026-06-02 14:45:11.932 - [robot_6_log_20260602_144504.csv] - INFO - Posicion: 66.93, 123.97, 1.83 | Velocidad: -0.9665943918332975, -0.2563109082275227
2026-06-02 14:45:11.932 - [robot_6_log_20260602_144504.csv] - INFO - None
2026-06-02 14:45:11.932 - [robot_6_log_20260602_144504.csv] - WARNING - Estado FSM: RETROCEDE | Target Wall: None | Target Theta: 0.00° |theta: 104.85127650894066 
2026-06-02 14:45:11.943 - [robot_6_log_20260602_144504.csv] - DEBUG - Incoming data. Topic agent/6/wheel, mensaje {"Wleft":8.088496642,"Wright":20}
2026-06-02 14:45:11.981 - [robot_6_log_20260602_144504.csv] - INFO - Usando posición VISION: x=66.93, y=123.97, θ=1.83
2026-06-02 14:45:11.982 - [robot_6_log_20260602_144504.csv] - INFO - Distancias a paredes: Left: 66.93, Right: 383.07, Top: 16.03, Bottom: 123.97
2026-06-02 14:45:11.982 - [robot_6_log_20260602_144504.csv] - INFO - Posicion: 66.93, 123.97, 1.83 | Velocidad: -0.9665943918332975, -0.2563109082275227
2026-06-02 14:45:11.982 - [robot_6_log_20260602_144504.csv] - INFO - None
2026-06-02 14:45:11.982 - [robot_6_log_20260602_144504.csv] - WARNING - Estado FSM: RETROCEDE | Target Wall: None | Target Theta: 0.00° |theta: 104.85127650894066 
2026-06-02 14:45:11.988 - [robot_6_log_20260602_144504.csv] - DEBUG - Incoming data. Topic 6/pos, mensaje {"x": 68.45, "y": 123.49, "yaw": 2.009, "timestamp": 1780404311.9857407}
2026-06-02 14:45:11.993 - [robot_6_log_20260602_144504.csv] - DEBUG - Posición actualizada por visión: x=68.45, y=123.49, θ=2.01
2026-06-02 14:45:11.993 - [robot_6_log_20260602_144504.csv] - DEBUG - Frecuencia: 13.64 Hz | Latencia Red/Proc: 7.72 ms
2026-06-02 14:45:12.004 - [robot_6_log_20260602_144504.csv] - DEBUG - Incoming data. Topic 6/pos, mensaje {"x": 68.45, "y": 123.49, "yaw": 2.009, "timestamp": 1780404311.9857407}
2026-06-02 14:45:12.004 - [robot_6_log_20260602_144504.csv] - DEBUG - Posición actualizada por visión: x=68.45, y=123.49, θ=2.01
2026-06-02 14:45:12.004 - [robot_6_log_20260602_144504.csv] - DEBUG - Frecuencia: 87.15 Hz | Latencia Red/Proc: 19.20 ms
2026-06-02 14:45:12.010 - [robot_6_log_20260602_144504.csv] - DEBUG - Incoming data. Topic 6/pos, mensaje {"x": 68.45, "y": 123.49, "yaw": 2.009, "timestamp": 1780404311.9954245}
2026-06-02 14:45:12.015 - [robot_6_log_20260602_144504.csv] - DEBUG - Posición actualizada por visión: x=68.45, y=123.49, θ=2.01
2026-06-02 14:45:12.015 - [robot_6_log_20260602_144504.csv] - DEBUG - Frecuencia: 97.24 Hz | Latencia Red/Proc: 19.80 ms
2026-06-02 14:45:12.015 - [robot_6_log_20260602_144504.csv] - DEBUG - Incoming data. Topic 6/pos, mensaje {"x": 68.45, "y": 123.49, "yaw": 2.009, "timestamp": 1780404311.9954245}
2026-06-02 14:45:12.015 - [robot_6_log_20260602_144504.csv] - DEBUG - Posición actualizada por visión: x=68.45, y=123.49, θ=2.01
2026-06-02 14:45:12.015 - [robot_6_log_20260602_144504.csv] - DEBUG - Frecuencia: 7869.24 Hz | Latencia Red/Proc: 19.92 ms
2026-06-02 14:45:12.031 - [robot_6_log_20260602_144504.csv] - INFO - Usando posición VISION: x=68.45, y=123.49, θ=2.01
2026-06-02 14:45:12.031 - [robot_6_log_20260602_144504.csv] - INFO - Distancias a paredes: Left: 68.45, Right: 381.55, Top: 16.51, Bottom: 123.49
2026-06-02 14:45:12.032 - [robot_6_log_20260602_144504.csv] - INFO - Posicion: 68.45, 123.49, 2.009 | Velocidad: -0.9055153295611854, -0.42431354907626717
2026-06-02 14:45:12.032 - [robot_6_log_20260602_144504.csv] - INFO - None
2026-06-02 14:45:12.032 - [robot_6_log_20260602_144504.csv] - WARNING - Estado FSM: RETROCEDE | Target Wall: None | Target Theta: 0.00° |theta: 115.10722104178238 
2026-06-02 14:45:12.044 - [robot_6_log_20260602_144504.csv] - DEBUG - Incoming data. Topic agent/6/wheel, mensaje {"Wleft":2.022189209,"Wright":20}
2026-06-02 14:45:12.081 - [robot_6_log_20260602_144504.csv] - INFO - Usando posición VISION: x=68.45, y=123.49, θ=2.01
2026-06-02 14:45:12.082 - [robot_6_log_20260602_144504.csv] - DEBUG - Incoming data. Topic 6/pos, mensaje {"x": 70.03, "y": 123.33, "yaw": 2.198, "timestamp": 1780404312.0814416}
2026-06-02 14:45:12.082 - [robot_6_log_20260602_144504.csv] - INFO - Distancias a paredes: Left: 68.45, Right: 381.55, Top: 16.51, Bottom: 123.49
2026-06-02 14:45:12.082 - [robot_6_log_20260602_144504.csv] - DEBUG - Posición actualizada por visión: x=70.03, y=123.33, θ=2.20
2026-06-02 14:45:12.082 - [robot_6_log_20260602_144504.csv] - INFO - Posicion: 68.45, 123.49, 2.009 | Velocidad: -0.9055153295611854, -0.42431354907626717
2026-06-02 14:45:12.082 - [robot_6_log_20260602_144504.csv] - DEBUG - Frecuencia: 14.96 Hz | Latencia Red/Proc: 0.77 ms
2026-06-02 14:45:12.082 - [robot_6_log_20260602_144504.csv] - INFO - None
2026-06-02 14:45:12.082 - [robot_6_log_20260602_144504.csv] - DEBUG - Incoming data. Topic 6/pos, mensaje {"x": 70.03, "y": 123.33, "yaw": 2.198, "timestamp": 1780404312.0814416}
2026-06-02 14:45:12.082 - [robot_6_log_20260602_144504.csv] - WARNING - Estado FSM: RETROCEDE | Target Wall: None | Target Theta: 0.00° |theta: 115.10722104178238 
2026-06-02 14:45:12.082 - [robot_6_log_20260602_144504.csv] - DEBUG - Posición actualizada por visión: x=70.03, y=123.33, θ=2.20
2026-06-02 14:45:12.092 - [robot_6_log_20260602_144504.csv] - DEBUG - Frecuencia: 95.84 Hz | Latencia Red/Proc: 11.20 ms
2026-06-02 14:45:12.114 - [robot_6_log_20260602_144504.csv] - DEBUG - Incoming data. Topic 6/pos, mensaje {"x": 70.03, "y": 123.33, "yaw": 2.198, "timestamp": 1780404312.0910978}
2026-06-02 14:45:12.119 - [robot_6_log_20260602_144504.csv] - DEBUG - Posición actualizada por visión: x=70.03, y=123.33, θ=2.20
2026-06-02 14:45:12.119 - [robot_6_log_20260602_144504.csv] - DEBUG - Frecuencia: 37.64 Hz | Latencia Red/Proc: 28.11 ms
2026-06-02 14:45:12.119 - [robot_6_log_20260602_144504.csv] - DEBUG - Incoming data. Topic 6/pos, mensaje {"x": 70.03, "y": 123.33, "yaw": 2.198, "timestamp": 1780404312.0910978}
2026-06-02 14:45:12.119 - [robot_6_log_20260602_144504.csv] - DEBUG - Posición actualizada por visión: x=70.03, y=123.33, θ=2.20
2026-06-02 14:45:12.119 - [robot_6_log_20260602_144504.csv] - DEBUG - Frecuencia: 10645.44 Hz | Latencia Red/Proc: 28.21 ms
2026-06-02 14:45:12.131 - [robot_6_log_20260602_144504.csv] - INFO - Usando posición VISION: x=70.03, y=123.33, θ=2.20
2026-06-02 14:45:12.132 - [robot_6_log_20260602_144504.csv] - INFO - Distancias a paredes: Left: 70.03, Right: 379.97, Top: 16.67, Bottom: 123.33
2026-06-02 14:45:12.132 - [robot_6_log_20260602_144504.csv] - INFO - Posicion: 70.03, 123.33, 2.198 | Velocidad: -0.8096717882771642, -0.5868829485238592
2026-06-02 14:45:12.132 - [robot_6_log_20260602_144504.csv] - INFO - None
2026-06-02 14:45:12.132 - [robot_6_log_20260602_144504.csv] - WARNING - Estado FSM: RETROCEDE | Target Wall: None | Target Theta: 0.00° |theta: 125.93612336975494 
2026-06-02 14:45:12.181 - [robot_6_log_20260602_144504.csv] - INFO - Usando posición VISION: x=70.03, y=123.33, θ=2.20
2026-06-02 14:45:12.181 - [robot_6_log_20260602_144504.csv] - INFO - Distancias a paredes: Left: 70.03, Right: 379.97, Top: 16.67, Bottom: 123.33
2026-06-02 14:45:12.182 - [robot_6_log_20260602_144504.csv] - INFO - Posicion: 70.03, 123.33, 2.198 | Velocidad: -0.8096717882771642, -0.5868829485238592
2026-06-02 14:45:12.182 - [robot_6_log_20260602_144504.csv] - INFO - None
2026-06-02 14:45:12.182 - [robot_6_log_20260602_144504.csv] - WARNING - Estado FSM: RETROCEDE | Target Wall: None | Target Theta: 0.00° |theta: 125.93612336975494 
2026-06-02 14:45:12.188 - [robot_6_log_20260602_144504.csv] - DEBUG - Incoming data. Topic 6/pos, mensaje {"x": 71.44, "y": 123.45, "yaw": 2.377, "timestamp": 1780404312.1850176}
2026-06-02 14:45:12.193 - [robot_6_log_20260602_144504.csv] - DEBUG - Posición actualizada por visión: x=71.44, y=123.45, θ=2.38
2026-06-02 14:45:12.198 - [robot_6_log_20260602_144504.csv] - DEBUG - Frecuencia: 12.63 Hz | Latencia Red/Proc: 13.47 ms
2026-06-02 14:45:12.214 - [robot_6_log_20260602_144504.csv] - DEBUG - Incoming data. Topic agent/6/wheel, mensaje {"Wleft":6.090505792,"Wright":20}
2026-06-02 14:45:12.220 - [robot_6_log_20260602_144504.csv] - DEBUG - Incoming data. Topic 6/pos, mensaje {"x": 71.44, "y": 123.45, "yaw": 2.377, "timestamp": 1780404312.1850176}
2026-06-02 14:45:12.225 - [robot_6_log_20260602_144504.csv] - DEBUG - Posición actualizada por visión: x=71.44, y=123.45, θ=2.38
2026-06-02 14:45:12.231 - [robot_6_log_20260602_144504.csv] - DEBUG - Frecuencia: 30.32 Hz | Latencia Red/Proc: 46.46 ms
2026-06-02 14:45:12.231 - [robot_6_log_20260602_144504.csv] - DEBUG - Incoming data. Topic 6/pos, mensaje {"x": 71.44, "y": 123.45, "yaw": 2.377, "timestamp": 1780404312.1954007}
2026-06-02 14:45:12.231 - [robot_6_log_20260602_144504.csv] - DEBUG - Posición actualizada por visión: x=71.44, y=123.45, θ=2.38
2026-06-02 14:45:12.231 - [robot_6_log_20260602_144504.csv] - DEBUG - Frecuencia: 8719.97 Hz | Latencia Red/Proc: 36.19 ms
2026-06-02 14:45:12.231 - [robot_6_log_20260602_144504.csv] - DEBUG - Incoming data. Topic 6/pos, mensaje {"x": 71.44, "y": 123.45, "yaw": 2.377, "timestamp": 1780404312.1954007}
2026-06-02 14:45:12.231 - [robot_6_log_20260602_144504.csv] - DEBUG - Posición actualizada por visión: x=71.44, y=123.45, θ=2.38
2026-06-02 14:45:12.231 - [robot_6_log_20260602_144504.csv] - DEBUG - Frecuencia: 10131.17 Hz | Latencia Red/Proc: 36.29 ms
2026-06-02 14:45:12.231 - [robot_6_log_20260602_144504.csv] - INFO - Usando posición VISION: x=71.44, y=123.45, θ=2.38
2026-06-02 14:45:12.231 - [robot_6_log_20260602_144504.csv] - INFO - Distancias a paredes: Left: 71.44, Right: 378.56, Top: 16.55, Bottom: 123.45
2026-06-02 14:45:12.232 - [robot_6_log_20260602_144504.csv] - INFO - Posicion: 71.44, 123.45, 2.377 | Velocidad: -0.6922430886011283, -0.7216644000392222
2026-06-02 14:45:12.232 - [robot_6_log_20260602_144504.csv] - INFO - None
2026-06-02 14:45:12.232 - [robot_6_log_20260602_144504.csv] - WARNING - Estado FSM: RETROCEDE | Target Wall: None | Target Theta: 0.00° |theta: 136.19206790259668 
2026-06-02 14:45:12.281 - [robot_6_log_20260602_144504.csv] - INFO - Usando posición VISION: x=71.44, y=123.45, θ=2.38
2026-06-02 14:45:12.282 - [robot_6_log_20260602_144504.csv] - INFO - Distancias a paredes: Left: 71.44, Right: 378.56, Top: 16.55, Bottom: 123.45
2026-06-02 14:45:12.282 - [robot_6_log_20260602_144504.csv] - INFO - Posicion: 71.44, 123.45, 2.377 | Velocidad: -0.6922430886011283, -0.7216644000392222
2026-06-02 14:45:12.282 - [robot_6_log_20260602_144504.csv] - INFO - None
2026-06-02 14:45:12.282 - [robot_6_log_20260602_144504.csv] - WARNING - Estado FSM: RETROCEDE | Target Wall: None | Target Theta: 0.00° |theta: 136.19206790259668 
2026-06-02 14:45:12.293 - [robot_6_log_20260602_144504.csv] - DEBUG - Incoming data. Topic 6/pos, mensaje {"x": 72.76, "y": 123.81, "yaw": 2.555, "timestamp": 1780404312.2844148}
2026-06-02 14:45:12.298 - [robot_6_log_20260602_144504.csv] - DEBUG - Posición actualizada por visión: x=72.76, y=123.81, θ=2.56
2026-06-02 14:45:12.298 - [robot_6_log_20260602_144504.csv] - DEBUG - Frecuencia: 14.90 Hz | Latencia Red/Proc: 14.37 ms
2026-06-02 14:45:12.298 - [robot_6_log_20260602_144504.csv] - DEBUG - Incoming data. Topic 6/pos, mensaje {"x": 72.76, "y": 123.81, "yaw": 2.555, "timestamp": 1780404312.2844148}
2026-06-02 14:45:12.298 - [robot_6_log_20260602_144504.csv] - DEBUG - Posición actualizada por visión: x=72.76, y=123.81, θ=2.56
2026-06-02 14:45:12.298 - [robot_6_log_20260602_144504.csv] - DEBUG - Frecuencia: 9258.95 Hz | Latencia Red/Proc: 14.48 ms
2026-06-02 14:45:12.298 - [robot_6_log_20260602_144504.csv] - DEBUG - Incoming data. Topic 6/pos, mensaje {"x": 72.76, "y": 123.81, "yaw": 2.555, "timestamp": 1780404312.2953403}
2026-06-02 14:45:12.298 - [robot_6_log_20260602_144504.csv] - DEBUG - Posición actualizada por visión: x=72.76, y=123.81, θ=2.56
2026-06-02 14:45:12.298 - [robot_6_log_20260602_144504.csv] - DEBUG - Frecuencia: 11814.94 Hz | Latencia Red/Proc: 3.64 ms
2026-06-02 14:45:12.299 - [robot_6_log_20260602_144504.csv] - DEBUG - Incoming data. Topic agent/6/wheel, mensaje {"Wleft":8.064234461,"Wright":20}
2026-06-02 14:45:12.331 - [robot_6_log_20260602_144504.csv] - INFO - Usando posición VISION: x=72.76, y=123.81, θ=2.56
2026-06-02 14:45:12.332 - [robot_6_log_20260602_144504.csv] - INFO - Distancias a paredes: Left: 72.76, Right: 377.24, Top: 16.19, Bottom: 123.81
2026-06-02 14:45:12.332 - [robot_6_log_20260602_144504.csv] - INFO - Posicion: 72.76, 123.81, 2.555 | Velocidad: -0.5535264959760566, -0.8328315665562086
2026-06-02 14:45:12.332 - [robot_6_log_20260602_144504.csv] - INFO - None
2026-06-02 14:45:12.332 - [robot_6_log_20260602_144504.csv] - DEBUG - Despachado a ZMQ -> agent/6/move: {'v': 0.0, 'w': 0.0}
2026-06-02 14:45:12.332 - [robot_6_log_20260602_144504.csv] - WARNING - Estado FSM: PARANDO_PARA_GIRAR | Target Wall: None | Target Theta: 0.00° |theta: 146.39071665592533 
2026-06-02 14:45:12.338 - [robot_6_log_20260602_144504.csv] - DEBUG - Incoming data. Topic 6/pos, mensaje {"x": 72.76, "y": 123.81, "yaw": 2.555, "timestamp": 1780404312.2953403}
2026-06-02 14:45:12.338 - [robot_6_log_20260602_144504.csv] - DEBUG - Posición actualizada por visión: x=72.76, y=123.81, θ=2.56
2026-06-02 14:45:12.338 - [robot_6_log_20260602_144504.csv] - DEBUG - Frecuencia: 25.38 Hz | Latencia Red/Proc: 43.03 ms
2026-06-02 14:45:12.381 - [robot_6_log_20260602_144504.csv] - INFO - Usando posición VISION: x=72.76, y=123.81, θ=2.56
2026-06-02 14:45:12.382 - [robot_6_log_20260602_144504.csv] - INFO - Distancias a paredes: Left: 72.76, Right: 377.24, Top: 16.19, Bottom: 123.81
2026-06-02 14:45:12.382 - [robot_6_log_20260602_144504.csv] - INFO - Posicion: 72.76, 123.81, 2.555 | Velocidad: -0.5535264959760566, -0.8328315665562086
2026-06-02 14:45:12.382 - [robot_6_log_20260602_144504.csv] - INFO - None
2026-06-02 14:45:12.382 - [robot_6_log_20260602_144504.csv] - WARNING - Estado FSM: PARANDO_PARA_GIRAR | Target Wall: None | Target Theta: 0.00° |theta: 146.39071665592533 
2026-06-02 14:45:12.394 - [robot_6_log_20260602_144504.csv] - DEBUG - Incoming data. Topic 6/pos, mensaje {"x": 74.09, "y": 124.47, "yaw": 2.749, "timestamp": 1780404312.3874397}
2026-06-02 14:45:12.399 - [robot_6_log_20260602_144504.csv] - DEBUG - Posición actualizada por visión: x=74.09, y=124.47, θ=2.75
2026-06-02 14:45:12.405 - [robot_6_log_20260602_144504.csv] - DEBUG - Frecuencia: 14.98 Hz | Latencia Red/Proc: 17.68 ms
2026-06-02 14:45:12.415 - [robot_6_log_20260602_144504.csv] - DEBUG - Incoming data. Topic 6/pos, mensaje {"x": 74.09, "y": 124.47, "yaw": 2.749, "timestamp": 1780404312.3874397}
2026-06-02 14:45:12.420 - [robot_6_log_20260602_144504.csv] - DEBUG - Posición actualizada por visión: x=74.09, y=124.47, θ=2.75
2026-06-02 14:45:12.426 - [robot_6_log_20260602_144504.csv] - DEBUG - Frecuencia: 47.54 Hz | Latencia Red/Proc: 38.72 ms
2026-06-02 14:45:12.431 - [robot_6_log_20260602_144504.csv] - DEBUG - Incoming data. Topic 6/pos, mensaje {"x": 74.09, "y": 124.47, "yaw": 2.749, "timestamp": 1780404312.3978305}
2026-06-02 14:45:12.431 - [robot_6_log_20260602_144504.csv] - INFO - Usando posición VISION: x=74.09, y=124.47, θ=2.75
2026-06-02 14:45:12.432 - [robot_6_log_20260602_144504.csv] - INFO - Distancias a paredes: Left: 74.09, Right: 375.91, Top: 15.53, Bottom: 124.47
2026-06-02 14:45:12.432 - [robot_6_log_20260602_144504.csv] - INFO - Posicion: 74.09, 124.47, 2.749 | Velocidad: -0.38258510344643354, -0.9239202555528706
2026-06-02 14:45:12.432 - [robot_6_log_20260602_144504.csv] - INFO - None
2026-06-02 14:45:12.432 - [robot_6_log_20260602_144504.csv] - DEBUG - Posición actualizada por visión: x=74.09, y=124.47, θ=2.75
2026-06-02 14:45:12.432 - [robot_6_log_20260602_144504.csv] - WARNING - Estado FSM: PARANDO_PARA_GIRAR | Target Wall: None | Target Theta: 0.00° |theta: 157.50609788146332 
2026-06-02 14:45:12.432 - [robot_6_log_20260602_144504.csv] - DEBUG - Frecuencia: 162.24 Hz | Latencia Red/Proc: 34.49 ms
2026-06-02 14:45:12.442 - [robot_6_log_20260602_144504.csv] - DEBUG - Incoming data. Topic agent/6/wheel, mensaje {"Wleft":8.091427915,"Wright":20}
2026-06-02 14:45:12.459 - [robot_6_log_20260602_144504.csv] - DEBUG - Incoming data. Topic 6/pos, mensaje {"x": 74.09, "y": 124.47, "yaw": 2.749, "timestamp": 1780404312.3978305}
2026-06-02 14:45:12.459 - [robot_6_log_20260602_144504.csv] - DEBUG - Posición actualizada por visión: x=74.09, y=124.47, θ=2.75
2026-06-02 14:45:12.459 - [robot_6_log_20260602_144504.csv] - DEBUG - Frecuencia: 36.49 Hz | Latencia Red/Proc: 61.89 ms
2026-06-02 14:45:12.481 - [robot_6_log_20260602_144504.csv] - INFO - Usando posición VISION: x=74.09, y=124.47, θ=2.75
2026-06-02 14:45:12.482 - [robot_6_log_20260602_144504.csv] - INFO - Distancias a paredes: Left: 74.09, Right: 375.91, Top: 15.53, Bottom: 124.47
2026-06-02 14:45:12.482 - [robot_6_log_20260602_144504.csv] - INFO - Posicion: 74.09, 124.47, 2.749 | Velocidad: -0.38258510344643354, -0.9239202555528706
2026-06-02 14:45:12.482 - [robot_6_log_20260602_144504.csv] - INFO - None
2026-06-02 14:45:12.482 - [robot_6_log_20260602_144504.csv] - WARNING - Estado FSM: PARANDO_PARA_GIRAR | Target Wall: None | Target Theta: 0.00° |theta: 157.50609788146332 
2026-06-02 14:45:12.488 - [robot_6_log_20260602_144504.csv] - DEBUG - Incoming data. Topic 6/pos, mensaje {"x": 75.27, "y": 125.46, "yaw": 2.947, "timestamp": 1780404312.4835105}
2026-06-02 14:45:12.493 - [robot_6_log_20260602_144504.csv] - DEBUG - Posición actualizada por visión: x=75.27, y=125.46, θ=2.95
2026-06-02 14:45:12.499 - [robot_6_log_20260602_144504.csv] - DEBUG - Frecuencia: 25.06 Hz | Latencia Red/Proc: 16.11 ms
2026-06-02 14:45:12.504 - [robot_6_log_20260602_144504.csv] - DEBUG - Incoming data. Topic 6/pos, mensaje {"x": 75.27, "y": 125.46, "yaw": 2.947, "timestamp": 1780404312.4835105}
2026-06-02 14:45:12.504 - [robot_6_log_20260602_144504.csv] - DEBUG - Posición actualizada por visión: x=75.27, y=125.46, θ=2.95
2026-06-02 14:45:12.504 - [robot_6_log_20260602_144504.csv] - DEBUG - Frecuencia: 187.56 Hz | Latencia Red/Proc: 21.44 ms
2026-06-02 14:45:12.504 - [robot_6_log_20260602_144504.csv] - DEBUG - Incoming data. Topic 6/pos, mensaje {"x": 75.27, "y": 125.46, "yaw": 2.947, "timestamp": 1780404312.4925869}
2026-06-02 14:45:12.504 - [robot_6_log_20260602_144504.csv] - DEBUG - Posición actualizada por visión: x=75.27, y=125.46, θ=2.95
2026-06-02 14:45:12.505 - [robot_6_log_20260602_144504.csv] - DEBUG - Frecuencia: 23045.63 Hz | Latencia Red/Proc: 12.41 ms
2026-06-02 14:45:12.505 - [robot_6_log_20260602_144504.csv] - DEBUG - Incoming data. Topic agent/6/wheel, mensaje {"Wleft":6.047793201,"Wright":4}
2026-06-02 14:45:12.531 - [robot_6_log_20260602_144504.csv] - INFO - Usando posición VISION: x=75.27, y=125.46, θ=2.95
2026-06-02 14:45:12.532 - [robot_6_log_20260602_144504.csv] - INFO - Distancias a paredes: Left: 75.27, Right: 374.73, Top: 14.54, Bottom: 125.46
2026-06-02 14:45:12.532 - [robot_6_log_20260602_144504.csv] - INFO - Posicion: 75.27, 125.46, 2.947 | Velocidad: -0.19336689265109416, -0.9811265182566723
2026-06-02 14:45:12.532 - [robot_6_log_20260602_144504.csv] - INFO - None
2026-06-02 14:45:12.532 - [robot_6_log_20260602_144504.csv] - WARNING - Estado FSM: PARANDO_PARA_GIRAR | Target Wall: None | Target Theta: 0.00° |theta: 168.8506622250536 
2026-06-02 14:45:12.543 - [robot_6_log_20260602_144504.csv] - DEBUG - Incoming data. Topic 6/pos, mensaje {"x": 75.27, "y": 125.46, "yaw": 2.947, "timestamp": 1780404312.4925869}
2026-06-02 14:45:12.548 - [robot_6_log_20260602_144504.csv] - DEBUG - Posición actualizada por visión: x=75.27, y=125.46, θ=2.95
2026-06-02 14:45:12.548 - [robot_6_log_20260602_144504.csv] - DEBUG - Frecuencia: 22.85 Hz | Latencia Red/Proc: 56.17 ms
2026-06-02 14:45:12.554 - [robot_6_log_20260602_144504.csv] - DEBUG - Incoming data. Topic agent/6/wheel, mensaje {"Wleft":6.067147883,"Wright":2}
2026-06-02 14:45:12.581 - [robot_6_log_20260602_144504.csv] - INFO - Usando posición VISION: x=75.27, y=125.46, θ=2.95
2026-06-02 14:45:12.582 - [robot_6_log_20260602_144504.csv] - INFO - Distancias a paredes: Left: 75.27, Right: 374.73, Top: 14.54, Bottom: 125.46
2026-06-02 14:45:12.582 - [robot_6_log_20260602_144504.csv] - INFO - Posicion: 75.27, 125.46, 2.947 | Velocidad: -0.19336689265109416, -0.9811265182566723
2026-06-02 14:45:12.582 - [robot_6_log_20260602_144504.csv] - INFO - None
2026-06-02 14:45:12.582 - [robot_6_log_20260602_144504.csv] - WARNING - Estado FSM: PARANDO_PARA_GIRAR | Target Wall: None | Target Theta: 0.00° |theta: 168.8506622250536 
2026-06-02 14:45:12.588 - [robot_6_log_20260602_144504.csv] - DEBUG - Incoming data. Topic 6/pos, mensaje {"x": 76.3, "y": 126.65, "yaw": 3.136, "timestamp": 1780404312.587148}
2026-06-02 14:45:12.593 - [robot_6_log_20260602_144504.csv] - DEBUG - Posición actualizada por visión: x=76.30, y=126.65, θ=3.14
2026-06-02 14:45:12.598 - [robot_6_log_20260602_144504.csv] - DEBUG - Frecuencia: 19.99 Hz | Latencia Red/Proc: 11.62 ms
2026-06-02 14:45:12.615 - [robot_6_log_20260602_144504.csv] - DEBUG - Incoming data. Topic 6/pos, mensaje {"x": 76.3, "y": 126.65, "yaw": 3.136, "timestamp": 1780404312.587148}
2026-06-02 14:45:12.615 - [robot_6_log_20260602_144504.csv] - DEBUG - Posición actualizada por visión: x=76.30, y=126.65, θ=3.14
2026-06-02 14:45:12.621 - [robot_6_log_20260602_144504.csv] - DEBUG - Frecuencia: 44.23 Hz | Latencia Red/Proc: 34.23 ms
2026-06-02 14:45:12.631 - [robot_6_log_20260602_144504.csv] - INFO - Usando posición VISION: x=76.30, y=126.65, θ=3.14
2026-06-02 14:45:12.632 - [robot_6_log_20260602_144504.csv] - DEBUG - Incoming data. Topic 6/pos, mensaje {"x": 76.3, "y": 126.65, "yaw": 3.136, "timestamp": 1780404312.599882}
2026-06-02 14:45:12.632 - [robot_6_log_20260602_144504.csv] - INFO - Distancias a paredes: Left: 76.30, Right: 373.70, Top: 13.35, Bottom: 126.65
2026-06-02 14:45:12.632 - [robot_6_log_20260602_144504.csv] - DEBUG - Posición actualizada por visión: x=76.30, y=126.65, θ=3.14
2026-06-02 14:45:12.632 - [robot_6_log_20260602_144504.csv] - INFO - Posicion: 76.3, 126.65, 3.136 | Velocidad: -0.005592624435546041, -0.9999843611536747
2026-06-02 14:45:12.632 - [robot_6_log_20260602_144504.csv] - DEBUG - Frecuencia: 92.93 Hz | Latencia Red/Proc: 32.26 ms
2026-06-02 14:45:12.632 - [robot_6_log_20260602_144504.csv] - INFO - None
2026-06-02 14:45:12.632 - [robot_6_log_20260602_144504.csv] - DEBUG - Incoming data. Topic 6/pos, mensaje {"x": 76.3, "y": 126.65, "yaw": 3.136, "timestamp": 1780404312.599882}
2026-06-02 14:45:12.632 - [robot_6_log_20260602_144504.csv] - WARNING - Estado FSM: PARANDO_PARA_GIRAR | Target Wall: None | Target Theta: 0.00° |theta: 179.67956455302618 
2026-06-02 14:45:12.632 - [robot_6_log_20260602_144504.csv] - DEBUG - Posición actualizada por visión: x=76.30, y=126.65, θ=3.14
2026-06-02 14:45:12.637 - [robot_6_log_20260602_144504.csv] - DEBUG - Frecuencia: 188.86 Hz | Latencia Red/Proc: 37.55 ms
2026-06-02 14:45:12.654 - [robot_6_log_20260602_144504.csv] - DEBUG - Incoming data. Topic agent/6/wheel, mensaje {"Wleft":2.045228416,"Wright":-1.98951966e-14}
2026-06-02 14:45:12.681 - [robot_6_log_20260602_144504.csv] - INFO - Usando posición VISION: x=76.30, y=126.65, θ=3.14
2026-06-02 14:45:12.682 - [robot_6_log_20260602_144504.csv] - INFO - Distancias a paredes: Left: 76.30, Right: 373.70, Top: 13.35, Bottom: 126.65
2026-06-02 14:45:12.682 - [robot_6_log_20260602_144504.csv] - INFO - Posicion: 76.3, 126.65, 3.136 | Velocidad: -0.005592624435546041, -0.9999843611536747
2026-06-02 14:45:12.682 - [robot_6_log_20260602_144504.csv] - INFO - None
2026-06-02 14:45:12.682 - [robot_6_log_20260602_144504.csv] - WARNING - Estado FSM: PARANDO_PARA_GIRAR | Target Wall: None | Target Theta: 0.00° |theta: 179.67956455302618 
2026-06-02 14:45:12.687 - [robot_6_log_20260602_144504.csv] - DEBUG - Incoming data. Topic 6/pos, mensaje {"x": 76.79, "y": 127.71, "yaw": -3.025, "timestamp": 1780404312.681799}
2026-06-02 14:45:12.687 - [robot_6_log_20260602_144504.csv] - DEBUG - Posición actualizada por visión: x=76.79, y=127.71, θ=-3.02
2026-06-02 14:45:12.692 - [robot_6_log_20260602_144504.csv] - DEBUG - Frecuencia: 18.17 Hz | Latencia Red/Proc: 10.66 ms
2026-06-02 14:45:12.708 - [robot_6_log_20260602_144504.csv] - DEBUG - Incoming data. Topic 6/pos, mensaje {"x": 76.79, "y": 127.71, "yaw": -3.025, "timestamp": 1780404312.681799}
2026-06-02 14:45:12.713 - [robot_6_log_20260602_144504.csv] - DEBUG - Posición actualizada por visión: x=76.79, y=127.71, θ=-3.02
2026-06-02 14:45:12.718 - [robot_6_log_20260602_144504.csv] - DEBUG - Frecuencia: 37.73 Hz | Latencia Red/Proc: 37.16 ms
2026-06-02 14:45:12.724 - [robot_6_log_20260602_144504.csv] - DEBUG - Incoming data. Topic 6/pos, mensaje {"x": 76.79, "y": 127.71, "yaw": -3.025, "timestamp": 1780404312.6919672}
2026-06-02 14:45:12.729 - [robot_6_log_20260602_144504.csv] - DEBUG - Posición actualizada por visión: x=76.79, y=127.71, θ=-3.02
2026-06-02 14:45:12.729 - [robot_6_log_20260602_144504.csv] - DEBUG - Frecuencia: 97.40 Hz | Latencia Red/Proc: 37.26 ms
2026-06-02 14:45:12.731 - [robot_6_log_20260602_144504.csv] - INFO - Usando posición VISION: x=76.79, y=127.71, θ=-3.02
2026-06-02 14:45:12.732 - [robot_6_log_20260602_144504.csv] - DEBUG - Incoming data. Topic 6/pos, mensaje {"x": 76.79, "y": 127.71, "yaw": -3.025, "timestamp": 1780404312.6919672}
2026-06-02 14:45:12.732 - [robot_6_log_20260602_144504.csv] - INFO - Distancias a paredes: Left: 76.79, Right: 373.21, Top: 12.29, Bottom: 127.71
2026-06-02 14:45:12.732 - [robot_6_log_20260602_144504.csv] - DEBUG - Posición actualizada por visión: x=76.79, y=127.71, θ=-3.02
2026-06-02 14:45:12.732 - [robot_6_log_20260602_144504.csv] - INFO - Posicion: 76.79, 127.71, -3.025 | Velocidad: 0.11632867596406005, -0.9932107727710412
2026-06-02 14:45:12.732 - [robot_6_log_20260602_144504.csv] - DEBUG - Frecuencia: 339.67 Hz | Latencia Red/Proc: 40.21 ms
2026-06-02 14:45:12.732 - [robot_6_log_20260602_144504.csv] - INFO - None
2026-06-02 14:45:12.732 - [robot_6_log_20260602_144504.csv] - WARNING - Estado FSM: PARANDO_PARA_GIRAR | Target Wall: None | Target Theta: 0.00° |theta: -173.31973302707402 
2026-06-02 14:45:12.781 - [robot_6_log_20260602_144504.csv] - INFO - Usando posición VISION: x=76.79, y=127.71, θ=-3.02
2026-06-02 14:45:12.782 - [robot_6_log_20260602_144504.csv] - INFO - Distancias a paredes: Left: 76.79, Right: 373.21, Top: 12.29, Bottom: 127.71
2026-06-02 14:45:12.782 - [robot_6_log_20260602_144504.csv] - INFO - Posicion: 76.79, 127.71, -3.025 | Velocidad: 0.11632867596406005, -0.9932107727710412
2026-06-02 14:45:12.782 - [robot_6_log_20260602_144504.csv] - INFO - None
2026-06-02 14:45:12.782 - [robot_6_log_20260602_144504.csv] - WARNING - Estado FSM: PARANDO_PARA_GIRAR | Target Wall: None | Target Theta: 0.00° |theta: -173.31973302707402 
2026-06-02 14:45:12.788 - [robot_6_log_20260602_144504.csv] - DEBUG - Incoming data. Topic 6/pos, mensaje {"x": 77.02, "y": 128.13, "yaw": -2.949, "timestamp": 1780404312.785711}
2026-06-02 14:45:12.793 - [robot_6_log_20260602_144504.csv] - DEBUG - Posición actualizada por visión: x=77.02, y=128.13, θ=-2.95
2026-06-02 14:45:12.798 - [robot_6_log_20260602_144504.csv] - DEBUG - Frecuencia: 15.07 Hz | Latencia Red/Proc: 12.81 ms
2026-06-02 14:45:12.809 - [robot_6_log_20260602_144504.csv] - DEBUG - Incoming data. Topic 6/pos, mensaje {"x": 77.02, "y": 128.13, "yaw": -2.949, "timestamp": 1780404312.785711}
2026-06-02 14:45:12.810 - [robot_6_log_20260602_144504.csv] - DEBUG - Posición actualizada por visión: x=77.02, y=128.13, θ=-2.95
2026-06-02 14:45:12.810 - [robot_6_log_20260602_144504.csv] - DEBUG - Frecuencia: 86.76 Hz | Latencia Red/Proc: 24.34 ms
2026-06-02 14:45:12.810 - [robot_6_log_20260602_144504.csv] - DEBUG - Incoming data. Topic 6/pos, mensaje {"x": 77.02, "y": 128.13, "yaw": -2.949, "timestamp": 1780404312.7958286}
2026-06-02 14:45:12.815 - [robot_6_log_20260602_144504.csv] - DEBUG - Posición actualizada por visión: x=77.02, y=128.13, θ=-2.95
2026-06-02 14:45:12.815 - [robot_6_log_20260602_144504.csv] - DEBUG - Frecuencia: 195.87 Hz | Latencia Red/Proc: 19.32 ms
2026-06-02 14:45:12.815 - [robot_6_log_20260602_144504.csv] - DEBUG - Incoming data. Topic agent/6/wheel, mensaje {"Wleft":-7.6716411e-15,"Wright":-1.98951966e-14}
2026-06-02 14:45:12.831 - [robot_6_log_20260602_144504.csv] - INFO - Usando posición VISION: x=77.02, y=128.13, θ=-2.95
2026-06-02 14:45:12.832 - [robot_6_log_20260602_144504.csv] - INFO - Distancias a paredes: Left: 77.02, Right: 372.98, Top: 11.87, Bottom: 128.13
2026-06-02 14:45:12.832 - [robot_6_log_20260602_144504.csv] - INFO - Posicion: 77.02, 128.13, -2.949 | Velocidad: 0.19140425418909307, -0.9815112895317695
2026-06-02 14:45:12.832 - [robot_6_log_20260602_144504.csv] - INFO - None
2026-06-02 14:45:12.832 - [robot_6_log_20260602_144504.csv] - WARNING - Estado FSM: GIRA | Target Wall: None | Target Theta: 168.97° |theta: -168.96525378407975 
2026-06-02 14:45:12.838 - [robot_6_log_20260602_144504.csv] - DEBUG - Enviado {'ang': 168.96525378407975}
2026-06-02 14:45:12.838 - [robot_6_log_20260602_144504.csv] - DEBUG - Incoming data. Topic 6/pos, mensaje {"x": 77.02, "y": 128.13, "yaw": -2.949, "timestamp": 1780404312.7958286}
2026-06-02 14:45:12.853 - [robot_6_log_20260602_144504.csv] - DEBUG - Posición actualizada por visión: x=77.02, y=128.13, θ=-2.95
2026-06-02 14:45:12.863 - [robot_6_log_20260602_144504.csv] - DEBUG - Despachado a ZMQ -> agent/6/turn: {'ang': 168.96525378407975}
2026-06-02 14:45:12.863 - [robot_6_log_20260602_144504.csv] - DEBUG - Frecuencia: 20.62 Hz | Latencia Red/Proc: 67.81 ms
2026-06-02 14:45:12.881 - [robot_6_log_20260602_144504.csv] - INFO - Usando posición VISION: x=77.02, y=128.13, θ=-2.95
2026-06-02 14:45:12.882 - [robot_6_log_20260602_144504.csv] - INFO - Distancias a paredes: Left: 77.02, Right: 372.98, Top: 11.87, Bottom: 128.13
2026-06-02 14:45:12.882 - [robot_6_log_20260602_144504.csv] - INFO - Posicion: 77.02, 128.13, -2.949 | Velocidad: 0.19140425418909307, -0.9815112895317695
2026-06-02 14:45:12.882 - [robot_6_log_20260602_144504.csv] - INFO - None
2026-06-02 14:45:12.882 - [robot_6_log_20260602_144504.csv] - WARNING - Estado FSM: ESPERANDO_GIRO | Target Wall: None | Target Theta: 168.97° |theta: -168.96525378407975 
2026-06-02 14:45:12.892 - [robot_6_log_20260602_144504.csv] - DEBUG - Incoming data. Topic agent/6/wheel, mensaje {"Wleft":-7.6716411e-15,"Wright":-1.98951966e-14}
2026-06-02 14:45:12.903 - [robot_6_log_20260602_144504.csv] - DEBUG - Incoming data. Topic 6/pos, mensaje {"x": 77.02, "y": 128.16, "yaw": -2.95, "timestamp": 1780404312.8809767}
2026-06-02 14:45:12.908 - [robot_6_log_20260602_144504.csv] - DEBUG - Posición actualizada por visión: x=77.02, y=128.16, θ=-2.95
2026-06-02 14:45:12.913 - [robot_6_log_20260602_144504.csv] - DEBUG - Frecuencia: 19.94 Hz | Latencia Red/Proc: 32.82 ms
2026-06-02 14:45:12.925 - [robot_6_log_20260602_144504.csv] - DEBUG - Incoming data. Topic 6/pos, mensaje {"x": 77.02, "y": 128.16, "yaw": -2.95, "timestamp": 1780404312.8809767}
2026-06-02 14:45:12.930 - [robot_6_log_20260602_144504.csv] - DEBUG - Posición actualizada por visión: x=77.02, y=128.16, θ=-2.95
2026-06-02 14:45:12.931 - [robot_6_log_20260602_144504.csv] - INFO - Usando posición VISION: x=77.02, y=128.16, θ=-2.95
2026-06-02 14:45:12.931 - [robot_6_log_20260602_144504.csv] - DEBUG - Frecuencia: 55.08 Hz | Latencia Red/Proc: 50.98 ms
2026-06-02 14:45:12.931 - [robot_6_log_20260602_144504.csv] - INFO - Distancias a paredes: Left: 77.02, Right: 372.98, Top: 11.84, Bottom: 128.16
2026-06-02 14:45:12.932 - [robot_6_log_20260602_144504.csv] - DEBUG - Incoming data. Topic 6/pos, mensaje {"x": 77.02, "y": 128.16, "yaw": -2.95, "timestamp": 1780404312.8912232}
2026-06-02 14:45:12.932 - [robot_6_log_20260602_144504.csv] - INFO - Posicion: 77.02, 128.16, -2.95 | Velocidad: 0.19042264736102704, -0.9817022029984541
2026-06-02 14:45:12.932 - [robot_6_log_20260602_144504.csv] - DEBUG - Posición actualizada por visión: x=77.02, y=128.16, θ=-2.95
2026-06-02 14:45:12.932 - [robot_6_log_20260602_144504.csv] - INFO - None
2026-06-02 14:45:12.932 - [robot_6_log_20260602_144504.csv] - DEBUG - Frecuencia: 8683.86 Hz | Latencia Red/Proc: 40.85 ms
2026-06-02 14:45:12.932 - [robot_6_log_20260602_144504.csv] - DEBUG - Incoming data. Topic 6/pos, mensaje {"x": 77.02, "y": 128.16, "yaw": -2.95, "timestamp": 1780404312.8912232}
2026-06-02 14:45:12.932 - [robot_6_log_20260602_144504.csv] - DEBUG - Posición actualizada por visión: x=77.02, y=128.16, θ=-2.95
2026-06-02 14:45:12.932 - [robot_6_log_20260602_144504.csv] - DEBUG - Frecuencia: 11305.40 Hz | Latencia Red/Proc: 40.93 ms
2026-06-02 14:45:12.932 - [robot_6_log_20260602_144504.csv] - WARNING - Estado FSM: ESPERANDO_GIRO | Target Wall: None | Target Theta: 168.97° |theta: -169.02254956359286 
2026-06-02 14:45:12.981 - [robot_6_log_20260602_144504.csv] - INFO - Usando posición VISION: x=77.02, y=128.16, θ=-2.95
2026-06-02 14:45:12.981 - [robot_6_log_20260602_144504.csv] - INFO - Distancias a paredes: Left: 77.02, Right: 372.98, Top: 11.84, Bottom: 128.16
2026-06-02 14:45:12.982 - [robot_6_log_20260602_144504.csv] - INFO - Posicion: 77.02, 128.16, -2.95 | Velocidad: 0.19042264736102704, -0.9817022029984541
2026-06-02 14:45:12.982 - [robot_6_log_20260602_144504.csv] - INFO - None
2026-06-02 14:45:12.982 - [robot_6_log_20260602_144504.csv] - WARNING - Estado FSM: ESPERANDO_GIRO | Target Wall: None | Target Theta: 168.97° |theta: -169.02254956359286 
2026-06-02 14:45:12.988 - [robot_6_log_20260602_144504.csv] - DEBUG - Incoming data. Topic 6/pos, mensaje {"x": 77.02, "y": 128.16, "yaw": -2.95, "timestamp": 1780404312.986262}
2026-06-02 14:45:12.993 - [robot_6_log_20260602_144504.csv] - DEBUG - Posición actualizada por visión: x=77.02, y=128.16, θ=-2.95
2026-06-02 14:45:12.993 - [robot_6_log_20260602_144504.csv] - DEBUG - Frecuencia: 16.33 Hz | Latencia Red/Proc: 7.15 ms
2026-06-02 14:45:12.998 - [robot_6_log_20260602_144504.csv] - DEBUG - Incoming data. Topic 6/pos, mensaje {"x": 77.02, "y": 128.16, "yaw": -2.95, "timestamp": 1780404312.986262}
2026-06-02 14:45:13.003 - [robot_6_log_20260602_144504.csv] - DEBUG - Posición actualizada por visión: x=77.02, y=128.16, θ=-2.95
2026-06-02 14:45:13.003 - [robot_6_log_20260602_144504.csv] - DEBUG - Frecuencia: 97.39 Hz | Latencia Red/Proc: 17.42 ms
2026-06-02 14:45:13.003 - [robot_6_log_20260602_144504.csv] - DEBUG - Incoming data. Topic 6/pos, mensaje {"x": 77.02, "y": 128.16, "yaw": -2.95, "timestamp": 1780404312.9981987}
2026-06-02 14:45:13.003 - [robot_6_log_20260602_144504.csv] - DEBUG - Posición actualizada por visión: x=77.02, y=128.16, θ=-2.95
2026-06-02 14:45:13.003 - [robot_6_log_20260602_144504.csv] - DEBUG - Frecuencia: 26214.40 Hz | Latencia Red/Proc: 5.52 ms
2026-06-02 14:45:13.003 - [robot_6_log_20260602_144504.csv] - DEBUG - Incoming data. Topic agent/6/wheel, mensaje {"Wleft":-7.6716411e-15,"Wright":14}
2026-06-02 14:45:13.031 - [robot_6_log_20260602_144504.csv] - INFO - Usando posición VISION: x=77.02, y=128.16, θ=-2.95
2026-06-02 14:45:13.031 - [robot_6_log_20260602_144504.csv] - INFO - Distancias a paredes: Left: 77.02, Right: 372.98, Top: 11.84, Bottom: 128.16
2026-06-02 14:45:13.032 - [robot_6_log_20260602_144504.csv] - INFO - Posicion: 77.02, 128.16, -2.95 | Velocidad: 0.19042264736102704, -0.9817022029984541
2026-06-02 14:45:13.032 - [robot_6_log_20260602_144504.csv] - INFO - None
2026-06-02 14:45:13.032 - [robot_6_log_20260602_144504.csv] - WARNING - Estado FSM: ESPERANDO_GIRO | Target Wall: None | Target Theta: 168.97° |theta: -169.02254956359286 
2026-06-02 14:45:13.044 - [robot_6_log_20260602_144504.csv] - DEBUG - Incoming data. Topic 6/pos, mensaje {"x": 77.02, "y": 128.16, "yaw": -2.95, "timestamp": 1780404312.9981987}
2026-06-02 14:45:13.044 - [robot_6_log_20260602_144504.csv] - DEBUG - Posición actualizada por visión: x=77.02, y=128.16, θ=-2.95
2026-06-02 14:45:13.044 - [robot_6_log_20260602_144504.csv] - DEBUG - Frecuencia: 24.67 Hz | Latencia Red/Proc: 46.05 ms
2026-06-02 14:45:13.056 - [robot_6_log_20260602_144504.csv] - DEBUG - Incoming data. Topic agent/6/wheel, mensaje {"Wleft":-7.6716411e-15,"Wright":20}
2026-06-02 14:45:13.081 - [robot_6_log_20260602_144504.csv] - INFO - Usando posición VISION: x=77.02, y=128.16, θ=-2.95
2026-06-02 14:45:13.082 - [robot_6_log_20260602_144504.csv] - INFO - Distancias a paredes: Left: 77.02, Right: 372.98, Top: 11.84, Bottom: 128.16
2026-06-02 14:45:13.082 - [robot_6_log_20260602_144504.csv] - INFO - Posicion: 77.02, 128.16, -2.95 | Velocidad: 0.19042264736102704, -0.9817022029984541
2026-06-02 14:45:13.082 - [robot_6_log_20260602_144504.csv] - INFO - None
2026-06-02 14:45:13.082 - [robot_6_log_20260602_144504.csv] - WARNING - Estado FSM: ESPERANDO_GIRO | Target Wall: None | Target Theta: 168.97° |theta: -169.02254956359286 
2026-06-02 14:45:13.088 - [robot_6_log_20260602_144504.csv] - DEBUG - Incoming data. Topic 6/pos, mensaje {"x": 77.03, "y": 128.2, "yaw": -2.943, "timestamp": 1780404313.0841148}
2026-06-02 14:45:13.093 - [robot_6_log_20260602_144504.csv] - DEBUG - Posición actualizada por visión: x=77.03, y=128.20, θ=-2.94
2026-06-02 14:45:13.098 - [robot_6_log_20260602_144504.csv] - DEBUG - Frecuencia: 18.43 Hz | Latencia Red/Proc: 14.39 ms
2026-06-02 14:45:13.109 - [robot_6_log_20260602_144504.csv] - DEBUG - Incoming data. Topic 6/pos, mensaje {"x": 77.03, "y": 128.2, "yaw": -2.943, "timestamp": 1780404313.0841148}
2026-06-02 14:45:13.114 - [robot_6_log_20260602_144504.csv] - DEBUG - Posición actualizada por visión: x=77.03, y=128.20, θ=-2.94
2026-06-02 14:45:13.119 - [robot_6_log_20260602_144504.csv] - DEBUG - Frecuencia: 46.64 Hz | Latencia Red/Proc: 35.84 ms
2026-06-02 14:45:13.131 - [robot_6_log_20260602_144504.csv] - DEBUG - Incoming data. Topic 6/pos, mensaje {"x": 77.03, "y": 128.2, "yaw": -2.943, "timestamp": 1780404313.0948389}
2026-06-02 14:45:13.131 - [robot_6_log_20260602_144504.csv] - INFO - Usando posición VISION: x=77.03, y=128.20, θ=-2.94
2026-06-02 14:45:13.131 - [robot_6_log_20260602_144504.csv] - DEBUG - Posición actualizada por visión: x=77.03, y=128.20, θ=-2.94
2026-06-02 14:45:13.132 - [robot_6_log_20260602_144504.csv] - INFO - Distancias a paredes: Left: 77.03, Right: 372.97, Top: 11.80, Bottom: 128.20
2026-06-02 14:45:13.132 - [robot_6_log_20260602_144504.csv] - DEBUG - Frecuencia: 82.74 Hz | Latencia Red/Proc: 37.20 ms
2026-06-02 14:45:13.132 - [robot_6_log_20260602_144504.csv] - INFO - Posicion: 77.03, 128.2, -2.943 | Velocidad: 0.19728984132570107, -0.9803452037469657
2026-06-02 14:45:13.132 - [robot_6_log_20260602_144504.csv] - DEBUG - Incoming data. Topic 6/pos, mensaje {"x": 77.03, "y": 128.2, "yaw": -2.943, "timestamp": 1780404313.0948389}
2026-06-02 14:45:13.132 - [robot_6_log_20260602_144504.csv] - INFO - None
2026-06-02 14:45:13.132 - [robot_6_log_20260602_144504.csv] - DEBUG - Posición actualizada por visión: x=77.03, y=128.20, θ=-2.94
2026-06-02 14:45:13.132 - [robot_6_log_20260602_144504.csv] - WARNING - Estado FSM: ESPERANDO_GIRO | Target Wall: None | Target Theta: 168.97° |theta: -168.62147910700128 
2026-06-02 14:45:13.132 - [robot_6_log_20260602_144504.csv] - DEBUG - Frecuencia: 4718.00 Hz | Latencia Red/Proc: 37.41 ms
2026-06-02 14:45:13.181 - [robot_6_log_20260602_144504.csv] - INFO - Usando posición VISION: x=77.03, y=128.20, θ=-2.94
2026-06-02 14:45:13.181 - [robot_6_log_20260602_144504.csv] - INFO - Distancias a paredes: Left: 77.03, Right: 372.97, Top: 11.80, Bottom: 128.20
2026-06-02 14:45:13.182 - [robot_6_log_20260602_144504.csv] - INFO - Posicion: 77.03, 128.2, -2.943 | Velocidad: 0.19728984132570107, -0.9803452037469657
2026-06-02 14:45:13.182 - [robot_6_log_20260602_144504.csv] - INFO - None
2026-06-02 14:45:13.182 - [robot_6_log_20260602_144504.csv] - WARNING - Estado FSM: ESPERANDO_GIRO | Target Wall: None | Target Theta: 168.97° |theta: -168.62147910700128 
2026-06-02 14:45:13.193 - [robot_6_log_20260602_144504.csv] - DEBUG - Incoming data. Topic 6/pos, mensaje {"x": 76.69, "y": 128.5, "yaw": -3.018, "timestamp": 1780404313.185587}
2026-06-02 14:45:13.198 - [robot_6_log_20260602_144504.csv] - DEBUG - Posición actualizada por visión: x=76.69, y=128.50, θ=-3.02
2026-06-02 14:45:13.203 - [robot_6_log_20260602_144504.csv] - DEBUG - Frecuencia: 14.04 Hz | Latencia Red/Proc: 17.91 ms
2026-06-02 14:45:13.208 - [robot_6_log_20260602_144504.csv] - DEBUG - Incoming data. Topic 6/pos, mensaje {"x": 76.69, "y": 128.5, "yaw": -3.018, "timestamp": 1780404313.185587}
2026-06-02 14:45:13.218 - [robot_6_log_20260602_144504.csv] - DEBUG - Posición actualizada por visión: x=76.69, y=128.50, θ=-3.02
2026-06-02 14:45:13.218 - [robot_6_log_20260602_144504.csv] - DEBUG - Frecuencia: 64.98 Hz | Latencia Red/Proc: 33.30 ms
2026-06-02 14:45:13.223 - [robot_6_log_20260602_144504.csv] - DEBUG - Incoming data. Topic 6/pos, mensaje {"x": 76.69, "y": 128.5, "yaw": -3.018, "timestamp": 1780404313.1955006}
2026-06-02 14:45:13.229 - [robot_6_log_20260602_144504.csv] - DEBUG - Posición actualizada por visión: x=76.69, y=128.50, θ=-3.02
2026-06-02 14:45:13.229 - [robot_6_log_20260602_144504.csv] - DEBUG - Frecuencia: 97.63 Hz | Latencia Red/Proc: 33.63 ms
2026-06-02 14:45:13.231 - [robot_6_log_20260602_144504.csv] - INFO - Usando posición VISION: x=76.69, y=128.50, θ=-3.02
2026-06-02 14:45:13.232 - [robot_6_log_20260602_144504.csv] - DEBUG - Incoming data. Topic agent/6/wheel, mensaje {"Wleft":-7.6716411e-15,"Wright":20}
2026-06-02 14:45:13.232 - [robot_6_log_20260602_144504.csv] - INFO - Distancias a paredes: Left: 76.69, Right: 373.31, Top: 11.50, Bottom: 128.50
2026-06-02 14:45:13.232 - [robot_6_log_20260602_144504.csv] - INFO - Posicion: 76.69, 128.5, -3.018 | Velocidad: 0.12327824455412395, -0.9923721451248285
2026-06-02 14:45:13.232 - [robot_6_log_20260602_144504.csv] - INFO - None
2026-06-02 14:45:13.232 - [robot_6_log_20260602_144504.csv] - WARNING - Estado FSM: ESPERANDO_GIRO | Target Wall: None | Target Theta: 168.97° |theta: -172.91866257048244 
2026-06-02 14:45:13.238 - [robot_6_log_20260602_144504.csv] - DEBUG - Incoming data. Topic 6/pos, mensaje {"x": 76.69, "y": 128.5, "yaw": -3.018, "timestamp": 1780404313.1955006}
2026-06-02 14:45:13.243 - [robot_6_log_20260602_144504.csv] - DEBUG - Posición actualizada por visión: x=76.69, y=128.50, θ=-3.02
2026-06-02 14:45:13.248 - [robot_6_log_20260602_144504.csv] - DEBUG - Frecuencia: 51.93 Hz | Latencia Red/Proc: 52.88 ms
2026-06-02 14:45:13.258 - [robot_6_log_20260602_144504.csv] - DEBUG - Incoming data. Topic agent/6/wheel, mensaje {"Wleft":-7.6716411e-15,"Wright":20}
2026-06-02 14:45:13.281 - [robot_6_log_20260602_144504.csv] - INFO - Usando posición VISION: x=76.69, y=128.50, θ=-3.02
2026-06-02 14:45:13.282 - [robot_6_log_20260602_144504.csv] - DEBUG - Incoming data. Topic 6/pos, mensaje {"x": 75.93, "y": 129.57, "yaw": 3.108, "timestamp": 1780404313.2810524}
2026-06-02 14:45:13.282 - [robot_6_log_20260602_144504.csv] - INFO - Distancias a paredes: Left: 76.69, Right: 373.31, Top: 11.50, Bottom: 128.50
2026-06-02 14:45:13.282 - [robot_6_log_20260602_144504.csv] - DEBUG - Posición actualizada por visión: x=75.93, y=129.57, θ=3.11
2026-06-02 14:45:13.282 - [robot_6_log_20260602_144504.csv] - INFO - Posicion: 76.69, 128.5, -3.018 | Velocidad: 0.12327824455412395, -0.9923721451248285
2026-06-02 14:45:13.282 - [robot_6_log_20260602_144504.csv] - DEBUG - Frecuencia: 29.59 Hz | Latencia Red/Proc: 1.13 ms
2026-06-02 14:45:13.282 - [robot_6_log_20260602_144504.csv] - INFO - None
2026-06-02 14:45:13.282 - [robot_6_log_20260602_144504.csv] - WARNING - Estado FSM: ESPERANDO_GIRO | Target Wall: None | Target Theta: 168.97° |theta: -172.91866257048244 
2026-06-02 14:45:13.287 - [robot_6_log_20260602_144504.csv] - DEBUG - Incoming data. Topic 6/pos, mensaje {"x": 75.93, "y": 129.57, "yaw": 3.108, "timestamp": 1780404313.2810524}
2026-06-02 14:45:13.292 - [robot_6_log_20260602_144504.csv] - DEBUG - Posición actualizada por visión: x=75.93, y=129.57, θ=3.11
2026-06-02 14:45:13.297 - [robot_6_log_20260602_144504.csv] - DEBUG - Frecuencia: 64.45 Hz | Latencia Red/Proc: 16.64 ms
2026-06-02 14:45:13.308 - [robot_6_log_20260602_144504.csv] - DEBUG - Incoming data. Topic 6/pos, mensaje {"x": 75.93, "y": 129.57, "yaw": 3.108, "timestamp": 1780404313.2906978}
2026-06-02 14:45:13.314 - [robot_6_log_20260602_144504.csv] - DEBUG - Posición actualizada por visión: x=75.93, y=129.57, θ=3.11
2026-06-02 14:45:13.319 - [robot_6_log_20260602_144504.csv] - DEBUG - Frecuencia: 46.64 Hz | Latencia Red/Proc: 28.44 ms
2026-06-02 14:45:13.319 - [robot_6_log_20260602_144504.csv] - DEBUG - Incoming data. Topic 6/pos, mensaje {"x": 75.93, "y": 129.57, "yaw": 3.108, "timestamp": 1780404313.2906978}
2026-06-02 14:45:13.324 - [robot_6_log_20260602_144504.csv] - DEBUG - Posición actualizada por visión: x=75.93, y=129.57, θ=3.11
2026-06-02 14:45:13.329 - [robot_6_log_20260602_144504.csv] - DEBUG - Frecuencia: 96.88 Hz | Latencia Red/Proc: 38.76 ms
2026-06-02 14:45:13.331 - [robot_6_log_20260602_144504.csv] - INFO - Usando posición VISION: x=75.93, y=129.57, θ=3.11
2026-06-02 14:45:13.331 - [robot_6_log_20260602_144504.csv] - INFO - Distancias a paredes: Left: 75.93, Right: 374.07, Top: 10.43, Bottom: 129.57
2026-06-02 14:45:13.332 - [robot_6_log_20260602_144504.csv] - INFO - Posicion: 75.93, 129.57, 3.108 | Velocidad: -0.0335863359162628, -0.9994358198702505
2026-06-02 14:45:13.332 - [robot_6_log_20260602_144504.csv] - INFO - None
2026-06-02 14:45:13.332 - [robot_6_log_20260602_144504.csv] - WARNING - Estado FSM: ESPERANDO_GIRO | Target Wall: None | Target Theta: 168.97° |theta: 178.07528272665988 
2026-06-02 14:45:13.356 - [robot_6_log_20260602_144504.csv] - DEBUG - Incoming data. Topic agent/6/wheel, mensaje {"Wleft":-7.6716411e-15,"Wright":20}
2026-06-02 14:45:13.381 - [robot_6_log_20260602_144504.csv] - INFO - Usando posición VISION: x=75.93, y=129.57, θ=3.11
2026-06-02 14:45:13.382 - [robot_6_log_20260602_144504.csv] - INFO - Distancias a paredes: Left: 75.93, Right: 374.07, Top: 10.43, Bottom: 129.57
2026-06-02 14:45:13.382 - [robot_6_log_20260602_144504.csv] - INFO - Posicion: 75.93, 129.57, 3.108 | Velocidad: -0.0335863359162628, -0.9994358198702505
2026-06-02 14:45:13.382 - [robot_6_log_20260602_144504.csv] - INFO - None
2026-06-02 14:45:13.382 - [robot_6_log_20260602_144504.csv] - WARNING - Estado FSM: ESPERANDO_GIRO | Target Wall: None | Target Theta: 168.97° |theta: 178.07528272665988 
2026-06-02 14:45:13.388 - [robot_6_log_20260602_144504.csv] - DEBUG - Incoming data. Topic 6/pos, mensaje {"x": 75.18, "y": 130.96, "yaw": 2.91, "timestamp": 1780404313.387389}
2026-06-02 14:45:13.388 - [robot_6_log_20260602_144504.csv] - DEBUG - Posición actualizada por visión: x=75.18, y=130.96, θ=2.91
2026-06-02 14:45:13.388 - [robot_6_log_20260602_144504.csv] - DEBUG - Frecuencia: 17.01 Hz | Latencia Red/Proc: 0.87 ms
2026-06-02 14:45:13.388 - [robot_6_log_20260602_144504.csv] - DEBUG - Incoming data. Topic 6/pos, mensaje {"x": 75.18, "y": 130.96, "yaw": 2.91, "timestamp": 1780404313.387389}
2026-06-02 14:45:13.388 - [robot_6_log_20260602_144504.csv] - DEBUG - Posición actualizada por visión: x=75.18, y=130.96, θ=2.91
2026-06-02 14:45:13.388 - [robot_6_log_20260602_144504.csv] - DEBUG - Frecuencia: 19239.93 Hz | Latencia Red/Proc: 0.93 ms
2026-06-02 14:45:13.400 - [robot_6_log_20260602_144504.csv] - DEBUG - Incoming data. Topic 6/pos, mensaje {"x": 75.18, "y": 130.96, "yaw": 2.91, "timestamp": 1780404313.3992708}
2026-06-02 14:45:13.405 - [robot_6_log_20260602_144504.csv] - DEBUG - Posición actualizada por visión: x=75.18, y=130.96, θ=2.91
2026-06-02 14:45:13.405 - [robot_6_log_20260602_144504.csv] - DEBUG - Frecuencia: 57.70 Hz | Latencia Red/Proc: 6.37 ms
2026-06-02 14:45:13.405 - [robot_6_log_20260602_144504.csv] - DEBUG - Incoming data. Topic 6/pos, mensaje {"x": 75.18, "y": 130.96, "yaw": 2.91, "timestamp": 1780404313.3992708}
2026-06-02 14:45:13.405 - [robot_6_log_20260602_144504.csv] - DEBUG - Posición actualizada por visión: x=75.18, y=130.96, θ=2.91
2026-06-02 14:45:13.405 - [robot_6_log_20260602_144504.csv] - DEBUG - Frecuencia: 9868.95 Hz | Latencia Red/Proc: 6.48 ms
2026-06-02 14:45:13.431 - [robot_6_log_20260602_144504.csv] - INFO - Usando posición VISION: x=75.18, y=130.96, θ=2.91
2026-06-02 14:45:13.432 - [robot_6_log_20260602_144504.csv] - INFO - Distancias a paredes: Left: 75.18, Right: 374.82, Top: 9.04, Bottom: 130.96
2026-06-02 14:45:13.432 - [robot_6_log_20260602_144504.csv] - INFO - Posicion: 75.18, 130.96, 2.91 | Velocidad: -0.2295279470212642, -0.9733020710633487
2026-06-02 14:45:13.432 - [robot_6_log_20260602_144504.csv] - CRITICAL - Pared muy cercana [75.18, 374.82, 9.039999999999992, 130.96]
2026-06-02 14:45:13.432 - [robot_6_log_20260602_144504.csv] - INFO - None
2026-06-02 14:45:13.432 - [robot_6_log_20260602_144504.csv] - WARNING - Estado FSM: ESPERANDO_GIRO | Target Wall: None | Target Theta: 168.97° |theta: 166.73071838306956 
2026-06-02 14:45:13.481 - [robot_6_log_20260602_144504.csv] - INFO - Usando posición VISION: x=75.18, y=130.96, θ=2.91
2026-06-02 14:45:13.482 - [robot_6_log_20260602_144504.csv] - INFO - Distancias a paredes: Left: 75.18, Right: 374.82, Top: 9.04, Bottom: 130.96
2026-06-02 14:45:13.482 - [robot_6_log_20260602_144504.csv] - INFO - Posicion: 75.18, 130.96, 2.91 | Velocidad: -0.2295279470212642, -0.9733020710633487
2026-06-02 14:45:13.482 - [robot_6_log_20260602_144504.csv] - CRITICAL - Pared muy cercana [75.18, 374.82, 9.039999999999992, 130.96]
2026-06-02 14:45:13.482 - [robot_6_log_20260602_144504.csv] - INFO - None
2026-06-02 14:45:13.482 - [robot_6_log_20260602_144504.csv] - WARNING - Estado FSM: ESPERANDO_GIRO | Target Wall: None | Target Theta: 168.97° |theta: 166.73071838306956 
2026-06-02 14:45:13.487 - [robot_6_log_20260602_144504.csv] - DEBUG - Incoming data. Topic 6/pos, mensaje {"x": 74.63, "y": 132.54, "yaw": 2.694, "timestamp": 1780404313.485123}
2026-06-02 14:45:13.488 - [robot_6_log_20260602_144504.csv] - DEBUG - Posición actualizada por visión: x=74.63, y=132.54, θ=2.69
2026-06-02 14:45:13.488 - [robot_6_log_20260602_144504.csv] - DEBUG - Frecuencia: 12.15 Hz | Latencia Red/Proc: 2.94 ms
2026-06-02 14:45:13.488 - [robot_6_log_20260602_144504.csv] - DEBUG - Incoming data. Topic 6/pos, mensaje {"x": 74.63, "y": 132.54, "yaw": 2.694, "timestamp": 1780404313.485123}
2026-06-02 14:45:13.488 - [robot_6_log_20260602_144504.csv] - DEBUG - Posición actualizada por visión: x=74.63, y=132.54, θ=2.69
2026-06-02 14:45:13.488 - [robot_6_log_20260602_144504.csv] - DEBUG - Frecuencia: 10866.07 Hz | Latencia Red/Proc: 3.03 ms
2026-06-02 14:45:13.500 - [robot_6_log_20260602_144504.csv] - DEBUG - Incoming data. Topic 6/pos, mensaje {"x": 74.63, "y": 132.54, "yaw": 2.694, "timestamp": 1780404313.4956396}
2026-06-02 14:45:13.505 - [robot_6_log_20260602_144504.csv] - DEBUG - Posición actualizada por visión: x=74.63, y=132.54, θ=2.69
2026-06-02 14:45:13.510 - [robot_6_log_20260602_144504.csv] - DEBUG - Frecuencia: 43.98 Hz | Latencia Red/Proc: 15.25 ms
2026-06-02 14:45:13.510 - [robot_6_log_20260602_144504.csv] - DEBUG - Incoming data. Topic 6/pos, mensaje {"x": 74.63, "y": 132.54, "yaw": 2.694, "timestamp": 1780404313.4956396}
2026-06-02 14:45:13.511 - [robot_6_log_20260602_144504.csv] - DEBUG - Posición actualizada por visión: x=74.63, y=132.54, θ=2.69
2026-06-02 14:45:13.511 - [robot_6_log_20260602_144504.csv] - DEBUG - Frecuencia: 6204.59 Hz | Latencia Red/Proc: 15.41 ms
2026-06-02 14:45:13.531 - [robot_6_log_20260602_144504.csv] - INFO - Usando posición VISION: x=74.63, y=132.54, θ=2.69
2026-06-02 14:45:13.532 - [robot_6_log_20260602_144504.csv] - INFO - Distancias a paredes: Left: 74.63, Right: 375.37, Top: 7.46, Bottom: 132.54
2026-06-02 14:45:13.532 - [robot_6_log_20260602_144504.csv] - INFO - Posicion: 74.63, 132.54, 2.694 | Velocidad: -0.4327965877246281, -0.9014916048715697
2026-06-02 14:45:13.532 - [robot_6_log_20260602_144504.csv] - CRITICAL - Pared muy cercana [74.63, 375.37, 7.460000000000008, 132.54]
2026-06-02 14:45:13.532 - [robot_6_log_20260602_144504.csv] - INFO - None
2026-06-02 14:45:13.532 - [robot_6_log_20260602_144504.csv] - WARNING - Estado FSM: ESPERANDO_GIRO | Target Wall: None | Target Theta: 168.97° |theta: 154.35483000824377 
2026-06-02 14:45:13.538 - [robot_6_log_20260602_144504.csv] - DEBUG - Incoming data. Topic agent/6/wheel, mensaje {"Wleft":-7.6716411e-15,"Wright":20}
2026-06-02 14:45:13.581 - [robot_6_log_20260602_144504.csv] - INFO - Usando posición VISION: x=74.63, y=132.54, θ=2.69
2026-06-02 14:45:13.582 - [robot_6_log_20260602_144504.csv] - INFO - Distancias a paredes: Left: 74.63, Right: 375.37, Top: 7.46, Bottom: 132.54
2026-06-02 14:45:13.582 - [robot_6_log_20260602_144504.csv] - INFO - Posicion: 74.63, 132.54, 2.694 | Velocidad: -0.4327965877246281, -0.9014916048715697
2026-06-02 14:45:13.582 - [robot_6_log_20260602_144504.csv] - CRITICAL - Pared muy cercana [74.63, 375.37, 7.460000000000008, 132.54]
2026-06-02 14:45:13.582 - [robot_6_log_20260602_144504.csv] - INFO - None
2026-06-02 14:45:13.582 - [robot_6_log_20260602_144504.csv] - WARNING - Estado FSM: ESPERANDO_GIRO | Target Wall: None | Target Theta: 168.97° |theta: 154.35483000824377 
2026-06-02 14:45:13.593 - [robot_6_log_20260602_144504.csv] - DEBUG - Incoming data. Topic agent/6/wheel, mensaje {"Wleft":-7.6716411e-15,"Wright":20}
2026-06-02 14:45:13.603 - [robot_6_log_20260602_144504.csv] - DEBUG - Incoming data. Topic 6/pos, mensaje {"x": 74.43, "y": 134.39, "yaw": 2.48, "timestamp": 1780404313.5862744}
2026-06-02 14:45:13.603 - [robot_6_log_20260602_144504.csv] - DEBUG - Posición actualizada por visión: x=74.43, y=134.39, θ=2.48
2026-06-02 14:45:13.610 - [robot_6_log_20260602_144504.csv] - DEBUG - Frecuencia: 10.10 Hz | Latencia Red/Proc: 23.82 ms
2026-06-02 14:45:13.610 - [robot_6_log_20260602_144504.csv] - DEBUG - Incoming data. Topic 6/pos, mensaje {"x": 74.43, "y": 134.39, "yaw": 2.48, "timestamp": 1780404313.5862744}
2026-06-02 14:45:13.610 - [robot_6_log_20260602_144504.csv] - DEBUG - Posición actualizada por visión: x=74.43, y=134.39, θ=2.48
2026-06-02 14:45:13.615 - [robot_6_log_20260602_144504.csv] - DEBUG - Frecuencia: 191.84 Hz | Latencia Red/Proc: 29.04 ms
2026-06-02 14:45:13.620 - [robot_6_log_20260602_144504.csv] - DEBUG - Incoming data. Topic 6/pos, mensaje {"x": 74.43, "y": 134.39, "yaw": 2.48, "timestamp": 1780404313.5968492}
2026-06-02 14:45:13.625 - [robot_6_log_20260602_144504.csv] - DEBUG - Posición actualizada por visión: x=74.43, y=134.39, θ=2.48
2026-06-02 14:45:13.630 - [robot_6_log_20260602_144504.csv] - DEBUG - Frecuencia: 64.40 Hz | Latencia Red/Proc: 33.99 ms
2026-06-02 14:45:13.631 - [robot_6_log_20260602_144504.csv] - INFO - Usando posición VISION: x=74.43, y=134.39, θ=2.48
2026-06-02 14:45:13.631 - [robot_6_log_20260602_144504.csv] - DEBUG - Incoming data. Topic 6/pos, mensaje {"x": 74.43, "y": 134.39, "yaw": 2.48, "timestamp": 1780404313.5968492}
2026-06-02 14:45:13.632 - [robot_6_log_20260602_144504.csv] - INFO - Distancias a paredes: Left: 74.43, Right: 375.57, Top: 5.61, Bottom: 134.39
2026-06-02 14:45:13.632 - [robot_6_log_20260602_144504.csv] - DEBUG - Posición actualizada por visión: x=74.43, y=134.39, θ=2.48
2026-06-02 14:45:13.632 - [robot_6_log_20260602_144504.csv] - INFO - Posicion: 74.43, 134.39, 2.48 | Velocidad: -0.6143742578057118, -0.7890147472295311
2026-06-02 14:45:13.632 - [robot_6_log_20260602_144504.csv] - DEBUG - Frecuencia: 790.04 Hz | Latencia Red/Proc: 35.25 ms
2026-06-02 14:45:13.632 - [robot_6_log_20260602_144504.csv] - CRITICAL - Pared muy cercana [74.43, 375.57, 5.610000000000014, 134.39]
2026-06-02 14:45:13.632 - [robot_6_log_20260602_144504.csv] - INFO - None
2026-06-02 14:45:13.632 - [robot_6_log_20260602_144504.csv] - WARNING - Estado FSM: ESPERANDO_GIRO | Target Wall: None | Target Theta: 168.97° |theta: 142.09353319244417 
2026-06-02 14:45:13.681 - [robot_6_log_20260602_144504.csv] - INFO - Usando posición VISION: x=74.43, y=134.39, θ=2.48
2026-06-02 14:45:13.682 - [robot_6_log_20260602_144504.csv] - INFO - Distancias a paredes: Left: 74.43, Right: 375.57, Top: 5.61, Bottom: 134.39
2026-06-02 14:45:13.682 - [robot_6_log_20260602_144504.csv] - INFO - Posicion: 74.43, 134.39, 2.48 | Velocidad: -0.6143742578057118, -0.7890147472295311
2026-06-02 14:45:13.682 - [robot_6_log_20260602_144504.csv] - CRITICAL - Pared muy cercana [74.43, 375.57, 5.610000000000014, 134.39]
2026-06-02 14:45:13.682 - [robot_6_log_20260602_144504.csv] - INFO - None
2026-06-02 14:45:13.682 - [robot_6_log_20260602_144504.csv] - WARNING - Estado FSM: ESPERANDO_GIRO | Target Wall: None | Target Theta: 168.97° |theta: 142.09353319244417 
2026-06-02 14:45:13.687 - [robot_6_log_20260602_144504.csv] - DEBUG - Incoming data. Topic 6/pos, mensaje {"x": 74.62, "y": 136.3, "yaw": 2.249, "timestamp": 1780404313.6823623}
2026-06-02 14:45:13.692 - [robot_6_log_20260602_144504.csv] - DEBUG - Posición actualizada por visión: x=74.62, y=136.30, θ=2.25
2026-06-02 14:45:13.698 - [robot_6_log_20260602_144504.csv] - DEBUG - Frecuencia: 15.03 Hz | Latencia Red/Proc: 16.30 ms
2026-06-02 14:45:13.698 - [robot_6_log_20260602_144504.csv] - DEBUG - Incoming data. Topic 6/pos, mensaje {"x": 74.62, "y": 136.3, "yaw": 2.249, "timestamp": 1780404313.6823623}
2026-06-02 14:45:13.698 - [robot_6_log_20260602_144504.csv] - DEBUG - Posición actualizada por visión: x=74.62, y=136.30, θ=2.25
2026-06-02 14:45:13.698 - [robot_6_log_20260602_144504.csv] - DEBUG - Frecuencia: 13357.66 Hz | Latencia Red/Proc: 16.37 ms
2026-06-02 14:45:13.698 - [robot_6_log_20260602_144504.csv] - DEBUG - Incoming data. Topic 6/pos, mensaje {"x": 74.62, "y": 136.3, "yaw": 2.249, "timestamp": 1780404313.6921773}
2026-06-02 14:45:13.698 - [robot_6_log_20260602_144504.csv] - DEBUG - Posición actualizada por visión: x=74.62, y=136.30, θ=2.25
2026-06-02 14:45:13.698 - [robot_6_log_20260602_144504.csv] - DEBUG - Frecuencia: 25731.93 Hz | Latencia Red/Proc: 6.60 ms
2026-06-02 14:45:13.698 - [robot_6_log_20260602_144504.csv] - DEBUG - Incoming data. Topic 6/pos, mensaje {"x": 74.62, "y": 136.3, "yaw": 2.249, "timestamp": 1780404313.6921773}
2026-06-02 14:45:13.698 - [robot_6_log_20260602_144504.csv] - DEBUG - Posición actualizada por visión: x=74.62, y=136.30, θ=2.25
2026-06-02 14:45:13.698 - [robot_6_log_20260602_144504.csv] - DEBUG - Frecuencia: 29330.80 Hz | Latencia Red/Proc: 6.63 ms
2026-06-02 14:45:13.731 - [robot_6_log_20260602_144504.csv] - INFO - Usando posición VISION: x=74.62, y=136.30, θ=2.25
2026-06-02 14:45:13.731 - [robot_6_log_20260602_144504.csv] - INFO - Distancias a paredes: Left: 74.62, Right: 375.38, Top: 3.70, Bottom: 136.30
2026-06-02 14:45:13.732 - [robot_6_log_20260602_144504.csv] - INFO - Posicion: 74.62, 136.3, 2.249 | Velocidad: -0.7787009813693823, -0.6273952355687449
2026-06-02 14:45:13.732 - [robot_6_log_20260602_144504.csv] - CRITICAL - Pared muy cercana [74.62, 375.38, 3.6999999999999886, 136.3]
2026-06-02 14:45:13.732 - [robot_6_log_20260602_144504.csv] - INFO - None
2026-06-02 14:45:13.732 - [robot_6_log_20260602_144504.csv] - WARNING - Estado FSM: ESPERANDO_GIRO | Target Wall: None | Target Theta: 168.97° |theta: 128.85820812492216 
2026-06-02 14:45:13.738 - [robot_6_log_20260602_144504.csv] - DEBUG - Incoming data. Topic agent/6/wheel, mensaje {"Wleft":-7.6716411e-15,"Wright":20}
2026-06-02 14:45:13.781 - [robot_6_log_20260602_144504.csv] - INFO - Usando posición VISION: x=74.62, y=136.30, θ=2.25
2026-06-02 14:45:13.782 - [robot_6_log_20260602_144504.csv] - INFO - Distancias a paredes: Left: 74.62, Right: 375.38, Top: 3.70, Bottom: 136.30
2026-06-02 14:45:13.782 - [robot_6_log_20260602_144504.csv] - INFO - Posicion: 74.62, 136.3, 2.249 | Velocidad: -0.7787009813693823, -0.6273952355687449
2026-06-02 14:45:13.782 - [robot_6_log_20260602_144504.csv] - CRITICAL - Pared muy cercana [74.62, 375.38, 3.6999999999999886, 136.3]
2026-06-02 14:45:13.782 - [robot_6_log_20260602_144504.csv] - INFO - None
2026-06-02 14:45:13.782 - [robot_6_log_20260602_144504.csv] - WARNING - Estado FSM: ESPERANDO_GIRO | Target Wall: None | Target Theta: 168.97° |theta: 128.85820812492216 
2026-06-02 14:45:13.793 - [robot_6_log_20260602_144504.csv] - DEBUG - Incoming data. Topic 6/pos, mensaje {"x": 75.31, "y": 138.04, "yaw": 2.022, "timestamp": 1780404313.7854512}
2026-06-02 14:45:13.793 - [robot_6_log_20260602_144504.csv] - DEBUG - Posición actualizada por visión: x=75.31, y=138.04, θ=2.02
2026-06-02 14:45:13.793 - [robot_6_log_20260602_144504.csv] - DEBUG - Frecuencia: 10.57 Hz | Latencia Red/Proc: 7.94 ms
2026-06-02 14:45:13.793 - [robot_6_log_20260602_144504.csv] - DEBUG - Incoming data. Topic 6/pos, mensaje {"x": 75.31, "y": 138.04, "yaw": 2.022, "timestamp": 1780404313.7854512}
2026-06-02 14:45:13.798 - [robot_6_log_20260602_144504.csv] - DEBUG - Posición actualizada por visión: x=75.31, y=138.04, θ=2.02
2026-06-02 14:45:13.803 - [robot_6_log_20260602_144504.csv] - DEBUG - Frecuencia: 96.57 Hz | Latencia Red/Proc: 18.30 ms
2026-06-02 14:45:13.813 - [robot_6_log_20260602_144504.csv] - DEBUG - Incoming data. Topic 6/pos, mensaje {"x": 75.31, "y": 138.04, "yaw": 2.022, "timestamp": 1780404313.7954118}
2026-06-02 14:45:13.819 - [robot_6_log_20260602_144504.csv] - DEBUG - Posición actualizada por visión: x=75.31, y=138.04, θ=2.02
2026-06-02 14:45:13.824 - [robot_6_log_20260602_144504.csv] - DEBUG - Frecuencia: 48.90 Hz | Latencia Red/Proc: 28.79 ms
2026-06-02 14:45:13.829 - [robot_6_log_20260602_144504.csv] - DEBUG - Incoming data. Topic 6/pos, mensaje {"x": 75.31, "y": 138.04, "yaw": 2.022, "timestamp": 1780404313.7954118}
2026-06-02 14:45:13.831 - [robot_6_log_20260602_144504.csv] - INFO - Usando posición VISION: x=75.31, y=138.04, θ=2.02
2026-06-02 14:45:13.832 - [robot_6_log_20260602_144504.csv] - DEBUG - Posición actualizada por visión: x=75.31, y=138.04, θ=2.02
2026-06-02 14:45:13.832 - [robot_6_log_20260602_144504.csv] - INFO - Distancias a paredes: Left: 75.31, Right: 374.69, Top: 1.96, Bottom: 138.04
2026-06-02 14:45:13.832 - [robot_6_log_20260602_144504.csv] - DEBUG - Frecuencia: 126.85 Hz | Latencia Red/Proc: 36.67 ms
2026-06-02 14:45:13.832 - [robot_6_log_20260602_144504.csv] - INFO - Posicion: 75.31, 138.04, 2.022 | Velocidad: -0.899922893823606, -0.43604906280388545
2026-06-02 14:45:13.832 - [robot_6_log_20260602_144504.csv] - CRITICAL - Pared muy cercana [75.31, 374.69, 1.960000000000008, 138.04]
2026-06-02 14:45:13.832 - [robot_6_log_20260602_144504.csv] - INFO - None
2026-06-02 14:45:13.832 - [robot_6_log_20260602_144504.csv] - WARNING - Estado FSM: ESPERANDO_GIRO | Target Wall: None | Target Theta: 168.97° |theta: 115.85206617545245 
2026-06-02 14:45:13.838 - [robot_6_log_20260602_144504.csv] - DEBUG - Incoming data. Topic agent/6/wheel, mensaje {"Wleft":-7.6716411e-15,"Wright":20}
2026-06-02 14:45:13.881 - [robot_6_log_20260602_144504.csv] - INFO - Usando posición VISION: x=75.31, y=138.04, θ=2.02
2026-06-02 14:45:13.882 - [robot_6_log_20260602_144504.csv] - DEBUG - Incoming data. Topic 6/pos, mensaje {"x": 76.3, "y": 139.38, "yaw": 1.803, "timestamp": 1780404313.8815706}
2026-06-02 14:45:13.882 - [robot_6_log_20260602_144504.csv] - INFO - Distancias a paredes: Left: 75.31, Right: 374.69, Top: 1.96, Bottom: 138.04
2026-06-02 14:45:13.882 - [robot_6_log_20260602_144504.csv] - DEBUG - Posición actualizada por visión: x=76.30, y=139.38, θ=1.80
2026-06-02 14:45:13.882 - [robot_6_log_20260602_144504.csv] - INFO - Posicion: 75.31, 138.04, 2.022 | Velocidad: -0.899922893823606, -0.43604906280388545
2026-06-02 14:45:13.882 - [robot_6_log_20260602_144504.csv] - DEBUG - Frecuencia: 19.95 Hz | Latencia Red/Proc: 0.64 ms
2026-06-02 14:45:13.882 - [robot_6_log_20260602_144504.csv] - CRITICAL - Pared muy cercana [75.31, 374.69, 1.960000000000008, 138.04]
2026-06-02 14:45:13.882 - [robot_6_log_20260602_144504.csv] - INFO - None
2026-06-02 14:45:13.882 - [robot_6_log_20260602_144504.csv] - WARNING - Estado FSM: ESPERANDO_GIRO | Target Wall: None | Target Theta: 168.97° |theta: 115.85206617545245 
2026-06-02 14:45:13.892 - [robot_6_log_20260602_144504.csv] - DEBUG - Incoming data. Topic 6/pos, mensaje {"x": 76.3, "y": 139.38, "yaw": 1.803, "timestamp": 1780404313.8815706}
2026-06-02 14:45:13.897 - [robot_6_log_20260602_144504.csv] - DEBUG - Posición actualizada por visión: x=76.30, y=139.38, θ=1.80
2026-06-02 14:45:13.897 - [robot_6_log_20260602_144504.csv] - DEBUG - Frecuencia: 63.66 Hz | Latencia Red/Proc: 16.35 ms
2026-06-02 14:45:13.903 - [robot_6_log_20260602_144504.csv] - DEBUG - Incoming data. Topic 6/pos, mensaje {"x": 76.3, "y": 139.38, "yaw": 1.803, "timestamp": 1780404313.8913481}
2026-06-02 14:45:13.903 - [robot_6_log_20260602_144504.csv] - DEBUG - Posición actualizada por visión: x=76.30, y=139.38, θ=1.80
2026-06-02 14:45:13.903 - [robot_6_log_20260602_144504.csv] - DEBUG - Frecuencia: 187.54 Hz | Latencia Red/Proc: 11.90 ms
2026-06-02 14:45:13.903 - [robot_6_log_20260602_144504.csv] - DEBUG - Incoming data. Topic 6/pos, mensaje {"x": 76.3, "y": 139.38, "yaw": 1.803, "timestamp": 1780404313.8913481}
2026-06-02 14:45:13.903 - [robot_6_log_20260602_144504.csv] - DEBUG - Posición actualizada por visión: x=76.30, y=139.38, θ=1.80
2026-06-02 14:45:13.908 - [robot_6_log_20260602_144504.csv] - DEBUG - Frecuencia: 193.04 Hz | Latencia Red/Proc: 17.08 ms
2026-06-02 14:45:13.931 - [robot_6_log_20260602_144504.csv] - INFO - Usando posición VISION: x=76.30, y=139.38, θ=1.80
2026-06-02 14:45:13.932 - [robot_6_log_20260602_144504.csv] - INFO - Distancias a paredes: Left: 76.30, Right: 373.70, Top: 0.62, Bottom: 139.38
2026-06-02 14:45:13.932 - [robot_6_log_20260602_144504.csv] - INFO - Posicion: 76.3, 139.38, 1.803 | Velocidad: -0.9731616433054727, -0.2301226107947499
2026-06-02 14:45:13.932 - [robot_6_log_20260602_144504.csv] - CRITICAL - Pared muy cercana [76.3, 373.7, 0.6200000000000045, 139.38]
2026-06-02 14:45:13.932 - [robot_6_log_20260602_144504.csv] - INFO - None
2026-06-02 14:45:13.932 - [robot_6_log_20260602_144504.csv] - WARNING - Estado FSM: ESPERANDO_GIRO | Target Wall: None | Target Theta: 168.97° |theta: 103.30429046208742 
2026-06-02 14:45:13.943 - [robot_6_log_20260602_144504.csv] - DEBUG - Incoming data. Topic agent/6/wheel, mensaje {"Wleft":-7.6716411e-15,"Wright":20}
2026-06-02 14:45:13.981 - [robot_6_log_20260602_144504.csv] - INFO - Usando posición VISION: x=76.30, y=139.38, θ=1.80
2026-06-02 14:45:13.982 - [robot_6_log_20260602_144504.csv] - INFO - Distancias a paredes: Left: 76.30, Right: 373.70, Top: 0.62, Bottom: 139.38
2026-06-02 14:45:13.982 - [robot_6_log_20260602_144504.csv] - INFO - Posicion: 76.3, 139.38, 1.803 | Velocidad: -0.9731616433054727, -0.2301226107947499
2026-06-02 14:45:13.982 - [robot_6_log_20260602_144504.csv] - CRITICAL - Pared muy cercana [76.3, 373.7, 0.6200000000000045, 139.38]
2026-06-02 14:45:13.982 - [robot_6_log_20260602_144504.csv] - INFO - None
2026-06-02 14:45:13.982 - [robot_6_log_20260602_144504.csv] - WARNING - Estado FSM: ESPERANDO_GIRO | Target Wall: None | Target Theta: 168.97° |theta: 103.30429046208742 
2026-06-02 14:45:13.994 - [robot_6_log_20260602_144504.csv] - DEBUG - Incoming data. Topic 6/pos, mensaje {"x": 77.49, "y": 140.33, "yaw": 1.568, "timestamp": 1780404313.988569}
2026-06-02 14:45:13.999 - [robot_6_log_20260602_144504.csv] - DEBUG - Posición actualizada por visión: x=77.49, y=140.33, θ=1.57
2026-06-02 14:45:14.004 - [robot_6_log_20260602_144504.csv] - DEBUG - Frecuencia: 10.40 Hz | Latencia Red/Proc: 16.05 ms
2026-06-02 14:45:14.004 - [robot_6_log_20260602_144504.csv] - DEBUG - Incoming data. Topic 6/pos, mensaje {"x": 77.49, "y": 140.33, "yaw": 1.568, "timestamp": 1780404313.988569}
2026-06-02 14:45:14.004 - [robot_6_log_20260602_144504.csv] - DEBUG - Posición actualizada por visión: x=77.49, y=140.33, θ=1.57
2026-06-02 14:45:14.004 - [robot_6_log_20260602_144504.csv] - DEBUG - Frecuencia: 8192.00 Hz | Latencia Red/Proc: 16.17 ms
2026-06-02 14:45:14.009 - [robot_6_log_20260602_144504.csv] - DEBUG - Incoming data. Topic 6/pos, mensaje {"x": 77.49, "y": 140.33, "yaw": 1.568, "timestamp": 1780404314.0005925}
2026-06-02 14:45:14.009 - [robot_6_log_20260602_144504.csv] - DEBUG - Posición actualizada por visión: x=77.49, y=140.33, θ=1.57
2026-06-02 14:45:14.009 - [robot_6_log_20260602_144504.csv] - DEBUG - Frecuencia: 195.64 Hz | Latencia Red/Proc: 9.26 ms
2026-06-02 14:45:14.009 - [robot_6_log_20260602_144504.csv] - DEBUG - Incoming data. Topic 6/pos, mensaje {"x": 77.49, "y": 140.33, "yaw": 1.568, "timestamp": 1780404314.0005925}
2026-06-02 14:45:14.009 - [robot_6_log_20260602_144504.csv] - DEBUG - Posición actualizada por visión: x=77.49, y=140.33, θ=1.57
2026-06-02 14:45:14.009 - [robot_6_log_20260602_144504.csv] - DEBUG - Frecuencia: 23172.95 Hz | Latencia Red/Proc: 9.30 ms
2026-06-02 14:45:14.031 - [robot_6_log_20260602_144504.csv] - INFO - Usando posición VISION: x=77.49, y=140.33, θ=1.57
2026-06-02 14:45:14.031 - [robot_6_log_20260602_144504.csv] - INFO - Distancias a paredes: Left: 77.49, Right: 372.51, Top: -0.33, Bottom: 140.33
2026-06-02 14:45:14.032 - [robot_6_log_20260602_144504.csv] - INFO - Posicion: 77.49, 140.33, 1.568 | Velocidad: -0.9999960902807757, 0.0027963231506114
2026-06-02 14:45:14.032 - [robot_6_log_20260602_144504.csv] - CRITICAL - Pared muy cercana [77.49, 372.51, -0.3300000000000125, 140.33]
2026-06-02 14:45:14.032 - [robot_6_log_20260602_144504.csv] - INFO - None
2026-06-02 14:45:14.032 - [robot_6_log_20260602_144504.csv] - WARNING - Estado FSM: ESPERANDO_GIRO | Target Wall: None | Target Theta: 168.97° |theta: 89.83978227651309 
2026-06-02 14:45:14.044 - [robot_6_log_20260602_144504.csv] - DEBUG - Incoming data. Topic agent/6/wheel, mensaje {"Wleft":-7.6716411e-15,"Wright":20}
2026-06-02 14:45:14.081 - [robot_6_log_20260602_144504.csv] - INFO - Usando posición VISION: x=77.49, y=140.33, θ=1.57
2026-06-02 14:45:14.082 - [robot_6_log_20260602_144504.csv] - INFO - Distancias a paredes: Left: 77.49, Right: 372.51, Top: -0.33, Bottom: 140.33
2026-06-02 14:45:14.082 - [robot_6_log_20260602_144504.csv] - INFO - Posicion: 77.49, 140.33, 1.568 | Velocidad: -0.9999960902807757, 0.0027963231506114
2026-06-02 14:45:14.082 - [robot_6_log_20260602_144504.csv] - CRITICAL - Pared muy cercana [77.49, 372.51, -0.3300000000000125, 140.33]
2026-06-02 14:45:14.082 - [robot_6_log_20260602_144504.csv] - INFO - None
2026-06-02 14:45:14.082 - [robot_6_log_20260602_144504.csv] - WARNING - Estado FSM: ESPERANDO_GIRO | Target Wall: None | Target Theta: 168.97° |theta: 89.83978227651309 
2026-06-02 14:45:14.087 - [robot_6_log_20260602_144504.csv] - DEBUG - Incoming data. Topic 6/pos, mensaje {"x": 78.88, "y": 140.98, "yaw": 1.325, "timestamp": 1780404314.084219}
2026-06-02 14:45:14.092 - [robot_6_log_20260602_144504.csv] - DEBUG - Posición actualizada por visión: x=78.88, y=140.98, θ=1.32
2026-06-02 14:45:14.097 - [robot_6_log_20260602_144504.csv] - DEBUG - Frecuencia: 11.42 Hz | Latencia Red/Proc: 13.24 ms
2026-06-02 14:45:14.107 - [robot_6_log_20260602_144504.csv] - DEBUG - Incoming data. Topic agent/6/wheel, mensaje {"Wleft":-7.6716411e-15,"Wright":20}
2026-06-02 14:45:14.112 - [robot_6_log_20260602_144504.csv] - DEBUG - Incoming data. Topic 6/pos, mensaje {"x": 78.88, "y": 140.98, "yaw": 1.325, "timestamp": 1780404314.096106}
2026-06-02 14:45:14.117 - [robot_6_log_20260602_144504.csv] - DEBUG - Posición actualizada por visión: x=78.88, y=140.98, θ=1.32
2026-06-02 14:45:14.122 - [robot_6_log_20260602_144504.csv] - DEBUG - Frecuencia: 39.32 Hz | Latencia Red/Proc: 26.79 ms
2026-06-02 14:45:14.122 - [robot_6_log_20260602_144504.csv] - DEBUG - Incoming data. Topic 6/pos, mensaje {"x": 78.88, "y": 140.98, "yaw": 1.325, "timestamp": 1780404314.084219}
2026-06-02 14:45:14.122 - [robot_6_log_20260602_144504.csv] - DEBUG - Posición actualizada por visión: x=78.88, y=140.98, θ=1.32
2026-06-02 14:45:14.122 - [robot_6_log_20260602_144504.csv] - DEBUG - Frecuencia: 21509.25 Hz | Latencia Red/Proc: 38.72 ms
2026-06-02 14:45:14.131 - [robot_6_log_20260602_144504.csv] - INFO - Usando posición VISION: x=78.88, y=140.98, θ=1.32
2026-06-02 14:45:14.131 - [robot_6_log_20260602_144504.csv] - INFO - Distancias a paredes: Left: 78.88, Right: 371.12, Top: -0.98, Bottom: 140.98
2026-06-02 14:45:14.131 - [robot_6_log_20260602_144504.csv] - INFO - Posicion: 78.88, 140.98, 1.325 | Velocidad: -0.9699438632926871, 0.24332879414663827
2026-06-02 14:45:14.132 - [robot_6_log_20260602_144504.csv] - CRITICAL - Pared muy cercana [78.88, 371.12, -0.9799999999999898, 140.98]
2026-06-02 14:45:14.132 - [robot_6_log_20260602_144504.csv] - INFO - None
2026-06-02 14:45:14.132 - [robot_6_log_20260602_144504.csv] - WARNING - Estado FSM: ESPERANDO_GIRO | Target Wall: None | Target Theta: 168.97° |theta: 75.91690785483408 
2026-06-02 14:45:14.138 - [robot_6_log_20260602_144504.csv] - DEBUG - Incoming data. Topic 6/pos, mensaje {"x": 78.88, "y": 140.98, "yaw": 1.325, "timestamp": 1780404314.096106}
2026-06-02 14:45:14.143 - [robot_6_log_20260602_144504.csv] - DEBUG - Posición actualizada por visión: x=78.88, y=140.98, θ=1.32
2026-06-02 14:45:14.143 - [robot_6_log_20260602_144504.csv] - DEBUG - Frecuencia: 49.38 Hz | Latencia Red/Proc: 47.08 ms
2026-06-02 14:45:14.181 - [robot_6_log_20260602_144504.csv] - INFO - Usando posición VISION: x=78.88, y=140.98, θ=1.32
2026-06-02 14:45:14.181 - [robot_6_log_20260602_144504.csv] - INFO - Distancias a paredes: Left: 78.88, Right: 371.12, Top: -0.98, Bottom: 140.98
2026-06-02 14:45:14.182 - [robot_6_log_20260602_144504.csv] - INFO - Posicion: 78.88, 140.98, 1.325 | Velocidad: -0.9699438632926871, 0.24332879414663827
2026-06-02 14:45:14.182 - [robot_6_log_20260602_144504.csv] - CRITICAL - Pared muy cercana [78.88, 371.12, -0.9799999999999898, 140.98]
2026-06-02 14:45:14.182 - [robot_6_log_20260602_144504.csv] - INFO - None
2026-06-02 14:45:14.182 - [robot_6_log_20260602_144504.csv] - WARNING - Estado FSM: ESPERANDO_GIRO | Target Wall: None | Target Theta: 168.97° |theta: 75.91690785483408 
2026-06-02 14:45:14.194 - [robot_6_log_20260602_144504.csv] - DEBUG - Incoming data. Topic 6/pos, mensaje {"x": 80.55, "y": 141.3, "yaw": 1.076, "timestamp": 1780404314.1891925}
2026-06-02 14:45:14.199 - [robot_6_log_20260602_144504.csv] - DEBUG - Posición actualizada por visión: x=80.55, y=141.30, θ=1.08
2026-06-02 14:45:14.205 - [robot_6_log_20260602_144504.csv] - DEBUG - Frecuencia: 16.04 Hz | Latencia Red/Proc: 16.35 ms
2026-06-02 14:45:14.215 - [robot_6_log_20260602_144504.csv] - DEBUG - Incoming data. Topic 6/pos, mensaje {"x": 80.55, "y": 141.3, "yaw": 1.076, "timestamp": 1780404314.1891925}
2026-06-02 14:45:14.215 - [robot_6_log_20260602_144504.csv] - DEBUG - Posición actualizada por visión: x=80.55, y=141.30, θ=1.08
2026-06-02 14:45:14.215 - [robot_6_log_20260602_144504.csv] - DEBUG - Frecuencia: 98.12 Hz | Latencia Red/Proc: 26.54 ms
2026-06-02 14:45:14.215 - [robot_6_log_20260602_144504.csv] - DEBUG - Incoming data. Topic 6/pos, mensaje {"x": 80.55, "y": 141.3, "yaw": 1.076, "timestamp": 1780404314.2019742}
2026-06-02 14:45:14.215 - [robot_6_log_20260602_144504.csv] - DEBUG - Posición actualizada por visión: x=80.55, y=141.30, θ=1.08
2026-06-02 14:45:14.215 - [robot_6_log_20260602_144504.csv] - DEBUG - Frecuencia: 25115.59 Hz | Latencia Red/Proc: 13.80 ms
2026-06-02 14:45:14.215 - [robot_6_log_20260602_144504.csv] - DEBUG - Incoming data. Topic 6/pos, mensaje {"x": 80.55, "y": 141.3, "yaw": 1.076, "timestamp": 1780404314.2019742}
2026-06-02 14:45:14.215 - [robot_6_log_20260602_144504.csv] - DEBUG - Posición actualizada por visión: x=80.55, y=141.30, θ=1.08
2026-06-02 14:45:14.220 - [robot_6_log_20260602_144504.csv] - DEBUG - Frecuencia: 195.47 Hz | Latencia Red/Proc: 18.92 ms
2026-06-02 14:45:14.231 - [robot_6_log_20260602_144504.csv] - INFO - Usando posición VISION: x=80.55, y=141.30, θ=1.08
2026-06-02 14:45:14.231 - [robot_6_log_20260602_144504.csv] - INFO - Distancias a paredes: Left: 80.55, Right: 369.45, Top: -1.30, Bottom: 141.30
2026-06-02 14:45:14.232 - [robot_6_log_20260602_144504.csv] - INFO - Posicion: 80.55, 141.3, 1.076 | Velocidad: -0.8800654428027035, 0.47485241537185147
2026-06-02 14:45:14.232 - [robot_6_log_20260602_144504.csv] - CRITICAL - Pared muy cercana [80.55, 369.45, -1.3000000000000114, 141.3]
2026-06-02 14:45:14.232 - [robot_6_log_20260602_144504.csv] - INFO - None
2026-06-02 14:45:14.232 - [robot_6_log_20260602_144504.csv] - WARNING - Estado FSM: ESPERANDO_GIRO | Target Wall: None | Target Theta: 168.97° |theta: 61.65025875607658 
2026-06-02 14:45:14.249 - [robot_6_log_20260602_144504.csv] - DEBUG - Incoming data. Topic agent/6/wheel, mensaje {"Wleft":-7.6716411e-15,"Wright":20}
2026-06-02 14:45:14.281 - [robot_6_log_20260602_144504.csv] - INFO - Usando posición VISION: x=80.55, y=141.30, θ=1.08
2026-06-02 14:45:14.281 - [robot_6_log_20260602_144504.csv] - INFO - Distancias a paredes: Left: 80.55, Right: 369.45, Top: -1.30, Bottom: 141.30
2026-06-02 14:45:14.282 - [robot_6_log_20260602_144504.csv] - INFO - Posicion: 80.55, 141.3, 1.076 | Velocidad: -0.8800654428027035, 0.47485241537185147
2026-06-02 14:45:14.282 - [robot_6_log_20260602_144504.csv] - CRITICAL - Pared muy cercana [80.55, 369.45, -1.3000000000000114, 141.3]
2026-06-02 14:45:14.282 - [robot_6_log_20260602_144504.csv] - INFO - None
2026-06-02 14:45:14.282 - [robot_6_log_20260602_144504.csv] - WARNING - Estado FSM: ESPERANDO_GIRO | Target Wall: None | Target Theta: 168.97° |theta: 61.65025875607658 
2026-06-02 14:45:14.288 - [robot_6_log_20260602_144504.csv] - DEBUG - Incoming data. Topic 6/pos, mensaje {"x": 82.4, "y": 141.19, "yaw": 0.824, "timestamp": 1780404314.286374}
2026-06-02 14:45:14.293 - [robot_6_log_20260602_144504.csv] - DEBUG - Posición actualizada por visión: x=82.40, y=141.19, θ=0.82
2026-06-02 14:45:14.293 - [robot_6_log_20260602_144504.csv] - DEBUG - Frecuencia: 13.82 Hz | Latencia Red/Proc: 6.87 ms
2026-06-02 14:45:14.293 - [robot_6_log_20260602_144504.csv] - DEBUG - Incoming data. Topic 6/pos, mensaje {"x": 82.4, "y": 141.19, "yaw": 0.824, "timestamp": 1780404314.286374}
2026-06-02 14:45:14.293 - [robot_6_log_20260602_144504.csv] - DEBUG - Posición actualizada por visión: x=82.40, y=141.19, θ=0.82
2026-06-02 14:45:14.293 - [robot_6_log_20260602_144504.csv] - DEBUG - Frecuencia: 20971.52 Hz | Latencia Red/Proc: 6.92 ms
2026-06-02 14:45:14.299 - [robot_6_log_20260602_144504.csv] - DEBUG - Incoming data. Topic 6/pos, mensaje {"x": 82.4, "y": 141.19, "yaw": 0.824, "timestamp": 1780404314.2984467}
2026-06-02 14:45:14.304 - [robot_6_log_20260602_144504.csv] - DEBUG - Posición actualizada por visión: x=82.40, y=141.19, θ=0.82
2026-06-02 14:45:14.315 - [robot_6_log_20260602_144504.csv] - DEBUG - Frecuencia: 44.73 Hz | Latencia Red/Proc: 17.20 ms
2026-06-02 14:45:14.331 - [robot_6_log_20260602_144504.csv] - DEBUG - Incoming data. Topic agent/6/wheel, mensaje {"Wleft":-7.6716411e-15,"Wright":20}
2026-06-02 14:45:14.331 - [robot_6_log_20260602_144504.csv] - INFO - Usando posición VISION: x=82.40, y=141.19, θ=0.82
2026-06-02 14:45:14.331 - [robot_6_log_20260602_144504.csv] - INFO - Distancias a paredes: Left: 82.40, Right: 367.60, Top: -1.19, Bottom: 141.19
2026-06-02 14:45:14.332 - [robot_6_log_20260602_144504.csv] - INFO - Posicion: 82.4, 141.19, 0.824 | Velocidad: -0.733868858120187, 0.6792911740052073
2026-06-02 14:45:14.332 - [robot_6_log_20260602_144504.csv] - CRITICAL - Pared muy cercana [82.4, 367.6, -1.1899999999999977, 141.19]
2026-06-02 14:45:14.332 - [robot_6_log_20260602_144504.csv] - INFO - None
2026-06-02 14:45:14.332 - [robot_6_log_20260602_144504.csv] - WARNING - Estado FSM: ESPERANDO_GIRO | Target Wall: None | Target Theta: 168.97° |theta: 47.211722318779834 
2026-06-02 14:45:14.349 - [robot_6_log_20260602_144504.csv] - DEBUG - Incoming data. Topic 6/pos, mensaje {"x": 82.4, "y": 141.19, "yaw": 0.824, "timestamp": 1780404314.2984467}
2026-06-02 14:45:14.354 - [robot_6_log_20260602_144504.csv] - DEBUG - Posición actualizada por visión: x=82.40, y=141.19, θ=0.82
2026-06-02 14:45:14.365 - [robot_6_log_20260602_144504.csv] - DEBUG - Frecuencia: 20.05 Hz | Latencia Red/Proc: 67.08 ms
2026-06-02 14:45:14.381 - [robot_6_log_20260602_144504.csv] - INFO - Usando posición VISION: x=82.40, y=141.19, θ=0.82
2026-06-02 14:45:14.381 - [robot_6_log_20260602_144504.csv] - DEBUG - Incoming data. Topic agent/6/feedback, mensaje {"status": "done", "op": "turn"}
2026-06-02 14:45:14.382 - [robot_6_log_20260602_144504.csv] - INFO - Distancias a paredes: Left: 82.40, Right: 367.60, Top: -1.19, Bottom: 141.19
2026-06-02 14:45:14.382 - [robot_6_log_20260602_144504.csv] - INFO - ¡Confirmación recibida desde Arduino! Giro terminado exitosamente.
2026-06-02 14:45:14.382 - [robot_6_log_20260602_144504.csv] - INFO - Posicion: 82.4, 141.19, 0.824 | Velocidad: -0.733868858120187, 0.6792911740052073
2026-06-02 14:45:14.382 - [robot_6_log_20260602_144504.csv] - CRITICAL - Pared muy cercana [82.4, 367.6, -1.1899999999999977, 141.19]
2026-06-02 14:45:14.382 - [robot_6_log_20260602_144504.csv] - INFO - None
2026-06-02 14:45:14.382 - [robot_6_log_20260602_144504.csv] - WARNING - Estado FSM: AVANZA | Target Wall: None | Target Theta: 168.97° |theta: 47.211722318779834 
2026-06-02 14:45:14.388 - [robot_6_log_20260602_144504.csv] - DEBUG - Incoming data. Topic 6/pos, mensaje {"x": 84.29, "y": 140.6, "yaw": 0.554, "timestamp": 1780404314.3878152}
2026-06-02 14:45:14.388 - [robot_6_log_20260602_144504.csv] - DEBUG - Posición actualizada por visión: x=84.29, y=140.60, θ=0.55
2026-06-02 14:45:14.388 - [robot_6_log_20260602_144504.csv] - DEBUG - Frecuencia: 43.71 Hz | Latencia Red/Proc: 0.58 ms
2026-06-02 14:45:14.388 - [robot_6_log_20260602_144504.csv] - DEBUG - Despachado a ZMQ -> agent/6/move: {'v': 20.0, 'w': 0.0}
2026-06-02 14:45:14.393 - [robot_6_log_20260602_144504.csv] - DEBUG - Incoming data. Topic 6/pos, mensaje {"x": 84.29, "y": 140.6, "yaw": 0.554, "timestamp": 1780404314.3878152}
2026-06-02 14:45:14.398 - [robot_6_log_20260602_144504.csv] - DEBUG - Posición actualizada por visión: x=84.29, y=140.60, θ=0.55
2026-06-02 14:45:14.403 - [robot_6_log_20260602_144504.csv] - DEBUG - Frecuencia: 64.21 Hz | Latencia Red/Proc: 16.16 ms
2026-06-02 14:45:14.420 - [robot_6_log_20260602_144504.csv] - DEBUG - Incoming data. Topic 6/pos, mensaje {"x": 84.29, "y": 140.6, "yaw": 0.554, "timestamp": 1780404314.4001172}
2026-06-02 14:45:14.420 - [robot_6_log_20260602_144504.csv] - DEBUG - Posición actualizada por visión: x=84.29, y=140.60, θ=0.55
2026-06-02 14:45:14.425 - [robot_6_log_20260602_144504.csv] - DEBUG - Frecuencia: 46.60 Hz | Latencia Red/Proc: 25.32 ms
2026-06-02 14:45:14.431 - [robot_6_log_20260602_144504.csv] - INFO - Usando posición VISION: x=84.29, y=140.60, θ=0.55
2026-06-02 14:45:14.432 - [robot_6_log_20260602_144504.csv] - INFO - Distancias a paredes: Left: 84.29, Right: 365.71, Top: -0.60, Bottom: 140.60
2026-06-02 14:45:14.432 - [robot_6_log_20260602_144504.csv] - INFO - Posicion: 84.29, 140.6, 0.554 | Velocidad: -0.5260931364330534, 0.8504269585320262
2026-06-02 14:45:14.432 - [robot_6_log_20260602_144504.csv] - DEBUG - Incoming data. Topic 6/pos, mensaje {"x": 84.29, "y": 140.6, "yaw": 0.554, "timestamp": 1780404314.4001172}
2026-06-02 14:45:14.432 - [robot_6_log_20260602_144504.csv] - CRITICAL - Pared muy cercana [84.29, 365.71, -0.5999999999999943, 140.6]
2026-06-02 14:45:14.432 - [robot_6_log_20260602_144504.csv] - DEBUG - Posición actualizada por visión: x=84.29, y=140.60, θ=0.55
2026-06-02 14:45:14.432 - [robot_6_log_20260602_144504.csv] - INFO - ARRIBA
2026-06-02 14:45:14.432 - [robot_6_log_20260602_144504.csv] - DEBUG - Frecuencia: 147.25 Hz | Latencia Red/Proc: 32.11 ms
2026-06-02 14:45:14.432 - [robot_6_log_20260602_144504.csv] - WARNING - Estado FSM: PARANDO_PARA_RETROCEDER | Target Wall: ARRIBA | Target Theta: 168.97° |theta: 31.74186185024761 
2026-06-02 14:45:14.443 - [robot_6_log_20260602_144504.csv] - DEBUG - Incoming data. Topic agent/6/wheel, mensaje {"Wleft":-7.6716411e-15,"Wright":20}
2026-06-02 14:45:14.448 - [robot_6_log_20260602_144504.csv] - DEBUG - Despachado a ZMQ -> agent/6/move: {'v': 0.0, 'w': 0.0}
2026-06-02 14:45:14.481 - [robot_6_log_20260602_144504.csv] - INFO - Usando posición VISION: x=84.29, y=140.60, θ=0.55
2026-06-02 14:45:14.482 - [robot_6_log_20260602_144504.csv] - INFO - Distancias a paredes: Left: 84.29, Right: 365.71, Top: -0.60, Bottom: 140.60
2026-06-02 14:45:14.482 - [robot_6_log_20260602_144504.csv] - INFO - Posicion: 84.29, 140.6, 0.554 | Velocidad: -0.5260931364330534, 0.8504269585320262
2026-06-02 14:45:14.482 - [robot_6_log_20260602_144504.csv] - CRITICAL - Pared muy cercana [84.29, 365.71, -0.5999999999999943, 140.6]
2026-06-02 14:45:14.482 - [robot_6_log_20260602_144504.csv] - INFO - ARRIBA
2026-06-02 14:45:14.482 - [robot_6_log_20260602_144504.csv] - WARNING - Timer: 0.04986166954040527
2026-06-02 14:45:14.482 - [robot_6_log_20260602_144504.csv] - WARNING - Estado FSM: PARANDO_PARA_RETROCEDER | Target Wall: ARRIBA | Target Theta: 168.97° |theta: 31.74186185024761 
2026-06-02 14:45:14.488 - [robot_6_log_20260602_144504.csv] - DEBUG - Incoming data. Topic 6/pos, mensaje {"x": 85.95, "y": 139.54, "yaw": 0.302, "timestamp": 1780404314.4839656}
2026-06-02 14:45:14.493 - [robot_6_log_20260602_144504.csv] - DEBUG - Posición actualizada por visión: x=85.95, y=139.54, θ=0.30
2026-06-02 14:45:14.498 - [robot_6_log_20260602_144504.csv] - DEBUG - Frecuencia: 15.10 Hz | Latencia Red/Proc: 14.48 ms
2026-06-02 14:45:14.508 - [robot_6_log_20260602_144504.csv] - DEBUG - Incoming data. Topic 6/pos, mensaje {"x": 85.95, "y": 139.54, "yaw": 0.302, "timestamp": 1780404314.4839656}
2026-06-02 14:45:14.513 - [robot_6_log_20260602_144504.csv] - DEBUG - Posición actualizada por visión: x=85.95, y=139.54, θ=0.30
2026-06-02 14:45:14.518 - [robot_6_log_20260602_144504.csv] - DEBUG - Frecuencia: 48.82 Hz | Latencia Red/Proc: 34.97 ms
2026-06-02 14:45:14.531 - [robot_6_log_20260602_144504.csv] - INFO - Usando posición VISION: x=85.95, y=139.54, θ=0.30
2026-06-02 14:45:14.531 - [robot_6_log_20260602_144504.csv] - INFO - Distancias a paredes: Left: 85.95, Right: 364.05, Top: 0.46, Bottom: 139.54
2026-06-02 14:45:14.532 - [robot_6_log_20260602_144504.csv] - INFO - Posicion: 85.95, 139.54, 0.302 | Velocidad: -0.29743028732559273, 0.9547435384339689
2026-06-02 14:45:14.532 - [robot_6_log_20260602_144504.csv] - DEBUG - Incoming data. Topic 6/pos, mensaje {"x": 85.95, "y": 139.54, "yaw": 0.302, "timestamp": 1780404314.4946194}
2026-06-02 14:45:14.532 - [robot_6_log_20260602_144504.csv] - CRITICAL - Pared muy cercana [85.95, 364.05, 0.46000000000000796, 139.54]
2026-06-02 14:45:14.532 - [robot_6_log_20260602_144504.csv] - DEBUG - Posición actualizada por visión: x=85.95, y=139.54, θ=0.30
2026-06-02 14:45:14.532 - [robot_6_log_20260602_144504.csv] - INFO - ARRIBA
2026-06-02 14:45:14.532 - [robot_6_log_20260602_144504.csv] - DEBUG - Frecuencia: 75.23 Hz | Latencia Red/Proc: 37.60 ms
2026-06-02 14:45:14.532 - [robot_6_log_20260602_144504.csv] - WARNING - Timer: 0.10000061988830566
2026-06-02 14:45:14.532 - [robot_6_log_20260602_144504.csv] - WARNING - Estado FSM: PARANDO_PARA_RETROCEDER | Target Wall: ARRIBA | Target Theta: 168.97° |theta: 17.303325412950862 
2026-06-02 14:45:14.542 - [robot_6_log_20260602_144504.csv] - DEBUG - Incoming data. Topic agent/6/wheel, mensaje {"Wleft":4.043321524,"Wright":20}
2026-06-02 14:45:14.547 - [robot_6_log_20260602_144504.csv] - DEBUG - Incoming data. Topic 6/pos, mensaje {"x": 85.95, "y": 139.54, "yaw": 0.302, "timestamp": 1780404314.4946194}
2026-06-02 14:45:14.547 - [robot_6_log_20260602_144504.csv] - DEBUG - Posición actualizada por visión: x=85.95, y=139.54, θ=0.30
2026-06-02 14:45:14.547 - [robot_6_log_20260602_144504.csv] - DEBUG - Frecuencia: 64.54 Hz | Latencia Red/Proc: 53.10 ms
2026-06-02 14:45:14.581 - [robot_6_log_20260602_144504.csv] - INFO - Usando posición VISION: x=85.95, y=139.54, θ=0.30
2026-06-02 14:45:14.582 - [robot_6_log_20260602_144504.csv] - INFO - Distancias a paredes: Left: 85.95, Right: 364.05, Top: 0.46, Bottom: 139.54
2026-06-02 14:45:14.582 - [robot_6_log_20260602_144504.csv] - INFO - Posicion: 85.95, 139.54, 0.302 | Velocidad: -0.29743028732559273, 0.9547435384339689
2026-06-02 14:45:14.582 - [robot_6_log_20260602_144504.csv] - CRITICAL - Pared muy cercana [85.95, 364.05, 0.46000000000000796, 139.54]
2026-06-02 14:45:14.582 - [robot_6_log_20260602_144504.csv] - INFO - ARRIBA
2026-06-02 14:45:14.582 - [robot_6_log_20260602_144504.csv] - WARNING - Timer: 0.1498880386352539
2026-06-02 14:45:14.582 - [robot_6_log_20260602_144504.csv] - WARNING - Estado FSM: PARANDO_PARA_RETROCEDER | Target Wall: ARRIBA | Target Theta: 168.97° |theta: 17.303325412950862 
2026-06-02 14:45:14.588 - [robot_6_log_20260602_144504.csv] - DEBUG - Incoming data. Topic 6/pos, mensaje {"x": 87.18, "y": 138.24, "yaw": 0.07, "timestamp": 1780404314.5853045}
2026-06-02 14:45:14.588 - [robot_6_log_20260602_144504.csv] - DEBUG - Posición actualizada por visión: x=87.18, y=138.24, θ=0.07
2026-06-02 14:45:14.588 - [robot_6_log_20260602_144504.csv] - DEBUG - Frecuencia: 24.66 Hz | Latencia Red/Proc: 2.96 ms
2026-06-02 14:45:14.588 - [robot_6_log_20260602_144504.csv] - DEBUG - Incoming data. Topic 6/pos, mensaje {"x": 87.18, "y": 138.24, "yaw": 0.07, "timestamp": 1780404314.5853045}
2026-06-02 14:45:14.588 - [robot_6_log_20260602_144504.csv] - DEBUG - Posición actualizada por visión: x=87.18, y=138.24, θ=0.07
2026-06-02 14:45:14.588 - [robot_6_log_20260602_144504.csv] - DEBUG - Frecuencia: 23301.69 Hz | Latencia Red/Proc: 3.01 ms
2026-06-02 14:45:14.599 - [robot_6_log_20260602_144504.csv] - DEBUG - Incoming data. Topic 6/pos, mensaje {"x": 87.18, "y": 138.24, "yaw": 0.07, "timestamp": 1780404314.5979958}
2026-06-02 14:45:14.599 - [robot_6_log_20260602_144504.csv] - DEBUG - Posición actualizada por visión: x=87.18, y=138.24, θ=0.07
2026-06-02 14:45:14.599 - [robot_6_log_20260602_144504.csv] - DEBUG - Frecuencia: 87.46 Hz | Latencia Red/Proc: 1.75 ms
2026-06-02 14:45:14.604 - [robot_6_log_20260602_144504.csv] - DEBUG - Incoming data. Topic 6/pos, mensaje {"x": 87.18, "y": 138.24, "yaw": 0.07, "timestamp": 1780404314.5979958}
2026-06-02 14:45:14.610 - [robot_6_log_20260602_144504.csv] - DEBUG - Posición actualizada por visión: x=87.18, y=138.24, θ=0.07
2026-06-02 14:45:14.616 - [robot_6_log_20260602_144504.csv] - DEBUG - Frecuencia: 60.91 Hz | Latencia Red/Proc: 18.17 ms
2026-06-02 14:45:14.631 - [robot_6_log_20260602_144504.csv] - INFO - Usando posición VISION: x=87.18, y=138.24, θ=0.07
2026-06-02 14:45:14.631 - [robot_6_log_20260602_144504.csv] - INFO - Distancias a paredes: Left: 87.18, Right: 362.82, Top: 1.76, Bottom: 138.24
2026-06-02 14:45:14.632 - [robot_6_log_20260602_144504.csv] - INFO - Posicion: 87.18, 138.24, 0.07 | Velocidad: -0.06994284733753277, 0.9975510002532796
2026-06-02 14:45:14.632 - [robot_6_log_20260602_144504.csv] - CRITICAL - Pared muy cercana [87.18, 362.82, 1.759999999999991, 138.24]
2026-06-02 14:45:14.632 - [robot_6_log_20260602_144504.csv] - INFO - ARRIBA
2026-06-02 14:45:14.632 - [robot_6_log_20260602_144504.csv] - WARNING - Timer: 0.19984221458435059
2026-06-02 14:45:14.632 - [robot_6_log_20260602_144504.csv] - WARNING - Estado FSM: PARANDO_PARA_RETROCEDER | Target Wall: ARRIBA | Target Theta: 168.97° |theta: 4.010704565915763 
2026-06-02 14:45:14.649 - [robot_6_log_20260602_144504.csv] - DEBUG - Incoming data. Topic agent/6/wheel, mensaje {"Wleft":6.041220588,"Wright":18}
2026-06-02 14:45:14.681 - [robot_6_log_20260602_144504.csv] - INFO - Usando posición VISION: x=87.18, y=138.24, θ=0.07
2026-06-02 14:45:14.682 - [robot_6_log_20260602_144504.csv] - INFO - Distancias a paredes: Left: 87.18, Right: 362.82, Top: 1.76, Bottom: 138.24
2026-06-02 14:45:14.682 - [robot_6_log_20260602_144504.csv] - INFO - Posicion: 87.18, 138.24, 0.07 | Velocidad: -0.06994284733753277, 0.9975510002532796
2026-06-02 14:45:14.682 - [robot_6_log_20260602_144504.csv] - CRITICAL - Pared muy cercana [87.18, 362.82, 1.759999999999991, 138.24]
2026-06-02 14:45:14.682 - [robot_6_log_20260602_144504.csv] - INFO - ARRIBA
2026-06-02 14:45:14.682 - [robot_6_log_20260602_144504.csv] - WARNING - Timer: 0.24990105628967285
2026-06-02 14:45:14.682 - [robot_6_log_20260602_144504.csv] - WARNING - Estado FSM: PARANDO_PARA_RETROCEDER | Target Wall: ARRIBA | Target Theta: 168.97° |theta: 4.010704565915763 
2026-06-02 14:45:14.692 - [robot_6_log_20260602_144504.csv] - DEBUG - Incoming data. Topic 6/pos, mensaje {"x": 87.85, "y": 137.42, "yaw": -0.092, "timestamp": 1780404314.6817229}
2026-06-02 14:45:14.697 - [robot_6_log_20260602_144504.csv] - DEBUG - Posición actualizada por visión: x=87.85, y=137.42, θ=-0.09
2026-06-02 14:45:14.704 - [robot_6_log_20260602_144504.csv] - DEBUG - Frecuencia: 11.37 Hz | Latencia Red/Proc: 22.36 ms
2026-06-02 14:45:14.709 - [robot_6_log_20260602_144504.csv] - DEBUG - Incoming data. Topic 6/pos, mensaje {"x": 87.85, "y": 137.42, "yaw": -0.092, "timestamp": 1780404314.6817229}
2026-06-02 14:45:14.709 - [robot_6_log_20260602_144504.csv] - DEBUG - Posición actualizada por visión: x=87.85, y=137.42, θ=-0.09
2026-06-02 14:45:14.714 - [robot_6_log_20260602_144504.csv] - DEBUG - Frecuencia: 96.75 Hz | Latencia Red/Proc: 32.70 ms
2026-06-02 14:45:14.731 - [robot_6_log_20260602_144504.csv] - DEBUG - Incoming data. Topic 6/pos, mensaje {"x": 87.85, "y": 137.42, "yaw": -0.092, "timestamp": 1780404314.691953}
2026-06-02 14:45:14.731 - [robot_6_log_20260602_144504.csv] - INFO - Usando posición VISION: x=87.85, y=137.42, θ=-0.09
2026-06-02 14:45:14.732 - [robot_6_log_20260602_144504.csv] - DEBUG - Posición actualizada por visión: x=87.85, y=137.42, θ=-0.09
2026-06-02 14:45:14.732 - [robot_6_log_20260602_144504.csv] - INFO - Distancias a paredes: Left: 87.85, Right: 362.15, Top: 2.58, Bottom: 137.42
2026-06-02 14:45:14.732 - [robot_6_log_20260602_144504.csv] - DEBUG - Frecuencia: 56.68 Hz | Latencia Red/Proc: 40.11 ms
2026-06-02 14:45:14.732 - [robot_6_log_20260602_144504.csv] - INFO - Posicion: 87.85, 137.42, -0.092 | Velocidad: 0.09187027357905984, 0.9957709841286342
2026-06-02 14:45:14.732 - [robot_6_log_20260602_144504.csv] - DEBUG - Incoming data. Topic 6/pos, mensaje {"x": 87.85, "y": 137.42, "yaw": -0.092, "timestamp": 1780404314.691953}
2026-06-02 14:45:14.732 - [robot_6_log_20260602_144504.csv] - DEBUG - Posición actualizada por visión: x=87.85, y=137.42, θ=-0.09
2026-06-02 14:45:14.732 - [robot_6_log_20260602_144504.csv] - DEBUG - Frecuencia: 6533.18 Hz | Latencia Red/Proc: 40.27 ms
2026-06-02 14:45:14.732 - [robot_6_log_20260602_144504.csv] - CRITICAL - Pared muy cercana [87.85, 362.15, 2.5800000000000125, 137.42]
2026-06-02 14:45:14.732 - [robot_6_log_20260602_144504.csv] - INFO - ARRIBA
2026-06-02 14:45:14.732 - [robot_6_log_20260602_144504.csv] - WARNING - Timer: 0.30000805854797363
2026-06-02 14:45:14.732 - [robot_6_log_20260602_144504.csv] - WARNING - Estado FSM: PARANDO_PARA_RETROCEDER | Target Wall: ARRIBA | Target Theta: 168.97° |theta: -5.271211715203574 
2026-06-02 14:45:14.749 - [robot_6_log_20260602_144504.csv] - DEBUG - Incoming data. Topic agent/6/wheel, mensaje {"Wleft":2.044655749,"Wright":-1.98951966e-14}
2026-06-02 14:45:14.781 - [robot_6_log_20260602_144504.csv] - INFO - Usando posición VISION: x=87.85, y=137.42, θ=-0.09
2026-06-02 14:45:14.782 - [robot_6_log_20260602_144504.csv] - INFO - Distancias a paredes: Left: 87.85, Right: 362.15, Top: 2.58, Bottom: 137.42
2026-06-02 14:45:14.782 - [robot_6_log_20260602_144504.csv] - INFO - Posicion: 87.85, 137.42, -0.092 | Velocidad: 0.09187027357905984, 0.9957709841286342
2026-06-02 14:45:14.782 - [robot_6_log_20260602_144504.csv] - CRITICAL - Pared muy cercana [87.85, 362.15, 2.5800000000000125, 137.42]
2026-06-02 14:45:14.782 - [robot_6_log_20260602_144504.csv] - INFO - ARRIBA
2026-06-02 14:45:14.782 - [robot_6_log_20260602_144504.csv] - WARNING - Timer: 0.35010600090026855
2026-06-02 14:45:14.782 - [robot_6_log_20260602_144504.csv] - WARNING - Estado FSM: PARANDO_PARA_RETROCEDER | Target Wall: ARRIBA | Target Theta: 168.97° |theta: -5.271211715203574 
2026-06-02 14:45:14.793 - [robot_6_log_20260602_144504.csv] - DEBUG - Incoming data. Topic 6/pos, mensaje {"x": 88.16, "y": 137.35, "yaw": -0.177, "timestamp": 1780404314.7882924}
2026-06-02 14:45:14.798 - [robot_6_log_20260602_144504.csv] - DEBUG - Posición actualizada por visión: x=88.16, y=137.35, θ=-0.18
2026-06-02 14:45:14.799 - [robot_6_log_20260602_144504.csv] - DEBUG - Frecuencia: 14.97 Hz | Latencia Red/Proc: 10.71 ms
2026-06-02 14:45:14.809 - [robot_6_log_20260602_144504.csv] - DEBUG - Incoming data. Topic 6/pos, mensaje {"x": 88.16, "y": 137.35, "yaw": -0.177, "timestamp": 1780404314.7882924}
2026-06-02 14:45:14.814 - [robot_6_log_20260602_144504.csv] - DEBUG - Posición actualizada por visión: x=88.16, y=137.35, θ=-0.18
2026-06-02 14:45:14.814 - [robot_6_log_20260602_144504.csv] - DEBUG - Frecuencia: 65.17 Hz | Latencia Red/Proc: 26.06 ms
2026-06-02 14:45:14.819 - [robot_6_log_20260602_144504.csv] - DEBUG - Incoming data. Topic 6/pos, mensaje {"x": 88.16, "y": 137.35, "yaw": -0.177, "timestamp": 1780404314.800475}
2026-06-02 14:45:14.819 - [robot_6_log_20260602_144504.csv] - DEBUG - Posición actualizada por visión: x=88.16, y=137.35, θ=-0.18
2026-06-02 14:45:14.819 - [robot_6_log_20260602_144504.csv] - DEBUG - Frecuencia: 193.60 Hz | Latencia Red/Proc: 19.04 ms
2026-06-02 14:45:14.831 - [robot_6_log_20260602_144504.csv] - INFO - Usando posición VISION: x=88.16, y=137.35, θ=-0.18
2026-06-02 14:45:14.831 - [robot_6_log_20260602_144504.csv] - INFO - Distancias a paredes: Left: 88.16, Right: 361.84, Top: 2.65, Bottom: 137.35
2026-06-02 14:45:14.832 - [robot_6_log_20260602_144504.csv] - INFO - Posicion: 88.16, 137.35, -0.177 | Velocidad: 0.17607724114227824, 0.984376353409469
2026-06-02 14:45:14.832 - [robot_6_log_20260602_144504.csv] - CRITICAL - Pared muy cercana [88.16, 361.84000000000003, 2.6500000000000057, 137.35]
2026-06-02 14:45:14.832 - [robot_6_log_20260602_144504.csv] - INFO - ARRIBA
2026-06-02 14:45:14.832 - [robot_6_log_20260602_144504.csv] - WARNING - Timer: 0.399855375289917
2026-06-02 14:45:14.832 - [robot_6_log_20260602_144504.csv] - WARNING - Estado FSM: PARANDO_PARA_RETROCEDER | Target Wall: ARRIBA | Target Theta: 168.97° |theta: -10.14135297381557 
2026-06-02 14:45:14.849 - [robot_6_log_20260602_144504.csv] - DEBUG - Incoming data. Topic 6/pos, mensaje {"x": 88.16, "y": 137.35, "yaw": -0.177, "timestamp": 1780404314.800475}
2026-06-02 14:45:14.854 - [robot_6_log_20260602_144504.csv] - DEBUG - Posición actualizada por visión: x=88.16, y=137.35, θ=-0.18
2026-06-02 14:45:14.860 - [robot_6_log_20260602_144504.csv] - DEBUG - Frecuencia: 24.18 Hz | Latencia Red/Proc: 60.40 ms
2026-06-02 14:45:14.881 - [robot_6_log_20260602_144504.csv] - INFO - Usando posición VISION: x=88.16, y=137.35, θ=-0.18
2026-06-02 14:45:14.882 - [robot_6_log_20260602_144504.csv] - INFO - Distancias a paredes: Left: 88.16, Right: 361.84, Top: 2.65, Bottom: 137.35
2026-06-02 14:45:14.882 - [robot_6_log_20260602_144504.csv] - INFO - Posicion: 88.16, 137.35, -0.177 | Velocidad: 0.17607724114227824, 0.984376353409469
2026-06-02 14:45:14.882 - [robot_6_log_20260602_144504.csv] - CRITICAL - Pared muy cercana [88.16, 361.84000000000003, 2.6500000000000057, 137.35]
2026-06-02 14:45:14.882 - [robot_6_log_20260602_144504.csv] - INFO - ARRIBA
2026-06-02 14:45:14.882 - [robot_6_log_20260602_144504.csv] - WARNING - Timer: 0.44989013671875
2026-06-02 14:45:14.882 - [robot_6_log_20260602_144504.csv] - WARNING - Estado FSM: PARANDO_PARA_RETROCEDER | Target Wall: ARRIBA | Target Theta: 168.97° |theta: -10.14135297381557 
2026-06-02 14:45:14.893 - [robot_6_log_20260602_144504.csv] - DEBUG - Incoming data. Topic 6/pos, mensaje {"x": 88.16, "y": 137.37, "yaw": -0.179, "timestamp": 1780404314.883614}
2026-06-02 14:45:14.898 - [robot_6_log_20260602_144504.csv] - DEBUG - Posición actualizada por visión: x=88.16, y=137.37, θ=-0.18
2026-06-02 14:45:14.898 - [robot_6_log_20260602_144504.csv] - DEBUG - Frecuencia: 26.45 Hz | Latencia Red/Proc: 15.07 ms
2026-06-02 14:45:14.898 - [robot_6_log_20260602_144504.csv] - DEBUG - Incoming data. Topic 6/pos, mensaje {"x": 88.16, "y": 137.37, "yaw": -0.179, "timestamp": 1780404314.883614}
2026-06-02 14:45:14.898 - [robot_6_log_20260602_144504.csv] - DEBUG - Posición actualizada por visión: x=88.16, y=137.37, θ=-0.18
2026-06-02 14:45:14.898 - [robot_6_log_20260602_144504.csv] - DEBUG - Frecuencia: 8811.56 Hz | Latencia Red/Proc: 15.19 ms
2026-06-02 14:45:14.909 - [robot_6_log_20260602_144504.csv] - DEBUG - Incoming data. Topic 6/pos, mensaje {"x": 88.16, "y": 137.37, "yaw": -0.179, "timestamp": 1780404314.8954566}
2026-06-02 14:45:14.914 - [robot_6_log_20260602_144504.csv] - DEBUG - Posición actualizada por visión: x=88.16, y=137.37, θ=-0.18
2026-06-02 14:45:14.919 - [robot_6_log_20260602_144504.csv] - DEBUG - Frecuencia: 48.47 Hz | Latencia Red/Proc: 23.98 ms
2026-06-02 14:45:14.919 - [robot_6_log_20260602_144504.csv] - DEBUG - Incoming data. Topic 6/pos, mensaje {"x": 88.16, "y": 137.37, "yaw": -0.179, "timestamp": 1780404314.8954566}
2026-06-02 14:45:14.919 - [robot_6_log_20260602_144504.csv] - DEBUG - Posición actualizada por visión: x=88.16, y=137.37, θ=-0.18
2026-06-02 14:45:14.924 - [robot_6_log_20260602_144504.csv] - DEBUG - Frecuencia: 192.64 Hz | Latencia Red/Proc: 29.17 ms
2026-06-02 14:45:14.931 - [robot_6_log_20260602_144504.csv] - INFO - Usando posición VISION: x=88.16, y=137.37, θ=-0.18
2026-06-02 14:45:14.932 - [robot_6_log_20260602_144504.csv] - INFO - Distancias a paredes: Left: 88.16, Right: 361.84, Top: 2.63, Bottom: 137.37
2026-06-02 14:45:14.932 - [robot_6_log_20260602_144504.csv] - INFO - Posicion: 88.16, 137.37, -0.179 | Velocidad: 0.17804564038223072, 0.9840222304099036
2026-06-02 14:45:14.932 - [robot_6_log_20260602_144504.csv] - CRITICAL - Pared muy cercana [88.16, 361.84000000000003, 2.6299999999999955, 137.37]
2026-06-02 14:45:14.932 - [robot_6_log_20260602_144504.csv] - INFO - ARRIBA
2026-06-02 14:45:14.932 - [robot_6_log_20260602_144504.csv] - WARNING - Timer: 0.4998629093170166
2026-06-02 14:45:14.932 - [robot_6_log_20260602_144504.csv] - WARNING - Estado FSM: PARANDO_PARA_RETROCEDER | Target Wall: ARRIBA | Target Theta: 168.97° |theta: -10.255944532841735 
2026-06-02 14:45:14.943 - [robot_6_log_20260602_144504.csv] - DEBUG - Incoming data. Topic agent/6/wheel, mensaje {"Wleft":-8.656964035e-15,"Wright":-1.98951966e-14}
2026-06-02 14:45:14.943 - [robot_6_log_20260602_144504.csv] - DEBUG - Incoming data. Topic agent/6/wheel, mensaje {"Wleft":-8.656964035e-15,"Wright":-1.98951966e-14}
2026-06-02 14:45:14.981 - [robot_6_log_20260602_144504.csv] - INFO - Usando posición VISION: x=88.16, y=137.37, θ=-0.18
2026-06-02 14:45:14.982 - [robot_6_log_20260602_144504.csv] - INFO - Distancias a paredes: Left: 88.16, Right: 361.84, Top: 2.63, Bottom: 137.37
2026-06-02 14:45:14.982 - [robot_6_log_20260602_144504.csv] - INFO - Posicion: 88.16, 137.37, -0.179 | Velocidad: 0.17804564038223072, 0.9840222304099036
2026-06-02 14:45:14.982 - [robot_6_log_20260602_144504.csv] - CRITICAL - Pared muy cercana [88.16, 361.84000000000003, 2.6299999999999955, 137.37]
2026-06-02 14:45:14.982 - [robot_6_log_20260602_144504.csv] - INFO - ARRIBA
2026-06-02 14:45:14.982 - [robot_6_log_20260602_144504.csv] - WARNING - Timer: 0.5498430728912354
2026-06-02 14:45:14.982 - [robot_6_log_20260602_144504.csv] - WARNING - Estado FSM: RETROCEDE | Target Wall: ARRIBA | Target Theta: 168.97° |theta: -10.255944532841735 
2026-06-02 14:45:14.992 - [robot_6_log_20260602_144504.csv] - DEBUG - Incoming data. Topic 6/pos, mensaje {"x": 88.16, "y": 137.36, "yaw": -0.176, "timestamp": 1780404314.9854982}
2026-06-02 14:45:14.997 - [robot_6_log_20260602_144504.csv] - DEBUG - Despachado a ZMQ -> agent/6/move: {'v': -30, 'w': 0.0}
2026-06-02 14:45:15.002 - [robot_6_log_20260602_144504.csv] - DEBUG - Posición actualizada por visión: x=88.16, y=137.36, θ=-0.18
2026-06-02 14:45:15.023 - [robot_6_log_20260602_144504.csv] - DEBUG - Frecuencia: 10.11 Hz | Latencia Red/Proc: 38.08 ms
2026-06-02 14:45:15.031 - [robot_6_log_20260602_144504.csv] - INFO - Usando posición VISION: x=88.16, y=137.36, θ=-0.18
2026-06-02 14:45:15.032 - [robot_6_log_20260602_144504.csv] - INFO - Distancias a paredes: Left: 88.16, Right: 361.84, Top: 2.64, Bottom: 137.36
2026-06-02 14:45:15.032 - [robot_6_log_20260602_144504.csv] - INFO - Posicion: 88.16, 137.36, -0.176 | Velocidad: 0.17509277691431824, 0.9845519384331295
2026-06-02 14:45:15.032 - [robot_6_log_20260602_144504.csv] - CRITICAL - Pared muy cercana [88.16, 361.84000000000003, 2.6399999999999864, 137.36]
2026-06-02 14:45:15.032 - [robot_6_log_20260602_144504.csv] - INFO - ARRIBA
2026-06-02 14:45:15.032 - [robot_6_log_20260602_144504.csv] - WARNING - Estado FSM: RETROCEDE | Target Wall: ARRIBA | Target Theta: 168.97° |theta: -10.084057194302488 
2026-06-02 14:45:15.037 - [robot_6_log_20260602_144504.csv] - DEBUG - Incoming data. Topic 6/pos, mensaje {"x": 88.16, "y": 137.36, "yaw": -0.176, "timestamp": 1780404314.9854982}
2026-06-02 14:45:15.042 - [robot_6_log_20260602_144504.csv] - DEBUG - Posición actualizada por visión: x=88.16, y=137.36, θ=-0.18
2026-06-02 14:45:15.058 - [robot_6_log_20260602_144504.csv] - DEBUG - Frecuencia: 28.68 Hz | Latencia Red/Proc: 72.95 ms
2026-06-02 14:45:15.069 - [robot_6_log_20260602_144504.csv] - DEBUG - Incoming data. Topic 6/pos, mensaje {"x": 88.16, "y": 137.36, "yaw": -0.176, "timestamp": 1780404314.9975047}
2026-06-02 14:45:15.075 - [robot_6_log_20260602_144504.csv] - DEBUG - Posición actualizada por visión: x=88.16, y=137.36, θ=-0.18
2026-06-02 14:45:15.080 - [robot_6_log_20260602_144504.csv] - DEBUG - Frecuencia: 46.03 Hz | Latencia Red/Proc: 82.67 ms
2026-06-02 14:45:15.081 - [robot_6_log_20260602_144504.csv] - INFO - Usando posición VISION: x=88.16, y=137.36, θ=-0.18
2026-06-02 14:45:15.082 - [robot_6_log_20260602_144504.csv] - INFO - Distancias a paredes: Left: 88.16, Right: 361.84, Top: 2.64, Bottom: 137.36
2026-06-02 14:45:15.082 - [robot_6_log_20260602_144504.csv] - INFO - Posicion: 88.16, 137.36, -0.176 | Velocidad: 0.17509277691431824, 0.9845519384331295
2026-06-02 14:45:15.082 - [robot_6_log_20260602_144504.csv] - DEBUG - Incoming data. Topic 6/pos, mensaje agent/6/move
2026-06-02 14:45:15.082 - [robot_6_log_20260602_144504.csv] - CRITICAL - Pared muy cercana [88.16, 361.84000000000003, 2.6399999999999864, 137.36]
2026-06-02 14:45:15.082 - [robot_6_log_20260602_144504.csv] - ERROR - Error al descodificar: Expecting value: line 1 column 1 (char 0)
2026-06-02 14:45:15.082 - [robot_6_log_20260602_144504.csv] - INFO - ARRIBA
2026-06-02 14:45:15.082 - [robot_6_log_20260602_144504.csv] - DEBUG - Incoming data. Topic {"v": -30, "w": 0.0}, mensaje agent/6/wheel
2026-06-02 14:45:15.082 - [robot_6_log_20260602_144504.csv] - DEBUG - Incoming data. Topic {"Wleft":-8.656964035e-15,"Wright":-1.98951966e-14}, mensaje 6/pos
2026-06-02 14:45:15.082 - [robot_6_log_20260602_144504.csv] - WARNING - Estado FSM: RETROCEDE | Target Wall: ARRIBA | Target Theta: 168.97° |theta: -10.084057194302488 
2026-06-02 14:45:15.082 - [robot_6_log_20260602_144504.csv] - DEBUG - Incoming data. Topic {"x": 88.15, "y": 137.36, "yaw": -0.178, "timestamp": 1780404315.0811152}, mensaje 6/pos
2026-06-02 14:45:15.099 - [robot_6_log_20260602_144504.csv] - DEBUG - Incoming data. Topic {"x": 88.15, "y": 137.36, "yaw": -0.178, "timestamp": 1780404315.0811152}, mensaje 6/pos
2026-06-02 14:45:15.104 - [robot_6_log_20260602_144504.csv] - DEBUG - Incoming data. Topic {"x": 88.15, "y": 137.36, "yaw": -0.178, "timestamp": 1780404315.0915813}, mensaje 6/pos
2026-06-02 14:45:15.131 - [robot_6_log_20260602_144504.csv] - INFO - Usando posición VISION: x=88.16, y=137.36, θ=-0.18
2026-06-02 14:45:15.132 - [robot_6_log_20260602_144504.csv] - INFO - Distancias a paredes: Left: 88.16, Right: 361.84, Top: 2.64, Bottom: 137.36
2026-06-02 14:45:15.132 - [robot_6_log_20260602_144504.csv] - INFO - Posicion: 88.16, 137.36, -0.176 | Velocidad: 0.17509277691431824, 0.9845519384331295
2026-06-02 14:45:15.132 - [robot_6_log_20260602_144504.csv] - CRITICAL - Pared muy cercana [88.16, 361.84000000000003, 2.6399999999999864, 137.36]
2026-06-02 14:45:15.132 - [robot_6_log_20260602_144504.csv] - INFO - ARRIBA
2026-06-02 14:45:15.132 - [robot_6_log_20260602_144504.csv] - WARNING - Estado FSM: RETROCEDE | Target Wall: ARRIBA | Target Theta: 168.97° |theta: -10.084057194302488 
2026-06-02 14:45:15.149 - [robot_6_log_20260602_144504.csv] - DEBUG - Incoming data. Topic {"x": 88.15, "y": 137.36, "yaw": -0.178, "timestamp": 1780404315.0915813}, mensaje agent/6/wheel
2026-06-02 14:45:15.181 - [robot_6_log_20260602_144504.csv] - INFO - Usando posición VISION: x=88.16, y=137.36, θ=-0.18
2026-06-02 14:45:15.182 - [robot_6_log_20260602_144504.csv] - INFO - Distancias a paredes: Left: 88.16, Right: 361.84, Top: 2.64, Bottom: 137.36
2026-06-02 14:45:15.182 - [robot_6_log_20260602_144504.csv] - INFO - Posicion: 88.16, 137.36, -0.176 | Velocidad: 0.17509277691431824, 0.9845519384331295
2026-06-02 14:45:15.182 - [robot_6_log_20260602_144504.csv] - CRITICAL - Pared muy cercana [88.16, 361.84000000000003, 2.6399999999999864, 137.36]
2026-06-02 14:45:15.182 - [robot_6_log_20260602_144504.csv] - INFO - ARRIBA
2026-06-02 14:45:15.182 - [robot_6_log_20260602_144504.csv] - WARNING - Estado FSM: RETROCEDE | Target Wall: ARRIBA | Target Theta: 168.97° |theta: -10.084057194302488 
2026-06-02 14:45:15.193 - [robot_6_log_20260602_144504.csv] - DEBUG - Incoming data. Topic {"Wleft":6.045292318,"Wright":16}, mensaje 6/pos
2026-06-02 14:45:15.198 - [robot_6_log_20260602_144504.csv] - DEBUG - Incoming data. Topic {"x": 88.15, "y": 137.37, "yaw": -0.174, "timestamp": 1780404315.1894104}, mensaje 6/pos
2026-06-02 14:45:15.203 - [robot_6_log_20260602_144504.csv] - DEBUG - Incoming data. Topic {"x": 88.15, "y": 137.37, "yaw": -0.174, "timestamp": 1780404315.1894104}, mensaje 6/pos
2026-06-02 14:45:15.209 - [robot_6_log_20260602_144504.csv] - DEBUG - Incoming data. Topic {"x": 88.15, "y": 137.37, "yaw": -0.174, "timestamp": 1780404315.1991093}, mensaje 6/pos
2026-06-02 14:45:15.231 - [robot_6_log_20260602_144504.csv] - INFO - Usando posición VISION: x=88.16, y=137.36, θ=-0.18
2026-06-02 14:45:15.232 - [robot_6_log_20260602_144504.csv] - INFO - Distancias a paredes: Left: 88.16, Right: 361.84, Top: 2.64, Bottom: 137.36
2026-06-02 14:45:15.232 - [robot_6_log_20260602_144504.csv] - INFO - Posicion: 88.16, 137.36, -0.176 | Velocidad: 0.17509277691431824, 0.9845519384331295
2026-06-02 14:45:15.232 - [robot_6_log_20260602_144504.csv] - CRITICAL - Pared muy cercana [88.16, 361.84000000000003, 2.6399999999999864, 137.36]
2026-06-02 14:45:15.232 - [robot_6_log_20260602_144504.csv] - INFO - ARRIBA
2026-06-02 14:45:15.232 - [robot_6_log_20260602_144504.csv] - WARNING - Estado FSM: RETROCEDE | Target Wall: ARRIBA | Target Theta: 168.97° |theta: -10.084057194302488 
2026-06-02 14:45:15.244 - [robot_6_log_20260602_144504.csv] - DEBUG - Incoming data. Topic {"x": 88.15, "y": 137.37, "yaw": -0.174, "timestamp": 1780404315.1991093}, mensaje agent/6/wheel
2026-06-02 14:45:15.281 - [robot_6_log_20260602_144504.csv] - INFO - Usando posición VISION: x=88.16, y=137.36, θ=-0.18
2026-06-02 14:45:15.282 - [robot_6_log_20260602_144504.csv] - INFO - Distancias a paredes: Left: 88.16, Right: 361.84, Top: 2.64, Bottom: 137.36
2026-06-02 14:45:15.282 - [robot_6_log_20260602_144504.csv] - INFO - Posicion: 88.16, 137.36, -0.176 | Velocidad: 0.17509277691431824, 0.9845519384331295
2026-06-02 14:45:15.282 - [robot_6_log_20260602_144504.csv] - CRITICAL - Pared muy cercana [88.16, 361.84000000000003, 2.6399999999999864, 137.36]
2026-06-02 14:45:15.282 - [robot_6_log_20260602_144504.csv] - INFO - ARRIBA
2026-06-02 14:45:15.282 - [robot_6_log_20260602_144504.csv] - WARNING - Estado FSM: RETROCEDE | Target Wall: ARRIBA | Target Theta: 168.97° |theta: -10.084057194302488 
2026-06-02 14:45:15.287 - [robot_6_log_20260602_144504.csv] - DEBUG - Incoming data. Topic {"Wleft":6.06838471,"Wright":20}, mensaje 6/pos
2026-06-02 14:45:15.302 - [robot_6_log_20260602_144504.csv] - DEBUG - Incoming data. Topic {"x": 88.14, "y": 137.18, "yaw": -0.18, "timestamp": 1780404315.281427}, mensaje 6/pos
2026-06-02 14:45:15.307 - [robot_6_log_20260602_144504.csv] - DEBUG - Incoming data. Topic {"x": 88.14, "y": 137.18, "yaw": -0.18, "timestamp": 1780404315.281427}, mensaje 6/pos
2026-06-02 14:45:15.313 - [robot_6_log_20260602_144504.csv] - DEBUG - Incoming data. Topic {"x": 88.14, "y": 137.18, "yaw": -0.18, "timestamp": 1780404315.2916586}, mensaje 6/pos
2026-06-02 14:45:15.331 - [robot_6_log_20260602_144504.csv] - INFO - Usando posición VISION: x=88.16, y=137.36, θ=-0.18
2026-06-02 14:45:15.331 - [robot_6_log_20260602_144504.csv] - INFO - Distancias a paredes: Left: 88.16, Right: 361.84, Top: 2.64, Bottom: 137.36
2026-06-02 14:45:15.332 - [robot_6_log_20260602_144504.csv] - INFO - Posicion: 88.16, 137.36, -0.176 | Velocidad: 0.17509277691431824, 0.9845519384331295
2026-06-02 14:45:15.332 - [robot_6_log_20260602_144504.csv] - CRITICAL - Pared muy cercana [88.16, 361.84000000000003, 2.6399999999999864, 137.36]
2026-06-02 14:45:15.332 - [robot_6_log_20260602_144504.csv] - INFO - ARRIBA
2026-06-02 14:45:15.332 - [robot_6_log_20260602_144504.csv] - WARNING - Estado FSM: RETROCEDE | Target Wall: ARRIBA | Target Theta: 168.97° |theta: -10.084057194302488 
2026-06-02 14:45:15.337 - [robot_6_log_20260602_144504.csv] - DEBUG - Incoming data. Topic {"x": 88.14, "y": 137.18, "yaw": -0.18, "timestamp": 1780404315.2916586}, mensaje agent/6/wheel
2026-06-02 14:45:15.381 - [robot_6_log_20260602_144504.csv] - INFO - Usando posición VISION: x=88.16, y=137.36, θ=-0.18
2026-06-02 14:45:15.382 - [robot_6_log_20260602_144504.csv] - INFO - Distancias a paredes: Left: 88.16, Right: 361.84, Top: 2.64, Bottom: 137.36
2026-06-02 14:45:15.382 - [robot_6_log_20260602_144504.csv] - INFO - Posicion: 88.16, 137.36, -0.176 | Velocidad: 0.17509277691431824, 0.9845519384331295
2026-06-02 14:45:15.382 - [robot_6_log_20260602_144504.csv] - CRITICAL - Pared muy cercana [88.16, 361.84000000000003, 2.6399999999999864, 137.36]
2026-06-02 14:45:15.382 - [robot_6_log_20260602_144504.csv] - INFO - ARRIBA
2026-06-02 14:45:15.382 - [robot_6_log_20260602_144504.csv] - WARNING - Estado FSM: RETROCEDE | Target Wall: ARRIBA | Target Theta: 168.97° |theta: -10.084057194302488 
2026-06-02 14:45:15.387 - [robot_6_log_20260602_144504.csv] - DEBUG - Incoming data. Topic {"Wleft":6.087758236,"Wright":20}, mensaje 6/pos
2026-06-02 14:45:15.392 - [robot_6_log_20260602_144504.csv] - DEBUG - Incoming data. Topic {"x": 87.8, "y": 136.23, "yaw": -0.126, "timestamp": 1780404315.3867307}, mensaje 6/pos
2026-06-02 14:45:15.404 - [robot_6_log_20260602_144504.csv] - DEBUG - Incoming data. Topic {"x": 87.8, "y": 136.23, "yaw": -0.126, "timestamp": 1780404315.3867307}, mensaje 6/pos
2026-06-02 14:45:15.410 - [robot_6_log_20260602_144504.csv] - DEBUG - Incoming data. Topic {"x": 87.8, "y": 136.23, "yaw": -0.126, "timestamp": 1780404315.39921}, mensaje 6/pos
2026-06-02 14:45:15.431 - [robot_6_log_20260602_144504.csv] - INFO - Usando posición VISION: x=88.16, y=137.36, θ=-0.18
2026-06-02 14:45:15.431 - [robot_6_log_20260602_144504.csv] - INFO - Distancias a paredes: Left: 88.16, Right: 361.84, Top: 2.64, Bottom: 137.36
2026-06-02 14:45:15.432 - [robot_6_log_20260602_144504.csv] - INFO - Posicion: 88.16, 137.36, -0.176 | Velocidad: 0.17509277691431824, 0.9845519384331295
2026-06-02 14:45:15.432 - [robot_6_log_20260602_144504.csv] - CRITICAL - Pared muy cercana [88.16, 361.84000000000003, 2.6399999999999864, 137.36]
2026-06-02 14:45:15.432 - [robot_6_log_20260602_144504.csv] - INFO - ARRIBA
2026-06-02 14:45:15.432 - [robot_6_log_20260602_144504.csv] - WARNING - Estado FSM: RETROCEDE | Target Wall: ARRIBA | Target Theta: 168.97° |theta: -10.084057194302488 
2026-06-02 14:45:15.444 - [robot_6_log_20260602_144504.csv] - DEBUG - Incoming data. Topic {"x": 87.8, "y": 136.23, "yaw": -0.126, "timestamp": 1780404315.39921}, mensaje agent/6/wheel
2026-06-02 14:45:15.481 - [robot_6_log_20260602_144504.csv] - INFO - Usando posición VISION: x=88.16, y=137.36, θ=-0.18
2026-06-02 14:45:15.482 - [robot_6_log_20260602_144504.csv] - INFO - Distancias a paredes: Left: 88.16, Right: 361.84, Top: 2.64, Bottom: 137.36
2026-06-02 14:45:15.482 - [robot_6_log_20260602_144504.csv] - INFO - Posicion: 88.16, 137.36, -0.176 | Velocidad: 0.17509277691431824, 0.9845519384331295
2026-06-02 14:45:15.482 - [robot_6_log_20260602_144504.csv] - CRITICAL - Pared muy cercana [88.16, 361.84000000000003, 2.6399999999999864, 137.36]
2026-06-02 14:45:15.482 - [robot_6_log_20260602_144504.csv] - INFO - ARRIBA
2026-06-02 14:45:15.482 - [robot_6_log_20260602_144504.csv] - WARNING - Estado FSM: RETROCEDE | Target Wall: ARRIBA | Target Theta: 168.97° |theta: -10.084057194302488 
2026-06-02 14:45:15.488 - [robot_6_log_20260602_144504.csv] - DEBUG - Incoming data. Topic {"Wleft":8.088503142,"Wright":20}, mensaje 6/pos
2026-06-02 14:45:15.498 - [robot_6_log_20260602_144504.csv] - DEBUG - Incoming data. Topic {"x": 87.32, "y": 135.07, "yaw": -0.036, "timestamp": 1780404315.4854672}, mensaje 6/pos
2026-06-02 14:45:15.509 - [robot_6_log_20260602_144504.csv] - DEBUG - Incoming data. Topic {"x": 87.32, "y": 135.07, "yaw": -0.036, "timestamp": 1780404315.4854672}, mensaje 6/pos
2026-06-02 14:45:15.509 - [robot_6_log_20260602_144504.csv] - DEBUG - Incoming data. Topic {"x": 87.32, "y": 135.07, "yaw": -0.036, "timestamp": 1780404315.4983554}, mensaje 6/pos
2026-06-02 14:45:15.531 - [robot_6_log_20260602_144504.csv] - INFO - Usando posición VISION: x=88.16, y=137.36, θ=-0.18
2026-06-02 14:45:15.532 - [robot_6_log_20260602_144504.csv] - INFO - Distancias a paredes: Left: 88.16, Right: 361.84, Top: 2.64, Bottom: 137.36
2026-06-02 14:45:15.532 - [robot_6_log_20260602_144504.csv] - INFO - Posicion: 88.16, 137.36, -0.176 | Velocidad: 0.17509277691431824, 0.9845519384331295
2026-06-02 14:45:15.532 - [robot_6_log_20260602_144504.csv] - CRITICAL - Pared muy cercana [88.16, 361.84000000000003, 2.6399999999999864, 137.36]
2026-06-02 14:45:15.532 - [robot_6_log_20260602_144504.csv] - INFO - ARRIBA
2026-06-02 14:45:15.532 - [robot_6_log_20260602_144504.csv] - WARNING - Estado FSM: RETROCEDE | Target Wall: ARRIBA | Target Theta: 168.97° |theta: -10.084057194302488 
2026-06-02 14:45:15.556 - [robot_6_log_20260602_144504.csv] - DEBUG - Incoming data. Topic {"x": 87.32, "y": 135.07, "yaw": -0.036, "timestamp": 1780404315.4983554}, mensaje agent/6/wheel
2026-06-02 14:45:15.581 - [robot_6_log_20260602_144504.csv] - INFO - Usando posición ESTIMA: x=88.16, y=137.36, θ=-0.18
2026-06-02 14:45:15.582 - [robot_6_log_20260602_144504.csv] - INFO - Distancias a paredes: Left: 88.16, Right: 361.84, Top: 2.64, Bottom: 137.36
2026-06-02 14:45:15.582 - [robot_6_log_20260602_144504.csv] - INFO - Posicion: 88.16, 137.36, -0.176 | Velocidad: 0.17509277691431824, 0.9845519384331295
2026-06-02 14:45:15.582 - [robot_6_log_20260602_144504.csv] - CRITICAL - Pared muy cercana [88.16, 361.84000000000003, 2.6399999999999864, 137.36]
2026-06-02 14:45:15.582 - [robot_6_log_20260602_144504.csv] - INFO - ARRIBA
2026-06-02 14:45:15.582 - [robot_6_log_20260602_144504.csv] - WARNING - Estado FSM: RETROCEDE | Target Wall: ARRIBA | Target Theta: 168.97° |theta: -10.084057194302488 
2026-06-02 14:45:15.593 - [robot_6_log_20260602_144504.csv] - DEBUG - Incoming data. Topic {"Wleft":4.044960987,"Wright":20}, mensaje 6/pos
2026-06-02 14:45:15.593 - [robot_6_log_20260602_144504.csv] - DEBUG - Incoming data. Topic {"x": 86.92, "y": 133.8, "yaw": 0.08, "timestamp": 1780404315.5889144}, mensaje 6/pos
2026-06-02 14:45:15.605 - [robot_6_log_20260602_144504.csv] - DEBUG - Incoming data. Topic {"x": 86.92, "y": 133.8, "yaw": 0.08, "timestamp": 1780404315.5889144}, mensaje 6/pos
2026-06-02 14:45:15.611 - [robot_6_log_20260602_144504.csv] - DEBUG - Incoming data. Topic {"x": 86.92, "y": 133.8, "yaw": 0.08, "timestamp": 1780404315.5998902}, mensaje 6/pos
2026-06-02 14:45:15.631 - [robot_6_log_20260602_144504.csv] - INFO - Usando posición ESTIMA: x=88.16, y=137.36, θ=-0.18
2026-06-02 14:45:15.632 - [robot_6_log_20260602_144504.csv] - INFO - Distancias a paredes: Left: 88.16, Right: 361.84, Top: 2.64, Bottom: 137.36
2026-06-02 14:45:15.632 - [robot_6_log_20260602_144504.csv] - INFO - Posicion: 88.16, 137.36, -0.176 | Velocidad: 0.17509277691431824, 0.9845519384331295
2026-06-02 14:45:15.632 - [robot_6_log_20260602_144504.csv] - CRITICAL - Pared muy cercana [88.16, 361.84000000000003, 2.6399999999999864, 137.36]
2026-06-02 14:45:15.632 - [robot_6_log_20260602_144504.csv] - INFO - ARRIBA
2026-06-02 14:45:15.632 - [robot_6_log_20260602_144504.csv] - WARNING - Estado FSM: RETROCEDE | Target Wall: ARRIBA | Target Theta: 168.97° |theta: -10.084057194302488 
2026-06-02 14:45:15.649 - [robot_6_log_20260602_144504.csv] - DEBUG - Incoming data. Topic {"x": 86.92, "y": 133.8, "yaw": 0.08, "timestamp": 1780404315.5998902}, mensaje agent/6/wheel
2026-06-02 14:45:15.681 - [robot_6_log_20260602_144504.csv] - INFO - Usando posición ESTIMA: x=88.16, y=137.36, θ=-0.18
2026-06-02 14:45:15.682 - [robot_6_log_20260602_144504.csv] - INFO - Distancias a paredes: Left: 88.16, Right: 361.84, Top: 2.64, Bottom: 137.36
2026-06-02 14:45:15.682 - [robot_6_log_20260602_144504.csv] - INFO - Posicion: 88.16, 137.36, -0.176 | Velocidad: 0.17509277691431824, 0.9845519384331295
2026-06-02 14:45:15.682 - [robot_6_log_20260602_144504.csv] - CRITICAL - Pared muy cercana [88.16, 361.84000000000003, 2.6399999999999864, 137.36]
2026-06-02 14:45:15.682 - [robot_6_log_20260602_144504.csv] - INFO - ARRIBA
2026-06-02 14:45:15.682 - [robot_6_log_20260602_144504.csv] - WARNING - Estado FSM: RETROCEDE | Target Wall: ARRIBA | Target Theta: 168.97° |theta: -10.084057194302488 
2026-06-02 14:45:15.687 - [robot_6_log_20260602_144504.csv] - DEBUG - Incoming data. Topic {"Wleft":4.023857057,"Wright":20}, mensaje 6/pos
2026-06-02 14:45:15.688 - [robot_6_log_20260602_144504.csv] - DEBUG - Incoming data. Topic {"x": 86.57, "y": 132.57, "yaw": 0.215, "timestamp": 1780404315.6824439}, mensaje 6/pos
2026-06-02 14:45:15.704 - [robot_6_log_20260602_144504.csv] - DEBUG - Incoming data. Topic {"x": 86.57, "y": 132.57, "yaw": 0.215, "timestamp": 1780404315.6824439}, mensaje 6/pos
2026-06-02 14:45:15.709 - [robot_6_log_20260602_144504.csv] - DEBUG - Incoming data. Topic {"x": 86.57, "y": 132.57, "yaw": 0.215, "timestamp": 1780404315.6936824}, mensaje 6/pos
2026-06-02 14:45:15.731 - [robot_6_log_20260602_144504.csv] - INFO - Usando posición ESTIMA: x=88.16, y=137.36, θ=-0.18
2026-06-02 14:45:15.732 - [robot_6_log_20260602_144504.csv] - INFO - Distancias a paredes: Left: 88.16, Right: 361.84, Top: 2.64, Bottom: 137.36
2026-06-02 14:45:15.732 - [robot_6_log_20260602_144504.csv] - INFO - Posicion: 88.16, 137.36, -0.176 | Velocidad: 0.17509277691431824, 0.9845519384331295
2026-06-02 14:45:15.732 - [robot_6_log_20260602_144504.csv] - CRITICAL - Pared muy cercana [88.16, 361.84000000000003, 2.6399999999999864, 137.36]
2026-06-02 14:45:15.732 - [robot_6_log_20260602_144504.csv] - INFO - ARRIBA
2026-06-02 14:45:15.732 - [robot_6_log_20260602_144504.csv] - WARNING - Estado FSM: RETROCEDE | Target Wall: ARRIBA | Target Theta: 168.97° |theta: -10.084057194302488 
2026-06-02 14:45:15.754 - [robot_6_log_20260602_144504.csv] - DEBUG - Incoming data. Topic {"x": 86.57, "y": 132.57, "yaw": 0.215, "timestamp": 1780404315.6936824}, mensaje agent/6/wheel
2026-06-02 14:45:15.781 - [robot_6_log_20260602_144504.csv] - INFO - Usando posición ESTIMA: x=88.16, y=137.36, θ=-0.18
2026-06-02 14:45:15.782 - [robot_6_log_20260602_144504.csv] - INFO - Distancias a paredes: Left: 88.16, Right: 361.84, Top: 2.64, Bottom: 137.36
2026-06-02 14:45:15.782 - [robot_6_log_20260602_144504.csv] - INFO - Posicion: 88.16, 137.36, -0.176 | Velocidad: 0.17509277691431824, 0.9845519384331295
2026-06-02 14:45:15.782 - [robot_6_log_20260602_144504.csv] - CRITICAL - Pared muy cercana [88.16, 361.84000000000003, 2.6399999999999864, 137.36]
2026-06-02 14:45:15.782 - [robot_6_log_20260602_144504.csv] - INFO - ARRIBA
2026-06-02 14:45:15.782 - [robot_6_log_20260602_144504.csv] - WARNING - Estado FSM: RETROCEDE | Target Wall: ARRIBA | Target Theta: 168.97° |theta: -10.084057194302488 
2026-06-02 14:45:15.793 - [robot_6_log_20260602_144504.csv] - DEBUG - Incoming data. Topic {"Wleft":6.09061349,"Wright":20}, mensaje 6/pos
2026-06-02 14:45:15.793 - [robot_6_log_20260602_144504.csv] - DEBUG - Incoming data. Topic {"x": 86.31, "y": 131.26, "yaw": 0.375, "timestamp": 1780404315.7877853}, mensaje 6/pos
2026-06-02 14:45:15.809 - [robot_6_log_20260602_144504.csv] - DEBUG - Incoming data. Topic {"x": 86.31, "y": 131.26, "yaw": 0.375, "timestamp": 1780404315.7877853}, mensaje 6/pos
2026-06-02 14:45:15.810 - [robot_6_log_20260602_144504.csv] - DEBUG - Incoming data. Topic {"x": 86.31, "y": 131.26, "yaw": 0.375, "timestamp": 1780404315.7994273}, mensaje 6/pos
2026-06-02 14:45:15.831 - [robot_6_log_20260602_144504.csv] - INFO - Usando posición ESTIMA: x=88.16, y=137.36, θ=-0.18
2026-06-02 14:45:15.832 - [robot_6_log_20260602_144504.csv] - INFO - Distancias a paredes: Left: 88.16, Right: 361.84, Top: 2.64, Bottom: 137.36
2026-06-02 14:45:15.832 - [robot_6_log_20260602_144504.csv] - INFO - Posicion: 88.16, 137.36, -0.176 | Velocidad: 0.17509277691431824, 0.9845519384331295
2026-06-02 14:45:15.832 - [robot_6_log_20260602_144504.csv] - CRITICAL - Pared muy cercana [88.16, 361.84000000000003, 2.6399999999999864, 137.36]
2026-06-02 14:45:15.832 - [robot_6_log_20260602_144504.csv] - INFO - ARRIBA
2026-06-02 14:45:15.832 - [robot_6_log_20260602_144504.csv] - WARNING - Estado FSM: RETROCEDE | Target Wall: ARRIBA | Target Theta: 168.97° |theta: -10.084057194302488 
2026-06-02 14:45:15.843 - [robot_6_log_20260602_144504.csv] - DEBUG - Incoming data. Topic {"x": 86.31, "y": 131.26, "yaw": 0.375, "timestamp": 1780404315.7994273}, mensaje agent/6/wheel
2026-06-02 14:45:15.881 - [robot_6_log_20260602_144504.csv] - INFO - Usando posición ESTIMA: x=88.16, y=137.36, θ=-0.18
2026-06-02 14:45:15.882 - [robot_6_log_20260602_144504.csv] - INFO - Distancias a paredes: Left: 88.16, Right: 361.84, Top: 2.64, Bottom: 137.36
2026-06-02 14:45:15.882 - [robot_6_log_20260602_144504.csv] - INFO - Posicion: 88.16, 137.36, -0.176 | Velocidad: 0.17509277691431824, 0.9845519384331295
2026-06-02 14:45:15.882 - [robot_6_log_20260602_144504.csv] - CRITICAL - Pared muy cercana [88.16, 361.84000000000003, 2.6399999999999864, 137.36]
2026-06-02 14:45:15.882 - [robot_6_log_20260602_144504.csv] - INFO - ARRIBA
2026-06-02 14:45:15.882 - [robot_6_log_20260602_144504.csv] - WARNING - Estado FSM: RETROCEDE | Target Wall: ARRIBA | Target Theta: 168.97° |theta: -10.084057194302488 
2026-06-02 14:45:15.887 - [robot_6_log_20260602_144504.csv] - DEBUG - Incoming data. Topic {"Wleft":4.044897333,"Wright":20}, mensaje 6/pos
2026-06-02 14:45:15.897 - [robot_6_log_20260602_144504.csv] - DEBUG - Incoming data. Topic {"x": 86.22, "y": 129.76, "yaw": 0.56, "timestamp": 1780404315.8818135}, mensaje 6/pos
2026-06-02 14:45:15.902 - [robot_6_log_20260602_144504.csv] - DEBUG - Incoming data. Topic {"x": 86.22, "y": 129.76, "yaw": 0.56, "timestamp": 1780404315.8818135}, mensaje 6/pos
2026-06-02 14:45:15.908 - [robot_6_log_20260602_144504.csv] - DEBUG - Incoming data. Topic {"x": 86.22, "y": 129.76, "yaw": 0.56, "timestamp": 1780404315.8922138}, mensaje 6/pos
2026-06-02 14:45:15.931 - [robot_6_log_20260602_144504.csv] - INFO - Usando posición ESTIMA: x=88.16, y=137.36, θ=-0.18
2026-06-02 14:45:15.932 - [robot_6_log_20260602_144504.csv] - INFO - Distancias a paredes: Left: 88.16, Right: 361.84, Top: 2.64, Bottom: 137.36
2026-06-02 14:45:15.932 - [robot_6_log_20260602_144504.csv] - INFO - Posicion: 88.16, 137.36, -0.176 | Velocidad: 0.17509277691431824, 0.9845519384331295
2026-06-02 14:45:15.932 - [robot_6_log_20260602_144504.csv] - CRITICAL - Pared muy cercana [88.16, 361.84000000000003, 2.6399999999999864, 137.36]
2026-06-02 14:45:15.932 - [robot_6_log_20260602_144504.csv] - INFO - ARRIBA
2026-06-02 14:45:15.932 - [robot_6_log_20260602_144504.csv] - WARNING - Estado FSM: RETROCEDE | Target Wall: ARRIBA | Target Theta: 168.97° |theta: -10.084057194302488 
2026-06-02 14:45:15.950 - [robot_6_log_20260602_144504.csv] - DEBUG - Incoming data. Topic {"x": 86.22, "y": 129.76, "yaw": 0.56, "timestamp": 1780404315.8922138}, mensaje agent/6/wheel
2026-06-02 14:45:15.981 - [robot_6_log_20260602_144504.csv] - INFO - Usando posición ESTIMA: x=88.16, y=137.36, θ=-0.18
2026-06-02 14:45:15.981 - [robot_6_log_20260602_144504.csv] - INFO - Distancias a paredes: Left: 88.16, Right: 361.84, Top: 2.64, Bottom: 137.36
2026-06-02 14:45:15.982 - [robot_6_log_20260602_144504.csv] - INFO - Posicion: 88.16, 137.36, -0.176 | Velocidad: 0.17509277691431824, 0.9845519384331295
2026-06-02 14:45:15.982 - [robot_6_log_20260602_144504.csv] - CRITICAL - Pared muy cercana [88.16, 361.84000000000003, 2.6399999999999864, 137.36]
2026-06-02 14:45:15.982 - [robot_6_log_20260602_144504.csv] - INFO - ARRIBA
2026-06-02 14:45:15.982 - [robot_6_log_20260602_144504.csv] - WARNING - Estado FSM: RETROCEDE | Target Wall: ARRIBA | Target Theta: 168.97° |theta: -10.084057194302488 
2026-06-02 14:45:15.993 - [robot_6_log_20260602_144504.csv] - DEBUG - Incoming data. Topic {"Wleft":4.022783986,"Wright":20}, mensaje 6/pos
2026-06-02 14:45:16.003 - [robot_6_log_20260602_144504.csv] - DEBUG - Incoming data. Topic {"x": 86.35, "y": 128.18, "yaw": 0.748, "timestamp": 1780404315.9879313}, mensaje 6/pos
2026-06-02 14:45:16.019 - [robot_6_log_20260602_144504.csv] - DEBUG - Incoming data. Topic {"x": 86.35, "y": 128.18, "yaw": 0.748, "timestamp": 1780404315.9879313}, mensaje 6/pos
2026-06-02 14:45:16.030 - [robot_6_log_20260602_144504.csv] - DEBUG - Incoming data. Topic {"x": 86.35, "y": 128.18, "yaw": 0.748, "timestamp": 1780404316.0001676}, mensaje 6/pos
2026-06-02 14:45:16.031 - [robot_6_log_20260602_144504.csv] - INFO - Usando posición ESTIMA: x=88.16, y=137.36, θ=-0.18
2026-06-02 14:45:16.032 - [robot_6_log_20260602_144504.csv] - INFO - Distancias a paredes: Left: 88.16, Right: 361.84, Top: 2.64, Bottom: 137.36
2026-06-02 14:45:16.032 - [robot_6_log_20260602_144504.csv] - INFO - Posicion: 88.16, 137.36, -0.176 | Velocidad: 0.17509277691431824, 0.9845519384331295
2026-06-02 14:45:16.032 - [robot_6_log_20260602_144504.csv] - CRITICAL - Pared muy cercana [88.16, 361.84000000000003, 2.6399999999999864, 137.36]
2026-06-02 14:45:16.032 - [robot_6_log_20260602_144504.csv] - INFO - ARRIBA
2026-06-02 14:45:16.032 - [robot_6_log_20260602_144504.csv] - WARNING - Estado FSM: RETROCEDE | Target Wall: ARRIBA | Target Theta: 168.97° |theta: -10.084057194302488 
2026-06-02 14:45:16.049 - [robot_6_log_20260602_144504.csv] - DEBUG - Incoming data. Topic {"x": 86.35, "y": 128.18, "yaw": 0.748, "timestamp": 1780404316.0001676}, mensaje agent/6/wheel
2026-06-02 14:45:16.081 - [robot_6_log_20260602_144504.csv] - INFO - Usando posición ESTIMA: x=88.16, y=137.36, θ=-0.18
2026-06-02 14:45:16.082 - [robot_6_log_20260602_144504.csv] - INFO - Distancias a paredes: Left: 88.16, Right: 361.84, Top: 2.64, Bottom: 137.36
2026-06-02 14:45:16.082 - [robot_6_log_20260602_144504.csv] - INFO - Posicion: 88.16, 137.36, -0.176 | Velocidad: 0.17509277691431824, 0.9845519384331295
2026-06-02 14:45:16.082 - [robot_6_log_20260602_144504.csv] - CRITICAL - Pared muy cercana [88.16, 361.84000000000003, 2.6399999999999864, 137.36]
2026-06-02 14:45:16.082 - [robot_6_log_20260602_144504.csv] - INFO - ARRIBA
2026-06-02 14:45:16.082 - [robot_6_log_20260602_144504.csv] - WARNING - Estado FSM: RETROCEDE | Target Wall: ARRIBA | Target Theta: 168.97° |theta: -10.084057194302488 
2026-06-02 14:45:16.087 - [robot_6_log_20260602_144504.csv] - DEBUG - Incoming data. Topic {"Wleft":8.087414711,"Wright":20}, mensaje 6/pos
2026-06-02 14:45:16.103 - [robot_6_log_20260602_144504.csv] - DEBUG - Incoming data. Topic {"x": 86.79, "y": 126.45, "yaw": 0.952, "timestamp": 1780404316.0815642}, mensaje 6/pos
2026-06-02 14:45:16.103 - [robot_6_log_20260602_144504.csv] - DEBUG - Incoming data. Topic {"x": 86.79, "y": 126.45, "yaw": 0.952, "timestamp": 1780404316.0815642}, mensaje 6/pos
2026-06-02 14:45:16.103 - [robot_6_log_20260602_144504.csv] - DEBUG - Incoming data. Topic {"x": 86.79, "y": 126.45, "yaw": 0.952, "timestamp": 1780404316.090623}, mensaje 6/pos
2026-06-02 14:45:16.131 - [robot_6_log_20260602_144504.csv] - INFO - Usando posición ESTIMA: x=88.16, y=137.36, θ=-0.18
2026-06-02 14:45:16.132 - [robot_6_log_20260602_144504.csv] - INFO - Distancias a paredes: Left: 88.16, Right: 361.84, Top: 2.64, Bottom: 137.36
2026-06-02 14:45:16.132 - [robot_6_log_20260602_144504.csv] - INFO - Posicion: 88.16, 137.36, -0.176 | Velocidad: 0.17509277691431824, 0.9845519384331295
2026-06-02 14:45:16.132 - [robot_6_log_20260602_144504.csv] - CRITICAL - Pared muy cercana [88.16, 361.84000000000003, 2.6399999999999864, 137.36]
2026-06-02 14:45:16.132 - [robot_6_log_20260602_144504.csv] - INFO - ARRIBA
2026-06-02 14:45:16.132 - [robot_6_log_20260602_144504.csv] - WARNING - Estado FSM: RETROCEDE | Target Wall: ARRIBA | Target Theta: 168.97° |theta: -10.084057194302488 
2026-06-02 14:45:16.137 - [robot_6_log_20260602_144504.csv] - DEBUG - Incoming data. Topic {"x": 86.79, "y": 126.45, "yaw": 0.952, "timestamp": 1780404316.090623}, mensaje agent/6/wheel
2026-06-02 14:45:16.181 - [robot_6_log_20260602_144504.csv] - INFO - Usando posición ESTIMA: x=88.16, y=137.36, θ=-0.18
2026-06-02 14:45:16.182 - [robot_6_log_20260602_144504.csv] - INFO - Distancias a paredes: Left: 88.16, Right: 361.84, Top: 2.64, Bottom: 137.36
2026-06-02 14:45:16.182 - [robot_6_log_20260602_144504.csv] - INFO - Posicion: 88.16, 137.36, -0.176 | Velocidad: 0.17509277691431824, 0.9845519384331295
2026-06-02 14:45:16.182 - [robot_6_log_20260602_144504.csv] - CRITICAL - Pared muy cercana [88.16, 361.84000000000003, 2.6399999999999864, 137.36]
2026-06-02 14:45:16.182 - [robot_6_log_20260602_144504.csv] - INFO - ARRIBA
2026-06-02 14:45:16.182 - [robot_6_log_20260602_144504.csv] - WARNING - Estado FSM: RETROCEDE | Target Wall: ARRIBA | Target Theta: 168.97° |theta: -10.084057194302488 
2026-06-02 14:45:16.193 - [robot_6_log_20260602_144504.csv] - DEBUG - Incoming data. Topic {"Wleft":8.090721545,"Wright":20}, mensaje 6/pos
2026-06-02 14:45:16.198 - [robot_6_log_20260602_144504.csv] - DEBUG - Incoming data. Topic {"x": 87.57, "y": 124.77, "yaw": 1.159, "timestamp": 1780404316.1876342}, mensaje 6/pos
2026-06-02 14:45:16.203 - [robot_6_log_20260602_144504.csv] - DEBUG - Incoming data. Topic {"x": 87.57, "y": 124.77, "yaw": 1.159, "timestamp": 1780404316.1876342}, mensaje 6/pos
2026-06-02 14:45:16.226 - [robot_6_log_20260602_144504.csv] - DEBUG - Incoming data. Topic {"x": 87.57, "y": 124.77, "yaw": 1.159, "timestamp": 1780404316.1979308}, mensaje 6/pos
2026-06-02 14:45:16.231 - [robot_6_log_20260602_144504.csv] - INFO - Usando posición ESTIMA: x=88.16, y=137.36, θ=-0.18
2026-06-02 14:45:16.232 - [robot_6_log_20260602_144504.csv] - INFO - Distancias a paredes: Left: 88.16, Right: 361.84, Top: 2.64, Bottom: 137.36
2026-06-02 14:45:16.232 - [robot_6_log_20260602_144504.csv] - INFO - Posicion: 88.16, 137.36, -0.176 | Velocidad: 0.17509277691431824, 0.9845519384331295
2026-06-02 14:45:16.232 - [robot_6_log_20260602_144504.csv] - CRITICAL - Pared muy cercana [88.16, 361.84000000000003, 2.6399999999999864, 137.36]
2026-06-02 14:45:16.232 - [robot_6_log_20260602_144504.csv] - INFO - ARRIBA
2026-06-02 14:45:16.232 - [robot_6_log_20260602_144504.csv] - WARNING - Estado FSM: RETROCEDE | Target Wall: ARRIBA | Target Theta: 168.97° |theta: -10.084057194302488 
2026-06-02 14:45:16.244 - [robot_6_log_20260602_144504.csv] - DEBUG - Incoming data. Topic {"x": 87.57, "y": 124.77, "yaw": 1.159, "timestamp": 1780404316.1979308}, mensaje agent/6/wheel
2026-06-02 14:45:16.281 - [robot_6_log_20260602_144504.csv] - INFO - Usando posición ESTIMA: x=88.16, y=137.36, θ=-0.18
2026-06-02 14:45:16.282 - [robot_6_log_20260602_144504.csv] - INFO - Distancias a paredes: Left: 88.16, Right: 361.84, Top: 2.64, Bottom: 137.36
2026-06-02 14:45:16.282 - [robot_6_log_20260602_144504.csv] - INFO - Posicion: 88.16, 137.36, -0.176 | Velocidad: 0.17509277691431824, 0.9845519384331295
2026-06-02 14:45:16.282 - [robot_6_log_20260602_144504.csv] - CRITICAL - Pared muy cercana [88.16, 361.84000000000003, 2.6399999999999864, 137.36]
2026-06-02 14:45:16.282 - [robot_6_log_20260602_144504.csv] - INFO - ARRIBA
2026-06-02 14:45:16.282 - [robot_6_log_20260602_144504.csv] - WARNING - Estado FSM: RETROCEDE | Target Wall: ARRIBA | Target Theta: 168.97° |theta: -10.084057194302488 
2026-06-02 14:45:16.293 - [robot_6_log_20260602_144504.csv] - DEBUG - Incoming data. Topic {"Wleft":6.067416763,"Wright":20}, mensaje 6/pos
2026-06-02 14:45:16.304 - [robot_6_log_20260602_144504.csv] - DEBUG - Incoming data. Topic {"x": 88.61, "y": 123.35, "yaw": 1.369, "timestamp": 1780404316.2843618}, mensaje 6/pos
2026-06-02 14:45:16.304 - [robot_6_log_20260602_144504.csv] - DEBUG - Incoming data. Topic {"x": 88.61, "y": 123.35, "yaw": 1.369, "timestamp": 1780404316.2843618}, mensaje 6/pos
2026-06-02 14:45:16.304 - [robot_6_log_20260602_144504.csv] - DEBUG - Incoming data. Topic {"x": 88.61, "y": 123.35, "yaw": 1.369, "timestamp": 1780404316.2969022}, mensaje 6/pos
2026-06-02 14:45:16.331 - [robot_6_log_20260602_144504.csv] - INFO - Usando posición ESTIMA: x=88.16, y=137.36, θ=-0.18
2026-06-02 14:45:16.332 - [robot_6_log_20260602_144504.csv] - INFO - Distancias a paredes: Left: 88.16, Right: 361.84, Top: 2.64, Bottom: 137.36
2026-06-02 14:45:16.332 - [robot_6_log_20260602_144504.csv] - INFO - Posicion: 88.16, 137.36, -0.176 | Velocidad: 0.17509277691431824, 0.9845519384331295
2026-06-02 14:45:16.332 - [robot_6_log_20260602_144504.csv] - CRITICAL - Pared muy cercana [88.16, 361.84000000000003, 2.6399999999999864, 137.36]
2026-06-02 14:45:16.332 - [robot_6_log_20260602_144504.csv] - INFO - ARRIBA
2026-06-02 14:45:16.332 - [robot_6_log_20260602_144504.csv] - WARNING - Estado FSM: RETROCEDE | Target Wall: ARRIBA | Target Theta: 168.97° |theta: -10.084057194302488 
2026-06-02 14:45:16.348 - [robot_6_log_20260602_144504.csv] - DEBUG - Incoming data. Topic {"x": 88.61, "y": 123.35, "yaw": 1.369, "timestamp": 1780404316.2969022}, mensaje agent/6/wheel
2026-06-02 14:45:16.381 - [robot_6_log_20260602_144504.csv] - INFO - Usando posición ESTIMA: x=88.16, y=137.36, θ=-0.18
2026-06-02 14:45:16.382 - [robot_6_log_20260602_144504.csv] - INFO - Distancias a paredes: Left: 88.16, Right: 361.84, Top: 2.64, Bottom: 137.36
2026-06-02 14:45:16.382 - [robot_6_log_20260602_144504.csv] - INFO - Posicion: 88.16, 137.36, -0.176 | Velocidad: 0.17509277691431824, 0.9845519384331295
2026-06-02 14:45:16.382 - [robot_6_log_20260602_144504.csv] - CRITICAL - Pared muy cercana [88.16, 361.84000000000003, 2.6399999999999864, 137.36]
2026-06-02 14:45:16.382 - [robot_6_log_20260602_144504.csv] - INFO - ARRIBA
2026-06-02 14:45:16.382 - [robot_6_log_20260602_144504.csv] - WARNING - Estado FSM: RETROCEDE | Target Wall: ARRIBA | Target Theta: 168.97° |theta: -10.084057194302488 
2026-06-02 14:45:16.387 - [robot_6_log_20260602_144504.csv] - DEBUG - Incoming data. Topic {"Wleft":6.086388198,"Wright":20}, mensaje 6/pos
2026-06-02 14:45:16.409 - [robot_6_log_20260602_144504.csv] - DEBUG - Incoming data. Topic {"x": 89.76, "y": 122.21, "yaw": 1.564, "timestamp": 1780404316.385361}, mensaje 6/pos
2026-06-02 14:45:16.419 - [robot_6_log_20260602_144504.csv] - DEBUG - Incoming data. Topic {"x": 89.76, "y": 122.21, "yaw": 1.564, "timestamp": 1780404316.385361}, mensaje 6/pos
2026-06-02 14:45:16.430 - [robot_6_log_20260602_144504.csv] - DEBUG - Incoming data. Topic {"x": 89.76, "y": 122.21, "yaw": 1.564, "timestamp": 1780404316.3945649}, mensaje 6/pos
2026-06-02 14:45:16.431 - [robot_6_log_20260602_144504.csv] - INFO - Usando posición ESTIMA: x=88.16, y=137.36, θ=-0.18
2026-06-02 14:45:16.432 - [robot_6_log_20260602_144504.csv] - INFO - Distancias a paredes: Left: 88.16, Right: 361.84, Top: 2.64, Bottom: 137.36
2026-06-02 14:45:16.432 - [robot_6_log_20260602_144504.csv] - INFO - Posicion: 88.16, 137.36, -0.176 | Velocidad: 0.17509277691431824, 0.9845519384331295
2026-06-02 14:45:16.432 - [robot_6_log_20260602_144504.csv] - CRITICAL - Pared muy cercana [88.16, 361.84000000000003, 2.6399999999999864, 137.36]
2026-06-02 14:45:16.432 - [robot_6_log_20260602_144504.csv] - INFO - ARRIBA
2026-06-02 14:45:16.432 - [robot_6_log_20260602_144504.csv] - WARNING - Estado FSM: RETROCEDE | Target Wall: ARRIBA | Target Theta: 168.97° |theta: -10.084057194302488 
2026-06-02 14:45:16.438 - [robot_6_log_20260602_144504.csv] - DEBUG - Incoming data. Topic {"x": 89.76, "y": 122.21, "yaw": 1.564, "timestamp": 1780404316.3945649}, mensaje agent/6/wheel
2026-06-02 14:45:16.481 - [robot_6_log_20260602_144504.csv] - INFO - Usando posición ESTIMA: x=88.16, y=137.36, θ=-0.18
2026-06-02 14:45:16.482 - [robot_6_log_20260602_144504.csv] - INFO - Distancias a paredes: Left: 88.16, Right: 361.84, Top: 2.64, Bottom: 137.36
2026-06-02 14:45:16.482 - [robot_6_log_20260602_144504.csv] - INFO - Posicion: 88.16, 137.36, -0.176 | Velocidad: 0.17509277691431824, 0.9845519384331295
2026-06-02 14:45:16.482 - [robot_6_log_20260602_144504.csv] - CRITICAL - Pared muy cercana [88.16, 361.84000000000003, 2.6399999999999864, 137.36]
2026-06-02 14:45:16.482 - [robot_6_log_20260602_144504.csv] - INFO - ARRIBA
2026-06-02 14:45:16.482 - [robot_6_log_20260602_144504.csv] - WARNING - Estado FSM: RETROCEDE | Target Wall: ARRIBA | Target Theta: 168.97° |theta: -10.084057194302488 
2026-06-02 14:45:16.487 - [robot_6_log_20260602_144504.csv] - DEBUG - Incoming data. Topic {"Wleft":8.065746662,"Wright":20}, mensaje 6/pos
2026-06-02 14:45:16.503 - [robot_6_log_20260602_144504.csv] - DEBUG - Incoming data. Topic {"x": 91.2, "y": 121.33, "yaw": 1.758, "timestamp": 1780404316.481632}, mensaje 6/pos
2026-06-02 14:45:16.503 - [robot_6_log_20260602_144504.csv] - DEBUG - Incoming data. Topic {"x": 91.2, "y": 121.33, "yaw": 1.758, "timestamp": 1780404316.481632}, mensaje 6/pos
2026-06-02 14:45:16.503 - [robot_6_log_20260602_144504.csv] - DEBUG - Incoming data. Topic {"x": 91.2, "y": 121.33, "yaw": 1.758, "timestamp": 1780404316.4928925}, mensaje 6/pos
2026-06-02 14:45:16.531 - [robot_6_log_20260602_144504.csv] - INFO - Usando posición ESTIMA: x=88.16, y=137.36, θ=-0.18
2026-06-02 14:45:16.532 - [robot_6_log_20260602_144504.csv] - INFO - Distancias a paredes: Left: 88.16, Right: 361.84, Top: 2.64, Bottom: 137.36
2026-06-02 14:45:16.532 - [robot_6_log_20260602_144504.csv] - INFO - Posicion: 88.16, 137.36, -0.176 | Velocidad: 0.17509277691431824, 0.9845519384331295
2026-06-02 14:45:16.532 - [robot_6_log_20260602_144504.csv] - CRITICAL - Pared muy cercana [88.16, 361.84000000000003, 2.6399999999999864, 137.36]
2026-06-02 14:45:16.532 - [robot_6_log_20260602_144504.csv] - INFO - ARRIBA
2026-06-02 14:45:16.532 - [robot_6_log_20260602_144504.csv] - WARNING - Estado FSM: PARANDO_PARA_GIRAR | Target Wall: ARRIBA | Target Theta: 168.97° |theta: -10.084057194302488 
2026-06-02 14:45:16.548 - [robot_6_log_20260602_144504.csv] - DEBUG - Incoming data. Topic {"x": 91.2, "y": 121.33, "yaw": 1.758, "timestamp": 1780404316.4928925}, mensaje agent/6/wheel
2026-06-02 14:45:16.553 - [robot_6_log_20260602_144504.csv] - DEBUG - Despachado a ZMQ -> agent/6/move: {'v': 0.0, 'w': 0.0}
2026-06-02 14:45:16.581 - [robot_6_log_20260602_144504.csv] - INFO - Usando posición ESTIMA: x=88.16, y=137.36, θ=-0.18
2026-06-02 14:45:16.582 - [robot_6_log_20260602_144504.csv] - INFO - Distancias a paredes: Left: 88.16, Right: 361.84, Top: 2.64, Bottom: 137.36
2026-06-02 14:45:16.582 - [robot_6_log_20260602_144504.csv] - INFO - Posicion: 88.16, 137.36, -0.176 | Velocidad: 0.17509277691431824, 0.9845519384331295
2026-06-02 14:45:16.582 - [robot_6_log_20260602_144504.csv] - CRITICAL - Pared muy cercana [88.16, 361.84000000000003, 2.6399999999999864, 137.36]
2026-06-02 14:45:16.582 - [robot_6_log_20260602_144504.csv] - INFO - ARRIBA
2026-06-02 14:45:16.582 - [robot_6_log_20260602_144504.csv] - WARNING - Estado FSM: PARANDO_PARA_GIRAR | Target Wall: ARRIBA | Target Theta: 168.97° |theta: -10.084057194302488 
2026-06-02 14:45:16.588 - [robot_6_log_20260602_144504.csv] - DEBUG - Incoming data. Topic {"Wleft":6.092098517,"Wright":20}, mensaje 6/pos
2026-06-02 14:45:16.603 - [robot_6_log_20260602_144504.csv] - DEBUG - Incoming data. Topic {"x": 92.71, "y": 120.73, "yaw": 1.947, "timestamp": 1780404316.587558}, mensaje 6/pos
2026-06-02 14:45:16.619 - [robot_6_log_20260602_144504.csv] - DEBUG - Incoming data. Topic {"x": 92.71, "y": 120.73, "yaw": 1.947, "timestamp": 1780404316.587558}, mensaje 6/pos
2026-06-02 14:45:16.625 - [robot_6_log_20260602_144504.csv] - DEBUG - Incoming data. Topic {"x": 92.71, "y": 120.73, "yaw": 1.947, "timestamp": 1780404316.6000888}, mensaje 6/pos
2026-06-02 14:45:16.631 - [robot_6_log_20260602_144504.csv] - INFO - Usando posición ESTIMA: x=88.16, y=137.36, θ=-0.18
2026-06-02 14:45:16.631 - [robot_6_log_20260602_144504.csv] - INFO - Distancias a paredes: Left: 88.16, Right: 361.84, Top: 2.64, Bottom: 137.36
2026-06-02 14:45:16.632 - [robot_6_log_20260602_144504.csv] - INFO - Posicion: 88.16, 137.36, -0.176 | Velocidad: 0.17509277691431824, 0.9845519384331295
2026-06-02 14:45:16.632 - [robot_6_log_20260602_144504.csv] - CRITICAL - Pared muy cercana [88.16, 361.84000000000003, 2.6399999999999864, 137.36]
2026-06-02 14:45:16.632 - [robot_6_log_20260602_144504.csv] - INFO - ARRIBA
2026-06-02 14:45:16.632 - [robot_6_log_20260602_144504.csv] - WARNING - Estado FSM: PARANDO_PARA_GIRAR | Target Wall: ARRIBA | Target Theta: 168.97° |theta: -10.084057194302488 
2026-06-02 14:45:16.643 - [robot_6_log_20260602_144504.csv] - DEBUG - Incoming data. Topic {"x": 92.71, "y": 120.73, "yaw": 1.947, "timestamp": 1780404316.6000888}, mensaje agent/6/wheel
2026-06-02 14:45:16.681 - [robot_6_log_20260602_144504.csv] - INFO - Usando posición ESTIMA: x=88.16, y=137.36, θ=-0.18
2026-06-02 14:45:16.682 - [robot_6_log_20260602_144504.csv] - INFO - Distancias a paredes: Left: 88.16, Right: 361.84, Top: 2.64, Bottom: 137.36
2026-06-02 14:45:16.682 - [robot_6_log_20260602_144504.csv] - INFO - Posicion: 88.16, 137.36, -0.176 | Velocidad: 0.17509277691431824, 0.9845519384331295
2026-06-02 14:45:16.682 - [robot_6_log_20260602_144504.csv] - CRITICAL - Pared muy cercana [88.16, 361.84000000000003, 2.6399999999999864, 137.36]
2026-06-02 14:45:16.682 - [robot_6_log_20260602_144504.csv] - INFO - ARRIBA
2026-06-02 14:45:16.682 - [robot_6_log_20260602_144504.csv] - WARNING - Estado FSM: PARANDO_PARA_GIRAR | Target Wall: ARRIBA | Target Theta: 168.97° |theta: -10.084057194302488 
2026-06-02 14:45:16.688 - [robot_6_log_20260602_144504.csv] - DEBUG - Incoming data. Topic {"Wleft":8.066812644,"Wright":20}, mensaje 6/pos
2026-06-02 14:45:16.693 - [robot_6_log_20260602_144504.csv] - DEBUG - Incoming data. Topic {"x": 94.3, "y": 120.43, "yaw": 2.14, "timestamp": 1780404316.6835895}, mensaje 6/pos
2026-06-02 14:45:16.698 - [robot_6_log_20260602_144504.csv] - DEBUG - Incoming data. Topic {"x": 94.3, "y": 120.43, "yaw": 2.14, "timestamp": 1780404316.6835895}, mensaje 6/pos
2026-06-02 14:45:16.704 - [robot_6_log_20260602_144504.csv] - DEBUG - Incoming data. Topic {"x": 94.3, "y": 120.43, "yaw": 2.14, "timestamp": 1780404316.6921055}, mensaje 6/pos
2026-06-02 14:45:16.731 - [robot_6_log_20260602_144504.csv] - INFO - Usando posición ESTIMA: x=88.16, y=137.36, θ=-0.18
2026-06-02 14:45:16.732 - [robot_6_log_20260602_144504.csv] - INFO - Distancias a paredes: Left: 88.16, Right: 361.84, Top: 2.64, Bottom: 137.36
2026-06-02 14:45:16.732 - [robot_6_log_20260602_144504.csv] - INFO - Posicion: 88.16, 137.36, -0.176 | Velocidad: 0.17509277691431824, 0.9845519384331295
2026-06-02 14:45:16.732 - [robot_6_log_20260602_144504.csv] - CRITICAL - Pared muy cercana [88.16, 361.84000000000003, 2.6399999999999864, 137.36]
2026-06-02 14:45:16.732 - [robot_6_log_20260602_144504.csv] - INFO - ARRIBA
2026-06-02 14:45:16.732 - [robot_6_log_20260602_144504.csv] - WARNING - Estado FSM: PARANDO_PARA_GIRAR | Target Wall: ARRIBA | Target Theta: 168.97° |theta: -10.084057194302488 
2026-06-02 14:45:16.744 - [robot_6_log_20260602_144504.csv] - DEBUG - Incoming data. Topic {"x": 94.3, "y": 120.43, "yaw": 2.14, "timestamp": 1780404316.6921055}, mensaje agent/6/wheel
2026-06-02 14:45:16.781 - [robot_6_log_20260602_144504.csv] - INFO - Usando posición ESTIMA: x=88.16, y=137.36, θ=-0.18
2026-06-02 14:45:16.782 - [robot_6_log_20260602_144504.csv] - INFO - Distancias a paredes: Left: 88.16, Right: 361.84, Top: 2.64, Bottom: 137.36
2026-06-02 14:45:16.782 - [robot_6_log_20260602_144504.csv] - INFO - Posicion: 88.16, 137.36, -0.176 | Velocidad: 0.17509277691431824, 0.9845519384331295
2026-06-02 14:45:16.782 - [robot_6_log_20260602_144504.csv] - CRITICAL - Pared muy cercana [88.16, 361.84000000000003, 2.6399999999999864, 137.36]
2026-06-02 14:45:16.782 - [robot_6_log_20260602_144504.csv] - INFO - ARRIBA
2026-06-02 14:45:16.782 - [robot_6_log_20260602_144504.csv] - WARNING - Estado FSM: PARANDO_PARA_GIRAR | Target Wall: ARRIBA | Target Theta: 168.97° |theta: -10.084057194302488 
2026-06-02 14:45:16.831 - [robot_6_log_20260602_144504.csv] - INFO - Usando posición ESTIMA: x=88.16, y=137.36, θ=-0.18
2026-06-02 14:45:16.832 - [robot_6_log_20260602_144504.csv] - INFO - Distancias a paredes: Left: 88.16, Right: 361.84, Top: 2.64, Bottom: 137.36
2026-06-02 14:45:16.832 - [robot_6_log_20260602_144504.csv] - INFO - Posicion: 88.16, 137.36, -0.176 | Velocidad: 0.17509277691431824, 0.9845519384331295
2026-06-02 14:45:16.832 - [robot_6_log_20260602_144504.csv] - CRITICAL - Pared muy cercana [88.16, 361.84000000000003, 2.6399999999999864, 137.36]
2026-06-02 14:45:16.832 - [robot_6_log_20260602_144504.csv] - INFO - ARRIBA
2026-06-02 14:45:16.832 - [robot_6_log_20260602_144504.csv] - WARNING - Estado FSM: PARANDO_PARA_GIRAR | Target Wall: ARRIBA | Target Theta: 168.97° |theta: -10.084057194302488 
2026-06-02 14:45:16.851 - [robot_6_log_20260602_144504.csv] - DEBUG - Incoming data. Topic {"Wleft":4.042001207,"Wright":14.04431272}, mensaje agent/6/wheel
2026-06-02 14:45:16.881 - [robot_6_log_20260602_144504.csv] - INFO - Usando posición ESTIMA: x=88.16, y=137.36, θ=-0.18
2026-06-02 14:45:16.882 - [robot_6_log_20260602_144504.csv] - DEBUG - Incoming data. Topic {"Wleft":4.045014257,"Wright":2.022299461}, mensaje 6/pos
2026-06-02 14:45:16.882 - [robot_6_log_20260602_144504.csv] - INFO - Distancias a paredes: Left: 88.16, Right: 361.84, Top: 2.64, Bottom: 137.36
2026-06-02 14:45:16.882 - [robot_6_log_20260602_144504.csv] - DEBUG - Incoming data. Topic {"x": 97.58, "y": 120.78, "yaw": 2.52, "timestamp": 1780404316.8812225}, mensaje 6/pos
2026-06-02 14:45:16.882 - [robot_6_log_20260602_144504.csv] - INFO - Posicion: 88.16, 137.36, -0.176 | Velocidad: 0.17509277691431824, 0.9845519384331295
2026-06-02 14:45:16.882 - [robot_6_log_20260602_144504.csv] - CRITICAL - Pared muy cercana [88.16, 361.84000000000003, 2.6399999999999864, 137.36]
2026-06-02 14:45:16.882 - [robot_6_log_20260602_144504.csv] - INFO - ARRIBA
2026-06-02 14:45:16.882 - [robot_6_log_20260602_144504.csv] - WARNING - Estado FSM: PARANDO_PARA_GIRAR | Target Wall: ARRIBA | Target Theta: 168.97° |theta: -10.084057194302488 
2026-06-02 14:45:16.893 - [robot_6_log_20260602_144504.csv] - DEBUG - Incoming data. Topic {"x": 97.58, "y": 120.78, "yaw": 2.52, "timestamp": 1780404316.8812225}, mensaje 6/pos
2026-06-02 14:45:16.898 - [robot_6_log_20260602_144504.csv] - DEBUG - Incoming data. Topic {"x": 97.58, "y": 120.78, "yaw": 2.52, "timestamp": 1780404316.8908393}, mensaje 6/pos
2026-06-02 14:45:16.931 - [robot_6_log_20260602_144504.csv] - INFO - Usando posición ESTIMA: x=88.16, y=137.36, θ=-0.18
2026-06-02 14:45:16.932 - [robot_6_log_20260602_144504.csv] - INFO - Distancias a paredes: Left: 88.16, Right: 361.84, Top: 2.64, Bottom: 137.36
2026-06-02 14:45:16.932 - [robot_6_log_20260602_144504.csv] - INFO - Posicion: 88.16, 137.36, -0.176 | Velocidad: 0.17509277691431824, 0.9845519384331295
2026-06-02 14:45:16.932 - [robot_6_log_20260602_144504.csv] - CRITICAL - Pared muy cercana [88.16, 361.84000000000003, 2.6399999999999864, 137.36]
2026-06-02 14:45:16.932 - [robot_6_log_20260602_144504.csv] - INFO - ARRIBA
2026-06-02 14:45:16.932 - [robot_6_log_20260602_144504.csv] - WARNING - Estado FSM: PARANDO_PARA_GIRAR | Target Wall: ARRIBA | Target Theta: 168.97° |theta: -10.084057194302488 
2026-06-02 14:45:16.937 - [robot_6_log_20260602_144504.csv] - DEBUG - Incoming data. Topic {"x": 97.58, "y": 120.78, "yaw": 2.52, "timestamp": 1780404316.8908393}, mensaje agent/6/wheel
2026-06-02 14:45:16.981 - [robot_6_log_20260602_144504.csv] - INFO - Usando posición ESTIMA: x=88.16, y=137.36, θ=-0.18
2026-06-02 14:45:16.982 - [robot_6_log_20260602_144504.csv] - INFO - Distancias a paredes: Left: 88.16, Right: 361.84, Top: 2.64, Bottom: 137.36
2026-06-02 14:45:16.982 - [robot_6_log_20260602_144504.csv] - INFO - Posicion: 88.16, 137.36, -0.176 | Velocidad: 0.17509277691431824, 0.9845519384331295
2026-06-02 14:45:16.982 - [robot_6_log_20260602_144504.csv] - CRITICAL - Pared muy cercana [88.16, 361.84000000000003, 2.6399999999999864, 137.36]
2026-06-02 14:45:16.982 - [robot_6_log_20260602_144504.csv] - INFO - ARRIBA
2026-06-02 14:45:16.982 - [robot_6_log_20260602_144504.csv] - WARNING - Estado FSM: PARANDO_PARA_GIRAR | Target Wall: ARRIBA | Target Theta: 168.97° |theta: -10.084057194302488 
2026-06-02 14:45:16.993 - [robot_6_log_20260602_144504.csv] - DEBUG - Incoming data. Topic {"Wleft":6.058458041,"Wright":-1.832978214e-14}, mensaje 6/pos
2026-06-02 14:45:17.009 - [robot_6_log_20260602_144504.csv] - DEBUG - Incoming data. Topic {"x": 98.46, "y": 121.05, "yaw": 2.637, "timestamp": 1780404316.9880846}, mensaje 6/pos
2026-06-02 14:45:17.020 - [robot_6_log_20260602_144504.csv] - DEBUG - Incoming data. Topic {"x": 98.46, "y": 121.05, "yaw": 2.637, "timestamp": 1780404316.9880846}, mensaje 6/pos
2026-06-02 14:45:17.031 - [robot_6_log_20260602_144504.csv] - INFO - Usando posición ESTIMA: x=88.16, y=137.36, θ=-0.18
2026-06-02 14:45:17.032 - [robot_6_log_20260602_144504.csv] - INFO - Distancias a paredes: Left: 88.16, Right: 361.84, Top: 2.64, Bottom: 137.36
2026-06-02 14:45:17.032 - [robot_6_log_20260602_144504.csv] - INFO - Posicion: 88.16, 137.36, -0.176 | Velocidad: 0.17509277691431824, 0.9845519384331295
2026-06-02 14:45:17.032 - [robot_6_log_20260602_144504.csv] - CRITICAL - Pared muy cercana [88.16, 361.84000000000003, 2.6399999999999864, 137.36]
2026-06-02 14:45:17.032 - [robot_6_log_20260602_144504.csv] - INFO - ARRIBA
2026-06-02 14:45:17.032 - [robot_6_log_20260602_144504.csv] - DEBUG - Incoming data. Topic {"x": 98.46, "y": 121.05, "yaw": 2.637, "timestamp": 1780404316.9975038}, mensaje 6/pos
2026-06-02 14:45:17.032 - [robot_6_log_20260602_144504.csv] - WARNING - Estado FSM: PARANDO_PARA_GIRAR | Target Wall: ARRIBA | Target Theta: 168.97° |theta: -10.084057194302488 
2026-06-02 14:45:17.055 - [robot_6_log_20260602_144504.csv] - DEBUG - Incoming data. Topic {"x": 98.46, "y": 121.05, "yaw": 2.637, "timestamp": 1780404316.9975038}, mensaje agent/6/wheel
2026-06-02 14:45:17.081 - [robot_6_log_20260602_144504.csv] - INFO - Usando posición ESTIMA: x=88.16, y=137.36, θ=-0.18
2026-06-02 14:45:17.082 - [robot_6_log_20260602_144504.csv] - INFO - Distancias a paredes: Left: 88.16, Right: 361.84, Top: 2.64, Bottom: 137.36
2026-06-02 14:45:17.082 - [robot_6_log_20260602_144504.csv] - INFO - Posicion: 88.16, 137.36, -0.176 | Velocidad: 0.17509277691431824, 0.9845519384331295
2026-06-02 14:45:17.082 - [robot_6_log_20260602_144504.csv] - CRITICAL - Pared muy cercana [88.16, 361.84000000000003, 2.6399999999999864, 137.36]
2026-06-02 14:45:17.082 - [robot_6_log_20260602_144504.csv] - INFO - ARRIBA
2026-06-02 14:45:17.082 - [robot_6_log_20260602_144504.csv] - WARNING - Estado FSM: GIRA | Target Wall: ARRIBA | Target Theta: 10.08° |theta: -10.084057194302488 
2026-06-02 14:45:17.088 - [robot_6_log_20260602_144504.csv] - DEBUG - Enviado {'ang': 10.084057194302497}
2026-06-02 14:45:17.088 - [robot_6_log_20260602_144504.csv] - DEBUG - Incoming data. Topic {"Wleft":-9.592326933e-15,"Wright":-1.832978214e-14}, mensaje 6/pos
2026-06-02 14:45:17.108 - [robot_6_log_20260602_144504.csv] - DEBUG - Despachado a ZMQ -> agent/6/turn: {'ang': 10.084057194302497}
2026-06-02 14:45:17.118 - [robot_6_log_20260602_144504.csv] - DEBUG - Incoming data. Topic {"x": 98.77, "y": 121.19, "yaw": 2.679, "timestamp": 1780404317.0832381}, mensaje 6/pos
2026-06-02 14:45:17.129 - [robot_6_log_20260602_144504.csv] - DEBUG - Incoming data. Topic {"x": 98.77, "y": 121.19, "yaw": 2.679, "timestamp": 1780404317.0832381}, mensaje 6/pos
2026-06-02 14:45:17.131 - [robot_6_log_20260602_144504.csv] - INFO - Usando posición ESTIMA: x=88.16, y=137.36, θ=-0.18
2026-06-02 14:45:17.132 - [robot_6_log_20260602_144504.csv] - INFO - Distancias a paredes: Left: 88.16, Right: 361.84, Top: 2.64, Bottom: 137.36
2026-06-02 14:45:17.132 - [robot_6_log_20260602_144504.csv] - DEBUG - Incoming data. Topic {"x": 98.77, "y": 121.19, "yaw": 2.679, "timestamp": 1780404317.0929613}, mensaje 6/pos
2026-06-02 14:45:17.132 - [robot_6_log_20260602_144504.csv] - INFO - Posicion: 88.16, 137.36, -0.176 | Velocidad: 0.17509277691431824, 0.9845519384331295
2026-06-02 14:45:17.132 - [robot_6_log_20260602_144504.csv] - CRITICAL - Pared muy cercana [88.16, 361.84000000000003, 2.6399999999999864, 137.36]
2026-06-02 14:45:17.132 - [robot_6_log_20260602_144504.csv] - INFO - ARRIBA
2026-06-02 14:45:17.132 - [robot_6_log_20260602_144504.csv] - WARNING - Estado FSM: ESPERANDO_GIRO | Target Wall: ARRIBA | Target Theta: 10.08° |theta: -10.084057194302488 
2026-06-02 14:45:17.155 - [robot_6_log_20260602_144504.csv] - DEBUG - Incoming data. Topic {"x": 98.77, "y": 121.19, "yaw": 2.679, "timestamp": 1780404317.0929613}, mensaje agent/6/wheel
2026-06-02 14:45:17.181 - [robot_6_log_20260602_144504.csv] - INFO - Usando posición ESTIMA: x=88.16, y=137.36, θ=-0.18
2026-06-02 14:45:17.182 - [robot_6_log_20260602_144504.csv] - INFO - Distancias a paredes: Left: 88.16, Right: 361.84, Top: 2.64, Bottom: 137.36
2026-06-02 14:45:17.182 - [robot_6_log_20260602_144504.csv] - INFO - Posicion: 88.16, 137.36, -0.176 | Velocidad: 0.17509277691431824, 0.9845519384331295
2026-06-02 14:45:17.182 - [robot_6_log_20260602_144504.csv] - CRITICAL - Pared muy cercana [88.16, 361.84000000000003, 2.6399999999999864, 137.36]
2026-06-02 14:45:17.182 - [robot_6_log_20260602_144504.csv] - INFO - ARRIBA
2026-06-02 14:45:17.182 - [robot_6_log_20260602_144504.csv] - WARNING - Estado FSM: ESPERANDO_GIRO | Target Wall: ARRIBA | Target Theta: 10.08° |theta: -10.084057194302488 
2026-06-02 14:45:17.188 - [robot_6_log_20260602_144504.csv] - DEBUG - Incoming data. Topic {"Wleft":-9.592326933e-15,"Wright":-1.832978214e-14}, mensaje 6/pos
2026-06-02 14:45:17.188 - [robot_6_log_20260602_144504.csv] - DEBUG - Incoming data. Topic {"x": 98.77, "y": 121.18, "yaw": 2.675, "timestamp": 1780404317.1857774}, mensaje 6/pos
2026-06-02 14:45:17.200 - [robot_6_log_20260602_144504.csv] - DEBUG - Incoming data. Topic {"x": 98.77, "y": 121.18, "yaw": 2.675, "timestamp": 1780404317.1857774}, mensaje 6/pos
2026-06-02 14:45:17.217 - [robot_6_log_20260602_144504.csv] - DEBUG - Incoming data. Topic {"x": 98.77, "y": 121.18, "yaw": 2.675, "timestamp": 1780404317.1952884}, mensaje 6/pos
2026-06-02 14:45:17.231 - [robot_6_log_20260602_144504.csv] - INFO - Usando posición ESTIMA: x=88.16, y=137.36, θ=-0.18
2026-06-02 14:45:17.232 - [robot_6_log_20260602_144504.csv] - INFO - Distancias a paredes: Left: 88.16, Right: 361.84, Top: 2.64, Bottom: 137.36
2026-06-02 14:45:17.232 - [robot_6_log_20260602_144504.csv] - INFO - Posicion: 88.16, 137.36, -0.176 | Velocidad: 0.17509277691431824, 0.9845519384331295
2026-06-02 14:45:17.232 - [robot_6_log_20260602_144504.csv] - CRITICAL - Pared muy cercana [88.16, 361.84000000000003, 2.6399999999999864, 137.36]
2026-06-02 14:45:17.232 - [robot_6_log_20260602_144504.csv] - INFO - ARRIBA
2026-06-02 14:45:17.232 - [robot_6_log_20260602_144504.csv] - WARNING - Estado FSM: ESPERANDO_GIRO | Target Wall: ARRIBA | Target Theta: 10.08° |theta: -10.084057194302488 
2026-06-02 14:45:17.267 - [robot_6_log_20260602_144504.csv] - DEBUG - Incoming data. Topic {"x": 98.77, "y": 121.18, "yaw": 2.675, "timestamp": 1780404317.1952884}, mensaje agent/6/wheel
2026-06-02 14:45:17.267 - [robot_6_log_20260602_144504.csv] - DEBUG - Incoming data. Topic {"Wleft":0.02210179,"Wright":16}, mensaje agent/6/feedback
2026-06-02 14:45:17.281 - [robot_6_log_20260602_144504.csv] - INFO - Usando posición ESTIMA: x=88.16, y=137.36, θ=-0.18
2026-06-02 14:45:17.282 - [robot_6_log_20260602_144504.csv] - INFO - Distancias a paredes: Left: 88.16, Right: 361.84, Top: 2.64, Bottom: 137.36
2026-06-02 14:45:17.282 - [robot_6_log_20260602_144504.csv] - INFO - Posicion: 88.16, 137.36, -0.176 | Velocidad: 0.17509277691431824, 0.9845519384331295
2026-06-02 14:45:17.282 - [robot_6_log_20260602_144504.csv] - CRITICAL - Pared muy cercana [88.16, 361.84000000000003, 2.6399999999999864, 137.36]
2026-06-02 14:45:17.282 - [robot_6_log_20260602_144504.csv] - INFO - ARRIBA
2026-06-02 14:45:17.282 - [robot_6_log_20260602_144504.csv] - WARNING - Estado FSM: ESPERANDO_GIRO | Target Wall: ARRIBA | Target Theta: 10.08° |theta: -10.084057194302488 
2026-06-02 14:45:17.288 - [robot_6_log_20260602_144504.csv] - DEBUG - Incoming data. Topic {"status": "done", "op": "turn"}, mensaje 6/pos
2026-06-02 14:45:17.298 - [robot_6_log_20260602_144504.csv] - DEBUG - Incoming data. Topic {"x": 98.77, "y": 121.17, "yaw": 2.673, "timestamp": 1780404317.2834349}, mensaje 6/pos
2026-06-02 14:45:17.308 - [robot_6_log_20260602_144504.csv] - DEBUG - Incoming data. Topic {"x": 98.77, "y": 121.17, "yaw": 2.673, "timestamp": 1780404317.2834349}, mensaje 6/pos
2026-06-02 14:45:17.308 - [robot_6_log_20260602_144504.csv] - DEBUG - Incoming data. Topic {"x": 98.77, "y": 121.17, "yaw": 2.673, "timestamp": 1780404317.2930536}, mensaje 6/pos
2026-06-02 14:45:17.331 - [robot_6_log_20260602_144504.csv] - INFO - Usando posición ESTIMA: x=88.16, y=137.36, θ=-0.18
2026-06-02 14:45:17.332 - [robot_6_log_20260602_144504.csv] - INFO - Distancias a paredes: Left: 88.16, Right: 361.84, Top: 2.64, Bottom: 137.36
2026-06-02 14:45:17.332 - [robot_6_log_20260602_144504.csv] - INFO - Posicion: 88.16, 137.36, -0.176 | Velocidad: 0.17509277691431824, 0.9845519384331295
2026-06-02 14:45:17.332 - [robot_6_log_20260602_144504.csv] - CRITICAL - Pared muy cercana [88.16, 361.84000000000003, 2.6399999999999864, 137.36]
2026-06-02 14:45:17.332 - [robot_6_log_20260602_144504.csv] - INFO - ARRIBA
2026-06-02 14:45:17.332 - [robot_6_log_20260602_144504.csv] - WARNING - Estado FSM: ESPERANDO_GIRO | Target Wall: ARRIBA | Target Theta: 10.08° |theta: -10.084057194302488 
2026-06-02 14:45:17.368 - [robot_6_log_20260602_144504.csv] - DEBUG - Incoming data. Topic {"x": 98.77, "y": 121.17, "yaw": 2.673, "timestamp": 1780404317.2930536}, mensaje agent/6/wheel
2026-06-02 14:45:17.381 - [robot_6_log_20260602_144504.csv] - INFO - Usando posición ESTIMA: x=88.16, y=137.36, θ=-0.18
2026-06-02 14:45:17.382 - [robot_6_log_20260602_144504.csv] - INFO - Distancias a paredes: Left: 88.16, Right: 361.84, Top: 2.64, Bottom: 137.36
2026-06-02 14:45:17.382 - [robot_6_log_20260602_144504.csv] - INFO - Posicion: 88.16, 137.36, -0.176 | Velocidad: 0.17509277691431824, 0.9845519384331295
2026-06-02 14:45:17.382 - [robot_6_log_20260602_144504.csv] - CRITICAL - Pared muy cercana [88.16, 361.84000000000003, 2.6399999999999864, 137.36]
2026-06-02 14:45:17.382 - [robot_6_log_20260602_144504.csv] - INFO - ARRIBA
2026-06-02 14:45:17.382 - [robot_6_log_20260602_144504.csv] - WARNING - Estado FSM: ESPERANDO_GIRO | Target Wall: ARRIBA | Target Theta: 10.08° |theta: -10.084057194302488 
2026-06-02 14:45:17.393 - [robot_6_log_20260602_144504.csv] - DEBUG - Incoming data. Topic {"Wleft":0.024732666,"Wright":20}, mensaje 6/pos
2026-06-02 14:45:17.398 - [robot_6_log_20260602_144504.csv] - DEBUG - Incoming data. Topic {"x": 98.77, "y": 121.31, "yaw": 2.665, "timestamp": 1780404317.3881092}, mensaje 6/pos
2026-06-02 14:45:17.405 - [robot_6_log_20260602_144504.csv] - DEBUG - Incoming data. Topic {"x": 98.77, "y": 121.31, "yaw": 2.665, "timestamp": 1780404317.3881092}, mensaje 6/pos
2026-06-02 14:45:17.416 - [robot_6_log_20260602_144504.csv] - DEBUG - Incoming data. Topic {"x": 98.77, "y": 121.31, "yaw": 2.665, "timestamp": 1780404317.3978586}, mensaje 6/pos
2026-06-02 14:45:17.431 - [robot_6_log_20260602_144504.csv] - INFO - Usando posición ESTIMA: x=88.16, y=137.36, θ=-0.18
2026-06-02 14:45:17.432 - [robot_6_log_20260602_144504.csv] - INFO - Distancias a paredes: Left: 88.16, Right: 361.84, Top: 2.64, Bottom: 137.36
2026-06-02 14:45:17.432 - [robot_6_log_20260602_144504.csv] - INFO - Posicion: 88.16, 137.36, -0.176 | Velocidad: 0.17509277691431824, 0.9845519384331295
2026-06-02 14:45:17.432 - [robot_6_log_20260602_144504.csv] - CRITICAL - Pared muy cercana [88.16, 361.84000000000003, 2.6399999999999864, 137.36]
2026-06-02 14:45:17.432 - [robot_6_log_20260602_144504.csv] - INFO - ARRIBA
2026-06-02 14:45:17.432 - [robot_6_log_20260602_144504.csv] - WARNING - Estado FSM: ESPERANDO_GIRO | Target Wall: ARRIBA | Target Theta: 10.08° |theta: -10.084057194302488 
2026-06-02 14:45:17.465 - [robot_6_log_20260602_144504.csv] - DEBUG - Incoming data. Topic {"x": 98.77, "y": 121.31, "yaw": 2.665, "timestamp": 1780404317.3978586}, mensaje agent/6/wheel
2026-06-02 14:45:17.481 - [robot_6_log_20260602_144504.csv] - INFO - Usando posición ESTIMA: x=88.16, y=137.36, θ=-0.18
2026-06-02 14:45:17.482 - [robot_6_log_20260602_144504.csv] - INFO - Distancias a paredes: Left: 88.16, Right: 361.84, Top: 2.64, Bottom: 137.36
2026-06-02 14:45:17.482 - [robot_6_log_20260602_144504.csv] - INFO - Posicion: 88.16, 137.36, -0.176 | Velocidad: 0.17509277691431824, 0.9845519384331295
2026-06-02 14:45:17.482 - [robot_6_log_20260602_144504.csv] - CRITICAL - Pared muy cercana [88.16, 361.84000000000003, 2.6399999999999864, 137.36]
2026-06-02 14:45:17.482 - [robot_6_log_20260602_144504.csv] - INFO - ARRIBA
2026-06-02 14:45:17.482 - [robot_6_log_20260602_144504.csv] - WARNING - Estado FSM: ESPERANDO_GIRO | Target Wall: ARRIBA | Target Theta: 10.08° |theta: -10.084057194302488 
2026-06-02 14:45:17.488 - [robot_6_log_20260602_144504.csv] - DEBUG - Incoming data. Topic {"Wleft":-9.672818e-15,"Wright":20}, mensaje 6/pos
2026-06-02 14:45:17.504 - [robot_6_log_20260602_144504.csv] - DEBUG - Incoming data. Topic {"x": 98.63, "y": 122.36, "yaw": 2.564, "timestamp": 1780404317.485454}, mensaje 6/pos
2026-06-02 14:45:17.504 - [robot_6_log_20260602_144504.csv] - DEBUG - Incoming data. Topic {"x": 98.63, "y": 122.36, "yaw": 2.564, "timestamp": 1780404317.485454}, mensaje 6/pos
2026-06-02 14:45:17.520 - [robot_6_log_20260602_144504.csv] - DEBUG - Incoming data. Topic {"x": 98.63, "y": 122.36, "yaw": 2.564, "timestamp": 1780404317.4972448}, mensaje 6/pos
2026-06-02 14:45:17.531 - [robot_6_log_20260602_144504.csv] - INFO - Usando posición ESTIMA: x=88.16, y=137.36, θ=-0.18
2026-06-02 14:45:17.532 - [robot_6_log_20260602_144504.csv] - INFO - Distancias a paredes: Left: 88.16, Right: 361.84, Top: 2.64, Bottom: 137.36
2026-06-02 14:45:17.532 - [robot_6_log_20260602_144504.csv] - INFO - Posicion: 88.16, 137.36, -0.176 | Velocidad: 0.17509277691431824, 0.9845519384331295
2026-06-02 14:45:17.532 - [robot_6_log_20260602_144504.csv] - CRITICAL - Pared muy cercana [88.16, 361.84000000000003, 2.6399999999999864, 137.36]
2026-06-02 14:45:17.532 - [robot_6_log_20260602_144504.csv] - INFO - ARRIBA
2026-06-02 14:45:17.532 - [robot_6_log_20260602_144504.csv] - WARNING - Estado FSM: ESPERANDO_GIRO | Target Wall: ARRIBA | Target Theta: 10.08° |theta: -10.084057194302488 
2026-06-02 14:45:17.574 - [robot_6_log_20260602_144504.csv] - DEBUG - Incoming data. Topic {"x": 98.63, "y": 122.36, "yaw": 2.564, "timestamp": 1780404317.4972448}, mensaje agent/6/wheel
2026-06-02 14:45:17.581 - [robot_6_log_20260602_144504.csv] - WARNING - SISTEMA DESCONECTADO: Parando robot por seguridad
2026-06-02 14:45:17.587 - [robot_6_log_20260602_144504.csv] - DEBUG - Incoming data. Topic {"Wleft":-9.672818e-15,"Wright":14}, mensaje 6/pos
2026-06-02 14:45:17.593 - [robot_6_log_20260602_144504.csv] - DEBUG - Incoming data. Topic {"x": 98.65, "y": 123.31, "yaw": 2.465, "timestamp": 1780404317.5861254}, mensaje 6/pos
2026-06-02 14:45:17.613 - [robot_6_log_20260602_144504.csv] - DEBUG - Despachado a ZMQ -> agent/6/move: {'v': 0.0, 'w': 0.0}
2026-06-02 14:45:17.613 - [robot_6_log_20260602_144504.csv] - DEBUG - Incoming data. Topic {"x": 98.65, "y": 123.31, "yaw": 2.465, "timestamp": 1780404317.5861254}, mensaje 6/pos
2026-06-02 14:45:17.631 - [robot_6_log_20260602_144504.csv] - WARNING - SISTEMA DESCONECTADO: Parando robot por seguridad
2026-06-02 14:45:17.632 - [robot_6_log_20260602_144504.csv] - DEBUG - Incoming data. Topic {"x": 98.65, "y": 123.31, "yaw": 2.465, "timestamp": 1780404317.599288}, mensaje 6/pos
2026-06-02 14:45:17.647 - [robot_6_log_20260602_144504.csv] - DEBUG - Despachado a ZMQ -> agent/6/move: {'v': 0.0, 'w': 0.0}
2026-06-02 14:45:17.653 - [robot_6_log_20260602_144504.csv] - DEBUG - Incoming data. Topic {"x": 98.65, "y": 123.31, "yaw": 2.465, "timestamp": 1780404317.599288}, mensaje agent/6/wheel
2026-06-02 14:45:17.681 - [robot_6_log_20260602_144504.csv] - WARNING - SISTEMA DESCONECTADO: Parando robot por seguridad
2026-06-02 14:45:17.687 - [robot_6_log_20260602_144504.csv] - DEBUG - Incoming data. Topic {"Wleft":-9.672818e-15,"Wright":4.066900899}, mensaje 6/pos
2026-06-02 14:45:17.702 - [robot_6_log_20260602_144504.csv] - DEBUG - Incoming data. Topic {"x": 98.72, "y": 123.64, "yaw": 2.434, "timestamp": 1780404317.6841643}, mensaje 6/pos
2026-06-02 14:45:17.702 - [robot_6_log_20260602_144504.csv] - DEBUG - Despachado a ZMQ -> agent/6/move: {'v': 0.0, 'w': 0.0}
2026-06-02 14:45:17.708 - [robot_6_log_20260602_144504.csv] - DEBUG - Incoming data. Topic {"x": 98.72, "y": 123.64, "yaw": 2.434, "timestamp": 1780404317.6841643}, mensaje 6/pos
2026-06-02 14:45:17.713 - [robot_6_log_20260602_144504.csv] - DEBUG - Incoming data. Topic {"x": 98.72, "y": 123.64, "yaw": 2.434, "timestamp": 1780404317.6959388}, mensaje 6/pos
2026-06-02 14:45:17.731 - [robot_6_log_20260602_144504.csv] - WARNING - SISTEMA DESCONECTADO: Parando robot por seguridad
2026-06-02 14:45:17.742 - [robot_6_log_20260602_144504.csv] - DEBUG - Despachado a ZMQ -> agent/6/move: {'v': 0.0, 'w': 0.0}
2026-06-02 14:45:17.779 - [robot_6_log_20260602_144504.csv] - DEBUG - Incoming data. Topic {"x": 98.72, "y": 123.64, "yaw": 2.434, "timestamp": 1780404317.6959388}, mensaje agent/6/wheel
2026-06-02 14:45:17.781 - [robot_6_log_20260602_144504.csv] - WARNING - SISTEMA DESCONECTADO: Parando robot por seguridad
2026-06-02 14:45:17.788 - [robot_6_log_20260602_144504.csv] - DEBUG - Incoming data. Topic {"Wleft":-9.672818e-15,"Wright":-1.669775429e-14}, mensaje 6/pos
2026-06-02 14:45:17.793 - [robot_6_log_20260602_144504.csv] - DEBUG - Incoming data. Topic {"x": 98.73, "y": 123.61, "yaw": 2.438, "timestamp": 1780404317.7873423}, mensaje 6/pos
2026-06-02 14:45:17.803 - [robot_6_log_20260602_144504.csv] - DEBUG - Despachado a ZMQ -> agent/6/move: {'v': 0.0, 'w': 0.0}
2026-06-02 14:45:17.809 - [robot_6_log_20260602_144504.csv] - DEBUG - Incoming data. Topic {"x": 98.73, "y": 123.61, "yaw": 2.438, "timestamp": 1780404317.7873423}, mensaje 6/pos
2026-06-02 14:45:17.820 - [robot_6_log_20260602_144504.csv] - DEBUG - Incoming data. Topic {"x": 98.73, "y": 123.61, "yaw": 2.438, "timestamp": 1780404317.7994306}, mensaje 6/pos
2026-06-02 14:45:17.831 - [robot_6_log_20260602_144504.csv] - WARNING - SISTEMA DESCONECTADO: Parando robot por seguridad
2026-06-02 14:45:17.848 - [robot_6_log_20260602_144504.csv] - DEBUG - Despachado a ZMQ -> agent/6/move: {'v': 0.0, 'w': 0.0}
2026-06-02 14:45:17.848 - [robot_6_log_20260602_144504.csv] - DEBUG - Incoming data. Topic {"x": 98.73, "y": 123.61, "yaw": 2.438, "timestamp": 1780404317.7994306}, mensaje agent/6/wheel
2026-06-02 14:45:17.881 - [robot_6_log_20260602_144504.csv] - WARNING - SISTEMA DESCONECTADO: Parando robot por seguridad
2026-06-02 14:45:17.898 - [robot_6_log_20260602_144504.csv] - DEBUG - Despachado a ZMQ -> agent/6/move: {'v': 0.0, 'w': 0.0}
2026-06-02 14:45:17.931 - [robot_6_log_20260602_144504.csv] - WARNING - SISTEMA DESCONECTADO: Parando robot por seguridad
2026-06-02 14:45:17.943 - [robot_6_log_20260602_144504.csv] - DEBUG - Incoming data. Topic {"Wleft":-9.672818e-15,"Wright":-1.669775429e-14}, mensaje agent/6/wheel
2026-06-02 14:45:17.958 - [robot_6_log_20260602_144504.csv] - DEBUG - Despachado a ZMQ -> agent/6/move: {'v': 0.0, 'w': 0.0}
2026-06-02 14:45:17.981 - [robot_6_log_20260602_144504.csv] - WARNING - SISTEMA DESCONECTADO: Parando robot por seguridad
2026-06-02 14:45:17.988 - [robot_6_log_20260602_144504.csv] - DEBUG - Despachado a ZMQ -> agent/6/move: {'v': 0.0, 'w': 0.0}
2026-06-02 14:45:17.993 - [robot_6_log_20260602_144504.csv] - DEBUG - Incoming data. Topic {"Wleft":-9.672818e-15,"Wright":-1.669775429e-14}, mensaje 6/pos
2026-06-02 14:45:17.993 - [robot_6_log_20260602_144504.csv] - DEBUG - Incoming data. Topic {"x": 98.71, "y": 123.63, "yaw": 2.44, "timestamp": 1780404317.9883597}, mensaje 6/pos
2026-06-02 14:45:18.006 - [robot_6_log_20260602_144504.csv] - DEBUG - Incoming data. Topic {"x": 98.71, "y": 123.63, "yaw": 2.44, "timestamp": 1780404317.9883597}, mensaje 6/pos
2026-06-02 14:45:18.012 - [robot_6_log_20260602_144504.csv] - DEBUG - Incoming data. Topic {"x": 98.71, "y": 123.63, "yaw": 2.44, "timestamp": 1780404318.001214}, mensaje 6/pos
2026-06-02 14:45:18.031 - [robot_6_log_20260602_144504.csv] - WARNING - SISTEMA DESCONECTADO: Parando robot por seguridad
2026-06-02 14:45:18.047 - [robot_6_log_20260602_144504.csv] - DEBUG - Despachado a ZMQ -> agent/6/move: {'v': 0.0, 'w': 0.0}
2026-06-02 14:45:18.052 - [robot_6_log_20260602_144504.csv] - DEBUG - Incoming data. Topic {"x": 98.71, "y": 123.63, "yaw": 2.44, "timestamp": 1780404318.001214}, mensaje agent/6/wheel
2026-06-02 14:45:18.081 - [robot_6_log_20260602_144504.csv] - WARNING - SISTEMA DESCONECTADO: Parando robot por seguridad
2026-06-02 14:45:18.088 - [robot_6_log_20260602_144504.csv] - DEBUG - Despachado a ZMQ -> agent/6/move: {'v': 0.0, 'w': 0.0}
2026-06-02 14:45:18.093 - [robot_6_log_20260602_144504.csv] - DEBUG - Incoming data. Topic {"Wleft":-9.672818e-15,"Wright":-1.669775429e-14}, mensaje 6/pos
2026-06-02 14:45:18.115 - [robot_6_log_20260602_144504.csv] - DEBUG - Incoming data. Topic {"x": 98.7, "y": 123.64, "yaw": 2.434, "timestamp": 1780404318.0878909}, mensaje 6/pos
2026-06-02 14:45:18.116 - [robot_6_log_20260602_144504.csv] - DEBUG - Incoming data. Topic {"x": 98.7, "y": 123.64, "yaw": 2.434, "timestamp": 1780404318.0878909}, mensaje 6/pos
2026-06-02 14:45:18.121 - [robot_6_log_20260602_144504.csv] - DEBUG - Incoming data. Topic {"x": 98.7, "y": 123.64, "yaw": 2.434, "timestamp": 1780404318.1004453}, mensaje 6/pos
2026-06-02 14:45:18.131 - [robot_6_log_20260602_144504.csv] - WARNING - SISTEMA DESCONECTADO: Parando robot por seguridad
2026-06-02 14:45:18.137 - [robot_6_log_20260602_144504.csv] - DEBUG - Despachado a ZMQ -> agent/6/move: {'v': 0.0, 'w': 0.0}
2026-06-02 14:45:18.179 - [robot_6_log_20260602_144504.csv] - DEBUG - Incoming data. Topic {"x": 98.7, "y": 123.64, "yaw": 2.434, "timestamp": 1780404318.1004453}, mensaje agent/6/wheel
2026-06-02 14:45:18.181 - [robot_6_log_20260602_144504.csv] - WARNING - SISTEMA DESCONECTADO: Parando robot por seguridad
2026-06-02 14:45:18.193 - [robot_6_log_20260602_144504.csv] - DEBUG - Despachado a ZMQ -> agent/6/move: {'v': 0.0, 'w': 0.0}
2026-06-02 14:45:18.198 - [robot_6_log_20260602_144504.csv] - DEBUG - Incoming data. Topic {"Wleft":-9.672818e-15,"Wright":-1.669775429e-14}, mensaje 6/pos
2026-06-02 14:45:18.210 - [robot_6_log_20260602_144504.csv] - DEBUG - Incoming data. Topic {"x": 98.71, "y": 123.62, "yaw": 2.437, "timestamp": 1780404318.1898723}, mensaje 6/pos
2026-06-02 14:45:18.210 - [robot_6_log_20260602_144504.csv] - DEBUG - Incoming data. Topic {"x": 98.71, "y": 123.62, "yaw": 2.437, "timestamp": 1780404318.1898723}, mensaje 6/pos
2026-06-02 14:45:18.215 - [robot_6_log_20260602_144504.csv] - DEBUG - Incoming data. Topic {"x": 98.71, "y": 123.62, "yaw": 2.437, "timestamp": 1780404318.2013304}, mensaje 6/pos
2026-06-02 14:45:18.231 - [robot_6_log_20260602_144504.csv] - WARNING - SISTEMA DESCONECTADO: Parando robot por seguridad
2026-06-02 14:45:18.253 - [robot_6_log_20260602_144504.csv] - DEBUG - Incoming data. Topic {"x": 98.71, "y": 123.62, "yaw": 2.437, "timestamp": 1780404318.2013304}, mensaje agent/6/wheel
2026-06-02 14:45:18.253 - [robot_6_log_20260602_144504.csv] - DEBUG - Despachado a ZMQ -> agent/6/move: {'v': 0.0, 'w': 0.0}
2026-06-02 14:45:18.281 - [robot_6_log_20260602_144504.csv] - WARNING - SISTEMA DESCONECTADO: Parando robot por seguridad
2026-06-02 14:45:18.288 - [robot_6_log_20260602_144504.csv] - DEBUG - Incoming data. Topic {"Wleft":-9.672818e-15,"Wright":-1.669775429e-14}, mensaje 6/pos
2026-06-02 14:45:18.293 - [robot_6_log_20260602_144504.csv] - DEBUG - Incoming data. Topic {"x": 98.72, "y": 123.62, "yaw": 2.438, "timestamp": 1780404318.2871919}, mensaje 6/pos
2026-06-02 14:45:18.303 - [robot_6_log_20260602_144504.csv] - DEBUG - Despachado a ZMQ -> agent/6/move: {'v': 0.0, 'w': 0.0}
2026-06-02 14:45:18.303 - [robot_6_log_20260602_144504.csv] - DEBUG - Incoming data. Topic {"x": 98.72, "y": 123.62, "yaw": 2.438, "timestamp": 1780404318.2871919}, mensaje 6/pos
2026-06-02 14:45:18.330 - [robot_6_log_20260602_144504.csv] - DEBUG - Incoming data. Topic {"x": 98.72, "y": 123.62, "yaw": 2.438, "timestamp": 1780404318.3000145}, mensaje 6/pos
2026-06-02 14:45:18.331 - [robot_6_log_20260602_144504.csv] - WARNING - SISTEMA DESCONECTADO: Parando robot por seguridad
2026-06-02 14:45:18.352 - [robot_6_log_20260602_144504.csv] - DEBUG - Despachado a ZMQ -> agent/6/move: {'v': 0.0, 'w': 0.0}
2026-06-02 14:45:18.352 - [robot_6_log_20260602_144504.csv] - DEBUG - Incoming data. Topic {"x": 98.72, "y": 123.62, "yaw": 2.438, "timestamp": 1780404318.3000145}, mensaje agent/6/wheel
2026-06-02 14:45:18.381 - [robot_6_log_20260602_144504.csv] - WARNING - SISTEMA DESCONECTADO: Parando robot por seguridad
2026-06-02 14:45:18.402 - [robot_6_log_20260602_144504.csv] - DEBUG - Despachado a ZMQ -> agent/6/move: {'v': 0.0, 'w': 0.0}
2026-06-02 14:45:18.431 - [robot_6_log_20260602_144504.csv] - WARNING - SISTEMA DESCONECTADO: Parando robot por seguridad
2026-06-02 14:45:18.452 - [robot_6_log_20260602_144504.csv] - DEBUG - Despachado a ZMQ -> agent/6/move: {'v': 0.0, 'w': 0.0}
2026-06-02 14:45:18.452 - [robot_6_log_20260602_144504.csv] - DEBUG - Incoming data. Topic {"Wleft":-9.672818e-15,"Wright":-1.669775429e-14}, mensaje agent/6/wheel
2026-06-02 14:45:18.481 - [robot_6_log_20260602_144504.csv] - WARNING - SISTEMA DESCONECTADO: Parando robot por seguridad
2026-06-02 14:45:18.487 - [robot_6_log_20260602_144504.csv] - DEBUG - Incoming data. Topic {"Wleft":-9.672818e-15,"Wright":-1.669775429e-14}, mensaje 6/pos
2026-06-02 14:45:18.487 - [robot_6_log_20260602_144504.csv] - DEBUG - Incoming data. Topic {"x": 98.72, "y": 123.62, "yaw": 2.438, "timestamp": 1780404318.4819942}, mensaje 6/pos
2026-06-02 14:45:18.487 - [robot_6_log_20260602_144504.csv] - DEBUG - Despachado a ZMQ -> agent/6/move: {'v': 0.0, 'w': 0.0}
2026-06-02 14:45:18.492 - [robot_6_log_20260602_144504.csv] - DEBUG - Incoming data. Topic {"x": 98.72, "y": 123.62, "yaw": 2.438, "timestamp": 1780404318.4819942}, mensaje 6/pos
2026-06-02 14:45:18.508 - [robot_6_log_20260602_144504.csv] - DEBUG - Incoming data. Topic {"x": 98.72, "y": 123.62, "yaw": 2.438, "timestamp": 1780404318.4920077}, mensaje 6/pos
2026-06-02 14:45:18.531 - [robot_6_log_20260602_144504.csv] - WARNING - SISTEMA DESCONECTADO: Parando robot por seguridad
2026-06-02 14:45:18.553 - [robot_6_log_20260602_144504.csv] - DEBUG - Despachado a ZMQ -> agent/6/move: {'v': 0.0, 'w': 0.0}
2026-06-02 14:45:18.558 - [robot_6_log_20260602_144504.csv] - DEBUG - Incoming data. Topic {"x": 98.72, "y": 123.62, "yaw": 2.438, "timestamp": 1780404318.4920077}, mensaje agent/6/wheel
2026-06-02 14:45:18.581 - [robot_6_log_20260602_144504.csv] - WARNING - SISTEMA DESCONECTADO: Parando robot por seguridad
2026-06-02 14:45:18.588 - [robot_6_log_20260602_144504.csv] - DEBUG - Incoming data. Topic {"Wleft":-9.672818e-15,"Wright":-1.669775429e-14}, mensaje 6/pos
2026-06-02 14:45:18.598 - [robot_6_log_20260602_144504.csv] - DEBUG - Despachado a ZMQ -> agent/6/move: {'v': 0.0, 'w': 0.0}
2026-06-02 14:45:18.603 - [robot_6_log_20260602_144504.csv] - DEBUG - Incoming data. Topic {"x": 98.72, "y": 123.63, "yaw": 2.438, "timestamp": 1780404318.5860732}, mensaje 6/pos
2026-06-02 14:45:18.610 - [robot_6_log_20260602_144504.csv] - DEBUG - Incoming data. Topic {"x": 98.72, "y": 123.63, "yaw": 2.438, "timestamp": 1780404318.5860732}, mensaje 6/pos
2026-06-02 14:45:18.615 - [robot_6_log_20260602_144504.csv] - DEBUG - Incoming data. Topic {"x": 98.72, "y": 123.63, "yaw": 2.438, "timestamp": 1780404318.5982988}, mensaje 6/pos
2026-06-02 14:45:18.631 - [robot_6_log_20260602_144504.csv] - WARNING - SISTEMA DESCONECTADO: Parando robot por seguridad
2026-06-02 14:45:18.653 - [robot_6_log_20260602_144504.csv] - DEBUG - Despachado a ZMQ -> agent/6/move: {'v': 0.0, 'w': 0.0}
2026-06-02 14:45:18.658 - [robot_6_log_20260602_144504.csv] - DEBUG - Incoming data. Topic {"x": 98.72, "y": 123.63, "yaw": 2.438, "timestamp": 1780404318.5982988}, mensaje agent/6/wheel
2026-06-02 14:45:18.681 - [robot_6_log_20260602_144504.csv] - WARNING - SISTEMA DESCONECTADO: Parando robot por seguridad
2026-06-02 14:45:18.687 - [robot_6_log_20260602_144504.csv] - DEBUG - Incoming data. Topic {"Wleft":-9.672818e-15,"Wright":-1.669775429e-14}, mensaje 6/pos
2026-06-02 14:45:18.687 - [robot_6_log_20260602_144504.csv] - DEBUG - Despachado a ZMQ -> agent/6/move: {'v': 0.0, 'w': 0.0}
2026-06-02 14:45:18.693 - [robot_6_log_20260602_144504.csv] - DEBUG - Incoming data. Topic {"x": 98.7, "y": 123.62, "yaw": 2.435, "timestamp": 1780404318.6818972}, mensaje 6/pos
2026-06-02 14:45:18.699 - [robot_6_log_20260602_144504.csv] - DEBUG - Incoming data. Topic {"x": 98.7, "y": 123.62, "yaw": 2.435, "timestamp": 1780404318.6818972}, mensaje 6/pos
2026-06-02 14:45:18.709 - [robot_6_log_20260602_144504.csv] - DEBUG - Incoming data. Topic {"x": 98.7, "y": 123.62, "yaw": 2.435, "timestamp": 1780404318.6919491}, mensaje 6/pos
2026-06-02 14:45:18.731 - [robot_6_log_20260602_144504.csv] - WARNING - SISTEMA DESCONECTADO: Parando robot por seguridad
2026-06-02 14:45:18.752 - [robot_6_log_20260602_144504.csv] - DEBUG - Despachado a ZMQ -> agent/6/move: {'v': 0.0, 'w': 0.0}
2026-06-02 14:45:18.758 - [robot_6_log_20260602_144504.csv] - DEBUG - Incoming data. Topic {"x": 98.7, "y": 123.62, "yaw": 2.435, "timestamp": 1780404318.6919491}, mensaje agent/6/wheel
2026-06-02 14:45:18.781 - [robot_6_log_20260602_144504.csv] - WARNING - SISTEMA DESCONECTADO: Parando robot por seguridad
2026-06-02 14:45:18.793 - [robot_6_log_20260602_144504.csv] - DEBUG - Despachado a ZMQ -> agent/6/move: {'v': 0.0, 'w': 0.0}
2026-06-02 14:45:18.831 - [robot_6_log_20260602_144504.csv] - WARNING - SISTEMA DESCONECTADO: Parando robot por seguridad
2026-06-02 14:45:18.852 - [robot_6_log_20260602_144504.csv] - DEBUG - Despachado a ZMQ -> agent/6/move: {'v': 0.0, 'w': 0.0}
2026-06-02 14:45:18.869 - [robot_6_log_20260602_144504.csv] - DEBUG - Incoming data. Topic {"Wleft":-9.672818e-15,"Wright":-1.669775429e-14}, mensaje agent/6/wheel
2026-06-02 14:45:18.881 - [robot_6_log_20260602_144504.csv] - WARNING - SISTEMA DESCONECTADO: Parando robot por seguridad
2026-06-02 14:45:18.892 - [robot_6_log_20260602_144504.csv] - DEBUG - Despachado a ZMQ -> agent/6/move: {'v': 0.0, 'w': 0.0}
2026-06-02 14:45:18.892 - [robot_6_log_20260602_144504.csv] - DEBUG - Incoming data. Topic {"Wleft":-9.672818e-15,"Wright":-1.669775429e-14}, mensaje 6/pos
2026-06-02 14:45:18.907 - [robot_6_log_20260602_144504.csv] - DEBUG - Incoming data. Topic {"x": 98.7, "y": 123.63, "yaw": 2.435, "timestamp": 1780404318.8872027}, mensaje 6/pos
2026-06-02 14:45:18.913 - [robot_6_log_20260602_144504.csv] - DEBUG - Incoming data. Topic {"x": 98.7, "y": 123.63, "yaw": 2.435, "timestamp": 1780404318.8872027}, mensaje 6/pos
2026-06-02 14:45:18.913 - [robot_6_log_20260602_144504.csv] - DEBUG - Incoming data. Topic {"x": 98.7, "y": 123.63, "yaw": 2.435, "timestamp": 1780404318.8971095}, mensaje 6/pos
2026-06-02 14:45:18.931 - [robot_6_log_20260602_144504.csv] - WARNING - SISTEMA DESCONECTADO: Parando robot por seguridad
2026-06-02 14:45:18.952 - [robot_6_log_20260602_144504.csv] - DEBUG - Despachado a ZMQ -> agent/6/move: {'v': 0.0, 'w': 0.0}
2026-06-02 14:45:18.981 - [robot_6_log_20260602_144504.csv] - WARNING - SISTEMA DESCONECTADO: Parando robot por seguridad
2026-06-02 14:45:18.988 - [robot_6_log_20260602_144504.csv] - DEBUG - Incoming data. Topic {"x": 98.7, "y": 123.63, "yaw": 2.435, "timestamp": 1780404318.8971095}, mensaje 6/pos
2026-06-02 14:45:19.003 - [robot_6_log_20260602_144504.csv] - DEBUG - Despachado a ZMQ -> agent/6/move: {'v': 0.0, 'w': 0.0}
2026-06-02 14:45:19.003 - [robot_6_log_20260602_144504.csv] - DEBUG - Incoming data. Topic {"x": 98.73, "y": 123.63, "yaw": 2.438, "timestamp": 1780404318.9857225}, mensaje 6/pos
2026-06-02 14:45:19.010 - [robot_6_log_20260602_144504.csv] - DEBUG - Incoming data. Topic {"x": 98.73, "y": 123.63, "yaw": 2.438, "timestamp": 1780404318.9857225}, mensaje 6/pos
2026-06-02 14:45:19.015 - [robot_6_log_20260602_144504.csv] - DEBUG - Incoming data. Topic {"x": 98.73, "y": 123.63, "yaw": 2.438, "timestamp": 1780404318.997651}, mensaje agent/6/wheel
2026-06-02 14:45:19.031 - [robot_6_log_20260602_144504.csv] - WARNING - SISTEMA DESCONECTADO: Parando robot por seguridad
2026-06-02 14:45:19.043 - [robot_6_log_20260602_144504.csv] - DEBUG - Incoming data. Topic {"Wleft":-9.672818e-15,"Wright":-1.669775429e-14}, mensaje 6/pos
2026-06-02 14:45:19.058 - [robot_6_log_20260602_144504.csv] - DEBUG - Despachado a ZMQ -> agent/6/move: {'v': 0.0, 'w': 0.0}
2026-06-02 14:45:19.077 - [robot_6_log_20260602_144504.csv] - DEBUG - Incoming data. Topic {"x": 98.73, "y": 123.63, "yaw": 2.438, "timestamp": 1780404318.997651}, mensaje agent/6/wheel
2026-06-02 14:45:19.081 - [robot_6_log_20260602_144504.csv] - WARNING - SISTEMA DESCONECTADO: Parando robot por seguridad
2026-06-02 14:45:19.093 - [robot_6_log_20260602_144504.csv] - DEBUG - Despachado a ZMQ -> agent/6/move: {'v': 0.0, 'w': 0.0}
2026-06-02 14:45:19.098 - [robot_6_log_20260602_144504.csv] - DEBUG - Incoming data. Topic {"Wleft":-9.672818e-15,"Wright":-1.669775429e-14}, mensaje 6/pos
2026-06-02 14:45:19.098 - [robot_6_log_20260602_144504.csv] - DEBUG - Incoming data. Topic {"x": 98.72, "y": 123.63, "yaw": 2.438, "timestamp": 1780404319.0831592}, mensaje 6/pos
2026-06-02 14:45:19.098 - [robot_6_log_20260602_144504.csv] - DEBUG - Incoming data. Topic {"x": 98.72, "y": 123.63, "yaw": 2.438, "timestamp": 1780404319.0831592}, mensaje 6/pos
2026-06-02 14:45:19.098 - [robot_6_log_20260602_144504.csv] - DEBUG - Incoming data. Topic {"x": 98.72, "y": 123.63, "yaw": 2.438, "timestamp": 1780404319.095078}, mensaje 6/pos
2026-06-02 14:45:19.131 - [robot_6_log_20260602_144504.csv] - WARNING - SISTEMA DESCONECTADO: Parando robot por seguridad
2026-06-02 14:45:19.138 - [robot_6_log_20260602_144504.csv] - DEBUG - Despachado a ZMQ -> agent/6/move: {'v': 0.0, 'w': 0.0}
2026-06-02 14:45:19.180 - [robot_6_log_20260602_144504.csv] - DEBUG - Incoming data. Topic {"x": 98.72, "y": 123.63, "yaw": 2.438, "timestamp": 1780404319.095078}, mensaje agent/6/wheel
2026-06-02 14:45:19.181 - [robot_6_log_20260602_144504.csv] - WARNING - SISTEMA DESCONECTADO: Parando robot por seguridad
2026-06-02 14:45:19.188 - [robot_6_log_20260602_144504.csv] - DEBUG - Despachado a ZMQ -> agent/6/move: {'v': 0.0, 'w': 0.0}
2026-06-02 14:45:19.188 - [robot_6_log_20260602_144504.csv] - DEBUG - Incoming data. Topic {"Wleft":-9.672818e-15,"Wright":-1.669775429e-14}, mensaje 6/pos
2026-06-02 14:45:19.204 - [robot_6_log_20260602_144504.csv] - DEBUG - Incoming data. Topic {"x": 98.72, "y": 123.63, "yaw": 2.435, "timestamp": 1780404319.1870296}, mensaje 6/pos
2026-06-02 14:45:19.210 - [robot_6_log_20260602_144504.csv] - DEBUG - Incoming data. Topic {"x": 98.72, "y": 123.63, "yaw": 2.435, "timestamp": 1780404319.1870296}, mensaje 6/pos
2026-06-02 14:45:19.215 - [robot_6_log_20260602_144504.csv] - DEBUG - Incoming data. Topic {"x": 98.72, "y": 123.63, "yaw": 2.435, "timestamp": 1780404319.1986363}, mensaje 6/pos
2026-06-02 14:45:19.231 - [robot_6_log_20260602_144504.csv] - WARNING - SISTEMA DESCONECTADO: Parando robot por seguridad
2026-06-02 14:45:19.253 - [robot_6_log_20260602_144504.csv] - DEBUG - Despachado a ZMQ -> agent/6/move: {'v': 0.0, 'w': 0.0}
2026-06-02 14:45:19.281 - [robot_6_log_20260602_144504.csv] - WARNING - SISTEMA DESCONECTADO: Parando robot por seguridad
2026-06-02 14:45:19.287 - [robot_6_log_20260602_144504.csv] - DEBUG - Incoming data. Topic {"x": 98.72, "y": 123.63, "yaw": 2.435, "timestamp": 1780404319.1986363}, mensaje 6/pos
2026-06-02 14:45:19.288 - [robot_6_log_20260602_144504.csv] - DEBUG - Despachado a ZMQ -> agent/6/move: {'v': 0.0, 'w': 0.0}
2026-06-02 14:45:19.293 - [robot_6_log_20260602_144504.csv] - DEBUG - Incoming data. Topic {"x": 98.71, "y": 123.63, "yaw": 2.434, "timestamp": 1780404319.2821229}, mensaje 6/pos
2026-06-02 14:45:19.304 - [robot_6_log_20260602_144504.csv] - DEBUG - Incoming data. Topic {"x": 98.71, "y": 123.63, "yaw": 2.434, "timestamp": 1780404319.2821229}, mensaje agent/6/wheel
2026-06-02 14:45:19.324 - [robot_6_log_20260602_144504.csv] - DEBUG - Incoming data. Topic {"Wleft":-9.672818e-15,"Wright":-1.669775429e-14}, mensaje 6/pos
2026-06-02 14:45:19.331 - [robot_6_log_20260602_144504.csv] - WARNING - SISTEMA DESCONECTADO: Parando robot por seguridad
2026-06-02 14:45:19.338 - [robot_6_log_20260602_144504.csv] - DEBUG - Incoming data. Topic {"x": 98.71, "y": 123.63, "yaw": 2.434, "timestamp": 1780404319.2919996}, mensaje 6/pos
2026-06-02 14:45:19.343 - [robot_6_log_20260602_144504.csv] - DEBUG - Despachado a ZMQ -> agent/6/move: {'v': 0.0, 'w': 0.0}
2026-06-02 14:45:19.381 - [robot_6_log_20260602_144504.csv] - WARNING - SISTEMA DESCONECTADO: Parando robot por seguridad
2026-06-02 14:45:19.403 - [robot_6_log_20260602_144504.csv] - DEBUG - Despachado a ZMQ -> agent/6/move: {'v': 0.0, 'w': 0.0}
2026-06-02 14:45:19.403 - [robot_6_log_20260602_144504.csv] - DEBUG - Incoming data. Topic {"x": 98.71, "y": 123.63, "yaw": 2.434, "timestamp": 1780404319.2919996}, mensaje agent/6/wheel
2026-06-02 14:45:19.431 - [robot_6_log_20260602_144504.csv] - WARNING - SISTEMA DESCONECTADO: Parando robot por seguridad
2026-06-02 14:45:19.453 - [robot_6_log_20260602_144504.csv] - DEBUG - Despachado a ZMQ -> agent/6/move: {'v': 0.0, 'w': 0.0}
2026-06-02 14:45:19.481 - [robot_6_log_20260602_144504.csv] - WARNING - SISTEMA DESCONECTADO: Parando robot por seguridad
2026-06-02 14:45:19.503 - [robot_6_log_20260602_144504.csv] - DEBUG - Despachado a ZMQ -> agent/6/move: {'v': 0.0, 'w': 0.0}
2026-06-02 14:45:19.531 - [robot_6_log_20260602_144504.csv] - WARNING - SISTEMA DESCONECTADO: Parando robot por seguridad
2026-06-02 14:45:19.547 - [robot_6_log_20260602_144504.csv] - DEBUG - Despachado a ZMQ -> agent/6/move: {'v': 0.0, 'w': 0.0}
2026-06-02 14:45:19.552 - [robot_6_log_20260602_144504.csv] - DEBUG - Incoming data. Topic {"Wleft":-9.672818e-15,"Wright":-1.669775429e-14}, mensaje agent/6/wheel
2026-06-02 14:45:19.581 - [robot_6_log_20260602_144504.csv] - WARNING - SISTEMA DESCONECTADO: Parando robot por seguridad
2026-06-02 14:45:19.588 - [robot_6_log_20260602_144504.csv] - DEBUG - Incoming data. Topic {"Wleft":-9.672818e-15,"Wright":-1.669775429e-14}, mensaje 6/pos
2026-06-02 14:45:19.593 - [robot_6_log_20260602_144504.csv] - DEBUG - Incoming data. Topic {"x": 98.72, "y": 123.63, "yaw": 2.438, "timestamp": 1780404319.587728}, mensaje agent/6/wheel
2026-06-02 14:45:19.603 - [robot_6_log_20260602_144504.csv] - DEBUG - Incoming data. Topic {"Wleft":-9.672818e-15,"Wright":-1.669775429e-14}, mensaje 6/pos
2026-06-02 14:45:19.608 - [robot_6_log_20260602_144504.csv] - DEBUG - Incoming data. Topic {"x": 98.72, "y": 123.63, "yaw": 2.438, "timestamp": 1780404319.6002393}, mensaje 6/pos
2026-06-02 14:45:19.631 - [robot_6_log_20260602_144504.csv] - WARNING - SISTEMA DESCONECTADO: Parando robot por seguridad
2026-06-02 14:45:19.637 - [robot_6_log_20260602_144504.csv] - DEBUG - Despachado a ZMQ -> agent/6/move: {'v': 0.0, 'w': 0.0}
2026-06-02 14:45:19.642 - [robot_6_log_20260602_144504.csv] - DEBUG - Incoming data. Topic {"x": 98.72, "y": 123.63, "yaw": 2.438, "timestamp": 1780404319.587728}, mensaje 6/pos
2026-06-02 14:45:19.652 - [robot_6_log_20260602_144504.csv] - DEBUG - Despachado a ZMQ -> agent/6/move: {'v': 0.0, 'w': 0.0}
2026-06-02 14:45:19.681 - [robot_6_log_20260602_144504.csv] - WARNING - SISTEMA DESCONECTADO: Parando robot por seguridad
2026-06-02 14:45:19.702 - [robot_6_log_20260602_144504.csv] - DEBUG - Despachado a ZMQ -> agent/6/move: {'v': 0.0, 'w': 0.0}
2026-06-02 14:45:19.702 - [robot_6_log_20260602_144504.csv] - DEBUG - Incoming data. Topic {"x": 98.72, "y": 123.63, "yaw": 2.438, "timestamp": 1780404319.6002393}, mensaje agent/6/wheel
2026-06-02 14:45:19.731 - [robot_6_log_20260602_144504.csv] - WARNING - SISTEMA DESCONECTADO: Parando robot por seguridad
2026-06-02 14:45:19.752 - [robot_6_log_20260602_144504.csv] - DEBUG - Despachado a ZMQ -> agent/6/move: {'v': 0.0, 'w': 0.0}
2026-06-02 14:45:19.781 - [robot_6_log_20260602_144504.csv] - WARNING - SISTEMA DESCONECTADO: Parando robot por seguridad
2026-06-02 14:45:19.792 - [robot_6_log_20260602_144504.csv] - DEBUG - Incoming data. Topic {"Wleft":-9.672818e-15,"Wright":-1.669775429e-14}, mensaje 6/pos
2026-06-02 14:45:19.802 - [robot_6_log_20260602_144504.csv] - DEBUG - Despachado a ZMQ -> agent/6/move: {'v': 0.0, 'w': 0.0}
2026-06-02 14:45:19.807 - [robot_6_log_20260602_144504.csv] - DEBUG - Incoming data. Topic {"x": 98.71, "y": 123.63, "yaw": 2.439, "timestamp": 1780404319.7884881}, mensaje agent/6/wheel
2026-06-02 14:45:19.820 - [robot_6_log_20260602_144504.csv] - DEBUG - Incoming data. Topic {"Wleft":-9.672818e-15,"Wright":-1.669775429e-14}, mensaje 6/pos
2026-06-02 14:45:19.820 - [robot_6_log_20260602_144504.csv] - DEBUG - Incoming data. Topic {"x": 98.71, "y": 123.63, "yaw": 2.439, "timestamp": 1780404319.7884881}, mensaje 6/pos
2026-06-02 14:45:19.831 - [robot_6_log_20260602_144504.csv] - WARNING - SISTEMA DESCONECTADO: Parando robot por seguridad
2026-06-02 14:45:19.843 - [robot_6_log_20260602_144504.csv] - DEBUG - Incoming data. Topic {"x": 98.71, "y": 123.63, "yaw": 2.439, "timestamp": 1780404319.8000152}, mensaje 6/pos
2026-06-02 14:45:19.858 - [robot_6_log_20260602_144504.csv] - DEBUG - Despachado a ZMQ -> agent/6/move: {'v': 0.0, 'w': 0.0}
2026-06-02 14:45:19.881 - [robot_6_log_20260602_144504.csv] - WARNING - SISTEMA DESCONECTADO: Parando robot por seguridad
2026-06-02 14:45:19.902 - [robot_6_log_20260602_144504.csv] - DEBUG - Despachado a ZMQ -> agent/6/move: {'v': 0.0, 'w': 0.0}
2026-06-02 14:45:19.902 - [robot_6_log_20260602_144504.csv] - DEBUG - Incoming data. Topic {"x": 98.71, "y": 123.63, "yaw": 2.439, "timestamp": 1780404319.8000152}, mensaje agent/6/wheel
2026-06-02 14:45:19.931 - [robot_6_log_20260602_144504.csv] - WARNING - SISTEMA DESCONECTADO: Parando robot por seguridad
2026-06-02 14:45:19.952 - [robot_6_log_20260602_144504.csv] - DEBUG - Despachado a ZMQ -> agent/6/move: {'v': 0.0, 'w': 0.0}
2026-06-02 14:45:19.981 - [robot_6_log_20260602_144504.csv] - WARNING - SISTEMA DESCONECTADO: Parando robot por seguridad
2026-06-02 14:45:20.003 - [robot_6_log_20260602_144504.csv] - DEBUG - Despachado a ZMQ -> agent/6/move: {'v': 0.0, 'w': 0.0}
2026-06-02 14:45:20.031 - [robot_6_log_20260602_144504.csv] - WARNING - SISTEMA DESCONECTADO: Parando robot por seguridad
2026-06-02 14:45:20.042 - [robot_6_log_20260602_144504.csv] - DEBUG - Incoming data. Topic {"Wleft":-9.672818e-15,"Wright":-1.669775429e-14}, mensaje agent/6/wheel
2026-06-02 14:45:20.047 - [robot_6_log_20260602_144504.csv] - DEBUG - Despachado a ZMQ -> agent/6/move: {'v': 0.0, 'w': 0.0}
2026-06-02 14:45:20.081 - [robot_6_log_20260602_144504.csv] - WARNING - SISTEMA DESCONECTADO: Parando robot por seguridad
2026-06-02 14:45:20.103 - [robot_6_log_20260602_144504.csv] - DEBUG - Incoming data. Topic {"Wleft":-9.672818e-15,"Wright":-1.669775429e-14}, mensaje agent/6/wheel
2026-06-02 14:45:20.103 - [robot_6_log_20260602_144504.csv] - DEBUG - Despachado a ZMQ -> agent/6/move: {'v': 0.0, 'w': 0.0}
2026-06-02 14:45:20.131 - [robot_6_log_20260602_144504.csv] - WARNING - SISTEMA DESCONECTADO: Parando robot por seguridad
2026-06-02 14:45:20.152 - [robot_6_log_20260602_144504.csv] - DEBUG - Despachado a ZMQ -> agent/6/move: {'v': 0.0, 'w': 0.0}
2026-06-02 14:45:20.181 - [robot_6_log_20260602_144504.csv] - WARNING - SISTEMA DESCONECTADO: Parando robot por seguridad
2026-06-02 14:45:20.198 - [robot_6_log_20260602_144504.csv] - DEBUG - Despachado a ZMQ -> agent/6/move: {'v': 0.0, 'w': 0.0}
2026-06-02 14:45:20.203 - [robot_6_log_20260602_144504.csv] - DEBUG - Incoming data. Topic {"Wleft":-9.672818e-15,"Wright":-1.669775429e-14}, mensaje 6/pos
2026-06-02 14:45:20.213 - [robot_6_log_20260602_144504.csv] - DEBUG - Incoming data. Topic {"x": 98.71, "y": 123.62, "yaw": 2.438, "timestamp": 1780404320.1891425}, mensaje 6/pos
2026-06-02 14:45:20.219 - [robot_6_log_20260602_144504.csv] - DEBUG - Incoming data. Topic {"x": 98.71, "y": 123.62, "yaw": 2.438, "timestamp": 1780404320.1891425}, mensaje 6/pos
2026-06-02 14:45:20.224 - [robot_6_log_20260602_144504.csv] - DEBUG - Incoming data. Topic {"x": 98.71, "y": 123.62, "yaw": 2.438, "timestamp": 1780404320.2004952}, mensaje 6/pos
2026-06-02 14:45:20.231 - [robot_6_log_20260602_144504.csv] - WARNING - SISTEMA DESCONECTADO: Parando robot por seguridad
2026-06-02 14:45:20.252 - [robot_6_log_20260602_144504.csv] - DEBUG - Despachado a ZMQ -> agent/6/move: {'v': 0.0, 'w': 0.0}
2026-06-02 14:45:20.276 - [robot_6_log_20260602_144504.csv] - DEBUG - Incoming data. Topic {"x": 98.71, "y": 123.62, "yaw": 2.438, "timestamp": 1780404320.2004952}, mensaje agent/6/wheel
2026-06-02 14:45:20.281 - [robot_6_log_20260602_144504.csv] - WARNING - SISTEMA DESCONECTADO: Parando robot por seguridad
2026-06-02 14:45:20.287 - [robot_6_log_20260602_144504.csv] - DEBUG - Incoming data. Topic {"Wleft":-9.672818e-15,"Wright":-1.669775429e-14}, mensaje 6/pos
2026-06-02 14:45:20.297 - [robot_6_log_20260602_144504.csv] - DEBUG - Incoming data. Topic {"x": 98.72, "y": 123.63, "yaw": 2.438, "timestamp": 1780404320.2837293}, mensaje 6/pos
2026-06-02 14:45:20.302 - [robot_6_log_20260602_144504.csv] - DEBUG - Incoming data. Topic {"x": 98.72, "y": 123.63, "yaw": 2.438, "timestamp": 1780404320.2837293}, mensaje 6/pos
2026-06-02 14:45:20.307 - [robot_6_log_20260602_144504.csv] - DEBUG - Despachado a ZMQ -> agent/6/move: {'v': 0.0, 'w': 0.0}
2026-06-02 14:45:20.307 - [robot_6_log_20260602_144504.csv] - DEBUG - Incoming data. Topic {"x": 98.72, "y": 123.63, "yaw": 2.438, "timestamp": 1780404320.2959723}, mensaje 6/pos
2026-06-02 14:45:20.331 - [robot_6_log_20260602_144504.csv] - WARNING - SISTEMA DESCONECTADO: Parando robot por seguridad
2026-06-02 14:45:20.348 - [robot_6_log_20260602_144504.csv] - DEBUG - Despachado a ZMQ -> agent/6/move: {'v': 0.0, 'w': 0.0}
2026-06-02 14:45:20.353 - [robot_6_log_20260602_144504.csv] - DEBUG - Incoming data. Topic {"x": 98.72, "y": 123.63, "yaw": 2.438, "timestamp": 1780404320.2959723}, mensaje agent/6/wheel
2026-06-02 14:45:20.381 - [robot_6_log_20260602_144504.csv] - WARNING - SISTEMA DESCONECTADO: Parando robot por seguridad
2026-06-02 14:45:20.393 - [robot_6_log_20260602_144504.csv] - DEBUG - Incoming data. Topic {"Wleft":-9.672818e-15,"Wright":-1.669775429e-14}, mensaje 6/pos
2026-06-02 14:45:20.403 - [robot_6_log_20260602_144504.csv] - DEBUG - Incoming data. Topic {"x": 98.73, "y": 123.63, "yaw": 2.439, "timestamp": 1780404320.3907983}, mensaje 6/pos
2026-06-02 14:45:20.403 - [robot_6_log_20260602_144504.csv] - DEBUG - Despachado a ZMQ -> agent/6/move: {'v': 0.0, 'w': 0.0}
2026-06-02 14:45:20.418 - [robot_6_log_20260602_144504.csv] - DEBUG - Incoming data. Topic {"x": 98.73, "y": 123.63, "yaw": 2.439, "timestamp": 1780404320.3907983}, mensaje 6/pos
2026-06-02 14:45:20.431 - [robot_6_log_20260602_144504.csv] - WARNING - SISTEMA DESCONECTADO: Parando robot por seguridad
2026-06-02 14:45:20.442 - [robot_6_log_20260602_144504.csv] - DEBUG - Incoming data. Topic {"x": 98.73, "y": 123.63, "yaw": 2.439, "timestamp": 1780404320.4039497}, mensaje 6/pos
2026-06-02 14:45:20.447 - [robot_6_log_20260602_144504.csv] - DEBUG - Despachado a ZMQ -> agent/6/move: {'v': 0.0, 'w': 0.0}
2026-06-02 14:45:20.467 - [robot_6_log_20260602_144504.csv] - DEBUG - Incoming data. Topic {"x": 98.73, "y": 123.63, "yaw": 2.439, "timestamp": 1780404320.4039497}, mensaje agent/6/wheel
2026-06-02 14:45:20.481 - [robot_6_log_20260602_144504.csv] - WARNING - SISTEMA DESCONECTADO: Parando robot por seguridad
2026-06-02 14:45:20.487 - [robot_6_log_20260602_144504.csv] - DEBUG - Incoming data. Topic {"Wleft":-9.672818e-15,"Wright":-1.669775429e-14}, mensaje 6/pos
2026-06-02 14:45:20.492 - [robot_6_log_20260602_144504.csv] - DEBUG - Incoming data. Topic {"x": 98.72, "y": 123.62, "yaw": 2.439, "timestamp": 1780404320.485806}, mensaje 6/pos
2026-06-02 14:45:20.502 - [robot_6_log_20260602_144504.csv] - DEBUG - Despachado a ZMQ -> agent/6/move: {'v': 0.0, 'w': 0.0}
2026-06-02 14:45:20.507 - [robot_6_log_20260602_144504.csv] - DEBUG - Incoming data. Topic {"x": 98.72, "y": 123.62, "yaw": 2.439, "timestamp": 1780404320.485806}, mensaje 6/pos
2026-06-02 14:45:20.519 - [robot_6_log_20260602_144504.csv] - DEBUG - Incoming data. Topic {"x": 98.72, "y": 123.62, "yaw": 2.439, "timestamp": 1780404320.4981859}, mensaje 6/pos
2026-06-02 14:45:20.531 - [robot_6_log_20260602_144504.csv] - WARNING - SISTEMA DESCONECTADO: Parando robot por seguridad
2026-06-02 14:45:20.552 - [robot_6_log_20260602_144504.csv] - DEBUG - Despachado a ZMQ -> agent/6/move: {'v': 0.0, 'w': 0.0}
2026-06-02 14:45:20.581 - [robot_6_log_20260602_144504.csv] - WARNING - SISTEMA DESCONECTADO: Parando robot por seguridad
2026-06-02 14:45:20.582 - [robot_6_log_20260602_144504.csv] - DEBUG - Incoming data. Topic {"x": 98.72, "y": 123.62, "yaw": 2.439, "timestamp": 1780404320.4981859}, mensaje agent/6/wheel
2026-06-02 14:45:20.602 - [robot_6_log_20260602_144504.csv] - DEBUG - Despachado a ZMQ -> agent/6/move: {'v': 0.0, 'w': 0.0}
2026-06-02 14:45:20.602 - [robot_6_log_20260602_144504.csv] - DEBUG - Incoming data. Topic {"Wleft":-9.672818e-15,"Wright":-1.669775429e-14}, mensaje 6/pos
2026-06-02 14:45:20.630 - [robot_6_log_20260602_144504.csv] - DEBUG - Incoming data. Topic {"x": 98.73, "y": 123.61, "yaw": 2.438, "timestamp": 1780404320.5931304}, mensaje 6/pos
2026-06-02 14:45:20.631 - [robot_6_log_20260602_144504.csv] - WARNING - SISTEMA DESCONECTADO: Parando robot por seguridad
2026-06-02 14:45:20.642 - [robot_6_log_20260602_144504.csv] - DEBUG - Despachado a ZMQ -> agent/6/move: {'v': 0.0, 'w': 0.0}
2026-06-02 14:45:20.642 - [robot_6_log_20260602_144504.csv] - DEBUG - Incoming data. Topic {"x": 98.73, "y": 123.61, "yaw": 2.438, "timestamp": 1780404320.5931304}, mensaje 6/pos
2026-06-02 14:45:20.659 - [robot_6_log_20260602_144504.csv] - DEBUG - Incoming data. Topic {"x": 98.73, "y": 123.61, "yaw": 2.438, "timestamp": 1780404320.6028101}, mensaje 6/pos
2026-06-02 14:45:20.674 - [robot_6_log_20260602_144504.csv] - DEBUG - Incoming data. Topic {"x": 98.73, "y": 123.61, "yaw": 2.438, "timestamp": 1780404320.6028101}, mensaje agent/6/wheel
2026-06-02 14:45:20.681 - [robot_6_log_20260602_144504.csv] - WARNING - SISTEMA DESCONECTADO: Parando robot por seguridad
2026-06-02 14:45:20.688 - [robot_6_log_20260602_144504.csv] - DEBUG - Incoming data. Topic {"Wleft":-9.672818e-15,"Wright":-1.669775429e-14}, mensaje 6/pos
2026-06-02 14:45:20.703 - [robot_6_log_20260602_144504.csv] - DEBUG - Despachado a ZMQ -> agent/6/move: {'v': 0.0, 'w': 0.0}
2026-06-02 14:45:20.708 - [robot_6_log_20260602_144504.csv] - DEBUG - Incoming data. Topic {"x": 98.72, "y": 123.63, "yaw": 2.436, "timestamp": 1780404320.686022}, mensaje 6/pos
2026-06-02 14:45:20.732 - [robot_6_log_20260602_144504.csv] - DEBUG - Incoming data. Topic {"x": 98.72, "y": 123.63, "yaw": 2.436, "timestamp": 1780404320.686022}, mensaje 6/pos
2026-06-02 14:45:20.731 - [robot_6_log_20260602_144504.csv] - WARNING - SISTEMA DESCONECTADO: Parando robot por seguridad
2026-06-02 14:45:20.732 - [robot_6_log_20260602_144504.csv] - DEBUG - Incoming data. Topic {"x": 98.72, "y": 123.63, "yaw": 2.436, "timestamp": 1780404320.697307}, mensaje 6/pos
2026-06-02 14:45:20.747 - [robot_6_log_20260602_144504.csv] - DEBUG - Despachado a ZMQ -> agent/6/move: {'v': 0.0, 'w': 0.0}
2026-06-02 14:45:20.781 - [robot_6_log_20260602_144504.csv] - WARNING - SISTEMA DESCONECTADO: Parando robot por seguridad
2026-06-02 14:45:20.787 - [robot_6_log_20260602_144504.csv] - DEBUG - Incoming data. Topic {"x": 98.72, "y": 123.63, "yaw": 2.436, "timestamp": 1780404320.697307}, mensaje agent/6/wheel
2026-06-02 14:45:20.797 - [robot_6_log_20260602_144504.csv] - DEBUG - Incoming data. Topic {"Wleft":-9.672818e-15,"Wright":-1.669775429e-14}, mensaje 6/pos
2026-06-02 14:45:20.802 - [robot_6_log_20260602_144504.csv] - DEBUG - Incoming data. Topic {"x": 98.72, "y": 123.63, "yaw": 2.435, "timestamp": 1780404320.7919755}, mensaje 6/pos
2026-06-02 14:45:20.807 - [robot_6_log_20260602_144504.csv] - DEBUG - Despachado a ZMQ -> agent/6/move: {'v': 0.0, 'w': 0.0}
2026-06-02 14:45:20.807 - [robot_6_log_20260602_144504.csv] - DEBUG - Incoming data. Topic {"x": 98.72, "y": 123.63, "yaw": 2.435, "timestamp": 1780404320.7919755}, mensaje 6/pos
2026-06-02 14:45:20.831 - [robot_6_log_20260602_144504.csv] - WARNING - SISTEMA DESCONECTADO: Parando robot por seguridad
2026-06-02 14:45:20.842 - [robot_6_log_20260602_144504.csv] - DEBUG - Despachado a ZMQ -> agent/6/move: {'v': 0.0, 'w': 0.0}
2026-06-02 14:45:20.847 - [robot_6_log_20260602_144504.csv] - DEBUG - Incoming data. Topic {"x": 98.72, "y": 123.63, "yaw": 2.435, "timestamp": 1780404320.8038204}, mensaje 6/pos
2026-06-02 14:45:20.868 - [robot_6_log_20260602_144504.csv] - DEBUG - Incoming data. Topic {"x": 98.72, "y": 123.63, "yaw": 2.435, "timestamp": 1780404320.8038204}, mensaje agent/6/wheel
2026-06-02 14:45:20.881 - [robot_6_log_20260602_144504.csv] - WARNING - SISTEMA DESCONECTADO: Parando robot por seguridad
2026-06-02 14:45:20.898 - [robot_6_log_20260602_144504.csv] - DEBUG - Despachado a ZMQ -> agent/6/move: {'v': 0.0, 'w': 0.0}
2026-06-02 14:45:20.903 - [robot_6_log_20260602_144504.csv] - DEBUG - Incoming data. Topic {"Wleft":-9.672818e-15,"Wright":-1.669775429e-14}, mensaje 6/pos
2026-06-02 14:45:20.919 - [robot_6_log_20260602_144504.csv] - DEBUG - Incoming data. Topic {"x": 98.71, "y": 123.63, "yaw": 2.434, "timestamp": 1780404320.8880873}, mensaje 6/pos
2026-06-02 14:45:20.931 - [robot_6_log_20260602_144504.csv] - WARNING - SISTEMA DESCONECTADO: Parando robot por seguridad
2026-06-02 14:45:20.932 - [robot_6_log_20260602_144504.csv] - DEBUG - Incoming data. Topic {"x": 98.71, "y": 123.63, "yaw": 2.434, "timestamp": 1780404320.8880873}, mensaje 6/pos
2026-06-02 14:45:20.947 - [robot_6_log_20260602_144504.csv] - DEBUG - Despachado a ZMQ -> agent/6/move: {'v': 0.0, 'w': 0.0}
2026-06-02 14:45:20.947 - [robot_6_log_20260602_144504.csv] - DEBUG - Incoming data. Topic {"x": 98.71, "y": 123.63, "yaw": 2.434, "timestamp": 1780404320.8997433}, mensaje 6/pos
2026-06-02 14:45:20.964 - [robot_6_log_20260602_144504.csv] - DEBUG - Incoming data. Topic {"x": 98.71, "y": 123.63, "yaw": 2.434, "timestamp": 1780404320.8997433}, mensaje agent/6/wheel
2026-06-02 14:45:20.981 - [robot_6_log_20260602_144504.csv] - WARNING - SISTEMA DESCONECTADO: Parando robot por seguridad
2026-06-02 14:45:21.003 - [robot_6_log_20260602_144504.csv] - DEBUG - Despachado a ZMQ -> agent/6/move: {'v': 0.0, 'w': 0.0}
2026-06-02 14:45:21.031 - [robot_6_log_20260602_144504.csv] - WARNING - SISTEMA DESCONECTADO: Parando robot por seguridad
2026-06-02 14:45:21.047 - [robot_6_log_20260602_144504.csv] - DEBUG - Despachado a ZMQ -> agent/6/move: {'v': 0.0, 'w': 0.0}
2026-06-02 14:45:21.053 - [robot_6_log_20260602_144504.csv] - DEBUG - Incoming data. Topic {"Wleft":-9.672818e-15,"Wright":-1.669775429e-14}, mensaje agent/6/wheel
2026-06-02 14:45:21.082 - [robot_6_log_20260602_144504.csv] - WARNING - SISTEMA DESCONECTADO: Parando robot por seguridad
2026-06-02 14:45:21.097 - [robot_6_log_20260602_144504.csv] - DEBUG - Despachado a ZMQ -> agent/6/move: {'v': 0.0, 'w': 0.0}
2026-06-02 14:45:21.132 - [robot_6_log_20260602_144504.csv] - WARNING - SISTEMA DESCONECTADO: Parando robot por seguridad
2026-06-02 14:45:21.142 - [robot_6_log_20260602_144504.csv] - DEBUG - Incoming data. Topic {"Wleft":-9.672818e-15,"Wright":-1.669775429e-14}, mensaje agent/6/wheel
2026-06-02 14:45:21.153 - [robot_6_log_20260602_144504.csv] - DEBUG - Despachado a ZMQ -> agent/6/move: {'v': 0.0, 'w': 0.0}
2026-06-02 14:45:21.182 - [robot_6_log_20260602_144504.csv] - WARNING - SISTEMA DESCONECTADO: Parando robot por seguridad
2026-06-02 14:45:21.188 - [robot_6_log_20260602_144504.csv] - DEBUG - Incoming data. Topic {"Wleft":-9.672818e-15,"Wright":-1.669775429e-14}, mensaje 6/pos
2026-06-02 14:45:21.193 - [robot_6_log_20260602_144504.csv] - DEBUG - Incoming data. Topic {"x": 98.7, "y": 123.62, "yaw": 2.433, "timestamp": 1780404321.1864352}, mensaje 6/pos
2026-06-02 14:45:21.198 - [robot_6_log_20260602_144504.csv] - DEBUG - Incoming data. Topic {"x": 98.7, "y": 123.62, "yaw": 2.433, "timestamp": 1780404321.1864352}, mensaje 6/pos
2026-06-02 14:45:21.208 - [robot_6_log_20260602_144504.csv] - DEBUG - Incoming data. Topic {"x": 98.7, "y": 123.62, "yaw": 2.433, "timestamp": 1780404321.1960015}, mensaje 6/pos
2026-06-02 14:45:21.218 - [robot_6_log_20260602_144504.csv] - DEBUG - Despachado a ZMQ -> agent/6/move: {'v': 0.0, 'w': 0.0}
2026-06-02 14:45:21.232 - [robot_6_log_20260602_144504.csv] - WARNING - SISTEMA DESCONECTADO: Parando robot por seguridad
2026-06-02 14:45:21.252 - [robot_6_log_20260602_144504.csv] - DEBUG - Despachado a ZMQ -> agent/6/move: {'v': 0.0, 'w': 0.0}
2026-06-02 14:45:21.276 - [robot_6_log_20260602_144504.csv] - DEBUG - Incoming data. Topic {"x": 98.7, "y": 123.62, "yaw": 2.433, "timestamp": 1780404321.1960015}, mensaje agent/6/wheel
2026-06-02 14:45:21.282 - [robot_6_log_20260602_144504.csv] - DEBUG - Incoming data. Topic {"Wleft":-9.672818e-15,"Wright":-1.669775429e-14}, mensaje 6/pos
2026-06-02 14:45:21.282 - [robot_6_log_20260602_144504.csv] - DEBUG - Incoming data. Topic {"x": 98.72, "y": 123.62, "yaw": 2.437, "timestamp": 1780404321.2813048}, mensaje 6/pos
2026-06-02 14:45:21.282 - [robot_6_log_20260602_144504.csv] - WARNING - SISTEMA DESCONECTADO: Parando robot por seguridad
2026-06-02 14:45:21.293 - [robot_6_log_20260602_144504.csv] - DEBUG - Despachado a ZMQ -> agent/6/move: {'v': 0.0, 'w': 0.0}
2026-06-02 14:45:21.293 - [robot_6_log_20260602_144504.csv] - DEBUG - Incoming data. Topic {"x": 98.72, "y": 123.62, "yaw": 2.437, "timestamp": 1780404321.2813048}, mensaje 6/pos
2026-06-02 14:45:21.308 - [robot_6_log_20260602_144504.csv] - DEBUG - Incoming data. Topic {"x": 98.72, "y": 123.62, "yaw": 2.437, "timestamp": 1780404321.2911334}, mensaje 6/pos
2026-06-02 14:45:21.332 - [robot_6_log_20260602_144504.csv] - WARNING - SISTEMA DESCONECTADO: Parando robot por seguridad
2026-06-02 14:45:21.347 - [robot_6_log_20260602_144504.csv] - DEBUG - Incoming data. Topic {"x": 98.72, "y": 123.62, "yaw": 2.437, "timestamp": 1780404321.2911334}, mensaje agent/6/wheel
2026-06-02 14:45:21.352 - [robot_6_log_20260602_144504.csv] - DEBUG - Despachado a ZMQ -> agent/6/move: {'v': 0.0, 'w': 0.0}
2026-06-02 14:45:21.382 - [robot_6_log_20260602_144504.csv] - WARNING - SISTEMA DESCONECTADO: Parando robot por seguridad
2026-06-02 14:45:21.389 - [robot_6_log_20260602_144504.csv] - DEBUG - Incoming data. Topic {"Wleft":-9.672818e-15,"Wright":-1.669775429e-14}, mensaje 6/pos
2026-06-02 14:45:21.394 - [robot_6_log_20260602_144504.csv] - DEBUG - Incoming data. Topic {"x": 98.7, "y": 123.63, "yaw": 2.432, "timestamp": 1780404321.3877015}, mensaje 6/pos
2026-06-02 14:45:21.394 - [robot_6_log_20260602_144504.csv] - DEBUG - Despachado a ZMQ -> agent/6/move: {'v': 0.0, 'w': 0.0}
2026-06-02 14:45:21.401 - [robot_6_log_20260602_144504.csv] - DEBUG - Incoming data. Topic {"x": 98.7, "y": 123.63, "yaw": 2.432, "timestamp": 1780404321.3877015}, mensaje 6/pos
2026-06-02 14:45:21.401 - [robot_6_log_20260602_144504.csv] - DEBUG - Incoming data. Topic {"x": 98.7, "y": 123.63, "yaw": 2.432, "timestamp": 1780404321.3975496}, mensaje 6/pos
2026-06-02 14:45:21.432 - [robot_6_log_20260602_144504.csv] - WARNING - SISTEMA DESCONECTADO: Parando robot por seguridad
2026-06-02 14:45:21.453 - [robot_6_log_20260602_144504.csv] - DEBUG - Despachado a ZMQ -> agent/6/move: {'v': 0.0, 'w': 0.0}
2026-06-02 14:45:21.482 - [robot_6_log_20260602_144504.csv] - WARNING - SISTEMA DESCONECTADO: Parando robot por seguridad
2026-06-02 14:45:21.488 - [robot_6_log_20260602_144504.csv] - DEBUG - Incoming data. Topic {"x": 98.7, "y": 123.63, "yaw": 2.432, "timestamp": 1780404321.3975496}, mensaje 6/pos
2026-06-02 14:45:21.493 - [robot_6_log_20260602_144504.csv] - DEBUG - Incoming data. Topic {"x": 98.71, "y": 123.62, "yaw": 2.438, "timestamp": 1780404321.485639}, mensaje agent/6/wheel
2026-06-02 14:45:21.498 - [robot_6_log_20260602_144504.csv] - DEBUG - Incoming data. Topic {"Wleft":-9.672818e-15,"Wright":-1.669775429e-14}, mensaje 6/pos
2026-06-02 14:45:21.504 - [robot_6_log_20260602_144504.csv] - DEBUG - Incoming data. Topic {"x": 98.71, "y": 123.62, "yaw": 2.438, "timestamp": 1780404321.49741}, mensaje 6/pos
2026-06-02 14:45:21.509 - [robot_6_log_20260602_144504.csv] - DEBUG - Despachado a ZMQ -> agent/6/move: {'v': 0.0, 'w': 0.0}
2026-06-02 14:45:21.514 - [robot_6_log_20260602_144504.csv] - DEBUG - Incoming data. Topic {"x": 98.71, "y": 123.62, "yaw": 2.438, "timestamp": 1780404321.485639}, mensaje 6/pos
2026-06-02 14:45:21.532 - [robot_6_log_20260602_144504.csv] - WARNING - SISTEMA DESCONECTADO: Parando robot por seguridad
2026-06-02 14:45:21.538 - [robot_6_log_20260602_144504.csv] - DEBUG - Despachado a ZMQ -> agent/6/move: {'v': 0.0, 'w': 0.0}
2026-06-02 14:45:21.580 - [robot_6_log_20260602_144504.csv] - DEBUG - Incoming data. Topic {"x": 98.71, "y": 123.62, "yaw": 2.438, "timestamp": 1780404321.49741}, mensaje agent/6/wheel
2026-06-02 14:45:21.582 - [robot_6_log_20260602_144504.csv] - WARNING - SISTEMA DESCONECTADO: Parando robot por seguridad
2026-06-02 14:45:21.588 - [robot_6_log_20260602_144504.csv] - DEBUG - Incoming data. Topic {"Wleft":-9.672818e-15,"Wright":-1.669775429e-14}, mensaje 6/pos
2026-06-02 14:45:21.598 - [robot_6_log_20260602_144504.csv] - DEBUG - Incoming data. Topic {"x": 98.72, "y": 123.62, "yaw": 2.436, "timestamp": 1780404321.58631}, mensaje 6/pos
2026-06-02 14:45:21.603 - [robot_6_log_20260602_144504.csv] - DEBUG - Incoming data. Topic {"x": 98.72, "y": 123.62, "yaw": 2.436, "timestamp": 1780404321.58631}, mensaje 6/pos
2026-06-02 14:45:21.608 - [robot_6_log_20260602_144504.csv] - DEBUG - Incoming data. Topic {"x": 98.72, "y": 123.62, "yaw": 2.436, "timestamp": 1780404321.5960016}, mensaje 6/pos
2026-06-02 14:45:21.609 - [robot_6_log_20260602_144504.csv] - DEBUG - Despachado a ZMQ -> agent/6/move: {'v': 0.0, 'w': 0.0}
2026-06-02 14:45:21.632 - [robot_6_log_20260602_144504.csv] - WARNING - SISTEMA DESCONECTADO: Parando robot por seguridad
2026-06-02 14:45:21.652 - [robot_6_log_20260602_144504.csv] - DEBUG - Despachado a ZMQ -> agent/6/move: {'v': 0.0, 'w': 0.0}
2026-06-02 14:45:21.682 - [robot_6_log_20260602_144504.csv] - DEBUG - Incoming data. Topic {"x": 98.72, "y": 123.62, "yaw": 2.436, "timestamp": 1780404321.5960016}, mensaje 6/pos
2026-06-02 14:45:21.682 - [robot_6_log_20260602_144504.csv] - DEBUG - Incoming data. Topic {"x": 98.7, "y": 123.63, "yaw": 2.434, "timestamp": 1780404321.6814907}, mensaje 6/pos
2026-06-02 14:45:21.682 - [robot_6_log_20260602_144504.csv] - WARNING - SISTEMA DESCONECTADO: Parando robot por seguridad
2026-06-02 14:45:21.693 - [robot_6_log_20260602_144504.csv] - DEBUG - Incoming data. Topic {"x": 98.7, "y": 123.63, "yaw": 2.434, "timestamp": 1780404321.6814907}, mensaje 6/pos
2026-06-02 14:45:21.698 - [robot_6_log_20260602_144504.csv] - DEBUG - Incoming data. Topic {"x": 98.7, "y": 123.63, "yaw": 2.434, "timestamp": 1780404321.6915138}, mensaje agent/6/wheel
2026-06-02 14:45:21.703 - [robot_6_log_20260602_144504.csv] - DEBUG - Incoming data. Topic {"Wleft":-9.672818e-15,"Wright":-1.669775429e-14}, mensaje 6/pos
2026-06-02 14:45:21.703 - [robot_6_log_20260602_144504.csv] - DEBUG - Despachado a ZMQ -> agent/6/move: {'v': 0.0, 'w': 0.0}
2026-06-02 14:45:21.732 - [robot_6_log_20260602_144504.csv] - WARNING - SISTEMA DESCONECTADO: Parando robot por seguridad
2026-06-02 14:45:21.753 - [robot_6_log_20260602_144504.csv] - DEBUG - Despachado a ZMQ -> agent/6/move: {'v': 0.0, 'w': 0.0}
2026-06-02 14:45:21.776 - [robot_6_log_20260602_144504.csv] - DEBUG - Incoming data. Topic {"x": 98.7, "y": 123.63, "yaw": 2.434, "timestamp": 1780404321.6915138}, mensaje agent/6/wheel
2026-06-02 14:45:21.782 - [robot_6_log_20260602_144504.csv] - WARNING - SISTEMA DESCONECTADO: Parando robot por seguridad
2026-06-02 14:45:21.788 - [robot_6_log_20260602_144504.csv] - DEBUG - Incoming data. Topic {"Wleft":-9.672818e-15,"Wright":-1.669775429e-14}, mensaje 6/pos
2026-06-02 14:45:21.798 - [robot_6_log_20260602_144504.csv] - DEBUG - Incoming data. Topic {"x": 98.71, "y": 123.62, "yaw": 2.439, "timestamp": 1780404321.78582}, mensaje 6/pos
2026-06-02 14:45:21.803 - [robot_6_log_20260602_144504.csv] - DEBUG - Incoming data. Topic {"x": 98.71, "y": 123.62, "yaw": 2.439, "timestamp": 1780404321.78582}, mensaje 6/pos
2026-06-02 14:45:21.803 - [robot_6_log_20260602_144504.csv] - DEBUG - Despachado a ZMQ -> agent/6/move: {'v': 0.0, 'w': 0.0}
2026-06-02 14:45:21.803 - [robot_6_log_20260602_144504.csv] - DEBUG - Incoming data. Topic {"x": 98.71, "y": 123.62, "yaw": 2.439, "timestamp": 1780404321.7951505}, mensaje 6/pos
2026-06-02 14:45:21.832 - [robot_6_log_20260602_144504.csv] - WARNING - SISTEMA DESCONECTADO: Parando robot por seguridad
2026-06-02 14:45:21.853 - [robot_6_log_20260602_144504.csv] - DEBUG - Despachado a ZMQ -> agent/6/move: {'v': 0.0, 'w': 0.0}
2026-06-02 14:45:21.859 - [robot_6_log_20260602_144504.csv] - DEBUG - Incoming data. Topic {"x": 98.71, "y": 123.62, "yaw": 2.439, "timestamp": 1780404321.7951505}, mensaje agent/6/wheel
2026-06-02 14:45:21.882 - [robot_6_log_20260602_144504.csv] - WARNING - SISTEMA DESCONECTADO: Parando robot por seguridad
2026-06-02 14:45:21.888 - [robot_6_log_20260602_144504.csv] - DEBUG - Incoming data. Topic {"Wleft":-9.672818e-15,"Wright":-1.669775429e-14}, mensaje 6/pos
2026-06-02 14:45:21.898 - [robot_6_log_20260602_144504.csv] - DEBUG - Incoming data. Topic {"x": 98.73, "y": 123.62, "yaw": 2.44, "timestamp": 1780404321.8841827}, mensaje 6/pos
2026-06-02 14:45:21.903 - [robot_6_log_20260602_144504.csv] - DEBUG - Incoming data. Topic {"x": 98.73, "y": 123.62, "yaw": 2.44, "timestamp": 1780404321.8841827}, mensaje 6/pos
2026-06-02 14:45:21.903 - [robot_6_log_20260602_144504.csv] - DEBUG - Despachado a ZMQ -> agent/6/move: {'v': 0.0, 'w': 0.0}
2026-06-02 14:45:21.913 - [robot_6_log_20260602_144504.csv] - DEBUG - Incoming data. Topic {"x": 98.73, "y": 123.62, "yaw": 2.44, "timestamp": 1780404321.894222}, mensaje 6/pos
2026-06-02 14:45:21.932 - [robot_6_log_20260602_144504.csv] - WARNING - SISTEMA DESCONECTADO: Parando robot por seguridad
2026-06-02 14:45:21.953 - [robot_6_log_20260602_144504.csv] - DEBUG - Despachado a ZMQ -> agent/6/move: {'v': 0.0, 'w': 0.0}
2026-06-02 14:45:21.958 - [robot_6_log_20260602_144504.csv] - DEBUG - Incoming data. Topic {"x": 98.73, "y": 123.62, "yaw": 2.44, "timestamp": 1780404321.894222}, mensaje agent/6/wheel
2026-06-02 14:45:21.982 - [robot_6_log_20260602_144504.csv] - WARNING - SISTEMA DESCONECTADO: Parando robot por seguridad
2026-06-02 14:45:22.002 - [robot_6_log_20260602_144504.csv] - DEBUG - Despachado a ZMQ -> agent/6/move: {'v': 0.0, 'w': 0.0}
2026-06-02 14:45:22.032 - [robot_6_log_20260602_144504.csv] - WARNING - SISTEMA DESCONECTADO: Parando robot por seguridad
2026-06-02 14:45:22.052 - [robot_6_log_20260602_144504.csv] - DEBUG - Despachado a ZMQ -> agent/6/move: {'v': 0.0, 'w': 0.0}
2026-06-02 14:45:22.064 - [robot_6_log_20260602_144504.csv] - DEBUG - Incoming data. Topic {"Wleft":-9.672818e-15,"Wright":-1.669775429e-14}, mensaje agent/6/wheel
2026-06-02 14:45:22.082 - [robot_6_log_20260602_144504.csv] - WARNING - SISTEMA DESCONECTADO: Parando robot por seguridad
2026-06-02 14:45:22.087 - [robot_6_log_20260602_144504.csv] - DEBUG - Incoming data. Topic {"Wleft":-9.672818e-15,"Wright":-1.669775429e-14}, mensaje 6/pos
2026-06-02 14:45:22.102 - [robot_6_log_20260602_144504.csv] - DEBUG - Incoming data. Topic {"x": 98.71, "y": 123.62, "yaw": 2.443, "timestamp": 1780404322.0821404}, mensaje 6/pos
2026-06-02 14:45:22.108 - [robot_6_log_20260602_144504.csv] - DEBUG - Despachado a ZMQ -> agent/6/move: {'v': 0.0, 'w': 0.0}
2026-06-02 14:45:22.113 - [robot_6_log_20260602_144504.csv] - DEBUG - Incoming data. Topic {"x": 98.71, "y": 123.62, "yaw": 2.443, "timestamp": 1780404322.0821404}, mensaje 6/pos
2026-06-02 14:45:22.132 - [robot_6_log_20260602_144504.csv] - DEBUG - Incoming data. Topic {"x": 98.71, "y": 123.62, "yaw": 2.443, "timestamp": 1780404322.0950243}, mensaje 6/pos
2026-06-02 14:45:22.132 - [robot_6_log_20260602_144504.csv] - WARNING - SISTEMA DESCONECTADO: Parando robot por seguridad
2026-06-02 14:45:22.143 - [robot_6_log_20260602_144504.csv] - DEBUG - Despachado a ZMQ -> agent/6/move: {'v': 0.0, 'w': 0.0}
2026-06-02 14:45:22.180 - [robot_6_log_20260602_144504.csv] - DEBUG - Incoming data. Topic {"x": 98.71, "y": 123.62, "yaw": 2.443, "timestamp": 1780404322.0950243}, mensaje agent/6/wheel
2026-06-02 14:45:22.182 - [robot_6_log_20260602_144504.csv] - WARNING - SISTEMA DESCONECTADO: Parando robot por seguridad
2026-06-02 14:45:22.188 - [robot_6_log_20260602_144504.csv] - DEBUG - Despachado a ZMQ -> agent/6/move: {'v': 0.0, 'w': 0.0}
2026-06-02 14:45:22.193 - [robot_6_log_20260602_144504.csv] - DEBUG - Incoming data. Topic {"Wleft":-9.672818e-15,"Wright":-1.669775429e-14}, mensaje 6/pos
2026-06-02 14:45:22.204 - [robot_6_log_20260602_144504.csv] - DEBUG - Incoming data. Topic {"x": 98.72, "y": 123.63, "yaw": 2.438, "timestamp": 1780404322.1880686}, mensaje 6/pos
2026-06-02 14:45:22.211 - [robot_6_log_20260602_144504.csv] - DEBUG - Incoming data. Topic {"x": 98.72, "y": 123.63, "yaw": 2.438, "timestamp": 1780404322.1880686}, mensaje 6/pos
2026-06-02 14:45:22.211 - [robot_6_log_20260602_144504.csv] - DEBUG - Incoming data. Topic {"x": 98.72, "y": 123.63, "yaw": 2.438, "timestamp": 1780404322.1991992}, mensaje 6/pos
2026-06-02 14:45:22.232 - [robot_6_log_20260602_144504.csv] - WARNING - SISTEMA DESCONECTADO: Parando robot por seguridad
2026-06-02 14:45:22.253 - [robot_6_log_20260602_144504.csv] - DEBUG - Despachado a ZMQ -> agent/6/move: {'v': 0.0, 'w': 0.0}
2026-06-02 14:45:22.265 - [robot_6_log_20260602_144504.csv] - DEBUG - Incoming data. Topic {"x": 98.72, "y": 123.63, "yaw": 2.438, "timestamp": 1780404322.1991992}, mensaje agent/6/wheel
2026-06-02 14:45:22.282 - [robot_6_log_20260602_144504.csv] - WARNING - SISTEMA DESCONECTADO: Parando robot por seguridad
2026-06-02 14:45:22.288 - [robot_6_log_20260602_144504.csv] - DEBUG - Incoming data. Topic {"Wleft":-9.672818e-15,"Wright":-1.669775429e-14}, mensaje 6/pos
2026-06-02 14:45:22.288 - [robot_6_log_20260602_144504.csv] - DEBUG - Despachado a ZMQ -> agent/6/move: {'v': 0.0, 'w': 0.0}
2026-06-02 14:45:22.288 - [robot_6_log_20260602_144504.csv] - DEBUG - Incoming data. Topic {"x": 98.69, "y": 123.64, "yaw": 2.433, "timestamp": 1780404322.2827394}, mensaje 6/pos
2026-06-02 14:45:22.300 - [robot_6_log_20260602_144504.csv] - DEBUG - Incoming data. Topic {"x": 98.69, "y": 123.64, "yaw": 2.433, "timestamp": 1780404322.2827394}, mensaje 6/pos
2026-06-02 14:45:22.305 - [robot_6_log_20260602_144504.csv] - DEBUG - Incoming data. Topic {"x": 98.69, "y": 123.64, "yaw": 2.433, "timestamp": 1780404322.2925086}, mensaje 6/pos
2026-06-02 14:45:22.332 - [robot_6_log_20260602_144504.csv] - WARNING - SISTEMA DESCONECTADO: Parando robot por seguridad
2026-06-02 14:45:22.352 - [robot_6_log_20260602_144504.csv] - DEBUG - Despachado a ZMQ -> agent/6/move: {'v': 0.0, 'w': 0.0}
2026-06-02 14:45:22.375 - [robot_6_log_20260602_144504.csv] - DEBUG - Incoming data. Topic {"x": 98.69, "y": 123.64, "yaw": 2.433, "timestamp": 1780404322.2925086}, mensaje agent/6/wheel
2026-06-02 14:45:22.382 - [robot_6_log_20260602_144504.csv] - WARNING - SISTEMA DESCONECTADO: Parando robot por seguridad
2026-06-02 14:45:22.393 - [robot_6_log_20260602_144504.csv] - DEBUG - Despachado a ZMQ -> agent/6/move: {'v': 0.0, 'w': 0.0}
2026-06-02 14:45:22.432 - [robot_6_log_20260602_144504.csv] - WARNING - SISTEMA DESCONECTADO: Parando robot por seguridad
2026-06-02 14:45:22.452 - [robot_6_log_20260602_144504.csv] - DEBUG - Despachado a ZMQ -> agent/6/move: {'v': 0.0, 'w': 0.0}
2026-06-02 14:45:22.482 - [robot_6_log_20260602_144504.csv] - WARNING - SISTEMA DESCONECTADO: Parando robot por seguridad
2026-06-02 14:45:22.487 - [robot_6_log_20260602_144504.csv] - DEBUG - Incoming data. Topic {"Wleft":-9.672818e-15,"Wright":-1.669775429e-14}, mensaje 6/pos
2026-06-02 14:45:22.498 - [robot_6_log_20260602_144504.csv] - DEBUG - Despachado a ZMQ -> agent/6/move: {'v': 0.0, 'w': 0.0}
2026-06-02 14:45:22.503 - [robot_6_log_20260602_144504.csv] - DEBUG - Incoming data. Topic {"x": 98.72, "y": 123.62, "yaw": 2.437, "timestamp": 1780404322.482184}, mensaje 6/pos
2026-06-02 14:45:22.532 - [robot_6_log_20260602_144504.csv] - WARNING - SISTEMA DESCONECTADO: Parando robot por seguridad
2026-06-02 14:45:22.537 - [robot_6_log_20260602_144504.csv] - DEBUG - Incoming data. Topic {"x": 98.72, "y": 123.62, "yaw": 2.437, "timestamp": 1780404322.482184}, mensaje 6/pos
2026-06-02 14:45:22.542 - [robot_6_log_20260602_144504.csv] - DEBUG - Incoming data. Topic {"x": 98.72, "y": 123.62, "yaw": 2.437, "timestamp": 1780404322.492052}, mensaje 6/pos
2026-06-02 14:45:22.552 - [robot_6_log_20260602_144504.csv] - DEBUG - Incoming data. Topic {"x": 98.72, "y": 123.62, "yaw": 2.437, "timestamp": 1780404322.492052}, mensaje agent/6/wheel
2026-06-02 14:45:22.557 - [robot_6_log_20260602_144504.csv] - DEBUG - Despachado a ZMQ -> agent/6/move: {'v': 0.0, 'w': 0.0}
2026-06-02 14:45:22.581 - [robot_6_log_20260602_144504.csv] - DEBUG - Incoming data. Topic {"Wleft":-9.672818e-15,"Wright":-1.669775429e-14}, mensaje agent/6/wheel
2026-06-02 14:45:22.582 - [robot_6_log_20260602_144504.csv] - WARNING - SISTEMA DESCONECTADO: Parando robot por seguridad
2026-06-02 14:45:22.587 - [robot_6_log_20260602_144504.csv] - DEBUG - Incoming data. Topic {"Wleft":-9.672818e-15,"Wright":-1.669775429e-14}, mensaje 6/pos
2026-06-02 14:45:22.592 - [robot_6_log_20260602_144504.csv] - DEBUG - Incoming data. Topic {"x": 98.72, "y": 123.63, "yaw": 2.438, "timestamp": 1780404322.585492}, mensaje 6/pos
2026-06-02 14:45:22.597 - [robot_6_log_20260602_144504.csv] - DEBUG - Incoming data. Topic {"x": 98.72, "y": 123.63, "yaw": 2.438, "timestamp": 1780404322.585492}, mensaje 6/pos
2026-06-02 14:45:22.602 - [robot_6_log_20260602_144504.csv] - DEBUG - Despachado a ZMQ -> agent/6/move: {'v': 0.0, 'w': 0.0}
2026-06-02 14:45:22.608 - [robot_6_log_20260602_144504.csv] - DEBUG - Incoming data. Topic {"x": 98.72, "y": 123.63, "yaw": 2.438, "timestamp": 1780404322.5955026}, mensaje 6/pos
2026-06-02 14:45:22.632 - [robot_6_log_20260602_144504.csv] - WARNING - SISTEMA DESCONECTADO: Parando robot por seguridad
2026-06-02 14:45:22.648 - [robot_6_log_20260602_144504.csv] - DEBUG - Despachado a ZMQ -> agent/6/move: {'v': 0.0, 'w': 0.0}
2026-06-02 14:45:22.682 - [robot_6_log_20260602_144504.csv] - WARNING - SISTEMA DESCONECTADO: Parando robot por seguridad
2026-06-02 14:45:22.687 - [robot_6_log_20260602_144504.csv] - DEBUG - Incoming data. Topic {"x": 98.72, "y": 123.63, "yaw": 2.438, "timestamp": 1780404322.5955026}, mensaje 6/pos
2026-06-02 14:45:22.687 - [robot_6_log_20260602_144504.csv] - DEBUG - Despachado a ZMQ -> agent/6/move: {'v': 0.0, 'w': 0.0}
2026-06-02 14:45:22.693 - [robot_6_log_20260602_144504.csv] - DEBUG - Incoming data. Topic {"x": 98.71, "y": 123.63, "yaw": 2.433, "timestamp": 1780404322.6821072}, mensaje agent/6/wheel
2026-06-02 14:45:22.731 - [robot_6_log_20260602_144504.csv] - DEBUG - Incoming data. Topic {"Wleft":-9.672818e-15,"Wright":-1.669775429e-14}, mensaje 6/pos
2026-06-02 14:45:22.732 - [robot_6_log_20260602_144504.csv] - WARNING - SISTEMA DESCONECTADO: Parando robot por seguridad
2026-06-02 14:45:22.742 - [robot_6_log_20260602_144504.csv] - DEBUG - Despachado a ZMQ -> agent/6/move: {'v': 0.0, 'w': 0.0}
2026-06-02 14:45:22.747 - [robot_6_log_20260602_144504.csv] - DEBUG - Incoming data. Topic {"x": 98.71, "y": 123.63, "yaw": 2.433, "timestamp": 1780404322.6821072}, mensaje 6/pos
2026-06-02 14:45:22.753 - [robot_6_log_20260602_144504.csv] - DEBUG - Incoming data. Topic {"x": 98.71, "y": 123.63, "yaw": 2.433, "timestamp": 1780404322.6932077}, mensaje 6/pos
2026-06-02 14:45:22.782 - [robot_6_log_20260602_144504.csv] - WARNING - SISTEMA DESCONECTADO: Parando robot por seguridad
2026-06-02 14:45:22.788 - [robot_6_log_20260602_144504.csv] - DEBUG - Incoming data. Topic {"x": 98.71, "y": 123.63, "yaw": 2.433, "timestamp": 1780404322.6932077}, mensaje 6/pos
2026-06-02 14:45:22.793 - [robot_6_log_20260602_144504.csv] - DEBUG - Despachado a ZMQ -> agent/6/move: {'v': 0.0, 'w': 0.0}
2026-06-02 14:45:22.793 - [robot_6_log_20260602_144504.csv] - DEBUG - Incoming data. Topic {"x": 98.7, "y": 123.63, "yaw": 2.434, "timestamp": 1780404322.78606}, mensaje agent/6/wheel
2026-06-02 14:45:22.799 - [robot_6_log_20260602_144504.csv] - DEBUG - Incoming data. Topic {"Wleft":-9.672818e-15,"Wright":-1.669775429e-14}, mensaje 6/pos
2026-06-02 14:45:22.805 - [robot_6_log_20260602_144504.csv] - DEBUG - Incoming data. Topic {"x": 98.7, "y": 123.63, "yaw": 2.434, "timestamp": 1780404322.78606}, mensaje 6/pos
2026-06-02 14:45:22.832 - [robot_6_log_20260602_144504.csv] - WARNING - SISTEMA DESCONECTADO: Parando robot por seguridad
2026-06-02 14:45:22.842 - [robot_6_log_20260602_144504.csv] - DEBUG - Despachado a ZMQ -> agent/6/move: {'v': 0.0, 'w': 0.0}
2026-06-02 14:45:22.848 - [robot_6_log_20260602_144504.csv] - DEBUG - Incoming data. Topic {"x": 98.7, "y": 123.63, "yaw": 2.434, "timestamp": 1780404322.7955854}, mensaje 6/pos
2026-06-02 14:45:22.882 - [robot_6_log_20260602_144504.csv] - WARNING - SISTEMA DESCONECTADO: Parando robot por seguridad
2026-06-02 14:45:22.888 - [robot_6_log_20260602_144504.csv] - DEBUG - Incoming data. Topic {"x": 98.7, "y": 123.63, "yaw": 2.434, "timestamp": 1780404322.7955854}, mensaje 6/pos
2026-06-02 14:45:22.898 - [robot_6_log_20260602_144504.csv] - DEBUG - Incoming data. Topic {"x": 98.71, "y": 123.62, "yaw": 2.443, "timestamp": 1780404322.8872085}, mensaje agent/6/wheel
2026-06-02 14:45:22.893 - [robot_6_log_20260602_144504.csv] - DEBUG - Despachado a ZMQ -> agent/6/move: {'v': 0.0, 'w': 0.0}
2026-06-02 14:45:22.899 - [robot_6_log_20260602_144504.csv] - DEBUG - Incoming data. Topic {"Wleft":-9.672818e-15,"Wright":-1.669775429e-14}, mensaje 6/pos
2026-06-02 14:45:22.904 - [robot_6_log_20260602_144504.csv] - DEBUG - Incoming data. Topic {"x": 98.71, "y": 123.62, "yaw": 2.443, "timestamp": 1780404322.8872085}, mensaje 6/pos
2026-06-02 14:45:22.932 - [robot_6_log_20260602_144504.csv] - WARNING - SISTEMA DESCONECTADO: Parando robot por seguridad
2026-06-02 14:45:22.938 - [robot_6_log_20260602_144504.csv] - DEBUG - Despachado a ZMQ -> agent/6/move: {'v': 0.0, 'w': 0.0}
2026-06-02 14:45:22.943 - [robot_6_log_20260602_144504.csv] - DEBUG - Incoming data. Topic {"x": 98.71, "y": 123.62, "yaw": 2.443, "timestamp": 1780404322.8991802}, mensaje 6/pos
2026-06-02 14:45:22.982 - [robot_6_log_20260602_144504.csv] - WARNING - SISTEMA DESCONECTADO: Parando robot por seguridad
2026-06-02 14:45:22.988 - [robot_6_log_20260602_144504.csv] - DEBUG - Incoming data. Topic {"x": 98.71, "y": 123.62, "yaw": 2.443, "timestamp": 1780404322.8991802}, mensaje 6/pos
2026-06-02 14:45:22.998 - [robot_6_log_20260602_144504.csv] - DEBUG - Incoming data. Topic {"x": 98.72, "y": 123.63, "yaw": 2.436, "timestamp": 1780404322.9867506}, mensaje 6/pos
2026-06-02 14:45:23.003 - [robot_6_log_20260602_144504.csv] - DEBUG - Incoming data. Topic {"x": 98.72, "y": 123.63, "yaw": 2.436, "timestamp": 1780404322.9867506}, mensaje 6/pos
2026-06-02 14:45:23.008 - [robot_6_log_20260602_144504.csv] - DEBUG - Despachado a ZMQ -> agent/6/move: {'v': 0.0, 'w': 0.0}
2026-06-02 14:45:23.013 - [robot_6_log_20260602_144504.csv] - DEBUG - Incoming data. Topic {"x": 98.72, "y": 123.63, "yaw": 2.436, "timestamp": 1780404322.999093}, mensaje 6/pos
2026-06-02 14:45:23.032 - [robot_6_log_20260602_144504.csv] - WARNING - SISTEMA DESCONECTADO: Parando robot por seguridad
2026-06-02 14:45:23.047 - [robot_6_log_20260602_144504.csv] - DEBUG - Incoming data. Topic {"x": 98.72, "y": 123.63, "yaw": 2.436, "timestamp": 1780404322.999093}, mensaje agent/6/wheel
2026-06-02 14:45:23.047 - [robot_6_log_20260602_144504.csv] - DEBUG - Despachado a ZMQ -> agent/6/move: {'v': 0.0, 'w': 0.0}
2026-06-02 14:45:23.082 - [robot_6_log_20260602_144504.csv] - WARNING - SISTEMA DESCONECTADO: Parando robot por seguridad
2026-06-02 14:45:23.087 - [robot_6_log_20260602_144504.csv] - DEBUG - Incoming data. Topic {"Wleft":-9.672818e-15,"Wright":-1.669775429e-14}, mensaje 6/pos
2026-06-02 14:45:23.087 - [robot_6_log_20260602_144504.csv] - DEBUG - Incoming data. Topic {"x": 98.7, "y": 123.63, "yaw": 2.436, "timestamp": 1780404323.0844593}, mensaje agent/6/wheel
2026-06-02 14:45:23.092 - [robot_6_log_20260602_144504.csv] - DEBUG - Despachado a ZMQ -> agent/6/move: {'v': 0.0, 'w': 0.0}
2026-06-02 14:45:23.092 - [robot_6_log_20260602_144504.csv] - DEBUG - Incoming data. Topic {"Wleft":-9.672818e-15,"Wright":-1.669775429e-14}, mensaje 6/pos
2026-06-02 14:45:23.103 - [robot_6_log_20260602_144504.csv] - DEBUG - Incoming data. Topic {"x": 98.7, "y": 123.63, "yaw": 2.436, "timestamp": 1780404323.0844593}, mensaje 6/pos
2026-06-02 14:45:23.132 - [robot_6_log_20260602_144504.csv] - WARNING - SISTEMA DESCONECTADO: Parando robot por seguridad
2026-06-02 14:45:23.138 - [robot_6_log_20260602_144504.csv] - DEBUG - Incoming data. Topic {"x": 98.7, "y": 123.63, "yaw": 2.436, "timestamp": 1780404323.0964751}, mensaje 6/pos
2026-06-02 14:45:23.148 - [robot_6_log_20260602_144504.csv] - DEBUG - Despachado a ZMQ -> agent/6/move: {'v': 0.0, 'w': 0.0}
2026-06-02 14:45:23.182 - [robot_6_log_20260602_144504.csv] - WARNING - SISTEMA DESCONECTADO: Parando robot por seguridad
2026-06-02 14:45:23.188 - [robot_6_log_20260602_144504.csv] - DEBUG - Incoming data. Topic {"x": 98.7, "y": 123.63, "yaw": 2.436, "timestamp": 1780404323.0964751}, mensaje 6/pos
2026-06-02 14:45:23.198 - [robot_6_log_20260602_144504.csv] - DEBUG - Incoming data. Topic {"x": 98.72, "y": 123.63, "yaw": 2.435, "timestamp": 1780404323.186725}, mensaje 6/pos
2026-06-02 14:45:23.203 - [robot_6_log_20260602_144504.csv] - DEBUG - Incoming data. Topic {"x": 98.72, "y": 123.63, "yaw": 2.435, "timestamp": 1780404323.186725}, mensaje 6/pos
2026-06-02 14:45:23.203 - [robot_6_log_20260602_144504.csv] - DEBUG - Incoming data. Topic {"x": 98.72, "y": 123.63, "yaw": 2.435, "timestamp": 1780404323.1991823}, mensaje agent/6/wheel
2026-06-02 14:45:23.203 - [robot_6_log_20260602_144504.csv] - DEBUG - Despachado a ZMQ -> agent/6/move: {'v': 0.0, 'w': 0.0}
2026-06-02 14:45:23.208 - [robot_6_log_20260602_144504.csv] - DEBUG - Incoming data. Topic {"Wleft":-9.672818e-15,"Wright":-1.669775429e-14}, mensaje 6/pos
2026-06-02 14:45:23.232 - [robot_6_log_20260602_144504.csv] - WARNING - SISTEMA DESCONECTADO: Parando robot por seguridad
2026-06-02 14:45:23.252 - [robot_6_log_20260602_144504.csv] - DEBUG - Despachado a ZMQ -> agent/6/move: {'v': 0.0, 'w': 0.0}
2026-06-02 14:45:23.282 - [robot_6_log_20260602_144504.csv] - WARNING - SISTEMA DESCONECTADO: Parando robot por seguridad
2026-06-02 14:45:23.288 - [robot_6_log_20260602_144504.csv] - DEBUG - Incoming data. Topic {"x": 98.72, "y": 123.63, "yaw": 2.435, "timestamp": 1780404323.1991823}, mensaje 6/pos
2026-06-02 14:45:23.293 - [robot_6_log_20260602_144504.csv] - DEBUG - Incoming data. Topic {"x": 98.71, "y": 123.61, "yaw": 2.439, "timestamp": 1780404323.283786}, mensaje 6/pos
2026-06-02 14:45:23.303 - [robot_6_log_20260602_144504.csv] - DEBUG - Incoming data. Topic {"x": 98.71, "y": 123.61, "yaw": 2.439, "timestamp": 1780404323.283786}, mensaje 6/pos
2026-06-02 14:45:23.303 - [robot_6_log_20260602_144504.csv] - DEBUG - Incoming data. Topic {"x": 98.71, "y": 123.61, "yaw": 2.439, "timestamp": 1780404323.2929962}, mensaje agent/6/wheel
2026-06-02 14:45:23.314 - [robot_6_log_20260602_144504.csv] - DEBUG - Despachado a ZMQ -> agent/6/move: {'v': 0.0, 'w': 0.0}
2026-06-02 14:45:23.314 - [robot_6_log_20260602_144504.csv] - DEBUG - Incoming data. Topic {"Wleft":-9.672818e-15,"Wright":-1.669775429e-14}, mensaje 6/pos
2026-06-02 14:45:23.332 - [robot_6_log_20260602_144504.csv] - WARNING - SISTEMA DESCONECTADO: Parando robot por seguridad
2026-06-02 14:45:23.353 - [robot_6_log_20260602_144504.csv] - DEBUG - Despachado a ZMQ -> agent/6/move: {'v': 0.0, 'w': 0.0}
2026-06-02 14:45:23.382 - [robot_6_log_20260602_144504.csv] - WARNING - SISTEMA DESCONECTADO: Parando robot por seguridad
2026-06-02 14:45:23.387 - [robot_6_log_20260602_144504.csv] - DEBUG - Incoming data. Topic {"x": 98.71, "y": 123.61, "yaw": 2.439, "timestamp": 1780404323.2929962}, mensaje 6/pos
2026-06-02 14:45:23.387 - [robot_6_log_20260602_144504.csv] - DEBUG - Incoming data. Topic {"x": 98.72, "y": 123.63, "yaw": 2.437, "timestamp": 1780404323.3858101}, mensaje 6/pos
2026-06-02 14:45:23.397 - [robot_6_log_20260602_144504.csv] - DEBUG - Despachado a ZMQ -> agent/6/move: {'v': 0.0, 'w': 0.0}
2026-06-02 14:45:23.402 - [robot_6_log_20260602_144504.csv] - DEBUG - Incoming data. Topic {"x": 98.72, "y": 123.63, "yaw": 2.437, "timestamp": 1780404323.3858101}, mensaje 6/pos
2026-06-02 14:45:23.414 - [robot_6_log_20260602_144504.csv] - DEBUG - Incoming data. Topic {"x": 98.72, "y": 123.63, "yaw": 2.437, "timestamp": 1780404323.3961966}, mensaje 6/pos
2026-06-02 14:45:23.425 - [robot_6_log_20260602_144504.csv] - DEBUG - Incoming data. Topic {"x": 98.72, "y": 123.63, "yaw": 2.437, "timestamp": 1780404323.3961966}, mensaje agent/6/wheel
2026-06-02 14:45:23.432 - [robot_6_log_20260602_144504.csv] - WARNING - SISTEMA DESCONECTADO: Parando robot por seguridad
2026-06-02 14:45:23.452 - [robot_6_log_20260602_144504.csv] - DEBUG - Despachado a ZMQ -> agent/6/move: {'v': 0.0, 'w': 0.0}
2026-06-02 14:45:23.482 - [robot_6_log_20260602_144504.csv] - WARNING - SISTEMA DESCONECTADO: Parando robot por seguridad
2026-06-02 14:45:23.488 - [robot_6_log_20260602_144504.csv] - DEBUG - Incoming data. Topic {"Wleft":-9.672818e-15,"Wright":-1.669775429e-14}, mensaje 6/pos
2026-06-02 14:45:23.503 - [robot_6_log_20260602_144504.csv] - DEBUG - Incoming data. Topic {"x": 98.71, "y": 123.62, "yaw": 2.437, "timestamp": 1780404323.4843557}, mensaje 6/pos
2026-06-02 14:45:23.503 - [robot_6_log_20260602_144504.csv] - DEBUG - Despachado a ZMQ -> agent/6/move: {'v': 0.0, 'w': 0.0}
2026-06-02 14:45:23.524 - [robot_6_log_20260602_144504.csv] - DEBUG - Incoming data. Topic {"x": 98.71, "y": 123.62, "yaw": 2.437, "timestamp": 1780404323.4843557}, mensaje 6/pos
2026-06-02 14:45:23.529 - [robot_6_log_20260602_144504.csv] - DEBUG - Incoming data. Topic {"x": 98.71, "y": 123.62, "yaw": 2.437, "timestamp": 1780404323.496604}, mensaje 6/pos
2026-06-02 14:45:23.532 - [robot_6_log_20260602_144504.csv] - WARNING - SISTEMA DESCONECTADO: Parando robot por seguridad
2026-06-02 14:45:23.543 - [robot_6_log_20260602_144504.csv] - DEBUG - Incoming data. Topic {"x": 98.71, "y": 123.62, "yaw": 2.437, "timestamp": 1780404323.496604}, mensaje agent/6/wheel
2026-06-02 14:45:23.553 - [robot_6_log_20260602_144504.csv] - DEBUG - Despachado a ZMQ -> agent/6/move: {'v': 0.0, 'w': 0.0}
2026-06-02 14:45:23.582 - [robot_6_log_20260602_144504.csv] - WARNING - SISTEMA DESCONECTADO: Parando robot por seguridad
2026-06-02 14:45:23.588 - [robot_6_log_20260602_144504.csv] - DEBUG - Incoming data. Topic {"Wleft":-9.672818e-15,"Wright":-1.669775429e-14}, mensaje 6/pos
2026-06-02 14:45:23.603 - [robot_6_log_20260602_144504.csv] - DEBUG - Incoming data. Topic {"x": 98.72, "y": 123.63, "yaw": 2.438, "timestamp": 1780404323.5862935}, mensaje 6/pos
2026-06-02 14:45:23.603 - [robot_6_log_20260602_144504.csv] - DEBUG - Despachado a ZMQ -> agent/6/move: {'v': 0.0, 'w': 0.0}
2026-06-02 14:45:23.624 - [robot_6_log_20260602_144504.csv] - DEBUG - Incoming data. Topic {"x": 98.72, "y": 123.63, "yaw": 2.438, "timestamp": 1780404323.5862935}, mensaje agent/6/wheel
2026-06-02 14:45:23.632 - [robot_6_log_20260602_144504.csv] - DEBUG - Incoming data. Topic {"Wleft":-9.672818e-15,"Wright":-1.669775429e-14}, mensaje 6/pos
2026-06-02 14:45:23.632 - [robot_6_log_20260602_144504.csv] - WARNING - SISTEMA DESCONECTADO: Parando robot por seguridad
2026-06-02 14:45:23.643 - [robot_6_log_20260602_144504.csv] - DEBUG - Despachado a ZMQ -> agent/6/move: {'v': 0.0, 'w': 0.0}
2026-06-02 14:45:23.648 - [robot_6_log_20260602_144504.csv] - DEBUG - Incoming data. Topic {"x": 98.72, "y": 123.63, "yaw": 2.438, "timestamp": 1780404323.5998836}, mensaje 6/pos
2026-06-02 14:45:23.682 - [robot_6_log_20260602_144504.csv] - WARNING - SISTEMA DESCONECTADO: Parando robot por seguridad
2026-06-02 14:45:23.687 - [robot_6_log_20260602_144504.csv] - DEBUG - Incoming data. Topic {"x": 98.72, "y": 123.63, "yaw": 2.438, "timestamp": 1780404323.5998836}, mensaje 6/pos
2026-06-02 14:45:23.702 - [robot_6_log_20260602_144504.csv] - DEBUG - Incoming data. Topic {"x": 98.71, "y": 123.63, "yaw": 2.439, "timestamp": 1780404323.682439}, mensaje 6/pos
2026-06-02 14:45:23.702 - [robot_6_log_20260602_144504.csv] - DEBUG - Despachado a ZMQ -> agent/6/move: {'v': 0.0, 'w': 0.0}
2026-06-02 14:45:23.718 - [robot_6_log_20260602_144504.csv] - DEBUG - Incoming data. Topic {"x": 98.71, "y": 123.63, "yaw": 2.439, "timestamp": 1780404323.682439}, mensaje 6/pos
2026-06-02 14:45:23.728 - [robot_6_log_20260602_144504.csv] - DEBUG - Incoming data. Topic {"x": 98.71, "y": 123.63, "yaw": 2.439, "timestamp": 1780404323.692554}, mensaje 6/pos
2026-06-02 14:45:23.732 - [robot_6_log_20260602_144504.csv] - WARNING - SISTEMA DESCONECTADO: Parando robot por seguridad
2026-06-02 14:45:23.743 - [robot_6_log_20260602_144504.csv] - DEBUG - Incoming data. Topic {"x": 98.71, "y": 123.63, "yaw": 2.439, "timestamp": 1780404323.692554}, mensaje agent/6/wheel
2026-06-02 14:45:23.748 - [robot_6_log_20260602_144504.csv] - DEBUG - Despachado a ZMQ -> agent/6/move: {'v': 0.0, 'w': 0.0}
2026-06-02 14:45:23.782 - [robot_6_log_20260602_144504.csv] - WARNING - SISTEMA DESCONECTADO: Parando robot por seguridad
2026-06-02 14:45:23.788 - [robot_6_log_20260602_144504.csv] - DEBUG - Incoming data. Topic {"Wleft":-9.672818e-15,"Wright":-1.669775429e-14}, mensaje 6/pos
2026-06-02 14:45:23.803 - [robot_6_log_20260602_144504.csv] - DEBUG - Incoming data. Topic {"x": 98.72, "y": 123.62, "yaw": 2.437, "timestamp": 1780404323.7863386}, mensaje 6/pos
2026-06-02 14:45:23.803 - [robot_6_log_20260602_144504.csv] - DEBUG - Despachado a ZMQ -> agent/6/move: {'v': 0.0, 'w': 0.0}
2026-06-02 14:45:23.813 - [robot_6_log_20260602_144504.csv] - DEBUG - Incoming data. Topic {"x": 98.72, "y": 123.62, "yaw": 2.437, "timestamp": 1780404323.7863386}, mensaje agent/6/wheel
2026-06-02 14:45:23.813 - [robot_6_log_20260602_144504.csv] - DEBUG - Incoming data. Topic {"Wleft":-9.672818e-15,"Wright":-1.669775429e-14}, mensaje 6/pos
2026-06-02 14:45:23.832 - [robot_6_log_20260602_144504.csv] - WARNING - SISTEMA DESCONECTADO: Parando robot por seguridad
2026-06-02 14:45:23.848 - [robot_6_log_20260602_144504.csv] - DEBUG - Despachado a ZMQ -> agent/6/move: {'v': 0.0, 'w': 0.0}
2026-06-02 14:45:23.863 - [robot_6_log_20260602_144504.csv] - DEBUG - Incoming data. Topic {"x": 98.72, "y": 123.62, "yaw": 2.437, "timestamp": 1780404323.7988977}, mensaje 6/pos
2026-06-02 14:45:23.882 - [robot_6_log_20260602_144504.csv] - WARNING - SISTEMA DESCONECTADO: Parando robot por seguridad
2026-06-02 14:45:23.887 - [robot_6_log_20260602_144504.csv] - DEBUG - Incoming data. Topic {"x": 98.72, "y": 123.62, "yaw": 2.437, "timestamp": 1780404323.7988977}, mensaje 6/pos
2026-06-02 14:45:23.903 - [robot_6_log_20260602_144504.csv] - DEBUG - Despachado a ZMQ -> agent/6/move: {'v': 0.0, 'w': 0.0}
2026-06-02 14:45:23.903 - [robot_6_log_20260602_144504.csv] - DEBUG - Incoming data. Topic {"x": 98.72, "y": 123.63, "yaw": 2.438, "timestamp": 1780404323.8834043}, mensaje 6/pos
2026-06-02 14:45:23.924 - [robot_6_log_20260602_144504.csv] - DEBUG - Incoming data. Topic {"x": 98.72, "y": 123.63, "yaw": 2.438, "timestamp": 1780404323.8834043}, mensaje 6/pos
2026-06-02 14:45:23.932 - [robot_6_log_20260602_144504.csv] - WARNING - SISTEMA DESCONECTADO: Parando robot por seguridad
2026-06-02 14:45:23.932 - [robot_6_log_20260602_144504.csv] - DEBUG - Incoming data. Topic {"x": 98.72, "y": 123.63, "yaw": 2.438, "timestamp": 1780404323.89269}, mensaje 6/pos
2026-06-02 14:45:23.952 - [robot_6_log_20260602_144504.csv] - DEBUG - Incoming data. Topic {"x": 98.72, "y": 123.63, "yaw": 2.438, "timestamp": 1780404323.89269}, mensaje agent/6/wheel
2026-06-02 14:45:23.952 - [robot_6_log_20260602_144504.csv] - DEBUG - Despachado a ZMQ -> agent/6/move: {'v': 0.0, 'w': 0.0}
2026-06-02 14:45:23.982 - [robot_6_log_20260602_144504.csv] - WARNING - SISTEMA DESCONECTADO: Parando robot por seguridad
2026-06-02 14:45:23.987 - [robot_6_log_20260602_144504.csv] - DEBUG - Incoming data. Topic {"Wleft":-9.672818e-15,"Wright":-1.669775429e-14}, mensaje 6/pos
2026-06-02 14:45:24.002 - [robot_6_log_20260602_144504.csv] - DEBUG - Despachado a ZMQ -> agent/6/move: {'v': 0.0, 'w': 0.0}
2026-06-02 14:45:24.002 - [robot_6_log_20260602_144504.csv] - DEBUG - Incoming data. Topic {"x": 98.71, "y": 123.64, "yaw": 2.438, "timestamp": 1780404323.9854982}, mensaje 6/pos
2026-06-02 14:45:24.032 - [robot_6_log_20260602_144504.csv] - WARNING - SISTEMA DESCONECTADO: Parando robot por seguridad
2026-06-02 14:45:24.032 - [robot_6_log_20260602_144504.csv] - DEBUG - Incoming data. Topic {"x": 98.71, "y": 123.64, "yaw": 2.438, "timestamp": 1780404323.9854982}, mensaje 6/pos
2026-06-02 14:45:24.042 - [robot_6_log_20260602_144504.csv] - DEBUG - Incoming data. Topic {"x": 98.71, "y": 123.64, "yaw": 2.438, "timestamp": 1780404323.997445}, mensaje 6/pos
2026-06-02 14:45:24.052 - [robot_6_log_20260602_144504.csv] - DEBUG - Incoming data. Topic {"x": 98.71, "y": 123.64, "yaw": 2.438, "timestamp": 1780404323.997445}, mensaje agent/6/wheel
2026-06-02 14:45:24.067 - [robot_6_log_20260602_144504.csv] - DEBUG - Despachado a ZMQ -> agent/6/move: {'v': 0.0, 'w': 0.0}
2026-06-02 14:45:24.082 - [robot_6_log_20260602_144504.csv] - WARNING - SISTEMA DESCONECTADO: Parando robot por seguridad
2026-06-02 14:45:24.082 - [robot_6_log_20260602_144504.csv] - DEBUG - Incoming data. Topic {"Wleft":-9.672818e-15,"Wright":-1.669775429e-14}, mensaje 6/pos
2026-06-02 14:45:24.102 - [robot_6_log_20260602_144504.csv] - DEBUG - Despachado a ZMQ -> agent/6/move: {'v': 0.0, 'w': 0.0}
2026-06-02 14:45:24.102 - [robot_6_log_20260602_144504.csv] - DEBUG - Incoming data. Topic {"x": 98.71, "y": 123.63, "yaw": 2.44, "timestamp": 1780404324.0818343}, mensaje 6/pos
2026-06-02 14:45:24.129 - [robot_6_log_20260602_144504.csv] - DEBUG - Incoming data. Topic {"x": 98.71, "y": 123.63, "yaw": 2.44, "timestamp": 1780404324.0818343}, mensaje 6/pos
2026-06-02 14:45:24.132 - [robot_6_log_20260602_144504.csv] - WARNING - SISTEMA DESCONECTADO: Parando robot por seguridad
2026-06-02 14:45:24.132 - [robot_6_log_20260602_144504.csv] - DEBUG - Incoming data. Topic {"x": 98.71, "y": 123.63, "yaw": 2.44, "timestamp": 1780404324.0920618}, mensaje 6/pos
2026-06-02 14:45:24.142 - [robot_6_log_20260602_144504.csv] - DEBUG - Incoming data. Topic {"x": 98.71, "y": 123.63, "yaw": 2.44, "timestamp": 1780404324.0920618}, mensaje agent/6/wheel
2026-06-02 14:45:24.147 - [robot_6_log_20260602_144504.csv] - DEBUG - Despachado a ZMQ -> agent/6/move: {'v': 0.0, 'w': 0.0}
2026-06-02 14:45:24.182 - [robot_6_log_20260602_144504.csv] - WARNING - SISTEMA DESCONECTADO: Parando robot por seguridad
2026-06-02 14:45:24.188 - [robot_6_log_20260602_144504.csv] - DEBUG - Incoming data. Topic {"Wleft":-9.672818e-15,"Wright":-1.669775429e-14}, mensaje 6/pos
2026-06-02 14:45:24.198 - [robot_6_log_20260602_144504.csv] - DEBUG - Incoming data. Topic {"x": 98.72, "y": 123.63, "yaw": 2.438, "timestamp": 1780404324.186456}, mensaje 6/pos
2026-06-02 14:45:24.203 - [robot_6_log_20260602_144504.csv] - DEBUG - Incoming data. Topic {"x": 98.72, "y": 123.63, "yaw": 2.438, "timestamp": 1780404324.186456}, mensaje 6/pos
2026-06-02 14:45:24.203 - [robot_6_log_20260602_144504.csv] - DEBUG - Despachado a ZMQ -> agent/6/move: {'v': 0.0, 'w': 0.0}
2026-06-02 14:45:24.214 - [robot_6_log_20260602_144504.csv] - DEBUG - Incoming data. Topic {"x": 98.72, "y": 123.63, "yaw": 2.438, "timestamp": 1780404324.196987}, mensaje 6/pos
2026-06-02 14:45:24.232 - [robot_6_log_20260602_144504.csv] - WARNING - SISTEMA DESCONECTADO: Parando robot por seguridad
2026-06-02 14:45:24.247 - [robot_6_log_20260602_144504.csv] - DEBUG - Despachado a ZMQ -> agent/6/move: {'v': 0.0, 'w': 0.0}
2026-06-02 14:45:24.253 - [robot_6_log_20260602_144504.csv] - DEBUG - Incoming data. Topic {"x": 98.72, "y": 123.63, "yaw": 2.438, "timestamp": 1780404324.196987}, mensaje agent/6/wheel
2026-06-02 14:45:24.282 - [robot_6_log_20260602_144504.csv] - WARNING - SISTEMA DESCONECTADO: Parando robot por seguridad
2026-06-02 14:45:24.287 - [robot_6_log_20260602_144504.csv] - DEBUG - Incoming data. Topic {"Wleft":-9.672818e-15,"Wright":-1.669775429e-14}, mensaje 6/pos
2026-06-02 14:45:24.302 - [robot_6_log_20260602_144504.csv] - DEBUG - Despachado a ZMQ -> agent/6/move: {'v': 0.0, 'w': 0.0}
2026-06-02 14:45:24.302 - [robot_6_log_20260602_144504.csv] - DEBUG - Incoming data. Topic {"x": 98.72, "y": 123.63, "yaw": 2.438, "timestamp": 1780404324.2818341}, mensaje 6/pos
2026-06-02 14:45:24.323 - [robot_6_log_20260602_144504.csv] - DEBUG - Incoming data. Topic {"x": 98.72, "y": 123.63, "yaw": 2.438, "timestamp": 1780404324.2818341}, mensaje 6/pos
2026-06-02 14:45:24.332 - [robot_6_log_20260602_144504.csv] - DEBUG - Incoming data. Topic {"x": 98.72, "y": 123.63, "yaw": 2.438, "timestamp": 1780404324.29185}, mensaje 6/pos
2026-06-02 14:45:24.332 - [robot_6_log_20260602_144504.csv] - WARNING - SISTEMA DESCONECTADO: Parando robot por seguridad
2026-06-02 14:45:24.343 - [robot_6_log_20260602_144504.csv] - DEBUG - Incoming data. Topic {"x": 98.72, "y": 123.63, "yaw": 2.438, "timestamp": 1780404324.29185}, mensaje agent/6/wheel
2026-06-02 14:45:24.348 - [robot_6_log_20260602_144504.csv] - DEBUG - Despachado a ZMQ -> agent/6/move: {'v': 0.0, 'w': 0.0}
2026-06-02 14:45:24.382 - [robot_6_log_20260602_144504.csv] - WARNING - SISTEMA DESCONECTADO: Parando robot por seguridad
2026-06-02 14:45:24.388 - [robot_6_log_20260602_144504.csv] - DEBUG - Incoming data. Topic {"Wleft":-9.672818e-15,"Wright":-1.669775429e-14}, mensaje 6/pos
2026-06-02 14:45:24.403 - [robot_6_log_20260602_144504.csv] - DEBUG - Incoming data. Topic {"x": 98.72, "y": 123.62, "yaw": 2.44, "timestamp": 1780404324.3864486}, mensaje 6/pos
2026-06-02 14:45:24.403 - [robot_6_log_20260602_144504.csv] - DEBUG - Despachado a ZMQ -> agent/6/move: {'v': 0.0, 'w': 0.0}
2026-06-02 14:45:24.418 - [robot_6_log_20260602_144504.csv] - DEBUG - Incoming data. Topic {"x": 98.72, "y": 123.62, "yaw": 2.44, "timestamp": 1780404324.3864486}, mensaje 6/pos
2026-06-02 14:45:24.432 - [robot_6_log_20260602_144504.csv] - WARNING - SISTEMA DESCONECTADO: Parando robot por seguridad
2026-06-02 14:45:24.432 - [robot_6_log_20260602_144504.csv] - DEBUG - Incoming data. Topic {"x": 98.72, "y": 123.62, "yaw": 2.44, "timestamp": 1780404324.3957717}, mensaje 6/pos
2026-06-02 14:45:24.447 - [robot_6_log_20260602_144504.csv] - DEBUG - Incoming data. Topic {"x": 98.72, "y": 123.62, "yaw": 2.44, "timestamp": 1780404324.3957717}, mensaje agent/6/wheel
2026-06-02 14:45:24.457 - [robot_6_log_20260602_144504.csv] - DEBUG - Despachado a ZMQ -> agent/6/move: {'v': 0.0, 'w': 0.0}
2026-06-02 14:45:24.482 - [robot_6_log_20260602_144504.csv] - WARNING - SISTEMA DESCONECTADO: Parando robot por seguridad
2026-06-02 14:45:24.487 - [robot_6_log_20260602_144504.csv] - DEBUG - Incoming data. Topic {"Wleft":-9.672818e-15,"Wright":-1.669775429e-14}, mensaje 6/pos
2026-06-02 14:45:24.497 - [robot_6_log_20260602_144504.csv] - DEBUG - Despachado a ZMQ -> agent/6/move: {'v': 0.0, 'w': 0.0}
2026-06-02 14:45:24.507 - [robot_6_log_20260602_144504.csv] - DEBUG - Incoming data. Topic {"x": 98.72, "y": 123.63, "yaw": 2.435, "timestamp": 1780404324.4816906}, mensaje 6/pos
2026-06-02 14:45:24.512 - [robot_6_log_20260602_144504.csv] - DEBUG - Incoming data. Topic {"x": 98.72, "y": 123.63, "yaw": 2.435, "timestamp": 1780404324.4816906}, mensaje 6/pos
2026-06-02 14:45:24.517 - [robot_6_log_20260602_144504.csv] - DEBUG - Incoming data. Topic {"x": 98.72, "y": 123.63, "yaw": 2.435, "timestamp": 1780404324.4912536}, mensaje 6/pos
2026-06-02 14:45:24.532 - [robot_6_log_20260602_144504.csv] - WARNING - SISTEMA DESCONECTADO: Parando robot por seguridad
2026-06-02 14:45:24.553 - [robot_6_log_20260602_144504.csv] - DEBUG - Despachado a ZMQ -> agent/6/move: {'v': 0.0, 'w': 0.0}
2026-06-02 14:45:24.577 - [robot_6_log_20260602_144504.csv] - DEBUG - Incoming data. Topic {"x": 98.72, "y": 123.63, "yaw": 2.435, "timestamp": 1780404324.4912536}, mensaje agent/6/wheel
2026-06-02 14:45:24.582 - [robot_6_log_20260602_144504.csv] - WARNING - SISTEMA DESCONECTADO: Parando robot por seguridad
2026-06-02 14:45:24.587 - [robot_6_log_20260602_144504.csv] - DEBUG - Incoming data. Topic {"Wleft":-9.672818e-15,"Wright":-1.669775429e-14}, mensaje 6/pos
2026-06-02 14:45:24.592 - [robot_6_log_20260602_144504.csv] - DEBUG - Incoming data. Topic {"x": 98.72, "y": 123.62, "yaw": 2.438, "timestamp": 1780404324.5863595}, mensaje 6/pos
2026-06-02 14:45:24.597 - [robot_6_log_20260602_144504.csv] - DEBUG - Incoming data. Topic {"x": 98.72, "y": 123.62, "yaw": 2.438, "timestamp": 1780404324.5863595}, mensaje 6/pos
2026-06-02 14:45:24.602 - [robot_6_log_20260602_144504.csv] - DEBUG - Incoming data. Topic {"x": 98.72, "y": 123.62, "yaw": 2.438, "timestamp": 1780404324.5962193}, mensaje 6/pos
2026-06-02 14:45:24.617 - [robot_6_log_20260602_144504.csv] - DEBUG - Despachado a ZMQ -> agent/6/move: {'v': 0.0, 'w': 0.0}
2026-06-02 14:45:24.632 - [robot_6_log_20260602_144504.csv] - WARNING - SISTEMA DESCONECTADO: Parando robot por seguridad
2026-06-02 14:45:24.643 - [robot_6_log_20260602_144504.csv] - DEBUG - Incoming data. Topic {"x": 98.72, "y": 123.62, "yaw": 2.438, "timestamp": 1780404324.5962193}, mensaje agent/6/wheel
2026-06-02 14:45:24.663 - [robot_6_log_20260602_144504.csv] - DEBUG - Despachado a ZMQ -> agent/6/move: {'v': 0.0, 'w': 0.0}
2026-06-02 14:45:24.682 - [robot_6_log_20260602_144504.csv] - WARNING - SISTEMA DESCONECTADO: Parando robot por seguridad
2026-06-02 14:45:24.687 - [robot_6_log_20260602_144504.csv] - DEBUG - Incoming data. Topic {"Wleft":-9.672818e-15,"Wright":-1.669775429e-14}, mensaje 6/pos
2026-06-02 14:45:24.702 - [robot_6_log_20260602_144504.csv] - DEBUG - Incoming data. Topic {"x": 98.71, "y": 123.64, "yaw": 2.433, "timestamp": 1780404324.6820374}, mensaje 6/pos
2026-06-02 14:45:24.707 - [robot_6_log_20260602_144504.csv] - DEBUG - Incoming data. Topic {"x": 98.71, "y": 123.64, "yaw": 2.433, "timestamp": 1780404324.6820374}, mensaje 6/pos
2026-06-02 14:45:24.713 - [robot_6_log_20260602_144504.csv] - DEBUG - Incoming data. Topic {"x": 98.71, "y": 123.64, "yaw": 2.433, "timestamp": 1780404324.6922581}, mensaje 6/pos
2026-06-02 14:45:24.718 - [robot_6_log_20260602_144504.csv] - DEBUG - Despachado a ZMQ -> agent/6/move: {'v': 0.0, 'w': 0.0}
2026-06-02 14:45:24.732 - [robot_6_log_20260602_144504.csv] - WARNING - SISTEMA DESCONECTADO: Parando robot por seguridad
2026-06-02 14:45:24.753 - [robot_6_log_20260602_144504.csv] - DEBUG - Despachado a ZMQ -> agent/6/move: {'v': 0.0, 'w': 0.0}
2026-06-02 14:45:24.777 - [robot_6_log_20260602_144504.csv] - DEBUG - Incoming data. Topic {"x": 98.71, "y": 123.64, "yaw": 2.433, "timestamp": 1780404324.6922581}, mensaje agent/6/wheel
2026-06-02 14:45:24.782 - [robot_6_log_20260602_144504.csv] - WARNING - SISTEMA DESCONECTADO: Parando robot por seguridad
2026-06-02 14:45:24.793 - [robot_6_log_20260602_144504.csv] - DEBUG - Despachado a ZMQ -> agent/6/move: {'v': 0.0, 'w': 0.0}
2026-06-02 14:45:24.798 - [robot_6_log_20260602_144504.csv] - DEBUG - Incoming data. Topic {"Wleft":-9.672818e-15,"Wright":-1.669775429e-14}, mensaje 6/pos
2026-06-02 14:45:24.824 - [robot_6_log_20260602_144504.csv] - DEBUG - Incoming data. Topic {"x": 98.71, "y": 123.63, "yaw": 2.437, "timestamp": 1780404324.7864647}, mensaje 6/pos
2026-06-02 14:45:24.832 - [robot_6_log_20260602_144504.csv] - DEBUG - Incoming data. Topic {"x": 98.71, "y": 123.63, "yaw": 2.437, "timestamp": 1780404324.7864647}, mensaje 6/pos
2026-06-02 14:45:24.832 - [robot_6_log_20260602_144504.csv] - DEBUG - Incoming data. Topic {"x": 98.71, "y": 123.63, "yaw": 2.437, "timestamp": 1780404324.796596}, mensaje 6/pos
2026-06-02 14:45:24.832 - [robot_6_log_20260602_144504.csv] - WARNING - SISTEMA DESCONECTADO: Parando robot por seguridad
2026-06-02 14:45:24.843 - [robot_6_log_20260602_144504.csv] - DEBUG - Incoming data. Topic {"x": 98.71, "y": 123.63, "yaw": 2.437, "timestamp": 1780404324.796596}, mensaje agent/6/wheel
2026-06-02 14:45:24.843 - [robot_6_log_20260602_144504.csv] - DEBUG - Despachado a ZMQ -> agent/6/move: {'v': 0.0, 'w': 0.0}
2026-06-02 14:45:24.882 - [robot_6_log_20260602_144504.csv] - DEBUG - Incoming data. Topic {"Wleft":-9.672818e-15,"Wright":-1.669775429e-14}, mensaje 6/pos
2026-06-02 14:45:24.882 - [robot_6_log_20260602_144504.csv] - WARNING - SISTEMA DESCONECTADO: Parando robot por seguridad
2026-06-02 14:45:24.882 - [robot_6_log_20260602_144504.csv] - DEBUG - Incoming data. Topic {"x": 98.71, "y": 123.63, "yaw": 2.438, "timestamp": 1780404324.8813438}, mensaje 6/pos
2026-06-02 14:45:24.902 - [robot_6_log_20260602_144504.csv] - DEBUG - Despachado a ZMQ -> agent/6/move: {'v': 0.0, 'w': 0.0}
2026-06-02 14:45:24.902 - [robot_6_log_20260602_144504.csv] - DEBUG - Incoming data. Topic {"x": 98.71, "y": 123.63, "yaw": 2.438, "timestamp": 1780404324.8813438}, mensaje 6/pos
2026-06-02 14:45:24.917 - [robot_6_log_20260602_144504.csv] - DEBUG - Incoming data. Topic {"x": 98.71, "y": 123.63, "yaw": 2.438, "timestamp": 1780404324.8916924}, mensaje 6/pos
2026-06-02 14:45:24.932 - [robot_6_log_20260602_144504.csv] - WARNING - SISTEMA DESCONECTADO: Parando robot por seguridad
2026-06-02 14:45:24.943 - [robot_6_log_20260602_144504.csv] - DEBUG - Incoming data. Topic {"x": 98.71, "y": 123.63, "yaw": 2.438, "timestamp": 1780404324.8916924}, mensaje agent/6/wheel
2026-06-02 14:45:24.958 - [robot_6_log_20260602_144504.csv] - DEBUG - Despachado a ZMQ -> agent/6/move: {'v': 0.0, 'w': 0.0}
2026-06-02 14:45:24.982 - [robot_6_log_20260602_144504.csv] - WARNING - SISTEMA DESCONECTADO: Parando robot por seguridad
2026-06-02 14:45:25.003 - [robot_6_log_20260602_144504.csv] - DEBUG - Despachado a ZMQ -> agent/6/move: {'v': 0.0, 'w': 0.0}
2026-06-02 14:45:25.032 - [robot_6_log_20260602_144504.csv] - WARNING - SISTEMA DESCONECTADO: Parando robot por seguridad
2026-06-02 14:45:25.043 - [robot_6_log_20260602_144504.csv] - DEBUG - Incoming data. Topic {"Wleft":-9.672818e-15,"Wright":-1.669775429e-14}, mensaje agent/6/wheel
2026-06-02 14:45:25.053 - [robot_6_log_20260602_144504.csv] - DEBUG - Despachado a ZMQ -> agent/6/move: {'v': 0.0, 'w': 0.0}
2026-06-02 14:45:25.082 - [robot_6_log_20260602_144504.csv] - DEBUG - Incoming data. Topic {"Wleft":-9.672818e-15,"Wright":-1.669775429e-14}, mensaje 6/pos
2026-06-02 14:45:25.082 - [robot_6_log_20260602_144504.csv] - WARNING - SISTEMA DESCONECTADO: Parando robot por seguridad
2026-06-02 14:45:25.082 - [robot_6_log_20260602_144504.csv] - DEBUG - Incoming data. Topic {"x": 98.72, "y": 123.61, "yaw": 2.436, "timestamp": 1780404325.0813673}, mensaje 6/pos
2026-06-02 14:45:25.092 - [robot_6_log_20260602_144504.csv] - DEBUG - Incoming data. Topic {"x": 98.72, "y": 123.61, "yaw": 2.436, "timestamp": 1780404325.0813673}, mensaje 6/pos
2026-06-02 14:45:25.097 - [robot_6_log_20260602_144504.csv] - DEBUG - Incoming data. Topic {"x": 98.72, "y": 123.61, "yaw": 2.436, "timestamp": 1780404325.090966}, mensaje 6/pos
2026-06-02 14:45:25.097 - [robot_6_log_20260602_144504.csv] - DEBUG - Despachado a ZMQ -> agent/6/move: {'v': 0.0, 'w': 0.0}
2026-06-02 14:45:25.132 - [robot_6_log_20260602_144504.csv] - WARNING - SISTEMA DESCONECTADO: Parando robot por seguridad
2026-06-02 14:45:25.143 - [robot_6_log_20260602_144504.csv] - DEBUG - Incoming data. Topic {"x": 98.72, "y": 123.61, "yaw": 2.436, "timestamp": 1780404325.090966}, mensaje agent/6/wheel
2026-06-02 14:45:25.148 - [robot_6_log_20260602_144504.csv] - DEBUG - Despachado a ZMQ -> agent/6/move: {'v': 0.0, 'w': 0.0}
2026-06-02 14:45:25.182 - [robot_6_log_20260602_144504.csv] - WARNING - SISTEMA DESCONECTADO: Parando robot por seguridad
2026-06-02 14:45:25.187 - [robot_6_log_20260602_144504.csv] - DEBUG - Incoming data. Topic {"Wleft":-9.672818e-15,"Wright":-1.669775429e-14}, mensaje 6/pos
2026-06-02 14:45:25.192 - [robot_6_log_20260602_144504.csv] - DEBUG - Incoming data. Topic {"x": 98.72, "y": 123.63, "yaw": 2.435, "timestamp": 1780404325.1859834}, mensaje 6/pos
2026-06-02 14:45:25.197 - [robot_6_log_20260602_144504.csv] - DEBUG - Despachado a ZMQ -> agent/6/move: {'v': 0.0, 'w': 0.0}
2026-06-02 14:45:25.207 - [robot_6_log_20260602_144504.csv] - DEBUG - Incoming data. Topic {"x": 98.72, "y": 123.63, "yaw": 2.435, "timestamp": 1780404325.1859834}, mensaje 6/pos
2026-06-02 14:45:25.232 - [robot_6_log_20260602_144504.csv] - WARNING - SISTEMA DESCONECTADO: Parando robot por seguridad
2026-06-02 14:45:25.232 - [robot_6_log_20260602_144504.csv] - DEBUG - Incoming data. Topic {"x": 98.72, "y": 123.63, "yaw": 2.435, "timestamp": 1780404325.1949508}, mensaje 6/pos
2026-06-02 14:45:25.263 - [robot_6_log_20260602_144504.csv] - DEBUG - Incoming data. Topic {"x": 98.72, "y": 123.63, "yaw": 2.435, "timestamp": 1780404325.1949508}, mensaje agent/6/wheel
2026-06-02 14:45:25.263 - [robot_6_log_20260602_144504.csv] - DEBUG - Despachado a ZMQ -> agent/6/move: {'v': 0.0, 'w': 0.0}
2026-06-02 14:45:25.282 - [robot_6_log_20260602_144504.csv] - WARNING - SISTEMA DESCONECTADO: Parando robot por seguridad
2026-06-02 14:45:25.292 - [robot_6_log_20260602_144504.csv] - DEBUG - Incoming data. Topic {"Wleft":-9.672818e-15,"Wright":-1.669775429e-14}, mensaje 6/pos
2026-06-02 14:45:25.297 - [robot_6_log_20260602_144504.csv] - DEBUG - Incoming data. Topic {"x": 98.71, "y": 123.64, "yaw": 2.438, "timestamp": 1780404325.2813265}, mensaje 6/pos
2026-06-02 14:45:25.302 - [robot_6_log_20260602_144504.csv] - DEBUG - Despachado a ZMQ -> agent/6/move: {'v': 0.0, 'w': 0.0}
2026-06-02 14:45:25.302 - [robot_6_log_20260602_144504.csv] - DEBUG - Incoming data. Topic {"x": 98.71, "y": 123.64, "yaw": 2.438, "timestamp": 1780404325.2813265}, mensaje 6/pos
2026-06-02 14:45:25.332 - [robot_6_log_20260602_144504.csv] - WARNING - SISTEMA DESCONECTADO: Parando robot por seguridad
2026-06-02 14:45:25.347 - [robot_6_log_20260602_144504.csv] - DEBUG - Despachado a ZMQ -> agent/6/move: {'v': 0.0, 'w': 0.0}
2026-06-02 14:45:25.347 - [robot_6_log_20260602_144504.csv] - DEBUG - Incoming data. Topic {"x": 98.71, "y": 123.64, "yaw": 2.438, "timestamp": 1780404325.2908375}, mensaje 6/pos
2026-06-02 14:45:25.380 - [robot_6_log_20260602_144504.csv] - DEBUG - Incoming data. Topic {"x": 98.71, "y": 123.64, "yaw": 2.438, "timestamp": 1780404325.2908375}, mensaje agent/6/wheel
2026-06-02 14:45:25.382 - [robot_6_log_20260602_144504.csv] - WARNING - SISTEMA DESCONECTADO: Parando robot por seguridad
2026-06-02 14:45:25.388 - [robot_6_log_20260602_144504.csv] - DEBUG - Incoming data. Topic {"Wleft":-9.672818e-15,"Wright":-1.669775429e-14}, mensaje 6/pos
2026-06-02 14:45:25.393 - [robot_6_log_20260602_144504.csv] - DEBUG - Incoming data. Topic {"x": 98.72, "y": 123.63, "yaw": 2.436, "timestamp": 1780404325.3855178}, mensaje 6/pos
2026-06-02 14:45:25.393 - [robot_6_log_20260602_144504.csv] - DEBUG - Despachado a ZMQ -> agent/6/move: {'v': 0.0, 'w': 0.0}
2026-06-02 14:45:25.400 - [robot_6_log_20260602_144504.csv] - DEBUG - Incoming data. Topic {"x": 98.72, "y": 123.63, "yaw": 2.436, "timestamp": 1780404325.3855178}, mensaje 6/pos
2026-06-02 14:45:25.400 - [robot_6_log_20260602_144504.csv] - DEBUG - Incoming data. Topic {"x": 98.72, "y": 123.63, "yaw": 2.436, "timestamp": 1780404325.3953238}, mensaje 6/pos
2026-06-02 14:45:25.432 - [robot_6_log_20260602_144504.csv] - WARNING - SISTEMA DESCONECTADO: Parando robot por seguridad
2026-06-02 14:45:25.442 - [robot_6_log_20260602_144504.csv] - DEBUG - Despachado a ZMQ -> agent/6/move: {'v': 0.0, 'w': 0.0}
2026-06-02 14:45:25.447 - [robot_6_log_20260602_144504.csv] - DEBUG - Incoming data. Topic {"x": 98.72, "y": 123.63, "yaw": 2.436, "timestamp": 1780404325.3953238}, mensaje agent/6/wheel
2026-06-02 14:45:25.482 - [robot_6_log_20260602_144504.csv] - WARNING - SISTEMA DESCONECTADO: Parando robot por seguridad
2026-06-02 14:45:25.487 - [robot_6_log_20260602_144504.csv] - DEBUG - Incoming data. Topic {"Wleft":-9.672818e-15,"Wright":-1.669775429e-14}, mensaje 6/pos
2026-06-02 14:45:25.502 - [robot_6_log_20260602_144504.csv] - DEBUG - Despachado a ZMQ -> agent/6/move: {'v': 0.0, 'w': 0.0}
2026-06-02 14:45:25.502 - [robot_6_log_20260602_144504.csv] - DEBUG - Incoming data. Topic {"x": 98.7, "y": 123.64, "yaw": 2.434, "timestamp": 1780404325.4820693}, mensaje 6/pos
2026-06-02 14:45:25.524 - [robot_6_log_20260602_144504.csv] - DEBUG - Incoming data. Topic {"x": 98.7, "y": 123.64, "yaw": 2.434, "timestamp": 1780404325.4820693}, mensaje 6/pos
2026-06-02 14:45:25.529 - [robot_6_log_20260602_144504.csv] - DEBUG - Incoming data. Topic {"x": 98.7, "y": 123.64, "yaw": 2.434, "timestamp": 1780404325.4913986}, mensaje 6/pos
2026-06-02 14:45:25.532 - [robot_6_log_20260602_144504.csv] - WARNING - SISTEMA DESCONECTADO: Parando robot por seguridad
2026-06-02 14:45:25.542 - [robot_6_log_20260602_144504.csv] - DEBUG - Incoming data. Topic {"x": 98.7, "y": 123.64, "yaw": 2.434, "timestamp": 1780404325.4913986}, mensaje agent/6/wheel
2026-06-02 14:45:25.552 - [robot_6_log_20260602_144504.csv] - DEBUG - Despachado a ZMQ -> agent/6/move: {'v': 0.0, 'w': 0.0}
2026-06-02 14:45:25.582 - [robot_6_log_20260602_144504.csv] - WARNING - SISTEMA DESCONECTADO: Parando robot por seguridad
2026-06-02 14:45:25.588 - [robot_6_log_20260602_144504.csv] - DEBUG - Incoming data. Topic {"Wleft":-9.672818e-15,"Wright":-1.669775429e-14}, mensaje 6/pos
2026-06-02 14:45:25.603 - [robot_6_log_20260602_144504.csv] - DEBUG - Incoming data. Topic {"x": 98.72, "y": 123.62, "yaw": 2.438, "timestamp": 1780404325.585809}, mensaje 6/pos
2026-06-02 14:45:25.603 - [robot_6_log_20260602_144504.csv] - DEBUG - Despachado a ZMQ -> agent/6/move: {'v': 0.0, 'w': 0.0}
2026-06-02 14:45:25.624 - [robot_6_log_20260602_144504.csv] - DEBUG - Incoming data. Topic {"x": 98.72, "y": 123.62, "yaw": 2.438, "timestamp": 1780404325.585809}, mensaje 6/pos
2026-06-02 14:45:25.629 - [robot_6_log_20260602_144504.csv] - DEBUG - Incoming data. Topic {"x": 98.72, "y": 123.62, "yaw": 2.438, "timestamp": 1780404325.5956974}, mensaje 6/pos
2026-06-02 14:45:25.632 - [robot_6_log_20260602_144504.csv] - WARNING - SISTEMA DESCONECTADO: Parando robot por seguridad
2026-06-02 14:45:25.643 - [robot_6_log_20260602_144504.csv] - DEBUG - Incoming data. Topic {"x": 98.72, "y": 123.62, "yaw": 2.438, "timestamp": 1780404325.5956974}, mensaje agent/6/wheel
2026-06-02 14:45:25.663 - [robot_6_log_20260602_144504.csv] - DEBUG - Despachado a ZMQ -> agent/6/move: {'v': 0.0, 'w': 0.0}
2026-06-02 14:45:25.682 - [robot_6_log_20260602_144504.csv] - WARNING - SISTEMA DESCONECTADO: Parando robot por seguridad
2026-06-02 14:45:25.687 - [robot_6_log_20260602_144504.csv] - DEBUG - Incoming data. Topic {"Wleft":-9.672818e-15,"Wright":-1.669775429e-14}, mensaje 6/pos
2026-06-02 14:45:25.702 - [robot_6_log_20260602_144504.csv] - DEBUG - Incoming data. Topic {"x": 98.72, "y": 123.64, "yaw": 2.436, "timestamp": 1780404325.6846168}, mensaje 6/pos
2026-06-02 14:45:25.702 - [robot_6_log_20260602_144504.csv] - DEBUG - Despachado a ZMQ -> agent/6/move: {'v': 0.0, 'w': 0.0}
2026-06-02 14:45:25.723 - [robot_6_log_20260602_144504.csv] - DEBUG - Incoming data. Topic {"x": 98.72, "y": 123.64, "yaw": 2.436, "timestamp": 1780404325.6846168}, mensaje 6/pos
2026-06-02 14:45:25.732 - [robot_6_log_20260602_144504.csv] - WARNING - SISTEMA DESCONECTADO: Parando robot por seguridad
2026-06-02 14:45:25.732 - [robot_6_log_20260602_144504.csv] - DEBUG - Incoming data. Topic {"x": 98.72, "y": 123.64, "yaw": 2.436, "timestamp": 1780404325.6964571}, mensaje 6/pos
2026-06-02 14:45:25.742 - [robot_6_log_20260602_144504.csv] - DEBUG - Despachado a ZMQ -> agent/6/move: {'v': 0.0, 'w': 0.0}
2026-06-02 14:45:25.763 - [robot_6_log_20260602_144504.csv] - DEBUG - Incoming data. Topic {"x": 98.72, "y": 123.64, "yaw": 2.436, "timestamp": 1780404325.6964571}, mensaje agent/6/wheel
2026-06-02 14:45:25.782 - [robot_6_log_20260602_144504.csv] - WARNING - SISTEMA DESCONECTADO: Parando robot por seguridad
2026-06-02 14:45:25.793 - [robot_6_log_20260602_144504.csv] - DEBUG - Despachado a ZMQ -> agent/6/move: {'v': 0.0, 'w': 0.0}
2026-06-02 14:45:25.809 - [robot_6_log_20260602_144504.csv] - DEBUG - Incoming data. Topic {"Wleft":-9.672818e-15,"Wright":-1.669775429e-14}, mensaje 6/pos
2026-06-02 14:45:25.832 - [robot_6_log_20260602_144504.csv] - DEBUG - Incoming data. Topic {"x": 98.71, "y": 123.64, "yaw": 2.438, "timestamp": 1780404325.7857835}, mensaje 6/pos
2026-06-02 14:45:25.832 - [robot_6_log_20260602_144504.csv] - DEBUG - Incoming data. Topic {"x": 98.71, "y": 123.64, "yaw": 2.438, "timestamp": 1780404325.7857835}, mensaje 6/pos
2026-06-02 14:45:25.832 - [robot_6_log_20260602_144504.csv] - DEBUG - Incoming data. Topic {"x": 98.71, "y": 123.64, "yaw": 2.438, "timestamp": 1780404325.7950807}, mensaje 6/pos
2026-06-02 14:45:25.832 - [robot_6_log_20260602_144504.csv] - WARNING - SISTEMA DESCONECTADO: Parando robot por seguridad
2026-06-02 14:45:25.838 - [robot_6_log_20260602_144504.csv] - DEBUG - Despachado a ZMQ -> agent/6/move: {'v': 0.0, 'w': 0.0}
2026-06-02 14:45:25.850 - [robot_6_log_20260602_144504.csv] - DEBUG - Incoming data. Topic {"x": 98.71, "y": 123.64, "yaw": 2.438, "timestamp": 1780404325.7950807}, mensaje agent/6/wheel
2026-06-02 14:45:25.882 - [robot_6_log_20260602_144504.csv] - WARNING - SISTEMA DESCONECTADO: Parando robot por seguridad
2026-06-02 14:45:25.892 - [robot_6_log_20260602_144504.csv] - DEBUG - Incoming data. Topic {"Wleft":-9.672818e-15,"Wright":-1.669775429e-14}, mensaje 6/pos
2026-06-02 14:45:25.902 - [robot_6_log_20260602_144504.csv] - DEBUG - Incoming data. Topic {"x": 98.71, "y": 123.64, "yaw": 2.433, "timestamp": 1780404325.8837209}, mensaje 6/pos
2026-06-02 14:45:25.907 - [robot_6_log_20260602_144504.csv] - DEBUG - Despachado a ZMQ -> agent/6/move: {'v': 0.0, 'w': 0.0}
2026-06-02 14:45:25.919 - [robot_6_log_20260602_144504.csv] - DEBUG - Incoming data. Topic {"x": 98.71, "y": 123.64, "yaw": 2.433, "timestamp": 1780404325.8837209}, mensaje 6/pos
2026-06-02 14:45:25.924 - [robot_6_log_20260602_144504.csv] - DEBUG - Incoming data. Topic {"x": 98.71, "y": 123.64, "yaw": 2.433, "timestamp": 1780404325.8955138}, mensaje 6/pos
2026-06-02 14:45:25.932 - [robot_6_log_20260602_144504.csv] - WARNING - SISTEMA DESCONECTADO: Parando robot por seguridad
2026-06-02 14:45:25.953 - [robot_6_log_20260602_144504.csv] - DEBUG - Despachado a ZMQ -> agent/6/move: {'v': 0.0, 'w': 0.0}
2026-06-02 14:45:25.982 - [robot_6_log_20260602_144504.csv] - WARNING - SISTEMA DESCONECTADO: Parando robot por seguridad
2026-06-02 14:45:25.988 - [robot_6_log_20260602_144504.csv] - DEBUG - Incoming data. Topic {"x": 98.71, "y": 123.64, "yaw": 2.433, "timestamp": 1780404325.8955138}, mensaje 6/pos
2026-06-02 14:45:26.003 - [robot_6_log_20260602_144504.csv] - DEBUG - Incoming data. Topic {"x": 98.71, "y": 123.63, "yaw": 2.44, "timestamp": 1780404325.986339}, mensaje agent/6/wheel
2026-06-02 14:45:26.008 - [robot_6_log_20260602_144504.csv] - DEBUG - Despachado a ZMQ -> agent/6/move: {'v': 0.0, 'w': 0.0}
2026-06-02 14:45:26.019 - [robot_6_log_20260602_144504.csv] - DEBUG - Incoming data. Topic {"Wleft":-9.672818e-15,"Wright":-1.669775429e-14}, mensaje 6/pos
2026-06-02 14:45:26.019 - [robot_6_log_20260602_144504.csv] - DEBUG - Incoming data. Topic {"x": 98.71, "y": 123.63, "yaw": 2.44, "timestamp": 1780404325.9958687}, mensaje 6/pos
2026-06-02 14:45:26.024 - [robot_6_log_20260602_144504.csv] - DEBUG - Incoming data. Topic {"x": 98.71, "y": 123.63, "yaw": 2.44, "timestamp": 1780404325.986339}, mensaje 6/pos
2026-06-02 14:45:26.032 - [robot_6_log_20260602_144504.csv] - WARNING - SISTEMA DESCONECTADO: Parando robot por seguridad
2026-06-02 14:45:26.048 - [robot_6_log_20260602_144504.csv] - DEBUG - Despachado a ZMQ -> agent/6/move: {'v': 0.0, 'w': 0.0}
2026-06-02 14:45:26.053 - [robot_6_log_20260602_144504.csv] - DEBUG - Incoming data. Topic {"x": 98.71, "y": 123.63, "yaw": 2.44, "timestamp": 1780404325.9958687}, mensaje agent/6/wheel
2026-06-02 14:45:26.082 - [robot_6_log_20260602_144504.csv] - WARNING - SISTEMA DESCONECTADO: Parando robot por seguridad
2026-06-02 14:45:26.087 - [robot_6_log_20260602_144504.csv] - DEBUG - Incoming data. Topic {"Wleft":-9.672818e-15,"Wright":-1.669775429e-14}, mensaje 6/pos
2026-06-02 14:45:26.087 - [robot_6_log_20260602_144504.csv] - DEBUG - Despachado a ZMQ -> agent/6/move: {'v': 0.0, 'w': 0.0}
2026-06-02 14:45:26.092 - [robot_6_log_20260602_144504.csv] - DEBUG - Incoming data. Topic {"x": 98.7, "y": 123.63, "yaw": 2.433, "timestamp": 1780404326.0817008}, mensaje 6/pos
2026-06-02 14:45:26.102 - [robot_6_log_20260602_144504.csv] - DEBUG - Incoming data. Topic {"x": 98.7, "y": 123.63, "yaw": 2.433, "timestamp": 1780404326.0817008}, mensaje 6/pos
2026-06-02 14:45:26.108 - [robot_6_log_20260602_144504.csv] - DEBUG - Incoming data. Topic {"x": 98.7, "y": 123.63, "yaw": 2.433, "timestamp": 1780404326.0937786}, mensaje 6/pos
2026-06-02 14:45:26.132 - [robot_6_log_20260602_144504.csv] - WARNING - SISTEMA DESCONECTADO: Parando robot por seguridad
2026-06-02 14:45:26.152 - [robot_6_log_20260602_144504.csv] - DEBUG - Despachado a ZMQ -> agent/6/move: {'v': 0.0, 'w': 0.0}
2026-06-02 14:45:26.158 - [robot_6_log_20260602_144504.csv] - DEBUG - Incoming data. Topic {"x": 98.7, "y": 123.63, "yaw": 2.433, "timestamp": 1780404326.0937786}, mensaje agent/6/wheel
2026-06-02 14:45:26.182 - [robot_6_log_20260602_144504.csv] - WARNING - SISTEMA DESCONECTADO: Parando robot por seguridad
2026-06-02 14:45:26.188 - [robot_6_log_20260602_144504.csv] - DEBUG - Incoming data. Topic {"Wleft":-9.672818e-15,"Wright":-1.669775429e-14}, mensaje 6/pos
2026-06-02 14:45:26.198 - [robot_6_log_20260602_144504.csv] - DEBUG - Incoming data. Topic {"x": 98.71, "y": 123.62, "yaw": 2.432, "timestamp": 1780404326.1868641}, mensaje 6/pos
2026-06-02 14:45:26.208 - [robot_6_log_20260602_144504.csv] - DEBUG - Incoming data. Topic {"x": 98.71, "y": 123.62, "yaw": 2.432, "timestamp": 1780404326.1868641}, mensaje 6/pos
2026-06-02 14:45:26.208 - [robot_6_log_20260602_144504.csv] - DEBUG - Despachado a ZMQ -> agent/6/move: {'v': 0.0, 'w': 0.0}
2026-06-02 14:45:26.224 - [robot_6_log_20260602_144504.csv] - DEBUG - Incoming data. Topic {"x": 98.71, "y": 123.62, "yaw": 2.432, "timestamp": 1780404326.1966136}, mensaje 6/pos
2026-06-02 14:45:26.232 - [robot_6_log_20260602_144504.csv] - WARNING - SISTEMA DESCONECTADO: Parando robot por seguridad
2026-06-02 14:45:26.253 - [robot_6_log_20260602_144504.csv] - DEBUG - Despachado a ZMQ -> agent/6/move: {'v': 0.0, 'w': 0.0}
2026-06-02 14:45:26.258 - [robot_6_log_20260602_144504.csv] - DEBUG - Incoming data. Topic {"x": 98.71, "y": 123.62, "yaw": 2.432, "timestamp": 1780404326.1966136}, mensaje agent/6/wheel
2026-06-02 14:45:26.282 - [robot_6_log_20260602_144504.csv] - WARNING - SISTEMA DESCONECTADO: Parando robot por seguridad
2026-06-02 14:45:26.287 - [robot_6_log_20260602_144504.csv] - DEBUG - Incoming data. Topic {"Wleft":-9.672818e-15,"Wright":-1.669775429e-14}, mensaje 6/pos
2026-06-02 14:45:26.297 - [robot_6_log_20260602_144504.csv] - DEBUG - Incoming data. Topic {"x": 98.71, "y": 123.63, "yaw": 2.436, "timestamp": 1780404326.2825983}, mensaje 6/pos
2026-06-02 14:45:26.307 - [robot_6_log_20260602_144504.csv] - DEBUG - Despachado a ZMQ -> agent/6/move: {'v': 0.0, 'w': 0.0}
2026-06-02 14:45:26.314 - [robot_6_log_20260602_144504.csv] - DEBUG - Incoming data. Topic {"x": 98.71, "y": 123.63, "yaw": 2.436, "timestamp": 1780404326.2825983}, mensaje 6/pos
2026-06-02 14:45:26.324 - [robot_6_log_20260602_144504.csv] - DEBUG - Incoming data. Topic {"x": 98.71, "y": 123.63, "yaw": 2.436, "timestamp": 1780404326.2920983}, mensaje 6/pos
2026-06-02 14:45:26.332 - [robot_6_log_20260602_144504.csv] - WARNING - SISTEMA DESCONECTADO: Parando robot por seguridad
2026-06-02 14:45:26.353 - [robot_6_log_20260602_144504.csv] - DEBUG - Despachado a ZMQ -> agent/6/move: {'v': 0.0, 'w': 0.0}
2026-06-02 14:45:26.353 - [robot_6_log_20260602_144504.csv] - DEBUG - Incoming data. Topic {"x": 98.71, "y": 123.63, "yaw": 2.436, "timestamp": 1780404326.2920983}, mensaje agent/6/wheel
2026-06-02 14:45:26.382 - [robot_6_log_20260602_144504.csv] - WARNING - SISTEMA DESCONECTADO: Parando robot por seguridad
2026-06-02 14:45:26.390 - [robot_6_log_20260602_144504.csv] - DEBUG - Incoming data. Topic {"Wleft":-9.672818e-15,"Wright":-1.669775429e-14}, mensaje 6/pos
2026-06-02 14:45:26.390 - [robot_6_log_20260602_144504.csv] - DEBUG - Incoming data. Topic {"x": 98.7, "y": 123.64, "yaw": 2.434, "timestamp": 1780404326.387067}, mensaje 6/pos
2026-06-02 14:45:26.401 - [robot_6_log_20260602_144504.csv] - DEBUG - Incoming data. Topic {"x": 98.7, "y": 123.64, "yaw": 2.434, "timestamp": 1780404326.387067}, mensaje 6/pos
2026-06-02 14:45:26.401 - [robot_6_log_20260602_144504.csv] - DEBUG - Incoming data. Topic {"x": 98.7, "y": 123.64, "yaw": 2.434, "timestamp": 1780404326.3990788}, mensaje 6/pos
2026-06-02 14:45:26.411 - [robot_6_log_20260602_144504.csv] - DEBUG - Despachado a ZMQ -> agent/6/move: {'v': 0.0, 'w': 0.0}
2026-06-02 14:45:26.432 - [robot_6_log_20260602_144504.csv] - WARNING - SISTEMA DESCONECTADO: Parando robot por seguridad
2026-06-02 14:45:26.453 - [robot_6_log_20260602_144504.csv] - DEBUG - Despachado a ZMQ -> agent/6/move: {'v': 0.0, 'w': 0.0}
2026-06-02 14:45:26.482 - [robot_6_log_20260602_144504.csv] - WARNING - SISTEMA DESCONECTADO: Parando robot por seguridad
2026-06-02 14:45:26.502 - [robot_6_log_20260602_144504.csv] - DEBUG - Despachado a ZMQ -> agent/6/move: {'v': 0.0, 'w': 0.0}
2026-06-02 14:45:26.532 - [robot_6_log_20260602_144504.csv] - WARNING - SISTEMA DESCONECTADO: Parando robot por seguridad
2026-06-02 14:45:26.542 - [robot_6_log_20260602_144504.csv] - DEBUG - Incoming data. Topic {"x": 98.7, "y": 123.64, "yaw": 2.434, "timestamp": 1780404326.3990788}, mensaje agent/6/wheel
2026-06-02 14:45:26.558 - [robot_6_log_20260602_144504.csv] - DEBUG - Despachado a ZMQ -> agent/6/move: {'v': 0.0, 'w': 0.0}
2026-06-02 14:45:26.581 - [robot_6_log_20260602_144504.csv] - DEBUG - Incoming data. Topic {"Wleft":-9.672818e-15,"Wright":-1.669775429e-14}, mensaje agent/6/wheel
2026-06-02 14:45:26.582 - [robot_6_log_20260602_144504.csv] - WARNING - SISTEMA DESCONECTADO: Parando robot por seguridad
2026-06-02 14:45:26.587 - [robot_6_log_20260602_144504.csv] - DEBUG - Despachado a ZMQ -> agent/6/move: {'v': 0.0, 'w': 0.0}
2026-06-02 14:45:26.632 - [robot_6_log_20260602_144504.csv] - WARNING - SISTEMA DESCONECTADO: Parando robot por seguridad
2026-06-02 14:45:26.653 - [robot_6_log_20260602_144504.csv] - DEBUG - Despachado a ZMQ -> agent/6/move: {'v': 0.0, 'w': 0.0}
2026-06-02 14:45:26.671 - [robot_6_log_20260602_144504.csv] - DEBUG - Incoming data. Topic {"Wleft":-9.672818e-15,"Wright":-1.669775429e-14}, mensaje agent/6/wheel
2026-06-02 14:45:26.682 - [robot_6_log_20260602_144504.csv] - WARNING - SISTEMA DESCONECTADO: Parando robot por seguridad
2026-06-02 14:45:26.688 - [robot_6_log_20260602_144504.csv] - DEBUG - Incoming data. Topic {"Wleft":-9.672818e-15,"Wright":-1.669775429e-14}, mensaje 6/pos
2026-06-02 14:45:26.688 - [robot_6_log_20260602_144504.csv] - DEBUG - Incoming data. Topic {"x": 98.7, "y": 123.63, "yaw": 2.434, "timestamp": 1780404326.6841526}, mensaje 6/pos
2026-06-02 14:45:26.688 - [robot_6_log_20260602_144504.csv] - DEBUG - Despachado a ZMQ -> agent/6/move: {'v': 0.0, 'w': 0.0}
2026-06-02 14:45:26.699 - [robot_6_log_20260602_144504.csv] - DEBUG - Incoming data. Topic {"x": 98.7, "y": 123.63, "yaw": 2.434, "timestamp": 1780404326.6841526}, mensaje 6/pos
2026-06-02 14:45:26.699 - [robot_6_log_20260602_144504.csv] - DEBUG - Incoming data. Topic {"x": 98.7, "y": 123.63, "yaw": 2.434, "timestamp": 1780404326.6956327}, mensaje 6/pos
2026-06-02 14:45:26.732 - [robot_6_log_20260602_144504.csv] - WARNING - SISTEMA DESCONECTADO: Parando robot por seguridad
2026-06-02 14:45:26.748 - [robot_6_log_20260602_144504.csv] - DEBUG - Despachado a ZMQ -> agent/6/move: {'v': 0.0, 'w': 0.0}
2026-06-02 14:45:26.773 - [robot_6_log_20260602_144504.csv] - DEBUG - Incoming data. Topic {"x": 98.7, "y": 123.63, "yaw": 2.434, "timestamp": 1780404326.6956327}, mensaje agent/6/wheel
2026-06-02 14:45:26.782 - [robot_6_log_20260602_144504.csv] - WARNING - SISTEMA DESCONECTADO: Parando robot por seguridad
2026-06-02 14:45:26.787 - [robot_6_log_20260602_144504.csv] - DEBUG - Despachado a ZMQ -> agent/6/move: {'v': 0.0, 'w': 0.0}
2026-06-02 14:45:26.793 - [robot_6_log_20260602_144504.csv] - DEBUG - Incoming data. Topic {"Wleft":-9.672818e-15,"Wright":-1.669775429e-14}, mensaje 6/pos
2026-06-02 14:45:26.810 - [robot_6_log_20260602_144504.csv] - DEBUG - Incoming data. Topic {"x": 98.71, "y": 123.65, "yaw": 2.435, "timestamp": 1780404326.7889469}, mensaje 6/pos
2026-06-02 14:45:26.815 - [robot_6_log_20260602_144504.csv] - DEBUG - Incoming data. Topic {"x": 98.71, "y": 123.65, "yaw": 2.435, "timestamp": 1780404326.7889469}, mensaje 6/pos
2026-06-02 14:45:26.831 - [robot_6_log_20260602_144504.csv] - DEBUG - Incoming data. Topic {"x": 98.71, "y": 123.65, "yaw": 2.435, "timestamp": 1780404326.8007917}, mensaje 6/pos
2026-06-02 14:45:26.832 - [robot_6_log_20260602_144504.csv] - WARNING - SISTEMA DESCONECTADO: Parando robot por seguridad
2026-06-02 14:45:26.848 - [robot_6_log_20260602_144504.csv] - DEBUG - Despachado a ZMQ -> agent/6/move: {'v': 0.0, 'w': 0.0}
2026-06-02 14:45:26.882 - [robot_6_log_20260602_144504.csv] - WARNING - SISTEMA DESCONECTADO: Parando robot por seguridad
2026-06-02 14:45:26.888 - [robot_6_log_20260602_144504.csv] - DEBUG - Incoming data. Topic {"x": 98.71, "y": 123.65, "yaw": 2.435, "timestamp": 1780404326.8007917}, mensaje 6/pos
2026-06-02 14:45:26.903 - [robot_6_log_20260602_144504.csv] - DEBUG - Incoming data. Topic {"x": 98.71, "y": 123.64, "yaw": 2.438, "timestamp": 1780404326.8849974}, mensaje agent/6/wheel
2026-06-02 14:45:26.903 - [robot_6_log_20260602_144504.csv] - DEBUG - Despachado a ZMQ -> agent/6/move: {'v': 0.0, 'w': 0.0}
2026-06-02 14:45:26.925 - [robot_6_log_20260602_144504.csv] - DEBUG - Incoming data. Topic {"Wleft":-9.672818e-15,"Wright":-1.669775429e-14}, mensaje 6/pos
2026-06-02 14:45:26.930 - [robot_6_log_20260602_144504.csv] - DEBUG - Incoming data. Topic {"x": 98.71, "y": 123.64, "yaw": 2.438, "timestamp": 1780404326.8965352}, mensaje 6/pos
2026-06-02 14:45:26.932 - [robot_6_log_20260602_144504.csv] - WARNING - SISTEMA DESCONECTADO: Parando robot por seguridad
2026-06-02 14:45:26.932 - [robot_6_log_20260602_144504.csv] - DEBUG - Incoming data. Topic {"x": 98.71, "y": 123.64, "yaw": 2.438, "timestamp": 1780404326.8849974}, mensaje 6/pos
2026-06-02 14:45:26.962 - [robot_6_log_20260602_144504.csv] - DEBUG - Despachado a ZMQ -> agent/6/move: {'v': 0.0, 'w': 0.0}
2026-06-02 14:45:26.980 - [robot_6_log_20260602_144504.csv] - DEBUG - Incoming data. Topic {"x": 98.71, "y": 123.64, "yaw": 2.438, "timestamp": 1780404326.8965352}, mensaje agent/6/wheel
2026-06-02 14:45:26.982 - [robot_6_log_20260602_144504.csv] - WARNING - SISTEMA DESCONECTADO: Parando robot por seguridad
2026-06-02 14:45:26.988 - [robot_6_log_20260602_144504.csv] - DEBUG - Incoming data. Topic {"Wleft":-9.672818e-15,"Wright":-1.669775429e-14}, mensaje 6/pos
2026-06-02 14:45:26.993 - [robot_6_log_20260602_144504.csv] - DEBUG - Incoming data. Topic {"x": 98.72, "y": 123.61, "yaw": 2.439, "timestamp": 1780404326.9855192}, mensaje 6/pos
2026-06-02 14:45:27.004 - [robot_6_log_20260602_144504.csv] - DEBUG - Incoming data. Topic {"x": 98.72, "y": 123.61, "yaw": 2.439, "timestamp": 1780404326.9855192}, mensaje 6/pos
2026-06-02 14:45:27.009 - [robot_6_log_20260602_144504.csv] - DEBUG - Incoming data. Topic {"x": 98.72, "y": 123.61, "yaw": 2.439, "timestamp": 1780404326.9972327}, mensaje 6/pos
2026-06-02 14:45:27.014 - [robot_6_log_20260602_144504.csv] - DEBUG - Despachado a ZMQ -> agent/6/move: {'v': 0.0, 'w': 0.0}
2026-06-02 14:45:27.032 - [robot_6_log_20260602_144504.csv] - WARNING - SISTEMA DESCONECTADO: Parando robot por seguridad
2026-06-02 14:45:27.053 - [robot_6_log_20260602_144504.csv] - DEBUG - Despachado a ZMQ -> agent/6/move: {'v': 0.0, 'w': 0.0}
2026-06-02 14:45:27.082 - [robot_6_log_20260602_144504.csv] - WARNING - SISTEMA DESCONECTADO: Parando robot por seguridad
2026-06-02 14:45:27.098 - [robot_6_log_20260602_144504.csv] - DEBUG - Despachado a ZMQ -> agent/6/move: {'v': 0.0, 'w': 0.0}
2026-06-02 14:45:27.104 - [robot_6_log_20260602_144504.csv] - DEBUG - Incoming data. Topic {"x": 98.72, "y": 123.61, "yaw": 2.439, "timestamp": 1780404326.9972327}, mensaje agent/6/wheel
2026-06-02 14:45:27.132 - [robot_6_log_20260602_144504.csv] - WARNING - SISTEMA DESCONECTADO: Parando robot por seguridad
2026-06-02 14:45:27.153 - [robot_6_log_20260602_144504.csv] - DEBUG - Despachado a ZMQ -> agent/6/move: {'v': 0.0, 'w': 0.0}
2026-06-02 14:45:27.182 - [robot_6_log_20260602_144504.csv] - WARNING - SISTEMA DESCONECTADO: Parando robot por seguridad
2026-06-02 14:45:27.192 - [robot_6_log_20260602_144504.csv] - DEBUG - Despachado a ZMQ -> agent/6/move: {'v': 0.0, 'w': 0.0}
2026-06-02 14:45:27.197 - [robot_6_log_20260602_144504.csv] - DEBUG - Incoming data. Topic {"Wleft":-9.672818e-15,"Wright":-1.669775429e-14}, mensaje 6/pos
2026-06-02 14:45:27.203 - [robot_6_log_20260602_144504.csv] - DEBUG - Incoming data. Topic {"x": 98.7, "y": 123.63, "yaw": 2.435, "timestamp": 1780404327.186601}, mensaje agent/6/wheel
2026-06-02 14:45:27.213 - [robot_6_log_20260602_144504.csv] - DEBUG - Incoming data. Topic {"Wleft":-9.672818e-15,"Wright":-1.669775429e-14}, mensaje 6/pos
2026-06-02 14:45:27.218 - [robot_6_log_20260602_144504.csv] - DEBUG - Incoming data. Topic {"x": 98.7, "y": 123.63, "yaw": 2.435, "timestamp": 1780404327.186601}, mensaje 6/pos
2026-06-02 14:45:27.232 - [robot_6_log_20260602_144504.csv] - WARNING - SISTEMA DESCONECTADO: Parando robot por seguridad
2026-06-02 14:45:27.237 - [robot_6_log_20260602_144504.csv] - DEBUG - Incoming data. Topic {"x": 98.7, "y": 123.63, "yaw": 2.435, "timestamp": 1780404327.1963415}, mensaje 6/pos
2026-06-02 14:45:27.243 - [robot_6_log_20260602_144504.csv] - DEBUG - Despachado a ZMQ -> agent/6/move: {'v': 0.0, 'w': 0.0}
2026-06-02 14:45:27.282 - [robot_6_log_20260602_144504.csv] - WARNING - SISTEMA DESCONECTADO: Parando robot por seguridad
2026-06-02 14:45:27.287 - [robot_6_log_20260602_144504.csv] - DEBUG - Incoming data. Topic {"x": 98.7, "y": 123.63, "yaw": 2.435, "timestamp": 1780404327.1963415}, mensaje 6/pos
2026-06-02 14:45:27.292 - [robot_6_log_20260602_144504.csv] - DEBUG - Incoming data. Topic {"x": 98.71, "y": 123.63, "yaw": 2.44, "timestamp": 1780404327.283331}, mensaje 6/pos
2026-06-02 14:45:27.298 - [robot_6_log_20260602_144504.csv] - DEBUG - Incoming data. Topic {"x": 98.71, "y": 123.63, "yaw": 2.44, "timestamp": 1780404327.283331}, mensaje 6/pos
2026-06-02 14:45:27.303 - [robot_6_log_20260602_144504.csv] - DEBUG - Despachado a ZMQ -> agent/6/move: {'v': 0.0, 'w': 0.0}
2026-06-02 14:45:27.308 - [robot_6_log_20260602_144504.csv] - DEBUG - Incoming data. Topic {"x": 98.71, "y": 123.63, "yaw": 2.44, "timestamp": 1780404327.2945106}, mensaje agent/6/wheel
2026-06-02 14:45:27.324 - [robot_6_log_20260602_144504.csv] - DEBUG - Incoming data. Topic {"Wleft":-9.672818e-15,"Wright":-1.669775429e-14}, mensaje 6/pos
2026-06-02 14:45:27.332 - [robot_6_log_20260602_144504.csv] - WARNING - SISTEMA DESCONECTADO: Parando robot por seguridad
2026-06-02 14:45:27.353 - [robot_6_log_20260602_144504.csv] - DEBUG - Despachado a ZMQ -> agent/6/move: {'v': 0.0, 'w': 0.0}
2026-06-02 14:45:27.382 - [robot_6_log_20260602_144504.csv] - WARNING - SISTEMA DESCONECTADO: Parando robot por seguridad
2026-06-02 14:45:27.392 - [robot_6_log_20260602_144504.csv] - DEBUG - Incoming data. Topic {"x": 98.71, "y": 123.63, "yaw": 2.44, "timestamp": 1780404327.2945106}, mensaje 6/pos
2026-06-02 14:45:27.393 - [robot_6_log_20260602_144504.csv] - DEBUG - Incoming data. Topic {"x": 98.73, "y": 123.63, "yaw": 2.435, "timestamp": 1780404327.3879354}, mensaje agent/6/wheel
2026-06-02 14:45:27.398 - [robot_6_log_20260602_144504.csv] - DEBUG - Despachado a ZMQ -> agent/6/move: {'v': 0.0, 'w': 0.0}
2026-06-02 14:45:27.403 - [robot_6_log_20260602_144504.csv] - DEBUG - Incoming data. Topic {"Wleft":-9.672818e-15,"Wright":-1.669775429e-14}, mensaje 6/pos
2026-06-02 14:45:27.408 - [robot_6_log_20260602_144504.csv] - DEBUG - Incoming data. Topic {"x": 98.73, "y": 123.63, "yaw": 2.435, "timestamp": 1780404327.3879354}, mensaje 6/pos
2026-06-02 14:45:27.432 - [robot_6_log_20260602_144504.csv] - WARNING - SISTEMA DESCONECTADO: Parando robot por seguridad
2026-06-02 14:45:27.448 - [robot_6_log_20260602_144504.csv] - DEBUG - Incoming data. Topic {"x": 98.73, "y": 123.63, "yaw": 2.435, "timestamp": 1780404327.3994622}, mensaje 6/pos
2026-06-02 14:45:27.448 - [robot_6_log_20260602_144504.csv] - DEBUG - Despachado a ZMQ -> agent/6/move: {'v': 0.0, 'w': 0.0}
2026-06-02 14:45:27.482 - [robot_6_log_20260602_144504.csv] - DEBUG - Incoming data. Topic {"x": 98.73, "y": 123.63, "yaw": 2.435, "timestamp": 1780404327.3994622}, mensaje 6/pos
2026-06-02 14:45:27.482 - [robot_6_log_20260602_144504.csv] - WARNING - SISTEMA DESCONECTADO: Parando robot por seguridad
2026-06-02 14:45:27.482 - [robot_6_log_20260602_144504.csv] - DEBUG - Incoming data. Topic {"x": 98.72, "y": 123.64, "yaw": 2.435, "timestamp": 1780404327.481614}, mensaje 6/pos
2026-06-02 14:45:27.497 - [robot_6_log_20260602_144504.csv] - DEBUG - Despachado a ZMQ -> agent/6/move: {'v': 0.0, 'w': 0.0}
2026-06-02 14:45:27.508 - [robot_6_log_20260602_144504.csv] - DEBUG - Incoming data. Topic {"x": 98.72, "y": 123.64, "yaw": 2.435, "timestamp": 1780404327.481614}, mensaje 6/pos
2026-06-02 14:45:27.514 - [robot_6_log_20260602_144504.csv] - DEBUG - Incoming data. Topic {"x": 98.72, "y": 123.64, "yaw": 2.435, "timestamp": 1780404327.4908528}, mensaje 6/pos
2026-06-02 14:45:27.532 - [robot_6_log_20260602_144504.csv] - WARNING - SISTEMA DESCONECTADO: Parando robot por seguridad
2026-06-02 14:45:27.543 - [robot_6_log_20260602_144504.csv] - DEBUG - Incoming data. Topic {"x": 98.72, "y": 123.64, "yaw": 2.435, "timestamp": 1780404327.4908528}, mensaje agent/6/wheel
2026-06-02 14:45:27.548 - [robot_6_log_20260602_144504.csv] - DEBUG - Despachado a ZMQ -> agent/6/move: {'v': 0.0, 'w': 0.0}
2026-06-02 14:45:27.582 - [robot_6_log_20260602_144504.csv] - WARNING - SISTEMA DESCONECTADO: Parando robot por seguridad
2026-06-02 14:45:27.588 - [robot_6_log_20260602_144504.csv] - DEBUG - Incoming data. Topic {"Wleft":-9.672818e-15,"Wright":-1.669775429e-14}, mensaje 6/pos
2026-06-02 14:45:27.603 - [robot_6_log_20260602_144504.csv] - DEBUG - Despachado a ZMQ -> agent/6/move: {'v': 0.0, 'w': 0.0}
2026-06-02 14:45:27.604 - [robot_6_log_20260602_144504.csv] - DEBUG - Incoming data. Topic {"x": 98.7, "y": 123.64, "yaw": 2.434, "timestamp": 1780404327.5856378}, mensaje agent/6/wheel
2026-06-02 14:45:27.632 - [robot_6_log_20260602_144504.csv] - WARNING - SISTEMA DESCONECTADO: Parando robot por seguridad
2026-06-02 14:45:27.637 - [robot_6_log_20260602_144504.csv] - DEBUG - Incoming data. Topic {"Wleft":-9.672818e-15,"Wright":-1.669775429e-14}, mensaje 6/pos
2026-06-02 14:45:27.647 - [robot_6_log_20260602_144504.csv] - DEBUG - Incoming data. Topic {"x": 98.7, "y": 123.64, "yaw": 2.434, "timestamp": 1780404327.5975206}, mensaje 6/pos
2026-06-02 14:45:27.657 - [robot_6_log_20260602_144504.csv] - DEBUG - Despachado a ZMQ -> agent/6/move: {'v': 0.0, 'w': 0.0}
2026-06-02 14:45:27.664 - [robot_6_log_20260602_144504.csv] - DEBUG - Incoming data. Topic {"x": 98.7, "y": 123.64, "yaw": 2.434, "timestamp": 1780404327.5856378}, mensaje 6/pos
2026-06-02 14:45:27.682 - [robot_6_log_20260602_144504.csv] - WARNING - SISTEMA DESCONECTADO: Parando robot por seguridad
2026-06-02 14:45:27.688 - [robot_6_log_20260602_144504.csv] - DEBUG - Incoming data. Topic {"x": 98.7, "y": 123.64, "yaw": 2.434, "timestamp": 1780404327.5975206}, mensaje 6/pos
2026-06-02 14:45:27.688 - [robot_6_log_20260602_144504.csv] - DEBUG - Despachado a ZMQ -> agent/6/move: {'v': 0.0, 'w': 0.0}
2026-06-02 14:45:27.688 - [robot_6_log_20260602_144504.csv] - DEBUG - Incoming data. Topic {"x": 98.71, "y": 123.63, "yaw": 2.432, "timestamp": 1780404327.684011}, mensaje agent/6/wheel
2026-06-02 14:45:27.694 - [robot_6_log_20260602_144504.csv] - DEBUG - Incoming data. Topic {"Wleft":-9.672818e-15,"Wright":-1.669775429e-14}, mensaje 6/pos
2026-06-02 14:45:27.699 - [robot_6_log_20260602_144504.csv] - DEBUG - Incoming data. Topic {"x": 98.71, "y": 123.63, "yaw": 2.432, "timestamp": 1780404327.684011}, mensaje 6/pos
2026-06-02 14:45:27.732 - [robot_6_log_20260602_144504.csv] - WARNING - SISTEMA DESCONECTADO: Parando robot por seguridad
2026-06-02 14:45:27.738 - [robot_6_log_20260602_144504.csv] - DEBUG - Incoming data. Topic {"x": 98.71, "y": 123.63, "yaw": 2.432, "timestamp": 1780404327.6938784}, mensaje 6/pos
2026-06-02 14:45:27.748 - [robot_6_log_20260602_144504.csv] - DEBUG - Despachado a ZMQ -> agent/6/move: {'v': 0.0, 'w': 0.0}
2026-06-02 14:45:27.782 - [robot_6_log_20260602_144504.csv] - WARNING - SISTEMA DESCONECTADO: Parando robot por seguridad
2026-06-02 14:45:27.788 - [robot_6_log_20260602_144504.csv] - DEBUG - Incoming data. Topic {"x": 98.71, "y": 123.63, "yaw": 2.432, "timestamp": 1780404327.6938784}, mensaje 6/pos
2026-06-02 14:45:27.788 - [robot_6_log_20260602_144504.csv] - DEBUG - Incoming data. Topic {"x": 98.72, "y": 123.63, "yaw": 2.435, "timestamp": 1780404327.7869196}, mensaje agent/6/wheel
2026-06-02 14:45:27.798 - [robot_6_log_20260602_144504.csv] - DEBUG - Despachado a ZMQ -> agent/6/move: {'v': 0.0, 'w': 0.0}
2026-06-02 14:45:27.804 - [robot_6_log_20260602_144504.csv] - DEBUG - Incoming data. Topic {"Wleft":-9.672818e-15,"Wright":-1.669775429e-14}, mensaje 6/pos
2026-06-02 14:45:27.814 - [robot_6_log_20260602_144504.csv] - DEBUG - Incoming data. Topic {"x": 98.72, "y": 123.63, "yaw": 2.435, "timestamp": 1780404327.797154}, mensaje 6/pos
2026-06-02 14:45:27.819 - [robot_6_log_20260602_144504.csv] - DEBUG - Incoming data. Topic {"x": 98.72, "y": 123.63, "yaw": 2.435, "timestamp": 1780404327.7869196}, mensaje 6/pos
2026-06-02 14:45:27.832 - [robot_6_log_20260602_144504.csv] - WARNING - SISTEMA DESCONECTADO: Parando robot por seguridad
2026-06-02 14:45:27.853 - [robot_6_log_20260602_144504.csv] - DEBUG - Despachado a ZMQ -> agent/6/move: {'v': 0.0, 'w': 0.0}
2026-06-02 14:45:27.882 - [robot_6_log_20260602_144504.csv] - WARNING - SISTEMA DESCONECTADO: Parando robot por seguridad
2026-06-02 14:45:27.882 - [robot_6_log_20260602_144504.csv] - DEBUG - Incoming data. Topic {"x": 98.72, "y": 123.63, "yaw": 2.435, "timestamp": 1780404327.797154}, mensaje 6/pos
2026-06-02 14:45:27.897 - [robot_6_log_20260602_144504.csv] - DEBUG - Despachado a ZMQ -> agent/6/move: {'v': 0.0, 'w': 0.0}
2026-06-02 14:45:27.908 - [robot_6_log_20260602_144504.csv] - DEBUG - Incoming data. Topic {"x": 98.71, "y": 123.64, "yaw": 2.438, "timestamp": 1780404327.8816912}, mensaje 6/pos
2026-06-02 14:45:27.919 - [robot_6_log_20260602_144504.csv] - DEBUG - Incoming data. Topic {"x": 98.71, "y": 123.64, "yaw": 2.438, "timestamp": 1780404327.8816912}, mensaje 6/pos
2026-06-02 14:45:27.924 - [robot_6_log_20260602_144504.csv] - DEBUG - Incoming data. Topic {"x": 98.71, "y": 123.64, "yaw": 2.438, "timestamp": 1780404327.8916247}, mensaje 6/pos
2026-06-02 14:45:27.932 - [robot_6_log_20260602_144504.csv] - WARNING - SISTEMA DESCONECTADO: Parando robot por seguridad
2026-06-02 14:45:27.932 - [robot_6_log_20260602_144504.csv] - DEBUG - Incoming data. Topic {"x": 98.71, "y": 123.64, "yaw": 2.438, "timestamp": 1780404327.8916247}, mensaje agent/6/wheel
2026-06-02 14:45:27.942 - [robot_6_log_20260602_144504.csv] - DEBUG - Despachado a ZMQ -> agent/6/move: {'v': 0.0, 'w': 0.0}
2026-06-02 14:45:27.982 - [robot_6_log_20260602_144504.csv] - WARNING - SISTEMA DESCONECTADO: Parando robot por seguridad
2026-06-02 14:45:27.987 - [robot_6_log_20260602_144504.csv] - DEBUG - Incoming data. Topic {"Wleft":-9.672818e-15,"Wright":-1.669775429e-14}, mensaje 6/pos
2026-06-02 14:45:27.997 - [robot_6_log_20260602_144504.csv] - DEBUG - Incoming data. Topic {"x": 98.71, "y": 123.64, "yaw": 2.433, "timestamp": 1780404327.9854908}, mensaje 6/pos
2026-06-02 14:45:28.002 - [robot_6_log_20260602_144504.csv] - DEBUG - Incoming data. Topic {"x": 98.71, "y": 123.64, "yaw": 2.433, "timestamp": 1780404327.9854908}, mensaje 6/pos
2026-06-02 14:45:28.013 - [robot_6_log_20260602_144504.csv] - DEBUG - Incoming data. Topic {"x": 98.71, "y": 123.64, "yaw": 2.433, "timestamp": 1780404327.9945714}, mensaje agent/6/wheel
2026-06-02 14:45:28.013 - [robot_6_log_20260602_144504.csv] - DEBUG - Incoming data. Topic {"Wleft":-9.672818e-15,"Wright":-1.669775429e-14}, mensaje 6/pos
2026-06-02 14:45:28.013 - [robot_6_log_20260602_144504.csv] - DEBUG - Despachado a ZMQ -> agent/6/move: {'v': 0.0, 'w': 0.0}
2026-06-02 14:45:28.032 - [robot_6_log_20260602_144504.csv] - WARNING - SISTEMA DESCONECTADO: Parando robot por seguridad
2026-06-02 14:45:28.054 - [robot_6_log_20260602_144504.csv] - DEBUG - Despachado a ZMQ -> agent/6/move: {'v': 0.0, 'w': 0.0}
2026-06-02 14:45:28.082 - [robot_6_log_20260602_144504.csv] - WARNING - SISTEMA DESCONECTADO: Parando robot por seguridad
2026-06-02 14:45:28.082 - [robot_6_log_20260602_144504.csv] - DEBUG - Incoming data. Topic {"x": 98.71, "y": 123.64, "yaw": 2.433, "timestamp": 1780404327.9945714}, mensaje 6/pos
2026-06-02 14:45:28.092 - [robot_6_log_20260602_144504.csv] - DEBUG - Incoming data. Topic {"x": 98.72, "y": 123.64, "yaw": 2.435, "timestamp": 1780404328.0814385}, mensaje 6/pos
2026-06-02 14:45:28.097 - [robot_6_log_20260602_144504.csv] - DEBUG - Incoming data. Topic {"x": 98.72, "y": 123.64, "yaw": 2.435, "timestamp": 1780404328.0814385}, mensaje 6/pos
2026-06-02 14:45:28.098 - [robot_6_log_20260602_144504.csv] - DEBUG - Incoming data. Topic {"x": 98.72, "y": 123.64, "yaw": 2.435, "timestamp": 1780404328.0933518}, mensaje 6/pos
2026-06-02 14:45:28.108 - [robot_6_log_20260602_144504.csv] - DEBUG - Incoming data. Topic {"x": 98.72, "y": 123.64, "yaw": 2.435, "timestamp": 1780404328.0933518}, mensaje agent/6/wheel
2026-06-02 14:45:28.108 - [robot_6_log_20260602_144504.csv] - DEBUG - Despachado a ZMQ -> agent/6/move: {'v': 0.0, 'w': 0.0}
2026-06-02 14:45:28.132 - [robot_6_log_20260602_144504.csv] - WARNING - SISTEMA DESCONECTADO: Parando robot por seguridad
2026-06-02 14:45:28.153 - [robot_6_log_20260602_144504.csv] - DEBUG - Despachado a ZMQ -> agent/6/move: {'v': 0.0, 'w': 0.0}
2026-06-02 14:45:28.182 - [robot_6_log_20260602_144504.csv] - WARNING - SISTEMA DESCONECTADO: Parando robot por seguridad
2026-06-02 14:45:28.188 - [robot_6_log_20260602_144504.csv] - DEBUG - Incoming data. Topic {"Wleft":-9.672818e-15,"Wright":-1.669775429e-14}, mensaje 6/pos
2026-06-02 14:45:28.188 - [robot_6_log_20260602_144504.csv] - DEBUG - Incoming data. Topic {"x": 98.72, "y": 123.62, "yaw": 2.435, "timestamp": 1780404328.1849554}, mensaje 6/pos
2026-06-02 14:45:28.200 - [robot_6_log_20260602_144504.csv] - DEBUG - Incoming data. Topic {"x": 98.72, "y": 123.62, "yaw": 2.435, "timestamp": 1780404328.1849554}, mensaje 6/pos
2026-06-02 14:45:28.210 - [robot_6_log_20260602_144504.csv] - DEBUG - Despachado a ZMQ -> agent/6/move: {'v': 0.0, 'w': 0.0}
2026-06-02 14:45:28.215 - [robot_6_log_20260602_144504.csv] - DEBUG - Incoming data. Topic {"x": 98.72, "y": 123.62, "yaw": 2.435, "timestamp": 1780404328.1948085}, mensaje 6/pos
2026-06-02 14:45:28.232 - [robot_6_log_20260602_144504.csv] - WARNING - SISTEMA DESCONECTADO: Parando robot por seguridad
2026-06-02 14:45:28.243 - [robot_6_log_20260602_144504.csv] - DEBUG - Incoming data. Topic {"x": 98.72, "y": 123.62, "yaw": 2.435, "timestamp": 1780404328.1948085}, mensaje agent/6/wheel
2026-06-02 14:45:28.248 - [robot_6_log_20260602_144504.csv] - DEBUG - Despachado a ZMQ -> agent/6/move: {'v': 0.0, 'w': 0.0}
2026-06-02 14:45:28.282 - [robot_6_log_20260602_144504.csv] - WARNING - SISTEMA DESCONECTADO: Parando robot por seguridad
2026-06-02 14:45:28.288 - [robot_6_log_20260602_144504.csv] - DEBUG - Incoming data. Topic {"Wleft":-9.672818e-15,"Wright":-1.669775429e-14}, mensaje 6/pos
2026-06-02 14:45:28.288 - [robot_6_log_20260602_144504.csv] - DEBUG - Incoming data. Topic {"x": 98.71, "y": 123.61, "yaw": 2.442, "timestamp": 1780404328.283627}, mensaje 6/pos
2026-06-02 14:45:28.294 - [robot_6_log_20260602_144504.csv] - DEBUG - Incoming data. Topic {"x": 98.71, "y": 123.61, "yaw": 2.442, "timestamp": 1780404328.283627}, mensaje 6/pos
2026-06-02 14:45:28.294 - [robot_6_log_20260602_144504.csv] - DEBUG - Incoming data. Topic {"x": 98.71, "y": 123.61, "yaw": 2.442, "timestamp": 1780404328.2933297}, mensaje 6/pos
2026-06-02 14:45:28.304 - [robot_6_log_20260602_144504.csv] - DEBUG - Despachado a ZMQ -> agent/6/move: {'v': 0.0, 'w': 0.0}
2026-06-02 14:45:28.332 - [robot_6_log_20260602_144504.csv] - WARNING - SISTEMA DESCONECTADO: Parando robot por seguridad
2026-06-02 14:45:28.337 - [robot_6_log_20260602_144504.csv] - DEBUG - Incoming data. Topic {"x": 98.71, "y": 123.61, "yaw": 2.442, "timestamp": 1780404328.2933297}, mensaje agent/6/wheel
2026-06-02 14:45:28.353 - [robot_6_log_20260602_144504.csv] - DEBUG - Despachado a ZMQ -> agent/6/move: {'v': 0.0, 'w': 0.0}
2026-06-02 14:45:28.382 - [robot_6_log_20260602_144504.csv] - WARNING - SISTEMA DESCONECTADO: Parando robot por seguridad
2026-06-02 14:45:28.392 - [robot_6_log_20260602_144504.csv] - DEBUG - Incoming data. Topic {"Wleft":-9.672818e-15,"Wright":-1.669775429e-14}, mensaje 6/pos
2026-06-02 14:45:28.403 - [robot_6_log_20260602_144504.csv] - DEBUG - Incoming data. Topic {"x": 98.72, "y": 123.64, "yaw": 2.435, "timestamp": 1780404328.387552}, mensaje 6/pos
2026-06-02 14:45:28.408 - [robot_6_log_20260602_144504.csv] - DEBUG - Despachado a ZMQ -> agent/6/move: {'v': 0.0, 'w': 0.0}
2026-06-02 14:45:28.408 - [robot_6_log_20260602_144504.csv] - DEBUG - Incoming data. Topic {"x": 98.72, "y": 123.64, "yaw": 2.435, "timestamp": 1780404328.387552}, mensaje 6/pos
2026-06-02 14:45:28.424 - [robot_6_log_20260602_144504.csv] - DEBUG - Incoming data. Topic {"x": 98.72, "y": 123.64, "yaw": 2.435, "timestamp": 1780404328.3998148}, mensaje 6/pos
2026-06-02 14:45:28.432 - [robot_6_log_20260602_144504.csv] - WARNING - SISTEMA DESCONECTADO: Parando robot por seguridad
2026-06-02 14:45:28.447 - [robot_6_log_20260602_144504.csv] - DEBUG - Incoming data. Topic {"x": 98.72, "y": 123.64, "yaw": 2.435, "timestamp": 1780404328.3998148}, mensaje agent/6/wheel
2026-06-02 14:45:28.452 - [robot_6_log_20260602_144504.csv] - DEBUG - Despachado a ZMQ -> agent/6/move: {'v': 0.0, 'w': 0.0}
2026-06-02 14:45:28.482 - [robot_6_log_20260602_144504.csv] - WARNING - SISTEMA DESCONECTADO: Parando robot por seguridad
2026-06-02 14:45:28.488 - [robot_6_log_20260602_144504.csv] - DEBUG - Incoming data. Topic {"Wleft":-9.672818e-15,"Wright":-1.669775429e-14}, mensaje 6/pos
2026-06-02 14:45:28.498 - [robot_6_log_20260602_144504.csv] - DEBUG - Incoming data. Topic {"x": 98.73, "y": 123.64, "yaw": 2.435, "timestamp": 1780404328.484185}, mensaje 6/pos
2026-06-02 14:45:28.503 - [robot_6_log_20260602_144504.csv] - DEBUG - Incoming data. Topic {"x": 98.73, "y": 123.64, "yaw": 2.435, "timestamp": 1780404328.484185}, mensaje 6/pos
2026-06-02 14:45:28.508 - [robot_6_log_20260602_144504.csv] - DEBUG - Incoming data. Topic {"x": 98.73, "y": 123.64, "yaw": 2.435, "timestamp": 1780404328.4947157}, mensaje 6/pos
2026-06-02 14:45:28.508 - [robot_6_log_20260602_144504.csv] - DEBUG - Despachado a ZMQ -> agent/6/move: {'v': 0.0, 'w': 0.0}
2026-06-02 14:45:28.532 - [robot_6_log_20260602_144504.csv] - WARNING - SISTEMA DESCONECTADO: Parando robot por seguridad
2026-06-02 14:45:28.547 - [robot_6_log_20260602_144504.csv] - DEBUG - Incoming data. Topic {"x": 98.73, "y": 123.64, "yaw": 2.435, "timestamp": 1780404328.4947157}, mensaje agent/6/wheel
2026-06-02 14:45:28.552 - [robot_6_log_20260602_144504.csv] - DEBUG - Despachado a ZMQ -> agent/6/move: {'v': 0.0, 'w': 0.0}
2026-06-02 14:45:28.582 - [robot_6_log_20260602_144504.csv] - WARNING - SISTEMA DESCONECTADO: Parando robot por seguridad
2026-06-02 14:45:28.592 - [robot_6_log_20260602_144504.csv] - DEBUG - Incoming data. Topic {"Wleft":-9.672818e-15,"Wright":-1.669775429e-14}, mensaje 6/pos
2026-06-02 14:45:28.598 - [robot_6_log_20260602_144504.csv] - DEBUG - Incoming data. Topic {"x": 98.7, "y": 123.64, "yaw": 2.434, "timestamp": 1780404328.587794}, mensaje 6/pos
2026-06-02 14:45:28.598 - [robot_6_log_20260602_144504.csv] - DEBUG - Despachado a ZMQ -> agent/6/move: {'v': 0.0, 'w': 0.0}
2026-06-02 14:45:28.613 - [robot_6_log_20260602_144504.csv] - DEBUG - Incoming data. Topic {"x": 98.7, "y": 123.64, "yaw": 2.434, "timestamp": 1780404328.587794}, mensaje 6/pos
2026-06-02 14:45:28.632 - [robot_6_log_20260602_144504.csv] - WARNING - SISTEMA DESCONECTADO: Parando robot por seguridad
2026-06-02 14:45:28.637 - [robot_6_log_20260602_144504.csv] - DEBUG - Incoming data. Topic {"x": 98.7, "y": 123.64, "yaw": 2.434, "timestamp": 1780404328.5999796}, mensaje 6/pos
2026-06-02 14:45:28.643 - [robot_6_log_20260602_144504.csv] - DEBUG - Incoming data. Topic {"x": 98.7, "y": 123.64, "yaw": 2.434, "timestamp": 1780404328.5999796}, mensaje agent/6/wheel
2026-06-02 14:45:28.648 - [robot_6_log_20260602_144504.csv] - DEBUG - Despachado a ZMQ -> agent/6/move: {'v': 0.0, 'w': 0.0}
2026-06-02 14:45:28.682 - [robot_6_log_20260602_144504.csv] - WARNING - SISTEMA DESCONECTADO: Parando robot por seguridad
2026-06-02 14:45:28.688 - [robot_6_log_20260602_144504.csv] - DEBUG - Incoming data. Topic {"Wleft":-9.672818e-15,"Wright":-1.669775429e-14}, mensaje 6/pos
2026-06-02 14:45:28.698 - [robot_6_log_20260602_144504.csv] - DEBUG - Incoming data. Topic {"x": 98.72, "y": 123.63, "yaw": 2.439, "timestamp": 1780404328.682855}, mensaje 6/pos
2026-06-02 14:45:28.708 - [robot_6_log_20260602_144504.csv] - DEBUG - Despachado a ZMQ -> agent/6/move: {'v': 0.0, 'w': 0.0}
2026-06-02 14:45:28.715 - [robot_6_log_20260602_144504.csv] - DEBUG - Incoming data. Topic {"x": 98.72, "y": 123.63, "yaw": 2.439, "timestamp": 1780404328.682855}, mensaje 6/pos
2026-06-02 14:45:28.720 - [robot_6_log_20260602_144504.csv] - DEBUG - Incoming data. Topic {"x": 98.72, "y": 123.63, "yaw": 2.439, "timestamp": 1780404328.6951418}, mensaje 6/pos
2026-06-02 14:45:28.732 - [robot_6_log_20260602_144504.csv] - WARNING - SISTEMA DESCONECTADO: Parando robot por seguridad
2026-06-02 14:45:28.752 - [robot_6_log_20260602_144504.csv] - DEBUG - Despachado a ZMQ -> agent/6/move: {'v': 0.0, 'w': 0.0}
2026-06-02 14:45:28.752 - [robot_6_log_20260602_144504.csv] - DEBUG - Incoming data. Topic {"x": 98.72, "y": 123.63, "yaw": 2.439, "timestamp": 1780404328.6951418}, mensaje agent/6/wheel
2026-06-02 14:45:28.782 - [robot_6_log_20260602_144504.csv] - WARNING - SISTEMA DESCONECTADO: Parando robot por seguridad
2026-06-02 14:45:28.793 - [robot_6_log_20260602_144504.csv] - DEBUG - Incoming data. Topic {"Wleft":-9.672818e-15,"Wright":-1.669775429e-14}, mensaje 6/pos
2026-06-02 14:45:28.803 - [robot_6_log_20260602_144504.csv] - DEBUG - Despachado a ZMQ -> agent/6/move: {'v': 0.0, 'w': 0.0}
2026-06-02 14:45:28.804 - [robot_6_log_20260602_144504.csv] - DEBUG - Incoming data. Topic {"x": 98.72, "y": 123.62, "yaw": 2.436, "timestamp": 1780404328.7882519}, mensaje 6/pos
2026-06-02 14:45:28.825 - [robot_6_log_20260602_144504.csv] - DEBUG - Incoming data. Topic {"x": 98.72, "y": 123.62, "yaw": 2.436, "timestamp": 1780404328.7882519}, mensaje 6/pos
2026-06-02 14:45:28.825 - [robot_6_log_20260602_144504.csv] - DEBUG - Incoming data. Topic {"x": 98.72, "y": 123.62, "yaw": 2.436, "timestamp": 1780404328.798091}, mensaje 6/pos
2026-06-02 14:45:28.832 - [robot_6_log_20260602_144504.csv] - WARNING - SISTEMA DESCONECTADO: Parando robot por seguridad
2026-06-02 14:45:28.842 - [robot_6_log_20260602_144504.csv] - DEBUG - Despachado a ZMQ -> agent/6/move: {'v': 0.0, 'w': 0.0}
2026-06-02 14:45:28.842 - [robot_6_log_20260602_144504.csv] - DEBUG - Incoming data. Topic {"x": 98.72, "y": 123.62, "yaw": 2.436, "timestamp": 1780404328.798091}, mensaje agent/6/wheel
2026-06-02 14:45:28.882 - [robot_6_log_20260602_144504.csv] - WARNING - SISTEMA DESCONECTADO: Parando robot por seguridad
2026-06-02 14:45:28.888 - [robot_6_log_20260602_144504.csv] - DEBUG - Incoming data. Topic {"Wleft":-9.672818e-15,"Wright":-1.669775429e-14}, mensaje 6/pos
2026-06-02 14:45:28.888 - [robot_6_log_20260602_144504.csv] - DEBUG - Incoming data. Topic {"x": 98.72, "y": 123.64, "yaw": 2.438, "timestamp": 1780404328.884559}, mensaje 6/pos
2026-06-02 14:45:28.899 - [robot_6_log_20260602_144504.csv] - DEBUG - Incoming data. Topic {"x": 98.72, "y": 123.64, "yaw": 2.438, "timestamp": 1780404328.884559}, mensaje 6/pos
2026-06-02 14:45:28.899 - [robot_6_log_20260602_144504.csv] - DEBUG - Despachado a ZMQ -> agent/6/move: {'v': 0.0, 'w': 0.0}
2026-06-02 14:45:28.909 - [robot_6_log_20260602_144504.csv] - DEBUG - Incoming data. Topic {"x": 98.72, "y": 123.64, "yaw": 2.438, "timestamp": 1780404328.8964326}, mensaje 6/pos
2026-06-02 14:45:28.932 - [robot_6_log_20260602_144504.csv] - WARNING - SISTEMA DESCONECTADO: Parando robot por seguridad
2026-06-02 14:45:28.948 - [robot_6_log_20260602_144504.csv] - DEBUG - Despachado a ZMQ -> agent/6/move: {'v': 0.0, 'w': 0.0}
2026-06-02 14:45:28.948 - [robot_6_log_20260602_144504.csv] - DEBUG - Incoming data. Topic {"x": 98.72, "y": 123.64, "yaw": 2.438, "timestamp": 1780404328.8964326}, mensaje agent/6/wheel
2026-06-02 14:45:28.982 - [robot_6_log_20260602_144504.csv] - WARNING - SISTEMA DESCONECTADO: Parando robot por seguridad
2026-06-02 14:45:28.988 - [robot_6_log_20260602_144504.csv] - DEBUG - Incoming data. Topic {"Wleft":-9.672818e-15,"Wright":-1.669775429e-14}, mensaje 6/pos
2026-06-02 14:45:28.995 - [robot_6_log_20260602_144504.csv] - DEBUG - Incoming data. Topic {"x": 98.71, "y": 123.64, "yaw": 2.439, "timestamp": 1780404328.9873774}, mensaje 6/pos
2026-06-02 14:45:29.005 - [robot_6_log_20260602_144504.csv] - DEBUG - Despachado a ZMQ -> agent/6/move: {'v': 0.0, 'w': 0.0}
2026-06-02 14:45:29.010 - [robot_6_log_20260602_144504.csv] - DEBUG - Incoming data. Topic {"x": 98.71, "y": 123.64, "yaw": 2.439, "timestamp": 1780404328.9873774}, mensaje 6/pos
2026-06-02 14:45:29.021 - [robot_6_log_20260602_144504.csv] - DEBUG - Incoming data. Topic {"x": 98.71, "y": 123.64, "yaw": 2.439, "timestamp": 1780404328.9977472}, mensaje 6/pos
2026-06-02 14:45:29.032 - [robot_6_log_20260602_144504.csv] - WARNING - SISTEMA DESCONECTADO: Parando robot por seguridad
2026-06-02 14:45:29.043 - [robot_6_log_20260602_144504.csv] - DEBUG - Incoming data. Topic {"x": 98.71, "y": 123.64, "yaw": 2.439, "timestamp": 1780404328.9977472}, mensaje agent/6/wheel
2026-06-02 14:45:29.058 - [robot_6_log_20260602_144504.csv] - DEBUG - Despachado a ZMQ -> agent/6/move: {'v': 0.0, 'w': 0.0}
2026-06-02 14:45:29.082 - [robot_6_log_20260602_144504.csv] - WARNING - SISTEMA DESCONECTADO: Parando robot por seguridad
2026-06-02 14:45:29.087 - [robot_6_log_20260602_144504.csv] - DEBUG - Incoming data. Topic {"Wleft":-9.672818e-15,"Wright":-1.669775429e-14}, mensaje 6/pos
2026-06-02 14:45:29.102 - [robot_6_log_20260602_144504.csv] - DEBUG - Incoming data. Topic {"x": 98.71, "y": 123.64, "yaw": 2.438, "timestamp": 1780404329.0863843}, mensaje 6/pos
2026-06-02 14:45:29.102 - [robot_6_log_20260602_144504.csv] - DEBUG - Despachado a ZMQ -> agent/6/move: {'v': 0.0, 'w': 0.0}
2026-06-02 14:45:29.124 - [robot_6_log_20260602_144504.csv] - DEBUG - Incoming data. Topic {"x": 98.71, "y": 123.64, "yaw": 2.438, "timestamp": 1780404329.0863843}, mensaje 6/pos
2026-06-02 14:45:29.132 - [robot_6_log_20260602_144504.csv] - WARNING - SISTEMA DESCONECTADO: Parando robot por seguridad
2026-06-02 14:45:29.137 - [robot_6_log_20260602_144504.csv] - DEBUG - Incoming data. Topic {"x": 98.71, "y": 123.64, "yaw": 2.438, "timestamp": 1780404329.0977042}, mensaje 6/pos
2026-06-02 14:45:29.142 - [robot_6_log_20260602_144504.csv] - DEBUG - Incoming data. Topic {"x": 98.71, "y": 123.64, "yaw": 2.438, "timestamp": 1780404329.0977042}, mensaje agent/6/wheel
2026-06-02 14:45:29.148 - [robot_6_log_20260602_144504.csv] - DEBUG - Despachado a ZMQ -> agent/6/move: {'v': 0.0, 'w': 0.0}
2026-06-02 14:45:29.182 - [robot_6_log_20260602_144504.csv] - WARNING - SISTEMA DESCONECTADO: Parando robot por seguridad
2026-06-02 14:45:29.198 - [robot_6_log_20260602_144504.csv] - DEBUG - Despachado a ZMQ -> agent/6/move: {'v': 0.0, 'w': 0.0}
2026-06-02 14:45:29.204 - [robot_6_log_20260602_144504.csv] - DEBUG - Incoming data. Topic {"Wleft":-9.672818e-15,"Wright":-1.669775429e-14}, mensaje 6/pos
2026-06-02 14:45:29.220 - [robot_6_log_20260602_144504.csv] - DEBUG - Incoming data. Topic {"x": 98.72, "y": 123.63, "yaw": 2.434, "timestamp": 1780404329.190139}, mensaje 6/pos
2026-06-02 14:45:29.230 - [robot_6_log_20260602_144504.csv] - DEBUG - Incoming data. Topic {"x": 98.72, "y": 123.63, "yaw": 2.434, "timestamp": 1780404329.190139}, mensaje 6/pos
2026-06-02 14:45:29.232 - [robot_6_log_20260602_144504.csv] - WARNING - SISTEMA DESCONECTADO: Parando robot por seguridad
2026-06-02 14:45:29.237 - [robot_6_log_20260602_144504.csv] - DEBUG - Incoming data. Topic {"x": 98.72, "y": 123.63, "yaw": 2.434, "timestamp": 1780404329.2013202}, mensaje 6/pos
2026-06-02 14:45:29.263 - [robot_6_log_20260602_144504.csv] - DEBUG - Incoming data. Topic {"x": 98.72, "y": 123.63, "yaw": 2.434, "timestamp": 1780404329.2013202}, mensaje agent/6/wheel
2026-06-02 14:45:29.263 - [robot_6_log_20260602_144504.csv] - DEBUG - Despachado a ZMQ -> agent/6/move: {'v': 0.0, 'w': 0.0}
2026-06-02 14:45:29.282 - [robot_6_log_20260602_144504.csv] - DEBUG - Incoming data. Topic {"Wleft":-9.672818e-15,"Wright":-1.669775429e-14}, mensaje 6/pos
2026-06-02 14:45:29.282 - [robot_6_log_20260602_144504.csv] - WARNING - SISTEMA DESCONECTADO: Parando robot por seguridad
2026-06-02 14:45:29.282 - [robot_6_log_20260602_144504.csv] - DEBUG - Incoming data. Topic {"x": 98.71, "y": 123.63, "yaw": 2.438, "timestamp": 1780404329.2814746}, mensaje 6/pos
2026-06-02 14:45:29.297 - [robot_6_log_20260602_144504.csv] - DEBUG - Despachado a ZMQ -> agent/6/move: {'v': 0.0, 'w': 0.0}
2026-06-02 14:45:29.303 - [robot_6_log_20260602_144504.csv] - DEBUG - Incoming data. Topic {"x": 98.71, "y": 123.63, "yaw": 2.438, "timestamp": 1780404329.2814746}, mensaje 6/pos
2026-06-02 14:45:29.329 - [robot_6_log_20260602_144504.csv] - DEBUG - Incoming data. Topic {"x": 98.71, "y": 123.63, "yaw": 2.438, "timestamp": 1780404329.2935662}, mensaje 6/pos
2026-06-02 14:45:29.332 - [robot_6_log_20260602_144504.csv] - WARNING - SISTEMA DESCONECTADO: Parando robot por seguridad
2026-06-02 14:45:29.338 - [robot_6_log_20260602_144504.csv] - DEBUG - Incoming data. Topic {"x": 98.71, "y": 123.63, "yaw": 2.438, "timestamp": 1780404329.2935662}, mensaje agent/6/wheel
2026-06-02 14:45:29.349 - [robot_6_log_20260602_144504.csv] - DEBUG - Despachado a ZMQ -> agent/6/move: {'v': 0.0, 'w': 0.0}
2026-06-02 14:45:29.382 - [robot_6_log_20260602_144504.csv] - WARNING - SISTEMA DESCONECTADO: Parando robot por seguridad
2026-06-02 14:45:29.392 - [robot_6_log_20260602_144504.csv] - DEBUG - Incoming data. Topic {"Wleft":-9.672818e-15,"Wright":-1.669775429e-14}, mensaje 6/pos
2026-06-02 14:45:29.403 - [robot_6_log_20260602_144504.csv] - DEBUG - Incoming data. Topic {"x": 98.71, "y": 123.64, "yaw": 2.438, "timestamp": 1780404329.3891098}, mensaje 6/pos
2026-06-02 14:45:29.408 - [robot_6_log_20260602_144504.csv] - DEBUG - Despachado a ZMQ -> agent/6/move: {'v': 0.0, 'w': 0.0}
2026-06-02 14:45:29.418 - [robot_6_log_20260602_144504.csv] - DEBUG - Incoming data. Topic {"x": 98.71, "y": 123.64, "yaw": 2.438, "timestamp": 1780404329.3891098}, mensaje 6/pos
2026-06-02 14:45:29.418 - [robot_6_log_20260602_144504.csv] - DEBUG - Incoming data. Topic {"x": 98.71, "y": 123.64, "yaw": 2.438, "timestamp": 1780404329.4009445}, mensaje 6/pos
2026-06-02 14:45:29.432 - [robot_6_log_20260602_144504.csv] - WARNING - SISTEMA DESCONECTADO: Parando robot por seguridad
2026-06-02 14:45:29.448 - [robot_6_log_20260602_144504.csv] - DEBUG - Despachado a ZMQ -> agent/6/move: {'v': 0.0, 'w': 0.0}
2026-06-02 14:45:29.454 - [robot_6_log_20260602_144504.csv] - DEBUG - Incoming data. Topic {"x": 98.71, "y": 123.64, "yaw": 2.438, "timestamp": 1780404329.4009445}, mensaje agent/6/wheel
2026-06-02 14:45:29.482 - [robot_6_log_20260602_144504.csv] - WARNING - SISTEMA DESCONECTADO: Parando robot por seguridad
2026-06-02 14:45:29.487 - [robot_6_log_20260602_144504.csv] - DEBUG - Incoming data. Topic {"Wleft":-9.672818e-15,"Wright":-1.669775429e-14}, mensaje 6/pos
2026-06-02 14:45:29.497 - [robot_6_log_20260602_144504.csv] - DEBUG - Despachado a ZMQ -> agent/6/move: {'v': 0.0, 'w': 0.0}
2026-06-02 14:45:29.508 - [robot_6_log_20260602_144504.csv] - DEBUG - Incoming data. Topic {"x": 98.72, "y": 123.62, "yaw": 2.438, "timestamp": 1780404329.4860504}, mensaje 6/pos
2026-06-02 14:45:29.524 - [robot_6_log_20260602_144504.csv] - DEBUG - Incoming data. Topic {"x": 98.72, "y": 123.62, "yaw": 2.438, "timestamp": 1780404329.4860504}, mensaje 6/pos
2026-06-02 14:45:29.532 - [robot_6_log_20260602_144504.csv] - WARNING - SISTEMA DESCONECTADO: Parando robot por seguridad
2026-06-02 14:45:29.542 - [robot_6_log_20260602_144504.csv] - DEBUG - Incoming data. Topic {"x": 98.72, "y": 123.62, "yaw": 2.438, "timestamp": 1780404329.4960618}, mensaje 6/pos
2026-06-02 14:45:29.552 - [robot_6_log_20260602_144504.csv] - DEBUG - Incoming data. Topic {"x": 98.72, "y": 123.62, "yaw": 2.438, "timestamp": 1780404329.4960618}, mensaje agent/6/wheel
2026-06-02 14:45:29.558 - [robot_6_log_20260602_144504.csv] - DEBUG - Despachado a ZMQ -> agent/6/move: {'v': 0.0, 'w': 0.0}
2026-06-02 14:45:29.582 - [robot_6_log_20260602_144504.csv] - WARNING - SISTEMA DESCONECTADO: Parando robot por seguridad
2026-06-02 14:45:29.592 - [robot_6_log_20260602_144504.csv] - DEBUG - Incoming data. Topic {"Wleft":-9.672818e-15,"Wright":-1.669775429e-14}, mensaje 6/pos
2026-06-02 14:45:29.603 - [robot_6_log_20260602_144504.csv] - DEBUG - Incoming data. Topic {"x": 98.7, "y": 123.63, "yaw": 2.433, "timestamp": 1780404329.588337}, mensaje 6/pos
2026-06-02 14:45:29.608 - [robot_6_log_20260602_144504.csv] - DEBUG - Despachado a ZMQ -> agent/6/move: {'v': 0.0, 'w': 0.0}
2026-06-02 14:45:29.613 - [robot_6_log_20260602_144504.csv] - DEBUG - Incoming data. Topic {"x": 98.7, "y": 123.63, "yaw": 2.433, "timestamp": 1780404329.588337}, mensaje 6/pos
2026-06-02 14:45:29.629 - [robot_6_log_20260602_144504.csv] - DEBUG - Incoming data. Topic {"x": 98.7, "y": 123.63, "yaw": 2.433, "timestamp": 1780404329.6005166}, mensaje 6/pos
2026-06-02 14:45:29.632 - [robot_6_log_20260602_144504.csv] - WARNING - SISTEMA DESCONECTADO: Parando robot por seguridad
2026-06-02 14:45:29.643 - [robot_6_log_20260602_144504.csv] - DEBUG - Incoming data. Topic {"x": 98.7, "y": 123.63, "yaw": 2.433, "timestamp": 1780404329.6005166}, mensaje agent/6/wheel
2026-06-02 14:45:29.648 - [robot_6_log_20260602_144504.csv] - DEBUG - Despachado a ZMQ -> agent/6/move: {'v': 0.0, 'w': 0.0}
2026-06-02 14:45:29.682 - [robot_6_log_20260602_144504.csv] - WARNING - SISTEMA DESCONECTADO: Parando robot por seguridad
2026-06-02 14:45:29.688 - [robot_6_log_20260602_144504.csv] - DEBUG - Incoming data. Topic {"Wleft":-9.672818e-15,"Wright":-1.669775429e-14}, mensaje 6/pos
2026-06-02 14:45:29.703 - [robot_6_log_20260602_144504.csv] - DEBUG - Incoming data. Topic {"x": 98.71, "y": 123.63, "yaw": 2.437, "timestamp": 1780404329.6832092}, mensaje 6/pos
2026-06-02 14:45:29.714 - [robot_6_log_20260602_144504.csv] - DEBUG - Despachado a ZMQ -> agent/6/move: {'v': 0.0, 'w': 0.0}
2026-06-02 14:45:29.714 - [robot_6_log_20260602_144504.csv] - DEBUG - Incoming data. Topic {"x": 98.71, "y": 123.63, "yaw": 2.437, "timestamp": 1780404329.6832092}, mensaje 6/pos
2026-06-02 14:45:29.732 - [robot_6_log_20260602_144504.csv] - WARNING - SISTEMA DESCONECTADO: Parando robot por seguridad
2026-06-02 14:45:29.732 - [robot_6_log_20260602_144504.csv] - DEBUG - Incoming data. Topic {"x": 98.71, "y": 123.63, "yaw": 2.437, "timestamp": 1780404329.693081}, mensaje 6/pos
2026-06-02 14:45:29.758 - [robot_6_log_20260602_144504.csv] - DEBUG - Incoming data. Topic {"x": 98.71, "y": 123.63, "yaw": 2.437, "timestamp": 1780404329.693081}, mensaje agent/6/wheel
2026-06-02 14:45:29.763 - [robot_6_log_20260602_144504.csv] - DEBUG - Despachado a ZMQ -> agent/6/move: {'v': 0.0, 'w': 0.0}
2026-06-02 14:45:29.782 - [robot_6_log_20260602_144504.csv] - WARNING - SISTEMA DESCONECTADO: Parando robot por seguridad
2026-06-02 14:45:29.792 - [robot_6_log_20260602_144504.csv] - DEBUG - Incoming data. Topic {"Wleft":-9.672818e-15,"Wright":-1.669775429e-14}, mensaje 6/pos
2026-06-02 14:45:29.803 - [robot_6_log_20260602_144504.csv] - DEBUG - Despachado a ZMQ -> agent/6/move: {'v': 0.0, 'w': 0.0}
2026-06-02 14:45:29.808 - [robot_6_log_20260602_144504.csv] - DEBUG - Incoming data. Topic {"x": 98.72, "y": 123.61, "yaw": 2.443, "timestamp": 1780404329.7879984}, mensaje 6/pos
2026-06-02 14:45:29.819 - [robot_6_log_20260602_144504.csv] - DEBUG - Incoming data. Topic {"x": 98.72, "y": 123.61, "yaw": 2.443, "timestamp": 1780404329.7879984}, mensaje 6/pos
2026-06-02 14:45:29.829 - [robot_6_log_20260602_144504.csv] - DEBUG - Incoming data. Topic {"x": 98.72, "y": 123.61, "yaw": 2.443, "timestamp": 1780404329.798077}, mensaje 6/pos
2026-06-02 14:45:29.832 - [robot_6_log_20260602_144504.csv] - WARNING - SISTEMA DESCONECTADO: Parando robot por seguridad
2026-06-02 14:45:29.843 - [robot_6_log_20260602_144504.csv] - DEBUG - Incoming data. Topic {"x": 98.72, "y": 123.61, "yaw": 2.443, "timestamp": 1780404329.798077}, mensaje agent/6/wheel
2026-06-02 14:45:29.853 - [robot_6_log_20260602_144504.csv] - DEBUG - Despachado a ZMQ -> agent/6/move: {'v': 0.0, 'w': 0.0}
2026-06-02 14:45:29.882 - [robot_6_log_20260602_144504.csv] - DEBUG - Incoming data. Topic {"Wleft":-9.672818e-15,"Wright":-1.669775429e-14}, mensaje 6/pos
2026-06-02 14:45:29.882 - [robot_6_log_20260602_144504.csv] - WARNING - SISTEMA DESCONECTADO: Parando robot por seguridad
2026-06-02 14:45:29.882 - [robot_6_log_20260602_144504.csv] - DEBUG - Incoming data. Topic {"x": 98.7, "y": 123.64, "yaw": 2.431, "timestamp": 1780404329.8816977}, mensaje 6/pos
2026-06-02 14:45:29.902 - [robot_6_log_20260602_144504.csv] - DEBUG - Incoming data. Topic {"x": 98.7, "y": 123.64, "yaw": 2.431, "timestamp": 1780404329.8816977}, mensaje 6/pos
2026-06-02 14:45:29.907 - [robot_6_log_20260602_144504.csv] - DEBUG - Incoming data. Topic {"x": 98.7, "y": 123.64, "yaw": 2.431, "timestamp": 1780404329.891483}, mensaje 6/pos
2026-06-02 14:45:29.908 - [robot_6_log_20260602_144504.csv] - DEBUG - Despachado a ZMQ -> agent/6/move: {'v': 0.0, 'w': 0.0}
2026-06-02 14:45:29.932 - [robot_6_log_20260602_144504.csv] - WARNING - SISTEMA DESCONECTADO: Parando robot por seguridad
2026-06-02 14:45:29.938 - [robot_6_log_20260602_144504.csv] - DEBUG - Incoming data. Topic {"x": 98.7, "y": 123.64, "yaw": 2.431, "timestamp": 1780404329.891483}, mensaje agent/6/wheel
2026-06-02 14:45:29.963 - [robot_6_log_20260602_144504.csv] - DEBUG - Despachado a ZMQ -> agent/6/move: {'v': 0.0, 'w': 0.0}
2026-06-02 14:45:29.982 - [robot_6_log_20260602_144504.csv] - WARNING - SISTEMA DESCONECTADO: Parando robot por seguridad
2026-06-02 14:45:29.992 - [robot_6_log_20260602_144504.csv] - DEBUG - Incoming data. Topic {"Wleft":-9.672818e-15,"Wright":-1.669775429e-14}, mensaje 6/pos
2026-06-02 14:45:29.997 - [robot_6_log_20260602_144504.csv] - DEBUG - Despachado a ZMQ -> agent/6/move: {'v': 0.0, 'w': 0.0}
2026-06-02 14:45:29.998 - [robot_6_log_20260602_144504.csv] - DEBUG - Incoming data. Topic {"x": 98.71, "y": 123.64, "yaw": 2.438, "timestamp": 1780404329.9882312}, mensaje 6/pos
2026-06-02 14:45:30.024 - [robot_6_log_20260602_144504.csv] - DEBUG - Incoming data. Topic {"x": 98.71, "y": 123.64, "yaw": 2.438, "timestamp": 1780404329.9882312}, mensaje 6/pos
2026-06-02 14:45:30.029 - [robot_6_log_20260602_144504.csv] - DEBUG - Incoming data. Topic {"x": 98.71, "y": 123.64, "yaw": 2.438, "timestamp": 1780404330.0009701}, mensaje 6/pos
2026-06-02 14:45:30.032 - [robot_6_log_20260602_144504.csv] - WARNING - SISTEMA DESCONECTADO: Parando robot por seguridad
2026-06-02 14:45:30.051 - [robot_6_log_20260602_144504.csv] - DEBUG - Incoming data. Topic {"x": 98.71, "y": 123.64, "yaw": 2.438, "timestamp": 1780404330.0009701}, mensaje agent/6/wheel
2026-06-02 14:45:30.056 - [robot_6_log_20260602_144504.csv] - DEBUG - Despachado a ZMQ -> agent/6/move: {'v': 0.0, 'w': 0.0}
2026-06-02 14:45:30.082 - [robot_6_log_20260602_144504.csv] - WARNING - SISTEMA DESCONECTADO: Parando robot por seguridad
2026-06-02 14:45:30.088 - [robot_6_log_20260602_144504.csv] - DEBUG - Incoming data. Topic {"Wleft":-9.672818e-15,"Wright":-1.669775429e-14}, mensaje 6/pos
2026-06-02 14:45:30.093 - [robot_6_log_20260602_144504.csv] - DEBUG - Incoming data. Topic {"x": 98.7, "y": 123.64, "yaw": 2.434, "timestamp": 1780404330.0835414}, mensaje 6/pos
2026-06-02 14:45:30.098 - [robot_6_log_20260602_144504.csv] - DEBUG - Incoming data. Topic {"x": 98.7, "y": 123.64, "yaw": 2.434, "timestamp": 1780404330.0835414}, mensaje 6/pos
2026-06-02 14:45:30.104 - [robot_6_log_20260602_144504.csv] - DEBUG - Despachado a ZMQ -> agent/6/move: {'v': 0.0, 'w': 0.0}
2026-06-02 14:45:30.104 - [robot_6_log_20260602_144504.csv] - DEBUG - Incoming data. Topic {"x": 98.7, "y": 123.64, "yaw": 2.434, "timestamp": 1780404330.0926158}, mensaje 6/pos
2026-06-02 14:45:30.132 - [robot_6_log_20260602_144504.csv] - WARNING - SISTEMA DESCONECTADO: Parando robot por seguridad
2026-06-02 14:45:30.143 - [robot_6_log_20260602_144504.csv] - DEBUG - Incoming data. Topic {"x": 98.7, "y": 123.64, "yaw": 2.434, "timestamp": 1780404330.0926158}, mensaje agent/6/wheel
2026-06-02 14:45:30.148 - [robot_6_log_20260602_144504.csv] - DEBUG - Despachado a ZMQ -> agent/6/move: {'v': 0.0, 'w': 0.0}
2026-06-02 14:45:30.182 - [robot_6_log_20260602_144504.csv] - WARNING - SISTEMA DESCONECTADO: Parando robot por seguridad
2026-06-02 14:45:30.203 - [robot_6_log_20260602_144504.csv] - DEBUG - Despachado a ZMQ -> agent/6/move: {'v': 0.0, 'w': 0.0}
2026-06-02 14:45:30.232 - [robot_6_log_20260602_144504.csv] - WARNING - SISTEMA DESCONECTADO: Parando robot por seguridad
2026-06-02 14:45:30.237 - [robot_6_log_20260602_144504.csv] - DEBUG - Despachado a ZMQ -> agent/6/move: {'v': 0.0, 'w': 0.0}
2026-06-02 14:45:30.282 - [robot_6_log_20260602_144504.csv] - WARNING - SISTEMA DESCONECTADO: Parando robot por seguridad
2026-06-02 14:45:30.288 - [robot_6_log_20260602_144504.csv] - DEBUG - Incoming data. Topic {"Wleft":-9.672818e-15,"Wright":-1.669775429e-14}, mensaje 6/pos
2026-06-02 14:45:30.298 - [robot_6_log_20260602_144504.csv] - DEBUG - Incoming data. Topic {"x": 98.71, "y": 123.62, "yaw": 2.44, "timestamp": 1780404330.2854373}, mensaje 6/pos
2026-06-02 14:45:30.304 - [robot_6_log_20260602_144504.csv] - DEBUG - Incoming data. Topic {"x": 98.71, "y": 123.62, "yaw": 2.44, "timestamp": 1780404330.2854373}, mensaje 6/pos
2026-06-02 14:45:30.314 - [robot_6_log_20260602_144504.csv] - DEBUG - Incoming data. Topic {"x": 98.71, "y": 123.62, "yaw": 2.44, "timestamp": 1780404330.2945244}, mensaje agent/6/wheel
2026-06-02 14:45:30.314 - [robot_6_log_20260602_144504.csv] - DEBUG - Despachado a ZMQ -> agent/6/move: {'v': 0.0, 'w': 0.0}
2026-06-02 14:45:30.324 - [robot_6_log_20260602_144504.csv] - DEBUG - Incoming data. Topic {"Wleft":-9.672818e-15,"Wright":-1.669775429e-14}, mensaje 6/pos
2026-06-02 14:45:30.332 - [robot_6_log_20260602_144504.csv] - WARNING - SISTEMA DESCONECTADO: Parando robot por seguridad
2026-06-02 14:45:30.354 - [robot_6_log_20260602_144504.csv] - DEBUG - Despachado a ZMQ -> agent/6/move: {'v': 0.0, 'w': 0.0}
2026-06-02 14:45:30.378 - [robot_6_log_20260602_144504.csv] - DEBUG - Incoming data. Topic {"x": 98.71, "y": 123.62, "yaw": 2.44, "timestamp": 1780404330.2945244}, mensaje agent/6/wheel
2026-06-02 14:45:30.382 - [robot_6_log_20260602_144504.csv] - WARNING - SISTEMA DESCONECTADO: Parando robot por seguridad
2026-06-02 14:45:30.397 - [robot_6_log_20260602_144504.csv] - DEBUG - Despachado a ZMQ -> agent/6/move: {'v': 0.0, 'w': 0.0}
2026-06-02 14:45:30.432 - [robot_6_log_20260602_144504.csv] - WARNING - SISTEMA DESCONECTADO: Parando robot por seguridad
2026-06-02 14:45:30.452 - [robot_6_log_20260602_144504.csv] - DEBUG - Incoming data. Topic {"Wleft":-9.672818e-15,"Wright":-1.669775429e-14}, mensaje agent/6/wheel
2026-06-02 14:45:30.458 - [robot_6_log_20260602_144504.csv] - DEBUG - Despachado a ZMQ -> agent/6/move: {'v': 0.0, 'w': 0.0}
2026-06-02 14:45:30.482 - [robot_6_log_20260602_144504.csv] - WARNING - SISTEMA DESCONECTADO: Parando robot por seguridad
2026-06-02 14:45:30.492 - [robot_6_log_20260602_144504.csv] - DEBUG - Incoming data. Topic {"Wleft":-9.672818e-15,"Wright":-1.669775429e-14}, mensaje 6/pos
2026-06-02 14:45:30.497 - [robot_6_log_20260602_144504.csv] - DEBUG - Despachado a ZMQ -> agent/6/move: {'v': 0.0, 'w': 0.0}
2026-06-02 14:45:30.502 - [robot_6_log_20260602_144504.csv] - DEBUG - Incoming data. Topic {"x": 98.71, "y": 123.64, "yaw": 2.438, "timestamp": 1780404330.483913}, mensaje 6/pos
2026-06-02 14:45:30.503 - [robot_6_log_20260602_144504.csv] - DEBUG - Incoming data. Topic {"x": 98.71, "y": 123.64, "yaw": 2.438, "timestamp": 1780404330.483913}, mensaje 6/pos
2026-06-02 14:45:30.508 - [robot_6_log_20260602_144504.csv] - DEBUG - Incoming data. Topic {"x": 98.71, "y": 123.64, "yaw": 2.438, "timestamp": 1780404330.4935071}, mensaje 6/pos
2026-06-02 14:45:30.532 - [robot_6_log_20260602_144504.csv] - WARNING - SISTEMA DESCONECTADO: Parando robot por seguridad
2026-06-02 14:45:30.553 - [robot_6_log_20260602_144504.csv] - DEBUG - Incoming data. Topic {"x": 98.71, "y": 123.64, "yaw": 2.438, "timestamp": 1780404330.4935071}, mensaje agent/6/wheel
2026-06-02 14:45:30.553 - [robot_6_log_20260602_144504.csv] - DEBUG - Despachado a ZMQ -> agent/6/move: {'v': 0.0, 'w': 0.0}
2026-06-02 14:45:30.582 - [robot_6_log_20260602_144504.csv] - WARNING - SISTEMA DESCONECTADO: Parando robot por seguridad
2026-06-02 14:45:30.593 - [robot_6_log_20260602_144504.csv] - DEBUG - Incoming data. Topic {"Wleft":-9.672818e-15,"Wright":-1.669775429e-14}, mensaje 6/pos
2026-06-02 14:45:30.598 - [robot_6_log_20260602_144504.csv] - DEBUG - Despachado a ZMQ -> agent/6/move: {'v': 0.0, 'w': 0.0}
2026-06-02 14:45:30.609 - [robot_6_log_20260602_144504.csv] - DEBUG - Incoming data. Topic {"x": 98.71, "y": 123.63, "yaw": 2.44, "timestamp": 1780404330.585655}, mensaje 6/pos
2026-06-02 14:45:30.631 - [robot_6_log_20260602_144504.csv] - DEBUG - Incoming data. Topic {"x": 98.71, "y": 123.63, "yaw": 2.44, "timestamp": 1780404330.585655}, mensaje 6/pos
2026-06-02 14:45:30.632 - [robot_6_log_20260602_144504.csv] - WARNING - SISTEMA DESCONECTADO: Parando robot por seguridad
2026-06-02 14:45:30.632 - [robot_6_log_20260602_144504.csv] - DEBUG - Incoming data. Topic {"x": 98.71, "y": 123.63, "yaw": 2.44, "timestamp": 1780404330.5981898}, mensaje 6/pos
2026-06-02 14:45:30.647 - [robot_6_log_20260602_144504.csv] - DEBUG - Despachado a ZMQ -> agent/6/move: {'v': 0.0, 'w': 0.0}
2026-06-02 14:45:30.658 - [robot_6_log_20260602_144504.csv] - DEBUG - Incoming data. Topic {"x": 98.71, "y": 123.63, "yaw": 2.44, "timestamp": 1780404330.5981898}, mensaje agent/6/wheel
2026-06-02 14:45:30.682 - [robot_6_log_20260602_144504.csv] - WARNING - SISTEMA DESCONECTADO: Parando robot por seguridad
2026-06-02 14:45:30.688 - [robot_6_log_20260602_144504.csv] - DEBUG - Incoming data. Topic {"Wleft":-9.672818e-15,"Wright":-1.669775429e-14}, mensaje 6/pos
2026-06-02 14:45:30.688 - [robot_6_log_20260602_144504.csv] - DEBUG - Incoming data. Topic {"x": 98.72, "y": 123.63, "yaw": 2.438, "timestamp": 1780404330.685064}, mensaje 6/pos
2026-06-02 14:45:30.694 - [robot_6_log_20260602_144504.csv] - DEBUG - Despachado a ZMQ -> agent/6/move: {'v': 0.0, 'w': 0.0}
2026-06-02 14:45:30.699 - [robot_6_log_20260602_144504.csv] - DEBUG - Incoming data. Topic {"x": 98.72, "y": 123.63, "yaw": 2.438, "timestamp": 1780404330.685064}, mensaje 6/pos
2026-06-02 14:45:30.704 - [robot_6_log_20260602_144504.csv] - DEBUG - Incoming data. Topic {"x": 98.72, "y": 123.63, "yaw": 2.438, "timestamp": 1780404330.6949947}, mensaje 6/pos
2026-06-02 14:45:30.732 - [robot_6_log_20260602_144504.csv] - WARNING - SISTEMA DESCONECTADO: Parando robot por seguridad
2026-06-02 14:45:30.748 - [robot_6_log_20260602_144504.csv] - DEBUG - Despachado a ZMQ -> agent/6/move: {'v': 0.0, 'w': 0.0}
2026-06-02 14:45:30.754 - [robot_6_log_20260602_144504.csv] - DEBUG - Incoming data. Topic {"x": 98.72, "y": 123.63, "yaw": 2.438, "timestamp": 1780404330.6949947}, mensaje agent/6/wheel
2026-06-02 14:45:30.782 - [robot_6_log_20260602_144504.csv] - WARNING - SISTEMA DESCONECTADO: Parando robot por seguridad
2026-06-02 14:45:30.787 - [robot_6_log_20260602_144504.csv] - DEBUG - Despachado a ZMQ -> agent/6/move: {'v': 0.0, 'w': 0.0}
2026-06-02 14:45:30.793 - [robot_6_log_20260602_144504.csv] - DEBUG - Incoming data. Topic {"Wleft":-9.672818e-15,"Wright":-1.669775429e-14}, mensaje 6/pos
2026-06-02 14:45:30.809 - [robot_6_log_20260602_144504.csv] - DEBUG - Incoming data. Topic {"x": 98.71, "y": 123.61, "yaw": 2.443, "timestamp": 1780404330.7890487}, mensaje 6/pos
2026-06-02 14:45:30.819 - [robot_6_log_20260602_144504.csv] - DEBUG - Incoming data. Topic {"x": 98.71, "y": 123.61, "yaw": 2.443, "timestamp": 1780404330.7890487}, mensaje 6/pos
2026-06-02 14:45:30.832 - [robot_6_log_20260602_144504.csv] - WARNING - SISTEMA DESCONECTADO: Parando robot por seguridad
2026-06-02 14:45:30.848 - [robot_6_log_20260602_144504.csv] - DEBUG - Despachado a ZMQ -> agent/6/move: {'v': 0.0, 'w': 0.0}
2026-06-02 14:45:30.848 - [robot_6_log_20260602_144504.csv] - DEBUG - Incoming data. Topic {"x": 98.71, "y": 123.61, "yaw": 2.443, "timestamp": 1780404330.7990222}, mensaje 6/pos
2026-06-02 14:45:30.880 - [robot_6_log_20260602_144504.csv] - DEBUG - Incoming data. Topic {"x": 98.71, "y": 123.61, "yaw": 2.443, "timestamp": 1780404330.7990222}, mensaje agent/6/wheel
2026-06-02 14:45:30.882 - [robot_6_log_20260602_144504.csv] - WARNING - SISTEMA DESCONECTADO: Parando robot por seguridad
2026-06-02 14:45:30.888 - [robot_6_log_20260602_144504.csv] - DEBUG - Incoming data. Topic {"Wleft":-9.672818e-15,"Wright":-1.669775429e-14}, mensaje 6/pos
2026-06-02 14:45:30.898 - [robot_6_log_20260602_144504.csv] - DEBUG - Incoming data. Topic {"x": 98.7, "y": 123.64, "yaw": 2.434, "timestamp": 1780404330.8836792}, mensaje 6/pos
2026-06-02 14:45:30.903 - [robot_6_log_20260602_144504.csv] - DEBUG - Incoming data. Topic {"x": 98.7, "y": 123.64, "yaw": 2.434, "timestamp": 1780404330.8836792}, mensaje 6/pos
2026-06-02 14:45:30.909 - [robot_6_log_20260602_144504.csv] - DEBUG - Despachado a ZMQ -> agent/6/move: {'v': 0.0, 'w': 0.0}
2026-06-02 14:45:30.909 - [robot_6_log_20260602_144504.csv] - DEBUG - Incoming data. Topic {"x": 98.7, "y": 123.64, "yaw": 2.434, "timestamp": 1780404330.894132}, mensaje 6/pos
2026-06-02 14:45:30.932 - [robot_6_log_20260602_144504.csv] - WARNING - SISTEMA DESCONECTADO: Parando robot por seguridad
2026-06-02 14:45:30.937 - [robot_6_log_20260602_144504.csv] - DEBUG - Despachado a ZMQ -> agent/6/move: {'v': 0.0, 'w': 0.0}
2026-06-02 14:45:30.982 - [robot_6_log_20260602_144504.csv] - WARNING - SISTEMA DESCONECTADO: Parando robot por seguridad
2026-06-02 14:45:30.992 - [robot_6_log_20260602_144504.csv] - DEBUG - Despachado a ZMQ -> agent/6/move: {'v': 0.0, 'w': 0.0}
2026-06-02 14:45:30.998 - [robot_6_log_20260602_144504.csv] - DEBUG - Incoming data. Topic {"x": 98.7, "y": 123.64, "yaw": 2.434, "timestamp": 1780404330.894132}, mensaje 6/pos
2026-06-02 14:45:30.998 - [robot_6_log_20260602_144504.csv] - DEBUG - Incoming data. Topic {"x": 98.71, "y": 123.65, "yaw": 2.432, "timestamp": 1780404330.9878335}, mensaje 6/pos
2026-06-02 14:45:31.004 - [robot_6_log_20260602_144504.csv] - DEBUG - Incoming data. Topic {"x": 98.71, "y": 123.65, "yaw": 2.432, "timestamp": 1780404330.9878335}, mensaje 6/pos
2026-06-02 14:45:31.004 - [robot_6_log_20260602_144504.csv] - DEBUG - Incoming data. Topic {"x": 98.71, "y": 123.65, "yaw": 2.432, "timestamp": 1780404330.9997282}, mensaje agent/6/wheel
2026-06-02 14:45:31.032 - [robot_6_log_20260602_144504.csv] - WARNING - SISTEMA DESCONECTADO: Parando robot por seguridad
2026-06-02 14:45:31.043 - [robot_6_log_20260602_144504.csv] - DEBUG - Despachado a ZMQ -> agent/6/move: {'v': 0.0, 'w': 0.0}
2026-06-02 14:45:31.049 - [robot_6_log_20260602_144504.csv] - DEBUG - Incoming data. Topic {"Wleft":-9.672818e-15,"Wright":-1.669775429e-14}, mensaje 6/pos
2026-06-02 14:45:31.073 - [robot_6_log_20260602_144504.csv] - DEBUG - Incoming data. Topic {"x": 98.71, "y": 123.65, "yaw": 2.432, "timestamp": 1780404330.9997282}, mensaje agent/6/wheel
2026-06-02 14:45:31.082 - [robot_6_log_20260602_144504.csv] - WARNING - SISTEMA DESCONECTADO: Parando robot por seguridad
2026-06-02 14:45:31.088 - [robot_6_log_20260602_144504.csv] - DEBUG - Incoming data. Topic {"Wleft":-9.672818e-15,"Wright":-1.669775429e-14}, mensaje 6/pos
2026-06-02 14:45:31.093 - [robot_6_log_20260602_144504.csv] - DEBUG - Incoming data. Topic {"x": 98.71, "y": 123.64, "yaw": 2.438, "timestamp": 1780404331.0837586}, mensaje 6/pos
2026-06-02 14:45:31.093 - [robot_6_log_20260602_144504.csv] - DEBUG - Incoming data. Topic {"x": 98.71, "y": 123.64, "yaw": 2.438, "timestamp": 1780404331.0837586}, mensaje 6/pos
2026-06-02 14:45:31.093 - [robot_6_log_20260602_144504.csv] - DEBUG - Despachado a ZMQ -> agent/6/move: {'v': 0.0, 'w': 0.0}
2026-06-02 14:45:31.094 - [robot_6_log_20260602_144504.csv] - DEBUG - Incoming data. Topic {"x": 98.71, "y": 123.64, "yaw": 2.438, "timestamp": 1780404331.093239}, mensaje 6/pos
2026-06-02 14:45:31.132 - [robot_6_log_20260602_144504.csv] - WARNING - SISTEMA DESCONECTADO: Parando robot por seguridad
2026-06-02 14:45:31.137 - [robot_6_log_20260602_144504.csv] - DEBUG - Despachado a ZMQ -> agent/6/move: {'v': 0.0, 'w': 0.0}
2026-06-02 14:45:31.161 - [robot_6_log_20260602_144504.csv] - DEBUG - Incoming data. Topic {"x": 98.71, "y": 123.64, "yaw": 2.438, "timestamp": 1780404331.093239}, mensaje agent/6/wheel
2026-06-02 14:45:31.182 - [robot_6_log_20260602_144504.csv] - WARNING - SISTEMA DESCONECTADO: Parando robot por seguridad
2026-06-02 14:45:31.188 - [robot_6_log_20260602_144504.csv] - DEBUG - Incoming data. Topic {"Wleft":-9.672818e-15,"Wright":-1.669775429e-14}, mensaje 6/pos
2026-06-02 14:45:31.188 - [robot_6_log_20260602_144504.csv] - DEBUG - Incoming data. Topic {"x": 98.72, "y": 123.63, "yaw": 2.438, "timestamp": 1780404331.1877785}, mensaje 6/pos
2026-06-02 14:45:31.198 - [robot_6_log_20260602_144504.csv] - DEBUG - Despachado a ZMQ -> agent/6/move: {'v': 0.0, 'w': 0.0}
2026-06-02 14:45:31.205 - [robot_6_log_20260602_144504.csv] - DEBUG - Incoming data. Topic {"x": 98.72, "y": 123.63, "yaw": 2.438, "timestamp": 1780404331.1877785}, mensaje 6/pos
2026-06-02 14:45:31.205 - [robot_6_log_20260602_144504.csv] - DEBUG - Incoming data. Topic {"x": 98.72, "y": 123.63, "yaw": 2.438, "timestamp": 1780404331.1996005}, mensaje 6/pos
2026-06-02 14:45:31.232 - [robot_6_log_20260602_144504.csv] - WARNING - SISTEMA DESCONECTADO: Parando robot por seguridad
2026-06-02 14:45:31.253 - [robot_6_log_20260602_144504.csv] - DEBUG - Despachado a ZMQ -> agent/6/move: {'v': 0.0, 'w': 0.0}
2026-06-02 14:45:31.282 - [robot_6_log_20260602_144504.csv] - WARNING - SISTEMA DESCONECTADO: Parando robot por seguridad
2026-06-02 14:45:31.304 - [robot_6_log_20260602_144504.csv] - DEBUG - Incoming data. Topic {"x": 98.72, "y": 123.63, "yaw": 2.438, "timestamp": 1780404331.1996005}, mensaje agent/6/wheel
2026-06-02 14:45:31.304 - [robot_6_log_20260602_144504.csv] - DEBUG - Despachado a ZMQ -> agent/6/move: {'v': 0.0, 'w': 0.0}
2026-06-02 14:45:31.332 - [robot_6_log_20260602_144504.csv] - WARNING - SISTEMA DESCONECTADO: Parando robot por seguridad
2026-06-02 14:45:31.353 - [robot_6_log_20260602_144504.csv] - DEBUG - Despachado a ZMQ -> agent/6/move: {'v': 0.0, 'w': 0.0}
2026-06-02 14:45:31.382 - [robot_6_log_20260602_144504.csv] - WARNING - SISTEMA DESCONECTADO: Parando robot por seguridad
2026-06-02 14:45:31.387 - [robot_6_log_20260602_144504.csv] - DEBUG - Incoming data. Topic {"Wleft":-9.672818e-15,"Wright":-1.669775429e-14}, mensaje agent/6/wheel
2026-06-02 14:45:31.387 - [robot_6_log_20260602_144504.csv] - DEBUG - Despachado a ZMQ -> agent/6/move: {'v': 0.0, 'w': 0.0}
2026-06-02 14:45:31.404 - [robot_6_log_20260602_144504.csv] - DEBUG - Incoming data. Topic {"Wleft":-9.672818e-15,"Wright":-1.669775429e-14}, mensaje 6/pos
2026-06-02 14:45:31.421 - [robot_6_log_20260602_144504.csv] - DEBUG - Incoming data. Topic {"x": 98.7, "y": 123.64, "yaw": 2.433, "timestamp": 1780404331.392151}, mensaje 6/pos
2026-06-02 14:45:31.432 - [robot_6_log_20260602_144504.csv] - WARNING - SISTEMA DESCONECTADO: Parando robot por seguridad
2026-06-02 14:45:31.432 - [robot_6_log_20260602_144504.csv] - DEBUG - Incoming data. Topic {"x": 98.7, "y": 123.64, "yaw": 2.433, "timestamp": 1780404331.392151}, mensaje 6/pos
2026-06-02 14:45:31.447 - [robot_6_log_20260602_144504.csv] - DEBUG - Incoming data. Topic {"x": 98.7, "y": 123.64, "yaw": 2.433, "timestamp": 1780404331.4012082}, mensaje 6/pos
2026-06-02 14:45:31.458 - [robot_6_log_20260602_144504.csv] - DEBUG - Despachado a ZMQ -> agent/6/move: {'v': 0.0, 'w': 0.0}
2026-06-02 14:45:31.482 - [robot_6_log_20260602_144504.csv] - WARNING - SISTEMA DESCONECTADO: Parando robot por seguridad
2026-06-02 14:45:31.487 - [robot_6_log_20260602_144504.csv] - DEBUG - Incoming data. Topic {"x": 98.7, "y": 123.64, "yaw": 2.433, "timestamp": 1780404331.4012082}, mensaje 6/pos
2026-06-02 14:45:31.498 - [robot_6_log_20260602_144504.csv] - DEBUG - Incoming data. Topic {"x": 98.7, "y": 123.64, "yaw": 2.433, "timestamp": 1780404331.4835021}, mensaje 6/pos
2026-06-02 14:45:31.503 - [robot_6_log_20260602_144504.csv] - DEBUG - Incoming data. Topic {"x": 98.7, "y": 123.64, "yaw": 2.433, "timestamp": 1780404331.4835021}, mensaje 6/pos
2026-06-02 14:45:31.508 - [robot_6_log_20260602_144504.csv] - DEBUG - Despachado a ZMQ -> agent/6/move: {'v': 0.0, 'w': 0.0}
2026-06-02 14:45:31.508 - [robot_6_log_20260602_144504.csv] - DEBUG - Incoming data. Topic {"x": 98.7, "y": 123.64, "yaw": 2.433, "timestamp": 1780404331.4932222}, mensaje 6/pos
2026-06-02 14:45:31.532 - [robot_6_log_20260602_144504.csv] - WARNING - SISTEMA DESCONECTADO: Parando robot por seguridad
2026-06-02 14:45:31.547 - [robot_6_log_20260602_144504.csv] - DEBUG - Despachado a ZMQ -> agent/6/move: {'v': 0.0, 'w': 0.0}
2026-06-02 14:45:31.548 - [robot_6_log_20260602_144504.csv] - DEBUG - Incoming data. Topic {"x": 98.7, "y": 123.64, "yaw": 2.433, "timestamp": 1780404331.4932222}, mensaje agent/6/wheel
2026-06-02 14:45:31.578 - [robot_6_log_20260602_144504.csv] - DEBUG - Incoming data. Topic {"Wleft":-9.672818e-15,"Wright":-1.669775429e-14}, mensaje agent/6/wheel
2026-06-02 14:45:31.582 - [robot_6_log_20260602_144504.csv] - WARNING - SISTEMA DESCONECTADO: Parando robot por seguridad
2026-06-02 14:45:31.603 - [robot_6_log_20260602_144504.csv] - DEBUG - Despachado a ZMQ -> agent/6/move: {'v': 0.0, 'w': 0.0}
2026-06-02 14:45:31.632 - [robot_6_log_20260602_144504.csv] - WARNING - SISTEMA DESCONECTADO: Parando robot por seguridad
2026-06-02 14:45:31.643 - [robot_6_log_20260602_144504.csv] - DEBUG - Despachado a ZMQ -> agent/6/move: {'v': 0.0, 'w': 0.0}
2026-06-02 14:45:31.682 - [robot_6_log_20260602_144504.csv] - WARNING - SISTEMA DESCONECTADO: Parando robot por seguridad
2026-06-02 14:45:31.693 - [robot_6_log_20260602_144504.csv] - DEBUG - Incoming data. Topic {"Wleft":-9.672818e-15,"Wright":-1.669775429e-14}, mensaje 6/pos
2026-06-02 14:45:31.694 - [robot_6_log_20260602_144504.csv] - DEBUG - Incoming data. Topic {"x": 98.7, "y": 123.63, "yaw": 2.433, "timestamp": 1780404331.6829295}, mensaje agent/6/wheel
2026-06-02 14:45:31.704 - [robot_6_log_20260602_144504.csv] - DEBUG - Despachado a ZMQ -> agent/6/move: {'v': 0.0, 'w': 0.0}
2026-06-02 14:45:31.704 - [robot_6_log_20260602_144504.csv] - DEBUG - Incoming data. Topic {"Wleft":-9.672818e-15,"Wright":-1.669775429e-14}, mensaje 6/pos
2026-06-02 14:45:31.721 - [robot_6_log_20260602_144504.csv] - DEBUG - Incoming data. Topic {"x": 98.7, "y": 123.63, "yaw": 2.433, "timestamp": 1780404331.6937563}, mensaje 6/pos
2026-06-02 14:45:31.721 - [robot_6_log_20260602_144504.csv] - DEBUG - Incoming data. Topic {"x": 98.7, "y": 123.63, "yaw": 2.433, "timestamp": 1780404331.6829295}, mensaje 6/pos
2026-06-02 14:45:31.732 - [robot_6_log_20260602_144504.csv] - WARNING - SISTEMA DESCONECTADO: Parando robot por seguridad
2026-06-02 14:45:31.744 - [robot_6_log_20260602_144504.csv] - DEBUG - Despachado a ZMQ -> agent/6/move: {'v': 0.0, 'w': 0.0}
2026-06-02 14:45:31.780 - [robot_6_log_20260602_144504.csv] - DEBUG - Incoming data. Topic {"x": 98.7, "y": 123.63, "yaw": 2.433, "timestamp": 1780404331.6937563}, mensaje agent/6/wheel
2026-06-02 14:45:31.782 - [robot_6_log_20260602_144504.csv] - WARNING - SISTEMA DESCONECTADO: Parando robot por seguridad
2026-06-02 14:45:31.803 - [robot_6_log_20260602_144504.csv] - DEBUG - Despachado a ZMQ -> agent/6/move: {'v': 0.0, 'w': 0.0}
2026-06-02 14:45:31.832 - [robot_6_log_20260602_144504.csv] - WARNING - SISTEMA DESCONECTADO: Parando robot por seguridad
2026-06-02 14:45:31.854 - [robot_6_log_20260602_144504.csv] - DEBUG - Despachado a ZMQ -> agent/6/move: {'v': 0.0, 'w': 0.0}
2026-06-02 14:45:31.882 - [robot_6_log_20260602_144504.csv] - WARNING - SISTEMA DESCONECTADO: Parando robot por seguridad
2026-06-02 14:45:31.898 - [robot_6_log_20260602_144504.csv] - DEBUG - Despachado a ZMQ -> agent/6/move: {'v': 0.0, 'w': 0.0}
2026-06-02 14:45:31.898 - [robot_6_log_20260602_144504.csv] - DEBUG - Incoming data. Topic {"Wleft":-9.672818e-15,"Wright":-1.669775429e-14}, mensaje 6/pos
2026-06-02 14:45:31.929 - [robot_6_log_20260602_144504.csv] - DEBUG - Incoming data. Topic {"x": 98.72, "y": 123.63, "yaw": 2.439, "timestamp": 1780404331.882954}, mensaje agent/6/wheel
2026-06-02 14:45:31.932 - [robot_6_log_20260602_144504.csv] - WARNING - SISTEMA DESCONECTADO: Parando robot por seguridad
2026-06-02 14:45:31.942 - [robot_6_log_20260602_144504.csv] - DEBUG - Incoming data. Topic {"Wleft":-9.672818e-15,"Wright":-1.669775429e-14}, mensaje 6/pos
2026-06-02 14:45:31.947 - [robot_6_log_20260602_144504.csv] - DEBUG - Despachado a ZMQ -> agent/6/move: {'v': 0.0, 'w': 0.0}
2026-06-02 14:45:31.953 - [robot_6_log_20260602_144504.csv] - DEBUG - Incoming data. Topic {"x": 98.72, "y": 123.63, "yaw": 2.439, "timestamp": 1780404331.8922634}, mensaje 6/pos
2026-06-02 14:45:31.953 - [robot_6_log_20260602_144504.csv] - DEBUG - Incoming data. Topic {"x": 98.72, "y": 123.63, "yaw": 2.439, "timestamp": 1780404331.882954}, mensaje 6/pos
2026-06-02 14:45:31.982 - [robot_6_log_20260602_144504.csv] - WARNING - SISTEMA DESCONECTADO: Parando robot por seguridad
2026-06-02 14:45:31.988 - [robot_6_log_20260602_144504.csv] - DEBUG - Incoming data. Topic {"x": 98.72, "y": 123.63, "yaw": 2.439, "timestamp": 1780404331.8922634}, mensaje 6/pos
2026-06-02 14:45:31.988 - [robot_6_log_20260602_144504.csv] - DEBUG - Incoming data. Topic {"x": 98.71, "y": 123.63, "yaw": 2.44, "timestamp": 1780404331.9857051}, mensaje 6/pos
2026-06-02 14:45:31.999 - [robot_6_log_20260602_144504.csv] - DEBUG - Incoming data. Topic {"x": 98.71, "y": 123.63, "yaw": 2.44, "timestamp": 1780404331.9857051}, mensaje 6/pos
2026-06-02 14:45:32.004 - [robot_6_log_20260602_144504.csv] - DEBUG - Incoming data. Topic {"x": 98.71, "y": 123.63, "yaw": 2.44, "timestamp": 1780404331.995054}, mensaje 6/pos
2026-06-02 14:45:32.014 - [robot_6_log_20260602_144504.csv] - DEBUG - Despachado a ZMQ -> agent/6/move: {'v': 0.0, 'w': 0.0}
2026-06-02 14:45:32.032 - [robot_6_log_20260602_144504.csv] - WARNING - SISTEMA DESCONECTADO: Parando robot por seguridad
2026-06-02 14:45:32.037 - [robot_6_log_20260602_144504.csv] - DEBUG - Despachado a ZMQ -> agent/6/move: {'v': 0.0, 'w': 0.0}
2026-06-02 14:45:32.043 - [robot_6_log_20260602_144504.csv] - DEBUG - Incoming data. Topic {"x": 98.71, "y": 123.63, "yaw": 2.44, "timestamp": 1780404331.995054}, mensaje agent/6/wheel
2026-06-02 14:45:32.082 - [robot_6_log_20260602_144504.csv] - WARNING - SISTEMA DESCONECTADO: Parando robot por seguridad
2026-06-02 14:45:32.088 - [robot_6_log_20260602_144504.csv] - DEBUG - Incoming data. Topic {"Wleft":-9.672818e-15,"Wright":-1.669775429e-14}, mensaje 6/pos
2026-06-02 14:45:32.088 - [robot_6_log_20260602_144504.csv] - DEBUG - Incoming data. Topic {"x": 98.71, "y": 123.63, "yaw": 2.434, "timestamp": 1780404332.0842571}, mensaje agent/6/wheel
2026-06-02 14:45:32.094 - [robot_6_log_20260602_144504.csv] - DEBUG - Despachado a ZMQ -> agent/6/move: {'v': 0.0, 'w': 0.0}
2026-06-02 14:45:32.099 - [robot_6_log_20260602_144504.csv] - DEBUG - Incoming data. Topic {"Wleft":-9.672818e-15,"Wright":-1.669775429e-14}, mensaje 6/pos
2026-06-02 14:45:32.104 - [robot_6_log_20260602_144504.csv] - DEBUG - Incoming data. Topic {"x": 98.71, "y": 123.63, "yaw": 2.434, "timestamp": 1780404332.0842571}, mensaje 6/pos
2026-06-02 14:45:32.132 - [robot_6_log_20260602_144504.csv] - WARNING - SISTEMA DESCONECTADO: Parando robot por seguridad
2026-06-02 14:45:32.138 - [robot_6_log_20260602_144504.csv] - DEBUG - Incoming data. Topic {"x": 98.71, "y": 123.63, "yaw": 2.434, "timestamp": 1780404332.0943282}, mensaje 6/pos
2026-06-02 14:45:32.138 - [robot_6_log_20260602_144504.csv] - DEBUG - Despachado a ZMQ -> agent/6/move: {'v': 0.0, 'w': 0.0}
2026-06-02 14:45:32.179 - [robot_6_log_20260602_144504.csv] - DEBUG - Incoming data. Topic {"x": 98.71, "y": 123.63, "yaw": 2.434, "timestamp": 1780404332.0943282}, mensaje agent/6/wheel
2026-06-02 14:45:32.182 - [robot_6_log_20260602_144504.csv] - WARNING - SISTEMA DESCONECTADO: Parando robot por seguridad
2026-06-02 14:45:32.199 - [robot_6_log_20260602_144504.csv] - DEBUG - Despachado a ZMQ -> agent/6/move: {'v': 0.0, 'w': 0.0}
2026-06-02 14:45:32.199 - [robot_6_log_20260602_144504.csv] - DEBUG - Incoming data. Topic {"Wleft":-9.672818e-15,"Wright":-1.669775429e-14}, mensaje 6/pos
2026-06-02 14:45:32.226 - [robot_6_log_20260602_144504.csv] - DEBUG - Incoming data. Topic {"x": 98.71, "y": 123.64, "yaw": 2.438, "timestamp": 1780404332.1885107}, mensaje 6/pos
2026-06-02 14:45:32.226 - [robot_6_log_20260602_144504.csv] - DEBUG - Incoming data. Topic {"x": 98.71, "y": 123.64, "yaw": 2.438, "timestamp": 1780404332.1885107}, mensaje 6/pos
2026-06-02 14:45:32.226 - [robot_6_log_20260602_144504.csv] - DEBUG - Incoming data. Topic {"x": 98.71, "y": 123.64, "yaw": 2.438, "timestamp": 1780404332.1983466}, mensaje 6/pos
2026-06-02 14:45:32.232 - [robot_6_log_20260602_144504.csv] - WARNING - SISTEMA DESCONECTADO: Parando robot por seguridad
2026-06-02 14:45:32.243 - [robot_6_log_20260602_144504.csv] - DEBUG - Despachado a ZMQ -> agent/6/move: {'v': 0.0, 'w': 0.0}
2026-06-02 14:45:32.282 - [robot_6_log_20260602_144504.csv] - WARNING - SISTEMA DESCONECTADO: Parando robot por seguridad
2026-06-02 14:45:32.293 - [robot_6_log_20260602_144504.csv] - DEBUG - Despachado a ZMQ -> agent/6/move: {'v': 0.0, 'w': 0.0}
2026-06-02 14:45:32.299 - [robot_6_log_20260602_144504.csv] - DEBUG - Incoming data. Topic {"x": 98.71, "y": 123.64, "yaw": 2.438, "timestamp": 1780404332.1983466}, mensaje agent/6/wheel
2026-06-02 14:45:32.332 - [robot_6_log_20260602_144504.csv] - WARNING - SISTEMA DESCONECTADO: Parando robot por seguridad
2026-06-02 14:45:32.342 - [robot_6_log_20260602_144504.csv] - DEBUG - Despachado a ZMQ -> agent/6/move: {'v': 0.0, 'w': 0.0}
2026-06-02 14:45:32.382 - [robot_6_log_20260602_144504.csv] - WARNING - SISTEMA DESCONECTADO: Parando robot por seguridad
2026-06-02 14:45:32.388 - [robot_6_log_20260602_144504.csv] - DEBUG - Incoming data. Topic {"Wleft":-9.672818e-15,"Wright":-1.669775429e-14}, mensaje 6/pos
2026-06-02 14:45:32.398 - [robot_6_log_20260602_144504.csv] - DEBUG - Incoming data. Topic {"x": 98.72, "y": 123.63, "yaw": 2.438, "timestamp": 1780404332.385659}, mensaje agent/6/wheel
2026-06-02 14:45:32.409 - [robot_6_log_20260602_144504.csv] - DEBUG - Despachado a ZMQ -> agent/6/move: {'v': 0.0, 'w': 0.0}
2026-06-02 14:45:32.414 - [robot_6_log_20260602_144504.csv] - DEBUG - Incoming data. Topic {"Wleft":-9.672818e-15,"Wright":-1.669775429e-14}, mensaje 6/pos
2026-06-02 14:45:32.414 - [robot_6_log_20260602_144504.csv] - DEBUG - Incoming data. Topic {"x": 98.72, "y": 123.63, "yaw": 2.438, "timestamp": 1780404332.395373}, mensaje 6/pos
2026-06-02 14:45:32.419 - [robot_6_log_20260602_144504.csv] - DEBUG - Incoming data. Topic {"x": 98.72, "y": 123.63, "yaw": 2.438, "timestamp": 1780404332.385659}, mensaje 6/pos
2026-06-02 14:45:32.432 - [robot_6_log_20260602_144504.csv] - WARNING - SISTEMA DESCONECTADO: Parando robot por seguridad
2026-06-02 14:45:32.453 - [robot_6_log_20260602_144504.csv] - DEBUG - Despachado a ZMQ -> agent/6/move: {'v': 0.0, 'w': 0.0}
2026-06-02 14:45:32.482 - [robot_6_log_20260602_144504.csv] - WARNING - SISTEMA DESCONECTADO: Parando robot por seguridad
2026-06-02 14:45:32.482 - [robot_6_log_20260602_144504.csv] - DEBUG - Incoming data. Topic {"x": 98.72, "y": 123.63, "yaw": 2.438, "timestamp": 1780404332.395373}, mensaje 6/pos
2026-06-02 14:45:32.497 - [robot_6_log_20260602_144504.csv] - DEBUG - Incoming data. Topic {"x": 98.7, "y": 123.63, "yaw": 2.433, "timestamp": 1780404332.4812388}, mensaje 6/pos
2026-06-02 14:45:32.502 - [robot_6_log_20260602_144504.csv] - DEBUG - Incoming data. Topic {"x": 98.7, "y": 123.63, "yaw": 2.433, "timestamp": 1780404332.4812388}, mensaje 6/pos
2026-06-02 14:45:32.508 - [robot_6_log_20260602_144504.csv] - DEBUG - Despachado a ZMQ -> agent/6/move: {'v': 0.0, 'w': 0.0}
2026-06-02 14:45:32.508 - [robot_6_log_20260602_144504.csv] - DEBUG - Incoming data. Topic {"x": 98.7, "y": 123.63, "yaw": 2.433, "timestamp": 1780404332.4923234}, mensaje 6/pos
2026-06-02 14:45:32.532 - [robot_6_log_20260602_144504.csv] - WARNING - SISTEMA DESCONECTADO: Parando robot por seguridad
2026-06-02 14:45:32.552 - [robot_6_log_20260602_144504.csv] - DEBUG - Despachado a ZMQ -> agent/6/move: {'v': 0.0, 'w': 0.0}
2026-06-02 14:45:32.552 - [robot_6_log_20260602_144504.csv] - DEBUG - Incoming data. Topic {"x": 98.7, "y": 123.63, "yaw": 2.433, "timestamp": 1780404332.4923234}, mensaje agent/6/wheel
2026-06-02 14:45:32.582 - [robot_6_log_20260602_144504.csv] - WARNING - SISTEMA DESCONECTADO: Parando robot por seguridad
2026-06-02 14:45:32.588 - [robot_6_log_20260602_144504.csv] - DEBUG - Incoming data. Topic {"Wleft":-9.672818e-15,"Wright":-1.669775429e-14}, mensaje 6/pos
2026-06-02 14:45:32.588 - [robot_6_log_20260602_144504.csv] - DEBUG - Incoming data. Topic {"x": 98.72, "y": 123.63, "yaw": 2.436, "timestamp": 1780404332.5854986}, mensaje 6/pos
2026-06-02 14:45:32.593 - [robot_6_log_20260602_144504.csv] - DEBUG - Despachado a ZMQ -> agent/6/move: {'v': 0.0, 'w': 0.0}
2026-06-02 14:45:32.599 - [robot_6_log_20260602_144504.csv] - DEBUG - Incoming data. Topic {"x": 98.72, "y": 123.63, "yaw": 2.436, "timestamp": 1780404332.5854986}, mensaje agent/6/wheel
2026-06-02 14:45:32.604 - [robot_6_log_20260602_144504.csv] - DEBUG - Incoming data. Topic {"Wleft":-9.672818e-15,"Wright":-1.669775429e-14}, mensaje 6/pos
2026-06-02 14:45:32.632 - [robot_6_log_20260602_144504.csv] - WARNING - SISTEMA DESCONECTADO: Parando robot por seguridad
2026-06-02 14:45:32.638 - [robot_6_log_20260602_144504.csv] - DEBUG - Incoming data. Topic {"x": 98.72, "y": 123.63, "yaw": 2.436, "timestamp": 1780404332.5953488}, mensaje 6/pos
2026-06-02 14:45:32.644 - [robot_6_log_20260602_144504.csv] - DEBUG - Despachado a ZMQ -> agent/6/move: {'v': 0.0, 'w': 0.0}
2026-06-02 14:45:32.682 - [robot_6_log_20260602_144504.csv] - WARNING - SISTEMA DESCONECTADO: Parando robot por seguridad
2026-06-02 14:45:32.687 - [robot_6_log_20260602_144504.csv] - DEBUG - Incoming data. Topic {"x": 98.72, "y": 123.63, "yaw": 2.436, "timestamp": 1780404332.5953488}, mensaje 6/pos
2026-06-02 14:45:32.693 - [robot_6_log_20260602_144504.csv] - DEBUG - Despachado a ZMQ -> agent/6/move: {'v': 0.0, 'w': 0.0}
2026-06-02 14:45:32.704 - [robot_6_log_20260602_144504.csv] - DEBUG - Incoming data. Topic {"x": 98.72, "y": 123.62, "yaw": 2.438, "timestamp": 1780404332.6850057}, mensaje 6/pos
2026-06-02 14:45:32.714 - [robot_6_log_20260602_144504.csv] - DEBUG - Incoming data. Topic {"x": 98.72, "y": 123.62, "yaw": 2.438, "timestamp": 1780404332.6850057}, mensaje 6/pos
2026-06-02 14:45:32.714 - [robot_6_log_20260602_144504.csv] - DEBUG - Incoming data. Topic {"x": 98.72, "y": 123.62, "yaw": 2.438, "timestamp": 1780404332.6984534}, mensaje 6/pos
2026-06-02 14:45:32.732 - [robot_6_log_20260602_144504.csv] - WARNING - SISTEMA DESCONECTADO: Parando robot por seguridad
2026-06-02 14:45:32.737 - [robot_6_log_20260602_144504.csv] - DEBUG - Despachado a ZMQ -> agent/6/move: {'v': 0.0, 'w': 0.0}
2026-06-02 14:45:32.759 - [robot_6_log_20260602_144504.csv] - DEBUG - Incoming data. Topic {"x": 98.72, "y": 123.62, "yaw": 2.438, "timestamp": 1780404332.6984534}, mensaje agent/6/wheel
2026-06-02 14:45:32.782 - [robot_6_log_20260602_144504.csv] - WARNING - SISTEMA DESCONECTADO: Parando robot por seguridad
2026-06-02 14:45:32.794 - [robot_6_log_20260602_144504.csv] - DEBUG - Despachado a ZMQ -> agent/6/move: {'v': 0.0, 'w': 0.0}
2026-06-02 14:45:32.794 - [robot_6_log_20260602_144504.csv] - DEBUG - Incoming data. Topic {"Wleft":-9.672818e-15,"Wright":-1.669775429e-14}, mensaje 6/pos
2026-06-02 14:45:32.804 - [robot_6_log_20260602_144504.csv] - DEBUG - Incoming data. Topic {"x": 98.72, "y": 123.63, "yaw": 2.438, "timestamp": 1780404332.789047}, mensaje 6/pos
2026-06-02 14:45:32.809 - [robot_6_log_20260602_144504.csv] - DEBUG - Incoming data. Topic {"x": 98.72, "y": 123.63, "yaw": 2.438, "timestamp": 1780404332.789047}, mensaje 6/pos
2026-06-02 14:45:32.814 - [robot_6_log_20260602_144504.csv] - DEBUG - Incoming data. Topic {"x": 98.72, "y": 123.63, "yaw": 2.438, "timestamp": 1780404332.8009455}, mensaje agent/6/wheel
2026-06-02 14:45:32.832 - [robot_6_log_20260602_144504.csv] - WARNING - SISTEMA DESCONECTADO: Parando robot por seguridad
2026-06-02 14:45:32.849 - [robot_6_log_20260602_144504.csv] - DEBUG - Despachado a ZMQ -> agent/6/move: {'v': 0.0, 'w': 0.0}
2026-06-02 14:45:32.849 - [robot_6_log_20260602_144504.csv] - DEBUG - Incoming data. Topic {"Wleft":-9.672818e-15,"Wright":-1.669775429e-14}, mensaje 6/pos
2026-06-02 14:45:32.882 - [robot_6_log_20260602_144504.csv] - WARNING - SISTEMA DESCONECTADO: Parando robot por seguridad
2026-06-02 14:45:32.888 - [robot_6_log_20260602_144504.csv] - DEBUG - Incoming data. Topic {"x": 98.72, "y": 123.63, "yaw": 2.438, "timestamp": 1780404332.8009455}, mensaje 6/pos
2026-06-02 14:45:32.903 - [robot_6_log_20260602_144504.csv] - DEBUG - Despachado a ZMQ -> agent/6/move: {'v': 0.0, 'w': 0.0}
2026-06-02 14:45:32.903 - [robot_6_log_20260602_144504.csv] - DEBUG - Incoming data. Topic {"x": 98.71, "y": 123.63, "yaw": 2.434, "timestamp": 1780404332.8832421}, mensaje 6/pos
2026-06-02 14:45:32.930 - [robot_6_log_20260602_144504.csv] - DEBUG - Incoming data. Topic {"x": 98.71, "y": 123.63, "yaw": 2.434, "timestamp": 1780404332.8832421}, mensaje 6/pos
2026-06-02 14:45:32.932 - [robot_6_log_20260602_144504.csv] - WARNING - SISTEMA DESCONECTADO: Parando robot por seguridad
2026-06-02 14:45:32.932 - [robot_6_log_20260602_144504.csv] - DEBUG - Incoming data. Topic {"x": 98.71, "y": 123.63, "yaw": 2.434, "timestamp": 1780404332.8945072}, mensaje 6/pos
2026-06-02 14:45:32.945 - [robot_6_log_20260602_144504.csv] - DEBUG - Incoming data. Topic {"x": 98.71, "y": 123.63, "yaw": 2.434, "timestamp": 1780404332.8945072}, mensaje agent/6/wheel
2026-06-02 14:45:32.945 - [robot_6_log_20260602_144504.csv] - DEBUG - Despachado a ZMQ -> agent/6/move: {'v': 0.0, 'w': 0.0}
2026-06-02 14:45:32.982 - [robot_6_log_20260602_144504.csv] - WARNING - SISTEMA DESCONECTADO: Parando robot por seguridad
2026-06-02 14:45:32.989 - [robot_6_log_20260602_144504.csv] - DEBUG - Incoming data. Topic {"Wleft":-9.672818e-15,"Wright":-1.669775429e-14}, mensaje 6/pos
2026-06-02 14:45:32.999 - [robot_6_log_20260602_144504.csv] - DEBUG - Despachado a ZMQ -> agent/6/move: {'v': 0.0, 'w': 0.0}
2026-06-02 14:45:33.004 - [robot_6_log_20260602_144504.csv] - DEBUG - Incoming data. Topic {"x": 98.72, "y": 123.63, "yaw": 2.438, "timestamp": 1780404332.9876196}, mensaje 6/pos
2026-06-02 14:45:33.025 - [robot_6_log_20260602_144504.csv] - DEBUG - Incoming data. Topic {"x": 98.72, "y": 123.63, "yaw": 2.438, "timestamp": 1780404332.9876196}, mensaje 6/pos
2026-06-02 14:45:33.032 - [robot_6_log_20260602_144504.csv] - WARNING - SISTEMA DESCONECTADO: Parando robot por seguridad
2026-06-02 14:45:33.043 - [robot_6_log_20260602_144504.csv] - DEBUG - Incoming data. Topic {"x": 98.72, "y": 123.63, "yaw": 2.438, "timestamp": 1780404332.9976087}, mensaje 6/pos
2026-06-02 14:45:33.043 - [robot_6_log_20260602_144504.csv] - DEBUG - Despachado a ZMQ -> agent/6/move: {'v': 0.0, 'w': 0.0}
2026-06-02 14:45:33.074 - [robot_6_log_20260602_144504.csv] - DEBUG - Incoming data. Topic {"x": 98.72, "y": 123.63, "yaw": 2.438, "timestamp": 1780404332.9976087}, mensaje agent/6/wheel
2026-06-02 14:45:33.082 - [robot_6_log_20260602_144504.csv] - WARNING - SISTEMA DESCONECTADO: Parando robot por seguridad
2026-06-02 14:45:33.089 - [robot_6_log_20260602_144504.csv] - DEBUG - Despachado a ZMQ -> agent/6/move: {'v': 0.0, 'w': 0.0}
2026-06-02 14:45:33.089 - [robot_6_log_20260602_144504.csv] - DEBUG - Incoming data. Topic {"Wleft":-9.672818e-15,"Wright":-1.669775429e-14}, mensaje 6/pos
2026-06-02 14:45:33.095 - [robot_6_log_20260602_144504.csv] - DEBUG - Incoming data. Topic {"x": 98.71, "y": 123.63, "yaw": 2.434, "timestamp": 1780404333.0844612}, mensaje 6/pos
2026-06-02 14:45:33.100 - [robot_6_log_20260602_144504.csv] - DEBUG - Incoming data. Topic {"x": 98.71, "y": 123.63, "yaw": 2.434, "timestamp": 1780404333.0844612}, mensaje 6/pos
2026-06-02 14:45:33.100 - [robot_6_log_20260602_144504.csv] - DEBUG - Incoming data. Topic {"x": 98.71, "y": 123.63, "yaw": 2.434, "timestamp": 1780404333.0968356}, mensaje 6/pos
2026-06-02 14:45:33.132 - [robot_6_log_20260602_144504.csv] - WARNING - SISTEMA DESCONECTADO: Parando robot por seguridad
2026-06-02 14:45:33.144 - [robot_6_log_20260602_144504.csv] - DEBUG - Incoming data. Topic {"x": 98.71, "y": 123.63, "yaw": 2.434, "timestamp": 1780404333.0968356}, mensaje agent/6/wheel
2026-06-02 14:45:33.149 - [robot_6_log_20260602_144504.csv] - DEBUG - Despachado a ZMQ -> agent/6/move: {'v': 0.0, 'w': 0.0}
2026-06-02 14:45:33.182 - [robot_6_log_20260602_144504.csv] - WARNING - SISTEMA DESCONECTADO: Parando robot por seguridad
2026-06-02 14:45:33.194 - [robot_6_log_20260602_144504.csv] - DEBUG - Incoming data. Topic {"Wleft":-9.672818e-15,"Wright":-1.669775429e-14}, mensaje 6/pos
2026-06-02 14:45:33.199 - [robot_6_log_20260602_144504.csv] - DEBUG - Despachado a ZMQ -> agent/6/move: {'v': 0.0, 'w': 0.0}
2026-06-02 14:45:33.219 - [robot_6_log_20260602_144504.csv] - DEBUG - Incoming data. Topic {"x": 98.72, "y": 123.63, "yaw": 2.439, "timestamp": 1780404333.18902}, mensaje 6/pos
2026-06-02 14:45:33.232 - [robot_6_log_20260602_144504.csv] - WARNING - SISTEMA DESCONECTADO: Parando robot por seguridad
2026-06-02 14:45:33.238 - [robot_6_log_20260602_144504.csv] - DEBUG - Incoming data. Topic {"x": 98.72, "y": 123.63, "yaw": 2.439, "timestamp": 1780404333.18902}, mensaje 6/pos
2026-06-02 14:45:33.243 - [robot_6_log_20260602_144504.csv] - DEBUG - Incoming data. Topic {"x": 98.72, "y": 123.63, "yaw": 2.439, "timestamp": 1780404333.2011876}, mensaje 6/pos
2026-06-02 14:45:33.248 - [robot_6_log_20260602_144504.csv] - DEBUG - Incoming data. Topic {"x": 98.72, "y": 123.63, "yaw": 2.439, "timestamp": 1780404333.2011876}, mensaje agent/6/wheel
2026-06-02 14:45:33.258 - [robot_6_log_20260602_144504.csv] - DEBUG - Despachado a ZMQ -> agent/6/move: {'v': 0.0, 'w': 0.0}
2026-06-02 14:45:33.282 - [robot_6_log_20260602_144504.csv] - WARNING - SISTEMA DESCONECTADO: Parando robot por seguridad
2026-06-02 14:45:33.282 - [robot_6_log_20260602_144504.csv] - DEBUG - Incoming data. Topic {"Wleft":-9.672818e-15,"Wright":-1.669775429e-14}, mensaje 6/pos
2026-06-02 14:45:33.298 - [robot_6_log_20260602_144504.csv] - DEBUG - Despachado a ZMQ -> agent/6/move: {'v': 0.0, 'w': 0.0}
2026-06-02 14:45:33.303 - [robot_6_log_20260602_144504.csv] - DEBUG - Incoming data. Topic {"x": 98.72, "y": 123.63, "yaw": 2.438, "timestamp": 1780404333.2822409}, mensaje 6/pos
2026-06-02 14:45:33.329 - [robot_6_log_20260602_144504.csv] - DEBUG - Incoming data. Topic {"x": 98.72, "y": 123.63, "yaw": 2.438, "timestamp": 1780404333.2822409}, mensaje 6/pos
2026-06-02 14:45:33.332 - [robot_6_log_20260602_144504.csv] - WARNING - SISTEMA DESCONECTADO: Parando robot por seguridad
2026-06-02 14:45:33.337 - [robot_6_log_20260602_144504.csv] - DEBUG - Incoming data. Topic {"x": 98.72, "y": 123.63, "yaw": 2.438, "timestamp": 1780404333.292313}, mensaje 6/pos
2026-06-02 14:45:33.348 - [robot_6_log_20260602_144504.csv] - DEBUG - Incoming data. Topic {"x": 98.72, "y": 123.63, "yaw": 2.438, "timestamp": 1780404333.292313}, mensaje agent/6/wheel
2026-06-02 14:45:33.363 - [robot_6_log_20260602_144504.csv] - DEBUG - Despachado a ZMQ -> agent/6/move: {'v': 0.0, 'w': 0.0}
2026-06-02 14:45:33.382 - [robot_6_log_20260602_144504.csv] - WARNING - SISTEMA DESCONECTADO: Parando robot por seguridad
2026-06-02 14:45:33.389 - [robot_6_log_20260602_144504.csv] - DEBUG - Incoming data. Topic {"Wleft":-9.672818e-15,"Wright":-1.669775429e-14}, mensaje 6/pos
2026-06-02 14:45:33.389 - [robot_6_log_20260602_144504.csv] - DEBUG - Incoming data. Topic {"x": 98.7, "y": 123.63, "yaw": 2.433, "timestamp": 1780404333.3877115}, mensaje 6/pos
2026-06-02 14:45:33.394 - [robot_6_log_20260602_144504.csv] - DEBUG - Despachado a ZMQ -> agent/6/move: {'v': 0.0, 'w': 0.0}
2026-06-02 14:45:33.405 - [robot_6_log_20260602_144504.csv] - DEBUG - Incoming data. Topic {"x": 98.7, "y": 123.63, "yaw": 2.433, "timestamp": 1780404333.3877115}, mensaje 6/pos
2026-06-02 14:45:33.410 - [robot_6_log_20260602_144504.csv] - DEBUG - Incoming data. Topic {"x": 98.7, "y": 123.63, "yaw": 2.433, "timestamp": 1780404333.3979075}, mensaje 6/pos
2026-06-02 14:45:33.432 - [robot_6_log_20260602_144504.csv] - WARNING - SISTEMA DESCONECTADO: Parando robot por seguridad
2026-06-02 14:45:33.444 - [robot_6_log_20260602_144504.csv] - DEBUG - Incoming data. Topic {"x": 98.7, "y": 123.63, "yaw": 2.433, "timestamp": 1780404333.3979075}, mensaje agent/6/wheel
2026-06-02 14:45:33.464 - [robot_6_log_20260602_144504.csv] - DEBUG - Despachado a ZMQ -> agent/6/move: {'v': 0.0, 'w': 0.0}
2026-06-02 14:45:33.482 - [robot_6_log_20260602_144504.csv] - WARNING - SISTEMA DESCONECTADO: Parando robot por seguridad
2026-06-02 14:45:33.489 - [robot_6_log_20260602_144504.csv] - DEBUG - Incoming data. Topic {"Wleft":-9.672818e-15,"Wright":-1.669775429e-14}, mensaje 6/pos
2026-06-02 14:45:33.499 - [robot_6_log_20260602_144504.csv] - DEBUG - Incoming data. Topic {"x": 98.71, "y": 123.64, "yaw": 2.436, "timestamp": 1780404333.4843664}, mensaje 6/pos
2026-06-02 14:45:33.504 - [robot_6_log_20260602_144504.csv] - DEBUG - Incoming data. Topic {"x": 98.71, "y": 123.64, "yaw": 2.436, "timestamp": 1780404333.4843664}, mensaje 6/pos
2026-06-02 14:45:33.509 - [robot_6_log_20260602_144504.csv] - DEBUG - Incoming data. Topic {"x": 98.71, "y": 123.64, "yaw": 2.436, "timestamp": 1780404333.496136}, mensaje 6/pos
2026-06-02 14:45:33.509 - [robot_6_log_20260602_144504.csv] - DEBUG - Despachado a ZMQ -> agent/6/move: {'v': 0.0, 'w': 0.0}
2026-06-02 14:45:33.532 - [robot_6_log_20260602_144504.csv] - WARNING - SISTEMA DESCONECTADO: Parando robot por seguridad
2026-06-02 14:45:33.548 - [robot_6_log_20260602_144504.csv] - DEBUG - Incoming data. Topic {"x": 98.71, "y": 123.64, "yaw": 2.436, "timestamp": 1780404333.496136}, mensaje agent/6/wheel
2026-06-02 14:45:33.563 - [robot_6_log_20260602_144504.csv] - DEBUG - Despachado a ZMQ -> agent/6/move: {'v': 0.0, 'w': 0.0}
2026-06-02 14:45:33.582 - [robot_6_log_20260602_144504.csv] - WARNING - SISTEMA DESCONECTADO: Parando robot por seguridad
2026-06-02 14:45:33.589 - [robot_6_log_20260602_144504.csv] - DEBUG - Incoming data. Topic {"Wleft":-9.672818e-15,"Wright":-1.669775429e-14}, mensaje 6/pos
2026-06-02 14:45:33.599 - [robot_6_log_20260602_144504.csv] - DEBUG - Incoming data. Topic {"x": 98.71, "y": 123.64, "yaw": 2.438, "timestamp": 1780404333.5866644}, mensaje 6/pos
2026-06-02 14:45:33.609 - [robot_6_log_20260602_144504.csv] - DEBUG - Despachado a ZMQ -> agent/6/move: {'v': 0.0, 'w': 0.0}
2026-06-02 14:45:33.609 - [robot_6_log_20260602_144504.csv] - DEBUG - Incoming data. Topic {"x": 98.71, "y": 123.64, "yaw": 2.438, "timestamp": 1780404333.5866644}, mensaje 6/pos
2026-06-02 14:45:33.615 - [robot_6_log_20260602_144504.csv] - DEBUG - Incoming data. Topic {"x": 98.71, "y": 123.64, "yaw": 2.438, "timestamp": 1780404333.5984414}, mensaje 6/pos
2026-06-02 14:45:33.632 - [robot_6_log_20260602_144504.csv] - WARNING - SISTEMA DESCONECTADO: Parando robot por seguridad
2026-06-02 14:45:33.639 - [robot_6_log_20260602_144504.csv] - DEBUG - Despachado a ZMQ -> agent/6/move: {'v': 0.0, 'w': 0.0}
2026-06-02 14:45:33.644 - [robot_6_log_20260602_144504.csv] - DEBUG - Incoming data. Topic {"x": 98.71, "y": 123.64, "yaw": 2.438, "timestamp": 1780404333.5984414}, mensaje agent/6/wheel
2026-06-02 14:45:33.682 - [robot_6_log_20260602_144504.csv] - WARNING - SISTEMA DESCONECTADO: Parando robot por seguridad
2026-06-02 14:45:33.699 - [robot_6_log_20260602_144504.csv] - DEBUG - Despachado a ZMQ -> agent/6/move: {'v': 0.0, 'w': 0.0}
2026-06-02 14:45:33.732 - [robot_6_log_20260602_144504.csv] - WARNING - SISTEMA DESCONECTADO: Parando robot por seguridad
2026-06-02 14:45:33.753 - [robot_6_log_20260602_144504.csv] - DEBUG - Despachado a ZMQ -> agent/6/move: {'v': 0.0, 'w': 0.0}
2026-06-02 14:45:33.777 - [robot_6_log_20260602_144504.csv] - DEBUG - Incoming data. Topic {"Wleft":-9.672818e-15,"Wright":-1.669775429e-14}, mensaje agent/6/wheel
2026-06-02 14:45:33.782 - [robot_6_log_20260602_144504.csv] - WARNING - SISTEMA DESCONECTADO: Parando robot por seguridad
2026-06-02 14:45:33.788 - [robot_6_log_20260602_144504.csv] - DEBUG - Incoming data. Topic {"Wleft":-9.672818e-15,"Wright":-1.669775429e-14}, mensaje 6/pos
2026-06-02 14:45:33.788 - [robot_6_log_20260602_144504.csv] - DEBUG - Incoming data. Topic {"x": 98.71, "y": 123.62, "yaw": 2.435, "timestamp": 1780404333.786867}, mensaje 6/pos
2026-06-02 14:45:33.788 - [robot_6_log_20260602_144504.csv] - DEBUG - Despachado a ZMQ -> agent/6/move: {'v': 0.0, 'w': 0.0}
2026-06-02 14:45:33.800 - [robot_6_log_20260602_144504.csv] - DEBUG - Incoming data. Topic {"x": 98.71, "y": 123.62, "yaw": 2.435, "timestamp": 1780404333.786867}, mensaje 6/pos
2026-06-02 14:45:33.832 - [robot_6_log_20260602_144504.csv] - DEBUG - Incoming data. Topic {"x": 98.71, "y": 123.62, "yaw": 2.435, "timestamp": 1780404333.798098}, mensaje 6/pos
2026-06-02 14:45:33.832 - [robot_6_log_20260602_144504.csv] - WARNING - SISTEMA DESCONECTADO: Parando robot por seguridad
2026-06-02 14:45:33.843 - [robot_6_log_20260602_144504.csv] - DEBUG - Incoming data. Topic {"x": 98.71, "y": 123.62, "yaw": 2.435, "timestamp": 1780404333.798098}, mensaje agent/6/wheel
2026-06-02 14:45:33.863 - [robot_6_log_20260602_144504.csv] - DEBUG - Despachado a ZMQ -> agent/6/move: {'v': 0.0, 'w': 0.0}
2026-06-02 14:45:33.882 - [robot_6_log_20260602_144504.csv] - WARNING - SISTEMA DESCONECTADO: Parando robot por seguridad
2026-06-02 14:45:33.888 - [robot_6_log_20260602_144504.csv] - DEBUG - Incoming data. Topic {"Wleft":-9.672818e-15,"Wright":-1.669775429e-14}, mensaje 6/pos
2026-06-02 14:45:33.903 - [robot_6_log_20260602_144504.csv] - DEBUG - Despachado a ZMQ -> agent/6/move: {'v': 0.0, 'w': 0.0}
2026-06-02 14:45:33.903 - [robot_6_log_20260602_144504.csv] - DEBUG - Incoming data. Topic {"x": 98.72, "y": 123.63, "yaw": 2.435, "timestamp": 1780404333.8823357}, mensaje 6/pos
2026-06-02 14:45:33.928 - [robot_6_log_20260602_144504.csv] - DEBUG - Incoming data. Topic {"x": 98.72, "y": 123.63, "yaw": 2.435, "timestamp": 1780404333.8823357}, mensaje 6/pos
2026-06-02 14:45:33.932 - [robot_6_log_20260602_144504.csv] - WARNING - SISTEMA DESCONECTADO: Parando robot por seguridad
2026-06-02 14:45:33.932 - [robot_6_log_20260602_144504.csv] - DEBUG - Incoming data. Topic {"x": 98.72, "y": 123.63, "yaw": 2.435, "timestamp": 1780404333.891974}, mensaje 6/pos
2026-06-02 14:45:33.943 - [robot_6_log_20260602_144504.csv] - DEBUG - Despachado a ZMQ -> agent/6/move: {'v': 0.0, 'w': 0.0}
2026-06-02 14:45:33.953 - [robot_6_log_20260602_144504.csv] - DEBUG - Incoming data. Topic {"x": 98.72, "y": 123.63, "yaw": 2.435, "timestamp": 1780404333.891974}, mensaje agent/6/wheel
2026-06-02 14:45:33.982 - [robot_6_log_20260602_144504.csv] - WARNING - SISTEMA DESCONECTADO: Parando robot por seguridad
2026-06-02 14:45:33.989 - [robot_6_log_20260602_144504.csv] - DEBUG - Incoming data. Topic {"Wleft":-9.672818e-15,"Wright":-1.669775429e-14}, mensaje 6/pos
2026-06-02 14:45:33.994 - [robot_6_log_20260602_144504.csv] - DEBUG - Incoming data. Topic {"x": 98.72, "y": 123.63, "yaw": 2.436, "timestamp": 1780404333.9885259}, mensaje 6/pos
2026-06-02 14:45:33.999 - [robot_6_log_20260602_144504.csv] - DEBUG - Incoming data. Topic {"x": 98.72, "y": 123.63, "yaw": 2.436, "timestamp": 1780404333.9885259}, mensaje 6/pos
2026-06-02 14:45:34.004 - [robot_6_log_20260602_144504.csv] - DEBUG - Incoming data. Topic {"x": 98.72, "y": 123.63, "yaw": 2.436, "timestamp": 1780404333.9975379}, mensaje 6/pos
2026-06-02 14:45:34.009 - [robot_6_log_20260602_144504.csv] - DEBUG - Despachado a ZMQ -> agent/6/move: {'v': 0.0, 'w': 0.0}
2026-06-02 14:45:34.032 - [robot_6_log_20260602_144504.csv] - WARNING - SISTEMA DESCONECTADO: Parando robot por seguridad
2026-06-02 14:45:34.048 - [robot_6_log_20260602_144504.csv] - DEBUG - Incoming data. Topic {"x": 98.72, "y": 123.63, "yaw": 2.436, "timestamp": 1780404333.9975379}, mensaje agent/6/wheel
2026-06-02 14:45:34.048 - [robot_6_log_20260602_144504.csv] - DEBUG - Despachado a ZMQ -> agent/6/move: {'v': 0.0, 'w': 0.0}
2026-06-02 14:45:34.082 - [robot_6_log_20260602_144504.csv] - WARNING - SISTEMA DESCONECTADO: Parando robot por seguridad
2026-06-02 14:45:34.089 - [robot_6_log_20260602_144504.csv] - DEBUG - Incoming data. Topic {"Wleft":-9.672818e-15,"Wright":-1.669775429e-14}, mensaje 6/pos
2026-06-02 14:45:34.099 - [robot_6_log_20260602_144504.csv] - DEBUG - Despachado a ZMQ -> agent/6/move: {'v': 0.0, 'w': 0.0}
2026-06-02 14:45:34.104 - [robot_6_log_20260602_144504.csv] - DEBUG - Incoming data. Topic {"x": 98.7, "y": 123.62, "yaw": 2.438, "timestamp": 1780404334.0857723}, mensaje 6/pos
2026-06-02 14:45:34.132 - [robot_6_log_20260602_144504.csv] - DEBUG - Incoming data. Topic {"x": 98.7, "y": 123.62, "yaw": 2.438, "timestamp": 1780404334.0857723}, mensaje 6/pos
2026-06-02 14:45:34.132 - [robot_6_log_20260602_144504.csv] - WARNING - SISTEMA DESCONECTADO: Parando robot por seguridad
2026-06-02 14:45:34.133 - [robot_6_log_20260602_144504.csv] - DEBUG - Incoming data. Topic {"x": 98.7, "y": 123.62, "yaw": 2.438, "timestamp": 1780404334.0956452}, mensaje 6/pos
2026-06-02 14:45:34.153 - [robot_6_log_20260602_144504.csv] - DEBUG - Despachado a ZMQ -> agent/6/move: {'v': 0.0, 'w': 0.0}
2026-06-02 14:45:34.158 - [robot_6_log_20260602_144504.csv] - DEBUG - Incoming data. Topic {"x": 98.7, "y": 123.62, "yaw": 2.438, "timestamp": 1780404334.0956452}, mensaje agent/6/wheel
2026-06-02 14:45:34.182 - [robot_6_log_20260602_144504.csv] - WARNING - SISTEMA DESCONECTADO: Parando robot por seguridad
2026-06-02 14:45:34.189 - [robot_6_log_20260602_144504.csv] - DEBUG - Incoming data. Topic {"Wleft":-9.672818e-15,"Wright":-1.669775429e-14}, mensaje 6/pos
2026-06-02 14:45:34.204 - [robot_6_log_20260602_144504.csv] - DEBUG - Despachado a ZMQ -> agent/6/move: {'v': 0.0, 'w': 0.0}
2026-06-02 14:45:34.204 - [robot_6_log_20260602_144504.csv] - DEBUG - Incoming data. Topic {"x": 98.7, "y": 123.63, "yaw": 2.436, "timestamp": 1780404334.1867273}, mensaje 6/pos
2026-06-02 14:45:34.231 - [robot_6_log_20260602_144504.csv] - DEBUG - Incoming data. Topic {"x": 98.7, "y": 123.63, "yaw": 2.436, "timestamp": 1780404334.1867273}, mensaje 6/pos
2026-06-02 14:45:34.232 - [robot_6_log_20260602_144504.csv] - WARNING - SISTEMA DESCONECTADO: Parando robot por seguridad
2026-06-02 14:45:34.232 - [robot_6_log_20260602_144504.csv] - DEBUG - Incoming data. Topic {"x": 98.7, "y": 123.63, "yaw": 2.436, "timestamp": 1780404334.1992774}, mensaje 6/pos
2026-06-02 14:45:34.258 - [robot_6_log_20260602_144504.csv] - DEBUG - Despachado a ZMQ -> agent/6/move: {'v': 0.0, 'w': 0.0}
2026-06-02 14:45:34.276 - [robot_6_log_20260602_144504.csv] - DEBUG - Incoming data. Topic {"x": 98.7, "y": 123.63, "yaw": 2.436, "timestamp": 1780404334.1992774}, mensaje agent/6/wheel
2026-06-02 14:45:34.282 - [robot_6_log_20260602_144504.csv] - WARNING - SISTEMA DESCONECTADO: Parando robot por seguridad
2026-06-02 14:45:34.289 - [robot_6_log_20260602_144504.csv] - DEBUG - Incoming data. Topic {"Wleft":-9.672818e-15,"Wright":-1.669775429e-14}, mensaje 6/pos
2026-06-02 14:45:34.294 - [robot_6_log_20260602_144504.csv] - DEBUG - Incoming data. Topic {"x": 98.72, "y": 123.63, "yaw": 2.435, "timestamp": 1780404334.283885}, mensaje 6/pos
2026-06-02 14:45:34.304 - [robot_6_log_20260602_144504.csv] - DEBUG - Despachado a ZMQ -> agent/6/move: {'v': 0.0, 'w': 0.0}
2026-06-02 14:45:34.304 - [robot_6_log_20260602_144504.csv] - DEBUG - Incoming data. Topic {"x": 98.72, "y": 123.63, "yaw": 2.435, "timestamp": 1780404334.283885}, mensaje 6/pos
2026-06-02 14:45:34.330 - [robot_6_log_20260602_144504.csv] - DEBUG - Incoming data. Topic {"x": 98.72, "y": 123.63, "yaw": 2.435, "timestamp": 1780404334.2935112}, mensaje 6/pos
2026-06-02 14:45:34.332 - [robot_6_log_20260602_144504.csv] - WARNING - SISTEMA DESCONECTADO: Parando robot por seguridad
2026-06-02 14:45:34.349 - [robot_6_log_20260602_144504.csv] - DEBUG - Despachado a ZMQ -> agent/6/move: {'v': 0.0, 'w': 0.0}
2026-06-02 14:45:34.349 - [robot_6_log_20260602_144504.csv] - DEBUG - Incoming data. Topic {"x": 98.72, "y": 123.63, "yaw": 2.435, "timestamp": 1780404334.2935112}, mensaje agent/6/wheel
2026-06-02 14:45:34.382 - [robot_6_log_20260602_144504.csv] - WARNING - SISTEMA DESCONECTADO: Parando robot por seguridad
2026-06-02 14:45:34.388 - [robot_6_log_20260602_144504.csv] - DEBUG - Incoming data. Topic {"Wleft":-9.672818e-15,"Wright":-1.669775429e-14}, mensaje 6/pos
2026-06-02 14:45:34.398 - [robot_6_log_20260602_144504.csv] - DEBUG - Incoming data. Topic {"x": 98.72, "y": 123.63, "yaw": 2.438, "timestamp": 1780404334.3861232}, mensaje 6/pos
2026-06-02 14:45:34.403 - [robot_6_log_20260602_144504.csv] - DEBUG - Despachado a ZMQ -> agent/6/move: {'v': 0.0, 'w': 0.0}
2026-06-02 14:45:34.424 - [robot_6_log_20260602_144504.csv] - DEBUG - Incoming data. Topic {"x": 98.72, "y": 123.63, "yaw": 2.438, "timestamp": 1780404334.3861232}, mensaje 6/pos
2026-06-02 14:45:34.429 - [robot_6_log_20260602_144504.csv] - DEBUG - Incoming data. Topic {"x": 98.72, "y": 123.63, "yaw": 2.438, "timestamp": 1780404334.3956072}, mensaje 6/pos
2026-06-02 14:45:34.432 - [robot_6_log_20260602_144504.csv] - WARNING - SISTEMA DESCONECTADO: Parando robot por seguridad
2026-06-02 14:45:34.454 - [robot_6_log_20260602_144504.csv] - DEBUG - Despachado a ZMQ -> agent/6/move: {'v': 0.0, 'w': 0.0}
2026-06-02 14:45:34.482 - [robot_6_log_20260602_144504.csv] - WARNING - SISTEMA DESCONECTADO: Parando robot por seguridad
2026-06-02 14:45:34.482 - [robot_6_log_20260602_144504.csv] - DEBUG - Incoming data. Topic {"x": 98.72, "y": 123.63, "yaw": 2.438, "timestamp": 1780404334.3956072}, mensaje 6/pos
2026-06-02 14:45:34.498 - [robot_6_log_20260602_144504.csv] - DEBUG - Incoming data. Topic {"x": 98.71, "y": 123.64, "yaw": 2.437, "timestamp": 1780404334.4803233}, mensaje 6/pos
2026-06-02 14:45:34.503 - [robot_6_log_20260602_144504.csv] - DEBUG - Incoming data. Topic {"x": 98.71, "y": 123.64, "yaw": 2.437, "timestamp": 1780404334.4803233}, mensaje 6/pos
2026-06-02 14:45:34.513 - [robot_6_log_20260602_144504.csv] - DEBUG - Incoming data. Topic {"x": 98.71, "y": 123.64, "yaw": 2.437, "timestamp": 1780404334.4898207}, mensaje agent/6/wheel
2026-06-02 14:45:34.528 - [robot_6_log_20260602_144504.csv] - DEBUG - Despachado a ZMQ -> agent/6/move: {'v': 0.0, 'w': 0.0}
2026-06-02 14:45:34.528 - [robot_6_log_20260602_144504.csv] - DEBUG - Incoming data. Topic {"Wleft":-9.672818e-15,"Wright":-1.669775429e-14}, mensaje 6/pos
2026-06-02 14:45:34.532 - [robot_6_log_20260602_144504.csv] - WARNING - SISTEMA DESCONECTADO: Parando robot por seguridad
2026-06-02 14:45:34.554 - [robot_6_log_20260602_144504.csv] - DEBUG - Incoming data. Topic {"x": 98.71, "y": 123.64, "yaw": 2.437, "timestamp": 1780404334.4898207}, mensaje agent/6/wheel
2026-06-02 14:45:34.554 - [robot_6_log_20260602_144504.csv] - DEBUG - Despachado a ZMQ -> agent/6/move: {'v': 0.0, 'w': 0.0}
2026-06-02 14:45:34.582 - [robot_6_log_20260602_144504.csv] - WARNING - SISTEMA DESCONECTADO: Parando robot por seguridad
2026-06-02 14:45:34.604 - [robot_6_log_20260602_144504.csv] - DEBUG - Despachado a ZMQ -> agent/6/move: {'v': 0.0, 'w': 0.0}
2026-06-02 14:45:34.632 - [robot_6_log_20260602_144504.csv] - WARNING - SISTEMA DESCONECTADO: Parando robot por seguridad
2026-06-02 14:45:34.648 - [robot_6_log_20260602_144504.csv] - DEBUG - Incoming data. Topic {"Wleft":-9.672818e-15,"Wright":-1.669775429e-14}, mensaje agent/6/wheel
2026-06-02 14:45:34.653 - [robot_6_log_20260602_144504.csv] - DEBUG - Despachado a ZMQ -> agent/6/move: {'v': 0.0, 'w': 0.0}
2026-06-02 14:45:34.682 - [robot_6_log_20260602_144504.csv] - WARNING - SISTEMA DESCONECTADO: Parando robot por seguridad
2026-06-02 14:45:34.689 - [robot_6_log_20260602_144504.csv] - DEBUG - Incoming data. Topic {"Wleft":-9.672818e-15,"Wright":-1.669775429e-14}, mensaje 6/pos
2026-06-02 14:45:34.689 - [robot_6_log_20260602_144504.csv] - DEBUG - Incoming data. Topic {"x": 98.7, "y": 123.64, "yaw": 2.436, "timestamp": 1780404334.6841805}, mensaje 6/pos
2026-06-02 14:45:34.699 - [robot_6_log_20260602_144504.csv] - DEBUG - Incoming data. Topic {"x": 98.7, "y": 123.64, "yaw": 2.436, "timestamp": 1780404334.6841805}, mensaje 6/pos
2026-06-02 14:45:34.709 - [robot_6_log_20260602_144504.csv] - DEBUG - Incoming data. Topic {"x": 98.7, "y": 123.64, "yaw": 2.436, "timestamp": 1780404334.694831}, mensaje 6/pos
2026-06-02 14:45:34.709 - [robot_6_log_20260602_144504.csv] - DEBUG - Despachado a ZMQ -> agent/6/move: {'v': 0.0, 'w': 0.0}
2026-06-02 14:45:34.732 - [robot_6_log_20260602_144504.csv] - WARNING - SISTEMA DESCONECTADO: Parando robot por seguridad
2026-06-02 14:45:34.754 - [robot_6_log_20260602_144504.csv] - DEBUG - Despachado a ZMQ -> agent/6/move: {'v': 0.0, 'w': 0.0}
2026-06-02 14:45:34.759 - [robot_6_log_20260602_144504.csv] - DEBUG - Incoming data. Topic {"x": 98.7, "y": 123.64, "yaw": 2.436, "timestamp": 1780404334.694831}, mensaje agent/6/wheel
2026-06-02 14:45:34.782 - [robot_6_log_20260602_144504.csv] - WARNING - SISTEMA DESCONECTADO: Parando robot por seguridad
2026-06-02 14:45:34.793 - [robot_6_log_20260602_144504.csv] - DEBUG - Incoming data. Topic {"Wleft":-9.672818e-15,"Wright":-1.669775429e-14}, mensaje 6/pos
2026-06-02 14:45:34.803 - [robot_6_log_20260602_144504.csv] - DEBUG - Despachado a ZMQ -> agent/6/move: {'v': 0.0, 'w': 0.0}
2026-06-02 14:45:34.808 - [robot_6_log_20260602_144504.csv] - DEBUG - Incoming data. Topic {"x": 98.71, "y": 123.62, "yaw": 2.432, "timestamp": 1780404334.787987}, mensaje 6/pos
2026-06-02 14:45:34.813 - [robot_6_log_20260602_144504.csv] - DEBUG - Incoming data. Topic {"x": 98.71, "y": 123.62, "yaw": 2.432, "timestamp": 1780404334.787987}, mensaje 6/pos
2026-06-02 14:45:34.818 - [robot_6_log_20260602_144504.csv] - DEBUG - Incoming data. Topic {"x": 98.71, "y": 123.62, "yaw": 2.432, "timestamp": 1780404334.7979686}, mensaje 6/pos
2026-06-02 14:45:34.832 - [robot_6_log_20260602_144504.csv] - WARNING - SISTEMA DESCONECTADO: Parando robot por seguridad
2026-06-02 14:45:34.849 - [robot_6_log_20260602_144504.csv] - DEBUG - Despachado a ZMQ -> agent/6/move: {'v': 0.0, 'w': 0.0}
2026-06-02 14:45:34.868 - [robot_6_log_20260602_144504.csv] - DEBUG - Incoming data. Topic {"x": 98.71, "y": 123.62, "yaw": 2.432, "timestamp": 1780404334.7979686}, mensaje agent/6/wheel
2026-06-02 14:45:34.882 - [robot_6_log_20260602_144504.csv] - WARNING - SISTEMA DESCONECTADO: Parando robot por seguridad
2026-06-02 14:45:34.889 - [robot_6_log_20260602_144504.csv] - DEBUG - Incoming data. Topic {"Wleft":-9.672818e-15,"Wright":-1.669775429e-14}, mensaje 6/pos
2026-06-02 14:45:34.899 - [robot_6_log_20260602_144504.csv] - DEBUG - Despachado a ZMQ -> agent/6/move: {'v': 0.0, 'w': 0.0}
2026-06-02 14:45:34.919 - [robot_6_log_20260602_144504.csv] - DEBUG - Incoming data. Topic {"x": 98.71, "y": 123.63, "yaw": 2.441, "timestamp": 1780404334.8854039}, mensaje 6/pos
2026-06-02 14:45:34.924 - [robot_6_log_20260602_144504.csv] - DEBUG - Incoming data. Topic {"x": 98.71, "y": 123.63, "yaw": 2.441, "timestamp": 1780404334.8854039}, mensaje 6/pos
2026-06-02 14:45:34.932 - [robot_6_log_20260602_144504.csv] - DEBUG - Incoming data. Topic {"x": 98.71, "y": 123.63, "yaw": 2.441, "timestamp": 1780404334.897985}, mensaje 6/pos
2026-06-02 14:45:34.932 - [robot_6_log_20260602_144504.csv] - WARNING - SISTEMA DESCONECTADO: Parando robot por seguridad
2026-06-02 14:45:34.954 - [robot_6_log_20260602_144504.csv] - DEBUG - Despachado a ZMQ -> agent/6/move: {'v': 0.0, 'w': 0.0}
2026-06-02 14:45:34.982 - [robot_6_log_20260602_144504.csv] - WARNING - SISTEMA DESCONECTADO: Parando robot por seguridad
2026-06-02 14:45:34.988 - [robot_6_log_20260602_144504.csv] - DEBUG - Incoming data. Topic {"x": 98.71, "y": 123.63, "yaw": 2.441, "timestamp": 1780404334.897985}, mensaje 6/pos
2026-06-02 14:45:34.988 - [robot_6_log_20260602_144504.csv] - DEBUG - Despachado a ZMQ -> agent/6/move: {'v': 0.0, 'w': 0.0}
2026-06-02 14:45:34.988 - [robot_6_log_20260602_144504.csv] - DEBUG - Incoming data. Topic {"x": 98.7, "y": 123.63, "yaw": 2.434, "timestamp": 1780404334.9858775}, mensaje 6/pos
2026-06-02 14:45:35.000 - [robot_6_log_20260602_144504.csv] - DEBUG - Incoming data. Topic {"x": 98.7, "y": 123.63, "yaw": 2.434, "timestamp": 1780404334.9858775}, mensaje 6/pos
2026-06-02 14:45:35.020 - [robot_6_log_20260602_144504.csv] - DEBUG - Incoming data. Topic {"x": 98.7, "y": 123.63, "yaw": 2.434, "timestamp": 1780404334.995451}, mensaje agent/6/wheel
2026-06-02 14:45:35.032 - [robot_6_log_20260602_144504.csv] - WARNING - SISTEMA DESCONECTADO: Parando robot por seguridad
2026-06-02 14:45:35.043 - [robot_6_log_20260602_144504.csv] - DEBUG - Incoming data. Topic {"Wleft":-9.672818e-15,"Wright":-1.669775429e-14}, mensaje 6/pos
2026-06-02 14:45:35.053 - [robot_6_log_20260602_144504.csv] - DEBUG - Despachado a ZMQ -> agent/6/move: {'v': 0.0, 'w': 0.0}
2026-06-02 14:45:35.082 - [robot_6_log_20260602_144504.csv] - WARNING - SISTEMA DESCONECTADO: Parando robot por seguridad
2026-06-02 14:45:35.094 - [robot_6_log_20260602_144504.csv] - DEBUG - Despachado a ZMQ -> agent/6/move: {'v': 0.0, 'w': 0.0}
2026-06-02 14:45:35.132 - [robot_6_log_20260602_144504.csv] - WARNING - SISTEMA DESCONECTADO: Parando robot por seguridad
2026-06-02 14:45:35.143 - [robot_6_log_20260602_144504.csv] - DEBUG - Despachado a ZMQ -> agent/6/move: {'v': 0.0, 'w': 0.0}
2026-06-02 14:45:35.148 - [robot_6_log_20260602_144504.csv] - DEBUG - Incoming data. Topic {"x": 98.7, "y": 123.63, "yaw": 2.434, "timestamp": 1780404334.995451}, mensaje agent/6/wheel
2026-06-02 14:45:35.181 - [robot_6_log_20260602_144504.csv] - DEBUG - Incoming data. Topic {"Wleft":-9.672818e-15,"Wright":-1.669775429e-14}, mensaje agent/6/wheel
2026-06-02 14:45:35.182 - [robot_6_log_20260602_144504.csv] - WARNING - SISTEMA DESCONECTADO: Parando robot por seguridad
2026-06-02 14:45:35.189 - [robot_6_log_20260602_144504.csv] - DEBUG - Incoming data. Topic {"Wleft":-9.672818e-15,"Wright":-1.669775429e-14}, mensaje 6/pos
2026-06-02 14:45:35.189 - [robot_6_log_20260602_144504.csv] - DEBUG - Incoming data. Topic {"x": 98.72, "y": 123.63, "yaw": 2.435, "timestamp": 1780404335.1853251}, mensaje 6/pos
2026-06-02 14:45:35.199 - [robot_6_log_20260602_144504.csv] - DEBUG - Despachado a ZMQ -> agent/6/move: {'v': 0.0, 'w': 0.0}
2026-06-02 14:45:35.199 - [robot_6_log_20260602_144504.csv] - DEBUG - Incoming data. Topic {"x": 98.72, "y": 123.63, "yaw": 2.435, "timestamp": 1780404335.1853251}, mensaje 6/pos
2026-06-02 14:45:35.230 - [robot_6_log_20260602_144504.csv] - DEBUG - Incoming data. Topic {"x": 98.72, "y": 123.63, "yaw": 2.435, "timestamp": 1780404335.1948905}, mensaje 6/pos
2026-06-02 14:45:35.232 - [robot_6_log_20260602_144504.csv] - WARNING - SISTEMA DESCONECTADO: Parando robot por seguridad
2026-06-02 14:45:35.254 - [robot_6_log_20260602_144504.csv] - DEBUG - Despachado a ZMQ -> agent/6/move: {'v': 0.0, 'w': 0.0}
2026-06-02 14:45:35.282 - [robot_6_log_20260602_144504.csv] - WARNING - SISTEMA DESCONECTADO: Parando robot por seguridad
2026-06-02 14:45:35.299 - [robot_6_log_20260602_144504.csv] - DEBUG - Despachado a ZMQ -> agent/6/move: {'v': 0.0, 'w': 0.0}
2026-06-02 14:45:35.305 - [robot_6_log_20260602_144504.csv] - DEBUG - Incoming data. Topic {"x": 98.72, "y": 123.63, "yaw": 2.435, "timestamp": 1780404335.1948905}, mensaje 6/pos
2026-06-02 14:45:35.315 - [robot_6_log_20260602_144504.csv] - DEBUG - Incoming data. Topic {"x": 98.71, "y": 123.62, "yaw": 2.435, "timestamp": 1780404335.2844014}, mensaje agent/6/wheel
2026-06-02 14:45:35.315 - [robot_6_log_20260602_144504.csv] - DEBUG - Incoming data. Topic {"Wleft":-9.672818e-15,"Wright":-1.669775429e-14}, mensaje 6/pos
2026-06-02 14:45:35.315 - [robot_6_log_20260602_144504.csv] - DEBUG - Incoming data. Topic {"x": 98.71, "y": 123.62, "yaw": 2.435, "timestamp": 1780404335.2939205}, mensaje 6/pos
2026-06-02 14:45:35.315 - [robot_6_log_20260602_144504.csv] - DEBUG - Incoming data. Topic {"x": 98.71, "y": 123.62, "yaw": 2.435, "timestamp": 1780404335.2844014}, mensaje 6/pos
2026-06-02 14:45:35.332 - [robot_6_log_20260602_144504.csv] - WARNING - SISTEMA DESCONECTADO: Parando robot por seguridad
2026-06-02 14:45:35.338 - [robot_6_log_20260602_144504.csv] - DEBUG - Despachado a ZMQ -> agent/6/move: {'v': 0.0, 'w': 0.0}
2026-06-02 14:45:35.379 - [robot_6_log_20260602_144504.csv] - DEBUG - Incoming data. Topic {"x": 98.71, "y": 123.62, "yaw": 2.435, "timestamp": 1780404335.2939205}, mensaje agent/6/wheel
2026-06-02 14:45:35.382 - [robot_6_log_20260602_144504.csv] - WARNING - SISTEMA DESCONECTADO: Parando robot por seguridad
2026-06-02 14:45:35.404 - [robot_6_log_20260602_144504.csv] - DEBUG - Despachado a ZMQ -> agent/6/move: {'v': 0.0, 'w': 0.0}
2026-06-02 14:45:35.432 - [robot_6_log_20260602_144504.csv] - WARNING - SISTEMA DESCONECTADO: Parando robot por seguridad
2026-06-02 14:45:35.454 - [robot_6_log_20260602_144504.csv] - DEBUG - Despachado a ZMQ -> agent/6/move: {'v': 0.0, 'w': 0.0}
2026-06-02 14:45:35.478 - [robot_6_log_20260602_144504.csv] - DEBUG - Incoming data. Topic {"Wleft":-9.672818e-15,"Wright":-1.669775429e-14}, mensaje agent/6/wheel
2026-06-02 14:45:35.482 - [robot_6_log_20260602_144504.csv] - WARNING - SISTEMA DESCONECTADO: Parando robot por seguridad
2026-06-02 14:45:35.488 - [robot_6_log_20260602_144504.csv] - DEBUG - Incoming data. Topic {"Wleft":-9.672818e-15,"Wright":-1.669775429e-14}, mensaje 6/pos
2026-06-02 14:45:35.498 - [robot_6_log_20260602_144504.csv] - DEBUG - Incoming data. Topic {"x": 98.71, "y": 123.63, "yaw": 2.44, "timestamp": 1780404335.4833686}, mensaje 6/pos
2026-06-02 14:45:35.503 - [robot_6_log_20260602_144504.csv] - DEBUG - Incoming data. Topic {"x": 98.71, "y": 123.63, "yaw": 2.44, "timestamp": 1780404335.4833686}, mensaje 6/pos
2026-06-02 14:45:35.513 - [robot_6_log_20260602_144504.csv] - DEBUG - Incoming data. Topic {"x": 98.71, "y": 123.63, "yaw": 2.44, "timestamp": 1780404335.494207}, mensaje 6/pos
2026-06-02 14:45:35.518 - [robot_6_log_20260602_144504.csv] - DEBUG - Despachado a ZMQ -> agent/6/move: {'v': 0.0, 'w': 0.0}
2026-06-02 14:45:35.532 - [robot_6_log_20260602_144504.csv] - WARNING - SISTEMA DESCONECTADO: Parando robot por seguridad
2026-06-02 14:45:35.554 - [robot_6_log_20260602_144504.csv] - DEBUG - Despachado a ZMQ -> agent/6/move: {'v': 0.0, 'w': 0.0}
2026-06-02 14:45:35.582 - [robot_6_log_20260602_144504.csv] - WARNING - SISTEMA DESCONECTADO: Parando robot por seguridad
2026-06-02 14:45:35.588 - [robot_6_log_20260602_144504.csv] - DEBUG - Incoming data. Topic {"x": 98.71, "y": 123.63, "yaw": 2.44, "timestamp": 1780404335.494207}, mensaje agent/6/wheel
2026-06-02 14:45:35.593 - [robot_6_log_20260602_144504.csv] - DEBUG - Despachado a ZMQ -> agent/6/move: {'v': 0.0, 'w': 0.0}
2026-06-02 14:45:35.632 - [robot_6_log_20260602_144504.csv] - WARNING - SISTEMA DESCONECTADO: Parando robot por seguridad
2026-06-02 14:45:35.654 - [robot_6_log_20260602_144504.csv] - DEBUG - Despachado a ZMQ -> agent/6/move: {'v': 0.0, 'w': 0.0}
2026-06-02 14:45:35.682 - [robot_6_log_20260602_144504.csv] - DEBUG - Incoming data. Topic {"Wleft":-9.672818e-15,"Wright":-1.669775429e-14}, mensaje 6/pos
2026-06-02 14:45:35.682 - [robot_6_log_20260602_144504.csv] - WARNING - SISTEMA DESCONECTADO: Parando robot por seguridad
2026-06-02 14:45:35.693 - [robot_6_log_20260602_144504.csv] - DEBUG - Incoming data. Topic {"x": 98.71, "y": 123.62, "yaw": 2.437, "timestamp": 1780404335.6821046}, mensaje agent/6/wheel
2026-06-02 14:45:35.703 - [robot_6_log_20260602_144504.csv] - DEBUG - Incoming data. Topic {"Wleft":-9.672818e-15,"Wright":-1.669775429e-14}, mensaje 6/pos
2026-06-02 14:45:35.713 - [robot_6_log_20260602_144504.csv] - DEBUG - Incoming data. Topic {"x": 98.71, "y": 123.62, "yaw": 2.437, "timestamp": 1780404335.6919003}, mensaje 6/pos
2026-06-02 14:45:35.713 - [robot_6_log_20260602_144504.csv] - DEBUG - Despachado a ZMQ -> agent/6/move: {'v': 0.0, 'w': 0.0}
2026-06-02 14:45:35.729 - [robot_6_log_20260602_144504.csv] - DEBUG - Incoming data. Topic {"x": 98.71, "y": 123.62, "yaw": 2.437, "timestamp": 1780404335.6821046}, mensaje 6/pos
2026-06-02 14:45:35.732 - [robot_6_log_20260602_144504.csv] - WARNING - SISTEMA DESCONECTADO: Parando robot por seguridad
2026-06-02 14:45:35.739 - [robot_6_log_20260602_144504.csv] - DEBUG - Despachado a ZMQ -> agent/6/move: {'v': 0.0, 'w': 0.0}
2026-06-02 14:45:35.782 - [robot_6_log_20260602_144504.csv] - WARNING - SISTEMA DESCONECTADO: Parando robot por seguridad
2026-06-02 14:45:35.788 - [robot_6_log_20260602_144504.csv] - DEBUG - Incoming data. Topic {"x": 98.71, "y": 123.62, "yaw": 2.437, "timestamp": 1780404335.6919003}, mensaje 6/pos
2026-06-02 14:45:35.803 - [robot_6_log_20260602_144504.csv] - DEBUG - Despachado a ZMQ -> agent/6/move: {'v': 0.0, 'w': 0.0}
2026-06-02 14:45:35.803 - [robot_6_log_20260602_144504.csv] - DEBUG - Incoming data. Topic {"x": 98.71, "y": 123.62, "yaw": 2.442, "timestamp": 1780404335.7852273}, mensaje agent/6/wheel
2026-06-02 14:45:35.830 - [robot_6_log_20260602_144504.csv] - DEBUG - Incoming data. Topic {"Wleft":-9.672818e-15,"Wright":-1.669775429e-14}, mensaje 6/pos
2026-06-02 14:45:35.832 - [robot_6_log_20260602_144504.csv] - WARNING - SISTEMA DESCONECTADO: Parando robot por seguridad
2026-06-02 14:45:35.832 - [robot_6_log_20260602_144504.csv] - DEBUG - Incoming data. Topic {"x": 98.71, "y": 123.62, "yaw": 2.442, "timestamp": 1780404335.7942836}, mensaje 6/pos
2026-06-02 14:45:35.853 - [robot_6_log_20260602_144504.csv] - DEBUG - Despachado a ZMQ -> agent/6/move: {'v': 0.0, 'w': 0.0}
2026-06-02 14:45:35.864 - [robot_6_log_20260602_144504.csv] - DEBUG - Incoming data. Topic {"x": 98.71, "y": 123.62, "yaw": 2.442, "timestamp": 1780404335.7852273}, mensaje 6/pos
2026-06-02 14:45:35.882 - [robot_6_log_20260602_144504.csv] - WARNING - SISTEMA DESCONECTADO: Parando robot por seguridad
2026-06-02 14:45:35.894 - [robot_6_log_20260602_144504.csv] - DEBUG - Despachado a ZMQ -> agent/6/move: {'v': 0.0, 'w': 0.0}
2026-06-02 14:45:35.894 - [robot_6_log_20260602_144504.csv] - DEBUG - Incoming data. Topic {"x": 98.71, "y": 123.62, "yaw": 2.442, "timestamp": 1780404335.7942836}, mensaje agent/6/wheel
2026-06-02 14:45:35.932 - [robot_6_log_20260602_144504.csv] - WARNING - SISTEMA DESCONECTADO: Parando robot por seguridad
2026-06-02 14:45:35.953 - [robot_6_log_20260602_144504.csv] - DEBUG - Despachado a ZMQ -> agent/6/move: {'v': 0.0, 'w': 0.0}
2026-06-02 14:45:35.982 - [robot_6_log_20260602_144504.csv] - WARNING - SISTEMA DESCONECTADO: Parando robot por seguridad
2026-06-02 14:45:35.988 - [robot_6_log_20260602_144504.csv] - DEBUG - Incoming data. Topic {"Wleft":-9.672818e-15,"Wright":-1.669775429e-14}, mensaje 6/pos
2026-06-02 14:45:35.998 - [robot_6_log_20260602_144504.csv] - DEBUG - Incoming data. Topic {"x": 98.72, "y": 123.64, "yaw": 2.438, "timestamp": 1780404335.9858017}, mensaje 6/pos
2026-06-02 14:45:36.003 - [robot_6_log_20260602_144504.csv] - DEBUG - Incoming data. Topic {"x": 98.72, "y": 123.64, "yaw": 2.438, "timestamp": 1780404335.9858017}, mensaje 6/pos
2026-06-02 14:45:36.008 - [robot_6_log_20260602_144504.csv] - DEBUG - Incoming data. Topic {"x": 98.72, "y": 123.64, "yaw": 2.438, "timestamp": 1780404335.9959571}, mensaje 6/pos
2026-06-02 14:45:36.008 - [robot_6_log_20260602_144504.csv] - DEBUG - Despachado a ZMQ -> agent/6/move: {'v': 0.0, 'w': 0.0}
2026-06-02 14:45:36.032 - [robot_6_log_20260602_144504.csv] - WARNING - SISTEMA DESCONECTADO: Parando robot por seguridad
2026-06-02 14:45:36.048 - [robot_6_log_20260602_144504.csv] - DEBUG - Incoming data. Topic {"x": 98.72, "y": 123.64, "yaw": 2.438, "timestamp": 1780404335.9959571}, mensaje agent/6/wheel
2026-06-02 14:45:36.058 - [robot_6_log_20260602_144504.csv] - DEBUG - Despachado a ZMQ -> agent/6/move: {'v': 0.0, 'w': 0.0}
2026-06-02 14:45:36.082 - [robot_6_log_20260602_144504.csv] - WARNING - SISTEMA DESCONECTADO: Parando robot por seguridad
2026-06-02 14:45:36.082 - [robot_6_log_20260602_144504.csv] - DEBUG - Incoming data. Topic {"Wleft":-9.672818e-15,"Wright":-1.669775429e-14}, mensaje 6/pos
2026-06-02 14:45:36.103 - [robot_6_log_20260602_144504.csv] - DEBUG - Despachado a ZMQ -> agent/6/move: {'v': 0.0, 'w': 0.0}
2026-06-02 14:45:36.103 - [robot_6_log_20260602_144504.csv] - DEBUG - Incoming data. Topic {"x": 98.73, "y": 123.62, "yaw": 2.438, "timestamp": 1780404336.0823147}, mensaje 6/pos
2026-06-02 14:45:36.128 - [robot_6_log_20260602_144504.csv] - DEBUG - Incoming data. Topic {"x": 98.73, "y": 123.62, "yaw": 2.438, "timestamp": 1780404336.0823147}, mensaje 6/pos
2026-06-02 14:45:36.132 - [robot_6_log_20260602_144504.csv] - WARNING - SISTEMA DESCONECTADO: Parando robot por seguridad
2026-06-02 14:45:36.143 - [robot_6_log_20260602_144504.csv] - DEBUG - Incoming data. Topic {"x": 98.73, "y": 123.62, "yaw": 2.438, "timestamp": 1780404336.091882}, mensaje agent/6/wheel
2026-06-02 14:45:36.153 - [robot_6_log_20260602_144504.csv] - DEBUG - Despachado a ZMQ -> agent/6/move: {'v': 0.0, 'w': 0.0}
2026-06-02 14:45:36.158 - [robot_6_log_20260602_144504.csv] - DEBUG - Incoming data. Topic {"Wleft":-9.672818e-15,"Wright":-1.669775429e-14}, mensaje 6/pos
2026-06-02 14:45:36.182 - [robot_6_log_20260602_144504.csv] - WARNING - SISTEMA DESCONECTADO: Parando robot por seguridad
2026-06-02 14:45:36.189 - [robot_6_log_20260602_144504.csv] - DEBUG - Incoming data. Topic {"x": 98.73, "y": 123.62, "yaw": 2.438, "timestamp": 1780404336.091882}, mensaje 6/pos
2026-06-02 14:45:36.204 - [robot_6_log_20260602_144504.csv] - DEBUG - Despachado a ZMQ -> agent/6/move: {'v': 0.0, 'w': 0.0}
2026-06-02 14:45:36.204 - [robot_6_log_20260602_144504.csv] - DEBUG - Incoming data. Topic {"x": 98.72, "y": 123.62, "yaw": 2.441, "timestamp": 1780404336.186545}, mensaje agent/6/wheel
2026-06-02 14:45:36.231 - [robot_6_log_20260602_144504.csv] - DEBUG - Incoming data. Topic {"Wleft":-9.672818e-15,"Wright":-1.669775429e-14}, mensaje 6/pos
2026-06-02 14:45:36.232 - [robot_6_log_20260602_144504.csv] - WARNING - SISTEMA DESCONECTADO: Parando robot por seguridad
2026-06-02 14:45:36.232 - [robot_6_log_20260602_144504.csv] - DEBUG - Incoming data. Topic {"x": 98.72, "y": 123.62, "yaw": 2.441, "timestamp": 1780404336.1984508}, mensaje 6/pos
2026-06-02 14:45:36.243 - [robot_6_log_20260602_144504.csv] - DEBUG - Incoming data. Topic {"x": 98.72, "y": 123.62, "yaw": 2.441, "timestamp": 1780404336.186545}, mensaje 6/pos
2026-06-02 14:45:36.248 - [robot_6_log_20260602_144504.csv] - DEBUG - Despachado a ZMQ -> agent/6/move: {'v': 0.0, 'w': 0.0}
2026-06-02 14:45:36.282 - [robot_6_log_20260602_144504.csv] - WARNING - SISTEMA DESCONECTADO: Parando robot por seguridad
2026-06-02 14:45:36.287 - [robot_6_log_20260602_144504.csv] - DEBUG - Incoming data. Topic {"x": 98.72, "y": 123.62, "yaw": 2.441, "timestamp": 1780404336.1984508}, mensaje 6/pos
2026-06-02 14:45:36.298 - [robot_6_log_20260602_144504.csv] - DEBUG - Incoming data. Topic {"x": 98.71, "y": 123.63, "yaw": 2.434, "timestamp": 1780404336.281749}, mensaje 6/pos
2026-06-02 14:45:36.303 - [robot_6_log_20260602_144504.csv] - DEBUG - Incoming data. Topic {"x": 98.71, "y": 123.63, "yaw": 2.434, "timestamp": 1780404336.281749}, mensaje 6/pos
2026-06-02 14:45:36.313 - [robot_6_log_20260602_144504.csv] - DEBUG - Incoming data. Topic {"x": 98.71, "y": 123.63, "yaw": 2.434, "timestamp": 1780404336.2917542}, mensaje agent/6/wheel
2026-06-02 14:45:36.313 - [robot_6_log_20260602_144504.csv] - DEBUG - Despachado a ZMQ -> agent/6/move: {'v': 0.0, 'w': 0.0}
2026-06-02 14:45:36.323 - [robot_6_log_20260602_144504.csv] - DEBUG - Incoming data. Topic {"Wleft":-9.672818e-15,"Wright":-1.669775429e-14}, mensaje 6/pos
2026-06-02 14:45:36.332 - [robot_6_log_20260602_144504.csv] - WARNING - SISTEMA DESCONECTADO: Parando robot por seguridad
2026-06-02 14:45:36.353 - [robot_6_log_20260602_144504.csv] - DEBUG - Despachado a ZMQ -> agent/6/move: {'v': 0.0, 'w': 0.0}
2026-06-02 14:45:36.382 - [robot_6_log_20260602_144504.csv] - WARNING - SISTEMA DESCONECTADO: Parando robot por seguridad
2026-06-02 14:45:36.394 - [robot_6_log_20260602_144504.csv] - DEBUG - Incoming data. Topic {"x": 98.71, "y": 123.63, "yaw": 2.434, "timestamp": 1780404336.2917542}, mensaje 6/pos
2026-06-02 14:45:36.399 - [robot_6_log_20260602_144504.csv] - DEBUG - Despachado a ZMQ -> agent/6/move: {'v': 0.0, 'w': 0.0}
2026-06-02 14:45:36.404 - [robot_6_log_20260602_144504.csv] - DEBUG - Incoming data. Topic {"x": 98.7, "y": 123.64, "yaw": 2.434, "timestamp": 1780404336.3857286}, mensaje 6/pos
2026-06-02 14:45:36.432 - [robot_6_log_20260602_144504.csv] - WARNING - SISTEMA DESCONECTADO: Parando robot por seguridad
2026-06-02 14:45:36.443 - [robot_6_log_20260602_144504.csv] - DEBUG - Incoming data. Topic {"x": 98.7, "y": 123.64, "yaw": 2.434, "timestamp": 1780404336.3857286}, mensaje agent/6/wheel
2026-06-02 14:45:36.448 - [robot_6_log_20260602_144504.csv] - DEBUG - Incoming data. Topic {"Wleft":-9.672818e-15,"Wright":-1.669775429e-14}, mensaje 6/pos
2026-06-02 14:45:36.453 - [robot_6_log_20260602_144504.csv] - DEBUG - Despachado a ZMQ -> agent/6/move: {'v': 0.0, 'w': 0.0}
2026-06-02 14:45:36.453 - [robot_6_log_20260602_144504.csv] - DEBUG - Incoming data. Topic {"x": 98.7, "y": 123.64, "yaw": 2.434, "timestamp": 1780404336.3949816}, mensaje 6/pos
2026-06-02 14:45:36.482 - [robot_6_log_20260602_144504.csv] - WARNING - SISTEMA DESCONECTADO: Parando robot por seguridad
2026-06-02 14:45:36.487 - [robot_6_log_20260602_144504.csv] - DEBUG - Incoming data. Topic {"x": 98.7, "y": 123.64, "yaw": 2.434, "timestamp": 1780404336.3949816}, mensaje 6/pos
2026-06-02 14:45:36.498 - [robot_6_log_20260602_144504.csv] - DEBUG - Incoming data. Topic {"x": 98.72, "y": 123.63, "yaw": 2.438, "timestamp": 1780404336.481606}, mensaje 6/pos
2026-06-02 14:45:36.503 - [robot_6_log_20260602_144504.csv] - DEBUG - Incoming data. Topic {"x": 98.72, "y": 123.63, "yaw": 2.438, "timestamp": 1780404336.481606}, mensaje 6/pos
2026-06-02 14:45:36.508 - [robot_6_log_20260602_144504.csv] - DEBUG - Despachado a ZMQ -> agent/6/move: {'v': 0.0, 'w': 0.0}
2026-06-02 14:45:36.508 - [robot_6_log_20260602_144504.csv] - DEBUG - Incoming data. Topic {"x": 98.72, "y": 123.63, "yaw": 2.438, "timestamp": 1780404336.4906433}, mensaje 6/pos
2026-06-02 14:45:36.532 - [robot_6_log_20260602_144504.csv] - WARNING - SISTEMA DESCONECTADO: Parando robot por seguridad
2026-06-02 14:45:36.548 - [robot_6_log_20260602_144504.csv] - DEBUG - Incoming data. Topic {"x": 98.72, "y": 123.63, "yaw": 2.438, "timestamp": 1780404336.4906433}, mensaje agent/6/wheel
2026-06-02 14:45:36.553 - [robot_6_log_20260602_144504.csv] - DEBUG - Despachado a ZMQ -> agent/6/move: {'v': 0.0, 'w': 0.0}
2026-06-02 14:45:36.582 - [robot_6_log_20260602_144504.csv] - WARNING - SISTEMA DESCONECTADO: Parando robot por seguridad
2026-06-02 14:45:36.604 - [robot_6_log_20260602_144504.csv] - DEBUG - Despachado a ZMQ -> agent/6/move: {'v': 0.0, 'w': 0.0}
2026-06-02 14:45:36.604 - [robot_6_log_20260602_144504.csv] - DEBUG - Incoming data. Topic {"Wleft":-9.672818e-15,"Wright":-1.669775429e-14}, mensaje agent/6/wheel
2026-06-02 14:45:36.632 - [robot_6_log_20260602_144504.csv] - WARNING - SISTEMA DESCONECTADO: Parando robot por seguridad
2026-06-02 14:45:36.654 - [robot_6_log_20260602_144504.csv] - DEBUG - Despachado a ZMQ -> agent/6/move: {'v': 0.0, 'w': 0.0}
2026-06-02 14:45:36.682 - [robot_6_log_20260602_144504.csv] - WARNING - SISTEMA DESCONECTADO: Parando robot por seguridad
2026-06-02 14:45:36.689 - [robot_6_log_20260602_144504.csv] - DEBUG - Incoming data. Topic {"Wleft":-9.672818e-15,"Wright":-1.669775429e-14}, mensaje 6/pos
2026-06-02 14:45:36.704 - [robot_6_log_20260602_144504.csv] - DEBUG - Incoming data. Topic {"x": 98.7, "y": 123.63, "yaw": 2.435, "timestamp": 1780404336.6858847}, mensaje 6/pos
2026-06-02 14:45:36.704 - [robot_6_log_20260602_144504.csv] - DEBUG - Despachado a ZMQ -> agent/6/move: {'v': 0.0, 'w': 0.0}
2026-06-02 14:45:36.732 - [robot_6_log_20260602_144504.csv] - DEBUG - Incoming data. Topic {"x": 98.7, "y": 123.63, "yaw": 2.435, "timestamp": 1780404336.6858847}, mensaje 6/pos
2026-06-02 14:45:36.733 - [robot_6_log_20260602_144504.csv] - DEBUG - Incoming data. Topic {"x": 98.7, "y": 123.63, "yaw": 2.435, "timestamp": 1780404336.6964314}, mensaje 6/pos
2026-06-02 14:45:36.732 - [robot_6_log_20260602_144504.csv] - WARNING - SISTEMA DESCONECTADO: Parando robot por seguridad
2026-06-02 14:45:36.743 - [robot_6_log_20260602_144504.csv] - DEBUG - Incoming data. Topic {"x": 98.7, "y": 123.63, "yaw": 2.435, "timestamp": 1780404336.6964314}, mensaje agent/6/wheel
2026-06-02 14:45:36.758 - [robot_6_log_20260602_144504.csv] - DEBUG - Despachado a ZMQ -> agent/6/move: {'v': 0.0, 'w': 0.0}
2026-06-02 14:45:36.782 - [robot_6_log_20260602_144504.csv] - WARNING - SISTEMA DESCONECTADO: Parando robot por seguridad
2026-06-02 14:45:36.788 - [robot_6_log_20260602_144504.csv] - DEBUG - Incoming data. Topic {"Wleft":-9.672818e-15,"Wright":-1.669775429e-14}, mensaje 6/pos
2026-06-02 14:45:36.794 - [robot_6_log_20260602_144504.csv] - DEBUG - Incoming data. Topic {"x": 98.71, "y": 123.64, "yaw": 2.438, "timestamp": 1780404336.7882483}, mensaje 6/pos
2026-06-02 14:45:36.809 - [robot_6_log_20260602_144504.csv] - DEBUG - Incoming data. Topic {"x": 98.71, "y": 123.64, "yaw": 2.438, "timestamp": 1780404336.7882483}, mensaje 6/pos
2026-06-02 14:45:36.814 - [robot_6_log_20260602_144504.csv] - DEBUG - Incoming data. Topic {"x": 98.71, "y": 123.64, "yaw": 2.438, "timestamp": 1780404336.8002849}, mensaje 6/pos
2026-06-02 14:45:36.814 - [robot_6_log_20260602_144504.csv] - DEBUG - Despachado a ZMQ -> agent/6/move: {'v': 0.0, 'w': 0.0}
2026-06-02 14:45:36.825 - [robot_6_log_20260602_144504.csv] - DEBUG - Incoming data. Topic {"x": 98.71, "y": 123.64, "yaw": 2.438, "timestamp": 1780404336.8002849}, mensaje agent/6/wheel
2026-06-02 14:45:36.832 - [robot_6_log_20260602_144504.csv] - WARNING - SISTEMA DESCONECTADO: Parando robot por seguridad
2026-06-02 14:45:36.854 - [robot_6_log_20260602_144504.csv] - DEBUG - Despachado a ZMQ -> agent/6/move: {'v': 0.0, 'w': 0.0}
2026-06-02 14:45:36.882 - [robot_6_log_20260602_144504.csv] - WARNING - SISTEMA DESCONECTADO: Parando robot por seguridad
2026-06-02 14:45:36.888 - [robot_6_log_20260602_144504.csv] - DEBUG - Incoming data. Topic {"Wleft":-9.672818e-15,"Wright":-1.669775429e-14}, mensaje 6/pos
2026-06-02 14:45:36.899 - [robot_6_log_20260602_144504.csv] - DEBUG - Incoming data. Topic {"x": 98.71, "y": 123.64, "yaw": 2.438, "timestamp": 1780404336.883329}, mensaje 6/pos
2026-06-02 14:45:36.899 - [robot_6_log_20260602_144504.csv] - DEBUG - Despachado a ZMQ -> agent/6/move: {'v': 0.0, 'w': 0.0}
2026-06-02 14:45:36.919 - [robot_6_log_20260602_144504.csv] - DEBUG - Incoming data. Topic {"x": 98.71, "y": 123.64, "yaw": 2.438, "timestamp": 1780404336.883329}, mensaje 6/pos
2026-06-02 14:45:36.931 - [robot_6_log_20260602_144504.csv] - DEBUG - Incoming data. Topic {"x": 98.71, "y": 123.64, "yaw": 2.438, "timestamp": 1780404336.8943858}, mensaje 6/pos
2026-06-02 14:45:36.932 - [robot_6_log_20260602_144504.csv] - WARNING - SISTEMA DESCONECTADO: Parando robot por seguridad
2026-06-02 14:45:36.938 - [robot_6_log_20260602_144504.csv] - DEBUG - Incoming data. Topic {"x": 98.71, "y": 123.64, "yaw": 2.438, "timestamp": 1780404336.8943858}, mensaje agent/6/wheel
2026-06-02 14:45:36.953 - [robot_6_log_20260602_144504.csv] - DEBUG - Despachado a ZMQ -> agent/6/move: {'v': 0.0, 'w': 0.0}
2026-06-02 14:45:36.982 - [robot_6_log_20260602_144504.csv] - WARNING - SISTEMA DESCONECTADO: Parando robot por seguridad
2026-06-02 14:45:37.003 - [robot_6_log_20260602_144504.csv] - DEBUG - Despachado a ZMQ -> agent/6/move: {'v': 0.0, 'w': 0.0}
2026-06-02 14:45:37.032 - [robot_6_log_20260602_144504.csv] - WARNING - SISTEMA DESCONECTADO: Parando robot por seguridad
2026-06-02 14:45:37.044 - [robot_6_log_20260602_144504.csv] - DEBUG - Incoming data. Topic {"Wleft":-9.672818e-15,"Wright":-1.669775429e-14}, mensaje agent/6/wheel
2026-06-02 14:45:37.064 - [robot_6_log_20260602_144504.csv] - DEBUG - Despachado a ZMQ -> agent/6/move: {'v': 0.0, 'w': 0.0}
2026-06-02 14:45:37.082 - [robot_6_log_20260602_144504.csv] - WARNING - SISTEMA DESCONECTADO: Parando robot por seguridad
2026-06-02 14:45:37.088 - [robot_6_log_20260602_144504.csv] - DEBUG - Despachado a ZMQ -> agent/6/move: {'v': 0.0, 'w': 0.0}
2026-06-02 14:45:37.130 - [robot_6_log_20260602_144504.csv] - DEBUG - Incoming data. Topic {"Wleft":-9.672818e-15,"Wright":-1.669775429e-14}, mensaje agent/6/wheel
2026-06-02 14:45:37.132 - [robot_6_log_20260602_144504.csv] - WARNING - SISTEMA DESCONECTADO: Parando robot por seguridad
2026-06-02 14:45:37.153 - [robot_6_log_20260602_144504.csv] - DEBUG - Despachado a ZMQ -> agent/6/move: {'v': 0.0, 'w': 0.0}
2026-06-02 14:45:37.182 - [robot_6_log_20260602_144504.csv] - WARNING - SISTEMA DESCONECTADO: Parando robot por seguridad
2026-06-02 14:45:37.189 - [robot_6_log_20260602_144504.csv] - DEBUG - Despachado a ZMQ -> agent/6/move: {'v': 0.0, 'w': 0.0}
2026-06-02 14:45:37.195 - [robot_6_log_20260602_144504.csv] - DEBUG - Incoming data. Topic {"Wleft":-9.672818e-15,"Wright":-1.669775429e-14}, mensaje 6/pos
2026-06-02 14:45:37.212 - [robot_6_log_20260602_144504.csv] - DEBUG - Incoming data. Topic agent/6/move, mensaje {"x": 98.71, "y": 123.63, "yaw": 2.434, "timestamp": 1780404337.1899924}
2026-06-02 14:45:37.218 - [robot_6_log_20260602_144504.csv] - DEBUG - Incoming data. Topic 6/pos, mensaje {"x": 98.71, "y": 123.63, "yaw": 2.434, "timestamp": 1780404337.1899924}
2026-06-02 14:45:37.218 - [robot_6_log_20260602_144504.csv] - DEBUG - Posición actualizada por visión: x=98.71, y=123.63, θ=2.43
2026-06-02 14:45:37.218 - [robot_6_log_20260602_144504.csv] - DEBUG - Frecuencia: 0.05 Hz | Latencia Red/Proc: 28.06 ms
2026-06-02 14:45:37.232 - [robot_6_log_20260602_144504.csv] - INFO - Usando posición VISION: x=98.71, y=123.63, θ=2.43
2026-06-02 14:45:37.233 - [robot_6_log_20260602_144504.csv] - DEBUG - Incoming data. Topic 6/pos, mensaje {"x": 98.71, "y": 123.63, "yaw": 2.434, "timestamp": 1780404337.2001948}
2026-06-02 14:45:37.233 - [robot_6_log_20260602_144504.csv] - INFO - Distancias a paredes: Left: 98.71, Right: 351.29, Top: 16.37, Bottom: 123.63
2026-06-02 14:45:37.233 - [robot_6_log_20260602_144504.csv] - DEBUG - Posición actualizada por visión: x=98.71, y=123.63, θ=2.43
2026-06-02 14:45:37.233 - [robot_6_log_20260602_144504.csv] - INFO - Posicion: 98.71, 123.63, 2.434 | Velocidad: -0.6500062442544229, -0.7599288666909947
2026-06-02 14:45:37.233 - [robot_6_log_20260602_144504.csv] - DEBUG - Frecuencia: 66.34 Hz | Latencia Red/Proc: 32.93 ms
2026-06-02 14:45:37.233 - [robot_6_log_20260602_144504.csv] - INFO - None
2026-06-02 14:45:37.233 - [robot_6_log_20260602_144504.csv] - DEBUG - Incoming data. Topic 6/pos, mensaje {"x": 98.71, "y": 123.63, "yaw": 2.434, "timestamp": 1780404337.2001948}
2026-06-02 14:45:37.233 - [robot_6_log_20260602_144504.csv] - DEBUG - Posición actualizada por visión: x=98.71, y=123.63, θ=2.43
2026-06-02 14:45:37.233 - [robot_6_log_20260602_144504.csv] - DEBUG - Frecuencia: 7049.25 Hz | Latencia Red/Proc: 33.07 ms
2026-06-02 14:45:37.233 - [robot_6_log_20260602_144504.csv] - WARNING - Estado FSM: ESPERANDO_GIRO | Target Wall: None | Target Theta: 10.08° |theta: 139.4579273348424 
2026-06-02 14:45:37.257 - [robot_6_log_20260602_144504.csv] - DEBUG - Incoming data. Topic agent/6/wheel, mensaje {"Wleft":-9.672818e-15,"Wright":-1.669775429e-14}
2026-06-02 14:45:37.282 - [robot_6_log_20260602_144504.csv] - INFO - Usando posición VISION: x=98.71, y=123.63, θ=2.43
2026-06-02 14:45:37.283 - [robot_6_log_20260602_144504.csv] - INFO - Distancias a paredes: Left: 98.71, Right: 351.29, Top: 16.37, Bottom: 123.63
2026-06-02 14:45:37.283 - [robot_6_log_20260602_144504.csv] - INFO - Posicion: 98.71, 123.63, 2.434 | Velocidad: -0.6500062442544229, -0.7599288666909947
2026-06-02 14:45:37.283 - [robot_6_log_20260602_144504.csv] - INFO - None
2026-06-02 14:45:37.283 - [robot_6_log_20260602_144504.csv] - WARNING - Estado FSM: ESPERANDO_GIRO | Target Wall: None | Target Theta: 10.08° |theta: 139.4579273348424 
2026-06-02 14:45:37.288 - [robot_6_log_20260602_144504.csv] - DEBUG - Incoming data. Topic 6/pos, mensaje {"x": 98.72, "y": 123.63, "yaw": 2.435, "timestamp": 1780404337.2857957}
2026-06-02 14:45:37.293 - [robot_6_log_20260602_144504.csv] - DEBUG - Posición actualizada por visión: x=98.72, y=123.63, θ=2.44
2026-06-02 14:45:37.299 - [robot_6_log_20260602_144504.csv] - DEBUG - Frecuencia: 14.99 Hz | Latencia Red/Proc: 14.18 ms
2026-06-02 14:45:37.305 - [robot_6_log_20260602_144504.csv] - DEBUG - Incoming data. Topic 6/pos, mensaje {"x": 98.72, "y": 123.63, "yaw": 2.435, "timestamp": 1780404337.2857957}
2026-06-02 14:45:37.305 - [robot_6_log_20260602_144504.csv] - DEBUG - Posición actualizada por visión: x=98.72, y=123.63, θ=2.44
2026-06-02 14:45:37.305 - [robot_6_log_20260602_144504.csv] - DEBUG - Frecuencia: 189.54 Hz | Latencia Red/Proc: 19.45 ms
2026-06-02 14:45:37.305 - [robot_6_log_20260602_144504.csv] - DEBUG - Incoming data. Topic 6/pos, mensaje {"x": 98.72, "y": 123.63, "yaw": 2.435, "timestamp": 1780404337.29524}
2026-06-02 14:45:37.305 - [robot_6_log_20260602_144504.csv] - DEBUG - Posición actualizada por visión: x=98.72, y=123.63, θ=2.44
2026-06-02 14:45:37.310 - [robot_6_log_20260602_144504.csv] - DEBUG - Frecuencia: 181.39 Hz | Latencia Red/Proc: 15.52 ms
2026-06-02 14:45:37.310 - [robot_6_log_20260602_144504.csv] - DEBUG - Incoming data. Topic 6/pos, mensaje {"x": 98.72, "y": 123.63, "yaw": 2.435, "timestamp": 1780404337.29524}
2026-06-02 14:45:37.310 - [robot_6_log_20260602_144504.csv] - DEBUG - Posición actualizada por visión: x=98.72, y=123.63, θ=2.44
2026-06-02 14:45:37.310 - [robot_6_log_20260602_144504.csv] - DEBUG - Frecuencia: 9446.63 Hz | Latencia Red/Proc: 15.63 ms
2026-06-02 14:45:37.332 - [robot_6_log_20260602_144504.csv] - INFO - Usando posición VISION: x=98.72, y=123.63, θ=2.44
2026-06-02 14:45:37.332 - [robot_6_log_20260602_144504.csv] - INFO - Distancias a paredes: Left: 98.72, Right: 351.28, Top: 16.37, Bottom: 123.63
2026-06-02 14:45:37.333 - [robot_6_log_20260602_144504.csv] - INFO - Posicion: 98.72, 123.63, 2.435 | Velocidad: -0.6492459905112917, -0.760578492862513
2026-06-02 14:45:37.333 - [robot_6_log_20260602_144504.csv] - INFO - None
2026-06-02 14:45:37.333 - [robot_6_log_20260602_144504.csv] - WARNING - Estado FSM: ESPERANDO_GIRO | Target Wall: None | Target Theta: 10.08° |theta: 139.51522311435545 
2026-06-02 14:45:37.338 - [robot_6_log_20260602_144504.csv] - DEBUG - Incoming data. Topic agent/6/wheel, mensaje {"Wleft":-9.672818e-15,"Wright":-1.669775429e-14}
2026-06-02 14:45:37.382 - [robot_6_log_20260602_144504.csv] - INFO - Usando posición VISION: x=98.72, y=123.63, θ=2.44
2026-06-02 14:45:37.383 - [robot_6_log_20260602_144504.csv] - INFO - Distancias a paredes: Left: 98.72, Right: 351.28, Top: 16.37, Bottom: 123.63
2026-06-02 14:45:37.383 - [robot_6_log_20260602_144504.csv] - INFO - Posicion: 98.72, 123.63, 2.435 | Velocidad: -0.6492459905112917, -0.760578492862513
2026-06-02 14:45:37.383 - [robot_6_log_20260602_144504.csv] - INFO - None
2026-06-02 14:45:37.383 - [robot_6_log_20260602_144504.csv] - WARNING - Estado FSM: ESPERANDO_GIRO | Target Wall: None | Target Theta: 10.08° |theta: 139.51522311435545 
2026-06-02 14:45:37.389 - [robot_6_log_20260602_144504.csv] - DEBUG - Incoming data. Topic 6/pos, mensaje {"x": 98.7, "y": 123.65, "yaw": 2.439, "timestamp": 1780404337.387053}
2026-06-02 14:45:37.394 - [robot_6_log_20260602_144504.csv] - DEBUG - Posición actualizada por visión: x=98.70, y=123.65, θ=2.44
2026-06-02 14:45:37.399 - [robot_6_log_20260602_144504.csv] - DEBUG - Frecuencia: 11.26 Hz | Latencia Red/Proc: 12.60 ms
2026-06-02 14:45:37.410 - [robot_6_log_20260602_144504.csv] - DEBUG - Incoming data. Topic 6/pos, mensaje {"x": 98.7, "y": 123.65, "yaw": 2.439, "timestamp": 1780404337.387053}
2026-06-02 14:45:37.416 - [robot_6_log_20260602_144504.csv] - DEBUG - Posición actualizada por visión: x=98.70, y=123.65, θ=2.44
2026-06-02 14:45:37.416 - [robot_6_log_20260602_144504.csv] - DEBUG - Frecuencia: 60.83 Hz | Latencia Red/Proc: 29.04 ms
2026-06-02 14:45:37.416 - [robot_6_log_20260602_144504.csv] - DEBUG - Incoming data. Topic 6/pos, mensaje {"x": 98.7, "y": 123.65, "yaw": 2.439, "timestamp": 1780404337.3997736}
2026-06-02 14:45:37.421 - [robot_6_log_20260602_144504.csv] - DEBUG - Posición actualizada por visión: x=98.70, y=123.65, θ=2.44
2026-06-02 14:45:37.426 - [robot_6_log_20260602_144504.csv] - DEBUG - Frecuencia: 97.87 Hz | Latencia Red/Proc: 26.53 ms
2026-06-02 14:45:37.426 - [robot_6_log_20260602_144504.csv] - DEBUG - Incoming data. Topic 6/pos, mensaje {"x": 98.7, "y": 123.65, "yaw": 2.439, "timestamp": 1780404337.3997736}
2026-06-02 14:45:37.426 - [robot_6_log_20260602_144504.csv] - DEBUG - Posición actualizada por visión: x=98.70, y=123.65, θ=2.44
2026-06-02 14:45:37.426 - [robot_6_log_20260602_144504.csv] - DEBUG - Frecuencia: 17924.38 Hz | Latencia Red/Proc: 26.59 ms
2026-06-02 14:45:37.432 - [robot_6_log_20260602_144504.csv] - INFO - Usando posición VISION: x=98.70, y=123.65, θ=2.44
2026-06-02 14:45:37.432 - [robot_6_log_20260602_144504.csv] - INFO - Distancias a paredes: Left: 98.70, Right: 351.30, Top: 16.35, Bottom: 123.65
2026-06-02 14:45:37.433 - [robot_6_log_20260602_144504.csv] - INFO - Posicion: 98.7, 123.65, 2.439 | Velocidad: -0.6461984906916737, -0.7631693852794431
2026-06-02 14:45:37.433 - [robot_6_log_20260602_144504.csv] - INFO - None
2026-06-02 14:45:37.433 - [robot_6_log_20260602_144504.csv] - WARNING - Estado FSM: ESPERANDO_GIRO | Target Wall: None | Target Theta: 10.08° |theta: 139.74440623240778 
2026-06-02 14:45:37.475 - [robot_6_log_20260602_144504.csv] - DEBUG - Incoming data. Topic agent/6/wheel, mensaje {"Wleft":-9.672818e-15,"Wright":-1.669775429e-14}
2026-06-02 14:45:37.482 - [robot_6_log_20260602_144504.csv] - INFO - Usando posición VISION: x=98.70, y=123.65, θ=2.44
2026-06-02 14:45:37.483 - [robot_6_log_20260602_144504.csv] - INFO - Distancias a paredes: Left: 98.70, Right: 351.30, Top: 16.35, Bottom: 123.65
2026-06-02 14:45:37.483 - [robot_6_log_20260602_144504.csv] - INFO - Posicion: 98.7, 123.65, 2.439 | Velocidad: -0.6461984906916737, -0.7631693852794431
2026-06-02 14:45:37.483 - [robot_6_log_20260602_144504.csv] - INFO - None
2026-06-02 14:45:37.483 - [robot_6_log_20260602_144504.csv] - WARNING - Estado FSM: ESPERANDO_GIRO | Target Wall: None | Target Theta: 10.08° |theta: 139.74440623240778 
2026-06-02 14:45:37.489 - [robot_6_log_20260602_144504.csv] - DEBUG - Incoming data. Topic 6/pos, mensaje {"x": 98.72, "y": 123.62, "yaw": 2.437, "timestamp": 1780404337.4840474}
2026-06-02 14:45:37.494 - [robot_6_log_20260602_144504.csv] - DEBUG - Posición actualizada por visión: x=98.72, y=123.62, θ=2.44
2026-06-02 14:45:37.499 - [robot_6_log_20260602_144504.csv] - DEBUG - Frecuencia: 13.64 Hz | Latencia Red/Proc: 15.61 ms
2026-06-02 14:45:37.504 - [robot_6_log_20260602_144504.csv] - DEBUG - Incoming data. Topic 6/pos, mensaje {"x": 98.72, "y": 123.62, "yaw": 2.437, "timestamp": 1780404337.4840474}
2026-06-02 14:45:37.510 - [robot_6_log_20260602_144504.csv] - DEBUG - Posición actualizada por visión: x=98.72, y=123.62, θ=2.44
2026-06-02 14:45:37.515 - [robot_6_log_20260602_144504.csv] - DEBUG - Frecuencia: 63.49 Hz | Latencia Red/Proc: 31.36 ms
2026-06-02 14:45:37.525 - [robot_6_log_20260602_144504.csv] - DEBUG - Incoming data. Topic 6/pos, mensaje {"x": 98.72, "y": 123.62, "yaw": 2.437, "timestamp": 1780404337.4938354}
2026-06-02 14:45:37.530 - [robot_6_log_20260602_144504.csv] - DEBUG - Posición actualizada por visión: x=98.72, y=123.62, θ=2.44
2026-06-02 14:45:37.533 - [robot_6_log_20260602_144504.csv] - DEBUG - Frecuencia: 56.51 Hz | Latencia Red/Proc: 39.27 ms
2026-06-02 14:45:37.533 - [robot_6_log_20260602_144504.csv] - DEBUG - Incoming data. Topic 6/pos, mensaje {"x": 98.72, "y": 123.62, "yaw": 2.437, "timestamp": 1780404337.4938354}
2026-06-02 14:45:37.533 - [robot_6_log_20260602_144504.csv] - DEBUG - Posición actualizada por visión: x=98.72, y=123.62, θ=2.44
2026-06-02 14:45:37.532 - [robot_6_log_20260602_144504.csv] - INFO - Usando posición VISION: x=98.72, y=123.62, θ=2.44
2026-06-02 14:45:37.533 - [robot_6_log_20260602_144504.csv] - DEBUG - Frecuencia: 22192.08 Hz | Latencia Red/Proc: 39.31 ms
2026-06-02 14:45:37.533 - [robot_6_log_20260602_144504.csv] - INFO - Distancias a paredes: Left: 98.72, Right: 351.28, Top: 16.38, Bottom: 123.62
2026-06-02 14:45:37.533 - [robot_6_log_20260602_144504.csv] - INFO - Posicion: 98.72, 123.62, 2.437 | Velocidad: -0.6477235360481232, -0.7618754628213956
2026-06-02 14:45:37.533 - [robot_6_log_20260602_144504.csv] - INFO - None
2026-06-02 14:45:37.533 - [robot_6_log_20260602_144504.csv] - WARNING - Estado FSM: ESPERANDO_GIRO | Target Wall: None | Target Theta: 10.08° |theta: 139.62981467338162 
2026-06-02 14:45:37.539 - [robot_6_log_20260602_144504.csv] - DEBUG - Incoming data. Topic agent/6/wheel, mensaje {"Wleft":-9.672818e-15,"Wright":-1.669775429e-14}
2026-06-02 14:45:37.582 - [robot_6_log_20260602_144504.csv] - INFO - Usando posición VISION: x=98.72, y=123.62, θ=2.44
2026-06-02 14:45:37.583 - [robot_6_log_20260602_144504.csv] - INFO - Distancias a paredes: Left: 98.72, Right: 351.28, Top: 16.38, Bottom: 123.62
2026-06-02 14:45:37.583 - [robot_6_log_20260602_144504.csv] - INFO - Posicion: 98.72, 123.62, 2.437 | Velocidad: -0.6477235360481232, -0.7618754628213956
2026-06-02 14:45:37.583 - [robot_6_log_20260602_144504.csv] - INFO - None
2026-06-02 14:45:37.583 - [robot_6_log_20260602_144504.csv] - WARNING - Estado FSM: ESPERANDO_GIRO | Target Wall: None | Target Theta: 10.08° |theta: 139.62981467338162 
2026-06-02 14:45:37.632 - [robot_6_log_20260602_144504.csv] - INFO - Usando posición VISION: x=98.72, y=123.62, θ=2.44
2026-06-02 14:45:37.633 - [robot_6_log_20260602_144504.csv] - INFO - Distancias a paredes: Left: 98.72, Right: 351.28, Top: 16.38, Bottom: 123.62
2026-06-02 14:45:37.633 - [robot_6_log_20260602_144504.csv] - INFO - Posicion: 98.72, 123.62, 2.437 | Velocidad: -0.6477235360481232, -0.7618754628213956
2026-06-02 14:45:37.633 - [robot_6_log_20260602_144504.csv] - INFO - None
2026-06-02 14:45:37.633 - [robot_6_log_20260602_144504.csv] - WARNING - Estado FSM: ESPERANDO_GIRO | Target Wall: None | Target Theta: 10.08° |theta: 139.62981467338162 
2026-06-02 14:45:37.682 - [robot_6_log_20260602_144504.csv] - INFO - Usando posición VISION: x=98.72, y=123.62, θ=2.44
2026-06-02 14:45:37.683 - [robot_6_log_20260602_144504.csv] - DEBUG - Incoming data. Topic agent/6/wheel, mensaje {"Wleft":-9.672818e-15,"Wright":-1.669775429e-14}
2026-06-02 14:45:37.683 - [robot_6_log_20260602_144504.csv] - INFO - Distancias a paredes: Left: 98.72, Right: 351.28, Top: 16.38, Bottom: 123.62
2026-06-02 14:45:37.683 - [robot_6_log_20260602_144504.csv] - INFO - Posicion: 98.72, 123.62, 2.437 | Velocidad: -0.6477235360481232, -0.7618754628213956
2026-06-02 14:45:37.683 - [robot_6_log_20260602_144504.csv] - INFO - None
2026-06-02 14:45:37.683 - [robot_6_log_20260602_144504.csv] - WARNING - Estado FSM: ESPERANDO_GIRO | Target Wall: None | Target Theta: 10.08° |theta: 139.62981467338162 
2026-06-02 14:45:37.689 - [robot_6_log_20260602_144504.csv] - DEBUG - Incoming data. Topic 6/pos, mensaje {"x": 98.71, "y": 123.63, "yaw": 2.437, "timestamp": 1780404337.685021}
2026-06-02 14:45:37.694 - [robot_6_log_20260602_144504.csv] - DEBUG - Posición actualizada por visión: x=98.71, y=123.63, θ=2.44
2026-06-02 14:45:37.694 - [robot_6_log_20260602_144504.csv] - DEBUG - Frecuencia: 6.18 Hz | Latencia Red/Proc: 9.86 ms
2026-06-02 14:45:37.694 - [robot_6_log_20260602_144504.csv] - DEBUG - Incoming data. Topic 6/pos, mensaje {"x": 98.71, "y": 123.63, "yaw": 2.437, "timestamp": 1780404337.685021}
2026-06-02 14:45:37.694 - [robot_6_log_20260602_144504.csv] - DEBUG - Posición actualizada por visión: x=98.71, y=123.63, θ=2.44
2026-06-02 14:45:37.694 - [robot_6_log_20260602_144504.csv] - DEBUG - Frecuencia: 8774.69 Hz | Latencia Red/Proc: 9.97 ms
2026-06-02 14:45:37.700 - [robot_6_log_20260602_144504.csv] - DEBUG - Incoming data. Topic 6/pos, mensaje {"x": 98.71, "y": 123.63, "yaw": 2.437, "timestamp": 1780404337.6981297}
2026-06-02 14:45:37.700 - [robot_6_log_20260602_144504.csv] - DEBUG - Posición actualizada por visión: x=98.71, y=123.63, θ=2.44
2026-06-02 14:45:37.706 - [robot_6_log_20260602_144504.csv] - DEBUG - Frecuencia: 90.54 Hz | Latencia Red/Proc: 7.91 ms
2026-06-02 14:45:37.711 - [robot_6_log_20260602_144504.csv] - DEBUG - Incoming data. Topic 6/pos, mensaje {"x": 98.71, "y": 123.63, "yaw": 2.437, "timestamp": 1780404337.6981297}
2026-06-02 14:45:37.716 - [robot_6_log_20260602_144504.csv] - DEBUG - Posición actualizada por visión: x=98.71, y=123.63, θ=2.44
2026-06-02 14:45:37.716 - [robot_6_log_20260602_144504.csv] - DEBUG - Frecuencia: 95.87 Hz | Latencia Red/Proc: 18.34 ms
2026-06-02 14:45:37.732 - [robot_6_log_20260602_144504.csv] - INFO - Usando posición VISION: x=98.71, y=123.63, θ=2.44
2026-06-02 14:45:37.733 - [robot_6_log_20260602_144504.csv] - INFO - Distancias a paredes: Left: 98.71, Right: 351.29, Top: 16.37, Bottom: 123.63
2026-06-02 14:45:37.733 - [robot_6_log_20260602_144504.csv] - INFO - Posicion: 98.71, 123.63, 2.437 | Velocidad: -0.6477235360481232, -0.7618754628213956
2026-06-02 14:45:37.733 - [robot_6_log_20260602_144504.csv] - INFO - None
2026-06-02 14:45:37.733 - [robot_6_log_20260602_144504.csv] - WARNING - Estado FSM: ESPERANDO_GIRO | Target Wall: None | Target Theta: 10.08° |theta: 139.62981467338162 
2026-06-02 14:45:37.783 - [robot_6_log_20260602_144504.csv] - INFO - Usando posición VISION: x=98.71, y=123.63, θ=2.44
2026-06-02 14:45:37.783 - [robot_6_log_20260602_144504.csv] - INFO - Distancias a paredes: Left: 98.71, Right: 351.29, Top: 16.37, Bottom: 123.63
2026-06-02 14:45:37.783 - [robot_6_log_20260602_144504.csv] - INFO - Posicion: 98.71, 123.63, 2.437 | Velocidad: -0.6477235360481232, -0.7618754628213956
2026-06-02 14:45:37.783 - [robot_6_log_20260602_144504.csv] - INFO - None
2026-06-02 14:45:37.783 - [robot_6_log_20260602_144504.csv] - WARNING - Estado FSM: ESPERANDO_GIRO | Target Wall: None | Target Theta: 10.08° |theta: 139.62981467338162 
2026-06-02 14:45:37.793 - [robot_6_log_20260602_144504.csv] - DEBUG - Incoming data. Topic agent/6/wheel, mensaje {"Wleft":-9.672818e-15,"Wright":-1.669775429e-14}
2026-06-02 14:45:37.798 - [robot_6_log_20260602_144504.csv] - DEBUG - Incoming data. Topic 6/pos, mensaje {"x": 98.7, "y": 123.63, "yaw": 2.432, "timestamp": 1780404337.78799}
2026-06-02 14:45:37.803 - [robot_6_log_20260602_144504.csv] - DEBUG - Posición actualizada por visión: x=98.70, y=123.63, θ=2.43
2026-06-02 14:45:37.803 - [robot_6_log_20260602_144504.csv] - DEBUG - Frecuencia: 11.44 Hz | Latencia Red/Proc: 15.86 ms
2026-06-02 14:45:37.808 - [robot_6_log_20260602_144504.csv] - DEBUG - Incoming data. Topic 6/pos, mensaje {"x": 98.7, "y": 123.63, "yaw": 2.432, "timestamp": 1780404337.78799}
2026-06-02 14:45:37.808 - [robot_6_log_20260602_144504.csv] - DEBUG - Posición actualizada por visión: x=98.70, y=123.63, θ=2.43
2026-06-02 14:45:37.814 - [robot_6_log_20260602_144504.csv] - DEBUG - Frecuencia: 97.30 Hz | Latencia Red/Proc: 26.14 ms
2026-06-02 14:45:37.824 - [robot_6_log_20260602_144504.csv] - DEBUG - Incoming data. Topic 6/pos, mensaje {"x": 98.7, "y": 123.63, "yaw": 2.432, "timestamp": 1780404337.798251}
2026-06-02 14:45:37.829 - [robot_6_log_20260602_144504.csv] - DEBUG - Posición actualizada por visión: x=98.70, y=123.63, θ=2.43
2026-06-02 14:45:37.829 - [robot_6_log_20260602_144504.csv] - DEBUG - Frecuencia: 64.81 Hz | Latencia Red/Proc: 31.31 ms
2026-06-02 14:45:37.832 - [robot_6_log_20260602_144504.csv] - INFO - Usando posición VISION: x=98.70, y=123.63, θ=2.43
2026-06-02 14:45:37.833 - [robot_6_log_20260602_144504.csv] - INFO - Distancias a paredes: Left: 98.70, Right: 351.30, Top: 16.37, Bottom: 123.63
2026-06-02 14:45:37.833 - [robot_6_log_20260602_144504.csv] - DEBUG - Incoming data. Topic 6/pos, mensaje {"x": 98.7, "y": 123.63, "yaw": 2.432, "timestamp": 1780404337.798251}
2026-06-02 14:45:37.833 - [robot_6_log_20260602_144504.csv] - INFO - Posicion: 98.7, 123.63, 2.432 | Velocidad: -0.6515248009625115, -0.7586273352119337
2026-06-02 14:45:37.833 - [robot_6_log_20260602_144504.csv] - INFO - None
2026-06-02 14:45:37.833 - [robot_6_log_20260602_144504.csv] - DEBUG - Posición actualizada por visión: x=98.70, y=123.63, θ=2.43
2026-06-02 14:45:37.833 - [robot_6_log_20260602_144504.csv] - WARNING - Estado FSM: ESPERANDO_GIRO | Target Wall: None | Target Theta: 10.08° |theta: 139.3433357758162 
2026-06-02 14:45:37.833 - [robot_6_log_20260602_144504.csv] - DEBUG - Frecuencia: 261.85 Hz | Latencia Red/Proc: 35.12 ms
2026-06-02 14:45:37.849 - [robot_6_log_20260602_144504.csv] - DEBUG - Incoming data. Topic agent/6/wheel, mensaje {"Wleft":-9.672818e-15,"Wright":-1.669775429e-14}
2026-06-02 14:45:37.882 - [robot_6_log_20260602_144504.csv] - INFO - Usando posición VISION: x=98.70, y=123.63, θ=2.43
2026-06-02 14:45:37.883 - [robot_6_log_20260602_144504.csv] - INFO - Distancias a paredes: Left: 98.70, Right: 351.30, Top: 16.37, Bottom: 123.63
2026-06-02 14:45:37.883 - [robot_6_log_20260602_144504.csv] - INFO - Posicion: 98.7, 123.63, 2.432 | Velocidad: -0.6515248009625115, -0.7586273352119337
2026-06-02 14:45:37.883 - [robot_6_log_20260602_144504.csv] - INFO - None
2026-06-02 14:45:37.883 - [robot_6_log_20260602_144504.csv] - WARNING - Estado FSM: ESPERANDO_GIRO | Target Wall: None | Target Theta: 10.08° |theta: 139.3433357758162 
2026-06-02 14:45:37.932 - [robot_6_log_20260602_144504.csv] - INFO - Usando posición VISION: x=98.70, y=123.63, θ=2.43
2026-06-02 14:45:37.933 - [robot_6_log_20260602_144504.csv] - INFO - Distancias a paredes: Left: 98.70, Right: 351.30, Top: 16.37, Bottom: 123.63
2026-06-02 14:45:37.933 - [robot_6_log_20260602_144504.csv] - INFO - Posicion: 98.7, 123.63, 2.432 | Velocidad: -0.6515248009625115, -0.7586273352119337
2026-06-02 14:45:37.933 - [robot_6_log_20260602_144504.csv] - INFO - None
2026-06-02 14:45:37.933 - [robot_6_log_20260602_144504.csv] - WARNING - Estado FSM: ESPERANDO_GIRO | Target Wall: None | Target Theta: 10.08° |theta: 139.3433357758162 
2026-06-02 14:45:37.982 - [robot_6_log_20260602_144504.csv] - INFO - Usando posición VISION: x=98.70, y=123.63, θ=2.43
2026-06-02 14:45:37.983 - [robot_6_log_20260602_144504.csv] - INFO - Distancias a paredes: Left: 98.70, Right: 351.30, Top: 16.37, Bottom: 123.63
2026-06-02 14:45:37.983 - [robot_6_log_20260602_144504.csv] - INFO - Posicion: 98.7, 123.63, 2.432 | Velocidad: -0.6515248009625115, -0.7586273352119337
2026-06-02 14:45:37.983 - [robot_6_log_20260602_144504.csv] - INFO - None
2026-06-02 14:45:37.983 - [robot_6_log_20260602_144504.csv] - WARNING - Estado FSM: ESPERANDO_GIRO | Target Wall: None | Target Theta: 10.08° |theta: 139.3433357758162 
2026-06-02 14:45:37.994 - [robot_6_log_20260602_144504.csv] - DEBUG - Incoming data. Topic 6/pos, mensaje {"x": 98.72, "y": 123.61, "yaw": 2.436, "timestamp": 1780404337.9857514}
2026-06-02 14:45:37.994 - [robot_6_log_20260602_144504.csv] - DEBUG - Posición actualizada por visión: x=98.72, y=123.61, θ=2.44
2026-06-02 14:45:37.994 - [robot_6_log_20260602_144504.csv] - DEBUG - Frecuencia: 6.21 Hz | Latencia Red/Proc: 8.72 ms
2026-06-02 14:45:37.994 - [robot_6_log_20260602_144504.csv] - DEBUG - Incoming data. Topic 6/pos, mensaje {"x": 98.72, "y": 123.61, "yaw": 2.436, "timestamp": 1780404337.9857514}
2026-06-02 14:45:37.994 - [robot_6_log_20260602_144504.csv] - DEBUG - Posición actualizada por visión: x=98.72, y=123.61, θ=2.44
2026-06-02 14:45:37.994 - [robot_6_log_20260602_144504.csv] - DEBUG - Frecuencia: 21399.51 Hz | Latencia Red/Proc: 8.77 ms
2026-06-02 14:45:38.000 - [robot_6_log_20260602_144504.csv] - DEBUG - Incoming data. Topic 6/pos, mensaje {"x": 98.72, "y": 123.61, "yaw": 2.436, "timestamp": 1780404337.995629}
2026-06-02 14:45:38.000 - [robot_6_log_20260602_144504.csv] - DEBUG - Posición actualizada por visión: x=98.72, y=123.61, θ=2.44
2026-06-02 14:45:38.005 - [robot_6_log_20260602_144504.csv] - DEBUG - Frecuencia: 88.88 Hz | Latencia Red/Proc: 10.14 ms
2026-06-02 14:45:38.005 - [robot_6_log_20260602_144504.csv] - DEBUG - Incoming data. Topic agent/6/wheel, mensaje {"Wleft":-9.672818e-15,"Wright":-1.669775429e-14}
2026-06-02 14:45:38.032 - [robot_6_log_20260602_144504.csv] - INFO - Usando posición VISION: x=98.72, y=123.61, θ=2.44
2026-06-02 14:45:38.033 - [robot_6_log_20260602_144504.csv] - INFO - Distancias a paredes: Left: 98.72, Right: 351.28, Top: 16.39, Bottom: 123.61
2026-06-02 14:45:38.033 - [robot_6_log_20260602_144504.csv] - INFO - Posicion: 98.72, 123.61, 2.436 | Velocidad: -0.6484850875222241, -0.7612273584556019
2026-06-02 14:45:38.033 - [robot_6_log_20260602_144504.csv] - INFO - None
2026-06-02 14:45:38.033 - [robot_6_log_20260602_144504.csv] - WARNING - Estado FSM: ESPERANDO_GIRO | Target Wall: None | Target Theta: 10.08° |theta: 139.57251889386853 
2026-06-02 14:45:38.039 - [robot_6_log_20260602_144504.csv] - DEBUG - Incoming data. Topic 6/pos, mensaje {"x": 98.72, "y": 123.61, "yaw": 2.436, "timestamp": 1780404337.995629}
2026-06-02 14:45:38.044 - [robot_6_log_20260602_144504.csv] - DEBUG - Posición actualizada por visión: x=98.72, y=123.61, θ=2.44
2026-06-02 14:45:38.044 - [robot_6_log_20260602_144504.csv] - DEBUG - Frecuencia: 25.92 Hz | Latencia Red/Proc: 48.73 ms
2026-06-02 14:45:38.060 - [robot_6_log_20260602_144504.csv] - DEBUG - Incoming data. Topic agent/6/wheel, mensaje {"Wleft":-9.672818e-15,"Wright":-1.669775429e-14}
2026-06-02 14:45:38.083 - [robot_6_log_20260602_144504.csv] - INFO - Usando posición VISION: x=98.72, y=123.61, θ=2.44
2026-06-02 14:45:38.083 - [robot_6_log_20260602_144504.csv] - INFO - Distancias a paredes: Left: 98.72, Right: 351.28, Top: 16.39, Bottom: 123.61
2026-06-02 14:45:38.083 - [robot_6_log_20260602_144504.csv] - INFO - Posicion: 98.72, 123.61, 2.436 | Velocidad: -0.6484850875222241, -0.7612273584556019
2026-06-02 14:45:38.083 - [robot_6_log_20260602_144504.csv] - INFO - None
2026-06-02 14:45:38.083 - [robot_6_log_20260602_144504.csv] - WARNING - Estado FSM: ESPERANDO_GIRO | Target Wall: None | Target Theta: 10.08° |theta: 139.57251889386853 
2026-06-02 14:45:38.094 - [robot_6_log_20260602_144504.csv] - DEBUG - Incoming data. Topic 6/pos, mensaje {"x": 98.72, "y": 123.62, "yaw": 2.441, "timestamp": 1780404338.0846565}
2026-06-02 14:45:38.099 - [robot_6_log_20260602_144504.csv] - DEBUG - Posición actualizada por visión: x=98.72, y=123.62, θ=2.44
2026-06-02 14:45:38.104 - [robot_6_log_20260602_144504.csv] - DEBUG - Frecuencia: 16.58 Hz | Latencia Red/Proc: 20.00 ms
2026-06-02 14:45:38.114 - [robot_6_log_20260602_144504.csv] - DEBUG - Incoming data. Topic 6/pos, mensaje {"x": 98.72, "y": 123.62, "yaw": 2.441, "timestamp": 1780404338.0846565}
2026-06-02 14:45:38.120 - [robot_6_log_20260602_144504.csv] - DEBUG - Posición actualizada por visión: x=98.72, y=123.62, θ=2.44
2026-06-02 14:45:38.125 - [robot_6_log_20260602_144504.csv] - DEBUG - Frecuencia: 48.77 Hz | Latencia Red/Proc: 40.50 ms
2026-06-02 14:45:38.132 - [robot_6_log_20260602_144504.csv] - INFO - Usando posición VISION: x=98.72, y=123.62, θ=2.44
2026-06-02 14:45:38.133 - [robot_6_log_20260602_144504.csv] - INFO - Distancias a paredes: Left: 98.72, Right: 351.28, Top: 16.38, Bottom: 123.62
2026-06-02 14:45:38.133 - [robot_6_log_20260602_144504.csv] - INFO - Posicion: 98.72, 123.62, 2.441 | Velocidad: -0.6446708605421233, -0.7644602550609667
2026-06-02 14:45:38.133 - [robot_6_log_20260602_144504.csv] - INFO - None
2026-06-02 14:45:38.133 - [robot_6_log_20260602_144504.csv] - DEBUG - Incoming data. Topic 6/pos, mensaje {"x": 98.72, "y": 123.62, "yaw": 2.441, "timestamp": 1780404338.0944753}
2026-06-02 14:45:38.133 - [robot_6_log_20260602_144504.csv] - WARNING - Estado FSM: ESPERANDO_GIRO | Target Wall: None | Target Theta: 10.08° |theta: 139.85899779143395 
2026-06-02 14:45:38.133 - [robot_6_log_20260602_144504.csv] - DEBUG - Posición actualizada por visión: x=98.72, y=123.62, θ=2.44
2026-06-02 14:45:38.143 - [robot_6_log_20260602_144504.csv] - DEBUG - Frecuencia: 54.81 Hz | Latencia Red/Proc: 48.93 ms
2026-06-02 14:45:38.154 - [robot_6_log_20260602_144504.csv] - DEBUG - Incoming data. Topic 6/pos, mensaje {"x": 98.72, "y": 123.62, "yaw": 2.441, "timestamp": 1780404338.0944753}
2026-06-02 14:45:38.154 - [robot_6_log_20260602_144504.csv] - DEBUG - Posición actualizada por visión: x=98.72, y=123.62, θ=2.44
2026-06-02 14:45:38.154 - [robot_6_log_20260602_144504.csv] - DEBUG - Frecuencia: 88.19 Hz | Latencia Red/Proc: 60.27 ms
2026-06-02 14:45:38.183 - [robot_6_log_20260602_144504.csv] - INFO - Usando posición VISION: x=98.72, y=123.62, θ=2.44
2026-06-02 14:45:38.183 - [robot_6_log_20260602_144504.csv] - INFO - Distancias a paredes: Left: 98.72, Right: 351.28, Top: 16.38, Bottom: 123.62
2026-06-02 14:45:38.183 - [robot_6_log_20260602_144504.csv] - INFO - Posicion: 98.72, 123.62, 2.441 | Velocidad: -0.6446708605421233, -0.7644602550609667
2026-06-02 14:45:38.183 - [robot_6_log_20260602_144504.csv] - INFO - None
2026-06-02 14:45:38.183 - [robot_6_log_20260602_144504.csv] - WARNING - Estado FSM: ESPERANDO_GIRO | Target Wall: None | Target Theta: 10.08° |theta: 139.85899779143395 
2026-06-02 14:45:38.189 - [robot_6_log_20260602_144504.csv] - DEBUG - Incoming data. Topic 6/pos, mensaje {"x": 98.7, "y": 123.64, "yaw": 2.434, "timestamp": 1780404338.1855075}
2026-06-02 14:45:38.194 - [robot_6_log_20260602_144504.csv] - DEBUG - Posición actualizada por visión: x=98.70, y=123.64, θ=2.43
2026-06-02 14:45:38.199 - [robot_6_log_20260602_144504.csv] - DEBUG - Frecuencia: 22.21 Hz | Latencia Red/Proc: 14.27 ms
2026-06-02 14:45:38.199 - [robot_6_log_20260602_144504.csv] - DEBUG - Incoming data. Topic 6/pos, mensaje {"x": 98.7, "y": 123.64, "yaw": 2.434, "timestamp": 1780404338.1855075}
2026-06-02 14:45:38.199 - [robot_6_log_20260602_144504.csv] - DEBUG - Posición actualizada por visión: x=98.70, y=123.64, θ=2.43
2026-06-02 14:45:38.199 - [robot_6_log_20260602_144504.csv] - DEBUG - Frecuencia: 5223.29 Hz | Latencia Red/Proc: 14.46 ms
2026-06-02 14:45:38.200 - [robot_6_log_20260602_144504.csv] - DEBUG - Incoming data. Topic 6/pos, mensaje {"x": 98.7, "y": 123.64, "yaw": 2.434, "timestamp": 1780404338.1952136}
2026-06-02 14:45:38.200 - [robot_6_log_20260602_144504.csv] - DEBUG - Posición actualizada por visión: x=98.70, y=123.64, θ=2.43
2026-06-02 14:45:38.200 - [robot_6_log_20260602_144504.csv] - DEBUG - Frecuencia: 11848.32 Hz | Latencia Red/Proc: 4.84 ms
2026-06-02 14:45:38.200 - [robot_6_log_20260602_144504.csv] - DEBUG - Incoming data. Topic 6/pos, mensaje {"x": 98.7, "y": 123.64, "yaw": 2.434, "timestamp": 1780404338.1952136}
2026-06-02 14:45:38.200 - [robot_6_log_20260602_144504.csv] - DEBUG - Posición actualizada por visión: x=98.70, y=123.64, θ=2.43
2026-06-02 14:45:38.205 - [robot_6_log_20260602_144504.csv] - DEBUG - Frecuencia: 193.94 Hz | Latencia Red/Proc: 9.99 ms
2026-06-02 14:45:38.233 - [robot_6_log_20260602_144504.csv] - INFO - Usando posición VISION: x=98.70, y=123.64, θ=2.43
2026-06-02 14:45:38.233 - [robot_6_log_20260602_144504.csv] - INFO - Distancias a paredes: Left: 98.70, Right: 351.30, Top: 16.36, Bottom: 123.64
2026-06-02 14:45:38.233 - [robot_6_log_20260602_144504.csv] - INFO - Posicion: 98.7, 123.64, 2.434 | Velocidad: -0.6500062442544229, -0.7599288666909947
2026-06-02 14:45:38.233 - [robot_6_log_20260602_144504.csv] - INFO - None
2026-06-02 14:45:38.233 - [robot_6_log_20260602_144504.csv] - WARNING - Estado FSM: ESPERANDO_GIRO | Target Wall: None | Target Theta: 10.08° |theta: 139.4579273348424 
2026-06-02 14:45:38.244 - [robot_6_log_20260602_144504.csv] - DEBUG - Incoming data. Topic agent/6/wheel, mensaje {"Wleft":-9.672818e-15,"Wright":-1.669775429e-14}
2026-06-02 14:45:38.261 - [robot_6_log_20260602_144504.csv] - DEBUG - Incoming data. Topic agent/6/wheel, mensaje {"Wleft":-9.672818e-15,"Wright":-1.669775429e-14}
2026-06-02 14:45:38.282 - [robot_6_log_20260602_144504.csv] - INFO - Usando posición VISION: x=98.70, y=123.64, θ=2.43
2026-06-02 14:45:38.283 - [robot_6_log_20260602_144504.csv] - DEBUG - Incoming data. Topic 6/pos, mensaje {"x": 98.69, "y": 123.63, "yaw": 2.432, "timestamp": 1780404338.281803}
2026-06-02 14:45:38.283 - [robot_6_log_20260602_144504.csv] - INFO - Distancias a paredes: Left: 98.70, Right: 351.30, Top: 16.36, Bottom: 123.64
2026-06-02 14:45:38.283 - [robot_6_log_20260602_144504.csv] - DEBUG - Posición actualizada por visión: x=98.69, y=123.63, θ=2.43
2026-06-02 14:45:38.283 - [robot_6_log_20260602_144504.csv] - INFO - Posicion: 98.7, 123.64, 2.434 | Velocidad: -0.6500062442544229, -0.7599288666909947
2026-06-02 14:45:38.283 - [robot_6_log_20260602_144504.csv] - DEBUG - Frecuencia: 12.82 Hz | Latencia Red/Proc: 1.43 ms
2026-06-02 14:45:38.283 - [robot_6_log_20260602_144504.csv] - INFO - None
2026-06-02 14:45:38.283 - [robot_6_log_20260602_144504.csv] - DEBUG - Incoming data. Topic 6/pos, mensaje {"x": 98.69, "y": 123.63, "yaw": 2.432, "timestamp": 1780404338.281803}
2026-06-02 14:45:38.283 - [robot_6_log_20260602_144504.csv] - WARNING - Estado FSM: ESPERANDO_GIRO | Target Wall: None | Target Theta: 10.08° |theta: 139.4579273348424 
2026-06-02 14:45:38.283 - [robot_6_log_20260602_144504.csv] - DEBUG - Posición actualizada por visión: x=98.69, y=123.63, θ=2.43
2026-06-02 14:45:38.293 - [robot_6_log_20260602_144504.csv] - DEBUG - Frecuencia: 95.75 Hz | Latencia Red/Proc: 11.87 ms
2026-06-02 14:45:38.305 - [robot_6_log_20260602_144504.csv] - DEBUG - Incoming data. Topic 6/pos, mensaje {"x": 98.69, "y": 123.63, "yaw": 2.432, "timestamp": 1780404338.291968}
2026-06-02 14:45:38.310 - [robot_6_log_20260602_144504.csv] - DEBUG - Posición actualizada por visión: x=98.69, y=123.63, θ=2.43
2026-06-02 14:45:38.310 - [robot_6_log_20260602_144504.csv] - DEBUG - Frecuencia: 60.19 Hz | Latencia Red/Proc: 18.32 ms
2026-06-02 14:45:38.315 - [robot_6_log_20260602_144504.csv] - DEBUG - Incoming data. Topic 6/pos, mensaje {"x": 98.69, "y": 123.63, "yaw": 2.432, "timestamp": 1780404338.291968}
2026-06-02 14:45:38.315 - [robot_6_log_20260602_144504.csv] - DEBUG - Posición actualizada por visión: x=98.69, y=123.63, θ=2.43
2026-06-02 14:45:38.320 - [robot_6_log_20260602_144504.csv] - DEBUG - Frecuencia: 97.76 Hz | Latencia Red/Proc: 28.55 ms
2026-06-02 14:45:38.332 - [robot_6_log_20260602_144504.csv] - INFO - Usando posición VISION: x=98.69, y=123.63, θ=2.43
2026-06-02 14:45:38.333 - [robot_6_log_20260602_144504.csv] - INFO - Distancias a paredes: Left: 98.69, Right: 351.31, Top: 16.37, Bottom: 123.63
2026-06-02 14:45:38.333 - [robot_6_log_20260602_144504.csv] - INFO - Posicion: 98.69, 123.63, 2.432 | Velocidad: -0.6515248009625115, -0.7586273352119337
2026-06-02 14:45:38.333 - [robot_6_log_20260602_144504.csv] - INFO - None
2026-06-02 14:45:38.333 - [robot_6_log_20260602_144504.csv] - WARNING - Estado FSM: ESPERANDO_GIRO | Target Wall: None | Target Theta: 10.08° |theta: 139.3433357758162 
2026-06-02 14:45:38.382 - [robot_6_log_20260602_144504.csv] - INFO - Usando posición VISION: x=98.69, y=123.63, θ=2.43
2026-06-02 14:45:38.383 - [robot_6_log_20260602_144504.csv] - INFO - Distancias a paredes: Left: 98.69, Right: 351.31, Top: 16.37, Bottom: 123.63
2026-06-02 14:45:38.383 - [robot_6_log_20260602_144504.csv] - INFO - Posicion: 98.69, 123.63, 2.432 | Velocidad: -0.6515248009625115, -0.7586273352119337
2026-06-02 14:45:38.383 - [robot_6_log_20260602_144504.csv] - INFO - None
2026-06-02 14:45:38.383 - [robot_6_log_20260602_144504.csv] - WARNING - Estado FSM: ESPERANDO_GIRO | Target Wall: None | Target Theta: 10.08° |theta: 139.3433357758162 
2026-06-02 14:45:38.389 - [robot_6_log_20260602_144504.csv] - DEBUG - Incoming data. Topic 6/pos, mensaje {"x": 98.72, "y": 123.62, "yaw": 2.439, "timestamp": 1780404338.3875217}
2026-06-02 14:45:38.394 - [robot_6_log_20260602_144504.csv] - DEBUG - Posición actualizada por visión: x=98.72, y=123.62, θ=2.44
2026-06-02 14:45:38.399 - [robot_6_log_20260602_144504.csv] - DEBUG - Frecuencia: 12.64 Hz | Latencia Red/Proc: 12.10 ms
2026-06-02 14:45:38.410 - [robot_6_log_20260602_144504.csv] - DEBUG - Incoming data. Topic 6/pos, mensaje {"x": 98.72, "y": 123.62, "yaw": 2.439, "timestamp": 1780404338.3875217}
2026-06-02 14:45:38.416 - [robot_6_log_20260602_144504.csv] - DEBUG - Posición actualizada por visión: x=98.72, y=123.62, θ=2.44
2026-06-02 14:45:38.421 - [robot_6_log_20260602_144504.csv] - DEBUG - Frecuencia: 46.42 Hz | Latencia Red/Proc: 33.65 ms
2026-06-02 14:45:38.432 - [robot_6_log_20260602_144504.csv] - DEBUG - Incoming data. Topic 6/pos, mensaje {"x": 98.72, "y": 123.62, "yaw": 2.439, "timestamp": 1780404338.3995447}
2026-06-02 14:45:38.432 - [robot_6_log_20260602_144504.csv] - INFO - Usando posición VISION: x=98.72, y=123.62, θ=2.44
2026-06-02 14:45:38.433 - [robot_6_log_20260602_144504.csv] - DEBUG - Posición actualizada por visión: x=98.72, y=123.62, θ=2.44
2026-06-02 14:45:38.433 - [robot_6_log_20260602_144504.csv] - INFO - Distancias a paredes: Left: 98.72, Right: 351.28, Top: 16.38, Bottom: 123.62
2026-06-02 14:45:38.433 - [robot_6_log_20260602_144504.csv] - DEBUG - Frecuencia: 83.79 Hz | Latencia Red/Proc: 33.56 ms
2026-06-02 14:45:38.433 - [robot_6_log_20260602_144504.csv] - INFO - Posicion: 98.72, 123.62, 2.439 | Velocidad: -0.6461984906916737, -0.7631693852794431
2026-06-02 14:45:38.433 - [robot_6_log_20260602_144504.csv] - DEBUG - Incoming data. Topic 6/pos, mensaje {"x": 98.72, "y": 123.62, "yaw": 2.439, "timestamp": 1780404338.3995447}
2026-06-02 14:45:38.433 - [robot_6_log_20260602_144504.csv] - INFO - None
2026-06-02 14:45:38.433 - [robot_6_log_20260602_144504.csv] - DEBUG - Posición actualizada por visión: x=98.72, y=123.62, θ=2.44
2026-06-02 14:45:38.433 - [robot_6_log_20260602_144504.csv] - WARNING - Estado FSM: ESPERANDO_GIRO | Target Wall: None | Target Theta: 10.08° |theta: 139.74440623240778 
2026-06-02 14:45:38.433 - [robot_6_log_20260602_144504.csv] - DEBUG - Frecuencia: 4253.86 Hz | Latencia Red/Proc: 33.79 ms
2026-06-02 14:45:38.449 - [robot_6_log_20260602_144504.csv] - DEBUG - Incoming data. Topic agent/6/wheel, mensaje {"Wleft":-9.672818e-15,"Wright":-1.669775429e-14}
2026-06-02 14:45:38.482 - [robot_6_log_20260602_144504.csv] - INFO - Usando posición VISION: x=98.72, y=123.62, θ=2.44
2026-06-02 14:45:38.483 - [robot_6_log_20260602_144504.csv] - INFO - Distancias a paredes: Left: 98.72, Right: 351.28, Top: 16.38, Bottom: 123.62
2026-06-02 14:45:38.483 - [robot_6_log_20260602_144504.csv] - INFO - Posicion: 98.72, 123.62, 2.439 | Velocidad: -0.6461984906916737, -0.7631693852794431
2026-06-02 14:45:38.483 - [robot_6_log_20260602_144504.csv] - INFO - None
2026-06-02 14:45:38.483 - [robot_6_log_20260602_144504.csv] - WARNING - Estado FSM: ESPERANDO_GIRO | Target Wall: None | Target Theta: 10.08° |theta: 139.74440623240778 
2026-06-02 14:45:38.532 - [robot_6_log_20260602_144504.csv] - INFO - Usando posición VISION: x=98.72, y=123.62, θ=2.44
2026-06-02 14:45:38.533 - [robot_6_log_20260602_144504.csv] - INFO - Distancias a paredes: Left: 98.72, Right: 351.28, Top: 16.38, Bottom: 123.62
2026-06-02 14:45:38.533 - [robot_6_log_20260602_144504.csv] - INFO - Posicion: 98.72, 123.62, 2.439 | Velocidad: -0.6461984906916737, -0.7631693852794431
2026-06-02 14:45:38.533 - [robot_6_log_20260602_144504.csv] - INFO - None
2026-06-02 14:45:38.533 - [robot_6_log_20260602_144504.csv] - WARNING - Estado FSM: ESPERANDO_GIRO | Target Wall: None | Target Theta: 10.08° |theta: 139.74440623240778 
2026-06-02 14:45:38.544 - [robot_6_log_20260602_144504.csv] - DEBUG - Incoming data. Topic agent/6/wheel, mensaje {"Wleft":-9.672818e-15,"Wright":-1.669775429e-14}
2026-06-02 14:45:38.574 - [robot_6_log_20260602_144504.csv] - DEBUG - Incoming data. Topic agent/6/wheel, mensaje {"Wleft":-9.672818e-15,"Wright":-1.669775429e-14}
2026-06-02 14:45:38.582 - [robot_6_log_20260602_144504.csv] - INFO - Usando posición VISION: x=98.72, y=123.62, θ=2.44
2026-06-02 14:45:38.583 - [robot_6_log_20260602_144504.csv] - INFO - Distancias a paredes: Left: 98.72, Right: 351.28, Top: 16.38, Bottom: 123.62
2026-06-02 14:45:38.583 - [robot_6_log_20260602_144504.csv] - INFO - Posicion: 98.72, 123.62, 2.439 | Velocidad: -0.6461984906916737, -0.7631693852794431
2026-06-02 14:45:38.583 - [robot_6_log_20260602_144504.csv] - INFO - None
2026-06-02 14:45:38.583 - [robot_6_log_20260602_144504.csv] - WARNING - Estado FSM: ESPERANDO_GIRO | Target Wall: None | Target Theta: 10.08° |theta: 139.74440623240778 
2026-06-02 14:45:38.589 - [robot_6_log_20260602_144504.csv] - DEBUG - Incoming data. Topic 6/pos, mensaje {"x": 98.7, "y": 123.63, "yaw": 2.43, "timestamp": 1780404338.5880613}
2026-06-02 14:45:38.594 - [robot_6_log_20260602_144504.csv] - DEBUG - Posición actualizada por visión: x=98.70, y=123.63, θ=2.43
2026-06-02 14:45:38.599 - [robot_6_log_20260602_144504.csv] - DEBUG - Frecuencia: 6.02 Hz | Latencia Red/Proc: 11.41 ms
2026-06-02 14:45:38.614 - [robot_6_log_20260602_144504.csv] - DEBUG - Incoming data. Topic 6/pos, mensaje {"x": 98.7, "y": 123.63, "yaw": 2.43, "timestamp": 1780404338.5880613}
2026-06-02 14:45:38.614 - [robot_6_log_20260602_144504.csv] - DEBUG - Posición actualizada por visión: x=98.70, y=123.63, θ=2.43
2026-06-02 14:45:38.619 - [robot_6_log_20260602_144504.csv] - DEBUG - Frecuencia: 48.80 Hz | Latencia Red/Proc: 31.90 ms
2026-06-02 14:45:38.625 - [robot_6_log_20260602_144504.csv] - DEBUG - Incoming data. Topic 6/pos, mensaje {"x": 98.7, "y": 123.63, "yaw": 2.43, "timestamp": 1780404338.6002345}
2026-06-02 14:45:38.630 - [robot_6_log_20260602_144504.csv] - DEBUG - Posición actualizada por visión: x=98.70, y=123.63, θ=2.43
2026-06-02 14:45:38.630 - [robot_6_log_20260602_144504.csv] - DEBUG - Frecuencia: 97.11 Hz | Latencia Red/Proc: 30.02 ms
2026-06-02 14:45:38.632 - [robot_6_log_20260602_144504.csv] - INFO - Usando posición VISION: x=98.70, y=123.63, θ=2.43
2026-06-02 14:45:38.633 - [robot_6_log_20260602_144504.csv] - DEBUG - Incoming data. Topic 6/pos, mensaje {"x": 98.7, "y": 123.63, "yaw": 2.43, "timestamp": 1780404338.6002345}
2026-06-02 14:45:38.633 - [robot_6_log_20260602_144504.csv] - INFO - Distancias a paredes: Left: 98.70, Right: 351.30, Top: 16.37, Bottom: 123.63
2026-06-02 14:45:38.633 - [robot_6_log_20260602_144504.csv] - DEBUG - Posición actualizada por visión: x=98.70, y=123.63, θ=2.43
2026-06-02 14:45:38.633 - [robot_6_log_20260602_144504.csv] - INFO - Posicion: 98.7, 123.63, 2.43 | Velocidad: -0.6530407515722648, -0.7573227692245438
2026-06-02 14:45:38.633 - [robot_6_log_20260602_144504.csv] - DEBUG - Frecuencia: 336.38 Hz | Latencia Red/Proc: 33.00 ms
2026-06-02 14:45:38.633 - [robot_6_log_20260602_144504.csv] - INFO - None
2026-06-02 14:45:38.633 - [robot_6_log_20260602_144504.csv] - WARNING - Estado FSM: ESPERANDO_GIRO | Target Wall: None | Target Theta: 10.08° |theta: 139.22874421679006 
2026-06-02 14:45:38.683 - [robot_6_log_20260602_144504.csv] - INFO - Usando posición VISION: x=98.70, y=123.63, θ=2.43
2026-06-02 14:45:38.683 - [robot_6_log_20260602_144504.csv] - INFO - Distancias a paredes: Left: 98.70, Right: 351.30, Top: 16.37, Bottom: 123.63
2026-06-02 14:45:38.683 - [robot_6_log_20260602_144504.csv] - INFO - Posicion: 98.7, 123.63, 2.43 | Velocidad: -0.6530407515722648, -0.7573227692245438
2026-06-02 14:45:38.683 - [robot_6_log_20260602_144504.csv] - INFO - None
2026-06-02 14:45:38.683 - [robot_6_log_20260602_144504.csv] - WARNING - Estado FSM: ESPERANDO_GIRO | Target Wall: None | Target Theta: 10.08° |theta: 139.22874421679006 
2026-06-02 14:45:38.693 - [robot_6_log_20260602_144504.csv] - DEBUG - Incoming data. Topic 6/pos, mensaje {"x": 98.7, "y": 123.64, "yaw": 2.438, "timestamp": 1780404338.6855488}
2026-06-02 14:45:38.693 - [robot_6_log_20260602_144504.csv] - DEBUG - Posición actualizada por visión: x=98.70, y=123.64, θ=2.44
2026-06-02 14:45:38.698 - [robot_6_log_20260602_144504.csv] - DEBUG - Frecuencia: 15.22 Hz | Latencia Red/Proc: 13.37 ms
2026-06-02 14:45:38.705 - [robot_6_log_20260602_144504.csv] - DEBUG - Incoming data. Topic 6/pos, mensaje {"x": 98.7, "y": 123.64, "yaw": 2.438, "timestamp": 1780404338.6855488}
2026-06-02 14:45:38.705 - [robot_6_log_20260602_144504.csv] - DEBUG - Posición actualizada por visión: x=98.70, y=123.64, θ=2.44
2026-06-02 14:45:38.705 - [robot_6_log_20260602_144504.csv] - DEBUG - Frecuencia: 157.57 Hz | Latencia Red/Proc: 19.72 ms
2026-06-02 14:45:38.705 - [robot_6_log_20260602_144504.csv] - DEBUG - Incoming data. Topic 6/pos, mensaje {"x": 98.7, "y": 123.64, "yaw": 2.438, "timestamp": 1780404338.698368}
2026-06-02 14:45:38.710 - [robot_6_log_20260602_144504.csv] - DEBUG - Posición actualizada por visión: x=98.70, y=123.64, θ=2.44
2026-06-02 14:45:38.715 - [robot_6_log_20260602_144504.csv] - DEBUG - Frecuencia: 97.58 Hz | Latencia Red/Proc: 17.15 ms
2026-06-02 14:45:38.720 - [robot_6_log_20260602_144504.csv] - DEBUG - Incoming data. Topic 6/pos, mensaje {"x": 98.7, "y": 123.64, "yaw": 2.438, "timestamp": 1780404338.698368}
2026-06-02 14:45:38.720 - [robot_6_log_20260602_144504.csv] - DEBUG - Posición actualizada por visión: x=98.70, y=123.64, θ=2.44
2026-06-02 14:45:38.720 - [robot_6_log_20260602_144504.csv] - DEBUG - Frecuencia: 190.57 Hz | Latencia Red/Proc: 22.40 ms
2026-06-02 14:45:38.733 - [robot_6_log_20260602_144504.csv] - INFO - Usando posición VISION: x=98.70, y=123.64, θ=2.44
2026-06-02 14:45:38.733 - [robot_6_log_20260602_144504.csv] - INFO - Distancias a paredes: Left: 98.70, Right: 351.30, Top: 16.36, Bottom: 123.64
2026-06-02 14:45:38.733 - [robot_6_log_20260602_144504.csv] - INFO - Posicion: 98.7, 123.64, 2.438 | Velocidad: -0.6469613368505397, -0.7625228053117904
2026-06-02 14:45:38.733 - [robot_6_log_20260602_144504.csv] - INFO - None
2026-06-02 14:45:38.733 - [robot_6_log_20260602_144504.csv] - WARNING - Estado FSM: ESPERANDO_GIRO | Target Wall: None | Target Theta: 10.08° |theta: 139.6871104528947 
2026-06-02 14:45:38.745 - [robot_6_log_20260602_144504.csv] - DEBUG - Incoming data. Topic agent/6/wheel, mensaje {"Wleft":-9.672818e-15,"Wright":-1.669775429e-14}
2026-06-02 14:45:38.783 - [robot_6_log_20260602_144504.csv] - INFO - Usando posición VISION: x=98.70, y=123.64, θ=2.44
2026-06-02 14:45:38.783 - [robot_6_log_20260602_144504.csv] - INFO - Distancias a paredes: Left: 98.70, Right: 351.30, Top: 16.36, Bottom: 123.64
2026-06-02 14:45:38.783 - [robot_6_log_20260602_144504.csv] - INFO - Posicion: 98.7, 123.64, 2.438 | Velocidad: -0.6469613368505397, -0.7625228053117904
2026-06-02 14:45:38.783 - [robot_6_log_20260602_144504.csv] - INFO - None
2026-06-02 14:45:38.783 - [robot_6_log_20260602_144504.csv] - WARNING - Estado FSM: ESPERANDO_GIRO | Target Wall: None | Target Theta: 10.08° |theta: 139.6871104528947 
2026-06-02 14:45:38.789 - [robot_6_log_20260602_144504.csv] - DEBUG - Incoming data. Topic 6/pos, mensaje {"x": 98.7, "y": 123.62, "yaw": 2.432, "timestamp": 1780404338.7871318}
2026-06-02 14:45:38.789 - [robot_6_log_20260602_144504.csv] - DEBUG - Posición actualizada por visión: x=98.70, y=123.62, θ=2.43
2026-06-02 14:45:38.794 - [robot_6_log_20260602_144504.csv] - DEBUG - Frecuencia: 13.58 Hz | Latencia Red/Proc: 7.26 ms
2026-06-02 14:45:38.809 - [robot_6_log_20260602_144504.csv] - DEBUG - Incoming data. Topic agent/6/wheel, mensaje {"Wleft":-9.672818e-15,"Wright":-1.669775429e-14}
2026-06-02 14:45:38.826 - [robot_6_log_20260602_144504.csv] - DEBUG - Incoming data. Topic 6/pos, mensaje {"x": 98.7, "y": 123.62, "yaw": 2.432, "timestamp": 1780404338.7992074}
2026-06-02 14:45:38.832 - [robot_6_log_20260602_144504.csv] - DEBUG - Posición actualizada por visión: x=98.70, y=123.62, θ=2.43
2026-06-02 14:45:38.833 - [robot_6_log_20260602_144504.csv] - INFO - Usando posición VISION: x=98.70, y=123.62, θ=2.43
2026-06-02 14:45:38.833 - [robot_6_log_20260602_144504.csv] - INFO - Distancias a paredes: Left: 98.70, Right: 351.30, Top: 16.38, Bottom: 123.62
2026-06-02 14:45:38.833 - [robot_6_log_20260602_144504.csv] - INFO - Posicion: 98.7, 123.62, 2.432 | Velocidad: -0.6515248009625115, -0.7586273352119337
2026-06-02 14:45:38.833 - [robot_6_log_20260602_144504.csv] - INFO - None
2026-06-02 14:45:38.833 - [robot_6_log_20260602_144504.csv] - DEBUG - Frecuencia: 25.85 Hz | Latencia Red/Proc: 33.87 ms
2026-06-02 14:45:38.833 - [robot_6_log_20260602_144504.csv] - WARNING - Estado FSM: ESPERANDO_GIRO | Target Wall: None | Target Theta: 10.08° |theta: 139.3433357758162 
2026-06-02 14:45:38.844 - [robot_6_log_20260602_144504.csv] - DEBUG - Incoming data. Topic 6/pos, mensaje {"x": 98.7, "y": 123.62, "yaw": 2.432, "timestamp": 1780404338.7871318}
2026-06-02 14:45:38.849 - [robot_6_log_20260602_144504.csv] - DEBUG - Posición actualizada por visión: x=98.70, y=123.62, θ=2.43
2026-06-02 14:45:38.849 - [robot_6_log_20260602_144504.csv] - DEBUG - Frecuencia: 60.11 Hz | Latencia Red/Proc: 62.58 ms
2026-06-02 14:45:38.849 - [robot_6_log_20260602_144504.csv] - DEBUG - Incoming data. Topic 6/pos, mensaje {"x": 98.7, "y": 123.62, "yaw": 2.432, "timestamp": 1780404338.7992074}
2026-06-02 14:45:38.849 - [robot_6_log_20260602_144504.csv] - DEBUG - Posición actualizada por visión: x=98.70, y=123.62, θ=2.43
2026-06-02 14:45:38.849 - [robot_6_log_20260602_144504.csv] - DEBUG - Frecuencia: 7169.75 Hz | Latencia Red/Proc: 50.64 ms
2026-06-02 14:45:38.883 - [robot_6_log_20260602_144504.csv] - INFO - Usando posición VISION: x=98.70, y=123.62, θ=2.43
2026-06-02 14:45:38.883 - [robot_6_log_20260602_144504.csv] - INFO - Distancias a paredes: Left: 98.70, Right: 351.30, Top: 16.38, Bottom: 123.62
2026-06-02 14:45:38.883 - [robot_6_log_20260602_144504.csv] - INFO - Posicion: 98.7, 123.62, 2.432 | Velocidad: -0.6515248009625115, -0.7586273352119337
2026-06-02 14:45:38.883 - [robot_6_log_20260602_144504.csv] - INFO - None
2026-06-02 14:45:38.883 - [robot_6_log_20260602_144504.csv] - WARNING - Estado FSM: ESPERANDO_GIRO | Target Wall: None | Target Theta: 10.08° |theta: 139.3433357758162 
2026-06-02 14:45:38.889 - [robot_6_log_20260602_144504.csv] - DEBUG - Incoming data. Topic 6/pos, mensaje {"x": 98.71, "y": 123.62, "yaw": 2.435, "timestamp": 1780404338.8854246}
2026-06-02 14:45:38.894 - [robot_6_log_20260602_144504.csv] - DEBUG - Posición actualizada por visión: x=98.71, y=123.62, θ=2.44
2026-06-02 14:45:38.894 - [robot_6_log_20260602_144504.csv] - DEBUG - Frecuencia: 22.36 Hz | Latencia Red/Proc: 9.14 ms
2026-06-02 14:45:38.894 - [robot_6_log_20260602_144504.csv] - DEBUG - Incoming data. Topic 6/pos, mensaje {"x": 98.71, "y": 123.62, "yaw": 2.435, "timestamp": 1780404338.8854246}
2026-06-02 14:45:38.894 - [robot_6_log_20260602_144504.csv] - DEBUG - Posición actualizada por visión: x=98.71, y=123.62, θ=2.44
2026-06-02 14:45:38.894 - [robot_6_log_20260602_144504.csv] - DEBUG - Frecuencia: 21076.90 Hz | Latencia Red/Proc: 9.19 ms
2026-06-02 14:45:38.899 - [robot_6_log_20260602_144504.csv] - DEBUG - Incoming data. Topic 6/pos, mensaje {"x": 98.71, "y": 123.62, "yaw": 2.435, "timestamp": 1780404338.8951607}
2026-06-02 14:45:38.904 - [robot_6_log_20260602_144504.csv] - DEBUG - Posición actualizada por visión: x=98.71, y=123.62, θ=2.44
2026-06-02 14:45:38.904 - [robot_6_log_20260602_144504.csv] - DEBUG - Frecuencia: 97.79 Hz | Latencia Red/Proc: 9.68 ms
2026-06-02 14:45:38.926 - [robot_6_log_20260602_144504.csv] - DEBUG - Incoming data. Topic 6/pos, mensaje {"x": 98.71, "y": 123.62, "yaw": 2.435, "timestamp": 1780404338.8951607}
2026-06-02 14:45:38.926 - [robot_6_log_20260602_144504.csv] - DEBUG - Posición actualizada por visión: x=98.71, y=123.62, θ=2.44
2026-06-02 14:45:38.926 - [robot_6_log_20260602_144504.csv] - DEBUG - Frecuencia: 46.73 Hz | Latencia Red/Proc: 31.08 ms
2026-06-02 14:45:38.933 - [robot_6_log_20260602_144504.csv] - INFO - Usando posición VISION: x=98.71, y=123.62, θ=2.44
2026-06-02 14:45:38.933 - [robot_6_log_20260602_144504.csv] - INFO - Distancias a paredes: Left: 98.71, Right: 351.29, Top: 16.38, Bottom: 123.62
2026-06-02 14:45:38.933 - [robot_6_log_20260602_144504.csv] - INFO - Posicion: 98.71, 123.62, 2.435 | Velocidad: -0.6492459905112917, -0.760578492862513
2026-06-02 14:45:38.933 - [robot_6_log_20260602_144504.csv] - INFO - None
2026-06-02 14:45:38.933 - [robot_6_log_20260602_144504.csv] - WARNING - Estado FSM: ESPERANDO_GIRO | Target Wall: None | Target Theta: 10.08° |theta: 139.51522311435545 
2026-06-02 14:45:38.939 - [robot_6_log_20260602_144504.csv] - DEBUG - Incoming data. Topic agent/6/wheel, mensaje {"Wleft":-9.672818e-15,"Wright":-1.669775429e-14}
2026-06-02 14:45:38.983 - [robot_6_log_20260602_144504.csv] - INFO - Usando posición VISION: x=98.71, y=123.62, θ=2.44
2026-06-02 14:45:38.983 - [robot_6_log_20260602_144504.csv] - INFO - Distancias a paredes: Left: 98.71, Right: 351.29, Top: 16.38, Bottom: 123.62
2026-06-02 14:45:38.983 - [robot_6_log_20260602_144504.csv] - INFO - Posicion: 98.71, 123.62, 2.435 | Velocidad: -0.6492459905112917, -0.760578492862513
2026-06-02 14:45:38.983 - [robot_6_log_20260602_144504.csv] - INFO - None
2026-06-02 14:45:38.983 - [robot_6_log_20260602_144504.csv] - WARNING - Estado FSM: ESPERANDO_GIRO | Target Wall: None | Target Theta: 10.08° |theta: 139.51522311435545 
2026-06-02 14:45:39.033 - [robot_6_log_20260602_144504.csv] - INFO - Usando posición VISION: x=98.71, y=123.62, θ=2.44
2026-06-02 14:45:39.033 - [robot_6_log_20260602_144504.csv] - INFO - Distancias a paredes: Left: 98.71, Right: 351.29, Top: 16.38, Bottom: 123.62
2026-06-02 14:45:39.033 - [robot_6_log_20260602_144504.csv] - INFO - Posicion: 98.71, 123.62, 2.435 | Velocidad: -0.6492459905112917, -0.760578492862513
2026-06-02 14:45:39.033 - [robot_6_log_20260602_144504.csv] - INFO - None
2026-06-02 14:45:39.033 - [robot_6_log_20260602_144504.csv] - WARNING - Estado FSM: ESPERANDO_GIRO | Target Wall: None | Target Theta: 10.08° |theta: 139.51522311435545 
2026-06-02 14:45:39.038 - [robot_6_log_20260602_144504.csv] - DEBUG - Incoming data. Topic agent/6/wheel, mensaje {"Wleft":-9.672818e-15,"Wright":-1.669775429e-14}
2026-06-02 14:45:39.083 - [robot_6_log_20260602_144504.csv] - INFO - Usando posición VISION: x=98.71, y=123.62, θ=2.44
2026-06-02 14:45:39.083 - [robot_6_log_20260602_144504.csv] - INFO - Distancias a paredes: Left: 98.71, Right: 351.29, Top: 16.38, Bottom: 123.62
2026-06-02 14:45:39.083 - [robot_6_log_20260602_144504.csv] - INFO - Posicion: 98.71, 123.62, 2.435 | Velocidad: -0.6492459905112917, -0.760578492862513
2026-06-02 14:45:39.083 - [robot_6_log_20260602_144504.csv] - INFO - None
2026-06-02 14:45:39.083 - [robot_6_log_20260602_144504.csv] - WARNING - Estado FSM: ESPERANDO_GIRO | Target Wall: None | Target Theta: 10.08° |theta: 139.51522311435545 
2026-06-02 14:45:39.094 - [robot_6_log_20260602_144504.csv] - DEBUG - Incoming data. Topic 6/pos, mensaje {"x": 98.72, "y": 123.62, "yaw": 2.437, "timestamp": 1780404339.084106}
2026-06-02 14:45:39.094 - [robot_6_log_20260602_144504.csv] - DEBUG - Posición actualizada por visión: x=98.72, y=123.62, θ=2.44
2026-06-02 14:45:39.094 - [robot_6_log_20260602_144504.csv] - DEBUG - Frecuencia: 5.95 Hz | Latencia Red/Proc: 10.30 ms
2026-06-02 14:45:39.099 - [robot_6_log_20260602_144504.csv] - DEBUG - Incoming data. Topic 6/pos, mensaje {"x": 98.72, "y": 123.62, "yaw": 2.437, "timestamp": 1780404339.084106}
2026-06-02 14:45:39.104 - [robot_6_log_20260602_144504.csv] - DEBUG - Posición actualizada por visión: x=98.72, y=123.62, θ=2.44
2026-06-02 14:45:39.109 - [robot_6_log_20260602_144504.csv] - DEBUG - Frecuencia: 64.75 Hz | Latencia Red/Proc: 25.75 ms
2026-06-02 14:45:39.120 - [robot_6_log_20260602_144504.csv] - DEBUG - Incoming data. Topic 6/pos, mensaje {"x": 98.72, "y": 123.62, "yaw": 2.437, "timestamp": 1780404339.0960507}
2026-06-02 14:45:39.125 - [robot_6_log_20260602_144504.csv] - DEBUG - Posición actualizada por visión: x=98.72, y=123.62, θ=2.44
2026-06-02 14:45:39.125 - [robot_6_log_20260602_144504.csv] - DEBUG - Frecuencia: 65.07 Hz | Latencia Red/Proc: 29.17 ms
2026-06-02 14:45:39.133 - [robot_6_log_20260602_144504.csv] - INFO - Usando posición VISION: x=98.72, y=123.62, θ=2.44
2026-06-02 14:45:39.133 - [robot_6_log_20260602_144504.csv] - INFO - Distancias a paredes: Left: 98.72, Right: 351.28, Top: 16.38, Bottom: 123.62
2026-06-02 14:45:39.133 - [robot_6_log_20260602_144504.csv] - INFO - Posicion: 98.72, 123.62, 2.437 | Velocidad: -0.6477235360481232, -0.7618754628213956
2026-06-02 14:45:39.133 - [robot_6_log_20260602_144504.csv] - DEBUG - Incoming data. Topic agent/6/wheel, mensaje {"Wleft":-9.672818e-15,"Wright":-1.669775429e-14}
2026-06-02 14:45:39.133 - [robot_6_log_20260602_144504.csv] - INFO - None
2026-06-02 14:45:39.133 - [robot_6_log_20260602_144504.csv] - WARNING - Estado FSM: ESPERANDO_GIRO | Target Wall: None | Target Theta: 10.08° |theta: 139.62981467338162 
2026-06-02 14:45:39.144 - [robot_6_log_20260602_144504.csv] - DEBUG - Incoming data. Topic 6/pos, mensaje {"x": 98.72, "y": 123.62, "yaw": 2.437, "timestamp": 1780404339.0960507}
2026-06-02 14:45:39.149 - [robot_6_log_20260602_144504.csv] - DEBUG - Posición actualizada por visión: x=98.72, y=123.62, θ=2.44
2026-06-02 14:45:39.154 - [robot_6_log_20260602_144504.csv] - DEBUG - Frecuencia: 34.03 Hz | Latencia Red/Proc: 58.55 ms
2026-06-02 14:45:39.183 - [robot_6_log_20260602_144504.csv] - INFO - Usando posición VISION: x=98.72, y=123.62, θ=2.44
2026-06-02 14:45:39.183 - [robot_6_log_20260602_144504.csv] - INFO - Distancias a paredes: Left: 98.72, Right: 351.28, Top: 16.38, Bottom: 123.62
2026-06-02 14:45:39.183 - [robot_6_log_20260602_144504.csv] - INFO - Posicion: 98.72, 123.62, 2.437 | Velocidad: -0.6477235360481232, -0.7618754628213956
2026-06-02 14:45:39.183 - [robot_6_log_20260602_144504.csv] - INFO - None
2026-06-02 14:45:39.183 - [robot_6_log_20260602_144504.csv] - WARNING - Estado FSM: ESPERANDO_GIRO | Target Wall: None | Target Theta: 10.08° |theta: 139.62981467338162 
2026-06-02 14:45:39.189 - [robot_6_log_20260602_144504.csv] - DEBUG - Incoming data. Topic 6/pos, mensaje {"x": 98.71, "y": 123.63, "yaw": 2.435, "timestamp": 1780404339.1881058}
2026-06-02 14:45:39.194 - [robot_6_log_20260602_144504.csv] - DEBUG - Posición actualizada por visión: x=98.71, y=123.63, θ=2.44
2026-06-02 14:45:39.199 - [robot_6_log_20260602_144504.csv] - DEBUG - Frecuencia: 22.24 Hz | Latencia Red/Proc: 11.45 ms
2026-06-02 14:45:39.204 - [robot_6_log_20260602_144504.csv] - DEBUG - Incoming data. Topic 6/pos, mensaje {"x": 98.71, "y": 123.63, "yaw": 2.435, "timestamp": 1780404339.1881058}
2026-06-02 14:45:39.209 - [robot_6_log_20260602_144504.csv] - DEBUG - Posición actualizada por visión: x=98.71, y=123.63, θ=2.44
2026-06-02 14:45:39.216 - [robot_6_log_20260602_144504.csv] - DEBUG - Frecuencia: 60.61 Hz | Latencia Red/Proc: 27.96 ms
2026-06-02 14:45:39.226 - [robot_6_log_20260602_144504.csv] - DEBUG - Incoming data. Topic 6/pos, mensaje {"x": 98.71, "y": 123.63, "yaw": 2.435, "timestamp": 1780404339.1993897}
2026-06-02 14:45:39.232 - [robot_6_log_20260602_144504.csv] - DEBUG - Posición actualizada por visión: x=98.71, y=123.63, θ=2.44
2026-06-02 14:45:39.233 - [robot_6_log_20260602_144504.csv] - INFO - Usando posición VISION: x=98.71, y=123.63, θ=2.44
2026-06-02 14:45:39.233 - [robot_6_log_20260602_144504.csv] - DEBUG - Frecuencia: 58.92 Hz | Latencia Red/Proc: 33.64 ms
2026-06-02 14:45:39.233 - [robot_6_log_20260602_144504.csv] - INFO - Distancias a paredes: Left: 98.71, Right: 351.29, Top: 16.37, Bottom: 123.63
2026-06-02 14:45:39.233 - [robot_6_log_20260602_144504.csv] - DEBUG - Incoming data. Topic 6/pos, mensaje {"x": 98.71, "y": 123.63, "yaw": 2.435, "timestamp": 1780404339.1993897}
2026-06-02 14:45:39.233 - [robot_6_log_20260602_144504.csv] - INFO - Posicion: 98.71, 123.63, 2.435 | Velocidad: -0.6492459905112917, -0.760578492862513
2026-06-02 14:45:39.233 - [robot_6_log_20260602_144504.csv] - DEBUG - Posición actualizada por visión: x=98.71, y=123.63, θ=2.44
2026-06-02 14:45:39.233 - [robot_6_log_20260602_144504.csv] - INFO - None
2026-06-02 14:45:39.233 - [robot_6_log_20260602_144504.csv] - DEBUG - Frecuencia: 5152.71 Hz | Latencia Red/Proc: 33.84 ms
2026-06-02 14:45:39.233 - [robot_6_log_20260602_144504.csv] - WARNING - Estado FSM: ESPERANDO_GIRO | Target Wall: None | Target Theta: 10.08° |theta: 139.51522311435545 
2026-06-02 14:45:39.249 - [robot_6_log_20260602_144504.csv] - DEBUG - Incoming data. Topic agent/6/wheel, mensaje {"Wleft":-9.672818e-15,"Wright":-1.669775429e-14}
2026-06-02 14:45:39.283 - [robot_6_log_20260602_144504.csv] - INFO - Usando posición VISION: x=98.71, y=123.63, θ=2.44
2026-06-02 14:45:39.283 - [robot_6_log_20260602_144504.csv] - INFO - Distancias a paredes: Left: 98.71, Right: 351.29, Top: 16.37, Bottom: 123.63
2026-06-02 14:45:39.283 - [robot_6_log_20260602_144504.csv] - INFO - Posicion: 98.71, 123.63, 2.435 | Velocidad: -0.6492459905112917, -0.760578492862513
2026-06-02 14:45:39.283 - [robot_6_log_20260602_144504.csv] - INFO - None
2026-06-02 14:45:39.283 - [robot_6_log_20260602_144504.csv] - WARNING - Estado FSM: ESPERANDO_GIRO | Target Wall: None | Target Theta: 10.08° |theta: 139.51522311435545 
2026-06-02 14:45:39.300 - [robot_6_log_20260602_144504.csv] - DEBUG - Incoming data. Topic 6/pos, mensaje {"x": 98.7, "y": 123.63, "yaw": 2.434, "timestamp": 1780404339.284572}
2026-06-02 14:45:39.300 - [robot_6_log_20260602_144504.csv] - DEBUG - Posición actualizada por visión: x=98.70, y=123.63, θ=2.43
2026-06-02 14:45:39.310 - [robot_6_log_20260602_144504.csv] - DEBUG - Frecuencia: 12.90 Hz | Latencia Red/Proc: 26.17 ms
2026-06-02 14:45:39.317 - [robot_6_log_20260602_144504.csv] - DEBUG - Incoming data. Topic 6/pos, mensaje {"x": 98.7, "y": 123.63, "yaw": 2.434, "timestamp": 1780404339.284572}
2026-06-02 14:45:39.322 - [robot_6_log_20260602_144504.csv] - DEBUG - Posición actualizada por visión: x=98.70, y=123.63, θ=2.43
2026-06-02 14:45:39.327 - [robot_6_log_20260602_144504.csv] - DEBUG - Frecuencia: 59.39 Hz | Latencia Red/Proc: 43.01 ms
2026-06-02 14:45:39.333 - [robot_6_log_20260602_144504.csv] - INFO - Usando posición VISION: x=98.70, y=123.63, θ=2.43
2026-06-02 14:45:39.333 - [robot_6_log_20260602_144504.csv] - INFO - Distancias a paredes: Left: 98.70, Right: 351.30, Top: 16.37, Bottom: 123.63
2026-06-02 14:45:39.333 - [robot_6_log_20260602_144504.csv] - INFO - Posicion: 98.7, 123.63, 2.434 | Velocidad: -0.6500062442544229, -0.7599288666909947
2026-06-02 14:45:39.333 - [robot_6_log_20260602_144504.csv] - INFO - None
2026-06-02 14:45:39.333 - [robot_6_log_20260602_144504.csv] - WARNING - Estado FSM: ESPERANDO_GIRO | Target Wall: None | Target Theta: 10.08° |theta: 139.4579273348424 
2026-06-02 14:45:39.343 - [robot_6_log_20260602_144504.csv] - DEBUG - Incoming data. Topic 6/pos, mensaje {"x": 98.7, "y": 123.63, "yaw": 2.434, "timestamp": 1780404339.2947054}
2026-06-02 14:45:39.348 - [robot_6_log_20260602_144504.csv] - DEBUG - Posición actualizada por visión: x=98.70, y=123.63, θ=2.43
2026-06-02 14:45:39.354 - [robot_6_log_20260602_144504.csv] - DEBUG - Frecuencia: 37.76 Hz | Latencia Red/Proc: 59.36 ms
2026-06-02 14:45:39.364 - [robot_6_log_20260602_144504.csv] - DEBUG - Incoming data. Topic agent/6/wheel, mensaje {"Wleft":-9.672818e-15,"Wright":-1.669775429e-14}
2026-06-02 14:45:39.369 - [robot_6_log_20260602_144504.csv] - DEBUG - Incoming data. Topic 6/pos, mensaje {"x": 98.7, "y": 123.63, "yaw": 2.434, "timestamp": 1780404339.2947054}
2026-06-02 14:45:39.374 - [robot_6_log_20260602_144504.csv] - DEBUG - Posición actualizada por visión: x=98.70, y=123.63, θ=2.43
2026-06-02 14:45:39.380 - [robot_6_log_20260602_144504.csv] - DEBUG - Frecuencia: 38.30 Hz | Latencia Red/Proc: 85.47 ms
2026-06-02 14:45:39.383 - [robot_6_log_20260602_144504.csv] - INFO - Usando posición VISION: x=98.70, y=123.63, θ=2.43
2026-06-02 14:45:39.383 - [robot_6_log_20260602_144504.csv] - INFO - Distancias a paredes: Left: 98.70, Right: 351.30, Top: 16.37, Bottom: 123.63
2026-06-02 14:45:39.383 - [robot_6_log_20260602_144504.csv] - INFO - Posicion: 98.7, 123.63, 2.434 | Velocidad: -0.6500062442544229, -0.7599288666909947
2026-06-02 14:45:39.383 - [robot_6_log_20260602_144504.csv] - INFO - None
2026-06-02 14:45:39.383 - [robot_6_log_20260602_144504.csv] - WARNING - Estado FSM: ESPERANDO_GIRO | Target Wall: None | Target Theta: 10.08° |theta: 139.4579273348424 
2026-06-02 14:45:39.389 - [robot_6_log_20260602_144504.csv] - DEBUG - Incoming data. Topic 6/pos, mensaje {"x": 98.7, "y": 123.62, "yaw": 2.433, "timestamp": 1780404339.387746}
2026-06-02 14:45:39.394 - [robot_6_log_20260602_144504.csv] - DEBUG - Posición actualizada por visión: x=98.70, y=123.62, θ=2.43
2026-06-02 14:45:39.399 - [robot_6_log_20260602_144504.csv] - DEBUG - Frecuencia: 51.48 Hz | Latencia Red/Proc: 11.85 ms
2026-06-02 14:45:39.414 - [robot_6_log_20260602_144504.csv] - DEBUG - Incoming data. Topic 6/pos, mensaje {"x": 98.7, "y": 123.62, "yaw": 2.433, "timestamp": 1780404339.387746}
2026-06-02 14:45:39.420 - [robot_6_log_20260602_144504.csv] - DEBUG - Posición actualizada por visión: x=98.70, y=123.62, θ=2.43
2026-06-02 14:45:39.425 - [robot_6_log_20260602_144504.csv] - DEBUG - Frecuencia: 39.19 Hz | Latencia Red/Proc: 37.36 ms
2026-06-02 14:45:39.433 - [robot_6_log_20260602_144504.csv] - INFO - Usando posición VISION: x=98.70, y=123.62, θ=2.43
2026-06-02 14:45:39.433 - [robot_6_log_20260602_144504.csv] - INFO - Distancias a paredes: Left: 98.70, Right: 351.30, Top: 16.38, Bottom: 123.62
2026-06-02 14:45:39.433 - [robot_6_log_20260602_144504.csv] - INFO - Posicion: 98.7, 123.62, 2.433 | Velocidad: -0.6507658479913643, -0.7592784805906727
2026-06-02 14:45:39.433 - [robot_6_log_20260602_144504.csv] - INFO - None
2026-06-02 14:45:39.433 - [robot_6_log_20260602_144504.csv] - DEBUG - Incoming data. Topic 6/pos, mensaje {"x": 98.7, "y": 123.62, "yaw": 2.433, "timestamp": 1780404339.3978262}
2026-06-02 14:45:39.433 - [robot_6_log_20260602_144504.csv] - DEBUG - Posición actualizada por visión: x=98.70, y=123.62, θ=2.43
2026-06-02 14:45:39.433 - [robot_6_log_20260602_144504.csv] - WARNING - Estado FSM: ESPERANDO_GIRO | Target Wall: None | Target Theta: 10.08° |theta: 139.40063155532928 
2026-06-02 14:45:39.433 - [robot_6_log_20260602_144504.csv] - DEBUG - Frecuencia: 123.03 Hz | Latencia Red/Proc: 35.41 ms
2026-06-02 14:45:39.448 - [robot_6_log_20260602_144504.csv] - DEBUG - Incoming data. Topic 6/pos, mensaje {"x": 98.7, "y": 123.62, "yaw": 2.433, "timestamp": 1780404339.3978262}
2026-06-02 14:45:39.448 - [robot_6_log_20260602_144504.csv] - DEBUG - Posición actualizada por visión: x=98.70, y=123.62, θ=2.43
2026-06-02 14:45:39.453 - [robot_6_log_20260602_144504.csv] - DEBUG - Frecuencia: 49.01 Hz | Latencia Red/Proc: 55.82 ms
2026-06-02 14:45:39.475 - [robot_6_log_20260602_144504.csv] - DEBUG - Incoming data. Topic agent/6/wheel, mensaje {"Wleft":-9.672818e-15,"Wright":-1.669775429e-14}
2026-06-02 14:45:39.483 - [robot_6_log_20260602_144504.csv] - INFO - Usando posición VISION: x=98.70, y=123.62, θ=2.43
2026-06-02 14:45:39.483 - [robot_6_log_20260602_144504.csv] - INFO - Distancias a paredes: Left: 98.70, Right: 351.30, Top: 16.38, Bottom: 123.62
2026-06-02 14:45:39.483 - [robot_6_log_20260602_144504.csv] - INFO - Posicion: 98.7, 123.62, 2.433 | Velocidad: -0.6507658479913643, -0.7592784805906727
2026-06-02 14:45:39.483 - [robot_6_log_20260602_144504.csv] - INFO - None
2026-06-02 14:45:39.483 - [robot_6_log_20260602_144504.csv] - WARNING - Estado FSM: ESPERANDO_GIRO | Target Wall: None | Target Theta: 10.08° |theta: 139.40063155532928 
2026-06-02 14:45:39.489 - [robot_6_log_20260602_144504.csv] - DEBUG - Incoming data. Topic 6/pos, mensaje {"x": 98.71, "y": 123.63, "yaw": 2.434, "timestamp": 1780404339.4844596}
2026-06-02 14:45:39.494 - [robot_6_log_20260602_144504.csv] - DEBUG - Posición actualizada por visión: x=98.71, y=123.63, θ=2.43
2026-06-02 14:45:39.494 - [robot_6_log_20260602_144504.csv] - DEBUG - Frecuencia: 24.55 Hz | Latencia Red/Proc: 9.92 ms
2026-06-02 14:45:39.494 - [robot_6_log_20260602_144504.csv] - DEBUG - Incoming data. Topic 6/pos, mensaje {"x": 98.71, "y": 123.63, "yaw": 2.434, "timestamp": 1780404339.4844596}
2026-06-02 14:45:39.504 - [robot_6_log_20260602_144504.csv] - DEBUG - Posición actualizada por visión: x=98.71, y=123.63, θ=2.43
2026-06-02 14:45:39.504 - [robot_6_log_20260602_144504.csv] - DEBUG - Frecuencia: 94.54 Hz | Latencia Red/Proc: 20.50 ms
2026-06-02 14:45:39.515 - [robot_6_log_20260602_144504.csv] - DEBUG - Incoming data. Topic 6/pos, mensaje {"x": 98.71, "y": 123.63, "yaw": 2.434, "timestamp": 1780404339.4964395}
2026-06-02 14:45:39.520 - [robot_6_log_20260602_144504.csv] - DEBUG - Posición actualizada por visión: x=98.71, y=123.63, θ=2.43
2026-06-02 14:45:39.520 - [robot_6_log_20260602_144504.csv] - DEBUG - Frecuencia: 63.26 Hz | Latencia Red/Proc: 24.33 ms
2026-06-02 14:45:39.520 - [robot_6_log_20260602_144504.csv] - DEBUG - Incoming data. Topic agent/6/wheel, mensaje {"Wleft":-9.672818e-15,"Wright":-1.669775429e-14}
2026-06-02 14:45:39.533 - [robot_6_log_20260602_144504.csv] - INFO - Usando posición VISION: x=98.71, y=123.63, θ=2.43
2026-06-02 14:45:39.533 - [robot_6_log_20260602_144504.csv] - INFO - Distancias a paredes: Left: 98.71, Right: 351.29, Top: 16.37, Bottom: 123.63
2026-06-02 14:45:39.533 - [robot_6_log_20260602_144504.csv] - INFO - Posicion: 98.71, 123.63, 2.434 | Velocidad: -0.6500062442544229, -0.7599288666909947
2026-06-02 14:45:39.533 - [robot_6_log_20260602_144504.csv] - INFO - None
2026-06-02 14:45:39.533 - [robot_6_log_20260602_144504.csv] - WARNING - Estado FSM: ESPERANDO_GIRO | Target Wall: None | Target Theta: 10.08° |theta: 139.4579273348424 
2026-06-02 14:45:39.538 - [robot_6_log_20260602_144504.csv] - DEBUG - Incoming data. Topic 6/pos, mensaje {"x": 98.71, "y": 123.63, "yaw": 2.434, "timestamp": 1780404339.4964395}
2026-06-02 14:45:39.543 - [robot_6_log_20260602_144504.csv] - DEBUG - Posición actualizada por visión: x=98.71, y=123.63, θ=2.43
2026-06-02 14:45:39.550 - [robot_6_log_20260602_144504.csv] - DEBUG - Frecuencia: 34.00 Hz | Latencia Red/Proc: 53.74 ms
2026-06-02 14:45:39.583 - [robot_6_log_20260602_144504.csv] - INFO - Usando posición VISION: x=98.71, y=123.63, θ=2.43
2026-06-02 14:45:39.583 - [robot_6_log_20260602_144504.csv] - INFO - Distancias a paredes: Left: 98.71, Right: 351.29, Top: 16.37, Bottom: 123.63
2026-06-02 14:45:39.583 - [robot_6_log_20260602_144504.csv] - INFO - Posicion: 98.71, 123.63, 2.434 | Velocidad: -0.6500062442544229, -0.7599288666909947
2026-06-02 14:45:39.583 - [robot_6_log_20260602_144504.csv] - INFO - None
2026-06-02 14:45:39.583 - [robot_6_log_20260602_144504.csv] - WARNING - Estado FSM: ESPERANDO_GIRO | Target Wall: None | Target Theta: 10.08° |theta: 139.4579273348424 
2026-06-02 14:45:39.599 - [robot_6_log_20260602_144504.csv] - DEBUG - Incoming data. Topic 6/pos, mensaje {"x": 98.72, "y": 123.62, "yaw": 2.437, "timestamp": 1780404339.5873837}
2026-06-02 14:45:39.604 - [robot_6_log_20260602_144504.csv] - DEBUG - Posición actualizada por visión: x=98.72, y=123.62, θ=2.44
2026-06-02 14:45:39.604 - [robot_6_log_20260602_144504.csv] - DEBUG - Frecuencia: 18.25 Hz | Latencia Red/Proc: 17.60 ms
2026-06-02 14:45:39.605 - [robot_6_log_20260602_144504.csv] - DEBUG - Incoming data. Topic 6/pos, mensaje {"x": 98.72, "y": 123.62, "yaw": 2.437, "timestamp": 1780404339.5873837}
2026-06-02 14:45:39.610 - [robot_6_log_20260602_144504.csv] - DEBUG - Posición actualizada por visión: x=98.72, y=123.62, θ=2.44
2026-06-02 14:45:39.616 - [robot_6_log_20260602_144504.csv] - DEBUG - Frecuencia: 88.37 Hz | Latencia Red/Proc: 28.91 ms
2026-06-02 14:45:39.621 - [robot_6_log_20260602_144504.csv] - DEBUG - Incoming data. Topic 6/pos, mensaje {"x": 98.72, "y": 123.62, "yaw": 2.437, "timestamp": 1780404339.5971932}
2026-06-02 14:45:39.626 - [robot_6_log_20260602_144504.csv] - DEBUG - Posición actualizada por visión: x=98.72, y=123.62, θ=2.44
2026-06-02 14:45:39.632 - [robot_6_log_20260602_144504.csv] - DEBUG - Frecuencia: 60.31 Hz | Latencia Red/Proc: 35.68 ms
2026-06-02 14:45:39.633 - [robot_6_log_20260602_144504.csv] - INFO - Usando posición VISION: x=98.72, y=123.62, θ=2.44
2026-06-02 14:45:39.633 - [robot_6_log_20260602_144504.csv] - INFO - Distancias a paredes: Left: 98.72, Right: 351.28, Top: 16.38, Bottom: 123.62
2026-06-02 14:45:39.633 - [robot_6_log_20260602_144504.csv] - INFO - Posicion: 98.72, 123.62, 2.437 | Velocidad: -0.6477235360481232, -0.7618754628213956
2026-06-02 14:45:39.633 - [robot_6_log_20260602_144504.csv] - INFO - None
2026-06-02 14:45:39.633 - [robot_6_log_20260602_144504.csv] - WARNING - Estado FSM: ESPERANDO_GIRO | Target Wall: None | Target Theta: 10.08° |theta: 139.62981467338162 
2026-06-02 14:45:39.643 - [robot_6_log_20260602_144504.csv] - DEBUG - Incoming data. Topic 6/pos, mensaje {"x": 98.72, "y": 123.62, "yaw": 2.437, "timestamp": 1780404339.5971932}
2026-06-02 14:45:39.648 - [robot_6_log_20260602_144504.csv] - DEBUG - Posición actualizada por visión: x=98.72, y=123.62, θ=2.44
2026-06-02 14:45:39.653 - [robot_6_log_20260602_144504.csv] - DEBUG - Frecuencia: 47.38 Hz | Latencia Red/Proc: 56.79 ms
2026-06-02 14:45:39.665 - [robot_6_log_20260602_144504.csv] - DEBUG - Incoming data. Topic agent/6/wheel, mensaje {"Wleft":-9.672818e-15,"Wright":-1.669775429e-14}
2026-06-02 14:45:39.683 - [robot_6_log_20260602_144504.csv] - INFO - Usando posición VISION: x=98.72, y=123.62, θ=2.44
2026-06-02 14:45:39.683 - [robot_6_log_20260602_144504.csv] - INFO - Distancias a paredes: Left: 98.72, Right: 351.28, Top: 16.38, Bottom: 123.62
2026-06-02 14:45:39.683 - [robot_6_log_20260602_144504.csv] - INFO - Posicion: 98.72, 123.62, 2.437 | Velocidad: -0.6477235360481232, -0.7618754628213956
2026-06-02 14:45:39.683 - [robot_6_log_20260602_144504.csv] - INFO - None
2026-06-02 14:45:39.683 - [robot_6_log_20260602_144504.csv] - WARNING - Estado FSM: ESPERANDO_GIRO | Target Wall: None | Target Theta: 10.08° |theta: 139.62981467338162 
2026-06-02 14:45:39.733 - [robot_6_log_20260602_144504.csv] - INFO - Usando posición VISION: x=98.72, y=123.62, θ=2.44
2026-06-02 14:45:39.733 - [robot_6_log_20260602_144504.csv] - INFO - Distancias a paredes: Left: 98.72, Right: 351.28, Top: 16.38, Bottom: 123.62
2026-06-02 14:45:39.733 - [robot_6_log_20260602_144504.csv] - INFO - Posicion: 98.72, 123.62, 2.437 | Velocidad: -0.6477235360481232, -0.7618754628213956
2026-06-02 14:45:39.733 - [robot_6_log_20260602_144504.csv] - INFO - None
2026-06-02 14:45:39.733 - [robot_6_log_20260602_144504.csv] - WARNING - Estado FSM: ESPERANDO_GIRO | Target Wall: None | Target Theta: 10.08° |theta: 139.62981467338162 
2026-06-02 14:45:39.783 - [robot_6_log_20260602_144504.csv] - INFO - Usando posición VISION: x=98.72, y=123.62, θ=2.44
2026-06-02 14:45:39.783 - [robot_6_log_20260602_144504.csv] - DEBUG - Incoming data. Topic agent/6/wheel, mensaje {"Wleft":-9.672818e-15,"Wright":-1.669775429e-14}
2026-06-02 14:45:39.783 - [robot_6_log_20260602_144504.csv] - INFO - Distancias a paredes: Left: 98.72, Right: 351.28, Top: 16.38, Bottom: 123.62
2026-06-02 14:45:39.783 - [robot_6_log_20260602_144504.csv] - INFO - Posicion: 98.72, 123.62, 2.437 | Velocidad: -0.6477235360481232, -0.7618754628213956
2026-06-02 14:45:39.783 - [robot_6_log_20260602_144504.csv] - INFO - None
2026-06-02 14:45:39.783 - [robot_6_log_20260602_144504.csv] - WARNING - Estado FSM: ESPERANDO_GIRO | Target Wall: None | Target Theta: 10.08° |theta: 139.62981467338162 
2026-06-02 14:45:39.789 - [robot_6_log_20260602_144504.csv] - DEBUG - Incoming data. Topic 6/pos, mensaje {"x": 98.71, "y": 123.63, "yaw": 2.442, "timestamp": 1780404339.7855465}
2026-06-02 14:45:39.794 - [robot_6_log_20260602_144504.csv] - DEBUG - Posición actualizada por visión: x=98.71, y=123.63, θ=2.44
2026-06-02 14:45:39.799 - [robot_6_log_20260602_144504.csv] - DEBUG - Frecuencia: 6.86 Hz | Latencia Red/Proc: 14.21 ms
2026-06-02 14:45:39.804 - [robot_6_log_20260602_144504.csv] - DEBUG - Incoming data. Topic 6/pos, mensaje {"x": 98.71, "y": 123.63, "yaw": 2.442, "timestamp": 1780404339.7855465}
2026-06-02 14:45:39.810 - [robot_6_log_20260602_144504.csv] - DEBUG - Posición actualizada por visión: x=98.71, y=123.63, θ=2.44
2026-06-02 14:45:39.816 - [robot_6_log_20260602_144504.csv] - DEBUG - Frecuencia: 60.88 Hz | Latencia Red/Proc: 30.64 ms
2026-06-02 14:45:39.821 - [robot_6_log_20260602_144504.csv] - DEBUG - Incoming data. Topic 6/pos, mensaje {"x": 98.71, "y": 123.63, "yaw": 2.442, "timestamp": 1780404339.7969527}
2026-06-02 14:45:39.821 - [robot_6_log_20260602_144504.csv] - DEBUG - Posición actualizada por visión: x=98.71, y=123.63, θ=2.44
2026-06-02 14:45:39.826 - [robot_6_log_20260602_144504.csv] - DEBUG - Frecuencia: 97.71 Hz | Latencia Red/Proc: 29.46 ms
2026-06-02 14:45:39.833 - [robot_6_log_20260602_144504.csv] - INFO - Usando posición VISION: x=98.71, y=123.63, θ=2.44
2026-06-02 14:45:39.833 - [robot_6_log_20260602_144504.csv] - INFO - Distancias a paredes: Left: 98.71, Right: 351.29, Top: 16.37, Bottom: 123.63
2026-06-02 14:45:39.833 - [robot_6_log_20260602_144504.csv] - INFO - Posicion: 98.71, 123.63, 2.442 | Velocidad: -0.6439060780790687, -0.7651045435839682
2026-06-02 14:45:39.833 - [robot_6_log_20260602_144504.csv] - INFO - None
2026-06-02 14:45:39.833 - [robot_6_log_20260602_144504.csv] - DEBUG - Incoming data. Topic 6/pos, mensaje {"x": 98.71, "y": 123.63, "yaw": 2.442, "timestamp": 1780404339.7969527}
2026-06-02 14:45:39.833 - [robot_6_log_20260602_144504.csv] - WARNING - Estado FSM: ESPERANDO_GIRO | Target Wall: None | Target Theta: 10.08° |theta: 139.91629357094703 
2026-06-02 14:45:39.833 - [robot_6_log_20260602_144504.csv] - DEBUG - Posición actualizada por visión: x=98.71, y=123.63, θ=2.44
2026-06-02 14:45:39.843 - [robot_6_log_20260602_144504.csv] - DEBUG - Frecuencia: 59.00 Hz | Latencia Red/Proc: 46.41 ms
2026-06-02 14:45:39.848 - [robot_6_log_20260602_144504.csv] - DEBUG - Incoming data. Topic agent/6/wheel, mensaje {"Wleft":-9.672818e-15,"Wright":-1.669775429e-14}
2026-06-02 14:45:39.883 - [robot_6_log_20260602_144504.csv] - INFO - Usando posición VISION: x=98.71, y=123.63, θ=2.44
2026-06-02 14:45:39.883 - [robot_6_log_20260602_144504.csv] - INFO - Distancias a paredes: Left: 98.71, Right: 351.29, Top: 16.37, Bottom: 123.63
2026-06-02 14:45:39.883 - [robot_6_log_20260602_144504.csv] - INFO - Posicion: 98.71, 123.63, 2.442 | Velocidad: -0.6439060780790687, -0.7651045435839682
2026-06-02 14:45:39.883 - [robot_6_log_20260602_144504.csv] - INFO - None
2026-06-02 14:45:39.883 - [robot_6_log_20260602_144504.csv] - WARNING - Estado FSM: ESPERANDO_GIRO | Target Wall: None | Target Theta: 10.08° |theta: 139.91629357094703 
2026-06-02 14:45:39.893 - [robot_6_log_20260602_144504.csv] - DEBUG - Incoming data. Topic 6/pos, mensaje {"x": 98.71, "y": 123.63, "yaw": 2.435, "timestamp": 1780404339.882159}
2026-06-02 14:45:39.898 - [robot_6_log_20260602_144504.csv] - DEBUG - Posición actualizada por visión: x=98.71, y=123.63, θ=2.44
2026-06-02 14:45:39.903 - [robot_6_log_20260602_144504.csv] - DEBUG - Frecuencia: 16.57 Hz | Latencia Red/Proc: 21.56 ms
2026-06-02 14:45:39.908 - [robot_6_log_20260602_144504.csv] - DEBUG - Incoming data. Topic 6/pos, mensaje {"x": 98.71, "y": 123.63, "yaw": 2.435, "timestamp": 1780404339.882159}
2026-06-02 14:45:39.913 - [robot_6_log_20260602_144504.csv] - DEBUG - Posición actualizada por visión: x=98.71, y=123.63, θ=2.44
2026-06-02 14:45:39.925 - [robot_6_log_20260602_144504.csv] - DEBUG - Frecuencia: 46.66 Hz | Latencia Red/Proc: 42.99 ms
2026-06-02 14:45:39.930 - [robot_6_log_20260602_144504.csv] - DEBUG - Incoming data. Topic 6/pos, mensaje {"x": 98.71, "y": 123.63, "yaw": 2.435, "timestamp": 1780404339.893233}
2026-06-02 14:45:39.933 - [robot_6_log_20260602_144504.csv] - INFO - Usando posición VISION: x=98.71, y=123.63, θ=2.44
2026-06-02 14:45:39.933 - [robot_6_log_20260602_144504.csv] - DEBUG - Posición actualizada por visión: x=98.71, y=123.63, θ=2.44
2026-06-02 14:45:39.933 - [robot_6_log_20260602_144504.csv] - INFO - Distancias a paredes: Left: 98.71, Right: 351.29, Top: 16.37, Bottom: 123.63
2026-06-02 14:45:39.933 - [robot_6_log_20260602_144504.csv] - DEBUG - Frecuencia: 125.61 Hz | Latencia Red/Proc: 39.88 ms
2026-06-02 14:45:39.933 - [robot_6_log_20260602_144504.csv] - INFO - Posicion: 98.71, 123.63, 2.435 | Velocidad: -0.6492459905112917, -0.760578492862513
2026-06-02 14:45:39.933 - [robot_6_log_20260602_144504.csv] - INFO - None
2026-06-02 14:45:39.933 - [robot_6_log_20260602_144504.csv] - WARNING - Estado FSM: ESPERANDO_GIRO | Target Wall: None | Target Theta: 10.08° |theta: 139.51522311435545 
2026-06-02 14:45:39.938 - [robot_6_log_20260602_144504.csv] - DEBUG - Incoming data. Topic 6/pos, mensaje {"x": 98.71, "y": 123.63, "yaw": 2.435, "timestamp": 1780404339.893233}
2026-06-02 14:45:39.943 - [robot_6_log_20260602_144504.csv] - DEBUG - Posición actualizada por visión: x=98.71, y=123.63, θ=2.44
2026-06-02 14:45:39.948 - [robot_6_log_20260602_144504.csv] - DEBUG - Frecuencia: 65.03 Hz | Latencia Red/Proc: 55.26 ms
2026-06-02 14:45:39.971 - [robot_6_log_20260602_144504.csv] - DEBUG - Incoming data. Topic agent/6/wheel, mensaje {"Wleft":-9.672818e-15,"Wright":-1.669775429e-14}
2026-06-02 14:45:39.983 - [robot_6_log_20260602_144504.csv] - INFO - Usando posición VISION: x=98.71, y=123.63, θ=2.44
2026-06-02 14:45:39.983 - [robot_6_log_20260602_144504.csv] - INFO - Distancias a paredes: Left: 98.71, Right: 351.29, Top: 16.37, Bottom: 123.63
2026-06-02 14:45:39.983 - [robot_6_log_20260602_144504.csv] - INFO - Posicion: 98.71, 123.63, 2.435 | Velocidad: -0.6492459905112917, -0.760578492862513
2026-06-02 14:45:39.983 - [robot_6_log_20260602_144504.csv] - INFO - None
2026-06-02 14:45:39.983 - [robot_6_log_20260602_144504.csv] - WARNING - Estado FSM: ESPERANDO_GIRO | Target Wall: None | Target Theta: 10.08° |theta: 139.51522311435545 
2026-06-02 14:45:39.988 - [robot_6_log_20260602_144504.csv] - DEBUG - Incoming data. Topic 6/pos, mensaje {"x": 98.73, "y": 123.63, "yaw": 2.438, "timestamp": 1780404339.9856396}
2026-06-02 14:45:39.988 - [robot_6_log_20260602_144504.csv] - DEBUG - Posición actualizada por visión: x=98.73, y=123.63, θ=2.44
2026-06-02 14:45:39.988 - [robot_6_log_20260602_144504.csv] - DEBUG - Frecuencia: 24.76 Hz | Latencia Red/Proc: 3.24 ms
2026-06-02 14:45:39.988 - [robot_6_log_20260602_144504.csv] - DEBUG - Incoming data. Topic 6/pos, mensaje {"x": 98.73, "y": 123.63, "yaw": 2.438, "timestamp": 1780404339.9856396}
2026-06-02 14:45:39.988 - [robot_6_log_20260602_144504.csv] - DEBUG - Posición actualizada por visión: x=98.73, y=123.63, θ=2.44
2026-06-02 14:45:39.988 - [robot_6_log_20260602_144504.csv] - DEBUG - Frecuencia: 11096.04 Hz | Latencia Red/Proc: 3.33 ms
2026-06-02 14:45:40.001 - [robot_6_log_20260602_144504.csv] - DEBUG - Incoming data. Topic 6/pos, mensaje {"x": 98.73, "y": 123.63, "yaw": 2.438, "timestamp": 1780404339.9953969}
2026-06-02 14:45:40.001 - [robot_6_log_20260602_144504.csv] - DEBUG - Posición actualizada por visión: x=98.73, y=123.63, θ=2.44
2026-06-02 14:45:40.006 - [robot_6_log_20260602_144504.csv] - DEBUG - Frecuencia: 57.73 Hz | Latencia Red/Proc: 10.90 ms
2026-06-02 14:45:40.022 - [robot_6_log_20260602_144504.csv] - DEBUG - Incoming data. Topic 6/pos, mensaje {"x": 98.73, "y": 123.63, "yaw": 2.438, "timestamp": 1780404339.9953969}
2026-06-02 14:45:40.027 - [robot_6_log_20260602_144504.csv] - DEBUG - Posición actualizada por visión: x=98.73, y=123.63, θ=2.44
2026-06-02 14:45:40.032 - [robot_6_log_20260602_144504.csv] - DEBUG - Frecuencia: 37.76 Hz | Latencia Red/Proc: 37.38 ms
2026-06-02 14:45:40.033 - [robot_6_log_20260602_144504.csv] - INFO - Usando posición VISION: x=98.73, y=123.63, θ=2.44
2026-06-02 14:45:40.033 - [robot_6_log_20260602_144504.csv] - INFO - Distancias a paredes: Left: 98.73, Right: 351.27, Top: 16.37, Bottom: 123.63
2026-06-02 14:45:40.033 - [robot_6_log_20260602_144504.csv] - INFO - Posicion: 98.73, 123.63, 2.438 | Velocidad: -0.6469613368505397, -0.7625228053117904
2026-06-02 14:45:40.033 - [robot_6_log_20260602_144504.csv] - INFO - None
2026-06-02 14:45:40.033 - [robot_6_log_20260602_144504.csv] - WARNING - Estado FSM: ESPERANDO_GIRO | Target Wall: None | Target Theta: 10.08° |theta: 139.6871104528947 
2026-06-02 14:45:40.039 - [robot_6_log_20260602_144504.csv] - DEBUG - Incoming data. Topic agent/6/wheel, mensaje {"Wleft":-9.672818e-15,"Wright":-1.669775429e-14}
2026-06-02 14:45:40.083 - [robot_6_log_20260602_144504.csv] - INFO - Usando posición VISION: x=98.73, y=123.63, θ=2.44
2026-06-02 14:45:40.083 - [robot_6_log_20260602_144504.csv] - INFO - Distancias a paredes: Left: 98.73, Right: 351.27, Top: 16.37, Bottom: 123.63
2026-06-02 14:45:40.083 - [robot_6_log_20260602_144504.csv] - INFO - Posicion: 98.73, 123.63, 2.438 | Velocidad: -0.6469613368505397, -0.7625228053117904
2026-06-02 14:45:40.083 - [robot_6_log_20260602_144504.csv] - INFO - None
2026-06-02 14:45:40.083 - [robot_6_log_20260602_144504.csv] - WARNING - Estado FSM: ESPERANDO_GIRO | Target Wall: None | Target Theta: 10.08° |theta: 139.6871104528947 
2026-06-02 14:45:40.133 - [robot_6_log_20260602_144504.csv] - INFO - Usando posición VISION: x=98.73, y=123.63, θ=2.44
2026-06-02 14:45:40.133 - [robot_6_log_20260602_144504.csv] - INFO - Distancias a paredes: Left: 98.73, Right: 351.27, Top: 16.37, Bottom: 123.63
2026-06-02 14:45:40.133 - [robot_6_log_20260602_144504.csv] - INFO - Posicion: 98.73, 123.63, 2.438 | Velocidad: -0.6469613368505397, -0.7625228053117904
2026-06-02 14:45:40.133 - [robot_6_log_20260602_144504.csv] - INFO - None
2026-06-02 14:45:40.133 - [robot_6_log_20260602_144504.csv] - WARNING - Estado FSM: ESPERANDO_GIRO | Target Wall: None | Target Theta: 10.08° |theta: 139.6871104528947 
2026-06-02 14:45:40.183 - [robot_6_log_20260602_144504.csv] - INFO - Usando posición VISION: x=98.73, y=123.63, θ=2.44
2026-06-02 14:45:40.183 - [robot_6_log_20260602_144504.csv] - INFO - Distancias a paredes: Left: 98.73, Right: 351.27, Top: 16.37, Bottom: 123.63
2026-06-02 14:45:40.183 - [robot_6_log_20260602_144504.csv] - INFO - Posicion: 98.73, 123.63, 2.438 | Velocidad: -0.6469613368505397, -0.7625228053117904
2026-06-02 14:45:40.183 - [robot_6_log_20260602_144504.csv] - INFO - None
2026-06-02 14:45:40.183 - [robot_6_log_20260602_144504.csv] - WARNING - Estado FSM: ESPERANDO_GIRO | Target Wall: None | Target Theta: 10.08° |theta: 139.6871104528947 
2026-06-02 14:45:40.188 - [robot_6_log_20260602_144504.csv] - DEBUG - Incoming data. Topic agent/6/wheel, mensaje {"Wleft":-9.672818e-15,"Wright":-1.669775429e-14}
2026-06-02 14:45:40.193 - [robot_6_log_20260602_144504.csv] - DEBUG - Incoming data. Topic 6/pos, mensaje {"x": 98.71, "y": 123.64, "yaw": 2.44, "timestamp": 1780404340.185774}
2026-06-02 14:45:40.198 - [robot_6_log_20260602_144504.csv] - DEBUG - Posición actualizada por visión: x=98.71, y=123.64, θ=2.44
2026-06-02 14:45:40.198 - [robot_6_log_20260602_144504.csv] - DEBUG - Frecuencia: 6.02 Hz | Latencia Red/Proc: 13.13 ms
2026-06-02 14:45:40.199 - [robot_6_log_20260602_144504.csv] - DEBUG - Incoming data. Topic 6/pos, mensaje {"x": 98.71, "y": 123.64, "yaw": 2.44, "timestamp": 1780404340.185774}
2026-06-02 14:45:40.205 - [robot_6_log_20260602_144504.csv] - DEBUG - Posición actualizada por visión: x=98.71, y=123.64, θ=2.44
2026-06-02 14:45:40.210 - [robot_6_log_20260602_144504.csv] - DEBUG - Frecuencia: 87.48 Hz | Latencia Red/Proc: 24.56 ms
2026-06-02 14:45:40.221 - [robot_6_log_20260602_144504.csv] - DEBUG - Incoming data. Topic 6/pos, mensaje {"x": 98.71, "y": 123.64, "yaw": 2.44, "timestamp": 1780404340.1951716}
2026-06-02 14:45:40.221 - [robot_6_log_20260602_144504.csv] - DEBUG - Posición actualizada por visión: x=98.71, y=123.64, θ=2.44
2026-06-02 14:45:40.221 - [robot_6_log_20260602_144504.csv] - DEBUG - Frecuencia: 87.23 Hz | Latencia Red/Proc: 26.63 ms
2026-06-02 14:45:40.221 - [robot_6_log_20260602_144504.csv] - DEBUG - Incoming data. Topic 6/pos, mensaje {"x": 98.71, "y": 123.64, "yaw": 2.44, "timestamp": 1780404340.1951716}
2026-06-02 14:45:40.226 - [robot_6_log_20260602_144504.csv] - DEBUG - Posición actualizada por visión: x=98.71, y=123.64, θ=2.44
2026-06-02 14:45:40.226 - [robot_6_log_20260602_144504.csv] - DEBUG - Frecuencia: 192.47 Hz | Latencia Red/Proc: 31.82 ms
2026-06-02 14:45:40.233 - [robot_6_log_20260602_144504.csv] - INFO - Usando posición VISION: x=98.71, y=123.64, θ=2.44
2026-06-02 14:45:40.233 - [robot_6_log_20260602_144504.csv] - INFO - Distancias a paredes: Left: 98.71, Right: 351.29, Top: 16.36, Bottom: 123.64
2026-06-02 14:45:40.233 - [robot_6_log_20260602_144504.csv] - INFO - Posicion: 98.71, 123.64, 2.44 | Velocidad: -0.6454349983343707, -0.7638152020777741
2026-06-02 14:45:40.233 - [robot_6_log_20260602_144504.csv] - INFO - None
2026-06-02 14:45:40.233 - [robot_6_log_20260602_144504.csv] - WARNING - Estado FSM: ESPERANDO_GIRO | Target Wall: None | Target Theta: 10.08° |theta: 139.80170201192087 
2026-06-02 14:45:40.283 - [robot_6_log_20260602_144504.csv] - INFO - Usando posición VISION: x=98.71, y=123.64, θ=2.44
2026-06-02 14:45:40.283 - [robot_6_log_20260602_144504.csv] - INFO - Distancias a paredes: Left: 98.71, Right: 351.29, Top: 16.36, Bottom: 123.64
2026-06-02 14:45:40.283 - [robot_6_log_20260602_144504.csv] - INFO - Posicion: 98.71, 123.64, 2.44 | Velocidad: -0.6454349983343707, -0.7638152020777741
2026-06-02 14:45:40.283 - [robot_6_log_20260602_144504.csv] - INFO - None
2026-06-02 14:45:40.283 - [robot_6_log_20260602_144504.csv] - WARNING - Estado FSM: ESPERANDO_GIRO | Target Wall: None | Target Theta: 10.08° |theta: 139.80170201192087 
2026-06-02 14:45:40.293 - [robot_6_log_20260602_144504.csv] - DEBUG - Incoming data. Topic agent/6/wheel, mensaje {"Wleft":-9.672818e-15,"Wright":-1.669775429e-14}
2026-06-02 14:45:40.333 - [robot_6_log_20260602_144504.csv] - INFO - Usando posición VISION: x=98.71, y=123.64, θ=2.44
2026-06-02 14:45:40.333 - [robot_6_log_20260602_144504.csv] - INFO - Distancias a paredes: Left: 98.71, Right: 351.29, Top: 16.36, Bottom: 123.64
2026-06-02 14:45:40.333 - [robot_6_log_20260602_144504.csv] - INFO - Posicion: 98.71, 123.64, 2.44 | Velocidad: -0.6454349983343707, -0.7638152020777741
2026-06-02 14:45:40.333 - [robot_6_log_20260602_144504.csv] - INFO - None
2026-06-02 14:45:40.333 - [robot_6_log_20260602_144504.csv] - WARNING - Estado FSM: ESPERANDO_GIRO | Target Wall: None | Target Theta: 10.08° |theta: 139.80170201192087 
2026-06-02 14:45:40.351 - [robot_6_log_20260602_144504.csv] - DEBUG - Incoming data. Topic agent/6/wheel, mensaje {"Wleft":-9.672818e-15,"Wright":-1.669775429e-14}
2026-06-02 14:45:40.383 - [robot_6_log_20260602_144504.csv] - INFO - Usando posición VISION: x=98.71, y=123.64, θ=2.44
2026-06-02 14:45:40.383 - [robot_6_log_20260602_144504.csv] - INFO - Distancias a paredes: Left: 98.71, Right: 351.29, Top: 16.36, Bottom: 123.64
2026-06-02 14:45:40.383 - [robot_6_log_20260602_144504.csv] - INFO - Posicion: 98.71, 123.64, 2.44 | Velocidad: -0.6454349983343707, -0.7638152020777741
2026-06-02 14:45:40.383 - [robot_6_log_20260602_144504.csv] - INFO - None
2026-06-02 14:45:40.383 - [robot_6_log_20260602_144504.csv] - WARNING - Estado FSM: ESPERANDO_GIRO | Target Wall: None | Target Theta: 10.08° |theta: 139.80170201192087 
2026-06-02 14:45:40.399 - [robot_6_log_20260602_144504.csv] - DEBUG - Incoming data. Topic 6/pos, mensaje {"x": 98.71, "y": 123.64, "yaw": 2.438, "timestamp": 1780404340.3929863}
2026-06-02 14:45:40.405 - [robot_6_log_20260602_144504.csv] - DEBUG - Posición actualizada por visión: x=98.71, y=123.64, θ=2.44
2026-06-02 14:45:40.410 - [robot_6_log_20260602_144504.csv] - DEBUG - Frecuencia: 5.46 Hz | Latencia Red/Proc: 17.26 ms
2026-06-02 14:45:40.410 - [robot_6_log_20260602_144504.csv] - DEBUG - Incoming data. Topic 6/pos, mensaje {"x": 98.71, "y": 123.64, "yaw": 2.438, "timestamp": 1780404340.3929863}
2026-06-02 14:45:40.415 - [robot_6_log_20260602_144504.csv] - DEBUG - Posición actualizada por visión: x=98.71, y=123.64, θ=2.44
2026-06-02 14:45:40.420 - [robot_6_log_20260602_144504.csv] - DEBUG - Frecuencia: 95.84 Hz | Latencia Red/Proc: 27.70 ms
2026-06-02 14:45:40.420 - [robot_6_log_20260602_144504.csv] - DEBUG - Incoming data. Topic 6/pos, mensaje {"x": 98.71, "y": 123.64, "yaw": 2.438, "timestamp": 1780404340.4049602}
2026-06-02 14:45:40.420 - [robot_6_log_20260602_144504.csv] - DEBUG - Posición actualizada por visión: x=98.71, y=123.64, θ=2.44
2026-06-02 14:45:40.420 - [robot_6_log_20260602_144504.csv] - DEBUG - Frecuencia: 7371.36 Hz | Latencia Red/Proc: 15.86 ms
2026-06-02 14:45:40.420 - [robot_6_log_20260602_144504.csv] - DEBUG - Incoming data. Topic 6/pos, mensaje {"x": 98.71, "y": 123.64, "yaw": 2.438, "timestamp": 1780404340.4049602}
2026-06-02 14:45:40.420 - [robot_6_log_20260602_144504.csv] - DEBUG - Posición actualizada por visión: x=98.71, y=123.64, θ=2.44
2026-06-02 14:45:40.420 - [robot_6_log_20260602_144504.csv] - DEBUG - Frecuencia: 11715.93 Hz | Latencia Red/Proc: 15.94 ms
2026-06-02 14:45:40.433 - [robot_6_log_20260602_144504.csv] - INFO - Usando posición VISION: x=98.71, y=123.64, θ=2.44
2026-06-02 14:45:40.433 - [robot_6_log_20260602_144504.csv] - INFO - Distancias a paredes: Left: 98.71, Right: 351.29, Top: 16.36, Bottom: 123.64
2026-06-02 14:45:40.433 - [robot_6_log_20260602_144504.csv] - INFO - Posicion: 98.71, 123.64, 2.438 | Velocidad: -0.6469613368505397, -0.7625228053117904
2026-06-02 14:45:40.433 - [robot_6_log_20260602_144504.csv] - INFO - None
2026-06-02 14:45:40.433 - [robot_6_log_20260602_144504.csv] - WARNING - Estado FSM: ESPERANDO_GIRO | Target Wall: None | Target Theta: 10.08° |theta: 139.6871104528947 
2026-06-02 14:45:40.451 - [robot_6_log_20260602_144504.csv] - DEBUG - Incoming data. Topic agent/6/wheel, mensaje {"Wleft":-9.672818e-15,"Wright":-1.669775429e-14}
2026-06-02 14:45:40.483 - [robot_6_log_20260602_144504.csv] - INFO - Usando posición VISION: x=98.71, y=123.64, θ=2.44
2026-06-02 14:45:40.483 - [robot_6_log_20260602_144504.csv] - INFO - Distancias a paredes: Left: 98.71, Right: 351.29, Top: 16.36, Bottom: 123.64
2026-06-02 14:45:40.483 - [robot_6_log_20260602_144504.csv] - INFO - Posicion: 98.71, 123.64, 2.438 | Velocidad: -0.6469613368505397, -0.7625228053117904
2026-06-02 14:45:40.483 - [robot_6_log_20260602_144504.csv] - INFO - None
2026-06-02 14:45:40.483 - [robot_6_log_20260602_144504.csv] - WARNING - Estado FSM: ESPERANDO_GIRO | Target Wall: None | Target Theta: 10.08° |theta: 139.6871104528947 
2026-06-02 14:45:40.533 - [robot_6_log_20260602_144504.csv] - INFO - Usando posición VISION: x=98.71, y=123.64, θ=2.44
2026-06-02 14:45:40.533 - [robot_6_log_20260602_144504.csv] - INFO - Distancias a paredes: Left: 98.71, Right: 351.29, Top: 16.36, Bottom: 123.64
2026-06-02 14:45:40.533 - [robot_6_log_20260602_144504.csv] - INFO - Posicion: 98.71, 123.64, 2.438 | Velocidad: -0.6469613368505397, -0.7625228053117904
2026-06-02 14:45:40.533 - [robot_6_log_20260602_144504.csv] - INFO - None
2026-06-02 14:45:40.533 - [robot_6_log_20260602_144504.csv] - WARNING - Estado FSM: ESPERANDO_GIRO | Target Wall: None | Target Theta: 10.08° |theta: 139.6871104528947 
2026-06-02 14:45:40.583 - [robot_6_log_20260602_144504.csv] - INFO - Usando posición VISION: x=98.71, y=123.64, θ=2.44
2026-06-02 14:45:40.583 - [robot_6_log_20260602_144504.csv] - INFO - Distancias a paredes: Left: 98.71, Right: 351.29, Top: 16.36, Bottom: 123.64
2026-06-02 14:45:40.583 - [robot_6_log_20260602_144504.csv] - INFO - Posicion: 98.71, 123.64, 2.438 | Velocidad: -0.6469613368505397, -0.7625228053117904
2026-06-02 14:45:40.583 - [robot_6_log_20260602_144504.csv] - INFO - None
2026-06-02 14:45:40.583 - [robot_6_log_20260602_144504.csv] - WARNING - Estado FSM: ESPERANDO_GIRO | Target Wall: None | Target Theta: 10.08° |theta: 139.6871104528947 
2026-06-02 14:45:40.594 - [robot_6_log_20260602_144504.csv] - DEBUG - Incoming data. Topic 6/pos, mensaje {"x": 98.72, "y": 123.63, "yaw": 2.439, "timestamp": 1780404340.5873435}
2026-06-02 14:45:40.604 - [robot_6_log_20260602_144504.csv] - DEBUG - Posición actualizada por visión: x=98.72, y=123.63, θ=2.44
2026-06-02 14:45:40.604 - [robot_6_log_20260602_144504.csv] - DEBUG - Frecuencia: 5.44 Hz | Latencia Red/Proc: 17.42 ms
2026-06-02 14:45:40.604 - [robot_6_log_20260602_144504.csv] - DEBUG - Incoming data. Topic 6/pos, mensaje {"x": 98.72, "y": 123.63, "yaw": 2.439, "timestamp": 1780404340.5873435}
2026-06-02 14:45:40.604 - [robot_6_log_20260602_144504.csv] - DEBUG - Posición actualizada por visión: x=98.72, y=123.63, θ=2.44
2026-06-02 14:45:40.604 - [robot_6_log_20260602_144504.csv] - DEBUG - Frecuencia: 7854.50 Hz | Latencia Red/Proc: 17.55 ms
2026-06-02 14:45:40.604 - [robot_6_log_20260602_144504.csv] - DEBUG - Incoming data. Topic 6/pos, mensaje {"x": 98.72, "y": 123.63, "yaw": 2.439, "timestamp": 1780404340.5992768}
2026-06-02 14:45:40.604 - [robot_6_log_20260602_144504.csv] - DEBUG - Posición actualizada por visión: x=98.72, y=123.63, θ=2.44
2026-06-02 14:45:40.604 - [robot_6_log_20260602_144504.csv] - DEBUG - Frecuencia: 11748.75 Hz | Latencia Red/Proc: 5.70 ms
2026-06-02 14:45:40.605 - [robot_6_log_20260602_144504.csv] - DEBUG - Incoming data. Topic agent/6/wheel, mensaje {"Wleft":-9.672818e-15,"Wright":-1.669775429e-14}
2026-06-02 14:45:40.633 - [robot_6_log_20260602_144504.csv] - INFO - Usando posición VISION: x=98.72, y=123.63, θ=2.44
2026-06-02 14:45:40.633 - [robot_6_log_20260602_144504.csv] - INFO - Distancias a paredes: Left: 98.72, Right: 351.28, Top: 16.37, Bottom: 123.63
2026-06-02 14:45:40.633 - [robot_6_log_20260602_144504.csv] - INFO - Posicion: 98.72, 123.63, 2.439 | Velocidad: -0.6461984906916737, -0.7631693852794431
2026-06-02 14:45:40.633 - [robot_6_log_20260602_144504.csv] - INFO - None
2026-06-02 14:45:40.633 - [robot_6_log_20260602_144504.csv] - WARNING - Estado FSM: ESPERANDO_GIRO | Target Wall: None | Target Theta: 10.08° |theta: 139.74440623240778 
2026-06-02 14:45:40.655 - [robot_6_log_20260602_144504.csv] - DEBUG - Incoming data. Topic 6/pos, mensaje {"x": 98.72, "y": 123.63, "yaw": 2.439, "timestamp": 1780404340.5992768}
2026-06-02 14:45:40.655 - [robot_6_log_20260602_144504.csv] - DEBUG - Posición actualizada por visión: x=98.72, y=123.63, θ=2.44
2026-06-02 14:45:40.655 - [robot_6_log_20260602_144504.csv] - DEBUG - Frecuencia: 19.69 Hz | Latencia Red/Proc: 56.48 ms
2026-06-02 14:45:40.661 - [robot_6_log_20260602_144504.csv] - DEBUG - Incoming data. Topic agent/6/wheel, mensaje {"Wleft":-9.672818e-15,"Wright":-1.669775429e-14}
2026-06-02 14:45:40.683 - [robot_6_log_20260602_144504.csv] - INFO - Usando posición VISION: x=98.72, y=123.63, θ=2.44
2026-06-02 14:45:40.683 - [robot_6_log_20260602_144504.csv] - INFO - Distancias a paredes: Left: 98.72, Right: 351.28, Top: 16.37, Bottom: 123.63
2026-06-02 14:45:40.683 - [robot_6_log_20260602_144504.csv] - INFO - Posicion: 98.72, 123.63, 2.439 | Velocidad: -0.6461984906916737, -0.7631693852794431
2026-06-02 14:45:40.683 - [robot_6_log_20260602_144504.csv] - INFO - None
2026-06-02 14:45:40.683 - [robot_6_log_20260602_144504.csv] - WARNING - Estado FSM: ESPERANDO_GIRO | Target Wall: None | Target Theta: 10.08° |theta: 139.74440623240778 
2026-06-02 14:45:40.699 - [robot_6_log_20260602_144504.csv] - DEBUG - Incoming data. Topic 6/pos, mensaje {"x": 98.72, "y": 123.63, "yaw": 2.437, "timestamp": 1780404340.6831944}
2026-06-02 14:45:40.704 - [robot_6_log_20260602_144504.csv] - DEBUG - Posición actualizada por visión: x=98.72, y=123.63, θ=2.44
2026-06-02 14:45:40.704 - [robot_6_log_20260602_144504.csv] - DEBUG - Frecuencia: 20.63 Hz | Latencia Red/Proc: 21.05 ms
2026-06-02 14:45:40.720 - [robot_6_log_20260602_144504.csv] - DEBUG - Incoming data. Topic 6/pos, mensaje {"x": 98.72, "y": 123.63, "yaw": 2.437, "timestamp": 1780404340.6831944}
2026-06-02 14:45:40.720 - [robot_6_log_20260602_144504.csv] - DEBUG - Posición actualizada por visión: x=98.72, y=123.63, θ=2.44
2026-06-02 14:45:40.725 - [robot_6_log_20260602_144504.csv] - DEBUG - Frecuencia: 46.36 Hz | Latencia Red/Proc: 42.62 ms
2026-06-02 14:45:40.730 - [robot_6_log_20260602_144504.csv] - DEBUG - Incoming data. Topic 6/pos, mensaje {"x": 98.72, "y": 123.63, "yaw": 2.437, "timestamp": 1780404340.6939785}
2026-06-02 14:45:40.733 - [robot_6_log_20260602_144504.csv] - INFO - Usando posición VISION: x=98.72, y=123.63, θ=2.44
2026-06-02 14:45:40.733 - [robot_6_log_20260602_144504.csv] - DEBUG - Posición actualizada por visión: x=98.72, y=123.63, θ=2.44
2026-06-02 14:45:40.733 - [robot_6_log_20260602_144504.csv] - INFO - Distancias a paredes: Left: 98.72, Right: 351.28, Top: 16.37, Bottom: 123.63
2026-06-02 14:45:40.733 - [robot_6_log_20260602_144504.csv] - DEBUG - Frecuencia: 136.56 Hz | Latencia Red/Proc: 39.16 ms
2026-06-02 14:45:40.733 - [robot_6_log_20260602_144504.csv] - INFO - Posicion: 98.72, 123.63, 2.437 | Velocidad: -0.6477235360481232, -0.7618754628213956
2026-06-02 14:45:40.733 - [robot_6_log_20260602_144504.csv] - DEBUG - Incoming data. Topic 6/pos, mensaje {"x": 98.72, "y": 123.63, "yaw": 2.437, "timestamp": 1780404340.6939785}
2026-06-02 14:45:40.733 - [robot_6_log_20260602_144504.csv] - INFO - None
2026-06-02 14:45:40.733 - [robot_6_log_20260602_144504.csv] - DEBUG - Posición actualizada por visión: x=98.72, y=123.63, θ=2.44
2026-06-02 14:45:40.733 - [robot_6_log_20260602_144504.csv] - WARNING - Estado FSM: ESPERANDO_GIRO | Target Wall: None | Target Theta: 10.08° |theta: 139.62981467338162 
2026-06-02 14:45:40.733 - [robot_6_log_20260602_144504.csv] - DEBUG - Frecuencia: 4301.85 Hz | Latencia Red/Proc: 39.39 ms
2026-06-02 14:45:40.783 - [robot_6_log_20260602_144504.csv] - INFO - Usando posición VISION: x=98.72, y=123.63, θ=2.44
2026-06-02 14:45:40.783 - [robot_6_log_20260602_144504.csv] - INFO - Distancias a paredes: Left: 98.72, Right: 351.28, Top: 16.37, Bottom: 123.63
2026-06-02 14:45:40.783 - [robot_6_log_20260602_144504.csv] - INFO - Posicion: 98.72, 123.63, 2.437 | Velocidad: -0.6477235360481232, -0.7618754628213956
2026-06-02 14:45:40.783 - [robot_6_log_20260602_144504.csv] - INFO - None
2026-06-02 14:45:40.783 - [robot_6_log_20260602_144504.csv] - WARNING - Estado FSM: ESPERANDO_GIRO | Target Wall: None | Target Theta: 10.08° |theta: 139.62981467338162 
2026-06-02 14:45:40.794 - [robot_6_log_20260602_144504.csv] - DEBUG - Incoming data. Topic 6/pos, mensaje {"x": 98.71, "y": 123.63, "yaw": 2.44, "timestamp": 1780404340.7893643}
2026-06-02 14:45:40.799 - [robot_6_log_20260602_144504.csv] - DEBUG - Posición actualizada por visión: x=98.71, y=123.63, θ=2.44
2026-06-02 14:45:40.799 - [robot_6_log_20260602_144504.csv] - DEBUG - Frecuencia: 15.06 Hz | Latencia Red/Proc: 10.42 ms
2026-06-02 14:45:40.805 - [robot_6_log_20260602_144504.csv] - DEBUG - Incoming data. Topic 6/pos, mensaje {"x": 98.71, "y": 123.63, "yaw": 2.44, "timestamp": 1780404340.7893643}
2026-06-02 14:45:40.805 - [robot_6_log_20260602_144504.csv] - DEBUG - Posición actualizada por visión: x=98.71, y=123.63, θ=2.44
2026-06-02 14:45:40.805 - [robot_6_log_20260602_144504.csv] - DEBUG - Frecuencia: 186.48 Hz | Latencia Red/Proc: 15.78 ms
2026-06-02 14:45:40.805 - [robot_6_log_20260602_144504.csv] - DEBUG - Incoming data. Topic 6/pos, mensaje {"x": 98.71, "y": 123.63, "yaw": 2.44, "timestamp": 1780404340.8015969}
2026-06-02 14:45:40.815 - [robot_6_log_20260602_144504.csv] - DEBUG - Posición actualizada por visión: x=98.71, y=123.63, θ=2.44
2026-06-02 14:45:40.815 - [robot_6_log_20260602_144504.csv] - DEBUG - Frecuencia: 92.45 Hz | Latencia Red/Proc: 14.36 ms
2026-06-02 14:45:40.815 - [robot_6_log_20260602_144504.csv] - DEBUG - Incoming data. Topic agent/6/wheel, mensaje {"Wleft":-9.672818e-15,"Wright":-1.669775429e-14}
2026-06-02 14:45:40.833 - [robot_6_log_20260602_144504.csv] - INFO - Usando posición VISION: x=98.71, y=123.63, θ=2.44
2026-06-02 14:45:40.833 - [robot_6_log_20260602_144504.csv] - INFO - Distancias a paredes: Left: 98.71, Right: 351.29, Top: 16.37, Bottom: 123.63
2026-06-02 14:45:40.833 - [robot_6_log_20260602_144504.csv] - INFO - Posicion: 98.71, 123.63, 2.44 | Velocidad: -0.6454349983343707, -0.7638152020777741
2026-06-02 14:45:40.833 - [robot_6_log_20260602_144504.csv] - INFO - None
2026-06-02 14:45:40.833 - [robot_6_log_20260602_144504.csv] - WARNING - Estado FSM: ESPERANDO_GIRO | Target Wall: None | Target Theta: 10.08° |theta: 139.80170201192087 
2026-06-02 14:45:40.850 - [robot_6_log_20260602_144504.csv] - DEBUG - Incoming data. Topic 6/pos, mensaje {"x": 98.71, "y": 123.63, "yaw": 2.44, "timestamp": 1780404340.8015969}
2026-06-02 14:45:40.850 - [robot_6_log_20260602_144504.csv] - DEBUG - Posición actualizada por visión: x=98.71, y=123.63, θ=2.44
2026-06-02 14:45:40.850 - [robot_6_log_20260602_144504.csv] - DEBUG - Frecuencia: 28.74 Hz | Latencia Red/Proc: 49.16 ms
2026-06-02 14:45:40.883 - [robot_6_log_20260602_144504.csv] - INFO - Usando posición VISION: x=98.71, y=123.63, θ=2.44
2026-06-02 14:45:40.883 - [robot_6_log_20260602_144504.csv] - INFO - Distancias a paredes: Left: 98.71, Right: 351.29, Top: 16.37, Bottom: 123.63
2026-06-02 14:45:40.883 - [robot_6_log_20260602_144504.csv] - INFO - Posicion: 98.71, 123.63, 2.44 | Velocidad: -0.6454349983343707, -0.7638152020777741
2026-06-02 14:45:40.883 - [robot_6_log_20260602_144504.csv] - INFO - None
2026-06-02 14:45:40.883 - [robot_6_log_20260602_144504.csv] - WARNING - Estado FSM: ESPERANDO_GIRO | Target Wall: None | Target Theta: 10.08° |theta: 139.80170201192087 
2026-06-02 14:45:40.894 - [robot_6_log_20260602_144504.csv] - DEBUG - Incoming data. Topic 6/pos, mensaje {"x": 98.71, "y": 123.63, "yaw": 2.441, "timestamp": 1780404340.8844004}
2026-06-02 14:45:40.894 - [robot_6_log_20260602_144504.csv] - DEBUG - Posición actualizada por visión: x=98.71, y=123.63, θ=2.44
2026-06-02 14:45:40.894 - [robot_6_log_20260602_144504.csv] - DEBUG - Frecuencia: 22.82 Hz | Latencia Red/Proc: 10.17 ms
2026-06-02 14:45:40.894 - [robot_6_log_20260602_144504.csv] - DEBUG - Incoming data. Topic 6/pos, mensaje {"x": 98.71, "y": 123.63, "yaw": 2.441, "timestamp": 1780404340.8844004}
2026-06-02 14:45:40.894 - [robot_6_log_20260602_144504.csv] - DEBUG - Posición actualizada por visión: x=98.71, y=123.63, θ=2.44
2026-06-02 14:45:40.894 - [robot_6_log_20260602_144504.csv] - DEBUG - Frecuencia: 24105.20 Hz | Latencia Red/Proc: 10.21 ms
2026-06-02 14:45:40.900 - [robot_6_log_20260602_144504.csv] - DEBUG - Incoming data. Topic 6/pos, mensaje {"x": 98.71, "y": 123.63, "yaw": 2.441, "timestamp": 1780404340.8966274}
2026-06-02 14:45:40.900 - [robot_6_log_20260602_144504.csv] - DEBUG - Posición actualizada por visión: x=98.71, y=123.63, θ=2.44
2026-06-02 14:45:40.900 - [robot_6_log_20260602_144504.csv] - DEBUG - Frecuencia: 164.01 Hz | Latencia Red/Proc: 4.08 ms
2026-06-02 14:45:40.900 - [robot_6_log_20260602_144504.csv] - DEBUG - Incoming data. Topic 6/pos, mensaje {"x": 98.71, "y": 123.63, "yaw": 2.441, "timestamp": 1780404340.8966274}
2026-06-02 14:45:40.900 - [robot_6_log_20260602_144504.csv] - DEBUG - Posición actualizada por visión: x=98.71, y=123.63, θ=2.44
2026-06-02 14:45:40.900 - [robot_6_log_20260602_144504.csv] - DEBUG - Frecuencia: 30393.51 Hz | Latencia Red/Proc: 4.11 ms
2026-06-02 14:45:40.933 - [robot_6_log_20260602_144504.csv] - INFO - Usando posición VISION: x=98.71, y=123.63, θ=2.44
2026-06-02 14:45:40.933 - [robot_6_log_20260602_144504.csv] - INFO - Distancias a paredes: Left: 98.71, Right: 351.29, Top: 16.37, Bottom: 123.63
2026-06-02 14:45:40.933 - [robot_6_log_20260602_144504.csv] - INFO - Posicion: 98.71, 123.63, 2.441 | Velocidad: -0.6446708605421233, -0.7644602550609667
2026-06-02 14:45:40.933 - [robot_6_log_20260602_144504.csv] - INFO - None
2026-06-02 14:45:40.933 - [robot_6_log_20260602_144504.csv] - WARNING - Estado FSM: ESPERANDO_GIRO | Target Wall: None | Target Theta: 10.08° |theta: 139.85899779143395 
2026-06-02 14:45:40.949 - [robot_6_log_20260602_144504.csv] - DEBUG - Incoming data. Topic agent/6/wheel, mensaje {"Wleft":-9.672818e-15,"Wright":-1.669775429e-14}
2026-06-02 14:45:40.983 - [robot_6_log_20260602_144504.csv] - INFO - Usando posición VISION: x=98.71, y=123.63, θ=2.44
2026-06-02 14:45:40.983 - [robot_6_log_20260602_144504.csv] - INFO - Distancias a paredes: Left: 98.71, Right: 351.29, Top: 16.37, Bottom: 123.63
2026-06-02 14:45:40.983 - [robot_6_log_20260602_144504.csv] - INFO - Posicion: 98.71, 123.63, 2.441 | Velocidad: -0.6446708605421233, -0.7644602550609667
2026-06-02 14:45:40.983 - [robot_6_log_20260602_144504.csv] - INFO - None
2026-06-02 14:45:40.983 - [robot_6_log_20260602_144504.csv] - WARNING - Estado FSM: ESPERANDO_GIRO | Target Wall: None | Target Theta: 10.08° |theta: 139.85899779143395 
2026-06-02 14:45:40.989 - [robot_6_log_20260602_144504.csv] - DEBUG - Incoming data. Topic 6/pos, mensaje {"x": 98.71, "y": 123.62, "yaw": 2.436, "timestamp": 1780404340.9859502}
2026-06-02 14:45:40.994 - [robot_6_log_20260602_144504.csv] - DEBUG - Posición actualizada por visión: x=98.71, y=123.62, θ=2.44
2026-06-02 14:45:40.999 - [robot_6_log_20260602_144504.csv] - DEBUG - Frecuencia: 10.10 Hz | Latencia Red/Proc: 13.82 ms
2026-06-02 14:45:41.016 - [robot_6_log_20260602_144504.csv] - DEBUG - Incoming data. Topic 6/pos, mensaje {"x": 98.71, "y": 123.62, "yaw": 2.436, "timestamp": 1780404340.9859502}
2026-06-02 14:45:41.021 - [robot_6_log_20260602_144504.csv] - DEBUG - Posición actualizada por visión: x=98.71, y=123.62, θ=2.44
2026-06-02 14:45:41.026 - [robot_6_log_20260602_144504.csv] - DEBUG - Frecuencia: 36.97 Hz | Latencia Red/Proc: 40.87 ms
2026-06-02 14:45:41.033 - [robot_6_log_20260602_144504.csv] - INFO - Usando posición VISION: x=98.71, y=123.62, θ=2.44
2026-06-02 14:45:41.033 - [robot_6_log_20260602_144504.csv] - INFO - Distancias a paredes: Left: 98.71, Right: 351.29, Top: 16.38, Bottom: 123.62
2026-06-02 14:45:41.033 - [robot_6_log_20260602_144504.csv] - INFO - Posicion: 98.71, 123.62, 2.436 | Velocidad: -0.6484850875222241, -0.7612273584556019
2026-06-02 14:45:41.033 - [robot_6_log_20260602_144504.csv] - INFO - None
2026-06-02 14:45:41.033 - [robot_6_log_20260602_144504.csv] - WARNING - Estado FSM: ESPERANDO_GIRO | Target Wall: None | Target Theta: 10.08° |theta: 139.57251889386853 
2026-06-02 14:45:41.038 - [robot_6_log_20260602_144504.csv] - DEBUG - Incoming data. Topic 6/pos, mensaje {"x": 98.71, "y": 123.62, "yaw": 2.436, "timestamp": 1780404340.9956987}
2026-06-02 14:45:41.043 - [robot_6_log_20260602_144504.csv] - DEBUG - Posición actualizada por visión: x=98.71, y=123.62, θ=2.44
2026-06-02 14:45:41.043 - [robot_6_log_20260602_144504.csv] - DEBUG - Frecuencia: 59.93 Hz | Latencia Red/Proc: 47.81 ms
2026-06-02 14:45:41.048 - [robot_6_log_20260602_144504.csv] - DEBUG - Incoming data. Topic 6/pos, mensaje {"x": 98.71, "y": 123.62, "yaw": 2.436, "timestamp": 1780404340.9956987}
2026-06-02 14:45:41.048 - [robot_6_log_20260602_144504.csv] - DEBUG - Posición actualizada por visión: x=98.71, y=123.62, θ=2.44
2026-06-02 14:45:41.048 - [robot_6_log_20260602_144504.csv] - DEBUG - Frecuencia: 192.12 Hz | Latencia Red/Proc: 53.01 ms
2026-06-02 14:45:41.048 - [robot_6_log_20260602_144504.csv] - DEBUG - Incoming data. Topic agent/6/wheel, mensaje {"Wleft":-9.672818e-15,"Wright":-1.669775429e-14}
2026-06-02 14:45:41.067 - [robot_6_log_20260602_144504.csv] - DEBUG - Incoming data. Topic agent/6/wheel, mensaje {"Wleft":-9.672818e-15,"Wright":-1.669775429e-14}
2026-06-02 14:45:41.083 - [robot_6_log_20260602_144504.csv] - INFO - Usando posición VISION: x=98.71, y=123.62, θ=2.44
2026-06-02 14:45:41.083 - [robot_6_log_20260602_144504.csv] - INFO - Distancias a paredes: Left: 98.71, Right: 351.29, Top: 16.38, Bottom: 123.62
2026-06-02 14:45:41.083 - [robot_6_log_20260602_144504.csv] - INFO - Posicion: 98.71, 123.62, 2.436 | Velocidad: -0.6484850875222241, -0.7612273584556019
2026-06-02 14:45:41.083 - [robot_6_log_20260602_144504.csv] - INFO - None
2026-06-02 14:45:41.083 - [robot_6_log_20260602_144504.csv] - WARNING - Estado FSM: ESPERANDO_GIRO | Target Wall: None | Target Theta: 10.08° |theta: 139.57251889386853 
2026-06-02 14:45:41.133 - [robot_6_log_20260602_144504.csv] - INFO - Usando posición VISION: x=98.71, y=123.62, θ=2.44
2026-06-02 14:45:41.133 - [robot_6_log_20260602_144504.csv] - INFO - Distancias a paredes: Left: 98.71, Right: 351.29, Top: 16.38, Bottom: 123.62
2026-06-02 14:45:41.133 - [robot_6_log_20260602_144504.csv] - INFO - Posicion: 98.71, 123.62, 2.436 | Velocidad: -0.6484850875222241, -0.7612273584556019
2026-06-02 14:45:41.133 - [robot_6_log_20260602_144504.csv] - INFO - None
2026-06-02 14:45:41.133 - [robot_6_log_20260602_144504.csv] - WARNING - Estado FSM: ESPERANDO_GIRO | Target Wall: None | Target Theta: 10.08° |theta: 139.57251889386853 
2026-06-02 14:45:41.175 - [robot_6_log_20260602_144504.csv] - DEBUG - Incoming data. Topic agent/6/wheel, mensaje {"Wleft":-9.672818e-15,"Wright":-1.669775429e-14}
2026-06-02 14:45:41.183 - [robot_6_log_20260602_144504.csv] - INFO - Usando posición VISION: x=98.71, y=123.62, θ=2.44
2026-06-02 14:45:41.183 - [robot_6_log_20260602_144504.csv] - INFO - Distancias a paredes: Left: 98.71, Right: 351.29, Top: 16.38, Bottom: 123.62
2026-06-02 14:45:41.183 - [robot_6_log_20260602_144504.csv] - INFO - Posicion: 98.71, 123.62, 2.436 | Velocidad: -0.6484850875222241, -0.7612273584556019
2026-06-02 14:45:41.183 - [robot_6_log_20260602_144504.csv] - INFO - None
2026-06-02 14:45:41.183 - [robot_6_log_20260602_144504.csv] - WARNING - Estado FSM: ESPERANDO_GIRO | Target Wall: None | Target Theta: 10.08° |theta: 139.57251889386853 
2026-06-02 14:45:41.189 - [robot_6_log_20260602_144504.csv] - DEBUG - Incoming data. Topic 6/pos, mensaje {"x": 98.71, "y": 123.63, "yaw": 2.436, "timestamp": 1780404341.1884365}
2026-06-02 14:45:41.194 - [robot_6_log_20260602_144504.csv] - DEBUG - Posición actualizada por visión: x=98.71, y=123.63, θ=2.44
2026-06-02 14:45:41.194 - [robot_6_log_20260602_144504.csv] - DEBUG - Frecuencia: 6.85 Hz | Latencia Red/Proc: 6.26 ms
2026-06-02 14:45:41.205 - [robot_6_log_20260602_144504.csv] - DEBUG - Incoming data. Topic 6/pos, mensaje {"x": 98.71, "y": 123.63, "yaw": 2.436, "timestamp": 1780404341.1884365}
2026-06-02 14:45:41.205 - [robot_6_log_20260602_144504.csv] - DEBUG - Posición actualizada por visión: x=98.71, y=123.63, θ=2.44
2026-06-02 14:45:41.205 - [robot_6_log_20260602_144504.csv] - DEBUG - Frecuencia: 95.89 Hz | Latencia Red/Proc: 16.69 ms
2026-06-02 14:45:41.205 - [robot_6_log_20260602_144504.csv] - DEBUG - Incoming data. Topic 6/pos, mensaje {"x": 98.71, "y": 123.63, "yaw": 2.436, "timestamp": 1780404341.2004254}
2026-06-02 14:45:41.210 - [robot_6_log_20260602_144504.csv] - DEBUG - Posición actualizada por visión: x=98.71, y=123.63, θ=2.44
2026-06-02 14:45:41.215 - [robot_6_log_20260602_144504.csv] - DEBUG - Frecuencia: 97.25 Hz | Latencia Red/Proc: 14.99 ms
2026-06-02 14:45:41.226 - [robot_6_log_20260602_144504.csv] - DEBUG - Incoming data. Topic 6/pos, mensaje {"x": 98.71, "y": 123.63, "yaw": 2.436, "timestamp": 1780404341.2004254}
2026-06-02 14:45:41.231 - [robot_6_log_20260602_144504.csv] - DEBUG - Posición actualizada por visión: x=98.71, y=123.63, θ=2.44
2026-06-02 14:45:41.233 - [robot_6_log_20260602_144504.csv] - INFO - Usando posición VISION: x=98.71, y=123.63, θ=2.44
2026-06-02 14:45:41.233 - [robot_6_log_20260602_144504.csv] - DEBUG - Frecuencia: 56.69 Hz | Latencia Red/Proc: 32.62 ms
2026-06-02 14:45:41.233 - [robot_6_log_20260602_144504.csv] - INFO - Distancias a paredes: Left: 98.71, Right: 351.29, Top: 16.37, Bottom: 123.63
2026-06-02 14:45:41.233 - [robot_6_log_20260602_144504.csv] - INFO - Posicion: 98.71, 123.63, 2.436 | Velocidad: -0.6484850875222241, -0.7612273584556019
2026-06-02 14:45:41.233 - [robot_6_log_20260602_144504.csv] - INFO - None
2026-06-02 14:45:41.233 - [robot_6_log_20260602_144504.csv] - WARNING - Estado FSM: ESPERANDO_GIRO | Target Wall: None | Target Theta: 10.08° |theta: 139.57251889386853 
2026-06-02 14:45:41.283 - [robot_6_log_20260602_144504.csv] - INFO - Usando posición VISION: x=98.71, y=123.63, θ=2.44
2026-06-02 14:45:41.283 - [robot_6_log_20260602_144504.csv] - DEBUG - Incoming data. Topic 6/pos, mensaje {"x": 98.71, "y": 123.63, "yaw": 2.436, "timestamp": 1780404341.2824743}
2026-06-02 14:45:41.283 - [robot_6_log_20260602_144504.csv] - INFO - Distancias a paredes: Left: 98.71, Right: 351.29, Top: 16.37, Bottom: 123.63
2026-06-02 14:45:41.283 - [robot_6_log_20260602_144504.csv] - DEBUG - Posición actualizada por visión: x=98.71, y=123.63, θ=2.44
2026-06-02 14:45:41.283 - [robot_6_log_20260602_144504.csv] - INFO - Posicion: 98.71, 123.63, 2.436 | Velocidad: -0.6484850875222241, -0.7612273584556019
2026-06-02 14:45:41.283 - [robot_6_log_20260602_144504.csv] - DEBUG - Frecuencia: 19.90 Hz | Latencia Red/Proc: 0.82 ms
2026-06-02 14:45:41.283 - [robot_6_log_20260602_144504.csv] - INFO - None
2026-06-02 14:45:41.283 - [robot_6_log_20260602_144504.csv] - DEBUG - Incoming data. Topic 6/pos, mensaje {"x": 98.71, "y": 123.63, "yaw": 2.436, "timestamp": 1780404341.2824743}
2026-06-02 14:45:41.283 - [robot_6_log_20260602_144504.csv] - WARNING - Estado FSM: ESPERANDO_GIRO | Target Wall: None | Target Theta: 10.08° |theta: 139.57251889386853 
2026-06-02 14:45:41.283 - [robot_6_log_20260602_144504.csv] - DEBUG - Posición actualizada por visión: x=98.71, y=123.63, θ=2.44
2026-06-02 14:45:41.288 - [robot_6_log_20260602_144504.csv] - DEBUG - Frecuencia: 181.12 Hz | Latencia Red/Proc: 6.34 ms
2026-06-02 14:45:41.305 - [robot_6_log_20260602_144504.csv] - DEBUG - Incoming data. Topic 6/pos, mensaje {"x": 98.71, "y": 123.63, "yaw": 2.436, "timestamp": 1780404341.2947373}
2026-06-02 14:45:41.310 - [robot_6_log_20260602_144504.csv] - DEBUG - Posición actualizada por visión: x=98.71, y=123.63, θ=2.44
2026-06-02 14:45:41.310 - [robot_6_log_20260602_144504.csv] - DEBUG - Frecuencia: 46.36 Hz | Latencia Red/Proc: 15.64 ms
2026-06-02 14:45:41.315 - [robot_6_log_20260602_144504.csv] - DEBUG - Incoming data. Topic 6/pos, mensaje {"x": 98.71, "y": 123.63, "yaw": 2.436, "timestamp": 1780404341.2947373}
2026-06-02 14:45:41.321 - [robot_6_log_20260602_144504.csv] - DEBUG - Posición actualizada por visión: x=98.71, y=123.63, θ=2.44
2026-06-02 14:45:41.326 - [robot_6_log_20260602_144504.csv] - DEBUG - Frecuencia: 60.89 Hz | Latencia Red/Proc: 32.07 ms
2026-06-02 14:45:41.333 - [robot_6_log_20260602_144504.csv] - INFO - Usando posición VISION: x=98.71, y=123.63, θ=2.44
2026-06-02 14:45:41.333 - [robot_6_log_20260602_144504.csv] - INFO - Distancias a paredes: Left: 98.71, Right: 351.29, Top: 16.37, Bottom: 123.63
2026-06-02 14:45:41.333 - [robot_6_log_20260602_144504.csv] - INFO - Posicion: 98.71, 123.63, 2.436 | Velocidad: -0.6484850875222241, -0.7612273584556019
2026-06-02 14:45:41.333 - [robot_6_log_20260602_144504.csv] - INFO - None
2026-06-02 14:45:41.333 - [robot_6_log_20260602_144504.csv] - WARNING - Estado FSM: ESPERANDO_GIRO | Target Wall: None | Target Theta: 10.08° |theta: 139.57251889386853 
2026-06-02 14:45:41.338 - [robot_6_log_20260602_144504.csv] - DEBUG - Incoming data. Topic agent/6/wheel, mensaje {"Wleft":-9.672818e-15,"Wright":-1.669775429e-14}
2026-06-02 14:45:41.369 - [robot_6_log_20260602_144504.csv] - DEBUG - Incoming data. Topic agent/6/wheel, mensaje {"Wleft":-9.672818e-15,"Wright":-1.669775429e-14}
2026-06-02 14:45:41.383 - [robot_6_log_20260602_144504.csv] - INFO - Usando posición VISION: x=98.71, y=123.63, θ=2.44
2026-06-02 14:45:41.383 - [robot_6_log_20260602_144504.csv] - INFO - Distancias a paredes: Left: 98.71, Right: 351.29, Top: 16.37, Bottom: 123.63
2026-06-02 14:45:41.383 - [robot_6_log_20260602_144504.csv] - INFO - Posicion: 98.71, 123.63, 2.436 | Velocidad: -0.6484850875222241, -0.7612273584556019
2026-06-02 14:45:41.383 - [robot_6_log_20260602_144504.csv] - INFO - None
2026-06-02 14:45:41.383 - [robot_6_log_20260602_144504.csv] - WARNING - Estado FSM: ESPERANDO_GIRO | Target Wall: None | Target Theta: 10.08° |theta: 139.57251889386853 
2026-06-02 14:45:41.433 - [robot_6_log_20260602_144504.csv] - INFO - Usando posición VISION: x=98.71, y=123.63, θ=2.44
2026-06-02 14:45:41.433 - [robot_6_log_20260602_144504.csv] - INFO - Distancias a paredes: Left: 98.71, Right: 351.29, Top: 16.37, Bottom: 123.63
2026-06-02 14:45:41.433 - [robot_6_log_20260602_144504.csv] - INFO - Posicion: 98.71, 123.63, 2.436 | Velocidad: -0.6484850875222241, -0.7612273584556019
2026-06-02 14:45:41.433 - [robot_6_log_20260602_144504.csv] - INFO - None
2026-06-02 14:45:41.433 - [robot_6_log_20260602_144504.csv] - WARNING - Estado FSM: ESPERANDO_GIRO | Target Wall: None | Target Theta: 10.08° |theta: 139.57251889386853 
2026-06-02 14:45:41.483 - [robot_6_log_20260602_144504.csv] - INFO - Usando posición VISION: x=98.71, y=123.63, θ=2.44
2026-06-02 14:45:41.483 - [robot_6_log_20260602_144504.csv] - INFO - Distancias a paredes: Left: 98.71, Right: 351.29, Top: 16.37, Bottom: 123.63
2026-06-02 14:45:41.483 - [robot_6_log_20260602_144504.csv] - INFO - Posicion: 98.71, 123.63, 2.436 | Velocidad: -0.6484850875222241, -0.7612273584556019
2026-06-02 14:45:41.483 - [robot_6_log_20260602_144504.csv] - INFO - None
2026-06-02 14:45:41.483 - [robot_6_log_20260602_144504.csv] - WARNING - Estado FSM: ESPERANDO_GIRO | Target Wall: None | Target Theta: 10.08° |theta: 139.57251889386853 
2026-06-02 14:45:41.513 - [robot_6_log_20260602_144504.csv] - DEBUG - Incoming data. Topic agent/6/wheel, mensaje {"Wleft":-9.672818e-15,"Wright":-1.669775429e-14}
2026-06-02 14:45:41.533 - [robot_6_log_20260602_144504.csv] - INFO - Usando posición VISION: x=98.71, y=123.63, θ=2.44
2026-06-02 14:45:41.533 - [robot_6_log_20260602_144504.csv] - INFO - Distancias a paredes: Left: 98.71, Right: 351.29, Top: 16.37, Bottom: 123.63
2026-06-02 14:45:41.533 - [robot_6_log_20260602_144504.csv] - INFO - Posicion: 98.71, 123.63, 2.436 | Velocidad: -0.6484850875222241, -0.7612273584556019
2026-06-02 14:45:41.533 - [robot_6_log_20260602_144504.csv] - INFO - None
2026-06-02 14:45:41.533 - [robot_6_log_20260602_144504.csv] - WARNING - Estado FSM: ESPERANDO_GIRO | Target Wall: None | Target Theta: 10.08° |theta: 139.57251889386853 
2026-06-02 14:45:41.583 - [robot_6_log_20260602_144504.csv] - INFO - Usando posición VISION: x=98.71, y=123.63, θ=2.44
2026-06-02 14:45:41.583 - [robot_6_log_20260602_144504.csv] - INFO - Distancias a paredes: Left: 98.71, Right: 351.29, Top: 16.37, Bottom: 123.63
2026-06-02 14:45:41.583 - [robot_6_log_20260602_144504.csv] - INFO - Posicion: 98.71, 123.63, 2.436 | Velocidad: -0.6484850875222241, -0.7612273584556019
2026-06-02 14:45:41.583 - [robot_6_log_20260602_144504.csv] - INFO - None
2026-06-02 14:45:41.583 - [robot_6_log_20260602_144504.csv] - WARNING - Estado FSM: ESPERANDO_GIRO | Target Wall: None | Target Theta: 10.08° |theta: 139.57251889386853 
2026-06-02 14:45:41.595 - [robot_6_log_20260602_144504.csv] - DEBUG - Incoming data. Topic agent/6/wheel, mensaje {"Wleft":-9.672818e-15,"Wright":-1.669775429e-14}
2026-06-02 14:45:41.633 - [robot_6_log_20260602_144504.csv] - INFO - Usando posición VISION: x=98.71, y=123.63, θ=2.44
2026-06-02 14:45:41.633 - [robot_6_log_20260602_144504.csv] - INFO - Distancias a paredes: Left: 98.71, Right: 351.29, Top: 16.37, Bottom: 123.63
2026-06-02 14:45:41.633 - [robot_6_log_20260602_144504.csv] - INFO - Posicion: 98.71, 123.63, 2.436 | Velocidad: -0.6484850875222241, -0.7612273584556019
2026-06-02 14:45:41.633 - [robot_6_log_20260602_144504.csv] - INFO - None
2026-06-02 14:45:41.633 - [robot_6_log_20260602_144504.csv] - WARNING - Estado FSM: ESPERANDO_GIRO | Target Wall: None | Target Theta: 10.08° |theta: 139.57251889386853 
2026-06-02 14:45:41.683 - [robot_6_log_20260602_144504.csv] - INFO - Usando posición VISION: x=98.71, y=123.63, θ=2.44
2026-06-02 14:45:41.683 - [robot_6_log_20260602_144504.csv] - INFO - Distancias a paredes: Left: 98.71, Right: 351.29, Top: 16.37, Bottom: 123.63
2026-06-02 14:45:41.683 - [robot_6_log_20260602_144504.csv] - INFO - Posicion: 98.71, 123.63, 2.436 | Velocidad: -0.6484850875222241, -0.7612273584556019
2026-06-02 14:45:41.683 - [robot_6_log_20260602_144504.csv] - INFO - None
2026-06-02 14:45:41.683 - [robot_6_log_20260602_144504.csv] - WARNING - Estado FSM: ESPERANDO_GIRO | Target Wall: None | Target Theta: 10.08° |theta: 139.57251889386853 
2026-06-02 14:45:41.699 - [robot_6_log_20260602_144504.csv] - DEBUG - Incoming data. Topic 6/pos, mensaje {"x": 98.71, "y": 123.63, "yaw": 2.436, "timestamp": 1780404341.6841266}
2026-06-02 14:45:41.699 - [robot_6_log_20260602_144504.csv] - DEBUG - Posición actualizada por visión: x=98.71, y=123.63, θ=2.44
2026-06-02 14:45:41.699 - [robot_6_log_20260602_144504.csv] - DEBUG - Frecuencia: 2.68 Hz | Latencia Red/Proc: 15.63 ms
2026-06-02 14:45:41.704 - [robot_6_log_20260602_144504.csv] - DEBUG - Incoming data. Topic 6/pos, mensaje {"x": 98.71, "y": 123.63, "yaw": 2.436, "timestamp": 1780404341.6841266}
2026-06-02 14:45:41.704 - [robot_6_log_20260602_144504.csv] - DEBUG - Posición actualizada por visión: x=98.71, y=123.63, θ=2.44
2026-06-02 14:45:41.704 - [robot_6_log_20260602_144504.csv] - DEBUG - Frecuencia: 193.06 Hz | Latencia Red/Proc: 20.81 ms
2026-06-02 14:45:41.705 - [robot_6_log_20260602_144504.csv] - DEBUG - Incoming data. Topic 6/pos, mensaje {"x": 98.71, "y": 123.63, "yaw": 2.436, "timestamp": 1780404341.6970673}
2026-06-02 14:45:41.705 - [robot_6_log_20260602_144504.csv] - DEBUG - Posición actualizada por visión: x=98.71, y=123.63, θ=2.44
2026-06-02 14:45:41.705 - [robot_6_log_20260602_144504.csv] - DEBUG - Frecuencia: 4048.56 Hz | Latencia Red/Proc: 8.12 ms
2026-06-02 14:45:41.705 - [robot_6_log_20260602_144504.csv] - DEBUG - Incoming data. Topic 6/pos, mensaje {"x": 98.71, "y": 123.63, "yaw": 2.436, "timestamp": 1780404341.6970673}
2026-06-02 14:45:41.705 - [robot_6_log_20260602_144504.csv] - DEBUG - Posición actualizada por visión: x=98.71, y=123.63, θ=2.44
2026-06-02 14:45:41.705 - [robot_6_log_20260602_144504.csv] - DEBUG - Frecuencia: 11214.72 Hz | Latencia Red/Proc: 8.21 ms
2026-06-02 14:45:41.733 - [robot_6_log_20260602_144504.csv] - INFO - Usando posición VISION: x=98.71, y=123.63, θ=2.44
2026-06-02 14:45:41.733 - [robot_6_log_20260602_144504.csv] - INFO - Distancias a paredes: Left: 98.71, Right: 351.29, Top: 16.37, Bottom: 123.63
2026-06-02 14:45:41.733 - [robot_6_log_20260602_144504.csv] - INFO - Posicion: 98.71, 123.63, 2.436 | Velocidad: -0.6484850875222241, -0.7612273584556019
2026-06-02 14:45:41.733 - [robot_6_log_20260602_144504.csv] - INFO - None
2026-06-02 14:45:41.733 - [robot_6_log_20260602_144504.csv] - WARNING - Estado FSM: ESPERANDO_GIRO | Target Wall: None | Target Theta: 10.08° |theta: 139.57251889386853 
2026-06-02 14:45:41.760 - [robot_6_log_20260602_144504.csv] - DEBUG - Incoming data. Topic agent/6/wheel, mensaje {"Wleft":-9.672818e-15,"Wright":-1.669775429e-14}
2026-06-02 14:45:41.783 - [robot_6_log_20260602_144504.csv] - INFO - Usando posición VISION: x=98.71, y=123.63, θ=2.44
2026-06-02 14:45:41.783 - [robot_6_log_20260602_144504.csv] - INFO - Distancias a paredes: Left: 98.71, Right: 351.29, Top: 16.37, Bottom: 123.63
2026-06-02 14:45:41.783 - [robot_6_log_20260602_144504.csv] - INFO - Posicion: 98.71, 123.63, 2.436 | Velocidad: -0.6484850875222241, -0.7612273584556019
2026-06-02 14:45:41.783 - [robot_6_log_20260602_144504.csv] - INFO - None
2026-06-02 14:45:41.783 - [robot_6_log_20260602_144504.csv] - WARNING - Estado FSM: ESPERANDO_GIRO | Target Wall: None | Target Theta: 10.08° |theta: 139.57251889386853 
2026-06-02 14:45:41.788 - [robot_6_log_20260602_144504.csv] - DEBUG - Incoming data. Topic 6/pos, mensaje {"x": 98.7, "y": 123.63, "yaw": 2.432, "timestamp": 1780404341.7880468}
2026-06-02 14:45:41.793 - [robot_6_log_20260602_144504.csv] - DEBUG - Posición actualizada por visión: x=98.70, y=123.63, θ=2.43
2026-06-02 14:45:41.799 - [robot_6_log_20260602_144504.csv] - DEBUG - Frecuencia: 10.57 Hz | Latencia Red/Proc: 11.85 ms
2026-06-02 14:45:41.799 - [robot_6_log_20260602_144504.csv] - DEBUG - Incoming data. Topic agent/6/wheel, mensaje {"Wleft":-9.672818e-15,"Wright":-1.669775429e-14}
2026-06-02 14:45:41.805 - [robot_6_log_20260602_144504.csv] - DEBUG - Incoming data. Topic 6/pos, mensaje {"x": 98.7, "y": 123.63, "yaw": 2.432, "timestamp": 1780404341.8002665}
2026-06-02 14:45:41.810 - [robot_6_log_20260602_144504.csv] - DEBUG - Posición actualizada por visión: x=98.70, y=123.63, θ=2.43
2026-06-02 14:45:41.821 - [robot_6_log_20260602_144504.csv] - DEBUG - Frecuencia: 46.35 Hz | Latencia Red/Proc: 21.20 ms
2026-06-02 14:45:41.826 - [robot_6_log_20260602_144504.csv] - DEBUG - Incoming data. Topic 6/pos, mensaje {"x": 98.7, "y": 123.63, "yaw": 2.432, "timestamp": 1780404341.7880468}
2026-06-02 14:45:41.826 - [robot_6_log_20260602_144504.csv] - DEBUG - Posición actualizada por visión: x=98.70, y=123.63, θ=2.43
2026-06-02 14:45:41.831 - [robot_6_log_20260602_144504.csv] - DEBUG - Frecuencia: 97.40 Hz | Latencia Red/Proc: 43.69 ms
2026-06-02 14:45:41.833 - [robot_6_log_20260602_144504.csv] - INFO - Usando posición VISION: x=98.70, y=123.63, θ=2.43
2026-06-02 14:45:41.833 - [robot_6_log_20260602_144504.csv] - INFO - Distancias a paredes: Left: 98.70, Right: 351.30, Top: 16.37, Bottom: 123.63
2026-06-02 14:45:41.833 - [robot_6_log_20260602_144504.csv] - INFO - Posicion: 98.7, 123.63, 2.432 | Velocidad: -0.6515248009625115, -0.7586273352119337
2026-06-02 14:45:41.833 - [robot_6_log_20260602_144504.csv] - INFO - None
2026-06-02 14:45:41.833 - [robot_6_log_20260602_144504.csv] - WARNING - Estado FSM: ESPERANDO_GIRO | Target Wall: None | Target Theta: 10.08° |theta: 139.3433357758162 
2026-06-02 14:45:41.845 - [robot_6_log_20260602_144504.csv] - DEBUG - Incoming data. Topic 6/pos, mensaje {"x": 98.7, "y": 123.63, "yaw": 2.432, "timestamp": 1780404341.8002665}
2026-06-02 14:45:41.850 - [robot_6_log_20260602_144504.csv] - DEBUG - Posición actualizada por visión: x=98.70, y=123.63, θ=2.43
2026-06-02 14:45:41.850 - [robot_6_log_20260602_144504.csv] - DEBUG - Frecuencia: 53.09 Hz | Latencia Red/Proc: 50.31 ms
2026-06-02 14:45:41.883 - [robot_6_log_20260602_144504.csv] - INFO - Usando posición VISION: x=98.70, y=123.63, θ=2.43
2026-06-02 14:45:41.883 - [robot_6_log_20260602_144504.csv] - INFO - Distancias a paredes: Left: 98.70, Right: 351.30, Top: 16.37, Bottom: 123.63
2026-06-02 14:45:41.883 - [robot_6_log_20260602_144504.csv] - INFO - Posicion: 98.7, 123.63, 2.432 | Velocidad: -0.6515248009625115, -0.7586273352119337
2026-06-02 14:45:41.883 - [robot_6_log_20260602_144504.csv] - INFO - None
2026-06-02 14:45:41.883 - [robot_6_log_20260602_144504.csv] - WARNING - Estado FSM: ESPERANDO_GIRO | Target Wall: None | Target Theta: 10.08° |theta: 139.3433357758162 
2026-06-02 14:45:41.889 - [robot_6_log_20260602_144504.csv] - DEBUG - Incoming data. Topic 6/pos, mensaje {"x": 98.72, "y": 123.61, "yaw": 2.437, "timestamp": 1780404341.8847888}
2026-06-02 14:45:41.894 - [robot_6_log_20260602_144504.csv] - DEBUG - Posición actualizada por visión: x=98.72, y=123.61, θ=2.44
2026-06-02 14:45:41.899 - [robot_6_log_20260602_144504.csv] - DEBUG - Frecuencia: 20.33 Hz | Latencia Red/Proc: 14.97 ms
2026-06-02 14:45:41.910 - [robot_6_log_20260602_144504.csv] - DEBUG - Incoming data. Topic agent/6/wheel, mensaje {"Wleft":-9.672818e-15,"Wright":-1.669775429e-14}
2026-06-02 14:45:41.920 - [robot_6_log_20260602_144504.csv] - DEBUG - Incoming data. Topic 6/pos, mensaje {"x": 98.72, "y": 123.61, "yaw": 2.437, "timestamp": 1780404341.8941824}
2026-06-02 14:45:41.925 - [robot_6_log_20260602_144504.csv] - DEBUG - Posición actualizada por visión: x=98.72, y=123.61, θ=2.44
2026-06-02 14:45:41.931 - [robot_6_log_20260602_144504.csv] - DEBUG - Frecuencia: 31.05 Hz | Latencia Red/Proc: 37.79 ms
2026-06-02 14:45:41.932 - [robot_6_log_20260602_144504.csv] - DEBUG - Incoming data. Topic 6/pos, mensaje {"x": 98.72, "y": 123.61, "yaw": 2.437, "timestamp": 1780404341.8847888}
2026-06-02 14:45:41.932 - [robot_6_log_20260602_144504.csv] - DEBUG - Posición actualizada por visión: x=98.72, y=123.61, θ=2.44
2026-06-02 14:45:41.932 - [robot_6_log_20260602_144504.csv] - DEBUG - Frecuencia: 8004.40 Hz | Latencia Red/Proc: 47.31 ms
2026-06-02 14:45:41.933 - [robot_6_log_20260602_144504.csv] - INFO - Usando posición VISION: x=98.72, y=123.61, θ=2.44
2026-06-02 14:45:41.933 - [robot_6_log_20260602_144504.csv] - INFO - Distancias a paredes: Left: 98.72, Right: 351.28, Top: 16.39, Bottom: 123.61
2026-06-02 14:45:41.933 - [robot_6_log_20260602_144504.csv] - INFO - Posicion: 98.72, 123.61, 2.437 | Velocidad: -0.6477235360481232, -0.7618754628213956
2026-06-02 14:45:41.933 - [robot_6_log_20260602_144504.csv] - INFO - None
2026-06-02 14:45:41.933 - [robot_6_log_20260602_144504.csv] - WARNING - Estado FSM: ESPERANDO_GIRO | Target Wall: None | Target Theta: 10.08° |theta: 139.62981467338162 
2026-06-02 14:45:41.939 - [robot_6_log_20260602_144504.csv] - DEBUG - Incoming data. Topic 6/pos, mensaje {"x": 98.72, "y": 123.61, "yaw": 2.437, "timestamp": 1780404341.8941824}
2026-06-02 14:45:41.939 - [robot_6_log_20260602_144504.csv] - DEBUG - Posición actualizada por visión: x=98.72, y=123.61, θ=2.44
2026-06-02 14:45:41.944 - [robot_6_log_20260602_144504.csv] - DEBUG - Frecuencia: 80.83 Hz | Latencia Red/Proc: 50.29 ms
2026-06-02 14:45:41.983 - [robot_6_log_20260602_144504.csv] - INFO - Usando posición VISION: x=98.72, y=123.61, θ=2.44
2026-06-02 14:45:41.983 - [robot_6_log_20260602_144504.csv] - INFO - Distancias a paredes: Left: 98.72, Right: 351.28, Top: 16.39, Bottom: 123.61
2026-06-02 14:45:41.983 - [robot_6_log_20260602_144504.csv] - INFO - Posicion: 98.72, 123.61, 2.437 | Velocidad: -0.6477235360481232, -0.7618754628213956
2026-06-02 14:45:41.983 - [robot_6_log_20260602_144504.csv] - INFO - None
2026-06-02 14:45:41.983 - [robot_6_log_20260602_144504.csv] - WARNING - Estado FSM: ESPERANDO_GIRO | Target Wall: None | Target Theta: 10.08° |theta: 139.62981467338162 
2026-06-02 14:45:41.989 - [robot_6_log_20260602_144504.csv] - DEBUG - Incoming data. Topic 6/pos, mensaje {"x": 98.71, "y": 123.61, "yaw": 2.433, "timestamp": 1780404341.9887025}
2026-06-02 14:45:41.994 - [robot_6_log_20260602_144504.csv] - DEBUG - Posición actualizada por visión: x=98.71, y=123.61, θ=2.43
2026-06-02 14:45:41.999 - [robot_6_log_20260602_144504.csv] - DEBUG - Frecuencia: 18.02 Hz | Latencia Red/Proc: 11.26 ms
2026-06-02 14:45:42.010 - [robot_6_log_20260602_144504.csv] - DEBUG - Incoming data. Topic 6/pos, mensaje {"x": 98.71, "y": 123.61, "yaw": 2.433, "timestamp": 1780404341.9887025}
2026-06-02 14:45:42.015 - [robot_6_log_20260602_144504.csv] - DEBUG - Posición actualizada por visión: x=98.71, y=123.61, θ=2.43
2026-06-02 14:45:42.015 - [robot_6_log_20260602_144504.csv] - DEBUG - Frecuencia: 63.69 Hz | Latencia Red/Proc: 26.96 ms
2026-06-02 14:45:42.015 - [robot_6_log_20260602_144504.csv] - DEBUG - Incoming data. Topic 6/pos, mensaje {"x": 98.71, "y": 123.61, "yaw": 2.433, "timestamp": 1780404342.0009396}
2026-06-02 14:45:42.015 - [robot_6_log_20260602_144504.csv] - DEBUG - Posición actualizada por visión: x=98.71, y=123.61, θ=2.43
2026-06-02 14:45:42.015 - [robot_6_log_20260602_144504.csv] - DEBUG - Frecuencia: 9510.89 Hz | Latencia Red/Proc: 14.82 ms
2026-06-02 14:45:42.015 - [robot_6_log_20260602_144504.csv] - DEBUG - Incoming data. Topic 6/pos, mensaje {"x": 98.71, "y": 123.61, "yaw": 2.433, "timestamp": 1780404342.0009396}
2026-06-02 14:45:42.015 - [robot_6_log_20260602_144504.csv] - DEBUG - Posición actualizada por visión: x=98.71, y=123.61, θ=2.43
2026-06-02 14:45:42.015 - [robot_6_log_20260602_144504.csv] - DEBUG - Frecuencia: 12157.40 Hz | Latencia Red/Proc: 14.91 ms
2026-06-02 14:45:42.033 - [robot_6_log_20260602_144504.csv] - INFO - Usando posición VISION: x=98.71, y=123.61, θ=2.43
2026-06-02 14:45:42.033 - [robot_6_log_20260602_144504.csv] - INFO - Distancias a paredes: Left: 98.71, Right: 351.29, Top: 16.39, Bottom: 123.61
2026-06-02 14:45:42.033 - [robot_6_log_20260602_144504.csv] - INFO - Posicion: 98.71, 123.61, 2.433 | Velocidad: -0.6507658479913643, -0.7592784805906727
2026-06-02 14:45:42.033 - [robot_6_log_20260602_144504.csv] - INFO - None
2026-06-02 14:45:42.033 - [robot_6_log_20260602_144504.csv] - WARNING - Estado FSM: ESPERANDO_GIRO | Target Wall: None | Target Theta: 10.08° |theta: 139.40063155532928 
2026-06-02 14:45:42.050 - [robot_6_log_20260602_144504.csv] - DEBUG - Incoming data. Topic agent/6/wheel, mensaje {"Wleft":-9.672818e-15,"Wright":-1.669775429e-14}
2026-06-02 14:45:42.083 - [robot_6_log_20260602_144504.csv] - INFO - Usando posición VISION: x=98.71, y=123.61, θ=2.43
2026-06-02 14:45:42.083 - [robot_6_log_20260602_144504.csv] - INFO - Distancias a paredes: Left: 98.71, Right: 351.29, Top: 16.39, Bottom: 123.61
2026-06-02 14:45:42.083 - [robot_6_log_20260602_144504.csv] - INFO - Posicion: 98.71, 123.61, 2.433 | Velocidad: -0.6507658479913643, -0.7592784805906727
2026-06-02 14:45:42.083 - [robot_6_log_20260602_144504.csv] - INFO - None
2026-06-02 14:45:42.083 - [robot_6_log_20260602_144504.csv] - WARNING - Estado FSM: ESPERANDO_GIRO | Target Wall: None | Target Theta: 10.08° |theta: 139.40063155532928 
2026-06-02 14:45:42.118 - [robot_6_log_20260602_144504.csv] - DEBUG - Incoming data. Topic agent/6/wheel, mensaje {"Wleft":-9.672818e-15,"Wright":-1.669775429e-14}
2026-06-02 14:45:42.133 - [robot_6_log_20260602_144504.csv] - INFO - Usando posición VISION: x=98.71, y=123.61, θ=2.43
2026-06-02 14:45:42.133 - [robot_6_log_20260602_144504.csv] - INFO - Distancias a paredes: Left: 98.71, Right: 351.29, Top: 16.39, Bottom: 123.61
2026-06-02 14:45:42.133 - [robot_6_log_20260602_144504.csv] - INFO - Posicion: 98.71, 123.61, 2.433 | Velocidad: -0.6507658479913643, -0.7592784805906727
2026-06-02 14:45:42.133 - [robot_6_log_20260602_144504.csv] - INFO - None
2026-06-02 14:45:42.133 - [robot_6_log_20260602_144504.csv] - WARNING - Estado FSM: ESPERANDO_GIRO | Target Wall: None | Target Theta: 10.08° |theta: 139.40063155532928 
2026-06-02 14:45:42.183 - [robot_6_log_20260602_144504.csv] - INFO - Usando posición VISION: x=98.71, y=123.61, θ=2.43
2026-06-02 14:45:42.183 - [robot_6_log_20260602_144504.csv] - INFO - Distancias a paredes: Left: 98.71, Right: 351.29, Top: 16.39, Bottom: 123.61
2026-06-02 14:45:42.183 - [robot_6_log_20260602_144504.csv] - INFO - Posicion: 98.71, 123.61, 2.433 | Velocidad: -0.6507658479913643, -0.7592784805906727
2026-06-02 14:45:42.183 - [robot_6_log_20260602_144504.csv] - INFO - None
2026-06-02 14:45:42.183 - [robot_6_log_20260602_144504.csv] - WARNING - Estado FSM: ESPERANDO_GIRO | Target Wall: None | Target Theta: 10.08° |theta: 139.40063155532928 
2026-06-02 14:45:42.194 - [robot_6_log_20260602_144504.csv] - DEBUG - Incoming data. Topic agent/6/wheel, mensaje {"Wleft":-9.672818e-15,"Wright":-1.669775429e-14}
2026-06-02 14:45:42.204 - [robot_6_log_20260602_144504.csv] - DEBUG - Incoming data. Topic 6/pos, mensaje {"x": 98.72, "y": 123.63, "yaw": 2.436, "timestamp": 1780404342.1898391}
2026-06-02 14:45:42.204 - [robot_6_log_20260602_144504.csv] - DEBUG - Posición actualizada por visión: x=98.72, y=123.63, θ=2.44
2026-06-02 14:45:42.205 - [robot_6_log_20260602_144504.csv] - DEBUG - Frecuencia: 5.29 Hz | Latencia Red/Proc: 15.17 ms
2026-06-02 14:45:42.205 - [robot_6_log_20260602_144504.csv] - DEBUG - Incoming data. Topic 6/pos, mensaje {"x": 98.72, "y": 123.63, "yaw": 2.436, "timestamp": 1780404342.1898391}
2026-06-02 14:45:42.205 - [robot_6_log_20260602_144504.csv] - DEBUG - Posición actualizada por visión: x=98.72, y=123.63, θ=2.44
2026-06-02 14:45:42.210 - [robot_6_log_20260602_144504.csv] - DEBUG - Frecuencia: 194.01 Hz | Latencia Red/Proc: 20.33 ms
2026-06-02 14:45:42.221 - [robot_6_log_20260602_144504.csv] - DEBUG - Incoming data. Topic 6/pos, mensaje {"x": 98.72, "y": 123.63, "yaw": 2.436, "timestamp": 1780404342.200143}
2026-06-02 14:45:42.227 - [robot_6_log_20260602_144504.csv] - DEBUG - Posición actualizada por visión: x=98.72, y=123.63, θ=2.44
2026-06-02 14:45:42.227 - [robot_6_log_20260602_144504.csv] - DEBUG - Frecuencia: 56.81 Hz | Latencia Red/Proc: 27.63 ms
2026-06-02 14:45:42.227 - [robot_6_log_20260602_144504.csv] - DEBUG - Incoming data. Topic 6/pos, mensaje {"x": 98.72, "y": 123.63, "yaw": 2.436, "timestamp": 1780404342.200143}
2026-06-02 14:45:42.227 - [robot_6_log_20260602_144504.csv] - DEBUG - Posición actualizada por visión: x=98.72, y=123.63, θ=2.44
2026-06-02 14:45:42.227 - [robot_6_log_20260602_144504.csv] - DEBUG - Frecuencia: 11715.93 Hz | Latencia Red/Proc: 27.71 ms
2026-06-02 14:45:42.233 - [robot_6_log_20260602_144504.csv] - INFO - Usando posición VISION: x=98.72, y=123.63, θ=2.44
2026-06-02 14:45:42.233 - [robot_6_log_20260602_144504.csv] - INFO - Distancias a paredes: Left: 98.72, Right: 351.28, Top: 16.37, Bottom: 123.63
2026-06-02 14:45:42.233 - [robot_6_log_20260602_144504.csv] - INFO - Posicion: 98.72, 123.63, 2.436 | Velocidad: -0.6484850875222241, -0.7612273584556019
2026-06-02 14:45:42.233 - [robot_6_log_20260602_144504.csv] - INFO - None
2026-06-02 14:45:42.233 - [robot_6_log_20260602_144504.csv] - WARNING - Estado FSM: ESPERANDO_GIRO | Target Wall: None | Target Theta: 10.08° |theta: 139.57251889386853 
2026-06-02 14:45:42.283 - [robot_6_log_20260602_144504.csv] - INFO - Usando posición VISION: x=98.72, y=123.63, θ=2.44
2026-06-02 14:45:42.283 - [robot_6_log_20260602_144504.csv] - INFO - Distancias a paredes: Left: 98.72, Right: 351.28, Top: 16.37, Bottom: 123.63
2026-06-02 14:45:42.283 - [robot_6_log_20260602_144504.csv] - INFO - Posicion: 98.72, 123.63, 2.436 | Velocidad: -0.6484850875222241, -0.7612273584556019
2026-06-02 14:45:42.283 - [robot_6_log_20260602_144504.csv] - INFO - None
2026-06-02 14:45:42.283 - [robot_6_log_20260602_144504.csv] - WARNING - Estado FSM: ESPERANDO_GIRO | Target Wall: None | Target Theta: 10.08° |theta: 139.57251889386853 
2026-06-02 14:45:42.288 - [robot_6_log_20260602_144504.csv] - DEBUG - Incoming data. Topic 6/pos, mensaje {"x": 98.71, "y": 123.63, "yaw": 2.439, "timestamp": 1780404342.2819402}
2026-06-02 14:45:42.293 - [robot_6_log_20260602_144504.csv] - DEBUG - Posición actualizada por visión: x=98.71, y=123.63, θ=2.44
2026-06-02 14:45:42.298 - [robot_6_log_20260602_144504.csv] - DEBUG - Frecuencia: 14.11 Hz | Latencia Red/Proc: 16.78 ms
2026-06-02 14:45:42.310 - [robot_6_log_20260602_144504.csv] - DEBUG - Incoming data. Topic 6/pos, mensaje {"x": 98.71, "y": 123.63, "yaw": 2.439, "timestamp": 1780404342.2819402}
2026-06-02 14:45:42.315 - [robot_6_log_20260602_144504.csv] - DEBUG - Posición actualizada por visión: x=98.71, y=123.63, θ=2.44
2026-06-02 14:45:42.320 - [robot_6_log_20260602_144504.csv] - DEBUG - Frecuencia: 46.00 Hz | Latencia Red/Proc: 38.52 ms
2026-06-02 14:45:42.325 - [robot_6_log_20260602_144504.csv] - DEBUG - Incoming data. Topic 6/pos, mensaje {"x": 98.71, "y": 123.63, "yaw": 2.439, "timestamp": 1780404342.292289}
2026-06-02 14:45:42.325 - [robot_6_log_20260602_144504.csv] - DEBUG - Posición actualizada por visión: x=98.71, y=123.63, θ=2.44
2026-06-02 14:45:42.325 - [robot_6_log_20260602_144504.csv] - DEBUG - Frecuencia: 184.01 Hz | Latencia Red/Proc: 33.60 ms
2026-06-02 14:45:42.331 - [robot_6_log_20260602_144504.csv] - DEBUG - Incoming data. Topic agent/6/wheel, mensaje {"Wleft":-9.672818e-15,"Wright":-1.669775429e-14}
2026-06-02 14:45:42.333 - [robot_6_log_20260602_144504.csv] - INFO - Usando posición VISION: x=98.71, y=123.63, θ=2.44
2026-06-02 14:45:42.333 - [robot_6_log_20260602_144504.csv] - INFO - Distancias a paredes: Left: 98.71, Right: 351.29, Top: 16.37, Bottom: 123.63
2026-06-02 14:45:42.333 - [robot_6_log_20260602_144504.csv] - INFO - Posicion: 98.71, 123.63, 2.439 | Velocidad: -0.6461984906916737, -0.7631693852794431
2026-06-02 14:45:42.333 - [robot_6_log_20260602_144504.csv] - INFO - None
2026-06-02 14:45:42.333 - [robot_6_log_20260602_144504.csv] - WARNING - Estado FSM: ESPERANDO_GIRO | Target Wall: None | Target Theta: 10.08° |theta: 139.74440623240778 
2026-06-02 14:45:42.339 - [robot_6_log_20260602_144504.csv] - DEBUG - Incoming data. Topic 6/pos, mensaje {"x": 98.71, "y": 123.63, "yaw": 2.439, "timestamp": 1780404342.292289}
2026-06-02 14:45:42.339 - [robot_6_log_20260602_144504.csv] - DEBUG - Posición actualizada por visión: x=98.71, y=123.63, θ=2.44
2026-06-02 14:45:42.339 - [robot_6_log_20260602_144504.csv] - DEBUG - Frecuencia: 74.24 Hz | Latencia Red/Proc: 47.07 ms
2026-06-02 14:45:42.383 - [robot_6_log_20260602_144504.csv] - INFO - Usando posición VISION: x=98.71, y=123.63, θ=2.44
2026-06-02 14:45:42.383 - [robot_6_log_20260602_144504.csv] - INFO - Distancias a paredes: Left: 98.71, Right: 351.29, Top: 16.37, Bottom: 123.63
2026-06-02 14:45:42.383 - [robot_6_log_20260602_144504.csv] - INFO - Posicion: 98.71, 123.63, 2.439 | Velocidad: -0.6461984906916737, -0.7631693852794431
2026-06-02 14:45:42.383 - [robot_6_log_20260602_144504.csv] - INFO - None
2026-06-02 14:45:42.383 - [robot_6_log_20260602_144504.csv] - WARNING - Estado FSM: ESPERANDO_GIRO | Target Wall: None | Target Theta: 10.08° |theta: 139.74440623240778 
2026-06-02 14:45:42.388 - [robot_6_log_20260602_144504.csv] - DEBUG - Incoming data. Topic agent/6/wheel, mensaje {"Wleft":-9.672818e-15,"Wright":-1.669775429e-14}
2026-06-02 14:45:42.433 - [robot_6_log_20260602_144504.csv] - INFO - Usando posición VISION: x=98.71, y=123.63, θ=2.44
2026-06-02 14:45:42.433 - [robot_6_log_20260602_144504.csv] - INFO - Distancias a paredes: Left: 98.71, Right: 351.29, Top: 16.37, Bottom: 123.63
2026-06-02 14:45:42.433 - [robot_6_log_20260602_144504.csv] - INFO - Posicion: 98.71, 123.63, 2.439 | Velocidad: -0.6461984906916737, -0.7631693852794431
2026-06-02 14:45:42.433 - [robot_6_log_20260602_144504.csv] - INFO - None
2026-06-02 14:45:42.433 - [robot_6_log_20260602_144504.csv] - WARNING - Estado FSM: ESPERANDO_GIRO | Target Wall: None | Target Theta: 10.08° |theta: 139.74440623240778 
2026-06-02 14:45:42.483 - [robot_6_log_20260602_144504.csv] - INFO - Usando posición VISION: x=98.71, y=123.63, θ=2.44
2026-06-02 14:45:42.483 - [robot_6_log_20260602_144504.csv] - INFO - Distancias a paredes: Left: 98.71, Right: 351.29, Top: 16.37, Bottom: 123.63
2026-06-02 14:45:42.483 - [robot_6_log_20260602_144504.csv] - INFO - Posicion: 98.71, 123.63, 2.439 | Velocidad: -0.6461984906916737, -0.7631693852794431
2026-06-02 14:45:42.483 - [robot_6_log_20260602_144504.csv] - INFO - None
2026-06-02 14:45:42.483 - [robot_6_log_20260602_144504.csv] - WARNING - Estado FSM: ESPERANDO_GIRO | Target Wall: None | Target Theta: 10.08° |theta: 139.74440623240778 
2026-06-02 14:45:42.533 - [robot_6_log_20260602_144504.csv] - INFO - Usando posición VISION: x=98.71, y=123.63, θ=2.44
2026-06-02 14:45:42.533 - [robot_6_log_20260602_144504.csv] - INFO - Distancias a paredes: Left: 98.71, Right: 351.29, Top: 16.37, Bottom: 123.63
2026-06-02 14:45:42.533 - [robot_6_log_20260602_144504.csv] - INFO - Posicion: 98.71, 123.63, 2.439 | Velocidad: -0.6461984906916737, -0.7631693852794431
2026-06-02 14:45:42.533 - [robot_6_log_20260602_144504.csv] - INFO - None
2026-06-02 14:45:42.533 - [robot_6_log_20260602_144504.csv] - WARNING - Estado FSM: ESPERANDO_GIRO | Target Wall: None | Target Theta: 10.08° |theta: 139.74440623240778 
2026-06-02 14:45:42.554 - [robot_6_log_20260602_144504.csv] - DEBUG - Incoming data. Topic agent/6/wheel, mensaje {"Wleft":-9.672818e-15,"Wright":-1.669775429e-14}
2026-06-02 14:45:42.583 - [robot_6_log_20260602_144504.csv] - INFO - Usando posición VISION: x=98.71, y=123.63, θ=2.44
2026-06-02 14:45:42.583 - [robot_6_log_20260602_144504.csv] - INFO - Distancias a paredes: Left: 98.71, Right: 351.29, Top: 16.37, Bottom: 123.63
2026-06-02 14:45:42.583 - [robot_6_log_20260602_144504.csv] - INFO - Posicion: 98.71, 123.63, 2.439 | Velocidad: -0.6461984906916737, -0.7631693852794431
2026-06-02 14:45:42.583 - [robot_6_log_20260602_144504.csv] - INFO - None
2026-06-02 14:45:42.583 - [robot_6_log_20260602_144504.csv] - WARNING - Estado FSM: ESPERANDO_GIRO | Target Wall: None | Target Theta: 10.08° |theta: 139.74440623240778 
2026-06-02 14:45:42.593 - [robot_6_log_20260602_144504.csv] - DEBUG - Incoming data. Topic agent/6/wheel, mensaje {"Wleft":-9.672818e-15,"Wright":-1.669775429e-14}
2026-06-02 14:45:42.593 - [robot_6_log_20260602_144504.csv] - DEBUG - Incoming data. Topic 6/pos, mensaje {"x": 98.71, "y": 123.64, "yaw": 2.44, "timestamp": 1780404342.5871942}
2026-06-02 14:45:42.598 - [robot_6_log_20260602_144504.csv] - DEBUG - Posición actualizada por visión: x=98.71, y=123.64, θ=2.44
2026-06-02 14:45:42.610 - [robot_6_log_20260602_144504.csv] - DEBUG - Frecuencia: 3.69 Hz | Latencia Red/Proc: 22.83 ms
2026-06-02 14:45:42.621 - [robot_6_log_20260602_144504.csv] - DEBUG - Incoming data. Topic 6/pos, mensaje {"x": 98.71, "y": 123.64, "yaw": 2.44, "timestamp": 1780404342.5871942}
2026-06-02 14:45:42.626 - [robot_6_log_20260602_144504.csv] - DEBUG - Posición actualizada por visión: x=98.71, y=123.64, θ=2.44
2026-06-02 14:45:42.632 - [robot_6_log_20260602_144504.csv] - DEBUG - Frecuencia: 44.34 Hz | Latencia Red/Proc: 45.39 ms
2026-06-02 14:45:42.633 - [robot_6_log_20260602_144504.csv] - INFO - Usando posición VISION: x=98.71, y=123.64, θ=2.44
2026-06-02 14:45:42.633 - [robot_6_log_20260602_144504.csv] - DEBUG - Incoming data. Topic 6/pos, mensaje {"x": 98.71, "y": 123.64, "yaw": 2.44, "timestamp": 1780404342.596971}
2026-06-02 14:45:42.633 - [robot_6_log_20260602_144504.csv] - INFO - Distancias a paredes: Left: 98.71, Right: 351.29, Top: 16.36, Bottom: 123.64
2026-06-02 14:45:42.633 - [robot_6_log_20260602_144504.csv] - DEBUG - Posición actualizada por visión: x=98.71, y=123.64, θ=2.44
2026-06-02 14:45:42.633 - [robot_6_log_20260602_144504.csv] - INFO - Posicion: 98.71, 123.64, 2.44 | Velocidad: -0.6454349983343707, -0.7638152020777741
2026-06-02 14:45:42.633 - [robot_6_log_20260602_144504.csv] - DEBUG - Frecuencia: 1546.00 Hz | Latencia Red/Proc: 36.26 ms
2026-06-02 14:45:42.633 - [robot_6_log_20260602_144504.csv] - INFO - None
2026-06-02 14:45:42.633 - [robot_6_log_20260602_144504.csv] - DEBUG - Incoming data. Topic 6/pos, mensaje {"x": 98.71, "y": 123.64, "yaw": 2.44, "timestamp": 1780404342.596971}
2026-06-02 14:45:42.633 - [robot_6_log_20260602_144504.csv] - WARNING - Estado FSM: ESPERANDO_GIRO | Target Wall: None | Target Theta: 10.08° |theta: 139.80170201192087 
2026-06-02 14:45:42.633 - [robot_6_log_20260602_144504.csv] - DEBUG - Posición actualizada por visión: x=98.71, y=123.64, θ=2.44
2026-06-02 14:45:42.638 - [robot_6_log_20260602_144504.csv] - DEBUG - Frecuencia: 188.96 Hz | Latencia Red/Proc: 41.55 ms
2026-06-02 14:45:42.683 - [robot_6_log_20260602_144504.csv] - INFO - Usando posición VISION: x=98.71, y=123.64, θ=2.44
2026-06-02 14:45:42.683 - [robot_6_log_20260602_144504.csv] - INFO - Distancias a paredes: Left: 98.71, Right: 351.29, Top: 16.36, Bottom: 123.64
2026-06-02 14:45:42.683 - [robot_6_log_20260602_144504.csv] - INFO - Posicion: 98.71, 123.64, 2.44 | Velocidad: -0.6454349983343707, -0.7638152020777741
2026-06-02 14:45:42.683 - [robot_6_log_20260602_144504.csv] - INFO - None
2026-06-02 14:45:42.683 - [robot_6_log_20260602_144504.csv] - WARNING - Estado FSM: ESPERANDO_GIRO | Target Wall: None | Target Theta: 10.08° |theta: 139.80170201192087 
2026-06-02 14:45:42.694 - [robot_6_log_20260602_144504.csv] - DEBUG - Incoming data. Topic agent/6/wheel, mensaje {"Wleft":-9.672818e-15,"Wright":-1.669775429e-14}
2026-06-02 14:45:42.733 - [robot_6_log_20260602_144504.csv] - INFO - Usando posición VISION: x=98.71, y=123.64, θ=2.44
2026-06-02 14:45:42.733 - [robot_6_log_20260602_144504.csv] - INFO - Distancias a paredes: Left: 98.71, Right: 351.29, Top: 16.36, Bottom: 123.64
2026-06-02 14:45:42.733 - [robot_6_log_20260602_144504.csv] - INFO - Posicion: 98.71, 123.64, 2.44 | Velocidad: -0.6454349983343707, -0.7638152020777741
2026-06-02 14:45:42.733 - [robot_6_log_20260602_144504.csv] - INFO - None
2026-06-02 14:45:42.733 - [robot_6_log_20260602_144504.csv] - WARNING - Estado FSM: ESPERANDO_GIRO | Target Wall: None | Target Theta: 10.08° |theta: 139.80170201192087 
2026-06-02 14:45:42.783 - [robot_6_log_20260602_144504.csv] - INFO - Usando posición VISION: x=98.71, y=123.64, θ=2.44
2026-06-02 14:45:42.783 - [robot_6_log_20260602_144504.csv] - INFO - Distancias a paredes: Left: 98.71, Right: 351.29, Top: 16.36, Bottom: 123.64
2026-06-02 14:45:42.783 - [robot_6_log_20260602_144504.csv] - INFO - Posicion: 98.71, 123.64, 2.44 | Velocidad: -0.6454349983343707, -0.7638152020777741
2026-06-02 14:45:42.783 - [robot_6_log_20260602_144504.csv] - INFO - None
2026-06-02 14:45:42.783 - [robot_6_log_20260602_144504.csv] - WARNING - Estado FSM: ESPERANDO_GIRO | Target Wall: None | Target Theta: 10.08° |theta: 139.80170201192087 
2026-06-02 14:45:42.825 - [robot_6_log_20260602_144504.csv] - DEBUG - Incoming data. Topic agent/6/wheel, mensaje {"Wleft":-9.672818e-15,"Wright":-1.669775429e-14}
2026-06-02 14:45:42.833 - [robot_6_log_20260602_144504.csv] - INFO - Usando posición VISION: x=98.71, y=123.64, θ=2.44
2026-06-02 14:45:42.833 - [robot_6_log_20260602_144504.csv] - INFO - Distancias a paredes: Left: 98.71, Right: 351.29, Top: 16.36, Bottom: 123.64
2026-06-02 14:45:42.833 - [robot_6_log_20260602_144504.csv] - INFO - Posicion: 98.71, 123.64, 2.44 | Velocidad: -0.6454349983343707, -0.7638152020777741
2026-06-02 14:45:42.833 - [robot_6_log_20260602_144504.csv] - INFO - None
2026-06-02 14:45:42.833 - [robot_6_log_20260602_144504.csv] - WARNING - Estado FSM: ESPERANDO_GIRO | Target Wall: None | Target Theta: 10.08° |theta: 139.80170201192087 
2026-06-02 14:45:42.883 - [robot_6_log_20260602_144504.csv] - INFO - Usando posición VISION: x=98.71, y=123.64, θ=2.44
2026-06-02 14:45:42.883 - [robot_6_log_20260602_144504.csv] - INFO - Distancias a paredes: Left: 98.71, Right: 351.29, Top: 16.36, Bottom: 123.64
2026-06-02 14:45:42.883 - [robot_6_log_20260602_144504.csv] - INFO - Posicion: 98.71, 123.64, 2.44 | Velocidad: -0.6454349983343707, -0.7638152020777741
2026-06-02 14:45:42.883 - [robot_6_log_20260602_144504.csv] - INFO - None
2026-06-02 14:45:42.883 - [robot_6_log_20260602_144504.csv] - WARNING - Estado FSM: ESPERANDO_GIRO | Target Wall: None | Target Theta: 10.08° |theta: 139.80170201192087 
2026-06-02 14:45:42.894 - [robot_6_log_20260602_144504.csv] - DEBUG - Incoming data. Topic agent/6/wheel, mensaje {"Wleft":-9.672818e-15,"Wright":-1.669775429e-14}
2026-06-02 14:45:42.916 - [robot_6_log_20260602_144504.csv] - DEBUG - Incoming data. Topic 6/pos, mensaje {"x": 98.72, "y": 123.63, "yaw": 2.435, "timestamp": 1780404342.888928}
2026-06-02 14:45:42.921 - [robot_6_log_20260602_144504.csv] - DEBUG - Posición actualizada por visión: x=98.72, y=123.63, θ=2.44
2026-06-02 14:45:42.933 - [robot_6_log_20260602_144504.csv] - DEBUG - Frecuencia: 3.39 Hz | Latencia Red/Proc: 44.16 ms
2026-06-02 14:45:42.933 - [robot_6_log_20260602_144504.csv] - INFO - Usando posición VISION: x=98.72, y=123.63, θ=2.44
2026-06-02 14:45:42.933 - [robot_6_log_20260602_144504.csv] - DEBUG - Incoming data. Topic 6/pos, mensaje {"x": 98.72, "y": 123.63, "yaw": 2.435, "timestamp": 1780404342.888928}
2026-06-02 14:45:42.933 - [robot_6_log_20260602_144504.csv] - INFO - Distancias a paredes: Left: 98.72, Right: 351.28, Top: 16.37, Bottom: 123.63
2026-06-02 14:45:42.933 - [robot_6_log_20260602_144504.csv] - DEBUG - Posición actualizada por visión: x=98.72, y=123.63, θ=2.44
2026-06-02 14:45:42.933 - [robot_6_log_20260602_144504.csv] - INFO - Posicion: 98.72, 123.63, 2.435 | Velocidad: -0.6492459905112917, -0.760578492862513
2026-06-02 14:45:42.933 - [robot_6_log_20260602_144504.csv] - DEBUG - Frecuencia: 4029.11 Hz | Latencia Red/Proc: 44.41 ms
2026-06-02 14:45:42.933 - [robot_6_log_20260602_144504.csv] - INFO - None
2026-06-02 14:45:42.933 - [robot_6_log_20260602_144504.csv] - DEBUG - Incoming data. Topic 6/pos, mensaje {"x": 98.72, "y": 123.63, "yaw": 2.435, "timestamp": 1780404342.90097}
2026-06-02 14:45:42.933 - [robot_6_log_20260602_144504.csv] - WARNING - Estado FSM: ESPERANDO_GIRO | Target Wall: None | Target Theta: 10.08° |theta: 139.51522311435545 
2026-06-02 14:45:42.933 - [robot_6_log_20260602_144504.csv] - DEBUG - Posición actualizada por visión: x=98.72, y=123.63, θ=2.44
2026-06-02 14:45:42.943 - [robot_6_log_20260602_144504.csv] - DEBUG - Frecuencia: 96.24 Hz | Latencia Red/Proc: 42.76 ms
2026-06-02 14:45:42.955 - [robot_6_log_20260602_144504.csv] - DEBUG - Incoming data. Topic 6/pos, mensaje {"x": 98.72, "y": 123.63, "yaw": 2.435, "timestamp": 1780404342.90097}
2026-06-02 14:45:42.960 - [robot_6_log_20260602_144504.csv] - DEBUG - Posición actualizada por visión: x=98.72, y=123.63, θ=2.44
2026-06-02 14:45:42.966 - [robot_6_log_20260602_144504.csv] - DEBUG - Frecuencia: 44.32 Hz | Latencia Red/Proc: 65.32 ms
2026-06-02 14:45:42.983 - [robot_6_log_20260602_144504.csv] - INFO - Usando posición VISION: x=98.72, y=123.63, θ=2.44
2026-06-02 14:45:42.983 - [robot_6_log_20260602_144504.csv] - INFO - Distancias a paredes: Left: 98.72, Right: 351.28, Top: 16.37, Bottom: 123.63
2026-06-02 14:45:42.983 - [robot_6_log_20260602_144504.csv] - INFO - Posicion: 98.72, 123.63, 2.435 | Velocidad: -0.6492459905112917, -0.760578492862513
2026-06-02 14:45:42.983 - [robot_6_log_20260602_144504.csv] - INFO - None
2026-06-02 14:45:42.983 - [robot_6_log_20260602_144504.csv] - WARNING - Estado FSM: ESPERANDO_GIRO | Target Wall: None | Target Theta: 10.08° |theta: 139.51522311435545 
2026-06-02 14:45:42.995 - [robot_6_log_20260602_144504.csv] - DEBUG - Incoming data. Topic 6/pos, mensaje {"x": 98.7, "y": 123.63, "yaw": 2.435, "timestamp": 1780404342.9911523}
2026-06-02 14:45:42.995 - [robot_6_log_20260602_144504.csv] - DEBUG - Posición actualizada por visión: x=98.70, y=123.63, θ=2.44
2026-06-02 14:45:42.995 - [robot_6_log_20260602_144504.csv] - DEBUG - Frecuencia: 33.98 Hz | Latencia Red/Proc: 4.57 ms
2026-06-02 14:45:43.000 - [robot_6_log_20260602_144504.csv] - DEBUG - Incoming data. Topic 6/pos, mensaje {"x": 98.7, "y": 123.63, "yaw": 2.435, "timestamp": 1780404342.9911523}
2026-06-02 14:45:43.006 - [robot_6_log_20260602_144504.csv] - DEBUG - Posición actualizada por visión: x=98.70, y=123.63, θ=2.44
2026-06-02 14:45:43.006 - [robot_6_log_20260602_144504.csv] - DEBUG - Frecuencia: 96.23 Hz | Latencia Red/Proc: 14.96 ms
2026-06-02 14:45:43.016 - [robot_6_log_20260602_144504.csv] - DEBUG - Incoming data. Topic 6/pos, mensaje {"x": 98.7, "y": 123.63, "yaw": 2.435, "timestamp": 1780404343.0030155}
2026-06-02 14:45:43.021 - [robot_6_log_20260602_144504.csv] - DEBUG - Posición actualizada por visión: x=98.70, y=123.63, θ=2.44
2026-06-02 14:45:43.021 - [robot_6_log_20260602_144504.csv] - DEBUG - Frecuencia: 64.78 Hz | Latencia Red/Proc: 18.54 ms
2026-06-02 14:45:43.021 - [robot_6_log_20260602_144504.csv] - DEBUG - Incoming data. Topic 6/pos, mensaje {"x": 98.7, "y": 123.63, "yaw": 2.435, "timestamp": 1780404343.0030155}
2026-06-02 14:45:43.021 - [robot_6_log_20260602_144504.csv] - DEBUG - Posición actualizada por visión: x=98.70, y=123.63, θ=2.44
2026-06-02 14:45:43.021 - [robot_6_log_20260602_144504.csv] - DEBUG - Frecuencia: 23431.87 Hz | Latencia Red/Proc: 18.58 ms
2026-06-02 14:45:43.033 - [robot_6_log_20260602_144504.csv] - INFO - Usando posición VISION: x=98.70, y=123.63, θ=2.44
2026-06-02 14:45:43.033 - [robot_6_log_20260602_144504.csv] - INFO - Distancias a paredes: Left: 98.70, Right: 351.30, Top: 16.37, Bottom: 123.63
2026-06-02 14:45:43.033 - [robot_6_log_20260602_144504.csv] - INFO - Posicion: 98.7, 123.63, 2.435 | Velocidad: -0.6492459905112917, -0.760578492862513
2026-06-02 14:45:43.033 - [robot_6_log_20260602_144504.csv] - INFO - None
2026-06-02 14:45:43.033 - [robot_6_log_20260602_144504.csv] - WARNING - Estado FSM: ESPERANDO_GIRO | Target Wall: None | Target Theta: 10.08° |theta: 139.51522311435545 
2026-06-02 14:45:43.045 - [robot_6_log_20260602_144504.csv] - DEBUG - Incoming data. Topic agent/6/wheel, mensaje {"Wleft":-9.672818e-15,"Wright":-1.669775429e-14}
2026-06-02 14:45:43.083 - [robot_6_log_20260602_144504.csv] - INFO - Usando posición VISION: x=98.70, y=123.63, θ=2.44
2026-06-02 14:45:43.083 - [robot_6_log_20260602_144504.csv] - INFO - Distancias a paredes: Left: 98.70, Right: 351.30, Top: 16.37, Bottom: 123.63
2026-06-02 14:45:43.083 - [robot_6_log_20260602_144504.csv] - INFO - Posicion: 98.7, 123.63, 2.435 | Velocidad: -0.6492459905112917, -0.760578492862513
2026-06-02 14:45:43.083 - [robot_6_log_20260602_144504.csv] - INFO - None
2026-06-02 14:45:43.083 - [robot_6_log_20260602_144504.csv] - WARNING - Estado FSM: ESPERANDO_GIRO | Target Wall: None | Target Theta: 10.08° |theta: 139.51522311435545 
2026-06-02 14:45:43.089 - [robot_6_log_20260602_144504.csv] - DEBUG - Incoming data. Topic 6/pos, mensaje {"x": 98.7, "y": 123.64, "yaw": 2.433, "timestamp": 1780404343.088226}
2026-06-02 14:45:43.094 - [robot_6_log_20260602_144504.csv] - DEBUG - Posición actualizada por visión: x=98.70, y=123.64, θ=2.43
2026-06-02 14:45:43.100 - [robot_6_log_20260602_144504.csv] - DEBUG - Frecuencia: 12.68 Hz | Latencia Red/Proc: 12.24 ms
2026-06-02 14:45:43.105 - [robot_6_log_20260602_144504.csv] - DEBUG - Incoming data. Topic agent/6/wheel, mensaje {"Wleft":-9.672818e-15,"Wright":-1.669775429e-14}
2026-06-02 14:45:43.111 - [robot_6_log_20260602_144504.csv] - DEBUG - Incoming data. Topic 6/pos, mensaje {"x": 98.7, "y": 123.64, "yaw": 2.433, "timestamp": 1780404343.0979605}
2026-06-02 14:45:43.116 - [robot_6_log_20260602_144504.csv] - DEBUG - Posición actualizada por visión: x=98.70, y=123.64, θ=2.43
2026-06-02 14:45:43.121 - [robot_6_log_20260602_144504.csv] - DEBUG - Frecuencia: 46.69 Hz | Latencia Red/Proc: 23.93 ms
2026-06-02 14:45:43.126 - [robot_6_log_20260602_144504.csv] - DEBUG - Incoming data. Topic 6/pos, mensaje {"x": 98.7, "y": 123.64, "yaw": 2.433, "timestamp": 1780404343.088226}
2026-06-02 14:45:43.132 - [robot_6_log_20260602_144504.csv] - DEBUG - Posición actualizada por visión: x=98.70, y=123.64, θ=2.43
2026-06-02 14:45:43.133 - [robot_6_log_20260602_144504.csv] - INFO - Usando posición VISION: x=98.70, y=123.64, θ=2.43
2026-06-02 14:45:43.133 - [robot_6_log_20260602_144504.csv] - INFO - Distancias a paredes: Left: 98.70, Right: 351.30, Top: 16.36, Bottom: 123.64
2026-06-02 14:45:43.133 - [robot_6_log_20260602_144504.csv] - INFO - Posicion: 98.7, 123.64, 2.433 | Velocidad: -0.6507658479913643, -0.7592784805906727
2026-06-02 14:45:43.133 - [robot_6_log_20260602_144504.csv] - INFO - None
2026-06-02 14:45:43.133 - [robot_6_log_20260602_144504.csv] - DEBUG - Frecuencia: 89.26 Hz | Latencia Red/Proc: 44.87 ms
2026-06-02 14:45:43.133 - [robot_6_log_20260602_144504.csv] - WARNING - Estado FSM: ESPERANDO_GIRO | Target Wall: None | Target Theta: 10.08° |theta: 139.40063155532928 
2026-06-02 14:45:43.139 - [robot_6_log_20260602_144504.csv] - DEBUG - Incoming data. Topic 6/pos, mensaje {"x": 98.7, "y": 123.64, "yaw": 2.433, "timestamp": 1780404343.0979605}
2026-06-02 14:45:43.144 - [robot_6_log_20260602_144504.csv] - DEBUG - Posición actualizada por visión: x=98.70, y=123.64, θ=2.43
2026-06-02 14:45:43.144 - [robot_6_log_20260602_144504.csv] - DEBUG - Frecuencia: 86.30 Hz | Latencia Red/Proc: 46.72 ms
2026-06-02 14:45:43.183 - [robot_6_log_20260602_144504.csv] - INFO - Usando posición VISION: x=98.70, y=123.64, θ=2.43
2026-06-02 14:45:43.183 - [robot_6_log_20260602_144504.csv] - INFO - Distancias a paredes: Left: 98.70, Right: 351.30, Top: 16.36, Bottom: 123.64
2026-06-02 14:45:43.183 - [robot_6_log_20260602_144504.csv] - INFO - Posicion: 98.7, 123.64, 2.433 | Velocidad: -0.6507658479913643, -0.7592784805906727
2026-06-02 14:45:43.183 - [robot_6_log_20260602_144504.csv] - INFO - None
2026-06-02 14:45:43.183 - [robot_6_log_20260602_144504.csv] - WARNING - Estado FSM: ESPERANDO_GIRO | Target Wall: None | Target Theta: 10.08° |theta: 139.40063155532928 
2026-06-02 14:45:43.195 - [robot_6_log_20260602_144504.csv] - DEBUG - Incoming data. Topic 6/pos, mensaje {"x": 98.72, "y": 123.62, "yaw": 2.443, "timestamp": 1780404343.1921244}
2026-06-02 14:45:43.200 - [robot_6_log_20260602_144504.csv] - DEBUG - Posición actualizada por visión: x=98.72, y=123.62, θ=2.44
2026-06-02 14:45:43.205 - [robot_6_log_20260602_144504.csv] - DEBUG - Frecuencia: 16.35 Hz | Latencia Red/Proc: 13.71 ms
2026-06-02 14:45:43.222 - [robot_6_log_20260602_144504.csv] - DEBUG - Incoming data. Topic 6/pos, mensaje {"x": 98.72, "y": 123.62, "yaw": 2.443, "timestamp": 1780404343.1921244}
2026-06-02 14:45:43.227 - [robot_6_log_20260602_144504.csv] - DEBUG - Posición actualizada por visión: x=98.72, y=123.62, θ=2.44
2026-06-02 14:45:43.232 - [robot_6_log_20260602_144504.csv] - DEBUG - Frecuencia: 37.33 Hz | Latencia Red/Proc: 40.50 ms
2026-06-02 14:45:43.233 - [robot_6_log_20260602_144504.csv] - INFO - Usando posición VISION: x=98.72, y=123.62, θ=2.44
2026-06-02 14:45:43.233 - [robot_6_log_20260602_144504.csv] - DEBUG - Incoming data. Topic 6/pos, mensaje {"x": 98.72, "y": 123.62, "yaw": 2.443, "timestamp": 1780404343.2025073}
2026-06-02 14:45:43.233 - [robot_6_log_20260602_144504.csv] - INFO - Distancias a paredes: Left: 98.72, Right: 351.28, Top: 16.38, Bottom: 123.62
2026-06-02 14:45:43.233 - [robot_6_log_20260602_144504.csv] - DEBUG - Posición actualizada por visión: x=98.72, y=123.62, θ=2.44
2026-06-02 14:45:43.233 - [robot_6_log_20260602_144504.csv] - INFO - Posicion: 98.72, 123.62, 2.443 | Velocidad: -0.64314065170999, -0.7657480670024897
2026-06-02 14:45:43.233 - [robot_6_log_20260602_144504.csv] - DEBUG - Frecuencia: 1718.98 Hz | Latencia Red/Proc: 30.70 ms
2026-06-02 14:45:43.233 - [robot_6_log_20260602_144504.csv] - INFO - None
2026-06-02 14:45:43.233 - [robot_6_log_20260602_144504.csv] - DEBUG - Incoming data. Topic 6/pos, mensaje {"x": 98.72, "y": 123.62, "yaw": 2.443, "timestamp": 1780404343.2025073}
2026-06-02 14:45:43.233 - [robot_6_log_20260602_144504.csv] - WARNING - Estado FSM: ESPERANDO_GIRO | Target Wall: None | Target Theta: 10.08° |theta: 139.97358935046012 
2026-06-02 14:45:43.233 - [robot_6_log_20260602_144504.csv] - DEBUG - Posición actualizada por visión: x=98.72, y=123.62, θ=2.44
2026-06-02 14:45:43.238 - [robot_6_log_20260602_144504.csv] - DEBUG - Frecuencia: 188.55 Hz | Latencia Red/Proc: 36.00 ms
2026-06-02 14:45:43.249 - [robot_6_log_20260602_144504.csv] - DEBUG - Incoming data. Topic agent/6/wheel, mensaje {"Wleft":-9.672818e-15,"Wright":-1.669775429e-14}
2026-06-02 14:45:43.283 - [robot_6_log_20260602_144504.csv] - INFO - Usando posición VISION: x=98.72, y=123.62, θ=2.44
2026-06-02 14:45:43.283 - [robot_6_log_20260602_144504.csv] - INFO - Distancias a paredes: Left: 98.72, Right: 351.28, Top: 16.38, Bottom: 123.62
2026-06-02 14:45:43.283 - [robot_6_log_20260602_144504.csv] - INFO - Posicion: 98.72, 123.62, 2.443 | Velocidad: -0.64314065170999, -0.7657480670024897
2026-06-02 14:45:43.283 - [robot_6_log_20260602_144504.csv] - INFO - None
2026-06-02 14:45:43.283 - [robot_6_log_20260602_144504.csv] - WARNING - Estado FSM: ESPERANDO_GIRO | Target Wall: None | Target Theta: 10.08° |theta: 139.97358935046012 
2026-06-02 14:45:43.288 - [robot_6_log_20260602_144504.csv] - DEBUG - Incoming data. Topic 6/pos, mensaje {"x": 98.71, "y": 123.63, "yaw": 2.438, "timestamp": 1780404343.2847056}
2026-06-02 14:45:43.293 - [robot_6_log_20260602_144504.csv] - DEBUG - Posición actualizada por visión: x=98.71, y=123.63, θ=2.44
2026-06-02 14:45:43.299 - [robot_6_log_20260602_144504.csv] - DEBUG - Frecuencia: 16.32 Hz | Latencia Red/Proc: 15.06 ms
2026-06-02 14:45:43.299 - [robot_6_log_20260602_144504.csv] - DEBUG - Incoming data. Topic 6/pos, mensaje {"x": 98.71, "y": 123.63, "yaw": 2.438, "timestamp": 1780404343.2847056}
2026-06-02 14:45:43.299 - [robot_6_log_20260602_144504.csv] - DEBUG - Posición actualizada por visión: x=98.71, y=123.63, θ=2.44
2026-06-02 14:45:43.299 - [robot_6_log_20260602_144504.csv] - DEBUG - Frecuencia: 6061.13 Hz | Latencia Red/Proc: 15.23 ms
2026-06-02 14:45:43.299 - [robot_6_log_20260602_144504.csv] - DEBUG - Incoming data. Topic 6/pos, mensaje {"x": 98.71, "y": 123.63, "yaw": 2.438, "timestamp": 1780404343.2968657}
2026-06-02 14:45:43.299 - [robot_6_log_20260602_144504.csv] - DEBUG - Posición actualizada por visión: x=98.71, y=123.63, θ=2.44
2026-06-02 14:45:43.300 - [robot_6_log_20260602_144504.csv] - DEBUG - Frecuencia: 11814.94 Hz | Latencia Red/Proc: 3.15 ms
2026-06-02 14:45:43.300 - [robot_6_log_20260602_144504.csv] - DEBUG - Incoming data. Topic 6/pos, mensaje {"x": 98.71, "y": 123.63, "yaw": 2.438, "timestamp": 1780404343.2968657}
2026-06-02 14:45:43.300 - [robot_6_log_20260602_144504.csv] - DEBUG - Posición actualizada por visión: x=98.71, y=123.63, θ=2.44
2026-06-02 14:45:43.300 - [robot_6_log_20260602_144504.csv] - DEBUG - Frecuencia: 12710.01 Hz | Latencia Red/Proc: 3.23 ms
2026-06-02 14:45:43.333 - [robot_6_log_20260602_144504.csv] - INFO - Usando posición VISION: x=98.71, y=123.63, θ=2.44
2026-06-02 14:45:43.333 - [robot_6_log_20260602_144504.csv] - INFO - Distancias a paredes: Left: 98.71, Right: 351.29, Top: 16.37, Bottom: 123.63
2026-06-02 14:45:43.333 - [robot_6_log_20260602_144504.csv] - INFO - Posicion: 98.71, 123.63, 2.438 | Velocidad: -0.6469613368505397, -0.7625228053117904
2026-06-02 14:45:43.333 - [robot_6_log_20260602_144504.csv] - INFO - None
2026-06-02 14:45:43.333 - [robot_6_log_20260602_144504.csv] - WARNING - Estado FSM: ESPERANDO_GIRO | Target Wall: None | Target Theta: 10.08° |theta: 139.6871104528947 
2026-06-02 14:45:43.339 - [robot_6_log_20260602_144504.csv] - DEBUG - Incoming data. Topic agent/6/wheel, mensaje {"Wleft":-9.672818e-15,"Wright":-1.669775429e-14}
2026-06-02 14:45:43.383 - [robot_6_log_20260602_144504.csv] - INFO - Usando posición VISION: x=98.71, y=123.63, θ=2.44
2026-06-02 14:45:43.383 - [robot_6_log_20260602_144504.csv] - INFO - Distancias a paredes: Left: 98.71, Right: 351.29, Top: 16.37, Bottom: 123.63
2026-06-02 14:45:43.383 - [robot_6_log_20260602_144504.csv] - INFO - Posicion: 98.71, 123.63, 2.438 | Velocidad: -0.6469613368505397, -0.7625228053117904
2026-06-02 14:45:43.383 - [robot_6_log_20260602_144504.csv] - INFO - None
2026-06-02 14:45:43.383 - [robot_6_log_20260602_144504.csv] - WARNING - Estado FSM: ESPERANDO_GIRO | Target Wall: None | Target Theta: 10.08° |theta: 139.6871104528947 
2026-06-02 14:45:43.394 - [robot_6_log_20260602_144504.csv] - DEBUG - Incoming data. Topic 6/pos, mensaje {"x": 98.71, "y": 123.64, "yaw": 2.435, "timestamp": 1780404343.3881438}
2026-06-02 14:45:43.394 - [robot_6_log_20260602_144504.csv] - DEBUG - Posición actualizada por visión: x=98.71, y=123.64, θ=2.44
2026-06-02 14:45:43.394 - [robot_6_log_20260602_144504.csv] - DEBUG - Frecuencia: 10.60 Hz | Latencia Red/Proc: 6.27 ms
2026-06-02 14:45:43.394 - [robot_6_log_20260602_144504.csv] - DEBUG - Incoming data. Topic 6/pos, mensaje {"x": 98.71, "y": 123.64, "yaw": 2.435, "timestamp": 1780404343.3881438}
2026-06-02 14:45:43.394 - [robot_6_log_20260602_144504.csv] - DEBUG - Posición actualizada por visión: x=98.71, y=123.64, θ=2.44
2026-06-02 14:45:43.394 - [robot_6_log_20260602_144504.csv] - DEBUG - Frecuencia: 25115.59 Hz | Latencia Red/Proc: 6.31 ms
2026-06-02 14:45:43.405 - [robot_6_log_20260602_144504.csv] - DEBUG - Incoming data. Topic 6/pos, mensaje {"x": 98.71, "y": 123.64, "yaw": 2.435, "timestamp": 1780404343.400314}
2026-06-02 14:45:43.405 - [robot_6_log_20260602_144504.csv] - DEBUG - Posición actualizada por visión: x=98.71, y=123.64, θ=2.44
2026-06-02 14:45:43.405 - [robot_6_log_20260602_144504.csv] - DEBUG - Frecuencia: 88.64 Hz | Latencia Red/Proc: 5.42 ms
2026-06-02 14:45:43.405 - [robot_6_log_20260602_144504.csv] - DEBUG - Incoming data. Topic 6/pos, mensaje {"x": 98.71, "y": 123.64, "yaw": 2.435, "timestamp": 1780404343.400314}
2026-06-02 14:45:43.405 - [robot_6_log_20260602_144504.csv] - DEBUG - Posición actualizada por visión: x=98.71, y=123.64, θ=2.44
2026-06-02 14:45:43.405 - [robot_6_log_20260602_144504.csv] - DEBUG - Frecuencia: 23563.51 Hz | Latencia Red/Proc: 5.47 ms
2026-06-02 14:45:43.433 - [robot_6_log_20260602_144504.csv] - INFO - Usando posición VISION: x=98.71, y=123.64, θ=2.44
2026-06-02 14:45:43.433 - [robot_6_log_20260602_144504.csv] - INFO - Distancias a paredes: Left: 98.71, Right: 351.29, Top: 16.36, Bottom: 123.64
2026-06-02 14:45:43.433 - [robot_6_log_20260602_144504.csv] - INFO - Posicion: 98.71, 123.64, 2.435 | Velocidad: -0.6492459905112917, -0.760578492862513
2026-06-02 14:45:43.433 - [robot_6_log_20260602_144504.csv] - INFO - None
2026-06-02 14:45:43.433 - [robot_6_log_20260602_144504.csv] - WARNING - Estado FSM: ESPERANDO_GIRO | Target Wall: None | Target Theta: 10.08° |theta: 139.51522311435545 
2026-06-02 14:45:43.445 - [robot_6_log_20260602_144504.csv] - DEBUG - Incoming data. Topic agent/6/wheel, mensaje {"Wleft":-9.672818e-15,"Wright":-1.669775429e-14}
2026-06-02 14:45:43.483 - [robot_6_log_20260602_144504.csv] - INFO - Usando posición VISION: x=98.71, y=123.64, θ=2.44
2026-06-02 14:45:43.483 - [robot_6_log_20260602_144504.csv] - INFO - Distancias a paredes: Left: 98.71, Right: 351.29, Top: 16.36, Bottom: 123.64
2026-06-02 14:45:43.483 - [robot_6_log_20260602_144504.csv] - INFO - Posicion: 98.71, 123.64, 2.435 | Velocidad: -0.6492459905112917, -0.760578492862513
2026-06-02 14:45:43.483 - [robot_6_log_20260602_144504.csv] - INFO - None
2026-06-02 14:45:43.483 - [robot_6_log_20260602_144504.csv] - WARNING - Estado FSM: ESPERANDO_GIRO | Target Wall: None | Target Theta: 10.08° |theta: 139.51522311435545 
2026-06-02 14:45:43.488 - [robot_6_log_20260602_144504.csv] - DEBUG - Incoming data. Topic 6/pos, mensaje {"x": 98.71, "y": 123.64, "yaw": 2.438, "timestamp": 1780404343.4832788}
2026-06-02 14:45:43.493 - [robot_6_log_20260602_144504.csv] - DEBUG - Posición actualizada por visión: x=98.71, y=123.64, θ=2.44
2026-06-02 14:45:43.493 - [robot_6_log_20260602_144504.csv] - DEBUG - Frecuencia: 11.35 Hz | Latencia Red/Proc: 10.62 ms
2026-06-02 14:45:43.493 - [robot_6_log_20260602_144504.csv] - DEBUG - Incoming data. Topic 6/pos, mensaje {"x": 98.71, "y": 123.64, "yaw": 2.438, "timestamp": 1780404343.4832788}
2026-06-02 14:45:43.493 - [robot_6_log_20260602_144504.csv] - DEBUG - Posición actualizada por visión: x=98.71, y=123.64, θ=2.44
2026-06-02 14:45:43.493 - [robot_6_log_20260602_144504.csv] - DEBUG - Frecuencia: 17403.75 Hz | Latencia Red/Proc: 10.68 ms
2026-06-02 14:45:43.493 - [robot_6_log_20260602_144504.csv] - DEBUG - Incoming data. Topic 6/pos, mensaje {"x": 98.71, "y": 123.64, "yaw": 2.438, "timestamp": 1780404343.493215}
2026-06-02 14:45:43.493 - [robot_6_log_20260602_144504.csv] - DEBUG - Posición actualizada por visión: x=98.71, y=123.64, θ=2.44
2026-06-02 14:45:43.493 - [robot_6_log_20260602_144504.csv] - DEBUG - Frecuencia: 28532.68 Hz | Latencia Red/Proc: 0.78 ms
2026-06-02 14:45:43.494 - [robot_6_log_20260602_144504.csv] - DEBUG - Incoming data. Topic 6/pos, mensaje {"x": 98.71, "y": 123.64, "yaw": 2.438, "timestamp": 1780404343.493215}
2026-06-02 14:45:43.494 - [robot_6_log_20260602_144504.csv] - DEBUG - Posición actualizada por visión: x=98.71, y=123.64, θ=2.44
2026-06-02 14:45:43.494 - [robot_6_log_20260602_144504.csv] - DEBUG - Frecuencia: 31300.78 Hz | Latencia Red/Proc: 0.81 ms
2026-06-02 14:45:43.533 - [robot_6_log_20260602_144504.csv] - INFO - Usando posición VISION: x=98.71, y=123.64, θ=2.44
2026-06-02 14:45:43.533 - [robot_6_log_20260602_144504.csv] - INFO - Distancias a paredes: Left: 98.71, Right: 351.29, Top: 16.36, Bottom: 123.64
2026-06-02 14:45:43.533 - [robot_6_log_20260602_144504.csv] - INFO - Posicion: 98.71, 123.64, 2.438 | Velocidad: -0.6469613368505397, -0.7625228053117904
2026-06-02 14:45:43.533 - [robot_6_log_20260602_144504.csv] - INFO - None
2026-06-02 14:45:43.533 - [robot_6_log_20260602_144504.csv] - WARNING - Estado FSM: ESPERANDO_GIRO | Target Wall: None | Target Theta: 10.08° |theta: 139.6871104528947 
2026-06-02 14:45:43.550 - [robot_6_log_20260602_144504.csv] - DEBUG - Incoming data. Topic agent/6/wheel, mensaje {"Wleft":-9.672818e-15,"Wright":-1.669775429e-14}
2026-06-02 14:45:43.583 - [robot_6_log_20260602_144504.csv] - INFO - Usando posición VISION: x=98.71, y=123.64, θ=2.44
2026-06-02 14:45:43.583 - [robot_6_log_20260602_144504.csv] - INFO - Distancias a paredes: Left: 98.71, Right: 351.29, Top: 16.36, Bottom: 123.64
2026-06-02 14:45:43.583 - [robot_6_log_20260602_144504.csv] - INFO - Posicion: 98.71, 123.64, 2.438 | Velocidad: -0.6469613368505397, -0.7625228053117904
2026-06-02 14:45:43.583 - [robot_6_log_20260602_144504.csv] - INFO - None
2026-06-02 14:45:43.583 - [robot_6_log_20260602_144504.csv] - WARNING - Estado FSM: ESPERANDO_GIRO | Target Wall: None | Target Theta: 10.08° |theta: 139.6871104528947 
2026-06-02 14:45:43.633 - [robot_6_log_20260602_144504.csv] - INFO - Usando posición VISION: x=98.71, y=123.64, θ=2.44
2026-06-02 14:45:43.633 - [robot_6_log_20260602_144504.csv] - INFO - Distancias a paredes: Left: 98.71, Right: 351.29, Top: 16.36, Bottom: 123.64
2026-06-02 14:45:43.633 - [robot_6_log_20260602_144504.csv] - INFO - Posicion: 98.71, 123.64, 2.438 | Velocidad: -0.6469613368505397, -0.7625228053117904
2026-06-02 14:45:43.633 - [robot_6_log_20260602_144504.csv] - INFO - None
2026-06-02 14:45:43.633 - [robot_6_log_20260602_144504.csv] - WARNING - Estado FSM: ESPERANDO_GIRO | Target Wall: None | Target Theta: 10.08° |theta: 139.6871104528947 
2026-06-02 14:45:43.650 - [robot_6_log_20260602_144504.csv] - DEBUG - Incoming data. Topic agent/6/wheel, mensaje {"Wleft":-9.672818e-15,"Wright":-1.669775429e-14}
2026-06-02 14:45:43.683 - [robot_6_log_20260602_144504.csv] - INFO - Usando posición VISION: x=98.71, y=123.64, θ=2.44
2026-06-02 14:45:43.683 - [robot_6_log_20260602_144504.csv] - INFO - Distancias a paredes: Left: 98.71, Right: 351.29, Top: 16.36, Bottom: 123.64
2026-06-02 14:45:43.683 - [robot_6_log_20260602_144504.csv] - INFO - Posicion: 98.71, 123.64, 2.438 | Velocidad: -0.6469613368505397, -0.7625228053117904
2026-06-02 14:45:43.683 - [robot_6_log_20260602_144504.csv] - INFO - None
2026-06-02 14:45:43.683 - [robot_6_log_20260602_144504.csv] - WARNING - Estado FSM: ESPERANDO_GIRO | Target Wall: None | Target Theta: 10.08° |theta: 139.6871104528947 
2026-06-02 14:45:43.733 - [robot_6_log_20260602_144504.csv] - INFO - Usando posición VISION: x=98.71, y=123.64, θ=2.44
2026-06-02 14:45:43.733 - [robot_6_log_20260602_144504.csv] - INFO - Distancias a paredes: Left: 98.71, Right: 351.29, Top: 16.36, Bottom: 123.64
2026-06-02 14:45:43.733 - [robot_6_log_20260602_144504.csv] - INFO - Posicion: 98.71, 123.64, 2.438 | Velocidad: -0.6469613368505397, -0.7625228053117904
2026-06-02 14:45:43.733 - [robot_6_log_20260602_144504.csv] - INFO - None
2026-06-02 14:45:43.733 - [robot_6_log_20260602_144504.csv] - WARNING - Estado FSM: ESPERANDO_GIRO | Target Wall: None | Target Theta: 10.08° |theta: 139.6871104528947 
2026-06-02 14:45:43.781 - [robot_6_log_20260602_144504.csv] - DEBUG - Incoming data. Topic agent/6/wheel, mensaje {"Wleft":-9.672818e-15,"Wright":-1.669775429e-14}
2026-06-02 14:45:43.783 - [robot_6_log_20260602_144504.csv] - INFO - Usando posición VISION: x=98.71, y=123.64, θ=2.44
2026-06-02 14:45:43.783 - [robot_6_log_20260602_144504.csv] - INFO - Distancias a paredes: Left: 98.71, Right: 351.29, Top: 16.36, Bottom: 123.64
2026-06-02 14:45:43.783 - [robot_6_log_20260602_144504.csv] - INFO - Posicion: 98.71, 123.64, 2.438 | Velocidad: -0.6469613368505397, -0.7625228053117904
2026-06-02 14:45:43.783 - [robot_6_log_20260602_144504.csv] - INFO - None
2026-06-02 14:45:43.783 - [robot_6_log_20260602_144504.csv] - WARNING - Estado FSM: ESPERANDO_GIRO | Target Wall: None | Target Theta: 10.08° |theta: 139.6871104528947 
2026-06-02 14:45:43.789 - [robot_6_log_20260602_144504.csv] - DEBUG - Incoming data. Topic 6/pos, mensaje {"x": 98.7, "y": 123.64, "yaw": 2.434, "timestamp": 1780404343.7861466}
2026-06-02 14:45:43.789 - [robot_6_log_20260602_144504.csv] - DEBUG - Posición actualizada por visión: x=98.70, y=123.64, θ=2.43
2026-06-02 14:45:43.794 - [robot_6_log_20260602_144504.csv] - DEBUG - Frecuencia: 3.33 Hz | Latencia Red/Proc: 8.25 ms
2026-06-02 14:45:43.799 - [robot_6_log_20260602_144504.csv] - DEBUG - Incoming data. Topic 6/pos, mensaje {"x": 98.7, "y": 123.64, "yaw": 2.434, "timestamp": 1780404343.7861466}
2026-06-02 14:45:43.799 - [robot_6_log_20260602_144504.csv] - DEBUG - Posición actualizada por visión: x=98.70, y=123.64, θ=2.43
2026-06-02 14:45:43.799 - [robot_6_log_20260602_144504.csv] - DEBUG - Frecuencia: 188.16 Hz | Latencia Red/Proc: 13.57 ms
2026-06-02 14:45:43.799 - [robot_6_log_20260602_144504.csv] - DEBUG - Incoming data. Topic 6/pos, mensaje {"x": 98.7, "y": 123.64, "yaw": 2.434, "timestamp": 1780404343.7979236}
2026-06-02 14:45:43.799 - [robot_6_log_20260602_144504.csv] - DEBUG - Posición actualizada por visión: x=98.70, y=123.64, θ=2.43
2026-06-02 14:45:43.799 - [robot_6_log_20260602_144504.csv] - DEBUG - Frecuencia: 11397.57 Hz | Latencia Red/Proc: 1.88 ms
2026-06-02 14:45:43.799 - [robot_6_log_20260602_144504.csv] - DEBUG - Incoming data. Topic 6/pos, mensaje {"x": 98.7, "y": 123.64, "yaw": 2.434, "timestamp": 1780404343.7979236}
2026-06-02 14:45:43.799 - [robot_6_log_20260602_144504.csv] - DEBUG - Posición actualizada por visión: x=98.70, y=123.64, θ=2.43
2026-06-02 14:45:43.804 - [robot_6_log_20260602_144504.csv] - DEBUG - Frecuencia: 194.45 Hz | Latencia Red/Proc: 7.02 ms
2026-06-02 14:45:43.833 - [robot_6_log_20260602_144504.csv] - INFO - Usando posición VISION: x=98.70, y=123.64, θ=2.43
2026-06-02 14:45:43.833 - [robot_6_log_20260602_144504.csv] - INFO - Distancias a paredes: Left: 98.70, Right: 351.30, Top: 16.36, Bottom: 123.64
2026-06-02 14:45:43.833 - [robot_6_log_20260602_144504.csv] - INFO - Posicion: 98.7, 123.64, 2.434 | Velocidad: -0.6500062442544229, -0.7599288666909947
2026-06-02 14:45:43.833 - [robot_6_log_20260602_144504.csv] - INFO - None
2026-06-02 14:45:43.833 - [robot_6_log_20260602_144504.csv] - WARNING - Estado FSM: ESPERANDO_GIRO | Target Wall: None | Target Theta: 10.08° |theta: 139.4579273348424 
2026-06-02 14:45:43.844 - [robot_6_log_20260602_144504.csv] - DEBUG - Incoming data. Topic agent/6/wheel, mensaje {"Wleft":-9.672818e-15,"Wright":-1.669775429e-14}
2026-06-02 14:45:43.883 - [robot_6_log_20260602_144504.csv] - INFO - Usando posición VISION: x=98.70, y=123.64, θ=2.43
2026-06-02 14:45:43.883 - [robot_6_log_20260602_144504.csv] - INFO - Distancias a paredes: Left: 98.70, Right: 351.30, Top: 16.36, Bottom: 123.64
2026-06-02 14:45:43.883 - [robot_6_log_20260602_144504.csv] - INFO - Posicion: 98.7, 123.64, 2.434 | Velocidad: -0.6500062442544229, -0.7599288666909947
2026-06-02 14:45:43.883 - [robot_6_log_20260602_144504.csv] - INFO - None
2026-06-02 14:45:43.883 - [robot_6_log_20260602_144504.csv] - WARNING - Estado FSM: ESPERANDO_GIRO | Target Wall: None | Target Theta: 10.08° |theta: 139.4579273348424 
2026-06-02 14:45:43.933 - [robot_6_log_20260602_144504.csv] - INFO - Usando posición VISION: x=98.70, y=123.64, θ=2.43
2026-06-02 14:45:43.933 - [robot_6_log_20260602_144504.csv] - INFO - Distancias a paredes: Left: 98.70, Right: 351.30, Top: 16.36, Bottom: 123.64
2026-06-02 14:45:43.933 - [robot_6_log_20260602_144504.csv] - INFO - Posicion: 98.7, 123.64, 2.434 | Velocidad: -0.6500062442544229, -0.7599288666909947
2026-06-02 14:45:43.933 - [robot_6_log_20260602_144504.csv] - INFO - None
2026-06-02 14:45:43.933 - [robot_6_log_20260602_144504.csv] - WARNING - Estado FSM: ESPERANDO_GIRO | Target Wall: None | Target Theta: 10.08° |theta: 139.4579273348424 
2026-06-02 14:45:43.957 - [robot_6_log_20260602_144504.csv] - DEBUG - Incoming data. Topic agent/6/wheel, mensaje {"Wleft":-9.672818e-15,"Wright":-1.669775429e-14}
2026-06-02 14:45:43.983 - [robot_6_log_20260602_144504.csv] - INFO - Usando posición VISION: x=98.70, y=123.64, θ=2.43
2026-06-02 14:45:43.983 - [robot_6_log_20260602_144504.csv] - INFO - Distancias a paredes: Left: 98.70, Right: 351.30, Top: 16.36, Bottom: 123.64
2026-06-02 14:45:43.983 - [robot_6_log_20260602_144504.csv] - INFO - Posicion: 98.7, 123.64, 2.434 | Velocidad: -0.6500062442544229, -0.7599288666909947
2026-06-02 14:45:43.983 - [robot_6_log_20260602_144504.csv] - INFO - None
2026-06-02 14:45:43.983 - [robot_6_log_20260602_144504.csv] - WARNING - Estado FSM: ESPERANDO_GIRO | Target Wall: None | Target Theta: 10.08° |theta: 139.4579273348424 
2026-06-02 14:45:43.993 - [robot_6_log_20260602_144504.csv] - DEBUG - Incoming data. Topic 6/pos, mensaje {"x": 98.71, "y": 123.62, "yaw": 2.435, "timestamp": 1780404343.9857953}
2026-06-02 14:45:43.998 - [robot_6_log_20260602_144504.csv] - DEBUG - Posición actualizada por visión: x=98.71, y=123.62, θ=2.44
2026-06-02 14:45:44.003 - [robot_6_log_20260602_144504.csv] - DEBUG - Frecuencia: 5.03 Hz | Latencia Red/Proc: 17.88 ms
2026-06-02 14:45:44.009 - [robot_6_log_20260602_144504.csv] - DEBUG - Incoming data. Topic 6/pos, mensaje {"x": 98.71, "y": 123.62, "yaw": 2.435, "timestamp": 1780404343.9857953}
2026-06-02 14:45:44.009 - [robot_6_log_20260602_144504.csv] - DEBUG - Posición actualizada por visión: x=98.71, y=123.62, θ=2.44
2026-06-02 14:45:44.009 - [robot_6_log_20260602_144504.csv] - DEBUG - Frecuencia: 159.88 Hz | Latencia Red/Proc: 24.14 ms
2026-06-02 14:45:44.015 - [robot_6_log_20260602_144504.csv] - DEBUG - Incoming data. Topic 6/pos, mensaje {"x": 98.71, "y": 123.62, "yaw": 2.435, "timestamp": 1780404343.9982288}
2026-06-02 14:45:44.015 - [robot_6_log_20260602_144504.csv] - DEBUG - Posición actualizada por visión: x=98.71, y=123.62, θ=2.44
2026-06-02 14:45:44.015 - [robot_6_log_20260602_144504.csv] - DEBUG - Frecuencia: 193.97 Hz | Latencia Red/Proc: 16.86 ms
2026-06-02 14:45:44.020 - [robot_6_log_20260602_144504.csv] - DEBUG - Incoming data. Topic 6/pos, mensaje {"x": 98.71, "y": 123.62, "yaw": 2.435, "timestamp": 1780404343.9982288}
2026-06-02 14:45:44.025 - [robot_6_log_20260602_144504.csv] - DEBUG - Posición actualizada por visión: x=98.71, y=123.62, θ=2.44
2026-06-02 14:45:44.030 - [robot_6_log_20260602_144504.csv] - DEBUG - Frecuencia: 65.21 Hz | Latencia Red/Proc: 32.20 ms
2026-06-02 14:45:44.033 - [robot_6_log_20260602_144504.csv] - INFO - Usando posición VISION: x=98.71, y=123.62, θ=2.44
2026-06-02 14:45:44.033 - [robot_6_log_20260602_144504.csv] - INFO - Distancias a paredes: Left: 98.71, Right: 351.29, Top: 16.38, Bottom: 123.62
2026-06-02 14:45:44.033 - [robot_6_log_20260602_144504.csv] - INFO - Posicion: 98.71, 123.62, 2.435 | Velocidad: -0.6492459905112917, -0.760578492862513
2026-06-02 14:45:44.033 - [robot_6_log_20260602_144504.csv] - INFO - None
2026-06-02 14:45:44.033 - [robot_6_log_20260602_144504.csv] - WARNING - Estado FSM: ESPERANDO_GIRO | Target Wall: None | Target Theta: 10.08° |theta: 139.51522311435545 
2026-06-02 14:45:44.045 - [robot_6_log_20260602_144504.csv] - DEBUG - Incoming data. Topic agent/6/wheel, mensaje {"Wleft":-9.672818e-15,"Wright":-1.669775429e-14}
2026-06-02 14:45:44.083 - [robot_6_log_20260602_144504.csv] - INFO - Usando posición VISION: x=98.71, y=123.62, θ=2.44
2026-06-02 14:45:44.083 - [robot_6_log_20260602_144504.csv] - INFO - Distancias a paredes: Left: 98.71, Right: 351.29, Top: 16.38, Bottom: 123.62
2026-06-02 14:45:44.083 - [robot_6_log_20260602_144504.csv] - INFO - Posicion: 98.71, 123.62, 2.435 | Velocidad: -0.6492459905112917, -0.760578492862513
2026-06-02 14:45:44.083 - [robot_6_log_20260602_144504.csv] - INFO - None
2026-06-02 14:45:44.083 - [robot_6_log_20260602_144504.csv] - WARNING - Estado FSM: ESPERANDO_GIRO | Target Wall: None | Target Theta: 10.08° |theta: 139.51522311435545 
2026-06-02 14:45:44.088 - [robot_6_log_20260602_144504.csv] - DEBUG - Incoming data. Topic 6/pos, mensaje {"x": 98.72, "y": 123.6, "yaw": 2.439, "timestamp": 1780404344.0833457}
2026-06-02 14:45:44.094 - [robot_6_log_20260602_144504.csv] - DEBUG - Posición actualizada por visión: x=98.72, y=123.60, θ=2.44
2026-06-02 14:45:44.099 - [robot_6_log_20260602_144504.csv] - DEBUG - Frecuencia: 14.52 Hz | Latencia Red/Proc: 15.93 ms
2026-06-02 14:45:44.115 - [robot_6_log_20260602_144504.csv] - DEBUG - Incoming data. Topic 6/pos, mensaje {"x": 98.72, "y": 123.6, "yaw": 2.439, "timestamp": 1780404344.0833457}
2026-06-02 14:45:44.120 - [robot_6_log_20260602_144504.csv] - DEBUG - Posición actualizada por visión: x=98.72, y=123.60, θ=2.44
2026-06-02 14:45:44.126 - [robot_6_log_20260602_144504.csv] - DEBUG - Frecuencia: 37.37 Hz | Latencia Red/Proc: 42.68 ms
2026-06-02 14:45:44.133 - [robot_6_log_20260602_144504.csv] - INFO - Usando posición VISION: x=98.72, y=123.60, θ=2.44
2026-06-02 14:45:44.133 - [robot_6_log_20260602_144504.csv] - INFO - Distancias a paredes: Left: 98.72, Right: 351.28, Top: 16.40, Bottom: 123.60
2026-06-02 14:45:44.133 - [robot_6_log_20260602_144504.csv] - INFO - Posicion: 98.72, 123.6, 2.439 | Velocidad: -0.6461984906916737, -0.7631693852794431
2026-06-02 14:45:44.133 - [robot_6_log_20260602_144504.csv] - INFO - None
2026-06-02 14:45:44.133 - [robot_6_log_20260602_144504.csv] - WARNING - Estado FSM: ESPERANDO_GIRO | Target Wall: None | Target Theta: 10.08° |theta: 139.74440623240778 
2026-06-02 14:45:44.138 - [robot_6_log_20260602_144504.csv] - DEBUG - Incoming data. Topic 6/pos, mensaje {"x": 98.72, "y": 123.6, "yaw": 2.439, "timestamp": 1780404344.0932496}
2026-06-02 14:45:44.143 - [robot_6_log_20260602_144504.csv] - DEBUG - Posición actualizada por visión: x=98.72, y=123.60, θ=2.44
2026-06-02 14:45:44.148 - [robot_6_log_20260602_144504.csv] - DEBUG - Frecuencia: 44.04 Hz | Latencia Red/Proc: 55.49 ms
2026-06-02 14:45:44.148 - [robot_6_log_20260602_144504.csv] - DEBUG - Incoming data. Topic 6/pos, mensaje {"x": 98.72, "y": 123.6, "yaw": 2.439, "timestamp": 1780404344.0932496}
2026-06-02 14:45:44.148 - [robot_6_log_20260602_144504.csv] - DEBUG - Posición actualizada por visión: x=98.72, y=123.60, θ=2.44
2026-06-02 14:45:44.148 - [robot_6_log_20260602_144504.csv] - DEBUG - Frecuencia: 8456.26 Hz | Latencia Red/Proc: 55.60 ms
2026-06-02 14:45:44.153 - [robot_6_log_20260602_144504.csv] - DEBUG - Incoming data. Topic agent/6/wheel, mensaje {"Wleft":-9.672818e-15,"Wright":-1.669775429e-14}
2026-06-02 14:45:44.183 - [robot_6_log_20260602_144504.csv] - INFO - Usando posición VISION: x=98.72, y=123.60, θ=2.44
2026-06-02 14:45:44.183 - [robot_6_log_20260602_144504.csv] - INFO - Distancias a paredes: Left: 98.72, Right: 351.28, Top: 16.40, Bottom: 123.60
2026-06-02 14:45:44.183 - [robot_6_log_20260602_144504.csv] - INFO - Posicion: 98.72, 123.6, 2.439 | Velocidad: -0.6461984906916737, -0.7631693852794431
2026-06-02 14:45:44.183 - [robot_6_log_20260602_144504.csv] - INFO - None
2026-06-02 14:45:44.183 - [robot_6_log_20260602_144504.csv] - WARNING - Estado FSM: ESPERANDO_GIRO | Target Wall: None | Target Theta: 10.08° |theta: 139.74440623240778 
2026-06-02 14:45:44.189 - [robot_6_log_20260602_144504.csv] - DEBUG - Incoming data. Topic 6/pos, mensaje {"x": 98.7, "y": 123.64, "yaw": 2.434, "timestamp": 1780404344.186422}
2026-06-02 14:45:44.194 - [robot_6_log_20260602_144504.csv] - DEBUG - Posición actualizada por visión: x=98.70, y=123.64, θ=2.43
2026-06-02 14:45:44.200 - [robot_6_log_20260602_144504.csv] - DEBUG - Frecuencia: 19.22 Hz | Latencia Red/Proc: 14.47 ms
2026-06-02 14:45:44.200 - [robot_6_log_20260602_144504.csv] - DEBUG - Incoming data. Topic 6/pos, mensaje {"x": 98.7, "y": 123.64, "yaw": 2.434, "timestamp": 1780404344.186422}
2026-06-02 14:45:44.200 - [robot_6_log_20260602_144504.csv] - DEBUG - Posición actualizada por visión: x=98.70, y=123.64, θ=2.43
2026-06-02 14:45:44.201 - [robot_6_log_20260602_144504.csv] - DEBUG - Frecuencia: 8774.69 Hz | Latencia Red/Proc: 14.59 ms
2026-06-02 14:45:44.201 - [robot_6_log_20260602_144504.csv] - DEBUG - Incoming data. Topic 6/pos, mensaje {"x": 98.7, "y": 123.64, "yaw": 2.434, "timestamp": 1780404344.1967173}
2026-06-02 14:45:44.201 - [robot_6_log_20260602_144504.csv] - DEBUG - Posición actualizada por visión: x=98.70, y=123.64, θ=2.43
2026-06-02 14:45:44.201 - [robot_6_log_20260602_144504.csv] - DEBUG - Frecuencia: 27776.85 Hz | Latencia Red/Proc: 4.33 ms
2026-06-02 14:45:44.201 - [robot_6_log_20260602_144504.csv] - DEBUG - Incoming data. Topic 6/pos, mensaje {"x": 98.7, "y": 123.64, "yaw": 2.434, "timestamp": 1780404344.1967173}
2026-06-02 14:45:44.201 - [robot_6_log_20260602_144504.csv] - DEBUG - Posición actualizada por visión: x=98.70, y=123.64, θ=2.43
2026-06-02 14:45:44.201 - [robot_6_log_20260602_144504.csv] - DEBUG - Frecuencia: 31536.12 Hz | Latencia Red/Proc: 4.36 ms
2026-06-02 14:45:44.233 - [robot_6_log_20260602_144504.csv] - INFO - Usando posición VISION: x=98.70, y=123.64, θ=2.43
2026-06-02 14:45:44.233 - [robot_6_log_20260602_144504.csv] - INFO - Distancias a paredes: Left: 98.70, Right: 351.30, Top: 16.36, Bottom: 123.64
2026-06-02 14:45:44.233 - [robot_6_log_20260602_144504.csv] - INFO - Posicion: 98.7, 123.64, 2.434 | Velocidad: -0.6500062442544229, -0.7599288666909947
2026-06-02 14:45:44.233 - [robot_6_log_20260602_144504.csv] - INFO - None
2026-06-02 14:45:44.233 - [robot_6_log_20260602_144504.csv] - WARNING - Estado FSM: ESPERANDO_GIRO | Target Wall: None | Target Theta: 10.08° |theta: 139.4579273348424 
2026-06-02 14:45:44.269 - [robot_6_log_20260602_144504.csv] - DEBUG - Incoming data. Topic agent/6/wheel, mensaje {"Wleft":-9.672818e-15,"Wright":-1.669775429e-14}
2026-06-02 14:45:44.283 - [robot_6_log_20260602_144504.csv] - INFO - Usando posición VISION: x=98.70, y=123.64, θ=2.43
2026-06-02 14:45:44.283 - [robot_6_log_20260602_144504.csv] - INFO - Distancias a paredes: Left: 98.70, Right: 351.30, Top: 16.36, Bottom: 123.64
2026-06-02 14:45:44.283 - [robot_6_log_20260602_144504.csv] - INFO - Posicion: 98.7, 123.64, 2.434 | Velocidad: -0.6500062442544229, -0.7599288666909947
2026-06-02 14:45:44.283 - [robot_6_log_20260602_144504.csv] - INFO - None
2026-06-02 14:45:44.283 - [robot_6_log_20260602_144504.csv] - WARNING - Estado FSM: ESPERANDO_GIRO | Target Wall: None | Target Theta: 10.08° |theta: 139.4579273348424 
2026-06-02 14:45:44.288 - [robot_6_log_20260602_144504.csv] - DEBUG - Incoming data. Topic 6/pos, mensaje {"x": 98.71, "y": 123.64, "yaw": 2.438, "timestamp": 1780404344.2869568}
2026-06-02 14:45:44.304 - [robot_6_log_20260602_144504.csv] - DEBUG - Posición actualizada por visión: x=98.71, y=123.64, θ=2.44
2026-06-02 14:45:44.304 - [robot_6_log_20260602_144504.csv] - DEBUG - Frecuencia: 9.71 Hz | Latencia Red/Proc: 17.15 ms
2026-06-02 14:45:44.304 - [robot_6_log_20260602_144504.csv] - DEBUG - Incoming data. Topic 6/pos, mensaje {"x": 98.71, "y": 123.64, "yaw": 2.438, "timestamp": 1780404344.2869568}
2026-06-02 14:45:44.304 - [robot_6_log_20260602_144504.csv] - DEBUG - Posición actualizada por visión: x=98.71, y=123.64, θ=2.44
2026-06-02 14:45:44.304 - [robot_6_log_20260602_144504.csv] - DEBUG - Frecuencia: 9320.68 Hz | Latencia Red/Proc: 17.26 ms
2026-06-02 14:45:44.304 - [robot_6_log_20260602_144504.csv] - DEBUG - Incoming data. Topic 6/pos, mensaje {"x": 98.71, "y": 123.64, "yaw": 2.438, "timestamp": 1780404344.298908}
2026-06-02 14:45:44.304 - [robot_6_log_20260602_144504.csv] - DEBUG - Posición actualizada por visión: x=98.71, y=123.64, θ=2.44
2026-06-02 14:45:44.304 - [robot_6_log_20260602_144504.csv] - DEBUG - Frecuencia: 12018.06 Hz | Latencia Red/Proc: 5.39 ms
2026-06-02 14:45:44.304 - [robot_6_log_20260602_144504.csv] - DEBUG - Incoming data. Topic 6/pos, mensaje {"x": 98.71, "y": 123.64, "yaw": 2.438, "timestamp": 1780404344.298908}
2026-06-02 14:45:44.309 - [robot_6_log_20260602_144504.csv] - DEBUG - Posición actualizada por visión: x=98.71, y=123.64, θ=2.44
2026-06-02 14:45:44.315 - [robot_6_log_20260602_144504.csv] - DEBUG - Frecuencia: 88.52 Hz | Latencia Red/Proc: 16.69 ms
2026-06-02 14:45:44.333 - [robot_6_log_20260602_144504.csv] - INFO - Usando posición VISION: x=98.71, y=123.64, θ=2.44
2026-06-02 14:45:44.333 - [robot_6_log_20260602_144504.csv] - INFO - Distancias a paredes: Left: 98.71, Right: 351.29, Top: 16.36, Bottom: 123.64
2026-06-02 14:45:44.333 - [robot_6_log_20260602_144504.csv] - INFO - Posicion: 98.71, 123.64, 2.438 | Velocidad: -0.6469613368505397, -0.7625228053117904
2026-06-02 14:45:44.333 - [robot_6_log_20260602_144504.csv] - INFO - None
2026-06-02 14:45:44.333 - [robot_6_log_20260602_144504.csv] - WARNING - Estado FSM: ESPERANDO_GIRO | Target Wall: None | Target Theta: 10.08° |theta: 139.6871104528947 
2026-06-02 14:45:44.350 - [robot_6_log_20260602_144504.csv] - DEBUG - Incoming data. Topic agent/6/wheel, mensaje {"Wleft":-9.672818e-15,"Wright":-1.669775429e-14}
2026-06-02 14:45:44.383 - [robot_6_log_20260602_144504.csv] - INFO - Usando posición VISION: x=98.71, y=123.64, θ=2.44
2026-06-02 14:45:44.383 - [robot_6_log_20260602_144504.csv] - INFO - Distancias a paredes: Left: 98.71, Right: 351.29, Top: 16.36, Bottom: 123.64
2026-06-02 14:45:44.383 - [robot_6_log_20260602_144504.csv] - INFO - Posicion: 98.71, 123.64, 2.438 | Velocidad: -0.6469613368505397, -0.7625228053117904
2026-06-02 14:45:44.383 - [robot_6_log_20260602_144504.csv] - INFO - None
2026-06-02 14:45:44.383 - [robot_6_log_20260602_144504.csv] - WARNING - Estado FSM: ESPERANDO_GIRO | Target Wall: None | Target Theta: 10.08° |theta: 139.6871104528947 
2026-06-02 14:45:44.395 - [robot_6_log_20260602_144504.csv] - DEBUG - Incoming data. Topic 6/pos, mensaje {"x": 98.71, "y": 123.62, "yaw": 2.441, "timestamp": 1780404344.3872924}
2026-06-02 14:45:44.400 - [robot_6_log_20260602_144504.csv] - DEBUG - Posición actualizada por visión: x=98.71, y=123.62, θ=2.44
2026-06-02 14:45:44.400 - [robot_6_log_20260602_144504.csv] - DEBUG - Frecuencia: 11.74 Hz | Latencia Red/Proc: 13.52 ms
2026-06-02 14:45:44.400 - [robot_6_log_20260602_144504.csv] - DEBUG - Incoming data. Topic 6/pos, mensaje {"x": 98.71, "y": 123.62, "yaw": 2.441, "timestamp": 1780404344.3872924}
2026-06-02 14:45:44.400 - [robot_6_log_20260602_144504.csv] - DEBUG - Posición actualizada por visión: x=98.71, y=123.62, θ=2.44
2026-06-02 14:45:44.400 - [robot_6_log_20260602_144504.csv] - DEBUG - Frecuencia: 9664.29 Hz | Latencia Red/Proc: 13.62 ms
2026-06-02 14:45:44.400 - [robot_6_log_20260602_144504.csv] - DEBUG - Incoming data. Topic 6/pos, mensaje {"x": 98.71, "y": 123.62, "yaw": 2.441, "timestamp": 1780404344.3992937}
2026-06-02 14:45:44.406 - [robot_6_log_20260602_144504.csv] - DEBUG - Posición actualizada por visión: x=98.71, y=123.62, θ=2.44
2026-06-02 14:45:44.412 - [robot_6_log_20260602_144504.csv] - DEBUG - Frecuencia: 88.47 Hz | Latencia Red/Proc: 12.92 ms
2026-06-02 14:45:44.417 - [robot_6_log_20260602_144504.csv] - DEBUG - Incoming data. Topic 6/pos, mensaje {"x": 98.71, "y": 123.62, "yaw": 2.441, "timestamp": 1780404344.3992937}
2026-06-02 14:45:44.422 - [robot_6_log_20260602_144504.csv] - DEBUG - Posición actualizada por visión: x=98.71, y=123.62, θ=2.44
2026-06-02 14:45:44.422 - [robot_6_log_20260602_144504.csv] - DEBUG - Frecuencia: 94.78 Hz | Latencia Red/Proc: 23.47 ms
2026-06-02 14:45:44.433 - [robot_6_log_20260602_144504.csv] - INFO - Usando posición VISION: x=98.71, y=123.62, θ=2.44
2026-06-02 14:45:44.433 - [robot_6_log_20260602_144504.csv] - INFO - Distancias a paredes: Left: 98.71, Right: 351.29, Top: 16.38, Bottom: 123.62
2026-06-02 14:45:44.433 - [robot_6_log_20260602_144504.csv] - INFO - Posicion: 98.71, 123.62, 2.441 | Velocidad: -0.6446708605421233, -0.7644602550609667
2026-06-02 14:45:44.433 - [robot_6_log_20260602_144504.csv] - INFO - None
2026-06-02 14:45:44.433 - [robot_6_log_20260602_144504.csv] - WARNING - Estado FSM: ESPERANDO_GIRO | Target Wall: None | Target Theta: 10.08° |theta: 139.85899779143395 
2026-06-02 14:45:44.475 - [robot_6_log_20260602_144504.csv] - DEBUG - Incoming data. Topic agent/6/wheel, mensaje {"Wleft":-9.672818e-15,"Wright":-1.669775429e-14}
2026-06-02 14:45:44.483 - [robot_6_log_20260602_144504.csv] - INFO - Usando posición VISION: x=98.71, y=123.62, θ=2.44
2026-06-02 14:45:44.483 - [robot_6_log_20260602_144504.csv] - INFO - Distancias a paredes: Left: 98.71, Right: 351.29, Top: 16.38, Bottom: 123.62
2026-06-02 14:45:44.483 - [robot_6_log_20260602_144504.csv] - INFO - Posicion: 98.71, 123.62, 2.441 | Velocidad: -0.6446708605421233, -0.7644602550609667
2026-06-02 14:45:44.483 - [robot_6_log_20260602_144504.csv] - INFO - None
2026-06-02 14:45:44.483 - [robot_6_log_20260602_144504.csv] - WARNING - Estado FSM: ESPERANDO_GIRO | Target Wall: None | Target Theta: 10.08° |theta: 139.85899779143395 
2026-06-02 14:45:44.504 - [robot_6_log_20260602_144504.csv] - DEBUG - Incoming data. Topic 6/pos, mensaje {"x": 98.71, "y": 123.61, "yaw": 2.442, "timestamp": 1780404344.4865465}
2026-06-02 14:45:44.509 - [robot_6_log_20260602_144504.csv] - DEBUG - Posición actualizada por visión: x=98.71, y=123.61, θ=2.44
2026-06-02 14:45:44.509 - [robot_6_log_20260602_144504.csv] - DEBUG - Frecuencia: 11.57 Hz | Latencia Red/Proc: 22.68 ms
2026-06-02 14:45:44.509 - [robot_6_log_20260602_144504.csv] - DEBUG - Incoming data. Topic 6/pos, mensaje {"x": 98.71, "y": 123.61, "yaw": 2.442, "timestamp": 1780404344.4865465}
2026-06-02 14:45:44.509 - [robot_6_log_20260602_144504.csv] - DEBUG - Posición actualizada por visión: x=98.71, y=123.61, θ=2.44
2026-06-02 14:45:44.514 - [robot_6_log_20260602_144504.csv] - DEBUG - Frecuencia: 193.67 Hz | Latencia Red/Proc: 27.84 ms
2026-06-02 14:45:44.524 - [robot_6_log_20260602_144504.csv] - DEBUG - Incoming data. Topic 6/pos, mensaje {"x": 98.71, "y": 123.61, "yaw": 2.442, "timestamp": 1780404344.4984999}
2026-06-02 14:45:44.529 - [robot_6_log_20260602_144504.csv] - DEBUG - Posición actualizada por visión: x=98.71, y=123.61, θ=2.44
2026-06-02 14:45:44.533 - [robot_6_log_20260602_144504.csv] - INFO - Usando posición VISION: x=98.71, y=123.61, θ=2.44
2026-06-02 14:45:44.533 - [robot_6_log_20260602_144504.csv] - INFO - Distancias a paredes: Left: 98.71, Right: 351.29, Top: 16.39, Bottom: 123.61
2026-06-02 14:45:44.533 - [robot_6_log_20260602_144504.csv] - INFO - Posicion: 98.71, 123.61, 2.442 | Velocidad: -0.6439060780790687, -0.7651045435839682
2026-06-02 14:45:44.533 - [robot_6_log_20260602_144504.csv] - INFO - None
2026-06-02 14:45:44.533 - [robot_6_log_20260602_144504.csv] - DEBUG - Frecuencia: 53.45 Hz | Latencia Red/Proc: 34.60 ms
2026-06-02 14:45:44.533 - [robot_6_log_20260602_144504.csv] - WARNING - Estado FSM: ESPERANDO_GIRO | Target Wall: None | Target Theta: 10.08° |theta: 139.91629357094703 
2026-06-02 14:45:44.533 - [robot_6_log_20260602_144504.csv] - DEBUG - Incoming data. Topic 6/pos, mensaje {"x": 98.71, "y": 123.61, "yaw": 2.442, "timestamp": 1780404344.4984999}
2026-06-02 14:45:44.538 - [robot_6_log_20260602_144504.csv] - DEBUG - Posición actualizada por visión: x=98.71, y=123.61, θ=2.44
2026-06-02 14:45:44.543 - [robot_6_log_20260602_144504.csv] - DEBUG - Frecuencia: 95.51 Hz | Latencia Red/Proc: 45.07 ms
2026-06-02 14:45:44.554 - [robot_6_log_20260602_144504.csv] - DEBUG - Incoming data. Topic agent/6/wheel, mensaje {"Wleft":-9.672818e-15,"Wright":-1.669775429e-14}
2026-06-02 14:45:44.583 - [robot_6_log_20260602_144504.csv] - INFO - Usando posición VISION: x=98.71, y=123.61, θ=2.44
2026-06-02 14:45:44.583 - [robot_6_log_20260602_144504.csv] - INFO - Distancias a paredes: Left: 98.71, Right: 351.29, Top: 16.39, Bottom: 123.61
2026-06-02 14:45:44.583 - [robot_6_log_20260602_144504.csv] - INFO - Posicion: 98.71, 123.61, 2.442 | Velocidad: -0.6439060780790687, -0.7651045435839682
2026-06-02 14:45:44.583 - [robot_6_log_20260602_144504.csv] - INFO - None
2026-06-02 14:45:44.583 - [robot_6_log_20260602_144504.csv] - WARNING - Estado FSM: ESPERANDO_GIRO | Target Wall: None | Target Theta: 10.08° |theta: 139.91629357094703 
2026-06-02 14:45:44.593 - [robot_6_log_20260602_144504.csv] - DEBUG - Incoming data. Topic 6/pos, mensaje {"x": 98.71, "y": 123.63, "yaw": 2.439, "timestamp": 1780404344.585981}
2026-06-02 14:45:44.593 - [robot_6_log_20260602_144504.csv] - DEBUG - Posición actualizada por visión: x=98.71, y=123.63, θ=2.44
2026-06-02 14:45:44.593 - [robot_6_log_20260602_144504.csv] - DEBUG - Frecuencia: 19.97 Hz | Latencia Red/Proc: 7.65 ms
2026-06-02 14:45:44.593 - [robot_6_log_20260602_144504.csv] - DEBUG - Incoming data. Topic 6/pos, mensaje {"x": 98.71, "y": 123.63, "yaw": 2.439, "timestamp": 1780404344.585981}
2026-06-02 14:45:44.593 - [robot_6_log_20260602_144504.csv] - DEBUG - Posición actualizada por visión: x=98.71, y=123.63, θ=2.44
2026-06-02 14:45:44.593 - [robot_6_log_20260602_144504.csv] - DEBUG - Frecuencia: 15477.14 Hz | Latencia Red/Proc: 7.72 ms
2026-06-02 14:45:44.599 - [robot_6_log_20260602_144504.csv] - DEBUG - Incoming data. Topic 6/pos, mensaje {"x": 98.71, "y": 123.63, "yaw": 2.439, "timestamp": 1780404344.5955229}
2026-06-02 14:45:44.605 - [robot_6_log_20260602_144504.csv] - DEBUG - Posición actualizada por visión: x=98.71, y=123.63, θ=2.44
2026-06-02 14:45:44.610 - [robot_6_log_20260602_144504.csv] - DEBUG - Frecuencia: 60.08 Hz | Latencia Red/Proc: 14.82 ms
2026-06-02 14:45:44.615 - [robot_6_log_20260602_144504.csv] - DEBUG - Incoming data. Topic 6/pos, mensaje {"x": 98.71, "y": 123.63, "yaw": 2.439, "timestamp": 1780404344.5955229}
2026-06-02 14:45:44.620 - [robot_6_log_20260602_144504.csv] - DEBUG - Posición actualizada por visión: x=98.71, y=123.63, θ=2.44
2026-06-02 14:45:44.626 - [robot_6_log_20260602_144504.csv] - DEBUG - Frecuencia: 63.02 Hz | Latencia Red/Proc: 30.69 ms
2026-06-02 14:45:44.633 - [robot_6_log_20260602_144504.csv] - INFO - Usando posición VISION: x=98.71, y=123.63, θ=2.44
2026-06-02 14:45:44.633 - [robot_6_log_20260602_144504.csv] - INFO - Distancias a paredes: Left: 98.71, Right: 351.29, Top: 16.37, Bottom: 123.63
2026-06-02 14:45:44.633 - [robot_6_log_20260602_144504.csv] - INFO - Posicion: 98.71, 123.63, 2.439 | Velocidad: -0.6461984906916737, -0.7631693852794431
2026-06-02 14:45:44.633 - [robot_6_log_20260602_144504.csv] - INFO - None
2026-06-02 14:45:44.633 - [robot_6_log_20260602_144504.csv] - WARNING - Estado FSM: ESPERANDO_GIRO | Target Wall: None | Target Theta: 10.08° |theta: 139.74440623240778 
2026-06-02 14:45:44.644 - [robot_6_log_20260602_144504.csv] - DEBUG - Incoming data. Topic agent/6/wheel, mensaje {"Wleft":-9.672818e-15,"Wright":-1.669775429e-14}
2026-06-02 14:45:44.683 - [robot_6_log_20260602_144504.csv] - INFO - Usando posición VISION: x=98.71, y=123.63, θ=2.44
2026-06-02 14:45:44.683 - [robot_6_log_20260602_144504.csv] - INFO - Distancias a paredes: Left: 98.71, Right: 351.29, Top: 16.37, Bottom: 123.63
2026-06-02 14:45:44.683 - [robot_6_log_20260602_144504.csv] - INFO - Posicion: 98.71, 123.63, 2.439 | Velocidad: -0.6461984906916737, -0.7631693852794431
2026-06-02 14:45:44.683 - [robot_6_log_20260602_144504.csv] - INFO - None
2026-06-02 14:45:44.683 - [robot_6_log_20260602_144504.csv] - WARNING - Estado FSM: ESPERANDO_GIRO | Target Wall: None | Target Theta: 10.08° |theta: 139.74440623240778 
2026-06-02 14:45:44.693 - [robot_6_log_20260602_144504.csv] - DEBUG - Incoming data. Topic 6/pos, mensaje {"x": 98.71, "y": 123.65, "yaw": 2.435, "timestamp": 1780404344.6818764}
2026-06-02 14:45:44.698 - [robot_6_log_20260602_144504.csv] - DEBUG - Posición actualizada por visión: x=98.71, y=123.65, θ=2.44
2026-06-02 14:45:44.704 - [robot_6_log_20260602_144504.csv] - DEBUG - Frecuencia: 12.83 Hz | Latencia Red/Proc: 22.25 ms
2026-06-02 14:45:44.715 - [robot_6_log_20260602_144504.csv] - DEBUG - Incoming data. Topic 6/pos, mensaje {"x": 98.71, "y": 123.65, "yaw": 2.435, "timestamp": 1780404344.6818764}
2026-06-02 14:45:44.715 - [robot_6_log_20260602_144504.csv] - DEBUG - Posición actualizada por visión: x=98.71, y=123.65, θ=2.44
2026-06-02 14:45:44.715 - [robot_6_log_20260602_144504.csv] - DEBUG - Frecuencia: 85.46 Hz | Latencia Red/Proc: 33.95 ms
2026-06-02 14:45:44.715 - [robot_6_log_20260602_144504.csv] - DEBUG - Incoming data. Topic 6/pos, mensaje {"x": 98.71, "y": 123.65, "yaw": 2.435, "timestamp": 1780404344.6925173}
2026-06-02 14:45:44.715 - [robot_6_log_20260602_144504.csv] - DEBUG - Posición actualizada por visión: x=98.71, y=123.65, θ=2.44
2026-06-02 14:45:44.715 - [robot_6_log_20260602_144504.csv] - DEBUG - Frecuencia: 10618.49 Hz | Latencia Red/Proc: 23.41 ms
2026-06-02 14:45:44.715 - [robot_6_log_20260602_144504.csv] - DEBUG - Incoming data. Topic 6/pos, mensaje {"x": 98.71, "y": 123.65, "yaw": 2.435, "timestamp": 1780404344.6925173}
2026-06-02 14:45:44.721 - [robot_6_log_20260602_144504.csv] - DEBUG - Posición actualizada por visión: x=98.71, y=123.65, θ=2.44
2026-06-02 14:45:44.721 - [robot_6_log_20260602_144504.csv] - DEBUG - Frecuencia: 184.81 Hz | Latencia Red/Proc: 28.82 ms
2026-06-02 14:45:44.733 - [robot_6_log_20260602_144504.csv] - INFO - Usando posición VISION: x=98.71, y=123.65, θ=2.44
2026-06-02 14:45:44.733 - [robot_6_log_20260602_144504.csv] - INFO - Distancias a paredes: Left: 98.71, Right: 351.29, Top: 16.35, Bottom: 123.65
2026-06-02 14:45:44.733 - [robot_6_log_20260602_144504.csv] - INFO - Posicion: 98.71, 123.65, 2.435 | Velocidad: -0.6492459905112917, -0.760578492862513
2026-06-02 14:45:44.733 - [robot_6_log_20260602_144504.csv] - INFO - None
2026-06-02 14:45:44.733 - [robot_6_log_20260602_144504.csv] - WARNING - Estado FSM: ESPERANDO_GIRO | Target Wall: None | Target Theta: 10.08° |theta: 139.51522311435545 
2026-06-02 14:45:44.781 - [robot_6_log_20260602_144504.csv] - DEBUG - Incoming data. Topic agent/6/wheel, mensaje {"Wleft":-9.672818e-15,"Wright":-1.669775429e-14}
2026-06-02 14:45:44.783 - [robot_6_log_20260602_144504.csv] - INFO - Usando posición VISION: x=98.71, y=123.65, θ=2.44
2026-06-02 14:45:44.783 - [robot_6_log_20260602_144504.csv] - INFO - Distancias a paredes: Left: 98.71, Right: 351.29, Top: 16.35, Bottom: 123.65
2026-06-02 14:45:44.783 - [robot_6_log_20260602_144504.csv] - INFO - Posicion: 98.71, 123.65, 2.435 | Velocidad: -0.6492459905112917, -0.760578492862513
2026-06-02 14:45:44.783 - [robot_6_log_20260602_144504.csv] - INFO - None
2026-06-02 14:45:44.783 - [robot_6_log_20260602_144504.csv] - WARNING - Estado FSM: ESPERANDO_GIRO | Target Wall: None | Target Theta: 10.08° |theta: 139.51522311435545 
2026-06-02 14:45:44.789 - [robot_6_log_20260602_144504.csv] - DEBUG - Incoming data. Topic 6/pos, mensaje {"x": 98.69, "y": 123.64, "yaw": 2.435, "timestamp": 1780404344.7854187}
2026-06-02 14:45:44.794 - [robot_6_log_20260602_144504.csv] - DEBUG - Posición actualizada por visión: x=98.69, y=123.64, θ=2.44
2026-06-02 14:45:44.800 - [robot_6_log_20260602_144504.csv] - DEBUG - Frecuencia: 12.60 Hz | Latencia Red/Proc: 15.28 ms
2026-06-02 14:45:44.817 - [robot_6_log_20260602_144504.csv] - DEBUG - Incoming data. Topic 6/pos, mensaje {"x": 98.69, "y": 123.64, "yaw": 2.435, "timestamp": 1780404344.7854187}
2026-06-02 14:45:44.817 - [robot_6_log_20260602_144504.csv] - DEBUG - Posición actualizada por visión: x=98.69, y=123.64, θ=2.44
2026-06-02 14:45:44.822 - [robot_6_log_20260602_144504.csv] - DEBUG - Frecuencia: 45.95 Hz | Latencia Red/Proc: 37.04 ms
2026-06-02 14:45:44.827 - [robot_6_log_20260602_144504.csv] - DEBUG - Incoming data. Topic 6/pos, mensaje {"x": 98.69, "y": 123.64, "yaw": 2.435, "timestamp": 1780404344.795218}
2026-06-02 14:45:44.833 - [robot_6_log_20260602_144504.csv] - DEBUG - Posición actualizada por visión: x=98.69, y=123.64, θ=2.44
2026-06-02 14:45:44.833 - [robot_6_log_20260602_144504.csv] - DEBUG - Frecuencia: 92.42 Hz | Latencia Red/Proc: 38.06 ms
2026-06-02 14:45:44.833 - [robot_6_log_20260602_144504.csv] - INFO - Usando posición VISION: x=98.69, y=123.64, θ=2.44
2026-06-02 14:45:44.833 - [robot_6_log_20260602_144504.csv] - DEBUG - Incoming data. Topic 6/pos, mensaje {"x": 98.69, "y": 123.64, "yaw": 2.435, "timestamp": 1780404344.795218}
2026-06-02 14:45:44.833 - [robot_6_log_20260602_144504.csv] - INFO - Distancias a paredes: Left: 98.69, Right: 351.31, Top: 16.36, Bottom: 123.64
2026-06-02 14:45:44.833 - [robot_6_log_20260602_144504.csv] - DEBUG - Posición actualizada por visión: x=98.69, y=123.64, θ=2.44
2026-06-02 14:45:44.833 - [robot_6_log_20260602_144504.csv] - INFO - Posicion: 98.69, 123.64, 2.435 | Velocidad: -0.6492459905112917, -0.760578492862513
2026-06-02 14:45:44.833 - [robot_6_log_20260602_144504.csv] - DEBUG - Frecuencia: 4346.43 Hz | Latencia Red/Proc: 38.29 ms
2026-06-02 14:45:44.833 - [robot_6_log_20260602_144504.csv] - INFO - None
2026-06-02 14:45:44.833 - [robot_6_log_20260602_144504.csv] - WARNING - Estado FSM: ESPERANDO_GIRO | Target Wall: None | Target Theta: 10.08° |theta: 139.51522311435545 
2026-06-02 14:45:44.839 - [robot_6_log_20260602_144504.csv] - DEBUG - Incoming data. Topic agent/6/wheel, mensaje {"Wleft":-9.672818e-15,"Wright":-1.669775429e-14}
2026-06-02 14:45:44.883 - [robot_6_log_20260602_144504.csv] - INFO - Usando posición VISION: x=98.69, y=123.64, θ=2.44
2026-06-02 14:45:44.883 - [robot_6_log_20260602_144504.csv] - INFO - Distancias a paredes: Left: 98.69, Right: 351.31, Top: 16.36, Bottom: 123.64
2026-06-02 14:45:44.883 - [robot_6_log_20260602_144504.csv] - INFO - Posicion: 98.69, 123.64, 2.435 | Velocidad: -0.6492459905112917, -0.760578492862513
2026-06-02 14:45:44.883 - [robot_6_log_20260602_144504.csv] - INFO - None
2026-06-02 14:45:44.883 - [robot_6_log_20260602_144504.csv] - WARNING - Estado FSM: ESPERANDO_GIRO | Target Wall: None | Target Theta: 10.08° |theta: 139.51522311435545 
2026-06-02 14:45:44.933 - [robot_6_log_20260602_144504.csv] - INFO - Usando posición VISION: x=98.69, y=123.64, θ=2.44
2026-06-02 14:45:44.933 - [robot_6_log_20260602_144504.csv] - INFO - Distancias a paredes: Left: 98.69, Right: 351.31, Top: 16.36, Bottom: 123.64
2026-06-02 14:45:44.933 - [robot_6_log_20260602_144504.csv] - INFO - Posicion: 98.69, 123.64, 2.435 | Velocidad: -0.6492459905112917, -0.760578492862513
2026-06-02 14:45:44.933 - [robot_6_log_20260602_144504.csv] - INFO - None
2026-06-02 14:45:44.933 - [robot_6_log_20260602_144504.csv] - WARNING - Estado FSM: ESPERANDO_GIRO | Target Wall: None | Target Theta: 10.08° |theta: 139.51522311435545 
2026-06-02 14:45:44.976 - [robot_6_log_20260602_144504.csv] - DEBUG - Incoming data. Topic agent/6/wheel, mensaje {"Wleft":-9.672818e-15,"Wright":-1.669775429e-14}
2026-06-02 14:45:44.983 - [robot_6_log_20260602_144504.csv] - INFO - Usando posición VISION: x=98.69, y=123.64, θ=2.44
2026-06-02 14:45:44.983 - [robot_6_log_20260602_144504.csv] - INFO - Distancias a paredes: Left: 98.69, Right: 351.31, Top: 16.36, Bottom: 123.64
2026-06-02 14:45:44.983 - [robot_6_log_20260602_144504.csv] - INFO - Posicion: 98.69, 123.64, 2.435 | Velocidad: -0.6492459905112917, -0.760578492862513
2026-06-02 14:45:44.983 - [robot_6_log_20260602_144504.csv] - INFO - None
2026-06-02 14:45:44.983 - [robot_6_log_20260602_144504.csv] - WARNING - Estado FSM: ESPERANDO_GIRO | Target Wall: None | Target Theta: 10.08° |theta: 139.51522311435545 
2026-06-02 14:45:44.994 - [robot_6_log_20260602_144504.csv] - DEBUG - Incoming data. Topic 6/pos, mensaje {"x": 98.72, "y": 123.62, "yaw": 2.437, "timestamp": 1780404344.9883332}
2026-06-02 14:45:44.999 - [robot_6_log_20260602_144504.csv] - DEBUG - Posición actualizada por visión: x=98.72, y=123.62, θ=2.44
2026-06-02 14:45:45.004 - [robot_6_log_20260602_144504.csv] - DEBUG - Frecuencia: 5.84 Hz | Latencia Red/Proc: 16.49 ms
2026-06-02 14:45:45.011 - [robot_6_log_20260602_144504.csv] - DEBUG - Incoming data. Topic 6/pos, mensaje {"x": 98.72, "y": 123.62, "yaw": 2.437, "timestamp": 1780404344.9883332}
2026-06-02 14:45:45.016 - [robot_6_log_20260602_144504.csv] - DEBUG - Posición actualizada por visión: x=98.72, y=123.62, θ=2.44
2026-06-02 14:45:45.021 - [robot_6_log_20260602_144504.csv] - DEBUG - Frecuencia: 60.09 Hz | Latencia Red/Proc: 33.13 ms
2026-06-02 14:45:45.026 - [robot_6_log_20260602_144504.csv] - DEBUG - Incoming data. Topic 6/pos, mensaje {"x": 98.72, "y": 123.62, "yaw": 2.437, "timestamp": 1780404345.0001807}
2026-06-02 14:45:45.026 - [robot_6_log_20260602_144504.csv] - DEBUG - Posición actualizada por visión: x=98.72, y=123.62, θ=2.44
2026-06-02 14:45:45.026 - [robot_6_log_20260602_144504.csv] - DEBUG - Frecuencia: 186.62 Hz | Latencia Red/Proc: 26.65 ms
2026-06-02 14:45:45.026 - [robot_6_log_20260602_144504.csv] - DEBUG - Incoming data. Topic 6/pos, mensaje {"x": 98.72, "y": 123.62, "yaw": 2.437, "timestamp": 1780404345.0001807}
2026-06-02 14:45:45.026 - [robot_6_log_20260602_144504.csv] - DEBUG - Posición actualizada por visión: x=98.72, y=123.62, θ=2.44
2026-06-02 14:45:45.026 - [robot_6_log_20260602_144504.csv] - DEBUG - Frecuencia: 27962.03 Hz | Latencia Red/Proc: 26.68 ms
2026-06-02 14:45:45.033 - [robot_6_log_20260602_144504.csv] - INFO - Usando posición VISION: x=98.72, y=123.62, θ=2.44
2026-06-02 14:45:45.033 - [robot_6_log_20260602_144504.csv] - INFO - Distancias a paredes: Left: 98.72, Right: 351.28, Top: 16.38, Bottom: 123.62
2026-06-02 14:45:45.033 - [robot_6_log_20260602_144504.csv] - INFO - Posicion: 98.72, 123.62, 2.437 | Velocidad: -0.6477235360481232, -0.7618754628213956
2026-06-02 14:45:45.033 - [robot_6_log_20260602_144504.csv] - INFO - None
2026-06-02 14:45:45.033 - [robot_6_log_20260602_144504.csv] - WARNING - Estado FSM: ESPERANDO_GIRO | Target Wall: None | Target Theta: 10.08° |theta: 139.62981467338162 
2026-06-02 14:45:45.083 - [robot_6_log_20260602_144504.csv] - INFO - Usando posición VISION: x=98.72, y=123.62, θ=2.44
2026-06-02 14:45:45.083 - [robot_6_log_20260602_144504.csv] - INFO - Distancias a paredes: Left: 98.72, Right: 351.28, Top: 16.38, Bottom: 123.62
2026-06-02 14:45:45.083 - [robot_6_log_20260602_144504.csv] - INFO - Posicion: 98.72, 123.62, 2.437 | Velocidad: -0.6477235360481232, -0.7618754628213956
2026-06-02 14:45:45.083 - [robot_6_log_20260602_144504.csv] - INFO - None
2026-06-02 14:45:45.083 - [robot_6_log_20260602_144504.csv] - DEBUG - Incoming data. Topic agent/6/wheel, mensaje {"Wleft":-9.672818e-15,"Wright":-1.669775429e-14}
2026-06-02 14:45:45.083 - [robot_6_log_20260602_144504.csv] - WARNING - Estado FSM: ESPERANDO_GIRO | Target Wall: None | Target Theta: 10.08° |theta: 139.62981467338162 
2026-06-02 14:45:45.088 - [robot_6_log_20260602_144504.csv] - DEBUG - Incoming data. Topic 6/pos, mensaje {"x": 98.71, "y": 123.64, "yaw": 2.437, "timestamp": 1780404345.0844884}
2026-06-02 14:45:45.093 - [robot_6_log_20260602_144504.csv] - DEBUG - Posición actualizada por visión: x=98.71, y=123.64, θ=2.44
2026-06-02 14:45:45.094 - [robot_6_log_20260602_144504.csv] - DEBUG - Frecuencia: 14.88 Hz | Latencia Red/Proc: 9.56 ms
2026-06-02 14:45:45.104 - [robot_6_log_20260602_144504.csv] - DEBUG - Incoming data. Topic 6/pos, mensaje {"x": 98.71, "y": 123.64, "yaw": 2.437, "timestamp": 1780404345.0844884}
2026-06-02 14:45:45.109 - [robot_6_log_20260602_144504.csv] - DEBUG - Posición actualizada por visión: x=98.71, y=123.64, θ=2.44
2026-06-02 14:45:45.114 - [robot_6_log_20260602_144504.csv] - DEBUG - Frecuencia: 48.66 Hz | Latencia Red/Proc: 30.11 ms
2026-06-02 14:45:45.119 - [robot_6_log_20260602_144504.csv] - DEBUG - Incoming data. Topic 6/pos, mensaje {"x": 98.71, "y": 123.64, "yaw": 2.437, "timestamp": 1780404345.0966125}
2026-06-02 14:45:45.124 - [robot_6_log_20260602_144504.csv] - DEBUG - Posición actualizada por visión: x=98.71, y=123.64, θ=2.44
2026-06-02 14:45:45.130 - [robot_6_log_20260602_144504.csv] - DEBUG - Frecuencia: 64.11 Hz | Latencia Red/Proc: 33.58 ms
2026-06-02 14:45:45.133 - [robot_6_log_20260602_144504.csv] - INFO - Usando posición VISION: x=98.71, y=123.64, θ=2.44
2026-06-02 14:45:45.133 - [robot_6_log_20260602_144504.csv] - INFO - Distancias a paredes: Left: 98.71, Right: 351.29, Top: 16.36, Bottom: 123.64
2026-06-02 14:45:45.133 - [robot_6_log_20260602_144504.csv] - INFO - Posicion: 98.71, 123.64, 2.437 | Velocidad: -0.6477235360481232, -0.7618754628213956
2026-06-02 14:45:45.133 - [robot_6_log_20260602_144504.csv] - INFO - None
2026-06-02 14:45:45.133 - [robot_6_log_20260602_144504.csv] - DEBUG - Incoming data. Topic 6/pos, mensaje {"x": 98.71, "y": 123.64, "yaw": 2.437, "timestamp": 1780404345.0966125}
2026-06-02 14:45:45.133 - [robot_6_log_20260602_144504.csv] - WARNING - Estado FSM: ESPERANDO_GIRO | Target Wall: None | Target Theta: 10.08° |theta: 139.62981467338162 
2026-06-02 14:45:45.133 - [robot_6_log_20260602_144504.csv] - DEBUG - Posición actualizada por visión: x=98.71, y=123.64, θ=2.44
2026-06-02 14:45:45.143 - [robot_6_log_20260602_144504.csv] - DEBUG - Frecuencia: 73.06 Hz | Latencia Red/Proc: 47.27 ms
2026-06-02 14:45:45.155 - [robot_6_log_20260602_144504.csv] - DEBUG - Incoming data. Topic agent/6/wheel, mensaje {"Wleft":-9.672818e-15,"Wright":-1.669775429e-14}
2026-06-02 14:45:45.183 - [robot_6_log_20260602_144504.csv] - INFO - Usando posición VISION: x=98.71, y=123.64, θ=2.44
2026-06-02 14:45:45.183 - [robot_6_log_20260602_144504.csv] - INFO - Distancias a paredes: Left: 98.71, Right: 351.29, Top: 16.36, Bottom: 123.64
2026-06-02 14:45:45.183 - [robot_6_log_20260602_144504.csv] - INFO - Posicion: 98.71, 123.64, 2.437 | Velocidad: -0.6477235360481232, -0.7618754628213956
2026-06-02 14:45:45.183 - [robot_6_log_20260602_144504.csv] - INFO - None
2026-06-02 14:45:45.183 - [robot_6_log_20260602_144504.csv] - WARNING - Estado FSM: ESPERANDO_GIRO | Target Wall: None | Target Theta: 10.08° |theta: 139.62981467338162 
2026-06-02 14:45:45.194 - [robot_6_log_20260602_144504.csv] - DEBUG - Incoming data. Topic 6/pos, mensaje {"x": 98.71, "y": 123.64, "yaw": 2.438, "timestamp": 1780404345.188495}
2026-06-02 14:45:45.194 - [robot_6_log_20260602_144504.csv] - DEBUG - Posición actualizada por visión: x=98.71, y=123.64, θ=2.44
2026-06-02 14:45:45.200 - [robot_6_log_20260602_144504.csv] - DEBUG - Frecuencia: 17.81 Hz | Latencia Red/Proc: 11.55 ms
2026-06-02 14:45:45.216 - [robot_6_log_20260602_144504.csv] - DEBUG - Incoming data. Topic 6/pos, mensaje {"x": 98.71, "y": 123.64, "yaw": 2.438, "timestamp": 1780404345.188495}
2026-06-02 14:45:45.221 - [robot_6_log_20260602_144504.csv] - DEBUG - Posición actualizada por visión: x=98.71, y=123.64, θ=2.44
2026-06-02 14:45:45.232 - [robot_6_log_20260602_144504.csv] - DEBUG - Frecuencia: 31.24 Hz | Latencia Red/Proc: 43.56 ms
2026-06-02 14:45:45.233 - [robot_6_log_20260602_144504.csv] - INFO - Usando posición VISION: x=98.71, y=123.64, θ=2.44
2026-06-02 14:45:45.233 - [robot_6_log_20260602_144504.csv] - INFO - Distancias a paredes: Left: 98.71, Right: 351.29, Top: 16.36, Bottom: 123.64
2026-06-02 14:45:45.233 - [robot_6_log_20260602_144504.csv] - INFO - Posicion: 98.71, 123.64, 2.438 | Velocidad: -0.6469613368505397, -0.7625228053117904
2026-06-02 14:45:45.233 - [robot_6_log_20260602_144504.csv] - INFO - None
2026-06-02 14:45:45.233 - [robot_6_log_20260602_144504.csv] - DEBUG - Incoming data. Topic 6/pos, mensaje {"x": 98.71, "y": 123.64, "yaw": 2.438, "timestamp": 1780404345.2009053}
2026-06-02 14:45:45.233 - [robot_6_log_20260602_144504.csv] - WARNING - Estado FSM: ESPERANDO_GIRO | Target Wall: None | Target Theta: 10.08° |theta: 139.6871104528947 
2026-06-02 14:45:45.233 - [robot_6_log_20260602_144504.csv] - DEBUG - Posición actualizada por visión: x=98.71, y=123.64, θ=2.44
2026-06-02 14:45:45.238 - [robot_6_log_20260602_144504.csv] - DEBUG - Frecuencia: 152.44 Hz | Latencia Red/Proc: 37.71 ms
2026-06-02 14:45:45.243 - [robot_6_log_20260602_144504.csv] - DEBUG - Incoming data. Topic 6/pos, mensaje {"x": 98.71, "y": 123.64, "yaw": 2.438, "timestamp": 1780404345.2009053}
2026-06-02 14:45:45.243 - [robot_6_log_20260602_144504.csv] - DEBUG - Posición actualizada por visión: x=98.71, y=123.64, θ=2.44
2026-06-02 14:45:45.248 - [robot_6_log_20260602_144504.csv] - DEBUG - Frecuencia: 97.14 Hz | Latencia Red/Proc: 48.01 ms
2026-06-02 14:45:45.283 - [robot_6_log_20260602_144504.csv] - INFO - Usando posición VISION: x=98.71, y=123.64, θ=2.44
2026-06-02 14:45:45.283 - [robot_6_log_20260602_144504.csv] - INFO - Distancias a paredes: Left: 98.71, Right: 351.29, Top: 16.36, Bottom: 123.64
2026-06-02 14:45:45.283 - [robot_6_log_20260602_144504.csv] - INFO - Posicion: 98.71, 123.64, 2.438 | Velocidad: -0.6469613368505397, -0.7625228053117904
2026-06-02 14:45:45.283 - [robot_6_log_20260602_144504.csv] - INFO - None
2026-06-02 14:45:45.283 - [robot_6_log_20260602_144504.csv] - WARNING - Estado FSM: ESPERANDO_GIRO | Target Wall: None | Target Theta: 10.08° |theta: 139.6871104528947 
2026-06-02 14:45:45.288 - [robot_6_log_20260602_144504.csv] - DEBUG - Incoming data. Topic agent/6/wheel, mensaje {"Wleft":-9.672818e-15,"Wright":-1.669775429e-14}
2026-06-02 14:45:45.293 - [robot_6_log_20260602_144504.csv] - DEBUG - Incoming data. Topic 6/pos, mensaje {"x": 98.71, "y": 123.63, "yaw": 2.438, "timestamp": 1780404345.2861524}
2026-06-02 14:45:45.298 - [robot_6_log_20260602_144504.csv] - DEBUG - Posición actualizada por visión: x=98.71, y=123.63, θ=2.44
2026-06-02 14:45:45.304 - [robot_6_log_20260602_144504.csv] - DEBUG - Frecuencia: 18.14 Hz | Latencia Red/Proc: 17.88 ms
2026-06-02 14:45:45.309 - [robot_6_log_20260602_144504.csv] - DEBUG - Incoming data. Topic 6/pos, mensaje {"x": 98.71, "y": 123.63, "yaw": 2.438, "timestamp": 1780404345.2861524}
2026-06-02 14:45:45.314 - [robot_6_log_20260602_144504.csv] - DEBUG - Posición actualizada por visión: x=98.71, y=123.63, θ=2.44
2026-06-02 14:45:45.319 - [robot_6_log_20260602_144504.csv] - DEBUG - Frecuencia: 64.93 Hz | Latencia Red/Proc: 33.28 ms
2026-06-02 14:45:45.324 - [robot_6_log_20260602_144504.csv] - DEBUG - Incoming data. Topic 6/pos, mensaje {"x": 98.71, "y": 123.63, "yaw": 2.438, "timestamp": 1780404345.298421}
2026-06-02 14:45:45.329 - [robot_6_log_20260602_144504.csv] - DEBUG - Posición actualizada por visión: x=98.71, y=123.63, θ=2.44
2026-06-02 14:45:45.333 - [robot_6_log_20260602_144504.csv] - INFO - Usando posición VISION: x=98.71, y=123.63, θ=2.44
2026-06-02 14:45:45.333 - [robot_6_log_20260602_144504.csv] - DEBUG - Frecuencia: 72.52 Hz | Latencia Red/Proc: 34.80 ms
2026-06-02 14:45:45.333 - [robot_6_log_20260602_144504.csv] - INFO - Distancias a paredes: Left: 98.71, Right: 351.29, Top: 16.37, Bottom: 123.63
2026-06-02 14:45:45.333 - [robot_6_log_20260602_144504.csv] - INFO - Posicion: 98.71, 123.63, 2.438 | Velocidad: -0.6469613368505397, -0.7625228053117904
2026-06-02 14:45:45.333 - [robot_6_log_20260602_144504.csv] - INFO - None
2026-06-02 14:45:45.333 - [robot_6_log_20260602_144504.csv] - DEBUG - Incoming data. Topic 6/pos, mensaje {"x": 98.71, "y": 123.63, "yaw": 2.438, "timestamp": 1780404345.298421}
2026-06-02 14:45:45.333 - [robot_6_log_20260602_144504.csv] - WARNING - Estado FSM: ESPERANDO_GIRO | Target Wall: None | Target Theta: 10.08° |theta: 139.6871104528947 
2026-06-02 14:45:45.333 - [robot_6_log_20260602_144504.csv] - DEBUG - Posición actualizada por visión: x=98.71, y=123.63, θ=2.44
2026-06-02 14:45:45.338 - [robot_6_log_20260602_144504.csv] - DEBUG - Frecuencia: 184.62 Hz | Latencia Red/Proc: 40.22 ms
2026-06-02 14:45:45.348 - [robot_6_log_20260602_144504.csv] - DEBUG - Incoming data. Topic agent/6/wheel, mensaje {"Wleft":-9.672818e-15,"Wright":-1.669775429e-14}
2026-06-02 14:45:45.383 - [robot_6_log_20260602_144504.csv] - INFO - Usando posición VISION: x=98.71, y=123.63, θ=2.44
2026-06-02 14:45:45.383 - [robot_6_log_20260602_144504.csv] - INFO - Distancias a paredes: Left: 98.71, Right: 351.29, Top: 16.37, Bottom: 123.63
2026-06-02 14:45:45.383 - [robot_6_log_20260602_144504.csv] - INFO - Posicion: 98.71, 123.63, 2.438 | Velocidad: -0.6469613368505397, -0.7625228053117904
2026-06-02 14:45:45.383 - [robot_6_log_20260602_144504.csv] - INFO - None
2026-06-02 14:45:45.383 - [robot_6_log_20260602_144504.csv] - WARNING - Estado FSM: ESPERANDO_GIRO | Target Wall: None | Target Theta: 10.08° |theta: 139.6871104528947 
2026-06-02 14:45:45.394 - [robot_6_log_20260602_144504.csv] - DEBUG - Incoming data. Topic 6/pos, mensaje {"x": 98.73, "y": 123.62, "yaw": 2.439, "timestamp": 1780404345.3904486}
2026-06-02 14:45:45.399 - [robot_6_log_20260602_144504.csv] - DEBUG - Posición actualizada por visión: x=98.73, y=123.62, θ=2.44
2026-06-02 14:45:45.405 - [robot_6_log_20260602_144504.csv] - DEBUG - Frecuencia: 15.04 Hz | Latencia Red/Proc: 14.68 ms
2026-06-02 14:45:45.415 - [robot_6_log_20260602_144504.csv] - DEBUG - Incoming data. Topic 6/pos, mensaje {"x": 98.73, "y": 123.62, "yaw": 2.439, "timestamp": 1780404345.3904486}
2026-06-02 14:45:45.420 - [robot_6_log_20260602_144504.csv] - DEBUG - Posición actualizada por visión: x=98.73, y=123.62, θ=2.44
2026-06-02 14:45:45.420 - [robot_6_log_20260602_144504.csv] - DEBUG - Frecuencia: 63.89 Hz | Latencia Red/Proc: 30.33 ms
2026-06-02 14:45:45.425 - [robot_6_log_20260602_144504.csv] - DEBUG - Incoming data. Topic 6/pos, mensaje {"x": 98.73, "y": 123.62, "yaw": 2.439, "timestamp": 1780404345.399543}
2026-06-02 14:45:45.425 - [robot_6_log_20260602_144504.csv] - DEBUG - Posición actualizada por visión: x=98.73, y=123.62, θ=2.44
2026-06-02 14:45:45.425 - [robot_6_log_20260602_144504.csv] - DEBUG - Frecuencia: 192.41 Hz | Latencia Red/Proc: 26.44 ms
2026-06-02 14:45:45.426 - [robot_6_log_20260602_144504.csv] - DEBUG - Incoming data. Topic 6/pos, mensaje {"x": 98.73, "y": 123.62, "yaw": 2.439, "timestamp": 1780404345.399543}
2026-06-02 14:45:45.426 - [robot_6_log_20260602_144504.csv] - DEBUG - Posición actualizada por visión: x=98.73, y=123.62, θ=2.44
2026-06-02 14:45:45.426 - [robot_6_log_20260602_144504.csv] - DEBUG - Frecuencia: 11096.04 Hz | Latencia Red/Proc: 26.53 ms
2026-06-02 14:45:45.433 - [robot_6_log_20260602_144504.csv] - INFO - Usando posición VISION: x=98.73, y=123.62, θ=2.44
2026-06-02 14:45:45.433 - [robot_6_log_20260602_144504.csv] - INFO - Distancias a paredes: Left: 98.73, Right: 351.27, Top: 16.38, Bottom: 123.62
2026-06-02 14:45:45.433 - [robot_6_log_20260602_144504.csv] - INFO - Posicion: 98.73, 123.62, 2.439 | Velocidad: -0.6461984906916737, -0.7631693852794431
2026-06-02 14:45:45.433 - [robot_6_log_20260602_144504.csv] - INFO - None
2026-06-02 14:45:45.433 - [robot_6_log_20260602_144504.csv] - WARNING - Estado FSM: ESPERANDO_GIRO | Target Wall: None | Target Theta: 10.08° |theta: 139.74440623240778 
2026-06-02 14:45:45.483 - [robot_6_log_20260602_144504.csv] - INFO - Usando posición VISION: x=98.73, y=123.62, θ=2.44
2026-06-02 14:45:45.483 - [robot_6_log_20260602_144504.csv] - INFO - Distancias a paredes: Left: 98.73, Right: 351.27, Top: 16.38, Bottom: 123.62
2026-06-02 14:45:45.483 - [robot_6_log_20260602_144504.csv] - INFO - Posicion: 98.73, 123.62, 2.439 | Velocidad: -0.6461984906916737, -0.7631693852794431
2026-06-02 14:45:45.483 - [robot_6_log_20260602_144504.csv] - INFO - None
2026-06-02 14:45:45.483 - [robot_6_log_20260602_144504.csv] - WARNING - Estado FSM: ESPERANDO_GIRO | Target Wall: None | Target Theta: 10.08° |theta: 139.74440623240778 
2026-06-02 14:45:45.494 - [robot_6_log_20260602_144504.csv] - DEBUG - Incoming data. Topic agent/6/wheel, mensaje {"Wleft":-9.672818e-15,"Wright":-1.669775429e-14}
2026-06-02 14:45:45.515 - [robot_6_log_20260602_144504.csv] - DEBUG - Incoming data. Topic 6/pos, mensaje {"x": 98.72, "y": 123.62, "yaw": 2.434, "timestamp": 1780404345.48444}
2026-06-02 14:45:45.520 - [robot_6_log_20260602_144504.csv] - DEBUG - Posición actualizada por visión: x=98.72, y=123.62, θ=2.43
2026-06-02 14:45:45.525 - [robot_6_log_20260602_144504.csv] - DEBUG - Frecuencia: 10.01 Hz | Latencia Red/Proc: 41.53 ms
2026-06-02 14:45:45.533 - [robot_6_log_20260602_144504.csv] - INFO - Usando posición VISION: x=98.72, y=123.62, θ=2.43
2026-06-02 14:45:45.533 - [robot_6_log_20260602_144504.csv] - INFO - Distancias a paredes: Left: 98.72, Right: 351.28, Top: 16.38, Bottom: 123.62
2026-06-02 14:45:45.533 - [robot_6_log_20260602_144504.csv] - INFO - Posicion: 98.72, 123.62, 2.434 | Velocidad: -0.6500062442544229, -0.7599288666909947
2026-06-02 14:45:45.533 - [robot_6_log_20260602_144504.csv] - INFO - None
2026-06-02 14:45:45.533 - [robot_6_log_20260602_144504.csv] - DEBUG - Incoming data. Topic 6/pos, mensaje {"x": 98.72, "y": 123.62, "yaw": 2.434, "timestamp": 1780404345.48444}
2026-06-02 14:45:45.533 - [robot_6_log_20260602_144504.csv] - WARNING - Estado FSM: ESPERANDO_GIRO | Target Wall: None | Target Theta: 10.08° |theta: 139.4579273348424 
2026-06-02 14:45:45.533 - [robot_6_log_20260602_144504.csv] - DEBUG - Posición actualizada por visión: x=98.72, y=123.62, θ=2.43
2026-06-02 14:45:45.544 - [robot_6_log_20260602_144504.csv] - DEBUG - Frecuencia: 55.42 Hz | Latencia Red/Proc: 59.57 ms
2026-06-02 14:45:45.549 - [robot_6_log_20260602_144504.csv] - DEBUG - Incoming data. Topic 6/pos, mensaje {"x": 98.72, "y": 123.62, "yaw": 2.434, "timestamp": 1780404345.4941492}
2026-06-02 14:45:45.559 - [robot_6_log_20260602_144504.csv] - DEBUG - Posición actualizada por visión: x=98.72, y=123.62, θ=2.43
2026-06-02 14:45:45.566 - [robot_6_log_20260602_144504.csv] - DEBUG - Frecuencia: 45.52 Hz | Latencia Red/Proc: 71.83 ms
2026-06-02 14:45:45.581 - [robot_6_log_20260602_144504.csv] - DEBUG - Incoming data. Topic 6/pos, mensaje {"x": 98.72, "y": 123.62, "yaw": 2.434, "timestamp": 1780404345.4941492}
2026-06-02 14:45:45.583 - [robot_6_log_20260602_144504.csv] - INFO - Usando posición VISION: x=98.72, y=123.62, θ=2.43
2026-06-02 14:45:45.583 - [robot_6_log_20260602_144504.csv] - INFO - Distancias a paredes: Left: 98.72, Right: 351.28, Top: 16.38, Bottom: 123.62
2026-06-02 14:45:45.583 - [robot_6_log_20260602_144504.csv] - INFO - Posicion: 98.72, 123.62, 2.434 | Velocidad: -0.6500062442544229, -0.7599288666909947
2026-06-02 14:45:45.583 - [robot_6_log_20260602_144504.csv] - DEBUG - Posición actualizada por visión: x=98.72, y=123.62, θ=2.43
2026-06-02 14:45:45.583 - [robot_6_log_20260602_144504.csv] - DEBUG - Frecuencia: 57.11 Hz | Latencia Red/Proc: 89.34 ms
2026-06-02 14:45:45.583 - [robot_6_log_20260602_144504.csv] - DEBUG - Incoming data. Topic agent/6/wheel, mensaje {"Wleft":-9.672818e-15,"Wright":-1.669775429e-14}
2026-06-02 14:45:45.583 - [robot_6_log_20260602_144504.csv] - INFO - None
2026-06-02 14:45:45.583 - [robot_6_log_20260602_144504.csv] - WARNING - Estado FSM: ESPERANDO_GIRO | Target Wall: None | Target Theta: 10.08° |theta: 139.4579273348424 
2026-06-02 14:45:45.589 - [robot_6_log_20260602_144504.csv] - DEBUG - Incoming data. Topic 6/pos, mensaje {"x": 98.72, "y": 123.64, "yaw": 2.438, "timestamp": 1780404345.5862281}
2026-06-02 14:45:45.594 - [robot_6_log_20260602_144504.csv] - DEBUG - Posición actualizada por visión: x=98.72, y=123.64, θ=2.44
2026-06-02 14:45:45.600 - [robot_6_log_20260602_144504.csv] - DEBUG - Frecuencia: 57.34 Hz | Latencia Red/Proc: 14.70 ms
2026-06-02 14:45:45.601 - [robot_6_log_20260602_144504.csv] - DEBUG - Incoming data. Topic 6/pos, mensaje {"x": 98.72, "y": 123.64, "yaw": 2.438, "timestamp": 1780404345.5862281}
2026-06-02 14:45:45.601 - [robot_6_log_20260602_144504.csv] - DEBUG - Posición actualizada por visión: x=98.72, y=123.64, θ=2.44
2026-06-02 14:45:45.601 - [robot_6_log_20260602_144504.csv] - DEBUG - Frecuencia: 7002.18 Hz | Latencia Red/Proc: 14.84 ms
2026-06-02 14:45:45.601 - [robot_6_log_20260602_144504.csv] - DEBUG - Incoming data. Topic 6/pos, mensaje {"x": 98.72, "y": 123.64, "yaw": 2.438, "timestamp": 1780404345.5967588}
2026-06-02 14:45:45.606 - [robot_6_log_20260602_144504.csv] - DEBUG - Posición actualizada por visión: x=98.72, y=123.64, θ=2.44
2026-06-02 14:45:45.606 - [robot_6_log_20260602_144504.csv] - DEBUG - Frecuencia: 193.18 Hz | Latencia Red/Proc: 9.49 ms
2026-06-02 14:45:45.606 - [robot_6_log_20260602_144504.csv] - DEBUG - Incoming data. Topic 6/pos, mensaje {"x": 98.72, "y": 123.64, "yaw": 2.438, "timestamp": 1780404345.5967588}
2026-06-02 14:45:45.606 - [robot_6_log_20260602_144504.csv] - DEBUG - Posición actualizada por visión: x=98.72, y=123.64, θ=2.44
2026-06-02 14:45:45.611 - [robot_6_log_20260602_144504.csv] - DEBUG - Frecuencia: 194.17 Hz | Latencia Red/Proc: 14.64 ms
2026-06-02 14:45:45.633 - [robot_6_log_20260602_144504.csv] - INFO - Usando posición VISION: x=98.72, y=123.64, θ=2.44
2026-06-02 14:45:45.633 - [robot_6_log_20260602_144504.csv] - INFO - Distancias a paredes: Left: 98.72, Right: 351.28, Top: 16.36, Bottom: 123.64
2026-06-02 14:45:45.633 - [robot_6_log_20260602_144504.csv] - INFO - Posicion: 98.72, 123.64, 2.438 | Velocidad: -0.6469613368505397, -0.7625228053117904
2026-06-02 14:45:45.633 - [robot_6_log_20260602_144504.csv] - INFO - None
2026-06-02 14:45:45.633 - [robot_6_log_20260602_144504.csv] - WARNING - Estado FSM: ESPERANDO_GIRO | Target Wall: None | Target Theta: 10.08° |theta: 139.6871104528947 
2026-06-02 14:45:45.682 - [robot_6_log_20260602_144504.csv] - DEBUG - Incoming data. Topic 6/pos, mensaje {"x": 98.72, "y": 123.63, "yaw": 2.439, "timestamp": 1780404345.681337}
2026-06-02 14:45:45.682 - [robot_6_log_20260602_144504.csv] - DEBUG - Posición actualizada por visión: x=98.72, y=123.63, θ=2.44
2026-06-02 14:45:45.683 - [robot_6_log_20260602_144504.csv] - INFO - Usando posición VISION: x=98.72, y=123.63, θ=2.44
2026-06-02 14:45:45.683 - [robot_6_log_20260602_144504.csv] - INFO - Distancias a paredes: Left: 98.72, Right: 351.28, Top: 16.37, Bottom: 123.63
2026-06-02 14:45:45.683 - [robot_6_log_20260602_144504.csv] - INFO - Posicion: 98.72, 123.63, 2.439 | Velocidad: -0.6461984906916737, -0.7631693852794431
2026-06-02 14:45:45.683 - [robot_6_log_20260602_144504.csv] - INFO - None
2026-06-02 14:45:45.683 - [robot_6_log_20260602_144504.csv] - DEBUG - Frecuencia: 13.91 Hz | Latencia Red/Proc: 1.93 ms
2026-06-02 14:45:45.683 - [robot_6_log_20260602_144504.csv] - WARNING - Estado FSM: ESPERANDO_GIRO | Target Wall: None | Target Theta: 10.08° |theta: 139.74440623240778 
2026-06-02 14:45:45.688 - [robot_6_log_20260602_144504.csv] - DEBUG - Incoming data. Topic 6/pos, mensaje {"x": 98.72, "y": 123.63, "yaw": 2.439, "timestamp": 1780404345.681337}
2026-06-02 14:45:45.693 - [robot_6_log_20260602_144504.csv] - DEBUG - Posición actualizada por visión: x=98.72, y=123.63, θ=2.44
2026-06-02 14:45:45.698 - [robot_6_log_20260602_144504.csv] - DEBUG - Frecuencia: 63.82 Hz | Latencia Red/Proc: 17.60 ms
2026-06-02 14:45:45.710 - [robot_6_log_20260602_144504.csv] - DEBUG - Incoming data. Topic 6/pos, mensaje {"x": 98.72, "y": 123.63, "yaw": 2.439, "timestamp": 1780404345.6940827}
2026-06-02 14:45:45.715 - [robot_6_log_20260602_144504.csv] - DEBUG - Posición actualizada por visión: x=98.72, y=123.63, θ=2.44
2026-06-02 14:45:45.720 - [robot_6_log_20260602_144504.csv] - DEBUG - Frecuencia: 46.44 Hz | Latencia Red/Proc: 26.38 ms
2026-06-02 14:45:45.733 - [robot_6_log_20260602_144504.csv] - INFO - Usando posición VISION: x=98.72, y=123.63, θ=2.44
2026-06-02 14:45:45.733 - [robot_6_log_20260602_144504.csv] - INFO - Distancias a paredes: Left: 98.72, Right: 351.28, Top: 16.37, Bottom: 123.63
2026-06-02 14:45:45.733 - [robot_6_log_20260602_144504.csv] - INFO - Posicion: 98.72, 123.63, 2.439 | Velocidad: -0.6461984906916737, -0.7631693852794431
2026-06-02 14:45:45.733 - [robot_6_log_20260602_144504.csv] - INFO - None
2026-06-02 14:45:45.733 - [robot_6_log_20260602_144504.csv] - DEBUG - Incoming data. Topic 6/pos, mensaje {"x": 98.72, "y": 123.63, "yaw": 2.439, "timestamp": 1780404345.6940827}
2026-06-02 14:45:45.733 - [robot_6_log_20260602_144504.csv] - WARNING - Estado FSM: ESPERANDO_GIRO | Target Wall: None | Target Theta: 10.08° |theta: 139.74440623240778 
2026-06-02 14:45:45.733 - [robot_6_log_20260602_144504.csv] - DEBUG - Posición actualizada por visión: x=98.72, y=123.63, θ=2.44
2026-06-02 14:45:45.738 - [robot_6_log_20260602_144504.csv] - DEBUG - Frecuencia: 54.40 Hz | Latencia Red/Proc: 44.77 ms
2026-06-02 14:45:45.744 - [robot_6_log_20260602_144504.csv] - DEBUG - Incoming data. Topic agent/6/wheel, mensaje {"Wleft":-9.672818e-15,"Wright":-1.669775429e-14}
2026-06-02 14:45:45.783 - [robot_6_log_20260602_144504.csv] - INFO - Usando posición VISION: x=98.72, y=123.63, θ=2.44
2026-06-02 14:45:45.783 - [robot_6_log_20260602_144504.csv] - INFO - Distancias a paredes: Left: 98.72, Right: 351.28, Top: 16.37, Bottom: 123.63
2026-06-02 14:45:45.783 - [robot_6_log_20260602_144504.csv] - INFO - Posicion: 98.72, 123.63, 2.439 | Velocidad: -0.6461984906916737, -0.7631693852794431
2026-06-02 14:45:45.783 - [robot_6_log_20260602_144504.csv] - INFO - None
2026-06-02 14:45:45.783 - [robot_6_log_20260602_144504.csv] - WARNING - Estado FSM: ESPERANDO_GIRO | Target Wall: None | Target Theta: 10.08° |theta: 139.74440623240778 
2026-06-02 14:45:45.795 - [robot_6_log_20260602_144504.csv] - DEBUG - Incoming data. Topic 6/pos, mensaje {"x": 98.7, "y": 123.62, "yaw": 2.442, "timestamp": 1780404345.7899642}
2026-06-02 14:45:45.800 - [robot_6_log_20260602_144504.csv] - DEBUG - Posición actualizada por visión: x=98.70, y=123.62, θ=2.44
2026-06-02 14:45:45.807 - [robot_6_log_20260602_144504.csv] - DEBUG - Frecuencia: 14.65 Hz | Latencia Red/Proc: 17.12 ms
2026-06-02 14:45:45.807 - [robot_6_log_20260602_144504.csv] - DEBUG - Incoming data. Topic 6/pos, mensaje {"x": 98.7, "y": 123.62, "yaw": 2.442, "timestamp": 1780404345.7899642}
2026-06-02 14:45:45.807 - [robot_6_log_20260602_144504.csv] - DEBUG - Posición actualizada por visión: x=98.70, y=123.62, θ=2.44
2026-06-02 14:45:45.807 - [robot_6_log_20260602_144504.csv] - DEBUG - Frecuencia: 12052.60 Hz | Latencia Red/Proc: 17.21 ms
2026-06-02 14:45:45.812 - [robot_6_log_20260602_144504.csv] - DEBUG - Incoming data. Topic 6/pos, mensaje {"x": 98.7, "y": 123.62, "yaw": 2.442, "timestamp": 1780404345.8019028}
2026-06-02 14:45:45.817 - [robot_6_log_20260602_144504.csv] - DEBUG - Posición actualizada por visión: x=98.70, y=123.62, θ=2.44
2026-06-02 14:45:45.817 - [robot_6_log_20260602_144504.csv] - DEBUG - Frecuencia: 97.80 Hz | Latencia Red/Proc: 15.49 ms
2026-06-02 14:45:45.817 - [robot_6_log_20260602_144504.csv] - DEBUG - Incoming data. Topic agent/6/wheel, mensaje {"Wleft":-9.672818e-15,"Wright":-1.669775429e-14}
2026-06-02 14:45:45.833 - [robot_6_log_20260602_144504.csv] - INFO - Usando posición VISION: x=98.70, y=123.62, θ=2.44
2026-06-02 14:45:45.833 - [robot_6_log_20260602_144504.csv] - INFO - Distancias a paredes: Left: 98.70, Right: 351.30, Top: 16.38, Bottom: 123.62
2026-06-02 14:45:45.833 - [robot_6_log_20260602_144504.csv] - INFO - Posicion: 98.7, 123.62, 2.442 | Velocidad: -0.6439060780790687, -0.7651045435839682
2026-06-02 14:45:45.833 - [robot_6_log_20260602_144504.csv] - INFO - None
2026-06-02 14:45:45.833 - [robot_6_log_20260602_144504.csv] - WARNING - Estado FSM: ESPERANDO_GIRO | Target Wall: None | Target Theta: 10.08° |theta: 139.91629357094703 
2026-06-02 14:45:45.845 - [robot_6_log_20260602_144504.csv] - DEBUG - Incoming data. Topic 6/pos, mensaje {"x": 98.7, "y": 123.62, "yaw": 2.442, "timestamp": 1780404345.8019028}
2026-06-02 14:45:45.850 - [robot_6_log_20260602_144504.csv] - DEBUG - Posición actualizada por visión: x=98.70, y=123.62, θ=2.44
2026-06-02 14:45:45.850 - [robot_6_log_20260602_144504.csv] - DEBUG - Frecuencia: 30.24 Hz | Latencia Red/Proc: 48.57 ms
2026-06-02 14:45:45.862 - [robot_6_log_20260602_144504.csv] - DEBUG - Incoming data. Topic agent/6/wheel, mensaje {"Wleft":-9.672818e-15,"Wright":-1.669775429e-14}
2026-06-02 14:45:45.883 - [robot_6_log_20260602_144504.csv] - INFO - Usando posición VISION: x=98.70, y=123.62, θ=2.44
2026-06-02 14:45:45.883 - [robot_6_log_20260602_144504.csv] - INFO - Distancias a paredes: Left: 98.70, Right: 351.30, Top: 16.38, Bottom: 123.62
2026-06-02 14:45:45.883 - [robot_6_log_20260602_144504.csv] - INFO - Posicion: 98.7, 123.62, 2.442 | Velocidad: -0.6439060780790687, -0.7651045435839682
2026-06-02 14:45:45.883 - [robot_6_log_20260602_144504.csv] - INFO - None
2026-06-02 14:45:45.883 - [robot_6_log_20260602_144504.csv] - WARNING - Estado FSM: ESPERANDO_GIRO | Target Wall: None | Target Theta: 10.08° |theta: 139.91629357094703 
2026-06-02 14:45:45.893 - [robot_6_log_20260602_144504.csv] - DEBUG - Incoming data. Topic 6/pos, mensaje {"x": 98.72, "y": 123.63, "yaw": 2.44, "timestamp": 1780404345.8821096}
2026-06-02 14:45:45.898 - [robot_6_log_20260602_144504.csv] - DEBUG - Posición actualizada por visión: x=98.72, y=123.63, θ=2.44
2026-06-02 14:45:45.898 - [robot_6_log_20260602_144504.csv] - DEBUG - Frecuencia: 20.68 Hz | Latencia Red/Proc: 16.71 ms
2026-06-02 14:45:45.909 - [robot_6_log_20260602_144504.csv] - DEBUG - Incoming data. Topic 6/pos, mensaje {"x": 98.72, "y": 123.63, "yaw": 2.44, "timestamp": 1780404345.8821096}
2026-06-02 14:45:45.914 - [robot_6_log_20260602_144504.csv] - DEBUG - Posición actualizada por visión: x=98.72, y=123.63, θ=2.44
2026-06-02 14:45:45.919 - [robot_6_log_20260602_144504.csv] - DEBUG - Frecuencia: 48.30 Hz | Latencia Red/Proc: 37.41 ms
2026-06-02 14:45:45.933 - [robot_6_log_20260602_144504.csv] - INFO - Usando posición VISION: x=98.72, y=123.63, θ=2.44
2026-06-02 14:45:45.933 - [robot_6_log_20260602_144504.csv] - INFO - Distancias a paredes: Left: 98.72, Right: 351.28, Top: 16.37, Bottom: 123.63
2026-06-02 14:45:45.933 - [robot_6_log_20260602_144504.csv] - INFO - Posicion: 98.72, 123.63, 2.44 | Velocidad: -0.6454349983343707, -0.7638152020777741
2026-06-02 14:45:45.933 - [robot_6_log_20260602_144504.csv] - INFO - None
2026-06-02 14:45:45.933 - [robot_6_log_20260602_144504.csv] - WARNING - Estado FSM: ESPERANDO_GIRO | Target Wall: None | Target Theta: 10.08° |theta: 139.80170201192087 
2026-06-02 14:45:45.938 - [robot_6_log_20260602_144504.csv] - DEBUG - Incoming data. Topic 6/pos, mensaje {"x": 98.72, "y": 123.63, "yaw": 2.44, "timestamp": 1780404345.892029}
2026-06-02 14:45:45.938 - [robot_6_log_20260602_144504.csv] - DEBUG - Posición actualizada por visión: x=98.72, y=123.63, θ=2.44
2026-06-02 14:45:45.943 - [robot_6_log_20260602_144504.csv] - DEBUG - Frecuencia: 40.95 Hz | Latencia Red/Proc: 51.91 ms
2026-06-02 14:45:45.954 - [robot_6_log_20260602_144504.csv] - DEBUG - Incoming data. Topic 6/pos, mensaje {"x": 98.72, "y": 123.63, "yaw": 2.44, "timestamp": 1780404345.892029}
2026-06-02 14:45:45.959 - [robot_6_log_20260602_144504.csv] - DEBUG - Posición actualizada por visión: x=98.72, y=123.63, θ=2.44
2026-06-02 14:45:45.959 - [robot_6_log_20260602_144504.csv] - DEBUG - Frecuencia: 63.52 Hz | Latencia Red/Proc: 67.66 ms
2026-06-02 14:45:45.983 - [robot_6_log_20260602_144504.csv] - INFO - Usando posición VISION: x=98.72, y=123.63, θ=2.44
2026-06-02 14:45:45.983 - [robot_6_log_20260602_144504.csv] - INFO - Distancias a paredes: Left: 98.72, Right: 351.28, Top: 16.37, Bottom: 123.63
2026-06-02 14:45:45.983 - [robot_6_log_20260602_144504.csv] - INFO - Posicion: 98.72, 123.63, 2.44 | Velocidad: -0.6454349983343707, -0.7638152020777741
2026-06-02 14:45:45.983 - [robot_6_log_20260602_144504.csv] - INFO - None
2026-06-02 14:45:45.983 - [robot_6_log_20260602_144504.csv] - WARNING - Estado FSM: ESPERANDO_GIRO | Target Wall: None | Target Theta: 10.08° |theta: 139.80170201192087 
2026-06-02 14:45:45.989 - [robot_6_log_20260602_144504.csv] - DEBUG - Incoming data. Topic 6/pos, mensaje {"x": 98.71, "y": 123.64, "yaw": 2.44, "timestamp": 1780404345.98853}
2026-06-02 14:45:45.994 - [robot_6_log_20260602_144504.csv] - DEBUG - Posición actualizada por visión: x=98.71, y=123.64, θ=2.44
2026-06-02 14:45:45.994 - [robot_6_log_20260602_144504.csv] - DEBUG - Frecuencia: 28.51 Hz | Latencia Red/Proc: 6.23 ms
2026-06-02 14:45:45.994 - [robot_6_log_20260602_144504.csv] - DEBUG - Incoming data. Topic 6/pos, mensaje {"x": 98.71, "y": 123.64, "yaw": 2.44, "timestamp": 1780404345.98853}
2026-06-02 14:45:46.005 - [robot_6_log_20260602_144504.csv] - DEBUG - Posición actualizada por visión: x=98.71, y=123.64, θ=2.44
2026-06-02 14:45:46.010 - [robot_6_log_20260602_144504.csv] - DEBUG - Frecuencia: 64.43 Hz | Latencia Red/Proc: 21.75 ms
2026-06-02 14:45:46.010 - [robot_6_log_20260602_144504.csv] - DEBUG - Incoming data. Topic 6/pos, mensaje {"x": 98.71, "y": 123.64, "yaw": 2.44, "timestamp": 1780404345.99994}
2026-06-02 14:45:46.015 - [robot_6_log_20260602_144504.csv] - DEBUG - Posición actualizada por visión: x=98.71, y=123.64, θ=2.44
2026-06-02 14:45:46.020 - [robot_6_log_20260602_144504.csv] - DEBUG - Frecuencia: 95.61 Hz | Latencia Red/Proc: 20.80 ms
2026-06-02 14:45:46.025 - [robot_6_log_20260602_144504.csv] - DEBUG - Incoming data. Topic 6/pos, mensaje {"x": 98.71, "y": 123.64, "yaw": 2.44, "timestamp": 1780404345.99994}
2026-06-02 14:45:46.031 - [robot_6_log_20260602_144504.csv] - DEBUG - Posición actualizada por visión: x=98.71, y=123.64, θ=2.44
2026-06-02 14:45:46.033 - [robot_6_log_20260602_144504.csv] - INFO - Usando posición VISION: x=98.71, y=123.64, θ=2.44
2026-06-02 14:45:46.033 - [robot_6_log_20260602_144504.csv] - DEBUG - Frecuencia: 79.49 Hz | Latencia Red/Proc: 33.38 ms
2026-06-02 14:45:46.033 - [robot_6_log_20260602_144504.csv] - INFO - Distancias a paredes: Left: 98.71, Right: 351.29, Top: 16.36, Bottom: 123.64
2026-06-02 14:45:46.033 - [robot_6_log_20260602_144504.csv] - INFO - Posicion: 98.71, 123.64, 2.44 | Velocidad: -0.6454349983343707, -0.7638152020777741
2026-06-02 14:45:46.033 - [robot_6_log_20260602_144504.csv] - INFO - None
2026-06-02 14:45:46.033 - [robot_6_log_20260602_144504.csv] - WARNING - Estado FSM: ESPERANDO_GIRO | Target Wall: None | Target Theta: 10.08° |theta: 139.80170201192087 
2026-06-02 14:45:46.045 - [robot_6_log_20260602_144504.csv] - DEBUG - Incoming data. Topic agent/6/wheel, mensaje {"Wleft":-9.672818e-15,"Wright":-1.669775429e-14}
2026-06-02 14:45:46.075 - [robot_6_log_20260602_144504.csv] - DEBUG - Incoming data. Topic agent/6/wheel, mensaje {"Wleft":-9.672818e-15,"Wright":-1.669775429e-14}
2026-06-02 14:45:46.083 - [robot_6_log_20260602_144504.csv] - INFO - Usando posición VISION: x=98.71, y=123.64, θ=2.44
2026-06-02 14:45:46.083 - [robot_6_log_20260602_144504.csv] - INFO - Distancias a paredes: Left: 98.71, Right: 351.29, Top: 16.36, Bottom: 123.64
2026-06-02 14:45:46.083 - [robot_6_log_20260602_144504.csv] - INFO - Posicion: 98.71, 123.64, 2.44 | Velocidad: -0.6454349983343707, -0.7638152020777741
2026-06-02 14:45:46.083 - [robot_6_log_20260602_144504.csv] - INFO - None
2026-06-02 14:45:46.083 - [robot_6_log_20260602_144504.csv] - WARNING - Estado FSM: ESPERANDO_GIRO | Target Wall: None | Target Theta: 10.08° |theta: 139.80170201192087 
2026-06-02 14:45:46.094 - [robot_6_log_20260602_144504.csv] - DEBUG - Incoming data. Topic 6/pos, mensaje {"x": 98.7, "y": 123.62, "yaw": 2.433, "timestamp": 1780404346.0852315}
2026-06-02 14:45:46.094 - [robot_6_log_20260602_144504.csv] - DEBUG - Posición actualizada por visión: x=98.70, y=123.62, θ=2.43
2026-06-02 14:45:46.094 - [robot_6_log_20260602_144504.csv] - DEBUG - Frecuencia: 16.22 Hz | Latencia Red/Proc: 9.73 ms
2026-06-02 14:45:46.095 - [robot_6_log_20260602_144504.csv] - DEBUG - Incoming data. Topic 6/pos, mensaje {"x": 98.7, "y": 123.62, "yaw": 2.433, "timestamp": 1780404346.0852315}
2026-06-02 14:45:46.095 - [robot_6_log_20260602_144504.csv] - DEBUG - Posición actualizada por visión: x=98.70, y=123.62, θ=2.43
2026-06-02 14:45:46.100 - [robot_6_log_20260602_144504.csv] - DEBUG - Frecuencia: 193.74 Hz | Latencia Red/Proc: 14.89 ms
2026-06-02 14:45:46.105 - [robot_6_log_20260602_144504.csv] - DEBUG - Incoming data. Topic 6/pos, mensaje {"x": 98.7, "y": 123.62, "yaw": 2.433, "timestamp": 1780404346.0948699}
2026-06-02 14:45:46.110 - [robot_6_log_20260602_144504.csv] - DEBUG - Posición actualizada por visión: x=98.70, y=123.62, θ=2.43
2026-06-02 14:45:46.110 - [robot_6_log_20260602_144504.csv] - DEBUG - Frecuencia: 97.43 Hz | Latencia Red/Proc: 15.51 ms
2026-06-02 14:45:46.115 - [robot_6_log_20260602_144504.csv] - DEBUG - Incoming data. Topic 6/pos, mensaje {"x": 98.7, "y": 123.62, "yaw": 2.433, "timestamp": 1780404346.0948699}
2026-06-02 14:45:46.120 - [robot_6_log_20260602_144504.csv] - DEBUG - Posición actualizada por visión: x=98.70, y=123.62, θ=2.43
2026-06-02 14:45:46.125 - [robot_6_log_20260602_144504.csv] - DEBUG - Frecuencia: 65.02 Hz | Latencia Red/Proc: 30.90 ms
2026-06-02 14:45:46.133 - [robot_6_log_20260602_144504.csv] - INFO - Usando posición VISION: x=98.70, y=123.62, θ=2.43
2026-06-02 14:45:46.133 - [robot_6_log_20260602_144504.csv] - INFO - Distancias a paredes: Left: 98.70, Right: 351.30, Top: 16.38, Bottom: 123.62
2026-06-02 14:45:46.133 - [robot_6_log_20260602_144504.csv] - INFO - Posicion: 98.7, 123.62, 2.433 | Velocidad: -0.6507658479913643, -0.7592784805906727
2026-06-02 14:45:46.133 - [robot_6_log_20260602_144504.csv] - INFO - None
2026-06-02 14:45:46.133 - [robot_6_log_20260602_144504.csv] - WARNING - Estado FSM: ESPERANDO_GIRO | Target Wall: None | Target Theta: 10.08° |theta: 139.40063155532928 
2026-06-02 14:45:46.181 - [robot_6_log_20260602_144504.csv] - DEBUG - Incoming data. Topic agent/6/wheel, mensaje {"Wleft":-9.672818e-15,"Wright":-1.669775429e-14}
2026-06-02 14:45:46.183 - [robot_6_log_20260602_144504.csv] - INFO - Usando posición VISION: x=98.70, y=123.62, θ=2.43
2026-06-02 14:45:46.183 - [robot_6_log_20260602_144504.csv] - INFO - Distancias a paredes: Left: 98.70, Right: 351.30, Top: 16.38, Bottom: 123.62
2026-06-02 14:45:46.183 - [robot_6_log_20260602_144504.csv] - INFO - Posicion: 98.7, 123.62, 2.433 | Velocidad: -0.6507658479913643, -0.7592784805906727
2026-06-02 14:45:46.183 - [robot_6_log_20260602_144504.csv] - INFO - None
2026-06-02 14:45:46.183 - [robot_6_log_20260602_144504.csv] - WARNING - Estado FSM: ESPERANDO_GIRO | Target Wall: None | Target Theta: 10.08° |theta: 139.40063155532928 
2026-06-02 14:45:46.233 - [robot_6_log_20260602_144504.csv] - INFO - Usando posición VISION: x=98.70, y=123.62, θ=2.43
2026-06-02 14:45:46.233 - [robot_6_log_20260602_144504.csv] - INFO - Distancias a paredes: Left: 98.70, Right: 351.30, Top: 16.38, Bottom: 123.62
2026-06-02 14:45:46.233 - [robot_6_log_20260602_144504.csv] - INFO - Posicion: 98.7, 123.62, 2.433 | Velocidad: -0.6507658479913643, -0.7592784805906727
2026-06-02 14:45:46.233 - [robot_6_log_20260602_144504.csv] - INFO - None
2026-06-02 14:45:46.233 - [robot_6_log_20260602_144504.csv] - WARNING - Estado FSM: ESPERANDO_GIRO | Target Wall: None | Target Theta: 10.08° |theta: 139.40063155532928 
2026-06-02 14:45:46.283 - [robot_6_log_20260602_144504.csv] - INFO - Usando posición VISION: x=98.70, y=123.62, θ=2.43
2026-06-02 14:45:46.283 - [robot_6_log_20260602_144504.csv] - INFO - Distancias a paredes: Left: 98.70, Right: 351.30, Top: 16.38, Bottom: 123.62
2026-06-02 14:45:46.283 - [robot_6_log_20260602_144504.csv] - INFO - Posicion: 98.7, 123.62, 2.433 | Velocidad: -0.6507658479913643, -0.7592784805906727
2026-06-02 14:45:46.283 - [robot_6_log_20260602_144504.csv] - INFO - None
2026-06-02 14:45:46.283 - [robot_6_log_20260602_144504.csv] - WARNING - Estado FSM: ESPERANDO_GIRO | Target Wall: None | Target Theta: 10.08° |theta: 139.40063155532928 
2026-06-02 14:45:46.294 - [robot_6_log_20260602_144504.csv] - DEBUG - Incoming data. Topic 6/pos, mensaje {"x": 98.72, "y": 123.64, "yaw": 2.437, "timestamp": 1780404346.2818642}
2026-06-02 14:45:46.305 - [robot_6_log_20260602_144504.csv] - DEBUG - Posición actualizada por visión: x=98.72, y=123.64, θ=2.44
2026-06-02 14:45:46.305 - [robot_6_log_20260602_144504.csv] - DEBUG - Frecuencia: 5.58 Hz | Latencia Red/Proc: 23.20 ms
2026-06-02 14:45:46.305 - [robot_6_log_20260602_144504.csv] - DEBUG - Incoming data. Topic 6/pos, mensaje {"x": 98.72, "y": 123.64, "yaw": 2.437, "timestamp": 1780404346.2818642}
2026-06-02 14:45:46.305 - [robot_6_log_20260602_144504.csv] - DEBUG - Posición actualizada por visión: x=98.72, y=123.64, θ=2.44
2026-06-02 14:45:46.305 - [robot_6_log_20260602_144504.csv] - DEBUG - Frecuencia: 3711.77 Hz | Latencia Red/Proc: 23.47 ms
2026-06-02 14:45:46.310 - [robot_6_log_20260602_144504.csv] - DEBUG - Incoming data. Topic 6/pos, mensaje {"x": 98.72, "y": 123.64, "yaw": 2.437, "timestamp": 1780404346.2920802}
2026-06-02 14:45:46.316 - [robot_6_log_20260602_144504.csv] - DEBUG - Posición actualizada por visión: x=98.72, y=123.64, θ=2.44
2026-06-02 14:45:46.322 - [robot_6_log_20260602_144504.csv] - DEBUG - Frecuencia: 59.98 Hz | Latencia Red/Proc: 29.93 ms
2026-06-02 14:45:46.332 - [robot_6_log_20260602_144504.csv] - DEBUG - Incoming data. Topic 6/pos, mensaje {"x": 98.72, "y": 123.64, "yaw": 2.437, "timestamp": 1780404346.2920802}
2026-06-02 14:45:46.333 - [robot_6_log_20260602_144504.csv] - INFO - Usando posición VISION: x=98.72, y=123.64, θ=2.44
2026-06-02 14:45:46.333 - [robot_6_log_20260602_144504.csv] - DEBUG - Posición actualizada por visión: x=98.72, y=123.64, θ=2.44
2026-06-02 14:45:46.333 - [robot_6_log_20260602_144504.csv] - INFO - Distancias a paredes: Left: 98.72, Right: 351.28, Top: 16.36, Bottom: 123.64
2026-06-02 14:45:46.333 - [robot_6_log_20260602_144504.csv] - DEBUG - Frecuencia: 88.50 Hz | Latencia Red/Proc: 41.23 ms
2026-06-02 14:45:46.333 - [robot_6_log_20260602_144504.csv] - INFO - Posicion: 98.72, 123.64, 2.437 | Velocidad: -0.6477235360481232, -0.7618754628213956
2026-06-02 14:45:46.333 - [robot_6_log_20260602_144504.csv] - INFO - None
2026-06-02 14:45:46.333 - [robot_6_log_20260602_144504.csv] - DEBUG - Incoming data. Topic agent/6/wheel, mensaje {"Wleft":-9.672818e-15,"Wright":-1.669775429e-14}
2026-06-02 14:45:46.333 - [robot_6_log_20260602_144504.csv] - WARNING - Estado FSM: ESPERANDO_GIRO | Target Wall: None | Target Theta: 10.08° |theta: 139.62981467338162 
2026-06-02 14:45:46.383 - [robot_6_log_20260602_144504.csv] - INFO - Usando posición VISION: x=98.72, y=123.64, θ=2.44
2026-06-02 14:45:46.383 - [robot_6_log_20260602_144504.csv] - INFO - Distancias a paredes: Left: 98.72, Right: 351.28, Top: 16.36, Bottom: 123.64
2026-06-02 14:45:46.383 - [robot_6_log_20260602_144504.csv] - DEBUG - Incoming data. Topic agent/6/wheel, mensaje {"Wleft":-9.672818e-15,"Wright":-1.669775429e-14}
2026-06-02 14:45:46.383 - [robot_6_log_20260602_144504.csv] - INFO - Posicion: 98.72, 123.64, 2.437 | Velocidad: -0.6477235360481232, -0.7618754628213956
2026-06-02 14:45:46.383 - [robot_6_log_20260602_144504.csv] - INFO - None
2026-06-02 14:45:46.383 - [robot_6_log_20260602_144504.csv] - WARNING - Estado FSM: ESPERANDO_GIRO | Target Wall: None | Target Theta: 10.08° |theta: 139.62981467338162 
2026-06-02 14:45:46.389 - [robot_6_log_20260602_144504.csv] - DEBUG - Incoming data. Topic 6/pos, mensaje {"x": 98.7, "y": 123.64, "yaw": 2.434, "timestamp": 1780404346.3860319}
2026-06-02 14:45:46.394 - [robot_6_log_20260602_144504.csv] - DEBUG - Posición actualizada por visión: x=98.70, y=123.64, θ=2.43
2026-06-02 14:45:46.400 - [robot_6_log_20260602_144504.csv] - DEBUG - Frecuencia: 14.91 Hz | Latencia Red/Proc: 14.34 ms
2026-06-02 14:45:46.406 - [robot_6_log_20260602_144504.csv] - DEBUG - Incoming data. Topic 6/pos, mensaje {"x": 98.7, "y": 123.64, "yaw": 2.434, "timestamp": 1780404346.3860319}
2026-06-02 14:45:46.412 - [robot_6_log_20260602_144504.csv] - DEBUG - Posición actualizada por visión: x=98.70, y=123.64, θ=2.43
2026-06-02 14:45:46.417 - [robot_6_log_20260602_144504.csv] - DEBUG - Frecuencia: 57.42 Hz | Latencia Red/Proc: 31.75 ms
2026-06-02 14:45:46.417 - [robot_6_log_20260602_144504.csv] - DEBUG - Incoming data. Topic 6/pos, mensaje {"x": 98.7, "y": 123.64, "yaw": 2.434, "timestamp": 1780404346.3962076}
2026-06-02 14:45:46.417 - [robot_6_log_20260602_144504.csv] - DEBUG - Posición actualizada por visión: x=98.70, y=123.64, θ=2.43
2026-06-02 14:45:46.417 - [robot_6_log_20260602_144504.csv] - DEBUG - Frecuencia: 7710.12 Hz | Latencia Red/Proc: 21.71 ms
2026-06-02 14:45:46.418 - [robot_6_log_20260602_144504.csv] - DEBUG - Incoming data. Topic 6/pos, mensaje {"x": 98.7, "y": 123.64, "yaw": 2.434, "timestamp": 1780404346.3962076}
2026-06-02 14:45:46.418 - [robot_6_log_20260602_144504.csv] - DEBUG - Posición actualizada por visión: x=98.70, y=123.64, θ=2.43
2026-06-02 14:45:46.418 - [robot_6_log_20260602_144504.csv] - DEBUG - Frecuencia: 7423.55 Hz | Latencia Red/Proc: 21.84 ms
2026-06-02 14:45:46.433 - [robot_6_log_20260602_144504.csv] - INFO - Usando posición VISION: x=98.70, y=123.64, θ=2.43
2026-06-02 14:45:46.433 - [robot_6_log_20260602_144504.csv] - INFO - Distancias a paredes: Left: 98.70, Right: 351.30, Top: 16.36, Bottom: 123.64
2026-06-02 14:45:46.433 - [robot_6_log_20260602_144504.csv] - INFO - Posicion: 98.7, 123.64, 2.434 | Velocidad: -0.6500062442544229, -0.7599288666909947
2026-06-02 14:45:46.433 - [robot_6_log_20260602_144504.csv] - INFO - None
2026-06-02 14:45:46.433 - [robot_6_log_20260602_144504.csv] - WARNING - Estado FSM: ESPERANDO_GIRO | Target Wall: None | Target Theta: 10.08° |theta: 139.4579273348424 
2026-06-02 14:45:46.483 - [robot_6_log_20260602_144504.csv] - INFO - Usando posición VISION: x=98.70, y=123.64, θ=2.43
2026-06-02 14:45:46.483 - [robot_6_log_20260602_144504.csv] - DEBUG - Incoming data. Topic 6/pos, mensaje {"x": 98.72, "y": 123.63, "yaw": 2.438, "timestamp": 1780404346.4825006}
2026-06-02 14:45:46.483 - [robot_6_log_20260602_144504.csv] - INFO - Distancias a paredes: Left: 98.70, Right: 351.30, Top: 16.36, Bottom: 123.64
2026-06-02 14:45:46.483 - [robot_6_log_20260602_144504.csv] - DEBUG - Posición actualizada por visión: x=98.72, y=123.63, θ=2.44
2026-06-02 14:45:46.483 - [robot_6_log_20260602_144504.csv] - INFO - Posicion: 98.7, 123.64, 2.434 | Velocidad: -0.6500062442544229, -0.7599288666909947
2026-06-02 14:45:46.483 - [robot_6_log_20260602_144504.csv] - DEBUG - Frecuencia: 15.29 Hz | Latencia Red/Proc: 0.96 ms
2026-06-02 14:45:46.483 - [robot_6_log_20260602_144504.csv] - INFO - None
2026-06-02 14:45:46.483 - [robot_6_log_20260602_144504.csv] - DEBUG - Incoming data. Topic 6/pos, mensaje {"x": 98.72, "y": 123.63, "yaw": 2.438, "timestamp": 1780404346.4825006}
2026-06-02 14:45:46.483 - [robot_6_log_20260602_144504.csv] - WARNING - Estado FSM: ESPERANDO_GIRO | Target Wall: None | Target Theta: 10.08° |theta: 139.4579273348424 
2026-06-02 14:45:46.483 - [robot_6_log_20260602_144504.csv] - DEBUG - Posición actualizada por visión: x=98.72, y=123.63, θ=2.44
2026-06-02 14:45:46.488 - [robot_6_log_20260602_144504.csv] - DEBUG - Frecuencia: 188.13 Hz | Latencia Red/Proc: 6.28 ms
2026-06-02 14:45:46.500 - [robot_6_log_20260602_144504.csv] - DEBUG - Incoming data. Topic 6/pos, mensaje {"x": 98.72, "y": 123.63, "yaw": 2.438, "timestamp": 1780404346.4923165}
2026-06-02 14:45:46.505 - [robot_6_log_20260602_144504.csv] - DEBUG - Posición actualizada por visión: x=98.72, y=123.63, θ=2.44
2026-06-02 14:45:46.510 - [robot_6_log_20260602_144504.csv] - DEBUG - Frecuencia: 46.58 Hz | Latencia Red/Proc: 17.93 ms
2026-06-02 14:45:46.515 - [robot_6_log_20260602_144504.csv] - DEBUG - Incoming data. Topic 6/pos, mensaje {"x": 98.72, "y": 123.63, "yaw": 2.438, "timestamp": 1780404346.4923165}
2026-06-02 14:45:46.520 - [robot_6_log_20260602_144504.csv] - DEBUG - Posición actualizada por visión: x=98.72, y=123.63, θ=2.44
2026-06-02 14:45:46.525 - [robot_6_log_20260602_144504.csv] - DEBUG - Frecuencia: 65.29 Hz | Latencia Red/Proc: 33.25 ms
2026-06-02 14:45:46.533 - [robot_6_log_20260602_144504.csv] - INFO - Usando posición VISION: x=98.72, y=123.63, θ=2.44
2026-06-02 14:45:46.533 - [robot_6_log_20260602_144504.csv] - INFO - Distancias a paredes: Left: 98.72, Right: 351.28, Top: 16.37, Bottom: 123.63
2026-06-02 14:45:46.533 - [robot_6_log_20260602_144504.csv] - INFO - Posicion: 98.72, 123.63, 2.438 | Velocidad: -0.6469613368505397, -0.7625228053117904
2026-06-02 14:45:46.533 - [robot_6_log_20260602_144504.csv] - INFO - None
2026-06-02 14:45:46.533 - [robot_6_log_20260602_144504.csv] - WARNING - Estado FSM: ESPERANDO_GIRO | Target Wall: None | Target Theta: 10.08° |theta: 139.6871104528947 
2026-06-02 14:45:46.538 - [robot_6_log_20260602_144504.csv] - DEBUG - Incoming data. Topic agent/6/wheel, mensaje {"Wleft":-9.672818e-15,"Wright":-1.669775429e-14}
2026-06-02 14:45:46.583 - [robot_6_log_20260602_144504.csv] - INFO - Usando posición VISION: x=98.72, y=123.63, θ=2.44
2026-06-02 14:45:46.583 - [robot_6_log_20260602_144504.csv] - DEBUG - Incoming data. Topic agent/6/wheel, mensaje {"Wleft":-9.672818e-15,"Wright":-1.669775429e-14}
2026-06-02 14:45:46.583 - [robot_6_log_20260602_144504.csv] - INFO - Distancias a paredes: Left: 98.72, Right: 351.28, Top: 16.37, Bottom: 123.63
2026-06-02 14:45:46.583 - [robot_6_log_20260602_144504.csv] - INFO - Posicion: 98.72, 123.63, 2.438 | Velocidad: -0.6469613368505397, -0.7625228053117904
2026-06-02 14:45:46.583 - [robot_6_log_20260602_144504.csv] - INFO - None
2026-06-02 14:45:46.583 - [robot_6_log_20260602_144504.csv] - WARNING - Estado FSM: ESPERANDO_GIRO | Target Wall: None | Target Theta: 10.08° |theta: 139.6871104528947 
2026-06-02 14:45:46.589 - [robot_6_log_20260602_144504.csv] - DEBUG - Incoming data. Topic 6/pos, mensaje {"x": 98.73, "y": 123.62, "yaw": 2.438, "timestamp": 1780404346.5881913}
2026-06-02 14:45:46.594 - [robot_6_log_20260602_144504.csv] - DEBUG - Posición actualizada por visión: x=98.73, y=123.62, θ=2.44
2026-06-02 14:45:46.599 - [robot_6_log_20260602_144504.csv] - DEBUG - Frecuencia: 13.49 Hz | Latencia Red/Proc: 11.53 ms
2026-06-02 14:45:46.611 - [robot_6_log_20260602_144504.csv] - DEBUG - Incoming data. Topic 6/pos, mensaje {"x": 98.73, "y": 123.62, "yaw": 2.438, "timestamp": 1780404346.5881913}
2026-06-02 14:45:46.616 - [robot_6_log_20260602_144504.csv] - DEBUG - Posición actualizada por visión: x=98.73, y=123.62, θ=2.44
2026-06-02 14:45:46.621 - [robot_6_log_20260602_144504.csv] - DEBUG - Frecuencia: 46.40 Hz | Latencia Red/Proc: 33.08 ms
2026-06-02 14:45:46.626 - [robot_6_log_20260602_144504.csv] - DEBUG - Incoming data. Topic 6/pos, mensaje {"x": 98.73, "y": 123.62, "yaw": 2.438, "timestamp": 1780404346.5999696}
2026-06-02 14:45:46.626 - [robot_6_log_20260602_144504.csv] - DEBUG - Posición actualizada por visión: x=98.73, y=123.62, θ=2.44
2026-06-02 14:45:46.631 - [robot_6_log_20260602_144504.csv] - DEBUG - Frecuencia: 97.75 Hz | Latencia Red/Proc: 31.53 ms
2026-06-02 14:45:46.631 - [robot_6_log_20260602_144504.csv] - DEBUG - Incoming data. Topic 6/pos, mensaje {"x": 98.73, "y": 123.62, "yaw": 2.438, "timestamp": 1780404346.5999696}
2026-06-02 14:45:46.633 - [robot_6_log_20260602_144504.csv] - INFO - Usando posición VISION: x=98.73, y=123.62, θ=2.44
2026-06-02 14:45:46.633 - [robot_6_log_20260602_144504.csv] - DEBUG - Posición actualizada por visión: x=98.73, y=123.62, θ=2.44
2026-06-02 14:45:46.633 - [robot_6_log_20260602_144504.csv] - INFO - Distancias a paredes: Left: 98.73, Right: 351.27, Top: 16.38, Bottom: 123.62
2026-06-02 14:45:46.633 - [robot_6_log_20260602_144504.csv] - DEBUG - Frecuencia: 544.57 Hz | Latencia Red/Proc: 33.37 ms
2026-06-02 14:45:46.633 - [robot_6_log_20260602_144504.csv] - INFO - Posicion: 98.73, 123.62, 2.438 | Velocidad: -0.6469613368505397, -0.7625228053117904
2026-06-02 14:45:46.633 - [robot_6_log_20260602_144504.csv] - INFO - None
2026-06-02 14:45:46.633 - [robot_6_log_20260602_144504.csv] - WARNING - Estado FSM: ESPERANDO_GIRO | Target Wall: None | Target Theta: 10.08° |theta: 139.6871104528947 
2026-06-02 14:45:46.683 - [robot_6_log_20260602_144504.csv] - INFO - Usando posición VISION: x=98.73, y=123.62, θ=2.44
2026-06-02 14:45:46.683 - [robot_6_log_20260602_144504.csv] - INFO - Distancias a paredes: Left: 98.73, Right: 351.27, Top: 16.38, Bottom: 123.62
2026-06-02 14:45:46.683 - [robot_6_log_20260602_144504.csv] - INFO - Posicion: 98.73, 123.62, 2.438 | Velocidad: -0.6469613368505397, -0.7625228053117904
2026-06-02 14:45:46.683 - [robot_6_log_20260602_144504.csv] - INFO - None
2026-06-02 14:45:46.683 - [robot_6_log_20260602_144504.csv] - WARNING - Estado FSM: ESPERANDO_GIRO | Target Wall: None | Target Theta: 10.08° |theta: 139.6871104528947 
2026-06-02 14:45:46.688 - [robot_6_log_20260602_144504.csv] - DEBUG - Incoming data. Topic agent/6/wheel, mensaje {"Wleft":-9.672818e-15,"Wright":-1.669775429e-14}
2026-06-02 14:45:46.693 - [robot_6_log_20260602_144504.csv] - DEBUG - Incoming data. Topic 6/pos, mensaje {"x": 98.72, "y": 123.62, "yaw": 2.437, "timestamp": 1780404346.6841044}
2026-06-02 14:45:46.693 - [robot_6_log_20260602_144504.csv] - DEBUG - Posición actualizada por visión: x=98.72, y=123.62, θ=2.44
2026-06-02 14:45:46.693 - [robot_6_log_20260602_144504.csv] - DEBUG - Frecuencia: 16.49 Hz | Latencia Red/Proc: 9.86 ms
2026-06-02 14:45:46.694 - [robot_6_log_20260602_144504.csv] - DEBUG - Incoming data. Topic 6/pos, mensaje {"x": 98.72, "y": 123.62, "yaw": 2.437, "timestamp": 1780404346.6841044}
2026-06-02 14:45:46.700 - [robot_6_log_20260602_144504.csv] - DEBUG - Posición actualizada por visión: x=98.72, y=123.62, θ=2.44
2026-06-02 14:45:46.705 - [robot_6_log_20260602_144504.csv] - DEBUG - Frecuencia: 87.32 Hz | Latencia Red/Proc: 21.32 ms
2026-06-02 14:45:46.710 - [robot_6_log_20260602_144504.csv] - DEBUG - Incoming data. Topic 6/pos, mensaje {"x": 98.72, "y": 123.62, "yaw": 2.437, "timestamp": 1780404346.6970513}
2026-06-02 14:45:46.715 - [robot_6_log_20260602_144504.csv] - DEBUG - Posición actualizada por visión: x=98.72, y=123.62, θ=2.44
2026-06-02 14:45:46.715 - [robot_6_log_20260602_144504.csv] - DEBUG - Frecuencia: 96.94 Hz | Latencia Red/Proc: 18.68 ms
2026-06-02 14:45:46.733 - [robot_6_log_20260602_144504.csv] - INFO - Usando posición VISION: x=98.72, y=123.62, θ=2.44
2026-06-02 14:45:46.733 - [robot_6_log_20260602_144504.csv] - INFO - Distancias a paredes: Left: 98.72, Right: 351.28, Top: 16.38, Bottom: 123.62
2026-06-02 14:45:46.733 - [robot_6_log_20260602_144504.csv] - INFO - Posicion: 98.72, 123.62, 2.437 | Velocidad: -0.6477235360481232, -0.7618754628213956
2026-06-02 14:45:46.733 - [robot_6_log_20260602_144504.csv] - INFO - None
2026-06-02 14:45:46.733 - [robot_6_log_20260602_144504.csv] - WARNING - Estado FSM: ESPERANDO_GIRO | Target Wall: None | Target Theta: 10.08° |theta: 139.62981467338162 
2026-06-02 14:45:46.744 - [robot_6_log_20260602_144504.csv] - DEBUG - Incoming data. Topic 6/pos, mensaje {"x": 98.72, "y": 123.62, "yaw": 2.437, "timestamp": 1780404346.6970513}
2026-06-02 14:45:46.749 - [robot_6_log_20260602_144504.csv] - DEBUG - Posición actualizada por visión: x=98.72, y=123.62, θ=2.44
2026-06-02 14:45:46.749 - [robot_6_log_20260602_144504.csv] - DEBUG - Frecuencia: 29.38 Hz | Latencia Red/Proc: 52.72 ms
2026-06-02 14:45:46.783 - [robot_6_log_20260602_144504.csv] - INFO - Usando posición VISION: x=98.72, y=123.62, θ=2.44
2026-06-02 14:45:46.783 - [robot_6_log_20260602_144504.csv] - INFO - Distancias a paredes: Left: 98.72, Right: 351.28, Top: 16.38, Bottom: 123.62
2026-06-02 14:45:46.783 - [robot_6_log_20260602_144504.csv] - INFO - Posicion: 98.72, 123.62, 2.437 | Velocidad: -0.6477235360481232, -0.7618754628213956
2026-06-02 14:45:46.783 - [robot_6_log_20260602_144504.csv] - INFO - None
2026-06-02 14:45:46.783 - [robot_6_log_20260602_144504.csv] - WARNING - Estado FSM: ESPERANDO_GIRO | Target Wall: None | Target Theta: 10.08° |theta: 139.62981467338162 
2026-06-02 14:45:46.794 - [robot_6_log_20260602_144504.csv] - DEBUG - Incoming data. Topic 6/pos, mensaje {"x": 98.71, "y": 123.64, "yaw": 2.438, "timestamp": 1780404346.7884965}
2026-06-02 14:45:46.799 - [robot_6_log_20260602_144504.csv] - DEBUG - Posición actualizada por visión: x=98.71, y=123.64, θ=2.44
2026-06-02 14:45:46.799 - [robot_6_log_20260602_144504.csv] - DEBUG - Frecuencia: 20.01 Hz | Latencia Red/Proc: 11.25 ms
2026-06-02 14:45:46.815 - [robot_6_log_20260602_144504.csv] - DEBUG - Incoming data. Topic 6/pos, mensaje {"x": 98.71, "y": 123.64, "yaw": 2.438, "timestamp": 1780404346.7884965}
2026-06-02 14:45:46.820 - [robot_6_log_20260602_144504.csv] - DEBUG - Posición actualizada por visión: x=98.71, y=123.64, θ=2.44
2026-06-02 14:45:46.820 - [robot_6_log_20260602_144504.csv] - DEBUG - Frecuencia: 48.78 Hz | Latencia Red/Proc: 31.75 ms
2026-06-02 14:45:46.820 - [robot_6_log_20260602_144504.csv] - DEBUG - Incoming data. Topic 6/pos, mensaje {"x": 98.71, "y": 123.64, "yaw": 2.438, "timestamp": 1780404346.7981424}
2026-06-02 14:45:46.825 - [robot_6_log_20260602_144504.csv] - DEBUG - Posición actualizada por visión: x=98.71, y=123.64, θ=2.44
2026-06-02 14:45:46.825 - [robot_6_log_20260602_144504.csv] - DEBUG - Frecuencia: 193.69 Hz | Latencia Red/Proc: 27.27 ms
2026-06-02 14:45:46.825 - [robot_6_log_20260602_144504.csv] - DEBUG - Incoming data. Topic 6/pos, mensaje {"x": 98.71, "y": 123.64, "yaw": 2.438, "timestamp": 1780404346.7981424}
2026-06-02 14:45:46.825 - [robot_6_log_20260602_144504.csv] - DEBUG - Posición actualizada por visión: x=98.71, y=123.64, θ=2.44
2026-06-02 14:45:46.825 - [robot_6_log_20260602_144504.csv] - DEBUG - Frecuencia: 25266.89 Hz | Latencia Red/Proc: 27.31 ms
2026-06-02 14:45:46.833 - [robot_6_log_20260602_144504.csv] - INFO - Usando posición VISION: x=98.71, y=123.64, θ=2.44
2026-06-02 14:45:46.833 - [robot_6_log_20260602_144504.csv] - INFO - Distancias a paredes: Left: 98.71, Right: 351.29, Top: 16.36, Bottom: 123.64
2026-06-02 14:45:46.833 - [robot_6_log_20260602_144504.csv] - INFO - Posicion: 98.71, 123.64, 2.438 | Velocidad: -0.6469613368505397, -0.7625228053117904
2026-06-02 14:45:46.833 - [robot_6_log_20260602_144504.csv] - INFO - None
2026-06-02 14:45:46.833 - [robot_6_log_20260602_144504.csv] - WARNING - Estado FSM: ESPERANDO_GIRO | Target Wall: None | Target Theta: 10.08° |theta: 139.6871104528947 
2026-06-02 14:45:46.839 - [robot_6_log_20260602_144504.csv] - DEBUG - Incoming data. Topic agent/6/wheel, mensaje {"Wleft":-9.672818e-15,"Wright":-1.669775429e-14}
2026-06-02 14:45:46.883 - [robot_6_log_20260602_144504.csv] - INFO - Usando posición VISION: x=98.71, y=123.64, θ=2.44
2026-06-02 14:45:46.883 - [robot_6_log_20260602_144504.csv] - DEBUG - Incoming data. Topic 6/pos, mensaje {"x": 98.71, "y": 123.62, "yaw": 2.435, "timestamp": 1780404346.882172}
2026-06-02 14:45:46.883 - [robot_6_log_20260602_144504.csv] - INFO - Distancias a paredes: Left: 98.71, Right: 351.29, Top: 16.36, Bottom: 123.64
2026-06-02 14:45:46.883 - [robot_6_log_20260602_144504.csv] - DEBUG - Posición actualizada por visión: x=98.71, y=123.62, θ=2.44
2026-06-02 14:45:46.883 - [robot_6_log_20260602_144504.csv] - INFO - Posicion: 98.71, 123.64, 2.438 | Velocidad: -0.6469613368505397, -0.7625228053117904
2026-06-02 14:45:46.883 - [robot_6_log_20260602_144504.csv] - DEBUG - Frecuencia: 17.25 Hz | Latencia Red/Proc: 1.23 ms
2026-06-02 14:45:46.883 - [robot_6_log_20260602_144504.csv] - INFO - None
2026-06-02 14:45:46.883 - [robot_6_log_20260602_144504.csv] - DEBUG - Incoming data. Topic 6/pos, mensaje {"x": 98.71, "y": 123.62, "yaw": 2.435, "timestamp": 1780404346.882172}
2026-06-02 14:45:46.883 - [robot_6_log_20260602_144504.csv] - DEBUG - Posición actualizada por visión: x=98.71, y=123.62, θ=2.44
2026-06-02 14:45:46.883 - [robot_6_log_20260602_144504.csv] - DEBUG - Frecuencia: 7037.42 Hz | Latencia Red/Proc: 1.37 ms
2026-06-02 14:45:46.883 - [robot_6_log_20260602_144504.csv] - WARNING - Estado FSM: ESPERANDO_GIRO | Target Wall: None | Target Theta: 10.08° |theta: 139.6871104528947 
2026-06-02 14:45:46.895 - [robot_6_log_20260602_144504.csv] - DEBUG - Incoming data. Topic 6/pos, mensaje {"x": 98.71, "y": 123.62, "yaw": 2.435, "timestamp": 1780404346.8901272}
2026-06-02 14:45:46.900 - [robot_6_log_20260602_144504.csv] - DEBUG - Posición actualizada por visión: x=98.71, y=123.62, θ=2.44
2026-06-02 14:45:46.905 - [robot_6_log_20260602_144504.csv] - DEBUG - Frecuencia: 44.85 Hz | Latencia Red/Proc: 15.71 ms
2026-06-02 14:45:46.911 - [robot_6_log_20260602_144504.csv] - DEBUG - Incoming data. Topic agent/6/wheel, mensaje {"Wleft":-9.672818e-15,"Wright":-1.669775429e-14}
2026-06-02 14:45:46.933 - [robot_6_log_20260602_144504.csv] - INFO - Usando posición VISION: x=98.71, y=123.62, θ=2.44
2026-06-02 14:45:46.933 - [robot_6_log_20260602_144504.csv] - DEBUG - Incoming data. Topic 6/pos, mensaje {"x": 98.71, "y": 123.62, "yaw": 2.435, "timestamp": 1780404346.8901272}
2026-06-02 14:45:46.933 - [robot_6_log_20260602_144504.csv] - INFO - Distancias a paredes: Left: 98.71, Right: 351.29, Top: 16.38, Bottom: 123.62
2026-06-02 14:45:46.933 - [robot_6_log_20260602_144504.csv] - DEBUG - Posición actualizada por visión: x=98.71, y=123.62, θ=2.44
2026-06-02 14:45:46.933 - [robot_6_log_20260602_144504.csv] - INFO - Posicion: 98.71, 123.62, 2.435 | Velocidad: -0.6492459905112917, -0.760578492862513
2026-06-02 14:45:46.933 - [robot_6_log_20260602_144504.csv] - DEBUG - Frecuencia: 36.25 Hz | Latencia Red/Proc: 43.30 ms
2026-06-02 14:45:46.933 - [robot_6_log_20260602_144504.csv] - INFO - None
2026-06-02 14:45:46.933 - [robot_6_log_20260602_144504.csv] - WARNING - Estado FSM: ESPERANDO_GIRO | Target Wall: None | Target Theta: 10.08° |theta: 139.51522311435545 
2026-06-02 14:45:46.983 - [robot_6_log_20260602_144504.csv] - INFO - Usando posición VISION: x=98.71, y=123.62, θ=2.44
2026-06-02 14:45:46.983 - [robot_6_log_20260602_144504.csv] - INFO - Distancias a paredes: Left: 98.71, Right: 351.29, Top: 16.38, Bottom: 123.62
2026-06-02 14:45:46.983 - [robot_6_log_20260602_144504.csv] - INFO - Posicion: 98.71, 123.62, 2.435 | Velocidad: -0.6492459905112917, -0.760578492862513
2026-06-02 14:45:46.983 - [robot_6_log_20260602_144504.csv] - INFO - None
2026-06-02 14:45:46.983 - [robot_6_log_20260602_144504.csv] - WARNING - Estado FSM: ESPERANDO_GIRO | Target Wall: None | Target Theta: 10.08° |theta: 139.51522311435545 
2026-06-02 14:45:46.989 - [robot_6_log_20260602_144504.csv] - DEBUG - Incoming data. Topic 6/pos, mensaje {"x": 98.71, "y": 123.62, "yaw": 2.436, "timestamp": 1780404346.9881718}
2026-06-02 14:45:46.994 - [robot_6_log_20260602_144504.csv] - DEBUG - Posición actualizada por visión: x=98.71, y=123.62, θ=2.44
2026-06-02 14:45:46.999 - [robot_6_log_20260602_144504.csv] - DEBUG - Frecuencia: 15.10 Hz | Latencia Red/Proc: 11.50 ms
2026-06-02 14:45:46.999 - [robot_6_log_20260602_144504.csv] - DEBUG - Incoming data. Topic 6/pos, mensaje {"x": 98.71, "y": 123.62, "yaw": 2.436, "timestamp": 1780404346.9881718}
2026-06-02 14:45:46.999 - [robot_6_log_20260602_144504.csv] - DEBUG - Posición actualizada por visión: x=98.71, y=123.62, θ=2.44
2026-06-02 14:45:46.999 - [robot_6_log_20260602_144504.csv] - DEBUG - Frecuencia: 4052.47 Hz | Latencia Red/Proc: 11.75 ms
2026-06-02 14:45:47.000 - [robot_6_log_20260602_144504.csv] - DEBUG - Incoming data. Topic 6/pos, mensaje {"x": 98.71, "y": 123.62, "yaw": 2.436, "timestamp": 1780404346.998012}
2026-06-02 14:45:47.000 - [robot_6_log_20260602_144504.csv] - DEBUG - Posición actualizada por visión: x=98.71, y=123.62, θ=2.44
2026-06-02 14:45:47.000 - [robot_6_log_20260602_144504.csv] - DEBUG - Frecuencia: 4429.04 Hz | Latencia Red/Proc: 2.13 ms
2026-06-02 14:45:47.000 - [robot_6_log_20260602_144504.csv] - DEBUG - Incoming data. Topic 6/pos, mensaje {"x": 98.71, "y": 123.62, "yaw": 2.436, "timestamp": 1780404346.998012}
2026-06-02 14:45:47.000 - [robot_6_log_20260602_144504.csv] - DEBUG - Posición actualizada por visión: x=98.71, y=123.62, θ=2.44
2026-06-02 14:45:47.000 - [robot_6_log_20260602_144504.csv] - DEBUG - Frecuencia: 6944.21 Hz | Latencia Red/Proc: 2.28 ms
2026-06-02 14:45:47.033 - [robot_6_log_20260602_144504.csv] - INFO - Usando posición VISION: x=98.71, y=123.62, θ=2.44
2026-06-02 14:45:47.033 - [robot_6_log_20260602_144504.csv] - INFO - Distancias a paredes: Left: 98.71, Right: 351.29, Top: 16.38, Bottom: 123.62
2026-06-02 14:45:47.033 - [robot_6_log_20260602_144504.csv] - INFO - Posicion: 98.71, 123.62, 2.436 | Velocidad: -0.6484850875222241, -0.7612273584556019
2026-06-02 14:45:47.033 - [robot_6_log_20260602_144504.csv] - INFO - None
2026-06-02 14:45:47.033 - [robot_6_log_20260602_144504.csv] - WARNING - Estado FSM: ESPERANDO_GIRO | Target Wall: None | Target Theta: 10.08° |theta: 139.57251889386853 
2026-06-02 14:45:47.049 - [robot_6_log_20260602_144504.csv] - DEBUG - Incoming data. Topic agent/6/wheel, mensaje {"Wleft":-9.672818e-15,"Wright":-1.669775429e-14}
2026-06-02 14:45:47.083 - [robot_6_log_20260602_144504.csv] - INFO - Usando posición VISION: x=98.71, y=123.62, θ=2.44
2026-06-02 14:45:47.083 - [robot_6_log_20260602_144504.csv] - INFO - Distancias a paredes: Left: 98.71, Right: 351.29, Top: 16.38, Bottom: 123.62
2026-06-02 14:45:47.083 - [robot_6_log_20260602_144504.csv] - INFO - Posicion: 98.71, 123.62, 2.436 | Velocidad: -0.6484850875222241, -0.7612273584556019
2026-06-02 14:45:47.083 - [robot_6_log_20260602_144504.csv] - INFO - None
2026-06-02 14:45:47.083 - [robot_6_log_20260602_144504.csv] - WARNING - Estado FSM: ESPERANDO_GIRO | Target Wall: None | Target Theta: 10.08° |theta: 139.57251889386853 
2026-06-02 14:45:47.120 - [robot_6_log_20260602_144504.csv] - DEBUG - Incoming data. Topic agent/6/wheel, mensaje {"Wleft":-9.672818e-15,"Wright":-1.669775429e-14}
2026-06-02 14:45:47.133 - [robot_6_log_20260602_144504.csv] - INFO - Usando posición VISION: x=98.71, y=123.62, θ=2.44
2026-06-02 14:45:47.133 - [robot_6_log_20260602_144504.csv] - INFO - Distancias a paredes: Left: 98.71, Right: 351.29, Top: 16.38, Bottom: 123.62
2026-06-02 14:45:47.133 - [robot_6_log_20260602_144504.csv] - INFO - Posicion: 98.71, 123.62, 2.436 | Velocidad: -0.6484850875222241, -0.7612273584556019
2026-06-02 14:45:47.133 - [robot_6_log_20260602_144504.csv] - INFO - None
2026-06-02 14:45:47.133 - [robot_6_log_20260602_144504.csv] - WARNING - Estado FSM: ESPERANDO_GIRO | Target Wall: None | Target Theta: 10.08° |theta: 139.57251889386853 
2026-06-02 14:45:47.183 - [robot_6_log_20260602_144504.csv] - INFO - Usando posición VISION: x=98.71, y=123.62, θ=2.44
2026-06-02 14:45:47.183 - [robot_6_log_20260602_144504.csv] - INFO - Distancias a paredes: Left: 98.71, Right: 351.29, Top: 16.38, Bottom: 123.62
2026-06-02 14:45:47.183 - [robot_6_log_20260602_144504.csv] - INFO - Posicion: 98.71, 123.62, 2.436 | Velocidad: -0.6484850875222241, -0.7612273584556019
2026-06-02 14:45:47.183 - [robot_6_log_20260602_144504.csv] - INFO - None
2026-06-02 14:45:47.183 - [robot_6_log_20260602_144504.csv] - WARNING - Estado FSM: ESPERANDO_GIRO | Target Wall: None | Target Theta: 10.08° |theta: 139.57251889386853 
2026-06-02 14:45:47.188 - [robot_6_log_20260602_144504.csv] - DEBUG - Incoming data. Topic 6/pos, mensaje {"x": 98.72, "y": 123.64, "yaw": 2.439, "timestamp": 1780404347.1864533}
2026-06-02 14:45:47.193 - [robot_6_log_20260602_144504.csv] - DEBUG - Posición actualizada por visión: x=98.72, y=123.64, θ=2.44
2026-06-02 14:45:47.199 - [robot_6_log_20260602_144504.csv] - DEBUG - Frecuencia: 5.03 Hz | Latencia Red/Proc: 12.70 ms
2026-06-02 14:45:47.199 - [robot_6_log_20260602_144504.csv] - DEBUG - Incoming data. Topic 6/pos, mensaje {"x": 98.72, "y": 123.64, "yaw": 2.439, "timestamp": 1780404347.1864533}
2026-06-02 14:45:47.199 - [robot_6_log_20260602_144504.csv] - DEBUG - Posición actualizada por visión: x=98.72, y=123.64, θ=2.44
2026-06-02 14:45:47.199 - [robot_6_log_20260602_144504.csv] - DEBUG - Frecuencia: 6213.78 Hz | Latencia Red/Proc: 12.86 ms
2026-06-02 14:45:47.199 - [robot_6_log_20260602_144504.csv] - DEBUG - Incoming data. Topic 6/pos, mensaje {"x": 98.72, "y": 123.64, "yaw": 2.439, "timestamp": 1780404347.1984642}
2026-06-02 14:45:47.199 - [robot_6_log_20260602_144504.csv] - DEBUG - Posición actualizada por visión: x=98.72, y=123.64, θ=2.44
2026-06-02 14:45:47.204 - [robot_6_log_20260602_144504.csv] - DEBUG - Frecuencia: 191.15 Hz | Latencia Red/Proc: 6.08 ms
2026-06-02 14:45:47.220 - [robot_6_log_20260602_144504.csv] - DEBUG - Incoming data. Topic 6/pos, mensaje {"x": 98.72, "y": 123.64, "yaw": 2.439, "timestamp": 1780404347.1984642}
2026-06-02 14:45:47.220 - [robot_6_log_20260602_144504.csv] - DEBUG - Posición actualizada por visión: x=98.72, y=123.64, θ=2.44
2026-06-02 14:45:47.220 - [robot_6_log_20260602_144504.csv] - DEBUG - Frecuencia: 61.63 Hz | Latencia Red/Proc: 22.31 ms
2026-06-02 14:45:47.233 - [robot_6_log_20260602_144504.csv] - INFO - Usando posición VISION: x=98.72, y=123.64, θ=2.44
2026-06-02 14:45:47.233 - [robot_6_log_20260602_144504.csv] - INFO - Distancias a paredes: Left: 98.72, Right: 351.28, Top: 16.36, Bottom: 123.64
2026-06-02 14:45:47.233 - [robot_6_log_20260602_144504.csv] - INFO - Posicion: 98.72, 123.64, 2.439 | Velocidad: -0.6461984906916737, -0.7631693852794431
2026-06-02 14:45:47.233 - [robot_6_log_20260602_144504.csv] - INFO - None
2026-06-02 14:45:47.233 - [robot_6_log_20260602_144504.csv] - WARNING - Estado FSM: ESPERANDO_GIRO | Target Wall: None | Target Theta: 10.08° |theta: 139.74440623240778 
2026-06-02 14:45:47.245 - [robot_6_log_20260602_144504.csv] - DEBUG - Incoming data. Topic agent/6/wheel, mensaje {"Wleft":-9.672818e-15,"Wright":-1.669775429e-14}
2026-06-02 14:45:47.283 - [robot_6_log_20260602_144504.csv] - INFO - Usando posición VISION: x=98.72, y=123.64, θ=2.44
2026-06-02 14:45:47.283 - [robot_6_log_20260602_144504.csv] - INFO - Distancias a paredes: Left: 98.72, Right: 351.28, Top: 16.36, Bottom: 123.64
2026-06-02 14:45:47.283 - [robot_6_log_20260602_144504.csv] - INFO - Posicion: 98.72, 123.64, 2.439 | Velocidad: -0.6461984906916737, -0.7631693852794431
2026-06-02 14:45:47.283 - [robot_6_log_20260602_144504.csv] - INFO - None
2026-06-02 14:45:47.283 - [robot_6_log_20260602_144504.csv] - WARNING - Estado FSM: ESPERANDO_GIRO | Target Wall: None | Target Theta: 10.08° |theta: 139.74440623240778 
2026-06-02 14:45:47.288 - [robot_6_log_20260602_144504.csv] - DEBUG - Incoming data. Topic 6/pos, mensaje {"x": 98.71, "y": 123.63, "yaw": 2.439, "timestamp": 1780404347.2820973}
2026-06-02 14:45:47.293 - [robot_6_log_20260602_144504.csv] - DEBUG - Posición actualizada por visión: x=98.71, y=123.63, θ=2.44
2026-06-02 14:45:47.298 - [robot_6_log_20260602_144504.csv] - DEBUG - Frecuencia: 12.80 Hz | Latencia Red/Proc: 16.78 ms
2026-06-02 14:45:47.303 - [robot_6_log_20260602_144504.csv] - DEBUG - Incoming data. Topic 6/pos, mensaje {"x": 98.71, "y": 123.63, "yaw": 2.439, "timestamp": 1780404347.2820973}
2026-06-02 14:45:47.309 - [robot_6_log_20260602_144504.csv] - DEBUG - Posición actualizada por visión: x=98.71, y=123.63, θ=2.44
2026-06-02 14:45:47.309 - [robot_6_log_20260602_144504.csv] - DEBUG - Frecuencia: 98.19 Hz | Latencia Red/Proc: 26.97 ms
2026-06-02 14:45:47.309 - [robot_6_log_20260602_144504.csv] - DEBUG - Incoming data. Topic 6/pos, mensaje {"x": 98.71, "y": 123.63, "yaw": 2.439, "timestamp": 1780404347.292416}
2026-06-02 14:45:47.309 - [robot_6_log_20260602_144504.csv] - DEBUG - Posición actualizada por visión: x=98.71, y=123.63, θ=2.44
2026-06-02 14:45:47.309 - [robot_6_log_20260602_144504.csv] - DEBUG - Frecuencia: 24244.53 Hz | Latencia Red/Proc: 16.69 ms
2026-06-02 14:45:47.315 - [robot_6_log_20260602_144504.csv] - DEBUG - Incoming data. Topic agent/6/wheel, mensaje {"Wleft":-9.672818e-15,"Wright":-1.669775429e-14}
2026-06-02 14:45:47.333 - [robot_6_log_20260602_144504.csv] - INFO - Usando posición VISION: x=98.71, y=123.63, θ=2.44
2026-06-02 14:45:47.333 - [robot_6_log_20260602_144504.csv] - INFO - Distancias a paredes: Left: 98.71, Right: 351.29, Top: 16.37, Bottom: 123.63
2026-06-02 14:45:47.333 - [robot_6_log_20260602_144504.csv] - INFO - Posicion: 98.71, 123.63, 2.439 | Velocidad: -0.6461984906916737, -0.7631693852794431
2026-06-02 14:45:47.333 - [robot_6_log_20260602_144504.csv] - INFO - None
2026-06-02 14:45:47.333 - [robot_6_log_20260602_144504.csv] - WARNING - Estado FSM: ESPERANDO_GIRO | Target Wall: None | Target Theta: 10.08° |theta: 139.74440623240778 
2026-06-02 14:45:47.338 - [robot_6_log_20260602_144504.csv] - DEBUG - Incoming data. Topic 6/pos, mensaje {"x": 98.71, "y": 123.63, "yaw": 2.439, "timestamp": 1780404347.292416}
2026-06-02 14:45:47.343 - [robot_6_log_20260602_144504.csv] - DEBUG - Posición actualizada por visión: x=98.71, y=123.63, θ=2.44
2026-06-02 14:45:47.343 - [robot_6_log_20260602_144504.csv] - DEBUG - Frecuencia: 28.73 Hz | Latencia Red/Proc: 51.50 ms
2026-06-02 14:45:47.383 - [robot_6_log_20260602_144504.csv] - INFO - Usando posición VISION: x=98.71, y=123.63, θ=2.44
2026-06-02 14:45:47.383 - [robot_6_log_20260602_144504.csv] - INFO - Distancias a paredes: Left: 98.71, Right: 351.29, Top: 16.37, Bottom: 123.63
2026-06-02 14:45:47.383 - [robot_6_log_20260602_144504.csv] - INFO - Posicion: 98.71, 123.63, 2.439 | Velocidad: -0.6461984906916737, -0.7631693852794431
2026-06-02 14:45:47.383 - [robot_6_log_20260602_144504.csv] - INFO - None
2026-06-02 14:45:47.383 - [robot_6_log_20260602_144504.csv] - WARNING - Estado FSM: ESPERANDO_GIRO | Target Wall: None | Target Theta: 10.08° |theta: 139.74440623240778 
2026-06-02 14:45:47.389 - [robot_6_log_20260602_144504.csv] - DEBUG - Incoming data. Topic 6/pos, mensaje {"x": 98.7, "y": 123.63, "yaw": 2.438, "timestamp": 1780404347.3860264}
2026-06-02 14:45:47.394 - [robot_6_log_20260602_144504.csv] - DEBUG - Posición actualizada por visión: x=98.70, y=123.63, θ=2.44
2026-06-02 14:45:47.400 - [robot_6_log_20260602_144504.csv] - DEBUG - Frecuencia: 17.62 Hz | Latencia Red/Proc: 14.65 ms
2026-06-02 14:45:47.405 - [robot_6_log_20260602_144504.csv] - DEBUG - Incoming data. Topic 6/pos, mensaje {"x": 98.7, "y": 123.63, "yaw": 2.438, "timestamp": 1780404347.3860264}
2026-06-02 14:45:47.410 - [robot_6_log_20260602_144504.csv] - DEBUG - Posición actualizada por visión: x=98.70, y=123.63, θ=2.44
2026-06-02 14:45:47.410 - [robot_6_log_20260602_144504.csv] - DEBUG - Frecuencia: 98.21 Hz | Latencia Red/Proc: 24.84 ms
2026-06-02 14:45:47.410 - [robot_6_log_20260602_144504.csv] - DEBUG - Incoming data. Topic 6/pos, mensaje {"x": 98.7, "y": 123.63, "yaw": 2.438, "timestamp": 1780404347.3979738}
2026-06-02 14:45:47.410 - [robot_6_log_20260602_144504.csv] - DEBUG - Posición actualizada por visión: x=98.70, y=123.63, θ=2.44
2026-06-02 14:45:47.410 - [robot_6_log_20260602_144504.csv] - DEBUG - Frecuencia: 24528.09 Hz | Latencia Red/Proc: 12.93 ms
2026-06-02 14:45:47.410 - [robot_6_log_20260602_144504.csv] - DEBUG - Incoming data. Topic 6/pos, mensaje {"x": 98.7, "y": 123.63, "yaw": 2.438, "timestamp": 1780404347.3979738}
2026-06-02 14:45:47.410 - [robot_6_log_20260602_144504.csv] - DEBUG - Posición actualizada por visión: x=98.70, y=123.63, θ=2.44
2026-06-02 14:45:47.410 - [robot_6_log_20260602_144504.csv] - DEBUG - Frecuencia: 27235.74 Hz | Latencia Red/Proc: 12.97 ms
2026-06-02 14:45:47.433 - [robot_6_log_20260602_144504.csv] - INFO - Usando posición VISION: x=98.70, y=123.63, θ=2.44
2026-06-02 14:45:47.433 - [robot_6_log_20260602_144504.csv] - INFO - Distancias a paredes: Left: 98.70, Right: 351.30, Top: 16.37, Bottom: 123.63
2026-06-02 14:45:47.433 - [robot_6_log_20260602_144504.csv] - INFO - Posicion: 98.7, 123.63, 2.438 | Velocidad: -0.6469613368505397, -0.7625228053117904
2026-06-02 14:45:47.433 - [robot_6_log_20260602_144504.csv] - INFO - None
2026-06-02 14:45:47.433 - [robot_6_log_20260602_144504.csv] - WARNING - Estado FSM: ESPERANDO_GIRO | Target Wall: None | Target Theta: 10.08° |theta: 139.6871104528947 
2026-06-02 14:45:47.439 - [robot_6_log_20260602_144504.csv] - DEBUG - Incoming data. Topic agent/6/wheel, mensaje {"Wleft":-9.672818e-15,"Wright":-1.669775429e-14}
2026-06-02 14:45:47.483 - [robot_6_log_20260602_144504.csv] - INFO - Usando posición VISION: x=98.70, y=123.63, θ=2.44
2026-06-02 14:45:47.483 - [robot_6_log_20260602_144504.csv] - INFO - Distancias a paredes: Left: 98.70, Right: 351.30, Top: 16.37, Bottom: 123.63
2026-06-02 14:45:47.483 - [robot_6_log_20260602_144504.csv] - INFO - Posicion: 98.7, 123.63, 2.438 | Velocidad: -0.6469613368505397, -0.7625228053117904
2026-06-02 14:45:47.483 - [robot_6_log_20260602_144504.csv] - INFO - None
2026-06-02 14:45:47.483 - [robot_6_log_20260602_144504.csv] - WARNING - Estado FSM: ESPERANDO_GIRO | Target Wall: None | Target Theta: 10.08° |theta: 139.6871104528947 
2026-06-02 14:45:47.489 - [robot_6_log_20260602_144504.csv] - DEBUG - Incoming data. Topic 6/pos, mensaje {"x": 98.71, "y": 123.63, "yaw": 2.438, "timestamp": 1780404347.4875853}
2026-06-02 14:45:47.494 - [robot_6_log_20260602_144504.csv] - DEBUG - Posición actualizada por visión: x=98.71, y=123.63, θ=2.44
2026-06-02 14:45:47.500 - [robot_6_log_20260602_144504.csv] - DEBUG - Frecuencia: 11.14 Hz | Latencia Red/Proc: 13.12 ms
2026-06-02 14:45:47.505 - [robot_6_log_20260602_144504.csv] - DEBUG - Incoming data. Topic 6/pos, mensaje {"x": 98.71, "y": 123.63, "yaw": 2.438, "timestamp": 1780404347.4875853}
2026-06-02 14:45:47.510 - [robot_6_log_20260602_144504.csv] - DEBUG - Posición actualizada por visión: x=98.71, y=123.63, θ=2.44
2026-06-02 14:45:47.515 - [robot_6_log_20260602_144504.csv] - DEBUG - Frecuencia: 65.51 Hz | Latencia Red/Proc: 28.38 ms
2026-06-02 14:45:47.515 - [robot_6_log_20260602_144504.csv] - DEBUG - Incoming data. Topic 6/pos, mensaje {"x": 98.71, "y": 123.63, "yaw": 2.438, "timestamp": 1780404347.4978411}
2026-06-02 14:45:47.516 - [robot_6_log_20260602_144504.csv] - DEBUG - Posición actualizada por visión: x=98.71, y=123.63, θ=2.44
2026-06-02 14:45:47.516 - [robot_6_log_20260602_144504.csv] - DEBUG - Frecuencia: 22075.28 Hz | Latencia Red/Proc: 18.17 ms
2026-06-02 14:45:47.516 - [robot_6_log_20260602_144504.csv] - DEBUG - Incoming data. Topic 6/pos, mensaje {"x": 98.71, "y": 123.63, "yaw": 2.438, "timestamp": 1780404347.4978411}
2026-06-02 14:45:47.516 - [robot_6_log_20260602_144504.csv] - DEBUG - Posición actualizada por visión: x=98.71, y=123.63, θ=2.44
2026-06-02 14:45:47.516 - [robot_6_log_20260602_144504.csv] - DEBUG - Frecuencia: 27776.85 Hz | Latencia Red/Proc: 18.21 ms
2026-06-02 14:45:47.533 - [robot_6_log_20260602_144504.csv] - INFO - Usando posición VISION: x=98.71, y=123.63, θ=2.44
2026-06-02 14:45:47.533 - [robot_6_log_20260602_144504.csv] - INFO - Distancias a paredes: Left: 98.71, Right: 351.29, Top: 16.37, Bottom: 123.63
2026-06-02 14:45:47.533 - [robot_6_log_20260602_144504.csv] - INFO - Posicion: 98.71, 123.63, 2.438 | Velocidad: -0.6469613368505397, -0.7625228053117904
2026-06-02 14:45:47.533 - [robot_6_log_20260602_144504.csv] - INFO - None
2026-06-02 14:45:47.533 - [robot_6_log_20260602_144504.csv] - WARNING - Estado FSM: ESPERANDO_GIRO | Target Wall: None | Target Theta: 10.08° |theta: 139.6871104528947 
2026-06-02 14:45:47.544 - [robot_6_log_20260602_144504.csv] - DEBUG - Incoming data. Topic agent/6/wheel, mensaje {"Wleft":-9.672818e-15,"Wright":-1.669775429e-14}
2026-06-02 14:45:47.583 - [robot_6_log_20260602_144504.csv] - INFO - Usando posición VISION: x=98.71, y=123.63, θ=2.44
2026-06-02 14:45:47.583 - [robot_6_log_20260602_144504.csv] - INFO - Distancias a paredes: Left: 98.71, Right: 351.29, Top: 16.37, Bottom: 123.63
2026-06-02 14:45:47.583 - [robot_6_log_20260602_144504.csv] - INFO - Posicion: 98.71, 123.63, 2.438 | Velocidad: -0.6469613368505397, -0.7625228053117904
2026-06-02 14:45:47.583 - [robot_6_log_20260602_144504.csv] - INFO - None
2026-06-02 14:45:47.583 - [robot_6_log_20260602_144504.csv] - WARNING - Estado FSM: ESPERANDO_GIRO | Target Wall: None | Target Theta: 10.08° |theta: 139.6871104528947 
2026-06-02 14:45:47.589 - [robot_6_log_20260602_144504.csv] - DEBUG - Incoming data. Topic 6/pos, mensaje {"x": 98.72, "y": 123.64, "yaw": 2.434, "timestamp": 1780404347.586976}
2026-06-02 14:45:47.594 - [robot_6_log_20260602_144504.csv] - DEBUG - Posición actualizada por visión: x=98.72, y=123.64, θ=2.43
2026-06-02 14:45:47.599 - [robot_6_log_20260602_144504.csv] - DEBUG - Frecuencia: 11.97 Hz | Latencia Red/Proc: 12.65 ms
2026-06-02 14:45:47.604 - [robot_6_log_20260602_144504.csv] - DEBUG - Incoming data. Topic 6/pos, mensaje {"x": 98.72, "y": 123.64, "yaw": 2.434, "timestamp": 1780404347.586976}
2026-06-02 14:45:47.609 - [robot_6_log_20260602_144504.csv] - DEBUG - Posición actualizada por visión: x=98.72, y=123.64, θ=2.43
2026-06-02 14:45:47.615 - [robot_6_log_20260602_144504.csv] - DEBUG - Frecuencia: 61.17 Hz | Latencia Red/Proc: 29.00 ms
2026-06-02 14:45:47.621 - [robot_6_log_20260602_144504.csv] - DEBUG - Incoming data. Topic 6/pos, mensaje {"x": 98.72, "y": 123.64, "yaw": 2.434, "timestamp": 1780404347.5971677}
2026-06-02 14:45:47.626 - [robot_6_log_20260602_144504.csv] - DEBUG - Posición actualizada por visión: x=98.72, y=123.64, θ=2.43
2026-06-02 14:45:47.626 - [robot_6_log_20260602_144504.csv] - DEBUG - Frecuencia: 97.82 Hz | Latencia Red/Proc: 29.03 ms
2026-06-02 14:45:47.626 - [robot_6_log_20260602_144504.csv] - DEBUG - Incoming data. Topic 6/pos, mensaje {"x": 98.72, "y": 123.64, "yaw": 2.434, "timestamp": 1780404347.5971677}
2026-06-02 14:45:47.626 - [robot_6_log_20260602_144504.csv] - DEBUG - Posición actualizada por visión: x=98.72, y=123.64, θ=2.43
2026-06-02 14:45:47.631 - [robot_6_log_20260602_144504.csv] - DEBUG - Frecuencia: 195.70 Hz | Latencia Red/Proc: 34.14 ms
2026-06-02 14:45:47.633 - [robot_6_log_20260602_144504.csv] - INFO - Usando posición VISION: x=98.72, y=123.64, θ=2.43
2026-06-02 14:45:47.633 - [robot_6_log_20260602_144504.csv] - INFO - Distancias a paredes: Left: 98.72, Right: 351.28, Top: 16.36, Bottom: 123.64
2026-06-02 14:45:47.633 - [robot_6_log_20260602_144504.csv] - INFO - Posicion: 98.72, 123.64, 2.434 | Velocidad: -0.6500062442544229, -0.7599288666909947
2026-06-02 14:45:47.633 - [robot_6_log_20260602_144504.csv] - INFO - None
2026-06-02 14:45:47.633 - [robot_6_log_20260602_144504.csv] - WARNING - Estado FSM: ESPERANDO_GIRO | Target Wall: None | Target Theta: 10.08° |theta: 139.4579273348424 
2026-06-02 14:45:47.639 - [robot_6_log_20260602_144504.csv] - DEBUG - Incoming data. Topic agent/6/wheel, mensaje {"Wleft":-9.672818e-15,"Wright":-1.669775429e-14}
2026-06-02 14:45:47.683 - [robot_6_log_20260602_144504.csv] - INFO - Usando posición VISION: x=98.72, y=123.64, θ=2.43
2026-06-02 14:45:47.683 - [robot_6_log_20260602_144504.csv] - INFO - Distancias a paredes: Left: 98.72, Right: 351.28, Top: 16.36, Bottom: 123.64
2026-06-02 14:45:47.683 - [robot_6_log_20260602_144504.csv] - INFO - Posicion: 98.72, 123.64, 2.434 | Velocidad: -0.6500062442544229, -0.7599288666909947
2026-06-02 14:45:47.683 - [robot_6_log_20260602_144504.csv] - INFO - None
2026-06-02 14:45:47.683 - [robot_6_log_20260602_144504.csv] - WARNING - Estado FSM: ESPERANDO_GIRO | Target Wall: None | Target Theta: 10.08° |theta: 139.4579273348424 
2026-06-02 14:45:47.733 - [robot_6_log_20260602_144504.csv] - INFO - Usando posición VISION: x=98.72, y=123.64, θ=2.43
2026-06-02 14:45:47.733 - [robot_6_log_20260602_144504.csv] - INFO - Distancias a paredes: Left: 98.72, Right: 351.28, Top: 16.36, Bottom: 123.64
2026-06-02 14:45:47.733 - [robot_6_log_20260602_144504.csv] - INFO - Posicion: 98.72, 123.64, 2.434 | Velocidad: -0.6500062442544229, -0.7599288666909947
2026-06-02 14:45:47.733 - [robot_6_log_20260602_144504.csv] - INFO - None
2026-06-02 14:45:47.733 - [robot_6_log_20260602_144504.csv] - WARNING - Estado FSM: ESPERANDO_GIRO | Target Wall: None | Target Theta: 10.08° |theta: 139.4579273348424 
2026-06-02 14:45:47.781 - [robot_6_log_20260602_144504.csv] - DEBUG - Incoming data. Topic agent/6/wheel, mensaje {"Wleft":-9.672818e-15,"Wright":-1.669775429e-14}
2026-06-02 14:45:47.783 - [robot_6_log_20260602_144504.csv] - INFO - Usando posición VISION: x=98.72, y=123.64, θ=2.43
2026-06-02 14:45:47.783 - [robot_6_log_20260602_144504.csv] - INFO - Distancias a paredes: Left: 98.72, Right: 351.28, Top: 16.36, Bottom: 123.64
2026-06-02 14:45:47.783 - [robot_6_log_20260602_144504.csv] - INFO - Posicion: 98.72, 123.64, 2.434 | Velocidad: -0.6500062442544229, -0.7599288666909947
2026-06-02 14:45:47.783 - [robot_6_log_20260602_144504.csv] - INFO - None
2026-06-02 14:45:47.783 - [robot_6_log_20260602_144504.csv] - WARNING - Estado FSM: ESPERANDO_GIRO | Target Wall: None | Target Theta: 10.08° |theta: 139.4579273348424 
2026-06-02 14:45:47.789 - [robot_6_log_20260602_144504.csv] - DEBUG - Incoming data. Topic 6/pos, mensaje {"x": 98.71, "y": 123.63, "yaw": 2.438, "timestamp": 1780404347.7857037}
2026-06-02 14:45:47.789 - [robot_6_log_20260602_144504.csv] - DEBUG - Posición actualizada por visión: x=98.71, y=123.63, θ=2.44
2026-06-02 14:45:47.789 - [robot_6_log_20260602_144504.csv] - DEBUG - Frecuencia: 6.32 Hz | Latencia Red/Proc: 3.89 ms
2026-06-02 14:45:47.789 - [robot_6_log_20260602_144504.csv] - DEBUG - Incoming data. Topic 6/pos, mensaje {"x": 98.71, "y": 123.63, "yaw": 2.438, "timestamp": 1780404347.7857037}
2026-06-02 14:45:47.789 - [robot_6_log_20260602_144504.csv] - DEBUG - Posición actualizada por visión: x=98.71, y=123.63, θ=2.44
2026-06-02 14:45:47.789 - [robot_6_log_20260602_144504.csv] - DEBUG - Frecuencia: 19508.39 Hz | Latencia Red/Proc: 3.94 ms
2026-06-02 14:45:47.801 - [robot_6_log_20260602_144504.csv] - DEBUG - Incoming data. Topic 6/pos, mensaje {"x": 98.71, "y": 123.63, "yaw": 2.438, "timestamp": 1780404347.7958465}
2026-06-02 14:45:47.806 - [robot_6_log_20260602_144504.csv] - DEBUG - Posición actualizada por visión: x=98.71, y=123.63, θ=2.44
2026-06-02 14:45:47.806 - [robot_6_log_20260602_144504.csv] - DEBUG - Frecuencia: 58.04 Hz | Latencia Red/Proc: 11.02 ms
2026-06-02 14:45:47.817 - [robot_6_log_20260602_144504.csv] - DEBUG - Incoming data. Topic 6/pos, mensaje {"x": 98.71, "y": 123.63, "yaw": 2.438, "timestamp": 1780404347.7958465}
2026-06-02 14:45:47.822 - [robot_6_log_20260602_144504.csv] - DEBUG - Posición actualizada por visión: x=98.71, y=123.63, θ=2.44
2026-06-02 14:45:47.827 - [robot_6_log_20260602_144504.csv] - DEBUG - Frecuencia: 47.48 Hz | Latencia Red/Proc: 32.08 ms
2026-06-02 14:45:47.833 - [robot_6_log_20260602_144504.csv] - INFO - Usando posición VISION: x=98.71, y=123.63, θ=2.44
2026-06-02 14:45:47.833 - [robot_6_log_20260602_144504.csv] - INFO - Distancias a paredes: Left: 98.71, Right: 351.29, Top: 16.37, Bottom: 123.63
2026-06-02 14:45:47.833 - [robot_6_log_20260602_144504.csv] - INFO - Posicion: 98.71, 123.63, 2.438 | Velocidad: -0.6469613368505397, -0.7625228053117904
2026-06-02 14:45:47.833 - [robot_6_log_20260602_144504.csv] - INFO - None
2026-06-02 14:45:47.833 - [robot_6_log_20260602_144504.csv] - WARNING - Estado FSM: ESPERANDO_GIRO | Target Wall: None | Target Theta: 10.08° |theta: 139.6871104528947 
2026-06-02 14:45:47.844 - [robot_6_log_20260602_144504.csv] - DEBUG - Incoming data. Topic agent/6/wheel, mensaje {"Wleft":-9.672818e-15,"Wright":-1.669775429e-14}
2026-06-02 14:45:47.883 - [robot_6_log_20260602_144504.csv] - INFO - Usando posición VISION: x=98.71, y=123.63, θ=2.44
2026-06-02 14:45:47.883 - [robot_6_log_20260602_144504.csv] - INFO - Distancias a paredes: Left: 98.71, Right: 351.29, Top: 16.37, Bottom: 123.63
2026-06-02 14:45:47.883 - [robot_6_log_20260602_144504.csv] - INFO - Posicion: 98.71, 123.63, 2.438 | Velocidad: -0.6469613368505397, -0.7625228053117904
2026-06-02 14:45:47.883 - [robot_6_log_20260602_144504.csv] - INFO - None
2026-06-02 14:45:47.883 - [robot_6_log_20260602_144504.csv] - WARNING - Estado FSM: ESPERANDO_GIRO | Target Wall: None | Target Theta: 10.08° |theta: 139.6871104528947 
2026-06-02 14:45:47.888 - [robot_6_log_20260602_144504.csv] - DEBUG - Incoming data. Topic 6/pos, mensaje {"x": 98.71, "y": 123.63, "yaw": 2.439, "timestamp": 1780404347.8821673}
2026-06-02 14:45:47.893 - [robot_6_log_20260602_144504.csv] - DEBUG - Posición actualizada por visión: x=98.71, y=123.63, θ=2.44
2026-06-02 14:45:47.899 - [robot_6_log_20260602_144504.csv] - DEBUG - Frecuencia: 13.89 Hz | Latencia Red/Proc: 17.78 ms
2026-06-02 14:45:47.906 - [robot_6_log_20260602_144504.csv] - DEBUG - Incoming data. Topic 6/pos, mensaje {"x": 98.71, "y": 123.63, "yaw": 2.439, "timestamp": 1780404347.8821673}
2026-06-02 14:45:47.911 - [robot_6_log_20260602_144504.csv] - DEBUG - Posición actualizada por visión: x=98.71, y=123.63, θ=2.44
2026-06-02 14:45:47.916 - [robot_6_log_20260602_144504.csv] - DEBUG - Frecuencia: 60.08 Hz | Latencia Red/Proc: 34.42 ms
2026-06-02 14:45:47.922 - [robot_6_log_20260602_144504.csv] - DEBUG - Incoming data. Topic 6/pos, mensaje {"x": 98.71, "y": 123.63, "yaw": 2.439, "timestamp": 1780404347.8922007}
2026-06-02 14:45:47.922 - [robot_6_log_20260602_144504.csv] - DEBUG - Posición actualizada por visión: x=98.71, y=123.63, θ=2.44
2026-06-02 14:45:47.923 - [robot_6_log_20260602_144504.csv] - DEBUG - Frecuencia: 155.60 Hz | Latencia Red/Proc: 30.82 ms
2026-06-02 14:45:47.923 - [robot_6_log_20260602_144504.csv] - DEBUG - Incoming data. Topic 6/pos, mensaje {"x": 98.71, "y": 123.63, "yaw": 2.439, "timestamp": 1780404347.8922007}
2026-06-02 14:45:47.923 - [robot_6_log_20260602_144504.csv] - DEBUG - Posición actualizada por visión: x=98.71, y=123.63, θ=2.44
2026-06-02 14:45:47.923 - [robot_6_log_20260602_144504.csv] - DEBUG - Frecuencia: 11428.62 Hz | Latencia Red/Proc: 30.90 ms
2026-06-02 14:45:47.933 - [robot_6_log_20260602_144504.csv] - INFO - Usando posición VISION: x=98.71, y=123.63, θ=2.44
2026-06-02 14:45:47.933 - [robot_6_log_20260602_144504.csv] - INFO - Distancias a paredes: Left: 98.71, Right: 351.29, Top: 16.37, Bottom: 123.63
2026-06-02 14:45:47.933 - [robot_6_log_20260602_144504.csv] - INFO - Posicion: 98.71, 123.63, 2.439 | Velocidad: -0.6461984906916737, -0.7631693852794431
2026-06-02 14:45:47.933 - [robot_6_log_20260602_144504.csv] - INFO - None
2026-06-02 14:45:47.933 - [robot_6_log_20260602_144504.csv] - WARNING - Estado FSM: ESPERANDO_GIRO | Target Wall: None | Target Theta: 10.08° |theta: 139.74440623240778 
2026-06-02 14:45:47.938 - [robot_6_log_20260602_144504.csv] - DEBUG - Incoming data. Topic agent/6/wheel, mensaje {"Wleft":-9.672818e-15,"Wright":-1.669775429e-14}
2026-06-02 14:45:47.983 - [robot_6_log_20260602_144504.csv] - INFO - Usando posición VISION: x=98.71, y=123.63, θ=2.44
2026-06-02 14:45:47.983 - [robot_6_log_20260602_144504.csv] - INFO - Distancias a paredes: Left: 98.71, Right: 351.29, Top: 16.37, Bottom: 123.63
2026-06-02 14:45:47.983 - [robot_6_log_20260602_144504.csv] - INFO - Posicion: 98.71, 123.63, 2.439 | Velocidad: -0.6461984906916737, -0.7631693852794431
2026-06-02 14:45:47.983 - [robot_6_log_20260602_144504.csv] - INFO - None
2026-06-02 14:45:47.983 - [robot_6_log_20260602_144504.csv] - WARNING - Estado FSM: ESPERANDO_GIRO | Target Wall: None | Target Theta: 10.08° |theta: 139.74440623240778 
2026-06-02 14:45:47.994 - [robot_6_log_20260602_144504.csv] - DEBUG - Incoming data. Topic 6/pos, mensaje {"x": 98.69, "y": 123.64, "yaw": 2.434, "timestamp": 1780404347.9861681}
2026-06-02 14:45:48.005 - [robot_6_log_20260602_144504.csv] - DEBUG - Posición actualizada por visión: x=98.69, y=123.64, θ=2.43
2026-06-02 14:45:48.011 - [robot_6_log_20260602_144504.csv] - DEBUG - Frecuencia: 11.34 Hz | Latencia Red/Proc: 25.13 ms
2026-06-02 14:45:48.021 - [robot_6_log_20260602_144504.csv] - DEBUG - Incoming data. Topic 6/pos, mensaje {"x": 98.69, "y": 123.64, "yaw": 2.434, "timestamp": 1780404347.9861681}
2026-06-02 14:45:48.026 - [robot_6_log_20260602_144504.csv] - DEBUG - Posición actualizada por visión: x=98.69, y=123.64, θ=2.43
2026-06-02 14:45:48.032 - [robot_6_log_20260602_144504.csv] - DEBUG - Frecuencia: 48.33 Hz | Latencia Red/Proc: 45.82 ms
2026-06-02 14:45:48.033 - [robot_6_log_20260602_144504.csv] - INFO - Usando posición VISION: x=98.69, y=123.64, θ=2.43
2026-06-02 14:45:48.033 - [robot_6_log_20260602_144504.csv] - DEBUG - Incoming data. Topic 6/pos, mensaje {"x": 98.69, "y": 123.64, "yaw": 2.434, "timestamp": 1780404347.996456}
2026-06-02 14:45:48.033 - [robot_6_log_20260602_144504.csv] - INFO - Distancias a paredes: Left: 98.69, Right: 351.31, Top: 16.36, Bottom: 123.64
2026-06-02 14:45:48.033 - [robot_6_log_20260602_144504.csv] - DEBUG - Posición actualizada por visión: x=98.69, y=123.64, θ=2.43
2026-06-02 14:45:48.033 - [robot_6_log_20260602_144504.csv] - INFO - Posicion: 98.69, 123.64, 2.434 | Velocidad: -0.6500062442544229, -0.7599288666909947
2026-06-02 14:45:48.033 - [robot_6_log_20260602_144504.csv] - DEBUG - Frecuencia: 719.31 Hz | Latencia Red/Proc: 36.93 ms
2026-06-02 14:45:48.033 - [robot_6_log_20260602_144504.csv] - INFO - None
2026-06-02 14:45:48.033 - [robot_6_log_20260602_144504.csv] - DEBUG - Incoming data. Topic 6/pos, mensaje {"x": 98.69, "y": 123.64, "yaw": 2.434, "timestamp": 1780404347.996456}
2026-06-02 14:45:48.033 - [robot_6_log_20260602_144504.csv] - DEBUG - Posición actualizada por visión: x=98.69, y=123.64, θ=2.43
2026-06-02 14:45:48.033 - [robot_6_log_20260602_144504.csv] - DEBUG - Frecuencia: 7667.83 Hz | Latencia Red/Proc: 37.06 ms
2026-06-02 14:45:48.033 - [robot_6_log_20260602_144504.csv] - WARNING - Estado FSM: ESPERANDO_GIRO | Target Wall: None | Target Theta: 10.08° |theta: 139.4579273348424 
2026-06-02 14:45:48.057 - [robot_6_log_20260602_144504.csv] - DEBUG - Incoming data. Topic agent/6/wheel, mensaje {"Wleft":-9.672818e-15,"Wright":-1.669775429e-14}
2026-06-02 14:45:48.083 - [robot_6_log_20260602_144504.csv] - INFO - Usando posición VISION: x=98.69, y=123.64, θ=2.43
2026-06-02 14:45:48.083 - [robot_6_log_20260602_144504.csv] - DEBUG - Incoming data. Topic 6/pos, mensaje {"x": 98.71, "y": 123.63, "yaw": 2.437, "timestamp": 1780404348.0827246}
2026-06-02 14:45:48.083 - [robot_6_log_20260602_144504.csv] - DEBUG - Posición actualizada por visión: x=98.71, y=123.63, θ=2.44
2026-06-02 14:45:48.083 - [robot_6_log_20260602_144504.csv] - DEBUG - Frecuencia: 20.00 Hz | Latencia Red/Proc: 0.78 ms
2026-06-02 14:45:48.083 - [robot_6_log_20260602_144504.csv] - DEBUG - Incoming data. Topic 6/pos, mensaje {"x": 98.71, "y": 123.63, "yaw": 2.437, "timestamp": 1780404348.0827246}
2026-06-02 14:45:48.083 - [robot_6_log_20260602_144504.csv] - DEBUG - Posición actualizada por visión: x=98.71, y=123.63, θ=2.44
2026-06-02 14:45:48.083 - [robot_6_log_20260602_144504.csv] - INFO - Distancias a paredes: Left: 98.69, Right: 351.31, Top: 16.36, Bottom: 123.64
2026-06-02 14:45:48.083 - [robot_6_log_20260602_144504.csv] - DEBUG - Frecuencia: 9915.61 Hz | Latencia Red/Proc: 0.88 ms
2026-06-02 14:45:48.083 - [robot_6_log_20260602_144504.csv] - INFO - Posicion: 98.69, 123.64, 2.434 | Velocidad: -0.6500062442544229, -0.7599288666909947
2026-06-02 14:45:48.083 - [robot_6_log_20260602_144504.csv] - INFO - None
2026-06-02 14:45:48.083 - [robot_6_log_20260602_144504.csv] - WARNING - Estado FSM: ESPERANDO_GIRO | Target Wall: None | Target Theta: 10.08° |theta: 139.4579273348424 
2026-06-02 14:45:48.100 - [robot_6_log_20260602_144504.csv] - DEBUG - Incoming data. Topic 6/pos, mensaje {"x": 98.71, "y": 123.63, "yaw": 2.437, "timestamp": 1780404348.095012}
2026-06-02 14:45:48.105 - [robot_6_log_20260602_144504.csv] - DEBUG - Posición actualizada por visión: x=98.71, y=123.63, θ=2.44
2026-06-02 14:45:48.111 - [robot_6_log_20260602_144504.csv] - DEBUG - Frecuencia: 36.42 Hz | Latencia Red/Proc: 16.05 ms
2026-06-02 14:45:48.111 - [robot_6_log_20260602_144504.csv] - DEBUG - Incoming data. Topic 6/pos, mensaje {"x": 98.71, "y": 123.63, "yaw": 2.437, "timestamp": 1780404348.095012}
2026-06-02 14:45:48.116 - [robot_6_log_20260602_144504.csv] - DEBUG - Posición actualizada por visión: x=98.71, y=123.63, θ=2.44
2026-06-02 14:45:48.116 - [robot_6_log_20260602_144504.csv] - DEBUG - Frecuencia: 193.29 Hz | Latencia Red/Proc: 21.23 ms
2026-06-02 14:45:48.133 - [robot_6_log_20260602_144504.csv] - INFO - Usando posición VISION: x=98.71, y=123.63, θ=2.44
2026-06-02 14:45:48.133 - [robot_6_log_20260602_144504.csv] - INFO - Distancias a paredes: Left: 98.71, Right: 351.29, Top: 16.37, Bottom: 123.63
2026-06-02 14:45:48.133 - [robot_6_log_20260602_144504.csv] - INFO - Posicion: 98.71, 123.63, 2.437 | Velocidad: -0.6477235360481232, -0.7618754628213956
2026-06-02 14:45:48.133 - [robot_6_log_20260602_144504.csv] - INFO - None
2026-06-02 14:45:48.133 - [robot_6_log_20260602_144504.csv] - WARNING - Estado FSM: ESPERANDO_GIRO | Target Wall: None | Target Theta: 10.08° |theta: 139.62981467338162 
2026-06-02 14:45:48.138 - [robot_6_log_20260602_144504.csv] - DEBUG - Incoming data. Topic agent/6/wheel, mensaje {"Wleft":-9.672818e-15,"Wright":-1.669775429e-14}
2026-06-02 14:45:48.183 - [robot_6_log_20260602_144504.csv] - INFO - Usando posición VISION: x=98.71, y=123.63, θ=2.44
2026-06-02 14:45:48.183 - [robot_6_log_20260602_144504.csv] - INFO - Distancias a paredes: Left: 98.71, Right: 351.29, Top: 16.37, Bottom: 123.63
2026-06-02 14:45:48.183 - [robot_6_log_20260602_144504.csv] - INFO - Posicion: 98.71, 123.63, 2.437 | Velocidad: -0.6477235360481232, -0.7618754628213956
2026-06-02 14:45:48.183 - [robot_6_log_20260602_144504.csv] - INFO - None
2026-06-02 14:45:48.183 - [robot_6_log_20260602_144504.csv] - WARNING - Estado FSM: ESPERANDO_GIRO | Target Wall: None | Target Theta: 10.08° |theta: 139.62981467338162 
2026-06-02 14:45:48.189 - [robot_6_log_20260602_144504.csv] - DEBUG - Incoming data. Topic 6/pos, mensaje {"x": 98.72, "y": 123.62, "yaw": 2.439, "timestamp": 1780404348.1883135}
2026-06-02 14:45:48.194 - [robot_6_log_20260602_144504.csv] - DEBUG - Posición actualizada por visión: x=98.72, y=123.62, θ=2.44
2026-06-02 14:45:48.194 - [robot_6_log_20260602_144504.csv] - DEBUG - Frecuencia: 12.73 Hz | Latencia Red/Proc: 6.47 ms
2026-06-02 14:45:48.194 - [robot_6_log_20260602_144504.csv] - DEBUG - Incoming data. Topic 6/pos, mensaje {"x": 98.72, "y": 123.62, "yaw": 2.439, "timestamp": 1780404348.1883135}
2026-06-02 14:45:48.194 - [robot_6_log_20260602_144504.csv] - DEBUG - Posición actualizada por visión: x=98.72, y=123.62, θ=2.44
2026-06-02 14:45:48.194 - [robot_6_log_20260602_144504.csv] - DEBUG - Frecuencia: 9986.44 Hz | Latencia Red/Proc: 6.57 ms
2026-06-02 14:45:48.200 - [robot_6_log_20260602_144504.csv] - DEBUG - Incoming data. Topic 6/pos, mensaje {"x": 98.72, "y": 123.62, "yaw": 2.439, "timestamp": 1780404348.199563}
2026-06-02 14:45:48.206 - [robot_6_log_20260602_144504.csv] - DEBUG - Posición actualizada por visión: x=98.72, y=123.62, θ=2.44
2026-06-02 14:45:48.211 - [robot_6_log_20260602_144504.csv] - DEBUG - Frecuencia: 61.15 Hz | Latencia Red/Proc: 11.67 ms
2026-06-02 14:45:48.227 - [robot_6_log_20260602_144504.csv] - DEBUG - Incoming data. Topic 6/pos, mensaje {"x": 98.72, "y": 123.62, "yaw": 2.439, "timestamp": 1780404348.199563}
2026-06-02 14:45:48.232 - [robot_6_log_20260602_144504.csv] - DEBUG - Posición actualizada por visión: x=98.72, y=123.62, θ=2.44
2026-06-02 14:45:48.233 - [robot_6_log_20260602_144504.csv] - DEBUG - Frecuencia: 45.25 Hz | Latencia Red/Proc: 33.77 ms
2026-06-02 14:45:48.233 - [robot_6_log_20260602_144504.csv] - INFO - Usando posición VISION: x=98.72, y=123.62, θ=2.44
2026-06-02 14:45:48.233 - [robot_6_log_20260602_144504.csv] - INFO - Distancias a paredes: Left: 98.72, Right: 351.28, Top: 16.38, Bottom: 123.62
2026-06-02 14:45:48.233 - [robot_6_log_20260602_144504.csv] - INFO - Posicion: 98.72, 123.62, 2.439 | Velocidad: -0.6461984906916737, -0.7631693852794431
2026-06-02 14:45:48.233 - [robot_6_log_20260602_144504.csv] - INFO - None
2026-06-02 14:45:48.233 - [robot_6_log_20260602_144504.csv] - WARNING - Estado FSM: ESPERANDO_GIRO | Target Wall: None | Target Theta: 10.08° |theta: 139.74440623240778 
2026-06-02 14:45:48.263 - [robot_6_log_20260602_144504.csv] - DEBUG - Incoming data. Topic agent/6/wheel, mensaje {"Wleft":-9.672818e-15,"Wright":-1.669775429e-14}
2026-06-02 14:45:48.283 - [robot_6_log_20260602_144504.csv] - INFO - Usando posición VISION: x=98.72, y=123.62, θ=2.44
2026-06-02 14:45:48.283 - [robot_6_log_20260602_144504.csv] - INFO - Distancias a paredes: Left: 98.72, Right: 351.28, Top: 16.38, Bottom: 123.62
2026-06-02 14:45:48.283 - [robot_6_log_20260602_144504.csv] - INFO - Posicion: 98.72, 123.62, 2.439 | Velocidad: -0.6461984906916737, -0.7631693852794431
2026-06-02 14:45:48.283 - [robot_6_log_20260602_144504.csv] - INFO - None
2026-06-02 14:45:48.283 - [robot_6_log_20260602_144504.csv] - DEBUG - Incoming data. Topic 6/pos, mensaje {"x": 98.71, "y": 123.63, "yaw": 2.439, "timestamp": 1780404348.2827642}
2026-06-02 14:45:48.283 - [robot_6_log_20260602_144504.csv] - WARNING - Estado FSM: ESPERANDO_GIRO | Target Wall: None | Target Theta: 10.08° |theta: 139.74440623240778 
2026-06-02 14:45:48.283 - [robot_6_log_20260602_144504.csv] - DEBUG - Posición actualizada por visión: x=98.71, y=123.63, θ=2.44
2026-06-02 14:45:48.293 - [robot_6_log_20260602_144504.csv] - DEBUG - Frecuencia: 16.53 Hz | Latencia Red/Proc: 11.06 ms
2026-06-02 14:45:48.304 - [robot_6_log_20260602_144504.csv] - DEBUG - Incoming data. Topic 6/pos, mensaje {"x": 98.71, "y": 123.63, "yaw": 2.439, "timestamp": 1780404348.2827642}
2026-06-02 14:45:48.309 - [robot_6_log_20260602_144504.csv] - DEBUG - Posición actualizada por visión: x=98.71, y=123.63, θ=2.44
2026-06-02 14:45:48.315 - [robot_6_log_20260602_144504.csv] - DEBUG - Frecuencia: 46.48 Hz | Latencia Red/Proc: 32.58 ms
2026-06-02 14:45:48.325 - [robot_6_log_20260602_144504.csv] - DEBUG - Incoming data. Topic 6/pos, mensaje {"x": 98.71, "y": 123.63, "yaw": 2.439, "timestamp": 1780404348.2943294}
2026-06-02 14:45:48.330 - [robot_6_log_20260602_144504.csv] - DEBUG - Posición actualizada por visión: x=98.71, y=123.63, θ=2.44
2026-06-02 14:45:48.333 - [robot_6_log_20260602_144504.csv] - INFO - Usando posición VISION: x=98.71, y=123.63, θ=2.44
2026-06-02 14:45:48.333 - [robot_6_log_20260602_144504.csv] - DEBUG - Frecuencia: 55.82 Hz | Latencia Red/Proc: 38.93 ms
2026-06-02 14:45:48.333 - [robot_6_log_20260602_144504.csv] - INFO - Distancias a paredes: Left: 98.71, Right: 351.29, Top: 16.37, Bottom: 123.63
2026-06-02 14:45:48.333 - [robot_6_log_20260602_144504.csv] - INFO - Posicion: 98.71, 123.63, 2.439 | Velocidad: -0.6461984906916737, -0.7631693852794431
2026-06-02 14:45:48.333 - [robot_6_log_20260602_144504.csv] - INFO - None
2026-06-02 14:45:48.333 - [robot_6_log_20260602_144504.csv] - DEBUG - Incoming data. Topic 6/pos, mensaje {"x": 98.71, "y": 123.63, "yaw": 2.439, "timestamp": 1780404348.2943294}
2026-06-02 14:45:48.333 - [robot_6_log_20260602_144504.csv] - WARNING - Estado FSM: ESPERANDO_GIRO | Target Wall: None | Target Theta: 10.08° |theta: 139.74440623240778 
2026-06-02 14:45:48.333 - [robot_6_log_20260602_144504.csv] - DEBUG - Posición actualizada por visión: x=98.71, y=123.63, θ=2.44
2026-06-02 14:45:48.338 - [robot_6_log_20260602_144504.csv] - DEBUG - Frecuencia: 185.03 Hz | Latencia Red/Proc: 44.33 ms
2026-06-02 14:45:48.349 - [robot_6_log_20260602_144504.csv] - DEBUG - Incoming data. Topic agent/6/wheel, mensaje {"Wleft":-9.672818e-15,"Wright":-1.669775429e-14}
2026-06-02 14:45:48.383 - [robot_6_log_20260602_144504.csv] - INFO - Usando posición VISION: x=98.71, y=123.63, θ=2.44
2026-06-02 14:45:48.383 - [robot_6_log_20260602_144504.csv] - INFO - Distancias a paredes: Left: 98.71, Right: 351.29, Top: 16.37, Bottom: 123.63
2026-06-02 14:45:48.383 - [robot_6_log_20260602_144504.csv] - INFO - Posicion: 98.71, 123.63, 2.439 | Velocidad: -0.6461984906916737, -0.7631693852794431
2026-06-02 14:45:48.383 - [robot_6_log_20260602_144504.csv] - INFO - None
2026-06-02 14:45:48.383 - [robot_6_log_20260602_144504.csv] - WARNING - Estado FSM: ESPERANDO_GIRO | Target Wall: None | Target Theta: 10.08° |theta: 139.74440623240778 
2026-06-02 14:45:48.394 - [robot_6_log_20260602_144504.csv] - DEBUG - Incoming data. Topic 6/pos, mensaje {"x": 98.71, "y": 123.64, "yaw": 2.438, "timestamp": 1780404348.389257}
2026-06-02 14:45:48.399 - [robot_6_log_20260602_144504.csv] - DEBUG - Posición actualizada por visión: x=98.71, y=123.64, θ=2.44
2026-06-02 14:45:48.404 - [robot_6_log_20260602_144504.csv] - DEBUG - Frecuencia: 15.08 Hz | Latencia Red/Proc: 15.71 ms
2026-06-02 14:45:48.416 - [robot_6_log_20260602_144504.csv] - DEBUG - Incoming data. Topic 6/pos, mensaje {"x": 98.71, "y": 123.64, "yaw": 2.438, "timestamp": 1780404348.389257}
2026-06-02 14:45:48.421 - [robot_6_log_20260602_144504.csv] - DEBUG - Posición actualizada por visión: x=98.71, y=123.64, θ=2.44
2026-06-02 14:45:48.427 - [robot_6_log_20260602_144504.csv] - DEBUG - Frecuencia: 44.27 Hz | Latencia Red/Proc: 38.29 ms
2026-06-02 14:45:48.433 - [robot_6_log_20260602_144504.csv] - INFO - Usando posición VISION: x=98.71, y=123.64, θ=2.44
2026-06-02 14:45:48.433 - [robot_6_log_20260602_144504.csv] - INFO - Distancias a paredes: Left: 98.71, Right: 351.29, Top: 16.36, Bottom: 123.64
2026-06-02 14:45:48.433 - [robot_6_log_20260602_144504.csv] - INFO - Posicion: 98.71, 123.64, 2.438 | Velocidad: -0.6469613368505397, -0.7625228053117904
2026-06-02 14:45:48.433 - [robot_6_log_20260602_144504.csv] - INFO - None
2026-06-02 14:45:48.433 - [robot_6_log_20260602_144504.csv] - DEBUG - Incoming data. Topic 6/pos, mensaje {"x": 98.71, "y": 123.64, "yaw": 2.438, "timestamp": 1780404348.401774}
2026-06-02 14:45:48.433 - [robot_6_log_20260602_144504.csv] - WARNING - Estado FSM: ESPERANDO_GIRO | Target Wall: None | Target Theta: 10.08° |theta: 139.6871104528947 
2026-06-02 14:45:48.433 - [robot_6_log_20260602_144504.csv] - DEBUG - Posición actualizada por visión: x=98.71, y=123.64, θ=2.44
2026-06-02 14:45:48.438 - [robot_6_log_20260602_144504.csv] - DEBUG - Frecuencia: 89.74 Hz | Latencia Red/Proc: 36.92 ms
2026-06-02 14:45:48.448 - [robot_6_log_20260602_144504.csv] - DEBUG - Incoming data. Topic 6/pos, mensaje {"x": 98.71, "y": 123.64, "yaw": 2.438, "timestamp": 1780404348.401774}
2026-06-02 14:45:48.454 - [robot_6_log_20260602_144504.csv] - DEBUG - Posición actualizada por visión: x=98.71, y=123.64, θ=2.44
2026-06-02 14:45:48.459 - [robot_6_log_20260602_144504.csv] - DEBUG - Frecuencia: 48.75 Hz | Latencia Red/Proc: 57.43 ms
2026-06-02 14:45:48.474 - [robot_6_log_20260602_144504.csv] - DEBUG - Incoming data. Topic agent/6/wheel, mensaje {"Wleft":-9.672818e-15,"Wright":-1.669775429e-14}
2026-06-02 14:45:48.483 - [robot_6_log_20260602_144504.csv] - INFO - Usando posición VISION: x=98.71, y=123.64, θ=2.44
2026-06-02 14:45:48.483 - [robot_6_log_20260602_144504.csv] - INFO - Distancias a paredes: Left: 98.71, Right: 351.29, Top: 16.36, Bottom: 123.64
2026-06-02 14:45:48.483 - [robot_6_log_20260602_144504.csv] - INFO - Posicion: 98.71, 123.64, 2.438 | Velocidad: -0.6469613368505397, -0.7625228053117904
2026-06-02 14:45:48.483 - [robot_6_log_20260602_144504.csv] - INFO - None
2026-06-02 14:45:48.483 - [robot_6_log_20260602_144504.csv] - WARNING - Estado FSM: ESPERANDO_GIRO | Target Wall: None | Target Theta: 10.08° |theta: 139.6871104528947 
2026-06-02 14:45:48.489 - [robot_6_log_20260602_144504.csv] - DEBUG - Incoming data. Topic 6/pos, mensaje {"x": 98.72, "y": 123.63, "yaw": 2.438, "timestamp": 1780404348.484745}
2026-06-02 14:45:48.494 - [robot_6_log_20260602_144504.csv] - DEBUG - Posición actualizada por visión: x=98.72, y=123.63, θ=2.44
2026-06-02 14:45:48.504 - [robot_6_log_20260602_144504.csv] - DEBUG - Frecuencia: 21.86 Hz | Latencia Red/Proc: 20.21 ms
2026-06-02 14:45:48.505 - [robot_6_log_20260602_144504.csv] - DEBUG - Incoming data. Topic 6/pos, mensaje {"x": 98.72, "y": 123.63, "yaw": 2.438, "timestamp": 1780404348.484745}
2026-06-02 14:45:48.505 - [robot_6_log_20260602_144504.csv] - DEBUG - Posición actualizada por visión: x=98.72, y=123.63, θ=2.44
2026-06-02 14:45:48.505 - [robot_6_log_20260602_144504.csv] - DEBUG - Frecuencia: 6909.89 Hz | Latencia Red/Proc: 20.35 ms
2026-06-02 14:45:48.505 - [robot_6_log_20260602_144504.csv] - DEBUG - Incoming data. Topic 6/pos, mensaje {"x": 98.72, "y": 123.63, "yaw": 2.438, "timestamp": 1780404348.4973423}
2026-06-02 14:45:48.510 - [robot_6_log_20260602_144504.csv] - DEBUG - Posición actualizada por visión: x=98.72, y=123.63, θ=2.44
2026-06-02 14:45:48.510 - [robot_6_log_20260602_144504.csv] - DEBUG - Frecuencia: 193.85 Hz | Latencia Red/Proc: 12.91 ms
2026-06-02 14:45:48.521 - [robot_6_log_20260602_144504.csv] - DEBUG - Incoming data. Topic 6/pos, mensaje {"x": 98.72, "y": 123.63, "yaw": 2.438, "timestamp": 1780404348.4973423}
2026-06-02 14:45:48.526 - [robot_6_log_20260602_144504.csv] - DEBUG - Posición actualizada por visión: x=98.72, y=123.63, θ=2.44
2026-06-02 14:45:48.526 - [robot_6_log_20260602_144504.csv] - DEBUG - Frecuencia: 61.09 Hz | Latencia Red/Proc: 29.28 ms
2026-06-02 14:45:48.533 - [robot_6_log_20260602_144504.csv] - INFO - Usando posición VISION: x=98.72, y=123.63, θ=2.44
2026-06-02 14:45:48.533 - [robot_6_log_20260602_144504.csv] - INFO - Distancias a paredes: Left: 98.72, Right: 351.28, Top: 16.37, Bottom: 123.63
2026-06-02 14:45:48.533 - [robot_6_log_20260602_144504.csv] - INFO - Posicion: 98.72, 123.63, 2.438 | Velocidad: -0.6469613368505397, -0.7625228053117904
2026-06-02 14:45:48.533 - [robot_6_log_20260602_144504.csv] - INFO - None
2026-06-02 14:45:48.533 - [robot_6_log_20260602_144504.csv] - WARNING - Estado FSM: ESPERANDO_GIRO | Target Wall: None | Target Theta: 10.08° |theta: 139.6871104528947 
2026-06-02 14:45:48.539 - [robot_6_log_20260602_144504.csv] - DEBUG - Incoming data. Topic agent/6/wheel, mensaje {"Wleft":-9.672818e-15,"Wright":-1.669775429e-14}
2026-06-02 14:45:48.583 - [robot_6_log_20260602_144504.csv] - INFO - Usando posición VISION: x=98.72, y=123.63, θ=2.44
2026-06-02 14:45:48.583 - [robot_6_log_20260602_144504.csv] - INFO - Distancias a paredes: Left: 98.72, Right: 351.28, Top: 16.37, Bottom: 123.63
2026-06-02 14:45:48.583 - [robot_6_log_20260602_144504.csv] - INFO - Posicion: 98.72, 123.63, 2.438 | Velocidad: -0.6469613368505397, -0.7625228053117904
2026-06-02 14:45:48.583 - [robot_6_log_20260602_144504.csv] - INFO - None
2026-06-02 14:45:48.583 - [robot_6_log_20260602_144504.csv] - WARNING - Estado FSM: ESPERANDO_GIRO | Target Wall: None | Target Theta: 10.08° |theta: 139.6871104528947 
2026-06-02 14:45:48.589 - [robot_6_log_20260602_144504.csv] - DEBUG - Incoming data. Topic 6/pos, mensaje {"x": 98.7, "y": 123.63, "yaw": 2.44, "timestamp": 1780404348.5885942}
2026-06-02 14:45:48.594 - [robot_6_log_20260602_144504.csv] - DEBUG - Posición actualizada por visión: x=98.70, y=123.63, θ=2.44
2026-06-02 14:45:48.594 - [robot_6_log_20260602_144504.csv] - DEBUG - Frecuencia: 14.70 Hz | Latencia Red/Proc: 6.08 ms
2026-06-02 14:45:48.594 - [robot_6_log_20260602_144504.csv] - DEBUG - Incoming data. Topic 6/pos, mensaje {"x": 98.7, "y": 123.63, "yaw": 2.44, "timestamp": 1780404348.5885942}
2026-06-02 14:45:48.594 - [robot_6_log_20260602_144504.csv] - DEBUG - Posición actualizada por visión: x=98.70, y=123.63, θ=2.44
2026-06-02 14:45:48.594 - [robot_6_log_20260602_144504.csv] - DEBUG - Frecuencia: 19784.45 Hz | Latencia Red/Proc: 6.13 ms
2026-06-02 14:45:48.606 - [robot_6_log_20260602_144504.csv] - DEBUG - Incoming data. Topic 6/pos, mensaje {"x": 98.7, "y": 123.63, "yaw": 2.44, "timestamp": 1780404348.6012638}
2026-06-02 14:45:48.611 - [robot_6_log_20260602_144504.csv] - DEBUG - Posición actualizada por visión: x=98.70, y=123.63, θ=2.44
2026-06-02 14:45:48.616 - [robot_6_log_20260602_144504.csv] - DEBUG - Frecuencia: 44.97 Hz | Latencia Red/Proc: 15.69 ms
2026-06-02 14:45:48.622 - [robot_6_log_20260602_144504.csv] - DEBUG - Incoming data. Topic 6/pos, mensaje {"x": 98.7, "y": 123.63, "yaw": 2.44, "timestamp": 1780404348.6012638}
2026-06-02 14:45:48.627 - [robot_6_log_20260602_144504.csv] - DEBUG - Posición actualizada por visión: x=98.70, y=123.63, θ=2.44
2026-06-02 14:45:48.627 - [robot_6_log_20260602_144504.csv] - DEBUG - Frecuencia: 98.23 Hz | Latencia Red/Proc: 25.87 ms
2026-06-02 14:45:48.633 - [robot_6_log_20260602_144504.csv] - INFO - Usando posición VISION: x=98.70, y=123.63, θ=2.44
2026-06-02 14:45:48.633 - [robot_6_log_20260602_144504.csv] - INFO - Distancias a paredes: Left: 98.70, Right: 351.30, Top: 16.37, Bottom: 123.63
2026-06-02 14:45:48.633 - [robot_6_log_20260602_144504.csv] - INFO - Posicion: 98.7, 123.63, 2.44 | Velocidad: -0.6454349983343707, -0.7638152020777741
2026-06-02 14:45:48.633 - [robot_6_log_20260602_144504.csv] - INFO - None
2026-06-02 14:45:48.633 - [robot_6_log_20260602_144504.csv] - WARNING - Estado FSM: ESPERANDO_GIRO | Target Wall: None | Target Theta: 10.08° |theta: 139.80170201192087 
2026-06-02 14:45:48.682 - [robot_6_log_20260602_144504.csv] - DEBUG - Incoming data. Topic agent/6/wheel, mensaje {"Wleft":-9.672818e-15,"Wright":-1.669775429e-14}
2026-06-02 14:45:48.683 - [robot_6_log_20260602_144504.csv] - INFO - Usando posición VISION: x=98.70, y=123.63, θ=2.44
2026-06-02 14:45:48.683 - [robot_6_log_20260602_144504.csv] - INFO - Distancias a paredes: Left: 98.70, Right: 351.30, Top: 16.37, Bottom: 123.63
2026-06-02 14:45:48.683 - [robot_6_log_20260602_144504.csv] - INFO - Posicion: 98.7, 123.63, 2.44 | Velocidad: -0.6454349983343707, -0.7638152020777741
2026-06-02 14:45:48.683 - [robot_6_log_20260602_144504.csv] - INFO - None
2026-06-02 14:45:48.683 - [robot_6_log_20260602_144504.csv] - WARNING - Estado FSM: ESPERANDO_GIRO | Target Wall: None | Target Theta: 10.08° |theta: 139.80170201192087 
2026-06-02 14:45:48.688 - [robot_6_log_20260602_144504.csv] - DEBUG - Incoming data. Topic 6/pos, mensaje {"x": 98.71, "y": 123.63, "yaw": 2.439, "timestamp": 1780404348.684341}
2026-06-02 14:45:48.693 - [robot_6_log_20260602_144504.csv] - DEBUG - Posición actualizada por visión: x=98.71, y=123.63, θ=2.44
2026-06-02 14:45:48.698 - [robot_6_log_20260602_144504.csv] - DEBUG - Frecuencia: 13.92 Hz | Latencia Red/Proc: 14.64 ms
2026-06-02 14:45:48.704 - [robot_6_log_20260602_144504.csv] - DEBUG - Incoming data. Topic 6/pos, mensaje {"x": 98.71, "y": 123.63, "yaw": 2.439, "timestamp": 1780404348.684341}
2026-06-02 14:45:48.709 - [robot_6_log_20260602_144504.csv] - DEBUG - Posición actualizada por visión: x=98.71, y=123.63, θ=2.44
2026-06-02 14:45:48.709 - [robot_6_log_20260602_144504.csv] - DEBUG - Frecuencia: 97.89 Hz | Latencia Red/Proc: 24.86 ms
2026-06-02 14:45:48.709 - [robot_6_log_20260602_144504.csv] - DEBUG - Incoming data. Topic 6/pos, mensaje {"x": 98.71, "y": 123.63, "yaw": 2.439, "timestamp": 1780404348.696896}
2026-06-02 14:45:48.709 - [robot_6_log_20260602_144504.csv] - DEBUG - Posición actualizada por visión: x=98.71, y=123.63, θ=2.44
2026-06-02 14:45:48.709 - [robot_6_log_20260602_144504.csv] - DEBUG - Frecuencia: 24105.20 Hz | Latencia Red/Proc: 12.35 ms
2026-06-02 14:45:48.709 - [robot_6_log_20260602_144504.csv] - DEBUG - Incoming data. Topic 6/pos, mensaje {"x": 98.71, "y": 123.63, "yaw": 2.439, "timestamp": 1780404348.696896}
2026-06-02 14:45:48.709 - [robot_6_log_20260602_144504.csv] - DEBUG - Posición actualizada por visión: x=98.71, y=123.63, θ=2.44
2026-06-02 14:45:48.709 - [robot_6_log_20260602_144504.csv] - DEBUG - Frecuencia: 25731.93 Hz | Latencia Red/Proc: 12.38 ms
2026-06-02 14:45:48.733 - [robot_6_log_20260602_144504.csv] - INFO - Usando posición VISION: x=98.71, y=123.63, θ=2.44
2026-06-02 14:45:48.733 - [robot_6_log_20260602_144504.csv] - INFO - Distancias a paredes: Left: 98.71, Right: 351.29, Top: 16.37, Bottom: 123.63
2026-06-02 14:45:48.733 - [robot_6_log_20260602_144504.csv] - INFO - Posicion: 98.71, 123.63, 2.439 | Velocidad: -0.6461984906916737, -0.7631693852794431
2026-06-02 14:45:48.733 - [robot_6_log_20260602_144504.csv] - INFO - None
2026-06-02 14:45:48.733 - [robot_6_log_20260602_144504.csv] - WARNING - Estado FSM: ESPERANDO_GIRO | Target Wall: None | Target Theta: 10.08° |theta: 139.74440623240778 
2026-06-02 14:45:48.783 - [robot_6_log_20260602_144504.csv] - INFO - Usando posición VISION: x=98.71, y=123.63, θ=2.44
2026-06-02 14:45:48.783 - [robot_6_log_20260602_144504.csv] - INFO - Distancias a paredes: Left: 98.71, Right: 351.29, Top: 16.37, Bottom: 123.63
2026-06-02 14:45:48.783 - [robot_6_log_20260602_144504.csv] - INFO - Posicion: 98.71, 123.63, 2.439 | Velocidad: -0.6461984906916737, -0.7631693852794431
2026-06-02 14:45:48.783 - [robot_6_log_20260602_144504.csv] - INFO - None
2026-06-02 14:45:48.783 - [robot_6_log_20260602_144504.csv] - WARNING - Estado FSM: ESPERANDO_GIRO | Target Wall: None | Target Theta: 10.08° |theta: 139.74440623240778 
2026-06-02 14:45:48.788 - [robot_6_log_20260602_144504.csv] - DEBUG - Incoming data. Topic agent/6/wheel, mensaje {"Wleft":-9.672818e-15,"Wright":-1.669775429e-14}
2026-06-02 14:45:48.793 - [robot_6_log_20260602_144504.csv] - DEBUG - Incoming data. Topic 6/pos, mensaje {"x": 98.71, "y": 123.64, "yaw": 2.439, "timestamp": 1780404348.7891693}
2026-06-02 14:45:48.799 - [robot_6_log_20260602_144504.csv] - DEBUG - Posición actualizada por visión: x=98.71, y=123.64, θ=2.44
2026-06-02 14:45:48.805 - [robot_6_log_20260602_144504.csv] - DEBUG - Frecuencia: 10.42 Hz | Latencia Red/Proc: 16.07 ms
2026-06-02 14:45:48.816 - [robot_6_log_20260602_144504.csv] - DEBUG - Incoming data. Topic 6/pos, mensaje {"x": 98.71, "y": 123.64, "yaw": 2.439, "timestamp": 1780404348.7891693}
2026-06-02 14:45:48.821 - [robot_6_log_20260602_144504.csv] - DEBUG - Posición actualizada por visión: x=98.71, y=123.64, θ=2.44
2026-06-02 14:45:48.821 - [robot_6_log_20260602_144504.csv] - DEBUG - Frecuencia: 61.18 Hz | Latencia Red/Proc: 32.41 ms
2026-06-02 14:45:48.821 - [robot_6_log_20260602_144504.csv] - DEBUG - Incoming data. Topic 6/pos, mensaje {"x": 98.71, "y": 123.64, "yaw": 2.439, "timestamp": 1780404348.801617}
2026-06-02 14:45:48.821 - [robot_6_log_20260602_144504.csv] - DEBUG - Posición actualizada por visión: x=98.71, y=123.64, θ=2.44
2026-06-02 14:45:48.821 - [robot_6_log_20260602_144504.csv] - DEBUG - Frecuencia: 24105.20 Hz | Latencia Red/Proc: 20.00 ms
2026-06-02 14:45:48.821 - [robot_6_log_20260602_144504.csv] - DEBUG - Incoming data. Topic 6/pos, mensaje {"x": 98.71, "y": 123.64, "yaw": 2.439, "timestamp": 1780404348.801617}
2026-06-02 14:45:48.821 - [robot_6_log_20260602_144504.csv] - DEBUG - Posición actualizada por visión: x=98.71, y=123.64, θ=2.44
2026-06-02 14:45:48.821 - [robot_6_log_20260602_144504.csv] - DEBUG - Frecuencia: 22919.69 Hz | Latencia Red/Proc: 20.05 ms
2026-06-02 14:45:48.833 - [robot_6_log_20260602_144504.csv] - INFO - Usando posición VISION: x=98.71, y=123.64, θ=2.44
2026-06-02 14:45:48.833 - [robot_6_log_20260602_144504.csv] - INFO - Distancias a paredes: Left: 98.71, Right: 351.29, Top: 16.36, Bottom: 123.64
2026-06-02 14:45:48.833 - [robot_6_log_20260602_144504.csv] - INFO - Posicion: 98.71, 123.64, 2.439 | Velocidad: -0.6461984906916737, -0.7631693852794431
2026-06-02 14:45:48.833 - [robot_6_log_20260602_144504.csv] - INFO - None
2026-06-02 14:45:48.833 - [robot_6_log_20260602_144504.csv] - WARNING - Estado FSM: ESPERANDO_GIRO | Target Wall: None | Target Theta: 10.08° |theta: 139.74440623240778 
2026-06-02 14:45:48.851 - [robot_6_log_20260602_144504.csv] - DEBUG - Incoming data. Topic agent/6/wheel, mensaje {"Wleft":-9.672818e-15,"Wright":-1.669775429e-14}
2026-06-02 14:45:48.883 - [robot_6_log_20260602_144504.csv] - INFO - Usando posición VISION: x=98.71, y=123.64, θ=2.44
2026-06-02 14:45:48.883 - [robot_6_log_20260602_144504.csv] - DEBUG - Incoming data. Topic 6/pos, mensaje {"x": 98.71, "y": 123.62, "yaw": 2.435, "timestamp": 1780404348.8825512}
2026-06-02 14:45:48.883 - [robot_6_log_20260602_144504.csv] - INFO - Distancias a paredes: Left: 98.71, Right: 351.29, Top: 16.36, Bottom: 123.64
2026-06-02 14:45:48.883 - [robot_6_log_20260602_144504.csv] - DEBUG - Posición actualizada por visión: x=98.71, y=123.62, θ=2.44
2026-06-02 14:45:48.883 - [robot_6_log_20260602_144504.csv] - INFO - Posicion: 98.71, 123.64, 2.439 | Velocidad: -0.6461984906916737, -0.7631693852794431
2026-06-02 14:45:48.883 - [robot_6_log_20260602_144504.csv] - DEBUG - Frecuencia: 16.20 Hz | Latencia Red/Proc: 0.85 ms
2026-06-02 14:45:48.883 - [robot_6_log_20260602_144504.csv] - INFO - None
2026-06-02 14:45:48.883 - [robot_6_log_20260602_144504.csv] - DEBUG - Incoming data. Topic 6/pos, mensaje {"x": 98.71, "y": 123.62, "yaw": 2.435, "timestamp": 1780404348.8825512}
2026-06-02 14:45:48.883 - [robot_6_log_20260602_144504.csv] - DEBUG - Posición actualizada por visión: x=98.71, y=123.62, θ=2.44
2026-06-02 14:45:48.883 - [robot_6_log_20260602_144504.csv] - DEBUG - Frecuencia: 7025.63 Hz | Latencia Red/Proc: 0.99 ms
2026-06-02 14:45:48.883 - [robot_6_log_20260602_144504.csv] - WARNING - Estado FSM: ESPERANDO_GIRO | Target Wall: None | Target Theta: 10.08° |theta: 139.74440623240778 
2026-06-02 14:45:48.895 - [robot_6_log_20260602_144504.csv] - DEBUG - Incoming data. Topic 6/pos, mensaje {"x": 98.71, "y": 123.62, "yaw": 2.435, "timestamp": 1780404348.8930469}
2026-06-02 14:45:48.900 - [robot_6_log_20260602_144504.csv] - DEBUG - Posición actualizada por visión: x=98.71, y=123.62, θ=2.44
2026-06-02 14:45:48.900 - [robot_6_log_20260602_144504.csv] - DEBUG - Frecuencia: 57.80 Hz | Latencia Red/Proc: 7.80 ms
2026-06-02 14:45:48.900 - [robot_6_log_20260602_144504.csv] - DEBUG - Incoming data. Topic 6/pos, mensaje {"x": 98.71, "y": 123.62, "yaw": 2.435, "timestamp": 1780404348.8930469}
2026-06-02 14:45:48.900 - [robot_6_log_20260602_144504.csv] - DEBUG - Posición actualizada por visión: x=98.71, y=123.62, θ=2.44
2026-06-02 14:45:48.900 - [robot_6_log_20260602_144504.csv] - DEBUG - Frecuencia: 17623.13 Hz | Latencia Red/Proc: 7.85 ms
2026-06-02 14:45:48.933 - [robot_6_log_20260602_144504.csv] - INFO - Usando posición VISION: x=98.71, y=123.62, θ=2.44
2026-06-02 14:45:48.933 - [robot_6_log_20260602_144504.csv] - INFO - Distancias a paredes: Left: 98.71, Right: 351.29, Top: 16.38, Bottom: 123.62
2026-06-02 14:45:48.933 - [robot_6_log_20260602_144504.csv] - INFO - Posicion: 98.71, 123.62, 2.435 | Velocidad: -0.6492459905112917, -0.760578492862513
2026-06-02 14:45:48.933 - [robot_6_log_20260602_144504.csv] - INFO - None
2026-06-02 14:45:48.933 - [robot_6_log_20260602_144504.csv] - WARNING - Estado FSM: ESPERANDO_GIRO | Target Wall: None | Target Theta: 10.08° |theta: 139.51522311435545 
2026-06-02 14:45:48.951 - [robot_6_log_20260602_144504.csv] - DEBUG - Incoming data. Topic agent/6/wheel, mensaje {"Wleft":-9.672818e-15,"Wright":-1.669775429e-14}
2026-06-02 14:45:48.983 - [robot_6_log_20260602_144504.csv] - INFO - Usando posición VISION: x=98.71, y=123.62, θ=2.44
2026-06-02 14:45:48.983 - [robot_6_log_20260602_144504.csv] - INFO - Distancias a paredes: Left: 98.71, Right: 351.29, Top: 16.38, Bottom: 123.62
2026-06-02 14:45:48.983 - [robot_6_log_20260602_144504.csv] - INFO - Posicion: 98.71, 123.62, 2.435 | Velocidad: -0.6492459905112917, -0.760578492862513
2026-06-02 14:45:48.983 - [robot_6_log_20260602_144504.csv] - INFO - None
2026-06-02 14:45:48.983 - [robot_6_log_20260602_144504.csv] - WARNING - Estado FSM: ESPERANDO_GIRO | Target Wall: None | Target Theta: 10.08° |theta: 139.51522311435545 
2026-06-02 14:45:48.989 - [robot_6_log_20260602_144504.csv] - DEBUG - Incoming data. Topic 6/pos, mensaje {"x": 98.69, "y": 123.63, "yaw": 2.433, "timestamp": 1780404348.9882164}
2026-06-02 14:45:48.994 - [robot_6_log_20260602_144504.csv] - DEBUG - Posición actualizada por visión: x=98.69, y=123.63, θ=2.43
2026-06-02 14:45:48.999 - [robot_6_log_20260602_144504.csv] - DEBUG - Frecuencia: 10.12 Hz | Latencia Red/Proc: 11.53 ms
2026-06-02 14:45:49.012 - [robot_6_log_20260602_144504.csv] - DEBUG - Incoming data. Topic 6/pos, mensaje {"x": 98.69, "y": 123.63, "yaw": 2.433, "timestamp": 1780404348.9882164}
2026-06-02 14:45:49.017 - [robot_6_log_20260602_144504.csv] - DEBUG - Posición actualizada por visión: x=98.69, y=123.63, θ=2.43
2026-06-02 14:45:49.017 - [robot_6_log_20260602_144504.csv] - DEBUG - Frecuencia: 57.52 Hz | Latencia Red/Proc: 28.92 ms
2026-06-02 14:45:49.017 - [robot_6_log_20260602_144504.csv] - DEBUG - Incoming data. Topic 6/pos, mensaje {"x": 98.69, "y": 123.63, "yaw": 2.433, "timestamp": 1780404349.0003328}
2026-06-02 14:45:49.017 - [robot_6_log_20260602_144504.csv] - DEBUG - Posición actualizada por visión: x=98.69, y=123.63, θ=2.43
2026-06-02 14:45:49.017 - [robot_6_log_20260602_144504.csv] - DEBUG - Frecuencia: 24672.38 Hz | Latencia Red/Proc: 16.84 ms
2026-06-02 14:45:49.017 - [robot_6_log_20260602_144504.csv] - DEBUG - Incoming data. Topic 6/pos, mensaje {"x": 98.69, "y": 123.63, "yaw": 2.433, "timestamp": 1780404349.0003328}
2026-06-02 14:45:49.017 - [robot_6_log_20260602_144504.csv] - DEBUG - Posición actualizada por visión: x=98.69, y=123.63, θ=2.43
2026-06-02 14:45:49.017 - [robot_6_log_20260602_144504.csv] - DEBUG - Frecuencia: 27413.75 Hz | Latencia Red/Proc: 16.88 ms
2026-06-02 14:45:49.033 - [robot_6_log_20260602_144504.csv] - INFO - Usando posición VISION: x=98.69, y=123.63, θ=2.43
2026-06-02 14:45:49.033 - [robot_6_log_20260602_144504.csv] - INFO - Distancias a paredes: Left: 98.69, Right: 351.31, Top: 16.37, Bottom: 123.63
2026-06-02 14:45:49.033 - [robot_6_log_20260602_144504.csv] - INFO - Posicion: 98.69, 123.63, 2.433 | Velocidad: -0.6507658479913643, -0.7592784805906727
2026-06-02 14:45:49.033 - [robot_6_log_20260602_144504.csv] - INFO - None
2026-06-02 14:45:49.033 - [robot_6_log_20260602_144504.csv] - WARNING - Estado FSM: ESPERANDO_GIRO | Target Wall: None | Target Theta: 10.08° |theta: 139.40063155532928 
2026-06-02 14:45:49.051 - [robot_6_log_20260602_144504.csv] - DEBUG - Incoming data. Topic agent/6/wheel, mensaje {"Wleft":-9.672818e-15,"Wright":-1.669775429e-14}
2026-06-02 14:45:49.083 - [robot_6_log_20260602_144504.csv] - INFO - Usando posición VISION: x=98.69, y=123.63, θ=2.43
2026-06-02 14:45:49.083 - [robot_6_log_20260602_144504.csv] - INFO - Distancias a paredes: Left: 98.69, Right: 351.31, Top: 16.37, Bottom: 123.63
2026-06-02 14:45:49.083 - [robot_6_log_20260602_144504.csv] - INFO - Posicion: 98.69, 123.63, 2.433 | Velocidad: -0.6507658479913643, -0.7592784805906727
2026-06-02 14:45:49.083 - [robot_6_log_20260602_144504.csv] - INFO - None
2026-06-02 14:45:49.083 - [robot_6_log_20260602_144504.csv] - WARNING - Estado FSM: ESPERANDO_GIRO | Target Wall: None | Target Theta: 10.08° |theta: 139.40063155532928 
2026-06-02 14:45:49.089 - [robot_6_log_20260602_144504.csv] - DEBUG - Incoming data. Topic 6/pos, mensaje {"x": 98.7, "y": 123.64, "yaw": 2.438, "timestamp": 1780404349.0869753}
2026-06-02 14:45:49.094 - [robot_6_log_20260602_144504.csv] - DEBUG - Posición actualizada por visión: x=98.70, y=123.64, θ=2.44
2026-06-02 14:45:49.099 - [robot_6_log_20260602_144504.csv] - DEBUG - Frecuencia: 12.13 Hz | Latencia Red/Proc: 12.68 ms
2026-06-02 14:45:49.116 - [robot_6_log_20260602_144504.csv] - DEBUG - Incoming data. Topic 6/pos, mensaje {"x": 98.7, "y": 123.64, "yaw": 2.438, "timestamp": 1780404349.0869753}
2026-06-02 14:45:49.116 - [robot_6_log_20260602_144504.csv] - DEBUG - Posición actualizada por visión: x=98.70, y=123.64, θ=2.44
2026-06-02 14:45:49.116 - [robot_6_log_20260602_144504.csv] - DEBUG - Frecuencia: 60.98 Hz | Latencia Red/Proc: 29.08 ms
2026-06-02 14:45:49.116 - [robot_6_log_20260602_144504.csv] - DEBUG - Incoming data. Topic 6/pos, mensaje {"x": 98.7, "y": 123.64, "yaw": 2.438, "timestamp": 1780404349.0969703}
2026-06-02 14:45:49.116 - [robot_6_log_20260602_144504.csv] - DEBUG - Posición actualizada por visión: x=98.70, y=123.64, θ=2.44
2026-06-02 14:45:49.116 - [robot_6_log_20260602_144504.csv] - DEBUG - Frecuencia: 26051.58 Hz | Latencia Red/Proc: 19.12 ms
2026-06-02 14:45:49.116 - [robot_6_log_20260602_144504.csv] - DEBUG - Incoming data. Topic 6/pos, mensaje {"x": 98.7, "y": 123.64, "yaw": 2.438, "timestamp": 1780404349.0969703}
2026-06-02 14:45:49.116 - [robot_6_log_20260602_144504.csv] - DEBUG - Posición actualizada por visión: x=98.70, y=123.64, θ=2.44
2026-06-02 14:45:49.116 - [robot_6_log_20260602_144504.csv] - DEBUG - Frecuencia: 27413.75 Hz | Latencia Red/Proc: 19.16 ms
2026-06-02 14:45:49.133 - [robot_6_log_20260602_144504.csv] - INFO - Usando posición VISION: x=98.70, y=123.64, θ=2.44
2026-06-02 14:45:49.133 - [robot_6_log_20260602_144504.csv] - INFO - Distancias a paredes: Left: 98.70, Right: 351.30, Top: 16.36, Bottom: 123.64
2026-06-02 14:45:49.133 - [robot_6_log_20260602_144504.csv] - INFO - Posicion: 98.7, 123.64, 2.438 | Velocidad: -0.6469613368505397, -0.7625228053117904
2026-06-02 14:45:49.133 - [robot_6_log_20260602_144504.csv] - INFO - None
2026-06-02 14:45:49.133 - [robot_6_log_20260602_144504.csv] - WARNING - Estado FSM: ESPERANDO_GIRO | Target Wall: None | Target Theta: 10.08° |theta: 139.6871104528947 
2026-06-02 14:45:49.150 - [robot_6_log_20260602_144504.csv] - DEBUG - Incoming data. Topic agent/6/wheel, mensaje {"Wleft":-9.672818e-15,"Wright":-1.669775429e-14}
2026-06-02 14:45:49.183 - [robot_6_log_20260602_144504.csv] - INFO - Usando posición VISION: x=98.70, y=123.64, θ=2.44
2026-06-02 14:45:49.183 - [robot_6_log_20260602_144504.csv] - INFO - Distancias a paredes: Left: 98.70, Right: 351.30, Top: 16.36, Bottom: 123.64
2026-06-02 14:45:49.183 - [robot_6_log_20260602_144504.csv] - INFO - Posicion: 98.7, 123.64, 2.438 | Velocidad: -0.6469613368505397, -0.7625228053117904
2026-06-02 14:45:49.183 - [robot_6_log_20260602_144504.csv] - INFO - None
2026-06-02 14:45:49.183 - [robot_6_log_20260602_144504.csv] - WARNING - Estado FSM: ESPERANDO_GIRO | Target Wall: None | Target Theta: 10.08° |theta: 139.6871104528947 
2026-06-02 14:45:49.194 - [robot_6_log_20260602_144504.csv] - DEBUG - Incoming data. Topic 6/pos, mensaje {"x": 98.72, "y": 123.63, "yaw": 2.439, "timestamp": 1780404349.190782}
2026-06-02 14:45:49.194 - [robot_6_log_20260602_144504.csv] - DEBUG - Posición actualizada por visión: x=98.72, y=123.63, θ=2.44
2026-06-02 14:45:49.199 - [robot_6_log_20260602_144504.csv] - DEBUG - Frecuencia: 11.93 Hz | Latencia Red/Proc: 9.20 ms
2026-06-02 14:45:49.210 - [robot_6_log_20260602_144504.csv] - DEBUG - Incoming data. Topic 6/pos, mensaje {"x": 98.72, "y": 123.63, "yaw": 2.439, "timestamp": 1780404349.190782}
2026-06-02 14:45:49.215 - [robot_6_log_20260602_144504.csv] - DEBUG - Posición actualizada por visión: x=98.72, y=123.63, θ=2.44
2026-06-02 14:45:49.221 - [robot_6_log_20260602_144504.csv] - DEBUG - Frecuencia: 46.32 Hz | Latencia Red/Proc: 30.79 ms
2026-06-02 14:45:49.226 - [robot_6_log_20260602_144504.csv] - DEBUG - Incoming data. Topic 6/pos, mensaje {"x": 98.72, "y": 123.63, "yaw": 2.439, "timestamp": 1780404349.2004297}
2026-06-02 14:45:49.226 - [robot_6_log_20260602_144504.csv] - DEBUG - Posición actualizada por visión: x=98.72, y=123.63, θ=2.44
2026-06-02 14:45:49.231 - [robot_6_log_20260602_144504.csv] - DEBUG - Frecuencia: 97.11 Hz | Latencia Red/Proc: 31.44 ms
2026-06-02 14:45:49.233 - [robot_6_log_20260602_144504.csv] - INFO - Usando posición VISION: x=98.72, y=123.63, θ=2.44
2026-06-02 14:45:49.233 - [robot_6_log_20260602_144504.csv] - INFO - Distancias a paredes: Left: 98.72, Right: 351.28, Top: 16.37, Bottom: 123.63
2026-06-02 14:45:49.233 - [robot_6_log_20260602_144504.csv] - DEBUG - Incoming data. Topic 6/pos, mensaje {"x": 98.72, "y": 123.63, "yaw": 2.439, "timestamp": 1780404349.2004297}
2026-06-02 14:45:49.233 - [robot_6_log_20260602_144504.csv] - INFO - Posicion: 98.72, 123.63, 2.439 | Velocidad: -0.6461984906916737, -0.7631693852794431
2026-06-02 14:45:49.233 - [robot_6_log_20260602_144504.csv] - INFO - None
2026-06-02 14:45:49.233 - [robot_6_log_20260602_144504.csv] - DEBUG - Posición actualizada por visión: x=98.72, y=123.63, θ=2.44
2026-06-02 14:45:49.233 - [robot_6_log_20260602_144504.csv] - WARNING - Estado FSM: ESPERANDO_GIRO | Target Wall: None | Target Theta: 10.08° |theta: 139.74440623240778 
2026-06-02 14:45:49.233 - [robot_6_log_20260602_144504.csv] - DEBUG - Frecuencia: 567.72 Hz | Latencia Red/Proc: 33.20 ms
2026-06-02 14:45:49.283 - [robot_6_log_20260602_144504.csv] - INFO - Usando posición VISION: x=98.72, y=123.63, θ=2.44
2026-06-02 14:45:49.283 - [robot_6_log_20260602_144504.csv] - INFO - Distancias a paredes: Left: 98.72, Right: 351.28, Top: 16.37, Bottom: 123.63
2026-06-02 14:45:49.283 - [robot_6_log_20260602_144504.csv] - INFO - Posicion: 98.72, 123.63, 2.439 | Velocidad: -0.6461984906916737, -0.7631693852794431
2026-06-02 14:45:49.283 - [robot_6_log_20260602_144504.csv] - INFO - None
2026-06-02 14:45:49.283 - [robot_6_log_20260602_144504.csv] - WARNING - Estado FSM: ESPERANDO_GIRO | Target Wall: None | Target Theta: 10.08° |theta: 139.74440623240778 
2026-06-02 14:45:49.289 - [robot_6_log_20260602_144504.csv] - DEBUG - Incoming data. Topic agent/6/wheel, mensaje {"Wleft":-9.672818e-15,"Wright":-1.669775429e-14}
2026-06-02 14:45:49.333 - [robot_6_log_20260602_144504.csv] - INFO - Usando posición VISION: x=98.72, y=123.63, θ=2.44
2026-06-02 14:45:49.333 - [robot_6_log_20260602_144504.csv] - INFO - Distancias a paredes: Left: 98.72, Right: 351.28, Top: 16.37, Bottom: 123.63
2026-06-02 14:45:49.333 - [robot_6_log_20260602_144504.csv] - INFO - Posicion: 98.72, 123.63, 2.439 | Velocidad: -0.6461984906916737, -0.7631693852794431
2026-06-02 14:45:49.333 - [robot_6_log_20260602_144504.csv] - INFO - None
2026-06-02 14:45:49.333 - [robot_6_log_20260602_144504.csv] - WARNING - Estado FSM: ESPERANDO_GIRO | Target Wall: None | Target Theta: 10.08° |theta: 139.74440623240778 
2026-06-02 14:45:49.350 - [robot_6_log_20260602_144504.csv] - DEBUG - Incoming data. Topic agent/6/wheel, mensaje {"Wleft":-9.672818e-15,"Wright":-1.669775429e-14}
2026-06-02 14:45:49.383 - [robot_6_log_20260602_144504.csv] - INFO - Usando posición VISION: x=98.72, y=123.63, θ=2.44
2026-06-02 14:45:49.383 - [robot_6_log_20260602_144504.csv] - INFO - Distancias a paredes: Left: 98.72, Right: 351.28, Top: 16.37, Bottom: 123.63
2026-06-02 14:45:49.383 - [robot_6_log_20260602_144504.csv] - INFO - Posicion: 98.72, 123.63, 2.439 | Velocidad: -0.6461984906916737, -0.7631693852794431
2026-06-02 14:45:49.383 - [robot_6_log_20260602_144504.csv] - INFO - None
2026-06-02 14:45:49.383 - [robot_6_log_20260602_144504.csv] - WARNING - Estado FSM: ESPERANDO_GIRO | Target Wall: None | Target Theta: 10.08° |theta: 139.74440623240778 
2026-06-02 14:45:49.394 - [robot_6_log_20260602_144504.csv] - DEBUG - Incoming data. Topic 6/pos, mensaje {"x": 98.71, "y": 123.63, "yaw": 2.437, "timestamp": 1780404349.3915458}
2026-06-02 14:45:49.400 - [robot_6_log_20260602_144504.csv] - DEBUG - Posición actualizada por visión: x=98.71, y=123.63, θ=2.44
2026-06-02 14:45:49.405 - [robot_6_log_20260602_144504.csv] - DEBUG - Frecuencia: 5.82 Hz | Latencia Red/Proc: 13.76 ms
2026-06-02 14:45:49.421 - [robot_6_log_20260602_144504.csv] - DEBUG - Incoming data. Topic 6/pos, mensaje {"x": 98.71, "y": 123.63, "yaw": 2.437, "timestamp": 1780404349.3915458}
2026-06-02 14:45:49.426 - [robot_6_log_20260602_144504.csv] - DEBUG - Posición actualizada por visión: x=98.71, y=123.63, θ=2.44
2026-06-02 14:45:49.432 - [robot_6_log_20260602_144504.csv] - DEBUG - Frecuencia: 37.29 Hz | Latencia Red/Proc: 40.58 ms
2026-06-02 14:45:49.433 - [robot_6_log_20260602_144504.csv] - INFO - Usando posición VISION: x=98.71, y=123.63, θ=2.44
2026-06-02 14:45:49.433 - [robot_6_log_20260602_144504.csv] - DEBUG - Incoming data. Topic 6/pos, mensaje {"x": 98.71, "y": 123.63, "yaw": 2.437, "timestamp": 1780404349.4039314}
2026-06-02 14:45:49.433 - [robot_6_log_20260602_144504.csv] - INFO - Distancias a paredes: Left: 98.71, Right: 351.29, Top: 16.37, Bottom: 123.63
2026-06-02 14:45:49.433 - [robot_6_log_20260602_144504.csv] - DEBUG - Posición actualizada por visión: x=98.71, y=123.63, θ=2.44
2026-06-02 14:45:49.433 - [robot_6_log_20260602_144504.csv] - INFO - Posicion: 98.71, 123.63, 2.437 | Velocidad: -0.6477235360481232, -0.7618754628213956
2026-06-02 14:45:49.433 - [robot_6_log_20260602_144504.csv] - DEBUG - Frecuencia: 776.44 Hz | Latencia Red/Proc: 29.48 ms
2026-06-02 14:45:49.433 - [robot_6_log_20260602_144504.csv] - INFO - None
2026-06-02 14:45:49.433 - [robot_6_log_20260602_144504.csv] - DEBUG - Incoming data. Topic 6/pos, mensaje {"x": 98.71, "y": 123.63, "yaw": 2.437, "timestamp": 1780404349.4039314}
2026-06-02 14:45:49.433 - [robot_6_log_20260602_144504.csv] - WARNING - Estado FSM: ESPERANDO_GIRO | Target Wall: None | Target Theta: 10.08° |theta: 139.62981467338162 
2026-06-02 14:45:49.433 - [robot_6_log_20260602_144504.csv] - DEBUG - Posición actualizada por visión: x=98.71, y=123.63, θ=2.44
2026-06-02 14:45:49.438 - [robot_6_log_20260602_144504.csv] - DEBUG - Frecuencia: 187.66 Hz | Latencia Red/Proc: 34.81 ms
2026-06-02 14:45:49.483 - [robot_6_log_20260602_144504.csv] - INFO - Usando posición VISION: x=98.71, y=123.63, θ=2.44
2026-06-02 14:45:49.483 - [robot_6_log_20260602_144504.csv] - INFO - Distancias a paredes: Left: 98.71, Right: 351.29, Top: 16.37, Bottom: 123.63
2026-06-02 14:45:49.483 - [robot_6_log_20260602_144504.csv] - INFO - Posicion: 98.71, 123.63, 2.437 | Velocidad: -0.6477235360481232, -0.7618754628213956
2026-06-02 14:45:49.483 - [robot_6_log_20260602_144504.csv] - INFO - None
2026-06-02 14:45:49.483 - [robot_6_log_20260602_144504.csv] - WARNING - Estado FSM: ESPERANDO_GIRO | Target Wall: None | Target Theta: 10.08° |theta: 139.62981467338162 
2026-06-02 14:45:49.489 - [robot_6_log_20260602_144504.csv] - DEBUG - Incoming data. Topic agent/6/wheel, mensaje {"Wleft":-9.672818e-15,"Wright":-1.669775429e-14}
2026-06-02 14:45:49.505 - [robot_6_log_20260602_144504.csv] - DEBUG - Incoming data. Topic 6/pos, mensaje {"x": 98.71, "y": 123.64, "yaw": 2.438, "timestamp": 1780404349.4842813}
2026-06-02 14:45:49.511 - [robot_6_log_20260602_144504.csv] - DEBUG - Posición actualizada por visión: x=98.71, y=123.64, θ=2.44
2026-06-02 14:45:49.511 - [robot_6_log_20260602_144504.csv] - DEBUG - Frecuencia: 13.83 Hz | Latencia Red/Proc: 26.76 ms
2026-06-02 14:45:49.516 - [robot_6_log_20260602_144504.csv] - DEBUG - Incoming data. Topic 6/pos, mensaje {"x": 98.71, "y": 123.64, "yaw": 2.438, "timestamp": 1780404349.4842813}
2026-06-02 14:45:49.521 - [robot_6_log_20260602_144504.csv] - DEBUG - Posición actualizada por visión: x=98.71, y=123.64, θ=2.44
2026-06-02 14:45:49.526 - [robot_6_log_20260602_144504.csv] - DEBUG - Frecuencia: 64.85 Hz | Latencia Red/Proc: 42.18 ms
2026-06-02 14:45:49.531 - [robot_6_log_20260602_144504.csv] - DEBUG - Incoming data. Topic 6/pos, mensaje {"x": 98.71, "y": 123.64, "yaw": 2.438, "timestamp": 1780404349.4941566}
2026-06-02 14:45:49.533 - [robot_6_log_20260602_144504.csv] - INFO - Usando posición VISION: x=98.71, y=123.64, θ=2.44
2026-06-02 14:45:49.533 - [robot_6_log_20260602_144504.csv] - DEBUG - Posición actualizada por visión: x=98.71, y=123.64, θ=2.44
2026-06-02 14:45:49.533 - [robot_6_log_20260602_144504.csv] - INFO - Distancias a paredes: Left: 98.71, Right: 351.29, Top: 16.36, Bottom: 123.64
2026-06-02 14:45:49.533 - [robot_6_log_20260602_144504.csv] - DEBUG - Frecuencia: 142.18 Hz | Latencia Red/Proc: 39.34 ms
2026-06-02 14:45:49.533 - [robot_6_log_20260602_144504.csv] - INFO - Posicion: 98.71, 123.64, 2.438 | Velocidad: -0.6469613368505397, -0.7625228053117904
2026-06-02 14:45:49.533 - [robot_6_log_20260602_144504.csv] - DEBUG - Incoming data. Topic 6/pos, mensaje {"x": 98.71, "y": 123.64, "yaw": 2.438, "timestamp": 1780404349.4941566}
2026-06-02 14:45:49.533 - [robot_6_log_20260602_144504.csv] - INFO - None
2026-06-02 14:45:49.533 - [robot_6_log_20260602_144504.csv] - DEBUG - Posición actualizada por visión: x=98.71, y=123.64, θ=2.44
2026-06-02 14:45:49.533 - [robot_6_log_20260602_144504.csv] - WARNING - Estado FSM: ESPERANDO_GIRO | Target Wall: None | Target Theta: 10.08° |theta: 139.6871104528947 
2026-06-02 14:45:49.533 - [robot_6_log_20260602_144504.csv] - DEBUG - Frecuencia: 2389.92 Hz | Latencia Red/Proc: 39.76 ms
2026-06-02 14:45:49.549 - [robot_6_log_20260602_144504.csv] - DEBUG - Incoming data. Topic agent/6/wheel, mensaje {"Wleft":-9.672818e-15,"Wright":-1.669775429e-14}
2026-06-02 14:45:49.583 - [robot_6_log_20260602_144504.csv] - INFO - Usando posición VISION: x=98.71, y=123.64, θ=2.44
2026-06-02 14:45:49.583 - [robot_6_log_20260602_144504.csv] - INFO - Distancias a paredes: Left: 98.71, Right: 351.29, Top: 16.36, Bottom: 123.64
2026-06-02 14:45:49.583 - [robot_6_log_20260602_144504.csv] - INFO - Posicion: 98.71, 123.64, 2.438 | Velocidad: -0.6469613368505397, -0.7625228053117904
2026-06-02 14:45:49.583 - [robot_6_log_20260602_144504.csv] - INFO - None
2026-06-02 14:45:49.583 - [robot_6_log_20260602_144504.csv] - WARNING - Estado FSM: ESPERANDO_GIRO | Target Wall: None | Target Theta: 10.08° |theta: 139.6871104528947 
2026-06-02 14:45:49.599 - [robot_6_log_20260602_144504.csv] - DEBUG - Incoming data. Topic 6/pos, mensaje {"x": 98.71, "y": 123.62, "yaw": 2.435, "timestamp": 1780404349.5885289}
2026-06-02 14:45:49.604 - [robot_6_log_20260602_144504.csv] - DEBUG - Posición actualizada por visión: x=98.71, y=123.62, θ=2.44
2026-06-02 14:45:49.605 - [robot_6_log_20260602_144504.csv] - DEBUG - Frecuencia: 14.06 Hz | Latencia Red/Proc: 16.49 ms
2026-06-02 14:45:49.605 - [robot_6_log_20260602_144504.csv] - DEBUG - Incoming data. Topic 6/pos, mensaje {"x": 98.71, "y": 123.62, "yaw": 2.435, "timestamp": 1780404349.5885289}
2026-06-02 14:45:49.605 - [robot_6_log_20260602_144504.csv] - DEBUG - Posición actualizada por visión: x=98.71, y=123.62, θ=2.44
2026-06-02 14:45:49.605 - [robot_6_log_20260602_144504.csv] - DEBUG - Frecuencia: 9489.38 Hz | Latencia Red/Proc: 16.59 ms
2026-06-02 14:45:49.605 - [robot_6_log_20260602_144504.csv] - DEBUG - Incoming data. Topic 6/pos, mensaje {"x": 98.71, "y": 123.62, "yaw": 2.435, "timestamp": 1780404349.6005795}
2026-06-02 14:45:49.605 - [robot_6_log_20260602_144504.csv] - DEBUG - Posición actualizada por visión: x=98.71, y=123.62, θ=2.44
2026-06-02 14:45:49.605 - [robot_6_log_20260602_144504.csv] - DEBUG - Frecuencia: 12520.31 Hz | Latencia Red/Proc: 4.62 ms
2026-06-02 14:45:49.605 - [robot_6_log_20260602_144504.csv] - DEBUG - Incoming data. Topic 6/pos, mensaje {"x": 98.71, "y": 123.62, "yaw": 2.435, "timestamp": 1780404349.6005795}
2026-06-02 14:45:49.605 - [robot_6_log_20260602_144504.csv] - DEBUG - Posición actualizada por visión: x=98.71, y=123.62, θ=2.44
2026-06-02 14:45:49.605 - [robot_6_log_20260602_144504.csv] - DEBUG - Frecuencia: 12787.51 Hz | Latencia Red/Proc: 4.70 ms
2026-06-02 14:45:49.633 - [robot_6_log_20260602_144504.csv] - INFO - Usando posición VISION: x=98.71, y=123.62, θ=2.44
2026-06-02 14:45:49.633 - [robot_6_log_20260602_144504.csv] - INFO - Distancias a paredes: Left: 98.71, Right: 351.29, Top: 16.38, Bottom: 123.62
2026-06-02 14:45:49.633 - [robot_6_log_20260602_144504.csv] - INFO - Posicion: 98.71, 123.62, 2.435 | Velocidad: -0.6492459905112917, -0.760578492862513
2026-06-02 14:45:49.633 - [robot_6_log_20260602_144504.csv] - INFO - None
2026-06-02 14:45:49.633 - [robot_6_log_20260602_144504.csv] - WARNING - Estado FSM: ESPERANDO_GIRO | Target Wall: None | Target Theta: 10.08° |theta: 139.51522311435545 
2026-06-02 14:45:49.654 - [robot_6_log_20260602_144504.csv] - DEBUG - Incoming data. Topic agent/6/wheel, mensaje {"Wleft":-9.672818e-15,"Wright":-1.669775429e-14}
2026-06-02 14:45:49.683 - [robot_6_log_20260602_144504.csv] - INFO - Usando posición VISION: x=98.71, y=123.62, θ=2.44
2026-06-02 14:45:49.683 - [robot_6_log_20260602_144504.csv] - INFO - Distancias a paredes: Left: 98.71, Right: 351.29, Top: 16.38, Bottom: 123.62
2026-06-02 14:45:49.683 - [robot_6_log_20260602_144504.csv] - INFO - Posicion: 98.71, 123.62, 2.435 | Velocidad: -0.6492459905112917, -0.760578492862513
2026-06-02 14:45:49.683 - [robot_6_log_20260602_144504.csv] - INFO - None
2026-06-02 14:45:49.683 - [robot_6_log_20260602_144504.csv] - WARNING - Estado FSM: ESPERANDO_GIRO | Target Wall: None | Target Theta: 10.08° |theta: 139.51522311435545 
2026-06-02 14:45:49.695 - [robot_6_log_20260602_144504.csv] - DEBUG - Incoming data. Topic 6/pos, mensaje {"x": 98.71, "y": 123.63, "yaw": 2.439, "timestamp": 1780404349.6845534}
2026-06-02 14:45:49.700 - [robot_6_log_20260602_144504.csv] - DEBUG - Posición actualizada por visión: x=98.71, y=123.63, θ=2.44
2026-06-02 14:45:49.705 - [robot_6_log_20260602_144504.csv] - DEBUG - Frecuencia: 9.97 Hz | Latencia Red/Proc: 21.06 ms
2026-06-02 14:45:49.720 - [robot_6_log_20260602_144504.csv] - DEBUG - Incoming data. Topic 6/pos, mensaje {"x": 98.71, "y": 123.63, "yaw": 2.439, "timestamp": 1780404349.6845534}
2026-06-02 14:45:49.725 - [robot_6_log_20260602_144504.csv] - DEBUG - Posición actualizada por visión: x=98.71, y=123.63, θ=2.44
2026-06-02 14:45:49.731 - [robot_6_log_20260602_144504.csv] - DEBUG - Frecuencia: 39.29 Hz | Latencia Red/Proc: 46.52 ms
2026-06-02 14:45:49.733 - [robot_6_log_20260602_144504.csv] - INFO - Usando posición VISION: x=98.71, y=123.63, θ=2.44
2026-06-02 14:45:49.733 - [robot_6_log_20260602_144504.csv] - DEBUG - Incoming data. Topic 6/pos, mensaje {"x": 98.71, "y": 123.63, "yaw": 2.439, "timestamp": 1780404349.6956587}
2026-06-02 14:45:49.733 - [robot_6_log_20260602_144504.csv] - INFO - Distancias a paredes: Left: 98.71, Right: 351.29, Top: 16.37, Bottom: 123.63
2026-06-02 14:45:49.733 - [robot_6_log_20260602_144504.csv] - DEBUG - Posición actualizada por visión: x=98.71, y=123.63, θ=2.44
2026-06-02 14:45:49.733 - [robot_6_log_20260602_144504.csv] - INFO - Posicion: 98.71, 123.63, 2.439 | Velocidad: -0.6461984906916737, -0.7631693852794431
2026-06-02 14:45:49.733 - [robot_6_log_20260602_144504.csv] - DEBUG - Frecuencia: 421.54 Hz | Latencia Red/Proc: 37.78 ms
2026-06-02 14:45:49.733 - [robot_6_log_20260602_144504.csv] - INFO - None
2026-06-02 14:45:49.733 - [robot_6_log_20260602_144504.csv] - DEBUG - Incoming data. Topic 6/pos, mensaje {"x": 98.71, "y": 123.63, "yaw": 2.439, "timestamp": 1780404349.6956587}
2026-06-02 14:45:49.733 - [robot_6_log_20260602_144504.csv] - WARNING - Estado FSM: ESPERANDO_GIRO | Target Wall: None | Target Theta: 10.08° |theta: 139.74440623240778 
2026-06-02 14:45:49.733 - [robot_6_log_20260602_144504.csv] - DEBUG - Posición actualizada por visión: x=98.71, y=123.63, θ=2.44
2026-06-02 14:45:49.743 - [robot_6_log_20260602_144504.csv] - DEBUG - Frecuencia: 96.45 Hz | Latencia Red/Proc: 48.15 ms
2026-06-02 14:45:49.783 - [robot_6_log_20260602_144504.csv] - INFO - Usando posición VISION: x=98.71, y=123.63, θ=2.44
2026-06-02 14:45:49.783 - [robot_6_log_20260602_144504.csv] - INFO - Distancias a paredes: Left: 98.71, Right: 351.29, Top: 16.37, Bottom: 123.63
2026-06-02 14:45:49.783 - [robot_6_log_20260602_144504.csv] - INFO - Posicion: 98.71, 123.63, 2.439 | Velocidad: -0.6461984906916737, -0.7631693852794431
2026-06-02 14:45:49.783 - [robot_6_log_20260602_144504.csv] - INFO - None
2026-06-02 14:45:49.783 - [robot_6_log_20260602_144504.csv] - WARNING - Estado FSM: ESPERANDO_GIRO | Target Wall: None | Target Theta: 10.08° |theta: 139.74440623240778 
2026-06-02 14:45:49.794 - [robot_6_log_20260602_144504.csv] - DEBUG - Incoming data. Topic agent/6/wheel, mensaje {"Wleft":-9.672818e-15,"Wright":-1.669775429e-14}
2026-06-02 14:45:49.805 - [robot_6_log_20260602_144504.csv] - DEBUG - Incoming data. Topic 6/pos, mensaje {"x": 98.72, "y": 123.63, "yaw": 2.441, "timestamp": 1780404349.7889009}
2026-06-02 14:45:49.810 - [robot_6_log_20260602_144504.csv] - DEBUG - Posición actualizada por visión: x=98.72, y=123.63, θ=2.44
2026-06-02 14:45:49.815 - [robot_6_log_20260602_144504.csv] - DEBUG - Frecuencia: 13.97 Hz | Latencia Red/Proc: 26.51 ms
2026-06-02 14:45:49.830 - [robot_6_log_20260602_144504.csv] - DEBUG - Incoming data. Topic 6/pos, mensaje {"x": 98.72, "y": 123.63, "yaw": 2.441, "timestamp": 1780404349.7889009}
2026-06-02 14:45:49.833 - [robot_6_log_20260602_144504.csv] - INFO - Usando posición VISION: x=98.72, y=123.63, θ=2.44
2026-06-02 14:45:49.833 - [robot_6_log_20260602_144504.csv] - INFO - Distancias a paredes: Left: 98.72, Right: 351.28, Top: 16.37, Bottom: 123.63
2026-06-02 14:45:49.833 - [robot_6_log_20260602_144504.csv] - INFO - Posicion: 98.72, 123.63, 2.441 | Velocidad: -0.6446708605421233, -0.7644602550609667
2026-06-02 14:45:49.833 - [robot_6_log_20260602_144504.csv] - INFO - None
2026-06-02 14:45:49.833 - [robot_6_log_20260602_144504.csv] - DEBUG - Posición actualizada por visión: x=98.72, y=123.63, θ=2.44
2026-06-02 14:45:49.833 - [robot_6_log_20260602_144504.csv] - WARNING - Estado FSM: ESPERANDO_GIRO | Target Wall: None | Target Theta: 10.08° |theta: 139.85899779143395 
2026-06-02 14:45:49.833 - [robot_6_log_20260602_144504.csv] - DEBUG - Frecuencia: 55.31 Hz | Latencia Red/Proc: 44.59 ms
2026-06-02 14:45:49.848 - [robot_6_log_20260602_144504.csv] - DEBUG - Incoming data. Topic 6/pos, mensaje {"x": 98.72, "y": 123.63, "yaw": 2.441, "timestamp": 1780404349.8006258}
2026-06-02 14:45:49.853 - [robot_6_log_20260602_144504.csv] - DEBUG - Posición actualizada por visión: x=98.72, y=123.63, θ=2.44
2026-06-02 14:45:49.859 - [robot_6_log_20260602_144504.csv] - DEBUG - Frecuencia: 39.08 Hz | Latencia Red/Proc: 58.46 ms
2026-06-02 14:45:49.874 - [robot_6_log_20260602_144504.csv] - DEBUG - Incoming data. Topic 6/pos, mensaje {"x": 98.72, "y": 123.63, "yaw": 2.441, "timestamp": 1780404349.8006258}
2026-06-02 14:45:49.879 - [robot_6_log_20260602_144504.csv] - DEBUG - Posición actualizada por visión: x=98.72, y=123.63, θ=2.44
2026-06-02 14:45:49.883 - [robot_6_log_20260602_144504.csv] - INFO - Usando posición VISION: x=98.72, y=123.63, θ=2.44
2026-06-02 14:45:49.883 - [robot_6_log_20260602_144504.csv] - DEBUG - Frecuencia: 41.40 Hz | Latencia Red/Proc: 82.61 ms
2026-06-02 14:45:49.883 - [robot_6_log_20260602_144504.csv] - INFO - Distancias a paredes: Left: 98.72, Right: 351.28, Top: 16.37, Bottom: 123.63
2026-06-02 14:45:49.883 - [robot_6_log_20260602_144504.csv] - INFO - Posicion: 98.72, 123.63, 2.441 | Velocidad: -0.6446708605421233, -0.7644602550609667
2026-06-02 14:45:49.883 - [robot_6_log_20260602_144504.csv] - INFO - None
2026-06-02 14:45:49.883 - [robot_6_log_20260602_144504.csv] - DEBUG - Incoming data. Topic agent/6/wheel, mensaje {"Wleft":-9.672818e-15,"Wright":-1.669775429e-14}
2026-06-02 14:45:49.883 - [robot_6_log_20260602_144504.csv] - WARNING - Estado FSM: ESPERANDO_GIRO | Target Wall: None | Target Theta: 10.08° |theta: 139.85899779143395 
2026-06-02 14:45:49.889 - [robot_6_log_20260602_144504.csv] - DEBUG - Incoming data. Topic 6/pos, mensaje {"x": 98.71, "y": 123.64, "yaw": 2.438, "timestamp": 1780404349.8844388}
2026-06-02 14:45:49.895 - [robot_6_log_20260602_144504.csv] - DEBUG - Posición actualizada por visión: x=98.71, y=123.64, θ=2.44
2026-06-02 14:45:49.900 - [robot_6_log_20260602_144504.csv] - DEBUG - Frecuencia: 58.82 Hz | Latencia Red/Proc: 15.80 ms
2026-06-02 14:45:49.915 - [robot_6_log_20260602_144504.csv] - DEBUG - Incoming data. Topic 6/pos, mensaje {"x": 98.71, "y": 123.64, "yaw": 2.438, "timestamp": 1780404349.8844388}
2026-06-02 14:45:49.920 - [robot_6_log_20260602_144504.csv] - DEBUG - Posición actualizada por visión: x=98.71, y=123.64, θ=2.44
2026-06-02 14:45:49.925 - [robot_6_log_20260602_144504.csv] - DEBUG - Frecuencia: 39.10 Hz | Latencia Red/Proc: 41.37 ms
2026-06-02 14:45:49.933 - [robot_6_log_20260602_144504.csv] - INFO - Usando posición VISION: x=98.71, y=123.64, θ=2.44
2026-06-02 14:45:49.933 - [robot_6_log_20260602_144504.csv] - DEBUG - Incoming data. Topic 6/pos, mensaje {"x": 98.71, "y": 123.64, "yaw": 2.438, "timestamp": 1780404349.8971782}
2026-06-02 14:45:49.933 - [robot_6_log_20260602_144504.csv] - INFO - Distancias a paredes: Left: 98.71, Right: 351.29, Top: 16.36, Bottom: 123.64
2026-06-02 14:45:49.933 - [robot_6_log_20260602_144504.csv] - DEBUG - Posición actualizada por visión: x=98.71, y=123.64, θ=2.44
2026-06-02 14:45:49.933 - [robot_6_log_20260602_144504.csv] - INFO - Posicion: 98.71, 123.64, 2.438 | Velocidad: -0.6469613368505397, -0.7625228053117904
2026-06-02 14:45:49.933 - [robot_6_log_20260602_144504.csv] - DEBUG - Frecuencia: 132.53 Hz | Latencia Red/Proc: 36.18 ms
2026-06-02 14:45:49.933 - [robot_6_log_20260602_144504.csv] - INFO - None
2026-06-02 14:45:49.933 - [robot_6_log_20260602_144504.csv] - DEBUG - Incoming data. Topic 6/pos, mensaje {"x": 98.71, "y": 123.64, "yaw": 2.438, "timestamp": 1780404349.8971782}
2026-06-02 14:45:49.933 - [robot_6_log_20260602_144504.csv] - DEBUG - Posición actualizada por visión: x=98.71, y=123.64, θ=2.44
2026-06-02 14:45:49.933 - [robot_6_log_20260602_144504.csv] - DEBUG - Frecuencia: 6831.11 Hz | Latencia Red/Proc: 36.33 ms
2026-06-02 14:45:49.933 - [robot_6_log_20260602_144504.csv] - WARNING - Estado FSM: ESPERANDO_GIRO | Target Wall: None | Target Theta: 10.08° |theta: 139.6871104528947 
2026-06-02 14:45:49.983 - [robot_6_log_20260602_144504.csv] - INFO - Usando posición VISION: x=98.71, y=123.64, θ=2.44
2026-06-02 14:45:49.983 - [robot_6_log_20260602_144504.csv] - INFO - Distancias a paredes: Left: 98.71, Right: 351.29, Top: 16.36, Bottom: 123.64
2026-06-02 14:45:49.983 - [robot_6_log_20260602_144504.csv] - INFO - Posicion: 98.71, 123.64, 2.438 | Velocidad: -0.6469613368505397, -0.7625228053117904
2026-06-02 14:45:49.983 - [robot_6_log_20260602_144504.csv] - INFO - None
2026-06-02 14:45:49.983 - [robot_6_log_20260602_144504.csv] - WARNING - Estado FSM: ESPERANDO_GIRO | Target Wall: None | Target Theta: 10.08° |theta: 139.6871104528947 
2026-06-02 14:45:49.990 - [robot_6_log_20260602_144504.csv] - DEBUG - Incoming data. Topic agent/6/wheel, mensaje {"Wleft":-9.672818e-15,"Wright":-1.669775429e-14}
2026-06-02 14:45:50.006 - [robot_6_log_20260602_144504.csv] - DEBUG - Incoming data. Topic 6/pos, mensaje {"x": 98.72, "y": 123.64, "yaw": 2.437, "timestamp": 1780404349.9884775}
2026-06-02 14:45:50.011 - [robot_6_log_20260602_144504.csv] - DEBUG - Posición actualizada por visión: x=98.72, y=123.64, θ=2.44
2026-06-02 14:45:50.016 - [robot_6_log_20260602_144504.csv] - DEBUG - Frecuencia: 12.08 Hz | Latencia Red/Proc: 27.79 ms
2026-06-02 14:45:50.021 - [robot_6_log_20260602_144504.csv] - DEBUG - Incoming data. Topic 6/pos, mensaje {"x": 98.72, "y": 123.64, "yaw": 2.437, "timestamp": 1780404349.9884775}
2026-06-02 14:45:50.026 - [robot_6_log_20260602_144504.csv] - DEBUG - Posición actualizada por visión: x=98.72, y=123.64, θ=2.44
2026-06-02 14:45:50.031 - [robot_6_log_20260602_144504.csv] - DEBUG - Frecuencia: 65.67 Hz | Latencia Red/Proc: 43.02 ms
2026-06-02 14:45:50.033 - [robot_6_log_20260602_144504.csv] - INFO - Usando posición VISION: x=98.72, y=123.64, θ=2.44
2026-06-02 14:45:50.033 - [robot_6_log_20260602_144504.csv] - DEBUG - Incoming data. Topic 6/pos, mensaje {"x": 98.72, "y": 123.64, "yaw": 2.437, "timestamp": 1780404350.000896}
2026-06-02 14:45:50.033 - [robot_6_log_20260602_144504.csv] - INFO - Distancias a paredes: Left: 98.72, Right: 351.28, Top: 16.36, Bottom: 123.64
2026-06-02 14:45:50.033 - [robot_6_log_20260602_144504.csv] - DEBUG - Posición actualizada por visión: x=98.72, y=123.64, θ=2.44
2026-06-02 14:45:50.033 - [robot_6_log_20260602_144504.csv] - INFO - Posicion: 98.72, 123.64, 2.437 | Velocidad: -0.6477235360481232, -0.7618754628213956
2026-06-02 14:45:50.033 - [robot_6_log_20260602_144504.csv] - DEBUG - Frecuencia: 546.77 Hz | Latencia Red/Proc: 32.43 ms
2026-06-02 14:45:50.033 - [robot_6_log_20260602_144504.csv] - INFO - None
2026-06-02 14:45:50.033 - [robot_6_log_20260602_144504.csv] - DEBUG - Incoming data. Topic 6/pos, mensaje {"x": 98.72, "y": 123.64, "yaw": 2.437, "timestamp": 1780404350.000896}
2026-06-02 14:45:50.033 - [robot_6_log_20260602_144504.csv] - DEBUG - Posición actualizada por visión: x=98.72, y=123.64, θ=2.44
2026-06-02 14:45:50.033 - [robot_6_log_20260602_144504.csv] - DEBUG - Frecuencia: 7543.71 Hz | Latencia Red/Proc: 32.57 ms
2026-06-02 14:45:50.033 - [robot_6_log_20260602_144504.csv] - WARNING - Estado FSM: ESPERANDO_GIRO | Target Wall: None | Target Theta: 10.08° |theta: 139.62981467338162 
2026-06-02 14:45:50.051 - [robot_6_log_20260602_144504.csv] - DEBUG - Incoming data. Topic agent/6/wheel, mensaje {"Wleft":-9.672818e-15,"Wright":-1.669775429e-14}
2026-06-02 14:45:50.083 - [robot_6_log_20260602_144504.csv] - INFO - Usando posición VISION: x=98.72, y=123.64, θ=2.44
2026-06-02 14:45:50.083 - [robot_6_log_20260602_144504.csv] - INFO - Distancias a paredes: Left: 98.72, Right: 351.28, Top: 16.36, Bottom: 123.64
2026-06-02 14:45:50.083 - [robot_6_log_20260602_144504.csv] - INFO - Posicion: 98.72, 123.64, 2.437 | Velocidad: -0.6477235360481232, -0.7618754628213956
2026-06-02 14:45:50.083 - [robot_6_log_20260602_144504.csv] - INFO - None
2026-06-02 14:45:50.083 - [robot_6_log_20260602_144504.csv] - WARNING - Estado FSM: ESPERANDO_GIRO | Target Wall: None | Target Theta: 10.08° |theta: 139.62981467338162 
2026-06-02 14:45:50.088 - [robot_6_log_20260602_144504.csv] - DEBUG - Incoming data. Topic 6/pos, mensaje {"x": 98.71, "y": 123.63, "yaw": 2.438, "timestamp": 1780404350.0847085}
2026-06-02 14:45:50.093 - [robot_6_log_20260602_144504.csv] - DEBUG - Posición actualizada por visión: x=98.71, y=123.63, θ=2.44
2026-06-02 14:45:50.098 - [robot_6_log_20260602_144504.csv] - DEBUG - Frecuencia: 15.31 Hz | Latencia Red/Proc: 14.06 ms
2026-06-02 14:45:50.108 - [robot_6_log_20260602_144504.csv] - DEBUG - Incoming data. Topic 6/pos, mensaje {"x": 98.71, "y": 123.63, "yaw": 2.438, "timestamp": 1780404350.0847085}
2026-06-02 14:45:50.114 - [robot_6_log_20260602_144504.csv] - DEBUG - Posición actualizada por visión: x=98.71, y=123.63, θ=2.44
2026-06-02 14:45:50.114 - [robot_6_log_20260602_144504.csv] - DEBUG - Frecuencia: 65.34 Hz | Latencia Red/Proc: 29.37 ms
2026-06-02 14:45:50.114 - [robot_6_log_20260602_144504.csv] - DEBUG - Incoming data. Topic 6/pos, mensaje {"x": 98.71, "y": 123.63, "yaw": 2.438, "timestamp": 1780404350.0967355}
2026-06-02 14:45:50.114 - [robot_6_log_20260602_144504.csv] - DEBUG - Posición actualizada por visión: x=98.71, y=123.63, θ=2.44
2026-06-02 14:45:50.114 - [robot_6_log_20260602_144504.csv] - DEBUG - Frecuencia: 21845.33 Hz | Latencia Red/Proc: 17.39 ms
2026-06-02 14:45:50.114 - [robot_6_log_20260602_144504.csv] - DEBUG - Incoming data. Topic 6/pos, mensaje {"x": 98.71, "y": 123.63, "yaw": 2.438, "timestamp": 1780404350.0967355}
2026-06-02 14:45:50.114 - [robot_6_log_20260602_144504.csv] - DEBUG - Posición actualizada por visión: x=98.71, y=123.63, θ=2.44
2026-06-02 14:45:50.114 - [robot_6_log_20260602_144504.csv] - DEBUG - Frecuencia: 23696.63 Hz | Latencia Red/Proc: 17.43 ms
2026-06-02 14:45:50.133 - [robot_6_log_20260602_144504.csv] - INFO - Usando posición VISION: x=98.71, y=123.63, θ=2.44
2026-06-02 14:45:50.133 - [robot_6_log_20260602_144504.csv] - INFO - Distancias a paredes: Left: 98.71, Right: 351.29, Top: 16.37, Bottom: 123.63
2026-06-02 14:45:50.133 - [robot_6_log_20260602_144504.csv] - INFO - Posicion: 98.71, 123.63, 2.438 | Velocidad: -0.6469613368505397, -0.7625228053117904
2026-06-02 14:45:50.133 - [robot_6_log_20260602_144504.csv] - INFO - None
2026-06-02 14:45:50.133 - [robot_6_log_20260602_144504.csv] - WARNING - Estado FSM: ESPERANDO_GIRO | Target Wall: None | Target Theta: 10.08° |theta: 139.6871104528947 
