timestamp,x,y,theta,x_estimate,y_estimate,theta_estimate,status,x_min,x_max,y_min,y_max,dist_to_wall,decision_v,decision_w
1779183855.41075,0.0,0.0,0.0,0.0,0.0,0.0,ESTIMA,0.0,450.0,0,140.0,0.0,450.0,140.0,0.0,30.0,0.0
1779183855.5114384,0.0,0.0,0.0,0.0,0.0,0.0,ESTIMA,0.0,450.0,0,140.0,0.0,450.0,140.0,0.0,30.0,0.0
1779183855.6120212,335.97,107.66,-1.63,335.97,107.66,-1.63,VISION,0.0,450.0,0,140.0,335.97,114.03,32.34,107.66,30.0,0.0
1779183855.712513,335.97,107.66,-1.63,335.97,107.66,-1.63,VISION,0.0,450.0,0,140.0,335.97,114.03,32.34,107.66,30.0,0.0
1779183855.8129964,335.97,107.66,-1.63,335.97,107.66,-1.63,VISION,0.0,450.0,0,140.0,335.97,114.03,32.34,107.66,30.0,0.0
1779183855.9134185,335.97,107.66,-1.63,335.97,107.66,-1.63,VISION,0.0,450.0,0,140.0,335.97,114.03,32.34,107.66,30.0,0.0
1779183856.0139034,335.97,107.66,-1.63,335.97,107.66,-1.63,VISION,0.0,450.0,0,140.0,335.97,114.03,32.34,107.66,30.0,0.0
1779183856.1150157,335.97,107.66,-1.63,335.97,107.66,-1.63,ESTIMA,0.0,450.0,0,140.0,335.97,114.03,32.34,107.66,30.0,0.0
1779183856.2155173,336.62,108.14,-1.606,336.62,108.14,-1.606,VISION,0.0,450.0,0,140.0,336.62,113.38,31.86,108.14,30.0,0.0
1779183856.3160102,336.62,108.14,-1.606,336.62,108.14,-1.606,VISION,0.0,450.0,0,140.0,336.62,113.38,31.86,108.14,30.0,0.0
1779183856.4164555,336.62,108.14,-1.606,336.62,108.14,-1.606,VISION,0.0,450.0,0,140.0,336.62,113.38,31.86,108.14,30.0,0.0
1779183856.5169208,336.62,108.14,-1.606,336.62,108.14,-1.606,VISION,0.0,450.0,0,140.0,336.62,113.38,31.86,108.14,30.0,0.0
1779183856.617367,336.62,108.14,-1.606,336.62,108.14,-1.606,VISION,0.0,450.0,0,140.0,336.62,113.38,31.86,108.14,30.0,0.0
1779183856.7178438,336.62,108.14,-1.606,336.62,108.14,-1.606,ESTIMA,0.0,450.0,0,140.0,336.62,113.38,31.86,108.14,30.0,0.0
1779183856.8183115,336.62,108.14,-1.606,336.62,108.14,-1.606,ESTIMA,0.0,450.0,0,140.0,336.62,113.38,31.86,108.14,30.0,0.0
1779183856.918871,336.62,108.14,-1.606,336.62,108.14,-1.606,ESTIMA,0.0,450.0,0,140.0,336.62,113.38,31.86,108.14,30.0,0.0
1779183857.0193033,336.62,108.14,-1.606,336.62,108.14,-1.606,ESTIMA,0.0,450.0,0,140.0,336.62,113.38,31.86,108.14,30.0,0.0
1779183857.1198409,336.62,108.14,-1.606,336.62,108.14,-1.606,ESTIMA,0.0,450.0,0,140.0,336.62,113.38,31.86,108.14,30.0,0.0
1779183857.2202797,336.62,108.14,-1.606,336.62,108.14,-1.606,ESTIMA,0.0,450.0,0,140.0,336.62,113.38,31.86,108.14,30.0,0.0
1779183857.3208833,336.62,108.14,-1.606,336.62,108.14,-1.606,ESTIMA,0.0,450.0,0,140.0,336.62,113.38,31.86,108.14,30.0,0.0
1779183857.4213407,336.62,108.14,-1.606,336.62,108.14,-1.606,ESTIMA,0.0,450.0,0,140.0,336.62,113.38,31.86,108.14,30.0,0.0
1779183857.521733,336.62,108.14,-1.606,336.62,108.14,-1.606,ESTIMA,0.0,450.0,0,140.0,336.62,113.38,31.86,108.14,30.0,0.0
1779183857.6220891,336.62,108.14,-1.606,336.62,108.14,-1.606,ESTIMA,0.0,450.0,0,140.0,336.62,113.38,31.86,108.14,30.0,0.0
1779183857.7224557,336.62,108.14,-1.606,336.62,108.14,-1.606,ESTIMA,0.0,450.0,0,140.0,336.62,113.38,31.86,108.14,30.0,0.0
1779183857.8227882,336.62,108.14,-1.606,336.62,108.14,-1.606,ESTIMA,0.0,450.0,0,140.0,336.62,113.38,31.86,108.14,30.0,0.0
1779183857.9231288,336.62,108.14,-1.606,336.62,108.14,-1.606,ESTIMA,0.0,450.0,0,140.0,336.62,113.38,31.86,108.14,30.0,0.0
1779183858.0234623,336.62,108.14,-1.606,336.62,108.14,-1.606,ESTIMA,0.0,450.0,0,140.0,336.62,113.38,31.86,108.14,30.0,0.0
1779183858.123905,336.62,108.14,-1.606,336.62,108.14,-1.606,ESTIMA,0.0,450.0,0,140.0,336.62,113.38,31.86,108.14,30.0,0.0
1779183858.224315,336.62,108.14,-1.606,336.62,108.14,-1.606,ESTIMA,0.0,450.0,0,140.0,336.62,113.38,31.86,108.14,30.0,0.0
1779183858.3248074,336.62,108.14,-1.606,336.62,108.14,-1.606,ESTIMA,0.0,450.0,0,140.0,336.62,113.38,31.86,108.14,30.0,0.0
1779183858.4252937,336.62,108.14,-1.606,336.62,108.14,-1.606,ESTIMA,0.0,450.0,0,140.0,336.62,113.38,31.86,108.14,30.0,0.0
1779183858.525807,336.62,108.14,-1.606,336.62,108.14,-1.606,ESTIMA,0.0,450.0,0,140.0,336.62,113.38,31.86,108.14,30.0,0.0
1779183858.6263065,336.62,108.14,-1.606,336.62,108.14,-1.606,ESTIMA,0.0,450.0,0,140.0,336.62,113.38,31.86,108.14,30.0,0.0
1779183859.6610997,336.32,107.87,-1.621,336.32,107.87,-1.621,VISION,0.0,450.0,0,140.0,336.32,113.68,32.13,107.87,30.0,0.0
1779183859.7803133,336.32,107.87,-1.621,336.32,107.87,-1.621,VISION,0.0,450.0,0,140.0,336.32,113.68,32.13,107.87,30.0,0.0
1779183859.8806272,336.32,107.87,-1.621,336.32,107.87,-1.621,VISION,0.0,450.0,0,140.0,336.32,113.68,32.13,107.87,30.0,0.0
1779183859.9809525,336.32,107.87,-1.621,336.32,107.87,-1.621,VISION,0.0,450.0,0,140.0,336.32,113.68,32.13,107.87,30.0,0.0
1779183860.0812674,336.32,107.87,-1.621,336.32,107.87,-1.621,VISION,0.0,450.0,0,140.0,336.32,113.68,32.13,107.87,30.0,0.0
1779183860.1815906,336.32,107.87,-1.621,336.32,107.87,-1.621,ESTIMA,0.0,450.0,0,140.0,336.32,113.68,32.13,107.87,30.0,0.0
1779183860.2818663,336.28,107.79,-1.623,336.28,107.79,-1.623,VISION,0.0,450.0,0,140.0,336.28,113.72,32.21,107.79,30.0,0.0
1779183860.3822129,336.28,107.79,-1.623,336.28,107.79,-1.623,VISION,0.0,450.0,0,140.0,336.28,113.72,32.21,107.79,30.0,0.0
1779183860.4825287,336.28,107.79,-1.623,336.28,107.79,-1.623,VISION,0.0,450.0,0,140.0,336.28,113.72,32.21,107.79,30.0,0.0
1779183860.5828898,336.28,107.79,-1.623,336.28,107.79,-1.623,VISION,0.0,450.0,0,140.0,336.28,113.72,32.21,107.79,30.0,0.0
1779183860.683249,336.28,107.79,-1.623,336.28,107.79,-1.623,VISION,0.0,450.0,0,140.0,336.28,113.72,32.21,107.79,30.0,0.0
1779183860.7835495,336.28,107.79,-1.623,336.28,107.79,-1.623,ESTIMA,0.0,450.0,0,140.0,336.28,113.72,32.21,107.79,30.0,0.0
1779183860.883896,335.96,107.66,-1.63,335.96,107.66,-1.63,VISION,0.0,450.0,0,140.0,335.96,114.04,32.34,107.66,30.0,0.0
1779183860.984229,335.96,107.66,-1.63,335.96,107.66,-1.63,VISION,0.0,450.0,0,140.0,335.96,114.04,32.34,107.66,30.0,0.0
1779183861.0845892,335.96,107.66,-1.63,335.96,107.66,-1.63,VISION,0.0,450.0,0,140.0,335.96,114.04,32.34,107.66,30.0,0.0
1779183861.1848865,335.96,107.66,-1.63,335.96,107.66,-1.63,VISION,0.0,450.0,0,140.0,335.96,114.04,32.34,107.66,30.0,0.0
1779183861.2851996,335.96,107.66,-1.63,335.96,107.66,-1.63,VISION,0.0,450.0,0,140.0,335.96,114.04,32.34,107.66,30.0,0.0
1779183861.3855448,335.96,107.66,-1.63,335.96,107.66,-1.63,ESTIMA,0.0,450.0,0,140.0,335.96,114.04,32.34,107.66,30.0,0.0
1779183861.4859397,335.95,107.66,-1.632,335.95,107.66,-1.632,VISION,0.0,450.0,0,140.0,335.95,114.05,32.34,107.66,30.0,0.0
1779183861.5863245,335.95,107.66,-1.632,335.95,107.66,-1.632,VISION,0.0,450.0,0,140.0,335.95,114.05,32.34,107.66,30.0,0.0
1779183861.6866286,335.95,107.66,-1.632,335.95,107.66,-1.632,VISION,0.0,450.0,0,140.0,335.95,114.05,32.34,107.66,30.0,0.0
1779183861.7869601,335.95,107.66,-1.632,335.95,107.66,-1.632,VISION,0.0,450.0,0,140.0,335.95,114.05,32.34,107.66,30.0,0.0
1779183861.8872647,335.95,107.66,-1.632,335.95,107.66,-1.632,VISION,0.0,450.0,0,140.0,335.95,114.05,32.34,107.66,30.0,0.0
1779183861.9877417,335.95,107.66,-1.632,335.95,107.66,-1.632,ESTIMA,0.0,450.0,0,140.0,335.95,114.05,32.34,107.66,30.0,0.0
1779183862.088218,335.96,107.67,-1.633,335.96,107.67,-1.633,VISION,0.0,450.0,0,140.0,335.96,114.04,32.33,107.67,30.0,0.0
1779183862.1886878,335.96,107.67,-1.633,335.96,107.67,-1.633,VISION,0.0,450.0,0,140.0,335.96,114.04,32.33,107.67,30.0,0.0
1779183862.2891088,335.96,107.67,-1.633,335.96,107.67,-1.633,VISION,0.0,450.0,0,140.0,335.96,114.04,32.33,107.67,30.0,0.0
1779183862.3896186,335.96,107.67,-1.633,335.96,107.67,-1.633,VISION,0.0,450.0,0,140.0,335.96,114.04,32.33,107.67,30.0,0.0
1779183862.490064,335.96,107.67,-1.633,335.96,107.67,-1.633,VISION,0.0,450.0,0,140.0,335.96,114.04,32.33,107.67,30.0,0.0
1779183862.5904593,335.96,107.67,-1.635,335.96,107.67,-1.635,VISION,0.0,450.0,0,140.0,335.96,114.04,32.33,107.67,30.0,0.0
1779183862.6908398,335.96,107.67,-1.635,335.96,107.67,-1.635,VISION,0.0,450.0,0,140.0,335.96,114.04,32.33,107.67,30.0,0.0
1779183862.7911983,335.96,107.67,-1.635,335.96,107.67,-1.635,VISION,0.0,450.0,0,140.0,335.96,114.04,32.33,107.67,30.0,0.0
1779183862.89154,335.96,107.67,-1.635,335.96,107.67,-1.635,VISION,0.0,450.0,0,140.0,335.96,114.04,32.33,107.67,30.0,0.0
1779183862.9918833,335.96,107.67,-1.635,335.96,107.67,-1.635,VISION,0.0,450.0,0,140.0,335.96,114.04,32.33,107.67,30.0,0.0
1779183863.0923429,335.96,107.67,-1.635,335.96,107.67,-1.635,ESTIMA,0.0,450.0,0,140.0,335.96,114.04,32.33,107.67,30.0,0.0
1779183863.1927576,335.96,107.65,-1.63,335.96,107.65,-1.63,VISION,0.0,450.0,0,140.0,335.96,114.04,32.35,107.65,30.0,0.0
1779183863.2930963,335.96,107.65,-1.63,335.96,107.65,-1.63,VISION,0.0,450.0,0,140.0,335.96,114.04,32.35,107.65,30.0,0.0
1779183863.3934486,335.96,107.65,-1.63,335.96,107.65,-1.63,VISION,0.0,450.0,0,140.0,335.96,114.04,32.35,107.65,30.0,0.0
1779183863.4938116,335.96,107.65,-1.63,335.96,107.65,-1.63,VISION,0.0,450.0,0,140.0,335.96,114.04,32.35,107.65,30.0,0.0
1779183863.594176,335.96,107.65,-1.63,335.96,107.65,-1.63,VISION,0.0,450.0,0,140.0,335.96,114.04,32.35,107.65,30.0,0.0
1779183863.6945145,335.96,107.65,-1.63,335.96,107.65,-1.63,ESTIMA,0.0,450.0,0,140.0,335.96,114.04,32.35,107.65,30.0,0.0
1779183863.7950323,335.95,107.67,-1.632,335.95,107.67,-1.632,VISION,0.0,450.0,0,140.0,335.95,114.05,32.33,107.67,30.0,0.0
1779183863.8954747,335.95,107.67,-1.632,335.95,107.67,-1.632,VISION,0.0,450.0,0,140.0,335.95,114.05,32.33,107.67,30.0,0.0
1779183863.9959865,335.95,107.67,-1.632,335.95,107.67,-1.632,VISION,0.0,450.0,0,140.0,335.95,114.05,32.33,107.67,30.0,0.0
1779183864.096439,335.95,107.67,-1.632,335.95,107.67,-1.632,VISION,0.0,450.0,0,140.0,335.95,114.05,32.33,107.67,30.0,0.0
1779183864.1969223,335.95,107.67,-1.632,335.95,107.67,-1.632,VISION,0.0,450.0,0,140.0,335.95,114.05,32.33,107.67,30.0,0.0
1779183864.2973158,335.95,107.67,-1.632,335.95,107.67,-1.632,ESTIMA,0.0,450.0,0,140.0,335.95,114.05,32.33,107.67,30.0,0.0
1779183864.3977497,335.95,107.66,-1.63,335.95,107.66,-1.63,VISION,0.0,450.0,0,140.0,335.95,114.05,32.34,107.66,30.0,0.0
1779183864.4981694,335.95,107.66,-1.63,335.95,107.66,-1.63,VISION,0.0,450.0,0,140.0,335.95,114.05,32.34,107.66,30.0,0.0
1779183864.5986514,335.95,107.66,-1.63,335.95,107.66,-1.63,VISION,0.0,450.0,0,140.0,335.95,114.05,32.34,107.66,30.0,0.0
1779183864.6990945,335.95,107.66,-1.63,335.95,107.66,-1.63,VISION,0.0,450.0,0,140.0,335.95,114.05,32.34,107.66,30.0,0.0
1779183864.799519,335.95,107.66,-1.63,335.95,107.66,-1.63,VISION,0.0,450.0,0,140.0,335.95,114.05,32.34,107.66,30.0,0.0
1779183864.8999608,335.95,107.66,-1.63,335.95,107.66,-1.63,ESTIMA,0.0,450.0,0,140.0,335.95,114.05,32.34,107.66,30.0,0.0
1779183865.00039,335.95,107.67,-1.632,335.95,107.67,-1.632,VISION,0.0,450.0,0,140.0,335.95,114.05,32.33,107.67,30.0,0.0
1779183865.1008072,335.95,107.67,-1.632,335.95,107.67,-1.632,VISION,0.0,450.0,0,140.0,335.95,114.05,32.33,107.67,30.0,0.0
1779183865.20124,335.95,107.67,-1.632,335.95,107.67,-1.632,VISION,0.0,450.0,0,140.0,335.95,114.05,32.33,107.67,30.0,0.0
1779183865.3016496,335.95,107.67,-1.632,335.95,107.67,-1.632,VISION,0.0,450.0,0,140.0,335.95,114.05,32.33,107.67,30.0,0.0
1779183865.402062,335.95,107.67,-1.632,335.95,107.67,-1.632,VISION,0.0,450.0,0,140.0,335.95,114.05,32.33,107.67,30.0,0.0
1779183865.502518,335.95,107.67,-1.632,335.95,107.67,-1.632,ESTIMA,0.0,450.0,0,140.0,335.95,114.05,32.33,107.67,30.0,0.0
1779183865.6028757,335.96,107.67,-1.63,335.96,107.67,-1.63,VISION,0.0,450.0,0,140.0,335.96,114.04,32.33,107.67,30.0,0.0
1779183865.7032013,335.96,107.67,-1.63,335.96,107.67,-1.63,VISION,0.0,450.0,0,140.0,335.96,114.04,32.33,107.67,30.0,0.0
1779183865.8035126,335.96,107.67,-1.63,335.96,107.67,-1.63,VISION,0.0,450.0,0,140.0,335.96,114.04,32.33,107.67,30.0,0.0
1779183865.9038773,335.96,107.67,-1.63,335.96,107.67,-1.63,VISION,0.0,450.0,0,140.0,335.96,114.04,32.33,107.67,30.0,0.0
1779183866.0041738,335.96,107.67,-1.63,335.96,107.67,-1.63,VISION,0.0,450.0,0,140.0,335.96,114.04,32.33,107.67,30.0,0.0
1779183866.1044612,335.96,107.65,-1.631,335.96,107.65,-1.631,VISION,0.0,450.0,0,140.0,335.96,114.04,32.35,107.65,30.0,0.0
1779183866.2048602,335.96,107.65,-1.631,335.96,107.65,-1.631,VISION,0.0,450.0,0,140.0,335.96,114.04,32.35,107.65,30.0,0.0
1779183866.3052125,335.96,107.65,-1.631,335.96,107.65,-1.631,VISION,0.0,450.0,0,140.0,335.96,114.04,32.35,107.65,30.0,0.0
1779183866.405591,335.96,107.65,-1.631,335.96,107.65,-1.631,VISION,0.0,450.0,0,140.0,335.96,114.04,32.35,107.65,30.0,0.0
1779183866.5060205,335.96,107.65,-1.631,335.96,107.65,-1.631,VISION,0.0,450.0,0,140.0,335.96,114.04,32.35,107.65,30.0,0.0
1779183866.6065874,335.96,107.65,-1.631,335.96,107.65,-1.631,ESTIMA,0.0,450.0,0,140.0,335.96,114.04,32.35,107.65,30.0,0.0
1779183866.707052,335.95,107.65,-1.63,335.95,107.65,-1.63,VISION,0.0,450.0,0,140.0,335.95,114.05,32.35,107.65,30.0,0.0
1779183866.8074293,335.95,107.65,-1.63,335.95,107.65,-1.63,VISION,0.0,450.0,0,140.0,335.95,114.05,32.35,107.65,30.0,0.0
1779183866.90774,335.95,107.65,-1.63,335.95,107.65,-1.63,VISION,0.0,450.0,0,140.0,335.95,114.05,32.35,107.65,30.0,0.0
1779183867.0080423,335.95,107.65,-1.63,335.95,107.65,-1.63,VISION,0.0,450.0,0,140.0,335.95,114.05,32.35,107.65,30.0,0.0
1779183867.10836,335.95,107.65,-1.63,335.95,107.65,-1.63,VISION,0.0,450.0,0,140.0,335.95,114.05,32.35,107.65,30.0,0.0
1779183867.2087138,335.95,107.65,-1.63,335.95,107.65,-1.63,ESTIMA,0.0,450.0,0,140.0,335.95,114.05,32.35,107.65,30.0,0.0
1779183867.3090293,337.1,107.64,-1.728,337.1,107.64,-1.728,VISION,0.0,450.0,0,140.0,337.1,112.9,32.36,107.64,30.0,0.0
1779183867.409411,337.1,107.64,-1.728,337.1,107.64,-1.728,VISION,0.0,450.0,0,140.0,337.1,112.9,32.36,107.64,30.0,0.0
1779183867.5098097,337.1,107.64,-1.728,337.1,107.64,-1.728,VISION,0.0,450.0,0,140.0,337.1,112.9,32.36,107.64,30.0,0.0
1779183867.6101744,337.1,107.64,-1.728,337.1,107.64,-1.728,VISION,0.0,450.0,0,140.0,337.1,112.9,32.36,107.64,30.0,0.0
1779183867.710678,337.1,107.64,-1.728,337.1,107.64,-1.728,VISION,0.0,450.0,0,140.0,337.1,112.9,32.36,107.64,30.0,0.0
1779183867.8110065,337.1,107.64,-1.728,337.1,107.64,-1.728,ESTIMA,0.0,450.0,0,140.0,337.1,112.9,32.36,107.64,30.0,0.0
1779183867.911327,345.71,104.77,-2.037,345.71,104.77,-2.037,VISION,0.0,450.0,0,140.0,345.71,104.29,35.23,104.77,30.0,0.0
1779183868.0117369,345.71,104.77,-2.037,345.71,104.77,-2.037,VISION,0.0,450.0,0,140.0,345.71,104.29,35.23,104.77,30.0,0.0
1779183868.112124,345.71,104.77,-2.037,345.71,104.77,-2.037,VISION,0.0,450.0,0,140.0,345.71,104.29,35.23,104.77,30.0,0.0
1779183868.2125633,345.71,104.77,-2.037,345.71,104.77,-2.037,VISION,0.0,450.0,0,140.0,345.71,104.29,35.23,104.77,30.0,0.0
1779183868.3129508,345.71,104.77,-2.037,345.71,104.77,-2.037,VISION,0.0,450.0,0,140.0,345.71,104.29,35.23,104.77,30.0,0.0
1779183868.413318,345.71,104.77,-2.037,345.71,104.77,-2.037,ESTIMA,0.0,450.0,0,140.0,345.71,104.29,35.23,104.77,30.0,0.0
1779183868.5137038,346.28,103.27,-1.702,346.28,103.27,-1.702,VISION,0.0,450.0,0,140.0,346.28,103.72,36.73,103.27,30.0,0.0
1779183868.6140778,346.28,103.27,-1.702,346.28,103.27,-1.702,VISION,0.0,450.0,0,140.0,346.28,103.72,36.73,103.27,30.0,0.0
1779183868.7145312,346.28,103.27,-1.702,346.28,103.27,-1.702,VISION,0.0,450.0,0,140.0,346.28,103.72,36.73,103.27,30.0,0.0
1779183868.814898,346.28,103.27,-1.702,346.28,103.27,-1.702,VISION,0.0,450.0,0,140.0,346.28,103.72,36.73,103.27,30.0,0.0
1779183868.9152489,346.28,103.27,-1.702,346.28,103.27,-1.702,VISION,0.0,450.0,0,140.0,346.28,103.72,36.73,103.27,30.0,0.0
1779183869.0156496,346.28,103.27,-1.702,346.28,103.27,-1.702,ESTIMA,0.0,450.0,0,140.0,346.28,103.72,36.73,103.27,30.0,0.0
1779183869.1160185,334.91,92.15,-1.904,334.91,92.15,-1.904,VISION,0.0,450.0,0,140.0,334.91,115.09,47.85,92.15,30.0,0.0
1779183869.216397,334.91,92.15,-1.904,334.91,92.15,-1.904,VISION,0.0,450.0,0,140.0,334.91,115.09,47.85,92.15,30.0,0.0
1779183869.3167088,334.91,92.15,-1.904,334.91,92.15,-1.904,VISION,0.0,450.0,0,140.0,334.91,115.09,47.85,92.15,30.0,0.0
1779183869.4170113,334.91,92.15,-1.904,334.91,92.15,-1.904,VISION,0.0,450.0,0,140.0,334.91,115.09,47.85,92.15,30.0,0.0
1779183869.5173285,334.91,92.15,-1.904,334.91,92.15,-1.904,VISION,0.0,450.0,0,140.0,334.91,115.09,47.85,92.15,30.0,0.0
1779183869.6177013,334.57,89.09,-1.881,334.57,89.09,-1.881,VISION,0.0,450.0,0,140.0,334.57,115.43,50.91,89.09,30.0,0.0
1779183869.7180526,334.57,89.09,-1.881,334.57,89.09,-1.881,VISION,0.0,450.0,0,140.0,334.57,115.43,50.91,89.09,30.0,0.0
1779183869.8184016,334.57,89.09,-1.881,334.57,89.09,-1.881,VISION,0.0,450.0,0,140.0,334.57,115.43,50.91,89.09,30.0,0.0
1779183869.9187944,334.57,89.09,-1.881,334.57,89.09,-1.881,VISION,0.0,450.0,0,140.0,334.57,115.43,50.91,89.09,30.0,0.0
1779183870.0192366,334.57,89.09,-1.881,334.57,89.09,-1.881,VISION,0.0,450.0,0,140.0,334.57,115.43,50.91,89.09,30.0,0.0
1779183870.1197226,334.57,89.09,-1.881,334.57,89.09,-1.881,ESTIMA,0.0,450.0,0,140.0,334.57,115.43,50.91,89.09,30.0,0.0
1779183870.2200446,334.7,88.98,-1.89,334.7,88.98,-1.89,VISION,0.0,450.0,0,140.0,334.7,115.3,51.02,88.98,30.0,0.0
1779183870.3203897,334.7,88.98,-1.89,334.7,88.98,-1.89,VISION,0.0,450.0,0,140.0,334.7,115.3,51.02,88.98,30.0,0.0
1779183870.4207861,334.7,88.98,-1.89,334.7,88.98,-1.89,VISION,0.0,450.0,0,140.0,334.7,115.3,51.02,88.98,30.0,0.0
1779183870.5211642,334.7,88.98,-1.89,334.7,88.98,-1.89,VISION,0.0,450.0,0,140.0,334.7,115.3,51.02,88.98,30.0,0.0
1779183870.6215274,334.7,88.98,-1.89,334.7,88.98,-1.89,VISION,0.0,450.0,0,140.0,334.7,115.3,51.02,88.98,30.0,0.0
1779183870.7220397,334.7,88.98,-1.89,334.7,88.98,-1.89,ESTIMA,0.0,450.0,0,140.0,334.7,115.3,51.02,88.98,30.0,0.0
1779183870.822353,335.12,88.93,-1.895,335.12,88.93,-1.895,VISION,0.0,450.0,0,140.0,335.12,114.88,51.07,88.93,30.0,0.0
1779183870.9227645,335.12,88.93,-1.895,335.12,88.93,-1.895,VISION,0.0,450.0,0,140.0,335.12,114.88,51.07,88.93,30.0,0.0
1779183871.0230794,335.12,88.93,-1.895,335.12,88.93,-1.895,VISION,0.0,450.0,0,140.0,335.12,114.88,51.07,88.93,30.0,0.0
1779183871.1234074,335.12,88.93,-1.895,335.12,88.93,-1.895,VISION,0.0,450.0,0,140.0,335.12,114.88,51.07,88.93,30.0,0.0
1779183871.2237833,335.12,88.93,-1.895,335.12,88.93,-1.895,VISION,0.0,450.0,0,140.0,335.12,114.88,51.07,88.93,30.0,0.0
1779183871.3241103,335.12,88.93,-1.895,335.12,88.93,-1.895,ESTIMA,0.0,450.0,0,140.0,335.12,114.88,51.07,88.93,30.0,0.0
1779183871.4244459,335.26,88.5,-2.007,335.26,88.5,-2.007,VISION,0.0,450.0,0,140.0,335.26,114.74,51.5,88.5,30.0,0.0
1779183871.5247946,335.26,88.5,-2.007,335.26,88.5,-2.007,VISION,0.0,450.0,0,140.0,335.26,114.74,51.5,88.5,30.0,0.0
1779183871.6251342,335.26,88.5,-2.007,335.26,88.5,-2.007,VISION,0.0,450.0,0,140.0,335.26,114.74,51.5,88.5,30.0,0.0
1779183871.7254953,335.26,88.5,-2.007,335.26,88.5,-2.007,VISION,0.0,450.0,0,140.0,335.26,114.74,51.5,88.5,30.0,0.0
1779183871.8260438,335.26,88.5,-2.007,335.26,88.5,-2.007,VISION,0.0,450.0,0,140.0,335.26,114.74,51.5,88.5,30.0,0.0
1779183871.9265006,335.26,88.5,-2.007,335.26,88.5,-2.007,ESTIMA,0.0,450.0,0,140.0,335.26,114.74,51.5,88.5,30.0,0.0
1779183872.0268338,335.91,87.03,-1.845,335.91,87.03,-1.845,VISION,0.0,450.0,0,140.0,335.91,114.09,52.97,87.03,30.0,0.0
1779183872.1272464,335.91,87.03,-1.845,335.91,87.03,-1.845,VISION,0.0,450.0,0,140.0,335.91,114.09,52.97,87.03,30.0,0.0
1779183872.2276034,335.91,87.03,-1.845,335.91,87.03,-1.845,VISION,0.0,450.0,0,140.0,335.91,114.09,52.97,87.03,30.0,0.0
1779183872.3280802,335.91,87.03,-1.845,335.91,87.03,-1.845,VISION,0.0,450.0,0,140.0,335.91,114.09,52.97,87.03,30.0,0.0
1779183872.4284136,335.91,87.03,-1.845,335.91,87.03,-1.845,VISION,0.0,450.0,0,140.0,335.91,114.09,52.97,87.03,30.0,0.0
1779183872.5288901,335.91,87.03,-1.845,335.91,87.03,-1.845,ESTIMA,0.0,450.0,0,140.0,335.91,114.09,52.97,87.03,30.0,0.0
1779183872.6293647,336.17,86.66,-1.887,336.17,86.66,-1.887,VISION,0.0,450.0,0,140.0,336.17,113.83,53.34,86.66,30.0,0.0
1779183872.7297266,336.17,86.66,-1.887,336.17,86.66,-1.887,VISION,0.0,450.0,0,140.0,336.17,113.83,53.34,86.66,30.0,0.0
1779183872.8301039,336.17,86.66,-1.887,336.17,86.66,-1.887,VISION,0.0,450.0,0,140.0,336.17,113.83,53.34,86.66,30.0,0.0
1779183872.9304562,336.17,86.66,-1.887,336.17,86.66,-1.887,VISION,0.0,450.0,0,140.0,336.17,113.83,53.34,86.66,30.0,0.0
1779183873.0308816,336.17,86.66,-1.887,336.17,86.66,-1.887,VISION,0.0,450.0,0,140.0,336.17,113.83,53.34,86.66,30.0,0.0
1779183873.1312172,336.28,86.67,-1.918,336.28,86.67,-1.918,VISION,0.0,450.0,0,140.0,336.28,113.72,53.33,86.67,30.0,0.0
1779183873.231562,336.28,86.67,-1.918,336.28,86.67,-1.918,VISION,0.0,450.0,0,140.0,336.28,113.72,53.33,86.67,30.0,0.0
1779183873.3320072,336.28,86.67,-1.918,336.28,86.67,-1.918,VISION,0.0,450.0,0,140.0,336.28,113.72,53.33,86.67,30.0,0.0
1779183873.4324467,336.28,86.67,-1.918,336.28,86.67,-1.918,VISION,0.0,450.0,0,140.0,336.28,113.72,53.33,86.67,30.0,0.0
1779183873.5327823,336.28,86.67,-1.918,336.28,86.67,-1.918,VISION,0.0,450.0,0,140.0,336.28,113.72,53.33,86.67,30.0,0.0
1779183873.6331024,336.28,86.67,-1.918,336.28,86.67,-1.918,ESTIMA,0.0,450.0,0,140.0,336.28,113.72,53.33,86.67,30.0,0.0
1779183873.7334106,336.3,86.66,-1.92,336.3,86.66,-1.92,VISION,0.0,450.0,0,140.0,336.3,113.7,53.34,86.66,30.0,0.0
1779183873.8337436,336.3,86.66,-1.92,336.3,86.66,-1.92,VISION,0.0,450.0,0,140.0,336.3,113.7,53.34,86.66,30.0,0.0
1779183873.9340506,336.3,86.66,-1.92,336.3,86.66,-1.92,VISION,0.0,450.0,0,140.0,336.3,113.7,53.34,86.66,30.0,0.0
1779183874.0344038,336.3,86.66,-1.92,336.3,86.66,-1.92,VISION,0.0,450.0,0,140.0,336.3,113.7,53.34,86.66,30.0,0.0
1779183874.1349537,336.3,86.66,-1.92,336.3,86.66,-1.92,VISION,0.0,450.0,0,140.0,336.3,113.7,53.34,86.66,30.0,0.0
1779183874.2352612,336.3,86.66,-1.92,336.3,86.66,-1.92,ESTIMA,0.0,450.0,0,140.0,336.3,113.7,53.34,86.66,30.0,0.0
1779183874.3355727,337.34,85.77,-1.833,337.34,85.77,-1.833,VISION,0.0,450.0,0,140.0,337.34,112.66,54.23,85.77,30.0,0.0
1779183874.4358861,337.34,85.77,-1.833,337.34,85.77,-1.833,VISION,0.0,450.0,0,140.0,337.34,112.66,54.23,85.77,30.0,0.0
1779183874.5362532,337.34,85.77,-1.833,337.34,85.77,-1.833,VISION,0.0,450.0,0,140.0,337.34,112.66,54.23,85.77,30.0,0.0
1779183874.6366618,337.34,85.77,-1.833,337.34,85.77,-1.833,VISION,0.0,450.0,0,140.0,337.34,112.66,54.23,85.77,30.0,0.0
1779183874.736993,337.34,85.77,-1.833,337.34,85.77,-1.833,VISION,0.0,450.0,0,140.0,337.34,112.66,54.23,85.77,30.0,0.0
1779183874.8374007,337.34,85.77,-1.833,337.34,85.77,-1.833,ESTIMA,0.0,450.0,0,140.0,337.34,112.66,54.23,85.77,30.0,0.0
1779183874.9377007,342.04,87.6,-1.614,342.04,87.6,-1.614,VISION,0.0,450.0,0,140.0,342.04,107.96,52.4,87.6,30.0,0.0
1779183875.0381145,342.04,87.6,-1.614,342.04,87.6,-1.614,VISION,0.0,450.0,0,140.0,342.04,107.96,52.4,87.6,30.0,0.0
1779183875.1384768,342.04,87.6,-1.614,342.04,87.6,-1.614,VISION,0.0,450.0,0,140.0,342.04,107.96,52.4,87.6,30.0,0.0
1779183875.239063,342.04,87.6,-1.614,342.04,87.6,-1.614,VISION,0.0,450.0,0,140.0,342.04,107.96,52.4,87.6,30.0,0.0
1779183875.3394406,342.04,87.6,-1.614,342.04,87.6,-1.614,VISION,0.0,450.0,0,140.0,342.04,107.96,52.4,87.6,30.0,0.0
1779183875.4399226,342.04,87.6,-1.614,342.04,87.6,-1.614,ESTIMA,0.0,450.0,0,140.0,342.04,107.96,52.4,87.6,30.0,0.0
1779183875.5402896,342.01,88.92,-1.634,342.01,88.92,-1.634,VISION,0.0,450.0,0,140.0,342.01,107.99,51.08,88.92,30.0,0.0
1779183875.6407132,342.01,88.92,-1.634,342.01,88.92,-1.634,VISION,0.0,450.0,0,140.0,342.01,107.99,51.08,88.92,30.0,0.0
1779183875.7410612,342.01,88.92,-1.634,342.01,88.92,-1.634,VISION,0.0,450.0,0,140.0,342.01,107.99,51.08,88.92,30.0,0.0
1779183875.84142,342.01,88.92,-1.634,342.01,88.92,-1.634,VISION,0.0,450.0,0,140.0,342.01,107.99,51.08,88.92,30.0,0.0
1779183875.94175,342.01,88.92,-1.634,342.01,88.92,-1.634,VISION,0.0,450.0,0,140.0,342.01,107.99,51.08,88.92,30.0,0.0
1779183876.0420759,338.47,87.54,-1.802,338.47,87.54,-1.802,VISION,0.0,450.0,0,140.0,338.47,111.53,52.46,87.54,30.0,0.0
1779183876.1424072,338.47,87.54,-1.802,338.47,87.54,-1.802,VISION,0.0,450.0,0,140.0,338.47,111.53,52.46,87.54,30.0,0.0
1779183876.2427363,338.47,87.54,-1.802,338.47,87.54,-1.802,VISION,0.0,450.0,0,140.0,338.47,111.53,52.46,87.54,30.0,0.0
1779183876.3430626,338.47,87.54,-1.802,338.47,87.54,-1.802,VISION,0.0,450.0,0,140.0,338.47,111.53,52.46,87.54,30.0,0.0
1779183876.4433997,338.47,87.54,-1.802,338.47,87.54,-1.802,VISION,0.0,450.0,0,140.0,338.47,111.53,52.46,87.54,30.0,0.0
1779183876.5437884,338.47,87.54,-1.802,338.47,87.54,-1.802,VISION,0.0,450.0,0,140.0,338.47,111.53,52.46,87.54,30.0,0.0
1779183876.6440895,336.29,86.61,-1.835,336.29,86.61,-1.835,VISION,0.0,450.0,0,140.0,336.29,113.71,53.39,86.61,30.0,0.0
1779183876.7444885,336.29,86.61,-1.835,336.29,86.61,-1.835,VISION,0.0,450.0,0,140.0,336.29,113.71,53.39,86.61,30.0,0.0
1779183876.8448327,336.29,86.61,-1.835,336.29,86.61,-1.835,VISION,0.0,450.0,0,140.0,336.29,113.71,53.39,86.61,30.0,0.0
1779183876.9451969,336.29,86.61,-1.835,336.29,86.61,-1.835,VISION,0.0,450.0,0,140.0,336.29,113.71,53.39,86.61,30.0,0.0
1779183877.045523,336.29,86.61,-1.835,336.29,86.61,-1.835,VISION,0.0,450.0,0,140.0,336.29,113.71,53.39,86.61,30.0,0.0
1779183877.146072,336.29,86.61,-1.835,336.29,86.61,-1.835,ESTIMA,0.0,450.0,0,140.0,336.29,113.71,53.39,86.61,30.0,0.0
1779183877.2464075,336.29,86.6,-1.835,336.29,86.6,-1.835,VISION,0.0,450.0,0,140.0,336.29,113.71,53.4,86.6,30.0,0.0
1779183877.34687,336.29,86.6,-1.835,336.29,86.6,-1.835,VISION,0.0,450.0,0,140.0,336.29,113.71,53.4,86.6,30.0,0.0
1779183877.4472103,336.29,86.6,-1.835,336.29,86.6,-1.835,VISION,0.0,450.0,0,140.0,336.29,113.71,53.4,86.6,30.0,0.0
1779183877.5476356,336.29,86.6,-1.835,336.29,86.6,-1.835,VISION,0.0,450.0,0,140.0,336.29,113.71,53.4,86.6,30.0,0.0
1779183877.6480312,336.29,86.6,-1.835,336.29,86.6,-1.835,VISION,0.0,450.0,0,140.0,336.29,113.71,53.4,86.6,30.0,0.0
1779183877.7484074,336.29,86.6,-1.835,336.29,86.6,-1.835,ESTIMA,0.0,450.0,0,140.0,336.29,113.71,53.4,86.6,30.0,0.0
1779183877.8488007,336.29,86.62,-1.836,336.29,86.62,-1.836,VISION,0.0,450.0,0,140.0,336.29,113.71,53.38,86.62,30.0,0.0
1779183877.949179,336.29,86.62,-1.836,336.29,86.62,-1.836,VISION,0.0,450.0,0,140.0,336.29,113.71,53.38,86.62,30.0,0.0
1779183878.0495496,336.29,86.62,-1.836,336.29,86.62,-1.836,VISION,0.0,450.0,0,140.0,336.29,113.71,53.38,86.62,30.0,0.0
1779183878.1499233,336.29,86.62,-1.836,336.29,86.62,-1.836,VISION,0.0,450.0,0,140.0,336.29,113.71,53.38,86.62,30.0,0.0
1779183878.2503138,336.29,86.62,-1.836,336.29,86.62,-1.836,VISION,0.0,450.0,0,140.0,336.29,113.71,53.38,86.62,30.0,0.0
1779183878.3506887,336.29,86.62,-1.836,336.29,86.62,-1.836,ESTIMA,0.0,450.0,0,140.0,336.29,113.71,53.38,86.62,30.0,0.0
1779183878.4510815,336.29,86.61,-1.837,336.29,86.61,-1.837,VISION,0.0,450.0,0,140.0,336.29,113.71,53.39,86.61,30.0,0.0
1779183878.5514684,336.29,86.61,-1.837,336.29,86.61,-1.837,VISION,0.0,450.0,0,140.0,336.29,113.71,53.39,86.61,30.0,0.0
1779183878.651864,336.29,86.61,-1.837,336.29,86.61,-1.837,VISION,0.0,450.0,0,140.0,336.29,113.71,53.39,86.61,30.0,0.0
1779183878.7523847,336.29,86.61,-1.837,336.29,86.61,-1.837,VISION,0.0,450.0,0,140.0,336.29,113.71,53.39,86.61,30.0,0.0
1779183878.8529744,336.29,86.61,-1.837,336.29,86.61,-1.837,VISION,0.0,450.0,0,140.0,336.29,113.71,53.39,86.61,30.0,0.0
1779183878.9533305,336.29,86.61,-1.837,336.29,86.61,-1.837,ESTIMA,0.0,450.0,0,140.0,336.29,113.71,53.39,86.61,30.0,0.0
1779183879.053681,336.29,86.6,-1.836,336.29,86.6,-1.836,VISION,0.0,450.0,0,140.0,336.29,113.71,53.4,86.6,30.0,0.0
1779183879.1541197,336.29,86.6,-1.836,336.29,86.6,-1.836,VISION,0.0,450.0,0,140.0,336.29,113.71,53.4,86.6,30.0,0.0
1779183879.2545354,336.29,86.6,-1.836,336.29,86.6,-1.836,VISION,0.0,450.0,0,140.0,336.29,113.71,53.4,86.6,30.0,0.0
1779183879.3548903,336.29,86.6,-1.836,336.29,86.6,-1.836,VISION,0.0,450.0,0,140.0,336.29,113.71,53.4,86.6,30.0,0.0
1779183879.4552069,336.29,86.6,-1.836,336.29,86.6,-1.836,VISION,0.0,450.0,0,140.0,336.29,113.71,53.4,86.6,30.0,0.0
1779183879.5554905,336.29,86.61,-1.836,336.29,86.61,-1.836,VISION,0.0,450.0,0,140.0,336.29,113.71,53.39,86.61,30.0,0.0
1779183879.6558712,336.29,86.61,-1.836,336.29,86.61,-1.836,VISION,0.0,450.0,0,140.0,336.29,113.71,53.39,86.61,30.0,0.0
1779183879.7562068,336.29,86.61,-1.836,336.29,86.61,-1.836,VISION,0.0,450.0,0,140.0,336.29,113.71,53.39,86.61,30.0,0.0
1779183879.856531,336.29,86.61,-1.836,336.29,86.61,-1.836,VISION,0.0,450.0,0,140.0,336.29,113.71,53.39,86.61,30.0,0.0
1779183879.9568734,336.29,86.61,-1.836,336.29,86.61,-1.836,VISION,0.0,450.0,0,140.0,336.29,113.71,53.39,86.61,30.0,0.0
1779183880.0571954,336.29,86.61,-1.836,336.29,86.61,-1.836,VISION,0.0,450.0,0,140.0,336.29,113.71,53.39,86.61,30.0,0.0
1779183880.1574848,336.29,86.6,-1.837,336.29,86.6,-1.837,VISION,0.0,450.0,0,140.0,336.29,113.71,53.4,86.6,30.0,0.0
1779183880.258001,336.29,86.6,-1.837,336.29,86.6,-1.837,VISION,0.0,450.0,0,140.0,336.29,113.71,53.4,86.6,30.0,0.0
1779183880.3583307,336.29,86.6,-1.837,336.29,86.6,-1.837,VISION,0.0,450.0,0,140.0,336.29,113.71,53.4,86.6,30.0,0.0
1779183880.4586573,336.29,86.6,-1.837,336.29,86.6,-1.837,VISION,0.0,450.0,0,140.0,336.29,113.71,53.4,86.6,30.0,0.0
1779183880.5590403,336.29,86.6,-1.837,336.29,86.6,-1.837,VISION,0.0,450.0,0,140.0,336.29,113.71,53.4,86.6,30.0,0.0
1779183880.6594346,336.29,86.6,-1.837,336.29,86.6,-1.837,ESTIMA,0.0,450.0,0,140.0,336.29,113.71,53.4,86.6,30.0,0.0
1779183880.7599416,336.3,86.62,-1.837,336.3,86.62,-1.837,VISION,0.0,450.0,0,140.0,336.3,113.7,53.38,86.62,30.0,0.0
1779183880.860275,336.3,86.62,-1.837,336.3,86.62,-1.837,VISION,0.0,450.0,0,140.0,336.3,113.7,53.38,86.62,30.0,0.0
1779183880.9606166,336.3,86.62,-1.837,336.3,86.62,-1.837,VISION,0.0,450.0,0,140.0,336.3,113.7,53.38,86.62,30.0,0.0
1779183881.0609808,336.3,86.62,-1.837,336.3,86.62,-1.837,VISION,0.0,450.0,0,140.0,336.3,113.7,53.38,86.62,30.0,0.0
1779183881.1613317,336.3,86.62,-1.837,336.3,86.62,-1.837,VISION,0.0,450.0,0,140.0,336.3,113.7,53.38,86.62,30.0,0.0
1779183881.2617118,336.3,86.62,-1.837,336.3,86.62,-1.837,ESTIMA,0.0,450.0,0,140.0,336.3,113.7,53.38,86.62,30.0,0.0
1779183881.3620434,336.29,86.61,-1.836,336.29,86.61,-1.836,VISION,0.0,450.0,0,140.0,336.29,113.71,53.39,86.61,30.0,0.0
1779183881.4623766,336.29,86.61,-1.836,336.29,86.61,-1.836,VISION,0.0,450.0,0,140.0,336.29,113.71,53.39,86.61,30.0,0.0
1779183881.56276,336.29,86.61,-1.836,336.29,86.61,-1.836,VISION,0.0,450.0,0,140.0,336.29,113.71,53.39,86.61,30.0,0.0
1779183881.6631098,336.29,86.61,-1.836,336.29,86.61,-1.836,VISION,0.0,450.0,0,140.0,336.29,113.71,53.39,86.61,30.0,0.0
1779183881.7634711,336.29,86.61,-1.836,336.29,86.61,-1.836,VISION,0.0,450.0,0,140.0,336.29,113.71,53.39,86.61,30.0,0.0
1779183881.863862,336.29,86.61,-1.836,336.29,86.61,-1.836,ESTIMA,0.0,450.0,0,140.0,336.29,113.71,53.39,86.61,30.0,0.0
1779183881.9642432,336.29,86.6,-1.836,336.29,86.6,-1.836,VISION,0.0,450.0,0,140.0,336.29,113.71,53.4,86.6,30.0,0.0
1779183882.0646176,336.29,86.6,-1.836,336.29,86.6,-1.836,VISION,0.0,450.0,0,140.0,336.29,113.71,53.4,86.6,30.0,0.0
1779183882.1649578,336.29,86.6,-1.836,336.29,86.6,-1.836,VISION,0.0,450.0,0,140.0,336.29,113.71,53.4,86.6,30.0,0.0
1779183882.2653017,336.29,86.6,-1.836,336.29,86.6,-1.836,VISION,0.0,450.0,0,140.0,336.29,113.71,53.4,86.6,30.0,0.0
1779183882.3656332,336.29,86.6,-1.836,336.29,86.6,-1.836,VISION,0.0,450.0,0,140.0,336.29,113.71,53.4,86.6,30.0,0.0
1779183882.466037,336.29,86.6,-1.836,336.29,86.6,-1.836,ESTIMA,0.0,450.0,0,140.0,336.29,113.71,53.4,86.6,30.0,0.0
1779183882.5663884,336.29,86.61,-1.836,336.29,86.61,-1.836,VISION,0.0,450.0,0,140.0,336.29,113.71,53.39,86.61,30.0,0.0
1779183882.6667833,336.29,86.61,-1.836,336.29,86.61,-1.836,VISION,0.0,450.0,0,140.0,336.29,113.71,53.39,86.61,30.0,0.0
1779183882.7671585,336.29,86.61,-1.836,336.29,86.61,-1.836,VISION,0.0,450.0,0,140.0,336.29,113.71,53.39,86.61,30.0,0.0
1779183882.8675025,336.29,86.61,-1.836,336.29,86.61,-1.836,VISION,0.0,450.0,0,140.0,336.29,113.71,53.39,86.61,30.0,0.0
1779183882.967874,336.29,86.61,-1.836,336.29,86.61,-1.836,VISION,0.0,450.0,0,140.0,336.29,113.71,53.39,86.61,30.0,0.0
1779183883.0684009,336.29,86.61,-1.836,336.29,86.61,-1.836,ESTIMA,0.0,450.0,0,140.0,336.29,113.71,53.39,86.61,30.0,0.0
1779183883.1688073,336.29,86.61,-1.836,336.29,86.61,-1.836,VISION,0.0,450.0,0,140.0,336.29,113.71,53.39,86.61,30.0,0.0
1779183883.2691345,336.29,86.61,-1.836,336.29,86.61,-1.836,VISION,0.0,450.0,0,140.0,336.29,113.71,53.39,86.61,30.0,0.0
1779183883.3694732,336.29,86.61,-1.836,336.29,86.61,-1.836,VISION,0.0,450.0,0,140.0,336.29,113.71,53.39,86.61,30.0,0.0
1779183883.4698818,336.29,86.61,-1.836,336.29,86.61,-1.836,VISION,0.0,450.0,0,140.0,336.29,113.71,53.39,86.61,30.0,0.0
1779183883.570213,336.29,86.61,-1.836,336.29,86.61,-1.836,VISION,0.0,450.0,0,140.0,336.29,113.71,53.39,86.61,30.0,0.0
1779183883.6705163,336.29,86.61,-1.836,336.29,86.61,-1.836,VISION,0.0,450.0,0,140.0,336.29,113.71,53.39,86.61,30.0,0.0
1779183883.6705778,336.29,86.61,-1.836,336.29,86.61,-1.836,VISION,0.0,450.0,0,140.0,336.29,113.71,53.39,86.61,30.0,0.0
1779183883.7709396,336.29,86.61,-1.836,336.29,86.61,-1.836,VISION,0.0,450.0,0,140.0,336.29,113.71,53.39,86.61,30.0,0.0
1779183883.8712835,336.29,86.61,-1.836,336.29,86.61,-1.836,VISION,0.0,450.0,0,140.0,336.29,113.71,53.39,86.61,30.0,0.0
1779183883.971621,336.29,86.61,-1.836,336.29,86.61,-1.836,VISION,0.0,450.0,0,140.0,336.29,113.71,53.39,86.61,30.0,0.0
1779183884.0719697,336.29,86.61,-1.836,336.29,86.61,-1.836,VISION,0.0,450.0,0,140.0,336.29,113.71,53.39,86.61,30.0,0.0
1779183884.1723242,336.29,86.61,-1.836,336.29,86.61,-1.836,ESTIMA,0.0,450.0,0,140.0,336.29,113.71,53.39,86.61,30.0,0.0
1779183884.272656,336.29,86.6,-1.836,336.29,86.6,-1.836,VISION,0.0,450.0,0,140.0,336.29,113.71,53.4,86.6,30.0,0.0
1779183884.3729868,336.29,86.6,-1.836,336.29,86.6,-1.836,VISION,0.0,450.0,0,140.0,336.29,113.71,53.4,86.6,30.0,0.0
1779183884.4733298,336.29,86.6,-1.836,336.29,86.6,-1.836,VISION,0.0,450.0,0,140.0,336.29,113.71,53.4,86.6,30.0,0.0
1779183884.5736818,336.29,86.6,-1.836,336.29,86.6,-1.836,VISION,0.0,450.0,0,140.0,336.29,113.71,53.4,86.6,30.0,0.0
1779183884.674048,336.29,86.6,-1.836,336.29,86.6,-1.836,VISION,0.0,450.0,0,140.0,336.29,113.71,53.4,86.6,30.0,0.0
1779183884.7744303,336.29,86.6,-1.836,336.29,86.6,-1.836,ESTIMA,0.0,450.0,0,140.0,336.29,113.71,53.4,86.6,30.0,0.0
1779183884.8747828,336.29,86.61,-1.836,336.29,86.61,-1.836,VISION,0.0,450.0,0,140.0,336.29,113.71,53.39,86.61,30.0,0.0
1779183884.9751306,336.29,86.61,-1.836,336.29,86.61,-1.836,VISION,0.0,450.0,0,140.0,336.29,113.71,53.39,86.61,30.0,0.0
1779183885.0754638,336.29,86.61,-1.836,336.29,86.61,-1.836,VISION,0.0,450.0,0,140.0,336.29,113.71,53.39,86.61,30.0,0.0
1779183885.175809,336.29,86.61,-1.836,336.29,86.61,-1.836,VISION,0.0,450.0,0,140.0,336.29,113.71,53.39,86.61,30.0,0.0
1779183885.276163,336.29,86.61,-1.836,336.29,86.61,-1.836,VISION,0.0,450.0,0,140.0,336.29,113.71,53.39,86.61,30.0,0.0
1779183885.3765008,336.29,86.61,-1.836,336.29,86.61,-1.836,ESTIMA,0.0,450.0,0,140.0,336.29,113.71,53.39,86.61,30.0,0.0
1779183885.476897,336.29,86.61,-1.836,336.29,86.61,-1.836,VISION,0.0,450.0,0,140.0,336.29,113.71,53.39,86.61,30.0,0.0
1779183885.5772564,336.29,86.61,-1.836,336.29,86.61,-1.836,VISION,0.0,450.0,0,140.0,336.29,113.71,53.39,86.61,30.0,0.0
1779183885.677612,336.29,86.61,-1.836,336.29,86.61,-1.836,VISION,0.0,450.0,0,140.0,336.29,113.71,53.39,86.61,30.0,0.0
1779183885.777989,336.29,86.61,-1.836,336.29,86.61,-1.836,VISION,0.0,450.0,0,140.0,336.29,113.71,53.39,86.61,30.0,0.0
1779183885.8783271,336.29,86.61,-1.836,336.29,86.61,-1.836,VISION,0.0,450.0,0,140.0,336.29,113.71,53.39,86.61,30.0,0.0
1779183885.9786754,336.29,86.61,-1.836,336.29,86.61,-1.836,ESTIMA,0.0,450.0,0,140.0,336.29,113.71,53.39,86.61,30.0,0.0
1779183886.0790164,336.29,86.6,-1.836,336.29,86.6,-1.836,VISION,0.0,450.0,0,140.0,336.29,113.71,53.4,86.6,30.0,0.0
1779183886.1793623,336.29,86.6,-1.836,336.29,86.6,-1.836,VISION,0.0,450.0,0,140.0,336.29,113.71,53.4,86.6,30.0,0.0
1779183886.2797036,336.29,86.6,-1.836,336.29,86.6,-1.836,VISION,0.0,450.0,0,140.0,336.29,113.71,53.4,86.6,30.0,0.0
1779183886.38005,336.29,86.6,-1.836,336.29,86.6,-1.836,VISION,0.0,450.0,0,140.0,336.29,113.71,53.4,86.6,30.0,0.0
1779183886.480394,336.29,86.6,-1.836,336.29,86.6,-1.836,VISION,0.0,450.0,0,140.0,336.29,113.71,53.4,86.6,30.0,0.0
1779183886.5807507,336.29,86.6,-1.836,336.29,86.6,-1.836,ESTIMA,0.0,450.0,0,140.0,336.29,113.71,53.4,86.6,30.0,0.0
1779183886.6811118,336.29,86.61,-1.837,336.29,86.61,-1.837,VISION,0.0,450.0,0,140.0,336.29,113.71,53.39,86.61,30.0,0.0
1779183886.7814696,336.29,86.61,-1.837,336.29,86.61,-1.837,VISION,0.0,450.0,0,140.0,336.29,113.71,53.39,86.61,30.0,0.0
1779183886.8818216,336.29,86.61,-1.837,336.29,86.61,-1.837,VISION,0.0,450.0,0,140.0,336.29,113.71,53.39,86.61,30.0,0.0
1779183886.9821527,336.29,86.61,-1.837,336.29,86.61,-1.837,VISION,0.0,450.0,0,140.0,336.29,113.71,53.39,86.61,30.0,0.0
1779183887.0824893,336.29,86.61,-1.837,336.29,86.61,-1.837,VISION,0.0,450.0,0,140.0,336.29,113.71,53.39,86.61,30.0,0.0
1779183887.1828053,336.29,86.61,-1.836,336.29,86.61,-1.836,VISION,0.0,450.0,0,140.0,336.29,113.71,53.39,86.61,30.0,0.0
1779183887.2831497,336.29,86.61,-1.836,336.29,86.61,-1.836,VISION,0.0,450.0,0,140.0,336.29,113.71,53.39,86.61,30.0,0.0
1779183887.3834937,336.29,86.61,-1.836,336.29,86.61,-1.836,VISION,0.0,450.0,0,140.0,336.29,113.71,53.39,86.61,30.0,0.0
1779183887.4838376,336.29,86.61,-1.836,336.29,86.61,-1.836,VISION,0.0,450.0,0,140.0,336.29,113.71,53.39,86.61,30.0,0.0
1779183887.5841925,336.29,86.61,-1.836,336.29,86.61,-1.836,VISION,0.0,450.0,0,140.0,336.29,113.71,53.39,86.61,30.0,0.0
1779183887.6845522,336.29,86.61,-1.836,336.29,86.61,-1.836,ESTIMA,0.0,450.0,0,140.0,336.29,113.71,53.39,86.61,30.0,0.0
1779183887.7849126,336.29,86.61,-1.836,336.29,86.61,-1.836,VISION,0.0,450.0,0,140.0,336.29,113.71,53.39,86.61,30.0,0.0
1779183887.8852632,336.29,86.61,-1.836,336.29,86.61,-1.836,VISION,0.0,450.0,0,140.0,336.29,113.71,53.39,86.61,30.0,0.0
1779183887.9855983,336.29,86.61,-1.836,336.29,86.61,-1.836,VISION,0.0,450.0,0,140.0,336.29,113.71,53.39,86.61,30.0,0.0
1779183888.0858898,336.29,86.61,-1.836,336.29,86.61,-1.836,VISION,0.0,450.0,0,140.0,336.29,113.71,53.39,86.61,30.0,0.0
1779183888.1862175,336.29,86.61,-1.836,336.29,86.61,-1.836,VISION,0.0,450.0,0,140.0,336.29,113.71,53.39,86.61,30.0,0.0
1779183888.2865646,336.29,86.61,-1.836,336.29,86.61,-1.836,ESTIMA,0.0,450.0,0,140.0,336.29,113.71,53.39,86.61,30.0,0.0
1779183888.3868845,336.29,86.61,-1.836,336.29,86.61,-1.836,VISION,0.0,450.0,0,140.0,336.29,113.71,53.39,86.61,30.0,0.0
1779183888.487228,336.29,86.61,-1.836,336.29,86.61,-1.836,VISION,0.0,450.0,0,140.0,336.29,113.71,53.39,86.61,30.0,0.0
1779183888.5875823,336.29,86.61,-1.836,336.29,86.61,-1.836,VISION,0.0,450.0,0,140.0,336.29,113.71,53.39,86.61,30.0,0.0
1779183888.6879447,336.29,86.61,-1.836,336.29,86.61,-1.836,VISION,0.0,450.0,0,140.0,336.29,113.71,53.39,86.61,30.0,0.0
1779183888.7883449,336.29,86.61,-1.836,336.29,86.61,-1.836,VISION,0.0,450.0,0,140.0,336.29,113.71,53.39,86.61,30.0,0.0
1779183888.888727,336.29,86.61,-1.836,336.29,86.61,-1.836,ESTIMA,0.0,450.0,0,140.0,336.29,113.71,53.39,86.61,30.0,0.0
1779183888.9890654,336.29,86.6,-1.836,336.29,86.6,-1.836,VISION,0.0,450.0,0,140.0,336.29,113.71,53.4,86.6,30.0,0.0
1779183889.089401,336.29,86.6,-1.836,336.29,86.6,-1.836,VISION,0.0,450.0,0,140.0,336.29,113.71,53.4,86.6,30.0,0.0
1779183889.1897318,336.29,86.6,-1.836,336.29,86.6,-1.836,VISION,0.0,450.0,0,140.0,336.29,113.71,53.4,86.6,30.0,0.0
1779183889.2900603,336.29,86.6,-1.836,336.29,86.6,-1.836,VISION,0.0,450.0,0,140.0,336.29,113.71,53.4,86.6,30.0,0.0
1779183889.3903875,336.29,86.6,-1.836,336.29,86.6,-1.836,VISION,0.0,450.0,0,140.0,336.29,113.71,53.4,86.6,30.0,0.0
1779183889.4907486,336.29,86.6,-1.836,336.29,86.6,-1.836,ESTIMA,0.0,450.0,0,140.0,336.29,113.71,53.4,86.6,30.0,0.0
1779183889.5910897,336.29,86.61,-1.836,336.29,86.61,-1.836,VISION,0.0,450.0,0,140.0,336.29,113.71,53.39,86.61,30.0,0.0
1779183889.6914368,336.29,86.61,-1.836,336.29,86.61,-1.836,VISION,0.0,450.0,0,140.0,336.29,113.71,53.39,86.61,30.0,0.0
1779183889.7918367,336.29,86.61,-1.836,336.29,86.61,-1.836,VISION,0.0,450.0,0,140.0,336.29,113.71,53.39,86.61,30.0,0.0
1779183889.8922946,336.29,86.61,-1.836,336.29,86.61,-1.836,VISION,0.0,450.0,0,140.0,336.29,113.71,53.39,86.61,30.0,0.0
1779183889.9926693,336.29,86.61,-1.836,336.29,86.61,-1.836,VISION,0.0,450.0,0,140.0,336.29,113.71,53.39,86.61,30.0,0.0
1779183890.093,336.29,86.61,-1.836,336.29,86.61,-1.836,VISION,0.0,450.0,0,140.0,336.29,113.71,53.39,86.61,30.0,0.0
1779183890.1933522,336.29,86.61,-1.836,336.29,86.61,-1.836,VISION,0.0,450.0,0,140.0,336.29,113.71,53.39,86.61,30.0,0.0
1779183890.2936985,336.29,86.61,-1.836,336.29,86.61,-1.836,VISION,0.0,450.0,0,140.0,336.29,113.71,53.39,86.61,30.0,0.0
1779183890.3940427,336.29,86.61,-1.836,336.29,86.61,-1.836,VISION,0.0,450.0,0,140.0,336.29,113.71,53.39,86.61,30.0,0.0
1779183890.494385,336.29,86.61,-1.836,336.29,86.61,-1.836,VISION,0.0,450.0,0,140.0,336.29,113.71,53.39,86.61,30.0,0.0
1779183890.5947645,336.29,86.61,-1.836,336.29,86.61,-1.836,VISION,0.0,450.0,0,140.0,336.29,113.71,53.39,86.61,30.0,0.0
1779183890.6950758,336.29,86.61,-1.836,336.29,86.61,-1.836,VISION,0.0,450.0,0,140.0,336.29,113.71,53.39,86.61,30.0,0.0
1779183890.7954307,336.29,86.61,-1.836,336.29,86.61,-1.836,VISION,0.0,450.0,0,140.0,336.29,113.71,53.39,86.61,30.0,0.0
1779183890.8958132,336.29,86.61,-1.836,336.29,86.61,-1.836,VISION,0.0,450.0,0,140.0,336.29,113.71,53.39,86.61,30.0,0.0
1779183890.9961417,336.29,86.61,-1.836,336.29,86.61,-1.836,VISION,0.0,450.0,0,140.0,336.29,113.71,53.39,86.61,30.0,0.0
1779183891.096469,336.29,86.61,-1.836,336.29,86.61,-1.836,VISION,0.0,450.0,0,140.0,336.29,113.71,53.39,86.61,30.0,0.0
1779183891.196841,336.29,86.61,-1.836,336.29,86.61,-1.836,ESTIMA,0.0,450.0,0,140.0,336.29,113.71,53.39,86.61,30.0,0.0
1779183891.297171,336.29,86.61,-1.836,336.29,86.61,-1.836,VISION,0.0,450.0,0,140.0,336.29,113.71,53.39,86.61,30.0,0.0
1779183891.3975062,336.29,86.61,-1.836,336.29,86.61,-1.836,VISION,0.0,450.0,0,140.0,336.29,113.71,53.39,86.61,30.0,0.0
1779183891.4978943,336.29,86.61,-1.836,336.29,86.61,-1.836,VISION,0.0,450.0,0,140.0,336.29,113.71,53.39,86.61,30.0,0.0
1779183891.5982149,336.29,86.61,-1.836,336.29,86.61,-1.836,VISION,0.0,450.0,0,140.0,336.29,113.71,53.39,86.61,30.0,0.0
1779183891.6985645,336.29,86.61,-1.836,336.29,86.61,-1.836,VISION,0.0,450.0,0,140.0,336.29,113.71,53.39,86.61,30.0,0.0
1779183891.7989292,336.29,86.61,-1.836,336.29,86.61,-1.836,ESTIMA,0.0,450.0,0,140.0,336.29,113.71,53.39,86.61,30.0,0.0
1779183891.8993354,336.29,86.6,-1.836,336.29,86.6,-1.836,VISION,0.0,450.0,0,140.0,336.29,113.71,53.4,86.6,30.0,0.0
1779183891.9998028,336.29,86.6,-1.836,336.29,86.6,-1.836,VISION,0.0,450.0,0,140.0,336.29,113.71,53.4,86.6,30.0,0.0
1779183892.100272,336.29,86.6,-1.836,336.29,86.6,-1.836,VISION,0.0,450.0,0,140.0,336.29,113.71,53.4,86.6,30.0,0.0
1779183892.2007158,336.29,86.6,-1.836,336.29,86.6,-1.836,VISION,0.0,450.0,0,140.0,336.29,113.71,53.4,86.6,30.0,0.0
1779183892.3011901,336.29,86.6,-1.836,336.29,86.6,-1.836,VISION,0.0,450.0,0,140.0,336.29,113.71,53.4,86.6,30.0,0.0
1779183892.4017584,336.29,86.6,-1.836,336.29,86.6,-1.836,ESTIMA,0.0,450.0,0,140.0,336.29,113.71,53.4,86.6,30.0,0.0
1779183892.5021977,336.29,86.61,-1.836,336.29,86.61,-1.836,VISION,0.0,450.0,0,140.0,336.29,113.71,53.39,86.61,30.0,0.0
1779183892.6026266,336.29,86.61,-1.836,336.29,86.61,-1.836,VISION,0.0,450.0,0,140.0,336.29,113.71,53.39,86.61,30.0,0.0
1779183892.7030854,336.29,86.61,-1.836,336.29,86.61,-1.836,VISION,0.0,450.0,0,140.0,336.29,113.71,53.39,86.61,30.0,0.0
1779183892.8035457,336.29,86.61,-1.836,336.29,86.61,-1.836,VISION,0.0,450.0,0,140.0,336.29,113.71,53.39,86.61,30.0,0.0
1779183892.9040332,336.29,86.61,-1.836,336.29,86.61,-1.836,VISION,0.0,450.0,0,140.0,336.29,113.71,53.39,86.61,30.0,0.0
1779183893.0044932,336.29,86.61,-1.836,336.29,86.61,-1.836,ESTIMA,0.0,450.0,0,140.0,336.29,113.71,53.39,86.61,30.0,0.0
1779183893.104974,336.29,86.61,-1.836,336.29,86.61,-1.836,VISION,0.0,450.0,0,140.0,336.29,113.71,53.39,86.61,30.0,0.0
1779183893.2054055,336.29,86.61,-1.836,336.29,86.61,-1.836,VISION,0.0,450.0,0,140.0,336.29,113.71,53.39,86.61,30.0,0.0
1779183893.3059168,336.29,86.61,-1.836,336.29,86.61,-1.836,VISION,0.0,450.0,0,140.0,336.29,113.71,53.39,86.61,30.0,0.0
1779183893.4064462,336.29,86.61,-1.836,336.29,86.61,-1.836,VISION,0.0,450.0,0,140.0,336.29,113.71,53.39,86.61,30.0,0.0
1779183893.5069363,336.29,86.61,-1.836,336.29,86.61,-1.836,VISION,0.0,450.0,0,140.0,336.29,113.71,53.39,86.61,30.0,0.0
1779183893.6073897,336.29,86.61,-1.836,336.29,86.61,-1.836,ESTIMA,0.0,450.0,0,140.0,336.29,113.71,53.39,86.61,30.0,0.0
1779183893.7078855,336.29,86.61,-1.836,336.29,86.61,-1.836,VISION,0.0,450.0,0,140.0,336.29,113.71,53.39,86.61,30.0,0.0
1779183893.808476,336.29,86.61,-1.836,336.29,86.61,-1.836,VISION,0.0,450.0,0,140.0,336.29,113.71,53.39,86.61,30.0,0.0
1779183893.9090455,336.29,86.61,-1.836,336.29,86.61,-1.836,VISION,0.0,450.0,0,140.0,336.29,113.71,53.39,86.61,30.0,0.0
1779183894.0095963,336.29,86.61,-1.836,336.29,86.61,-1.836,VISION,0.0,450.0,0,140.0,336.29,113.71,53.39,86.61,30.0,0.0
1779183894.110029,336.29,86.61,-1.836,336.29,86.61,-1.836,VISION,0.0,450.0,0,140.0,336.29,113.71,53.39,86.61,30.0,0.0
1779183894.2104795,336.29,86.6,-1.836,336.29,86.6,-1.836,VISION,0.0,450.0,0,140.0,336.29,113.71,53.4,86.6,30.0,0.0
1779183894.311054,336.29,86.6,-1.836,336.29,86.6,-1.836,VISION,0.0,450.0,0,140.0,336.29,113.71,53.4,86.6,30.0,0.0
1779183894.411509,336.29,86.6,-1.836,336.29,86.6,-1.836,VISION,0.0,450.0,0,140.0,336.29,113.71,53.4,86.6,30.0,0.0
1779183894.5119882,336.29,86.6,-1.836,336.29,86.6,-1.836,VISION,0.0,450.0,0,140.0,336.29,113.71,53.4,86.6,30.0,0.0
1779183894.6124804,336.29,86.6,-1.836,336.29,86.6,-1.836,VISION,0.0,450.0,0,140.0,336.29,113.71,53.4,86.6,30.0,0.0
1779183894.7130008,336.29,86.6,-1.836,336.29,86.6,-1.836,ESTIMA,0.0,450.0,0,140.0,336.29,113.71,53.4,86.6,30.0,0.0
1779183894.8134954,336.29,86.61,-1.836,336.29,86.61,-1.836,VISION,0.0,450.0,0,140.0,336.29,113.71,53.39,86.61,30.0,0.0
1779183894.914021,336.29,86.61,-1.836,336.29,86.61,-1.836,VISION,0.0,450.0,0,140.0,336.29,113.71,53.39,86.61,30.0,0.0
1779183895.0144877,336.29,86.61,-1.836,336.29,86.61,-1.836,VISION,0.0,450.0,0,140.0,336.29,113.71,53.39,86.61,30.0,0.0
1779183895.1149,336.29,86.61,-1.836,336.29,86.61,-1.836,VISION,0.0,450.0,0,140.0,336.29,113.71,53.39,86.61,30.0,0.0
1779183895.215323,336.29,86.61,-1.836,336.29,86.61,-1.836,VISION,0.0,450.0,0,140.0,336.29,113.71,53.39,86.61,30.0,0.0
1779183895.3158128,336.29,86.61,-1.836,336.29,86.61,-1.836,ESTIMA,0.0,450.0,0,140.0,336.29,113.71,53.39,86.61,30.0,0.0
1779183895.4162366,336.29,86.6,-1.837,336.29,86.6,-1.837,VISION,0.0,450.0,0,140.0,336.29,113.71,53.4,86.6,30.0,0.0
1779183895.5166812,336.29,86.6,-1.837,336.29,86.6,-1.837,VISION,0.0,450.0,0,140.0,336.29,113.71,53.4,86.6,30.0,0.0
1779183895.6171172,336.29,86.6,-1.837,336.29,86.6,-1.837,VISION,0.0,450.0,0,140.0,336.29,113.71,53.4,86.6,30.0,0.0
1779183895.7175689,336.29,86.6,-1.837,336.29,86.6,-1.837,VISION,0.0,450.0,0,140.0,336.29,113.71,53.4,86.6,30.0,0.0
1779183895.8180006,336.29,86.6,-1.837,336.29,86.6,-1.837,VISION,0.0,450.0,0,140.0,336.29,113.71,53.4,86.6,30.0,0.0
1779183895.920767,336.29,86.6,-1.837,336.29,86.6,-1.837,ESTIMA,0.0,450.0,0,140.0,336.29,113.71,53.4,86.6,30.0,0.0
1779183896.0212336,336.29,86.62,-1.836,336.29,86.62,-1.836,VISION,0.0,450.0,0,140.0,336.29,113.71,53.38,86.62,30.0,0.0
1779183896.1217165,336.29,86.62,-1.836,336.29,86.62,-1.836,VISION,0.0,450.0,0,140.0,336.29,113.71,53.38,86.62,30.0,0.0
1779183896.2221465,336.29,86.62,-1.836,336.29,86.62,-1.836,VISION,0.0,450.0,0,140.0,336.29,113.71,53.38,86.62,30.0,0.0
1779183896.3226023,336.29,86.62,-1.836,336.29,86.62,-1.836,VISION,0.0,450.0,0,140.0,336.29,113.71,53.38,86.62,30.0,0.0
1779183896.423052,336.29,86.62,-1.836,336.29,86.62,-1.836,VISION,0.0,450.0,0,140.0,336.29,113.71,53.38,86.62,30.0,0.0
1779183896.5237236,336.29,86.62,-1.836,336.29,86.62,-1.836,ESTIMA,0.0,450.0,0,140.0,336.29,113.71,53.38,86.62,30.0,0.0
1779183896.6242101,336.3,86.62,-1.837,336.3,86.62,-1.837,VISION,0.0,450.0,0,140.0,336.3,113.7,53.38,86.62,30.0,0.0
1779183896.7247834,336.3,86.62,-1.837,336.3,86.62,-1.837,VISION,0.0,450.0,0,140.0,336.3,113.7,53.38,86.62,30.0,0.0
1779183896.8251927,336.3,86.62,-1.837,336.3,86.62,-1.837,VISION,0.0,450.0,0,140.0,336.3,113.7,53.38,86.62,30.0,0.0
1779183896.925542,336.3,86.62,-1.837,336.3,86.62,-1.837,VISION,0.0,450.0,0,140.0,336.3,113.7,53.38,86.62,30.0,0.0
1779183897.0258985,336.3,86.62,-1.837,336.3,86.62,-1.837,VISION,0.0,450.0,0,140.0,336.3,113.7,53.38,86.62,30.0,0.0
1779183897.1262138,336.29,86.6,-1.836,336.29,86.6,-1.836,VISION,0.0,450.0,0,140.0,336.29,113.71,53.4,86.6,30.0,0.0
1779183897.2265553,336.29,86.6,-1.836,336.29,86.6,-1.836,VISION,0.0,450.0,0,140.0,336.29,113.71,53.4,86.6,30.0,0.0
1779183897.3269143,336.29,86.6,-1.836,336.29,86.6,-1.836,VISION,0.0,450.0,0,140.0,336.29,113.71,53.4,86.6,30.0,0.0
1779183897.4272552,336.29,86.6,-1.836,336.29,86.6,-1.836,VISION,0.0,450.0,0,140.0,336.29,113.71,53.4,86.6,30.0,0.0
1779183897.5276227,336.29,86.6,-1.836,336.29,86.6,-1.836,VISION,0.0,450.0,0,140.0,336.29,113.71,53.4,86.6,30.0,0.0
1779183897.6279519,336.29,86.6,-1.836,336.29,86.6,-1.836,ESTIMA,0.0,450.0,0,140.0,336.29,113.71,53.4,86.6,30.0,0.0
1779183897.7282665,336.29,86.62,-1.836,336.29,86.62,-1.836,VISION,0.0,450.0,0,140.0,336.29,113.71,53.38,86.62,30.0,0.0
1779183897.828621,336.29,86.62,-1.836,336.29,86.62,-1.836,VISION,0.0,450.0,0,140.0,336.29,113.71,53.38,86.62,30.0,0.0
1779183897.9289787,336.29,86.62,-1.836,336.29,86.62,-1.836,VISION,0.0,450.0,0,140.0,336.29,113.71,53.38,86.62,30.0,0.0
1779183898.0293696,336.29,86.62,-1.836,336.29,86.62,-1.836,VISION,0.0,450.0,0,140.0,336.29,113.71,53.38,86.62,30.0,0.0
1779183898.129754,336.29,86.62,-1.836,336.29,86.62,-1.836,VISION,0.0,450.0,0,140.0,336.29,113.71,53.38,86.62,30.0,0.0
1779183898.2300885,336.29,86.62,-1.836,336.29,86.62,-1.836,ESTIMA,0.0,450.0,0,140.0,336.29,113.71,53.38,86.62,30.0,0.0
1779183898.3304577,336.29,86.61,-1.837,336.29,86.61,-1.837,VISION,0.0,450.0,0,140.0,336.29,113.71,53.39,86.61,30.0,0.0
1779183898.4308414,336.29,86.61,-1.837,336.29,86.61,-1.837,VISION,0.0,450.0,0,140.0,336.29,113.71,53.39,86.61,30.0,0.0
1779183898.5312104,336.29,86.61,-1.837,336.29,86.61,-1.837,VISION,0.0,450.0,0,140.0,336.29,113.71,53.39,86.61,30.0,0.0
1779183898.6315632,336.29,86.61,-1.837,336.29,86.61,-1.837,VISION,0.0,450.0,0,140.0,336.29,113.71,53.39,86.61,30.0,0.0
1779183898.7319777,336.29,86.61,-1.837,336.29,86.61,-1.837,VISION,0.0,450.0,0,140.0,336.29,113.71,53.39,86.61,30.0,0.0
1779183898.8323777,336.29,86.61,-1.837,336.29,86.61,-1.837,ESTIMA,0.0,450.0,0,140.0,336.29,113.71,53.39,86.61,30.0,0.0
1779183898.9327977,336.29,86.61,-1.836,336.29,86.61,-1.836,VISION,0.0,450.0,0,140.0,336.29,113.71,53.39,86.61,30.0,0.0
1779183899.033184,336.29,86.61,-1.836,336.29,86.61,-1.836,VISION,0.0,450.0,0,140.0,336.29,113.71,53.39,86.61,30.0,0.0
1779183899.1335504,336.29,86.61,-1.836,336.29,86.61,-1.836,VISION,0.0,450.0,0,140.0,336.29,113.71,53.39,86.61,30.0,0.0
1779183899.233915,336.29,86.61,-1.836,336.29,86.61,-1.836,VISION,0.0,450.0,0,140.0,336.29,113.71,53.39,86.61,30.0,0.0
1779183899.3342915,336.29,86.61,-1.836,336.29,86.61,-1.836,VISION,0.0,450.0,0,140.0,336.29,113.71,53.39,86.61,30.0,0.0
1779183899.434688,336.29,86.61,-1.836,336.29,86.61,-1.836,ESTIMA,0.0,450.0,0,140.0,336.29,113.71,53.39,86.61,30.0,0.0
1779183899.5350811,336.29,86.61,-1.836,336.29,86.61,-1.836,VISION,0.0,450.0,0,140.0,336.29,113.71,53.39,86.61,30.0,0.0
1779183899.6354558,336.29,86.61,-1.836,336.29,86.61,-1.836,VISION,0.0,450.0,0,140.0,336.29,113.71,53.39,86.61,30.0,0.0
1779183899.7358363,336.29,86.61,-1.836,336.29,86.61,-1.836,VISION,0.0,450.0,0,140.0,336.29,113.71,53.39,86.61,30.0,0.0
1779183899.836208,336.29,86.61,-1.836,336.29,86.61,-1.836,VISION,0.0,450.0,0,140.0,336.29,113.71,53.39,86.61,30.0,0.0
1779183899.936595,336.29,86.61,-1.836,336.29,86.61,-1.836,VISION,0.0,450.0,0,140.0,336.29,113.71,53.39,86.61,30.0,0.0
1779183900.0369828,336.29,86.61,-1.836,336.29,86.61,-1.836,ESTIMA,0.0,450.0,0,140.0,336.29,113.71,53.39,86.61,30.0,0.0
1779183900.1373794,336.29,86.62,-1.836,336.29,86.62,-1.836,VISION,0.0,450.0,0,140.0,336.29,113.71,53.38,86.62,30.0,0.0
1779183900.2377698,336.29,86.62,-1.836,336.29,86.62,-1.836,VISION,0.0,450.0,0,140.0,336.29,113.71,53.38,86.62,30.0,0.0
1779183900.3381455,336.29,86.62,-1.836,336.29,86.62,-1.836,VISION,0.0,450.0,0,140.0,336.29,113.71,53.38,86.62,30.0,0.0
1779183900.4385214,336.29,86.62,-1.836,336.29,86.62,-1.836,VISION,0.0,450.0,0,140.0,336.29,113.71,53.38,86.62,30.0,0.0
1779183900.5388894,336.29,86.62,-1.836,336.29,86.62,-1.836,VISION,0.0,450.0,0,140.0,336.29,113.71,53.38,86.62,30.0,0.0
1779183900.639314,336.29,86.6,-1.836,336.29,86.6,-1.836,VISION,0.0,450.0,0,140.0,336.29,113.71,53.4,86.6,30.0,0.0
1779183900.7397397,336.29,86.6,-1.836,336.29,86.6,-1.836,VISION,0.0,450.0,0,140.0,336.29,113.71,53.4,86.6,30.0,0.0
1779183900.8402421,336.29,86.6,-1.836,336.29,86.6,-1.836,VISION,0.0,450.0,0,140.0,336.29,113.71,53.4,86.6,30.0,0.0
1779183900.940821,336.29,86.6,-1.836,336.29,86.6,-1.836,VISION,0.0,450.0,0,140.0,336.29,113.71,53.4,86.6,30.0,0.0
1779183901.0412815,336.29,86.6,-1.836,336.29,86.6,-1.836,VISION,0.0,450.0,0,140.0,336.29,113.71,53.4,86.6,30.0,0.0
1779183901.1417098,336.29,86.6,-1.836,336.29,86.6,-1.836,VISION,0.0,450.0,0,140.0,336.29,113.71,53.4,86.6,30.0,0.0
1779183901.242119,336.29,86.61,-1.836,336.29,86.61,-1.836,VISION,0.0,450.0,0,140.0,336.29,113.71,53.39,86.61,30.0,0.0
1779183901.3426127,336.29,86.61,-1.836,336.29,86.61,-1.836,VISION,0.0,450.0,0,140.0,336.29,113.71,53.39,86.61,30.0,0.0
1779183901.4430523,336.29,86.61,-1.836,336.29,86.61,-1.836,VISION,0.0,450.0,0,140.0,336.29,113.71,53.39,86.61,30.0,0.0
1779183901.543487,336.29,86.61,-1.836,336.29,86.61,-1.836,VISION,0.0,450.0,0,140.0,336.29,113.71,53.39,86.61,30.0,0.0
1779183901.643946,336.29,86.61,-1.836,336.29,86.61,-1.836,VISION,0.0,450.0,0,140.0,336.29,113.71,53.39,86.61,30.0,0.0
1779183901.7443666,336.29,86.61,-1.836,336.29,86.61,-1.836,ESTIMA,0.0,450.0,0,140.0,336.29,113.71,53.39,86.61,30.0,0.0
1779183901.8448703,336.29,86.6,-1.836,336.29,86.6,-1.836,VISION,0.0,450.0,0,140.0,336.29,113.71,53.4,86.6,30.0,0.0
1779183901.9453306,336.29,86.6,-1.836,336.29,86.6,-1.836,VISION,0.0,450.0,0,140.0,336.29,113.71,53.4,86.6,30.0,0.0
1779183902.045774,336.29,86.6,-1.836,336.29,86.6,-1.836,VISION,0.0,450.0,0,140.0,336.29,113.71,53.4,86.6,30.0,0.0
1779183902.1462147,336.29,86.6,-1.836,336.29,86.6,-1.836,VISION,0.0,450.0,0,140.0,336.29,113.71,53.4,86.6,30.0,0.0
1779183902.2466452,336.29,86.6,-1.836,336.29,86.6,-1.836,VISION,0.0,450.0,0,140.0,336.29,113.71,53.4,86.6,30.0,0.0
1779183902.3470743,336.29,86.6,-1.836,336.29,86.6,-1.836,ESTIMA,0.0,450.0,0,140.0,336.29,113.71,53.4,86.6,30.0,0.0
1779183902.4475083,336.29,86.61,-1.836,336.29,86.61,-1.836,VISION,0.0,450.0,0,140.0,336.29,113.71,53.39,86.61,30.0,0.0
1779183902.54802,336.29,86.61,-1.836,336.29,86.61,-1.836,VISION,0.0,450.0,0,140.0,336.29,113.71,53.39,86.61,30.0,0.0
1779183902.648456,336.29,86.61,-1.836,336.29,86.61,-1.836,VISION,0.0,450.0,0,140.0,336.29,113.71,53.39,86.61,30.0,0.0
1779183902.7489305,336.29,86.61,-1.836,336.29,86.61,-1.836,VISION,0.0,450.0,0,140.0,336.29,113.71,53.39,86.61,30.0,0.0
1779183902.849381,336.29,86.61,-1.836,336.29,86.61,-1.836,VISION,0.0,450.0,0,140.0,336.29,113.71,53.39,86.61,30.0,0.0
1779183902.949871,336.29,86.61,-1.836,336.29,86.61,-1.836,ESTIMA,0.0,450.0,0,140.0,336.29,113.71,53.39,86.61,30.0,0.0
1779183903.0503647,336.29,86.61,-1.836,336.29,86.61,-1.836,VISION,0.0,450.0,0,140.0,336.29,113.71,53.39,86.61,30.0,0.0
1779183903.150856,336.29,86.61,-1.836,336.29,86.61,-1.836,VISION,0.0,450.0,0,140.0,336.29,113.71,53.39,86.61,30.0,0.0
1779183903.251295,336.29,86.61,-1.836,336.29,86.61,-1.836,VISION,0.0,450.0,0,140.0,336.29,113.71,53.39,86.61,30.0,0.0
1779183903.3517733,336.29,86.61,-1.836,336.29,86.61,-1.836,VISION,0.0,450.0,0,140.0,336.29,113.71,53.39,86.61,30.0,0.0
1779183903.4522078,336.29,86.61,-1.836,336.29,86.61,-1.836,VISION,0.0,450.0,0,140.0,336.29,113.71,53.39,86.61,30.0,0.0
1779183903.5527012,336.29,86.61,-1.836,336.29,86.61,-1.836,ESTIMA,0.0,450.0,0,140.0,336.29,113.71,53.39,86.61,30.0,0.0
1779183903.6532583,336.29,86.61,-1.836,336.29,86.61,-1.836,VISION,0.0,450.0,0,140.0,336.29,113.71,53.39,86.61,30.0,0.0
1779183903.753711,336.29,86.61,-1.836,336.29,86.61,-1.836,VISION,0.0,450.0,0,140.0,336.29,113.71,53.39,86.61,30.0,0.0
1779183903.8541245,336.29,86.61,-1.836,336.29,86.61,-1.836,VISION,0.0,450.0,0,140.0,336.29,113.71,53.39,86.61,30.0,0.0
1779183903.9545052,336.29,86.61,-1.836,336.29,86.61,-1.836,VISION,0.0,450.0,0,140.0,336.29,113.71,53.39,86.61,30.0,0.0
1779183904.054969,336.29,86.61,-1.836,336.29,86.61,-1.836,VISION,0.0,450.0,0,140.0,336.29,113.71,53.39,86.61,30.0,0.0
1779183904.155375,336.29,86.62,-1.836,336.29,86.62,-1.836,VISION,0.0,450.0,0,140.0,336.29,113.71,53.38,86.62,30.0,0.0
1779183904.2559242,336.29,86.62,-1.836,336.29,86.62,-1.836,VISION,0.0,450.0,0,140.0,336.29,113.71,53.38,86.62,30.0,0.0
1779183904.3563576,336.29,86.62,-1.836,336.29,86.62,-1.836,VISION,0.0,450.0,0,140.0,336.29,113.71,53.38,86.62,30.0,0.0
1779183904.456914,336.29,86.62,-1.836,336.29,86.62,-1.836,VISION,0.0,450.0,0,140.0,336.29,113.71,53.38,86.62,30.0,0.0
1779183904.5574245,336.29,86.62,-1.836,336.29,86.62,-1.836,VISION,0.0,450.0,0,140.0,336.29,113.71,53.38,86.62,30.0,0.0
1779183904.6579838,336.29,86.62,-1.836,336.29,86.62,-1.836,ESTIMA,0.0,450.0,0,140.0,336.29,113.71,53.38,86.62,30.0,0.0
1779183904.758516,336.29,86.59,-1.836,336.29,86.59,-1.836,VISION,0.0,450.0,0,140.0,336.29,113.71,53.41,86.59,30.0,0.0
1779183904.8590508,336.29,86.59,-1.836,336.29,86.59,-1.836,VISION,0.0,450.0,0,140.0,336.29,113.71,53.41,86.59,30.0,0.0
1779183904.9595034,336.29,86.59,-1.836,336.29,86.59,-1.836,VISION,0.0,450.0,0,140.0,336.29,113.71,53.41,86.59,30.0,0.0
1779183905.0600266,336.29,86.59,-1.836,336.29,86.59,-1.836,VISION,0.0,450.0,0,140.0,336.29,113.71,53.41,86.59,30.0,0.0
1779183905.160499,336.29,86.59,-1.836,336.29,86.59,-1.836,VISION,0.0,450.0,0,140.0,336.29,113.71,53.41,86.59,30.0,0.0
1779183905.2609658,336.29,86.59,-1.836,336.29,86.59,-1.836,ESTIMA,0.0,450.0,0,140.0,336.29,113.71,53.41,86.59,30.0,0.0
1779183905.3615332,336.29,86.61,-1.836,336.29,86.61,-1.836,VISION,0.0,450.0,0,140.0,336.29,113.71,53.39,86.61,30.0,0.0
1779183905.4620426,336.29,86.61,-1.836,336.29,86.61,-1.836,VISION,0.0,450.0,0,140.0,336.29,113.71,53.39,86.61,30.0,0.0
1779183905.562493,336.29,86.61,-1.836,336.29,86.61,-1.836,VISION,0.0,450.0,0,140.0,336.29,113.71,53.39,86.61,30.0,0.0
1779183905.6629238,336.29,86.61,-1.836,336.29,86.61,-1.836,VISION,0.0,450.0,0,140.0,336.29,113.71,53.39,86.61,30.0,0.0
1779183905.76338,336.29,86.61,-1.836,336.29,86.61,-1.836,VISION,0.0,450.0,0,140.0,336.29,113.71,53.39,86.61,30.0,0.0
1779183905.8638818,336.29,86.61,-1.836,336.29,86.61,-1.836,ESTIMA,0.0,450.0,0,140.0,336.29,113.71,53.39,86.61,30.0,0.0
1779183905.9643373,336.29,86.62,-1.836,336.29,86.62,-1.836,VISION,0.0,450.0,0,140.0,336.29,113.71,53.38,86.62,30.0,0.0
1779183906.064828,336.29,86.62,-1.836,336.29,86.62,-1.836,VISION,0.0,450.0,0,140.0,336.29,113.71,53.38,86.62,30.0,0.0
1779183906.1653152,336.29,86.62,-1.836,336.29,86.62,-1.836,VISION,0.0,450.0,0,140.0,336.29,113.71,53.38,86.62,30.0,0.0
1779183906.265822,336.29,86.62,-1.836,336.29,86.62,-1.836,VISION,0.0,450.0,0,140.0,336.29,113.71,53.38,86.62,30.0,0.0
1779183906.3662584,336.29,86.62,-1.836,336.29,86.62,-1.836,VISION,0.0,450.0,0,140.0,336.29,113.71,53.38,86.62,30.0,0.0
1779183906.4667845,336.29,86.62,-1.836,336.29,86.62,-1.836,ESTIMA,0.0,450.0,0,140.0,336.29,113.71,53.38,86.62,30.0,0.0
1779183906.567225,336.29,86.61,-1.836,336.29,86.61,-1.836,VISION,0.0,450.0,0,140.0,336.29,113.71,53.39,86.61,30.0,0.0
1779183906.6677458,336.29,86.61,-1.836,336.29,86.61,-1.836,VISION,0.0,450.0,0,140.0,336.29,113.71,53.39,86.61,30.0,0.0
1779183906.7682047,336.29,86.61,-1.836,336.29,86.61,-1.836,VISION,0.0,450.0,0,140.0,336.29,113.71,53.39,86.61,30.0,0.0
1779183906.8686738,336.29,86.61,-1.836,336.29,86.61,-1.836,VISION,0.0,450.0,0,140.0,336.29,113.71,53.39,86.61,30.0,0.0
1779183906.9691284,336.29,86.61,-1.836,336.29,86.61,-1.836,VISION,0.0,450.0,0,140.0,336.29,113.71,53.39,86.61,30.0,0.0
1779183907.069617,336.29,86.61,-1.836,336.29,86.61,-1.836,ESTIMA,0.0,450.0,0,140.0,336.29,113.71,53.39,86.61,30.0,0.0
1779183907.1700811,336.29,86.61,-1.836,336.29,86.61,-1.836,VISION,0.0,450.0,0,140.0,336.29,113.71,53.39,86.61,30.0,0.0
1779183907.2705088,336.29,86.61,-1.836,336.29,86.61,-1.836,VISION,0.0,450.0,0,140.0,336.29,113.71,53.39,86.61,30.0,0.0
1779183907.3709924,336.29,86.61,-1.836,336.29,86.61,-1.836,VISION,0.0,450.0,0,140.0,336.29,113.71,53.39,86.61,30.0,0.0
1779183907.4714298,336.29,86.61,-1.836,336.29,86.61,-1.836,VISION,0.0,450.0,0,140.0,336.29,113.71,53.39,86.61,30.0,0.0
1779183907.571864,336.29,86.61,-1.836,336.29,86.61,-1.836,VISION,0.0,450.0,0,140.0,336.29,113.71,53.39,86.61,30.0,0.0
1779183907.6722903,336.29,86.61,-1.836,336.29,86.61,-1.836,VISION,0.0,450.0,0,140.0,336.29,113.71,53.39,86.61,30.0,0.0
1779183907.7727334,336.29,86.61,-1.836,336.29,86.61,-1.836,VISION,0.0,450.0,0,140.0,336.29,113.71,53.39,86.61,30.0,0.0
1779183907.8731945,336.29,86.61,-1.836,336.29,86.61,-1.836,VISION,0.0,450.0,0,140.0,336.29,113.71,53.39,86.61,30.0,0.0
1779183907.9736614,336.29,86.61,-1.836,336.29,86.61,-1.836,VISION,0.0,450.0,0,140.0,336.29,113.71,53.39,86.61,30.0,0.0
1779183908.0741236,336.29,86.61,-1.836,336.29,86.61,-1.836,VISION,0.0,450.0,0,140.0,336.29,113.71,53.39,86.61,30.0,0.0
1779183908.174595,336.29,86.61,-1.836,336.29,86.61,-1.836,ESTIMA,0.0,450.0,0,140.0,336.29,113.71,53.39,86.61,30.0,0.0
1779183908.2750416,336.29,86.61,-1.836,336.29,86.61,-1.836,VISION,0.0,450.0,0,140.0,336.29,113.71,53.39,86.61,30.0,0.0
1779183908.3755264,336.29,86.61,-1.836,336.29,86.61,-1.836,VISION,0.0,450.0,0,140.0,336.29,113.71,53.39,86.61,30.0,0.0
1779183908.4759998,336.29,86.61,-1.836,336.29,86.61,-1.836,VISION,0.0,450.0,0,140.0,336.29,113.71,53.39,86.61,30.0,0.0
1779183908.576447,336.29,86.61,-1.836,336.29,86.61,-1.836,VISION,0.0,450.0,0,140.0,336.29,113.71,53.39,86.61,30.0,0.0
1779183908.6769872,336.29,86.61,-1.836,336.29,86.61,-1.836,VISION,0.0,450.0,0,140.0,336.29,113.71,53.39,86.61,30.0,0.0
1779183908.7774613,336.29,86.61,-1.836,336.29,86.61,-1.836,ESTIMA,0.0,450.0,0,140.0,336.29,113.71,53.39,86.61,30.0,0.0
1779183908.8780093,336.29,86.6,-1.835,336.29,86.6,-1.835,VISION,0.0,450.0,0,140.0,336.29,113.71,53.4,86.6,30.0,0.0
1779183908.9784708,336.29,86.6,-1.835,336.29,86.6,-1.835,VISION,0.0,450.0,0,140.0,336.29,113.71,53.4,86.6,30.0,0.0
1779183909.078942,336.29,86.6,-1.835,336.29,86.6,-1.835,VISION,0.0,450.0,0,140.0,336.29,113.71,53.4,86.6,30.0,0.0
1779183909.1793964,336.29,86.6,-1.835,336.29,86.6,-1.835,VISION,0.0,450.0,0,140.0,336.29,113.71,53.4,86.6,30.0,0.0
1779183909.2798314,336.29,86.6,-1.835,336.29,86.6,-1.835,VISION,0.0,450.0,0,140.0,336.29,113.71,53.4,86.6,30.0,0.0
1779183909.3802826,336.29,86.6,-1.835,336.29,86.6,-1.835,ESTIMA,0.0,450.0,0,140.0,336.29,113.71,53.4,86.6,30.0,0.0
1779183909.4807596,336.29,86.6,-1.836,336.29,86.6,-1.836,VISION,0.0,450.0,0,140.0,336.29,113.71,53.4,86.6,30.0,0.0
1779183909.5812335,336.29,86.6,-1.836,336.29,86.6,-1.836,VISION,0.0,450.0,0,140.0,336.29,113.71,53.4,86.6,30.0,0.0
1779183909.6816742,336.29,86.6,-1.836,336.29,86.6,-1.836,VISION,0.0,450.0,0,140.0,336.29,113.71,53.4,86.6,30.0,0.0
1779183909.7821102,336.29,86.6,-1.836,336.29,86.6,-1.836,VISION,0.0,450.0,0,140.0,336.29,113.71,53.4,86.6,30.0,0.0
1779183909.8825896,336.29,86.6,-1.836,336.29,86.6,-1.836,VISION,0.0,450.0,0,140.0,336.29,113.71,53.4,86.6,30.0,0.0
1779183909.983122,336.29,86.6,-1.836,336.29,86.6,-1.836,ESTIMA,0.0,450.0,0,140.0,336.29,113.71,53.4,86.6,30.0,0.0
1779183910.0835671,336.29,86.61,-1.836,336.29,86.61,-1.836,VISION,0.0,450.0,0,140.0,336.29,113.71,53.39,86.61,30.0,0.0
1779183910.1840935,336.29,86.61,-1.836,336.29,86.61,-1.836,VISION,0.0,450.0,0,140.0,336.29,113.71,53.39,86.61,30.0,0.0
1779183910.2845798,336.29,86.61,-1.836,336.29,86.61,-1.836,VISION,0.0,450.0,0,140.0,336.29,113.71,53.39,86.61,30.0,0.0
1779183910.3850224,336.29,86.61,-1.836,336.29,86.61,-1.836,VISION,0.0,450.0,0,140.0,336.29,113.71,53.39,86.61,30.0,0.0
1779183910.4854538,336.29,86.61,-1.836,336.29,86.61,-1.836,VISION,0.0,450.0,0,140.0,336.29,113.71,53.39,86.61,30.0,0.0
1779183910.5859036,336.29,86.6,-1.836,336.29,86.6,-1.836,VISION,0.0,450.0,0,140.0,336.29,113.71,53.4,86.6,30.0,0.0
1779183910.6863446,336.29,86.6,-1.836,336.29,86.6,-1.836,VISION,0.0,450.0,0,140.0,336.29,113.71,53.4,86.6,30.0,0.0
1779183910.7868268,336.29,86.6,-1.836,336.29,86.6,-1.836,VISION,0.0,450.0,0,140.0,336.29,113.71,53.4,86.6,30.0,0.0
1779183910.887177,336.29,86.6,-1.836,336.29,86.6,-1.836,VISION,0.0,450.0,0,140.0,336.29,113.71,53.4,86.6,30.0,0.0
1779183910.9875982,336.29,86.6,-1.836,336.29,86.6,-1.836,VISION,0.0,450.0,0,140.0,336.29,113.71,53.4,86.6,30.0,0.0
1779183911.087907,336.29,86.6,-1.836,336.29,86.6,-1.836,VISION,0.0,450.0,0,140.0,336.29,113.71,53.4,86.6,30.0,0.0
1779183911.188248,336.29,86.61,-1.836,336.29,86.61,-1.836,VISION,0.0,450.0,0,140.0,336.29,113.71,53.39,86.61,30.0,0.0
1779183911.2886333,336.29,86.61,-1.836,336.29,86.61,-1.836,VISION,0.0,450.0,0,140.0,336.29,113.71,53.39,86.61,30.0,0.0
1779183911.3889687,336.29,86.61,-1.836,336.29,86.61,-1.836,VISION,0.0,450.0,0,140.0,336.29,113.71,53.39,86.61,30.0,0.0
1779183911.4893003,336.29,86.61,-1.836,336.29,86.61,-1.836,VISION,0.0,450.0,0,140.0,336.29,113.71,53.39,86.61,30.0,0.0
1779183911.5896506,336.29,86.61,-1.836,336.29,86.61,-1.836,VISION,0.0,450.0,0,140.0,336.29,113.71,53.39,86.61,30.0,0.0
1779183911.6899846,336.29,86.61,-1.836,336.29,86.61,-1.836,ESTIMA,0.0,450.0,0,140.0,336.29,113.71,53.39,86.61,30.0,0.0
1779183911.790292,336.29,86.61,-1.836,336.29,86.61,-1.836,VISION,0.0,450.0,0,140.0,336.29,113.71,53.39,86.61,30.0,0.0
1779183911.8906877,336.29,86.61,-1.836,336.29,86.61,-1.836,VISION,0.0,450.0,0,140.0,336.29,113.71,53.39,86.61,30.0,0.0
1779183911.9911108,336.29,86.61,-1.836,336.29,86.61,-1.836,VISION,0.0,450.0,0,140.0,336.29,113.71,53.39,86.61,30.0,0.0
1779183912.0914924,336.29,86.61,-1.836,336.29,86.61,-1.836,VISION,0.0,450.0,0,140.0,336.29,113.71,53.39,86.61,30.0,0.0
1779183912.191892,336.29,86.61,-1.836,336.29,86.61,-1.836,VISION,0.0,450.0,0,140.0,336.29,113.71,53.39,86.61,30.0,0.0
1779183912.2922833,336.29,86.61,-1.836,336.29,86.61,-1.836,ESTIMA,0.0,450.0,0,140.0,336.29,113.71,53.39,86.61,30.0,0.0
1779183912.3926406,336.29,86.61,-1.836,336.29,86.61,-1.836,VISION,0.0,450.0,0,140.0,336.29,113.71,53.39,86.61,30.0,0.0
1779183912.493021,336.29,86.61,-1.836,336.29,86.61,-1.836,VISION,0.0,450.0,0,140.0,336.29,113.71,53.39,86.61,30.0,0.0
1779183912.5934024,336.29,86.61,-1.836,336.29,86.61,-1.836,VISION,0.0,450.0,0,140.0,336.29,113.71,53.39,86.61,30.0,0.0
1779183912.6937845,336.29,86.61,-1.836,336.29,86.61,-1.836,VISION,0.0,450.0,0,140.0,336.29,113.71,53.39,86.61,30.0,0.0
1779183912.794156,336.29,86.61,-1.836,336.29,86.61,-1.836,VISION,0.0,450.0,0,140.0,336.29,113.71,53.39,86.61,30.0,0.0
1779183912.894683,336.29,86.61,-1.836,336.29,86.61,-1.836,ESTIMA,0.0,450.0,0,140.0,336.29,113.71,53.39,86.61,30.0,0.0
1779183912.9952009,336.29,86.59,-1.836,336.29,86.59,-1.836,VISION,0.0,450.0,0,140.0,336.29,113.71,53.41,86.59,30.0,0.0
1779183913.0957153,336.29,86.59,-1.836,336.29,86.59,-1.836,VISION,0.0,450.0,0,140.0,336.29,113.71,53.41,86.59,30.0,0.0
1779183913.1961586,336.29,86.59,-1.836,336.29,86.59,-1.836,VISION,0.0,450.0,0,140.0,336.29,113.71,53.41,86.59,30.0,0.0
1779183913.2966247,336.29,86.59,-1.836,336.29,86.59,-1.836,VISION,0.0,450.0,0,140.0,336.29,113.71,53.41,86.59,30.0,0.0
1779183913.3970606,336.29,86.59,-1.836,336.29,86.59,-1.836,VISION,0.0,450.0,0,140.0,336.29,113.71,53.41,86.59,30.0,0.0
1779183913.4976025,336.29,86.59,-1.836,336.29,86.59,-1.836,ESTIMA,0.0,450.0,0,140.0,336.29,113.71,53.41,86.59,30.0,0.0
1779183913.598231,336.29,86.61,-1.836,336.29,86.61,-1.836,VISION,0.0,450.0,0,140.0,336.29,113.71,53.39,86.61,30.0,0.0
1779183913.698718,336.29,86.61,-1.836,336.29,86.61,-1.836,VISION,0.0,450.0,0,140.0,336.29,113.71,53.39,86.61,30.0,0.0
1779183913.799297,336.29,86.61,-1.836,336.29,86.61,-1.836,VISION,0.0,450.0,0,140.0,336.29,113.71,53.39,86.61,30.0,0.0
1779183913.899846,336.29,86.61,-1.836,336.29,86.61,-1.836,VISION,0.0,450.0,0,140.0,336.29,113.71,53.39,86.61,30.0,0.0
1779183914.0002904,336.29,86.61,-1.836,336.29,86.61,-1.836,VISION,0.0,450.0,0,140.0,336.29,113.71,53.39,86.61,30.0,0.0
1779183914.1006916,336.29,86.61,-1.836,336.29,86.61,-1.836,VISION,0.0,450.0,0,140.0,336.29,113.71,53.39,86.61,30.0,0.0
1779183914.201051,336.29,86.61,-1.836,336.29,86.61,-1.836,VISION,0.0,450.0,0,140.0,336.29,113.71,53.39,86.61,30.0,0.0
1779183914.3013887,336.29,86.61,-1.836,336.29,86.61,-1.836,VISION,0.0,450.0,0,140.0,336.29,113.71,53.39,86.61,30.0,0.0
1779183914.4017382,336.29,86.61,-1.836,336.29,86.61,-1.836,VISION,0.0,450.0,0,140.0,336.29,113.71,53.39,86.61,30.0,0.0
1779183914.5020852,336.29,86.61,-1.836,336.29,86.61,-1.836,VISION,0.0,450.0,0,140.0,336.29,113.71,53.39,86.61,30.0,0.0
1779183914.6024418,336.29,86.61,-1.836,336.29,86.61,-1.836,ESTIMA,0.0,450.0,0,140.0,336.29,113.71,53.39,86.61,30.0,0.0
1779183914.70276,336.29,86.61,-1.836,336.29,86.61,-1.836,VISION,0.0,450.0,0,140.0,336.29,113.71,53.39,86.61,30.0,0.0
1779183914.8031018,336.29,86.61,-1.836,336.29,86.61,-1.836,VISION,0.0,450.0,0,140.0,336.29,113.71,53.39,86.61,30.0,0.0
1779183914.9034672,336.29,86.61,-1.836,336.29,86.61,-1.836,VISION,0.0,450.0,0,140.0,336.29,113.71,53.39,86.61,30.0,0.0
1779183915.0038903,336.29,86.61,-1.836,336.29,86.61,-1.836,VISION,0.0,450.0,0,140.0,336.29,113.71,53.39,86.61,30.0,0.0
1779183915.1042542,336.29,86.61,-1.836,336.29,86.61,-1.836,VISION,0.0,450.0,0,140.0,336.29,113.71,53.39,86.61,30.0,0.0
1779183915.2046218,336.29,86.61,-1.836,336.29,86.61,-1.836,ESTIMA,0.0,450.0,0,140.0,336.29,113.71,53.39,86.61,30.0,0.0
1779183915.3049517,336.29,86.61,-1.836,336.29,86.61,-1.836,VISION,0.0,450.0,0,140.0,336.29,113.71,53.39,86.61,30.0,0.0
1779183915.4052842,336.29,86.61,-1.836,336.29,86.61,-1.836,VISION,0.0,450.0,0,140.0,336.29,113.71,53.39,86.61,30.0,0.0
1779183915.5056186,336.29,86.61,-1.836,336.29,86.61,-1.836,VISION,0.0,450.0,0,140.0,336.29,113.71,53.39,86.61,30.0,0.0
1779183915.605982,336.29,86.61,-1.836,336.29,86.61,-1.836,VISION,0.0,450.0,0,140.0,336.29,113.71,53.39,86.61,30.0,0.0
1779183915.7063355,336.29,86.61,-1.836,336.29,86.61,-1.836,VISION,0.0,450.0,0,140.0,336.29,113.71,53.39,86.61,30.0,0.0
1779183915.8067198,336.29,86.61,-1.836,336.29,86.61,-1.836,ESTIMA,0.0,450.0,0,140.0,336.29,113.71,53.39,86.61,30.0,0.0
1779183915.9070537,336.29,86.61,-1.836,336.29,86.61,-1.836,VISION,0.0,450.0,0,140.0,336.29,113.71,53.39,86.61,30.0,0.0
1779183916.0074115,336.29,86.61,-1.836,336.29,86.61,-1.836,VISION,0.0,450.0,0,140.0,336.29,113.71,53.39,86.61,30.0,0.0
1779183916.10779,336.29,86.61,-1.836,336.29,86.61,-1.836,VISION,0.0,450.0,0,140.0,336.29,113.71,53.39,86.61,30.0,0.0
1779183916.2081597,336.29,86.61,-1.836,336.29,86.61,-1.836,VISION,0.0,450.0,0,140.0,336.29,113.71,53.39,86.61,30.0,0.0
1779183916.3085287,336.29,86.61,-1.836,336.29,86.61,-1.836,VISION,0.0,450.0,0,140.0,336.29,113.71,53.39,86.61,30.0,0.0
1779183916.41012,336.29,86.61,-1.836,336.29,86.61,-1.836,ESTIMA,0.0,450.0,0,140.0,336.29,113.71,53.39,86.61,30.0,0.0
1779183916.5104496,336.29,86.62,-1.836,336.29,86.62,-1.836,VISION,0.0,450.0,0,140.0,336.29,113.71,53.38,86.62,30.0,0.0
1779183916.6108193,336.29,86.62,-1.836,336.29,86.62,-1.836,VISION,0.0,450.0,0,140.0,336.29,113.71,53.38,86.62,30.0,0.0
1779183916.7111802,336.29,86.62,-1.836,336.29,86.62,-1.836,VISION,0.0,450.0,0,140.0,336.29,113.71,53.38,86.62,30.0,0.0
1779183916.8115792,336.29,86.62,-1.836,336.29,86.62,-1.836,VISION,0.0,450.0,0,140.0,336.29,113.71,53.38,86.62,30.0,0.0
1779183916.9119575,336.29,86.62,-1.836,336.29,86.62,-1.836,VISION,0.0,450.0,0,140.0,336.29,113.71,53.38,86.62,30.0,0.0
1779183917.012307,336.29,86.62,-1.836,336.29,86.62,-1.836,ESTIMA,0.0,450.0,0,140.0,336.29,113.71,53.38,86.62,30.0,0.0
1779183917.1197956,336.29,86.61,-1.836,336.29,86.61,-1.836,VISION,0.0,450.0,0,140.0,336.29,113.71,53.39,86.61,30.0,0.0
1779183917.2201312,336.29,86.61,-1.836,336.29,86.61,-1.836,VISION,0.0,450.0,0,140.0,336.29,113.71,53.39,86.61,30.0,0.0
1779183917.3204927,336.29,86.61,-1.836,336.29,86.61,-1.836,VISION,0.0,450.0,0,140.0,336.29,113.71,53.39,86.61,30.0,0.0
1779183917.4208903,336.29,86.61,-1.836,336.29,86.61,-1.836,VISION,0.0,450.0,0,140.0,336.29,113.71,53.39,86.61,30.0,0.0
1779183917.521276,336.29,86.61,-1.836,336.29,86.61,-1.836,VISION,0.0,450.0,0,140.0,336.29,113.71,53.39,86.61,30.0,0.0
1779183917.6215887,336.29,86.62,-1.836,336.29,86.62,-1.836,VISION,0.0,450.0,0,140.0,336.29,113.71,53.38,86.62,30.0,0.0
1779183917.7218897,336.29,86.62,-1.836,336.29,86.62,-1.836,VISION,0.0,450.0,0,140.0,336.29,113.71,53.38,86.62,30.0,0.0
1779183917.8222587,336.29,86.62,-1.836,336.29,86.62,-1.836,VISION,0.0,450.0,0,140.0,336.29,113.71,53.38,86.62,30.0,0.0
1779183917.9225824,336.29,86.62,-1.836,336.29,86.62,-1.836,VISION,0.0,450.0,0,140.0,336.29,113.71,53.38,86.62,30.0,0.0
1779183918.0229359,336.29,86.62,-1.836,336.29,86.62,-1.836,VISION,0.0,450.0,0,140.0,336.29,113.71,53.38,86.62,30.0,0.0
1779183918.1232827,336.29,86.62,-1.836,336.29,86.62,-1.836,ESTIMA,0.0,450.0,0,140.0,336.29,113.71,53.38,86.62,30.0,0.0
1779183918.223601,336.29,86.6,-1.836,336.29,86.6,-1.836,VISION,0.0,450.0,0,140.0,336.29,113.71,53.4,86.6,30.0,0.0
1779183918.3239155,336.29,86.6,-1.836,336.29,86.6,-1.836,VISION,0.0,450.0,0,140.0,336.29,113.71,53.4,86.6,30.0,0.0
1779183918.4242432,336.29,86.6,-1.836,336.29,86.6,-1.836,VISION,0.0,450.0,0,140.0,336.29,113.71,53.4,86.6,30.0,0.0
1779183918.52458,336.29,86.6,-1.836,336.29,86.6,-1.836,VISION,0.0,450.0,0,140.0,336.29,113.71,53.4,86.6,30.0,0.0
1779183918.6249318,336.29,86.6,-1.836,336.29,86.6,-1.836,VISION,0.0,450.0,0,140.0,336.29,113.71,53.4,86.6,30.0,0.0
1779183918.72532,336.29,86.6,-1.836,336.29,86.6,-1.836,ESTIMA,0.0,450.0,0,140.0,336.29,113.71,53.4,86.6,30.0,0.0
1779183918.8256383,336.29,86.61,-1.836,336.29,86.61,-1.836,VISION,0.0,450.0,0,140.0,336.29,113.71,53.39,86.61,30.0,0.0
1779183918.925986,336.29,86.61,-1.836,336.29,86.61,-1.836,VISION,0.0,450.0,0,140.0,336.29,113.71,53.39,86.61,30.0,0.0
1779183919.0263455,336.29,86.61,-1.836,336.29,86.61,-1.836,VISION,0.0,450.0,0,140.0,336.29,113.71,53.39,86.61,30.0,0.0
1779183919.126716,336.29,86.61,-1.836,336.29,86.61,-1.836,VISION,0.0,450.0,0,140.0,336.29,113.71,53.39,86.61,30.0,0.0
1779183919.2270672,336.29,86.61,-1.836,336.29,86.61,-1.836,VISION,0.0,450.0,0,140.0,336.29,113.71,53.39,86.61,30.0,0.0
1779183919.3274102,336.29,86.61,-1.836,336.29,86.61,-1.836,ESTIMA,0.0,450.0,0,140.0,336.29,113.71,53.39,86.61,30.0,0.0
1779183919.427819,336.29,86.62,-1.836,336.29,86.62,-1.836,VISION,0.0,450.0,0,140.0,336.29,113.71,53.38,86.62,30.0,0.0
1779183919.52816,336.29,86.62,-1.836,336.29,86.62,-1.836,VISION,0.0,450.0,0,140.0,336.29,113.71,53.38,86.62,30.0,0.0
1779183919.628489,336.29,86.62,-1.836,336.29,86.62,-1.836,VISION,0.0,450.0,0,140.0,336.29,113.71,53.38,86.62,30.0,0.0
1779183919.7288687,336.29,86.62,-1.836,336.29,86.62,-1.836,VISION,0.0,450.0,0,140.0,336.29,113.71,53.38,86.62,30.0,0.0
1779183919.8292058,336.29,86.62,-1.836,336.29,86.62,-1.836,VISION,0.0,450.0,0,140.0,336.29,113.71,53.38,86.62,30.0,0.0
1779183919.929571,336.29,86.62,-1.836,336.29,86.62,-1.836,ESTIMA,0.0,450.0,0,140.0,336.29,113.71,53.38,86.62,30.0,0.0
1779183920.029905,336.29,86.6,-1.836,336.29,86.6,-1.836,VISION,0.0,450.0,0,140.0,336.29,113.71,53.4,86.6,30.0,0.0
1779183920.1302717,336.29,86.6,-1.836,336.29,86.6,-1.836,VISION,0.0,450.0,0,140.0,336.29,113.71,53.4,86.6,30.0,0.0
1779183920.23061,336.29,86.6,-1.836,336.29,86.6,-1.836,VISION,0.0,450.0,0,140.0,336.29,113.71,53.4,86.6,30.0,0.0
1779183920.330955,336.29,86.6,-1.836,336.29,86.6,-1.836,VISION,0.0,450.0,0,140.0,336.29,113.71,53.4,86.6,30.0,0.0
1779183920.431303,336.29,86.6,-1.836,336.29,86.6,-1.836,VISION,0.0,450.0,0,140.0,336.29,113.71,53.4,86.6,30.0,0.0
1779183920.5316286,336.29,86.6,-1.836,336.29,86.6,-1.836,ESTIMA,0.0,450.0,0,140.0,336.29,113.71,53.4,86.6,30.0,0.0
1779183920.6319964,336.29,86.61,-1.836,336.29,86.61,-1.836,VISION,0.0,450.0,0,140.0,336.29,113.71,53.39,86.61,30.0,0.0
1779183920.7323465,336.29,86.61,-1.836,336.29,86.61,-1.836,VISION,0.0,450.0,0,140.0,336.29,113.71,53.39,86.61,30.0,0.0
1779183920.8326948,336.29,86.61,-1.836,336.29,86.61,-1.836,VISION,0.0,450.0,0,140.0,336.29,113.71,53.39,86.61,30.0,0.0
1779183920.9330473,336.29,86.61,-1.836,336.29,86.61,-1.836,VISION,0.0,450.0,0,140.0,336.29,113.71,53.39,86.61,30.0,0.0
1779183921.0334287,336.29,86.61,-1.836,336.29,86.61,-1.836,VISION,0.0,450.0,0,140.0,336.29,113.71,53.39,86.61,30.0,0.0
1779183921.133745,336.29,86.61,-1.836,336.29,86.61,-1.836,VISION,0.0,450.0,0,140.0,336.29,113.71,53.39,86.61,30.0,0.0
1779183921.2340765,336.29,86.61,-1.836,336.29,86.61,-1.836,VISION,0.0,450.0,0,140.0,336.29,113.71,53.39,86.61,30.0,0.0
1779183921.3344076,336.29,86.61,-1.836,336.29,86.61,-1.836,VISION,0.0,450.0,0,140.0,336.29,113.71,53.39,86.61,30.0,0.0
1779183921.434772,336.29,86.61,-1.836,336.29,86.61,-1.836,VISION,0.0,450.0,0,140.0,336.29,113.71,53.39,86.61,30.0,0.0
1779183921.5351114,336.29,86.61,-1.836,336.29,86.61,-1.836,VISION,0.0,450.0,0,140.0,336.29,113.71,53.39,86.61,30.0,0.0
1779183921.6354456,336.29,86.61,-1.836,336.29,86.61,-1.836,ESTIMA,0.0,450.0,0,140.0,336.29,113.71,53.39,86.61,30.0,0.0
1779183921.7359822,336.29,86.62,-1.836,336.29,86.62,-1.836,VISION,0.0,450.0,0,140.0,336.29,113.71,53.38,86.62,30.0,0.0
1779183921.83652,336.29,86.62,-1.836,336.29,86.62,-1.836,VISION,0.0,450.0,0,140.0,336.29,113.71,53.38,86.62,30.0,0.0
1779183921.9368784,336.29,86.62,-1.836,336.29,86.62,-1.836,VISION,0.0,450.0,0,140.0,336.29,113.71,53.38,86.62,30.0,0.0
1779183922.0372298,336.29,86.62,-1.836,336.29,86.62,-1.836,VISION,0.0,450.0,0,140.0,336.29,113.71,53.38,86.62,30.0,0.0
1779183922.137581,336.29,86.62,-1.836,336.29,86.62,-1.836,VISION,0.0,450.0,0,140.0,336.29,113.71,53.38,86.62,30.0,0.0
1779183922.23797,336.29,86.62,-1.836,336.29,86.62,-1.836,ESTIMA,0.0,450.0,0,140.0,336.29,113.71,53.38,86.62,30.0,0.0
1779183922.3384068,336.29,86.6,-1.836,336.29,86.6,-1.836,VISION,0.0,450.0,0,140.0,336.29,113.71,53.4,86.6,30.0,0.0
1779183922.4388835,336.29,86.6,-1.836,336.29,86.6,-1.836,VISION,0.0,450.0,0,140.0,336.29,113.71,53.4,86.6,30.0,0.0
1779183922.5393078,336.29,86.6,-1.836,336.29,86.6,-1.836,VISION,0.0,450.0,0,140.0,336.29,113.71,53.4,86.6,30.0,0.0
1779183922.6397293,336.29,86.6,-1.836,336.29,86.6,-1.836,VISION,0.0,450.0,0,140.0,336.29,113.71,53.4,86.6,30.0,0.0
1779183922.7401533,336.29,86.6,-1.836,336.29,86.6,-1.836,VISION,0.0,450.0,0,140.0,336.29,113.71,53.4,86.6,30.0,0.0
1779183922.8405826,336.29,86.6,-1.836,336.29,86.6,-1.836,ESTIMA,0.0,450.0,0,140.0,336.29,113.71,53.4,86.6,30.0,0.0
1779183922.9410567,336.29,86.61,-1.836,336.29,86.61,-1.836,VISION,0.0,450.0,0,140.0,336.29,113.71,53.39,86.61,30.0,0.0
1779183923.0415533,336.29,86.61,-1.836,336.29,86.61,-1.836,VISION,0.0,450.0,0,140.0,336.29,113.71,53.39,86.61,30.0,0.0
1779183923.1420033,336.29,86.61,-1.836,336.29,86.61,-1.836,VISION,0.0,450.0,0,140.0,336.29,113.71,53.39,86.61,30.0,0.0
1779183923.24248,336.29,86.61,-1.836,336.29,86.61,-1.836,VISION,0.0,450.0,0,140.0,336.29,113.71,53.39,86.61,30.0,0.0
1779183923.3428988,336.29,86.61,-1.836,336.29,86.61,-1.836,VISION,0.0,450.0,0,140.0,336.29,113.71,53.39,86.61,30.0,0.0
1779183923.4433618,336.29,86.61,-1.836,336.29,86.61,-1.836,ESTIMA,0.0,450.0,0,140.0,336.29,113.71,53.39,86.61,30.0,0.0
1779183923.5437841,336.29,86.61,-1.836,336.29,86.61,-1.836,VISION,0.0,450.0,0,140.0,336.29,113.71,53.39,86.61,30.0,0.0
1779183923.6441233,336.29,86.61,-1.836,336.29,86.61,-1.836,VISION,0.0,450.0,0,140.0,336.29,113.71,53.39,86.61,30.0,0.0
1779183923.7444763,336.29,86.61,-1.836,336.29,86.61,-1.836,VISION,0.0,450.0,0,140.0,336.29,113.71,53.39,86.61,30.0,0.0
1779183923.844867,336.29,86.61,-1.836,336.29,86.61,-1.836,VISION,0.0,450.0,0,140.0,336.29,113.71,53.39,86.61,30.0,0.0
1779183923.9452152,336.29,86.61,-1.836,336.29,86.61,-1.836,VISION,0.0,450.0,0,140.0,336.29,113.71,53.39,86.61,30.0,0.0
1779183924.0455842,336.29,86.61,-1.836,336.29,86.61,-1.836,ESTIMA,0.0,450.0,0,140.0,336.29,113.71,53.39,86.61,30.0,0.0
1779183924.145952,336.29,86.62,-1.836,336.29,86.62,-1.836,VISION,0.0,450.0,0,140.0,336.29,113.71,53.38,86.62,30.0,0.0
1779183924.246325,336.29,86.62,-1.836,336.29,86.62,-1.836,VISION,0.0,450.0,0,140.0,336.29,113.71,53.38,86.62,30.0,0.0
1779183924.3466783,336.29,86.62,-1.836,336.29,86.62,-1.836,VISION,0.0,450.0,0,140.0,336.29,113.71,53.38,86.62,30.0,0.0
1779183924.4470158,336.29,86.62,-1.836,336.29,86.62,-1.836,VISION,0.0,450.0,0,140.0,336.29,113.71,53.38,86.62,30.0,0.0
1779183924.5473716,336.29,86.62,-1.836,336.29,86.62,-1.836,VISION,0.0,450.0,0,140.0,336.29,113.71,53.38,86.62,30.0,0.0
1779183924.6476989,336.29,86.61,-1.837,336.29,86.61,-1.837,VISION,0.0,450.0,0,140.0,336.29,113.71,53.39,86.61,30.0,0.0
1779183924.748134,336.29,86.61,-1.837,336.29,86.61,-1.837,VISION,0.0,450.0,0,140.0,336.29,113.71,53.39,86.61,30.0,0.0
1779183924.848509,336.29,86.61,-1.837,336.29,86.61,-1.837,VISION,0.0,450.0,0,140.0,336.29,113.71,53.39,86.61,30.0,0.0
1779183924.9488173,336.29,86.61,-1.837,336.29,86.61,-1.837,VISION,0.0,450.0,0,140.0,336.29,113.71,53.39,86.61,30.0,0.0
1779183925.049162,336.29,86.61,-1.837,336.29,86.61,-1.837,VISION,0.0,450.0,0,140.0,336.29,113.71,53.39,86.61,30.0,0.0
1779183925.1495123,336.29,86.61,-1.837,336.29,86.61,-1.837,ESTIMA,0.0,450.0,0,140.0,336.29,113.71,53.39,86.61,30.0,0.0
1779183925.249799,336.29,86.61,-1.836,336.29,86.61,-1.836,VISION,0.0,450.0,0,140.0,336.29,113.71,53.39,86.61,30.0,0.0
1779183925.3501704,336.29,86.61,-1.836,336.29,86.61,-1.836,VISION,0.0,450.0,0,140.0,336.29,113.71,53.39,86.61,30.0,0.0
1779183925.4504929,336.29,86.61,-1.836,336.29,86.61,-1.836,VISION,0.0,450.0,0,140.0,336.29,113.71,53.39,86.61,30.0,0.0
1779183925.5508296,336.29,86.61,-1.836,336.29,86.61,-1.836,VISION,0.0,450.0,0,140.0,336.29,113.71,53.39,86.61,30.0,0.0
1779183925.6511602,336.29,86.61,-1.836,336.29,86.61,-1.836,VISION,0.0,450.0,0,140.0,336.29,113.71,53.39,86.61,30.0,0.0
1779183925.7514925,336.29,86.61,-1.836,336.29,86.61,-1.836,ESTIMA,0.0,450.0,0,140.0,336.29,113.71,53.39,86.61,30.0,0.0
1779183925.8518202,336.29,86.6,-1.836,336.29,86.6,-1.836,VISION,0.0,450.0,0,140.0,336.29,113.71,53.4,86.6,30.0,0.0
1779183925.9521482,336.29,86.6,-1.836,336.29,86.6,-1.836,VISION,0.0,450.0,0,140.0,336.29,113.71,53.4,86.6,30.0,0.0
1779183926.0524945,336.29,86.6,-1.836,336.29,86.6,-1.836,VISION,0.0,450.0,0,140.0,336.29,113.71,53.4,86.6,30.0,0.0
1779183926.1528492,336.29,86.6,-1.836,336.29,86.6,-1.836,VISION,0.0,450.0,0,140.0,336.29,113.71,53.4,86.6,30.0,0.0
1779183926.253182,336.29,86.6,-1.836,336.29,86.6,-1.836,VISION,0.0,450.0,0,140.0,336.29,113.71,53.4,86.6,30.0,0.0
1779183926.353525,336.29,86.6,-1.836,336.29,86.6,-1.836,ESTIMA,0.0,450.0,0,140.0,336.29,113.71,53.4,86.6,30.0,0.0
1779183926.4538274,336.29,86.61,-1.836,336.29,86.61,-1.836,VISION,0.0,450.0,0,140.0,336.29,113.71,53.39,86.61,30.0,0.0
1779183926.5542235,336.29,86.61,-1.836,336.29,86.61,-1.836,VISION,0.0,450.0,0,140.0,336.29,113.71,53.39,86.61,30.0,0.0
1779183926.6545722,336.29,86.61,-1.836,336.29,86.61,-1.836,VISION,0.0,450.0,0,140.0,336.29,113.71,53.39,86.61,30.0,0.0
1779183926.754897,336.29,86.61,-1.836,336.29,86.61,-1.836,VISION,0.0,450.0,0,140.0,336.29,113.71,53.39,86.61,30.0,0.0
1779183926.8552294,336.29,86.61,-1.836,336.29,86.61,-1.836,VISION,0.0,450.0,0,140.0,336.29,113.71,53.39,86.61,30.0,0.0
1779183926.9555647,336.29,86.61,-1.836,336.29,86.61,-1.836,ESTIMA,0.0,450.0,0,140.0,336.29,113.71,53.39,86.61,30.0,0.0
1779183927.0559065,336.29,86.61,-1.836,336.29,86.61,-1.836,VISION,0.0,450.0,0,140.0,336.29,113.71,53.39,86.61,30.0,0.0
1779183927.156286,336.29,86.61,-1.836,336.29,86.61,-1.836,VISION,0.0,450.0,0,140.0,336.29,113.71,53.39,86.61,30.0,0.0
1779183927.256627,336.29,86.61,-1.836,336.29,86.61,-1.836,VISION,0.0,450.0,0,140.0,336.29,113.71,53.39,86.61,30.0,0.0
1779183927.3569534,336.29,86.61,-1.836,336.29,86.61,-1.836,VISION,0.0,450.0,0,140.0,336.29,113.71,53.39,86.61,30.0,0.0
1779183927.4572778,336.29,86.61,-1.836,336.29,86.61,-1.836,VISION,0.0,450.0,0,140.0,336.29,113.71,53.39,86.61,30.0,0.0
1779183927.5575695,336.29,86.61,-1.836,336.29,86.61,-1.836,VISION,0.0,450.0,0,140.0,336.29,113.71,53.39,86.61,30.0,0.0
1779183927.6578948,336.29,86.61,-1.836,336.29,86.61,-1.836,VISION,0.0,450.0,0,140.0,336.29,113.71,53.39,86.61,30.0,0.0
1779183927.758231,336.29,86.61,-1.836,336.29,86.61,-1.836,VISION,0.0,450.0,0,140.0,336.29,113.71,53.39,86.61,30.0,0.0
1779183927.8585777,336.29,86.61,-1.836,336.29,86.61,-1.836,VISION,0.0,450.0,0,140.0,336.29,113.71,53.39,86.61,30.0,0.0
1779183927.9588923,336.29,86.61,-1.836,336.29,86.61,-1.836,VISION,0.0,450.0,0,140.0,336.29,113.71,53.39,86.61,30.0,0.0
1779183928.0592375,336.29,86.61,-1.836,336.29,86.61,-1.836,VISION,0.0,450.0,0,140.0,336.29,113.71,53.39,86.61,30.0,0.0
1779183928.1595645,336.29,86.6,-1.836,336.29,86.6,-1.836,VISION,0.0,450.0,0,140.0,336.29,113.71,53.4,86.6,30.0,0.0
1779183928.2599187,336.29,86.6,-1.836,336.29,86.6,-1.836,VISION,0.0,450.0,0,140.0,336.29,113.71,53.4,86.6,30.0,0.0
1779183928.3602588,336.29,86.6,-1.836,336.29,86.6,-1.836,VISION,0.0,450.0,0,140.0,336.29,113.71,53.4,86.6,30.0,0.0
1779183928.4605916,336.29,86.6,-1.836,336.29,86.6,-1.836,VISION,0.0,450.0,0,140.0,336.29,113.71,53.4,86.6,30.0,0.0
1779183928.5608983,336.29,86.6,-1.836,336.29,86.6,-1.836,VISION,0.0,450.0,0,140.0,336.29,113.71,53.4,86.6,30.0,0.0
1779183928.6612282,336.29,86.6,-1.836,336.29,86.6,-1.836,ESTIMA,0.0,450.0,0,140.0,336.29,113.71,53.4,86.6,30.0,0.0
1779183928.7615414,336.29,86.6,-1.836,336.29,86.6,-1.836,VISION,0.0,450.0,0,140.0,336.29,113.71,53.4,86.6,30.0,0.0
1779183928.8618205,336.29,86.6,-1.836,336.29,86.6,-1.836,VISION,0.0,450.0,0,140.0,336.29,113.71,53.4,86.6,30.0,0.0
1779183928.9621558,336.29,86.6,-1.836,336.29,86.6,-1.836,VISION,0.0,450.0,0,140.0,336.29,113.71,53.4,86.6,30.0,0.0
1779183929.0625134,336.29,86.6,-1.836,336.29,86.6,-1.836,VISION,0.0,450.0,0,140.0,336.29,113.71,53.4,86.6,30.0,0.0
1779183929.1628795,336.29,86.6,-1.836,336.29,86.6,-1.836,VISION,0.0,450.0,0,140.0,336.29,113.71,53.4,86.6,30.0,0.0
1779183929.2632148,336.29,86.6,-1.836,336.29,86.6,-1.836,ESTIMA,0.0,450.0,0,140.0,336.29,113.71,53.4,86.6,30.0,0.0
1779183929.36353,336.28,86.61,-1.837,336.28,86.61,-1.837,VISION,0.0,450.0,0,140.0,336.28,113.72,53.39,86.61,30.0,0.0
1779183929.4638722,336.28,86.61,-1.837,336.28,86.61,-1.837,VISION,0.0,450.0,0,140.0,336.28,113.72,53.39,86.61,30.0,0.0
1779183929.564204,336.28,86.61,-1.837,336.28,86.61,-1.837,VISION,0.0,450.0,0,140.0,336.28,113.72,53.39,86.61,30.0,0.0
1779183929.664568,336.28,86.61,-1.837,336.28,86.61,-1.837,VISION,0.0,450.0,0,140.0,336.28,113.72,53.39,86.61,30.0,0.0
1779183929.76492,336.28,86.61,-1.837,336.28,86.61,-1.837,VISION,0.0,450.0,0,140.0,336.28,113.72,53.39,86.61,30.0,0.0
1779183929.8652742,336.28,86.61,-1.837,336.28,86.61,-1.837,ESTIMA,0.0,450.0,0,140.0,336.28,113.72,53.39,86.61,30.0,0.0
1779183929.965636,336.29,86.6,-1.836,336.29,86.6,-1.836,VISION,0.0,450.0,0,140.0,336.29,113.71,53.4,86.6,30.0,0.0
1779183930.0660176,336.29,86.6,-1.836,336.29,86.6,-1.836,VISION,0.0,450.0,0,140.0,336.29,113.71,53.4,86.6,30.0,0.0
1779183930.1663513,336.29,86.6,-1.836,336.29,86.6,-1.836,VISION,0.0,450.0,0,140.0,336.29,113.71,53.4,86.6,30.0,0.0
1779183930.2667549,336.29,86.6,-1.836,336.29,86.6,-1.836,VISION,0.0,450.0,0,140.0,336.29,113.71,53.4,86.6,30.0,0.0
1779183930.3670888,336.29,86.6,-1.836,336.29,86.6,-1.836,VISION,0.0,450.0,0,140.0,336.29,113.71,53.4,86.6,30.0,0.0
1779183930.4674783,336.29,86.6,-1.836,336.29,86.6,-1.836,ESTIMA,0.0,450.0,0,140.0,336.29,113.71,53.4,86.6,30.0,0.0
1779183930.567899,336.29,86.61,-1.836,336.29,86.61,-1.836,VISION,0.0,450.0,0,140.0,336.29,113.71,53.39,86.61,30.0,0.0
1779183930.6682353,336.29,86.61,-1.836,336.29,86.61,-1.836,VISION,0.0,450.0,0,140.0,336.29,113.71,53.39,86.61,30.0,0.0
1779183930.7685857,336.29,86.61,-1.836,336.29,86.61,-1.836,VISION,0.0,450.0,0,140.0,336.29,113.71,53.39,86.61,30.0,0.0
1779183930.8689158,336.29,86.61,-1.836,336.29,86.61,-1.836,VISION,0.0,450.0,0,140.0,336.29,113.71,53.39,86.61,30.0,0.0
1779183930.9692621,336.29,86.61,-1.836,336.29,86.61,-1.836,VISION,0.0,450.0,0,140.0,336.29,113.71,53.39,86.61,30.0,0.0
1779183931.0693483,336.29,86.62,-1.836,336.29,86.62,-1.836,VISION,0.0,450.0,0,140.0,336.29,113.71,53.38,86.62,30.0,0.0
1779183931.1697907,336.29,86.62,-1.836,336.29,86.62,-1.836,VISION,0.0,450.0,0,140.0,336.29,113.71,53.38,86.62,30.0,0.0
1779183931.2702491,336.29,86.62,-1.836,336.29,86.62,-1.836,VISION,0.0,450.0,0,140.0,336.29,113.71,53.38,86.62,30.0,0.0
1779183931.370643,336.29,86.62,-1.836,336.29,86.62,-1.836,VISION,0.0,450.0,0,140.0,336.29,113.71,53.38,86.62,30.0,0.0
1779183931.470998,336.29,86.62,-1.836,336.29,86.62,-1.836,VISION,0.0,450.0,0,140.0,336.29,113.71,53.38,86.62,30.0,0.0
1779183931.57134,336.29,86.62,-1.836,336.29,86.62,-1.836,VISION,0.0,450.0,0,140.0,336.29,113.71,53.38,86.62,30.0,0.0
1779183931.6716404,336.29,86.62,-1.836,336.29,86.62,-1.836,VISION,0.0,450.0,0,140.0,336.29,113.71,53.38,86.62,30.0,0.0
1779183931.771986,336.29,86.62,-1.836,336.29,86.62,-1.836,VISION,0.0,450.0,0,140.0,336.29,113.71,53.38,86.62,30.0,0.0
1779183931.8723142,336.29,86.62,-1.836,336.29,86.62,-1.836,VISION,0.0,450.0,0,140.0,336.29,113.71,53.38,86.62,30.0,0.0
1779183931.9726515,336.29,86.62,-1.836,336.29,86.62,-1.836,VISION,0.0,450.0,0,140.0,336.29,113.71,53.38,86.62,30.0,0.0
1779183932.0729795,336.29,86.62,-1.836,336.29,86.62,-1.836,VISION,0.0,450.0,0,140.0,336.29,113.71,53.38,86.62,30.0,0.0
1779183932.173333,336.29,86.62,-1.836,336.29,86.62,-1.836,ESTIMA,0.0,450.0,0,140.0,336.29,113.71,53.38,86.62,30.0,0.0
1779183932.2736793,336.29,86.6,-1.836,336.29,86.6,-1.836,VISION,0.0,450.0,0,140.0,336.29,113.71,53.4,86.6,30.0,0.0
1779183932.3740141,336.29,86.6,-1.836,336.29,86.6,-1.836,VISION,0.0,450.0,0,140.0,336.29,113.71,53.4,86.6,30.0,0.0
1779183932.4743445,336.29,86.6,-1.836,336.29,86.6,-1.836,VISION,0.0,450.0,0,140.0,336.29,113.71,53.4,86.6,30.0,0.0
1779183932.5747018,336.29,86.6,-1.836,336.29,86.6,-1.836,VISION,0.0,450.0,0,140.0,336.29,113.71,53.4,86.6,30.0,0.0
1779183932.6750329,336.29,86.6,-1.836,336.29,86.6,-1.836,VISION,0.0,450.0,0,140.0,336.29,113.71,53.4,86.6,30.0,0.0
1779183932.775357,336.29,86.6,-1.836,336.29,86.6,-1.836,ESTIMA,0.0,450.0,0,140.0,336.29,113.71,53.4,86.6,30.0,0.0
1779183932.8756893,336.29,86.62,-1.836,336.29,86.62,-1.836,VISION,0.0,450.0,0,140.0,336.29,113.71,53.38,86.62,30.0,0.0
1779183932.9760728,336.29,86.62,-1.836,336.29,86.62,-1.836,VISION,0.0,450.0,0,140.0,336.29,113.71,53.38,86.62,30.0,0.0
1779183933.0764167,336.29,86.62,-1.836,336.29,86.62,-1.836,VISION,0.0,450.0,0,140.0,336.29,113.71,53.38,86.62,30.0,0.0
1779183933.1768186,336.29,86.62,-1.836,336.29,86.62,-1.836,VISION,0.0,450.0,0,140.0,336.29,113.71,53.38,86.62,30.0,0.0
1779183933.2771864,336.29,86.62,-1.836,336.29,86.62,-1.836,VISION,0.0,450.0,0,140.0,336.29,113.71,53.38,86.62,30.0,0.0
1779183933.3775373,336.29,86.62,-1.836,336.29,86.62,-1.836,ESTIMA,0.0,450.0,0,140.0,336.29,113.71,53.38,86.62,30.0,0.0
1779183933.4778268,336.29,86.62,-1.836,336.29,86.62,-1.836,VISION,0.0,450.0,0,140.0,336.29,113.71,53.38,86.62,30.0,0.0
1779183933.5781617,336.29,86.62,-1.836,336.29,86.62,-1.836,VISION,0.0,450.0,0,140.0,336.29,113.71,53.38,86.62,30.0,0.0
1779183933.6785111,336.29,86.62,-1.836,336.29,86.62,-1.836,VISION,0.0,450.0,0,140.0,336.29,113.71,53.38,86.62,30.0,0.0
1779183933.7788568,336.29,86.62,-1.836,336.29,86.62,-1.836,VISION,0.0,450.0,0,140.0,336.29,113.71,53.38,86.62,30.0,0.0
1779183933.8792007,336.29,86.62,-1.836,336.29,86.62,-1.836,VISION,0.0,450.0,0,140.0,336.29,113.71,53.38,86.62,30.0,0.0
1779183933.979549,336.29,86.62,-1.836,336.29,86.62,-1.836,ESTIMA,0.0,450.0,0,140.0,336.29,113.71,53.38,86.62,30.0,0.0
1779183934.0799124,336.29,86.61,-1.836,336.29,86.61,-1.836,VISION,0.0,450.0,0,140.0,336.29,113.71,53.39,86.61,30.0,0.0
1779183934.1802547,336.29,86.61,-1.836,336.29,86.61,-1.836,VISION,0.0,450.0,0,140.0,336.29,113.71,53.39,86.61,30.0,0.0
1779183934.280617,336.29,86.61,-1.836,336.29,86.61,-1.836,VISION,0.0,450.0,0,140.0,336.29,113.71,53.39,86.61,30.0,0.0
1779183934.3809626,336.29,86.61,-1.836,336.29,86.61,-1.836,VISION,0.0,450.0,0,140.0,336.29,113.71,53.39,86.61,30.0,0.0
1779183934.4812863,336.29,86.61,-1.836,336.29,86.61,-1.836,VISION,0.0,450.0,0,140.0,336.29,113.71,53.39,86.61,30.0,0.0
1779183934.5817256,336.29,86.62,-1.836,336.29,86.62,-1.836,VISION,0.0,450.0,0,140.0,336.29,113.71,53.38,86.62,30.0,0.0
1779183934.6820824,336.29,86.62,-1.836,336.29,86.62,-1.836,VISION,0.0,450.0,0,140.0,336.29,113.71,53.38,86.62,30.0,0.0
1779183934.7824616,336.29,86.62,-1.836,336.29,86.62,-1.836,VISION,0.0,450.0,0,140.0,336.29,113.71,53.38,86.62,30.0,0.0
1779183934.8828034,336.29,86.62,-1.836,336.29,86.62,-1.836,VISION,0.0,450.0,0,140.0,336.29,113.71,53.38,86.62,30.0,0.0
1779183934.98314,336.29,86.62,-1.836,336.29,86.62,-1.836,VISION,0.0,450.0,0,140.0,336.29,113.71,53.38,86.62,30.0,0.0
1779183935.0834715,336.29,86.62,-1.836,336.29,86.62,-1.836,VISION,0.0,450.0,0,140.0,336.29,113.71,53.38,86.62,30.0,0.0
1779183935.1837854,336.29,86.62,-1.836,336.29,86.62,-1.836,VISION,0.0,450.0,0,140.0,336.29,113.71,53.38,86.62,30.0,0.0
1779183935.2841444,336.29,86.62,-1.836,336.29,86.62,-1.836,VISION,0.0,450.0,0,140.0,336.29,113.71,53.38,86.62,30.0,0.0
1779183935.3844984,336.29,86.62,-1.836,336.29,86.62,-1.836,VISION,0.0,450.0,0,140.0,336.29,113.71,53.38,86.62,30.0,0.0
1779183935.4848561,336.29,86.62,-1.836,336.29,86.62,-1.836,VISION,0.0,450.0,0,140.0,336.29,113.71,53.38,86.62,30.0,0.0
1779183935.585212,336.29,86.62,-1.836,336.29,86.62,-1.836,VISION,0.0,450.0,0,140.0,336.29,113.71,53.38,86.62,30.0,0.0
1779183935.685543,336.29,86.62,-1.836,336.29,86.62,-1.836,ESTIMA,0.0,450.0,0,140.0,336.29,113.71,53.38,86.62,30.0,0.0
1779183935.7858224,336.29,86.61,-1.836,336.29,86.61,-1.836,VISION,0.0,450.0,0,140.0,336.29,113.71,53.39,86.61,30.0,0.0
1779183935.8861537,336.29,86.61,-1.836,336.29,86.61,-1.836,VISION,0.0,450.0,0,140.0,336.29,113.71,53.39,86.61,30.0,0.0
1779183935.9864788,336.29,86.61,-1.836,336.29,86.61,-1.836,VISION,0.0,450.0,0,140.0,336.29,113.71,53.39,86.61,30.0,0.0
1779183936.0868149,336.29,86.61,-1.836,336.29,86.61,-1.836,VISION,0.0,450.0,0,140.0,336.29,113.71,53.39,86.61,30.0,0.0
1779183936.1871989,336.29,86.61,-1.836,336.29,86.61,-1.836,VISION,0.0,450.0,0,140.0,336.29,113.71,53.39,86.61,30.0,0.0
1779183936.2875953,336.29,86.61,-1.836,336.29,86.61,-1.836,ESTIMA,0.0,450.0,0,140.0,336.29,113.71,53.39,86.61,30.0,0.0
1779183936.3879342,336.29,86.61,-1.836,336.29,86.61,-1.836,VISION,0.0,450.0,0,140.0,336.29,113.71,53.39,86.61,30.0,0.0
1779183936.4882798,336.29,86.61,-1.836,336.29,86.61,-1.836,VISION,0.0,450.0,0,140.0,336.29,113.71,53.39,86.61,30.0,0.0
1779183936.588657,336.29,86.61,-1.836,336.29,86.61,-1.836,VISION,0.0,450.0,0,140.0,336.29,113.71,53.39,86.61,30.0,0.0
1779183936.6890016,336.29,86.61,-1.836,336.29,86.61,-1.836,VISION,0.0,450.0,0,140.0,336.29,113.71,53.39,86.61,30.0,0.0
1779183936.7893598,336.29,86.61,-1.836,336.29,86.61,-1.836,VISION,0.0,450.0,0,140.0,336.29,113.71,53.39,86.61,30.0,0.0
1779183936.889718,336.29,86.61,-1.836,336.29,86.61,-1.836,ESTIMA,0.0,450.0,0,140.0,336.29,113.71,53.39,86.61,30.0,0.0
1779183936.9900467,336.29,86.61,-1.836,336.29,86.61,-1.836,VISION,0.0,450.0,0,140.0,336.29,113.71,53.39,86.61,30.0,0.0
1779183937.0903964,336.29,86.61,-1.836,336.29,86.61,-1.836,VISION,0.0,450.0,0,140.0,336.29,113.71,53.39,86.61,30.0,0.0
1779183937.1907852,336.29,86.61,-1.836,336.29,86.61,-1.836,VISION,0.0,450.0,0,140.0,336.29,113.71,53.39,86.61,30.0,0.0
1779183937.2911704,336.29,86.61,-1.836,336.29,86.61,-1.836,VISION,0.0,450.0,0,140.0,336.29,113.71,53.39,86.61,30.0,0.0
1779183937.3915071,336.29,86.61,-1.836,336.29,86.61,-1.836,VISION,0.0,450.0,0,140.0,336.29,113.71,53.39,86.61,30.0,0.0
1779183937.4919574,336.29,86.61,-1.836,336.29,86.61,-1.836,ESTIMA,0.0,450.0,0,140.0,336.29,113.71,53.39,86.61,30.0,0.0
1779183937.5924044,336.29,86.62,-1.836,336.29,86.62,-1.836,VISION,0.0,450.0,0,140.0,336.29,113.71,53.38,86.62,30.0,0.0
1779183937.692811,336.29,86.62,-1.836,336.29,86.62,-1.836,VISION,0.0,450.0,0,140.0,336.29,113.71,53.38,86.62,30.0,0.0
1779183937.7931688,336.29,86.62,-1.836,336.29,86.62,-1.836,VISION,0.0,450.0,0,140.0,336.29,113.71,53.38,86.62,30.0,0.0
1779183937.8935037,336.29,86.62,-1.836,336.29,86.62,-1.836,VISION,0.0,450.0,0,140.0,336.29,113.71,53.38,86.62,30.0,0.0
1779183937.9938288,336.29,86.62,-1.836,336.29,86.62,-1.836,VISION,0.0,450.0,0,140.0,336.29,113.71,53.38,86.62,30.0,0.0
1779183938.0941436,336.28,86.61,-1.837,336.28,86.61,-1.837,VISION,0.0,450.0,0,140.0,336.28,113.72,53.39,86.61,30.0,0.0
1779183938.1944847,336.28,86.61,-1.837,336.28,86.61,-1.837,VISION,0.0,450.0,0,140.0,336.28,113.72,53.39,86.61,30.0,0.0
1779183938.2948778,336.28,86.61,-1.837,336.28,86.61,-1.837,VISION,0.0,450.0,0,140.0,336.28,113.72,53.39,86.61,30.0,0.0
1779183938.395238,336.28,86.61,-1.837,336.28,86.61,-1.837,VISION,0.0,450.0,0,140.0,336.28,113.72,53.39,86.61,30.0,0.0
1779183938.4955657,336.28,86.61,-1.837,336.28,86.61,-1.837,VISION,0.0,450.0,0,140.0,336.28,113.72,53.39,86.61,30.0,0.0
1779183938.595952,336.28,86.61,-1.837,336.28,86.61,-1.837,VISION,0.0,450.0,0,140.0,336.28,113.72,53.39,86.61,30.0,0.0
1779183938.6963499,336.28,86.62,-1.837,336.28,86.62,-1.837,VISION,0.0,450.0,0,140.0,336.28,113.72,53.38,86.62,30.0,0.0
1779183938.7967315,336.28,86.62,-1.837,336.28,86.62,-1.837,VISION,0.0,450.0,0,140.0,336.28,113.72,53.38,86.62,30.0,0.0
1779183938.8970926,336.28,86.62,-1.837,336.28,86.62,-1.837,VISION,0.0,450.0,0,140.0,336.28,113.72,53.38,86.62,30.0,0.0
1779183938.9974284,336.28,86.62,-1.837,336.28,86.62,-1.837,VISION,0.0,450.0,0,140.0,336.28,113.72,53.38,86.62,30.0,0.0
1779183939.0978556,336.28,86.62,-1.837,336.28,86.62,-1.837,VISION,0.0,450.0,0,140.0,336.28,113.72,53.38,86.62,30.0,0.0
1779183939.1982136,336.28,86.62,-1.837,336.28,86.62,-1.837,ESTIMA,0.0,450.0,0,140.0,336.28,113.72,53.38,86.62,30.0,0.0
1779183939.2986786,336.29,86.61,-1.836,336.29,86.61,-1.836,VISION,0.0,450.0,0,140.0,336.29,113.71,53.39,86.61,30.0,0.0
1779183939.399092,336.29,86.61,-1.836,336.29,86.61,-1.836,VISION,0.0,450.0,0,140.0,336.29,113.71,53.39,86.61,30.0,0.0
1779183939.499552,336.29,86.61,-1.836,336.29,86.61,-1.836,VISION,0.0,450.0,0,140.0,336.29,113.71,53.39,86.61,30.0,0.0
1779183939.5999,336.29,86.61,-1.836,336.29,86.61,-1.836,VISION,0.0,450.0,0,140.0,336.29,113.71,53.39,86.61,30.0,0.0
1779183939.7002282,336.29,86.61,-1.836,336.29,86.61,-1.836,VISION,0.0,450.0,0,140.0,336.29,113.71,53.39,86.61,30.0,0.0
1779183939.8005552,336.29,86.61,-1.836,336.29,86.61,-1.836,ESTIMA,0.0,450.0,0,140.0,336.29,113.71,53.39,86.61,30.0,0.0
1779183939.900936,336.29,86.61,-1.836,336.29,86.61,-1.836,VISION,0.0,450.0,0,140.0,336.29,113.71,53.39,86.61,30.0,0.0
1779183940.001382,336.29,86.61,-1.836,336.29,86.61,-1.836,VISION,0.0,450.0,0,140.0,336.29,113.71,53.39,86.61,30.0,0.0
1779183940.1017663,336.29,86.61,-1.836,336.29,86.61,-1.836,VISION,0.0,450.0,0,140.0,336.29,113.71,53.39,86.61,30.0,0.0
1779183940.2020786,336.29,86.61,-1.836,336.29,86.61,-1.836,VISION,0.0,450.0,0,140.0,336.29,113.71,53.39,86.61,30.0,0.0
1779183940.3024251,336.29,86.61,-1.836,336.29,86.61,-1.836,VISION,0.0,450.0,0,140.0,336.29,113.71,53.39,86.61,30.0,0.0
1779183940.4028044,336.29,86.61,-1.836,336.29,86.61,-1.836,ESTIMA,0.0,450.0,0,140.0,336.29,113.71,53.39,86.61,30.0,0.0
1779183940.5031264,336.29,86.6,-1.836,336.29,86.6,-1.836,VISION,0.0,450.0,0,140.0,336.29,113.71,53.4,86.6,30.0,0.0
1779183940.6034727,336.29,86.6,-1.836,336.29,86.6,-1.836,VISION,0.0,450.0,0,140.0,336.29,113.71,53.4,86.6,30.0,0.0
1779183940.7038782,336.29,86.6,-1.836,336.29,86.6,-1.836,VISION,0.0,450.0,0,140.0,336.29,113.71,53.4,86.6,30.0,0.0
1779183940.8042548,336.29,86.6,-1.836,336.29,86.6,-1.836,VISION,0.0,450.0,0,140.0,336.29,113.71,53.4,86.6,30.0,0.0
1779183940.9045935,336.29,86.6,-1.836,336.29,86.6,-1.836,VISION,0.0,450.0,0,140.0,336.29,113.71,53.4,86.6,30.0,0.0
1779183941.0049064,336.29,86.6,-1.836,336.29,86.6,-1.836,ESTIMA,0.0,450.0,0,140.0,336.29,113.71,53.4,86.6,30.0,0.0
1779183941.105252,336.29,86.61,-1.836,336.29,86.61,-1.836,VISION,0.0,450.0,0,140.0,336.29,113.71,53.39,86.61,30.0,0.0
1779183941.2056012,336.29,86.61,-1.836,336.29,86.61,-1.836,VISION,0.0,450.0,0,140.0,336.29,113.71,53.39,86.61,30.0,0.0
1779183941.3059118,336.29,86.61,-1.836,336.29,86.61,-1.836,VISION,0.0,450.0,0,140.0,336.29,113.71,53.39,86.61,30.0,0.0
1779183941.4062808,336.29,86.61,-1.836,336.29,86.61,-1.836,VISION,0.0,450.0,0,140.0,336.29,113.71,53.39,86.61,30.0,0.0
1779183941.5066423,336.29,86.61,-1.836,336.29,86.61,-1.836,VISION,0.0,450.0,0,140.0,336.29,113.71,53.39,86.61,30.0,0.0
1779183941.6069508,336.29,86.61,-1.836,336.29,86.61,-1.836,VISION,0.0,450.0,0,140.0,336.29,113.71,53.39,86.61,30.0,0.0
1779183941.7073212,336.29,86.61,-1.836,336.29,86.61,-1.836,VISION,0.0,450.0,0,140.0,336.29,113.71,53.39,86.61,30.0,0.0
1779183941.8076634,336.29,86.61,-1.836,336.29,86.61,-1.836,VISION,0.0,450.0,0,140.0,336.29,113.71,53.39,86.61,30.0,0.0
1779183941.9080057,336.29,86.61,-1.836,336.29,86.61,-1.836,VISION,0.0,450.0,0,140.0,336.29,113.71,53.39,86.61,30.0,0.0
1779183942.0083678,336.29,86.61,-1.836,336.29,86.61,-1.836,VISION,0.0,450.0,0,140.0,336.29,113.71,53.39,86.61,30.0,0.0
1779183942.1087441,336.29,86.61,-1.836,336.29,86.61,-1.836,VISION,0.0,450.0,0,140.0,336.29,113.71,53.39,86.61,30.0,0.0
1779183942.209062,336.29,86.61,-1.836,336.29,86.61,-1.836,VISION,0.0,450.0,0,140.0,336.29,113.71,53.39,86.61,30.0,0.0
1779183942.3094094,336.29,86.61,-1.836,336.29,86.61,-1.836,VISION,0.0,450.0,0,140.0,336.29,113.71,53.39,86.61,30.0,0.0
1779183942.409798,336.29,86.61,-1.836,336.29,86.61,-1.836,VISION,0.0,450.0,0,140.0,336.29,113.71,53.39,86.61,30.0,0.0
1779183942.5101569,336.29,86.61,-1.836,336.29,86.61,-1.836,VISION,0.0,450.0,0,140.0,336.29,113.71,53.39,86.61,30.0,0.0
1779183942.6104884,336.29,86.61,-1.836,336.29,86.61,-1.836,VISION,0.0,450.0,0,140.0,336.29,113.71,53.39,86.61,30.0,0.0
1779183942.7108443,336.29,86.61,-1.836,336.29,86.61,-1.836,ESTIMA,0.0,450.0,0,140.0,336.29,113.71,53.39,86.61,30.0,0.0
1779183942.8111994,336.29,86.61,-1.836,336.29,86.61,-1.836,VISION,0.0,450.0,0,140.0,336.29,113.71,53.39,86.61,30.0,0.0
1779183942.9115543,336.29,86.61,-1.836,336.29,86.61,-1.836,VISION,0.0,450.0,0,140.0,336.29,113.71,53.39,86.61,30.0,0.0
1779183943.0119011,336.29,86.61,-1.836,336.29,86.61,-1.836,VISION,0.0,450.0,0,140.0,336.29,113.71,53.39,86.61,30.0,0.0
1779183943.1122596,336.29,86.61,-1.836,336.29,86.61,-1.836,VISION,0.0,450.0,0,140.0,336.29,113.71,53.39,86.61,30.0,0.0
1779183943.2125885,336.29,86.61,-1.836,336.29,86.61,-1.836,VISION,0.0,450.0,0,140.0,336.29,113.71,53.39,86.61,30.0,0.0
1779183943.3129776,336.29,86.61,-1.836,336.29,86.61,-1.836,ESTIMA,0.0,450.0,0,140.0,336.29,113.71,53.39,86.61,30.0,0.0
1779183943.413428,336.29,86.61,-1.836,336.29,86.61,-1.836,VISION,0.0,450.0,0,140.0,336.29,113.71,53.39,86.61,30.0,0.0
1779183943.5138652,336.29,86.61,-1.836,336.29,86.61,-1.836,VISION,0.0,450.0,0,140.0,336.29,113.71,53.39,86.61,30.0,0.0
1779183943.614244,336.29,86.61,-1.836,336.29,86.61,-1.836,VISION,0.0,450.0,0,140.0,336.29,113.71,53.39,86.61,30.0,0.0
1779183943.7148461,336.29,86.61,-1.836,336.29,86.61,-1.836,VISION,0.0,450.0,0,140.0,336.29,113.71,53.39,86.61,30.0,0.0
1779183943.8152688,336.29,86.61,-1.836,336.29,86.61,-1.836,VISION,0.0,450.0,0,140.0,336.29,113.71,53.39,86.61,30.0,0.0
1779183943.915791,336.29,86.61,-1.836,336.29,86.61,-1.836,ESTIMA,0.0,450.0,0,140.0,336.29,113.71,53.39,86.61,30.0,0.0
1779183944.0162258,336.29,86.62,-1.836,336.29,86.62,-1.836,VISION,0.0,450.0,0,140.0,336.29,113.71,53.38,86.62,30.0,0.0
1779183944.1166842,336.29,86.62,-1.836,336.29,86.62,-1.836,VISION,0.0,450.0,0,140.0,336.29,113.71,53.38,86.62,30.0,0.0
1779183944.217171,336.29,86.62,-1.836,336.29,86.62,-1.836,VISION,0.0,450.0,0,140.0,336.29,113.71,53.38,86.62,30.0,0.0
1779183944.3176334,336.29,86.62,-1.836,336.29,86.62,-1.836,VISION,0.0,450.0,0,140.0,336.29,113.71,53.38,86.62,30.0,0.0
1779183944.4180925,336.29,86.62,-1.836,336.29,86.62,-1.836,VISION,0.0,450.0,0,140.0,336.29,113.71,53.38,86.62,30.0,0.0
1779183944.5185683,336.29,86.62,-1.836,336.29,86.62,-1.836,ESTIMA,0.0,450.0,0,140.0,336.29,113.71,53.38,86.62,30.0,0.0
1779183944.6189418,336.29,86.6,-1.836,336.29,86.6,-1.836,VISION,0.0,450.0,0,140.0,336.29,113.71,53.4,86.6,30.0,0.0
1779183944.7193797,336.29,86.6,-1.836,336.29,86.6,-1.836,VISION,0.0,450.0,0,140.0,336.29,113.71,53.4,86.6,30.0,0.0
1779183944.8199341,336.29,86.6,-1.836,336.29,86.6,-1.836,VISION,0.0,450.0,0,140.0,336.29,113.71,53.4,86.6,30.0,0.0
1779183944.9204037,336.29,86.6,-1.836,336.29,86.6,-1.836,VISION,0.0,450.0,0,140.0,336.29,113.71,53.4,86.6,30.0,0.0
1779183945.020872,336.29,86.6,-1.836,336.29,86.6,-1.836,VISION,0.0,450.0,0,140.0,336.29,113.71,53.4,86.6,30.0,0.0
1779183945.1212974,336.29,86.61,-1.836,336.29,86.61,-1.836,VISION,0.0,450.0,0,140.0,336.29,113.71,53.39,86.61,30.0,0.0
1779183945.2217782,336.29,86.61,-1.836,336.29,86.61,-1.836,VISION,0.0,450.0,0,140.0,336.29,113.71,53.39,86.61,30.0,0.0
1779183945.3222322,336.29,86.61,-1.836,336.29,86.61,-1.836,VISION,0.0,450.0,0,140.0,336.29,113.71,53.39,86.61,30.0,0.0
1779183945.4227083,336.29,86.61,-1.836,336.29,86.61,-1.836,VISION,0.0,450.0,0,140.0,336.29,113.71,53.39,86.61,30.0,0.0
1779183945.5231335,336.29,86.61,-1.836,336.29,86.61,-1.836,VISION,0.0,450.0,0,140.0,336.29,113.71,53.39,86.61,30.0,0.0
1779183945.6235645,336.29,86.61,-1.836,336.29,86.61,-1.836,VISION,0.0,450.0,0,140.0,336.29,113.71,53.39,86.61,30.0,0.0
1779183945.7239444,336.29,86.62,-1.836,336.29,86.62,-1.836,VISION,0.0,450.0,0,140.0,336.29,113.71,53.38,86.62,30.0,0.0
1779183945.8244243,336.29,86.62,-1.836,336.29,86.62,-1.836,VISION,0.0,450.0,0,140.0,336.29,113.71,53.38,86.62,30.0,0.0
1779183945.9249063,336.29,86.62,-1.836,336.29,86.62,-1.836,VISION,0.0,450.0,0,140.0,336.29,113.71,53.38,86.62,30.0,0.0
1779183946.025404,336.29,86.62,-1.836,336.29,86.62,-1.836,VISION,0.0,450.0,0,140.0,336.29,113.71,53.38,86.62,30.0,0.0
1779183946.1258628,336.29,86.62,-1.836,336.29,86.62,-1.836,VISION,0.0,450.0,0,140.0,336.29,113.71,53.38,86.62,30.0,0.0
1779183946.226351,336.29,86.62,-1.836,336.29,86.62,-1.836,ESTIMA,0.0,450.0,0,140.0,336.29,113.71,53.38,86.62,30.0,0.0
1779183946.326839,336.29,86.61,-1.836,336.29,86.61,-1.836,VISION,0.0,450.0,0,140.0,336.29,113.71,53.39,86.61,30.0,0.0
1779183946.4272811,336.29,86.61,-1.836,336.29,86.61,-1.836,VISION,0.0,450.0,0,140.0,336.29,113.71,53.39,86.61,30.0,0.0
1779183946.5277653,336.29,86.61,-1.836,336.29,86.61,-1.836,VISION,0.0,450.0,0,140.0,336.29,113.71,53.39,86.61,30.0,0.0
1779183946.6282704,336.29,86.61,-1.836,336.29,86.61,-1.836,VISION,0.0,450.0,0,140.0,336.29,113.71,53.39,86.61,30.0,0.0
1779183946.7287512,336.29,86.61,-1.836,336.29,86.61,-1.836,VISION,0.0,450.0,0,140.0,336.29,113.71,53.39,86.61,30.0,0.0
1779183946.8291771,336.29,86.61,-1.836,336.29,86.61,-1.836,ESTIMA,0.0,450.0,0,140.0,336.29,113.71,53.39,86.61,30.0,0.0
1779183946.9296527,336.28,86.62,-1.835,336.28,86.62,-1.835,VISION,0.0,450.0,0,140.0,336.28,113.72,53.38,86.62,30.0,0.0
1779183947.0300868,336.28,86.62,-1.835,336.28,86.62,-1.835,VISION,0.0,450.0,0,140.0,336.28,113.72,53.38,86.62,30.0,0.0
1779183947.130562,336.28,86.62,-1.835,336.28,86.62,-1.835,VISION,0.0,450.0,0,140.0,336.28,113.72,53.38,86.62,30.0,0.0
1779183947.2310698,336.28,86.62,-1.835,336.28,86.62,-1.835,VISION,0.0,450.0,0,140.0,336.28,113.72,53.38,86.62,30.0,0.0
1779183947.3315573,336.28,86.62,-1.835,336.28,86.62,-1.835,VISION,0.0,450.0,0,140.0,336.28,113.72,53.38,86.62,30.0,0.0
1779183947.4320338,336.28,86.62,-1.835,336.28,86.62,-1.835,ESTIMA,0.0,450.0,0,140.0,336.28,113.72,53.38,86.62,30.0,0.0
1779183947.5324917,336.29,86.61,-1.836,336.29,86.61,-1.836,VISION,0.0,450.0,0,140.0,336.29,113.71,53.39,86.61,30.0,0.0
1779183947.6330447,336.29,86.61,-1.836,336.29,86.61,-1.836,VISION,0.0,450.0,0,140.0,336.29,113.71,53.39,86.61,30.0,0.0
1779183947.7334898,336.29,86.61,-1.836,336.29,86.61,-1.836,VISION,0.0,450.0,0,140.0,336.29,113.71,53.39,86.61,30.0,0.0
1779183947.8339407,336.29,86.61,-1.836,336.29,86.61,-1.836,VISION,0.0,450.0,0,140.0,336.29,113.71,53.39,86.61,30.0,0.0
1779183947.93437,336.29,86.61,-1.836,336.29,86.61,-1.836,VISION,0.0,450.0,0,140.0,336.29,113.71,53.39,86.61,30.0,0.0
1779183948.034792,336.29,86.61,-1.836,336.29,86.61,-1.836,ESTIMA,0.0,450.0,0,140.0,336.29,113.71,53.39,86.61,30.0,0.0
1779183948.1352293,336.28,86.62,-1.837,336.28,86.62,-1.837,VISION,0.0,450.0,0,140.0,336.28,113.72,53.38,86.62,30.0,0.0
1779183948.235674,336.28,86.62,-1.837,336.28,86.62,-1.837,VISION,0.0,450.0,0,140.0,336.28,113.72,53.38,86.62,30.0,0.0
1779183948.336134,336.28,86.62,-1.837,336.28,86.62,-1.837,VISION,0.0,450.0,0,140.0,336.28,113.72,53.38,86.62,30.0,0.0
1779183948.4365823,336.28,86.62,-1.837,336.28,86.62,-1.837,VISION,0.0,450.0,0,140.0,336.28,113.72,53.38,86.62,30.0,0.0
1779183948.5370557,336.28,86.62,-1.837,336.28,86.62,-1.837,VISION,0.0,450.0,0,140.0,336.28,113.72,53.38,86.62,30.0,0.0
1779183948.637597,336.29,86.61,-1.836,336.29,86.61,-1.836,VISION,0.0,450.0,0,140.0,336.29,113.71,53.39,86.61,30.0,0.0
1779183948.738052,336.29,86.61,-1.836,336.29,86.61,-1.836,VISION,0.0,450.0,0,140.0,336.29,113.71,53.39,86.61,30.0,0.0
1779183948.838507,336.29,86.61,-1.836,336.29,86.61,-1.836,VISION,0.0,450.0,0,140.0,336.29,113.71,53.39,86.61,30.0,0.0
1779183948.9389458,336.29,86.61,-1.836,336.29,86.61,-1.836,VISION,0.0,450.0,0,140.0,336.29,113.71,53.39,86.61,30.0,0.0
1779183949.0393817,336.29,86.61,-1.836,336.29,86.61,-1.836,VISION,0.0,450.0,0,140.0,336.29,113.71,53.39,86.61,30.0,0.0
1779183949.139871,336.29,86.61,-1.836,336.29,86.61,-1.836,VISION,0.0,450.0,0,140.0,336.29,113.71,53.39,86.61,30.0,0.0
1779183949.2402806,336.29,86.61,-1.836,336.29,86.61,-1.836,VISION,0.0,450.0,0,140.0,336.29,113.71,53.39,86.61,30.0,0.0
1779183949.3408275,336.29,86.61,-1.836,336.29,86.61,-1.836,VISION,0.0,450.0,0,140.0,336.29,113.71,53.39,86.61,30.0,0.0
1779183949.4411812,336.29,86.61,-1.836,336.29,86.61,-1.836,VISION,0.0,450.0,0,140.0,336.29,113.71,53.39,86.61,30.0,0.0
1779183949.54151,336.29,86.61,-1.836,336.29,86.61,-1.836,VISION,0.0,450.0,0,140.0,336.29,113.71,53.39,86.61,30.0,0.0
1779183949.641873,336.29,86.61,-1.836,336.29,86.61,-1.836,VISION,0.0,450.0,0,140.0,336.29,113.71,53.39,86.61,30.0,0.0
1779183949.7422109,336.29,86.61,-1.836,336.29,86.61,-1.836,ESTIMA,0.0,450.0,0,140.0,336.29,113.71,53.39,86.61,30.0,0.0
1779183949.8425696,336.29,86.62,-1.836,336.29,86.62,-1.836,VISION,0.0,450.0,0,140.0,336.29,113.71,53.38,86.62,30.0,0.0
1779183949.9429243,336.29,86.62,-1.836,336.29,86.62,-1.836,VISION,0.0,450.0,0,140.0,336.29,113.71,53.38,86.62,30.0,0.0
1779183950.0433614,336.29,86.62,-1.836,336.29,86.62,-1.836,VISION,0.0,450.0,0,140.0,336.29,113.71,53.38,86.62,30.0,0.0
1779183950.1437652,336.29,86.62,-1.836,336.29,86.62,-1.836,VISION,0.0,450.0,0,140.0,336.29,113.71,53.38,86.62,30.0,0.0
1779183950.2441447,336.29,86.62,-1.836,336.29,86.62,-1.836,VISION,0.0,450.0,0,140.0,336.29,113.71,53.38,86.62,30.0,0.0
1779183950.3445058,336.29,86.62,-1.836,336.29,86.62,-1.836,ESTIMA,0.0,450.0,0,140.0,336.29,113.71,53.38,86.62,30.0,0.0
1779183950.4448695,336.29,86.62,-1.836,336.29,86.62,-1.836,VISION,0.0,450.0,0,140.0,336.29,113.71,53.38,86.62,30.0,0.0
1779183950.5452046,336.29,86.62,-1.836,336.29,86.62,-1.836,VISION,0.0,450.0,0,140.0,336.29,113.71,53.38,86.62,30.0,0.0
1779183950.6455324,336.29,86.62,-1.836,336.29,86.62,-1.836,VISION,0.0,450.0,0,140.0,336.29,113.71,53.38,86.62,30.0,0.0
1779183950.7458797,336.29,86.62,-1.836,336.29,86.62,-1.836,VISION,0.0,450.0,0,140.0,336.29,113.71,53.38,86.62,30.0,0.0
1779183950.8462183,336.29,86.62,-1.836,336.29,86.62,-1.836,VISION,0.0,450.0,0,140.0,336.29,113.71,53.38,86.62,30.0,0.0
1779183950.946581,336.29,86.62,-1.836,336.29,86.62,-1.836,ESTIMA,0.0,450.0,0,140.0,336.29,113.71,53.38,86.62,30.0,0.0
1779183951.0469801,336.29,86.61,-1.836,336.29,86.61,-1.836,VISION,0.0,450.0,0,140.0,336.29,113.71,53.39,86.61,30.0,0.0
1779183951.1473465,336.29,86.61,-1.836,336.29,86.61,-1.836,VISION,0.0,450.0,0,140.0,336.29,113.71,53.39,86.61,30.0,0.0
1779183951.2476728,336.29,86.61,-1.836,336.29,86.61,-1.836,VISION,0.0,450.0,0,140.0,336.29,113.71,53.39,86.61,30.0,0.0
1779183951.348011,336.29,86.61,-1.836,336.29,86.61,-1.836,VISION,0.0,450.0,0,140.0,336.29,113.71,53.39,86.61,30.0,0.0
1779183951.4483662,336.29,86.61,-1.836,336.29,86.61,-1.836,VISION,0.0,450.0,0,140.0,336.29,113.71,53.39,86.61,30.0,0.0
1779183951.5487537,336.29,86.61,-1.836,336.29,86.61,-1.836,ESTIMA,0.0,450.0,0,140.0,336.29,113.71,53.39,86.61,30.0,0.0
1779183951.6491146,336.29,86.61,-1.835,336.29,86.61,-1.835,VISION,0.0,450.0,0,140.0,336.29,113.71,53.39,86.61,30.0,0.0
1779183951.7494617,336.29,86.61,-1.835,336.29,86.61,-1.835,VISION,0.0,450.0,0,140.0,336.29,113.71,53.39,86.61,30.0,0.0
1779183951.849812,336.29,86.61,-1.835,336.29,86.61,-1.835,VISION,0.0,450.0,0,140.0,336.29,113.71,53.39,86.61,30.0,0.0
1779183951.9502797,336.29,86.61,-1.835,336.29,86.61,-1.835,VISION,0.0,450.0,0,140.0,336.29,113.71,53.39,86.61,30.0,0.0
1779183952.050641,336.29,86.61,-1.835,336.29,86.61,-1.835,VISION,0.0,450.0,0,140.0,336.29,113.71,53.39,86.61,30.0,0.0
1779183952.1509945,336.29,86.63,-1.837,336.29,86.63,-1.837,VISION,0.0,450.0,0,140.0,336.29,113.71,53.37,86.63,30.0,0.0
1779183952.251366,336.29,86.63,-1.837,336.29,86.63,-1.837,VISION,0.0,450.0,0,140.0,336.29,113.71,53.37,86.63,30.0,0.0
1779183952.3517683,336.29,86.63,-1.837,336.29,86.63,-1.837,VISION,0.0,450.0,0,140.0,336.29,113.71,53.37,86.63,30.0,0.0
1779183952.4521258,336.29,86.63,-1.837,336.29,86.63,-1.837,VISION,0.0,450.0,0,140.0,336.29,113.71,53.37,86.63,30.0,0.0
1779183952.5524669,336.29,86.63,-1.837,336.29,86.63,-1.837,VISION,0.0,450.0,0,140.0,336.29,113.71,53.37,86.63,30.0,0.0
1779183952.652861,336.29,86.63,-1.837,336.29,86.63,-1.837,ESTIMA,0.0,450.0,0,140.0,336.29,113.71,53.37,86.63,30.0,0.0
1779183952.7531595,336.28,86.62,-1.837,336.28,86.62,-1.837,VISION,0.0,450.0,0,140.0,336.28,113.72,53.38,86.62,30.0,0.0
1779183952.8534973,336.28,86.62,-1.837,336.28,86.62,-1.837,VISION,0.0,450.0,0,140.0,336.28,113.72,53.38,86.62,30.0,0.0
1779183952.9538703,336.28,86.62,-1.837,336.28,86.62,-1.837,VISION,0.0,450.0,0,140.0,336.28,113.72,53.38,86.62,30.0,0.0
1779183953.0542016,336.28,86.62,-1.837,336.28,86.62,-1.837,VISION,0.0,450.0,0,140.0,336.28,113.72,53.38,86.62,30.0,0.0
1779183953.1545668,336.28,86.62,-1.837,336.28,86.62,-1.837,VISION,0.0,450.0,0,140.0,336.28,113.72,53.38,86.62,30.0,0.0
1779183953.2549202,336.28,86.62,-1.837,336.28,86.62,-1.837,ESTIMA,0.0,450.0,0,140.0,336.28,113.72,53.38,86.62,30.0,0.0
1779183953.3553,336.29,86.63,-1.835,336.29,86.63,-1.835,VISION,0.0,450.0,0,140.0,336.29,113.71,53.37,86.63,30.0,0.0
1779183953.4557586,336.29,86.63,-1.835,336.29,86.63,-1.835,VISION,0.0,450.0,0,140.0,336.29,113.71,53.37,86.63,30.0,0.0
1779183953.556091,336.29,86.63,-1.835,336.29,86.63,-1.835,VISION,0.0,450.0,0,140.0,336.29,113.71,53.37,86.63,30.0,0.0
1779183953.6564233,336.29,86.63,-1.835,336.29,86.63,-1.835,VISION,0.0,450.0,0,140.0,336.29,113.71,53.37,86.63,30.0,0.0
1779183953.7567902,336.29,86.63,-1.835,336.29,86.63,-1.835,VISION,0.0,450.0,0,140.0,336.29,113.71,53.37,86.63,30.0,0.0
1779183953.857143,336.29,86.63,-1.835,336.29,86.63,-1.835,ESTIMA,0.0,450.0,0,140.0,336.29,113.71,53.37,86.63,30.0,0.0
1779183953.9575803,336.29,86.62,-1.836,336.29,86.62,-1.836,VISION,0.0,450.0,0,140.0,336.29,113.71,53.38,86.62,30.0,0.0
1779183954.0580418,336.29,86.62,-1.836,336.29,86.62,-1.836,VISION,0.0,450.0,0,140.0,336.29,113.71,53.38,86.62,30.0,0.0
1779183954.158495,336.29,86.62,-1.836,336.29,86.62,-1.836,VISION,0.0,450.0,0,140.0,336.29,113.71,53.38,86.62,30.0,0.0
1779183954.2591221,336.29,86.62,-1.836,336.29,86.62,-1.836,VISION,0.0,450.0,0,140.0,336.29,113.71,53.38,86.62,30.0,0.0
1779183954.3595927,336.29,86.62,-1.836,336.29,86.62,-1.836,VISION,0.0,450.0,0,140.0,336.29,113.71,53.38,86.62,30.0,0.0
1779183954.460094,336.29,86.62,-1.836,336.29,86.62,-1.836,ESTIMA,0.0,450.0,0,140.0,336.29,113.71,53.38,86.62,30.0,0.0
1779183954.5605414,336.28,86.62,-1.837,336.28,86.62,-1.837,VISION,0.0,450.0,0,140.0,336.28,113.72,53.38,86.62,30.0,0.0
1779183954.6610146,336.28,86.62,-1.837,336.28,86.62,-1.837,VISION,0.0,450.0,0,140.0,336.28,113.72,53.38,86.62,30.0,0.0
1779183954.7614446,336.28,86.62,-1.837,336.28,86.62,-1.837,VISION,0.0,450.0,0,140.0,336.28,113.72,53.38,86.62,30.0,0.0
1779183954.8619852,336.28,86.62,-1.837,336.28,86.62,-1.837,VISION,0.0,450.0,0,140.0,336.28,113.72,53.38,86.62,30.0,0.0
1779183954.962545,336.28,86.62,-1.837,336.28,86.62,-1.837,VISION,0.0,450.0,0,140.0,336.28,113.72,53.38,86.62,30.0,0.0
1779183955.0629663,336.28,86.62,-1.837,336.28,86.62,-1.837,ESTIMA,0.0,450.0,0,140.0,336.28,113.72,53.38,86.62,30.0,0.0
1779183955.1634011,336.29,86.61,-1.836,336.29,86.61,-1.836,VISION,0.0,450.0,0,140.0,336.29,113.71,53.39,86.61,30.0,0.0
1779183955.2638364,336.29,86.61,-1.836,336.29,86.61,-1.836,VISION,0.0,450.0,0,140.0,336.29,113.71,53.39,86.61,30.0,0.0
1779183955.3642907,336.29,86.61,-1.836,336.29,86.61,-1.836,VISION,0.0,450.0,0,140.0,336.29,113.71,53.39,86.61,30.0,0.0
1779183955.464697,336.29,86.61,-1.836,336.29,86.61,-1.836,VISION,0.0,450.0,0,140.0,336.29,113.71,53.39,86.61,30.0,0.0
1779183955.5650785,336.29,86.61,-1.836,336.29,86.61,-1.836,VISION,0.0,450.0,0,140.0,336.29,113.71,53.39,86.61,30.0,0.0
1779183955.6655107,336.28,86.62,-1.835,336.28,86.62,-1.835,VISION,0.0,450.0,0,140.0,336.28,113.72,53.38,86.62,30.0,0.0
1779183955.7658455,336.28,86.62,-1.835,336.28,86.62,-1.835,VISION,0.0,450.0,0,140.0,336.28,113.72,53.38,86.62,30.0,0.0
1779183955.8662267,336.28,86.62,-1.835,336.28,86.62,-1.835,VISION,0.0,450.0,0,140.0,336.28,113.72,53.38,86.62,30.0,0.0
1779183955.9666119,336.28,86.62,-1.835,336.28,86.62,-1.835,VISION,0.0,450.0,0,140.0,336.28,113.72,53.38,86.62,30.0,0.0
1779183956.066949,336.28,86.62,-1.835,336.28,86.62,-1.835,VISION,0.0,450.0,0,140.0,336.28,113.72,53.38,86.62,30.0,0.0
1779183956.16731,336.28,86.62,-1.835,336.28,86.62,-1.835,VISION,0.0,450.0,0,140.0,336.28,113.72,53.38,86.62,30.0,0.0
1779183956.2677212,336.29,86.61,-1.836,336.29,86.61,-1.836,VISION,0.0,450.0,0,140.0,336.29,113.71,53.39,86.61,30.0,0.0
1779183956.3680615,336.29,86.61,-1.836,336.29,86.61,-1.836,VISION,0.0,450.0,0,140.0,336.29,113.71,53.39,86.61,30.0,0.0
1779183956.4684153,336.29,86.61,-1.836,336.29,86.61,-1.836,VISION,0.0,450.0,0,140.0,336.29,113.71,53.39,86.61,30.0,0.0
1779183956.568814,336.29,86.61,-1.836,336.29,86.61,-1.836,VISION,0.0,450.0,0,140.0,336.29,113.71,53.39,86.61,30.0,0.0
1779183956.6691494,336.29,86.61,-1.836,336.29,86.61,-1.836,VISION,0.0,450.0,0,140.0,336.29,113.71,53.39,86.61,30.0,0.0
1779183956.7695146,336.29,86.61,-1.836,336.29,86.61,-1.836,ESTIMA,0.0,450.0,0,140.0,336.29,113.71,53.39,86.61,30.0,0.0
1779183956.8699458,336.28,86.62,-1.835,336.28,86.62,-1.835,VISION,0.0,450.0,0,140.0,336.28,113.72,53.38,86.62,30.0,0.0
1779183956.97031,336.28,86.62,-1.835,336.28,86.62,-1.835,VISION,0.0,450.0,0,140.0,336.28,113.72,53.38,86.62,30.0,0.0
1779183957.0706499,336.28,86.62,-1.835,336.28,86.62,-1.835,VISION,0.0,450.0,0,140.0,336.28,113.72,53.38,86.62,30.0,0.0
1779183957.1709735,336.28,86.62,-1.835,336.28,86.62,-1.835,VISION,0.0,450.0,0,140.0,336.28,113.72,53.38,86.62,30.0,0.0
1779183957.2713141,336.28,86.62,-1.835,336.28,86.62,-1.835,VISION,0.0,450.0,0,140.0,336.28,113.72,53.38,86.62,30.0,0.0
1779183957.3716733,336.28,86.62,-1.835,336.28,86.62,-1.835,ESTIMA,0.0,450.0,0,140.0,336.28,113.72,53.38,86.62,30.0,0.0
1779183957.4720395,336.28,86.62,-1.837,336.28,86.62,-1.837,VISION,0.0,450.0,0,140.0,336.28,113.72,53.38,86.62,30.0,0.0
1779183957.5723777,336.28,86.62,-1.837,336.28,86.62,-1.837,VISION,0.0,450.0,0,140.0,336.28,113.72,53.38,86.62,30.0,0.0
1779183957.6727529,336.28,86.62,-1.837,336.28,86.62,-1.837,VISION,0.0,450.0,0,140.0,336.28,113.72,53.38,86.62,30.0,0.0
1779183957.773096,336.28,86.62,-1.837,336.28,86.62,-1.837,VISION,0.0,450.0,0,140.0,336.28,113.72,53.38,86.62,30.0,0.0
1779183957.8734682,336.28,86.62,-1.837,336.28,86.62,-1.837,VISION,0.0,450.0,0,140.0,336.28,113.72,53.38,86.62,30.0,0.0
1779183957.9738991,336.28,86.62,-1.837,336.28,86.62,-1.837,ESTIMA,0.0,450.0,0,140.0,336.28,113.72,53.38,86.62,30.0,0.0
1779183958.0743432,336.29,86.61,-1.836,336.29,86.61,-1.836,VISION,0.0,450.0,0,140.0,336.29,113.71,53.39,86.61,30.0,0.0
1779183958.1747668,336.29,86.61,-1.836,336.29,86.61,-1.836,VISION,0.0,450.0,0,140.0,336.29,113.71,53.39,86.61,30.0,0.0
1779183958.2751005,336.29,86.61,-1.836,336.29,86.61,-1.836,VISION,0.0,450.0,0,140.0,336.29,113.71,53.39,86.61,30.0,0.0
1779183958.3754408,336.29,86.61,-1.836,336.29,86.61,-1.836,VISION,0.0,450.0,0,140.0,336.29,113.71,53.39,86.61,30.0,0.0
1779183958.4758012,336.29,86.61,-1.836,336.29,86.61,-1.836,VISION,0.0,450.0,0,140.0,336.29,113.71,53.39,86.61,30.0,0.0
1779183958.5761995,336.29,86.61,-1.836,336.29,86.61,-1.836,ESTIMA,0.0,450.0,0,140.0,336.29,113.71,53.39,86.61,30.0,0.0
1779183958.6765654,336.29,86.61,-1.836,336.29,86.61,-1.836,VISION,0.0,450.0,0,140.0,336.29,113.71,53.39,86.61,30.0,0.0
1779183958.777024,336.29,86.61,-1.836,336.29,86.61,-1.836,VISION,0.0,450.0,0,140.0,336.29,113.71,53.39,86.61,30.0,0.0
1779183958.877483,336.29,86.61,-1.836,336.29,86.61,-1.836,VISION,0.0,450.0,0,140.0,336.29,113.71,53.39,86.61,30.0,0.0
1779183958.9780407,336.29,86.61,-1.836,336.29,86.61,-1.836,VISION,0.0,450.0,0,140.0,336.29,113.71,53.39,86.61,30.0,0.0
1779183959.078471,336.29,86.61,-1.836,336.29,86.61,-1.836,VISION,0.0,450.0,0,140.0,336.29,113.71,53.39,86.61,30.0,0.0
1779183959.1784596,336.29,86.62,-1.836,336.29,86.62,-1.836,VISION,0.0,450.0,0,140.0,336.29,113.71,53.38,86.62,30.0,0.0
1779183959.2789605,336.29,86.62,-1.836,336.29,86.62,-1.836,VISION,0.0,450.0,0,140.0,336.29,113.71,53.38,86.62,30.0,0.0
1779183959.3793235,336.29,86.62,-1.836,336.29,86.62,-1.836,VISION,0.0,450.0,0,140.0,336.29,113.71,53.38,86.62,30.0,0.0
1779183959.4797077,336.29,86.62,-1.836,336.29,86.62,-1.836,VISION,0.0,450.0,0,140.0,336.29,113.71,53.38,86.62,30.0,0.0
1779183959.5800567,336.29,86.62,-1.836,336.29,86.62,-1.836,VISION,0.0,450.0,0,140.0,336.29,113.71,53.38,86.62,30.0,0.0
1779183959.6804082,336.29,86.62,-1.836,336.29,86.62,-1.836,ESTIMA,0.0,450.0,0,140.0,336.29,113.71,53.38,86.62,30.0,0.0
1779183959.7807531,336.29,86.61,-1.836,336.29,86.61,-1.836,VISION,0.0,450.0,0,140.0,336.29,113.71,53.39,86.61,30.0,0.0
1779183959.881092,336.29,86.61,-1.836,336.29,86.61,-1.836,VISION,0.0,450.0,0,140.0,336.29,113.71,53.39,86.61,30.0,0.0
1779183959.9814396,336.29,86.61,-1.836,336.29,86.61,-1.836,VISION,0.0,450.0,0,140.0,336.29,113.71,53.39,86.61,30.0,0.0
1779183960.081804,336.29,86.61,-1.836,336.29,86.61,-1.836,VISION,0.0,450.0,0,140.0,336.29,113.71,53.39,86.61,30.0,0.0
1779183960.182167,336.29,86.61,-1.836,336.29,86.61,-1.836,VISION,0.0,450.0,0,140.0,336.29,113.71,53.39,86.61,30.0,0.0
1779183960.2824864,336.29,86.61,-1.836,336.29,86.61,-1.836,ESTIMA,0.0,450.0,0,140.0,336.29,113.71,53.39,86.61,30.0,0.0
1779183960.382829,336.29,86.61,-1.836,336.29,86.61,-1.836,VISION,0.0,450.0,0,140.0,336.29,113.71,53.39,86.61,30.0,0.0
1779183960.4831986,336.29,86.61,-1.836,336.29,86.61,-1.836,VISION,0.0,450.0,0,140.0,336.29,113.71,53.39,86.61,30.0,0.0
1779183960.5835385,336.29,86.61,-1.836,336.29,86.61,-1.836,VISION,0.0,450.0,0,140.0,336.29,113.71,53.39,86.61,30.0,0.0
1779183960.683833,336.29,86.61,-1.836,336.29,86.61,-1.836,VISION,0.0,450.0,0,140.0,336.29,113.71,53.39,86.61,30.0,0.0
1779183960.784148,336.29,86.61,-1.836,336.29,86.61,-1.836,VISION,0.0,450.0,0,140.0,336.29,113.71,53.39,86.61,30.0,0.0
1779183960.8844779,336.29,86.61,-1.836,336.29,86.61,-1.836,ESTIMA,0.0,450.0,0,140.0,336.29,113.71,53.39,86.61,30.0,0.0
1779183960.984826,336.29,86.62,-1.836,336.29,86.62,-1.836,VISION,0.0,450.0,0,140.0,336.29,113.71,53.38,86.62,30.0,0.0
1779183961.085155,336.29,86.62,-1.836,336.29,86.62,-1.836,VISION,0.0,450.0,0,140.0,336.29,113.71,53.38,86.62,30.0,0.0
1779183961.1854858,336.29,86.62,-1.836,336.29,86.62,-1.836,VISION,0.0,450.0,0,140.0,336.29,113.71,53.38,86.62,30.0,0.0
1779183961.2858427,336.29,86.62,-1.836,336.29,86.62,-1.836,VISION,0.0,450.0,0,140.0,336.29,113.71,53.38,86.62,30.0,0.0
1779183961.386165,336.29,86.62,-1.836,336.29,86.62,-1.836,VISION,0.0,450.0,0,140.0,336.29,113.71,53.38,86.62,30.0,0.0
1779183961.48652,336.29,86.62,-1.836,336.29,86.62,-1.836,ESTIMA,0.0,450.0,0,140.0,336.29,113.71,53.38,86.62,30.0,0.0
1779183961.5868444,336.28,86.62,-1.836,336.28,86.62,-1.836,VISION,0.0,450.0,0,140.0,336.28,113.72,53.38,86.62,30.0,0.0
1779183961.6871808,336.28,86.62,-1.836,336.28,86.62,-1.836,VISION,0.0,450.0,0,140.0,336.28,113.72,53.38,86.62,30.0,0.0
1779183961.787525,336.28,86.62,-1.836,336.28,86.62,-1.836,VISION,0.0,450.0,0,140.0,336.28,113.72,53.38,86.62,30.0,0.0
1779183961.8878493,336.28,86.62,-1.836,336.28,86.62,-1.836,VISION,0.0,450.0,0,140.0,336.28,113.72,53.38,86.62,30.0,0.0
1779183961.9882033,336.28,86.62,-1.836,336.28,86.62,-1.836,VISION,0.0,450.0,0,140.0,336.28,113.72,53.38,86.62,30.0,0.0
1779183962.088545,336.28,86.62,-1.836,336.28,86.62,-1.836,ESTIMA,0.0,450.0,0,140.0,336.28,113.72,53.38,86.62,30.0,0.0
1779183962.188913,336.28,86.61,-1.836,336.28,86.61,-1.836,VISION,0.0,450.0,0,140.0,336.28,113.72,53.39,86.61,30.0,0.0
1779183962.2892425,336.28,86.61,-1.836,336.28,86.61,-1.836,VISION,0.0,450.0,0,140.0,336.28,113.72,53.39,86.61,30.0,0.0
1779183962.3896031,336.28,86.61,-1.836,336.28,86.61,-1.836,VISION,0.0,450.0,0,140.0,336.28,113.72,53.39,86.61,30.0,0.0
1779183962.4899178,336.28,86.61,-1.836,336.28,86.61,-1.836,VISION,0.0,450.0,0,140.0,336.28,113.72,53.39,86.61,30.0,0.0
1779183962.590257,336.28,86.61,-1.836,336.28,86.61,-1.836,VISION,0.0,450.0,0,140.0,336.28,113.72,53.39,86.61,30.0,0.0
1779183962.690544,336.29,86.61,-1.836,336.29,86.61,-1.836,VISION,0.0,450.0,0,140.0,336.29,113.71,53.39,86.61,30.0,0.0
1779183962.790827,336.29,86.61,-1.836,336.29,86.61,-1.836,VISION,0.0,450.0,0,140.0,336.29,113.71,53.39,86.61,30.0,0.0
1779183962.891157,336.29,86.61,-1.836,336.29,86.61,-1.836,VISION,0.0,450.0,0,140.0,336.29,113.71,53.39,86.61,30.0,0.0
1779183962.9914858,336.29,86.61,-1.836,336.29,86.61,-1.836,VISION,0.0,450.0,0,140.0,336.29,113.71,53.39,86.61,30.0,0.0
1779183963.0918224,336.29,86.61,-1.836,336.29,86.61,-1.836,VISION,0.0,450.0,0,140.0,336.29,113.71,53.39,86.61,30.0,0.0
1779183963.1921542,336.29,86.61,-1.836,336.29,86.61,-1.836,ESTIMA,0.0,450.0,0,140.0,336.29,113.71,53.39,86.61,30.0,0.0
1779183963.292476,336.28,86.62,-1.837,336.28,86.62,-1.837,VISION,0.0,450.0,0,140.0,336.28,113.72,53.38,86.62,30.0,0.0
1779183963.3928409,336.28,86.62,-1.837,336.28,86.62,-1.837,VISION,0.0,450.0,0,140.0,336.28,113.72,53.38,86.62,30.0,0.0
1779183963.4932115,336.28,86.62,-1.837,336.28,86.62,-1.837,VISION,0.0,450.0,0,140.0,336.28,113.72,53.38,86.62,30.0,0.0
1779183963.5935464,336.28,86.62,-1.837,336.28,86.62,-1.837,VISION,0.0,450.0,0,140.0,336.28,113.72,53.38,86.62,30.0,0.0
1779183963.6938348,336.28,86.62,-1.837,336.28,86.62,-1.837,VISION,0.0,450.0,0,140.0,336.28,113.72,53.38,86.62,30.0,0.0
1779183963.7941666,336.28,86.62,-1.837,336.28,86.62,-1.837,ESTIMA,0.0,450.0,0,140.0,336.28,113.72,53.38,86.62,30.0,0.0
1779183963.8945267,336.29,86.61,-1.836,336.29,86.61,-1.836,VISION,0.0,450.0,0,140.0,336.29,113.71,53.39,86.61,30.0,0.0
1779183963.994877,336.29,86.61,-1.836,336.29,86.61,-1.836,VISION,0.0,450.0,0,140.0,336.29,113.71,53.39,86.61,30.0,0.0
1779183964.0951948,336.29,86.61,-1.836,336.29,86.61,-1.836,VISION,0.0,450.0,0,140.0,336.29,113.71,53.39,86.61,30.0,0.0
1779183964.1955662,336.29,86.61,-1.836,336.29,86.61,-1.836,VISION,0.0,450.0,0,140.0,336.29,113.71,53.39,86.61,30.0,0.0
1779183964.2959595,336.29,86.61,-1.836,336.29,86.61,-1.836,VISION,0.0,450.0,0,140.0,336.29,113.71,53.39,86.61,30.0,0.0
1779183964.3963034,336.29,86.61,-1.836,336.29,86.61,-1.836,ESTIMA,0.0,450.0,0,140.0,336.29,113.71,53.39,86.61,30.0,0.0
1779183964.4966598,336.28,86.62,-1.835,336.28,86.62,-1.835,VISION,0.0,450.0,0,140.0,336.28,113.72,53.38,86.62,30.0,0.0
1779183964.5971375,336.28,86.62,-1.835,336.28,86.62,-1.835,VISION,0.0,450.0,0,140.0,336.28,113.72,53.38,86.62,30.0,0.0
1779183964.6975756,336.28,86.62,-1.835,336.28,86.62,-1.835,VISION,0.0,450.0,0,140.0,336.28,113.72,53.38,86.62,30.0,0.0
1779183964.7980247,336.28,86.62,-1.835,336.28,86.62,-1.835,VISION,0.0,450.0,0,140.0,336.28,113.72,53.38,86.62,30.0,0.0
1779183964.8984952,336.28,86.62,-1.835,336.28,86.62,-1.835,VISION,0.0,450.0,0,140.0,336.28,113.72,53.38,86.62,30.0,0.0
1779183964.9989972,336.28,86.62,-1.835,336.28,86.62,-1.835,ESTIMA,0.0,450.0,0,140.0,336.28,113.72,53.38,86.62,30.0,0.0
1779183965.0993483,336.28,86.62,-1.837,336.28,86.62,-1.837,VISION,0.0,450.0,0,140.0,336.28,113.72,53.38,86.62,30.0,0.0
1779183965.199714,336.28,86.62,-1.837,336.28,86.62,-1.837,VISION,0.0,450.0,0,140.0,336.28,113.72,53.38,86.62,30.0,0.0
1779183965.3000438,336.28,86.62,-1.837,336.28,86.62,-1.837,VISION,0.0,450.0,0,140.0,336.28,113.72,53.38,86.62,30.0,0.0
1779183965.4004178,336.28,86.62,-1.837,336.28,86.62,-1.837,VISION,0.0,450.0,0,140.0,336.28,113.72,53.38,86.62,30.0,0.0
1779183965.5007994,336.28,86.62,-1.837,336.28,86.62,-1.837,VISION,0.0,450.0,0,140.0,336.28,113.72,53.38,86.62,30.0,0.0
1779183965.6012785,336.28,86.62,-1.837,336.28,86.62,-1.837,ESTIMA,0.0,450.0,0,140.0,336.28,113.72,53.38,86.62,30.0,0.0
1779183965.7016094,336.29,86.61,-1.836,336.29,86.61,-1.836,VISION,0.0,450.0,0,140.0,336.29,113.71,53.39,86.61,30.0,0.0
1779183965.8019602,336.29,86.61,-1.836,336.29,86.61,-1.836,VISION,0.0,450.0,0,140.0,336.29,113.71,53.39,86.61,30.0,0.0
1779183965.902301,336.29,86.61,-1.836,336.29,86.61,-1.836,VISION,0.0,450.0,0,140.0,336.29,113.71,53.39,86.61,30.0,0.0
1779183966.002835,336.29,86.61,-1.836,336.29,86.61,-1.836,VISION,0.0,450.0,0,140.0,336.29,113.71,53.39,86.61,30.0,0.0
1779183966.1031535,336.29,86.61,-1.836,336.29,86.61,-1.836,VISION,0.0,450.0,0,140.0,336.29,113.71,53.39,86.61,30.0,0.0
1779183966.2034726,336.29,86.63,-1.837,336.29,86.63,-1.837,VISION,0.0,450.0,0,140.0,336.29,113.71,53.37,86.63,30.0,0.0
1779183966.3038778,336.29,86.63,-1.837,336.29,86.63,-1.837,VISION,0.0,450.0,0,140.0,336.29,113.71,53.37,86.63,30.0,0.0
1779183966.4042077,336.29,86.63,-1.837,336.29,86.63,-1.837,VISION,0.0,450.0,0,140.0,336.29,113.71,53.37,86.63,30.0,0.0
1779183966.504706,336.29,86.63,-1.837,336.29,86.63,-1.837,VISION,0.0,450.0,0,140.0,336.29,113.71,53.37,86.63,30.0,0.0
1779183966.6050591,336.29,86.63,-1.837,336.29,86.63,-1.837,VISION,0.0,450.0,0,140.0,336.29,113.71,53.37,86.63,30.0,0.0
1779183966.7053986,336.29,86.63,-1.837,336.29,86.63,-1.837,ESTIMA,0.0,450.0,0,140.0,336.29,113.71,53.37,86.63,30.0,0.0
1779183966.805781,336.28,86.6,-1.837,336.28,86.6,-1.837,VISION,0.0,450.0,0,140.0,336.28,113.72,53.4,86.6,30.0,0.0
1779183966.9061222,336.28,86.6,-1.837,336.28,86.6,-1.837,VISION,0.0,450.0,0,140.0,336.28,113.72,53.4,86.6,30.0,0.0
1779183967.0064712,336.28,86.6,-1.837,336.28,86.6,-1.837,VISION,0.0,450.0,0,140.0,336.28,113.72,53.4,86.6,30.0,0.0
1779183967.1068316,336.28,86.6,-1.837,336.28,86.6,-1.837,VISION,0.0,450.0,0,140.0,336.28,113.72,53.4,86.6,30.0,0.0
1779183967.2071645,336.28,86.6,-1.837,336.28,86.6,-1.837,VISION,0.0,450.0,0,140.0,336.28,113.72,53.4,86.6,30.0,0.0
1779183967.3075075,336.28,86.6,-1.837,336.28,86.6,-1.837,ESTIMA,0.0,450.0,0,140.0,336.28,113.72,53.4,86.6,30.0,0.0
1779183967.4078703,336.28,86.62,-1.837,336.28,86.62,-1.837,VISION,0.0,450.0,0,140.0,336.28,113.72,53.38,86.62,30.0,0.0
1779183967.5082128,336.28,86.62,-1.837,336.28,86.62,-1.837,VISION,0.0,450.0,0,140.0,336.28,113.72,53.38,86.62,30.0,0.0
1779183967.6085653,336.28,86.62,-1.837,336.28,86.62,-1.837,VISION,0.0,450.0,0,140.0,336.28,113.72,53.38,86.62,30.0,0.0
1779183967.708922,336.28,86.62,-1.837,336.28,86.62,-1.837,VISION,0.0,450.0,0,140.0,336.28,113.72,53.38,86.62,30.0,0.0
1779183967.809258,336.28,86.62,-1.837,336.28,86.62,-1.837,VISION,0.0,450.0,0,140.0,336.28,113.72,53.38,86.62,30.0,0.0
1779183967.9096217,336.28,86.62,-1.837,336.28,86.62,-1.837,ESTIMA,0.0,450.0,0,140.0,336.28,113.72,53.38,86.62,30.0,0.0
1779183968.0099778,336.28,86.62,-1.837,336.28,86.62,-1.837,VISION,0.0,450.0,0,140.0,336.28,113.72,53.38,86.62,30.0,0.0
1779183968.1103113,336.28,86.62,-1.837,336.28,86.62,-1.837,VISION,0.0,450.0,0,140.0,336.28,113.72,53.38,86.62,30.0,0.0
1779183968.210656,336.28,86.62,-1.837,336.28,86.62,-1.837,VISION,0.0,450.0,0,140.0,336.28,113.72,53.38,86.62,30.0,0.0
1779183968.3110044,336.28,86.62,-1.837,336.28,86.62,-1.837,VISION,0.0,450.0,0,140.0,336.28,113.72,53.38,86.62,30.0,0.0
1779183968.411333,336.28,86.62,-1.837,336.28,86.62,-1.837,VISION,0.0,450.0,0,140.0,336.28,113.72,53.38,86.62,30.0,0.0
1779183968.5116954,336.28,86.62,-1.837,336.28,86.62,-1.837,ESTIMA,0.0,450.0,0,140.0,336.28,113.72,53.38,86.62,30.0,0.0
1779183968.6121426,336.28,86.63,-1.836,336.28,86.63,-1.836,VISION,0.0,450.0,0,140.0,336.28,113.72,53.37,86.63,30.0,0.0
1779183968.7125118,336.28,86.63,-1.836,336.28,86.63,-1.836,VISION,0.0,450.0,0,140.0,336.28,113.72,53.37,86.63,30.0,0.0
1779183968.8128476,336.28,86.63,-1.836,336.28,86.63,-1.836,VISION,0.0,450.0,0,140.0,336.28,113.72,53.37,86.63,30.0,0.0
1779183968.9132142,336.28,86.63,-1.836,336.28,86.63,-1.836,VISION,0.0,450.0,0,140.0,336.28,113.72,53.37,86.63,30.0,0.0
1779183969.0135632,336.28,86.63,-1.836,336.28,86.63,-1.836,VISION,0.0,450.0,0,140.0,336.28,113.72,53.37,86.63,30.0,0.0
1779183969.1139736,336.28,86.63,-1.836,336.28,86.63,-1.836,ESTIMA,0.0,450.0,0,140.0,336.28,113.72,53.37,86.63,30.0,0.0
1779183969.2143307,336.29,86.61,-1.836,336.29,86.61,-1.836,VISION,0.0,450.0,0,140.0,336.29,113.71,53.39,86.61,30.0,0.0
1779183969.3148987,336.29,86.61,-1.836,336.29,86.61,-1.836,VISION,0.0,450.0,0,140.0,336.29,113.71,53.39,86.61,30.0,0.0
1779183969.4154274,336.29,86.61,-1.836,336.29,86.61,-1.836,VISION,0.0,450.0,0,140.0,336.29,113.71,53.39,86.61,30.0,0.0
1779183969.5159793,336.29,86.61,-1.836,336.29,86.61,-1.836,VISION,0.0,450.0,0,140.0,336.29,113.71,53.39,86.61,30.0,0.0
1779183969.6164224,336.29,86.61,-1.836,336.29,86.61,-1.836,VISION,0.0,450.0,0,140.0,336.29,113.71,53.39,86.61,30.0,0.0
1779183969.7168574,336.28,86.62,-1.835,336.28,86.62,-1.835,VISION,0.0,450.0,0,140.0,336.28,113.72,53.38,86.62,30.0,0.0
1779183969.817287,336.28,86.62,-1.835,336.28,86.62,-1.835,VISION,0.0,450.0,0,140.0,336.28,113.72,53.38,86.62,30.0,0.0
1779183969.917725,336.28,86.62,-1.835,336.28,86.62,-1.835,VISION,0.0,450.0,0,140.0,336.28,113.72,53.38,86.62,30.0,0.0
1779183970.0181623,336.28,86.62,-1.835,336.28,86.62,-1.835,VISION,0.0,450.0,0,140.0,336.28,113.72,53.38,86.62,30.0,0.0
1779183970.1185827,336.28,86.62,-1.835,336.28,86.62,-1.835,VISION,0.0,450.0,0,140.0,336.28,113.72,53.38,86.62,30.0,0.0
1779183970.2190564,336.28,86.62,-1.835,336.28,86.62,-1.835,ESTIMA,0.0,450.0,0,140.0,336.28,113.72,53.38,86.62,30.0,0.0
1779183970.3194654,336.28,86.62,-1.835,336.28,86.62,-1.835,VISION,0.0,450.0,0,140.0,336.28,113.72,53.38,86.62,30.0,0.0
1779183970.4199388,336.28,86.62,-1.835,336.28,86.62,-1.835,VISION,0.0,450.0,0,140.0,336.28,113.72,53.38,86.62,30.0,0.0
1779183970.5203745,336.28,86.62,-1.835,336.28,86.62,-1.835,VISION,0.0,450.0,0,140.0,336.28,113.72,53.38,86.62,30.0,0.0
1779183970.6208425,336.28,86.62,-1.835,336.28,86.62,-1.835,VISION,0.0,450.0,0,140.0,336.28,113.72,53.38,86.62,30.0,0.0
1779183970.7212698,336.28,86.62,-1.835,336.28,86.62,-1.835,VISION,0.0,450.0,0,140.0,336.28,113.72,53.38,86.62,30.0,0.0
1779183970.8217032,336.28,86.62,-1.835,336.28,86.62,-1.835,ESTIMA,0.0,450.0,0,140.0,336.28,113.72,53.38,86.62,30.0,0.0
1779183970.9221215,336.29,86.61,-1.836,336.29,86.61,-1.836,VISION,0.0,450.0,0,140.0,336.29,113.71,53.39,86.61,30.0,0.0
1779183971.022696,336.29,86.61,-1.836,336.29,86.61,-1.836,VISION,0.0,450.0,0,140.0,336.29,113.71,53.39,86.61,30.0,0.0
1779183971.123156,336.29,86.61,-1.836,336.29,86.61,-1.836,VISION,0.0,450.0,0,140.0,336.29,113.71,53.39,86.61,30.0,0.0
1779183971.2235944,336.29,86.61,-1.836,336.29,86.61,-1.836,VISION,0.0,450.0,0,140.0,336.29,113.71,53.39,86.61,30.0,0.0
1779183971.3240895,336.29,86.61,-1.836,336.29,86.61,-1.836,VISION,0.0,450.0,0,140.0,336.29,113.71,53.39,86.61,30.0,0.0
1779183971.4246974,336.29,86.61,-1.836,336.29,86.61,-1.836,ESTIMA,0.0,450.0,0,140.0,336.29,113.71,53.39,86.61,30.0,0.0
1779183971.5251355,336.28,86.61,-1.835,336.28,86.61,-1.835,VISION,0.0,450.0,0,140.0,336.28,113.72,53.39,86.61,30.0,0.0
1779183971.625609,336.28,86.61,-1.835,336.28,86.61,-1.835,VISION,0.0,450.0,0,140.0,336.28,113.72,53.39,86.61,30.0,0.0
1779183971.7260494,336.28,86.61,-1.835,336.28,86.61,-1.835,VISION,0.0,450.0,0,140.0,336.28,113.72,53.39,86.61,30.0,0.0
1779183971.8266075,336.28,86.61,-1.835,336.28,86.61,-1.835,VISION,0.0,450.0,0,140.0,336.28,113.72,53.39,86.61,30.0,0.0
1779183971.927089,336.28,86.61,-1.835,336.28,86.61,-1.835,VISION,0.0,450.0,0,140.0,336.28,113.72,53.39,86.61,30.0,0.0
1779183972.0275311,336.28,86.61,-1.835,336.28,86.61,-1.835,ESTIMA,0.0,450.0,0,140.0,336.28,113.72,53.39,86.61,30.0,0.0
1779183972.128067,336.28,86.62,-1.835,336.28,86.62,-1.835,VISION,0.0,450.0,0,140.0,336.28,113.72,53.38,86.62,30.0,0.0
1779183972.2285366,336.28,86.62,-1.835,336.28,86.62,-1.835,VISION,0.0,450.0,0,140.0,336.28,113.72,53.38,86.62,30.0,0.0
1779183972.3289838,336.28,86.62,-1.835,336.28,86.62,-1.835,VISION,0.0,450.0,0,140.0,336.28,113.72,53.38,86.62,30.0,0.0
1779183972.4294345,336.28,86.62,-1.835,336.28,86.62,-1.835,VISION,0.0,450.0,0,140.0,336.28,113.72,53.38,86.62,30.0,0.0
1779183972.5300105,336.28,86.62,-1.835,336.28,86.62,-1.835,VISION,0.0,450.0,0,140.0,336.28,113.72,53.38,86.62,30.0,0.0
1779183972.6305048,336.28,86.62,-1.835,336.28,86.62,-1.835,ESTIMA,0.0,450.0,0,140.0,336.28,113.72,53.38,86.62,30.0,0.0
1779183972.7309957,336.28,86.62,-1.837,336.28,86.62,-1.837,VISION,0.0,450.0,0,140.0,336.28,113.72,53.38,86.62,30.0,0.0
1779183972.8314471,336.28,86.62,-1.837,336.28,86.62,-1.837,VISION,0.0,450.0,0,140.0,336.28,113.72,53.38,86.62,30.0,0.0
1779183972.9319234,336.28,86.62,-1.837,336.28,86.62,-1.837,VISION,0.0,450.0,0,140.0,336.28,113.72,53.38,86.62,30.0,0.0
1779183973.032363,336.28,86.62,-1.837,336.28,86.62,-1.837,VISION,0.0,450.0,0,140.0,336.28,113.72,53.38,86.62,30.0,0.0
1779183973.1328015,336.28,86.62,-1.837,336.28,86.62,-1.837,VISION,0.0,450.0,0,140.0,336.28,113.72,53.38,86.62,30.0,0.0
1779183973.233241,336.29,86.6,-1.836,336.29,86.6,-1.836,VISION,0.0,450.0,0,140.0,336.29,113.71,53.4,86.6,30.0,0.0
1779183973.3337467,336.29,86.6,-1.836,336.29,86.6,-1.836,VISION,0.0,450.0,0,140.0,336.29,113.71,53.4,86.6,30.0,0.0
1779183973.4342434,336.29,86.6,-1.836,336.29,86.6,-1.836,VISION,0.0,450.0,0,140.0,336.29,113.71,53.4,86.6,30.0,0.0
1779183973.5347407,336.29,86.6,-1.836,336.29,86.6,-1.836,VISION,0.0,450.0,0,140.0,336.29,113.71,53.4,86.6,30.0,0.0
1779183973.6352909,336.29,86.6,-1.836,336.29,86.6,-1.836,VISION,0.0,450.0,0,140.0,336.29,113.71,53.4,86.6,30.0,0.0
1779183973.7357714,336.29,86.6,-1.836,336.29,86.6,-1.836,ESTIMA,0.0,450.0,0,140.0,336.29,113.71,53.4,86.6,30.0,0.0
1779183973.8362,336.28,86.62,-1.835,336.28,86.62,-1.835,VISION,0.0,450.0,0,140.0,336.28,113.72,53.38,86.62,30.0,0.0
1779183973.936642,336.28,86.62,-1.835,336.28,86.62,-1.835,VISION,0.0,450.0,0,140.0,336.28,113.72,53.38,86.62,30.0,0.0
1779183974.0370848,336.28,86.62,-1.835,336.28,86.62,-1.835,VISION,0.0,450.0,0,140.0,336.28,113.72,53.38,86.62,30.0,0.0
1779183974.1375468,336.28,86.62,-1.835,336.28,86.62,-1.835,VISION,0.0,450.0,0,140.0,336.28,113.72,53.38,86.62,30.0,0.0
1779183974.2379715,336.28,86.62,-1.835,336.28,86.62,-1.835,VISION,0.0,450.0,0,140.0,336.28,113.72,53.38,86.62,30.0,0.0
1779183974.338481,336.28,86.62,-1.835,336.28,86.62,-1.835,ESTIMA,0.0,450.0,0,140.0,336.28,113.72,53.38,86.62,30.0,0.0
1779183974.439137,336.29,86.61,-1.836,336.29,86.61,-1.836,VISION,0.0,450.0,0,140.0,336.29,113.71,53.39,86.61,30.0,0.0
1779183974.5395951,336.29,86.61,-1.836,336.29,86.61,-1.836,VISION,0.0,450.0,0,140.0,336.29,113.71,53.39,86.61,30.0,0.0
1779183974.6400816,336.29,86.61,-1.836,336.29,86.61,-1.836,VISION,0.0,450.0,0,140.0,336.29,113.71,53.39,86.61,30.0,0.0
1779183974.740544,336.29,86.61,-1.836,336.29,86.61,-1.836,VISION,0.0,450.0,0,140.0,336.29,113.71,53.39,86.61,30.0,0.0
1779183974.8409925,336.29,86.61,-1.836,336.29,86.61,-1.836,VISION,0.0,450.0,0,140.0,336.29,113.71,53.39,86.61,30.0,0.0
1779183974.9414318,336.29,86.61,-1.836,336.29,86.61,-1.836,ESTIMA,0.0,450.0,0,140.0,336.29,113.71,53.39,86.61,30.0,0.0
1779183975.0419679,336.29,86.61,-1.836,336.29,86.61,-1.836,VISION,0.0,450.0,0,140.0,336.29,113.71,53.39,86.61,30.0,0.0
1779183975.1425312,336.29,86.61,-1.836,336.29,86.61,-1.836,VISION,0.0,450.0,0,140.0,336.29,113.71,53.39,86.61,30.0,0.0
1779183975.2431087,336.29,86.61,-1.836,336.29,86.61,-1.836,VISION,0.0,450.0,0,140.0,336.29,113.71,53.39,86.61,30.0,0.0
1779183975.3435864,336.29,86.61,-1.836,336.29,86.61,-1.836,VISION,0.0,450.0,0,140.0,336.29,113.71,53.39,86.61,30.0,0.0
1779183975.444023,336.29,86.61,-1.836,336.29,86.61,-1.836,VISION,0.0,450.0,0,140.0,336.29,113.71,53.39,86.61,30.0,0.0
1779183975.5444593,336.29,86.61,-1.836,336.29,86.61,-1.836,ESTIMA,0.0,450.0,0,140.0,336.29,113.71,53.39,86.61,30.0,0.0
1779183975.6449637,336.28,86.61,-1.837,336.28,86.61,-1.837,VISION,0.0,450.0,0,140.0,336.28,113.72,53.39,86.61,30.0,0.0
1779183975.7454166,336.28,86.61,-1.837,336.28,86.61,-1.837,VISION,0.0,450.0,0,140.0,336.28,113.72,53.39,86.61,30.0,0.0
1779183975.8458576,336.28,86.61,-1.837,336.28,86.61,-1.837,VISION,0.0,450.0,0,140.0,336.28,113.72,53.39,86.61,30.0,0.0
1779183975.9463015,336.28,86.61,-1.837,336.28,86.61,-1.837,VISION,0.0,450.0,0,140.0,336.28,113.72,53.39,86.61,30.0,0.0
1779183976.0467792,336.28,86.61,-1.837,336.28,86.61,-1.837,VISION,0.0,450.0,0,140.0,336.28,113.72,53.39,86.61,30.0,0.0
1779183976.1471741,336.29,86.61,-1.836,336.29,86.61,-1.836,VISION,0.0,450.0,0,140.0,336.29,113.71,53.39,86.61,30.0,0.0
1779183976.2476144,336.29,86.61,-1.836,336.29,86.61,-1.836,VISION,0.0,450.0,0,140.0,336.29,113.71,53.39,86.61,30.0,0.0
1779183976.3481028,336.29,86.61,-1.836,336.29,86.61,-1.836,VISION,0.0,450.0,0,140.0,336.29,113.71,53.39,86.61,30.0,0.0
1779183976.4485784,336.29,86.61,-1.836,336.29,86.61,-1.836,VISION,0.0,450.0,0,140.0,336.29,113.71,53.39,86.61,30.0,0.0
1779183976.5490088,336.29,86.61,-1.836,336.29,86.61,-1.836,VISION,0.0,450.0,0,140.0,336.29,113.71,53.39,86.61,30.0,0.0
1779183976.6494508,336.29,86.61,-1.836,336.29,86.61,-1.836,VISION,0.0,450.0,0,140.0,336.29,113.71,53.39,86.61,30.0,0.0
1779183976.7498446,336.29,86.62,-1.836,336.29,86.62,-1.836,VISION,0.0,450.0,0,140.0,336.29,113.71,53.38,86.62,30.0,0.0
1779183976.850277,336.29,86.62,-1.836,336.29,86.62,-1.836,VISION,0.0,450.0,0,140.0,336.29,113.71,53.38,86.62,30.0,0.0
1779183976.950736,336.29,86.62,-1.836,336.29,86.62,-1.836,VISION,0.0,450.0,0,140.0,336.29,113.71,53.38,86.62,30.0,0.0
1779183977.051166,336.29,86.62,-1.836,336.29,86.62,-1.836,VISION,0.0,450.0,0,140.0,336.29,113.71,53.38,86.62,30.0,0.0
1779183977.1515946,336.29,86.62,-1.836,336.29,86.62,-1.836,VISION,0.0,450.0,0,140.0,336.29,113.71,53.38,86.62,30.0,0.0
1779183977.2519948,336.29,86.62,-1.836,336.29,86.62,-1.836,ESTIMA,0.0,450.0,0,140.0,336.29,113.71,53.38,86.62,30.0,0.0
1779183977.3524885,336.28,86.62,-1.837,336.28,86.62,-1.837,VISION,0.0,450.0,0,140.0,336.28,113.72,53.38,86.62,30.0,0.0
1779183977.4529712,336.28,86.62,-1.837,336.28,86.62,-1.837,VISION,0.0,450.0,0,140.0,336.28,113.72,53.38,86.62,30.0,0.0
1779183977.55341,336.28,86.62,-1.837,336.28,86.62,-1.837,VISION,0.0,450.0,0,140.0,336.28,113.72,53.38,86.62,30.0,0.0
1779183977.6539009,336.28,86.62,-1.837,336.28,86.62,-1.837,VISION,0.0,450.0,0,140.0,336.28,113.72,53.38,86.62,30.0,0.0
1779183977.7543235,336.28,86.62,-1.837,336.28,86.62,-1.837,VISION,0.0,450.0,0,140.0,336.28,113.72,53.38,86.62,30.0,0.0
1779183977.8547776,336.28,86.62,-1.837,336.28,86.62,-1.837,ESTIMA,0.0,450.0,0,140.0,336.28,113.72,53.38,86.62,30.0,0.0
1779183977.9551992,336.29,86.6,-1.836,336.29,86.6,-1.836,VISION,0.0,450.0,0,140.0,336.29,113.71,53.4,86.6,30.0,0.0
1779183978.0556345,336.29,86.6,-1.836,336.29,86.6,-1.836,VISION,0.0,450.0,0,140.0,336.29,113.71,53.4,86.6,30.0,0.0
1779183978.1560752,336.29,86.6,-1.836,336.29,86.6,-1.836,VISION,0.0,450.0,0,140.0,336.29,113.71,53.4,86.6,30.0,0.0
1779183978.2565076,336.29,86.6,-1.836,336.29,86.6,-1.836,VISION,0.0,450.0,0,140.0,336.29,113.71,53.4,86.6,30.0,0.0
1779183978.3569734,336.29,86.6,-1.836,336.29,86.6,-1.836,VISION,0.0,450.0,0,140.0,336.29,113.71,53.4,86.6,30.0,0.0
1779183978.4590237,336.29,86.6,-1.836,336.29,86.6,-1.836,ESTIMA,0.0,450.0,0,140.0,336.29,113.71,53.4,86.6,30.0,0.0
1779183978.5594962,336.29,86.63,-1.837,336.29,86.63,-1.837,VISION,0.0,450.0,0,140.0,336.29,113.71,53.37,86.63,30.0,0.0
1779183978.6600032,336.29,86.63,-1.837,336.29,86.63,-1.837,VISION,0.0,450.0,0,140.0,336.29,113.71,53.37,86.63,30.0,0.0
1779183978.7604685,336.29,86.63,-1.837,336.29,86.63,-1.837,VISION,0.0,450.0,0,140.0,336.29,113.71,53.37,86.63,30.0,0.0
1779183978.8609388,336.29,86.63,-1.837,336.29,86.63,-1.837,VISION,0.0,450.0,0,140.0,336.29,113.71,53.37,86.63,30.0,0.0
1779183978.9614022,336.29,86.63,-1.837,336.29,86.63,-1.837,VISION,0.0,450.0,0,140.0,336.29,113.71,53.37,86.63,30.0,0.0
1779183979.0619175,336.29,86.63,-1.837,336.29,86.63,-1.837,ESTIMA,0.0,450.0,0,140.0,336.29,113.71,53.37,86.63,30.0,0.0
1779183979.1623662,336.28,86.63,-1.836,336.28,86.63,-1.836,VISION,0.0,450.0,0,140.0,336.28,113.72,53.37,86.63,30.0,0.0
1779183979.2628605,336.28,86.63,-1.836,336.28,86.63,-1.836,VISION,0.0,450.0,0,140.0,336.28,113.72,53.37,86.63,30.0,0.0
1779183979.363301,336.28,86.63,-1.836,336.28,86.63,-1.836,VISION,0.0,450.0,0,140.0,336.28,113.72,53.37,86.63,30.0,0.0
1779183979.4637437,336.28,86.63,-1.836,336.28,86.63,-1.836,VISION,0.0,450.0,0,140.0,336.28,113.72,53.37,86.63,30.0,0.0
1779183979.5642,336.28,86.63,-1.836,336.28,86.63,-1.836,VISION,0.0,450.0,0,140.0,336.28,113.72,53.37,86.63,30.0,0.0
1779183979.6647158,336.28,86.62,-1.837,336.28,86.62,-1.837,VISION,0.0,450.0,0,140.0,336.28,113.72,53.38,86.62,30.0,0.0
1779183979.7652442,336.28,86.62,-1.837,336.28,86.62,-1.837,VISION,0.0,450.0,0,140.0,336.28,113.72,53.38,86.62,30.0,0.0
1779183979.8657193,336.28,86.62,-1.837,336.28,86.62,-1.837,VISION,0.0,450.0,0,140.0,336.28,113.72,53.38,86.62,30.0,0.0
1779183979.9661438,336.28,86.62,-1.837,336.28,86.62,-1.837,VISION,0.0,450.0,0,140.0,336.28,113.72,53.38,86.62,30.0,0.0
1779183980.0665803,336.28,86.62,-1.837,336.28,86.62,-1.837,VISION,0.0,450.0,0,140.0,336.28,113.72,53.38,86.62,30.0,0.0
1779183980.167023,336.28,86.62,-1.837,336.28,86.62,-1.837,ESTIMA,0.0,450.0,0,140.0,336.28,113.72,53.38,86.62,30.0,0.0
1779183980.26748,336.28,86.62,-1.835,336.28,86.62,-1.835,VISION,0.0,450.0,0,140.0,336.28,113.72,53.38,86.62,30.0,0.0
1779183980.3680084,336.28,86.62,-1.835,336.28,86.62,-1.835,VISION,0.0,450.0,0,140.0,336.28,113.72,53.38,86.62,30.0,0.0
1779183980.4684553,336.28,86.62,-1.835,336.28,86.62,-1.835,VISION,0.0,450.0,0,140.0,336.28,113.72,53.38,86.62,30.0,0.0
1779183980.5690024,336.28,86.62,-1.835,336.28,86.62,-1.835,VISION,0.0,450.0,0,140.0,336.28,113.72,53.38,86.62,30.0,0.0
1779183980.669552,336.28,86.62,-1.835,336.28,86.62,-1.835,VISION,0.0,450.0,0,140.0,336.28,113.72,53.38,86.62,30.0,0.0
1779183980.7699745,336.28,86.62,-1.835,336.28,86.62,-1.835,ESTIMA,0.0,450.0,0,140.0,336.28,113.72,53.38,86.62,30.0,0.0
1779183980.870458,336.28,86.63,-1.836,336.28,86.63,-1.836,VISION,0.0,450.0,0,140.0,336.28,113.72,53.37,86.63,30.0,0.0
1779183980.971003,336.28,86.63,-1.836,336.28,86.63,-1.836,VISION,0.0,450.0,0,140.0,336.28,113.72,53.37,86.63,30.0,0.0
1779183981.0714452,336.28,86.63,-1.836,336.28,86.63,-1.836,VISION,0.0,450.0,0,140.0,336.28,113.72,53.37,86.63,30.0,0.0
1779183981.1719222,336.28,86.63,-1.836,336.28,86.63,-1.836,VISION,0.0,450.0,0,140.0,336.28,113.72,53.37,86.63,30.0,0.0
1779183981.272351,336.28,86.63,-1.836,336.28,86.63,-1.836,VISION,0.0,450.0,0,140.0,336.28,113.72,53.37,86.63,30.0,0.0
1779183981.372858,336.28,86.63,-1.836,336.28,86.63,-1.836,ESTIMA,0.0,450.0,0,140.0,336.28,113.72,53.37,86.63,30.0,0.0
1779183981.473289,336.28,86.62,-1.837,336.28,86.62,-1.837,VISION,0.0,450.0,0,140.0,336.28,113.72,53.38,86.62,30.0,0.0
1779183981.573757,336.28,86.62,-1.837,336.28,86.62,-1.837,VISION,0.0,450.0,0,140.0,336.28,113.72,53.38,86.62,30.0,0.0
1779183981.6742227,336.28,86.62,-1.837,336.28,86.62,-1.837,VISION,0.0,450.0,0,140.0,336.28,113.72,53.38,86.62,30.0,0.0
1779183981.774751,336.28,86.62,-1.837,336.28,86.62,-1.837,VISION,0.0,450.0,0,140.0,336.28,113.72,53.38,86.62,30.0,0.0
1779183981.875313,336.28,86.62,-1.837,336.28,86.62,-1.837,VISION,0.0,450.0,0,140.0,336.28,113.72,53.38,86.62,30.0,0.0
1779183981.975896,336.28,86.62,-1.837,336.28,86.62,-1.837,ESTIMA,0.0,450.0,0,140.0,336.28,113.72,53.38,86.62,30.0,0.0
1779183982.076222,336.28,86.62,-1.837,336.28,86.62,-1.837,VISION,0.0,450.0,0,140.0,336.28,113.72,53.38,86.62,30.0,0.0
1779183982.1765895,336.28,86.62,-1.837,336.28,86.62,-1.837,VISION,0.0,450.0,0,140.0,336.28,113.72,53.38,86.62,30.0,0.0
1779183982.2769036,336.28,86.62,-1.837,336.28,86.62,-1.837,VISION,0.0,450.0,0,140.0,336.28,113.72,53.38,86.62,30.0,0.0
1779183982.3772287,336.28,86.62,-1.837,336.28,86.62,-1.837,VISION,0.0,450.0,0,140.0,336.28,113.72,53.38,86.62,30.0,0.0
1779183982.477562,336.28,86.62,-1.837,336.28,86.62,-1.837,VISION,0.0,450.0,0,140.0,336.28,113.72,53.38,86.62,30.0,0.0
1779183982.5780222,336.28,86.62,-1.837,336.28,86.62,-1.837,ESTIMA,0.0,450.0,0,140.0,336.28,113.72,53.38,86.62,30.0,0.0
1779183982.678477,336.29,86.61,-1.836,336.29,86.61,-1.836,VISION,0.0,450.0,0,140.0,336.29,113.71,53.39,86.61,30.0,0.0
1779183982.7789218,336.29,86.61,-1.836,336.29,86.61,-1.836,VISION,0.0,450.0,0,140.0,336.29,113.71,53.39,86.61,30.0,0.0
1779183982.879359,336.29,86.61,-1.836,336.29,86.61,-1.836,VISION,0.0,450.0,0,140.0,336.29,113.71,53.39,86.61,30.0,0.0
1779183982.979853,336.29,86.61,-1.836,336.29,86.61,-1.836,VISION,0.0,450.0,0,140.0,336.29,113.71,53.39,86.61,30.0,0.0
1779183983.0802736,336.29,86.61,-1.836,336.29,86.61,-1.836,VISION,0.0,450.0,0,140.0,336.29,113.71,53.39,86.61,30.0,0.0
1779183983.180643,336.28,86.61,-1.837,336.28,86.61,-1.837,VISION,0.0,450.0,0,140.0,336.28,113.72,53.39,86.61,30.0,0.0
1779183983.2810836,336.28,86.61,-1.837,336.28,86.61,-1.837,VISION,0.0,450.0,0,140.0,336.28,113.72,53.39,86.61,30.0,0.0
1779183983.3815157,336.28,86.61,-1.837,336.28,86.61,-1.837,VISION,0.0,450.0,0,140.0,336.28,113.72,53.39,86.61,30.0,0.0
1779183983.4819698,336.28,86.61,-1.837,336.28,86.61,-1.837,VISION,0.0,450.0,0,140.0,336.28,113.72,53.39,86.61,30.0,0.0
1779183983.5824358,336.28,86.61,-1.837,336.28,86.61,-1.837,VISION,0.0,450.0,0,140.0,336.28,113.72,53.39,86.61,30.0,0.0
1779183983.6829062,336.28,86.61,-1.837,336.28,86.61,-1.837,ESTIMA,0.0,450.0,0,140.0,336.28,113.72,53.39,86.61,30.0,0.0
1779183983.783338,336.29,86.62,-1.836,336.29,86.62,-1.836,VISION,0.0,450.0,0,140.0,336.29,113.71,53.38,86.62,30.0,0.0
1779183983.8837886,336.29,86.62,-1.836,336.29,86.62,-1.836,VISION,0.0,450.0,0,140.0,336.29,113.71,53.38,86.62,30.0,0.0
1779183983.9842248,336.29,86.62,-1.836,336.29,86.62,-1.836,VISION,0.0,450.0,0,140.0,336.29,113.71,53.38,86.62,30.0,0.0
1779183984.0846503,336.29,86.62,-1.836,336.29,86.62,-1.836,VISION,0.0,450.0,0,140.0,336.29,113.71,53.38,86.62,30.0,0.0
1779183984.1850853,336.29,86.62,-1.836,336.29,86.62,-1.836,VISION,0.0,450.0,0,140.0,336.29,113.71,53.38,86.62,30.0,0.0
1779183984.2855031,336.29,86.62,-1.836,336.29,86.62,-1.836,ESTIMA,0.0,450.0,0,140.0,336.29,113.71,53.38,86.62,30.0,0.0
1779183984.3860183,336.28,86.62,-1.837,336.28,86.62,-1.837,VISION,0.0,450.0,0,140.0,336.28,113.72,53.38,86.62,30.0,0.0
1779183984.4864466,336.28,86.62,-1.837,336.28,86.62,-1.837,VISION,0.0,450.0,0,140.0,336.28,113.72,53.38,86.62,30.0,0.0
1779183984.5869474,336.28,86.62,-1.837,336.28,86.62,-1.837,VISION,0.0,450.0,0,140.0,336.28,113.72,53.38,86.62,30.0,0.0
1779183984.6873963,336.28,86.62,-1.837,336.28,86.62,-1.837,VISION,0.0,450.0,0,140.0,336.28,113.72,53.38,86.62,30.0,0.0
1779183984.787864,336.28,86.62,-1.837,336.28,86.62,-1.837,VISION,0.0,450.0,0,140.0,336.28,113.72,53.38,86.62,30.0,0.0
1779183984.8882916,336.28,86.62,-1.837,336.28,86.62,-1.837,ESTIMA,0.0,450.0,0,140.0,336.28,113.72,53.38,86.62,30.0,0.0
1779183984.9887774,336.28,86.61,-1.837,336.28,86.61,-1.837,VISION,0.0,450.0,0,140.0,336.28,113.72,53.39,86.61,30.0,0.0
1779183985.0891142,336.28,86.61,-1.837,336.28,86.61,-1.837,VISION,0.0,450.0,0,140.0,336.28,113.72,53.39,86.61,30.0,0.0
1779183985.1894493,336.28,86.61,-1.837,336.28,86.61,-1.837,VISION,0.0,450.0,0,140.0,336.28,113.72,53.39,86.61,30.0,0.0
1779183985.2898388,336.28,86.61,-1.837,336.28,86.61,-1.837,VISION,0.0,450.0,0,140.0,336.28,113.72,53.39,86.61,30.0,0.0
1779183985.3901684,336.28,86.61,-1.837,336.28,86.61,-1.837,VISION,0.0,450.0,0,140.0,336.28,113.72,53.39,86.61,30.0,0.0
1779183985.490532,336.28,86.61,-1.837,336.28,86.61,-1.837,ESTIMA,0.0,450.0,0,140.0,336.28,113.72,53.39,86.61,30.0,0.0
1779183985.590913,336.28,86.63,-1.836,336.28,86.63,-1.836,VISION,0.0,450.0,0,140.0,336.28,113.72,53.37,86.63,30.0,0.0
1779183985.6912405,336.28,86.63,-1.836,336.28,86.63,-1.836,VISION,0.0,450.0,0,140.0,336.28,113.72,53.37,86.63,30.0,0.0
1779183985.791584,336.28,86.63,-1.836,336.28,86.63,-1.836,VISION,0.0,450.0,0,140.0,336.28,113.72,53.37,86.63,30.0,0.0
1779183985.8919241,336.28,86.63,-1.836,336.28,86.63,-1.836,VISION,0.0,450.0,0,140.0,336.28,113.72,53.37,86.63,30.0,0.0
1779183985.9922698,336.28,86.63,-1.836,336.28,86.63,-1.836,VISION,0.0,450.0,0,140.0,336.28,113.72,53.37,86.63,30.0,0.0
1779183986.092609,336.28,86.63,-1.836,336.28,86.63,-1.836,ESTIMA,0.0,450.0,0,140.0,336.28,113.72,53.37,86.63,30.0,0.0
1779183986.1929717,336.28,86.62,-1.836,336.28,86.62,-1.836,VISION,0.0,450.0,0,140.0,336.28,113.72,53.38,86.62,30.0,0.0
1779183986.2933185,336.28,86.62,-1.836,336.28,86.62,-1.836,VISION,0.0,450.0,0,140.0,336.28,113.72,53.38,86.62,30.0,0.0
1779183986.3936594,336.28,86.62,-1.836,336.28,86.62,-1.836,VISION,0.0,450.0,0,140.0,336.28,113.72,53.38,86.62,30.0,0.0
1779183986.494016,336.28,86.62,-1.836,336.28,86.62,-1.836,VISION,0.0,450.0,0,140.0,336.28,113.72,53.38,86.62,30.0,0.0
1779183986.5943596,336.28,86.62,-1.836,336.28,86.62,-1.836,VISION,0.0,450.0,0,140.0,336.28,113.72,53.38,86.62,30.0,0.0
1779183986.6947162,336.28,86.62,-1.837,336.28,86.62,-1.837,VISION,0.0,450.0,0,140.0,336.28,113.72,53.38,86.62,30.0,0.0
1779183986.7950542,336.28,86.62,-1.837,336.28,86.62,-1.837,VISION,0.0,450.0,0,140.0,336.28,113.72,53.38,86.62,30.0,0.0
1779183986.8954237,336.28,86.62,-1.837,336.28,86.62,-1.837,VISION,0.0,450.0,0,140.0,336.28,113.72,53.38,86.62,30.0,0.0
1779183986.9958005,336.28,86.62,-1.837,336.28,86.62,-1.837,VISION,0.0,450.0,0,140.0,336.28,113.72,53.38,86.62,30.0,0.0
1779183987.096134,336.28,86.62,-1.837,336.28,86.62,-1.837,VISION,0.0,450.0,0,140.0,336.28,113.72,53.38,86.62,30.0,0.0
1779183987.1964872,336.28,86.62,-1.837,336.28,86.62,-1.837,ESTIMA,0.0,450.0,0,140.0,336.28,113.72,53.38,86.62,30.0,0.0
1779183987.2968671,336.28,86.61,-1.837,336.28,86.61,-1.837,VISION,0.0,450.0,0,140.0,336.28,113.72,53.39,86.61,30.0,0.0
1779183987.3972545,336.28,86.61,-1.837,336.28,86.61,-1.837,VISION,0.0,450.0,0,140.0,336.28,113.72,53.39,86.61,30.0,0.0
1779183987.4976215,336.28,86.61,-1.837,336.28,86.61,-1.837,VISION,0.0,450.0,0,140.0,336.28,113.72,53.39,86.61,30.0,0.0
1779183987.5980122,336.28,86.61,-1.837,336.28,86.61,-1.837,VISION,0.0,450.0,0,140.0,336.28,113.72,53.39,86.61,30.0,0.0
1779183987.6983767,336.28,86.61,-1.837,336.28,86.61,-1.837,VISION,0.0,450.0,0,140.0,336.28,113.72,53.39,86.61,30.0,0.0
1779183987.7987835,336.28,86.61,-1.837,336.28,86.61,-1.837,ESTIMA,0.0,450.0,0,140.0,336.28,113.72,53.39,86.61,30.0,0.0
1779183987.8991077,336.28,86.63,-1.836,336.28,86.63,-1.836,VISION,0.0,450.0,0,140.0,336.28,113.72,53.37,86.63,30.0,0.0
1779183987.999451,336.28,86.63,-1.836,336.28,86.63,-1.836,VISION,0.0,450.0,0,140.0,336.28,113.72,53.37,86.63,30.0,0.0
1779183988.0997765,336.28,86.63,-1.836,336.28,86.63,-1.836,VISION,0.0,450.0,0,140.0,336.28,113.72,53.37,86.63,30.0,0.0
1779183988.2001026,336.28,86.63,-1.836,336.28,86.63,-1.836,VISION,0.0,450.0,0,140.0,336.28,113.72,53.37,86.63,30.0,0.0
1779183988.3004563,336.28,86.63,-1.836,336.28,86.63,-1.836,VISION,0.0,450.0,0,140.0,336.28,113.72,53.37,86.63,30.0,0.0
1779183988.400933,336.28,86.63,-1.836,336.28,86.63,-1.836,ESTIMA,0.0,450.0,0,140.0,336.28,113.72,53.37,86.63,30.0,0.0
1779183988.5012581,336.28,86.62,-1.837,336.28,86.62,-1.837,VISION,0.0,450.0,0,140.0,336.28,113.72,53.38,86.62,30.0,0.0
1779183988.6016085,336.28,86.62,-1.837,336.28,86.62,-1.837,VISION,0.0,450.0,0,140.0,336.28,113.72,53.38,86.62,30.0,0.0
1779183988.7019713,336.28,86.62,-1.837,336.28,86.62,-1.837,VISION,0.0,450.0,0,140.0,336.28,113.72,53.38,86.62,30.0,0.0
1779183988.8023157,336.28,86.62,-1.837,336.28,86.62,-1.837,VISION,0.0,450.0,0,140.0,336.28,113.72,53.38,86.62,30.0,0.0
1779183988.9026601,336.28,86.62,-1.837,336.28,86.62,-1.837,VISION,0.0,450.0,0,140.0,336.28,113.72,53.38,86.62,30.0,0.0
1779183989.0030398,336.28,86.62,-1.837,336.28,86.62,-1.837,ESTIMA,0.0,450.0,0,140.0,336.28,113.72,53.38,86.62,30.0,0.0
1779183989.1033971,336.28,86.61,-1.837,336.28,86.61,-1.837,VISION,0.0,450.0,0,140.0,336.28,113.72,53.39,86.61,30.0,0.0
1779183989.2037787,336.28,86.61,-1.837,336.28,86.61,-1.837,VISION,0.0,450.0,0,140.0,336.28,113.72,53.39,86.61,30.0,0.0
1779183989.3042943,336.28,86.61,-1.837,336.28,86.61,-1.837,VISION,0.0,450.0,0,140.0,336.28,113.72,53.39,86.61,30.0,0.0
1779183989.4046345,336.28,86.61,-1.837,336.28,86.61,-1.837,VISION,0.0,450.0,0,140.0,336.28,113.72,53.39,86.61,30.0,0.0
1779183989.5049846,336.28,86.61,-1.837,336.28,86.61,-1.837,VISION,0.0,450.0,0,140.0,336.28,113.72,53.39,86.61,30.0,0.0
1779183989.605326,336.28,86.61,-1.837,336.28,86.61,-1.837,ESTIMA,0.0,450.0,0,140.0,336.28,113.72,53.39,86.61,30.0,0.0
1779183989.7056952,336.28,86.62,-1.836,336.28,86.62,-1.836,VISION,0.0,450.0,0,140.0,336.28,113.72,53.38,86.62,30.0,0.0
1779183989.806038,336.28,86.62,-1.836,336.28,86.62,-1.836,VISION,0.0,450.0,0,140.0,336.28,113.72,53.38,86.62,30.0,0.0
1779183989.9063747,336.28,86.62,-1.836,336.28,86.62,-1.836,VISION,0.0,450.0,0,140.0,336.28,113.72,53.38,86.62,30.0,0.0
1779183990.0067372,336.28,86.62,-1.836,336.28,86.62,-1.836,VISION,0.0,450.0,0,140.0,336.28,113.72,53.38,86.62,30.0,0.0
1779183990.1070673,336.28,86.62,-1.836,336.28,86.62,-1.836,VISION,0.0,450.0,0,140.0,336.28,113.72,53.38,86.62,30.0,0.0
1779183990.2073648,336.28,86.63,-1.836,336.28,86.63,-1.836,VISION,0.0,450.0,0,140.0,336.28,113.72,53.37,86.63,30.0,0.0
1779183990.3077075,336.28,86.63,-1.836,336.28,86.63,-1.836,VISION,0.0,450.0,0,140.0,336.28,113.72,53.37,86.63,30.0,0.0
1779183990.4080653,336.28,86.63,-1.836,336.28,86.63,-1.836,VISION,0.0,450.0,0,140.0,336.28,113.72,53.37,86.63,30.0,0.0
1779183990.5084121,336.28,86.63,-1.836,336.28,86.63,-1.836,VISION,0.0,450.0,0,140.0,336.28,113.72,53.37,86.63,30.0,0.0
1779183990.6087813,336.28,86.63,-1.836,336.28,86.63,-1.836,VISION,0.0,450.0,0,140.0,336.28,113.72,53.37,86.63,30.0,0.0
1779183990.7091448,336.28,86.63,-1.836,336.28,86.63,-1.836,ESTIMA,0.0,450.0,0,140.0,336.28,113.72,53.37,86.63,30.0,0.0
1779183990.8094711,336.29,86.61,-1.836,336.29,86.61,-1.836,VISION,0.0,450.0,0,140.0,336.29,113.71,53.39,86.61,30.0,0.0
1779183990.909864,336.29,86.61,-1.836,336.29,86.61,-1.836,VISION,0.0,450.0,0,140.0,336.29,113.71,53.39,86.61,30.0,0.0
1779183991.0102077,336.29,86.61,-1.836,336.29,86.61,-1.836,VISION,0.0,450.0,0,140.0,336.29,113.71,53.39,86.61,30.0,0.0
1779183991.1106462,336.29,86.61,-1.836,336.29,86.61,-1.836,VISION,0.0,450.0,0,140.0,336.29,113.71,53.39,86.61,30.0,0.0
1779183991.2111027,336.29,86.61,-1.836,336.29,86.61,-1.836,VISION,0.0,450.0,0,140.0,336.29,113.71,53.39,86.61,30.0,0.0
1779183991.3114793,336.29,86.61,-1.836,336.29,86.61,-1.836,ESTIMA,0.0,450.0,0,140.0,336.29,113.71,53.39,86.61,30.0,0.0
1779183991.4118123,336.28,86.62,-1.837,336.28,86.62,-1.837,VISION,0.0,450.0,0,140.0,336.28,113.72,53.38,86.62,30.0,0.0
1779183991.512172,336.28,86.62,-1.837,336.28,86.62,-1.837,VISION,0.0,450.0,0,140.0,336.28,113.72,53.38,86.62,30.0,0.0
1779183991.6127207,336.28,86.62,-1.837,336.28,86.62,-1.837,VISION,0.0,450.0,0,140.0,336.28,113.72,53.38,86.62,30.0,0.0
1779183991.713079,336.28,86.62,-1.837,336.28,86.62,-1.837,VISION,0.0,450.0,0,140.0,336.28,113.72,53.38,86.62,30.0,0.0
1779183991.813455,336.28,86.62,-1.837,336.28,86.62,-1.837,VISION,0.0,450.0,0,140.0,336.28,113.72,53.38,86.62,30.0,0.0
1779183991.9138758,336.28,86.62,-1.837,336.28,86.62,-1.837,ESTIMA,0.0,450.0,0,140.0,336.28,113.72,53.38,86.62,30.0,0.0
1779183992.0142033,336.28,86.62,-1.837,336.28,86.62,-1.837,VISION,0.0,450.0,0,140.0,336.28,113.72,53.38,86.62,30.0,0.0
1779183992.114661,336.28,86.62,-1.837,336.28,86.62,-1.837,VISION,0.0,450.0,0,140.0,336.28,113.72,53.38,86.62,30.0,0.0
1779183992.2149918,336.28,86.62,-1.837,336.28,86.62,-1.837,VISION,0.0,450.0,0,140.0,336.28,113.72,53.38,86.62,30.0,0.0
1779183992.3153238,336.28,86.62,-1.837,336.28,86.62,-1.837,VISION,0.0,450.0,0,140.0,336.28,113.72,53.38,86.62,30.0,0.0
1779183992.415684,336.28,86.62,-1.837,336.28,86.62,-1.837,VISION,0.0,450.0,0,140.0,336.28,113.72,53.38,86.62,30.0,0.0
1779183992.516059,336.28,86.62,-1.837,336.28,86.62,-1.837,ESTIMA,0.0,450.0,0,140.0,336.28,113.72,53.38,86.62,30.0,0.0
1779183992.6164045,336.28,86.62,-1.836,336.28,86.62,-1.836,VISION,0.0,450.0,0,140.0,336.28,113.72,53.38,86.62,30.0,0.0
1779183992.716767,336.28,86.62,-1.836,336.28,86.62,-1.836,VISION,0.0,450.0,0,140.0,336.28,113.72,53.38,86.62,30.0,0.0
1779183992.817247,336.28,86.62,-1.836,336.28,86.62,-1.836,VISION,0.0,450.0,0,140.0,336.28,113.72,53.38,86.62,30.0,0.0
1779183992.917772,336.28,86.62,-1.836,336.28,86.62,-1.836,VISION,0.0,450.0,0,140.0,336.28,113.72,53.38,86.62,30.0,0.0
1779183993.0180995,336.28,86.62,-1.836,336.28,86.62,-1.836,VISION,0.0,450.0,0,140.0,336.28,113.72,53.38,86.62,30.0,0.0
1779183993.1184819,336.28,86.62,-1.836,336.28,86.62,-1.836,ESTIMA,0.0,450.0,0,140.0,336.28,113.72,53.38,86.62,30.0,0.0
1779183993.2190418,336.28,86.63,-1.836,336.28,86.63,-1.836,VISION,0.0,450.0,0,140.0,336.28,113.72,53.37,86.63,30.0,0.0
1779183993.3193774,336.28,86.63,-1.836,336.28,86.63,-1.836,VISION,0.0,450.0,0,140.0,336.28,113.72,53.37,86.63,30.0,0.0
1779183993.419743,336.28,86.63,-1.836,336.28,86.63,-1.836,VISION,0.0,450.0,0,140.0,336.28,113.72,53.37,86.63,30.0,0.0
1779183993.5201004,336.28,86.63,-1.836,336.28,86.63,-1.836,VISION,0.0,450.0,0,140.0,336.28,113.72,53.37,86.63,30.0,0.0
1779183993.620437,336.28,86.63,-1.836,336.28,86.63,-1.836,VISION,0.0,450.0,0,140.0,336.28,113.72,53.37,86.63,30.0,0.0
1779183993.72081,336.28,86.61,-1.835,336.28,86.61,-1.835,VISION,0.0,450.0,0,140.0,336.28,113.72,53.39,86.61,30.0,0.0
1779183993.8211665,336.28,86.61,-1.835,336.28,86.61,-1.835,VISION,0.0,450.0,0,140.0,336.28,113.72,53.39,86.61,30.0,0.0
1779183993.9215198,336.28,86.61,-1.835,336.28,86.61,-1.835,VISION,0.0,450.0,0,140.0,336.28,113.72,53.39,86.61,30.0,0.0
1779183994.0218353,336.28,86.61,-1.835,336.28,86.61,-1.835,VISION,0.0,450.0,0,140.0,336.28,113.72,53.39,86.61,30.0,0.0
1779183994.1221607,336.28,86.61,-1.835,336.28,86.61,-1.835,VISION,0.0,450.0,0,140.0,336.28,113.72,53.39,86.61,30.0,0.0
1779183994.2225063,336.28,86.61,-1.835,336.28,86.61,-1.835,ESTIMA,0.0,450.0,0,140.0,336.28,113.72,53.39,86.61,30.0,0.0
1779183994.322804,336.29,86.63,-1.837,336.29,86.63,-1.837,VISION,0.0,450.0,0,140.0,336.29,113.71,53.37,86.63,30.0,0.0
1779183994.4231431,336.29,86.63,-1.837,336.29,86.63,-1.837,VISION,0.0,450.0,0,140.0,336.29,113.71,53.37,86.63,30.0,0.0
1779183994.5235353,336.29,86.63,-1.837,336.29,86.63,-1.837,VISION,0.0,450.0,0,140.0,336.29,113.71,53.37,86.63,30.0,0.0
1779183994.6239016,336.29,86.63,-1.837,336.29,86.63,-1.837,VISION,0.0,450.0,0,140.0,336.29,113.71,53.37,86.63,30.0,0.0
1779183994.7242281,336.29,86.63,-1.837,336.29,86.63,-1.837,VISION,0.0,450.0,0,140.0,336.29,113.71,53.37,86.63,30.0,0.0
1779183994.8245826,336.29,86.63,-1.837,336.29,86.63,-1.837,ESTIMA,0.0,450.0,0,140.0,336.29,113.71,53.37,86.63,30.0,0.0
1779183994.9249084,336.28,86.62,-1.837,336.28,86.62,-1.837,VISION,0.0,450.0,0,140.0,336.28,113.72,53.38,86.62,30.0,0.0
1779183995.0252855,336.28,86.62,-1.837,336.28,86.62,-1.837,VISION,0.0,450.0,0,140.0,336.28,113.72,53.38,86.62,30.0,0.0
1779183995.1256177,336.28,86.62,-1.837,336.28,86.62,-1.837,VISION,0.0,450.0,0,140.0,336.28,113.72,53.38,86.62,30.0,0.0
1779183995.225964,336.28,86.62,-1.837,336.28,86.62,-1.837,VISION,0.0,450.0,0,140.0,336.28,113.72,53.38,86.62,30.0,0.0
1779183995.326313,336.28,86.62,-1.837,336.28,86.62,-1.837,VISION,0.0,450.0,0,140.0,336.28,113.72,53.38,86.62,30.0,0.0
1779183995.426659,336.28,86.62,-1.837,336.28,86.62,-1.837,ESTIMA,0.0,450.0,0,140.0,336.28,113.72,53.38,86.62,30.0,0.0
1779183995.5270271,336.28,86.61,-1.837,336.28,86.61,-1.837,VISION,0.0,450.0,0,140.0,336.28,113.72,53.39,86.61,30.0,0.0
1779183995.6273677,336.28,86.61,-1.837,336.28,86.61,-1.837,VISION,0.0,450.0,0,140.0,336.28,113.72,53.39,86.61,30.0,0.0
1779183995.7277503,336.28,86.61,-1.837,336.28,86.61,-1.837,VISION,0.0,450.0,0,140.0,336.28,113.72,53.39,86.61,30.0,0.0
1779183995.828137,336.28,86.61,-1.837,336.28,86.61,-1.837,VISION,0.0,450.0,0,140.0,336.28,113.72,53.39,86.61,30.0,0.0
1779183995.9284823,336.28,86.61,-1.837,336.28,86.61,-1.837,VISION,0.0,450.0,0,140.0,336.28,113.72,53.39,86.61,30.0,0.0
1779183996.0290139,336.28,86.61,-1.837,336.28,86.61,-1.837,ESTIMA,0.0,450.0,0,140.0,336.28,113.72,53.39,86.61,30.0,0.0
1779183996.129462,336.29,86.61,-1.836,336.29,86.61,-1.836,VISION,0.0,450.0,0,140.0,336.29,113.71,53.39,86.61,30.0,0.0
1779183996.2299833,336.29,86.61,-1.836,336.29,86.61,-1.836,VISION,0.0,450.0,0,140.0,336.29,113.71,53.39,86.61,30.0,0.0
1779183996.3303225,336.29,86.61,-1.836,336.29,86.61,-1.836,VISION,0.0,450.0,0,140.0,336.29,113.71,53.39,86.61,30.0,0.0
1779183996.430779,336.29,86.61,-1.836,336.29,86.61,-1.836,VISION,0.0,450.0,0,140.0,336.29,113.71,53.39,86.61,30.0,0.0
1779183996.5311239,336.29,86.61,-1.836,336.29,86.61,-1.836,VISION,0.0,450.0,0,140.0,336.29,113.71,53.39,86.61,30.0,0.0
1779183996.6315284,336.29,86.61,-1.836,336.29,86.61,-1.836,ESTIMA,0.0,450.0,0,140.0,336.29,113.71,53.39,86.61,30.0,0.0
1779183996.7319207,336.28,86.61,-1.837,336.28,86.61,-1.837,VISION,0.0,450.0,0,140.0,336.28,113.72,53.39,86.61,30.0,0.0
1779183996.8323002,336.28,86.61,-1.837,336.28,86.61,-1.837,VISION,0.0,450.0,0,140.0,336.28,113.72,53.39,86.61,30.0,0.0
1779183996.932656,336.28,86.61,-1.837,336.28,86.61,-1.837,VISION,0.0,450.0,0,140.0,336.28,113.72,53.39,86.61,30.0,0.0
1779183997.032985,336.28,86.61,-1.837,336.28,86.61,-1.837,VISION,0.0,450.0,0,140.0,336.28,113.72,53.39,86.61,30.0,0.0
1779183997.133319,336.28,86.61,-1.837,336.28,86.61,-1.837,VISION,0.0,450.0,0,140.0,336.28,113.72,53.39,86.61,30.0,0.0
1779183997.233566,336.28,86.62,-1.836,336.28,86.62,-1.836,VISION,0.0,450.0,0,140.0,336.28,113.72,53.38,86.62,30.0,0.0
1779183997.334051,336.28,86.62,-1.836,336.28,86.62,-1.836,VISION,0.0,450.0,0,140.0,336.28,113.72,53.38,86.62,30.0,0.0
1779183997.4344459,336.28,86.62,-1.836,336.28,86.62,-1.836,VISION,0.0,450.0,0,140.0,336.28,113.72,53.38,86.62,30.0,0.0
1779183997.534842,336.28,86.62,-1.836,336.28,86.62,-1.836,VISION,0.0,450.0,0,140.0,336.28,113.72,53.38,86.62,30.0,0.0
1779183997.6351788,336.28,86.62,-1.836,336.28,86.62,-1.836,VISION,0.0,450.0,0,140.0,336.28,113.72,53.38,86.62,30.0,0.0
1779183997.7355642,336.28,86.62,-1.836,336.28,86.62,-1.836,ESTIMA,0.0,450.0,0,140.0,336.28,113.72,53.38,86.62,30.0,0.0
1779183997.8359566,336.28,86.61,-1.836,336.28,86.61,-1.836,VISION,0.0,450.0,0,140.0,336.28,113.72,53.39,86.61,30.0,0.0
1779183997.9363148,336.28,86.61,-1.836,336.28,86.61,-1.836,VISION,0.0,450.0,0,140.0,336.28,113.72,53.39,86.61,30.0,0.0
1779183998.0367773,336.28,86.61,-1.836,336.28,86.61,-1.836,VISION,0.0,450.0,0,140.0,336.28,113.72,53.39,86.61,30.0,0.0
1779183998.1372147,336.28,86.61,-1.836,336.28,86.61,-1.836,VISION,0.0,450.0,0,140.0,336.28,113.72,53.39,86.61,30.0,0.0
1779183998.2376466,336.28,86.61,-1.836,336.28,86.61,-1.836,VISION,0.0,450.0,0,140.0,336.28,113.72,53.39,86.61,30.0,0.0
1779183998.3379757,336.28,86.61,-1.836,336.28,86.61,-1.836,ESTIMA,0.0,450.0,0,140.0,336.28,113.72,53.39,86.61,30.0,0.0
1779183998.4383152,336.28,86.62,-1.836,336.28,86.62,-1.836,VISION,0.0,450.0,0,140.0,336.28,113.72,53.38,86.62,30.0,0.0
1779183998.5386922,336.28,86.62,-1.836,336.28,86.62,-1.836,VISION,0.0,450.0,0,140.0,336.28,113.72,53.38,86.62,30.0,0.0
1779183998.6390266,336.28,86.62,-1.836,336.28,86.62,-1.836,VISION,0.0,450.0,0,140.0,336.28,113.72,53.38,86.62,30.0,0.0
1779183998.7393832,336.28,86.62,-1.836,336.28,86.62,-1.836,VISION,0.0,450.0,0,140.0,336.28,113.72,53.38,86.62,30.0,0.0
1779183998.839805,336.28,86.62,-1.836,336.28,86.62,-1.836,VISION,0.0,450.0,0,140.0,336.28,113.72,53.38,86.62,30.0,0.0
1779183998.940305,336.28,86.62,-1.836,336.28,86.62,-1.836,ESTIMA,0.0,450.0,0,140.0,336.28,113.72,53.38,86.62,30.0,0.0
1779183999.0406299,336.28,86.62,-1.836,336.28,86.62,-1.836,VISION,0.0,450.0,0,140.0,336.28,113.72,53.38,86.62,30.0,0.0
1779183999.1409664,336.28,86.62,-1.836,336.28,86.62,-1.836,VISION,0.0,450.0,0,140.0,336.28,113.72,53.38,86.62,30.0,0.0
1779183999.2413237,336.28,86.62,-1.836,336.28,86.62,-1.836,VISION,0.0,450.0,0,140.0,336.28,113.72,53.38,86.62,30.0,0.0
1779183999.3416958,336.28,86.62,-1.836,336.28,86.62,-1.836,VISION,0.0,450.0,0,140.0,336.28,113.72,53.38,86.62,30.0,0.0
1779183999.4420595,336.28,86.62,-1.836,336.28,86.62,-1.836,VISION,0.0,450.0,0,140.0,336.28,113.72,53.38,86.62,30.0,0.0
1779183999.5424054,336.28,86.62,-1.836,336.28,86.62,-1.836,ESTIMA,0.0,450.0,0,140.0,336.28,113.72,53.38,86.62,30.0,0.0
1779183999.642797,336.28,86.61,-1.836,336.28,86.61,-1.836,VISION,0.0,450.0,0,140.0,336.28,113.72,53.39,86.61,30.0,0.0
1779183999.7431526,336.28,86.61,-1.836,336.28,86.61,-1.836,VISION,0.0,450.0,0,140.0,336.28,113.72,53.39,86.61,30.0,0.0
1779183999.8435001,336.28,86.61,-1.836,336.28,86.61,-1.836,VISION,0.0,450.0,0,140.0,336.28,113.72,53.39,86.61,30.0,0.0
1779183999.9439225,336.28,86.61,-1.836,336.28,86.61,-1.836,VISION,0.0,450.0,0,140.0,336.28,113.72,53.39,86.61,30.0,0.0
1779184000.0443234,336.28,86.61,-1.836,336.28,86.61,-1.836,VISION,0.0,450.0,0,140.0,336.28,113.72,53.39,86.61,30.0,0.0
1779184000.1446307,336.28,86.62,-1.835,336.28,86.62,-1.835,VISION,0.0,450.0,0,140.0,336.28,113.72,53.38,86.62,30.0,0.0
1779184000.2449675,336.28,86.62,-1.835,336.28,86.62,-1.835,VISION,0.0,450.0,0,140.0,336.28,113.72,53.38,86.62,30.0,0.0
1779184000.3454099,336.28,86.62,-1.835,336.28,86.62,-1.835,VISION,0.0,450.0,0,140.0,336.28,113.72,53.38,86.62,30.0,0.0
1779184000.445887,336.28,86.62,-1.835,336.28,86.62,-1.835,VISION,0.0,450.0,0,140.0,336.28,113.72,53.38,86.62,30.0,0.0
1779184000.5462296,336.28,86.62,-1.835,336.28,86.62,-1.835,VISION,0.0,450.0,0,140.0,336.28,113.72,53.38,86.62,30.0,0.0
1779184000.6465414,336.28,86.62,-1.835,336.28,86.62,-1.835,VISION,0.0,450.0,0,140.0,336.28,113.72,53.38,86.62,30.0,0.0
1779184000.746899,336.28,86.63,-1.838,336.28,86.63,-1.838,VISION,0.0,450.0,0,140.0,336.28,113.72,53.37,86.63,30.0,0.0
1779184000.8472965,336.28,86.63,-1.838,336.28,86.63,-1.838,VISION,0.0,450.0,0,140.0,336.28,113.72,53.37,86.63,30.0,0.0
1779184000.9476683,336.28,86.63,-1.838,336.28,86.63,-1.838,VISION,0.0,450.0,0,140.0,336.28,113.72,53.37,86.63,30.0,0.0
1779184001.0480006,336.28,86.63,-1.838,336.28,86.63,-1.838,VISION,0.0,450.0,0,140.0,336.28,113.72,53.37,86.63,30.0,0.0
1779184001.1483233,336.28,86.63,-1.838,336.28,86.63,-1.838,VISION,0.0,450.0,0,140.0,336.28,113.72,53.37,86.63,30.0,0.0
1779184001.2486532,336.28,86.63,-1.838,336.28,86.63,-1.838,ESTIMA,0.0,450.0,0,140.0,336.28,113.72,53.37,86.63,30.0,0.0
1779184001.34898,336.28,86.61,-1.836,336.28,86.61,-1.836,VISION,0.0,450.0,0,140.0,336.28,113.72,53.39,86.61,30.0,0.0
1779184001.4493551,336.28,86.61,-1.836,336.28,86.61,-1.836,VISION,0.0,450.0,0,140.0,336.28,113.72,53.39,86.61,30.0,0.0
1779184001.5497642,336.28,86.61,-1.836,336.28,86.61,-1.836,VISION,0.0,450.0,0,140.0,336.28,113.72,53.39,86.61,30.0,0.0
1779184001.6501203,336.28,86.61,-1.836,336.28,86.61,-1.836,VISION,0.0,450.0,0,140.0,336.28,113.72,53.39,86.61,30.0,0.0
1779184001.750522,336.28,86.61,-1.836,336.28,86.61,-1.836,VISION,0.0,450.0,0,140.0,336.28,113.72,53.39,86.61,30.0,0.0
1779184001.850947,336.28,86.61,-1.836,336.28,86.61,-1.836,ESTIMA,0.0,450.0,0,140.0,336.28,113.72,53.39,86.61,30.0,0.0
1779184001.9512625,336.28,86.63,-1.836,336.28,86.63,-1.836,VISION,0.0,450.0,0,140.0,336.28,113.72,53.37,86.63,30.0,0.0
1779184002.051614,336.28,86.63,-1.836,336.28,86.63,-1.836,VISION,0.0,450.0,0,140.0,336.28,113.72,53.37,86.63,30.0,0.0
1779184002.1519995,336.28,86.63,-1.836,336.28,86.63,-1.836,VISION,0.0,450.0,0,140.0,336.28,113.72,53.37,86.63,30.0,0.0
1779184002.2523212,336.28,86.63,-1.836,336.28,86.63,-1.836,VISION,0.0,450.0,0,140.0,336.28,113.72,53.37,86.63,30.0,0.0
1779184002.3527539,336.28,86.63,-1.836,336.28,86.63,-1.836,VISION,0.0,450.0,0,140.0,336.28,113.72,53.37,86.63,30.0,0.0
1779184002.4532266,336.28,86.63,-1.836,336.28,86.63,-1.836,ESTIMA,0.0,450.0,0,140.0,336.28,113.72,53.37,86.63,30.0,0.0
1779184002.5536506,336.28,86.62,-1.836,336.28,86.62,-1.836,VISION,0.0,450.0,0,140.0,336.28,113.72,53.38,86.62,30.0,0.0
1779184002.6540825,336.28,86.62,-1.836,336.28,86.62,-1.836,VISION,0.0,450.0,0,140.0,336.28,113.72,53.38,86.62,30.0,0.0
1779184002.754537,336.28,86.62,-1.836,336.28,86.62,-1.836,VISION,0.0,450.0,0,140.0,336.28,113.72,53.38,86.62,30.0,0.0
1779184002.8549743,336.28,86.62,-1.836,336.28,86.62,-1.836,VISION,0.0,450.0,0,140.0,336.28,113.72,53.38,86.62,30.0,0.0
1779184002.955402,336.28,86.62,-1.836,336.28,86.62,-1.836,VISION,0.0,450.0,0,140.0,336.28,113.72,53.38,86.62,30.0,0.0
1779184003.0558863,336.28,86.62,-1.836,336.28,86.62,-1.836,ESTIMA,0.0,450.0,0,140.0,336.28,113.72,53.38,86.62,30.0,0.0
1779184003.1563118,336.28,86.62,-1.836,336.28,86.62,-1.836,VISION,0.0,450.0,0,140.0,336.28,113.72,53.38,86.62,30.0,0.0
1779184003.2568226,336.28,86.62,-1.836,336.28,86.62,-1.836,VISION,0.0,450.0,0,140.0,336.28,113.72,53.38,86.62,30.0,0.0
1779184003.3572655,336.28,86.62,-1.836,336.28,86.62,-1.836,VISION,0.0,450.0,0,140.0,336.28,113.72,53.38,86.62,30.0,0.0
1779184003.4577043,336.28,86.62,-1.836,336.28,86.62,-1.836,VISION,0.0,450.0,0,140.0,336.28,113.72,53.38,86.62,30.0,0.0
1779184003.5581276,336.28,86.62,-1.836,336.28,86.62,-1.836,VISION,0.0,450.0,0,140.0,336.28,113.72,53.38,86.62,30.0,0.0
1779184003.6585557,336.28,86.62,-1.836,336.28,86.62,-1.836,VISION,0.0,450.0,0,140.0,336.28,113.72,53.38,86.62,30.0,0.0
1779184003.7589605,336.28,86.62,-1.836,336.28,86.62,-1.836,VISION,0.0,450.0,0,140.0,336.28,113.72,53.38,86.62,30.0,0.0
1779184003.8594177,336.28,86.62,-1.836,336.28,86.62,-1.836,VISION,0.0,450.0,0,140.0,336.28,113.72,53.38,86.62,30.0,0.0
1779184003.959877,336.28,86.62,-1.836,336.28,86.62,-1.836,VISION,0.0,450.0,0,140.0,336.28,113.72,53.38,86.62,30.0,0.0
1779184004.0603034,336.28,86.62,-1.836,336.28,86.62,-1.836,VISION,0.0,450.0,0,140.0,336.28,113.72,53.38,86.62,30.0,0.0
1779184004.1607423,336.28,86.62,-1.836,336.28,86.62,-1.836,VISION,0.0,450.0,0,140.0,336.28,113.72,53.38,86.62,30.0,0.0
1779184004.262327,336.28,86.63,-1.836,336.28,86.63,-1.836,VISION,0.0,450.0,0,140.0,336.28,113.72,53.37,86.63,30.0,0.0
1779184004.362754,336.28,86.63,-1.836,336.28,86.63,-1.836,VISION,0.0,450.0,0,140.0,336.28,113.72,53.37,86.63,30.0,0.0
1779184004.4631956,336.28,86.63,-1.836,336.28,86.63,-1.836,VISION,0.0,450.0,0,140.0,336.28,113.72,53.37,86.63,30.0,0.0
1779184004.5636036,336.28,86.63,-1.836,336.28,86.63,-1.836,VISION,0.0,450.0,0,140.0,336.28,113.72,53.37,86.63,30.0,0.0
1779184004.6640456,336.28,86.63,-1.836,336.28,86.63,-1.836,VISION,0.0,450.0,0,140.0,336.28,113.72,53.37,86.63,30.0,0.0
1779184004.7644901,336.28,86.63,-1.836,336.28,86.63,-1.836,ESTIMA,0.0,450.0,0,140.0,336.28,113.72,53.37,86.63,30.0,0.0
1779184004.8649633,336.28,86.62,-1.836,336.28,86.62,-1.836,VISION,0.0,450.0,0,140.0,336.28,113.72,53.38,86.62,30.0,0.0
1779184004.9653974,336.28,86.62,-1.836,336.28,86.62,-1.836,VISION,0.0,450.0,0,140.0,336.28,113.72,53.38,86.62,30.0,0.0
1779184005.0658677,336.28,86.62,-1.836,336.28,86.62,-1.836,VISION,0.0,450.0,0,140.0,336.28,113.72,53.38,86.62,30.0,0.0
1779184005.166278,336.28,86.62,-1.836,336.28,86.62,-1.836,VISION,0.0,450.0,0,140.0,336.28,113.72,53.38,86.62,30.0,0.0
1779184005.2667482,336.28,86.62,-1.836,336.28,86.62,-1.836,VISION,0.0,450.0,0,140.0,336.28,113.72,53.38,86.62,30.0,0.0
1779184005.367177,336.28,86.62,-1.836,336.28,86.62,-1.836,ESTIMA,0.0,450.0,0,140.0,336.28,113.72,53.38,86.62,30.0,0.0
1779184005.4676335,336.28,86.62,-1.836,336.28,86.62,-1.836,VISION,0.0,450.0,0,140.0,336.28,113.72,53.38,86.62,30.0,0.0
1779184005.56807,336.28,86.62,-1.836,336.28,86.62,-1.836,VISION,0.0,450.0,0,140.0,336.28,113.72,53.38,86.62,30.0,0.0
1779184005.6685178,336.28,86.62,-1.836,336.28,86.62,-1.836,VISION,0.0,450.0,0,140.0,336.28,113.72,53.38,86.62,30.0,0.0
1779184005.7688866,336.28,86.62,-1.836,336.28,86.62,-1.836,VISION,0.0,450.0,0,140.0,336.28,113.72,53.38,86.62,30.0,0.0
1779184005.8693464,336.28,86.62,-1.836,336.28,86.62,-1.836,VISION,0.0,450.0,0,140.0,336.28,113.72,53.38,86.62,30.0,0.0
1779184005.96985,336.28,86.62,-1.836,336.28,86.62,-1.836,ESTIMA,0.0,450.0,0,140.0,336.28,113.72,53.38,86.62,30.0,0.0
1779184006.0702596,336.28,86.61,-1.836,336.28,86.61,-1.836,VISION,0.0,450.0,0,140.0,336.28,113.72,53.39,86.61,30.0,0.0
1779184006.1707165,336.28,86.61,-1.836,336.28,86.61,-1.836,VISION,0.0,450.0,0,140.0,336.28,113.72,53.39,86.61,30.0,0.0
1779184006.271167,336.28,86.61,-1.836,336.28,86.61,-1.836,VISION,0.0,450.0,0,140.0,336.28,113.72,53.39,86.61,30.0,0.0
1779184006.371586,336.28,86.61,-1.836,336.28,86.61,-1.836,VISION,0.0,450.0,0,140.0,336.28,113.72,53.39,86.61,30.0,0.0
1779184006.471957,336.28,86.61,-1.836,336.28,86.61,-1.836,VISION,0.0,450.0,0,140.0,336.28,113.72,53.39,86.61,30.0,0.0
1779184006.5724468,336.28,86.61,-1.836,336.28,86.61,-1.836,ESTIMA,0.0,450.0,0,140.0,336.28,113.72,53.39,86.61,30.0,0.0
1779184006.6729076,336.28,86.63,-1.836,336.28,86.63,-1.836,VISION,0.0,450.0,0,140.0,336.28,113.72,53.37,86.63,30.0,0.0
1779184006.7732246,336.28,86.63,-1.836,336.28,86.63,-1.836,VISION,0.0,450.0,0,140.0,336.28,113.72,53.37,86.63,30.0,0.0
1779184006.873563,336.28,86.63,-1.836,336.28,86.63,-1.836,VISION,0.0,450.0,0,140.0,336.28,113.72,53.37,86.63,30.0,0.0
1779184006.9739187,336.28,86.63,-1.836,336.28,86.63,-1.836,VISION,0.0,450.0,0,140.0,336.28,113.72,53.37,86.63,30.0,0.0
1779184007.0742433,336.28,86.63,-1.836,336.28,86.63,-1.836,VISION,0.0,450.0,0,140.0,336.28,113.72,53.37,86.63,30.0,0.0
1779184007.1745255,336.28,86.63,-1.836,336.28,86.63,-1.836,VISION,0.0,450.0,0,140.0,336.28,113.72,53.37,86.63,30.0,0.0
1779184007.274862,336.28,86.63,-1.836,336.28,86.63,-1.836,VISION,0.0,450.0,0,140.0,336.28,113.72,53.37,86.63,30.0,0.0
1779184007.3751817,336.28,86.63,-1.836,336.28,86.63,-1.836,VISION,0.0,450.0,0,140.0,336.28,113.72,53.37,86.63,30.0,0.0
1779184007.4755175,336.28,86.63,-1.836,336.28,86.63,-1.836,VISION,0.0,450.0,0,140.0,336.28,113.72,53.37,86.63,30.0,0.0
1779184007.5758662,336.28,86.63,-1.836,336.28,86.63,-1.836,VISION,0.0,450.0,0,140.0,336.28,113.72,53.37,86.63,30.0,0.0
1779184007.6761954,336.28,86.63,-1.836,336.28,86.63,-1.836,ESTIMA,0.0,450.0,0,140.0,336.28,113.72,53.37,86.63,30.0,0.0
1779184007.7764955,336.28,86.61,-1.837,336.28,86.61,-1.837,VISION,0.0,450.0,0,140.0,336.28,113.72,53.39,86.61,30.0,0.0
1779184007.8768744,336.28,86.61,-1.837,336.28,86.61,-1.837,VISION,0.0,450.0,0,140.0,336.28,113.72,53.39,86.61,30.0,0.0
1779184007.9772081,336.28,86.61,-1.837,336.28,86.61,-1.837,VISION,0.0,450.0,0,140.0,336.28,113.72,53.39,86.61,30.0,0.0
1779184008.0775373,336.28,86.61,-1.837,336.28,86.61,-1.837,VISION,0.0,450.0,0,140.0,336.28,113.72,53.39,86.61,30.0,0.0
1779184008.1778405,336.28,86.61,-1.837,336.28,86.61,-1.837,VISION,0.0,450.0,0,140.0,336.28,113.72,53.39,86.61,30.0,0.0
1779184008.27818,336.28,86.61,-1.837,336.28,86.61,-1.837,ESTIMA,0.0,450.0,0,140.0,336.28,113.72,53.39,86.61,30.0,0.0
1779184008.3786848,336.29,86.61,-1.836,336.29,86.61,-1.836,VISION,0.0,450.0,0,140.0,336.29,113.71,53.39,86.61,30.0,0.0
1779184008.479025,336.29,86.61,-1.836,336.29,86.61,-1.836,VISION,0.0,450.0,0,140.0,336.29,113.71,53.39,86.61,30.0,0.0
1779184008.5793843,336.29,86.61,-1.836,336.29,86.61,-1.836,VISION,0.0,450.0,0,140.0,336.29,113.71,53.39,86.61,30.0,0.0
1779184008.6797576,336.29,86.61,-1.836,336.29,86.61,-1.836,VISION,0.0,450.0,0,140.0,336.29,113.71,53.39,86.61,30.0,0.0
1779184008.7800996,336.29,86.61,-1.836,336.29,86.61,-1.836,VISION,0.0,450.0,0,140.0,336.29,113.71,53.39,86.61,30.0,0.0
1779184008.880448,336.29,86.61,-1.836,336.29,86.61,-1.836,ESTIMA,0.0,450.0,0,140.0,336.29,113.71,53.39,86.61,30.0,0.0
1779184008.9808426,336.28,86.63,-1.836,336.28,86.63,-1.836,VISION,0.0,450.0,0,140.0,336.28,113.72,53.37,86.63,30.0,0.0
1779184009.0811691,336.28,86.63,-1.836,336.28,86.63,-1.836,VISION,0.0,450.0,0,140.0,336.28,113.72,53.37,86.63,30.0,0.0
1779184009.1814928,336.28,86.63,-1.836,336.28,86.63,-1.836,VISION,0.0,450.0,0,140.0,336.28,113.72,53.37,86.63,30.0,0.0
1779184009.2818084,336.28,86.63,-1.836,336.28,86.63,-1.836,VISION,0.0,450.0,0,140.0,336.28,113.72,53.37,86.63,30.0,0.0
1779184009.382113,336.28,86.63,-1.836,336.28,86.63,-1.836,VISION,0.0,450.0,0,140.0,336.28,113.72,53.37,86.63,30.0,0.0
1779184009.4828951,336.28,86.63,-1.836,336.28,86.63,-1.836,ESTIMA,0.0,450.0,0,140.0,336.28,113.72,53.37,86.63,30.0,0.0
1779184009.583253,336.28,86.61,-1.836,336.28,86.61,-1.836,VISION,0.0,450.0,0,140.0,336.28,113.72,53.39,86.61,30.0,0.0
1779184009.6835852,336.28,86.61,-1.836,336.28,86.61,-1.836,VISION,0.0,450.0,0,140.0,336.28,113.72,53.39,86.61,30.0,0.0
1779184009.783893,336.28,86.61,-1.836,336.28,86.61,-1.836,VISION,0.0,450.0,0,140.0,336.28,113.72,53.39,86.61,30.0,0.0
1779184009.8842447,336.28,86.61,-1.836,336.28,86.61,-1.836,VISION,0.0,450.0,0,140.0,336.28,113.72,53.39,86.61,30.0,0.0
1779184009.984583,336.28,86.61,-1.836,336.28,86.61,-1.836,VISION,0.0,450.0,0,140.0,336.28,113.72,53.39,86.61,30.0,0.0
1779184010.084907,336.28,86.61,-1.836,336.28,86.61,-1.836,ESTIMA,0.0,450.0,0,140.0,336.28,113.72,53.39,86.61,30.0,0.0
1779184010.1852276,336.28,86.62,-1.836,336.28,86.62,-1.836,VISION,0.0,450.0,0,140.0,336.28,113.72,53.38,86.62,30.0,0.0
1779184010.2855833,336.28,86.62,-1.836,336.28,86.62,-1.836,VISION,0.0,450.0,0,140.0,336.28,113.72,53.38,86.62,30.0,0.0
1779184010.385897,336.28,86.62,-1.836,336.28,86.62,-1.836,VISION,0.0,450.0,0,140.0,336.28,113.72,53.38,86.62,30.0,0.0
1779184010.486217,336.28,86.62,-1.836,336.28,86.62,-1.836,VISION,0.0,450.0,0,140.0,336.28,113.72,53.38,86.62,30.0,0.0
1779184010.5865743,336.28,86.62,-1.836,336.28,86.62,-1.836,VISION,0.0,450.0,0,140.0,336.28,113.72,53.38,86.62,30.0,0.0
1779184010.6868815,336.28,86.62,-1.836,336.28,86.62,-1.836,VISION,0.0,450.0,0,140.0,336.28,113.72,53.38,86.62,30.0,0.0
1779184010.7872477,336.28,86.62,-1.836,336.28,86.62,-1.836,VISION,0.0,450.0,0,140.0,336.28,113.72,53.38,86.62,30.0,0.0
1779184010.887617,336.28,86.62,-1.836,336.28,86.62,-1.836,VISION,0.0,450.0,0,140.0,336.28,113.72,53.38,86.62,30.0,0.0
1779184010.9879768,336.28,86.62,-1.836,336.28,86.62,-1.836,VISION,0.0,450.0,0,140.0,336.28,113.72,53.38,86.62,30.0,0.0
1779184011.0883312,336.28,86.62,-1.836,336.28,86.62,-1.836,VISION,0.0,450.0,0,140.0,336.28,113.72,53.38,86.62,30.0,0.0
1779184011.1886823,336.28,86.62,-1.836,336.28,86.62,-1.836,ESTIMA,0.0,450.0,0,140.0,336.28,113.72,53.38,86.62,30.0,0.0
1779184011.2889867,336.28,86.62,-1.836,336.28,86.62,-1.836,VISION,0.0,450.0,0,140.0,336.28,113.72,53.38,86.62,30.0,0.0
1779184011.3893294,336.28,86.62,-1.836,336.28,86.62,-1.836,VISION,0.0,450.0,0,140.0,336.28,113.72,53.38,86.62,30.0,0.0
1779184011.4897175,336.28,86.62,-1.836,336.28,86.62,-1.836,VISION,0.0,450.0,0,140.0,336.28,113.72,53.38,86.62,30.0,0.0
1779184011.5900416,336.28,86.62,-1.836,336.28,86.62,-1.836,VISION,0.0,450.0,0,140.0,336.28,113.72,53.38,86.62,30.0,0.0
1779184011.6903636,336.28,86.62,-1.836,336.28,86.62,-1.836,VISION,0.0,450.0,0,140.0,336.28,113.72,53.38,86.62,30.0,0.0
1779184011.790766,336.28,86.62,-1.836,336.28,86.62,-1.836,ESTIMA,0.0,450.0,0,140.0,336.28,113.72,53.38,86.62,30.0,0.0
1779184011.89107,336.28,86.62,-1.836,336.28,86.62,-1.836,VISION,0.0,450.0,0,140.0,336.28,113.72,53.38,86.62,30.0,0.0
1779184011.9915183,336.28,86.62,-1.836,336.28,86.62,-1.836,VISION,0.0,450.0,0,140.0,336.28,113.72,53.38,86.62,30.0,0.0
1779184012.091977,336.28,86.62,-1.836,336.28,86.62,-1.836,VISION,0.0,450.0,0,140.0,336.28,113.72,53.38,86.62,30.0,0.0
1779184012.1923056,336.28,86.62,-1.836,336.28,86.62,-1.836,VISION,0.0,450.0,0,140.0,336.28,113.72,53.38,86.62,30.0,0.0
1779184012.2926958,336.28,86.62,-1.836,336.28,86.62,-1.836,VISION,0.0,450.0,0,140.0,336.28,113.72,53.38,86.62,30.0,0.0
1779184012.3930244,336.28,86.62,-1.836,336.28,86.62,-1.836,ESTIMA,0.0,450.0,0,140.0,336.28,113.72,53.38,86.62,30.0,0.0
1779184012.4934034,336.28,86.62,-1.836,336.28,86.62,-1.836,VISION,0.0,450.0,0,140.0,336.28,113.72,53.38,86.62,30.0,0.0
1779184012.5938113,336.28,86.62,-1.836,336.28,86.62,-1.836,VISION,0.0,450.0,0,140.0,336.28,113.72,53.38,86.62,30.0,0.0
1779184012.6942437,336.28,86.62,-1.836,336.28,86.62,-1.836,VISION,0.0,450.0,0,140.0,336.28,113.72,53.38,86.62,30.0,0.0
1779184012.7945566,336.28,86.62,-1.836,336.28,86.62,-1.836,VISION,0.0,450.0,0,140.0,336.28,113.72,53.38,86.62,30.0,0.0
1779184012.8949335,336.28,86.62,-1.836,336.0804851246479,85.88541250183678,-1.8654212309211446,VISION,0.0,450.0,0,140.0,336.28,113.72,53.38,86.62,30.0,0.0
1779184012.9952898,335.45485629774583,83.82373726307806,-1.8323073818670017,335.45485629774583,83.82373726307806,-1.8323073818670017,ESTIMA,0.0,450.0,0,140.0,335.455,114.545,56.176,83.824,30.0,0.0
1779184013.0956452,336.28,86.62,-1.836,335.4884353807503,83.70556330818404,-1.8282695322919027,VISION,0.0,450.0,0,140.0,336.28,113.72,53.38,86.62,30.0,0.0
1779184013.1960242,336.28,86.62,-1.836,334.76914379151185,80.97391454768575,-1.8319742999011808,VISION,0.0,450.0,0,140.0,336.28,113.72,53.38,86.62,30.0,0.0
1779184013.2964513,336.28,86.62,-1.836,334.76914379151185,80.97391454768575,-1.8319742999011808,VISION,0.0,450.0,0,140.0,336.28,113.72,53.38,86.62,30.0,0.0
1779184013.3969991,336.28,86.62,-1.836,333.89700669660976,77.71094531947502,-1.8392635900398402,VISION,0.0,450.0,0,140.0,336.28,113.72,53.38,86.62,30.0,0.0
1779184013.4974055,336.28,86.62,-1.836,332.3852109294104,72.24640866052955,-1.8493785938956802,VISION,0.0,450.0,0,140.0,336.28,113.72,53.38,86.62,30.0,0.0
1779184013.5979068,331.4898316342624,69.11593061357596,-1.854363809622159,331.4898316342624,69.11593061357596,-1.854363809622159,ESTIMA,0.0,450.0,0,140.0,331.49,118.51,70.884,69.116,30.0,0.0
1779184013.698347,339.49,85.6,-1.772,339.49,85.6,-1.772,VISION,0.0,450.0,0,140.0,339.49,110.51,54.4,85.6,30.0,0.0
1779184013.7988513,339.49,85.6,-1.772,338.80790958902884,82.25582081027802,-1.778803239994454,VISION,0.0,450.0,0,140.0,339.49,110.51,54.4,85.6,30.0,0.0
1779184013.899298,339.49,85.6,-1.772,338.13259602760684,79.05618781647424,-1.797315667668149,VISION,0.0,450.0,0,140.0,339.49,110.51,54.4,85.6,30.0,0.0
1779184013.9997458,339.49,85.6,-1.772,337.3988699608903,75.87264721490789,-1.8192235321230412,VISION,0.0,450.0,0,140.0,339.49,110.51,54.4,85.6,30.0,0.0
1779184014.1002922,339.49,85.6,-1.772,336.30106051862833,71.54489330765395,-1.8550193013527656,VISION,0.0,450.0,0,140.0,339.49,110.51,54.4,85.6,30.0,0.0
1779184014.2006652,355.21,80.08,-1.82,355.21,80.08,-1.82,VISION,0.0,450.0,0,140.0,355.21,94.79,59.92,80.08,30.0,0.0
1779184014.301099,355.21,80.08,-1.82,354.22883606983277,76.22464576124091,-1.8508955411903958,VISION,0.0,450.0,0,140.0,355.21,94.79,59.92,80.08,30.0,0.0
1779184014.401518,355.21,80.08,-1.82,353.53963821456745,73.82878373762337,-1.870047812302341,VISION,0.0,450.0,0,140.0,355.21,94.79,59.92,80.08,30.0,0.0
1779184014.5019774,355.21,80.08,-1.82,352.56098124698906,70.65664350808353,-1.899405594526593,VISION,0.0,450.0,0,140.0,355.21,94.79,59.92,80.08,30.0,0.0
1779184014.6023762,355.21,80.08,-1.82,351.06388353262184,66.26596335624349,-1.9391111818442517,VISION,0.0,450.0,0,140.0,355.21,94.79,59.92,80.08,30.0,0.0
1779184014.7028008,350.20157757581796,64.03158042500539,-1.959300280423055,350.20157757581796,64.03158042500539,-1.959300280423055,ESTIMA,0.0,450.0,0,140.0,350.202,99.798,75.968,64.032,30.0,0.0
1779184014.8032,371.3,72.01,-2.006,371.3,72.01,-2.006,VISION,0.0,450.0,0,140.0,371.3,78.7,67.99,72.01,30.0,0.0
1779184014.9035995,371.3,72.01,-2.006,368.5884138865852,66.28011876001926,-2.0473824460895687,VISION,0.0,450.0,0,140.0,371.3,78.7,67.99,72.01,30.0,0.0
1779184015.0040338,371.3,72.01,-2.006,367.15120597463965,63.49633924307779,-2.065414600381023,VISION,0.0,450.0,0,140.0,371.3,78.7,67.99,72.01,30.0,0.0
1779184015.1044452,371.3,72.01,-2.006,365.57165086391893,60.56763066562463,-2.089996256636763,VISION,0.0,450.0,0,140.0,371.3,78.7,67.99,72.01,30.0,0.0
1779184015.2048676,371.3,72.01,-2.006,363.85564698964225,57.56499901312836,-2.112714982432203,VISION,0.0,450.0,0,140.0,371.3,78.7,67.99,72.01,30.0,0.0
1779184015.3051932,363.85564698964225,57.56499901312836,-2.112714982432203,363.85564698964225,57.56499901312836,-2.112714982432203,ESTIMA,0.0,450.0,0,140.0,363.856,86.144,82.435,57.565,30.0,0.0
1779184015.4055862,386.16,60.4,-2.245,386.16,60.4,-2.245,VISION,0.0,450.0,0,140.0,386.16,63.84,79.6,60.4,0.0,0.0
1779184015.5059202,386.16,60.4,-2.245,382.8284026749313,56.31390406534197,-2.290102796368466,VISION,0.0,450.0,0,140.0,386.16,63.84,79.6,60.4,0.0,0.0
1779184015.6062455,386.16,60.4,-2.245,381.08630226211005,54.324845339865696,-2.361208197922001,VISION,0.0,450.0,0,140.0,386.16,63.84,79.6,60.4,0.0,0.0
1779184015.7065656,386.16,60.4,-2.245,380.28993098185975,53.536419834089884,-2.474068607431698,VISION,0.0,450.0,0,140.0,386.16,63.84,79.6,60.4,0.0,0.0
1779184015.8069272,386.16,60.4,-2.245,380.28993098185975,53.536419834089884,-2.474068607431698,VISION,0.0,450.0,0,140.0,386.16,63.84,79.6,60.4,0.0,0.0
1779184015.9072862,379.6704769411301,53.056178492758065,-2.5822198318609044,379.6704769411301,53.056178492758065,-2.5822198318609044,ESTIMA,0.0,450.0,0,140.0,379.67,70.33,86.944,53.056,-20.0,0.0
1779184016.0076075,399.3,46.32,-2.448,399.3,46.32,-2.448,VISION,0.0,450.0,0,140.0,399.3,50.7,93.68,46.32,-20.0,0.0
1779184016.1079075,399.3,46.32,-2.448,395.02228741824484,42.76353546821315,-2.448,VISION,0.0,450.0,0,140.0,399.3,50.7,93.68,46.32,-20.0,0.0
1779184016.208228,399.3,46.32,-2.448,389.82815526004896,38.44516520817624,-2.448,VISION,0.0,450.0,0,140.0,399.3,50.7,93.68,46.32,-20.0,0.0
1779184016.3086162,399.3,46.32,-2.448,389.82815526004896,38.44516520817624,-2.448,VISION,0.0,450.0,0,140.0,399.3,50.7,93.68,46.32,-20.0,0.0
1779184016.4089289,399.3,46.32,-2.448,380.4943071294309,30.372662189754347,-2.319064230491375,VISION,0.0,450.0,0,140.0,399.3,50.7,93.68,46.32,0.0,0.0
1779184016.5092928,380.4943071294309,30.372662189754347,-2.319064230491375,380.4943071294309,30.372662189754347,-2.319064230491375,ESTIMA,0.0,450.0,0,140.0,380.494,69.506,109.627,30.373,0.0,0.0
1779184016.6096053,403.0,39.05,-2.848,402.71965211505835,38.965242540942455,-2.888397257640444,VISION,0.0,450.0,0,140.0,403.0,47.0,100.95,39.05,0.0,0.0
1779184016.7099392,403.0,39.05,-2.848,402.71965211505835,38.965242540942455,-2.888397257640444,VISION,0.0,450.0,0,140.0,403.0,47.0,100.95,39.05,0.0,0.0
