2026-07-09 15:46:51.425 - [robot_8_log_20260709_154651.csv] - INFO - Iniciando Robot_08 en el puerto de datos 5599...
2026-07-09 15:46:52.426 - [robot_8_log_20260709_154651.csv] - WARNING - Esperando posición inicial... Aún no se han recibido datos de visión.
2026-07-09 15:46:52.432 - [robot_8_log_20260709_154651.csv] - INFO - Agent Bouncer Robot is listening
2026-07-09 15:46:52.432 - [robot_8_log_20260709_154651.csv] - INFO - Suscrito a topic 8/pos
2026-07-09 15:46:52.432 - [robot_8_log_20260709_154651.csv] - INFO - Suscrito a topic b'arena/boundaries'
2026-07-09 15:46:52.432 - [robot_8_log_20260709_154651.csv] - INFO - Suscrito a topic agent/8/feedback
2026-07-09 15:46:52.432 - [robot_8_log_20260709_154651.csv] - INFO - Suscrito a topic agent/8/wheel
2026-07-09 15:46:52.432 - [robot_8_log_20260709_154651.csv] - INFO - Suscrito a topic 1/pos
2026-07-09 15:46:52.432 - [robot_8_log_20260709_154651.csv] - INFO - Suscrito a topic 2/pos
2026-07-09 15:46:52.432 - [robot_8_log_20260709_154651.csv] - INFO - Suscrito a topic 3/pos
2026-07-09 15:46:52.432 - [robot_8_log_20260709_154651.csv] - INFO - Suscrito a topic 4/pos
2026-07-09 15:46:52.432 - [robot_8_log_20260709_154651.csv] - INFO - Suscrito a topic 5/pos
2026-07-09 15:46:52.432 - [robot_8_log_20260709_154651.csv] - INFO - Suscrito a topic 6/pos
2026-07-09 15:46:52.432 - [robot_8_log_20260709_154651.csv] - INFO - Suscrito a topic 7/pos
2026-07-09 15:46:52.432 - [robot_8_log_20260709_154651.csv] - INFO - Suscrito a topic 9/pos
2026-07-09 15:46:52.476 - [robot_8_log_20260709_154651.csv] - WARNING - Esperando posición inicial... Aún no se han recibido datos de visión.
2026-07-09 15:46:52.526 - [robot_8_log_20260709_154651.csv] - WARNING - Esperando posición inicial... Aún no se han recibido datos de visión.
2026-07-09 15:46:52.563 - [robot_8_log_20260709_154651.csv] - INFO - Agent Bouncer Robot en marcha
2026-07-09 15:46:52.563 - [robot_8_log_20260709_154651.csv] - INFO - Agente Bouncer Robot y despachador en marcha.
2026-07-09 15:46:52.568 - [robot_8_log_20260709_154651.csv] - CRITICAL - Despachado a ZMQ -> agent/8/move: {'v': 0.0, 'w': 0.0}
2026-07-09 15:46:52.576 - [robot_8_log_20260709_154651.csv] - WARNING - Esperando posición inicial... Aún no se han recibido datos de visión.
2026-07-09 15:46:52.582 - [robot_8_log_20260709_154651.csv] - CRITICAL - Despachado a ZMQ -> agent/8/move: {'v': 0.0, 'w': 0.0}
2026-07-09 15:46:52.588 - [robot_8_log_20260709_154651.csv] - CRITICAL - Despachado a ZMQ -> agent/8/move: {'v': 0.0, 'w': 0.0}
2026-07-09 15:46:52.609 - [robot_8_log_20260709_154651.csv] - CRITICAL - Despachado a ZMQ -> agent/8/move: {'v': 0.0, 'w': 0.0}
2026-07-09 15:46:52.626 - [robot_8_log_20260709_154651.csv] - WARNING - Esperando posición inicial... Aún no se han recibido datos de visión.
2026-07-09 15:46:52.642 - [robot_8_log_20260709_154651.csv] - CRITICAL - Despachado a ZMQ -> agent/8/move: {'v': 0.0, 'w': 0.0}
2026-07-09 15:46:52.676 - [robot_8_log_20260709_154651.csv] - WARNING - Esperando posición inicial... Aún no se han recibido datos de visión.
2026-07-09 15:46:52.697 - [robot_8_log_20260709_154651.csv] - CRITICAL - Despachado a ZMQ -> agent/8/move: {'v': 0.0, 'w': 0.0}
2026-07-09 15:46:52.726 - [robot_8_log_20260709_154651.csv] - WARNING - Esperando posición inicial... Aún no se han recibido datos de visión.
2026-07-09 15:46:52.747 - [robot_8_log_20260709_154651.csv] - CRITICAL - Despachado a ZMQ -> agent/8/move: {'v': 0.0, 'w': 0.0}
2026-07-09 15:46:52.776 - [robot_8_log_20260709_154651.csv] - WARNING - Esperando posición inicial... Aún no se han recibido datos de visión.
2026-07-09 15:46:52.783 - [robot_8_log_20260709_154651.csv] - CRITICAL - Despachado a ZMQ -> agent/8/move: {'v': 0.0, 'w': 0.0}
2026-07-09 15:46:52.783 - [robot_8_log_20260709_154651.csv] - INFO - Recibido mensaje {"Wleft":-1.469935285e-14,"Wright":6.902811656e-15} en el topic agent/8/wheel
2026-07-09 15:46:52.788 - [robot_8_log_20260709_154651.csv] - DEBUG - procesando ['agent', '8', 'wheel']
2026-07-09 15:46:52.826 - [robot_8_log_20260709_154651.csv] - WARNING - Esperando posición inicial... Aún no se han recibido datos de visión.
2026-07-09 15:46:52.833 - [robot_8_log_20260709_154651.csv] - CRITICAL - Despachado a ZMQ -> agent/8/move: {'v': 0.0, 'w': 0.0}
2026-07-09 15:46:52.876 - [robot_8_log_20260709_154651.csv] - WARNING - Esperando posición inicial... Aún no se han recibido datos de visión.
2026-07-09 15:46:52.897 - [robot_8_log_20260709_154651.csv] - CRITICAL - Despachado a ZMQ -> agent/8/move: {'v': 0.0, 'w': 0.0}
2026-07-09 15:46:52.926 - [robot_8_log_20260709_154651.csv] - WARNING - Esperando posición inicial... Aún no se han recibido datos de visión.
2026-07-09 15:46:52.947 - [robot_8_log_20260709_154651.csv] - CRITICAL - Despachado a ZMQ -> agent/8/move: {'v': 0.0, 'w': 0.0}
2026-07-09 15:46:52.976 - [robot_8_log_20260709_154651.csv] - WARNING - Esperando posición inicial... Aún no se han recibido datos de visión.
2026-07-09 15:46:52.997 - [robot_8_log_20260709_154651.csv] - CRITICAL - Despachado a ZMQ -> agent/8/move: {'v': 0.0, 'w': 0.0}
2026-07-09 15:46:53.026 - [robot_8_log_20260709_154651.csv] - WARNING - Esperando posición inicial... Aún no se han recibido datos de visión.
2026-07-09 15:46:53.048 - [robot_8_log_20260709_154651.csv] - CRITICAL - Despachado a ZMQ -> agent/8/move: {'v': 0.0, 'w': 0.0}
2026-07-09 15:46:53.076 - [robot_8_log_20260709_154651.csv] - WARNING - Esperando posición inicial... Aún no se han recibido datos de visión.
2026-07-09 15:46:53.097 - [robot_8_log_20260709_154651.csv] - CRITICAL - Despachado a ZMQ -> agent/8/move: {'v': 0.0, 'w': 0.0}
2026-07-09 15:46:53.126 - [robot_8_log_20260709_154651.csv] - WARNING - Esperando posición inicial... Aún no se han recibido datos de visión.
2026-07-09 15:46:53.143 - [robot_8_log_20260709_154651.csv] - CRITICAL - Despachado a ZMQ -> agent/8/move: {'v': 0.0, 'w': 0.0}
2026-07-09 15:46:53.176 - [robot_8_log_20260709_154651.csv] - WARNING - Esperando posición inicial... Aún no se han recibido datos de visión.
2026-07-09 15:46:53.197 - [robot_8_log_20260709_154651.csv] - CRITICAL - Despachado a ZMQ -> agent/8/move: {'v': 0.0, 'w': 0.0}
2026-07-09 15:46:53.226 - [robot_8_log_20260709_154651.csv] - WARNING - Esperando posición inicial... Aún no se han recibido datos de visión.
2026-07-09 15:46:53.247 - [robot_8_log_20260709_154651.csv] - CRITICAL - Despachado a ZMQ -> agent/8/move: {'v': 0.0, 'w': 0.0}
2026-07-09 15:46:53.276 - [robot_8_log_20260709_154651.csv] - WARNING - Esperando posición inicial... Aún no se han recibido datos de visión.
2026-07-09 15:46:53.298 - [robot_8_log_20260709_154651.csv] - INFO - Recibido mensaje {"Wleft":-1.469935285e-14,"Wright":6.902811656e-15} en el topic agent/8/wheel
2026-07-09 15:46:53.298 - [robot_8_log_20260709_154651.csv] - CRITICAL - Despachado a ZMQ -> agent/8/move: {'v': 0.0, 'w': 0.0}
2026-07-09 15:46:53.315 - [robot_8_log_20260709_154651.csv] - DEBUG - procesando ['agent', '8', 'wheel']
2026-07-09 15:46:53.326 - [robot_8_log_20260709_154651.csv] - WARNING - Esperando posición inicial... Aún no se han recibido datos de visión.
2026-07-09 15:46:53.348 - [robot_8_log_20260709_154651.csv] - CRITICAL - Despachado a ZMQ -> agent/8/move: {'v': 0.0, 'w': 0.0}
2026-07-09 15:46:53.376 - [robot_8_log_20260709_154651.csv] - WARNING - Esperando posición inicial... Aún no se han recibido datos de visión.
2026-07-09 15:46:53.398 - [robot_8_log_20260709_154651.csv] - CRITICAL - Despachado a ZMQ -> agent/8/move: {'v': 0.0, 'w': 0.0}
2026-07-09 15:46:53.426 - [robot_8_log_20260709_154651.csv] - WARNING - Esperando posición inicial... Aún no se han recibido datos de visión.
2026-07-09 15:46:53.447 - [robot_8_log_20260709_154651.csv] - CRITICAL - Despachado a ZMQ -> agent/8/move: {'v': 0.0, 'w': 0.0}
2026-07-09 15:46:53.476 - [robot_8_log_20260709_154651.csv] - WARNING - Esperando posición inicial... Aún no se han recibido datos de visión.
2026-07-09 15:46:53.497 - [robot_8_log_20260709_154651.csv] - CRITICAL - Despachado a ZMQ -> agent/8/move: {'v': 0.0, 'w': 0.0}
2026-07-09 15:46:53.526 - [robot_8_log_20260709_154651.csv] - WARNING - Esperando posición inicial... Aún no se han recibido datos de visión.
2026-07-09 15:46:53.547 - [robot_8_log_20260709_154651.csv] - CRITICAL - Despachado a ZMQ -> agent/8/move: {'v': 0.0, 'w': 0.0}
2026-07-09 15:46:53.576 - [robot_8_log_20260709_154651.csv] - WARNING - Esperando posición inicial... Aún no se han recibido datos de visión.
2026-07-09 15:46:53.582 - [robot_8_log_20260709_154651.csv] - CRITICAL - Despachado a ZMQ -> agent/8/move: {'v': 0.0, 'w': 0.0}
2026-07-09 15:46:53.626 - [robot_8_log_20260709_154651.csv] - WARNING - Esperando posición inicial... Aún no se han recibido datos de visión.
2026-07-09 15:46:53.647 - [robot_8_log_20260709_154651.csv] - CRITICAL - Despachado a ZMQ -> agent/8/move: {'v': 0.0, 'w': 0.0}
2026-07-09 15:46:53.676 - [robot_8_log_20260709_154651.csv] - WARNING - Esperando posición inicial... Aún no se han recibido datos de visión.
2026-07-09 15:46:53.692 - [robot_8_log_20260709_154651.csv] - CRITICAL - Despachado a ZMQ -> agent/8/move: {'v': 0.0, 'w': 0.0}
2026-07-09 15:46:53.726 - [robot_8_log_20260709_154651.csv] - WARNING - Esperando posición inicial... Aún no se han recibido datos de visión.
2026-07-09 15:46:53.747 - [robot_8_log_20260709_154651.csv] - CRITICAL - Despachado a ZMQ -> agent/8/move: {'v': 0.0, 'w': 0.0}
2026-07-09 15:46:53.776 - [robot_8_log_20260709_154651.csv] - WARNING - Esperando posición inicial... Aún no se han recibido datos de visión.
2026-07-09 15:46:53.798 - [robot_8_log_20260709_154651.csv] - INFO - Recibido mensaje {"Wleft":-1.469935285e-14,"Wright":6.902811656e-15} en el topic agent/8/wheel
2026-07-09 15:46:53.798 - [robot_8_log_20260709_154651.csv] - CRITICAL - Despachado a ZMQ -> agent/8/move: {'v': 0.0, 'w': 0.0}
2026-07-09 15:46:53.815 - [robot_8_log_20260709_154651.csv] - DEBUG - procesando ['agent', '8', 'wheel']
2026-07-09 15:46:53.826 - [robot_8_log_20260709_154651.csv] - WARNING - Esperando posición inicial... Aún no se han recibido datos de visión.
2026-07-09 15:46:53.847 - [robot_8_log_20260709_154651.csv] - CRITICAL - Despachado a ZMQ -> agent/8/move: {'v': 0.0, 'w': 0.0}
2026-07-09 15:46:53.876 - [robot_8_log_20260709_154651.csv] - WARNING - Esperando posición inicial... Aún no se han recibido datos de visión.
2026-07-09 15:46:53.898 - [robot_8_log_20260709_154651.csv] - CRITICAL - Despachado a ZMQ -> agent/8/move: {'v': 0.0, 'w': 0.0}
2026-07-09 15:46:53.926 - [robot_8_log_20260709_154651.csv] - WARNING - Esperando posición inicial... Aún no se han recibido datos de visión.
2026-07-09 15:46:53.932 - [robot_8_log_20260709_154651.csv] - CRITICAL - Despachado a ZMQ -> agent/8/move: {'v': 0.0, 'w': 0.0}
2026-07-09 15:46:53.976 - [robot_8_log_20260709_154651.csv] - WARNING - Esperando posición inicial... Aún no se han recibido datos de visión.
2026-07-09 15:46:53.998 - [robot_8_log_20260709_154651.csv] - CRITICAL - Despachado a ZMQ -> agent/8/move: {'v': 0.0, 'w': 0.0}
2026-07-09 15:46:54.026 - [robot_8_log_20260709_154651.csv] - WARNING - Esperando posición inicial... Aún no se han recibido datos de visión.
2026-07-09 15:46:54.047 - [robot_8_log_20260709_154651.csv] - CRITICAL - Despachado a ZMQ -> agent/8/move: {'v': 0.0, 'w': 0.0}
2026-07-09 15:46:54.076 - [robot_8_log_20260709_154651.csv] - WARNING - Esperando posición inicial... Aún no se han recibido datos de visión.
2026-07-09 15:46:54.097 - [robot_8_log_20260709_154651.csv] - CRITICAL - Despachado a ZMQ -> agent/8/move: {'v': 0.0, 'w': 0.0}
2026-07-09 15:46:54.126 - [robot_8_log_20260709_154651.csv] - WARNING - Esperando posición inicial... Aún no se han recibido datos de visión.
2026-07-09 15:46:54.147 - [robot_8_log_20260709_154651.csv] - CRITICAL - Despachado a ZMQ -> agent/8/move: {'v': 0.0, 'w': 0.0}
2026-07-09 15:46:54.176 - [robot_8_log_20260709_154651.csv] - WARNING - Esperando posición inicial... Aún no se han recibido datos de visión.
2026-07-09 15:46:54.197 - [robot_8_log_20260709_154651.csv] - CRITICAL - Despachado a ZMQ -> agent/8/move: {'v': 0.0, 'w': 0.0}
2026-07-09 15:46:54.226 - [robot_8_log_20260709_154651.csv] - WARNING - Esperando posición inicial... Aún no se han recibido datos de visión.
2026-07-09 15:46:54.247 - [robot_8_log_20260709_154651.csv] - CRITICAL - Despachado a ZMQ -> agent/8/move: {'v': 0.0, 'w': 0.0}
2026-07-09 15:46:54.276 - [robot_8_log_20260709_154651.csv] - WARNING - Esperando posición inicial... Aún no se han recibido datos de visión.
2026-07-09 15:46:54.297 - [robot_8_log_20260709_154651.csv] - CRITICAL - Despachado a ZMQ -> agent/8/move: {'v': 0.0, 'w': 0.0}
2026-07-09 15:46:54.319 - [robot_8_log_20260709_154651.csv] - INFO - Recibido mensaje {"Wleft":-1.469935285e-14,"Wright":6.902811656e-15} en el topic agent/8/wheel
2026-07-09 15:46:54.325 - [robot_8_log_20260709_154651.csv] - DEBUG - procesando ['agent', '8', 'wheel']
2026-07-09 15:46:54.326 - [robot_8_log_20260709_154651.csv] - WARNING - Esperando posición inicial... Aún no se han recibido datos de visión.
2026-07-09 15:46:54.348 - [robot_8_log_20260709_154651.csv] - CRITICAL - Despachado a ZMQ -> agent/8/move: {'v': 0.0, 'w': 0.0}
2026-07-09 15:46:54.376 - [robot_8_log_20260709_154651.csv] - WARNING - Esperando posición inicial... Aún no se han recibido datos de visión.
2026-07-09 15:46:54.397 - [robot_8_log_20260709_154651.csv] - CRITICAL - Despachado a ZMQ -> agent/8/move: {'v': 0.0, 'w': 0.0}
2026-07-09 15:46:54.426 - [robot_8_log_20260709_154651.csv] - WARNING - Esperando posición inicial... Aún no se han recibido datos de visión.
2026-07-09 15:46:54.447 - [robot_8_log_20260709_154651.csv] - CRITICAL - Despachado a ZMQ -> agent/8/move: {'v': 0.0, 'w': 0.0}
2026-07-09 15:46:54.476 - [robot_8_log_20260709_154651.csv] - WARNING - Esperando posición inicial... Aún no se han recibido datos de visión.
2026-07-09 15:46:54.497 - [robot_8_log_20260709_154651.csv] - CRITICAL - Despachado a ZMQ -> agent/8/move: {'v': 0.0, 'w': 0.0}
2026-07-09 15:46:54.526 - [robot_8_log_20260709_154651.csv] - WARNING - Esperando posición inicial... Aún no se han recibido datos de visión.
2026-07-09 15:46:54.547 - [robot_8_log_20260709_154651.csv] - CRITICAL - Despachado a ZMQ -> agent/8/move: {'v': 0.0, 'w': 0.0}
2026-07-09 15:46:54.576 - [robot_8_log_20260709_154651.csv] - WARNING - Esperando posición inicial... Aún no se han recibido datos de visión.
2026-07-09 15:46:54.597 - [robot_8_log_20260709_154651.csv] - CRITICAL - Despachado a ZMQ -> agent/8/move: {'v': 0.0, 'w': 0.0}
2026-07-09 15:46:54.626 - [robot_8_log_20260709_154651.csv] - WARNING - Esperando posición inicial... Aún no se han recibido datos de visión.
2026-07-09 15:46:54.647 - [robot_8_log_20260709_154651.csv] - CRITICAL - Despachado a ZMQ -> agent/8/move: {'v': 0.0, 'w': 0.0}
2026-07-09 15:46:54.676 - [robot_8_log_20260709_154651.csv] - WARNING - Esperando posición inicial... Aún no se han recibido datos de visión.
2026-07-09 15:46:54.697 - [robot_8_log_20260709_154651.csv] - CRITICAL - Despachado a ZMQ -> agent/8/move: {'v': 0.0, 'w': 0.0}
2026-07-09 15:46:54.726 - [robot_8_log_20260709_154651.csv] - WARNING - Esperando posición inicial... Aún no se han recibido datos de visión.
2026-07-09 15:46:54.748 - [robot_8_log_20260709_154651.csv] - CRITICAL - Despachado a ZMQ -> agent/8/move: {'v': 0.0, 'w': 0.0}
2026-07-09 15:46:54.776 - [robot_8_log_20260709_154651.csv] - WARNING - Esperando posición inicial... Aún no se han recibido datos de visión.
2026-07-09 15:46:54.797 - [robot_8_log_20260709_154651.csv] - CRITICAL - Despachado a ZMQ -> agent/8/move: {'v': 0.0, 'w': 0.0}
2026-07-09 15:46:54.820 - [robot_8_log_20260709_154651.csv] - INFO - Recibido mensaje {"Wleft":-1.469935285e-14,"Wright":6.902811656e-15} en el topic agent/8/wheel
2026-07-09 15:46:54.825 - [robot_8_log_20260709_154651.csv] - DEBUG - procesando ['agent', '8', 'wheel']
2026-07-09 15:46:54.826 - [robot_8_log_20260709_154651.csv] - WARNING - Esperando posición inicial... Aún no se han recibido datos de visión.
2026-07-09 15:46:54.848 - [robot_8_log_20260709_154651.csv] - CRITICAL - Despachado a ZMQ -> agent/8/move: {'v': 0.0, 'w': 0.0}
2026-07-09 15:46:54.876 - [robot_8_log_20260709_154651.csv] - WARNING - Esperando posición inicial... Aún no se han recibido datos de visión.
2026-07-09 15:46:54.898 - [robot_8_log_20260709_154651.csv] - CRITICAL - Despachado a ZMQ -> agent/8/move: {'v': 0.0, 'w': 0.0}
2026-07-09 15:46:54.926 - [robot_8_log_20260709_154651.csv] - WARNING - Esperando posición inicial... Aún no se han recibido datos de visión.
2026-07-09 15:46:54.947 - [robot_8_log_20260709_154651.csv] - CRITICAL - Despachado a ZMQ -> agent/8/move: {'v': 0.0, 'w': 0.0}
2026-07-09 15:46:54.976 - [robot_8_log_20260709_154651.csv] - WARNING - Esperando posición inicial... Aún no se han recibido datos de visión.
2026-07-09 15:46:54.997 - [robot_8_log_20260709_154651.csv] - CRITICAL - Despachado a ZMQ -> agent/8/move: {'v': 0.0, 'w': 0.0}
2026-07-09 15:46:55.026 - [robot_8_log_20260709_154651.csv] - WARNING - Esperando posición inicial... Aún no se han recibido datos de visión.
2026-07-09 15:46:55.032 - [robot_8_log_20260709_154651.csv] - CRITICAL - Despachado a ZMQ -> agent/8/move: {'v': 0.0, 'w': 0.0}
2026-07-09 15:46:55.076 - [robot_8_log_20260709_154651.csv] - WARNING - Esperando posición inicial... Aún no se han recibido datos de visión.
2026-07-09 15:46:55.098 - [robot_8_log_20260709_154651.csv] - CRITICAL - Despachado a ZMQ -> agent/8/move: {'v': 0.0, 'w': 0.0}
2026-07-09 15:46:55.126 - [robot_8_log_20260709_154651.csv] - WARNING - Esperando posición inicial... Aún no se han recibido datos de visión.
2026-07-09 15:46:55.147 - [robot_8_log_20260709_154651.csv] - CRITICAL - Despachado a ZMQ -> agent/8/move: {'v': 0.0, 'w': 0.0}
2026-07-09 15:46:55.176 - [robot_8_log_20260709_154651.csv] - WARNING - Esperando posición inicial... Aún no se han recibido datos de visión.
2026-07-09 15:46:55.197 - [robot_8_log_20260709_154651.csv] - CRITICAL - Despachado a ZMQ -> agent/8/move: {'v': 0.0, 'w': 0.0}
2026-07-09 15:46:55.226 - [robot_8_log_20260709_154651.csv] - WARNING - Esperando posición inicial... Aún no se han recibido datos de visión.
2026-07-09 15:46:55.248 - [robot_8_log_20260709_154651.csv] - CRITICAL - Despachado a ZMQ -> agent/8/move: {'v': 0.0, 'w': 0.0}
2026-07-09 15:46:55.276 - [robot_8_log_20260709_154651.csv] - WARNING - Esperando posición inicial... Aún no se han recibido datos de visión.
2026-07-09 15:46:55.298 - [robot_8_log_20260709_154651.csv] - CRITICAL - Despachado a ZMQ -> agent/8/move: {'v': 0.0, 'w': 0.0}
2026-07-09 15:46:55.326 - [robot_8_log_20260709_154651.csv] - WARNING - Esperando posición inicial... Aún no se han recibido datos de visión.
2026-07-09 15:46:55.332 - [robot_8_log_20260709_154651.csv] - CRITICAL - Despachado a ZMQ -> agent/8/move: {'v': 0.0, 'w': 0.0}
2026-07-09 15:46:55.337 - [robot_8_log_20260709_154651.csv] - INFO - Recibido mensaje {"Wleft":-1.469935285e-14,"Wright":6.902811656e-15} en el topic agent/8/wheel
2026-07-09 15:46:55.349 - [robot_8_log_20260709_154651.csv] - DEBUG - procesando ['agent', '8', 'wheel']
2026-07-09 15:46:55.376 - [robot_8_log_20260709_154651.csv] - WARNING - Esperando posición inicial... Aún no se han recibido datos de visión.
2026-07-09 15:46:55.397 - [robot_8_log_20260709_154651.csv] - CRITICAL - Despachado a ZMQ -> agent/8/move: {'v': 0.0, 'w': 0.0}
2026-07-09 15:46:55.426 - [robot_8_log_20260709_154651.csv] - WARNING - Esperando posición inicial... Aún no se han recibido datos de visión.
2026-07-09 15:46:55.447 - [robot_8_log_20260709_154651.csv] - CRITICAL - Despachado a ZMQ -> agent/8/move: {'v': 0.0, 'w': 0.0}
2026-07-09 15:46:55.476 - [robot_8_log_20260709_154651.csv] - WARNING - Esperando posición inicial... Aún no se han recibido datos de visión.
2026-07-09 15:46:55.498 - [robot_8_log_20260709_154651.csv] - CRITICAL - Despachado a ZMQ -> agent/8/move: {'v': 0.0, 'w': 0.0}
2026-07-09 15:46:55.526 - [robot_8_log_20260709_154651.csv] - WARNING - Esperando posición inicial... Aún no se han recibido datos de visión.
2026-07-09 15:46:55.548 - [robot_8_log_20260709_154651.csv] - CRITICAL - Despachado a ZMQ -> agent/8/move: {'v': 0.0, 'w': 0.0}
2026-07-09 15:46:55.576 - [robot_8_log_20260709_154651.csv] - WARNING - Esperando posición inicial... Aún no se han recibido datos de visión.
2026-07-09 15:46:55.593 - [robot_8_log_20260709_154651.csv] - CRITICAL - Despachado a ZMQ -> agent/8/move: {'v': 0.0, 'w': 0.0}
2026-07-09 15:46:55.626 - [robot_8_log_20260709_154651.csv] - WARNING - Esperando posición inicial... Aún no se han recibido datos de visión.
2026-07-09 15:46:55.648 - [robot_8_log_20260709_154651.csv] - CRITICAL - Despachado a ZMQ -> agent/8/move: {'v': 0.0, 'w': 0.0}
2026-07-09 15:46:55.676 - [robot_8_log_20260709_154651.csv] - WARNING - Esperando posición inicial... Aún no se han recibido datos de visión.
2026-07-09 15:46:55.698 - [robot_8_log_20260709_154651.csv] - CRITICAL - Despachado a ZMQ -> agent/8/move: {'v': 0.0, 'w': 0.0}
2026-07-09 15:46:55.726 - [robot_8_log_20260709_154651.csv] - WARNING - Esperando posición inicial... Aún no se han recibido datos de visión.
2026-07-09 15:46:55.748 - [robot_8_log_20260709_154651.csv] - CRITICAL - Despachado a ZMQ -> agent/8/move: {'v': 0.0, 'w': 0.0}
2026-07-09 15:46:55.776 - [robot_8_log_20260709_154651.csv] - WARNING - Esperando posición inicial... Aún no se han recibido datos de visión.
2026-07-09 15:46:55.797 - [robot_8_log_20260709_154651.csv] - CRITICAL - Despachado a ZMQ -> agent/8/move: {'v': 0.0, 'w': 0.0}
2026-07-09 15:46:55.826 - [robot_8_log_20260709_154651.csv] - WARNING - Esperando posición inicial... Aún no se han recibido datos de visión.
2026-07-09 15:46:55.832 - [robot_8_log_20260709_154651.csv] - INFO - Recibido mensaje {"Wleft":-1.469935285e-14,"Wright":6.902811656e-15} en el topic agent/8/wheel
2026-07-09 15:46:55.852 - [robot_8_log_20260709_154651.csv] - CRITICAL - Despachado a ZMQ -> agent/8/move: {'v': 0.0, 'w': 0.0}
2026-07-09 15:46:55.864 - [robot_8_log_20260709_154651.csv] - DEBUG - procesando ['agent', '8', 'wheel']
2026-07-09 15:46:55.876 - [robot_8_log_20260709_154651.csv] - WARNING - Esperando posición inicial... Aún no se han recibido datos de visión.
2026-07-09 15:46:55.898 - [robot_8_log_20260709_154651.csv] - CRITICAL - Despachado a ZMQ -> agent/8/move: {'v': 0.0, 'w': 0.0}
2026-07-09 15:46:55.926 - [robot_8_log_20260709_154651.csv] - WARNING - Esperando posición inicial... Aún no se han recibido datos de visión.
2026-07-09 15:46:55.947 - [robot_8_log_20260709_154651.csv] - CRITICAL - Despachado a ZMQ -> agent/8/move: {'v': 0.0, 'w': 0.0}
2026-07-09 15:46:55.976 - [robot_8_log_20260709_154651.csv] - WARNING - Esperando posición inicial... Aún no se han recibido datos de visión.
2026-07-09 15:46:55.997 - [robot_8_log_20260709_154651.csv] - CRITICAL - Despachado a ZMQ -> agent/8/move: {'v': 0.0, 'w': 0.0}
2026-07-09 15:46:56.026 - [robot_8_log_20260709_154651.csv] - WARNING - Esperando posición inicial... Aún no se han recibido datos de visión.
2026-07-09 15:46:56.047 - [robot_8_log_20260709_154651.csv] - CRITICAL - Despachado a ZMQ -> agent/8/move: {'v': 0.0, 'w': 0.0}
2026-07-09 15:46:56.076 - [robot_8_log_20260709_154651.csv] - WARNING - Esperando posición inicial... Aún no se han recibido datos de visión.
2026-07-09 15:46:56.097 - [robot_8_log_20260709_154651.csv] - CRITICAL - Despachado a ZMQ -> agent/8/move: {'v': 0.0, 'w': 0.0}
2026-07-09 15:46:56.126 - [robot_8_log_20260709_154651.csv] - WARNING - Esperando posición inicial... Aún no se han recibido datos de visión.
2026-07-09 15:46:56.147 - [robot_8_log_20260709_154651.csv] - CRITICAL - Despachado a ZMQ -> agent/8/move: {'v': 0.0, 'w': 0.0}
2026-07-09 15:46:56.176 - [robot_8_log_20260709_154651.csv] - WARNING - Esperando posición inicial... Aún no se han recibido datos de visión.
2026-07-09 15:46:56.197 - [robot_8_log_20260709_154651.csv] - CRITICAL - Despachado a ZMQ -> agent/8/move: {'v': 0.0, 'w': 0.0}
2026-07-09 15:46:56.226 - [robot_8_log_20260709_154651.csv] - WARNING - Esperando posición inicial... Aún no se han recibido datos de visión.
2026-07-09 15:46:56.247 - [robot_8_log_20260709_154651.csv] - CRITICAL - Despachado a ZMQ -> agent/8/move: {'v': 0.0, 'w': 0.0}
2026-07-09 15:46:56.276 - [robot_8_log_20260709_154651.csv] - WARNING - Esperando posición inicial... Aún no se han recibido datos de visión.
2026-07-09 15:46:56.298 - [robot_8_log_20260709_154651.csv] - CRITICAL - Despachado a ZMQ -> agent/8/move: {'v': 0.0, 'w': 0.0}
2026-07-09 15:46:56.326 - [robot_8_log_20260709_154651.csv] - WARNING - Esperando posición inicial... Aún no se han recibido datos de visión.
2026-07-09 15:46:56.344 - [robot_8_log_20260709_154651.csv] - CRITICAL - Despachado a ZMQ -> agent/8/move: {'v': 0.0, 'w': 0.0}
2026-07-09 15:46:56.354 - [robot_8_log_20260709_154651.csv] - INFO - Recibido mensaje {"Wleft":-1.469935285e-14,"Wright":6.902811656e-15} en el topic agent/8/wheel
2026-07-09 15:46:56.367 - [robot_8_log_20260709_154651.csv] - DEBUG - procesando ['agent', '8', 'wheel']
2026-07-09 15:46:56.376 - [robot_8_log_20260709_154651.csv] - WARNING - Esperando posición inicial... Aún no se han recibido datos de visión.
2026-07-09 15:46:56.398 - [robot_8_log_20260709_154651.csv] - CRITICAL - Despachado a ZMQ -> agent/8/move: {'v': 0.0, 'w': 0.0}
2026-07-09 15:46:56.426 - [robot_8_log_20260709_154651.csv] - WARNING - Esperando posición inicial... Aún no se han recibido datos de visión.
2026-07-09 15:46:56.448 - [robot_8_log_20260709_154651.csv] - CRITICAL - Despachado a ZMQ -> agent/8/move: {'v': 0.0, 'w': 0.0}
2026-07-09 15:46:56.476 - [robot_8_log_20260709_154651.csv] - WARNING - Esperando posición inicial... Aún no se han recibido datos de visión.
2026-07-09 15:46:56.497 - [robot_8_log_20260709_154651.csv] - CRITICAL - Despachado a ZMQ -> agent/8/move: {'v': 0.0, 'w': 0.0}
2026-07-09 15:46:56.526 - [robot_8_log_20260709_154651.csv] - WARNING - Esperando posición inicial... Aún no se han recibido datos de visión.
2026-07-09 15:46:56.547 - [robot_8_log_20260709_154651.csv] - CRITICAL - Despachado a ZMQ -> agent/8/move: {'v': 0.0, 'w': 0.0}
2026-07-09 15:46:56.576 - [robot_8_log_20260709_154651.csv] - WARNING - Esperando posición inicial... Aún no se han recibido datos de visión.
2026-07-09 15:46:56.597 - [robot_8_log_20260709_154651.csv] - CRITICAL - Despachado a ZMQ -> agent/8/move: {'v': 0.0, 'w': 0.0}
2026-07-09 15:46:56.626 - [robot_8_log_20260709_154651.csv] - WARNING - Esperando posición inicial... Aún no se han recibido datos de visión.
2026-07-09 15:46:56.647 - [robot_8_log_20260709_154651.csv] - CRITICAL - Despachado a ZMQ -> agent/8/move: {'v': 0.0, 'w': 0.0}
2026-07-09 15:46:56.676 - [robot_8_log_20260709_154651.csv] - WARNING - Esperando posición inicial... Aún no se han recibido datos de visión.
2026-07-09 15:46:56.697 - [robot_8_log_20260709_154651.csv] - CRITICAL - Despachado a ZMQ -> agent/8/move: {'v': 0.0, 'w': 0.0}
2026-07-09 15:46:56.726 - [robot_8_log_20260709_154651.csv] - WARNING - Esperando posición inicial... Aún no se han recibido datos de visión.
2026-07-09 15:46:56.747 - [robot_8_log_20260709_154651.csv] - CRITICAL - Despachado a ZMQ -> agent/8/move: {'v': 0.0, 'w': 0.0}
2026-07-09 15:46:56.776 - [robot_8_log_20260709_154651.csv] - WARNING - Esperando posición inicial... Aún no se han recibido datos de visión.
2026-07-09 15:46:56.798 - [robot_8_log_20260709_154651.csv] - CRITICAL - Despachado a ZMQ -> agent/8/move: {'v': 0.0, 'w': 0.0}
2026-07-09 15:46:56.826 - [robot_8_log_20260709_154651.csv] - WARNING - Esperando posición inicial... Aún no se han recibido datos de visión.
2026-07-09 15:46:56.838 - [robot_8_log_20260709_154651.csv] - CRITICAL - Despachado a ZMQ -> agent/8/move: {'v': 0.0, 'w': 0.0}
2026-07-09 15:46:56.853 - [robot_8_log_20260709_154651.csv] - INFO - Recibido mensaje {"Wleft":-1.469935285e-14,"Wright":6.902811656e-15} en el topic agent/8/wheel
2026-07-09 15:46:56.859 - [robot_8_log_20260709_154651.csv] - DEBUG - procesando ['agent', '8', 'wheel']
2026-07-09 15:46:56.876 - [robot_8_log_20260709_154651.csv] - WARNING - Esperando posición inicial... Aún no se han recibido datos de visión.
2026-07-09 15:46:56.898 - [robot_8_log_20260709_154651.csv] - CRITICAL - Despachado a ZMQ -> agent/8/move: {'v': 0.0, 'w': 0.0}
2026-07-09 15:46:56.926 - [robot_8_log_20260709_154651.csv] - WARNING - Esperando posición inicial... Aún no se han recibido datos de visión.
2026-07-09 15:46:56.947 - [robot_8_log_20260709_154651.csv] - CRITICAL - Despachado a ZMQ -> agent/8/move: {'v': 0.0, 'w': 0.0}
2026-07-09 15:46:56.976 - [robot_8_log_20260709_154651.csv] - WARNING - Esperando posición inicial... Aún no se han recibido datos de visión.
2026-07-09 15:46:56.997 - [robot_8_log_20260709_154651.csv] - CRITICAL - Despachado a ZMQ -> agent/8/move: {'v': 0.0, 'w': 0.0}
2026-07-09 15:46:57.026 - [robot_8_log_20260709_154651.csv] - WARNING - Esperando posición inicial... Aún no se han recibido datos de visión.
2026-07-09 15:46:57.047 - [robot_8_log_20260709_154651.csv] - CRITICAL - Despachado a ZMQ -> agent/8/move: {'v': 0.0, 'w': 0.0}
2026-07-09 15:46:57.076 - [robot_8_log_20260709_154651.csv] - WARNING - Esperando posición inicial... Aún no se han recibido datos de visión.
2026-07-09 15:46:57.097 - [robot_8_log_20260709_154651.csv] - CRITICAL - Despachado a ZMQ -> agent/8/move: {'v': 0.0, 'w': 0.0}
2026-07-09 15:46:57.126 - [robot_8_log_20260709_154651.csv] - WARNING - Esperando posición inicial... Aún no se han recibido datos de visión.
2026-07-09 15:46:57.147 - [robot_8_log_20260709_154651.csv] - CRITICAL - Despachado a ZMQ -> agent/8/move: {'v': 0.0, 'w': 0.0}
2026-07-09 15:46:57.176 - [robot_8_log_20260709_154651.csv] - WARNING - Esperando posición inicial... Aún no se han recibido datos de visión.
2026-07-09 15:46:57.198 - [robot_8_log_20260709_154651.csv] - CRITICAL - Despachado a ZMQ -> agent/8/move: {'v': 0.0, 'w': 0.0}
2026-07-09 15:46:57.226 - [robot_8_log_20260709_154651.csv] - WARNING - Esperando posición inicial... Aún no se han recibido datos de visión.
2026-07-09 15:46:57.248 - [robot_8_log_20260709_154651.csv] - CRITICAL - Despachado a ZMQ -> agent/8/move: {'v': 0.0, 'w': 0.0}
2026-07-09 15:46:57.276 - [robot_8_log_20260709_154651.csv] - WARNING - Esperando posición inicial... Aún no se han recibido datos de visión.
2026-07-09 15:46:57.297 - [robot_8_log_20260709_154651.csv] - CRITICAL - Despachado a ZMQ -> agent/8/move: {'v': 0.0, 'w': 0.0}
2026-07-09 15:46:57.326 - [robot_8_log_20260709_154651.csv] - WARNING - Esperando posición inicial... Aún no se han recibido datos de visión.
2026-07-09 15:46:57.337 - [robot_8_log_20260709_154651.csv] - CRITICAL - Despachado a ZMQ -> agent/8/move: {'v': 0.0, 'w': 0.0}
2026-07-09 15:46:57.347 - [robot_8_log_20260709_154651.csv] - INFO - Recibido mensaje {"Wleft":-1.469935285e-14,"Wright":6.902811656e-15} en el topic agent/8/wheel
2026-07-09 15:46:57.352 - [robot_8_log_20260709_154651.csv] - DEBUG - procesando ['agent', '8', 'wheel']
2026-07-09 15:46:57.376 - [robot_8_log_20260709_154651.csv] - WARNING - Esperando posición inicial... Aún no se han recibido datos de visión.
2026-07-09 15:46:57.397 - [robot_8_log_20260709_154651.csv] - CRITICAL - Despachado a ZMQ -> agent/8/move: {'v': 0.0, 'w': 0.0}
2026-07-09 15:46:57.426 - [robot_8_log_20260709_154651.csv] - WARNING - Esperando posición inicial... Aún no se han recibido datos de visión.
2026-07-09 15:46:57.447 - [robot_8_log_20260709_154651.csv] - CRITICAL - Despachado a ZMQ -> agent/8/move: {'v': 0.0, 'w': 0.0}
2026-07-09 15:46:57.476 - [robot_8_log_20260709_154651.csv] - WARNING - Esperando posición inicial... Aún no se han recibido datos de visión.
2026-07-09 15:46:57.497 - [robot_8_log_20260709_154651.csv] - CRITICAL - Despachado a ZMQ -> agent/8/move: {'v': 0.0, 'w': 0.0}
2026-07-09 15:46:57.526 - [robot_8_log_20260709_154651.csv] - WARNING - Esperando posición inicial... Aún no se han recibido datos de visión.
2026-07-09 15:46:57.547 - [robot_8_log_20260709_154651.csv] - CRITICAL - Despachado a ZMQ -> agent/8/move: {'v': 0.0, 'w': 0.0}
2026-07-09 15:46:57.576 - [robot_8_log_20260709_154651.csv] - WARNING - Esperando posición inicial... Aún no se han recibido datos de visión.
2026-07-09 15:46:57.598 - [robot_8_log_20260709_154651.csv] - CRITICAL - Despachado a ZMQ -> agent/8/move: {'v': 0.0, 'w': 0.0}
2026-07-09 15:46:57.626 - [robot_8_log_20260709_154651.csv] - WARNING - Esperando posición inicial... Aún no se han recibido datos de visión.
2026-07-09 15:46:57.648 - [robot_8_log_20260709_154651.csv] - CRITICAL - Despachado a ZMQ -> agent/8/move: {'v': 0.0, 'w': 0.0}
2026-07-09 15:46:57.676 - [robot_8_log_20260709_154651.csv] - WARNING - Esperando posición inicial... Aún no se han recibido datos de visión.
2026-07-09 15:46:57.697 - [robot_8_log_20260709_154651.csv] - CRITICAL - Despachado a ZMQ -> agent/8/move: {'v': 0.0, 'w': 0.0}
2026-07-09 15:46:57.726 - [robot_8_log_20260709_154651.csv] - WARNING - Esperando posición inicial... Aún no se han recibido datos de visión.
2026-07-09 15:46:57.747 - [robot_8_log_20260709_154651.csv] - CRITICAL - Despachado a ZMQ -> agent/8/move: {'v': 0.0, 'w': 0.0}
2026-07-09 15:46:57.776 - [robot_8_log_20260709_154651.csv] - WARNING - Esperando posición inicial... Aún no se han recibido datos de visión.
2026-07-09 15:46:57.797 - [robot_8_log_20260709_154651.csv] - CRITICAL - Despachado a ZMQ -> agent/8/move: {'v': 0.0, 'w': 0.0}
2026-07-09 15:46:57.819 - [robot_8_log_20260709_154651.csv] - INFO - Recibido mensaje {"Wleft":-1.469935285e-14,"Wright":6.902811656e-15} en el topic agent/8/wheel
2026-07-09 15:46:57.825 - [robot_8_log_20260709_154651.csv] - DEBUG - procesando ['agent', '8', 'wheel']
2026-07-09 15:46:57.826 - [robot_8_log_20260709_154651.csv] - WARNING - Esperando posición inicial... Aún no se han recibido datos de visión.
2026-07-09 15:46:57.848 - [robot_8_log_20260709_154651.csv] - CRITICAL - Despachado a ZMQ -> agent/8/move: {'v': 0.0, 'w': 0.0}
2026-07-09 15:46:57.876 - [robot_8_log_20260709_154651.csv] - WARNING - Esperando posición inicial... Aún no se han recibido datos de visión.
2026-07-09 15:46:57.898 - [robot_8_log_20260709_154651.csv] - CRITICAL - Despachado a ZMQ -> agent/8/move: {'v': 0.0, 'w': 0.0}
2026-07-09 15:46:57.926 - [robot_8_log_20260709_154651.csv] - WARNING - Esperando posición inicial... Aún no se han recibido datos de visión.
2026-07-09 15:46:57.947 - [robot_8_log_20260709_154651.csv] - CRITICAL - Despachado a ZMQ -> agent/8/move: {'v': 0.0, 'w': 0.0}
2026-07-09 15:46:57.976 - [robot_8_log_20260709_154651.csv] - WARNING - Esperando posición inicial... Aún no se han recibido datos de visión.
2026-07-09 15:46:57.998 - [robot_8_log_20260709_154651.csv] - CRITICAL - Despachado a ZMQ -> agent/8/move: {'v': 0.0, 'w': 0.0}
2026-07-09 15:46:58.026 - [robot_8_log_20260709_154651.csv] - WARNING - Esperando posición inicial... Aún no se han recibido datos de visión.
2026-07-09 15:46:58.048 - [robot_8_log_20260709_154651.csv] - CRITICAL - Despachado a ZMQ -> agent/8/move: {'v': 0.0, 'w': 0.0}
2026-07-09 15:46:58.076 - [robot_8_log_20260709_154651.csv] - WARNING - Esperando posición inicial... Aún no se han recibido datos de visión.
2026-07-09 15:46:58.098 - [robot_8_log_20260709_154651.csv] - CRITICAL - Despachado a ZMQ -> agent/8/move: {'v': 0.0, 'w': 0.0}
2026-07-09 15:46:58.126 - [robot_8_log_20260709_154651.csv] - WARNING - Esperando posición inicial... Aún no se han recibido datos de visión.
2026-07-09 15:46:58.147 - [robot_8_log_20260709_154651.csv] - CRITICAL - Despachado a ZMQ -> agent/8/move: {'v': 0.0, 'w': 0.0}
2026-07-09 15:46:58.176 - [robot_8_log_20260709_154651.csv] - WARNING - Esperando posición inicial... Aún no se han recibido datos de visión.
2026-07-09 15:46:58.197 - [robot_8_log_20260709_154651.csv] - CRITICAL - Despachado a ZMQ -> agent/8/move: {'v': 0.0, 'w': 0.0}
2026-07-09 15:46:58.226 - [robot_8_log_20260709_154651.csv] - WARNING - Esperando posición inicial... Aún no se han recibido datos de visión.
2026-07-09 15:46:58.247 - [robot_8_log_20260709_154651.csv] - CRITICAL - Despachado a ZMQ -> agent/8/move: {'v': 0.0, 'w': 0.0}
2026-07-09 15:46:58.276 - [robot_8_log_20260709_154651.csv] - WARNING - Esperando posición inicial... Aún no se han recibido datos de visión.
2026-07-09 15:46:58.297 - [robot_8_log_20260709_154651.csv] - CRITICAL - Despachado a ZMQ -> agent/8/move: {'v': 0.0, 'w': 0.0}
2026-07-09 15:46:58.326 - [robot_8_log_20260709_154651.csv] - WARNING - Esperando posición inicial... Aún no se han recibido datos de visión.
2026-07-09 15:46:58.338 - [robot_8_log_20260709_154651.csv] - CRITICAL - Despachado a ZMQ -> agent/8/move: {'v': 0.0, 'w': 0.0}
2026-07-09 15:46:58.343 - [robot_8_log_20260709_154651.csv] - INFO - Recibido mensaje {"Wleft":-1.469935285e-14,"Wright":6.902811656e-15} en el topic agent/8/wheel
2026-07-09 15:46:58.348 - [robot_8_log_20260709_154651.csv] - DEBUG - procesando ['agent', '8', 'wheel']
2026-07-09 15:46:58.376 - [robot_8_log_20260709_154651.csv] - WARNING - Esperando posición inicial... Aún no se han recibido datos de visión.
2026-07-09 15:46:58.397 - [robot_8_log_20260709_154651.csv] - CRITICAL - Despachado a ZMQ -> agent/8/move: {'v': 0.0, 'w': 0.0}
2026-07-09 15:46:58.426 - [robot_8_log_20260709_154651.csv] - WARNING - Esperando posición inicial... Aún no se han recibido datos de visión.
2026-07-09 15:46:58.443 - [robot_8_log_20260709_154651.csv] - CRITICAL - Despachado a ZMQ -> agent/8/move: {'v': 0.0, 'w': 0.0}
2026-07-09 15:46:58.476 - [robot_8_log_20260709_154651.csv] - WARNING - Esperando posición inicial... Aún no se han recibido datos de visión.
2026-07-09 15:46:58.498 - [robot_8_log_20260709_154651.csv] - CRITICAL - Despachado a ZMQ -> agent/8/move: {'v': 0.0, 'w': 0.0}
2026-07-09 15:46:58.526 - [robot_8_log_20260709_154651.csv] - WARNING - Esperando posición inicial... Aún no se han recibido datos de visión.
2026-07-09 15:46:58.548 - [robot_8_log_20260709_154651.csv] - CRITICAL - Despachado a ZMQ -> agent/8/move: {'v': 0.0, 'w': 0.0}
2026-07-09 15:46:58.576 - [robot_8_log_20260709_154651.csv] - WARNING - Esperando posición inicial... Aún no se han recibido datos de visión.
2026-07-09 15:46:58.593 - [robot_8_log_20260709_154651.csv] - CRITICAL - Despachado a ZMQ -> agent/8/move: {'v': 0.0, 'w': 0.0}
2026-07-09 15:46:58.626 - [robot_8_log_20260709_154651.csv] - WARNING - Esperando posición inicial... Aún no se han recibido datos de visión.
2026-07-09 15:46:58.648 - [robot_8_log_20260709_154651.csv] - CRITICAL - Despachado a ZMQ -> agent/8/move: {'v': 0.0, 'w': 0.0}
2026-07-09 15:46:58.676 - [robot_8_log_20260709_154651.csv] - WARNING - Esperando posición inicial... Aún no se han recibido datos de visión.
2026-07-09 15:46:58.698 - [robot_8_log_20260709_154651.csv] - CRITICAL - Despachado a ZMQ -> agent/8/move: {'v': 0.0, 'w': 0.0}
2026-07-09 15:46:58.726 - [robot_8_log_20260709_154651.csv] - WARNING - Esperando posición inicial... Aún no se han recibido datos de visión.
2026-07-09 15:46:58.738 - [robot_8_log_20260709_154651.csv] - CRITICAL - Despachado a ZMQ -> agent/8/move: {'v': 0.0, 'w': 0.0}
2026-07-09 15:46:58.776 - [robot_8_log_20260709_154651.csv] - WARNING - Esperando posición inicial... Aún no se han recibido datos de visión.
2026-07-09 15:46:58.798 - [robot_8_log_20260709_154651.csv] - CRITICAL - Despachado a ZMQ -> agent/8/move: {'v': 0.0, 'w': 0.0}
2026-07-09 15:46:58.826 - [robot_8_log_20260709_154651.csv] - WARNING - Esperando posición inicial... Aún no se han recibido datos de visión.
2026-07-09 15:46:58.849 - [robot_8_log_20260709_154651.csv] - INFO - Recibido mensaje {"Wleft":-1.469935285e-14,"Wright":6.902811656e-15} en el topic agent/8/wheel
2026-07-09 15:46:58.844 - [robot_8_log_20260709_154651.csv] - CRITICAL - Despachado a ZMQ -> agent/8/move: {'v': 0.0, 'w': 0.0}
2026-07-09 15:46:58.866 - [robot_8_log_20260709_154651.csv] - DEBUG - procesando ['agent', '8', 'wheel']
2026-07-09 15:46:58.876 - [robot_8_log_20260709_154651.csv] - WARNING - Esperando posición inicial... Aún no se han recibido datos de visión.
2026-07-09 15:46:58.882 - [robot_8_log_20260709_154651.csv] - CRITICAL - Despachado a ZMQ -> agent/8/move: {'v': 0.0, 'w': 0.0}
2026-07-09 15:46:58.926 - [robot_8_log_20260709_154651.csv] - WARNING - Esperando posición inicial... Aún no se han recibido datos de visión.
2026-07-09 15:46:58.948 - [robot_8_log_20260709_154651.csv] - CRITICAL - Despachado a ZMQ -> agent/8/move: {'v': 0.0, 'w': 0.0}
2026-07-09 15:46:58.976 - [robot_8_log_20260709_154651.csv] - WARNING - Esperando posición inicial... Aún no se han recibido datos de visión.
2026-07-09 15:46:58.998 - [robot_8_log_20260709_154651.csv] - CRITICAL - Despachado a ZMQ -> agent/8/move: {'v': 0.0, 'w': 0.0}
2026-07-09 15:46:59.026 - [robot_8_log_20260709_154651.csv] - WARNING - Esperando posición inicial... Aún no se han recibido datos de visión.
2026-07-09 15:46:59.047 - [robot_8_log_20260709_154651.csv] - CRITICAL - Despachado a ZMQ -> agent/8/move: {'v': 0.0, 'w': 0.0}
2026-07-09 15:46:59.076 - [robot_8_log_20260709_154651.csv] - WARNING - Esperando posición inicial... Aún no se han recibido datos de visión.
2026-07-09 15:46:59.097 - [robot_8_log_20260709_154651.csv] - CRITICAL - Despachado a ZMQ -> agent/8/move: {'v': 0.0, 'w': 0.0}
2026-07-09 15:46:59.126 - [robot_8_log_20260709_154651.csv] - WARNING - Esperando posición inicial... Aún no se han recibido datos de visión.
2026-07-09 15:46:59.147 - [robot_8_log_20260709_154651.csv] - CRITICAL - Despachado a ZMQ -> agent/8/move: {'v': 0.0, 'w': 0.0}
2026-07-09 15:46:59.176 - [robot_8_log_20260709_154651.csv] - WARNING - Esperando posición inicial... Aún no se han recibido datos de visión.
2026-07-09 15:46:59.198 - [robot_8_log_20260709_154651.csv] - CRITICAL - Despachado a ZMQ -> agent/8/move: {'v': 0.0, 'w': 0.0}
2026-07-09 15:46:59.226 - [robot_8_log_20260709_154651.csv] - WARNING - Esperando posición inicial... Aún no se han recibido datos de visión.
2026-07-09 15:46:59.247 - [robot_8_log_20260709_154651.csv] - CRITICAL - Despachado a ZMQ -> agent/8/move: {'v': 0.0, 'w': 0.0}
2026-07-09 15:46:59.276 - [robot_8_log_20260709_154651.csv] - WARNING - Esperando posición inicial... Aún no se han recibido datos de visión.
2026-07-09 15:46:59.297 - [robot_8_log_20260709_154651.csv] - CRITICAL - Despachado a ZMQ -> agent/8/move: {'v': 0.0, 'w': 0.0}
2026-07-09 15:46:59.326 - [robot_8_log_20260709_154651.csv] - WARNING - Esperando posición inicial... Aún no se han recibido datos de visión.
2026-07-09 15:46:59.332 - [robot_8_log_20260709_154651.csv] - INFO - Recibido mensaje {"Wleft":-1.469935285e-14,"Wright":6.902811656e-15} en el topic agent/8/wheel
2026-07-09 15:46:59.342 - [robot_8_log_20260709_154651.csv] - CRITICAL - Despachado a ZMQ -> agent/8/move: {'v': 0.0, 'w': 0.0}
2026-07-09 15:46:59.359 - [robot_8_log_20260709_154651.csv] - DEBUG - procesando ['agent', '8', 'wheel']
2026-07-09 15:46:59.376 - [robot_8_log_20260709_154651.csv] - WARNING - Esperando posición inicial... Aún no se han recibido datos de visión.
2026-07-09 15:46:59.397 - [robot_8_log_20260709_154651.csv] - CRITICAL - Despachado a ZMQ -> agent/8/move: {'v': 0.0, 'w': 0.0}
2026-07-09 15:46:59.426 - [robot_8_log_20260709_154651.csv] - WARNING - Esperando posición inicial... Aún no se han recibido datos de visión.
2026-07-09 15:46:59.447 - [robot_8_log_20260709_154651.csv] - CRITICAL - Despachado a ZMQ -> agent/8/move: {'v': 0.0, 'w': 0.0}
2026-07-09 15:46:59.476 - [robot_8_log_20260709_154651.csv] - WARNING - Esperando posición inicial... Aún no se han recibido datos de visión.
2026-07-09 15:46:59.497 - [robot_8_log_20260709_154651.csv] - CRITICAL - Despachado a ZMQ -> agent/8/move: {'v': 0.0, 'w': 0.0}
2026-07-09 15:46:59.526 - [robot_8_log_20260709_154651.csv] - WARNING - Esperando posición inicial... Aún no se han recibido datos de visión.
2026-07-09 15:46:59.548 - [robot_8_log_20260709_154651.csv] - CRITICAL - Despachado a ZMQ -> agent/8/move: {'v': 0.0, 'w': 0.0}
2026-07-09 15:46:59.576 - [robot_8_log_20260709_154651.csv] - WARNING - Esperando posición inicial... Aún no se han recibido datos de visión.
2026-07-09 15:46:59.598 - [robot_8_log_20260709_154651.csv] - CRITICAL - Despachado a ZMQ -> agent/8/move: {'v': 0.0, 'w': 0.0}
2026-07-09 15:46:59.626 - [robot_8_log_20260709_154651.csv] - WARNING - Esperando posición inicial... Aún no se han recibido datos de visión.
2026-07-09 15:46:59.632 - [robot_8_log_20260709_154651.csv] - CRITICAL - Despachado a ZMQ -> agent/8/move: {'v': 0.0, 'w': 0.0}
2026-07-09 15:46:59.676 - [robot_8_log_20260709_154651.csv] - WARNING - Esperando posición inicial... Aún no se han recibido datos de visión.
2026-07-09 15:46:59.697 - [robot_8_log_20260709_154651.csv] - CRITICAL - Despachado a ZMQ -> agent/8/move: {'v': 0.0, 'w': 0.0}
2026-07-09 15:46:59.726 - [robot_8_log_20260709_154651.csv] - WARNING - Esperando posición inicial... Aún no se han recibido datos de visión.
2026-07-09 15:46:59.747 - [robot_8_log_20260709_154651.csv] - CRITICAL - Despachado a ZMQ -> agent/8/move: {'v': 0.0, 'w': 0.0}
2026-07-09 15:46:59.776 - [robot_8_log_20260709_154651.csv] - WARNING - Esperando posición inicial... Aún no se han recibido datos de visión.
2026-07-09 15:46:59.798 - [robot_8_log_20260709_154651.csv] - CRITICAL - Despachado a ZMQ -> agent/8/move: {'v': 0.0, 'w': 0.0}
2026-07-09 15:46:59.826 - [robot_8_log_20260709_154651.csv] - WARNING - Esperando posición inicial... Aún no se han recibido datos de visión.
2026-07-09 15:46:59.832 - [robot_8_log_20260709_154651.csv] - INFO - Recibido mensaje agent/7/move en el topic agent/8/wheel
2026-07-09 15:46:59.857 - [robot_8_log_20260709_154651.csv] - CRITICAL - Despachado a ZMQ -> agent/8/move: {'v': 0.0, 'w': 0.0}
2026-07-09 15:46:59.876 - [robot_8_log_20260709_154651.csv] - WARNING - Esperando posición inicial... Aún no se han recibido datos de visión.
2026-07-09 15:46:59.898 - [robot_8_log_20260709_154651.csv] - CRITICAL - Despachado a ZMQ -> agent/8/move: {'v': 0.0, 'w': 0.0}
2026-07-09 15:46:59.926 - [robot_8_log_20260709_154651.csv] - WARNING - Esperando posición inicial... Aún no se han recibido datos de visión.
2026-07-09 15:46:59.947 - [robot_8_log_20260709_154651.csv] - CRITICAL - Despachado a ZMQ -> agent/8/move: {'v': 0.0, 'w': 0.0}
2026-07-09 15:46:59.976 - [robot_8_log_20260709_154651.csv] - WARNING - Esperando posición inicial... Aún no se han recibido datos de visión.
2026-07-09 15:46:59.998 - [robot_8_log_20260709_154651.csv] - CRITICAL - Despachado a ZMQ -> agent/8/move: {'v': 0.0, 'w': 0.0}
2026-07-09 15:47:00.026 - [robot_8_log_20260709_154651.csv] - WARNING - Esperando posición inicial... Aún no se han recibido datos de visión.
2026-07-09 15:47:00.048 - [robot_8_log_20260709_154651.csv] - CRITICAL - Despachado a ZMQ -> agent/8/move: {'v': 0.0, 'w': 0.0}
2026-07-09 15:47:00.076 - [robot_8_log_20260709_154651.csv] - WARNING - Esperando posición inicial... Aún no se han recibido datos de visión.
2026-07-09 15:47:00.098 - [robot_8_log_20260709_154651.csv] - CRITICAL - Despachado a ZMQ -> agent/8/move: {'v': 0.0, 'w': 0.0}
2026-07-09 15:47:00.126 - [robot_8_log_20260709_154651.csv] - WARNING - Esperando posición inicial... Aún no se han recibido datos de visión.
2026-07-09 15:47:00.143 - [robot_8_log_20260709_154651.csv] - CRITICAL - Despachado a ZMQ -> agent/8/move: {'v': 0.0, 'w': 0.0}
2026-07-09 15:47:00.176 - [robot_8_log_20260709_154651.csv] - WARNING - Esperando posición inicial... Aún no se han recibido datos de visión.
2026-07-09 15:47:00.197 - [robot_8_log_20260709_154651.csv] - CRITICAL - Despachado a ZMQ -> agent/8/move: {'v': 0.0, 'w': 0.0}
2026-07-09 15:47:00.226 - [robot_8_log_20260709_154651.csv] - WARNING - Esperando posición inicial... Aún no se han recibido datos de visión.
2026-07-09 15:47:00.247 - [robot_8_log_20260709_154651.csv] - CRITICAL - Despachado a ZMQ -> agent/8/move: {'v': 0.0, 'w': 0.0}
2026-07-09 15:47:00.276 - [robot_8_log_20260709_154651.csv] - WARNING - Esperando posición inicial... Aún no se han recibido datos de visión.
2026-07-09 15:47:00.297 - [robot_8_log_20260709_154651.csv] - CRITICAL - Despachado a ZMQ -> agent/8/move: {'v': 0.0, 'w': 0.0}
2026-07-09 15:47:00.303 - [robot_8_log_20260709_154651.csv] - INFO - Recibido mensaje agent/8/wheel en el topic {"v": 0.0, "w": -2.7629637422340374}
2026-07-09 15:47:00.326 - [robot_8_log_20260709_154651.csv] - WARNING - Esperando posición inicial... Aún no se han recibido datos de visión.
2026-07-09 15:47:00.348 - [robot_8_log_20260709_154651.csv] - CRITICAL - Despachado a ZMQ -> agent/8/move: {'v': 0.0, 'w': 0.0}
2026-07-09 15:47:00.376 - [robot_8_log_20260709_154651.csv] - WARNING - Esperando posición inicial... Aún no se han recibido datos de visión.
2026-07-09 15:47:00.383 - [robot_8_log_20260709_154651.csv] - CRITICAL - Despachado a ZMQ -> agent/8/move: {'v': 0.0, 'w': 0.0}
2026-07-09 15:47:00.426 - [robot_8_log_20260709_154651.csv] - WARNING - Esperando posición inicial... Aún no se han recibido datos de visión.
2026-07-09 15:47:00.447 - [robot_8_log_20260709_154651.csv] - CRITICAL - Despachado a ZMQ -> agent/8/move: {'v': 0.0, 'w': 0.0}
2026-07-09 15:47:00.476 - [robot_8_log_20260709_154651.csv] - WARNING - Esperando posición inicial... Aún no se han recibido datos de visión.
2026-07-09 15:47:00.483 - [robot_8_log_20260709_154651.csv] - CRITICAL - Despachado a ZMQ -> agent/8/move: {'v': 0.0, 'w': 0.0}
2026-07-09 15:47:00.526 - [robot_8_log_20260709_154651.csv] - WARNING - Esperando posición inicial... Aún no se han recibido datos de visión.
2026-07-09 15:47:00.547 - [robot_8_log_20260709_154651.csv] - CRITICAL - Despachado a ZMQ -> agent/8/move: {'v': 0.0, 'w': 0.0}
2026-07-09 15:47:00.576 - [robot_8_log_20260709_154651.csv] - WARNING - Esperando posición inicial... Aún no se han recibido datos de visión.
2026-07-09 15:47:00.582 - [robot_8_log_20260709_154651.csv] - CRITICAL - Despachado a ZMQ -> agent/8/move: {'v': 0.0, 'w': 0.0}
2026-07-09 15:47:00.626 - [robot_8_log_20260709_154651.csv] - WARNING - Esperando posición inicial... Aún no se han recibido datos de visión.
2026-07-09 15:47:00.648 - [robot_8_log_20260709_154651.csv] - CRITICAL - Despachado a ZMQ -> agent/8/move: {'v': 0.0, 'w': 0.0}
2026-07-09 15:47:00.676 - [robot_8_log_20260709_154651.csv] - WARNING - Esperando posición inicial... Aún no se han recibido datos de visión.
2026-07-09 15:47:00.697 - [robot_8_log_20260709_154651.csv] - CRITICAL - Despachado a ZMQ -> agent/8/move: {'v': 0.0, 'w': 0.0}
2026-07-09 15:47:00.726 - [robot_8_log_20260709_154651.csv] - WARNING - Esperando posición inicial... Aún no se han recibido datos de visión.
2026-07-09 15:47:00.748 - [robot_8_log_20260709_154651.csv] - CRITICAL - Despachado a ZMQ -> agent/8/move: {'v': 0.0, 'w': 0.0}
2026-07-09 15:47:00.776 - [robot_8_log_20260709_154651.csv] - WARNING - Esperando posición inicial... Aún no se han recibido datos de visión.
2026-07-09 15:47:00.797 - [robot_8_log_20260709_154651.csv] - CRITICAL - Despachado a ZMQ -> agent/8/move: {'v': 0.0, 'w': 0.0}
2026-07-09 15:47:00.826 - [robot_8_log_20260709_154651.csv] - WARNING - Esperando posición inicial... Aún no se han recibido datos de visión.
2026-07-09 15:47:00.832 - [robot_8_log_20260709_154651.csv] - INFO - Recibido mensaje agent/8/wheel en el topic {"Wleft":-1.469935285e-14,"Wright":6.902811656e-15}
2026-07-09 15:47:00.842 - [robot_8_log_20260709_154651.csv] - CRITICAL - Despachado a ZMQ -> agent/8/move: {'v': 0.0, 'w': 0.0}
2026-07-09 15:47:00.876 - [robot_8_log_20260709_154651.csv] - WARNING - Esperando posición inicial... Aún no se han recibido datos de visión.
2026-07-09 15:47:00.897 - [robot_8_log_20260709_154651.csv] - CRITICAL - Despachado a ZMQ -> agent/8/move: {'v': 0.0, 'w': 0.0}
2026-07-09 15:47:00.926 - [robot_8_log_20260709_154651.csv] - WARNING - Esperando posición inicial... Aún no se han recibido datos de visión.
2026-07-09 15:47:00.947 - [robot_8_log_20260709_154651.csv] - CRITICAL - Despachado a ZMQ -> agent/8/move: {'v': 0.0, 'w': 0.0}
2026-07-09 15:47:00.976 - [robot_8_log_20260709_154651.csv] - WARNING - Esperando posición inicial... Aún no se han recibido datos de visión.
2026-07-09 15:47:00.998 - [robot_8_log_20260709_154651.csv] - CRITICAL - Despachado a ZMQ -> agent/8/move: {'v': 0.0, 'w': 0.0}
2026-07-09 15:47:01.026 - [robot_8_log_20260709_154651.csv] - WARNING - Esperando posición inicial... Aún no se han recibido datos de visión.
2026-07-09 15:47:01.047 - [robot_8_log_20260709_154651.csv] - CRITICAL - Despachado a ZMQ -> agent/8/move: {'v': 0.0, 'w': 0.0}
2026-07-09 15:47:01.076 - [robot_8_log_20260709_154651.csv] - WARNING - Esperando posición inicial... Aún no se han recibido datos de visión.
2026-07-09 15:47:01.097 - [robot_8_log_20260709_154651.csv] - CRITICAL - Despachado a ZMQ -> agent/8/move: {'v': 0.0, 'w': 0.0}
2026-07-09 15:47:01.126 - [robot_8_log_20260709_154651.csv] - WARNING - Esperando posición inicial... Aún no se han recibido datos de visión.
2026-07-09 15:47:01.148 - [robot_8_log_20260709_154651.csv] - CRITICAL - Despachado a ZMQ -> agent/8/move: {'v': 0.0, 'w': 0.0}
2026-07-09 15:47:01.176 - [robot_8_log_20260709_154651.csv] - WARNING - Esperando posición inicial... Aún no se han recibido datos de visión.
2026-07-09 15:47:01.197 - [robot_8_log_20260709_154651.csv] - CRITICAL - Despachado a ZMQ -> agent/8/move: {'v': 0.0, 'w': 0.0}
2026-07-09 15:47:01.226 - [robot_8_log_20260709_154651.csv] - WARNING - Esperando posición inicial... Aún no se han recibido datos de visión.
2026-07-09 15:47:01.248 - [robot_8_log_20260709_154651.csv] - CRITICAL - Despachado a ZMQ -> agent/8/move: {'v': 0.0, 'w': 0.0}
2026-07-09 15:47:01.276 - [robot_8_log_20260709_154651.csv] - WARNING - Esperando posición inicial... Aún no se han recibido datos de visión.
2026-07-09 15:47:01.298 - [robot_8_log_20260709_154651.csv] - CRITICAL - Despachado a ZMQ -> agent/8/move: {'v': 0.0, 'w': 0.0}
2026-07-09 15:47:01.326 - [robot_8_log_20260709_154651.csv] - WARNING - Esperando posición inicial... Aún no se han recibido datos de visión.
2026-07-09 15:47:01.333 - [robot_8_log_20260709_154651.csv] - INFO - Recibido mensaje agent/8/wheel en el topic {"Wleft":-1.469935285e-14,"Wright":6.902811656e-15}
2026-07-09 15:47:01.343 - [robot_8_log_20260709_154651.csv] - INFO - Recibido mensaje {"v": 0.0, "w": -1.344321599268992} en el topic agent/7/move
2026-07-09 15:47:01.353 - [robot_8_log_20260709_154651.csv] - CRITICAL - Despachado a ZMQ -> agent/8/move: {'v': 0.0, 'w': 0.0}
2026-07-09 15:47:01.359 - [robot_8_log_20260709_154651.csv] - DEBUG - procesando ['agent', '7', 'move']
2026-07-09 15:47:01.359 - [robot_8_log_20260709_154651.csv] - WARNING - Mensaje recibido en topic desconocido: agent/7/move
2026-07-09 15:47:01.376 - [robot_8_log_20260709_154651.csv] - WARNING - Esperando posición inicial... Aún no se han recibido datos de visión.
2026-07-09 15:47:01.383 - [robot_8_log_20260709_154651.csv] - CRITICAL - Despachado a ZMQ -> agent/8/move: {'v': 0.0, 'w': 0.0}
2026-07-09 15:47:01.426 - [robot_8_log_20260709_154651.csv] - WARNING - Esperando posición inicial... Aún no se han recibido datos de visión.
2026-07-09 15:47:01.442 - [robot_8_log_20260709_154651.csv] - CRITICAL - Despachado a ZMQ -> agent/8/move: {'v': 0.0, 'w': 0.0}
2026-07-09 15:47:01.476 - [robot_8_log_20260709_154651.csv] - WARNING - Esperando posición inicial... Aún no se han recibido datos de visión.
2026-07-09 15:47:01.498 - [robot_8_log_20260709_154651.csv] - CRITICAL - Despachado a ZMQ -> agent/8/move: {'v': 0.0, 'w': 0.0}
2026-07-09 15:47:01.526 - [robot_8_log_20260709_154651.csv] - WARNING - Esperando posición inicial... Aún no se han recibido datos de visión.
2026-07-09 15:47:01.548 - [robot_8_log_20260709_154651.csv] - CRITICAL - Despachado a ZMQ -> agent/8/move: {'v': 0.0, 'w': 0.0}
2026-07-09 15:47:01.576 - [robot_8_log_20260709_154651.csv] - WARNING - Esperando posición inicial... Aún no se han recibido datos de visión.
2026-07-09 15:47:01.597 - [robot_8_log_20260709_154651.csv] - CRITICAL - Despachado a ZMQ -> agent/8/move: {'v': 0.0, 'w': 0.0}
2026-07-09 15:47:01.626 - [robot_8_log_20260709_154651.csv] - WARNING - Esperando posición inicial... Aún no se han recibido datos de visión.
2026-07-09 15:47:01.647 - [robot_8_log_20260709_154651.csv] - CRITICAL - Despachado a ZMQ -> agent/8/move: {'v': 0.0, 'w': 0.0}
2026-07-09 15:47:01.676 - [robot_8_log_20260709_154651.csv] - WARNING - Esperando posición inicial... Aún no se han recibido datos de visión.
2026-07-09 15:47:01.697 - [robot_8_log_20260709_154651.csv] - CRITICAL - Despachado a ZMQ -> agent/8/move: {'v': 0.0, 'w': 0.0}
2026-07-09 15:47:01.726 - [robot_8_log_20260709_154651.csv] - WARNING - Esperando posición inicial... Aún no se han recibido datos de visión.
2026-07-09 15:47:01.747 - [robot_8_log_20260709_154651.csv] - CRITICAL - Despachado a ZMQ -> agent/8/move: {'v': 0.0, 'w': 0.0}
2026-07-09 15:47:01.776 - [robot_8_log_20260709_154651.csv] - WARNING - Esperando posición inicial... Aún no se han recibido datos de visión.
2026-07-09 15:47:01.797 - [robot_8_log_20260709_154651.csv] - CRITICAL - Despachado a ZMQ -> agent/8/move: {'v': 0.0, 'w': 0.0}
2026-07-09 15:47:01.826 - [robot_8_log_20260709_154651.csv] - WARNING - Esperando posición inicial... Aún no se han recibido datos de visión.
2026-07-09 15:47:01.847 - [robot_8_log_20260709_154651.csv] - CRITICAL - Despachado a ZMQ -> agent/8/move: {'v': 0.0, 'w': 0.0}
2026-07-09 15:47:01.876 - [robot_8_log_20260709_154651.csv] - WARNING - Esperando posición inicial... Aún no se han recibido datos de visión.
2026-07-09 15:47:01.897 - [robot_8_log_20260709_154651.csv] - CRITICAL - Despachado a ZMQ -> agent/8/move: {'v': 0.0, 'w': 0.0}
2026-07-09 15:47:01.926 - [robot_8_log_20260709_154651.csv] - WARNING - Esperando posición inicial... Aún no se han recibido datos de visión.
2026-07-09 15:47:01.947 - [robot_8_log_20260709_154651.csv] - CRITICAL - Despachado a ZMQ -> agent/8/move: {'v': 0.0, 'w': 0.0}
2026-07-09 15:47:01.976 - [robot_8_log_20260709_154651.csv] - WARNING - Esperando posición inicial... Aún no se han recibido datos de visión.
2026-07-09 15:47:01.982 - [robot_8_log_20260709_154651.csv] - CRITICAL - Despachado a ZMQ -> agent/8/move: {'v': 0.0, 'w': 0.0}
2026-07-09 15:47:02.026 - [robot_8_log_20260709_154651.csv] - WARNING - Esperando posición inicial... Aún no se han recibido datos de visión.
2026-07-09 15:47:02.047 - [robot_8_log_20260709_154651.csv] - CRITICAL - Despachado a ZMQ -> agent/8/move: {'v': 0.0, 'w': 0.0}
2026-07-09 15:47:02.076 - [robot_8_log_20260709_154651.csv] - WARNING - Esperando posición inicial... Aún no se han recibido datos de visión.
2026-07-09 15:47:02.097 - [robot_8_log_20260709_154651.csv] - CRITICAL - Despachado a ZMQ -> agent/8/move: {'v': 0.0, 'w': 0.0}
2026-07-09 15:47:02.126 - [robot_8_log_20260709_154651.csv] - WARNING - Esperando posición inicial... Aún no se han recibido datos de visión.
2026-07-09 15:47:02.147 - [robot_8_log_20260709_154651.csv] - CRITICAL - Despachado a ZMQ -> agent/8/move: {'v': 0.0, 'w': 0.0}
2026-07-09 15:47:02.176 - [robot_8_log_20260709_154651.csv] - WARNING - Esperando posición inicial... Aún no se han recibido datos de visión.
2026-07-09 15:47:02.198 - [robot_8_log_20260709_154651.csv] - CRITICAL - Despachado a ZMQ -> agent/8/move: {'v': 0.0, 'w': 0.0}
2026-07-09 15:47:02.226 - [robot_8_log_20260709_154651.csv] - WARNING - Esperando posición inicial... Aún no se han recibido datos de visión.
2026-07-09 15:47:02.247 - [robot_8_log_20260709_154651.csv] - CRITICAL - Despachado a ZMQ -> agent/8/move: {'v': 0.0, 'w': 0.0}
2026-07-09 15:47:02.276 - [robot_8_log_20260709_154651.csv] - WARNING - Esperando posición inicial... Aún no se han recibido datos de visión.
2026-07-09 15:47:02.297 - [robot_8_log_20260709_154651.csv] - CRITICAL - Despachado a ZMQ -> agent/8/move: {'v': 0.0, 'w': 0.0}
2026-07-09 15:47:02.326 - [robot_8_log_20260709_154651.csv] - WARNING - Esperando posición inicial... Aún no se han recibido datos de visión.
2026-07-09 15:47:02.337 - [robot_8_log_20260709_154651.csv] - CRITICAL - Despachado a ZMQ -> agent/8/move: {'v': 0.0, 'w': 0.0}
2026-07-09 15:47:02.354 - [robot_8_log_20260709_154651.csv] - INFO - Recibido mensaje agent/7/move en el topic agent/8/wheel
2026-07-09 15:47:02.376 - [robot_8_log_20260709_154651.csv] - WARNING - Esperando posición inicial... Aún no se han recibido datos de visión.
2026-07-09 15:47:02.397 - [robot_8_log_20260709_154651.csv] - CRITICAL - Despachado a ZMQ -> agent/8/move: {'v': 0.0, 'w': 0.0}
2026-07-09 15:47:02.426 - [robot_8_log_20260709_154651.csv] - WARNING - Esperando posición inicial... Aún no se han recibido datos de visión.
2026-07-09 15:47:02.447 - [robot_8_log_20260709_154651.csv] - CRITICAL - Despachado a ZMQ -> agent/8/move: {'v': 0.0, 'w': 0.0}
2026-07-09 15:47:02.476 - [robot_8_log_20260709_154651.csv] - WARNING - Esperando posición inicial... Aún no se han recibido datos de visión.
2026-07-09 15:47:02.497 - [robot_8_log_20260709_154651.csv] - CRITICAL - Despachado a ZMQ -> agent/8/move: {'v': 0.0, 'w': 0.0}
2026-07-09 15:47:02.526 - [robot_8_log_20260709_154651.csv] - WARNING - Esperando posición inicial... Aún no se han recibido datos de visión.
2026-07-09 15:47:02.547 - [robot_8_log_20260709_154651.csv] - CRITICAL - Despachado a ZMQ -> agent/8/move: {'v': 0.0, 'w': 0.0}
2026-07-09 15:47:02.576 - [robot_8_log_20260709_154651.csv] - WARNING - Esperando posición inicial... Aún no se han recibido datos de visión.
2026-07-09 15:47:02.597 - [robot_8_log_20260709_154651.csv] - CRITICAL - Despachado a ZMQ -> agent/8/move: {'v': 0.0, 'w': 0.0}
2026-07-09 15:47:02.626 - [robot_8_log_20260709_154651.csv] - WARNING - Esperando posición inicial... Aún no se han recibido datos de visión.
2026-07-09 15:47:02.647 - [robot_8_log_20260709_154651.csv] - CRITICAL - Despachado a ZMQ -> agent/8/move: {'v': 0.0, 'w': 0.0}
2026-07-09 15:47:02.676 - [robot_8_log_20260709_154651.csv] - WARNING - Esperando posición inicial... Aún no se han recibido datos de visión.
2026-07-09 15:47:02.697 - [robot_8_log_20260709_154651.csv] - CRITICAL - Despachado a ZMQ -> agent/8/move: {'v': 0.0, 'w': 0.0}
2026-07-09 15:47:02.726 - [robot_8_log_20260709_154651.csv] - WARNING - Esperando posición inicial... Aún no se han recibido datos de visión.
2026-07-09 15:47:02.747 - [robot_8_log_20260709_154651.csv] - CRITICAL - Despachado a ZMQ -> agent/8/move: {'v': 0.0, 'w': 0.0}
2026-07-09 15:47:02.776 - [robot_8_log_20260709_154651.csv] - WARNING - Esperando posición inicial... Aún no se han recibido datos de visión.
2026-07-09 15:47:02.798 - [robot_8_log_20260709_154651.csv] - CRITICAL - Despachado a ZMQ -> agent/8/move: {'v': 0.0, 'w': 0.0}
2026-07-09 15:47:02.826 - [robot_8_log_20260709_154651.csv] - WARNING - Esperando posición inicial... Aún no se han recibido datos de visión.
2026-07-09 15:47:02.838 - [robot_8_log_20260709_154651.csv] - INFO - Recibido mensaje agent/8/wheel en el topic {"v": 0.0, "w": -1.344321599268992}
2026-07-09 15:47:02.843 - [robot_8_log_20260709_154651.csv] - CRITICAL - Despachado a ZMQ -> agent/8/move: {'v': 0.0, 'w': 0.0}
2026-07-09 15:47:02.876 - [robot_8_log_20260709_154651.csv] - WARNING - Esperando posición inicial... Aún no se han recibido datos de visión.
2026-07-09 15:47:02.898 - [robot_8_log_20260709_154651.csv] - CRITICAL - Despachado a ZMQ -> agent/8/move: {'v': 0.0, 'w': 0.0}
2026-07-09 15:47:02.926 - [robot_8_log_20260709_154651.csv] - WARNING - Esperando posición inicial... Aún no se han recibido datos de visión.
2026-07-09 15:47:02.948 - [robot_8_log_20260709_154651.csv] - CRITICAL - Despachado a ZMQ -> agent/8/move: {'v': 0.0, 'w': 0.0}
2026-07-09 15:47:02.976 - [robot_8_log_20260709_154651.csv] - WARNING - Esperando posición inicial... Aún no se han recibido datos de visión.
2026-07-09 15:47:02.997 - [robot_8_log_20260709_154651.csv] - CRITICAL - Despachado a ZMQ -> agent/8/move: {'v': 0.0, 'w': 0.0}
2026-07-09 15:47:03.026 - [robot_8_log_20260709_154651.csv] - WARNING - Esperando posición inicial... Aún no se han recibido datos de visión.
2026-07-09 15:47:03.047 - [robot_8_log_20260709_154651.csv] - CRITICAL - Despachado a ZMQ -> agent/8/move: {'v': 0.0, 'w': 0.0}
2026-07-09 15:47:03.076 - [robot_8_log_20260709_154651.csv] - WARNING - Esperando posición inicial... Aún no se han recibido datos de visión.
2026-07-09 15:47:03.097 - [robot_8_log_20260709_154651.csv] - CRITICAL - Despachado a ZMQ -> agent/8/move: {'v': 0.0, 'w': 0.0}
2026-07-09 15:47:03.126 - [robot_8_log_20260709_154651.csv] - WARNING - Esperando posición inicial... Aún no se han recibido datos de visión.
2026-07-09 15:47:03.148 - [robot_8_log_20260709_154651.csv] - CRITICAL - Despachado a ZMQ -> agent/8/move: {'v': 0.0, 'w': 0.0}
2026-07-09 15:47:03.176 - [robot_8_log_20260709_154651.csv] - WARNING - Esperando posición inicial... Aún no se han recibido datos de visión.
2026-07-09 15:47:03.198 - [robot_8_log_20260709_154651.csv] - CRITICAL - Despachado a ZMQ -> agent/8/move: {'v': 0.0, 'w': 0.0}
2026-07-09 15:47:03.226 - [robot_8_log_20260709_154651.csv] - WARNING - Esperando posición inicial... Aún no se han recibido datos de visión.
2026-07-09 15:47:03.248 - [robot_8_log_20260709_154651.csv] - CRITICAL - Despachado a ZMQ -> agent/8/move: {'v': 0.0, 'w': 0.0}
2026-07-09 15:47:03.276 - [robot_8_log_20260709_154651.csv] - WARNING - Esperando posición inicial... Aún no se han recibido datos de visión.
2026-07-09 15:47:03.283 - [robot_8_log_20260709_154651.csv] - CRITICAL - Despachado a ZMQ -> agent/8/move: {'v': 0.0, 'w': 0.0}
2026-07-09 15:47:03.326 - [robot_8_log_20260709_154651.csv] - WARNING - Esperando posición inicial... Aún no se han recibido datos de visión.
2026-07-09 15:47:03.347 - [robot_8_log_20260709_154651.csv] - CRITICAL - Despachado a ZMQ -> agent/8/move: {'v': 0.0, 'w': 0.0}
2026-07-09 15:47:03.353 - [robot_8_log_20260709_154651.csv] - INFO - Recibido mensaje agent/8/wheel en el topic {"Wleft":-1.469935285e-14,"Wright":6.902811656e-15}
2026-07-09 15:47:03.376 - [robot_8_log_20260709_154651.csv] - WARNING - Esperando posición inicial... Aún no se han recibido datos de visión.
2026-07-09 15:47:03.398 - [robot_8_log_20260709_154651.csv] - CRITICAL - Despachado a ZMQ -> agent/8/move: {'v': 0.0, 'w': 0.0}
2026-07-09 15:47:03.426 - [robot_8_log_20260709_154651.csv] - WARNING - Esperando posición inicial... Aún no se han recibido datos de visión.
2026-07-09 15:47:03.448 - [robot_8_log_20260709_154651.csv] - CRITICAL - Despachado a ZMQ -> agent/8/move: {'v': 0.0, 'w': 0.0}
2026-07-09 15:47:03.476 - [robot_8_log_20260709_154651.csv] - WARNING - Esperando posición inicial... Aún no se han recibido datos de visión.
2026-07-09 15:47:03.498 - [robot_8_log_20260709_154651.csv] - CRITICAL - Despachado a ZMQ -> agent/8/move: {'v': 0.0, 'w': 0.0}
2026-07-09 15:47:03.526 - [robot_8_log_20260709_154651.csv] - WARNING - Esperando posición inicial... Aún no se han recibido datos de visión.
2026-07-09 15:47:03.548 - [robot_8_log_20260709_154651.csv] - CRITICAL - Despachado a ZMQ -> agent/8/move: {'v': 0.0, 'w': 0.0}
2026-07-09 15:47:03.576 - [robot_8_log_20260709_154651.csv] - WARNING - Esperando posición inicial... Aún no se han recibido datos de visión.
2026-07-09 15:47:03.583 - [robot_8_log_20260709_154651.csv] - CRITICAL - Despachado a ZMQ -> agent/8/move: {'v': 0.0, 'w': 0.0}
2026-07-09 15:47:03.626 - [robot_8_log_20260709_154651.csv] - WARNING - Esperando posición inicial... Aún no se han recibido datos de visión.
2026-07-09 15:47:03.642 - [robot_8_log_20260709_154651.csv] - CRITICAL - Despachado a ZMQ -> agent/8/move: {'v': 0.0, 'w': 0.0}
2026-07-09 15:47:03.676 - [robot_8_log_20260709_154651.csv] - WARNING - Esperando posición inicial... Aún no se han recibido datos de visión.
2026-07-09 15:47:03.698 - [robot_8_log_20260709_154651.csv] - CRITICAL - Despachado a ZMQ -> agent/8/move: {'v': 0.0, 'w': 0.0}
2026-07-09 15:47:03.726 - [robot_8_log_20260709_154651.csv] - WARNING - Esperando posición inicial... Aún no se han recibido datos de visión.
2026-07-09 15:47:03.748 - [robot_8_log_20260709_154651.csv] - CRITICAL - Despachado a ZMQ -> agent/8/move: {'v': 0.0, 'w': 0.0}
2026-07-09 15:47:03.776 - [robot_8_log_20260709_154651.csv] - WARNING - Esperando posición inicial... Aún no se han recibido datos de visión.
2026-07-09 15:47:03.798 - [robot_8_log_20260709_154651.csv] - CRITICAL - Despachado a ZMQ -> agent/8/move: {'v': 0.0, 'w': 0.0}
2026-07-09 15:47:03.826 - [robot_8_log_20260709_154651.csv] - WARNING - Esperando posición inicial... Aún no se han recibido datos de visión.
2026-07-09 15:47:03.838 - [robot_8_log_20260709_154651.csv] - INFO - Recibido mensaje agent/8/wheel en el topic {"Wleft":-1.469935285e-14,"Wright":6.902811656e-15}
2026-07-09 15:47:03.848 - [robot_8_log_20260709_154651.csv] - CRITICAL - Despachado a ZMQ -> agent/8/move: {'v': 0.0, 'w': 0.0}
2026-07-09 15:47:03.876 - [robot_8_log_20260709_154651.csv] - WARNING - Esperando posición inicial... Aún no se han recibido datos de visión.
2026-07-09 15:47:03.898 - [robot_8_log_20260709_154651.csv] - CRITICAL - Despachado a ZMQ -> agent/8/move: {'v': 0.0, 'w': 0.0}
2026-07-09 15:47:03.926 - [robot_8_log_20260709_154651.csv] - WARNING - Esperando posición inicial... Aún no se han recibido datos de visión.
2026-07-09 15:47:03.947 - [robot_8_log_20260709_154651.csv] - CRITICAL - Despachado a ZMQ -> agent/8/move: {'v': 0.0, 'w': 0.0}
2026-07-09 15:47:03.976 - [robot_8_log_20260709_154651.csv] - WARNING - Esperando posición inicial... Aún no se han recibido datos de visión.
2026-07-09 15:47:03.997 - [robot_8_log_20260709_154651.csv] - CRITICAL - Despachado a ZMQ -> agent/8/move: {'v': 0.0, 'w': 0.0}
2026-07-09 15:47:04.026 - [robot_8_log_20260709_154651.csv] - WARNING - Esperando posición inicial... Aún no se han recibido datos de visión.
2026-07-09 15:47:04.047 - [robot_8_log_20260709_154651.csv] - CRITICAL - Despachado a ZMQ -> agent/8/move: {'v': 0.0, 'w': 0.0}
2026-07-09 15:47:04.076 - [robot_8_log_20260709_154651.csv] - WARNING - Esperando posición inicial... Aún no se han recibido datos de visión.
2026-07-09 15:47:04.097 - [robot_8_log_20260709_154651.csv] - CRITICAL - Despachado a ZMQ -> agent/8/move: {'v': 0.0, 'w': 0.0}
2026-07-09 15:47:04.126 - [robot_8_log_20260709_154651.csv] - WARNING - Esperando posición inicial... Aún no se han recibido datos de visión.
2026-07-09 15:47:04.148 - [robot_8_log_20260709_154651.csv] - CRITICAL - Despachado a ZMQ -> agent/8/move: {'v': 0.0, 'w': 0.0}
2026-07-09 15:47:04.176 - [robot_8_log_20260709_154651.csv] - WARNING - Esperando posición inicial... Aún no se han recibido datos de visión.
2026-07-09 15:47:04.197 - [robot_8_log_20260709_154651.csv] - CRITICAL - Despachado a ZMQ -> agent/8/move: {'v': 0.0, 'w': 0.0}
2026-07-09 15:47:04.226 - [robot_8_log_20260709_154651.csv] - WARNING - Esperando posición inicial... Aún no se han recibido datos de visión.
2026-07-09 15:47:04.247 - [robot_8_log_20260709_154651.csv] - CRITICAL - Despachado a ZMQ -> agent/8/move: {'v': 0.0, 'w': 0.0}
2026-07-09 15:47:04.276 - [robot_8_log_20260709_154651.csv] - WARNING - Esperando posición inicial... Aún no se han recibido datos de visión.
2026-07-09 15:47:04.297 - [robot_8_log_20260709_154651.csv] - CRITICAL - Despachado a ZMQ -> agent/8/move: {'v': 0.0, 'w': 0.0}
2026-07-09 15:47:04.326 - [robot_8_log_20260709_154651.csv] - WARNING - Esperando posición inicial... Aún no se han recibido datos de visión.
2026-07-09 15:47:04.332 - [robot_8_log_20260709_154651.csv] - INFO - Recibido mensaje agent/8/wheel en el topic {"Wleft":-1.469935285e-14,"Wright":6.902811656e-15}
2026-07-09 15:47:04.358 - [robot_8_log_20260709_154651.csv] - CRITICAL - Despachado a ZMQ -> agent/8/move: {'v': 0.0, 'w': 0.0}
2026-07-09 15:47:04.376 - [robot_8_log_20260709_154651.csv] - WARNING - Esperando posición inicial... Aún no se han recibido datos de visión.
2026-07-09 15:47:04.397 - [robot_8_log_20260709_154651.csv] - CRITICAL - Despachado a ZMQ -> agent/8/move: {'v': 0.0, 'w': 0.0}
2026-07-09 15:47:04.426 - [robot_8_log_20260709_154651.csv] - WARNING - Esperando posición inicial... Aún no se han recibido datos de visión.
2026-07-09 15:47:04.447 - [robot_8_log_20260709_154651.csv] - CRITICAL - Despachado a ZMQ -> agent/8/move: {'v': 0.0, 'w': 0.0}
2026-07-09 15:47:04.476 - [robot_8_log_20260709_154651.csv] - WARNING - Esperando posición inicial... Aún no se han recibido datos de visión.
2026-07-09 15:47:04.497 - [robot_8_log_20260709_154651.csv] - CRITICAL - Despachado a ZMQ -> agent/8/move: {'v': 0.0, 'w': 0.0}
2026-07-09 15:47:04.526 - [robot_8_log_20260709_154651.csv] - WARNING - Esperando posición inicial... Aún no se han recibido datos de visión.
2026-07-09 15:47:04.547 - [robot_8_log_20260709_154651.csv] - CRITICAL - Despachado a ZMQ -> agent/8/move: {'v': 0.0, 'w': 0.0}
2026-07-09 15:47:04.576 - [robot_8_log_20260709_154651.csv] - WARNING - Esperando posición inicial... Aún no se han recibido datos de visión.
2026-07-09 15:47:04.598 - [robot_8_log_20260709_154651.csv] - CRITICAL - Despachado a ZMQ -> agent/8/move: {'v': 0.0, 'w': 0.0}
2026-07-09 15:47:04.626 - [robot_8_log_20260709_154651.csv] - WARNING - Esperando posición inicial... Aún no se han recibido datos de visión.
2026-07-09 15:47:04.647 - [robot_8_log_20260709_154651.csv] - CRITICAL - Despachado a ZMQ -> agent/8/move: {'v': 0.0, 'w': 0.0}
2026-07-09 15:47:04.676 - [robot_8_log_20260709_154651.csv] - WARNING - Esperando posición inicial... Aún no se han recibido datos de visión.
2026-07-09 15:47:04.697 - [robot_8_log_20260709_154651.csv] - CRITICAL - Despachado a ZMQ -> agent/8/move: {'v': 0.0, 'w': 0.0}
2026-07-09 15:47:04.726 - [robot_8_log_20260709_154651.csv] - WARNING - Esperando posición inicial... Aún no se han recibido datos de visión.
2026-07-09 15:47:04.748 - [robot_8_log_20260709_154651.csv] - CRITICAL - Despachado a ZMQ -> agent/8/move: {'v': 0.0, 'w': 0.0}
2026-07-09 15:47:04.776 - [robot_8_log_20260709_154651.csv] - WARNING - Esperando posición inicial... Aún no se han recibido datos de visión.
2026-07-09 15:47:04.797 - [robot_8_log_20260709_154651.csv] - CRITICAL - Despachado a ZMQ -> agent/8/move: {'v': 0.0, 'w': 0.0}
2026-07-09 15:47:04.826 - [robot_8_log_20260709_154651.csv] - WARNING - Esperando posición inicial... Aún no se han recibido datos de visión.
2026-07-09 15:47:04.832 - [robot_8_log_20260709_154651.csv] - INFO - Recibido mensaje agent/8/wheel en el topic {"Wleft":-1.469935285e-14,"Wright":6.902811656e-15}
2026-07-09 15:47:04.857 - [robot_8_log_20260709_154651.csv] - CRITICAL - Despachado a ZMQ -> agent/8/move: {'v': 0.0, 'w': 0.0}
2026-07-09 15:47:04.876 - [robot_8_log_20260709_154651.csv] - WARNING - Esperando posición inicial... Aún no se han recibido datos de visión.
2026-07-09 15:47:04.897 - [robot_8_log_20260709_154651.csv] - CRITICAL - Despachado a ZMQ -> agent/8/move: {'v': 0.0, 'w': 0.0}
2026-07-09 15:47:04.926 - [robot_8_log_20260709_154651.csv] - WARNING - Esperando posición inicial... Aún no se han recibido datos de visión.
2026-07-09 15:47:04.947 - [robot_8_log_20260709_154651.csv] - CRITICAL - Despachado a ZMQ -> agent/8/move: {'v': 0.0, 'w': 0.0}
2026-07-09 15:47:04.976 - [robot_8_log_20260709_154651.csv] - WARNING - Esperando posición inicial... Aún no se han recibido datos de visión.
2026-07-09 15:47:04.998 - [robot_8_log_20260709_154651.csv] - CRITICAL - Despachado a ZMQ -> agent/8/move: {'v': 0.0, 'w': 0.0}
2026-07-09 15:47:05.026 - [robot_8_log_20260709_154651.csv] - WARNING - Esperando posición inicial... Aún no se han recibido datos de visión.
2026-07-09 15:47:05.047 - [robot_8_log_20260709_154651.csv] - CRITICAL - Despachado a ZMQ -> agent/8/move: {'v': 0.0, 'w': 0.0}
2026-07-09 15:47:05.076 - [robot_8_log_20260709_154651.csv] - WARNING - Esperando posición inicial... Aún no se han recibido datos de visión.
2026-07-09 15:47:05.097 - [robot_8_log_20260709_154651.csv] - CRITICAL - Despachado a ZMQ -> agent/8/move: {'v': 0.0, 'w': 0.0}
2026-07-09 15:47:05.126 - [robot_8_log_20260709_154651.csv] - WARNING - Esperando posición inicial... Aún no se han recibido datos de visión.
2026-07-09 15:47:05.148 - [robot_8_log_20260709_154651.csv] - CRITICAL - Despachado a ZMQ -> agent/8/move: {'v': 0.0, 'w': 0.0}
2026-07-09 15:47:05.176 - [robot_8_log_20260709_154651.csv] - WARNING - Esperando posición inicial... Aún no se han recibido datos de visión.
2026-07-09 15:47:05.198 - [robot_8_log_20260709_154651.csv] - CRITICAL - Despachado a ZMQ -> agent/8/move: {'v': 0.0, 'w': 0.0}
2026-07-09 15:47:05.226 - [robot_8_log_20260709_154651.csv] - WARNING - Esperando posición inicial... Aún no se han recibido datos de visión.
2026-07-09 15:47:05.247 - [robot_8_log_20260709_154651.csv] - CRITICAL - Despachado a ZMQ -> agent/8/move: {'v': 0.0, 'w': 0.0}
2026-07-09 15:47:05.276 - [robot_8_log_20260709_154651.csv] - WARNING - Esperando posición inicial... Aún no se han recibido datos de visión.
2026-07-09 15:47:05.297 - [robot_8_log_20260709_154651.csv] - CRITICAL - Despachado a ZMQ -> agent/8/move: {'v': 0.0, 'w': 0.0}
2026-07-09 15:47:05.326 - [robot_8_log_20260709_154651.csv] - WARNING - Esperando posición inicial... Aún no se han recibido datos de visión.
2026-07-09 15:47:05.332 - [robot_8_log_20260709_154651.csv] - INFO - Recibido mensaje agent/8/wheel en el topic {"Wleft":-1.469935285e-14,"Wright":6.902811656e-15}
2026-07-09 15:47:05.347 - [robot_8_log_20260709_154651.csv] - CRITICAL - Despachado a ZMQ -> agent/8/move: {'v': 0.0, 'w': 0.0}
2026-07-09 15:47:05.376 - [robot_8_log_20260709_154651.csv] - WARNING - Esperando posición inicial... Aún no se han recibido datos de visión.
2026-07-09 15:47:05.397 - [robot_8_log_20260709_154651.csv] - CRITICAL - Despachado a ZMQ -> agent/8/move: {'v': 0.0, 'w': 0.0}
2026-07-09 15:47:05.426 - [robot_8_log_20260709_154651.csv] - WARNING - Esperando posición inicial... Aún no se han recibido datos de visión.
2026-07-09 15:47:05.447 - [robot_8_log_20260709_154651.csv] - CRITICAL - Despachado a ZMQ -> agent/8/move: {'v': 0.0, 'w': 0.0}
2026-07-09 15:47:05.476 - [robot_8_log_20260709_154651.csv] - WARNING - Esperando posición inicial... Aún no se han recibido datos de visión.
2026-07-09 15:47:05.497 - [robot_8_log_20260709_154651.csv] - CRITICAL - Despachado a ZMQ -> agent/8/move: {'v': 0.0, 'w': 0.0}
2026-07-09 15:47:05.526 - [robot_8_log_20260709_154651.csv] - WARNING - Esperando posición inicial... Aún no se han recibido datos de visión.
2026-07-09 15:47:05.547 - [robot_8_log_20260709_154651.csv] - CRITICAL - Despachado a ZMQ -> agent/8/move: {'v': 0.0, 'w': 0.0}
2026-07-09 15:47:05.576 - [robot_8_log_20260709_154651.csv] - WARNING - Esperando posición inicial... Aún no se han recibido datos de visión.
2026-07-09 15:47:05.597 - [robot_8_log_20260709_154651.csv] - CRITICAL - Despachado a ZMQ -> agent/8/move: {'v': 0.0, 'w': 0.0}
2026-07-09 15:47:05.626 - [robot_8_log_20260709_154651.csv] - WARNING - Esperando posición inicial... Aún no se han recibido datos de visión.
2026-07-09 15:47:05.647 - [robot_8_log_20260709_154651.csv] - CRITICAL - Despachado a ZMQ -> agent/8/move: {'v': 0.0, 'w': 0.0}
2026-07-09 15:47:05.676 - [robot_8_log_20260709_154651.csv] - WARNING - Esperando posición inicial... Aún no se han recibido datos de visión.
2026-07-09 15:47:05.698 - [robot_8_log_20260709_154651.csv] - CRITICAL - Despachado a ZMQ -> agent/8/move: {'v': 0.0, 'w': 0.0}
2026-07-09 15:47:05.726 - [robot_8_log_20260709_154651.csv] - WARNING - Esperando posición inicial... Aún no se han recibido datos de visión.
2026-07-09 15:47:05.748 - [robot_8_log_20260709_154651.csv] - CRITICAL - Despachado a ZMQ -> agent/8/move: {'v': 0.0, 'w': 0.0}
2026-07-09 15:47:05.776 - [robot_8_log_20260709_154651.csv] - WARNING - Esperando posición inicial... Aún no se han recibido datos de visión.
2026-07-09 15:47:05.798 - [robot_8_log_20260709_154651.csv] - CRITICAL - Despachado a ZMQ -> agent/8/move: {'v': 0.0, 'w': 0.0}
2026-07-09 15:47:05.826 - [robot_8_log_20260709_154651.csv] - WARNING - Esperando posición inicial... Aún no se han recibido datos de visión.
2026-07-09 15:47:05.832 - [robot_8_log_20260709_154651.csv] - INFO - Recibido mensaje agent/8/wheel en el topic {"Wleft":-1.469935285e-14,"Wright":6.902811656e-15}
2026-07-09 15:47:05.847 - [robot_8_log_20260709_154651.csv] - CRITICAL - Despachado a ZMQ -> agent/8/move: {'v': 0.0, 'w': 0.0}
2026-07-09 15:47:05.876 - [robot_8_log_20260709_154651.csv] - WARNING - Esperando posición inicial... Aún no se han recibido datos de visión.
2026-07-09 15:47:05.897 - [robot_8_log_20260709_154651.csv] - CRITICAL - Despachado a ZMQ -> agent/8/move: {'v': 0.0, 'w': 0.0}
2026-07-09 15:47:05.926 - [robot_8_log_20260709_154651.csv] - WARNING - Esperando posición inicial... Aún no se han recibido datos de visión.
2026-07-09 15:47:05.947 - [robot_8_log_20260709_154651.csv] - CRITICAL - Despachado a ZMQ -> agent/8/move: {'v': 0.0, 'w': 0.0}
2026-07-09 15:47:05.976 - [robot_8_log_20260709_154651.csv] - WARNING - Esperando posición inicial... Aún no se han recibido datos de visión.
2026-07-09 15:47:05.997 - [robot_8_log_20260709_154651.csv] - CRITICAL - Despachado a ZMQ -> agent/8/move: {'v': 0.0, 'w': 0.0}
2026-07-09 15:47:06.026 - [robot_8_log_20260709_154651.csv] - WARNING - Esperando posición inicial... Aún no se han recibido datos de visión.
2026-07-09 15:47:06.048 - [robot_8_log_20260709_154651.csv] - CRITICAL - Despachado a ZMQ -> agent/8/move: {'v': 0.0, 'w': 0.0}
2026-07-09 15:47:06.076 - [robot_8_log_20260709_154651.csv] - WARNING - Esperando posición inicial... Aún no se han recibido datos de visión.
2026-07-09 15:47:06.098 - [robot_8_log_20260709_154651.csv] - CRITICAL - Despachado a ZMQ -> agent/8/move: {'v': 0.0, 'w': 0.0}
2026-07-09 15:47:06.126 - [robot_8_log_20260709_154651.csv] - WARNING - Esperando posición inicial... Aún no se han recibido datos de visión.
2026-07-09 15:47:06.147 - [robot_8_log_20260709_154651.csv] - CRITICAL - Despachado a ZMQ -> agent/8/move: {'v': 0.0, 'w': 0.0}
2026-07-09 15:47:06.176 - [robot_8_log_20260709_154651.csv] - WARNING - Esperando posición inicial... Aún no se han recibido datos de visión.
2026-07-09 15:47:06.197 - [robot_8_log_20260709_154651.csv] - CRITICAL - Despachado a ZMQ -> agent/8/move: {'v': 0.0, 'w': 0.0}
2026-07-09 15:47:06.226 - [robot_8_log_20260709_154651.csv] - WARNING - Esperando posición inicial... Aún no se han recibido datos de visión.
2026-07-09 15:47:06.247 - [robot_8_log_20260709_154651.csv] - CRITICAL - Despachado a ZMQ -> agent/8/move: {'v': 0.0, 'w': 0.0}
2026-07-09 15:47:06.276 - [robot_8_log_20260709_154651.csv] - WARNING - Esperando posición inicial... Aún no se han recibido datos de visión.
2026-07-09 15:47:06.297 - [robot_8_log_20260709_154651.csv] - CRITICAL - Despachado a ZMQ -> agent/8/move: {'v': 0.0, 'w': 0.0}
2026-07-09 15:47:06.326 - [robot_8_log_20260709_154651.csv] - INFO - Recibido mensaje agent/8/wheel en el topic {"Wleft":-1.469935285e-14,"Wright":6.902811656e-15}
2026-07-09 15:47:06.327 - [robot_8_log_20260709_154651.csv] - WARNING - Esperando posición inicial... Aún no se han recibido datos de visión.
2026-07-09 15:47:06.347 - [robot_8_log_20260709_154651.csv] - CRITICAL - Despachado a ZMQ -> agent/8/move: {'v': 0.0, 'w': 0.0}
2026-07-09 15:47:06.377 - [robot_8_log_20260709_154651.csv] - WARNING - Esperando posición inicial... Aún no se han recibido datos de visión.
2026-07-09 15:47:06.398 - [robot_8_log_20260709_154651.csv] - CRITICAL - Despachado a ZMQ -> agent/8/move: {'v': 0.0, 'w': 0.0}
2026-07-09 15:47:06.427 - [robot_8_log_20260709_154651.csv] - WARNING - Esperando posición inicial... Aún no se han recibido datos de visión.
2026-07-09 15:47:06.448 - [robot_8_log_20260709_154651.csv] - CRITICAL - Despachado a ZMQ -> agent/8/move: {'v': 0.0, 'w': 0.0}
2026-07-09 15:47:06.477 - [robot_8_log_20260709_154651.csv] - WARNING - Esperando posición inicial... Aún no se han recibido datos de visión.
2026-07-09 15:47:06.497 - [robot_8_log_20260709_154651.csv] - CRITICAL - Despachado a ZMQ -> agent/8/move: {'v': 0.0, 'w': 0.0}
2026-07-09 15:47:06.527 - [robot_8_log_20260709_154651.csv] - WARNING - Esperando posición inicial... Aún no se han recibido datos de visión.
2026-07-09 15:47:06.548 - [robot_8_log_20260709_154651.csv] - CRITICAL - Despachado a ZMQ -> agent/8/move: {'v': 0.0, 'w': 0.0}
2026-07-09 15:47:06.577 - [robot_8_log_20260709_154651.csv] - WARNING - Esperando posición inicial... Aún no se han recibido datos de visión.
2026-07-09 15:47:06.598 - [robot_8_log_20260709_154651.csv] - CRITICAL - Despachado a ZMQ -> agent/8/move: {'v': 0.0, 'w': 0.0}
2026-07-09 15:47:06.627 - [robot_8_log_20260709_154651.csv] - WARNING - Esperando posición inicial... Aún no se han recibido datos de visión.
2026-07-09 15:47:06.647 - [robot_8_log_20260709_154651.csv] - CRITICAL - Despachado a ZMQ -> agent/8/move: {'v': 0.0, 'w': 0.0}
2026-07-09 15:47:06.677 - [robot_8_log_20260709_154651.csv] - WARNING - Esperando posición inicial... Aún no se han recibido datos de visión.
2026-07-09 15:47:06.697 - [robot_8_log_20260709_154651.csv] - CRITICAL - Despachado a ZMQ -> agent/8/move: {'v': 0.0, 'w': 0.0}
2026-07-09 15:47:06.727 - [robot_8_log_20260709_154651.csv] - WARNING - Esperando posición inicial... Aún no se han recibido datos de visión.
2026-07-09 15:47:06.747 - [robot_8_log_20260709_154651.csv] - CRITICAL - Despachado a ZMQ -> agent/8/move: {'v': 0.0, 'w': 0.0}
2026-07-09 15:47:06.777 - [robot_8_log_20260709_154651.csv] - WARNING - Esperando posición inicial... Aún no se han recibido datos de visión.
2026-07-09 15:47:06.798 - [robot_8_log_20260709_154651.csv] - CRITICAL - Despachado a ZMQ -> agent/8/move: {'v': 0.0, 'w': 0.0}
2026-07-09 15:47:06.827 - [robot_8_log_20260709_154651.csv] - WARNING - Esperando posición inicial... Aún no se han recibido datos de visión.
2026-07-09 15:47:06.833 - [robot_8_log_20260709_154651.csv] - INFO - Recibido mensaje agent/8/wheel en el topic {"Wleft":-1.469935285e-14,"Wright":6.902811656e-15}
2026-07-09 15:47:06.849 - [robot_8_log_20260709_154651.csv] - CRITICAL - Despachado a ZMQ -> agent/8/move: {'v': 0.0, 'w': 0.0}
2026-07-09 15:47:06.877 - [robot_8_log_20260709_154651.csv] - WARNING - Esperando posición inicial... Aún no se han recibido datos de visión.
2026-07-09 15:47:06.898 - [robot_8_log_20260709_154651.csv] - CRITICAL - Despachado a ZMQ -> agent/8/move: {'v': 0.0, 'w': 0.0}
2026-07-09 15:47:06.927 - [robot_8_log_20260709_154651.csv] - WARNING - Esperando posición inicial... Aún no se han recibido datos de visión.
2026-07-09 15:47:06.947 - [robot_8_log_20260709_154651.csv] - CRITICAL - Despachado a ZMQ -> agent/8/move: {'v': 0.0, 'w': 0.0}
2026-07-09 15:47:06.977 - [robot_8_log_20260709_154651.csv] - WARNING - Esperando posición inicial... Aún no se han recibido datos de visión.
2026-07-09 15:47:06.998 - [robot_8_log_20260709_154651.csv] - CRITICAL - Despachado a ZMQ -> agent/8/move: {'v': 0.0, 'w': 0.0}
2026-07-09 15:47:07.027 - [robot_8_log_20260709_154651.csv] - WARNING - Esperando posición inicial... Aún no se han recibido datos de visión.
2026-07-09 15:47:07.048 - [robot_8_log_20260709_154651.csv] - CRITICAL - Despachado a ZMQ -> agent/8/move: {'v': 0.0, 'w': 0.0}
2026-07-09 15:47:07.077 - [robot_8_log_20260709_154651.csv] - WARNING - Esperando posición inicial... Aún no se han recibido datos de visión.
2026-07-09 15:47:07.098 - [robot_8_log_20260709_154651.csv] - CRITICAL - Despachado a ZMQ -> agent/8/move: {'v': 0.0, 'w': 0.0}
2026-07-09 15:47:07.127 - [robot_8_log_20260709_154651.csv] - WARNING - Esperando posición inicial... Aún no se han recibido datos de visión.
2026-07-09 15:47:07.147 - [robot_8_log_20260709_154651.csv] - CRITICAL - Despachado a ZMQ -> agent/8/move: {'v': 0.0, 'w': 0.0}
2026-07-09 15:47:07.177 - [robot_8_log_20260709_154651.csv] - WARNING - Esperando posición inicial... Aún no se han recibido datos de visión.
2026-07-09 15:47:07.198 - [robot_8_log_20260709_154651.csv] - CRITICAL - Despachado a ZMQ -> agent/8/move: {'v': 0.0, 'w': 0.0}
2026-07-09 15:47:07.227 - [robot_8_log_20260709_154651.csv] - WARNING - Esperando posición inicial... Aún no se han recibido datos de visión.
2026-07-09 15:47:07.247 - [robot_8_log_20260709_154651.csv] - CRITICAL - Despachado a ZMQ -> agent/8/move: {'v': 0.0, 'w': 0.0}
2026-07-09 15:47:07.277 - [robot_8_log_20260709_154651.csv] - WARNING - Esperando posición inicial... Aún no se han recibido datos de visión.
2026-07-09 15:47:07.297 - [robot_8_log_20260709_154651.csv] - CRITICAL - Despachado a ZMQ -> agent/8/move: {'v': 0.0, 'w': 0.0}
2026-07-09 15:47:07.327 - [robot_8_log_20260709_154651.csv] - WARNING - Esperando posición inicial... Aún no se han recibido datos de visión.
2026-07-09 15:47:07.348 - [robot_8_log_20260709_154651.csv] - INFO - Recibido mensaje agent/8/wheel en el topic {"Wleft":-1.469935285e-14,"Wright":6.902811656e-15}
2026-07-09 15:47:07.353 - [robot_8_log_20260709_154651.csv] - CRITICAL - Despachado a ZMQ -> agent/8/move: {'v': 0.0, 'w': 0.0}
2026-07-09 15:47:07.377 - [robot_8_log_20260709_154651.csv] - WARNING - Esperando posición inicial... Aún no se han recibido datos de visión.
2026-07-09 15:47:07.383 - [robot_8_log_20260709_154651.csv] - CRITICAL - Despachado a ZMQ -> agent/8/move: {'v': 0.0, 'w': 0.0}
2026-07-09 15:47:07.427 - [robot_8_log_20260709_154651.csv] - WARNING - Esperando posición inicial... Aún no se han recibido datos de visión.
2026-07-09 15:47:07.443 - [robot_8_log_20260709_154651.csv] - CRITICAL - Despachado a ZMQ -> agent/8/move: {'v': 0.0, 'w': 0.0}
2026-07-09 15:47:07.477 - [robot_8_log_20260709_154651.csv] - WARNING - Esperando posición inicial... Aún no se han recibido datos de visión.
2026-07-09 15:47:07.497 - [robot_8_log_20260709_154651.csv] - CRITICAL - Despachado a ZMQ -> agent/8/move: {'v': 0.0, 'w': 0.0}
2026-07-09 15:47:07.527 - [robot_8_log_20260709_154651.csv] - WARNING - Esperando posición inicial... Aún no se han recibido datos de visión.
2026-07-09 15:47:07.548 - [robot_8_log_20260709_154651.csv] - CRITICAL - Despachado a ZMQ -> agent/8/move: {'v': 0.0, 'w': 0.0}
2026-07-09 15:47:07.577 - [robot_8_log_20260709_154651.csv] - WARNING - Esperando posición inicial... Aún no se han recibido datos de visión.
2026-07-09 15:47:07.598 - [robot_8_log_20260709_154651.csv] - CRITICAL - Despachado a ZMQ -> agent/8/move: {'v': 0.0, 'w': 0.0}
2026-07-09 15:47:07.627 - [robot_8_log_20260709_154651.csv] - WARNING - Esperando posición inicial... Aún no se han recibido datos de visión.
2026-07-09 15:47:07.648 - [robot_8_log_20260709_154651.csv] - CRITICAL - Despachado a ZMQ -> agent/8/move: {'v': 0.0, 'w': 0.0}
2026-07-09 15:47:07.677 - [robot_8_log_20260709_154651.csv] - WARNING - Esperando posición inicial... Aún no se han recibido datos de visión.
2026-07-09 15:47:07.698 - [robot_8_log_20260709_154651.csv] - CRITICAL - Despachado a ZMQ -> agent/8/move: {'v': 0.0, 'w': 0.0}
2026-07-09 15:47:07.727 - [robot_8_log_20260709_154651.csv] - WARNING - Esperando posición inicial... Aún no se han recibido datos de visión.
2026-07-09 15:47:07.748 - [robot_8_log_20260709_154651.csv] - CRITICAL - Despachado a ZMQ -> agent/8/move: {'v': 0.0, 'w': 0.0}
2026-07-09 15:47:07.777 - [robot_8_log_20260709_154651.csv] - WARNING - Esperando posición inicial... Aún no se han recibido datos de visión.
2026-07-09 15:47:07.798 - [robot_8_log_20260709_154651.csv] - CRITICAL - Despachado a ZMQ -> agent/8/move: {'v': 0.0, 'w': 0.0}
2026-07-09 15:47:07.827 - [robot_8_log_20260709_154651.csv] - WARNING - Esperando posición inicial... Aún no se han recibido datos de visión.
2026-07-09 15:47:07.848 - [robot_8_log_20260709_154651.csv] - CRITICAL - Despachado a ZMQ -> agent/8/move: {'v': 0.0, 'w': 0.0}
2026-07-09 15:47:07.853 - [robot_8_log_20260709_154651.csv] - INFO - Recibido mensaje agent/8/wheel en el topic {"Wleft":-1.469935285e-14,"Wright":6.902811656e-15}
2026-07-09 15:47:07.877 - [robot_8_log_20260709_154651.csv] - WARNING - Esperando posición inicial... Aún no se han recibido datos de visión.
2026-07-09 15:47:07.882 - [robot_8_log_20260709_154651.csv] - CRITICAL - Despachado a ZMQ -> agent/8/move: {'v': 0.0, 'w': 0.0}
2026-07-09 15:47:07.927 - [robot_8_log_20260709_154651.csv] - WARNING - Esperando posición inicial... Aún no se han recibido datos de visión.
2026-07-09 15:47:07.943 - [robot_8_log_20260709_154651.csv] - CRITICAL - Despachado a ZMQ -> agent/8/move: {'v': 0.0, 'w': 0.0}
2026-07-09 15:47:07.977 - [robot_8_log_20260709_154651.csv] - WARNING - Esperando posición inicial... Aún no se han recibido datos de visión.
2026-07-09 15:47:07.998 - [robot_8_log_20260709_154651.csv] - CRITICAL - Despachado a ZMQ -> agent/8/move: {'v': 0.0, 'w': 0.0}
2026-07-09 15:47:08.027 - [robot_8_log_20260709_154651.csv] - WARNING - Esperando posición inicial... Aún no se han recibido datos de visión.
2026-07-09 15:47:08.048 - [robot_8_log_20260709_154651.csv] - CRITICAL - Despachado a ZMQ -> agent/8/move: {'v': 0.0, 'w': 0.0}
2026-07-09 15:47:08.077 - [robot_8_log_20260709_154651.csv] - WARNING - Esperando posición inicial... Aún no se han recibido datos de visión.
2026-07-09 15:47:08.098 - [robot_8_log_20260709_154651.csv] - CRITICAL - Despachado a ZMQ -> agent/8/move: {'v': 0.0, 'w': 0.0}
2026-07-09 15:47:08.127 - [robot_8_log_20260709_154651.csv] - WARNING - Esperando posición inicial... Aún no se han recibido datos de visión.
2026-07-09 15:47:08.143 - [robot_8_log_20260709_154651.csv] - CRITICAL - Despachado a ZMQ -> agent/8/move: {'v': 0.0, 'w': 0.0}
2026-07-09 15:47:08.177 - [robot_8_log_20260709_154651.csv] - WARNING - Esperando posición inicial... Aún no se han recibido datos de visión.
2026-07-09 15:47:08.198 - [robot_8_log_20260709_154651.csv] - CRITICAL - Despachado a ZMQ -> agent/8/move: {'v': 0.0, 'w': 0.0}
2026-07-09 15:47:08.227 - [robot_8_log_20260709_154651.csv] - WARNING - Esperando posición inicial... Aún no se han recibido datos de visión.
2026-07-09 15:47:08.248 - [robot_8_log_20260709_154651.csv] - CRITICAL - Despachado a ZMQ -> agent/8/move: {'v': 0.0, 'w': 0.0}
2026-07-09 15:47:08.277 - [robot_8_log_20260709_154651.csv] - WARNING - Esperando posición inicial... Aún no se han recibido datos de visión.
2026-07-09 15:47:08.298 - [robot_8_log_20260709_154651.csv] - CRITICAL - Despachado a ZMQ -> agent/8/move: {'v': 0.0, 'w': 0.0}
2026-07-09 15:47:08.327 - [robot_8_log_20260709_154651.csv] - WARNING - Esperando posición inicial... Aún no se han recibido datos de visión.
2026-07-09 15:47:08.348 - [robot_8_log_20260709_154651.csv] - CRITICAL - Despachado a ZMQ -> agent/8/move: {'v': 0.0, 'w': 0.0}
2026-07-09 15:47:08.354 - [robot_8_log_20260709_154651.csv] - INFO - Recibido mensaje agent/8/wheel en el topic {"Wleft":-1.469935285e-14,"Wright":6.902811656e-15}
2026-07-09 15:47:08.377 - [robot_8_log_20260709_154651.csv] - WARNING - Esperando posición inicial... Aún no se han recibido datos de visión.
2026-07-09 15:47:08.397 - [robot_8_log_20260709_154651.csv] - CRITICAL - Despachado a ZMQ -> agent/8/move: {'v': 0.0, 'w': 0.0}
2026-07-09 15:47:08.427 - [robot_8_log_20260709_154651.csv] - WARNING - Esperando posición inicial... Aún no se han recibido datos de visión.
2026-07-09 15:47:08.437 - [robot_8_log_20260709_154651.csv] - CRITICAL - Despachado a ZMQ -> agent/8/move: {'v': 0.0, 'w': 0.0}
2026-07-09 15:47:08.477 - [robot_8_log_20260709_154651.csv] - WARNING - Esperando posición inicial... Aún no se han recibido datos de visión.
2026-07-09 15:47:08.498 - [robot_8_log_20260709_154651.csv] - CRITICAL - Despachado a ZMQ -> agent/8/move: {'v': 0.0, 'w': 0.0}
2026-07-09 15:47:08.527 - [robot_8_log_20260709_154651.csv] - WARNING - Esperando posición inicial... Aún no se han recibido datos de visión.
2026-07-09 15:47:08.548 - [robot_8_log_20260709_154651.csv] - CRITICAL - Despachado a ZMQ -> agent/8/move: {'v': 0.0, 'w': 0.0}
2026-07-09 15:47:08.577 - [robot_8_log_20260709_154651.csv] - WARNING - Esperando posición inicial... Aún no se han recibido datos de visión.
2026-07-09 15:47:08.598 - [robot_8_log_20260709_154651.csv] - CRITICAL - Despachado a ZMQ -> agent/8/move: {'v': 0.0, 'w': 0.0}
2026-07-09 15:47:08.627 - [robot_8_log_20260709_154651.csv] - WARNING - Esperando posición inicial... Aún no se han recibido datos de visión.
2026-07-09 15:47:08.648 - [robot_8_log_20260709_154651.csv] - CRITICAL - Despachado a ZMQ -> agent/8/move: {'v': 0.0, 'w': 0.0}
2026-07-09 15:47:08.677 - [robot_8_log_20260709_154651.csv] - WARNING - Esperando posición inicial... Aún no se han recibido datos de visión.
2026-07-09 15:47:08.697 - [robot_8_log_20260709_154651.csv] - CRITICAL - Despachado a ZMQ -> agent/8/move: {'v': 0.0, 'w': 0.0}
2026-07-09 15:47:08.727 - [robot_8_log_20260709_154651.csv] - WARNING - Esperando posición inicial... Aún no se han recibido datos de visión.
2026-07-09 15:47:08.742 - [robot_8_log_20260709_154651.csv] - CRITICAL - Despachado a ZMQ -> agent/8/move: {'v': 0.0, 'w': 0.0}
2026-07-09 15:47:08.777 - [robot_8_log_20260709_154651.csv] - WARNING - Esperando posición inicial... Aún no se han recibido datos de visión.
2026-07-09 15:47:08.797 - [robot_8_log_20260709_154651.csv] - CRITICAL - Despachado a ZMQ -> agent/8/move: {'v': 0.0, 'w': 0.0}
2026-07-09 15:47:08.827 - [robot_8_log_20260709_154651.csv] - WARNING - Esperando posición inicial... Aún no se han recibido datos de visión.
2026-07-09 15:47:08.832 - [robot_8_log_20260709_154651.csv] - INFO - Recibido mensaje agent/8/wheel en el topic {"Wleft":-1.469935285e-14,"Wright":6.902811656e-15}
2026-07-09 15:47:08.842 - [robot_8_log_20260709_154651.csv] - CRITICAL - Despachado a ZMQ -> agent/8/move: {'v': 0.0, 'w': 0.0}
2026-07-09 15:47:08.877 - [robot_8_log_20260709_154651.csv] - WARNING - Esperando posición inicial... Aún no se han recibido datos de visión.
2026-07-09 15:47:08.897 - [robot_8_log_20260709_154651.csv] - CRITICAL - Despachado a ZMQ -> agent/8/move: {'v': 0.0, 'w': 0.0}
2026-07-09 15:47:08.927 - [robot_8_log_20260709_154651.csv] - WARNING - Esperando posición inicial... Aún no se han recibido datos de visión.
2026-07-09 15:47:08.947 - [robot_8_log_20260709_154651.csv] - CRITICAL - Despachado a ZMQ -> agent/8/move: {'v': 0.0, 'w': 0.0}
2026-07-09 15:47:08.977 - [robot_8_log_20260709_154651.csv] - WARNING - Esperando posición inicial... Aún no se han recibido datos de visión.
2026-07-09 15:47:08.997 - [robot_8_log_20260709_154651.csv] - CRITICAL - Despachado a ZMQ -> agent/8/move: {'v': 0.0, 'w': 0.0}
2026-07-09 15:47:09.027 - [robot_8_log_20260709_154651.csv] - WARNING - Esperando posición inicial... Aún no se han recibido datos de visión.
2026-07-09 15:47:09.047 - [robot_8_log_20260709_154651.csv] - CRITICAL - Despachado a ZMQ -> agent/8/move: {'v': 0.0, 'w': 0.0}
2026-07-09 15:47:09.077 - [robot_8_log_20260709_154651.csv] - WARNING - Esperando posición inicial... Aún no se han recibido datos de visión.
2026-07-09 15:47:09.098 - [robot_8_log_20260709_154651.csv] - CRITICAL - Despachado a ZMQ -> agent/8/move: {'v': 0.0, 'w': 0.0}
2026-07-09 15:47:09.127 - [robot_8_log_20260709_154651.csv] - WARNING - Esperando posición inicial... Aún no se han recibido datos de visión.
2026-07-09 15:47:09.148 - [robot_8_log_20260709_154651.csv] - CRITICAL - Despachado a ZMQ -> agent/8/move: {'v': 0.0, 'w': 0.0}
2026-07-09 15:47:09.177 - [robot_8_log_20260709_154651.csv] - WARNING - Esperando posición inicial... Aún no se han recibido datos de visión.
2026-07-09 15:47:09.197 - [robot_8_log_20260709_154651.csv] - CRITICAL - Despachado a ZMQ -> agent/8/move: {'v': 0.0, 'w': 0.0}
2026-07-09 15:47:09.227 - [robot_8_log_20260709_154651.csv] - WARNING - Esperando posición inicial... Aún no se han recibido datos de visión.
2026-07-09 15:47:09.247 - [robot_8_log_20260709_154651.csv] - CRITICAL - Despachado a ZMQ -> agent/8/move: {'v': 0.0, 'w': 0.0}
2026-07-09 15:47:09.277 - [robot_8_log_20260709_154651.csv] - WARNING - Esperando posición inicial... Aún no se han recibido datos de visión.
2026-07-09 15:47:09.297 - [robot_8_log_20260709_154651.csv] - CRITICAL - Despachado a ZMQ -> agent/8/move: {'v': 0.0, 'w': 0.0}
2026-07-09 15:47:09.326 - [robot_8_log_20260709_154651.csv] - INFO - Recibido mensaje agent/8/wheel en el topic {"Wleft":-1.469935285e-14,"Wright":6.902811656e-15}
2026-07-09 15:47:09.327 - [robot_8_log_20260709_154651.csv] - WARNING - Esperando posición inicial... Aún no se han recibido datos de visión.
2026-07-09 15:47:09.342 - [robot_8_log_20260709_154651.csv] - CRITICAL - Despachado a ZMQ -> agent/8/move: {'v': 0.0, 'w': 0.0}
2026-07-09 15:47:09.377 - [robot_8_log_20260709_154651.csv] - WARNING - Esperando posición inicial... Aún no se han recibido datos de visión.
2026-07-09 15:47:09.397 - [robot_8_log_20260709_154651.csv] - CRITICAL - Despachado a ZMQ -> agent/8/move: {'v': 0.0, 'w': 0.0}
2026-07-09 15:47:09.427 - [robot_8_log_20260709_154651.csv] - WARNING - Esperando posición inicial... Aún no se han recibido datos de visión.
2026-07-09 15:47:09.447 - [robot_8_log_20260709_154651.csv] - CRITICAL - Despachado a ZMQ -> agent/8/move: {'v': 0.0, 'w': 0.0}
2026-07-09 15:47:09.477 - [robot_8_log_20260709_154651.csv] - WARNING - Esperando posición inicial... Aún no se han recibido datos de visión.
2026-07-09 15:47:09.497 - [robot_8_log_20260709_154651.csv] - CRITICAL - Despachado a ZMQ -> agent/8/move: {'v': 0.0, 'w': 0.0}
2026-07-09 15:47:09.527 - [robot_8_log_20260709_154651.csv] - WARNING - Esperando posición inicial... Aún no se han recibido datos de visión.
2026-07-09 15:47:09.537 - [robot_8_log_20260709_154651.csv] - CRITICAL - Despachado a ZMQ -> agent/8/move: {'v': 0.0, 'w': 0.0}
2026-07-09 15:47:09.577 - [robot_8_log_20260709_154651.csv] - WARNING - Esperando posición inicial... Aún no se han recibido datos de visión.
2026-07-09 15:47:09.598 - [robot_8_log_20260709_154651.csv] - CRITICAL - Despachado a ZMQ -> agent/8/move: {'v': 0.0, 'w': 0.0}
2026-07-09 15:47:09.627 - [robot_8_log_20260709_154651.csv] - WARNING - Esperando posición inicial... Aún no se han recibido datos de visión.
2026-07-09 15:47:09.647 - [robot_8_log_20260709_154651.csv] - CRITICAL - Despachado a ZMQ -> agent/8/move: {'v': 0.0, 'w': 0.0}
2026-07-09 15:47:09.677 - [robot_8_log_20260709_154651.csv] - WARNING - Esperando posición inicial... Aún no se han recibido datos de visión.
2026-07-09 15:47:09.698 - [robot_8_log_20260709_154651.csv] - CRITICAL - Despachado a ZMQ -> agent/8/move: {'v': 0.0, 'w': 0.0}
2026-07-09 15:47:09.727 - [robot_8_log_20260709_154651.csv] - WARNING - Esperando posición inicial... Aún no se han recibido datos de visión.
2026-07-09 15:47:09.738 - [robot_8_log_20260709_154651.csv] - CRITICAL - Despachado a ZMQ -> agent/8/move: {'v': 0.0, 'w': 0.0}
2026-07-09 15:47:09.777 - [robot_8_log_20260709_154651.csv] - WARNING - Esperando posición inicial... Aún no se han recibido datos de visión.
2026-07-09 15:47:09.798 - [robot_8_log_20260709_154651.csv] - CRITICAL - Despachado a ZMQ -> agent/8/move: {'v': 0.0, 'w': 0.0}
2026-07-09 15:47:09.827 - [robot_8_log_20260709_154651.csv] - WARNING - Esperando posición inicial... Aún no se han recibido datos de visión.
2026-07-09 15:47:09.837 - [robot_8_log_20260709_154651.csv] - INFO - Recibido mensaje agent/8/wheel en el topic {"Wleft":-1.469935285e-14,"Wright":6.902811656e-15}
2026-07-09 15:47:09.842 - [robot_8_log_20260709_154651.csv] - CRITICAL - Despachado a ZMQ -> agent/8/move: {'v': 0.0, 'w': 0.0}
2026-07-09 15:47:09.877 - [robot_8_log_20260709_154651.csv] - WARNING - Esperando posición inicial... Aún no se han recibido datos de visión.
2026-07-09 15:47:09.897 - [robot_8_log_20260709_154651.csv] - CRITICAL - Despachado a ZMQ -> agent/8/move: {'v': 0.0, 'w': 0.0}
2026-07-09 15:47:09.927 - [robot_8_log_20260709_154651.csv] - WARNING - Esperando posición inicial... Aún no se han recibido datos de visión.
2026-07-09 15:47:09.947 - [robot_8_log_20260709_154651.csv] - CRITICAL - Despachado a ZMQ -> agent/8/move: {'v': 0.0, 'w': 0.0}
2026-07-09 15:47:09.977 - [robot_8_log_20260709_154651.csv] - WARNING - Esperando posición inicial... Aún no se han recibido datos de visión.
2026-07-09 15:47:09.997 - [robot_8_log_20260709_154651.csv] - CRITICAL - Despachado a ZMQ -> agent/8/move: {'v': 0.0, 'w': 0.0}
2026-07-09 15:47:10.027 - [robot_8_log_20260709_154651.csv] - WARNING - Esperando posición inicial... Aún no se han recibido datos de visión.
2026-07-09 15:47:10.047 - [robot_8_log_20260709_154651.csv] - CRITICAL - Despachado a ZMQ -> agent/8/move: {'v': 0.0, 'w': 0.0}
2026-07-09 15:47:10.077 - [robot_8_log_20260709_154651.csv] - WARNING - Esperando posición inicial... Aún no se han recibido datos de visión.
2026-07-09 15:47:10.098 - [robot_8_log_20260709_154651.csv] - CRITICAL - Despachado a ZMQ -> agent/8/move: {'v': 0.0, 'w': 0.0}
2026-07-09 15:47:10.127 - [robot_8_log_20260709_154651.csv] - WARNING - Esperando posición inicial... Aún no se han recibido datos de visión.
2026-07-09 15:47:10.147 - [robot_8_log_20260709_154651.csv] - CRITICAL - Despachado a ZMQ -> agent/8/move: {'v': 0.0, 'w': 0.0}
2026-07-09 15:47:10.177 - [robot_8_log_20260709_154651.csv] - WARNING - Esperando posición inicial... Aún no se han recibido datos de visión.
2026-07-09 15:47:10.197 - [robot_8_log_20260709_154651.csv] - CRITICAL - Despachado a ZMQ -> agent/8/move: {'v': 0.0, 'w': 0.0}
2026-07-09 15:47:10.227 - [robot_8_log_20260709_154651.csv] - WARNING - Esperando posición inicial... Aún no se han recibido datos de visión.
2026-07-09 15:47:10.247 - [robot_8_log_20260709_154651.csv] - CRITICAL - Despachado a ZMQ -> agent/8/move: {'v': 0.0, 'w': 0.0}
2026-07-09 15:47:10.277 - [robot_8_log_20260709_154651.csv] - WARNING - Esperando posición inicial... Aún no se han recibido datos de visión.
2026-07-09 15:47:10.297 - [robot_8_log_20260709_154651.csv] - CRITICAL - Despachado a ZMQ -> agent/8/move: {'v': 0.0, 'w': 0.0}
2026-07-09 15:47:10.326 - [robot_8_log_20260709_154651.csv] - INFO - Recibido mensaje agent/8/wheel en el topic {"Wleft":-1.469935285e-14,"Wright":6.902811656e-15}
2026-07-09 15:47:10.327 - [robot_8_log_20260709_154651.csv] - WARNING - Esperando posición inicial... Aún no se han recibido datos de visión.
2026-07-09 15:47:10.347 - [robot_8_log_20260709_154651.csv] - CRITICAL - Despachado a ZMQ -> agent/8/move: {'v': 0.0, 'w': 0.0}
2026-07-09 15:47:10.377 - [robot_8_log_20260709_154651.csv] - WARNING - Esperando posición inicial... Aún no se han recibido datos de visión.
2026-07-09 15:47:10.397 - [robot_8_log_20260709_154651.csv] - CRITICAL - Despachado a ZMQ -> agent/8/move: {'v': 0.0, 'w': 0.0}
2026-07-09 15:47:10.427 - [robot_8_log_20260709_154651.csv] - WARNING - Esperando posición inicial... Aún no se han recibido datos de visión.
2026-07-09 15:47:10.447 - [robot_8_log_20260709_154651.csv] - CRITICAL - Despachado a ZMQ -> agent/8/move: {'v': 0.0, 'w': 0.0}
2026-07-09 15:47:10.477 - [robot_8_log_20260709_154651.csv] - WARNING - Esperando posición inicial... Aún no se han recibido datos de visión.
2026-07-09 15:47:10.497 - [robot_8_log_20260709_154651.csv] - CRITICAL - Despachado a ZMQ -> agent/8/move: {'v': 0.0, 'w': 0.0}
2026-07-09 15:47:10.527 - [robot_8_log_20260709_154651.csv] - WARNING - Esperando posición inicial... Aún no se han recibido datos de visión.
2026-07-09 15:47:10.547 - [robot_8_log_20260709_154651.csv] - CRITICAL - Despachado a ZMQ -> agent/8/move: {'v': 0.0, 'w': 0.0}
2026-07-09 15:47:10.577 - [robot_8_log_20260709_154651.csv] - WARNING - Esperando posición inicial... Aún no se han recibido datos de visión.
2026-07-09 15:47:10.597 - [robot_8_log_20260709_154651.csv] - CRITICAL - Despachado a ZMQ -> agent/8/move: {'v': 0.0, 'w': 0.0}
2026-07-09 15:47:10.627 - [robot_8_log_20260709_154651.csv] - WARNING - Esperando posición inicial... Aún no se han recibido datos de visión.
2026-07-09 15:47:10.647 - [robot_8_log_20260709_154651.csv] - CRITICAL - Despachado a ZMQ -> agent/8/move: {'v': 0.0, 'w': 0.0}
2026-07-09 15:47:10.677 - [robot_8_log_20260709_154651.csv] - WARNING - Esperando posición inicial... Aún no se han recibido datos de visión.
2026-07-09 15:47:10.698 - [robot_8_log_20260709_154651.csv] - CRITICAL - Despachado a ZMQ -> agent/8/move: {'v': 0.0, 'w': 0.0}
2026-07-09 15:47:10.727 - [robot_8_log_20260709_154651.csv] - WARNING - Esperando posición inicial... Aún no se han recibido datos de visión.
2026-07-09 15:47:10.748 - [robot_8_log_20260709_154651.csv] - CRITICAL - Despachado a ZMQ -> agent/8/move: {'v': 0.0, 'w': 0.0}
2026-07-09 15:47:10.777 - [robot_8_log_20260709_154651.csv] - WARNING - Esperando posición inicial... Aún no se han recibido datos de visión.
2026-07-09 15:47:10.797 - [robot_8_log_20260709_154651.csv] - CRITICAL - Despachado a ZMQ -> agent/8/move: {'v': 0.0, 'w': 0.0}
2026-07-09 15:47:10.827 - [robot_8_log_20260709_154651.csv] - WARNING - Esperando posición inicial... Aún no se han recibido datos de visión.
2026-07-09 15:47:10.842 - [robot_8_log_20260709_154651.csv] - INFO - Recibido mensaje agent/8/wheel en el topic {"Wleft":-1.469935285e-14,"Wright":6.902811656e-15}
2026-07-09 15:47:10.837 - [robot_8_log_20260709_154651.csv] - CRITICAL - Despachado a ZMQ -> agent/8/move: {'v': 0.0, 'w': 0.0}
2026-07-09 15:47:10.877 - [robot_8_log_20260709_154651.csv] - WARNING - Esperando posición inicial... Aún no se han recibido datos de visión.
2026-07-09 15:47:10.897 - [robot_8_log_20260709_154651.csv] - CRITICAL - Despachado a ZMQ -> agent/8/move: {'v': 0.0, 'w': 0.0}
2026-07-09 15:47:10.927 - [robot_8_log_20260709_154651.csv] - WARNING - Esperando posición inicial... Aún no se han recibido datos de visión.
2026-07-09 15:47:10.948 - [robot_8_log_20260709_154651.csv] - CRITICAL - Despachado a ZMQ -> agent/8/move: {'v': 0.0, 'w': 0.0}
2026-07-09 15:47:10.977 - [robot_8_log_20260709_154651.csv] - WARNING - Esperando posición inicial... Aún no se han recibido datos de visión.
2026-07-09 15:47:10.998 - [robot_8_log_20260709_154651.csv] - CRITICAL - Despachado a ZMQ -> agent/8/move: {'v': 0.0, 'w': 0.0}
2026-07-09 15:47:11.027 - [robot_8_log_20260709_154651.csv] - WARNING - Esperando posición inicial... Aún no se han recibido datos de visión.
2026-07-09 15:47:11.048 - [robot_8_log_20260709_154651.csv] - CRITICAL - Despachado a ZMQ -> agent/8/move: {'v': 0.0, 'w': 0.0}
2026-07-09 15:47:11.077 - [robot_8_log_20260709_154651.csv] - WARNING - Esperando posición inicial... Aún no se han recibido datos de visión.
2026-07-09 15:47:11.098 - [robot_8_log_20260709_154651.csv] - CRITICAL - Despachado a ZMQ -> agent/8/move: {'v': 0.0, 'w': 0.0}
2026-07-09 15:47:11.127 - [robot_8_log_20260709_154651.csv] - WARNING - Esperando posición inicial... Aún no se han recibido datos de visión.
2026-07-09 15:47:11.147 - [robot_8_log_20260709_154651.csv] - CRITICAL - Despachado a ZMQ -> agent/8/move: {'v': 0.0, 'w': 0.0}
2026-07-09 15:47:11.177 - [robot_8_log_20260709_154651.csv] - WARNING - Esperando posición inicial... Aún no se han recibido datos de visión.
2026-07-09 15:47:11.198 - [robot_8_log_20260709_154651.csv] - CRITICAL - Despachado a ZMQ -> agent/8/move: {'v': 0.0, 'w': 0.0}
2026-07-09 15:47:11.227 - [robot_8_log_20260709_154651.csv] - WARNING - Esperando posición inicial... Aún no se han recibido datos de visión.
2026-07-09 15:47:11.247 - [robot_8_log_20260709_154651.csv] - CRITICAL - Despachado a ZMQ -> agent/8/move: {'v': 0.0, 'w': 0.0}
2026-07-09 15:47:11.277 - [robot_8_log_20260709_154651.csv] - WARNING - Esperando posición inicial... Aún no se han recibido datos de visión.
2026-07-09 15:47:11.297 - [robot_8_log_20260709_154651.csv] - CRITICAL - Despachado a ZMQ -> agent/8/move: {'v': 0.0, 'w': 0.0}
2026-07-09 15:47:11.327 - [robot_8_log_20260709_154651.csv] - WARNING - Esperando posición inicial... Aún no se han recibido datos de visión.
2026-07-09 15:47:11.342 - [robot_8_log_20260709_154651.csv] - CRITICAL - Despachado a ZMQ -> agent/8/move: {'v': 0.0, 'w': 0.0}
2026-07-09 15:47:11.348 - [robot_8_log_20260709_154651.csv] - INFO - Recibido mensaje agent/8/wheel en el topic {"Wleft":-1.469935285e-14,"Wright":6.902811656e-15}
2026-07-09 15:47:11.377 - [robot_8_log_20260709_154651.csv] - WARNING - Esperando posición inicial... Aún no se han recibido datos de visión.
2026-07-09 15:47:11.398 - [robot_8_log_20260709_154651.csv] - CRITICAL - Despachado a ZMQ -> agent/8/move: {'v': 0.0, 'w': 0.0}
2026-07-09 15:47:11.427 - [robot_8_log_20260709_154651.csv] - WARNING - Esperando posición inicial... Aún no se han recibido datos de visión.
2026-07-09 15:47:11.447 - [robot_8_log_20260709_154651.csv] - CRITICAL - Despachado a ZMQ -> agent/8/move: {'v': 0.0, 'w': 0.0}
2026-07-09 15:47:11.477 - [robot_8_log_20260709_154651.csv] - WARNING - Esperando posición inicial... Aún no se han recibido datos de visión.
2026-07-09 15:47:11.497 - [robot_8_log_20260709_154651.csv] - CRITICAL - Despachado a ZMQ -> agent/8/move: {'v': 0.0, 'w': 0.0}
2026-07-09 15:47:11.527 - [robot_8_log_20260709_154651.csv] - WARNING - Esperando posición inicial... Aún no se han recibido datos de visión.
2026-07-09 15:47:11.548 - [robot_8_log_20260709_154651.csv] - CRITICAL - Despachado a ZMQ -> agent/8/move: {'v': 0.0, 'w': 0.0}
2026-07-09 15:47:11.577 - [robot_8_log_20260709_154651.csv] - WARNING - Esperando posición inicial... Aún no se han recibido datos de visión.
2026-07-09 15:47:11.598 - [robot_8_log_20260709_154651.csv] - CRITICAL - Despachado a ZMQ -> agent/8/move: {'v': 0.0, 'w': 0.0}
2026-07-09 15:47:11.627 - [robot_8_log_20260709_154651.csv] - WARNING - Esperando posición inicial... Aún no se han recibido datos de visión.
2026-07-09 15:47:11.643 - [robot_8_log_20260709_154651.csv] - CRITICAL - Despachado a ZMQ -> agent/8/move: {'v': 0.0, 'w': 0.0}
2026-07-09 15:47:11.677 - [robot_8_log_20260709_154651.csv] - WARNING - Esperando posición inicial... Aún no se han recibido datos de visión.
2026-07-09 15:47:11.703 - [robot_8_log_20260709_154651.csv] - CRITICAL - Despachado a ZMQ -> agent/8/move: {'v': 0.0, 'w': 0.0}
2026-07-09 15:47:11.727 - [robot_8_log_20260709_154651.csv] - WARNING - Esperando posición inicial... Aún no se han recibido datos de visión.
2026-07-09 15:47:11.748 - [robot_8_log_20260709_154651.csv] - CRITICAL - Despachado a ZMQ -> agent/8/move: {'v': 0.0, 'w': 0.0}
2026-07-09 15:47:11.777 - [robot_8_log_20260709_154651.csv] - WARNING - Esperando posición inicial... Aún no se han recibido datos de visión.
2026-07-09 15:47:11.797 - [robot_8_log_20260709_154651.csv] - CRITICAL - Despachado a ZMQ -> agent/8/move: {'v': 0.0, 'w': 0.0}
2026-07-09 15:47:11.827 - [robot_8_log_20260709_154651.csv] - WARNING - Esperando posición inicial... Aún no se han recibido datos de visión.
2026-07-09 15:47:11.847 - [robot_8_log_20260709_154651.csv] - INFO - Recibido mensaje agent/8/wheel en el topic {"Wleft":-1.469935285e-14,"Wright":6.902811656e-15}
2026-07-09 15:47:11.842 - [robot_8_log_20260709_154651.csv] - CRITICAL - Despachado a ZMQ -> agent/8/move: {'v': 0.0, 'w': 0.0}
2026-07-09 15:47:11.877 - [robot_8_log_20260709_154651.csv] - WARNING - Esperando posición inicial... Aún no se han recibido datos de visión.
2026-07-09 15:47:11.898 - [robot_8_log_20260709_154651.csv] - CRITICAL - Despachado a ZMQ -> agent/8/move: {'v': 0.0, 'w': 0.0}
2026-07-09 15:47:11.927 - [robot_8_log_20260709_154651.csv] - WARNING - Esperando posición inicial... Aún no se han recibido datos de visión.
2026-07-09 15:47:11.948 - [robot_8_log_20260709_154651.csv] - CRITICAL - Despachado a ZMQ -> agent/8/move: {'v': 0.0, 'w': 0.0}
2026-07-09 15:47:11.977 - [robot_8_log_20260709_154651.csv] - WARNING - Esperando posición inicial... Aún no se han recibido datos de visión.
2026-07-09 15:47:11.998 - [robot_8_log_20260709_154651.csv] - CRITICAL - Despachado a ZMQ -> agent/8/move: {'v': 0.0, 'w': 0.0}
2026-07-09 15:47:12.027 - [robot_8_log_20260709_154651.csv] - WARNING - Esperando posición inicial... Aún no se han recibido datos de visión.
2026-07-09 15:47:12.048 - [robot_8_log_20260709_154651.csv] - CRITICAL - Despachado a ZMQ -> agent/8/move: {'v': 0.0, 'w': 0.0}
2026-07-09 15:47:12.077 - [robot_8_log_20260709_154651.csv] - WARNING - Esperando posición inicial... Aún no se han recibido datos de visión.
2026-07-09 15:47:12.097 - [robot_8_log_20260709_154651.csv] - CRITICAL - Despachado a ZMQ -> agent/8/move: {'v': 0.0, 'w': 0.0}
2026-07-09 15:47:12.127 - [robot_8_log_20260709_154651.csv] - WARNING - Esperando posición inicial... Aún no se han recibido datos de visión.
2026-07-09 15:47:12.147 - [robot_8_log_20260709_154651.csv] - CRITICAL - Despachado a ZMQ -> agent/8/move: {'v': 0.0, 'w': 0.0}
2026-07-09 15:47:12.177 - [robot_8_log_20260709_154651.csv] - WARNING - Esperando posición inicial... Aún no se han recibido datos de visión.
2026-07-09 15:47:12.198 - [robot_8_log_20260709_154651.csv] - CRITICAL - Despachado a ZMQ -> agent/8/move: {'v': 0.0, 'w': 0.0}
2026-07-09 15:47:12.227 - [robot_8_log_20260709_154651.csv] - WARNING - Esperando posición inicial... Aún no se han recibido datos de visión.
2026-07-09 15:47:12.248 - [robot_8_log_20260709_154651.csv] - CRITICAL - Despachado a ZMQ -> agent/8/move: {'v': 0.0, 'w': 0.0}
2026-07-09 15:47:12.277 - [robot_8_log_20260709_154651.csv] - WARNING - Esperando posición inicial... Aún no se han recibido datos de visión.
2026-07-09 15:47:12.298 - [robot_8_log_20260709_154651.csv] - CRITICAL - Despachado a ZMQ -> agent/8/move: {'v': 0.0, 'w': 0.0}
2026-07-09 15:47:12.327 - [robot_8_log_20260709_154651.csv] - WARNING - Esperando posición inicial... Aún no se han recibido datos de visión.
2026-07-09 15:47:12.347 - [robot_8_log_20260709_154651.csv] - CRITICAL - Despachado a ZMQ -> agent/8/move: {'v': 0.0, 'w': 0.0}
2026-07-09 15:47:12.357 - [robot_8_log_20260709_154651.csv] - INFO - Recibido mensaje agent/8/wheel en el topic {"Wleft":-1.469935285e-14,"Wright":6.902811656e-15}
2026-07-09 15:47:12.377 - [robot_8_log_20260709_154651.csv] - WARNING - Esperando posición inicial... Aún no se han recibido datos de visión.
2026-07-09 15:47:12.398 - [robot_8_log_20260709_154651.csv] - CRITICAL - Despachado a ZMQ -> agent/8/move: {'v': 0.0, 'w': 0.0}
2026-07-09 15:47:12.427 - [robot_8_log_20260709_154651.csv] - WARNING - Esperando posición inicial... Aún no se han recibido datos de visión.
2026-07-09 15:47:12.449 - [robot_8_log_20260709_154651.csv] - CRITICAL - Despachado a ZMQ -> agent/8/move: {'v': 0.0, 'w': 0.0}
2026-07-09 15:47:12.477 - [robot_8_log_20260709_154651.csv] - WARNING - Esperando posición inicial... Aún no se han recibido datos de visión.
2026-07-09 15:47:12.498 - [robot_8_log_20260709_154651.csv] - CRITICAL - Despachado a ZMQ -> agent/8/move: {'v': 0.0, 'w': 0.0}
2026-07-09 15:47:12.527 - [robot_8_log_20260709_154651.csv] - WARNING - Esperando posición inicial... Aún no se han recibido datos de visión.
2026-07-09 15:47:12.548 - [robot_8_log_20260709_154651.csv] - CRITICAL - Despachado a ZMQ -> agent/8/move: {'v': 0.0, 'w': 0.0}
2026-07-09 15:47:12.577 - [robot_8_log_20260709_154651.csv] - WARNING - Esperando posición inicial... Aún no se han recibido datos de visión.
2026-07-09 15:47:12.598 - [robot_8_log_20260709_154651.csv] - CRITICAL - Despachado a ZMQ -> agent/8/move: {'v': 0.0, 'w': 0.0}
2026-07-09 15:47:12.627 - [robot_8_log_20260709_154651.csv] - WARNING - Esperando posición inicial... Aún no se han recibido datos de visión.
2026-07-09 15:47:12.648 - [robot_8_log_20260709_154651.csv] - CRITICAL - Despachado a ZMQ -> agent/8/move: {'v': 0.0, 'w': 0.0}
2026-07-09 15:47:12.677 - [robot_8_log_20260709_154651.csv] - WARNING - Esperando posición inicial... Aún no se han recibido datos de visión.
2026-07-09 15:47:12.692 - [robot_8_log_20260709_154651.csv] - CRITICAL - Despachado a ZMQ -> agent/8/move: {'v': 0.0, 'w': 0.0}
2026-07-09 15:47:12.727 - [robot_8_log_20260709_154651.csv] - WARNING - Esperando posición inicial... Aún no se han recibido datos de visión.
2026-07-09 15:47:12.747 - [robot_8_log_20260709_154651.csv] - CRITICAL - Despachado a ZMQ -> agent/8/move: {'v': 0.0, 'w': 0.0}
2026-07-09 15:47:12.777 - [robot_8_log_20260709_154651.csv] - WARNING - Esperando posición inicial... Aún no se han recibido datos de visión.
2026-07-09 15:47:12.797 - [robot_8_log_20260709_154651.csv] - CRITICAL - Despachado a ZMQ -> agent/8/move: {'v': 0.0, 'w': 0.0}
2026-07-09 15:47:12.827 - [robot_8_log_20260709_154651.csv] - WARNING - Esperando posición inicial... Aún no se han recibido datos de visión.
2026-07-09 15:47:12.843 - [robot_8_log_20260709_154651.csv] - INFO - Recibido mensaje agent/8/wheel en el topic {"Wleft":-1.469935285e-14,"Wright":6.902811656e-15}
2026-07-09 15:47:12.848 - [robot_8_log_20260709_154651.csv] - CRITICAL - Despachado a ZMQ -> agent/8/move: {'v': 0.0, 'w': 0.0}
2026-07-09 15:47:12.877 - [robot_8_log_20260709_154651.csv] - WARNING - Esperando posición inicial... Aún no se han recibido datos de visión.
2026-07-09 15:47:12.898 - [robot_8_log_20260709_154651.csv] - CRITICAL - Despachado a ZMQ -> agent/8/move: {'v': 0.0, 'w': 0.0}
2026-07-09 15:47:12.927 - [robot_8_log_20260709_154651.csv] - WARNING - Esperando posición inicial... Aún no se han recibido datos de visión.
2026-07-09 15:47:12.948 - [robot_8_log_20260709_154651.csv] - CRITICAL - Despachado a ZMQ -> agent/8/move: {'v': 0.0, 'w': 0.0}
2026-07-09 15:47:12.977 - [robot_8_log_20260709_154651.csv] - WARNING - Esperando posición inicial... Aún no se han recibido datos de visión.
2026-07-09 15:47:12.999 - [robot_8_log_20260709_154651.csv] - CRITICAL - Despachado a ZMQ -> agent/8/move: {'v': 0.0, 'w': 0.0}
2026-07-09 15:47:13.027 - [robot_8_log_20260709_154651.csv] - WARNING - Esperando posición inicial... Aún no se han recibido datos de visión.
2026-07-09 15:47:13.047 - [robot_8_log_20260709_154651.csv] - CRITICAL - Despachado a ZMQ -> agent/8/move: {'v': 0.0, 'w': 0.0}
2026-07-09 15:47:13.077 - [robot_8_log_20260709_154651.csv] - WARNING - Esperando posición inicial... Aún no se han recibido datos de visión.
2026-07-09 15:47:13.098 - [robot_8_log_20260709_154651.csv] - CRITICAL - Despachado a ZMQ -> agent/8/move: {'v': 0.0, 'w': 0.0}
2026-07-09 15:47:13.127 - [robot_8_log_20260709_154651.csv] - WARNING - Esperando posición inicial... Aún no se han recibido datos de visión.
2026-07-09 15:47:13.138 - [robot_8_log_20260709_154651.csv] - CRITICAL - Despachado a ZMQ -> agent/8/move: {'v': 0.0, 'w': 0.0}
2026-07-09 15:47:13.177 - [robot_8_log_20260709_154651.csv] - WARNING - Esperando posición inicial... Aún no se han recibido datos de visión.
2026-07-09 15:47:13.198 - [robot_8_log_20260709_154651.csv] - CRITICAL - Despachado a ZMQ -> agent/8/move: {'v': 0.0, 'w': 0.0}
2026-07-09 15:47:13.227 - [robot_8_log_20260709_154651.csv] - WARNING - Esperando posición inicial... Aún no se han recibido datos de visión.
2026-07-09 15:47:13.247 - [robot_8_log_20260709_154651.csv] - CRITICAL - Despachado a ZMQ -> agent/8/move: {'v': 0.0, 'w': 0.0}
2026-07-09 15:47:13.277 - [robot_8_log_20260709_154651.csv] - WARNING - Esperando posición inicial... Aún no se han recibido datos de visión.
2026-07-09 15:47:13.292 - [robot_8_log_20260709_154651.csv] - CRITICAL - Despachado a ZMQ -> agent/8/move: {'v': 0.0, 'w': 0.0}
2026-07-09 15:47:13.327 - [robot_8_log_20260709_154651.csv] - WARNING - Esperando posición inicial... Aún no se han recibido datos de visión.
2026-07-09 15:47:13.348 - [robot_8_log_20260709_154651.csv] - CRITICAL - Despachado a ZMQ -> agent/8/move: {'v': 0.0, 'w': 0.0}
2026-07-09 15:47:13.358 - [robot_8_log_20260709_154651.csv] - INFO - Recibido mensaje agent/8/wheel en el topic {"Wleft":-1.469935285e-14,"Wright":6.902811656e-15}
2026-07-09 15:47:13.377 - [robot_8_log_20260709_154651.csv] - WARNING - Esperando posición inicial... Aún no se han recibido datos de visión.
2026-07-09 15:47:13.398 - [robot_8_log_20260709_154651.csv] - CRITICAL - Despachado a ZMQ -> agent/8/move: {'v': 0.0, 'w': 0.0}
2026-07-09 15:47:13.427 - [robot_8_log_20260709_154651.csv] - WARNING - Esperando posición inicial... Aún no se han recibido datos de visión.
2026-07-09 15:47:13.443 - [robot_8_log_20260709_154651.csv] - CRITICAL - Despachado a ZMQ -> agent/8/move: {'v': 0.0, 'w': 0.0}
2026-07-09 15:47:13.477 - [robot_8_log_20260709_154651.csv] - WARNING - Esperando posición inicial... Aún no se han recibido datos de visión.
2026-07-09 15:47:13.498 - [robot_8_log_20260709_154651.csv] - CRITICAL - Despachado a ZMQ -> agent/8/move: {'v': 0.0, 'w': 0.0}
2026-07-09 15:47:13.527 - [robot_8_log_20260709_154651.csv] - WARNING - Esperando posición inicial... Aún no se han recibido datos de visión.
2026-07-09 15:47:13.547 - [robot_8_log_20260709_154651.csv] - CRITICAL - Despachado a ZMQ -> agent/8/move: {'v': 0.0, 'w': 0.0}
2026-07-09 15:47:13.577 - [robot_8_log_20260709_154651.csv] - WARNING - Esperando posición inicial... Aún no se han recibido datos de visión.
2026-07-09 15:47:13.598 - [robot_8_log_20260709_154651.csv] - CRITICAL - Despachado a ZMQ -> agent/8/move: {'v': 0.0, 'w': 0.0}
2026-07-09 15:47:13.627 - [robot_8_log_20260709_154651.csv] - WARNING - Esperando posición inicial... Aún no se han recibido datos de visión.
2026-07-09 15:47:13.647 - [robot_8_log_20260709_154651.csv] - CRITICAL - Despachado a ZMQ -> agent/8/move: {'v': 0.0, 'w': 0.0}
2026-07-09 15:47:13.677 - [robot_8_log_20260709_154651.csv] - WARNING - Esperando posición inicial... Aún no se han recibido datos de visión.
2026-07-09 15:47:13.698 - [robot_8_log_20260709_154651.csv] - CRITICAL - Despachado a ZMQ -> agent/8/move: {'v': 0.0, 'w': 0.0}
2026-07-09 15:47:13.727 - [robot_8_log_20260709_154651.csv] - WARNING - Esperando posición inicial... Aún no se han recibido datos de visión.
2026-07-09 15:47:13.748 - [robot_8_log_20260709_154651.csv] - CRITICAL - Despachado a ZMQ -> agent/8/move: {'v': 0.0, 'w': 0.0}
2026-07-09 15:47:13.777 - [robot_8_log_20260709_154651.csv] - WARNING - Esperando posición inicial... Aún no se han recibido datos de visión.
2026-07-09 15:47:13.783 - [robot_8_log_20260709_154651.csv] - CRITICAL - Despachado a ZMQ -> agent/8/move: {'v': 0.0, 'w': 0.0}
2026-07-09 15:47:13.827 - [robot_8_log_20260709_154651.csv] - WARNING - Esperando posición inicial... Aún no se han recibido datos de visión.
2026-07-09 15:47:13.854 - [robot_8_log_20260709_154651.csv] - INFO - Recibido mensaje agent/8/wheel en el topic {"Wleft":-1.469935285e-14,"Wright":6.902811656e-15}
2026-07-09 15:47:13.848 - [robot_8_log_20260709_154651.csv] - CRITICAL - Despachado a ZMQ -> agent/8/move: {'v': 0.0, 'w': 0.0}
2026-07-09 15:47:13.877 - [robot_8_log_20260709_154651.csv] - WARNING - Esperando posición inicial... Aún no se han recibido datos de visión.
2026-07-09 15:47:13.882 - [robot_8_log_20260709_154651.csv] - CRITICAL - Despachado a ZMQ -> agent/8/move: {'v': 0.0, 'w': 0.0}
2026-07-09 15:47:13.927 - [robot_8_log_20260709_154651.csv] - WARNING - Esperando posición inicial... Aún no se han recibido datos de visión.
2026-07-09 15:47:13.948 - [robot_8_log_20260709_154651.csv] - CRITICAL - Despachado a ZMQ -> agent/8/move: {'v': 0.0, 'w': 0.0}
2026-07-09 15:47:13.977 - [robot_8_log_20260709_154651.csv] - WARNING - Esperando posición inicial... Aún no se han recibido datos de visión.
2026-07-09 15:47:13.997 - [robot_8_log_20260709_154651.csv] - CRITICAL - Despachado a ZMQ -> agent/8/move: {'v': 0.0, 'w': 0.0}
2026-07-09 15:47:14.027 - [robot_8_log_20260709_154651.csv] - WARNING - Esperando posición inicial... Aún no se han recibido datos de visión.
2026-07-09 15:47:14.048 - [robot_8_log_20260709_154651.csv] - CRITICAL - Despachado a ZMQ -> agent/8/move: {'v': 0.0, 'w': 0.0}
2026-07-09 15:47:14.077 - [robot_8_log_20260709_154651.csv] - WARNING - Esperando posición inicial... Aún no se han recibido datos de visión.
2026-07-09 15:47:14.098 - [robot_8_log_20260709_154651.csv] - CRITICAL - Despachado a ZMQ -> agent/8/move: {'v': 0.0, 'w': 0.0}
2026-07-09 15:47:14.127 - [robot_8_log_20260709_154651.csv] - WARNING - Esperando posición inicial... Aún no se han recibido datos de visión.
2026-07-09 15:47:14.147 - [robot_8_log_20260709_154651.csv] - CRITICAL - Despachado a ZMQ -> agent/8/move: {'v': 0.0, 'w': 0.0}
2026-07-09 15:47:14.177 - [robot_8_log_20260709_154651.csv] - WARNING - Esperando posición inicial... Aún no se han recibido datos de visión.
2026-07-09 15:47:14.197 - [robot_8_log_20260709_154651.csv] - CRITICAL - Despachado a ZMQ -> agent/8/move: {'v': 0.0, 'w': 0.0}
2026-07-09 15:47:14.227 - [robot_8_log_20260709_154651.csv] - WARNING - Esperando posición inicial... Aún no se han recibido datos de visión.
2026-07-09 15:47:14.248 - [robot_8_log_20260709_154651.csv] - CRITICAL - Despachado a ZMQ -> agent/8/move: {'v': 0.0, 'w': 0.0}
2026-07-09 15:47:14.277 - [robot_8_log_20260709_154651.csv] - WARNING - Esperando posición inicial... Aún no se han recibido datos de visión.
2026-07-09 15:47:14.298 - [robot_8_log_20260709_154651.csv] - CRITICAL - Despachado a ZMQ -> agent/8/move: {'v': 0.0, 'w': 0.0}
2026-07-09 15:47:14.327 - [robot_8_log_20260709_154651.csv] - WARNING - Esperando posición inicial... Aún no se han recibido datos de visión.
2026-07-09 15:47:14.342 - [robot_8_log_20260709_154651.csv] - CRITICAL - Despachado a ZMQ -> agent/8/move: {'v': 0.0, 'w': 0.0}
2026-07-09 15:47:14.361 - [robot_8_log_20260709_154651.csv] - INFO - Recibido mensaje agent/8/wheel en el topic {"Wleft":-1.469935285e-14,"Wright":6.902811656e-15}
2026-07-09 15:47:14.377 - [robot_8_log_20260709_154651.csv] - WARNING - Esperando posición inicial... Aún no se han recibido datos de visión.
2026-07-09 15:47:14.397 - [robot_8_log_20260709_154651.csv] - CRITICAL - Despachado a ZMQ -> agent/8/move: {'v': 0.0, 'w': 0.0}
2026-07-09 15:47:14.427 - [robot_8_log_20260709_154651.csv] - WARNING - Esperando posición inicial... Aún no se han recibido datos de visión.
2026-07-09 15:47:14.448 - [robot_8_log_20260709_154651.csv] - CRITICAL - Despachado a ZMQ -> agent/8/move: {'v': 0.0, 'w': 0.0}
2026-07-09 15:47:14.477 - [robot_8_log_20260709_154651.csv] - WARNING - Esperando posición inicial... Aún no se han recibido datos de visión.
2026-07-09 15:47:14.498 - [robot_8_log_20260709_154651.csv] - CRITICAL - Despachado a ZMQ -> agent/8/move: {'v': 0.0, 'w': 0.0}
2026-07-09 15:47:14.527 - [robot_8_log_20260709_154651.csv] - WARNING - Esperando posición inicial... Aún no se han recibido datos de visión.
2026-07-09 15:47:14.548 - [robot_8_log_20260709_154651.csv] - CRITICAL - Despachado a ZMQ -> agent/8/move: {'v': 0.0, 'w': 0.0}
2026-07-09 15:47:14.577 - [robot_8_log_20260709_154651.csv] - WARNING - Esperando posición inicial... Aún no se han recibido datos de visión.
2026-07-09 15:47:14.597 - [robot_8_log_20260709_154651.csv] - CRITICAL - Despachado a ZMQ -> agent/8/move: {'v': 0.0, 'w': 0.0}
2026-07-09 15:47:14.627 - [robot_8_log_20260709_154651.csv] - WARNING - Esperando posición inicial... Aún no se han recibido datos de visión.
2026-07-09 15:47:14.647 - [robot_8_log_20260709_154651.csv] - CRITICAL - Despachado a ZMQ -> agent/8/move: {'v': 0.0, 'w': 0.0}
2026-07-09 15:47:14.677 - [robot_8_log_20260709_154651.csv] - WARNING - Esperando posición inicial... Aún no se han recibido datos de visión.
2026-07-09 15:47:14.688 - [robot_8_log_20260709_154651.csv] - CRITICAL - Despachado a ZMQ -> agent/8/move: {'v': 0.0, 'w': 0.0}
2026-07-09 15:47:14.727 - [robot_8_log_20260709_154651.csv] - WARNING - Esperando posición inicial... Aún no se han recibido datos de visión.
2026-07-09 15:47:14.747 - [robot_8_log_20260709_154651.csv] - CRITICAL - Despachado a ZMQ -> agent/8/move: {'v': 0.0, 'w': 0.0}
2026-07-09 15:47:14.777 - [robot_8_log_20260709_154651.csv] - WARNING - Esperando posición inicial... Aún no se han recibido datos de visión.
2026-07-09 15:47:14.797 - [robot_8_log_20260709_154651.csv] - CRITICAL - Despachado a ZMQ -> agent/8/move: {'v': 0.0, 'w': 0.0}
2026-07-09 15:47:14.827 - [robot_8_log_20260709_154651.csv] - WARNING - Esperando posición inicial... Aún no se han recibido datos de visión.
2026-07-09 15:47:14.847 - [robot_8_log_20260709_154651.csv] - CRITICAL - Despachado a ZMQ -> agent/8/move: {'v': 0.0, 'w': 0.0}
2026-07-09 15:47:14.858 - [robot_8_log_20260709_154651.csv] - INFO - Recibido mensaje agent/8/wheel en el topic {"Wleft":-1.469935285e-14,"Wright":6.902811656e-15}
2026-07-09 15:47:14.877 - [robot_8_log_20260709_154651.csv] - WARNING - Esperando posición inicial... Aún no se han recibido datos de visión.
2026-07-09 15:47:14.897 - [robot_8_log_20260709_154651.csv] - CRITICAL - Despachado a ZMQ -> agent/8/move: {'v': 0.0, 'w': 0.0}
2026-07-09 15:47:14.927 - [robot_8_log_20260709_154651.csv] - WARNING - Esperando posición inicial... Aún no se han recibido datos de visión.
2026-07-09 15:47:14.947 - [robot_8_log_20260709_154651.csv] - CRITICAL - Despachado a ZMQ -> agent/8/move: {'v': 0.0, 'w': 0.0}
2026-07-09 15:47:14.977 - [robot_8_log_20260709_154651.csv] - WARNING - Esperando posición inicial... Aún no se han recibido datos de visión.
2026-07-09 15:47:14.998 - [robot_8_log_20260709_154651.csv] - CRITICAL - Despachado a ZMQ -> agent/8/move: {'v': 0.0, 'w': 0.0}
2026-07-09 15:47:15.027 - [robot_8_log_20260709_154651.csv] - WARNING - Esperando posición inicial... Aún no se han recibido datos de visión.
2026-07-09 15:47:15.047 - [robot_8_log_20260709_154651.csv] - CRITICAL - Despachado a ZMQ -> agent/8/move: {'v': 0.0, 'w': 0.0}
2026-07-09 15:47:15.077 - [robot_8_log_20260709_154651.csv] - WARNING - Esperando posición inicial... Aún no se han recibido datos de visión.
2026-07-09 15:47:15.097 - [robot_8_log_20260709_154651.csv] - CRITICAL - Despachado a ZMQ -> agent/8/move: {'v': 0.0, 'w': 0.0}
2026-07-09 15:47:15.127 - [robot_8_log_20260709_154651.csv] - WARNING - Esperando posición inicial... Aún no se han recibido datos de visión.
2026-07-09 15:47:15.147 - [robot_8_log_20260709_154651.csv] - CRITICAL - Despachado a ZMQ -> agent/8/move: {'v': 0.0, 'w': 0.0}
2026-07-09 15:47:15.177 - [robot_8_log_20260709_154651.csv] - WARNING - Esperando posición inicial... Aún no se han recibido datos de visión.
2026-07-09 15:47:15.198 - [robot_8_log_20260709_154651.csv] - CRITICAL - Despachado a ZMQ -> agent/8/move: {'v': 0.0, 'w': 0.0}
2026-07-09 15:47:15.227 - [robot_8_log_20260709_154651.csv] - WARNING - Esperando posición inicial... Aún no se han recibido datos de visión.
2026-07-09 15:47:15.232 - [robot_8_log_20260709_154651.csv] - CRITICAL - Despachado a ZMQ -> agent/8/move: {'v': 0.0, 'w': 0.0}
2026-07-09 15:47:15.277 - [robot_8_log_20260709_154651.csv] - WARNING - Esperando posición inicial... Aún no se han recibido datos de visión.
2026-07-09 15:47:15.297 - [robot_8_log_20260709_154651.csv] - CRITICAL - Despachado a ZMQ -> agent/8/move: {'v': 0.0, 'w': 0.0}
2026-07-09 15:47:15.327 - [robot_8_log_20260709_154651.csv] - WARNING - Esperando posición inicial... Aún no se han recibido datos de visión.
2026-07-09 15:47:15.337 - [robot_8_log_20260709_154651.csv] - CRITICAL - Despachado a ZMQ -> agent/8/move: {'v': 0.0, 'w': 0.0}
2026-07-09 15:47:15.356 - [robot_8_log_20260709_154651.csv] - INFO - Recibido mensaje agent/8/wheel en el topic {"Wleft":-1.469935285e-14,"Wright":6.902811656e-15}
2026-07-09 15:47:15.377 - [robot_8_log_20260709_154651.csv] - WARNING - Esperando posición inicial... Aún no se han recibido datos de visión.
2026-07-09 15:47:15.392 - [robot_8_log_20260709_154651.csv] - CRITICAL - Despachado a ZMQ -> agent/8/move: {'v': 0.0, 'w': 0.0}
2026-07-09 15:47:15.427 - [robot_8_log_20260709_154651.csv] - WARNING - Esperando posición inicial... Aún no se han recibido datos de visión.
2026-07-09 15:47:15.448 - [robot_8_log_20260709_154651.csv] - CRITICAL - Despachado a ZMQ -> agent/8/move: {'v': 0.0, 'w': 0.0}
2026-07-09 15:47:15.477 - [robot_8_log_20260709_154651.csv] - WARNING - Esperando posición inicial... Aún no se han recibido datos de visión.
2026-07-09 15:47:15.497 - [robot_8_log_20260709_154651.csv] - CRITICAL - Despachado a ZMQ -> agent/8/move: {'v': 0.0, 'w': 0.0}
2026-07-09 15:47:15.527 - [robot_8_log_20260709_154651.csv] - WARNING - Esperando posición inicial... Aún no se han recibido datos de visión.
2026-07-09 15:47:15.532 - [robot_8_log_20260709_154651.csv] - CRITICAL - Despachado a ZMQ -> agent/8/move: {'v': 0.0, 'w': 0.0}
2026-07-09 15:47:15.577 - [robot_8_log_20260709_154651.csv] - WARNING - Esperando posición inicial... Aún no se han recibido datos de visión.
2026-07-09 15:47:15.598 - [robot_8_log_20260709_154651.csv] - CRITICAL - Despachado a ZMQ -> agent/8/move: {'v': 0.0, 'w': 0.0}
2026-07-09 15:47:15.627 - [robot_8_log_20260709_154651.csv] - WARNING - Esperando posición inicial... Aún no se han recibido datos de visión.
2026-07-09 15:47:15.647 - [robot_8_log_20260709_154651.csv] - CRITICAL - Despachado a ZMQ -> agent/8/move: {'v': 0.0, 'w': 0.0}
2026-07-09 15:47:15.677 - [robot_8_log_20260709_154651.csv] - WARNING - Esperando posición inicial... Aún no se han recibido datos de visión.
2026-07-09 15:47:15.698 - [robot_8_log_20260709_154651.csv] - CRITICAL - Despachado a ZMQ -> agent/8/move: {'v': 0.0, 'w': 0.0}
2026-07-09 15:47:15.727 - [robot_8_log_20260709_154651.csv] - WARNING - Esperando posición inicial... Aún no se han recibido datos de visión.
2026-07-09 15:47:15.747 - [robot_8_log_20260709_154651.csv] - CRITICAL - Despachado a ZMQ -> agent/8/move: {'v': 0.0, 'w': 0.0}
2026-07-09 15:47:15.777 - [robot_8_log_20260709_154651.csv] - WARNING - Esperando posición inicial... Aún no se han recibido datos de visión.
2026-07-09 15:47:15.787 - [robot_8_log_20260709_154651.csv] - CRITICAL - Despachado a ZMQ -> agent/8/move: {'v': 0.0, 'w': 0.0}
2026-07-09 15:47:15.827 - [robot_8_log_20260709_154651.csv] - WARNING - Esperando posición inicial... Aún no se han recibido datos de visión.
2026-07-09 15:47:15.847 - [robot_8_log_20260709_154651.csv] - CRITICAL - Despachado a ZMQ -> agent/8/move: {'v': 0.0, 'w': 0.0}
2026-07-09 15:47:15.858 - [robot_8_log_20260709_154651.csv] - INFO - Recibido mensaje agent/8/wheel en el topic {"Wleft":-1.469935285e-14,"Wright":6.902811656e-15}
2026-07-09 15:47:15.877 - [robot_8_log_20260709_154651.csv] - WARNING - Esperando posición inicial... Aún no se han recibido datos de visión.
2026-07-09 15:47:15.898 - [robot_8_log_20260709_154651.csv] - CRITICAL - Despachado a ZMQ -> agent/8/move: {'v': 0.0, 'w': 0.0}
2026-07-09 15:47:15.927 - [robot_8_log_20260709_154651.csv] - WARNING - Esperando posición inicial... Aún no se han recibido datos de visión.
2026-07-09 15:47:15.947 - [robot_8_log_20260709_154651.csv] - CRITICAL - Despachado a ZMQ -> agent/8/move: {'v': 0.0, 'w': 0.0}
2026-07-09 15:47:15.977 - [robot_8_log_20260709_154651.csv] - WARNING - Esperando posición inicial... Aún no se han recibido datos de visión.
2026-07-09 15:47:15.998 - [robot_8_log_20260709_154651.csv] - CRITICAL - Despachado a ZMQ -> agent/8/move: {'v': 0.0, 'w': 0.0}
2026-07-09 15:47:16.027 - [robot_8_log_20260709_154651.csv] - WARNING - Esperando posición inicial... Aún no se han recibido datos de visión.
2026-07-09 15:47:16.037 - [robot_8_log_20260709_154651.csv] - CRITICAL - Despachado a ZMQ -> agent/8/move: {'v': 0.0, 'w': 0.0}
2026-07-09 15:47:16.077 - [robot_8_log_20260709_154651.csv] - WARNING - Esperando posición inicial... Aún no se han recibido datos de visión.
2026-07-09 15:47:16.098 - [robot_8_log_20260709_154651.csv] - CRITICAL - Despachado a ZMQ -> agent/8/move: {'v': 0.0, 'w': 0.0}
2026-07-09 15:47:16.127 - [robot_8_log_20260709_154651.csv] - WARNING - Esperando posición inicial... Aún no se han recibido datos de visión.
2026-07-09 15:47:16.133 - [robot_8_log_20260709_154651.csv] - CRITICAL - Despachado a ZMQ -> agent/8/move: {'v': 0.0, 'w': 0.0}
2026-07-09 15:47:16.177 - [robot_8_log_20260709_154651.csv] - WARNING - Esperando posición inicial... Aún no se han recibido datos de visión.
2026-07-09 15:47:16.198 - [robot_8_log_20260709_154651.csv] - CRITICAL - Despachado a ZMQ -> agent/8/move: {'v': 0.0, 'w': 0.0}
2026-07-09 15:47:16.227 - [robot_8_log_20260709_154651.csv] - WARNING - Esperando posición inicial... Aún no se han recibido datos de visión.
2026-07-09 15:47:16.247 - [robot_8_log_20260709_154651.csv] - CRITICAL - Despachado a ZMQ -> agent/8/move: {'v': 0.0, 'w': 0.0}
2026-07-09 15:47:16.277 - [robot_8_log_20260709_154651.csv] - WARNING - Esperando posición inicial... Aún no se han recibido datos de visión.
2026-07-09 15:47:16.298 - [robot_8_log_20260709_154651.csv] - CRITICAL - Despachado a ZMQ -> agent/8/move: {'v': 0.0, 'w': 0.0}
2026-07-09 15:47:16.327 - [robot_8_log_20260709_154651.csv] - WARNING - Esperando posición inicial... Aún no se han recibido datos de visión.
2026-07-09 15:47:16.348 - [robot_8_log_20260709_154651.csv] - CRITICAL - Despachado a ZMQ -> agent/8/move: {'v': 0.0, 'w': 0.0}
2026-07-09 15:47:16.358 - [robot_8_log_20260709_154651.csv] - INFO - Recibido mensaje agent/8/wheel en el topic {"Wleft":-1.469935285e-14,"Wright":6.902811656e-15}
2026-07-09 15:47:16.377 - [robot_8_log_20260709_154651.csv] - WARNING - Esperando posición inicial... Aún no se han recibido datos de visión.
2026-07-09 15:47:16.397 - [robot_8_log_20260709_154651.csv] - CRITICAL - Despachado a ZMQ -> agent/8/move: {'v': 0.0, 'w': 0.0}
2026-07-09 15:47:16.427 - [robot_8_log_20260709_154651.csv] - WARNING - Esperando posición inicial... Aún no se han recibido datos de visión.
2026-07-09 15:47:16.448 - [robot_8_log_20260709_154651.csv] - CRITICAL - Despachado a ZMQ -> agent/8/move: {'v': 0.0, 'w': 0.0}
2026-07-09 15:47:16.477 - [robot_8_log_20260709_154651.csv] - WARNING - Esperando posición inicial... Aún no se han recibido datos de visión.
2026-07-09 15:47:16.497 - [robot_8_log_20260709_154651.csv] - CRITICAL - Despachado a ZMQ -> agent/8/move: {'v': 0.0, 'w': 0.0}
2026-07-09 15:47:16.527 - [robot_8_log_20260709_154651.csv] - WARNING - Esperando posición inicial... Aún no se han recibido datos de visión.
2026-07-09 15:47:16.548 - [robot_8_log_20260709_154651.csv] - CRITICAL - Despachado a ZMQ -> agent/8/move: {'v': 0.0, 'w': 0.0}
2026-07-09 15:47:16.577 - [robot_8_log_20260709_154651.csv] - WARNING - Esperando posición inicial... Aún no se han recibido datos de visión.
2026-07-09 15:47:16.598 - [robot_8_log_20260709_154651.csv] - CRITICAL - Despachado a ZMQ -> agent/8/move: {'v': 0.0, 'w': 0.0}
2026-07-09 15:47:16.627 - [robot_8_log_20260709_154651.csv] - WARNING - Esperando posición inicial... Aún no se han recibido datos de visión.
2026-07-09 15:47:16.648 - [robot_8_log_20260709_154651.csv] - CRITICAL - Despachado a ZMQ -> agent/8/move: {'v': 0.0, 'w': 0.0}
2026-07-09 15:47:16.677 - [robot_8_log_20260709_154651.csv] - WARNING - Esperando posición inicial... Aún no se han recibido datos de visión.
2026-07-09 15:47:16.698 - [robot_8_log_20260709_154651.csv] - CRITICAL - Despachado a ZMQ -> agent/8/move: {'v': 0.0, 'w': 0.0}
2026-07-09 15:47:16.727 - [robot_8_log_20260709_154651.csv] - WARNING - Esperando posición inicial... Aún no se han recibido datos de visión.
2026-07-09 15:47:16.748 - [robot_8_log_20260709_154651.csv] - CRITICAL - Despachado a ZMQ -> agent/8/move: {'v': 0.0, 'w': 0.0}
2026-07-09 15:47:16.777 - [robot_8_log_20260709_154651.csv] - WARNING - Esperando posición inicial... Aún no se han recibido datos de visión.
2026-07-09 15:47:16.798 - [robot_8_log_20260709_154651.csv] - CRITICAL - Despachado a ZMQ -> agent/8/move: {'v': 0.0, 'w': 0.0}
2026-07-09 15:47:16.827 - [robot_8_log_20260709_154651.csv] - WARNING - Esperando posición inicial... Aún no se han recibido datos de visión.
2026-07-09 15:47:16.853 - [robot_8_log_20260709_154651.csv] - INFO - Recibido mensaje agent/8/wheel en el topic {"Wleft":-1.469935285e-14,"Wright":6.902811656e-15}
2026-07-09 15:47:16.848 - [robot_8_log_20260709_154651.csv] - CRITICAL - Despachado a ZMQ -> agent/8/move: {'v': 0.0, 'w': 0.0}
2026-07-09 15:47:16.877 - [robot_8_log_20260709_154651.csv] - WARNING - Esperando posición inicial... Aún no se han recibido datos de visión.
2026-07-09 15:47:16.897 - [robot_8_log_20260709_154651.csv] - CRITICAL - Despachado a ZMQ -> agent/8/move: {'v': 0.0, 'w': 0.0}
2026-07-09 15:47:16.927 - [robot_8_log_20260709_154651.csv] - WARNING - Esperando posición inicial... Aún no se han recibido datos de visión.
2026-07-09 15:47:16.937 - [robot_8_log_20260709_154651.csv] - CRITICAL - Despachado a ZMQ -> agent/8/move: {'v': 0.0, 'w': 0.0}
2026-07-09 15:47:16.977 - [robot_8_log_20260709_154651.csv] - WARNING - Esperando posición inicial... Aún no se han recibido datos de visión.
2026-07-09 15:47:16.998 - [robot_8_log_20260709_154651.csv] - CRITICAL - Despachado a ZMQ -> agent/8/move: {'v': 0.0, 'w': 0.0}
2026-07-09 15:47:17.027 - [robot_8_log_20260709_154651.csv] - WARNING - Esperando posición inicial... Aún no se han recibido datos de visión.
2026-07-09 15:47:17.047 - [robot_8_log_20260709_154651.csv] - CRITICAL - Despachado a ZMQ -> agent/8/move: {'v': 0.0, 'w': 0.0}
2026-07-09 15:47:17.077 - [robot_8_log_20260709_154651.csv] - WARNING - Esperando posición inicial... Aún no se han recibido datos de visión.
2026-07-09 15:47:17.098 - [robot_8_log_20260709_154651.csv] - CRITICAL - Despachado a ZMQ -> agent/8/move: {'v': 0.0, 'w': 0.0}
2026-07-09 15:47:17.127 - [robot_8_log_20260709_154651.csv] - WARNING - Esperando posición inicial... Aún no se han recibido datos de visión.
2026-07-09 15:47:17.148 - [robot_8_log_20260709_154651.csv] - CRITICAL - Despachado a ZMQ -> agent/8/move: {'v': 0.0, 'w': 0.0}
2026-07-09 15:47:17.177 - [robot_8_log_20260709_154651.csv] - WARNING - Esperando posición inicial... Aún no se han recibido datos de visión.
2026-07-09 15:47:17.198 - [robot_8_log_20260709_154651.csv] - CRITICAL - Despachado a ZMQ -> agent/8/move: {'v': 0.0, 'w': 0.0}
2026-07-09 15:47:17.227 - [robot_8_log_20260709_154651.csv] - WARNING - Esperando posición inicial... Aún no se han recibido datos de visión.
2026-07-09 15:47:17.248 - [robot_8_log_20260709_154651.csv] - CRITICAL - Despachado a ZMQ -> agent/8/move: {'v': 0.0, 'w': 0.0}
2026-07-09 15:47:17.277 - [robot_8_log_20260709_154651.csv] - WARNING - Esperando posición inicial... Aún no se han recibido datos de visión.
2026-07-09 15:47:17.298 - [robot_8_log_20260709_154651.csv] - CRITICAL - Despachado a ZMQ -> agent/8/move: {'v': 0.0, 'w': 0.0}
2026-07-09 15:47:17.327 - [robot_8_log_20260709_154651.csv] - WARNING - Esperando posición inicial... Aún no se han recibido datos de visión.
2026-07-09 15:47:17.347 - [robot_8_log_20260709_154651.csv] - CRITICAL - Despachado a ZMQ -> agent/8/move: {'v': 0.0, 'w': 0.0}
2026-07-09 15:47:17.377 - [robot_8_log_20260709_154651.csv] - WARNING - Esperando posición inicial... Aún no se han recibido datos de visión.
2026-07-09 15:47:17.382 - [robot_8_log_20260709_154651.csv] - INFO - Recibido mensaje agent/8/wheel en el topic {"Wleft":-1.469935285e-14,"Wright":6.902811656e-15}
2026-07-09 15:47:17.392 - [robot_8_log_20260709_154651.csv] - CRITICAL - Despachado a ZMQ -> agent/8/move: {'v': 0.0, 'w': 0.0}
2026-07-09 15:47:17.427 - [robot_8_log_20260709_154651.csv] - WARNING - Esperando posición inicial... Aún no se han recibido datos de visión.
2026-07-09 15:47:17.443 - [robot_8_log_20260709_154651.csv] - CRITICAL - Despachado a ZMQ -> agent/8/move: {'v': 0.0, 'w': 0.0}
2026-07-09 15:47:17.477 - [robot_8_log_20260709_154651.csv] - WARNING - Esperando posición inicial... Aún no se han recibido datos de visión.
2026-07-09 15:47:17.498 - [robot_8_log_20260709_154651.csv] - CRITICAL - Despachado a ZMQ -> agent/8/move: {'v': 0.0, 'w': 0.0}
2026-07-09 15:47:17.527 - [robot_8_log_20260709_154651.csv] - WARNING - Esperando posición inicial... Aún no se han recibido datos de visión.
2026-07-09 15:47:17.548 - [robot_8_log_20260709_154651.csv] - CRITICAL - Despachado a ZMQ -> agent/8/move: {'v': 0.0, 'w': 0.0}
2026-07-09 15:47:17.577 - [robot_8_log_20260709_154651.csv] - WARNING - Esperando posición inicial... Aún no se han recibido datos de visión.
2026-07-09 15:47:17.598 - [robot_8_log_20260709_154651.csv] - CRITICAL - Despachado a ZMQ -> agent/8/move: {'v': 0.0, 'w': 0.0}
2026-07-09 15:47:17.627 - [robot_8_log_20260709_154651.csv] - WARNING - Esperando posición inicial... Aún no se han recibido datos de visión.
2026-07-09 15:47:17.648 - [robot_8_log_20260709_154651.csv] - CRITICAL - Despachado a ZMQ -> agent/8/move: {'v': 0.0, 'w': 0.0}
2026-07-09 15:47:17.677 - [robot_8_log_20260709_154651.csv] - WARNING - Esperando posición inicial... Aún no se han recibido datos de visión.
2026-07-09 15:47:17.698 - [robot_8_log_20260709_154651.csv] - CRITICAL - Despachado a ZMQ -> agent/8/move: {'v': 0.0, 'w': 0.0}
2026-07-09 15:47:17.727 - [robot_8_log_20260709_154651.csv] - WARNING - Esperando posición inicial... Aún no se han recibido datos de visión.
2026-07-09 15:47:17.748 - [robot_8_log_20260709_154651.csv] - CRITICAL - Despachado a ZMQ -> agent/8/move: {'v': 0.0, 'w': 0.0}
2026-07-09 15:47:17.777 - [robot_8_log_20260709_154651.csv] - WARNING - Esperando posición inicial... Aún no se han recibido datos de visión.
2026-07-09 15:47:17.798 - [robot_8_log_20260709_154651.csv] - CRITICAL - Despachado a ZMQ -> agent/8/move: {'v': 0.0, 'w': 0.0}
2026-07-09 15:47:17.827 - [robot_8_log_20260709_154651.csv] - WARNING - Esperando posición inicial... Aún no se han recibido datos de visión.
2026-07-09 15:47:17.849 - [robot_8_log_20260709_154651.csv] - CRITICAL - Despachado a ZMQ -> agent/8/move: {'v': 0.0, 'w': 0.0}
2026-07-09 15:47:17.859 - [robot_8_log_20260709_154651.csv] - INFO - Recibido mensaje agent/8/wheel en el topic {"Wleft":-1.469935285e-14,"Wright":6.902811656e-15}
2026-07-09 15:47:17.877 - [robot_8_log_20260709_154651.csv] - WARNING - Esperando posición inicial... Aún no se han recibido datos de visión.
2026-07-09 15:47:17.897 - [robot_8_log_20260709_154651.csv] - CRITICAL - Despachado a ZMQ -> agent/8/move: {'v': 0.0, 'w': 0.0}
2026-07-09 15:47:17.927 - [robot_8_log_20260709_154651.csv] - WARNING - Esperando posición inicial... Aún no se han recibido datos de visión.
2026-07-09 15:47:17.947 - [robot_8_log_20260709_154651.csv] - CRITICAL - Despachado a ZMQ -> agent/8/move: {'v': 0.0, 'w': 0.0}
2026-07-09 15:47:17.977 - [robot_8_log_20260709_154651.csv] - WARNING - Esperando posición inicial... Aún no se han recibido datos de visión.
2026-07-09 15:47:17.998 - [robot_8_log_20260709_154651.csv] - CRITICAL - Despachado a ZMQ -> agent/8/move: {'v': 0.0, 'w': 0.0}
2026-07-09 15:47:18.027 - [robot_8_log_20260709_154651.csv] - WARNING - Esperando posición inicial... Aún no se han recibido datos de visión.
2026-07-09 15:47:18.048 - [robot_8_log_20260709_154651.csv] - CRITICAL - Despachado a ZMQ -> agent/8/move: {'v': 0.0, 'w': 0.0}
2026-07-09 15:47:18.077 - [robot_8_log_20260709_154651.csv] - WARNING - Esperando posición inicial... Aún no se han recibido datos de visión.
2026-07-09 15:47:18.098 - [robot_8_log_20260709_154651.csv] - CRITICAL - Despachado a ZMQ -> agent/8/move: {'v': 0.0, 'w': 0.0}
2026-07-09 15:47:18.127 - [robot_8_log_20260709_154651.csv] - WARNING - Esperando posición inicial... Aún no se han recibido datos de visión.
2026-07-09 15:47:18.148 - [robot_8_log_20260709_154651.csv] - CRITICAL - Despachado a ZMQ -> agent/8/move: {'v': 0.0, 'w': 0.0}
2026-07-09 15:47:18.177 - [robot_8_log_20260709_154651.csv] - WARNING - Esperando posición inicial... Aún no se han recibido datos de visión.
2026-07-09 15:47:18.198 - [robot_8_log_20260709_154651.csv] - CRITICAL - Despachado a ZMQ -> agent/8/move: {'v': 0.0, 'w': 0.0}
2026-07-09 15:47:18.227 - [robot_8_log_20260709_154651.csv] - WARNING - Esperando posición inicial... Aún no se han recibido datos de visión.
2026-07-09 15:47:18.248 - [robot_8_log_20260709_154651.csv] - CRITICAL - Despachado a ZMQ -> agent/8/move: {'v': 0.0, 'w': 0.0}
2026-07-09 15:47:18.277 - [robot_8_log_20260709_154651.csv] - WARNING - Esperando posición inicial... Aún no se han recibido datos de visión.
2026-07-09 15:47:18.297 - [robot_8_log_20260709_154651.csv] - CRITICAL - Despachado a ZMQ -> agent/8/move: {'v': 0.0, 'w': 0.0}
2026-07-09 15:47:18.327 - [robot_8_log_20260709_154651.csv] - WARNING - Esperando posición inicial... Aún no se han recibido datos de visión.
2026-07-09 15:47:18.347 - [robot_8_log_20260709_154651.csv] - CRITICAL - Despachado a ZMQ -> agent/8/move: {'v': 0.0, 'w': 0.0}
2026-07-09 15:47:18.377 - [robot_8_log_20260709_154651.csv] - WARNING - Esperando posición inicial... Aún no se han recibido datos de visión.
2026-07-09 15:47:18.382 - [robot_8_log_20260709_154651.csv] - INFO - Recibido mensaje agent/8/wheel en el topic {"Wleft":-1.469935285e-14,"Wright":6.902811656e-15}
2026-07-09 15:47:18.398 - [robot_8_log_20260709_154651.csv] - CRITICAL - Despachado a ZMQ -> agent/8/move: {'v': 0.0, 'w': 0.0}
2026-07-09 15:47:18.427 - [robot_8_log_20260709_154651.csv] - WARNING - Esperando posición inicial... Aún no se han recibido datos de visión.
2026-07-09 15:47:18.447 - [robot_8_log_20260709_154651.csv] - CRITICAL - Despachado a ZMQ -> agent/8/move: {'v': 0.0, 'w': 0.0}
2026-07-09 15:47:18.477 - [robot_8_log_20260709_154651.csv] - WARNING - Esperando posición inicial... Aún no se han recibido datos de visión.
2026-07-09 15:47:18.498 - [robot_8_log_20260709_154651.csv] - CRITICAL - Despachado a ZMQ -> agent/8/move: {'v': 0.0, 'w': 0.0}
2026-07-09 15:47:18.527 - [robot_8_log_20260709_154651.csv] - WARNING - Esperando posición inicial... Aún no se han recibido datos de visión.
2026-07-09 15:47:18.533 - [robot_8_log_20260709_154651.csv] - CRITICAL - Despachado a ZMQ -> agent/8/move: {'v': 0.0, 'w': 0.0}
2026-07-09 15:47:18.577 - [robot_8_log_20260709_154651.csv] - WARNING - Esperando posición inicial... Aún no se han recibido datos de visión.
2026-07-09 15:47:18.598 - [robot_8_log_20260709_154651.csv] - CRITICAL - Despachado a ZMQ -> agent/8/move: {'v': 0.0, 'w': 0.0}
2026-07-09 15:47:18.627 - [robot_8_log_20260709_154651.csv] - WARNING - Esperando posición inicial... Aún no se han recibido datos de visión.
2026-07-09 15:47:18.648 - [robot_8_log_20260709_154651.csv] - CRITICAL - Despachado a ZMQ -> agent/8/move: {'v': 0.0, 'w': 0.0}
2026-07-09 15:47:18.677 - [robot_8_log_20260709_154651.csv] - WARNING - Esperando posición inicial... Aún no se han recibido datos de visión.
2026-07-09 15:47:18.698 - [robot_8_log_20260709_154651.csv] - CRITICAL - Despachado a ZMQ -> agent/8/move: {'v': 0.0, 'w': 0.0}
2026-07-09 15:47:18.727 - [robot_8_log_20260709_154651.csv] - WARNING - Esperando posición inicial... Aún no se han recibido datos de visión.
2026-07-09 15:47:18.753 - [robot_8_log_20260709_154651.csv] - CRITICAL - Despachado a ZMQ -> agent/8/move: {'v': 0.0, 'w': 0.0}
2026-07-09 15:47:18.777 - [robot_8_log_20260709_154651.csv] - WARNING - Esperando posición inicial... Aún no se han recibido datos de visión.
2026-07-09 15:47:18.798 - [robot_8_log_20260709_154651.csv] - CRITICAL - Despachado a ZMQ -> agent/8/move: {'v': 0.0, 'w': 0.0}
2026-07-09 15:47:18.827 - [robot_8_log_20260709_154651.csv] - WARNING - Esperando posición inicial... Aún no se han recibido datos de visión.
2026-07-09 15:47:18.847 - [robot_8_log_20260709_154651.csv] - CRITICAL - Despachado a ZMQ -> agent/8/move: {'v': 0.0, 'w': 0.0}
2026-07-09 15:47:18.877 - [robot_8_log_20260709_154651.csv] - WARNING - Esperando posición inicial... Aún no se han recibido datos de visión.
2026-07-09 15:47:18.883 - [robot_8_log_20260709_154651.csv] - INFO - Recibido mensaje agent/8/wheel en el topic {"Wleft":-1.469935285e-14,"Wright":6.902811656e-15}
2026-07-09 15:47:18.893 - [robot_8_log_20260709_154651.csv] - CRITICAL - Despachado a ZMQ -> agent/8/move: {'v': 0.0, 'w': 0.0}
2026-07-09 15:47:18.927 - [robot_8_log_20260709_154651.csv] - WARNING - Esperando posición inicial... Aún no se han recibido datos de visión.
2026-07-09 15:47:18.947 - [robot_8_log_20260709_154651.csv] - CRITICAL - Despachado a ZMQ -> agent/8/move: {'v': 0.0, 'w': 0.0}
2026-07-09 15:47:18.977 - [robot_8_log_20260709_154651.csv] - WARNING - Esperando posición inicial... Aún no se han recibido datos de visión.
2026-07-09 15:47:18.998 - [robot_8_log_20260709_154651.csv] - CRITICAL - Despachado a ZMQ -> agent/8/move: {'v': 0.0, 'w': 0.0}
2026-07-09 15:47:19.027 - [robot_8_log_20260709_154651.csv] - WARNING - Esperando posición inicial... Aún no se han recibido datos de visión.
2026-07-09 15:47:19.047 - [robot_8_log_20260709_154651.csv] - CRITICAL - Despachado a ZMQ -> agent/8/move: {'v': 0.0, 'w': 0.0}
2026-07-09 15:47:19.077 - [robot_8_log_20260709_154651.csv] - WARNING - Esperando posición inicial... Aún no se han recibido datos de visión.
2026-07-09 15:47:19.098 - [robot_8_log_20260709_154651.csv] - CRITICAL - Despachado a ZMQ -> agent/8/move: {'v': 0.0, 'w': 0.0}
2026-07-09 15:47:19.127 - [robot_8_log_20260709_154651.csv] - WARNING - Esperando posición inicial... Aún no se han recibido datos de visión.
2026-07-09 15:47:19.148 - [robot_8_log_20260709_154651.csv] - CRITICAL - Despachado a ZMQ -> agent/8/move: {'v': 0.0, 'w': 0.0}
2026-07-09 15:47:19.177 - [robot_8_log_20260709_154651.csv] - WARNING - Esperando posición inicial... Aún no se han recibido datos de visión.
2026-07-09 15:47:19.197 - [robot_8_log_20260709_154651.csv] - CRITICAL - Despachado a ZMQ -> agent/8/move: {'v': 0.0, 'w': 0.0}
2026-07-09 15:47:19.227 - [robot_8_log_20260709_154651.csv] - WARNING - Esperando posición inicial... Aún no se han recibido datos de visión.
2026-07-09 15:47:19.242 - [robot_8_log_20260709_154651.csv] - CRITICAL - Despachado a ZMQ -> agent/8/move: {'v': 0.0, 'w': 0.0}
2026-07-09 15:47:19.277 - [robot_8_log_20260709_154651.csv] - WARNING - Esperando posición inicial... Aún no se han recibido datos de visión.
2026-07-09 15:47:19.298 - [robot_8_log_20260709_154651.csv] - CRITICAL - Despachado a ZMQ -> agent/8/move: {'v': 0.0, 'w': 0.0}
2026-07-09 15:47:19.327 - [robot_8_log_20260709_154651.csv] - WARNING - Esperando posición inicial... Aún no se han recibido datos de visión.
2026-07-09 15:47:19.337 - [robot_8_log_20260709_154651.csv] - CRITICAL - Despachado a ZMQ -> agent/8/move: {'v': 0.0, 'w': 0.0}
2026-07-09 15:47:19.377 - [robot_8_log_20260709_154651.csv] - WARNING - Esperando posición inicial... Aún no se han recibido datos de visión.
2026-07-09 15:47:19.382 - [robot_8_log_20260709_154651.csv] - INFO - Recibido mensaje agent/8/wheel en el topic {"Wleft":-1.469935285e-14,"Wright":6.902811656e-15}
2026-07-09 15:47:19.413 - [robot_8_log_20260709_154651.csv] - CRITICAL - Despachado a ZMQ -> agent/8/move: {'v': 0.0, 'w': 0.0}
2026-07-09 15:47:19.427 - [robot_8_log_20260709_154651.csv] - WARNING - Esperando posición inicial... Aún no se han recibido datos de visión.
2026-07-09 15:47:19.447 - [robot_8_log_20260709_154651.csv] - CRITICAL - Despachado a ZMQ -> agent/8/move: {'v': 0.0, 'w': 0.0}
2026-07-09 15:47:19.477 - [robot_8_log_20260709_154651.csv] - WARNING - Esperando posición inicial... Aún no se han recibido datos de visión.
2026-07-09 15:47:19.497 - [robot_8_log_20260709_154651.csv] - CRITICAL - Despachado a ZMQ -> agent/8/move: {'v': 0.0, 'w': 0.0}
2026-07-09 15:47:19.527 - [robot_8_log_20260709_154651.csv] - WARNING - Esperando posición inicial... Aún no se han recibido datos de visión.
2026-07-09 15:47:19.548 - [robot_8_log_20260709_154651.csv] - CRITICAL - Despachado a ZMQ -> agent/8/move: {'v': 0.0, 'w': 0.0}
2026-07-09 15:47:19.577 - [robot_8_log_20260709_154651.csv] - WARNING - Esperando posición inicial... Aún no se han recibido datos de visión.
2026-07-09 15:47:19.597 - [robot_8_log_20260709_154651.csv] - CRITICAL - Despachado a ZMQ -> agent/8/move: {'v': 0.0, 'w': 0.0}
2026-07-09 15:47:19.627 - [robot_8_log_20260709_154651.csv] - WARNING - Esperando posición inicial... Aún no se han recibido datos de visión.
2026-07-09 15:47:19.648 - [robot_8_log_20260709_154651.csv] - CRITICAL - Despachado a ZMQ -> agent/8/move: {'v': 0.0, 'w': 0.0}
2026-07-09 15:47:19.677 - [robot_8_log_20260709_154651.csv] - WARNING - Esperando posición inicial... Aún no se han recibido datos de visión.
2026-07-09 15:47:19.698 - [robot_8_log_20260709_154651.csv] - CRITICAL - Despachado a ZMQ -> agent/8/move: {'v': 0.0, 'w': 0.0}
2026-07-09 15:47:19.727 - [robot_8_log_20260709_154651.csv] - WARNING - Esperando posición inicial... Aún no se han recibido datos de visión.
2026-07-09 15:47:19.747 - [robot_8_log_20260709_154651.csv] - CRITICAL - Despachado a ZMQ -> agent/8/move: {'v': 0.0, 'w': 0.0}
2026-07-09 15:47:19.777 - [robot_8_log_20260709_154651.csv] - WARNING - Esperando posición inicial... Aún no se han recibido datos de visión.
2026-07-09 15:47:19.798 - [robot_8_log_20260709_154651.csv] - CRITICAL - Despachado a ZMQ -> agent/8/move: {'v': 0.0, 'w': 0.0}
2026-07-09 15:47:19.827 - [robot_8_log_20260709_154651.csv] - WARNING - Esperando posición inicial... Aún no se han recibido datos de visión.
2026-07-09 15:47:19.842 - [robot_8_log_20260709_154651.csv] - CRITICAL - Despachado a ZMQ -> agent/8/move: {'v': 0.0, 'w': 0.0}
2026-07-09 15:47:19.877 - [robot_8_log_20260709_154651.csv] - WARNING - Esperando posición inicial... Aún no se han recibido datos de visión.
2026-07-09 15:47:19.888 - [robot_8_log_20260709_154651.csv] - INFO - Recibido mensaje agent/8/wheel en el topic {"Wleft":-1.469935285e-14,"Wright":6.902811656e-15}
2026-07-09 15:47:19.888 - [robot_8_log_20260709_154651.csv] - CRITICAL - Despachado a ZMQ -> agent/8/move: {'v': 0.0, 'w': 0.0}
2026-07-09 15:47:19.927 - [robot_8_log_20260709_154651.csv] - WARNING - Esperando posición inicial... Aún no se han recibido datos de visión.
2026-07-09 15:47:19.948 - [robot_8_log_20260709_154651.csv] - CRITICAL - Despachado a ZMQ -> agent/8/move: {'v': 0.0, 'w': 0.0}
2026-07-09 15:47:19.977 - [robot_8_log_20260709_154651.csv] - WARNING - Esperando posición inicial... Aún no se han recibido datos de visión.
2026-07-09 15:47:19.997 - [robot_8_log_20260709_154651.csv] - CRITICAL - Despachado a ZMQ -> agent/8/move: {'v': 0.0, 'w': 0.0}
2026-07-09 15:47:20.027 - [robot_8_log_20260709_154651.csv] - WARNING - Esperando posición inicial... Aún no se han recibido datos de visión.
2026-07-09 15:47:20.048 - [robot_8_log_20260709_154651.csv] - CRITICAL - Despachado a ZMQ -> agent/8/move: {'v': 0.0, 'w': 0.0}
2026-07-09 15:47:20.077 - [robot_8_log_20260709_154651.csv] - WARNING - Esperando posición inicial... Aún no se han recibido datos de visión.
2026-07-09 15:47:20.098 - [robot_8_log_20260709_154651.csv] - CRITICAL - Despachado a ZMQ -> agent/8/move: {'v': 0.0, 'w': 0.0}
2026-07-09 15:47:20.127 - [robot_8_log_20260709_154651.csv] - WARNING - Esperando posición inicial... Aún no se han recibido datos de visión.
2026-07-09 15:47:20.147 - [robot_8_log_20260709_154651.csv] - CRITICAL - Despachado a ZMQ -> agent/8/move: {'v': 0.0, 'w': 0.0}
2026-07-09 15:47:20.177 - [robot_8_log_20260709_154651.csv] - WARNING - Esperando posición inicial... Aún no se han recibido datos de visión.
2026-07-09 15:47:20.198 - [robot_8_log_20260709_154651.csv] - CRITICAL - Despachado a ZMQ -> agent/8/move: {'v': 0.0, 'w': 0.0}
2026-07-09 15:47:20.227 - [robot_8_log_20260709_154651.csv] - WARNING - Esperando posición inicial... Aún no se han recibido datos de visión.
2026-07-09 15:47:20.248 - [robot_8_log_20260709_154651.csv] - CRITICAL - Despachado a ZMQ -> agent/8/move: {'v': 0.0, 'w': 0.0}
2026-07-09 15:47:20.277 - [robot_8_log_20260709_154651.csv] - WARNING - Esperando posición inicial... Aún no se han recibido datos de visión.
2026-07-09 15:47:20.298 - [robot_8_log_20260709_154651.csv] - CRITICAL - Despachado a ZMQ -> agent/8/move: {'v': 0.0, 'w': 0.0}
2026-07-09 15:47:20.327 - [robot_8_log_20260709_154651.csv] - WARNING - Esperando posición inicial... Aún no se han recibido datos de visión.
2026-07-09 15:47:20.333 - [robot_8_log_20260709_154651.csv] - CRITICAL - Despachado a ZMQ -> agent/8/move: {'v': 0.0, 'w': 0.0}
2026-07-09 15:47:20.377 - [robot_8_log_20260709_154651.csv] - WARNING - Esperando posición inicial... Aún no se han recibido datos de visión.
2026-07-09 15:47:20.382 - [robot_8_log_20260709_154651.csv] - INFO - Recibido mensaje agent/8/wheel en el topic {"Wleft":-1.469935285e-14,"Wright":6.902811656e-15}
2026-07-09 15:47:20.403 - [robot_8_log_20260709_154651.csv] - CRITICAL - Despachado a ZMQ -> agent/8/move: {'v': 0.0, 'w': 0.0}
2026-07-09 15:47:20.427 - [robot_8_log_20260709_154651.csv] - WARNING - Esperando posición inicial... Aún no se han recibido datos de visión.
2026-07-09 15:47:20.447 - [robot_8_log_20260709_154651.csv] - CRITICAL - Despachado a ZMQ -> agent/8/move: {'v': 0.0, 'w': 0.0}
2026-07-09 15:47:20.477 - [robot_8_log_20260709_154651.csv] - WARNING - Esperando posición inicial... Aún no se han recibido datos de visión.
2026-07-09 15:47:20.492 - [robot_8_log_20260709_154651.csv] - CRITICAL - Despachado a ZMQ -> agent/8/move: {'v': 0.0, 'w': 0.0}
2026-07-09 15:47:20.527 - [robot_8_log_20260709_154651.csv] - WARNING - Esperando posición inicial... Aún no se han recibido datos de visión.
2026-07-09 15:47:20.547 - [robot_8_log_20260709_154651.csv] - CRITICAL - Despachado a ZMQ -> agent/8/move: {'v': 0.0, 'w': 0.0}
2026-07-09 15:47:20.577 - [robot_8_log_20260709_154651.csv] - WARNING - Esperando posición inicial... Aún no se han recibido datos de visión.
2026-07-09 15:47:20.598 - [robot_8_log_20260709_154651.csv] - CRITICAL - Despachado a ZMQ -> agent/8/move: {'v': 0.0, 'w': 0.0}
2026-07-09 15:47:20.627 - [robot_8_log_20260709_154651.csv] - WARNING - Esperando posición inicial... Aún no se han recibido datos de visión.
2026-07-09 15:47:20.647 - [robot_8_log_20260709_154651.csv] - CRITICAL - Despachado a ZMQ -> agent/8/move: {'v': 0.0, 'w': 0.0}
2026-07-09 15:47:20.677 - [robot_8_log_20260709_154651.csv] - WARNING - Esperando posición inicial... Aún no se han recibido datos de visión.
2026-07-09 15:47:20.698 - [robot_8_log_20260709_154651.csv] - CRITICAL - Despachado a ZMQ -> agent/8/move: {'v': 0.0, 'w': 0.0}
2026-07-09 15:47:20.727 - [robot_8_log_20260709_154651.csv] - WARNING - Esperando posición inicial... Aún no se han recibido datos de visión.
2026-07-09 15:47:20.742 - [robot_8_log_20260709_154651.csv] - CRITICAL - Despachado a ZMQ -> agent/8/move: {'v': 0.0, 'w': 0.0}
2026-07-09 15:47:20.777 - [robot_8_log_20260709_154651.csv] - WARNING - Esperando posición inicial... Aún no se han recibido datos de visión.
2026-07-09 15:47:20.798 - [robot_8_log_20260709_154651.csv] - CRITICAL - Despachado a ZMQ -> agent/8/move: {'v': 0.0, 'w': 0.0}
2026-07-09 15:47:20.827 - [robot_8_log_20260709_154651.csv] - WARNING - Esperando posición inicial... Aún no se han recibido datos de visión.
2026-07-09 15:47:20.848 - [robot_8_log_20260709_154651.csv] - CRITICAL - Despachado a ZMQ -> agent/8/move: {'v': 0.0, 'w': 0.0}
2026-07-09 15:47:20.877 - [robot_8_log_20260709_154651.csv] - WARNING - Esperando posición inicial... Aún no se han recibido datos de visión.
2026-07-09 15:47:20.882 - [robot_8_log_20260709_154651.csv] - INFO - Recibido mensaje agent/8/wheel en el topic {"Wleft":-1.469935285e-14,"Wright":6.902811656e-15}
2026-07-09 15:47:20.892 - [robot_8_log_20260709_154651.csv] - CRITICAL - Despachado a ZMQ -> agent/8/move: {'v': 0.0, 'w': 0.0}
2026-07-09 15:47:20.927 - [robot_8_log_20260709_154651.csv] - WARNING - Esperando posición inicial... Aún no se han recibido datos de visión.
2026-07-09 15:47:20.948 - [robot_8_log_20260709_154651.csv] - CRITICAL - Despachado a ZMQ -> agent/8/move: {'v': 0.0, 'w': 0.0}
2026-07-09 15:47:20.977 - [robot_8_log_20260709_154651.csv] - WARNING - Esperando posición inicial... Aún no se han recibido datos de visión.
2026-07-09 15:47:20.997 - [robot_8_log_20260709_154651.csv] - CRITICAL - Despachado a ZMQ -> agent/8/move: {'v': 0.0, 'w': 0.0}
2026-07-09 15:47:21.027 - [robot_8_log_20260709_154651.csv] - WARNING - Esperando posición inicial... Aún no se han recibido datos de visión.
2026-07-09 15:47:21.048 - [robot_8_log_20260709_154651.csv] - CRITICAL - Despachado a ZMQ -> agent/8/move: {'v': 0.0, 'w': 0.0}
2026-07-09 15:47:21.077 - [robot_8_log_20260709_154651.csv] - WARNING - Esperando posición inicial... Aún no se han recibido datos de visión.
2026-07-09 15:47:21.098 - [robot_8_log_20260709_154651.csv] - CRITICAL - Despachado a ZMQ -> agent/8/move: {'v': 0.0, 'w': 0.0}
2026-07-09 15:47:21.127 - [robot_8_log_20260709_154651.csv] - WARNING - Esperando posición inicial... Aún no se han recibido datos de visión.
2026-07-09 15:47:21.148 - [robot_8_log_20260709_154651.csv] - CRITICAL - Despachado a ZMQ -> agent/8/move: {'v': 0.0, 'w': 0.0}
2026-07-09 15:47:21.177 - [robot_8_log_20260709_154651.csv] - WARNING - Esperando posición inicial... Aún no se han recibido datos de visión.
2026-07-09 15:47:21.198 - [robot_8_log_20260709_154651.csv] - CRITICAL - Despachado a ZMQ -> agent/8/move: {'v': 0.0, 'w': 0.0}
2026-07-09 15:47:21.227 - [robot_8_log_20260709_154651.csv] - WARNING - Esperando posición inicial... Aún no se han recibido datos de visión.
2026-07-09 15:47:21.237 - [robot_8_log_20260709_154651.csv] - CRITICAL - Despachado a ZMQ -> agent/8/move: {'v': 0.0, 'w': 0.0}
2026-07-09 15:47:21.277 - [robot_8_log_20260709_154651.csv] - WARNING - Esperando posición inicial... Aún no se han recibido datos de visión.
2026-07-09 15:47:21.297 - [robot_8_log_20260709_154651.csv] - CRITICAL - Despachado a ZMQ -> agent/8/move: {'v': 0.0, 'w': 0.0}
2026-07-09 15:47:21.327 - [robot_8_log_20260709_154651.csv] - WARNING - Esperando posición inicial... Aún no se han recibido datos de visión.
2026-07-09 15:47:21.347 - [robot_8_log_20260709_154651.csv] - CRITICAL - Despachado a ZMQ -> agent/8/move: {'v': 0.0, 'w': 0.0}
2026-07-09 15:47:21.377 - [robot_8_log_20260709_154651.csv] - WARNING - Esperando posición inicial... Aún no se han recibido datos de visión.
2026-07-09 15:47:21.382 - [robot_8_log_20260709_154651.csv] - INFO - Recibido mensaje agent/8/wheel en el topic {"Wleft":-1.469935285e-14,"Wright":6.902811656e-15}
2026-07-09 15:47:21.387 - [robot_8_log_20260709_154651.csv] - CRITICAL - Despachado a ZMQ -> agent/8/move: {'v': 0.0, 'w': 0.0}
2026-07-09 15:47:21.427 - [robot_8_log_20260709_154651.csv] - WARNING - Esperando posición inicial... Aún no se han recibido datos de visión.
2026-07-09 15:47:21.448 - [robot_8_log_20260709_154651.csv] - CRITICAL - Despachado a ZMQ -> agent/8/move: {'v': 0.0, 'w': 0.0}
2026-07-09 15:47:21.477 - [robot_8_log_20260709_154651.csv] - WARNING - Esperando posición inicial... Aún no se han recibido datos de visión.
2026-07-09 15:47:21.498 - [robot_8_log_20260709_154651.csv] - CRITICAL - Despachado a ZMQ -> agent/8/move: {'v': 0.0, 'w': 0.0}
2026-07-09 15:47:21.527 - [robot_8_log_20260709_154651.csv] - WARNING - Esperando posición inicial... Aún no se han recibido datos de visión.
2026-07-09 15:47:21.548 - [robot_8_log_20260709_154651.csv] - CRITICAL - Despachado a ZMQ -> agent/8/move: {'v': 0.0, 'w': 0.0}
2026-07-09 15:47:21.577 - [robot_8_log_20260709_154651.csv] - WARNING - Esperando posición inicial... Aún no se han recibido datos de visión.
2026-07-09 15:47:21.599 - [robot_8_log_20260709_154651.csv] - CRITICAL - Despachado a ZMQ -> agent/8/move: {'v': 0.0, 'w': 0.0}
2026-07-09 15:47:21.627 - [robot_8_log_20260709_154651.csv] - WARNING - Esperando posición inicial... Aún no se han recibido datos de visión.
2026-07-09 15:47:21.647 - [robot_8_log_20260709_154651.csv] - CRITICAL - Despachado a ZMQ -> agent/8/move: {'v': 0.0, 'w': 0.0}
2026-07-09 15:47:21.677 - [robot_8_log_20260709_154651.csv] - WARNING - Esperando posición inicial... Aún no se han recibido datos de visión.
2026-07-09 15:47:21.698 - [robot_8_log_20260709_154651.csv] - CRITICAL - Despachado a ZMQ -> agent/8/move: {'v': 0.0, 'w': 0.0}
2026-07-09 15:47:21.727 - [robot_8_log_20260709_154651.csv] - WARNING - Esperando posición inicial... Aún no se han recibido datos de visión.
2026-07-09 15:47:21.742 - [robot_8_log_20260709_154651.csv] - CRITICAL - Despachado a ZMQ -> agent/8/move: {'v': 0.0, 'w': 0.0}
2026-07-09 15:47:21.777 - [robot_8_log_20260709_154651.csv] - WARNING - Esperando posición inicial... Aún no se han recibido datos de visión.
2026-07-09 15:47:21.798 - [robot_8_log_20260709_154651.csv] - CRITICAL - Despachado a ZMQ -> agent/8/move: {'v': 0.0, 'w': 0.0}
2026-07-09 15:47:21.827 - [robot_8_log_20260709_154651.csv] - WARNING - Esperando posición inicial... Aún no se han recibido datos de visión.
2026-07-09 15:47:21.848 - [robot_8_log_20260709_154651.csv] - CRITICAL - Despachado a ZMQ -> agent/8/move: {'v': 0.0, 'w': 0.0}
2026-07-09 15:47:21.877 - [robot_8_log_20260709_154651.csv] - WARNING - Esperando posición inicial... Aún no se han recibido datos de visión.
2026-07-09 15:47:21.882 - [robot_8_log_20260709_154651.csv] - INFO - Recibido mensaje agent/8/wheel en el topic {"Wleft":-1.469935285e-14,"Wright":6.902811656e-15}
2026-07-09 15:47:21.899 - [robot_8_log_20260709_154651.csv] - CRITICAL - Despachado a ZMQ -> agent/8/move: {'v': 0.0, 'w': 0.0}
2026-07-09 15:47:21.927 - [robot_8_log_20260709_154651.csv] - WARNING - Esperando posición inicial... Aún no se han recibido datos de visión.
2026-07-09 15:47:21.947 - [robot_8_log_20260709_154651.csv] - CRITICAL - Despachado a ZMQ -> agent/8/move: {'v': 0.0, 'w': 0.0}
2026-07-09 15:47:21.977 - [robot_8_log_20260709_154651.csv] - WARNING - Esperando posición inicial... Aún no se han recibido datos de visión.
2026-07-09 15:47:21.998 - [robot_8_log_20260709_154651.csv] - CRITICAL - Despachado a ZMQ -> agent/8/move: {'v': 0.0, 'w': 0.0}
2026-07-09 15:47:22.027 - [robot_8_log_20260709_154651.csv] - WARNING - Esperando posición inicial... Aún no se han recibido datos de visión.
2026-07-09 15:47:22.049 - [robot_8_log_20260709_154651.csv] - CRITICAL - Despachado a ZMQ -> agent/8/move: {'v': 0.0, 'w': 0.0}
2026-07-09 15:47:22.077 - [robot_8_log_20260709_154651.csv] - WARNING - Esperando posición inicial... Aún no se han recibido datos de visión.
2026-07-09 15:47:22.098 - [robot_8_log_20260709_154651.csv] - CRITICAL - Despachado a ZMQ -> agent/8/move: {'v': 0.0, 'w': 0.0}
2026-07-09 15:47:22.127 - [robot_8_log_20260709_154651.csv] - WARNING - Esperando posición inicial... Aún no se han recibido datos de visión.
2026-07-09 15:47:22.148 - [robot_8_log_20260709_154651.csv] - CRITICAL - Despachado a ZMQ -> agent/8/move: {'v': 0.0, 'w': 0.0}
2026-07-09 15:47:22.177 - [robot_8_log_20260709_154651.csv] - WARNING - Esperando posición inicial... Aún no se han recibido datos de visión.
2026-07-09 15:47:22.198 - [robot_8_log_20260709_154651.csv] - CRITICAL - Despachado a ZMQ -> agent/8/move: {'v': 0.0, 'w': 0.0}
2026-07-09 15:47:22.227 - [robot_8_log_20260709_154651.csv] - WARNING - Esperando posición inicial... Aún no se han recibido datos de visión.
2026-07-09 15:47:22.248 - [robot_8_log_20260709_154651.csv] - CRITICAL - Despachado a ZMQ -> agent/8/move: {'v': 0.0, 'w': 0.0}
2026-07-09 15:47:22.277 - [robot_8_log_20260709_154651.csv] - WARNING - Esperando posición inicial... Aún no se han recibido datos de visión.
2026-07-09 15:47:22.297 - [robot_8_log_20260709_154651.csv] - CRITICAL - Despachado a ZMQ -> agent/8/move: {'v': 0.0, 'w': 0.0}
2026-07-09 15:47:22.327 - [robot_8_log_20260709_154651.csv] - WARNING - Esperando posición inicial... Aún no se han recibido datos de visión.
2026-07-09 15:47:22.348 - [robot_8_log_20260709_154651.csv] - CRITICAL - Despachado a ZMQ -> agent/8/move: {'v': 0.0, 'w': 0.0}
2026-07-09 15:47:22.377 - [robot_8_log_20260709_154651.csv] - WARNING - Esperando posición inicial... Aún no se han recibido datos de visión.
2026-07-09 15:47:22.388 - [robot_8_log_20260709_154651.csv] - INFO - Recibido mensaje agent/8/wheel en el topic {"Wleft":-1.469935285e-14,"Wright":6.902811656e-15}
2026-07-09 15:47:22.403 - [robot_8_log_20260709_154651.csv] - CRITICAL - Despachado a ZMQ -> agent/8/move: {'v': 0.0, 'w': 0.0}
2026-07-09 15:47:22.427 - [robot_8_log_20260709_154651.csv] - WARNING - Esperando posición inicial... Aún no se han recibido datos de visión.
2026-07-09 15:47:22.447 - [robot_8_log_20260709_154651.csv] - CRITICAL - Despachado a ZMQ -> agent/8/move: {'v': 0.0, 'w': 0.0}
2026-07-09 15:47:22.477 - [robot_8_log_20260709_154651.csv] - WARNING - Esperando posición inicial... Aún no se han recibido datos de visión.
2026-07-09 15:47:22.498 - [robot_8_log_20260709_154651.csv] - CRITICAL - Despachado a ZMQ -> agent/8/move: {'v': 0.0, 'w': 0.0}
2026-07-09 15:47:22.527 - [robot_8_log_20260709_154651.csv] - WARNING - Esperando posición inicial... Aún no se han recibido datos de visión.
2026-07-09 15:47:22.547 - [robot_8_log_20260709_154651.csv] - CRITICAL - Despachado a ZMQ -> agent/8/move: {'v': 0.0, 'w': 0.0}
2026-07-09 15:47:22.577 - [robot_8_log_20260709_154651.csv] - WARNING - Esperando posición inicial... Aún no se han recibido datos de visión.
2026-07-09 15:47:22.598 - [robot_8_log_20260709_154651.csv] - CRITICAL - Despachado a ZMQ -> agent/8/move: {'v': 0.0, 'w': 0.0}
2026-07-09 15:47:22.627 - [robot_8_log_20260709_154651.csv] - WARNING - Esperando posición inicial... Aún no se han recibido datos de visión.
2026-07-09 15:47:22.648 - [robot_8_log_20260709_154651.csv] - CRITICAL - Despachado a ZMQ -> agent/8/move: {'v': 0.0, 'w': 0.0}
2026-07-09 15:47:22.677 - [robot_8_log_20260709_154651.csv] - WARNING - Esperando posición inicial... Aún no se han recibido datos de visión.
2026-07-09 15:47:22.697 - [robot_8_log_20260709_154651.csv] - CRITICAL - Despachado a ZMQ -> agent/8/move: {'v': 0.0, 'w': 0.0}
2026-07-09 15:47:22.727 - [robot_8_log_20260709_154651.csv] - WARNING - Esperando posición inicial... Aún no se han recibido datos de visión.
2026-07-09 15:47:22.748 - [robot_8_log_20260709_154651.csv] - CRITICAL - Despachado a ZMQ -> agent/8/move: {'v': 0.0, 'w': 0.0}
2026-07-09 15:47:22.777 - [robot_8_log_20260709_154651.csv] - WARNING - Esperando posición inicial... Aún no se han recibido datos de visión.
2026-07-09 15:47:22.788 - [robot_8_log_20260709_154651.csv] - CRITICAL - Despachado a ZMQ -> agent/8/move: {'v': 0.0, 'w': 0.0}
2026-07-09 15:47:22.827 - [robot_8_log_20260709_154651.csv] - WARNING - Esperando posición inicial... Aún no se han recibido datos de visión.
2026-07-09 15:47:22.848 - [robot_8_log_20260709_154651.csv] - CRITICAL - Despachado a ZMQ -> agent/8/move: {'v': 0.0, 'w': 0.0}
2026-07-09 15:47:22.877 - [robot_8_log_20260709_154651.csv] - WARNING - Esperando posición inicial... Aún no se han recibido datos de visión.
2026-07-09 15:47:22.882 - [robot_8_log_20260709_154651.csv] - INFO - Recibido mensaje agent/8/wheel en el topic {"Wleft":-1.469935285e-14,"Wright":6.902811656e-15}
2026-07-09 15:47:22.892 - [robot_8_log_20260709_154651.csv] - INFO - Recibido mensaje {"v": 0.0, "w": -3.0} en el topic agent/7/move
2026-07-09 15:47:22.908 - [robot_8_log_20260709_154651.csv] - CRITICAL - Despachado a ZMQ -> agent/8/move: {'v': 0.0, 'w': 0.0}
2026-07-09 15:47:22.924 - [robot_8_log_20260709_154651.csv] - DEBUG - procesando ['agent', '7', 'move']
2026-07-09 15:47:22.927 - [robot_8_log_20260709_154651.csv] - WARNING - Esperando posición inicial... Aún no se han recibido datos de visión.
2026-07-09 15:47:22.927 - [robot_8_log_20260709_154651.csv] - WARNING - Mensaje recibido en topic desconocido: agent/7/move
2026-07-09 15:47:22.937 - [robot_8_log_20260709_154651.csv] - CRITICAL - Despachado a ZMQ -> agent/8/move: {'v': 0.0, 'w': 0.0}
2026-07-09 15:47:22.977 - [robot_8_log_20260709_154651.csv] - WARNING - Esperando posición inicial... Aún no se han recibido datos de visión.
2026-07-09 15:47:22.998 - [robot_8_log_20260709_154651.csv] - CRITICAL - Despachado a ZMQ -> agent/8/move: {'v': 0.0, 'w': 0.0}
2026-07-09 15:47:23.027 - [robot_8_log_20260709_154651.csv] - WARNING - Esperando posición inicial... Aún no se han recibido datos de visión.
2026-07-09 15:47:23.047 - [robot_8_log_20260709_154651.csv] - CRITICAL - Despachado a ZMQ -> agent/8/move: {'v': 0.0, 'w': 0.0}
2026-07-09 15:47:23.077 - [robot_8_log_20260709_154651.csv] - WARNING - Esperando posición inicial... Aún no se han recibido datos de visión.
2026-07-09 15:47:23.098 - [robot_8_log_20260709_154651.csv] - CRITICAL - Despachado a ZMQ -> agent/8/move: {'v': 0.0, 'w': 0.0}
2026-07-09 15:47:23.127 - [robot_8_log_20260709_154651.csv] - WARNING - Esperando posición inicial... Aún no se han recibido datos de visión.
2026-07-09 15:47:23.147 - [robot_8_log_20260709_154651.csv] - CRITICAL - Despachado a ZMQ -> agent/8/move: {'v': 0.0, 'w': 0.0}
2026-07-09 15:47:23.177 - [robot_8_log_20260709_154651.csv] - WARNING - Esperando posición inicial... Aún no se han recibido datos de visión.
2026-07-09 15:47:23.198 - [robot_8_log_20260709_154651.csv] - CRITICAL - Despachado a ZMQ -> agent/8/move: {'v': 0.0, 'w': 0.0}
2026-07-09 15:47:23.227 - [robot_8_log_20260709_154651.csv] - WARNING - Esperando posición inicial... Aún no se han recibido datos de visión.
2026-07-09 15:47:23.247 - [robot_8_log_20260709_154651.csv] - CRITICAL - Despachado a ZMQ -> agent/8/move: {'v': 0.0, 'w': 0.0}
2026-07-09 15:47:23.277 - [robot_8_log_20260709_154651.csv] - WARNING - Esperando posición inicial... Aún no se han recibido datos de visión.
2026-07-09 15:47:23.299 - [robot_8_log_20260709_154651.csv] - CRITICAL - Despachado a ZMQ -> agent/8/move: {'v': 0.0, 'w': 0.0}
2026-07-09 15:47:23.327 - [robot_8_log_20260709_154651.csv] - WARNING - Esperando posición inicial... Aún no se han recibido datos de visión.
2026-07-09 15:47:23.347 - [robot_8_log_20260709_154651.csv] - CRITICAL - Despachado a ZMQ -> agent/8/move: {'v': 0.0, 'w': 0.0}
2026-07-09 15:47:23.377 - [robot_8_log_20260709_154651.csv] - WARNING - Esperando posición inicial... Aún no se han recibido datos de visión.
2026-07-09 15:47:23.387 - [robot_8_log_20260709_154651.csv] - CRITICAL - Despachado a ZMQ -> agent/8/move: {'v': 0.0, 'w': 0.0}
2026-07-09 15:47:23.387 - [robot_8_log_20260709_154651.csv] - INFO - Recibido mensaje {"Wleft":-1.469935285e-14,"Wright":6.902811656e-15} en el topic agent/8/wheel
2026-07-09 15:47:23.400 - [robot_8_log_20260709_154651.csv] - DEBUG - procesando ['agent', '8', 'wheel']
2026-07-09 15:47:23.427 - [robot_8_log_20260709_154651.csv] - WARNING - Esperando posición inicial... Aún no se han recibido datos de visión.
2026-07-09 15:47:23.447 - [robot_8_log_20260709_154651.csv] - CRITICAL - Despachado a ZMQ -> agent/8/move: {'v': 0.0, 'w': 0.0}
2026-07-09 15:47:23.477 - [robot_8_log_20260709_154651.csv] - WARNING - Esperando posición inicial... Aún no se han recibido datos de visión.
2026-07-09 15:47:23.497 - [robot_8_log_20260709_154651.csv] - CRITICAL - Despachado a ZMQ -> agent/8/move: {'v': 0.0, 'w': 0.0}
2026-07-09 15:47:23.527 - [robot_8_log_20260709_154651.csv] - WARNING - Esperando posición inicial... Aún no se han recibido datos de visión.
2026-07-09 15:47:23.548 - [robot_8_log_20260709_154651.csv] - CRITICAL - Despachado a ZMQ -> agent/8/move: {'v': 0.0, 'w': 0.0}
2026-07-09 15:47:23.577 - [robot_8_log_20260709_154651.csv] - WARNING - Esperando posición inicial... Aún no se han recibido datos de visión.
2026-07-09 15:47:23.598 - [robot_8_log_20260709_154651.csv] - CRITICAL - Despachado a ZMQ -> agent/8/move: {'v': 0.0, 'w': 0.0}
2026-07-09 15:47:23.627 - [robot_8_log_20260709_154651.csv] - WARNING - Esperando posición inicial... Aún no se han recibido datos de visión.
2026-07-09 15:47:23.648 - [robot_8_log_20260709_154651.csv] - CRITICAL - Despachado a ZMQ -> agent/8/move: {'v': 0.0, 'w': 0.0}
2026-07-09 15:47:23.677 - [robot_8_log_20260709_154651.csv] - WARNING - Esperando posición inicial... Aún no se han recibido datos de visión.
2026-07-09 15:47:23.698 - [robot_8_log_20260709_154651.csv] - CRITICAL - Despachado a ZMQ -> agent/8/move: {'v': 0.0, 'w': 0.0}
2026-07-09 15:47:23.727 - [robot_8_log_20260709_154651.csv] - WARNING - Esperando posición inicial... Aún no se han recibido datos de visión.
2026-07-09 15:47:23.748 - [robot_8_log_20260709_154651.csv] - CRITICAL - Despachado a ZMQ -> agent/8/move: {'v': 0.0, 'w': 0.0}
2026-07-09 15:47:23.777 - [robot_8_log_20260709_154651.csv] - WARNING - Esperando posición inicial... Aún no se han recibido datos de visión.
2026-07-09 15:47:23.798 - [robot_8_log_20260709_154651.csv] - CRITICAL - Despachado a ZMQ -> agent/8/move: {'v': 0.0, 'w': 0.0}
2026-07-09 15:47:23.827 - [robot_8_log_20260709_154651.csv] - WARNING - Esperando posición inicial... Aún no se han recibido datos de visión.
2026-07-09 15:47:23.848 - [robot_8_log_20260709_154651.csv] - CRITICAL - Despachado a ZMQ -> agent/8/move: {'v': 0.0, 'w': 0.0}
2026-07-09 15:47:23.877 - [robot_8_log_20260709_154651.csv] - WARNING - Esperando posición inicial... Aún no se han recibido datos de visión.
2026-07-09 15:47:23.888 - [robot_8_log_20260709_154651.csv] - INFO - Recibido mensaje {"Wleft":-1.469935285e-14,"Wright":6.902811656e-15} en el topic agent/8/wheel
2026-07-09 15:47:23.903 - [robot_8_log_20260709_154651.csv] - CRITICAL - Despachado a ZMQ -> agent/8/move: {'v': 0.0, 'w': 0.0}
2026-07-09 15:47:23.919 - [robot_8_log_20260709_154651.csv] - DEBUG - procesando ['agent', '8', 'wheel']
2026-07-09 15:47:23.927 - [robot_8_log_20260709_154651.csv] - WARNING - Esperando posición inicial... Aún no se han recibido datos de visión.
2026-07-09 15:47:23.948 - [robot_8_log_20260709_154651.csv] - CRITICAL - Despachado a ZMQ -> agent/8/move: {'v': 0.0, 'w': 0.0}
2026-07-09 15:47:23.977 - [robot_8_log_20260709_154651.csv] - WARNING - Esperando posición inicial... Aún no se han recibido datos de visión.
2026-07-09 15:47:23.998 - [robot_8_log_20260709_154651.csv] - CRITICAL - Despachado a ZMQ -> agent/8/move: {'v': 0.0, 'w': 0.0}
2026-07-09 15:47:24.027 - [robot_8_log_20260709_154651.csv] - WARNING - Esperando posición inicial... Aún no se han recibido datos de visión.
2026-07-09 15:47:24.047 - [robot_8_log_20260709_154651.csv] - CRITICAL - Despachado a ZMQ -> agent/8/move: {'v': 0.0, 'w': 0.0}
2026-07-09 15:47:24.077 - [robot_8_log_20260709_154651.csv] - WARNING - Esperando posición inicial... Aún no se han recibido datos de visión.
2026-07-09 15:47:24.092 - [robot_8_log_20260709_154651.csv] - CRITICAL - Despachado a ZMQ -> agent/8/move: {'v': 0.0, 'w': 0.0}
2026-07-09 15:47:24.127 - [robot_8_log_20260709_154651.csv] - WARNING - Esperando posición inicial... Aún no se han recibido datos de visión.
2026-07-09 15:47:24.132 - [robot_8_log_20260709_154651.csv] - CRITICAL - Despachado a ZMQ -> agent/8/move: {'v': 0.0, 'w': 0.0}
2026-07-09 15:47:24.177 - [robot_8_log_20260709_154651.csv] - WARNING - Esperando posición inicial... Aún no se han recibido datos de visión.
2026-07-09 15:47:24.198 - [robot_8_log_20260709_154651.csv] - CRITICAL - Despachado a ZMQ -> agent/8/move: {'v': 0.0, 'w': 0.0}
2026-07-09 15:47:24.227 - [robot_8_log_20260709_154651.csv] - WARNING - Esperando posición inicial... Aún no se han recibido datos de visión.
2026-07-09 15:47:24.248 - [robot_8_log_20260709_154651.csv] - CRITICAL - Despachado a ZMQ -> agent/8/move: {'v': 0.0, 'w': 0.0}
2026-07-09 15:47:24.277 - [robot_8_log_20260709_154651.csv] - WARNING - Esperando posición inicial... Aún no se han recibido datos de visión.
2026-07-09 15:47:24.297 - [robot_8_log_20260709_154651.csv] - CRITICAL - Despachado a ZMQ -> agent/8/move: {'v': 0.0, 'w': 0.0}
2026-07-09 15:47:24.327 - [robot_8_log_20260709_154651.csv] - WARNING - Esperando posición inicial... Aún no se han recibido datos de visión.
2026-07-09 15:47:24.348 - [robot_8_log_20260709_154651.csv] - CRITICAL - Despachado a ZMQ -> agent/8/move: {'v': 0.0, 'w': 0.0}
2026-07-09 15:47:24.377 - [robot_8_log_20260709_154651.csv] - WARNING - Esperando posición inicial... Aún no se han recibido datos de visión.
2026-07-09 15:47:24.387 - [robot_8_log_20260709_154651.csv] - INFO - Recibido mensaje {"Wleft":-1.469935285e-14,"Wright":6.902811656e-15} en el topic agent/8/wheel
2026-07-09 15:47:24.393 - [robot_8_log_20260709_154651.csv] - CRITICAL - Despachado a ZMQ -> agent/8/move: {'v': 0.0, 'w': 0.0}
2026-07-09 15:47:24.399 - [robot_8_log_20260709_154651.csv] - DEBUG - procesando ['agent', '8', 'wheel']
2026-07-09 15:47:24.427 - [robot_8_log_20260709_154651.csv] - WARNING - Esperando posición inicial... Aún no se han recibido datos de visión.
2026-07-09 15:47:24.442 - [robot_8_log_20260709_154651.csv] - CRITICAL - Despachado a ZMQ -> agent/8/move: {'v': 0.0, 'w': 0.0}
2026-07-09 15:47:24.477 - [robot_8_log_20260709_154651.csv] - WARNING - Esperando posición inicial... Aún no se han recibido datos de visión.
2026-07-09 15:47:24.497 - [robot_8_log_20260709_154651.csv] - CRITICAL - Despachado a ZMQ -> agent/8/move: {'v': 0.0, 'w': 0.0}
2026-07-09 15:47:24.527 - [robot_8_log_20260709_154651.csv] - WARNING - Esperando posición inicial... Aún no se han recibido datos de visión.
2026-07-09 15:47:24.548 - [robot_8_log_20260709_154651.csv] - CRITICAL - Despachado a ZMQ -> agent/8/move: {'v': 0.0, 'w': 0.0}
2026-07-09 15:47:24.577 - [robot_8_log_20260709_154651.csv] - WARNING - Esperando posición inicial... Aún no se han recibido datos de visión.
2026-07-09 15:47:24.598 - [robot_8_log_20260709_154651.csv] - CRITICAL - Despachado a ZMQ -> agent/8/move: {'v': 0.0, 'w': 0.0}
2026-07-09 15:47:24.627 - [robot_8_log_20260709_154651.csv] - WARNING - Esperando posición inicial... Aún no se han recibido datos de visión.
2026-07-09 15:47:24.647 - [robot_8_log_20260709_154651.csv] - CRITICAL - Despachado a ZMQ -> agent/8/move: {'v': 0.0, 'w': 0.0}
2026-07-09 15:47:24.677 - [robot_8_log_20260709_154651.csv] - WARNING - Esperando posición inicial... Aún no se han recibido datos de visión.
2026-07-09 15:47:24.698 - [robot_8_log_20260709_154651.csv] - CRITICAL - Despachado a ZMQ -> agent/8/move: {'v': 0.0, 'w': 0.0}
2026-07-09 15:47:24.727 - [robot_8_log_20260709_154651.csv] - WARNING - Esperando posición inicial... Aún no se han recibido datos de visión.
2026-07-09 15:47:24.747 - [robot_8_log_20260709_154651.csv] - CRITICAL - Despachado a ZMQ -> agent/8/move: {'v': 0.0, 'w': 0.0}
2026-07-09 15:47:24.777 - [robot_8_log_20260709_154651.csv] - WARNING - Esperando posición inicial... Aún no se han recibido datos de visión.
2026-07-09 15:47:24.798 - [robot_8_log_20260709_154651.csv] - CRITICAL - Despachado a ZMQ -> agent/8/move: {'v': 0.0, 'w': 0.0}
2026-07-09 15:47:24.827 - [robot_8_log_20260709_154651.csv] - WARNING - Esperando posición inicial... Aún no se han recibido datos de visión.
2026-07-09 15:47:24.838 - [robot_8_log_20260709_154651.csv] - CRITICAL - Despachado a ZMQ -> agent/8/move: {'v': 0.0, 'w': 0.0}
2026-07-09 15:47:24.877 - [robot_8_log_20260709_154651.csv] - WARNING - Esperando posición inicial... Aún no se han recibido datos de visión.
2026-07-09 15:47:24.892 - [robot_8_log_20260709_154651.csv] - CRITICAL - Despachado a ZMQ -> agent/8/move: {'v': 0.0, 'w': 0.0}
2026-07-09 15:47:24.908 - [robot_8_log_20260709_154651.csv] - INFO - Recibido mensaje {"Wleft":-1.469935285e-14,"Wright":6.902811656e-15} en el topic agent/8/wheel
2026-07-09 15:47:24.927 - [robot_8_log_20260709_154651.csv] - WARNING - Esperando posición inicial... Aún no se han recibido datos de visión.
2026-07-09 15:47:24.927 - [robot_8_log_20260709_154651.csv] - DEBUG - procesando ['agent', '8', 'wheel']
2026-07-09 15:47:24.942 - [robot_8_log_20260709_154651.csv] - CRITICAL - Despachado a ZMQ -> agent/8/move: {'v': 0.0, 'w': 0.0}
2026-07-09 15:47:24.977 - [robot_8_log_20260709_154651.csv] - WARNING - Esperando posición inicial... Aún no se han recibido datos de visión.
2026-07-09 15:47:24.998 - [robot_8_log_20260709_154651.csv] - CRITICAL - Despachado a ZMQ -> agent/8/move: {'v': 0.0, 'w': 0.0}
2026-07-09 15:47:25.027 - [robot_8_log_20260709_154651.csv] - WARNING - Esperando posición inicial... Aún no se han recibido datos de visión.
2026-07-09 15:47:25.047 - [robot_8_log_20260709_154651.csv] - CRITICAL - Despachado a ZMQ -> agent/8/move: {'v': 0.0, 'w': 0.0}
2026-07-09 15:47:25.077 - [robot_8_log_20260709_154651.csv] - WARNING - Esperando posición inicial... Aún no se han recibido datos de visión.
2026-07-09 15:47:25.098 - [robot_8_log_20260709_154651.csv] - CRITICAL - Despachado a ZMQ -> agent/8/move: {'v': 0.0, 'w': 0.0}
2026-07-09 15:47:25.127 - [robot_8_log_20260709_154651.csv] - WARNING - Esperando posición inicial... Aún no se han recibido datos de visión.
2026-07-09 15:47:25.147 - [robot_8_log_20260709_154651.csv] - CRITICAL - Despachado a ZMQ -> agent/8/move: {'v': 0.0, 'w': 0.0}
2026-07-09 15:47:25.177 - [robot_8_log_20260709_154651.csv] - WARNING - Esperando posición inicial... Aún no se han recibido datos de visión.
2026-07-09 15:47:25.198 - [robot_8_log_20260709_154651.csv] - CRITICAL - Despachado a ZMQ -> agent/8/move: {'v': 0.0, 'w': 0.0}
2026-07-09 15:47:25.227 - [robot_8_log_20260709_154651.csv] - WARNING - Esperando posición inicial... Aún no se han recibido datos de visión.
2026-07-09 15:47:25.243 - [robot_8_log_20260709_154651.csv] - CRITICAL - Despachado a ZMQ -> agent/8/move: {'v': 0.0, 'w': 0.0}
2026-07-09 15:47:25.277 - [robot_8_log_20260709_154651.csv] - WARNING - Esperando posición inicial... Aún no se han recibido datos de visión.
2026-07-09 15:47:25.293 - [robot_8_log_20260709_154651.csv] - CRITICAL - Despachado a ZMQ -> agent/8/move: {'v': 0.0, 'w': 0.0}
2026-07-09 15:47:25.327 - [robot_8_log_20260709_154651.csv] - WARNING - Esperando posición inicial... Aún no se han recibido datos de visión.
2026-07-09 15:47:25.343 - [robot_8_log_20260709_154651.csv] - CRITICAL - Despachado a ZMQ -> agent/8/move: {'v': 0.0, 'w': 0.0}
2026-07-09 15:47:25.377 - [robot_8_log_20260709_154651.csv] - WARNING - Esperando posición inicial... Aún no se han recibido datos de visión.
2026-07-09 15:47:25.393 - [robot_8_log_20260709_154651.csv] - CRITICAL - Despachado a ZMQ -> agent/8/move: {'v': 0.0, 'w': 0.0}
2026-07-09 15:47:25.393 - [robot_8_log_20260709_154651.csv] - INFO - Recibido mensaje {"Wleft":-1.469935285e-14,"Wright":6.902811656e-15} en el topic agent/8/wheel
2026-07-09 15:47:25.399 - [robot_8_log_20260709_154651.csv] - DEBUG - procesando ['agent', '8', 'wheel']
2026-07-09 15:47:25.427 - [robot_8_log_20260709_154651.csv] - WARNING - Esperando posición inicial... Aún no se han recibido datos de visión.
2026-07-09 15:47:25.438 - [robot_8_log_20260709_154651.csv] - CRITICAL - Despachado a ZMQ -> agent/8/move: {'v': 0.0, 'w': 0.0}
2026-07-09 15:47:25.477 - [robot_8_log_20260709_154651.csv] - WARNING - Esperando posición inicial... Aún no se han recibido datos de visión.
2026-07-09 15:47:25.498 - [robot_8_log_20260709_154651.csv] - CRITICAL - Despachado a ZMQ -> agent/8/move: {'v': 0.0, 'w': 0.0}
2026-07-09 15:47:25.527 - [robot_8_log_20260709_154651.csv] - WARNING - Esperando posición inicial... Aún no se han recibido datos de visión.
2026-07-09 15:47:25.543 - [robot_8_log_20260709_154651.csv] - CRITICAL - Despachado a ZMQ -> agent/8/move: {'v': 0.0, 'w': 0.0}
2026-07-09 15:47:25.577 - [robot_8_log_20260709_154651.csv] - WARNING - Esperando posición inicial... Aún no se han recibido datos de visión.
2026-07-09 15:47:25.598 - [robot_8_log_20260709_154651.csv] - CRITICAL - Despachado a ZMQ -> agent/8/move: {'v': 0.0, 'w': 0.0}
2026-07-09 15:47:25.627 - [robot_8_log_20260709_154651.csv] - WARNING - Esperando posición inicial... Aún no se han recibido datos de visión.
2026-07-09 15:47:25.648 - [robot_8_log_20260709_154651.csv] - CRITICAL - Despachado a ZMQ -> agent/8/move: {'v': 0.0, 'w': 0.0}
2026-07-09 15:47:25.677 - [robot_8_log_20260709_154651.csv] - WARNING - Esperando posición inicial... Aún no se han recibido datos de visión.
2026-07-09 15:47:25.693 - [robot_8_log_20260709_154651.csv] - CRITICAL - Despachado a ZMQ -> agent/8/move: {'v': 0.0, 'w': 0.0}
2026-07-09 15:47:25.727 - [robot_8_log_20260709_154651.csv] - WARNING - Esperando posición inicial... Aún no se han recibido datos de visión.
2026-07-09 15:47:25.738 - [robot_8_log_20260709_154651.csv] - CRITICAL - Despachado a ZMQ -> agent/8/move: {'v': 0.0, 'w': 0.0}
2026-07-09 15:47:25.777 - [robot_8_log_20260709_154651.csv] - WARNING - Esperando posición inicial... Aún no se han recibido datos de visión.
2026-07-09 15:47:25.798 - [robot_8_log_20260709_154651.csv] - CRITICAL - Despachado a ZMQ -> agent/8/move: {'v': 0.0, 'w': 0.0}
2026-07-09 15:47:25.827 - [robot_8_log_20260709_154651.csv] - WARNING - Esperando posición inicial... Aún no se han recibido datos de visión.
2026-07-09 15:47:25.848 - [robot_8_log_20260709_154651.csv] - CRITICAL - Despachado a ZMQ -> agent/8/move: {'v': 0.0, 'w': 0.0}
2026-07-09 15:47:25.877 - [robot_8_log_20260709_154651.csv] - WARNING - Esperando posición inicial... Aún no se han recibido datos de visión.
2026-07-09 15:47:25.882 - [robot_8_log_20260709_154651.csv] - CRITICAL - Despachado a ZMQ -> agent/8/move: {'v': 0.0, 'w': 0.0}
2026-07-09 15:47:25.927 - [robot_8_log_20260709_154651.csv] - WARNING - Esperando posición inicial... Aún no se han recibido datos de visión.
2026-07-09 15:47:25.927 - [robot_8_log_20260709_154651.csv] - INFO - Recibido mensaje {"Wleft":-1.469935285e-14,"Wright":6.902811656e-15} en el topic agent/8/wheel
2026-07-09 15:47:25.937 - [robot_8_log_20260709_154651.csv] - CRITICAL - Despachado a ZMQ -> agent/8/move: {'v': 0.0, 'w': 0.0}
2026-07-09 15:47:25.954 - [robot_8_log_20260709_154651.csv] - DEBUG - procesando ['agent', '8', 'wheel']
2026-07-09 15:47:25.977 - [robot_8_log_20260709_154651.csv] - WARNING - Esperando posición inicial... Aún no se han recibido datos de visión.
2026-07-09 15:47:25.998 - [robot_8_log_20260709_154651.csv] - CRITICAL - Despachado a ZMQ -> agent/8/move: {'v': 0.0, 'w': 0.0}
2026-07-09 15:47:26.027 - [robot_8_log_20260709_154651.csv] - WARNING - Esperando posición inicial... Aún no se han recibido datos de visión.
2026-07-09 15:47:26.048 - [robot_8_log_20260709_154651.csv] - CRITICAL - Despachado a ZMQ -> agent/8/move: {'v': 0.0, 'w': 0.0}
2026-07-09 15:47:26.077 - [robot_8_log_20260709_154651.csv] - WARNING - Esperando posición inicial... Aún no se han recibido datos de visión.
2026-07-09 15:47:26.097 - [robot_8_log_20260709_154651.csv] - CRITICAL - Despachado a ZMQ -> agent/8/move: {'v': 0.0, 'w': 0.0}
2026-07-09 15:47:26.127 - [robot_8_log_20260709_154651.csv] - WARNING - Esperando posición inicial... Aún no se han recibido datos de visión.
2026-07-09 15:47:26.137 - [robot_8_log_20260709_154651.csv] - CRITICAL - Despachado a ZMQ -> agent/8/move: {'v': 0.0, 'w': 0.0}
2026-07-09 15:47:26.177 - [robot_8_log_20260709_154651.csv] - WARNING - Esperando posición inicial... Aún no se han recibido datos de visión.
2026-07-09 15:47:26.198 - [robot_8_log_20260709_154651.csv] - CRITICAL - Despachado a ZMQ -> agent/8/move: {'v': 0.0, 'w': 0.0}
2026-07-09 15:47:26.227 - [robot_8_log_20260709_154651.csv] - WARNING - Esperando posición inicial... Aún no se han recibido datos de visión.
2026-07-09 15:47:26.232 - [robot_8_log_20260709_154651.csv] - CRITICAL - Despachado a ZMQ -> agent/8/move: {'v': 0.0, 'w': 0.0}
2026-07-09 15:47:26.277 - [robot_8_log_20260709_154651.csv] - WARNING - Esperando posición inicial... Aún no se han recibido datos de visión.
2026-07-09 15:47:26.298 - [robot_8_log_20260709_154651.csv] - CRITICAL - Despachado a ZMQ -> agent/8/move: {'v': 0.0, 'w': 0.0}
2026-07-09 15:47:26.327 - [robot_8_log_20260709_154651.csv] - WARNING - Esperando posición inicial... Aún no se han recibido datos de visión.
2026-07-09 15:47:26.337 - [robot_8_log_20260709_154651.csv] - CRITICAL - Despachado a ZMQ -> agent/8/move: {'v': 0.0, 'w': 0.0}
2026-07-09 15:47:26.377 - [robot_8_log_20260709_154651.csv] - WARNING - Esperando posición inicial... Aún no se han recibido datos de visión.
2026-07-09 15:47:26.392 - [robot_8_log_20260709_154651.csv] - CRITICAL - Despachado a ZMQ -> agent/8/move: {'v': 0.0, 'w': 0.0}
2026-07-09 15:47:26.427 - [robot_8_log_20260709_154651.csv] - WARNING - Esperando posición inicial... Aún no se han recibido datos de visión.
2026-07-09 15:47:26.432 - [robot_8_log_20260709_154651.csv] - INFO - Recibido mensaje {"Wleft":-1.469935285e-14,"Wright":6.902811656e-15} en el topic agent/8/wheel
2026-07-09 15:47:26.437 - [robot_8_log_20260709_154651.csv] - DEBUG - procesando ['agent', '8', 'wheel']
2026-07-09 15:47:26.437 - [robot_8_log_20260709_154651.csv] - CRITICAL - Despachado a ZMQ -> agent/8/move: {'v': 0.0, 'w': 0.0}
2026-07-09 15:47:26.477 - [robot_8_log_20260709_154651.csv] - WARNING - Esperando posición inicial... Aún no se han recibido datos de visión.
2026-07-09 15:47:26.488 - [robot_8_log_20260709_154651.csv] - CRITICAL - Despachado a ZMQ -> agent/8/move: {'v': 0.0, 'w': 0.0}
2026-07-09 15:47:26.527 - [robot_8_log_20260709_154651.csv] - WARNING - Esperando posición inicial... Aún no se han recibido datos de visión.
2026-07-09 15:47:26.548 - [robot_8_log_20260709_154651.csv] - CRITICAL - Despachado a ZMQ -> agent/8/move: {'v': 0.0, 'w': 0.0}
2026-07-09 15:47:26.577 - [robot_8_log_20260709_154651.csv] - WARNING - Esperando posición inicial... Aún no se han recibido datos de visión.
2026-07-09 15:47:26.598 - [robot_8_log_20260709_154651.csv] - CRITICAL - Despachado a ZMQ -> agent/8/move: {'v': 0.0, 'w': 0.0}
2026-07-09 15:47:26.627 - [robot_8_log_20260709_154651.csv] - WARNING - Esperando posición inicial... Aún no se han recibido datos de visión.
2026-07-09 15:47:26.648 - [robot_8_log_20260709_154651.csv] - CRITICAL - Despachado a ZMQ -> agent/8/move: {'v': 0.0, 'w': 0.0}
2026-07-09 15:47:26.677 - [robot_8_log_20260709_154651.csv] - WARNING - Esperando posición inicial... Aún no se han recibido datos de visión.
2026-07-09 15:47:26.697 - [robot_8_log_20260709_154651.csv] - CRITICAL - Despachado a ZMQ -> agent/8/move: {'v': 0.0, 'w': 0.0}
2026-07-09 15:47:26.727 - [robot_8_log_20260709_154651.csv] - WARNING - Esperando posición inicial... Aún no se han recibido datos de visión.
2026-07-09 15:47:26.747 - [robot_8_log_20260709_154651.csv] - CRITICAL - Despachado a ZMQ -> agent/8/move: {'v': 0.0, 'w': 0.0}
2026-07-09 15:47:26.777 - [robot_8_log_20260709_154651.csv] - WARNING - Esperando posición inicial... Aún no se han recibido datos de visión.
2026-07-09 15:47:26.798 - [robot_8_log_20260709_154651.csv] - CRITICAL - Despachado a ZMQ -> agent/8/move: {'v': 0.0, 'w': 0.0}
2026-07-09 15:47:26.827 - [robot_8_log_20260709_154651.csv] - WARNING - Esperando posición inicial... Aún no se han recibido datos de visión.
2026-07-09 15:47:26.837 - [robot_8_log_20260709_154651.csv] - CRITICAL - Despachado a ZMQ -> agent/8/move: {'v': 0.0, 'w': 0.0}
2026-07-09 15:47:26.877 - [robot_8_log_20260709_154651.csv] - WARNING - Esperando posición inicial... Aún no se han recibido datos de visión.
2026-07-09 15:47:26.898 - [robot_8_log_20260709_154651.csv] - CRITICAL - Despachado a ZMQ -> agent/8/move: {'v': 0.0, 'w': 0.0}
2026-07-09 15:47:26.927 - [robot_8_log_20260709_154651.csv] - INFO - Recibido mensaje {"Wleft":-1.469935285e-14,"Wright":6.902811656e-15} en el topic agent/8/wheel
2026-07-09 15:47:26.927 - [robot_8_log_20260709_154651.csv] - WARNING - Esperando posición inicial... Aún no se han recibido datos de visión.
2026-07-09 15:47:26.933 - [robot_8_log_20260709_154651.csv] - DEBUG - procesando ['agent', '8', 'wheel']
2026-07-09 15:47:26.944 - [robot_8_log_20260709_154651.csv] - CRITICAL - Despachado a ZMQ -> agent/8/move: {'v': 0.0, 'w': 0.0}
2026-07-09 15:47:26.977 - [robot_8_log_20260709_154651.csv] - WARNING - Esperando posición inicial... Aún no se han recibido datos de visión.
2026-07-09 15:47:26.997 - [robot_8_log_20260709_154651.csv] - CRITICAL - Despachado a ZMQ -> agent/8/move: {'v': 0.0, 'w': 0.0}
2026-07-09 15:47:27.027 - [robot_8_log_20260709_154651.csv] - WARNING - Esperando posición inicial... Aún no se han recibido datos de visión.
2026-07-09 15:47:27.032 - [robot_8_log_20260709_154651.csv] - CRITICAL - Despachado a ZMQ -> agent/8/move: {'v': 0.0, 'w': 0.0}
2026-07-09 15:47:27.077 - [robot_8_log_20260709_154651.csv] - WARNING - Esperando posición inicial... Aún no se han recibido datos de visión.
2026-07-09 15:47:27.097 - [robot_8_log_20260709_154651.csv] - CRITICAL - Despachado a ZMQ -> agent/8/move: {'v': 0.0, 'w': 0.0}
2026-07-09 15:47:27.127 - [robot_8_log_20260709_154651.csv] - WARNING - Esperando posición inicial... Aún no se han recibido datos de visión.
2026-07-09 15:47:27.147 - [robot_8_log_20260709_154651.csv] - CRITICAL - Despachado a ZMQ -> agent/8/move: {'v': 0.0, 'w': 0.0}
2026-07-09 15:47:27.177 - [robot_8_log_20260709_154651.csv] - WARNING - Esperando posición inicial... Aún no se han recibido datos de visión.
2026-07-09 15:47:27.198 - [robot_8_log_20260709_154651.csv] - CRITICAL - Despachado a ZMQ -> agent/8/move: {'v': 0.0, 'w': 0.0}
2026-07-09 15:47:27.227 - [robot_8_log_20260709_154651.csv] - WARNING - Esperando posición inicial... Aún no se han recibido datos de visión.
2026-07-09 15:47:27.247 - [robot_8_log_20260709_154651.csv] - CRITICAL - Despachado a ZMQ -> agent/8/move: {'v': 0.0, 'w': 0.0}
2026-07-09 15:47:27.277 - [robot_8_log_20260709_154651.csv] - WARNING - Esperando posición inicial... Aún no se han recibido datos de visión.
2026-07-09 15:47:27.297 - [robot_8_log_20260709_154651.csv] - CRITICAL - Despachado a ZMQ -> agent/8/move: {'v': 0.0, 'w': 0.0}
2026-07-09 15:47:27.327 - [robot_8_log_20260709_154651.csv] - WARNING - Esperando posición inicial... Aún no se han recibido datos de visión.
2026-07-09 15:47:27.347 - [robot_8_log_20260709_154651.csv] - CRITICAL - Despachado a ZMQ -> agent/8/move: {'v': 0.0, 'w': 0.0}
2026-07-09 15:47:27.377 - [robot_8_log_20260709_154651.csv] - WARNING - Esperando posición inicial... Aún no se han recibido datos de visión.
2026-07-09 15:47:27.387 - [robot_8_log_20260709_154651.csv] - CRITICAL - Despachado a ZMQ -> agent/8/move: {'v': 0.0, 'w': 0.0}
2026-07-09 15:47:27.427 - [robot_8_log_20260709_154651.csv] - WARNING - Esperando posición inicial... Aún no se han recibido datos de visión.
2026-07-09 15:47:27.432 - [robot_8_log_20260709_154651.csv] - CRITICAL - Despachado a ZMQ -> agent/8/move: {'v': 0.0, 'w': 0.0}
2026-07-09 15:47:27.438 - [robot_8_log_20260709_154651.csv] - INFO - Recibido mensaje {"Wleft":-1.469935285e-14,"Wright":6.902811656e-15} en el topic agent/8/wheel
2026-07-09 15:47:27.449 - [robot_8_log_20260709_154651.csv] - DEBUG - procesando ['agent', '8', 'wheel']
2026-07-09 15:47:27.477 - [robot_8_log_20260709_154651.csv] - WARNING - Esperando posición inicial... Aún no se han recibido datos de visión.
2026-07-09 15:47:27.498 - [robot_8_log_20260709_154651.csv] - CRITICAL - Despachado a ZMQ -> agent/8/move: {'v': 0.0, 'w': 0.0}
2026-07-09 15:47:27.527 - [robot_8_log_20260709_154651.csv] - WARNING - Esperando posición inicial... Aún no se han recibido datos de visión.
2026-07-09 15:47:27.548 - [robot_8_log_20260709_154651.csv] - CRITICAL - Despachado a ZMQ -> agent/8/move: {'v': 0.0, 'w': 0.0}
2026-07-09 15:47:27.577 - [robot_8_log_20260709_154651.csv] - WARNING - Esperando posición inicial... Aún no se han recibido datos de visión.
2026-07-09 15:47:27.587 - [robot_8_log_20260709_154651.csv] - CRITICAL - Despachado a ZMQ -> agent/8/move: {'v': 0.0, 'w': 0.0}
2026-07-09 15:47:27.627 - [robot_8_log_20260709_154651.csv] - WARNING - Esperando posición inicial... Aún no se han recibido datos de visión.
2026-07-09 15:47:27.648 - [robot_8_log_20260709_154651.csv] - CRITICAL - Despachado a ZMQ -> agent/8/move: {'v': 0.0, 'w': 0.0}
2026-07-09 15:47:27.677 - [robot_8_log_20260709_154651.csv] - WARNING - Esperando posición inicial... Aún no se han recibido datos de visión.
2026-07-09 15:47:27.698 - [robot_8_log_20260709_154651.csv] - CRITICAL - Despachado a ZMQ -> agent/8/move: {'v': 0.0, 'w': 0.0}
2026-07-09 15:47:27.727 - [robot_8_log_20260709_154651.csv] - WARNING - Esperando posición inicial... Aún no se han recibido datos de visión.
2026-07-09 15:47:27.748 - [robot_8_log_20260709_154651.csv] - CRITICAL - Despachado a ZMQ -> agent/8/move: {'v': 0.0, 'w': 0.0}
2026-07-09 15:47:27.777 - [robot_8_log_20260709_154651.csv] - WARNING - Esperando posición inicial... Aún no se han recibido datos de visión.
2026-07-09 15:47:27.798 - [robot_8_log_20260709_154651.csv] - CRITICAL - Despachado a ZMQ -> agent/8/move: {'v': 0.0, 'w': 0.0}
2026-07-09 15:47:27.827 - [robot_8_log_20260709_154651.csv] - WARNING - Esperando posición inicial... Aún no se han recibido datos de visión.
2026-07-09 15:47:27.844 - [robot_8_log_20260709_154651.csv] - CRITICAL - Despachado a ZMQ -> agent/8/move: {'v': 0.0, 'w': 0.0}
2026-07-09 15:47:27.877 - [robot_8_log_20260709_154651.csv] - WARNING - Esperando posición inicial... Aún no se han recibido datos de visión.
2026-07-09 15:47:27.898 - [robot_8_log_20260709_154651.csv] - CRITICAL - Despachado a ZMQ -> agent/8/move: {'v': 0.0, 'w': 0.0}
2026-07-09 15:47:27.927 - [robot_8_log_20260709_154651.csv] - WARNING - Esperando posición inicial... Aún no se han recibido datos de visión.
2026-07-09 15:47:27.942 - [robot_8_log_20260709_154651.csv] - INFO - Recibido mensaje {"Wleft":-1.469935285e-14,"Wright":6.902811656e-15} en el topic agent/8/wheel
2026-07-09 15:47:27.942 - [robot_8_log_20260709_154651.csv] - CRITICAL - Despachado a ZMQ -> agent/8/move: {'v': 0.0, 'w': 0.0}
2026-07-09 15:47:27.954 - [robot_8_log_20260709_154651.csv] - DEBUG - procesando ['agent', '8', 'wheel']
2026-07-09 15:47:27.977 - [robot_8_log_20260709_154651.csv] - WARNING - Esperando posición inicial... Aún no se han recibido datos de visión.
2026-07-09 15:47:27.987 - [robot_8_log_20260709_154651.csv] - CRITICAL - Despachado a ZMQ -> agent/8/move: {'v': 0.0, 'w': 0.0}
2026-07-09 15:47:28.027 - [robot_8_log_20260709_154651.csv] - WARNING - Esperando posición inicial... Aún no se han recibido datos de visión.
2026-07-09 15:47:28.047 - [robot_8_log_20260709_154651.csv] - CRITICAL - Despachado a ZMQ -> agent/8/move: {'v': 0.0, 'w': 0.0}
2026-07-09 15:47:28.077 - [robot_8_log_20260709_154651.csv] - WARNING - Esperando posición inicial... Aún no se han recibido datos de visión.
2026-07-09 15:47:28.098 - [robot_8_log_20260709_154651.csv] - CRITICAL - Despachado a ZMQ -> agent/8/move: {'v': 0.0, 'w': 0.0}
2026-07-09 15:47:28.127 - [robot_8_log_20260709_154651.csv] - WARNING - Esperando posición inicial... Aún no se han recibido datos de visión.
2026-07-09 15:47:28.148 - [robot_8_log_20260709_154651.csv] - CRITICAL - Despachado a ZMQ -> agent/8/move: {'v': 0.0, 'w': 0.0}
2026-07-09 15:47:28.177 - [robot_8_log_20260709_154651.csv] - WARNING - Esperando posición inicial... Aún no se han recibido datos de visión.
2026-07-09 15:47:28.188 - [robot_8_log_20260709_154651.csv] - CRITICAL - Despachado a ZMQ -> agent/8/move: {'v': 0.0, 'w': 0.0}
2026-07-09 15:47:28.227 - [robot_8_log_20260709_154651.csv] - WARNING - Esperando posición inicial... Aún no se han recibido datos de visión.
2026-07-09 15:47:28.247 - [robot_8_log_20260709_154651.csv] - CRITICAL - Despachado a ZMQ -> agent/8/move: {'v': 0.0, 'w': 0.0}
2026-07-09 15:47:28.277 - [robot_8_log_20260709_154651.csv] - WARNING - Esperando posición inicial... Aún no se han recibido datos de visión.
2026-07-09 15:47:28.299 - [robot_8_log_20260709_154651.csv] - CRITICAL - Despachado a ZMQ -> agent/8/move: {'v': 0.0, 'w': 0.0}
2026-07-09 15:47:28.327 - [robot_8_log_20260709_154651.csv] - WARNING - Esperando posición inicial... Aún no se han recibido datos de visión.
2026-07-09 15:47:28.347 - [robot_8_log_20260709_154651.csv] - CRITICAL - Despachado a ZMQ -> agent/8/move: {'v': 0.0, 'w': 0.0}
2026-07-09 15:47:28.377 - [robot_8_log_20260709_154651.csv] - WARNING - Esperando posición inicial... Aún no se han recibido datos de visión.
2026-07-09 15:47:28.398 - [robot_8_log_20260709_154651.csv] - CRITICAL - Despachado a ZMQ -> agent/8/move: {'v': 0.0, 'w': 0.0}
2026-07-09 15:47:28.427 - [robot_8_log_20260709_154651.csv] - WARNING - Esperando posición inicial... Aún no se han recibido datos de visión.
2026-07-09 15:47:28.432 - [robot_8_log_20260709_154651.csv] - INFO - Recibido mensaje {"Wleft":-1.469935285e-14,"Wright":6.902811656e-15} en el topic agent/8/wheel
2026-07-09 15:47:28.438 - [robot_8_log_20260709_154651.csv] - DEBUG - procesando ['agent', '8', 'wheel']
2026-07-09 15:47:28.443 - [robot_8_log_20260709_154651.csv] - CRITICAL - Despachado a ZMQ -> agent/8/move: {'v': 0.0, 'w': 0.0}
2026-07-09 15:47:28.477 - [robot_8_log_20260709_154651.csv] - WARNING - Esperando posición inicial... Aún no se han recibido datos de visión.
2026-07-09 15:47:28.498 - [robot_8_log_20260709_154651.csv] - CRITICAL - Despachado a ZMQ -> agent/8/move: {'v': 0.0, 'w': 0.0}
2026-07-09 15:47:28.527 - [robot_8_log_20260709_154651.csv] - WARNING - Esperando posición inicial... Aún no se han recibido datos de visión.
2026-07-09 15:47:28.577 - [robot_8_log_20260709_154651.csv] - WARNING - Esperando posición inicial... Aún no se han recibido datos de visión.
2026-07-09 15:47:28.627 - [robot_8_log_20260709_154651.csv] - WARNING - Esperando posición inicial... Aún no se han recibido datos de visión.
2026-07-09 15:47:28.677 - [robot_8_log_20260709_154651.csv] - WARNING - Esperando posición inicial... Aún no se han recibido datos de visión.
2026-07-09 15:47:28.727 - [robot_8_log_20260709_154651.csv] - WARNING - Esperando posición inicial... Aún no se han recibido datos de visión.
2026-07-09 15:47:28.777 - [robot_8_log_20260709_154651.csv] - WARNING - Esperando posición inicial... Aún no se han recibido datos de visión.
2026-07-09 15:47:28.827 - [robot_8_log_20260709_154651.csv] - WARNING - Esperando posición inicial... Aún no se han recibido datos de visión.
2026-07-09 15:47:28.877 - [robot_8_log_20260709_154651.csv] - WARNING - Esperando posición inicial... Aún no se han recibido datos de visión.
2026-07-09 15:47:28.927 - [robot_8_log_20260709_154651.csv] - WARNING - Esperando posición inicial... Aún no se han recibido datos de visión.
2026-07-09 15:47:28.932 - [robot_8_log_20260709_154651.csv] - INFO - Recibido mensaje {"Wleft":-1.469935285e-14,"Wright":6.902811656e-15} en el topic agent/8/wheel
2026-07-09 15:47:28.977 - [robot_8_log_20260709_154651.csv] - WARNING - Esperando posición inicial... Aún no se han recibido datos de visión.
2026-07-09 15:47:29.027 - [robot_8_log_20260709_154651.csv] - WARNING - Esperando posición inicial... Aún no se han recibido datos de visión.
2026-07-09 15:47:29.077 - [robot_8_log_20260709_154651.csv] - WARNING - Esperando posición inicial... Aún no se han recibido datos de visión.
2026-07-09 15:47:29.127 - [robot_8_log_20260709_154651.csv] - WARNING - Esperando posición inicial... Aún no se han recibido datos de visión.
